:020000040800F2
:2000000008100020311900084D1900085119000855190008591900085D1900080000000008
:20002000000000000000000000000000611900086519000800000000691900086D190008A0
:200040009B0C00089D0C00089F0C0008A10C0008A30C0008A50C0008A70C0008A90C0008F0
:20006000AB0C0008AD0C0008AF0C0008B10C0008B30C0008B50C0008B70C0008B90C000850
:20008000BB0C0008BD0C0008BF0C00087119000875190008791900087D190008C10C0008B8
:2000A000811900088519000889190008C30C0008C50C0008C70C0008C90C0008CB0C000807
:2000C000CD0C0008CF0C0008D10C0008D30C00088D190008D50C0008D70C0008D90C000821
:2000E000DB0C0008DD0C0008DF0C0008911900089519000899190008E10C0008E30C00081F
:200100009D190008E50C0008E70C0008A1190008E90C0008EB0C0008A5190008A9190008DF
:20012000ED0C0008EF0C0008F10C0008F30C0008AD190008B1190008B5190008B91900085F
:2001400000000000000000000000000000000000BD190008C1190008C5190008C91900080F
:20016000CD190008D1190008D5190008D9190008DD190008E1190008E519000810B50400E0
:20018000DFF8F005844208D10121042000F039FB0021042000F035FB32E0DFF8DC05844295
:2001A00008D10121082000F02CFB0021082000F028FB25E0DFF8C405844208D10121102013
:2001C00000F01FFB0021102000F01BFB18E0DFF8B005844208D10121202000F012FB00211B
:2001E000202000F00EFB0BE0DFF89805844207D10121402000F005FB0021402000F001FBEA
:2002000010BDF0B500270022002300240025002691F803C01CF00F0C674691F803C05FEADC
:20022000CC6C03D591F802C05CEA070791F800C05FEA0C6C3AD0D0F800C065465FF0000C6D
:200240006346082B31D25FF0010C1CFA03FC6446B1F800C014EA0C0C6246A24223D15FEA5C
:20026000830C64465FF00F0C1CFA04FC6646B54317FA04FC5CEA050591F803C0BCF1280F90
:2002800006D15FF0010C1CFA03FCC0F814C00AE091F803C0BCF1480F05D15FF0010C1CFA08
:2002A00003FCC0F810C05B1CCBE70560B1F800C0BCF1FF0F3FDDD0F804C065465FF0000C57
:2002C0006346082B36D25FF0010C13F1080E1CFA0EFC6446B1F800C014EA0C0C6246A242EF
:2002E00026D15FEA830C64465FF00F0C1CFA04FC6646B54317FA04FC5CEA050591F803C0B4
:20030000BCF1280F07D15FF0010C13F1080E1CFA0EFCC0F814C091F803C0BCF1480F07D1D7
:200320005FF0010C13F1080E1CFA0EFCC0F810C05B1CC6E74560F0BD89B20161704789B29A
:2003400041617047F0B4B0F1004F40F29A800023002420F000473E00F7093B0016F07F06C2
:2003600037093C0016F00F06052B06D02700FFB2BF0016FA07F73A0005E06708FFB2BF003D
:2003800016FA07F73A00002B08D0022B0ED009D3042B13D00ED3052B14D017E0DFF8E873FB
:2003A0003D0013E0DFF8E4733D000FE0DFF8E0733D000BE0DFF8DC733D0007E0DFF8D873F5
:2003C0003D0003E0DFF8D4733D00FFE7002C0BD1052B04D12F68BF08BF002F6049E02F6843
:2003E0003F093F012F6044E0012C0BD1052B04D12F6837F00C072F603BE02F6837F0F00784
:200400002F6036E0022C0BD1052B04D12F6837F030072F602DE02F6837F470672F6028E067
:20042000032C0BD1052B04D12F6837F0C0072F601FE02F6837F470472F601AE0042C04D192
:200440002F6837F470272F6013E0052C04D12F6837F470072F600CE0062C04D12F6837F042
:2004600070672F6005E0072C03D12F6827F070472F60C9B2012940F07B812F683A432A60C7
:2004800076E10200012A63D0022A53D0042A51D0082A4FD0102A7BD0302A00F08980402A74
:2004A00000F09680C02A00F0A380B2F5807F00F0AF80B2F5007F00F0BB80B2F5407F00F0CD
:2004C000C780B2F5006F00F0D380B2F5406F00F0DF80B2F5805F2DD0B2F5804F00F0E88086
:2004E000B2F5C04F00F0F480B2F5004F22D0B2F5803F1FD0B2F5003F1CD0B2F5802F19D094
:20050000B2F5002F16D0B2F5801F13D0B2F5001F00F01E81B2F1807F00F0EA80B2F1007F83
:2005200000F0F680B2F1806F00F00281B2F1004F1ED01DE19A4A12688243994B1A60C9B276
:20054000012904D1964A12680243954B1A600FE1934A1268934B1A40914B1A60C9B2012929
:2005600005D18F4A126852F001028D4B1A60FFE08B4A12688B4B1A40894B1A60C9B201296A
:2005800005D1874A126852F00042854B1A60EFE0834A126832F03002814B1A60C9B2012917
:2005A00005D17F4A126852F010027D4B1A60DFE07B4A126832F03002794B1A60C9B2012957
:2005C00005D1774A126852F03002754B1A60CFE0734A126832F0C002714B1A60C9B20129B7
:2005E00005D16F4A126852F040026D4B1A60BFE06B4A126832F0C002694B1A60C9B20129B7
:2006000005D1674A126852F0C002654B1A60AFE0634A126832F44072614B1A60C9B2012952
:2006200005D15F4A126852F480725D4B1A609FE05B4A126832F44072594B1A60C9B201292E
:2006400005D1574A126852F40072554B1A608FE0534A126832F44072514B1A60C9B20129BE
:2006600005D14F4A126852F440724D4B1A607FE04B4A126832F44062494B1A60C9B201299E
:2006800005D1474A126852F40062454B1A606FE0434A126832F44062414B1A60C9B20129FE
:2006A00005D13F4A126852F440623D4B1A605FE03B4A126832F4C042394B1A60C9B201296E
:2006C00005D1374A126852F48042354B1A604FE0334A126832F4C042314B1A60C9B201295E
:2006E00005D12F4A126852F4C0422D4B1A603FE02B4A126832F0E062294B1A60C9B20129F2
:2007000005D1274A126852F08072254B1A602FE0234A126832F0E062214B1A60C9B2012915
:2007200005D11F4A126852F000721D4B1A601FE01B4A126832F0E062194B1A60C9B20129A5
:2007400005D1174A126852F08062154B1A600FE0134A126832F40012114B1A60C9B2012971
:2007600005D10F4A126852F400120D4B1A60FFE7F0BC704700080140000C01400010014076
:2007800000140140001801402000014024000140280001402C000140300001403400014029
:2007A00004000140FEFFFF7FC9B2002905D01C4A126802431A4B1A6004E0194A1268824376
:2007C000174B1A607047C9B2002905D0154A12680243144B1A6004E0124A12688243114B3B
:2007E0001A607047C9B2002905D00F4A126802430D4B1A6004E00C4A126882430A4B1A601D
:200800007047C9B2002905D0084A12680243074B1A6004E0054A12688243044B1A607047D9
:2008200014100240181002401C1002400C10024082B000210191019981420CD2002100914A
:200840000099142903D20099491C0091F8E70199491C0191EFE702B0704700B587B04FF480
:200860008050ADF8000010208DF8030002208DF802006946DFF8E802FFF7C3FC4FF4805169
:20088000DFF8DC02FFF758FD4FF46040ADF8000002208DF8020018208DF803006946DFF8E1
:2008A000C002FFF7AEFC0020ADF804004FF48270ADF806000020ADF808000020ADF80A0091
:2008C0000020ADF80C004FF40070ADF80E000020ADF810000020ADF812000720ADF8140055
:2008E00001A9DFF8800200F08BF90121DFF8740200F0B5F907B000BD10B504000221DFF83D
:20090000640200F0BEF90028F8D0E4B2210089B2DFF8500200F0B1F90121DFF8480200F0F2
:20092000B0F90028F8D00520FFF782FFDFF8340200F0A5F9C0B210BD70B504000D0016005C
:200940004FF48050884908600B20FFF7D5FF280CC0B2FFF7D1FF280AC0B2FFF7CDFF28005C
:20096000C0B2FFF7C9FFA520FFF7C6FF3000461E80B2002805D0A520FFF7BEFF2070641C7C
:20098000F4E74FF480507949086070BD10B504004FF48050744908600620FFF7ADFF4FF406
:2009A0008050724908604FF480506F4908602020FFF7A2FF200CC0B2FFF79EFF200AC0B26D
:2009C000FFF79AFF2000C0B2FFF796FF4FF480506649086000F002F8002010BD80B5002015
:2009E0008DF800004FF480505F4908600520FFF783FFA520FFF780FF8DF8000000F016FBF2
:200A00009DF80000C007F4D44FF480505749086001BD2DE9F04704000D001600002081467E
:200A2000280642D0D5F5807000F0FF0080463000414680B289B2884203D2B2460120814664
:200A400000E0C2464FF48050474908600620FFF753FF4FF480504549086000F0E7FA4FF418
:200A60008050414908600220FFF746FF280CC0B2FFF742FF280AC0B2FFF73EFF2800C0B209
:200A8000FFF73AFF5046B0F1010A80B2002806D02078FFF731FF641C761E6D1CF2E74FF43E
:200AA000805032490860FFF799FF1FFA89F9B9F1000F52D1300080B2000A8046300601D045
:200AC00018F10108002007003800414680B289B2884242D2280502D12800FFF757FFB6B2F7
:200AE000B6F5807F03DD4FF48070824600E0B2464FF480501C4908600620FFF7FDFE4FF45F
:200B000080501A49086000F091FA4FF48050164908600220FFF7F0FE280CC0B2FFF7ECFE59
:200B2000280AC0B2FFF7E8FE2800C0B2FFF7E4FE5046B0F1010A80B2002806D02078FFF7C3
:200B4000DBFE641C761E6D1CF2E74FF4805007490860FFF743FF7F1CB6E7BDE8F0870000EF
:200B6000000C014000380040140C0140100C014010B5C2B00400200501D001203EE0200062
:200B8000FFF704FF002000900098FF2807D80098009901AA11540098401C0090F4E74FF42B
:200BA0008072210001A8FFF734FF002000900098FF2807D8002001A9009A88540098401CCE
:200BC0000090F4E74FF48072210001A8FFF7B4FE002000900098FF2809D8009801A9085C0D
:200BE0000099884203D10098401C0090F2E70098B0F5807F01D1002000E0012042B010BD73
:200C000010B4002203881A0012F441528B891B0404D5838853F48073838004E083884FF628
:200C2000FF64234083800B884C8823438C882343CC8823430C8923434C8923438C89640437
:200C4000640C2343CC8923431A430280838B4FF2FF74234083830B8A038210BC7047C9B2E1
:200C6000002904D0028852F04002028004E002884FF6BF731A4002807047818170478089AD
:200C800070470200002013890B4202D00123180001E000231800C0B270477047704770471A
:200CA0007047704770477047704770477047704770477047704770477047704770477047C4
:200CC0007047704770477047704770477047704770477047704770477047704770477047A4
:200CE00070477047704770477047704770477047704770472DE9F04782B004000D00260018
:200D0000AF0801214020FFF74FFD00F093F900208046B84528D216F828008DF8000006EB53
:200D2000880040788DF8010006EB880080788DF8020006EB8800C0788DF803009DF8000027
:200D40009DF80110090451EA00609DF8021050EA01209DF8031008438146484600F06EF9A4
:200D6000824618F10108D4E700214020FFF71CFD5046BDE8F68710B582B004000020ADF8D6
:200D80000000BDF80000210089B2884209D24FF47A7000F007F8BDF80000401CADF80000CB
:200DA000EFE713BD81B00021ADF80210BDF80210020092B2914212D200218DF800109DF875
:200DC0000010152905DA9DF80010491C8DF80010F5E7BDF80210491CADF80210E6E701B00A
:200DE000704780B5AB206949088064206749488055206649888000206449C88000206349F9
:200E0000088100206149488100206049888200205E49C86000205D49086100F05CF801BDC3
:200E20002DE9F041B4B000275848804658480500584800880600320092B2290001A8FFF769
:200E40007BFD9DF80400AB2803D0FFF7CAFF00203EE0B11E89B201A800F0A0F8040020007F
:200E600001A9B6B2314411F8021CC0B288420AD1200080B2000A01A9B6B2314411F8011CA4
:200E8000C0B2884201D001200700FFB2002F1DD100208DF800009DF80000310080B289B277
:200EA00088420DD201A89DF80010405C88F8000018F101089DF80000401C8DF80000EAE7C6
:200EC0003548324991EC060B80EC060B3800C0B234B0BDE8F0812DE9F043B3B000242B4828
:200EE00005002B4807002B4800888046B8F1020189B2280000F052F881461FFA88F805EB19
:200F0000080000F8029C484680B2000A1FFA88F805EB080101F8010C424692B239002800A4
:200F2000FFF777FD424692B239006846FFF704FDB8F1020189B2684600F030F806003000BA
:200F400069461FFA88F8414411F8021CC0B288420BD1300080B2000A69461FFA88F841444C
:200F600011F8011CC0B2884201D001200400E4B2002C05D10848054991EC060B80EC060BD8
:200F80002000C0B233B0BDE8F08300002018002000D077000000002008180020F8B5040014
:200FA0000D000027002006003000290080B289B288420BD23A0092B24AF20101B6B2A05D49
:200FC00080B200F006F80700761CEDE7380080B2F2BD10B4030010005B0000242200D2B26F
:200FE000082A0FDA9BB25B089BB280B290EA0304E40703D580B291EA500001E080B240080B
:20100000521CECE780B210BC704780B545F2555000F01EF8042000F01FF84FF4487000F0AD
:201020001FF800F021F800F024F801BD80B500F01BF801BD012004490860704701000348F7
:201040000160024800687047083002400030024080B20A4908607047C0B209490860704753
:2010600080B20849086070474AF6AA200349086070474CF6CC400149086070470030004032
:201080000430004008300040DFF82802DFF828120860DFF82802DFF820120860704738B5D4
:2010A00004000425B4F1046F2BD35FF0FF3000F0EAF80500EDB2042D20D1DFF8080200688E
:2010C00050F00200DFF8FC110860DFF8FC010460DFF8F001006850F04000DFF8E811086062
:2010E0005FF0FF3000F0CFF80500DFF8D801006841F6FD710840DFF8CC1108602800C0B2FB
:201100002AE05FF0805000F0A7F80500EDB2042D20D1DFF8AC01006850F00200DFF8A0119B
:201120000860DFF8A8010460DFF89401006850F04000DFF88C1108605FF0805000F08CF8A0
:201140000500DFF87C01006841F6FD710840DFF8701108602800C0B232BD70B504000D0062
:201160000426B4F1046F21D35FF4002000F08BF80600F6B2042E16D1DFF84801006850F0C4
:201180000100DFF84011086025805FF4002000F07AF80600DFF82C01006841F6FE710840E4
:2011A000DFF8201108603000C0B220E04FF4704000F052F80600F6B2042E16D1DFF8000151
:2011C000006850F00100DFF8F810086025804FF4704000F041F80600DFF8E400006841F6FE
:2011E000FE710840DFF8D81008603000C0B270BD042038490968C90702D5012108000FE06C
:2012000034490968490702D50221080008E031490968C90602D50321080001E004210800DB
:20122000C0B2704704202A490968C90702D5012108000FE026490968490702D5022108008B
:2012400008E023490968C90602D50321080001E004210800C0B2704738B504000425FFF7B0
:20126000C7FF0500EDB2012D06D1002C04D0FFF7BFFF0500641EF5E7002C01D105200500C0
:201280002800C0B232BD38B504000425FFF7CAFF0500EDB2012D06D1002C04D0FFF7C2FF8C
:2012A0000500641EF5E7002C01D1052005002800C0B232BD2301674504200240AB89EFCDF4
:2012C000102002409020024094200240142002408C2002400C20024038B5644800680400DD
:2012E00063482040B0F1005F08D162480068040025005E48006880F30888A84731BD2DE9CB
:20130000F84304000D001700FFF7BEFE600502D12000FFF7C4FEFFF789FEBFB2781C4710CF
:20132000002006003000390080B289B2884217D25FF00208E94642462900484600F09EF8B1
:20134000BDF800102000FFF708FF2088BDF80010884201D0012004E0AD1CA41C761CE1E7BB
:201360000020BDE8F2832DE9F04104005FF00308E00A060000200500B5422BD24FF40062E0
:201380004FF4006000FB05F010F5F0013A48FFF7D3FA002080465FFA88F8B8F1030F10DA1B
:2013A000FFF744FE4FF4006233494FF400602F4B00FB0530FFF7A3FF002802D018F10108E3
:2013C000E9E75FFA88F8B8F1030F01D100204AE06D1CD1E76005400D0600600529D0320004
:2013E00092B24FF4006000FB05F010F5F0012248FFF7A2FA002080465FFA88F8B8F1030FAA
:2014000010DAFFF713FE320092B21B494FF40060164B00FB0530FFF772FF002802D018F163
:201420000108E9E75FFA88F8B8F1030F01D1002019E00020070000200500A54211D23A0004
:2014400092B24AF2010105F1006010F580400078C0B280B2FFF7BDFD0700FFF7E7FD6D1CB9
:20146000EBE7380080B2BDE8F0810000004000080000FF2F044000080810002062B38B0779
:2014800008D0521E11F8013B00F8013B00F024808B07F6D1830740F0208000BF103A07D361
:2014A00030B4B1E83810103AA0E83810F9D230BC530724BFB1E80810A0E8081044BF51F8BC
:2014C000043B40F8043BD20724BF31F8022B20F8022B44BF0B7803707047083A07D3B1E89A
:2014E0000810083A40F8043B40F804CBF7D25307E4E7000070B50025002672B600F06FF837
:2015000001215FF00070FEF71DFF00F09BF8FFF7A4F96420FFF72FFC5548FFF729FB040063
:20152000FFF77EFC00F083F852488088552805D15048808A002801D1FFF7CEFE4D488088E0
:20154000AA2822D14B48808A55281ED162B6FFF75CFD80214848FEF7F2FE4648C068FFF794
:2015600002FF4449498980B2884202D1552043498880002041498882FFF7ADFC80213E48B9
:20158000FEF7DAFEFFF752FDFEE73D493D48FFF7B1FB06003C4800680500AE420BD1002EB6
:2015A00009D016F1010F06D0002D04D015F1010F01D0FFF791FE62B6FFF727FDFFF736FD9D
:2015C00080212D48FEF7BBFE6420FFF7D4FB80212948FEF7B1FE6420FFF7CDFBEEE780B5FC
:2015E00001210120FFF7FEF801214FF48050FFF7EAF801214FF48040FFF7F4F80121042062
:20160000FFF7E1F801210820FFF7DDF801211020FFF7D9F801212020FFF7D5F80121402026
:20162000FFF7D1F801210120FFF7CDF801BD80B500215FF0006000F02EF84FF4A06000F0E1
:2016400025F801BD80B50C48FEF798FD8020ADF8000010208DF8030002208DF80200694647
:201660000548FEF7CEFD80210348FEF765FE01BD00C0770008180020001801402018002033
:20168000FCBF030000400008FCFF030805490143054A11607047054A0A400243044B1A608E
:2016A000704700000000FA050CED00E080FFFF1F08ED00E080B54E48006850F470004C49AD
:2016C00008604C48006850F001004A4908604A480068002048490860464800684749084089
:2016E000444908604348006830F48020414908605FF41F004249086000F005F85FF000604B
:201700004049086001BD80B500F001F801BD82B000200190002000903648006850F48030D1
:20172000344908603348006810F4003000900198401C01900098002803D10198B0F5A06FB6
:20174000F0D12C480068800302D50120009001E0002000900098012847D12B48006850F05C
:201760001000294908602848006880088000264908602548006850F00200234908601E4877
:2017800000681D4908601C4800681B4908601A48006850F4806018490860174800681B4999
:2017A0000840154908601448006850F4E810124908601048006850F080700E4908600D4854
:2017C00000688001FBD50C480068800880000A4908600948006850F00200074908600648D0
:2017E000006810F00C000828F9D102B07047000088ED00E00010024004100240FFFFF6FE23
:201800000810024008ED00E000200240FFFFC09F19E050F8041BCB0744BFA9F10103591896
:20182000121F0023042A41F8043BF9D25FEA827C0B4604D54FF0000CA1F800C09B1CD1073F
:2018400044BF0021197050F8042B002AE1D1704710B450F8041B79B10268436802440830E9
:20186000DC0744BFA9F10104E31852F8044B43F8044B091FF9D1ECE710BC704710B5074968
:2018800079441831064C7C44163404E00A68081D114488470146A142F8D110BD2C0000005B
:2018A0004C0000004EF68851CEF20001086840F470000860BFF34F8FBFF36F8F4FF0007093
:2018C000E1EE100A7047000049FFFFFF30080000081000200000000079FFFFFF0400000038
:2018E00008010000000000200000000000F00BF8002801D0FFF7C2FF0020AFF30080FFF7E4
:20190000F9FD00F002F80120704700F001B800000746384600F002F8FBE7000080B5AFF3F8
:201920000080024A11001820ABBEFBE7260002000148804701480047B5160008411900084A
:20194000AFF30080FFF7AEFFFFF7D0FFFFF7FEBFFFF7FEBFFFF7FEBFFFF7FEBFFFF7FEBF7E
:20196000FFF7FEBFFFF7FEBFFFF7FEBFFFF7FEBFFFF7FEBFFFF7FEBFFFF7FEBFFFF7FEBFCF
:20198000FFF7FEBFFFF7FEBFFFF7FEBFFFF7FEBFFFF7FEBFFFF7FEBFFFF7FEBFFFF7FEBFAF
:2019A000FFF7FEBFFFF7FEBFFFF7FEBFFFF7FEBFFFF7FEBFFFF7FEBFFFF7FEBFFFF7FEBF8F
:2019C000FFF7FEBFFFF7FEBFFFF7FEBFFFF7FEBFFFF7FEBFFFF7FEBFFFF7FEBFFFF7FEBF6F
:0C19E000FFF7FEBFFFF7FEBF180000007D
:2040000080110020696E0208E5710208E9710208ED710208F1710208F57102080000000006
:20402000000000000000000000000000F9710208FD71020800000000017202080572020896
:204040009D4902089F490208A1490208A3490208C7490208C9490208CB490208CD49020820
:20406000CF490208D1490208D3490208D5490208D7490208D9490208DB490208074A0208CD
:20408000094A02080B4A02080D4A0208097202080D72020811720208157202080F4A020874
:2040A000197202081D72020821720208114A0208134A0208334A02084F4A0208514A02089A
:2040C000534A0208554A0208574A0208594A0208257202085B4A0208A54A0208EF4A0208AC
:2040E000834B0208854B0208874B0208297202082D72020831720208894B02088B4B020879
:20410000357202088D4B02088F4B020839720208914B0208DB4B02083D72020841720208E7
:20412000614C0208634C0208654C0208674C020845720208497202084D720208517202087B
:204140000000000000000000000000000000000055720208597202085D7202086172020803
:2041600065720208697202086D72020871720208394B020875720208797202085A21DFF8DD
:20418000142A82F82F1000210800C0B209281ADA0021DFF8002AC0B2024451700021DFF8D5
:2041A000F429C0B2024491720021DFF8E829C0B20244D1740021DFF8DC29C0B202EB400283
:2041C0009183401CE1E70021DFF8C82911700021DFF8C02982F82E10704738B5DFF8B80968
:2041E0000068807A0400DFF8B0090068407A0500DFF8A8090078002859D05A20DFF8941953
:2042000081F82F0005F006FFDFF890090078012805D1DFF88C290021022008F06BF8DFF814
:204220007C090078402805D1DFF878290021022008F060F8DFF864090078102805D1DFF897
:2042400068290021022008F055F8DFF850090078082805D1DFF854290021022008F04AF8C6
:20426000DFF838090078802805D1DFF844290021022008F03FF8DFF824090078202805D1E0
:20428000DFF830290021022008F034F8DFF80C090078022805D1DFF820290021022008F0C8
:2042A00029F85A20DFF8EC1881F82F0081E1DFF80C090078002802D004F0D2FB79E1DFF82E
:2042C000D80800680069002805D0DFF8CC0800680069804736E1DFF8E8080078002800F07F
:2042E000EA800E2007F04FFB08F017FB0020DFF8D41808806420DFF8D0180870DFF898083E
:204300000068007A00281AD0DFF88C080068807A09280ADB0321DFF880080068807A4000A1
:204320001038C0B207F0C0FD09E00321DFF868080068807A4000801CC0B207F0B5FDDFF88B
:2043400080084078012809D0102861D0402874D080282BD0812800F085809CE0DFF8380832
:204360000068807A092190FBF1F201FB1200002804D15A20DFF81C1881F82F00E4B2002C49
:204380000CD1DFF814080068EDB2142101FB05F108441438DFF80018086006E0DFF8F80774
:2043A00000681438DFF8F01708607CE0DFF81C08007890F00100DFF814180870E4B2EDB203
:2043C000681E84420CD1DFF8D0070068EDB2691E7FF0130251430844DFF8BC17086006E01C
:2043E000DFF8B40700681430DFF8AC170860DFF8A8070068807A092190FBF1F201FB1200EF
:20440000002804D15A20DFF88C1781F82F004AE05A20DFF8801781F82F00DFF87C07006887
:20442000406800283FD0DFF8700700684068DFF8681708600020040035E05A20DFF854178C
:2044400081F82F00DFF850070068006800282AD0DFF8440700680068DFF83C1708600020F0
:20446000040020E00020DFF8581748700020DFF8501708705A20DFF81C1781F82F000020F8
:20448000DFF8101781F82E00FF20DFF83017087004F0E6FA8DE00020DFF824174870002077
:2044A000DFF81C1708700020DFF8141748700020DFF80C170870DFF8E00600680069002858
:2044C00007D008F02AFADFF8D00600680069804738E0DFF8C4060068007A00281ED005F0FE
:2044E00099FD08F01AFADFF8B0060068807A09280ADB0321DFF8A0060068807A400010388A
:20450000C0B207F078FC09E00321DFF88C060068807A4000801CC0B207F06DFCDFF87806E3
:204520000068007A002801D100F0CFFCDFF868060068C068002805D0DFF85C060068C06849
:2045400000F038F8DFF87C06008878280CDB0020DFF8701608800E2007F092FA08F0BDF870
:204560000020DFF8441A0880DFF8400A007800281FD1DFF824060068007A002819D0DFF8E2
:20458000300ADFF81416086008F0A7F8FFF7F6FD4AF25A50DFF81C1A0880DFF8FC0500683D
:2045A000C068002805D0DFF8F0050068C06800F001F831BD38B5040000200500EDB20C2DB5
:2045C0000ADA62686178207807F094FE08346068002801D06D1CF1E731BD2DE9F34F83B05C
:2045E00014001D000E9E109F002081465FFA89F9B9F1200F09DA0020DFF80C1B5FFA89F9B8
:2046000001F8090019F10109F0E79DF83C008DF80000002083469DF80000002800F0E88059
:2046200005208DF802009DF8000082469DF8000010F0700010281BD1EDB268008DF80200BA
:20464000EDB2012D04D1DFF8C01A387809F07DF9EDB2022D40F0EA80DFF8AC1A38784FF4F0
:2046600080727B7802FB003080B209F037FADDE09DF8000010F07000202806D09DF8000057
:2046800010F07000302840F0D1809DF8000010F0070082465FFA8AFABAF1000F3FD1302076
:2046A000DFF8641A5FFA8BFB01F80B001BF1010B7878C0B200098DF801009DF801003030C3
:2046C000DFF8441A5FFA8BFB01F80B001BF1010B787810F00F003030DFF82C1A5FFA8BFB4F
:2046E00001F80B001BF1010B3878C0B200098DF801009DF801003030DFF80C1A5FFA8BFB1B
:2047000001F80B001BF1010B387810F00F003030DFF8F4195FFA8BFB01F80B0086E0EDB292
:204720005FFA8AFADAEB450A7878C0B200098DF801009DF801003030DFF8CC195FFA8BFB06
:2047400001F80B001BF1010B50465946C0B2C9B2884208D12E20DFF8B0195FFA8BFB01F8B2
:204760000B001BF1010B787810F00F003030DFF898195FFA8BFB01F80B001BF1010B50469E
:204780005946C0B2C9B2884208D12E20DFF878195FFA8BFB01F80B001BF1010B3878C0B217
:2047A00000098DF801009DF801003030DFF858195FFA8BFB01F80B001BF1010B50465946FC
:2047C000C0B2C9B2884208D12E20DFF83C195FFA8BFB01F80B001BF1010B387810F00F0015
:2047E0003030DFF824195FFA8BFB01F80B001DE0EDB268008DF80200EDB2012D04D1DFF85E
:204800000819387809F00BF9EDB2022D0ED1387879784FF48072514351FA80F0ADF804004F
:20482000DFF8E418BDF8040009F0B0F8012081465FFA89F93078401C814514DA5FFA89F9F5
:2048400016F80900DFF8C018E4B2095700B209B2884205D15FFA89F906EB0900804602E012
:2048600019F10109E4E7DFF858030078002800F0D180DFF84C03407801280CD008286FD0F4
:20488000102800F09B8020283DD0402800F0A88080281BD0AEE098F80000202802D1701CA8
:2048A000804601E018F1010898F90000DFF85818E4B20855DFF85008E4B20057202804D13B
:2048C0003020DFF84418E4B208559BE098F80000302804D130783044401E804601E0B8F160
:2048E000010898F90000DFF82018E4B20855DFF81808E4B20057202804D13020DFF80818D4
:20490000E4B208557EE0E4B2002C04D19DF80200401E040000E0641E002081464846317836
:20492000C0B2884214D25FFA89F916F80900DFF8D817E4B2095700B209B2884205D15FFA41
:2049400089F906EB0900804602E019F10109E5E7DFF8B407E4B200572E2800D1641E51E0FA
:20496000E4B29DF80200401E844202D10020040000E0641C0020814648463178C0B2884235
:2049800014D25FFA89F916F80900DFF87C17E4B2095700B209B2884205D15FFA89F906EB06
:2049A0000900804602E019F10109E5E7DFF85807E4B200572E2800D1641C23E00020DFF8A2
:2049C000001248700020DFF8F8110870DFF838279DF810109DF80C0007F08CFCA520D5E010
:2049E0000020DFF8DC1148700020DFF8D41108705A20CBE00020DFF8C81148700020DFF823
:204A0000C01108700020DFF8B81148700020DFF8B01108709DF8000000284CD09DF8000037
:204A200010F0700010282AD1EDB2012D0DD1DFF8D80690F900000A21DFF8CC2692F901204A
:204A400001FB00201038387084E0EDB2022D40F08180DFF8B40609F0F9F84FF4807190FBAD
:204A6000F1F038707F1CDFF8A00609F0EFF84FF4807190FBF1F201FB120038706AE09DF87E
:204A8000000010F07000202805D09DF8000010F0700030285ED19DF8000010F00700824699
:204AA0005246D2B23900DFF8600600F091F8002850D15A206AE0EDB2012D0CD1DFF848060F
:204AC00040780100C9B2DFF840060078C0B209F000F938703EE0EDB2022D15D1DFF828062A
:204AE00009F0D5F84FF4807190FBF1F201FB120038707F1CDFF8100609F0C9F84FF4807122
:204B000090FBF1F0387025E0DFF8FC0540780100C9B2DFF8F4050078C0B209F0DAF8387043
:204B20007F1CDFF8E405C0780100C9B2DFF8D8058078C0B209F0CDF838707F1CDFF8C805A3
:204B400040790100C9B2DFF8C0050079C0B209F0C0F83870DFF8B0259DF810109DF80C003E
:204B600007F0C8FB0123DFF8A005E4B2005D0200D2B29DF810002118C9B29DF80C00C0B2F6
:204B80004000C0B207F0E0F92000C0B205B0BDE8F08F0000586A00206C6D0020616E00205E
:204BA000FC6A0208106B0208246B0208386B02084C6B0208606B0208746B02085E6E00204F
:204BC0004C6D0020E66D00205C6E00206C6E002078B403000024D2B2042A01DB002030E094
:204BE00000200500EDB2042D05DA00206E46EDB270556D1CF6E700200500EDB2052D0EDA65
:204C0000EDB2D2B2D2F10400854205D0187830386E46E4B23055641C5B1C6D1CEDE79DF85E
:204C2000020000019DF8036050FA86F00870491C9DF8000000019DF8016050FA86F0087018
:204C4000012072BC70472DE9FF47040005F0E2F9DFF8640D00785A280BD05A20DFF8581D3B
:204C6000087000208DF80D009DF80D008DF80C000FE000200500EDB2022D0ADADFF8380DF5
:204C8000EDB200EB4500808B03A9EDB248556D1CF1E7E4B2032C02D0E4B2002C06D1DFF8EA
:204CA0007C2B0121022007F025FB0BE0DFF8702B0021012007F01EFBDFF8602B012102209D
:204CC00007F018FB03A8029010200190DFF8540B00900223DFF8E00CDFF8DC1C91F82E1088
:204CE0000844C27C0C210220FFF777FC0600F6B25A2E21D10020DFF8C01C08705A20DFF8AE
:204D0000B81C81F82F000020DFF8AC1CDFF8A82C92F82E201144C87400200500EDB2052D4E
:204D200008DA0020DFF8901CEDB201EB450188836D1CF3E75A20C5E0F6B2A52E40F0A980BC
:204D40000020DFF8741C08705A20DFF86C1C81F82F000020DFF8601CDFF85C2C92F82E2029
:204D60001144C87400200500EDB2052D08DA0020DFF8441CEDB201EB450188836D1CF3E734
:204D80009DF80C004FF480719DF80D2001FB00200700DFF8280C407908F0D4FF8146DFF82C
:204DA0001C0C007908F0CEFF80461FFA89F964201FFA88F800FB0988DFF8000C007908F02F
:204DC000C1FF8146DFF8F40B807908F0BBFF82461FFA89F964201FFA8AFA00FB09AADFF8C2
:204DE000E00BC0794FF48071DFF8D42B127A01FB00208146E4B2002C05D13800494680B285
:204E000089B2884208D0E4B2022C07D13800494680B289B2884201D1A52053E0E4B2012C8E
:204E200007D13800414680B289B2884201D1A52048E0E4B2032C07D13800514680B289B20C
:204E4000884201D1A5203DE0BFB2B7F57A7F01D1A52037E0BFB241F60630874201D1A520D2
:204E600030E05A20DFF8501B81F82F0005F0D2F8DFF8502B0321022007F03CFAFFF77EF9CD
:204E8000DFF8440B00680068DFF83C1B08605A2018E0DFF8240BDFF8201B91F82E100844E9
:204EA000C67400200500EDB2022D0ADA03A8EDB2405DDFF8041BEDB201EB450188836D1C9F
:204EC000F1E7FF2004B0BDE8F08710B5DFF8FC0A0078002806D0DFF8F40A0078401EDFF871
:204EE000EC1A0870DFF8E40A007800285BD10220DFF8D81A087007F010FDDFF8D40A00780F
:204F0000002810D10620DFF8C81A0870DFF8C40A007890F00100DFF8BC1A08705A20DFF81D
:204F2000981A81F82F0005F075F800200400A4B2202C05DA00207449A4B20855641CF6E723
:204F4000DFF8940AC078002806D1DFF8902A0021002007F0CFF916E0DFF87C0AC078012860
:204F600006D1DFF87C2A0021002007F0C3F90AE0DFF8640AC078022805D1DFF8682A0021F8
:204F8000002007F0B7F9DFF84C0A0078002805D000220121012005F067FC04E000220121C3
:204FA000002005F079FB10BDE46D00205B6E0020EC6B0208E865002010B5DFF8100A007845
:204FC000002806D0DFF8040A0078401EDFF8FC190870DFF8F8090078002840F093800220D7
:204FE000DFF8E8190870DFF8000A0078092190FBF1F00400DFF8F0090078092190FBF1F28E
:2050000001FB1200002800D0641CDFF8E009007800285CD0DFF8D409407808281BD02028AF
:2050200002D0402830D041E0DFF88C094078002807D0DFF884094078401EDFF87C19487054
:2050400003E0601EDFF8701948705A20DFF8681981F82F0033E0DFF860094078E4B2611E3D
:20506000884207D0DFF850094078401CDFF84819487003E00020DFF8401948705A20DFF81F
:20508000381981F82F001AE00020DFF8601948700020DFF858190870FFF770F8DFF82809AF
:2050A00000680068DFF8201908602BE00020DFF83C1948700020DFF83419087022E00020BB
:2050C000DFF8281948700020DFF82019087004F0A1FFDFF81C290221002007F00BF9DFF893
:2050E00014290A21002007F005F9DFF80C291021002007F0FFF8DFF8C0084278012100204D
:2051000005F0CAFA10BD0000B467002070B5DFF8BC080078002806D0DFF8B0080078401E33
:20512000DFF8A8180870DFF8A4080078002840F0A0800220DFF894180870DFF8C0080078B9
:20514000050000200400E4B2202C06DA0020DFF8B018E4B20855641CF5E7EDB2092095FBFE
:20516000F0F00600EDB2092095FBF0F100FB1150002800D0761CDFF87408007800285FD008
:20518000DFF868084078012808D008281DD0202804D0402832D0802817D041E0DFF81808C5
:2051A0004078002807D0DFF810084078401EDFF80818487003E0701EDFF8FC1748705A20F7
:2051C000DFF8F41781F82F0032E0DFF8EC074078F6B2711E884207D0DFF8DC074078401C0B
:2051E000DFF8D417487003E00020DFF8CC1748705A20DFF8C41781F82F0019E00020DFF8FC
:20520000EC1748700020DFF8E4170870FEF7B6FFDFF8B40700680068DFF8AC17086028E053
:205220000020DFF8C81748700020DFF8C01708700020DFF8B81748700020DFF8B0170870E6
:2052400004F0E8FEDFF8A8270121002007F052F8DFF8F02C0821002007F04CF8DFF858079E
:205260004078092110FB01F2D2B20121012005F0FBFA70BDF8B504F0CDFEDFF8CC0C0078DD
:20528000092190FBF1F00500DFF8BC0C0078092190FBF1F201FB1200002800D06D1CDFF85E
:2052A0004C07007800285ED03C20DFF8A01C08705A20DFF8041781F82F00DFF8300740788C
:2052C000012808D0082818D0202804D0402828D0802812D037E0DFF8E0064078002807D024
:2052E000DFF8D4064078401EDFF8CC16487003E0681EDFF8C41648702DE0DFF8BC06407846
:20530000EDB2691E884207D0DFF8AC064078401CDFF8A416487003E00020DFF89C1648709C
:2053200019E00020DFF8C41648700020DFF8BC160870FEF723FFDFF8900600680068DFF87F
:20534000881608607EE00020DFF8A01648700020DFF8981608700020DFF8901648700020F2
:20536000DFF88816087004F055FEDFF8DC0B0078DFF844164978092202FB11000700FFB2E0
:205380000A2F01DB0920070007F0C7FA0020040020003900C0B2C9B2884253D2DFF81806C2
:2053A00040780921484350FA84F00600DFF85016701CC0B208F0C9FA2E20DFF8441688704F
:2053C0000020DFF83C16C870DFF8342600212000C0B206F08FFF00200090DFF8740B006876
:2053E000F6B2112101FB06F10844431C102203212000C0B206F0F2FFDFF8BC0540780921EC
:20540000484350FA84F00100C9B2DFF8CC0C08F04FFA00280AD000200090DFF8C03C04222C
:2054200010212000C0B206F0D9FF09E000200090DFF8AC3C042210212000C0B206F0CEFFD7
:20544000641CA5E7F1BD2DE9F843DFF86C0590F82E0000281FD10020FFF7F5FB0700FFB26D
:205460005A2F09D1FEF78AFEDFF85C0500680068DFF854150860CFE1FFB2A52F0AD15A2012
:20548000DFF8341581F82F000120DFF82C1581F82E0000E0C0E1DFF8200590F82E00012808
:2054A00040F0B181DFF8100590F82F005A2819D107F013F90020DFF8001581F82F000020A4
:2054C00080464046DFF81C1C0978C0B2884209D2A520DFF8141C5FFA88F801F8080018F12A
:2054E0000108EEE7DFF8FC0B0078092190FBF1F08146DFF8F00B0078092190FBF1F201FB3D
:205500001200002801D019F1010907F006FADFF8DC040078002800F0F480DFF8D004407857
:2055200001280DD0082800F09480102800F0B880202862D0402800F0C28080282ED0D4E063
:20554000DFF87404C07A002807D0DFF86C04C07A401EDFF86414C87206E0DFF8880B007893
:20556000401EDFF85414C872DFF84C048078DFF84814C97A092291FBF2F1884204D05A200D
:20558000DFF8341481F82F00DFF82C04C07A092190FBF1F0DFF820148870ACE0DFF81804EB
:2055A000C07ADFF8401B0978491E884207D0DFF80804C07A401CDFF80014C87203E0002055
:2055C000DFF8F413C872DFF8F0038078DFF8E813C97A092291FBF2F1884204D05A20DFF853
:2055E000D81381F82F00DFF8D003C07A092190FBF1F0DFF8C41388707DE0DFF8BC0380780D
:20560000002807D0DFF8B0038078401EDFF8A813887004E0B9F10100DFF89C138870DFF83D
:2056200098038078DFF89013C97A092291FBF2F1884204D05A20DFF8801381F82F00DFF87F
:2056400078038078092110FB01F0DFF86C13C87251E0DFF8640380785FFA89F9B9F1010133
:20566000884205D0D4488078401CD349887002E00020D1498870D0488078CF49C97A09225D
:2056800091FBF2F1884203D05A20CB4981F82F00C9488078092110FB01F0C749C8722AE045
:2056A0000020D24948700020D04908700220C24981F82E00C048C07A00F0B6F8ACE00020E6
:2056C000CA4948700020C9490870FEF757FD3220DFF8181A0880BC4800680068BA490860EA
:2056E0005A20B54981F82F0096E00020BF4948700020BE4908700020BC4948700020BB4994
:20570000087004F087FCDFF8DC090078AA498978092202FB11000500EDB20A2D01DB092059
:20572000050007F0FAF80020040020002900C0B2C9B2884267D2A04880780921484350FA3F
:2057400084F00600AE49701CC0B208F0FEF82E20AB4988700020AA49C870A94A0021200033
:20576000C0B206F0C7FD9448C07A0921E4B290FBF1F201FB1200844210D101200090DFF87C
:205780007009F6B2112101FB06F10844431C082203212000C0B206F021FE0FE00020009084
:2057A000DFF84C09F6B2112101FB06F10844431C082203212000C0B206F010FEDFF8280959
:2057C000DFF82C19F6B2112202FB06F2895C084410F8010CA5280AD100200090DFF814391B
:2057E00004220C212000C0B206F0F8FD09E000200090DFF8043904220C212000C0B206F051
:20580000EDFD641C91E76C4890F82E00022803D16948C07A00F008F8BDE8F183EC6F0208E5
:20582000C46B02080000002038B50400E4B20A2094FBF0F100FB114005006C480078002849
:2058400000F09C803C20DFF80417087043F69820DFF8A818088040F2DC50DFF89018088001
:2058600062484078102802D0402870D07AE00120514981F82E00DFF87008DFF87418E4B210
:20588000112202FB04F2895C084410F8010CA5282CD1DFF85408DFF85818E4B2112202FB92
:2058A00004F2895C0844A32100F8011CDFF84008E4B2112101FB04F1405CDFF828180978DC
:2058C000884209D1DFF82808E4B2112101FB04F1405C06F0D5F835E0DFF81408E4B2112135
:2058E00001FB04F1405C06F04EF82BE0DFF8F807DFF8FC17E4B2112202FB04F2895C084427
:20590000A52100F8011CDFF8E807E4B2112101FB04F1405CDFF8CC170978884209D1DFF8DB
:20592000D007E4B2112101FB04F1405C06F02BF808E0DFF8BC07E4B2112101FB04F1405C4B
:2059400006F09EF80021092009F029F810E00020264948700020254908700120164981F821
:205960002E0028E000202149487000201F49087000201E49487000201C490870DFF868072D
:20598000DFF86C17E4B2112202FB04F2895C084410F8010CA52807D1DFF858270C2128005B
:2059A000C0B206F0E1FC06E0DFF84C270C212800C0B206F0D9FC31BD586A0020686C00201C
:2059C000246C0020B06B02086C6D00205D6E00205C6E00206C6E0020506C0020AC6A02082E
:2059E000C0690208C06A0208920401084C6D0020307102083871020840710208930401080F
:205A0000B46700202DE9F843DFF8DC0D90F82E0000281FD10020FFF716F90600F6B25A2E11
:205A200009D1FEF7ABFBDFF8D80600680068DFF8D016086083E2F6B2A52E0AD10120DFF894
:205A4000A81D81F82E005A20DFF89C1D81F82F0000E074E2DFF8900D90F82E00012840F06F
:205A60006382DFF8880DC078002803D1DFF89406070014E0DFF8740DC078012803D1DFF8D1
:205A8000880607000BE0DFF8640DC078022803D1DFF87806070002E0DFF8540D07003F1D2F
:205AA000002080464046DFF84C1D0978C0B2884221D23878DFF8401D5FFA88F801F80800CC
:205AC0007F1CDFF8340D5FFA88F810F80800A5280ED0DFF8240D5FFA88F810F808005A280C
:205AE00006D0A520DFF8101D5FFA88F801F8080018F10108D6E7DFF8FC0C0078082190FB53
:205B0000F1F08146DFF8EC0C0078082190FBF1F201FB1200002801D019F10109DFF8D40C2D
:205B20000078DFF8C41C8978B0EBC1000500EDB2092D01DB0820050004F06CFADFF8BC2CDD
:205B40000221002006F0D6FBDFF8402D0E21002006F0D0FB0020040020002900C0B2C9B28D
:205B6000884267D2DFF8800C8078C0B214EBC000401CC0B207F0E0FEDFF8141D08702E2025
:205B8000DFF80C1D48700020DFF8041D8870DFF8002D0021601CC0B206F0ACFBDFF8480C62
:205BA000C07A0821E4B290FBF1F201FB1200844212D1DFF8E00C0068DFF82C1C8978C900B3
:205BC00051FA84F10C22514300EB01020221601CC0B206F0C9FB11E0DFF8B80C0068DFF8BF
:205BE000081C8978C90051FA84F10C22514300EB01020221601CC0B206F07CFBDFF8F80BEF
:205C0000DFF8E41B8978C90051FA84F1405C5A2807D1DFF8842C1021601CC0B206F06AFB2D
:205C200006E0DFF8782C1021601CC0B206F062FB641C91E7DFF8680C0078002800F0E68058
:205C4000DFF85C0C407801280DD0082800F08880102800F0A880202862D0402800F0B680C7
:205C600080282ED0C2E0DFF8800BC07A002807D0DFF8740BC07A401EDFF86C1BC87206E0D5
:205C8000DFF8700B0078401EDFF85C1BC872DFF8580B8078DFF8501BC97A082291FBF2F104
:205CA000884204D05A20DFF8401B81F82F00DFF8380BC07A082190FBF1F0DFF82C1B8870F3
:205CC0009CE0DFF8240BC07ADFF8281B0978491E884207D0DFF8100BC07A401CDFF8081BE3
:205CE000C87203E00020DFF8001BC872DFF8F80A8078DFF8F41AC97A082291FBF2F18842DF
:205D000004D05A20DFF8E01A81F82F00DFF8D80AC07A082190FBF1F0DFF8CC1A88706DE032
:205D2000DFF8C40A8078002807D0DFF8BC0A8078401EDFF8B41A887004E0B9F10100DFF8D1
:205D4000A81A88705A20DFF8A01A81F82F00DFF8980A8078C0B2C000DFF88C1AC8724DE04F
:205D6000DFF8840A80785FFA89F9B9F10101884207D0DFF8740A8078401CDFF86C1A8870A0
:205D800003E00020DFF8601A88705A20DFF8581A81F82F00DFF8500A8078C0B2C000DFF81A
:205DA000481AC8722AE00020DFF8F41A48700020DFF8EC1A08700220DFF82C1A81F82E0025
:205DC000DFF8240AC07A00F0C5F8B8E00020DFF8D01A48700020DFF8C81A0870FEF7CEF999
:205DE000C74800680068C6490860A8E00020DFF8B01A48700020DFF8A81A08700020DFF824
:205E0000A01A48700020DFF8981A0870DFF8E4090078DFF8D4198978B0EBC1000500EDB2EE
:205E2000092D01DB0820050004F0F4F8DFF8CC290221002006F05EFADFF8502A0E21002046
:205E400006F058FA06F069FD0020040020002900C0B2C9B2884267D2DFF88C098078C0B26B
:205E600014EBC000401CC0B207F066FDDFF8201A08702E20DFF8181A48700020DFF8101A82
:205E80008870DFF80C2A0021601CC0B206F032FADFF85409C07A0821E4B290FBF1F201FB35
:205EA0001200844212D1DFF8EC090068DFF838198978C90051FA84F10C22514300EB010291
:205EC0000221601CC0B206F04FFA11E0DFF8C4090068DFF814198978C90051FA84F10C22B9
:205EE000514300EB01020221601CC0B206F002FADFF80409DFF8F0188978C90051FA84F1D0
:205F0000405C5A2807D1DFF890291021601CC0B206F0F0F906E0DFF884291021601CC0B274
:205F200006F0E8F9641C91E7DFF8BC0890F82E00022804D1DFF8B008C07A00F00BF8BDE8E1
:205F4000F183000048710208526E00205B6E0020186D0020F8B50400E4B2082094FBF0F1BD
:205F600000FB11400600DFF838090078002800F09C80DFF82C094078012806D0102818D028
:205F8000402874D080280AD07FE0DFF86C08E4B2005DC043DFF86018E4B208557DE0DFF8BD
:205FA0005808E4B2005DC043DFF84C18E4B2085573E00120DFF8301881F82E00DFF82C0818
:205FC000C078002803D1DFF82808070014E0DFF81C08C078012803D1DFF89C0A07000BE0EC
:205FE000DFF80808C078022803D1DFF8900A070002E0DFF8FC0707003F1D002005002800A0
:20600000DFF8F0170978C0B2884207D2DFF8E807EDB2405D38707F1C6D1CF0E7DFF8D807B1
:20602000E4B2005DA5280BD1DFF8540A006800880121A1408843DFF8481A096808800AE0B5
:20604000DFF83C0A006800880121A1400843DFF8301A09680880DFF89407C078801CC0B213
:2060600009F030F800210B2008F099FC15E00020DFF82C1848700020DFF824180870012072
:20608000DFF8641781F82E0024E00020DFF8101848700020DFF8081808700020DFF800188E
:2060A00048700020DFF8F8170870DFF84C07E4B2005D5A2807D1DFF8E0271021701CC0B226
:2060C00006F052F906E0DFF8D4271021701CC0B206F04AF9F1BD0000606C002050710208FA
:2060E000587102080F8F0108A86B0020DC6D00202C6302086071020868710208EA6D0020BC
:206100006C6D0020006B0020486B0020786B00202DE9F04383B0DFF8D00690F82E0000281E
:2061200022D10020FEF78FFD0600F6B25A2E09D1FEF724F8DFF8F40B00680068DFF8EC1B26
:2061400008604FE3F6B2A52E0DD10120DFF8981681F82E000020DFF82C1908700020DFF854
:20616000281908803EE33DE3DFF87C0690F82E0001282AD1022000F095FBDFF8B41B087022
:20618000DFF8AC0B00785A2809D1FDF7F7FFDFF89C0B00680068DFF8941B086022E3DFF89B
:2061A000900B0078FF2800F01D834AF25A50DFF8DC1808800220DFF8301681F82E00DFF81F
:2061C000700B007800F02BFC0CE3DFF81C0690F82E00022840F01A81DFF8B40800780921ED
:2061E00090FBF1F00400DFF8A8080078092190FBF1F201FB1200002800D0641CDFF8A00695
:206200000078002800F0F880DFF89406407801280DD0082800F08880102800F0A780202888
:2062200062D0402800F0BB8080282ED0D4E0DFF8B805007B002807D0DFF8AC05007B401ED0
:20624000DFF8A415087306E0DFF844080078401EDFF894150873DFF89005C078DFF8881541
:20626000097B092291FBF2F1884204D05A20DFF8781581F82F00DFF87005007B092190FB60
:20628000F1F0DFF86415C870AEE0DFF85C05007BDFF8FC170978491E884207D0DFF84805BD
:2062A000007B401CDFF84015087303E00020DFF838150873DFF83005C078DFF82C15097BDE
:2062C000092291FBF2F1884204D05A20DFF8181581F82F00DFF81005007B092190FBF1F063
:2062E000DFF80415C8707FE0DFF8FC04C078002807D0DFF8F404C078401EDFF8EC14C87095
:2063000003E0601EDFF8E014C8705A20DFF8D81481F82F00DFF8D004C078092110FB01F02B
:20632000DFF8C41408735FE0DFF8BC04C078E4B2611E884207D0DFF8B004C078401CDFF879
:20634000A814C87003E00020DFF89C14C8705A20DFF8941481F82F00DFF88C04C07809211D
:2063600010FB01F0DFF8801408733DE00020DFF8301548700020DFF8281508705A20DFF82D
:20638000681481F82F00DFF86004007BDFF8F41608700320DFF8501481F82E0022E20020A1
:2063A000DFF8FC1448700020DFF8F41408700520DFF8341481F82E000020DFF82C14C8706D
:2063C0000020DFF8241408735A20DFF81C1481F82F0000F015FA05E20020DFF8C41448707D
:2063E0000020DFF8BC1408700020DFF8B41448700020DFF8AC1408700922DFF8EC03C1788E
:20640000DFF8E403007B04F0E1FCEBE1DFF8D80390F82E00032840F0A480DFF884040078E8
:20642000002800F08280DFF80C090068DFF8541609784FF4B27251430844407C8146DFF88B
:206440006004407801280AD0082843D0102842D020283FD0402843D080281ED057E0DFF81A
:206460008803407B002807D0DFF87C03407B401EDFF87413487304E0B9F10100DFF868136E
:206480004873D948407B092190FBF1F0D64908715A20D54981F82F0041E0D348407B5FFAA7
:2064A00089F9B9F10101884205D0CF48407B401CCD49487302E00020CB494873CA48407B72
:2064C000092190FBF1F0C84908715A20C64981F82F0024E023E00420C34981F82E001EE08F
:2064E0000020DFF8BC1348700020DFF8B41308700220BD4981F82E000020BB49087100205C
:20650000B94948735A20B84981F82F006AE10020DFF88C1348700020DFF8841308700020DC
:20652000DF4948700020DE49087006F0F6F909200190DFF8500A0090DFF8F8070068DFF847
:20654000441509784FF4B272514300EB0103A6480279A548417BDFF82C05007804F088FC6D
:2065600040E1A14890F82E00042840F0FD80DFF8C4070068DFF80C1509784FF4B272514304
:2065800008449949497B1C2251430844007DDFF8F8190870944800785A2815D05A209249FE
:2065A0000870DFF8E0090500DFF8DC09007805EB40052888DFF8D419088000208A498A4A72
:2065C00092F82E201144C87406F0A7F9DFF864070068DFF8B01409784FF4B27251430844AF
:2065E0008149497B1C2251430844C06A002815D0DFF89839DFF83C070068DFF8881409789A
:206600004FF4B272514300EB01027748417BDFF87404007804F0E3FC07001AE0DFF86C092F
:206620000090DFF810070068DFF8581409784FF4B272514300EB0103DFF854296A486A490D
:2066400091F82E100844C17C6748407B04F088FD0700FFB25A2F12D10320634981F82E006D
:2066600000206149087000205F495F4A92F82E201144C8740020DFF814190880B2E0FFB20F
:20668000A52F6AD1DFF8AC060068DFF8F81309784FF4B272514308445349497B1C2251431E
:2066A0000844408CDFF8E4180988884212D2DFF884060068DFF8CC1309784FF4B2725143B5
:2066C00008444949497B1C2251430844408CDFF8BC180880DFF8B4080088DFF8581609682A
:2066E000DFF8A02312784FF4B2735A4311443E4A527B1C235A431144098C884212D2DFF87C
:2067000034060068DFF87C1309784FF4B272514308443549497B1C2251430844008CDFF8E6
:206720006C180880DFF85C080500DFF85C08007805EB4005DFF854080088288003202A492C
:2067400081F82E0000202849087000202649264A92F82E201144C87444E02348224991F89E
:206760002E100844C7743DE01F4890F82E00052838D100F045F880465FFA88F8B8F15A0F06
:206780000ED14AF25A50DFF804130880FDF7F6FCDFF8980500680068DFF89015086021E0AF
:2067A0005FFA88F8B8F1A50F1CD1DFF8902A0021012005F09FFD0021012008F0F0F806F03A
:2067C000ACF8642005F0D9F94AF25A50DFF8BC120880FDF7D3FCDFF8540500680068DFF81D
:2067E0004C150860BDE8F783586A0020506C0020186B0020536E0020E06B0020F86F020893
:2068000070B5032000F04EF8DFF824150870DFF8200500785A280BD15A20DFF8781281F84C
:206820002F000020DFF86C1281F82E005A202CE0DFF8FC040078FF2801D1002025E045F6DF
:20684000A520DFF848120880DFF8E4040078DFF83C128870DFF82C0706005A2005002900AE
:20686000C9B2300007F0D4FADFF82012A1F86800DFF8BC040178012008F00EFF0400E4B2CE
:20688000012C01D1A52000E05A2070BD80710208B46700201C6D0020DC710208E07102081C
:2068A0004C6D00207FB5040003F0B4FB00200500EDB2202D06DA0020DFF88419EDB2485564
:2068C0006D1CF5E7E4B2012C06D1DFF878290021022005F00FFD19E0E4B2022C06D1DFF892
:2068E00068290021022005F005FD0FE0E4B2032C06D1DFF858290021022005F0FBFC05E0D6
:20690000DFF84C290021022005F0F4FC614800785A280FD0DFF83C0900788DF80C0001203B
:206920005C495C4A92F82E201144C8745A205949087003E05748808B8DF80C0003A80290B4
:2069400010200190DFF84806009001235148514991F82E100844C27C0C210220FDF73DFE9B
:206960000600F6B25A2E1CD100204A4908705A20484981F82F0000204649464A92F82E20FF
:206980001144C87400200500EDB2052D07DA00204049EDB201EB450188836D1CF4E75A202C
:2069A0003BE0F6B2A52E29D100203A4908705A20384981F82F0000203649364A92F82E2092
:2069C0001144C87400200500EDB2052D07DA00203049EDB201EB450188836D1CF4E79DF8E1
:2069E0000C00002807D0DFF870280021012005F081FC5A2011E09DF80C000EE02548254994
:206A000091F82E100844C6749DF80C0021498883FF208DF80C009DF80C0004B070BD70B5BC
:206A20000400002005002800451CC0B2032811DA16488470154808F02CFF144808F06CFD8D
:206A4000002807D100200600F6B2FF2E01D0761CFAE7E8E7EDB2032D0CDB4AF25A500B4938
:206A60000880FDF78BFBDFF8C40200680068DFF8BC12086070BD0000606B0020906B002067
:206A8000206D00206D6E00201C6E0020E8650020556E0020586A002080B5DFF81C0C0088B6
:206AA000642822DB0020DFF8141C08700020DFF8081C08800020DFF8081C0880FDF75EFB1B
:206AC0002020DFF8001C8870DFF8FC0B97490860DFF8F00B4078DFF8EC1BC870DFF8E40BFF
:206AE000C078DFF8E81B08801FE1DFF8E40B0078002840F0E580DFF8CC0B8078202822D021
:206B0000DFF8BC0B008800281DD10120DFF8B01B08800020DFF8A41B0870DFF8A80B40787E
:206B2000DFF8B01B0880DFF89C0BC078DFF89C1B08800320DFF8981B08700E2004F023FFF6
:206B400005F0CBFD11E0DFF87C0B807820280BD00320DFF87C1B08700120DFF8641B088006
:206B60000E2004F010FF00E0DFE005F0B6FDDFF8540B4078DFF8541B098880B2884231D0DB
:206B8000DFF8540BDFF83C1BDFF8402B1288120111440A31102208F0C1FEDFF8300B00888F
:206BA000401C232190FBF1F201FB1200DFF81C1B0880DFF8080B0078022190FBF1F201FB34
:206BC00012000200D2B2DFF8101BDFF8F00A007880B200F0DFF9DFF8E40A0078401CDFF868
:206BE000DC1A0870DFF8DC0A4078DFF8E01A098880B2884231D0DFF8E00ADFF8C81ADFF802
:206C0000CC2A1288120111440A31102208F086FEDFF8B80A0088401C232190FBF1F201FB68
:206C20001200DFF8A81A0880DFF8900A0078022190FBF1F201FB12000200D2B2DFF8981A8A
:206C4000DFF8780A007880B200F0A4F9DFF86C0A0078401CDFF8641A0870DFF8680A4078B5
:206C6000DFF8681A098880B2884229D1DFF8480A0088401CDFF8401A08800020DFF83C1A21
:206C80000870DFF8400AC078DFF8401A0880DFF8440A0088DFF82C1A497889B288420FD0FB
:206CA0000020DFF8141A0880DFF8280A0088401C232190FBF1F201FB1200DFF8181A0880E9
:206CC000DFF8840C007800282FD0DFF87C0C4078102802D0402809D01FE00020DFF8681CD2
:206CE00048700020DFF8601C08701EE00020DFF8581C48700020DFF8501C08700020DFF8FE
:206D00004C1C08706420DFF8B0190880FDF736FADFF8B4090549086007E00020DFF8281C57
:206D200048700020DFF8201C087001BD6C6D0020646E0020286D002070B5DFF8140C90F8EE
:206D40002E00002861D103F065F9002009F06BF8DFF8001C0880DFF8FC0B0088002811D1F3
:206D600005F0BBFCDFF8F02B0421022005F0C2FAFDF704FADFF83C0900680068DFF834197B
:206D80000860FEE0DFF8CC0B0078C00702D40220060001E001200600DFF8B80B0088801BFD
:206DA000DFF8B81B0880DFF8AC0B0088801B0500002004002000C0B2310080B289B28842CD
:206DC00018D22800DFF88C1B098880B2884211D20022DFF80419280080B209F03AF82200F6
:206DE000D2B2DFF8F418280080B200F0D3F86D1C641CDFE70120DFF8581B81F82E00DFF85F
:206E0000540B0088DFF8541B0880DFF83C0B0078002800F0B6805A20DFF8341B81F82F0091
:206E2000DFF8240B4078012836D0082805D0202832D0402850D0802860D1DFF8200B00882B
:206E4000DFF8101B0988884210D1DFF8080B0088022804DB0220DFF8041B08801BE0DFF807
:206E6000F40A0088DFF8F41A088014E0DFF8EC0A0088801CDFF8E41A0880DFF8E00A008894
:206E8000DFF8D01A0988884205D3DFF8C80A0088DFF8C81A088039E0DFF8C00A0078C00793
:206EA00007D5DFF8B80A0088401EDFF8B01A088006E0DFF8A80A0088801EDFF8A01A0880A0
:206EC000DFF8980A0088002805D1DFF8880A0088DFF8881A088019E00020DFF86C1A487093
:206EE0000020DFF8641A0870FDF748F9DFF8C40700680068DFF8BC17086042E00020DFF8D3
:206F0000481A48700020DFF8401A08700020DFF8381A48700020DFF8301A087003F07AF86F
:206F2000DFF8380A0078C00702D40220060001E001200600DFF8240A0088801B05000020A6
:206F400004002000C0B2310080B289B2884218D22800DFF8001A098880B2884211D200229E
:206F6000DFF87417280080B208F073FF2200D2B2DFF86417280080B200F00CF86D1C641C9C
:206F8000DFE770BDEC6500206E6E00201E6E0020000000202DE9FE4F04000D00160000201B
:206FA00082465FFA8AFABAF1140F08DA0020A4495FFA8AFA01F80A001AF1010AF1E7E87B3E
:206FC00010F50050ADF80800687B0190A87B0090BDF80830A4B2621CDFF88C1B984808F071
:206FE000B9FF974A0021F6B2B000C0B205F082F9002082465FFA8AFABAF1140F08DA002008
:207000008F495FFA8AFA01F80A001AF1010AF1E728890190A87A0090EB7A2A7BDFF84C1B8E
:20702000874808F097FF864A0021F6B2B000401CC0B205F05FF905F070FC002082465FFAED
:207040008AFABAF1100F08DA00207D495FFA8AFA01F80A001AF1010AF1E7002081464846D7
:20706000DFF80C1B0978C0B2884220D2A878DFF8041B09685FFA89F9142202FB09F2895CEE
:20708000884211D1DFF8EC0A00685FFA89F9142101FB09F10844421C0021F6B2B000801C4A
:2070A000C0B205F027F902E019F10109D7E705F034FC002082465FFA8AFABAF1100F08DAFF
:2070C00000205F495FFA8AFA01F80A001AF1010AF1E7E878012840F0AE80002081465FFAF3
:2070E00089F905EB8900C08883461FFA8BFB42F21070834522DB1FFA8BFB0A209BFBF0FB22
:207100001FFA8BFB0A209BFBF0F08046DFF8681A404680B206F0A6FC2E204949C8711FFA8F
:207120008BFB0A209BFBF0F100FB11B080464046C0B206F001FC424908721CE01FFA8BFB1B
:2071400064209BFBF0F08046DFF82C1A4046C0B206F0FBFB2E203A4988711FFA8BFB642081
:207160009BFBF0F100FB11B08046DFF8101A4046C0B206F0EAFB5FFA89F905EB8900007975
:207180000700002082465046DFF8F4190978C0B288422FD23800DFF8EC195FFA8AFA0622AF
:2071A00002FB0AF2895CC0B2884220D10422DFF8D4095FFA8AFA062101FB0AF10844411C46
:2071C0001F4806F037FB0222DFF8BC09DFF8B4195FFA8AFA062303FB0AF3194491F90510BF
:2071E00000EB4101DFF8A40906F024FB02E01AF1010AC8E7124A0021F6B2B000C01CC0B2FF
:2072000005F078F85FFA89F905EB89004079002811D0DFF87C095FFA89F905EB8901497980
:207220000522514300EB01021021F6B2B000C01CC0B205F05FF8BDE8F78F0000886D020858
:20724000B4670020BC6F0208C86F0208D46F0208E06F0208446D0020786D020870B5DFF81B
:20726000F00690F82E0000286CD102F0D3FE012008F0D9FDDFF81C190880DFF81809008837
:20728000002811D105F029FADFF80C290421022005F030F8FCF772FFDFF818040068006835
:2072A000DFF81014086020E1DFF8E8080088032190FBF1F201FB1200002809D0DFF8D408C7
:2072C0000088032190FBF1F201FB1200040001E003200400DFF8BC080088DFF8C018088020
:2072E000DFF8B0080088001B0500002006003000C0B2210080B289B2884218D22800DFF84E
:207300009418098880B2884211D20122DFF89018280080B208F09DFD3200D2B2DFF880189E
:20732000280080B200F0E2F86D1C761CDFE70120DFF81C1681F82E00DFF858080088DFF8E1
:207340005C180880DFF800060078002800F0CD805A20DFF8FC1581F82F00DFF8EC054078ED
:20736000012836D0082805D0202832D040285DD080286BD1DFF824080088DFF818180988F3
:20738000884210D1DFF814080088032804DB0320DFF8081808801BE0DFF8F8070088DFF8EB
:2073A000FC17088014E0DFF8F4070088C01CDFF8EC170880DFF8E4070088DFF8D817098805
:2073C000884205D3DFF8CC070088DFF8D017088044E0DFF8C8070088032190FBF1F201FBB3
:2073E000120000280FD0DFF8B40700880321DFF8AC271288121A90FBF1F001FB0020DFF867
:207400009C17088006E0DFF894070088C01EDFF88C170880DFF884070088002805D1DFF8B2
:2074200074070088DFF87417088017E00020DFF8181548700020DFF810150870FCF79EFE69
:207440009C48006800689B4908604EE00020DFF8F81448700020DFF8F01408700020DFF8D9
:20746000E81448700020DFF8E014087002F0D2FDDFF828070088032190FBF1F201FB120006
:20748000002809D0DFF814070088032190FBF1F201FB1200040001E003200400DFF8FC06EC
:2074A0000088001B0500002006003000C0B2210080B289B2884218D22800DFF8D81609889C
:2074C00080B2884211D20122DFF8D416280080B208F0BFFC3200D2B2DFF8C416280080B21B
:2074E00000F004F86D1C761CDFE770BD2DE9FC4704000D001600002080465FFA88F8B8F1AA
:20750000140F09DA0020DFF8BC1C5FFA88F801F8080018F10108F0E7687A10F500508146D5
:20752000E8790190287A00901FFA89F94B46A4B2621CDFF83416DFF88C0C08F00BFDDFF8C0
:20754000842C0021032016FB00F0C0B204F0D2FE002080465FFA88F8B8F1140F09DA002072
:20756000DFF8601C5FFA88F801F8080018F10108F0E768880190287900906B79AA79DFF865
:20758000EC15DFF8400C08F0E5FCDFF8382C0021F6B2032000FB06F0401CC0B204F0AAFE6C
:2075A00000200700FFB2102F06DA0020DFF8141CFFB2C8557F1CF5E768780F282ADA00202D
:2075C00007003800DFF8001C0978C0B2884221D26878DFF8F81B0968FFB2112202FB07F2B4
:2075E000895C884214D1DFF8E40B0068FFB2112101FB07F10844401C824652460121F6B220
:20760000032000FB06F0801CC0B204F073FE01E07F1CD6E7687820282CDB6878412829DA2F
:20762000002007003800DFF848150978C0B2884220D26878DFF83C150968FFB2142202FBAB
:2076400007F21144497C884212D1DFF828050068FFB2142101FB07F10844421C0021F6B2B1
:20766000032000FB06F0801CC0B204F043FE01E07F1CD7E72878FF280BD1DFF8542B10214F
:20768000F6B2032000FB06F0801CC0B204F032FE0DE0287800280AD1DFF8382B1021F6B259
:2076A000032000FB06F0801CC0B204F023FEBDE8F38700006C6D0020F66D00206F6E0020FB
:2076C000F46D0020E0590020EC6B0208FA6D00205A6E0020F86D0020D06B002070B59C4817
:2076E00090F82E0000286CD102F094FC022008F09AFBDFF8E41A0880DFF8DC0A0088002874
:2077000011D104F0EAFFDFF8D42A0421022004F0F1FDFCF733FDDFF8C80A00680068DFF839
:20772000C01A08600FE1DFF8B00A0088032190FBF1F201FB1200002809D0DFF89C0A008858
:20774000032190FBF1F201FB1200040001E003200400DFF8840A0088001BDFF840140880C2
:20776000DFF8740A0088001B0500002006003000C0B2210080B289B2884218D22800DFF803
:20778000581A098880B2884211D20222DFF81014280080B208F05DFB3200D2B2DFF800149D
:2077A000280080B200F0DCF86D1C761CDFE70120674981F82E00DFF8200A0088DFF8DC1303
:2077C000088061480078002800F0BD805A20604981F82F005C484078012835D0082805D051
:2077E000202831D0402858D0802866D1DFF8AC030088DFF8E4190988884211D1DFF89C033C
:207800000088032804DB0320DFF8901308801AE0DFF8C4090088401EDFF88013088012E049
:20782000DFF878030088C01CDFF870130880DB480088DFF8A4190988884204D3DFF89809C7
:207840000088D64908803EE0D448008803281ADBD2480088032190FBF1F201FB12000028AD
:207860000CD0CE4800880321CC4A1288121A90FBF1F001FB0020C949088004E0C7480088F1
:20788000C01EC6490880C5480088002804D1DFF848090088C149088015E000202A4948705F
:2078A000002029490870FCF769FCDFF8340900680068DFF82C19086045E000202249487096
:2078C00000202149087000201F49487000201E49087002F09FFBB1480088032190FBF1F2C8
:2078E00001FB1200002808D0AC480088032190FBF1F201FB1200040001E003200400A74863
:207900000088001B0500002006003000C0B2210080B289B2884216D22800DFF8BC18098853
:2079200080B288420FD202229D49280080B208F090FA3200D2B29A49280080B200F010F899
:207940006D1C761CE1E770BD4C6D00205D6E0020586A0020086E0020C06E0208046E002011
:207960002DE9F04383B004000D001600002080465FFA88F8B8F1140F09DA0020DFF84418A3
:207980005FFA88F801F8080018F10108F0E7687A10F500508146E8790190287A00901FFAE9
:2079A00089F94B46A4B2621C6F49DFF8180808F0D1FADFF810280021032016FB00F0C0B2A8
:2079C00004F098FC002080465FFA88F8B8F1140F09DA0020DFF8EC175FFA88F801F80800DD
:2079E00018F10108F0E768880190287900906B79AA795E49DFF8CC0708F0ACFADFF8C42734
:207A00000021F6B2032000FB06F0401CC0B204F071FC00200700FFB2102F06DA0020DFF86C
:207A2000A417FFB2C8557F1CF5E7687801280BD1DFF8B0270121F6B2032000FB06F0801C39
:207A4000C0B204F057FC73E068780A280BD1DFF898270121F6B2032000FB06F0801CC0B2AA
:207A600004F048FC64E068780B280BD1DFF87C270121F6B2032000FB06F0801CC0B204F041
:207A800039FC55E068780C280BD1DFF864270121F6B2032000FB06F0801CC0B204F02AFC24
:207AA00046E068780D280BD1DFF848270121F6B2032000FB06F0801CC0B204F01BFC37E05B
:207AC00068780E280BD1DFF830270121F6B2032000FB06F0801CC0B204F00CFC28E06878B6
:207AE0000F280BD1DFF814270121F6B2032000FB06F0801CC0B204F0FDFB19E0687809287F
:207B00000BD1DFF8FC260121F6B2032000FB06F0801CC0B204F0EEFB0AE0DFF8E8260121D6
:207B2000F6B2032000FB06F0801CC0B204F0E2FB287800280BD0DFF8D0261021F6B203203E
:207B400000FB06F0801CC0B204F0D4FB0AE0DFF8BC261021F6B2032000FB06F0801CC0B2C5
:207B600004F0C8FBBDE8F783D86902080C690208516E0020146D0020B8670020BB67002064
:207B800092F900082C640208986A0208BD67002044000020066E0020CC6E0208026E00209C
:207BA0003C6C0020F0B585B0DFF8640690F82E00002822D10020FDF746F80400E4B25A2C9F
:207BC00009D1FCF7DBFADFF8180600680068DFF810160860F4E2E4B2A52C0DD10020DFF8C7
:207BE000301608760120DFF82816C8750120DFF8201681F82E0000E0E2E2DFF8140690F85C
:207C00002E00012840F0DC82DFF8040600785A2800F07F8002F0FEF95A20DFF8F4150870FA
:207C200000200700FFB2202F06DA0020DFF89415FFB2C8557F1CF5E7002006000E22DFF82B
:207C4000D415DFF8800505F0F5FDDFF8CC05C07910F5005080B206F04DF80500DFF8641500
:207C6000280080B205F03AFFDFF8B015DFF8A805807905F0D4FEDFF8A815DFF89C054079D7
:207C800005F0CDFE0C22DFF89C15DFF89C0505F0D1FDDFF89415DFF88005007905F0BFFE2C
:207CA000DFF88815DFF87005C07805F0B8FEDFF88015DFF86405807805F0B1FEDFF80425D9
:207CC0000121012004F016FBDFF85C250221022004F010FBDFF83805007E0F210123DFF803
:207CE000E424DFF82CC59CF818C012F80C20D2B290FBF1FC01FB1C00DFF81415C97D091897
:207D0000C9B2DFF80C05C07DC0B24000C0B204F01BF904F002FEDFF81C050078002800F01B
:207D20004F8204F0FAFDDFF810050078002800F04782DFF80405407801280DD0082800F084
:207D40009F80102800F0F480202841D0402800F0EE8180281ED0FAE1DFF86804DFF8B014F9
:207D6000097E4056392807D13020DFF85814DFF8A024127E88540CE0DFF84804DFF8901489
:207D8000097E405C401CDFF83C14DFF88424127E8854E4E1DFF82C04DFF87414097E40560A
:207DA000302807D13920DFF81C14DFF86424127E88540CE0DFF80C04DFF85414097E405C33
:207DC000401EDFF80014DFF84824127E8854C6E1DFF83C04007E002808D11820DFF830141B
:207DE00008760220DFF82814C875B8E1DFF82004007E401EDFF818140876DFF81404007E35
:207E0000042833DBDFF80804007E0F2811DBDFF80004007E022190FBF1F201FB1200002884
:207E200024D1DFF8EC03007E801EDFF8E41308761CE0DFF8DC03007E0E2806D1DFF8D00338
:207E4000007E401EDFF8C8130876DFF8C403007E022190FBF1F201FB1200002806D0DFF886
:207E6000B003007E801EDFF8A8130876DFF8A003007E0E2803DA0120DFF89413C8756EE1ED
:207E8000DFF88C03007E182808DB0120DFF88013C8750020DFF87813087660E1DFF8700388
:207EA000007E401CDFF868130876DFF86403007E042833DBDFF85803007E0F2811DBDFF878
:207EC0005003007E022190FBF1F201FB1200002824D0DFF83C03007E801CDFF8341308764A
:207EE0001CE0DFF82C03007E022190FBF1F201FB1200002806D1DFF81803007E801CDFF881
:207F000010130876DFF80803007E0E2806D1DFF80003007E401CDFF8F8120876DFF8F00277
:207F2000007E0F2803DB0220DFF8E412C87516E10020DFF8041348700020DFF8FC12087048
:207F4000002006009F4890F90100302801D0FF2006009C48C0780100C9B29A488078C0B258
:207F600005F062FE8DF807009648C0790100C9B294488079C0B205F057FE8DF80600914898
:207F8000C07A0100C9B28F48807AC0B205F04CFE8DF805008B48007C0100C9B28948C07B48
:207FA000C0B205F041FE8DF804008648007D0100C9B28448C07CC0B205F036FE8DF80300A0
:207FC0008048007E0100C9B27E48C07DC0B205F02BFE8DF802009DF80600002803D09DF89A
:207FE00006000D2801DBFF2006009DF80500002848D09DF80500202844DA9DF806000428A4
:208000000BD09DF80600062807D09DF80600092803D09DF806000B2806D19DF805001F28C0
:2080200002D1FF2006002FE09DF8060002282BD19DF80700042190FBF1F201FB1200002813
:2080400008D19DF80700642190FBF1F201FB1200002809D19DF807004FF4C87190FBF1F222
:2080600001FB1200002806D19DF805001E280BDBFF20060008E09DF805001D2804DBFF2043
:20808000060001E0FF2006009DF80400182801DBFF2006009DF803003C2801DBFF200600FD
:2080A0009DF802003C2801DBFF20060004F035FC9DF8070010F5FA6080B205F075FE050005
:2080C00028008DF80F009DF8060005F04EFE8DF80E009DF8050005F048FE8DF80D009DF879
:2080E000040005F042FE8DF80C009DF8030005F03CFE8DF80B009DF8020005F036FE8DF81A
:208100000A00F6B2002E02D102A808F084F9DFF8080108F007F90020DFF8FC100880FCF737
:208120002DF82F48006800682D49086048E00020DFF8041148700020DFF8FC100870FCF79B
:208140001DF82748006800682549086038E00020DFF8E41048700020DFF8DC1008700020BF
:20816000DFF8D41048700020DFF8CC100870154A0121012004F0BEF8DFF8AC20022102200D
:2081800004F0B8F8DFF88800007E0F2101230D4ADFF87CC09CF818C012F80C20D2B290FBEF
:2081A000F1FC01FB1C00DFF86810C97D0918C9B2DFF85C00C07DC0B24000C0B203F0C4FE40
:2081C00005B0F0BDB4670020526E0020186D00207071020878710208206E0020D86E0208A1
:2081E0006C6D0020586C0208E46E0208686C0208F06E0208FC6E0208786C0208886C0208B6
:20820000086F0208146F02082071020828710208586A0020F86D0208686C0020BA6700208C
:20822000BE6700209C6B0208C3670020C7670020CB6700205B6E00204C6D00202DE9F041F5
:2082400082B0DFF8F40790F82E00002840F08981DFF8E40790F82F005A281ED104F03DFAED
:208260000020DFF8D41781F82F00DFF8D0070079DFF8CC170871DFF8C4074079DFF8C01711
:208280004871DFF8B8078079DFF8B4178871DFF8AC07C078DFF8A817C87000200700FFB293
:2082A000202F06DA2020DFF88C17FFB2C8557F1CF5E7DFF88017DFF88807007905F0AFFBA4
:2082C0004820DFF870178870DFF868270B21002004F010F8DFF868074079002805D002280C
:2082E00011D009D3032815D01AE0DFF858270B21012003F0FFFF13E0DFF84C270B21012099
:2083000003F0F8FF0CE0DFF844270B21012003F0F1FF05E0DFF838270B21012003F0EAFFD1
:20832000DFF81C07C078022802D0032807D00CE0DFF820270A21022003F0DCFF05E0DFF82C
:20834000D02C0A21022003F0D5FFDFF8F4068079002806D0DFF800270A21032003F0CAFF3D
:2083600005E0DFF8B02C0A21032003F0C3FFDFF8EC060078002800F08B80DFF8E006407889
:20838000012806D0102827D0402861D0802812D06EE0DFF8A4064078002804D10320DFF80E
:2083A0009816487006E0DFF890064078401EDFF88816487064E0DFF880064078401CDFF835
:2083C00078164870DFF870064078042803DB0020DFF86416487053E00020DFF880164870A7
:2083E0000020DFF878160870DFF84C064078002807D10120DFF8401681F82E0000F045F97C
:2084000025E0DFF834064078012807D10220DFF8281681F82E0000F0C3F918E0DFF8180616
:208420004078022807D10320DFF80C1681F82E0000F035FA0BE0DFF800064078032806D11E
:208440000420DFF8F41581F82E0000F08AFA17E00020DFF8081648700020DFF800160870B4
:20846000FBF78CFE0520DFF8D01581F82E0007E00020DFF8E81548700020DFF8E015087001
:208480000020DFF8D81548700020DFF8D0150870DFF8A4054078002802D15FF0010801E080
:2084A0005FF00008DFF8700B07F0D8FF5FFA88F8CDF80080DFF8603B0200D2B200210020EE
:2084C00003F08CFFDFF870054078012802D15FF0010801E05FF00008DFF8400B07F0BEFFB8
:2084E00002005FFA88F8CDF80080DFF8303BD2B20021012003F072FFDFF83C0540780228F6
:2085000002D15FF0010801E05FF00008DFF8100B07F0A4FF5FFA88F8CDF80080DFF8003B3C
:208520000200D2B20021022003F058FFDFF808054078032802D15FF0010801E05FF00008FE
:20854000DFF8E00A07F08AFF5FFA88F8CDF80080DFF8D03A0200D2B20021032003F03EFFE1
:2085600091E0DFF8D40490F82E00012802D100F08CF888E0DFF8C00490F82E00022802D1FF
:2085800000F00EF97FE0DFF8B00490F82E00032802D100F084F976E0DFF89C0490F82E0056
:2085A000042802D100F0DDF96DE0DFF88C0490F82E00052867D1DFF888040500DFF87C0468
:2085C000060000200700FFB20C2F12D22800451C31004E1C00780978884204D00120DFF8EB
:2085E000481A087005E00020DFF83C1A08707F1CE9E7DFF8340A007800283AD00220FCF7B8
:2086000022FB0400E4B25A2C09D1FBF7B7FDDFF8200400680068DFF81814086033E0E4B2BE
:20862000A52C25D10020DFF8001A08705A20DFF8081481F82F00082006F044FD0022DFF87D
:20864000FC034179DFF8440B07F092FF00210F2006F0A5F904F041F8DFF8342B002101202A
:2086600003F082FE0520DFF8D01381F82E000AE009E0FBF783FDDFF8B80300680068DFF883
:20868000B0130860FFE7BDE8F38130B585B0DFF8A80300785A2812D0DFF8A00300798DF8C0
:2086A0000C000020DFF89013DFF88C2392F82E201144C8745A20DFF88013087004E0DFF80E
:2086C0007803808B8DF80C0003A8029000200190DFF8C00A00900123DFF85C03DFF85813C8
:2086E00091F82E100844C27C0B210020FBF775FF0500EDB25A2D1FD10020DFF83C13DFF83F
:20870000382392F82E201144C8740020DFF8281381F82E000020DFF82013087000200400F6
:20872000E4B2052C3ADA0020DFF80C13E4B201EB44018883641CF3E7EDB2A52D24D1002096
:20874000DFF8F412DFF8F02292F82E201144C8740020DFF8E41281F82E000020DFF8D81275
:20876000087000200400E4B2052C08DA0020DFF8C812E4B201EB44018883641CF3E79DF822
:208780000C00AF49087109E0AB48AB4991F82E100844C5749DF80C00A749888305B030BD02
:2087A00080B5A54800785A2806D0A4484079A24988705A20A0490870A848007800284CD0B8
:2087C000A6484078012806D0102820D040282AD080280ED035E098488078002803D10320D8
:2087E0009549887004E094488078401E924988702DE091488078032803DB00208E498870E4
:2088000004E08D488078401C8B4988701FE08A4880788B4948710020874981F82E00002072
:208820008549087013E000208C49487000208B490870FBF7A3FC7E48006800687C49086092
:208840002CE00020854948700020844908700020824948700020814908707748807800281D
:2088600005D002280FD008D3032812D016E0754A0B21012003F078FD10E0734A0B210120CE
:2088800003F072FD0AE0714A0B21012003F06CFD04E06F4A0B21012003F066FD01BD80B5F5
:2088A000654800785A2806D06448C078624988705A20614908706948007800283DD067480B
:2088C0004078012806D010280CD0402815D0802804D022E002205849887026E00220564980
:2088E000887022E002205649C8700020524981F82E0000205049087017E00020DFF8981854
:2089000048700020DFF890180870FBF737FC4848006800684649086022E00020DFF8781883
:2089200048700020DFF8701808700020DFF8681848700020DFF8601808703F4880780228C9
:2089400002D0032806D00BE0424A0A21022003F00BFD05E0DFF8B8260A21022003F004FDAA
:2089600001BD80B5344800785A2806D033488079314988705A2030490870DFF81C080078F4
:20898000002842D0DFF810084078012805D010280FD0402819D0802827D127488078002861
:2089A00003D000202449887002E001202249887023E0214880782249887100201E4981F831
:2089C0002E0000201C49087017E00020DFF8C81748700020DFF8C0170870FBF7CFFB144889
:2089E00000680068124908601FE00020DFF8A81748700020DFF8A01708700020DFF89817AB
:208A000048700020DFF8901708700B488078002805D0114A0A21032003F0A6FC05E0DFF846
:208A2000F4250A21032003F09FFC01BD000000006C6D0020B4670020586A0020246C0020BD
:208A4000306C0020887102089071020898710208A0710208A8710208C07102084C6D0020E7
:208A600038B5DFF8080C90F82E00002820D10320FCF7E9F80400E4B25A2C0BD10020DFF865
:208A8000F01B0870FBF77AFBDFF8E80BDFF8381D0860BBE2E4B2A52C09D10120DFF8CC1BD1
:208AA00081F82E000020DFF8D01B087000E0ADE2DFF8B80B90F82E00012840F09482DFF8B0
:208AC000AC0B90F82F005A2820D103F006FE0020DFF8981B48700020DFF8901B88720020A0
:208AE000DFF8881B81F82F00DFF8900BC078DFF8201CC870DFF8840B8078DFF8141C887002
:208B0000DFF8780B0079DFF8081C087103F005FFDFF86C2B0221002003F0ECFBDFF8F40BB6
:208B20000078002811D15A20DFF8401B81F82F000020DFF83C1B087003F0CFFDFBF71EFBCF
:208B4000DFF8300BDFF8801C0860DFF84C060078002800F00A81DFF84006407801280ED008
:208B6000082800F0B780102800F0B580202800F0B180402800F0D580802856D0E1E0DFF8C5
:208B8000F80A007800283ED0DFF8E00A807A002811D1DFF87C0BC078022804DB0020DFF8CA
:208BA000701BC87040E0DFF8680BC078401CDFF8601BC87038E0DFF8B40A807A01280ED1BB
:208BC000DFF84C0B8078002804D00020DFF8401B887029E00120DFF8381B887024E0DFF802
:208BE0008C0A807A02281FD1DFF8240B0079002804D00020DFF8181B087115E00120DFF8C0
:208C0000101B087110E0DFF8640A807A002807D0DFF8580A807A401EDFF8501A887203E0D3
:208C20000220DFF8481A887293E0DFF84C0A007800283ED0DFF8340A807A002811D1DFF8A1
:208C4000D00AC078022804DB0020DFF8C41AC8703FE0DFF8BC0AC078401CDFF8B41AC870BF
:208C600037E0DFF8080A807A01280ED1DFF8A00A8078002804D00020DFF8941A887028E0D8
:208C80000120DFF88C1A887023E0DFF8E009807A02281ED1DFF8780A0079002804D000207A
:208CA000DFF86C1A087114E00120DFF8641A08710FE0DFF8B809807A401CDFF8B019887284
:208CC000DFF8A809807A032803DB0020DFF89C1988723EE03DE00020DFF8BC144870002089
:208CE000DFF8B4140870DFF890090078002813D00020DFF884190870012006F0E3F9DFF894
:208D0000CC2A0021072003F0F5FADFF8C42A0021082003F0EFFAFEE70120DFF85C1908707F
:208D200017E00020DFF8701448700020DFF868140870FBF723FA0720DFF8301981F82E0021
:208D400064E10020DFF8501448700020DFF8481408703C20DFF8BC1908700020DFF838142D
:208D600048700020DFF830140870DFF80009807A002801D1012500E00025DFF8800B07F030
:208D80006DFBEDB20095DFF8743B0200D2B20021012003F023FBDFF8D408807A012801D130
:208DA000012500E00025DFF8580B07F057FB0200EDB20095DFF8483BD2B20021022003F0BB
:208DC0000DFBDFF8A808807A022801D1012500E00025DFF8300B07F041FBEDB20095DFF893
:208DE000243B0200D2B20021032003F0F7FADFF82009C078002805D002283BD01ED30328E0
:208E000054D06FE0DFF870080078002806D0DFF85C08807A002801D1012500E00025DFF8E9
:208E2000E80A07F01BFBEDB20095DFF8DC3A0200D2B20821012003F0D1FA53E0DFF838083A
:208E40000078002806D0DFF82408807A002801D1012500E00025DFF8B40A07F0FFFAEDB256
:208E60000095DFF8A83A0200D2B20821012003F0B5FA37E0DFF800080078002806D0DFF8EF
:208E8000EC07807A002801D1012500E00025DFF8800A07F0E3FAEDB20095DFF8743A0200D0
:208EA000D2B20821012003F099FA1BE0DFF8C8070078002806D0DFF8B407807A002801D1C1
:208EC000012500E00025DFF84C0A07F0C7FAEDB20095DFF8403A0200D2B20821012003F03A
:208EE0007DFAFFE7DFF828088078002802D001281CD037E0DFF880070078002806D0DFF845
:208F00006C07807A012801D1012500E00025DFF8080A07F0A3FAEDB20095DFF8FC390200FF
:208F2000D2B20821022003F059FA1BE0DFF848070078002806D0DFF83407807A012801D17E
:208F4000012500E00025DFF8D40907F087FAEDB20095DFF8C8390200D2B20821022003F0EA
:208F60003DFAFFE7DFF8A8070079002802D001281CD037E0DFF800070078002806D0DFF884
:208F8000EC06807A022801D1012500E00025DFF8900907F063FAEDB20095DFF88439020030
:208FA000D2B20921032003F019FA2FE0DFF8C8060078002806D0DFF8B406807A022801D129
:208FC000012500E00025DFF8880B07F047FAEDB20095DFF87C3B0200D2B20921032003F03C
:208FE000FDF913E012E0DFF8840690F82E0007280CD103F092FC0020DFF874160870FBF707
:20900000BDF8DFF87006DFF8C017086031BD0000B0710208B8710208107002081C700208CC
:209020002870020834700208666E00207FB5DFF83C0690F82E0000281AD10020FBF703FEC3
:209040000500EDB25A2D09D1FBF798F8DFF8780700680068DFF87017086096E0EDB2A52DB6
:2090600005D10120DFF8041681F82E008DE08CE0DFF8F80590F82E00012840F0868000F0AF
:20908000C9FFDFF8E80500785A280BD05A20DFF8DC15087000208DF80D009DF80D008DF8DC
:2090A0000C000FE000200400E4B2022C0ADADFF8BC05E4B200EB4400808B03A9E4B20855E2
:2090C000641CF1E7DFF88C2A0121012003F012F903A8029010200190DFF8A80B009002232D
:2090E000DFF88805DFF8841591F82E100844C27C05210220FBF771FA0600F6B25A2E09D196
:20910000FBF73CF8DFF8C00600680068DFF8B81608603AE0F6B2A52E1FD100200400E4B270
:20912000022C09DA03A8E4B2005DDFF85C1BE4B22144C871641CF2E7082005F0C3FF0021A5
:209140000F2005F02CFCFBF719F8DFF87C0600680068DFF87416086017E0DFF81005DFF814
:209160000C1591F82E100844C67400200400E4B2022C0ADA03A8E4B2005DDFF8F014E4B2A6
:2091800001EB44018883641CF1E77FBD00380140D86B02080C0000204C6D002030B585B01A
:2091A000DFF8C80490F82E0000286BD1DFF8BC0490F82F005A2806D103F08FFA0020DFF8D8
:2091C000AC1481F82F0000200400E4B2202C06DA0020DFF8B81AE4B20855641CF5E7DFF852
:2091E000AC1ADFF8A40A807804F0AFFBDFF89C2A0A21012003F07EF8DFF8942A0121012064
:2092000003F078F8DFF88C2A0C21012003F072F8DFF8840A0078002834D0DFF87C0A407895
:20922000102802D0402812D023E00020DFF8681A48700020DFF8601A08700120DFF82C1485
:2092400081F82E000020DFF8241408701AE00020DFF8441A48700020DFF83C1A0870FAF703
:209260008DFFDFF8F40800680068DFF8EC180860B6E00020DFF8201A48700020DFF8181AD4
:209280000870ADE0DFF8E40390F82E00012855D1DFF8D80300785A2812D0DFF8EC098078B4
:2092A0008DF80C000120DFF8C413DFF8C02392F82E201144C8745A20DFF8B013087004E0BB
:2092C000DFF8A803808B8DF80C0003A8029010200190DFF8B00900900123DFF89003DFF8ED
:2092E0008C1391F82E100844C27C0A210120FBF774F90500EDB25A2D07D1FAF73FFF02207F
:20930000DFF8681381F82E0018E0EDB2A52D0BD19DF80C00DFF870198870FAF72FFF0220D5
:20932000D24981F82E0009E0D048D04991F82E100844C5749DF80C00CC498883CB4890F8A9
:209340002E0002284CD1DFF854098078DFF838198978884204D00120DFF84419087003E0F5
:209360000020DFF83C190870DFF83409007800282CD00220FBF767FC0500EDB25A2D09D1FD
:20938000FAF7FCFEDFF8D00700680068DFF8C817086025E0EDB2A52D17D10020DFF80019D8
:2093A00008705A20B14981F82F00082005F08AFE03F093F9DFF8EC280021012002F0D4FF03
:2093C00000210F2005F0EBFA0AE009E0FAF7D6FEDFF8840700680068DFF87C170860FFE7E1
:2093E00005B030BDE0B5A14890F82F005A280BD103F073F900209D4981F82F00DFF8980BB1
:209400008078DFF8981B0870DFF8900B027896A1684606F09FFD6A461021012002F06AFF92
:20942000DFF87C2B0221012002F064FFDFF8742B0221032002F05EFFDFF86C2B0021042057
:2094400002F058FFDFF8642B0021052002F052FFDFF844080078002800F07F80DFF838080B
:20946000407801280AD008281AD010282AD0202804D040283DD0802812D048E0DFF81C0BA4
:209480000078382807DADFF8140B0078801CDFF80C1B087003E03820DFF8001B08703FE0CF
:2094A000DFF8F80A0078112807DBDFF8F00A0078801EDFF8E81A087003E01020DFF8DC1A28
:2094C00008702DE00020DFF8D01748700020DFF8C8170870DFF8C40A0078DFF8BC1A887061
:2094E000DFF8B40A06F00CFA00210F2005F057FA16E00020DFF8A01748700020DFF8981743
:209500000870FAF73BFE5B48AF49086025E00020DFF8841748700020DFF87C1708701CE059
:209520000020DFF8741748700020DFF86C170870DFF8680A0078DFF8601A8870302003F0B2
:2095400083F9812003F080F9DFF8500A007880B203F0A5F9042003F0A2F907BD10B5434850
:2095600090F82E00002819D10120FBF76CFB0400E4B25A2C09D1FAF701FEDFF8DC0500689F
:209580000068DFF8D41508602AE0E4B2A52C04D10120364981F82E0000E021E0334890F8CA
:2095A0002E0001281CD103F098F8002006F07EFC002806D0DFF8F8290221012002F09AFE90
:2095C00005E0DFF8F0290221012002F093FEFAF7D5FDDFF8840500680068DFF87C1508602C
:2095E00010BD10B5214890F82E00002819D10120FBF729FB0400E4B25A2C09D1FAF7BEFDCB
:20960000DFF8540500680068DFF84C1508602AE0E4B2A52C04D10120144981F82E0000E05F
:2096200021E0124890F82E0001281CD103F055F8012006F03BFC002806D0DFF874290221E0
:20964000012002F057FE05E0DFF868290221012002F050FEFAF792FDDFF8FC0400680068AA
:20966000DFF8F414086010BD25640000586A00205E6E0020EC6B0208706E0020506C002044
:20968000986C020810B5DFF8300990F82E0000281AD10120FBF7D7FA0400E4B25A2C09D140
:2096A000FAF76CFDDFF8B00400680068DFF8A81408602CE0E4B2A52C05D10120DFF8F818A9
:2096C00081F82E0000E022E0DFF8EC0890F82E0001281CD103F001F8022006F0E7FB00285C
:2096E00006D0DFF8CC280021012002F003FE05E0DFF8C0280021012002F0FCFDFAF73EFD97
:20970000DFF8540400680068DFF84C14086010BD586C00205B6E002010B500F07BFCDFF80E
:209720009C280121012002F0E5FD00200400E4B2052C06DA0020DFF85415E4B20855641CB0
:20974000F5E7DFF87C280121022002F0D3FDDFF874280121032002F0CDFDDFF83015DFF845
:209760006808008804F012F9DFF820250821042002F0C0FDDFF854280121042002F0BAFD98
:20978000DFF81405007800281DD0DFF80C05407840280FD10020DFF8001548700020DFF8A9
:2097A000F8140870FAF7EAFC0748006800680649086008E00020DFF8E01448700020DFF8F6
:2097C000D8140870FFE710BD6C6D0020A86C0208B86C020810B5DFF8E00790F82E000028CC
:2097E00020D10120FBF72FFA0400E4B25A2C07D1FAF7C4FCD84800680068D74908607CE0BF
:20980000E4B2A52C0DD10120DFF8AC1781F82E000120DFF8BC1708705A20DFF89C170870E2
:2098200000E06AE0DFF8900790F82E00012864D1DFF89C070078002830D00020DFF89017C4
:209840000870DFF89007C078012803D1032005F056FA14E0DFF87C07C078022803D10420DD
:2098600005F04DFA0BE0DFF86C07C078032803D1052005F044FA02E0022005F040FAFA209B
:2098800002F07BF9082005F03AFAFA2002F075F905F0ACFE00210E2005F081F800F0BAFB96
:2098A000DFF834270321002002F024FD03F035F8962002F062F9DFF824270221012002F0A4
:2098C00019FD962002F059F9DFF814270221022002F010FD962002F050F9DFF80827022108
:2098E000032002F007FD962002F047F9DFF8F8260221042002F0FEFCFEE710BD64700208AF
:20990000707002087C7002088870020894700208A0700208AC700208B8700208C4700208A7
:20992000D070020870B5DFF8C4060078002806D0DFF8B8060078401EDFF8B0160870DFF84A
:20994000AC060078002840F001810220DFF89C16087000200400E4B2202C05DA2020CB49A7
:20996000E4B20855641CF6E7DFF884060078092190FBF1F00600DFF878060078092190FBA0
:20998000F1F201FB1200002800D0761CDFF8280690F82E00002840F09B80DFF81C0690F89D
:2099A0002F005A280ED102F098FE0020DFF8081681F82F000020DFF8001648700020DFF816
:2099C000F815C870B4480078002863D0B2484078012806D0102834D040283DD0802817D082
:2099E0004CE0DFF8D4054078002807D0DFF8C8054078401EDFF8C015487003E0701EDFF86E
:209A0000B81548705A20DFF8B01581F82F003BE0DFF8A4054078F6B2711E884207D0DFF801
:209A200098054078401CDFF89015487003E00020DFF8841548705A20DFF87C1581F82F008C
:209A400022E000209449487000209349087000F02BF909F0F3F917E000208F49487000201B
:209A60008D490870FAF78AFB0020DFF8881508700220DFF8441581F82E0067E000208649E7
:209A80004870002084490870002083494870002081490870DFF8200590F82F005A2806D197
:209AA00002F01BFE0020DFF8101581F82F00DFF848250221002002F01DFCDFF8FC044078B6
:209AC000092110FB01F2D2B20121002000F0CCFEDFF8E40490F82E00022837D10120FBF724
:209AE000B2F80500EDB25A2D0ED1DFF81005DFF81015342205F012FFFAF740FB164800687C
:209B000000681549086021E0EDB2A52D1DD15A20DFF8A41481F82F00FAF730FB0E4800682C
:209B200000680D490860092005F0CCFADFF8CC04DFF8CC14342205F0F1FE02F0CEFD594A23
:209B40000021012002F010FC00E0FFE770BD0000DC700208086E02086C6D00202DE9F34FAB
:209B600087B000208DF800009DF80000032880F27F8002F0D2FE07980A2190FBF1F0C11708
:209B8000CDE9040108980A2190FBF1F0C117CDE90201DDE90401DDE90423A2FB00AB02FB45
:209BA00001BB03FB00BB54465D46DDE90201DDE90223A2FB00AB02FB01BB03FB00BB14EB86
:209BC0000A0455EB0B05200029006422002309F0F7FC04000D00012000218D4242DB01DC2D
:209BE00084423FD3DDE90401DDE90223801859414EF610720023A2FB00AB02FB01BB03FBBD
:209C000000BBD046D946404649462200D31709F0D7FC80468946DDE90401DDE90223801A82
:209C200099414EF610720023A2FB00AB02FB01BB03FB00BB56465F46300039002200D317F1
:209C400009F0BEFC06000F003100404603F0AEFD002807D0DFF8A403A0F82E80DFF89C03AE
:209C6000068605E09DF80000401C8DF800007BE79DF80000032801DA012000E0002009B026
:209C8000BDE8F08F00000020306C0020B467002040700208D87102084C6D0020246C0020F3
:209CA000666E0020D86B020810B5DFF8500340884FF4FA714843DFF84C130968B0FBF1F040
:209CC0000400B4F5407F05D9B4F5056F02D2DFF82C034480C94880884FF4FA714843C9491B
:209CE0004968B0FBF1F00400B4F5407F04D9B4F5056F01D2C1488480C048C0884FF4FA71E3
:209D00004843C0498968B0FBF1F00400B4F5407F04D9B4F5056F01D2B848C480B74800892D
:209D20004FF4FA714843B749C968B0FBF1F00400B4F5407F04D9B4F5056F01D2AF48048178
:209D4000AE48408941F28E614843AE490969B0FBF1F00400B4F5407F04D9B4F5056F01D269
:209D6000A6484481A548808941F28E614843A5494969B0FBF1F00400B4F5407F04D9B4F56F
:209D8000056F01D29D4884819C48C08941F28E6148439C498969B0FBF1F00400B4F5407FE9
:209DA00004D9B4F5056F01D29448C4819348008A42F2107148439349C969B0FBF1F0040072
:209DC000B4F5407F04D9B4F5056F01D28B4804828A48408A42F2107148438A49096AB0FB28
:209DE000F1F00400B4F5407F04D9B4F5056F01D2824844828148808A42F2107148438149DC
:209E0000496AB0FBF1F00400B4F5407F04D9B4F5056F01D2794884826E48C078022811D109
:209E20007648C08A4FF4FA7148437649C968B0FBF1F00400B4F5407F04D9B4F5056F01D22C
:209E40006E48C4826D48008B41F2883148436E490968B0FBF1F00400B4F5407F04D9B4F5A9
:209E6000056F01D2654804836448408B41F28831484365494968B0FBF1F00400B4F5407F22
:209E800004D9B4F5056F01D25C4844835B48808B41F2883148435C498968B0FBF1F004003F
:209EA000B4F5407F04D9B4F5056F01D2534884835248008C41F28E6148435349C968B0FB80
:209EC000F1F00400B4F5407F04D9B4F5056F01D24A4804844948408C41F28E6148434A49B1
:209EE0000969B0FBF1F00400B4F5407F04D9B4F5056F01D2414844844048808C41F28E6124
:209F0000484341494969B0FBF1F00400B4F5407F04D9B4F5056F01D2384884843748C08C62
:209F200042F21071484338498969B0FBF1F00400B4F5407F04D9B4F5056F01D22F48C484EA
:209F40002E48008D42F2107148432F49C969B0FBF1F00400B4F5407F04D9B4F5056F01D24F
:209F6000264804852548408D42F2107148432649096AB0FBF1F00400B4F5407F04D9B4F510
:209F8000056F01D21D4844852048016820480068FFF7E4FD10BD0000486D0020716E002033
:209FA000C86C0208886B0208F0690208086A02084C70020858700208586A0020D86C0208BF
:209FC000386C0208486C0208FC6D0020C8710208726E0020506C0020786C0208E86C020821
:209FE000F86C0208086D0208186D02085D6E002093040108736E0020206F0208C069002077
:20A000008C6900205069002014690020546D0020506D002080B5DFF8200B90F82F005A2887
:20A0200006D102F05AFB0020DFF80C1B81F82F00DFF8080B407A5A2814D1DFF8040BC07813
:20A0400000280FD1DFF8FC0A0068800205D58AA21321002002F04EF904E088A2132100203C
:20A0600002F048F9DFF8D80AC07802280FD1DFF8D40A0068000105D57FA21321002002F053
:20A0800039F904E07DA21321002002F033F901BDF8B504000D0016001F00DFF8AC0A066075
:20A0A000DFF8A40A0068DFF8A41A884204D3DFF8A00ADFF8941A0860DFF88C0A0068DFF863
:20A0C000941A884209D30920DFF88C1A0880DFF8840ADFF8881A086077E0DFF86C0A0068AC
:20A0E000DFF87C1A884209D30820DFF86C1A0880DFF86C0ADFF8641A086066E0DFF8480AC7
:20A100000068DFF8601A884209D30720DFF8481A0880DFF8500ADFF8441A086055E0DFF81E
:20A12000280A0068DFF8401A884209D30620DFF8281A0880DFF8300ADFF8201A086044E039
:20A14000DFF8040A006842F21071884209D30520DFF8041A088042F21070DFF8001A0860A8
:20A1600033E0DFF8E4090068B0F57A7F09D30420DFF8E41908804FF47A70DFF8E019086041
:20A1800023E0DFF8C4090068642808D30320DFF8C81908806420DFF8C419086015E0DFF87A
:20A1A000A80900680A2808D30220DFF8AC1908800A20DFF8A819086007E00120DFF8981979
:20A1C00008800120DFF8941908600020DFF89C190880DFF898090088DFF87C1909888842EF
:20A1E00049D2DFF864090068DFF870190968B0FBF1F0DFF87C19DFF87429128821F8120096
:20A20000DFF844090068DFF840190968DFF84C291268B1FBF2F1DFF84429126802FB1100F0
:20A22000DFF824190860DFF8340900680A21B0FBF1F0DFF8281908603B00DBB2DFF8300917
:20A24000DFF82819098830F8110010F13002D2B2DFF8180900882918C9B22000C0B2400057
:20A26000C0B201F071FEDFF804090088401CDFF8FC180880ADE7F1BD600000005E000000D1
:20A28000F0B40023140089B200EB01073E00A4B242F21077BC4205DB05273B0042F2107766
:20A2A0003D001DE0A4B2B4F57A7F05DB04273B004FF47A773D0013E0A4B2642C04DB0327D3
:20A2C0003B0064273D000BE0A4B20A2C04DB02273B000A273D0003E001273B0001273D00A8
:20A2E0009BB2002B12D0A4B2ADB294FBF5F730373770761CA4B2ADB294FBF5F705FB1744A9
:20A30000ADB20A2795FBF7F55B1EE9E7F0BC7047F8B504000D0016001F00002E0CD5002063
:20A320000090DAA301222900C9B22000C0B202F055F8F043461C09E000200090D4A30122B0
:20A340002900C9B22000C0B202F048F80120DFF8041B0880DFF8FC0A008810281DDA7FF0F3
:20A360000040B0FBF7F0DFF8F01A0860DFF8E80A006842F2107188420FDADFF8D80A0088E8
:20A380000641DFF8D00A0088C740DFF8C80A0088401CDFF8C01A0880DCE7B6FBF7F0DFF83E
:20A3A000BC1A0880DFF8B40A008842F21071884204DB42F20F70DFF8A41A0880B6FBF7F05C
:20A3C00007FB1060DFF8901A0860DFF88C0A006842F210714843B0FBF7F0DFF87C1A0860A6
:20A3E000DFF8740A00684FF47A7190FBF1F0DFF8701A08804FF47A70DFF85C1A0968DFF85B
:20A40000582A126892FBF0F200FB1210642190FBF1F0DFF84C1A48804FF47A70DFF8381A68
:20A420000968DFF8342A126892FBF0F200FB1210642190FBF1F201FB1200DFF81C1A0860FA
:20A44000DFF8140A00680A2190FBF1F0DFF8101A88800A20DFF8001A0968DFF8FC291268FD
:20A4600092FBF0F200FB1210DFF8F419C88002F054FA00200090DFF8F0390722691CC9B20B
:20A480002000C0B201F0AAFFDFF8D0090088B0F57A7F1EDB0023DFF8C4090288691C89B2B0
:20A4A000200080B2FFF7F4FD0020009079A30422691DC9B22000C0B201F090FF0023DFF864
:20A4C000A0090288A91D89B2200080B2FFF7E0FDD9E0DFF888090088642828DB0023DFF8F1
:20A4E0007C090288691C89B2200080B2FFF7D0FD0020009067A30422291DC9B22000C0B245
:20A5000001F06CFF0023DFF858090288691D89B2200080B2FFF7BCFD0023DFF84409428827
:20A52000A91D89B2200080B2FFF7B2FDABE0DFF82C0900880A280ADB0023DFF82009028840
:20A54000691C89B2200080B2FFF7A2FD09E00023DFF808090288A91C89B2200080B2FFF78E
:20A5600097FD42F21070874229D100200090DFF8FC380422E91CC9B22000C0B201F02EFFBF
:20A580000023DFF8DC080288291D89B2200080B2FFF77EFD0023DFF8C8084288691D89B2BA
:20A5A000200080B2FFF774FD0023DFF8B4088288A91D89B2200080B2FFF76AFD63E0B7F583
:20A5C0007A7F29D100200090DFF8A0380422E91CC9B22000C0B201F001FF0023DFF880087E
:20A5E0000288291D89B2200080B2FFF751FD0023DFF86C084288691D89B2200080B2FFF779
:20A6000047FD0023DFF858088288A91D89B2200080B2FFF73DFD36E0642F1ED100200090C7
:20A620001CA30422E91CC9B22000C0B201F0D6FE0023DFF82C080288291D89B2200080B2D3
:20A64000FFF726FD0023DFF818084288691D89B2200080B2FFF71CFD15E00A2F13D10020A9
:20A66000009080A30422E91CC9B22000C0B201F0B5FE0023DFF8E8070288291D89B2200037
:20A6800080B2FFF705FDF1BD000000002D000000200000002E3030002DE9F74F86B0DFF89E
:20A6A000A004C078002816D1DFF8540ADFF8541AB02205F043F9DFF8480A02F00BFEDFF837
:20A6C000400A8346DFF8400A8046DFF8400A00788DF8000036E0DFF86804C078012816D1C1
:20A6E000DFF82C0ADFF82C1AB02205F027F9DFF8200A02F0EFFDDFF8180A8346DFF8180AAF
:20A700008046DFF8180A00788DF800001AE0DFF83004C078022815D1DFF8040ADFF8041A56
:20A72000C02205F00BF9DFF8F80902F0D3FDDFF8F0098346DFF8F0098046DFF8F00900782D
:20A740008DF800009DF820009021484383449DF82000092110FB01F081469DF81C00040065
:20A76000E4B20A2C7ADA4D4619F1010928009DF80010C0B2884271D2EDB2280108EB000209
:20A7800001212000C0B201F0B5FDEDB228014044821D0C212000C0B201F0ACFD0020824636
:20A7A0005FFA8AFABAF1100F08DA002001A95FFA8AFA01F80A001AF1010AF1E7DBF80000A5
:20A7C00007001BF1040B6420B7FBF0F006006420B7FBF0F100FB1170ADF80200BDF802301A
:20A7E000B6B23200DFF8481901A805F0B3FB01AA06212000C0B201F07DFD1BF1080BDBF87A
:20A80000000006001BF1040BEDB228014044C07A032821D030040AD5B6B2F643B6B2320027
:20A82000DFF810190DF10B0005F094FB07E0B6B23200DFF804190DF10B0005F08BFB0DF194
:20A840000B020F212000C0B201F054FDB7A213212000C0B201F04EFD641C81E709B0BDE846
:20A86000F08F00002E3000002DE9F24F82B004001500E4B2002C03D0DFF8C008814602E07C
:20A88000DFF8BC088146A8469DF808000600F6B20A2E80F24981474618F1010802F03DF8E3
:20A8A0003800DFF8A0180978C0B2884280F03C81DFF89408FFB2390100EB01020121300049
:20A8C000C0B201F017FDDFF88008FFB239010844821D0F213000C0B201F00CFDDFF86808B9
:20A8E000FFB239010844C07A01281DD1FFB259F827008346E4B2002C0BD0DFF850080068AA
:20A90000002806D0DFF84408006800FB0BF0824600E0DA464FF47A7352460621F6B2300029
:20A9200080B2FFF7F5FCFDE0DFF81C08FFB239010844C07A00282FD1FFB259F8270083469B
:20A94000DFF80C08006800FB0BF082468548824516DB4FF47A709AFBF0FA0020009074A3EE
:20A9600001220F213000C0B201F038FD4FF47A7352460621F6B2300080B2FFF7C9FCD1E057
:20A980000A209AFBF0FA642352460621F6B2300080B2FFF7BDFCC5E0DFF8AC07FFB23901F5
:20A9A0000844C07A022840F09E80FFB259F827008346DFF898070068DFF89417096848434B
:20A9C00082460A209AFBF0FA45F2B500824545DB64209AFBF0FA0BFB0AFA6248824503DAD8
:20A9E000DFF87007824516DA4FF47A709AFBF0FA002000904FA301220F213000C0B201F01E
:20AA0000EDFC4FF47A7352460621F6B2300080B2FFF77EFC86E0BAF57A7F03DADFF83807E3
:20AA2000824512DA0020009041A301220F213000C0B201F0D3FC4FF47A7352460621F6B283
:20AA4000300080B2FFF764FC6CE0642352460621F6B2300080B2FFF75BFC63E00BFB0AFA08
:20AA60003C48824503DADFF8F406824515DA3E489AFBF0FA002000902EA301220F2130001E
:20AA8000C0B201F0ABFC4FF47A7352460621F6B2300080B2FFF73CFC44E03348824503DA42
:20AAA000DFF8D00B824515DA64209AFBF0FA002000901FA301220F213000C0B201F08EFC49
:20AAC0004FF47A7352460621F6B2300080B2FFF71FFC27E0642352460621F6B2300080B215
:20AAE000FFF716FC1EE0DFF86006FFB239010844C07A04280BD142F21073FFB259F827209A
:20AB00000621F6B2300080B2FFF702FC0AE04FF47A73FFB259F827200621F6B2300080B27C
:20AB2000FFF7F6FB761CB2E6BDE8F78F400000006B0000004D000000586A0020006B002074
:20AB4000506C00208C6C0020606D002000CA9A3BFFC99A3B00E1F505146E0020646D00206A
:20AB60008096980040420F00A0860100126E0020BC6B00202DE9F34F83B014001D000020AC
:20AB800083465FFA8BFBBBF1100F09DA0020DFF8E81A5FFA8BFB01F80B001BF1010BF0E794
:20ABA000C5F302108DF8040015F00F000600F6B2002E06D0022E17D008D3042E32D021D362
:20ABC00040E0ADF806400020804640E0A4B20A2094FBF0F0ADF80600A4B20A2094FBF0F1DA
:20ABE00000FB1140804632E0A4B2642094FBF0F0ADF80600A4B2642094FBF0F100FB1140A7
:20AC0000804624E0A4B24FF47A7094FBF0F0ADF80600A4B24FF47A7094FBF0F100FB11408E
:20AC2000804614E0A4B242F2107094FBF0F0ADF80600A4B242F2107094FBF0F100FB114070
:20AC4000804604E00020ADF8060000208046002081469DF80400002804D13020DFF8181AC3
:20AC6000087051E09DF8040006284CDA280617D5002083465FFA8BFBBBF1040F09DA20207A
:20AC8000DFF8F4195FFA8BFB01F80B001BF1010BF0E7DFF8E419200080B202F077FE33E05E
:20ACA000002083465FFA8BFBBBF1040F09DA3020DFF8C4195FFA8BFB01F80B001BF1010B2B
:20ACC000F0E7BDF806008246002007001FFA8AFABAF10A0F06DB1FFA8AFA0A209AFBF0FA6B
:20ACE0007F1CF3E79DF8040059FA80F0401EFFB2B0EB0709BDF80620494689B2DFF87809CC
:20AD0000FFF7BEFA00E05EE0FFB2781C10EB0909F6B2002E0ED10020009052A30122BDF8E3
:20AD2000100010EB0901C9B2BDF80C00C0B201F055FB3BE0F6B2052E38DA2E20DFF8381991
:20AD40001FFA89F901F80900012083465FFA8BFB1FFA89F9D9F1050083450ADA3020DFF850
:20AD600018191FFA89F959FA8BF288541BF1010BECE7C246002007001FFA8AFABAF10A0FE0
:20AD800006DB1FFA8AFA0A209AFBF0FA7F1CF3E759FA86F0FFB2B0EB0709424692B2494697
:20ADA00089B2DFF8D408FFF76BFA761C00200090DFF8C4380622BDF81010C9B2BDF80C00FC
:20ADC000C0B201F00BFB05B0BDE8F08F2DE9F84304000D001600FFF71DF915FB06F08046E1
:20ADE00000200700FFB2092F32DAC14618F101084846DFF888180978C0B2884228D24846D4
:20AE00002100C0B2C9B2884210D1DFF8740800685FFA89F94FF4B27101FB09F10844421CDD
:20AE200000213800C0B201F09FFA0FE0DFF8500800685FFA89F94FF4B27101FB09F10844B4
:20AE4000421C00213800C0B201F054FA7F1CC9E7BDE8F183166E0020686D0020186E0020E7
:20AE6000706C002020000000786E0208007102082DE9F54F81B00D001E000C9F0D9CFFF74B
:20AE8000C9F8721C0021002001F034FA9DF8080010FB04F08246012080465FFA88F8B8F136
:20AEA0000A0F80F29A80D1461AF1010A4846717CC0B2884280F0918048462900C0B2C9B2E4
:20AEC000884210D1012000905FFA89F91C2000FB09F0304410F11503092200214046C0B23A
:20AEE00001F07CFA0FE0002000905FFA89F91C2000FB09F0304410F11503092200214046E2
:20AF0000C0B201F06BFA002000905FFA89F91C2000FB09F0304410F12A0302220F21404632
:20AF2000C0B201F05BFA5FFA89F91C2000FB09F03044C06A002836D05FFA89F91C2000FB70
:20AF400009F03044408C5FFA89F91C2101FB09F13144097D37F81110884209D25FFA89F9DF
:20AF60001C2000FB09F03044007D002127F810105FFA89F91C2000FB09F03044C06A8346DE
:20AF80005FFA89F91C2000FB09F03044007D37F810000921484383445A4609214046C0B238
:20AFA00001F0A8F916E05FFA89F91C2000FB09F03044C37F5FFA89F91C2000FB09F03044C9
:20AFC000007D37F8102009215FFA88F8404680B2FFF7D0FD18F101085FE7BDE8F78F2DE97E
:20AFE000F84304000D0016001F00EDB21C2000FB05F03044C06A814638888046DFF88406B9
:20B000000078002865D03C20DFF87C160870DFF874064078012809D0082807D0102812D0F2
:20B02000202803D040282AD0802842D118F10108EDB21C2000FB05F03044408C404501D263
:20B04000002080463DE00020DFF8381648700020DFF830160870092000FB08F08144EDB2BB
:20B0600009204A46092195FBF0F300FB1350401CC0B201F03FF9A7F80080A5203DE0002004
:20B08000DFF8001648700020DFF8F81508703888092148438144EDB209204A46092195FB43
:20B0A000F0F300FB1350401CC0B201F023F95A2023E00020DFF8CC1548700020DFF8C41597
:20B0C00008700020DFF8BC1548700020DFF8B4150870092000FB08F08144EDB209204A4607
:20B0E000092195FBF0F300FB1350401CC0B201F03BF9A7F800804046C0B2BDE8F283000031
:20B100000C630020AC6100209C5D020892040108BC6300205C6200204C5E0208F2360108CF
:20B12000EC6000202C600020285C0208F3360108846E02080871020810710208F4690020B0
:20B140001469002093040108585B0208586D00205C6D0020C1BDF0FF19FCFFFF011F0AFA83
:20B160002DE9F94F85B08846140006989DF814101C2251430844C07F8DF802000020834636
:20B180005FFA8BFBBBF1200F09DA0020DFF8FC145FFA8BFB01F80B001BF1010BF0E7109891
:20B1A0000490002006000498008805009DF80200C0B29DF8021011F0070111EB10108DF852
:20B1C00001009DF8020010F007008DF800009DF8000000280AD1DFF8B414280080B202F0C8
:20B1E0007DFC9DF801008DF8030091E09DF80100401C8DF803009DF801009DF80010401A38
:20B200008DF800009DF80100052815DBADB242F2107095FBF0F08DF80400ADB242F21070D7
:20B2200095FBF0F100FB11559DF804003030DFF85C14F6B28855761CADB24FF47A7095FBC9
:20B24000F0F08DF80700ADB24FF47A7095FBF0F100FB11559DF807003030DFF83014F6B265
:20B260008855761C9DF800003100C9B2884205D12E20DFF81814F6B28855761CADB2642033
:20B2800095FBF0F08DF80600ADB2642095FBF0F100FB11559DF806003030DFF8F013F6B281
:20B2A0008855761C9DF800003100C9B2884205D12E20DFF8D813F6B28855761CADB20A208E
:20B2C00095FBF0F08DF80500ADB20A2095FBF0F100FB11559DF805003030DFF8B013F6B2DD
:20B2E0008855761C9DF800003100C9B2884205D12E20DFF89813F6B28855761C28008DF86A
:20B3000004009DF804003030DFF88013F6B28855012083465FFA8BFB2078401C834516DACC
:20B320005FFA8BFB14F80B00DFF860135FFA88F811F9081000B209B2884205D15FFA8BFBE6
:20B3400004EB0B00070002E01BF1010BE2E7CD480078002800F0DD803C20CB490870C9482E
:20B36000407801280CD0082877D0102800F0A88020283FD0402800F0B88080281CD0BCE032
:20B380003878202802D1601C070000E07F1C97F90000BE495FFA88F801F80800BB485FFA17
:20B3A00088F810F90800202805D13020B7495FFA88F801F80800A6E03878302804D12078B9
:20B3C0002044401E070000E07F1E97F90000AF495FFA88F801F80800AC485FFA88F810F9EF
:20B3E0000800202805D13020A8495FFA88F801F8080088E05FFA88F8B8F1000F04D19DF8A9
:20B400000300401E804601E0B8F101080020834658462178C0B2884215D25FFA8BFB14F844
:20B420000B009A495FFA88F811F9081000B209B2884205D15FFA8BFB04EB0B00070002E054
:20B440001BF1010BE4E791485FFA88F810F908002E2801D1B8F1010855E05FFA88F89DF8C9
:20B460000300401E804502D10020804601E018F101080020834658462178C0B2884215D2B7
:20B480005FFA8BFB14F80B0080495FFA88F811F9081000B209B2884205D15FFA8BFB04EB17
:20B4A0000B00070002E01BF1010BE4E777485FFA88F810F908002E2801D118F1010822E0D0
:20B4C00000207049487000206E4908709DF8140009236E4A092190FBF3FC03FB1C00401CE5
:20B4E000C0B200F007FFA520C0E00020654948700020644908705A20B8E000206149487020
:20B5000000206049087000205E49487000205D4908709DF8020010F007008DF800000020EA
:20B52000824600208146002083465FFA8BFBBBF1050F08DA002002A95FFA8BFB01F80B0044
:20B540001BF1010BF1E7002083465FFA8BFB9DF80100401C83452ADA5FFA8BFB9DF8010000
:20B560009DF80010401A83451CD048485FFA8AFA10F90A00202808D1002002A95FFA89F9D1
:20B5800001F8090019F101090CE040485FFA8AFA10F90A00303802A95FFA89F901F8090041
:20B5A00019F101091AF1010A1BF1010BCDE79DF8010005281CDB9DF8080042F2107110FB7E
:20B5C00001F09DF809104FF47A7211FB02009DF80A10642211FB02009DF80B100A2211FB64
:20B5E00002009DF80C1050FA81F00499088015E09DF808004FF47A7110FB01F09DF809104E
:20B60000642211FB02009DF80A100A2211FB02009DF80B1050FA81F0049908809DF8140074
:20B6200009231A4A092190FBF3FC03FB1C00401CC0B200F05FFE9DF814005FF0090C012370
:20B6400012495FFA88F811F808100A00D2B218F10901C9B290FBFCFE0CFB1E00401CC0B201
:20B660004000C0B200F070FC4046C0B207B0BDE8F08F00006179FEFFF06B0020556E0020B4
:20B68000286D00204C6D00205B6E0020B467002010B582B0040001222100684608F096F885
:20B6A0009DF8000016BD38B504000D00280080B2000A8DF8000028008DF801000222210048
:20B6C000684608F060F931BD80B5DFF8140C08F0B3FA4FF40070ADF8000002208DF80200AB
:20B6E00018208DF803006946DFF8F40B08F0E7FA4FF48060ADF8000048208DF803006946C5
:20B70000DFF8DC0B08F0DBFA4FF41940ADF8000048208DF8030002208DF802006946DFF83E
:20B72000C00B08F0CCFADFF8BC0B08F085FA41F2FF30ADF8000010208DF8030002208DF805
:20B7400002006946DFF89C0B08F0B9FA0121DFF8940B08F062FB0221DFF8880B08F05DFB45
:20B760000421DFF8800B08F058FB0821DFF8740B08F053FB1021DFF86C0B08F04EFB202131
:20B78000DFF8600B08F049FB4021DFF8580B08F044FB8021DFF84C0B08F03FFB4FF4807124
:20B7A000DFF8400B08F039FB4FF40071DFF8340B08F033FB4FF48051DFF8280B08F02DFB0D
:20B7C0004FF48060ADF8000048208DF8030002208DF802006946DFF80C0B08F070FADFF832
:20B7E000080B08F029FA7820ADF8000010208DF8030002208DF802006946DFF8EC0A08F009
:20B800005EFA0821DFF8E00A08F007FB1021DFF8D80A08F002FB2021DFF8CC0A08F0FDFA30
:20B820004021DFF8C40A08F0F8FA4FF4FC50ADF8000048208DF8030002208DF8020069469C
:20B84000DFF8A40A08F03BFADFF8A00A08F0F4F90F20ADF8000048208DF8030002208DF865
:20B8600002006946DFF8840A08F029FA4FF6F070ADF8000010208DF8030002208DF80200EC
:20B880006946DFF8680A08F01AFA1021DFF85C0A08F0C3FA2021DFF8540A08F0BEFA4021FA
:20B8A000DFF8480A08F0B9FA8021DFF8400A08F0B4FA4FF48071DFF8340A08F0AEFA4FF420
:20B8C0000071DFF8280A08F0A8FA4FF48061DFF81C0A08F0A2FA4FF40061DFF8100A08F012
:20B8E0009CFA4FF48051DFF8040A08F096FA4FF40051DFF8F80908F090FA4FF48041DFF868
:20B90000EC0908F08AFA4FF40041DFF8E00908F084FADFF8DC0908F08FF9A020ADF800005B
:20B9200010208DF8030002208DF802006946DFF8C00908F0C4F92021DFF8B40908F06DFA6E
:20B940008021DFF8AC0908F068FA0120ADF8000048208DF8030002208DF802006946DFF87B
:20B96000900908F0ACF94FF47F40ADF8000048208DF8030002208DF802006946DFF8700952
:20B9800008F09DF901BD10B50400E4B2012C04D11021DFF8500908F043FAE4B2022C04D1CB
:20B9A0000821DFF8400908F03BFAE4B2032C09D12021DFF8340908F033FA2021DFF82C09AB
:20B9C00008F02EFAE4B2042C09D10121DFF8140908F026FA1021DFF8140908F021FAE4B2AB
:20B9E000052C04D14021DFF8040908F019FAE4B2062C04D18021DFF8F40808F011FAE4B247
:20BA0000072C04D10821DFF8E00808F009FAE4B2082C04D18021DFF8D80808F001FAE4B2BB
:20BA2000092C04D10421DFF8BC0808F0F9F9E4B20A2C04D10221DFF8AC0808F0F1F9E4B28B
:20BA40000B2C04D10121DFF89C0808F0E9F9E4B20C2C04D12021DFF8900808F0E1F9E4B2A8
:20BA60000D2C04D11021DFF8800808F0D9F9E4B20E2C04D14021DFF8700808F0CEF910BD7D
:20BA800010B50400E4B2012C04D11021DFF8540808F0C3F9E4B2022C04D10821DFF8440848
:20BAA00008F0BBF9E4B2032C09D12021DFF8380808F0B3F92021DFF8340808F0AEF9E4B2B6
:20BAC000042C09D10121DFF81C0808F0A6F91021DFF8180808F0A1F9E4B2052C04D14021F1
:20BAE000DFF8080808F099F9E4B2062C04D18021DFF8F80708F091F9E4B2072C04D1082178
:20BB0000DFF8E40708F089F9E4B2082C04D18021DFF8DC0708F081F9E4B2092C04D10421B8
:20BB2000DFF8C00708F079F9E4B20A2C04D10221DFF8B00708F071F9E4B20B2C04D1012185
:20BB4000DFF8A00708F069F9E4B20C2C04D12021DFF8940708F061F9E4B20D2C04D1102190
:20BB6000DFF8840708F059F9E4B20E2C04D14021DFF8740708F054F910BD38B5040000209E
:20BB800005002800210080B289B2884205D24FF47A7000F003F86D1CF3E731BD10B40023F9
:20BBA00019000B0004009BB2A4B2A34208D200231A00D2B20A2A01DA521CFAE7491CF0E7A0
:20BBC00010BC704710B500200400E4B2062C0EDA14F10800C0B2FFF7D6FE9620FFF7CDFF88
:20BBE00014F10800C0B2FFF74BFF641CEDE710BD704710B5DFF8600A0078002844D1DFF81C
:20BC0000F00608F004F940F30720C04300B20400E4B2002C08D10020DFF83C1A4880002056
:20BC2000DFF8381A087006E0DFF82C0A4088401CDFF8241A4880DFF8200A4088052816D192
:20BC40002000DFF8141A4978C0B288420FD0DFF8080A44700120DFF8001A08707820DFF84D
:20BC6000001A08700020DFF8FC1908800CE0DFF8E8094088B0F5FA7F06DB0020DFF8D8193B
:20BC80004870DFF8D809047010BD10B582B000200090DFF8D4090088401CDFF8CC19088070
:20BCA0004FF40071DFF8400608F0A4F8002803D1009850F0010000904FF48071DFF8200689
:20BCC00008F098F8002803D1009850F0020000904FF40061DFF8080608F08CF8002803D175
:20BCE000009850F0040000904FF48051DFF8F00508F080F8002803D1009850F0080000901C
:20BD00004FF40041DFF8D80508F074F8002803D1009850F010000090DFF8CC0508F077F804
:20BD2000009980B2400980B2C04310F0E00008430090DFF8B80508F06AF8009980B2C04343
:20BD4000000210F4706008430090DFF89C0508F05EF8009940F3C110C04300B2000310F413
:20BD600040500843009000988004800C009000200400E4B2102C13DA2100C9B2684601F002
:20BD800097FD00280AD0DFF86C0BE4B230F81400401CDFF8601BE4B221F81400641CE8E72D
:20BDA000DFF8C40800880C2824DB0020DFF8B818088000200400E4B2102C1BDADFF8340BD5
:20BDC000E4B230F81400062806DB2100C9B2DFF8540B01F05FFD05E02100C9B2DFF8440BBC
:20BDE00001F04AFD0020DFF80C1BE4B221F81400641CE0E713BD70B504000D00302000F09D
:20BE000023FD752000F020FDE4B2200080B200F046FD132000F043FD152000F015FDEDB20C
:20BE2000E80080B200F03BFD9F2000F038FD5C2000F00AFD00200600F6B2082E08DADFF8AC
:20BE4000E80AF6B2805D80B200F029FD761CF3E7302000F0F9FC752000F0F6FCE4B2601CF9
:20BE600080B200F01CFD132000F019FD152000F0EBFCEDB2E80080B200F011FD9F2000F0DC
:20BE80000EFD5C2000F0E0FC00200600F6B2082E09DADFF8940AF6B23044007A80B200F03B
:20BEA000FEFC761CF2E770BD70B504000D00302000F0CAFC752000F0C7FCE4B2200080B284
:20BEC00000F0EDFC132000F0EAFC152000F0BCFCEDB2E80080B200F0E2FC9F2000F0DFFC92
:20BEE0005C2000F0B1FC00200600F6B2082E04DA002000F0D4FC761CF7E7302000F0A4FC17
:20BF0000752000F0A1FCE4B2601C80B200F0C7FC132000F0C4FC152000F096FCEDB2E800E7
:20BF200080B200F0BCFC9F2000F0B9FC5C2000F08BFC00200600F6B2082E04DA002000F0DE
:20BF4000AEFC761CF7E770BD2DE9F84304000D0016001F00DFF8800CF6B231010844B0F5D5
:20BF600000708146302000F06FFC752000F06CFCE4B2200080B200F092FC132000F08FFCDE
:20BF8000152000F061FCEDB2E80080B200F087FC9F2000F084FC5C2000F056FC0020804620
:20BFA0005FFA88F8B8F1080F15DAFFB2002F08D05FFA88F819F80800C04380B200F06FFCBF
:20BFC00006E05FFA88F819F8080080B200F067FC18F10108E4E7302000F036FC752000F030
:20BFE00033FCE4B2601C80B200F059FC132000F056FC152000F028FCEDB2E80080B200F022
:20C000004EFC9F2000F04BFC5C2000F01DFC002080465FFA88F8B8F1080F17DAFFB2002F0B
:20C0200009D05FFA88F809EB0800007AC04380B200F035FC07E05FFA88F809EB0800007A4C
:20C0400080B200F02CFC18F10108E2E7BDE8F1832DE9F84304000D0016001F00DFF8780BB1
:20C06000F6B231010844B0F500708146302000F0EBFB752000F0E8FBE4B2200080B200F058
:20C080000EFC132000F00BFC152000F0DDFBEDB2E80080B200F003FC9F2000F000FC5C20A0
:20C0A00000F0D2FB002080465FFA88F8B8F1080F15DAFFB2002F08D05FFA88F819F80800AB
:20C0C000C04380B200F0EBFB06E05FFA88F819F8080080B200F0E3FB18F10108E4E7302050
:20C0E00000F0B2FB752000F0AFFBE4B2601C80B200F0D5FB132000F0D2FB152000F0A4FBBC
:20C10000EDB2E80080B200F0CAFB9F2000F0C7FB5C2000F099FB002080465FFA88F8B8F1D8
:20C12000080F17DAFFB2002F09D05FFA88F809EB0800007AC04380B200F0B1FB07E05FFADE
:20C1400088F809EB0800007A80B200F0A8FB18F10108E2E7BDE8F1832DE9F04788B00400A7
:20C160000D0016001F000020814640F28F108246002080465FFA88F8B8F1200F08DA002064
:20C1800069465FFA88F801F8080018F10108F1E75046494680B289B28842C0F09D803000D3
:20C1A000DFF8881A1FFA89F931F8191080B2884240F08F80302000F047FB752000F044FB98
:20C1C000E4B2200080B200F06AFB132000F067FB152000F039FBEDB2E80080B200F05FFB41
:20C1E0009F2000F05CFB5C2000F02EFB002080465FFA88F8B8F1100F23DAFFB2002F0FD061
:20C20000DFF82C0A1FFA89F95FEA491108445FFA88F810F80800C04380B200F040FB0DE051
:20C22000DFF80C0A1FFA89F95FEA491108445FFA88F810F8080080B200F031FB18F101083E
:20C24000D6E7302000F000FB752000F0FDFAE4B2601C80B200F023FB132000F020FB1520A5
:20C2600000F0F2FAEDB2E80080B200F018FB9F2000F015FB5C2000F0E7FA002080465FFADB
:20C2800088F8B8F1100F23DAFFB2002F0FD0DFF8A0091FFA89F95FEA491108445FFA88F8B7
:20C2A0004044007CC04380B200F0F9FA0DE0DFF880091FFA89F95FEA491108445FFA88F8B6
:20C2C0004044007C80B200F0EAFA18F10108D6E702E019F101095BE708B0BDE8F08700007D
:20C2E00000080140000C01400010014000140140001801402DE9F84381460C0015005FFA17
:20C3000089F95FEA490995F9000000282AD0287800060ED495F9000080466D1C0023424640
:20C32000D2B22100C9B24846C0B2FFF791FE641C14E0287806006D1C287807006D1CF6B2DD
:20C34000300250FA87F080460023424692B22100C9B24846C0B2FFF7FFFEA41CE4B2142C10
:20C36000D1DBFFE7BDE8F1832DE9F84381460C0015005FFA89F95FEA490995F900000028AD
:20C380002AD0287800060ED495F9000080466D1C01234246D2B22100C9B24846C0B2FFF77C
:20C3A00057FE641C14E0287806006D1C287807006D1CF6B2300250FA87F080460123424648
:20C3C00092B22100C9B24846C0B2FFF7C5FEA41CE4B2142CD1DBFFE7BDE8F1832DE9F84F26
:20C3E00080468A46150099460A9C5FFA88F85FEA48085FFA88F8B8F1140F04DA5FFA8AFA3B
:20C40000BAF1140F00DB48E00020834699F90000002842D099F80000000613D499F9000086
:20C42000070019F101092300DBB23A00D2B25146C9B24046C0B2FFF70BFE1AF1010A1BF148
:20C44000010B1EE099F800008DF8000019F1010999F80000060019F101099DF80000000266
:20C4600050FA86F007002300DBB23A0092B25146C9B24046C0B2FFF76FFE1AF1020A1BF137
:20C48000020B58462900C0B2C9B2884205D25FFA8AFABAF1140FB9DBFFE7BDE8F18F80B5BB
:20C4A0004FF40071DFF8F40707F0B7FC0220FFF764FB4FF40071DFF8E40707F0B1FCC820D3
:20C4C000FFF75BFB4FF40071DFF8D00707F0A5FC8021DFF8C80707F0A0FCC820FFF74DFB16
:20C4E000312000F0B1F9D72000F0AEF99F2000F0ABF9E02000F0A8F9002000F0D0F90A20DC
:20C50000FFF73BFBE32000F09FF91420FFF735FBE12000F099F9302000F096F9942000F014
:20C5200093F9D12000F090F9AE2000F08DF9A62000F08AF9CA2000F087F9002000F0AFF976
:20C540009F2000F0ACF9002000F0A9F9BC2000F07BF9002000F0A3F9AB2000F075F90020A0
:20C5600000F09DF9202000F06FF90B2000F097F9812000F069F9DFF82807807880B200F0DF
:20C580008EF9042000F08BF90C2000F05DF9F02000F05AF9102000F082F9762000F054F949
:20C5A000312000F051F9322000F04EF9002000F076F9012000F073F9032000F070F951207E
:20C5C00000F042F9FB2000F06AF9402000F03CF9F02000F039F9032000F061F9072000F087
:20C5E0005EF90C2000F05BF9142000F058F9F22000F02AF90F2000F052F9282000F04FF9F0
:20C600005A2000F04CF9F42000F01EF96F2000F046F9222000F043F9112000F040F90220A8
:20C6200000F03DF9002000F03AF9322000F037F9822000F034F9B62000F031F9302000F030
:20C6400003F9AF2000F000F90021002000F00EF80E20FFF798F901BD4C6D0020616E0020B4
:20C660005B6E0020E66D0020C46D0020F8B504000D00302000F0E8F8752000F0E5F80020AD
:20C6800000F00DF9132000F00AF9152000F0DCF8002000F004F99F2000F001F95C2000F063
:20C6A000D3F800200600F6B2142E12DA00200700FFB2502F0BDAE4B2200080B200F0EFF8B8
:20C6C000EDB2280080B200F0EAF87F1CF0E7761CE9E70A20FFF751FAF1BD80B5312000F02C
:20C6E000B3F8D72000F0B0F89F2000F0ADF8E02000F0AAF8002000F0D2F80A20FFF73DFAE9
:20C70000E32000F0A1F81420FFF737FAE12000F09BF8302000F098F8942000F095F8D120BC
:20C7200000F092F8AE2000F08FF8A62000F08CF8CA2000F089F8002000F0B1F89F2000F03D
:20C74000AEF8002000F0ABF8BC2000F07DF8002000F0A5F8AB2000F077F8002000F09FF8C1
:20C76000202000F071F80B2000F099F8812000F06BF8282000F093F8042000F090F80C20F5
:20C7800000F062F8F02000F05FF8102000F087F8762000F059F8312000F056F8322000F0B1
:20C7A00053F8002000F07BF8012000F078F8032000F075F8512000F047F8FB2000F06FF898
:20C7C000402000F041F8F02000F03EF8032000F066F8072000F063F80C2000F060F814200F
:20C7E00000F05DF8F22000F02FF80F2000F057F8282000F054F85A2000F051F8F42000F022
:20C8000023F86F2000F04BF8222000F048F8112000F045F8022000F042F8002000F03FF8D8
:20C82000322000F03CF8822000F039F8B62000F036F8302000F008F8AF2000F005F80021AE
:20C840000020FFF713FF01BD10B504004FF48071DFF8480407F0E4FA2021DFF8400407F0AA
:20C86000DFFADFF8400407F0D5FA00F0FF0050EA042189B2DFF82C0407F0D5FA4021DFF870
:20C880001C0407F0CDFA4021DFF8100407F0C5FA4FF48071DFF8040407F0BFFA10BD10B563
:20C8A00004004FF48071DFF8F40307F0B9FA2021DFF8E80307F0B1FADFF8E80307F0AAFAC6
:20C8C00000F0FF0050EA042189B2DFF8D80307F0AAFA4021DFF8C40307F0A2FA4021DFF8B8
:20C8E000BC0307F09AFA4FF48071DFF8B00307F094FA10BD5468002080B545F2555007F0FA
:20C90000C7FC042007F0C8FC4FF4C86007F0C8FC07F0CAFC07F0CDFC01BD80B507F0C4FC28
:20C9200001BDFEE7606C0020286C020800B585B044F2506002900120ADF800000020ADF8DD
:20C940000C000020019000208DF80E0069465FF0804007F0B9FC44F6206002901120ADF8DB
:20C9600000000020ADF80C000020019000208DF80E006946DFF8340307F0A6FC01215FF0BB
:20C98000804007F0F8FC0121DFF8200307F0F3FC012201215FF0804007F0E2FC012201217C
:20C9A000DFF8080307F0DCFC01215FF0804007F0F0FC0121DFF8F40207F0EBFC0020DFF8EE
:20C9C000F012087001215FF0804007F0BBFC0121DFF8D80207F0B6FC05B000BD00B585B026
:20C9E0000020009001208DF8040003208DF805005FF4602002900020039000208DF8100063
:20CA00006946DFF8B00207F0F3FC0321DFF8A40207F0A8FD022301220321DFF8980207F0E7
:20CA200048FD022302220421DFF8880207F041FD022303220521DFF87C0207F03AFD4FF477
:20CA4000E041DFF8700207F02CFD0020009001208DF8040003208DF805005FF460200290E0
:20CA60000020039000208DF810006946DFF8480207F0BEFC0321DFF8400207F073FD022304
:20CA800001220621DFF8300207F013FD022302220721DFF8240207F00CFD022303220A2159
:20CAA000DFF8140207F005FD4FF4E041DFF8080207F0F7FC0020009001208DF804000320E4
:20CAC0008DF805005FF4602002900020039000208DF810006946DFF8E40107F089FC0321F4
:20CAE000DFF8D80107F03EFD022301220021DFF8CC0107F0DEFC022302220121DFF8BC0177
:20CB000007F0D7FC022303220221DFF8B00107F0D0FC4FF4E041DFF8A40107F0C2FC0121DC
:20CB2000DFF8900107F08EFC012007F02AFDDFF8840107F094FCDFF87C0107F095FC0028E6
:20CB4000F9D1DFF8700107F09BFCDFF8680107F09CFC0028F9D10121DFF85C0107F072FCB9
:20CB6000DFF8540107F07BFCDFF84C0107F07CFC0028F9D1DFF8400107F082FCDFF83801F9
:20CB800007F083FC0028F9D10121DFF8300107F059FCDFF8280107F062FCDFF8200107F073
:20CBA00063FC0028F9D1DFF8140107F069FCDFF80C0107F06AFC0028F9D105B000BD80B502
:20CBC00003F0E9F9DFF8F80003F0ACFB0020DFF8F410087001BD0000D03A020880B5304825
:20CBE00002F085FE2E4800785A2815D12C484078000702D50420FEF7C6FE294880781028E2
:20CC000003DB2748807839280FDB282024498870234802F075FE08E05A202149087028207B
:20CC20001F4988701E4802F06BFE01BD7C460208C09601085221244A11700021224A51703A
:20CC400000210800C0B204280DDA20211E4AC0B202EB4002917000211B4AC0B202EB4002B4
:20CC6000D170401CEEE72021184A1170704700210D4A117200210800C0B204280CDA20217E
:20CC8000094AC0B202F810100021074AC0B202EB40025170401CEFE770470000000C0140AB
:20CCA000486D0020001401401C5C002000040040636E00200024014000280140003C014032
:20CCC000686C0020606E0020E0590020D06B002030B4FF23FF240D00691EADB2002D10D095
:20CCE00005786B40401CDBB21A00DFF8AC5792B2AD5C65402B00DFF8A45792B2AD5C2C00C7
:20CD0000E9E70370447030BC70472DE9F44F2DED028B82B004008A461D00B0EE408A0E9E42
:20CD200000208046002081460FFA8AFA1AF1D7004FF4807190FBF1F201FB120A00200700D6
:20CD4000FFB2282F27DA0FFA8AFA34F91A0083461AF1020A0AF0FF0A0FFA8AFA34F81A0040
:20CD6000BBEB000BFFB2BFB27800ADF80000DFF83007BDF8001000EB4100B0F902001BFB03
:20CD80000088DFF81C07BDF8001030F911001BFB0099BF1CD4E75FEA28385FEA293900EE8B
:20CDA000108AB8EEC00A20EE080ABDEEC00A10EE108A00EE109AB8EEC00A20EE080ABDEE69
:20CDC000C00A10EE109AC5F80480C5F8089009FB09F008FB08000190019800F0BDFC3060E0
:20CDE00002B0BDEC028BBDE8F18F884201D3401A00E0081A7047F8B504000D0016001F0082
:20CE000060686968401A7060A068A968401AB060B168706800F06AFC3860F1BD2DE9F84FE2
:20CE200081468B4692465FF00008002004001FFA8BFB1BF1B0004FF4807190FBF1F201FB0E
:20CE40001200060000200700BFB2502F0BDA761CB6B2FF2E01DD00200600B6B239F91600E3
:20CE600024187F1CF0E7502094FBF0F0DFF884195FFA8AFA41F82A001FFA8BFB1BF1D700EF
:20CE80004FF4807190FBF1F201FB1200060000200700BFB2282F14DAB6B239F9160005004A
:20CEA000DFF850095FFA8AFA50F82A002D1A05FB0588761CB6B2FF2E01DD002006007F1C59
:20CEC000E7E7404600F048FC07F074FBDFF82829DFF8283907F086FB07F06CFC0090009805
:20CEE0000B2801D2002000900098BDE8F28F2DE9F84F8246894690461C000025BDF92800D5
:20CF0000D7304FF4807190FBF1F201FB1200060000200700BFB2282F38DA9DF82C0000286A
:20CF200015D0B6B23AF91600DFF8C8185FFA89F951F82910401AB6B238F916104018DFF8FF
:20CF4000B418E4B251F82410401A834614E0B6B23AF91600DFF89C185FFA89F951F8291042
:20CF6000401AB6B238F91610401ADFF88818E4B251F82410081883460BFB0B55761CB6B26B
:20CF8000FF2E01DD002006007F1CC3E7280000F0E3FB07F00FFBDFF86028DFF8603807F05F
:20CFA00021FB07F007FC009000980B2801D2002000900098BDE8F28F2DE9F14F86B00C0027
:20CFC0001500002080464746BDF91800D7304FF4807190FBF1F201FB12008246BDF91800AE
:20CFE000B9304FF4807190FBF1F201FB120083460020060036B2282E80F28A801AF1010AD9
:20D000000FFA8AFABAF1FF0F01DD002082461BF1010B0FFA8BFBBBF1FF0F01DD00208346DC
:20D02000DFF8DC070FFA8BFB00EB4B00B0F9000CDFF8C0170968401A0390DFF8C4070FFA05
:20D040008BFB00EB4B004FF48051405EDFF8A4178968401A0290DFF8A8070FFA8AFA00EBF5
:20D060004A00B0F9000CDFF88C170968401A0590DFF88C070FFA8AFA00EB4A004FF4805197
:20D08000405EDFF870178968401A0490DFF870070FFA8AFA00EB4A00B0F90006DFF85417B4
:20D0A000C968401A0190DFF858070FFA8AFA00EB4A00B0F90008DFF83C170969401A8146EE
:20D0C000DFF83C070FFA8AFA00EB4A00B0F9000ADFF820174969401A009005980199B1EB44
:20D0E0000901049A009BB3EB09035A4301FB0020C71903980199B1EB0901029A009BB3EBFA
:20D1000009035A4301FB002010EB0808761C71E70E2000FB07F0401220600E2000FB08F042
:20D1200040122860206807F05BFBB0F5C87F01DA00202060286807F053FBB0F5C87F01DA3D
:20D140000020286007B0BDE8F08F2DE9F14F86B00C001500002080464746BDF91800D73057
:20D160004FF4807190FBF1F201FB12008246BDF91800B9304FF4807190FBF1F201FB1200D0
:20D1800083460020060036B2282E80F288801AF1010A0FFA8AFABAF1FF0F01DD00208246C6
:20D1A0001BF1010B0FFA8BFBBBF1FF0F01DD00208346DFF84C060FFA8BFB00EB4B00B0F9B0
:20D1C0000002DFF830160968401A0390DFF830060FFA8BFB00EB4B00B0F90004DFF8141652
:20D1E0008968401A0290DFF818060FFA8AFA00EB4A00B0F90002DFF8FC150968401A0590A8
:20D20000DFF8FC050FFA8AFA00EB4A00B0F90004DFF8E0158968401A0490DFF8E4050FFA53
:20D220008AFA00EB4A00B0F90006DFF8C815C968401A0190DFF8C8050FFA8AFA00EB4A0050
:20D24000B0F90008DFF8AC150969401A8146DFF8B0050FFA8AFA00EB4A00B0F9000ADFF81A
:20D2600094154969401A009005980199B1EB0901049A009BB3EB09035A4301FB0020C71910
:20D2800003980199B1EB0901029A009BB3EB09035A4301FB002010EB0808761C73E70E20F4
:20D2A00000FB07F0001320600E2000FB08F000132860206807F094FA502801DA002020602D
:20D2C000286807F08DFA502801DA0020286007B0BDE8F08FF8B5040000200500002006006E
:20D2E0002800DFF820150978C0B2884232D22068062805D36068002805D1A068002802D1E2
:20D300000020E06023E0A16809B2606800B200F022F8E060F6B2002E03D1FF200600E0680B
:20D320000700E0683FB2C01B022190FBF1F0E060E068B52803DBE068B0F5B470E060E06867
:20D3400010F1B40F03DAE06810F5B470E0606D1C1034C5E7F1BD30B4020012B2130009B2DC
:20D360000C00002B00D55B42002C00D56442052B03DA052C01DA00203CE0002B03D147F6CC
:20D38000FF70030005E04FF4807000FB04F090FBF3F3002005002DB2B42D09DADFF8680498
:20D3A0002DB230F8150004009C4201DA6D1CF2E712B2002A02D409B2002919D512B2012AAD
:20D3C00005DA09B2002902D4D5F5B47510E012B2012A05DA09B2012902DAB5F5B47507E088
:20D3E00012B2002A04D409B2012901DA2DB26D42280000B230BC704730B4B0F900304FF49C
:20D40000806413FB04F31A00B0F902304FF4806413FB04F31900B0F90430DFF8F04313FBF4
:20D420000422B0F9063040F2763413FB04F3D21AB0F9043040F2623413FB04F3B0F9064081
:20D44000DFF8C85314FB05335918B0F90830DFF8BC4313FB0422B0F90A30DFF8B44313FB78
:20D4600004F3D21AB0F90830DFF8A84313FB04F3B0F90A40DFF8945314FB05335918032392
:20D4800092FBF3F2032391FBF3F1931203808B12438030BC70470000885602088857020888
:20D4A000FC5E02082DE9FF4F02000020030000200400002005000020060000208146002009
:20D4C000804609B211F193004FF4807190FBF1FB01FB1B01002082460FFA8AFABAF16C0FD8
:20D4E00063DA09B232F911008646491C09B2FF2901DD002001000FFA8EFEBEF11E0F01DB98
:20D5000018F101081BB2002B02D024B2002C20D10FFA8EFEBEF1000F07D41BB2002B04D141
:20D5200024B2002C01D1012003000FFA8EFEBEF1000F0BD51BB2002B08D024B2002C05D118
:20D5400001200400ADF80EE0D1462BE0ADF80AE028E02DB2002D02D036B2002E21D10FFA6B
:20D560008EFEBEF1000F07D42DB2002D04D136B2002E01D1012005000FFA8EFEBEF1000F44
:20D580000CD52DB2002D09D036B2002E06D101200600ADF80CE0BAEB090903E0ADF808E0F9
:20D5A00000E002E01AF1010A96E7BDF90A00BDF90EB0B0EB0B0000282FD0BDF90800BDF9A1
:20D5C0000CB0B0EB0B00002827D0BDF90A005FF4803B0BFB00F00090BDF90AB0BDF90E0042
:20D5E000BBEB0000DDF800B09BFBF0F00190BDF908B05FF4803000FB0BF00090BDF908B094
:20D60000BDF90C00BBEB0000DDF800B09BFBF0F0DDF804B0BBEB000007000FFA89F95FF493
:20D62000803000FB09F0C71BDFF81008BF1190FBF7F7DFF80C08DFF80CB89BF800B040F82B
:20D640002B70DFF800080078401CDFF8F8B78BF80000DFF8F007007810F00700DFF8E4B7B4
:20D660008BF80000DFF8D8070068DFF8D4B7DBF804B01BEB0000DFF8C8B7DBF808B01BEB33
:20D680000000DFF8BCB7DBF80CB01BEB0000DFF8B0B7DBF810B01BEB0000DFF8A4B7DBF8CF
:20D6A00014B01BEB0000DFF898B7DBF818B01BEB0000DFF88CB7DBF81CB01BEB0000C0104A
:20D6C0008446BCF57A6F03DB41F27170844501DB002008E00FFA88F8B8F1020F01DA002009
:20D6E00001E0604600B204B0BDE8F08FF0B40200002A00D55242002900D54942002A01D15B
:20D70000080027E0002901D1100023E0914202DA14000D0001E00C00150000200600B5F54A
:20D72000A04F03D964086D08761CF8E705FB05F005277843032707FB04575FF0030C0CFB04
:20D7400007F7B0FBF7F000190300B6B2002E00D0B3401800F0BC704730B40100012901DA5F
:20D76000080021E00A0000200300500002D452005B1CFAE7112B02DBFF20040004E04FF63E
:20D78000FF705D10284104000A001214A24201DB200009E091FBF4F00200A24201DB2000F5
:20D7A00002E010194410EFE730BC7047020001FB01F002FB02000300DFF88C06834203DA95
:20D7C000DFF88806834201DA002010E0002904D5484292FBF0F0030004E0012902DB92FBC0
:20D7E000F1F003000B2B01DA002000E00120704700000000886A0020986E1283C0CAF13FF5
:20D800008019002092040108C453020800FEFFFF8AFCFFFF9EFCFFFF38B504000D002088D1
:20D82000002806D02088401E20802088002800D1A84731BD30B4002423001C001500E4B2D4
:20D84000EDB2AC4206D291F900400470491C401C5B1CF2E730BC704710B400231A0013005D
:20D860000C009BB2A4B2A34204D200230370401C521CF4E710BC704710B4C9B2CA10825C89
:20D88000012311F00704A3409A43C9B2CB10C25410BC704710B4C9B2CA10825C012311F08D
:20D8A0000704A3401A43C9B2CB10C25410BC70470200C9B2C810105C11F00703C0B2D840D8
:20D8C000C00701D5FF2000E00020704730B40100C9B20A2491FBF4F4E4B224012200C9B27B
:20D8E0000A2491FBF4F504FB151423009C182000C0B230BC704710B40200100003000C006C
:20D900009BB2A4B2A34200D2080080B210BC704730B40300180004000D00A4B2ADB2AC423D
:20D9200000D2080004001500A4B2ADB2AC4200D2100080B230BC7047C0B20A2802DA3030BA
:20D94000C0B201E03730C0B2704738B504000D00E4B2642094FBF0F100FB11400A2190FB5A
:20D96000F1F0C0B2FFF7E8FF28706D1CE4B2642094FBF0F100FB11400A2190FBF1F201FBEB
:20D980001200C0B2FFF7D8FF287031BD38B504000D00A4B24FF4805094FBF0F0C0B2FFF772
:20D9A000CBFF28706D1CA4B24FF4805094FBF0F100FB11404FF4807190FBF1F0C0B2FFF74F
:20D9C000BBFF28706D1CA4B24FF4805094FBF0F100FB11404FF4807190FBF1F201FB120097
:20D9E000102190FBF1F0C0B2FFF7A6FF28706D1CA4B24FF4805094FBF0F100FB11404FF4F4
:20DA0000807190FBF1F201FB1200102190FBF1F201FB1200C0B2FFF78FFF287031BD38B583
:20DA200004000D00E4B24FF4807094FBF0F100FB1140102190FBF1F0C0B2FFF77DFF287037
:20DA40006D1CE4B24FF4807094FBF0F100FB1140102190FBF1F201FB1200C0B2FFF76CFF38
:20DA6000287031BD38B504000D00A4B24FF47A7094FBF0F100FB1140642190FBF1F0C0B280
:20DA8000FFF75AFF28706D1CA4B24FF47A7094FBF0F100FB1140642190FBF1F201FB1200D6
:20DAA0000A2190FBF1F0C0B2FFF746FF28706D1CA4B24FF47A7094FBF0F100FB114064213D
:20DAC00090FBF1F201FB12000A2190FBF1F201FB1200C0B2FFF730FF287031BD70B582B0AF
:20DAE00004000E0000208DF801009DF801008DF80000A4B24FF47A7094FBF0F00500ADB2FD
:20DB00000A2D42DAA4B24FF47A7094FBF0F0C0B2FFF712FF3070761CA4B24FF47A7094FB03
:20DB2000F0F100FB1140642190FBF1F0C0B2FFF703FF3070761CA4B24FF47A7094FBF0F138
:20DB400000FB1140642190FBF1F201FB12000A2190FBF1F0C0B2FFF7EFFE3070761CA4B204
:20DB60004FF47A7094FBF0F100FB1140642190FBF1F201FB12000A2190FBF1F201FB120014
:20DB8000C0B2FFF7D9FE307044E069462800C0B2FFF7DBFE9DF900003070761C9DF901000B
:20DBA0003070761CA4B24FF47A7094FBF0F100FB1140642190FBF1F0C0B2FFF7BDFE307040
:20DBC000761CA4B24FF47A7094FBF0F100FB1140642190FBF1F201FB12000A2190FBF1F0DC
:20DBE000C0B2FFF7A9FE3070761CA4B24FF47A7094FBF0F100FB1140642190FBF1F201FBB6
:20DC000012000A2190FBF1F201FB1200C0B2FFF793FE307073BDC0B23A2802DB3738C0B2F0
:20DC200001E03038C0B27047F8B504000D002000C0B2FFF7F0FF0600F6B20A272800C0B2C4
:20DC4000FFF7E9FF07FB0600C0B2F2BD70B504002078FFF7E0FF05006078FFF7DCFF060073
:20DC6000A078FFF7D8FFEDB24FF47A7115FB01F1F6B2642216FB0211C0B20A2210FB0215DE
:20DC8000E078FFF7C8FF55FA80F080B270BD70B504002078FFF7BFFF05006078FFF7BBFF4F
:20DCA0000600A078FFF7B7FFEDB24FF4805115FB01F1F6B24FF4807216FB0211C0B280B240
:20DCC00011EB0015E078FFF7A6FF55FA80F080B270BD70B504000D002000C0B2FFF79BFFCA
:20DCE000C0B206012800C0B2FFF795FF56FA80F0C0B270BD10B4010089B211F00F0289B2DB
:20DD000011F0F003102493FBF4F30A2404FB0322100089B211F470624FF4807392FBF3F24A
:20DD200064235A4312FA80F089B211F470424FF4805392FBF3F24FF47A7303FB020080B267
:20DD400010BC704730B4010011F00F042200C9B211F0F004102594FBF5F40A256C43230007
:20DD60009C182000C0B230BC704730B40100C9B2642901DB992015E00B00DBB2642093FB99
:20DD8000F0F400FB1433DBB20A20DBB20A2493FBF4F413EB041493FBF0F500FB154002009A
:20DDA0001000C0B230BC704710B401000A0092B24FF47A7392FBF3F34FF4805413FB04F36C
:20DDC000180092B24FF47A7392FBF3F403FB142292B2642392FBF3F34FF48074634313FAE7
:20DDE00080F092B2642392FBF3F403FB142292B20A2392B20A2492FBF4F4240114FA80F045
:20DE0000101892FBF3F403FB140080B210BC704730B4020000242000002423001C000D0005
:20DE2000E4B2EDB2AC4205D2147850FA84F0521C5B1CF3E780B230BC704700000000350CC9
:20DE4000B06A00206A6E002091C91900107A0700F8B504000D004FF6FF77002006003000BD
:20DE6000290080B289B288420BD23A0092B24AF20101B6B2A05D80B200F03CF80700761C55
:20DE8000EDE7380080B2F2BDF8B504000D000027002006003000290080B289B288420BD21D
:20DEA0003A0092B24AF20101B6B2A05D80B200F021F80700761CEDE7380080B2F2BDF8B5D3
:20DEC00004000D001600002007003800290080B289B288420BD2320092B24AF20101BFB25A
:20DEE000E05D80B200F006F806007F1CEDE7300080B2F2BD10B4030010005B0008242200BF
:20DF0000D2B2002A0FD09BB25B089BB280B290EA0304E40703D580B291EA500001E080B2F1
:20DF20004008521EECE780B210BC704702001078491E521C89B2002904D013781818491EE8
:20DF4000521CF7E7C0B2704738B5DFF8100B0500286880B2DFF8081B0860DFF8040B0068F6
:20DF6000DFF8001B0968884266D000200400E4B2102C61DADFF8E80A0068E04010F00100BB
:20DF8000C0B2002826D0DFF8DC0A0068E04010F00100C0B200281DD1DFF8C80A00680121F0
:20DFA000A1400843DFF8BC1A08602100C9B2DFF8B80ADFF8B42A127A0A235A4310440A3052
:20DFC00000F08DFCDFF8A40A007850F00400DFF89C1A0870DFF8880A0068E04010F0010090
:20DFE000C0B2002826D1DFF87C0A0068E04010F00100C0B200281DD0DFF8680A0068012150
:20E00000A1408843DFF85C1A08602100C9B2DFF8580ADFF8542A127A0A235A4310440A3091
:20E0200000F05DFCDFF8440A007850F00400DFF83C1A0870641C9AE7DFF8340A0068DFF8BC
:20E04000341A0968884252D000200400E4B2102C4DDADFF81C0A0068E04010F00100C0B200
:20E06000002822D0DFF80C0A0068E04010F00100C0B2002819D1DFF8FC0900680121A14045
:20E080000843DFF8F01908602100C9B2DFF8E809DFF8E4295278120110440A3000F02FF922
:20E0A000FF212000C0B200F0BEFBDFF8C4090068E04010F00100C0B2002816D1DFF8B409C3
:20E0C0000068E04010F00100C0B200280DD0DFF8A40900680121A1408843DFF89819086096
:20E0E00000212000C0B200F09EFB641CAEE7DFF88C090068DFF888190968884255D0002003
:20E100000400E4B2102C50DADFF870090068E04010F00100C0B2002824D0DFF864090068EC
:20E12000E04010F00100C0B200281BD1DFF8500900680121A1400843DFF84419086014F1B1
:20E140002001C9B2DFF83009DFF82C295278120110440A3000F072F8FF2114F12000C0B26B
:20E1600000F0F1FADFF814090068E04010F00100C0B2002817D1DFF808090068E04010F055
:20E180000100C0B200280ED0DFF8F40800680121A1408843DFF8E8180860002114F1200078
:20E1A000C0B200F0D0FA641CABE7DFF8C408006840084000002811D0DFF8C808007800283E
:20E1C0000CD10120DFF8BC1808702F21DFF88C08FFF760FBFF210F2000F025FBDFF8900844
:20E1E0000068002825D1DFF89C080078002820D0DFF89408006843F69921884211D30020F2
:20E20000DFF8841808600020DFF8781808702F21DFF84808FFF730FB00210F2000F003FB4E
:20E220000BE0DFF864080068401CDFF85C18086003E00020DFF85018086031BD70B5040078
:20E240000D0014F10800DFF84418082201F066FB28206070A5704D2020700020E070DFF884
:20E2600018084078401C232190FBF1F201FB1200DFF80418487000200600F6B2042E35DAF0
:20E28000DFF8F407F6B200EB4600807852281CD1DFF8E4074078DFF8E017F6B201EB460151
:20E2A000C978884211D1DFF8D007F6B200EB4600C078401C232190FBF1F201FB1200DFF8BF
:20E2C000B817F6B201EB4601C870DFF8AC07F6B200EB46008078202806D15220DFF89817EA
:20E2E000F6B201EB46018870761CC6E7DFF87C07007850F00200DFF87417087070BD2DE9DB
:20E30000F84304000D0014F10800DFF88017082201F004FB27206070A5700020814648467B
:20E32000DFF86C170978C0B2884210D22800DFF8641709685FFA89F9142202FB09F2895C0B
:20E34000C0B2884200D1C84619F10109E7E7DFF8440700685FFA88F8142101FB08F10844E7
:20E36000807CE070E0780600F6B2002E00F08F810020814648463100C0B2C9B2884280F050
:20E380008681DFF8100700685FFA88F8142101FB08F108445FFA89F94844C07C5FFA89F953
:20E3A00004EB890108715FFA89F904EB890000790700FFB23800072823D00D287AD00E28D8
:20E3C00000F009810F2800F0CC80102800F0E680112800F01D8112284FD0142811D0192844
:20E3E00000F0A2801A2800F08280252800F01F812B2800F03A812C2800F028812D281FD0CB
:20E4000042E1DFF894060088B0F5004F07DB47F6FF705FFA89F904EB8901C88007E0DFF804
:20E42000780600885FFA89F904EB8901C880DFF86C0600785FFA89F904EB8901487123E168
:20E44000DFF854060088B0F5004F07DB47F6FF705FFA89F904EB8901C88007E0DFF83806E9
:20E4600000885FFA89F904EB8901C88000205FFA89F904EB8901487106E1DFF81C06808962
:20E48000B0F5004F07DB47F6FF705FFA89F904EB8901C88007E0DFF8000680895FFA89F9B6
:20E4A00004EB8901C88000205FFA89F904EB89014871E9E0DFF8E0054089B0F5004F07DB4A
:20E4C00047F6FF705FFA89F904EB8901C88007E0DFF8C40540895FFA89F904EB8901C88008
:20E4E00000205FFA89F904EB89014871CCE0DFF8A805808AB0F5004F07DB47F6FF705FFADA
:20E5000089F904EB8901C88007E0DFF88C05808A5FFA89F904EB8901C88000205FFA89F9C8
:20E5200004EB89014871AFE0DFF86C05C08AB0F5004F07DB47F6FF705FFA89F904EB8901B2
:20E54000C88007E0DFF85005C08A5FFA89F904EB8901C88000205FFA89F904EB890148714D
:20E5600092E0DFF83405008AB0F5004F07DB47F6FF705FFA89F904EB8901C88007E0DFF8B3
:20E580001805008A5FFA89F904EB8901C88000205FFA89F904EB8901487175E0DFF8F804E3
:20E5A000C089B0F5004F07DB47F6FF705FFA89F904EB8901C88007E0DFF8DC04C0895FFAB4
:20E5C00089F904EB8901C88000205FFA89F904EB8901487158E0DFF8C004408AB0F5004F3A
:20E5E00007DB47F6FF705FFA89F904EB8901C88007E0DFF8A404408A5FFA89F904EB89016D
:20E60000C88000205FFA89F904EB890148713BE0DFF8840440885FFA89F904EB8901C880A7
:20E6200000205FFA89F904EB890148712CE0DFF86804C0885FFA89F904EB8901C88000205A
:20E640005FFA89F904EB890148711DE0DFF8480480885FFA89F904EB8901C88000205FFA70
:20E6600089F904EB890148710EE0DFF82C0400895FFA89F904EB8901C88000205FFA89F9D1
:20E6800004EB89014871FFE719F1010972E64D202070DFF8E4034078401C232190FBF1F275
:20E6A00001FB1200DFF8D0134870002081465FFA89F9B9F1040F3CDADFF8BC035FFA89F9D4
:20E6C00000EB4900807852281FD1DFF8AC034078DFF8A4135FFA89F901EB4901C9788842BC
:20E6E00013D1DFF894035FFA89F900EB4900C078401C232190FBF1F201FB1200DFF8781303
:20E700005FFA89F901EB4901C870DFF86C035FFA89F900EB49008078202807D15220DFF8FA
:20E7200058135FFA89F901EB4901887019F10109BDE7DFF83803007850F00200DFF82C13CB
:20E740000870BDE8F1832DE9F04104000D00002007003800DFF838130978C0B288420ED2B2
:20E760002000DFF830130968FFB2142202FB07F2895CC0B2884200D1B8467F1CE9E7C548A9
:20E7800000685FFA88F8142101FB08F10844407C0600F6B2FF2E3ED0F6B2302E3BDBF6B259
:20E7A000402E38DAEDB2002D17D03100C9B2AB48FFF770F83F21A948FFF76CF8B848807886
:20E7C000A64989790843B6498870B548C078A349C9790843B249C87008E03100C9B29F48AA
:20E7E000FFF74AF83F219D48FFF746F83100C9B29D489D4A127A0A235A4310440A3000F01C
:20E800006EF83F219848984A127A0A235A4310440A3000F064F89548007850F004009349CB
:20E820000870BDE8F0812DE9F04104000D0000200700380096490978C0B288420DD22000F8
:20E8400094490968FFB2142202FB07F2895CC0B2884200D1B8467F1CEBE78E4800685FFA99
:20E8600088F8142101FB08F10844407C0600F6B2FF2E2CD0F6B2202E29DBF6B2302E26DA0F
:20E88000EDB2002D13D03100C9B27448FFF702F8834800787149097908438149087080489D
:20E8A00040786E49497908437D49487004E03100C9B26A48FEF7E0FF3100C9B26A486A4A36
:20E8C000127A0A235A4310440A3000F008F86748007850F0040065490870BDE8F08170B598
:20E8E00004000D002900C9B25C48FEF7E1FF5E495D4A127A0A235A43114488725A485A49B2
:20E90000097A0A22514308440C306049082201F005F855485449097A0A2251430844C5726B
:20E920005148007A401C232190FBF1F201FB12004D49087202205B49087000200600F6B28C
:20E94000042E2BDA4848F6B210F81600522818D14548007A4449F6B201EB460149788842CD
:20E960000FD14148F6B200EB46004078401C232190FBF1F201FB12003B49F6B201EB460122
:20E9800048703948F6B210F81600202804D152203549F6B201F81600761CD0E770BD70B519
:20E9A00004000D0040484049097A0A225143084485723D483C49097A0A22514308440C30DA
:20E9C0003249082200F0AAFF37483749097A0A2251430844C4723448007A401C232190FB14
:20E9E000F1F201FB12003049087200200600F6B2042E2BDA2C48F6B210F81600522818D191
:20EA00002948007A2849F6B201EB4601497888420FD12548F6B200EB46004078401C2321B6
:20EA200090FBF1F201FB12001F49F6B201EB460148701D48F6B210F81600202804D15220A5
:20EA40001949F6B201F81600761CD0E70748007850F008000549087070BD0000606C002066
:20EA60003C6D0020046D00201C5C00205F6E0020346D0020FC6C0020E0590020386D002050
:20EA8000006D00204F6E0020086D0020686C0020516E0020146D0020306B0020696E002051
:20EAA000406D0020686E0020845D002080B5AB20DFF8F81C08806420DFF8F01C488055207B
:20EAC000DFF8E81C88800020DFF8E01CC8800020DFF8D81C08810020DFF8D01C48810020D8
:20EAE000DFF8C81C88820020DFF8C01CC8600020DFF8B81C0861012000F08EF801BD2DE9B7
:20EB0000F043B3B00027DFF8A40C8046DFF87C0B0500DFF87C0B0088060000200700320043
:20EB200092B22900684604F051FE9DF800009DF8011050EA01200400A4B2AB2C17D0FFF7D3
:20EB4000B5FF7F1CFFB2032F45D1DFF8480B008850F01000DFF83C1B0880DFF8540C006816
:20EB600050F00200DFF8481C0860002051E03000811E89B26846FFF787F90400A4B2002CAB
:20EB800011D020006946314411F8021CC0B2884209D1200080B2000A6946314411F8011C6D
:20EBA000C0B2884215D07F1CFFB2032F13D1DFF8E40A008850F01000DFF8D81A0880DFF80D
:20EBC000F00B006850F00200DFF8E41B086000201FE000200700FFB2002FA0D100208146D4
:20EBE0005FFA89F9B1450BD268465FFA89F910F8090088F8000018F1010819F10109EFE751
:20EC0000DFF8B00BDFF8A41B91EC060B80EC060B012033B0BDE8F0832DE9F047B2B00400F2
:20EC2000DFF8880B0600DFF8640A8046DFF8600A00888146B9F1020189B23000FFF724F99E
:20EC400082461FFA89F906EB090000F802AC504680B2000A1FFA89F906EB090101F8010C43
:20EC6000E4B2002C09D1DFF84C0BDFF8401B91EC060B80EC060B01203EE0002005004A4699
:20EC800092B24146300004F07EFE4A4692B24146684604F09BFDB9F1020189B26846FFF7E8
:20ECA000F3F80700380069461FFA89F9494411F8021CC0B288420BD1380080B2000A6946F1
:20ECC0001FFA89F9494411F8011CC0B2884205D06D1CEDB2032D03D100200DE00020050077
:20ECE000EDB2002DCBD1DFF8CC0ADFF8C01A91EC060B80EC060B012032B0BDE8F087F8B577
:20ED00000400E4B2002C00F0A180E4B2012C14D1A620DFF8A41A08800020DFF89C1A8870EC
:20ED20000020DFF8941A08710020DFF88C1A48710120DFF8841AC87088E0E4B2022C05D090
:20ED4000E4B2032C02D0E4B2042C37D1E4B2022C0BD1A620DFF8641A08800020DFF85C1A9E
:20ED60004880DFF8580A06001DE0E4B2032C0BD1A620DFF84C1A08800020DFF8441A488046
:20ED8000DFF83C0A06000EE0E4B2042C0BD1A620DFF8301A08800020DFF8281A4880DFF879
:20EDA000240A0600FFE7361D00200500EDB2102D4CDAA5203070761C6D1CF7E7E4B2082C97
:20EDC00024D1A620DFF8001A08800520DFF8F81988700220DFF8F019C8700120DFF8E819C7
:20EDE00008710020DFF8E01948710020DFF8D81988710020DFF8D019C8710020DFF8C8191F
:20EE000008720020DFF8C01948721FE0E4B2092C1CD1A620DFF8B4190880DFF8B0090700AE
:20EE2000BF1C00200500EDB2162D05DA40F2C4403880BF1C6D1CF6E740F2CE30DFF88C1936
:20EE4000C8857FF00700DFF8841908862000C0B200F038F9F1BD2DE9F04F9BB00400E4B252
:20EE6000012C0AD1DFF8500981464FF440400600DFF85C09007807003AE0E4B2022C08D158
:20EE8000DFF8380981464FF4E0400600162007002EE0E4B2032C08D1DFF8240981464FF433
:20EEA000E04006001620070022E0E4B2042C08D1DFF8100981464FF4E040060016200700F1
:20EEC00016E0E4B2082C08D1DFF8FC0881464FF4004006000C2007000AE0E4B2092C07D1AE
:20EEE000DFF8E80881464FF43040060034200700E4B2002C57D03A0092B2B6B2310001A8C7
:20EF000004F064FC9DF80400A62805D02000C0B2FFF7F5FE0020D2E03800811E89B201A859
:20EF2000FEF7B2FF0500280001A9394411F8021CC0B2884209D1280080B2000A01A939440F
:20EF400011F8011CC0B288421BD0E4B2092C18D02000C0B2FFF7D3FE00208DF80000DFF8DC
:20EF60003407008850F01000DFF828170880DFF84008006850F00200DFF83418086000206C
:20EF80009DE0002083465FFA8BFBBB450BD201A85FFA8BFB10F80B0089F8000019F101091F
:20EFA0001BF1010BEFE7E4B2092C42D100208046DFF820088246002083465FFA8BFBBBF164
:20EFC000160F16DABAF8000040F68911884205DABAF8000040F26221884205DA40F2C440AB
:20EFE000AAF80000012080461AF1020A1BF1010BE3E7DFF8D807B0F93010DFF8D007B0F999
:20F000002E00FEF7D3FB00280BD140F2CE30DFF8BC17C8857FF00700DFF8B0170886012011
:20F0200080461FFA88F8B8F1000F02D00920FFF766FEE4B2012C07D1DFF89C07DFF87817E9
:20F04000082200F06BFC35E0E4B2022C07D1DFF88C07DFF86817162200F060FC2AE0E4B29A
:20F06000032C07D1DFF87807DFF85417162200F055FC1FE0E4B2042C07D1DFF86807DFF8BE
:20F080004417162200F04AFC14E0E4B2082C07D1DFF85407DFF830170C2200F03FFC09E07F
:20F0A000E4B2092C06D1DFF84407DFF82017342200F034FC01208DF800009DF800001BB002
:20F0C000BDE8F08F2DE9F04F99B004000026E4B2012C0AD1DFF8E00607004FF44040804659
:20F0E000DFF8EC06007881463AE0E4B2022C08D1DFF8C80607004FF4E0408046162081467F
:20F100002EE0E4B2032C08D1DFF8B40607004FF4E04080461620814622E0E4B2042C08D1E4
:20F12000DFF8A00607004FF4E04080461620814616E0E4B2082C08D1DFF88C0607004FF4D9
:20F14000004080460C2081460AE0E4B2092C07D1DFF8780607004FF4304080463420814639
:20F16000B9F1020189B23800FEF78EFE82461FFA89F907EB090000F802AC504680B2000A18
:20F180001FFA89F907EB090101F8010C002005004A4692B21FFA88F84146380004F0F3FB9F
:20F1A0000120FCF7EAFC4A4692B21FFA88F84146684604F00BFBB9F1020189B26846FEF72E
:20F1C00063FE8346584669461FFA89F9494411F8021CC0B288420BD1584680B2000A6946C8
:20F1E0001FFA89F9494411F8011CC0B2884205D06D1CEDB2032D03D1002047E00020050018
:20F20000EDB2002DC4D1E4B2012C07D1DFF8C805DFF8A415082200F081FB35E0E4B2022C4F
:20F2200007D1DFF8B805DFF89415162200F076FB2AE0E4B2032C07D1DFF8A405DFF88015B6
:20F24000162200F06BFB1FE0E4B2042C07D1DFF89405DFF87015162200F060FB14E0E4B2AA
:20F26000082C07D1DFF88005DFF85C150C2200F055FB09E0E4B2092C06D1DFF87005DFF8C2
:20F280004C15342200F04AFB3000C0B219B0BDE8F08FF8B50400DFF84005C07800282CD1C9
:20F2A000DFF84C050600002007003800DFF84415097880B289B2884217D2002005002800A3
:20F2C000DFF83415BFB24FF4B27202FB07F21144497C80B289B2884205D220883080A41C00
:20F2E000B61C6D1CEBE77F1CDFE7DFF81005DFF800155A2200F012FB62E0DFF8DC04C078FE
:20F3000001282CD1DFF8F8040600002007003800DFF8F014097880B289B2884217D20020F3
:20F3200005002800DFF8E014BFB24FF4B27202FB07F21144497C80B289B2884205D2208837
:20F340003080A41CB61C6D1CEBE77F1CDFE7DFF8BC04DFF8AC143E2200F0E0FA30E0DFF870
:20F360007804C07802282BD1DFF8A4040600002007003800DFF89C14097880B289B2884290
:20F3800017D2002005002800DFF88C14BFB24FF4B27202FB07F21144497C80B289B28842A1
:20F3A00005D220883080A41CB61C6D1CEBE77F1CDFE7DFF86804DFF85814542200F0AEFA3C
:20F3C000F1BD2DE9F04F83B00400FF2005004FF4C040FCF75DF9814646F20100FCF758F9FF
:20F3E000C0438DF80400DFF8380400F06EFADFF83004DFF82C14097808444078A5280CD1C5
:20F4000048469DF80410C0B2884206D1DFF810040078022801DA00200500EDB2002D5AD01F
:20F420000020DFF8FC130870A520DFF8F4134870012080461FFA88F8B8F1020F09DA5A205C
:20F44000DFF8DC131FFA88F84144487018F10108F0E745F6A5214FF4C040FCF724F94FF490
:20F46000C040FCF715F982465FFA8AFA4FF4807B46F20100FCF70CF90BFB0A000600B6B2F9
:20F4800045F6A52086420CD08248008850F4807080490880C648006850F00200C4490860C4
:20F4A00038E000208146484610F10109C0B2032811DADFF86C0300F011FA0A20FCF75DFB76
:20F4C000684600F002FA0322DFF85413684605F08BF90028E7D1D2480078D2498870D1486A
:20F4E00000F0D7F9CF4800F017F800280DD16948008850F4807067490880AD48006850F0EE
:20F500000200AB49086000F071F8C74807003800FFF7BFFEBDE8F78F2DE9F84F04002088FF
:20F5200045F6A521884201D000205DE05A200500201D07002900C9B23800FEF769FC804613
:20F540004046B4F8681080B2884201D000204BE0201D8146002006003000A6490978C0B2AD
:20F56000884240D2002083465846B0490968F6B24FF4B27202FB06F21144497CC0B2884264
:20F580002FD2B9F80000824619F10209A7480068F6B24FF4B27101FB06F108445FFA8BFB59
:20F5A0001C2101FB0BF10844408C514689B2884212D350469D490968F6B24FF4B27202FB84
:20F5C00006F211445FFA8BFB1C2202FB0BF21144098C80B2884201D2002005E01BF1010BF1
:20F5E000C2E7761CB8E70120BDE8F28F2DE9F04145F6A5208B490880894800788949887034
:20F60000894880460020040020007A490978C0B2884224D200200500280084490968E4B278
:20F620004FF4B27202FB04F21144497CC0B2884213D27E480068E4B24FF4B27101FB04F11A
:20F640000844EDB21C2101FB05F10844808CA8F8000018F102086D1CDEE7641CD4E70020DC
:20F66000A8F8000018F102086F4807005A2006003100C9B23800FEF7CBFB6A49A1F8680046
:20F68000684800F014F9BDE8F081000000D077007A010020F06D00202DE9F04182B00400CB
:20F6A0000D006348008845F6A521884201D0002079E05F4885705B485D496A2200F02EF96D
:20F6C000002006003000461CC0B2032822DA554800F0EDF8002080461FFA88F841F28830FD
:20F6E000804502DA18F10108F6E7514800F0D1F86A224F494B4805F077F800280AD00020EB
:20F7000080461FFA88F8B8F1FF0F02DA18F10108F7E7D7E7F6B2032E05DB4AF25A5044491D
:20F72000088000203FE0A5203D493E4A927811444870002006003000461CC0B2032821DAC8
:20F74000374800F0CBF8002080461FFA88F8B8F1FF0F02DA18F10108F7E7684600F0B5F82A
:20F7600003222F49684605F03FF800280AD0002080461FFA88F8B8F1FF0F02DA18F10108EC
:20F78000F7E7D8E74AF25A50294908802448007824498870234800F07CF82348070038002A
:20F7A000FFF777FD0120BDE8F6810000E86A0020386D0020D06A0020586C0020186B00208A
:20F7C000606B0020906B0020306C0020C06900207C010020C2690020506C0020006B0020CF
:20F7E000486B0020786B0020246C00208C690020B0660020556E002044FB01085466002033
:20F80000D46800205A0401083422020894680020606700205B040108BC0E02080C670020F3
:20F82000446D00207C65002080650020286D0020E86500202DE9F041B6B00400884615003B
:20F84000424692B22900200004F09DF81420FCF7A5F9424692B22900684603F0B7FF2700D2
:20F86000002006003000C0B2414680B289B288420BD23800471C00786946F6B2895D88420B
:20F8800001D0002002E0761CECE7012036B0BDE8F08138B50400A0786E21484310F5A0400B
:20F8A00005006A222900200003F090FF31BD38B50400A0786E21484310F5A04005002A00C7
:20F8C0006A212000FFF7B6FF31BD10B5040003224FF4C041200003F079FF10BD10B5040091
:20F8E0004FF4C04203212000FFF7A4FF10BD10B5040003224FF41041200003F067FF10BD51
:20F9000010B504004FF4104203212000FFF792FF10BD0268531C03601170704762B38B07D6
:20F9200008D0521E11F8013B00F8013B00F024808B07F6D1830740F0208000BF103A07D3DC
:20F9400030B4B1E83810103AA0E83810F9D230BC530724BFB1E80810A0E8081044BF51F837
:20F96000043B40F8043BD20724BF31F8022B20F8022B44BF0B7803707047083A07D3B1E815
:20F980000810083A40F8043B40F804CBF7D25307E4E7100E10B50400A4B2211DA4B22000B0
:20F9A00004F0A0F8002801D1012000E0002010BD80B500F0FAF901BD80B50020DFF8641558
:20F9C000087040F2FF30DFF860158880DFF85805808800284FD0FCF7A0FFDFF84C058088B5
:20F9E000400110F58020DFF8441508600020DFF840150880DFF838050088042828D20422CD
:20FA0000DFF828050168DFF82C0503F0DFFEDFF81C050068001DDFF814150860DFF81405CC
:20FA2000006810F1010F0BD0DFF8FC048088401CDFF8F41488800120DFF8E814087007E0FD
:20FA4000DFF8EC040088401CDFF8E4140880D1E7DFF8D00490F9000000280CD1DFF8C80410
:20FA60008088002807D0DFF8C0048088401EDFF8B8148880AAE70020DFF8A814087040F2E5
:20FA8000FF30DFF8B4148880DFF8AC04808800284FD0FCF742FFDFF8A0048088400110F5BD
:20FAA000A020DFF8881408600020DFF884140880DFF87C040088022828D20422DFF86C0424
:20FAC0000168DFF8700403F081FEDFF860040068401CDFF858140860DFF85804006810F1BA
:20FAE000010F0BD0DFF850048088401CDFF8481488800120DFF82C14087007E0DFF83004AF
:20FB00000088401CDFF828140880D1E7DFF8140490F9000000280CD1DFF81C04808800280A
:20FB200007D0DFF814048088401EDFF80C148880AAE70020DFF8EC13087040F2FF30DFF863
:20FB4000FC138880DFF8F403808800284FD0FCF7E4FEDFF8E8038088400110F5C020DFF8D5
:20FB6000CC1308600020DFF8C8130880DFF8C0030088022828D20422DFF8B0030168DFF8AE
:20FB8000B40303F023FEDFF8A4030068401CDFF89C130860DFF89C03006810F1010F0BD0A0
:20FBA000DFF898038088401CDFF8901388800120DFF87013087007E0DFF874030088401CE1
:20FBC000DFF86C130880D1E7DFF8580390F9000000280CD1DFF864038088002807D0DFF8B3
:20FBE0005C038088401EDFF854138880AAE701BD38B5DFF84C03407ADFF844134978884225
:20FC000040D0C9488088B0F5806F16DB5FF4862005004FF480522900DFF8280303F0D6FD32
:20FC20004020FFF7B7FE4FF480525FF48021C54803F0A9FE8020BC498880BB488088400110
:20FC400010F580200500BE48BD49497A090108440A30040010222900200003F094FEB2489D
:20FC60008088401CB0498880B548407A401CB4494872B348407A232190FBF1F201FB1200E0
:20FC8000AF49487231BD38B5AF48C079AE49097A884240D0A8488088B0F5806F15DB5FF484
:20FCA000A62005004FF480522900A64803F08EFD5020FFF76FFE4FF480525FF4A021A148EA
:20FCC00003F061FE80209C4988809B488088400110F5A02005009C489B49C9790A22514385
:20FCE00008440A3004000A222900200003F04BFE91488088401C904988809348C079401C3B
:20FD00009149C8719048C079232190FBF1F201FB12008D49C87131BD38B58C48C0798B4934
:20FD2000097A884240D085488088B0F5806F15DB5FF4C62005004FF480522900814803F0D5
:20FD400045FD6020FFF726FE4FF480525FF4C0217C4803F018FE8020784988807748808881
:20FD6000400110F5C020050078487849C9790A22514308440A3004000A222900200003F0E3
:20FD800002FE6E488088401C6C4988806F48C079401C6E49C8716D48C079232190FBF1F2B0
:20FDA00001FB12006949C87131BD80B56848007880070ED56248407A61494978884205D126
:20FDC0006348007810F0FD0061490870FFF710FF28E05F48007840070ED55B48C0795A490C
:20FDE000097A884205D15A48007810F0FB0058490870FFF748FF15E05548007800070ED581
:20FE00005248C0795149097A884205D15048007810F0F7004E490870FFF77EFF02E00020C7
:20FE20004B49087001BD01000020C9B2002902D13D4A92881000C9B2012902D13E4A928895
:20FE40001000C9B2022902D13C4A9288100080B27047F8B504000D001600F6B2002E09D1FC
:20FE6000A4B2600110F58020070010223900280003F0ACFCF6B2012E09D1A4B2600110F584
:20FE8000A02007000A223900280003F09FFCF6B2022E09D1A4B2600110F5C02007000A22FF
:20FEA0003900280003F092FC0120F2BD10B50400E4B2002C0ED120201B49488000201A4937
:20FEC00088804020FFF766FD002801D0012026E0002024E0E4B2012C0ED120201649488014
:20FEE0000020154988805020FFF754FD002801D0012014E0002012E0E4B2022C0ED12020C2
:20FF00000E49488000200D4988806020FFF742FD002801D0012002E0002000E0002010BDA6
:20FF200000000000506E0020006C00200C6D0020C66D0020106D00200C6C0020186C002092
:20FF4000E0590020803100201C5C0020845D00205F6E00200CB41CB5044604A801900A4689
:20FF6000009401AB694607487844183004F06EFC009A0021117000285CBF0098001B16BCDD
:20FF80005DF80CFB8FF9FFFF3220C0B2002801D0401EFAE7704780B51020ADF800000220A0
:20FFA0008DF8020010208DF8030069466A4803F086FE0820ADF8000002208DF80200142080
:20FFC0008DF803006946644803F079FE01BD80B5082062490860FFF7D7FF10205F4908609A
:20FFE000FFF7D2FF5E480068002801D1012000E0002008205B490860FFF7C6FF1020594950
:020000040801F1
:200000000860FFF7C1FF012002BD80B5102055490860FFF7B9FF082052490860FFF7B4FFF5
:2000200010204E490860FFF7AFFF08204B490860FFF7AAFF01BD80B510204A490860FFF716
:20004000A3FF082047490860FFF79EFF102043490860FFF799FF102042490860FFF794FFED
:2000600001BD80B510203F490860FFF78DFF08203A490860FFF788FF102038490860FFF74C
:2000800083FF102037490860FFF77EFF01BD80B5102034490860FFF777FF08202F490860D7
:2000A000FFF772FF10202D490860FFF76DFF2C480068000704D510202A490860002003E09F
:2000C000102028490860012002BD38B5040008252800451EC0B2002816D01020214908600C
:2000E000FFF752FF200603D508201C49086002E008201C4908606400FFF746FF10201749C0
:200100000860FFF741FFE3E710201649086031BD38B5082400250820104908602000441EE9
:20012000C0B2002811D06D0010200E490860FFF72BFF102009490860FFF726FF084800680B
:200140000007EBD555F00105E8E71020054908602800C0B232BD000000180140101801408D
:20016000081801401418014080B5FFF730FF002801D100202AE06420FFF7A7FFFFF787FF97
:20018000002803D1FFF741FF00201FE01020FFF79CFFFFF77CFF8020FFF797FFFFF777FF44
:2001A000FFF733FFFFF713FF6420FFF78EFFFFF76EFF0F20FFF789FFFFF769FF8420FFF700
:2001C00084FFFFF764FFFFF720FF012002BD80B5FFF7FDFE002801D100201CE06420FFF798
:2001E00074FFFFF754FF002803D1FFF70EFF002011E00F20FFF769FFFFF749FF0020FFF752
:2002000064FFFFF744FF0020FFF75FFFFFF73FFFFFF7FBFE012002BD10B50400FFF7A4FF69
:20022000FFF7D5FE6420FFF750FFFFF730FF002803D1FFF7EAFE00202FE00020FFF745FFA4
:20024000FFF725FF2078FFF740FFFFF720FF6078FFF73BFFFFF71BFFA07850F08000C0B240
:20026000FFF733FFFFF713FFE078FFF72EFFFFF70EFF2079FFF729FFFFF709FF6079FFF74C
:2002800024FFFFF704FFA079FFF71FFFFFF7FFFEFFF7BBFEFFF79BFF012010BD10B504002C
:2002A000FFF795FE6420FFF710FFFFF7F0FE002803D1FFF7AAFE002033E00020FFF705FF61
:2002C000FFF7E5FEFFF783FE6520FFF7FEFEFFF7DEFEFFF71DFF2070FFF7ADFEFFF718FF35
:2002E0006070FFF7A8FEFFF713FF10F07F00A070FFF7A1FEFFF70CFFE070FFF79CFEFFF78F
:2003000007FF2071FFF797FEFFF702FF6071FFF792FEFFF7FDFEA071FFF7A3FEFFF775FE6B
:20032000012010BD1CB504006846FFF7B7FFA41C9DF8000010F0F000512805DA9DF800006E
:2003400010F00F000A2802DB00208DF800009DF8010010F0F000512805DA9DF8010010F066
:200360000F000A2802DB00208DF801009DF8020010F0F000212805DA9DF8020010F00F0064
:200380000A2802DB00208DF802009DF8040010F0F000312805DA9DF8040010F00F000A280C
:2003A00002DB00208DF804009DF8050010F0F000112805DA9DF8050010F00F000A2802DB5D
:2003C00000208DF805009DF8060010F0F000912805DA9DF8060010F00F000A2802DB002077
:2003E0008DF806009DF800002070641C9DF801002070641C9DF802002070641C9DF80400E7
:200400002070641C9DF805002070641C9DF806002070641C13BD1CB50400A41C20788DF8F5
:200420000000641C20788DF80100641C20788DF80200641C20788DF80400641C20788DF841
:200440000500641C20788DF80600641C00208DF803006846FFF7E0FE13BD0B0E00F101036C
:20046000810704D010F8011B89B18107FAD10268B2F10131914311F0803F04BF50F8042F5E
:20048000F6E710F8011B11B110F8011BFBE7C01A70470B0D38B50400DFF8900A006805001B
:2004A0002900DFF8880A0068FCF79FFCA4B2A042F6D331BD01005FF0FF30DFF8742AC9B256
:2004C00032F81120DFF86C3AC9B233F811309A421BD0DFF8642AC9B24FF4006303FB01F31E
:2004E0001A44DFF84C3AC9B233F81130D25C1000DFF83C2AC9B232F81120521C5205520DE5
:20050000DFF82C3AC9B223F81120704710B402005FF0FF30DFF8183AD2B233F81230DFF8EB
:20052000144AD2B234F81240641C6405640DA3421CD0DFF8043AD2B24FF4006404FB02F4FB
:200540002344DFF8F049D2B234F812401955DFF8E439D2B233F812305B1C5B055B0DDFF8B9
:20056000D449D2B224F812300123180010BC7047F0B587B004000D001600DFF8C009844254
:2005800002D10020070023E0DFF8B409844202D1002007001CE0DFF8AC09844202D10020C9
:2005A000070015E0DFF8A009844202D1002007000EE0DFF89809844202D10020070007E0F2
:2005C000DFF88C09844202D10020070000E01AE2DFF8680984421CD10021DFF8780905F0AA
:2005E00020FBDFF8700905F0F7F900228021DFF84C0905F038FC0021012005F002FD01213B
:200600004FF4804005F00CFD0121012005F0F9FCA3E0DFF82C0984421CD10021DFF8380931
:2006200005F0FFFADFF8300905F0D6F900228021DFF80C0905F017FC0021012005F0E1FC2D
:2006400001215FF4003005F0FAFC0121012005F0D8FC82E0DFF8EC0884421CD10021DFF826
:20066000FC0805F0DEFADFF8F40805F0B5F900228021DFF8D00805F0F6FB0021012005F0A4
:20068000C0FC01215FF4802005F0D9FC0121012005F0B7FC61E0DFF8B00884421CD1002130
:2006A000DFF8BC0805F0BDFADFF8B40805F094F900228021DFF8900805F0D5FB00210120A5
:2006C00005F09FFC01215FF4002005F0B8FC0121012005F096FC40E0DFF8700884421CD160
:2006E0000021DFF8800805F09CFADFF8780805F073F900228021DFF8540805F0B4FB00217C
:20070000012005F07EFC01215FF4801005F097FC0121012005F075FC1FE0DFF8340884423B
:200720001BD10021DFF8400805F07BFADFF8380805F052F900228021DFF8140805F093FB93
:200740000021012005F05DFC01215FF0807005F067FC0121012005F054FCDFF81008EDB23A
:2007600050F825000290F6B2002E13D10020ADF80C000020ADF80E000020ADF81000002027
:20078000ADF814000C20ADF8120002A9200005F0B1FA7CE0F6B2012E15D14FF48050ADF881
:2007A0000C000020ADF80E004FF48060ADF810000020ADF814000C20ADF8120002A92000FB
:2007C00005F098FA63E0F6B2022E15D14FF48050ADF80C000020ADF80E004FF4C060ADF8F2
:2007E00010000020ADF814000C20ADF8120002A9200005F07FFA4AE0F6B2032E14D10020EC
:20080000ADF80C004FF40050ADF80E000020ADF810000020ADF814000C20ADF8120002A9A5
:20082000200005F067FA32E0F6B2042E16D14FF48050ADF80C004FF40050ADF80E004FF422
:200840008060ADF810000020ADF814000C20ADF8120002A9200005F04DFA18E0F6B2052E6D
:2008600015D14FF48050ADF80C004FF40050ADF80E004FF4C060ADF810000020ADF8140097
:200880000C20ADF8120002A9200005F033FADFF8AC06844212D1DFF8D806FFB24FF48061CC
:2008A00001FB07F1084401900094DFF8A8361A220121DFF8C00600F0A8F871E0DFF88006E5
:2008C000844212D1DFF8A806FFB24FF4806101FB07F1084401900094DFF87C361C220221C6
:2008E000DFF8900600F091F85AE0DFF85806844212D1DFF87C06FFB24FF4806101FB07F1D8
:20090000084401900094DFF854361E220321DFF8640600F07AF843E0DFF82C06844212D129
:20092000DFF84C06FFB24FF4806101FB07F1084401900094DFF8283620220421DFF83406A7
:2009400000F063F82CE0DFF80406844212D1DFF82006FFB24FF4806101FB07F10844019013
:200960000094DFF8003622220521DFF8080600F04CF815E0DFF8D805844211D1DFF8F00536
:20098000FFB24FF4806101FB07F1084401900094DFF8D43524220621DFF8D80500F035F8FF
:2009A000012240F22551200005F032FA01228021200005F058FA0121200005F01BFA002094
:2009C000DFF86C15FFB221F817000020DFF8A815FFB221F817000020DFF8A015FFB221F8D3
:2009E00017000020DFF89815FFB221F817000020DFF89015FFB221F817000020DFF888154A
:200A0000FFB221F8170007B0F0BD2DE9F0438BB004000D0016001F00DDF84880DDF84C9079
:200A2000380004F0D9FF18F104000090CDF80490102002904FF47A700390002004908020E6
:200A400005900020069000200790002008904FF40050099000200A906946380005F041F8E1
:200A60003200D2B22900C9B2200005F059F80BB0BDE8F0832DE9F04104000D0000265FF016
:200A80000008DFF8B804844202D10020804624E0DFF8AC04844202D1002080461DE0DFF85E
:200AA000A404844202D10020804616E0DFF89804844202D1002080460FE0DFF89004844207
:200AC00002D10020804608E0DFF88404844202D10020804601E0002011E04046C0B2FFF7B7
:200AE000E9FC070017F1010F07D02F706D1C761CB6B2B6F5006F00DAEFE7300080B2BDE828
:200B0000F0812DE9F84306000D00140000275FF00008A4B2002C01D1002005E2DFF81C041C
:200B2000864202D10020804624E0DFF81404864202D1002080461DE0DFF80804864202D145
:200B40000020804616E0DFF80004864202D1002080460FE0DFF8F403864202D1002080461F
:200B600008E0DFF8EC03864202D10020804601E00020D9E1DFF8C403864251D1A4B2DFF8D6
:200B8000F0035FFA88F84FF4806101FB08F100EB0109220029004846FEF7C0FEDFF8D00345
:200BA0005FFA88F84FF4806101FB08F10844DFF8DC130860A4B2DFF8D80304600121DFF864
:200BC000940305F02EF8DFF864030068DFF8C4135FFA88F841F828000520FFF75BFC022041
:200BE00005F02DF800280DD00021DFF8680305F018F8022005F038F80520FFF74BFC2000A5
:200C000080B291E1DFF88C035FFA88F850F82810C6480068FCF7E9F8B0F5FA7FDCD382E1F7
:200C2000C748864248D1A4B2D1485FFA88F84FF4806101FB08F100EB010922002900484695
:200C4000FEF76CFECA485FFA88F84FF4806101FB08F10844D0490860A4B2D0480460012170
:200C6000BD4804F0DEFFB1480068CA495FFA88F841F828000520FFF70DFC202004F0DFFFBA
:200C800000280CD00021B44804F0CBFF202004F0EBFF0520FFF7FEFB200080B244E1BD48C7
:200CA0005FFA88F850F82810A0480068FCF79DF8B0F5FA7FDED336E1A24886424AD1A4B2FA
:200CC000AB485FFA88F84FF4806101FB08F100EB0109220029004846FEF720FEA4485FFA09
:200CE00088F84FF4806101FB08F10844AC490860A4B2AC4804600121984804F092FF8B48AA
:200D00000068A4495FFA88F841F828000520FFF7C1FB4FF4007004F092FF00280DD000210F
:200D20008E4804F07EFF4FF4007004F09DFF0520FFF7B0FB200080B2F6E096485FFA88F884
:200D400050F8281079480068FCF74FF8B0F5FA7FDCD3E8E07C4886424AD1A4B284485FFAF9
:200D600088F84FF4806101FB08F100EB0109220029004846FEF7D2FD7D485FFA88F84FF467
:200D8000806101FB08F1084487490860A4B2874804600121724804F044FF644800687D4983
:200DA0005FFA88F841F828000520FFF773FB4FF4005004F044FF00280DD00021684804F0DC
:200DC00030FF4FF4005004F04FFF0520FFF762FB200080B2A8E06F485FFA88F850F82810AD
:200DE00052480068FCF701F8B0F5FA7FDCD39AE0564886424AD1A4B25D485FFA88F84FF426
:200E0000806101FB08F100EB0109220029004846FEF784FD56485FFA88F84FF4806101FB21
:200E200008F1084462490860A4B26248046001214C4804F0F6FE3D48006856495FFA88F8F3
:200E400041F828000520FFF725FB5FF4003004F0F6FE00280DD00021424804F0E2FE5FF4B4
:200E6000003004F001FF0520FFF714FB200080B25AE048485FFA88F850F828102B480068D4
:200E8000FBF7B3FFB0F5FA7FDCD34CE03048864249D1A4B236485FFA88F84FF4806101FB8E
:200EA00008F100EB0109220029004846FEF736FD2F485FFA88F84FF4806101FB08F108448E
:200EC0003D490860A4B23D4804600121264804F0A8FE164800682F495FFA88F841F8280043
:200EE0000520FFF7D7FA5FF4001004F0A8FE00280DD000211C4804F094FE5FF4001004F0A2
:200F0000B3FE0520FFF7C6FA200080B20CE021485FFA88F850F8281004480068FBF765FF3B
:200F2000B0F5FA7FDCD30020BDE8F283306D0020CA6D0020CC6D00208041002000380140E3
:200F40000044004000480040004C00400050004000600140080002401C00024030000240AE
:200F600044000240580002406C00024060690208E052002000000240CE6D0020D06D002084
:200F8000D26D0020D66D0020D46D0020140002400C0002402C6D0020280002402000024005
:200FA0003C000240340002405000024048000240640002405C000240780002407000024071
:200FC00070B400252A0000252B0000252C00DFF8005CED78002D18D1DFF8F85B2D68068802
:200FE000B54201D341252A00DFF8E85B2D690688B54201D342252B00DFF8D85B2D6A0688CC
:20100000B5423DD343252C003AE0DFF8C45BED78012D18D1DFF8C05B2D680688B54201D3C9
:2010200041252A00DFF8B05B2D690688B54201D342252B00DFF8A05B2D6A0688B5421FD3DD
:2010400043252C001CE0DFF8885BED78022D17D1DFF8A05C2D680688B54201D341252A0079
:20106000DFF8905C2D690688B54201D342252B00DFF8805C2D6A0688B54201D343252C00F5
:20108000D2B2412A08D1DBB2422B05D1E4B2432C02D003250D7049E0D2B2412A08D1DBB2BE
:2010A000422B05D0E4B2432C02D105250D703DE0D2B2412A08D0DBB2422B05D1E4B2432CB6
:2010C00002D106250D7031E0D2B2412A08D1DBB2422B05D0E4B2432C02D001250D7025E06E
:2010E000D2B2412A08D0DBB2422B05D1E4B2432C02D002250D7019E0D2B2412A08D0DBB291
:20110000422B05D0E4B2432C02D104250D700DE0D2B2412A08D1DBB2422B05D1E4B2432C85
:2011200002D107250D7001E001250D7070BC7047F0B5059C069D079E91F800C0BCF15A0FDF
:201140003BD1B2F800C0BCF1000F36D0B3F800C05FF0F30E0EFB0CFC5FEA1C2C6746844683
:20116000BE461FFA8CFC1FFA8EFEF44521D3B4F800C0BCF10A0F15DBD5F800C056EA0C0CF1
:20118000C5F800C0DFF890CCBCF800C0BCF1000F13D1DFF864CBBCF800C0DFF87CECAEF82C
:2011A00000C00AE0B4F800C01CF1010CA4F800C003E05FF0000CA4F800C0F0BDF0B4049C18
:2011C000059D069E0F785A2F15D11788002F12D01F8884461FFA8CFC67450AD32788142F96
:2011E00003DB2F6837432F6005E027887F1C278001E000272780F0BC7047F0B4049C059DA3
:201200000F885FF0F30C0CFB07F73F0A3E000700B1F800C0BFB2674510D31F6827420BD121
:201220001768002F05D01F6827431F600027176002E017687F1C1760288019E00700B44608
:20124000BFB21FFA8CFC674509D21768002F02D00027176002E01F68A7431F600EE01F6890
:20126000274205D11768002F02D017687F0817601F68274202D017687F1C1760F0BC70477C
:201280002DE9F84F04000D0016001F00DDF82880DDF82C90DDF830A0A16809B2606800B2BA
:2012A000FCF759F88346A96809B2686800B2FCF752F8ADF800000FFA8BFBBDF90000BBEB06
:2012C0000000022190FBF1FB0FFA8BFBBBF1B50F01DBBBF5B47B0FFA8BFB1BF1B40F01DA81
:2012E0001BF5B47B3000594600B209B288421ADA5846390000B209B2884214DAD9F80000E8
:2013000010EA0A0F04D1B8F80000401CA8F80000B8F80000022815DBD9F800005AEA00005A
:20132000C9F800000EE0B8F80000002804D0B8F80000401EA8F80000D9F8000030EA0A00AF
:20134000C9F80000BDE8F18F2DE9F04184B004000D00DFF8F00B006840031CD4DFF874085B
:20136000006F298888420DD3DFF86808D0F880002988884206D3DFF85C08D0F8900029887C
:20138000884224D2DFF8BC0B006850F48020DFF8B41B08601BE02888DFF83818096F884281
:2013A00015D22888DFF82C18D1F8801088420ED22888DFF82018D1F89010884207D2DFF8D6
:2013C000840B006830F48020DFF8781B086040F6B830060014200700DFF8A00CDFF8A01C0B
:2013E00009783022514308440FC8DFF898CC8CE80F00DFF8880CDFF8881C09783022514358
:20140000084410300FC8DFF880CC8CE80F00DFF86C0CDFF86C1C0978302251430844203012
:201420000FC8DFF868CC8CE80F00DFF8640C0FC8DFF848CCDFF848EC9EF800E05FF0300836
:2014400008FB0EFEF4448CE80F00DFF8480C0FC8DFF828CCDFF828EC9EF800E05FF030080D
:2014600008FB0EFEF4441CF1100C8CE80F00DFF8280C0FC8DFF804CCDFF804EC9EF800E0B3
:201480005FF0300808FB0EFEF4441CF1200C8CE80F00DFF8EC0B0078401CDFF8E41B0870D2
:2014A000DFF8DC0B007810F00F00DFF8D41B0870DFF82007006FB6B2B0420ED2DFF8140710
:2014C000D0F88000B6B2B04207D2DFF80807D0F89000B6B2B042C0F08280DFF8F80600680A
:2014E000BFB2B84218D3DFF8EC06D0F88000B6B2B04211D304200290DFF8A00B0190DFF8A7
:20150000A00B00905B237FF01E02DFF8881BDFF8C406FFF7B5FE0BE00020DFF8841B0880B6
:20152000DFF8780B006830F00400DFF8701B0860DFF8A0060069BFB2B84218D3DFF894064E
:20154000D0F89000B6B2B04211D340200290DFF84C0B0190DFF84C0B00905B237FF01E0279
:20156000DFF8341BDFF8400BFFF78AFE0BE00020DFF8301B0880DFF8240B006830F0400022
:20158000DFF8181B0860DFF84C06006ABFB2B84218D3DFF84006006FB6B2B04212D34FF4E2
:2015A00080600290DFF8F40A0190DFF8000B00905B237FF01E02DFF8D81ADFF8F40AFFF740
:2015C0005FFE8BE00020DFF8E41A0880DFF8CC0A006830F48060DFF8C41A08607EE0DFF85B
:2015E000F4050068BFB2B84217D3DFF8980A0069B6B2B04211D304200290DFF8A00A01904D
:20160000DFF89C0A00905B237FF01E02DFF8781ADFF8C005FFF734FE0BE00020DFF8801A07
:201620000880DFF8780A006830F00400DFF86C1A0860DFF8A0050069BFB2B84217D3DFF867
:20164000440A006AB6B2B04211D340200290DFF84C0A0190DFF84C0A00905B237FF01E021A
:20166000DFF8281ADFF8400AFFF70AFE0BE00020DFF8301A0880DFF8240A006830F04000B1
:20168000DFF8181A0860DFF84C05006ABFB2B84218D3DFF8F0090068B6B2B04212D34FF437
:2016A00080600290DFF8F4090190DFF8000A00905B237FF01E02DFF8CC19DFF8F409FFF74F
:2016C000DFFD0BE00020DFF8E4190880DFF8CC09006830F48060DFF8C4190860DFF8640850
:2016E0000068000427D52088012810D1DFF85408006830F48020DFF84C180860DFF89C0952
:201700000068DFF8581C0840DFF8901908602088022810D1DFF82C08006850F48020DFF805
:2017200024180860DFF87409006840F244410843DFF868190860BDE8FF812DE9F34F83B0D7
:2017400014001D000E9E0F9FDDF84080DDF84490DDF848A0049800785A2802D120880028CA
:2017600010D1D8F8000030EA0900C8F8000000203860DFF8EC0B006830EA0A00DFF8E01BF1
:201780000860F3E09DF85000002832D0DFF84004C07800280BD1DFF83C04016A89B2DFF814
:2017A0003404006880B2FCF7A6F883465EE0DFF82004C07801280BD1DFF81C04016A89B2EA
:2017C000DFF81404006880B2FCF795F883464DE0DFF8FC03C078022848D1DFF81805016A5A
:2017E00089B2DFF81005006880B2FCF784F883463CE0DFF8DC03C07800280FD1DFF8D40330
:20180000026A92B2DFF8CC03016989B2DFF8C403006880B2FCF77CF8834627E0DFF8B003D4
:20182000C07801280FD1DFF8B003026A92B2DFF8A803016989B2DFF8A003006880B2FCF7FF
:2018400067F8834612E0E248C07802280ED1DFF8A404026A92B2DFF89C04016989B2DFF8E1
:201860009404006880B2FCF753F8834613980190CDF8009043463A002900584680B2FFF7EC
:20188000BCFC208802280CD1DFF8B8060068400307D4D8F8000030EA0900C8F800000020F3
:2018A0003860208803282BD1D8F8000010EA090F26D0C84800682988884204D3DFF8DC0765
:2018C000007840071CD4C34800692988884204D3DFF8C8070078400612D4BE48006A298828
:2018E000884204D3DFF8B4070068400508D4D8F8000030EA0900C8F800000020386035E0AC
:201900003088052806DA2888032803DA0520ADF8080002E03088ADF808003868BDF80810C4
:20192000884213D3D8F8000010EA090F0ED0DFF8300A00685AEA0000DFF8241A086007F006
:2019400055F8DFF82C1D2800FFF73AFB386800280CD1D8F8000010EA090F07D1DFF8000A87
:20196000006830EA0A00DFF8F819086005B0BDE8F08F2DE9F64F87B004001D00139E149F9B
:20198000DDF85480079800785A2803D108980088002810D10020306000207060386830EAA6
:2019A00008003860DFF8B809006816998843DFF8B019086009E12888F3214843000AADF81D
:2019C0000C002000BDF80C1080B2884214D2386810EA080F00F0EA807068052808D300201D
:2019E000706000203060386830EA08003860DDE07068401C7060D9E02000298880B28842C6
:201A0000C0F0D480386810EA080F05D100203060386858EA0000386017980480012001902C
:201A20000898008802281BD112980088824647F23150824502D347F2305082464FF458609C
:201A400000FB0AFAA4B220022988B0FBF1F08146B9F580793068019901FB090030608BE032
:201A600008980088012864D11298008882464EF66120824502D34EF66020824642F2D730BE
:201A800000FB0AFAA4B2A0022988B0FBF1F08146012083460FFA8BFBBBF10E0F0ADADFF84E
:201AA000D40B0FFA8BFB50F82B00484502DA1BF1010BEFE7DFF8BC0B0FFA8BFB50F82B004E
:201AC0000290DFF8B40B0FFA8BFB50F82B0005900298B9EB00004FF480414843029990FB54
:201AE000F1F08000009000988010009989104843001304900098C01040F21F51484310F1D3
:201B000000500499C91040F2822202FB110081465FEA6939059800FB09F95FEA693909F1EA
:201B20007F4919F57F093068019901FB0900306022E00898008803281ED112980088824642
:201B400042F21170824502D342F2107082464FF4A04000FB0AFAA4B220022988B0FBF1F0E1
:201B6000814609FB09F05FEA2029B9F580793068019901FB090030603068504516D33868EB
:201B800010EA080F12D0DFF8D807006816990843DFF8CC17086006F029FF9DF860000028DD
:201BA00004D1DFF8CC1A2800FFF70AFA306800280BD1386810EA080F07D1DFF8A407006862
:201BC00016998843DFF89817086009B0BDE8F08F506C0020AC6100205C6200202DE9F34F81
:201BE00083B015001E000F9FDDF84080DDF84890DDF84CA0DDF850B0159C049800785A28B2
:201C000002D12888002810D1D8F8000030EA0900C8F80000DFF84807006830EA0A00DFF8FC
:201C2000401708600020386060E0D8F8000010EA090F15D1C34800681199084210D1D8F80D
:201C4000000030EA0900C8F80000DFF81407006830EA0A00DFF8081708600020386045E0E8
:201C6000CDF804B0CDF8009043463A003100BDF80C00FFF7C2FA288802280BD1B148006818
:201C8000400307D4D8F8000030EA0900C8F800000020386038680E990988884216D3D8F860
:201CA000000010EA090F11D0DFF8B40600685AEA0000DFF8AC16086006F098FEE4B2002CA5
:201CC00004D1DFF8AC193000FFF77AF9386800280CD1D8F8000010EA090F07D1DFF880063E
:201CE000006830EA0A00DFF87816086005B0BDE8F08F00002C600020EE6D00202DE9FB4F2B
:201D000084B01400109D119E129FDDF84C80DDF85090DDF854A0DDF858B0059800785A28DB
:201D200002D12088002816D1386830EA08003860DFF89C0C006830EA0A00DFF8941C0860C5
:201D4000DFF81C06006830EA0900DFF814160860002030605CE0CDF804B0CDF800803B00B1
:201D600032000699BDF81000FFF747FA2088012828D128880A2148430290306802998842D7
:201D800011D3386810EA080F0DD0DFF8D405006859EA0000DFF8C81508600020DFF8D0187B
:201DA000087006F023FE306800280BD1386810EA080F07D1DFF8A805006830EA0900DFF889
:201DC000A01508602088022822D128880A21484302903068029988420BD3386810EA080F9D
:201DE00007D0DFF8EC0B00685AEA0000DFF8E01B0860306800280BD1386810EA080F07D133
:201E0000DFF8CC0B006830EA0A00DFF8C41B086007B0BDE8F08F0000006E00202DE9F34FA9
:201E200083B014001D000E9E0F9FDDF84080DDF84490DDF848A0DDF84CB0049800785A2882
:201E400002D12088002818D1D8F8000030EA0900C8F80000DFF8780B006830EA0B00DFF885
:201E6000701B0860DFF8F804006830EA0A00DFF8F01408600020386061E014980190CDF8D2
:201E8000009043463A002900BDF80C00FFF7B5F93088052806DA2888032803DA0520ADF81A
:201EA000080002E03088ADF808002088012822D13868318888420ED3D8F8000010EA090F29
:201EC00009D0DFF89C0400685AEA0000DFF89014086006F08BFD386800280CD1D8F8000030
:201EE00010EA090F07D1DFF87804006830EA0A00DFF86C1408602088022820D1386831883E
:201F000088420CD3D8F8000010EA090F07D0DFF8C00A00685BEA0000DFF8B41A0860386864
:201F200000280CD1D8F8000010EA090F07D1DFF8A00A006830EA0B00DFF8941A086005B032
:201F4000BDE8F08F8C6C00202DE9FB4F82B014000E9D0F9E109FDDF84480DDF84890DDF87D
:201F60004CA0DDF850B0039800785A2802D12088002816D100203060DFF8E403006830EA91
:201F80000900DFF8DC130860DFF8440A006830EA0A00DFF83C1A0860386830EA080038606A
:201FA00068E0DFF8140C0068C00116D400203060DFF8AC03006830EA0900DFF8A413086018
:201FC000DFF80C0A006830EA0A00DFF8041A0860386830EA080038604CE0CDF804B0CDF867
:201FE00000803B0032000499BDF80800FFF705F9208801281CD13068298888420BD3386857
:2020000010EA080F07D0D648006859EA0000D449086006F0EBFC3068002809D1386810EA79
:20202000080F05D1CE48006830EA0900CC490860208802281ED13068298888420BD3386843
:2020400010EA080F07D0DFF8880900685AEA0000DFF87C190860306800280BD1386810EA7A
:20206000080F07D1DFF86809006830EA0A00DFF86019086005B0BDE8F08F0000E0560020B6
:202080007C6E0020286A0020386A0020486A00201C6200202C6200203C620020846C0020D6
:2020A000486E00204A6E0020BC6100204C6E0020CC6100202DE9F24F82B0040015001E004E
:2020C0000D9FDDF83880DDF83C90DDF840A0DDF844B0029800785A2802D12888002816D182
:2020E000002038609E48006830EA0A009C490860DFF8DC08006830EA0B00DFF8D4180860F6
:20210000D8F8000030EA0900C8F8000024E1DFF8A80A0068DFF8A41A0840B0F1807F16D0B3
:20212000002038608E48006830EA0A008C490860DFF89C08006830EA0B00DFF89418086055
:20214000D8F8000030EA0900C8F8000004E130884FF486714843000AADF800002000BDF8E6
:20216000001080B2884216D3002038607C48006830EA0A007A490860DFF85408006830EA82
:202180000B00DFF84C180860D8F8000030EA0900C8F80000E0E040F2DC50ADF80200308861
:2021A000DFF81C1A096F884224D33088DFF8101AD1F8801088421DD33088DFF8041AD1F897
:2021C0009010884216D312980480D8F8000010EA090F3AD13868002808D0D8F8000059EADE
:2021E0000000C8F80000012038602EE03868401C38602AE0BDF80000DFF8C419096F88420F
:202200000FD3BDF80000DFF8B819D1F88010884207D3BDF80000DFF8A819D1F89010884202
:2022200008D2D8F8000030EA0900C8F80000002038600AE0D8F8000010EA090F05D1386817
:20224000002802D0386840083860D8F8000010EA090F02D03868401C38609DF84C000128B2
:2022600013D12000BDF8021080B2884204D3DFF848090068000425D500203860D8F80000AA
:2022800030EA0900C8F8000066E02000BDF8021080B2884208D2DFF82009006810F420408C
:2022A000B0F5005F05D10DE0DFF80C090068000408D500203860D8F8000030EA0900C8F8B7
:2022C000000049E02888012821D138680C99098888420ED3D8F8000010EA090F09D0204866
:2022E00000685AEA00001E4908601298048006F07DFB386800280AD1D8F8000010EA090F42
:2023000005D11748006830EA0A00154908602888022821D138680C99098888420CD3D8F81B
:20232000000010EA090F07D0DFF8A40600685BEA0000DFF89C160860386800280CD1D8F820
:20234000000010EA090F07D1DFF88406006830EA0B00DFF87C160860BDE8F78FBBFBFFFFF5
:20236000346D00202DE9F24F82B0040015001E000D9FDDF83880DDF83C90DDF840A0DDF878
:2023800044B0029800785A2802D12888002818D100203860DFF83C06006830EA0A00DFF8ED
:2023A00034160860DFF82806006830EA0B00DFF820160860D8F8000030EA0900C8F80000B1
:2023C00054E1DFF8F4070068DFF8F0170840B0F1807F18D000203860DFF8F805006830EAD2
:2023E0000A00DFF8F0150860DFF8E405006830EA0B00DFF8DC150860D8F8000030EA09001F
:20240000C8F8000032E130884FF486714843000AADF800002000BDF8001080B2884218D3F1
:2024200000203860DFF8AC05006830EA0A00DFF8A4150860DFF89805006830EA0B00DFF800
:2024400090150860D8F8000030EA0900C8F800000CE140F2DC50ADF802003088DFF86017C4
:20246000096F884224D33088DFF85417D1F8801088421DD33088DFF84817D1F890108842F5
:2024800016D313980480D8F8000010EA090F3AD13868002808D0D8F8000059EA0000C8F8C4
:2024A0000000012038602EE03868401C38602AE0BDF80000DFF80817096F88420FD3BDF833
:2024C0000000DFF8FC16D1F88010884207D3BDF80000DFF8EC16D1F89010884208D2D8F8AB
:2024E000000030EA0900C8F80000002038600AE0D8F8000010EA090F05D13868002802D005
:20250000386840083860D8F8000010EA090F02D03868401C38602888032813D02000BDF860
:20252000021080B2884204D3DFF88C060068000425D500203860D8F8000030EA0900C8F87C
:20254000000093E02000BDF8021080B2884208D2DFF86406006810F42040B0F5005F05D164
:202560000DE0DFF854060068000408D500203860D8F8000030EA0900C8F8000076E0288883
:20258000012825D138680C990988884210D3D8F8000010EA090F0BD0DFF8380400685AEA1D
:2025A0000000DFF8301408601398048006F01EFA386800280CD1D8F8000010EA090F07D1FC
:2025C000DFF81004006830EA0A00DFF8081408602888022821D138680C99098888420CD3DE
:2025E000D8F8000010EA090F07D0DFF8E40300685BEA0000DFF8D8130860386800280CD1E8
:20260000D8F8000010EA090F07D1DFF8C403006830EA0B00DFF8B81308602888032825D1FA
:2026200038680C990988884210D3D8F8000010EA090F0BD0DFF89C03006812990843DFF8AF
:20264000941308601398048006F0D0F9386800280CD1D8F8000010EA090F07D1DFF87403D0
:20266000006830EA0A00DFF86C130860BDE8F78F696E00201C660208586602082DE9F74F3E
:2026800004001D000F9E109FDDF84480DDF84890DDF84CA0DDF850B0029800785A2802D17A
:2026A0002888002814D100203060CA48006830EA0900C8490860DFF81407006830EA0A0019
:2026C000DFF808170860386830EA08003860A8E00C98008840F201114843000AADF8000010
:2026E0000D980088BDF80410884203D2A4B2B4F57A6F14DC00203060B648006830EA090034
:20270000B4490860DFF8C406006830EA0A00DFF8BC160860386830EA0800386081E00C98B7
:202720000088210089B2884217D3A4B2B4F57A6F13DBABF80040386810EA080F24D130680A
:20274000002806D0386858EA00003860012030601AE03068401C306016E0BDF80000210006
:2027600089B2884206D2386830EA080038600020306009E0386810EA080F05D13068002842
:2027800002D0306840083060386810EA080F02D03068401C3060288801281FD130680E99E8
:2027A000098888420DD3386810EA080F09D08948006859EA000087490860ABF8004006F0C7
:2027C00015F93068002809D1386810EA080F05D18048006830EA09007E490860288802286E
:2027E0001FD130680E99098888420BD3386810EA080F07D0DFF8D40500685AEA0000DFF8B6
:20280000CC150860306800280BD1386810EA080F07D1DFF8B805006830EA0A00DFF8AC1592
:202820000860BDE8F78F2DE9F34F81B014009B460C9D0D9E0E9FDDF83C80DDF84090DDF87B
:2028400044A0029800785A2802D12088002814D100202880386830EA080038605D48006849
:2028600030EA09005B490860DFF86005006830EA0A00DFF85815086066E0DFF854050078C7
:202880000121BDF80420914008420CD02888062805DB386858EA000038600020308028888E
:2028A000401C28801FE000202880386810EA080F18D03088401C30803088062813DB38687C
:2028C00030EA080038604348006830EA090041490860DFF8F804006830EA0A00DFF8EC1400
:2028E000086000E030E03B48006810EA090F2BD12088012812D12888BBF8001088420DD3B6
:20290000386810EA080F09D03248006859EA00003049086006F06AF8002028802088022835
:2029200012D12888BBF8001088420DD3386810EA080F09D0DFF8940400685AEA0000DFF81B
:202940008C14086000202880BDE8F78F30B4DFF87C4424681C4218D0DFF8744424780500FF
:202960002C4202D000240C602FE00C68641C0C600C68062C29D300240C60DFF850442468EF
:202980009C43DFF848542C601FE0DFF84444247805002C4210D00C68641C0C600C6892B2F4
:2029A000944212D300240C60DFF8204424681C43DFF818542C6008E000240C60DFF80C4438
:2029C00024689C43DFF804542C6030BC70470000386D0020346D00202DE9F14F81B00B987E
:2029E0000C9C0D9D0E9E0F9FDDF840E0DDF844808946CC4693461FFA8CFC1FFA8BFBDC4582
:202A000002D2CA46914600E09246CC469B461FFA8CFC1FFA8BFBDC4504D2ADF800A0CA46C4
:202A200099460DE0D4469B461FFA8CFC1FFA8BFBDC4502D3ADF8003002E0ADF800A09A46BD
:202A40001FFA89F91FFA8AFAB9EB0A0CBCF5E16F11DC1FFA89F9BDF800C0B9EB0C0CBCF519
:202A6000E16F08DC1FFA8AFABDF800C0BAEB0C0CBCF5E16F0CDDD4F800C03CEA070CC4F8E8
:202A800000C0D4F800C056EA0C0CC4F800C005E0D4F800C03CEA060CC4F800C01FFA89F956
:202AA000B9F5E16F11DAD4F800C01CEA080F0CD1D4F800C057EA0C0CC4F800C0D4F800C0BA
:202AC0003CEA060CC4F800C005E0D4F800C03CEA070CC4F800C0DDF804C0BCF800C0BCF162
:202AE000000F0ED15FF0000CC0F800C0DFF8DCC2DCF800C03CEA0E0CDFF8D0B2CBF800C0F0
:202B000058E0D4F800C017EB060B1CEA0B0F24D0D4F800C01CEA050F4CD1D0F800C01CF172
:202B2000010CC0F800C0D0F800C0BCF57A7F41D95FF0000CC0F800C0D4F800C055EA0C0C0E
:202B4000C4F800C0DFF884C2DCF800C05EEA0C0CDFF878B2CBF800C02CE0D4F800C01CEAC6
:202B6000050F23D0D0F800C01CF1010CC0F800C0D0F800C0BCF1650F1CD35FF0000CC0F889
:202B800000C0D4F800C016EB050B17EB0B0B3CEA0B0CC4F800C0DFF834C2DCF800C03CEA80
:202BA0000E0CDFF828B2CBF800C003E05FF0000CC0F800C0BDE8F38F8C6C00200080000151
:202BC000AC610020F0B4049C059DDFF88C69367836062DD4DFF88069366857183E4209D005
:202BE000DFF8746936680E4217D0DFF86C693668164212D01E68A4B2A6420AD300261E6083
:202C0000DFF85469366856F08006DFF84C793E6035E01E68761C1E6031E0DFF83C693668A6
:202C200036F08006DFF830793E6000261E6026E0DFF8246936680E4204D1DFF81C693668FF
:202C4000164209D1DFF8106936680E4215D0DFF808693668164210D11E68761C1E601E68E4
:202C6000322E0CD300261E60DFF8EC68366836F08006DFF8E4783E6001E000261E60068818
:202C8000002E10D0DFF8D0683678360605D54F4E36682E434D4F3E600AE04C4E3668AE435A
:202CA0004A4F3E6004E0494E3668AE43474F3E60F0BC7047F0B4049C059D069E434F3F6879
:202CC000274219D12F68074213D02F68374210D117687F1C176017689BB29F4224D3002791
:202CE00017603A4F3F682743DFF8E0C0CCF800701AE00027176017E02F68074205D02F683D
:202D0000374202D1002717600EE017687F1C17601768322F08D3002717602C4F3F68A743E5
:202D2000DFF8A8C0CCF80070F0BC704770B4039CDFF824582D786D0623D5DFF81C582D68B7
:202D400005420CD0DFF810582D680D4207D1DFF808582D68AD0402D500251D6034E01D68C6
:202D60006D1C1D601D68A4B2A5422DD300251D60DFF8E4572D6835F04005DFF8DC67356029
:202D800022E0DFF8D4572D6805421BD0DFF8C8572D680D4216D1DFF8C0572D68AD0411D58D
:202DA0001D686D1C1D601D68A4B2A5420CD300251D60DFF8A4572D6855F04005DFF898677E
:202DC000356001E000251D6070BC7047386D0020606C0020F0B4049C059D069E2F683742AD
:202DE00015D189B288420FDA1F88A4461FFA8CFC674505D300271F802F6837432F601BE0E8
:202E00001F887F1C1F8017E000271F8014E092B282420FDA1F88A4461FFA8CFC674505D379
:202E200000271F802F68B7432F6005E01F887F1C1F8001E000271F80F0BC70477FB5DFF8D1
:202E40001C07B0F900000400DFF814070079002800F091800022210089B2DFF80807F9F7BA
:202E6000DDFFDFF8041708600122210089B2DFF8FC06F9F7D3FFDFF8F01648600222210038
:202E800089B2DFF8EC06F9F7C9FFDFF8DC1688600322210089B2DFF8DC06F9F7BFFFDFF806
:202EA000C816C8600422210089B2DFF8CC06F9F7B5FFDFF8B41608610522210089B2DFF8D9
:202EC000BC06F9F7ABFFDFF8A016486100200190200000B200900423DFF89C260321DFF892
:202EE0009406FAF704F8DFF88016886100200190200000B200900523DFF880260421DFF841
:202F00007806F9F7F4FFDFF86016C86100200190200000B200900323DFF858260521DFF84F
:202F20005C06F9F7E4FFDFF84016086202AA03A9200000B2FAF740F8039840F2F2314843F7
:202F400002992D2202FB11004FF47A7190FBF1F0DFF81416486203982D21029A40F2F23358
:202F60005A4301FB00204FF47A7190FBF1F0DFF8F8158862D3E00022210089B2DFF8000622
:202F8000F9F74CFF01F020FBDFF8F825DFF8F83505F090FE01F0F8FBDFF8CC150860022247
:202FA000210089B2DFF8E405F9F738FF01F00CFBDFF8D025DFF8D03505F07CFE01F0E4FBEF
:202FC000DFF8A41588600322210089B2DFF8A405F9F724FF01F0F8FADFF8B425DFF8B43512
:202FE00005F068FE01F0D0FBDFF87C15C8600422210089B2DFF88005F9F710FF01F0E4FA7E
:20300000DFF88C25DFF88C3505F054FE01F0BCFBDFF8541508610522210089B2DFF85C053D
:20302000F9F7FCFE01F0D0FADFF86425DFF8643505F040FE01F0A8FBDFF82C154861012072
:203040000190200000B200900223DFF840250021DFF82C05F9F74BFF01F0B6FADFF82425F8
:20306000DFF8243505F026FE01F08EFBDFF8F814486000200190200000B200900423DFF8F1
:20308000F8240321DFF8EC04F9F731FF01F09CFADFF8FC24DFF8FC3405F00CFE01F074FB25
:2030A000DFF8C414886100200190200000B200900523DFF8C8240421DFF8BC04F9F717FFB8
:2030C00001F082FADFF8C824DFF8C83405F0F2FD01F05AFBDFF89014C8610020019020004E
:2030E00000B200900323DFF88C240521DFF88C04F9F7FDFE01F068FADFF89424DFF89434E8
:2031000005F0D8FD01F040FBDFF85C140862DFF88824DFF88814200000B2FAF716F8002021
:20312000060036B20B2E10DADFF83C0436B250F8260001F055FB032805DA0020DFF8281493
:2031400036B241F82600761CEBE7DFF81C040068DFF84C14098B4843C011DFF848140860A3
:20316000DFF804044068DFF83814498B4843C011DFF830144860DFF8F0038068DFF82014F5
:20318000898B4843C011DFF81C148860DFF8D803C068DFF80C14098C48434012DFF804149E
:2031A000C860DFF8C4030069DFF8F413498C48434012DFF8F0130861DFF8AC034069DFF807
:2031C000E013898C48434012DFF8D8134861DFF898038069DFF8C813C98C48434012DFF889
:2031E000C4138861DFF88003C069DFF8B413098D48434012DFF8AC13C861DFF86C03006A0C
:20320000DFF89C13498D48434012DFF898130862DFF854030068DFF89013098B4843C01189
:20322000DFF88813DFF88823127841F82200DFF838034068DFF87013498B4843C011DFF89A
:203240006C13DFF86C23127801EB82010861DFF818038068DFF85013898B4843C011DFF8CC
:203260004C13DFF84C23127801EB82010862BE48C068DFF83413098C48434012DFF82C1372
:20328000DFF82C23127801EB82010863B6480069C549498C48434012C449C54A127801EBEB
:2032A00082010864B0484069BF49898C48434012BE49BF4A127801EB82010865AA48806933
:2032C000B949C98C48434012B849B94A127801EB82010866A448C069B349098D48434012CB
:2032E000B249B34A127801EB820108679E48006AAD49498D48434012AC49AD4A127801EB13
:203300008201C1F880009848406A03900398A94908609548806A02900298A74908600398F9
:20332000A149B1F92E10484302999F4AB2F9302002FB11004FF47A7190FBF1F09B499C4A3F
:20334000127801EB8201C1F8900003989649B1F93010029A944BB3F92E305A4301FB002089
:203360004FF47A7190FBF1F09049914A127801EB8201C1F8A00003988949B1F92E104843CD
:203380000299874AB2F9302002FB11004FF47A7190FBF1F08349486203988149B1F9301059
:2033A000029A7F4BB3F92E305A4301FB00204FF47A7190FBF1F07B4988627D480078401C03
:2033C0007B4908707A480078042802DB0020784908707648006875494968081873498968B3
:2033E00008187249C96808188010744908606F4800696E49496908186C49896908186B49C8
:20340000C969081880106D4948606848006A6749496A08186549896A08186449C96A08180E
:203420008010664988606148006B6049496B08185E49896B08185D49C96B081880105F49E7
:20344000C8605A48006C5949496C08185749896C08185649C96C08188010584908615348E1
:20346000006D5249496D08185049896D08184F49C96D08188010514948614C48006E4B4968
:20348000496E08184949896E08184849C96E081880104A4988614548006F4449496F081857
:2034A0004249896F08184149C96F081880104349C8613E48D0F880003C49D1F88410081872
:2034C0003A49D1F8881008183849D1F88C10081880103A4908623548D0F890003349D1F84B
:2034E000941008183149D1F8981008182F49D1F89C1008188010314948622C48D0F8A00060
:203500002A49D1F8A41008182849D1F8A81008182649D1F8AC10081880102849886227481B
:20352000816A2648406AFAF7E1F82449496A42F21072514391FBF0F00500280001F050F981
:2035400042F21071884202DB42F2107005001B48C5621448C5627FBD8C6C0020EE6D00207A
:20356000506C002080250020046800208027002080290020801F002080210020802300204B
:20358000801B0020D7A3703D0A572040801D002054E3A59BC420F03F2C68002028680020DD
:2035A000C0690020146900208C690020EC5E00207D6E0020506D0020546D0020F469002060
:2035C00013F0004C03D55B42524263F100039CEA210C00F0178010B5644603D349424042B0
:2035E00061F1000100F00EF8640004D34942404261F10001244203D55B42524263F1000321
:2036000010BD00001B4213D1094236D12AB18446B0FBF2F002FB10C2704705F077BCFCD39B
:203620000022002370470B000200002100207047904271EB030CF6D370B5B1FA81F4B3FA91
:2036400083F52C1BA340C4F1200532FA05F63343A2405FF00046E64002E05B085FEA3202F2
:20366000841A71EB030524BF204629467641F4D302000B003000002170BD012ACFD970B58F
:20368000140C20D0B1FA81F4B2FA82F5C4F120046419B4F12006D6D3B2405FF00044F44054
:2036A000002502E052085FEA3303C61A71EB020E24BF3046714664416D41F3D302000B00A8
:2036C0002000290070BD0C46B1FBF2F102FB11452D0445EA1045B5FBF2F402FB145580B25D
:2036E00040EA0545B5FBF2F002FB105240EA044070BD0B0C00B587B04FF48050ADF800000F
:2037000010208DF8030002208DF802006946DFF8C40300F0D4FA4FF48051DFF8B80300F0A7
:203720007CFB4FF46040ADF8000002208DF8020018208DF803006946DFF8980300F0BFFA57
:203740000020ADF804004FF48270ADF806000020ADF808000020ADF80A000020ADF80C0053
:203760004FF40070ADF80E000020ADF810000020ADF812000720ADF8140001A9DFF858037B
:2037800005F0C6FB0121DFF8500305F0F0FB07B000BD10B504000221DFF83C0305F0F9FBE8
:2037A0000028F8D0E4B2210089B2DFF82C0305F0ECFB0121DFF8200305F0EBFB0028F8D05E
:2037C000DFF8140305F0E3FBC0B210BD70B504000D0016004FF48050DFF8001308600B200D
:2037E000FFF7D7FF280CC0B2FFF7D3FF280AC0B2FFF7CFFF2800C0B2FFF7CBFFA520FFF712
:20380000C8FF3000461E80B2002805D0A520FFF7C0FF2070641CF4E74FF48050B049086045
:2038200070BD80B54FF48050AC4908600620FFF7B0FF4FF48050AA4908604FF48050A7497A
:203840000860C720FFF7A5FF4FF48050A449086000F07EF8002002BD10B504004FF48050F6
:203860009E4908600620FFF794FF4FF480509C4908604FF48050994908602020FFF789FFCF
:20388000200CC0B2FFF785FF200AC0B2FFF781FF2000C0B2FFF77DFF4FF4805090490860A6
:2038A00000F056F8002010BD10B50400F9F735F84FF48050894908600620FFF76AFF4FF4E2
:2038C0008050874908604FF48050844908605220FFF75FFF200CC0B2FFF75BFF200AC0B248
:2038E000FFF757FF2000C0B2FFF753FF4FF480507B49086000F02CF8002010BD10B5040099
:20390000F9F70BF84FF48050744908600620FFF740FF4FF48050724908604FF480506F4920
:203920000860D820FFF735FF200CC0B2FFF731FF200AC0B2FFF72DFF2000C0B2FFF729FFCB
:203940004FF480506649086000F002F8002010BD80B500208DF800004FF480505F49086069
:203960000520FFF716FFA520FFF713FF8DF80000F8F7D3FF9DF80000C007F4D44FF48050CD
:203980005749086001BD2DE9F04704000D00160000208146280642D0D5F5807000F0FF001D
:2039A00080463000414680B289B2884203D2B2460120814600E0C2464FF4805047490860AB
:2039C0000620FFF7E6FE4FF4805045490860F8F7A4FF4FF48050414908600220FFF7D9FE58
:2039E000280CC0B2FFF7D5FE280AC0B2FFF7D1FE2800C0B2FFF7CDFE5046B0F1010A80B220
:203A0000002806D02078FFF7C4FE641C761E6D1CF2E74FF4805032490860FFF799FF1FFA45
:203A200089F9B9F1000F52D1300080B2000A8046300601D018F101080020070038004146F7
:203A400080B289B2884242D2280502D12800FFF703FFB6B2B6F5807F03DD4FF4807082460E
:203A600000E0B2464FF480501C4908600620FFF790FE4FF480501A490860F8F74EFF4FF487
:203A80008050164908600220FFF783FE280CC0B2FFF77FFE280AC0B2FFF77BFE2800C0B230
:203AA000FFF777FE5046B0F1010A80B2002806D02078FFF76EFE641C761E6D1CF2E74FF476
:203AC000805007490860FFF743FF7F1CB6E7BDE8F0870000000C014000380040140C0140AC
:203AE000100C01402DE9F84304000D00002600275FF00008B4F5006F02D2B5F5006F01D38A
:203B000000204FE0A54203D2601B0700A84602E0281B0700A046AC420BD14FF4805000FB40
:203B200008F006003000FFF797FE81464846C0B238E040F2FF70874205D3FFF772FE81467E
:203B40004846C0B22EE0102F0CD34FF4805000FB08F006003000FFF7D1FE8146103F18F119
:203B60001008F0E7082F0CD34FF4805000FB08F006003000FFF798FE8146083F18F1080851
:203B8000F0E7002F0CD04FF4805000FB08F006003000FFF761FE81467F1E18F10108F0E765
:203BA0004846C0B2BDE8F28310B5C2B00400200501D001203EE02000FFF74EFE0020009069
:203BC0000098FF2807D80098009901AA11540098401C0090F4E74FF48072210001A8FFF7B2
:203BE000D2FE002000900098FF2807D8002001A9009A88540098401C0090F4E74FF48072D3
:203C0000210001A8FFF7E2FD002000900098FF2809D8009801A9085C0099884203D1009840
:203C2000401C0090F2E70098B0F5807F01D1002000E0012042B010BD10B50400DFF81C060F
:203C4000844208D10121042002F008FA0021042002F004FA32E0DFF80806844208D101219E
:203C6000082002F0FBF90021082002F0F7F925E0DFF8F005844208D10121102002F0EEF970
:203C80000021102002F0EAF918E0DFF8DC05844208D10121202002F0E1F90021202002F02E
:203CA000DDF90BE0DFF8C405844207D10121402002F0D4F90021402002F0D0F910BDF0B516
:203CC00000270022002300240025002691F803C01CF00F0C674691F803C05FEACC6C03D544
:203CE00091F902C05CEA070791F800C05FEA0C6C3AD0D0F800C065465FF0000C6346082BA6
:203D000031D25FF0010C1CFA03FC6446B1F800C014EA0C0C6246A24223D15FEA830C644604
:203D20005FF00F0C1CFA04FC6646B54317FA04FC5CEA050591F903C0BCF1280F06D15FF0A7
:203D4000010C1CFA03FCC0F814C00AE091F903C0BCF1480F05D15FF0010C1CFA03FCC0F87B
:203D600010C05B1CCBE70560B1F800C0BCF1FF0F3FDDD0F804C065465FF0000C6346082B37
:203D800036D25FF0010C13F1080E1CFA0EFC6446B1F800C014EA0C0C6246A24226D15FEA90
:203DA000830C64465FF00F0C1CFA04FC6646B54317FA04FC5CEA050591F903C0BCF1280F14
:203DC00007D15FF0010C13F1080E1CFA0EFCC0F814C091F903C0BCF1480F07D15FF0010C64
:203DE00013F1080E1CFA0EFCC0F810C05B1CC6E74560F0BD02000020936889B20B4202D014
:203E00000123180001E000231800C0B27047806880B27047C06880B2704789B201617047EB
:203E200089B24161704789B2C1607047F0B4B0F1004F40F29A800023002420F000473E001F
:203E4000F7093B0016F07F0637093C0016F00F06052B06D02700FFB2BF0016FA07F73A0020
:203E600005E06708FFB2BF0016FA07F73A00002B08D0022B0ED009D3042B13D00ED3052B29
:203E800014D017E0DFF8E8733D0013E0DFF8E4733D000FE0DFF8E0733D000BE0DFF8DC7313
:203EA0003D0007E0DFF8D8733D0003E0DFF8D4733D00FFE7002C0BD1052B04D12F68BF08F0
:203EC000BF002F6049E02F683F093F012F6044E0012C0BD1052B04D12F6837F00C072F602B
:203EE0003BE02F6837F0F0072F6036E0022C0BD1052B04D12F6837F030072F602DE02F6816
:203F000037F470672F6028E0032C0BD1052B04D12F6837F0C0072F601FE02F6837F470476C
:203F20002F601AE0042C04D12F6837F470272F6013E0052C04D12F6837F470072F600CE05E
:203F4000062C04D12F6837F070672F6005E0072C03D12F6827F070472F6049B2012940F001
:203F60007B812F683A432A6076E10200012A63D0022A53D0042A51D0082A4FD0102A7BD07C
:203F8000302A00F08980402A00F09680C02A00F0A380B2F5807F00F0AF80B2F5007F00F086
:203FA000BB80B2F5407F00F0C780B2F5006F00F0D380B2F5406F00F0DF80B2F5805F2DD0A8
:203FC000B2F5804F00F0E880B2F5C04F00F0F480B2F5004F22D0B2F5803F1FD0B2F5003FD6
:203FE0001CD0B2F5802F19D0B2F5002F16D0B2F5801F13D0B2F5001F00F01E81B2F1807FBA
:2040000000F0EA80B2F1007F00F0F680B2F1806F00F00281B2F1004F1ED01DE19A4A12687D
:204020008243994B1A6049B2012904D1964A12680243954B1A600FE1934A1268934B1A40EB
:20404000914B1A6049B2012905D18F4A126852F001028D4B1A60FFE08B4A12688B4B1A40C7
:20406000894B1A6049B2012905D1874A126852F00042854B1A60EFE0834A126832F0300274
:20408000814B1A6049B2012905D17F4A126852F010027D4B1A60DFE07B4A126832F03002B4
:2040A000794B1A6049B2012905D1774A126852F03002754B1A60CFE0734A126832F0C00214
:2040C000714B1A6049B2012905D16F4A126852F040026D4B1A60BFE06B4A126832F0C00214
:2040E000694B1A6049B2012905D1674A126852F0C002654B1A60AFE0634A126832F44072B0
:20410000614B1A6049B2012905D15F4A126852F480725D4B1A609FE05B4A126832F440728B
:20412000594B1A6049B2012905D1574A126852F40072554B1A608FE0534A126832F440721B
:20414000514B1A6049B2012905D14F4A126852F440724D4B1A607FE04B4A126832F44062FB
:20416000494B1A6049B2012905D1474A126852F40062454B1A606FE0434A126832F440625B
:20418000414B1A6049B2012905D13F4A126852F440623D4B1A605FE03B4A126832F4C042CB
:2041A000394B1A6049B2012905D1374A126852F48042354B1A604FE0334A126832F4C042BB
:2041C000314B1A6049B2012905D12F4A126852F4C0422D4B1A603FE02B4A126832F0E0624F
:2041E000294B1A6049B2012905D1274A126852F08072254B1A602FE0234A126832F0E06273
:20420000214B1A6049B2012905D11F4A126852F000721D4B1A601FE01B4A126832F0E06202
:20422000194B1A6049B2012905D1174A126852F08062154B1A600FE0134A126832F40012CE
:20424000114B1A6049B2012905D10F4A126852F400120D4B1A60FFE7F0BC704700080140FE
:20426000000C01400010014000140140001801402000014024000140280001402C00014056
:20428000300001403400014004000140FEFFFF7F80B20A4908607047C0B2094908607047F1
:2042A00080B20849086070474AF6AA200349086070474CF6CC4001490860704700300040C0
:2042C0000430004008300040002203881A00DFF80431984212D0DFF8143198420ED0B0F1EE
:2042E000804F0BD0DFF8F030984207D0DFF8EC30984203D0DFF8E830984204D14FF68F73E7
:204300001A404B681A43DFF8DC30984208D0DFF8D830984204D04FF6FF431A408B891A43BF
:2043200002808B68C3620B880385DFF8A830984203D0DFF8B830984201D18B7B038601234E
:204340008382704749B2002904D0028852F00102028004E002884FF6FE731A4002807047A1
:2043600052B2002A03D083890B43838102E083898B438381704749B2002904D0028852F0A3
:204380008002028004E002884FF67F731A400280704789B2CA430282704730B40200002058
:2043A00000230024158A0D402B0095890D402C009BB2002B05D0A4B2002C02D00125280019
:2043C00001E00025280040B230BC704789B2CA4302827047002C014000040040000800409E
:2043E000000C004000100040001400400034014030B40023002244682300DFF8AC41234039
:204400000C6891F9045054EA05242343436084682300DFF898412340CC688D682C4391F996
:20442000055054EA450423438360C46A230033F470030C7C641E2243D2B253EA0253C362C2
:2044400030BC704749B2002904D0826852F00102826003E0826852085200826070478168B5
:2044600051F0080181607047010000208A68120702D50122100001E00022100040B2704768
:20448000816851F0040181607047010000208A68520702D50122100001E00022100040B2DA
:2044A0007047002283681A0032F4E0420A4382607047F0B5002600240025C9B20A2919DB3A
:2044C000C7683E000727B1F10A0C5FF0030E1CFB0EFC17FA0CF73C00A643DBB2B1F10A078F
:2044E0005FF0030C17FB0CF713FA07F73C002643C66013E007693E0007275FF0030C11FB3A
:204500000CFC17FA0CF73C00A643DBB2032711FB07F713FA07F73C0026430661876B3E0052
:20452000C6F301573D001F27D2B212F1030CBCEB050CBCF1010C5FF0050E1CFB0EFC17FA4B
:204540000CF73C00A643C9B2D2B2D71C7F1B7F1E5FF0050C17FB0CF711FA07F73C002643E7
:204560008663F0BD10B400220023846B220032F44012C9B24C1E230052EA0352826310BCC9
:20458000704740B2002806D00949096851F40001074A116005E00649096831F40001044A90
:2045A0001160704700000000FFFEF0FFFDF7F1FF08240140010040F10980F446404200F02F
:2045C00005F851F000416047010000BF09D0B0FA80F18840C91CC1F58461090501EBD021CE
:2045E00040057047B0B581EA030C0CF0004C40F2FF7515EA11541DBF15EA1357AC42AF426A
:2046000039E0E41923EA455343F48013C90241F0004141EA505EC7021100A7FB0202002857
:204620004FF00000EEFB01204FF00001E3FB072118BF42F00102401800214941E3FB0E01EF
:20464000A4F580640F0302D252004041494154F101046CDD470872F1004250F1000051EB96
:204660000451A1F580115CBF41EA0C01B0BD4CEA05510020B0BD05EA1357AC4214BFAF42DA
:2046800041E050EA410E1CBF52EA430E02E061460020B0BD24423C441BD15FEA070EF6D0FC
:2046A000090302BF01460020AEF1140EB1FA81F7AEEB070401FA07FE0C37C7F1200100FA28
:2046C00007F7C8404EEA000E23EA455343F48013A2E733F00043B3FA83F704BFB2FA82FE1A
:2046E00077440B3FE41BB7F1200E2FBF02FA0EF3BB40C7F1200E22FA0EFE38BF43EA0E03B7
:20470000BA40641C82E750EA410E14BF52EA430E6FF000014FF4001717EB430F8ABF194617
:2047200017EB410FB5E74CEA05510020B0BDD4F10104B4F120070FDAC4F12007520828BFD6
:2047400042F0010210FA07F501FA07F7E1BF2A43E0403843E1400FE0352C98DCC7F12004BC
:2047600052EA400220FA07F218BF42F0010231FA07F0A1400A43002172F1004250F1000045
:2047800051EB0C01B0BD0D0AF446400D40EAC120490006D200F014F8004248BF6FF00040B5
:2047A000604700F00DF84FF0004188428CBF084640426047400D40EAC120490080F00D80B3
:2047C00040F00040490DA1F58061491C05D4D1F11F0154BFC840C01770474FF000007047DD
:2047E000002848BF404270470300002013F0030F09D0521E22BF13F8010B11F801CBB0EB68
:204800000C00F3D07047121F22BF53F8040B51F804CB6045F7D0121D0AD200BA9CFA8CFC3F
:20482000B0EB0C0038BF6FF0000088BF01207047521E22BF13F8010B11F801CBB0EB0C0078
:20484000F6D0521C08BF104670470D1E2DE9F04F82460FF24860A5B015461E46D0E900236F
:20486000CDE91223002004910D900DF150086FF0004900E03D440020ADF8020012AB4FF0D9
:20488000FF3229460DF1020004F08FFB0746012F04DA2878471EBF41FF43FF0FBDF8020093
:2048A00025280CBFA7F1010BBB46BBF1010F0EDB2C4614F8011B0498D0470028049000F09D
:2048C000F3800D98401CBBF1010B0D90F1D1BDF80200252807D100200790089009900A90EF
:2048E0000B900C9005E00028C4D10D98DEE240F0010015F8011F2029F9D023290DD02B298D
:2049000004D02D2906D030290AD00CE040F0020080B2EEE740F00400FAE740F00800F7E714
:2049200040F01000F4E72A290ED13168316051F8042B3160002A0F9204D5514240F004008C
:204940000F9180B26D1C11E000210F9109E00F99494505D001EB810302EB430130390F91AC
:204960006D1C2A78A2F130010A29F0D329782E2903D04FF0FF310E911DE015F8011F2A29FC
:2049800007D1316831606D1C51F8042B31600E9211E000210E9109E00E99494505D001EB53
:2049A000810302EB430130390E916D1C2A78A2F130010A29F0D3ADF840000FF2E8402978A6
:2049C00004F004FB08B115F8010B8DF842009DF84200682802BF29786829622005D06C2806
:2049E00004BF28786C2803D171208DF842006D1C14A8069015F8017BB7F125002AD01C3815
:204A000000F0DB80001F022840F2D780133800F0FC80093800F0D180801E00F06781401E6C
:204A200000F03D81401E022840F2C780001F00F03681401F00F09280401E00F0E680401E8E
:204A400035D0C01E0BD0801E00F0DF80C01E00F0DC806EE125208DF85000012073E19DF80E
:204A600042006C283068306014D050F8044B306005940E9F002F04D52046FBF7EFFC07464F
:204A800006E03A460021204604F0ACFA00B1071B089759E150F8042B306002A9504600F0AB
:204AA0003FFA002840F150814FF0FF30FEE131683160002251F8040B31600021CDE9020137
:204AC00014A80590DDE902019142069F08BF90424FF03C0C01D10E9AC2B100F00F033033D2
:204AE000DBB23A2BA8BF2733ACF101020009BB54944640EA017009090022914208BF904236
:204B000004D0059A07EB0C039A42E6D307EB0C000590CCF13C010E980891814209DA401AC0
:204B20000A904FF6EF71BDF840000840ADF840000AE1002840F108819DF8400000F014006E
:204B4000102840F001810F98079A801A0A9A801A401A0128C0F2F8800A90F5E09DF8420058
:204B600062281AD0682806D06A280CD06C281CD0712808D019E03068306050F8041B3060E4
:204B80000D980880E0E03068306050F8042B30600D98C117C2E90001D6E03068306050F8AA
:204BA000041B30600D980870CEE03068306050F8041B30600D980860C6E03068C01D20F024
:204BC00007023260D2E9000108323260CDE90201002902D507982D210AE0BDF840008107A5
:204BE00002D507982B2103E0C00705D50798202108F80010401C079014A80799084405904F
:204C0000394602A800F098FB9EE09DF842006C280DD0712818BF6A2809D13068C01D20F0C1
:204C200007023260D2E900010832326005E03168316051F8040B31600021CDE902019DF8EA
:204C40004200682803D1DDE9020180B20BE0622803D1DDE90201C0B205E0742818BF7A2835
:204C600004D1DDE902010021CDE902019DF84000000732D5DDE902230020834208BF82427E
:204C80002BD047F02000782827D10798302108F80010401C411C079108F800701DE09DF8D7
:204CA0004200314600F005F9CDE90201DDE9022300218B4202DA07982D210AE0BDF8400013
:204CC000810702D507982B2103E0C00705D50798202108F80010401C079014A8079908447B
:204CE0000590394602A800F0A1FA2DE09DF842006C2809D0012007903068306050F8041BD3
:204D000030608DF850101FE03068306001AA50F8041B3060ADF804100020ADF8060002A926
:204D20004FF0FF300E90504600F0FAF800280BD5BAE625208DF8500001200790380003D06A
:204D400088F80170022007900F980799401A0A99401A0899401A0B99401A0999401A0C9971
:204D6000471A9DF84000400710D42020012F8DF800000BDB3C4601236A4602A9504600F070
:204D800005FE00287FF490AE641EF4D1DDF81CB0BBF1000F14AC0DD014F8011B0498D0471C
:204DA000002804903FF480AE0D98401CBBF1010B0D90F1D130208DF800000A9C012C0ADB31
:204DC00001236A4602A9504600F0E0FD00287FF46BAE641EF4D1DDF820B0059CBBF1000FF5
:204DE0000DD014F8011B0498D047002804903FF45BAE0D98401CBBF1010B0D90F1D130209B
:204E00008DF800000B9C012C0ADB01236A4602A9504600F0BBFD00287FF446AE641EF4D1C1
:204E200005980899DDF824B04418BBF1000F0DD014F8011B0498D047002804903FF434AEEB
:204E40000D98401CBBF1010B0D90F1D130208DF800000C9C012C0ADB01236A4602A9504696
:204E600000F094FD00287FF41FAE641EF4D19DF8400040077FF5FFAC2020012F8DF80000D2
:204E8000FFF6F9AC01236A4602A9504600F07EFD00287FF409AE7F1EF4D1ECE40000000074
:204EA00000000000686A6C747A4C000025B0BDE8F08F622826D068281DD06A2808D06C2886
:204EC00027D0712804D0742823D07A280CD020E00868C01D20F007000860D0E90023083081
:204EE00008601946104670470A680A6052F8040B0A60002170470A680A6052F8040B0A60C8
:204F000000B20BE00A680A6052F8040B0A6040B204E00A680A6052F8040B0A60C117704751
:204F20002DE9F44F0D4694B0D5F830A0BAF1000F804648BF6FF0004A04F080F8696B40181C
:204F400001900FF67820D0E90023CDE9022395F83800400702D40198412805D240200DF153
:204F600010090190002609E004F06EF85FEA0009F8D14FF0FF3056E1AAEB040ABAF1010F00
:204F8000C0F2CE801498018802AA0DF1010004F0B3F80028044600F1DE801498008810B9D4
:204FA000641E00F1D880A245C0F2BA80686901992218914280F0A2806E634042296A401A09
:204FC000A969401A696A401AE969401AA96A461A95F83800400710D42020012E8DF8000035
:204FE0000BDB374601236A462946404600F0CEFC002840F0B0807F1EF4D1D5F814B0BBF1A4
:20500000000F4F460DD017F8011BA868C0470028A86000F0A080E86A401CBBF1010BE862DD
:20502000F1D130208DF800002F6A012F0ADB01236A462946404600F0A9FC002840F08B806A
:205040007F1EF4D1D5F818B0EF68BBF1000F0CD017F8011BA868C0470028A8607BD0E86A5C
:20506000401CBBF1010BE862F2D130208DF800006F6A012F09DB01236A462946404600F094
:2050800085FC002867D17F1EF5D1E868A969D5F81CB04718BBF1000F0CD017F8011BA868A0
:2050A000C0470028A86056D0E86A401CBBF1010BE862F2D130208DF80000AF6A012F09DB1E
:2050C00001236A462946404600F060FC002842D17F1EF5D195F8380040070DD52020012EC0
:2050E0008DF8000008DB01236A462946404600F04DFC80BB761EF6D100266E612246686982
:205100000DF101014844FAF709FC6869201868611498801C1490801E008800287FF42CAFB3
:20512000686B6969401A296A401AA969401A696A401AE969401AA96AA0EB010A95F83800D0
:20514000400710D4BAF1010F0DDB5446A8682021C047A86010B94FF0FF365DE0E86A401C5F
:20516000641EE862F2D16B694A462946404600F00DFC0028EFD12C6A012C0ADBA86830215D
:20518000C0470028A860E6D0E86A401C641EE862F4D1AB69EA682946404600F0F7FB00287E
:2051A000D9D16C6A012C0ADBA8683021C0470028A860D0D0E86A401C641EE862F4D1E86896
:2051C000A969EB6942182946404600F0DFFB0028C1D1AC6A012C0ADBA8683021C0470028DE
:2051E000A860B8D0E86A401C641EE862F4D195F8380040070ED5BAF1010F0BDBA8682021FF
:20520000C0470028A860A6D0E86A401CBAF1010AE862F3D16E616E6304A881451CBF4846F4
:2052200003F078FF304615B0BDE8F08F2DE9F343054608462F696F2808BF082405D041F098
:205240002001782914BF0A2410243C26D5E90023642818BF69289046994606D100218B42A6
:2052600003DAD8F1000869EB49090020814508BF80450CD1286B50B9082C38D195F83800ED
:20528000000734D530203B2687F83B002FE0701E00900646404649462246E317FEF7B2F903
:2052A00002F13000C0B23A2803DB9DF8041051390818B855494640462246E317FEF7A2F9B2
:2052C000804689460020814508BF804503D0E868B9198842DBD3082C09D195F83800000780
:2052E00005D5B85D302802D0761E3020B855B919E960C6F13C00296BA861884208DA081A2B
:2053000028624FF6EF71288F08402887BDE8F38300290ED595F8381001F01401102908D19C
:20532000696B6A69891A2A6A891A0E1A012EA8BF2E62BDE8F38300002DE9F24F04468EB0A4
:20534000D4E90001CDE9020104AF9DF8380040F0200BBBF1610F0AD0206B002848BF062025
:2053600004D408BFBBF1670F01D1012020636168C1F30A5040F2FF7290421CD1080304BFEF
:205380002068002809D10320A0619DF8380061381A2835D30FF2386108E00320A0619DF874
:2053A000380061381A2828D30FF21C61E0680322FAF7B4FABDE1012815DA204603F0EAFE5E
:2053C000012810DB00250020BBF1610F1FD1E16830220A708A1CE2609DF83820612A0CBF28
:2053E000782258220FE0626840F2FE3161F31E52451A62604FF0FF30E6E70FF2C851D5E789
:205400000FF2C851D2E74A706169891C616110B90026002584E1BBF1610F40F09880206B66
:20542000D4E900AB00284CBF2126461CDDE902010022002303F0D0FE36B23ABF8BF00040BD
:20544000CDE902A0CDE902AB06F101082D1FB8F1010F8DF810200DF1110736DBDDE90201E7
:205460000022002303F0D0FE2FD21C2102A803F0E3FEDDE90201FFF787F9A8F10708B8F1DA
:20548000010F814609DBFFF795F802460B46DDE9020103F05BFFCDE90201F81D072105E044
:2054A00009F00F0200F8012D4FEA2919B9F1010F01DB491EF4D5491E5CBF002200F8012DB1
:2054C000F9D5C71DB8F1010FC8DA0DF11100391AB142B8BF0E4636B230000DF111072FD46E
:2054E000884206DA04A9014449780829A8BF0F2100DA002104AA024400E0761E12F80139E0
:20550000401E8B42F9D00F2904D104A901444A78521C4A70002802D504AF761C2D1D36B238
:20552000701E0DD439180A783032D2B23A2A03DB9DF838303A3B9A18401E01F80129F2D595
:20554000206B002840F1EC80701E2063E8E0DDE902010022002303F03FFE3CBF81F0004137
:20556000CDE902012DB247F2975068434B49DFF8309190FBF1F52DB2C5F1070ABAF1010FCA
:2055800090461CDBDDE902675FEACA7007D542464B4630463946FFF725F806460F46404668
:2055A000494642464B464FEA6A0AFFF71BF8BAF1000F80468946E7D1CDE9026724E0CAF1A8
:2055C000000A0026374F14E05FEACA7007D542464B4630463946FFF705F806460F4640469A
:2055E000494642464B46FEF7FDFF4FEA6A0A80468946BAF1000FE7D1DDE9020132463B469C
:2056000003F058FBCDE90201BBF1660F216BDFF898900CBF05F10A0006204618142EA8BFE7
:20562000132630208DF810000DF11107012E3DDBDDE90201FFF7BEF807F1080104220A2326
:20564000B0FBF3F303EB8307A0EB4700303001F8010C0A20B3FBF0F000EB8007A3EB470307
:205660003033521E01F8023DE9D1083E012E01F10807DBDBDDE90201FFF79CF8FEF7A4FF4E
:2056800002460B46DDE9020103F060FE00224B46FEF7A8FFCDE90201CAE700BFA0860100B8
:2056A000000024400000F03F84D797410DF11100381A0DF1110702E0401E6D1E7F1C397896
:2056C0003029F9D0BBF1660F08BF691C04D0BBF1650F0CBF01210021226B8E1836B2B0422C
:2056E000B8BF064636B231001AD4814204DA785C3528A8BF392000DA30207A18521E00E042
:20570000761E12F80139491E8342F9D0392802D1785C401C7854002902D57F1E761C6D1CD4
:205720002DB29DF83810009533B23A46204600F003F80FB0BDE8F08F2DE9F04786B00646B0
:205740008A4690461D4603F0DEFE012D406A376B90F8009002DA01250FF278284AF02000E2
:20576000BDF93840662808BF641C12D0672878D114F1040F7BDBBC4279DA96F83800641C67
:20578000000702D4BD42B8BF2F4624B23F1B48BF002724B2F068B169012C23DA4A1C3023B8
:2057A0004354012F03DA96F83800000703D5F06800F80290521CE742B8BF7C4224B260427A
:2057C0007062E719AF42B261B8BF3D46F068B3692DB2F5612A4641461844FAF79FF8781BE2
:2057E000B062BCE022469542084416DA2A464146FAF794F8B1696918601B012FB1617062E2
:2058000003DA96F83800000705D5F06800F80190F069401CF061B762A1E04146FAF77EF895
:20582000B06920182D1B012F03DA96F83810090703D5F16801F80090401CB0612DB2AF42E5
:20584000B8BF3D46F068B3692DB22A4608EB04011844FAF763F8B0692818B061781B70621C
:205860007DE0BAF1610F14D14FF0700A16E0BD4204DA96F83810090758BF2F467F1E48BF29
:205880000027BAF1670F14BF4FF0450A4FF0650A04E0BAF1410F08BF4FF0500AB169F368FD
:2058A000481CB061012F18F8012B5A5403DA96F83810090717D5F168431CB36101F8009055
:2058C000012F10DB6D1E2DB2AF42B8BF3D46F0682DB22A4641461844FAF720F8B06928186C
:2058E000B061781B7062F068B1690144200081F800A004D42B20487001F1020804E02D2238
:205900004A7001F102086442002502AF08E00A22684603F011FE019807F8010B6D1C009CC8
:2059200021B20129F3DA022D06DA4AF02000652804BF302008F8010B4DB9302008F8010B26
:2059400007E06D1E02A8405D303008F8010B012DF7DAF068B1690844A8EB0000F06196F8F3
:20596000380000F0140010280DD17069B1690818716A0818F1690818B16A0818716B88426C
:20598000BCBF081A306206B0BDE8F087F8B504460D4616461F46002077B116F8011BA86879
:2059A000A047A86030B1E86A401CE86200207F1EF3D1F2BD4FF0FF30F2BD000000000000D2
:2059C000000000006E616E004E414E00696E6600494E460030001E1E01684FF6FE721140B8
:2059E00001600021016000214160002181600021C160B049884206D1AF49096851F00F016A
:205A0000AD4A11606CE0AD49884206D1AA49096851F0F001A84A116062E0A949884206D16D
:205A2000A549096851F47061A34A116058E0A549884206D1A049096851F470419E4A116023
:205A40004EE0A149884206D19B49096851F47021994A116044E09D49884206D19649096813
:205A600051F47001944A11603AE09949884206D19149096851F070618F4A116030E09549EF
:205A8000884206D19449096851F00F01924A116026E09249884206D18F49096851F0F0017C
:205AA0008D4A11601CE08E49884206D18A49096851F47061884A116012E08A49884206D127
:205AC0008549096851F47041834A116008E08649884205D18049096851F470217E4A1160B3
:205AE000704710B4002203681A006FF30E128B680C6A23430C6923434C6923438C692343E2
:205B0000CC6923434C6A23438C6A23431A430260CB6843600B6883604B68C36010BC70472E
:205B2000D0F8A43033F08073C0F8A430D0F8A43053F08073C0F8A430C9B201290CD1D0F87F
:205B4000A0301B0A1B02C0F8A030D0F8A030D2B21343C0F8A03063E0C9B202290DD1D0F822
:205B6000A03033F47F43C0F8A030D0F8A030D2B253EA0223C0F8A03052E0C9B203290DD127
:205B8000D0F8A03033F47F03C0F8A030D0F8A030D2B253EA0243C0F8A03041E0C9B204294D
:205BA0000DD1D0F8A03023F07F43C0F8A030D0F8A030D2B253EA0263C0F8A03030E0C9B241
:205BC00005290CD1D0F8A4301B0A1B02C0F8A430D0F8A430D2B21343C0F8A43020E0C9B2D3
:205BE00006290DD1D0F8A43033F47F43C0F8A430D0F8A430D2B253EA0223C0F8A4300FE08A
:205C0000C9B207290CD1D0F8A43033F47F03C0F8A430D0F8A430D2B253EA0243C0F8A430FD
:205C2000704749B2002904D0026852F00102026004E002684FF6FE731A400260704701002C
:205C400000200022CB0003D5284B1B681A0002E0274B1B681A000A4202D00123180001E023
:205C60000023180040B27047C10002D51A49086001E0114908607047010000200022CB0075
:205C800003D51A4B1B681A0002E0194B1B681A000A4202D00123180001E00023180040B2DF
:205CA0007047C10002D50C49086001E0024908607047000008000240040002401C0002409F
:205CC0003000024044000240580002406C0002408000024008040240040402401C040240C8
:205CE00030040240440402405804024000040240000002402DE9F04786B004000D000026C4
:205D000000275FF000085FF000095FF0000AA8890028A246208A06004CF6FF700640E888FC
:205D200006432682A08906004EF6F3100640A88829890843698908430643A681A08A0600AC
:205D40004FF6FF400640A8890643A682684600F0BBF82448824508D02348824505D0234809
:205D6000824502D02248824502D10398070001E002980700A089000408D5192000FB07F02D
:205D800029684900B0FBF1F0804607E0192000FB07F029688900B0FBF1F080466420B8FB22
:205DA000F0F0000106003009642101FB10808146A089000409D55FEAC90032306421B0FB3C
:205DC000F1F010F00700064308E05FEA091032306421B0FBF1F010F00F000643268106B020
:205DE000BDE8F0870038014000600140006401400068014049B2002904D0828952F4005284
:205E0000828104E082894DF6FF731A4082817047F0B4002300240025002689B240F66A179F
:205E2000B94206000F00FFB27F09FFB23B0089B211F01F073C000127A7403D00012B01D145
:205E40000C3604E0022B01D1103600E0143652B2002A03D037682F43376002E03768AF4391
:205E60003760F0BC704752B2002A03D0838A0B43838202E0838A8B43838270478088C00581
:205E8000C00D70470200002089B2B1F5007F13880B4202D00123180001E00023180040B2F8
:205EA000704710B40023002489B240F66A1291420A0092B2120A130001229A401400A4B27C
:205EC000E243028010BC704770B40021002200230024DFF8A8512D6815F00C0529000D0039
:205EE000002D04D0042D06D0082D08D03FE0DFF8905105603EE0DFF8885105603AE0DFF82D
:205F00007C512D68DFF87C6135402A00DFF86C512D6815F480352B0012F0C04F06D112F4CC
:205F20007015B5F5701F01D0022500E00125C2F38346520E12F030023243AA18002B05D15B
:205F4000DFF8445105FB02F505600FE0DFF82C512D68AD0305D5DFF8305105FB02F5056063
:205F600004E0DFF81C5105FB02F5056002E0DFF810510560DFF804512D68C5F30215290065
:205F80003E4D2D682D0603D5DFF80041645C00E000240568E5404560384D2D68C5F30125CB
:205FA0002900364D2D686D0503D5DFF8E040645C00E000244568E5408560304D2D68C5F31A
:205FC000C12529002D4D2D68AD0402D52F4C645C00E000244568E540C560284D2D68C5F323
:205FE00081352900254D2D68ED0001D551F00401274D6D5C2C00C568B5FBF4F5056170BCF1
:20600000704749B2002905D0224A12680243214B1A6004E01F4A126882431E4B1A60704799
:2060200049B2002905D01C4A126802431A4B1A6004E0194A12688243174B1A60704749B24F
:20604000002905D0154A12680243144B1A6004E0124A12688243114B1A60704749B200291B
:2060600005D00F4A126802430D4B1A6004E00C4A126882430A4B1A6070470000041002400C
:2060800000127A0000003C6000093D006C0000207400002014100240181002401C10024034
:2060A0000C10024000B587B0102005908020049040200390244802902448019024480090B3
:2060C000244B254A25490120FCF7ADFB202005904FF480700490802003901B48029020488C
:2060E000019020480090204B204A21490220FCF79AFB402005904FF4007004904FF48070BF
:206100000390114802901B4801901B4800901B4B1B4A1C490320FCF786FB802005904FF4DB
:20612000806004904FF400700390074802901648019016480090164B164A17490420FCF7AF
:2061400072FB07B000BD0000806C0020B46D0020AC6D0020BE680020BC680020516B002072
:20616000B66D0020AE6D0020C2680020C0680020526B0020B86D0020B06D0020C668002062
:20618000C4680020536B0020BA6D0020B26D0020CA680020C8680020546B002000B589B0E0
:2061A000DFF8E80BC078002840F07682DFF8E00BC088DFF8E01B0860DFF8D40B0089DFF833
:2061C000D81B0860DFF8C80B4089DFF8D01B0880DFF8BC0BB0F84C00DFF8C41B08804FF494
:2061E00000500290DFF8BC0B019002200090DFF8B83B14220A21DFF8B40B0088FCF7EAFDB9
:206200004FF4806001904FF47A700090DFF8A03B5FF080725FF40001DFF8980BFCF7D2FC8B
:206220004FF400500290DFF87C0B0190802000904FF47A73DFF8802BDFF8700B01885FF43A
:206240000000FCF737FD4020019064200090DFF86C3BDFF8580B02885FF080715FF400003D
:20626000FCF764FD4FF400734FF47A72DFF8501B8020FCF76BFB02F063F902F029FA02F055
:20628000E3FADFF8401BDFF8080BFBF75DF8DFF8380B0088002840F076854FF400500690A0
:2062A0004FF4807005905FF4003004905FF4803003904FF400400290DFF8E80A0190DFF823
:2062C0000C0B0090DFF8080BD0F890309BB2DFF8000BD0F8802092B2DFF8F40A016F89B24A
:2062E000DFF8AC0AFCF778FBDFF8E80A0068C00740F17E8100200690DFF8DC0A0590022059
:20630000049001200390DFF8D40A0290DFF8D00A0190DFF8D00A0090DFF8CC3ADFF8CC2AC1
:20632000DFF8CC1ADFF8840A0088FBF706FA00200690DFF8A40A0590042004900220039084
:20634000DFF8980A0290DFF8AC0A0190DFF8A80A0090DFF8A83ADFF8A82ADFF8A81ADFF829
:206360004C0A0088FBF7E9F900200690DFF8680A05900820049004200390DFF8600A029091
:20638000DFF8840A0190DFF8840A0090DFF8803ADFF8802ADFF8801ADFF8100A0088FBF724
:2063A000CCF9DFF8780A06904FF4005005901020049008200390DFF8240A0290DFF8600AAA
:2063C0000190DFF8600A0090DFF85C3ADFF85C2ADFF85C1ADFF8F809006B80B2FBF71EFDC2
:2063E000DFF8380A06904FF4804005902020049010200390DFF8E4090290DFF8380A0190BF
:20640000DFF8340A0090DFF8343ADFF8342ADFF8341ADFF8BC09006B80B2FBF7FFFCDFF83B
:20642000B8090690402005904FF4005004904FF400600390DFF8A4090290DFF80C0A01901F
:20644000DFF8080A0090DFF8083ADFF8082ADFF8081ADFF858090088FBF750FC00200690F4
:20646000DFF8740905904FF48060049040200390DFF868090290DFF8E4090190DFF8E0099A
:206480000090DFF8E039DFF8E029DFF8E019DFF81C090088FBF76DFA00200790DFF8380920
:2064A0000690402005902020049020200390DFF82C090290DFF8B8090190DFF8B8090090BB
:2064C000DFF8B439DFF8B429DFF8B419DFF8DC080088FBF783FB00200790DFF8FC080690C5
:2064E0004FF4006005904FF40070049010200390DFF8E8080290DFF88C090190DFF888099C
:206500000090DFF88839DFF88829DFF88819DFF89C080088FBF762FB01200890DFF87809F0
:2065200007904FF4804006904FF4805005904FF48070049080200390DFF8A0080290DFF8A1
:206540005C090190DFF858090090DFF85839DFF85829DFF85819DFF858090088FBF702FFC2
:20656000DFF8340906904FF400600590802004904FF480700390DFF864080290DFF8340956
:206580000190DFF834090090DFF83039DFF83029DFF83019DFF818090088FBF7D5FCDFF81C
:2065A00028090890202007904FF4805006904FF480600590DFF824080490DFF810090390C0
:2065C000DFF80C090290DFF80C090190DFF808090090DFF80839DFF80829DFF8D0070188F1
:2065E000DFF8EC07D0F8A00080B2FCF747F833E00020DFF8681808600020DFF860184860FC
:206600000020DFF8DC1708600020DFF8E81708600020DFF8F41708600020DFF804180860E5
:206620000020DFF8101808600020DFF8441808600020DFF8501808600020DFF87818086062
:206640000020DFF8581808600020DFF8801808600020DFF8F4170860DFF848070068400537
:2066600004D4DFF880084078800707D50720F5F78AF90120DFF87018087082E3DFF868088E
:206680000078002800F07D830720F5F7F9F90020DFF85418087074E3DFF8F006C078012805
:2066A00040F06181DFF844088088DFF8E8160860DFF83808C088DFF8E0160860DFF82C08C1
:2066C0000089DFF8D8160880DFF82008008FDFF8D01608804FF400500290DFF8C8060190B6
:2066E00002200090DFF8C03614220A21DFF8BC060088FCF76FFB4FF4006001904FF47A70DB
:206700000090DFF8AC365FF080725FF40001DFF8E007FCF757FA4FF400500290DFF8840613
:2067200001904FF4807000904FF47A73DFF88826DFF8780601885FF40000FCF7BBFA4FF434
:2067400080634FF47A72DFF878168020FCF7FEF8DFF874060088002840F015834FF40050DD
:2067600006904FF4007005905FF4003004905FF4803003904FF400400290DFF828060190E3
:20678000DFF848060090DFF86C07D0F890309BB2DFF86007D0F8802092B2DFF85807016F95
:2067A00089B2DFF84807FCF717F9FFF77BFCDFF824060068C00740F1B98000200690DFF8E1
:2067C000180605900220049001200390DFF80C060290DFF80C060190DFF81C070090DFF846
:2067E0001C37DFF81C27DFF81C17DFF8C0050088FAF7A3FF00200690DFF8DC050590042044
:20680000049002200390DFF8D4050290DFF8E4050190DFF8F4060090DFF8F036DFF8F02651
:20682000DFF8F016DFF884050088FAF786FF00200690DFF8A40505900820049010200390D3
:20684000DFF898050290DFF814060190DFF8C8060090DFF8C836DFF8C826DFF8C816DFF855
:206860004C050088FBF785F8DFF86C0506904FF4805005901020049020200390DFF85C057B
:206880000290DFF8C4050190DFF89C060090DFF89C36DFF89C26DFF89C16DFF810050088ED
:2068A000FBF72CFA01200890DFF8EC0507904FF480500690082005904FF4006004904FF4C8
:2068C00080600390DFF814050290DFF8D0050190DFF864060090DFF86436DFF86426DFF80C
:2068E0006416DFF8CC050088FBF73CFDDFF8580606904FF400500590202004900420039045
:20690000DFF8D8040290DFF844060190DFF840060090DFF84036DFF84026DFF84016DFF845
:20692000D405006B80B2FBF779FA2AE20020DFF82C1508600020DFF8241548600020DFF801
:20694000A01408600020DFF8AC1408600020DFF8FC1508600020DFF8F01408600020DFF832
:206960003C1508600DE2DFF82404C078022840F00882DFF8EC050089DFF818140860DFF8C1
:20698000E0054089DFF810140860DFF8D4058089DFF8081408800020DFF8041408804FF4D8
:2069A00000500290DFF8FC03019002200090DFF8F83314220A21DFF8F4030088FCF70AFA2C
:2069C0004FF4805001904FF47A700090DFF8E0335FF080725FF40001DFF88805FCF7F2F896
:2069E0004FF400500290DFF8BC0301904FF4007000904FF47A73DFF8C023DFF8B00301880B
:206A00005FF40000FCF756F94020019064200090DFF8A833DFF8940302885FF080715FF49F
:206A20000000FCF783F94FF400634FF47A72DFF890138020FBF78AFF00F0C4FEDFF8880369
:206A40000088002840F09F814FF4005006904FF4806005905FF4003004905FF480300390A8
:206A60004FF400400290CF480190DFF860030090DFF8F404D0F8A0309BB2DFF8EC04D0F84C
:206A8000902092B2DFF8E004D0F8801089B2DFF8D004FBF7A1FFCF480068C00740F10D8172
:206AA000C048006800016DD500200690CA480590022004904FF400500390C8480290DFF871
:206AC000AC040190DFF8A8040090DFF8A834DFF8A824DFF8A814B5480088FAF72EFE0020B7
:206AE0000690BD4805900420049002200390BB480290C0480190DFF888040090DFF8843449
:206B0000DFF88424DFF88414A8480088FAF715FEB14806904FF40050059040200490202020
:206B20000390AE480290C8480190DFF864040090DFF86034DFF86024DFF860149B4800884E
:206B4000FBF7DCF8DFF89C030078C00734D5A24806900020059020200490102003909F48FE
:206B60000290DFF83C040190DFF838040090DFF83834DFF83824DFF838148C480088FBF751
:206B80004DF919E00020069093480590022004900120039091480290DFF818040190DFF860
:206BA000D0030090DFF81034DFF8CC23DFF8CC137E480088FAF7C1FDDFF80004069000204D
:206BC0000590082004900420039084480290DFF8F0030190DFF8EC030090DFF8EC33DFF8D1
:206BE000EC23DFF8EC13E048006C80B2FBF716F98A4806904FF48040059080200490402055
:206C000003907648029086480190DFF8C8030090DFF8C433DFF8C423DFF8C413D248006B41
:206C200080B2FBF7FBF8002006906B48059010200490082003906948029088480190DFF845
:206C4000A4030090DFF8A033DFF8A023DFF8A01356480088FAF78DFE002007908E4806906A
:206C60004FF4807005904FF400700490802003905A48029089480190DE480090DE4BDF4A34
:206C8000DF498B480088FBF715FA83480690802005904FF4807004904FF4807003904F48B6
:206CA000029084480190D7480090D74BD74AD8497F480088FBF748F920E000206749086018
:206CC0000020664948600020BA4908600020A74908600020474908600020B9490860002078
:206CE000AF49086000204E49086000207149086000206A49086000205349086010200590AF
:206D00004FF4006004904FF40070039033480290C0480190C0480090C04BC14AC149012077
:206D2000FBF781FD202005904FF4805004904FF48060039029480290BB480190BB48009087
:206D4000BB4BDFF85C2ADFF85C1A0220FBF76BFD402005904FF4005004904FF400600390B5
:206D60001E480290DFF8400A0190DFF8400A0090DFF83C3ADFF83C2ADFF83C1A0320FBF7EC
:206D800052FD01F079FE09B000BD0000506C002054660020586D00205C6D00200A6E0020AA
:206DA0000C6E00208C6C0020A66D00200E6E0020906C002058660020946C00209C6C002010
:206DC000986C002056660020F06D0020D86C0020AC610020346D0020306B0020806C00201D
:206DE000A06C0020646600206266002060660020046B0020A46C00206A6600206866002012
:206E000066660020056B0020A86C0020706600206E6600206C660020066B00203A6B002090
:206E2000AC6C002092660020906600208E6600200C6B0020B06C00209866002096660020CB
:206E4000946600200D6B0020F06C00207C6600207A66002078660020086B0020486C00209D
:206E6000766600207466002072660020076B0020BC6C00208666002084660020826600202C
:206E80000A6B0020C06C00208C6600208A660020886600200B6B0020326B0020D06C002032
:206EA000A4660020A2660020A06600200F6B0020106E0020C46C00209E6600209C6600208C
:206EC0009A6600200E6B0020426B0020F46C0020AA660020AC660020A8660020A6660020F0
:206EE000106B0020606C00204E6E002094680020966800205C620020A2680020A0680020C5
:206F00009E6800204C6B0020A8680020A6680020A46800204D6B0020AE680020AC680020A8
:206F2000AA6800204E6B0020B4680020B2680020B06800204F6B0020D0680020CE68002010
:206F4000CC680020556B0020446B0020F86C0020BA680020B8680020B6680020506B00200F
:206F60000C670020126700202C600020B86C0020206700201E6700201A6700207C6B002001
:206F80002667002024670020226700207D6B0020406700203E6700203C670020826B00208C
:206FA000C86C00203A6700203867002036670020816B0020B46C00201C6700203C6B00208A
:206FC000CC6C00202C6700202A670020286700207E6B0020466700204467002042670020DC
:206FE000836B002032670020306700202E6700207F6B002052670020506700204E670020CF
:20700000856B00204C6700204A67002048670020846B0020B46D0020AC6D00205667002087
:2070200054670020866B0020B66D0020AE6D00205A67002010B584B0DFF8800700880028FE
:2070400040F0AC83DFF878070088032802D10020040002E040F2DC500400DFF890090068B5
:2070600030F48050DFF884190860DFF88409C078002840F069814FF480500290DFF86C0971
:207080000190DFF870090090DFF86C39DFF86C29DFF86C19DFF86C090088FAF749F84FF4F2
:2070A00080500290DFF844090190DFF85C090090DFF85839DFF85829DFF85819DFF84409C1
:2070C0000088FAF735F84FF480500290DFF81C090190DFF844090090DFF84039DFF8402994
:2070E000DFF84019DFF81C090088FAF721F84FF480500290DFF8F4080190DFF82C0900902D
:20710000DFF82839DFF82829DFF82819DFF82809006B80B2FAF70CF84FF480500290DFF8E1
:20712000CC080190DFF814090090DFF81439DFF81429DFF81419DFF80009006B80B2F9F7BD
:20714000F7FF4FF480500290DFF8A0080190DFF8FC080090DFF8F838DFF8F828DFF8F81834
:20716000DFF8A0080088F9F7E3FF4FF480500290DFF878080190DFF8E4080090DFF8E03867
:20718000DFF8E028DFF8E018DFF878080088F9F7CFFFDFF858080078800613D54FF4805074
:2071A0000290DFF848080190DFF8C0080090DFF8C038DFF8C028DFF8C018DFF8480800886A
:2071C000F9F7B6FFDFF824080078C00613D54FF480500290DFF814080190DFF8A0080090A9
:2071E000DFF89C38DFF89C28DFF89C18DFF814080088F9F79DFFDFF8F4070068C0012FD5B8
:20720000DFF888080088210089B2884213D34FF480500290DFF8D4070190DFF874080090A8
:20722000DFF87038DFF87028DFF87018DFF85C080088F9F7C3FF4FF480500290DFF8AC075D
:207240000190DFF85C080090DFF85838DFF85828DFF85818DFF834080088F9F769FF0FE0EB
:20726000DFF84C08006830F40060DFF844180860DFF83C08006830F48050DFF8341808605A
:20728000DFF8B407D0F8A000B0F57A6F1ED9DFF874070088DFF81C18B1F85810884215D3C7
:2072A0004FF480500290DFF844070190DFF808080090DFF80838DFF80828DFF80818DFF813
:2072C0007807D0F8A00080B2F9F778FFDFF81C070068C00411D5DFF8F007006850F00100AB
:2072E000DFF8E41708600020DFF8E01708804FF4FA70DFF8DC1708802CE2DFF8F00600689C
:20730000000308D54FF4FA60DFF8C41708800020DFF8B8170880DFF8B4070088DFF8B017B0
:207320000988884208D30020DFF89C1708600020DFF8A01708600DE2DFF890070088401CAE
:20734000DFF88817088005E2DFF8A406C078012840F0CC804FF480500290DFF89006019047
:20736000DFF890060090DFF87037DFF87027DFF87017DFF890060088F9F7DAFE4FF48050F6
:207380000290DFF868060190DFF87C060090DFF85437DFF85427DFF85417DFF868060088D9
:2073A000F9F7C6FE4FF480500290DFF840060190DFF83C070090DFF83C37DFF83C27DFF8C1
:2073C0003C17DFF83C07006B80B2F9F7B1FE4FF480500290DFF814060190DFF87006009000
:2073E000DFF82037DFF82027DFF82017DFF814060088F9F79DFE4FF480500290DFF8EC05C2
:207400000190DFF858060090DFF80437DFF80427DFF80417DFF8EC050088F9F789FEDFF872
:20742000CC050068C0011BD5DFF860060088210089B288421CD34FF480500290DFF8AC055B
:207440000190DFF84C060090DFF8D036DFF8D026DFF8D016DFF834060088F9F7AFFE07E05E
:20746000DFF84C06006830F00800DFF844160860DFF8B406006810F4707F07D0DFF86C05AF
:20748000006850F48050DFF864150860DFF85C050068C00411D5DFF83006006850F00100B8
:2074A000DFF8241608600020DFF8201608804FF4FA70DFF81C1608804CE1DFF810060088BE
:2074C000DFF80C160988884208D30020DFF8F81508600020DFF8FC1508603BE1DFF8EC05BD
:2074E0000088401CDFF8E415088033E1DFF80005C078022840F02E81DFF8F004006830F4C8
:207500008050DFF8E8140860DFF8E0040068000155D54FF480500290DFF8D0040190DFF85A
:207520002C050090DFF80436DFF80426DFF80416DFF8D0040088F9F7FBFD4FF480500290C7
:20754000DFF8A8040190DFF8C0040090DFF8E835DFF8E825DFF8E815DFF8A8040088F9F745
:20756000E7FDDFF8E0050078C00713D54FF480500290DFF878040190DFF8CC050090DFF8AC
:20758000CC35DFF8CC25DFF8CC15DFF878040088F9F7CEFD4FF480500290DFF85004019073
:2075A000DFF8B4050090DFF8B435DFF8B425DFF8B415DFF850040088F9F7BAFD13E04FF40B
:2075C00080500290DFF824040190DFF89C050090DFF89835DFF88825DFF88815DFF8240416
:2075E0000088F9F7A5FD4FF480500290DFF8FC030190DFF834040090DFF87435DFF87425D6
:20760000DFF87415DFF87405006B80B2F9F790FD4FF480500290DFF8D4030190DFF83C04A5
:207620000090DFF85C35DFF85C25DFF85C15DFF8D4030088F9F77CFD4FF480500290DFF897
:20764000AC030190DFF844050090DFF84435DFF84425DFF84415DFF82405006C80B2F9F7EC
:2076600067FDDFF8C404006810F4606F07D0DFF87C03006850F48050DFF870130860DFF88A
:207680006C030068C00127D54FF480500290DFF85C030190DFF8F8030090DFF80035DFF8A5
:2076A0000025DFF80015DFF8E4030088F9F786FD4FF480500290CD480190DFF8E403009067
:2076C000DFF8E434DFF8E424DFF8E414DFF8BC030088F9F72DFD0FE0DFF8D403006830F0B0
:2076E0008000DFF8CC130860DFF8C403006830F48070DFF8BC130860BC480068C00411D5AE
:20770000DFF8C403006850F00100DFF8BC1308600020DFF8B81308804FF4FA70DFF8B01383
:20772000088017E0DFF8A4030088DFF8A4130988884208D30020DFF8901308600020DFF807
:207740009413086006E0DFF884030088401CDFF87C130880DFF870030068C0071ED5DFF8C1
:2077600054040088401CDFF84C140880DFF844040088642804DB8021DFF8B00DFCF74DFB8C
:20778000DFF830040088C82808DB0020DFF8241408808021DFF8940DFCF742FB1FBD0000A7
:2077A00058670020876B0020B86D0020B06D00205E6700205C670020886B0020F06D0020FE
:2077C0000C6E002070B5DFF8F0038088002806D18648006850F000608449086004E183485E
:2077E0000068800420D58148006830F000607F4908607E48006830F080607C4908607B48A9
:20780000006830F08040794908607848006830F08050764908600020DFF8B01E088000204A
:20782000DFF898130880DFE0DFF88C034088FCF7CBFE5FF03332DFF88833FCF7D3FEFCF798
:20784000B9FF0400DC484088FCF7BEFE0022DD4BFCF7C8FEFCF7AEFF0500D7484088FCF74F
:20786000B3FED94AD94BFCF7BDFEFCF7A3FF06005E48006810F0904F40F0B6805B48006869
:2078800040010ED45F480088B0427AD35748006850F08060554908600020DFF8301E08805D
:2078A0006FE0DFF8280E0088401CDFF8201E08804E480068C00033D452480088A84216D331
:2078C000DFF8700C0088401CDFF8681C0880DFF8640C00880B2846DB4448006850F0805067
:2078E000424908600020DFF84C1C08803BE0B3480088002837D1DFF8D40D0088AE49898898
:20790000884230D33948006850F00060374908600020DFF8B81D08800020A849088022E03A
:2079200038480088A0421ED2DFF8080C0088401CDFF8001C0880DFF8FC0B00880B2812DB9D
:207940000020DFF8881D08800020DFF8E81B08802648006830F0805024490860974800887F
:20796000401C9649088095480088002809D01F48006850F000601D4908600020DFF84C1D41
:207980000880DFF8480D00888B49898888422BD316480068400127D51A480088A04223D339
:2079A00000204A490880DFF8900B007A5A2811D18148008D00280DD04348006850F48060CA
:2079C000414908600F480088DFF8701B088001F00DF809E00548006850F000600349086004
:2079E0000020DFF8E81C088070BD00008C6C0020506C00208A6D00206266002060660020FE
:207A0000046B00200E6E00208C6D00206866002066660020056B00208E6D00206E660020A9
:207A20006C660020066B0020906D0020906600208E6600200C6B0020AC610020926D002099
:207A400096660020946600200D6B0020A06D00207A66002078660020086B0020A46D002069
:207A60007466002072660020076B0020946D002084660020826600200A6B00209A6D002093
:207A80008A660020886600200B6B0020106E00209E6D0020A2660020A06600200F6B002081
:207AA0009C6D00209C6600209A6600200E6B0020386D002054660020A26D0020A8660020C6
:207AC000A6660020106B0020346D0020C26D002078010020886C0020A06800209E680020D4
:207AE0004C6B0020A6680020A46800204D6B0020AA6D0020B8680020B6680020506B0020ED
:207B00005C620020B2680020B06800204F6B0020AC680020AA6800204E6B0020CE680020A6
:207B2000CC680020556B0020806C00203E6700203C670020826B002024670020226700201C
:207B40007D6B0020606C0020986D00203867002036670020816B0020866D00201E670020CC
:207B60001A6700207C6B0020886D00201C6700204467002042670020836B00202C60002057
:207B8000306700202E6700207F6B0020966D00202A670020286700207E6B0020506700200C
:207BA0004E670020856B00204A67002048670020846B0020A86D00200C670020BE6D00201E
:207BC0003333F33F0000F43F9A9999999999B93FF0B585B0DFF83C0CB0F900000700DFF8CB
:207BE000380CC078002840F0658101A800909FEDE60ADFF8283C0122390009B2DFF8200CC1
:207C0000F5F783F80198DFF81C1C49884843800ADFF8141C08600198DFF8081C4988484310
:207C2000800ADFF8F81B086001A800909FEDD60ADFF8F83B0122390009B2DFF8F40BF5F7E0
:207C400064F80198DFF8DC1B89884843800ADFF8D81B48600198DFF8CC1B89884843800A4C
:207C6000DFF8B81B086101A800909FEDC70ADFF8C43B0122390009B2DFF8BC0BF5F745F8A7
:207C80000198DFF8A01BC9884843800ADFF8981B88600198DFF88C1BC9884843800ADFF88D
:207CA0007C1B086201A800909FEDE60ADFF88C3B0122390009B2DFF81C0DF5F726F80198B6
:207CC000DFF8601B09894843800ADFF85C1BC8600198DFF8501B09894843800ADFF83C1B85
:207CE000086301A800909FEDE80ADFF8543B0122390009B2DFF8780DF5F707F80198DFF82E
:207D0000241B49894843800ADFF81C1B08610198DFF8101B49894843800ADFF8001B0864E6
:207D200001A800909FEDD80ADFF8183B0122390009B2DFF8A40CF4F7E8FF0198DFF8E41A94
:207D400089894843800ADFF8E01A48610198DFF8D41A89894843800ADFF8C01A086501A836
:207D600000909FEDC90ADFF8743C0122390009B2DFF8000DF4F7C9FF0198DFF8A81AC9895B
:207D80004843800ADFF8A01A88610198DFF8941AC9894843800ADFF8841A086601ABDFF869
:207DA000402CDFF8A01ADFF8980AF5F724F80198DFF8701A098A4843800ADFF86C1AC8611D
:207DC0000198DFF8601A098A4843800ADFF84C1A086701ABDFF80C2CDFF8001CDFF8640A72
:207DE000F5F709F80198DFF83C1A498A4843800ADFF8341A08620198DFF8281A498A484349
:207E0000800ADFF8181AC1F8800001ABDFF8D82BDFF82C1ADFF8C40BF4F7EDFF0198DFF806
:207E2000041A898A4843800ADFF8FC1948620198DFF8F019898A4843800ADFF8E019C1F83C
:207E40009000390009B2DFF8280CF5F72BFB80B2DFF8C819C1F8A000DFF8C009D0F8A00036
:207E60000A214843DFF8A41C0863DFF8B009026A92B2DFF8A809016989B2DFF8A0090068F5
:207E800080B2F5F745FDDFF8C41C0880DFF88C09D0F8902092B2DFF88409D0F8801089B224
:207EA000DFF87809006F80B2F5F732FDDFF8541D088034E3DFF86009C078012840F06F8106
:207EC00001A800909FED300ADFF8443C0122390009B2DFF84C09F4F718FF0198DFF844193A
:207EE00049884843800ADFF8401908600198DFF8341949884843800ADFF8141C086001A849
:207F000000909FED210ADFF87C3B0122390009B2DFF81C09F4F7F9FE0198DFF808198988F5
:207F20004843800ADFF8001948600198DFF8F41889884843800ADFF8D81B086101A8009086
:207F40009FED110ADFF8CC3B0122390009B2DFF8E808F4F7DAFE0198DFF8C818C9884843CF
:207F6000800ADFF8C41888600198DFF8B818C9884843800ADFF8981B086201A800909FED7D
:207F8000310ADFF8CC3B01E0CDCC8C3F0122390009B2DFF8400AF4F7B8FE0198DFF884189E
:207FA00009894843800ADFF88018C8600198DFF8741809894843800ADFF8541B086301A886
:207FC00000909FED310ADFF88C3B0122390009B2DFF89C0AF4F799FE0198DFF848184989F4
:207FE0004843800ADFF8401808610198DFF8341849894843800ADFF8181B086401A8009082
:208000009FED210ADFF8503B0122390009B2DFF8C809F4F77AFE0198DFF8081889894843F8
:20802000800ADFF8041848610198DFF8F81789894843800ADFF8D81A086501A800909FED79
:20804000120A01E03B010D3EDFF8103B0122390009B2DFF8200AF4F758FE0198DFF8C417D6
:20806000C9894843800ADFF8C01788610198DFF8B417C9894843800ADFF8941A086601ABC1
:20808000DFF8DC2A02E000BF5C8F3240DFF8C81ADFF8C00AF4F7AFFE0198DFF88817098A71
:2080A0004843800ADFF88017C8610198DFF87417098A4843800ADFF8581A086701ABDFF836
:2080C000482BDFF8981ADFF8900AF4F794FE0198DFF85017498A4843800ADFF84C17086253
:2080E0000198DFF84017498A4843800ADFF8201AC1F8800001ABDFF8142BDFF8581ADFF8A5
:208100005C0AF4F778FE0198DFF81817898A4843800ADFF8141748620198DFF80817898A83
:208120004843800ADFF8E819C1F89000390009B2DFF83C09F5F7B6F980B2DFF8D419C1F8AF
:20814000A000DFF8CC09D0F8A0000A214843DFF8BC190863DFF8B809026A92B2DFF8B009C6
:20816000016989B2DFF8A809006880B2F5F7D0FBDFF8D8190880DFF89809D0F8902092B2FD
:20818000DFF88C09D0F8801089B2DFF88409006F80B2F5F7BDFBDFF86C1A0880BFE1DFF8DB
:2081A0007806C078022840F0BA8101A800909FEDDD0ADFF85C3A0122390009B2DFF8600607
:2081C000F4F7A3FD0198DFF85C1649884843800ADFF8541608600198DFF848164988484379
:2081E000800ADFF82C1A086001A800909FEDCD0ADFF8203A0122390009B2DFF83406F4F790
:2082000084FD0198DFF81C1689884843800ADFF8181648600198DFF80C1689884843800AB0
:20822000DFF8EC19086101A800909FEDBE0ADFF8E8390122390009B2DFF8FC05F4F765FD38
:208240000198DFF8E015C9884843800ADFF8D81588600198DFF8CC15C9884843800ADFF819
:20826000B019086201A800909FEDAF0ADFF8AC390122390009B2DFF85C07F4F746FD019879
:20828000DFF8A01509894843800ADFF89C15C8600198DFF8901509894843800ADFF87019DF
:2082A000086301A800909FEDA20ADFF874390122390009B2DFF8B807F4F727FD0198DFF832
:2082C000641549894843800ADFF85C1508610198DFF8501549894843800ADFF83419086540
:2082E00001A800909FED920ADFF838390122390009B2DFF8E406F4F708FD0198DFF8241564
:2083000089894843800ADFF8201548610198DFF8141589894843800ADFF8F418086601A8C7
:2083200000909FED830ADFF800390122390009B2DFF84007F4F7E9FC0198DFF8E814C989C1
:208340004843800ADFF8E01488610198DFF8D414C9894843800ADFF8B818086701ABDFF8FC
:20836000CC28DFF8C018DFF8B808F4F744FD0198DFF8B014098A4843800ADFF8AC14C861FB
:208380000198DFF8A014098A4843800ADFF88018C1F8800001ABDFF89828DFF88C18DFF8D4
:2083A0008408F4F728FD0198DFF87814498A4843800ADFF8741408620198DFF86814498AB5
:2083C0004843800ADFF84818C1F8900001ABDFF86428DFF84C18DFF85008F4F70CFD019802
:2083E000DFF84014898A4843800ADFF83C1448620198DFF83014898A4843800ADFF810187E
:20840000C1F8A000DFF808084068ADF80800DFF800088068ADF80A00DFF8F407406AADF830
:208420000C00DFF8EC07806AADF80E00DFF8E0074069ADF81000DFF8D8078069ADF8120057
:2084400002A8F4F7D9FFBDF908000400BDF90A000500200000B2DFF8B8174864280000B22A
:20846000DFF8AC17886405FB05F004FB040006003000F5F771F9FCF79DF8DFF8BC27DFF8D9
:20848000BC37FCF7AFF8FCF795F901900198DFF89413C98A4843800AE34988620198E149E5
:2084A000C98A4843800ADFF868170864390009B2DFF8BC05F4F7F6FF80B2DFF85417C1F8F9
:2084C000B000DFF84C07D0F8B0000A214843DFF83C160863DFF83807026A92B2DFF830072C
:2084E000016989B2DFF82807006880B2F5F710FADFF858160880DFF81807D0F8A02092B2B2
:20850000DFF80C07D0F8901089B2DFF80407D0F8800080B2F5F7FCF9DFF8E816088005B07F
:20852000F0BD0000CDCC8C3F3B010D3E001801405C8F3240C06D0020786B0020306B0020E2
:20854000DFF8FC06407A5A2804D1DFF8F806408D00280CD1DFF8F006006830F40010DFF84A
:20856000E81608600020DFF8E4160860ACE0DFF8E0060078C0070CD5DFF8CC06006830F49E
:208580000010DFF8C41608600020DFF8C01608609AE0DFF8BC06407880070CD5DFF8A806C5
:2085A000006830F40010DFF8A01608600020DFF89C16086088E0DFF89006006840050CD5B6
:2085C000DFF88406006830F40010DFF87C1608600020DFF87816086076E0DFF86C060068D9
:2085E000C0020CD5DFF86006006830F40010DFF8581608600020DFF85416086064E0DFF86E
:208600005406006880050CD5DFF83C06006830F40010DFF8341608600020DFF8301608604F
:2086200052E0DFF83406006810F4906F0CD0DFF81806006830F40010DFF80C16086000209E
:20864000DFF8081608603FE0DFF8FC05007800060CD5DFF8F405006830F40010DFF8E81527
:2086600008600020DFF8E41508602DE0DFF8D8050068C00428D4DFF8D0050068C0011FD588
:20868000DFF8C805006843F69821884208D3DFF8B805006850F40010DFF8AC15086013E0F4
:2086A000DFF8A80500680A30DFF8A0150860DFF89805006830F40010DFF88C15086003E0CD
:2086C0000020DFF88815086070470000BC6D0020DFF874050078C00623D4DFF86C05007859
:2086E000400619D5DFF87405006814280CD30020DFF868150860DFF85005006850F01000B3
:20870000DFF84415086036E0DFF8500500680A30DFF8481508602EE00020DFF8401508607F
:2087200029E0DFF824050068DFF834150840DFF8301588421BD0DFF82405006840F6B83108
:2087400088420CD30020DFF814150860DFF8F804006830F01000DFF8F01408600BE0DFF878
:20876000FC0400680A30DFF8F414086003E00020DFF8E8140860DFF8D0040078800623D432
:20878000DFF8D0040068800519D5DFF8D804006814280CD30020DFF8CC140860DFF8A8045B
:2087A000006850F02000DFF8A014086031E0DFF8B40400680A30DFF8AC14086029E0002094
:2087C000DFF8A014086024E0DFF88804006880051BD4DFF89004006840F6B83188420CD3C8
:2087E0000020DFF880140860DFF85C04006830F02000DFF8541408600BE0DFF8680400686A
:208800000A30DFF86014086003E00020DFF8541408607047EE6D0020506C0020AC61002086
:2088200080250020C069002050690020BC61002080270020CC61002080290020DC610020DA
:20884000EC610020FC61002080B5DFF8FC03007800070CD5DFF8F003006850F48000DFF8F6
:20886000E81308600020DFF8001408601EE0DFF8D8030068400219D5DFF8EC030068B0F507
:20888000C87F0CD3DFF8C003006830F48000DFF8B81308600020DFF8D013086006E0DFF803
:2088A000C80300680A30DFF8C0130860DFF8A4030068800522D5DFF8B4030068B0F5FA7FC3
:2088C00004D2DFF88403006880040FD40220F3F7D7F80020DFF894130860DFF878030068FA
:2088E00030F40070DFF86C1308600BE0DFF87C0300680A30DFF87413086003E00020DFF8A3
:208900006C130860DFF840030068000320D4DFF838030068DFF858130840DFF854138842EB
:2089200056D1DFF82403006810F0401F50D0C648006850F40020C4490860C648006850F026
:208940000100C44908600520DFF8281308603FE0BD480068C6490840C549884229D1C54840
:208960000068401CC3490860C2480068B549898D88422DD30520BF490860B648006850F430
:208980000070B4490860B048006830F40010AE4908600020AD4908600420F2F7F4FF02206F
:2089A000F2F7F1FFB448407850F00800B24948700EE0A548006830F40020A3490860A2486A
:2089C000006830F40010A049086000209F49086001BD000080190020802100200C62002074
:2089E0001C6200202C6200203C62002080B50B20F2F7C9FFA048407850F008009E494870D5
:208A00000120F2F7C0FF0420F2F7BDFF9B48C07800281BD18F48006847F6FE51084205D0AB
:208A20008948006850F00800874908608948006847F6C011084205D08348006850F4801010
:208A4000814908600720F2F79EFF0DE08B48C078012803D08948C078022805D17A48006810
:208A600050F008007849086014208549088001BD801F00208023002080B582498048F4F708
:208A8000CBFE01BD6C62002080B50A207C4908806D480078000737D57848C07800281CD168
:208AA0006C48006847F6FE5108422DD16648006880040BD56448006830F0080062490860FD
:208AC0006148006830F480105F4908600120F2F7D7FF0720F2F7D4FF16E06848C0780128F7
:208AE00003D06648C07802280ED15A4800684FF6FE71084208D15448006830F0080052490C
:208B000008600120F2F7BCFF01BD0000F46900205C6200207C6200205B480078002813D0EB
:208B20005948407802280FD100205749087000205549487044480068C00405D405205349D2
:208B40000880002052490880704700000E6E00208C6200209C620020AC620020BC6200205F
:208B6000CC62002010B500204A49088001200400E4B20D2C05DA2000C0B2F2F781FF641C59
:208B8000F6E700203C4948703B48F6F7B9FE002041490870002041490880002040490880EF
:208BA00020200400E4B2402C1EDA2100C9B22848F4F77EFE002815D02100C9B22448F4F704
:208BC0005BFE2100C9B23748364A127A0A235A4310440A30F5F783FE3348007850F0040019
:208BE00031490870641CDDE730480088002807D0F6F7DEFE00202D49088032202C4908800A
:208C000010BD0000106E0020DC620020EC6200202C6000203C6000204C6000205C6000200D
:208C20007C6000208C6000209C600020AC600020BC600020CC6000209A9999999999F13F95
:208C4000006B0020546600208C6C0020D46C0020606C0020346D0020386D0020DC6C00205D
:208C600000208000E06C0020E46C0020E86C002000202000EC6C0020486D0020506C00209B
:208C8000846D0020898A01084C6D0020DC6D0020EA6D0020EC6D00204F6E0020D86D002033
:208CA000E46D00201C5C00205F6E0020F06D0020DE6D00202DE9F04140F2FF7581EA030C6F
:208CC0000CF0004C15EA11541DBF15EA1357AC42AF42E9E0BC41C1F31301C3F31303801AD0
:208CE000994143F4801304D2641E4000494180185941C90241EA5051B1FBF3F603FB16112B
:208D0000A2FB0675D7EBC020A94102D2761E80185941C90241EA5051B1FBF3FE03FB1E11B4
:208D2000A2FB0E75D7EBC020A94103D2AEF1010E80185941890241EA9051760546EA8E2ED4
:208D4000B1FBF3F603FB1611A2FB0675D7EB8020A94102D2761E80185941C90241EA5051C4
:208D60004EEA060EB1FBF3F603FB1611A2FB0675D7EBC020A94102D2761E80185941C902E4
:208D800041EA5051B1FBF3F703FB1711A2FB0735D3EBC020A94167F100070CBF004247F047
:208DA000010766F3D5274FEA1E31B80814F5806414DDBD0775F1004250EB0E5051EB04519A
:208DC00011F5801F5CBF41EA0C01BDE8F0814CF07F6141F0E0410020BDE8F081BD076D08A8
:208DE00040EA0E5041F48011D4F10104B4F120060ADAC4F120060200E04001FA06F3E1409A
:208E00001843B24015430EE0342C14DCC6F1200445EA40056D0820FA06F2154321FA06F030
:208E2000A1400D43002175F1004250F1000051EB0C01BDE8F08100205FEA0C01BDE8F0810C
:208E4000CFB992185B41B3FA83F704BFB2FA82F6BF190B3FB7F120062FBF02FA06F3BB4068
:208E6000C7F1200622FA06F638BF3343BA401CB1E419641E2FE77F4231F00041B1FA81F4F0
:208E800004BFB0FA80F6A4190B3CB4F120062FBF00FA06F1A140C4F1200620FA06F638BF78
:208EA0003143A0403C1B16E7AC421ABF05EA1357AF4214E050EA41061CBF52EA4306BFE77E
:208EC00050EA4107304661461CBF41EA0551BDE8F08152EA430C08BFC143BDE8F0810020F5
:208EE0004FF4001616EB410F98BF16EB430F08BF16EB410F24BFC14305E016EB430F0CBF1C
:208F000061464CEA0551BDE8F0810E0E70470E0810B4002203881A0012F441528B891B04C8
:208F200004D5838853F48073838004E083884FF6FF64234083800B884C8823438C882343CC
:208F4000CC8823430C8923434C8923438C896404640C2343CC8923431A430280838B4FF2E5
:208F6000FF74234083830B8A038210BC704749B2002904D0028852F04002028004E0028882
:208F80004FF6BF731A400280704781817047808970470200002013890B4202D00123180035
:208FA00001E00023180040B27047F8B504460D4616461F4600F0C8FA3B4632462946204661
:208FC00001B0BDE8F04000F0D6BA00000278C9B28A421AB11CBF10F8012FF9E718BF002015
:208FE00070470000C9B2830706D0521E22D310F8013B9942F7D11FE0083A13D302F1040273
:2090000041EA012141EA014150F8043B121F21BF4B40A3F1013C2CEA030C1CF0803FF3D0EF
:20902000C9B2001F083210F8013B521E28BF91EA030FF8D818BF0120401E704780B500F032
:2090400083FA012002BD000070B5054605F10F00C408AFF30080E400A54232D2082C04D277
:20906000082402E0083000F055F82248026811000CD1011D0A6802B31368A34238BF111DE1
:20908000F8D310E01D68A5420DD2191D0B68002BF8D11268011D00E0191D0B6893420CD05B
:2090A0001D68A542F8D361B10D682A68A2F10803A3420AD26A680A600FE000F07FFA002845
:2090C000D0D1AFF30080002070BD2B190B60121B6E685E600B681A602C60096800291DBF21
:2090E0004A68002A091D00210160AFF3008005F1080070BD786C002070B504460D4616467D
:2091000000F022FA324629462046BDE8704000F025BA000000B9704738B5A0F10804206850
:20912000082833D310F0070F30D1AFF300801848416809B18C4203D26160446017E019469F
:209140004B680BB1A342FAD30B68CD18AC421BD3A54204D12268D2180A600C4607E04A6835
:209160001AB1236823449A420ED362604C60616851B12268A3188B4206D10023036008685D
:209180008018206048686060AFF3008031BD0000786C002030B4436803F000420121C3F397
:2091A00013034360002B04BF0368002B08D10DE00368DD0F45EA440444605B000360491E15
:2091C0004468E302F4D5C4F31303436043681A434260084630BC70474FF4001C1CEB410F74
:2091E00094BF1CEB430F09E041EA030C50EA4C0C52EA0C0C03D2994208BF9042704714BFE7
:209200008B428242704700004FF4001C1CEB410F94BF1CEB430F09E041EA030C50EA4C0CEF
:2092200052EA0C0C03D28B4208BF8242704714BF994290427047000070B504460D46606835
:20924000C0F30A5040F2FF71884207D16068000304BF2068002817D0022070BD20B920460A
:20926000FFF798FF012866DA012D0FDB40F2FF71091A8D420AD3606800284CBF9FED2F0BAE
:209280009FED300B84ED000B012070BD4142A942616806DA6FF31E51401941EA00506060C1
:2092A00040E0401E63684519012205F1350062F31F53352801F00041636003D361600020E9
:2092C000206070BD002015F11F0F04DA206823600022203562606A4212D0401E2568804131
:2092E000C2F12003C0439D4045EAD07025686668D54006FA03F32B4323606368D340636051
:2093000062680A43B0F1004F626003D80DD12078C0070AD52068401C2060206828B96068F8
:20932000401C60604FF0FF3070BD6068884204BF20680028F6D1002070BD00BF000000009E
:209340000000F0FF000000000000F07FF0B44FF0004591EA030F44BF6B4000F045B900BF9F
:20936000841A71EB030604D26E40001BB141121973414FF4001C1CEB410F34BF7CEB430621
:2093800084E00C0DA4EB1356362E7DDC012E43DC45EAC32343EA525312BFD20292025B08CA
:2093A000240545EAC12141EA5051D2EBC020994125D407D1B0FA80F610FA06F164D00020EA
:2093C000203608E0B1FA81F6B140C6F1200220FA02F21143B0404FEAF474B4EB465434F013
:2093E00001064FEA74040AD8D6F50016760D04F00044F04061FA06F25040F1404840C00AA1
:2094000040EA415021F0004128BF5FEA500550F1000044EBD12137E045EAC323DB0A45EA18
:20942000C121C90AB6F120050EDD42EA0242120CC5F1200603FA06F6EB4042EA06056D424C
:20944000984161F100010DE062FA06F5F240554063FA06FC82EA0C02F3405A406D429041AF
:2094600061EB030111F4801F05D1641E620502D06D004041494121F48011430875F1004355
:2094800050F1000041EB0451F0BC70471CEB410F15D223F0004352EA43060BD04FEA4C0C22
:2094A000BCEB410F04D80C0D661E342EB7DDEBE7801A994150EA410608BF0021E4E708BF05
:2094C0001CEB430F28BF6FF00001DDE780B5134800F0F4F80FF24C020FF244010160426222
:2094E00041600FF24402826381600FF24402C1600161416181618162C16201634163C2633D
:209500000164416401BD10B5044800F0D7F80446206808B9FFF7DAFF204610BD7C00002082
:20952000000000002E00000066616C7365000000747275650000000091FBF2F303FB1211A0
:20954000C0E900317047000080B5DFF80C0000F0B5F8806902BD00000C01002030B430B923
:209560000FF24800D0E90045C2E900451BE00170012030BC704730B431B90FF23800D0E9C4
:209580000045C3E900450EE01AB930BC6FF00100704708B10A7802800978481E804130BC80
:2095A000C043C00F7047002030BC704700000000000000000000000000000000074908689F
:2095C00008B1002070470648C008C00008600549C908C900091A0160704700BF806D0020CE
:2095E0008711002080190020841A71EB030603D2001BB141121973414FF4001C1CEB410F80
:2096000034BF7CEB430443E00C0DA4EB1356352E50DC45EAC323DB0A45EAC121C912B6F159
:2096200020050DDD63FA05F6EB4086EA0305124218BF45F00105C01851F100010CD213E0CE
:2096400062FA06F5F2405540F3415A40B340F3405A408018594107D349085FEA30005FEA3F
:20966000350528BF45F0010501F58011420875F1004250F1000041EB0451F0BC4FF4001C48
:209680001CEB410F38BF70470020090D090570471CEB410F10D252EA43060BD0BCEB410F3A
:2096A00005D80C0DAB43661E342EB5DD02E0AB4380185941F0BC7047F0BC704770470000CF
:2096C0000000FC242424FC252624FC242424040040308F80844C55252525554C8080800017
:2096E000804020908886808080838C1020408000008040201807004080403F00000000002F
:2097000000080808080828C404040406040000008041212151918989858583838180800097
:209720002030AC632018809090FF90494A484000226722121212404020130C142241F80039
:20974000003E22E2223E0010885724548C000000407E403F22220001FE424242FE0101002E
:20976000008060F807003E2222E222223E000000010000FF2011090503FF030509112000A1
:20978000101010FF109000F888898E888888F8000444827F8140300F000000000000010089
:2097A000001060028C00FE02F202FE00F800FF000004047E018047300F10270047807F00B8
:2097C000101010FF9020984828090E2848A818000242817F0040404242427E42424240004D
:2097E00040422410FF00844444447F4444440400222212120AFE42270A1222324A424200FE
:20980000002E2AAAAAAEAAFAAAAEAAAA2A2E0000808080FFAAAAAAAAAAAAAAFF80808000A2
:2098200004442414047C0506047C0414244404008080814143252911292543418080800063
:209840000000FE0282828282FA8282828282020080601F40404040407F4040445840400020
:2098600080809E9292929EE0809EB2D2929E80000808F4949292F10001F2929494F808006A
:2098800000F888888888FF88888888F800000000001F080808087F888888889F80F00000AC
:2098A000004044C4444444401010FF101010F00000103C131014B840300E014080403F001C
:2098C0001010D0FF901000FE020202FE00000000040300FF0083601F0000003F40407800B8
:2098E000002018C744444444FC444444440400000404040704040404FF040404040404000F
:2099000000000000FE2222222222222222FE0000008040300F02020202020242827F0000ED
:20992000000000FE82828282828282FE00000000000000FF40404040404040FF00000000DF
:2099400000FE20203F2000FC24E4242223E20000807F0101FF80601F804126182641800036
:209960000010101010D030FF30D010101010000010080402090808FF0808090204081000FB
:20998000808080BEA2A2A2A2A2A2A2BE8080800000000006050404044484443C000000007E
:2099A000808084980000FE9292929292FE0000000080403F4080BF90888182848AB18000DD
:2099C00000007C40404040FF40404040FC000000007C40404040407F4040404040FC000099
:2099E000003E22E2223E000810FF00FFA0100800407E403F22228042310F007F8081F20002
:209A000000F80102F09292F29292F20202FE000000FF00000F04047F04040F40807F000042
:209A200080A0908E888888FF8888888888808000000000FC44444444444444FC00000000D5
:209A400012EAAFAAEA0FFA02888C5724548C84000202EAAAAAABAAABAAAAAAAAEA020200F1
:209A6000101010FF109040A09E8282829EA020000444827F01008080432C1028448380007D
:209A8000000000000001E21CE000000000000000804020100C03000000030C304080800069
:209AA0000000F8494A4C48F8484C4A49F800000010101312121212FF12121212131010007B
:209AC000406058C66000D01010FE1010D010000044CE452424000704047F84848F80E00056
:209AE0008080849800109010101010FE101010000080403F408080838090A09F80808000AB
:209B00001060028C004464544D46445464C4040004047E0180403E0000FE00007E80E00093
:209B200000F80122202222A2FA22222202FE000000FF0008040211201F000040807F000008
:209B400020102CE7242400E22C20BF2028E600000101017F2111804F20100F10204F80009E
:209B60000808080808F8898E888888880808080000804020180700004080403F0000000038
:209B800000F808080CCA494848C8080808F8000000FF0000001F0808081F0040807F0000A2
:209BA0001010FF1090E02F29E909E9292FE0000042827F414425150D05FE0D1525454400B9
:209BC000008060F80740300FF888888888080800010000FF00000000FF08080808080000D8
:209BE0001010D0FF901000FC24E4242223E20000040300FF0083601F804126182641800099
:209C000080828282FE8282828282FE8282828000008040300F0000000000FF0000000000B4
:209C200000FC2024A8FFA82400FC4444C4424000003F2221202F20A3601F0000FF00000095
:209C40000808F94A48C84820D8171010F010100040300F20403F8040211608162140800006
:209C60000000000000000000000000000000000001010101010101010101010101010100D5
:209C80008080FC96E584FC00A09E82829EA0200080601F024C807F8080432C102C43800073
:209CA0000888888888FF000000FF8888888808001010101010FF000000FF101010101000B8
:209CC000201808EAACA8A8AFA8A8ACEA0828180000003E02020202FF020212221E000000E6
:209CE0001010D0FF90100202FE0202625AC60000040300FF0043308F80432C102C43800057
:209D0000C808090EE808405E5050DF50505E4000206F201C131000FE027F027E82FE0000A4
:209D2000008060F80700FC848484FE8283828000010000FF0000FF402000418E3040F80021
:209D40000040301E101010FF101010101000000081814121110D0301030D112141818100EB
:209D6000002020A86C2A3928A82A6CA82020000002828190924A494524221008010202007C
:209D800090523410FF10345280708F0808F80800829A566322528E008040330C33408000B0
:209DA0000000FE0202F2121212F20202FE00000000007F2020272424242720207F0000004D
:209DC00000FC8080808000FE008040201000000000FF40402020007F8180808080F00000EA
:209DE00000020C80608040300FC808082818000002027E01804020180601061820408000DE
:209E0000008060F80704E4A4A4BFA4A4E4040000010000FF40407F4A4A4A4A4A7F404000D4
:209E200040402020504844434448502020404000000000FE42424242424242FE00000000DD
:209E4000008060F80710901011161010D0100000010000FF4040415E4040704E414040002E
:209E60001060028C00FE02F2525A565252F2020004047E41300F201349817F010913200099
:209E800000101010D0FF901000FE22222222FE000008040300FF000300FF42424242FF0088
:209EA00000F8010600F0121212F2020202FE000000FF0000001F1111111F0040807F0000D8
:209EC0000000FE22222101403E0202021E2020001010FF1109098081472911294583800007
:209EE0000040504E4848FF48484840F80000FF000000003E0202FF12221E000F40807F0005
:209F0000100C042424242526A464240404140C00020202020242827F0202020202020200BB
:209F200000FC848484FC001010101010FF101000003F1010103F0000010640807F0000003A
:209F40000000FC2424E42424222222A36200000040308F8040402314081422414080800031
:209F600000FE225A8600FE9292929292FE00000000FF04080700FF4020030C1422414000D4
:209F800000002010E8242724A424342CE0000000000080804F402018071010204F80000055
:209FA0000484C434042F2424242F2424E42424000100FF00001F1111111F40807F0000002F
:209FC000202028A8A8A8A8F8A4A4A4A6242020008080A0AFAAAAAAFFAAAAAAAFA0808000F2
:209FE0000484C4B48C0000E40404FE4243420000804428182720404F48484F484848400053
:20A0000000101010FF1010F00000F8080808F800008040300F40807F00007F2020207F005D
:20A02000808084980008E82828FE2828E80800000080403F4090898583BF838589908000C6
:20A04000040484C4A49C85868484A4C48404040000808040300F0000007F808081F00000FA
:20A06000100C05555555857F8555555505140C000404020A09292A4C48A919020204040041
:20A080000000FC0404041415569454341404040040300F0001010141817F01010105030033
:20A0A000407C407F484840F2121AD61212F20200908E404F201E804F20180710204F800051
:20A0C0000014A4442434AD6624940444A414000008090808090909FD09090B0808090800EA
:20A0E00004040404F49495969494F4040404040000FE02027A4A4A4A4A4A7A0282FE000087
:20A10000008060F80700FE02F202FE00F800FF00000000FF008047300F10270047807F00F5
:20A1200002020202C23EA2222222E20202020200000000782720101300003F4040407800CC
:20A140000004FF242424FF0400FC4444C442400088482F0909192FC8601F0000FF00000024
:20A16000C8B88FE8888880824222121A26428000081808FF0404404242427E4242424000A5
:20A1800040484848FF484842A29E82A2C2BE000080601F207F4444404F484848484F40008E
:20A1A0001060028C0000FE9292929292FE00000004047E01407E42427E427E42427E400082
:20A1C000008C44B526A4640C02F21AD612F202001008FC4A494AFC08804F300F102FC000D4
:20A1E000100C4444444445C64444444444140C008040201E2040407F4444444444404000C3
:20A2000000000000FC4444444546444444447C00004020180700FC44444444444444FC000C
:20A2200080808080FF8080A0908884828080800000000000FF402112040810202040400093
:20A240001010FF1010202424A47F24342826200010100F04020402FF49494949FF00000011
:20A26000C8B88FE88888404848E85F4848484000081808FF040400020B1222D20A06000056
:20A28000008040300F0808E80808084828180000808040201008060106081020408080002A
:20A2A000008060F807101010D0FFD01010100000010000FF1008040B08FF080B0408100063
:20A2C00004047454545454FF5454545474040400040415151555957F151515151F040400BC
:20A2E000101010FF10105020D8171010F0101000007F2121217F8040211608162140800029
:20A30000000000E224282020202824E200000000806000077282828AB28282E7001060008D
:20A32000008060F8070004242425262424240400010000FF000000F94949494949F90000D8
:20A34000040484E41C0724242424A46424040400020100FF00020242827F02020202020053
:20A360008060F8878498002024A47F24342824000000FF00007F241201FF494949FF0000C9
:20A380004030EF246448487F4848487F4848400001017F211100FF4949494949FF00000082
:20A3A0001010D0FF9010804828090E0828488800040300FF00018080432C102C4380800012
:20A3C00002FA8282FE804020504C434C5020400008184884443F404458414E6058474000AB
:20A3E0001010D0FF905020504C434C5020404000040300FF00414458414E60584740400062
:20A4000000007E92929292929292929E80E00000088848281E0808080808FE0808080800CC
:20A4200002E222223E0000F94A4CF84C4AF90000004382423E0010131212FF1212131000CE
:20A4400048445352567A52D0547B52565242420000009F553515151F151535559F000000C7
:20A4600080808888888888FF888888888880800020201008040201FF0102040810202000D0
:20A4800008CC4A49484ACC18007F88888482E00000FF121252927F00007E88888482E00070
:20A4A000809090484C57242424544C4480808000000000FF4949497F494949FF000000000E
:20A4C000000000FE22222222FE22222222FE00000080601F020202027F020242827F0000A5
:20A4E000404042CC002022E22222E222222000000080403F40A0988780809FA0A0BC800007
:20A5000004E4252624E4042020FF20E22C202000104B827E020B90601C03003F40407000A9
:20A52000404040FE404000F00080FE4020E000002060201F1010017F8180BF848887F0008D
:20A5400000002424242424FC2222222322000000020202020242827F020202020202020045
:20A56000101010FF1050445465C64464544440000444827F0182824A562322524E820200B2
:20A58000000000C04040407F48484848C80808000080403704041464041464040710E000D6
:20A5A0000000FC040404040404040404FC00000000007F2020202020202020207F00000061
:20A5C000404042CC00004A32222AF121312D00000080403F408081BDA1A1BFA1A1BD810037
:20A5E000002064249494BF80809FA4A4A222380000000000FF0A0A0A0A0A4A8A7F00000065
:20A600004040424458C0407F40C05048464040008080402018070000003F404040407800C9
:20A620004040C07E42424A72424242FE4040400000000F080808090E4888483F08080000F3
:20A6400002FE9292FE0200101116F01413100000101F0808FF048141310D030D3141810033
:20A6600000000202FE42820242724E40C00000008040300C838041462810284641808000A3
:20A68000000000F8888C8A89888888F800000000000000FF44444444444444FF0000000031
:20A6A00000080808F80808081010FF101010F000001030101F088848300E014080403F006E
:20A6C00004040484E43C2724242424E40404040004020100FF0909090949897F00000000A8
:20A6E000000040424242C27E42C242424240400000804020100C0300003F4040404070001C
:20A700000000080808080808080808080800000010101010101010101010101010101000F1
:20A72000000484848484848484848484840400002020202020202020202020202020200085
:20A7400000001011161010F010101413100000008181414121110D030D11214141818100D2
:20A7600000FE02FA02FE4020D8171010F01010008047300F106780402116081621408000ED
:20A780008080849800001010FE1010FE101000000080403F4081A199878181BF818181007C
:20A7A00000F808080808887F8808080808F8000000FF0008040201000001024C807F00007E
:20A7C00000E000FF10200888780F08E808088800010000FF00100C834423180718628100AB
:20A7E000201008F754545454545454F404040000809090494D57252525554D45808080007F
:20A800004042CC00001E92527E525E52D21E000040201F20505150494A44424140404000CE
:20A82000C8B88FE888C840DE52525252DE404000081808FF0424203F25251515FF101000CC
:20A8400000000002020202FE0202020202FE000000004020100C030000002040201F0000CC
:20A86000100C4424148445264484142444140C00040402FE45444444444445FE02040400FF
:20A880000000020202028242F20E4282020202000010080402010000FF00000001020C00F5
:20A8A00000020212620202FE020242320202000001010101010101FF010101010101010095
:20A8C0001088C42308F493F29AF6004044C444000100FF001097543F54971040807F0000E8
:20A8E000000888C8A99A8888680800F80000FF0000909048241219244280000F40807F005B
:20A90000000000FE92929292929292FE0000000040424458407F4040407F405048464000C3
:20A9200040404242424242C24242424242404000201008060040807F000000020408300006
:20A94000808084980000F848484C4A48487800000080403F4080BF92929292929292BE007B
:20A9600000E000FF10200404844424140C040000010000FF00003846414040404040780039
:20A98000404042CC0040A09E8282829EA02020000000003F908840432C10284641808000E2
:20A9A0004042CC0000E2222A2AF22A2622E0000080403F4080FF898989BF89A9C9BF80005B
:20A9C000404042CC008282FE828202FE000000000000007F201000FF0000000F3040F800BE
:20A9E000404042CC009090909090FF10111610000000003F1028603F1010010E3040F0000E
:20AA0000000000F8A8A8ACAAA8A8A8F800000000806000077282828AB28282E700106000B4
:20AA200080884848281808FE0818284848888000808080BF95959595959595BF80808000C7
:20AA400020222A2AAA6A3A2E292929292920200008040201FF555555555555FF00000000CC
:20AA6000202020BEAAAAAAAAAAAAAABE20202000008080AFAAAAAAFFAAAAAAAF808000009B
:20AA800020C20C80027A4A4A7E4A7E4A4A7A020004047E0144251545857D0505152544000E
:20AAA000808084980010D25470505054D21000000080403F4080BF9595959595BF808000D8
:20AAC00000F808FF08F800027A4A4A4A7A020200000F00FF080F00FF49497F4949FF0000D9
:20AAE000002010E824272424E424342C20E000000080601F090909097F090949897F00003E
:20AB0000002030AC633000FE021222C23202FE0000226722121200FF0804030047807F005B
:20AB2000808084980000F8484848444446C400000080403F40B08FA0918A848A91A080009F
:20AB4000404042CC0000008484848484FC0000000000007F2010003F4040404041407000F8
:20AB60008080829292929292929292FE80808000404022241048807F04081824224040003E
:20AB800080FE8282FE80FE8282FE8000F800FF00403F0020BF403F40807F00004F807F00D4
:20ABA00000FE225A8620102824E324281020200000FF040827110D41817F010509310000C9
:20ABC000008060F80780601C1010FF1010100000010000FF000202020202FF02020202003A
:20ABE000809090484C5724E424544C4480808000004222120A42827F02020A1222420000F3
:20AC00004042CC0000445454547F54545444400000007F201000FF15151555957F00000051
:20AC200088681FC80810C85452D1129408D01000091909FF0500FF1292FF005F807F000029
:20AC40000000181610D0B89790909092941000000020108C83804146281028444380800084
:20AC60000080603C202020FE202020202020000081808484848484FF848484848480800072
:20AC8000001060020CC000E22C203F2028E600000004047C030000FF09090949897F0000E9
:20ACA00000083000FF20202020FF2020222C200004040201FF8040300E0106182040800029
:20ACC000000808088848A81E28488808080800008272010178808085988080E109126200CD
:20ACE0000008488808C83800901010FF101010000020100C030418000043807F00000000F8
:20AD00000474D454FF54D47414087784443C0400828988E88B8888F9A8AAA9A8A98A8200F6
:20AD200000404040FF2020200404FC040404FC00000000001F0884422018074080403F007D
:20AD4000101010FF902010E82724E4342CE000000242817F00848447241C071C24478400C8
:20AD600000FE0202021222428242221A02020000007F4040484442414041424C4040400078
:20AD800000FE0212929292FE9292921202FE000000FF40405F48484848485F4040FF000001
:20ADA000008060F807000000FF40201008040000010000FF000402013F404040404078003B
:20ADC0000000F8888888880808FF08090AC8080080601F0010201F80402116182641F800A5
:20ADE000404042CC00002024A4243FA424A460000000007F2010888A4C29180F1828C80049
:20AE00000202FE929292FE0206FC040404FC000008180F080804FF04844027182740800040
:20AE2000108C4404E40495A64424148444940C0002027A414143427E42424243F800000023
:20AE40000484E45C44C40002F2828282FE80800002017F10103F00080808084888403F005A
:20AE60000000202010081467844424140C0000000004040402FE43434242424242FE000019
:20AE80002424A4FE232240300F08C80808281800080601FF0102100C43807F000106180056
:20AEA000000022322AA6A2622111098101000000004222130B42827E02020A122346000060
:20AEC0002030AC63300088C8A8998E88A8C8880022672212128040300F00003F4040710046
:20AEE0000020102CE7242400F01010FF1010F000000101017F211100070202FF02020700DF
:20AF000000020CE04020F84F4849FE484848080004047F000000FF2222223F22222220007C
:20AF20001060028C0084E41C05C6BC2424E4040004047E010000FF824126182946818000E1
:20AF4000000000007F49494949497F000000000000FF49494949FF00FF49494949FF000042
:20AF60000000FE0202020202020202020202020080601F00000000000000000000000000BC
:20AF80002424A4FE232200C03800FF0008106000080601FF01068180404027100C03000037
:20AFA000008282BAAAAAAAABAAAAAABA828280000241545454547CAAAAAAAAAAA082E1008A
:20AFC00000FE0222428272022242827202FE000000FF100806010E100806014E807F000027
:20AFE000404040FE404000F00000FE80808000002060201F109080FF8080FF8080808000C8
:20B000004042CC0000809E92929292929E80000000007F2094844424140F14244484840006
:20B02000808888FF888880FE0202F20202FE00004020180708B040231806017E8083E000E1
:20B04000002030AC63201820900C0B080808F80000226722121212000001064080403F005B
:20B06000000000000000FE808080808080000000808080808080FF808080808080808000D3
:20B08000808084980010121C10F01018161000000080403F4081A1918D838589B181810045
:20B0A00004E4242464A4243F24A4642424E4040000FF00080909097F09090948807F000096
:20B0C00040445465C664544400FC4444C442400020124A827F020A92601F0000FF0000000E
:20B0E000000808E82828283E282828E808080000808080FF95959595959595FF8080800021
:20B10000404444FC4444FC444400F80000FE000088849390909093FC9090909294838000B2
:20B120004042CC0000829292F29E9292F282800000007F201000FC4444444444FC00000078
:20B14000040424242424252624242424240404000000F9494949494949494949F9000000CD
:20B160000000F010101010FF10101010F000000000000F04040404FF040404040F00000033
:20B1800008080838C808090E0808C838080808008080404020110A040A11204040808000D6
:20B1A00000023AAA6A3F2A2A2AFF2AAA2EE000000002819E4242221A2222425E810000005B
:20B1C000884828090A28488880708F0808F808004020110A040B30804020130C3340800031
:20B1E0000000E28282828282828282FE0000000000003F4040404040404040404078000028
:20B200002038E730007CD655547C20D817F010002227121280621E4B8A7A80671867800097
:20B22000000004FF242424FF0400FE222222FE000088482F090919AF48300F0242827F0095
:20B2400000083000FF008884532212CA0600000004040201FF00020A1242827F02020200E3
:20B26000000000FE2222222222E222227E0000001008060110102222448001020408080024
:20B2800000E000FF1020080808FF0808F8000000010000FF008141310D030D3141818100FC
:20B2A000404042CC00202222A2622222222000000040201F20444E4544444445464C4000B9
:20B2C000001088C4330040424242C24242424000020100FF0000000040807F0000000000D0
:20B2E00000080889EA1888000404FC040404FC0000020100FF0186402018074080403F00D8
:20B300001010F01F10F00040E05847405060C0004022150816210000FE42424242FE0000D5
:20B320000000007F494949494949497F000000008141211D214181FF89898989898181007F
:20B3400000028282422212FA0622224242820000010100FC44444445444444FC000001004F
:20B3600000101010101012F4101010101010000080808282828282FF828282828280800004
:20B38000040444C44F4444C424242FB42404040040442424150C04FE040C152424444000CB
:20B3A0008060DE484800C83820A8A8FEA8F820000202FF42A24D314F888A8ABF8A8A880066
:20B3C000404040404040FF444444444444404000000000000000FF000002040810000000B9
:20B3E000008060F80708080809FA080808080000010000FF40414141417F4141414140002C
:20B400000484E45C44C42010E82724E4342CE00002017F10103F80601F09093F49897F0053
:20B42000404042CC0000000000FF0000000000000000003F9048201807000718204080002A
:20B4400008080808C8380F08080808080808080008040201FF41414141414141FF000000A9
:20B46000020202020202FE020242820202020200000000000000FF000000000106000000EC
:20B480001010101010F01E1010101010101010004020908C83828282FE8282828280800043
:20B4A00000FC0000FF0004848484848484FC0000008740300F00202020202020207F000014
:20B4C0004020F807F0A0904C5724A4544C8080000000FF001F8092524929241208000000B0
:20B4E0000484848484FC4030CC0B0808F8080800007F201010088040211608162140800020
:20B50000008060F8072020207FA0101116101000010000FF0000000000030C102040F800FF
:20B5200000040404FF5454545454FF040404000011118985939191FD91919385891111008A
:20B5400000101092543010FF10305492101000008485454424140C060C14244445848400AF
:20B56000000090884C57A42454548C840000000001018042221A07024282423E0101010040
:20B580000000C000E002041800C0300C40800000088641203F4844424140407800010E00ED
:20B5A000101010FF9020988888E98E8888A898000242817F000080844B2810284780000083
:20B5C000000202F2121212F2020202FE020202000000000F0404040F0040807F00000000DA
:20B5E00000FC00000204180000807F0000000000003F1008844020100C03081020C00000E0
:20B60000004042CC0000FE829292FE929282FE000000003F10887F001E1212125E807F008F
:20B62000044444445F44C44444445F44C4040400000000000000FF00000810080700000072
:20B6400000101011F61010101010F41310100000028242320F0202020202FF020202020034
:20B66000406058C62000FC90A080FE80A090000044CE45242400FF888482FF828488800059
:20B6800008C8B88FE8888840300FC8082818000008180808FF048440300E010E30408000D8
:20B6A000504847FC444440080808FF0808F80000003E201F107E8141310D030D31418100BA
:20B6C0000000108886C0C0A0AF9090888284080000010100FF4A4A4A4A4A4A4A4AFF000077
:20B6E00000000000000000000000000000000000000000000000000000000000000000004A
:20B70000000000000000000000000000000000000000000000000000000000000000000029
:20B72000000000000000000000000000000000000000000000000000000000000000000009
:20B740000000000000000000000000000000000000000000000000000000000000000000E9
:20B760000000000000000000000000000000000000000000000000000000000000000000C9
:20B780000000000000000000000000000000000000000000000000000000000000000000A9
:20B7A000000000000000000000000000000000000000000000000000000000000000000089
:20B7C000000000000000000000000000000000000000000000000000000000000000000069
:20B7E000000000000000000000000000000000000000000000000000000000000000000049
:20B80000000000000000000000000000000000000000000000000000000000000000000028
:20B82000000000000000000000000000000000000000000000000000000000000000000008
:20B840000000000000000000000000000000000000000000000000000000000000000000E8
:20B860000000000000000000000000000000000000000000000000000000000000000000C8
:20B880000000000000000000000000000000000000000000000000000000000000000000A8
:20B8A000000000000000000000000000000000000000000000000000000000000000000088
:20B8C000000000000000000000000000000000000000000000000000000000000000000068
:20B8E000000000000000000000000000000000000000000000000000000000000000000048
:20B90000000000000000000000000000000000000000000000000000000000000000000027
:20B92000000000000000000000000000000000000000000000000000000000000000000007
:20B940000000000000000000000000000000000000000000000000000000000000000000E7
:20B960000000000000000000000000000000000000000000000000000000000000000000C7
:20B980000000000000000000000000000000000000000000000000000000000000000000A7
:20B9A000000000000000000000000000000000000000000000000000000000000000000087
:20B9C000000000000000000000000000000000000000000000000000000000000000000067
:20B9E000000000000000000000000000000000000000000000000000000000000000000047
:20BA0000000000000000000000000000000000000000000000000000000000000000000026
:20BA2000000000000000000000000000000000000000000000000000000000000000000006
:20BA40000000000000000000000000000000000000000000000000000000000000000000E6
:20BA60000000000000000000000000000000000000000000000000000000000000000000C6
:20BA80000000000000000000000000000000000000000000000000000000000000000000A6
:20BAA000000000000000000000000000000000000000000000000000000000000000000086
:20BAC000000000000000000000000000000000000000000000000000000000000000000066
:20BAE000000000000000000000000000000000000000000000000000000000000000000046
:20BB0000000000000000000000000000000000000000000000000000000000000000000025
:20BB2000000000000000000000000000000000000000000000000000000000000000000005
:20BB40000000000000000000000000000000000000000000000000000000000000000000E5
:20BB60000000000000000000000000000000000000000000000000000000000000000000C5
:20BB80000000000000000000000000000000000000000000000000000000000000000000A5
:20BBA000000000000000000000000000000000000000000000000000000000000000000085
:20BBC000000000000000000000000000000000000000000000000000000000000000000065
:20BBE000000000000000000000000000000000000000000000000000000000000000000045
:20BC0000000000000000000000000000000000000000000000000000000000000000000024
:20BC2000000000000000000000000000000000000000000000000000000000000000000004
:20BC40000000000000000000000000000000000000000000000000000000000000000000E4
:20BC60000000000000000000000000000000000000000000000000000000000000000000C4
:20BC80000000000000000000000000000000000000000000000000000000000000000000A4
:20BCA000000000000000000000000000000000000000000000000000000000000000000084
:20BCC000000000000000000000000000000000000000000000000000000000000000000064
:20BCE000000000000000000000000000000000000000000000000000000000000000000044
:20BD0000000000000000000000000000000000000000000000000000000000000000000023
:20BD2000000000000000000000000000000000000000000000000000000000000000000003
:20BD40000000000000000000000000000000000000000000000000000000000000000000E3
:20BD60000000000000000000000000000000000000000000000000000000000000000000C3
:20BD80000000000000000000000000000000000000000000000000000000000000000000A3
:20BDA000000000000000000000000000000000000000000000000000000000000000000083
:20BDC000000000000000000000000000000000000000000000000000000000000000000063
:20BDE000000000000000000000000000000000000000000000000000000000000000000043
:20BE0000000000000000000000000000000000000000000000000000000000000000000022
:20BE2000000000000000000000000000000000000000000000000000000000000000000002
:20BE40000000000000000000000000000000000000000000000000000000000000000000E2
:20BE60000000000000000000000000000000000000000000000000000000000000000000C2
:20BE80000000000000000000000000000000000000000000000000000000000000000000A2
:20BEA000000000000000000000000000000000000000000000000000000000000000000082
:20BEC000000000000000000000000000000000000000000000000000000000000000000062
:20BEE000000000000000000000000000000000000000000000000000000000000000000042
:20BF0000000000000000000000000000000000000000000000000000000000000000000021
:20BF2000000000000000000000000000000000000000000000000000000000000000000001
:20BF40000000000000000000000000000000000000000000000000000000000000000000E1
:20BF60000000000000000000000000000000000000000000000000000000000000000000C1
:20BF80000000000000000000000000000000000000000000000000000000000000000000A1
:20BFA000000000000000000000000000000000000000000000000000000000000000000081
:20BFC000000000000000000000000000000000000000000000000000000000000000000061
:20BFE000000000000000000000000000000000000000000000000000000000000000000041
:20C00000000000000000000000000000000000000000000000000000000000000000000020
:20C02000000000000000000000000000000000000000000000000000000000000000000000
:20C040000000000000000000000000000000000000000000000000000000000000000000E0
:20C060000000000000000000000000000000000000000000000000000000000000000000C0
:20C080000000000000000000000000000000000000000000000000000000000000000000A0
:20C0A000000000000000000000000000000000000000000000000000000000000000000080
:20C0C000000000000000000000000000000000000000000000000000000000000000000060
:20C0E000000000000000000000000000000000000000000000000000000000000000000040
:20C1000000000000000000000000000000000000000000000000000000000000000000001F
:20C120000000000000000000000000000000000000000000000000000000000000000000FF
:20C140000000000000000000000000000000000000000000000000000000000000000000DF
:20C160000000000000000000000000000000000000000000000000000000000000000000BF
:20C1800000000000000000000000000000000000000000000000000000000000000000009F
:20C1A00000000000000000000000000000000000000000000000000000000000000000007F
:20C1C00000000000000000000000000000000000000000000000000000000000000000005F
:20C1E00000000000000000000000000000000000000000000000000000000000000000003F
:20C2000000000000000000000000000000000000000000000000000000000000000000001E
:20C220000000000000000000000000000000000000000000000000000000000000000000FE
:20C240000000000000000000000000000000000000000000000000000000000000000000DE
:20C260000000000000000000000000000000000000000000000000000000000000000000BE
:20C2800000000000000000000000000000000000000000000000000000000000000000009E
:20C2A00000000000000000000000000000000000000000000000000000000000000000007E
:20C2C00000000000000000000000000000000000000000000000000000000000000000005E
:20C2E00000000000000000000000000000000000000000000000000000000000000000003E
:20C3000000000000000000000000000000000000000000000000000000000000000000001D
:20C320000000000000000000000000000000000000000000000000000000000000000000FD
:20C340000000000000000000000000000000000000000000000000000000000000000000DD
:20C360000000000000000000000000000000000000000000000000000000000000000000BD
:20C3800000000000000000000000000000000000000000000000000000000000000000009D
:20C3A00000000000000000000000000000000000000000000000000000000000000000007D
:20C3C00000000000000000000000000000000000000000000000000000000000000000005D
:20C3E00000000000000000000000000000000000000000000000000000000000000000003D
:20C4000000000000000000000000000000000000000000000000000000000000000000001C
:20C420000000000000000000000000000000000000000000000000000000000000000000FC
:20C440000000000000000000000000000000000000000000000000000000000000000000DC
:20C460000000000000000000000000000000000000000000000000000000000000000000BC
:20C4800000000000000000000000000000000000000000000000000000000000000000009C
:20C4A00000000000000000000000000000000000000000000000000000000000000000007C
:20C4C00000000000000000000000000000000000000000000000000000000000000000005C
:20C4E00000000000000000000000000000000000000000000000000000000000000000003C
:20C5000000000000000000000000000000000000000000000000000000000000000000001B
:20C520000000000000000000000000000000000000000000000000000000000000000000FB
:20C540000000000000000000000000000000000000000000000000000000000000000000DB
:20C560000000000000000000000000000000000000000000000000000000000000000000BB
:20C5800000000000000000000000000000000000000000000000000000000000000000009B
:20C5A00000000000000000000000000000000000000000000000000000000000000000007B
:20C5C00000000000000000000000000000000000000000000000000000000000000000005B
:20C5E00000000000000000000000000000000000000000000000000000000000000000003B
:20C6000000000000000000000000000000000000000000000000000000000000000000001A
:20C620000000000000000000000000000000000000000000000000000000000000000000FA
:20C640000000000000000000000000000000000000000000000000000000000000000000DA
:20C660000000000000000000000000000000000000000000000000000000000000000000BA
:20C6800000000000000000000000000000000000000000000000000000000000000000009A
:20C6A00000000000000000000000000000000000000000000000000000000000000000007A
:20C6C00000000000000000000000000000000000000000000000000000000000000000005A
:20C6E00000000000000000000000000000000000000000000000000000000000000000003A
:20C70000000000000000000000000000000000000000000000000000000000000000000019
:20C720000000000000000000000000000000000000000000000000000000000000000000F9
:20C740000000000000000000000000000000000000000000000000000000000000000000D9
:20C760000000000000000000000000000000000000000000000000000000000000000000B9
:20C78000000000000000000000000000000000000000000000000000000000000000000099
:20C7A000000000000000000000000000000000000000000000000000000000000000000079
:20C7C000000000000000000000000000000000000000000000000000000000000000000059
:20C7E000000000000000000000000000000000000000000000000000000000000000000039
:20C80000000000000000000000000000000000000000000000000000000000000000000018
:20C820000000000000000000000000000000000000000000000000000000000000000000F8
:20C840000000000000000000000000000000000000000000000000000000000000000000D8
:20C860000000000000000000000000000000000000000000000000000000000000000000B8
:20C88000000000000000000000000000000000000000000000000000000000000000000098
:20C8A000000000000000000000000000000000000000000000000000000000000000000078
:20C8C0000020DFF8201A08800020DFF81C1A08800020DFF8181A08700020DFF8041D0870B9
:20C8E000704780B5DFF8FC1CDFF8FC0CF4F7C2F8DFF8F0190880DFF8EC09008800285CD0C9
:20C90000DFF8E00C0078582831D1DFF8D80CC07958282CD1DFF8CC090288DFF8C81CDFF821
:20C92000CC0C007902F06CFD00285DD002F0C8FDDFF8BC2CDFF8AC1CDFF8B00C007902F0E3
:20C94000C1FDDFF8A4190880DFF89C090288DFF8A01CDFF8940CF4F7D4F80020DFF888199E
:20C960000880EFF7DAFF0D20EFF70DF83CE0DFF8740C0078512809D1DFF868090088012821
:20C9800004D10120DFF86C1C08702DE000F007FC002829D000F026FCDFF84C090288DFF80A
:20C9A000501CDFF8440CF4F7ACF80020DFF8381908800D20EEF7E7FF16E0DFF8380C007804
:20C9C00000280ED00020DFF82C1C0870DFF8282CDFF81C1CDFF80C0C00F008F8DFF8081989
:20C9E00008800D20EFF74CF801BD00002DE9F0472DED028B88B004000E0015004FF47A7119
:20CA0000DFF8EC0BF0F728FFDFF8E40B0600DFF8EC0B0278DFF8E81B3000F3F79BFAADF8F8
:20CA20001A00BDF81A00DFF8DC1B0880DFF8D40B00880644DFF8D01B3000F3F78BFAADF829
:20CA40001A00DFF8C00B0088BDF81A100818DFF8B41B0880BDF81A000644DFF8900B8079E1
:20CA6000002800F0A1800020ADF81800BDF81800DFF8881B097889B2884280F03681DFF8D5
:20CA80008C0BBDF8181009010844F3F7E7FCADF81C00DFF8780BBDF8181009010844801D14
:20CAA000F3F7DCFCADF81E00DFF8600BBDF8181009010844C07A012803D19FEDE40AB0EE2D
:20CAC000408ADFF8480BBDF8181009010844C07A002803D1B7EE000AB0EE408ADFF82C0BD4
:20CAE000BDF8181009010844C07A022803D1B7EE000AB0EE408ADFF8140BBDF818100901D7
:20CB00000844C07A032803D19FEDDF0AB0EE408ADFF8F80ABDF8181009010844C07A042841
:20CB200003D19FEDDA0AB0EE408ABDF81870BDF81E80BDF81890BDF81CA018EE100A02F0D9
:20CB40006FFFCDE90401DFF8C40ABFB239010844801D02901FFA88F8CDF80480DFF8AC0A72
:20CB60001FFA89F95FEA0911084400901FFA8AFA5346BDF81820DFF8981A3000F3F7EAF932
:20CB8000ADF81A00DFF87C0A0088BDF81A100818DFF8701A0880BDF81A000644BDF8180023
:20CBA000401CADF8180061E70020ADF81800BDF81800DFF8481A097889B2884280F0958026
:20CBC000DFF8480ABDF8181009010844F3F746FCADF81C00DFF8340ABDF8181009010844C4
:20CBE000801DF3F73BFCADF81E00DFF8200ABDF8181009010844C07A012803D19FEDDC0AD7
:20CC0000B0EE408ADFF8040ABDF8181009010844C07A002803D19FEDD70AB0EE408ADFF8B2
:20CC2000EC09BDF8181009010844C07A022803D19FEDD10AB0EE408ADFF8D009BDF8181038
:20CC400009010844C07A032803D19FEDCC0AB0EE408ADFF8B809BDF8181009010844C07A76
:20CC6000042803D19FEDE40AB0EE408ABDF81870BDF81E80BDF81890BDF81CA018EE100A54
:20CC800002F0CEFECDE90401DFF88009BFB239010844801D02901FFA88F8CDF80480DFF8DC
:20CCA0006C091FFA89F95FEA0911084400901FFA8AFA5346BDF81820DFF8281C3000F3F7CD
:20CCC00049F9ADF81A00DFF83C090088BDF81A100818DFF830190880BDF81A000644BDF83A
:20CCE0001800401CADF8180061E74022DFF8F81B3000F3F72FF9ADF81A00DFF808090088FE
:20CD0000BDF81A100818DFF8FC180880BDF81A000644DFF8D81B3000F3F71CF9ADF81A00D0
:20CD2000DFF8E0080088BDF81A100818DFF8D4180880BDF81A0006440020ADF81800BDF8B7
:20CD40001800102853DABDF81800DFF8A41B097889B2884230D2DFF89C0B0068BDF81810A8
:20CD6000112251430844401CF3F778FBADF81C00BDF81800BDF81C30DFF8781B096880B24B
:20CD8000112250430844401C00909BB2BDF81820DFF8641B3000F3F7DDF8ADF81A00DFF880
:20CDA00064080088BDF81A100818DFF858180880BDF81A00064414E0BDF81820DFF83C1B89
:20CDC0003000F3F7C7F8ADF81A00DFF838080088BDF81A100818DFF82C180880BDF81A00AB
:20CDE0000644BDF81800401CADF81800A7E70020ADF81800BDF81800102860DABDF818008C
:20CE0000DFF8FC1A097889B2884233D2DFF8F40A0068BDF818100C2251430844F3F71EFB6F
:20CE2000ADF81C00BDF81800BDF81C30DFF8D41A096880B20C225043084400909BB2BDF85C
:20CE4000180010F11002DFF8B01A01E0CDCCCC3D3000F3F77FF8ADF81A00DFF8A807008825
:20CE6000BDF81A100818DFF89C170880BDF81A0006441EE00420ADF81C00BDF8180010F1D7
:20CE80001002DFF8841A03E00AD7233C6F12833A3000F3F75FF8ADF81A00DFF868070088AC
:20CEA000BDF81A100818DFF85C170880BDF81A000644BDF81800401CADF818009AE7002001
:20CEC000ADF81800DFF83C070088FF2190FBF1F0401CBDF81810814230DADFF828070088D3
:20CEE000BDF81810FF2202FB1100FF2803DBFF20ADF81A0009E0DFF80C070088BDF818100B
:20CF0000FF2202FB1100ADF81A00BDF81A2092B2DFF8DC06BDF81810FF2359430144DFF880
:20CF2000C806F3F7EEFDEFF7F8FCC820EEF725FEBDF81800401CADF81800C3E7DFF8B00667
:20CF400006000020DFF8BC1608804FF47A71DFF8A006F0F781FC0020ADF81800BDF81800C1
:20CF6000202880F28680BDF81800DFF89C1C07E0E5FF1F3BF9FF473DFE7FD83EDEFFC73C81
:20CF8000097889B2884274D2BDF8180000286AD0DFF8780C0068BDF81810142251430844E0
:20CFA000407C202845DBDFF8640C0068BDF81810142251430844407C40283ADADFF84C0C44
:20CFC0000068BDF81810142251430844401CF3F745FAADF81C00BDF81800BDF81C30DFF80B
:20CFE0002C1C096880B2142250430844401C00909BB2DFF8180C01E04201003A0068BDF882
:20D000001810142251430844427CDFF8041C3000F2F7A0FFADF81A00DFF8E8050088BDF8A5
:20D020001A100818DFF8DC150880BDF81A00064419E00420ADF81C00BDF8180010F120026F
:20D04000DFF8D01B3000F2F785FFADF81A00DFF8B4050088BDF81A100818DFF8A81508807F
:20D06000BDF81A000644BDF81800401CADF8180074E70222DFF8A01B3000F2F76BFFADF878
:20D080001A00DFF880050088BDF81A100818DFF874150880BDF81A000644DFF85018300023
:20D0A000F2F758FFADF81A00DFF858050088BDF81A100818DFF84C150880BDF81A000644DD
:20D0C0000022DFF8581B3000F2F744FFADF81A00DFF830050088BDF81A100818DFF8241526
:20D0E0000880BDF81A0006440122DFF8741C3000F2F730FFADF81A00DFF808050088BDF8DD
:20D100001A100818DFF8FC140880BDF81A0006440020ADF81800DFF8EC040088FF2190FB66
:20D12000F1F0401CBDF81810814230DADFF8D4040088BDF81810FF2202FB1100FF2803DBC0
:20D14000FF20ADF81A0009E0DFF8B8040088BDF81810FF2202FB1100ADF81A00BDF81A2033
:20D1600092B2DFF88C04BDF81810FF2359430144DFF87404F3F7C5FCEFF7CFFBC820EEF7AD
:20D18000FCFCBDF81800401CADF81800C3E7DFF87404008808B0BDEC028BBDE8F08780B5F1
:20D1A00050480188DFF83C04F0F752FE002801D0002016E0DFF82C040078DFF8141D0870F2
:20D1C000DFF820044078DFF818140870DFF81C040079DFF8FC1C0978884201D0002000E0A6
:20D1E000012002BD80B5DFF8F8030078012812D002281BD0032824D004282DD0052836D035
:20D20000062846D00C284CD00F283AD0102850D0302856D05DE0DFF8E023DFF8D413DFF8B7
:20D22000C40300F083F83049088059E0DFF8C823DFF8BC13DFF8AC0300F0ECF92A490880C4
:20D240004EE0DFF8B423DFF8A813DFF8980300F04DFE2549088043E0DFF89C23DFF890138A
:20D26000DFF8800300F05CFB1F49088038E0DFF88823DFF87C13DB4800F0D2FC1A49088051
:20D280002EE0DD4ADA49D74800F07CFD1649088026E0D94AD649D34800F066FD124908802E
:20D2A0001EE0D54AD249CF4801F070F90E49088016E0D14ACE49CB4801F054FD0A4908808E
:20D2C0000EE0CD4ACA49C74802F096F80649088006E0C74A0121C34800F00AF802490880E7
:20D2E000002002BD226E0020246E0020746E00202DE9F04104000D001600207830702078AD
:20D3000050F080007070B57003200700390089B23000F0F79DFD804686F80380404680B27A
:20D32000000A3071B81C80B2BDE8F0812DE9F64F91B004005FF000095FF0000A002500268A
:20D34000A01CDFF8901B0860DFF8880B00680078DFF8841B0880DFF87C0B0068401CDFF8E6
:20D36000741B0860DFF8700B00880002DFF8681B0880DFF8640B0088DFF8581B09680978EE
:20D380000843DFF8541B0880DFF8480B0068401CDFF8401B0860DFF83C0B00680078DFF817
:20D3A0003C1B0880DFF82C0B0068401CDFF8241B0860DFF8280B00880002DFF8201B088010
:20D3C000DFF8180B0088DFF80C1B096809780843DFF8081B0880DFF8FC0A0068401CDFF896
:20D3E000F41A0860DFF8F00A0088402805DB119A02212000FFF77CFFEEE0DFF8DC0A0088A4
:20D40000DFF8D81A09880818412807DBDFF8C80A0088D0F14000DFF8C41A0880DFF8B00A47
:20D420000078734908706E48007871494870DFF8AC0A008880B2C0086D498870DFF89C0A66
:20D440000088082190FBF1F201FB1200002804D067488078401C6649887003208246DFF837
:20D46000780A0088082190FBF1F00600032081465F488078F6B23018C01C814506DA0020EC
:20D480005B4901F8090019F10109F1E7002080464746DFF84C0A00780743DFF8440A4078BB
:20D4A00057EA0027DFF83C0A0068008857EA0047DFF8340A007850EA0808DFF82C0A4078D3
:20D4C00058EA0028DFF8200A807858EA0048DFF8180AC07858EA006800208146B9F1040FE0
:20D4E0000ADADFF8FC0948440079DFF8FC1901F8090019F10109F1E700208146B9F1200FCD
:20D500000ADA380030FA09F010F00100694601F8090019F10109F1E700208146B9F1200F6E
:20D520000BDA404630FA09F010F001006946494481F8200019F10109F0E7DFF89C09008898
:20D540008146DFF894090088DFF890190988081881452ADADFF880090088B9EB0000082158
:20D5600090FBF1F005005AFA85F040281DDA684610F80900002815D0DFF85C090088B9EBDE
:20D58000000008211A4A5AFA85F3D25C012390FBF1FC01FB1C0013FA00F0104314495AFA4F
:20D5A00085F2885419F10109CBE7114880781AEB000A5046010089B20D48F0F749FC8346D6
:20D5C0000B4800F80AB0584680B2000A0849514448701AF1020080B213B0BDE8F08F0000A8
:20D5E000756E00208049002000380140246C0020304E0020766E0020FC6400209304010854
:20D60000386A0208266E002028690208585B0208B46802082DE9F64F91B004005FF0000934
:20D620005FF0000A00250026A01CDFF8A8180860DFF8A00800680078DFF89C180880DFF842
:20D6400094080068401CDFF88C180860DFF8880800880002DFF880180880DFF87C080088BC
:20D66000DFF87018096809780843DFF86C180880DFF860080068401CDFF858180860DFF8A2
:20D68000540800680078DFF854180880DFF844080068401CDFF83C180860DFF84008008862
:20D6A0000002DFF838180880DFF830080088DFF82418096809780843DFF820180880DFF864
:20D6C00014080068401CDFF80C180860DFF808080088402805DB119A02212000FFF708FE66
:20D6E000FCE0DFF8F4070088DFF8F01709880818412807DBDFF8E0070088D0F14000DFF8FC
:20D70000DC170880DFF8C8070078DFF8301E0870DFF850060078DFF8241E4870DFF8BC07C3
:20D72000008880B2C008DFF8141E8870DFF8AC070088082190FBF1F201FB1200002806D0B1
:20D74000DFF8F80D8078401CDFF8F01D887003208246DFF884070088082190FBF1F006004D
:20D7600003208146DFF8D40D8078F6B23018C01C814507DA0020DFF8C41D01F8090019F1B8
:20D780000109EFE7002080464746DFF8540700780743DFF84C07407857EA0027DFF84407D6
:20D7A0000068008857EA0047DFF83C07007850EA0808DFF83407407858EA0028DFF82807DB
:20D7C000807858EA0048DFF82007C07858EA006800208146B9F1040F0ADADFF804074844F1
:20D7E0000079DFF8041701F8090019F10109F1E700208146B9F1200F0ADA380030FA09F0D1
:20D8000010F00100694601F8090019F10109F1E700208146B9F1200F0BDA404630FA09F01C
:20D8200010F001006946494481F8200019F10109F0E7DFF8A40600888146DFF89C06008856
:20D84000DFF898160988081881452CDADFF888060088B9EB0000082190FBF1F005005AFA47
:20D8600085F040281FDA684610F80900002817D0DFF864060088B9EB00000821DFF8BC2CAF
:20D880005AFA85F3D25C012390FBF1FC01FB1C0013FA00F01043DFF8A41C5AFA85F288544C
:20D8A00019F10109C9E7DFF8940C80781AEB000A5046010089B2DFF8840CF0F7C9FA83467A
:20D8C000DFF8780C00F80AB0584680B2000ADFF86C1C514448701AF1020080B213B0BDE80E
:20D8E000F08F000044690208506A0208686A0208526E0020186D0020186E0208286E02089D
:20D90000536E00201C6D0020386E020802004FF4006303FB02F393FBF1F3180000B270473F
:20D920002DE9F74F2DED028B824600241AF10200DFF8A0150860DFF89C0500680078DFF8C8
:20D9400098150880DFF88C050068401CDFF884150860DFF8840500880002DFF87C150880B4
:20D96000DFF874050088DFF86C15096809780843DFF864150880DFF85C050068401CDFF88F
:20D9800054150860DFF84C0500680078DFF84C150880DFF840050068401CDFF83815086082
:20D9A000DFF8380500880002DFF830150880DFF82C050088DFF81C15096809780843DFF879
:20D9C0001C150880DFF80C050068401CDFF804150860DFF86C0B0078DFF8FC14098880B21A
:20D9E000884205D2039A02215046FFF781FC06E1DFF84C0B0078DFF8E0140988DFF8DC24FD
:20DA000012885118884209DADFF8340B0078DFF8C8140988401ADFF8C4140880DFF8B00468
:20DA20000078DFF8181B0870CE480078DFF80C1B4870DFF8A8040088C0B24000DFF8FC1AFE
:20DA40008870DFF8000B070000200400DFF8F80A8079002800F09080DFF87C04B0F90000C7
:20DA6000060036B2DFF870040088DFF8701409880818864280F2A780DFF8D00A36B23101AD
:20DA80000844C07A012811D13868DFF8C41A09684843F6F799FD0022DFF8B83AFBF70AF941
:20DAA00001F0E6FF08EE100A3F1D4EE0DFF89C0A36B231010844C07A002811D13868DFF858
:20DAC000981A09684843F6F77FFD0022DFF88C3AFBF7F0F801F0CCFF08EE100A3F1D34E05A
:20DAE000DFF8680A36B231010844C07A022821D13868DFF85C1A09684843F6F75BFD0022D1
:20DB0000DFF8503AFBF7D6F880468946DFF8480A0068F6F74FFD42464B46F6F763FD0022FD
:20DB2000DFF83C3AFBF7C6F801F0A2FF08EE100A3F1D0AE038680A2190FBF1F000EE100AC1
:20DB4000B8EEC00AB0EE408A3F1DBDEEC80A10EE100A80B2000ADFF8E419E4B22144C870B9
:20DB6000BDEEC80A10EE100ADFF8D019E4B221440871A41C761C74E7D748B0F90000060061
:20DB800036B2D5480088D5490988081886421ADADFF8B80936B231010844C1683868FFF7B0
:20DBA000B5FE05003F1D280080B2000ADFF88C19E4B22144C870DFF88409E4B2204405716A
:20DBC000A41C761CDCE7DFF874098470E4B2E11C89B2DFF86809F0F73BF98346DFF85C09B2
:20DBE000E4B2204480F803B0584680B2000ADFF84C19E4B221440871E4B2601D80B2BDEC88
:20DC0000028BBDE8FE8F0000516E0020146D0020486E0208586E0208806A0208006C0208CB
:20DC2000F8B504000D001600A01CAA490860A94800680078DFF82C190880A6480068401CD2
:20DC4000A4490860DFF81C0900880002DFF814190880DFF8100900889E49096809780843C1
:20DC6000DFF8001908809B480068401C99490860984800680078DFF8F018088095480068CF
:20DC8000401C94490860934800680078DFF8DC18088090480068401C8E490860904840786A
:20DCA000C00705D52A0007212000FFF721FB55E0DFF8B8080088CC2807D108273A00210095
:20DCC0002800F1F72BFE082048E0DFF898080088002835D1DFF890080088002802D0FF2876
:20DCE0000FD02DE00520EDF74EFE4FF4FA70EDF744FF0520EDF7C4FE01210D20F0F74FFEC1
:20DD00001EE0DFF86C08006850F48060DFF8601808600620EDF737FE4FF4FA70EDF72DFF7B
:20DD20000620EDF7ADFEDFF84808006830F48060DFF83C18086001210D20F0F730FEFFE7BE
:20DD4000DFF820080088012801D1FAF70BFF08273A0021002800F1F7E1FD0820F2BD0000F7
:20DD6000146C0208756E0020F8B504000D001600FAF7F8FE08273A0021002800F1F7CEFDF6
:20DD80000820F2BDF8B504000D001600A01C51490860504800680078DFF8D81708804D48BF
:20DDA0000068401C4B490860DFF8C80700880002DFF8C0170880DFF8BC070088454909681C
:20DDC00009780843DFF8AC17088042480068401C404908603F4800680078DFF89C1708809D
:20DDE0003C480068401C3B490860DFF88C0700880002DFF884170880DFF87C0700883549A1
:20DE0000096809780843DFF87017088031480068401C30490860DFF85C070088002808D0FF
:20DE2000DFF858070078DFF84C17098880B2884205D22A0002212000FFF75AFA46E0DFF8E2
:20DE400034070088401EDFF82C17088041F28830DFF82C1708804FF4FA70DFF82817088027
:20DE6000DFF814070088B0F57F4F0BD0DFF808070088FF2806D0DFF8000700884FF6FF7154
:20DE800088420AD1DFF80007DFF8E816098811225143405CEDF777FD11E0DFF8DC060088AC
:20DEA00000280AD1DFF8E006DFF8C816098811225143405CEDF7E4FD01E0002006E008271E
:20DEC0003A0021002800F1F729FD0820F2BD0000746E0020706D0020286E00202A6E00206D
:20DEE000606C0020206D0020406D00202DE9FE4F04000D001600A01CDFF81C1E0860DFF826
:20DF0000180E00680078DFF8141E0880DFF8080E0068401CDFF8001E0860DFF8000E0088EF
:20DF20000002DFF8F81D0880DFF8F00D0088DFF8E81D096809780843DFF8E01D0880DFF8C3
:20DF4000D80D0068401CDFF8D01D0860DFF8C80D00680078DFF8C81D0880DFF8BC0D006814
:20DF6000401CDFF8B41D0860DFF8B40D00880002DFF8AC1D0880DFF8A80D0088DFF8981D4B
:20DF8000096809780843DFF8981D0880DFF8880D0068401CDFF8801D0860DFF87C0D05605F
:20DFA000DFF8800D0078DFF8701D09680870DFF8680D0068401CDFF8601D08600320DFF872
:20DFC000581D09680870DFF8500D0068401CDFF8481D0860DFF8440D008832287CDADFF810
:20DFE0003C0D0088DFF85815097889B2884205D32A0002212000FFF77BF988E2DFF8400551
:20E000000078DFF8181D0988DFF8142D12885118884209DADFF828050078DFF8001D098822
:20E02000401ADFF8FC1C0880DFF8F40C00884000DFF8F41C0880DFF8F00C0088DFF8D81CDB
:20E0400009680870DFF8D00C0068401CDFF8C81C0860DFF8F0048146DFF8C00C0088DFF8A9
:20E06000CC1C0880DFF8C40C0088DFF8B41C0988884280F03F82DFF8D404DFF8B01C0988EB
:20E0800009010844C168D9F80000FFF73FFC824619F10409504680B2000ADFF87C1C09686E
:20E0A0000870DFF8740C0068401CDFF86C1C0860DFF8640C006880F800A0DFF85C0C006898
:20E0C000401CDFF8541C0860DFF8600C0088401CDFF8581C0880C5E7DFF8400C008850286C
:20E0E0006CD10620DFF8401C0880DFF83C0C0088DFF8241C09680870DFF81C0C0068401C98
:20E10000DFF8141C0860DFF8280C0068007ADFF8081C09680870DFF8000C0068401CDFF841
:20E12000F81B0860DFF8080C0068407ADFF8E81B09680870DFF8E00B0068401CDFF8D81B44
:20E140000860DFF8EC0B0068807ADFF8CC1B09680870DFF8C40B0068401CDFF8BC1B086000
:20E16000DFF8CC0B0068C07ADFF8AC1B09680870DFF8A40B0068401CDFF89C1B0860DFF8B1
:20E18000B00B0068007BDFF8901B09680870DFF8880B0068401CDFF8801B0860DFF8900BFC
:20E1A0000068407BDFF8701B09680870DFF8680B0068401CDFF8601B08609BE1DFF85C0B6F
:20E1C000008855281FD1DFF86C0BF2F747F98346DFF8640BF2F742F9DFF8601B098802912A
:20E1E000DFF8501B0191CDF800B0DFF84C3B0200DFF84C1BDFF8200B0068F1F7ABFEDFF866
:20E20000281B088076E1DFF8140B008860282CD10220DFF8141B0880DFF80C0B0088DFF8DC
:20E22000F81A09680870DFF8F00A0068401CDFF8E81A08600020DFF8E01A09680870DFF85C
:20E24000D80A0068401CDFF8D01A0860DFF8F40A0078DFF8C41A09680870DFF8BC0A0068FF
:20E26000401CDFF8B41A086044E1DFF8B00A0088FA2880F2A180DFF8A40A00886438DFF8C2
:20E280009C1A0880DFF8940A0088DFF8BC1A097889B2884205D32A0002212000FFF728F8B5
:20E2A00035E1DFF8A40A0078DFF8701A0988DFF8702A12885118884205DA2A0002212000CF
:20E2C000FFF716F823E1DFF8580A00884C2805DB2A0002212000FFF70BF818E1DFF8400AA1
:20E2E000008880B24000DFF8401A0880DFF8380A0088DFF8241A09680870DFF81C0A006867
:20E30000401CDFF8141A0860DFF8140A0088DFF80C1A09880818DFF8081A0880DFF82C0A7B
:20E32000C078002803D1DFF8280A070010E0DFF81C0AC078012803D1DFF8180A070007E090
:20E34000DFF8080AC078022802D1DFF80C0A0700DFF8C8090088DFF8D4190880DFF8CC0983
:20E360000088DFF8BC190988884280F0C38038888046BF1C404680B2000ADFF89C1909683B
:20E380000870DFF894090068401CDFF88C190860DFF88409006880F80080DFF87C09006861
:20E3A000401CDFF874190860DFF880090088401CDFF878190880D1E7DFF860090088B0F5DC
:20E3C0009670DFF858190880DFF850090088DFF88C19097889B2884205D32A000221200068
:20E3E000FEF786FF93E0DFF874090078DFF82C190988DFF82C2912885118884209DADFF804
:20E400005C090078DFF814190988401ADFF810190880DFF80C0900884000DFF80C19088070
:20E42000DFF804090088DFF8F01809680870DFF8E8080068401CDFF8E0180860DFF8E00827
:20E440000088DFF8D81809880818DFF8D4180880DFF8C8080088DFF8D4180880DFF8CC084C
:20E460000088DFF8BC180988884243D2DFF8F008006800880121DFF8B428128891400842B0
:20E4800018D00020DFF8901809680870DFF888080068401CDFF8801808605520DFF878182E
:20E4A00009680870DFF870080068401CDFF86818086017E00020DFF8601809680870DFF87B
:20E4C00058080068401CDFF850180860AA20DFF8481809680870DFF840080068401CDFF8CD
:20E4E00038180860DFF844080088401CDFF83C180880B3E7DFF830080088C11C89B2280039
:20E50000EEF7E6FBDFF820080088401D80B2BDE8FE8F0100C9B20A20C9B20A2291FBF2F230
:20E5200091FBF0F300FB131050EA0210DFF8BC2D1070DFF8B80D007870470000304E002059
:20E5400093040108F4690020246C0020585B0208586D0020000059405C6D002000408F40BB
:20E560000088C3402C6E00202E6E0020306E00208C6C0020326E0020346E00200F8F01089B
:20E58000EA6D0020DC6D00202C6302082DE9F84304000D001600DFF8580D0560DFF8540DB1
:20E5A0004079DFF8501D097A88422FD10120DFF8481D0870DFF86C070078DFF8341D0968E1
:20E5C0000870DFF82C0D0068401CDFF8241D08600C20DFF81C1D09680870DFF8140D0068EA
:20E5E000401CDFF80C1D08600020DFF8041D09680870DFF8FC0C0068401CDFF8F41C086064
:20E6000003212800EEF764FB052082E3DFF8E40CDFF8E01C49790A22514308440A30070037
:20E620000020DFF8D81C0870DFF8D00C0078DFF8D01C0978884214D27878DFF8501D0968B3
:20E64000DFF8B82C127814235A431144497C884207D0DFF8A80C0078401CDFF8A01C08707C
:20E66000E2E7DFF8C0060078DFF8841C09680870DFF87C0C0068401CDFF8741C08600C203E
:20E68000DFF86C1C09680870DFF8640C0068401CDFF85C1C08600F20DFF8541C0968087011
:20E6A000DFF84C0C0068401CDFF8441C08607888DFF8DC1C0880DFF8D80C0088642190FB1E
:20E6C000F1F0DFF82C1C09680870DFF8240C0068401CDFF81C1C0860DFF8B40C008864216B
:20E6E00090FBF1F201FB1200C0B2DFF8A41C0880DFF89C0C0088C0B2FFF70BFFDFF8F01BB2
:20E7000009680870DFF8E80B0068401CDFF8E01B08603879DFF8D81B09680870DFF8D00B32
:20E720000068401CDFF8C81B08607879DFF8C01B09680870DFF8B80B0068401CDFF8B01B67
:20E740000860B879DFF8A81B09680870DFF8A00B0068401CDFF8981B0860F879DFF8901B72
:20E7600009680870DFF8880B0068401CDFF8801B0860387ADFF8781B09680870DFF8700B51
:20E780000068401CDFF8681B0860787ADFF8001C0880DFF8FC0B0088B0F5FA6F07DBDFF859
:20E7A000F00B0088B0F5FA60DFF8E41B0880787ADFF83C1B09680870DFF8340B0068401C96
:20E7C000DFF82C1B086078780F2806DB78782F2803D078783F2840F08F800120DFF8101BD8
:20E7E00009680870DFF8080B0068401CDFF8001B08607878DFF8F81A09680870DFF8F00A95
:20E800000068401CDFF8E81A0860387800280CD0FF20DFF8DC1A09680870DFF8D40A00684D
:20E82000401CDFF8CC1A08600BE00020DFF8C01A09680870DFF8B80A0068401CDFF8B01AB4
:20E8400008600020DFF8A81A09680870DFF8A00A0068401CDFF8981A08600020DFF8901AD7
:20E8600009680870DFF8880A0068401CDFF8801A08600020DFF8781A09680870DFF8700AE6
:20E880000068401CDFF8681A0860DFF8680A4079401CDFF8601A4871DFF8580A4079232155
:20E8A00090FBF1F201FB1200DFF8481A4871DFF8440A4079DFF83C1A097A884210D1012090
:20E8C000DFF8341A08700020DFF8241A09680870DFF81C0A0068401CDFF8141A08600BE064
:20E8E000FF20DFF80C1A09680870DFF8040A0068401CDFF8FC19086078782028C0F26C813F
:20E9000078782F2880F268810220DFF8E41909680870DFF8DC090068401CDFF8D4190860CA
:20E9200078781F38DFF8C81909680870DFF8C0090068401CDFF8B8190860387800280CD0C7
:20E94000FF20DFF8AC1909680870DFF8A4090068401CDFF89C1908600BE00020DFF890194C
:20E9600009680870DFF888090068401CDFF880190860DFF8180A0068DFF880190978142222
:20E9800051430844807C00285BD10020DFF8601909680870DFF858090068401CDFF85019B2
:20E9A00008600020DFF8481909680870DFF840090068401CDFF8381908600020DFF83019FA
:20E9C00009680870DFF828090068401CDFF820190860DFF820094079401CDFF81819487134
:20E9E000DFF810094079232190FBF1F201FB1200DFF800194871DFF8FC084079DFF8F4188E
:20EA0000097A884210D10120DFF8EC1808700020DFF8DC1809680870DFF8D4080068401C09
:20EA2000DFF8CC180860D7E0FF20DFF8C41809680870DFF8BC080068401CDFF8B4180860D7
:20EA4000CAE00020DFF8481908800020DFF8441908700020DFF840190880DFF83C090088E4
:20EA6000232863DADFF824090068DFF83019DFF82829128812011144097B142251430844BE
:20EA8000407C7978884249D1DFF81009DFF8081909880901084412308046DFF85808DFF800
:20EAA000541849790A22514308440C3081460020DFF8EC180870DFF8E8080078082811DA4C
:20EAC000404610F10108494611F1010900780978884207D1DFF8C8080078401CDFF8C01846
:20EAE0000870E8E7DFF8B8080078082816D1DFF8AC08DFF8A418098809010844008ADFF843
:20EB000090180880DFF89408DFF88C18098809010844C07BDFF87C18087007E0DFF8780894
:20EB20000088401CDFF87018088096E7DFF8C0070368DFF85C080288DFF858080178DFF838
:20EB40004C080068DFF8B4C79CF800C05FF0140E0EFB0CFC6044C07C00F09EFBDFF89407F6
:20EB60004079401CDFF88C174871DFF888074079232190FBF1F201FB1200DFF8781748714F
:20EB8000DFF86C070068C01CDFF864170860DFF864074079DFF85C17097A884210D1012099
:20EBA000DFF8541708700020DFF8441709680870DFF83C070068401CDFF8341708600BE00D
:20EBC000FF20DFF82C1709680870DFF824070068401CDFF81C17086078783028C0F29480CD
:20EBE00078783F2880F290800320DFF8041709680870DFF8FC060068401CDFF8F416086058
:20EC000078783038DFF8E81609680870DFF8E0060068401CDFF8D8160860387800280CD07C
:20EC2000FF20DFF8CC1609680870DFF8C4060068401CDFF8BC1608600BE00020DFF8B016F5
:20EC400009680870DFF8A8060068401CDFF8A01608600020DFF8981609680870DFF8900692
:20EC60000068401CDFF8881608600020DFF8801609680870DFF878060068401CDFF8701607
:20EC800008600020DFF8681609680870DFF860060068401CDFF858160860DFF85806407912
:20ECA000401CDFF850164871DFF848064079232190FBF1F201FB1200DFF838164871DFF8AF
:20ECC00034064079DFF82C16097A884210D10120DFF8241608700020DFF814160968087046
:20ECE000DFF80C060068401CDFF8041608600BE0FF20DFF8FC1509680870DFF8F4050068FB
:20ED0000401CDFF8EC15086012212800EDF7E0FF1420BDE8F2830000706D0020286E002038
:20ED20002A6E0020746E0020386E0020366E0020246D0020486C0208386C0208FC6D0020E9
:20ED4000E8700208446D0020546E0020506C0020B0660020D468002060670020536E002068
:20ED6000206D00202DE9F84F82460C0015001AF10200DFF830160860DFF828060068007829
:20ED8000DFF824160880DFF81C060068401CDFF814160860DFF8100600880002DFF8081648
:20EDA0000880DFF804060088DFF8F815096809780843DFF8F4150880DFF8E8050068401C51
:20EDC000DFF8E0150860DFF8DC0500680078DFF8DC150880DFF8CC050068401CDFF8C415FB
:20EDE0000860DFF8C80500880002DFF8C0150880DFF8B8050088DFF8AC1509680978084358
:20EE0000DFF8A8150880DFF89C050068401CDFF894150860DFF88C0500680078DFF89015EE
:20EE20000880DFF880050068401CDFF878150860DFF874050088502880F2C880DFF86C050C
:20EE40000088062804D1DFF8680500880C2805D0220002215046FEF74BFA1BE2DFF8440520
:20EE600000680078DFF844150880DFF838050068401CDFF830150860DFF830050088000208
:20EE8000DFF828150880DFF824050088DFF81415096809780843DFF814150880DFF80405A9
:20EEA0000068401CDFF8FC140860DFF8000500884FF47A7110FB01F0DFF8F0140880DFF877
:20EEC000EC0400882870DFF8E404008880B2000A6870DFF8D0040068401CDFF8C81408603D
:20EEE000DFF8C00400680078A870DFF8B8040068401CDFF8B0140860DFF8A8040068401CDE
:20EF0000DFF8A0140860DFF89C0400680078E870DFF890040068401CDFF888140860DFF86E
:20EF200084040068401CDFF87C140860DFF87404006800786871DFF86C040068401CDFF8CC
:20EF400064140860DFF85C040068401CDFF854140860DFF8500400680078A871DFF84404EC
:20EF60000068401CDFF83C140860DFF8380400680078DFF838140880DFF828040068401CD9
:20EF8000DFF820140860DFF8240400880002DFF81C140880DFF814040088DFF8081409680B
:20EFA00009780843DFF804140880DFF8F8030068401CDFF8F0130860DFF8F0030088303084
:20EFC000E8710021280000F09DF957E1DFF8D8030088512815D1DFF8D8030088552840F051
:20EFE0004D81EAF761FE0920F0F76CF85FF00709DFF8C0B34A4659462000F0F78FFC0720FE
:20F0000048E1DFF8A4030088602807D1DFF894030068401CDFF88C1308602FE1DFF88803DF
:20F020000088FA2880F29B80DFF884030088DFF87C130988B0EB410F05D022000221504621
:20F04000FEF756F926E1DFF8600300886438DFF858130880DFF850030088DFF85C130978C4
:20F0600089B2884205D3220002215046FEF740F910E1DFF844030078DFF82C130988DFF8A5
:20F080002C2312885118884205DADFF82C030078C649088006E0C5480088C3490988081828
:20F0A000C2490880C5480700BF480088C4490880C3480088BD490988884225D2B948006831
:20F0C0000078C0490880B7480068401CB5490860BC4800880002BB490880BA480088B14960
:20F0E000096809780843B7490880AE480068401CAC490860B34800883880BF1CB04800889E
:20F10000401CAF490880D3E745F6A520AE490880AA4806005A20AD490880AC480188C9B2F2
:20F120003000EEF775FEA849A1F86800A648F0F7F3F9002805D1220003215046FEF7D8F8F5
:20F14000A8E0A34801780120F0F7A6FA002840F09580220003215046FEF7CAF89AE09248C7
:20F160000088B0F59670904908808F4800889949097889B2884205D3220002215046FEF78C
:20F18000B7F887E09348007887490988874A12885118884205DA220002215046FEF7A8F8B8
:20F1A00078E0824800888049098808187F4908808948C078002802D1884880460FE0864884
:20F1C000C078012802D18648804608E08248C078022802D18348804601E08048804618F177
:20F1E00004087148008876490880754800886F49098888423DD26B480068401C6949086083
:20F200006848006800787849088066480068401C6449086074480088552810D15A206849C1
:20F22000098808F801007148006800880121644A1288914008436D490968088013E06A48B9
:20F240000088AA280FD1A5205D49098808F801006648006800880121594A128891408843DE
:20F2600062490968088056480088401C54490880BBE75948C078801CEFF724FF5FF00609C5
:20F280004A4651462000F0F749FB06212000EDF71FFD0820BDE8F28F70B492B24FF48075C7
:20F2A00005FB02F56426B5FBF6F52C00504D2B602500ADB22D0A4E4E366835704C4D2D6816
:20F2C0006D1C4B4E35604A4D2D682C70484D2D686D1C474E35600025454E36683570444D46
:20F2E0002D686D1C424E356070BC7047776E0020746D00201C5C0020686E00207A6E00204C
:20F30000516E00207CB506000C0030780500761C3078000210FA85F5761CADB24FF47A7040
:20F3200095FBF0F0C0B2EEF720FD8DF80200ADB24FF47A7095FBF0F100FB1150ADF8000064
:20F340003078EEF712FD761C8DF803003078EEF70CFD761C8DF80400761C3078EEF705FD25
:20F36000761C8DF805003078EEF7FFFC761C8DF806003078EEF7F9FC8DF807006846F1F728
:20F380004AF81C48F0F7CEFF73BD0000146D00203A6E0020796E00203C6E0020E059002050
:20F3A000786E0020706D0020286E00202A6E0020406E0020D0710208546E0020EC65002070
:20F3C0003E6E0020426E0020E8650020466E0020446D0020536E0020506C0020186B00201F
:20F3E000606B0020906B0020446E0020206D0020786D0020686C00200300082070470000AD
:20F400002DE9F84304000D00160000270020DFF8DC1508600020DFF8D01508702878582889
:20F420004BD1E879582848D1B6B20E2E01DA002044E0E87AF021084201D000203EE0287A85
:20F44000697A50EA01200A308146494689B22800EEF76CFD070038001FFA89F915F809102D
:20F4600080B289B2884201D0002027E068782100C9B2884201D0002020E0E87AA97A50EA67
:20F48000012080461FFA88F8DFF8640510EB0800DFF8581508601FFA88F84AF20A00804559
:20F4A00009D1287B697B50EA0120DFF8481548810020EFF7B1FB012000E00020BDE8F283A6
:20F4C000002070472DE9F14FADF5976D0C00150000208346DFF814050068000C0004DFF810
:20F4E0001015884204D1582005F80B001BF1010B9DF8B80405F80B001BF1010B0020824657
:20F50000BAF1050F07D2002005F80B001BF1010B1AF1010AF4E7DFF8D4040068000C0004FB
:20F52000DFF8CC14884204D1582005F80B001BF1010BDFF8B8040068DFF8BC14884256D14A
:20F540000A2005F80B001BF1010B002005F80B001BF1010BDFF894040068000A05F80B0038
:20F560001BF1010BDFF884040068803805F80B001BF1010B002005F80B001BF1010BDFF8BD
:20F580007C04008805F80B001BF1010BDFF86C04008880B2000A05F80B001BF1010BDFF841
:20F5A0006004808805F80B001BF1010BDFF85004C08805F80B001BF1010BDFF84404C088C5
:20F5C00080B2000A05F80B001BF1010BDFF83004008905F80B001BF1010BDFF82404008993
:20F5E00080B2000A05F80B001BF1010BE6E1DFF8FC030068DFF80C14884240F0EF80012029
:20F600008046A07CE17C50EA012080B28146207B617B50EA012080B20600A07BE17B50EA9C
:20F62000012080B28246300080B2514689B250EA01400090B9F1010F50D1009800284DD1B7
:20F64000207D617D50EA012080B281464A4692B25FF4F00114F11B00F4F795F94A4692B256
:20F660005FF4F00101A8F4F7B1F8002006004E4508D201A8805D04EB0601C97E884201D117
:20F68000761CF4E74E4540F07F80DFF86803C0F80C900120DFF85C130881607EA17E50EA7E
:20F6A0000120D4494880207E81465FEA0940A17DE27D51EA022110FA81F0CE490861207CDB
:20F6C000617C50EA0120CB49C880AA20C9498880002080460020EFF79FFA55E0607EA17EFB
:20F6E00050EA012080B20600207D617D50EA012080B28246207E07003804A17DE27D51EA0E
:20F70000022110FA81F7BE48408886423CD1BC480069874238D1BA480089401C814533D1B1
:20F72000EDF7FBF8524692B2B548C06810F5F00114F11B00F4F727F9524692B2B048C068D4
:20F7400010F5F00101A8F4F741F800200600564508D201A8805D04EB0601C97E884201D1EC
:20F76000761CF4E756450FD1A2480089401CA1490881A048C0681AEB00009E49C86000201B
:20F7800080460020EFF748FA0B2005F80B001BF1010B002005F80B001BF1010B934800688D
:20F7A000000A05F80B001BF1010B90480068803805F80B001BF1010B00200600082E08D2D1
:20F7C00004EB0600007B05F80B001BF1010B761CF4E705F80B801BF1010BEFE0834800688A
:20F7E0008949884240F08080012080468448C0888349098988425AD1002081468048C06818
:20F80000800A824600200600564516D24FF480624FF4806000FB06F010F5F00101A8F3F72B
:20F82000D5FF4A4692B24FF4806101A8EEF747FB8146EDF772F8761CE6E77148C068800552
:20F8400016D06F48C0688205920D4FF4806000FB06F010F5F00101A8F3F7B8FF4A4692B295
:20F860006748C0688105890D01A8EEF728FB8146EDF753F862484089814518D120226048E2
:20F88000C0686249091801A8F3F7A0FF604901A800F036F900280AD1AA20564988805520E8
:20F8A000544988820120EFF7B7F900208046032005F80B001BF1010B002005F80B001BF18D
:20F8C000010B4A480068000A05F80B001BF1010B46480068803805F80B001BF1010B05F82D
:20F8E0000B801BF1010B69E0404800684949884220D14948F4F758F98046032005F80B0021
:20F900001BF1010B002005F80B001BF1010B37480068000A05F80B001BF1010B334800689B
:20F92000803805F80B001BF1010B05F80B801BF1010B43E02D480068384988422FD10120E3
:20F940008046607EA17E50EA012080B20600B6F5006F07D24FF4805000FB06F0F3F77CFFF5
:20F9600000208046032005F80B001BF1010B002005F80B001BF1010B1C480068000A05F84B
:20F980000B001BF1010B19480068803805F80B001BF1010B05F80B801BF1010B0EE0D12024
:20F9A00005F80B001BF1010B012005F80B001BF1010B352005F80B001BF1010B594689B297
:20F9C0002800EEF7B3FA05F80B001BF1010B162005F80B001BF1010B584680B20DF5806D38
:20F9E0002FB0BDE8F08F00007B6E00207C6D00200000A1A5E86A00200AA0A1A5FC6D0020C1
:20FA0000D06A002005A1A1A505A2A1A5D0FF7700D0FF030805A3A1A500C0770005A4A1A57F
:20FA20005FF0FF0C1CEAD05114BF614506E0C110400721F0E04101F16051704779B900F020
:20FA4000004100020AD0B0FA80FC00FA0CF001F16051A1EB0C5101EBD021400570474102C5
:20FA60000CBF40F4E0016FF000010020704700004FEAF17CBCF1E04C2CBFBCF5001F11E044
:20FA80005FEA4C0C34BFBCF17F5F2EE05FEA9C0C4FEA0C1C4FEA3C0CC10071F100414CEBCB
:20FAA00050707047C90241EA5051C00218BF41F0010141F000414FEA6C50C0F10900212802
:20FAC00010D240EACC7CCCF1200C11FA0CF070F10040CCF1200C21FA0CF00CF0004C40EBCE
:20FAE0000C0070474FEACC707047490011F5001F04D84FEACC10FF30C0057047C817704777
:20FB0000820707D010F8012B11F8013BBAB19A42F6D014E002680B689A42A2F1013301BFCB
:20FB2000934313F0803F50F8042F51F8043FF3D010F8012B11F8013B0AB19A42F8D0D01AA1
:20FB40007047000001312ECFDFC2B7B2CECAFD000000000000060000005054B6CFCFDF0043
:20FB600000000010000002000000010001002000F068020801B5E7D1B9B1D5CBF80000225D
:20FB8000E8030F2728235802580256000000000002BFD8BBD8B6CFCFDF000010000001007F
:20FBA0000000010001002000D46A0208034354B1E4B1C8202000004001000F270100640017
:20FBC0005F00200000000000045054D2BBB4CED6B50000220A00A00F0A0064005F006B56FB
:20FBE0000000000005CCF8BACFCEBBD4B4000010000001000000010001002000E86A020813
:20FC00000000000000000000000000000000000000000000000000000000000000000000E4
:20FC20000000000000000000000000000000000000000000000000000000000000000000C4
:20FC40000000000000000000000000000000000000000000000000000000000000000000A4
:20FC6000000000000000000000000000000000000000000000000000000000000000000084
:20FC8000000000000000000000000000000000000000000000000000000000000000000064
:20FCA000000000000000000002322ECFE0BCE4B9FDC1F749B6CE00000003000006BFD8D6E2
:20FCC000C6D7D60000000010000003000000010001002000E467020807B5E7C1F7000000CC
:20FCE000000000220A000F27E80364005F0041000000000008CAB1BCE4000000000000226E
:20FD00000000E80300005802580253000000000000000000000000000000000000000000F1
:20FD20000000000000000000000000000000000000000000000000000000000000000000C3
:20FD40000000000000000000000000000000000000000000000000000000000000000000A3
:20FD6000000000000000000000000000000000000000000000000000000000000000000083
:20FD8000000000000000000000000000000000000000000000000000000000000000000063
:20FDA000000000000000000000000000000000000000000000000000000000000000000043
:20FDC000000000000000000000000000000000000000000000000000000000000000000023
:20FDE000000000000000000000000000000000000000000000000000000000000000000003
:20FE000000000000000000000000000003332ECFE0BCE4B9FDC1F74949B6CE0000030000A8
:20FE200009BFD8D6C6D7D60000000010000003000000010001002000E46702080AB5E7C1E8
:20FE4000F7000000000000220A000F27EE0264005F004100000000000BCAB1BCE40000002F
:20FE60000000002200000F27320058025802530000000000000000000000000000000000F1
:20FE8000000000000000000000000000000000000000000000000000000000000000000062
:20FEA000000000000000000000000000000000000000000000000000000000000000000042
:20FEC000000000000000000000000000000000000000000000000000000000000000000022
:20FEE000000000000000000000000000000000000000000000000000000000000000000002
:20FF00000000000000000000000000000000000000000000000000000000000000000000E1
:20FF20000000000000000000000000000000000000000000000000000000000000000000C1
:20FF40000000000000000000000000000000000000000000000000000000000000000000A1
:20FF60000000000000000000000000000000000004342ECFE0BCE4B9FDC1F7494949B6CEFF
:20FF8000000300000CBFD8D6C6D7D60000000010000003000000010001002000E4670208E8
:20FFA0000DB5E7C1F7000000000000220A000F27F40164005F004100000000000ECAB1BC40
:20FFC000E40000000000002200000F27C80058025802530000000000000000000000000016
:20FFE000000000000000000000000000000000000000000000000000000000000000000001
:020000040802F0
:200000000000000000000000000000000000000000000000000000000000000000000000E0
:200020000000000000000000000000000000000000000000000000000000000000000000C0
:200040000000000000000000000000000000000000000000000000000000000000000000A0
:20006000000000000000000000000000000000000000000000000000000000000000000080
:20008000000000000000000000000000000000000000000000000000000000000000000060
:2000A000000000000000000000000000000000000000000000000000000000000000000040
:2000C000000000000000000000000000000000000000000005352EB7B4CAB1CFDEB9FDC1AE
:2000E000F7000000000300000FBFD8D6C6D7D60000000010000003000000010001002000E2
:200100000868020810B5E7C1F7000000000000220A000F27640064005F0041000000000037
:2001200011CAB1BCE40000000000002200000F2764005802580253000000000000000000D0
:2001400000000000000000000000000000000000000000000000000000000000000000009F
:2001600000000000000000000000000000000000000000000000000000000000000000007F
:2001800000000000000000000000000000000000000000000000000000000000000000005F
:2001A00000000000000000000000000000000000000000000000000000000000000000003F
:2001C00000000000000000000000000000000000000000000000000000000000000000001F
:2001E0000000000000000000000000000000000000000000000000000000000000000000FF
:200200000000000000000000000000000000000000000000000000000000000000000000DE
:2002200000000000000000000000000000000000000000000000000006362EB9FDB8BABA72
:20024000C9B1A3BBA40000000003000012BFD8D6C6D7D6000000001000000200000001001A
:2002600001002000D468020813B5E7C1F7000000000000220A000F272C0164005F0041001D
:200280000000000014CAB1BCE4000000000000310A000F2764005802580253000000000053
:2002A00000000000000000000000000000000000000000000000000000000000000000003E
:2002C00000000000000000000000000000000000000000000000000000000000000000001E
:2002E0000000000000000000000000000000000000000000000000000000000000000000FE
:200300000000000000000000000000000000000000000000000000000000000000000000DD
:200320000000000000000000000000000000000000000000000000000000000000000000BD
:2003400000000000000000000000000000000000000000000000000000000000000000009D
:2003600000000000000000000000000000000000000000000000000000000000000000007D
:200380000000000000000000000000000000000000000000000000000000000007372ED61B
:2003A000D8BACFD5A2000000000000000002000015BFD8D6C6D7D60000000010000001005D
:2003C0000000010001002000D46A020816B6AFD7F7D1D3CAB10000220A000F27640058022B
:2003E000580253000000000000000000000000000000000000000000000000000000000050
:200400000000000000000000000000000000000000000000000000000000000000000000DC
:200420000000000000000000000000000000000000000000000000000000000000000000BC
:2004400000000000000000000000000000000000000000000000000000000000000000009C
:2004600000000000000000000000000000000000000000000000000000000000000000007C
:2004800000000000000000000000000000000000000000000000000000000000000000005C
:2004A00000000000000000000000000000000000000000000000000000000000000000003C
:2004C00000000000000000000000000000000000000000000000000000000000000000001C
:2004E0000000000000000000000000000000000000000000000000000000000000000000FC
:2005000008382EBCD3CBD9B6CEB9FDC1F70000000003000017BFD8D6C6D7D600000000103E
:20052000000002000000010001002000E467020818B5E7C1F7000000000000220A000F2774
:20054000F40164005F0041000000000019CAB1BCE40000000000002200000F271E0058029E
:200560005802530000000000000000000000000000000000000000000000000000000000CE
:2005800000000000000000000000000000000000000000000000000000000000000000005B
:2005A00000000000000000000000000000000000000000000000000000000000000000003B
:2005C00000000000000000000000000000000000000000000000000000000000000000001B
:2005E0000000000000000000000000000000000000000000000000000000000000000000FB
:200600000000000000000000000000000000000000000000000000000000000000000000DA
:200620000000000000000000000000000000000000000000000000000000000000000000BA
:2006400000000000000000000000000000000000000000000000000000000000000000009A
:200660000000000009392EB3E4B5E7B1A3BBA40000000000000300001ABFD8D6C6D7D60027
:2006800000000010000001000000010001002000D46A02081BB5E7C1F7000000000000224E
:2006A0000A000F27F40164005F004100000000001CCAB1BCE40000000000002200000F2772
:2006C0001E00580258025300000000000000000000000000000000000000000000000000F5
:2006E0000000000000000000000000000000000000000000000000000000000000000000FA
:200700000000000000000000000000000000000000000000000000000000000000000000D9
:200720000000000000000000000000000000000000000000000000000000000000000000B9
:20074000000000000000000000000000000000000000000000000000000000000000000099
:20076000000000000000000000000000000000000000000000000000000000000000000079
:20078000000000000000000000000000000000000000000000000000000000000000000059
:2007A000000000000000000000000000000000000000000000000000000000000000000039
:2007C00000000000000000000A31302EC1E3D0F2B9FDC1F749B6CE00000300001DBFD8D652
:2007E000C6D7D60000000010000002000000010001002000D46802081EB5E7C1F70000009A
:20080000000000220A000F27F40164005F004100000000001FCAB1BCE40000000000002221
:2008200000000F273200580258025300000000000000000000000000000000000000000049
:20084000000000000000000000000000000000000000000000000000000000000000000098
:20086000000000000000000000000000000000000000000000000000000000000000000078
:20088000000000000000000000000000000000000000000000000000000000000000000058
:2008A000000000000000000000000000000000000000000000000000000000000000000038
:2008C000000000000000000000000000000000000000000000000000000000000000000018
:2008E0000000000000000000000000000000000000000000000000000000000000000000F8
:200900000000000000000000000000000000000000000000000000000000000000000000D7
:200920000000000000000000000000000B31312EC1E3D0F2B9FDC1F74949B6CE000300002F
:2009400020BFD8D6C6D7D60000000010000002000000010001002000D468020821B5E7C19F
:20096000F7000000000000220A000F27F40164005F0041000000000022CAB1BCE4000000E8
:200980000000002200000F27320058025802530000000000000000000000000000000000C6
:2009A000000000000000000000000000000000000000000000000000000000000000000037
:2009C000000000000000000000000000000000000000000000000000000000000000000017
:2009E0000000000000000000000000000000000000000000000000000000000000000000F7
:200A00000000000000000000000000000000000000000000000000000000000000000000D6
:200A20000000000000000000000000000000000000000000000000000000000000000000B6
:200A4000000000000000000000000000000000000000000000000000000000000000000096
:200A6000000000000000000000000000000000000000000000000000000000000000000076
:200A8000000000000000000000000000000000000C31322EB9FDB5E7D1B9B1A3BBA400002A
:200AA0000003000023BFD8D6C6D7D60000000010000002000000010001002000D4680208B6
:200AC00024B5E7D1B900000000000032E803983AF82A64005F0056000000000025CAB1BC46
:200AE000E40000000000002205000F2764005802580253000000000000000000000000004A
:200B00000000000000000000000000000000000000000000000000000000000000000000D5
:200B20000000000000000000000000000000000000000000000000000000000000000000B5
:200B4000000000000000000000000000000000000000000000000000000000000000000095
:200B6000000000000000000000000000000000000000000000000000000000000000000075
:200B8000000000000000000000000000000000000000000000000000000000000000000055
:200BA000000000000000000000000000000000000000000000000000000000000000000035
:200BC000000000000000000000000000000000000000000000000000000000000000000015
:200BE00000000000000000000000000000000000000000000D31332EB5CDB5E7D1B9B1A35A
:200C0000BBA400000003000026BFD8D6C6D7D6000000001000000300000001000100200037
:200C20002C68020827B5E7D1B900000000000032E8031027401F64005F00560000000000FD
:200C400028CAB1BCE40000000000002205000F276400580258025300000000000000000089
:200C6000000000000000000000000000000000000000000000000000000000000000000074
:200C8000000000000000000000000000000000000000000000000000000000000000000054
:200CA000000000000000000000000000000000000000000000000000000000000000000034
:200CC000000000000000000000000000000000000000000000000000000000000000000014
:200CE0000000000000000000000000000000000000000000000000000000000000000000F4
:200D00000000000000000000000000000000000000000000000000000000000000000000D3
:200D20000000000000000000000000000000000000000000000000000000000000000000B3
:200D40000000000000000000000000000000000000000000000000000E31342EB5CDC6B5F5
:200D6000B1A3BBA4000000000004000029BFD8D6C6D7D600000000100000020000000100A0
:200D800001002000D46802082AC6B5C2CA00000000000022CC108813241364005F00485A86
:200DA000000000002BCAB1BCE40000000000002200000F276400580258025300000000002A
:200DC0002CB1D5CBF8B5E7C1F70000220A000F27640064005F004100000000000000000080
:200DE0000000000000000000000000000000000000000000000000000000000000000000F3
:200E00000000000000000000000000000000000000000000000000000000000000000000D2
:200E20000000000000000000000000000000000000000000000000000000000000000000B2
:200E4000000000000000000000000000000000000000000000000000000000000000000092
:200E6000000000000000000000000000000000000000000000000000000000000000000072
:200E8000000000000000000000000000000000000000000000000000000000000000000052
:200EA0000000000000000000000000000000000000000000000000000000000001312EB51D
:200EC000E7B6AFBBFAB2CECAFD00000000070000005054B6CFCFDF000000001000000100DB
:200EE0000000010001002000D46A020801B6EEB6A8B5E7C1F700002214000F27E803580280
:200F0000580241000000000002C6F4B6AFCAB1BCE400002200000F27E803580258025300B0
:200F20000000000003BFD8BBD8B6CFCFDF000010000001000000010001002000D46A0208D6
:200F4000044354B1E4B1C8202000004001000F27010064005F00200000000000055054D2D2
:200F6000BBB4CED6B50000220A00A00F0A0064005F006B560000000006CCF8BACFCEBBD490
:200F8000B4000010000001000000010001002000E86A02080000000000000000000000000E
:200FA000000000000000000000000000000000000000000000000000000000000000000031
:200FC000000000000000000000000000000000000000000000000000000000000000000011
:200FE0000000000000000000000000000000000000000000000000000000000000000000F1
:201000000000000000000000000000000000000000000000000000000000000000000000D0
:2010200002322EB5E7C1F7CBD9B6CF00000000000004000007BFD8D6C6D7D60000000010D6
:20104000000001000000010001002000D46A020808B8DFB5E7C1F700000000220A000F27D0
:20106000200364005F0041000000000009B5CDB5E7C1F700000000220A000F27F4016400AF
:201080005F004100000000000ACAB1BCE4000000000000220000E803000058025802530077
:2010A000000000000000000000000000000000000000000000000000000000000000000030
:2010C000000000000000000000000000000000000000000000000000000000000000000010
:2010E0000000000000000000000000000000000000000000000000000000000000000000F0
:201100000000000000000000000000000000000000000000000000000000000000000000CF
:201120000000000000000000000000000000000000000000000000000000000000000000AF
:2011400000000000000000000000000000000000000000000000000000000000000000008F
:2011600000000000000000000000000000000000000000000000000000000000000000006F
:201180000000000003332ECFE0BCE4B9FDC1F70000000000000300000BBFD8D6C6D7D60040
:2011A00000000010000001000000010001002000D46A02080CB5E7C1F70000000000002232
:2011C0000A000F27F40164005F004100000000000DCAB1BCE40000000000002200000F2756
:2011E000640058025802530000000000000000000000000000000000000000000000000084
:201200000000000000000000000000000000000000000000000000000000000000000000CE
:201220000000000000000000000000000000000000000000000000000000000000000000AE
:2012400000000000000000000000000000000000000000000000000000000000000000008E
:2012600000000000000000000000000000000000000000000000000000000000000000006E
:2012800000000000000000000000000000000000000000000000000000000000000000004E
:2012A00000000000000000000000000000000000000000000000000000000000000000002E
:2012C00000000000000000000000000000000000000000000000000000000000000000000E
:2012E000000000000000000004342EB8BAD0F2B9FDC1F70000000000000300000EBFD8D668
:20130000C6D7D60000000010000001000000010001002000D46A02080FB8BAD0F2B5E7C13F
:20132000F70000220A000F27F40164005F0041000000000010CAB1BCE4000000000000220E
:2013400000000F2764005802580253000000000000000000000000000000000000000000EC
:2013600000000000000000000000000000000000000000000000000000000000000000006D
:2013800000000000000000000000000000000000000000000000000000000000000000004D
:2013A00000000000000000000000000000000000000000000000000000000000000000002D
:2013C00000000000000000000000000000000000000000000000000000000000000000000D
:2013E0000000000000000000000000000000000000000000000000000000000000000000ED
:201400000000000000000000000000000000000000000000000000000000000000000000CC
:201420000000000000000000000000000000000000000000000000000000000000000000AC
:2014400000000000000000000000000005352EB7B4CAB1CFDEB9FDC1F70000000003000020
:2014600011BFD8D6C6D7D600000000100000030000000100010020000868020812B5E7C15D
:20148000F7000000000000220A000F27F40164005F0041000000000013CAB1BCE4000000CC
:2014A0000000002200000F2764005802580253000000000000000000000000000000000069
:2014C00000000000000000000000000000000000000000000000000000000000000000000C
:2014E0000000000000000000000000000000000000000000000000000000000000000000EC
:201500000000000000000000000000000000000000000000000000000000000000000000CB
:201520000000000000000000000000000000000000000000000000000000000000000000AB
:2015400000000000000000000000000000000000000000000000000000000000000000008B
:2015600000000000000000000000000000000000000000000000000000000000000000006B
:2015800000000000000000000000000000000000000000000000000000000000000000004B
:2015A0000000000000000000000000000000000006362EB3A4C6F4B6AFB1A3BBA400000098
:2015C0000001000014BFD8D6C6D7D60000000010000001000000010001002000D46A02089B
:2015E0000000000000000000000000000000000000000000000000000000000000000000EB
:201600000000000000000000000000000000000000000000000000000000000000000000CA
:201620000000000000000000000000000000000000000000000000000000000000000000AA
:2016400000000000000000000000000000000000000000000000000000000000000000008A
:2016600000000000000000000000000000000000000000000000000000000000000000006A
:2016800000000000000000000000000000000000000000000000000000000000000000004A
:2016A00000000000000000000000000000000000000000000000000000000000000000002A
:2016C00000000000000000000000000000000000000000000000000000000000000000000A
:2016E0000000000000000000000000000000000000000000000000000000000000000000EA
:20170000000000000000000000000000000000000000000007372EB6C2D7AAB1A3BBA400B1
:20172000000000000003000015BFD8D6C6D7D600000000100000010000000100010020007E
:20174000D46A020816B5E7C1F7000000000000220A000F27F40164005F004100000000007C
:2017600017CAB1BCE40000000000002200000F276400580258025300000000000000000074
:20178000000000000000000000000000000000000000000000000000000000000000000049
:2017A000000000000000000000000000000000000000000000000000000000000000000029
:2017C000000000000000000000000000000000000000000000000000000000000000000009
:2017E0000000000000000000000000000000000000000000000000000000000000000000E9
:201800000000000000000000000000000000000000000000000000000000000000000000C8
:201820000000000000000000000000000000000000000000000000000000000000000000A8
:20184000000000000000000000000000000000000000000000000000000000000000000088
:2018600000000000000000000000000000000000000000000000000008382EB9FDB8BABA18
:20188000C9B1A3BBA40000000003000018BFD8D6C6D7D600000000100000020000000100BE
:2018A00001002000D468020819B5E7C1F7000000000000220A000F27F40164005F004100F9
:2018C000000000001ACAB1BCE40000000000003100000F2764005802580253000000000001
:2018E0000000000000000000000000000000000000000000000000000000000000000000E8
:201900000000000000000000000000000000000000000000000000000000000000000000C7
:201920000000000000000000000000000000000000000000000000000000000000000000A7
:20194000000000000000000000000000000000000000000000000000000000000000000087
:20196000000000000000000000000000000000000000000000000000000000000000000067
:20198000000000000000000000000000000000000000000000000000000000000000000047
:2019A000000000000000000000000000000000000000000000000000000000000000000027
:2019C0000000000000000000000000000000000000000000000000000000000009392EC1D6
:2019E000E3D0F2B9FDC1F70000000000000300001BBFD8D6C6D7D6000000001000000200C4
:201A00000000010001002000D46802081CB5E7C1F7000000000000220A000F27F401640033
:201A20005F004100000000001DCAB1BCE40000000000002200000F2732005802580253003D
:201A4000000000000000000000000000000000000000000000000000000000000000000086
:201A6000000000000000000000000000000000000000000000000000000000000000000066
:201A8000000000000000000000000000000000000000000000000000000000000000000046
:201AA000000000000000000000000000000000000000000000000000000000000000000026
:201AC000000000000000000000000000000000000000000000000000000000000000000006
:201AE0000000000000000000000000000000000000000000000000000000000000000000E6
:201B00000000000000000000000000000000000000000000000000000000000000000000C5
:201B20000000000000000000000000000000000000000000000000000000000000000000A5
:201B40000A31302EB9FDB5E7D1B9B1A3BBA40000000300001EBFD8D6C6D7D600000000104C
:201B6000000002000000010001002000D46802081FB5E7D1B900000000000032E803983AC7
:201B8000F82A64005F0056000000000020CAB1BCE40000000000002205000F2764005802B4
:201BA000580253000000000000000000000000000000000000000000000000000000000078
:201BC000000000000000000000000000000000000000000000000000000000000000000005
:201BE0000000000000000000000000000000000000000000000000000000000000000000E5
:201C00000000000000000000000000000000000000000000000000000000000000000000C4
:201C20000000000000000000000000000000000000000000000000000000000000000000A4
:201C4000000000000000000000000000000000000000000000000000000000000000000084
:201C6000000000000000000000000000000000000000000000000000000000000000000064
:201C8000000000000000000000000000000000000000000000000000000000000000000044
:201CA000000000000B31312EC7B7B5E7D1B9B1A3BBA400000003000021BFD8D6C6D7D6002E
:201CC00000000010000002000000010001002000D468020822B5E7D1B90000000000003210
:201CE000E8031027401F64005F0056000000000023CAB1BCE40000000000002205000F27AF
:201D0000640058025802530000000000000000000000000000000000000000000000000058
:201D20000000000000000000000000000000000000000000000000000000000000000000A3
:201D4000000000000000000000000000000000000000000000000000000000000000000083
:201D6000000000000000000000000000000000000000000000000000000000000000000063
:201D8000000000000000000000000000000000000000000000000000000000000000000043
:201DA000000000000000000000000000000000000000000000000000000000000000000023
:201DC000000000000000000000000000000000000000000000000000000000000000000003
:201DE0000000000000000000000000000000000000000000000000000000000000000000E3
:201E000000000000000000000C31322EB1BECCE5B1A3BBA4310000000002000024BFD8D68E
:201E2000C6D7D60000000010000002000000010001002000D468020825CAB1BCE400000075
:201E40000000002200000F27640058025802530000000000000000000000000000000000BF
:201E6000000000000000000000000000000000000000000000000000000000000000000062
:201E8000000000000000000000000000000000000000000000000000000000000000000042
:201EA000000000000000000000000000000000000000000000000000000000000000000022
:201EC000000000000000000000000000000000000000000000000000000000000000000002
:201EE0000000000000000000000000000000000000000000000000000000000000000000E2
:201F00000000000000000000000000000000000000000000000000000000000000000000C1
:201F20000000000000000000000000000000000000000000000000000000000000000000A1
:201F4000000000000000000000000000000000000000000000000000000000000000000081
:201F60000000000000000000000000000D31332EB1BECCE5B1A3BBA43200000000020000BB
:201F800026BFD8D6C6D7D60000000010000002000000010001002000D468020827CAB1BC63
:201FA000E40000000000002200000F2764005802580253000000000000000000000000007A
:201FC000000000000000000000000000000000000000000000000000000000000000000001
:201FE0000000000000000000000000000000000000000000000000000000000000000000E1
:202000000000000000000000000000000000000000000000000000000000000000000000C0
:202020000000000000000000000000000000000000000000000000000000000000000000A0
:20204000000000000000000000000000000000000000000000000000000000000000000080
:20206000000000000000000000000000000000000000000000000000000000000000000060
:20208000000000000000000000000000000000000000000000000000000000000000000040
:2020A000000000000000000000000000000000000000000000000000000000000000000020
:2020C000000000000000000000000000000000000E31342EB1BECCE5B1A3BBA43300000059
:2020E0000002000028BFD8D6C6D7D60000000010000002000000010001002000D46802085C
:2021000029CAB1BCE40000000000002200000F2764005802580253000000000000000000B8
:2021200000000000000000000000000000000000000000000000000000000000000000009F
:2021400000000000000000000000000000000000000000000000000000000000000000007F
:2021600000000000000000000000000000000000000000000000000000000000000000005F
:2021800000000000000000000000000000000000000000000000000000000000000000003F
:2021A00000000000000000000000000000000000000000000000000000000000000000001F
:2021C0000000000000000000000000000000000000000000000000000000000000000000FF
:2021E0000000000000000000000000000000000000000000000000000000000000000000DF
:202200000000000000000000000000000000000000000000000000000000000000000000BE
:20222000000000000000000000000000000000000000000001312EB1E4D1B9C6F7B2CECA18
:20224000FD00000000050000005054B6CFCFDF000000001000000100000001000100200072
:20226000D46A020801BFD8BBD8B6CFCFDF000010000001000000010001002000D46A02083D
:20228000024354B1E4B1C8202000004001000F27010064005F00200000000000035054D283
:2022A000BBB4CED6B50000220A00A00F0A0064005F006B560000000004CCF8BACFCEBBD43F
:2022C000B4000010000001000000010001002000E86A0208000000000000000000000000BB
:2022E0000000000000000000000000000000000000000000000000000000000000000000DE
:202300000000000000000000000000000000000000000000000000000000000000000000BD
:2023200000000000000000000000000000000000000000000000000000000000000000009D
:2023400000000000000000000000000000000000000000000000000000000000000000007D
:2023600000000000000000000000000000000000000000000000000000000000000000005D
:2023800000000000000000000000000000000000000000000000000002322ECFE0BCE4B9D3
:2023A000FDC1F749B6CE00000003000005BFD8D6C6D7D600000000100000010000000100A1
:2023C00001002000D46A020806B5E7C1F7000000000000220A000F27F40164005F004100DF
:2023E0000000000007CAB1BCE4000000000000220000E803000058025802530000000000A7
:202400000000000000000000000000000000000000000000000000000000000000000000BC
:2024200000000000000000000000000000000000000000000000000000000000000000009C
:2024400000000000000000000000000000000000000000000000000000000000000000007C
:2024600000000000000000000000000000000000000000000000000000000000000000005C
:2024800000000000000000000000000000000000000000000000000000000000000000003C
:2024A00000000000000000000000000000000000000000000000000000000000000000001C
:2024C0000000000000000000000000000000000000000000000000000000000000000000FC
:2024E0000000000000000000000000000000000000000000000000000000000003332ECFA9
:20250000E0BCE4B9FDC1F74949B6CE000003000008BFD8D6C6D7D6000000001000000100BB
:202520000000010001002000D46A020809B5E7C1F7000000000000220A000F27F401640019
:202540005F004100000000000ACAB1BCE40000000000002200000F276400580258025300F3
:2025600000000000000000000000000000000000000000000000000000000000000000005B
:2025800000000000000000000000000000000000000000000000000000000000000000003B
:2025A00000000000000000000000000000000000000000000000000000000000000000001B
:2025C0000000000000000000000000000000000000000000000000000000000000000000FB
:2025E0000000000000000000000000000000000000000000000000000000000000000000DB
:202600000000000000000000000000000000000000000000000000000000000000000000BA
:2026200000000000000000000000000000000000000000000000000000000000000000009A
:2026400000000000000000000000000000000000000000000000000000000000000000007A
:2026600004342EB7B4CAB1CFDEB9FDC1F7000000000300000BBFD8D6C6D7D60000000010F5
:20268000000003000000010001002000086802080CB5E7C1F7000000000000220A000F27D9
:2026A000F40164005F004100000000000DCAB1BCE40000000000002200000F2764005802E3
:2026C00058025300000000000000000000000000000000000000000000000000000000004D
:2026E0000000000000000000000000000000000000000000000000000000000000000000DA
:202700000000000000000000000000000000000000000000000000000000000000000000B9
:20272000000000000000000000000000000000000000000000000000000000000000000099
:20274000000000000000000000000000000000000000000000000000000000000000000079
:20276000000000000000000000000000000000000000000000000000000000000000000059
:20278000000000000000000000000000000000000000000000000000000000000000000039
:2027A000000000000000000000000000000000000000000000000000000000000000000019
:2027C0000000000005352EB9FDB8BABAC9B1A3BBA4000000000300000EBFD8D6C6D7D60042
:2027E00000000010000002000000010001002000D46802080FB5E7C1F700000000000022DA
:202800000A000F27F40164005F0041000000000010CAB1BCE40000000000003100000F27ED
:2028200064005802580253000000000000000000000000000000000000000000000000002D
:20284000000000000000000000000000000000000000000000000000000000000000000078
:20286000000000000000000000000000000000000000000000000000000000000000000058
:20288000000000000000000000000000000000000000000000000000000000000000000038
:2028A000000000000000000000000000000000000000000000000000000000000000000018
:2028C0000000000000000000000000000000000000000000000000000000000000000000F8
:2028E0000000000000000000000000000000000000000000000000000000000000000000D8
:202900000000000000000000000000000000000000000000000000000000000000000000B7
:20292000000000000000000006362EB8DFD1B9B2E0C1E3D0F20000000003000011BFD8D693
:20294000C6D7D60000000010000002000000010001002000D468020812B5E7C1F700000024
:20296000000000220A000F27F40164005F0041000000000013CAB1BCE400000000000022AC
:2029800000000F2732005802580253000000000000000000000000000000000000000000C8
:2029A000000000000000000000000000000000000000000000000000000000000000000017
:2029C0000000000000000000000000000000000000000000000000000000000000000000F7
:2029E0000000000000000000000000000000000000000000000000000000000000000000D7
:202A00000000000000000000000000000000000000000000000000000000000000000000B6
:202A2000000000000000000000000000000000000000000000000000000000000000000096
:202A4000000000000000000000000000000000000000000000000000000000000000000076
:202A6000000000000000000000000000000000000000000000000000000000000000000056
:202A800000000000000000000000000007372ED6D8CDDFCBB9B1A3BBA40000000002000037
:202AA00014BFD8D6C6D7D60000000010000002000000010001002000D468020815CAB1BC5C
:202AC000E40000000000002200000F2764005802580253000000000000000000000000004F
:202AE0000000000000000000000000000000000000000000000000000000000000000000D6
:202B00000000000000000000000000000000000000000000000000000000000000000000B5
:202B2000000000000000000000000000000000000000000000000000000000000000000095
:202B4000000000000000000000000000000000000000000000000000000000000000000075
:202B6000000000000000000000000000000000000000000000000000000000000000000055
:202B8000000000000000000000000000000000000000000000000000000000000000000035
:202BA000000000000000000000000000000000000000000000000000000000000000000015
:202BC0000000000000000000000000000000000000000000000000000000000000000000F5
:202BE0000000000000000000000000000000000008382EC7E1CDDFCBB9B1A3BBA4000000DC
:202C00000002000016BFD8D6C6D7D60000000010000002000000010001002000D468020842
:202C200017CAB1BCE40000000000002200000F27640058025802530000000000000000009F
:202C4000000000000000000000000000000000000000000000000000000000000000000074
:202C6000000000000000000000000000000000000000000000000000000000000000000054
:202C8000000000000000000000000000000000000000000000000000000000000000000034
:202CA000000000000000000000000000000000000000000000000000000000000000000014
:202CC0000000000000000000000000000000000000000000000000000000000000000000F4
:202CE0000000000000000000000000000000000000000000000000000000000000000000D4
:202D00000000000000000000000000000000000000000000000000000000000000000000B3
:202D2000000000000000000000000000000000000000000000000000000000000000000093
:202D4000000000000000000000000000000000000000000009392EB3ACB8DFCEC2B1A3BB6E
:202D6000A40000000002000018BFD8D6C6D7D6000000001000000200000001000100200081
:202D8000D468020819CAB1BCE40000000000002200000F27640058025802530000000000F6
:202DA000000000000000000000000000000000000000000000000000000000000000000013
:202DC0000000000000000000000000000000000000000000000000000000000000000000F3
:202DE0000000000000000000000000000000000000000000000000000000000000000000D3
:202E00000000000000000000000000000000000000000000000000000000000000000000B2
:202E2000000000000000000000000000000000000000000000000000000000000000000092
:202E4000000000000000000000000000000000000000000000000000000000000000000072
:202E6000000000000000000000000000000000000000000000000000000000000000000052
:202E8000000000000000000000000000000000000000000000000000000000000000000032
:202EA0000000000000000000000000000000000000000000000000000A31302ECEC2B6C86B
:202EC000B8DFB1A3BBA40000000200001ABFD8D6C6D7D60000000010000002000000010099
:202EE00001002000D46802081BCAB1BCE40000000000002200000F27640058025802530072
:202F00000000000000000000000000000000000000000000000000000000000000000000B1
:202F2000000000000000000000000000000000000000000000000000000000000000000091
:202F4000000000000000000000000000000000000000000000000000000000000000000071
:202F6000000000000000000000000000000000000000000000000000000000000000000051
:202F8000000000000000000000000000000000000000000000000000000000000000000031
:202FA000000000000000000000000000000000000000000000000000000000000000000011
:202FC0000000000000000000000000000000000000000000000000000000000000000000F1
:202FE0000000000000000000000000000000000000000000000000000000000000000000D1
:20300000000000000000000000000000000000000000000000000000000000000B31312E15
:20302000B5CDB5E7D1B9B1A3BBA40000000300001CBFD8D6C6D7D600000000100000030023
:2030400000000100010020002C6802081DB5E7D1B900000000000032E8031027401F640056
:203060005F005600000000001ECAB1BCE40000000000002205000F2764005802580253009A
:20308000000000000000000000000000000000000000000000000000000000000000000030
:2030A000000000000000000000000000000000000000000000000000000000000000000010
:2030C0000000000000000000000000000000000000000000000000000000000000000000F0
:2030E0000000000000000000000000000000000000000000000000000000000000000000D0
:203100000000000000000000000000000000000000000000000000000000000000000000AF
:2031200000000000000000000000000000000000000000000000000000000000000000008F
:2031400000000000000000000000000000000000000000000000000000000000000000006F
:2031600000000000000000000000000000000000000000000000000000000000000000004F
:2031800080B500F00AFC012804D000F09BFB012000F0A3FB0020DFF8C815087000F099F805
:2031A00072B600F0D4F80020DFF8B81508700020DFF8B41508700020DFF8B0150880002053
:2031C000DFF8AC15088000F0FBF862B6E9F794FBF5F7A2FCE9F7A1FBDFF898050088B0F5BE
:2031E000FA7F04DADFF89005007801280AD10020DFF880150880DFF884050088002801D19A
:20320000E0F7EBFFE9F789FBE3F746FCECF7D0FB00F0FCF9E9F781FBDFF864050088C828C6
:2032200005DB0020DFF858150880EFF707FEE9F774FB00F086FADFF84C050078002807D079
:20324000DFF84405EDF76EF80020DFF838150870DFF838058088AA2815D1DFF83005808A5E
:20326000552810D1DFF828050078C00705D58021DFF82005F0F7D1FDF4E78021DFF8140515
:20328000F0F7CEFDEEE7DFF810050088401CDFF808150880E9F741FBDFF8FC04008848F6A2
:2032A000B801884204D18021DFF8E804F0F7B5FDDFF8E40400884FF6E851884288D10020B1
:2032C000DFF8D41408808021DFF8C804F0F7A8FD7EE780B501210120F2F7B1FE012102201E
:2032E000F2F7ADFE01214FF48040F2F7A8FE01214FF40040F2F7A3FE01214FF48040F2F749
:203300008FFE01210420F2F78BFE01210820F2F787FE01211020F2F783FE01212020F2F7A9
:203320007FFE01214020F2F77BFE01210120F2F768FE01210220F2F764FE01214FF4064060
:20334000F2F76EFE01210120F2F76AFE01BD80B54FF480415FF0006000F0A6FB4FF440705A
:2033600000F068FB1C208DF8000000208DF8010000208DF8020001208DF80300684600F0A5
:203380005EFB1D208DF8000003208DF8010001208DF8020001208DF80300684600F04FFB30
:2033A00025208DF8000002208DF8010000208DF8020001208DF80300684600F040FB01BDB4
:2033C00010B501215FF00070F0F730FDE8F77CF9F0F790F94AF2A550DFF8C01308800120EB
:2033E000EBF739FDEBF78BFBE8F702FCE9F7F6FBE9F755F8E9F79AFAE9F7F0FA0020EBF732
:203400002AFDE9F7DCFB00F050F900F058F9E9F711FCE9F72CFCECF7CFFAE8F7D3FBE9F726
:20342000DDFBDFF87C03C07800283AD1DFF87403DFF874130860DFF874030078DFF87013BF
:203440000870DFF87003DFF870130860DFF86C030078DFF86C130870DFF86803DFF86813C8
:203460000860DFF868030078DFF864130870DFF86403DFF8641308602D20DFF86013087061
:20348000DFF85C03DFF85C130860DFF85C030078DFF858130870DFF85803DFF85813086004
:2034A00086E0DFF8FC02C07801282FD1DFF84803BD490860DFF844030078BD490870DFF8F5
:2034C0004003BD490860DFF83C030078BC490870DFF83403BC490860DFF830030078BC492E
:2034E0000870DFF82C03BC4908601F20BB490870DFF82003BB490860DFF81C030078BB494E
:203500000870DFF81803BB49086051E0A448C078022825D1C248A4490860C2480078A44992
:203520000870C148A4490860C0480078A4490870BF48A5490860BF480078A5490870BE4888
:20354000A54908602A20A5490870BC48A5490860BB480078A5490870BA48A649086027E0CA
:2035600000208F49C8708F488F4908608F4800788F4908708F489049086090480078904924
:2035800008709B489B4908608E488F4908608F4800788F4908708F488F4908602D208F4993
:2035A00008708F488F4908608F4800788F4908707B48C078EBF705FF7948C078801CEBF785
:2035C0004AFC0820EBF747FC0920EBF744FC9E4800680400200E9D4908809C480088210A88
:2035E00011F47F410843994908800E20E8F7CBF9E9F773F896489749086000229648417955
:203600009648ECF7B5FFF9F75BF910BD80B594480068C00103D50A20E8F7B5F902E00A204F
:20362000E8F72EFA8E480068000203D50920E8F7AAF902E00920E8F723FA8A480088002837
:2036400032D189480088002807D188480088002803D187480068002803D00320E8F793F9FA
:2036600002E00320E8F70CFA7F48008800280ED00120E8F705FA0220E8F702FA0520E8F70B
:20368000FFF90620E8F7FCF90720E8F7F9F97948007879494978884206D07748ECF730F919
:2036A000754840787349087001BD80B50020734908804FF4C0517248EAF7CEF801BD002077
:2036C0007049088000207049087000206F49087000206F49088000206E49087000202C49C4
:2036E000088000206C49087000206C49087000206B49087000206B49088000205A490880B5
:203700000020694908805A20684981F82F000020674908800020674908804AF2A5501F4933
:20372000088002206449087000206449087000206249487000206149887000205F49C87030
:20374000704780B55E480088062807DB00205C4908804148C0780328F9F7C3F801BD00009D
:20376000626E0020576E0020566E0020C86D0020006E0020E86D00204C6D0020F46D0020DE
:20378000FE6D0020606E0020686C0020D06A0020E66D0020001801401A6E0020E06D002081
:2037A000506C0020BC4C0208146D00204B480108516E002088580208186D00200A8F0108CE
:2037C000526E0020DC6002081C6D002086470108536E00201A6B0020206D0020546E00202F
:2037E00044FB0108286D002093F90008556E002020000020246D0020144F0208D6590108BF
:20380000785902080B8F0108B463020887470108626B0020342202085A0401082C00002032
:203820006C510208D7590108685A02080E8F0108786102084A480108926B0020BC0E0208A7
:203840005B04010838000020FCFF0308FC6D0020EC6B02086C6D0020246C00200038014096
:203860008C6C0020EA6D0020F06D0020F26D0020386D00206B6E0020486D0020EE6D0020AF
:2038800080190020D86D0020586E0020596E0020DC6D00205A6E00205B6E00205C6E002019
:2038A0005D6E0020DA6D0020EC6D0020586A0020E46D0020E26D0020656E0020406D0020BB
:2038C000D26D0020DFF84C01DFF84C110860DFF84C01DFF844110860704738B50400042540
:2038E0005FF0805000F07FF805006DB2042D51D1DFF82001DFF82C110860DFF82001DFF888
:2039000024110860DFF81801006850F02000DFF810110860DFF80801006850F040004049A1
:2039200008605FF0805000F05EF805006DB2042D26D13B48006841F6DF71084038490860CB
:203940003748006850F010003549086064B2002C03D000203449088002E0A5203249088066
:203960005FF0805000F03FF805006DB2052D11D02B48006841F6EF7108402949086009E04D
:203980006DB2052D06D02648006841F6DF71084023490860280040B232BD00202349096881
:2039A000890702D50121080001E00021080040B2704704201E490968C90702D501210800F6
:2039C0000FE01B490968490702D50221080008E017490968C90602D50321080001E0042140
:2039E000080040B2704738B504000425FFF7E1FF05006DB2012D06D1002C04D0FFF7D9FF2F
:203A00000500641EF5E7002C01D105200500280040B232BD2301674504200240AB89EFCDEC
:203A2000102002400820024000F8FF1F1C2002400C2002401F4901431F4A1160704770B447
:203A4000002300210F2290F90340002C20D01A4C246814F4E064D4F5E064240A2300D3F1A9
:203A600004042100DA4044788C4023008478144023431B01114C057863550124057815F04D
:203A80001F05AC400E4D0678761145F8264009E00124057815F01F05AC400A4D0678761117
:203AA00045F8264070BC7047074A0A400243074B1A6070470000FA050CED00E000E400E081
:203AC00000E100E080E100E080FFFF1F08ED00E00000000000000000000000000000000072
:203AE000000000F800000000000000330000000000100C02100C020000000000000000005F
:203B00000040C07840C0780000043F04043F040000708888FC08300000182020FF211E00DD
:203B2000F008F0806018000000310C031E211E0000F00888700000001E21232C1927211019
:203B400000120E00000000000000000000000000000000E0180402000000000718204000C8
:203B600000020418E00000000040201807000000404080F0804040000202010F01020200BF
:203B800000000000E0000000000101010F0101010000000000000000009070000000000030
:203BA00000000000000000000001010101010100000000000000000000303000000000009F
:203BC00000000000C0380400006018070000000000E010080810E000000F102020100F00FC
:203BE00000001010F8000000000020203F202000007008080808F00000302824222130007F
:203C000000300808088870000018202121221C000000804030F8000000060524243F2424EA
:203C200000F88888880808000019202020110E0000E0108888900000000F112020201F001D
:203C400000180808886818000000003E010000000070880808887000001C222121221C0037
:203C600000F008080810E0000001122222110F00000000C0C00000000000003030000000F5
:203C80000000008000000000000000E000000000000080402010080000010204081020008D
:203CA000004040404040400000020202020202000008102040800000002010080402010041
:203CC000007048080888700000000030370000000000182424180000000000000000000045
:203CE0000000C038E0000000203C23020227382008F8888888700000203F202020110E0004
:203D0000C030080808083800071820202010080008F808080810E000203F202020100F00DE
:203D200008F88888E8081000203F20202320180008F88888E8081000203F200003000000E7
:203D4000C03008080838000007182020221E020008F808000008F808203F210101213F2070
:203D6000000808F8080800000020203F2020000000000808F8080800C08080807F00000095
:203D800008F888C028180800203F20012638200008F8080000000000203F2020202030007E
:203DA00008F8F800F8F80800203F013E013F200008F830C00008F808203F200007183F0040
:203DC000E01008080810E0000F10202020100F0008F808080808F000203F210101010000BA
:203DE000E01008080810E0000F10282830504F0008F8888888887000203F2000030C30201F
:203E000000708808080838000038202121221C00180808F8080818000000203F20000000BB
:203E200008F808000008F808001F202020201F000878880000C83808000007380E01000056
:203E400008F800F800F8080000033E013E030000081868808068180820302C03032C3020D9
:203E60000838C800C83808000000203F2000000010080808C838080020382621202018008C
:203E8000000000FE020202000000007F40404000000438C000000000000000010638C000E4
:203EA00000020202FE000000004040407F000000F00C04040CF000000F080808080F000081
:203EC00000000000000000008080808080808080F0FCFCFCFCF000000F0F0F0F0F0F0000B8
:203EE000000080808000000000192424123F200010F0008080000000003F112020110E00C1
:203F00000000008080800000000E112020201100000080808090F000001F202020103F20A3
:203F20000000808080800000001F242424241700008080E0909020000020203F20200000DC
:203F40000000808080808000006B94949493600010F0008080800000203F210000203F2048
:203F600000809898000000000020203F20200000000000809898000000C08080807F000063
:203F800010F0000080808000203F240629302000001010F8000000000020203F20200000C8
:203FA0008080808080808000203F20003F20003F8080008080800000203F210000203F20E5
:203FC0000000808080800000001F202020201F00808000808000000080FF912020110E00B4
:203FE0000000008080008000000E11202091FF80808080008080800020203F212000010011
:2040000000008080808080000033242424241900008080E0808000000000001F20201000F5
:204020008080000000808000001F202020103F20808080008080800000030C300C03000044
:204040008080008080008080010E300C0738060100808080008080000020310E2E31200071
:204060008080800000808080008186781806010000808080808080000021302C22213000B2
:204080000000000000FC020200000000013E404000000000FF00000000000000FF00000063
:2040A0000202FC000000000040403E01000000000002010202040200000000000000000034
:2040C0000000000000000000000000000000000010B5DFF8D8040088401CDFF8D014088041
:2040E000DFF8C8040088B0F57A7F5BDB0020DFF8BC140880DFF8B4048078E9F723FE0400E6
:20410000641C2000C0B2E9F7E1FBDFF8A0148870DFF898048078602803DB0020DFF88C14E6
:204120008870DFF88804807800281AD1DFF87C04C078E9F707FE0400641C0120DFF87014A5
:2041400008702000C0B2E9F7C1FBDFF86014C870DFF85804C078602803DB0020DFF84C140E
:20416000C870DFF84804C07800281BD1DFF83C048078002816D1DFF834040079E9F7E2FD33
:204180000400641C2000C0B2E9F7A0FBDFF81C140871DFF818040079242803DB0020DFF881
:2041A0000C14087110BD30B4020000230024002000252C0000252B0089B28B4204D232F8A3
:2041C000135064195B1CF7E7E4102500B5F50065280000B230BC704710B500200400082CE8
:2041E00074DADFF8D003006850F40210DFF8C4130860DFF8C403006850F40210DFF8B813F5
:204200000860DFF8B803006850F40210DFF8AC130860DFF8AC0300684007FAD5DFF8A40366
:2042200000684007FAD5DFF8A00300684007FAD5DFF898030068DFF8981321F81400DFF8A8
:2042400094030068DFF8881301EB44010882DFF888030068DFF8781301EB44010884DFF872
:204260007C030068DFF8681301EB44010886DFF870030068DFF8581301EB4401A1F8400048
:20428000DFF860030068DFF8481301EB4401A1F85000DFF854030068DFF8341301EB44014B
:2042A000A1F86000DFF844030068DFF8241301EB4401A1F87000DFF838030068DFF81013C3
:2042C00001EB4401A1F88000641C88E70821DFF82403FFF768FFDFF82013DFF82023B2F952
:2042E000002001EB4201A1F800060821DFF81003FFF759FFDFF80013DFF80023B2F90020C0
:2043000001EB4201A1F800080821BE48FFF74BFFB949BA4AB2F9002001EB4201A1F8000ABB
:204320000821B948FFF73FFFB349B44AB2F9002001EB4201A1F8000C0821B448FFF733FF39
:20434000AD49AE4AB2F9002001EB4201A1F8000E0821AF48FFF727FFA749A84AB2F90020E5
:2043600001EB42014FF48052885208219848FFF71AFFA149A14AB2F9002021F81200082113
:20438000A448FFF710FF9C499C4AB2F9002001EB4201A1F8000208219F48FFF704FF9649E4
:2043A000964AB2F9002001EB4201A1F8000493480088401C914908809048B0F90000FF28BD
:2043C00005DD00208D49088000209449088010BD10B593480078401C91490870FFF7FCFE75
:2043E0008F480078C0077CD5FFF772FE8D480068401C8C4908608C480078401C8A49087027
:204400008A480088401C8949088089480088401C8749088087480088002804D085480088D7
:20442000401E8449088000200400E4B2002C0AD18148E4B230F81400401C7F49E4B221F89A
:204440001400641CF1E7F2F7F5FDE7F71EFC7B480088002822D17A484078800606D579481B
:20446000006850F400007749086005E07548006830F400007349086071484078C00606D504
:204480007048006850F080706E4908602BE06D48006830F080706B49086024E068484078ED
:2044A000400706D56748006850F080706549086005E06448006830F08070624908606048B9
:2044C0004078000706D55F48006850F400005D49086008E05B48006830F4000059490860C0
:2044E00001E0E9F731FD10BD80B5F3F771FB56480078401C5449087053480078022854DB82
:2045000000205149087000205049087050480078401C4F490870414800884AF2A5518842AF
:2045200043D0E7F766FBF1F739FE4A494A48E9F773F94A494A48E9F76FF94548007864289B
:2045400033DB48480088401C4649088000204049087045480078002804D043480078401E3F
:204560004149087041480078002804D03F480078401E3E4908703E480078002804D03C4862
:204580000078401E3A4908703A48007800280CD038480078401E37490870364800780028E0
:2045A00003D14AF25A503449088001BD686C0020606E00200824014008280140083C014039
:2045C0000024014000280140003C01403C2401406C64002040240140442401403C2801400C
:2045E00040280140442801403C3C0140403C0140443C01409C64002080190020EE6D0020DA
:20460000AC640020BC640020CC640020DC640020EC6400207C6400208C640020E06D00208D
:204620007E6E0020306D00207F6E0020E86D0020FE6D0020EA6D0020D26D00200A6E002036
:20464000606C00208C6C0020596E0020636E0020586E0020658B0108DC6D002023C9000842
:20466000DE6D0020E66D00205A6E00205B6E00205C6E0020676E0020E8650020C8B6D6B734
:20468000A6B7DFCFB7C2A3B1A4BBE2B2D8BFB0D7C3D6E4B1B9D1F7C6E7B5AFB6FABBEAC458
:2046A000C2D4D5C8E6B0BEB1C5BACBCDF6B3F8CCA2D5E6B8AFBEB6CDEBC8A5B5BFB4FDB903
:2046C000F7C1D5B1F8CBBDB7F2CFD9B2F7D7E5B0AABFCFB6C5B7BBD2E3B0C7B7A3B3ABBCF1
:2046E000CBB6CDB5A7CACEB2FDCAD8BBC8B1CEB4B5D6CFBABBCEB4D4E0CFE4BCCEB6C6D6DD
:20470000D6D7B1CAB4B7DECFBAB8C9BAD8D6D3D1D3BCD9CBE4B3E3C1F2D0B5C6CAC2DFB844
:20472000E0B2DFCDB9CBE1C7ACB3C2CEEEB6A8B6F4C6A4B3C2B6AAD7B7C7E5CCC2CACAB9D6
:20474000DCD7C5D0E6B4A2B4EDB4A3D0E9D1ECBCECD2AFB5C9BBB4CEDCC4B8B1C3D3B6D45A
:20476000CDBED8B5D6CAD3BDE3B5DABFA3D2B3B1E2B9B8C4AAC1B0BCD4D7A6B9D0D3DECEA0
:20478000FEB6FDC8D8B9DCB0F8BDDAC4D6BBB4B8DFC2ADBCB6B5DDC8BBB2BDC6E2BACCBF02
:2047A000D4CFBECAB7D7E4D2E8C9A8CDB6D1D4CAA2CFE9B2B4BFBFC1AFC6C0B5F9B7C7BD22
:2047C000D9B8B5B7C7BCBCC2BEC9FDB3FEBCF5CCEBC7E4CAA2B7FAC9FBCFB4D7ACCCD4B656
:2047E000FBD5D0C7BBBBF8C7CCB9AFBBC9B3C1B6A1C8DCC3EBC2FBC3C6B3B5CFB3CDD3D6A2
:20480000BCD7BAD2A7BEA7B3EBC3C1BAF8CDB7D6F3CEE6B9BCD4CFC9CDCBCFC4C2D0B1D673
:20482000CDD0EFD3D4D1D0D6C4CED1B7A7D0D1D2C9BDDAC6ABBDA1BEECBFCBD4D0D0F5B31B
:20484000BCCAC7CAF1B7F7D6CBB2FCBCA8BFA1D7B7C8CFC8D2D3C2CFF3D7E9B9DED0C4B8D6
:20486000FAB4F9BBE0C0F1CED8B1B4B0C9BFD4D2F7B5DABDA2B2CCBCEDC8B1C8A1CA0000A4
:20488000000000000000000000000000000000000000000000000000000000000000000018
:2048A0000000000000000000000000000000000000000000000000000000000000000000F8
:2048C0000000000000000000000000000000000000000000000000000000000000000000D8
:2048E0000000000000000000000000000000000000000000000000000000000000000000B8
:20490000000000000000000000000000000000000000000000000000000000000000000097
:20492000000000000000000000000000000000000000000000000000000000000000000077
:20494000000000000000000000000000000000000000000000000000000000000000000057
:20496000000000000000000000000000000000000000000000000000000000000000000037
:204980000000000000000000000000000000000000000000000000000000000070477047A9
:2049A000704780B5012000F064F900280AD0012000F07EF9012000F071F900F055F900203A
:2049C00000F076F901BD704770477047704770477047704770477047704780B54FF40050CC
:2049E000F1F74AF900280DD04FF40050F1F759F900218B48F1F715F9012240F22661894823
:204A0000F1F706FA01BD70477047704770477047704780B501215FF08040EFF7BEFC002878
:204A200006D001215FF08040EFF7D0FCFFF7D0FC01BD80B501217C48EFF7AFFC002805D094
:204A400001217948EFF7C2FCFFF74EFD01BD70477047704770477047704710B57148008880
:204A60000400200704D57148008800F0FF00040020216C48F1F706FA002812D06948F1F77E
:204A8000FDF90100C9B20020EBF740FD0020684908800A206749088040F225516148F1F771
:204AA00000FA10BD10B5644800880400200704D56248008800F0FF00040020215E48F1F73E
:204AC000E1F9002812D05C48F1F7D8F90100C9B20020EBF71BFD00205549088005205549F6
:204AE000088040F225515448F1F7DBF910BD10B5534800880400200704D55248008800F063
:204B0000FF00040020214E48F1F7BCF9002812D04B48F1F7B3F90100C9B20020EBF7F6FC7D
:204B200000204349088005204249088040F225514348F1F7B6F910BD10B543480088040096
:204B4000200704D54148008800F0FF00040020213D48F1F797F9002812D03B48F1F78EF917
:204B60000100C9B20020EBF7D1FC00203049088064203049088040F225513348F1F791F9AF
:204B800010BD704770477047704770477047704710B52F4800880400200704D52D48008882
:204BA00000F0FF00040020212948F1F76BF9002812D02748F1F762F90100C9B20020EBF7CA
:204BC000A5FC00201A49088005201A49088040F225511F48F1F765F910BD10B51E48008844
:204BE0000400200704D51D48008800F0FF00040020211948F1F746F900280FD01648F1F7BB
:204C00003DF90100C9B20020EBF780FC00200849088040F225511048F1F743F910BD00007A
:204C200044000240003801400004004004380140D26D0020D66D00200044004004440040E6
:204C400000480040044800400060014004600140004C0040044C00400050004004500040BA
:204C60007047704770477047104800888006FBD57047010000200D4A12880A4010000A4AAB
:204C8000128892B20A4205D040B2002802D00122100001E00022100040B27047034909885D
:204CA0008143024A11807047002800400428004040B201490860704720000E4200B1A3BBEE
:204CC000A4C6F4B6AF2020202000000000FF000001B9FDC1F749B6CEB6AFD7F70000000023
:204CE0000020010702B9FDC1F74949B6CEB6AFD7F70000000021010703B9FDC1F74949495E
:204D0000B6CEB6AFD7F700000022010704C1E3C1F749B6CEB6AFD7F7000000000023010D21
:204D200005C1E3C1F74949B6CEB6AFD7F70000000024010D06B5E7C1F7BCD3CBD9B6AFD7CE
:204D4000F70000000025010707B9FDB5E7D1B9B6AFD7F700000000000026011108B5CDB5A2
:204D6000E7D1B9B6AFD7F700000000000027011109D6D8BACFD5A2B6AFD7F720200000002C
:204D8000002800070AB5E7C1F7B7B4CAB1CFDEB6AFD7F700002901140BB3E4B5E7B1A3BB35
:204DA000A4B6AFD7F7000000002A01070CB5CDC6B5B1A3BBA4B6AFD7F7000000002B010EC1
:204DC0000DB9FDB8BABAC9B6AFD7F70000000000002C01070ECAA7D1B9B1A3BBA4B6AFD7BC
:204DE000F7000000002E01110FCAC2B9CAD7DCD0C5BAC52020000000002F000020B4E6B4BA
:204E0000A2C6F7B3F6B4ED20200000000030000021B6A8D6B5D0A3D1E9B3F6B4ED000000F8
:204E200000310000224144BCECB2E2B3F6B4ED20000000000032000025B5CDC6B5B1A3BB91
:204E4000A4B8E6BEAF0000000035000026B9FDB8BABAC9B8E6BEAF2020000000003600001C
:204E60002754574AD2ECB3A3202020202000000000370000285054B6CFCFDFB8E6BEAF2001
:204E8000200000000038000029B5AFBBC9CEB4B4A2C4DC2020000000003900002ABFD8D621
:204EA000C6BBD8C2B7B6CFCFDF000000003A00002BB9FDB5E7D1B9B8E6BEAF202000000061
:204EC000003B00002CB5CDB5E7D1B9B8E6BEAF2020000000003C00002DC1E3C1F749B6CEE6
:204EE000B8E6BEAF00000000003D00002EC1E3C1F74949B6CEB8E6BEAF000000003E000081
:204F00002FB8E6BEAFD7DCD0C5BAC52020000000003F000000B1A3BBA4C6F4B6AF202020DF
:204F20002000000000FF000001B9FDC1F749B6CEB6AFD7F7200000000020010702B9FDC122
:204F4000F74949B6CEB6AFD7F70000000021010703B7B4CAB1CFDEB6AFD7F72020000000DF
:204F60000022011404B9FDB8BABAC9B6AFD7F720200000000023010705B8DFB2E0C1E3D00B
:204F8000F2B6AFD7F70000000024011A06B1B8D3C320202020202020200000000025011969
:204FA00007D6D8CDDFCBB9B6AFD7F720200000000026000008C7E1CDDFCBB9B6AFD7F72040
:204FC000200000000027000009B3ACB8DFCEC2B6AFD7F72020000000002800000ACEC2B610
:204FE000C8B8DFB6AFD7F72020000000002900000BB5CDB5E7D1B9B6AFD7F70000000000D0
:20500000002A01110CCAA7D1B9B1A3BBA4B6AFD7F7000000002B01110FCAC2B9CAD7DCD089
:20502000C5BAC52020000000002F000020B4E6B4A2C6F7B3F6B4ED20200000000030000036
:2050400021B6A8D6B5D0A3D1E9B3F6B4ED0000000031000022414431BCECB2E2B3F6B4ED40
:20506000200000000032000023B5CDB5E7D1B9B8E6BEAF20000000000033000024D6D8CD16
:20508000DFCBB9B8E6BEAF20200000000034000025C7E1CDDFCBB9B8E6BEAF2020000000E6
:2050A0000035000026B3ACB8DFCEC2B8E6BEAF20200000000036000027CEC2B6C8B8DFB80A
:2050C000E6BEAF2020000000003700002854574AD2ECB3A3202020202000000000380000FD
:2050E000295054B6CFCFDFB8E6BEAF2020000000003900002AB5AFBBC9CEB4B4A2C4DC2082
:2051000020000000003A00002BBFD8D6C6BBD8C2B7B6CFCFDF000000003B00002CB9FDB8C3
:20512000BABAC9B8E6BEAF2020000000003C00002DB8DFB2E0C1E3D0F2B8E6BEAF000000E4
:20514000003D00002EB1B8D3C32020202020202020000000003E00002FB8E6BEAFD7DCD0EA
:20516000C5BAC52020000000003F000000B1A3BBA4C6F4B6AF2020202000000000FF00001B
:2051800001B5E7C1F7CBD9B6CFB6AFD7F70000000020010702CFE0BCE4B9FDC1F7B6AFD73B
:2051A000F70000000021010703B8BAD0F2B5E7C1F7B6AFD7F70000000022011204B7B4CAA3
:2051C000B1CFDEB6AFD7F720200000000023011405B5E7BBFAB6C2D7AAB6AFD7F700000044
:2051E0000024010706B9FDB8BABAC9B6AFD7F720200000000025010707C1E3D0F2B5E7C168
:20520000F7B6AFD7F70000000026010D08B9FDB5E7D1B9B6AFD7F7202000000000270111A0
:2052200009C7B7B5E7D1B9B6AFD7F72020000000002801110AB3A4C6F4B6AFB6AFD7F72041
:20524000200000000029012D0BB1BECCE5B1A3BBA431202020000000002A00000CB1BECCF7
:20526000E5B1A3BBA432202020000000002B00000DB1BECCE5B1A3BBA43320202000000066
:20528000002C00000FCAC2B9CAD7DCD0C5BAC52020000000002F000020B4E6B4A2C6F7B30E
:2052A000F6B4ED20200000000030000021B6A8D6B5D0A3D1E9B3F6B4ED0000000031000035
:2052C00022414431BCECB2E2B3F6B4ED200000000032000024B1BECCE5B1A3BBA431B8E658
:2052E000BEAF00000034000025B1BECCE5B1A3BBA432B8E6BEAF00000035000026B1BECC42
:20530000E5B1A3BBA433B8E6BEAF00000036000027B9FDB5E7D1B9B8E6BEAF202020000013
:205320000037000028C7B7B5E7D1B9B8E6BEAF2020200000003800002954574AD2ECB3A395
:205340002020202020200000003900002A5054B6CFCFDFB8E6BEAF2020200000003A0000AE
:205360002BB5AFBBC9CEB4B4A2C4DC2020200000003B00002CBFD8D6C6BBD8C2B7B6CFCF48
:20538000DF200000003C00002DB9FDB8BABAC9B8E6BEAF2020200000003D00002EC1E3D0B0
:2053A000F2B5E7C1F7B8E6BEAF200000003E00002FB8E6BEAFD7DCD0C5BAC52020000000FD
:2053C000003F000000000200070009000B000D00100012001400160019001B001D001F00A8
:2053E00022002400260029002B002D002F0032003400360039003B003D004000420045007D
:20540000470049004C004E0051005300560058005B005D0060006200650067006A006D00F3
:205420006F007200750077007A007D0080008200850088008B008E009100940097009A002A
:205440009D00A000A300A600A900AD00B000B300B700BA00BD00C100C400C800CC00CF00F7
:20546000D300D700DB00DF00E200E700EB00EF00F300F700FC000001050109010E0113010B
:2054800017011C01210126012C01310137013C01420148014E0154015A01600167016E01F7
:2054A00074017C0183018A0192019A01A201AA01B301BB01C401CE01D701E101EC01F601CD
:2054C00001020D021902250232023F024D025B026A027A028A029B02AD02BF02D302E70218
:2054E000FD0214032C03450360037D039B03BB03DE0303042A0455048304B404EA0425051A
:205500006505AC05FA055006B1061E0799072508C7088409630A6E0BB50C4D0E5A10151382
:20552000E716A31C30264A399772FF7F80B54E48006850F470004C4908604C48006850F02F
:2055400001004A4908604A4800680020484908604648006847490840444908604348006886
:2055600030F48020414908605FF41F004249086000F005F85FF000604049086001BD80B590
:2055800000F001F801BD82B000200190002000903648006850F4803034490860334800682F
:2055A00010F4003000900198401C01900098002803D10198B0F5A06FF0D12C4800688003A0
:2055C00002D50120009001E0002000900098012847D12B48006850F0100029490860284864
:2055E000006880088000264908602548006850F00200234908601E4800681D4908601C4879
:2056000000681B4908601A48006850F4806018490860174800681B4908401549086014480A
:20562000006850F4E810124908601048006850F080700E4908600D4800688001FBD50C48F2
:205640000068800880000A4908600948006850F00200074908600648006810F00C0008287A
:20566000F9D102B07047000088ED00E00010024004100240FFFFF6FE0810024008ED00E0D9
:2056800000200240FFFFC09F00C1814001C0804101C0804100C1814001C0804100C181403F
:2056A00000C1814001C0804101C0804100C1814000C1814001C0804100C1814001C08041DA
:2056C00001C0804100C1814001C0804100C1814000C1814001C0804100C1814001C08041BA
:2056E00001C0804100C1814000C1814001C0804101C0804100C1814001C0804100C181409A
:2057000000C1814001C0804101C0804100C1814000C1814001C0804100C1814001C0804179
:2057200001C0804100C1814000C1814001C0804101C0804100C1814001C0804100C1814059
:2057400000C1814001C0804100C1814001C0804101C0804100C1814001C0804100C1814039
:2057600000C1814001C0804101C0804100C1814000C1814001C0804100C1814001C0804119
:2057800001C0804100C1814000C0C101C30302C2C60607C705C5C404CC0C0DCD0FCFCE0E61
:2057A0000ACACB0BC90908C8D81819D91BDBDA1A1EDEDF1FDD1D1CDC14D4D515D71716D639
:2057C000D21213D311D1D010F03031F133F3F23236F6F737F53534F43CFCFD3DFF3F3EFE19
:2057E000FA3A3BFB39F9F83828E8E929EB2B2AEAEE2E2FEF2DEDEC2CE42425E527E7E626F9
:2058000022E2E323E12120E0A06061A163A3A26266A6A767A56564A46CACAD6DAF6F6EAED8
:20582000AA6A6BAB69A9A86878B8B979BB7B7ABABE7E7FBF7DBDBC7CB47475B577B7B676B8
:2058400072B2B373B17170B0509091519353529296565797559594549C5C5D9D5F9F9E5E98
:205860005A9A9B5B99595898884849894B8B8A4A4E8E8F4F8D4D4C8C448485458747468678
:20588000824243834181804000B1D5CBF8D6D8BACFD5A200000000000001B1B8D3C3BFAA9C
:2058A000C8EB310000000000000002B1B8D3C3BFAAC8EB320000000000000003B1B8D3C3B3
:2058C000BFAAC8EB330000000000000004B1B8D3C3BFAAC8EB340000000000000005B1B8B8
:2058E000D3C3BFAAC8EB350000000000000006B1B8D3C3BFAAC8EB36000000000000000763
:20590000B5AFBBC9CEB4B4A2C4DC00000000000008D4B6B7BDBECDB5D80000000000000009
:205920000009CAD6CCF8BFAAC8EB00000000000000000ABFAAC8EBBACFCEBB0000000000A6
:205940000000000BBFAAC8EBCCF8CEBB00000000000000000CB2D9D7F7B0E5BACFCEBB00C7
:2059600000000000000DB2D9D7F7B0E5CCF8CEBB000000000000000000B1B8D3C3BFAAC8AF
:20598000EB310000000000000001D6D8CDDFCBB92FB1B8D3C3000000000002C7E1CDDFCBBD
:2059A000B92FB1B8D3C3000000000003B3ACB8DFCEC22FB1B8D3C3000000000004B8DFCEE0
:2059C000C22FB1B8D3C30000000000000005B1B8D3C3BFAAC8EB360000000000000006B1CA
:2059E000B8D3C3BFAAC8EB370000000000000007B5AFBBC9CEB4B4A2C4DC0000000000009F
:205A000008D4B6B7BDBECDB5D8000000000000000009CAD6CCF8BFAAC8EB000000000000DF
:205A200000000ABFAAC8EBBACFCEBB00000000000000000BBFAAC8EBCCF8CEBB00000000BA
:205A4000000000000CB2D9D7F7B0E5BACFCEBB0000000000000DB2D9D7F7B0E5CCF8CEBBF2
:205A6000000000000000000000D7AACBD9BDD3B5E3000000000000000001B1BECCE5312F58
:205A8000B1B8D3C300000000000002B1BECCE5322FB1B8D3C300000000000003B1BECCE562
:205AA000332FB1B8D3C300000000000004B1B8D3C3BFAAC8EB340000000000000005B1B8C4
:205AC000D3C3BFAAC8EB350000000000000006B1B8D3C3BFAAC8EB36000000000000000781
:205AE000B5AFBBC9CEB4B4A2C4DC00000000000008D4B6B7BDBECDB5D80000000000000028
:205B00000009CAD6CCF8BFAAC8EB00000000000000000ABFAAC8EBBACFCEBB0000000000C4
:205B20000000000BBFAAC8EBCCF8CEBB00000000000000000CB2D9D7F7B0E5BACFCEBB00E5
:205B400000000000000DB2D9D7F7B0E5CCF8CEBB00000000000000004961203D0000204195
:205B600020200001881300004962203D0000204120200001881300004963203D000020419A
:205B8000202000018813000055613D0000002056202000001027000055623D0000002056DF
:205BA000202000001027000055633D000000205620200000102700005561623D00002056C1
:205BC00020200000102700005562633D0000205620200000102700005563613D000020563E
:205BE00020200000102700002050203D0000205720200002485201002051203D00002056C9
:205C00004152000248520100434F533D0000202020200004102700002046203D000020484C
:205C20007A20000350C300004961203D0000204120200001000000004962203D00002041A2
:205C400020200001000000004963203D0000204120200001000000003349303D000020410E
:205C600020200001000000004946323D00002041202000010000000055613D0000002056DA
:205C8000202000000000000055623D0000002056202000000000000055633D0000002056AF
:205CA00020200000000000005561623D0000205620200000000000005562633D00002056CC
:205CC00020200000000000005563613D0000205620200000000000002020463D000020484D
:205CE0007A20000300000000EC6B0208A4650208010800008C64020800000000EC6B02082F
:205D0000CC660208010801008C64020800000000EC6B0208F4660208010802008C64020879
:205D200000000000EC6B020814620208010803008C64020800000000EC6B02081C6702088E
:205D4000010804008C64020800000000EC6B02086C670208010805008C64020800000000F6
:205D6000EC6B02089C5F0208010806008C64020800000000EC6B020894670208010807003E
:205D80008C6402080000000000000000000000000000000000000000000000004961203D02
:205DA0000000204120200001000000004962203D0000204120200001000000004963203D8E
:205DC0000000204120200001000000003349303D00002041202000010000000055613D00A3
:205DE00000002056202000000000000055623D0000002056202000000000000055633D004E
:205E00000000205620200000000000005561623D0000205620200000000000005562633D6A
:205E20000000205620200000000000005563613D0000205620200000000000002020463DDD
:205E4000000020487A200003000000004961203D0000204120200001000000004962203D8C
:205E60000000204120200001000000004963203D0000204120200001000000004948303DD7
:205E800000002041202000010000000055613D0000002056202000000000000055623D00C3
:205EA00000002056202000000000000055633D000000205620200000000000005561623D2C
:205EC0000000205620200000000000005562633D0000205620200000000000005563613DA9
:205EE0000000205620200000000000002020463D000020487A200003000000001A120000F8
:205F0000E111D5023711980521103808A50EA40ACD0CCD0CA40AA50E380821109805371198
:205F2000D502E11100001A122BFDE11168FA3711C8F721105CF5A50E33F3CD0C5BF1A40ABB
:205F4000DFEF3808C9EE98051FEED502E6ED00001FEE2BFDC9EE68FADFEFC8F75BF15CF5B0
:205F600033F333F35CF55BF1C8F7DFEF68FAC9EE2BFD1FEE0000E6EDD5021FEE9805C9EE52
:205F80003808DFEFA40A5BF1CD0C33F3A50E5CF52110C8F7371168FAE1112BFD605D02087B
:205FA0003C60020802070000DC64020800000000605D02085060020802070100DC64020813
:205FC00000000000605D02086460020802070200DC64020800000000605D0208786002082E
:205FE00002070300DC64020800000000605D02088C60020802070400DC6402080000000037
:20600000605D0208A060020802070500DC64020800000000605D0208B46002080207060063
:20602000DC6402080000000000000000000000000000000000000000000000009C5F020811
:206040000000000002070000DC640208A57B0008B05F02080000000002070100DC64020858
:206060003D820008C45F02080000000002070200DC6402089D910008D85F02080000000060
:2060800002070300DC64020825990008EC5F02080000000002070400DC6402082D90000873
:2060A000006002080000000002070500DC640208E593000814600208000000000207060011
:2060C000DC640208D59700080000000000000000000000000000000000000000B9FDC1F794
:2060E00049B6CE0000000000B9FDC1F74949B6CE00000000B9FDC1F7494949B6CE00000082
:20610000B7B4CAB1CFDEB9FDC1F70000B9FDB8BABAC9B1A3BBA40000D6D8BACFD5A2000072
:2061200000000000BCD3CBD9B1A3BBA400000000B3E4B5E7B1A3BBA400000000C1E3C1F737
:2061400049B6CE0000000000C1E3C1F74949B6CE00000000B9FDB5E7D1B9B1A3BBA4000071
:20616000B5CDB5E7D1B9B1A3BBA40000B5CDC6B5B1A3BBA420200000B5E7C1F7CBD9B6CF57
:2061800000000000CFE0BCE4B9FDC1F700000000B8BAD0F2B9FDC1F700000000B7B4CAB1BA
:2061A000CFDEB9FDC1F70000B3A4C6F4B6AFB1A3BBA40000B6C2D7AAB1A3BBA400000000EF
:2061C000B9FDB8BABAC9B1A3BBA40000C1E3D0F2B5E7C1F700000000B9FDB5E7D1B9B1A377
:2061E000BBA40000C7B7B5E7D1B9B1A3BBA40000B1BECCE531B1A3BBA4000000B1BECCE5C5
:2062000032B1A3BBA4000000B1BECCE533B1A3BBA4000000245D0208A062020802060000F4
:206220002465020800000000245D0208B4620208020601002465020800000000245D0208F9
:20624000C8620208020602002465020800000000245D0208DC6202080206030024650208FC
:2062600000000000245D0208F0620208020604002465020800000000245D0208046302089C
:2062800002060500246502080000000000000000000000000000000000000000000000005E
:2062A00014620208000000000206000024650208396D000828620208000000000206010078
:2062C000246502085D7200083C620208000000000206020024650208DD76000850620208F8
:2062E0000000000002060300246502085D9500086462020800000000020604002465020897
:20630000E39500087862020800000000020605002465020885960008000000000000000056
:2063200000000000000000000000000001B1A3BBA4CCF8D5A2000000000000000002B1A318
:20634000BBA4BACFD5A2000000000000000003B8E6BEAFB3F6BFDA0000000000000000048A
:20636000B6AFD7F7B3F6BFDA000000000000000005D2A3BFD8BACFD5A20000000000000097
:206380000006D2A3BFD8CCF8D5A2000000000000000007B1B8D3C3B3F6BFDA000000000068
:2063A0000000000EB1B3B9E2BFD8D6C60000000000000000B9FDC1F749B6CE000000000062
:2063C000B9FDC1F74949B6CE00000000B7B4CAB1CFDEB9FDC1F70000B9FDB8BABAC9B1A339
:2063E000BBA40000B8DFD1B9B2E0C1E3C1F70000D6D8CDDFCBB9B1A3BBA40000C7E1CDDF4A
:20640000CBB9B1A3BBA40000B3ACB8DFCEC2B1A3BBA40000CEC2B6C8B8DFB1A3BBA40000B4
:20642000B5CDB5E7D1B9B1A3BBA400000720493D20010D3349303D01193349303D011A33EC
:2064400049303D010E20463D20090F4946323D01105542503D001120553D20001249323DBC
:2064600020011349453D20011449503D2001253355303D002949313D20012B20553D2000D9
:206480002C20553D20002D20493D20010007000018710208010400002C6F020802040000C0
:2064A000386F020803040000446F020804040000506F0208050400005C6F020806040000AE
:2064C000686F020807040000746F020808040000806F0208000000000000000000060000D8
:2064E000B46E020801040000986D020802040000A86D020803040000B86D020804040000F9
:20650000C86D0208050400000470020806040000D86D020807040000E86D020800000000F2
:2065200000000000000700009C6E0208010400008C6F020802040000986F02080304000018
:20654000A46F020804040000486D020805040000586D020806040000686D02080000000096
:206560000000000019E050F8041BCB0744BFA9F101035918121F0023042A41F8043BF9D212
:206580005FEA827C0B4604D54FF0000CA1F800C09B1CD10744BF0021197050F8042B002A09
:2065A000E1D17047E85C0208E0650208010200009468020800000000E85C0208F46502081B
:2065C0000102010094680208000000000000000000000000000000000000000000000000B1
:2065E000A4650208000000000102000094680208B94F0008B8650208000000000102010044
:20660000946802080D5100080000000000000000000000000000000000000000000400000A
:20662000000500000006000000080000000C00000010000000140000001E000000280000D1
:20664000003C000000500000006400000078000000A0000000C80000002000002520000005
:206660004320000072200000B6200000E62000000C2100005021000082210000C721000020
:20668000FA2100002122000041220000732200009B22000030B5016842688468014401EBD2
:2066A0005203D20748BF4C44994201D10C3030BD11F9012B11F8015B002A04F8015B02D54B
:2066C000521CF9D1F0E7521EF4D5EDE7FC5C020800000000020100008C6402087552000870
:2066E0000000000000000000000000000000000000000000105D0208000000000201000020
:206700008C640208475400080000000000000000000000000000000000000000385D02083D
:206720004467020802010000206A020800000000000000000000000000000000000000000D
:20674000000000001C6702080000000002010000206A02081161000800000000000000009B
:206760000000000000000000000000004C5D020800000000020100008C640208055A000802
:206780000000000000000000000000000000000000000000745D020800000000020100001B
:2067A0008C64020819970008000000000000000000000000000000000000000010B5074912
:2067C00079441831064C7C44163404E00A68081D114488470146A142F8D110BD9800000060
:2067E000B40000002020CDCBB3F6202000B5A5B4BFB9FDC1F700B1D5CBF8B9FDC1F700B77B
:20680000BDCFF2B9FDC1F7002020CDCBB3F620200020312DD2BBB0E3200020322DB7C7B35D
:20682000A3200020332DBCABB6CB20002020CDCBB3F6202000B5CDD1B9B6AFD7F700B5CD8B
:20684000D1B9B8E6BEAF00CAA7D1B9B6AFD7F7004EF68851CEF20001086840F4700008601B
:20686000BFF34F8FBFF36F8F4FF00070E1EE100A70470000F1FCFFFF005500008019002090
:206880000000000011FEFFFFF4090000140100000000002000070000906E020801040000A5
:2068A000286D020802040000386D020800000000000000002532642C2020252E2A7320202D
:2068C00020252E2A7320202025312E3466200A0D00000000302DCDCBB3F6000000312DCC2B
:2068E000F8D5A2000000322DB8E6BEAF000000002020CDCBB3F6202000B6CFCFDFB1D5CB7A
:20690000F800B6CFCFDFBFAAB7C5000025303258CAB125303258B7D625303258C3EB2530BF
:206920003364BAC1C3EB000020C3FBB3C62020202020B5A5CEBB2020202020CFB5CAFD0AC8
:206940000D0000002532642C2020252E2A73202020252E2A73202020252E3766200A0D003C
:2069600080250000C012000060090000B0040000004B000000E1000000C2010000F00BF8A1
:20698000002801D0FFF71AFF0020AFF30080FCF7F7FB00F002F80120704700F001B800005D
:2069A0000746384600F002F8FBE7000080B5AFF30080024A11001820ABBEFBE726000200E1
:2069C00020B1E4D1B9C6F7B1A3BBA4B2E2BFD8D7B0D6C32000000000253034642E253458D1
:2069E000C4EA25303258D4C225303258C8D50000BEA7B6D4B1C8B6C82C20B2A2B0B4C8B78F
:206A0000C8CFBCFC00000000B1A3B4E62E202020202020202020202020202020000000002B
:206A200000060000A86E020801040000B06F020800000000000000000A0D20D2A3B2E2B50D
:206A4000E33A2025303264B8F62020200A0D000020D2A3D0C5B5E33A2025303264B8F62014
:206A600020200A0D0000000020B1E0BAC52020202020C3FBB3C620202020200A0D00000001
:206A800020D2A3BFD8B5E33A2025303264B8F62020200A0D00000000560020412053B6C820
:206AA000B7D62057B7A620206D73485A2020CFDFC2B7B1A3BBA4B2E2BFD8D7B0D6C300004E
:206AC00020B5E7B6AFBBFAB1A3BBA4B2E2BFD8D7B0D6C300302DCDCBB3F6000000312DCD19
:206AE000B6C8EB000000000020B2D9D7F7B0E5200020BFAAC8EBB0E5200000002020C9CF36
:206B0000BCFCBFA8D7A1C7EBBCECB2E900000000CDCBB3F6BCFCBFA8D7A1C7EBBCECB2E91C
:206B200000000000C8B7C8CFBCFCBFA8D7A1C7EBBCECB2E9000000002020D3D2BCFCBFA8AF
:206B4000D7A1C7EBBCECB2E9000000002020CFC2BCFCBFA8D7A1C7EBBCECB2E9000000006B
:206B60002020D7F3BCFCBFA8D7A1C7EBBCECB2E900000000B8B4B9E9BCFCBFA8D7A1C7EB28
:206B8000BCECB2E900000000B0B4C9CFCFC2BCFCBFC9D2D4B5F7BDDAD2BA00002020CAB1B5
:206BA0002020B7D62020C3EB202020BAC1C3EB00202020C3DCC2EBB4EDCEF32120202020E2
:206BC000000000002020CAC7B7F1B1A3B4E6B2CECAFD3F20000000002020B1A3B4E6B2CEFA
:206BE000CAFDB3C9B9A621200000000000000000E85C020800010000000000000000000063
:206C00002532642C202020BFAAB9D8D2A3BFD820200A0D002532642C202020B1A3BBA4B81E
:206C2000B4B9E920200A0D0040404070204080000404041C0804020132303232C4EA303488
:206C4000D4C23230C8D50000B0E6B1BEBAC53A415446322E30300000B1A3BBA4B6A8D6B5AA
:206C6000D0DEB8C400000000D1B9B0E5CDB6CDCBC7D0BBBB00000000BBD6B8B4B3F6B3A7A3
:206C8000C9E8D6C300000000D7B0D6C3B2CECAFDD0DEB8C400000000B1A3BBA4BBF9B1BE43
:206CA000C9E8D6C300000000B1A3BBA4C0E0D0CDD2D1B1E42C000000CEF1B1D8D6D8D0C2AE
:206CC000C9CFB5E721000000D2BABEA7B6D4B1C8B6C8D6B53A000000BCCCB5E7B1A3BBA451
:206CE000C8EDBCFE00000000CFB5CDB3B2CECAFDC8B1CAA12E2E2E00D1B9B0E5C8B1CAA169
:206D00002E2E2E2E2E2E0000B6A8D6B5C8B1CAA12E2E2E2E2E2E0000D6D8C6F4CFB5CDB312
:206D20002E2E2E2E2E2E0000312EB2E9BFB4B1A3BBA4D6B500000000322EB2E9BFB4B2E292
:206D4000C1BFD6B500000000342EC9BEB3FDCAC2BCFEBCC7C2BC0000352EC9BEB3FD534F0C
:206D600045BCC7C2BC200000362EC9BEB3FDB2D9D7F7BCC7C2BC000020B6A8D6B5C7F8B33D
:206D8000F6B4ED212000000020B6A8D6B5B9CCBBAFB3C9B9A6210000312ECFB5CDB3CAB149
:206DA000D6D3202020200000322E5253343835C9E8D6C32020200000332ED2A3D0C5CAB174
:206DC000BCE4C9E8D6C30000342EB2E2C1BFCFB5CAFDD0A3D7BC0000362ED2BABEA7B6D423
:206DE000B1C8B6C820200000372EB3F6B3A7C9E8D6C320202020000020202020C4EA2020BC
:206E0000D4C22020C8D50000C7EBCAE4C8EBD0C2C3DCC2EB3A0000002532642C2020252E5A
:206E20002A7320200A0D00002532642C20B1B8D3C320200A0D0000002532642C202020B109
:206E4000B8D3C320200A0D002532642C202020252E2A7320200A0D002532642C2020B1B86F
:206E6000D3C320200A0D000001488047014800472D550208F570020820202020202020208A
:206E8000000000002534642E2530326400000000BFCCB6C8CFD4CABE00000000CAC2B9CAD9
:206EA000D7B7D2E400000000B1A3BBA4B6A8D6B500000000B2CECAFDC9E8D6C30000000061
:206EC000CEDECAC2B9CABCC7C2BC0000CEDE534F45BCC7C2BC000000CEDEB2D9D7F7BCC7DA
:206EE000C2BC0000B6A8D6B5C7F8C7D0BBBB0000D7B0D6C3B8B4B9E900000000BFAAB9D837
:206F0000D2A3BFD800000000BFAAB3F6B2E2CAD400000000B4EDCEF3B4FAC2EB0000000064
:206F2000B2E2C1BFD0A3D7BC3A000000312EBFCCB6C8CFD4CABE0000322EBFAAC8EBCFD44B
:206F4000CABE0000332EBFAAB3F6BCECB2E20000342ECAC2B9CAD7B7D2E40000352EB1A38E
:206F6000BBA4B6A8D6B50000362ED1B9B0E5C9E8D6C30000372EB2CECAFDC9E8D6C3000006
:206F8000382EB0E6B1BED0C5CFA20000312ECAC2B9CABCC7C2BC0000322E534F45BCC7C285
:206FA000BC000000332EB2D9D7F7BCC7C2BC0000312ED5FBB6A8B6A8D6B50000B2E9BFB4D6
:206FC000B6A8D6B5C7F83A00D5FBB6A8B6A8D6B5C7F83A00B9CCBBAFB6A8D6B5C7F83A00EE
:206FE000C7D0BBBBB6A8D6B5C7F83A00C7EBCAE4C8EBC3DCC2EB3A00D1B9B0E5C3FBB3C6B3
:2070000000000000352EC3DCC2EBC9E8B6A800005253343835B5D8D6B73A00005253343807
:2070200035CBD9C2CA3A00005253343835B9E6D4BC3A000020D2A3B2E2C9CFCBCD3A00006F
:20704000D2A3D0C5CAB1BCE43A000000C9BEB3FDB3C9B9A621000000C9BEB3FDCAA7B0DC6A
:2070600021000000D0CD2020BAC53A2000000000D3EF2020D1D43A2000000000B2E2C1BF24
:20708000B5E33A2000000000CFDF2020C2B7202000000000B1E4D1B9C6F72020000000003B
:2070A000B5E7B6AFBBFA202000000000B5E7C8DDC6F7202000000000D6D0202020CEC420E4
:2070C00000000000456E676C6973682000000000B1A3B2E2B7D6BFAA20000000B1A3B2E2E0
:2070E000D2BBCCE520000000252E2A7320252E2A73255800AFF30080FFF7AAFBFFF73EFCC8
:207100002E303030000000002D253364000000002025336400000000D6F7B2CBB5A5000048
:20712000D2A3BFD800000000BECDB5D800000000CDA8B5C000000000B7F9D6B50000000006
:20714000CFE0BDC700000000B2E2C1BFD6B50000B1D5BACF00000000B7D6BFAA0000000058
:20716000B6AFD7F700000000B7B5BBD800000000B7A2C9FA00000000CFFBCAA70000000086
:20718000D7B4CCAC000000003936303000000000343830300000000032343030000000008B
:2071A00031323030000000004D4F444255530000C4CFD7D439340000B6FEB4CED6B50000D6
:2071C000D2BBB4CED6B50000D0A3D1E9C2EB3A00554950514F4B21006D7300004F4E20006A
:2071E0004F464600FFF7FEBFFFF7FEBFFFF7FEBFFFF7FEBFFFF7FEBFFFF7FEBFFFF7FEBFCF
:20720000FFF7FEBFFFF7FEBFFFF7FEBFFFF7FEBFFFF7FEBFFFF7FEBFFFF7FEBFFFF7FEBFD6
:20722000FFF7FEBFFFF7FEBFFFF7FEBFFFF7FEBFFFF7FEBFFFF7FEBFFFF7FEBFFFF7FEBFB6
:20724000FFF7FEBFFFF7FEBFFFF7FEBFFFF7FEBFFFF7FEBFFFF7FEBFFFF7FEBFFFF7FEBF96
:20726000FFF7FEBFFFF7FEBFFFF7FEBFFFF7FEBFFFF7FEBFFFF7FEBFFFF7FEBF270B303196
:2072800032333435363738392011303132333435363738394142434445462000005A525251
:2072A0003931314620FC00075A52523932314620FC00075A52523935314620FC00FC203379
:2072C00000204120200020422020002041422000204320200020434120002042432000413B
:2072E00042432000010203040607080902040608020C0810E400F8FFDC00FAFF8100D10085
:2073000004F401180008FFFFFFFFFFFFFFFFFFFFFFFFFFFFFFFFFFFFFFFFFFFFFFFFFFFF6E
:20732000FFFFFFFFFFFFFFFFFFFFFFFFFFFFFFFFFFFFFFFFFFFFFFFFFFFFFFFFFFFFFFFF6D
:20734000FFFFFFFFFFFFFFFFFFFFFFFFFFFFFFFFFFFFFFFFFFFFFFFFFFFFFFFFFFFFFFFF4D
:20736000FFFFFFFFFFFFFFFFFFFFFFFFFFFFFFFFFFFFFFFFFFFFFFFFFFFFFFFFFFFFFFFF2D
:20738000FFFFFFFFFFFFFFFFFFFFFFFFFFFFFFFFFFFFFFFFFFFFFFFFFFFFFFFFFFFFFFFF0D
:2073A000FFFFFFFFFFFFFFFFFFFFFFFFFFFFFFFFFFFFFFFFFFFFFFFFFFFFFFFFFFFFFFFFED
:2073C000FFFFFFFFFFFFFFFFFFFFFFFFFFFFFFFFFFFFFFFFFFFFFFFFFFFFFFFFFFFFFFFFCD
:2073E000FFFFFFFFFFFFFFFFFFFFFFFFFFFFFFFFFFFFFFFFFFFFFFFFFFFFFFFFFFFFFFFFAD
:20740000FFFFFFFFFFFFFFFFFFFFFFFFFFFFFFFFFFFFFFFFFFFFFFFFFFFFFFFFFFFFFFFF8C
:20742000FFFFFFFFFFFFFFFFFFFFFFFFFFFFFFFFFFFFFFFFFFFFFFFFFFFFFFFFFFFFFFFF6C
:20744000FFFFFFFFFFFFFFFFFFFFFFFFFFFFFFFFFFFFFFFFFFFFFFFFFFFFFFFFFFFFFFFF4C
:20746000FFFFFFFFFFFFFFFFFFFFFFFFFFFFFFFFFFFFFFFFFFFFFFFFFFFFFFFFFFFFFFFF2C
:20748000FFFFFFFFFFFFFFFFFFFFFFFFFFFFFFFFFFFFFFFFFFFFFFFFFFFFFFFFFFFFFFFF0C
:2074A000FFFFFFFFFFFFFFFFFFFFFFFFFFFFFFFFFFFFFFFFFFFFFFFFFFFFFFFFFFFFFFFFEC
:2074C000FFFFFFFFFFFFFFFFFFFFFFFFFFFFFFFFFFFFFFFFFFFFFFFFFFFFFFFFFFFFFFFFCC
:2074E000FFFFFFFFFFFFFFFFFFFFFFFFFFFFFFFFFFFFFFFFFFFFFFFFFFFFFFFFFFFFFFFFAC
:20750000FFFFFFFFFFFFFFFFFFFFFFFFFFFFFFFFFFFFFFFFFFFFFFFFFFFFFFFFFFFFFFFF8B
:20752000FFFFFFFFFFFFFFFFFFFFFFFFFFFFFFFFFFFFFFFFFFFFFFFFFFFFFFFFFFFFFFFF6B
:20754000FFFFFFFFFFFFFFFFFFFFFFFFFFFFFFFFFFFFFFFFFFFFFFFFFFFFFFFFFFFFFFFF4B
:20756000FFFFFFFFFFFFFFFFFFFFFFFFFFFFFFFFFFFFFFFFFFFFFFFFFFFFFFFFFFFFFFFF2B
:20758000FFFFFFFFFFFFFFFFFFFFFFFFFFFFFFFFFFFFFFFFFFFFFFFFFFFFFFFFFFFFFFFF0B
:2075A000FFFFFFFFFFFFFFFFFFFFFFFFFFFFFFFFFFFFFFFFFFFFFFFFFFFFFFFFFFFFFFFFEB
:2075C000FFFFFFFFFFFFFFFFFFFFFFFFFFFFFFFFFFFFFFFFFFFFFFFFFFFFFFFFFFFFFFFFCB
:2075E000FFFFFFFFFFFFFFFFFFFFFFFFFFFFFFFFFFFFFFFFFFFFFFFFFFFFFFFFFFFFFFFFAB
:20760000FFFFFFFFFFFFFFFFFFFFFFFFFFFFFFFFFFFFFFFFFFFFFFFFFFFFFFFFFFFFFFFF8A
:20762000FFFFFFFFFFFFFFFFFFFFFFFFFFFFFFFFFFFFFFFFFFFFFFFFFFFFFFFFFFFFFFFF6A
:20764000FFFFFFFFFFFFFFFFFFFFFFFFFFFFFFFFFFFFFFFFFFFFFFFFFFFFFFFFFFFFFFFF4A
:20766000FFFFFFFFFFFFFFFFFFFFFFFFFFFFFFFFFFFFFFFFFFFFFFFFFFFFFFFFFFFFFFFF2A
:20768000FFFFFFFFFFFFFFFFFFFFFFFFFFFFFFFFFFFFFFFFFFFFFFFFFFFFFFFFFFFFFFFF0A
:2076A000FFFFFFFFFFFFFFFFFFFFFFFFFFFFFFFFFFFFFFFFFFFFFFFFFFFFFFFFFFFFFFFFEA
:2076C000FFFFFFFFFFFFFFFFFFFFFFFFFFFFFFFFFFFFFFFFFFFFFFFFFFFFFFFFFFFFFFFFCA
:2076E000FFFFFFFFFFFFFFFFFFFFFFFFFFFFFFFFFFFFFFFFFFFFFFFFFFFFFFFFFFFFFFFFAA
:20770000FFFFFFFFFFFFFFFFFFFFFFFFFFFFFFFFFFFFFFFFFFFFFFFFFFFFFFFFFFFFFFFF89
:20772000FFFFFFFFFFFFFFFFFFFFFFFFFFFFFFFFFFFFFFFFFFFFFFFFFFFFFFFFFFFFFFFF69
:20774000FFFFFFFFFFFFFFFFFFFFFFFFFFFFFFFFFFFFFFFFFFFFFFFFFFFFFFFFFFFFFFFF49
:20776000FFFFFFFFFFFFFFFFFFFFFFFFFFFFFFFFFFFFFFFFFFFFFFFFFFFFFFFFFFFFFFFF29
:20778000FFFFFFFFFFFFFFFFFFFFFFFFFFFFFFFFFFFFFFFFFFFFFFFFFFFFFFFFFFFFFFFF09
:2077A000FFFFFFFFFFFFFFFFFFFFFFFFFFFFFFFFFFFFFFFFFFFFFFFFFFFFFFFFFFFFFFFFE9
:2077C000FFFFFFFFFFFFFFFFFFFFFFFFFFFFFFFFFFFFFFFFFFFFFFFFFFFFFFFFFFFFFFFFC9
:2077E000FFFFFFFFFFFFFFFFFFFFFFFFFFFFFFFFFFFFFFFFFFFFFFFFFFFFFFFFFFFFFFFFA9
:20780000FFFFFFFFFFFFFFFFFFFFFFFFFFFFFFFFFFFFFFFFFFFFFFFFFFFFFFFFFFFFFFFF88
:20782000FFFFFFFFFFFFFFFFFFFFFFFFFFFFFFFFFFFFFFFFFFFFFFFFFFFFFFFFFFFFFFFF68
:20784000FFFFFFFFFFFFFFFFFFFFFFFFFFFFFFFFFFFFFFFFFFFFFFFFFFFFFFFFFFFFFFFF48
:20786000FFFFFFFFFFFFFFFFFFFFFFFFFFFFFFFFFFFFFFFFFFFFFFFFFFFFFFFFFFFFFFFF28
:20788000FFFFFFFFFFFFFFFFFFFFFFFFFFFFFFFFFFFFFFFFFFFFFFFFFFFFFFFFFFFFFFFF08
:2078A000FFFFFFFFFFFFFFFFFFFFFFFFFFFFFFFFFFFFFFFFFFFFFFFFFFFFFFFFFFFFFFFFE8
:2078C000FFFFFFFFFFFFFFFFFFFFFFFFFFFFFFFFFFFFFFFFFFFFFFFFFFFFFFFFFFFFFFFFC8
:2078E000FFFFFFFFFFFFFFFFFFFFFFFFFFFFFFFFFFFFFFFFFFFFFFFFFFFFFFFFFFFFFFFFA8
:20790000FFFFFFFFFFFFFFFFFFFFFFFFFFFFFFFFFFFFFFFFFFFFFFFFFFFFFFFFFFFFFFFF87
:20792000FFFFFFFFFFFFFFFFFFFFFFFFFFFFFFFFFFFFFFFFFFFFFFFFFFFFFFFFFFFFFFFF67
:20794000FFFFFFFFFFFFFFFFFFFFFFFFFFFFFFFFFFFFFFFFFFFFFFFFFFFFFFFFFFFFFFFF47
:20796000FFFFFFFFFFFFFFFFFFFFFFFFFFFFFFFFFFFFFFFFFFFFFFFFFFFFFFFFFFFFFFFF27
:20798000FFFFFFFFFFFFFFFFFFFFFFFFFFFFFFFFFFFFFFFFFFFFFFFFFFFFFFFFFFFFFFFF07
:2079A000FFFFFFFFFFFFFFFFFFFFFFFFFFFFFFFFFFFFFFFFFFFFFFFFFFFFFFFFFFFFFFFFE7
:2079C000FFFFFFFFFFFFFFFFFFFFFFFFFFFFFFFFFFFFFFFFFFFFFFFFFFFFFFFFFFFFFFFFC7
:2079E000FFFFFFFFFFFFFFFFFFFFFFFFFFFFFFFFFFFFFFFFFFFFFFFFFFFFFFFFFFFFFFFFA7
:207A0000FFFFFFFFFFFFFFFFFFFFFFFFFFFFFFFFFFFFFFFFFFFFFFFFFFFFFFFFFFFFFFFF86
:207A2000FFFFFFFFFFFFFFFFFFFFFFFFFFFFFFFFFFFFFFFFFFFFFFFFFFFFFFFFFFFFFFFF66
:207A4000FFFFFFFFFFFFFFFFFFFFFFFFFFFFFFFFFFFFFFFFFFFFFFFFFFFFFFFFFFFFFFFF46
:207A6000FFFFFFFFFFFFFFFFFFFFFFFFFFFFFFFFFFFFFFFFFFFFFFFFFFFFFFFFFFFFFFFF26
:207A8000FFFFFFFFFFFFFFFFFFFFFFFFFFFFFFFFFFFFFFFFFFFFFFFFFFFFFFFFFFFFFFFF06
:207AA000FFFFFFFFFFFFFFFFFFFFFFFFFFFFFFFFFFFFFFFFFFFFFFFFFFFFFFFFFFFFFFFFE6
:207AC000FFFFFFFFFFFFFFFFFFFFFFFFFFFFFFFFFFFFFFFFFFFFFFFFFFFFFFFFFFFFFFFFC6
:207AE000FFFFFFFFFFFFFFFFFFFFFFFFFFFFFFFFFFFFFFFFFFFFFFFFFFFFFFFFFFFFFFFFA6
:207B0000FFFFFFFFFFFFFFFFFFFFFFFFFFFFFFFFFFFFFFFFFFFFFFFFFFFFFFFFFFFFFFFF85
:207B2000FFFFFFFFFFFFFFFFFFFFFFFFFFFFFFFFFFFFFFFFFFFFFFFFFFFFFFFFFFFFFFFF65
:207B4000FFFFFFFFFFFFFFFFFFFFFFFFFFFFFFFFFFFFFFFFFFFFFFFFFFFFFFFFFFFFFFFF45
:207B6000FFFFFFFFFFFFFFFFFFFFFFFFFFFFFFFFFFFFFFFFFFFFFFFFFFFFFFFFFFFFFFFF25
:207B8000FFFFFFFFFFFFFFFFFFFFFFFFFFFFFFFFFFFFFFFFFFFFFFFFFFFFFFFFFFFFFFFF05
:207BA000FFFFFFFFFFFFFFFFFFFFFFFFFFFFFFFFFFFFFFFFFFFFFFFFFFFFFFFFFFFFFFFFE5
:207BC000FFFFFFFFFFFFFFFFFFFFFFFFFFFFFFFFFFFFFFFFFFFFFFFFFFFFFFFFFFFFFFFFC5
:207BE000FFFFFFFFFFFFFFFFFFFFFFFFFFFFFFFFFFFFFFFFFFFFFFFFFFFFFFFFFFFFFFFFA5
:207C0000FFFFFFFFFFFFFFFFFFFFFFFFFFFFFFFFFFFFFFFFFFFFFFFFFFFFFFFFFFFFFFFF84
:207C2000FFFFFFFFFFFFFFFFFFFFFFFFFFFFFFFFFFFFFFFFFFFFFFFFFFFFFFFFFFFFFFFF64
:207C4000FFFFFFFFFFFFFFFFFFFFFFFFFFFFFFFFFFFFFFFFFFFFFFFFFFFFFFFFFFFFFFFF44
:207C6000FFFFFFFFFFFFFFFFFFFFFFFFFFFFFFFFFFFFFFFFFFFFFFFFFFFFFFFFFFFFFFFF24
:207C8000FFFFFFFFFFFFFFFFFFFFFFFFFFFFFFFFFFFFFFFFFFFFFFFFFFFFFFFFFFFFFFFF04
:207CA000FFFFFFFFFFFFFFFFFFFFFFFFFFFFFFFFFFFFFFFFFFFFFFFFFFFFFFFFFFFFFFFFE4
:207CC000FFFFFFFFFFFFFFFFFFFFFFFFFFFFFFFFFFFFFFFFFFFFFFFFFFFFFFFFFFFFFFFFC4
:207CE000FFFFFFFFFFFFFFFFFFFFFFFFFFFFFFFFFFFFFFFFFFFFFFFFFFFFFFFFFFFFFFFFA4
:207D0000FFFFFFFFFFFFFFFFFFFFFFFFFFFFFFFFFFFFFFFFFFFFFFFFFFFFFFFFFFFFFFFF83
:207D2000FFFFFFFFFFFFFFFFFFFFFFFFFFFFFFFFFFFFFFFFFFFFFFFFFFFFFFFFFFFFFFFF63
:207D4000FFFFFFFFFFFFFFFFFFFFFFFFFFFFFFFFFFFFFFFFFFFFFFFFFFFFFFFFFFFFFFFF43
:207D6000FFFFFFFFFFFFFFFFFFFFFFFFFFFFFFFFFFFFFFFFFFFFFFFFFFFFFFFFFFFFFFFF23
:207D8000FFFFFFFFFFFFFFFFFFFFFFFFFFFFFFFFFFFFFFFFFFFFFFFFFFFFFFFFFFFFFFFF03
:207DA000FFFFFFFFFFFFFFFFFFFFFFFFFFFFFFFFFFFFFFFFFFFFFFFFFFFFFFFFFFFFFFFFE3
:207DC000FFFFFFFFFFFFFFFFFFFFFFFFFFFFFFFFFFFFFFFFFFFFFFFFFFFFFFFFFFFFFFFFC3
:207DE000FFFFFFFFFFFFFFFFFFFFFFFFFFFFFFFFFFFFFFFFFFFFFFFFFFFFFFFFFFFFFFFFA3
:207E0000FFFFFFFFFFFFFFFFFFFFFFFFFFFFFFFFFFFFFFFFFFFFFFFFFFFFFFFFFFFFFFFF82
:207E2000FFFFFFFFFFFFFFFFFFFFFFFFFFFFFFFFFFFFFFFFFFFFFFFFFFFFFFFFFFFFFFFF62
:207E4000FFFFFFFFFFFFFFFFFFFFFFFFFFFFFFFFFFFFFFFFFFFFFFFFFFFFFFFFFFFFFFFF42
:207E6000FFFFFFFFFFFFFFFFFFFFFFFFFFFFFFFFFFFFFFFFFFFFFFFFFFFFFFFFFFFFFFFF22
:207E8000FFFFFFFFFFFFFFFFFFFFFFFFFFFFFFFFFFFFFFFFFFFFFFFFFFFFFFFFFFFFFFFF02
:207EA000FFFFFFFFFFFFFFFFFFFFFFFFFFFFFFFFFFFFFFFFFFFFFFFFFFFFFFFFFFFFFFFFE2
:207EC000FFFFFFFFFFFFFFFFFFFFFFFFFFFFFFFFFFFFFFFFFFFFFFFFFFFFFFFFFFFFFFFFC2
:207EE000FFFFFFFFFFFFFFFFFFFFFFFFFFFFFFFFFFFFFFFFFFFFFFFFFFFFFFFFFFFFFFFFA2
:207F0000FFFFFFFFFFFFFFFFFFFFFFFFFFFFFFFFFFFFFFFFFFFFFFFFFFFFFFFFFFFFFFFF81
:207F2000FFFFFFFFFFFFFFFFFFFFFFFFFFFFFFFFFFFFFFFFFFFFFFFFFFFFFFFFFFFFFFFF61
:207F4000FFFFFFFFFFFFFFFFFFFFFFFFFFFFFFFFFFFFFFFFFFFFFFFFFFFFFFFFFFFFFFFF41
:207F6000FFFFFFFFFFFFFFFFFFFFFFFFFFFFFFFFFFFFFFFFFFFFFFFFFFFFFFFFFFFFFFFF21
:207F8000FFFFFFFFFFFFFFFFFFFFFFFFFFFFFFFFFFFFFFFFFFFFFFFFFFFFFFFFFFFFFFFF01
:207FA000FFFFFFFFFFFFFFFFFFFFFFFFFFFFFFFFFFFFFFFFFFFFFFFFFFFFFFFFFFFFFFFFE1
:207FC000FFFFFFFFFFFFFFFFFFFFFFFFFFFFFFFFFFFFFFFFFFFFFFFFFFFFFFFFFFFFFFFFC1
:207FE000FFFFFFFFFFFFFFFFFFFFFFFFFFFFFFFFFFFFFFFFFFFFFFFFFFFFFFFFFFFFFFFFA1
:20800000FFFFFFFFFFFFFFFFFFFFFFFFFFFFFFFFFFFFFFFFFFFFFFFFFFFFFFFFFFFFFFFF80
:20802000FFFFFFFFFFFFFFFFFFFFFFFFFFFFFFFFFFFFFFFFFFFFFFFFFFFFFFFFFFFFFFFF60
:20804000FFFFFFFFFFFFFFFFFFFFFFFFFFFFFFFFFFFFFFFFFFFFFFFFFFFFFFFFFFFFFFFF40
:20806000FFFFFFFFFFFFFFFFFFFFFFFFFFFFFFFFFFFFFFFFFFFFFFFFFFFFFFFFFFFFFFFF20
:20808000FFFFFFFFFFFFFFFFFFFFFFFFFFFFFFFFFFFFFFFFFFFFFFFFFFFFFFFFFFFFFFFF00
:2080A000FFFFFFFFFFFFFFFFFFFFFFFFFFFFFFFFFFFFFFFFFFFFFFFFFFFFFFFFFFFFFFFFE0
:2080C000FFFFFFFFFFFFFFFFFFFFFFFFFFFFFFFFFFFFFFFFFFFFFFFFFFFFFFFFFFFFFFFFC0
:2080E000FFFFFFFFFFFFFFFFFFFFFFFFFFFFFFFFFFFFFFFFFFFFFFFFFFFFFFFFFFFFFFFFA0
:20810000FFFFFFFFFFFFFFFFFFFFFFFFFFFFFFFFFFFFFFFFFFFFFFFFFFFFFFFFFFFFFFFF7F
:20812000FFFFFFFFFFFFFFFFFFFFFFFFFFFFFFFFFFFFFFFFFFFFFFFFFFFFFFFFFFFFFFFF5F
:20814000FFFFFFFFFFFFFFFFFFFFFFFFFFFFFFFFFFFFFFFFFFFFFFFFFFFFFFFFFFFFFFFF3F
:20816000FFFFFFFFFFFFFFFFFFFFFFFFFFFFFFFFFFFFFFFFFFFFFFFFFFFFFFFFFFFFFFFF1F
:20818000FFFFFFFFFFFFFFFFFFFFFFFFFFFFFFFFFFFFFFFFFFFFFFFFFFFFFFFFFFFFFFFFFF
:2081A000FFFFFFFFFFFFFFFFFFFFFFFFFFFFFFFFFFFFFFFFFFFFFFFFFFFFFFFFFFFFFFFFDF
:2081C000FFFFFFFFFFFFFFFFFFFFFFFFFFFFFFFFFFFFFFFFFFFFFFFFFFFFFFFFFFFFFFFFBF
:2081E000FFFFFFFFFFFFFFFFFFFFFFFFFFFFFFFFFFFFFFFFFFFFFFFFFFFFFFFFFFFFFFFF9F
:20820000FFFFFFFFFFFFFFFFFFFFFFFFFFFFFFFFFFFFFFFFFFFFFFFFFFFFFFFFFFFFFFFF7E
:20822000FFFFFFFFFFFFFFFFFFFFFFFFFFFFFFFFFFFFFFFFFFFFFFFFFFFFFFFFFFFFFFFF5E
:20824000FFFFFFFFFFFFFFFFFFFFFFFFFFFFFFFFFFFFFFFFFFFFFFFFFFFFFFFFFFFFFFFF3E
:20826000FFFFFFFFFFFFFFFFFFFFFFFFFFFFFFFFFFFFFFFFFFFFFFFFFFFFFFFFFFFFFFFF1E
:20828000FFFFFFFFFFFFFFFFFFFFFFFFFFFFFFFFFFFFFFFFFFFFFFFFFFFFFFFFFFFFFFFFFE
:2082A000FFFFFFFFFFFFFFFFFFFFFFFFFFFFFFFFFFFFFFFFFFFFFFFFFFFFFFFFFFFFFFFFDE
:2082C000FFFFFFFFFFFFFFFFFFFFFFFFFFFFFFFFFFFFFFFFFFFFFFFFFFFFFFFFFFFFFFFFBE
:2082E000FFFFFFFFFFFFFFFFFFFFFFFFFFFFFFFFFFFFFFFFFFFFFFFFFFFFFFFFFFFFFFFF9E
:20830000FFFFFFFFFFFFFFFFFFFFFFFFFFFFFFFFFFFFFFFFFFFFFFFFFFFFFFFFFFFFFFFF7D
:20832000FFFFFFFFFFFFFFFFFFFFFFFFFFFFFFFFFFFFFFFFFFFFFFFFFFFFFFFFFFFFFFFF5D
:20834000FFFFFFFFFFFFFFFFFFFFFFFFFFFFFFFFFFFFFFFFFFFFFFFFFFFFFFFFFFFFFFFF3D
:20836000FFFFFFFFFFFFFFFFFFFFFFFFFFFFFFFFFFFFFFFFFFFFFFFFFFFFFFFFFFFFFFFF1D
:20838000FFFFFFFFFFFFFFFFFFFFFFFFFFFFFFFFFFFFFFFFFFFFFFFFFFFFFFFFFFFFFFFFFD
:2083A000FFFFFFFFFFFFFFFFFFFFFFFFFFFFFFFFFFFFFFFFFFFFFFFFFFFFFFFFFFFFFFFFDD
:2083C000FFFFFFFFFFFFFFFFFFFFFFFFFFFFFFFFFFFFFFFFFFFFFFFFFFFFFFFFFFFFFFFFBD
:2083E000FFFFFFFFFFFFFFFFFFFFFFFFFFFFFFFFFFFFFFFFFFFFFFFFFFFFFFFFFFFFFFFF9D
:20840000FFFFFFFFFFFFFFFFFFFFFFFFFFFFFFFFFFFFFFFFFFFFFFFFFFFFFFFFFFFFFFFF7C
:20842000FFFFFFFFFFFFFFFFFFFFFFFFFFFFFFFFFFFFFFFFFFFFFFFFFFFFFFFFFFFFFFFF5C
:20844000FFFFFFFFFFFFFFFFFFFFFFFFFFFFFFFFFFFFFFFFFFFFFFFFFFFFFFFFFFFFFFFF3C
:20846000FFFFFFFFFFFFFFFFFFFFFFFFFFFFFFFFFFFFFFFFFFFFFFFFFFFFFFFFFFFFFFFF1C
:20848000FFFFFFFFFFFFFFFFFFFFFFFFFFFFFFFFFFFFFFFFFFFFFFFFFFFFFFFFFFFFFFFFFC
:2084A000FFFFFFFFFFFFFFFFFFFFFFFFFFFFFFFFFFFFFFFFFFFFFFFFFFFFFFFFFFFFFFFFDC
:2084C000FFFFFFFFFFFFFFFFFFFFFFFFFFFFFFFFFFFFFFFFFFFFFFFFFFFFFFFFFFFFFFFFBC
:2084E000FFFFFFFFFFFFFFFFFFFFFFFFFFFFFFFFFFFFFFFFFFFFFFFFFFFFFFFFFFFFFFFF9C
:20850000FFFFFFFFFFFFFFFFFFFFFFFFFFFFFFFFFFFFFFFFFFFFFFFFFFFFFFFFFFFFFFFF7B
:20852000FFFFFFFFFFFFFFFFFFFFFFFFFFFFFFFFFFFFFFFFFFFFFFFFFFFFFFFFFFFFFFFF5B
:20854000FFFFFFFFFFFFFFFFFFFFFFFFFFFFFFFFFFFFFFFFFFFFFFFFFFFFFFFFFFFFFFFF3B
:20856000FFFFFFFFFFFFFFFFFFFFFFFFFFFFFFFFFFFFFFFFFFFFFFFFFFFFFFFFFFFFFFFF1B
:20858000FFFFFFFFFFFFFFFFFFFFFFFFFFFFFFFFFFFFFFFFFFFFFFFFFFFFFFFFFFFFFFFFFB
:2085A000FFFFFFFFFFFFFFFFFFFFFFFFFFFFFFFFFFFFFFFFFFFFFFFFFFFFFFFFFFFFFFFFDB
:2085C000FFFFFFFFFFFFFFFFFFFFFFFFFFFFFFFFFFFFFFFFFFFFFFFFFFFFFFFFFFFFFFFFBB
:2085E000FFFFFFFFFFFFFFFFFFFFFFFFFFFFFFFFFFFFFFFFFFFFFFFFFFFFFFFFFFFFFFFF9B
:20860000FFFFFFFFFFFFFFFFFFFFFFFFFFFFFFFFFFFFFFFFFFFFFFFFFFFFFFFFFFFFFFFF7A
:20862000FFFFFFFFFFFFFFFFFFFFFFFFFFFFFFFFFFFFFFFFFFFFFFFFFFFFFFFFFFFFFFFF5A
:20864000FFFFFFFFFFFFFFFFFFFFFFFFFFFFFFFFFFFFFFFFFFFFFFFFFFFFFFFFFFFFFFFF3A
:20866000FFFFFFFFFFFFFFFFFFFFFFFFFFFFFFFFFFFFFFFFFFFFFFFFFFFFFFFFFFFFFFFF1A
:20868000FFFFFFFFFFFFFFFFFFFFFFFFFFFFFFFFFFFFFFFFFFFFFFFFFFFFFFFFFFFFFFFFFA
:2086A000FFFFFFFFFFFFFFFFFFFFFFFFFFFFFFFFFFFFFFFFFFFFFFFFFFFFFFFFFFFFFFFFDA
:2086C000FFFFFFFFFFFFFFFFFFFFFFFFFFFFFFFFFFFFFFFFFFFFFFFFFFFFFFFFFFFFFFFFBA
:2086E000FFFFFFFFFFFFFFFFFFFFFFFFFFFFFFFFFFFFFFFFFFFFFFFFFFFFFFFFFFFFFFFF9A
:20870000FFFFFFFFFFFFFFFFFFFFFFFFFFFFFFFFFFFFFFFFFFFFFFFFFFFFFFFFFFFFFFFF79
:20872000FFFFFFFFFFFFFFFFFFFFFFFFFFFFFFFFFFFFFFFFFFFFFFFFFFFFFFFFFFFFFFFF59
:20874000FFFFFFFFFFFFFFFFFFFFFFFFFFFFFFFFFFFFFFFFFFFFFFFFFFFFFFFFFFFFFFFF39
:20876000FFFFFFFFFFFFFFFFFFFFFFFFFFFFFFFFFFFFFFFFFFFFFFFFFFFFFFFFFFFFFFFF19
:20878000FFFFFFFFFFFFFFFFFFFFFFFFFFFFFFFFFFFFFFFFFFFFFFFFFFFFFFFFFFFFFFFFF9
:2087A000FFFFFFFFFFFFFFFFFFFFFFFFFFFFFFFFFFFFFFFFFFFFFFFFFFFFFFFFFFFFFFFFD9
:2087C000FFFFFFFFFFFFFFFFFFFFFFFFFFFFFFFFFFFFFFFFFFFFFFFFFFFFFFFFFFFFFFFFB9
:2087E000FFFFFFFFFFFFFFFFFFFFFFFFFFFFFFFFFFFFFFFFFFFFFFFFFFFFFFFFFFFFFFFF99
:20880000FFFFFFFFFFFFFFFFFFFFFFFFFFFFFFFFFFFFFFFFFFFFFFFFFFFFFFFFFFFFFFFF78
:20882000FFFFFFFFFFFFFFFFFFFFFFFFFFFFFFFFFFFFFFFFFFFFFFFFFFFFFFFFFFFFFFFF58
:20884000FFFFFFFFFFFFFFFFFFFFFFFFFFFFFFFFFFFFFFFFFFFFFFFFFFFFFFFFFFFFFFFF38
:20886000FFFFFFFFFFFFFFFFFFFFFFFFFFFFFFFFFFFFFFFFFFFFFFFFFFFFFFFFFFFFFFFF18
:20888000FFFFFFFFFFFFFFFFFFFFFFFFFFFFFFFFFFFFFFFFFFFFFFFFFFFFFFFFFFFFFFFFF8
:2088A000FFFFFFFFFFFFFFFFFFFFFFFFFFFFFFFFFFFFFFFFFFFFFFFFFFFFFFFFFFFFFFFFD8
:2088C000FFFFFFFFFFFFFFFFFFFFFFFFFFFFFFFFFFFFFFFFFFFFFFFFFFFFFFFFFFFFFFFFB8
:2088E000FFFFFFFFFFFFFFFFFFFFFFFFFFFFFFFFFFFFFFFFFFFFFFFFFFFFFFFFFFFFFFFF98
:20890000FFFFFFFFFFFFFFFFFFFFFFFFFFFFFFFFFFFFFFFFFFFFFFFFFFFFFFFFFFFFFFFF77
:20892000FFFFFFFFFFFFFFFFFFFFFFFFFFFFFFFFFFFFFFFFFFFFFFFFFFFFFFFFFFFFFFFF57
:20894000FFFFFFFFFFFFFFFFFFFFFFFFFFFFFFFFFFFFFFFFFFFFFFFFFFFFFFFFFFFFFFFF37
:20896000FFFFFFFFFFFFFFFFFFFFFFFFFFFFFFFFFFFFFFFFFFFFFFFFFFFFFFFFFFFFFFFF17
:20898000FFFFFFFFFFFFFFFFFFFFFFFFFFFFFFFFFFFFFFFFFFFFFFFFFFFFFFFFFFFFFFFFF7
:2089A000FFFFFFFFFFFFFFFFFFFFFFFFFFFFFFFFFFFFFFFFFFFFFFFFFFFFFFFFFFFFFFFFD7
:2089C000FFFFFFFFFFFFFFFFFFFFFFFFFFFFFFFFFFFFFFFFFFFFFFFFFFFFFFFFFFFFFFFFB7
:2089E000FFFFFFFFFFFFFFFFFFFFFFFFFFFFFFFFFFFFFFFFFFFFFFFFFFFFFFFFFFFFFFFF97
:208A0000FFFFFFFFFFFFFFFFFFFFFFFFFFFFFFFFFFFFFFFFFFFFFFFFFFFFFFFFFFFFFFFF76
:208A2000FFFFFFFFFFFFFFFFFFFFFFFFFFFFFFFFFFFFFFFFFFFFFFFFFFFFFFFFFFFFFFFF56
:208A4000FFFFFFFFFFFFFFFFFFFFFFFFFFFFFFFFFFFFFFFFFFFFFFFFFFFFFFFFFFFFFFFF36
:208A6000FFFFFFFFFFFFFFFFFFFFFFFFFFFFFFFFFFFFFFFFFFFFFFFFFFFFFFFFFFFFFFFF16
:208A8000FFFFFFFFFFFFFFFFFFFFFFFFFFFFFFFFFFFFFFFFFFFFFFFFFFFFFFFFFFFFFFFFF6
:208AA000FFFFFFFFFFFFFFFFFFFFFFFFFFFFFFFFFFFFFFFFFFFFFFFFFFFFFFFFFFFFFFFFD6
:208AC000FFFFFFFFFFFFFFFFFFFFFFFFFFFFFFFFFFFFFFFFFFFFFFFFFFFFFFFFFFFFFFFFB6
:208AE000FFFFFFFFFFFFFFFFFFFFFFFFFFFFFFFFFFFFFFFFFFFFFFFFFFFFFFFFFFFFFFFF96
:208B0000FFFFFFFFFFFFFFFFFFFFFFFFFFFFFFFFFFFFFFFFFFFFFFFFFFFFFFFFFFFFFFFF75
:208B2000FFFFFFFFFFFFFFFFFFFFFFFFFFFFFFFFFFFFFFFFFFFFFFFFFFFFFFFFFFFFFFFF55
:208B4000FFFFFFFFFFFFFFFFFFFFFFFFFFFFFFFFFFFFFFFFFFFFFFFFFFFFFFFFFFFFFFFF35
:208B6000FFFFFFFFFFFFFFFFFFFFFFFFFFFFFFFFFFFFFFFFFFFFFFFFFFFFFFFFFFFFFFFF15
:208B8000FFFFFFFFFFFFFFFFFFFFFFFFFFFFFFFFFFFFFFFFFFFFFFFFFFFFFFFFFFFFFFFFF5
:208BA000FFFFFFFFFFFFFFFFFFFFFFFFFFFFFFFFFFFFFFFFFFFFFFFFFFFFFFFFFFFFFFFFD5
:208BC000FFFFFFFFFFFFFFFFFFFFFFFFFFFFFFFFFFFFFFFFFFFFFFFFFFFFFFFFFFFFFFFFB5
:208BE000FFFFFFFFFFFFFFFFFFFFFFFFFFFFFFFFFFFFFFFFFFFFFFFFFFFFFFFFFFFFFFFF95
:208C0000FFFFFFFFFFFFFFFFFFFFFFFFFFFFFFFFFFFFFFFFFFFFFFFFFFFFFFFFFFFFFFFF74
:208C2000FFFFFFFFFFFFFFFFFFFFFFFFFFFFFFFFFFFFFFFFFFFFFFFFFFFFFFFFFFFFFFFF54
:208C4000FFFFFFFFFFFFFFFFFFFFFFFFFFFFFFFFFFFFFFFFFFFFFFFFFFFFFFFFFFFFFFFF34
:208C6000FFFFFFFFFFFFFFFFFFFFFFFFFFFFFFFFFFFFFFFFFFFFFFFFFFFFFFFFFFFFFFFF14
:208C8000FFFFFFFFFFFFFFFFFFFFFFFFFFFFFFFFFFFFFFFFFFFFFFFFFFFFFFFFFFFFFFFFF4
:208CA000FFFFFFFFFFFFFFFFFFFFFFFFFFFFFFFFFFFFFFFFFFFFFFFFFFFFFFFFFFFFFFFFD4
:208CC000FFFFFFFFFFFFFFFFFFFFFFFFFFFFFFFFFFFFFFFFFFFFFFFFFFFFFFFFFFFFFFFFB4
:208CE000FFFFFFFFFFFFFFFFFFFFFFFFFFFFFFFFFFFFFFFFFFFFFFFFFFFFFFFFFFFFFFFF94
:208D0000FFFFFFFFFFFFFFFFFFFFFFFFFFFFFFFFFFFFFFFFFFFFFFFFFFFFFFFFFFFFFFFF73
:208D2000FFFFFFFFFFFFFFFFFFFFFFFFFFFFFFFFFFFFFFFFFFFFFFFFFFFFFFFFFFFFFFFF53
:208D4000FFFFFFFFFFFFFFFFFFFFFFFFFFFFFFFFFFFFFFFFFFFFFFFFFFFFFFFFFFFFFFFF33
:208D6000FFFFFFFFFFFFFFFFFFFFFFFFFFFFFFFFFFFFFFFFFFFFFFFFFFFFFFFFFFFFFFFF13
:208D8000FFFFFFFFFFFFFFFFFFFFFFFFFFFFFFFFFFFFFFFFFFFFFFFFFFFFFFFFFFFFFFFFF3
:208DA000FFFFFFFFFFFFFFFFFFFFFFFFFFFFFFFFFFFFFFFFFFFFFFFFFFFFFFFFFFFFFFFFD3
:208DC000FFFFFFFFFFFFFFFFFFFFFFFFFFFFFFFFFFFFFFFFFFFFFFFFFFFFFFFFFFFFFFFFB3
:208DE000FFFFFFFFFFFFFFFFFFFFFFFFFFFFFFFFFFFFFFFFFFFFFFFFFFFFFFFFFFFFFFFF93
:208E0000FFFFFFFFFFFFFFFFFFFFFFFFFFFFFFFFFFFFFFFFFFFFFFFFFFFFFFFFFFFFFFFF72
:208E2000FFFFFFFFFFFFFFFFFFFFFFFFFFFFFFFFFFFFFFFFFFFFFFFFFFFFFFFFFFFFFFFF52
:208E4000FFFFFFFFFFFFFFFFFFFFFFFFFFFFFFFFFFFFFFFFFFFFFFFFFFFFFFFFFFFFFFFF32
:208E6000FFFFFFFFFFFFFFFFFFFFFFFFFFFFFFFFFFFFFFFFFFFFFFFFFFFFFFFFFFFFFFFF12
:208E8000FFFFFFFFFFFFFFFFFFFFFFFFFFFFFFFFFFFFFFFFFFFFFFFFFFFFFFFFFFFFFFFFF2
:208EA000FFFFFFFFFFFFFFFFFFFFFFFFFFFFFFFFFFFFFFFFFFFFFFFFFFFFFFFFFFFFFFFFD2
:208EC000FFFFFFFFFFFFFFFFFFFFFFFFFFFFFFFFFFFFFFFFFFFFFFFFFFFFFFFFFFFFFFFFB2
:208EE000FFFFFFFFFFFFFFFFFFFFFFFFFFFFFFFFFFFFFFFFFFFFFFFFFFFFFFFFFFFFFFFF92
:208F0000FFFFFFFFFFFFFFFFFFFFFFFFFFFFFFFFFFFFFFFFFFFFFFFFFFFFFFFFFFFFFFFF71
:208F2000FFFFFFFFFFFFFFFFFFFFFFFFFFFFFFFFFFFFFFFFFFFFFFFFFFFFFFFFFFFFFFFF51
:208F4000FFFFFFFFFFFFFFFFFFFFFFFFFFFFFFFFFFFFFFFFFFFFFFFFFFFFFFFFFFFFFFFF31
:208F6000FFFFFFFFFFFFFFFFFFFFFFFFFFFFFFFFFFFFFFFFFFFFFFFFFFFFFFFFFFFFFFFF11
:208F8000FFFFFFFFFFFFFFFFFFFFFFFFFFFFFFFFFFFFFFFFFFFFFFFFFFFFFFFFFFFFFFFFF1
:208FA000FFFFFFFFFFFFFFFFFFFFFFFFFFFFFFFFFFFFFFFFFFFFFFFFFFFFFFFFFFFFFFFFD1
:208FC000FFFFFFFFFFFFFFFFFFFFFFFFFFFFFFFFFFFFFFFFFFFFFFFFFFFFFFFFFFFFFFFFB1
:208FE000FFFFFFFFFFFFFFFFFFFFFFFFFFFFFFFFFFFFFFFFFFFFFFFFFFFFFFFFFFFFFFFF91
:20900000FFFFFFFFFFFFFFFFFFFFFFFFFFFFFFFFFFFFFFFFFFFFFFFFFFFFFFFFFFFFFFFF70
:20902000FFFFFFFFFFFFFFFFFFFFFFFFFFFFFFFFFFFFFFFFFFFFFFFFFFFFFFFFFFFFFFFF50
:20904000FFFFFFFFFFFFFFFFFFFFFFFFFFFFFFFFFFFFFFFFFFFFFFFFFFFFFFFFFFFFFFFF30
:20906000FFFFFFFFFFFFFFFFFFFFFFFFFFFFFFFFFFFFFFFFFFFFFFFFFFFFFFFFFFFFFFFF10
:20908000FFFFFFFFFFFFFFFFFFFFFFFFFFFFFFFFFFFFFFFFFFFFFFFFFFFFFFFFFFFFFFFFF0
:2090A000FFFFFFFFFFFFFFFFFFFFFFFFFFFFFFFFFFFFFFFFFFFFFFFFFFFFFFFFFFFFFFFFD0
:2090C000FFFFFFFFFFFFFFFFFFFFFFFFFFFFFFFFFFFFFFFFFFFFFFFFFFFFFFFFFFFFFFFFB0
:2090E000FFFFFFFFFFFFFFFFFFFFFFFFFFFFFFFFFFFFFFFFFFFFFFFFFFFFFFFFFFFFFFFF90
:20910000FFFFFFFFFFFFFFFFFFFFFFFFFFFFFFFFFFFFFFFFFFFFFFFFFFFFFFFFFFFFFFFF6F
:20912000FFFFFFFFFFFFFFFFFFFFFFFFFFFFFFFFFFFFFFFFFFFFFFFFFFFFFFFFFFFFFFFF4F
:20914000FFFFFFFFFFFFFFFFFFFFFFFFFFFFFFFFFFFFFFFFFFFFFFFFFFFFFFFFFFFFFFFF2F
:20916000FFFFFFFFFFFFFFFFFFFFFFFFFFFFFFFFFFFFFFFFFFFFFFFFFFFFFFFFFFFFFFFF0F
:20918000FFFFFFFFFFFFFFFFFFFFFFFFFFFFFFFFFFFFFFFFFFFFFFFFFFFFFFFFFFFFFFFFEF
:2091A000FFFFFFFFFFFFFFFFFFFFFFFFFFFFFFFFFFFFFFFFFFFFFFFFFFFFFFFFFFFFFFFFCF
:2091C000FFFFFFFFFFFFFFFFFFFFFFFFFFFFFFFFFFFFFFFFFFFFFFFFFFFFFFFFFFFFFFFFAF
:2091E000FFFFFFFFFFFFFFFFFFFFFFFFFFFFFFFFFFFFFFFFFFFFFFFFFFFFFFFFFFFFFFFF8F
:20920000FFFFFFFFFFFFFFFFFFFFFFFFFFFFFFFFFFFFFFFFFFFFFFFFFFFFFFFFFFFFFFFF6E
:20922000FFFFFFFFFFFFFFFFFFFFFFFFFFFFFFFFFFFFFFFFFFFFFFFFFFFFFFFFFFFFFFFF4E
:20924000FFFFFFFFFFFFFFFFFFFFFFFFFFFFFFFFFFFFFFFFFFFFFFFFFFFFFFFFFFFFFFFF2E
:20926000FFFFFFFFFFFFFFFFFFFFFFFFFFFFFFFFFFFFFFFFFFFFFFFFFFFFFFFFFFFFFFFF0E
:20928000FFFFFFFFFFFFFFFFFFFFFFFFFFFFFFFFFFFFFFFFFFFFFFFFFFFFFFFFFFFFFFFFEE
:2092A000FFFFFFFFFFFFFFFFFFFFFFFFFFFFFFFFFFFFFFFFFFFFFFFFFFFFFFFFFFFFFFFFCE
:2092C000FFFFFFFFFFFFFFFFFFFFFFFFFFFFFFFFFFFFFFFFFFFFFFFFFFFFFFFFFFFFFFFFAE
:2092E000FFFFFFFFFFFFFFFFFFFFFFFFFFFFFFFFFFFFFFFFFFFFFFFFFFFFFFFFFFFFFFFF8E
:20930000FFFFFFFFFFFFFFFFFFFFFFFFFFFFFFFFFFFFFFFFFFFFFFFFFFFFFFFFFFFFFFFF6D
:20932000FFFFFFFFFFFFFFFFFFFFFFFFFFFFFFFFFFFFFFFFFFFFFFFFFFFFFFFFFFFFFFFF4D
:20934000FFFFFFFFFFFFFFFFFFFFFFFFFFFFFFFFFFFFFFFFFFFFFFFFFFFFFFFFFFFFFFFF2D
:20936000FFFFFFFFFFFFFFFFFFFFFFFFFFFFFFFFFFFFFFFFFFFFFFFFFFFFFFFFFFFFFFFF0D
:20938000FFFFFFFFFFFFFFFFFFFFFFFFFFFFFFFFFFFFFFFFFFFFFFFFFFFFFFFFFFFFFFFFED
:2093A000FFFFFFFFFFFFFFFFFFFFFFFFFFFFFFFFFFFFFFFFFFFFFFFFFFFFFFFFFFFFFFFFCD
:2093C000FFFFFFFFFFFFFFFFFFFFFFFFFFFFFFFFFFFFFFFFFFFFFFFFFFFFFFFFFFFFFFFFAD
:2093E000FFFFFFFFFFFFFFFFFFFFFFFFFFFFFFFFFFFFFFFFFFFFFFFFFFFFFFFFFFFFFFFF8D
:20940000FFFFFFFFFFFFFFFFFFFFFFFFFFFFFFFFFFFFFFFFFFFFFFFFFFFFFFFFFFFFFFFF6C
:20942000FFFFFFFFFFFFFFFFFFFFFFFFFFFFFFFFFFFFFFFFFFFFFFFFFFFFFFFFFFFFFFFF4C
:20944000FFFFFFFFFFFFFFFFFFFFFFFFFFFFFFFFFFFFFFFFFFFFFFFFFFFFFFFFFFFFFFFF2C
:20946000FFFFFFFFFFFFFFFFFFFFFFFFFFFFFFFFFFFFFFFFFFFFFFFFFFFFFFFFFFFFFFFF0C
:20948000FFFFFFFFFFFFFFFFFFFFFFFFFFFFFFFFFFFFFFFFFFFFFFFFFFFFFFFFFFFFFFFFEC
:2094A000FFFFFFFFFFFFFFFFFFFFFFFFFFFFFFFFFFFFFFFFFFFFFFFFFFFFFFFFFFFFFFFFCC
:2094C000FFFFFFFFFFFFFFFFFFFFFFFFFFFFFFFFFFFFFFFFFFFFFFFFFFFFFFFFFFFFFFFFAC
:2094E000FFFFFFFFFFFFFFFFFFFFFFFFFFFFFFFFFFFFFFFFFFFFFFFFFFFFFFFFFFFFFFFF8C
:20950000FFFFFFFFFFFFFFFFFFFFFFFFFFFFFFFFFFFFFFFFFFFFFFFFFFFFFFFFFFFFFFFF6B
:20952000FFFFFFFFFFFFFFFFFFFFFFFFFFFFFFFFFFFFFFFFFFFFFFFFFFFFFFFFFFFFFFFF4B
:20954000FFFFFFFFFFFFFFFFFFFFFFFFFFFFFFFFFFFFFFFFFFFFFFFFFFFFFFFFFFFFFFFF2B
:20956000FFFFFFFFFFFFFFFFFFFFFFFFFFFFFFFFFFFFFFFFFFFFFFFFFFFFFFFFFFFFFFFF0B
:20958000FFFFFFFFFFFFFFFFFFFFFFFFFFFFFFFFFFFFFFFFFFFFFFFFFFFFFFFFFFFFFFFFEB
:2095A000FFFFFFFFFFFFFFFFFFFFFFFFFFFFFFFFFFFFFFFFFFFFFFFFFFFFFFFFFFFFFFFFCB
:2095C000FFFFFFFFFFFFFFFFFFFFFFFFFFFFFFFFFFFFFFFFFFFFFFFFFFFFFFFFFFFFFFFFAB
:2095E000FFFFFFFFFFFFFFFFFFFFFFFFFFFFFFFFFFFFFFFFFFFFFFFFFFFFFFFFFFFFFFFF8B
:20960000FFFFFFFFFFFFFFFFFFFFFFFFFFFFFFFFFFFFFFFFFFFFFFFFFFFFFFFFFFFFFFFF6A
:20962000FFFFFFFFFFFFFFFFFFFFFFFFFFFFFFFFFFFFFFFFFFFFFFFFFFFFFFFFFFFFFFFF4A
:20964000FFFFFFFFFFFFFFFFFFFFFFFFFFFFFFFFFFFFFFFFFFFFFFFFFFFFFFFFFFFFFFFF2A
:20966000FFFFFFFFFFFFFFFFFFFFFFFFFFFFFFFFFFFFFFFFFFFFFFFFFFFFFFFFFFFFFFFF0A
:20968000FFFFFFFFFFFFFFFFFFFFFFFFFFFFFFFFFFFFFFFFFFFFFFFFFFFFFFFFFFFFFFFFEA
:2096A000FFFFFFFFFFFFFFFFFFFFFFFFFFFFFFFFFFFFFFFFFFFFFFFFFFFFFFFFFFFFFFFFCA
:2096C000FFFFFFFFFFFFFFFFFFFFFFFFFFFFFFFFFFFFFFFFFFFFFFFFFFFFFFFFFFFFFFFFAA
:2096E000FFFFFFFFFFFFFFFFFFFFFFFFFFFFFFFFFFFFFFFFFFFFFFFFFFFFFFFFFFFFFFFF8A
:20970000FFFFFFFFFFFFFFFFFFFFFFFFFFFFFFFFFFFFFFFFFFFFFFFFFFFFFFFFFFFFFFFF69
:20972000FFFFFFFFFFFFFFFFFFFFFFFFFFFFFFFFFFFFFFFFFFFFFFFFFFFFFFFFFFFFFFFF49
:20974000FFFFFFFFFFFFFFFFFFFFFFFFFFFFFFFFFFFFFFFFFFFFFFFFFFFFFFFFFFFFFFFF29
:20976000FFFFFFFFFFFFFFFFFFFFFFFFFFFFFFFFFFFFFFFFFFFFFFFFFFFFFFFFFFFFFFFF09
:20978000FFFFFFFFFFFFFFFFFFFFFFFFFFFFFFFFFFFFFFFFFFFFFFFFFFFFFFFFFFFFFFFFE9
:2097A000FFFFFFFFFFFFFFFFFFFFFFFFFFFFFFFFFFFFFFFFFFFFFFFFFFFFFFFFFFFFFFFFC9
:2097C000FFFFFFFFFFFFFFFFFFFFFFFFFFFFFFFFFFFFFFFFFFFFFFFFFFFFFFFFFFFFFFFFA9
:2097E000FFFFFFFFFFFFFFFFFFFFFFFFFFFFFFFFFFFFFFFFFFFFFFFFFFFFFFFFFFFFFFFF89
:20980000FFFFFFFFFFFFFFFFFFFFFFFFFFFFFFFFFFFFFFFFFFFFFFFFFFFFFFFFFFFFFFFF68
:20982000FFFFFFFFFFFFFFFFFFFFFFFFFFFFFFFFFFFFFFFFFFFFFFFFFFFFFFFFFFFFFFFF48
:20984000FFFFFFFFFFFFFFFFFFFFFFFFFFFFFFFFFFFFFFFFFFFFFFFFFFFFFFFFFFFFFFFF28
:20986000FFFFFFFFFFFFFFFFFFFFFFFFFFFFFFFFFFFFFFFFFFFFFFFFFFFFFFFFFFFFFFFF08
:20988000FFFFFFFFFFFFFFFFFFFFFFFFFFFFFFFFFFFFFFFFFFFFFFFFFFFFFFFFFFFFFFFFE8
:2098A000FFFFFFFFFFFFFFFFFFFFFFFFFFFFFFFFFFFFFFFFFFFFFFFFFFFFFFFFFFFFFFFFC8
:2098C000FFFFFFFFFFFFFFFFFFFFFFFFFFFFFFFFFFFFFFFFFFFFFFFFFFFFFFFFFFFFFFFFA8
:2098E000FFFFFFFFFFFFFFFFFFFFFFFFFFFFFFFFFFFFFFFFFFFFFFFFFFFFFFFFFFFFFFFF88
:20990000FFFFFFFFFFFFFFFFFFFFFFFFFFFFFFFFFFFFFFFFFFFFFFFFFFFFFFFFFFFFFFFF67
:20992000FFFFFFFFFFFFFFFFFFFFFFFFFFFFFFFFFFFFFFFFFFFFFFFFFFFFFFFFFFFFFFFF47
:20994000FFFFFFFFFFFFFFFFFFFFFFFFFFFFFFFFFFFFFFFFFFFFFFFFFFFFFFFFFFFFFFFF27
:20996000FFFFFFFFFFFFFFFFFFFFFFFFFFFFFFFFFFFFFFFFFFFFFFFFFFFFFFFFFFFFFFFF07
:20998000FFFFFFFFFFFFFFFFFFFFFFFFFFFFFFFFFFFFFFFFFFFFFFFFFFFFFFFFFFFFFFFFE7
:2099A000FFFFFFFFFFFFFFFFFFFFFFFFFFFFFFFFFFFFFFFFFFFFFFFFFFFFFFFFFFFFFFFFC7
:2099C000FFFFFFFFFFFFFFFFFFFFFFFFFFFFFFFFFFFFFFFFFFFFFFFFFFFFFFFFFFFFFFFFA7
:2099E000FFFFFFFFFFFFFFFFFFFFFFFFFFFFFFFFFFFFFFFFFFFFFFFFFFFFFFFFFFFFFFFF87
:209A0000FFFFFFFFFFFFFFFFFFFFFFFFFFFFFFFFFFFFFFFFFFFFFFFFFFFFFFFFFFFFFFFF66
:209A2000FFFFFFFFFFFFFFFFFFFFFFFFFFFFFFFFFFFFFFFFFFFFFFFFFFFFFFFFFFFFFFFF46
:209A4000FFFFFFFFFFFFFFFFFFFFFFFFFFFFFFFFFFFFFFFFFFFFFFFFFFFFFFFFFFFFFFFF26
:209A6000FFFFFFFFFFFFFFFFFFFFFFFFFFFFFFFFFFFFFFFFFFFFFFFFFFFFFFFFFFFFFFFF06
:209A8000FFFFFFFFFFFFFFFFFFFFFFFFFFFFFFFFFFFFFFFFFFFFFFFFFFFFFFFFFFFFFFFFE6
:209AA000FFFFFFFFFFFFFFFFFFFFFFFFFFFFFFFFFFFFFFFFFFFFFFFFFFFFFFFFFFFFFFFFC6
:209AC000FFFFFFFFFFFFFFFFFFFFFFFFFFFFFFFFFFFFFFFFFFFFFFFFFFFFFFFFFFFFFFFFA6
:209AE000FFFFFFFFFFFFFFFFFFFFFFFFFFFFFFFFFFFFFFFFFFFFFFFFFFFFFFFFFFFFFFFF86
:209B0000FFFFFFFFFFFFFFFFFFFFFFFFFFFFFFFFFFFFFFFFFFFFFFFFFFFFFFFFFFFFFFFF65
:209B2000FFFFFFFFFFFFFFFFFFFFFFFFFFFFFFFFFFFFFFFFFFFFFFFFFFFFFFFFFFFFFFFF45
:209B4000FFFFFFFFFFFFFFFFFFFFFFFFFFFFFFFFFFFFFFFFFFFFFFFFFFFFFFFFFFFFFFFF25
:209B6000FFFFFFFFFFFFFFFFFFFFFFFFFFFFFFFFFFFFFFFFFFFFFFFFFFFFFFFFFFFFFFFF05
:209B8000FFFFFFFFFFFFFFFFFFFFFFFFFFFFFFFFFFFFFFFFFFFFFFFFFFFFFFFFFFFFFFFFE5
:209BA000FFFFFFFFFFFFFFFFFFFFFFFFFFFFFFFFFFFFFFFFFFFFFFFFFFFFFFFFFFFFFFFFC5
:209BC000FFFFFFFFFFFFFFFFFFFFFFFFFFFFFFFFFFFFFFFFFFFFFFFFFFFFFFFFFFFFFFFFA5
:209BE000FFFFFFFFFFFFFFFFFFFFFFFFFFFFFFFFFFFFFFFFFFFFFFFFFFFFFFFFFFFFFFFF85
:209C0000FFFFFFFFFFFFFFFFFFFFFFFFFFFFFFFFFFFFFFFFFFFFFFFFFFFFFFFFFFFFFFFF64
:209C2000FFFFFFFFFFFFFFFFFFFFFFFFFFFFFFFFFFFFFFFFFFFFFFFFFFFFFFFFFFFFFFFF44
:209C4000FFFFFFFFFFFFFFFFFFFFFFFFFFFFFFFFFFFFFFFFFFFFFFFFFFFFFFFFFFFFFFFF24
:209C6000FFFFFFFFFFFFFFFFFFFFFFFFFFFFFFFFFFFFFFFFFFFFFFFFFFFFFFFFFFFFFFFF04
:209C8000FFFFFFFFFFFFFFFFFFFFFFFFFFFFFFFFFFFFFFFFFFFFFFFFFFFFFFFFFFFFFFFFE4
:209CA000FFFFFFFFFFFFFFFFFFFFFFFFFFFFFFFFFFFFFFFFFFFFFFFFFFFFFFFFFFFFFFFFC4
:209CC000FFFFFFFFFFFFFFFFFFFFFFFFFFFFFFFFFFFFFFFFFFFFFFFFFFFFFFFFFFFFFFFFA4
:209CE000FFFFFFFFFFFFFFFFFFFFFFFFFFFFFFFFFFFFFFFFFFFFFFFFFFFFFFFFFFFFFFFF84
:209D0000FFFFFFFFFFFFFFFFFFFFFFFFFFFFFFFFFFFFFFFFFFFFFFFFFFFFFFFFFFFFFFFF63
:209D2000FFFFFFFFFFFFFFFFFFFFFFFFFFFFFFFFFFFFFFFFFFFFFFFFFFFFFFFFFFFFFFFF43
:209D4000FFFFFFFFFFFFFFFFFFFFFFFFFFFFFFFFFFFFFFFFFFFFFFFFFFFFFFFFFFFFFFFF23
:209D6000FFFFFFFFFFFFFFFFFFFFFFFFFFFFFFFFFFFFFFFFFFFFFFFFFFFFFFFFFFFFFFFF03
:209D8000FFFFFFFFFFFFFFFFFFFFFFFFFFFFFFFFFFFFFFFFFFFFFFFFFFFFFFFFFFFFFFFFE3
:209DA000FFFFFFFFFFFFFFFFFFFFFFFFFFFFFFFFFFFFFFFFFFFFFFFFFFFFFFFFFFFFFFFFC3
:209DC000FFFFFFFFFFFFFFFFFFFFFFFFFFFFFFFFFFFFFFFFFFFFFFFFFFFFFFFFFFFFFFFFA3
:209DE000FFFFFFFFFFFFFFFFFFFFFFFFFFFFFFFFFFFFFFFFFFFFFFFFFFFFFFFFFFFFFFFF83
:209E0000FFFFFFFFFFFFFFFFFFFFFFFFFFFFFFFFFFFFFFFFFFFFFFFFFFFFFFFFFFFFFFFF62
:209E2000FFFFFFFFFFFFFFFFFFFFFFFFFFFFFFFFFFFFFFFFFFFFFFFFFFFFFFFFFFFFFFFF42
:209E4000FFFFFFFFFFFFFFFFFFFFFFFFFFFFFFFFFFFFFFFFFFFFFFFFFFFFFFFFFFFFFFFF22
:209E6000FFFFFFFFFFFFFFFFFFFFFFFFFFFFFFFFFFFFFFFFFFFFFFFFFFFFFFFFFFFFFFFF02
:209E8000FFFFFFFFFFFFFFFFFFFFFFFFFFFFFFFFFFFFFFFFFFFFFFFFFFFFFFFFFFFFFFFFE2
:209EA000FFFFFFFFFFFFFFFFFFFFFFFFFFFFFFFFFFFFFFFFFFFFFFFFFFFFFFFFFFFFFFFFC2
:209EC000FFFFFFFFFFFFFFFFFFFFFFFFFFFFFFFFFFFFFFFFFFFFFFFFFFFFFFFFFFFFFFFFA2
:209EE000FFFFFFFFFFFFFFFFFFFFFFFFFFFFFFFFFFFFFFFFFFFFFFFFFFFFFFFFFFFFFFFF82
:209F0000FFFFFFFFFFFFFFFFFFFFFFFFFFFFFFFFFFFFFFFFFFFFFFFFFFFFFFFFFFFFFFFF61
:209F2000FFFFFFFFFFFFFFFFFFFFFFFFFFFFFFFFFFFFFFFFFFFFFFFFFFFFFFFFFFFFFFFF41
:209F4000FFFFFFFFFFFFFFFFFFFFFFFFFFFFFFFFFFFFFFFFFFFFFFFFFFFFFFFFFFFFFFFF21
:209F6000FFFFFFFFFFFFFFFFFFFFFFFFFFFFFFFFFFFFFFFFFFFFFFFFFFFFFFFFFFFFFFFF01
:209F8000FFFFFFFFFFFFFFFFFFFFFFFFFFFFFFFFFFFFFFFFFFFFFFFFFFFFFFFFFFFFFFFFE1
:209FA000FFFFFFFFFFFFFFFFFFFFFFFFFFFFFFFFFFFFFFFFFFFFFFFFFFFFFFFFFFFFFFFFC1
:209FC000FFFFFFFFFFFFFFFFFFFFFFFFFFFFFFFFFFFFFFFFFFFFFFFFFFFFFFFFFFFFFFFFA1
:209FE000FFFFFFFFFFFFFFFFFFFFFFFFFFFFFFFFFFFFFFFFFFFFFFFFFFFFFFFFFFFFFFFF81
:20A00000FFFFFFFFFFFFFFFFFFFFFFFFFFFFFFFFFFFFFFFFFFFFFFFFFFFFFFFFFFFFFFFF60
:20A02000FFFFFFFFFFFFFFFFFFFFFFFFFFFFFFFFFFFFFFFFFFFFFFFFFFFFFFFFFFFFFFFF40
:20A04000FFFFFFFFFFFFFFFFFFFFFFFFFFFFFFFFFFFFFFFFFFFFFFFFFFFFFFFFFFFFFFFF20
:20A06000FFFFFFFFFFFFFFFFFFFFFFFFFFFFFFFFFFFFFFFFFFFFFFFFFFFFFFFFFFFFFFFF00
:20A08000FFFFFFFFFFFFFFFFFFFFFFFFFFFFFFFFFFFFFFFFFFFFFFFFFFFFFFFFFFFFFFFFE0
:20A0A000FFFFFFFFFFFFFFFFFFFFFFFFFFFFFFFFFFFFFFFFFFFFFFFFFFFFFFFFFFFFFFFFC0
:20A0C000FFFFFFFFFFFFFFFFFFFFFFFFFFFFFFFFFFFFFFFFFFFFFFFFFFFFFFFFFFFFFFFFA0
:20A0E000FFFFFFFFFFFFFFFFFFFFFFFFFFFFFFFFFFFFFFFFFFFFFFFFFFFFFFFFFFFFFFFF80
:20A10000FFFFFFFFFFFFFFFFFFFFFFFFFFFFFFFFFFFFFFFFFFFFFFFFFFFFFFFFFFFFFFFF5F
:20A12000FFFFFFFFFFFFFFFFFFFFFFFFFFFFFFFFFFFFFFFFFFFFFFFFFFFFFFFFFFFFFFFF3F
:20A14000FFFFFFFFFFFFFFFFFFFFFFFFFFFFFFFFFFFFFFFFFFFFFFFFFFFFFFFFFFFFFFFF1F
:20A16000FFFFFFFFFFFFFFFFFFFFFFFFFFFFFFFFFFFFFFFFFFFFFFFFFFFFFFFFFFFFFFFFFF
:20A18000FFFFFFFFFFFFFFFFFFFFFFFFFFFFFFFFFFFFFFFFFFFFFFFFFFFFFFFFFFFFFFFFDF
:20A1A000FFFFFFFFFFFFFFFFFFFFFFFFFFFFFFFFFFFFFFFFFFFFFFFFFFFFFFFFFFFFFFFFBF
:20A1C000FFFFFFFFFFFFFFFFFFFFFFFFFFFFFFFFFFFFFFFFFFFFFFFFFFFFFFFFFFFFFFFF9F
:20A1E000FFFFFFFFFFFFFFFFFFFFFFFFFFFFFFFFFFFFFFFFFFFFFFFFFFFFFFFFFFFFFFFF7F
:20A20000FFFFFFFFFFFFFFFFFFFFFFFFFFFFFFFFFFFFFFFFFFFFFFFFFFFFFFFFFFFFFFFF5E
:20A22000FFFFFFFFFFFFFFFFFFFFFFFFFFFFFFFFFFFFFFFFFFFFFFFFFFFFFFFFFFFFFFFF3E
:20A24000FFFFFFFFFFFFFFFFFFFFFFFFFFFFFFFFFFFFFFFFFFFFFFFFFFFFFFFFFFFFFFFF1E
:20A26000FFFFFFFFFFFFFFFFFFFFFFFFFFFFFFFFFFFFFFFFFFFFFFFFFFFFFFFFFFFFFFFFFE
:20A28000FFFFFFFFFFFFFFFFFFFFFFFFFFFFFFFFFFFFFFFFFFFFFFFFFFFFFFFFFFFFFFFFDE
:20A2A000FFFFFFFFFFFFFFFFFFFFFFFFFFFFFFFFFFFFFFFFFFFFFFFFFFFFFFFFFFFFFFFFBE
:20A2C000FFFFFFFFFFFFFFFFFFFFFFFFFFFFFFFFFFFFFFFFFFFFFFFFFFFFFFFFFFFFFFFF9E
:20A2E000FFFFFFFFFFFFFFFFFFFFFFFFFFFFFFFFFFFFFFFFFFFFFFFFFFFFFFFFFFFFFFFF7E
:20A30000FFFFFFFFFFFFFFFFFFFFFFFFFFFFFFFFFFFFFFFFFFFFFFFFFFFFFFFFFFFFFFFF5D
:20A32000FFFFFFFFFFFFFFFFFFFFFFFFFFFFFFFFFFFFFFFFFFFFFFFFFFFFFFFFFFFFFFFF3D
:20A34000FFFFFFFFFFFFFFFFFFFFFFFFFFFFFFFFFFFFFFFFFFFFFFFFFFFFFFFFFFFFFFFF1D
:20A36000FFFFFFFFFFFFFFFFFFFFFFFFFFFFFFFFFFFFFFFFFFFFFFFFFFFFFFFFFFFFFFFFFD
:20A38000FFFFFFFFFFFFFFFFFFFFFFFFFFFFFFFFFFFFFFFFFFFFFFFFFFFFFFFFFFFFFFFFDD
:20A3A000FFFFFFFFFFFFFFFFFFFFFFFFFFFFFFFFFFFFFFFFFFFFFFFFFFFFFFFFFFFFFFFFBD
:20A3C000FFFFFFFFFFFFFFFFFFFFFFFFFFFFFFFFFFFFFFFFFFFFFFFFFFFFFFFFFFFFFFFF9D
:20A3E000FFFFFFFFFFFFFFFFFFFFFFFFFFFFFFFFFFFFFFFFFFFFFFFFFFFFFFFFFFFFFFFF7D
:20A40000FFFFFFFFFFFFFFFFFFFFFFFFFFFFFFFFFFFFFFFFFFFFFFFFFFFFFFFFFFFFFFFF5C
:20A42000FFFFFFFFFFFFFFFFFFFFFFFFFFFFFFFFFFFFFFFFFFFFFFFFFFFFFFFFFFFFFFFF3C
:20A44000FFFFFFFFFFFFFFFFFFFFFFFFFFFFFFFFFFFFFFFFFFFFFFFFFFFFFFFFFFFFFFFF1C
:20A46000FFFFFFFFFFFFFFFFFFFFFFFFFFFFFFFFFFFFFFFFFFFFFFFFFFFFFFFFFFFFFFFFFC
:20A48000FFFFFFFFFFFFFFFFFFFFFFFFFFFFFFFFFFFFFFFFFFFFFFFFFFFFFFFFFFFFFFFFDC
:20A4A000FFFFFFFFFFFFFFFFFFFFFFFFFFFFFFFFFFFFFFFFFFFFFFFFFFFFFFFFFFFFFFFFBC
:20A4C000FFFFFFFFFFFFFFFFFFFFFFFFFFFFFFFFFFFFFFFFFFFFFFFFFFFFFFFFFFFFFFFF9C
:20A4E000FFFFFFFFFFFFFFFFFFFFFFFFFFFFFFFFFFFFFFFFFFFFFFFFFFFFFFFFFFFFFFFF7C
:20A50000FFFFFFFFFFFFFFFFFFFFFFFFFFFFFFFFFFFFFFFFFFFFFFFFFFFFFFFFFFFFFFFF5B
:20A52000FFFFFFFFFFFFFFFFFFFFFFFFFFFFFFFFFFFFFFFFFFFFFFFFFFFFFFFFFFFFFFFF3B
:20A54000FFFFFFFFFFFFFFFFFFFFFFFFFFFFFFFFFFFFFFFFFFFFFFFFFFFFFFFFFFFFFFFF1B
:20A56000FFFFFFFFFFFFFFFFFFFFFFFFFFFFFFFFFFFFFFFFFFFFFFFFFFFFFFFFFFFFFFFFFB
:20A58000FFFFFFFFFFFFFFFFFFFFFFFFFFFFFFFFFFFFFFFFFFFFFFFFFFFFFFFFFFFFFFFFDB
:20A5A000FFFFFFFFFFFFFFFFFFFFFFFFFFFFFFFFFFFFFFFFFFFFFFFFFFFFFFFFFFFFFFFFBB
:20A5C000FFFFFFFFFFFFFFFFFFFFFFFFFFFFFFFFFFFFFFFFFFFFFFFFFFFFFFFFFFFFFFFF9B
:20A5E000FFFFFFFFFFFFFFFFFFFFFFFFFFFFFFFFFFFFFFFFFFFFFFFFFFFFFFFFFFFFFFFF7B
:20A60000FFFFFFFFFFFFFFFFFFFFFFFFFFFFFFFFFFFFFFFFFFFFFFFFFFFFFFFFFFFFFFFF5A
:20A62000FFFFFFFFFFFFFFFFFFFFFFFFFFFFFFFFFFFFFFFFFFFFFFFFFFFFFFFFFFFFFFFF3A
:20A64000FFFFFFFFFFFFFFFFFFFFFFFFFFFFFFFFFFFFFFFFFFFFFFFFFFFFFFFFFFFFFFFF1A
:20A66000FFFFFFFFFFFFFFFFFFFFFFFFFFFFFFFFFFFFFFFFFFFFFFFFFFFFFFFFFFFFFFFFFA
:20A68000FFFFFFFFFFFFFFFFFFFFFFFFFFFFFFFFFFFFFFFFFFFFFFFFFFFFFFFFFFFFFFFFDA
:20A6A000FFFFFFFFFFFFFFFFFFFFFFFFFFFFFFFFFFFFFFFFFFFFFFFFFFFFFFFFFFFFFFFFBA
:20A6C000FFFFFFFFFFFFFFFFFFFFFFFFFFFFFFFFFFFFFFFFFFFFFFFFFFFFFFFFFFFFFFFF9A
:20A6E000FFFFFFFFFFFFFFFFFFFFFFFFFFFFFFFFFFFFFFFFFFFFFFFFFFFFFFFFFFFFFFFF7A
:20A70000FFFFFFFFFFFFFFFFFFFFFFFFFFFFFFFFFFFFFFFFFFFFFFFFFFFFFFFFFFFFFFFF59
:20A72000FFFFFFFFFFFFFFFFFFFFFFFFFFFFFFFFFFFFFFFFFFFFFFFFFFFFFFFFFFFFFFFF39
:20A74000FFFFFFFFFFFFFFFFFFFFFFFFFFFFFFFFFFFFFFFFFFFFFFFFFFFFFFFFFFFFFFFF19
:20A76000FFFFFFFFFFFFFFFFFFFFFFFFFFFFFFFFFFFFFFFFFFFFFFFFFFFFFFFFFFFFFFFFF9
:20A78000FFFFFFFFFFFFFFFFFFFFFFFFFFFFFFFFFFFFFFFFFFFFFFFFFFFFFFFFFFFFFFFFD9
:20A7A000FFFFFFFFFFFFFFFFFFFFFFFFFFFFFFFFFFFFFFFFFFFFFFFFFFFFFFFFFFFFFFFFB9
:20A7C000FFFFFFFFFFFFFFFFFFFFFFFFFFFFFFFFFFFFFFFFFFFFFFFFFFFFFFFFFFFFFFFF99
:20A7E000FFFFFFFFFFFFFFFFFFFFFFFFFFFFFFFFFFFFFFFFFFFFFFFFFFFFFFFFFFFFFFFF79
:20A80000FFFFFFFFFFFFFFFFFFFFFFFFFFFFFFFFFFFFFFFFFFFFFFFFFFFFFFFFFFFFFFFF58
:20A82000FFFFFFFFFFFFFFFFFFFFFFFFFFFFFFFFFFFFFFFFFFFFFFFFFFFFFFFFFFFFFFFF38
:20A84000FFFFFFFFFFFFFFFFFFFFFFFFFFFFFFFFFFFFFFFFFFFFFFFFFFFFFFFFFFFFFFFF18
:20A86000FFFFFFFFFFFFFFFFFFFFFFFFFFFFFFFFFFFFFFFFFFFFFFFFFFFFFFFFFFFFFFFFF8
:20A88000FFFFFFFFFFFFFFFFFFFFFFFFFFFFFFFFFFFFFFFFFFFFFFFFFFFFFFFFFFFFFFFFD8
:20A8A000FFFFFFFFFFFFFFFFFFFFFFFFFFFFFFFFFFFFFFFFFFFFFFFFFFFFFFFFFFFFFFFFB8
:20A8C000FFFFFFFFFFFFFFFFFFFFFFFFFFFFFFFFFFFFFFFFFFFFFFFFFFFFFFFFFFFFFFFF98
:20A8E000FFFFFFFFFFFFFFFFFFFFFFFFFFFFFFFFFFFFFFFFFFFFFFFFFFFFFFFFFFFFFFFF78
:20A90000FFFFFFFFFFFFFFFFFFFFFFFFFFFFFFFFFFFFFFFFFFFFFFFFFFFFFFFFFFFFFFFF57
:20A92000FFFFFFFFFFFFFFFFFFFFFFFFFFFFFFFFFFFFFFFFFFFFFFFFFFFFFFFFFFFFFFFF37
:20A94000FFFFFFFFFFFFFFFFFFFFFFFFFFFFFFFFFFFFFFFFFFFFFFFFFFFFFFFFFFFFFFFF17
:20A96000FFFFFFFFFFFFFFFFFFFFFFFFFFFFFFFFFFFFFFFFFFFFFFFFFFFFFFFFFFFFFFFFF7
:20A98000FFFFFFFFFFFFFFFFFFFFFFFFFFFFFFFFFFFFFFFFFFFFFFFFFFFFFFFFFFFFFFFFD7
:20A9A000FFFFFFFFFFFFFFFFFFFFFFFFFFFFFFFFFFFFFFFFFFFFFFFFFFFFFFFFFFFFFFFFB7
:20A9C000FFFFFFFFFFFFFFFFFFFFFFFFFFFFFFFFFFFFFFFFFFFFFFFFFFFFFFFFFFFFFFFF97
:20A9E000FFFFFFFFFFFFFFFFFFFFFFFFFFFFFFFFFFFFFFFFFFFFFFFFFFFFFFFFFFFFFFFF77
:20AA0000FFFFFFFFFFFFFFFFFFFFFFFFFFFFFFFFFFFFFFFFFFFFFFFFFFFFFFFFFFFFFFFF56
:20AA2000FFFFFFFFFFFFFFFFFFFFFFFFFFFFFFFFFFFFFFFFFFFFFFFFFFFFFFFFFFFFFFFF36
:20AA4000FFFFFFFFFFFFFFFFFFFFFFFFFFFFFFFFFFFFFFFFFFFFFFFFFFFFFFFFFFFFFFFF16
:20AA6000FFFFFFFFFFFFFFFFFFFFFFFFFFFFFFFFFFFFFFFFFFFFFFFFFFFFFFFFFFFFFFFFF6
:20AA8000FFFFFFFFFFFFFFFFFFFFFFFFFFFFFFFFFFFFFFFFFFFFFFFFFFFFFFFFFFFFFFFFD6
:20AAA000FFFFFFFFFFFFFFFFFFFFFFFFFFFFFFFFFFFFFFFFFFFFFFFFFFFFFFFFFFFFFFFFB6
:20AAC000FFFFFFFFFFFFFFFFFFFFFFFFFFFFFFFFFFFFFFFFFFFFFFFFFFFFFFFFFFFFFFFF96
:20AAE000FFFFFFFFFFFFFFFFFFFFFFFFFFFFFFFFFFFFFFFFFFFFFFFFFFFFFFFFFFFFFFFF76
:20AB0000FFFFFFFFFFFFFFFFFFFFFFFFFFFFFFFFFFFFFFFFFFFFFFFFFFFFFFFFFFFFFFFF55
:20AB2000FFFFFFFFFFFFFFFFFFFFFFFFFFFFFFFFFFFFFFFFFFFFFFFFFFFFFFFFFFFFFFFF35
:20AB4000FFFFFFFFFFFFFFFFFFFFFFFFFFFFFFFFFFFFFFFFFFFFFFFFFFFFFFFFFFFFFFFF15
:20AB6000FFFFFFFFFFFFFFFFFFFFFFFFFFFFFFFFFFFFFFFFFFFFFFFFFFFFFFFFFFFFFFFFF5
:20AB8000FFFFFFFFFFFFFFFFFFFFFFFFFFFFFFFFFFFFFFFFFFFFFFFFFFFFFFFFFFFFFFFFD5
:20ABA000FFFFFFFFFFFFFFFFFFFFFFFFFFFFFFFFFFFFFFFFFFFFFFFFFFFFFFFFFFFFFFFFB5
:20ABC000FFFFFFFFFFFFFFFFFFFFFFFFFFFFFFFFFFFFFFFFFFFFFFFFFFFFFFFFFFFFFFFF95
:20ABE000FFFFFFFFFFFFFFFFFFFFFFFFFFFFFFFFFFFFFFFFFFFFFFFFFFFFFFFFFFFFFFFF75
:20AC0000FFFFFFFFFFFFFFFFFFFFFFFFFFFFFFFFFFFFFFFFFFFFFFFFFFFFFFFFFFFFFFFF54
:20AC2000FFFFFFFFFFFFFFFFFFFFFFFFFFFFFFFFFFFFFFFFFFFFFFFFFFFFFFFFFFFFFFFF34
:20AC4000FFFFFFFFFFFFFFFFFFFFFFFFFFFFFFFFFFFFFFFFFFFFFFFFFFFFFFFFFFFFFFFF14
:20AC6000FFFFFFFFFFFFFFFFFFFFFFFFFFFFFFFFFFFFFFFFFFFFFFFFFFFFFFFFFFFFFFFFF4
:20AC8000FFFFFFFFFFFFFFFFFFFFFFFFFFFFFFFFFFFFFFFFFFFFFFFFFFFFFFFFFFFFFFFFD4
:20ACA000FFFFFFFFFFFFFFFFFFFFFFFFFFFFFFFFFFFFFFFFFFFFFFFFFFFFFFFFFFFFFFFFB4
:20ACC000FFFFFFFFFFFFFFFFFFFFFFFFFFFFFFFFFFFFFFFFFFFFFFFFFFFFFFFFFFFFFFFF94
:20ACE000FFFFFFFFFFFFFFFFFFFFFFFFFFFFFFFFFFFFFFFFFFFFFFFFFFFFFFFFFFFFFFFF74
:20AD0000FFFFFFFFFFFFFFFFFFFFFFFFFFFFFFFFFFFFFFFFFFFFFFFFFFFFFFFFFFFFFFFF53
:20AD2000FFFFFFFFFFFFFFFFFFFFFFFFFFFFFFFFFFFFFFFFFFFFFFFFFFFFFFFFFFFFFFFF33
:20AD4000FFFFFFFFFFFFFFFFFFFFFFFFFFFFFFFFFFFFFFFFFFFFFFFFFFFFFFFFFFFFFFFF13
:20AD6000FFFFFFFFFFFFFFFFFFFFFFFFFFFFFFFFFFFFFFFFFFFFFFFFFFFFFFFFFFFFFFFFF3
:20AD8000FFFFFFFFFFFFFFFFFFFFFFFFFFFFFFFFFFFFFFFFFFFFFFFFFFFFFFFFFFFFFFFFD3
:20ADA000FFFFFFFFFFFFFFFFFFFFFFFFFFFFFFFFFFFFFFFFFFFFFFFFFFFFFFFFFFFFFFFFB3
:20ADC000FFFFFFFFFFFFFFFFFFFFFFFFFFFFFFFFFFFFFFFFFFFFFFFFFFFFFFFFFFFFFFFF93
:20ADE000FFFFFFFFFFFFFFFFFFFFFFFFFFFFFFFFFFFFFFFFFFFFFFFFFFFFFFFFFFFFFFFF73
:20AE0000FFFFFFFFFFFFFFFFFFFFFFFFFFFFFFFFFFFFFFFFFFFFFFFFFFFFFFFFFFFFFFFF52
:20AE2000FFFFFFFFFFFFFFFFFFFFFFFFFFFFFFFFFFFFFFFFFFFFFFFFFFFFFFFFFFFFFFFF32
:20AE4000FFFFFFFFFFFFFFFFFFFFFFFFFFFFFFFFFFFFFFFFFFFFFFFFFFFFFFFFFFFFFFFF12
:20AE6000FFFFFFFFFFFFFFFFFFFFFFFFFFFFFFFFFFFFFFFFFFFFFFFFFFFFFFFFFFFFFFFFF2
:20AE8000FFFFFFFFFFFFFFFFFFFFFFFFFFFFFFFFFFFFFFFFFFFFFFFFFFFFFFFFFFFFFFFFD2
:20AEA000FFFFFFFFFFFFFFFFFFFFFFFFFFFFFFFFFFFFFFFFFFFFFFFFFFFFFFFFFFFFFFFFB2
:20AEC000FFFFFFFFFFFFFFFFFFFFFFFFFFFFFFFFFFFFFFFFFFFFFFFFFFFFFFFFFFFFFFFF92
:20AEE000FFFFFFFFFFFFFFFFFFFFFFFFFFFFFFFFFFFFFFFFFFFFFFFFFFFFFFFFFFFFFFFF72
:20AF0000FFFFFFFFFFFFFFFFFFFFFFFFFFFFFFFFFFFFFFFFFFFFFFFFFFFFFFFFFFFFFFFF51
:20AF2000FFFFFFFFFFFFFFFFFFFFFFFFFFFFFFFFFFFFFFFFFFFFFFFFFFFFFFFFFFFFFFFF31
:20AF4000FFFFFFFFFFFFFFFFFFFFFFFFFFFFFFFFFFFFFFFFFFFFFFFFFFFFFFFFFFFFFFFF11
:20AF6000FFFFFFFFFFFFFFFFFFFFFFFFFFFFFFFFFFFFFFFFFFFFFFFFFFFFFFFFFFFFFFFFF1
:20AF8000FFFFFFFFFFFFFFFFFFFFFFFFFFFFFFFFFFFFFFFFFFFFFFFFFFFFFFFFFFFFFFFFD1
:20AFA000FFFFFFFFFFFFFFFFFFFFFFFFFFFFFFFFFFFFFFFFFFFFFFFFFFFFFFFFFFFFFFFFB1
:20AFC000FFFFFFFFFFFFFFFFFFFFFFFFFFFFFFFFFFFFFFFFFFFFFFFFFFFFFFFFFFFFFFFF91
:20AFE000FFFFFFFFFFFFFFFFFFFFFFFFFFFFFFFFFFFFFFFFFFFFFFFFFFFFFFFFFFFFFFFF71
:20B00000FFFFFFFFFFFFFFFFFFFFFFFFFFFFFFFFFFFFFFFFFFFFFFFFFFFFFFFFFFFFFFFF50
:20B02000FFFFFFFFFFFFFFFFFFFFFFFFFFFFFFFFFFFFFFFFFFFFFFFFFFFFFFFFFFFFFFFF30
:20B04000FFFFFFFFFFFFFFFFFFFFFFFFFFFFFFFFFFFFFFFFFFFFFFFFFFFFFFFFFFFFFFFF10
:20B06000FFFFFFFFFFFFFFFFFFFFFFFFFFFFFFFFFFFFFFFFFFFFFFFFFFFFFFFFFFFFFFFFF0
:20B08000FFFFFFFFFFFFFFFFFFFFFFFFFFFFFFFFFFFFFFFFFFFFFFFFFFFFFFFFFFFFFFFFD0
:20B0A000FFFFFFFFFFFFFFFFFFFFFFFFFFFFFFFFFFFFFFFFFFFFFFFFFFFFFFFFFFFFFFFFB0
:20B0C000FFFFFFFFFFFFFFFFFFFFFFFFFFFFFFFFFFFFFFFFFFFFFFFFFFFFFFFFFFFFFFFF90
:20B0E000FFFFFFFFFFFFFFFFFFFFFFFFFFFFFFFFFFFFFFFFFFFFFFFFFFFFFFFFFFFFFFFF70
:20B10000FFFFFFFFFFFFFFFFFFFFFFFFFFFFFFFFFFFFFFFFFFFFFFFFFFFFFFFFFFFFFFFF4F
:20B12000FFFFFFFFFFFFFFFFFFFFFFFFFFFFFFFFFFFFFFFFFFFFFFFFFFFFFFFFFFFFFFFF2F
:20B14000FFFFFFFFFFFFFFFFFFFFFFFFFFFFFFFFFFFFFFFFFFFFFFFFFFFFFFFFFFFFFFFF0F
:20B16000FFFFFFFFFFFFFFFFFFFFFFFFFFFFFFFFFFFFFFFFFFFFFFFFFFFFFFFFFFFFFFFFEF
:20B18000FFFFFFFFFFFFFFFFFFFFFFFFFFFFFFFFFFFFFFFFFFFFFFFFFFFFFFFFFFFFFFFFCF
:20B1A000FFFFFFFFFFFFFFFFFFFFFFFFFFFFFFFFFFFFFFFFFFFFFFFFFFFFFFFFFFFFFFFFAF
:20B1C000FFFFFFFFFFFFFFFFFFFFFFFFFFFFFFFFFFFFFFFFFFFFFFFFFFFFFFFFFFFFFFFF8F
:20B1E000FFFFFFFFFFFFFFFFFFFFFFFFFFFFFFFFFFFFFFFFFFFFFFFFFFFFFFFFFFFFFFFF6F
:20B20000FFFFFFFFFFFFFFFFFFFFFFFFFFFFFFFFFFFFFFFFFFFFFFFFFFFFFFFFFFFFFFFF4E
:20B22000FFFFFFFFFFFFFFFFFFFFFFFFFFFFFFFFFFFFFFFFFFFFFFFFFFFFFFFFFFFFFFFF2E
:20B24000FFFFFFFFFFFFFFFFFFFFFFFFFFFFFFFFFFFFFFFFFFFFFFFFFFFFFFFFFFFFFFFF0E
:20B26000FFFFFFFFFFFFFFFFFFFFFFFFFFFFFFFFFFFFFFFFFFFFFFFFFFFFFFFFFFFFFFFFEE
:20B28000FFFFFFFFFFFFFFFFFFFFFFFFFFFFFFFFFFFFFFFFFFFFFFFFFFFFFFFFFFFFFFFFCE
:20B2A000FFFFFFFFFFFFFFFFFFFFFFFFFFFFFFFFFFFFFFFFFFFFFFFFFFFFFFFFFFFFFFFFAE
:20B2C000FFFFFFFFFFFFFFFFFFFFFFFFFFFFFFFFFFFFFFFFFFFFFFFFFFFFFFFFFFFFFFFF8E
:20B2E000FFFFFFFFFFFFFFFFFFFFFFFFFFFFFFFFFFFFFFFFFFFFFFFFFFFFFFFFFFFFFFFF6E
:20B30000FFFFFFFFFFFFFFFFFFFFFFFFFFFFFFFFFFFFFFFFFFFFFFFFFFFFFFFFFFFFFFFF4D
:20B32000FFFFFFFFFFFFFFFFFFFFFFFFFFFFFFFFFFFFFFFFFFFFFFFFFFFFFFFFFFFFFFFF2D
:20B34000FFFFFFFFFFFFFFFFFFFFFFFFFFFFFFFFFFFFFFFFFFFFFFFFFFFFFFFFFFFFFFFF0D
:20B36000FFFFFFFFFFFFFFFFFFFFFFFFFFFFFFFFFFFFFFFFFFFFFFFFFFFFFFFFFFFFFFFFED
:20B38000FFFFFFFFFFFFFFFFFFFFFFFFFFFFFFFFFFFFFFFFFFFFFFFFFFFFFFFFFFFFFFFFCD
:20B3A000FFFFFFFFFFFFFFFFFFFFFFFFFFFFFFFFFFFFFFFFFFFFFFFFFFFFFFFFFFFFFFFFAD
:20B3C000FFFFFFFFFFFFFFFFFFFFFFFFFFFFFFFFFFFFFFFFFFFFFFFFFFFFFFFFFFFFFFFF8D
:20B3E000FFFFFFFFFFFFFFFFFFFFFFFFFFFFFFFFFFFFFFFFFFFFFFFFFFFFFFFFFFFFFFFF6D
:20B40000FFFFFFFFFFFFFFFFFFFFFFFFFFFFFFFFFFFFFFFFFFFFFFFFFFFFFFFFFFFFFFFF4C
:20B42000FFFFFFFFFFFFFFFFFFFFFFFFFFFFFFFFFFFFFFFFFFFFFFFFFFFFFFFFFFFFFFFF2C
:20B44000FFFFFFFFFFFFFFFFFFFFFFFFFFFFFFFFFFFFFFFFFFFFFFFFFFFFFFFFFFFFFFFF0C
:20B46000FFFFFFFFFFFFFFFFFFFFFFFFFFFFFFFFFFFFFFFFFFFFFFFFFFFFFFFFFFFFFFFFEC
:20B48000FFFFFFFFFFFFFFFFFFFFFFFFFFFFFFFFFFFFFFFFFFFFFFFFFFFFFFFFFFFFFFFFCC
:20B4A000FFFFFFFFFFFFFFFFFFFFFFFFFFFFFFFFFFFFFFFFFFFFFFFFFFFFFFFFFFFFFFFFAC
:20B4C000FFFFFFFFFFFFFFFFFFFFFFFFFFFFFFFFFFFFFFFFFFFFFFFFFFFFFFFFFFFFFFFF8C
:20B4E000FFFFFFFFFFFFFFFFFFFFFFFFFFFFFFFFFFFFFFFFFFFFFFFFFFFFFFFFFFFFFFFF6C
:20B50000FFFFFFFFFFFFFFFFFFFFFFFFFFFFFFFFFFFFFFFFFFFFFFFFFFFFFFFFFFFFFFFF4B
:20B52000FFFFFFFFFFFFFFFFFFFFFFFFFFFFFFFFFFFFFFFFFFFFFFFFFFFFFFFFFFFFFFFF2B
:20B54000FFFFFFFFFFFFFFFFFFFFFFFFFFFFFFFFFFFFFFFFFFFFFFFFFFFFFFFFFFFFFFFF0B
:20B56000FFFFFFFFFFFFFFFFFFFFFFFFFFFFFFFFFFFFFFFFFFFFFFFFFFFFFFFFFFFFFFFFEB
:20B58000FFFFFFFFFFFFFFFFFFFFFFFFFFFFFFFFFFFFFFFFFFFFFFFFFFFFFFFFFFFFFFFFCB
:20B5A000FFFFFFFFFFFFFFFFFFFFFFFFFFFFFFFFFFFFFFFFFFFFFFFFFFFFFFFFFFFFFFFFAB
:20B5C000FFFFFFFFFFFFFFFFFFFFFFFFFFFFFFFFFFFFFFFFFFFFFFFFFFFFFFFFFFFFFFFF8B
:20B5E000FFFFFFFFFFFFFFFFFFFFFFFFFFFFFFFFFFFFFFFFFFFFFFFFFFFFFFFFFFFFFFFF6B
:20B60000FFFFFFFFFFFFFFFFFFFFFFFFFFFFFFFFFFFFFFFFFFFFFFFFFFFFFFFFFFFFFFFF4A
:20B62000FFFFFFFFFFFFFFFFFFFFFFFFFFFFFFFFFFFFFFFFFFFFFFFFFFFFFFFFFFFFFFFF2A
:20B64000FFFFFFFFFFFFFFFFFFFFFFFFFFFFFFFFFFFFFFFFFFFFFFFFFFFFFFFFFFFFFFFF0A
:20B66000FFFFFFFFFFFFFFFFFFFFFFFFFFFFFFFFFFFFFFFFFFFFFFFFFFFFFFFFFFFFFFFFEA
:20B68000FFFFFFFFFFFFFFFFFFFFFFFFFFFFFFFFFFFFFFFFFFFFFFFFFFFFFFFFFFFFFFFFCA
:20B6A000FFFFFFFFFFFFFFFFFFFFFFFFFFFFFFFFFFFFFFFFFFFFFFFFFFFFFFFFFFFFFFFFAA
:20B6C000FFFFFFFFFFFFFFFFFFFFFFFFFFFFFFFFFFFFFFFFFFFFFFFFFFFFFFFFFFFFFFFF8A
:20B6E000FFFFFFFFFFFFFFFFFFFFFFFFFFFFFFFFFFFFFFFFFFFFFFFFFFFFFFFFFFFFFFFF6A
:20B70000FFFFFFFFFFFFFFFFFFFFFFFFFFFFFFFFFFFFFFFFFFFFFFFFFFFFFFFFFFFFFFFF49
:20B72000FFFFFFFFFFFFFFFFFFFFFFFFFFFFFFFFFFFFFFFFFFFFFFFFFFFFFFFFFFFFFFFF29
:20B74000FFFFFFFFFFFFFFFFFFFFFFFFFFFFFFFFFFFFFFFFFFFFFFFFFFFFFFFFFFFFFFFF09
:20B76000FFFFFFFFFFFFFFFFFFFFFFFFFFFFFFFFFFFFFFFFFFFFFFFFFFFFFFFFFFFFFFFFE9
:20B78000FFFFFFFFFFFFFFFFFFFFFFFFFFFFFFFFFFFFFFFFFFFFFFFFFFFFFFFFFFFFFFFFC9
:20B7A000FFFFFFFFFFFFFFFFFFFFFFFFFFFFFFFFFFFFFFFFFFFFFFFFFFFFFFFFFFFFFFFFA9
:20B7C000FFFFFFFFFFFFFFFFFFFFFFFFFFFFFFFFFFFFFFFFFFFFFFFFFFFFFFFFFFFFFFFF89
:20B7E000FFFFFFFFFFFFFFFFFFFFFFFFFFFFFFFFFFFFFFFFFFFFFFFFFFFFFFFFFFFFFFFF69
:20B80000FFFFFFFFFFFFFFFFFFFFFFFFFFFFFFFFFFFFFFFFFFFFFFFFFFFFFFFFFFFFFFFF48
:20B82000FFFFFFFFFFFFFFFFFFFFFFFFFFFFFFFFFFFFFFFFFFFFFFFFFFFFFFFFFFFFFFFF28
:20B84000FFFFFFFFFFFFFFFFFFFFFFFFFFFFFFFFFFFFFFFFFFFFFFFFFFFFFFFFFFFFFFFF08
:20B86000FFFFFFFFFFFFFFFFFFFFFFFFFFFFFFFFFFFFFFFFFFFFFFFFFFFFFFFFFFFFFFFFE8
:20B88000FFFFFFFFFFFFFFFFFFFFFFFFFFFFFFFFFFFFFFFFFFFFFFFFFFFFFFFFFFFFFFFFC8
:20B8A000FFFFFFFFFFFFFFFFFFFFFFFFFFFFFFFFFFFFFFFFFFFFFFFFFFFFFFFFFFFFFFFFA8
:20B8C000FFFFFFFFFFFFFFFFFFFFFFFFFFFFFFFFFFFFFFFFFFFFFFFFFFFFFFFFFFFFFFFF88
:20B8E000FFFFFFFFFFFFFFFFFFFFFFFFFFFFFFFFFFFFFFFFFFFFFFFFFFFFFFFFFFFFFFFF68
:20B90000FFFFFFFFFFFFFFFFFFFFFFFFFFFFFFFFFFFFFFFFFFFFFFFFFFFFFFFFFFFFFFFF47
:20B92000FFFFFFFFFFFFFFFFFFFFFFFFFFFFFFFFFFFFFFFFFFFFFFFFFFFFFFFFFFFFFFFF27
:20B94000FFFFFFFFFFFFFFFFFFFFFFFFFFFFFFFFFFFFFFFFFFFFFFFFFFFFFFFFFFFFFFFF07
:20B96000FFFFFFFFFFFFFFFFFFFFFFFFFFFFFFFFFFFFFFFFFFFFFFFFFFFFFFFFFFFFFFFFE7
:20B98000FFFFFFFFFFFFFFFFFFFFFFFFFFFFFFFFFFFFFFFFFFFFFFFFFFFFFFFFFFFFFFFFC7
:20B9A000FFFFFFFFFFFFFFFFFFFFFFFFFFFFFFFFFFFFFFFFFFFFFFFFFFFFFFFFFFFFFFFFA7
:20B9C000FFFFFFFFFFFFFFFFFFFFFFFFFFFFFFFFFFFFFFFFFFFFFFFFFFFFFFFFFFFFFFFF87
:20B9E000FFFFFFFFFFFFFFFFFFFFFFFFFFFFFFFFFFFFFFFFFFFFFFFFFFFFFFFFFFFFFFFF67
:20BA0000FFFFFFFFFFFFFFFFFFFFFFFFFFFFFFFFFFFFFFFFFFFFFFFFFFFFFFFFFFFFFFFF46
:20BA2000FFFFFFFFFFFFFFFFFFFFFFFFFFFFFFFFFFFFFFFFFFFFFFFFFFFFFFFFFFFFFFFF26
:20BA4000FFFFFFFFFFFFFFFFFFFFFFFFFFFFFFFFFFFFFFFFFFFFFFFFFFFFFFFFFFFFFFFF06
:20BA6000FFFFFFFFFFFFFFFFFFFFFFFFFFFFFFFFFFFFFFFFFFFFFFFFFFFFFFFFFFFFFFFFE6
:20BA8000FFFFFFFFFFFFFFFFFFFFFFFFFFFFFFFFFFFFFFFFFFFFFFFFFFFFFFFFFFFFFFFFC6
:20BAA000FFFFFFFFFFFFFFFFFFFFFFFFFFFFFFFFFFFFFFFFFFFFFFFFFFFFFFFFFFFFFFFFA6
:20BAC000FFFFFFFFFFFFFFFFFFFFFFFFFFFFFFFFFFFFFFFFFFFFFFFFFFFFFFFFFFFFFFFF86
:20BAE000FFFFFFFFFFFFFFFFFFFFFFFFFFFFFFFFFFFFFFFFFFFFFFFFFFFFFFFFFFFFFFFF66
:20BB0000FFFFFFFFFFFFFFFFFFFFFFFFFFFFFFFFFFFFFFFFFFFFFFFFFFFFFFFFFFFFFFFF45
:20BB2000FFFFFFFFFFFFFFFFFFFFFFFFFFFFFFFFFFFFFFFFFFFFFFFFFFFFFFFFFFFFFFFF25
:20BB4000FFFFFFFFFFFFFFFFFFFFFFFFFFFFFFFFFFFFFFFFFFFFFFFFFFFFFFFFFFFFFFFF05
:20BB6000FFFFFFFFFFFFFFFFFFFFFFFFFFFFFFFFFFFFFFFFFFFFFFFFFFFFFFFFFFFFFFFFE5
:20BB8000FFFFFFFFFFFFFFFFFFFFFFFFFFFFFFFFFFFFFFFFFFFFFFFFFFFFFFFFFFFFFFFFC5
:20BBA000FFFFFFFFFFFFFFFFFFFFFFFFFFFFFFFFFFFFFFFFFFFFFFFFFFFFFFFFFFFFFFFFA5
:20BBC000FFFFFFFFFFFFFFFFFFFFFFFFFFFFFFFFFFFFFFFFFFFFFFFFFFFFFFFFFFFFFFFF85
:20BBE000FFFFFFFFFFFFFFFFFFFFFFFFFFFFFFFFFFFFFFFFFFFFFFFFFFFFFFFFFFFFFFFF65
:20BC0000FFFFFFFFFFFFFFFFFFFFFFFFFFFFFFFFFFFFFFFFFFFFFFFFFFFFFFFFFFFFFFFF44
:20BC2000FFFFFFFFFFFFFFFFFFFFFFFFFFFFFFFFFFFFFFFFFFFFFFFFFFFFFFFFFFFFFFFF24
:20BC4000FFFFFFFFFFFFFFFFFFFFFFFFFFFFFFFFFFFFFFFFFFFFFFFFFFFFFFFFFFFFFFFF04
:20BC6000FFFFFFFFFFFFFFFFFFFFFFFFFFFFFFFFFFFFFFFFFFFFFFFFFFFFFFFFFFFFFFFFE4
:20BC8000FFFFFFFFFFFFFFFFFFFFFFFFFFFFFFFFFFFFFFFFFFFFFFFFFFFFFFFFFFFFFFFFC4
:20BCA000FFFFFFFFFFFFFFFFFFFFFFFFFFFFFFFFFFFFFFFFFFFFFFFFFFFFFFFFFFFFFFFFA4
:20BCC000FFFFFFFFFFFFFFFFFFFFFFFFFFFFFFFFFFFFFFFFFFFFFFFFFFFFFFFFFFFFFFFF84
:20BCE000FFFFFFFFFFFFFFFFFFFFFFFFFFFFFFFFFFFFFFFFFFFFFFFFFFFFFFFFFFFFFFFF64
:20BD0000FFFFFFFFFFFFFFFFFFFFFFFFFFFFFFFFFFFFFFFFFFFFFFFFFFFFFFFFFFFFFFFF43
:20BD2000FFFFFFFFFFFFFFFFFFFFFFFFFFFFFFFFFFFFFFFFFFFFFFFFFFFFFFFFFFFFFFFF23
:20BD4000FFFFFFFFFFFFFFFFFFFFFFFFFFFFFFFFFFFFFFFFFFFFFFFFFFFFFFFFFFFFFFFF03
:20BD6000FFFFFFFFFFFFFFFFFFFFFFFFFFFFFFFFFFFFFFFFFFFFFFFFFFFFFFFFFFFFFFFFE3
:20BD8000FFFFFFFFFFFFFFFFFFFFFFFFFFFFFFFFFFFFFFFFFFFFFFFFFFFFFFFFFFFFFFFFC3
:20BDA000FFFFFFFFFFFFFFFFFFFFFFFFFFFFFFFFFFFFFFFFFFFFFFFFFFFFFFFFFFFFFFFFA3
:20BDC000FFFFFFFFFFFFFFFFFFFFFFFFFFFFFFFFFFFFFFFFFFFFFFFFFFFFFFFFFFFFFFFF83
:20BDE000FFFFFFFFFFFFFFFFFFFFFFFFFFFFFFFFFFFFFFFFFFFFFFFFFFFFFFFFFFFFFFFF63
:20BE0000FFFFFFFFFFFFFFFFFFFFFFFFFFFFFFFFFFFFFFFFFFFFFFFFFFFFFFFFFFFFFFFF42
:20BE2000FFFFFFFFFFFFFFFFFFFFFFFFFFFFFFFFFFFFFFFFFFFFFFFFFFFFFFFFFFFFFFFF22
:20BE4000FFFFFFFFFFFFFFFFFFFFFFFFFFFFFFFFFFFFFFFFFFFFFFFFFFFFFFFFFFFFFFFF02
:20BE6000FFFFFFFFFFFFFFFFFFFFFFFFFFFFFFFFFFFFFFFFFFFFFFFFFFFFFFFFFFFFFFFFE2
:20BE8000FFFFFFFFFFFFFFFFFFFFFFFFFFFFFFFFFFFFFFFFFFFFFFFFFFFFFFFFFFFFFFFFC2
:20BEA000FFFFFFFFFFFFFFFFFFFFFFFFFFFFFFFFFFFFFFFFFFFFFFFFFFFFFFFFFFFFFFFFA2
:20BEC000FFFFFFFFFFFFFFFFFFFFFFFFFFFFFFFFFFFFFFFFFFFFFFFFFFFFFFFFFFFFFFFF82
:20BEE000FFFFFFFFFFFFFFFFFFFFFFFFFFFFFFFFFFFFFFFFFFFFFFFFFFFFFFFFFFFFFFFF62
:20BF0000FFFFFFFFFFFFFFFFFFFFFFFFFFFFFFFFFFFFFFFFFFFFFFFFFFFFFFFFFFFFFFFF41
:20BF2000FFFFFFFFFFFFFFFFFFFFFFFFFFFFFFFFFFFFFFFFFFFFFFFFFFFFFFFFFFFFFFFF21
:20BF4000FFFFFFFFFFFFFFFFFFFFFFFFFFFFFFFFFFFFFFFFFFFFFFFFFFFFFFFFFFFFFFFF01
:20BF6000FFFFFFFFFFFFFFFFFFFFFFFFFFFFFFFFFFFFFFFFFFFFFFFFFFFFFFFFFFFFFFFFE1
:20BF8000FFFFFFFFFFFFFFFFFFFFFFFFFFFFFFFFFFFFFFFFFFFFFFFFFFFFFFFFFFFFFFFFC1
:20BFA000FFFFFFFFFFFFFFFFFFFFFFFFFFFFFFFFFFFFFFFFFFFFFFFFFFFFFFFFFFFFFFFFA1
:20BFC000FFFFFFFFFFFFFFFFFFFFFFFFFFFFFFFFFFFFFFFFFFFFFFFFFFFFFFFFFFFFFFFF81
:20BFE000FFFFFFFFFFFFFFFFFFFFFFFFFFFFFFFFFFFFFFFFFFFFFFFFFFFFFFFFFFFFFFFF61
:20C00000FFFFFFFFFFFFFFFFFFFFFFFFFFFFFFFFFFFFFFFFFFFFFFFFFFFFFFFFFFFFFFFF40
:20C02000FFFFFFFFFFFFFFFFFFFFFFFFFFFFFFFFFFFFFFFFFFFFFFFFFFFFFFFFFFFFFFFF20
:20C04000FFFFFFFFFFFFFFFFFFFFFFFFFFFFFFFFFFFFFFFFFFFFFFFFFFFFFFFFFFFFFFFF00
:20C06000FFFFFFFFFFFFFFFFFFFFFFFFFFFFFFFFFFFFFFFFFFFFFFFFFFFFFFFFFFFFFFFFE0
:20C08000FFFFFFFFFFFFFFFFFFFFFFFFFFFFFFFFFFFFFFFFFFFFFFFFFFFFFFFFFFFFFFFFC0
:20C0A000FFFFFFFFFFFFFFFFFFFFFFFFFFFFFFFFFFFFFFFFFFFFFFFFFFFFFFFFFFFFFFFFA0
:20C0C000FFFFFFFFFFFFFFFFFFFFFFFFFFFFFFFFFFFFFFFFFFFFFFFFFFFFFFFFFFFFFFFF80
:20C0E000FFFFFFFFFFFFFFFFFFFFFFFFFFFFFFFFFFFFFFFFFFFFFFFFFFFFFFFFFFFFFFFF60
:20C10000FFFFFFFFFFFFFFFFFFFFFFFFFFFFFFFFFFFFFFFFFFFFFFFFFFFFFFFFFFFFFFFF3F
:20C12000FFFFFFFFFFFFFFFFFFFFFFFFFFFFFFFFFFFFFFFFFFFFFFFFFFFFFFFFFFFFFFFF1F
:20C14000FFFFFFFFFFFFFFFFFFFFFFFFFFFFFFFFFFFFFFFFFFFFFFFFFFFFFFFFFFFFFFFFFF
:20C16000FFFFFFFFFFFFFFFFFFFFFFFFFFFFFFFFFFFFFFFFFFFFFFFFFFFFFFFFFFFFFFFFDF
:20C18000FFFFFFFFFFFFFFFFFFFFFFFFFFFFFFFFFFFFFFFFFFFFFFFFFFFFFFFFFFFFFFFFBF
:20C1A000FFFFFFFFFFFFFFFFFFFFFFFFFFFFFFFFFFFFFFFFFFFFFFFFFFFFFFFFFFFFFFFF9F
:20C1C000FFFFFFFFFFFFFFFFFFFFFFFFFFFFFFFFFFFFFFFFFFFFFFFFFFFFFFFFFFFFFFFF7F
:20C1E000FFFFFFFFFFFFFFFFFFFFFFFFFFFFFFFFFFFFFFFFFFFFFFFFFFFFFFFFFFFFFFFF5F
:20C20000FFFFFFFFFFFFFFFFFFFFFFFFFFFFFFFFFFFFFFFFFFFFFFFFFFFFFFFFFFFFFFFF3E
:20C22000FFFFFFFFFFFFFFFFFFFFFFFFFFFFFFFFFFFFFFFFFFFFFFFFFFFFFFFFFFFFFFFF1E
:20C24000FFFFFFFFFFFFFFFFFFFFFFFFFFFFFFFFFFFFFFFFFFFFFFFFFFFFFFFFFFFFFFFFFE
:20C26000FFFFFFFFFFFFFFFFFFFFFFFFFFFFFFFFFFFFFFFFFFFFFFFFFFFFFFFFFFFFFFFFDE
:20C28000FFFFFFFFFFFFFFFFFFFFFFFFFFFFFFFFFFFFFFFFFFFFFFFFFFFFFFFFFFFFFFFFBE
:20C2A000FFFFFFFFFFFFFFFFFFFFFFFFFFFFFFFFFFFFFFFFFFFFFFFFFFFFFFFFFFFFFFFF9E
:20C2C000FFFFFFFFFFFFFFFFFFFFFFFFFFFFFFFFFFFFFFFFFFFFFFFFFFFFFFFFFFFFFFFF7E
:20C2E000FFFFFFFFFFFFFFFFFFFFFFFFFFFFFFFFFFFFFFFFFFFFFFFFFFFFFFFFFFFFFFFF5E
:20C30000FFFFFFFFFFFFFFFFFFFFFFFFFFFFFFFFFFFFFFFFFFFFFFFFFFFFFFFFFFFFFFFF3D
:20C32000FFFFFFFFFFFFFFFFFFFFFFFFFFFFFFFFFFFFFFFFFFFFFFFFFFFFFFFFFFFFFFFF1D
:20C34000FFFFFFFFFFFFFFFFFFFFFFFFFFFFFFFFFFFFFFFFFFFFFFFFFFFFFFFFFFFFFFFFFD
:20C36000FFFFFFFFFFFFFFFFFFFFFFFFFFFFFFFFFFFFFFFFFFFFFFFFFFFFFFFFFFFFFFFFDD
:20C38000FFFFFFFFFFFFFFFFFFFFFFFFFFFFFFFFFFFFFFFFFFFFFFFFFFFFFFFFFFFFFFFFBD
:20C3A000FFFFFFFFFFFFFFFFFFFFFFFFFFFFFFFFFFFFFFFFFFFFFFFFFFFFFFFFFFFFFFFF9D
:20C3C000FFFFFFFFFFFFFFFFFFFFFFFFFFFFFFFFFFFFFFFFFFFFFFFFFFFFFFFFFFFFFFFF7D
:20C3E000FFFFFFFFFFFFFFFFFFFFFFFFFFFFFFFFFFFFFFFFFFFFFFFFFFFFFFFFFFFFFFFF5D
:20C40000FFFFFFFFFFFFFFFFFFFFFFFFFFFFFFFFFFFFFFFFFFFFFFFFFFFFFFFFFFFFFFFF3C
:20C42000FFFFFFFFFFFFFFFFFFFFFFFFFFFFFFFFFFFFFFFFFFFFFFFFFFFFFFFFFFFFFFFF1C
:20C44000FFFFFFFFFFFFFFFFFFFFFFFFFFFFFFFFFFFFFFFFFFFFFFFFFFFFFFFFFFFFFFFFFC
:20C46000FFFFFFFFFFFFFFFFFFFFFFFFFFFFFFFFFFFFFFFFFFFFFFFFFFFFFFFFFFFFFFFFDC
:20C48000FFFFFFFFFFFFFFFFFFFFFFFFFFFFFFFFFFFFFFFFFFFFFFFFFFFFFFFFFFFFFFFFBC
:20C4A000FFFFFFFFFFFFFFFFFFFFFFFFFFFFFFFFFFFFFFFFFFFFFFFFFFFFFFFFFFFFFFFF9C
:20C4C000FFFFFFFFFFFFFFFFFFFFFFFFFFFFFFFFFFFFFFFFFFFFFFFFFFFFFFFFFFFFFFFF7C
:20C4E000FFFFFFFFFFFFFFFFFFFFFFFFFFFFFFFFFFFFFFFFFFFFFFFFFFFFFFFFFFFFFFFF5C
:20C50000FFFFFFFFFFFFFFFFFFFFFFFFFFFFFFFFFFFFFFFFFFFFFFFFFFFFFFFFFFFFFFFF3B
:20C52000FFFFFFFFFFFFFFFFFFFFFFFFFFFFFFFFFFFFFFFFFFFFFFFFFFFFFFFFFFFFFFFF1B
:20C54000FFFFFFFFFFFFFFFFFFFFFFFFFFFFFFFFFFFFFFFFFFFFFFFFFFFFFFFFFFFFFFFFFB
:20C56000FFFFFFFFFFFFFFFFFFFFFFFFFFFFFFFFFFFFFFFFFFFFFFFFFFFFFFFFFFFFFFFFDB
:20C58000FFFFFFFFFFFFFFFFFFFFFFFFFFFFFFFFFFFFFFFFFFFFFFFFFFFFFFFFFFFFFFFFBB
:20C5A000FFFFFFFFFFFFFFFFFFFFFFFFFFFFFFFFFFFFFFFFFFFFFFFFFFFFFFFFFFFFFFFF9B
:20C5C000FFFFFFFFFFFFFFFFFFFFFFFFFFFFFFFFFFFFFFFFFFFFFFFFFFFFFFFFFFFFFFFF7B
:20C5E000FFFFFFFFFFFFFFFFFFFFFFFFFFFFFFFFFFFFFFFFFFFFFFFFFFFFFFFFFFFFFFFF5B
:20C60000FFFFFFFFFFFFFFFFFFFFFFFFFFFFFFFFFFFFFFFFFFFFFFFFFFFFFFFFFFFFFFFF3A
:20C62000FFFFFFFFFFFFFFFFFFFFFFFFFFFFFFFFFFFFFFFFFFFFFFFFFFFFFFFFFFFFFFFF1A
:20C64000FFFFFFFFFFFFFFFFFFFFFFFFFFFFFFFFFFFFFFFFFFFFFFFFFFFFFFFFFFFFFFFFFA
:20C66000FFFFFFFFFFFFFFFFFFFFFFFFFFFFFFFFFFFFFFFFFFFFFFFFFFFFFFFFFFFFFFFFDA
:20C68000FFFFFFFFFFFFFFFFFFFFFFFFFFFFFFFFFFFFFFFFFFFFFFFFFFFFFFFFFFFFFFFFBA
:20C6A000FFFFFFFFFFFFFFFFFFFFFFFFFFFFFFFFFFFFFFFFFFFFFFFFFFFFFFFFFFFFFFFF9A
:20C6C000FFFFFFFFFFFFFFFFFFFFFFFFFFFFFFFFFFFFFFFFFFFFFFFFFFFFFFFFFFFFFFFF7A
:20C6E000FFFFFFFFFFFFFFFFFFFFFFFFFFFFFFFFFFFFFFFFFFFFFFFFFFFFFFFFFFFFFFFF5A
:20C70000FFFFFFFFFFFFFFFFFFFFFFFFFFFFFFFFFFFFFFFFFFFFFFFFFFFFFFFFFFFFFFFF39
:20C72000FFFFFFFFFFFFFFFFFFFFFFFFFFFFFFFFFFFFFFFFFFFFFFFFFFFFFFFFFFFFFFFF19
:20C74000FFFFFFFFFFFFFFFFFFFFFFFFFFFFFFFFFFFFFFFFFFFFFFFFFFFFFFFFFFFFFFFFF9
:20C76000FFFFFFFFFFFFFFFFFFFFFFFFFFFFFFFFFFFFFFFFFFFFFFFFFFFFFFFFFFFFFFFFD9
:20C78000FFFFFFFFFFFFFFFFFFFFFFFFFFFFFFFFFFFFFFFFFFFFFFFFFFFFFFFFFFFFFFFFB9
:20C7A000FFFFFFFFFFFFFFFFFFFFFFFFFFFFFFFFFFFFFFFFFFFFFFFFFFFFFFFFFFFFFFFF99
:20C7C000FFFFFFFFFFFFFFFFFFFFFFFFFFFFFFFFFFFFFFFFFFFFFFFFFFFFFFFFFFFFFFFF79
:20C7E000FFFFFFFFFFFFFFFFFFFFFFFFFFFFFFFFFFFFFFFFFFFFFFFFFFFFFFFFFFFFFFFF59
:20C80000FFFFFFFFFFFFFFFFFFFFFFFFFFFFFFFFFFFFFFFFFFFFFFFFFFFFFFFFFFFFFFFF38
:20C82000FFFFFFFFFFFFFFFFFFFFFFFFFFFFFFFFFFFFFFFFFFFFFFFFFFFFFFFFFFFFFFFF18
:20C84000FFFFFFFFFFFFFFFFFFFFFFFFFFFFFFFFFFFFFFFFFFFFFFFFFFFFFFFFFFFFFFFFF8
:20C86000FFFFFFFFFFFFFFFFFFFFFFFFFFFFFFFFFFFFFFFFFFFFFFFFFFFFFFFFFFFFFFFFD8
:20C88000FFFFFFFFFFFFFFFFFFFFFFFFFFFFFFFFFFFFFFFFFFFFFFFFFFFFFFFFFFFFFFFFB8
:20C8A000FFFFFFFFFFFFFFFFFFFFFFFFFFFFFFFFFFFFFFFFFFFFFFFFFFFFFFFFFFFFFFFF98
:20C8C000FFFFFFFFFFFFFFFFFFFFFFFFFFFFFFFFFFFFFFFFFFFFFFFFFFFFFFFFFFFFFFFF78
:20C8E000FFFFFFFFFFFFFFFFFFFFFFFFFFFFFFFFFFFFFFFFFFFFFFFFFFFFFFFFFFFFFFFF58
:20C90000FFFFFFFFFFFFFFFFFFFFFFFFFFFFFFFFFFFFFFFFFFFFFFFFFFFFFFFFFFFFFFFF37
:20C92000FFFFFFFFFFFFFFFFFFFFFFFFFFFFFFFFFFFFFFFFFFFFFFFFFFFFFFFFFFFFFFFF17
:20C94000FFFFFFFFFFFFFFFFFFFFFFFFFFFFFFFFFFFFFFFFFFFFFFFFFFFFFFFFFFFFFFFFF7
:20C96000FFFFFFFFFFFFFFFFFFFFFFFFFFFFFFFFFFFFFFFFFFFFFFFFFFFFFFFFFFFFFFFFD7
:20C98000FFFFFFFFFFFFFFFFFFFFFFFFFFFFFFFFFFFFFFFFFFFFFFFFFFFFFFFFFFFFFFFFB7
:20C9A000FFFFFFFFFFFFFFFFFFFFFFFFFFFFFFFFFFFFFFFFFFFFFFFFFFFFFFFFFFFFFFFF97
:20C9C000FFFFFFFFFFFFFFFFFFFFFFFFFFFFFFFFFFFFFFFFFFFFFFFFFFFFFFFFFFFFFFFF77
:20C9E000FFFFFFFFFFFFFFFFFFFFFFFFFFFFFFFFFFFFFFFFFFFFFFFFFFFFFFFFFFFFFFFF57
:20CA0000FFFFFFFFFFFFFFFFFFFFFFFFFFFFFFFFFFFFFFFFFFFFFFFFFFFFFFFFFFFFFFFF36
:20CA2000FFFFFFFFFFFFFFFFFFFFFFFFFFFFFFFFFFFFFFFFFFFFFFFFFFFFFFFFFFFFFFFF16
:20CA4000FFFFFFFFFFFFFFFFFFFFFFFFFFFFFFFFFFFFFFFFFFFFFFFFFFFFFFFFFFFFFFFFF6
:20CA6000FFFFFFFFFFFFFFFFFFFFFFFFFFFFFFFFFFFFFFFFFFFFFFFFFFFFFFFFFFFFFFFFD6
:20CA8000FFFFFFFFFFFFFFFFFFFFFFFFFFFFFFFFFFFFFFFFFFFFFFFFFFFFFFFFFFFFFFFFB6
:20CAA000FFFFFFFFFFFFFFFFFFFFFFFFFFFFFFFFFFFFFFFFFFFFFFFFFFFFFFFFFFFFFFFF96
:20CAC000FFFFFFFFFFFFFFFFFFFFFFFFFFFFFFFFFFFFFFFFFFFFFFFFFFFFFFFFFFFFFFFF76
:20CAE000FFFFFFFFFFFFFFFFFFFFFFFFFFFFFFFFFFFFFFFFFFFFFFFFFFFFFFFFFFFFFFFF56
:20CB0000FFFFFFFFFFFFFFFFFFFFFFFFFFFFFFFFFFFFFFFFFFFFFFFFFFFFFFFFFFFFFFFF35
:20CB2000FFFFFFFFFFFFFFFFFFFFFFFFFFFFFFFFFFFFFFFFFFFFFFFFFFFFFFFFFFFFFFFF15
:20CB4000FFFFFFFFFFFFFFFFFFFFFFFFFFFFFFFFFFFFFFFFFFFFFFFFFFFFFFFFFFFFFFFFF5
:20CB6000FFFFFFFFFFFFFFFFFFFFFFFFFFFFFFFFFFFFFFFFFFFFFFFFFFFFFFFFFFFFFFFFD5
:20CB8000FFFFFFFFFFFFFFFFFFFFFFFFFFFFFFFFFFFFFFFFFFFFFFFFFFFFFFFFFFFFFFFFB5
:20CBA000FFFFFFFFFFFFFFFFFFFFFFFFFFFFFFFFFFFFFFFFFFFFFFFFFFFFFFFFFFFFFFFF95
:20CBC000FFFFFFFFFFFFFFFFFFFFFFFFFFFFFFFFFFFFFFFFFFFFFFFFFFFFFFFFFFFFFFFF75
:20CBE000FFFFFFFFFFFFFFFFFFFFFFFFFFFFFFFFFFFFFFFFFFFFFFFFFFFFFFFFFFFFFFFF55
:20CC0000FFFFFFFFFFFFFFFFFFFFFFFFFFFFFFFFFFFFFFFFFFFFFFFFFFFFFFFFFFFFFFFF34
:20CC2000FFFFFFFFFFFFFFFFFFFFFFFFFFFFFFFFFFFFFFFFFFFFFFFFFFFFFFFFFFFFFFFF14
:20CC4000FFFFFFFFFFFFFFFFFFFFFFFFFFFFFFFFFFFFFFFFFFFFFFFFFFFFFFFFFFFFFFFFF4
:20CC6000FFFFFFFFFFFFFFFFFFFFFFFFFFFFFFFFFFFFFFFFFFFFFFFFFFFFFFFFFFFFFFFFD4
:20CC8000FFFFFFFFFFFFFFFFFFFFFFFFFFFFFFFFFFFFFFFFFFFFFFFFFFFFFFFFFFFFFFFFB4
:20CCA000FFFFFFFFFFFFFFFFFFFFFFFFFFFFFFFFFFFFFFFFFFFFFFFFFFFFFFFFFFFFFFFF94
:20CCC000FFFFFFFFFFFFFFFFFFFFFFFFFFFFFFFFFFFFFFFFFFFFFFFFFFFFFFFFFFFFFFFF74
:20CCE000FFFFFFFFFFFFFFFFFFFFFFFFFFFFFFFFFFFFFFFFFFFFFFFFFFFFFFFFFFFFFFFF54
:20CD0000FFFFFFFFFFFFFFFFFFFFFFFFFFFFFFFFFFFFFFFFFFFFFFFFFFFFFFFFFFFFFFFF33
:20CD2000FFFFFFFFFFFFFFFFFFFFFFFFFFFFFFFFFFFFFFFFFFFFFFFFFFFFFFFFFFFFFFFF13
:20CD4000FFFFFFFFFFFFFFFFFFFFFFFFFFFFFFFFFFFFFFFFFFFFFFFFFFFFFFFFFFFFFFFFF3
:20CD6000FFFFFFFFFFFFFFFFFFFFFFFFFFFFFFFFFFFFFFFFFFFFFFFFFFFFFFFFFFFFFFFFD3
:20CD8000FFFFFFFFFFFFFFFFFFFFFFFFFFFFFFFFFFFFFFFFFFFFFFFFFFFFFFFFFFFFFFFFB3
:20CDA000FFFFFFFFFFFFFFFFFFFFFFFFFFFFFFFFFFFFFFFFFFFFFFFFFFFFFFFFFFFFFFFF93
:20CDC000FFFFFFFFFFFFFFFFFFFFFFFFFFFFFFFFFFFFFFFFFFFFFFFFFFFFFFFFFFFFFFFF73
:20CDE000FFFFFFFFFFFFFFFFFFFFFFFFFFFFFFFFFFFFFFFFFFFFFFFFFFFFFFFFFFFFFFFF53
:20CE0000FFFFFFFFFFFFFFFFFFFFFFFFFFFFFFFFFFFFFFFFFFFFFFFFFFFFFFFFFFFFFFFF32
:20CE2000FFFFFFFFFFFFFFFFFFFFFFFFFFFFFFFFFFFFFFFFFFFFFFFFFFFFFFFFFFFFFFFF12
:20CE4000FFFFFFFFFFFFFFFFFFFFFFFFFFFFFFFFFFFFFFFFFFFFFFFFFFFFFFFFFFFFFFFFF2
:20CE6000FFFFFFFFFFFFFFFFFFFFFFFFFFFFFFFFFFFFFFFFFFFFFFFFFFFFFFFFFFFFFFFFD2
:20CE8000FFFFFFFFFFFFFFFFFFFFFFFFFFFFFFFFFFFFFFFFFFFFFFFFFFFFFFFFFFFFFFFFB2
:20CEA000FFFFFFFFFFFFFFFFFFFFFFFFFFFFFFFFFFFFFFFFFFFFFFFFFFFFFFFFFFFFFFFF92
:20CEC000FFFFFFFFFFFFFFFFFFFFFFFFFFFFFFFFFFFFFFFFFFFFFFFFFFFFFFFFFFFFFFFF72
:20CEE000FFFFFFFFFFFFFFFFFFFFFFFFFFFFFFFFFFFFFFFFFFFFFFFFFFFFFFFFFFFFFFFF52
:20CF0000FFFFFFFFFFFFFFFFFFFFFFFFFFFFFFFFFFFFFFFFFFFFFFFFFFFFFFFFFFFFFFFF31
:20CF2000FFFFFFFFFFFFFFFFFFFFFFFFFFFFFFFFFFFFFFFFFFFFFFFFFFFFFFFFFFFFFFFF11
:20CF4000FFFFFFFFFFFFFFFFFFFFFFFFFFFFFFFFFFFFFFFFFFFFFFFFFFFFFFFFFFFFFFFFF1
:20CF6000FFFFFFFFFFFFFFFFFFFFFFFFFFFFFFFFFFFFFFFFFFFFFFFFFFFFFFFFFFFFFFFFD1
:20CF8000FFFFFFFFFFFFFFFFFFFFFFFFFFFFFFFFFFFFFFFFFFFFFFFFFFFFFFFFFFFFFFFFB1
:20CFA000FFFFFFFFFFFFFFFFFFFFFFFFFFFFFFFFFFFFFFFFFFFFFFFFFFFFFFFFFFFFFFFF91
:20CFC000FFFFFFFFFFFFFFFFFFFFFFFFFFFFFFFFFFFFFFFFFFFFFFFFFFFFFFFFFFFFFFFF71
:20CFE000FFFFFFFFFFFFFFFFFFFFFFFFFFFFFFFFFFFFFFFFFFFFFFFFFFFFFFFFFFFFFFFF51
:20D00000FFFFFFFFFFFFFFFFFFFFFFFFFFFFFFFFFFFFFFFFFFFFFFFFFFFFFFFFFFFFFFFF30
:20D02000FFFFFFFFFFFFFFFFFFFFFFFFFFFFFFFFFFFFFFFFFFFFFFFFFFFFFFFFFFFFFFFF10
:20D04000FFFFFFFFFFFFFFFFFFFFFFFFFFFFFFFFFFFFFFFFFFFFFFFFFFFFFFFFFFFFFFFFF0
:20D06000FFFFFFFFFFFFFFFFFFFFFFFFFFFFFFFFFFFFFFFFFFFFFFFFFFFFFFFFFFFFFFFFD0
:20D08000FFFFFFFFFFFFFFFFFFFFFFFFFFFFFFFFFFFFFFFFFFFFFFFFFFFFFFFFFFFFFFFFB0
:20D0A000FFFFFFFFFFFFFFFFFFFFFFFFFFFFFFFFFFFFFFFFFFFFFFFFFFFFFFFFFFFFFFFF90
:20D0C000FFFFFFFFFFFFFFFFFFFFFFFFFFFFFFFFFFFFFFFFFFFFFFFFFFFFFFFFFFFFFFFF70
:20D0E000FFFFFFFFFFFFFFFFFFFFFFFFFFFFFFFFFFFFFFFFFFFFFFFFFFFFFFFFFFFFFFFF50
:20D10000FFFFFFFFFFFFFFFFFFFFFFFFFFFFFFFFFFFFFFFFFFFFFFFFFFFFFFFFFFFFFFFF2F
:20D12000FFFFFFFFFFFFFFFFFFFFFFFFFFFFFFFFFFFFFFFFFFFFFFFFFFFFFFFFFFFFFFFF0F
:20D14000FFFFFFFFFFFFFFFFFFFFFFFFFFFFFFFFFFFFFFFFFFFFFFFFFFFFFFFFFFFFFFFFEF
:20D16000FFFFFFFFFFFFFFFFFFFFFFFFFFFFFFFFFFFFFFFFFFFFFFFFFFFFFFFFFFFFFFFFCF
:20D18000FFFFFFFFFFFFFFFFFFFFFFFFFFFFFFFFFFFFFFFFFFFFFFFFFFFFFFFFFFFFFFFFAF
:20D1A000FFFFFFFFFFFFFFFFFFFFFFFFFFFFFFFFFFFFFFFFFFFFFFFFFFFFFFFFFFFFFFFF8F
:20D1C000FFFFFFFFFFFFFFFFFFFFFFFFFFFFFFFFFFFFFFFFFFFFFFFFFFFFFFFFFFFFFFFF6F
:20D1E000FFFFFFFFFFFFFFFFFFFFFFFFFFFFFFFFFFFFFFFFFFFFFFFFFFFFFFFFFFFFFFFF4F
:20D20000FFFFFFFFFFFFFFFFFFFFFFFFFFFFFFFFFFFFFFFFFFFFFFFFFFFFFFFFFFFFFFFF2E
:20D22000FFFFFFFFFFFFFFFFFFFFFFFFFFFFFFFFFFFFFFFFFFFFFFFFFFFFFFFFFFFFFFFF0E
:20D24000FFFFFFFFFFFFFFFFFFFFFFFFFFFFFFFFFFFFFFFFFFFFFFFFFFFFFFFFFFFFFFFFEE
:20D26000FFFFFFFFFFFFFFFFFFFFFFFFFFFFFFFFFFFFFFFFFFFFFFFFFFFFFFFFFFFFFFFFCE
:20D28000FFFFFFFFFFFFFFFFFFFFFFFFFFFFFFFFFFFFFFFFFFFFFFFFFFFFFFFFFFFFFFFFAE
:20D2A000FFFFFFFFFFFFFFFFFFFFFFFFFFFFFFFFFFFFFFFFFFFFFFFFFFFFFFFFFFFFFFFF8E
:20D2C000FFFFFFFFFFFFFFFFFFFFFFFFFFFFFFFFFFFFFFFFFFFFFFFFFFFFFFFFFFFFFFFF6E
:20D2E000FFFFFFFFFFFFFFFFFFFFFFFFFFFFFFFFFFFFFFFFFFFFFFFFFFFFFFFFFFFFFFFF4E
:20D30000FFFFFFFFFFFFFFFFFFFFFFFFFFFFFFFFFFFFFFFFFFFFFFFFFFFFFFFFFFFFFFFF2D
:20D32000FFFFFFFFFFFFFFFFFFFFFFFFFFFFFFFFFFFFFFFFFFFFFFFFFFFFFFFFFFFFFFFF0D
:20D34000FFFFFFFFFFFFFFFFFFFFFFFFFFFFFFFFFFFFFFFFFFFFFFFFFFFFFFFFFFFFFFFFED
:20D36000FFFFFFFFFFFFFFFFFFFFFFFFFFFFFFFFFFFFFFFFFFFFFFFFFFFFFFFFFFFFFFFFCD
:20D38000FFFFFFFFFFFFFFFFFFFFFFFFFFFFFFFFFFFFFFFFFFFFFFFFFFFFFFFFFFFFFFFFAD
:20D3A000FFFFFFFFFFFFFFFFFFFFFFFFFFFFFFFFFFFFFFFFFFFFFFFFFFFFFFFFFFFFFFFF8D
:20D3C000FFFFFFFFFFFFFFFFFFFFFFFFFFFFFFFFFFFFFFFFFFFFFFFFFFFFFFFFFFFFFFFF6D
:20D3E000FFFFFFFFFFFFFFFFFFFFFFFFFFFFFFFFFFFFFFFFFFFFFFFFFFFFFFFFFFFFFFFF4D
:20D40000FFFFFFFFFFFFFFFFFFFFFFFFFFFFFFFFFFFFFFFFFFFFFFFFFFFFFFFFFFFFFFFF2C
:20D42000FFFFFFFFFFFFFFFFFFFFFFFFFFFFFFFFFFFFFFFFFFFFFFFFFFFFFFFFFFFFFFFF0C
:20D44000FFFFFFFFFFFFFFFFFFFFFFFFFFFFFFFFFFFFFFFFFFFFFFFFFFFFFFFFFFFFFFFFEC
:20D46000FFFFFFFFFFFFFFFFFFFFFFFFFFFFFFFFFFFFFFFFFFFFFFFFFFFFFFFFFFFFFFFFCC
:20D48000FFFFFFFFFFFFFFFFFFFFFFFFFFFFFFFFFFFFFFFFFFFFFFFFFFFFFFFFFFFFFFFFAC
:20D4A000FFFFFFFFFFFFFFFFFFFFFFFFFFFFFFFFFFFFFFFFFFFFFFFFFFFFFFFFFFFFFFFF8C
:20D4C000FFFFFFFFFFFFFFFFFFFFFFFFFFFFFFFFFFFFFFFFFFFFFFFFFFFFFFFFFFFFFFFF6C
:20D4E000FFFFFFFFFFFFFFFFFFFFFFFFFFFFFFFFFFFFFFFFFFFFFFFFFFFFFFFFFFFFFFFF4C
:20D50000FFFFFFFFFFFFFFFFFFFFFFFFFFFFFFFFFFFFFFFFFFFFFFFFFFFFFFFFFFFFFFFF2B
:20D52000FFFFFFFFFFFFFFFFFFFFFFFFFFFFFFFFFFFFFFFFFFFFFFFFFFFFFFFFFFFFFFFF0B
:20D54000FFFFFFFFFFFFFFFFFFFFFFFFFFFFFFFFFFFFFFFFFFFFFFFFFFFFFFFFFFFFFFFFEB
:20D56000FFFFFFFFFFFFFFFFFFFFFFFFFFFFFFFFFFFFFFFFFFFFFFFFFFFFFFFFFFFFFFFFCB
:20D58000FFFFFFFFFFFFFFFFFFFFFFFFFFFFFFFFFFFFFFFFFFFFFFFFFFFFFFFFFFFFFFFFAB
:20D5A000FFFFFFFFFFFFFFFFFFFFFFFFFFFFFFFFFFFFFFFFFFFFFFFFFFFFFFFFFFFFFFFF8B
:20D5C000FFFFFFFFFFFFFFFFFFFFFFFFFFFFFFFFFFFFFFFFFFFFFFFFFFFFFFFFFFFFFFFF6B
:20D5E000FFFFFFFFFFFFFFFFFFFFFFFFFFFFFFFFFFFFFFFFFFFFFFFFFFFFFFFFFFFFFFFF4B
:20D60000FFFFFFFFFFFFFFFFFFFFFFFFFFFFFFFFFFFFFFFFFFFFFFFFFFFFFFFFFFFFFFFF2A
:20D62000FFFFFFFFFFFFFFFFFFFFFFFFFFFFFFFFFFFFFFFFFFFFFFFFFFFFFFFFFFFFFFFF0A
:20D64000FFFFFFFFFFFFFFFFFFFFFFFFFFFFFFFFFFFFFFFFFFFFFFFFFFFFFFFFFFFFFFFFEA
:20D66000FFFFFFFFFFFFFFFFFFFFFFFFFFFFFFFFFFFFFFFFFFFFFFFFFFFFFFFFFFFFFFFFCA
:20D68000FFFFFFFFFFFFFFFFFFFFFFFFFFFFFFFFFFFFFFFFFFFFFFFFFFFFFFFFFFFFFFFFAA
:20D6A000FFFFFFFFFFFFFFFFFFFFFFFFFFFFFFFFFFFFFFFFFFFFFFFFFFFFFFFFFFFFFFFF8A
:20D6C000FFFFFFFFFFFFFFFFFFFFFFFFFFFFFFFFFFFFFFFFFFFFFFFFFFFFFFFFFFFFFFFF6A
:20D6E000FFFFFFFFFFFFFFFFFFFFFFFFFFFFFFFFFFFFFFFFFFFFFFFFFFFFFFFFFFFFFFFF4A
:20D70000FFFFFFFFFFFFFFFFFFFFFFFFFFFFFFFFFFFFFFFFFFFFFFFFFFFFFFFFFFFFFFFF29
:20D72000FFFFFFFFFFFFFFFFFFFFFFFFFFFFFFFFFFFFFFFFFFFFFFFFFFFFFFFFFFFFFFFF09
:20D74000FFFFFFFFFFFFFFFFFFFFFFFFFFFFFFFFFFFFFFFFFFFFFFFFFFFFFFFFFFFFFFFFE9
:20D76000FFFFFFFFFFFFFFFFFFFFFFFFFFFFFFFFFFFFFFFFFFFFFFFFFFFFFFFFFFFFFFFFC9
:20D78000FFFFFFFFFFFFFFFFFFFFFFFFFFFFFFFFFFFFFFFFFFFFFFFFFFFFFFFFFFFFFFFFA9
:20D7A000FFFFFFFFFFFFFFFFFFFFFFFFFFFFFFFFFFFFFFFFFFFFFFFFFFFFFFFFFFFFFFFF89
:20D7C000FFFFFFFFFFFFFFFFFFFFFFFFFFFFFFFFFFFFFFFFFFFFFFFFFFFFFFFFFFFFFFFF69
:20D7E000FFFFFFFFFFFFFFFFFFFFFFFFFFFFFFFFFFFFFFFFFFFFFFFFFFFFFFFFFFFFFFFF49
:20D80000FFFFFFFFFFFFFFFFFFFFFFFFFFFFFFFFFFFFFFFFFFFFFFFFFFFFFFFFFFFFFFFF28
:20D82000FFFFFFFFFFFFFFFFFFFFFFFFFFFFFFFFFFFFFFFFFFFFFFFFFFFFFFFFFFFFFFFF08
:20D84000FFFFFFFFFFFFFFFFFFFFFFFFFFFFFFFFFFFFFFFFFFFFFFFFFFFFFFFFFFFFFFFFE8
:20D86000FFFFFFFFFFFFFFFFFFFFFFFFFFFFFFFFFFFFFFFFFFFFFFFFFFFFFFFFFFFFFFFFC8
:20D88000FFFFFFFFFFFFFFFFFFFFFFFFFFFFFFFFFFFFFFFFFFFFFFFFFFFFFFFFFFFFFFFFA8
:20D8A000FFFFFFFFFFFFFFFFFFFFFFFFFFFFFFFFFFFFFFFFFFFFFFFFFFFFFFFFFFFFFFFF88
:20D8C000FFFFFFFFFFFFFFFFFFFFFFFFFFFFFFFFFFFFFFFFFFFFFFFFFFFFFFFFFFFFFFFF68
:20D8E000FFFFFFFFFFFFFFFFFFFFFFFFFFFFFFFFFFFFFFFFFFFFFFFFFFFFFFFFFFFFFFFF48
:20D90000FFFFFFFFFFFFFFFFFFFFFFFFFFFFFFFFFFFFFFFFFFFFFFFFFFFFFFFFFFFFFFFF27
:20D92000FFFFFFFFFFFFFFFFFFFFFFFFFFFFFFFFFFFFFFFFFFFFFFFFFFFFFFFFFFFFFFFF07
:20D94000FFFFFFFFFFFFFFFFFFFFFFFFFFFFFFFFFFFFFFFFFFFFFFFFFFFFFFFFFFFFFFFFE7
:20D96000FFFFFFFFFFFFFFFFFFFFFFFFFFFFFFFFFFFFFFFFFFFFFFFFFFFFFFFFFFFFFFFFC7
:20D98000FFFFFFFFFFFFFFFFFFFFFFFFFFFFFFFFFFFFFFFFFFFFFFFFFFFFFFFFFFFFFFFFA7
:20D9A000FFFFFFFFFFFFFFFFFFFFFFFFFFFFFFFFFFFFFFFFFFFFFFFFFFFFFFFFFFFFFFFF87
:20D9C000FFFFFFFFFFFFFFFFFFFFFFFFFFFFFFFFFFFFFFFFFFFFFFFFFFFFFFFFFFFFFFFF67
:20D9E000FFFFFFFFFFFFFFFFFFFFFFFFFFFFFFFFFFFFFFFFFFFFFFFFFFFFFFFFFFFFFFFF47
:20DA0000FFFFFFFFFFFFFFFFFFFFFFFFFFFFFFFFFFFFFFFFFFFFFFFFFFFFFFFFFFFFFFFF26
:20DA2000FFFFFFFFFFFFFFFFFFFFFFFFFFFFFFFFFFFFFFFFFFFFFFFFFFFFFFFFFFFFFFFF06
:20DA4000FFFFFFFFFFFFFFFFFFFFFFFFFFFFFFFFFFFFFFFFFFFFFFFFFFFFFFFFFFFFFFFFE6
:20DA6000FFFFFFFFFFFFFFFFFFFFFFFFFFFFFFFFFFFFFFFFFFFFFFFFFFFFFFFFFFFFFFFFC6
:20DA8000FFFFFFFFFFFFFFFFFFFFFFFFFFFFFFFFFFFFFFFFFFFFFFFFFFFFFFFFFFFFFFFFA6
:20DAA000FFFFFFFFFFFFFFFFFFFFFFFFFFFFFFFFFFFFFFFFFFFFFFFFFFFFFFFFFFFFFFFF86
:20DAC000FFFFFFFFFFFFFFFFFFFFFFFFFFFFFFFFFFFFFFFFFFFFFFFFFFFFFFFFFFFFFFFF66
:20DAE000FFFFFFFFFFFFFFFFFFFFFFFFFFFFFFFFFFFFFFFFFFFFFFFFFFFFFFFFFFFFFFFF46
:20DB0000FFFFFFFFFFFFFFFFFFFFFFFFFFFFFFFFFFFFFFFFFFFFFFFFFFFFFFFFFFFFFFFF25
:20DB2000FFFFFFFFFFFFFFFFFFFFFFFFFFFFFFFFFFFFFFFFFFFFFFFFFFFFFFFFFFFFFFFF05
:20DB4000FFFFFFFFFFFFFFFFFFFFFFFFFFFFFFFFFFFFFFFFFFFFFFFFFFFFFFFFFFFFFFFFE5
:20DB6000FFFFFFFFFFFFFFFFFFFFFFFFFFFFFFFFFFFFFFFFFFFFFFFFFFFFFFFFFFFFFFFFC5
:20DB8000FFFFFFFFFFFFFFFFFFFFFFFFFFFFFFFFFFFFFFFFFFFFFFFFFFFFFFFFFFFFFFFFA5
:20DBA000FFFFFFFFFFFFFFFFFFFFFFFFFFFFFFFFFFFFFFFFFFFFFFFFFFFFFFFFFFFFFFFF85
:20DBC000FFFFFFFFFFFFFFFFFFFFFFFFFFFFFFFFFFFFFFFFFFFFFFFFFFFFFFFFFFFFFFFF65
:20DBE000FFFFFFFFFFFFFFFFFFFFFFFFFFFFFFFFFFFFFFFFFFFFFFFFFFFFFFFFFFFFFFFF45
:20DC0000FFFFFFFFFFFFFFFFFFFFFFFFFFFFFFFFFFFFFFFFFFFFFFFFFFFFFFFFFFFFFFFF24
:20DC2000FFFFFFFFFFFFFFFFFFFFFFFFFFFFFFFFFFFFFFFFFFFFFFFFFFFFFFFFFFFFFFFF04
:20DC4000FFFFFFFFFFFFFFFFFFFFFFFFFFFFFFFFFFFFFFFFFFFFFFFFFFFFFFFFFFFFFFFFE4
:20DC6000FFFFFFFFFFFFFFFFFFFFFFFFFFFFFFFFFFFFFFFFFFFFFFFFFFFFFFFFFFFFFFFFC4
:20DC8000FFFFFFFFFFFFFFFFFFFFFFFFFFFFFFFFFFFFFFFFFFFFFFFFFFFFFFFFFFFFFFFFA4
:20DCA000FFFFFFFFFFFFFFFFFFFFFFFFFFFFFFFFFFFFFFFFFFFFFFFFFFFFFFFFFFFFFFFF84
:20DCC000FFFFFFFFFFFFFFFFFFFFFFFFFFFFFFFFFFFFFFFFFFFFFFFFFFFFFFFFFFFFFFFF64
:20DCE000FFFFFFFFFFFFFFFFFFFFFFFFFFFFFFFFFFFFFFFFFFFFFFFFFFFFFFFFFFFFFFFF44
:20DD0000FFFFFFFFFFFFFFFFFFFFFFFFFFFFFFFFFFFFFFFFFFFFFFFFFFFFFFFFFFFFFFFF23
:20DD2000FFFFFFFFFFFFFFFFFFFFFFFFFFFFFFFFFFFFFFFFFFFFFFFFFFFFFFFFFFFFFFFF03
:20DD4000FFFFFFFFFFFFFFFFFFFFFFFFFFFFFFFFFFFFFFFFFFFFFFFFFFFFFFFFFFFFFFFFE3
:20DD6000FFFFFFFFFFFFFFFFFFFFFFFFFFFFFFFFFFFFFFFFFFFFFFFFFFFFFFFFFFFFFFFFC3
:20DD8000FFFFFFFFFFFFFFFFFFFFFFFFFFFFFFFFFFFFFFFFFFFFFFFFFFFFFFFFFFFFFFFFA3
:20DDA000FFFFFFFFFFFFFFFFFFFFFFFFFFFFFFFFFFFFFFFFFFFFFFFFFFFFFFFFFFFFFFFF83
:20DDC000FFFFFFFFFFFFFFFFFFFFFFFFFFFFFFFFFFFFFFFFFFFFFFFFFFFFFFFFFFFFFFFF63
:20DDE000FFFFFFFFFFFFFFFFFFFFFFFFFFFFFFFFFFFFFFFFFFFFFFFFFFFFFFFFFFFFFFFF43
:20DE0000FFFFFFFFFFFFFFFFFFFFFFFFFFFFFFFFFFFFFFFFFFFFFFFFFFFFFFFFFFFFFFFF22
:20DE2000FFFFFFFFFFFFFFFFFFFFFFFFFFFFFFFFFFFFFFFFFFFFFFFFFFFFFFFFFFFFFFFF02
:20DE4000FFFFFFFFFFFFFFFFFFFFFFFFFFFFFFFFFFFFFFFFFFFFFFFFFFFFFFFFFFFFFFFFE2
:20DE6000FFFFFFFFFFFFFFFFFFFFFFFFFFFFFFFFFFFFFFFFFFFFFFFFFFFFFFFFFFFFFFFFC2
:20DE8000FFFFFFFFFFFFFFFFFFFFFFFFFFFFFFFFFFFFFFFFFFFFFFFFFFFFFFFFFFFFFFFFA2
:20DEA000FFFFFFFFFFFFFFFFFFFFFFFFFFFFFFFFFFFFFFFFFFFFFFFFFFFFFFFFFFFFFFFF82
:20DEC000FFFFFFFFFFFFFFFFFFFFFFFFFFFFFFFFFFFFFFFFFFFFFFFFFFFFFFFFFFFFFFFF62
:20DEE000FFFFFFFFFFFFFFFFFFFFFFFFFFFFFFFFFFFFFFFFFFFFFFFFFFFFFFFFFFFFFFFF42
:20DF0000FFFFFFFFFFFFFFFFFFFFFFFFFFFFFFFFFFFFFFFFFFFFFFFFFFFFFFFFFFFFFFFF21
:20DF2000FFFFFFFFFFFFFFFFFFFFFFFFFFFFFFFFFFFFFFFFFFFFFFFFFFFFFFFFFFFFFFFF01
:20DF4000FFFFFFFFFFFFFFFFFFFFFFFFFFFFFFFFFFFFFFFFFFFFFFFFFFFFFFFFFFFFFFFFE1
:20DF6000FFFFFFFFFFFFFFFFFFFFFFFFFFFFFFFFFFFFFFFFFFFFFFFFFFFFFFFFFFFFFFFFC1
:20DF8000FFFFFFFFFFFFFFFFFFFFFFFFFFFFFFFFFFFFFFFFFFFFFFFFFFFFFFFFFFFFFFFFA1
:20DFA000FFFFFFFFFFFFFFFFFFFFFFFFFFFFFFFFFFFFFFFFFFFFFFFFFFFFFFFFFFFFFFFF81
:20DFC000FFFFFFFFFFFFFFFFFFFFFFFFFFFFFFFFFFFFFFFFFFFFFFFFFFFFFFFFFFFFFFFF61
:20DFE000FFFFFFFFFFFFFFFFFFFFFFFFFFFFFFFFFFFFFFFFFFFFFFFFFFFFFFFFFFFFFFFF41
:20E00000FFFFFFFFFFFFFFFFFFFFFFFFFFFFFFFFFFFFFFFFFFFFFFFFFFFFFFFFFFFFFFFF20
:20E02000FFFFFFFFFFFFFFFFFFFFFFFFFFFFFFFFFFFFFFFFFFFFFFFFFFFFFFFFFFFFFFFF00
:20E04000FFFFFFFFFFFFFFFFFFFFFFFFFFFFFFFFFFFFFFFFFFFFFFFFFFFFFFFFFFFFFFFFE0
:20E06000FFFFFFFFFFFFFFFFFFFFFFFFFFFFFFFFFFFFFFFFFFFFFFFFFFFFFFFFFFFFFFFFC0
:20E08000FFFFFFFFFFFFFFFFFFFFFFFFFFFFFFFFFFFFFFFFFFFFFFFFFFFFFFFFFFFFFFFFA0
:20E0A000FFFFFFFFFFFFFFFFFFFFFFFFFFFFFFFFFFFFFFFFFFFFFFFFFFFFFFFFFFFFFFFF80
:20E0C000FFFFFFFFFFFFFFFFFFFFFFFFFFFFFFFFFFFFFFFFFFFFFFFFFFFFFFFFFFFFFFFF60
:20E0E000FFFFFFFFFFFFFFFFFFFFFFFFFFFFFFFFFFFFFFFFFFFFFFFFFFFFFFFFFFFFFFFF40
:20E10000FFFFFFFFFFFFFFFFFFFFFFFFFFFFFFFFFFFFFFFFFFFFFFFFFFFFFFFFFFFFFFFF1F
:20E12000FFFFFFFFFFFFFFFFFFFFFFFFFFFFFFFFFFFFFFFFFFFFFFFFFFFFFFFFFFFFFFFFFF
:20E14000FFFFFFFFFFFFFFFFFFFFFFFFFFFFFFFFFFFFFFFFFFFFFFFFFFFFFFFFFFFFFFFFDF
:20E16000FFFFFFFFFFFFFFFFFFFFFFFFFFFFFFFFFFFFFFFFFFFFFFFFFFFFFFFFFFFFFFFFBF
:20E18000FFFFFFFFFFFFFFFFFFFFFFFFFFFFFFFFFFFFFFFFFFFFFFFFFFFFFFFFFFFFFFFF9F
:20E1A000FFFFFFFFFFFFFFFFFFFFFFFFFFFFFFFFFFFFFFFFFFFFFFFFFFFFFFFFFFFFFFFF7F
:20E1C000FFFFFFFFFFFFFFFFFFFFFFFFFFFFFFFFFFFFFFFFFFFFFFFFFFFFFFFFFFFFFFFF5F
:20E1E000FFFFFFFFFFFFFFFFFFFFFFFFFFFFFFFFFFFFFFFFFFFFFFFFFFFFFFFFFFFFFFFF3F
:20E20000FFFFFFFFFFFFFFFFFFFFFFFFFFFFFFFFFFFFFFFFFFFFFFFFFFFFFFFFFFFFFFFF1E
:20E22000FFFFFFFFFFFFFFFFFFFFFFFFFFFFFFFFFFFFFFFFFFFFFFFFFFFFFFFFFFFFFFFFFE
:20E24000FFFFFFFFFFFFFFFFFFFFFFFFFFFFFFFFFFFFFFFFFFFFFFFFFFFFFFFFFFFFFFFFDE
:20E26000FFFFFFFFFFFFFFFFFFFFFFFFFFFFFFFFFFFFFFFFFFFFFFFFFFFFFFFFFFFFFFFFBE
:20E28000FFFFFFFFFFFFFFFFFFFFFFFFFFFFFFFFFFFFFFFFFFFFFFFFFFFFFFFFFFFFFFFF9E
:20E2A000FFFFFFFFFFFFFFFFFFFFFFFFFFFFFFFFFFFFFFFFFFFFFFFFFFFFFFFFFFFFFFFF7E
:20E2C000FFFFFFFFFFFFFFFFFFFFFFFFFFFFFFFFFFFFFFFFFFFFFFFFFFFFFFFFFFFFFFFF5E
:20E2E000FFFFFFFFFFFFFFFFFFFFFFFFFFFFFFFFFFFFFFFFFFFFFFFFFFFFFFFFFFFFFFFF3E
:20E30000FFFFFFFFFFFFFFFFFFFFFFFFFFFFFFFFFFFFFFFFFFFFFFFFFFFFFFFFFFFFFFFF1D
:20E32000FFFFFFFFFFFFFFFFFFFFFFFFFFFFFFFFFFFFFFFFFFFFFFFFFFFFFFFFFFFFFFFFFD
:20E34000FFFFFFFFFFFFFFFFFFFFFFFFFFFFFFFFFFFFFFFFFFFFFFFFFFFFFFFFFFFFFFFFDD
:20E36000FFFFFFFFFFFFFFFFFFFFFFFFFFFFFFFFFFFFFFFFFFFFFFFFFFFFFFFFFFFFFFFFBD
:20E38000FFFFFFFFFFFFFFFFFFFFFFFFFFFFFFFFFFFFFFFFFFFFFFFFFFFFFFFFFFFFFFFF9D
:20E3A000FFFFFFFFFFFFFFFFFFFFFFFFFFFFFFFFFFFFFFFFFFFFFFFFFFFFFFFFFFFFFFFF7D
:20E3C000FFFFFFFFFFFFFFFFFFFFFFFFFFFFFFFFFFFFFFFFFFFFFFFFFFFFFFFFFFFFFFFF5D
:20E3E000FFFFFFFFFFFFFFFFFFFFFFFFFFFFFFFFFFFFFFFFFFFFFFFFFFFFFFFFFFFFFFFF3D
:20E40000FFFFFFFFFFFFFFFFFFFFFFFFFFFFFFFFFFFFFFFFFFFFFFFFFFFFFFFFFFFFFFFF1C
:20E42000FFFFFFFFFFFFFFFFFFFFFFFFFFFFFFFFFFFFFFFFFFFFFFFFFFFFFFFFFFFFFFFFFC
:20E44000FFFFFFFFFFFFFFFFFFFFFFFFFFFFFFFFFFFFFFFFFFFFFFFFFFFFFFFFFFFFFFFFDC
:20E46000FFFFFFFFFFFFFFFFFFFFFFFFFFFFFFFFFFFFFFFFFFFFFFFFFFFFFFFFFFFFFFFFBC
:20E48000FFFFFFFFFFFFFFFFFFFFFFFFFFFFFFFFFFFFFFFFFFFFFFFFFFFFFFFFFFFFFFFF9C
:20E4A000FFFFFFFFFFFFFFFFFFFFFFFFFFFFFFFFFFFFFFFFFFFFFFFFFFFFFFFFFFFFFFFF7C
:20E4C000FFFFFFFFFFFFFFFFFFFFFFFFFFFFFFFFFFFFFFFFFFFFFFFFFFFFFFFFFFFFFFFF5C
:20E4E000FFFFFFFFFFFFFFFFFFFFFFFFFFFFFFFFFFFFFFFFFFFFFFFFFFFFFFFFFFFFFFFF3C
:20E50000FFFFFFFFFFFFFFFFFFFFFFFFFFFFFFFFFFFFFFFFFFFFFFFFFFFFFFFFFFFFFFFF1B
:20E52000FFFFFFFFFFFFFFFFFFFFFFFFFFFFFFFFFFFFFFFFFFFFFFFFFFFFFFFFFFFFFFFFFB
:20E54000FFFFFFFFFFFFFFFFFFFFFFFFFFFFFFFFFFFFFFFFFFFFFFFFFFFFFFFFFFFFFFFFDB
:20E56000FFFFFFFFFFFFFFFFFFFFFFFFFFFFFFFFFFFFFFFFFFFFFFFFFFFFFFFFFFFFFFFFBB
:20E58000FFFFFFFFFFFFFFFFFFFFFFFFFFFFFFFFFFFFFFFFFFFFFFFFFFFFFFFFFFFFFFFF9B
:20E5A000FFFFFFFFFFFFFFFFFFFFFFFFFFFFFFFFFFFFFFFFFFFFFFFFFFFFFFFFFFFFFFFF7B
:20E5C000FFFFFFFFFFFFFFFFFFFFFFFFFFFFFFFFFFFFFFFFFFFFFFFFFFFFFFFFFFFFFFFF5B
:20E5E000FFFFFFFFFFFFFFFFFFFFFFFFFFFFFFFFFFFFFFFFFFFFFFFFFFFFFFFFFFFFFFFF3B
:20E60000FFFFFFFFFFFFFFFFFFFFFFFFFFFFFFFFFFFFFFFFFFFFFFFFFFFFFFFFFFFFFFFF1A
:20E62000FFFFFFFFFFFFFFFFFFFFFFFFFFFFFFFFFFFFFFFFFFFFFFFFFFFFFFFFFFFFFFFFFA
:20E64000FFFFFFFFFFFFFFFFFFFFFFFFFFFFFFFFFFFFFFFFFFFFFFFFFFFFFFFFFFFFFFFFDA
:20E66000FFFFFFFFFFFFFFFFFFFFFFFFFFFFFFFFFFFFFFFFFFFFFFFFFFFFFFFFFFFFFFFFBA
:20E68000FFFFFFFFFFFFFFFFFFFFFFFFFFFFFFFFFFFFFFFFFFFFFFFFFFFFFFFFFFFFFFFF9A
:20E6A000FFFFFFFFFFFFFFFFFFFFFFFFFFFFFFFFFFFFFFFFFFFFFFFFFFFFFFFFFFFFFFFF7A
:20E6C000FFFFFFFFFFFFFFFFFFFFFFFFFFFFFFFFFFFFFFFFFFFFFFFFFFFFFFFFFFFFFFFF5A
:20E6E000FFFFFFFFFFFFFFFFFFFFFFFFFFFFFFFFFFFFFFFFFFFFFFFFFFFFFFFFFFFFFFFF3A
:20E70000FFFFFFFFFFFFFFFFFFFFFFFFFFFFFFFFFFFFFFFFFFFFFFFFFFFFFFFFFFFFFFFF19
:20E72000FFFFFFFFFFFFFFFFFFFFFFFFFFFFFFFFFFFFFFFFFFFFFFFFFFFFFFFFFFFFFFFFF9
:20E74000FFFFFFFFFFFFFFFFFFFFFFFFFFFFFFFFFFFFFFFFFFFFFFFFFFFFFFFFFFFFFFFFD9
:20E76000FFFFFFFFFFFFFFFFFFFFFFFFFFFFFFFFFFFFFFFFFFFFFFFFFFFFFFFFFFFFFFFFB9
:20E78000FFFFFFFFFFFFFFFFFFFFFFFFFFFFFFFFFFFFFFFFFFFFFFFFFFFFFFFFFFFFFFFF99
:20E7A000FFFFFFFFFFFFFFFFFFFFFFFFFFFFFFFFFFFFFFFFFFFFFFFFFFFFFFFFFFFFFFFF79
:20E7C000FFFFFFFFFFFFFFFFFFFFFFFFFFFFFFFFFFFFFFFFFFFFFFFFFFFFFFFFFFFFFFFF59
:20E7E000FFFFFFFFFFFFFFFFFFFFFFFFFFFFFFFFFFFFFFFFFFFFFFFFFFFFFFFFFFFFFFFF39
:20E80000FFFFFFFFFFFFFFFFFFFFFFFFFFFFFFFFFFFFFFFFFFFFFFFFFFFFFFFFFFFFFFFF18
:20E82000FFFFFFFFFFFFFFFFFFFFFFFFFFFFFFFFFFFFFFFFFFFFFFFFFFFFFFFFFFFFFFFFF8
:20E84000FFFFFFFFFFFFFFFFFFFFFFFFFFFFFFFFFFFFFFFFFFFFFFFFFFFFFFFFFFFFFFFFD8
:20E86000FFFFFFFFFFFFFFFFFFFFFFFFFFFFFFFFFFFFFFFFFFFFFFFFFFFFFFFFFFFFFFFFB8
:20E88000FFFFFFFFFFFFFFFFFFFFFFFFFFFFFFFFFFFFFFFFFFFFFFFFFFFFFFFFFFFFFFFF98
:20E8A000FFFFFFFFFFFFFFFFFFFFFFFFFFFFFFFFFFFFFFFFFFFFFFFFFFFFFFFFFFFFFFFF78
:20E8C000FFFFFFFFFFFFFFFFFFFFFFFFFFFFFFFFFFFFFFFFFFFFFFFFFFFFFFFFFFFFFFFF58
:20E8E000FFFFFFFFFFFFFFFFFFFFFFFFFFFFFFFFFFFFFFFFFFFFFFFFFFFFFFFFFFFFFFFF38
:20E90000FFFFFFFFFFFFFFFFFFFFFFFFFFFFFFFFFFFFFFFFFFFFFFFFFFFFFFFFFFFFFFFF17
:20E92000FFFFFFFFFFFFFFFFFFFFFFFFFFFFFFFFFFFFFFFFFFFFFFFFFFFFFFFFFFFFFFFFF7
:20E94000FFFFFFFFFFFFFFFFFFFFFFFFFFFFFFFFFFFFFFFFFFFFFFFFFFFFFFFFFFFFFFFFD7
:20E96000FFFFFFFFFFFFFFFFFFFFFFFFFFFFFFFFFFFFFFFFFFFFFFFFFFFFFFFFFFFFFFFFB7
:20E98000FFFFFFFFFFFFFFFFFFFFFFFFFFFFFFFFFFFFFFFFFFFFFFFFFFFFFFFFFFFFFFFF97
:20E9A000FFFFFFFFFFFFFFFFFFFFFFFFFFFFFFFFFFFFFFFFFFFFFFFFFFFFFFFFFFFFFFFF77
:20E9C000FFFFFFFFFFFFFFFFFFFFFFFFFFFFFFFFFFFFFFFFFFFFFFFFFFFFFFFFFFFFFFFF57
:20E9E000FFFFFFFFFFFFFFFFFFFFFFFFFFFFFFFFFFFFFFFFFFFFFFFFFFFFFFFFFFFFFFFF37
:20EA0000FFFFFFFFFFFFFFFFFFFFFFFFFFFFFFFFFFFFFFFFFFFFFFFFFFFFFFFFFFFFFFFF16
:20EA2000FFFFFFFFFFFFFFFFFFFFFFFFFFFFFFFFFFFFFFFFFFFFFFFFFFFFFFFFFFFFFFFFF6
:20EA4000FFFFFFFFFFFFFFFFFFFFFFFFFFFFFFFFFFFFFFFFFFFFFFFFFFFFFFFFFFFFFFFFD6
:20EA6000FFFFFFFFFFFFFFFFFFFFFFFFFFFFFFFFFFFFFFFFFFFFFFFFFFFFFFFFFFFFFFFFB6
:20EA8000FFFFFFFFFFFFFFFFFFFFFFFFFFFFFFFFFFFFFFFFFFFFFFFFFFFFFFFFFFFFFFFF96
:20EAA000FFFFFFFFFFFFFFFFFFFFFFFFFFFFFFFFFFFFFFFFFFFFFFFFFFFFFFFFFFFFFFFF76
:20EAC000FFFFFFFFFFFFFFFFFFFFFFFFFFFFFFFFFFFFFFFFFFFFFFFFFFFFFFFFFFFFFFFF56
:20EAE000FFFFFFFFFFFFFFFFFFFFFFFFFFFFFFFFFFFFFFFFFFFFFFFFFFFFFFFFFFFFFFFF36
:20EB0000FFFFFFFFFFFFFFFFFFFFFFFFFFFFFFFFFFFFFFFFFFFFFFFFFFFFFFFFFFFFFFFF15
:20EB2000FFFFFFFFFFFFFFFFFFFFFFFFFFFFFFFFFFFFFFFFFFFFFFFFFFFFFFFFFFFFFFFFF5
:20EB4000FFFFFFFFFFFFFFFFFFFFFFFFFFFFFFFFFFFFFFFFFFFFFFFFFFFFFFFFFFFFFFFFD5
:20EB6000FFFFFFFFFFFFFFFFFFFFFFFFFFFFFFFFFFFFFFFFFFFFFFFFFFFFFFFFFFFFFFFFB5
:20EB8000FFFFFFFFFFFFFFFFFFFFFFFFFFFFFFFFFFFFFFFFFFFFFFFFFFFFFFFFFFFFFFFF95
:20EBA000FFFFFFFFFFFFFFFFFFFFFFFFFFFFFFFFFFFFFFFFFFFFFFFFFFFFFFFFFFFFFFFF75
:20EBC000FFFFFFFFFFFFFFFFFFFFFFFFFFFFFFFFFFFFFFFFFFFFFFFFFFFFFFFFFFFFFFFF55
:20EBE000FFFFFFFFFFFFFFFFFFFFFFFFFFFFFFFFFFFFFFFFFFFFFFFFFFFFFFFFFFFFFFFF35
:20EC0000FFFFFFFFFFFFFFFFFFFFFFFFFFFFFFFFFFFFFFFFFFFFFFFFFFFFFFFFFFFFFFFF14
:20EC2000FFFFFFFFFFFFFFFFFFFFFFFFFFFFFFFFFFFFFFFFFFFFFFFFFFFFFFFFFFFFFFFFF4
:20EC4000FFFFFFFFFFFFFFFFFFFFFFFFFFFFFFFFFFFFFFFFFFFFFFFFFFFFFFFFFFFFFFFFD4
:20EC6000FFFFFFFFFFFFFFFFFFFFFFFFFFFFFFFFFFFFFFFFFFFFFFFFFFFFFFFFFFFFFFFFB4
:20EC8000FFFFFFFFFFFFFFFFFFFFFFFFFFFFFFFFFFFFFFFFFFFFFFFFFFFFFFFFFFFFFFFF94
:20ECA000FFFFFFFFFFFFFFFFFFFFFFFFFFFFFFFFFFFFFFFFFFFFFFFFFFFFFFFFFFFFFFFF74
:20ECC000FFFFFFFFFFFFFFFFFFFFFFFFFFFFFFFFFFFFFFFFFFFFFFFFFFFFFFFFFFFFFFFF54
:20ECE000FFFFFFFFFFFFFFFFFFFFFFFFFFFFFFFFFFFFFFFFFFFFFFFFFFFFFFFFFFFFFFFF34
:20ED0000FFFFFFFFFFFFFFFFFFFFFFFFFFFFFFFFFFFFFFFFFFFFFFFFFFFFFFFFFFFFFFFF13
:20ED2000FFFFFFFFFFFFFFFFFFFFFFFFFFFFFFFFFFFFFFFFFFFFFFFFFFFFFFFFFFFFFFFFF3
:20ED4000FFFFFFFFFFFFFFFFFFFFFFFFFFFFFFFFFFFFFFFFFFFFFFFFFFFFFFFFFFFFFFFFD3
:20ED6000FFFFFFFFFFFFFFFFFFFFFFFFFFFFFFFFFFFFFFFFFFFFFFFFFFFFFFFFFFFFFFFFB3
:20ED8000FFFFFFFFFFFFFFFFFFFFFFFFFFFFFFFFFFFFFFFFFFFFFFFFFFFFFFFFFFFFFFFF93
:20EDA000FFFFFFFFFFFFFFFFFFFFFFFFFFFFFFFFFFFFFFFFFFFFFFFFFFFFFFFFFFFFFFFF73
:20EDC000FFFFFFFFFFFFFFFFFFFFFFFFFFFFFFFFFFFFFFFFFFFFFFFFFFFFFFFFFFFFFFFF53
:20EDE000FFFFFFFFFFFFFFFFFFFFFFFFFFFFFFFFFFFFFFFFFFFFFFFFFFFFFFFFFFFFFFFF33
:20EE0000FFFFFFFFFFFFFFFFFFFFFFFFFFFFFFFFFFFFFFFFFFFFFFFFFFFFFFFFFFFFFFFF12
:20EE2000FFFFFFFFFFFFFFFFFFFFFFFFFFFFFFFFFFFFFFFFFFFFFFFFFFFFFFFFFFFFFFFFF2
:20EE4000FFFFFFFFFFFFFFFFFFFFFFFFFFFFFFFFFFFFFFFFFFFFFFFFFFFFFFFFFFFFFFFFD2
:20EE6000FFFFFFFFFFFFFFFFFFFFFFFFFFFFFFFFFFFFFFFFFFFFFFFFFFFFFFFFFFFFFFFFB2
:20EE8000FFFFFFFFFFFFFFFFFFFFFFFFFFFFFFFFFFFFFFFFFFFFFFFFFFFFFFFFFFFFFFFF92
:20EEA000FFFFFFFFFFFFFFFFFFFFFFFFFFFFFFFFFFFFFFFFFFFFFFFFFFFFFFFFFFFFFFFF72
:20EEC000FFFFFFFFFFFFFFFFFFFFFFFFFFFFFFFFFFFFFFFFFFFFFFFFFFFFFFFFFFFFFFFF52
:20EEE000FFFFFFFFFFFFFFFFFFFFFFFFFFFFFFFFFFFFFFFFFFFFFFFFFFFFFFFFFFFFFFFF32
:20EF0000FFFFFFFFFFFFFFFFFFFFFFFFFFFFFFFFFFFFFFFFFFFFFFFFFFFFFFFFFFFFFFFF11
:20EF2000FFFFFFFFFFFFFFFFFFFFFFFFFFFFFFFFFFFFFFFFFFFFFFFFFFFFFFFFFFFFFFFFF1
:20EF4000FFFFFFFFFFFFFFFFFFFFFFFFFFFFFFFFFFFFFFFFFFFFFFFFFFFFFFFFFFFFFFFFD1
:20EF6000FFFFFFFFFFFFFFFFFFFFFFFFFFFFFFFFFFFFFFFFFFFFFFFFFFFFFFFFFFFFFFFFB1
:20EF8000FFFFFFFFFFFFFFFFFFFFFFFFFFFFFFFFFFFFFFFFFFFFFFFFFFFFFFFFFFFFFFFF91
:20EFA000FFFFFFFFFFFFFFFFFFFFFFFFFFFFFFFFFFFFFFFFFFFFFFFFFFFFFFFFFFFFFFFF71
:20EFC000FFFFFFFFFFFFFFFFFFFFFFFFFFFFFFFFFFFFFFFFFFFFFFFFFFFFFFFFFFFFFFFF51
:20EFE000FFFFFFFFFFFFFFFFFFFFFFFFFFFFFFFFFFFFFFFFFFFFFFFFFFFFFFFFFFFFFFFF31
:20F00000FFFFFFFFFFFFFFFFFFFFFFFFFFFFFFFFFFFFFFFFFFFFFFFFFFFFFFFFFFFFFFFF10
:20F02000FFFFFFFFFFFFFFFFFFFFFFFFFFFFFFFFFFFFFFFFFFFFFFFFFFFFFFFFFFFFFFFFF0
:20F04000FFFFFFFFFFFFFFFFFFFFFFFFFFFFFFFFFFFFFFFFFFFFFFFFFFFFFFFFFFFFFFFFD0
:20F06000FFFFFFFFFFFFFFFFFFFFFFFFFFFFFFFFFFFFFFFFFFFFFFFFFFFFFFFFFFFFFFFFB0
:20F08000FFFFFFFFFFFFFFFFFFFFFFFFFFFFFFFFFFFFFFFFFFFFFFFFFFFFFFFFFFFFFFFF90
:20F0A000FFFFFFFFFFFFFFFFFFFFFFFFFFFFFFFFFFFFFFFFFFFFFFFFFFFFFFFFFFFFFFFF70
:20F0C000FFFFFFFFFFFFFFFFFFFFFFFFFFFFFFFFFFFFFFFFFFFFFFFFFFFFFFFFFFFFFFFF50
:20F0E000FFFFFFFFFFFFFFFFFFFFFFFFFFFFFFFFFFFFFFFFFFFFFFFFFFFFFFFFFFFFFFFF30
:20F10000FFFFFFFFFFFFFFFFFFFFFFFFFFFFFFFFFFFFFFFFFFFFFFFFFFFFFFFFFFFFFFFF0F
:20F12000FFFFFFFFFFFFFFFFFFFFFFFFFFFFFFFFFFFFFFFFFFFFFFFFFFFFFFFFFFFFFFFFEF
:20F14000FFFFFFFFFFFFFFFFFFFFFFFFFFFFFFFFFFFFFFFFFFFFFFFFFFFFFFFFFFFFFFFFCF
:20F16000FFFFFFFFFFFFFFFFFFFFFFFFFFFFFFFFFFFFFFFFFFFFFFFFFFFFFFFFFFFFFFFFAF
:20F18000FFFFFFFFFFFFFFFFFFFFFFFFFFFFFFFFFFFFFFFFFFFFFFFFFFFFFFFFFFFFFFFF8F
:20F1A000FFFFFFFFFFFFFFFFFFFFFFFFFFFFFFFFFFFFFFFFFFFFFFFFFFFFFFFFFFFFFFFF6F
:20F1C000FFFFFFFFFFFFFFFFFFFFFFFFFFFFFFFFFFFFFFFFFFFFFFFFFFFFFFFFFFFFFFFF4F
:20F1E000FFFFFFFFFFFFFFFFFFFFFFFFFFFFFFFFFFFFFFFFFFFFFFFFFFFFFFFFFFFFFFFF2F
:20F20000FFFFFFFFFFFFFFFFFFFFFFFFFFFFFFFFFFFFFFFFFFFFFFFFFFFFFFFFFFFFFFFF0E
:20F22000FFFFFFFFFFFFFFFFFFFFFFFFFFFFFFFFFFFFFFFFFFFFFFFFFFFFFFFFFFFFFFFFEE
:20F24000FFFFFFFFFFFFFFFFFFFFFFFFFFFFFFFFFFFFFFFFFFFFFFFFFFFFFFFFFFFFFFFFCE
:20F26000FFFFFFFFFFFFFFFFFFFFFFFFFFFFFFFFFFFFFFFFFFFFFFFFFFFFFFFFFFFFFFFFAE
:20F28000FFFFFFFFFFFFFFFFFFFFFFFFFFFFFFFFFFFFFFFFFFFFFFFFFFFFFFFFFFFFFFFF8E
:20F2A000FFFFFFFFFFFFFFFFFFFFFFFFFFFFFFFFFFFFFFFFFFFFFFFFFFFFFFFFFFFFFFFF6E
:20F2C000FFFFFFFFFFFFFFFFFFFFFFFFFFFFFFFFFFFFFFFFFFFFFFFFFFFFFFFFFFFFFFFF4E
:20F2E000FFFFFFFFFFFFFFFFFFFFFFFFFFFFFFFFFFFFFFFFFFFFFFFFFFFFFFFFFFFFFFFF2E
:20F30000FFFFFFFFFFFFFFFFFFFFFFFFFFFFFFFFFFFFFFFFFFFFFFFFFFFFFFFFFFFFFFFF0D
:20F32000FFFFFFFFFFFFFFFFFFFFFFFFFFFFFFFFFFFFFFFFFFFFFFFFFFFFFFFFFFFFFFFFED
:20F34000FFFFFFFFFFFFFFFFFFFFFFFFFFFFFFFFFFFFFFFFFFFFFFFFFFFFFFFFFFFFFFFFCD
:20F36000FFFFFFFFFFFFFFFFFFFFFFFFFFFFFFFFFFFFFFFFFFFFFFFFFFFFFFFFFFFFFFFFAD
:20F38000FFFFFFFFFFFFFFFFFFFFFFFFFFFFFFFFFFFFFFFFFFFFFFFFFFFFFFFFFFFFFFFF8D
:20F3A000FFFFFFFFFFFFFFFFFFFFFFFFFFFFFFFFFFFFFFFFFFFFFFFFFFFFFFFFFFFFFFFF6D
:20F3C000FFFFFFFFFFFFFFFFFFFFFFFFFFFFFFFFFFFFFFFFFFFFFFFFFFFFFFFFFFFFFFFF4D
:20F3E000FFFFFFFFFFFFFFFFFFFFFFFFFFFFFFFFFFFFFFFFFFFFFFFFFFFFFFFFFFFFFFFF2D
:20F40000FFFFFFFFFFFFFFFFFFFFFFFFFFFFFFFFFFFFFFFFFFFFFFFFFFFFFFFFFFFFFFFF0C
:20F42000FFFFFFFFFFFFFFFFFFFFFFFFFFFFFFFFFFFFFFFFFFFFFFFFFFFFFFFFFFFFFFFFEC
:20F44000FFFFFFFFFFFFFFFFFFFFFFFFFFFFFFFFFFFFFFFFFFFFFFFFFFFFFFFFFFFFFFFFCC
:20F46000FFFFFFFFFFFFFFFFFFFFFFFFFFFFFFFFFFFFFFFFFFFFFFFFFFFFFFFFFFFFFFFFAC
:20F48000FFFFFFFFFFFFFFFFFFFFFFFFFFFFFFFFFFFFFFFFFFFFFFFFFFFFFFFFFFFFFFFF8C
:20F4A000FFFFFFFFFFFFFFFFFFFFFFFFFFFFFFFFFFFFFFFFFFFFFFFFFFFFFFFFFFFFFFFF6C
:20F4C000FFFFFFFFFFFFFFFFFFFFFFFFFFFFFFFFFFFFFFFFFFFFFFFFFFFFFFFFFFFFFFFF4C
:20F4E000FFFFFFFFFFFFFFFFFFFFFFFFFFFFFFFFFFFFFFFFFFFFFFFFFFFFFFFFFFFFFFFF2C
:20F50000FFFFFFFFFFFFFFFFFFFFFFFFFFFFFFFFFFFFFFFFFFFFFFFFFFFFFFFFFFFFFFFF0B
:20F52000FFFFFFFFFFFFFFFFFFFFFFFFFFFFFFFFFFFFFFFFFFFFFFFFFFFFFFFFFFFFFFFFEB
:20F54000FFFFFFFFFFFFFFFFFFFFFFFFFFFFFFFFFFFFFFFFFFFFFFFFFFFFFFFFFFFFFFFFCB
:20F56000FFFFFFFFFFFFFFFFFFFFFFFFFFFFFFFFFFFFFFFFFFFFFFFFFFFFFFFFFFFFFFFFAB
:20F58000FFFFFFFFFFFFFFFFFFFFFFFFFFFFFFFFFFFFFFFFFFFFFFFFFFFFFFFFFFFFFFFF8B
:20F5A000FFFFFFFFFFFFFFFFFFFFFFFFFFFFFFFFFFFFFFFFFFFFFFFFFFFFFFFFFFFFFFFF6B
:20F5C000FFFFFFFFFFFFFFFFFFFFFFFFFFFFFFFFFFFFFFFFFFFFFFFFFFFFFFFFFFFFFFFF4B
:20F5E000FFFFFFFFFFFFFFFFFFFFFFFFFFFFFFFFFFFFFFFFFFFFFFFFFFFFFFFFFFFFFFFF2B
:20F60000FFFFFFFFFFFFFFFFFFFFFFFFFFFFFFFFFFFFFFFFFFFFFFFFFFFFFFFFFFFFFFFF0A
:20F62000FFFFFFFFFFFFFFFFFFFFFFFFFFFFFFFFFFFFFFFFFFFFFFFFFFFFFFFFFFFFFFFFEA
:20F64000FFFFFFFFFFFFFFFFFFFFFFFFFFFFFFFFFFFFFFFFFFFFFFFFFFFFFFFFFFFFFFFFCA
:20F66000FFFFFFFFFFFFFFFFFFFFFFFFFFFFFFFFFFFFFFFFFFFFFFFFFFFFFFFFFFFFFFFFAA
:20F68000FFFFFFFFFFFFFFFFFFFFFFFFFFFFFFFFFFFFFFFFFFFFFFFFFFFFFFFFFFFFFFFF8A
:20F6A000FFFFFFFFFFFFFFFFFFFFFFFFFFFFFFFFFFFFFFFFFFFFFFFFFFFFFFFFFFFFFFFF6A
:20F6C000FFFFFFFFFFFFFFFFFFFFFFFFFFFFFFFFFFFFFFFFFFFFFFFFFFFFFFFFFFFFFFFF4A
:20F6E000FFFFFFFFFFFFFFFFFFFFFFFFFFFFFFFFFFFFFFFFFFFFFFFFFFFFFFFFFFFFFFFF2A
:20F70000FFFFFFFFFFFFFFFFFFFFFFFFFFFFFFFFFFFFFFFFFFFFFFFFFFFFFFFFFFFFFFFF09
:20F72000FFFFFFFFFFFFFFFFFFFFFFFFFFFFFFFFFFFFFFFFFFFFFFFFFFFFFFFFFFFFFFFFE9
:20F74000FFFFFFFFFFFFFFFFFFFFFFFFFFFFFFFFFFFFFFFFFFFFFFFFFFFFFFFFFFFFFFFFC9
:20F76000FFFFFFFFFFFFFFFFFFFFFFFFFFFFFFFFFFFFFFFFFFFFFFFFFFFFFFFFFFFFFFFFA9
:20F78000FFFFFFFFFFFFFFFFFFFFFFFFFFFFFFFFFFFFFFFFFFFFFFFFFFFFFFFFFFFFFFFF89
:20F7A000FFFFFFFFFFFFFFFFFFFFFFFFFFFFFFFFFFFFFFFFFFFFFFFFFFFFFFFFFFFFFFFF69
:20F7C000FFFFFFFFFFFFFFFFFFFFFFFFFFFFFFFFFFFFFFFFFFFFFFFFFFFFFFFFFFFFFFFF49
:20F7E000FFFFFFFFFFFFFFFFFFFFFFFFFFFFFFFFFFFFFFFFFFFFFFFFFFFFFFFFFFFFFFFF29
:20F80000FFFFFFFFFFFFFFFFFFFFFFFFFFFFFFFFFFFFFFFFFFFFFFFFFFFFFFFFFFFFFFFF08
:20F82000FFFFFFFFFFFFFFFFFFFFFFFFFFFFFFFFFFFFFFFFFFFFFFFFFFFFFFFFFFFFFFFFE8
:20F84000FFFFFFFFFFFFFFFFFFFFFFFFFFFFFFFFFFFFFFFFFFFFFFFFFFFFFFFFFFFFFFFFC8
:20F86000FFFFFFFFFFFFFFFFFFFFFFFFFFFFFFFFFFFFFFFFFFFFFFFFFFFFFFFFFFFFFFFFA8
:20F88000FFFFFFFFFFFFFFFFFFFFFFFFFFFFFFFFFFFFFFFFFFFFFFFFFFFFFFFFFFFFFFFF88
:20F8A000FFFFFFFFFFFFFFFFFFFFFFFFFFFFFFFFFFFFFFFFFFFFFFFFFFFFFFFFFFFFFFFF68
:20F8C000FFFFFFFFFFFFFFFFFFFFFFFFFFFFFFFFFFFFFFFFFFFFFFFFFFFFFFFFFFFFFFFF48
:20F8E000FFFFFFFFFFFFFFFFFFFFFFFFFFFFFFFFFFFFFFFFFFFFFFFFFFFFFFFFFFFFFFFF28
:20F90000FFFFFFFFFFFFFFFFFFFFFFFFFFFFFFFFFFFFFFFFFFFFFFFFFFFFFFFFFFFFFFFF07
:20F92000FFFFFFFFFFFFFFFFFFFFFFFFFFFFFFFFFFFFFFFFFFFFFFFFFFFFFFFFFFFFFFFFE7
:20F94000FFFFFFFFFFFFFFFFFFFFFFFFFFFFFFFFFFFFFFFFFFFFFFFFFFFFFFFFFFFFFFFFC7
:20F96000FFFFFFFFFFFFFFFFFFFFFFFFFFFFFFFFFFFFFFFFFFFFFFFFFFFFFFFFFFFFFFFFA7
:20F98000FFFFFFFFFFFFFFFFFFFFFFFFFFFFFFFFFFFFFFFFFFFFFFFFFFFFFFFFFFFFFFFF87
:20F9A000FFFFFFFFFFFFFFFFFFFFFFFFFFFFFFFFFFFFFFFFFFFFFFFFFFFFFFFFFFFFFFFF67
:20F9C000FFFFFFFFFFFFFFFFFFFFFFFFFFFFFFFFFFFFFFFFFFFFFFFFFFFFFFFFFFFFFFFF47
:20F9E000FFFFFFFFFFFFFFFFFFFFFFFFFFFFFFFFFFFFFFFFFFFFFFFFFFFFFFFFFFFFFFFF27
:20FA0000FFFFFFFFFFFFFFFFFFFFFFFFFFFFFFFFFFFFFFFFFFFFFFFFFFFFFFFFFFFFFFFF06
:20FA2000FFFFFFFFFFFFFFFFFFFFFFFFFFFFFFFFFFFFFFFFFFFFFFFFFFFFFFFFFFFFFFFFE6
:20FA4000FFFFFFFFFFFFFFFFFFFFFFFFFFFFFFFFFFFFFFFFFFFFFFFFFFFFFFFFFFFFFFFFC6
:20FA6000FFFFFFFFFFFFFFFFFFFFFFFFFFFFFFFFFFFFFFFFFFFFFFFFFFFFFFFFFFFFFFFFA6
:20FA8000FFFFFFFFFFFFFFFFFFFFFFFFFFFFFFFFFFFFFFFFFFFFFFFFFFFFFFFFFFFFFFFF86
:20FAA000FFFFFFFFFFFFFFFFFFFFFFFFFFFFFFFFFFFFFFFFFFFFFFFFFFFFFFFFFFFFFFFF66
:20FAC000FFFFFFFFFFFFFFFFFFFFFFFFFFFFFFFFFFFFFFFFFFFFFFFFFFFFFFFFFFFFFFFF46
:20FAE000FFFFFFFFFFFFFFFFFFFFFFFFFFFFFFFFFFFFFFFFFFFFFFFFFFFFFFFFFFFFFFFF26
:20FB0000FFFFFFFFFFFFFFFFFFFFFFFFFFFFFFFFFFFFFFFFFFFFFFFFFFFFFFFFFFFFFFFF05
:20FB2000FFFFFFFFFFFFFFFFFFFFFFFFFFFFFFFFFFFFFFFFFFFFFFFFFFFFFFFFFFFFFFFFE5
:20FB4000FFFFFFFFFFFFFFFFFFFFFFFFFFFFFFFFFFFFFFFFFFFFFFFFFFFFFFFFFFFFFFFFC5
:20FB6000FFFFFFFFFFFFFFFFFFFFFFFFFFFFFFFFFFFFFFFFFFFFFFFFFFFFFFFFFFFFFFFFA5
:20FB8000FFFFFFFFFFFFFFFFFFFFFFFFFFFFFFFFFFFFFFFFFFFFFFFFFFFFFFFFFFFFFFFF85
:20FBA000FFFFFFFFFFFFFFFFFFFFFFFFFFFFFFFFFFFFFFFFFFFFFFFFFFFFFFFFFFFFFFFF65
:20FBC000FFFFFFFFFFFFFFFFFFFFFFFFFFFFFFFFFFFFFFFFFFFFFFFFFFFFFFFFFFFFFFFF45
:20FBE000FFFFFFFFFFFFFFFFFFFFFFFFFFFFFFFFFFFFFFFFFFFFFFFFFFFFFFFFFFFFFFFF25
:20FC0000FFFFFFFFFFFFFFFFFFFFFFFFFFFFFFFFFFFFFFFFFFFFFFFFFFFFFFFFFFFFFFFF04
:20FC2000FFFFFFFFFFFFFFFFFFFFFFFFFFFFFFFFFFFFFFFFFFFFFFFFFFFFFFFFFFFFFFFFE4
:20FC4000FFFFFFFFFFFFFFFFFFFFFFFFFFFFFFFFFFFFFFFFFFFFFFFFFFFFFFFFFFFFFFFFC4
:20FC6000FFFFFFFFFFFFFFFFFFFFFFFFFFFFFFFFFFFFFFFFFFFFFFFFFFFFFFFFFFFFFFFFA4
:20FC8000FFFFFFFFFFFFFFFFFFFFFFFFFFFFFFFFFFFFFFFFFFFFFFFFFFFFFFFFFFFFFFFF84
:20FCA000FFFFFFFFFFFFFFFFFFFFFFFFFFFFFFFFFFFFFFFFFFFFFFFFFFFFFFFFFFFFFFFF64
:20FCC000FFFFFFFFFFFFFFFFFFFFFFFFFFFFFFFFFFFFFFFFFFFFFFFFFFFFFFFFFFFFFFFF44
:20FCE000FFFFFFFFFFFFFFFFFFFFFFFFFFFFFFFFFFFFFFFFFFFFFFFFFFFFFFFFFFFFFFFF24
:20FD0000FFFFFFFFFFFFFFFFFFFFFFFFFFFFFFFFFFFFFFFFFFFFFFFFFFFFFFFFFFFFFFFF03
:20FD2000FFFFFFFFFFFFFFFFFFFFFFFFFFFFFFFFFFFFFFFFFFFFFFFFFFFFFFFFFFFFFFFFE3
:20FD4000FFFFFFFFFFFFFFFFFFFFFFFFFFFFFFFFFFFFFFFFFFFFFFFFFFFFFFFFFFFFFFFFC3
:20FD6000FFFFFFFFFFFFFFFFFFFFFFFFFFFFFFFFFFFFFFFFFFFFFFFFFFFFFFFFFFFFFFFFA3
:20FD8000FFFFFFFFFFFFFFFFFFFFFFFFFFFFFFFFFFFFFFFFFFFFFFFFFFFFFFFFFFFFFFFF83
:20FDA000FFFFFFFFFFFFFFFFFFFFFFFFFFFFFFFFFFFFFFFFFFFFFFFFFFFFFFFFFFFFFFFF63
:20FDC000FFFFFFFFFFFFFFFFFFFFFFFFFFFFFFFFFFFFFFFFFFFFFFFFFFFFFFFFFFFFFFFF43
:20FDE000FFFFFFFFFFFFFFFFFFFFFFFFFFFFFFFFFFFFFFFFFFFFFFFFFFFFFFFFFFFFFFFF23
:20FE0000FFFFFFFFFFFFFFFFFFFFFFFFFFFFFFFFFFFFFFFFFFFFFFFFFFFFFFFFFFFFFFFF02
:20FE2000FFFFFFFFFFFFFFFFFFFFFFFFFFFFFFFFFFFFFFFFFFFFFFFFFFFFFFFFFFFFFFFFE2
:20FE4000FFFFFFFFFFFFFFFFFFFFFFFFFFFFFFFFFFFFFFFFFFFFFFFFFFFFFFFFFFFFFFFFC2
:20FE6000FFFFFFFFFFFFFFFFFFFFFFFFFFFFFFFFFFFFFFFFFFFFFFFFFFFFFFFFFFFFFFFFA2
:20FE8000FFFFFFFFFFFFFFFFFFFFFFFFFFFFFFFFFFFFFFFFFFFFFFFFFFFFFFFFFFFFFFFF82
:20FEA000FFFFFFFFFFFFFFFFFFFFFFFFFFFFFFFFFFFFFFFFFFFFFFFFFFFFFFFFFFFFFFFF62
:20FEC000FFFFFFFFFFFFFFFFFFFFFFFFFFFFFFFFFFFFFFFFFFFFFFFFFFFFFFFFFFFFFFFF42
:20FEE000FFFFFFFFFFFFFFFFFFFFFFFFFFFFFFFFFFFFFFFFFFFFFFFFFFFFFFFFFFFFFFFF22
:20FF0000FFFFFFFFFFFFFFFFFFFFFFFFFFFFFFFFFFFFFFFFFFFFFFFFFFFFFFFFFFFFFFFF01
:20FF2000FFFFFFFFFFFFFFFFFFFFFFFFFFFFFFFFFFFFFFFFFFFFFFFFFFFFFFFFFFFFFFFFE1
:20FF4000FFFFFFFFFFFFFFFFFFFFFFFFFFFFFFFFFFFFFFFFFFFFFFFFFFFFFFFFFFFFFFFFC1
:20FF6000FFFFFFFFFFFFFFFFFFFFFFFFFFFFFFFFFFFFFFFFFFFFFFFFFFFFFFFFFFFFFFFFA1
:20FF8000FFFFFFFFFFFFFFFFFFFFFFFFFFFFFFFFFFFFFFFFFFFFFFFFFFFFFFFFFFFFFFFF81
:20FFA000FFFFFFFFFFFFFFFFFFFFFFFFFFFFFFFFFFFFFFFFFFFFFFFFFFFFFFFFFFFFFFFF61
:20FFC000FFFFFFFFFFFFFFFFFFFFFFFFFFFFFFFFFFFFFFFFFFFFFFFFFFFFFFFFFFFFFFFF41
:20FFE000FFFFFFFFFFFFFFFFFFFFFFFFFFFFFFFFFFFFFFFFFFFFFFFFFFFFFFFFFFFFFFFF21
:020000040803EF
:20000000FFFFFFFFFFFFFFFFFFFFFFFFFFFFFFFFFFFFFFFFFFFFFFFFFFFFFFFFFFFFFFFF00
:20002000FFFFFFFFFFFFFFFFFFFFFFFFFFFFFFFFFFFFFFFFFFFFFFFFFFFFFFFFFFFFFFFFE0
:20004000FFFFFFFFFFFFFFFFFFFFFFFFFFFFFFFFFFFFFFFFFFFFFFFFFFFFFFFFFFFFFFFFC0
:20006000FFFFFFFFFFFFFFFFFFFFFFFFFFFFFFFFFFFFFFFFFFFFFFFFFFFFFFFFFFFFFFFFA0
:20008000FFFFFFFFFFFFFFFFFFFFFFFFFFFFFFFFFFFFFFFFFFFFFFFFFFFFFFFFFFFFFFFF80
:2000A000FFFFFFFFFFFFFFFFFFFFFFFFFFFFFFFFFFFFFFFFFFFFFFFFFFFFFFFFFFFFFFFF60
:2000C000FFFFFFFFFFFFFFFFFFFFFFFFFFFFFFFFFFFFFFFFFFFFFFFFFFFFFFFFFFFFFFFF40
:2000E000FFFFFFFFFFFFFFFFFFFFFFFFFFFFFFFFFFFFFFFFFFFFFFFFFFFFFFFFFFFFFFFF20
:20010000FFFFFFFFFFFFFFFFFFFFFFFFFFFFFFFFFFFFFFFFFFFFFFFFFFFFFFFFFFFFFFFFFF
:20012000FFFFFFFFFFFFFFFFFFFFFFFFFFFFFFFFFFFFFFFFFFFFFFFFFFFFFFFFFFFFFFFFDF
:20014000FFFFFFFFFFFFFFFFFFFFFFFFFFFFFFFFFFFFFFFFFFFFFFFFFFFFFFFFFFFFFFFFBF
:20016000FFFFFFFFFFFFFFFFFFFFFFFFFFFFFFFFFFFFFFFFFFFFFFFFFFFFFFFFFFFFFFFF9F
:20018000FFFFFFFFFFFFFFFFFFFFFFFFFFFFFFFFFFFFFFFFFFFFFFFFFFFFFFFFFFFFFFFF7F
:2001A000FFFFFFFFFFFFFFFFFFFFFFFFFFFFFFFFFFFFFFFFFFFFFFFFFFFFFFFFFFFFFFFF5F
:2001C000FFFFFFFFFFFFFFFFFFFFFFFFFFFFFFFFFFFFFFFFFFFFFFFFFFFFFFFFFFFFFFFF3F
:2001E000FFFFFFFFFFFFFFFFFFFFFFFFFFFFFFFFFFFFFFFFFFFFFFFFFFFFFFFFFFFFFFFF1F
:20020000FFFFFFFFFFFFFFFFFFFFFFFFFFFFFFFFFFFFFFFFFFFFFFFFFFFFFFFFFFFFFFFFFE
:20022000FFFFFFFFFFFFFFFFFFFFFFFFFFFFFFFFFFFFFFFFFFFFFFFFFFFFFFFFFFFFFFFFDE
:20024000FFFFFFFFFFFFFFFFFFFFFFFFFFFFFFFFFFFFFFFFFFFFFFFFFFFFFFFFFFFFFFFFBE
:20026000FFFFFFFFFFFFFFFFFFFFFFFFFFFFFFFFFFFFFFFFFFFFFFFFFFFFFFFFFFFFFFFF9E
:20028000FFFFFFFFFFFFFFFFFFFFFFFFFFFFFFFFFFFFFFFFFFFFFFFFFFFFFFFFFFFFFFFF7E
:2002A000FFFFFFFFFFFFFFFFFFFFFFFFFFFFFFFFFFFFFFFFFFFFFFFFFFFFFFFFFFFFFFFF5E
:2002C000FFFFFFFFFFFFFFFFFFFFFFFFFFFFFFFFFFFFFFFFFFFFFFFFFFFFFFFFFFFFFFFF3E
:2002E000FFFFFFFFFFFFFFFFFFFFFFFFFFFFFFFFFFFFFFFFFFFFFFFFFFFFFFFFFFFFFFFF1E
:20030000FFFFFFFFFFFFFFFFFFFFFFFFFFFFFFFFFFFFFFFFFFFFFFFFFFFFFFFFFFFFFFFFFD
:20032000FFFFFFFFFFFFFFFFFFFFFFFFFFFFFFFFFFFFFFFFFFFFFFFFFFFFFFFFFFFFFFFFDD
:20034000FFFFFFFFFFFFFFFFFFFFFFFFFFFFFFFFFFFFFFFFFFFFFFFFFFFFFFFFFFFFFFFFBD
:20036000FFFFFFFFFFFFFFFFFFFFFFFFFFFFFFFFFFFFFFFFFFFFFFFFFFFFFFFFFFFFFFFF9D
:20038000FFFFFFFFFFFFFFFFFFFFFFFFFFFFFFFFFFFFFFFFFFFFFFFFFFFFFFFFFFFFFFFF7D
:2003A000FFFFFFFFFFFFFFFFFFFFFFFFFFFFFFFFFFFFFFFFFFFFFFFFFFFFFFFFFFFFFFFF5D
:2003C000FFFFFFFFFFFFFFFFFFFFFFFFFFFFFFFFFFFFFFFFFFFFFFFFFFFFFFFFFFFFFFFF3D
:2003E000FFFFFFFFFFFFFFFFFFFFFFFFFFFFFFFFFFFFFFFFFFFFFFFFFFFFFFFFFFFFFFFF1D
:20040000FFFFFFFFFFFFFFFFFFFFFFFFFFFFFFFFFFFFFFFFFFFFFFFFFFFFFFFFFFFFFFFFFC
:20042000FFFFFFFFFFFFFFFFFFFFFFFFFFFFFFFFFFFFFFFFFFFFFFFFFFFFFFFFFFFFFFFFDC
:20044000FFFFFFFFFFFFFFFFFFFFFFFFFFFFFFFFFFFFFFFFFFFFFFFFFFFFFFFFFFFFFFFFBC
:20046000FFFFFFFFFFFFFFFFFFFFFFFFFFFFFFFFFFFFFFFFFFFFFFFFFFFFFFFFFFFFFFFF9C
:20048000FFFFFFFFFFFFFFFFFFFFFFFFFFFFFFFFFFFFFFFFFFFFFFFFFFFFFFFFFFFFFFFF7C
:2004A000FFFFFFFFFFFFFFFFFFFFFFFFFFFFFFFFFFFFFFFFFFFFFFFFFFFFFFFFFFFFFFFF5C
:2004C000FFFFFFFFFFFFFFFFFFFFFFFFFFFFFFFFFFFFFFFFFFFFFFFFFFFFFFFFFFFFFFFF3C
:2004E000FFFFFFFFFFFFFFFFFFFFFFFFFFFFFFFFFFFFFFFFFFFFFFFFFFFFFFFFFFFFFFFF1C
:20050000FFFFFFFFFFFFFFFFFFFFFFFFFFFFFFFFFFFFFFFFFFFFFFFFFFFFFFFFFFFFFFFFFB
:20052000FFFFFFFFFFFFFFFFFFFFFFFFFFFFFFFFFFFFFFFFFFFFFFFFFFFFFFFFFFFFFFFFDB
:20054000FFFFFFFFFFFFFFFFFFFFFFFFFFFFFFFFFFFFFFFFFFFFFFFFFFFFFFFFFFFFFFFFBB
:20056000FFFFFFFFFFFFFFFFFFFFFFFFFFFFFFFFFFFFFFFFFFFFFFFFFFFFFFFFFFFFFFFF9B
:20058000FFFFFFFFFFFFFFFFFFFFFFFFFFFFFFFFFFFFFFFFFFFFFFFFFFFFFFFFFFFFFFFF7B
:2005A000FFFFFFFFFFFFFFFFFFFFFFFFFFFFFFFFFFFFFFFFFFFFFFFFFFFFFFFFFFFFFFFF5B
:2005C000FFFFFFFFFFFFFFFFFFFFFFFFFFFFFFFFFFFFFFFFFFFFFFFFFFFFFFFFFFFFFFFF3B
:2005E000FFFFFFFFFFFFFFFFFFFFFFFFFFFFFFFFFFFFFFFFFFFFFFFFFFFFFFFFFFFFFFFF1B
:20060000FFFFFFFFFFFFFFFFFFFFFFFFFFFFFFFFFFFFFFFFFFFFFFFFFFFFFFFFFFFFFFFFFA
:20062000FFFFFFFFFFFFFFFFFFFFFFFFFFFFFFFFFFFFFFFFFFFFFFFFFFFFFFFFFFFFFFFFDA
:20064000FFFFFFFFFFFFFFFFFFFFFFFFFFFFFFFFFFFFFFFFFFFFFFFFFFFFFFFFFFFFFFFFBA
:20066000FFFFFFFFFFFFFFFFFFFFFFFFFFFFFFFFFFFFFFFFFFFFFFFFFFFFFFFFFFFFFFFF9A
:20068000FFFFFFFFFFFFFFFFFFFFFFFFFFFFFFFFFFFFFFFFFFFFFFFFFFFFFFFFFFFFFFFF7A
:2006A000FFFFFFFFFFFFFFFFFFFFFFFFFFFFFFFFFFFFFFFFFFFFFFFFFFFFFFFFFFFFFFFF5A
:2006C000FFFFFFFFFFFFFFFFFFFFFFFFFFFFFFFFFFFFFFFFFFFFFFFFFFFFFFFFFFFFFFFF3A
:2006E000FFFFFFFFFFFFFFFFFFFFFFFFFFFFFFFFFFFFFFFFFFFFFFFFFFFFFFFFFFFFFFFF1A
:20070000FFFFFFFFFFFFFFFFFFFFFFFFFFFFFFFFFFFFFFFFFFFFFFFFFFFFFFFFFFFFFFFFF9
:20072000FFFFFFFFFFFFFFFFFFFFFFFFFFFFFFFFFFFFFFFFFFFFFFFFFFFFFFFFFFFFFFFFD9
:20074000FFFFFFFFFFFFFFFFFFFFFFFFFFFFFFFFFFFFFFFFFFFFFFFFFFFFFFFFFFFFFFFFB9
:20076000FFFFFFFFFFFFFFFFFFFFFFFFFFFFFFFFFFFFFFFFFFFFFFFFFFFFFFFFFFFFFFFF99
:20078000FFFFFFFFFFFFFFFFFFFFFFFFFFFFFFFFFFFFFFFFFFFFFFFFFFFFFFFFFFFFFFFF79
:2007A000FFFFFFFFFFFFFFFFFFFFFFFFFFFFFFFFFFFFFFFFFFFFFFFFFFFFFFFFFFFFFFFF59
:2007C000FFFFFFFFFFFFFFFFFFFFFFFFFFFFFFFFFFFFFFFFFFFFFFFFFFFFFFFFFFFFFFFF39
:2007E000FFFFFFFFFFFFFFFFFFFFFFFFFFFFFFFFFFFFFFFFFFFFFFFFFFFFFFFFFFFFFFFF19
:20080000FFFFFFFFFFFFFFFFFFFFFFFFFFFFFFFFFFFFFFFFFFFFFFFFFFFFFFFFFFFFFFFFF8
:20082000FFFFFFFFFFFFFFFFFFFFFFFFFFFFFFFFFFFFFFFFFFFFFFFFFFFFFFFFFFFFFFFFD8
:20084000FFFFFFFFFFFFFFFFFFFFFFFFFFFFFFFFFFFFFFFFFFFFFFFFFFFFFFFFFFFFFFFFB8
:20086000FFFFFFFFFFFFFFFFFFFFFFFFFFFFFFFFFFFFFFFFFFFFFFFFFFFFFFFFFFFFFFFF98
:20088000FFFFFFFFFFFFFFFFFFFFFFFFFFFFFFFFFFFFFFFFFFFFFFFFFFFFFFFFFFFFFFFF78
:2008A000FFFFFFFFFFFFFFFFFFFFFFFFFFFFFFFFFFFFFFFFFFFFFFFFFFFFFFFFFFFFFFFF58
:2008C000FFFFFFFFFFFFFFFFFFFFFFFFFFFFFFFFFFFFFFFFFFFFFFFFFFFFFFFFFFFFFFFF38
:2008E000FFFFFFFFFFFFFFFFFFFFFFFFFFFFFFFFFFFFFFFFFFFFFFFFFFFFFFFFFFFFFFFF18
:20090000FFFFFFFFFFFFFFFFFFFFFFFFFFFFFFFFFFFFFFFFFFFFFFFFFFFFFFFFFFFFFFFFF7
:20092000FFFFFFFFFFFFFFFFFFFFFFFFFFFFFFFFFFFFFFFFFFFFFFFFFFFFFFFFFFFFFFFFD7
:20094000FFFFFFFFFFFFFFFFFFFFFFFFFFFFFFFFFFFFFFFFFFFFFFFFFFFFFFFFFFFFFFFFB7
:20096000FFFFFFFFFFFFFFFFFFFFFFFFFFFFFFFFFFFFFFFFFFFFFFFFFFFFFFFFFFFFFFFF97
:20098000FFFFFFFFFFFFFFFFFFFFFFFFFFFFFFFFFFFFFFFFFFFFFFFFFFFFFFFFFFFFFFFF77
:2009A000FFFFFFFFFFFFFFFFFFFFFFFFFFFFFFFFFFFFFFFFFFFFFFFFFFFFFFFFFFFFFFFF57
:2009C000FFFFFFFFFFFFFFFFFFFFFFFFFFFFFFFFFFFFFFFFFFFFFFFFFFFFFFFFFFFFFFFF37
:2009E000FFFFFFFFFFFFFFFFFFFFFFFFFFFFFFFFFFFFFFFFFFFFFFFFFFFFFFFFFFFFFFFF17
:200A0000FFFFFFFFFFFFFFFFFFFFFFFFFFFFFFFFFFFFFFFFFFFFFFFFFFFFFFFFFFFFFFFFF6
:200A2000FFFFFFFFFFFFFFFFFFFFFFFFFFFFFFFFFFFFFFFFFFFFFFFFFFFFFFFFFFFFFFFFD6
:200A4000FFFFFFFFFFFFFFFFFFFFFFFFFFFFFFFFFFFFFFFFFFFFFFFFFFFFFFFFFFFFFFFFB6
:200A6000FFFFFFFFFFFFFFFFFFFFFFFFFFFFFFFFFFFFFFFFFFFFFFFFFFFFFFFFFFFFFFFF96
:200A8000FFFFFFFFFFFFFFFFFFFFFFFFFFFFFFFFFFFFFFFFFFFFFFFFFFFFFFFFFFFFFFFF76
:200AA000FFFFFFFFFFFFFFFFFFFFFFFFFFFFFFFFFFFFFFFFFFFFFFFFFFFFFFFFFFFFFFFF56
:200AC000FFFFFFFFFFFFFFFFFFFFFFFFFFFFFFFFFFFFFFFFFFFFFFFFFFFFFFFFFFFFFFFF36
:200AE000FFFFFFFFFFFFFFFFFFFFFFFFFFFFFFFFFFFFFFFFFFFFFFFFFFFFFFFFFFFFFFFF16
:200B0000FFFFFFFFFFFFFFFFFFFFFFFFFFFFFFFFFFFFFFFFFFFFFFFFFFFFFFFFFFFFFFFFF5
:200B2000FFFFFFFFFFFFFFFFFFFFFFFFFFFFFFFFFFFFFFFFFFFFFFFFFFFFFFFFFFFFFFFFD5
:200B4000FFFFFFFFFFFFFFFFFFFFFFFFFFFFFFFFFFFFFFFFFFFFFFFFFFFFFFFFFFFFFFFFB5
:200B6000FFFFFFFFFFFFFFFFFFFFFFFFFFFFFFFFFFFFFFFFFFFFFFFFFFFFFFFFFFFFFFFF95
:200B8000FFFFFFFFFFFFFFFFFFFFFFFFFFFFFFFFFFFFFFFFFFFFFFFFFFFFFFFFFFFFFFFF75
:200BA000FFFFFFFFFFFFFFFFFFFFFFFFFFFFFFFFFFFFFFFFFFFFFFFFFFFFFFFFFFFFFFFF55
:200BC000FFFFFFFFFFFFFFFFFFFFFFFFFFFFFFFFFFFFFFFFFFFFFFFFFFFFFFFFFFFFFFFF35
:200BE000FFFFFFFFFFFFFFFFFFFFFFFFFFFFFFFFFFFFFFFFFFFFFFFFFFFFFFFFFFFFFFFF15
:200C0000FFFFFFFFFFFFFFFFFFFFFFFFFFFFFFFFFFFFFFFFFFFFFFFFFFFFFFFFFFFFFFFFF4
:200C2000FFFFFFFFFFFFFFFFFFFFFFFFFFFFFFFFFFFFFFFFFFFFFFFFFFFFFFFFFFFFFFFFD4
:200C4000FFFFFFFFFFFFFFFFFFFFFFFFFFFFFFFFFFFFFFFFFFFFFFFFFFFFFFFFFFFFFFFFB4
:200C6000FFFFFFFFFFFFFFFFFFFFFFFFFFFFFFFFFFFFFFFFFFFFFFFFFFFFFFFFFFFFFFFF94
:200C8000FFFFFFFFFFFFFFFFFFFFFFFFFFFFFFFFFFFFFFFFFFFFFFFFFFFFFFFFFFFFFFFF74
:200CA000FFFFFFFFFFFFFFFFFFFFFFFFFFFFFFFFFFFFFFFFFFFFFFFFFFFFFFFFFFFFFFFF54
:200CC000FFFFFFFFFFFFFFFFFFFFFFFFFFFFFFFFFFFFFFFFFFFFFFFFFFFFFFFFFFFFFFFF34
:200CE000FFFFFFFFFFFFFFFFFFFFFFFFFFFFFFFFFFFFFFFFFFFFFFFFFFFFFFFFFFFFFFFF14
:200D0000FFFFFFFFFFFFFFFFFFFFFFFFFFFFFFFFFFFFFFFFFFFFFFFFFFFFFFFFFFFFFFFFF3
:200D2000FFFFFFFFFFFFFFFFFFFFFFFFFFFFFFFFFFFFFFFFFFFFFFFFFFFFFFFFFFFFFFFFD3
:200D4000FFFFFFFFFFFFFFFFFFFFFFFFFFFFFFFFFFFFFFFFFFFFFFFFFFFFFFFFFFFFFFFFB3
:200D6000FFFFFFFFFFFFFFFFFFFFFFFFFFFFFFFFFFFFFFFFFFFFFFFFFFFFFFFFFFFFFFFF93
:200D8000FFFFFFFFFFFFFFFFFFFFFFFFFFFFFFFFFFFFFFFFFFFFFFFFFFFFFFFFFFFFFFFF73
:200DA000FFFFFFFFFFFFFFFFFFFFFFFFFFFFFFFFFFFFFFFFFFFFFFFFFFFFFFFFFFFFFFFF53
:200DC000FFFFFFFFFFFFFFFFFFFFFFFFFFFFFFFFFFFFFFFFFFFFFFFFFFFFFFFFFFFFFFFF33
:200DE000FFFFFFFFFFFFFFFFFFFFFFFFFFFFFFFFFFFFFFFFFFFFFFFFFFFFFFFFFFFFFFFF13
:200E0000FFFFFFFFFFFFFFFFFFFFFFFFFFFFFFFFFFFFFFFFFFFFFFFFFFFFFFFFFFFFFFFFF2
:200E2000FFFFFFFFFFFFFFFFFFFFFFFFFFFFFFFFFFFFFFFFFFFFFFFFFFFFFFFFFFFFFFFFD2
:200E4000FFFFFFFFFFFFFFFFFFFFFFFFFFFFFFFFFFFFFFFFFFFFFFFFFFFFFFFFFFFFFFFFB2
:200E6000FFFFFFFFFFFFFFFFFFFFFFFFFFFFFFFFFFFFFFFFFFFFFFFFFFFFFFFFFFFFFFFF92
:200E8000FFFFFFFFFFFFFFFFFFFFFFFFFFFFFFFFFFFFFFFFFFFFFFFFFFFFFFFFFFFFFFFF72
:200EA000FFFFFFFFFFFFFFFFFFFFFFFFFFFFFFFFFFFFFFFFFFFFFFFFFFFFFFFFFFFFFFFF52
:200EC000FFFFFFFFFFFFFFFFFFFFFFFFFFFFFFFFFFFFFFFFFFFFFFFFFFFFFFFFFFFFFFFF32
:200EE000FFFFFFFFFFFFFFFFFFFFFFFFFFFFFFFFFFFFFFFFFFFFFFFFFFFFFFFFFFFFFFFF12
:200F0000FFFFFFFFFFFFFFFFFFFFFFFFFFFFFFFFFFFFFFFFFFFFFFFFFFFFFFFFFFFFFFFFF1
:200F2000FFFFFFFFFFFFFFFFFFFFFFFFFFFFFFFFFFFFFFFFFFFFFFFFFFFFFFFFFFFFFFFFD1
:200F4000FFFFFFFFFFFFFFFFFFFFFFFFFFFFFFFFFFFFFFFFFFFFFFFFFFFFFFFFFFFFFFFFB1
:200F6000FFFFFFFFFFFFFFFFFFFFFFFFFFFFFFFFFFFFFFFFFFFFFFFFFFFFFFFFFFFFFFFF91
:200F8000FFFFFFFFFFFFFFFFFFFFFFFFFFFFFFFFFFFFFFFFFFFFFFFFFFFFFFFFFFFFFFFF71
:200FA000FFFFFFFFFFFFFFFFFFFFFFFFFFFFFFFFFFFFFFFFFFFFFFFFFFFFFFFFFFFFFFFF51
:200FC000FFFFFFFFFFFFFFFFFFFFFFFFFFFFFFFFFFFFFFFFFFFFFFFFFFFFFFFFFFFFFFFF31
:200FE000FFFFFFFFFFFFFFFFFFFFFFFFFFFFFFFFFFFFFFFFFFFFFFFFFFFFFFFFFFFFFFFF11
:20100000FFFFFFFFFFFFFFFFFFFFFFFFFFFFFFFFFFFFFFFFFFFFFFFFFFFFFFFFFFFFFFFFF0
:20102000FFFFFFFFFFFFFFFFFFFFFFFFFFFFFFFFFFFFFFFFFFFFFFFFFFFFFFFFFFFFFFFFD0
:20104000FFFFFFFFFFFFFFFFFFFFFFFFFFFFFFFFFFFFFFFFFFFFFFFFFFFFFFFFFFFFFFFFB0
:20106000FFFFFFFFFFFFFFFFFFFFFFFFFFFFFFFFFFFFFFFFFFFFFFFFFFFFFFFFFFFFFFFF90
:20108000FFFFFFFFFFFFFFFFFFFFFFFFFFFFFFFFFFFFFFFFFFFFFFFFFFFFFFFFFFFFFFFF70
:2010A000FFFFFFFFFFFFFFFFFFFFFFFFFFFFFFFFFFFFFFFFFFFFFFFFFFFFFFFFFFFFFFFF50
:2010C000FFFFFFFFFFFFFFFFFFFFFFFFFFFFFFFFFFFFFFFFFFFFFFFFFFFFFFFFFFFFFFFF30
:2010E000FFFFFFFFFFFFFFFFFFFFFFFFFFFFFFFFFFFFFFFFFFFFFFFFFFFFFFFFFFFFFFFF10
:20110000FFFFFFFFFFFFFFFFFFFFFFFFFFFFFFFFFFFFFFFFFFFFFFFFFFFFFFFFFFFFFFFFEF
:20112000FFFFFFFFFFFFFFFFFFFFFFFFFFFFFFFFFFFFFFFFFFFFFFFFFFFFFFFFFFFFFFFFCF
:20114000FFFFFFFFFFFFFFFFFFFFFFFFFFFFFFFFFFFFFFFFFFFFFFFFFFFFFFFFFFFFFFFFAF
:20116000FFFFFFFFFFFFFFFFFFFFFFFFFFFFFFFFFFFFFFFFFFFFFFFFFFFFFFFFFFFFFFFF8F
:20118000FFFFFFFFFFFFFFFFFFFFFFFFFFFFFFFFFFFFFFFFFFFFFFFFFFFFFFFFFFFFFFFF6F
:2011A000FFFFFFFFFFFFFFFFFFFFFFFFFFFFFFFFFFFFFFFFFFFFFFFFFFFFFFFFFFFFFFFF4F
:2011C000FFFFFFFFFFFFFFFFFFFFFFFFFFFFFFFFFFFFFFFFFFFFFFFFFFFFFFFFFFFFFFFF2F
:2011E000FFFFFFFFFFFFFFFFFFFFFFFFFFFFFFFFFFFFFFFFFFFFFFFFFFFFFFFFFFFFFFFF0F
:20120000FFFFFFFFFFFFFFFFFFFFFFFFFFFFFFFFFFFFFFFFFFFFFFFFFFFFFFFFFFFFFFFFEE
:20122000FFFFFFFFFFFFFFFFFFFFFFFFFFFFFFFFFFFFFFFFFFFFFFFFFFFFFFFFFFFFFFFFCE
:20124000FFFFFFFFFFFFFFFFFFFFFFFFFFFFFFFFFFFFFFFFFFFFFFFFFFFFFFFFFFFFFFFFAE
:20126000FFFFFFFFFFFFFFFFFFFFFFFFFFFFFFFFFFFFFFFFFFFFFFFFFFFFFFFFFFFFFFFF8E
:20128000FFFFFFFFFFFFFFFFFFFFFFFFFFFFFFFFFFFFFFFFFFFFFFFFFFFFFFFFFFFFFFFF6E
:2012A000FFFFFFFFFFFFFFFFFFFFFFFFFFFFFFFFFFFFFFFFFFFFFFFFFFFFFFFFFFFFFFFF4E
:2012C000FFFFFFFFFFFFFFFFFFFFFFFFFFFFFFFFFFFFFFFFFFFFFFFFFFFFFFFFFFFFFFFF2E
:2012E000FFFFFFFFFFFFFFFFFFFFFFFFFFFFFFFFFFFFFFFFFFFFFFFFFFFFFFFFFFFFFFFF0E
:20130000FFFFFFFFFFFFFFFFFFFFFFFFFFFFFFFFFFFFFFFFFFFFFFFFFFFFFFFFFFFFFFFFED
:20132000FFFFFFFFFFFFFFFFFFFFFFFFFFFFFFFFFFFFFFFFFFFFFFFFFFFFFFFFFFFFFFFFCD
:20134000FFFFFFFFFFFFFFFFFFFFFFFFFFFFFFFFFFFFFFFFFFFFFFFFFFFFFFFFFFFFFFFFAD
:20136000FFFFFFFFFFFFFFFFFFFFFFFFFFFFFFFFFFFFFFFFFFFFFFFFFFFFFFFFFFFFFFFF8D
:20138000FFFFFFFFFFFFFFFFFFFFFFFFFFFFFFFFFFFFFFFFFFFFFFFFFFFFFFFFFFFFFFFF6D
:2013A000FFFFFFFFFFFFFFFFFFFFFFFFFFFFFFFFFFFFFFFFFFFFFFFFFFFFFFFFFFFFFFFF4D
:2013C000FFFFFFFFFFFFFFFFFFFFFFFFFFFFFFFFFFFFFFFFFFFFFFFFFFFFFFFFFFFFFFFF2D
:2013E000FFFFFFFFFFFFFFFFFFFFFFFFFFFFFFFFFFFFFFFFFFFFFFFFFFFFFFFFFFFFFFFF0D
:20140000FFFFFFFFFFFFFFFFFFFFFFFFFFFFFFFFFFFFFFFFFFFFFFFFFFFFFFFFFFFFFFFFEC
:20142000FFFFFFFFFFFFFFFFFFFFFFFFFFFFFFFFFFFFFFFFFFFFFFFFFFFFFFFFFFFFFFFFCC
:20144000FFFFFFFFFFFFFFFFFFFFFFFFFFFFFFFFFFFFFFFFFFFFFFFFFFFFFFFFFFFFFFFFAC
:20146000FFFFFFFFFFFFFFFFFFFFFFFFFFFFFFFFFFFFFFFFFFFFFFFFFFFFFFFFFFFFFFFF8C
:20148000FFFFFFFFFFFFFFFFFFFFFFFFFFFFFFFFFFFFFFFFFFFFFFFFFFFFFFFFFFFFFFFF6C
:2014A000FFFFFFFFFFFFFFFFFFFFFFFFFFFFFFFFFFFFFFFFFFFFFFFFFFFFFFFFFFFFFFFF4C
:2014C000FFFFFFFFFFFFFFFFFFFFFFFFFFFFFFFFFFFFFFFFFFFFFFFFFFFFFFFFFFFFFFFF2C
:2014E000FFFFFFFFFFFFFFFFFFFFFFFFFFFFFFFFFFFFFFFFFFFFFFFFFFFFFFFFFFFFFFFF0C
:20150000FFFFFFFFFFFFFFFFFFFFFFFFFFFFFFFFFFFFFFFFFFFFFFFFFFFFFFFFFFFFFFFFEB
:20152000FFFFFFFFFFFFFFFFFFFFFFFFFFFFFFFFFFFFFFFFFFFFFFFFFFFFFFFFFFFFFFFFCB
:20154000FFFFFFFFFFFFFFFFFFFFFFFFFFFFFFFFFFFFFFFFFFFFFFFFFFFFFFFFFFFFFFFFAB
:20156000FFFFFFFFFFFFFFFFFFFFFFFFFFFFFFFFFFFFFFFFFFFFFFFFFFFFFFFFFFFFFFFF8B
:20158000FFFFFFFFFFFFFFFFFFFFFFFFFFFFFFFFFFFFFFFFFFFFFFFFFFFFFFFFFFFFFFFF6B
:2015A000FFFFFFFFFFFFFFFFFFFFFFFFFFFFFFFFFFFFFFFFFFFFFFFFFFFFFFFFFFFFFFFF4B
:2015C000FFFFFFFFFFFFFFFFFFFFFFFFFFFFFFFFFFFFFFFFFFFFFFFFFFFFFFFFFFFFFFFF2B
:2015E000FFFFFFFFFFFFFFFFFFFFFFFFFFFFFFFFFFFFFFFFFFFFFFFFFFFFFFFFFFFFFFFF0B
:20160000FFFFFFFFFFFFFFFFFFFFFFFFFFFFFFFFFFFFFFFFFFFFFFFFFFFFFFFFFFFFFFFFEA
:20162000FFFFFFFFFFFFFFFFFFFFFFFFFFFFFFFFFFFFFFFFFFFFFFFFFFFFFFFFFFFFFFFFCA
:20164000FFFFFFFFFFFFFFFFFFFFFFFFFFFFFFFFFFFFFFFFFFFFFFFFFFFFFFFFFFFFFFFFAA
:20166000FFFFFFFFFFFFFFFFFFFFFFFFFFFFFFFFFFFFFFFFFFFFFFFFFFFFFFFFFFFFFFFF8A
:20168000FFFFFFFFFFFFFFFFFFFFFFFFFFFFFFFFFFFFFFFFFFFFFFFFFFFFFFFFFFFFFFFF6A
:2016A000FFFFFFFFFFFFFFFFFFFFFFFFFFFFFFFFFFFFFFFFFFFFFFFFFFFFFFFFFFFFFFFF4A
:2016C000FFFFFFFFFFFFFFFFFFFFFFFFFFFFFFFFFFFFFFFFFFFFFFFFFFFFFFFFFFFFFFFF2A
:2016E000FFFFFFFFFFFFFFFFFFFFFFFFFFFFFFFFFFFFFFFFFFFFFFFFFFFFFFFFFFFFFFFF0A
:20170000FFFFFFFFFFFFFFFFFFFFFFFFFFFFFFFFFFFFFFFFFFFFFFFFFFFFFFFFFFFFFFFFE9
:20172000FFFFFFFFFFFFFFFFFFFFFFFFFFFFFFFFFFFFFFFFFFFFFFFFFFFFFFFFFFFFFFFFC9
:20174000FFFFFFFFFFFFFFFFFFFFFFFFFFFFFFFFFFFFFFFFFFFFFFFFFFFFFFFFFFFFFFFFA9
:20176000FFFFFFFFFFFFFFFFFFFFFFFFFFFFFFFFFFFFFFFFFFFFFFFFFFFFFFFFFFFFFFFF89
:20178000FFFFFFFFFFFFFFFFFFFFFFFFFFFFFFFFFFFFFFFFFFFFFFFFFFFFFFFFFFFFFFFF69
:2017A000FFFFFFFFFFFFFFFFFFFFFFFFFFFFFFFFFFFFFFFFFFFFFFFFFFFFFFFFFFFFFFFF49
:2017C000FFFFFFFFFFFFFFFFFFFFFFFFFFFFFFFFFFFFFFFFFFFFFFFFFFFFFFFFFFFFFFFF29
:2017E000FFFFFFFFFFFFFFFFFFFFFFFFFFFFFFFFFFFFFFFFFFFFFFFFFFFFFFFFFFFFFFFF09
:20180000FFFFFFFFFFFFFFFFFFFFFFFFFFFFFFFFFFFFFFFFFFFFFFFFFFFFFFFFFFFFFFFFE8
:20182000FFFFFFFFFFFFFFFFFFFFFFFFFFFFFFFFFFFFFFFFFFFFFFFFFFFFFFFFFFFFFFFFC8
:20184000FFFFFFFFFFFFFFFFFFFFFFFFFFFFFFFFFFFFFFFFFFFFFFFFFFFFFFFFFFFFFFFFA8
:20186000FFFFFFFFFFFFFFFFFFFFFFFFFFFFFFFFFFFFFFFFFFFFFFFFFFFFFFFFFFFFFFFF88
:20188000FFFFFFFFFFFFFFFFFFFFFFFFFFFFFFFFFFFFFFFFFFFFFFFFFFFFFFFFFFFFFFFF68
:2018A000FFFFFFFFFFFFFFFFFFFFFFFFFFFFFFFFFFFFFFFFFFFFFFFFFFFFFFFFFFFFFFFF48
:2018C000FFFFFFFFFFFFFFFFFFFFFFFFFFFFFFFFFFFFFFFFFFFFFFFFFFFFFFFFFFFFFFFF28
:2018E000FFFFFFFFFFFFFFFFFFFFFFFFFFFFFFFFFFFFFFFFFFFFFFFFFFFFFFFFFFFFFFFF08
:20190000FFFFFFFFFFFFFFFFFFFFFFFFFFFFFFFFFFFFFFFFFFFFFFFFFFFFFFFFFFFFFFFFE7
:20192000FFFFFFFFFFFFFFFFFFFFFFFFFFFFFFFFFFFFFFFFFFFFFFFFFFFFFFFFFFFFFFFFC7
:20194000FFFFFFFFFFFFFFFFFFFFFFFFFFFFFFFFFFFFFFFFFFFFFFFFFFFFFFFFFFFFFFFFA7
:20196000FFFFFFFFFFFFFFFFFFFFFFFFFFFFFFFFFFFFFFFFFFFFFFFFFFFFFFFFFFFFFFFF87
:20198000FFFFFFFFFFFFFFFFFFFFFFFFFFFFFFFFFFFFFFFFFFFFFFFFFFFFFFFFFFFFFFFF67
:2019A000FFFFFFFFFFFFFFFFFFFFFFFFFFFFFFFFFFFFFFFFFFFFFFFFFFFFFFFFFFFFFFFF47
:2019C000FFFFFFFFFFFFFFFFFFFFFFFFFFFFFFFFFFFFFFFFFFFFFFFFFFFFFFFFFFFFFFFF27
:2019E000FFFFFFFFFFFFFFFFFFFFFFFFFFFFFFFFFFFFFFFFFFFFFFFFFFFFFFFFFFFFFFFF07
:201A0000FFFFFFFFFFFFFFFFFFFFFFFFFFFFFFFFFFFFFFFFFFFFFFFFFFFFFFFFFFFFFFFFE6
:201A2000FFFFFFFFFFFFFFFFFFFFFFFFFFFFFFFFFFFFFFFFFFFFFFFFFFFFFFFFFFFFFFFFC6
:201A4000FFFFFFFFFFFFFFFFFFFFFFFFFFFFFFFFFFFFFFFFFFFFFFFFFFFFFFFFFFFFFFFFA6
:201A6000FFFFFFFFFFFFFFFFFFFFFFFFFFFFFFFFFFFFFFFFFFFFFFFFFFFFFFFFFFFFFFFF86
:201A8000FFFFFFFFFFFFFFFFFFFFFFFFFFFFFFFFFFFFFFFFFFFFFFFFFFFFFFFFFFFFFFFF66
:201AA000FFFFFFFFFFFFFFFFFFFFFFFFFFFFFFFFFFFFFFFFFFFFFFFFFFFFFFFFFFFFFFFF46
:201AC000FFFFFFFFFFFFFFFFFFFFFFFFFFFFFFFFFFFFFFFFFFFFFFFFFFFFFFFFFFFFFFFF26
:201AE000FFFFFFFFFFFFFFFFFFFFFFFFFFFFFFFFFFFFFFFFFFFFFFFFFFFFFFFFFFFFFFFF06
:201B0000FFFFFFFFFFFFFFFFFFFFFFFFFFFFFFFFFFFFFFFFFFFFFFFFFFFFFFFFFFFFFFFFE5
:201B2000FFFFFFFFFFFFFFFFFFFFFFFFFFFFFFFFFFFFFFFFFFFFFFFFFFFFFFFFFFFFFFFFC5
:201B4000FFFFFFFFFFFFFFFFFFFFFFFFFFFFFFFFFFFFFFFFFFFFFFFFFFFFFFFFFFFFFFFFA5
:201B6000FFFFFFFFFFFFFFFFFFFFFFFFFFFFFFFFFFFFFFFFFFFFFFFFFFFFFFFFFFFFFFFF85
:201B8000FFFFFFFFFFFFFFFFFFFFFFFFFFFFFFFFFFFFFFFFFFFFFFFFFFFFFFFFFFFFFFFF65
:201BA000FFFFFFFFFFFFFFFFFFFFFFFFFFFFFFFFFFFFFFFFFFFFFFFFFFFFFFFFFFFFFFFF45
:201BC000FFFFFFFFFFFFFFFFFFFFFFFFFFFFFFFFFFFFFFFFFFFFFFFFFFFFFFFFFFFFFFFF25
:201BE000FFFFFFFFFFFFFFFFFFFFFFFFFFFFFFFFFFFFFFFFFFFFFFFFFFFFFFFFFFFFFFFF05
:201C0000FFFFFFFFFFFFFFFFFFFFFFFFFFFFFFFFFFFFFFFFFFFFFFFFFFFFFFFFFFFFFFFFE4
:201C2000FFFFFFFFFFFFFFFFFFFFFFFFFFFFFFFFFFFFFFFFFFFFFFFFFFFFFFFFFFFFFFFFC4
:201C4000FFFFFFFFFFFFFFFFFFFFFFFFFFFFFFFFFFFFFFFFFFFFFFFFFFFFFFFFFFFFFFFFA4
:201C6000FFFFFFFFFFFFFFFFFFFFFFFFFFFFFFFFFFFFFFFFFFFFFFFFFFFFFFFFFFFFFFFF84
:201C8000FFFFFFFFFFFFFFFFFFFFFFFFFFFFFFFFFFFFFFFFFFFFFFFFFFFFFFFFFFFFFFFF64
:201CA000FFFFFFFFFFFFFFFFFFFFFFFFFFFFFFFFFFFFFFFFFFFFFFFFFFFFFFFFFFFFFFFF44
:201CC000FFFFFFFFFFFFFFFFFFFFFFFFFFFFFFFFFFFFFFFFFFFFFFFFFFFFFFFFFFFFFFFF24
:201CE000FFFFFFFFFFFFFFFFFFFFFFFFFFFFFFFFFFFFFFFFFFFFFFFFFFFFFFFFFFFFFFFF04
:201D0000FFFFFFFFFFFFFFFFFFFFFFFFFFFFFFFFFFFFFFFFFFFFFFFFFFFFFFFFFFFFFFFFE3
:201D2000FFFFFFFFFFFFFFFFFFFFFFFFFFFFFFFFFFFFFFFFFFFFFFFFFFFFFFFFFFFFFFFFC3
:201D4000FFFFFFFFFFFFFFFFFFFFFFFFFFFFFFFFFFFFFFFFFFFFFFFFFFFFFFFFFFFFFFFFA3
:201D6000FFFFFFFFFFFFFFFFFFFFFFFFFFFFFFFFFFFFFFFFFFFFFFFFFFFFFFFFFFFFFFFF83
:201D8000FFFFFFFFFFFFFFFFFFFFFFFFFFFFFFFFFFFFFFFFFFFFFFFFFFFFFFFFFFFFFFFF63
:201DA000FFFFFFFFFFFFFFFFFFFFFFFFFFFFFFFFFFFFFFFFFFFFFFFFFFFFFFFFFFFFFFFF43
:201DC000FFFFFFFFFFFFFFFFFFFFFFFFFFFFFFFFFFFFFFFFFFFFFFFFFFFFFFFFFFFFFFFF23
:201DE000FFFFFFFFFFFFFFFFFFFFFFFFFFFFFFFFFFFFFFFFFFFFFFFFFFFFFFFFFFFFFFFF03
:201E0000FFFFFFFFFFFFFFFFFFFFFFFFFFFFFFFFFFFFFFFFFFFFFFFFFFFFFFFFFFFFFFFFE2
:201E2000FFFFFFFFFFFFFFFFFFFFFFFFFFFFFFFFFFFFFFFFFFFFFFFFFFFFFFFFFFFFFFFFC2
:201E4000FFFFFFFFFFFFFFFFFFFFFFFFFFFFFFFFFFFFFFFFFFFFFFFFFFFFFFFFFFFFFFFFA2
:201E6000FFFFFFFFFFFFFFFFFFFFFFFFFFFFFFFFFFFFFFFFFFFFFFFFFFFFFFFFFFFFFFFF82
:201E8000FFFFFFFFFFFFFFFFFFFFFFFFFFFFFFFFFFFFFFFFFFFFFFFFFFFFFFFFFFFFFFFF62
:201EA000FFFFFFFFFFFFFFFFFFFFFFFFFFFFFFFFFFFFFFFFFFFFFFFFFFFFFFFFFFFFFFFF42
:201EC000FFFFFFFFFFFFFFFFFFFFFFFFFFFFFFFFFFFFFFFFFFFFFFFFFFFFFFFFFFFFFFFF22
:201EE000FFFFFFFFFFFFFFFFFFFFFFFFFFFFFFFFFFFFFFFFFFFFFFFFFFFFFFFFFFFFFFFF02
:201F0000FFFFFFFFFFFFFFFFFFFFFFFFFFFFFFFFFFFFFFFFFFFFFFFFFFFFFFFFFFFFFFFFE1
:201F2000FFFFFFFFFFFFFFFFFFFFFFFFFFFFFFFFFFFFFFFFFFFFFFFFFFFFFFFFFFFFFFFFC1
:201F4000FFFFFFFFFFFFFFFFFFFFFFFFFFFFFFFFFFFFFFFFFFFFFFFFFFFFFFFFFFFFFFFFA1
:201F6000FFFFFFFFFFFFFFFFFFFFFFFFFFFFFFFFFFFFFFFFFFFFFFFFFFFFFFFFFFFFFFFF81
:201F8000FFFFFFFFFFFFFFFFFFFFFFFFFFFFFFFFFFFFFFFFFFFFFFFFFFFFFFFFFFFFFFFF61
:201FA000FFFFFFFFFFFFFFFFFFFFFFFFFFFFFFFFFFFFFFFFFFFFFFFFFFFFFFFFFFFFFFFF41
:201FC000FFFFFFFFFFFFFFFFFFFFFFFFFFFFFFFFFFFFFFFFFFFFFFFFFFFFFFFFFFFFFFFF21
:201FE000FFFFFFFFFFFFFFFFFFFFFFFFFFFFFFFFFFFFFFFFFFFFFFFFFFFFFFFFFFFFFFFF01
:20200000FFFFFFFFFFFFFFFFFFFFFFFFFFFFFFFFFFFFFFFFFFFFFFFFFFFFFFFFFFFFFFFFE0
:20202000FFFFFFFFFFFFFFFFFFFFFFFFFFFFFFFFFFFFFFFFFFFFFFFFFFFFFFFFFFFFFFFFC0
:20204000FFFFFFFFFFFFFFFFFFFFFFFFFFFFFFFFFFFFFFFFFFFFFFFFFFFFFFFFFFFFFFFFA0
:20206000FFFFFFFFFFFFFFFFFFFFFFFFFFFFFFFFFFFFFFFFFFFFFFFFFFFFFFFFFFFFFFFF80
:20208000FFFFFFFFFFFFFFFFFFFFFFFFFFFFFFFFFFFFFFFFFFFFFFFFFFFFFFFFFFFFFFFF60
:2020A000FFFFFFFFFFFFFFFFFFFFFFFFFFFFFFFFFFFFFFFFFFFFFFFFFFFFFFFFFFFFFFFF40
:2020C000FFFFFFFFFFFFFFFFFFFFFFFFFFFFFFFFFFFFFFFFFFFFFFFFFFFFFFFFFFFFFFFF20
:2020E000FFFFFFFFFFFFFFFFFFFFFFFFFFFFFFFFFFFFFFFFFFFFFFFFFFFFFFFFFFFFFFFF00
:20210000FFFFFFFFFFFFFFFFFFFFFFFFFFFFFFFFFFFFFFFFFFFFFFFFFFFFFFFFFFFFFFFFDF
:20212000FFFFFFFFFFFFFFFFFFFFFFFFFFFFFFFFFFFFFFFFFFFFFFFFFFFFFFFFFFFFFFFFBF
:20214000FFFFFFFFFFFFFFFFFFFFFFFFFFFFFFFFFFFFFFFFFFFFFFFFFFFFFFFFFFFFFFFF9F
:20216000FFFFFFFFFFFFFFFFFFFFFFFFFFFFFFFFFFFFFFFFFFFFFFFFFFFFFFFFFFFFFFFF7F
:20218000FFFFFFFFFFFFFFFFFFFFFFFFFFFFFFFFFFFFFFFFFFFFFFFFFFFFFFFFFFFFFFFF5F
:2021A000FFFFFFFFFFFFFFFFFFFFFFFFFFFFFFFFFFFFFFFFFFFFFFFFFFFFFFFFFFFFFFFF3F
:2021C000FFFFFFFFFFFFFFFFFFFFFFFFFFFFFFFFFFFFFFFFFFFFFFFFFFFFFFFFFFFFFFFF1F
:2021E000FFFFFFFFFFFFFFFFFFFFFFFFFFFFFFFFFFFFFFFFFFFFFFFFFFFFFFFFFFFFFFFFFF
:20220000FFFFFFFFFFFFFFFFFFFFFFFFFFFFFFFFFFFFFFFFFFFFFFFFFFFFFFFFFFFFFFFFDE
:20222000FFFFFFFFFFFFFFFFFFFFFFFFFFFFFFFFFFFFFFFFFFFFFFFFFFFFFFFFFFFFFFFFBE
:20224000FFFFFFFFFFFFFFFFFFFFFFFFFFFFFFFFFFFFFFFFFFFFFFFFFFFFFFFFFFFFFFFF9E
:20226000FFFFFFFFFFFFFFFFFFFFFFFFFFFFFFFFFFFFFFFFFFFFFFFFFFFFFFFFFFFFFFFF7E
:20228000FFFFFFFFFFFFFFFFFFFFFFFFFFFFFFFFFFFFFFFFFFFFFFFFFFFFFFFFFFFFFFFF5E
:2022A000FFFFFFFFFFFFFFFFFFFFFFFFFFFFFFFFFFFFFFFFFFFFFFFFFFFFFFFFFFFFFFFF3E
:2022C000FFFFFFFFFFFFFFFFFFFFFFFFFFFFFFFFFFFFFFFFFFFFFFFFFFFFFFFFFFFFFFFF1E
:2022E000FFFFFFFFFFFFFFFFFFFFFFFFFFFFFFFFFFFFFFFFFFFFFFFFFFFFFFFFFFFFFFFFFE
:20230000FFFFFFFFFFFFFFFFFFFFFFFFFFFFFFFFFFFFFFFFFFFFFFFFFFFFFFFFFFFFFFFFDD
:20232000FFFFFFFFFFFFFFFFFFFFFFFFFFFFFFFFFFFFFFFFFFFFFFFFFFFFFFFFFFFFFFFFBD
:20234000FFFFFFFFFFFFFFFFFFFFFFFFFFFFFFFFFFFFFFFFFFFFFFFFFFFFFFFFFFFFFFFF9D
:20236000FFFFFFFFFFFFFFFFFFFFFFFFFFFFFFFFFFFFFFFFFFFFFFFFFFFFFFFFFFFFFFFF7D
:20238000FFFFFFFFFFFFFFFFFFFFFFFFFFFFFFFFFFFFFFFFFFFFFFFFFFFFFFFFFFFFFFFF5D
:2023A000FFFFFFFFFFFFFFFFFFFFFFFFFFFFFFFFFFFFFFFFFFFFFFFFFFFFFFFFFFFFFFFF3D
:2023C000FFFFFFFFFFFFFFFFFFFFFFFFFFFFFFFFFFFFFFFFFFFFFFFFFFFFFFFFFFFFFFFF1D
:2023E000FFFFFFFFFFFFFFFFFFFFFFFFFFFFFFFFFFFFFFFFFFFFFFFFFFFFFFFFFFFFFFFFFD
:20240000FFFFFFFFFFFFFFFFFFFFFFFFFFFFFFFFFFFFFFFFFFFFFFFFFFFFFFFFFFFFFFFFDC
:20242000FFFFFFFFFFFFFFFFFFFFFFFFFFFFFFFFFFFFFFFFFFFFFFFFFFFFFFFFFFFFFFFFBC
:20244000FFFFFFFFFFFFFFFFFFFFFFFFFFFFFFFFFFFFFFFFFFFFFFFFFFFFFFFFFFFFFFFF9C
:20246000FFFFFFFFFFFFFFFFFFFFFFFFFFFFFFFFFFFFFFFFFFFFFFFFFFFFFFFFFFFFFFFF7C
:20248000FFFFFFFFFFFFFFFFFFFFFFFFFFFFFFFFFFFFFFFFFFFFFFFFFFFFFFFFFFFFFFFF5C
:2024A000FFFFFFFFFFFFFFFFFFFFFFFFFFFFFFFFFFFFFFFFFFFFFFFFFFFFFFFFFFFFFFFF3C
:2024C000FFFFFFFFFFFFFFFFFFFFFFFFFFFFFFFFFFFFFFFFFFFFFFFFFFFFFFFFFFFFFFFF1C
:2024E000FFFFFFFFFFFFFFFFFFFFFFFFFFFFFFFFFFFFFFFFFFFFFFFFFFFFFFFFFFFFFFFFFC
:20250000FFFFFFFFFFFFFFFFFFFFFFFFFFFFFFFFFFFFFFFFFFFFFFFFFFFFFFFFFFFFFFFFDB
:20252000FFFFFFFFFFFFFFFFFFFFFFFFFFFFFFFFFFFFFFFFFFFFFFFFFFFFFFFFFFFFFFFFBB
:20254000FFFFFFFFFFFFFFFFFFFFFFFFFFFFFFFFFFFFFFFFFFFFFFFFFFFFFFFFFFFFFFFF9B
:20256000FFFFFFFFFFFFFFFFFFFFFFFFFFFFFFFFFFFFFFFFFFFFFFFFFFFFFFFFFFFFFFFF7B
:20258000FFFFFFFFFFFFFFFFFFFFFFFFFFFFFFFFFFFFFFFFFFFFFFFFFFFFFFFFFFFFFFFF5B
:2025A000FFFFFFFFFFFFFFFFFFFFFFFFFFFFFFFFFFFFFFFFFFFFFFFFFFFFFFFFFFFFFFFF3B
:2025C000FFFFFFFFFFFFFFFFFFFFFFFFFFFFFFFFFFFFFFFFFFFFFFFFFFFFFFFFFFFFFFFF1B
:2025E000FFFFFFFFFFFFFFFFFFFFFFFFFFFFFFFFFFFFFFFFFFFFFFFFFFFFFFFFFFFFFFFFFB
:20260000FFFFFFFFFFFFFFFFFFFFFFFFFFFFFFFFFFFFFFFFFFFFFFFFFFFFFFFFFFFFFFFFDA
:20262000FFFFFFFFFFFFFFFFFFFFFFFFFFFFFFFFFFFFFFFFFFFFFFFFFFFFFFFFFFFFFFFFBA
:20264000FFFFFFFFFFFFFFFFFFFFFFFFFFFFFFFFFFFFFFFFFFFFFFFFFFFFFFFFFFFFFFFF9A
:20266000FFFFFFFFFFFFFFFFFFFFFFFFFFFFFFFFFFFFFFFFFFFFFFFFFFFFFFFFFFFFFFFF7A
:20268000FFFFFFFFFFFFFFFFFFFFFFFFFFFFFFFFFFFFFFFFFFFFFFFFFFFFFFFFFFFFFFFF5A
:2026A000FFFFFFFFFFFFFFFFFFFFFFFFFFFFFFFFFFFFFFFFFFFFFFFFFFFFFFFFFFFFFFFF3A
:2026C000FFFFFFFFFFFFFFFFFFFFFFFFFFFFFFFFFFFFFFFFFFFFFFFFFFFFFFFFFFFFFFFF1A
:2026E000FFFFFFFFFFFFFFFFFFFFFFFFFFFFFFFFFFFFFFFFFFFFFFFFFFFFFFFFFFFFFFFFFA
:20270000FFFFFFFFFFFFFFFFFFFFFFFFFFFFFFFFFFFFFFFFFFFFFFFFFFFFFFFFFFFFFFFFD9
:20272000FFFFFFFFFFFFFFFFFFFFFFFFFFFFFFFFFFFFFFFFFFFFFFFFFFFFFFFFFFFFFFFFB9
:20274000FFFFFFFFFFFFFFFFFFFFFFFFFFFFFFFFFFFFFFFFFFFFFFFFFFFFFFFFFFFFFFFF99
:20276000FFFFFFFFFFFFFFFFFFFFFFFFFFFFFFFFFFFFFFFFFFFFFFFFFFFFFFFFFFFFFFFF79
:20278000FFFFFFFFFFFFFFFFFFFFFFFFFFFFFFFFFFFFFFFFFFFFFFFFFFFFFFFFFFFFFFFF59
:2027A000FFFFFFFFFFFFFFFFFFFFFFFFFFFFFFFFFFFFFFFFFFFFFFFFFFFFFFFFFFFFFFFF39
:2027C000FFFFFFFFFFFFFFFFFFFFFFFFFFFFFFFFFFFFFFFFFFFFFFFFFFFFFFFFFFFFFFFF19
:2027E000FFFFFFFFFFFFFFFFFFFFFFFFFFFFFFFFFFFFFFFFFFFFFFFFFFFFFFFFFFFFFFFFF9
:20280000FFFFFFFFFFFFFFFFFFFFFFFFFFFFFFFFFFFFFFFFFFFFFFFFFFFFFFFFFFFFFFFFD8
:20282000FFFFFFFFFFFFFFFFFFFFFFFFFFFFFFFFFFFFFFFFFFFFFFFFFFFFFFFFFFFFFFFFB8
:20284000FFFFFFFFFFFFFFFFFFFFFFFFFFFFFFFFFFFFFFFFFFFFFFFFFFFFFFFFFFFFFFFF98
:20286000FFFFFFFFFFFFFFFFFFFFFFFFFFFFFFFFFFFFFFFFFFFFFFFFFFFFFFFFFFFFFFFF78
:20288000FFFFFFFFFFFFFFFFFFFFFFFFFFFFFFFFFFFFFFFFFFFFFFFFFFFFFFFFFFFFFFFF58
:2028A000FFFFFFFFFFFFFFFFFFFFFFFFFFFFFFFFFFFFFFFFFFFFFFFFFFFFFFFFFFFFFFFF38
:2028C000FFFFFFFFFFFFFFFFFFFFFFFFFFFFFFFFFFFFFFFFFFFFFFFFFFFFFFFFFFFFFFFF18
:2028E000FFFFFFFFFFFFFFFFFFFFFFFFFFFFFFFFFFFFFFFFFFFFFFFFFFFFFFFFFFFFFFFFF8
:20290000FFFFFFFFFFFFFFFFFFFFFFFFFFFFFFFFFFFFFFFFFFFFFFFFFFFFFFFFFFFFFFFFD7
:20292000FFFFFFFFFFFFFFFFFFFFFFFFFFFFFFFFFFFFFFFFFFFFFFFFFFFFFFFFFFFFFFFFB7
:20294000FFFFFFFFFFFFFFFFFFFFFFFFFFFFFFFFFFFFFFFFFFFFFFFFFFFFFFFFFFFFFFFF97
:20296000FFFFFFFFFFFFFFFFFFFFFFFFFFFFFFFFFFFFFFFFFFFFFFFFFFFFFFFFFFFFFFFF77
:20298000FFFFFFFFFFFFFFFFFFFFFFFFFFFFFFFFFFFFFFFFFFFFFFFFFFFFFFFFFFFFFFFF57
:2029A000FFFFFFFFFFFFFFFFFFFFFFFFFFFFFFFFFFFFFFFFFFFFFFFFFFFFFFFFFFFFFFFF37
:2029C000FFFFFFFFFFFFFFFFFFFFFFFFFFFFFFFFFFFFFFFFFFFFFFFFFFFFFFFFFFFFFFFF17
:2029E000FFFFFFFFFFFFFFFFFFFFFFFFFFFFFFFFFFFFFFFFFFFFFFFFFFFFFFFFFFFFFFFFF7
:202A0000FFFFFFFFFFFFFFFFFFFFFFFFFFFFFFFFFFFFFFFFFFFFFFFFFFFFFFFFFFFFFFFFD6
:202A2000FFFFFFFFFFFFFFFFFFFFFFFFFFFFFFFFFFFFFFFFFFFFFFFFFFFFFFFFFFFFFFFFB6
:202A4000FFFFFFFFFFFFFFFFFFFFFFFFFFFFFFFFFFFFFFFFFFFFFFFFFFFFFFFFFFFFFFFF96
:202A6000FFFFFFFFFFFFFFFFFFFFFFFFFFFFFFFFFFFFFFFFFFFFFFFFFFFFFFFFFFFFFFFF76
:202A8000FFFFFFFFFFFFFFFFFFFFFFFFFFFFFFFFFFFFFFFFFFFFFFFFFFFFFFFFFFFFFFFF56
:202AA000FFFFFFFFFFFFFFFFFFFFFFFFFFFFFFFFFFFFFFFFFFFFFFFFFFFFFFFFFFFFFFFF36
:202AC000FFFFFFFFFFFFFFFFFFFFFFFFFFFFFFFFFFFFFFFFFFFFFFFFFFFFFFFFFFFFFFFF16
:202AE000FFFFFFFFFFFFFFFFFFFFFFFFFFFFFFFFFFFFFFFFFFFFFFFFFFFFFFFFFFFFFFFFF6
:202B0000FFFFFFFFFFFFFFFFFFFFFFFFFFFFFFFFFFFFFFFFFFFFFFFFFFFFFFFFFFFFFFFFD5
:202B2000FFFFFFFFFFFFFFFFFFFFFFFFFFFFFFFFFFFFFFFFFFFFFFFFFFFFFFFFFFFFFFFFB5
:202B4000FFFFFFFFFFFFFFFFFFFFFFFFFFFFFFFFFFFFFFFFFFFFFFFFFFFFFFFFFFFFFFFF95
:202B6000FFFFFFFFFFFFFFFFFFFFFFFFFFFFFFFFFFFFFFFFFFFFFFFFFFFFFFFFFFFFFFFF75
:202B8000FFFFFFFFFFFFFFFFFFFFFFFFFFFFFFFFFFFFFFFFFFFFFFFFFFFFFFFFFFFFFFFF55
:202BA000FFFFFFFFFFFFFFFFFFFFFFFFFFFFFFFFFFFFFFFFFFFFFFFFFFFFFFFFFFFFFFFF35
:202BC000FFFFFFFFFFFFFFFFFFFFFFFFFFFFFFFFFFFFFFFFFFFFFFFFFFFFFFFFFFFFFFFF15
:202BE000FFFFFFFFFFFFFFFFFFFFFFFFFFFFFFFFFFFFFFFFFFFFFFFFFFFFFFFFFFFFFFFFF5
:202C0000FFFFFFFFFFFFFFFFFFFFFFFFFFFFFFFFFFFFFFFFFFFFFFFFFFFFFFFFFFFFFFFFD4
:202C2000FFFFFFFFFFFFFFFFFFFFFFFFFFFFFFFFFFFFFFFFFFFFFFFFFFFFFFFFFFFFFFFFB4
:202C4000FFFFFFFFFFFFFFFFFFFFFFFFFFFFFFFFFFFFFFFFFFFFFFFFFFFFFFFFFFFFFFFF94
:202C6000FFFFFFFFFFFFFFFFFFFFFFFFFFFFFFFFFFFFFFFFFFFFFFFFFFFFFFFFFFFFFFFF74
:202C8000FFFFFFFFFFFFFFFFFFFFFFFFFFFFFFFFFFFFFFFFFFFFFFFFFFFFFFFFFFFFFFFF54
:202CA000FFFFFFFFFFFFFFFFFFFFFFFFFFFFFFFFFFFFFFFFFFFFFFFFFFFFFFFFFFFFFFFF34
:202CC000FFFFFFFFFFFFFFFFFFFFFFFFFFFFFFFFFFFFFFFFFFFFFFFFFFFFFFFFFFFFFFFF14
:202CE000FFFFFFFFFFFFFFFFFFFFFFFFFFFFFFFFFFFFFFFFFFFFFFFFFFFFFFFFFFFFFFFFF4
:202D0000FFFFFFFFFFFFFFFFFFFFFFFFFFFFFFFFFFFFFFFFFFFFFFFFFFFFFFFFFFFFFFFFD3
:202D2000FFFFFFFFFFFFFFFFFFFFFFFFFFFFFFFFFFFFFFFFFFFFFFFFFFFFFFFFFFFFFFFFB3
:202D4000FFFFFFFFFFFFFFFFFFFFFFFFFFFFFFFFFFFFFFFFFFFFFFFFFFFFFFFFFFFFFFFF93
:202D6000FFFFFFFFFFFFFFFFFFFFFFFFFFFFFFFFFFFFFFFFFFFFFFFFFFFFFFFFFFFFFFFF73
:202D8000FFFFFFFFFFFFFFFFFFFFFFFFFFFFFFFFFFFFFFFFFFFFFFFFFFFFFFFFFFFFFFFF53
:202DA000FFFFFFFFFFFFFFFFFFFFFFFFFFFFFFFFFFFFFFFFFFFFFFFFFFFFFFFFFFFFFFFF33
:202DC000FFFFFFFFFFFFFFFFFFFFFFFFFFFFFFFFFFFFFFFFFFFFFFFFFFFFFFFFFFFFFFFF13
:202DE000FFFFFFFFFFFFFFFFFFFFFFFFFFFFFFFFFFFFFFFFFFFFFFFFFFFFFFFFFFFFFFFFF3
:202E0000FFFFFFFFFFFFFFFFFFFFFFFFFFFFFFFFFFFFFFFFFFFFFFFFFFFFFFFFFFFFFFFFD2
:202E2000FFFFFFFFFFFFFFFFFFFFFFFFFFFFFFFFFFFFFFFFFFFFFFFFFFFFFFFFFFFFFFFFB2
:202E4000FFFFFFFFFFFFFFFFFFFFFFFFFFFFFFFFFFFFFFFFFFFFFFFFFFFFFFFFFFFFFFFF92
:202E6000FFFFFFFFFFFFFFFFFFFFFFFFFFFFFFFFFFFFFFFFFFFFFFFFFFFFFFFFFFFFFFFF72
:202E8000FFFFFFFFFFFFFFFFFFFFFFFFFFFFFFFFFFFFFFFFFFFFFFFFFFFFFFFFFFFFFFFF52
:202EA000FFFFFFFFFFFFFFFFFFFFFFFFFFFFFFFFFFFFFFFFFFFFFFFFFFFFFFFFFFFFFFFF32
:202EC000FFFFFFFFFFFFFFFFFFFFFFFFFFFFFFFFFFFFFFFFFFFFFFFFFFFFFFFFFFFFFFFF12
:202EE000FFFFFFFFFFFFFFFFFFFFFFFFFFFFFFFFFFFFFFFFFFFFFFFFFFFFFFFFFFFFFFFFF2
:202F0000FFFFFFFFFFFFFFFFFFFFFFFFFFFFFFFFFFFFFFFFFFFFFFFFFFFFFFFFFFFFFFFFD1
:202F2000FFFFFFFFFFFFFFFFFFFFFFFFFFFFFFFFFFFFFFFFFFFFFFFFFFFFFFFFFFFFFFFFB1
:202F4000FFFFFFFFFFFFFFFFFFFFFFFFFFFFFFFFFFFFFFFFFFFFFFFFFFFFFFFFFFFFFFFF91
:202F6000FFFFFFFFFFFFFFFFFFFFFFFFFFFFFFFFFFFFFFFFFFFFFFFFFFFFFFFFFFFFFFFF71
:202F8000FFFFFFFFFFFFFFFFFFFFFFFFFFFFFFFFFFFFFFFFFFFFFFFFFFFFFFFFFFFFFFFF51
:202FA000FFFFFFFFFFFFFFFFFFFFFFFFFFFFFFFFFFFFFFFFFFFFFFFFFFFFFFFFFFFFFFFF31
:202FC000FFFFFFFFFFFFFFFFFFFFFFFFFFFFFFFFFFFFFFFFFFFFFFFFFFFFFFFFFFFFFFFF11
:202FE000FFFFFFFFFFFFFFFFFFFFFFFFFFFFFFFFFFFFFFFFFFFFFFFFFFFFFFFFFFFFFFFFF1
:20300000FFFFFFFFFFFFFFFFFFFFFFFFFFFFFFFFFFFFFFFFFFFFFFFFFFFFFFFFFFFFFFFFD0
:20302000FFFFFFFFFFFFFFFFFFFFFFFFFFFFFFFFFFFFFFFFFFFFFFFFFFFFFFFFFFFFFFFFB0
:20304000FFFFFFFFFFFFFFFFFFFFFFFFFFFFFFFFFFFFFFFFFFFFFFFFFFFFFFFFFFFFFFFF90
:20306000FFFFFFFFFFFFFFFFFFFFFFFFFFFFFFFFFFFFFFFFFFFFFFFFFFFFFFFFFFFFFFFF70
:20308000FFFFFFFFFFFFFFFFFFFFFFFFFFFFFFFFFFFFFFFFFFFFFFFFFFFFFFFFFFFFFFFF50
:2030A000FFFFFFFFFFFFFFFFFFFFFFFFFFFFFFFFFFFFFFFFFFFFFFFFFFFFFFFFFFFFFFFF30
:2030C000FFFFFFFFFFFFFFFFFFFFFFFFFFFFFFFFFFFFFFFFFFFFFFFFFFFFFFFFFFFFFFFF10
:2030E000FFFFFFFFFFFFFFFFFFFFFFFFFFFFFFFFFFFFFFFFFFFFFFFFFFFFFFFFFFFFFFFFF0
:20310000FFFFFFFFFFFFFFFFFFFFFFFFFFFFFFFFFFFFFFFFFFFFFFFFFFFFFFFFFFFFFFFFCF
:20312000FFFFFFFFFFFFFFFFFFFFFFFFFFFFFFFFFFFFFFFFFFFFFFFFFFFFFFFFFFFFFFFFAF
:20314000FFFFFFFFFFFFFFFFFFFFFFFFFFFFFFFFFFFFFFFFFFFFFFFFFFFFFFFFFFFFFFFF8F
:20316000FFFFFFFFFFFFFFFFFFFFFFFFFFFFFFFFFFFFFFFFFFFFFFFFFFFFFFFFFFFFFFFF6F
:20318000FFFFFFFFFFFFFFFFFFFFFFFFFFFFFFFFFFFFFFFFFFFFFFFFFFFFFFFFFFFFFFFF4F
:2031A000FFFFFFFFFFFFFFFFFFFFFFFFFFFFFFFFFFFFFFFFFFFFFFFFFFFFFFFFFFFFFFFF2F
:2031C000FFFFFFFFFFFFFFFFFFFFFFFFFFFFFFFFFFFFFFFFFFFFFFFFFFFFFFFFFFFFFFFF0F
:2031E000FFFFFFFFFFFFFFFFFFFFFFFFFFFFFFFFFFFFFFFFFFFFFFFFFFFFFFFFFFFFFFFFEF
:20320000FFFFFFFFFFFFFFFFFFFFFFFFFFFFFFFFFFFFFFFFFFFFFFFFFFFFFFFFFFFFFFFFCE
:20322000FFFFFFFFFFFFFFFFFFFFFFFFFFFFFFFFFFFFFFFFFFFFFFFFFFFFFFFFFFFFFFFFAE
:20324000FFFFFFFFFFFFFFFFFFFFFFFFFFFFFFFFFFFFFFFFFFFFFFFFFFFFFFFFFFFFFFFF8E
:20326000FFFFFFFFFFFFFFFFFFFFFFFFFFFFFFFFFFFFFFFFFFFFFFFFFFFFFFFFFFFFFFFF6E
:20328000FFFFFFFFFFFFFFFFFFFFFFFFFFFFFFFFFFFFFFFFFFFFFFFFFFFFFFFFFFFFFFFF4E
:2032A000FFFFFFFFFFFFFFFFFFFFFFFFFFFFFFFFFFFFFFFFFFFFFFFFFFFFFFFFFFFFFFFF2E
:2032C000FFFFFFFFFFFFFFFFFFFFFFFFFFFFFFFFFFFFFFFFFFFFFFFFFFFFFFFFFFFFFFFF0E
:2032E000FFFFFFFFFFFFFFFFFFFFFFFFFFFFFFFFFFFFFFFFFFFFFFFFFFFFFFFFFFFFFFFFEE
:20330000FFFFFFFFFFFFFFFFFFFFFFFFFFFFFFFFFFFFFFFFFFFFFFFFFFFFFFFFFFFFFFFFCD
:20332000FFFFFFFFFFFFFFFFFFFFFFFFFFFFFFFFFFFFFFFFFFFFFFFFFFFFFFFFFFFFFFFFAD
:20334000FFFFFFFFFFFFFFFFFFFFFFFFFFFFFFFFFFFFFFFFFFFFFFFFFFFFFFFFFFFFFFFF8D
:20336000FFFFFFFFFFFFFFFFFFFFFFFFFFFFFFFFFFFFFFFFFFFFFFFFFFFFFFFFFFFFFFFF6D
:20338000FFFFFFFFFFFFFFFFFFFFFFFFFFFFFFFFFFFFFFFFFFFFFFFFFFFFFFFFFFFFFFFF4D
:2033A000FFFFFFFFFFFFFFFFFFFFFFFFFFFFFFFFFFFFFFFFFFFFFFFFFFFFFFFFFFFFFFFF2D
:2033C000FFFFFFFFFFFFFFFFFFFFFFFFFFFFFFFFFFFFFFFFFFFFFFFFFFFFFFFFFFFFFFFF0D
:2033E000FFFFFFFFFFFFFFFFFFFFFFFFFFFFFFFFFFFFFFFFFFFFFFFFFFFFFFFFFFFFFFFFED
:20340000FFFFFFFFFFFFFFFFFFFFFFFFFFFFFFFFFFFFFFFFFFFFFFFFFFFFFFFFFFFFFFFFCC
:20342000FFFFFFFFFFFFFFFFFFFFFFFFFFFFFFFFFFFFFFFFFFFFFFFFFFFFFFFFFFFFFFFFAC
:20344000FFFFFFFFFFFFFFFFFFFFFFFFFFFFFFFFFFFFFFFFFFFFFFFFFFFFFFFFFFFFFFFF8C
:20346000FFFFFFFFFFFFFFFFFFFFFFFFFFFFFFFFFFFFFFFFFFFFFFFFFFFFFFFFFFFFFFFF6C
:20348000FFFFFFFFFFFFFFFFFFFFFFFFFFFFFFFFFFFFFFFFFFFFFFFFFFFFFFFFFFFFFFFF4C
:2034A000FFFFFFFFFFFFFFFFFFFFFFFFFFFFFFFFFFFFFFFFFFFFFFFFFFFFFFFFFFFFFFFF2C
:2034C000FFFFFFFFFFFFFFFFFFFFFFFFFFFFFFFFFFFFFFFFFFFFFFFFFFFFFFFFFFFFFFFF0C
:2034E000FFFFFFFFFFFFFFFFFFFFFFFFFFFFFFFFFFFFFFFFFFFFFFFFFFFFFFFFFFFFFFFFEC
:20350000FFFFFFFFFFFFFFFFFFFFFFFFFFFFFFFFFFFFFFFFFFFFFFFFFFFFFFFFFFFFFFFFCB
:20352000FFFFFFFFFFFFFFFFFFFFFFFFFFFFFFFFFFFFFFFFFFFFFFFFFFFFFFFFFFFFFFFFAB
:20354000FFFFFFFFFFFFFFFFFFFFFFFFFFFFFFFFFFFFFFFFFFFFFFFFFFFFFFFFFFFFFFFF8B
:20356000FFFFFFFFFFFFFFFFFFFFFFFFFFFFFFFFFFFFFFFFFFFFFFFFFFFFFFFFFFFFFFFF6B
:20358000FFFFFFFFFFFFFFFFFFFFFFFFFFFFFFFFFFFFFFFFFFFFFFFFFFFFFFFFFFFFFFFF4B
:2035A000FFFFFFFFFFFFFFFFFFFFFFFFFFFFFFFFFFFFFFFFFFFFFFFFFFFFFFFFFFFFFFFF2B
:2035C000FFFFFFFFFFFFFFFFFFFFFFFFFFFFFFFFFFFFFFFFFFFFFFFFFFFFFFFFFFFFFFFF0B
:2035E000FFFFFFFFFFFFFFFFFFFFFFFFFFFFFFFFFFFFFFFFFFFFFFFFFFFFFFFFFFFFFFFFEB
:20360000FFFFFFFFFFFFFFFFFFFFFFFFFFFFFFFFFFFFFFFFFFFFFFFFFFFFFFFFFFFFFFFFCA
:20362000FFFFFFFFFFFFFFFFFFFFFFFFFFFFFFFFFFFFFFFFFFFFFFFFFFFFFFFFFFFFFFFFAA
:20364000FFFFFFFFFFFFFFFFFFFFFFFFFFFFFFFFFFFFFFFFFFFFFFFFFFFFFFFFFFFFFFFF8A
:20366000FFFFFFFFFFFFFFFFFFFFFFFFFFFFFFFFFFFFFFFFFFFFFFFFFFFFFFFFFFFFFFFF6A
:20368000FFFFFFFFFFFFFFFFFFFFFFFFFFFFFFFFFFFFFFFFFFFFFFFFFFFFFFFFFFFFFFFF4A
:2036A000FFFFFFFFFFFFFFFFFFFFFFFFFFFFFFFFFFFFFFFFFFFFFFFFFFFFFFFFFFFFFFFF2A
:2036C000FFFFFFFFFFFFFFFFFFFFFFFFFFFFFFFFFFFFFFFFFFFFFFFFFFFFFFFFFFFFFFFF0A
:2036E000FFFFFFFFFFFFFFFFFFFFFFFFFFFFFFFFFFFFFFFFFFFFFFFFFFFFFFFFFFFFFFFFEA
:20370000FFFFFFFFFFFFFFFFFFFFFFFFFFFFFFFFFFFFFFFFFFFFFFFFFFFFFFFFFFFFFFFFC9
:20372000FFFFFFFFFFFFFFFFFFFFFFFFFFFFFFFFFFFFFFFFFFFFFFFFFFFFFFFFFFFFFFFFA9
:20374000FFFFFFFFFFFFFFFFFFFFFFFFFFFFFFFFFFFFFFFFFFFFFFFFFFFFFFFFFFFFFFFF89
:20376000FFFFFFFFFFFFFFFFFFFFFFFFFFFFFFFFFFFFFFFFFFFFFFFFFFFFFFFFFFFFFFFF69
:20378000FFFFFFFFFFFFFFFFFFFFFFFFFFFFFFFFFFFFFFFFFFFFFFFFFFFFFFFFFFFFFFFF49
:2037A000FFFFFFFFFFFFFFFFFFFFFFFFFFFFFFFFFFFFFFFFFFFFFFFFFFFFFFFFFFFFFFFF29
:2037C000FFFFFFFFFFFFFFFFFFFFFFFFFFFFFFFFFFFFFFFFFFFFFFFFFFFFFFFFFFFFFFFF09
:2037E000FFFFFFFFFFFFFFFFFFFFFFFFFFFFFFFFFFFFFFFFFFFFFFFFFFFFFFFFFFFFFFFFE9
:20380000FFFFFFFFFFFFFFFFFFFFFFFFFFFFFFFFFFFFFFFFFFFFFFFFFFFFFFFFFFFFFFFFC8
:20382000FFFFFFFFFFFFFFFFFFFFFFFFFFFFFFFFFFFFFFFFFFFFFFFFFFFFFFFFFFFFFFFFA8
:20384000FFFFFFFFFFFFFFFFFFFFFFFFFFFFFFFFFFFFFFFFFFFFFFFFFFFFFFFFFFFFFFFF88
:20386000FFFFFFFFFFFFFFFFFFFFFFFFFFFFFFFFFFFFFFFFFFFFFFFFFFFFFFFFFFFFFFFF68
:20388000FFFFFFFFFFFFFFFFFFFFFFFFFFFFFFFFFFFFFFFFFFFFFFFFFFFFFFFFFFFFFFFF48
:2038A000FFFFFFFFFFFFFFFFFFFFFFFFFFFFFFFFFFFFFFFFFFFFFFFFFFFFFFFFFFFFFFFF28
:2038C000FFFFFFFFFFFFFFFFFFFFFFFFFFFFFFFFFFFFFFFFFFFFFFFFFFFFFFFFFFFFFFFF08
:2038E000FFFFFFFFFFFFFFFFFFFFFFFFFFFFFFFFFFFFFFFFFFFFFFFFFFFFFFFFFFFFFFFFE8
:20390000FFFFFFFFFFFFFFFFFFFFFFFFFFFFFFFFFFFFFFFFFFFFFFFFFFFFFFFFFFFFFFFFC7
:20392000FFFFFFFFFFFFFFFFFFFFFFFFFFFFFFFFFFFFFFFFFFFFFFFFFFFFFFFFFFFFFFFFA7
:20394000FFFFFFFFFFFFFFFFFFFFFFFFFFFFFFFFFFFFFFFFFFFFFFFFFFFFFFFFFFFFFFFF87
:20396000FFFFFFFFFFFFFFFFFFFFFFFFFFFFFFFFFFFFFFFFFFFFFFFFFFFFFFFFFFFFFFFF67
:20398000FFFFFFFFFFFFFFFFFFFFFFFFFFFFFFFFFFFFFFFFFFFFFFFFFFFFFFFFFFFFFFFF47
:2039A000FFFFFFFFFFFFFFFFFFFFFFFFFFFFFFFFFFFFFFFFFFFFFFFFFFFFFFFFFFFFFFFF27
:2039C000FFFFFFFFFFFFFFFFFFFFFFFFFFFFFFFFFFFFFFFFFFFFFFFFFFFFFFFFFFFFFFFF07
:2039E000FFFFFFFFFFFFFFFFFFFFFFFFFFFFFFFFFFFFFFFFFFFFFFFFFFFFFFFFFFFFFFFFE7
:203A0000FFFFFFFFFFFFFFFFFFFFFFFFFFFFFFFFFFFFFFFFFFFFFFFFFFFFFFFFFFFFFFFFC6
:203A2000FFFFFFFFFFFFFFFFFFFFFFFFFFFFFFFFFFFFFFFFFFFFFFFFFFFFFFFFFFFFFFFFA6
:203A4000FFFFFFFFFFFFFFFFFFFFFFFFFFFFFFFFFFFFFFFFFFFFFFFFFFFFFFFFFFFFFFFF86
:203A6000FFFFFFFFFFFFFFFFFFFFFFFFFFFFFFFFFFFFFFFFFFFFFFFFFFFFFFFFFFFFFFFF66
:203A8000FFFFFFFFFFFFFFFFFFFFFFFFFFFFFFFFFFFFFFFFFFFFFFFFFFFFFFFFFFFFFFFF46
:203AA000FFFFFFFFFFFFFFFFFFFFFFFFFFFFFFFFFFFFFFFFFFFFFFFFFFFFFFFFFFFFFFFF26
:203AC000FFFFFFFFFFFFFFFFFFFFFFFFFFFFFFFFFFFFFFFFFFFFFFFFFFFFFFFFFFFFFFFF06
:203AE000FFFFFFFFFFFFFFFFFFFFFFFFFFFFFFFFFFFFFFFFFFFFFFFFFFFFFFFFFFFFFFFFE6
:203B0000FFFFFFFFFFFFFFFFFFFFFFFFFFFFFFFFFFFFFFFFFFFFFFFFFFFFFFFFFFFFFFFFC5
:203B2000FFFFFFFFFFFFFFFFFFFFFFFFFFFFFFFFFFFFFFFFFFFFFFFFFFFFFFFFFFFFFFFFA5
:203B4000FFFFFFFFFFFFFFFFFFFFFFFFFFFFFFFFFFFFFFFFFFFFFFFFFFFFFFFFFFFFFFFF85
:203B6000FFFFFFFFFFFFFFFFFFFFFFFFFFFFFFFFFFFFFFFFFFFFFFFFFFFFFFFFFFFFFFFF65
:203B8000FFFFFFFFFFFFFFFFFFFFFFFFFFFFFFFFFFFFFFFFFFFFFFFFFFFFFFFFFFFFFFFF45
:203BA000FFFFFFFFFFFFFFFFFFFFFFFFFFFFFFFFFFFFFFFFFFFFFFFFFFFFFFFFFFFFFFFF25
:203BC000FFFFFFFFFFFFFFFFFFFFFFFFFFFFFFFFFFFFFFFFFFFFFFFFFFFFFFFFFFFFFFFF05
:203BE000FFFFFFFFFFFFFFFFFFFFFFFFFFFFFFFFFFFFFFFFFFFFFFFFFFFFFFFFFFFFFFFFE5
:203C0000FFFFFFFFFFFFFFFFFFFFFFFFFFFFFFFFFFFFFFFFFFFFFFFFFFFFFFFFFFFFFFFFC4
:203C2000FFFFFFFFFFFFFFFFFFFFFFFFFFFFFFFFFFFFFFFFFFFFFFFFFFFFFFFFFFFFFFFFA4
:203C4000FFFFFFFFFFFFFFFFFFFFFFFFFFFFFFFFFFFFFFFFFFFFFFFFFFFFFFFFFFFFFFFF84
:203C6000FFFFFFFFFFFFFFFFFFFFFFFFFFFFFFFFFFFFFFFFFFFFFFFFFFFFFFFFFFFFFFFF64
:203C8000FFFFFFFFFFFFFFFFFFFFFFFFFFFFFFFFFFFFFFFFFFFFFFFFFFFFFFFFFFFFFFFF44
:203CA000FFFFFFFFFFFFFFFFFFFFFFFFFFFFFFFFFFFFFFFFFFFFFFFFFFFFFFFFFFFFFFFF24
:203CC000FFFFFFFFFFFFFFFFFFFFFFFFFFFFFFFFFFFFFFFFFFFFFFFFFFFFFFFFFFFFFFFF04
:203CE000FFFFFFFFFFFFFFFFFFFFFFFFFFFFFFFFFFFFFFFFFFFFFFFFFFFFFFFFFFFFFFFFE4
:203D0000FFFFFFFFFFFFFFFFFFFFFFFFFFFFFFFFFFFFFFFFFFFFFFFFFFFFFFFFFFFFFFFFC3
:203D2000FFFFFFFFFFFFFFFFFFFFFFFFFFFFFFFFFFFFFFFFFFFFFFFFFFFFFFFFFFFFFFFFA3
:203D4000FFFFFFFFFFFFFFFFFFFFFFFFFFFFFFFFFFFFFFFFFFFFFFFFFFFFFFFFFFFFFFFF83
:203D6000FFFFFFFFFFFFFFFFFFFFFFFFFFFFFFFFFFFFFFFFFFFFFFFFFFFFFFFFFFFFFFFF63
:203D8000FFFFFFFFFFFFFFFFFFFFFFFFFFFFFFFFFFFFFFFFFFFFFFFFFFFFFFFFFFFFFFFF43
:203DA000FFFFFFFFFFFFFFFFFFFFFFFFFFFFFFFFFFFFFFFFFFFFFFFFFFFFFFFFFFFFFFFF23
:203DC000FFFFFFFFFFFFFFFFFFFFFFFFFFFFFFFFFFFFFFFFFFFFFFFFFFFFFFFFFFFFFFFF03
:203DE000FFFFFFFFFFFFFFFFFFFFFFFFFFFFFFFFFFFFFFFFFFFFFFFFFFFFFFFFFFFFFFFFE3
:203E0000FFFFFFFFFFFFFFFFFFFFFFFFFFFFFFFFFFFFFFFFFFFFFFFFFFFFFFFFFFFFFFFFC2
:203E2000FFFFFFFFFFFFFFFFFFFFFFFFFFFFFFFFFFFFFFFFFFFFFFFFFFFFFFFFFFFFFFFFA2
:203E4000FFFFFFFFFFFFFFFFFFFFFFFFFFFFFFFFFFFFFFFFFFFFFFFFFFFFFFFFFFFFFFFF82
:203E6000FFFFFFFFFFFFFFFFFFFFFFFFFFFFFFFFFFFFFFFFFFFFFFFFFFFFFFFFFFFFFFFF62
:203E8000FFFFFFFFFFFFFFFFFFFFFFFFFFFFFFFFFFFFFFFFFFFFFFFFFFFFFFFFFFFFFFFF42
:203EA000FFFFFFFFFFFFFFFFFFFFFFFFFFFFFFFFFFFFFFFFFFFFFFFFFFFFFFFFFFFFFFFF22
:203EC000FFFFFFFFFFFFFFFFFFFFFFFFFFFFFFFFFFFFFFFFFFFFFFFFFFFFFFFFFFFFFFFF02
:203EE000FFFFFFFFFFFFFFFFFFFFFFFFFFFFFFFFFFFFFFFFFFFFFFFFFFFFFFFFFFFFFFFFE2
:203F0000FFFFFFFFFFFFFFFFFFFFFFFFFFFFFFFFFFFFFFFFFFFFFFFFFFFFFFFFFFFFFFFFC1
:203F2000FFFFFFFFFFFFFFFFFFFFFFFFFFFFFFFFFFFFFFFFFFFFFFFFFFFFFFFFFFFFFFFFA1
:203F4000FFFFFFFFFFFFFFFFFFFFFFFFFFFFFFFFFFFFFFFFFFFFFFFFFFFFFFFFFFFFFFFF81
:203F6000FFFFFFFFFFFFFFFFFFFFFFFFFFFFFFFFFFFFFFFFFFFFFFFFFFFFFFFFFFFFFFFF61
:203F8000FFFFFFFFFFFFFFFFFFFFFFFFFFFFFFFFFFFFFFFFFFFFFFFFFFFFFFFFFFFFFFFF41
:203FA000FFFFFFFFFFFFFFFFFFFFFFFFFFFFFFFFFFFFFFFFFFFFFFFFFFFFFFFFFFFFFFFF21
:203FC000FFFFFFFFFFFFFFFFFFFFFFFFFFFFFFFFFFFFFFFFFFFFFFFFFFFFFFFFFFFFFFFF01
:203FE000FFFFFFFFFFFFFFFFFFFFFFFFFFFFFFFFFFFFFFFFFFFFFFFFFFFFFFFFFFFFFFFFE1
:20400000FFFFFFFFFFFFFFFFFFFFFFFFFFFFFFFFFFFFFFFFFFFFFFFFFFFFFFFFFFFFFFFFC0
:20402000FFFFFFFFFFFFFFFFFFFFFFFFFFFFFFFFFFFFFFFFFFFFFFFFFFFFFFFFFFFFFFFFA0
:20404000FFFFFFFFFFFFFFFFFFFFFFFFFFFFFFFFFFFFFFFFFFFFFFFFFFFFFFFFFFFFFFFF80
:20406000FFFFFFFFFFFFFFFFFFFFFFFFFFFFFFFFFFFFFFFFFFFFFFFFFFFFFFFFFFFFFFFF60
:20408000FFFFFFFFFFFFFFFFFFFFFFFFFFFFFFFFFFFFFFFFFFFFFFFFFFFFFFFFFFFFFFFF40
:2040A000FFFFFFFFFFFFFFFFFFFFFFFFFFFFFFFFFFFFFFFFFFFFFFFFFFFFFFFFFFFFFFFF20
:2040C000FFFFFFFFFFFFFFFFFFFFFFFFFFFFFFFFFFFFFFFFFFFFFFFFFFFFFFFFFFFFFFFF00
:2040E000FFFFFFFFFFFFFFFFFFFFFFFFFFFFFFFFFFFFFFFFFFFFFFFFFFFFFFFFFFFFFFFFE0
:20410000FFFFFFFFFFFFFFFFFFFFFFFFFFFFFFFFFFFFFFFFFFFFFFFFFFFFFFFFFFFFFFFFBF
:20412000FFFFFFFFFFFFFFFFFFFFFFFFFFFFFFFFFFFFFFFFFFFFFFFFFFFFFFFFFFFFFFFF9F
:20414000FFFFFFFFFFFFFFFFFFFFFFFFFFFFFFFFFFFFFFFFFFFFFFFFFFFFFFFFFFFFFFFF7F
:20416000FFFFFFFFFFFFFFFFFFFFFFFFFFFFFFFFFFFFFFFFFFFFFFFFFFFFFFFFFFFFFFFF5F
:20418000FFFFFFFFFFFFFFFFFFFFFFFFFFFFFFFFFFFFFFFFFFFFFFFFFFFFFFFFFFFFFFFF3F
:2041A000FFFFFFFFFFFFFFFFFFFFFFFFFFFFFFFFFFFFFFFFFFFFFFFFFFFFFFFFFFFFFFFF1F
:2041C000FFFFFFFFFFFFFFFFFFFFFFFFFFFFFFFFFFFFFFFFFFFFFFFFFFFFFFFFFFFFFFFFFF
:2041E000FFFFFFFFFFFFFFFFFFFFFFFFFFFFFFFFFFFFFFFFFFFFFFFFFFFFFFFFFFFFFFFFDF
:20420000FFFFFFFFFFFFFFFFFFFFFFFFFFFFFFFFFFFFFFFFFFFFFFFFFFFFFFFFFFFFFFFFBE
:20422000FFFFFFFFFFFFFFFFFFFFFFFFFFFFFFFFFFFFFFFFFFFFFFFFFFFFFFFFFFFFFFFF9E
:20424000FFFFFFFFFFFFFFFFFFFFFFFFFFFFFFFFFFFFFFFFFFFFFFFFFFFFFFFFFFFFFFFF7E
:20426000FFFFFFFFFFFFFFFFFFFFFFFFFFFFFFFFFFFFFFFFFFFFFFFFFFFFFFFFFFFFFFFF5E
:20428000FFFFFFFFFFFFFFFFFFFFFFFFFFFFFFFFFFFFFFFFFFFFFFFFFFFFFFFFFFFFFFFF3E
:2042A000FFFFFFFFFFFFFFFFFFFFFFFFFFFFFFFFFFFFFFFFFFFFFFFFFFFFFFFFFFFFFFFF1E
:2042C000FFFFFFFFFFFFFFFFFFFFFFFFFFFFFFFFFFFFFFFFFFFFFFFFFFFFFFFFFFFFFFFFFE
:2042E000FFFFFFFFFFFFFFFFFFFFFFFFFFFFFFFFFFFFFFFFFFFFFFFFFFFFFFFFFFFFFFFFDE
:20430000FFFFFFFFFFFFFFFFFFFFFFFFFFFFFFFFFFFFFFFFFFFFFFFFFFFFFFFFFFFFFFFFBD
:20432000FFFFFFFFFFFFFFFFFFFFFFFFFFFFFFFFFFFFFFFFFFFFFFFFFFFFFFFFFFFFFFFF9D
:20434000FFFFFFFFFFFFFFFFFFFFFFFFFFFFFFFFFFFFFFFFFFFFFFFFFFFFFFFFFFFFFFFF7D
:20436000FFFFFFFFFFFFFFFFFFFFFFFFFFFFFFFFFFFFFFFFFFFFFFFFFFFFFFFFFFFFFFFF5D
:20438000FFFFFFFFFFFFFFFFFFFFFFFFFFFFFFFFFFFFFFFFFFFFFFFFFFFFFFFFFFFFFFFF3D
:2043A000FFFFFFFFFFFFFFFFFFFFFFFFFFFFFFFFFFFFFFFFFFFFFFFFFFFFFFFFFFFFFFFF1D
:2043C000FFFFFFFFFFFFFFFFFFFFFFFFFFFFFFFFFFFFFFFFFFFFFFFFFFFFFFFFFFFFFFFFFD
:2043E000FFFFFFFFFFFFFFFFFFFFFFFFFFFFFFFFFFFFFFFFFFFFFFFFFFFFFFFFFFFFFFFFDD
:20440000FFFFFFFFFFFFFFFFFFFFFFFFFFFFFFFFFFFFFFFFFFFFFFFFFFFFFFFFFFFFFFFFBC
:20442000FFFFFFFFFFFFFFFFFFFFFFFFFFFFFFFFFFFFFFFFFFFFFFFFFFFFFFFFFFFFFFFF9C
:20444000FFFFFFFFFFFFFFFFFFFFFFFFFFFFFFFFFFFFFFFFFFFFFFFFFFFFFFFFFFFFFFFF7C
:20446000FFFFFFFFFFFFFFFFFFFFFFFFFFFFFFFFFFFFFFFFFFFFFFFFFFFFFFFFFFFFFFFF5C
:20448000FFFFFFFFFFFFFFFFFFFFFFFFFFFFFFFFFFFFFFFFFFFFFFFFFFFFFFFFFFFFFFFF3C
:2044A000FFFFFFFFFFFFFFFFFFFFFFFFFFFFFFFFFFFFFFFFFFFFFFFFFFFFFFFFFFFFFFFF1C
:2044C000FFFFFFFFFFFFFFFFFFFFFFFFFFFFFFFFFFFFFFFFFFFFFFFFFFFFFFFFFFFFFFFFFC
:2044E000FFFFFFFFFFFFFFFFFFFFFFFFFFFFFFFFFFFFFFFFFFFFFFFFFFFFFFFFFFFFFFFFDC
:20450000FFFFFFFFFFFFFFFFFFFFFFFFFFFFFFFFFFFFFFFFFFFFFFFFFFFFFFFFFFFFFFFFBB
:20452000FFFFFFFFFFFFFFFFFFFFFFFFFFFFFFFFFFFFFFFFFFFFFFFFFFFFFFFFFFFFFFFF9B
:20454000FFFFFFFFFFFFFFFFFFFFFFFFFFFFFFFFFFFFFFFFFFFFFFFFFFFFFFFFFFFFFFFF7B
:20456000FFFFFFFFFFFFFFFFFFFFFFFFFFFFFFFFFFFFFFFFFFFFFFFFFFFFFFFFFFFFFFFF5B
:20458000FFFFFFFFFFFFFFFFFFFFFFFFFFFFFFFFFFFFFFFFFFFFFFFFFFFFFFFFFFFFFFFF3B
:2045A000FFFFFFFFFFFFFFFFFFFFFFFFFFFFFFFFFFFFFFFFFFFFFFFFFFFFFFFFFFFFFFFF1B
:2045C000FFFFFFFFFFFFFFFFFFFFFFFFFFFFFFFFFFFFFFFFFFFFFFFFFFFFFFFFFFFFFFFFFB
:2045E000FFFFFFFFFFFFFFFFFFFFFFFFFFFFFFFFFFFFFFFFFFFFFFFFFFFFFFFFFFFFFFFFDB
:20460000FFFFFFFFFFFFFFFFFFFFFFFFFFFFFFFFFFFFFFFFFFFFFFFFFFFFFFFFFFFFFFFFBA
:20462000FFFFFFFFFFFFFFFFFFFFFFFFFFFFFFFFFFFFFFFFFFFFFFFFFFFFFFFFFFFFFFFF9A
:20464000FFFFFFFFFFFFFFFFFFFFFFFFFFFFFFFFFFFFFFFFFFFFFFFFFFFFFFFFFFFFFFFF7A
:20466000FFFFFFFFFFFFFFFFFFFFFFFFFFFFFFFFFFFFFFFFFFFFFFFFFFFFFFFFFFFFFFFF5A
:20468000FFFFFFFFFFFFFFFFFFFFFFFFFFFFFFFFFFFFFFFFFFFFFFFFFFFFFFFFFFFFFFFF3A
:2046A000FFFFFFFFFFFFFFFFFFFFFFFFFFFFFFFFFFFFFFFFFFFFFFFFFFFFFFFFFFFFFFFF1A
:2046C000FFFFFFFFFFFFFFFFFFFFFFFFFFFFFFFFFFFFFFFFFFFFFFFFFFFFFFFFFFFFFFFFFA
:2046E000FFFFFFFFFFFFFFFFFFFFFFFFFFFFFFFFFFFFFFFFFFFFFFFFFFFFFFFFFFFFFFFFDA
:20470000FFFFFFFFFFFFFFFFFFFFFFFFFFFFFFFFFFFFFFFFFFFFFFFFFFFFFFFFFFFFFFFFB9
:20472000FFFFFFFFFFFFFFFFFFFFFFFFFFFFFFFFFFFFFFFFFFFFFFFFFFFFFFFFFFFFFFFF99
:20474000FFFFFFFFFFFFFFFFFFFFFFFFFFFFFFFFFFFFFFFFFFFFFFFFFFFFFFFFFFFFFFFF79
:20476000FFFFFFFFFFFFFFFFFFFFFFFFFFFFFFFFFFFFFFFFFFFFFFFFFFFFFFFFFFFFFFFF59
:20478000FFFFFFFFFFFFFFFFFFFFFFFFFFFFFFFFFFFFFFFFFFFFFFFFFFFFFFFFFFFFFFFF39
:2047A000FFFFFFFFFFFFFFFFFFFFFFFFFFFFFFFFFFFFFFFFFFFFFFFFFFFFFFFFFFFFFFFF19
:2047C000FFFFFFFFFFFFFFFFFFFFFFFFFFFFFFFFFFFFFFFFFFFFFFFFFFFFFFFFFFFFFFFFF9
:2047E000FFFFFFFFFFFFFFFFFFFFFFFFFFFFFFFFFFFFFFFFFFFFFFFFFFFFFFFFFFFFFFFFD9
:20480000FFFFFFFFFFFFFFFFFFFFFFFFFFFFFFFFFFFFFFFFFFFFFFFFFFFFFFFFFFFFFFFFB8
:20482000FFFFFFFFFFFFFFFFFFFFFFFFFFFFFFFFFFFFFFFFFFFFFFFFFFFFFFFFFFFFFFFF98
:20484000FFFFFFFFFFFFFFFFFFFFFFFFFFFFFFFFFFFFFFFFFFFFFFFFFFFFFFFFFFFFFFFF78
:20486000FFFFFFFFFFFFFFFFFFFFFFFFFFFFFFFFFFFFFFFFFFFFFFFFFFFFFFFFFFFFFFFF58
:20488000FFFFFFFFFFFFFFFFFFFFFFFFFFFFFFFFFFFFFFFFFFFFFFFFFFFFFFFFFFFFFFFF38
:2048A000FFFFFFFFFFFFFFFFFFFFFFFFFFFFFFFFFFFFFFFFFFFFFFFFFFFFFFFFFFFFFFFF18
:2048C000FFFFFFFFFFFFFFFFFFFFFFFFFFFFFFFFFFFFFFFFFFFFFFFFFFFFFFFFFFFFFFFFF8
:2048E000FFFFFFFFFFFFFFFFFFFFFFFFFFFFFFFFFFFFFFFFFFFFFFFFFFFFFFFFFFFFFFFFD8
:20490000FFFFFFFFFFFFFFFFFFFFFFFFFFFFFFFFFFFFFFFFFFFFFFFFFFFFFFFFFFFFFFFFB7
:20492000FFFFFFFFFFFFFFFFFFFFFFFFFFFFFFFFFFFFFFFFFFFFFFFFFFFFFFFFFFFFFFFF97
:20494000FFFFFFFFFFFFFFFFFFFFFFFFFFFFFFFFFFFFFFFFFFFFFFFFFFFFFFFFFFFFFFFF77
:20496000FFFFFFFFFFFFFFFFFFFFFFFFFFFFFFFFFFFFFFFFFFFFFFFFFFFFFFFFFFFFFFFF57
:20498000FFFFFFFFFFFFFFFFFFFFFFFFFFFFFFFFFFFFFFFFFFFFFFFFFFFFFFFFFFFFFFFF37
:2049A000FFFFFFFFFFFFFFFFFFFFFFFFFFFFFFFFFFFFFFFFFFFFFFFFFFFFFFFFFFFFFFFF17
:2049C000FFFFFFFFFFFFFFFFFFFFFFFFFFFFFFFFFFFFFFFFFFFFFFFFFFFFFFFFFFFFFFFFF7
:2049E000FFFFFFFFFFFFFFFFFFFFFFFFFFFFFFFFFFFFFFFFFFFFFFFFFFFFFFFFFFFFFFFFD7
:204A0000FFFFFFFFFFFFFFFFFFFFFFFFFFFFFFFFFFFFFFFFFFFFFFFFFFFFFFFFFFFFFFFFB6
:204A2000FFFFFFFFFFFFFFFFFFFFFFFFFFFFFFFFFFFFFFFFFFFFFFFFFFFFFFFFFFFFFFFF96
:204A4000FFFFFFFFFFFFFFFFFFFFFFFFFFFFFFFFFFFFFFFFFFFFFFFFFFFFFFFFFFFFFFFF76
:204A6000FFFFFFFFFFFFFFFFFFFFFFFFFFFFFFFFFFFFFFFFFFFFFFFFFFFFFFFFFFFFFFFF56
:204A8000FFFFFFFFFFFFFFFFFFFFFFFFFFFFFFFFFFFFFFFFFFFFFFFFFFFFFFFFFFFFFFFF36
:204AA000FFFFFFFFFFFFFFFFFFFFFFFFFFFFFFFFFFFFFFFFFFFFFFFFFFFFFFFFFFFFFFFF16
:204AC000FFFFFFFFFFFFFFFFFFFFFFFFFFFFFFFFFFFFFFFFFFFFFFFFFFFFFFFFFFFFFFFFF6
:204AE000FFFFFFFFFFFFFFFFFFFFFFFFFFFFFFFFFFFFFFFFFFFFFFFFFFFFFFFFFFFFFFFFD6
:204B0000FFFFFFFFFFFFFFFFFFFFFFFFFFFFFFFFFFFFFFFFFFFFFFFFFFFFFFFFFFFFFFFFB5
:204B2000FFFFFFFFFFFFFFFFFFFFFFFFFFFFFFFFFFFFFFFFFFFFFFFFFFFFFFFFFFFFFFFF95
:204B4000FFFFFFFFFFFFFFFFFFFFFFFFFFFFFFFFFFFFFFFFFFFFFFFFFFFFFFFFFFFFFFFF75
:204B6000FFFFFFFFFFFFFFFFFFFFFFFFFFFFFFFFFFFFFFFFFFFFFFFFFFFFFFFFFFFFFFFF55
:204B8000FFFFFFFFFFFFFFFFFFFFFFFFFFFFFFFFFFFFFFFFFFFFFFFFFFFFFFFFFFFFFFFF35
:204BA000FFFFFFFFFFFFFFFFFFFFFFFFFFFFFFFFFFFFFFFFFFFFFFFFFFFFFFFFFFFFFFFF15
:204BC000FFFFFFFFFFFFFFFFFFFFFFFFFFFFFFFFFFFFFFFFFFFFFFFFFFFFFFFFFFFFFFFFF5
:204BE000FFFFFFFFFFFFFFFFFFFFFFFFFFFFFFFFFFFFFFFFFFFFFFFFFFFFFFFFFFFFFFFFD5
:204C0000FFFFFFFFFFFFFFFFFFFFFFFFFFFFFFFFFFFFFFFFFFFFFFFFFFFFFFFFFFFFFFFFB4
:204C2000FFFFFFFFFFFFFFFFFFFFFFFFFFFFFFFFFFFFFFFFFFFFFFFFFFFFFFFFFFFFFFFF94
:204C4000FFFFFFFFFFFFFFFFFFFFFFFFFFFFFFFFFFFFFFFFFFFFFFFFFFFFFFFFFFFFFFFF74
:204C6000FFFFFFFFFFFFFFFFFFFFFFFFFFFFFFFFFFFFFFFFFFFFFFFFFFFFFFFFFFFFFFFF54
:204C8000FFFFFFFFFFFFFFFFFFFFFFFFFFFFFFFFFFFFFFFFFFFFFFFFFFFFFFFFFFFFFFFF34
:204CA000FFFFFFFFFFFFFFFFFFFFFFFFFFFFFFFFFFFFFFFFFFFFFFFFFFFFFFFFFFFFFFFF14
:204CC000FFFFFFFFFFFFFFFFFFFFFFFFFFFFFFFFFFFFFFFFFFFFFFFFFFFFFFFFFFFFFFFFF4
:204CE000FFFFFFFFFFFFFFFFFFFFFFFFFFFFFFFFFFFFFFFFFFFFFFFFFFFFFFFFFFFFFFFFD4
:204D0000FFFFFFFFFFFFFFFFFFFFFFFFFFFFFFFFFFFFFFFFFFFFFFFFFFFFFFFFFFFFFFFFB3
:204D2000FFFFFFFFFFFFFFFFFFFFFFFFFFFFFFFFFFFFFFFFFFFFFFFFFFFFFFFFFFFFFFFF93
:204D4000FFFFFFFFFFFFFFFFFFFFFFFFFFFFFFFFFFFFFFFFFFFFFFFFFFFFFFFFFFFFFFFF73
:204D6000FFFFFFFFFFFFFFFFFFFFFFFFFFFFFFFFFFFFFFFFFFFFFFFFFFFFFFFFFFFFFFFF53
:204D8000FFFFFFFFFFFFFFFFFFFFFFFFFFFFFFFFFFFFFFFFFFFFFFFFFFFFFFFFFFFFFFFF33
:204DA000FFFFFFFFFFFFFFFFFFFFFFFFFFFFFFFFFFFFFFFFFFFFFFFFFFFFFFFFFFFFFFFF13
:204DC000FFFFFFFFFFFFFFFFFFFFFFFFFFFFFFFFFFFFFFFFFFFFFFFFFFFFFFFFFFFFFFFFF3
:204DE000FFFFFFFFFFFFFFFFFFFFFFFFFFFFFFFFFFFFFFFFFFFFFFFFFFFFFFFFFFFFFFFFD3
:204E0000FFFFFFFFFFFFFFFFFFFFFFFFFFFFFFFFFFFFFFFFFFFFFFFFFFFFFFFFFFFFFFFFB2
:204E2000FFFFFFFFFFFFFFFFFFFFFFFFFFFFFFFFFFFFFFFFFFFFFFFFFFFFFFFFFFFFFFFF92
:204E4000FFFFFFFFFFFFFFFFFFFFFFFFFFFFFFFFFFFFFFFFFFFFFFFFFFFFFFFFFFFFFFFF72
:204E6000FFFFFFFFFFFFFFFFFFFFFFFFFFFFFFFFFFFFFFFFFFFFFFFFFFFFFFFFFFFFFFFF52
:204E8000FFFFFFFFFFFFFFFFFFFFFFFFFFFFFFFFFFFFFFFFFFFFFFFFFFFFFFFFFFFFFFFF32
:204EA000FFFFFFFFFFFFFFFFFFFFFFFFFFFFFFFFFFFFFFFFFFFFFFFFFFFFFFFFFFFFFFFF12
:204EC000FFFFFFFFFFFFFFFFFFFFFFFFFFFFFFFFFFFFFFFFFFFFFFFFFFFFFFFFFFFFFFFFF2
:204EE000FFFFFFFFFFFFFFFFFFFFFFFFFFFFFFFFFFFFFFFFFFFFFFFFFFFFFFFFFFFFFFFFD2
:204F0000FFFFFFFFFFFFFFFFFFFFFFFFFFFFFFFFFFFFFFFFFFFFFFFFFFFFFFFFFFFFFFFFB1
:204F2000FFFFFFFFFFFFFFFFFFFFFFFFFFFFFFFFFFFFFFFFFFFFFFFFFFFFFFFFFFFFFFFF91
:204F4000FFFFFFFFFFFFFFFFFFFFFFFFFFFFFFFFFFFFFFFFFFFFFFFFFFFFFFFFFFFFFFFF71
:204F6000FFFFFFFFFFFFFFFFFFFFFFFFFFFFFFFFFFFFFFFFFFFFFFFFFFFFFFFFFFFFFFFF51
:204F8000FFFFFFFFFFFFFFFFFFFFFFFFFFFFFFFFFFFFFFFFFFFFFFFFFFFFFFFFFFFFFFFF31
:204FA000FFFFFFFFFFFFFFFFFFFFFFFFFFFFFFFFFFFFFFFFFFFFFFFFFFFFFFFFFFFFFFFF11
:204FC000FFFFFFFFFFFFFFFFFFFFFFFFFFFFFFFFFFFFFFFFFFFFFFFFFFFFFFFFFFFFFFFFF1
:204FE000FFFFFFFFFFFFFFFFFFFFFFFFFFFFFFFFFFFFFFFFFFFFFFFFFFFFFFFFFFFFFFFFD1
:20500000FFFFFFFFFFFFFFFFFFFFFFFFFFFFFFFFFFFFFFFFFFFFFFFFFFFFFFFFFFFFFFFFB0
:20502000FFFFFFFFFFFFFFFFFFFFFFFFFFFFFFFFFFFFFFFFFFFFFFFFFFFFFFFFFFFFFFFF90
:20504000FFFFFFFFFFFFFFFFFFFFFFFFFFFFFFFFFFFFFFFFFFFFFFFFFFFFFFFFFFFFFFFF70
:20506000FFFFFFFFFFFFFFFFFFFFFFFFFFFFFFFFFFFFFFFFFFFFFFFFFFFFFFFFFFFFFFFF50
:20508000FFFFFFFFFFFFFFFFFFFFFFFFFFFFFFFFFFFFFFFFFFFFFFFFFFFFFFFFFFFFFFFF30
:2050A000FFFFFFFFFFFFFFFFFFFFFFFFFFFFFFFFFFFFFFFFFFFFFFFFFFFFFFFFFFFFFFFF10
:2050C000FFFFFFFFFFFFFFFFFFFFFFFFFFFFFFFFFFFFFFFFFFFFFFFFFFFFFFFFFFFFFFFFF0
:2050E000FFFFFFFFFFFFFFFFFFFFFFFFFFFFFFFFFFFFFFFFFFFFFFFFFFFFFFFFFFFFFFFFD0
:20510000FFFFFFFFFFFFFFFFFFFFFFFFFFFFFFFFFFFFFFFFFFFFFFFFFFFFFFFFFFFFFFFFAF
:20512000FFFFFFFFFFFFFFFFFFFFFFFFFFFFFFFFFFFFFFFFFFFFFFFFFFFFFFFFFFFFFFFF8F
:20514000FFFFFFFFFFFFFFFFFFFFFFFFFFFFFFFFFFFFFFFFFFFFFFFFFFFFFFFFFFFFFFFF6F
:20516000FFFFFFFFFFFFFFFFFFFFFFFFFFFFFFFFFFFFFFFFFFFFFFFFFFFFFFFFFFFFFFFF4F
:20518000FFFFFFFFFFFFFFFFFFFFFFFFFFFFFFFFFFFFFFFFFFFFFFFFFFFFFFFFFFFFFFFF2F
:2051A000FFFFFFFFFFFFFFFFFFFFFFFFFFFFFFFFFFFFFFFFFFFFFFFFFFFFFFFFFFFFFFFF0F
:2051C000FFFFFFFFFFFFFFFFFFFFFFFFFFFFFFFFFFFFFFFFFFFFFFFFFFFFFFFFFFFFFFFFEF
:2051E000FFFFFFFFFFFFFFFFFFFFFFFFFFFFFFFFFFFFFFFFFFFFFFFFFFFFFFFFFFFFFFFFCF
:20520000FFFFFFFFFFFFFFFFFFFFFFFFFFFFFFFFFFFFFFFFFFFFFFFFFFFFFFFFFFFFFFFFAE
:20522000FFFFFFFFFFFFFFFFFFFFFFFFFFFFFFFFFFFFFFFFFFFFFFFFFFFFFFFFFFFFFFFF8E
:20524000FFFFFFFFFFFFFFFFFFFFFFFFFFFFFFFFFFFFFFFFFFFFFFFFFFFFFFFFFFFFFFFF6E
:20526000FFFFFFFFFFFFFFFFFFFFFFFFFFFFFFFFFFFFFFFFFFFFFFFFFFFFFFFFFFFFFFFF4E
:20528000FFFFFFFFFFFFFFFFFFFFFFFFFFFFFFFFFFFFFFFFFFFFFFFFFFFFFFFFFFFFFFFF2E
:2052A000FFFFFFFFFFFFFFFFFFFFFFFFFFFFFFFFFFFFFFFFFFFFFFFFFFFFFFFFFFFFFFFF0E
:2052C000FFFFFFFFFFFFFFFFFFFFFFFFFFFFFFFFFFFFFFFFFFFFFFFFFFFFFFFFFFFFFFFFEE
:2052E000FFFFFFFFFFFFFFFFFFFFFFFFFFFFFFFFFFFFFFFFFFFFFFFFFFFFFFFFFFFFFFFFCE
:20530000FFFFFFFFFFFFFFFFFFFFFFFFFFFFFFFFFFFFFFFFFFFFFFFFFFFFFFFFFFFFFFFFAD
:20532000FFFFFFFFFFFFFFFFFFFFFFFFFFFFFFFFFFFFFFFFFFFFFFFFFFFFFFFFFFFFFFFF8D
:20534000FFFFFFFFFFFFFFFFFFFFFFFFFFFFFFFFFFFFFFFFFFFFFFFFFFFFFFFFFFFFFFFF6D
:20536000FFFFFFFFFFFFFFFFFFFFFFFFFFFFFFFFFFFFFFFFFFFFFFFFFFFFFFFFFFFFFFFF4D
:20538000FFFFFFFFFFFFFFFFFFFFFFFFFFFFFFFFFFFFFFFFFFFFFFFFFFFFFFFFFFFFFFFF2D
:2053A000FFFFFFFFFFFFFFFFFFFFFFFFFFFFFFFFFFFFFFFFFFFFFFFFFFFFFFFFFFFFFFFF0D
:2053C000FFFFFFFFFFFFFFFFFFFFFFFFFFFFFFFFFFFFFFFFFFFFFFFFFFFFFFFFFFFFFFFFED
:2053E000FFFFFFFFFFFFFFFFFFFFFFFFFFFFFFFFFFFFFFFFFFFFFFFFFFFFFFFFFFFFFFFFCD
:20540000FFFFFFFFFFFFFFFFFFFFFFFFFFFFFFFFFFFFFFFFFFFFFFFFFFFFFFFFFFFFFFFFAC
:20542000FFFFFFFFFFFFFFFFFFFFFFFFFFFFFFFFFFFFFFFFFFFFFFFFFFFFFFFFFFFFFFFF8C
:20544000FFFFFFFFFFFFFFFFFFFFFFFFFFFFFFFFFFFFFFFFFFFFFFFFFFFFFFFFFFFFFFFF6C
:20546000FFFFFFFFFFFFFFFFFFFFFFFFFFFFFFFFFFFFFFFFFFFFFFFFFFFFFFFFFFFFFFFF4C
:20548000FFFFFFFFFFFFFFFFFFFFFFFFFFFFFFFFFFFFFFFFFFFFFFFFFFFFFFFFFFFFFFFF2C
:2054A000FFFFFFFFFFFFFFFFFFFFFFFFFFFFFFFFFFFFFFFFFFFFFFFFFFFFFFFFFFFFFFFF0C
:2054C000FFFFFFFFFFFFFFFFFFFFFFFFFFFFFFFFFFFFFFFFFFFFFFFFFFFFFFFFFFFFFFFFEC
:2054E000FFFFFFFFFFFFFFFFFFFFFFFFFFFFFFFFFFFFFFFFFFFFFFFFFFFFFFFFFFFFFFFFCC
:20550000FFFFFFFFFFFFFFFFFFFFFFFFFFFFFFFFFFFFFFFFFFFFFFFFFFFFFFFFFFFFFFFFAB
:20552000FFFFFFFFFFFFFFFFFFFFFFFFFFFFFFFFFFFFFFFFFFFFFFFFFFFFFFFFFFFFFFFF8B
:20554000FFFFFFFFFFFFFFFFFFFFFFFFFFFFFFFFFFFFFFFFFFFFFFFFFFFFFFFFFFFFFFFF6B
:20556000FFFFFFFFFFFFFFFFFFFFFFFFFFFFFFFFFFFFFFFFFFFFFFFFFFFFFFFFFFFFFFFF4B
:20558000FFFFFFFFFFFFFFFFFFFFFFFFFFFFFFFFFFFFFFFFFFFFFFFFFFFFFFFFFFFFFFFF2B
:2055A000FFFFFFFFFFFFFFFFFFFFFFFFFFFFFFFFFFFFFFFFFFFFFFFFFFFFFFFFFFFFFFFF0B
:2055C000FFFFFFFFFFFFFFFFFFFFFFFFFFFFFFFFFFFFFFFFFFFFFFFFFFFFFFFFFFFFFFFFEB
:2055E000FFFFFFFFFFFFFFFFFFFFFFFFFFFFFFFFFFFFFFFFFFFFFFFFFFFFFFFFFFFFFFFFCB
:20560000FFFFFFFFFFFFFFFFFFFFFFFFFFFFFFFFFFFFFFFFFFFFFFFFFFFFFFFFFFFFFFFFAA
:20562000FFFFFFFFFFFFFFFFFFFFFFFFFFFFFFFFFFFFFFFFFFFFFFFFFFFFFFFFFFFFFFFF8A
:20564000FFFFFFFFFFFFFFFFFFFFFFFFFFFFFFFFFFFFFFFFFFFFFFFFFFFFFFFFFFFFFFFF6A
:20566000FFFFFFFFFFFFFFFFFFFFFFFFFFFFFFFFFFFFFFFFFFFFFFFFFFFFFFFFFFFFFFFF4A
:20568000FFFFFFFFFFFFFFFFFFFFFFFFFFFFFFFFFFFFFFFFFFFFFFFFFFFFFFFFFFFFFFFF2A
:2056A000FFFFFFFFFFFFFFFFFFFFFFFFFFFFFFFFFFFFFFFFFFFFFFFFFFFFFFFFFFFFFFFF0A
:2056C000FFFFFFFFFFFFFFFFFFFFFFFFFFFFFFFFFFFFFFFFFFFFFFFFFFFFFFFFFFFFFFFFEA
:2056E000FFFFFFFFFFFFFFFFFFFFFFFFFFFFFFFFFFFFFFFFFFFFFFFFFFFFFFFFFFFFFFFFCA
:20570000FFFFFFFFFFFFFFFFFFFFFFFFFFFFFFFFFFFFFFFFFFFFFFFFFFFFFFFFFFFFFFFFA9
:20572000FFFFFFFFFFFFFFFFFFFFFFFFFFFFFFFFFFFFFFFFFFFFFFFFFFFFFFFFFFFFFFFF89
:20574000FFFFFFFFFFFFFFFFFFFFFFFFFFFFFFFFFFFFFFFFFFFFFFFFFFFFFFFFFFFFFFFF69
:20576000FFFFFFFFFFFFFFFFFFFFFFFFFFFFFFFFFFFFFFFFFFFFFFFFFFFFFFFFFFFFFFFF49
:20578000FFFFFFFFFFFFFFFFFFFFFFFFFFFFFFFFFFFFFFFFFFFFFFFFFFFFFFFFFFFFFFFF29
:2057A000FFFFFFFFFFFFFFFFFFFFFFFFFFFFFFFFFFFFFFFFFFFFFFFFFFFFFFFFFFFFFFFF09
:2057C000FFFFFFFFFFFFFFFFFFFFFFFFFFFFFFFFFFFFFFFFFFFFFFFFFFFFFFFFFFFFFFFFE9
:2057E000FFFFFFFFFFFFFFFFFFFFFFFFFFFFFFFFFFFFFFFFFFFFFFFFFFFFFFFFFFFFFFFFC9
:20580000FFFFFFFFFFFFFFFFFFFFFFFFFFFFFFFFFFFFFFFFFFFFFFFFFFFFFFFFFFFFFFFFA8
:20582000FFFFFFFFFFFFFFFFFFFFFFFFFFFFFFFFFFFFFFFFFFFFFFFFFFFFFFFFFFFFFFFF88
:20584000FFFFFFFFFFFFFFFFFFFFFFFFFFFFFFFFFFFFFFFFFFFFFFFFFFFFFFFFFFFFFFFF68
:20586000FFFFFFFFFFFFFFFFFFFFFFFFFFFFFFFFFFFFFFFFFFFFFFFFFFFFFFFFFFFFFFFF48
:20588000FFFFFFFFFFFFFFFFFFFFFFFFFFFFFFFFFFFFFFFFFFFFFFFFFFFFFFFFFFFFFFFF28
:2058A000FFFFFFFFFFFFFFFFFFFFFFFFFFFFFFFFFFFFFFFFFFFFFFFFFFFFFFFFFFFFFFFF08
:2058C000FFFFFFFFFFFFFFFFFFFFFFFFFFFFFFFFFFFFFFFFFFFFFFFFFFFFFFFFFFFFFFFFE8
:2058E000FFFFFFFFFFFFFFFFFFFFFFFFFFFFFFFFFFFFFFFFFFFFFFFFFFFFFFFFFFFFFFFFC8
:20590000FFFFFFFFFFFFFFFFFFFFFFFFFFFFFFFFFFFFFFFFFFFFFFFFFFFFFFFFFFFFFFFFA7
:20592000FFFFFFFFFFFFFFFFFFFFFFFFFFFFFFFFFFFFFFFFFFFFFFFFFFFFFFFFFFFFFFFF87
:20594000FFFFFFFFFFFFFFFFFFFFFFFFFFFFFFFFFFFFFFFFFFFFFFFFFFFFFFFFFFFFFFFF67
:20596000FFFFFFFFFFFFFFFFFFFFFFFFFFFFFFFFFFFFFFFFFFFFFFFFFFFFFFFFFFFFFFFF47
:20598000FFFFFFFFFFFFFFFFFFFFFFFFFFFFFFFFFFFFFFFFFFFFFFFFFFFFFFFFFFFFFFFF27
:2059A000FFFFFFFFFFFFFFFFFFFFFFFFFFFFFFFFFFFFFFFFFFFFFFFFFFFFFFFFFFFFFFFF07
:2059C000FFFFFFFFFFFFFFFFFFFFFFFFFFFFFFFFFFFFFFFFFFFFFFFFFFFFFFFFFFFFFFFFE7
:2059E000FFFFFFFFFFFFFFFFFFFFFFFFFFFFFFFFFFFFFFFFFFFFFFFFFFFFFFFFFFFFFFFFC7
:205A0000FFFFFFFFFFFFFFFFFFFFFFFFFFFFFFFFFFFFFFFFFFFFFFFFFFFFFFFFFFFFFFFFA6
:205A2000FFFFFFFFFFFFFFFFFFFFFFFFFFFFFFFFFFFFFFFFFFFFFFFFFFFFFFFFFFFFFFFF86
:205A4000FFFFFFFFFFFFFFFFFFFFFFFFFFFFFFFFFFFFFFFFFFFFFFFFFFFFFFFFFFFFFFFF66
:205A6000FFFFFFFFFFFFFFFFFFFFFFFFFFFFFFFFFFFFFFFFFFFFFFFFFFFFFFFFFFFFFFFF46
:205A8000FFFFFFFFFFFFFFFFFFFFFFFFFFFFFFFFFFFFFFFFFFFFFFFFFFFFFFFFFFFFFFFF26
:205AA000FFFFFFFFFFFFFFFFFFFFFFFFFFFFFFFFFFFFFFFFFFFFFFFFFFFFFFFFFFFFFFFF06
:205AC000FFFFFFFFFFFFFFFFFFFFFFFFFFFFFFFFFFFFFFFFFFFFFFFFFFFFFFFFFFFFFFFFE6
:205AE000FFFFFFFFFFFFFFFFFFFFFFFFFFFFFFFFFFFFFFFFFFFFFFFFFFFFFFFFFFFFFFFFC6
:205B0000FFFFFFFFFFFFFFFFFFFFFFFFFFFFFFFFFFFFFFFFFFFFFFFFFFFFFFFFFFFFFFFFA5
:205B2000FFFFFFFFFFFFFFFFFFFFFFFFFFFFFFFFFFFFFFFFFFFFFFFFFFFFFFFFFFFFFFFF85
:205B4000FFFFFFFFFFFFFFFFFFFFFFFFFFFFFFFFFFFFFFFFFFFFFFFFFFFFFFFFFFFFFFFF65
:205B6000FFFFFFFFFFFFFFFFFFFFFFFFFFFFFFFFFFFFFFFFFFFFFFFFFFFFFFFFFFFFFFFF45
:205B8000FFFFFFFFFFFFFFFFFFFFFFFFFFFFFFFFFFFFFFFFFFFFFFFFFFFFFFFFFFFFFFFF25
:205BA000FFFFFFFFFFFFFFFFFFFFFFFFFFFFFFFFFFFFFFFFFFFFFFFFFFFFFFFFFFFFFFFF05
:205BC000FFFFFFFFFFFFFFFFFFFFFFFFFFFFFFFFFFFFFFFFFFFFFFFFFFFFFFFFFFFFFFFFE5
:205BE000FFFFFFFFFFFFFFFFFFFFFFFFFFFFFFFFFFFFFFFFFFFFFFFFFFFFFFFFFFFFFFFFC5
:205C0000FFFFFFFFFFFFFFFFFFFFFFFFFFFFFFFFFFFFFFFFFFFFFFFFFFFFFFFFFFFFFFFFA4
:205C2000FFFFFFFFFFFFFFFFFFFFFFFFFFFFFFFFFFFFFFFFFFFFFFFFFFFFFFFFFFFFFFFF84
:205C4000FFFFFFFFFFFFFFFFFFFFFFFFFFFFFFFFFFFFFFFFFFFFFFFFFFFFFFFFFFFFFFFF64
:205C6000FFFFFFFFFFFFFFFFFFFFFFFFFFFFFFFFFFFFFFFFFFFFFFFFFFFFFFFFFFFFFFFF44
:205C8000FFFFFFFFFFFFFFFFFFFFFFFFFFFFFFFFFFFFFFFFFFFFFFFFFFFFFFFFFFFFFFFF24
:205CA000FFFFFFFFFFFFFFFFFFFFFFFFFFFFFFFFFFFFFFFFFFFFFFFFFFFFFFFFFFFFFFFF04
:205CC000FFFFFFFFFFFFFFFFFFFFFFFFFFFFFFFFFFFFFFFFFFFFFFFFFFFFFFFFFFFFFFFFE4
:205CE000FFFFFFFFFFFFFFFFFFFFFFFFFFFFFFFFFFFFFFFFFFFFFFFFFFFFFFFFFFFFFFFFC4
:205D0000FFFFFFFFFFFFFFFFFFFFFFFFFFFFFFFFFFFFFFFFFFFFFFFFFFFFFFFFFFFFFFFFA3
:205D2000FFFFFFFFFFFFFFFFFFFFFFFFFFFFFFFFFFFFFFFFFFFFFFFFFFFFFFFFFFFFFFFF83
:205D4000FFFFFFFFFFFFFFFFFFFFFFFFFFFFFFFFFFFFFFFFFFFFFFFFFFFFFFFFFFFFFFFF63
:205D6000FFFFFFFFFFFFFFFFFFFFFFFFFFFFFFFFFFFFFFFFFFFFFFFFFFFFFFFFFFFFFFFF43
:205D8000FFFFFFFFFFFFFFFFFFFFFFFFFFFFFFFFFFFFFFFFFFFFFFFFFFFFFFFFFFFFFFFF23
:205DA000FFFFFFFFFFFFFFFFFFFFFFFFFFFFFFFFFFFFFFFFFFFFFFFFFFFFFFFFFFFFFFFF03
:205DC000FFFFFFFFFFFFFFFFFFFFFFFFFFFFFFFFFFFFFFFFFFFFFFFFFFFFFFFFFFFFFFFFE3
:205DE000FFFFFFFFFFFFFFFFFFFFFFFFFFFFFFFFFFFFFFFFFFFFFFFFFFFFFFFFFFFFFFFFC3
:205E0000FFFFFFFFFFFFFFFFFFFFFFFFFFFFFFFFFFFFFFFFFFFFFFFFFFFFFFFFFFFFFFFFA2
:205E2000FFFFFFFFFFFFFFFFFFFFFFFFFFFFFFFFFFFFFFFFFFFFFFFFFFFFFFFFFFFFFFFF82
:205E4000FFFFFFFFFFFFFFFFFFFFFFFFFFFFFFFFFFFFFFFFFFFFFFFFFFFFFFFFFFFFFFFF62
:205E6000FFFFFFFFFFFFFFFFFFFFFFFFFFFFFFFFFFFFFFFFFFFFFFFFFFFFFFFFFFFFFFFF42
:205E8000FFFFFFFFFFFFFFFFFFFFFFFFFFFFFFFFFFFFFFFFFFFFFFFFFFFFFFFFFFFFFFFF22
:205EA000FFFFFFFFFFFFFFFFFFFFFFFFFFFFFFFFFFFFFFFFFFFFFFFFFFFFFFFFFFFFFFFF02
:205EC000FFFFFFFFFFFFFFFFFFFFFFFFFFFFFFFFFFFFFFFFFFFFFFFFFFFFFFFFFFFFFFFFE2
:205EE000FFFFFFFFFFFFFFFFFFFFFFFFFFFFFFFFFFFFFFFFFFFFFFFFFFFFFFFFFFFFFFFFC2
:205F0000FFFFFFFFFFFFFFFFFFFFFFFFFFFFFFFFFFFFFFFFFFFFFFFFFFFFFFFFFFFFFFFFA1
:205F2000FFFFFFFFFFFFFFFFFFFFFFFFFFFFFFFFFFFFFFFFFFFFFFFFFFFFFFFFFFFFFFFF81
:205F4000FFFFFFFFFFFFFFFFFFFFFFFFFFFFFFFFFFFFFFFFFFFFFFFFFFFFFFFFFFFFFFFF61
:205F6000FFFFFFFFFFFFFFFFFFFFFFFFFFFFFFFFFFFFFFFFFFFFFFFFFFFFFFFFFFFFFFFF41
:205F8000FFFFFFFFFFFFFFFFFFFFFFFFFFFFFFFFFFFFFFFFFFFFFFFFFFFFFFFFFFFFFFFF21
:205FA000FFFFFFFFFFFFFFFFFFFFFFFFFFFFFFFFFFFFFFFFFFFFFFFFFFFFFFFFFFFFFFFF01
:205FC000FFFFFFFFFFFFFFFFFFFFFFFFFFFFFFFFFFFFFFFFFFFFFFFFFFFFFFFFFFFFFFFFE1
:205FE000FFFFFFFFFFFFFFFFFFFFFFFFFFFFFFFFFFFFFFFFFFFFFFFFFFFFFFFFFFFFFFFFC1
:20600000FFFFFFFFFFFFFFFFFFFFFFFFFFFFFFFFFFFFFFFFFFFFFFFFFFFFFFFFFFFFFFFFA0
:20602000FFFFFFFFFFFFFFFFFFFFFFFFFFFFFFFFFFFFFFFFFFFFFFFFFFFFFFFFFFFFFFFF80
:20604000FFFFFFFFFFFFFFFFFFFFFFFFFFFFFFFFFFFFFFFFFFFFFFFFFFFFFFFFFFFFFFFF60
:20606000FFFFFFFFFFFFFFFFFFFFFFFFFFFFFFFFFFFFFFFFFFFFFFFFFFFFFFFFFFFFFFFF40
:20608000FFFFFFFFFFFFFFFFFFFFFFFFFFFFFFFFFFFFFFFFFFFFFFFFFFFFFFFFFFFFFFFF20
:2060A000FFFFFFFFFFFFFFFFFFFFFFFFFFFFFFFFFFFFFFFFFFFFFFFFFFFFFFFFFFFFFFFF00
:2060C000FFFFFFFFFFFFFFFFFFFFFFFFFFFFFFFFFFFFFFFFFFFFFFFFFFFFFFFFFFFFFFFFE0
:2060E000FFFFFFFFFFFFFFFFFFFFFFFFFFFFFFFFFFFFFFFFFFFFFFFFFFFFFFFFFFFFFFFFC0
:20610000FFFFFFFFFFFFFFFFFFFFFFFFFFFFFFFFFFFFFFFFFFFFFFFFFFFFFFFFFFFFFFFF9F
:20612000FFFFFFFFFFFFFFFFFFFFFFFFFFFFFFFFFFFFFFFFFFFFFFFFFFFFFFFFFFFFFFFF7F
:20614000FFFFFFFFFFFFFFFFFFFFFFFFFFFFFFFFFFFFFFFFFFFFFFFFFFFFFFFFFFFFFFFF5F
:20616000FFFFFFFFFFFFFFFFFFFFFFFFFFFFFFFFFFFFFFFFFFFFFFFFFFFFFFFFFFFFFFFF3F
:20618000FFFFFFFFFFFFFFFFFFFFFFFFFFFFFFFFFFFFFFFFFFFFFFFFFFFFFFFFFFFFFFFF1F
:2061A000FFFFFFFFFFFFFFFFFFFFFFFFFFFFFFFFFFFFFFFFFFFFFFFFFFFFFFFFFFFFFFFFFF
:2061C000FFFFFFFFFFFFFFFFFFFFFFFFFFFFFFFFFFFFFFFFFFFFFFFFFFFFFFFFFFFFFFFFDF
:2061E000FFFFFFFFFFFFFFFFFFFFFFFFFFFFFFFFFFFFFFFFFFFFFFFFFFFFFFFFFFFFFFFFBF
:20620000FFFFFFFFFFFFFFFFFFFFFFFFFFFFFFFFFFFFFFFFFFFFFFFFFFFFFFFFFFFFFFFF9E
:20622000FFFFFFFFFFFFFFFFFFFFFFFFFFFFFFFFFFFFFFFFFFFFFFFFFFFFFFFFFFFFFFFF7E
:20624000FFFFFFFFFFFFFFFFFFFFFFFFFFFFFFFFFFFFFFFFFFFFFFFFFFFFFFFFFFFFFFFF5E
:20626000FFFFFFFFFFFFFFFFFFFFFFFFFFFFFFFFFFFFFFFFFFFFFFFFFFFFFFFFFFFFFFFF3E
:20628000FFFFFFFFFFFFFFFFFFFFFFFFFFFFFFFFFFFFFFFFFFFFFFFFFFFFFFFFFFFFFFFF1E
:2062A000FFFFFFFFFFFFFFFFFFFFFFFFFFFFFFFFFFFFFFFFFFFFFFFFFFFFFFFFFFFFFFFFFE
:2062C000FFFFFFFFFFFFFFFFFFFFFFFFFFFFFFFFFFFFFFFFFFFFFFFFFFFFFFFFFFFFFFFFDE
:2062E000FFFFFFFFFFFFFFFFFFFFFFFFFFFFFFFFFFFFFFFFFFFFFFFFFFFFFFFFFFFFFFFFBE
:20630000FFFFFFFFFFFFFFFFFFFFFFFFFFFFFFFFFFFFFFFFFFFFFFFFFFFFFFFFFFFFFFFF9D
:20632000FFFFFFFFFFFFFFFFFFFFFFFFFFFFFFFFFFFFFFFFFFFFFFFFFFFFFFFFFFFFFFFF7D
:20634000FFFFFFFFFFFFFFFFFFFFFFFFFFFFFFFFFFFFFFFFFFFFFFFFFFFFFFFFFFFFFFFF5D
:20636000FFFFFFFFFFFFFFFFFFFFFFFFFFFFFFFFFFFFFFFFFFFFFFFFFFFFFFFFFFFFFFFF3D
:20638000FFFFFFFFFFFFFFFFFFFFFFFFFFFFFFFFFFFFFFFFFFFFFFFFFFFFFFFFFFFFFFFF1D
:2063A000FFFFFFFFFFFFFFFFFFFFFFFFFFFFFFFFFFFFFFFFFFFFFFFFFFFFFFFFFFFFFFFFFD
:2063C000FFFFFFFFFFFFFFFFFFFFFFFFFFFFFFFFFFFFFFFFFFFFFFFFFFFFFFFFFFFFFFFFDD
:2063E000FFFFFFFFFFFFFFFFFFFFFFFFFFFFFFFFFFFFFFFFFFFFFFFFFFFFFFFFFFFFFFFFBD
:20640000FFFFFFFFFFFFFFFFFFFFFFFFFFFFFFFFFFFFFFFFFFFFFFFFFFFFFFFFFFFFFFFF9C
:20642000FFFFFFFFFFFFFFFFFFFFFFFFFFFFFFFFFFFFFFFFFFFFFFFFFFFFFFFFFFFFFFFF7C
:20644000FFFFFFFFFFFFFFFFFFFFFFFFFFFFFFFFFFFFFFFFFFFFFFFFFFFFFFFFFFFFFFFF5C
:20646000FFFFFFFFFFFFFFFFFFFFFFFFFFFFFFFFFFFFFFFFFFFFFFFFFFFFFFFFFFFFFFFF3C
:20648000FFFFFFFFFFFFFFFFFFFFFFFFFFFFFFFFFFFFFFFFFFFFFFFFFFFFFFFFFFFFFFFF1C
:2064A000FFFFFFFFFFFFFFFFFFFFFFFFFFFFFFFFFFFFFFFFFFFFFFFFFFFFFFFFFFFFFFFFFC
:2064C000FFFFFFFFFFFFFFFFFFFFFFFFFFFFFFFFFFFFFFFFFFFFFFFFFFFFFFFFFFFFFFFFDC
:2064E000FFFFFFFFFFFFFFFFFFFFFFFFFFFFFFFFFFFFFFFFFFFFFFFFFFFFFFFFFFFFFFFFBC
:20650000FFFFFFFFFFFFFFFFFFFFFFFFFFFFFFFFFFFFFFFFFFFFFFFFFFFFFFFFFFFFFFFF9B
:20652000FFFFFFFFFFFFFFFFFFFFFFFFFFFFFFFFFFFFFFFFFFFFFFFFFFFFFFFFFFFFFFFF7B
:20654000FFFFFFFFFFFFFFFFFFFFFFFFFFFFFFFFFFFFFFFFFFFFFFFFFFFFFFFFFFFFFFFF5B
:20656000FFFFFFFFFFFFFFFFFFFFFFFFFFFFFFFFFFFFFFFFFFFFFFFFFFFFFFFFFFFFFFFF3B
:20658000FFFFFFFFFFFFFFFFFFFFFFFFFFFFFFFFFFFFFFFFFFFFFFFFFFFFFFFFFFFFFFFF1B
:2065A000FFFFFFFFFFFFFFFFFFFFFFFFFFFFFFFFFFFFFFFFFFFFFFFFFFFFFFFFFFFFFFFFFB
:2065C000FFFFFFFFFFFFFFFFFFFFFFFFFFFFFFFFFFFFFFFFFFFFFFFFFFFFFFFFFFFFFFFFDB
:2065E000FFFFFFFFFFFFFFFFFFFFFFFFFFFFFFFFFFFFFFFFFFFFFFFFFFFFFFFFFFFFFFFFBB
:20660000FFFFFFFFFFFFFFFFFFFFFFFFFFFFFFFFFFFFFFFFFFFFFFFFFFFFFFFFFFFFFFFF9A
:20662000FFFFFFFFFFFFFFFFFFFFFFFFFFFFFFFFFFFFFFFFFFFFFFFFFFFFFFFFFFFFFFFF7A
:20664000FFFFFFFFFFFFFFFFFFFFFFFFFFFFFFFFFFFFFFFFFFFFFFFFFFFFFFFFFFFFFFFF5A
:20666000FFFFFFFFFFFFFFFFFFFFFFFFFFFFFFFFFFFFFFFFFFFFFFFFFFFFFFFFFFFFFFFF3A
:20668000FFFFFFFFFFFFFFFFFFFFFFFFFFFFFFFFFFFFFFFFFFFFFFFFFFFFFFFFFFFFFFFF1A
:2066A000FFFFFFFFFFFFFFFFFFFFFFFFFFFFFFFFFFFFFFFFFFFFFFFFFFFFFFFFFFFFFFFFFA
:2066C000FFFFFFFFFFFFFFFFFFFFFFFFFFFFFFFFFFFFFFFFFFFFFFFFFFFFFFFFFFFFFFFFDA
:2066E000FFFFFFFFFFFFFFFFFFFFFFFFFFFFFFFFFFFFFFFFFFFFFFFFFFFFFFFFFFFFFFFFBA
:20670000FFFFFFFFFFFFFFFFFFFFFFFFFFFFFFFFFFFFFFFFFFFFFFFFFFFFFFFFFFFFFFFF99
:20672000FFFFFFFFFFFFFFFFFFFFFFFFFFFFFFFFFFFFFFFFFFFFFFFFFFFFFFFFFFFFFFFF79
:20674000FFFFFFFFFFFFFFFFFFFFFFFFFFFFFFFFFFFFFFFFFFFFFFFFFFFFFFFFFFFFFFFF59
:20676000FFFFFFFFFFFFFFFFFFFFFFFFFFFFFFFFFFFFFFFFFFFFFFFFFFFFFFFFFFFFFFFF39
:20678000FFFFFFFFFFFFFFFFFFFFFFFFFFFFFFFFFFFFFFFFFFFFFFFFFFFFFFFFFFFFFFFF19
:2067A000FFFFFFFFFFFFFFFFFFFFFFFFFFFFFFFFFFFFFFFFFFFFFFFFFFFFFFFFFFFFFFFFF9
:2067C000FFFFFFFFFFFFFFFFFFFFFFFFFFFFFFFFFFFFFFFFFFFFFFFFFFFFFFFFFFFFFFFFD9
:2067E000FFFFFFFFFFFFFFFFFFFFFFFFFFFFFFFFFFFFFFFFFFFFFFFFFFFFFFFFFFFFFFFFB9
:20680000FFFFFFFFFFFFFFFFFFFFFFFFFFFFFFFFFFFFFFFFFFFFFFFFFFFFFFFFFFFFFFFF98
:20682000FFFFFFFFFFFFFFFFFFFFFFFFFFFFFFFFFFFFFFFFFFFFFFFFFFFFFFFFFFFFFFFF78
:20684000FFFFFFFFFFFFFFFFFFFFFFFFFFFFFFFFFFFFFFFFFFFFFFFFFFFFFFFFFFFFFFFF58
:20686000FFFFFFFFFFFFFFFFFFFFFFFFFFFFFFFFFFFFFFFFFFFFFFFFFFFFFFFFFFFFFFFF38
:20688000FFFFFFFFFFFFFFFFFFFFFFFFFFFFFFFFFFFFFFFFFFFFFFFFFFFFFFFFFFFFFFFF18
:2068A000FFFFFFFFFFFFFFFFFFFFFFFFFFFFFFFFFFFFFFFFFFFFFFFFFFFFFFFFFFFFFFFFF8
:2068C000FFFFFFFFFFFFFFFFFFFFFFFFFFFFFFFFFFFFFFFFFFFFFFFFFFFFFFFFFFFFFFFFD8
:2068E000FFFFFFFFFFFFFFFFFFFFFFFFFFFFFFFFFFFFFFFFFFFFFFFFFFFFFFFFFFFFFFFFB8
:20690000FFFFFFFFFFFFFFFFFFFFFFFFFFFFFFFFFFFFFFFFFFFFFFFFFFFFFFFFFFFFFFFF97
:20692000FFFFFFFFFFFFFFFFFFFFFFFFFFFFFFFFFFFFFFFFFFFFFFFFFFFFFFFFFFFFFFFF77
:20694000FFFFFFFFFFFFFFFFFFFFFFFFFFFFFFFFFFFFFFFFFFFFFFFFFFFFFFFFFFFFFFFF57
:20696000FFFFFFFFFFFFFFFFFFFFFFFFFFFFFFFFFFFFFFFFFFFFFFFFFFFFFFFFFFFFFFFF37
:20698000FFFFFFFFFFFFFFFFFFFFFFFFFFFFFFFFFFFFFFFFFFFFFFFFFFFFFFFFFFFFFFFF17
:2069A000FFFFFFFFFFFFFFFFFFFFFFFFFFFFFFFFFFFFFFFFFFFFFFFFFFFFFFFFFFFFFFFFF7
:2069C000FFFFFFFFFFFFFFFFFFFFFFFFFFFFFFFFFFFFFFFFFFFFFFFFFFFFFFFFFFFFFFFFD7
:2069E000FFFFFFFFFFFFFFFFFFFFFFFFFFFFFFFFFFFFFFFFFFFFFFFFFFFFFFFFFFFFFFFFB7
:206A0000FFFFFFFFFFFFFFFFFFFFFFFFFFFFFFFFFFFFFFFFFFFFFFFFFFFFFFFFFFFFFFFF96
:206A2000FFFFFFFFFFFFFFFFFFFFFFFFFFFFFFFFFFFFFFFFFFFFFFFFFFFFFFFFFFFFFFFF76
:206A4000FFFFFFFFFFFFFFFFFFFFFFFFFFFFFFFFFFFFFFFFFFFFFFFFFFFFFFFFFFFFFFFF56
:206A6000FFFFFFFFFFFFFFFFFFFFFFFFFFFFFFFFFFFFFFFFFFFFFFFFFFFFFFFFFFFFFFFF36
:206A8000FFFFFFFFFFFFFFFFFFFFFFFFFFFFFFFFFFFFFFFFFFFFFFFFFFFFFFFFFFFFFFFF16
:206AA000FFFFFFFFFFFFFFFFFFFFFFFFFFFFFFFFFFFFFFFFFFFFFFFFFFFFFFFFFFFFFFFFF6
:206AC000FFFFFFFFFFFFFFFFFFFFFFFFFFFFFFFFFFFFFFFFFFFFFFFFFFFFFFFFFFFFFFFFD6
:206AE000FFFFFFFFFFFFFFFFFFFFFFFFFFFFFFFFFFFFFFFFFFFFFFFFFFFFFFFFFFFFFFFFB6
:206B0000FFFFFFFFFFFFFFFFFFFFFFFFFFFFFFFFFFFFFFFFFFFFFFFFFFFFFFFFFFFFFFFF95
:206B2000FFFFFFFFFFFFFFFFFFFFFFFFFFFFFFFFFFFFFFFFFFFFFFFFFFFFFFFFFFFFFFFF75
:206B4000FFFFFFFFFFFFFFFFFFFFFFFFFFFFFFFFFFFFFFFFFFFFFFFFFFFFFFFFFFFFFFFF55
:206B6000FFFFFFFFFFFFFFFFFFFFFFFFFFFFFFFFFFFFFFFFFFFFFFFFFFFFFFFFFFFFFFFF35
:206B8000FFFFFFFFFFFFFFFFFFFFFFFFFFFFFFFFFFFFFFFFFFFFFFFFFFFFFFFFFFFFFFFF15
:206BA000FFFFFFFFFFFFFFFFFFFFFFFFFFFFFFFFFFFFFFFFFFFFFFFFFFFFFFFFFFFFFFFFF5
:206BC000FFFFFFFFFFFFFFFFFFFFFFFFFFFFFFFFFFFFFFFFFFFFFFFFFFFFFFFFFFFFFFFFD5
:206BE000FFFFFFFFFFFFFFFFFFFFFFFFFFFFFFFFFFFFFFFFFFFFFFFFFFFFFFFFFFFFFFFFB5
:206C0000FFFFFFFFFFFFFFFFFFFFFFFFFFFFFFFFFFFFFFFFFFFFFFFFFFFFFFFFFFFFFFFF94
:206C2000FFFFFFFFFFFFFFFFFFFFFFFFFFFFFFFFFFFFFFFFFFFFFFFFFFFFFFFFFFFFFFFF74
:206C4000FFFFFFFFFFFFFFFFFFFFFFFFFFFFFFFFFFFFFFFFFFFFFFFFFFFFFFFFFFFFFFFF54
:206C6000FFFFFFFFFFFFFFFFFFFFFFFFFFFFFFFFFFFFFFFFFFFFFFFFFFFFFFFFFFFFFFFF34
:206C8000FFFFFFFFFFFFFFFFFFFFFFFFFFFFFFFFFFFFFFFFFFFFFFFFFFFFFFFFFFFFFFFF14
:206CA000FFFFFFFFFFFFFFFFFFFFFFFFFFFFFFFFFFFFFFFFFFFFFFFFFFFFFFFFFFFFFFFFF4
:206CC000FFFFFFFFFFFFFFFFFFFFFFFFFFFFFFFFFFFFFFFFFFFFFFFFFFFFFFFFFFFFFFFFD4
:206CE000FFFFFFFFFFFFFFFFFFFFFFFFFFFFFFFFFFFFFFFFFFFFFFFFFFFFFFFFFFFFFFFFB4
:206D0000FFFFFFFFFFFFFFFFFFFFFFFFFFFFFFFFFFFFFFFFFFFFFFFFFFFFFFFFFFFFFFFF93
:206D2000FFFFFFFFFFFFFFFFFFFFFFFFFFFFFFFFFFFFFFFFFFFFFFFFFFFFFFFFFFFFFFFF73
:206D4000FFFFFFFFFFFFFFFFFFFFFFFFFFFFFFFFFFFFFFFFFFFFFFFFFFFFFFFFFFFFFFFF53
:206D6000FFFFFFFFFFFFFFFFFFFFFFFFFFFFFFFFFFFFFFFFFFFFFFFFFFFFFFFFFFFFFFFF33
:206D8000FFFFFFFFFFFFFFFFFFFFFFFFFFFFFFFFFFFFFFFFFFFFFFFFFFFFFFFFFFFFFFFF13
:206DA000FFFFFFFFFFFFFFFFFFFFFFFFFFFFFFFFFFFFFFFFFFFFFFFFFFFFFFFFFFFFFFFFF3
:206DC000FFFFFFFFFFFFFFFFFFFFFFFFFFFFFFFFFFFFFFFFFFFFFFFFFFFFFFFFFFFFFFFFD3
:206DE000FFFFFFFFFFFFFFFFFFFFFFFFFFFFFFFFFFFFFFFFFFFFFFFFFFFFFFFFFFFFFFFFB3
:206E0000FFFFFFFFFFFFFFFFFFFFFFFFFFFFFFFFFFFFFFFFFFFFFFFFFFFFFFFFFFFFFFFF92
:206E2000FFFFFFFFFFFFFFFFFFFFFFFFFFFFFFFFFFFFFFFFFFFFFFFFFFFFFFFFFFFFFFFF72
:206E4000FFFFFFFFFFFFFFFFFFFFFFFFFFFFFFFFFFFFFFFFFFFFFFFFFFFFFFFFFFFFFFFF52
:206E6000FFFFFFFFFFFFFFFFFFFFFFFFFFFFFFFFFFFFFFFFFFFFFFFFFFFFFFFFFFFFFFFF32
:206E8000FFFFFFFFFFFFFFFFFFFFFFFFFFFFFFFFFFFFFFFFFFFFFFFFFFFFFFFFFFFFFFFF12
:206EA000FFFFFFFFFFFFFFFFFFFFFFFFFFFFFFFFFFFFFFFFFFFFFFFFFFFFFFFFFFFFFFFFF2
:206EC000FFFFFFFFFFFFFFFFFFFFFFFFFFFFFFFFFFFFFFFFFFFFFFFFFFFFFFFFFFFFFFFFD2
:206EE000FFFFFFFFFFFFFFFFFFFFFFFFFFFFFFFFFFFFFFFFFFFFFFFFFFFFFFFFFFFFFFFFB2
:206F0000FFFFFFFFFFFFFFFFFFFFFFFFFFFFFFFFFFFFFFFFFFFFFFFFFFFFFFFFFFFFFFFF91
:206F2000FFFFFFFFFFFFFFFFFFFFFFFFFFFFFFFFFFFFFFFFFFFFFFFFFFFFFFFFFFFFFFFF71
:206F4000FFFFFFFFFFFFFFFFFFFFFFFFFFFFFFFFFFFFFFFFFFFFFFFFFFFFFFFFFFFFFFFF51
:206F6000FFFFFFFFFFFFFFFFFFFFFFFFFFFFFFFFFFFFFFFFFFFFFFFFFFFFFFFFFFFFFFFF31
:206F8000FFFFFFFFFFFFFFFFFFFFFFFFFFFFFFFFFFFFFFFFFFFFFFFFFFFFFFFFFFFFFFFF11
:206FA000FFFFFFFFFFFFFFFFFFFFFFFFFFFFFFFFFFFFFFFFFFFFFFFFFFFFFFFFFFFFFFFFF1
:206FC000FFFFFFFFFFFFFFFFFFFFFFFFFFFFFFFFFFFFFFFFFFFFFFFFFFFFFFFFFFFFFFFFD1
:206FE000FFFFFFFFFFFFFFFFFFFFFFFFFFFFFFFFFFFFFFFFFFFFFFFFFFFFFFFFFFFFFFFFB1
:20700000FFFFFFFFFFFFFFFFFFFFFFFFFFFFFFFFFFFFFFFFFFFFFFFFFFFFFFFFFFFFFFFF90
:20702000FFFFFFFFFFFFFFFFFFFFFFFFFFFFFFFFFFFFFFFFFFFFFFFFFFFFFFFFFFFFFFFF70
:20704000FFFFFFFFFFFFFFFFFFFFFFFFFFFFFFFFFFFFFFFFFFFFFFFFFFFFFFFFFFFFFFFF50
:20706000FFFFFFFFFFFFFFFFFFFFFFFFFFFFFFFFFFFFFFFFFFFFFFFFFFFFFFFFFFFFFFFF30
:20708000FFFFFFFFFFFFFFFFFFFFFFFFFFFFFFFFFFFFFFFFFFFFFFFFFFFFFFFFFFFFFFFF10
:2070A000FFFFFFFFFFFFFFFFFFFFFFFFFFFFFFFFFFFFFFFFFFFFFFFFFFFFFFFFFFFFFFFFF0
:2070C000FFFFFFFFFFFFFFFFFFFFFFFFFFFFFFFFFFFFFFFFFFFFFFFFFFFFFFFFFFFFFFFFD0
:2070E000FFFFFFFFFFFFFFFFFFFFFFFFFFFFFFFFFFFFFFFFFFFFFFFFFFFFFFFFFFFFFFFFB0
:20710000FFFFFFFFFFFFFFFFFFFFFFFFFFFFFFFFFFFFFFFFFFFFFFFFFFFFFFFFFFFFFFFF8F
:20712000FFFFFFFFFFFFFFFFFFFFFFFFFFFFFFFFFFFFFFFFFFFFFFFFFFFFFFFFFFFFFFFF6F
:20714000FFFFFFFFFFFFFFFFFFFFFFFFFFFFFFFFFFFFFFFFFFFFFFFFFFFFFFFFFFFFFFFF4F
:20716000FFFFFFFFFFFFFFFFFFFFFFFFFFFFFFFFFFFFFFFFFFFFFFFFFFFFFFFFFFFFFFFF2F
:20718000FFFFFFFFFFFFFFFFFFFFFFFFFFFFFFFFFFFFFFFFFFFFFFFFFFFFFFFFFFFFFFFF0F
:2071A000FFFFFFFFFFFFFFFFFFFFFFFFFFFFFFFFFFFFFFFFFFFFFFFFFFFFFFFFFFFFFFFFEF
:2071C000FFFFFFFFFFFFFFFFFFFFFFFFFFFFFFFFFFFFFFFFFFFFFFFFFFFFFFFFFFFFFFFFCF
:2071E000FFFFFFFFFFFFFFFFFFFFFFFFFFFFFFFFFFFFFFFFFFFFFFFFFFFFFFFFFFFFFFFFAF
:20720000FFFFFFFFFFFFFFFFFFFFFFFFFFFFFFFFFFFFFFFFFFFFFFFFFFFFFFFFFFFFFFFF8E
:20722000FFFFFFFFFFFFFFFFFFFFFFFFFFFFFFFFFFFFFFFFFFFFFFFFFFFFFFFFFFFFFFFF6E
:20724000FFFFFFFFFFFFFFFFFFFFFFFFFFFFFFFFFFFFFFFFFFFFFFFFFFFFFFFFFFFFFFFF4E
:20726000FFFFFFFFFFFFFFFFFFFFFFFFFFFFFFFFFFFFFFFFFFFFFFFFFFFFFFFFFFFFFFFF2E
:20728000FFFFFFFFFFFFFFFFFFFFFFFFFFFFFFFFFFFFFFFFFFFFFFFFFFFFFFFFFFFFFFFF0E
:2072A000FFFFFFFFFFFFFFFFFFFFFFFFFFFFFFFFFFFFFFFFFFFFFFFFFFFFFFFFFFFFFFFFEE
:2072C000FFFFFFFFFFFFFFFFFFFFFFFFFFFFFFFFFFFFFFFFFFFFFFFFFFFFFFFFFFFFFFFFCE
:2072E000FFFFFFFFFFFFFFFFFFFFFFFFFFFFFFFFFFFFFFFFFFFFFFFFFFFFFFFFFFFFFFFFAE
:20730000FFFFFFFFFFFFFFFFFFFFFFFFFFFFFFFFFFFFFFFFFFFFFFFFFFFFFFFFFFFFFFFF8D
:20732000FFFFFFFFFFFFFFFFFFFFFFFFFFFFFFFFFFFFFFFFFFFFFFFFFFFFFFFFFFFFFFFF6D
:20734000FFFFFFFFFFFFFFFFFFFFFFFFFFFFFFFFFFFFFFFFFFFFFFFFFFFFFFFFFFFFFFFF4D
:20736000FFFFFFFFFFFFFFFFFFFFFFFFFFFFFFFFFFFFFFFFFFFFFFFFFFFFFFFFFFFFFFFF2D
:20738000FFFFFFFFFFFFFFFFFFFFFFFFFFFFFFFFFFFFFFFFFFFFFFFFFFFFFFFFFFFFFFFF0D
:2073A000FFFFFFFFFFFFFFFFFFFFFFFFFFFFFFFFFFFFFFFFFFFFFFFFFFFFFFFFFFFFFFFFED
:2073C000FFFFFFFFFFFFFFFFFFFFFFFFFFFFFFFFFFFFFFFFFFFFFFFFFFFFFFFFFFFFFFFFCD
:2073E000FFFFFFFFFFFFFFFFFFFFFFFFFFFFFFFFFFFFFFFFFFFFFFFFFFFFFFFFFFFFFFFFAD
:20740000FFFFFFFFFFFFFFFFFFFFFFFFFFFFFFFFFFFFFFFFFFFFFFFFFFFFFFFFFFFFFFFF8C
:20742000FFFFFFFFFFFFFFFFFFFFFFFFFFFFFFFFFFFFFFFFFFFFFFFFFFFFFFFFFFFFFFFF6C
:20744000FFFFFFFFFFFFFFFFFFFFFFFFFFFFFFFFFFFFFFFFFFFFFFFFFFFFFFFFFFFFFFFF4C
:20746000FFFFFFFFFFFFFFFFFFFFFFFFFFFFFFFFFFFFFFFFFFFFFFFFFFFFFFFFFFFFFFFF2C
:20748000FFFFFFFFFFFFFFFFFFFFFFFFFFFFFFFFFFFFFFFFFFFFFFFFFFFFFFFFFFFFFFFF0C
:2074A000FFFFFFFFFFFFFFFFFFFFFFFFFFFFFFFFFFFFFFFFFFFFFFFFFFFFFFFFFFFFFFFFEC
:2074C000FFFFFFFFFFFFFFFFFFFFFFFFFFFFFFFFFFFFFFFFFFFFFFFFFFFFFFFFFFFFFFFFCC
:2074E000FFFFFFFFFFFFFFFFFFFFFFFFFFFFFFFFFFFFFFFFFFFFFFFFFFFFFFFFFFFFFFFFAC
:20750000FFFFFFFFFFFFFFFFFFFFFFFFFFFFFFFFFFFFFFFFFFFFFFFFFFFFFFFFFFFFFFFF8B
:20752000FFFFFFFFFFFFFFFFFFFFFFFFFFFFFFFFFFFFFFFFFFFFFFFFFFFFFFFFFFFFFFFF6B
:20754000FFFFFFFFFFFFFFFFFFFFFFFFFFFFFFFFFFFFFFFFFFFFFFFFFFFFFFFFFFFFFFFF4B
:20756000FFFFFFFFFFFFFFFFFFFFFFFFFFFFFFFFFFFFFFFFFFFFFFFFFFFFFFFFFFFFFFFF2B
:20758000FFFFFFFFFFFFFFFFFFFFFFFFFFFFFFFFFFFFFFFFFFFFFFFFFFFFFFFFFFFFFFFF0B
:2075A000FFFFFFFFFFFFFFFFFFFFFFFFFFFFFFFFFFFFFFFFFFFFFFFFFFFFFFFFFFFFFFFFEB
:2075C000FFFFFFFFFFFFFFFFFFFFFFFFFFFFFFFFFFFFFFFFFFFFFFFFFFFFFFFFFFFFFFFFCB
:2075E000FFFFFFFFFFFFFFFFFFFFFFFFFFFFFFFFFFFFFFFFFFFFFFFFFFFFFFFFFFFFFFFFAB
:20760000FFFFFFFFFFFFFFFFFFFFFFFFFFFFFFFFFFFFFFFFFFFFFFFFFFFFFFFFFFFFFFFF8A
:20762000FFFFFFFFFFFFFFFFFFFFFFFFFFFFFFFFFFFFFFFFFFFFFFFFFFFFFFFFFFFFFFFF6A
:20764000FFFFFFFFFFFFFFFFFFFFFFFFFFFFFFFFFFFFFFFFFFFFFFFFFFFFFFFFFFFFFFFF4A
:20766000FFFFFFFFFFFFFFFFFFFFFFFFFFFFFFFFFFFFFFFFFFFFFFFFFFFFFFFFFFFFFFFF2A
:20768000FFFFFFFFFFFFFFFFFFFFFFFFFFFFFFFFFFFFFFFFFFFFFFFFFFFFFFFFFFFFFFFF0A
:2076A000FFFFFFFFFFFFFFFFFFFFFFFFFFFFFFFFFFFFFFFFFFFFFFFFFFFFFFFFFFFFFFFFEA
:2076C000FFFFFFFFFFFFFFFFFFFFFFFFFFFFFFFFFFFFFFFFFFFFFFFFFFFFFFFFFFFFFFFFCA
:2076E000FFFFFFFFFFFFFFFFFFFFFFFFFFFFFFFFFFFFFFFFFFFFFFFFFFFFFFFFFFFFFFFFAA
:20770000FFFFFFFFFFFFFFFFFFFFFFFFFFFFFFFFFFFFFFFFFFFFFFFFFFFFFFFFFFFFFFFF89
:20772000FFFFFFFFFFFFFFFFFFFFFFFFFFFFFFFFFFFFFFFFFFFFFFFFFFFFFFFFFFFFFFFF69
:20774000FFFFFFFFFFFFFFFFFFFFFFFFFFFFFFFFFFFFFFFFFFFFFFFFFFFFFFFFFFFFFFFF49
:20776000FFFFFFFFFFFFFFFFFFFFFFFFFFFFFFFFFFFFFFFFFFFFFFFFFFFFFFFFFFFFFFFF29
:20778000FFFFFFFFFFFFFFFFFFFFFFFFFFFFFFFFFFFFFFFFFFFFFFFFFFFFFFFFFFFFFFFF09
:2077A000FFFFFFFFFFFFFFFFFFFFFFFFFFFFFFFFFFFFFFFFFFFFFFFFFFFFFFFFFFFFFFFFE9
:2077C000FFFFFFFFFFFFFFFFFFFFFFFFFFFFFFFFFFFFFFFFFFFFFFFFFFFFFFFFFFFFFFFFC9
:2077E000FFFFFFFFFFFFFFFFFFFFFFFFFFFFFFFFFFFFFFFFFFFFFFFFFFFFFFFFFFFFFFFFA9
:20780000FFFFFFFFFFFFFFFFFFFFFFFFFFFFFFFFFFFFFFFFFFFFFFFFFFFFFFFFFFFFFFFF88
:20782000FFFFFFFFFFFFFFFFFFFFFFFFFFFFFFFFFFFFFFFFFFFFFFFFFFFFFFFFFFFFFFFF68
:20784000FFFFFFFFFFFFFFFFFFFFFFFFFFFFFFFFFFFFFFFFFFFFFFFFFFFFFFFFFFFFFFFF48
:20786000FFFFFFFFFFFFFFFFFFFFFFFFFFFFFFFFFFFFFFFFFFFFFFFFFFFFFFFFFFFFFFFF28
:20788000FFFFFFFFFFFFFFFFFFFFFFFFFFFFFFFFFFFFFFFFFFFFFFFFFFFFFFFFFFFFFFFF08
:2078A000FFFFFFFFFFFFFFFFFFFFFFFFFFFFFFFFFFFFFFFFFFFFFFFFFFFFFFFFFFFFFFFFE8
:2078C000FFFFFFFFFFFFFFFFFFFFFFFFFFFFFFFFFFFFFFFFFFFFFFFFFFFFFFFFFFFFFFFFC8
:2078E000FFFFFFFFFFFFFFFFFFFFFFFFFFFFFFFFFFFFFFFFFFFFFFFFFFFFFFFFFFFFFFFFA8
:20790000FFFFFFFFFFFFFFFFFFFFFFFFFFFFFFFFFFFFFFFFFFFFFFFFFFFFFFFFFFFFFFFF87
:20792000FFFFFFFFFFFFFFFFFFFFFFFFFFFFFFFFFFFFFFFFFFFFFFFFFFFFFFFFFFFFFFFF67
:20794000FFFFFFFFFFFFFFFFFFFFFFFFFFFFFFFFFFFFFFFFFFFFFFFFFFFFFFFFFFFFFFFF47
:20796000FFFFFFFFFFFFFFFFFFFFFFFFFFFFFFFFFFFFFFFFFFFFFFFFFFFFFFFFFFFFFFFF27
:20798000FFFFFFFFFFFFFFFFFFFFFFFFFFFFFFFFFFFFFFFFFFFFFFFFFFFFFFFFFFFFFFFF07
:2079A000FFFFFFFFFFFFFFFFFFFFFFFFFFFFFFFFFFFFFFFFFFFFFFFFFFFFFFFFFFFFFFFFE7
:2079C000FFFFFFFFFFFFFFFFFFFFFFFFFFFFFFFFFFFFFFFFFFFFFFFFFFFFFFFFFFFFFFFFC7
:2079E000FFFFFFFFFFFFFFFFFFFFFFFFFFFFFFFFFFFFFFFFFFFFFFFFFFFFFFFFFFFFFFFFA7
:207A0000FFFFFFFFFFFFFFFFFFFFFFFFFFFFFFFFFFFFFFFFFFFFFFFFFFFFFFFFFFFFFFFF86
:207A2000FFFFFFFFFFFFFFFFFFFFFFFFFFFFFFFFFFFFFFFFFFFFFFFFFFFFFFFFFFFFFFFF66
:207A4000FFFFFFFFFFFFFFFFFFFFFFFFFFFFFFFFFFFFFFFFFFFFFFFFFFFFFFFFFFFFFFFF46
:207A6000FFFFFFFFFFFFFFFFFFFFFFFFFFFFFFFFFFFFFFFFFFFFFFFFFFFFFFFFFFFFFFFF26
:207A8000FFFFFFFFFFFFFFFFFFFFFFFFFFFFFFFFFFFFFFFFFFFFFFFFFFFFFFFFFFFFFFFF06
:207AA000FFFFFFFFFFFFFFFFFFFFFFFFFFFFFFFFFFFFFFFFFFFFFFFFFFFFFFFFFFFFFFFFE6
:207AC000FFFFFFFFFFFFFFFFFFFFFFFFFFFFFFFFFFFFFFFFFFFFFFFFFFFFFFFFFFFFFFFFC6
:207AE000FFFFFFFFFFFFFFFFFFFFFFFFFFFFFFFFFFFFFFFFFFFFFFFFFFFFFFFFFFFFFFFFA6
:207B0000FFFFFFFFFFFFFFFFFFFFFFFFFFFFFFFFFFFFFFFFFFFFFFFFFFFFFFFFFFFFFFFF85
:207B2000FFFFFFFFFFFFFFFFFFFFFFFFFFFFFFFFFFFFFFFFFFFFFFFFFFFFFFFFFFFFFFFF65
:207B4000FFFFFFFFFFFFFFFFFFFFFFFFFFFFFFFFFFFFFFFFFFFFFFFFFFFFFFFFFFFFFFFF45
:207B6000FFFFFFFFFFFFFFFFFFFFFFFFFFFFFFFFFFFFFFFFFFFFFFFFFFFFFFFFFFFFFFFF25
:207B8000FFFFFFFFFFFFFFFFFFFFFFFFFFFFFFFFFFFFFFFFFFFFFFFFFFFFFFFFFFFFFFFF05
:207BA000FFFFFFFFFFFFFFFFFFFFFFFFFFFFFFFFFFFFFFFFFFFFFFFFFFFFFFFFFFFFFFFFE5
:207BC000FFFFFFFFFFFFFFFFFFFFFFFFFFFFFFFFFFFFFFFFFFFFFFFFFFFFFFFFFFFFFFFFC5
:207BE000FFFFFFFFFFFFFFFFFFFFFFFFFFFFFFFFFFFFFFFFFFFFFFFFFFFFFFFFFFFFFFFFA5
:207C0000FFFFFFFFFFFFFFFFFFFFFFFFFFFFFFFFFFFFFFFFFFFFFFFFFFFFFFFFFFFFFFFF84
:207C2000FFFFFFFFFFFFFFFFFFFFFFFFFFFFFFFFFFFFFFFFFFFFFFFFFFFFFFFFFFFFFFFF64
:207C4000FFFFFFFFFFFFFFFFFFFFFFFFFFFFFFFFFFFFFFFFFFFFFFFFFFFFFFFFFFFFFFFF44
:207C6000FFFFFFFFFFFFFFFFFFFFFFFFFFFFFFFFFFFFFFFFFFFFFFFFFFFFFFFFFFFFFFFF24
:207C8000FFFFFFFFFFFFFFFFFFFFFFFFFFFFFFFFFFFFFFFFFFFFFFFFFFFFFFFFFFFFFFFF04
:207CA000FFFFFFFFFFFFFFFFFFFFFFFFFFFFFFFFFFFFFFFFFFFFFFFFFFFFFFFFFFFFFFFFE4
:207CC000FFFFFFFFFFFFFFFFFFFFFFFFFFFFFFFFFFFFFFFFFFFFFFFFFFFFFFFFFFFFFFFFC4
:207CE000FFFFFFFFFFFFFFFFFFFFFFFFFFFFFFFFFFFFFFFFFFFFFFFFFFFFFFFFFFFFFFFFA4
:207D0000FFFFFFFFFFFFFFFFFFFFFFFFFFFFFFFFFFFFFFFFFFFFFFFFFFFFFFFFFFFFFFFF83
:207D2000FFFFFFFFFFFFFFFFFFFFFFFFFFFFFFFFFFFFFFFFFFFFFFFFFFFFFFFFFFFFFFFF63
:207D4000FFFFFFFFFFFFFFFFFFFFFFFFFFFFFFFFFFFFFFFFFFFFFFFFFFFFFFFFFFFFFFFF43
:207D6000FFFFFFFFFFFFFFFFFFFFFFFFFFFFFFFFFFFFFFFFFFFFFFFFFFFFFFFFFFFFFFFF23
:207D8000FFFFFFFFFFFFFFFFFFFFFFFFFFFFFFFFFFFFFFFFFFFFFFFFFFFFFFFFFFFFFFFF03
:207DA000FFFFFFFFFFFFFFFFFFFFFFFFFFFFFFFFFFFFFFFFFFFFFFFFFFFFFFFFFFFFFFFFE3
:207DC000FFFFFFFFFFFFFFFFFFFFFFFFFFFFFFFFFFFFFFFFFFFFFFFFFFFFFFFFFFFFFFFFC3
:207DE000FFFFFFFFFFFFFFFFFFFFFFFFFFFFFFFFFFFFFFFFFFFFFFFFFFFFFFFFFFFFFFFFA3
:207E0000FFFFFFFFFFFFFFFFFFFFFFFFFFFFFFFFFFFFFFFFFFFFFFFFFFFFFFFFFFFFFFFF82
:207E2000FFFFFFFFFFFFFFFFFFFFFFFFFFFFFFFFFFFFFFFFFFFFFFFFFFFFFFFFFFFFFFFF62
:207E4000FFFFFFFFFFFFFFFFFFFFFFFFFFFFFFFFFFFFFFFFFFFFFFFFFFFFFFFFFFFFFFFF42
:207E6000FFFFFFFFFFFFFFFFFFFFFFFFFFFFFFFFFFFFFFFFFFFFFFFFFFFFFFFFFFFFFFFF22
:207E8000FFFFFFFFFFFFFFFFFFFFFFFFFFFFFFFFFFFFFFFFFFFFFFFFFFFFFFFFFFFFFFFF02
:207EA000FFFFFFFFFFFFFFFFFFFFFFFFFFFFFFFFFFFFFFFFFFFFFFFFFFFFFFFFFFFFFFFFE2
:207EC000FFFFFFFFFFFFFFFFFFFFFFFFFFFFFFFFFFFFFFFFFFFFFFFFFFFFFFFFFFFFFFFFC2
:207EE000FFFFFFFFFFFFFFFFFFFFFFFFFFFFFFFFFFFFFFFFFFFFFFFFFFFFFFFFFFFFFFFFA2
:207F0000FFFFFFFFFFFFFFFFFFFFFFFFFFFFFFFFFFFFFFFFFFFFFFFFFFFFFFFFFFFFFFFF81
:207F2000FFFFFFFFFFFFFFFFFFFFFFFFFFFFFFFFFFFFFFFFFFFFFFFFFFFFFFFFFFFFFFFF61
:207F4000FFFFFFFFFFFFFFFFFFFFFFFFFFFFFFFFFFFFFFFFFFFFFFFFFFFFFFFFFFFFFFFF41
:207F6000FFFFFFFFFFFFFFFFFFFFFFFFFFFFFFFFFFFFFFFFFFFFFFFFFFFFFFFFFFFFFFFF21
:207F8000FFFFFFFFFFFFFFFFFFFFFFFFFFFFFFFFFFFFFFFFFFFFFFFFFFFFFFFFFFFFFFFF01
:207FA000FFFFFFFFFFFFFFFFFFFFFFFFFFFFFFFFFFFFFFFFFFFFFFFFFFFFFFFFFFFFFFFFE1
:207FC000FFFFFFFFFFFFFFFFFFFFFFFFFFFFFFFFFFFFFFFFFFFFFFFFFFFFFFFFFFFFFFFFC1
:207FE000FFFFFFFFFFFFFFFFFFFFFFFFFFFFFFFFFFFFFFFFFFFFFFFFFFFFFFFFFFFFFFFFA1
:20800000FFFFFFFFFFFFFFFFFFFFFFFFFFFFFFFFFFFFFFFFFFFFFFFFFFFFFFFFFFFFFFFF80
:20802000FFFFFFFFFFFFFFFFFFFFFFFFFFFFFFFFFFFFFFFFFFFFFFFFFFFFFFFFFFFFFFFF60
:20804000FFFFFFFFFFFFFFFFFFFFFFFFFFFFFFFFFFFFFFFFFFFFFFFFFFFFFFFFFFFFFFFF40
:20806000FFFFFFFFFFFFFFFFFFFFFFFFFFFFFFFFFFFFFFFFFFFFFFFFFFFFFFFFFFFFFFFF20
:20808000FFFFFFFFFFFFFFFFFFFFFFFFFFFFFFFFFFFFFFFFFFFFFFFFFFFFFFFFFFFFFFFF00
:2080A000FFFFFFFFFFFFFFFFFFFFFFFFFFFFFFFFFFFFFFFFFFFFFFFFFFFFFFFFFFFFFFFFE0
:2080C000FFFFFFFFFFFFFFFFFFFFFFFFFFFFFFFFFFFFFFFFFFFFFFFFFFFFFFFFFFFFFFFFC0
:2080E000FFFFFFFFFFFFFFFFFFFFFFFFFFFFFFFFFFFFFFFFFFFFFFFFFFFFFFFFFFFFFFFFA0
:20810000FFFFFFFFFFFFFFFFFFFFFFFFFFFFFFFFFFFFFFFFFFFFFFFFFFFFFFFFFFFFFFFF7F
:20812000FFFFFFFFFFFFFFFFFFFFFFFFFFFFFFFFFFFFFFFFFFFFFFFFFFFFFFFFFFFFFFFF5F
:20814000FFFFFFFFFFFFFFFFFFFFFFFFFFFFFFFFFFFFFFFFFFFFFFFFFFFFFFFFFFFFFFFF3F
:20816000FFFFFFFFFFFFFFFFFFFFFFFFFFFFFFFFFFFFFFFFFFFFFFFFFFFFFFFFFFFFFFFF1F
:20818000FFFFFFFFFFFFFFFFFFFFFFFFFFFFFFFFFFFFFFFFFFFFFFFFFFFFFFFFFFFFFFFFFF
:2081A000FFFFFFFFFFFFFFFFFFFFFFFFFFFFFFFFFFFFFFFFFFFFFFFFFFFFFFFFFFFFFFFFDF
:2081C000FFFFFFFFFFFFFFFFFFFFFFFFFFFFFFFFFFFFFFFFFFFFFFFFFFFFFFFFFFFFFFFFBF
:2081E000FFFFFFFFFFFFFFFFFFFFFFFFFFFFFFFFFFFFFFFFFFFFFFFFFFFFFFFFFFFFFFFF9F
:20820000FFFFFFFFFFFFFFFFFFFFFFFFFFFFFFFFFFFFFFFFFFFFFFFFFFFFFFFFFFFFFFFF7E
:20822000FFFFFFFFFFFFFFFFFFFFFFFFFFFFFFFFFFFFFFFFFFFFFFFFFFFFFFFFFFFFFFFF5E
:20824000FFFFFFFFFFFFFFFFFFFFFFFFFFFFFFFFFFFFFFFFFFFFFFFFFFFFFFFFFFFFFFFF3E
:20826000FFFFFFFFFFFFFFFFFFFFFFFFFFFFFFFFFFFFFFFFFFFFFFFFFFFFFFFFFFFFFFFF1E
:20828000FFFFFFFFFFFFFFFFFFFFFFFFFFFFFFFFFFFFFFFFFFFFFFFFFFFFFFFFFFFFFFFFFE
:2082A000FFFFFFFFFFFFFFFFFFFFFFFFFFFFFFFFFFFFFFFFFFFFFFFFFFFFFFFFFFFFFFFFDE
:2082C000FFFFFFFFFFFFFFFFFFFFFFFFFFFFFFFFFFFFFFFFFFFFFFFFFFFFFFFFFFFFFFFFBE
:2082E000FFFFFFFFFFFFFFFFFFFFFFFFFFFFFFFFFFFFFFFFFFFFFFFFFFFFFFFFFFFFFFFF9E
:20830000FFFFFFFFFFFFFFFFFFFFFFFFFFFFFFFFFFFFFFFFFFFFFFFFFFFFFFFFFFFFFFFF7D
:20832000FFFFFFFFFFFFFFFFFFFFFFFFFFFFFFFFFFFFFFFFFFFFFFFFFFFFFFFFFFFFFFFF5D
:20834000FFFFFFFFFFFFFFFFFFFFFFFFFFFFFFFFFFFFFFFFFFFFFFFFFFFFFFFFFFFFFFFF3D
:20836000FFFFFFFFFFFFFFFFFFFFFFFFFFFFFFFFFFFFFFFFFFFFFFFFFFFFFFFFFFFFFFFF1D
:20838000FFFFFFFFFFFFFFFFFFFFFFFFFFFFFFFFFFFFFFFFFFFFFFFFFFFFFFFFFFFFFFFFFD
:2083A000FFFFFFFFFFFFFFFFFFFFFFFFFFFFFFFFFFFFFFFFFFFFFFFFFFFFFFFFFFFFFFFFDD
:2083C000FFFFFFFFFFFFFFFFFFFFFFFFFFFFFFFFFFFFFFFFFFFFFFFFFFFFFFFFFFFFFFFFBD
:2083E000FFFFFFFFFFFFFFFFFFFFFFFFFFFFFFFFFFFFFFFFFFFFFFFFFFFFFFFFFFFFFFFF9D
:20840000FFFFFFFFFFFFFFFFFFFFFFFFFFFFFFFFFFFFFFFFFFFFFFFFFFFFFFFFFFFFFFFF7C
:20842000FFFFFFFFFFFFFFFFFFFFFFFFFFFFFFFFFFFFFFFFFFFFFFFFFFFFFFFFFFFFFFFF5C
:20844000FFFFFFFFFFFFFFFFFFFFFFFFFFFFFFFFFFFFFFFFFFFFFFFFFFFFFFFFFFFFFFFF3C
:20846000FFFFFFFFFFFFFFFFFFFFFFFFFFFFFFFFFFFFFFFFFFFFFFFFFFFFFFFFFFFFFFFF1C
:20848000FFFFFFFFFFFFFFFFFFFFFFFFFFFFFFFFFFFFFFFFFFFFFFFFFFFFFFFFFFFFFFFFFC
:2084A000FFFFFFFFFFFFFFFFFFFFFFFFFFFFFFFFFFFFFFFFFFFFFFFFFFFFFFFFFFFFFFFFDC
:2084C000FFFFFFFFFFFFFFFFFFFFFFFFFFFFFFFFFFFFFFFFFFFFFFFFFFFFFFFFFFFFFFFFBC
:2084E000FFFFFFFFFFFFFFFFFFFFFFFFFFFFFFFFFFFFFFFFFFFFFFFFFFFFFFFFFFFFFFFF9C
:20850000FFFFFFFFFFFFFFFFFFFFFFFFFFFFFFFFFFFFFFFFFFFFFFFFFFFFFFFFFFFFFFFF7B
:20852000FFFFFFFFFFFFFFFFFFFFFFFFFFFFFFFFFFFFFFFFFFFFFFFFFFFFFFFFFFFFFFFF5B
:20854000FFFFFFFFFFFFFFFFFFFFFFFFFFFFFFFFFFFFFFFFFFFFFFFFFFFFFFFFFFFFFFFF3B
:20856000FFFFFFFFFFFFFFFFFFFFFFFFFFFFFFFFFFFFFFFFFFFFFFFFFFFFFFFFFFFFFFFF1B
:20858000FFFFFFFFFFFFFFFFFFFFFFFFFFFFFFFFFFFFFFFFFFFFFFFFFFFFFFFFFFFFFFFFFB
:2085A000FFFFFFFFFFFFFFFFFFFFFFFFFFFFFFFFFFFFFFFFFFFFFFFFFFFFFFFFFFFFFFFFDB
:2085C000FFFFFFFFFFFFFFFFFFFFFFFFFFFFFFFFFFFFFFFFFFFFFFFFFFFFFFFFFFFFFFFFBB
:2085E000FFFFFFFFFFFFFFFFFFFFFFFFFFFFFFFFFFFFFFFFFFFFFFFFFFFFFFFFFFFFFFFF9B
:20860000FFFFFFFFFFFFFFFFFFFFFFFFFFFFFFFFFFFFFFFFFFFFFFFFFFFFFFFFFFFFFFFF7A
:20862000FFFFFFFFFFFFFFFFFFFFFFFFFFFFFFFFFFFFFFFFFFFFFFFFFFFFFFFFFFFFFFFF5A
:20864000FFFFFFFFFFFFFFFFFFFFFFFFFFFFFFFFFFFFFFFFFFFFFFFFFFFFFFFFFFFFFFFF3A
:20866000FFFFFFFFFFFFFFFFFFFFFFFFFFFFFFFFFFFFFFFFFFFFFFFFFFFFFFFFFFFFFFFF1A
:20868000FFFFFFFFFFFFFFFFFFFFFFFFFFFFFFFFFFFFFFFFFFFFFFFFFFFFFFFFFFFFFFFFFA
:2086A000FFFFFFFFFFFFFFFFFFFFFFFFFFFFFFFFFFFFFFFFFFFFFFFFFFFFFFFFFFFFFFFFDA
:2086C000FFFFFFFFFFFFFFFFFFFFFFFFFFFFFFFFFFFFFFFFFFFFFFFFFFFFFFFFFFFFFFFFBA
:2086E000FFFFFFFFFFFFFFFFFFFFFFFFFFFFFFFFFFFFFFFFFFFFFFFFFFFFFFFFFFFFFFFF9A
:20870000FFFFFFFFFFFFFFFFFFFFFFFFFFFFFFFFFFFFFFFFFFFFFFFFFFFFFFFFFFFFFFFF79
:20872000FFFFFFFFFFFFFFFFFFFFFFFFFFFFFFFFFFFFFFFFFFFFFFFFFFFFFFFFFFFFFFFF59
:20874000FFFFFFFFFFFFFFFFFFFFFFFFFFFFFFFFFFFFFFFFFFFFFFFFFFFFFFFFFFFFFFFF39
:20876000FFFFFFFFFFFFFFFFFFFFFFFFFFFFFFFFFFFFFFFFFFFFFFFFFFFFFFFFFFFFFFFF19
:20878000FFFFFFFFFFFFFFFFFFFFFFFFFFFFFFFFFFFFFFFFFFFFFFFFFFFFFFFFFFFFFFFFF9
:2087A000FFFFFFFFFFFFFFFFFFFFFFFFFFFFFFFFFFFFFFFFFFFFFFFFFFFFFFFFFFFFFFFFD9
:2087C000FFFFFFFFFFFFFFFFFFFFFFFFFFFFFFFFFFFFFFFFFFFFFFFFFFFFFFFFFFFFFFFFB9
:2087E000FFFFFFFFFFFFFFFFFFFFFFFFFFFFFFFFFFFFFFFFFFFFFFFFFFFFFFFFFFFFFFFF99
:20880000FFFFFFFFFFFFFFFFFFFFFFFFFFFFFFFFFFFFFFFFFFFFFFFFFFFFFFFFFFFFFFFF78
:20882000FFFFFFFFFFFFFFFFFFFFFFFFFFFFFFFFFFFFFFFFFFFFFFFFFFFFFFFFFFFFFFFF58
:20884000FFFFFFFFFFFFFFFFFFFFFFFFFFFFFFFFFFFFFFFFFFFFFFFFFFFFFFFFFFFFFFFF38
:20886000FFFFFFFFFFFFFFFFFFFFFFFFFFFFFFFFFFFFFFFFFFFFFFFFFFFFFFFFFFFFFFFF18
:20888000FFFFFFFFFFFFFFFFFFFFFFFFFFFFFFFFFFFFFFFFFFFFFFFFFFFFFFFFFFFFFFFFF8
:2088A000FFFFFFFFFFFFFFFFFFFFFFFFFFFFFFFFFFFFFFFFFFFFFFFFFFFFFFFFFFFFFFFFD8
:2088C000FFFFFFFFFFFFFFFFFFFFFFFFFFFFFFFFFFFFFFFFFFFFFFFFFFFFFFFFFFFFFFFFB8
:2088E000FFFFFFFFFFFFFFFFFFFFFFFFFFFFFFFFFFFFFFFFFFFFFFFFFFFFFFFFFFFFFFFF98
:20890000FFFFFFFFFFFFFFFFFFFFFFFFFFFFFFFFFFFFFFFFFFFFFFFFFFFFFFFFFFFFFFFF77
:20892000FFFFFFFFFFFFFFFFFFFFFFFFFFFFFFFFFFFFFFFFFFFFFFFFFFFFFFFFFFFFFFFF57
:20894000FFFFFFFFFFFFFFFFFFFFFFFFFFFFFFFFFFFFFFFFFFFFFFFFFFFFFFFFFFFFFFFF37
:20896000FFFFFFFFFFFFFFFFFFFFFFFFFFFFFFFFFFFFFFFFFFFFFFFFFFFFFFFFFFFFFFFF17
:20898000FFFFFFFFFFFFFFFFFFFFFFFFFFFFFFFFFFFFFFFFFFFFFFFFFFFFFFFFFFFFFFFFF7
:2089A000FFFFFFFFFFFFFFFFFFFFFFFFFFFFFFFFFFFFFFFFFFFFFFFFFFFFFFFFFFFFFFFFD7
:2089C000FFFFFFFFFFFFFFFFFFFFFFFFFFFFFFFFFFFFFFFFFFFFFFFFFFFFFFFFFFFFFFFFB7
:2089E000FFFFFFFFFFFFFFFFFFFFFFFFFFFFFFFFFFFFFFFFFFFFFFFFFFFFFFFFFFFFFFFF97
:208A0000FFFFFFFFFFFFFFFFFFFFFFFFFFFFFFFFFFFFFFFFFFFFFFFFFFFFFFFFFFFFFFFF76
:208A2000FFFFFFFFFFFFFFFFFFFFFFFFFFFFFFFFFFFFFFFFFFFFFFFFFFFFFFFFFFFFFFFF56
:208A4000FFFFFFFFFFFFFFFFFFFFFFFFFFFFFFFFFFFFFFFFFFFFFFFFFFFFFFFFFFFFFFFF36
:208A6000FFFFFFFFFFFFFFFFFFFFFFFFFFFFFFFFFFFFFFFFFFFFFFFFFFFFFFFFFFFFFFFF16
:208A8000FFFFFFFFFFFFFFFFFFFFFFFFFFFFFFFFFFFFFFFFFFFFFFFFFFFFFFFFFFFFFFFFF6
:208AA000FFFFFFFFFFFFFFFFFFFFFFFFFFFFFFFFFFFFFFFFFFFFFFFFFFFFFFFFFFFFFFFFD6
:208AC000FFFFFFFFFFFFFFFFFFFFFFFFFFFFFFFFFFFFFFFFFFFFFFFFFFFFFFFFFFFFFFFFB6
:208AE000FFFFFFFFFFFFFFFFFFFFFFFFFFFFFFFFFFFFFFFFFFFFFFFFFFFFFFFFFFFFFFFF96
:208B0000FFFFFFFFFFFFFFFFFFFFFFFFFFFFFFFFFFFFFFFFFFFFFFFFFFFFFFFFFFFFFFFF75
:208B2000FFFFFFFFFFFFFFFFFFFFFFFFFFFFFFFFFFFFFFFFFFFFFFFFFFFFFFFFFFFFFFFF55
:208B4000FFFFFFFFFFFFFFFFFFFFFFFFFFFFFFFFFFFFFFFFFFFFFFFFFFFFFFFFFFFFFFFF35
:208B6000FFFFFFFFFFFFFFFFFFFFFFFFFFFFFFFFFFFFFFFFFFFFFFFFFFFFFFFFFFFFFFFF15
:208B8000FFFFFFFFFFFFFFFFFFFFFFFFFFFFFFFFFFFFFFFFFFFFFFFFFFFFFFFFFFFFFFFFF5
:208BA000FFFFFFFFFFFFFFFFFFFFFFFFFFFFFFFFFFFFFFFFFFFFFFFFFFFFFFFFFFFFFFFFD5
:208BC000FFFFFFFFFFFFFFFFFFFFFFFFFFFFFFFFFFFFFFFFFFFFFFFFFFFFFFFFFFFFFFFFB5
:208BE000FFFFFFFFFFFFFFFFFFFFFFFFFFFFFFFFFFFFFFFFFFFFFFFFFFFFFFFFFFFFFFFF95
:208C0000FFFFFFFFFFFFFFFFFFFFFFFFFFFFFFFFFFFFFFFFFFFFFFFFFFFFFFFFFFFFFFFF74
:208C2000FFFFFFFFFFFFFFFFFFFFFFFFFFFFFFFFFFFFFFFFFFFFFFFFFFFFFFFFFFFFFFFF54
:208C4000FFFFFFFFFFFFFFFFFFFFFFFFFFFFFFFFFFFFFFFFFFFFFFFFFFFFFFFFFFFFFFFF34
:208C6000FFFFFFFFFFFFFFFFFFFFFFFFFFFFFFFFFFFFFFFFFFFFFFFFFFFFFFFFFFFFFFFF14
:208C8000FFFFFFFFFFFFFFFFFFFFFFFFFFFFFFFFFFFFFFFFFFFFFFFFFFFFFFFFFFFFFFFFF4
:208CA000FFFFFFFFFFFFFFFFFFFFFFFFFFFFFFFFFFFFFFFFFFFFFFFFFFFFFFFFFFFFFFFFD4
:208CC000FFFFFFFFFFFFFFFFFFFFFFFFFFFFFFFFFFFFFFFFFFFFFFFFFFFFFFFFFFFFFFFFB4
:208CE000FFFFFFFFFFFFFFFFFFFFFFFFFFFFFFFFFFFFFFFFFFFFFFFFFFFFFFFFFFFFFFFF94
:208D0000FFFFFFFFFFFFFFFFFFFFFFFFFFFFFFFFFFFFFFFFFFFFFFFFFFFFFFFFFFFFFFFF73
:208D2000FFFFFFFFFFFFFFFFFFFFFFFFFFFFFFFFFFFFFFFFFFFFFFFFFFFFFFFFFFFFFFFF53
:208D4000FFFFFFFFFFFFFFFFFFFFFFFFFFFFFFFFFFFFFFFFFFFFFFFFFFFFFFFFFFFFFFFF33
:208D6000FFFFFFFFFFFFFFFFFFFFFFFFFFFFFFFFFFFFFFFFFFFFFFFFFFFFFFFFFFFFFFFF13
:208D8000FFFFFFFFFFFFFFFFFFFFFFFFFFFFFFFFFFFFFFFFFFFFFFFFFFFFFFFFFFFFFFFFF3
:208DA000FFFFFFFFFFFFFFFFFFFFFFFFFFFFFFFFFFFFFFFFFFFFFFFFFFFFFFFFFFFFFFFFD3
:208DC000FFFFFFFFFFFFFFFFFFFFFFFFFFFFFFFFFFFFFFFFFFFFFFFFFFFFFFFFFFFFFFFFB3
:208DE000FFFFFFFFFFFFFFFFFFFFFFFFFFFFFFFFFFFFFFFFFFFFFFFFFFFFFFFFFFFFFFFF93
:208E0000FFFFFFFFFFFFFFFFFFFFFFFFFFFFFFFFFFFFFFFFFFFFFFFFFFFFFFFFFFFFFFFF72
:208E2000FFFFFFFFFFFFFFFFFFFFFFFFFFFFFFFFFFFFFFFFFFFFFFFFFFFFFFFFFFFFFFFF52
:208E4000FFFFFFFFFFFFFFFFFFFFFFFFFFFFFFFFFFFFFFFFFFFFFFFFFFFFFFFFFFFFFFFF32
:208E6000FFFFFFFFFFFFFFFFFFFFFFFFFFFFFFFFFFFFFFFFFFFFFFFFFFFFFFFFFFFFFFFF12
:208E8000FFFFFFFFFFFFFFFFFFFFFFFFFFFFFFFFFFFFFFFFFFFFFFFFFFFFFFFFFFFFFFFFF2
:208EA000FFFFFFFFFFFFFFFFFFFFFFFFFFFFFFFFFFFFFFFFFFFFFFFFFFFFFFFFFFFFFFFFD2
:208EC000FFFFFFFFFFFFFFFFFFFFFFFFFFFFFFFFFFFFFFFFFFFFFFFFFFFFFFFFFFFFFFFFB2
:208EE000FFFFFFFFFFFFFFFFFFFFFFFFFFFFFFFFFFFFFFFFFFFFFFFFFFFFFFFFFFFFFFFF92
:208F0000FFFFFFFFFFFFFFFFFFFFFFFFFFFFFFFFFFFFFFFFFFFFFFFFFFFFFFFFFFFFFFFF71
:208F2000FFFFFFFFFFFFFFFFFFFFFFFFFFFFFFFFFFFFFFFFFFFFFFFFFFFFFFFFFFFFFFFF51
:208F4000FFFFFFFFFFFFFFFFFFFFFFFFFFFFFFFFFFFFFFFFFFFFFFFFFFFFFFFFFFFFFFFF31
:208F6000FFFFFFFFFFFFFFFFFFFFFFFFFFFFFFFFFFFFFFFFFFFFFFFFFFFFFFFFFFFFFFFF11
:208F8000FFFFFFFFFFFFFFFFFFFFFFFFFFFFFFFFFFFFFFFFFFFFFFFFFFFFFFFFFFFFFFFFF1
:208FA000FFFFFFFFFFFFFFFFFFFFFFFFFFFFFFFFFFFFFFFFFFFFFFFFFFFFFFFFFFFFFFFFD1
:208FC000FFFFFFFFFFFFFFFFFFFFFFFFFFFFFFFFFFFFFFFFFFFFFFFFFFFFFFFFFFFFFFFFB1
:208FE000FFFFFFFFFFFFFFFFFFFFFFFFFFFFFFFFFFFFFFFFFFFFFFFFFFFFFFFFFFFFFFFF91
:20900000FFFFFFFFFFFFFFFFFFFFFFFFFFFFFFFFFFFFFFFFFFFFFFFFFFFFFFFFFFFFFFFF70
:20902000FFFFFFFFFFFFFFFFFFFFFFFFFFFFFFFFFFFFFFFFFFFFFFFFFFFFFFFFFFFFFFFF50
:20904000FFFFFFFFFFFFFFFFFFFFFFFFFFFFFFFFFFFFFFFFFFFFFFFFFFFFFFFFFFFFFFFF30
:20906000FFFFFFFFFFFFFFFFFFFFFFFFFFFFFFFFFFFFFFFFFFFFFFFFFFFFFFFFFFFFFFFF10
:20908000FFFFFFFFFFFFFFFFFFFFFFFFFFFFFFFFFFFFFFFFFFFFFFFFFFFFFFFFFFFFFFFFF0
:2090A000FFFFFFFFFFFFFFFFFFFFFFFFFFFFFFFFFFFFFFFFFFFFFFFFFFFFFFFFFFFFFFFFD0
:2090C000FFFFFFFFFFFFFFFFFFFFFFFFFFFFFFFFFFFFFFFFFFFFFFFFFFFFFFFFFFFFFFFFB0
:2090E000FFFFFFFFFFFFFFFFFFFFFFFFFFFFFFFFFFFFFFFFFFFFFFFFFFFFFFFFFFFFFFFF90
:20910000FFFFFFFFFFFFFFFFFFFFFFFFFFFFFFFFFFFFFFFFFFFFFFFFFFFFFFFFFFFFFFFF6F
:20912000FFFFFFFFFFFFFFFFFFFFFFFFFFFFFFFFFFFFFFFFFFFFFFFFFFFFFFFFFFFFFFFF4F
:20914000FFFFFFFFFFFFFFFFFFFFFFFFFFFFFFFFFFFFFFFFFFFFFFFFFFFFFFFFFFFFFFFF2F
:20916000FFFFFFFFFFFFFFFFFFFFFFFFFFFFFFFFFFFFFFFFFFFFFFFFFFFFFFFFFFFFFFFF0F
:20918000FFFFFFFFFFFFFFFFFFFFFFFFFFFFFFFFFFFFFFFFFFFFFFFFFFFFFFFFFFFFFFFFEF
:2091A000FFFFFFFFFFFFFFFFFFFFFFFFFFFFFFFFFFFFFFFFFFFFFFFFFFFFFFFFFFFFFFFFCF
:2091C000FFFFFFFFFFFFFFFFFFFFFFFFFFFFFFFFFFFFFFFFFFFFFFFFFFFFFFFFFFFFFFFFAF
:2091E000FFFFFFFFFFFFFFFFFFFFFFFFFFFFFFFFFFFFFFFFFFFFFFFFFFFFFFFFFFFFFFFF8F
:20920000FFFFFFFFFFFFFFFFFFFFFFFFFFFFFFFFFFFFFFFFFFFFFFFFFFFFFFFFFFFFFFFF6E
:20922000FFFFFFFFFFFFFFFFFFFFFFFFFFFFFFFFFFFFFFFFFFFFFFFFFFFFFFFFFFFFFFFF4E
:20924000FFFFFFFFFFFFFFFFFFFFFFFFFFFFFFFFFFFFFFFFFFFFFFFFFFFFFFFFFFFFFFFF2E
:20926000FFFFFFFFFFFFFFFFFFFFFFFFFFFFFFFFFFFFFFFFFFFFFFFFFFFFFFFFFFFFFFFF0E
:20928000FFFFFFFFFFFFFFFFFFFFFFFFFFFFFFFFFFFFFFFFFFFFFFFFFFFFFFFFFFFFFFFFEE
:2092A000FFFFFFFFFFFFFFFFFFFFFFFFFFFFFFFFFFFFFFFFFFFFFFFFFFFFFFFFFFFFFFFFCE
:2092C000FFFFFFFFFFFFFFFFFFFFFFFFFFFFFFFFFFFFFFFFFFFFFFFFFFFFFFFFFFFFFFFFAE
:2092E000FFFFFFFFFFFFFFFFFFFFFFFFFFFFFFFFFFFFFFFFFFFFFFFFFFFFFFFFFFFFFFFF8E
:20930000FFFFFFFFFFFFFFFFFFFFFFFFFFFFFFFFFFFFFFFFFFFFFFFFFFFFFFFFFFFFFFFF6D
:20932000FFFFFFFFFFFFFFFFFFFFFFFFFFFFFFFFFFFFFFFFFFFFFFFFFFFFFFFFFFFFFFFF4D
:20934000FFFFFFFFFFFFFFFFFFFFFFFFFFFFFFFFFFFFFFFFFFFFFFFFFFFFFFFFFFFFFFFF2D
:20936000FFFFFFFFFFFFFFFFFFFFFFFFFFFFFFFFFFFFFFFFFFFFFFFFFFFFFFFFFFFFFFFF0D
:20938000FFFFFFFFFFFFFFFFFFFFFFFFFFFFFFFFFFFFFFFFFFFFFFFFFFFFFFFFFFFFFFFFED
:2093A000FFFFFFFFFFFFFFFFFFFFFFFFFFFFFFFFFFFFFFFFFFFFFFFFFFFFFFFFFFFFFFFFCD
:2093C000FFFFFFFFFFFFFFFFFFFFFFFFFFFFFFFFFFFFFFFFFFFFFFFFFFFFFFFFFFFFFFFFAD
:2093E000FFFFFFFFFFFFFFFFFFFFFFFFFFFFFFFFFFFFFFFFFFFFFFFFFFFFFFFFFFFFFFFF8D
:20940000FFFFFFFFFFFFFFFFFFFFFFFFFFFFFFFFFFFFFFFFFFFFFFFFFFFFFFFFFFFFFFFF6C
:20942000FFFFFFFFFFFFFFFFFFFFFFFFFFFFFFFFFFFFFFFFFFFFFFFFFFFFFFFFFFFFFFFF4C
:20944000FFFFFFFFFFFFFFFFFFFFFFFFFFFFFFFFFFFFFFFFFFFFFFFFFFFFFFFFFFFFFFFF2C
:20946000FFFFFFFFFFFFFFFFFFFFFFFFFFFFFFFFFFFFFFFFFFFFFFFFFFFFFFFFFFFFFFFF0C
:20948000FFFFFFFFFFFFFFFFFFFFFFFFFFFFFFFFFFFFFFFFFFFFFFFFFFFFFFFFFFFFFFFFEC
:2094A000FFFFFFFFFFFFFFFFFFFFFFFFFFFFFFFFFFFFFFFFFFFFFFFFFFFFFFFFFFFFFFFFCC
:2094C000FFFFFFFFFFFFFFFFFFFFFFFFFFFFFFFFFFFFFFFFFFFFFFFFFFFFFFFFFFFFFFFFAC
:2094E000FFFFFFFFFFFFFFFFFFFFFFFFFFFFFFFFFFFFFFFFFFFFFFFFFFFFFFFFFFFFFFFF8C
:20950000FFFFFFFFFFFFFFFFFFFFFFFFFFFFFFFFFFFFFFFFFFFFFFFFFFFFFFFFFFFFFFFF6B
:20952000FFFFFFFFFFFFFFFFFFFFFFFFFFFFFFFFFFFFFFFFFFFFFFFFFFFFFFFFFFFFFFFF4B
:20954000FFFFFFFFFFFFFFFFFFFFFFFFFFFFFFFFFFFFFFFFFFFFFFFFFFFFFFFFFFFFFFFF2B
:20956000FFFFFFFFFFFFFFFFFFFFFFFFFFFFFFFFFFFFFFFFFFFFFFFFFFFFFFFFFFFFFFFF0B
:20958000FFFFFFFFFFFFFFFFFFFFFFFFFFFFFFFFFFFFFFFFFFFFFFFFFFFFFFFFFFFFFFFFEB
:2095A000FFFFFFFFFFFFFFFFFFFFFFFFFFFFFFFFFFFFFFFFFFFFFFFFFFFFFFFFFFFFFFFFCB
:2095C000FFFFFFFFFFFFFFFFFFFFFFFFFFFFFFFFFFFFFFFFFFFFFFFFFFFFFFFFFFFFFFFFAB
:2095E000FFFFFFFFFFFFFFFFFFFFFFFFFFFFFFFFFFFFFFFFFFFFFFFFFFFFFFFFFFFFFFFF8B
:20960000FFFFFFFFFFFFFFFFFFFFFFFFFFFFFFFFFFFFFFFFFFFFFFFFFFFFFFFFFFFFFFFF6A
:20962000FFFFFFFFFFFFFFFFFFFFFFFFFFFFFFFFFFFFFFFFFFFFFFFFFFFFFFFFFFFFFFFF4A
:20964000FFFFFFFFFFFFFFFFFFFFFFFFFFFFFFFFFFFFFFFFFFFFFFFFFFFFFFFFFFFFFFFF2A
:20966000FFFFFFFFFFFFFFFFFFFFFFFFFFFFFFFFFFFFFFFFFFFFFFFFFFFFFFFFFFFFFFFF0A
:20968000FFFFFFFFFFFFFFFFFFFFFFFFFFFFFFFFFFFFFFFFFFFFFFFFFFFFFFFFFFFFFFFFEA
:2096A000FFFFFFFFFFFFFFFFFFFFFFFFFFFFFFFFFFFFFFFFFFFFFFFFFFFFFFFFFFFFFFFFCA
:2096C000FFFFFFFFFFFFFFFFFFFFFFFFFFFFFFFFFFFFFFFFFFFFFFFFFFFFFFFFFFFFFFFFAA
:2096E000FFFFFFFFFFFFFFFFFFFFFFFFFFFFFFFFFFFFFFFFFFFFFFFFFFFFFFFFFFFFFFFF8A
:20970000FFFFFFFFFFFFFFFFFFFFFFFFFFFFFFFFFFFFFFFFFFFFFFFFFFFFFFFFFFFFFFFF69
:20972000FFFFFFFFFFFFFFFFFFFFFFFFFFFFFFFFFFFFFFFFFFFFFFFFFFFFFFFFFFFFFFFF49
:20974000FFFFFFFFFFFFFFFFFFFFFFFFFFFFFFFFFFFFFFFFFFFFFFFFFFFFFFFFFFFFFFFF29
:20976000FFFFFFFFFFFFFFFFFFFFFFFFFFFFFFFFFFFFFFFFFFFFFFFFFFFFFFFFFFFFFFFF09
:20978000FFFFFFFFFFFFFFFFFFFFFFFFFFFFFFFFFFFFFFFFFFFFFFFFFFFFFFFFFFFFFFFFE9
:2097A000FFFFFFFFFFFFFFFFFFFFFFFFFFFFFFFFFFFFFFFFFFFFFFFFFFFFFFFFFFFFFFFFC9
:2097C000FFFFFFFFFFFFFFFFFFFFFFFFFFFFFFFFFFFFFFFFFFFFFFFFFFFFFFFFFFFFFFFFA9
:2097E000FFFFFFFFFFFFFFFFFFFFFFFFFFFFFFFFFFFFFFFFFFFFFFFFFFFFFFFFFFFFFFFF89
:20980000FFFFFFFFFFFFFFFFFFFFFFFFFFFFFFFFFFFFFFFFFFFFFFFFFFFFFFFFFFFFFFFF68
:20982000FFFFFFFFFFFFFFFFFFFFFFFFFFFFFFFFFFFFFFFFFFFFFFFFFFFFFFFFFFFFFFFF48
:20984000FFFFFFFFFFFFFFFFFFFFFFFFFFFFFFFFFFFFFFFFFFFFFFFFFFFFFFFFFFFFFFFF28
:20986000FFFFFFFFFFFFFFFFFFFFFFFFFFFFFFFFFFFFFFFFFFFFFFFFFFFFFFFFFFFFFFFF08
:20988000FFFFFFFFFFFFFFFFFFFFFFFFFFFFFFFFFFFFFFFFFFFFFFFFFFFFFFFFFFFFFFFFE8
:2098A000FFFFFFFFFFFFFFFFFFFFFFFFFFFFFFFFFFFFFFFFFFFFFFFFFFFFFFFFFFFFFFFFC8
:2098C000FFFFFFFFFFFFFFFFFFFFFFFFFFFFFFFFFFFFFFFFFFFFFFFFFFFFFFFFFFFFFFFFA8
:2098E000FFFFFFFFFFFFFFFFFFFFFFFFFFFFFFFFFFFFFFFFFFFFFFFFFFFFFFFFFFFFFFFF88
:20990000FFFFFFFFFFFFFFFFFFFFFFFFFFFFFFFFFFFFFFFFFFFFFFFFFFFFFFFFFFFFFFFF67
:20992000FFFFFFFFFFFFFFFFFFFFFFFFFFFFFFFFFFFFFFFFFFFFFFFFFFFFFFFFFFFFFFFF47
:20994000FFFFFFFFFFFFFFFFFFFFFFFFFFFFFFFFFFFFFFFFFFFFFFFFFFFFFFFFFFFFFFFF27
:20996000FFFFFFFFFFFFFFFFFFFFFFFFFFFFFFFFFFFFFFFFFFFFFFFFFFFFFFFFFFFFFFFF07
:20998000FFFFFFFFFFFFFFFFFFFFFFFFFFFFFFFFFFFFFFFFFFFFFFFFFFFFFFFFFFFFFFFFE7
:2099A000FFFFFFFFFFFFFFFFFFFFFFFFFFFFFFFFFFFFFFFFFFFFFFFFFFFFFFFFFFFFFFFFC7
:2099C000FFFFFFFFFFFFFFFFFFFFFFFFFFFFFFFFFFFFFFFFFFFFFFFFFFFFFFFFFFFFFFFFA7
:2099E000FFFFFFFFFFFFFFFFFFFFFFFFFFFFFFFFFFFFFFFFFFFFFFFFFFFFFFFFFFFFFFFF87
:209A0000FFFFFFFFFFFFFFFFFFFFFFFFFFFFFFFFFFFFFFFFFFFFFFFFFFFFFFFFFFFFFFFF66
:209A2000FFFFFFFFFFFFFFFFFFFFFFFFFFFFFFFFFFFFFFFFFFFFFFFFFFFFFFFFFFFFFFFF46
:209A4000FFFFFFFFFFFFFFFFFFFFFFFFFFFFFFFFFFFFFFFFFFFFFFFFFFFFFFFFFFFFFFFF26
:209A6000FFFFFFFFFFFFFFFFFFFFFFFFFFFFFFFFFFFFFFFFFFFFFFFFFFFFFFFFFFFFFFFF06
:209A8000FFFFFFFFFFFFFFFFFFFFFFFFFFFFFFFFFFFFFFFFFFFFFFFFFFFFFFFFFFFFFFFFE6
:209AA000FFFFFFFFFFFFFFFFFFFFFFFFFFFFFFFFFFFFFFFFFFFFFFFFFFFFFFFFFFFFFFFFC6
:209AC000FFFFFFFFFFFFFFFFFFFFFFFFFFFFFFFFFFFFFFFFFFFFFFFFFFFFFFFFFFFFFFFFA6
:209AE000FFFFFFFFFFFFFFFFFFFFFFFFFFFFFFFFFFFFFFFFFFFFFFFFFFFFFFFFFFFFFFFF86
:209B0000FFFFFFFFFFFFFFFFFFFFFFFFFFFFFFFFFFFFFFFFFFFFFFFFFFFFFFFFFFFFFFFF65
:209B2000FFFFFFFFFFFFFFFFFFFFFFFFFFFFFFFFFFFFFFFFFFFFFFFFFFFFFFFFFFFFFFFF45
:209B4000FFFFFFFFFFFFFFFFFFFFFFFFFFFFFFFFFFFFFFFFFFFFFFFFFFFFFFFFFFFFFFFF25
:209B6000FFFFFFFFFFFFFFFFFFFFFFFFFFFFFFFFFFFFFFFFFFFFFFFFFFFFFFFFFFFFFFFF05
:209B8000FFFFFFFFFFFFFFFFFFFFFFFFFFFFFFFFFFFFFFFFFFFFFFFFFFFFFFFFFFFFFFFFE5
:209BA000FFFFFFFFFFFFFFFFFFFFFFFFFFFFFFFFFFFFFFFFFFFFFFFFFFFFFFFFFFFFFFFFC5
:209BC000FFFFFFFFFFFFFFFFFFFFFFFFFFFFFFFFFFFFFFFFFFFFFFFFFFFFFFFFFFFFFFFFA5
:209BE000FFFFFFFFFFFFFFFFFFFFFFFFFFFFFFFFFFFFFFFFFFFFFFFFFFFFFFFFFFFFFFFF85
:209C0000FFFFFFFFFFFFFFFFFFFFFFFFFFFFFFFFFFFFFFFFFFFFFFFFFFFFFFFFFFFFFFFF64
:209C2000FFFFFFFFFFFFFFFFFFFFFFFFFFFFFFFFFFFFFFFFFFFFFFFFFFFFFFFFFFFFFFFF44
:209C4000FFFFFFFFFFFFFFFFFFFFFFFFFFFFFFFFFFFFFFFFFFFFFFFFFFFFFFFFFFFFFFFF24
:209C6000FFFFFFFFFFFFFFFFFFFFFFFFFFFFFFFFFFFFFFFFFFFFFFFFFFFFFFFFFFFFFFFF04
:209C8000FFFFFFFFFFFFFFFFFFFFFFFFFFFFFFFFFFFFFFFFFFFFFFFFFFFFFFFFFFFFFFFFE4
:209CA000FFFFFFFFFFFFFFFFFFFFFFFFFFFFFFFFFFFFFFFFFFFFFFFFFFFFFFFFFFFFFFFFC4
:209CC000FFFFFFFFFFFFFFFFFFFFFFFFFFFFFFFFFFFFFFFFFFFFFFFFFFFFFFFFFFFFFFFFA4
:209CE000FFFFFFFFFFFFFFFFFFFFFFFFFFFFFFFFFFFFFFFFFFFFFFFFFFFFFFFFFFFFFFFF84
:209D0000FFFFFFFFFFFFFFFFFFFFFFFFFFFFFFFFFFFFFFFFFFFFFFFFFFFFFFFFFFFFFFFF63
:209D2000FFFFFFFFFFFFFFFFFFFFFFFFFFFFFFFFFFFFFFFFFFFFFFFFFFFFFFFFFFFFFFFF43
:209D4000FFFFFFFFFFFFFFFFFFFFFFFFFFFFFFFFFFFFFFFFFFFFFFFFFFFFFFFFFFFFFFFF23
:209D6000FFFFFFFFFFFFFFFFFFFFFFFFFFFFFFFFFFFFFFFFFFFFFFFFFFFFFFFFFFFFFFFF03
:209D8000FFFFFFFFFFFFFFFFFFFFFFFFFFFFFFFFFFFFFFFFFFFFFFFFFFFFFFFFFFFFFFFFE3
:209DA000FFFFFFFFFFFFFFFFFFFFFFFFFFFFFFFFFFFFFFFFFFFFFFFFFFFFFFFFFFFFFFFFC3
:209DC000FFFFFFFFFFFFFFFFFFFFFFFFFFFFFFFFFFFFFFFFFFFFFFFFFFFFFFFFFFFFFFFFA3
:209DE000FFFFFFFFFFFFFFFFFFFFFFFFFFFFFFFFFFFFFFFFFFFFFFFFFFFFFFFFFFFFFFFF83
:209E0000FFFFFFFFFFFFFFFFFFFFFFFFFFFFFFFFFFFFFFFFFFFFFFFFFFFFFFFFFFFFFFFF62
:209E2000FFFFFFFFFFFFFFFFFFFFFFFFFFFFFFFFFFFFFFFFFFFFFFFFFFFFFFFFFFFFFFFF42
:209E4000FFFFFFFFFFFFFFFFFFFFFFFFFFFFFFFFFFFFFFFFFFFFFFFFFFFFFFFFFFFFFFFF22
:209E6000FFFFFFFFFFFFFFFFFFFFFFFFFFFFFFFFFFFFFFFFFFFFFFFFFFFFFFFFFFFFFFFF02
:209E8000FFFFFFFFFFFFFFFFFFFFFFFFFFFFFFFFFFFFFFFFFFFFFFFFFFFFFFFFFFFFFFFFE2
:209EA000FFFFFFFFFFFFFFFFFFFFFFFFFFFFFFFFFFFFFFFFFFFFFFFFFFFFFFFFFFFFFFFFC2
:209EC000FFFFFFFFFFFFFFFFFFFFFFFFFFFFFFFFFFFFFFFFFFFFFFFFFFFFFFFFFFFFFFFFA2
:209EE000FFFFFFFFFFFFFFFFFFFFFFFFFFFFFFFFFFFFFFFFFFFFFFFFFFFFFFFFFFFFFFFF82
:209F0000FFFFFFFFFFFFFFFFFFFFFFFFFFFFFFFFFFFFFFFFFFFFFFFFFFFFFFFFFFFFFFFF61
:209F2000FFFFFFFFFFFFFFFFFFFFFFFFFFFFFFFFFFFFFFFFFFFFFFFFFFFFFFFFFFFFFFFF41
:209F4000FFFFFFFFFFFFFFFFFFFFFFFFFFFFFFFFFFFFFFFFFFFFFFFFFFFFFFFFFFFFFFFF21
:209F6000FFFFFFFFFFFFFFFFFFFFFFFFFFFFFFFFFFFFFFFFFFFFFFFFFFFFFFFFFFFFFFFF01
:209F8000FFFFFFFFFFFFFFFFFFFFFFFFFFFFFFFFFFFFFFFFFFFFFFFFFFFFFFFFFFFFFFFFE1
:209FA000FFFFFFFFFFFFFFFFFFFFFFFFFFFFFFFFFFFFFFFFFFFFFFFFFFFFFFFFFFFFFFFFC1
:209FC000FFFFFFFFFFFFFFFFFFFFFFFFFFFFFFFFFFFFFFFFFFFFFFFFFFFFFFFFFFFFFFFFA1
:209FE000FFFFFFFFFFFFFFFFFFFFFFFFFFFFFFFFFFFFFFFFFFFFFFFFFFFFFFFFFFFFFFFF81
:20A00000FFFFFFFFFFFFFFFFFFFFFFFFFFFFFFFFFFFFFFFFFFFFFFFFFFFFFFFFFFFFFFFF60
:20A02000FFFFFFFFFFFFFFFFFFFFFFFFFFFFFFFFFFFFFFFFFFFFFFFFFFFFFFFFFFFFFFFF40
:20A04000FFFFFFFFFFFFFFFFFFFFFFFFFFFFFFFFFFFFFFFFFFFFFFFFFFFFFFFFFFFFFFFF20
:20A06000FFFFFFFFFFFFFFFFFFFFFFFFFFFFFFFFFFFFFFFFFFFFFFFFFFFFFFFFFFFFFFFF00
:20A08000FFFFFFFFFFFFFFFFFFFFFFFFFFFFFFFFFFFFFFFFFFFFFFFFFFFFFFFFFFFFFFFFE0
:20A0A000FFFFFFFFFFFFFFFFFFFFFFFFFFFFFFFFFFFFFFFFFFFFFFFFFFFFFFFFFFFFFFFFC0
:20A0C000FFFFFFFFFFFFFFFFFFFFFFFFFFFFFFFFFFFFFFFFFFFFFFFFFFFFFFFFFFFFFFFFA0
:20A0E000FFFFFFFFFFFFFFFFFFFFFFFFFFFFFFFFFFFFFFFFFFFFFFFFFFFFFFFFFFFFFFFF80
:20A10000FFFFFFFFFFFFFFFFFFFFFFFFFFFFFFFFFFFFFFFFFFFFFFFFFFFFFFFFFFFFFFFF5F
:20A12000FFFFFFFFFFFFFFFFFFFFFFFFFFFFFFFFFFFFFFFFFFFFFFFFFFFFFFFFFFFFFFFF3F
:20A14000FFFFFFFFFFFFFFFFFFFFFFFFFFFFFFFFFFFFFFFFFFFFFFFFFFFFFFFFFFFFFFFF1F
:20A16000FFFFFFFFFFFFFFFFFFFFFFFFFFFFFFFFFFFFFFFFFFFFFFFFFFFFFFFFFFFFFFFFFF
:20A18000FFFFFFFFFFFFFFFFFFFFFFFFFFFFFFFFFFFFFFFFFFFFFFFFFFFFFFFFFFFFFFFFDF
:20A1A000FFFFFFFFFFFFFFFFFFFFFFFFFFFFFFFFFFFFFFFFFFFFFFFFFFFFFFFFFFFFFFFFBF
:20A1C000FFFFFFFFFFFFFFFFFFFFFFFFFFFFFFFFFFFFFFFFFFFFFFFFFFFFFFFFFFFFFFFF9F
:20A1E000FFFFFFFFFFFFFFFFFFFFFFFFFFFFFFFFFFFFFFFFFFFFFFFFFFFFFFFFFFFFFFFF7F
:20A20000FFFFFFFFFFFFFFFFFFFFFFFFFFFFFFFFFFFFFFFFFFFFFFFFFFFFFFFFFFFFFFFF5E
:20A22000FFFFFFFFFFFFFFFFFFFFFFFFFFFFFFFFFFFFFFFFFFFFFFFFFFFFFFFFFFFFFFFF3E
:20A24000FFFFFFFFFFFFFFFFFFFFFFFFFFFFFFFFFFFFFFFFFFFFFFFFFFFFFFFFFFFFFFFF1E
:20A26000FFFFFFFFFFFFFFFFFFFFFFFFFFFFFFFFFFFFFFFFFFFFFFFFFFFFFFFFFFFFFFFFFE
:20A28000FFFFFFFFFFFFFFFFFFFFFFFFFFFFFFFFFFFFFFFFFFFFFFFFFFFFFFFFFFFFFFFFDE
:20A2A000FFFFFFFFFFFFFFFFFFFFFFFFFFFFFFFFFFFFFFFFFFFFFFFFFFFFFFFFFFFFFFFFBE
:20A2C000FFFFFFFFFFFFFFFFFFFFFFFFFFFFFFFFFFFFFFFFFFFFFFFFFFFFFFFFFFFFFFFF9E
:20A2E000FFFFFFFFFFFFFFFFFFFFFFFFFFFFFFFFFFFFFFFFFFFFFFFFFFFFFFFFFFFFFFFF7E
:20A30000FFFFFFFFFFFFFFFFFFFFFFFFFFFFFFFFFFFFFFFFFFFFFFFFFFFFFFFFFFFFFFFF5D
:20A32000FFFFFFFFFFFFFFFFFFFFFFFFFFFFFFFFFFFFFFFFFFFFFFFFFFFFFFFFFFFFFFFF3D
:20A34000FFFFFFFFFFFFFFFFFFFFFFFFFFFFFFFFFFFFFFFFFFFFFFFFFFFFFFFFFFFFFFFF1D
:20A36000FFFFFFFFFFFFFFFFFFFFFFFFFFFFFFFFFFFFFFFFFFFFFFFFFFFFFFFFFFFFFFFFFD
:20A38000FFFFFFFFFFFFFFFFFFFFFFFFFFFFFFFFFFFFFFFFFFFFFFFFFFFFFFFFFFFFFFFFDD
:20A3A000FFFFFFFFFFFFFFFFFFFFFFFFFFFFFFFFFFFFFFFFFFFFFFFFFFFFFFFFFFFFFFFFBD
:20A3C000FFFFFFFFFFFFFFFFFFFFFFFFFFFFFFFFFFFFFFFFFFFFFFFFFFFFFFFFFFFFFFFF9D
:20A3E000FFFFFFFFFFFFFFFFFFFFFFFFFFFFFFFFFFFFFFFFFFFFFFFFFFFFFFFFFFFFFFFF7D
:20A40000FFFFFFFFFFFFFFFFFFFFFFFFFFFFFFFFFFFFFFFFFFFFFFFFFFFFFFFFFFFFFFFF5C
:20A42000FFFFFFFFFFFFFFFFFFFFFFFFFFFFFFFFFFFFFFFFFFFFFFFFFFFFFFFFFFFFFFFF3C
:20A44000FFFFFFFFFFFFFFFFFFFFFFFFFFFFFFFFFFFFFFFFFFFFFFFFFFFFFFFFFFFFFFFF1C
:20A46000FFFFFFFFFFFFFFFFFFFFFFFFFFFFFFFFFFFFFFFFFFFFFFFFFFFFFFFFFFFFFFFFFC
:20A48000FFFFFFFFFFFFFFFFFFFFFFFFFFFFFFFFFFFFFFFFFFFFFFFFFFFFFFFFFFFFFFFFDC
:20A4A000FFFFFFFFFFFFFFFFFFFFFFFFFFFFFFFFFFFFFFFFFFFFFFFFFFFFFFFFFFFFFFFFBC
:20A4C000FFFFFFFFFFFFFFFFFFFFFFFFFFFFFFFFFFFFFFFFFFFFFFFFFFFFFFFFFFFFFFFF9C
:20A4E000FFFFFFFFFFFFFFFFFFFFFFFFFFFFFFFFFFFFFFFFFFFFFFFFFFFFFFFFFFFFFFFF7C
:20A50000FFFFFFFFFFFFFFFFFFFFFFFFFFFFFFFFFFFFFFFFFFFFFFFFFFFFFFFFFFFFFFFF5B
:20A52000FFFFFFFFFFFFFFFFFFFFFFFFFFFFFFFFFFFFFFFFFFFFFFFFFFFFFFFFFFFFFFFF3B
:20A54000FFFFFFFFFFFFFFFFFFFFFFFFFFFFFFFFFFFFFFFFFFFFFFFFFFFFFFFFFFFFFFFF1B
:20A56000FFFFFFFFFFFFFFFFFFFFFFFFFFFFFFFFFFFFFFFFFFFFFFFFFFFFFFFFFFFFFFFFFB
:20A58000FFFFFFFFFFFFFFFFFFFFFFFFFFFFFFFFFFFFFFFFFFFFFFFFFFFFFFFFFFFFFFFFDB
:20A5A000FFFFFFFFFFFFFFFFFFFFFFFFFFFFFFFFFFFFFFFFFFFFFFFFFFFFFFFFFFFFFFFFBB
:20A5C000FFFFFFFFFFFFFFFFFFFFFFFFFFFFFFFFFFFFFFFFFFFFFFFFFFFFFFFFFFFFFFFF9B
:20A5E000FFFFFFFFFFFFFFFFFFFFFFFFFFFFFFFFFFFFFFFFFFFFFFFFFFFFFFFFFFFFFFFF7B
:20A60000FFFFFFFFFFFFFFFFFFFFFFFFFFFFFFFFFFFFFFFFFFFFFFFFFFFFFFFFFFFFFFFF5A
:20A62000FFFFFFFFFFFFFFFFFFFFFFFFFFFFFFFFFFFFFFFFFFFFFFFFFFFFFFFFFFFFFFFF3A
:20A64000FFFFFFFFFFFFFFFFFFFFFFFFFFFFFFFFFFFFFFFFFFFFFFFFFFFFFFFFFFFFFFFF1A
:20A66000FFFFFFFFFFFFFFFFFFFFFFFFFFFFFFFFFFFFFFFFFFFFFFFFFFFFFFFFFFFFFFFFFA
:20A68000FFFFFFFFFFFFFFFFFFFFFFFFFFFFFFFFFFFFFFFFFFFFFFFFFFFFFFFFFFFFFFFFDA
:20A6A000FFFFFFFFFFFFFFFFFFFFFFFFFFFFFFFFFFFFFFFFFFFFFFFFFFFFFFFFFFFFFFFFBA
:20A6C000FFFFFFFFFFFFFFFFFFFFFFFFFFFFFFFFFFFFFFFFFFFFFFFFFFFFFFFFFFFFFFFF9A
:20A6E000FFFFFFFFFFFFFFFFFFFFFFFFFFFFFFFFFFFFFFFFFFFFFFFFFFFFFFFFFFFFFFFF7A
:20A70000FFFFFFFFFFFFFFFFFFFFFFFFFFFFFFFFFFFFFFFFFFFFFFFFFFFFFFFFFFFFFFFF59
:20A72000FFFFFFFFFFFFFFFFFFFFFFFFFFFFFFFFFFFFFFFFFFFFFFFFFFFFFFFFFFFFFFFF39
:20A74000FFFFFFFFFFFFFFFFFFFFFFFFFFFFFFFFFFFFFFFFFFFFFFFFFFFFFFFFFFFFFFFF19
:20A76000FFFFFFFFFFFFFFFFFFFFFFFFFFFFFFFFFFFFFFFFFFFFFFFFFFFFFFFFFFFFFFFFF9
:20A78000FFFFFFFFFFFFFFFFFFFFFFFFFFFFFFFFFFFFFFFFFFFFFFFFFFFFFFFFFFFFFFFFD9
:20A7A000FFFFFFFFFFFFFFFFFFFFFFFFFFFFFFFFFFFFFFFFFFFFFFFFFFFFFFFFFFFFFFFFB9
:20A7C000FFFFFFFFFFFFFFFFFFFFFFFFFFFFFFFFFFFFFFFFFFFFFFFFFFFFFFFFFFFFFFFF99
:20A7E000FFFFFFFFFFFFFFFFFFFFFFFFFFFFFFFFFFFFFFFFFFFFFFFFFFFFFFFFFFFFFFFF79
:20A80000FFFFFFFFFFFFFFFFFFFFFFFFFFFFFFFFFFFFFFFFFFFFFFFFFFFFFFFFFFFFFFFF58
:20A82000FFFFFFFFFFFFFFFFFFFFFFFFFFFFFFFFFFFFFFFFFFFFFFFFFFFFFFFFFFFFFFFF38
:20A84000FFFFFFFFFFFFFFFFFFFFFFFFFFFFFFFFFFFFFFFFFFFFFFFFFFFFFFFFFFFFFFFF18
:20A86000FFFFFFFFFFFFFFFFFFFFFFFFFFFFFFFFFFFFFFFFFFFFFFFFFFFFFFFFFFFFFFFFF8
:20A88000FFFFFFFFFFFFFFFFFFFFFFFFFFFFFFFFFFFFFFFFFFFFFFFFFFFFFFFFFFFFFFFFD8
:20A8A000FFFFFFFFFFFFFFFFFFFFFFFFFFFFFFFFFFFFFFFFFFFFFFFFFFFFFFFFFFFFFFFFB8
:20A8C000FFFFFFFFFFFFFFFFFFFFFFFFFFFFFFFFFFFFFFFFFFFFFFFFFFFFFFFFFFFFFFFF98
:20A8E000FFFFFFFFFFFFFFFFFFFFFFFFFFFFFFFFFFFFFFFFFFFFFFFFFFFFFFFFFFFFFFFF78
:20A90000FFFFFFFFFFFFFFFFFFFFFFFFFFFFFFFFFFFFFFFFFFFFFFFFFFFFFFFFFFFFFFFF57
:20A92000FFFFFFFFFFFFFFFFFFFFFFFFFFFFFFFFFFFFFFFFFFFFFFFFFFFFFFFFFFFFFFFF37
:20A94000FFFFFFFFFFFFFFFFFFFFFFFFFFFFFFFFFFFFFFFFFFFFFFFFFFFFFFFFFFFFFFFF17
:20A96000FFFFFFFFFFFFFFFFFFFFFFFFFFFFFFFFFFFFFFFFFFFFFFFFFFFFFFFFFFFFFFFFF7
:20A98000FFFFFFFFFFFFFFFFFFFFFFFFFFFFFFFFFFFFFFFFFFFFFFFFFFFFFFFFFFFFFFFFD7
:20A9A000FFFFFFFFFFFFFFFFFFFFFFFFFFFFFFFFFFFFFFFFFFFFFFFFFFFFFFFFFFFFFFFFB7
:20A9C000FFFFFFFFFFFFFFFFFFFFFFFFFFFFFFFFFFFFFFFFFFFFFFFFFFFFFFFFFFFFFFFF97
:20A9E000FFFFFFFFFFFFFFFFFFFFFFFFFFFFFFFFFFFFFFFFFFFFFFFFFFFFFFFFFFFFFFFF77
:20AA0000FFFFFFFFFFFFFFFFFFFFFFFFFFFFFFFFFFFFFFFFFFFFFFFFFFFFFFFFFFFFFFFF56
:20AA2000FFFFFFFFFFFFFFFFFFFFFFFFFFFFFFFFFFFFFFFFFFFFFFFFFFFFFFFFFFFFFFFF36
:20AA4000FFFFFFFFFFFFFFFFFFFFFFFFFFFFFFFFFFFFFFFFFFFFFFFFFFFFFFFFFFFFFFFF16
:20AA6000FFFFFFFFFFFFFFFFFFFFFFFFFFFFFFFFFFFFFFFFFFFFFFFFFFFFFFFFFFFFFFFFF6
:20AA8000FFFFFFFFFFFFFFFFFFFFFFFFFFFFFFFFFFFFFFFFFFFFFFFFFFFFFFFFFFFFFFFFD6
:20AAA000FFFFFFFFFFFFFFFFFFFFFFFFFFFFFFFFFFFFFFFFFFFFFFFFFFFFFFFFFFFFFFFFB6
:20AAC000FFFFFFFFFFFFFFFFFFFFFFFFFFFFFFFFFFFFFFFFFFFFFFFFFFFFFFFFFFFFFFFF96
:20AAE000FFFFFFFFFFFFFFFFFFFFFFFFFFFFFFFFFFFFFFFFFFFFFFFFFFFFFFFFFFFFFFFF76
:20AB0000FFFFFFFFFFFFFFFFFFFFFFFFFFFFFFFFFFFFFFFFFFFFFFFFFFFFFFFFFFFFFFFF55
:20AB2000FFFFFFFFFFFFFFFFFFFFFFFFFFFFFFFFFFFFFFFFFFFFFFFFFFFFFFFFFFFFFFFF35
:20AB4000FFFFFFFFFFFFFFFFFFFFFFFFFFFFFFFFFFFFFFFFFFFFFFFFFFFFFFFFFFFFFFFF15
:20AB6000FFFFFFFFFFFFFFFFFFFFFFFFFFFFFFFFFFFFFFFFFFFFFFFFFFFFFFFFFFFFFFFFF5
:20AB8000FFFFFFFFFFFFFFFFFFFFFFFFFFFFFFFFFFFFFFFFFFFFFFFFFFFFFFFFFFFFFFFFD5
:20ABA000FFFFFFFFFFFFFFFFFFFFFFFFFFFFFFFFFFFFFFFFFFFFFFFFFFFFFFFFFFFFFFFFB5
:20ABC000FFFFFFFFFFFFFFFFFFFFFFFFFFFFFFFFFFFFFFFFFFFFFFFFFFFFFFFFFFFFFFFF95
:20ABE000FFFFFFFFFFFFFFFFFFFFFFFFFFFFFFFFFFFFFFFFFFFFFFFFFFFFFFFFFFFFFFFF75
:20AC0000FFFFFFFFFFFFFFFFFFFFFFFFFFFFFFFFFFFFFFFFFFFFFFFFFFFFFFFFFFFFFFFF54
:20AC2000FFFFFFFFFFFFFFFFFFFFFFFFFFFFFFFFFFFFFFFFFFFFFFFFFFFFFFFFFFFFFFFF34
:20AC4000FFFFFFFFFFFFFFFFFFFFFFFFFFFFFFFFFFFFFFFFFFFFFFFFFFFFFFFFFFFFFFFF14
:20AC6000FFFFFFFFFFFFFFFFFFFFFFFFFFFFFFFFFFFFFFFFFFFFFFFFFFFFFFFFFFFFFFFFF4
:20AC8000FFFFFFFFFFFFFFFFFFFFFFFFFFFFFFFFFFFFFFFFFFFFFFFFFFFFFFFFFFFFFFFFD4
:20ACA000FFFFFFFFFFFFFFFFFFFFFFFFFFFFFFFFFFFFFFFFFFFFFFFFFFFFFFFFFFFFFFFFB4
:20ACC000FFFFFFFFFFFFFFFFFFFFFFFFFFFFFFFFFFFFFFFFFFFFFFFFFFFFFFFFFFFFFFFF94
:20ACE000FFFFFFFFFFFFFFFFFFFFFFFFFFFFFFFFFFFFFFFFFFFFFFFFFFFFFFFFFFFFFFFF74
:20AD0000FFFFFFFFFFFFFFFFFFFFFFFFFFFFFFFFFFFFFFFFFFFFFFFFFFFFFFFFFFFFFFFF53
:20AD2000FFFFFFFFFFFFFFFFFFFFFFFFFFFFFFFFFFFFFFFFFFFFFFFFFFFFFFFFFFFFFFFF33
:20AD4000FFFFFFFFFFFFFFFFFFFFFFFFFFFFFFFFFFFFFFFFFFFFFFFFFFFFFFFFFFFFFFFF13
:20AD6000FFFFFFFFFFFFFFFFFFFFFFFFFFFFFFFFFFFFFFFFFFFFFFFFFFFFFFFFFFFFFFFFF3
:20AD8000FFFFFFFFFFFFFFFFFFFFFFFFFFFFFFFFFFFFFFFFFFFFFFFFFFFFFFFFFFFFFFFFD3
:20ADA000FFFFFFFFFFFFFFFFFFFFFFFFFFFFFFFFFFFFFFFFFFFFFFFFFFFFFFFFFFFFFFFFB3
:20ADC000FFFFFFFFFFFFFFFFFFFFFFFFFFFFFFFFFFFFFFFFFFFFFFFFFFFFFFFFFFFFFFFF93
:20ADE000FFFFFFFFFFFFFFFFFFFFFFFFFFFFFFFFFFFFFFFFFFFFFFFFFFFFFFFFFFFFFFFF73
:20AE0000FFFFFFFFFFFFFFFFFFFFFFFFFFFFFFFFFFFFFFFFFFFFFFFFFFFFFFFFFFFFFFFF52
:20AE2000FFFFFFFFFFFFFFFFFFFFFFFFFFFFFFFFFFFFFFFFFFFFFFFFFFFFFFFFFFFFFFFF32
:20AE4000FFFFFFFFFFFFFFFFFFFFFFFFFFFFFFFFFFFFFFFFFFFFFFFFFFFFFFFFFFFFFFFF12
:20AE6000FFFFFFFFFFFFFFFFFFFFFFFFFFFFFFFFFFFFFFFFFFFFFFFFFFFFFFFFFFFFFFFFF2
:20AE8000FFFFFFFFFFFFFFFFFFFFFFFFFFFFFFFFFFFFFFFFFFFFFFFFFFFFFFFFFFFFFFFFD2
:20AEA000FFFFFFFFFFFFFFFFFFFFFFFFFFFFFFFFFFFFFFFFFFFFFFFFFFFFFFFFFFFFFFFFB2
:20AEC000FFFFFFFFFFFFFFFFFFFFFFFFFFFFFFFFFFFFFFFFFFFFFFFFFFFFFFFFFFFFFFFF92
:20AEE000FFFFFFFFFFFFFFFFFFFFFFFFFFFFFFFFFFFFFFFFFFFFFFFFFFFFFFFFFFFFFFFF72
:20AF0000FFFFFFFFFFFFFFFFFFFFFFFFFFFFFFFFFFFFFFFFFFFFFFFFFFFFFFFFFFFFFFFF51
:20AF2000FFFFFFFFFFFFFFFFFFFFFFFFFFFFFFFFFFFFFFFFFFFFFFFFFFFFFFFFFFFFFFFF31
:20AF4000FFFFFFFFFFFFFFFFFFFFFFFFFFFFFFFFFFFFFFFFFFFFFFFFFFFFFFFFFFFFFFFF11
:20AF6000FFFFFFFFFFFFFFFFFFFFFFFFFFFFFFFFFFFFFFFFFFFFFFFFFFFFFFFFFFFFFFFFF1
:20AF8000FFFFFFFFFFFFFFFFFFFFFFFFFFFFFFFFFFFFFFFFFFFFFFFFFFFFFFFFFFFFFFFFD1
:20AFA000FFFFFFFFFFFFFFFFFFFFFFFFFFFFFFFFFFFFFFFFFFFFFFFFFFFFFFFFFFFFFFFFB1
:20AFC000FFFFFFFFFFFFFFFFFFFFFFFFFFFFFFFFFFFFFFFFFFFFFFFFFFFFFFFFFFFFFFFF91
:20AFE000FFFFFFFFFFFFFFFFFFFFFFFFFFFFFFFFFFFFFFFFFFFFFFFFFFFFFFFFFFFFFFFF71
:20B00000FFFFFFFFFFFFFFFFFFFFFFFFFFFFFFFFFFFFFFFFFFFFFFFFFFFFFFFFFFFFFFFF50
:20B02000FFFFFFFFFFFFFFFFFFFFFFFFFFFFFFFFFFFFFFFFFFFFFFFFFFFFFFFFFFFFFFFF30
:20B04000FFFFFFFFFFFFFFFFFFFFFFFFFFFFFFFFFFFFFFFFFFFFFFFFFFFFFFFFFFFFFFFF10
:20B06000FFFFFFFFFFFFFFFFFFFFFFFFFFFFFFFFFFFFFFFFFFFFFFFFFFFFFFFFFFFFFFFFF0
:20B08000FFFFFFFFFFFFFFFFFFFFFFFFFFFFFFFFFFFFFFFFFFFFFFFFFFFFFFFFFFFFFFFFD0
:20B0A000FFFFFFFFFFFFFFFFFFFFFFFFFFFFFFFFFFFFFFFFFFFFFFFFFFFFFFFFFFFFFFFFB0
:20B0C000FFFFFFFFFFFFFFFFFFFFFFFFFFFFFFFFFFFFFFFFFFFFFFFFFFFFFFFFFFFFFFFF90
:20B0E000FFFFFFFFFFFFFFFFFFFFFFFFFFFFFFFFFFFFFFFFFFFFFFFFFFFFFFFFFFFFFFFF70
:20B10000FFFFFFFFFFFFFFFFFFFFFFFFFFFFFFFFFFFFFFFFFFFFFFFFFFFFFFFFFFFFFFFF4F
:20B12000FFFFFFFFFFFFFFFFFFFFFFFFFFFFFFFFFFFFFFFFFFFFFFFFFFFFFFFFFFFFFFFF2F
:20B14000FFFFFFFFFFFFFFFFFFFFFFFFFFFFFFFFFFFFFFFFFFFFFFFFFFFFFFFFFFFFFFFF0F
:20B16000FFFFFFFFFFFFFFFFFFFFFFFFFFFFFFFFFFFFFFFFFFFFFFFFFFFFFFFFFFFFFFFFEF
:20B18000FFFFFFFFFFFFFFFFFFFFFFFFFFFFFFFFFFFFFFFFFFFFFFFFFFFFFFFFFFFFFFFFCF
:20B1A000FFFFFFFFFFFFFFFFFFFFFFFFFFFFFFFFFFFFFFFFFFFFFFFFFFFFFFFFFFFFFFFFAF
:20B1C000FFFFFFFFFFFFFFFFFFFFFFFFFFFFFFFFFFFFFFFFFFFFFFFFFFFFFFFFFFFFFFFF8F
:20B1E000FFFFFFFFFFFFFFFFFFFFFFFFFFFFFFFFFFFFFFFFFFFFFFFFFFFFFFFFFFFFFFFF6F
:20B20000FFFFFFFFFFFFFFFFFFFFFFFFFFFFFFFFFFFFFFFFFFFFFFFFFFFFFFFFFFFFFFFF4E
:20B22000FFFFFFFFFFFFFFFFFFFFFFFFFFFFFFFFFFFFFFFFFFFFFFFFFFFFFFFFFFFFFFFF2E
:20B24000FFFFFFFFFFFFFFFFFFFFFFFFFFFFFFFFFFFFFFFFFFFFFFFFFFFFFFFFFFFFFFFF0E
:20B26000FFFFFFFFFFFFFFFFFFFFFFFFFFFFFFFFFFFFFFFFFFFFFFFFFFFFFFFFFFFFFFFFEE
:20B28000FFFFFFFFFFFFFFFFFFFFFFFFFFFFFFFFFFFFFFFFFFFFFFFFFFFFFFFFFFFFFFFFCE
:20B2A000FFFFFFFFFFFFFFFFFFFFFFFFFFFFFFFFFFFFFFFFFFFFFFFFFFFFFFFFFFFFFFFFAE
:20B2C000FFFFFFFFFFFFFFFFFFFFFFFFFFFFFFFFFFFFFFFFFFFFFFFFFFFFFFFFFFFFFFFF8E
:20B2E000FFFFFFFFFFFFFFFFFFFFFFFFFFFFFFFFFFFFFFFFFFFFFFFFFFFFFFFFFFFFFFFF6E
:20B30000FFFFFFFFFFFFFFFFFFFFFFFFFFFFFFFFFFFFFFFFFFFFFFFFFFFFFFFFFFFFFFFF4D
:20B32000FFFFFFFFFFFFFFFFFFFFFFFFFFFFFFFFFFFFFFFFFFFFFFFFFFFFFFFFFFFFFFFF2D
:20B34000FFFFFFFFFFFFFFFFFFFFFFFFFFFFFFFFFFFFFFFFFFFFFFFFFFFFFFFFFFFFFFFF0D
:20B36000FFFFFFFFFFFFFFFFFFFFFFFFFFFFFFFFFFFFFFFFFFFFFFFFFFFFFFFFFFFFFFFFED
:20B38000FFFFFFFFFFFFFFFFFFFFFFFFFFFFFFFFFFFFFFFFFFFFFFFFFFFFFFFFFFFFFFFFCD
:20B3A000FFFFFFFFFFFFFFFFFFFFFFFFFFFFFFFFFFFFFFFFFFFFFFFFFFFFFFFFFFFFFFFFAD
:20B3C000FFFFFFFFFFFFFFFFFFFFFFFFFFFFFFFFFFFFFFFFFFFFFFFFFFFFFFFFFFFFFFFF8D
:20B3E000FFFFFFFFFFFFFFFFFFFFFFFFFFFFFFFFFFFFFFFFFFFFFFFFFFFFFFFFFFFFFFFF6D
:20B40000FFFFFFFFFFFFFFFFFFFFFFFFFFFFFFFFFFFFFFFFFFFFFFFFFFFFFFFFFFFFFFFF4C
:20B42000FFFFFFFFFFFFFFFFFFFFFFFFFFFFFFFFFFFFFFFFFFFFFFFFFFFFFFFFFFFFFFFF2C
:20B44000FFFFFFFFFFFFFFFFFFFFFFFFFFFFFFFFFFFFFFFFFFFFFFFFFFFFFFFFFFFFFFFF0C
:20B46000FFFFFFFFFFFFFFFFFFFFFFFFFFFFFFFFFFFFFFFFFFFFFFFFFFFFFFFFFFFFFFFFEC
:20B48000FFFFFFFFFFFFFFFFFFFFFFFFFFFFFFFFFFFFFFFFFFFFFFFFFFFFFFFFFFFFFFFFCC
:20B4A000FFFFFFFFFFFFFFFFFFFFFFFFFFFFFFFFFFFFFFFFFFFFFFFFFFFFFFFFFFFFFFFFAC
:20B4C000FFFFFFFFFFFFFFFFFFFFFFFFFFFFFFFFFFFFFFFFFFFFFFFFFFFFFFFFFFFFFFFF8C
:20B4E000FFFFFFFFFFFFFFFFFFFFFFFFFFFFFFFFFFFFFFFFFFFFFFFFFFFFFFFFFFFFFFFF6C
:20B50000FFFFFFFFFFFFFFFFFFFFFFFFFFFFFFFFFFFFFFFFFFFFFFFFFFFFFFFFFFFFFFFF4B
:20B52000FFFFFFFFFFFFFFFFFFFFFFFFFFFFFFFFFFFFFFFFFFFFFFFFFFFFFFFFFFFFFFFF2B
:20B54000FFFFFFFFFFFFFFFFFFFFFFFFFFFFFFFFFFFFFFFFFFFFFFFFFFFFFFFFFFFFFFFF0B
:20B56000FFFFFFFFFFFFFFFFFFFFFFFFFFFFFFFFFFFFFFFFFFFFFFFFFFFFFFFFFFFFFFFFEB
:20B58000FFFFFFFFFFFFFFFFFFFFFFFFFFFFFFFFFFFFFFFFFFFFFFFFFFFFFFFFFFFFFFFFCB
:20B5A000FFFFFFFFFFFFFFFFFFFFFFFFFFFFFFFFFFFFFFFFFFFFFFFFFFFFFFFFFFFFFFFFAB
:20B5C000FFFFFFFFFFFFFFFFFFFFFFFFFFFFFFFFFFFFFFFFFFFFFFFFFFFFFFFFFFFFFFFF8B
:20B5E000FFFFFFFFFFFFFFFFFFFFFFFFFFFFFFFFFFFFFFFFFFFFFFFFFFFFFFFFFFFFFFFF6B
:20B60000FFFFFFFFFFFFFFFFFFFFFFFFFFFFFFFFFFFFFFFFFFFFFFFFFFFFFFFFFFFFFFFF4A
:20B62000FFFFFFFFFFFFFFFFFFFFFFFFFFFFFFFFFFFFFFFFFFFFFFFFFFFFFFFFFFFFFFFF2A
:20B64000FFFFFFFFFFFFFFFFFFFFFFFFFFFFFFFFFFFFFFFFFFFFFFFFFFFFFFFFFFFFFFFF0A
:20B66000FFFFFFFFFFFFFFFFFFFFFFFFFFFFFFFFFFFFFFFFFFFFFFFFFFFFFFFFFFFFFFFFEA
:20B68000FFFFFFFFFFFFFFFFFFFFFFFFFFFFFFFFFFFFFFFFFFFFFFFFFFFFFFFFFFFFFFFFCA
:20B6A000FFFFFFFFFFFFFFFFFFFFFFFFFFFFFFFFFFFFFFFFFFFFFFFFFFFFFFFFFFFFFFFFAA
:20B6C000FFFFFFFFFFFFFFFFFFFFFFFFFFFFFFFFFFFFFFFFFFFFFFFFFFFFFFFFFFFFFFFF8A
:20B6E000FFFFFFFFFFFFFFFFFFFFFFFFFFFFFFFFFFFFFFFFFFFFFFFFFFFFFFFFFFFFFFFF6A
:20B70000FFFFFFFFFFFFFFFFFFFFFFFFFFFFFFFFFFFFFFFFFFFFFFFFFFFFFFFFFFFFFFFF49
:20B72000FFFFFFFFFFFFFFFFFFFFFFFFFFFFFFFFFFFFFFFFFFFFFFFFFFFFFFFFFFFFFFFF29
:20B74000FFFFFFFFFFFFFFFFFFFFFFFFFFFFFFFFFFFFFFFFFFFFFFFFFFFFFFFFFFFFFFFF09
:20B76000FFFFFFFFFFFFFFFFFFFFFFFFFFFFFFFFFFFFFFFFFFFFFFFFFFFFFFFFFFFFFFFFE9
:20B78000FFFFFFFFFFFFFFFFFFFFFFFFFFFFFFFFFFFFFFFFFFFFFFFFFFFFFFFFFFFFFFFFC9
:20B7A000FFFFFFFFFFFFFFFFFFFFFFFFFFFFFFFFFFFFFFFFFFFFFFFFFFFFFFFFFFFFFFFFA9
:20B7C000FFFFFFFFFFFFFFFFFFFFFFFFFFFFFFFFFFFFFFFFFFFFFFFFFFFFFFFFFFFFFFFF89
:20B7E000FFFFFFFFFFFFFFFFFFFFFFFFFFFFFFFFFFFFFFFFFFFFFFFFFFFFFFFFFFFFFFFF69
:20B80000FFFFFFFFFFFFFFFFFFFFFFFFFFFFFFFFFFFFFFFFFFFFFFFFFFFFFFFFFFFFFFFF48
:20B82000FFFFFFFFFFFFFFFFFFFFFFFFFFFFFFFFFFFFFFFFFFFFFFFFFFFFFFFFFFFFFFFF28
:20B84000FFFFFFFFFFFFFFFFFFFFFFFFFFFFFFFFFFFFFFFFFFFFFFFFFFFFFFFFFFFFFFFF08
:20B86000FFFFFFFFFFFFFFFFFFFFFFFFFFFFFFFFFFFFFFFFFFFFFFFFFFFFFFFFFFFFFFFFE8
:20B88000FFFFFFFFFFFFFFFFFFFFFFFFFFFFFFFFFFFFFFFFFFFFFFFFFFFFFFFFFFFFFFFFC8
:20B8A000FFFFFFFFFFFFFFFFFFFFFFFFFFFFFFFFFFFFFFFFFFFFFFFFFFFFFFFFFFFFFFFFA8
:20B8C000FFFFFFFFFFFFFFFFFFFFFFFFFFFFFFFFFFFFFFFFFFFFFFFFFFFFFFFFFFFFFFFF88
:20B8E000FFFFFFFFFFFFFFFFFFFFFFFFFFFFFFFFFFFFFFFFFFFFFFFFFFFFFFFFFFFFFFFF68
:20B90000FFFFFFFFFFFFFFFFFFFFFFFFFFFFFFFFFFFFFFFFFFFFFFFFFFFFFFFFFFFFFFFF47
:20B92000FFFFFFFFFFFFFFFFFFFFFFFFFFFFFFFFFFFFFFFFFFFFFFFFFFFFFFFFFFFFFFFF27
:20B94000FFFFFFFFFFFFFFFFFFFFFFFFFFFFFFFFFFFFFFFFFFFFFFFFFFFFFFFFFFFFFFFF07
:20B96000FFFFFFFFFFFFFFFFFFFFFFFFFFFFFFFFFFFFFFFFFFFFFFFFFFFFFFFFFFFFFFFFE7
:20B98000FFFFFFFFFFFFFFFFFFFFFFFFFFFFFFFFFFFFFFFFFFFFFFFFFFFFFFFFFFFFFFFFC7
:20B9A000FFFFFFFFFFFFFFFFFFFFFFFFFFFFFFFFFFFFFFFFFFFFFFFFFFFFFFFFFFFFFFFFA7
:20B9C000FFFFFFFFFFFFFFFFFFFFFFFFFFFFFFFFFFFFFFFFFFFFFFFFFFFFFFFFFFFFFFFF87
:20B9E000FFFFFFFFFFFFFFFFFFFFFFFFFFFFFFFFFFFFFFFFFFFFFFFFFFFFFFFFFFFFFFFF67
:20BA0000FFFFFFFFFFFFFFFFFFFFFFFFFFFFFFFFFFFFFFFFFFFFFFFFFFFFFFFFFFFFFFFF46
:20BA2000FFFFFFFFFFFFFFFFFFFFFFFFFFFFFFFFFFFFFFFFFFFFFFFFFFFFFFFFFFFFFFFF26
:20BA4000FFFFFFFFFFFFFFFFFFFFFFFFFFFFFFFFFFFFFFFFFFFFFFFFFFFFFFFFFFFFFFFF06
:20BA6000FFFFFFFFFFFFFFFFFFFFFFFFFFFFFFFFFFFFFFFFFFFFFFFFFFFFFFFFFFFFFFFFE6
:20BA8000FFFFFFFFFFFFFFFFFFFFFFFFFFFFFFFFFFFFFFFFFFFFFFFFFFFFFFFFFFFFFFFFC6
:20BAA000FFFFFFFFFFFFFFFFFFFFFFFFFFFFFFFFFFFFFFFFFFFFFFFFFFFFFFFFFFFFFFFFA6
:20BAC000FFFFFFFFFFFFFFFFFFFFFFFFFFFFFFFFFFFFFFFFFFFFFFFFFFFFFFFFFFFFFFFF86
:20BAE000FFFFFFFFFFFFFFFFFFFFFFFFFFFFFFFFFFFFFFFFFFFFFFFFFFFFFFFFFFFFFFFF66
:20BB0000FFFFFFFFFFFFFFFFFFFFFFFFFFFFFFFFFFFFFFFFFFFFFFFFFFFFFFFFFFFFFFFF45
:20BB2000FFFFFFFFFFFFFFFFFFFFFFFFFFFFFFFFFFFFFFFFFFFFFFFFFFFFFFFFFFFFFFFF25
:20BB4000FFFFFFFFFFFFFFFFFFFFFFFFFFFFFFFFFFFFFFFFFFFFFFFFFFFFFFFFFFFFFFFF05
:20BB6000FFFFFFFFFFFFFFFFFFFFFFFFFFFFFFFFFFFFFFFFFFFFFFFFFFFFFFFFFFFFFFFFE5
:20BB8000FFFFFFFFFFFFFFFFFFFFFFFFFFFFFFFFFFFFFFFFFFFFFFFFFFFFFFFFFFFFFFFFC5
:20BBA000FFFFFFFFFFFFFFFFFFFFFFFFFFFFFFFFFFFFFFFFFFFFFFFFFFFFFFFFFFFFFFFFA5
:20BBC000FFFFFFFFFFFFFFFFFFFFFFFFFFFFFFFFFFFFFFFFFFFFFFFFFFFFFFFFFFFFFFFF85
:20BBE000FFFFFFFFFFFFFFFFFFFFFFFFFFFFFFFFFFFFFFFFFFFFFFFFFFFFFFFFFFFFFFFF65
:20BC0000FFFFFFFFFFFFFFFFFFFFFFFFFFFFFFFFFFFFFFFFFFFFFFFFFFFFFFFFFFFFFFFF44
:20BC2000FFFFFFFFFFFFFFFFFFFFFFFFFFFFFFFFFFFFFFFFFFFFFFFFFFFFFFFFFFFFFFFF24
:20BC4000FFFFFFFFFFFFFFFFFFFFFFFFFFFFFFFFFFFFFFFFFFFFFFFFFFFFFFFFFFFFFFFF04
:20BC6000FFFFFFFFFFFFFFFFFFFFFFFFFFFFFFFFFFFFFFFFFFFFFFFFFFFFFFFFFFFFFFFFE4
:20BC8000FFFFFFFFFFFFFFFFFFFFFFFFFFFFFFFFFFFFFFFFFFFFFFFFFFFFFFFFFFFFFFFFC4
:20BCA000FFFFFFFFFFFFFFFFFFFFFFFFFFFFFFFFFFFFFFFFFFFFFFFFFFFFFFFFFFFFFFFFA4
:20BCC000FFFFFFFFFFFFFFFFFFFFFFFFFFFFFFFFFFFFFFFFFFFFFFFFFFFFFFFFFFFFFFFF84
:20BCE000FFFFFFFFFFFFFFFFFFFFFFFFFFFFFFFFFFFFFFFFFFFFFFFFFFFFFFFFFFFFFFFF64
:20BD0000FFFFFFFFFFFFFFFFFFFFFFFFFFFFFFFFFFFFFFFFFFFFFFFFFFFFFFFFFFFFFFFF43
:20BD2000FFFFFFFFFFFFFFFFFFFFFFFFFFFFFFFFFFFFFFFFFFFFFFFFFFFFFFFFFFFFFFFF23
:20BD4000FFFFFFFFFFFFFFFFFFFFFFFFFFFFFFFFFFFFFFFFFFFFFFFFFFFFFFFFFFFFFFFF03
:20BD6000FFFFFFFFFFFFFFFFFFFFFFFFFFFFFFFFFFFFFFFFFFFFFFFFFFFFFFFFFFFFFFFFE3
:20BD8000FFFFFFFFFFFFFFFFFFFFFFFFFFFFFFFFFFFFFFFFFFFFFFFFFFFFFFFFFFFFFFFFC3
:20BDA000FFFFFFFFFFFFFFFFFFFFFFFFFFFFFFFFFFFFFFFFFFFFFFFFFFFFFFFFFFFFFFFFA3
:20BDC000FFFFFFFFFFFFFFFFFFFFFFFFFFFFFFFFFFFFFFFFFFFFFFFFFFFFFFFFFFFFFFFF83
:20BDE000FFFFFFFFFFFFFFFFFFFFFFFFFFFFFFFFFFFFFFFFFFFFFFFFFFFFFFFFFFFFFFFF63
:20BE0000FFFFFFFFFFFFFFFFFFFFFFFFFFFFFFFFFFFFFFFFFFFFFFFFFFFFFFFFFFFFFFFF42
:20BE2000FFFFFFFFFFFFFFFFFFFFFFFFFFFFFFFFFFFFFFFFFFFFFFFFFFFFFFFFFFFFFFFF22
:20BE4000FFFFFFFFFFFFFFFFFFFFFFFFFFFFFFFFFFFFFFFFFFFFFFFFFFFFFFFFFFFFFFFF02
:20BE6000FFFFFFFFFFFFFFFFFFFFFFFFFFFFFFFFFFFFFFFFFFFFFFFFFFFFFFFFFFFFFFFFE2
:20BE8000FFFFFFFFFFFFFFFFFFFFFFFFFFFFFFFFFFFFFFFFFFFFFFFFFFFFFFFFFFFFFFFFC2
:20BEA000FFFFFFFFFFFFFFFFFFFFFFFFFFFFFFFFFFFFFFFFFFFFFFFFFFFFFFFFFFFFFFFFA2
:20BEC000FFFFFFFFFFFFFFFFFFFFFFFFFFFFFFFFFFFFFFFFFFFFFFFFFFFFFFFFFFFFFFFF82
:20BEE000FFFFFFFFFFFFFFFFFFFFFFFFFFFFFFFFFFFFFFFFFFFFFFFFFFFFFFFFFFFFFFFF62
:20BF0000FFFFFFFFFFFFFFFFFFFFFFFFFFFFFFFFFFFFFFFFFFFFFFFFFFFFFFFFFFFFFFFF41
:20BF2000FFFFFFFFFFFFFFFFFFFFFFFFFFFFFFFFFFFFFFFFFFFFFFFFFFFFFFFFFFFFFFFF21
:20BF4000FFFFFFFFFFFFFFFFFFFFFFFFFFFFFFFFFFFFFFFFFFFFFFFFFFFFFFFFFFFFFFFF01
:20BF6000FFFFFFFFFFFFFFFFFFFFFFFFFFFFFFFFFFFFFFFFFFFFFFFFFFFFFFFFFFFFFFFFE1
:20BF8000FFFFFFFFFFFFFFFFFFFFFFFFFFFFFFFFFFFFFFFFFFFFFFFFFFFFFFFFFFFFFFFFC1
:20BFA000FFFFFFFFFFFFFFFFFFFFFFFFFFFFFFFFFFFFFFFFFFFFFFFFFFFFFFFFFFFFFFFFA1
:20BFC000FFFFFFFFFFFFFFFFFFFFFFFFFFFFFFFFFFFFFFFFFFFFFFFFFFFFFFFFFFFFFFFF81
:20BFE000FFFFFFFFFFFFFFFFFFFFFFFFFFFFFFFFFFFFFFFFFFFFFFFFFFFFFFFFFFFFFFFF61
:20C00000FFFFFFFFFFFFFFFFFFFFFFFFFFFFFFFFFFFFFFFFFFFFFFFFFFFFFFFFFFFFFFFF40
:20C02000FFFFFFFFFFFFFFFFFFFFFFFFFFFFFFFFFFFFFFFFFFFFFFFFFFFFFFFFFFFFFFFF20
:20C04000FFFFFFFFFFFFFFFFFFFFFFFFFFFFFFFFFFFFFFFFFFFFFFFFFFFFFFFFFFFFFFFF00
:20C06000FFFFFFFFFFFFFFFFFFFFFFFFFFFFFFFFFFFFFFFFFFFFFFFFFFFFFFFFFFFFFFFFE0
:20C08000FFFFFFFFFFFFFFFFFFFFFFFFFFFFFFFFFFFFFFFFFFFFFFFFFFFFFFFFFFFFFFFFC0
:20C0A000FFFFFFFFFFFFFFFFFFFFFFFFFFFFFFFFFFFFFFFFFFFFFFFFFFFFFFFFFFFFFFFFA0
:20C0C000FFFFFFFFFFFFFFFFFFFFFFFFFFFFFFFFFFFFFFFFFFFFFFFFFFFFFFFFFFFFFFFF80
:20C0E000FFFFFFFFFFFFFFFFFFFFFFFFFFFFFFFFFFFFFFFFFFFFFFFFFFFFFFFFFFFFFFFF60
:20C10000FFFFFFFFFFFFFFFFFFFFFFFFFFFFFFFFFFFFFFFFFFFFFFFFFFFFFFFFFFFFFFFF3F
:20C12000FFFFFFFFFFFFFFFFFFFFFFFFFFFFFFFFFFFFFFFFFFFFFFFFFFFFFFFFFFFFFFFF1F
:20C14000FFFFFFFFFFFFFFFFFFFFFFFFFFFFFFFFFFFFFFFFFFFFFFFFFFFFFFFFFFFFFFFFFF
:20C16000FFFFFFFFFFFFFFFFFFFFFFFFFFFFFFFFFFFFFFFFFFFFFFFFFFFFFFFFFFFFFFFFDF
:20C18000FFFFFFFFFFFFFFFFFFFFFFFFFFFFFFFFFFFFFFFFFFFFFFFFFFFFFFFFFFFFFFFFBF
:20C1A000FFFFFFFFFFFFFFFFFFFFFFFFFFFFFFFFFFFFFFFFFFFFFFFFFFFFFFFFFFFFFFFF9F
:20C1C000FFFFFFFFFFFFFFFFFFFFFFFFFFFFFFFFFFFFFFFFFFFFFFFFFFFFFFFFFFFFFFFF7F
:20C1E000FFFFFFFFFFFFFFFFFFFFFFFFFFFFFFFFFFFFFFFFFFFFFFFFFFFFFFFFFFFFFFFF5F
:20C20000FFFFFFFFFFFFFFFFFFFFFFFFFFFFFFFFFFFFFFFFFFFFFFFFFFFFFFFFFFFFFFFF3E
:20C22000FFFFFFFFFFFFFFFFFFFFFFFFFFFFFFFFFFFFFFFFFFFFFFFFFFFFFFFFFFFFFFFF1E
:20C24000FFFFFFFFFFFFFFFFFFFFFFFFFFFFFFFFFFFFFFFFFFFFFFFFFFFFFFFFFFFFFFFFFE
:20C26000FFFFFFFFFFFFFFFFFFFFFFFFFFFFFFFFFFFFFFFFFFFFFFFFFFFFFFFFFFFFFFFFDE
:20C28000FFFFFFFFFFFFFFFFFFFFFFFFFFFFFFFFFFFFFFFFFFFFFFFFFFFFFFFFFFFFFFFFBE
:20C2A000FFFFFFFFFFFFFFFFFFFFFFFFFFFFFFFFFFFFFFFFFFFFFFFFFFFFFFFFFFFFFFFF9E
:20C2C000FFFFFFFFFFFFFFFFFFFFFFFFFFFFFFFFFFFFFFFFFFFFFFFFFFFFFFFFFFFFFFFF7E
:20C2E000FFFFFFFFFFFFFFFFFFFFFFFFFFFFFFFFFFFFFFFFFFFFFFFFFFFFFFFFFFFFFFFF5E
:20C30000FFFFFFFFFFFFFFFFFFFFFFFFFFFFFFFFFFFFFFFFFFFFFFFFFFFFFFFFFFFFFFFF3D
:20C32000FFFFFFFFFFFFFFFFFFFFFFFFFFFFFFFFFFFFFFFFFFFFFFFFFFFFFFFFFFFFFFFF1D
:20C34000FFFFFFFFFFFFFFFFFFFFFFFFFFFFFFFFFFFFFFFFFFFFFFFFFFFFFFFFFFFFFFFFFD
:20C36000FFFFFFFFFFFFFFFFFFFFFFFFFFFFFFFFFFFFFFFFFFFFFFFFFFFFFFFFFFFFFFFFDD
:20C38000FFFFFFFFFFFFFFFFFFFFFFFFFFFFFFFFFFFFFFFFFFFFFFFFFFFFFFFFFFFFFFFFBD
:20C3A000FFFFFFFFFFFFFFFFFFFFFFFFFFFFFFFFFFFFFFFFFFFFFFFFFFFFFFFFFFFFFFFF9D
:20C3C000FFFFFFFFFFFFFFFFFFFFFFFFFFFFFFFFFFFFFFFFFFFFFFFFFFFFFFFFFFFFFFFF7D
:20C3E000FFFFFFFFFFFFFFFFFFFFFFFFFFFFFFFFFFFFFFFFFFFFFFFFFFFFFFFFFFFFFFFF5D
:20C40000FFFFFFFFFFFFFFFFFFFFFFFFFFFFFFFFFFFFFFFFFFFFFFFFFFFFFFFFFFFFFFFF3C
:20C42000FFFFFFFFFFFFFFFFFFFFFFFFFFFFFFFFFFFFFFFFFFFFFFFFFFFFFFFFFFFFFFFF1C
:20C44000FFFFFFFFFFFFFFFFFFFFFFFFFFFFFFFFFFFFFFFFFFFFFFFFFFFFFFFFFFFFFFFFFC
:20C46000FFFFFFFFFFFFFFFFFFFFFFFFFFFFFFFFFFFFFFFFFFFFFFFFFFFFFFFFFFFFFFFFDC
:20C48000FFFFFFFFFFFFFFFFFFFFFFFFFFFFFFFFFFFFFFFFFFFFFFFFFFFFFFFFFFFFFFFFBC
:20C4A000FFFFFFFFFFFFFFFFFFFFFFFFFFFFFFFFFFFFFFFFFFFFFFFFFFFFFFFFFFFFFFFF9C
:20C4C000FFFFFFFFFFFFFFFFFFFFFFFFFFFFFFFFFFFFFFFFFFFFFFFFFFFFFFFFFFFFFFFF7C
:20C4E000FFFFFFFFFFFFFFFFFFFFFFFFFFFFFFFFFFFFFFFFFFFFFFFFFFFFFFFFFFFFFFFF5C
:20C50000FFFFFFFFFFFFFFFFFFFFFFFFFFFFFFFFFFFFFFFFFFFFFFFFFFFFFFFFFFFFFFFF3B
:20C52000FFFFFFFFFFFFFFFFFFFFFFFFFFFFFFFFFFFFFFFFFFFFFFFFFFFFFFFFFFFFFFFF1B
:20C54000FFFFFFFFFFFFFFFFFFFFFFFFFFFFFFFFFFFFFFFFFFFFFFFFFFFFFFFFFFFFFFFFFB
:20C56000FFFFFFFFFFFFFFFFFFFFFFFFFFFFFFFFFFFFFFFFFFFFFFFFFFFFFFFFFFFFFFFFDB
:20C58000FFFFFFFFFFFFFFFFFFFFFFFFFFFFFFFFFFFFFFFFFFFFFFFFFFFFFFFFFFFFFFFFBB
:20C5A000FFFFFFFFFFFFFFFFFFFFFFFFFFFFFFFFFFFFFFFFFFFFFFFFFFFFFFFFFFFFFFFF9B
:20C5C000FFFFFFFFFFFFFFFFFFFFFFFFFFFFFFFFFFFFFFFFFFFFFFFFFFFFFFFFFFFFFFFF7B
:20C5E000FFFFFFFFFFFFFFFFFFFFFFFFFFFFFFFFFFFFFFFFFFFFFFFFFFFFFFFFFFFFFFFF5B
:20C60000FFFFFFFFFFFFFFFFFFFFFFFFFFFFFFFFFFFFFFFFFFFFFFFFFFFFFFFFFFFFFFFF3A
:20C62000FFFFFFFFFFFFFFFFFFFFFFFFFFFFFFFFFFFFFFFFFFFFFFFFFFFFFFFFFFFFFFFF1A
:20C64000FFFFFFFFFFFFFFFFFFFFFFFFFFFFFFFFFFFFFFFFFFFFFFFFFFFFFFFFFFFFFFFFFA
:20C66000FFFFFFFFFFFFFFFFFFFFFFFFFFFFFFFFFFFFFFFFFFFFFFFFFFFFFFFFFFFFFFFFDA
:20C68000FFFFFFFFFFFFFFFFFFFFFFFFFFFFFFFFFFFFFFFFFFFFFFFFFFFFFFFFFFFFFFFFBA
:20C6A000FFFFFFFFFFFFFFFFFFFFFFFFFFFFFFFFFFFFFFFFFFFFFFFFFFFFFFFFFFFFFFFF9A
:20C6C000FFFFFFFFFFFFFFFFFFFFFFFFFFFFFFFFFFFFFFFFFFFFFFFFFFFFFFFFFFFFFFFF7A
:20C6E000FFFFFFFFFFFFFFFFFFFFFFFFFFFFFFFFFFFFFFFFFFFFFFFFFFFFFFFFFFFFFFFF5A
:20C70000FFFFFFFFFFFFFFFFFFFFFFFFFFFFFFFFFFFFFFFFFFFFFFFFFFFFFFFFFFFFFFFF39
:20C72000FFFFFFFFFFFFFFFFFFFFFFFFFFFFFFFFFFFFFFFFFFFFFFFFFFFFFFFFFFFFFFFF19
:20C74000FFFFFFFFFFFFFFFFFFFFFFFFFFFFFFFFFFFFFFFFFFFFFFFFFFFFFFFFFFFFFFFFF9
:20C76000FFFFFFFFFFFFFFFFFFFFFFFFFFFFFFFFFFFFFFFFFFFFFFFFFFFFFFFFFFFFFFFFD9
:20C78000FFFFFFFFFFFFFFFFFFFFFFFFFFFFFFFFFFFFFFFFFFFFFFFFFFFFFFFFFFFFFFFFB9
:20C7A000FFFFFFFFFFFFFFFFFFFFFFFFFFFFFFFFFFFFFFFFFFFFFFFFFFFFFFFFFFFFFFFF99
:20C7C000FFFFFFFFFFFFFFFFFFFFFFFFFFFFFFFFFFFFFFFFFFFFFFFFFFFFFFFFFFFFFFFF79
:20C7E000FFFFFFFFFFFFFFFFFFFFFFFFFFFFFFFFFFFFFFFFFFFFFFFFFFFFFFFFFFFFFFFF59
:20C80000FFFFFFFFFFFFFFFFFFFFFFFFFFFFFFFFFFFFFFFFFFFFFFFFFFFFFFFFFFFFFFFF38
:20C82000FFFFFFFFFFFFFFFFFFFFFFFFFFFFFFFFFFFFFFFFFFFFFFFFFFFFFFFFFFFFFFFF18
:20C84000FFFFFFFFFFFFFFFFFFFFFFFFFFFFFFFFFFFFFFFFFFFFFFFFFFFFFFFFFFFFFFFFF8
:20C86000FFFFFFFFFFFFFFFFFFFFFFFFFFFFFFFFFFFFFFFFFFFFFFFFFFFFFFFFFFFFFFFFD8
:20C88000FFFFFFFFFFFFFFFFFFFFFFFFFFFFFFFFFFFFFFFFFFFFFFFFFFFFFFFFFFFFFFFFB8
:20C8A000FFFFFFFFFFFFFFFFFFFFFFFFFFFFFFFFFFFFFFFFFFFFFFFFFFFFFFFFFFFFFFFF98
:20C8C000FFFFFFFFFFFFFFFFFFFFFFFFFFFFFFFFFFFFFFFFFFFFFFFFFFFFFFFFFFFFFFFF78
:20C8E000FFFFFFFFFFFFFFFFFFFFFFFFFFFFFFFFFFFFFFFFFFFFFFFFFFFFFFFFFFFFFFFF58
:20C90000FFFFFFFFFFFFFFFFFFFFFFFFFFFFFFFFFFFFFFFFFFFFFFFFFFFFFFFFFFFFFFFF37
:20C92000FFFFFFFFFFFFFFFFFFFFFFFFFFFFFFFFFFFFFFFFFFFFFFFFFFFFFFFFFFFFFFFF17
:20C94000FFFFFFFFFFFFFFFFFFFFFFFFFFFFFFFFFFFFFFFFFFFFFFFFFFFFFFFFFFFFFFFFF7
:20C96000FFFFFFFFFFFFFFFFFFFFFFFFFFFFFFFFFFFFFFFFFFFFFFFFFFFFFFFFFFFFFFFFD7
:20C98000FFFFFFFFFFFFFFFFFFFFFFFFFFFFFFFFFFFFFFFFFFFFFFFFFFFFFFFFFFFFFFFFB7
:20C9A000FFFFFFFFFFFFFFFFFFFFFFFFFFFFFFFFFFFFFFFFFFFFFFFFFFFFFFFFFFFFFFFF97
:20C9C000FFFFFFFFFFFFFFFFFFFFFFFFFFFFFFFFFFFFFFFFFFFFFFFFFFFFFFFFFFFFFFFF77
:20C9E000FFFFFFFFFFFFFFFFFFFFFFFFFFFFFFFFFFFFFFFFFFFFFFFFFFFFFFFFFFFFFFFF57
:20CA0000FFFFFFFFFFFFFFFFFFFFFFFFFFFFFFFFFFFFFFFFFFFFFFFFFFFFFFFFFFFFFFFF36
:20CA2000FFFFFFFFFFFFFFFFFFFFFFFFFFFFFFFFFFFFFFFFFFFFFFFFFFFFFFFFFFFFFFFF16
:20CA4000FFFFFFFFFFFFFFFFFFFFFFFFFFFFFFFFFFFFFFFFFFFFFFFFFFFFFFFFFFFFFFFFF6
:20CA6000FFFFFFFFFFFFFFFFFFFFFFFFFFFFFFFFFFFFFFFFFFFFFFFFFFFFFFFFFFFFFFFFD6
:20CA8000FFFFFFFFFFFFFFFFFFFFFFFFFFFFFFFFFFFFFFFFFFFFFFFFFFFFFFFFFFFFFFFFB6
:20CAA000FFFFFFFFFFFFFFFFFFFFFFFFFFFFFFFFFFFFFFFFFFFFFFFFFFFFFFFFFFFFFFFF96
:20CAC000FFFFFFFFFFFFFFFFFFFFFFFFFFFFFFFFFFFFFFFFFFFFFFFFFFFFFFFFFFFFFFFF76
:20CAE000FFFFFFFFFFFFFFFFFFFFFFFFFFFFFFFFFFFFFFFFFFFFFFFFFFFFFFFFFFFFFFFF56
:20CB0000FFFFFFFFFFFFFFFFFFFFFFFFFFFFFFFFFFFFFFFFFFFFFFFFFFFFFFFFFFFFFFFF35
:20CB2000FFFFFFFFFFFFFFFFFFFFFFFFFFFFFFFFFFFFFFFFFFFFFFFFFFFFFFFFFFFFFFFF15
:20CB4000FFFFFFFFFFFFFFFFFFFFFFFFFFFFFFFFFFFFFFFFFFFFFFFFFFFFFFFFFFFFFFFFF5
:20CB6000FFFFFFFFFFFFFFFFFFFFFFFFFFFFFFFFFFFFFFFFFFFFFFFFFFFFFFFFFFFFFFFFD5
:20CB8000FFFFFFFFFFFFFFFFFFFFFFFFFFFFFFFFFFFFFFFFFFFFFFFFFFFFFFFFFFFFFFFFB5
:20CBA000FFFFFFFFFFFFFFFFFFFFFFFFFFFFFFFFFFFFFFFFFFFFFFFFFFFFFFFFFFFFFFFF95
:20CBC000FFFFFFFFFFFFFFFFFFFFFFFFFFFFFFFFFFFFFFFFFFFFFFFFFFFFFFFFFFFFFFFF75
:20CBE000FFFFFFFFFFFFFFFFFFFFFFFFFFFFFFFFFFFFFFFFFFFFFFFFFFFFFFFFFFFFFFFF55
:20CC0000FFFFFFFFFFFFFFFFFFFFFFFFFFFFFFFFFFFFFFFFFFFFFFFFFFFFFFFFFFFFFFFF34
:20CC2000FFFFFFFFFFFFFFFFFFFFFFFFFFFFFFFFFFFFFFFFFFFFFFFFFFFFFFFFFFFFFFFF14
:20CC4000FFFFFFFFFFFFFFFFFFFFFFFFFFFFFFFFFFFFFFFFFFFFFFFFFFFFFFFFFFFFFFFFF4
:20CC6000FFFFFFFFFFFFFFFFFFFFFFFFFFFFFFFFFFFFFFFFFFFFFFFFFFFFFFFFFFFFFFFFD4
:20CC8000FFFFFFFFFFFFFFFFFFFFFFFFFFFFFFFFFFFFFFFFFFFFFFFFFFFFFFFFFFFFFFFFB4
:20CCA000FFFFFFFFFFFFFFFFFFFFFFFFFFFFFFFFFFFFFFFFFFFFFFFFFFFFFFFFFFFFFFFF94
:20CCC000FFFFFFFFFFFFFFFFFFFFFFFFFFFFFFFFFFFFFFFFFFFFFFFFFFFFFFFFFFFFFFFF74
:20CCE000FFFFFFFFFFFFFFFFFFFFFFFFFFFFFFFFFFFFFFFFFFFFFFFFFFFFFFFFFFFFFFFF54
:20CD0000FFFFFFFFFFFFFFFFFFFFFFFFFFFFFFFFFFFFFFFFFFFFFFFFFFFFFFFFFFFFFFFF33
:20CD2000FFFFFFFFFFFFFFFFFFFFFFFFFFFFFFFFFFFFFFFFFFFFFFFFFFFFFFFFFFFFFFFF13
:20CD4000FFFFFFFFFFFFFFFFFFFFFFFFFFFFFFFFFFFFFFFFFFFFFFFFFFFFFFFFFFFFFFFFF3
:20CD6000FFFFFFFFFFFFFFFFFFFFFFFFFFFFFFFFFFFFFFFFFFFFFFFFFFFFFFFFFFFFFFFFD3
:20CD8000FFFFFFFFFFFFFFFFFFFFFFFFFFFFFFFFFFFFFFFFFFFFFFFFFFFFFFFFFFFFFFFFB3
:20CDA000FFFFFFFFFFFFFFFFFFFFFFFFFFFFFFFFFFFFFFFFFFFFFFFFFFFFFFFFFFFFFFFF93
:20CDC000FFFFFFFFFFFFFFFFFFFFFFFFFFFFFFFFFFFFFFFFFFFFFFFFFFFFFFFFFFFFFFFF73
:20CDE000FFFFFFFFFFFFFFFFFFFFFFFFFFFFFFFFFFFFFFFFFFFFFFFFFFFFFFFFFFFFFFFF53
:20CE0000FFFFFFFFFFFFFFFFFFFFFFFFFFFFFFFFFFFFFFFFFFFFFFFFFFFFFFFFFFFFFFFF32
:20CE2000FFFFFFFFFFFFFFFFFFFFFFFFFFFFFFFFFFFFFFFFFFFFFFFFFFFFFFFFFFFFFFFF12
:20CE4000FFFFFFFFFFFFFFFFFFFFFFFFFFFFFFFFFFFFFFFFFFFFFFFFFFFFFFFFFFFFFFFFF2
:20CE6000FFFFFFFFFFFFFFFFFFFFFFFFFFFFFFFFFFFFFFFFFFFFFFFFFFFFFFFFFFFFFFFFD2
:20CE8000FFFFFFFFFFFFFFFFFFFFFFFFFFFFFFFFFFFFFFFFFFFFFFFFFFFFFFFFFFFFFFFFB2
:20CEA000FFFFFFFFFFFFFFFFFFFFFFFFFFFFFFFFFFFFFFFFFFFFFFFFFFFFFFFFFFFFFFFF92
:20CEC000FFFFFFFFFFFFFFFFFFFFFFFFFFFFFFFFFFFFFFFFFFFFFFFFFFFFFFFFFFFFFFFF72
:20CEE000FFFFFFFFFFFFFFFFFFFFFFFFFFFFFFFFFFFFFFFFFFFFFFFFFFFFFFFFFFFFFFFF52
:20CF0000FFFFFFFFFFFFFFFFFFFFFFFFFFFFFFFFFFFFFFFFFFFFFFFFFFFFFFFFFFFFFFFF31
:20CF2000FFFFFFFFFFFFFFFFFFFFFFFFFFFFFFFFFFFFFFFFFFFFFFFFFFFFFFFFFFFFFFFF11
:20CF4000FFFFFFFFFFFFFFFFFFFFFFFFFFFFFFFFFFFFFFFFFFFFFFFFFFFFFFFFFFFFFFFFF1
:20CF6000FFFFFFFFFFFFFFFFFFFFFFFFFFFFFFFFFFFFFFFFFFFFFFFFFFFFFFFFFFFFFFFFD1
:20CF8000FFFFFFFFFFFFFFFFFFFFFFFFFFFFFFFFFFFFFFFFFFFFFFFFFFFFFFFFFFFFFFFFB1
:20CFA000FFFFFFFFFFFFFFFFFFFFFFFFFFFFFFFFFFFFFFFFFFFFFFFFFFFFFFFFFFFFFFFF91
:20CFC000FFFFFFFFFFFFFFFFFFFFFFFFFFFFFFFFFFFFFFFFFFFFFFFFFFFFFFFFFFFFFFFF71
:20CFE000FFFFFFFFFFFFFFFFFFFFFFFFFFFFFFFFFFFFFFFFFFFFFFFFFFFFFFFFFFFFFFFF51
:20D00000FFFFFFFFFFFFFFFFFFFFFFFFFFFFFFFFFFFFFFFFFFFFFFFFFFFFFFFFFFFFFFFF30
:20D02000FFFFFFFFFFFFFFFFFFFFFFFFFFFFFFFFFFFFFFFFFFFFFFFFFFFFFFFFFFFFFFFF10
:20D04000FFFFFFFFFFFFFFFFFFFFFFFFFFFFFFFFFFFFFFFFFFFFFFFFFFFFFFFFFFFFFFFFF0
:20D06000FFFFFFFFFFFFFFFFFFFFFFFFFFFFFFFFFFFFFFFFFFFFFFFFFFFFFFFFFFFFFFFFD0
:20D08000FFFFFFFFFFFFFFFFFFFFFFFFFFFFFFFFFFFFFFFFFFFFFFFFFFFFFFFFFFFFFFFFB0
:20D0A000FFFFFFFFFFFFFFFFFFFFFFFFFFFFFFFFFFFFFFFFFFFFFFFFFFFFFFFFFFFFFFFF90
:20D0C000FFFFFFFFFFFFFFFFFFFFFFFFFFFFFFFFFFFFFFFFFFFFFFFFFFFFFFFFFFFFFFFF70
:20D0E000FFFFFFFFFFFFFFFFFFFFFFFFFFFFFFFFFFFFFFFFFFFFFFFFFFFFFFFFFFFFFFFF50
:20D10000FFFFFFFFFFFFFFFFFFFFFFFFFFFFFFFFFFFFFFFFFFFFFFFFFFFFFFFFFFFFFFFF2F
:20D12000FFFFFFFFFFFFFFFFFFFFFFFFFFFFFFFFFFFFFFFFFFFFFFFFFFFFFFFFFFFFFFFF0F
:20D14000FFFFFFFFFFFFFFFFFFFFFFFFFFFFFFFFFFFFFFFFFFFFFFFFFFFFFFFFFFFFFFFFEF
:20D16000FFFFFFFFFFFFFFFFFFFFFFFFFFFFFFFFFFFFFFFFFFFFFFFFFFFFFFFFFFFFFFFFCF
:20D18000FFFFFFFFFFFFFFFFFFFFFFFFFFFFFFFFFFFFFFFFFFFFFFFFFFFFFFFFFFFFFFFFAF
:20D1A000FFFFFFFFFFFFFFFFFFFFFFFFFFFFFFFFFFFFFFFFFFFFFFFFFFFFFFFFFFFFFFFF8F
:20D1C000FFFFFFFFFFFFFFFFFFFFFFFFFFFFFFFFFFFFFFFFFFFFFFFFFFFFFFFFFFFFFFFF6F
:20D1E000FFFFFFFFFFFFFFFFFFFFFFFFFFFFFFFFFFFFFFFFFFFFFFFFFFFFFFFFFFFFFFFF4F
:20D20000FFFFFFFFFFFFFFFFFFFFFFFFFFFFFFFFFFFFFFFFFFFFFFFFFFFFFFFFFFFFFFFF2E
:20D22000FFFFFFFFFFFFFFFFFFFFFFFFFFFFFFFFFFFFFFFFFFFFFFFFFFFFFFFFFFFFFFFF0E
:20D24000FFFFFFFFFFFFFFFFFFFFFFFFFFFFFFFFFFFFFFFFFFFFFFFFFFFFFFFFFFFFFFFFEE
:20D26000FFFFFFFFFFFFFFFFFFFFFFFFFFFFFFFFFFFFFFFFFFFFFFFFFFFFFFFFFFFFFFFFCE
:20D28000FFFFFFFFFFFFFFFFFFFFFFFFFFFFFFFFFFFFFFFFFFFFFFFFFFFFFFFFFFFFFFFFAE
:20D2A000FFFFFFFFFFFFFFFFFFFFFFFFFFFFFFFFFFFFFFFFFFFFFFFFFFFFFFFFFFFFFFFF8E
:20D2C000FFFFFFFFFFFFFFFFFFFFFFFFFFFFFFFFFFFFFFFFFFFFFFFFFFFFFFFFFFFFFFFF6E
:20D2E000FFFFFFFFFFFFFFFFFFFFFFFFFFFFFFFFFFFFFFFFFFFFFFFFFFFFFFFFFFFFFFFF4E
:20D30000FFFFFFFFFFFFFFFFFFFFFFFFFFFFFFFFFFFFFFFFFFFFFFFFFFFFFFFFFFFFFFFF2D
:20D32000FFFFFFFFFFFFFFFFFFFFFFFFFFFFFFFFFFFFFFFFFFFFFFFFFFFFFFFFFFFFFFFF0D
:20D34000FFFFFFFFFFFFFFFFFFFFFFFFFFFFFFFFFFFFFFFFFFFFFFFFFFFFFFFFFFFFFFFFED
:20D36000FFFFFFFFFFFFFFFFFFFFFFFFFFFFFFFFFFFFFFFFFFFFFFFFFFFFFFFFFFFFFFFFCD
:20D38000FFFFFFFFFFFFFFFFFFFFFFFFFFFFFFFFFFFFFFFFFFFFFFFFFFFFFFFFFFFFFFFFAD
:20D3A000FFFFFFFFFFFFFFFFFFFFFFFFFFFFFFFFFFFFFFFFFFFFFFFFFFFFFFFFFFFFFFFF8D
:20D3C000FFFFFFFFFFFFFFFFFFFFFFFFFFFFFFFFFFFFFFFFFFFFFFFFFFFFFFFFFFFFFFFF6D
:20D3E000FFFFFFFFFFFFFFFFFFFFFFFFFFFFFFFFFFFFFFFFFFFFFFFFFFFFFFFFFFFFFFFF4D
:20D40000FFFFFFFFFFFFFFFFFFFFFFFFFFFFFFFFFFFFFFFFFFFFFFFFFFFFFFFFFFFFFFFF2C
:20D42000FFFFFFFFFFFFFFFFFFFFFFFFFFFFFFFFFFFFFFFFFFFFFFFFFFFFFFFFFFFFFFFF0C
:20D44000FFFFFFFFFFFFFFFFFFFFFFFFFFFFFFFFFFFFFFFFFFFFFFFFFFFFFFFFFFFFFFFFEC
:20D46000FFFFFFFFFFFFFFFFFFFFFFFFFFFFFFFFFFFFFFFFFFFFFFFFFFFFFFFFFFFFFFFFCC
:20D48000FFFFFFFFFFFFFFFFFFFFFFFFFFFFFFFFFFFFFFFFFFFFFFFFFFFFFFFFFFFFFFFFAC
:20D4A000FFFFFFFFFFFFFFFFFFFFFFFFFFFFFFFFFFFFFFFFFFFFFFFFFFFFFFFFFFFFFFFF8C
:20D4C000FFFFFFFFFFFFFFFFFFFFFFFFFFFFFFFFFFFFFFFFFFFFFFFFFFFFFFFFFFFFFFFF6C
:20D4E000FFFFFFFFFFFFFFFFFFFFFFFFFFFFFFFFFFFFFFFFFFFFFFFFFFFFFFFFFFFFFFFF4C
:20D50000FFFFFFFFFFFFFFFFFFFFFFFFFFFFFFFFFFFFFFFFFFFFFFFFFFFFFFFFFFFFFFFF2B
:20D52000FFFFFFFFFFFFFFFFFFFFFFFFFFFFFFFFFFFFFFFFFFFFFFFFFFFFFFFFFFFFFFFF0B
:20D54000FFFFFFFFFFFFFFFFFFFFFFFFFFFFFFFFFFFFFFFFFFFFFFFFFFFFFFFFFFFFFFFFEB
:20D56000FFFFFFFFFFFFFFFFFFFFFFFFFFFFFFFFFFFFFFFFFFFFFFFFFFFFFFFFFFFFFFFFCB
:20D58000FFFFFFFFFFFFFFFFFFFFFFFFFFFFFFFFFFFFFFFFFFFFFFFFFFFFFFFFFFFFFFFFAB
:20D5A000FFFFFFFFFFFFFFFFFFFFFFFFFFFFFFFFFFFFFFFFFFFFFFFFFFFFFFFFFFFFFFFF8B
:20D5C000FFFFFFFFFFFFFFFFFFFFFFFFFFFFFFFFFFFFFFFFFFFFFFFFFFFFFFFFFFFFFFFF6B
:20D5E000FFFFFFFFFFFFFFFFFFFFFFFFFFFFFFFFFFFFFFFFFFFFFFFFFFFFFFFFFFFFFFFF4B
:20D60000FFFFFFFFFFFFFFFFFFFFFFFFFFFFFFFFFFFFFFFFFFFFFFFFFFFFFFFFFFFFFFFF2A
:20D62000FFFFFFFFFFFFFFFFFFFFFFFFFFFFFFFFFFFFFFFFFFFFFFFFFFFFFFFFFFFFFFFF0A
:20D64000FFFFFFFFFFFFFFFFFFFFFFFFFFFFFFFFFFFFFFFFFFFFFFFFFFFFFFFFFFFFFFFFEA
:20D66000FFFFFFFFFFFFFFFFFFFFFFFFFFFFFFFFFFFFFFFFFFFFFFFFFFFFFFFFFFFFFFFFCA
:20D68000FFFFFFFFFFFFFFFFFFFFFFFFFFFFFFFFFFFFFFFFFFFFFFFFFFFFFFFFFFFFFFFFAA
:20D6A000FFFFFFFFFFFFFFFFFFFFFFFFFFFFFFFFFFFFFFFFFFFFFFFFFFFFFFFFFFFFFFFF8A
:20D6C000FFFFFFFFFFFFFFFFFFFFFFFFFFFFFFFFFFFFFFFFFFFFFFFFFFFFFFFFFFFFFFFF6A
:20D6E000FFFFFFFFFFFFFFFFFFFFFFFFFFFFFFFFFFFFFFFFFFFFFFFFFFFFFFFFFFFFFFFF4A
:20D70000FFFFFFFFFFFFFFFFFFFFFFFFFFFFFFFFFFFFFFFFFFFFFFFFFFFFFFFFFFFFFFFF29
:20D72000FFFFFFFFFFFFFFFFFFFFFFFFFFFFFFFFFFFFFFFFFFFFFFFFFFFFFFFFFFFFFFFF09
:20D74000FFFFFFFFFFFFFFFFFFFFFFFFFFFFFFFFFFFFFFFFFFFFFFFFFFFFFFFFFFFFFFFFE9
:20D76000FFFFFFFFFFFFFFFFFFFFFFFFFFFFFFFFFFFFFFFFFFFFFFFFFFFFFFFFFFFFFFFFC9
:20D78000FFFFFFFFFFFFFFFFFFFFFFFFFFFFFFFFFFFFFFFFFFFFFFFFFFFFFFFFFFFFFFFFA9
:20D7A000FFFFFFFFFFFFFFFFFFFFFFFFFFFFFFFFFFFFFFFFFFFFFFFFFFFFFFFFFFFFFFFF89
:20D7C000FFFFFFFFFFFFFFFFFFFFFFFFFFFFFFFFFFFFFFFFFFFFFFFFFFFFFFFFFFFFFFFF69
:20D7E000FFFFFFFFFFFFFFFFFFFFFFFFFFFFFFFFFFFFFFFFFFFFFFFFFFFFFFFFFFFFFFFF49
:20D80000FFFFFFFFFFFFFFFFFFFFFFFFFFFFFFFFFFFFFFFFFFFFFFFFFFFFFFFFFFFFFFFF28
:20D82000FFFFFFFFFFFFFFFFFFFFFFFFFFFFFFFFFFFFFFFFFFFFFFFFFFFFFFFFFFFFFFFF08
:20D84000FFFFFFFFFFFFFFFFFFFFFFFFFFFFFFFFFFFFFFFFFFFFFFFFFFFFFFFFFFFFFFFFE8
:20D86000FFFFFFFFFFFFFFFFFFFFFFFFFFFFFFFFFFFFFFFFFFFFFFFFFFFFFFFFFFFFFFFFC8
:20D88000FFFFFFFFFFFFFFFFFFFFFFFFFFFFFFFFFFFFFFFFFFFFFFFFFFFFFFFFFFFFFFFFA8
:20D8A000FFFFFFFFFFFFFFFFFFFFFFFFFFFFFFFFFFFFFFFFFFFFFFFFFFFFFFFFFFFFFFFF88
:20D8C000FFFFFFFFFFFFFFFFFFFFFFFFFFFFFFFFFFFFFFFFFFFFFFFFFFFFFFFFFFFFFFFF68
:20D8E000FFFFFFFFFFFFFFFFFFFFFFFFFFFFFFFFFFFFFFFFFFFFFFFFFFFFFFFFFFFFFFFF48
:20D90000FFFFFFFFFFFFFFFFFFFFFFFFFFFFFFFFFFFFFFFFFFFFFFFFFFFFFFFFFFFFFFFF27
:20D92000FFFFFFFFFFFFFFFFFFFFFFFFFFFFFFFFFFFFFFFFFFFFFFFFFFFFFFFFFFFFFFFF07
:20D94000FFFFFFFFFFFFFFFFFFFFFFFFFFFFFFFFFFFFFFFFFFFFFFFFFFFFFFFFFFFFFFFFE7
:20D96000FFFFFFFFFFFFFFFFFFFFFFFFFFFFFFFFFFFFFFFFFFFFFFFFFFFFFFFFFFFFFFFFC7
:20D98000FFFFFFFFFFFFFFFFFFFFFFFFFFFFFFFFFFFFFFFFFFFFFFFFFFFFFFFFFFFFFFFFA7
:20D9A000FFFFFFFFFFFFFFFFFFFFFFFFFFFFFFFFFFFFFFFFFFFFFFFFFFFFFFFFFFFFFFFF87
:20D9C000FFFFFFFFFFFFFFFFFFFFFFFFFFFFFFFFFFFFFFFFFFFFFFFFFFFFFFFFFFFFFFFF67
:20D9E000FFFFFFFFFFFFFFFFFFFFFFFFFFFFFFFFFFFFFFFFFFFFFFFFFFFFFFFFFFFFFFFF47
:20DA0000FFFFFFFFFFFFFFFFFFFFFFFFFFFFFFFFFFFFFFFFFFFFFFFFFFFFFFFFFFFFFFFF26
:20DA2000FFFFFFFFFFFFFFFFFFFFFFFFFFFFFFFFFFFFFFFFFFFFFFFFFFFFFFFFFFFFFFFF06
:20DA4000FFFFFFFFFFFFFFFFFFFFFFFFFFFFFFFFFFFFFFFFFFFFFFFFFFFFFFFFFFFFFFFFE6
:20DA6000FFFFFFFFFFFFFFFFFFFFFFFFFFFFFFFFFFFFFFFFFFFFFFFFFFFFFFFFFFFFFFFFC6
:20DA8000FFFFFFFFFFFFFFFFFFFFFFFFFFFFFFFFFFFFFFFFFFFFFFFFFFFFFFFFFFFFFFFFA6
:20DAA000FFFFFFFFFFFFFFFFFFFFFFFFFFFFFFFFFFFFFFFFFFFFFFFFFFFFFFFFFFFFFFFF86
:20DAC000FFFFFFFFFFFFFFFFFFFFFFFFFFFFFFFFFFFFFFFFFFFFFFFFFFFFFFFFFFFFFFFF66
:20DAE000FFFFFFFFFFFFFFFFFFFFFFFFFFFFFFFFFFFFFFFFFFFFFFFFFFFFFFFFFFFFFFFF46
:20DB0000FFFFFFFFFFFFFFFFFFFFFFFFFFFFFFFFFFFFFFFFFFFFFFFFFFFFFFFFFFFFFFFF25
:20DB2000FFFFFFFFFFFFFFFFFFFFFFFFFFFFFFFFFFFFFFFFFFFFFFFFFFFFFFFFFFFFFFFF05
:20DB4000FFFFFFFFFFFFFFFFFFFFFFFFFFFFFFFFFFFFFFFFFFFFFFFFFFFFFFFFFFFFFFFFE5
:20DB6000FFFFFFFFFFFFFFFFFFFFFFFFFFFFFFFFFFFFFFFFFFFFFFFFFFFFFFFFFFFFFFFFC5
:20DB8000FFFFFFFFFFFFFFFFFFFFFFFFFFFFFFFFFFFFFFFFFFFFFFFFFFFFFFFFFFFFFFFFA5
:20DBA000FFFFFFFFFFFFFFFFFFFFFFFFFFFFFFFFFFFFFFFFFFFFFFFFFFFFFFFFFFFFFFFF85
:20DBC000FFFFFFFFFFFFFFFFFFFFFFFFFFFFFFFFFFFFFFFFFFFFFFFFFFFFFFFFFFFFFFFF65
:20DBE000FFFFFFFFFFFFFFFFFFFFFFFFFFFFFFFFFFFFFFFFFFFFFFFFFFFFFFFFFFFFFFFF45
:20DC0000FFFFFFFFFFFFFFFFFFFFFFFFFFFFFFFFFFFFFFFFFFFFFFFFFFFFFFFFFFFFFFFF24
:20DC2000FFFFFFFFFFFFFFFFFFFFFFFFFFFFFFFFFFFFFFFFFFFFFFFFFFFFFFFFFFFFFFFF04
:20DC4000FFFFFFFFFFFFFFFFFFFFFFFFFFFFFFFFFFFFFFFFFFFFFFFFFFFFFFFFFFFFFFFFE4
:20DC6000FFFFFFFFFFFFFFFFFFFFFFFFFFFFFFFFFFFFFFFFFFFFFFFFFFFFFFFFFFFFFFFFC4
:20DC8000FFFFFFFFFFFFFFFFFFFFFFFFFFFFFFFFFFFFFFFFFFFFFFFFFFFFFFFFFFFFFFFFA4
:20DCA000FFFFFFFFFFFFFFFFFFFFFFFFFFFFFFFFFFFFFFFFFFFFFFFFFFFFFFFFFFFFFFFF84
:20DCC000FFFFFFFFFFFFFFFFFFFFFFFFFFFFFFFFFFFFFFFFFFFFFFFFFFFFFFFFFFFFFFFF64
:20DCE000FFFFFFFFFFFFFFFFFFFFFFFFFFFFFFFFFFFFFFFFFFFFFFFFFFFFFFFFFFFFFFFF44
:20DD0000FFFFFFFFFFFFFFFFFFFFFFFFFFFFFFFFFFFFFFFFFFFFFFFFFFFFFFFFFFFFFFFF23
:20DD2000FFFFFFFFFFFFFFFFFFFFFFFFFFFFFFFFFFFFFFFFFFFFFFFFFFFFFFFFFFFFFFFF03
:20DD4000FFFFFFFFFFFFFFFFFFFFFFFFFFFFFFFFFFFFFFFFFFFFFFFFFFFFFFFFFFFFFFFFE3
:20DD6000FFFFFFFFFFFFFFFFFFFFFFFFFFFFFFFFFFFFFFFFFFFFFFFFFFFFFFFFFFFFFFFFC3
:20DD8000FFFFFFFFFFFFFFFFFFFFFFFFFFFFFFFFFFFFFFFFFFFFFFFFFFFFFFFFFFFFFFFFA3
:20DDA000FFFFFFFFFFFFFFFFFFFFFFFFFFFFFFFFFFFFFFFFFFFFFFFFFFFFFFFFFFFFFFFF83
:20DDC000FFFFFFFFFFFFFFFFFFFFFFFFFFFFFFFFFFFFFFFFFFFFFFFFFFFFFFFFFFFFFFFF63
:20DDE000FFFFFFFFFFFFFFFFFFFFFFFFFFFFFFFFFFFFFFFFFFFFFFFFFFFFFFFFFFFFFFFF43
:20DE0000FFFFFFFFFFFFFFFFFFFFFFFFFFFFFFFFFFFFFFFFFFFFFFFFFFFFFFFFFFFFFFFF22
:20DE2000FFFFFFFFFFFFFFFFFFFFFFFFFFFFFFFFFFFFFFFFFFFFFFFFFFFFFFFFFFFFFFFF02
:20DE4000FFFFFFFFFFFFFFFFFFFFFFFFFFFFFFFFFFFFFFFFFFFFFFFFFFFFFFFFFFFFFFFFE2
:20DE6000FFFFFFFFFFFFFFFFFFFFFFFFFFFFFFFFFFFFFFFFFFFFFFFFFFFFFFFFFFFFFFFFC2
:20DE8000FFFFFFFFFFFFFFFFFFFFFFFFFFFFFFFFFFFFFFFFFFFFFFFFFFFFFFFFFFFFFFFFA2
:20DEA000FFFFFFFFFFFFFFFFFFFFFFFFFFFFFFFFFFFFFFFFFFFFFFFFFFFFFFFFFFFFFFFF82
:20DEC000FFFFFFFFFFFFFFFFFFFFFFFFFFFFFFFFFFFFFFFFFFFFFFFFFFFFFFFFFFFFFFFF62
:20DEE000FFFFFFFFFFFFFFFFFFFFFFFFFFFFFFFFFFFFFFFFFFFFFFFFFFFFFFFFFFFFFFFF42
:20DF0000FFFFFFFFFFFFFFFFFFFFFFFFFFFFFFFFFFFFFFFFFFFFFFFFFFFFFFFFFFFFFFFF21
:20DF2000FFFFFFFFFFFFFFFFFFFFFFFFFFFFFFFFFFFFFFFFFFFFFFFFFFFFFFFFFFFFFFFF01
:20DF4000FFFFFFFFFFFFFFFFFFFFFFFFFFFFFFFFFFFFFFFFFFFFFFFFFFFFFFFFFFFFFFFFE1
:20DF6000FFFFFFFFFFFFFFFFFFFFFFFFFFFFFFFFFFFFFFFFFFFFFFFFFFFFFFFFFFFFFFFFC1
:20DF8000FFFFFFFFFFFFFFFFFFFFFFFFFFFFFFFFFFFFFFFFFFFFFFFFFFFFFFFFFFFFFFFFA1
:20DFA000FFFFFFFFFFFFFFFFFFFFFFFFFFFFFFFFFFFFFFFFFFFFFFFFFFFFFFFFFFFFFFFF81
:20DFC000FFFFFFFFFFFFFFFFFFFFFFFFFFFFFFFFFFFFFFFFFFFFFFFFFFFFFFFFFFFFFFFF61
:20DFE000FFFFFFFFFFFFFFFFFFFFFFFFFFFFFFFFFFFFFFFFFFFFFFFFFFFFFFFFFFFFFFFF41
:20E00000FFFFFFFFFFFFFFFFFFFFFFFFFFFFFFFFFFFFFFFFFFFFFFFFFFFFFFFFFFFFFFFF20
:20E02000FFFFFFFFFFFFFFFFFFFFFFFFFFFFFFFFFFFFFFFFFFFFFFFFFFFFFFFFFFFFFFFF00
:20E04000FFFFFFFFFFFFFFFFFFFFFFFFFFFFFFFFFFFFFFFFFFFFFFFFFFFFFFFFFFFFFFFFE0
:20E06000FFFFFFFFFFFFFFFFFFFFFFFFFFFFFFFFFFFFFFFFFFFFFFFFFFFFFFFFFFFFFFFFC0
:20E08000FFFFFFFFFFFFFFFFFFFFFFFFFFFFFFFFFFFFFFFFFFFFFFFFFFFFFFFFFFFFFFFFA0
:20E0A000FFFFFFFFFFFFFFFFFFFFFFFFFFFFFFFFFFFFFFFFFFFFFFFFFFFFFFFFFFFFFFFF80
:20E0C000FFFFFFFFFFFFFFFFFFFFFFFFFFFFFFFFFFFFFFFFFFFFFFFFFFFFFFFFFFFFFFFF60
:20E0E000FFFFFFFFFFFFFFFFFFFFFFFFFFFFFFFFFFFFFFFFFFFFFFFFFFFFFFFFFFFFFFFF40
:20E10000FFFFFFFFFFFFFFFFFFFFFFFFFFFFFFFFFFFFFFFFFFFFFFFFFFFFFFFFFFFFFFFF1F
:20E12000FFFFFFFFFFFFFFFFFFFFFFFFFFFFFFFFFFFFFFFFFFFFFFFFFFFFFFFFFFFFFFFFFF
:20E14000FFFFFFFFFFFFFFFFFFFFFFFFFFFFFFFFFFFFFFFFFFFFFFFFFFFFFFFFFFFFFFFFDF
:20E16000FFFFFFFFFFFFFFFFFFFFFFFFFFFFFFFFFFFFFFFFFFFFFFFFFFFFFFFFFFFFFFFFBF
:20E18000FFFFFFFFFFFFFFFFFFFFFFFFFFFFFFFFFFFFFFFFFFFFFFFFFFFFFFFFFFFFFFFF9F
:20E1A000FFFFFFFFFFFFFFFFFFFFFFFFFFFFFFFFFFFFFFFFFFFFFFFFFFFFFFFFFFFFFFFF7F
:20E1C000FFFFFFFFFFFFFFFFFFFFFFFFFFFFFFFFFFFFFFFFFFFFFFFFFFFFFFFFFFFFFFFF5F
:20E1E000FFFFFFFFFFFFFFFFFFFFFFFFFFFFFFFFFFFFFFFFFFFFFFFFFFFFFFFFFFFFFFFF3F
:20E20000FFFFFFFFFFFFFFFFFFFFFFFFFFFFFFFFFFFFFFFFFFFFFFFFFFFFFFFFFFFFFFFF1E
:20E22000FFFFFFFFFFFFFFFFFFFFFFFFFFFFFFFFFFFFFFFFFFFFFFFFFFFFFFFFFFFFFFFFFE
:20E24000FFFFFFFFFFFFFFFFFFFFFFFFFFFFFFFFFFFFFFFFFFFFFFFFFFFFFFFFFFFFFFFFDE
:20E26000FFFFFFFFFFFFFFFFFFFFFFFFFFFFFFFFFFFFFFFFFFFFFFFFFFFFFFFFFFFFFFFFBE
:20E28000FFFFFFFFFFFFFFFFFFFFFFFFFFFFFFFFFFFFFFFFFFFFFFFFFFFFFFFFFFFFFFFF9E
:20E2A000FFFFFFFFFFFFFFFFFFFFFFFFFFFFFFFFFFFFFFFFFFFFFFFFFFFFFFFFFFFFFFFF7E
:20E2C000FFFFFFFFFFFFFFFFFFFFFFFFFFFFFFFFFFFFFFFFFFFFFFFFFFFFFFFFFFFFFFFF5E
:20E2E000FFFFFFFFFFFFFFFFFFFFFFFFFFFFFFFFFFFFFFFFFFFFFFFFFFFFFFFFFFFFFFFF3E
:20E30000FFFFFFFFFFFFFFFFFFFFFFFFFFFFFFFFFFFFFFFFFFFFFFFFFFFFFFFFFFFFFFFF1D
:20E32000FFFFFFFFFFFFFFFFFFFFFFFFFFFFFFFFFFFFFFFFFFFFFFFFFFFFFFFFFFFFFFFFFD
:20E34000FFFFFFFFFFFFFFFFFFFFFFFFFFFFFFFFFFFFFFFFFFFFFFFFFFFFFFFFFFFFFFFFDD
:20E36000FFFFFFFFFFFFFFFFFFFFFFFFFFFFFFFFFFFFFFFFFFFFFFFFFFFFFFFFFFFFFFFFBD
:20E38000FFFFFFFFFFFFFFFFFFFFFFFFFFFFFFFFFFFFFFFFFFFFFFFFFFFFFFFFFFFFFFFF9D
:20E3A000FFFFFFFFFFFFFFFFFFFFFFFFFFFFFFFFFFFFFFFFFFFFFFFFFFFFFFFFFFFFFFFF7D
:20E3C000FFFFFFFFFFFFFFFFFFFFFFFFFFFFFFFFFFFFFFFFFFFFFFFFFFFFFFFFFFFFFFFF5D
:20E3E000FFFFFFFFFFFFFFFFFFFFFFFFFFFFFFFFFFFFFFFFFFFFFFFFFFFFFFFFFFFFFFFF3D
:20E40000FFFFFFFFFFFFFFFFFFFFFFFFFFFFFFFFFFFFFFFFFFFFFFFFFFFFFFFFFFFFFFFF1C
:20E42000FFFFFFFFFFFFFFFFFFFFFFFFFFFFFFFFFFFFFFFFFFFFFFFFFFFFFFFFFFFFFFFFFC
:20E44000FFFFFFFFFFFFFFFFFFFFFFFFFFFFFFFFFFFFFFFFFFFFFFFFFFFFFFFFFFFFFFFFDC
:20E46000FFFFFFFFFFFFFFFFFFFFFFFFFFFFFFFFFFFFFFFFFFFFFFFFFFFFFFFFFFFFFFFFBC
:20E48000FFFFFFFFFFFFFFFFFFFFFFFFFFFFFFFFFFFFFFFFFFFFFFFFFFFFFFFFFFFFFFFF9C
:20E4A000FFFFFFFFFFFFFFFFFFFFFFFFFFFFFFFFFFFFFFFFFFFFFFFFFFFFFFFFFFFFFFFF7C
:20E4C000FFFFFFFFFFFFFFFFFFFFFFFFFFFFFFFFFFFFFFFFFFFFFFFFFFFFFFFFFFFFFFFF5C
:20E4E000FFFFFFFFFFFFFFFFFFFFFFFFFFFFFFFFFFFFFFFFFFFFFFFFFFFFFFFFFFFFFFFF3C
:20E50000FFFFFFFFFFFFFFFFFFFFFFFFFFFFFFFFFFFFFFFFFFFFFFFFFFFFFFFFFFFFFFFF1B
:20E52000FFFFFFFFFFFFFFFFFFFFFFFFFFFFFFFFFFFFFFFFFFFFFFFFFFFFFFFFFFFFFFFFFB
:20E54000FFFFFFFFFFFFFFFFFFFFFFFFFFFFFFFFFFFFFFFFFFFFFFFFFFFFFFFFFFFFFFFFDB
:20E56000FFFFFFFFFFFFFFFFFFFFFFFFFFFFFFFFFFFFFFFFFFFFFFFFFFFFFFFFFFFFFFFFBB
:20E58000FFFFFFFFFFFFFFFFFFFFFFFFFFFFFFFFFFFFFFFFFFFFFFFFFFFFFFFFFFFFFFFF9B
:20E5A000FFFFFFFFFFFFFFFFFFFFFFFFFFFFFFFFFFFFFFFFFFFFFFFFFFFFFFFFFFFFFFFF7B
:20E5C000FFFFFFFFFFFFFFFFFFFFFFFFFFFFFFFFFFFFFFFFFFFFFFFFFFFFFFFFFFFFFFFF5B
:20E5E000FFFFFFFFFFFFFFFFFFFFFFFFFFFFFFFFFFFFFFFFFFFFFFFFFFFFFFFFFFFFFFFF3B
:20E60000FFFFFFFFFFFFFFFFFFFFFFFFFFFFFFFFFFFFFFFFFFFFFFFFFFFFFFFFFFFFFFFF1A
:20E62000FFFFFFFFFFFFFFFFFFFFFFFFFFFFFFFFFFFFFFFFFFFFFFFFFFFFFFFFFFFFFFFFFA
:20E64000FFFFFFFFFFFFFFFFFFFFFFFFFFFFFFFFFFFFFFFFFFFFFFFFFFFFFFFFFFFFFFFFDA
:20E66000FFFFFFFFFFFFFFFFFFFFFFFFFFFFFFFFFFFFFFFFFFFFFFFFFFFFFFFFFFFFFFFFBA
:20E68000FFFFFFFFFFFFFFFFFFFFFFFFFFFFFFFFFFFFFFFFFFFFFFFFFFFFFFFFFFFFFFFF9A
:20E6A000FFFFFFFFFFFFFFFFFFFFFFFFFFFFFFFFFFFFFFFFFFFFFFFFFFFFFFFFFFFFFFFF7A
:20E6C000FFFFFFFFFFFFFFFFFFFFFFFFFFFFFFFFFFFFFFFFFFFFFFFFFFFFFFFFFFFFFFFF5A
:20E6E000FFFFFFFFFFFFFFFFFFFFFFFFFFFFFFFFFFFFFFFFFFFFFFFFFFFFFFFFFFFFFFFF3A
:20E70000FFFFFFFFFFFFFFFFFFFFFFFFFFFFFFFFFFFFFFFFFFFFFFFFFFFFFFFFFFFFFFFF19
:20E72000FFFFFFFFFFFFFFFFFFFFFFFFFFFFFFFFFFFFFFFFFFFFFFFFFFFFFFFFFFFFFFFFF9
:20E74000FFFFFFFFFFFFFFFFFFFFFFFFFFFFFFFFFFFFFFFFFFFFFFFFFFFFFFFFFFFFFFFFD9
:20E76000FFFFFFFFFFFFFFFFFFFFFFFFFFFFFFFFFFFFFFFFFFFFFFFFFFFFFFFFFFFFFFFFB9
:20E78000FFFFFFFFFFFFFFFFFFFFFFFFFFFFFFFFFFFFFFFFFFFFFFFFFFFFFFFFFFFFFFFF99
:20E7A000FFFFFFFFFFFFFFFFFFFFFFFFFFFFFFFFFFFFFFFFFFFFFFFFFFFFFFFFFFFFFFFF79
:20E7C000FFFFFFFFFFFFFFFFFFFFFFFFFFFFFFFFFFFFFFFFFFFFFFFFFFFFFFFFFFFFFFFF59
:20E7E000FFFFFFFFFFFFFFFFFFFFFFFFFFFFFFFFFFFFFFFFFFFFFFFFFFFFFFFFFFFFFFFF39
:20E80000FFFFFFFFFFFFFFFFFFFFFFFFFFFFFFFFFFFFFFFFFFFFFFFFFFFFFFFFFFFFFFFF18
:20E82000FFFFFFFFFFFFFFFFFFFFFFFFFFFFFFFFFFFFFFFFFFFFFFFFFFFFFFFFFFFFFFFFF8
:20E84000FFFFFFFFFFFFFFFFFFFFFFFFFFFFFFFFFFFFFFFFFFFFFFFFFFFFFFFFFFFFFFFFD8
:20E86000FFFFFFFFFFFFFFFFFFFFFFFFFFFFFFFFFFFFFFFFFFFFFFFFFFFFFFFFFFFFFFFFB8
:20E88000FFFFFFFFFFFFFFFFFFFFFFFFFFFFFFFFFFFFFFFFFFFFFFFFFFFFFFFFFFFFFFFF98
:20E8A000FFFFFFFFFFFFFFFFFFFFFFFFFFFFFFFFFFFFFFFFFFFFFFFFFFFFFFFFFFFFFFFF78
:20E8C000FFFFFFFFFFFFFFFFFFFFFFFFFFFFFFFFFFFFFFFFFFFFFFFFFFFFFFFFFFFFFFFF58
:20E8E000FFFFFFFFFFFFFFFFFFFFFFFFFFFFFFFFFFFFFFFFFFFFFFFFFFFFFFFFFFFFFFFF38
:20E90000FFFFFFFFFFFFFFFFFFFFFFFFFFFFFFFFFFFFFFFFFFFFFFFFFFFFFFFFFFFFFFFF17
:20E92000FFFFFFFFFFFFFFFFFFFFFFFFFFFFFFFFFFFFFFFFFFFFFFFFFFFFFFFFFFFFFFFFF7
:20E94000FFFFFFFFFFFFFFFFFFFFFFFFFFFFFFFFFFFFFFFFFFFFFFFFFFFFFFFFFFFFFFFFD7
:20E96000FFFFFFFFFFFFFFFFFFFFFFFFFFFFFFFFFFFFFFFFFFFFFFFFFFFFFFFFFFFFFFFFB7
:20E98000FFFFFFFFFFFFFFFFFFFFFFFFFFFFFFFFFFFFFFFFFFFFFFFFFFFFFFFFFFFFFFFF97
:20E9A000FFFFFFFFFFFFFFFFFFFFFFFFFFFFFFFFFFFFFFFFFFFFFFFFFFFFFFFFFFFFFFFF77
:20E9C000FFFFFFFFFFFFFFFFFFFFFFFFFFFFFFFFFFFFFFFFFFFFFFFFFFFFFFFFFFFFFFFF57
:20E9E000FFFFFFFFFFFFFFFFFFFFFFFFFFFFFFFFFFFFFFFFFFFFFFFFFFFFFFFFFFFFFFFF37
:20EA0000FFFFFFFFFFFFFFFFFFFFFFFFFFFFFFFFFFFFFFFFFFFFFFFFFFFFFFFFFFFFFFFF16
:20EA2000FFFFFFFFFFFFFFFFFFFFFFFFFFFFFFFFFFFFFFFFFFFFFFFFFFFFFFFFFFFFFFFFF6
:20EA4000FFFFFFFFFFFFFFFFFFFFFFFFFFFFFFFFFFFFFFFFFFFFFFFFFFFFFFFFFFFFFFFFD6
:20EA6000FFFFFFFFFFFFFFFFFFFFFFFFFFFFFFFFFFFFFFFFFFFFFFFFFFFFFFFFFFFFFFFFB6
:20EA8000FFFFFFFFFFFFFFFFFFFFFFFFFFFFFFFFFFFFFFFFFFFFFFFFFFFFFFFFFFFFFFFF96
:20EAA000FFFFFFFFFFFFFFFFFFFFFFFFFFFFFFFFFFFFFFFFFFFFFFFFFFFFFFFFFFFFFFFF76
:20EAC000FFFFFFFFFFFFFFFFFFFFFFFFFFFFFFFFFFFFFFFFFFFFFFFFFFFFFFFFFFFFFFFF56
:20EAE000FFFFFFFFFFFFFFFFFFFFFFFFFFFFFFFFFFFFFFFFFFFFFFFFFFFFFFFFFFFFFFFF36
:20EB0000FFFFFFFFFFFFFFFFFFFFFFFFFFFFFFFFFFFFFFFFFFFFFFFFFFFFFFFFFFFFFFFF15
:20EB2000FFFFFFFFFFFFFFFFFFFFFFFFFFFFFFFFFFFFFFFFFFFFFFFFFFFFFFFFFFFFFFFFF5
:20EB4000FFFFFFFFFFFFFFFFFFFFFFFFFFFFFFFFFFFFFFFFFFFFFFFFFFFFFFFFFFFFFFFFD5
:20EB6000FFFFFFFFFFFFFFFFFFFFFFFFFFFFFFFFFFFFFFFFFFFFFFFFFFFFFFFFFFFFFFFFB5
:20EB8000FFFFFFFFFFFFFFFFFFFFFFFFFFFFFFFFFFFFFFFFFFFFFFFFFFFFFFFFFFFFFFFF95
:20EBA000FFFFFFFFFFFFFFFFFFFFFFFFFFFFFFFFFFFFFFFFFFFFFFFFFFFFFFFFFFFFFFFF75
:20EBC000FFFFFFFFFFFFFFFFFFFFFFFFFFFFFFFFFFFFFFFFFFFFFFFFFFFFFFFFFFFFFFFF55
:20EBE000FFFFFFFFFFFFFFFFFFFFFFFFFFFFFFFFFFFFFFFFFFFFFFFFFFFFFFFFFFFFFFFF35
:20EC0000FFFFFFFFFFFFFFFFFFFFFFFFFFFFFFFFFFFFFFFFFFFFFFFFFFFFFFFFFFFFFFFF14
:20EC2000FFFFFFFFFFFFFFFFFFFFFFFFFFFFFFFFFFFFFFFFFFFFFFFFFFFFFFFFFFFFFFFFF4
:20EC4000FFFFFFFFFFFFFFFFFFFFFFFFFFFFFFFFFFFFFFFFFFFFFFFFFFFFFFFFFFFFFFFFD4
:20EC6000FFFFFFFFFFFFFFFFFFFFFFFFFFFFFFFFFFFFFFFFFFFFFFFFFFFFFFFFFFFFFFFFB4
:20EC8000FFFFFFFFFFFFFFFFFFFFFFFFFFFFFFFFFFFFFFFFFFFFFFFFFFFFFFFFFFFFFFFF94
:20ECA000FFFFFFFFFFFFFFFFFFFFFFFFFFFFFFFFFFFFFFFFFFFFFFFFFFFFFFFFFFFFFFFF74
:20ECC000FFFFFFFFFFFFFFFFFFFFFFFFFFFFFFFFFFFFFFFFFFFFFFFFFFFFFFFFFFFFFFFF54
:20ECE000FFFFFFFFFFFFFFFFFFFFFFFFFFFFFFFFFFFFFFFFFFFFFFFFFFFFFFFFFFFFFFFF34
:20ED0000FFFFFFFFFFFFFFFFFFFFFFFFFFFFFFFFFFFFFFFFFFFFFFFFFFFFFFFFFFFFFFFF13
:20ED2000FFFFFFFFFFFFFFFFFFFFFFFFFFFFFFFFFFFFFFFFFFFFFFFFFFFFFFFFFFFFFFFFF3
:20ED4000FFFFFFFFFFFFFFFFFFFFFFFFFFFFFFFFFFFFFFFFFFFFFFFFFFFFFFFFFFFFFFFFD3
:20ED6000FFFFFFFFFFFFFFFFFFFFFFFFFFFFFFFFFFFFFFFFFFFFFFFFFFFFFFFFFFFFFFFFB3
:20ED8000FFFFFFFFFFFFFFFFFFFFFFFFFFFFFFFFFFFFFFFFFFFFFFFFFFFFFFFFFFFFFFFF93
:20EDA000FFFFFFFFFFFFFFFFFFFFFFFFFFFFFFFFFFFFFFFFFFFFFFFFFFFFFFFFFFFFFFFF73
:20EDC000FFFFFFFFFFFFFFFFFFFFFFFFFFFFFFFFFFFFFFFFFFFFFFFFFFFFFFFFFFFFFFFF53
:20EDE000FFFFFFFFFFFFFFFFFFFFFFFFFFFFFFFFFFFFFFFFFFFFFFFFFFFFFFFFFFFFFFFF33
:20EE0000FFFFFFFFFFFFFFFFFFFFFFFFFFFFFFFFFFFFFFFFFFFFFFFFFFFFFFFFFFFFFFFF12
:20EE2000FFFFFFFFFFFFFFFFFFFFFFFFFFFFFFFFFFFFFFFFFFFFFFFFFFFFFFFFFFFFFFFFF2
:20EE4000FFFFFFFFFFFFFFFFFFFFFFFFFFFFFFFFFFFFFFFFFFFFFFFFFFFFFFFFFFFFFFFFD2
:20EE6000FFFFFFFFFFFFFFFFFFFFFFFFFFFFFFFFFFFFFFFFFFFFFFFFFFFFFFFFFFFFFFFFB2
:20EE8000FFFFFFFFFFFFFFFFFFFFFFFFFFFFFFFFFFFFFFFFFFFFFFFFFFFFFFFFFFFFFFFF92
:20EEA000FFFFFFFFFFFFFFFFFFFFFFFFFFFFFFFFFFFFFFFFFFFFFFFFFFFFFFFFFFFFFFFF72
:20EEC000FFFFFFFFFFFFFFFFFFFFFFFFFFFFFFFFFFFFFFFFFFFFFFFFFFFFFFFFFFFFFFFF52
:20EEE000FFFFFFFFFFFFFFFFFFFFFFFFFFFFFFFFFFFFFFFFFFFFFFFFFFFFFFFFFFFFFFFF32
:20EF0000FFFFFFFFFFFFFFFFFFFFFFFFFFFFFFFFFFFFFFFFFFFFFFFFFFFFFFFFFFFFFFFF11
:20EF2000FFFFFFFFFFFFFFFFFFFFFFFFFFFFFFFFFFFFFFFFFFFFFFFFFFFFFFFFFFFFFFFFF1
:20EF4000FFFFFFFFFFFFFFFFFFFFFFFFFFFFFFFFFFFFFFFFFFFFFFFFFFFFFFFFFFFFFFFFD1
:20EF6000FFFFFFFFFFFFFFFFFFFFFFFFFFFFFFFFFFFFFFFFFFFFFFFFFFFFFFFFFFFFFFFFB1
:20EF8000FFFFFFFFFFFFFFFFFFFFFFFFFFFFFFFFFFFFFFFFFFFFFFFFFFFFFFFFFFFFFFFF91
:20EFA000FFFFFFFFFFFFFFFFFFFFFFFFFFFFFFFFFFFFFFFFFFFFFFFFFFFFFFFFFFFFFFFF71
:20EFC000FFFFFFFFFFFFFFFFFFFFFFFFFFFFFFFFFFFFFFFFFFFFFFFFFFFFFFFFFFFFFFFF51
:20EFE000FFFFFFFFFFFFFFFFFFFFFFFFFFFFFFFFFFFFFFFFFFFFFFFFFFFFFFFFFFFFFFFF31
:20F00000FFFFFFFFFFFFFFFFFFFFFFFFFFFFFFFFFFFFFFFFFFFFFFFFFFFFFFFFFFFFFFFF10
:20F02000FFFFFFFFFFFFFFFFFFFFFFFFFFFFFFFFFFFFFFFFFFFFFFFFFFFFFFFFFFFFFFFFF0
:20F04000FFFFFFFFFFFFFFFFFFFFFFFFFFFFFFFFFFFFFFFFFFFFFFFFFFFFFFFFFFFFFFFFD0
:20F06000FFFFFFFFFFFFFFFFFFFFFFFFFFFFFFFFFFFFFFFFFFFFFFFFFFFFFFFFFFFFFFFFB0
:20F08000FFFFFFFFFFFFFFFFFFFFFFFFFFFFFFFFFFFFFFFFFFFFFFFFFFFFFFFFFFFFFFFF90
:20F0A000FFFFFFFFFFFFFFFFFFFFFFFFFFFFFFFFFFFFFFFFFFFFFFFFFFFFFFFFFFFFFFFF70
:20F0C000FFFFFFFFFFFFFFFFFFFFFFFFFFFFFFFFFFFFFFFFFFFFFFFFFFFFFFFFFFFFFFFF50
:20F0E000FFFFFFFFFFFFFFFFFFFFFFFFFFFFFFFFFFFFFFFFFFFFFFFFFFFFFFFFFFFFFFFF30
:20F10000FFFFFFFFFFFFFFFFFFFFFFFFFFFFFFFFFFFFFFFFFFFFFFFFFFFFFFFFFFFFFFFF0F
:20F12000FFFFFFFFFFFFFFFFFFFFFFFFFFFFFFFFFFFFFFFFFFFFFFFFFFFFFFFFFFFFFFFFEF
:20F14000FFFFFFFFFFFFFFFFFFFFFFFFFFFFFFFFFFFFFFFFFFFFFFFFFFFFFFFFFFFFFFFFCF
:20F16000FFFFFFFFFFFFFFFFFFFFFFFFFFFFFFFFFFFFFFFFFFFFFFFFFFFFFFFFFFFFFFFFAF
:20F18000FFFFFFFFFFFFFFFFFFFFFFFFFFFFFFFFFFFFFFFFFFFFFFFFFFFFFFFFFFFFFFFF8F
:20F1A000FFFFFFFFFFFFFFFFFFFFFFFFFFFFFFFFFFFFFFFFFFFFFFFFFFFFFFFFFFFFFFFF6F
:20F1C000FFFFFFFFFFFFFFFFFFFFFFFFFFFFFFFFFFFFFFFFFFFFFFFFFFFFFFFFFFFFFFFF4F
:20F1E000FFFFFFFFFFFFFFFFFFFFFFFFFFFFFFFFFFFFFFFFFFFFFFFFFFFFFFFFFFFFFFFF2F
:20F20000FFFFFFFFFFFFFFFFFFFFFFFFFFFFFFFFFFFFFFFFFFFFFFFFFFFFFFFFFFFFFFFF0E
:20F22000FFFFFFFFFFFFFFFFFFFFFFFFFFFFFFFFFFFFFFFFFFFFFFFFFFFFFFFFFFFFFFFFEE
:20F24000FFFFFFFFFFFFFFFFFFFFFFFFFFFFFFFFFFFFFFFFFFFFFFFFFFFFFFFFFFFFFFFFCE
:20F26000FFFFFFFFFFFFFFFFFFFFFFFFFFFFFFFFFFFFFFFFFFFFFFFFFFFFFFFFFFFFFFFFAE
:20F28000FFFFFFFFFFFFFFFFFFFFFFFFFFFFFFFFFFFFFFFFFFFFFFFFFFFFFFFFFFFFFFFF8E
:20F2A000FFFFFFFFFFFFFFFFFFFFFFFFFFFFFFFFFFFFFFFFFFFFFFFFFFFFFFFFFFFFFFFF6E
:20F2C000FFFFFFFFFFFFFFFFFFFFFFFFFFFFFFFFFFFFFFFFFFFFFFFFFFFFFFFFFFFFFFFF4E
:20F2E000FFFFFFFFFFFFFFFFFFFFFFFFFFFFFFFFFFFFFFFFFFFFFFFFFFFFFFFFFFFFFFFF2E
:20F30000FFFFFFFFFFFFFFFFFFFFFFFFFFFFFFFFFFFFFFFFFFFFFFFFFFFFFFFFFFFFFFFF0D
:20F32000FFFFFFFFFFFFFFFFFFFFFFFFFFFFFFFFFFFFFFFFFFFFFFFFFFFFFFFFFFFFFFFFED
:20F34000FFFFFFFFFFFFFFFFFFFFFFFFFFFFFFFFFFFFFFFFFFFFFFFFFFFFFFFFFFFFFFFFCD
:20F36000FFFFFFFFFFFFFFFFFFFFFFFFFFFFFFFFFFFFFFFFFFFFFFFFFFFFFFFFFFFFFFFFAD
:20F38000FFFFFFFFFFFFFFFFFFFFFFFFFFFFFFFFFFFFFFFFFFFFFFFFFFFFFFFFFFFFFFFF8D
:20F3A000FFFFFFFFFFFFFFFFFFFFFFFFFFFFFFFFFFFFFFFFFFFFFFFFFFFFFFFFFFFFFFFF6D
:20F3C000FFFFFFFFFFFFFFFFFFFFFFFFFFFFFFFFFFFFFFFFFFFFFFFFFFFFFFFFFFFFFFFF4D
:20F3E000FFFFFFFFFFFFFFFFFFFFFFFFFFFFFFFFFFFFFFFFFFFFFFFFFFFFFFFFFFFFFFFF2D
:20F40000FFFFFFFFFFFFFFFFFFFFFFFFFFFFFFFFFFFFFFFFFFFFFFFFFFFFFFFFFFFFFFFF0C
:20F42000FFFFFFFFFFFFFFFFFFFFFFFFFFFFFFFFFFFFFFFFFFFFFFFFFFFFFFFFFFFFFFFFEC
:20F44000FFFFFFFFFFFFFFFFFFFFFFFFFFFFFFFFFFFFFFFFFFFFFFFFFFFFFFFFFFFFFFFFCC
:20F46000FFFFFFFFFFFFFFFFFFFFFFFFFFFFFFFFFFFFFFFFFFFFFFFFFFFFFFFFFFFFFFFFAC
:20F48000FFFFFFFFFFFFFFFFFFFFFFFFFFFFFFFFFFFFFFFFFFFFFFFFFFFFFFFFFFFFFFFF8C
:20F4A000FFFFFFFFFFFFFFFFFFFFFFFFFFFFFFFFFFFFFFFFFFFFFFFFFFFFFFFFFFFFFFFF6C
:20F4C000FFFFFFFFFFFFFFFFFFFFFFFFFFFFFFFFFFFFFFFFFFFFFFFFFFFFFFFFFFFFFFFF4C
:20F4E000FFFFFFFFFFFFFFFFFFFFFFFFFFFFFFFFFFFFFFFFFFFFFFFFFFFFFFFFFFFFFFFF2C
:20F50000FFFFFFFFFFFFFFFFFFFFFFFFFFFFFFFFFFFFFFFFFFFFFFFFFFFFFFFFFFFFFFFF0B
:20F52000FFFFFFFFFFFFFFFFFFFFFFFFFFFFFFFFFFFFFFFFFFFFFFFFFFFFFFFFFFFFFFFFEB
:20F54000FFFFFFFFFFFFFFFFFFFFFFFFFFFFFFFFFFFFFFFFFFFFFFFFFFFFFFFFFFFFFFFFCB
:20F56000FFFFFFFFFFFFFFFFFFFFFFFFFFFFFFFFFFFFFFFFFFFFFFFFFFFFFFFFFFFFFFFFAB
:20F58000FFFFFFFFFFFFFFFFFFFFFFFFFFFFFFFFFFFFFFFFFFFFFFFFFFFFFFFFFFFFFFFF8B
:20F5A000FFFFFFFFFFFFFFFFFFFFFFFFFFFFFFFFFFFFFFFFFFFFFFFFFFFFFFFFFFFFFFFF6B
:20F5C000FFFFFFFFFFFFFFFFFFFFFFFFFFFFFFFFFFFFFFFFFFFFFFFFFFFFFFFFFFFFFFFF4B
:20F5E000FFFFFFFFFFFFFFFFFFFFFFFFFFFFFFFFFFFFFFFFFFFFFFFFFFFFFFFFFFFFFFFF2B
:20F60000FFFFFFFFFFFFFFFFFFFFFFFFFFFFFFFFFFFFFFFFFFFFFFFFFFFFFFFFFFFFFFFF0A
:20F62000FFFFFFFFFFFFFFFFFFFFFFFFFFFFFFFFFFFFFFFFFFFFFFFFFFFFFFFFFFFFFFFFEA
:20F64000FFFFFFFFFFFFFFFFFFFFFFFFFFFFFFFFFFFFFFFFFFFFFFFFFFFFFFFFFFFFFFFFCA
:20F66000FFFFFFFFFFFFFFFFFFFFFFFFFFFFFFFFFFFFFFFFFFFFFFFFFFFFFFFFFFFFFFFFAA
:20F68000FFFFFFFFFFFFFFFFFFFFFFFFFFFFFFFFFFFFFFFFFFFFFFFFFFFFFFFFFFFFFFFF8A
:20F6A000FFFFFFFFFFFFFFFFFFFFFFFFFFFFFFFFFFFFFFFFFFFFFFFFFFFFFFFFFFFFFFFF6A
:20F6C000FFFFFFFFFFFFFFFFFFFFFFFFFFFFFFFFFFFFFFFFFFFFFFFFFFFFFFFFFFFFFFFF4A
:20F6E000FFFFFFFFFFFFFFFFFFFFFFFFFFFFFFFFFFFFFFFFFFFFFFFFFFFFFFFFFFFFFFFF2A
:20F70000FFFFFFFFFFFFFFFFFFFFFFFFFFFFFFFFFFFFFFFFFFFFFFFFFFFFFFFFFFFFFFFF09
:20F72000FFFFFFFFFFFFFFFFFFFFFFFFFFFFFFFFFFFFFFFFFFFFFFFFFFFFFFFFFFFFFFFFE9
:20F74000FFFFFFFFFFFFFFFFFFFFFFFFFFFFFFFFFFFFFFFFFFFFFFFFFFFFFFFFFFFFFFFFC9
:20F76000FFFFFFFFFFFFFFFFFFFFFFFFFFFFFFFFFFFFFFFFFFFFFFFFFFFFFFFFFFFFFFFFA9
:20F78000FFFFFFFFFFFFFFFFFFFFFFFFFFFFFFFFFFFFFFFFFFFFFFFFFFFFFFFFFFFFFFFF89
:20F7A000FFFFFFFFFFFFFFFFFFFFFFFFFFFFFFFFFFFFFFFFFFFFFFFFFFFFFFFFFFFFFFFF69
:20F7C000FFFFFFFFFFFFFFFFFFFFFFFFFFFFFFFFFFFFFFFFFFFFFFFFFFFFFFFFFFFFFFFF49
:20F7E000FFFFFFFFFFFFFFFFFFFFFFFFFFFFFFFFFFFFFFFFFFFFFFFFFFFFFFFFFFFFFFFF29
:20F80000FFFFFFFFFFFFFFFFFFFFFFFFFFFFFFFFFFFFFFFFFFFFFFFFFFFFFFFFFFFFFFFF08
:20F82000FFFFFFFFFFFFFFFFFFFFFFFFFFFFFFFFFFFFFFFFFFFFFFFFFFFFFFFFFFFFFFFFE8
:20F84000FFFFFFFFFFFFFFFFFFFFFFFFFFFFFFFFFFFFFFFFFFFFFFFFFFFFFFFFFFFFFFFFC8
:20F86000FFFFFFFFFFFFFFFFFFFFFFFFFFFFFFFFFFFFFFFFFFFFFFFFFFFFFFFFFFFFFFFFA8
:20F88000FFFFFFFFFFFFFFFFFFFFFFFFFFFFFFFFFFFFFFFFFFFFFFFFFFFFFFFFFFFFFFFF88
:20F8A000FFFFFFFFFFFFFFFFFFFFFFFFFFFFFFFFFFFFFFFFFFFFFFFFFFFFFFFFFFFFFFFF68
:20F8C000FFFFFFFFFFFFFFFFFFFFFFFFFFFFFFFFFFFFFFFFFFFFFFFFFFFFFFFFFFFFFFFF48
:20F8E000FFFFFFFFFFFFFFFFFFFFFFFFFFFFFFFFFFFFFFFFFFFFFFFFFFFFFFFFFFFFFFFF28
:20F90000FFFFFFFFFFFFFFFFFFFFFFFFFFFFFFFFFFFFFFFFFFFFFFFFFFFFFFFFFFFFFFFF07
:20F92000FFFFFFFFFFFFFFFFFFFFFFFFFFFFFFFFFFFFFFFFFFFFFFFFFFFFFFFFFFFFFFFFE7
:20F94000FFFFFFFFFFFFFFFFFFFFFFFFFFFFFFFFFFFFFFFFFFFFFFFFFFFFFFFFFFFFFFFFC7
:20F96000FFFFFFFFFFFFFFFFFFFFFFFFFFFFFFFFFFFFFFFFFFFFFFFFFFFFFFFFFFFFFFFFA7
:20F98000FFFFFFFFFFFFFFFFFFFFFFFFFFFFFFFFFFFFFFFFFFFFFFFFFFFFFFFFFFFFFFFF87
:20F9A000FFFFFFFFFFFFFFFFFFFFFFFFFFFFFFFFFFFFFFFFFFFFFFFFFFFFFFFFFFFFFFFF67
:20F9C000FFFFFFFFFFFFFFFFFFFFFFFFFFFFFFFFFFFFFFFFFFFFFFFFFFFFFFFFFFFFFFFF47
:20F9E000FFFFFFFFFFFFFFFFFFFFFFFFFFFFFFFFFFFFFFFFFFFFFFFFFFFFFFFFFFFFFFFF27
:20FA0000FFFFFFFFFFFFFFFFFFFFFFFFFFFFFFFFFFFFFFFFFFFFFFFFFFFFFFFFFFFFFFFF06
:20FA2000FFFFFFFFFFFFFFFFFFFFFFFFFFFFFFFFFFFFFFFFFFFFFFFFFFFFFFFFFFFFFFFFE6
:20FA4000FFFFFFFFFFFFFFFFFFFFFFFFFFFFFFFFFFFFFFFFFFFFFFFFFFFFFFFFFFFFFFFFC6
:20FA6000FFFFFFFFFFFFFFFFFFFFFFFFFFFFFFFFFFFFFFFFFFFFFFFFFFFFFFFFFFFFFFFFA6
:20FA8000FFFFFFFFFFFFFFFFFFFFFFFFFFFFFFFFFFFFFFFFFFFFFFFFFFFFFFFFFFFFFFFF86
:20FAA000FFFFFFFFFFFFFFFFFFFFFFFFFFFFFFFFFFFFFFFFFFFFFFFFFFFFFFFFFFFFFFFF66
:20FAC000FFFFFFFFFFFFFFFFFFFFFFFFFFFFFFFFFFFFFFFFFFFFFFFFFFFFFFFFFFFFFFFF46
:20FAE000FFFFFFFFFFFFFFFFFFFFFFFFFFFFFFFFFFFFFFFFFFFFFFFFFFFFFFFFFFFFFFFF26
:20FB0000FFFFFFFFFFFFFFFFFFFFFFFFFFFFFFFFFFFFFFFFFFFFFFFFFFFFFFFFFFFFFFFF05
:20FB2000FFFFFFFFFFFFFFFFFFFFFFFFFFFFFFFFFFFFFFFFFFFFFFFFFFFFFFFFFFFFFFFFE5
:20FB4000FFFFFFFFFFFFFFFFFFFFFFFFFFFFFFFFFFFFFFFFFFFFFFFFFFFFFFFFFFFFFFFFC5
:20FB6000FFFFFFFFFFFFFFFFFFFFFFFFFFFFFFFFFFFFFFFFFFFFFFFFFFFFFFFFFFFFFFFFA5
:20FB8000FFFFFFFFFFFFFFFFFFFFFFFFFFFFFFFFFFFFFFFFFFFFFFFFFFFFFFFFFFFFFFFF85
:20FBA000FFFFFFFFFFFFFFFFFFFFFFFFFFFFFFFFFFFFFFFFFFFFFFFFFFFFFFFFFFFFFFFF65
:20FBC000FFFFFFFFFFFFFFFFFFFFFFFFFFFFFFFFFFFFFFFFFFFFFFFFFFFFFFFFFFFFFFFF45
:20FBE000FFFFFFFFFFFFFFFFFFFFFFFFFFFFFFFFFFFFFFFFFFFFFFFFFFFFFFFFFFFFFFFF25
:20FC0000FFFFFFFFFFFFFFFFFFFFFFFFFFFFFFFFFFFFFFFFFFFFFFFFFFFFFFFFFFFFFFFF04
:20FC2000FFFFFFFFFFFFFFFFFFFFFFFFFFFFFFFFFFFFFFFFFFFFFFFFFFFFFFFFFFFFFFFFE4
:20FC4000FFFFFFFFFFFFFFFFFFFFFFFFFFFFFFFFFFFFFFFFFFFFFFFFFFFFFFFFFFFFFFFFC4
:20FC6000FFFFFFFFFFFFFFFFFFFFFFFFFFFFFFFFFFFFFFFFFFFFFFFFFFFFFFFFFFFFFFFFA4
:20FC8000FFFFFFFFFFFFFFFFFFFFFFFFFFFFFFFFFFFFFFFFFFFFFFFFFFFFFFFFFFFFFFFF84
:20FCA000FFFFFFFFFFFFFFFFFFFFFFFFFFFFFFFFFFFFFFFFFFFFFFFFFFFFFFFFFFFFFFFF64
:20FCC000FFFFFFFFFFFFFFFFFFFFFFFFFFFFFFFFFFFFFFFFFFFFFFFFFFFFFFFFFFFFFFFF44
:20FCE000FFFFFFFFFFFFFFFFFFFFFFFFFFFFFFFFFFFFFFFFFFFFFFFFFFFFFFFFFFFFFFFF24
:20FD0000FFFFFFFFFFFFFFFFFFFFFFFFFFFFFFFFFFFFFFFFFFFFFFFFFFFFFFFFFFFFFFFF03
:20FD2000FFFFFFFFFFFFFFFFFFFFFFFFFFFFFFFFFFFFFFFFFFFFFFFFFFFFFFFFFFFFFFFFE3
:20FD4000FFFFFFFFFFFFFFFFFFFFFFFFFFFFFFFFFFFFFFFFFFFFFFFFFFFFFFFFFFFFFFFFC3
:20FD6000FFFFFFFFFFFFFFFFFFFFFFFFFFFFFFFFFFFFFFFFFFFFFFFFFFFFFFFFFFFFFFFFA3
:20FD8000FFFFFFFFFFFFFFFFFFFFFFFFFFFFFFFFFFFFFFFFFFFFFFFFFFFFFFFFFFFFFFFF83
:20FDA000FFFFFFFFFFFFFFFFFFFFFFFFFFFFFFFFFFFFFFFFFFFFFFFFFFFFFFFFFFFFFFFF63
:20FDC000FFFFFFFFFFFFFFFFFFFFFFFFFFFFFFFFFFFFFFFFFFFFFFFFFFFFFFFFFFFFFFFF43
:20FDE000FFFFFFFFFFFFFFFFFFFFFFFFFFFFFFFFFFFFFFFFFFFFFFFFFFFFFFFFFFFFFFFF23
:20FE0000FFFFFFFFFFFFFFFFFFFFFFFFFFFFFFFFFFFFFFFFFFFFFFFFFFFFFFFFFFFFFFFF02
:20FE2000FFFFFFFFFFFFFFFFFFFFFFFFFFFFFFFFFFFFFFFFFFFFFFFFFFFFFFFFFFFFFFFFE2
:20FE4000FFFFFFFFFFFFFFFFFFFFFFFFFFFFFFFFFFFFFFFFFFFFFFFFFFFFFFFFFFFFFFFFC2
:20FE6000FFFFFFFFFFFFFFFFFFFFFFFFFFFFFFFFFFFFFFFFFFFFFFFFFFFFFFFFFFFFFFFFA2
:20FE8000FFFFFFFFFFFFFFFFFFFFFFFFFFFFFFFFFFFFFFFFFFFFFFFFFFFFFFFFFFFFFFFF82
:20FEA000FFFFFFFFFFFFFFFFFFFFFFFFFFFFFFFFFFFFFFFFFFFFFFFFFFFFFFFFFFFFFFFF62
:20FEC000FFFFFFFFFFFFFFFFFFFFFFFFFFFFFFFFFFFFFFFFFFFFFFFFFFFFFFFFFFFFFFFF42
:20FEE000FFFFFFFFFFFFFFFFFFFFFFFFFFFFFFFFFFFFFFFFFFFFFFFFFFFFFFFFFFFFFFFF22
:20FF0000FFFFFFFFFFFFFFFFFFFFFFFFFFFFFFFFFFFFFFFFFFFFFFFFFFFFFFFFFFFFFFFF01
:20FF2000FFFFFFFFFFFFFFFFFFFFFFFFFFFFFFFFFFFFFFFFFFFFFFFFFFFFFFFFFFFFFFFFE1
:20FF4000FFFFFFFFFFFFFFFFFFFFFFFFFFFFFFFFFFFFFFFFFFFFFFFFFFFFFFFFFFFFFFFFC1
:20FF6000FFFFFFFFFFFFFFFFFFFFFFFFFFFFFFFFFFFFFFFFFFFFFFFFFFFFFFFFFFFFFFFFA1
:20FF8000FFFFFFFFFFFFFFFFFFFFFFFFFFFFFFFFFFFFFFFFFFFFFFFFFFFFFFFFFFFFFFFF81
:20FFA000FFFFFFFFFFFFFFFFFFFFFFFFFFFFFFFFFFFFFFFFFFFFFFFFFFFFFFFFFFFFFFFF61
:20FFC000FFFFFFFFFFFFFFFFFFFFFFFFFFFFFFFF5A52523930304648594C434400000000E0
:20FFE00000000000000000000000000000000000FFFFFFFFFFFFFFFFFFFFFFFFEDB5C6E4C1
:00000001FF
