:020000040800F2
:2000000008100020311900084D1900085119000855190008591900085D1900080000000008
:20002000000000000000000000000000611900086519000800000000691900086D190008A0
:200040009B0C00089D0C00089F0C0008A10C0008A30C0008A50C0008A70C0008A90C0008F0
:20006000AB0C0008AD0C0008AF0C0008B10C0008B30C0008B50C0008B70C0008B90C000850
:20008000BB0C0008BD0C0008BF0C00087119000875190008791900087D190008C10C0008B8
:2000A000811900088519000889190008C30C0008C50C0008C70C0008C90C0008CB0C000807
:2000C000CD0C0008CF0C0008D10C0008D30C00088D190008D50C0008D70C0008D90C000821
:2000E000DB0C0008DD0C0008DF0C0008911900089519000899190008E10C0008E30C00081F
:200100009D190008E50C0008E70C0008A1190008E90C0008EB0C0008A5190008A9190008DF
:20012000ED0C0008EF0C0008F10C0008F30C0008AD190008B1190008B5190008B91900085F
:2001400000000000000000000000000000000000BD190008C1190008C5190008C91900080F
:20016000CD190008D1190008D5190008D9190008DD190008E1190008E519000810B50400E0
:20018000DFF8F005844208D10121042000F039FB0021042000F035FB32E0DFF8DC05844295
:2001A00008D10121082000F02CFB0021082000F028FB25E0DFF8C405844208D10121102013
:2001C00000F01FFB0021102000F01BFB18E0DFF8B005844208D10121202000F012FB00211B
:2001E000202000F00EFB0BE0DFF89805844207D10121402000F005FB0021402000F001FBEA
:2002000010BDF0B500270022002300240025002691F803C01CF00F0C674691F803C05FEADC
:20022000CC6C03D591F802C05CEA070791F800C05FEA0C6C3AD0D0F800C065465FF0000C6D
:200240006346082B31D25FF0010C1CFA03FC6446B1F800C014EA0C0C6246A24223D15FEA5C
:20026000830C64465FF00F0C1CFA04FC6646B54317FA04FC5CEA050591F803C0BCF1280F90
:2002800006D15FF0010C1CFA03FCC0F814C00AE091F803C0BCF1480F05D15FF0010C1CFA08
:2002A00003FCC0F810C05B1CCBE70560B1F800C0BCF1FF0F3FDDD0F804C065465FF0000C57
:2002C0006346082B36D25FF0010C13F1080E1CFA0EFC6446B1F800C014EA0C0C6246A242EF
:2002E00026D15FEA830C64465FF00F0C1CFA04FC6646B54317FA04FC5CEA050591F803C0B4
:20030000BCF1280F07D15FF0010C13F1080E1CFA0EFCC0F814C091F803C0BCF1480F07D1D7
:200320005FF0010C13F1080E1CFA0EFCC0F810C05B1CC6E74560F0BD89B20161704789B29A
:2003400041617047F0B4B0F1004F40F29A800023002420F000473E00F7093B0016F07F06C2
:2003600037093C0016F00F06052B06D02700FFB2BF0016FA07F73A0005E06708FFB2BF003D
:2003800016FA07F73A00002B08D0022B0ED009D3042B13D00ED3052B14D017E0DFF8E873FB
:2003A0003D0013E0DFF8E4733D000FE0DFF8E0733D000BE0DFF8DC733D0007E0DFF8D873F5
:2003C0003D0003E0DFF8D4733D00FFE7002C0BD1052B04D12F68BF08BF002F6049E02F6843
:2003E0003F093F012F6044E0012C0BD1052B04D12F6837F00C072F603BE02F6837F0F00784
:200400002F6036E0022C0BD1052B04D12F6837F030072F602DE02F6837F470672F6028E067
:20042000032C0BD1052B04D12F6837F0C0072F601FE02F6837F470472F601AE0042C04D192
:200440002F6837F470272F6013E0052C04D12F6837F470072F600CE0062C04D12F6837F042
:2004600070672F6005E0072C03D12F6827F070472F60C9B2012940F07B812F683A432A60C7
:2004800076E10200012A63D0022A53D0042A51D0082A4FD0102A7BD0302A00F08980402A74
:2004A00000F09680C02A00F0A380B2F5807F00F0AF80B2F5007F00F0BB80B2F5407F00F0CD
:2004C000C780B2F5006F00F0D380B2F5406F00F0DF80B2F5805F2DD0B2F5804F00F0E88086
:2004E000B2F5C04F00F0F480B2F5004F22D0B2F5803F1FD0B2F5003F1CD0B2F5802F19D094
:20050000B2F5002F16D0B2F5801F13D0B2F5001F00F01E81B2F1807F00F0EA80B2F1007F83
:2005200000F0F680B2F1806F00F00281B2F1004F1ED01DE19A4A12688243994B1A60C9B276
:20054000012904D1964A12680243954B1A600FE1934A1268934B1A40914B1A60C9B2012929
:2005600005D18F4A126852F001028D4B1A60FFE08B4A12688B4B1A40894B1A60C9B201296A
:2005800005D1874A126852F00042854B1A60EFE0834A126832F03002814B1A60C9B2012917
:2005A00005D17F4A126852F010027D4B1A60DFE07B4A126832F03002794B1A60C9B2012957
:2005C00005D1774A126852F03002754B1A60CFE0734A126832F0C002714B1A60C9B20129B7
:2005E00005D16F4A126852F040026D4B1A60BFE06B4A126832F0C002694B1A60C9B20129B7
:2006000005D1674A126852F0C002654B1A60AFE0634A126832F44072614B1A60C9B2012952
:2006200005D15F4A126852F480725D4B1A609FE05B4A126832F44072594B1A60C9B201292E
:2006400005D1574A126852F40072554B1A608FE0534A126832F44072514B1A60C9B20129BE
:2006600005D14F4A126852F440724D4B1A607FE04B4A126832F44062494B1A60C9B201299E
:2006800005D1474A126852F40062454B1A606FE0434A126832F44062414B1A60C9B20129FE
:2006A00005D13F4A126852F440623D4B1A605FE03B4A126832F4C042394B1A60C9B201296E
:2006C00005D1374A126852F48042354B1A604FE0334A126832F4C042314B1A60C9B201295E
:2006E00005D12F4A126852F4C0422D4B1A603FE02B4A126832F0E062294B1A60C9B20129F2
:2007000005D1274A126852F08072254B1A602FE0234A126832F0E062214B1A60C9B2012915
:2007200005D11F4A126852F000721D4B1A601FE01B4A126832F0E062194B1A60C9B20129A5
:2007400005D1174A126852F08062154B1A600FE0134A126832F40012114B1A60C9B2012971
:2007600005D10F4A126852F400120D4B1A60FFE7F0BC704700080140000C01400010014076
:2007800000140140001801402000014024000140280001402C000140300001403400014029
:2007A00004000140FEFFFF7FC9B2002905D01C4A126802431A4B1A6004E0194A1268824376
:2007C000174B1A607047C9B2002905D0154A12680243144B1A6004E0124A12688243114B3B
:2007E0001A607047C9B2002905D00F4A126802430D4B1A6004E00C4A126882430A4B1A601D
:200800007047C9B2002905D0084A12680243074B1A6004E0054A12688243044B1A607047D9
:2008200014100240181002401C1002400C10024082B000210191019981420CD2002100914A
:200840000099142903D20099491C0091F8E70199491C0191EFE702B0704700B587B04FF480
:200860008050ADF8000010208DF8030002208DF802006946DFF8E802FFF7C3FC4FF4805169
:20088000DFF8DC02FFF758FD4FF46040ADF8000002208DF8020018208DF803006946DFF8E1
:2008A000C002FFF7AEFC0020ADF804004FF48270ADF806000020ADF808000020ADF80A0091
:2008C0000020ADF80C004FF40070ADF80E000020ADF810000020ADF812000720ADF8140055
:2008E00001A9DFF8800200F08BF90121DFF8740200F0B5F907B000BD10B504000221DFF83D
:20090000640200F0BEF90028F8D0E4B2210089B2DFF8500200F0B1F90121DFF8480200F0F2
:20092000B0F90028F8D00520FFF782FFDFF8340200F0A5F9C0B210BD70B504000D0016005C
:200940004FF48050884908600B20FFF7D5FF280CC0B2FFF7D1FF280AC0B2FFF7CDFF28005C
:20096000C0B2FFF7C9FFA520FFF7C6FF3000461E80B2002805D0A520FFF7BEFF2070641C7C
:20098000F4E74FF480507949086070BD10B504004FF48050744908600620FFF7ADFF4FF406
:2009A0008050724908604FF480506F4908602020FFF7A2FF200CC0B2FFF79EFF200AC0B26D
:2009C000FFF79AFF2000C0B2FFF796FF4FF480506649086000F002F8002010BD80B5002015
:2009E0008DF800004FF480505F4908600520FFF783FFA520FFF780FF8DF8000000F016FBF2
:200A00009DF80000C007F4D44FF480505749086001BD2DE9F04704000D001600002081467E
:200A2000280642D0D5F5807000F0FF0080463000414680B289B2884203D2B2460120814664
:200A400000E0C2464FF48050474908600620FFF753FF4FF480504549086000F0E7FA4FF418
:200A60008050414908600220FFF746FF280CC0B2FFF742FF280AC0B2FFF73EFF2800C0B209
:200A8000FFF73AFF5046B0F1010A80B2002806D02078FFF731FF641C761E6D1CF2E74FF43E
:200AA000805032490860FFF799FF1FFA89F9B9F1000F52D1300080B2000A8046300601D045
:200AC00018F10108002007003800414680B289B2884242D2280502D12800FFF757FFB6B2F7
:200AE000B6F5807F03DD4FF48070824600E0B2464FF480501C4908600620FFF7FDFE4FF45F
:200B000080501A49086000F091FA4FF48050164908600220FFF7F0FE280CC0B2FFF7ECFE59
:200B2000280AC0B2FFF7E8FE2800C0B2FFF7E4FE5046B0F1010A80B2002806D02078FFF7C3
:200B4000DBFE641C761E6D1CF2E74FF4805007490860FFF743FF7F1CB6E7BDE8F0870000EF
:200B6000000C014000380040140C0140100C014010B5C2B00400200501D001203EE0200062
:200B8000FFF704FF002000900098FF2807D80098009901AA11540098401C0090F4E74FF42B
:200BA0008072210001A8FFF734FF002000900098FF2807D8002001A9009A88540098401CCE
:200BC0000090F4E74FF48072210001A8FFF7B4FE002000900098FF2809D8009801A9085C0D
:200BE0000099884203D10098401C0090F2E70098B0F5807F01D1002000E0012042B010BD73
:200C000010B4002203881A0012F441528B891B0404D5838853F48073838004E083884FF628
:200C2000FF64234083800B884C8823438C882343CC8823430C8923434C8923438C89640437
:200C4000640C2343CC8923431A430280838B4FF2FF74234083830B8A038210BC7047C9B2E1
:200C6000002904D0028852F04002028004E002884FF6BF731A4002807047818170478089AD
:200C800070470200002013890B4202D00123180001E000231800C0B270477047704770471A
:200CA0007047704770477047704770477047704770477047704770477047704770477047C4
:200CC0007047704770477047704770477047704770477047704770477047704770477047A4
:200CE00070477047704770477047704770477047704770472DE9F04782B004000D00260018
:200D0000AF0801214020FFF74FFD00F093F900208046B84528D216F828008DF8000006EB53
:200D2000880040788DF8010006EB880080788DF8020006EB8800C0788DF803009DF8000027
:200D40009DF80110090451EA00609DF8021050EA01209DF8031008438146484600F06EF9A4
:200D6000824618F10108D4E700214020FFF71CFD5046BDE8F68710B582B004000020ADF8D6
:200D80000000BDF80000210089B2884209D24FF47A7000F007F8BDF80000401CADF80000CB
:200DA000EFE713BD81B00021ADF80210BDF80210020092B2914212D200218DF800109DF875
:200DC0000010152905DA9DF80010491C8DF80010F5E7BDF80210491CADF80210E6E701B00A
:200DE000704780B5AB206949088064206749488055206649888000206449C88000206349F9
:200E0000088100206149488100206049888200205E49C86000205D49086100F05CF801BDC3
:200E20002DE9F041B4B000275848804658480500584800880600320092B2290001A8FFF769
:200E40007BFD9DF80400AB2803D0FFF7CAFF00203EE0B11E89B201A800F0A0F8040020007F
:200E600001A9B6B2314411F8021CC0B288420AD1200080B2000A01A9B6B2314411F8011CA4
:200E8000C0B2884201D001200700FFB2002F1DD100208DF800009DF80000310080B289B277
:200EA00088420DD201A89DF80010405C88F8000018F101089DF80000401C8DF80000EAE7C6
:200EC0003548324991EC060B80EC060B3800C0B234B0BDE8F0812DE9F043B3B000242B4828
:200EE00005002B4807002B4800888046B8F1020189B2280000F052F881461FFA88F805EB19
:200F0000080000F8029C484680B2000A1FFA88F805EB080101F8010C424692B239002800A4
:200F2000FFF777FD424692B239006846FFF704FDB8F1020189B2684600F030F806003000BA
:200F400069461FFA88F8414411F8021CC0B288420BD1300080B2000A69461FFA88F841444C
:200F600011F8011CC0B2884201D001200400E4B2002C05D10848054991EC060B80EC060BD8
:200F80002000C0B233B0BDE8F08300002018002000D077000000002008180020F8B5040014
:200FA0000D000027002006003000290080B289B288420BD23A0092B24AF20101B6B2A05D49
:200FC00080B200F006F80700761CEDE7380080B2F2BD10B4030010005B0000242200D2B26F
:200FE000082A0FDA9BB25B089BB280B290EA0304E40703D580B291EA500001E080B240080B
:20100000521CECE780B210BC704780B545F2555000F01EF8042000F01FF84FF4487000F0AD
:201020001FF800F021F800F024F801BD80B500F01BF801BD012004490860704701000348F7
:201040000160024800687047083002400030024080B20A4908607047C0B209490860704753
:2010600080B20849086070474AF6AA200349086070474CF6CC400149086070470030004032
:201080000430004008300040DFF82802DFF828120860DFF82802DFF820120860704738B5D4
:2010A00004000425B4F1046F2BD35FF0FF3000F0EAF80500EDB2042D20D1DFF8080200688E
:2010C00050F00200DFF8FC110860DFF8FC010460DFF8F001006850F04000DFF8E811086062
:2010E0005FF0FF3000F0CFF80500DFF8D801006841F6FD710840DFF8CC1108602800C0B2FB
:201100002AE05FF0805000F0A7F80500EDB2042D20D1DFF8AC01006850F00200DFF8A0119B
:201120000860DFF8A8010460DFF89401006850F04000DFF88C1108605FF0805000F08CF8A0
:201140000500DFF87C01006841F6FD710840DFF8701108602800C0B232BD70B504000D0062
:201160000426B4F1046F21D35FF4002000F08BF80600F6B2042E16D1DFF84801006850F0C4
:201180000100DFF84011086025805FF4002000F07AF80600DFF82C01006841F6FE710840E4
:2011A000DFF8201108603000C0B220E04FF4704000F052F80600F6B2042E16D1DFF8000151
:2011C000006850F00100DFF8F810086025804FF4704000F041F80600DFF8E400006841F6FE
:2011E000FE710840DFF8D81008603000C0B270BD042038490968C90702D5012108000FE06C
:2012000034490968490702D50221080008E031490968C90602D50321080001E004210800DB
:20122000C0B2704704202A490968C90702D5012108000FE026490968490702D5022108008B
:2012400008E023490968C90602D50321080001E004210800C0B2704738B504000425FFF7B0
:20126000C7FF0500EDB2012D06D1002C04D0FFF7BFFF0500641EF5E7002C01D105200500C0
:201280002800C0B232BD38B504000425FFF7CAFF0500EDB2012D06D1002C04D0FFF7C2FF8C
:2012A0000500641EF5E7002C01D1052005002800C0B232BD2301674504200240AB89EFCDF4
:2012C000102002409020024094200240142002408C2002400C20024038B5644800680400DD
:2012E00063482040B0F1005F08D162480068040025005E48006880F30888A84731BD2DE9CB
:20130000F84304000D001700FFF7BEFE600502D12000FFF7C4FEFFF789FEBFB2781C4710CF
:20132000002006003000390080B289B2884217D25FF00208E94642462900484600F09EF8B1
:20134000BDF800102000FFF708FF2088BDF80010884201D0012004E0AD1CA41C761CE1E7BB
:201360000020BDE8F2832DE9F04104005FF00308E00A060000200500B5422BD24FF40062E0
:201380004FF4006000FB05F010F5F0013A48FFF7D3FA002080465FFA88F8B8F1030F10DA1B
:2013A000FFF744FE4FF4006233494FF400602F4B00FB0530FFF7A3FF002802D018F10108E3
:2013C000E9E75FFA88F8B8F1030F01D100204AE06D1CD1E76005400D0600600529D0320004
:2013E00092B24FF4006000FB05F010F5F0012248FFF7A2FA002080465FFA88F8B8F1030FAA
:2014000010DAFFF713FE320092B21B494FF40060164B00FB0530FFF772FF002802D018F163
:201420000108E9E75FFA88F8B8F1030F01D1002019E00020070000200500A54211D23A0004
:2014400092B24AF2010105F1006010F580400078C0B280B2FFF7BDFD0700FFF7E7FD6D1CB9
:20146000EBE7380080B2BDE8F0810000004000080000FF2F044000080810002062B38B0779
:2014800008D0521E11F8013B00F8013B00F024808B07F6D1830740F0208000BF103A07D361
:2014A00030B4B1E83810103AA0E83810F9D230BC530724BFB1E80810A0E8081044BF51F8BC
:2014C000043B40F8043BD20724BF31F8022B20F8022B44BF0B7803707047083A07D3B1E89A
:2014E0000810083A40F8043B40F804CBF7D25307E4E7000070B50025002672B600F06FF837
:2015000001215FF00070FEF71DFF00F09BF8FFF7A4F96420FFF72FFC5548FFF729FB040063
:20152000FFF77EFC00F083F852488088552805D15048808A002801D1FFF7CEFE4D488088E0
:20154000AA2822D14B48808A55281ED162B6FFF75CFD80214848FEF7F2FE4648C068FFF794
:2015600002FF4449498980B2884202D1552043498880002041498882FFF7ADFC80213E48B9
:20158000FEF7DAFEFFF752FDFEE73D493D48FFF7B1FB06003C4800680500AE420BD1002EB6
:2015A00009D016F1010F06D0002D04D015F1010F01D0FFF791FE62B6FFF727FDFFF736FD9D
:2015C00080212D48FEF7BBFE6420FFF7D4FB80212948FEF7B1FE6420FFF7CDFBEEE780B5FC
:2015E00001210120FFF7FEF801214FF48050FFF7EAF801214FF48040FFF7F4F80121042062
:20160000FFF7E1F801210820FFF7DDF801211020FFF7D9F801212020FFF7D5F80121402026
:20162000FFF7D1F801210120FFF7CDF801BD80B500215FF0006000F02EF84FF4A06000F0E1
:2016400025F801BD80B50C48FEF798FD8020ADF8000010208DF8030002208DF80200694647
:201660000548FEF7CEFD80210348FEF765FE01BD00C0770008180020001801402018002033
:20168000FCBF030000400008FCFF030805490143054A11607047054A0A400243044B1A608E
:2016A000704700000000FA050CED00E080FFFF1F08ED00E080B54E48006850F470004C49AD
:2016C00008604C48006850F001004A4908604A480068002048490860464800684749084089
:2016E000444908604348006830F48020414908605FF41F004249086000F005F85FF000604B
:201700004049086001BD80B500F001F801BD82B000200190002000903648006850F48030D1
:20172000344908603348006810F4003000900198401C01900098002803D10198B0F5A06FB6
:20174000F0D12C480068800302D50120009001E0002000900098012847D12B48006850F05C
:201760001000294908602848006880088000264908602548006850F00200234908601E4877
:2017800000681D4908601C4800681B4908601A48006850F4806018490860174800681B4999
:2017A0000840154908601448006850F4E810124908601048006850F080700E4908600D4854
:2017C00000688001FBD50C480068800880000A4908600948006850F00200074908600648D0
:2017E000006810F00C000828F9D102B07047000088ED00E00010024004100240FFFFF6FE23
:201800000810024008ED00E000200240FFFFC09F19E050F8041BCB0744BFA9F10103591896
:20182000121F0023042A41F8043BF9D25FEA827C0B4604D54FF0000CA1F800C09B1CD1073F
:2018400044BF0021197050F8042B002AE1D1704710B450F8041B79B10268436802440830E9
:20186000DC0744BFA9F10104E31852F8044B43F8044B091FF9D1ECE710BC704710B5074968
:2018800079441831064C7C44163404E00A68081D114488470146A142F8D110BD2C0000005B
:2018A0004C0000004EF68851CEF20001086840F470000860BFF34F8FBFF36F8F4FF0007093
:2018C000E1EE100A7047000049FFFFFF30080000081000200000000079FFFFFF0400000038
:2018E00008010000000000200000000000F00BF8002801D0FFF7C2FF0020AFF30080FFF7E4
:20190000F9FD00F002F80120704700F001B800000746384600F002F8FBE7000080B5AFF3F8
:201920000080024A11001820ABBEFBE7260002000148804701480047B5160008411900084A
:20194000AFF30080FFF7AEFFFFF7D0FFFFF7FEBFFFF7FEBFFFF7FEBFFFF7FEBFFFF7FEBF7E
:20196000FFF7FEBFFFF7FEBFFFF7FEBFFFF7FEBFFFF7FEBFFFF7FEBFFFF7FEBFFFF7FEBFCF
:20198000FFF7FEBFFFF7FEBFFFF7FEBFFFF7FEBFFFF7FEBFFFF7FEBFFFF7FEBFFFF7FEBFAF
:2019A000FFF7FEBFFFF7FEBFFFF7FEBFFFF7FEBFFFF7FEBFFFF7FEBFFFF7FEBFFFF7FEBF8F
:2019C000FFF7FEBFFFF7FEBFFFF7FEBFFFF7FEBFFFF7FEBFFFF7FEBFFFF7FEBFFFF7FEBF6F
:0C19E000FFF7FEBFFFF7FEBF180000007D
:20400000681100208DE90108D1EC0108D5EC0108D9EC0108DDEC0108E1EC01080000000082
:20402000000000000000000000000000E5EC0108E9EC010800000000EDEC0108F1EC010800
:2040400041CF010843CF010845CF010847CF01086BCF01086DCF01086FCF010871CF0108D8
:2040600073CF010875CF010877CF010879CF01087BCF01087DCF01087FCF0108ABCF010886
:20408000ADCF0108AFCF0108B1CF0108F5EC0108F9EC0108FDEC010801ED0108B3CF01083F
:2040A00005ED010809ED01080DED0108B5CF0108B7CF0108D7CF0108F3CF0108F5CF0108A0
:2040C000F7CF0108F9CF0108FBCF0108FDCF010811ED0108FFCF010849D0010893D001082C
:2040E00027D1010829D101082BD1010815ED010819ED01081DED01082DD101082FD101087A
:2041000021ED010831D1010833D1010825ED010835D101087FD1010829ED01082DED0108AB
:2041200005D2010807D2010809D201080BD2010831ED010835ED010839ED01083DED01083F
:204140000000000000000000000000000000000041ED010845ED010849ED01084DED01086B
:2041600051ED010855ED010859ED01085DED0108DDD0010861ED010865ED01085A21DFF851
:20418000F82982F82F1000210800C0B209281ADA0021DFF8E429C0B2024451700021DFF80F
:2041A000D829C0B2024491720021DFF8CC29C0B20244D1740021DFF8C029C0B202EB4002D7
:2041C0009183401CE1E70021DFF8AC2911700021DFF8A42982F82E10704738B5DFF89C09BC
:2041E0000068807A0400DFF894090068407A0500DFF88C090078002859D05A20DFF87819A7
:2042000081F82F0005F0B0FCDFF874090078012805D1DFF870290021022007F05FFEDFF8AC
:2042200060090078402805D1DFF85C290021022007F054FEDFF848090078102805D1DFF8F2
:204240004C290021022007F049FEDFF834090078082805D1DFF838290021022007F03EFE28
:20426000DFF81C090078802805D1DFF828290021022007F033FEDFF808090078202805D13B
:20428000DFF814290021022007F028FEDFF8F0080078022805D1DFF804290021022007F025
:2042A0001DFE5A20DFF8D01881F82F0073E1DFF8CC0800680069002805D0DFF8C00800682E
:2042C0000069804730E1DFF8D8080078002800F0E4800E2007F09DF808F019F90020DFF837
:2042E000C41808806420DFF8C0180870DFF88C080068007A00281AD0DFF880080068807A8F
:2043000009280ADB0321DFF874080068807A40001038C0B207F00EFB09E00321DFF85C086C
:204320000068807A4000801CC0B207F003FBDFF870084078012809D0102861D0402874D0BA
:2043400080282BD0812800F0858096E0DFF82C080068807A092190FBF1F201FB120000286B
:2043600004D15A20DFF8101881F82F00E4B2002C0CD1DFF808080068EDB2142101FB05F193
:2043800008441438DFF8F417086006E0DFF8EC0700681438DFF8E417086076E0DFF80C085C
:2043A000007890F00100DFF804180870E4B2EDB2681E84420CD1DFF8C4070068EDB2691E0B
:2043C0007FF0130251430844DFF8B017086006E0DFF8A80700681430DFF8A0170860DFF88E
:2043E0009C070068807A092190FBF1F201FB1200002804D15A20DFF8801781F82F0044E061
:204400005A20DFF8741781F82F00DFF8700700684068002839D0DFF8640700684068DFF860
:204420005C170860002004002FE05A20DFF8481781F82F00DFF8440700680068002824D008
:20444000DFF8380700680068DFF830170860002004001AE00020DFF8481748700020DFF8CD
:20446000401708705A20DFF8101781F82F000020DFF8041781F82E008DE00020DFF82017F9
:2044800048700020DFF8181708700020DFF8101748700020DFF808170870DFF8E00600683D
:2044A0000069002807D008F032F8DFF8D00600680069804738E0DFF8C4060068007A00286A
:2044C0001ED005F051FB08F022F8DFF8B0060068807A09280ADB0321DFF8A0060068807A93
:2044E00040001038C0B207F0CCF909E00321DFF88C060068807A4000801CC0B207F0C1F92F
:20450000DFF878060068007A002801D100F0D8FCDFF868060068C068002805D0DFF85C069B
:204520000068C06800F038F8DFF87806008878280CDB0020DFF86C1608800E2006F0E6FF5D
:2045400007F0BFFE0020DFF864190880DFF86009007800281FD1DFF824060068007A0028D0
:2045600019D0DFF85009DFF81416086007F0A9FEFFF704FE4AF25A50DFF83C190880DFF8B2
:20458000FC050068C068002805D0DFF8F0050068C06800F001F831BD38B504000020050044
:2045A000EDB20C2D0ADA62686178207807F096FC08346068002801D06D1CF1E731BD2DE919
:2045C000F34F83B014001D000E9E109F002081465FFA89F9B9F1200F09DA0020DFF8DC1871
:2045E0005FFA89F901F8090019F10109F0E79DF83C008DF80000002083469DF800000028F7
:2046000000F0E88005208DF802009DF8000082469DF8000010F0700010281BD1EDB2680009
:204620008DF80200EDB2012D04D1DFF89018387808F09CFBEDB2022D40F0EA80DFF87C18C0
:2046400038784FF480727B7802FB003080B208F056FCDDE09DF8000010F07000202806D0F9
:204660009DF8000010F07000302840F0D1809DF8000010F0070082465FFA8AFABAF1000F61
:204680003FD13020DFF834185FFA8BFB01F80B001BF1010B7878C0B200098DF801009DF816
:2046A00001003030DFF814185FFA8BFB01F80B001BF1010B787810F00F003030DFF8FC1752
:2046C0005FFA8BFB01F80B001BF1010B3878C0B200098DF801009DF801003030DFF8DC176E
:2046E0005FFA8BFB01F80B001BF1010B387810F00F003030DFF8C4175FFA8BFB01F80B000B
:2047000086E0EDB25FFA8AFADAEB450A7878C0B200098DF801009DF801003030DFF89C1732
:204720005FFA8BFB01F80B001BF1010B50465946C0B2C9B2884208D12E20DFF880175FFAA4
:204740008BFB01F80B001BF1010B787810F00F003030DFF868175FFA8BFB01F80B001BF113
:20476000010B50465946C0B2C9B2884208D12E20DFF848175FFA8BFB01F80B001BF1010BE9
:204780003878C0B200098DF801009DF801003030DFF828175FFA8BFB01F80B001BF1010B61
:2047A00050465946C0B2C9B2884208D12E20DFF80C175FFA8BFB01F80B001BF1010B387841
:2047C00010F00F003030DFF8F4165FFA8BFB01F80B001DE0EDB268008DF80200EDB2012D4E
:2047E00004D1DFF8D816387808F02AFBEDB2022D0ED1387879784FF48072514351FA80F080
:20480000ADF80400DFF8B416BDF8040008F0CFFA012081465FFA89F93078401C814514DA59
:204820005FFA89F916F80900DFF89016E4B2095700B209B2884205D15FFA89F906EB090031
:20484000804602E019F10109E4E7DFF854030078002800F0D180DFF84803407801280CD0E3
:2048600008286FD0102800F09B8020283DD0402800F0A88080281BD0AEE098F800002028B8
:2048800002D1701C804601E018F1010898F90000DFF82816E4B20855DFF82006E4B200577D
:2048A000202804D13020DFF81416E4B208559BE098F80000302804D130783044401E80461F
:2048C00001E0B8F1010898F90000DFF8F015E4B20855DFF8E805E4B20057202804D13020C7
:2048E000DFF8D815E4B208557EE0E4B2002C04D19DF80200401E040000E0641E00208146CA
:2049000048463178C0B2884214D25FFA89F916F80900DFF8A815E4B2095700B209B288428B
:2049200005D15FFA89F906EB0900804602E019F10109E5E7DFF88405E4B200572E2800D1D0
:20494000641E51E0E4B29DF80200401E844202D10020040000E0641C0020814648463178DE
:20496000C0B2884214D25FFA89F916F80900DFF84C15E4B2095700B209B2884205D15FFA8F
:2049800089F906EB0900804602E019F10109E5E7DFF82805E4B200572E2800D1641C23E078
:2049A0000020DFF8FC1148700020DFF8F4110870DFF808259DF810109DF80C0007F08EFAEE
:2049C000A520D5E00020DFF8D81148700020DFF8D01108705A20CBE00020DFF8C4114870CC
:2049E0000020DFF8BC1108700020DFF8B41148700020DFF8AC1108709DF8000000284CD002
:204A00009DF8000010F0700010282AD1EDB2012D0DD1DFF8A80490F900000A21DFF89C24E5
:204A200092F9012001FB00201038387084E0EDB2022D40F08180DFF8840408F018FB4FF4AE
:204A4000807190FBF1F038707F1CDFF8700408F00EFB4FF4807190FBF1F201FB1200387012
:204A60006AE09DF8000010F07000202805D09DF8000010F0700030285ED19DF8000010F0A9
:204A8000070082465246D2B23900DFF8300400F08FF8002850D15A206AE0EDB2012D0CD1B9
:204AA000DFF8180440780100C9B2DFF810040078C0B208F01FFB38703EE0EDB2022D15D16E
:204AC000DFF8F80308F0F4FA4FF4807190FBF1F201FB120038707F1CDFF8E00308F0E8FA97
:204AE0004FF4807190FBF1F0387025E0DFF8CC0340780100C9B2DFF8C4030078C0B208F00F
:204B0000F9FA38707F1CDFF8B403C0780100C9B2DFF8A8038078C0B208F0ECFA38707F1C10
:204B2000DFF8980340790100C9B2DFF890030079C0B208F0DFFA3870DFF880239DF81010D1
:204B40009DF80C0007F0CAF90123DFF87003E4B2005D0200D2B29DF810002118C9B29DF825
:204B60000C00C0B24000C0B206F0E2FF2000C0B205B0BDE8F08F00000C6000204C62002069
:204B80002C63002048E601085CE6010870E6010884E6010898E60108ACE60108C0E6010841
:204BA00030620020B6620020286300203663002078B403000024D2B2042A01DB002030E096
:204BC00000200500EDB2042D05DA00206E46EDB270556D1CF6E700200500EDB2052D0EDA85
:204BE000EDB2D2B2D2F10400854205D0187830386E46E4B23055641C5B1C6D1CEDE79DF87F
:204C0000020000019DF8036050FA86F00870491C9DF8000000019DF8016050FA86F0087038
:204C2000012072BC70472DE9FF47040004F09CFFDFF88C0C00785A280BD05A20DFF8801C4E
:204C4000087000208DF80D009DF80D008DF80C000FE000200500EDB2022D0ADADFF8600CEE
:204C6000EDB200EB4500808B03A9EDB248556D1CF1E7E4B2032C02D0E4B2002C06D1DFF80A
:204C8000882A0121022007F029F90BE0DFF87C2A0021012007F022F9DFF86C2A0121022098
:204CA00007F01CF903A8029010200190DFF8140C00900223DFF8080CDFF8041C91F82E1095
:204CC0000844C27C0C210220FFF779FC0600F6B25A2E21D10020DFF8E81B08705A20DFF8A5
:204CE000E01B81F82F000020DFF8D41BDFF8D02B92F82E201144C87400200500EDB2052DFA
:204D000008DA0020DFF8B81BEDB201EB450188836D1CF3E75A20C5E0F6B2A52E40F0A980B5
:204D20000020DFF89C1B08705A20DFF8941B81F82F000020DFF8881BDFF8842B92F82E20AD
:204D40001144C87400200500EDB2052D08DA0020DFF86C1BEDB201EB450188836D1CF3E72D
:204D60009DF80C004FF480719DF80D2001FB00200700DFF8540B407908F0F5F98146DFF806
:204D8000480B007908F0EFF980461FFA89F964201FFA88F800FB0988DFF82C0B007908F0DE
:204DA000E2F98146DFF8200B807908F0DCF982461FFA89F964201FFA8AFA00FB09AADFF880
:204DC0000C0BC0794FF48071DFF8002B127A01FB00208146E4B2002C05D13800494680B24D
:204DE00089B2884208D0E4B2022C07D13800494680B289B2884201D1A52053E0E4B2012CAF
:204E000007D13800414680B289B2884201D1A52048E0E4B2032C07D13800514680B289B22C
:204E2000884201D1A5203DE0BFB2B7F57A7F01D1A52037E0BFB241F60630874201D1A520F2
:204E400030E05A20DFF8781A81F82F0004F08CFEDFF87C2A0321022007F040F8FFF78EF9CA
:204E6000DFF8700A00680068DFF8681A08605A2018E0DFF84C0ADFF8481A91F82E10084465
:204E8000C67400200500EDB2022D0ADA03A8EDB2405DDFF82C1AEDB201EB450188836D1C98
:204EA000F1E7FF2004B0BDE8F0870000B46200202763002038E70108305E00209C5E00205B
:204EC00038B52DED028B82B0DFF80C0A0078002806D0DFF8040A0078401EDFF8FC1908708A
:204EE000DFF8F4090078002840F0BF820220DFF8E819087007F00BFBDFF8E00900780028FE
:204F000010D10620DFF8D4190870DFF8D409007890F00100DFF8C81908705A20DFF8A01967
:204F200081F82F0004F020FE00200400A4B2202C06DA0020DFF8AC19A4B20855641CF5E746
:204F4000DFF8A4290021002006F0C8FFDFF89C09009010235A220021062006F03BFDDFF8A8
:204F600090090068800708D4DFF888090090082302220D21082006F075FDDFF8740900680C
:204F8000400708D4DFF86C090090082302228C21082006F067FDDFF858090068000708D411
:204FA000DFF8500900901023012246210D2006F011FDDFF844290021012006F08FFFE5A2B2
:204FC0000321042006F08AFFE3A20E21042006F085FFE2A20821072006F080FF002004004B
:204FE000A4B2142C06DA0020DFF81019A4B20855641CF5E7DFF8080980886428C0F2B880A6
:20500000DFF8000990ED080AB8EE400ADFF8F008808800EE900AF8EE600A20EE200ADFED7E
:20502000E80A80EE200AB0EE408A9FEDE60AB4EE408AF1EE10FA0CDB18EE100A08F08EF927
:2050400002000B00DFF8C018DFF8B00808F0B2F90BE018EE100A08F081F902000B00DFF801
:20506000AC18DFF8980808F0A5F9DFF890280121022006F033FFDFF88C0890ED0C0AB8EEC0
:20508000400ADFF87C08808800EE900AF8EE600A20EE200ADFEDCA0A80EE200AB0EE408AB3
:2050A0009FEDC80AB4EE408AF1EE10FA0CDB18EE100A08F053F902000B00DFF84C18DFF8D3
:2050C0003C0808F077F90BE018EE100A08F046F902000B00DFF83418DFF8200808F06AF958
:2050E000DFF818280E21022006F0F8FEDFF8140890ED100AB8EE400ADFF80408808800EE09
:20510000900AF8EE600A20EE200ADFEDAD0A80EE200AB0EE408A9FEDAB0AB4EE408AF1EE5E
:2051200010FA0CDB18EE100A08F018F902000B00DFF8D417DFF8C40708F03CF90BE018EEC6
:20514000100A08F00BF902000B00DFF8C017DFF8AC0708F02FF9DFF8A4270121072006F0F3
:20516000BDFEDFF898270E21072006F0B7FE9BE0DFF8900790ED080AB8EE400ADFED910A0E
:2051800080EE200AB0EE408A9FED8E0AB4EE408AF1EE10FA0CDB18EE100A08F0DFF80200BE
:2051A0000B00DFF8701BDFF8540708F003F90BE018EE100A08F0D2F802000B00DFF8581B38
:2051C000DFF8380708F0F6F8DFF830270121022006F084FEDFF82C0790ED0C0AB8EE400A5C
:2051E000DFED780A80EE200AB0EE408A9FED750AB4EE408AF1EE10FA0CDB18EE100A08F002
:20520000ADF802000B00DFF80C1BDFF8F00608F0D1F80BE018EE100A08F0A0F802000B00A8
:20522000DFF8F41ADFF8D40608F0C4F8DFF8CC260E21022006F052FEDFF8C80690ED100A88
:20524000B8EE400ADFED5F0A80EE200AB0EE408A9FED5C0AB4EE408AF1EE10FA0CDB18EEF5
:20526000100A08F07BF802000B00DFF8A81ADFF88C0608F09FF80BE018EE100A08F06EF8A2
:2052800002000B00DFF8901ADFF8700608F092F8DFF868260121072006F020FEDFF85C2696
:2052A0000E21072006F01AFEDFF8580690ED000AB8EE400ADFED430A80EE200AB0EE408AC5
:2052C0009FED6C0AB4EE408AF1EE10FA0CDB18EE100A08F043F802000B00DFF8D41BDFF893
:2052E0001C0608F067F81FE09FED360AB4EE408AF1EE10FA0CDB18EE100A08F02FF80200ED
:205300000B00DFF8B01BDFF8F40508F053F80BE018EE100A08F022F802000B00DFF8981B19
:20532000DFF8D80508F046F8DFF8D0250321052006F0D4FDDFF8CC0590ED040AB8EE400A84
:20534000DFED200A80EE200AB0EE408A9FED490A06E000BF31444C0032444C0033444C008D
:20536000B4EE408AF1EE10FA0CDB18EE100A07F0F5FF02000B00DFF8381BDFF8800508F05B
:2053800019F825E09FED0F0AB4EE408AF1EE10FA0CDB18EE100A07F0E1FF02000B00DFF83B
:2053A000141BDFF8580508F005F811E018EE100A07F0D4FF02000B00DFF8FC1A04E000BF1D
:2053C000002474490000C842DFF8300507F0F2FFDFF828250B21052006F080FDDFF8DC2A29
:2053E0000021082006F07AFDDFF8D42A0021092006F074FD00200400A4B2142C06DA0020B7
:20540000DFF8F814A4B20855641CF5E70020050000200400A4B2052C16DADFF8A80A0078D9
:205420000121A14008420DD0A4B22200DFF8981ADFF8C804ADB2052303FB05F3184407F0CE
:20544000B9FF6D1C641CE5E7DFF8B0240521082006F044FDDFF8740A0078C00705D5DFF84A
:20546000702A0521092006F039FD02B0BDEC028B31BD000000007A4410B5DFF85C0400780F
:20548000002806D0DFF850040078401EDFF848140870DFF844040078002840F0928002203F
:2054A000DFF834140870DFF82C0A0078092190FBF1F00400DFF81C0A0078092190FBF1F229
:2054C00001FB1200002800D0641CDFF80C0A007800285CD0DFF8000A407808281BD0202891
:2054E00002D0402830D041E0DFF8D4034078002807D0DFF8CC034078401EDFF8C4134870CA
:2055000003E0601EDFF8B81348705A20DFF8B01381F82F0033E0DFF8A8034078E4B2611EB2
:20552000884207D0DFF898034078401CDFF89013487003E00020DFF8881348705A20DFF894
:20554000801381F82F001AE00020DFF88C1948700020DFF884190870FEF710FEDFF8740365
:2055600000680068DFF86C1308602AE00020DFF8681948700020DFF86019087021E000205A
:20558000DFF8541948700020DFF84C19087004F0EBFADFF848290221002006F09FFCDFF86F
:2055A00040290A21002006F099FCDFF838291021002006F093FCC24842780121002004F0A4
:2055C000F5FD10BD70B5C4480078002804D0C2480078401EC0490870BF480078002840F02F
:2055E00091800220BC490870DFF8FC080078050000200400E4B2202C05DA0020B949E4B206
:205600000855641CF6E7EDB2092095FBF0F00600EDB2092095FBF0F100FB1150002800D005
:20562000761CDFF8B4080078002853D0DFF8A8084078012808D0082818D0202804D04028A6
:2056400028D0802812D035E09D484078002805D09B484078401E9A49487002E0701E984934
:2056600048705A20964981F82F002BE094484078F6B2711E884205D091484078401C904936
:20568000487002E000208E4948705A208C4981F82F0017E00020DFF8401848700020DFF8D5
:2056A00038180870FEF76AFD8A48006800688949086027E00020DFF8201848700020DFF805
:2056C000181808700020DFF8101848700020DFF80818087004F048FADFF800280121002045
:2056E00006F0FCFBDFF8E82C0821002006F0F6FB73484078092110FB01F2D2B20121012040
:2057000004F008FE70BD00001CEB010810E70108F8B504F029FADFF8BC0C0078092190FBC2
:20572000F1F00500DFF8AC0C0078092190FBF1F201FB1200002800D06D1CDFF89C07007863
:20574000002853D03C20DFF8901C08705A205C4981F82F00DFF880074078012808D0082899
:2057600014D0202804D0402820D080280ED02DE053484078002805D051484078401E5049A6
:20578000487002E0681E4E49487027E04C484078EDB2691E884205D049484078401C48494C
:2057A000487002E000204649487017E00020DFF8281748700020DFF820170870FEF7DEFC8E
:2057C0004448006800684349086077E00020DFF8081748700020DFF8001708700020DFF8D7
:2057E000F81648700020DFF8F016087004F0BCF9DFF8E00B007832494978092202FB110016
:205800000700FFB20A2F01DB0920070006F07FFE0020040020003900C0B2C9B288424DD2C5
:20582000274840780921484350FA84F006002D49701CC0B207F09AFA2E202A4988700020F0
:205840002849C870274A00212000C0B206F046FB00200090DFF8E00C0068F6B2112101FB93
:2058600006F10844431C102203212000C0B206F0A9FB134840780921484350FA84F001007D
:20588000C9B2DFF8B80C07F031FA00280AD000200090DFF8AC3C042210212000C0B206F080
:2058A00091FB09E000200090DFF8983C042210212000C0B206F086FB641CABE7F1BD0000F8
:2058C0000C60002000000020B86100207C610020FCE601084C6200202963002028630020D6
:2058E000366300209C5E002020E6010880C60108206200202CE901081CE501081461002018
:205900003C600020E45C0020CCEB0108D4EB01082DE9F843DFF8300C90F82E0000281FD1B1
:205920000020FFF780F90700FFB25A2F09D1FEF725FCDFF8180C00680068DFF8101C086071
:20594000E5E1FFB2A52F0AD15A20DFF8FC1B81F82F000120DFF8F01B81F82E0000E0D6E1D0
:20596000DFF8E40B90F82E00012840F0C581DFF8D80B90F82F005A2819D106F0A2FC00207B
:20598000DFF8C41B81F82F00002080464046DFF8C01B0978C0B2884209D2A520DFF8B41B88
:2059A0005FFA88F801F8080018F10108EEE7DFF8A00B0078092190FBF1F08146DFF8900B5D
:2059C0000078092190FBF1F201FB1200002801D019F1010906F09BFDDFF8FC040078002897
:2059E00000F00181DFF8F004407801280DD0082800F09480102800F0C080202862D040282E
:205A000000F0CC8080282ED0E1E0DFF83C0BC07A002807D0DFF8300BC07A401EDFF8281BC8
:205A2000C87206E0DFF8280B0078401EDFF8181BC872DFF8140B8078DFF80C1BC97A0922C8
:205A400091FBF2F1884204D05A20DFF8FC1A81F82F00DFF8F40AC07A092190FBF1F0DFF8AE
:205A6000E81A8870B9E0DFF8E00AC07ADFF8E01A0978491E884207D0DFF8CC0AC07A401CFB
:205A8000DFF8C41AC87203E00020DFF8BC1AC872DFF8B40A8078DFF8B01AC97A092291FB05
:205AA000F2F1884204D05A20DFF89C1A81F82F00DFF8940AC07A092190FBF1F0DFF8881AF8
:205AC00088708AE0DFF8800A8078002807D0DFF8780A8078401EDFF8701A887004E0B9F176
:205AE0000100DFF8641A8870DFF85C0A8078DFF8581AC97A092291FBF2F1884204D05A20E5
:205B0000DFF8441A81F82F00DFF83C0A8078092110FB01F0DFF8301AC8725EE0DFF8280ACB
:205B200080785FFA89F9B9F10101884207D0DFF8180A8078401CDFF8101A887003E00020FC
:205B4000DFF8041A8870DFF8000A8078DFF8F819C97A092291FBF2F1884204D05A20DFF8CB
:205B6000E81981F82F00DFF8E0098078092110FB01F0DFF8D419C8722FE00020D64948709A
:205B80000020D54908700220DFF8BC1981F82E00DFF8B409C07A00F0C1F8B8E00020CE4994
:205BA00048700020CC490870FEF7E8FA3220DFF8A8190880DFF8940900680068DFF88C1977
:205BC00008605A20DFF8801981F82F009FE00020C14948700020C04908700020BE494870EA
:205BE0000020BD49087003F0BFFFDFF864090078DFF854198978092202FB11000500EDB278
:205C00000A2D01DB0920050006F081FC0020040020002900C0B2C9B288426DD2DFF8280965
:205C200080780921484350FA84F00600DFF82C19701CC0B207F09AF82E20DFF820198870FA
:205C40000020DFF81819C870DFF8102900212000C0B206F043F9DFF8F008C07A0921E4B226
:205C600090FBF1F201FB1200844210D101200090DFF8EC08F6B2112101FB06F10844431C0D
:205C8000082203212000C0B206F09CF90FE000200090DFF8CC08F6B2112101FB06F1084436
:205CA000431C082203212000C0B206F08BF9DFF8A408DFF8AC18F6B2112202FB06F2895C58
:205CC000084410F8010CA5280AD100200090DFF8943804220F212000C0B206F073F909E035
:205CE00000200090DFF8803804220F212000C0B206F068F9641C8BE7DFF84C0890F82E0053
:205D0000022804D1DFF84008C07A00F007F8BDE8F1830000DCEB0108E4EB010838B504008A
:205D2000E4B20A2094FBF0F100FB114005006A480078002800F09E803C20DFF89C16087025
:205D400043F69820DFF82418088040F2DC50DFF80818088060484078102802D0402871D0C7
:205D60007CE00120DFF8E01781F82E00DFF8E407DFF8EC17E4B2112202FB04F2895C0844A8
:205D800010F8010CA5282CD1DFF8C807DFF8D017E4B2112202FB04F2895C0844A32100F817
:205DA000011CDFF8BC07E4B2112101FB04F1405CDFF89C170978884209D1DFF8A407E4B210
:205DC000112101FB04F1405C05F0A0FB35E0DFF89007E4B2112101FB04F1405C05F019FB93
:205DE0002BE0DFF87007DFF87817E4B2112202FB04F2895C0844A52100F8011CDFF86007DE
:205E0000E4B2112101FB04F1405CDFF844170978884209D1DFF84807E4B2112101FB04F1F7
:205E2000405C05F0F6FA08E0DFF83407E4B2112101FB04F1405C05F069FB0021092007F0F8
:205E4000FEFF11E00020244948700020224908700120DFF8F41681F82E0028E000201E49D4
:205E6000487000201C49087000201B494870002019490870DFF8DC06DFF8E416E4B21122E4
:205E800002FB04F2895C084410F8010CA52807D1DFF8D0260F212800C0B206F059F806E060
:205EA000DFF8C4260F212800C0B206F051F831BDECEB0108F4EB0108FCEB010834E5010850
:205EC0004CE501081963002004EC01081A6300208CE701082EEC0008306200201CEC0108F5
:205EE00024EC01082CEC0108C2F600082DE9F843DFF8540690F82E0000281FD10020FEF743
:205F000092FE0600F6B25A2E09D1FEF737F9DFF83C0600680068DFF83416086055E2F6B26B
:205F2000A52E0AD10120DFF8201681F82E005A20DFF8141681F82F0000E046E2DFF80806CE
:205F400090F82E00012840F03782DFF8500DC078002803D1DFF8480D070002E0DFF8440DD4
:205F600007003F1D002080464046DFF83C1D0978C0B2884221D23878DFF8301D5FFA88F8C5
:205F800001F808007F1CDFF8240D5FFA88F810F80800A5280ED0DFF8140D5FFA88F810F8F0
:205FA00008005A2806D0A520DFF8001D5FFA88F801F8080018F10108D6E7DFF8EC0C0078D8
:205FC000082190FBF1F08146DFF8DC0C0078082190FBF1F201FB1200002801D019F101097C
:205FE000DFF8C40C0078DFF860158978B0EBC1000500EDB2092D01DB0820050003F0B4FD52
:20600000DFF8382D0221002005F068FFDFF8302D0E21002005F062FF00200400200029005F
:20602000C0B2C9B2884267D2DFF81C058078C0B214EBC000401CC0B206F08FFEDFF81C15F6
:2060400008702E20DFF8141548700020DFF80C158870DFF808250021601CC0B205F03EFF6D
:20606000DFF8E404C07A0821E4B290FBF1F201FB1200844212D1DFF8CC0C0068DFF8C81479
:206080008978C90051FA84F10C22514300EB01020221601CC0B205F05BFF11E0DFF8A40CEE
:2060A0000068DFF8A4148978C90051FA84F10C22514300EB01020221601CC0B205F00EFF9C
:2060C000DFF8E80BDFF880148978C90051FA84F1405C5A2807D1DFF8702C1021601CC0B279
:2060E00005F0FCFE06E0DFF8642C1021601CC0B205F0F4FE641C91E7DFF8540C007800288F
:2061000000F0D680DFF8480C407801280DD0082800F08180102800F09A80202862D040280B
:2061200000F0A68080282ED0B2E0DFF81C04C07A002807D0DFF81004C07A401EDFF808146B
:20614000C87206E0DFF8600B0078401EDFF8F813C872DFF8F4038078DFF8EC13C97A0822E2
:2061600091FBF2F1884204D05A20DFF8DC1381F82F00DFF8D403C07A082190FBF1F0DFF8D6
:20618000C81388708CE0DFF8C003C07ADFF8181B0978491E884207D0DFF8AC03C07A401C3D
:2061A000DFF8A413C87203E00020DFF89C13C872DFF894038078DFF89013C97A082291FB7B
:2061C000F2F1884204D05A20DFF87C1381F82F00DFF87403C07A082190FBF1F0DFF8681347
:2061E00088705DE0D8488078002805D0D6488078401ED549887003E0B9F10100D24988702A
:206200005A20D14981F82F00CF488078C0B2C000CD49C87244E0CC4880785FFA89F9B9F1FC
:206220000101884205D0C8488078401CC649887002E00020C44988705A20C34981F82F001D
:20624000C1488078C0B2C000BF49C87228E00020DFF8FC1A48700020DFF8F41A087002205D
:20626000B94981F82E00B848C07A00F0B7F8ACE00020DFF8DC1A48700020DFF8D41A08700E
:20628000FDF77CFFB14800680068B04908609CE00020DFF8BC1A48700020DFF8B41A087027
:2062A0000020DFF8AC1A48700020DFF8A41A0870DFF8F4090078A4498978B0EBC1000500A1
:2062C000EDB2092D01DB0820050003F04DFCDFF86C2A0221002005F001FEDFF8642A0E216C
:2062E000002005F0FBFD06F012F90020040020002900C0B2C9B288425ED293488078C0B2F7
:2063000014EBC000401CC0B206F027FD934908702E20924948700020904988708F4A0021B6
:20632000601CC0B205F0DAFD8748C07A0821E4B290FBF1F201FB1200844211D1DFF8040AD2
:20634000006881498978C90051FA84F10C22514300EB01020221601CC0B205F0F9FD10E0E5
:20636000DFF8E009006878498978C90051FA84F10C22514300EB01020221601CC0B205F0F4
:20638000ADFDDFF8280970498978C90051FA84F1405C5A2807D1DFF8B0291021601CC0B243
:2063A00005F09CFD06E0DFF8A4291021601CC0B205F094FD641C9AE7634890F82E00022894
:2063C00003D16148C07A00F009F8BDE8F183000034EC01081E63002027630020F8B50400D7
:2063E000E4B2082094FBF0F100FB11400600DFF860090078002800F08880DFF85409407859
:20640000012806D0102818D0402861D080280AD06BE0DFF89808E4B2005DC043DFF88C180F
:20642000E4B2085569E0DFF88408E4B2005DC043DFF87818E4B208555FE00120424981F809
:206440002E00DFF85808C078002803D1DFF85408070002E0DFF84C0807003F1D00200500D4
:206460002800DFF844180978C0B2884207D2DFF83C08EDB2405D38707F1C6D1CF0E7DFF85A
:206480002C08E4B2005DA5280BD1DFF89C0A006800880121A1408843DFF88C1A096808807B
:2064A0000AE0DFF8840A006800880121A1400843DFF8741A09680880DFF8E007C078801C5F
:2064C000C0B208F003F800210B2007F0B8FC14E00020DFF87C1848700020DFF8741808702E
:2064E0000120194981F82E0024E00020DFF8601848700020DFF8581808700020DFF8501809
:2065000048700020DFF848180870DFF8A007E4B2005D5A2807D1DFF830281021701CC0B2CB
:2065200005F016FD06E0DFF824281021701CC0B205F00EFDF1BD0000FC610020B0610020BF
:206540003CEC010844EC01080C6000204C620020FAF60008EC600020AC6200209C5E0020CB
:2065600090DF01084CEC010854EC0108BA6200202DE9F04383B0DFF8B40990F82E000028EF
:2065800022D10020FEF74FFB0600F6B25A2E09D1FDF7F4FDDFF83C0C00680068DFF8341C9E
:2065A000086079E3F6B2A52E0DD10120DFF87C1981F82E000020DFF8781908700020DFF893
:2065C0007419088068E367E3DFF8600990F82E0001282AD1022000F0BDFBDFF8FC1B0870C7
:2065E000DFF8F40B00785A2809D1FDF7C7FDDFF8E40B00680068DFF8DC1B08604CE3DFF867
:20660000D80B0078FF2800F047834AF25A50DFF8281908800220DFF8141981F82E00DFF814
:20662000B80B007800F053FC36E3DFF8000990F82E00022840F01A81DFF8000900780921BA
:2066400090FBF1F00400DFF8F4080078092190FBF1F201FB1200002800D0641CDFF8F00694
:206660000078002800F0F880DFF8E406407801280DD0082800F08880102800F0A7802028D4
:2066800062D0402800F0BB8080282ED0D4E0DFF89C08007B002807D0DFF89008007B401E9E
:2066A000DFF88818087306E0DFF890080078401EDFF878180873DFF87408C078DFF86C18F5
:2066C000097B092291FBF2F1884204D05A20DFF85C1881F82F00DFF85408007B092190FB2E
:2066E000F1F0DFF84818C870AEE0DFF84008007BDFF848180978491E884207D0DFF82C0857
:20670000007B401CDFF82418087303E00020DFF81C180873DFF81408C078DFF81018097BDD
:20672000092291FBF2F1884204D05A20DFF8FC1781F82F00DFF8F407007B092190FBF1F032
:20674000DFF8E817C8707FE0DFF8E007C078002807D0DFF8D807C078401EDFF8D017C87095
:2067600003E0601EDFF8C417C8705A20DFF8BC1781F82F00DFF8B407C078092110FB01F012
:20678000DFF8A81708735FE0DFF8A007C078E4B2611E884207D0DFF89407C078401CDFF860
:2067A0008C17C87003E00020DFF88017C8705A20DFF8781781F82F00DFF87007C07809211D
:2067C00010FB01F0DFF8641708733DE00020DFF8801548700020DFF8781508705A20DFF842
:2067E0004C1781F82F00DFF84407007BDFF8401708700320DFF8341781F82E004CE2002011
:20680000DFF84C1548700020DFF8441508700520DFF8181781F82E000020DFF81017C87098
:206820000020DFF8081708735A20DFF8001781F82F0000F03DFA2FE20020DFF814154870A7
:206840000020DFF80C1508700020DFF8041548700020DFF8FC1408700922DFF8D006C17850
:20686000DFF8C806007B04F005F815E2DFF8BC0690F82E00032840F0B480DFF8D40400780B
:20688000002800F09080DFF854090068DFF8A01609784FF4B27251430844407C8146DFF885
:2068A000B004407801280AD008284DD010284CD0202849D040284ED0802821D066E0DFF82B
:2068C0006C06407B002807D0DFF86006407B401EDFF85816487304E0B9F10100DFF84C166E
:2068E0004873DFF84806407B092190FBF1F0DFF83C1608715A20DFF8341681F82F004CE056
:20690000DFF82806407B5FFA89F9B9F10101884207D0DFF81806407B401CDFF810164873CB
:2069200003E00020DFF804164873DFF80006407B092190FBF1F0DFF8F41508715A20DFF8D0
:20694000EC1581F82F0028E027E00420DFF8DC1581F82E0021E00020DFF8F4134870002015
:20696000DFF8EC1308700220DFF8C01581F82E000020DFF8B81508710020DFF8B0154873A0
:206980005A20DFF8A81581F82F0085E10020DFF8C01348700020EE4908700020EC4948707D
:2069A0000020EB49087005F0B2FD09200190DFF87C0A0090DFF824080068DFF87415097874
:2069C0004FF4B272514300EB0103DFF860050279DFF85805417BDFF85805007803F09AFFEE
:2069E0005AE1DFF8480590F82E00042840F01581DFF8E8070068DFF8381509784FF4B27256
:206A000051430844DFF82415497B1C2251430844007DDFF81C1A0870DFF8100500785A28BC
:206A200018D05A20DFF804150870DFF8000A0500DFF8FC09007805EB40052888DFF8F41989
:206A400008800020DFF8E414DFF8E02492F82E201144C87405F05BFDDFF880070068DFF891
:206A6000D01409784FF4B27251430844DFF8BC14497B1C2251430844C06A002816D0DFF8D2
:206A8000B439DFF858070068DFF8A41409784FF4B272514300EB0102DFF89004417BDFF874
:206AA0009004007803F0EDFF07001DE0DFF884090090DFF828070068DFF8741409784FF462
:206AC000B272514300EB0103DFF86C29DFF85C04DFF8581491F82E100844C17CDFF84C04B2
:206AE000407B04F083F80700FFB25A2F16D10320DFF8381481F82E000020DFF830140870A4
:206B00000020DFF82814DFF8242492F82E201144C8740020DFF81C190880BDE0FFB2A52FE4
:206B200072D1DFF8B8060068DFF8041409784FF4B27251430844DFF8F413497B1C225143EA
:206B40000844408CDFF8EC180988884213D2DFF88C060068DFF8D81309784FF4B2725143F3
:206B60000844DFF8C813497B1C2251430844408CDFF8C0180880DFF8BC080088DFF85C16C6
:206B80000968DFF8AC2312784FF4B2735A431144DFF89823527B1C235A431144098C88420B
:206BA00013D2DFF838060068DFF8841309784FF4B27251430844DFF87413497B1C22514349
:206BC0000844008CDFF86C180880DFF860080500DFF85C08007805EB4005DFF8580800880F
:206BE00028800320DFF8441381F82E000020DFF83C1308700020DFF83413DFF8302392F845
:206C00002E201144C87447E0DFF82003DFF81C1391F82E100844C7743EE0DFF8100390F890
:206C20002E00052838D100F043F880465FFA88F8B8F15A0F0ED14AF25A50DFF8FC120880E2
:206C4000FDF79CFADFF88C0500680068DFF88415086021E05FFA88F8B8F1A50F1CD1DFF89F
:206C6000842A0021012005F039F90021012007F0E6F805F04CFC642004F0C5FC4AF25A508A
:206C8000DFF8B4120880FDF779FADFF8480500680068DFF840150860BDE8F783A0610020A0
:206CA000A4600020BC6000201F6300203861002070B5032000F04EF8DFF81C150870DFF844
:206CC000180500785A280BD15A20DFF8601281F82F000020DFF8541281F82E005A202CE0CC
:206CE000DFF8F4040078FF2801D1002025E045F6A520DFF844120880DFF8DC040078DFF874
:206D000038128870DFF8240706001C2005002900C9B2300006F08DFADFF81C12A1F8680091
:206D2000DFF8B4040178012007F01AFE0400E4B2012C01D1A52000E05A2070BD28EB01081A
:206D40006CEC010800620020C8EC0108CCEC0108306200207FB5040002F006FF00200500CC
:206D6000EDB2202D06DA0020DFF87C19EDB248556D1CF5E7E4B2012C06D1DFF870290021EF
:206D8000022005F0ABF819E0E4B2022C06D1DFF860290021022005F0A1F80FE0E4B2032CC0
:206DA00006D1DFF850290021022005F097F805E0DFF844290021022005F090F85B480078E1
:206DC0005A280FD0DFF8340900788DF80C0001205649564A92F82E201144C8745A20534956
:206DE000087003E05148808B8DF80C0003A8029010200190DFF84006009001234B484B490D
:206E000091F82E100844C27C0C210220FDF7D7FB0600F6B25A2E1CD10020444908705A204A
:206E2000424981F82F0000204049404A92F82E201144C87400200500EDB2052D07DA00208C
:206E40003A49EDB201EB450188836D1CF4E75A203BE0F6B2A52E29D10020344908705A20D6
:206E6000324981F82F0000203049304A92F82E201144C87400200500EDB2052D07DA00207C
:206E80002A49EDB201EB450188836D1CF4E79DF80C00002807D0DFF868280021012005F001
:206EA0001DF85A2011E09DF80C000EE01F481F4991F82E100844C6749DF80C001B49888397
:206EC000FF208DF80C009DF80C0004B070BD70B50400002005002800451CC0B2032811DA21
:206EE00015488470144807F026FE134807F07FFC002807D100200600F6B2FF2E01D0761C9F
:206F0000FAE7E8E7EDB2032D0CDB4AF25A500A490880FDF733F9DFF8BC0200680068DFF8EE
:206F2000B412086070BD0000046200200C60002037630020E8620020305E0020216300206E
:206F400080B5DFF81C0C0088642822DB0020DFF8141C08700020DFF8081C08800020DFF8B3
:206F6000081C0880FDF70AF92020DFF8001C8870DFF8FC0B97490860DFF8F00B4078DFF8BC
:206F8000EC1BC870DFF8E40BC078DFF8E81B08801FE1DFF8E40B0078002840F0E580DFF880
:206FA000CC0B8078202822D0DFF8BC0B008800281DD10120DFF8B01B08800020DFF8A41B8B
:206FC0000870DFF8A80B4078DFF8B01B0880DFF89C0BC078DFF89C1B08800320DFF8981B54
:206FE00008700E2004F015FA05F06BF911E0DFF87C0B807820280BD00320DFF87C1B08701C
:207000000120DFF8641B08800E2004F002FA00E0DFE005F056F9DFF8540B4078DFF8541B3C
:20702000098880B2884231D0DFF8540BDFF83C1BDFF8402B1288120111440A31102207F0B6
:20704000BBFDDFF8300B0088401C232190FBF1F201FB1200DFF81C1B0880DFF8080B0078CA
:20706000022190FBF1F201FB12000200D2B2DFF8101BDFF8F00A007880B200F0DFF9DFF8CF
:20708000E40A0078401CDFF8DC1A0870DFF8DC0A4078DFF8E01A098880B2884231D0DFF83E
:2070A000E00ADFF8C81ADFF8CC2A1288120111440A31102207F080FDDFF8B80A0088401C00
:2070C000232190FBF1F201FB1200DFF8A81A0880DFF8900A0078022190FBF1F201FB120047
:2070E0000200D2B2DFF8981ADFF8780A007880B200F0A4F9DFF86C0A0078401CDFF8641A7B
:207100000870DFF8680A4078DFF8681A098880B2884229D1DFF8480A0088401CDFF8401AD8
:2071200008800020DFF83C1A0870DFF8400AC078DFF8401A0880DFF8440A0088DFF82C1A26
:20714000497889B288420FD00020DFF8141A0880DFF8280A0088401C232190FBF1F201FB42
:207160001200DFF8181A0880DFF8880C007800282FD0DFF8800C4078102802D0402809D0FC
:207180001FE00020DFF86C1C48700020DFF8641C08701EE00020DFF85C1C48700020DFF8AE
:2071A000541C08700020DFF8501C08706420DFF8B0190880FCF7E2FFDFF8B4090549086042
:2071C00007E00020DFF82C1C48700020DFF8241C087001BD4C6200202F6300200C62002056
:2071E00070B5DFF8AC0790F82E00002861D102F0BBFC002007F065FFDFF8001C0880DFF85A
:20720000FC0B0088002811D105F05BF8DFF8F02B0421022004F062FEFCF7B0FFDFF83C0942
:2072200000680068DFF834190860FEE0DFF8CC0B0078C00702D40220060001E00120060021
:20724000DFF8B80B0088801BDFF8B81B0880DFF8AC0B0088801B0500002004002000C0B2D3
:20726000310080B289B2884218D22800DFF88C1B098880B2884211D20022DFF80419280068
:2072800080B207F034FF2200D2B2DFF8F418280080B200F0D3F86D1C641CDFE70120DFF82D
:2072A000F01681F82E00DFF8540B0088DFF8541B0880DFF8400B0078002800F0B6805A2033
:2072C000DFF8CC1681F82F00DFF8280B4078012836D0082805D0202832D0402850D08028DD
:2072E00060D1DFF8200B0088DFF8101B0988884210D1DFF8080B0088022804DB0220DFF821
:20730000041B08801BE0DFF8F40A0088DFF8F41A088014E0DFF8EC0A0088801CDFF8E41A47
:207320000880DFF8E00A0088DFF8D01A0988884205D3DFF8C80A0088DFF8C81A088039E0FD
:20734000DFF8C00A0078C00707D5DFF8B80A0088401EDFF8B01A088006E0DFF8A80A0088D2
:20736000801EDFF8A01A0880DFF8980A0088002805D1DFF8880A0088DFF8881A088019E06C
:207380000020DFF8701A48700020DFF8681A0870FCF7F4FEDFF8C40700680068DFF8BC17C2
:2073A000086042E00020DFF84C1A48700020DFF8441A08700020DFF83C1A48700020DFF865
:2073C000341A087002F0D0FBDFF8380A0078C00702D40220060001E001200600DFF8240AC7
:2073E0000088801B0500002004002000C0B2310080B289B2884218D22800DFF8001A0988B3
:2074000080B2884211D20022DFF87417280080B207F06DFE2200D2B2DFF86417280080B2FB
:2074200000F00CF86D1C641CDFE770BD345E002038630020EA620020000000202DE9FE4F00
:2074400004000D001600002082465FFA8AFABAF1140F08DA0020A4495FFA8AFA01F80A00A3
:207460001AF1010AF1E7E87B10F50050ADF80800687B0190A87B0090BDF80830A4B2621CD1
:20748000DFF88C1B984805F095FF974A0021F6B2B000C0B204F022FD002082465FFA8AFA61
:2074A000BAF1140F08DA00208F495FFA8AFA01F80A001AF1010AF1E728890190A87A009062
:2074C000EB7A2A7BDFF84C1B874805F073FF864A0021F6B2B000401CC0B204F0FFFC05F033
:2074E00016F8002082465FFA8AFABAF1100F08DA00207D495FFA8AFA01F80A001AF1010A31
:20750000F1E7002081464846DFF80C1B0978C0B2884220D2A878DFF8041B09685FFA89F90F
:20752000142202FB09F2895C884211D1DFF8EC0A00685FFA89F9142101FB09F10844421CA7
:207540000021F6B2B000801CC0B204F0C7FC02E019F10109D7E704F0DAFF002082465FFA2B
:207560008AFABAF1100F08DA00205F495FFA8AFA01F80A001AF1010AF1E7E878012840F08C
:20758000AE80002081465FFA89F905EB8900C08883461FFA8BFB42F21070834522DB1FFA40
:2075A0008BFB0A209BFBF0FB1FFA8BFB0A209BFBF0F08046DFF8681A404680B205F063FC30
:2075C0002E204949C8711FFA8BFB0A209BFBF0F100FB11B080464046C0B205F0BEFB42499F
:2075E00008721CE01FFA8BFB64209BFBF0F08046DFF82C1A4046C0B205F0B8FB2E203A4928
:2076000088711FFA8BFB64209BFBF0F100FB11B08046DFF8101A4046C0B205F0A7FB5FFA6C
:2076200089F905EB890000790700002082465046DFF8F4190978C0B288422FD23800DFF8A0
:20764000EC195FFA8AFA062202FB0AF2895CC0B2884220D10422DFF8D4095FFA8AFA062137
:2076600001FB0AF10844411C1F4805F001FB0222DFF8BC09DFF8B4195FFA8AFA062303FBAA
:207680000AF3194491F9051000EB4101DFF8A40905F0EEFA02E01AF1010AC8E7124A00213F
:2076A000F6B2B000C01CC0B204F018FC5FFA89F905EB89004079002811D0DFF87C095FFA51
:2076C00089F905EB890149790522514300EB01021021F6B2B000C01CC0B204F0FFFBBDE8D9
:2076E000F78F00009CE801089C5E0020ECEA0108F8EA010804EB010810EB010828620020ED
:207700008CE8010870B5A24890F82E0000286BD102F02AFA012007F0D4FCDFF8201908802D
:20772000DFF818090088002811D104F0CAFDDFF810290421022004F0D1FBFCF71FFDDFF807
:207740001C0400680068DFF8141408601EE1DFF8EC080088032190FBF1F201FB12000028B8
:2077600009D0DFF8D8080088032190FBF1F201FB1200040001E003200400DFF8C00800881E
:20778000DFF8C0180880DFF8B4080088001B0500002006003000C0B2210080B289B2884257
:2077A00018D22800DFF89418098880B2884211D20122DFF89418280080B207F098FC320007
:2077C000D2B2DFF88418280080B200F0E3F86D1C761CDFE701206E4981F82E00DFF85C08F2
:2077E0000088DFF860180880DFF808060078002800F0CC805A20664981F82F00DFF8F405C8
:207800004078012836D0082805D0202832D040285DD080286BD1DFF82C080088DFF81C181B
:207820000988884210D1DFF81C080088032804DB0320DFF8101808801BE0DFF80008008873
:20784000DFF80018088014E0DFF8F8070088C01CDFF8F0170880DFF8EC070088DFF8DC1701
:207860000988884205D3DFF8D4070088DFF8D417088044E0DFF8CC070088032190FBF1F269
:2078800001FB120000280FD0DFF8B80700880321DFF8B0271288121A90FBF1F001FB002095
:2078A000DFF8A017088006E0DFF898070088C01EDFF890170880DFF88C070088002805D1FA
:2078C000DFF878070088DFF87C17088017E00020DFF8201548700020DFF818150870FCF76E
:2078E0004DFC9E48006800689C4908604EE00020DFF8001548700020DFF8F81408700020AF
:20790000DFF8F01448700020DFF8E814087002F02BF9DFF830070088032190FBF1F201FB2F
:207920001200002809D0DFF81C070088032190FBF1F201FB1200040001E003200400DFF82F
:2079400004070088001B0500002006003000C0B2210080B289B2884218D22800DFF8DC1679
:20796000098880B2884211D20122DFF8DC16280080B207F0BCFB3200D2B2DFF8CC1628000C
:2079800080B200F007F86D1C761CDFE770BD00000C6000202DE9FC4704000D00160000208C
:2079A00080465FFA88F8B8F1140F09DA0020DFF8A01C5FFA88F801F8080018F10108F0E703
:2079C000687A10F500508146E8790190287A00901FFA89F94B46A4B2621CDFF83416DFF88D
:2079E000700C05F0E7FCDFF8682C0021032016FB00F0C0B204F072FA002080465FFA88F8F2
:207A0000B8F1140F09DA0020DFF8441C5FFA88F801F8080018F10108F0E76888019028797B
:207A200000906B79AA79DFF8EC15DFF8240C05F0C1FCDFF81C2C0021F6B2032000FB06F022
:207A4000401CC0B204F04AFA00200700FFB2102F06DA0020DFF8F81BFFB2C8557F1CF5E7DA
:207A600068780F282ADA002007003800DFF8E41B0978C0B2884221D26878DFF8DC1B0968E7
:207A8000FFB2112202FB07F2895C884214D1DFF8C80B0068FFB2112101FB07F10844401CE7
:207AA000824652460121F6B2032000FB06F0801CC0B204F013FA01E07F1CD6E76878202818
:207AC0002CDB6878412829DA002007003800DFF848150978C0B2884220D26878DFF83C1509
:207AE0000968FFB2142202FB07F21144497C884212D1DFF828050068FFB2142101FB07F12B
:207B00000844421C0021F6B2032000FB06F0801CC0B204F0E3F901E07F1CD7E72878FF28FF
:207B20000BD1DFF8382B1021F6B2032000FB06F0801CC0B204F0D2F90DE0287800280AD1E5
:207B4000DFF81C2B1021F6B2032000FB06F0801CC0B204F0C3F9BDE8F38700004C6200206F
:207B6000C662002039630020C4620020C856002038E70108CA62002026630020C862002016
:207B80002861002070B5DFF8DC0A90F82E0000286DD101F0E9FF022007F093FADFF8C81A06
:207BA0000880DFF8C40A0088002811D104F089FBDFF8B82A0421022004F090F9FCF7DEFA46
:207BC000DFF8AC0A00680068DFF8A41A086010E1DFF8940A0088032190FBF1F201FB1200BD
:207BE000002809D0DFF8800A0088032190FBF1F201FB1200040001E003200400DFF8680AA6
:207C00000088001BDFF83C140880DFF85C0A0088001B0500002006003000C0B2210080B212
:207C200089B2884218D22800DFF83C1A098880B2884211D20222DFF81014280080B207F020
:207C400056FA3200D2B2DFF80014280080B200F0DBF86D1C761CDFE70120DFF8081A81F8A2
:207C60002E00DFF8040A0088DFF8D813088061480078002800F0BD805A20DFF8E81981F8DE
:207C80002F005C484078012834D0082805D0202830D0402857D0802865D1DFF8A803008868
:207CA000DFF8C4190988884211D1DFF898030088032804DB0320DFF88C13088019E0DFF8DE
:207CC000A8090088401EDFF87C13088011E0DFF874030088C01CDB490880DA480088DFF84F
:207CE00088190988884204D3DFF87C090088D54908803EE0D348008803281ADBD1480088A5
:207D0000032190FBF1F201FB120000280CD0CD4800880321CB4A1288121A90FBF1F001FBBB
:207D20000020C849088004E0C6480088C01EC5490880C4480088002804D1DFF82C09008877
:207D4000C049088015E000202A494870002029490870FCF713FADFF8180900680068DFF8A9
:207D60001019086045E000202249487000202149087000201F49487000201E49087001F0D8
:207D8000F3FEB0480088032190FBF1F201FB1200002808D0AB480088032190FBF1F201FBC9
:207DA0001200040001E003200400A6480088001B0500002006003000C0B2210080B289B2B9
:207DC000884216D22800DFF8A018098880B288420FD202229C49280080B207F088F93200BF
:207DE000D2B29949280080B200F00EF86D1C761CE1E770BD3062002029630020D862002005
:207E0000F0E90108D46200202DE9F04383B004000D001600002080465FFA88F8B8F1140FFC
:207E200009DA0020DFF828185FFA88F801F8080018F10108F0E7687A10F500508146E87906
:207E40000190287A00901FFA89F94B46A4B2621C6F49DFF8FC0705F0ADFADFF8F42700211E
:207E6000032016FB00F0C0B204F038F8002080465FFA88F8B8F1140F09DA0020DFF8D017FC
:207E80005FFA88F801F8080018F10108F0E768880190287900906B79AA795E49DFF8B00731
:207EA00005F088FADFF8A8270021F6B2032000FB06F0401CC0B204F011F800200700FFB225
:207EC000102F06DA0020DFF88817FFB2C8557F1CF5E7687801280BD1DFF898270121F6B263
:207EE000032000FB06F0801CC0B203F0F7FF73E068780A280BD1DFF880270121F6B20320CB
:207F000000FB06F0801CC0B203F0E8FF64E068780B280BD1DFF864270121F6B2032000FB0B
:207F200006F0801CC0B203F0D9FF55E068780C280BD1DFF84C270121F6B2032000FB06F025
:207F4000801CC0B203F0CAFF46E068780D280BD1DFF830270121F6B2032000FB06F0801C98
:207F6000C0B203F0BBFF37E068780E280BD1DFF818270121F6B2032000FB06F0801CC0B2D7
:207F800003F0ACFF28E068780F280BD1DFF8FC260121F6B2032000FB06F0801CC0B203F070
:207FA0009DFF19E0687809280BD1DFF8E4260121F6B2032000FB06F0801CC0B203F08EFFF2
:207FC0000AE0DFF8D0260121F6B2032000FB06F0801CC0B203F082FF287800280BD0DFF810
:207FE000B8261021F6B2032000FB06F0801CC0B203F074FF0AE0DFF8A4261021F6B20320BB
:2080000000FB06F0801CC0B203F068FFBDE8F78364E5010868E401081D630020F861002028
:20802000A05E0020A35E0020B6EB000888E001080CE60108A55E00202C000020D662002025
:20804000FCE90108D262002094610020F0B585B0DFF8100690F82E00002822D10020FCF71E
:20806000E2FD0400E4B25A2C09D1FCF787F8DFF8000600680068DFF8F8150860E6E2E4B25E
:20808000A52C0DD10020DFF8DC1508760120DFF8D415C8750120DFF8CC1581F82E0000E04D
:2080A000D4E2DFF8C00590F82E00012840F0CE82DFF8B00500785A2800F07F8001F054FD58
:2080C0005A20DFF8A015087000200700FFB2202F06DA0020DFF87815FFB2C8557F1CF5E752
:2080E000002006000E22DFF8B815DFF8640504F0BFFDDFF8B005C07910F5005080B205F055
:208100000AF80500DFF84815280080B204F0F7FEDFF89415DFF88C05807904F091FEDFF8A6
:208120008C15DFF88005407904F08AFE0C22DFF88015DFF8800504F09BFDDFF87815DFF850
:208140006405007904F07CFEDFF86C15DFF85405C07804F075FEDFF86415DFF8480580783C
:2081600004F06EFEDFF8E8240121012003F0B6FEDFF840250221022003F0B0FEDFF8E404F1
:20818000007E0F210123DFF8C824DFF8D8C49CF818C012F80C20D2B290FBF1FC01FB1C0021
:2081A000DFF8C014C97D0918C9B2DFF8B804C07DC0B24000C0B203F0BBFC04F0A8F9DFF828
:2081C00000050078002800F0418204F0A0F9DFF8F4040078002800F03982DFF8E804407825
:2081E00001280DD0082800F09F80102800F0E980202841D0402800F0E38180281ED0EFE12E
:20820000DFF84C04DFF85C14097E4056392807D13020DFF83C14DFF84C24127E88540CE084
:20822000DFF82C04DFF83C14097E405C401CDFF82014DFF83024127E8854D9E1DFF810044A
:20824000DFF82014097E4056302807D13920DFF80014DFF81024127E88540CE0DFF8F00355
:20826000DFF80014097E405C401EDFF8E413DFF8F423127E8854BBE1DFF8E803007E002866
:2082800008D11820DFF8DC1308760220DFF8D413C875ADE1DFF8CC03007E401EDFF8C413AE
:2082A0000876DFF8C003007E042833DBDFF8B403007E0F2811DBDFF8AC03007E022190FB0D
:2082C000F1F201FB1200002824D1DFF89803007E801EDFF8901308761CE0DFF88803007E2E
:2082E0000E2806D1DFF87C03007E401EDFF874130876DFF87003007E022190FBF1F201FB0E
:208300001200002806D0DFF85C03007E801EDFF854130876DFF84C03007E0E2803DA012067
:20832000DFF84013C87563E1DFF83803007E182808DB0120DFF82C13C8750020DFF824133D
:20834000087655E1DFF81C03007E401CDFF814130876DFF81003007E04282ADBDFF80403A6
:20836000007E0F280EDBBF48007E022190FBF1F201FB120000281CD0BA48007E801CB94909
:20838000087616E0B748007E022190FBF1F201FB1200002804D1B348007E801CB1490876C3
:2083A000B048007E0E2804D1AE48007E401CAD490876AC48007E0F2802DB0220A949C87521
:2083C00016E10020DFF8FC1248700020DFF8F4120870002006009E4890F90100302801D0B5
:2083E000FF2006009A48C0780100C9B298488078C0B204F02AFE8DF807009548C0790100B9
:20840000C9B293488079C0B204F01FFE8DF806008F48C07A0100C9B28D48807AC0B204F03D
:2084200014FE8DF805008A48007C0100C9B28848C07BC0B204F009FE8DF804008448007D8C
:208440000100C9B28248C07CC0B204F0FEFD8DF803007F48007E0100C9B27D48C07DC0B27C
:2084600004F0F3FD8DF802009DF80600002803D09DF806000D2801DBFF2006009DF8050090
:20848000002848D09DF80500202844DA9DF8060004280BD09DF80600062807D09DF80600BF
:2084A000092803D09DF806000B2806D19DF805001F2802D1FF2006002FE09DF80600022866
:2084C0002BD19DF80700042190FBF1F201FB1200002808D19DF80700642190FBF1F201FBD7
:2084E0001200002809D19DF807004FF4C87190FBF1F201FB1200002806D19DF805001E28F5
:208500000BDBFF20060008E09DF805001D2804DBFF20060001E0FF2006009DF804001828A6
:2085200001DBFF2006009DF803003C2801DBFF2006009DF802003C2801DBFF20060003F04E
:20854000E6FF9DF8070010F5FA6080B204F03DFE050028008DF80F009DF8060004F016FE76
:208560008DF80E009DF8050004F010FE8DF80D009DF8040004F00AFE8DF80C009DF803007C
:2085800004F004FE8DF80B009DF8020004F0FEFD8DF80A00F6B2002E02D102A807F06FF88F
:2085A000DFF8000106F0F2FF0020DFF8F8100880FBF7E4FD2E48006800682D49086045E059
:2085C0000020DFF8001148700020DFF8F8100870FBF7D4FD2648006800682549086035E078
:2085E0000020DFF8E01048700020DFF8D81008700020DFF8D01048700020DFF8C8100870AF
:20860000134A0121012003F069FCDFF8A8200221022003F063FC1348007E0F2101230C4AA9
:20862000DFF840C09CF818C012F80C20D2B290FBF1FC01FB1C000B49C97D0918C9B2094826
:20864000C07DC0B24000C0B203F072FA05B0F0BD9C5E00201E630020FC6100205CEC01086F
:2086600064EC01080C600020EC62002008EA01084C6200209CE7010814EA0108ACE70108AF
:2086800020EA01082CEA0108BCE70108CCE7010838EA010844EA01080CEC010814EC0108D4
:2086A0000CE90108B8610020A25E0020A65E0020E8E60108AB5E0020AF5E0020B35E0020E1
:2086C00027630020306200202DE9F04182B0DFF8E80790F82E00002840F08981DFF8D80731
:2086E00090F82F005A281ED103F0EBFD0020DFF8C81781F82F00DFF8CC070079DFF8C81720
:208700000871DFF8C0074079DFF8BC174871DFF8B4078079DFF8B0178871DFF8A807C07846
:20872000DFF8A417C87000200700FFB2202F06DA2020DFF88C17FFB2C8557F1CF5E7DFF892
:208740008017DFF88407007904F07AFB4820DFF870178870DFF868270B21002003F0BEFB22
:20876000DFF864074079002805D0022811D009D3032815D01AE0DFF854270B21012003F07E
:20878000ADFB13E0DFF848270B21012003F0A6FB0CE0DFF840270B21012003F09FFB05E02E
:2087A000DFF834270B21012003F098FBDFF81807C078022802D0032807D00CE0DFF81C2782
:2087C0000A21022003F08AFB05E0DFF81C270A21022003F083FBDFF8F0068079002806D053
:2087E000DFF8FC260A21032003F078FB05E0DFF8FC260A21032003F071FBDFF8E806007804
:20880000002800F08B80DFF8DC064078012806D0102827D0402861D0802812D06EE0DFF84E
:2088200098064078002804D10320DFF88C16487006E0DFF884064078401EDFF87C16487013
:2088400064E0DFF874064078401CDFF86C164870DFF864064078042803DB0020DFF85816F6
:20886000487053E00020DFF87C1648700020DFF874160870DFF840064078002807D10120DD
:20888000DFF8341681F82E0000F045F925E0DFF828064078012807D10220DFF81C1681F87B
:2088A0002E0000F0C0F918E0DFF80C064078022807D10320DFF8001681F82E0000F032FA73
:2088C0000BE0DFF8F4054078032806D10420DFF8E81581F82E0000F088FA17E00020DFF824
:2088E000041648700020DFF8FC150870FBF746FC0520DFF8C41581F82E0007E00020DFF898
:20890000E41548700020DFF8DC1508700020DFF8D41548700020DFF8CC150870DFF89805EA
:208920004078002802D15FF0010801E05FF00008DFF8BC0506F0C6FE5FFA88F8CDF8008084
:20894000DFF8AC350200D2B20021002003F03AFBDFF864054078012802D15FF0010801E043
:208960005FF00008DFF88C0506F0ACFE02005FFA88F8CDF80080DFF87C35D2B2002101202A
:2089800003F020FBDFF830054078022802D15FF0010801E05FF00008DFF85C0506F092FEBA
:2089A0005FFA88F8CDF80080DFF84C350200D2B20021022003F006FBDFF8FC0440780328CA
:2089C00002D15FF0010801E05FF00008DFF82C0506F078FE5FFA88F8CDF80080DFF81C357A
:2089E0000200D2B20021032003F0ECFA91E0DFF8C80490F82E00012802D100F08CF888E032
:208A0000DFF8B40490F82E00022802D100F00BF97FE0DFF8A40490F82E00032802D100F09E
:208A200081F976E0DFF8900490F82E00042802D100F0DBF96DE0DFF8800490F82E000528F7
:208A400067D1DFF884040500DFF87804060000200700FFB20C2F12D22800451C31004E1C06
:208A600000780978884204D00120DFF89414087005E00020DFF8881408707F1CE9E7DFF815
:208A80008004007800283AD00220FCF7CCF80400E4B25A2C09D1FBF771FBDFF82004006814
:208AA0000068DFF81814086033E0E4B2A52C25D10020DFF84C1408705A20DFF8FC1381F8CB
:208AC0002F00082005F002FD0022DFF8F8034179DFF8900506F080FE00210F2005F0AFF9D0
:208AE00003F0EFFBDFF880250021012003F030FA0520DFF8C41381F82E000AE009E0FBF77F
:208B00003DFBDFF8B80300680068DFF8B0130860FFE7BDE8F38130B585B0DFF89C030078B2
:208B20005A2812D0DFF89C0300798DF80C000020DFF88413DFF8802392F82E201144C874E0
:208B40005A20DFF87413087004E0DFF86C03808B8DF80C0003A8029000200190DFF80C0529
:208B600000900123DFF85003DFF84C1391F82E100844C27C0B210020FBF721FD0500EDB290
:208B80005A2D1FD10020DFF83013DFF82C2392F82E201144C8740020DFF81C1381F82E00C8
:208BA0000020DFF81413087000200400E4B2052C37DA0020DFF80013E4B201EB4401888347
:208BC000641CF3E7EDB2A52D21D10020DFF8E812DFF8E42292F82E201144C8740020B64982
:208BE00081F82E000020B449087000200400E4B2052C07DA0020B049E4B201EB4401888382
:208C0000641CF4E79DF80C00AF49087109E0AA48A94991F82E100844C5749DF80C00A6493E
:208C2000888305B030BD80B5A34800785A2806D0A4484079A04988705A209F490870A94846
:208C4000007800284CD0A7484078012806D0102820D040282AD080280ED035E096488078B7
:208C6000002803D103209449887004E092488078401E914988702DE08F488078032803DB35
:208C800000208D49887004E08B488078401C8A4988701FE0884880788B49487100208649CD
:208CA00081F82E0000208449087013E000208D49487000208B490870FBF760FA7F48006820
:208CC00000687E4908602CE0002086494870002084490870002083494870002081490870DF
:208CE00075488078002805D002280FD008D3032812D016E0754A0B21012003F029F910E0CA
:208D0000734A0B21012003F023F90AE0714A0B21012003F01DF904E06F4A0B21012003F062
:208D200017F901BD80B5644800785A2806D06548C078614988705A205F490870694800786A
:208D400000283DD067484078012806D010280CD0402815D0802804D022E0022056498870E0
:208D600026E002205449887022E002205649C8700020514981F82E0000204F49087017E0B3
:208D80000020DFF8EC1248700020DFF8E4120870FBF7F4F94948006800684849086022E086
:208DA0000020DFF8CC1248700020DFF8C41208700020DFF8BC1248700020DFF8B41208702F
:208DC0003D488078022802D0032806D00BE0434A0A21022003F0BCF805E0DFF80C210A2199
:208DE000022003F0B5F801BD000080B5324800785A2806D0334880792F4988705A202E499F
:208E00000870DFF86C020078002842D0DFF860024078012805D010280FD0402819D08028E4
:208E200027D125488078002803D000202249887002E001202049887023E01F488078224926
:208E4000887100201C4981F82E0000201A49087017E00020DFF8181248700020DFF8101209
:208E60000870FBF78BF9154800680068134908601FE00020DFF8F81148700020DFF8F01164
:208E800008700020DFF8E81148700020DFF8E011087009488078002805D0114A0A21032063
:208EA00003F056F805E0DFF844200A21032003F04FF801BD000000000C6000204C620020B1
:208EC0009C5E00207C6100208861002074EC01087CEC010884EC01088CEC010894EC010815
:208EE000ACEC0108306200209CEC0108A4EC010840EB01084CEB010858EB010864EB0108DD
:208F0000316300207FB5DFF83C0690F82E0000281AD10020FBF787FE0500EDB25A2D09D1EB
:208F2000FBF72CF9DFF8600700680068DFF85817086096E0EDB2A52D05D10120DFF804168F
:208F400081F82E008DE08CE0DFF8F80590F82E00012840F0868000F007FEDFF8E805007877
:208F60005A280BD05A20DFF8DC15087000208DF80D009DF80D008DF80C000FE000200400E2
:208F8000E4B2022C0ADADFF8BC05E4B200EB4400808B03A9E4B20855641CF1E7DFF82C2A9D
:208FA0000121012002F09AFF03A8029010200190DFF8200A00900223DFF88805DFF884155B
:208FC00091F82E100844C27C05210220FBF7F7FA0600F6B25A2E09D1FBF7D0F8DFF8A806C6
:208FE00000680068DFF8A01608603AE0F6B2A52E1FD100200400E4B2022C09DA03A8E4B21B
:20900000005DDFF8D419E4B22144C871641CF2E7082005F05BFA00210F2004F010FFFBF7EB
:20902000ADF8DFF8640600680068DFF85C16086017E0DFF81005DFF80C1591F82E100844DB
:20904000C67400200400E4B2022C0ADA03A8E4B2005DDFF8F014E4B201EB44018883641C3F
:20906000F1E77FBD0038014024E701080C0000203062002030B585B0DFF8C80490F82E00FE
:2090800000286BD1DFF8BC0490F82F005A2806D103F017F90020DFF8AC1481F82F00002043
:2090A0000400E4B2202C06DA0020DFF83019E4B20855641CF5E7DFF82419DFF81C09807853
:2090C00003F054FEDFF814290A21012002F006FFDFF80C2A0121012002F000FFDFF8042AAE
:2090E0000C21012002F0FAFEDFF8FC090078002834D0DFF8F4094078102802D0402812D0D8
:2091000023E00020DFF8E01948700020DFF8D81908700120DFF82C1481F82E000020DFF86E
:20912000241408701AE00020DFF8BC1948700020DFF8B4190870FBF721F8DFF894080068DF
:209140000068DFF88C180860B6E00020DFF8981948700020DFF890190870ADE0DFF8E4036B
:2091600090F82E00012855D1DFF8D80300785A2812D0DFF8640880788DF80C000120DFF898
:20918000C413DFF8C02392F82E201144C8745A20DFF8B013087004E0DFF8A803808B8DF853
:2091A0000C0003A8029010200190DFF8280800900123DFF89003DFF88C1391F82E100844F7
:2091C000C27C0A210120FBF7FAF90500EDB25A2D07D1FAF7D3FF0220DFF8681381F82E003F
:2091E00018E0EDB2A52D0BD19DF80C00DFF8E8178870FAF7C3FF0220D24981F82E0009E03B
:20920000D048D04991F82E100844C5749DF80C00CC498883CB4890F82E0002284CD1DFF829
:20922000CC088078DFF8B0178978884204D00120DFF8BC18087003E00020DFF8B4180870C3
:20924000DFF8AC08007800282CD00220FBF7EBFC0500EDB25A2D09D1FAF790FFDFF8700719
:2092600000680068DFF86817086025E0EDB2A52D17D10020DFF8781808705A20B14981F816
:209280002F00082005F022F903F01BF8DFF864280021012002F05CFE00210F2004F0CFFD60
:2092A0000AE009E0FAF76AFFDFF8240700680068DFF81C170860FFE705B030BDE0B5A14837
:2092C00090F82F005A280BD102F0FBFF00209D4981F82F00DFF820088078DFF82018087061
:2092E000DFF81808027896A1684604F063F86A461021012002F0F2FDDFF80428022101209F
:2093000002F0ECFDDFF8FC270221032002F0E6FDDFF8F4270021042002F0E0FDDFF8EC276D
:209320000021052002F0DAFDDFF8BC070078002800F07F80DFF8B007407801280AD008287C
:209340001AD010282AD0202804D040283DD0802812D048E0DFF8A4070078382807DADFF89C
:209360009C070078801CDFF89417087003E03820DFF8881708703FE0DFF8800700781128E5
:2093800007DBDFF878070078801EDFF87017087003E01020DFF8641708702DE00020DFF8C8
:2093A000481748700020DFF840170870DFF84C070078DFF844178870DFF83C0705F0F2FB08
:2093C00000210F2004F03BFD16E00020DFF8181748700020DFF810170870FAF7CFFE5A4847
:2093E000A949086025E00020DFF8FC1648700020DFF8F41608701CE00020DFF8EC16487027
:209400000020DFF8E4160870DFF8F0060078DFF8E8168870302003F00EF8812003F00BF8F1
:20942000DFF8D806007880B203F030F8042003F02DF807BD10B5434890F82E00002819D19A
:209440000120FBF7F0FB0400E4B25A2C09D1FAF795FEDFF87C0500680068DFF874150860A0
:209460002AE0E4B2A52C04D10120364981F82E0000E021E0334890F82E0001281CD102F045
:2094800020FF002005F060FE002806D0DFF880260221012002F022FD05E0DFF878260221ED
:2094A000012002F01BFDFAF769FEDFF8240500680068DFF81C15086010BD10B5214890F866
:2094C0002E00002819D10120FBF7ADFB0400E4B25A2C09D1FAF752FEDFF8F40400680068B7
:2094E000DFF8EC1408602AE0E4B2A52C04D10120144981F82E0000E021E0124890F82E00D1
:2095000001281CD102F0DDFE012005F01DFE002806D0DFF8FC250221012002F0DFFC05E04B
:20952000DFF8F0250221012002F0D8FCFAF726FEDFF89C0400680068DFF89414086010BD25
:20954000256400000C60002038E7010810B5DFF8C80590F82E0000281AD10120FBF763FB2B
:209560000400E4B25A2C09D1FAF708FEDFF8600400680068DFF8581408602CE0E4B2A52CD1
:2095800005D10120DFF8901581F82E0000E022E0DFF8840590F82E0001281CD102F091FE22
:2095A000022005F0D1FD002806D0DFF864250021012002F093FC05E0DFF85825002101202A
:2095C00002F08CFCFAF7DAFDDFF8040400680068DFF8FC13086010BD10B500F0C5FADFF834
:2095E0003C250121012002F079FC00200400E4B2052C06DA0020DFF8E413E4B20855641C34
:20960000F5E7DFF81C250121022002F067FCDFF814250121032002F061FCDFF8C013DFF898
:209620000805008803F0C3FBDFF8B0230821042002F054FCDFF8F4240121042002F04EFC3A
:20964000DFF8A404007800281DD0DFF89C04407840280FD10020DFF8901448700020DFF83D
:2096600088140870FAF78AFD0748006800680649086008E00020DFF8701448700020DFF876
:2096800068140870FFE710BD4C62002010B5DFF8880490F82E00002820D10120FBF7C3FA8E
:2096A0000400E4B25A2C07D1FAF768FDC84800680068C74908607CE0E4B2A52C0DD1012042
:2096C000DFF8541481F82E000120DFF8641408705A20DFF84414087000E06AE0DFF838045E
:2096E00090F82E00012864D1DFF844040078002830D00020DFF838140870DFF83804C07891
:20970000012803D1032004F04AFD14E0DFF82404C078022803D1042004F041FD0BE0DFF8AD
:209720001404C078032803D1052004F038FD02E0022004F034FDFA2001F065FF082004F0D8
:209740002EFDFA2001F05FFF05F0BBF800210E2004F075FB00F008FADFF8DC23032100200E
:2097600002F0BCFB02F0D3FE962001F04CFFDFF8CC230221012002F0B1FB962001F043FFFA
:20978000DFF8BC230221022002F0A8FB962001F03AFFDFF8B0230221032002F09FFB962027
:2097A00001F031FFDFF8A0230221042002F096FBFEE710BD70B5DFF894030078002806D069
:2097C000DFF888030078401EDFF880130870DFF87C030078002840F0F8800220DFF86C1359
:2097E000087000200400E4B2202C05DA20207B49E4B20855641CF6E7DFF8540300780921E8
:2098000090FBF1F00600DFF848030078092190FBF1F201FB1200002800D0761CDFF8F8023B
:2098200090F82E00002840F09880DFF8EC0290F82F005A280ED102F044FD0020DFF8D81211
:2098400081F82F000020DFF8D01248700020DFF8C812C870DFF890020078002863D0DFF8B3
:2098600088024078012806D0102834D040283DD0802817D04BE0DFF8A0024078002807D00C
:20988000DFF894024078401EDFF88C12487003E0701EDFF8841248705A20DFF87C1281F82A
:2098A0002F003AE0DFF870024078F6B2711E884207D0DFF864024078401CDFF85C12487038
:2098C00003E00020DFF8501248705A20DFF8481281F82F0021E000208349487000208249B1
:2098E000087000F07DF806F0D7FD16E000207E49487000207C490870FAF740FC0020DFF8AB
:20990000541208700220844981F82E005DE000207549487000207449087000207249487018
:209920000020714908707C4890F82F005A2805D102F0C7FC0020784981F82F00864A0221D1
:20994000002002F0CBFA74484078092110FB01F2D2B20121002000F0DDFC6F4890F82E0098
:20996000022832D10120FBF75EF90500EDB25A2D0CD17A487A49342205F01EF9FAF7FEFB77
:20998000134800680068124908601EE0EDB2A52D1AD15A20604981F82F00FAF7EFFB0C4885
:2099A000006800680A490860092004F08FFD6B486B49342205F000F902F083FC4D4A00219F
:2099C000012002F0C5FA00E0FFE770BD1CE901084C62002000000020886100209C5E0020A3
:2099E0005E4949884FF4FA7251435E4A1268B1FBF2F10800B0F5407F04D9B0F5056F01D2C6
:209A000056494880554989884FF4FA725143554A5268B1FBF2F10800B0F5407F04D9B0F517
:209A2000056F01D24D4988804C49498941F28E6251434C4A9268B1FBF2F10800B0F5407F98
:209A400004D9B0F5056F01D2444948814349898941F28E625143434AD268B1FBF2F1080034
:209A6000B0F5407F04D9B0F5056F01D23B4988813A49C98942F2107251433A4A1269B1FB62
:209A8000F2F10800B0F5407F04D9B0F5056F01D23249C8813149098A42F210725143314A18
:209AA0005269B1FBF2F10800B0F5407F04D9B0F5056F01D2294908822849498A42F2107231
:209AC0005143284A9269B1FBF2F10800B0F5407F04D9B0F5056F01D22049488270470000D7
:209AE00070EB0108C4EC0108306200207C6100203163002024E701082C6200203A63002067
:209B0000DCE70108D4E601087CE5010894E501087CEB010888EB01080C600020ECE7010876
:209B20005CE701086CE70108CC620020B4EC01083B630020A0610020BCE70108FCE701080F
:209B40000CE801081CE801082CE8010829630020C2F600083C63002050EA0108D85F002019
:209B6000A45F0020685F002080B5DFF87C0A90F82F005A2806D102F0A4FB0020DFF8681A2F
:209B800081F82F00DFF8640A0068C00105D580A21321002002F0A2F904E07EA2132100207A
:209BA00002F09CF901BDF8B504000D0016001F00DFF83C0A0660DFF8380A0068DFF8341A44
:209BC000884204D3DFF8300ADFF8241A0860DFF8200A0068DFF8241A884209D30920DFF832
:209BE000201A0880DFF8140ADFF8181A086077E0DFF8FC090068DFF8101A884209D30820D3
:209C0000DFF8FC190880DFF8000ADFF8F819086066E0DFF8DC090068DFF8F019884209D3AF
:209C20000720DFF8DC190880DFF8E009DFF8D419086055E0DFF8B8090068DFF8D4198842FA
:209C400009D30620DFF8B8190880DFF8C409DFF8B419086044E0DFF89809006842F2107169
:209C6000884209D30520DFF89819088042F21070DFF89019086033E0DFF874090068B0F5F9
:209C80007A7F09D30420DFF8781908804FF47A70DFF87019086023E0DFF8540900686428BB
:209CA00008D30320DFF8581908806420DFF85419086015E0DFF8380900680A2808D3022002
:209CC000DFF83C1908800A20DFF83819086007E00120DFF82C1908800120DFF828190860C9
:209CE0000020DFF88C1B0880DFF8840B0088DFF810190988884249D2DFF8F4080068DFF8C8
:209D000004190968B0FBF1F0DFF80819DFF8602B128821F81200DFF8D8080068DFF8D0182C
:209D20000968DFF8E0281268B1FBF2F1DFF8D428126802FB1100DFF8B8180860DFF8C408BD
:209D400000680A21B0FBF1F0DFF8B81808603B00DBB2DFF8C008DFF8181B098830F811009A
:209D600010F13002D2B2DFF8080B00882918C9B22000C0B24000C0B201F0DAFEDFF8F00A20
:209D80000088401CDFF8E81A0880ADE7F1BD0000600000005E000000F0B40023140089B268
:209DA00000EB01073E00A4B242F21077BC4205DB05273B0042F210773D001DE0A4B2B4F528
:209DC0007A7F05DB04273B004FF47A773D0013E0A4B2642C04DB03273B0064273D000BE003
:209DE000A4B20A2C04DB02273B000A273D0003E001273B0001273D009BB2002B12D0A4B2CB
:209E0000ADB294FBF5F730373770761CA4B2ADB294FBF5F705FB1744ADB20A2795FBF7F531
:209E20005B1EE9E7F0BC7047F8B504000D0016001F00002E0CD500200090DAA301222900FB
:209E4000C9B22000C0B202F0BDF8F043461C09E000200090D4A301222900C9B22000C0B250
:209E600002F0B0F80120DFF8941A0880DFF88C0A008810281DDA7FF00040B0FBF7F0DFF8DE
:209E8000801A0860DFF8780A006842F2107188420FDADFF8680A00880641DFF8600A0088B6
:209EA000C740DFF8580A0088401CDFF8501A0880DCE7B6FBF7F0DFF84C1A0880DFF8440A70
:209EC000008842F21071884204DB42F20F70DFF8341A0880B6FBF7F007FB1060DFF8201A21
:209EE0000860DFF81C0A006842F210714843B0FBF7F0DFF80C1A0860DFF8040A00684FF4CE
:209F00007A7190FBF1F0DFF8041A08804FF47A70DFF8EC190968DFF8E829126892FBF0F222
:209F200000FB1210642190FBF1F0DFF8E01948804FF47A70DFF8C8190968DFF8C4291268E7
:209F400092FBF0F200FB1210642190FBF1F201FB1200DFF8AC190860DFF8A40900680A2159
:209F600090FBF1F0DFF8A41988800A20DFF890190968DFF88C29126892FBF0F200FB12102C
:209F8000DFF88819C88002F0C2FA00200090DFF880390722691CC9B22000C0B202F012F85C
:209FA000DFF860090088B0F57A7F1EDB0023DFF854090288691C89B2200080B2FFF7F3FD69
:209FC00000200090D1A30422691DC9B22000C0B201F0F8FF0023DFF834090288A91D89B2FA
:209FE000200080B2FFF7DFFDD9E0DFF818090088642828DB0023DFF80C090288691C89B21C
:20A00000200080B2FFF7CFFD00200090BFA30422291DC9B22000C0B201F0D4FF0023DFF8E3
:20A02000EC080288691D89B2200080B2FFF7BBFD0023DFF8D8084288A91D89B2200080B2EA
:20A04000FFF7B1FDABE0DFF8BC0800880A280ADB0023DFF8B0080288691C89B2200080B249
:20A06000FFF7A1FD09E00023DFF898080288A91C89B2200080B2FFF796FD42F210708742E7
:20A0800029D100200090DFF81C3B0422E91CC9B22000C0B201F096FF0023DFF8700802882E
:20A0A000291D89B2200080B2FFF77DFD0023DFF85C084288691D89B2200080B2FFF773FDBC
:20A0C0000023DFF848088288A91D89B2200080B2FFF769FD63E0B7F57A7F29D100200090EB
:20A0E000DFF8C03A0422E91CC9B22000C0B201F069FF0023DFF814080288291D89B22000BD
:20A1000080B2FFF750FD0023DFF800084288691D89B2200080B2FFF746FD0023DFF8EC07C5
:20A120008288A91D89B2200080B2FFF73CFD36E0642F1ED10020009074A30422E91CC9B28E
:20A140002000C0B201F03EFF0023DFF8C0070288291D89B2200080B2FFF725FD0023DFF80F
:20A16000AC074288691D89B2200080B2FFF71BFD15E00A2F13D10020009065A30422E91C4C
:20A18000C9B22000C0B201F01DFF0023DFF87C070288291D89B2200080B2FFF704FDF1BD26
:20A1A000000000002D000000200000002DE9F34F87B01400DFF8F009C078002815D1DFF8C2
:20A1C000EC09DFF8EC19702204F006FDDFF8DC0902F020FCDFF8D4098346DFF8D809019095
:20A1E000DFF8D40900788DF80200E4B2902000FB04F08344092014FB00F081469DF820000C
:20A200000500EDB20A2D7DDA4E4619F1010930009DF80210C0B2884274D20198F6B2310198
:20A2200000EB010201212800C0B201F057FE0198F6B231010844821D0C212800C0B201F018
:20A240004DFE002082465FFA8AFABAF1100F08DA002002A95FFA8AFA01F80A001AF1010A81
:20A26000F1E7DBF8000080461BF1040B6420B8FBF0F007006420B8FBF0F100FB1180ADF8EB
:20A280000000BDF80030BFB23A00DFF8301902A803F090F802AA06212800C0B201F01EFE6F
:20A2A0001BF1080BDBF8000007001BF1040B0198F6B231010844C07A032821D038040AD55A
:20A2C000BFB2FF43BFB23A00DFF8F4180DF10F0003F070F807E0BFB23A00DFF8E8180DF16E
:20A2E0000F0003F067F80DF10F020F212800C0B201F0F4FDB9A213212800C0B201F0EEFD3D
:20A300006D1C7EE709B0BDE8F08F00002E3030002E3000002DE9F24F82B004001500E4B24E
:20A32000002C03D0DFF8A008814602E0DFF89C088146A8469DF808000600F6B20A2E80F2D1
:20A340004A81474618F1010802F0E1F83800DFF880180978C0B2884280F03D81DFF87408E3
:20A36000FFB2390100EB010201213000C0B201F0B5FDDFF86008FFB239010844821D0F2158
:20A380003000C0B201F0AAFDDFF84808FFB239010844C07A01281DD1FFB259F827008346E2
:20A3A000E4B2002C0BD0DFF830080068002806D0DFF82408006800FB0BF0824600E0DA4662
:20A3C0004FF47A7352460621F6B2300080B2FFF72BFDFEE0DFF8FC07FFB239010844C07A3D
:20A3E000002830D1FFB259F827008346DFF8EC07006800FB0BF08246DFF81002824516DBB1
:20A400004FF47A709AFBF0FA0020009074A301220F213000C0B201F0D5FD4FF47A73524649
:20A420000621F6B2300080B2FFF7FEFCD1E00A209AFBF0FA642352460621F6B2300080B251
:20A44000FFF7F2FCC5E0DFF88C07FFB239010844C07A022840F09E80FFB259F8270083462E
:20A46000DFF874070068DFF874170968484382460A209AFBF0FA45F2B500824545DB6420FC
:20A480009AFBF0FA0BFB0AFA6048824503DADFF85007824516DA4FF47A709AFBF0FA002036
:20A4A000009050A301220F213000C0B201F08AFD4FF47A7352460621F6B2300080B2FFF7BD
:20A4C000B3FC86E0BAF57A7F03DADFF81807824512DA0020009042A301220F213000C0B2AF
:20A4E00001F070FD4FF47A7352460621F6B2300080B2FFF799FC6CE0642352460621F6B240
:20A50000300080B2FFF790FC63E00BFB0AFA3B48824503DADFF8D006824515DA3C489AFB67
:20A52000F0FA002000902FA301220F213000C0B201F048FD4FF47A7352460621F6B23000BD
:20A5400080B2FFF771FC44E03148824503DADFF8B00B824515DA64209AFBF0FA002000902A
:20A560001FA301220F213000C0B201F02BFD4FF47A7352460621F6B2300080B2FFF754FCCC
:20A5800027E0642352460621F6B2300080B2FFF74BFC1EE0DFF83C06FFB239010844C07A9F
:20A5A00004280BD142F21073FFB259F827200621F6B2300080B2FFF737FC0AE04FF47A731F
:20A5C000FFB259F827200621F6B2300080B2FFF72BFC761CB1E6BDE8F78F00004000000050
:20A5E0006B0000004D0000000C600020D86100204062002000CA9A3BFFC99A3B00E1F505E5
:20A60000E0620020446200208096980040420F00A0860100006100202DE9F34F83B014008C
:20A620001D00002083465FFA8BFBBBF1100F09DA0020DFF8D01A5FFA8BFB01F80B001BF1B7
:20A64000010BF0E7C5F302108DF8040015F00F000600F6B2002E06D0022E17D008D3042EDA
:20A6600032D021D340E0ADF806400020804640E0A4B20A2094FBF0F0ADF80600A4B20A20B9
:20A6800094FBF0F100FB1140804632E0A4B2642094FBF0F0ADF80600A4B2642094FBF0F1E8
:20A6A00000FB1140804624E0A4B24FF47A7094FBF0F0ADF80600A4B24FF47A7094FBF0F1F4
:20A6C00000FB1140804614E0A4B242F2107094FBF0F0ADF80600A4B242F2107094FBF0F1D6
:20A6E00000FB1140804604E00020ADF8060000208046002081469DF80400002804D13020E6
:20A70000DFF8001A087051E09DF8040006284CDA280617D5002083465FFA8BFBBBF1040F11
:20A7200009DA2020DFF8DC195FFA8BFB01F80B001BF1010BF0E7DFF8CC19200080B202F058
:20A7400036FB33E0002083465FFA8BFBBBF1040F09DA3020DFF8AC195FFA8BFB01F80B007C
:20A760001BF1010BF0E7BDF806008246002007001FFA8AFABAF10A0F06DB1FFA8AFA0A2037
:20A780009AFBF0FA7F1CF3E79DF8040059FA80F0401EFFB2B0EB0709BDF80620494689B20A
:20A7A000DFF86009FFF7F8FA00E05EE0FFB2781C10EB0909F6B2002E0ED10020009052A3A7
:20A7C0000122BDF8100010EB0901C9B2BDF80C00C0B201F0F7FB3BE0F6B2052E38DA2E20A5
:20A7E000DFF820191FFA89F901F80900012083465FFA8BFB1FFA89F9D9F1050083450ADACD
:20A800003020DFF800191FFA89F959FA8BF288541BF1010BECE7C246002007001FFA8AFAFA
:20A82000BAF10A0F06DB1FFA8AFA0A209AFBF0FA7F1CF3E759FA86F0FFB2B0EB070942460B
:20A8400092B2494689B2DFF8BC08FFF7A5FA761C00200090DFF8AC380622BDF81010C9B245
:20A86000BDF80C00C0B201F0ADFB05B0BDE8F08FDE6200202DE9F84304000D001600FFF765
:20A8800073F915FB06F0804600200700FFB2092F32DAC14618F101084846DFF86C180978E1
:20A8A000C0B2884228D248462100C0B2C9B2884210D1DFF8580800685FFA89F94FF4B2713B
:20A8C00001FB09F10844421C00213800C0B201F03FFB0FE0DFF8340800685FFA89F94FF45A
:20A8E000B27101FB09F10844421C00213800C0B201F0F4FA7F1CC9E7BDE8F183E262002023
:20A9000048620020E462002020000000C0610020A8E901082DE9F54F81B00D001E000C9FAB
:20A920000D9CFFF721F9721C0021002001F0D6FA9DF8080010FB04F08246012080465FFA2A
:20A9400088F8B8F10A0F80F29A80D1461AF1010A4846717CC0B2884280F09180484629000D
:20A96000C0B2C9B2884210D1012000905FFA89F91C2000FB09F0304410F1150309220021AA
:20A980004046C0B201F01EFB0FE0002000905FFA89F91C2000FB09F0304410F11503092253
:20A9A00000214046C0B201F00DFB002000905FFA89F91C2000FB09F0304410F12A03022204
:20A9C0000F214046C0B201F0FDFA5FFA89F91C2000FB09F03044C06A002836D05FFA89F9B5
:20A9E0001C2000FB09F03044408C5FFA89F91C2101FB09F13144097D37F81110884209D2E9
:20AA00005FFA89F91C2000FB09F03044007D002127F810105FFA89F91C2000FB09F030445B
:20AA2000C06A83465FFA89F91C2000FB09F03044007D37F810000921484383445A460921A2
:20AA40004046C0B201F04AFA16E05FFA89F91C2000FB09F03044C37F5FFA89F91C2000FB00
:20AA600009F03044007D37F8102009215FFA88F8404680B2FFF7D0FD18F101085FE7BDE812
:20AA8000F78F2DE9F84304000D0016001F00EDB21C2000FB05F03044C06A814638888046E3
:20AAA000DFF86C060078002865D03C20DFF864160870DFF85C064078012809D0082807D059
:20AAC000102812D0202803D040282AD0802842D118F10108EDB21C2000FB05F03044408C07
:20AAE000404501D2002080463DE00020DFF8201648700020DFF818160870092000FB08F05D
:20AB00008144EDB209204A46092195FBF0F300FB1350401CC0B201F0E1F9A7F80080A520A0
:20AB20003DE00020DFF8E81548700020DFF8E01508703888092148438144EDB209204A4656
:20AB4000092195FBF0F300FB1350401CC0B201F0C5F95A2023E00020DFF8B4154870002068
:20AB6000DFF8AC1508700020DFF8A41548700020DFF89C150870092000FB08F08144EDB2BD
:20AB800009204A46092195FBF0F300FB1350401CC0B201F0DDF9A7F800804046C0B2BDE8B0
:20ABA000F2830000ACEB0108A0610020545D0020E45C002018E001082EEC0008B4E9010865
:20ABC000B4EB0108BCEB01083C6200202C5F0020C2F600087CE70108346200203862002018
:20ABE000C1BDF0FF19FCFFFF011F0AFA2DE9F94F85B08846140006989DF814101C22514313
:20AC00000844C07F8DF80200002083465FFA8BFBBBF1200F09DA0020DFF8FC145FFA8BFBB6
:20AC200001F80B001BF1010BF0E710980490002006000498008805009DF80200C0B29DF8F8
:20AC4000021011F0070111EB10108DF801009DF8020010F007008DF800009DF80000002857
:20AC60000AD1DFF8B414280080B202F048F99DF801008DF8030091E09DF80100401C8DF8C7
:20AC800003009DF801009DF80010401A8DF800009DF80100052815DBADB242F2107095FB41
:20ACA000F0F08DF80400ADB242F2107095FBF0F100FB11559DF804003030DFF85C14F6B25E
:20ACC0008855761CADB24FF47A7095FBF0F08DF80700ADB24FF47A7095FBF0F100FB11551F
:20ACE0009DF807003030DFF83014F6B28855761C9DF800003100C9B2884205D12E20DFF820
:20AD00001814F6B28855761CADB2642095FBF0F08DF80600ADB2642095FBF0F100FB11555D
:20AD20009DF806003030DFF8F013F6B28855761C9DF800003100C9B2884205D12E20DFF821
:20AD4000D813F6B28855761CADB20A2095FBF0F08DF80500ADB20A2095FBF0F100FB115513
:20AD60009DF805003030DFF8B013F6B28855761C9DF800003100C9B2884205D12E20DFF822
:20AD80009813F6B28855761C28008DF804009DF804003030DFF88013F6B28855012083466E
:20ADA0005FFA8BFB2078401C834516DA5FFA8BFB14F80B00DFF860135FFA88F811F90810CD
:20ADC00000B209B2884205D15FFA8BFB04EB0B00070002E01BF1010BE2E7CD48007800280E
:20ADE00000F0DD803C20CB490870C948407801280CD0082877D0102800F0A88020283FD032
:20AE0000402800F0B88080281CD0BCE03878202802D1601C070000E07F1C97F90000BE4912
:20AE20005FFA88F801F80800BB485FFA88F810F90800202805D13020B7495FFA88F801F80B
:20AE40000800A6E03878302804D120782044401E070000E07F1E97F90000AF495FFA88F848
:20AE600001F80800AC485FFA88F810F90800202805D13020A8495FFA88F801F8080088E052
:20AE80005FFA88F8B8F1000F04D19DF80300401E804601E0B8F101080020834658462178DD
:20AEA000C0B2884215D25FFA8BFB14F80B009A495FFA88F811F9081000B209B2884205D18E
:20AEC0005FFA8BFB04EB0B00070002E01BF1010BE4E791485FFA88F810F908002E2801D1E2
:20AEE000B8F1010855E05FFA88F89DF80300401E804502D10020804601E018F1010800200B
:20AF0000834658462178C0B2884215D25FFA8BFB14F80B0080495FFA88F811F9081000B2A2
:20AF200009B2884205D15FFA8BFB04EB0B00070002E01BF1010BE4E777485FFA88F810F970
:20AF400008002E2801D118F1010822E000207049487000206E4908709DF8140009236E4A40
:20AF6000092190FBF3FC03FB1C00401CC0B200F0B5FFA520C0E000206549487000206449E9
:20AF800008705A20B8E000206149487000206049087000205E49487000205D4908709DF812
:20AFA000020010F007008DF800000020824600208146002083465FFA8BFBBBF1050F08DACA
:20AFC000002002A95FFA8BFB01F80B001BF1010BF1E7002083465FFA8BFB9DF80100401C19
:20AFE00083452ADA5FFA8BFB9DF801009DF80010401A83451CD048485FFA8AFA10F90A00DD
:20B00000202808D1002002A95FFA89F901F8090019F101090CE040485FFA8AFA10F90A00EF
:20B02000303802A95FFA89F901F8090019F101091AF1010A1BF1010BCDE79DF80100052867
:20B040001CDB9DF8080042F2107110FB01F09DF809104FF47A7211FB02009DF80A1064228B
:20B0600011FB02009DF80B100A2211FB02009DF80C1050FA81F00499088015E09DF80800B5
:20B080004FF47A7110FB01F09DF80910642211FB02009DF80A100A2211FB02009DF80B10AB
:20B0A00050FA81F0049908809DF8140009231A4A092190FBF3FC03FB1C00401CC0B200F0FB
:20B0C0000DFF9DF814005FF0090C012312495FFA88F811F808100A00D2B218F10901C9B2C2
:20B0E00090FBFCFE0CFB1E00401CC0B24000C0B200F01EFD4046C0B207B0BDE8F08F000048
:20B100006179FEFF48610020216300200C62002030620020276300209C5E002010B582B0F0
:20B12000040001222100684605F02CFA9DF8000016BD38B504000D00280080B2000A8DF8AF
:20B14000000028008DF8010002222100684605F0F6FA31BD80B5DFF8700D05F049FC4FF475
:20B160000070ADF8000002208DF8020018208DF803006946DFF8500D05F07DFC4FF48060DD
:20B18000ADF8000048208DF803006946DFF8380D05F071FC4FF41940ADF8000048208DF8BF
:20B1A000030002208DF802006946DFF81C0D05F062FCDFF8180D05F01BFC41F2FF30ADF8D2
:20B1C000000010208DF8030002208DF802006946DFF8F80C05F04FFC0121DFF8F00C05F05A
:20B1E000F8FC0221DFF8E40C05F0F3FC0421DFF8DC0C05F0EEFC0821DFF8D00C05F0E9FC14
:20B200001021DFF8C80C05F0E4FC2021DFF8BC0C05F0DFFC4021DFF8B40C05F0DAFC802169
:20B22000DFF8A80C05F0D5FC4FF48071DFF89C0C05F0CFFC4FF40071DFF8900C05F0C9FC69
:20B240004FF48051DFF8840C05F0C3FC4FF48060ADF8000048208DF8030002208DF802005E
:20B260006946DFF8680C05F006FCDFF8640C05F0BFFB7820ADF8000010208DF803000220D0
:20B280008DF802006946DFF8480C05F0F4FB0821DFF83C0C05F09DFC1021DFF8340C05F056
:20B2A00098FC2021DFF8280C05F093FC4021DFF8200C05F08EFC4FF4FC50ADF800004820AB
:20B2C0008DF8030002208DF802006946DFF8000C05F0D1FBDFF8FC0B05F08AFB0F20ADF8BE
:20B2E000000048208DF8030002208DF802006946DFF8E00B05F0BFFB4FF6F070ADF800004B
:20B3000010208DF8030002208DF802006946DFF8C40B05F0B0FB1021DFF8B80B05F059FCC2
:20B320002021DFF8B00B05F054FC4021DFF8A40B05F04FFC8021DFF89C0B05F04AFC4FF431
:20B340008071DFF8900B05F044FC4FF40071DFF8840B05F03EFC4FF48061DFF8780B05F099
:20B3600038FC4FF40061DFF86C0B05F032FC4FF48051DFF8600B05F02CFC4FF40051DFF8A6
:20B38000540B05F026FC4FF48041DFF8480B05F020FC4FF40041DFF83C0B05F01AFCDFF874
:20B3A000380B05F025FBA020ADF8000010208DF8030002208DF802006946DFF81C0B05F0CD
:20B3C0005AFB2021DFF8100B05F003FC8021DFF8080B05F0FEFB0120ADF8000048208DF8C5
:20B3E000030002208DF802006946DFF8EC0A05F042FB4FF47F40ADF8000048208DF803005C
:20B4000002208DF802006946DFF8CC0A05F033FB01BD10B50400E4B2012C04D11021DFF8DD
:20B42000AC0A05F0D9FBE4B2022C04D10821DFF89C0A05F0D1FBE4B2032C09D12021DFF8D6
:20B44000900A05F0C9FB2021DFF8880A05F0C4FBE4B2042C09D10121DFF8700A05F0BCFB7C
:20B460001021DFF8700A05F0B7FBE4B2052C04D14021DFF8600A05F0AFFBE4B2062C04D129
:20B480008021DFF8500A05F0A7FBE4B2072C04D10821DFF83C0A05F09FFBE4B2082C04D131
:20B4A0008021DFF8340A05F097FBE4B2092C04D10421DFF8180A05F08FFBE4B20A2C04D171
:20B4C0000221DFF8080A05F087FBE4B20B2C04D10121DFF8F80905F07FFBE4B20C2C04D13B
:20B4E0002021DFF8EC0905F077FBE4B20D2C04D11021DFF8DC0905F06FFBE4B20E2C04D143
:20B500004021DFF8CC0905F064FB10BD10B50400E4B2012C04D11021DFF8B00905F059FB92
:20B52000E4B2022C04D10821DFF8A00905F051FBE4B2032C09D12021DFF8940905F049FBFB
:20B540002021DFF8900905F044FBE4B2042C09D10121DFF8780905F03CFB1021DFF874093B
:20B5600005F037FBE4B2052C04D14021DFF8640905F02FFBE4B2062C04D18021DFF85409D2
:20B5800005F027FBE4B2072C04D10821DFF8400905F01FFBE4B2082C04D18021DFF8380946
:20B5A00005F017FBE4B2092C04D10421DFF81C0905F00FFBE4B20A2C04D10221DFF80C0914
:20B5C00005F007FBE4B20B2C04D10121DFF8FC0805F0FFFAE4B20C2C04D12021DFF8F00834
:20B5E00005F0F7FAE4B20D2C04D11021DFF8E00805F0EFFAE4B20E2C04D14021DFF8D0083E
:20B6000005F0EAFA10BD38B50400002005002800210080B289B2884205D24FF47A7000F0FA
:20B6200003F86D1CF3E731BD10B4002319000B0004009BB2A4B2A34208D200231A00D2B28C
:20B640000A2A01DA521CFAE7491CF0E710BC704710B500200400E4B2062C0EDA14F1080027
:20B66000C0B2FFF7D6FE9620FFF7CDFF14F10800C0B2FFF74BFF641CEDE710BD704710B5BA
:20B68000DFF8BC0B0078002844D1DFF84C0805F09AFA40F30720C04300B20400E4B2002CCE
:20B6A00008D10020DFF8981B48800020DFF8941B087006E0DFF8880B4088401CDFF8801B3B
:20B6C0004880DFF87C0B4088052816D12000DFF8701B4978C0B288420FD0DFF8640B447010
:20B6E0000120DFF85C1B08707820DFF85C1B08700020DFF8581B08800CE0DFF8440B408839
:20B70000B0F5FA7F06DB0020DFF8341B4870DFF8340B047010BD10B582B000200090DFF857
:20B72000300B0088401CDFF8281B08804FF40071DFF89C0705F03AFA002803D1009850F01D
:20B74000010000904FF48071DFF87C0705F02EFA002803D1009850F0020000904FF40061A3
:20B76000DFF8640705F022FA002803D1009850F0040000904FF48051DFF84C0705F016FACB
:20B78000002803D1009850F0080000904FF40041DFF8340705F00AFA002803D1009850F0DA
:20B7A00010000090DFF8280705F00DFA009980B2400980B2C04310F0E00008430090DFF80C
:20B7C000140705F000FA009980B2C043000210F4706008430090DFF8F80605F0F4F9009990
:20B7E00040F3C110C04300B2000310F440500843009000988004800C009000200400E4B22C
:20B80000102C13DA2100C9B2684601F06FFA00280AD0DFF8D00CE4B230F81400401CDFF8A1
:20B82000C41CE4B221F81400641CE8E7DFF8200A00880C2824DB0020DFF8141A088000208D
:20B840000400E4B2102C1BDADFF8980CE4B230F81400062806DB2100C9B2DFF88C0C01F0C5
:20B8600037FA05E02100C9B2DFF87C0C01F022FA0020DFF8701CE4B221F81400641CE0E71D
:20B8800013BD70B504000D00302000F0D4FD752000F0D1FDE4B2200080B200F0F7FD13203F
:20B8A00000F0F4FD152000F0C6FDEDB2E80080B200F0ECFD9F2000F0E9FD5C2000F0BBFD74
:20B8C00000200600F6B2082E08DADFF84C0CF6B2805D80B200F0DAFD761CF3E7302000F029
:20B8E000AAFD752000F0A7FDE4B2601C80B200F0CDFD132000F0CAFD152000F09CFDEDB233
:20B90000E80080B200F0C2FD9F2000F0BFFD5C2000F091FD00200600F6B2082E09DADFF83B
:20B92000F80BF6B23044007A80B200F0AFFD761CF2E770BD70B504000D00302000F07BFD1A
:20B94000752000F078FDE4B2200080B200F09EFD132000F09BFD152000F06DFDEDB2E800A9
:20B9600080B200F093FD9F2000F090FD5C2000F062FD00200600F6B2082E04DA002000F01C
:20B9800085FD761CF7E7302000F055FD752000F052FDE4B2601C80B200F078FD132000F083
:20B9A00075FD152000F047FDEDB2E80080B200F06DFD9F2000F06AFD5C2000F03CFD0020BE
:20B9C0000600F6B2082E04DA002000F05FFD761CF7E770BD2DE9F04704000D0016001F0009
:20B9E000DDF82080302000F026FD752000F023FDE4B2200080B200F049FD132000F046FD46
:20BA0000152000F018FDEDB2280080B200F03EFD9F2000F03BFD5C2000F00DFD0020824683
:20BA200050463100C0B2C9B2884219D20020814648463900C0B2C9B288420ED25FFA8AFA7B
:20BA4000FFB25FFA89F907FB0A9018F9000080B200F01CFD19F10109EAE71AF1010ADFE7B1
:20BA6000BDE8F0872DE9F84304000D0016001F00DDF82080302000F0DEFC752000F0DBFC28
:20BA8000E4B2200080B200F001FD132000F0FEFC152000F0D0FCEDB2280080B200F0F6FCE7
:20BAA0009F2000F0F3FC5C2000F0C5FC002081465FFA89F9B9F1080F09DA5FFA89F918F969
:20BAC000090080B200F0E2FC19F10109F0E7302000F0B1FC752000F0AEFCE4B2601C80B212
:20BAE00000F0D4FC132000F0D1FC152000F0A3FCEDB2280080B200F0C9FC9F2000F0C6FCB3
:20BB00005C2000F098FC002081465FFA89F9B9F1080F0BDA5FFA89F908EB090090F9080055
:20BB200080B200F0B3FC19F10109EEE7BDE8F1832DE9F84304000D0016001F00DFF8880C30
:20BB4000F6B231010844B0F500708146302000F072FC752000F06FFCE4B2200080B200F06D
:20BB600095FC132000F092FC152000F064FCEDB2E80080B200F08AFC9F2000F087FC5C2021
:20BB800000F059FC002080465FFA88F8B8F1080F15DAFFB2002F08D05FFA88F819F8080048
:20BBA000C04380B200F072FC06E05FFA88F819F8080080B200F06AFC18F10108E4E7302065
:20BBC00000F039FC752000F036FCE4B2601C80B200F05CFC132000F059FC152000F02BFC39
:20BBE000EDB2E80080B200F051FC9F2000F04EFC5C2000F020FC002080465FFA88F8B8F166
:20BC0000080F17DAFFB2002F09D05FFA88F809EB0800007AC04380B200F038FC07E05FFA7B
:20BC200088F809EB0800007A80B200F02FFC18F10108E2E7BDE8F1832DE9F84304000D006B
:20BC400016001F00DFF8800BF6B231010844B0F500708146302000F0EEFB752000F0EBFBB7
:20BC6000E4B2200080B200F011FC132000F00EFC152000F0E0FBEDB2E80080B200F006FC07
:20BC80009F2000F003FC5C2000F0D5FB002080465FFA88F8B8F1080F15DAFFB2002F08D094
:20BCA0005FFA88F819F80800C04380B200F0EEFB06E05FFA88F819F8080080B200F0E6FBA9
:20BCC00018F10108E4E7302000F0B5FB752000F0B2FBE4B2601C80B200F0D8FB132000F03B
:20BCE000D5FB152000F0A7FBEDB2E80080B200F0CDFB9F2000F0CAFB5C2000F09CFB0020A5
:20BD000080465FFA88F8B8F1080F17DAFFB2002F09D05FFA88F809EB0800007AC04380B296
:20BD200000F0B4FB07E05FFA88F809EB0800007A80B200F0ABFB18F10108E2E7BDE8F18372
:20BD40002DE9F04788B004000D0016001F000020814640F28F108246002080465FFA88F8D9
:20BD6000B8F1200F08DA002069465FFA88F801F8080018F10108F1E75046494680B289B2E4
:20BD80008842C0F09D803000DFF8901A1FFA89F931F8191080B2884240F08F80302000F0F3
:20BDA0004AFB752000F047FBE4B2200080B200F06DFB132000F06AFB152000F03CFBEDB2B4
:20BDC000E80080B200F062FB9F2000F05FFB5C2000F031FB002080465FFA88F8B8F1100FD4
:20BDE00023DAFFB2002F0FD0DFF8340A1FFA89F95FEA491108445FFA88F810F80800C043FC
:20BE000080B200F043FB0DE0DFF8140A1FFA89F95FEA491108445FFA88F810F8080080B23B
:20BE200000F034FB18F10108D6E7302000F003FB752000F000FBE4B2601C80B200F026FB01
:20BE4000132000F023FB152000F0F5FAEDB2E80080B200F01BFB9F2000F018FB5C2000F0A0
:20BE6000EAFA002080465FFA88F8B8F1100F23DAFFB2002F0FD0DFF8A8091FFA89F95FEA2F
:20BE8000491108445FFA88F84044007CC04380B200F0FCFA0DE0DFF888091FFA89F95FEACF
:20BEA000491108445FFA88F84044007C80B200F0EDFA18F10108D6E702E019F101095BE7F3
:20BEC00008B0BDE8F087000000080140000C01400010014000140140001801402DE9F843A8
:20BEE00081460C0015005FFA89F95FEA490995F9000000282AD0287800060ED495F900001E
:20BF000080466D1C00234246D2B22100C9B24846C0B2FFF791FE641C14E0287806006D1CDF
:20BF2000287807006D1CF6B2300250FA87F080460023424692B22100C9B24846C0B2FFF7EF
:20BF4000FFFEA41CE4B2142CD1DBFFE7BDE8F1832DE9F84381460C0015005FFA89F95FEA46
:20BF6000490995F9000000282AD0287800060ED495F9000080466D1C01234246D2B2210009
:20BF8000C9B24846C0B2FFF757FE641C14E0287806006D1C287807006D1CF6B2300250FAE4
:20BFA00087F080460123424692B22100C9B24846C0B2FFF7C5FEA41CE4B2142CD1DBFFE7D7
:20BFC000BDE8F1832DE9F84F80468A46150099460A9C5FFA88F85FEA48085FFA88F8B8F1C7
:20BFE000140F04DA5FFA8AFABAF1140F00DB48E00020834699F90000002842D099F800004C
:20C00000000613D499F90000070019F101092300DBB23A00D2B25146C9B24046C0B2FFF718
:20C020000BFE1AF1010A1BF1010B1EE099F800008DF8000019F1010999F80000060019F100
:20C0400001099DF80000000250FA86F007002300DBB23A0092B25146C9B24046C0B2FFF74A
:20C060006FFE1AF1020A1BF1020B58462900C0B2C9B2884205D25FFA8AFABAF1140FB9DB8F
:20C08000FFE7BDE8F18F80B54FF40071DFF8FC0704F09FFD0220FFF7B6FA4FF40071DFF8EF
:20C0A000EC0704F099FDC820FFF7ADFA4FF40071DFF8D80704F08DFD8021DFF8D00704F053
:20C0C00088FDC820FFF79FFA312000F0B4F9D72000F0B1F99F2000F0AEF9E02000F0ABF9FB
:20C0E000002000F0D3F90A20FFF78DFAE32000F0A2F91420FFF787FAE12000F09CF93020AE
:20C1000000F099F9942000F096F9D12000F093F9AE2000F090F9A62000F08DF9CA2000F0A0
:20C120008AF9002000F0B2F99F2000F0AFF9002000F0ACF9BC2000F07EF9002000F0A6F9C3
:20C14000AB2000F078F9002000F0A0F9202000F072F90B2000F09AF9812000F06CF9DFF8F4
:20C160003007807880B200F091F9042000F08EF90C2000F060F9F02000F05DF9102000F05E
:20C1800085F9762000F057F9312000F054F9322000F051F9002000F079F9012000F076F92F
:20C1A000032000F073F9512000F045F9FB2000F06DF9402000F03FF9F02000F03CF9032010
:20C1C00000F064F9072000F061F90C2000F05EF9142000F05BF9F22000F02DF90F2000F06F
:20C1E00055F9282000F052F95A2000F04FF9F42000F021F96F2000F049F9222000F046F96C
:20C20000112000F043F9022000F040F9002000F03DF9322000F03AF9822000F037F9B62023
:20C2200000F034F9302000F006F9AF2000F003F90021002000F00EF80E20FFF7EAF801BDEC
:20C24000306200202C63002027630020B662002094620020F8B504000D00302000F0EBF8A4
:20C26000752000F0E8F8002000F010F9132000F00DF9152000F0DFF8002000F007F99F204C
:20C2800000F004F95C2000F0D6F800200600F6B2142E12DA00200700FFB2502F0BDAE4B2A9
:20C2A000200080B200F0F2F8EDB2280080B200F0EDF87F1CF0E7761CE9E70A20FFF7A3F9F4
:20C2C000F1BD80B5312000F0B6F8D72000F0B3F89F2000F0B0F8E02000F0ADF8002000F0FE
:20C2E000D5F80A20FFF78FF9E32000F0A4F81420FFF789F9E12000F09EF8302000F09BF834
:20C30000942000F098F8D12000F095F8AE2000F092F8A62000F08FF8CA2000F08CF8002078
:20C3200000F0B4F89F2000F0B1F8002000F0AEF8BC2000F080F8002000F0A8F8AB2000F0A4
:20C340007AF8002000F0A2F8202000F074F80B2000F09CF8812000F06EF8DFF83405807877
:20C3600080B200F093F8042000F090F80C2000F062F8F02000F05FF8102000F087F8762072
:20C3800000F059F8312000F056F8322000F053F8002000F07BF8012000F078F8032000F029
:20C3A00075F8512000F047F8FB2000F06FF8402000F041F8F02000F03EF8032000F066F8CE
:20C3C000072000F063F80C2000F060F8142000F05DF8F22000F02FF80F2000F057F828201F
:20C3E00000F054F85A2000F051F8F42000F023F86F2000F04BF8222000F048F8112000F0DA
:20C4000045F8022000F042F8002000F03FF8322000F03CF8822000F039F8B62000F036F81F
:20C42000302000F008F8AF2000F005F800210020FFF710FF01BD10B504004FF48071DFF828
:20C440004C0404F0C9FB2021DFF8400404F0C4FBDFF8400404F0BAFB00F0FF0050EA0421B3
:20C4600089B2DFF8300404F0BAFB4021DFF81C0404F0B2FB4021DFF8140404F0AAFB4FF4A8
:20C480008071DFF8080404F0A4FB10BD10B504004FF48071DFF8F40304F09EFB2021DFF8F8
:20C4A000EC0304F096FBDFF8EC0304F08FFB00F0FF0050EA042189B2DFF8D80304F08FFB0B
:20C4C0004021DFF8C80304F087FB4021DFF8BC0304F07FFB4FF48071DFF8B00304F079FB58
:20C4E00010BD0000EC5E0020B061002080B545F2555004F0A9FD042004F0AAFD4FF4C860FF
:20C5000004F0AAFD04F0ACFD04F0AFFD01BD80B504F0A6FD01BDFEE74CE7010800B585B0F0
:20C5200044F2506002900120ADF800000020ADF80C000020019000208DF80E0069465FF08A
:20C54000804004F09DFD44F6206002901120ADF800000020ADF80C000020019000208DF844
:20C560000E006946DFF8340304F08AFD01215FF0804004F0DCFD0121DFF8200304F0D7FD93
:20C58000012201215FF0804004F0C6FD01220121DFF8080304F0C0FD01215FF0804004F093
:20C5A000D4FD0121DFF8F40204F0CFFD0020DFF8F012087001215FF0804004F09FFD0121A7
:20C5C000DFF8D80204F09AFD05B000BD00B585B00020009001208DF8040003208DF80500BC
:20C5E0005FF4602002900020039000208DF810006946DFF8B00204F0D7FD0321DFF8A402CD
:20C6000004F08CFE022301220321DFF8980204F02CFE022302220421DFF8880204F025FEBB
:20C62000022303220521DFF87C0204F01EFE4FF4E041DFF8700204F010FE002000900120A5
:20C640008DF8040003208DF805005FF4602002900020039000208DF810006946DFF8480207
:20C6600004F0A2FD0321DFF8400204F057FE022301220621DFF8300204F0F7FD02230222F8
:20C680000721DFF8240204F0F0FD022303220A21DFF8140204F0E9FD4FF4E041DFF8080213
:20C6A00004F0DBFD0020009001208DF8040003208DF805005FF4602002900020039000206F
:20C6C0008DF810006946DFF8E40104F06DFD0321DFF8D80104F022FE022301220021DFF8D4
:20C6E000CC0104F0C2FD022302220121DFF8BC0104F0BBFD022303220221DFF8B00104F026
:20C70000B4FD4FF4E041DFF8A40104F0A6FD0121DFF8900104F072FD012004F00EFEDFF80C
:20C72000840104F078FDDFF87C0104F079FD0028F9D1DFF8700104F07FFDDFF8680104F06F
:20C7400080FD0028F9D10121DFF85C0104F056FDDFF8540104F05FFDDFF84C0104F060FDDC
:20C760000028F9D1DFF8400104F066FDDFF8380104F067FD0028F9D10121DFF8300104F0E0
:20C780003DFDDFF8280104F046FDDFF8200104F047FD0028F9D1DFF8140104F04DFDDFF805
:20C7A0000C0104F04EFD0028F9D105B000BD80B502F025FDDFF8F80002F0E8FE0020DFF8E2
:20C7C000F410087001BD0000F8B2010880B5304802F0DFF92E4800785A2815D12C48407873
:20C7E000000702D50420FEF714FE29488078102803DB2748807839280FDB28202449887052
:20C80000234802F0CFF908E05A202149087028201F4988701E4802F0C5F901BD20CC01083E
:20C82000503901085221244A11700021224A517000210800C0B204280DDA20211E4AC0B2ED
:20C8400002EB4002917000211B4AC0B202EB4002D170401CEEE72021184A11707047002113
:20C860000D4A117200210800C0B204280CDA2021094AC0B202F810100021074AC0B202EB40
:20C8800040025170401CEFE770470000000C01402C6200200014014004590020000400409B
:20C8A0002E6300200024014000280140003C0140B86100202B630020C856002028610020AE
:20C8C00030B4FF23FF240D00691EADB2002D10D005786B40401CDBB21A00DFF85C5292B23B
:20C8E000AD5C65402B00DFF8545292B2AD5C2C00E9E70370447030BC70472DE9F44F2DED5C
:20C90000028B82B004008A461D00B0EE408A0E9E00208046002081460FFA8AFA1AF1D70017
:20C920004FF4807190FBF1F201FB120A00200700FFB2282F27DA0FFA8AFA34F91A00834670
:20C940001AF1020A0AF0FF0A0FFA8AFA34F81A00BBEB000BFFB2BFB27800ADF80000DFF823
:20C96000E001BDF8001000EB4100B0F902001BFB0088DFF8CC01BDF8001030F911001BFBE3
:20C980000099BF1CD4E75FEA28385FEA293900EE108AB8EEC00A20EE080ABDEEC00A10EE89
:20C9A000108A00EE109AB8EEC00A20EE080ABDEEC00A10EE109AC5F80480C5F8089009FBFE
:20C9C00009F008FB08000190019800F0F1F8306002B0BDEC028BBDE8F18F884201D3401ABB
:20C9E00000E0081A7047F8B504000D0016001F0060686968081840427060A068A968081847
:20CA00004042B060B168706800F09CF8306030683860F1BDF8B504000020050000200600A5
:20CA20002800DFF828120978C0B2884232D22068062805D36068002805D1A068002802D1A5
:20CA40000020E06023E0A16809B2606800B200F022F8E060F6B2002E03D1FF200600E068D4
:20CA60000700E0683FB2C01B022190FBF1F0E060E068B52803DBE068B0F5B470E060E06830
:20CA800010F1B40F03DAE06810F5B470E0606D1C1034C5E7F1BD30B4020012B2130009B2A5
:20CAA0000C00002B00D55B42002C00D56442052B03DA052C01DA00203CE0002B03D147F695
:20CAC000FF70030005E04FF4807000FB04F090FBF3F3002005002DB2B42D09DADFF870015C
:20CAE0002DB230F8150004009C4201DA6D1CF2E712B2002A02D409B2002919D512B2012A76
:20CB000005DA09B2002902D4D5F5B47510E012B2012A05DA09B2012902DAB5F5B47507E050
:20CB200012B2002A04D409B2012901DA2DB26D42280000B230BC704718D9010818DA01086F
:20CB400098DC0108F0B40200002A00D55242002900D54942002A01D1080027E0002901D190
:20CB6000100023E0914202DA14000D0001E00C00150000200600B5F5A04F03D964086D0854
:20CB8000761CF8E705FB05F005277843032707FB04575FF0030C0CFB07F7B0FBF7F00019B3
:20CBA0000300B6B2002E00D0B3401800F0BC704730B40100012901DA080021E00A00002081
:20CBC0000300500002D452005B1CFAE7112B02DBFF20040004E04FF6FF705D1028410400D4
:20CBE0000A001214A24201DB200009E091FBF4F00200A24201DB200002E010194410EFE7B5
:20CC000030BC7047020001FB01F002FB02000300DFF84806834203DADFF84406834201DAF8
:20CC2000002010E0002904D5484292FBF0F0030004E0012902DB92FBF1F003000B2B01DA7B
:20CC4000002000E001207047000000002EEC000828D5010838B504000D002088002806D030
:20CC60002088401E20802088002800D1A84731BD30B4002423001C001500E4B2EDB2AC4211
:20CC800006D291F900400470491C401C5B1CF2E730BC704710B400231A0013000C009BB25D
:20CCA000A4B2A34204D200230370401C521CF4E710BC704710B4C9B2CA10825C012311F089
:20CCC0000704A3409A43C9B2CB10C25410BC704710B4C9B2CA10825C012311F00704A34090
:20CCE0001A43C9B2CB10C25410BC70470200C9B2C810105C11F00703C0B2D840C00701D5F5
:20CD0000FF2000E00020704730B40100C9B20A2491FBF4F4E4B224012200C9B20A2491FB29
:20CD2000F4F504FB151423009C182000C0B230BC704730B40300180004000D00A4B2ADB211
:20CD4000AC4200D2080004001500A4B2ADB2AC4200D2100080B230BC7047C0B20A2802DA18
:20CD60003030C0B201E03730C0B2704738B504000D00E4B2642094FBF0F100FB11400A2171
:20CD800090FBF1F0C0B2FFF7E8FF28706D1CE4B2642094FBF0F100FB11400A2190FBF1F248
:20CDA00001FB1200C0B2FFF7D8FF287031BD38B504000D00A4B24FF4805094FBF0F0C0B258
:20CDC000FFF7CBFF28706D1CA4B24FF4805094FBF0F100FB11404FF4807190FBF1F0C0B23B
:20CDE000FFF7BBFF28706D1CA4B24FF4805094FBF0F100FB11404FF4807190FBF1F201FB9F
:20CE00001200102190FBF1F0C0B2FFF7A6FF28706D1CA4B24FF4805094FBF0F100FB114010
:20CE20004FF4807190FBF1F201FB1200102190FBF1F201FB1200C0B2FFF78FFF287031BD19
:20CE400038B504000D00E4B24FF4807094FBF0F100FB1140102190FBF1F0C0B2FFF77DFFCE
:20CE600028706D1CE4B24FF4807094FBF0F100FB1140102190FBF1F201FB1200C0B2FFF7F7
:20CE80006CFF287031BD38B504000D00A4B24FF47A7094FBF0F100FB1140642190FBF1F073
:20CEA000C0B2FFF75AFF28706D1CA4B24FF47A7094FBF0F100FB1140642190FBF1F201FB62
:20CEC00012000A2190FBF1F0C0B2FFF746FF28706D1CA4B24FF47A7094FBF0F100FB11409C
:20CEE000642190FBF1F201FB12000A2190FBF1F201FB1200C0B2FFF730FF287031BD70B548
:20CF000082B004000E0000208DF801009DF801008DF80000A4B24FF47A7094FBF0F0050015
:20CF2000ADB20A2D42DAA4B24FF47A7094FBF0F0C0B2FFF712FF3070761CA4B24FF47A701F
:20CF400094FBF0F100FB1140642190FBF1F0C0B2FFF703FF3070761CA4B24FF47A7094FB76
:20CF6000F0F100FB1140642190FBF1F201FB12000A2190FBF1F0C0B2FFF7EFFE3070761C65
:20CF8000A4B24FF47A7094FBF0F100FB1140642190FBF1F201FB12000A2190FBF1F201FBBC
:20CFA0001200C0B2FFF7D9FE307044E069462800C0B2FFF7DBFE9DF900003070761C9DF9E6
:20CFC00001003070761CA4B24FF47A7094FBF0F100FB1140642190FBF1F0C0B2FFF7BDFECB
:20CFE0003070761CA4B24FF47A7094FBF0F100FB1140642190FBF1F201FB12000A2190FB09
:20D00000F1F0C0B2FFF7A9FE3070761CA4B24FF47A7094FBF0F100FB1140642190FBF1F2BC
:20D0200001FB12000A2190FBF1F201FB1200C0B2FFF793FE307073BDC0B23A2802DB373852
:20D04000C0B201E03038C0B27047F8B504000D002000C0B2FFF7F0FF0600F6B20A272800B0
:20D06000C0B2FFF7E9FF07FB0600C0B2F2BD70B504002078FFF7E0FF05006078FFF7DCFFF3
:20D080000600A078FFF7D8FFEDB24FF47A7115FB01F1F6B2642216FB0211C0B20A2210FBDB
:20D0A0000215E078FFF7C8FF55FA80F080B270BD70B504002078FFF7BFFF05006078FFF7DE
:20D0C000BBFF0600A078FFF7B7FFEDB24FF4805115FB01F1F6B24FF4807216FB0211C0B2A4
:20D0E00080B211EB0015E078FFF7A6FF55FA80F080B270BD70B504000D002000C0B2FFF71E
:20D100009BFFC0B206012800C0B2FFF795FF56FA80F0C0B270BD10B4010089B211F00F0267
:20D1200089B211F0F003102493FBF4F30A2404FB0322100089B211F470624FF4807392FBE0
:20D14000F3F264235A4312FA80F089B211F470424FF4805392FBF3F24FF47A7303FB0200A0
:20D1600080B210BC704730B4010011F00F042200C9B211F0F004102594FBF5F40A256C43E4
:20D1800023009C182000C0B230BC704730B40100C9B2642901DB992015E00B00DBB26420F0
:20D1A00093FBF0F400FB1433DBB20A20DBB20A2493FBF4F413EB041493FBF0F500FB1540FA
:20D1C00002001000C0B230BC704710B401000A0092B24FF47A7392FBF3F34FF4805413FB4D
:20D1E00004F3180092B24FF47A7392FBF3F403FB142292B2642392FBF3F34FF480746343E9
:20D2000013FA80F092B2642392FBF3F403FB142292B20A2392B20A2492FBF4F4240114FA93
:20D2200080F0101892FBF3F403FB140080B210BC704730B4020000242000002423001C008E
:20D240000D00E4B2EDB2AC4205D2147850FA84F0521C5B1CF3E780B230BC704791C9190076
:20D26000107A0700F8B504000D004FF6FF77002006003000290080B289B288420BD23A00D7
:20D2800092B24AF20101B6B2A05D80B200F03CF80700761CEDE7380080B2F2BDF8B504001A
:20D2A0000D000027002006003000290080B289B288420BD23A0092B24AF20101B6B2A05D86
:20D2C00080B200F021F80700761CEDE7380080B2F2BDF8B504000D0016000020070038005A
:20D2E000290080B289B288420BD2320092B24AF20101BFB2E05D80B200F006F806007F1CCE
:20D30000EDE7300080B2F2BD10B4030010005B0008242200D2B2002A0FD09BB25B089BB21E
:20D3200080B290EA0304E40703D580B291EA500001E080B24008521EECE780B210BC704727
:20D3400002001078491E521C89B2002904D013781818491E521CF7E7C0B270475FF0FF0C45
:20D360001CEAD05114BF614506E0C110400721F0E04101F16051704779B900F0004100021E
:20D380000AD0B0FA80FC00FA0CF001F16051A1EB0C5101EBD0214005704741020CBF40F4F0
:20D3A000E0016FF00001002070470268531C0360117070470CB41CB5044604A801900A4679
:20D3C000009401AB694607487844183003F0CEFF009A0021117000285CBF0098001B16BC47
:20D3E0005DF80CFBC7FFFFFF38B5DFF8100B0500286880B2DFF8081B0860DFF8040B0068B7
:20D40000DFF8001B0968884266D000200400E4B2102C61DADFF8E80A0068E04010F0010026
:20D42000C0B2002826D0DFF8DC0A0068E04010F00100C0B200281DD1DFF8C80A006801215B
:20D44000A1400843DFF8BC1A08602100C9B2DFF8B80ADFF8B42A127A0A235A4310440A30BD
:20D4600000F08DFCDFF8A40A007850F00400DFF89C1A0870DFF8880A0068E04010F00100FB
:20D48000C0B2002826D1DFF87C0A0068E04010F00100C0B200281DD0DFF8680A00680121BB
:20D4A000A1408843DFF85C1A08602100C9B2DFF8580ADFF8542A127A0A235A4310440A30FD
:20D4C00000F05DFCDFF8440A007850F00400DFF83C1A0870641C9AE7DFF8340A0068DFF828
:20D4E000341A0968884252D000200400E4B2102C4DDADFF81C0A0068E04010F00100C0B26C
:20D50000002822D0DFF80C0A0068E04010F00100C0B2002819D1DFF8FC0900680121A140B0
:20D520000843DFF8F01908602100C9B2DFF8E809DFF8E4295278120110440A3000F02FF98D
:20D54000FF212000C0B200F0BEFBDFF8C4090068E04010F00100C0B2002816D1DFF8B4092E
:20D560000068E04010F00100C0B200280DD0DFF8A40900680121A1408843DFF89819086001
:20D5800000212000C0B200F09EFB641CAEE7DFF88C090068DFF888190968884255D000206E
:20D5A0000400E4B2102C50DADFF870090068E04010F00100C0B2002824D0DFF86409006858
:20D5C000E04010F00100C0B200281BD1DFF8500900680121A1400843DFF84419086014F11D
:20D5E0002001C9B2DFF83009DFF82C295278120110440A3000F072F8FF2114F12000C0B2D7
:20D6000000F0F1FADFF814090068E04010F00100C0B2002817D1DFF808090068E04010F0C0
:20D620000100C0B200280ED0DFF8F40800680121A1408843DFF8E8180860002114F12000E3
:20D64000C0B200F0D0FA641CABE7DFF8C408006840084000002811D0DFF8C80800780028A9
:20D660000CD10120DFF8BC1808702F21DFF88C08FFF72EFBFF210F2000F025FBDFF89008E1
:20D680000068002825D1DFF89C080078002820D0DFF89408006843F69921884211D300205D
:20D6A000DFF8841808600020DFF8781808702F21DFF84808FFF7FEFA00210F2000F003FBED
:20D6C0000BE0DFF864080068401CDFF85C18086003E00020DFF85018086031BD70B50400E4
:20D6E0000D0014F10800DFF84418082201F064FA28206070A5704D2020700020E070DFF8F3
:20D7000018084078401C232190FBF1F201FB1200DFF80418487000200600F6B2042E35DA5B
:20D72000DFF8F407F6B200EB4600807852281CD1DFF8E4074078DFF8E017F6B201EB4601BC
:20D74000C978884211D1DFF8D007F6B200EB4600C078401C232190FBF1F201FB1200DFF82A
:20D76000B817F6B201EB4601C870DFF8AC07F6B200EB46008078202806D15220DFF8981755
:20D78000F6B201EB46018870761CC6E7DFF87C07007850F00200DFF87417087070BD2DE946
:20D7A000F84304000D0014F10800DFF88017082201F002FA27206070A570002081464846EA
:20D7C000DFF86C170978C0B2884210D22800DFF8641709685FFA89F9142202FB09F2895C77
:20D7E000C0B2884200D1C84619F10109E7E7DFF8440700685FFA88F8142101FB08F1084453
:20D80000807CE070E0780600F6B2002E00F08F810020814648463100C0B2C9B2884280F0BB
:20D820008681DFF8100700685FFA88F8142101FB08F108445FFA89F94844C07C5FFA89F9BE
:20D8400004EB890108715FFA89F904EB890000790700FFB23800072823D00D287AD00E2843
:20D8600000F009810F2800F0CC80102800F0E680112800F01D8112284FD0142811D01928AF
:20D8800000F0A2801A2800F08280252800F01F812B2800F03A812C2800F028812D281FD036
:20D8A00042E1DFF894060088B0F5004F07DB47F6FF705FFA89F904EB8901C88007E0DFF870
:20D8C000780600885FFA89F904EB8901C880DFF86C0600785FFA89F904EB8901487123E1D4
:20D8E000DFF854060088B0F5004F07DB47F6FF705FFA89F904EB8901C88007E0DFF8380655
:20D9000000885FFA89F904EB8901C88000205FFA89F904EB8901487106E1DFF81C068089CD
:20D92000B0F5004F07DB47F6FF705FFA89F904EB8901C88007E0DFF8000680895FFA89F921
:20D9400004EB8901C88000205FFA89F904EB89014871E9E0DFF8E0054089B0F5004F07DBB5
:20D9600047F6FF705FFA89F904EB8901C88007E0DFF8C40540895FFA89F904EB8901C88073
:20D9800000205FFA89F904EB89014871CCE0DFF8A805808AB0F5004F07DB47F6FF705FFA45
:20D9A00089F904EB8901C88007E0DFF88C05808A5FFA89F904EB8901C88000205FFA89F934
:20D9C00004EB89014871AFE0DFF86C05C08AB0F5004F07DB47F6FF705FFA89F904EB89011E
:20D9E000C88007E0DFF85005C08A5FFA89F904EB8901C88000205FFA89F904EB89014871B9
:20DA000092E0DFF83405008AB0F5004F07DB47F6FF705FFA89F904EB8901C88007E0DFF81E
:20DA20001805008A5FFA89F904EB8901C88000205FFA89F904EB8901487175E0DFF8F8044E
:20DA4000C089B0F5004F07DB47F6FF705FFA89F904EB8901C88007E0DFF8DC04C0895FFA1F
:20DA600089F904EB8901C88000205FFA89F904EB8901487158E0DFF8C004408AB0F5004FA5
:20DA800007DB47F6FF705FFA89F904EB8901C88007E0DFF8A404408A5FFA89F904EB8901D8
:20DAA000C88000205FFA89F904EB890148713BE0DFF8840440885FFA89F904EB8901C88013
:20DAC00000205FFA89F904EB890148712CE0DFF86804C0885FFA89F904EB8901C8800020C6
:20DAE0005FFA89F904EB890148711DE0DFF8480480885FFA89F904EB8901C88000205FFADC
:20DB000089F904EB890148710EE0DFF82C0400895FFA89F904EB8901C88000205FFA89F93C
:20DB200004EB89014871FFE719F1010972E64D202070DFF8E4034078401C232190FBF1F2E0
:20DB400001FB1200DFF8D0134870002081465FFA89F9B9F1040F3CDADFF8BC035FFA89F93F
:20DB600000EB4900807852281FD1DFF8AC034078DFF8A4135FFA89F901EB4901C978884227
:20DB800013D1DFF894035FFA89F900EB4900C078401C232190FBF1F201FB1200DFF878136E
:20DBA0005FFA89F901EB4901C870DFF86C035FFA89F900EB49008078202807D15220DFF866
:20DBC00058135FFA89F901EB4901887019F10109BDE7DFF83803007850F00200DFF82C1337
:20DBE0000870BDE8F1832DE9F04104000D00002007003800DFF838130978C0B288420ED21E
:20DC00002000DFF830130968FFB2142202FB07F2895CC0B2884200D1B8467F1CE9E7C54814
:20DC200000685FFA88F8142101FB08F10844407C0600F6B2FF2E3ED0F6B2302E3BDBF6B2C4
:20DC4000402E38DAEDB2002D17D03100C9B2AB48FFF73EF83F21A948FFF73AF8B848807855
:20DC6000A64989790843B6498870B548C078A349C9790843B249C87008E03100C9B29F4815
:20DC8000FFF718F83F219D48FFF714F83100C9B29D489D4A127A0A235A4310440A3000F0EB
:20DCA0006EF83F219848984A127A0A235A4310440A3000F064F89548007850F00400934937
:20DCC0000870BDE8F0812DE9F04104000D0000200700380096490978C0B288420DD2200064
:20DCE00094490968FFB2142202FB07F2895CC0B2884200D1B8467F1CEBE78E4800685FFA05
:20DD000088F8142101FB08F10844407C0600F6B2FF2E2CD0F6B2202E29DBF6B2302E26DA7A
:20DD2000EDB2002D13D03100C9B27448FEF7D0FF8348007871490979084381490870804834
:20DD400040786E49497908437D49487004E03100C9B26A48FEF7AEFF3100C9B26A486A4AD3
:20DD6000127A0A235A4310440A3000F008F86748007850F0040065490870BDE8F08170B503
:20DD800004000D002900C9B25C48FEF7AFFF5E495D4A127A0A235A43114488725A485A494F
:20DDA000097A0A22514308440C306049082200F003FF55485449097A0A2251430844C572D3
:20DDC0005148007A401C232190FBF1F201FB12004D49087202205B49087000200600F6B2F8
:20DDE000042E2BDA4848F6B210F81600522818D14548007A4449F6B201EB46014978884239
:20DE00000FD14148F6B200EB46004078401C232190FBF1F201FB12003B49F6B201EB46018D
:20DE200048703948F6B210F81600202804D152203549F6B201F81600761CD0E770BD70B584
:20DE400004000D0040484049097A0A225143084485723D483C49097A0A22514308440C3045
:20DE60003249082200F0A8FE37483749097A0A2251430844C4723448007A401C232190FB82
:20DE8000F1F201FB12003049087200200600F6B2042E2BDA2C48F6B210F81600522818D1FC
:20DEA0002948007A2849F6B201EB4601497888420FD12548F6B200EB46004078401C232122
:20DEC00090FBF1F201FB12001F49F6B201EB460148701D48F6B210F81600202804D1522011
:20DEE0001949F6B201F81600761CD0E70748007850F008000549087070BD0000B06100208D
:20DF000020620020E8610020045900202A63002018620020E0610020C85600201C620020F5
:20DF2000E46100201B630020EC610020B86100201D630020F8610020D46000203463002014
:20DF400024620020336300206C5A002080B5AB20DFF8201B08806420DFF8181B488055201A
:20DF6000DFF8101B88800020DFF8081BC8800020DFF8001B08810020DFF8F81A48810020A8
:20DF8000DFF8F01A88820020DFF8E81AC8600020DFF8E01A0861012000F08EF801BD2DE9B0
:20DFA000F043B3B00027DFF8CC0A8046DFF8C80A0500DFF8C80A00880600002007003200F3
:20DFC00092B22900684602F0DDFA9DF800009DF8011050EA01200400A4B2AB2C17D0FFF7B9
:20DFE000B5FF7F1CFFB2032F45D1DFF8940A008850F01000DFF8881A0880DFF8880A0068BA
:20E0000050F00200DFF87C1A0860002051E03000811E89B26846FFF741F90400A4B2002C2A
:20E0200011D020006946314411F8021CC0B2884209D1200080B2000A6946314411F8011CD8
:20E04000C0B2884215D07F1CFFB2032F13D1DFF8300A008850F01000DFF8241A0880DFF8E0
:20E06000240A006850F00200DFF8181A086000201FE000200700FFB2002FA0D100208146D9
:20E080005FFA89F9B1450BD268465FFA89F910F8090088F8000018F1010819F10109EFE7BC
:20E0A000DFF8E409DFF8CC1991EC060B80EC060B012033B0BDE8F0832DE9F047B2B0040006
:20E0C000DFF8B0090600DFF8B0098046DFF8AC0900888146B9F1020189B23000FFF7DEF895
:20E0E00082461FFA89F906EB090000F802AC504680B2000A1FFA89F906EB090101F8010CAF
:20E10000E4B2002C09D1DFF88009DFF8681991EC060B80EC060B01203EE0002005004A46AC
:20E1200092B24146300002F00AFB4A4692B24146684602F027FAB9F1020189B26846FFF745
:20E14000ADF80700380069461FFA89F9494411F8021CC0B288420BD1380080B2000A6946A2
:20E160001FFA89F9494411F8011CC0B2884205D06D1CEDB2032D03D100200DE000200500E2
:20E18000EDB2002DCBD1DFF80009DFF8E81891EC060B80EC060B012032B0BDE8F087F8B589
:20E1A0000400E4B2002C00F08380E4B2012C14D1A620DFF8D81808800020DFF8D018887012
:20E1C0000020DFF8C81808710020DFF8C01848710120DFF8B818C8706AE0E4B2022C05D084
:20E1E000E4B2032C02D0E4B2042C19D1E4B2022C0BD1A620DFF8981808700020DFF89018D4
:20E200004880DFF88C080600FFE7361D00200500EDB2102D4CDAA5203070761C6D1CF7E707
:20E22000E4B2082C24D1A620DFF8681808800520DFF8601888700220DFF85818C87001204C
:20E24000DFF8501808710020DFF8481848710020DFF8401888710020DFF83818C87100200E
:20E26000DFF8301808720020DFF8281848721FE0E4B2092C1CD1A620DFF81C180880DFF82D
:20E2800018080700BF1C00200500EDB2162D05DA40F2C4403880BF1C6D1CF6E740F2CE3037
:20E2A000DFF8F417C8857FF00700DFF8EC1708862000C0B200F00AF9F1BD2DE9F04F9BB07E
:20E2C0000400E4B2012C0BD1DFF8C00707004FF44040ADF80000DFF8C4070078050025E06A
:20E2E000E4B2022C09D1DFF8A80707004FF4E040ADF800001620050018E0E4B2082C09D114
:20E30000DFF8900707004FF40040ADF800000C2005000BE0E4B2092C08D1DFF87C0707003F
:20E320004FF43040ADF8000034200500E4B2002C54D02A0092B2BDF8001001A802F022F95D
:20E340009DF80400A62805D02000C0B2FFF727FF0020B8E02800811E89B201A8FEF79EFFDE
:20E360008346584601A9294411F8021CC0B2884209D1584680B2000A01A9294411F8011CCB
:20E38000C0B288421AD0E4B2092C17D02000C0B2FFF705FF00200600DFF8E406008850F06A
:20E3A0001000DFF8DC160880DFF8D806006850F00200DFF8D0160860002084E0002080460E
:20E3C0005FFA88F8A84509D201A85FFA88F810F8080038707F1C18F10108F1E7E4B2092C12
:20E3E00042D100208246DFF8B8068146002080465FFA88F8B8F1160F16DAB9F8000040F662
:20E400008911884205DAB9F8000040F26221884205DA40F2C440A9F800000120824619F1E0
:20E42000020918F10108E3E7DFF86C06B0F93010DFF86406B0F92E00FEF7E4FB00280BD1D3
:20E4400040F2CE30DFF85016C8857FF00700DFF848160886012082461FFA8AFABAF1000F89
:20E4600002D00920FFF79BFEE4B2012C07D1DFF83406DFF81816082200F09EFB1FE0E4B219
:20E48000022C07D1DFF82006DFF80416162200F093FB14E0E4B2082C07D1DFF81006DFF878
:20E4A000F4150C2200F088FB09E0E4B2092C06D1DFF8FC05DFF8E015342200F07DFB0120A4
:20E4C00006003000C0B21BB0BDE8F08F2DE9F04F99B004000026E4B2012C0AD1DFF8AC05B7
:20E4E00007004FF440408046DFF8B0050078814622E0E4B2022C08D1DFF8940507004FF468
:20E50000E04080461620814616E0E4B2082C08D1DFF8800507004FF4004080460C208146E0
:20E520000AE0E4B2092C07D1DFF86C0507004FF43040804634208146B9F1020189B238004B
:20E54000FEF7ACFE82461FFA89F907EB090000F802AC504680B2000A1FFA89F907EB0901AF
:20E5600001F8010C002005004A4692B21FFA88F84146380002F0E3F80120FDF744F84A4696
:20E5800092B21FFA88F84146684601F0FBFFB9F1020189B26846FEF781FE8346584669465E
:20E5A0001FFA89F9494411F8021CC0B288420BD1584680B2000A69461FFA89F9494411F83A
:20E5C000011CC0B2884205D06D1CEDB2032D03D1002031E000200500EDB2002DC4D1E4B294
:20E5E000012C07D1DFF8BC04DFF8A014082200F0E3FA1FE0E4B2022C07D1DFF8AC04DFF804
:20E600009014162200F0D8FA14E0E4B2082C07D1DFF89804DFF87C140C2200F0CDFA09E01E
:20E62000E4B2092C06D1DFF88804DFF86C14342200F0C2FA3000C0B219B0BDE8F08FF8B540
:20E640000400DFF870040700002006003000DFF86814097880B289B2884217D200200500F5
:20E660002800DFF85814B6B24FF4B27202FB06F21144497C80B289B2884205D220883880E3
:20E68000A41CBF1C6D1CEBE7761CDFE7DFF83004DFF820141C2200F08FFAF1BD2DE9F04F5C
:20E6A00083B00400FF2005004FF4C040FCF736FD814646F20100FCF731FDC0438DF80400E9
:20E6C000DFF8000400F053FADFF8F803DFF8F413097808444078A5280CD148469DF804100C
:20E6E000C0B2884206D1DFF8DC030078022801DA00200500EDB2002D58D00020DFF8C413ED
:20E700000870A520DFF8BC134870012080461FFA88F8B8F1020F09DA5A20DFF8A8131FFA1C
:20E7200088F84144487018F10108F0E745F6A5214FF4C040FCF7FDFC4FF4C040FCF7EEFCE3
:20E7400082465FFA8AFA4FF4807B46F20100FCF7E5FC0BFB0A000600B6B245F6A520864283
:20E760000CD0C748008850F48070C5490880C548006850F00200C349086036E00020814634
:20E78000484610F10109C0B203280FDACD4800F0F7F90A20FCF737FF684600F0E8F903226E
:20E7A000C849684603F0A8FE0028E9D1C5480078C5498870C44800F0BEF9C34800F017F8D7
:20E7C00000280DD1AE48008850F48070AC490880AC48006850F00200AA49086000F071F8B2
:20E7E000BA4807003800FFF72AFFBDE8F78F2DE9F84F0400208845F6A521884201D00020C9
:20E800005DE01C200500201D07002900C9B23800FEF70FFD80464046B4F8681080B28842ED
:20E8200001D000204BE0201D8146002006003000A1490978C0B2884240D200208346584622
:20E84000A3490968F6B24FF4B27202FB06F21144497CC0B288422FD2B9F80000824619F17D
:20E8600002099B480068F6B24FF4B27101FB06F108445FFA8BFB1C2101FB0BF10844408CC9
:20E88000514689B2884212D3504691490968F6B24FF4B27202FB06F211445FFA8BFB1C22A0
:20E8A00002FB0BF21144098C80B2884201D2002005E01BF1010BC2E7761CB8E70120BDE8E8
:20E8C000F28F2DE9F04145F6A5207F4908807D4800787D4988707D48804600200400200056
:20E8E00075490978C0B2884224D200200500280077490968E4B24FF4B27202FB04F21144E4
:20E90000497CC0B2884213D271480068E4B24FF4B27101FB04F10844EDB21C2101FB05F1E9
:20E920000844808CA8F8000018F102086D1CDEE7641CD4E70020A8F8000018F102086348C5
:20E9400007001C2006003100C9B23800FEF771FC5D49A1F868005C4800F0FBF8BDE8F081E4
:20E960002DE9F04182B004000D005A48008845F6A521884201D0002079E0564885705248A1
:20E9800054496A2200F018F9002006003000461CC0B2032822DA4C4800F0DBF800208046BF
:20E9A0001FFA88F841F28830804502DA18F10108F6E7484800F0BFF86A224649424803F074
:20E9C0009BFD00280AD0002080461FFA88F8B8F1FF0F02DA18F10108F7E7D7E7F6B2032E04
:20E9E00005DB4AF25A503B49088000203FE0A5203449354A927811444870002006003000D8
:20EA0000461CC0B2032821DA2E4800F0B9F8002080461FFA88F8B8F1FF0F02DA18F10108C1
:20EA2000F7E7684600F0A3F803222649684603F063FD00280AD0002080461FFA88F8B8F100
:20EA4000FF0F02DA18F10108F7E7D8E74AF25A50204908801B4800781B4988701A4800F0BD
:20EA60006AF81A4807003800FFF7E9FD0120BDE8F68100008C60002000D0770062010020A4
:20EA8000C06200201C62002074600020A8610020BC60002088610020D85F00206401002058
:20EAA000DA5F0020A0610020A46000207C610020A45F0020586000202163002060D20108E1
:20EAC0003C60002028620020C45D0020C85D00200C620020305E00202DE9F041B6B004005D
:20EAE00088461500424692B22900200001F027FE1420FCF799FD424692B22900684601F0B7
:20EB000041FD2700002006003000C0B2414680B289B288420BD23800471C00786946F6B2C3
:20EB2000895D884201D0002002E0761CECE7012036B0BDE8F08138B50400A0786E214843AD
:20EB400010F5A04005006A222900200001F01AFD31BD38B50400A0786E21484310F5A040F8
:20EB600005002A006A212000FFF7B6FF31BD10B5040003224FF4C041200001F003FD10BD12
:20EB800010B504004FF4C04203212000FFF7A4FF10BD10B5040003224FF41041200001F02A
:20EBA000F1FC10BD10B504004FF4104203212000FFF792FF10BD100262B38B0708D0521EA4
:20EBC00011F8013B00F8013B00F024808B07F6D1830740F0208000BF103A07D330B4B1E815
:20EBE0003810103AA0E83810F9D230BC530724BFB1E80810A0E8081044BF51F8043B40F8AB
:20EC0000043BD20724BF31F8022B20F8022B44BF0B7803707047083A07D3B1E80810083A9F
:20EC200040F8043B40F804CBF7D25307E4E7070110B50400A4B2211DA4B2200001F02EFE70
:20EC4000002801D1012000E0002010BD80B500F0FAF901BD80B50020DFF86415087040F2A7
:20EC6000FF30DFF860158880DFF85805808800284FD0FDF74CFCDFF84C058088400110F5DC
:20EC80008020DFF8441508600020DFF840150880DFF838050088042828D20422DFF828057C
:20ECA0000168DFF82C0501F06DFCDFF81C050068001DDFF814150860DFF81405006810F14B
:20ECC000010F0BD0DFF8FC048088401CDFF8F41488800120DFF8E814087007E0DFF8EC040D
:20ECE0000088401CDFF8E4140880D1E7DFF8D00490F9000000280CD1DFF8C8048088002815
:20ED000007D0DFF8C0048088401EDFF8B8148880AAE70020DFF8A814087040F2FF30DFF87C
:20ED2000B4148880DFF8AC04808800284FD0FDF7EEFBDFF8A0048088400110F5A020DFF8F0
:20ED4000881408600020DFF884140880DFF87C040088022828D20422DFF86C040168DFF8E8
:20ED6000700401F00FFCDFF860040068401CDFF858140860DFF85804006810F1010F0BD0F2
:20ED8000DFF850048088401CDFF8481488800120DFF82C14087007E0DFF830040088401C23
:20EDA000DFF828140880D1E7DFF8140490F9000000280CD1DFF81C048088002807D0DFF8AE
:20EDC00014048088401EDFF80C148880AAE70020DFF8EC13087040F2FF30DFF8FC13888068
:20EDE000DFF8F403808800284FD0FDF790FBDFF8E8038088400110F5C020DFF8CC13086069
:20EE00000020DFF8C8130880DFF8C0030088022828D20422DFF8B0030168DFF8B40301F0BA
:20EE2000B1FBDFF8A4030068401CDFF89C130860DFF89C03006810F1010F0BD0DFF89803BA
:20EE40008088401CDFF8901388800120DFF87013087007E0DFF874030088401CDFF86C136A
:20EE60000880D1E7DFF8580390F9000000280CD1DFF864038088002807D0DFF85C0380880F
:20EE8000401EDFF854138880AAE701BD38B5DFF84C03407ADFF844134978884240D0C948D8
:20EEA0008088B0F5806F16DB5FF4862005004FF480522900DFF8280301F064FB4020FFF7E1
:20EEC000B7FE4FF480525FF48021C54801F037FC8020BC498880BB488088400110F58020A5
:20EEE0000500BE48BD49497A090108440A30040010222900200001F022FCB2488088401CC2
:20EF0000B0498880B548407A401CB4494872B348407A232190FBF1F201FB1200AF494872FF
:20EF200031BD38B5AF48C079AE49097A884240D0A8488088B0F5806F15DB5FF4A6200500D8
:20EF40004FF480522900A64801F01CFB5020FFF76FFE4FF480525FF4A021A14801F0EFFBBD
:20EF600080209C4988809B488088400110F5A02005009C489B49C9790A22514308440A30BE
:20EF800004000A222900200001F0D9FB91488088401C904988809348C079401C9149C87192
:20EFA0009048C079232190FBF1F201FB12008D49C87131BD38B58C48C0798B49097A884268
:20EFC00040D085488088B0F5806F15DB5FF4C62005004FF480522900814801F0D3FA602045
:20EFE000FFF726FE4FF480525FF4C0217C4801F0A6FB80207849888077488088400110F5E2
:20F00000C020050078487849C9790A22514308440A3004000A222900200001F090FB6E4857
:20F020008088401C6C4988806F48C079401C6E49C8716D48C079232190FBF1F201FB1200C5
:20F040006949C87131BD80B56848007880070ED56248407A61494978884205D1634800787E
:20F0600010F0FD0061490870FFF710FF28E05F48007840070ED55B48C0795A49097A88424F
:20F0800005D15A48007810F0FB0058490870FFF748FF15E05548007800070ED55248C07968
:20F0A0005149097A884205D15048007810F0F7004E490870FFF77EFF02E000204B490870FC
:20F0C00001BD01000020C9B2002902D13D4A92881000C9B2012902D13E4A92881000C9B284
:20F0E000022902D13C4A9288100080B27047F8B504000D001600F6B2002E09D1A4B260013E
:20F1000010F58020070010223900280001F03AFAF6B2012E09D1A4B2600110F5A020070057
:20F120000A223900280001F02DFAF6B2022E09D1A4B2600110F5C02007000A223900280048
:20F1400001F020FA0120F2BD10B50400E4B2002C0ED120201B49488000201A498880402013
:20F16000FFF766FD002801D0012026E0002024E0E4B2012C0ED1202016494880002015496B
:20F1800088805020FFF754FD002801D0012014E0002012E0E4B2022C0ED120200E4948808E
:20F1A00000200D4988806020FFF742FD002801D0012002E0002000E0002010BD0000000033
:20F1C0001C63002058610020F061002096620020F46100206461002070610020C8560020A5
:20F1E00068310020045900206C5A00202A6300203220C0B2002801D0401EFAE7704780B55E
:20F200001020ADF8000002208DF8020010208DF8030069466A4801F02EFC0820ADF800006F
:20F2200002208DF8020014208DF803006946644801F021FC01BD80B5082062490860FFF7DC
:20F24000D7FF10205F490860FFF7D2FF5E480068002801D1012000E0002008205B49086074
:20F26000FFF7C6FF102059490860FFF7C1FF012002BD80B5102055490860FFF7B9FF0820C2
:20F2800052490860FFF7B4FF10204E490860FFF7AFFF08204B490860FFF7AAFF01BD80B539
:20F2A00010204A490860FFF7A3FF082047490860FFF79EFF102043490860FFF799FF1020F6
:20F2C00042490860FFF794FF01BD80B510203F490860FFF78DFF08203A490860FFF788FF8D
:20F2E000102038490860FFF783FF102037490860FFF77EFF01BD80B5102034490860FFF7F4
:20F3000077FF08202F490860FFF772FF10202D490860FFF76DFF2C480068000704D51020AC
:20F320002A490860002003E0102028490860012002BD38B5040008252800451EC0B20028C3
:20F3400016D0102021490860FFF752FF200603D508201C49086002E008201C490860640050
:20F36000FFF746FF102017490860FFF741FFE3E710201649086031BD38B50824002508200F
:20F38000104908602000441EC0B2002811D06D0010200E490860FFF72BFF10200949086049
:20F3A000FFF726FF084800680007EBD555F00105E8E71020054908602800C0B232BD00002A
:20F3C0000018014010180140081801401418014080B5FFF730FF002801D100202AE064209B
:20F3E000FFF7A7FFFFF787FF002803D1FFF741FF00201FE01020FFF79CFFFFF77CFF8020D2
:20F40000FFF797FFFFF777FFFFF733FFFFF713FF6420FFF78EFFFFF76EFF0F20FFF789FFAD
:20F42000FFF769FF8420FFF784FFFFF764FFFFF720FF012002BD80B5FFF7FDFE002801D1E3
:20F4400000201CE06420FFF774FFFFF754FF002803D1FFF70EFF002011E00F20FFF769FFBD
:20F46000FFF749FF0020FFF764FFFFF744FF0020FFF75FFFFFF73FFFFFF7FBFE012002BD25
:20F4800010B50400FFF7A4FFFFF7D5FE6420FFF750FFFFF730FF002803D1FFF7EAFE002059
:20F4A0002FE00020FFF745FFFFF725FF2078FFF740FFFFF720FF6078FFF73BFFFFF71BFFCF
:20F4C000A07850F08000C0B2FFF733FFFFF713FFE078FFF72EFFFFF70EFF2079FFF729FF7D
:20F4E000FFF709FF6079FFF724FFFFF704FFA079FFF71FFFFFF7FFFEFFF7BBFEFFF79BFFC4
:20F50000012010BD10B50400FFF795FE6420FFF710FFFFF7F0FE002803D1FFF7AAFE002084
:20F5200033E00020FFF705FFFFF7E5FEFFF783FE6520FFF7FEFEFFF7DEFEFFF71DFF207063
:20F54000FFF7ADFEFFF718FF6070FFF7A8FEFFF713FF10F07F00A070FFF7A1FEFFF70CFF64
:20F56000E070FFF79CFEFFF707FF2071FFF797FEFFF702FF6071FFF792FEFFF7FDFEA07143
:20F58000FFF7A3FEFFF775FE012010BD1CB504006846FFF7B7FFA41C9DF8000010F0F00009
:20F5A000512805DA9DF8000010F00F000A2802DB00208DF800009DF8010010F0F00051289C
:20F5C00005DA9DF8010010F00F000A2802DB00208DF801009DF8020010F0F000212805DA43
:20F5E0009DF8020010F00F000A2802DB00208DF802009DF8040010F0F000312805DA9DF859
:20F60000040010F00F000A2802DB00208DF804009DF8050010F0F000112805DA9DF80500E3
:20F6200010F00F000A2802DB00208DF805009DF8060010F0F000912805DA9DF8060010F044
:20F640000F000A2802DB00208DF806009DF800002070641C9DF801002070641C9DF80200FF
:20F660002070641C9DF804002070641C9DF805002070641C9DF806002070641C13BD1CB5DB
:20F680000400A41C20788DF80000641C20788DF80100641C20788DF80200641C20788DF8AF
:20F6A0000400641C20788DF80500641C20788DF80600641C00208DF803006846FFF7E0FE57
:20F6C00013BD000F00F10103810704D010F8011B89B18107FAD10268B2F10131914311F035
:20F6E000803F04BF50F8042FF6E710F8011B11B110F8011BFBE7C01A7047080C38B50400AE
:20F70000DFF8900A006805002900DFF8880A0068FDF763F9A4B2A042F6D331BD01005FF082
:20F72000FF30DFF8742AC9B232F81120DFF86C3AC9B233F811309A421BD0DFF8642AC9B244
:20F740004FF4006303FB01F31A44DFF84C3AC9B233F81130D25C1000DFF83C2AC9B232F84F
:20F760001120521C5205520DDFF82C3AC9B223F81120704710B402005FF0FF30DFF8183A0C
:20F78000D2B233F81230DFF8144AD2B234F81240641C6405640DA3421CD0DFF8043AD2B27D
:20F7A0004FF4006404FB02F42344DFF8F049D2B234F812401955DFF8E439D2B233F81230E1
:20F7C0005B1C5B055B0DDFF8D449D2B224F812300123180010BC7047F0B587B004000D0068
:20F7E0001600DFF8C009844202D10020070023E0DFF8B409844202D1002007001CE0DFF869
:20F80000AC09844202D10020070015E0DFF8A009844202D1002007000EE0DFF89809844212
:20F8200002D10020070007E0DFF88C09844202D10020070000E01AE2DFF8680984421CD1E4
:20F840000021DFF8780902F0AEFFDFF8700902F085FE00228021DFF84C0903F0C6F800210A
:20F86000012003F090F901214FF4804003F09AF90121012003F087F9A3E0DFF82C09844235
:20F880001CD10021DFF8380902F08DFFDFF8300902F064FE00228021DFF80C0903F0A5F821
:20F8A0000021012003F06FF901215FF4003003F088F90121012003F066F982E0DFF8EC08D0
:20F8C00084421CD10021DFF8FC0802F06CFFDFF8F40802F043FE00228021DFF8D00803F0B1
:20F8E00084F80021012003F04EF901215FF4802003F067F90121012003F045F961E0DFF81C
:20F90000B00884421CD10021DFF8BC0802F04BFFDFF8B40802F022FE00228021DFF89008AD
:20F9200003F063F80021012003F02DF901215FF4002003F046F90121012003F024F940E0E4
:20F94000DFF8700884421CD10021DFF8800802F02AFFDFF8780802F001FE00228021DFF828
:20F96000540803F042F80021012003F00CF901215FF4801003F025F90121012003F003F97C
:20F980001FE0DFF8340884421BD10021DFF8400802F009FFDFF8380802F0E0FD00228021C0
:20F9A000DFF8140803F021F80021012003F0EBF801215FF0807003F0F5F80121012003F0B9
:20F9C000E2F8DFF81008EDB250F825000290F6B2002E13D10020ADF80C000020ADF80E0062
:20F9E0000020ADF810000020ADF814000C20ADF8120002A9200002F03FFF7CE0F6B2012E48
:20FA000015D14FF48050ADF80C000020ADF80E004FF48060ADF810000020ADF814000C208C
:20FA2000ADF8120002A9200002F026FF63E0F6B2022E15D14FF48050ADF80C000020ADF8A3
:20FA40000E004FF4C060ADF810000020ADF814000C20ADF8120002A9200002F00DFF4AE0D1
:20FA6000F6B2032E14D10020ADF80C004FF40050ADF80E000020ADF810000020ADF8140003
:20FA80000C20ADF8120002A9200002F0F5FE32E0F6B2042E16D14FF48050ADF80C004FF4F9
:20FAA0000050ADF80E004FF48060ADF810000020ADF814000C20ADF8120002A9200002F0F2
:20FAC000DBFE18E0F6B2052E15D14FF48050ADF80C004FF40050ADF80E004FF4C060ADF882
:20FAE00010000020ADF814000C20ADF8120002A9200002F0C1FEDFF8AC06844212D1DFF8B5
:20FB0000D806FFB24FF4806101FB07F1084401900094DFF8A8361A220121DFF8C00600F02D
:20FB2000A8F871E0DFF88006844212D1DFF8A806FFB24FF4806101FB07F10844019000940F
:20FB4000DFF87C361C220221DFF8900600F091F85AE0DFF85806844212D1DFF87C06FFB2B3
:20FB60004FF4806101FB07F1084401900094DFF854361E220321DFF8640600F07AF843E071
:20FB8000DFF82C06844212D1DFF84C06FFB24FF4806101FB07F1084401900094DFF828361B
:20FBA00020220421DFF8340600F063F82CE0DFF80406844212D1DFF82006FFB24FF480611A
:20FBC00001FB07F1084401900094DFF8003622220521DFF8080600F04CF815E0DFF8D80587
:20FBE000844211D1DFF8F005FFB24FF4806101FB07F1084401900094DFF8D435242206210A
:20FC0000DFF8D80500F035F8012240F22551200002F0C0FE01228021200002F0E6FE01219C
:20FC2000200002F0A9FE0020DFF86C15FFB221F817000020DFF8A815FFB221F817000020FD
:20FC4000DFF8A015FFB221F817000020DFF89815FFB221F817000020DFF89015FFB221F84C
:20FC600017000020DFF88815FFB221F8170007B0F0BD2DE9F0438BB004000D0016001F00CA
:20FC8000DDF84880DDF84C90380002F067FC18F104000090CDF80490102002904FF47A70A4
:20FCA000039000200490802005900020069000200790002008904FF40050099000200A90BD
:20FCC0006946380002F0CFFC3200D2B22900C9B2200002F0E7FC0BB0BDE8F0832DE9F04117
:20FCE00004000D0000265FF00008DFF8B804844202D10020804624E0DFF8AC04844202D140
:20FD0000002080461DE0DFF8A404844202D10020804616E0DFF89804844202D1002080461A
:20FD20000FE0DFF89004844202D10020804608E0DFF88404844202D10020804601E0002023
:20FD400011E04046C0B2FFF7E9FC070017F1010F07D02F706D1C761CB6B2B6F5006F00DAD3
:20FD6000EFE7300080B2BDE8F0812DE9F84306000D00140000275FF00008A4B2002C01D1EB
:20FD8000002005E2DFF81C04864202D10020804624E0DFF81404864202D1002080461DE073
:20FDA000DFF80804864202D10020804616E0DFF80004864202D1002080460FE0DFF8F403D0
:20FDC000864202D10020804608E0DFF8EC03864202D10020804601E00020D9E1DFF8C4031A
:20FDE000864251D1A4B2DFF8F0035FFA88F84FF4806101FB08F100EB010922002900484639
:20FE0000FEF7DAFEDFF8D0035FFA88F84FF4806101FB08F10844DFF8DC130860A4B2DFF8D2
:20FE2000D80304600121DFF8940302F0BCFCDFF864030068DFF8C4135FFA88F841F82800BB
:20FE40000520FFF75BFC022002F0BBFC00280DD00021DFF8680302F0A6FC022002F0C6FC93
:20FE60000520FFF74BFC200080B291E1DFF88C035FFA88F850F82810C6480068FCF7ADFD8A
:20FE8000B0F5FA7FDCD382E1C748864248D1A4B2D1485FFA88F84FF4806101FB08F100EBF6
:20FEA0000109220029004846FEF786FECA485FFA88F84FF4806101FB08F10844D049086015
:20FEC000A4B2D04804600121BD4802F06CFCB1480068CA495FFA88F841F828000520FFF706
:20FEE0000DFC202002F06DFC00280CD00021B44802F059FC202002F079FC0520FFF7FEFB3B
:20FF0000200080B244E1BD485FFA88F850F82810A0480068FCF761FDB0F5FA7FDED336E185
:20FF2000A24886424AD1A4B2AB485FFA88F84FF4806101FB08F100EB0109220029004846EB
:20FF4000FEF73AFEA4485FFA88F84FF4806101FB08F10844AC490860A4B2AC48046001211D
:20FF6000984802F020FC8B480068A4495FFA88F841F828000520FFF7C1FB4FF4007002F0B5
:20FF800020FC00280DD000218E4802F00CFC4FF4007002F02BFC0520FFF7B0FB200080B26B
:20FFA000F6E096485FFA88F850F8281079480068FCF713FDB0F5FA7FDCD3E8E07C488642E7
:20FFC0004AD1A4B284485FFA88F84FF4806101FB08F100EB0109220029004846FEF7ECFD46
:20FFE0007D485FFA88F84FF4806101FB08F1084487490860A4B2874804600121724802F06F
:020000040801F1
:20000000D2FB644800687D495FFA88F841F828000520FFF773FB4FF4005002F0D2FB0028FC
:200020000DD00021684802F0BEFB4FF4005002F0DDFB0520FFF762FB200080B2A8E06F4801
:200040005FFA88F850F8281052480068FCF7C5FCB0F5FA7FDCD39AE0564886424AD1A4B273
:200060005D485FFA88F84FF4806101FB08F100EB0109220029004846FEF79EFD56485FFA94
:2000800088F84FF4806101FB08F1084462490860A4B26248046001214C4802F084FB3D4858
:2000A000006856495FFA88F841F828000520FFF725FB5FF4003002F084FB00280DD00021AA
:2000C000424802F070FB5FF4003002F08FFB0520FFF714FB200080B25AE048485FFA88F81B
:2000E00050F828102B480068FCF777FCB0F5FA7FDCD34CE03048864249D1A4B236485FFABF
:2001000088F84FF4806101FB08F100EB0109220029004846FEF750FD2F485FFA88F84FF4A3
:20012000806101FB08F108443D490860A4B23D4804600121264802F036FB164800682F497F
:200140005FFA88F841F828000520FFF7D7FA5FF4001002F036FB00280DD000211C4802F077
:2001600022FB5FF4001002F041FB0520FFF7C6FA200080B20CE021485FFA88F850F82810F6
:2001800004480068FCF729FCB0F5FA7FDCD30020BDE8F283146200209A6200209C620020BC
:2001A00068410020003801400044004000480040004C0040005000400060014008000240EA
:2001C0001C0002403000024044000240580002406C000240BCE40108C8520020000002405C
:2001E0009E620020A0620020A2620020A6620020A4620020140002400C0002401062002015
:2002000028000240200002403C000240340002405000024048000240640002405C000240BE
:2002200078000240700002402DE9F34F81B00C990D9C0E9D0F9E109FDDF844E0DDF84C80DA
:200240001498BDF808C0E146CC4693461FFA8CFC1FFA8BFBDC4502D2CA46914600E092468F
:20026000CC469B461FFA8CFC1FFA8BFBDC4504D2ADF800A0CA4699460DE0D4469B461FFA1F
:200280008CFC1FFA8BFBDC4502D3ADF8003002E0ADF800A09A461FFA89F91FFA8AFAB9EB89
:2002A0000A0CBCF5E16F11DC1FFA89F9BDF800C0B9EB0C0CBCF5E16F08DC1FFA8AFABDF837
:2002C00000C0BAEB0C0CBCF5E16F0CDDD4F800C03CEA070CC4F800C0D4F800C056EA0C0C92
:2002E000C4F800C005E0D4F800C03CEA060CC4F800C01FFA89F9B9F5E16F22DAD4F800C03C
:20030000DDF848B01CEA0B0F07D0D4F800C01CEA080F0FD080B20B280CDBD4F800C057EA78
:200320000C0CC4F800C0D4F800C03CEA060CC4F800C00CE0D4F800C03CEA070CC4F800C0BC
:2003400005E0D4F800C03CEA070CC4F800C0DDF804C0BCF800C0BCF1000F0ED15FF0000C74
:20036000C1F800C0DFF83CC1DCF800C03CEA0E0CDFF830B1CBF800C058E0D4F800C017EB5B
:20038000060B1CEA0B0F24D0D4F800C01CEA050F4CD1D1F800C01CF1010CC1F800C0D1F890
:2003A00000C0BCF57A7F41D95FF0000CC1F800C0D4F800C055EA0C0CC4F800C0DFF8E4C00B
:2003C000DCF800C05EEA0C0CDFF8D8B0CBF800C02CE0D4F800C01CEA050F23D0D1F800C019
:2003E0001CF1010CC1F800C0D1F800C0BCF1650F1CD35FF0000CC1F800C0D4F800C016EB70
:20040000050B17EB0B0B3CEA0B0CC4F800C0DFF894C0DCF800C03CEA0E0CDFF888B0CBF82A
:2004200000C003E05FF0000CC1F800C0BDE8F78FF0B4049C059D069E2F68374215D189B25F
:2004400088420FDA1F88A4461FFA8CFC674505D300271F802F6837432F601BE01F887F1C90
:200460001F8017E000271F8014E092B282420FDA1F88A4461FFA8CFC674505D300271F80BF
:200480002F68B7432F6005E01F887F1C1F8001E000271F80F0BC70470349B1F9001008005E
:2004A000704700001C620020BE62002000B587B04FF48050ADF8000010208DF80300022029
:2004C0008DF802006946DFF8C40300F0D4FA4FF48051DFF8B80300F07CFB4FF46040ADF8F5
:2004E000000002208DF8020018208DF803006946DFF8980300F0BFFA0020ADF804004FF4BD
:200500008270ADF806000020ADF808000020ADF80A000020ADF80C004FF40070ADF80E006B
:200520000020ADF810000020ADF812000720ADF8140001A9DFF8580302F076FB0121DFF8F7
:20054000500302F0A0FB07B000BD10B504000221DFF83C0302F0A9FB0028F8D0E4B2210008
:2005600089B2DFF82C0302F09CFB0121DFF8200302F09BFB0028F8D0DFF8140302F093FBAF
:20058000C0B210BD70B504000D0016004FF48050DFF8001308600B20FFF7D7FF280CC0B2CE
:2005A000FFF7D3FF280AC0B2FFF7CFFF2800C0B2FFF7CBFFA520FFF7C8FF3000461E80B269
:2005C000002805D0A520FFF7C0FF2070641CF4E74FF48050B049086070BD80B54FF48050D0
:2005E000AC4908600620FFF7B0FF4FF48050AA4908604FF48050A7490860C720FFF7A5FF79
:200600004FF48050A449086000F07EF8002002BD10B504004FF480509E4908600620FFF7E6
:2006200094FF4FF480509C4908604FF48050994908602020FFF789FF200CC0B2FFF785FF94
:20064000200AC0B2FFF781FF2000C0B2FFF77DFF4FF480509049086000F056F8002010BD05
:2006600010B50400FBF753FF4FF48050894908600620FFF76AFF4FF48050874908604FF40D
:200680008050844908605220FFF75FFF200CC0B2FFF75BFF200AC0B2FFF757FF2000C0B227
:2006A000FFF753FF4FF480507B49086000F02CF8002010BD10B50400FBF729FF4FF48050BC
:2006C000744908600620FFF740FF4FF48050724908604FF480506F490860D820FFF735FF0F
:2006E000200CC0B2FFF731FF200AC0B2FFF72DFF2000C0B2FFF729FF4FF48050664908609E
:2007000000F002F8002010BD80B500208DF800004FF480505F4908600520FFF716FFA52010
:20072000FFF713FF8DF80000FBF7F1FE9DF80000C007F4D44FF480505749086001BD2DE938
:20074000F04704000D00160000208146280642D0D5F5807000F0FF0080463000414680B2BC
:2007600089B2884203D2B2460120814600E0C2464FF48050474908600620FFF7E6FE4FF489
:20078000805045490860FBF7C2FE4FF48050414908600220FFF7D9FE280CC0B2FFF7D5FE7E
:2007A000280AC0B2FFF7D1FE2800C0B2FFF7CDFE5046B0F1010A80B2002806D02078FFF775
:2007C000C4FE641C761E6D1CF2E74FF4805032490860FFF799FF1FFA89F9B9F1000F52D1E6
:2007E000300080B2000A8046300601D018F10108002007003800414680B289B2884242D27D
:20080000280502D12800FFF703FFB6B2B6F5807F03DD4FF48070824600E0B2464FF48050E0
:200820001C4908600620FFF790FE4FF480501A490860FBF76CFE4FF480501649086002200B
:20084000FFF783FE280CC0B2FFF77FFE280AC0B2FFF77BFE2800C0B2FFF777FE5046B0F1B9
:20086000010A80B2002806D02078FFF76EFE641C761E6D1CF2E74FF4805007490860FFF70C
:2008800043FF7F1CB6E7BDE8F0870000000C014000380040140C0140100C01402DE9F843EE
:2008A00004000D00002600275FF00008B4F5006F02D2B5F5006F01D300204FE0A54203D29F
:2008C000601B0700A84602E0281B0700A046AC420BD14FF4805000FB08F006003000FFF79A
:2008E00097FE81464846C0B238E040F2FF70874205D3FFF772FE81464846C0B22EE0102FC8
:200900000CD34FF4805000FB08F006003000FFF7D1FE8146103F18F11008F0E7082F0CD3D3
:200920004FF4805000FB08F006003000FFF798FE8146083F18F10808F0E7002F0CD04FF4A3
:20094000805000FB08F006003000FFF761FE81467F1E18F10108F0E74846C0B2BDE8F283E2
:2009600010B5C2B00400200501D001203EE02000FFF74EFE002000900098FF2807D80098BF
:20098000009901AA11540098401C0090F4E74FF48072210001A8FFF7D2FE00200090009842
:2009A000FF2807D8002001A9009A88540098401C0090F4E74FF48072210001A8FFF7E2FDBE
:2009C000002000900098FF2809D8009801A9085C0099884203D10098401C0090F2E70098F5
:2009E000B0F5807F01D1002000E0012042B010BD10B50400DFF81C06844208D101210420FA
:200A000002F0EEF80021042002F0EAF832E0DFF80806844208D10121082002F0E1F8002119
:200A2000082002F0DDF825E0DFF8F005844208D10121102002F0D4F80021102002F0D0F83C
:200A400018E0DFF8DC05844208D10121202002F0C7F80021202002F0C3F80BE0DFF8C4059B
:200A6000844207D10121402002F0BAF80021402002F0B6F810BDF0B500270022002300248F
:200A80000025002691F803C01CF00F0C674691F803C05FEACC6C03D591F902C05CEA0707A6
:200AA00091F800C05FEA0C6C3AD0D0F800C065465FF0000C6346082B31D25FF0010C1CFA43
:200AC00003FC6446B1F800C014EA0C0C6246A24223D15FEA830C64465FF00F0C1CFA04FC6C
:200AE0006646B54317FA04FC5CEA050591F903C0BCF1280F06D15FF0010C1CFA03FCC0F8C0
:200B000014C00AE091F903C0BCF1480F05D15FF0010C1CFA03FCC0F810C05B1CCBE7056069
:200B2000B1F800C0BCF1FF0F3FDDD0F804C065465FF0000C6346082B36D25FF0010C13F19F
:200B4000080E1CFA0EFC6446B1F800C014EA0C0C6246A24226D15FEA830C64465FF00F0CC7
:200B60001CFA04FC6646B54317FA04FC5CEA050591F903C0BCF1280F07D15FF0010C13F1F1
:200B8000080E1CFA0EFCC0F814C091F903C0BCF1480F07D15FF0010C13F1080E1CFA0EFCD4
:200BA000C0F810C05B1CC6E74560F0BD02000020936889B20B4202D00123180001E0002380
:200BC0001800C0B27047806880B27047C06880B2704789B20161704789B24161704789B2CF
:200BE000C1607047F0B4B0F1004F40F29A800023002420F000473E00F7093B0016F07F069B
:200C000037093C0016F00F06052B06D02700FFB2BF0016FA07F73A0005E06708FFB2BF0094
:200C200016FA07F73A00002B08D0022B0ED009D3042B13D00ED3052B14D017E0DFF8E87352
:200C40003D0013E0DFF8E4733D000FE0DFF8E0733D000BE0DFF8DC733D0007E0DFF8D8734C
:200C60003D0003E0DFF8D4733D00FFE7002C0BD1052B04D12F68BF08BF002F6049E02F689A
:200C80003F093F012F6044E0012C0BD1052B04D12F6837F00C072F603BE02F6837F0F007DB
:200CA0002F6036E0022C0BD1052B04D12F6837F030072F602DE02F6837F470672F6028E0BF
:200CC000032C0BD1052B04D12F6837F0C0072F601FE02F6837F470472F601AE0042C04D1EA
:200CE0002F6837F470272F6013E0052C04D12F6837F470072F600CE0062C04D12F6837F09A
:200D000070672F6005E0072C03D12F6827F070472F6049B2012940F07B812F683A432A609E
:200D200076E10200012A63D0022A53D0042A51D0082A4FD0102A7BD0302A00F08980402ACB
:200D400000F09680C02A00F0A380B2F5807F00F0AF80B2F5007F00F0BB80B2F5407F00F024
:200D6000C780B2F5006F00F0D380B2F5406F00F0DF80B2F5805F2DD0B2F5804F00F0E880DD
:200D8000B2F5C04F00F0F480B2F5004F22D0B2F5803F1FD0B2F5003F1CD0B2F5802F19D0EB
:200DA000B2F5002F16D0B2F5801F13D0B2F5001F00F01E81B2F1807F00F0EA80B2F1007FDB
:200DC00000F0F680B2F1806F00F00281B2F1004F1ED01DE19A4A12688243994B1A6049B24E
:200DE000012904D1964A12680243954B1A600FE1934A1268934B1A40914B1A6049B2012901
:200E000005D18F4A126852F001028D4B1A60FFE08B4A12688B4B1A40894B1A6049B2012941
:200E200005D1874A126852F00042854B1A60EFE0834A126832F03002814B1A6049B20129EE
:200E400005D17F4A126852F010027D4B1A60DFE07B4A126832F03002794B1A6049B201292E
:200E600005D1774A126852F03002754B1A60CFE0734A126832F0C002714B1A6049B201298E
:200E800005D16F4A126852F040026D4B1A60BFE06B4A126832F0C002694B1A6049B201298E
:200EA00005D1674A126852F0C002654B1A60AFE0634A126832F44072614B1A6049B201292A
:200EC00005D15F4A126852F480725D4B1A609FE05B4A126832F44072594B1A6049B2012906
:200EE00005D1574A126852F40072554B1A608FE0534A126832F44072514B1A6049B2012996
:200F000005D14F4A126852F440724D4B1A607FE04B4A126832F44062494B1A6049B2012975
:200F200005D1474A126852F40062454B1A606FE0434A126832F44062414B1A6049B20129D5
:200F400005D13F4A126852F440623D4B1A605FE03B4A126832F4C042394B1A6049B2012945
:200F600005D1374A126852F48042354B1A604FE0334A126832F4C042314B1A6049B2012935
:200F800005D12F4A126852F4C0422D4B1A603FE02B4A126832F0E062294B1A6049B20129C9
:200FA00005D1274A126852F08072254B1A602FE0234A126832F0E062214B1A6049B20129ED
:200FC00005D11F4A126852F000721D4B1A601FE01B4A126832F0E062194B1A6049B201297D
:200FE00005D1174A126852F08062154B1A600FE0134A126832F40012114B1A6049B2012949
:2010000005D10F4A126852F400120D4B1A60FFE7F0BC704700080140000C014000100140CD
:2010200000140140001801402000014024000140280001402C000140300001403400014080
:2010400004000140FEFFFF7F80B20A4908607047C0B209490860704780B2084908607047A7
:201060004AF6AA200349086070474CF6CC40014908607047003000400430004008300040E8
:20108000002203881A00DFF80431984212D0DFF8143198420ED0B0F1804F0BD0DFF8F030AB
:2010A000984207D0DFF8EC30984203D0DFF8E830984204D14FF68F731A404B681A43DFF8B9
:2010C000DC30984208D0DFF8D830984204D04FF6FF431A408B891A4302808B68C3620B8846
:2010E0000385DFF8A830984203D0DFF8B830984201D18B7B038601238382704749B200290E
:2011000004D0028852F00102028004E002884FF6FE731A400280704752B2002A03D08389E6
:201120000B43838102E083898B438381704749B2002904D0028852F08002028004E00288B0
:201140004FF67F731A400280704789B2CA430282704730B40200002000230024158A0D4009
:201160002B0095890D402C009BB2002B05D0A4B2002C02D00125280001E00025280040B29E
:2011800030BC704789B2CA4302827047002C01400004004000080040000C00400010004094
:2011A000001400400034014030B40023002244682300DFF8AC4123400C6891F9045054EAB7
:2011C00005242343436084682300DFF898412340CC688D682C4391F9055054EA4504234357
:2011E0008360C46A230033F470030C7C641E2243D2B253EA0253C36230BC704749B20029B0
:2012000004D0826852F00102826003E082685208520082607047816851F00801816070470C
:20122000010000208A68120702D50122100001E00022100040B27047816851F004018160AC
:201240007047010000208A68520702D50122100001E00022100040B27047002283681A007E
:2012600032F4E0420A4382607047F0B5002600240025C9B20A2919DBC7683E000727B1F14D
:201280000A0C5FF0030E1CFB0EFC17FA0CF73C00A643DBB2B1F10A075FF0030C17FB0CF7CB
:2012A00013FA07F73C002643C66013E007693E0007275FF0030C11FB0CFC17FA0CF73C00C7
:2012C000A643DBB2032711FB07F713FA07F73C0026430661876B3E00C6F301573D001F2789
:2012E000D2B212F1030CBCEB050CBCF1010C5FF0050E1CFB0EFC17FA0CF73C00A643C9B2AF
:20130000D2B2D71C7F1B7F1E5FF0050C17FB0CF711FA07F73C0026438663F0BD10B4002280
:201320000023846B220032F44012C9B24C1E230052EA0352826310BC704740B2002806D010
:201340000949096851F40001074A116005E00649096831F40001044A116070470000000081
:20136000FFFEF0FFFDF7F1FF082401402DE9F04F82460FF24860A5B015461E46D0E900237A
:20138000CDE91223002004910D900DF150086FF0004900E03D440020ADF8020012AB4FF0EE
:2013A000FF3229460DF1020001F08BFC0746012F04DA2878471EBF41FF43FF0FBDF80200AE
:2013C00025280CBFA7F1010BBB46BBF1010F0EDB2C4614F8011B0498D0470028049000F0B2
:2013E000F3800D98401CBBF1010B0D90F1D1BDF80200252807D100200790089009900A9004
:201400000B900C9005E00028C4D10D98DEE240F0010015F8011F2029F9D023290DD02B29A1
:2014200004D02D2906D030290AD00CE040F0020080B2EEE740F00400FAE740F00800F7E729
:2014400040F01000F4E72A290ED13168316051F8042B3160002A0F9204D5514240F00400A1
:201460000F9180B26D1C11E000210F9109E00F99494505D001EB810302EB430130390F91C1
:201480006D1C2A78A2F130010A29F0D329782E2903D04FF0FF310E911DE015F8011F2A2911
:2014A00007D1316831606D1C51F8042B31600E9211E000210E9109E00E99494505D001EB68
:2014C000810302EB430130390E916D1C2A78A2F130010A29F0D3ADF840000FF2E8402978BB
:2014E00001F000FC08B115F8010B8DF842009DF84200682802BF29786829622005D06C2821
:2015000004BF28786C2803D171208DF842006D1C14A8069015F8017BB7F125002AD01C3829
:2015200000F0DB80001F022840F2D780133800F0FC80093800F0D180801E00F06781401E81
:2015400000F03D81401E022840F2C780001F00F03681401F00F09280401E00F0E680401EA3
:2015600035D0C01E0BD0801E00F0DF80C01E00F0DC806EE125208DF85000012073E19DF823
:2015800042006C283068306014D050F8044B306005940E9F002F04D52046FEF793F80746C1
:2015A00006E03A460021204601F0A8FB00B1071B089759E150F8042B306002A9504600F0C6
:2015C0003FFA002840F150814FF0FF30FEE131683160002251F8040B31600021CDE902014C
:2015E00014A80590DDE902019142069F08BF90424FF03C0C01D10E9AC2B100F00F033033E7
:20160000DBB23A2BA8BF2733ACF101020009BB54944640EA017009090022914208BF90424A
:2016200004D0059A07EB0C039A42E6D307EB0C000590CCF13C010E980891814209DA401AD5
:201640000A904FF6EF71BDF840000840ADF840000AE1002840F108819DF8400000F0140083
:20166000102840F001810F98079A801A0A9A801A401A0128C0F2F8800A90F5E09DF842006D
:2016800062281AD0682806D06A280CD06C281CD0712808D019E03068306050F8041B3060F9
:2016A0000D980880E0E03068306050F8042B30600D98C117C2E90001D6E03068306050F8BF
:2016C000041B30600D980870CEE03068306050F8041B30600D980860C6E03068C01D20F039
:2016E00007023260D2E9000108323260CDE90201002902D507982D210AE0BDF840008107BA
:2017000002D507982B2103E0C00705D50798202108F80010401C079014A807990844059063
:20172000394602A800F098FB9EE09DF842006C280DD0712818BF6A2809D13068C01D20F0D6
:2017400007023260D2E900010832326005E03168316051F8040B31600021CDE902019DF8FF
:201760004200682803D1DDE9020180B20BE0622803D1DDE90201C0B205E0742818BF7A284A
:2017800004D1DDE902010021CDE902019DF84000000732D5DDE902230020834208BF824293
:2017A0002BD047F02000782827D10798302108F80010401C411C079108F800701DE09DF8EC
:2017C0004200314600F005F9CDE90201DDE9022300218B4202DA07982D210AE0BDF8400028
:2017E000810702D507982B2103E0C00705D50798202108F80010401C079014A80799084490
:201800000590394602A800F0A1FA2DE09DF842006C2809D0012007903068306050F8041BE7
:2018200030608DF850101FE03068306001AA50F8041B3060ADF804100020ADF8060002A93B
:201840004FF0FF300E90504600F0FAF800280BD5BAE625208DF8500001200790380003D07F
:2018600088F80170022007900F980799401A0A99401A0899401A0B99401A0999401A0C9986
:20188000471A9DF84000400710D42020012F8DF800000BDB3C4601236A4602A9504600F085
:2018A00005FE00287FF490AE641EF4D1DDF81CB0BBF1000F14AC0DD014F8011B0498D04731
:2018C000002804903FF480AE0D98401CBBF1010B0D90F1D130208DF800000A9C012C0ADB46
:2018E00001236A4602A9504600F0E0FD00287FF46BAE641EF4D1DDF820B0059CBBF1000F0A
:201900000DD014F8011B0498D047002804903FF45BAE0D98401CBBF1010B0D90F1D13020AF
:201920008DF800000B9C012C0ADB01236A4602A9504600F0BBFD00287FF446AE641EF4D1D6
:2019400005980899DDF824B04418BBF1000F0DD014F8011B0498D047002804903FF434AE00
:201960000D98401CBBF1010B0D90F1D130208DF800000C9C012C0ADB01236A4602A95046AB
:2019800000F094FD00287FF41FAE641EF4D19DF8400040077FF5FFAC2020012F8DF80000E7
:2019A000FFF6F9AC01236A4602A9504600F07EFD00287FF409AE7F1EF4D1ECE40000000089
:2019C00000000000686A6C747A4C000025B0BDE8F08F622826D068281DD06A2808D06C289B
:2019E00027D0712804D0742823D07A280CD020E00868C01D20F007000860D0E90023083096
:201A000008601946104670470A680A6052F8040B0A60002170470A680A6052F8040B0A60DC
:201A200000B20BE00A680A6052F8040B0A6040B204E00A680A6052F8040B0A60C117704766
:201A40002DE9F44F0D4694B0D5F830A0BAF1000F804648BF6FF0004A01F07CF9696B401837
:201A600001900FF67820D0E90023CDE9022395F83800400702D40198412805D240200DF168
:201A800010090190002609E001F06AF95FEA0009F8D14FF0FF3056E1AAEB040ABAF1010F1B
:201AA000C0F2CE801498018802AA0DF1010001F0AFF90028044600F1DE801498008810B9EF
:201AC000641E00F1D880A245C0F2BA80686901992218914280F0A2806E634042296A401A1E
:201AE000A969401A696A401AE969401AA96A461A95F83800400710D42020012E8DF800004A
:201B00000BDB374601236A462946404600F0CEFC002840F0B0807F1EF4D1D5F814B0BBF1B8
:201B2000000F4F460DD017F8011BA868C0470028A86000F0A080E86A401CBBF1010BE862F2
:201B4000F1D130208DF800002F6A012F0ADB01236A462946404600F0A9FC002840F08B807F
:201B60007F1EF4D1D5F818B0EF68BBF1000F0CD017F8011BA868C0470028A8607BD0E86A71
:201B8000401CBBF1010BE862F2D130208DF800006F6A012F09DB01236A462946404600F0A9
:201BA00085FC002867D17F1EF5D1E868A969D5F81CB04718BBF1000F0CD017F8011BA868B5
:201BC000C0470028A86056D0E86A401CBBF1010BE862F2D130208DF80000AF6A012F09DB33
:201BE00001236A462946404600F060FC002842D17F1EF5D195F8380040070DD52020012ED5
:201C00008DF8000008DB01236A462946404600F04DFC80BB761EF6D100266E612246686996
:201C20000DF101014844FCF7C7FF6869201868611498801C1490801E008800287FF42CAF05
:201C4000686B6969401A296A401AA969401A696A401AE969401AA96AA0EB010A95F83800E5
:201C6000400710D4BAF1010F0DDB5446A8682021C047A86010B94FF0FF365DE0E86A401C74
:201C8000641EE862F2D16B694A462946404600F00DFC0028EFD12C6A012C0ADBA868302172
:201CA000C0470028A860E6D0E86A401C641EE862F4D1AB69EA682946404600F0F7FB002893
:201CC000D9D16C6A012C0ADBA8683021C0470028A860D0D0E86A401C641EE862F4D1E868AB
:201CE000A969EB6942182946404600F0DFFB0028C1D1AC6A012C0ADBA8683021C0470028F3
:201D0000A860B8D0E86A401C641EE862F4D195F8380040070ED5BAF1010F0BDBA868202113
:201D2000C0470028A860A6D0E86A401CBAF1010AE862F3D16E616E6304A881451CBF484609
:201D400001F074F8304615B0BDE8F08F2DE9F343054608462F696F2808BF082405D041F0BA
:201D60002001782914BF0A2410243C26D5E90023642818BF69289046994606D100218B42BB
:201D800003DAD8F1000869EB49090020814508BF80450CD1286B50B9082C38D195F8380002
:201DA000000734D530203B2687F83B002FE0701E00900646404649462246E31701F076F859
:201DC00002F13000C0B23A2803DB9DF8041051390818B855494640462246E31701F066F808
:201DE000804689460020814508BF804503D0E868B9198842DBD3082C09D195F83800000795
:201E000005D5B85D302802D0761E3020B855B919E960C6F13C00296BA861884208DA081A3F
:201E200028624FF6EF71288F08402887BDE8F38300290ED595F8381001F01401102908D1B1
:201E4000696B6A69891A2A6A891A0E1A012EA8BF2E62BDE8F38300002DE9F24F04468EB0B9
:201E6000D4E90001CDE9020104AF9DF8380040F0200BBBF1610F0AD0206B002848BF06203A
:201E800004D408BFBBF1670F01D1012020636168C1F30A5040F2FF7290421CD1080304BF04
:201EA0002068002809D10320A0619DF8380061381A2835D30FF2386108E00320A0619DF889
:201EC000380061381A2828D30FF21C61E0680322FCF772FEBDE1012815DA204601F05DF844
:201EE000012810DB00250020BBF1610F1FD1E16830220A708A1CE2609DF83820612A0CBF3D
:201F0000782258220FE0626840F2FE3161F31E52451A62604FF0FF30E6E70FF2C851D5E79D
:201F20000FF2C851D2E74A706169891C616110B90026002584E1BBF1610F40F09880206B7B
:201F4000D4E900AB00284CBF2126461CDDE902010022002301F044F836B23ABF8BF0004066
:201F6000CDE902A0CDE902AB06F101082D1FB8F1010F8DF810200DF1110736DBDDE90201FC
:201F80000022002301F044F82FD21C2102A801F057F8DDE9020101F0DDF8A8F10708B8F1C7
:201FA000010F814609DB01F001F902460B46DDE9020101F013F9CDE90201F81D072105E041
:201FC00009F00F0200F8012D4FEA2919B9F1010F01DB491EF4D5491E5CBF002200F8012DC6
:201FE000F9D5C71DB8F1010FC8DA0DF11100391AB142B8BF0E4636B230000DF111072FD483
:20200000884206DA04A9014449780829A8BF0F2100DA002104AA024400E0761E12F80139F4
:20202000401E8B42F9D00F2904D104A901444A78521C4A70002802D504AF761C2D1D36B24D
:20204000701E0DD439180A783032D2B23A2A03DB9DF838303A3B9A18401E01F80129F2D5AA
:20206000206B002840F1EC80701E2063E8E0DDE902010022002300F0B3FF3CBF81F00041DA
:20208000CDE902012DB247F2975068434B49DFF8309190FBF1F52DB2C5F1070ABAF1010FDF
:2020A00090461CDBDDE902675FEACA7007D542464B463046394601F051F906460F46404655
:2020C000494642464B464FEA6A0A01F047F9BAF1000F80468946E7D1CDE9026724E0CAF195
:2020E000000A0026374F14E05FEACA7007D542464B463046394601F031F906460F46404687
:20210000494642464B4601F029F94FEA6A0A80468946BAF1000FE7D1DDE9020132463B468E
:2021200001F0EEF9CDE90201BBF1660F216BDFF898900CBF05F10A0006204618142EA8BF6A
:20214000132630208DF810000DF11107012E3DDBDDE9020101F014F807F1080104220A23EA
:20216000B0FBF3F303EB8307A0EB4700303001F8010C0A20B3FBF0F000EB8007A3EB47031C
:202180003033521E01F8023DE9D1083E012E01F10807DBDBDDE9020100F0F2FF01F010F8AB
:2021A00002460B46DDE9020101F018F800224B4601F0D4F8CDE90201CAE700BFA0860100FC
:2021C000000024400000F03F84D797410DF11100381A0DF1110702E0401E6D1E7F1C3978AB
:2021E0003029F9D0BBF1660F08BF691C04D0BBF1650F0CBF01210021226B8E1836B2B04241
:20220000B8BF064636B231001AD4814204DA785C3528A8BF392000DA30207A18521E00E056
:20222000761E12F80139491E8342F9D0392802D1785C401C7854002902D57F1E761C6D1CE9
:202240002DB29DF83810009533B23A46204600F003F80FB0BDE8F08F2DE9F04786B00646C5
:202260008A4690461D4601F094FA012D406A376B90F8009002DA01250FF278284AF0200047
:20228000BDF93840662808BF641C12D0672878D114F1040F7BDBBC4279DA96F83800641C7C
:2022A000000702D4BD42B8BF2F4624B23F1B48BF002724B2F068B169012C23DA4A1C3023CD
:2022C0004354012F03DA96F83800000703D5F06800F80290521CE742B8BF7C4224B260428F
:2022E0007062E719AF42B261B8BF3D46F068B3692DB2F5612A4641461844FCF75DFC781B33
:20230000B062BCE022469542084416DA2A464146FCF752FCB1696918601B012FB161706232
:2023200003DA96F83800000705D5F06800F80190F069401CF061B762A1E04146FCF73CFCE6
:20234000B06920182D1B012F03DA96F83810090703D5F16801F80090401CB0612DB2AF42FA
:20236000B8BF3D46F068B3692DB22A4608EB04011844FCF721FCB0692818B061781B70626D
:202380007DE0BAF1610F14D14FF0700A16E0BD4204DA96F83810090758BF2F467F1E48BF3E
:2023A0000027BAF1670F14BF4FF0450A4FF0650A04E0BAF1410F08BF4FF0500AB169F36812
:2023C000481CB061012F18F8012B5A5403DA96F83810090717D5F168431CB36101F800906A
:2023E000012F10DB6D1E2DB2AF42B8BF3D46F0682DB22A4641461844FCF7DEFBB0692818BE
:20240000B061781B7062F068B1690144200081F800A004D42B20487001F1020804E02D224C
:202420004A7001F102086442002502AF08E00A22684601F0C7F9019807F8010B6D1C009C2E
:2024400021B20129F3DA022D06DA4AF02000652804BF302008F8010B4DB9302008F8010B3B
:2024600007E06D1E02A8405D303008F8010B012DF7DAF068B1690844A8EB0000F06196F808
:20248000380000F0140010280DD17069B1690818716A0818F1690818B16A0818716B884281
:2024A000BCBF081A306206B0BDE8F087F8B504460D4616461F46002077B116F8011BA8688E
:2024C000A047A86030B1E86A401CE86200207F1EF3D1F2BD4FF0FF30F2BD000000000000E7
:2024E000000000006E616E004E414E00696E6600494E4600300000000300002013F0030F40
:2025000009D0521E22BF13F8010B11F801CBB0EB0C00F3D07047121F22BF53F8040B51F8CF
:2025200004CB6045F7D0121D0AD200BA9CFA8CFCB0EB0C0038BF6FF0000088BF0120704761
:20254000521E22BF13F8010B11F801CBB0EB0C00F6D0521C08BF10467047000001684FF6E1
:20256000FE72114001600021016000214160002181600021C160B049884206D1AF490968AE
:2025800051F00F01AD4A11606CE0AD49884206D1AA49096851F0F001A84A116062E0A94972
:2025A000884206D1A549096851F47061A34A116058E0A549884206D1A049096851F4704190
:2025C0009E4A11604EE0A149884206D19B49096851F47021994A116044E09D49884206D1BF
:2025E0009649096851F47001944A11603AE09949884206D19149096851F070618F4A116042
:2026000030E09549884206D19449096851F00F01924A116026E09249884206D18F49096874
:2026200051F0F0018D4A11601CE08E49884206D18A49096851F47061884A116012E08A494A
:20264000884206D18549096851F47041834A116008E08649884205D18049096851F47021FF
:202660007E4A1160704710B4002203681A006FF30E128B680C6A23430C6923434C692343B8
:202680008C692343CC6923434C6A23438C6A23431A430260CB6843600B6883604B68C3600B
:2026A00010BC7047D0F8A43033F08073C0F8A430D0F8A43053F08073C0F8A430C9B2012956
:2026C0000CD1D0F8A0301B0A1B02C0F8A030D0F8A030D2B21343C0F8A03063E0C9B20229D8
:2026E0000DD1D0F8A03033F47F43C0F8A030D0F8A030D2B253EA0223C0F8A03052E0C9B240
:2027000003290DD1D0F8A03033F47F03C0F8A030D0F8A030D2B253EA0243C0F8A03041E09F
:20272000C9B204290DD1D0F8A03023F07F43C0F8A030D0F8A030D2B253EA0263C0F8A030D8
:2027400030E0C9B205290CD1D0F8A4301B0A1B02C0F8A430D0F8A430D2B21343C0F8A43077
:2027600020E0C9B206290DD1D0F8A43033F47F43C0F8A430D0F8A430D2B253EA0223C0F886
:20278000A4300FE0C9B207290CD1D0F8A43033F47F03C0F8A430D0F8A430D2B253EA02437B
:2027A000C0F8A430704749B2002904D0026852F00102026004E002684FF6FE731A4002600D
:2027C0007047010000200022CB0003D5284B1B681A0002E0274B1B681A000A4202D0012319
:2027E000180001E00023180040B27047C10002D51A49086001E0114908607047010000201E
:202800000022CB0003D51A4B1B681A0002E0194B1B681A000A4202D00123180001E00023B0
:20282000180040B27047C10002D50C49086001E002490860704700000800024004000240A7
:202840001C0002403000024044000240580002406C00024080000240080402400404024080
:202860001C04024030040240440402405804024000040240000002402DE9F04786B0040049
:202880000D00002600275FF000085FF000095FF0000AA8890028A246208A06004CF6FF7034
:2028A0000640E88806432682A08906004EF6F3100640A88829890843698908430643A681DB
:2028C000A08A06004FF6FF400640A8890643A682684600F0BBF82448824508D023488245CE
:2028E00005D02348824502D02248824502D10398070001E002980700A089000408D5192094
:2029000000FB07F029684900B0FBF1F0804607E0192000FB07F029688900B0FBF1F080461B
:202920006420B8FBF0F0000106003009642101FB10808146A089000409D55FEAC9003230E9
:202940006421B0FBF1F010F00700064308E05FEA091032306421B0FBF1F010F00F00064301
:20296000268106B0BDE8F0870038014000600140006401400068014049B2002904D0828973
:2029800052F40052828104E082894DF6FF731A4082817047F0B4002300240025002689B273
:2029A00040F66A17B94206000F00FFB27F09FFB23B0089B211F01F073C000127A7403D0041
:2029C000012B01D10C3604E0022B01D1103600E0143652B2002A03D037682F43376002E0D9
:2029E0003768AF433760F0BC704752B2002A03D0838A0B43838202E0838A8B438382704772
:202A00008088C005C00D70470200002089B2B1F5007F13880B4202D00123180001E00023E9
:202A2000180040B2704710B40023002489B240F66A1291420A0092B2120A130001229A4090
:202A40001400A4B2E243028010BC704770B40021002200230024DFF8A8512D6815F00C05B9
:202A600029000D00002D04D0042D06D0082D08D03FE0DFF8905105603EE0DFF8885105609C
:202A80003AE0DFF87C512D68DFF87C6135402A00DFF86C512D6815F480352B0012F0C04F6D
:202AA00006D112F47015B5F5701F01D0022500E00125C2F38346520E12F030023243AA1834
:202AC000002B05D1DFF8445105FB02F505600FE0DFF82C512D68AD0305D5DFF8305105FB73
:202AE00002F5056004E0DFF81C5105FB02F5056002E0DFF810510560DFF804512D68C5F3FE
:202B0000021529003E4D2D682D0603D5DFF80041645C00E000240568E5404560384D2D681D
:202B2000C5F301252900364D2D686D0503D5DFF8E040645C00E000244568E5408560304D3D
:202B40002D68C5F3C12529002D4D2D68AD0402D52F4C645C00E000244568E540C560284DD7
:202B60002D68C5F381352900254D2D68ED0001D551F00401274D6D5C2C00C568B5FBF4F5EA
:202B8000056170BC704749B2002905D0224A12680243214B1A6004E01F4A126882431E4BED
:202BA0001A60704749B2002905D01C4A126802431A4B1A6004E0194A12688243174B1A6085
:202BC000704749B2002905D0154A12680243144B1A6004E0124A12688243114B1A60704742
:202BE00049B2002905D00F4A126802430D4B1A6004E00C4A126882430A4B1A6070470000F3
:202C00000410024000127A0000003C6000093D00540000205C000020141002401810024030
:202C20001C1002400C10024010B4002203881A0012F441528B891B0404D5838853F4807353
:202C4000838004E083884FF6FF64234083800B884C8823438C882343CC8823430C89234378
:202C60004C8923438C896404640C2343CC8923431A430280838B4FF2FF74234083830B8A6C
:202C8000038210BC704749B2002904D0028852F04002028004E002884FF6BF731A400280E3
:202CA000704781817047808970470200002013890B4202D00123180001E00023180040B2BD
:202CC0007047F8B504460D4616461F4600F082FD3B4632462946204601B0BDE8F04000F07F
:202CE00090BD00000278C9B28A421AB11CBF10F8012FF9E718BF002070470000C9B2830755
:202D000006D0521E22D310F8013B9942F7D11FE0083A13D302F1040241EA012141EA0141B7
:202D200050F8043B121F21BF4B40A3F1013C2CEA030C1CF0803FF3D0C9B2001F083210F810
:202D4000013B521E28BF91EA030FF8D818BF0120401E704780B500F03DFD012002BD000037
:202D600070B5054605F10F00C408AFF30080E400A54232D2082C04D2082402E0083000F0E1
:202D800055F82248026811000CD1011D0A6802B31368A34238BF111DF8D310E01D68A54233
:202DA0000DD2191D0B68002BF8D11268011D00E0191D0B6893420CD01D68A542F8D361B17C
:202DC0000D682A68A2F10803A3420AD26A680A600FE000F039FD0028D0D1AFF30080002031
:202DE00070BD2B190B60121B6E685E600B681A602C60096800291DBF4A68002A091D002124
:202E00000160AFF3008005F1080070BDC861002070B504460D46164600F0DCFC32462946EE
:202E20002046BDE8704000F0DFBC000000B9704738B5A0F108042068082833D310F0070F7E
:202E400030D1AFF300801848416809B18C4203D26160446017E019464B680BB1A342FAD30D
:202E60000B68CD18AC421BD3A54204D12268D2180A600C4607E04A681AB1236823449A4200
:202E80000ED362604C60616851B12268A3188B4206D10023036008688018206048686060B1
:202EA000AFF3008031BD0000C86100201B4213D1094236D12AB18446B0FBF2F002FB10C225
:202EC000704700F0D7BCFCD30022002370470B000200002100207047904271EB030CF6D3E2
:202EE00070B5B1FA81F4B3FA83F52C1BA340C4F1200532FA05F63343A2405FF00046E6402A
:202F000002E05B085FEA3202841A71EB030524BF204629467641F4D302000B003000002159
:202F200070BD012ACFD970B5140C20D0B1FA81F4B2FA82F5C4F120046419B4F12006D6D34F
:202F4000B2405FF00044F440002502E052085FEA3303C61A71EB020E24BF304671466441D7
:202F60006D41F3D302000B002000290070BD0C46B1FBF2F102FB11452D0445EA1045B5FBC1
:202F8000F2F402FB145580B240EA0545B5FBF2F002FB105240EA044070BD30B4436803F031
:202FA00000420121C3F313034360002B04BF0368002B08D10DE00368DD0F45EA4404446082
:202FC0005B000360491E4468E302F4D5C4F31303436043681A434260084630BC7047000067
:202FE0004FF4001C1CEB410F94BF1CEB430F09E041EA030C50EA4C0C52EA0C0C03D29942B6
:2030000008BF9042704714BF8B428242704700004FF4001C1CEB410F94BF1CEB430F09E0FA
:2030200041EA030C50EA4C0C52EA0C0C03D28B4208BF8242704714BF994290427047000055
:2030400070B504460D466068C0F30A5040F2FF71884207D16068000304BF2068002817D070
:20306000022070BD20B92046FFF797FF012866DA012D0FDB40F2FF71091A8D420AD360687C
:2030800000284CBF9FED2F0B9FED300B84ED000B012070BD4142A942616806DA6FF31E51BE
:2030A000401941EA0050606040E0401E63684519012205F1350062F31F53352801F0004131
:2030C000636003D361600020206070BD002015F11F0F04DA206823600022203562606A42A7
:2030E00012D0401E25688041C2F12003C0439D4045EAD07025686668D54006FA03F32B4349
:2031000023606368D340636062680A43B0F1004F626003D80DD12078C0070AD52068401CE7
:203120002060206828B96068401C60604FF0FF3070BD6068884204BF20680028F6D100203B
:2031400070BD00BF000000000000F0FF000000000000F07FF446400D40EAC120490006D272
:2031600000F014F8004248BF6FF00040604700F00DF84FF0004188428CBF084640426047C3
:20318000400D40EAC120490080F00D8040F00040490DA1F58061491C05D4D1F11F0154BF21
:2031A000C840C01770474FF000007047010040F10980F446404200F005F851F000416047F6
:2031C000010000BF09D0B0FA80F18840C91CC1F58461090501EBD02140057047F0B44FF029
:2031E000004591EA030F44BF6B4000F045BB00BF841A71EB030604D26E40001BB1411219E1
:2032000073414FF4001C1CEB410F34BF7CEB430684E00C0DA4EB1356362E7DDC012E43DC21
:2032200045EAC32343EA525312BFD20292025B08240545EAC12141EA5051D2EBC02099418E
:2032400025D407D1B0FA80F610FA06F164D00020203608E0B1FA81F6B140C6F1200220FAE4
:2032600002F21143B0404FEAF474B4EB465434F001064FEA74040AD8D6F50016760D04F026
:203280000044F04061FA06F25040F1404840C00A40EA415021F0004128BF5FEA500550F181
:2032A000000044EBD12137E045EAC323DB0A45EAC121C90AB6F120050EDD42EA0242120CB3
:2032C000C5F1200603FA06F6EB4042EA06056D42984161F100010DE062FA06F5F2405540D1
:2032E00063FA06FC82EA0C02F3405A406D42904161EB030111F4801F05D1641E620502D023
:203300006D004041494121F48011430875F1004350F1000041EB0451F0BC70471CEB410F1F
:2033200015D223F0004352EA43060BD04FEA4C0CBCEB410F04D80C0D661E342EB7DDEBE727
:20334000801A994150EA410608BF0021E4E708BF1CEB430F28BF6FF00001DDE7B0B581EACA
:20336000030C0CF0004C40F2FF7515EA11541DBF15EA1357AC42AF4239E0E41923EA45530D
:2033800043F48013C90241F0004141EA505EC7021100A7FB020200284FF00000EEFB01205C
:2033A0004FF00001E3FB072118BF42F00102401800214941E3FB0E01A4F580640F0302D268
:2033C00052004041494154F101046CDD470872F1004250F1000051EB0451A1F580115CBFF5
:2033E00041EA0C01B0BD4CEA05510020B0BD05EA1357AC4214BFAF4241E050EA410E1CBF7F
:2034000052EA430E02E061460020B0BD24423C441BD15FEA070EF6D0090302BF01460020DF
:20342000AEF1140EB1FA81F7AEEB070401FA07FE0C37C7F1200100FA07F7C8404EEA000EA2
:2034400023EA455343F48013A2E733F00043B3FA83F704BFB2FA82FE77440B3FE41BB7F14C
:20346000200E2FBF02FA0EF3BB40C7F1200E22FA0EFE38BF43EA0E03BA40641C82E750EAD8
:20348000410E14BF52EA430E6FF000014FF4001717EB430F8ABF194617EB410FB5E74CEAA3
:2034A00005510020B0BDD4F10104B4F120070FDAC4F12007520828BF42F0010210FA07F552
:2034C00001FA07F7E1BF2A43E0403843E1400FE0352C98DCC7F1200452EA400220FA07F2F9
:2034E00018BF42F0010231FA07F0A1400A43002172F1004250F1000051EB0C01B0BD0000B3
:203500002DE9F04140F2FF7581EA030C0CF0004C15EA11541DBF15EA1357AC42AF42E9E0AB
:20352000BC41C1F31301C3F31303801A994143F4801304D2641E4000494180185941C9029D
:2035400041EA5051B1FBF3F603FB1611A2FB0675D7EBC020A94102D2761E80185941C902DC
:2035600041EA5051B1FBF3FE03FB1E11A2FB0E75D7EBC020A94103D2AEF1010E8018594154
:20358000890241EA9051760546EA8E2EB1FBF3F603FB1611A2FB0675D7EB8020A94102D23B
:2035A000761E80185941C90241EA50514EEA060EB1FBF3F603FB1611A2FB0675D7EBC020EE
:2035C000A94102D2761E80185941C90241EA5051B1FBF3F703FB1711A2FB0735D3EBC0209D
:2035E000A94167F100070CBF004247F0010766F3D5274FEA1E31B80814F5806414DDBD07F7
:2036000075F1004250EB0E5051EB045111F5801F5CBF41EA0C01BDE8F0814CF07F6141F07D
:20362000E0410020BDE8F081BD076D0840EA0E5041F48011D4F10104B4F120060ADAC4F17E
:2036400020060200E04001FA06F3E1401843B24015430EE0342C14DCC6F1200445EA4005DB
:203660006D0820FA06F2154321FA06F0A1400D43002175F1004250F1000051EB0C01BDE831
:20368000F08100205FEA0C01BDE8F081CFB992185B41B3FA83F704BFB2FA82F6BF190B3F2F
:2036A000B7F120062FBF02FA06F3BB40C7F1200622FA06F638BF3343BA401CB1E419641EB5
:2036C0002FE77F4231F00041B1FA81F404BFB0FA80F6A4190B3CB4F120062FBF00FA06F100
:2036E000A140C4F1200620FA06F638BF3143A0403C1B16E7AC421ABF05EA1357AF4214E054
:2037000050EA41061CBF52EA4306BFE750EA4107304661461CBF41EA0551BDE8F08152EAD5
:20372000430C08BFC143BDE8F08100204FF4001616EB410F98BF16EB430F08BF16EB410FCD
:2037400024BFC14305E016EB430F0CBF61464CEA0551BDE8F081000080B5134800F0F6F8C8
:203760000FF24C020FF244010160426241600FF24402826381600FF24402C1600161416195
:2037800081618162C16201634163C2630164416401BD10B5044800F0D9F80446206808B9E7
:2037A000FFF7DAFF204610BD64000020000000002E00000066616C7365000000747275658A
:2037C0000000000091FBF2F303FB1211C0E900317047000080B5DFF80C0000F0B7F8806926
:2037E00002BD0000F400002030B430B90FF24800D0E90045C2E900451BE00170012030BC79
:20380000704730B431B90FF23800D0E90045C3E900450EE01AB930BC6FF00100704708B17E
:203820000A7802800978481E804130BCC043C00F7047002030BC70470000000000000000A4
:2038400000000000000000000749086808B1002070470648C008C00008600549C908C900F2
:20386000091A0160704700BF606200206F1100206819002070470000841A71EB030603D29C
:20388000001BB141121973414FF4001C1CEB410F34BF7CEB430443E00C0DA4EB1356352E4E
:2038A00050DC45EAC323DB0A45EAC121C912B6F120050DDD63FA05F6EB4086EA03051242F1
:2038C00018BF45F00105C01851F100010CD213E062FA06F5F2405540F3415A40B340F340D8
:2038E0005A408018594107D349085FEA30005FEA350528BF45F0010501F58011420875F17C
:20390000004250F1000041EB0451F0BC4FF4001C1CEB410F38BF70470020090D0905704798
:203920001CEB410F10D252EA43060BD0BCEB410F05D80C0DAB43661E342EB5DD02E0AB43CB
:2039400080185941F0BC7047F0BC7047704700000000FC242424FC252624FC242424040079
:2039600040308F80844C55252525554C80808000804020908886808080838C102040800016
:20398000008040201807004080403F000000000000080808080828C40404040604000000BF
:2039A000804121215191898985858383818080002030AC632018809090FF90494A4840009E
:2039C000226722121212404020130C142241F800003E22E2223E0010885724548C00000043
:2039E000407E403F22220001FE424242FE010100008060F807003E2222E222223E000000BC
:203A0000010000FF2011090503FF030509112000101010FF109000F888898E888888F8002D
:203A20000444827F8140300F0000000000000100001060028C00FE02F202FE00F800FF0055
:203A40000004047E018047300F10270047807F00101010FF9020984828090E2848A818002E
:203A60000242817F0040404242427E424242400040422410FF00844444447F4444440400E4
:203A8000222212120AFE42270A1222324A424200002E2AAAAAAEAAFAAAAEAAAA2A2E00000D
:203AA000808080FFAAAAAAAAAAAAAAFF8080800004442414047C0506047C04142444040053
:203AC000808081414325291129254341808080000000FE0282828282FA82828282820200A2
:203AE00080601F40404040407F4040445840400080809E9292929EE0809EB2D2929E800048
:203B00000808F4949292F10001F2929494F8080000F888888888FF88888888F8000000001C
:203B2000001F080808087F888888889F80F00000004044C4444444401010FF101010F00005
:203B400000103C131014B840300E014080403F001010D0FF901000FE020202FE00000000DB
:203B6000040300FF0083601F0000003F40407800002018C744444444FC44444444040000E7
:203B80000404040704040404FF0404040404040000000000FE2222222222222222FE0000DF
:203BA000008040300F02020202020242827F0000000000FE82828282828282FE000000002D
:203BC000000000FF40404040404040FF0000000000FE20203F2000FC24E4242223E200003B
:203BE000807F0101FF80601F80412618264180000010101010D030FF30D010101010000061
:203C000010080402090808FF0808090204081000808080BEA2A2A2A2A2A2A2BE808080004D
:203C200000000006050404044484443C00000000808084980000FE9292929292FE00000033
:203C40000080403F4080BF90888182848AB1800000007C40404040FF40404040FC00000015
:203C6000007C40404040407F4040404040FC0000003E22E2223E000810FF00FFA01008005D
:203C8000407E403F22228042310F007F8081F20000F80102F09292F29292F20202FE000016
:203CA00000FF00000F04047F04040F40807F000080A0908E888888FF88888888888080009C
:203CC000000000FC44444444444444FC0000000012EAAFAAEA0FFA02888C5724548C8400D3
:203CE0000202EAAAAAABAAABAAAAAAAAEA020200101010FF109040A09E8282829EA02000BB
:203D00000444827F01008080432C102844838000000000000001E21CE0000000000000008C
:203D2000804020100C03000000030C30408080000000F8494A4C48F8484C4A49F8000000CF
:203D400010101312121212FF1212121213101000406058C66000D01010FE1010D010000062
:203D600044CE452424000704047F84848F80E0008080849800109010101010FE10101000F5
:203D80000080403F408080838090A09F808080001060028C004464544D46445464C4040041
:203DA00004047E0180403E0000FE00007E80E00000F80122202222A2FA22222202FE000021
:203DC00000FF0008040211201F000040807F000020102CE7242400E22C20BF2028E60000A1
:203DE0000101017F2111804F20100F10204F80000808080808F8898E888888880808080093
:203E000000804020180700004080403F0000000000F808080CCA494848C8080808F80000D5
:203E200000FF0000001F0808081F0040807F00001010FF1090E02F29E909E9292FE00000E4
:203E400042827F414425150D05FE0D1525454400008060F80740300FF888888888080800FA
:203E6000010000FF00000000FF080808080800001010D0FF901000FC24E4242223E200003D
:203E8000040300FF0083601F804126182641800080828282FE8282828282FE8282828000A2
:203EA000008040300F0000000000FF000000000000FC2024A8FFA82400FC4444C442400087
:203EC000003F2221202F20A3601F0000FF0000000808F94A48C84820D8171010F0101000E6
:203EE00040300F20403F8040211608162140800000000000000000000000000000000000AE
:203F0000010101010101010101010101010101008080FC96E584FC00A09E82829EA02000FB
:203F200080601F024C807F8080432C102C4380000888888888FF000000FF88888888080079
:203F40001010101010FF000000FF101010101000201808EAACA8A8AFA8A8ACEA08281800C0
:203F600000003E02020202FF020212221E0000001010D0FF90100202FE0202625AC600008F
:203F8000040300FF0043308F80432C102C438000C808090EE808405E5050DF50505E4000F9
:203FA000206F201C131000FE027F027E82FE0000008060F80700FC848484FE828382800028
:203FC000010000FF0000FF402000418E3040F8000040301E101010FF10101010100000003E
:203FE00081814121110D0301030D112141818100002020A86C2A3928A82A6CA820200000B1
:2040000002828190924A4945242210080102020090523410FF10345280708F0808F80800F4
:20402000829A566322528E008040330C334080000000FE0202F2121212F20202FE00000099
:2040400000007F2020272424242720207F00000000FC8080808000FE00804020100000003E
:2040600000FF40402020007F8180808080F0000000020C80608040300FC80808281800008C
:2040800002027E01804020180601061820408000008060F80704E4A4A4BFA4A4E4040000A2
:2040A000010000FF40407F4A4A4A4A4A7F4040004040202050484443444850202040400015
:2040C000000000FE42424242424242FE00000000008060F80710901011161010D010000060
:2040E000010000FF4040415E4040704E414040001060028C00FE02F2525A565252F2020018
:2041000004047E41300F201349817F010913200000101010D0FF901000FE22222222FE00BD
:204120000008040300FF000300FF42424242FF0000F8010600F0121212F2020202FE00004D
:2041400000FF0000001F1111111F0040807F00000000FE22222101403E0202021E2020006A
:204160001010FF110909808147291129458380000040504E4848FF48484840F80000FF008E
:204180000000003E0202FF12221E000F40807F00100C042424242526A464240404140C0013
:2041A000020202020242827F020202020202020000FC848484FC001010101010FF101000B1
:2041C000003F1010103F0000010640807F0000000000FC2424E42424222222A36200000010
:2041E00040308F8040402314081422414080800000FE225A8600FE9292929292FE000000F4
:2042000000FF04080700FF4020030C142241400000002010E8242724A424342CE0000000D8
:20422000000080804F402018071010204F8000000484C434042F2424242F2424E4242400DF
:204240000100FF00001F1111111F40807F000000202028A8A8A8A8F8A4A4A4A624202000B8
:204260008080A0AFAAAAAAFFAAAAAAAFA08080000484C4B48C0000E40404FE424342000068
:20428000804428182720404F48484F484848400000101010FF1010F00000F8080808F80006
:2042A000008040300F40807F00007F2020207F00808084980008E82828FE2828E8080000C8
:2042C0000080403F4090898583BF838589908000040484C4A49C85868484A4C48404040087
:2042E00000808040300F0000007F808081F00000100C05555555857F8555555505140C0082
:204300000404020A09292A4C48A91902020404000000FC040404141556945434140404000C
:2043200040300F0001010141817F010101050300407C407F484840F2121AD61212F2020058
:20434000908E404F201E804F20180710204F80000014A4442434AD6624940444A414000046
:2043600008090808090909FD09090B080809080004040404F49495969494F40404040400D7
:2043800000FE02027A4A4A4A4A4A7A0282FE0000008060F80700FE02F202FE00F800FF006B
:2043A000000000FF008047300F10270047807F0002020202C23EA2222222E2020202020081
:2043C000000000782720101300003F40404078000004FF242424FF0400FC4444C442400048
:2043E00088482F0909192FC8601F0000FF000000C8B88FE8888880824222121A264280009D
:20440000081808FF0404404242427E424242400040484848FF484842A29E82A2C2BE000016
:2044200080601F207F4444404F484848484F40001060028C0000FE9292929292FE00000044
:2044400004047E01407E42427E427E42427E4000008C44B526A4640C02F21AD612F202006A
:204460001008FC4A494AFC08804F300F102FC000100C4444444445C64444444444140C008F
:204480008040201E2040407F444444444440400000000000FC4444444546444444447C004C
:2044A000004020180700FC44444444444444FC0080808080FF8080A090888482808080006C
:2044C00000000000FF40211204081020204040001010FF1010202424A47F243428262000FE
:2044E00010100F04020402FF49494949FF000000C8B88FE88888404848E85F484848400029
:20450000081808FF040400020B1222D20A060000008040300F0808E80808084828180000B2
:2045200080804020100806010608102040808000008060F807101010D0FFD01010100000A0
:20454000010000FF1008040B08FF080B0408100004047454545454FF545454547404040067
:20456000040415151555957F151515151F040400101010FF10105020D8171010F010100032
:20458000007F2121217F80402116081621408000000000E224282020202824E20000000008
:2045A000806000077282828AB28282E700106000008060F807000424242526242424040021
:2045C000010000FF000000F94949494949F90000040484E41C0724242424A4642404040025
:2045E000020100FF00020242827F0202020202008060F8878498002024A47F2434282400E2
:204600000000FF00007F241201FF494949FF00004030EF246448487F4848487F48484000EF
:2046200001017F211100FF4949494949FF0000001010D0FF9010804828090E0828488800C6
:20464000040300FF00018080432C102C4380800002FA8282FE804020504C434C50204000AC
:2046600008184884443F404458414E60584740001010D0FF905020504C434C502040400017
:20468000040300FF00414458414E60584740400000007E92929292929292929E80E000001D
:2046A000088848281E0808080808FE080808080002E222223E0000F94A4CF84C4AF900001A
:2046C000004382423E0010131212FF121213100048445352567A52D0547B52565242420098
:2046E00000009F553515151F151535559F00000080808888888888FF8888888888808000A6
:2047000020201008040201FF010204081020200008CC4A49484ACC18007F88888482E0008A
:2047200000FF121252927F00007E88888482E000809090484C57242424544C448080800024
:20474000000000FF4949497F494949FF00000000000000FE22222222FE22222222FE00001C
:204760000080601F020202027F020242827F0000404042CC002022E22222E2222220000030
:204780000080403F40A0988780809FA0A0BC800004E4252624E4042020FF20E22C20200014
:2047A000104B827E020B90601C03003F40407000404040FE404000F00080FE4020E0000067
:2047C0002060201F1010017F8180BF848887F00000002424242424FC2222222322000000DC
:2047E000020202020242827F0202020202020200101010FF1050445465C64464544440008C
:204800000444827F0182824A562322524E820200000000C04040407F48484848C80808004A
:204820000080403704041464041464040710E0000000FC040404040404040404FC0000006E
:2048400000007F2020202020202020207F000000404042CC00004A32222AF121312D000074
:204860000080403F408081BDA1A1BFA1A1BD8100002064249494BF80809FA4A4A222380048
:2048800000000000FF0A0A0A0A0A4A8A7F0000004040424458C0407F40C050484640400059
:2048A0008080402018070000003F4040404078004040C07E42424A72424242FE4040400040
:2048C00000000F080808090E4888483F0808000002FE9292FE0200101116F01413100000B1
:2048E000101F0808FF048141310D030D3141810000000202FE42820242724E40C0000000A9
:204900008040300C838041462810284641808000000000F8888C8A89888888F8000000007B
:20492000000000FF44444444444444FF0000000000080808F80808081010FF101010F00036
:20494000001030101F088848300E014080403F0004040484E43C2724242424E4040404003B
:2049600004020100FF0909090949897F00000000000040424242C27E42C24242424040002C
:2049800000804020100C0300003F4040404070000000080808080808080808080800000011
:2049A000101010101010101010101010101010000004848484848484848484848404000053
:2049C0002020202020202020202020202020200000001011161010F0101014131000000059
:2049E0008181414121110D030D1121414181810000FE02FA02FE4020D8171010F0101000B5
:204A00008047300F1067804021160816214080008080849800001010FE1010FE10100000AB
:204A20000080403F4081A199878181BF8181810000F808080808887F8808080808F80000F2
:204A400000FF0008040201000001024C807F000000E000FF10200888780F08E8080888004C
:204A6000010000FF00100C834423180718628100201008F754545454545454F4040400009F
:204A8000809090494D57252525554D45808080004042CC00001E92527E525E52D21E0000F3
:204AA00040201F20505150494A44424140404000C8B88FE888C840DE52525252DE40400041
:204AC000081808FF0424203F25251515FF10100000000002020202FE0202020202FE000087
:204AE00000004020100C030000002040201F0000100C4424148445264484142444140C00AD
:204B0000040402FE45444444444445FE020404000000020202028242F20E42820202020011
:204B20000010080402010000FF00000001020C0000020212620202FE020242320202000052
:204B400001010101010101FF01010101010101001088C42308F493F29AF6004044C444002C
:204B60000100FF001097543F54971040807F0000000888C8A99A8888680800F80000FF00AF
:204B800000909048241219244280000F40807F00000000FE92929292929292FE0000000030
:204BA00040424458407F4040407F40504846400040404242424242C2424242424240400025
:204BC000201008060040807F0000000204083000808084980000F848484C4A4848780000D8
:204BE0000080403F4080BF92929292929292BE0000E000FF10200404844424140C04000054
:204C0000010000FF000038464140404040407800404042CC0040A09E8282829EA02020000D
:204C20000000003F908840432C102846418080004042CC0000E2222A2AF22A2622E00000C5
:204C400080403F4080FF898989BF89A9C9BF8000404042CC008282FE828202FE000000006E
:204C60000000007F201000FF0000000F3040F800404042CC009090909090FF10111610006B
:204C80000000003F1028603F1010010E3040F000000000F8A8A8ACAAA8A8A8F800000000E1
:204CA000806000077282828AB28282E70010600080884848281808FE081828484888800042
:204CC000808080BF95959595959595BF8080800020222A2AAA6A3A2E292929292920200024
:204CE00008040201FF555555555555FF00000000202020BEAAAAAAAAAAAAAABE20202000C7
:204D0000008080AFAAAAAAFFAAAAAAAF8080000020C20C80027A4A4A7E4A7E4A4A7A020066
:204D200004047E0144251545857D050515254400808084980010D25470505054D210000007
:204D40000080403F4080BF9595959595BF80800000F808FF08F800027A4A4A4A7A02020056
:204D6000000F00FF080F00FF49497F4949FF0000002010E824272424E424342C20E000005A
:204D80000080601F090909097F090949897F0000002030AC633000FE021222C23202FE0057
:204DA00000226722121200FF0804030047807F00808084980000F8484848444446C4000052
:204DC0000080403F40B08FA0918A848A91A08000404042CC0000008484848484FC000000BD
:204DE0000000007F2010003F40404040414070008080829292929292929292FE8080800044
:204E0000404022241048807F040818242240400080FE8282FE80FE8282FE8000F800FF0014
:204E2000403F0020BF403F40807F00004F807F0000FE225A8620102824E32428102020000D
:204E400000FF040827110D41817F010509310000008060F80780601C1010FF101010000057
:204E6000010000FF000202020202FF0202020200809090484C5724E424544C448080800006
:204E8000004222120A42827F02020A12224200004042CC0000445454547F5454544440003E
:204EA00000007F201000FF15151555957F00000088681FC80810C85452D1129408D01000E0
:204EC000091909FF0500FF1292FF005F807F00000000181610D0B897909090929410000060
:204EE0000020108C8380414628102844438080000080603C202020FE20202020202000004B
:204F000081808484848484FF8484848484808000001060020CC000E22C203F2028E6000090
:204F20000004047C030000FF09090949897F000000083000FF20202020FF2020222C20001B
:204F400004040201FF8040300E01061820408000000808088848A81E28488808080800008C
:204F60008272010178808085988080E1091262000008488808C83800901010FF1010100089
:204F80000020100C030418000043807F000000000474D454FF54D47414087784443C04009E
:204FA000828988E88B8888F9A8AAA9A8A98A820000404040FF2020200404FC040404FC005F
:204FC000000000001F0884422018074080403F00101010FF902010E82724E4342CE0000020
:204FE0000242817F00848447241C071C2447840000FE0202021222428242221A020200004E
:20500000007F4040484442414041424C4040400000FE0212929292FE9292921202FE000025
:2050200000FF40405F48484848485F4040FF0000008060F807000000FF40201008040000F2
:20504000010000FF000402013F404040404078000000F8888888880808FF08090AC8080040
:2050600080601F0010201F80402116182641F800404042CC00002024A4243FA424A46000CF
:205080000000007F2010888A4C29180F1828C8000202FE929292FE0206FC040404FC0000E9
:2050A00008180F080804FF048440271827408000108C4404E40495A64424148444940C00D5
:2050C00002027A414143427E42424243F80000000484E45C44C40002F2828282FE80800084
:2050E00002017F10103F00080808084888403F000000202010081467844424140C00000081
:205100000004040402FE43434242424242FE00002424A4FE232240300F08C80808281800E7
:20512000080601FF0102100C43807F0001061800000022322AA6A2622111098101000000FC
:20514000004222130B42827E02020A12234600002030AC63300088C8A8998E88A8C88800D4
:2051600022672212128040300F00003F404071000020102CE7242400F01010FF1010F00087
:20518000000101017F211100070202FF0202070000020CE04020F84F4849FE484848080042
:2051A00004047F000000FF2222223F22222220001060028C0084E41C05C6BC2424E4040005
:2051C00004047E010000FF824126182946818000000000007F49494949497F00000000006D
:2051E00000FF49494949FF00FF49494949FF00000000FE0202020202020202020202020055
:2052000080601F000000000000000000000000002424A4FE232200C03800FF0008106000F1
:20522000080601FF01068180404027100C030000008282BAAAAAAAABAAAAAABA82828000EF
:205240000241545454547CAAAAAAAAAAA082E10000FE0222428272022242827202FE000038
:2052600000FF100806010E100806014E807F0000404040FE404000F00000FE8080800000EA
:205280002060201F109080FF8080FF80808080004042CC0000809E92929292929E800000CD
:2052A00000007F2094844424140F142444848400808888FF888880FE0202F20202FE000013
:2052C0004020180708B040231806017E8083E000002030AC63201820900C0B080808F80046
:2052E00000226722121212000001064080403F00000000000000FE80808080808000000089
:20530000808080808080FF808080808080808000808084980010121C10F0101816100000E6
:205320000080403F4081A1918D838589B181810004E4242464A4243F24A4642424E40400B3
:2053400000FF00080909097F09090948807F000040445465C664544400FC4444C442400081
:2053600020124A827F020A92601F0000FF000000000808E82828283E282828E80808000076
:20538000808080FF95959595959595FF80808000404444FC4444FC444400F80000FE000036
:2053A00088849390909093FC90909092948380004042CC0000829292F29E9292F28280009A
:2053C00000007F201000FC4444444444FC0000000404242424242526242424242404040033
:2053E0000000F9494949494949494949F90000000000F010101010FF10101010F0000000CB
:2054000000000F04040404FF040404040F00000008080838C808090E0808C83808080800F0
:205420008080404020110A040A1120404080800000023AAA6A3F2A2A2AFF2AAA2EE0000004
:205440000002819E4242221A2222425E81000000884828090A28488880708F0808F8080074
:205460004020110A040B30804020130C334080000000E28282828282828282FE0000000090
:2054800000003F404040404040404040407800002038E730007CD655547C20D817F01000E0
:2054A0002227121280621E4B8A7A806718678000000004FF242424FF0400FE222222FE0076
:2054C0000088482F090919AF48300F0242827F0000083000FF008884532212CA060000008D
:2054E00004040201FF00020A1242827F02020200000000FE2222222222E222227E000000EF
:205500001008060110102222448001020408080000E000FF1020080808FF0808F8000000FF
:20552000010000FF008141310D030D3141818100404042CC00202222A2622222222000006B
:205540000040201F20444E4544444445464C4000001088C4330040424242C2424242400095
:20556000020100FF0000000040807F000000000000080889EA1888000404FC040404FC00BB
:2055800000020100FF0186402018074080403F001010F01F10F00040E05847405060C00026
:2055A0004022150816210000FE42424242FE00000000007F494949494949497F0000000034
:2055C0008141211D214181FF898989898981810000028282422212FA062222424282000074
:2055E000010100FC44444445444444FC0000010000101010101012F410101010101000001D
:2056000080808282828282FF8282828282808000040444C44F4444C424242FB42404040075
:2056200040442424150C04FE040C1524244440008060DE484800C83820A8A8FEA8F820000E
:205640000202FF42A24D314F888A8ABF8A8A8800404040404040FF44444444444440400008
:20566000000000000000FF000002040810000000008060F80708080809FA080808080000F3
:20568000010000FF40414141417F4141414140000484E45C44C42010E82724E4342CE000AC
:2056A00002017F10103F80601F09093F49897F00404042CC0000000000FF000000000000DB
:2056C0000000003F90482018070007182040800008080808C8380F08080808080808080006
:2056E00008040201FF41414141414141FF000000020202020202FE020242820202020200FC
:20570000000000000000FF0000000001060000001010101010F01E101010101010101000A5
:205720004020908C83828282FE8282828280800000FC0000FF0004848484848484FC0000CB
:20574000008740300F00202020202020207F00004020F807F0A0904C5724A4544C8080005A
:205760000000FF001F80925249292412080000000484848484FC4030CC0B0808F808080088
:20578000007F2010100880402116081621408000008060F8072020207FA010111610100097
:2057A000010000FF0000000000030C102040F80000040404FF5454545454FF0404040000B8
:2057C00011118985939191FD919193858911110000101092543010FF103054921010000077
:2057E0008485454424140C060C14244445848400000090884C57A42454548C8400000000BD
:2058000001018042221A07024282423E010101000000C000E002041800C0300C40800000BE
:20582000088641203F4844424140407800010E00101010FF9020988888E98E8888A89800D6
:205840000242817F000080844B28102847800000000202F2121212F2020202FE0202020066
:205860000000000F0404040F0040807F0000000000FC00000204180000807F0000000000A6
:20588000003F1008844020100C03081020C00000004042CC0000FE829292FE929282FE0022
:2058A0000000003F10887F001E1212125E807F00044444445F44C44444445F44C40404006F
:2058C000000000000000FF00000810080700000000101011F61010101010F4131010000004
:2058E000028242320F0202020202FF0202020200406058C62000FC90A080FE80A090000058
:2059000044CE45242400FF888482FF828488800008C8B88FE8888840300FC80828180000B0
:2059200008180808FF048440300E010E30408000504847FC444440080808FF0808F8000071
:20594000003E201F107E8141310D030D314181000000108886C0C0A0AF9090888284080096
:2059600000010100FF4A4A4A4A4A4A4A4AFF000000000000000000000000000000000000D7
:20598000000000000000000000000000000000000000000000000000000000000000000007
:2059A0000000000000000000000000000000000000000000000000000000000000000000E7
:2059C0000000000000000000000000000000000000000000000000000000000000000000C7
:2059E0000000000000000000000000000000000000000000000000000000000000000000A7
:205A0000000000000000000000000000000000000000000000000000000000000000000086
:205A2000000000000000000000000000000000000000000000000000000000000000000066
:205A4000000000000000000000000000000000000000000000000000000000000000000046
:205A6000000000000000000000000000000000000000000000000000000000000000000026
:205A8000000000000000000000000000000000000000000000000000000000000000000006
:205AA0000000000000000000000000000000000000000000000000000000000000000000E6
:205AC0000000000000000000000000000000000000000000000000000000000000000000C6
:205AE0000000000000000000000000000000000000000000000000000000000000000000A6
:205B0000000000000000000000000000000000000000000000000000000000000000000085
:205B2000000000000000000000000000000000000000000000000000000000000000000065
:205B4000000000000000000000000000000000000000000000000000000000000000000045
:205B6000000000000000000000000000000000000000000000000000000000000000000025
:205B8000000000000000000000000000000000000000000000000000000000000000000005
:205BA0000000000000000000000000000000000000000000000000000000000000000000E5
:205BC0000000000000000000000000000000000000000000000000000000000000000000C5
:205BE0000000000000000000000000000000000000000000000000000000000000000000A5
:205C0000000000000000000000000000000000000000000000000000000000000000000084
:205C2000000000000000000000000000000000000000000000000000000000000000000064
:205C4000000000000000000000000000000000000000000000000000000000000000000044
:205C6000000000000000000000000000000000000000000000000000000000000000000024
:205C8000000000000000000000000000000000000000000000000000000000000000000004
:205CA0000000000000000000000000000000000000000000000000000000000000000000E4
:205CC0000000000000000000000000000000000000000000000000000000000000000000C4
:205CE0000000000000000000000000000000000000000000000000000000000000000000A4
:205D0000000000000000000000000000000000000000000000000000000000000000000083
:205D2000000000000000000000000000000000000000000000000000000000000000000063
:205D4000000000000000000000000000000000000000000000000000000000000000000043
:205D6000000000000000000000000000000000000000000000000000000000000000000023
:205D8000000000000000000000000000000000000000000000000000000000000000000003
:205DA0000000000000000000000000000000000000000000000000000000000000000000E3
:205DC0000000000000000000000000000000000000000000000000000000000000000000C3
:205DE0000000000000000000000000000000000000000000000000000000000000000000A3
:205E0000000000000000000000000000000000000000000000000000000000000000000082
:205E2000000000000000000000000000000000000000000000000000000000000000000062
:205E4000000000000000000000000000000000000000000000000000000000000000000042
:205E6000000000000000000000000000000000000000000000000000000000000000000022
:205E8000000000000000000000000000000000000000000000000000000000000000000002
:205EA0000000000000000000000000000000000000000000000000000000000000000000E2
:205EC0000000000000000000000000000000000000000000000000000000000000000000C2
:205EE0000000000000000000000000000000000000000000000000000000000000000000A2
:205F0000000000000000000000000000000000000000000000000000000000000000000081
:205F2000000000000000000000000000000000000000000000000000000000000000000061
:205F4000000000000000000000000000000000000000000000000000000000000000000041
:205F6000000000000000000000000000000000000000000000000000000000000000000021
:205F8000000000000000000000000000000000000000000000000000000000000000000001
:205FA0000000000000000000000000000000000000000000000000000000000000000000E1
:205FC0000000000000000000000000000000000000000000000000000000000000000000C1
:205FE0000000000000000000000000000000000000000000000000000000000000000000A1
:20600000000000000000000000000000000000000000000000000000000000000000000080
:20602000000000000000000000000000000000000000000000000000000000000000000060
:20604000000000000000000000000000000000000000000000000000000000000000000040
:20606000000000000000000000000000000000000000000000000000000000000000000020
:20608000000000000000000000000000000000000000000000000000000000000000000000
:2060A0000000000000000000000000000000000000000000000000000000000000000000E0
:2060C0000000000000000000000000000000000000000000000000000000000000000000C0
:2060E0000000000000000000000000000000000000000000000000000000000000000000A0
:2061000000000000000000000000000000000000000000000000000000000000000000007F
:2061200000000000000000000000000000000000000000000000000000000000000000005F
:2061400000000000000000000000000000000000000000000000000000000000000000003F
:2061600000000000000000000000000000000000000000000000000000000000000000001F
:206180000000000000000000000000000000000000000000000000000000000000000000FF
:2061A0000000000000000000000000000000000000000000000000000000000000000000DF
:2061C0000000000000000000000000000000000000000000000000000000000000000000BF
:2061E00000000000000000000000000000000000000000000000000000000000000000009F
:2062000000000000000000000000000000000000000000000000000000000000000000007E
:2062200000000000000000000000000000000000000000000000000000000000000000005E
:2062400000000000000000000000000000000000000000000000000000000000000000003E
:2062600000000000000000000000000000000000000000000000000000000000000000001E
:206280000000000000000000000000000000000000000000000000000000000000000000FE
:2062A0000000000000000000000000000000000000000000000000000000000000000000DE
:2062C0000000000000000000000000000000000000000000000000000000000000000000BE
:2062E00000000000000000000000000000000000000000000000000000000000000000009E
:2063000000000000000000000000000000000000000000000000000000000000000000007D
:2063200000000000000000000000000000000000000000000000000000000000000000005D
:2063400000000000000000000000000000000000000000000000000000000000000000003D
:2063600000000000000000000000000000000000000000000000000000000000000000001D
:206380000000000000000000000000000000000000000000000000000000000000000000FD
:2063A0000000000000000000000000000000000000000000000000000000000000000000DD
:2063C0000000000000000000000000000000000000000000000000000000000000000000BD
:2063E00000000000000000000000000000000000000000000000000000000000000000009D
:2064000000000000000000000000000000000000000000000000000000000000000000007C
:2064200000000000000000000000000000000000000000000000000000000000000000005C
:2064400000000000000000000000000000000000000000000000000000000000000000003C
:2064600000000000000000000000000000000000000000000000000000000000000000001C
:206480000000000000000000000000000000000000000000000000000000000000000000FC
:2064A0000000000000000000000000000000000000000000000000000000000000000000DC
:2064C0000000000000000000000000000000000000000000000000000000000000000000BC
:2064E00000000000000000000000000000000000000000000000000000000000000000009C
:2065000000000000000000000000000000000000000000000000000000000000000000007B
:2065200000000000000000000000000000000000000000000000000000000000000000005B
:2065400000000000000000000000000000000000000000000000000000000000000000003B
:2065600000000000000000000000000000000000000000000000000000000000000000001B
:206580000000000000000000000000000000000000000000000000000000000000000000FB
:2065A0000000000000000000000000000000000000000000000000000000000000000000DB
:2065C0000000000000000000000000000000000000000000000000000000000000000000BB
:2065E00000000000000000000000000000000000000000000000000000000000000000009B
:2066000000000000000000000000000000000000000000000000000000000000000000007A
:2066200000000000000000000000000000000000000000000000000000000000000000005A
:2066400000000000000000000000000000000000000000000000000000000000000000003A
:2066600000000000000000000000000000000000000000000000000000000000000000001A
:206680000000000000000000000000000000000000000000000000000000000000000000FA
:2066A0000000000000000000000000000000000000000000000000000000000000000000DA
:2066C0000000000000000000000000000000000000000000000000000000000000000000BA
:2066E00000000000000000000000000000000000000000000000000000000000000000009A
:20670000000000000000000000000000000000000000000000000000000000000000000079
:20672000000000000000000000000000000000000000000000000000000000000000000059
:20674000000000000000000000000000000000000000000000000000000000000000000039
:20676000000000000000000000000000000000000000000000000000000000000000000019
:206780000000000000000000000000000000000000000000000000000000000000000000F9
:2067A0000000000000000000000000000000000000000000000000000000000000000000D9
:2067C0000000000000000000000000000000000000000000000000000000000000000000B9
:2067E000000000000000000000000000000000000000000000000000000000000000000099
:20680000000000000000000000000000000000000000000000000000000000000000000078
:20682000000000000000000000000000000000000000000000000000000000000000000058
:20684000000000000000000000000000000000000000000000000000000000000000000038
:20686000000000000000000000000000000000000000000000000000000000000000000018
:206880000000000000000000000000000000000000000000000000000000000000000000F8
:2068A0000000000000000000000000000000000000000000000000000000000000000000D8
:2068C0000000000000000000000000000000000000000000000000000000000000000000B8
:2068E000000000000000000000000000000000000000000000000000000000000000000098
:20690000000000000000000000000000000000000000000000000000000000000000000077
:20692000000000000000000000000000000000000000000000000000000000000000000057
:20694000000000000000000000000000000000000000000000000000000000000000000037
:20696000000000000000000000000000000000000000000000000000000000000000000017
:206980000000000000000000000000000000000000000000000000000000000000000000F7
:2069A0000000000000000000000000000000000000000000000000000000000000000000D7
:2069C0000000000000000000000000000000000000000000000000000000000000000000B7
:2069E000000000000000000000000000000000000000000000000000000000000000000097
:206A0000000000000000000000000000000000000000000000000000000000000000000076
:206A2000000000000000000000000000000000000000000000000000000000000000000056
:206A4000000000000000000000000000000000000000000000000000000000000000000036
:206A6000000000000000000000000000000000000000000000000000000000000000000016
:206A80000000000000000000000000000000000000000000000000000000000000000000F6
:206AA0000000000000000000000000000000000000000000000000000000000000000000D6
:206AC0000000000000000000000000000000000000000000000000000000000000000000B6
:206AE000000000000000000000000000000000000000000000000000000000000000000096
:206B0000000000000000000000000000000000000000000000000000000000000000000075
:206B2000000000000000000000000000000000000000000000000000000000000000000055
:206B4000000000000000000000000000000000000020DFF8781C08800020DFF8741C088013
:206B60000020DFF8701C08700020DFF86C1C0870704780B5DFF8641CDFF8640CF9F7AEF803
:206B8000DFF8481C0880DFF8440C008800285CD0DFF8480C0078582831D1DFF8400CC079AE
:206BA00058282CD1DFF8240C0288DFF8301CDFF8340C007902F09CFC00285DD002F0F8FC4F
:206BC000DFF8242CDFF8141CDFF8180C007902F0F1FCDFF8FC1B0880DFF8F40B0288DFF887
:206BE000081CDFF8FC0BF9F7C0F80020DFF8E01B0880F5F78CFC0D20F4F70BFC3CE0DFF8EB
:206C0000DC0B0078512809D1DFF8C00B0088012804D10120DFF8D41B08702DE000F0B8FB8B
:206C2000002829D000F0D8FBDFF8A40B0288DFF8B81BDFF8AC0BF9F798F80020DFF8901B06
:206C400008800D20F4F7E5FB16E0DFF8A00B007800280ED00020DFF8941B0870DFF8902B0E
:206C6000DFF8841BDFF8740B00F008F8DFF8601B08800D20F4F74AFC01BD00002DE9F04715
:206C80002DED028B88B004000E0015004FF47A71DFF8540BF5F7FEFFDFF84C0B0600DFF896
:206CA000540B0278DFF8501B3000F6F783FBADF81A00BDF81A00DFF81C1E0880DFF8140EFE
:206CC00000880644DFF8341B3000F6F773FBADF81A00DFF8000E0088BDF81A100818DFF82F
:206CE000F41D0880BDF81A000644DFF8F80A8079002800F0A1800020ADF81800BDF818002D
:206D0000DFF8F01A097889B2884280F03681DFF8F00ABDF8181009010844F8F7D3FCADF87E
:206D20001C00DFF8DC0ABDF8181009010844801DF8F7C8FCADF81E00DFF8C40ABDF81810B2
:206D400009010844C07A012803D19FEDE40AB0EE408ADFF8AC0ABDF8181009010844C07ACA
:206D6000002803D1B7EE000AB0EE408ADFF8900ABDF8181009010844C07A022803D1B7EE7F
:206D8000000AB0EE408ADFF8780ABDF8181009010844C07A032803D19FEDDF0AB0EE408ADF
:206DA000DFF85C0ABDF8181009010844C07A042803D19FEDDA0AB0EE408ABDF81870BDF85F
:206DC0001E80BDF81890BDF81CA018EE100AF6F7C5FACDE90401DFF8280ABFB239010844C0
:206DE000801D02901FFA88F8CDF80480DFF8100A1FFA89F95FEA0911084400901FFA8AFA1A
:206E00005346BDF81820DFF8D01C3000F6F7D2FAADF81A00DFF8BC0C0088BDF81A1008185B
:206E2000DFF8B01C0880BDF81A000644BDF81800401CADF8180061E70020ADF81800BDF84E
:206E40001800DFF8B019097889B2884280F09580DFF8AC09BDF8181009010844F8F732FC93
:206E6000ADF81C00DFF89809BDF8181009010844801DF8F727FCADF81E00DFF88409BDF81B
:206E8000181009010844C07A012803D19FEDDC0AB0EE408ADFF86809BDF8181009010844E8
:206EA000C07A002803D19FEDD70AB0EE408ADFF85009BDF8181009010844C07A022803D12C
:206EC0009FEDD10AB0EE408ADFF83409BDF8181009010844C07A032803D19FEDCC0AB0EE63
:206EE000408ADFF81C09BDF8181009010844C07A042803D19FEDE40AB0EE408ABDF8187040
:206F0000BDF81E80BDF81890BDF81CA018EE100AF6F724FACDE90401DFF8E408BFB23901FC
:206F20000844801D02901FFA88F8CDF80480DFF8D0081FFA89F95FEA0911084400901FFA52
:206F40008AFA5346BDF81820DFF8901B3000F6F731FAADF81A00DFF87C0B0088BDF81A10D9
:206F60000818DFF8701B0880BDF81A000644BDF81800401CADF8180061E74022DFF8601B0C
:206F80003000F6F717FAADF81A00DFF8480B0088BDF81A100818DFF83C1B0880BDF81A00CE
:206FA0000644DFF8401B3000F6F704FAADF81A00DFF8200B0088BDF81A100818DFF8141BEC
:206FC0000880BDF81A0006440020ADF81800BDF81800102853DABDF81800DFF80C1B0978B5
:206FE00089B2884230D2DFF8040B0068BDF81810112251430844401CF8F764FBADF81C00E1
:20700000BDF81800BDF81C30DFF8E01A096880B2112250430844401C00909BB2BDF81820F6
:20702000DFF8CC1A3000F6F7C5F9ADF81A00DFF8A40A0088BDF81A100818DFF8981A0880DC
:20704000BDF81A00064414E0BDF81820DFF8A41A3000F6F7AFF9ADF81A00DFF8780A00883C
:20706000BDF81A100818DFF86C1A0880BDF81A000644BDF81800401CADF81800A7E700207F
:20708000ADF81800BDF81800102860DABDF81800DFF8641A097889B2884233D2DFF85C0A0A
:2070A0000068BDF818100C2251430844F8F70AFBADF81C00BDF81800BDF81C30DFF83C1ACD
:2070C000096880B20C225043084400909BB2BDF8180010F11002DFF8181A01E0CDCCCC3DB7
:2070E0003000F6F767F9ADF81A00DFF8E8090088BDF81A100818DFF8DC190880BDF81A00E2
:2071000006441EE00420ADF81C00BDF8180010F11002DFF8EC1903E00AD7233C6F12833A25
:207120003000F6F747F9ADF81A00DFF8A8090088BDF81A100818DFF89C190880BDF81A0041
:207140000644BDF81800401CADF818009AE70020ADF81800DFF87C090088FF2190FBF1F031
:20716000401CBDF81810814230DADFF868090088BDF81810FF2202FB1100FF2803DBFF2009
:20718000ADF81A0009E0DFF84C090088BDF81810FF2202FB1100ADF81A00BDF81A2092B295
:2071A000DFF84406BDF81810FF2359430144DFF83006F8F7DAFDF5F7AAF9C820F4F723FA7C
:2071C000BDF81800401CADF81800C3E7DFF8180606000020DFF8FC1808804FF47A71DFF88C
:2071E0000806F5F757FD0020ADF81800BDF81800202880F28680BDF81800DFF8041C07E02C
:20720000E5FF1F3BF9FF473DFE7FD83EDEFFC73C097889B2884274D2BDF8180000286AD046
:20722000DFF8800C0068BDF81810142251430844407C202845DBDFF86C0C0068BDF81810D8
:20724000142251430844407C40283ADADFF8540C0068BDF81810142251430844401CF8F703
:2072600031FAADF81C00BDF81800BDF81C30DFF8341C096880B2142250430844401C009089
:207280009BB2DFF8200C01E04201003A0068BDF81810142251430844427CDFF80C1C3000F8
:2072A000F6F788F8ADF81A00DFF828080088BDF81A100818DFF81C180880BDF81A00064468
:2072C00019E00420ADF81C00BDF8180010F12002DFF8D81B3000F6F76DF8ADF81A00DFF8FE
:2072E000F4070088BDF81A100818DFF8E8170880BDF81A000644BDF81800401CADF81800AF
:2073000074E70020ADF81800DFF8C8070088FF2190FBF1F0401CBDF81810814230DADFF89E
:20732000B4070088BDF81810FF2202FB1100FF2803DBFF20ADF81A0009E0DFF89807008834
:20734000BDF81810FF2202FB1100ADF81A00BDF81A2092B2DFF89004BDF81810FF23594329
:207360000144DFF87C04F8F700FDF5F7D0F8C820F4F749F9BDF81800401CADF81800C3E72C
:20738000DFF85007008808B0BDEC028BBDE8F08780B5DFF838040188DFF84004F5F762FFF4
:2073A000002801D0002016E0DFF830040078DFF8681C0870DFF824044078DFF81C14087032
:2073C000DFF820040079DFF8501C0978884201D0002000E0012002BD80B5DFF8FC03007877
:2073E000012812D002281CD0032826D0042830D005283AD006284AD00C2850D00F283ED007
:20740000102854D030285AD061E0DFF8E423DFF8D813DFF8C80300F081F8DFF8B41308807C
:207420005CE0DFF8CC23DFF8C013DFF8B00300F0E9F9DFF89C13088050E0DFF8B423DFF881
:20744000A813DFF8980300F0F7FDDFF88413088044E0DFF89C23DFF89013DFF8800300F0A7
:207460005BFBDFF86C13088038E0DFF88423DFF87813DA4800F0C6FCD54908802EE0DC4A32
:20748000D949D64800F022FDD149088026E0D84AD549D24800F00CFDCD4908801EE0D44AE8
:2074A000D149CE4801F004F9C949088016E0D04ACD49CA4801F0E4FCC54908800EE0CC4A71
:2074C000C949C64802F010F8C149088006E0C64A0121C24800F004F8BD490880002002BD85
:2074E0002DE9F04104000D00160020783070207850F080007070B57003200700390089B2EB
:207500003000F5F7AFFE804686F80380404680B2000A3071B81C80B2BDE8F0812DE9F64F01
:2075200091B004005FF000095FF0000A00250026A01CDFF8E81A0860DFF8E00A006800786C
:20754000DFF8DC1A0880DFF8D40A0068401CDFF8CC1A0860DFF8C80A00880002DFF8C01A54
:207560000880DFF8BC0A0088DFF8B01A096809780843DFF8AC1A0880DFF8A00A0068401C16
:20758000DFF8981A0860DFF8940A00680078DFF8941A0880DFF8840A0068401CDFF87C1A02
:2075A0000860DFF8800A00880002DFF8781A0880DFF8700A0088DFF8641A0968097808431C
:2075C000DFF8601A0880DFF8540A0068401CDFF84C1A0860DFF8480A0088402805DB119A90
:2075E00002212000FFF77CFFEDE0DFF8340A0088DFF8301A09880818412807DBDFF8200A4F
:207600000088D0F14000DFF81C1A088071480078754908707048007873494870DFF8040A5C
:20762000008880B2C00870498870DFF8F8090088082190FBF1F201FB1200002804D06A4864
:207640008078401C6849887003208246DFF8D0090088082190FBF1F00600032081466248DB
:207660008078F6B23018C01C814506DA00205E4901F8090019F10109F1E700208046474678
:20768000DFF8A40900780743DFF89C09407857EA0027DFF898090068008857EA0047DFF841
:2076A0009009007850EA0808DFF88409407858EA0028DFF87C09807858EA0048DFF87009BB
:2076C000C07858EA006800208146B9F1040F0ADADFF8540948440079DFF8541901F80900C1
:2076E00019F10109F1E700208146B9F1200F0ADA380030FA09F010F00100694601F80900ED
:2077000019F10109F1E700208146B9F1200F0BDA404630FA09F010F001006946494481F879
:20772000200019F10109F0E7DFF8F40800888146DFF8EC080088DFF8EC1809880818814577
:207740002ADADFF8DC080088B9EB0000082190FBF1F005005AFA85F040281DDA684610F8C6
:207760000900002815D0DFF8B8080088B9EB000008211D4A5AFA85F3D25C012390FBF1FC0A
:2077800001FB1C0013FA00F0104317495AFA85F2885419F10109CBE7134880781AEB000A52
:2077A0005046010089B21048F5F75CFD83460E4800F80AB0584680B2000A0B49514448700E
:2077C0001AF1020080B213B0BDE8F08FEE620020F06200203D6300203E630020684900204F
:2077E000003801407C610020184E00203F630020645C0020C2F60008C4E5010884E4010808
:207800007CE701082DE9F64F91B004005FF000095FF0000A00250026A01CDFF8001808604D
:20782000DFF8F80700680078DFF8F4170880DFF8EC070068401CDFF8E4170860DFF8E007A2
:2078400000880002DFF8D8170880DFF8D4070088DFF8C817096809780843DFF8C4170880E9
:20786000DFF8B8070068401CDFF8B0170860DFF8AC0700680078DFF8AC170880DFF89C07A2
:207880000068401CDFF894170860DFF8980700880002DFF890170880DFF888070088DFF86F
:2078A0007C17096809780843DFF878170880DFF86C070068401CDFF864170860DFF8600704
:2078C0000088402805DB119A02212000FFF708FEFCE0DFF84C070088DFF848170988081879
:2078E000412807DBDFF838070088D0F14000DFF834170880DFF820070078DFF8681D0870AA
:20790000DFF830070078DFF85C1D4870DFF81407008880B2C008DFF84C1D8870DFF804074B
:207920000088082190FBF1F201FB1200002806D0DFF8300D8078401CDFF8281D887003207D
:207940008246DFF8DC060088082190FBF1F0060003208146DFF80C0D8078F6B23018C01CE5
:20796000814507DA0020DFF8FC1C01F8090019F10109EFE7002080464746DFF8AC060078F1
:207980000743DFF8A406407857EA0027DFF89C060068008857EA0047DFF89406007850EAE8
:2079A0000808DFF88C06407858EA0028DFF88006807858EA0048DFF87806C07858EA006816
:2079C00000208146B9F1040F0ADADFF85C0648440079DFF85C1601F8090019F10109F1E7AA
:2079E00000208146B9F1200F0ADA380030FA09F010F00100694601F8090019F10109F1E7EA
:207A000000208146B9F1200F0BDA404630FA09F010F001006946494481F8200019F101092E
:207A2000F0E7DFF8FC0500888146DFF8F4050088DFF8F0150988081881452CDADFF8E005DB
:207A40000088B9EB0000082190FBF1F005005AFA85F040281FDA684610F80900002817D068
:207A6000DFF8BC050088B9EB00000821DFF8F42B5AFA85F3D25C012390FBF1FC01FB1C0075
:207A800013FA00F01043DFF8DC1B5AFA85F2885419F10109C9E7DFF8CC0B80781AEB000AA8
:207AA0005046010089B2DFF8BC0BF5F7DBFB8346DFF8B00B00F80AB0584680B2000ADFF8D6
:207AC000A41B514448701AF1020080B213B0BDE8F08F0000F26200202CE40108A0E401085A
:207AE000DCE50108F4E501081E630020FC6100203CE901084CE901081F630020006200202C
:207B00005CE9010802004FF4006303FB02F393FBF1F3180000B270472DE9F74F2DED028B86
:207B2000824600241AF10200DFF8F0140860DFF8EC0400680078DFF8E8140880DFF8DC0450
:207B40000068401CDFF8D4140860DFF8D40400880002DFF8CC140880DFF8C4040088DFF8C4
:207B6000BC14096809780843DFF8B4140880DFF8AC040068401CDFF8A4140860DFF89C0418
:207B800000680078DFF89C140880DFF890040068401CDFF888140860DFF8880400880002FF
:207BA000DFF880140880DFF87C040088DFF86C14096809780843DFF86C140880DFF85C0449
:207BC0000068401CDFF854140860DFF89C0A0078DFF84C14098880B2884205D2039A0221EA
:207BE0005046FFF77DFC07E1DFF87C0A0078DFF830140988DFF82C2412885118884209DA40
:207C0000DFF8640A0078DFF818140988401ADFF814140880DFF800040078DFF8481A08702E
:207C2000DFF810040078DFF83C1A4870DFF8F4030088C0B24000DFF82C1A8870DFF82C0AD2
:207C4000070000200400DFF8280A8079002800F09080DFF8CC03B0F90000060036B2DFF8BB
:207C6000C0030088DFF8BC1309880818864280F2A780DFF8000A36B231010844C07A012857
:207C800011D13868DFF8F01909684843FBF798FA0022DFF8E839FBF733FC01F039FF08EEA8
:207CA000100A3F1D4EE0DFF8CC0936B231010844C07A002811D13868DFF8C419096848437A
:207CC000FBF77EFA0022DFF8BC39FBF719FC01F01FFF08EE100A3F1D34E0DFF8980936B256
:207CE00031010844C07A022821D13868DFF8881909684843FBF75AFA0022DFF88039FBF7B2
:207D0000FFFB80468946DFF878090068FBF74EFA42464B46FBF722FB0022DFF86C39FBF722
:207D2000EFFB01F0F5FE08EE100A3F1D0AE038680A2190FBF1F000EE100AB8EEC00AB0EED2
:207D4000408A3F1DBDEEC80A10EE100A80B2000ADFF81019E4B22144C870BDEEC80A10EE7E
:207D6000100ADFF80019E4B221440871A41C761C74E7AB48B0F90000060036B2A8480088D6
:207D8000A8490988081886421ADADFF8E80836B231010844C1683868FFF7B4FE05003F1D86
:207DA000280080B2000ADFF8BC18E4B22144C870DFF8B008E4B220440571A41C761CDCE76D
:207DC000DFF8A0088470E4B2E11C89B2DFF89408F5F748FA8346DFF88C08E4B2204480F81B
:207DE00003B0584680B2000ADFF87818E4B221440871E4B2601D80B2BDEC028BBDE8FE8F6E
:207E00001D630020F8B504000D001600A01C83490860824800680078DFF8701808807F48A6
:207E20000068401C7D490860DFF8600800880002DFF858180880DFF85408008877490968CC
:207E400009780843DFF84418088074480068401C72490860714800680078DFF834180880B4
:207E60006E480068401C6D4908606C4800680078DFF82018088069480068401C67490860B2
:207E800069484078C00705D52A0007212000FFF727FB06E008273A0021002800F6F78CFE3F
:207EA0000820F2BDF86100206CE901087CE90108F8B504000D00160003F061F908273A001C
:207EC00021002800F6F778FE0820F2BDF8B504000D001600A01C5149086050480068007815
:207EE000DFF8B41708804D480068401C4B490860DFF8A40700880002DFF89C170880DFF80E
:207F0000980700884549096809780843DFF88817088042480068401C404908603F48006843
:207F20000078DFF8781708803C480068401C3B490860DFF8680700880002DFF86017088001
:207F4000DFF8580700883549096809780843DFF84C17088031480068401C30490860DFF8F1
:207F600038070088002808D0DFF834070078DFF82817098880B2884205D22A0002212000C9
:207F8000FFF7AEFA46E0DFF810070088401EDFF80817088041F28830DFF8081708804FF41F
:207FA000FA70DFF804170880DFF8F0060088B0F57F4F0BD0DFF8E4060088FF2806D0DFF81D
:207FC000DC0600884FF6FF7188420AD1DFF8DC06DFF8C416098811225143405CF3F719FA82
:207FE00011E0DFF8B806008800280AD1DFF8BC06DFF8A416098811225143405CF3F786FAE8
:2080000001E0002006E008273A0021002800F6F7D3FD0820F2BD00003D63002050620020A1
:20802000F4620020F6620020B061002004620020246200203E6300202DE9FE4F04000D00C0
:208040001600A01CDFF8F41D0860DFF8F00D00680078DFF8EC1D0880DFF8E00D0068401C5A
:20806000DFF8D81D0860DFF8D80D00880002DFF8D01D0880DFF8C80D0088DFF8C01D0968E1
:2080800009780843DFF8B81D0880DFF8B00D0068401CDFF8A81D0860DFF8A00D0068007820
:2080A000DFF8A01D0880DFF8940D0068401CDFF88C1D0860DFF88C0D00880002DFF8841D0E
:2080C0000880DFF8800D0088DFF8701D096809780843DFF8701D0880DFF8600D0068401C97
:2080E000DFF8581D0860DFF8540D0560DFF8580D0078DFF8481D09680870DFF8400D0068CA
:20810000401CDFF8381D08600320DFF8301D09680870DFF8280D0068401CDFF8201D0860F3
:20812000DFF81C0D008832287CDADFF8140D0088DFF83415097889B2884205D32A000221BC
:208140002000FFF7CDF976E2DFF81C050078DFF8F01C0988DFF8EC2C12885118884209DA68
:20816000DFF804050078DFF8D81C0988401ADFF8D41C0880DFF8CC0C00884000DFF8CC1C6C
:208180000880DFF8C80C0088DFF8B01C09680870DFF8A80C0068401CDFF8A01C0860DFF877
:2081A000CC048146DFF8980C0088DFF8A41C0880DFF89C0C0088DFF88C1C0988884280F0B5
:2081C0002D82DFF8B004DFF8881C098809010844C168D9F80000FFF795FC824619F10409A3
:2081E000504680B2000ADFF8541C09680870DFF84C0C0068401CDFF8441C0860DFF83C0CCC
:20820000006880F800A0DFF8340C0068401CDFF82C1C0860DFF8380C0088401CDFF8301C5A
:208220000880C5E7DFF8180C008850286CD10620DFF8181C0880DFF8140C0088DFF8FC1BAC
:2082400009680870DFF8F40B0068401CDFF8EC1B0860DFF8000C0068007ADFF8E01B09684D
:208260000870DFF8D80B0068401CDFF8D01B0860DFF8E00B0068407ADFF8C01B096808705F
:20828000DFF8B80B0068401CDFF8B01B0860DFF8C40B0068807ADFF8A41B09680870DFF818
:2082A0009C0B0068401CDFF8941B0860DFF8A40B0068C07ADFF8841B09680870DFF87C0B80
:2082C0000068401CDFF8741B0860DFF8880B0068007BDFF8681B09680870DFF8600B0068D2
:2082E000401CDFF8581B0860DFF8680B0068407BDFF8481B09680870DFF8400B0068401CFA
:20830000DFF8381B086089E1DFF8340B008855281FD1DFF8440BF7F7D5F98346DFF83C0B8D
:20832000F7F7D0F9DFF8381B09880291DFF8281B0191CDF800B0DFF8243B0200DFF8241BC9
:20834000DFF8F80A0068F5F735F8DFF8001B088064E1DFF8EC0A008860282CD10220DFF831
:20836000EC1A0880DFF8E40A0088DFF8D01A09680870DFF8C80A0068401CDFF8C01A0860F2
:208380000020DFF8B81A09680870DFF8B00A0068401CDFF8A81A0860DFF8CC0A0078DFF8D9
:2083A0009C1A09680870DFF8940A0068401CDFF88C1A086032E1DFF8880A0088FA2880F268
:2083C0008F80DFF87C0A00886438DFF8741A0880DFF86C0A0088DFF8941A097889B2884240
:2083E00005D32A0002212000FFF77AF823E1DFF87C0A0078DFF8481A0988DFF8482A12884A
:208400005118884205DA2A0002212000FFF768F811E1DFF8300A00884C2805DB2A0002215B
:208420002000FFF75DF806E1DFF8180A008880B24000DFF8181A0880DFF8100A0088DFF816
:20844000FC1909680870DFF8F4090068401CDFF8EC190860DFF8EC090088DFF8E419098889
:208460000818DFF8E0190880DFF8040AC078002802D1DFF8000A0700DFF8C4090088DFF881
:20848000D0190880DFF8C8090088DFF8B8190988884280F0C38038888046BF1C404680B26C
:2084A000000ADFF8981909680870DFF890090068401CDFF888190860DFF88009006880F8ED
:2084C0000080DFF878090068401CDFF870190860DFF87C090088401CDFF874190880D1E754
:2084E000DFF85C090088B0F59670DFF854190880DFF84C090088DFF88019097889B2884297
:2085000005D32A0002212000FEF7EAFF93E0DFF868090078DFF828190988DFF8282912889A
:208520005118884209DADFF850090078DFF810190988401ADFF80C190880DFF8080900889E
:208540004000DFF808190880DFF800090088DFF8EC1809680870DFF8E4080068401CDFF8D1
:20856000DC180860DFF8DC080088DFF8D41809880818DFF8D0180880DFF8C4080088DFF89F
:20858000D0180880DFF8C8080088DFF8B8180988884243D2DFF8E408006800880121DFF879
:2085A000B02812889140084218D00020DFF88C1809680870DFF884080068401CDFF87C1830
:2085C00008605520DFF8741809680870DFF86C080068401CDFF86418086017E00020DFF8BA
:2085E0005C1809680870DFF854080068401CDFF84C180860AA20DFF8441809680870DFF8C7
:208600003C080068401CDFF834180860DFF840080088401CDFF838180880B3E7DFF82C0870
:208620000088C11C89B22800F4F74AF9DFF81C080088401D80B2BDE8FE8F0100C9B20A205A
:20864000C9B20A2291FBF2F291FBF0F300FB131050EA0210DFF88C2D1070DFF8880D007836
:2086600070470000184E0020C2F600083C6200207C6100207CE70108346200200000594087
:208680003862002000408F400088C340F8620020FA620020FC620020FE620020006300200F
:2086A000FAF60008BA620020AC62002090DF01082DE9F84304000D001600DFF8BC0D056063
:2086C000DFF8240D4079DFF8201D097A88422FD10120DFF8181D0870DFF86C070078DFF83A
:2086E000981D09680870DFF8900D0068401CDFF8881D08600C20DFF8801D09680870DFF860
:20870000780D0068401CDFF8701D08600020DFF8681D09680870DFF8600D0068401CDFF800
:20872000581D086003212800F4F7CAF8052082E3DFF8B40CDFF8B01C49790A2251430844D1
:208740000A3007000020DFF8341D0870DFF82C0D0078DFF82C1D0978884214D27878DFF878
:20876000241D0968DFF8142D127814235A431144497C884207D0DFF8040D0078401CDFF883
:20878000FC1C0870E2E7DFF8C0060078DFF8E81C09680870DFF8E00C0068401CDFF8D81C55
:2087A00008600C20DFF8D01C09680870DFF8C80C0068401CDFF8C01C08600F20DFF8B81C15
:2087C00009680870DFF8B00C0068401CDFF8A81C08607888DFF8B01C0880DFF8AC0C008814
:2087E000642190FBF1F0DFF8901C09680870DFF8880C0068401CDFF8801C0860DFF8880CA7
:208800000088642190FBF1F201FB1200C0B2DFF8781C0880DFF8700C0088C0B2FFF70DFF1B
:20882000DFF8541C09680870DFF84C0C0068401CDFF8441C08603879DFF83C1C09680870AD
:20884000DFF8340C0068401CDFF82C1C08607879DFF8241C09680870DFF81C0C0068401C02
:20886000DFF8141C0860B879DFF80C1C09680870DFF8040C0068401CDFF8FC1B0860F879FE
:20888000DFF8F41B09680870DFF8EC0B0068401CDFF8E41B0860387ADFF8DC1B09680870D0
:2088A000DFF8D40B0068401CDFF8CC1B0860787ADFF8D41B0880DFF8D00B0088B0F5FA6F90
:2088C00007DBDFF8C40B0088B0F5FA60DFF8B81B0880787ADFF8A01B09680870DFF8980B70
:2088E0000068401CDFF8901B086078780F2806DB78782F2803D078783F2840F08F800120F1
:20890000DFF8741B09680870DFF86C0B0068401CDFF8641B08607878DFF85C1B0968087011
:20892000DFF8540B0068401CDFF84C1B0860387800280CD0FF20DFF8401B09680870DFF8D2
:20894000380B0068401CDFF8301B08600BE00020DFF8241B09680870DFF81C0B0068401CBA
:20896000DFF8141B08600020DFF80C1B09680870DFF8040B0068401CDFF8FC1A0860002063
:20898000DFF8F41A09680870DFF8EC0A0068401CDFF8E41A08600020DFF8DC1A0968087065
:2089A000DFF8D40A0068401CDFF8CC1A0860DFF8380A4079401CDFF8301A4871DFF8280A08
:2089C0004079232190FBF1F201FB1200DFF8181A4871DFF8140A4079DFF80C1A097A884264
:2089E00010D10120DFF8041A08700020DFF8881A09680870DFF8800A0068401CDFF8781AF8
:208A000008600BE0FF20DFF8701A09680870DFF8680A0068401CDFF8601A0860787820289C
:208A2000C0F26C8178782F2880F268810220DFF8481A09680870DFF8400A0068401CDFF8F5
:208A4000381A086078781F38DFF82C1A09680870DFF8240A0068401CDFF81C1A0860387821
:208A600000280CD0FF20DFF8101A09680870DFF8080A0068401CDFF8001A08600BE00020D8
:208A8000DFF8F41909680870DFF8EC090068401CDFF8E4190860DFF8EC090068DFF8DC193D
:208AA0000978142251430844807C00285BD10020DFF8C41909680870DFF8BC090068401CB2
:208AC000DFF8B41908600020DFF8AC1909680870DFF8A4090068401CDFF89C190860002089
:208AE000DFF8941909680870DFF88C090068401CDFF884190860DFF8F0084079401CDFF842
:208B0000E8184871DFF8E0084079232190FBF1F201FB1200DFF8D0184871DFF8CC08407988
:208B2000DFF8C418097A884210D10120DFF8BC1808700020DFF8401909680870DFF83809BF
:208B40000068401CDFF830190860D7E0FF20DFF8281909680870DFF820090068401CDFF857
:208B600018190860CAE00020DFF81C1908800020DFF8181908700020DFF814190880DFF8DB
:208B800010090088232863DADFF8F8080068DFF80419DFF8FC28128812011144097B1422C2
:208BA00051430844407C7978884249D1DFF8E408DFF8DC1809880901084412308046DFF8F0
:208BC0002808DFF8241849790A22514308440C3081460020DFF8C0180870DFF8BC08007827
:208BE000082811DA404610F10108494611F1010900780978884207D1DFF89C080078401C45
:208C0000DFF894180870E8E7DFF88C080078082816D1DFF88008DFF87818098809010844E3
:208C2000008ADFF864180880DFF86808DFF86018098809010844C07BDFF85018087007E079
:208C4000DFF84C080088401CDFF84418088096E7DFF824080368DFF830080288DFF82C08BB
:208C60000178DFF820080068DFF810C89CF800C05FF0140E0EFB0CFC6044C07C00F088FB3C
:208C8000DFF864074079401CDFF85C174871DFF858074079232190FBF1F201FB1200DFF8F4
:208CA00048174871DFF8D0070068C01CDFF8C8170860DFF834074079DFF82C17097A88425A
:208CC00010D10120DFF8241708700020DFF8A81709680870DFF8A0070068401CDFF89817A1
:208CE00008600BE0FF20DFF8901709680870DFF888070068401CDFF8801708607878302853
:208D0000C0F2948078783F2880F290800320DFF8681709680870DFF860070068401CDFF879
:208D20005817086078783038DFF84C1709680870DFF844070068401CDFF83C1708603878B9
:208D400000280CD0FF20DFF8301709680870DFF828070068401CDFF8201708600BE000209E
:208D6000DFF8141709680870DFF80C070068401CDFF8041708600020DFF8FC16096808700E
:208D8000DFF8F4060068401CDFF8EC1608600020DFF8E41609680870DFF8DC060068401CA6
:208DA000DFF8D41608600020DFF8CC1609680870DFF8C4060068401CDFF8BC160860DFF87B
:208DC00028064079401CDFF820164871DFF818064079232190FBF1F201FB1200DFF8081627
:208DE0004871DFF804064079DFF8FC15097A884210D10120DFF8F41508700020DFF878160C
:208E000009680870DFF870060068401CDFF8681608600BE0FF20DFF8601609680870DFF884
:208E200058060068401CDFF85016086012212800F3F746FD1420BDE8F283000050620020C3
:208E4000F4620020F66200203D6300200463002002630020086200206CE701085CE7010826
:208E6000CC62002094EB01082862002020630020A0610020586000201F63002004620020AE
:208E80002DE9F84F82460C0015001AF10200DFF80C160860DFF8040600680078DFF8001670
:208EA0000880DFF8F8050068401CDFF8F0150860DFF8EC0500880002DFF8E4150880DFF8CD
:208EC000E0050088DFF8D415096809780843DFF8D0150880DFF8C4050068401CDFF8BC15D8
:208EE0000860DFF8B80500680078DFF8B8150880DFF8A8050068401CDFF8A0150860DFF857
:208F0000A40500880002DFF89C150880DFF894050088DFF88815096809780843DFF88415F5
:208F20000880DFF878050068401CDFF870150860DFF8680500680078DFF86C150880DFF8F2
:208F40005C050068401CDFF854150860DFF850050088502880F2C880DFF848050088062884
:208F600004D1DFF8440500880C2805D0220002215046FEF7B5FA09E2DFF820050068007825
:208F8000DFF820150880DFF814050068401CDFF80C150860DFF80C0500880002DFF80415C7
:208FA0000880DFF800050088DFF8F014096809780843DFF8F0140880DFF8E0040068401CCB
:208FC000DFF8D8140860DFF8DC0400884FF47A7110FB01F0DFF8CC140880DFF8C804008893
:208FE0002870DFF8C004008880B2000A6870DFF8AC040068401CDFF8A4140860DFF89C04E9
:2090000000680078A870DFF894040068401CDFF88C140860DFF884040068401CDFF87C14BC
:209020000860DFF8780400680078E870DFF86C040068401CDFF864140860DFF860040068D8
:20904000401CDFF858140860DFF85004006800786871DFF848040068401CDFF840140860AB
:20906000DFF838040068401CDFF830140860DFF82C0400680078A871DFF820040068401CD7
:20908000DFF818140860DFF8140400680078DFF814140880DFF804040068401CDFF8FC1386
:2090A0000860DFF8000400880002DFF8F8130880DFF8F0030088DFF8E4130968097808431C
:2090C000DFF8E0130880DFF8D4030068401CDFF8CC130860DFF8CC0300883030E8710021A6
:2090E000280000F085F945E1DFF8B4030088512815D1DFF8B4030088552840F03B81F0F7D9
:209100006FFC0920F5F7E2F95FF00709DFF89CB34A4659462000F5F74FFD072036E1DFF8D3
:2091200080030088602807D1DFF870030068401CDFF8681308601DE1DFF864030088FA2816
:2091400080F29780DFF860030088DFF858130988B0EB410F05D0220002215046FEF7C0F9A8
:2091600014E1DFF83C0300886438DFF834130880DFF82C030088DFF83813097889B28842E4
:2091800005D3220002215046FEF7AAF9FEE0C8480078C3490988C34A12885118884204DAC9
:2091A000C3480078BF49088006E0BE480088BC4909880818BB490880BE480700B848008851
:2091C000BD490880BC480088B6490988884225D2B24800680078B9490880B0480068401C04
:2091E000AE490860B54800880002B4490880B3480088AA49096809780843B0490880A748E1
:209200000068401CA5490860AC4800883880BF1CA9480088401CA8490880D3E745F6A5201D
:20922000A7490880A34806001C20A6490880A5480188C9B23000F3F7FCFFA149A1F8680021
:209240009F48F5F7D4FA002805D1220003215046FEF746F99AE09C4801780120F5F780FB00
:20926000002840F08780220003215046FEF738F98CE08B480088B0F59670894908808848F1
:2092800000889249097889B2884205D3220002215046FEF725F979E08C4800788049098820
:2092A000804A12885118884205DA220002215046FEF716F96AE07B48008879490988081851
:2092C000784908808248C078002802D18148804601E08048804618F1040871480088764935
:2092E0000880754800886F49098888423DD26B480068401C6949086068480068007876499F
:20930000088066480068401C6449086072480088552810D15A206849098808F801006F482A
:20932000006800880121644A1288914008436B490968088013E068480088AA280FD1A52068
:209340005D49098808F801006448006800880121594A1288914088436049096808805648FE
:209360000088401C54490880BBE75948C078801CF5F7ACF85FF006094A4651462000F5F7AC
:209380001BFC06212000F3F79BFA0820BDE8F28F70B492B24FF4807505FB02F56426B5FBD1
:2093A000F6F52C004E4D2B602500ADB22D0A4C4E366835704A4D2D686D1C494E3560484D62
:2093C0002D682C70464D2D686D1C454E35600025434E36683570424D2D686D1C404E3560BA
:2093E00070BC70474063002004590020336300207CB506000C0030780500761C3078000268
:2094000010FA85F5761CADB24FF47A7095FBF0F0C0B2F3F7BBFE8DF80200ADB24FF47A7012
:2094200095FBF0F100FB1150ADF800003078F3F7ADFE761C8DF803003078F3F7A7FE761C9A
:209440008DF80400761C3078F3F7A0FE761C8DF805003078F3F79AFE761C8DF806003078B6
:20946000F3F794FE8DF807006846F6F708F91D48F6F78CF873BD00005462002043630020A6
:209480001D630020F8610020066300204263002008630020C8560020416300205062002006
:2094A000F4620020F66200200C630020BCEC010820630020345E00200A6300200E6300200B
:2094C000305E002012630020286200201F630020A0610020BC600020106300200462002087
:2094E00058620020B861002003000820704700002DE9F84304000D00160000270020DFF8E1
:20950000DC1508600020DFF8D0150870287858284BD1E879582848D1B6B20E2E01DA0020C9
:2095200044E0E87AF021084201D000203EE0287A697A50EA01200A308146494689B2280068
:20954000F3F7FEFE070038001FFA89F915F8091080B289B2884201D0002027E068782100F5
:20956000C9B2884201D0002020E0E87AA97A50EA012080461FFA88F8DFF8640510EB080033
:20958000DFF8581508601FFA88F84AF20A00804509D1287B697B50EA0120DFF848154881C2
:2095A0000020F4F789FD012000E00020BDE8F283002070472DE9F14FADF5976D0C001500EB
:2095C00000208346DFF814050068000C0004DFF81015884204D1582005F80B001BF1010B07
:2095E0009DF8B80405F80B001BF1010B00208246BAF1050F07D2002005F80B001BF1010B3A
:209600001AF1010AF4E7DFF8D4040068000C0004DFF8CC14884204D1582005F80B001BF150
:20962000010BDFF8B8040068DFF8BC14884256D10A2005F80B001BF1010B002005F80B0019
:209640001BF1010BDFF894040068000A05F80B001BF1010BDFF884040068803805F80B006A
:209660001BF1010B002005F80B001BF1010BDFF87C04008805F80B001BF1010BDFF86C044C
:20968000008880B2000A05F80B001BF1010BDFF86004808805F80B001BF1010BDFF8500458
:2096A000C08805F80B001BF1010BDFF84404C08880B2000A05F80B001BF1010BDFF8300474
:2096C000008905F80B001BF1010BDFF82404008980B2000A05F80B001BF1010BE6E1DFF85F
:2096E000FC030068DFF80C14884240F0EF8001208046A07CE17C50EA012080B28146207B54
:20970000617B50EA012080B20600A07BE17B50EA012080B28246300080B2514689B250EAA0
:2097200001400090B9F1010F50D1009800284DD1207D617D50EA012080B281464A4692B2FC
:209740005FF4F00114F11B00F6F7F9FF4A4692B25FF4F00101A8F6F715FF002006004E4545
:2097600008D201A8805D04EB0601C97E884201D1761CF4E74E4540F07F80DFF86803C0F887
:209780000C900120DFF85C130881607EA17E50EA0120D4494880207E81465FEA0940A17DEB
:2097A000E27D51EA022110FA81F0CE490861207C617C50EA0120CB49C880AA20C9498880DD
:2097C000002080460020F4F777FC55E0607EA17E50EA012080B20600207D617D50EA01208A
:2097E00080B28246207E07003804A17DE27D51EA022110FA81F7BE48408886423CD1BC488A
:209800000069874238D1BA480089401C814533D1F2F77DFE524692B2B548C06810F5F00101
:2098200014F11B00F6F78BFF524692B2B048C06810F5F00101A8F6F7A5FE002006005645A5
:2098400008D201A8805D04EB0601C97E884201D1761CF4E756450FD1A2480089401CA1492E
:209860000881A048C0681AEB00009E49C860002080460020F4F720FC0B2005F80B001BF1EF
:20988000010B002005F80B001BF1010B93480068000A05F80B001BF1010B90480068803817
:2098A00005F80B001BF1010B00200600082E08D204EB0600007B05F80B001BF1010B761C30
:2098C000F4E705F80B801BF1010BEFE0834800688949884240F08080012080468448C08844
:2098E0008349098988425AD1002081468048C068800A824600200600564516D24FF480621E
:209900004FF4806000FB06F010F5F00101A8F6F739FE4A4692B24FF4806101A8F3F7D9FC10
:209920008146F2F7F4FD761CE6E77148C068800516D06F48C0688205920D4FF4806000FBB8
:2099400006F010F5F00101A8F6F71CFE4A4692B26748C0688105890D01A8F3F7BAFC814694
:20996000F2F7D5FD62484089814518D120226048C0686249091801A8F6F704FE604901A842
:2099800001F098FC00280AD1AA20564988805520544988820120F4F78FFB00208046032013
:2099A00005F80B001BF1010B002005F80B001BF1010B4A480068000A05F80B001BF1010B23
:2099C00046480068803805F80B001BF1010B05F80B801BF1010B69E0404800684949884284
:2099E00020D14948F6F7BCFF8046032005F80B001BF1010B002005F80B001BF1010B374875
:209A00000068000A05F80B001BF1010B33480068803805F80B001BF1010B05F80B801BF165
:209A2000010B43E02D480068384988422FD101208046607EA17E50EA012080B20600B6F5AD
:209A4000006F07D24FF4805000FB06F0F6F7E0FD00208046032005F80B001BF1010B0020A7
:209A600005F80B001BF1010B1C480068000A05F80B001BF1010B19480068803805F80B0047
:209A80001BF1010B05F80B801BF1010B0EE0D12005F80B001BF1010B012005F80B001BF1DA
:209AA000010B352005F80B001BF1010B594689B22800F3F745FC05F80B001BF1010B1620A2
:209AC00005F80B001BF1010B584680B20DF5806D2FB0BDE8F08F0000446300205C620020FF
:209AE0000000A1A58C6000200AA0A1A5CC6200207460002005A1A1A505A2A1A5D0FF7700C3
:209B0000D0FF030805A3A1A500C0770005A4A1A54FEAF17CBCF1E04C2CBFBCF5001F11E02C
:209B20005FEA4C0C34BFBCF17F5F2EE05FEA9C0C4FEA0C1C4FEA3C0CC10071F100414CEB8A
:209B400050707047C90241EA5051C00218BF41F0010141F000414FEA6C50C0F109002128C1
:209B600010D240EACC7CCCF1200C11FA0CF070F10040CCF1200C21FA0CF00CF0004C40EB8D
:209B80000C0070474FEACC707047490011F5001F04D84FEACC10FF30C0057047C817704736
:209BA00000B589B00020DFF85C1A08805FF000500290DFF8440C019002200090DFF8483ACE
:209BC00014220A21DFF8340C0068F6F731FC5FF080400290DFF8200C019002200090DFF8CD
:209BE0002C3A14220A21DFF8140C0069F6F720FCDFF8080C006980B208905FF4000007902D
:209C00005FF000500690402005905FF4003004905FF4803003904FF400400290DFF8D80B9E
:209C20000190DFF8DC0B0090DFF8D00B036E9BB2DFF8C80B026D92B2DFF8C00B016C89B22E
:209C4000DFF8C00BF6F7F0FA00F0E2FC00F0E2F900F000FE00F0A4FF01F0D6F801F01FFAA8
:209C600009B000BD80B5DFF8A00B0088002862D1DFF8840B006830F48050DFF87C1B08603C
:209C8000DFF8740B0068C00407D4DFF8800B007810F00100C0B2002811D0DFF8740B006853
:209CA00050F00100DFF8681B08600020DFF8641B08804FF4FA70DFF8601B088017E0DFF84E
:209CC000540B0088DFF8501B0988884208D30020DFF83C1B08600020DFF8401B086006E0CF
:209CE000DFF8300B0088401CDFF8281B0880DFF8200B0068C0071ED5DFF8240B0088401CBE
:209D0000DFF81C1B0880DFF8180B0088642804DB8021DFF8100BF6F75CFFDFF8040B008877
:209D2000C82808DB0020DFF8F81A08808021DFF8F40AF6F751FF01BD1CB5DFF8EC0AB0F907
:209D40000000040001A800909FEDB00ADFF8AC3A0122210009B2DFF8D40AF2F7CEFD0198C2
:209D6000DFF8CC1A49884843800ADFF8C81A08600198DFF8BC1A49884843800ADFF87C1A86
:209D80000860DFF8780A00680A280BD20020DFF86C1A08600020DFF8641A48600020DFF892
:209DA0005C1A886001A800909FED980ADFF8883A0122210009B2DFF8840AF2F79EFD0198C4
:209DC000DFF86C1A89884843800ADFF8681A48600198DFF85C1A89884843800ADFF81C1AE6
:209DE0000861DFF8180A00690A280BD20020DFF80C1A08610020DFF8041A48610020DFF84E
:209E0000FC19886101A800909FED810ADFF8303A0122210009B2DFF82C0AF2F76EFD0198BA
:209E2000DFF80C1A49894843800ADFF8081A88600198DFF8FC1949894843800ADFF8BC1945
:209E40000862DFF8B809006AB0F5967F0BD20020DFF8A81908620020DFF8A0194862002063
:209E6000DFF89819886201A800909FED690ADFF8D8390122210009B2DFF8D009F2F73DFD7E
:209E80000198DFF8AC1989894843800ADFF8A419C8600198DFF8981989894843800ADFF88B
:209EA0005C190863DFF85409006BB0F5967F0BD20020DFF8481908630020DFF840194863CE
:209EC0000020DFF83819886301A800909FED500ADFF8883C0122210009B2DFF87409F2F759
:209EE0000CFD0198DFF84819C9894843800ADFF8441908610198DFF83819C9894843800A5C
:209F0000DFF8F8180864DFF8F408006CB0F5967F0BD20020DFF8E41808640020DFF8DC18CE
:209F200048640020DFF8D418886401A800909FED380ADFF82C3C0122210009B2DFF8240C5A
:209F4000F2F7DBFC0198DFF8E818098A4843800ADFF8E01848610198DFF8D418098A484337
:209F6000800ADFF898180865DFF89008006DB0F5967F0BD20020DFF8841808650020DFF8F9
:209F80007C1848650020DFF87418886501ABDFF8D82BDFF8CC1BDFF8C40BF2F724FD019883
:209FA000DFF88C18498A4843800ADFF8881888610198DFF87C18498A4843800ADFF83C18C7
:209FC0000866DFF83808006EB0F5967F0BD20020DFF8281808660020DFF820184866002055
:209FE000DFF818188866DFF81408026E92B2DFF80C08016D89B2DFF80408006C80B2F2F7C7
:20A0000098FEDFF8701D088013BD0000C9E58F3F51DAD941DFF8540B00795A2820D0DFF835
:20A02000D807006830F08070DFF8CC1708600020DFF83C1B08700020DFF8381B08800020EF
:20A04000DFF8341B08800020DFF8301B08800020DFF82C1B08800020DFF8281B0880D0E24E
:20A06000DFF8A8070078C00700F18681FF20DFF8181B0870FF20DFF8141B0870FF20DFF8EF
:20A08000101B0870FF20DFF80C1B0870FF20DFF8081B0870DFF86407006CDFF868178989E1
:20A0A000884207D3DFF85407006DDFF858178989884213D20020DFF8D01A08700020DFF806
:20A0C000CC1A08700020DFF8C81A08700020DFF8C41A08700020DFF8C01A0870DFF82C0731
:20A0E000006810F4404F1CD10020DFF89C1A08700020DFF8981A08700020DFF8941A087015
:20A100000020DFF8901A08700020DFF88C1A0870DFF8640C007850F00200DFF85C1C087049
:20A1200007E0DFF8540C007810F0FD00DFF8481C0870DFF8480C0078C0070BD50020DFF898
:20A14000481A08700020DFF8441A08700020DFF8201A0870DFF8AC06C088002819D0DFF8F6
:20A160001C0C007810F00E00042803D00020DFF81C1A0870DFF89406006840050DD4DFF8B7
:20A180008406408A002808D00020DFF8001A087003E00020DFF8F4190870DFF868060089B5
:20A1A000002819D0DFF8D40B007810F00E00022803D00020DFF8D8190870DFF85006006860
:20A1C00000050DD4DFF83C06408A002808D00020DFF8BC19087003E00020DFF8B419087053
:20A1E000DFF820064089012814D1DFF8900B007810F00E00022803D00020DFF89819087076
:20A20000DFF808060068000508D40020DFF88419087003E00020DFF87C190870DFF8E4055D
:20A220004089022814D1DFF8540B007810F00E00042803D00020DFF860190870DFF8CC05FB
:20A240000068400508D40020DFF84C19087003E00020DFF844190870DFF81C09008840F23C
:20A26000DC51884208DBDFF80809007850F00200DFF8FC18087013E0DFF8F408007810F0C1
:20A28000FD00DFF8EC180870DFF800090078002806D0DFF8E4080088401CDFF8DC1808801E
:20A2A000DFF8D808008840F2DC51884208DBDFF8C008007850F00400DFF8B418087013E0EA
:20A2C000DFF8AC08007810F0FB00DFF8A4180870DFF8BC080078002806D0DFF8A00800885D
:20A2E000401CDFF898180880DFF89408008840F2DC51884208DBDFF87808007850F00800D5
:20A30000DFF86C18087013E0DFF86408007810F0F700DFF85C180870DFF87808007800280B
:20A3200006D0DFF85C080088401CDFF854180880DFF85008008840F2DC51884208DBDFF8C3
:20A340003008007850F01000DFF82418087013E0DFF81C08007810F0EF00DFF814180870A2
:20A36000DFF834080078002806D0DFF818080088401CDFF810180880DFF8000A0078312147
:20A38000084228D0DFF87004006830F08070DFF868140860DFF8E009007850F00100DFF8AD
:20A3A000D81908700020DFF8C81708700020DFF8C41708800020DFF8C01708800020DFF83F
:20A3C000BC1708800020DFF8B81708800020DFF8B417088015E1DFF8A009007810F0FE009E
:20A3E000DFF894190870DFF81C04C088002838D0DFF88809007840070BD4DFF87407007822
:20A4000010F0FD00DFF8681708700020DFF868170880DFF8F003808A00282ED0DFF8EC03B3
:20A420000068800529D5DFF8C00B0088142810DB0020DFF8B41B0880DFF83407007810F008
:20A44000FD00DFF82C1708700020DFF82C170880D7E0DFF8940B0088401CDFF88C1B088094
:20A460000BE0DFF80C07007810F0FD00DFF8001708700020DFF800170880DFF888030089AB
:20A48000002838D0DFF8F408007880070BD4DFF8E006007810F0FB00DFF8D4160870002052
:20A4A000DFF8D8160880DFF85C03808A00282ED0DFF858030068C00529D5DFF8880B00889A
:20A4C000142810DB0020DFF87C1B0880DFF8A006007810F0FB00DFF8981608700020DFF85B
:20A4E0009C1608808DE0DFF85C0B0088401CDFF8541B08800BE0DFF87806007810F0FB0012
:20A50000DFF86C1608700020DFF870160880BD484089012811D1DFF864080078800718D45E
:20A52000DFF84C06007810F0F700DFF8441608700020DFF84C1608800BE0DFF83406007885
:20A5400010F0F700DFF8281608700020DFF830160880AC484089022811D1DFF82008007872
:20A56000400718D4DFF80806007810F0EF00DFF8001608700020DFF80C1608800BE0DFF894
:20A58000F005007810F0EF00DFF8E41508700020DFF8F01508809848006840011ED5964839
:20A5A000006830F08070944908600020DFF8C01508700020DFF8BC1508800020DFF8B81586
:20A5C00008800020DFF8B41508800020DFF8B01508800020DFF8AC15088012E0DFF89005C9
:20A5E00000781F21084206D08348006850F080708149086005E08048006830F080707E4902
:20A6000008607047DA62002064620020666200207C4A928910007B4A9289F3235A43120A51
:20A62000110080B2754A126C904204D380B2734A126D904206D2754A126852F48042734BDA
:20A640001A600FE06D4A126C89B28A420AD26B4A126D89B28A4205D26C4A126832F480424F
:20A660006A4B1A6080B2654A126A904206D2674A126852F48062654B1A600AE05F4A126A18
:20A6800089B28A4205D2614A126832F480625F4B1A6080B2594A126B904206D25B4A126870
:20A6A00052F40062594B1A600AE0544A126B89B28A4205D2554A126832F40062534B1A6038
:20A6C000504AD28910004F4AD28940F20B135A43120A1100494A126C80B282420BD2474AF2
:20A6E000126D80B2824206D2484A126852F48052464B1A600FE089B2404A126C914204D302
:20A7000089B23E4A126D914205D2404A126832F480523E4B1A60394A126A80B2824206D281
:20A720003A4A126852F48072384B1A600AE089B2324A126A914205D2344A126832F480720F
:20A74000324B1A602D4A126B2E4BDB899A4206D22E4A126852F400722C4B1A600AE089B2BD
:20A76000264A126B914205D2284A126832F40072264B1A60234A128A1000224A128AF3239C
:20A780005A43120A110080B21C4A1268904206D21E4A126852F480321C4B1A600AE0174A2D
:20A7A000126889B28A4205D2184A126832F48032164B1A60134A128A1000124A128AF3239B
:20A7C0005A43120A110080B20C4A1269904206D20E4A126852F400320C4B1A600AE0074AAC
:20A7E000126989B28A4205D2084A126832F40032064B1A6070470000D8610020E45C0020A1
:20A80000DC6100203C600020C0620020D0610020186200209062002060010020D46100200A
:20A820008A62002000180140BE62002068250020D85F0020685F0020F45C00206827002069
:20A84000045D0020681D0020145D0020681F002068210020C54800795A2808D0DFF8BC0975
:20A86000006840084000DFF8B419086074E1DFF8B0090068C00140F16F81DFF8A0090068C5
:20A8800010F02A5F40F06881C448C08800285AD0B7480078800756D5DFF880090068C004BB
:20A8A00040D5DFF878090068C00310D5DFF86C09006840084000DFF864190860DFF85C09E7
:20A8C000006830F00800DFF85419086044E1B348408A002815D0DFF844090068400510D58F
:20A8E000DFF83809006840084000DFF830190860DFF82809006830F00800DFF820190860B8
:20A900002AE1DFF81809006850F00100DFF80C190860DFF80809006850F00800DFF8FC18A4
:20A92000086018E0DFF8F408006840084000DFF8EC180860DFF8E408006830F00800DFF887
:20A94000DC18086007E0DFF8D408006830F00800DFF8C81808609148008900285AD08448D2
:20A960000078400756D5DFF8B4080068C00440D5DFF8A8080068800310D5DFF8A0080068DB
:20A9800040084000DFF894180860DFF89008006830F01000DFF884180860DDE07F48408A14
:20A9A000002815D0DFF874080068000510D5DFF86C08006840084000DFF860180860DFF81C
:20A9C0005C08006830F01000DFF850180860C3E0DFF84808006850F00100DFF840180860CA
:20A9E000DFF83808006850F01000DFF83018086018E0DFF82808006840084000DFF81C1807
:20AA00000860DFF81808006830F01000DFF80C18086007E0DFF80408006830F01000DFF8A3
:20AA2000FC1708605D484089012840D15048007800073CD5DFF8E4070068400526D5DFF88A
:20AA4000DC070068800310D5DFF8D007006840084000DFF8C8170860DFF8C007006830F061
:20AA60002000DFF8B817086076E0DFF8B007006850F00100DFF8A4170860DFF8A00700683B
:20AA800050F02000DFF89417086018E0DFF88C07006840084000DFF884170860DFF87C07E6
:20AAA000006830F02000DFF87417086007E0DFF86C07006830F02000DFF860170860374816
:20AAC0004089022840D12A480078C0063CD5DFF84C070068000526D5DFF840070068C003D6
:20AAE00010D5DFF83807006840084000DFF82C170860DFF82807006830F04000DFF81C1711
:20AB0000086029E0DFF81407006850F00100DFF80C170860DFF80407006850F04000DFF826
:20AB2000FC16086018E0DFF8F406006840084000DFF8E8160860DFF8E406006830F040001C
:20AB4000DFF8D816086007E0DFF8D006006830F04000DFF8C816086070470000245D0020F7
:20AB6000345D002068230020445D0020A460002019630020686200206A6200206C62002034
:20AB80006E6200207062002014630020156300201663002017630020186300203C6000201A
:20ABA000E0B5DFF8800600795A2840F0E280DFF870060068C00140F1DC80DFF86C06007852
:20ABC000800731D5DFF85406007810F00900092812D10FF2853002900FF2AD300190022049
:20ABE00000905FF080735FF40002DFF84016DFF8400600F0C5F8BCE00020DFF834160880D2
:20AC00000020DFF828160880DFF81006006830F40000DFF808160860DFF80006006830F03C
:20AC20008070DFF8F8150860DFF8FC050078400731D5DFF8E805007810F01100112812D1D2
:20AC40000FF2DD2002900FF271300190042000905FF080635FF00072DFF8D815DFF8D80512
:20AC600000F08EF885E00020DFF8CC1508800020DFF8C0150880DFF8A405006830F00070CD
:20AC8000DFF898150860DFF89405006830F08060DFF888150860DFF890050078000731D523
:20ACA000DFF87805007810F02100212812D10FF2712002900FF201300190042000905FF091
:20ACC00080535FF00062DFF87415DFF8740500F057F84EE00020DFF8681508800020DFF8E0
:20ACE0005C150880DFF83405006830F00060DFF82C150860DFF82405006830F08050DFF8B4
:20AD00001C150860DFF820050078C00631D5DFF80C05007810F04100412812D10FF2392013
:20AD200002900FF265200190022000905FF080435FF00052DFF80C15DFF80C0500F020F81D
:20AD400017E00020DFF8001508800020DFF8F4140880DFF8C804006830F00050DFF8BC14BF
:20AD60000860DFF8B804006830F08040DFF8AC14086007BDDC6200201A630020B0610020A1
:20AD80002DE9F04705000E0017009846089CDDF82490DDF828A0DFF884040068384212D170
:20ADA0002888401C2880DFF8A404C08A2988884209D2DFF8680400683843DFF860140860E7
:20ADC00000202880C847DFF888040078204219D0DFF84804006810EA080F13D13088DFF867
:20ADE0006C14098B88420AD3DFF83004006858EA0000DFF82814086000203080D0473088C9
:20AE0000401C3080BDE8F08780B5DFF8180400795A2840F084800FF2D511DFF83804F1F7D1
:20AE200019FF0FF2F511DFF83004F1F713FF0FF21921DFF82804F1F70DFF0FF23921DFF88A
:20AE40002004F1F707FFDFF81C040078800728D5DFF8CC03006830F08070DFF8C4130860B9
:20AE60000020DFF8C41308700020DFF8FC1308800020DFF8F81308800020DFF8F4130880EE
:20AE80000020DFF8F01308800020DFF8EC130880DFF8E803006850F08000DFF8E013086096
:20AEA00007E0DFF8D803006830F08000DFF8CC130860DFF8B0030078400628D5DFF8600354
:20AEC000006830F08070DFF8581308600020DFF8581308700020DFF8901308800020DFF85D
:20AEE0008C1308800020DFF8881308800020DFF8841308800020DFF880130880DFF87C0393
:20AF0000006850F48070DFF87413086007E0DFF86C03006830F48070DFF86013086001BDB6
:20AF200080B50520F0F775FA0420F0F772FADFF85003407850F00800DFF844134870642056
:20AF4000C5490880DFF83C03006850F00400DFF83413086001BD000080B50220F0F759FAC4
:20AF60000420F0F756FAC648407850F00800C44948706420BA490880C248006850F01000D2
:20AF8000C049086001BD000080B50620F0F741FA0420F0F73EFABA48407850F00800B849BF
:20AFA00048706420AB490880B648006850F00200B449086001BD000080B50120F0F729FAAE
:20AFC0000420F0F726FAAE48407850F00800AC4948706420A1490880AA48006850F008000B
:20AFE000A849086001BD00008E62002080B50620F0F78CFA96480078800705D49948008843
:20B0000050F00200974908809E48006830F002009C49086001BD000080B50520F0F776FA5A
:20B020008B480078800705D58E48008850F040008C4908809348006830F004009149086080
:20B0400001BD00008C62002080B50120F0F75EFA7F480078400705D48248008850F002009C
:20B06000804908808748006830F008008549086001BD000080B50220F0F748FA7448007878
:20B08000400705D57748008850F04000754908807C48006830F010007A49086001BD80B508
:20B0A0005E48006810F0AA4F05D0774800881430754908800CE059480078C00705D5724883
:20B0C0000088401C7049088002E000206E4908806D48008841F27171884232DB50480068E1
:20B0E00030F080704E4908604C48006830F079004A49086000204C49087000205A49088039
:20B1000000205A4908800020594908800020594908800020584908800620F0F7F7F90520E5
:20B12000F0F7F4F90120F0F7F1F90220F0F7EEF90020564908803948006830F0FF4037494A
:20B14000086001BD52480078002817D050484078022813D100204E49087000204C494870AE
:20B160004C480088002803D12D480068C00405D4052049490880002048490880704710B549
:20B1800000204749088001200400E4B20D2C05DA2000C0B2F0F7BAF9641CF6E7002038497A
:20B1A00048703748F3F7FEFC00203849088000202C49088000203B49088020200400E4B228
:20B1C000402C1EDA2100C9B22148F1F78FFD002815D02100C9B21E48F1F76CFD2100C9B296
:20B1E0003148314A127A0A235A4310440A30F2F7C6FD2E48007850F004002C490870641C2C
:20B20000DDE724480088002807D0F3F71FFD00202049088032202649088010BDD0610020F9
:20B22000D8610020A4600020196300207A620020726200207C620020746200207E62002011
:20B240007662002080620020786200203C600020B0610020826200208462002086620020FB
:20B2600088620020C2620020686200206A6200206C6200206E620020706200201C6200203C
:20B280002C6200201862002092620020A862002030620020C0620020AC620020BA620020CA
:20B2A000BC620020B4620020045900202A630020AE620020820707D010F8012B11F8013BE7
:20B2C000BAB19A42F6D014E002680B689A42A2F1013301BF934313F0803F50F8042F51F8D1
:20B2E000043FF3D010F8012B11F8013B0AB19A42F8D0D01A704700000000000000000000CF
:20B300000000000000000000000000F800000000000000330000000000100C02100C0200C6
:20B3200000000000000000000040C07840C0780000043F04043F040000708888FC083000DB
:20B3400000182020FF211E00F008F0806018000000310C031E211E0000F0088870000000EA
:20B360001E21232C1927211000120E00000000000000000000000000000000E018040200B0
:20B38000000000071820400000020418E00000000040201807000000404080F080404000C1
:20B3A0000202010F0102020000000000E0000000000101010F01010100000000000000007F
:20B3C000009070000000000000000000000000000001010101010100000000000000000067
:20B3E000003030000000000000000000C0380400006018070000000000E010080810E00082
:20B40000000F102020100F0000001010F8000000000020203F202000007008080808F00057
:20B42000003028242221300000300808088870000018202121221C000000804030F800003D
:20B4400000060524243F242400F88888880808000019202020110E0000E01088889000004A
:20B46000000F112020201F0000180808886818000000003E010000000070880808887000BE
:20B48000001C222121221C0000F008080810E0000001122222110F00000000C0C0000000FF
:20B4A00000000030300000000000008000000000000000E0000000000000804020100800D4
:20B4C0000001020408102000004040404040400000020202020202000008102040800000A9
:20B4E00000201008040201000070480808887000000000303700000000001824241800006E
:20B5000000000000000000000000C038E0000000203C23020227382008F888888870000049
:20B52000203F202020110E00C030080808083800071820202010080008F808080810E00046
:20B54000203F202020100F0008F88888E8081000203F20202320180008F88888E8081000F3
:20B56000203F200003000000C03008080838000007182020221E020008F808000008F80858
:20B58000203F210101213F20000808F8080800000020203F2020000000000808F8080800BA
:20B5A000C08080807F00000008F888C028180800203F20012638200008F808000000000036
:20B5C000203F20202020300008F8F800F8F80800203F013E013F200008F830C00008F80876
:20B5E000203F200007183F00E01008080810E0000F10202020100F0008F808080808F000C8
:20B60000203F210101010000E01008080810E0000F10282830504F0008F8888888887000E1
:20B62000203F2000030C302000708808080838000038202121221C00180808F808081800C4
:20B640000000203F2000000008F808000008F808001F202020201F000878880000C838088D
:20B66000000007380E01000008F800F800F8080000033E013E0300000818688080681808F1
:20B6800020302C03032C30200838C800C83808000000203F2000000010080808C8380800ED
:20B6A0002038262120201800000000FE020202000000007F40404000000438C00000000054
:20B6C000000000010638C00000020202FE000000004040407F000000F00C04040CF0000028
:20B6E0000F080808080F000000000000000000008080808080808080F0FCFCFCFCF000003C
:20B700000F0F0F0F0F0F0000000080808000000000192424123F200010F00080800000007D
:20B72000003F112020110E000000008080800000000E112020201100000080808090F0004A
:20B74000001F202020103F200000808080800000001F242424241700008080E09090200015
:20B760000020203F202000000000808080808000006B94949493600010F0008080800000F0
:20B78000203F210000203F2000809898000000000020203F2020000000000080989800008B
:20B7A00000C08080807F000010F0000080808000203F240629302000001010F80000000030
:20B7C0000020203F202000008080808080808000203F20003F20003F80800080808000008D
:20B7E000203F210000203F200000808080800000001F202020201F0080800080800000008C
:20B8000080FF912020110E000000008080008000000E11202091FF808080800080808000CA
:20B8200020203F212000010000008080808080000033242424241900008080E0808000000B
:20B840000000001F202010008080000000808000001F202020103F2080808000808080008B
:20B8600000030C300C0300008080008080008080010E300C07380601008080800080800069
:20B880000020310E2E3120008080800000808080008186781806010000808080808080002C
:20B8A0000021302C222130000000000000FC020200000000013E404000000000FF000000DA
:20B8C00000000000FF0000000202FC000000000040403E010000000000020102020402009D
:20B8E00000000000000000000000000000000000000000000000000080B500F050FB0128AF
:20B9000004D000F0E1FA012000F0E9FA0020DFF8A814087000F099F872B600F0D4F80020E4
:20B92000DFF8981408700020DFF8941408700020DFF8901408800020DFF88C14088000F0C3
:20B94000FBF862B6F0F7D2FDFFF7FCFBF0F7DFFDDFF878040088B0F5FA7F04DADFF8700454
:20B96000007801280AD10020DFF860140880DFF864040088002801D1E8F72FFCF0F7C7FDE2
:20B98000EBF7DEFAF3F762F900F083F9F0F7BFFDDFF844040088C82805DB0020DFF83814DF
:20B9A0000880F4F779FDF0F7B2FD00F0F7F9DFF82C040078002807D0DFF82404F3F7E6FDDE
:20B9C0000020DFF818140870DFF818048088AA2815D1DFF81004808A552810D1DFF80804E3
:20B9E0000078C00705D58021DFF80004F5F7F1F8F4E78021DFF8F403F5F7EEF8EEE7DFF815
:20BA0000F0030088401CDFF8E8130880F0F77FFDDFF8DC03008848F6B801884204D180211D
:20BA2000DFF8C803F5F7D5F8DFF8C40300884FF6E851884288D10020DFF8B41308808021FD
:20BA4000DFF8A803F5F7C8F87EE780B501210120F7F7B7F801210220F7F7B3F801214FF4FC
:20BA60008040F7F7AEF801214FF40040F7F7A9F801214FF48040F7F795F801210420F7F76A
:20BA800091F801210820F7F78DF801211020F7F789F801212020F7F785F801214020F7F762
:20BAA00081F801210120F7F76EF801210220F7F76AF801214FF40640F7F774F8012101209A
:20BAC000F7F770F801BD80B54FF480415FF0006000F0ECFA4FF4407000F0AEFA1C208DF848
:20BAE000000000208DF8010000208DF8020001208DF80300684600F0A4FA1D208DF8000052
:20BB000003208DF8010001208DF8020001208DF80300684600F095FA25208DF80000022012
:20BB20008DF8010000208DF8020001208DF80300684600F086FA01BD10B501215FF00070AD
:20BB4000F5F750F8EFF706FBF4F7B0FC4AF2A550A8490880F2F723FAEFF790FDF0F736FEF5
:20BB6000F0F791FAF0F7DAFCF0F730FD0020F2F7A4FBF0F71CFE00F0C5F800F0CDF8F0F790
:20BB800051FEF0F76CFEF3F765F8EFF761FDF0F71DFE9948C078002825D198489849086018
:20BBA000984800789849087098489949086099480078994908709948994908609948007873
:20BBC0009949087099489A4908600E209949087099489A4908609A4800789A4908709A4894
:20BBE0009A49086027E000208349C870834884490860844800788449087084488449086045
:20BC000084480078844908708F489049086083488349086083480078834908708348844965
:20BC200008600E208349087083488449086084480078844908707048C078F2F72FFD6E48E6
:20BC4000C078801CF2F739FB0820F2F736FB0920F2F733FB7E4800680400200E7D490880C3
:20BC60007C480088210A11F47F410843794908800E20EFF7CEFBF0F724FB77487749086029
:20BC80000022774841797748F3F7A6FDFAF760FF10BD80B574480088002832D173480088B9
:20BCA000002807D172480088002803D171480068002803D00320EFF7ACFB02E00320EFF78F
:20BCC00025FC6A48008800280ED00120EFF71EFC0220EFF71BFC0520EFF718FC0620EFF798
:20BCE00015FC0720EFF712FC6348007863494978884206D06148F2F755FF604840785E49FB
:20BD0000087001BD80B500205D4908804FF4C0515C48F0F7BFFF01BD00205B4908800020A3
:20BD20005A49087000205A49087000205949088000205949087000202B490880002057494D
:20BD400008700020564908700020564908700020554908800020454908800020534908803D
:20BD60005A20534981F82F000020524908800020514908804AF2A5501E49088002204F49A6
:20BD8000087000204E49087000204D49487000204B49887000204A49C870704780B549487A
:20BDA0000088062807DB0020464908802C48C0780328FAF7DEFE01BD2D63002023630020FC
:20BDC0002263002098620020D0620020B862002030620020C4620020CE6200202B63002022
:20BDE000B861002074600020B662002000180140E6620020B0620020A0610020ECD70108FE
:20BE0000F8610020C3F600081D63002018DB0108FC610020FBF600081E6300209CE90108A7
:20BE2000006200202FEC00081F630020BE600020046200202063002060D201080C6200208B
:20BE4000B7EB0008216300202000002008620020FCFF0308CC62002038E701084C62002080
:20BE60007C61002000380140BA620020C0620020C26200201C620020356300202C62002086
:20BE8000BE62002068190020A86200202463002025630020AC6200202663002027630020C7
:20BEA0002863002029630020AA620020BC6200200C600020B4620020B26200203063002018
:20BEC00024620020A2620020DFF84C01DFF84C110860DFF84C01DFF844110860704738B57C
:20BEE000040004255FF0805000F07FF805006DB2042D51D1DFF82001DFF82C110860DFF8CD
:20BF00002001DFF824110860DFF81801006850F02000DFF810110860DFF80801006850F0EC
:20BF20004000404908605FF0805000F05EF805006DB2042D26D13B48006841F6DF71084065
:20BF4000384908603748006850F010003549086064B2002C03D000203449088002E0A520FA
:20BF6000324908805FF0805000F03FF805006DB2052D11D02B48006841F6EF710840294915
:20BF8000086009E06DB2052D06D02648006841F6DF71084023490860280040B232BD002087
:20BFA00023490968890702D50121080001E00021080040B2704704201E490968C90702D5BD
:20BFC000012108000FE01B490968490702D50221080008E017490968C90602D50321080096
:20BFE00001E00421080040B2704738B504000425FFF7E1FF05006DB2012D06D1002C04D071
:20C00000FFF7D9FF0500641EF5E7002C01D105200500280040B232BD230167450420024088
:20C02000AB89EFCD102002400820024000F8FF1F1C2002400C2002401F4901431F4A1160AC
:20C04000704770B4002300210F2290F90340002C20D01A4C246814F4E064D4F5E064240A2F
:20C060002300D3F104042100DA4044788C4023008478144023431B01114C05786355012462
:20C08000057815F01F05AC400E4D0678761145F8264009E00124057815F01F05AC400A4D14
:20C0A0000678761145F8264070BC7047074A0A400243074B1A6070470000FA050CED00E0BA
:20C0C00000E400E000E100E080E100E080FFFF1F08ED00E010B5DFF8D8040088401CDFF8F5
:20C0E000D0140880DFF8C8040088B0F57A7F5BDB0020DFF8BC140880DFF8B4048078F1F717
:20C1000032F80400641C2000C0B2F0F7FDFDDFF8A0148870DFF898048078602803DB00208A
:20C12000DFF88C148870DFF88804807800281AD1DFF87C04C078F1F716F80400641C0120F8
:20C14000DFF8701408702000C0B2F0F7DDFDDFF86014C870DFF85804C078602803DB002045
:20C16000DFF84C14C870DFF84804C07800281BD1DFF83C048078002816D1DFF8340400793B
:20C18000F0F7F1FF0400641C2000C0B2F0F7BCFDDFF81C140871DFF818040079242803DBFC
:20C1A0000020DFF80C14087110BD30B4020000230024002000252C0000252B0089B28B422C
:20C1C00004D232F8135064195B1CF7E7E4102500B5F50065280000B230BC704710B50020A0
:20C1E0000400082C74DADFF8D003006850F40210DFF8C4130860DFF8C403006850F40210DF
:20C20000DFF8B8130860DFF8B803006850F40210DFF8AC130860DFF8AC0300684007FAD5C2
:20C22000DFF8A40300684007FAD5DFF8A00300684007FAD5DFF898030068DFF8981321F895
:20C240001400DFF894030068DFF8881301EB44010882DFF888030068DFF8781301EB44016A
:20C260000884DFF87C030068DFF8681301EB44010886DFF870030068DFF8581301EB44013E
:20C28000A1F84000DFF860030068DFF8481301EB4401A1F85000DFF854030068DFF8341323
:20C2A00001EB4401A1F86000DFF844030068DFF8241301EB4401A1F87000DFF8380300680C
:20C2C000DFF8101301EB4401A1F88000641C88E70821DFF82403FFF768FFDFF82013DFF8C6
:20C2E0002023B2F9002001EB4201A1F800060821DFF81003FFF759FFDFF80013DFF800231D
:20C30000B2F9002001EB4201A1F800080821BE48FFF74BFFB949BA4AB2F9002001EB420113
:20C32000A1F8000A0821B948FFF73FFFB349B44AB2F9002001EB4201A1F8000C0821B4483E
:20C34000FFF733FFAD49AE4AB2F9002001EB4201A1F8000E0821AF48FFF727FFA749A84A08
:20C36000B2F9002001EB42014FF48052885208219848FFF71AFFA149A14AB2F9002021F803
:20C3800012000821A448FFF710FF9C499C4AB2F9002001EB4201A1F8000208219F48FFF70B
:20C3A00004FF9649964AB2F9002001EB4201A1F8000493480088401C914908809048B0F982
:20C3C0000000FF2805DD00208D49088000209449088010BD10B593480078401C91490870BE
:20C3E000FFF7FCFE8F480078C0077CD5FFF772FE8D480068401C8C4908608C480078401C02
:20C400008A4908708A480088401C8949088089480088401C8749088087480088002804D061
:20C4200085480088401E8449088000200400E4B2002C0AD18148E4B230F81400401C7F4974
:20C44000E4B221F81400641CF1E7FDF70BFCEFF762F97B480088002822D17A48407880061F
:20C4600006D57948006850F480007749086005E07548006830F48000734908607148407889
:20C48000C00606D57048006850F400006E4908602BE06D48006830F400006B49086024E00C
:20C4A00068484078400606D56748006850F400006549086005E06448006830F400006249BA
:20C4C000086060484078000606D55F48006850F480005D49086008E05B48006830F480003B
:20C4E0005949086001E0F0F77FFF10BD80B5FDF723FC56480078401C54490870534800783D
:20C50000022854DB00205149087000205049087050480078401C4F490870414800884AF296
:20C52000A551884243D0EFF7AAF8FDF739FB4A494A48F0F78FFB4A494A48F0F78BFB4548C3
:20C540000078642833DB48480088401C4649088000204049087045480078002804D0434891
:20C560000078401E4149087041480078002804D03F480078401E3E4908703E480078002864
:20C5800004D03C480078401E3A4908703A48007800280CD038480078401E374908703648A8
:20C5A0000078002803D14AF25A503449088001BDB86100202B630020082401400828014099
:20C5C000083C01400024014000280140003C01403C240140D45B002040240140442401404D
:20C5E0003C28014040280140442801403C3C0140403C0140443C0140045C002068190020E8
:20C60000BE620020145C0020245C0020345C0020445C0020545C0020E45B0020F45B00209C
:20C62000B0620020456300201462002046630020B8620020CE620020BA620020A2620020B7
:20C64000DA620020B0610020D8610020256300202E630020246300207FB10108AC6200208D
:20C6600017C50008AE620020B662002026630020276300202863002032630020305E00200D
:20C6800000000000000000000000000000000101FFFF010100000000000000000000000098
:20C6A00000000000000000000000000000000000000000000000000000000000000000007A
:20C6C00000000000000000000000000000000000000000000000000000000000000000005A
:20C6E00000000000000000000000000000000000000000000000000000000000000000003A
:20C70000000000000000000000000000000101FFFF01010000000000000000000000000017
:20C7200000000000000000000000000000000000FFFF0000000000000000000000000000FB
:20C740000000000000000000000000000000000000000000000000000000000000000000D9
:20C760000000000000000000000000000000000000000000000000000000000000000000B9
:20C78000000000000000000000000000000000000000000000000000000000000000000099
:20C7A000000000000000000000000000000000FFFF0000000000000000000000000000007B
:20C7C00000000000000000000000000000FF010101010101FF000000000000000000000055
:20C7E000000000000000000000000000000000000000000000000000000000000000000039
:20C80000000000000000000000000000000000000000000000000000000000000000000018
:20C820000000000000000000000000000000000000000000000000000000000000000000F8
:20C84000000000000000000000000000FF010101010101FF000000000000000000000000D4
:20C8600000000000000000000000000000FF808080808080FF0000000000000000000000BA
:20C88000000000000000000000000000000000000000000000000000000000000000000098
:20C8A000000000000000000000000000000000000000000000000000000000000000000078
:20C8C000000000000000000000000000000000000000000000000000000000000000000058
:20C8E000000000000000000000000000FF808080808080FF0000000000000000000000003A
:20C9000000000000000000000000000000000000FFFF000000000000000000000000000019
:20C920000000000000000000000000000000000000000000000000000000000000000000F7
:20C940000000000000000000000000000000000000000000000000000000000000000000D7
:20C960000000000000000000000000000000000000000000000000000000000000000000B7
:20C98000000000000000000000000000000000FFFF00000000000000000000000000000099
:20C9A00000000000000000000000000000000000FFFF000000000000000000000000000079
:20C9C000000000000000000000000000000000000000000000000000000000000000000057
:20C9E000000000000000000000000000000000000000000000000000000000000000000037
:20CA0000000000000000000000000000000000000000000000000000000000000000000016
:20CA2000000000000000000000000000000000FFFF000000000000000000000000000000F8
:20CA400000000000000000000000000000000000FFFF0000000000000000000000000000D8
:20CA60000000000000000000000000000000000000000000000000000000000000000000B6
:20CA8000000000000000000000000000000000000000000000000000000000000000000096
:20CAA000000000000000000000000000000000000000000000000000000000000000000076
:20CAC000000000000000000000000000000000FFFF00000000000000000000000000000058
:20CAE0000000FFFF1818181818181818181818181F1F18181818181818181818181818188A
:20CB0000181818181818181818181818181818181818181818181818181818181818181815
:20CB2000181818181818FF8181818181818181818181818181FF1818181818181818181869
:20CB40001818181818181818181818181818181818181818181818181818181818181818D5
:20CB60001818181818181818181818181818181F1F1818181818181818181818FFFF000009
:20CB8000000000000000000000000000000000000000000000000000000000000000000095
:20CBA000000000000000000000000000000000000000000000000000000000000000000075
:20CBC000000000000000000000000000000000000000000000000000000000000000000055
:20CBE000000000000000000000000000000000000000000000000000000000000000000035
:20CC0000000000000000000000000000000000000000000000000000000000000000000014
:20CC2000C8B6D6B7A6B7DFCFB7C2A3B1A4BBE2B2D8BFB0D7C3D6E4B1B9D1F7C6E7B5AFB68A
:20CC4000FABBEAC4C2D4D5C8E6B0BEB1C5BACBCDF6B3F8CCA2D5E6B8AFBEB6CDEBC8A5B5A3
:20CC6000BFB4FDB9F7C1D5B1F8CBBDB7F2CFD9B2F7D7E5B0AABFCFB6C5B7BBD2E3B0C7B75F
:20CC8000A3B3ABBCCBB6CDB5A7CACEB2FDCAD8BBC8B1CEB4B5D6CFBABBCEB4D4E0CFE4BC1A
:20CCA000CEB6C6D6D6D7B1CAB4B7DECFBAB8C9BAD8D6D3D1D3BCD9CBE4B3E3C1F2D0B5C622
:20CCC000CAC2DFB8E0B2DFCDB9CBE1C7ACB3C2CEEEB6A8B6F4C6A4B3C2B6AAD7B7C7E5CC9D
:20CCE000C2CACAB9DCD7C5D0E6B4A2B4EDB4A3D0E9D1ECBCECD2AFB5C9BBB4CEDCC4B8B146
:20CD0000C3D3B6D4CDBED8B5D6CAD3BDE3B5DABFA3D2B3B1E2B9B8C4AAC1B0BCD4D7A6B9A9
:20CD2000D0D3DECEFEB6FDC8D8B9DCB0F8BDDAC4D6BBB4B8DFC2ADBCB6B5DDC8BBB2BDC6B4
:20CD4000E2BACCBFD4CFBECAB7D7E4D2E8C9A8CDB6D1D4CAA2CFE9B2B4BFBFC1AFC6C0B509
:20CD6000F9B7C7BDD9B8B5B7C7BCBCC2BEC9FDB3FEBCF5CCEBC7E4CAA2B7FAC9FBCFB4D7FE
:20CD8000ACCCD4B6FBD5D0C7BBBBF8C7CCB9AFBBC9B3C1B6A1C8DCC3EBC2FBC3C6B3B5CFA3
:20CDA000B3CDD3D6BCD7BAD2A7BEA7B3EBC3C1BAF8CDB7D6F3CEE6B9BCD4CFC9CDCBCFC43E
:20CDC000C2D0B1D6CDD0EFD3D4D1D0D6C4CED1B7A7D0D1D2C9BDDAC6ABBDA1BEECBFCBD425
:20CDE000D0D0F5B3BCCAC7CAF1B7F7D6CBB2FCBCA8BFA1D7B7C8CFC8D2D3C2CFF3D7E9B993
:20CE0000DED0C4B8FAB4F9BBE0C0F1CED8B1B4B0C9BFD4D2F7B5DABDA2B2CCBCEDC8B1C8BF
:20CE2000A1CA00000000000000000000000000000000000000000000000000000000000087
:20CE40000000000000000000000000000000000000000000000000000000000000000000D2
:20CE60000000000000000000000000000000000000000000000000000000000000000000B2
:20CE8000000000000000000000000000000000000000000000000000000000000000000092
:20CEA000000000000000000000000000000000000000000000000000000000000000000072
:20CEC000000000000000000000000000000000000000000000000000000000000000000052
:20CEE000000000000000000000000000000000000000000000000000000000000000000032
:20CF0000000000000000000000000000000000000000000000000000000000000000000011
:20CF20000000000000000000000000000000000000000000000000000000000000000000F1
:20CF400070477047704780B5012000F064F900280AD0012000F07EF9012000F071F900F014
:20CF600055F9002000F076F901BD704770477047704770477047704770477047704780B5CB
:20CF80004FF40050F5F73AFC00280DD04FF40050F5F749FC00218B48F5F705FC012240F2DD
:20CFA00026618948F5F7F6FC01BD70477047704770477047704780B501215FF08040F4F7E2
:20CFC000C8F8002806D001215FF08040F4F7DAF8FFF700FA01BD80B501217C48F4F7B9F840
:20CFE000002805D001217948F4F7CCF8FFF77EFA01BD70477047704770477047704710B567
:20D00000714800880400200704D57148008800F0FF00040020216C48F5F7F6FC002812D0BA
:20D020006948F5F7EDFC0100C9B20020F2F7A2FB0020684908800A206749088040F22551E5
:20D040006148F5F7F0FC10BD10B5644800880400200704D56248008800F0FF00040020211F
:20D060005E48F5F7D1FC002812D05C48F5F7C8FC0100C9B20020F2F77DFB002055490880B0
:20D0800005205549088040F225515448F5F7CBFC10BD10B5534800880400200704D55248FB
:20D0A000008800F0FF00040020214E48F5F7ACFC002812D04B48F5F7A3FC0100C9B20020C6
:20D0C000F2F758FB00204349088005204249088040F225514348F5F7A6FC10BD10B54348CA
:20D0E00000880400200704D54148008800F0FF00040020213D48F5F787FC002812D03B48DE
:20D10000F5F77EFC0100C9B20020F2F733FB00203049088064203049088040F2255133482D
:20D12000F5F781FC10BD704770477047704770477047704710B52F4800880400200704D5F0
:20D140002D48008800F0FF00040020212948F5F75BFC002812D02748F5F752FC0100C9B2BB
:20D160000020F2F707FB00201A49088005201A49088040F225511F48F5F755FC10BD10B5AB
:20D180001E4800880400200704D51D48008800F0FF00040020211948F5F736FC00280FD0F6
:20D1A0001648F5F72DFC0100C9B20020F2F7E2FA00200849088040F225511048F5F733FC87
:20D1C00010BD000044000240003801400004004004380140A2620020A662002000440040F2
:20D1E0000444004000480040044800400060014004600140004C0040044C004000500040A1
:20D20000045000407047704770477047104800888006FBD57047010000200D4A12880A4055
:20D2200010000A4A128892B20A4205D040B2002802D00122100001E00022100040B27047B0
:20D24000034909888143024A11807047002800400428004040B201490860704720000E42FA
:20D2600001312ECFDFC2B7B2CECAFD000000000000030000005054B6CFCFDF0000000010F6
:20D2800000000100000001000100200034E60108014354B1E4B1C820000000400100E80356
:20D2A000010064005F00200000000000025054D2BBB4CED6B50000220A00A00F0A00640001
:20D2C0005F006B56000000000000000000000000000000000000000000000000000000002E
:20D2E00000000000000000000000000000000000000000000000000000000000000000002E
:20D3000000000000000000000000000000000000000000000000000000000000000000000D
:20D320000000000000000000000000000000000000000000000000000000000000000000ED
:20D340000000000000000000000000000000000000000000000000000000000000000000CD
:20D360000000000000000000000000000000000000000000000000000000000000000000AD
:20D3800000000000000000000000000000000000000000000000000000000000000000008D
:20D3A00000000000000000000000000000000000000000000000000000000000000000006D
:20D3C0000000000002322EB1B8D7D4CDB6B9A6C4DC000000000A00000332BDF8CFDF425A17
:20D3E0005400001000000100000001000100200034E601080431BDF8CFDF425A54000010EB
:20D4000000000100000001000100200034E6010805D7D4BBD6B8B400000000100000020007
:20D4200000000100010020004CE4010806D3D0D1B9B6A8D6B5000032E803409C28236400CD
:20D440005F0056000000000007CEDED1B9B6A8D6B5000032E803409C881364005F00560044
:20D460000000000008CEDEC1F7B6A8D6B500002205000F27640064005F0041000000000092
:20D4800009D3D0D1B9B1D5CBF800001000000100000001000100200034E601080ACEDED130
:20D4A000B9B1D5CBF800001000000100000001000100200034E601080BCCF8444CD1D3CA47
:20D4C000B100002205000F276400580258025300000000000CBACF444CD1D3CAB10000226D
:20D4E00005000F276400580258025300000000000000000000000000000000000000000086
:20D5000000000000000000000000000000000000000000000000000000000000000000000B
:20D52000000000000000000000000200070009000B000D00100012001400160019001B0041
:20D540001D001F0022002400260029002B002D002F0032003400360039003B003D004000E6
:20D5600042004500470049004C004E0051005300560058005B005D00600062006500670062
:20D580006A006D006F007200750077007A007D0080008200850088008B008E0091009400A3
:20D5A00097009A009D00A000A300A600A900AD00B000B300B700BA00BD00C100C400C80080
:20D5C000CC00CF00D300D700DB00DF00E200E700EB00EF00F300F700FC00000105010901B2
:20D5E0000E01130117011C01210126012C01310137013C01420148014E0154015A016001CA
:20D6000067016E0174017C0183018A0192019A01A201AA01B301BB01C401CE01D701E101F8
:20D62000EC01F60101020D021902250232023F024D025B026A027A028A029B02AD02BF0210
:20D64000D302E702FD0214032C03450360037D039B03BB03DE0303042A0455048304B40492
:20D66000EA0425056505AC05FA055006B1061E0799072508C7088409630A6E0BB50C4D0E1B
:20D680005A101513E716A31C30264A399772FF7F80B54E48006850F470004C4908604C4864
:20D6A000006850F001004A4908604A480068002048490860464800684749084044490860F0
:20D6C0004348006830F48020414908605FF41F004249086000F005F85FF0006040490860AF
:20D6E00001BD80B500F001F801BD82B000200190002000903648006850F48030344908603E
:20D700003348006810F4003000900198401C01900098002803D10198B0F5A06FF0D12C48C6
:20D720000068800302D50120009001E0002000900098012847D12B48006850F0100029496F
:20D7400008602848006880088000264908602548006850F00200234908601E4800681D498B
:20D7600008601C4800681B4908601A48006850F4806018490860174800681B490840154921
:20D7800008601448006850F4E810124908601048006850F080700E4908600D480068800171
:20D7A000FBD50C480068800880000A4908600948006850F00200074908600648006810F0B1
:20D7C0000C000828F9D102B07047000088ED00E00010024004100240FFFFF6FE0810024091
:20D7E00008ED00E000200240FFFFC09F00B1A3BBA4C6F4B6AF2020202000000000FF000044
:20D8000001B1B8CDB6CCF82331BFAAB9D80000000020000002B1B8CDB6BACF2331BFAAB9FC
:20D82000D80000000021000003B1B8CDB6CCF82332BFAAB9D80000000022000004B1B8CD91
:20D84000B6BACF2332BFAAB9D80000000023000005B1B8CDB6CCF8C4B8C1AA20200000003B
:20D860000024000006B1B8CDB6BACFC4B8C1AA2020000000002500000FCAC2B9CAD7DCD01C
:20D88000C5BAC52020000000002F000020B4E6B4A2C6F7B3F6B4ED2020000000003000004E
:20D8A00021B6A8D6B5D0A3D1E9B3F6B4ED0000000031000022414431BCECB2E2B3F6B4ED58
:20D8C000200000000032000026C4B8CFDF5054B6CFCFDF20200000000036000027CCF8D599
:20D8E000A2CAA7B0DC202020200000000037000028BACFD5A2CAA7B0DC202020200000002D
:20D90000003800002FB8E6BEAFD7DCD0C5BAC52020000000003F000000C1814001C080414B
:20D9200001C0804100C1814001C0804100C1814000C1814001C0804101C0804100C18140D7
:20D9400000C1814001C0804100C1814001C0804101C0804100C1814001C0804100C18140B7
:20D9600000C1814001C0804100C1814001C0804101C0804100C1814000C1814001C0804197
:20D9800001C0804100C1814001C0804100C1814000C1814001C0804101C0804100C1814077
:20D9A00000C1814001C0804100C1814001C0804101C0804100C1814000C1814001C0804157
:20D9C00001C0804100C1814001C0804100C1814000C1814001C0804100C1814001C0804137
:20D9E00001C0804100C1814001C0804100C1814000C1814001C0804101C0804100C1814017
:20DA000000C1814001C0804100C1814001C0804101C0804100C1814000C0C101C30302C2EE
:20DA2000C60607C705C5C404CC0C0DCD0FCFCE0E0ACACB0BC90908C8D81819D91BDBDA1A36
:20DA40001EDEDF1FDD1D1CDC14D4D515D71716D6D21213D311D1D010F03031F133F3F23216
:20DA600036F6F737F53534F43CFCFD3DFF3F3EFEFA3A3BFB39F9F83828E8E929EB2B2AEAF6
:20DA8000EE2E2FEF2DEDEC2CE42425E527E7E62622E2E323E12120E0A06061A163A3A262D6
:20DAA00066A6A767A56564A46CACAD6DAF6F6EAEAA6A6BAB69A9A86878B8B979BB7B7ABAB6
:20DAC000BE7E7FBF7DBDBC7CB47475B577B7B67672B2B373B17170B0509091519353529296
:20DAE00096565797559594549C5C5D9D5F9F9E5E5A9A9B5B99595898884849894B8B8A4A76
:20DB00004E8E8F4F8D4D4C8C4484854587474686824243834181804000B1D5CBF8B1B8D7D8
:20DB2000D4CDB600000000000001BDF8CFDF31CCF8CEBB0000000000000002BDF8CFDF3215
:20DB4000CCF8CEBB0000000000000003C4B8C1AACCF8CEBB000000000000000004B1D5CBEC
:20DB6000F8BFAAC8EB310000000000000005B1D5CBF8BFAAC8EB320000000000000006B10D
:20DB8000B8D3C3BFAAC8EB370000000000000007B1B8D3C3BFAAC8EB38000000000000008A
:20DBA00008B1B8D3C3BFAAC8EB390000000000000009B1B8D3C3BFAAC8EB31300000000084
:20DBC00000000AB1B8D3C3BFAAC8EB31310000000000000BB1B8D3C3BFAAC8EB3132000035
:20DBE0000000000038E7010800E2010801080000E8E001080000000038E70108B0E2010875
:20DC000001080100E8E001080000000038E70108D8E2010801080200E8E001080000000062
:20DC200038E7010878DE010801080300E8E001080000000038E7010800E30108010804005F
:20DC4000E8E001080000000038E7010850E3010801080500E8E001080000000038E7010888
:20DC600038DD010801080600E8E001080000000038E7010878E3010801080700E8E0010839
:20DC80000000000000000000000000000000000000000000000000001A120000E111D5028F
:20DCA0003711980521103808A50EA40ACD0CCD0CA40AA50E3808211098053711D502E1117B
:20DCC00000001A122BFDE11168FA3711C8F721105CF5A50E33F3CD0C5BF1A40ADFEF380859
:20DCE000C9EE98051FEED502E6ED00001FEE2BFDC9EE68FADFEFC8F75BF15CF533F333F355
:20DD00005CF55BF1C8F7DFEF68FAC9EE2BFD1FEE0000E6EDD5021FEE9805C9EE3808DFEF72
:20DD2000A40A5BF1CD0C33F3A50E5CF52110C8F7371168FAE1112BFD5CDC0108D8DD010833
:20DD40000207000038E10108000000005CDC0108ECDD01080207010038E101080000000059
:20DD60005CDC010800DE01080207020038E10108000000005CDC010814DE01080207030006
:20DD800038E10108000000005CDC010828DE01080207040038E10108000000005CDC0108A1
:20DDA0003CDE01080207050038E10108000000005CDC010850DE01080207060038E1010867
:20DDC00000000000000000000000000000000000000000000000000038DD01080000000025
:20DDE0000207000038E101084D8000084CDD0108000000000207010038E10108C98600086E
:20DE000060DD0108000000000207020038E101087590000874DD010800000000020703001C
:20DE200038E10108B597000888DD0108000000000207040038E10108058F00089CDD0108B1
:20DE4000000000000207050038E10108BD920008B0DD0108000000000207060038E1010874
:20DE60008D960008000000000000000000000000000000000000000020DC010804DF010886
:20DE80000206000080E101080000000020DC010818DF01080206010080E101080000000098
:20DEA00020DC01082CDF01080206020080E101080000000020DC010840DF0108020603009D
:20DEC00080E101080000000020DC010854DF01080206040080E101080000000020DC01081C
:20DEE00068DF01080206050080E1010800000000000000000000000000000000000000005B
:20DF00000000000078DE0108000000000206000080E10108E17100088CDE01080000000063
:20DF20000206010080E1010805770008A0DE0108000000000206020080E10108857B0008E7
:20DF4000B4DE0108000000000206030080E1010835940008C8DE0108000000000206040025
:20DF600080E10108BB940008DCDE0108000000000206050080E101084D95000800000000BC
:20DF80000000000000000000000000000000000005BDF8CFDF31BACFD5A2000000000000E8
:20DFA0000006BDF8CFDF31CCF8D5A20000000000000003B8E6BEAFB3F6BFDA00000000003C
:20DFC00000000004B6AFD7F7B3F6BFDA000000000000000002BDF8CFDF32BACFD5A2000031
:20DFE000000000000001BDF8CFDF32CCF8D5A20000000000000007B9FDB8BABAC9B3F6BF36
:20E00000DA0000000000000EB1B3B9E2BFD8D6C60000000000000000494C313D0000204182
:20E020002020000100000000494C323D000020412020000100000000554C313D0000205674
:20E040002020000000000000554C323D0000205620200000000000005561623100002056FB
:20E0600020200000000000005562633100002056202000000000000055636131000020569F
:20E0800020200000000000000720493D20010D3349303D01193349303D011A3349303D0174
:20E0A0000E20463D20090F4946323D01105542503D001120553D20001249323D200113491A
:20E0C000453D20011449503D2001253355303D002949313D20012B20553D20002C20553D9C
:20E0E00020002D20493D200100070000C4EB0108010400005CEA01080204000068EA010898
:20E100000304000074EA01080404000080EA0108050400008CEA01080604000098EA0108F9
:20E1200007040000A4EA010808040000B0EA0108000000000000000000060000E4E90108B2
:20E1400001040000ACE8010802040000BCE8010803040000CCE8010804040000DCE80108D1
:20E160000504000034EB010806040000ECE8010807040000FCE8010800000000000000008F
:20E1800000070000CCE9010801040000BCEA010802040000C8EA010803040000D4EA010877
:20E1A000040400005CE80108050400006CE80108060400007CE8010800000000000000002D
:20E1C00019E050F8041BCB0744BFA9F101035918121F0023042A41F8043BF9D25FEA827CEF
:20E1E0000B4604D54FF0000CA1F800C09B1CD10744BF0021197050F8042B002AE1D170470B
:20E20000E4DB01083CE20108010200000CE4010800000000E4DB010850E20108010201000C
:20E220000CE4010800000000000000000000000000000000000000000000000000E20108FA
:20E2400000000000010200000CE401087954000814E2010800000000010201000CE40108F1
:20E26000C5550008000000000000000000000000000000000000000030B501684268846898
:20E28000014401EB5203D20748BF4C44994201D10C3030BD11F9012B11F8015B002A04F8F1
:20E2A000015B02D5521CF9D1F0E7521EF4D5EDE7F8DB01080000000002010000E8E001085F
:20E2C0001157000800000000000000000000000000000000000000000CDC010800000000DD
:20E2E00002010000E8E00108115900080000000000000000000000000000000000000000D8
:20E3000034DC010828E3010802010000ACE501080000000000000000000000000000000033
:20E32000000000000000000000E301080000000002010000ACE50108716500080000000076
:20E340000000000000000000000000000000000048DC01080000000002010000E8E00108BC
:20E36000ED5E0008000000000000000000000000000000000000000070DC010800000000F5
:20E3800002010000E8E00108D9950008000000000000000000000000000000000000000033
:20E3A00010B5074979441831064C7C44163404E00A68081D114488470146A142F8D110BD87
:20E3C0002C000000480000004EF68851CEF20001086840F470000860BFF34F8FBFF36F8F2F
:20E3E0004FF00070E1EE100A70470000D5FDFFFFE049000068190020000000007DFEFFFFBB
:20E4000068090000E80000000000002000070000C0E90108010400003CE801080204000092
:20E420004CE8010800000000000000002532642C2020252E2A73202020252E2A73202020D8
:20E4400025312E3466200A0D0000000020302DCDCBB3F62000203123BDF8CFDF2000203240
:20E4600023BDF8CFDF20000025303258CAB125303258B7D625303258C3EB25303364BAC13C
:20E48000C3EB000020C3FBB3C62020202020B5A5CEBB2020202020CFB5CAFD0A0D000000F2
:20E4A0002532642C2020252E2A73202020252E2A73202020252E3766200A0D0080250000C9
:20E4C000C012000060090000B0040000004B000000E1000000C2010000F00BF8002801D072
:20E4E000FFF75EFF0020AFF30080FDF705FA00F002F80120704700F001B80000074638465E
:20E5000000F002F8FBE7000080B5AFF30080024A11001820ABBEFBE726000200203123203C
:20E520002020202020202020202020202032232000000000B3E4B5E73A2020202020202079
:20E54000202020202020202000000000B7C5B5E73A20202020202020202020202020202089
:20E5600000000000253034642E253458C4EA25303258D4C225303258C8D50000BEA7B6D441
:20E58000B1C8B6C82C20B2A2B0B4C8B7C8CFBCFC00000000B1A3B4E62E20202020202020B6
:20E5A00020202020202020200000000000060000D8E9010801040000E0EA010800000000B3
:20E5C000000000000A0D20D2A3B2E2B5E33A2025303264B8F62020200A0D000020D2A3D094
:20E5E000C5B5E33A2025303264B8F62020200A0D0000000020B1E0BAC52020202020C3FBC6
:20E60000B3C620202020200A0D000000560020412053B6C8B7D62057B7A620206D73485AFF
:20E62000202020BDF8CFDFB1B8D7D4CDB6D7B0D6C3000000302DCDCBB3F6000000312DCD97
:20E64000B6C8EB00000000002020C9CFBCFCBFA8D7A1C7EBBCECB2E900000000CDCBB3F6AC
:20E66000BCFCBFA8D7A1C7EBBCECB2E900000000C8B7C8CFBCFCBFA8D7A1C7EBBCECB2E96C
:20E68000000000002020D3D2BCFCBFA8D7A1C7EBBCECB2E9000000002020CFC2BCFCBFA819
:20E6A000D7A1C7EBBCECB2E9000000002020D7F3BCFCBFA8D7A1C7EBBCECB2E90000000057
:20E6C000B8B4B9E9BCFCBFA8D7A1C7EBBCECB2E900000000B0B4C9CFCFC2BCFCBFC9D2D42D
:20E6E000B5F7BDDAD2BA00002020CAB12020B7D62020C3EB202020BAC1C3EB00202020C329
:20E70000DCC2EBB4EDCEF32120202020000000002020CAC7B7F1B1A3B4E6B2CECAFD3F2060
:20E72000000000002020B1A3B4E6B2CECAFDB3C9B9A621200000000000000000E4DB010880
:20E7400000010000000000000000000040404070204080000404041C0804020132303233AA
:20E76000C4EA3032D4C23033C8D50000B0E6B1BEBAC53A415446322E303020004961203D73
:20E78000000020412020000188130000BFAAC8EBB1D5CBF8B7C5B5E700000000B1A3BBA40C
:20E7A000B6A8D6B5D0DEB8C400000000D1B9B0E5CDB6CDCBC7D0BBBB00000000BBD6B8B402
:20E7C000B3F6B3A7C9E8D6C300000000D7B0D6C3B2CECAFDD0DEB8C400000000D2BABEA76A
:20E7E000B6D4B1C8B6C8D6B53A000000BCCCB5E7B1A3BBA4C8EDBCFE00000000CFB5CDB389
:20E80000B2CECAFDC8B1CAA12E2E2E00D1B9B0E5C8B1CAA12E2E2E2E2E2E0000B6A8D6B543
:20E82000C8B1CAA12E2E2E2E2E2E0000D6D8C6F4CFB5CDB32E2E2E2E2E2E0000312EB2E966
:20E84000BFB4B1A3BBA4D6B500000000322EB2E9BFB4B2E2C1BFD6B500000000342EC9BE11
:20E86000B3FDCAC2BCFEBCC7C2BC0000352EC9BEB3FD534F45BCC7C2BC200000362EC9BE14
:20E88000B3FDB2D9D7F7BCC7C2BC000020B6A8D6B5C7F8B3F6B4ED212000000020B6A8D6C7
:20E8A000B5B9CCBBAFB3C9B9A6210000312ECFB5CDB3CAB1D6D3202020200000322E5253AC
:20E8C000343835C9E8D6C32020200000332ED2A3D0C5CAB1BCE4C9E8D6C30000342EB2E227
:20E8E000C1BFCFB5CAFDD0A3D7BC0000362ED2BABEA7B6D4B1C8B6C820200000372EB3F623
:20E90000B3A7C9E8D6C320202020000020202020C4EA2020D4C22020C8D50000C7EBCAE492
:20E92000C8EBD0C2C3DCC2EB3A000000FFFFFFFFFFFFFFFFFFFFFFFFFFFFFFFF2532642C35
:20E940002020252E2A7320200A0D00002532642C20B1B8D3C320200A0D0000002532642CEC
:20E96000202020B1B8D3C320200A0D002532642C202020252E2A7320200A0D002532642C6C
:20E980002020B1B8D3C320200A0D0000014880470148004791D60108A1EB0108B1B8D7D428
:20E9A000CDB6D1B9B0E500002020202020202020000000002534642E2530326400000000DF
:20E9C000BFCCB6C8CFD4CABE00000000CAC2B9CAD7B7D2E400000000B1A3BBA4B6A8D6B514
:20E9E00000000000B2CECAFDC9E8D6C300000000CEDECAC2B9CABCC7C2BC0000CEDE534F7C
:20EA000045BCC7C2BC000000CEDEB2D9D7F7BCC7C2BC0000B6A8D6B5C7F8C7D0BBBB0000F5
:20EA2000D7B0D6C3B8B4B9E900000000BFAAB9D8D2A3BFD800000000BFAAB3F6B2E2CAD45E
:20EA400000000000B4EDCEF3B4FAC2EB00000000B2E2C1BFD0A3D7BC3A000000312EBFCCBB
:20EA6000B6C8CFD4CABE0000322EBFAAC8EBCFD4CABE0000332EBFAAB3F6BCECB2E2000097
:20EA8000342ECAC2B9CAD7B7D2E40000352EB1A3BBA4B6A8D6B50000362ED1B9B0E5C9E88E
:20EAA000D6C30000372EB2CECAFDC9E8D6C30000382EB0E6B1BED0C5CFA20000312ECAC26B
:20EAC000B9CABCC7C2BC0000322E534F45BCC7C2BC000000332EB2D9D7F7BCC7C2BC0000AF
:20EAE000312ED5FBB6A8B6A8D6B50000B2E9BFB4B6A8D6B5C7F83A00D5FBB6A8B6A8D6B599
:20EB0000C7F83A00B9CCBBAFB6A8D6B5C7F83A00C7D0BBBBB6A8D6B5C7F83A00C7EBCAE4DC
:20EB2000C8EBC3DCC2EB3A00D1B9B0E5C3FBB3C600000000352EC3DCC2EBC9E8B6A8000088
:20EB40005253343835B5D8D6B73A00005253343835CBD9C2CA3A00005253343835B9E6D4B2
:20EB6000BC3A000020D2A3B2E2C9CFCBCD3A0000D2A3D0C5CAB1BCE43A000000C9BEB3FD76
:20EB8000B3C9B9A621000000C9BEB3FDCAA7B0DC21000000252E2A7320252E2A73255800A7
:20EBA000AFF30080FFF710FCFFF796FC2E303030000000002D253364000000002025336426
:20EBC00000000000D6F7B2CBB5A5000025332E31666B560025322E32666B560025332E311E
:20EBE0006656000025322E326656000025342E306641000025332E316641000025322E3273
:20EC00006641000020425A5425316400D2A3BFD800000000BECDB5D800000000CDA8B5C075
:20EC200000000000B7F9D6B500000000CFE0BDC700000000B2E2C1BFD6B50000B1D5BACFB8
:20EC400000000000B7D6BFAA00000000B6AFD7F700000000B7B5BBD800000000B7A2C9FA70
:20EC600000000000CFFBCAA700000000D7B4CCAC00000000393630300000000034383030BB
:20EC800000000000323430300000000031323030000000004D4F444255530000C4CFD7D4E3
:20ECA00039340000B6FEB4CED6B50000D2BBB4CED6B50000D0A3D1E9C2EB3A005549505139
:20ECC0004F4B21006D7300004F4E20004F464600FFF7FEBFFFF7FEBFFFF7FEBFFFF7FEBF35
:20ECE000FFF7FEBFFFF7FEBFFFF7FEBFFFF7FEBFFFF7FEBFFFF7FEBFFFF7FEBFFFF7FEBF7C
:20ED0000FFF7FEBFFFF7FEBFFFF7FEBFFFF7FEBFFFF7FEBFFFF7FEBFFFF7FEBFFFF7FEBF5B
:20ED2000FFF7FEBFFFF7FEBFFFF7FEBFFFF7FEBFFFF7FEBFFFF7FEBFFFF7FEBFFFF7FEBF3B
:20ED4000FFF7FEBFFFF7FEBFFFF7FEBFFFF7FEBFFFF7FEBFFFF7FEBFFFF7FEBFFFF7FEBF1B
:20ED6000FFF7FEBFFFF7FEBF270B30313233343536373839201130313233343536373839B0
:20ED80004142434445462000005A52523934324620FC00FC2033002041202000204220202D
:20EDA000002041422000204320200020434120002042432000414243200001020304060767
:20EDC000080902040608020C0810E400F8FFDC00FAFF8100D10004F401180008FFFFFFFFD1
:20EDE000FFFFFFFFFFFFFFFFFFFFFFFFFFFFFFFFFFFFFFFFFFFFFFFFFFFFFFFFFFFFFFFF33
:20EE0000FFFFFFFFFFFFFFFFFFFFFFFFFFFFFFFFFFFFFFFFFFFFFFFFFFFFFFFFFFFFFFFF12
:20EE2000FFFFFFFFFFFFFFFFFFFFFFFFFFFFFFFFFFFFFFFFFFFFFFFFFFFFFFFFFFFFFFFFF2
:20EE4000FFFFFFFFFFFFFFFFFFFFFFFFFFFFFFFFFFFFFFFFFFFFFFFFFFFFFFFFFFFFFFFFD2
:20EE6000FFFFFFFFFFFFFFFFFFFFFFFFFFFFFFFFFFFFFFFFFFFFFFFFFFFFFFFFFFFFFFFFB2
:20EE8000FFFFFFFFFFFFFFFFFFFFFFFFFFFFFFFFFFFFFFFFFFFFFFFFFFFFFFFFFFFFFFFF92
:20EEA000FFFFFFFFFFFFFFFFFFFFFFFFFFFFFFFFFFFFFFFFFFFFFFFFFFFFFFFFFFFFFFFF72
:20EEC000FFFFFFFFFFFFFFFFFFFFFFFFFFFFFFFFFFFFFFFFFFFFFFFFFFFFFFFFFFFFFFFF52
:20EEE000FFFFFFFFFFFFFFFFFFFFFFFFFFFFFFFFFFFFFFFFFFFFFFFFFFFFFFFFFFFFFFFF32
:20EF0000FFFFFFFFFFFFFFFFFFFFFFFFFFFFFFFFFFFFFFFFFFFFFFFFFFFFFFFFFFFFFFFF11
:20EF2000FFFFFFFFFFFFFFFFFFFFFFFFFFFFFFFFFFFFFFFFFFFFFFFFFFFFFFFFFFFFFFFFF1
:20EF4000FFFFFFFFFFFFFFFFFFFFFFFFFFFFFFFFFFFFFFFFFFFFFFFFFFFFFFFFFFFFFFFFD1
:20EF6000FFFFFFFFFFFFFFFFFFFFFFFFFFFFFFFFFFFFFFFFFFFFFFFFFFFFFFFFFFFFFFFFB1
:20EF8000FFFFFFFFFFFFFFFFFFFFFFFFFFFFFFFFFFFFFFFFFFFFFFFFFFFFFFFFFFFFFFFF91
:20EFA000FFFFFFFFFFFFFFFFFFFFFFFFFFFFFFFFFFFFFFFFFFFFFFFFFFFFFFFFFFFFFFFF71
:20EFC000FFFFFFFFFFFFFFFFFFFFFFFFFFFFFFFFFFFFFFFFFFFFFFFFFFFFFFFFFFFFFFFF51
:20EFE000FFFFFFFFFFFFFFFFFFFFFFFFFFFFFFFFFFFFFFFFFFFFFFFFFFFFFFFFFFFFFFFF31
:20F00000FFFFFFFFFFFFFFFFFFFFFFFFFFFFFFFFFFFFFFFFFFFFFFFFFFFFFFFFFFFFFFFF10
:20F02000FFFFFFFFFFFFFFFFFFFFFFFFFFFFFFFFFFFFFFFFFFFFFFFFFFFFFFFFFFFFFFFFF0
:20F04000FFFFFFFFFFFFFFFFFFFFFFFFFFFFFFFFFFFFFFFFFFFFFFFFFFFFFFFFFFFFFFFFD0
:20F06000FFFFFFFFFFFFFFFFFFFFFFFFFFFFFFFFFFFFFFFFFFFFFFFFFFFFFFFFFFFFFFFFB0
:20F08000FFFFFFFFFFFFFFFFFFFFFFFFFFFFFFFFFFFFFFFFFFFFFFFFFFFFFFFFFFFFFFFF90
:20F0A000FFFFFFFFFFFFFFFFFFFFFFFFFFFFFFFFFFFFFFFFFFFFFFFFFFFFFFFFFFFFFFFF70
:20F0C000FFFFFFFFFFFFFFFFFFFFFFFFFFFFFFFFFFFFFFFFFFFFFFFFFFFFFFFFFFFFFFFF50
:20F0E000FFFFFFFFFFFFFFFFFFFFFFFFFFFFFFFFFFFFFFFFFFFFFFFFFFFFFFFFFFFFFFFF30
:20F10000FFFFFFFFFFFFFFFFFFFFFFFFFFFFFFFFFFFFFFFFFFFFFFFFFFFFFFFFFFFFFFFF0F
:20F12000FFFFFFFFFFFFFFFFFFFFFFFFFFFFFFFFFFFFFFFFFFFFFFFFFFFFFFFFFFFFFFFFEF
:20F14000FFFFFFFFFFFFFFFFFFFFFFFFFFFFFFFFFFFFFFFFFFFFFFFFFFFFFFFFFFFFFFFFCF
:20F16000FFFFFFFFFFFFFFFFFFFFFFFFFFFFFFFFFFFFFFFFFFFFFFFFFFFFFFFFFFFFFFFFAF
:20F18000FFFFFFFFFFFFFFFFFFFFFFFFFFFFFFFFFFFFFFFFFFFFFFFFFFFFFFFFFFFFFFFF8F
:20F1A000FFFFFFFFFFFFFFFFFFFFFFFFFFFFFFFFFFFFFFFFFFFFFFFFFFFFFFFFFFFFFFFF6F
:20F1C000FFFFFFFFFFFFFFFFFFFFFFFFFFFFFFFFFFFFFFFFFFFFFFFFFFFFFFFFFFFFFFFF4F
:20F1E000FFFFFFFFFFFFFFFFFFFFFFFFFFFFFFFFFFFFFFFFFFFFFFFFFFFFFFFFFFFFFFFF2F
:20F20000FFFFFFFFFFFFFFFFFFFFFFFFFFFFFFFFFFFFFFFFFFFFFFFFFFFFFFFFFFFFFFFF0E
:20F22000FFFFFFFFFFFFFFFFFFFFFFFFFFFFFFFFFFFFFFFFFFFFFFFFFFFFFFFFFFFFFFFFEE
:20F24000FFFFFFFFFFFFFFFFFFFFFFFFFFFFFFFFFFFFFFFFFFFFFFFFFFFFFFFFFFFFFFFFCE
:20F26000FFFFFFFFFFFFFFFFFFFFFFFFFFFFFFFFFFFFFFFFFFFFFFFFFFFFFFFFFFFFFFFFAE
:20F28000FFFFFFFFFFFFFFFFFFFFFFFFFFFFFFFFFFFFFFFFFFFFFFFFFFFFFFFFFFFFFFFF8E
:20F2A000FFFFFFFFFFFFFFFFFFFFFFFFFFFFFFFFFFFFFFFFFFFFFFFFFFFFFFFFFFFFFFFF6E
:20F2C000FFFFFFFFFFFFFFFFFFFFFFFFFFFFFFFFFFFFFFFFFFFFFFFFFFFFFFFFFFFFFFFF4E
:20F2E000FFFFFFFFFFFFFFFFFFFFFFFFFFFFFFFFFFFFFFFFFFFFFFFFFFFFFFFFFFFFFFFF2E
:20F30000FFFFFFFFFFFFFFFFFFFFFFFFFFFFFFFFFFFFFFFFFFFFFFFFFFFFFFFFFFFFFFFF0D
:20F32000FFFFFFFFFFFFFFFFFFFFFFFFFFFFFFFFFFFFFFFFFFFFFFFFFFFFFFFFFFFFFFFFED
:20F34000FFFFFFFFFFFFFFFFFFFFFFFFFFFFFFFFFFFFFFFFFFFFFFFFFFFFFFFFFFFFFFFFCD
:20F36000FFFFFFFFFFFFFFFFFFFFFFFFFFFFFFFFFFFFFFFFFFFFFFFFFFFFFFFFFFFFFFFFAD
:20F38000FFFFFFFFFFFFFFFFFFFFFFFFFFFFFFFFFFFFFFFFFFFFFFFFFFFFFFFFFFFFFFFF8D
:20F3A000FFFFFFFFFFFFFFFFFFFFFFFFFFFFFFFFFFFFFFFFFFFFFFFFFFFFFFFFFFFFFFFF6D
:20F3C000FFFFFFFFFFFFFFFFFFFFFFFFFFFFFFFFFFFFFFFFFFFFFFFFFFFFFFFFFFFFFFFF4D
:20F3E000FFFFFFFFFFFFFFFFFFFFFFFFFFFFFFFFFFFFFFFFFFFFFFFFFFFFFFFFFFFFFFFF2D
:20F40000FFFFFFFFFFFFFFFFFFFFFFFFFFFFFFFFFFFFFFFFFFFFFFFFFFFFFFFFFFFFFFFF0C
:20F42000FFFFFFFFFFFFFFFFFFFFFFFFFFFFFFFFFFFFFFFFFFFFFFFFFFFFFFFFFFFFFFFFEC
:20F44000FFFFFFFFFFFFFFFFFFFFFFFFFFFFFFFFFFFFFFFFFFFFFFFFFFFFFFFFFFFFFFFFCC
:20F46000FFFFFFFFFFFFFFFFFFFFFFFFFFFFFFFFFFFFFFFFFFFFFFFFFFFFFFFFFFFFFFFFAC
:20F48000FFFFFFFFFFFFFFFFFFFFFFFFFFFFFFFFFFFFFFFFFFFFFFFFFFFFFFFFFFFFFFFF8C
:20F4A000FFFFFFFFFFFFFFFFFFFFFFFFFFFFFFFFFFFFFFFFFFFFFFFFFFFFFFFFFFFFFFFF6C
:20F4C000FFFFFFFFFFFFFFFFFFFFFFFFFFFFFFFFFFFFFFFFFFFFFFFFFFFFFFFFFFFFFFFF4C
:20F4E000FFFFFFFFFFFFFFFFFFFFFFFFFFFFFFFFFFFFFFFFFFFFFFFFFFFFFFFFFFFFFFFF2C
:20F50000FFFFFFFFFFFFFFFFFFFFFFFFFFFFFFFFFFFFFFFFFFFFFFFFFFFFFFFFFFFFFFFF0B
:20F52000FFFFFFFFFFFFFFFFFFFFFFFFFFFFFFFFFFFFFFFFFFFFFFFFFFFFFFFFFFFFFFFFEB
:20F54000FFFFFFFFFFFFFFFFFFFFFFFFFFFFFFFFFFFFFFFFFFFFFFFFFFFFFFFFFFFFFFFFCB
:20F56000FFFFFFFFFFFFFFFFFFFFFFFFFFFFFFFFFFFFFFFFFFFFFFFFFFFFFFFFFFFFFFFFAB
:20F58000FFFFFFFFFFFFFFFFFFFFFFFFFFFFFFFFFFFFFFFFFFFFFFFFFFFFFFFFFFFFFFFF8B
:20F5A000FFFFFFFFFFFFFFFFFFFFFFFFFFFFFFFFFFFFFFFFFFFFFFFFFFFFFFFFFFFFFFFF6B
:20F5C000FFFFFFFFFFFFFFFFFFFFFFFFFFFFFFFFFFFFFFFFFFFFFFFFFFFFFFFFFFFFFFFF4B
:20F5E000FFFFFFFFFFFFFFFFFFFFFFFFFFFFFFFFFFFFFFFFFFFFFFFFFFFFFFFFFFFFFFFF2B
:20F60000FFFFFFFFFFFFFFFFFFFFFFFFFFFFFFFFFFFFFFFFFFFFFFFFFFFFFFFFFFFFFFFF0A
:20F62000FFFFFFFFFFFFFFFFFFFFFFFFFFFFFFFFFFFFFFFFFFFFFFFFFFFFFFFFFFFFFFFFEA
:20F64000FFFFFFFFFFFFFFFFFFFFFFFFFFFFFFFFFFFFFFFFFFFFFFFFFFFFFFFFFFFFFFFFCA
:20F66000FFFFFFFFFFFFFFFFFFFFFFFFFFFFFFFFFFFFFFFFFFFFFFFFFFFFFFFFFFFFFFFFAA
:20F68000FFFFFFFFFFFFFFFFFFFFFFFFFFFFFFFFFFFFFFFFFFFFFFFFFFFFFFFFFFFFFFFF8A
:20F6A000FFFFFFFFFFFFFFFFFFFFFFFFFFFFFFFFFFFFFFFFFFFFFFFFFFFFFFFFFFFFFFFF6A
:20F6C000FFFFFFFFFFFFFFFFFFFFFFFFFFFFFFFFFFFFFFFFFFFFFFFFFFFFFFFFFFFFFFFF4A
:20F6E000FFFFFFFFFFFFFFFFFFFFFFFFFFFFFFFFFFFFFFFFFFFFFFFFFFFFFFFFFFFFFFFF2A
:20F70000FFFFFFFFFFFFFFFFFFFFFFFFFFFFFFFFFFFFFFFFFFFFFFFFFFFFFFFFFFFFFFFF09
:20F72000FFFFFFFFFFFFFFFFFFFFFFFFFFFFFFFFFFFFFFFFFFFFFFFFFFFFFFFFFFFFFFFFE9
:20F74000FFFFFFFFFFFFFFFFFFFFFFFFFFFFFFFFFFFFFFFFFFFFFFFFFFFFFFFFFFFFFFFFC9
:20F76000FFFFFFFFFFFFFFFFFFFFFFFFFFFFFFFFFFFFFFFFFFFFFFFFFFFFFFFFFFFFFFFFA9
:20F78000FFFFFFFFFFFFFFFFFFFFFFFFFFFFFFFFFFFFFFFFFFFFFFFFFFFFFFFFFFFFFFFF89
:20F7A000FFFFFFFFFFFFFFFFFFFFFFFFFFFFFFFFFFFFFFFFFFFFFFFFFFFFFFFFFFFFFFFF69
:20F7C000FFFFFFFFFFFFFFFFFFFFFFFFFFFFFFFFFFFFFFFFFFFFFFFFFFFFFFFFFFFFFFFF49
:20F7E000FFFFFFFFFFFFFFFFFFFFFFFFFFFFFFFFFFFFFFFFFFFFFFFFFFFFFFFFFFFFFFFF29
:20F80000FFFFFFFFFFFFFFFFFFFFFFFFFFFFFFFFFFFFFFFFFFFFFFFFFFFFFFFFFFFFFFFF08
:20F82000FFFFFFFFFFFFFFFFFFFFFFFFFFFFFFFFFFFFFFFFFFFFFFFFFFFFFFFFFFFFFFFFE8
:20F84000FFFFFFFFFFFFFFFFFFFFFFFFFFFFFFFFFFFFFFFFFFFFFFFFFFFFFFFFFFFFFFFFC8
:20F86000FFFFFFFFFFFFFFFFFFFFFFFFFFFFFFFFFFFFFFFFFFFFFFFFFFFFFFFFFFFFFFFFA8
:20F88000FFFFFFFFFFFFFFFFFFFFFFFFFFFFFFFFFFFFFFFFFFFFFFFFFFFFFFFFFFFFFFFF88
:20F8A000FFFFFFFFFFFFFFFFFFFFFFFFFFFFFFFFFFFFFFFFFFFFFFFFFFFFFFFFFFFFFFFF68
:20F8C000FFFFFFFFFFFFFFFFFFFFFFFFFFFFFFFFFFFFFFFFFFFFFFFFFFFFFFFFFFFFFFFF48
:20F8E000FFFFFFFFFFFFFFFFFFFFFFFFFFFFFFFFFFFFFFFFFFFFFFFFFFFFFFFFFFFFFFFF28
:20F90000FFFFFFFFFFFFFFFFFFFFFFFFFFFFFFFFFFFFFFFFFFFFFFFFFFFFFFFFFFFFFFFF07
:20F92000FFFFFFFFFFFFFFFFFFFFFFFFFFFFFFFFFFFFFFFFFFFFFFFFFFFFFFFFFFFFFFFFE7
:20F94000FFFFFFFFFFFFFFFFFFFFFFFFFFFFFFFFFFFFFFFFFFFFFFFFFFFFFFFFFFFFFFFFC7
:20F96000FFFFFFFFFFFFFFFFFFFFFFFFFFFFFFFFFFFFFFFFFFFFFFFFFFFFFFFFFFFFFFFFA7
:20F98000FFFFFFFFFFFFFFFFFFFFFFFFFFFFFFFFFFFFFFFFFFFFFFFFFFFFFFFFFFFFFFFF87
:20F9A000FFFFFFFFFFFFFFFFFFFFFFFFFFFFFFFFFFFFFFFFFFFFFFFFFFFFFFFFFFFFFFFF67
:20F9C000FFFFFFFFFFFFFFFFFFFFFFFFFFFFFFFFFFFFFFFFFFFFFFFFFFFFFFFFFFFFFFFF47
:20F9E000FFFFFFFFFFFFFFFFFFFFFFFFFFFFFFFFFFFFFFFFFFFFFFFFFFFFFFFFFFFFFFFF27
:20FA0000FFFFFFFFFFFFFFFFFFFFFFFFFFFFFFFFFFFFFFFFFFFFFFFFFFFFFFFFFFFFFFFF06
:20FA2000FFFFFFFFFFFFFFFFFFFFFFFFFFFFFFFFFFFFFFFFFFFFFFFFFFFFFFFFFFFFFFFFE6
:20FA4000FFFFFFFFFFFFFFFFFFFFFFFFFFFFFFFFFFFFFFFFFFFFFFFFFFFFFFFFFFFFFFFFC6
:20FA6000FFFFFFFFFFFFFFFFFFFFFFFFFFFFFFFFFFFFFFFFFFFFFFFFFFFFFFFFFFFFFFFFA6
:20FA8000FFFFFFFFFFFFFFFFFFFFFFFFFFFFFFFFFFFFFFFFFFFFFFFFFFFFFFFFFFFFFFFF86
:20FAA000FFFFFFFFFFFFFFFFFFFFFFFFFFFFFFFFFFFFFFFFFFFFFFFFFFFFFFFFFFFFFFFF66
:20FAC000FFFFFFFFFFFFFFFFFFFFFFFFFFFFFFFFFFFFFFFFFFFFFFFFFFFFFFFFFFFFFFFF46
:20FAE000FFFFFFFFFFFFFFFFFFFFFFFFFFFFFFFFFFFFFFFFFFFFFFFFFFFFFFFFFFFFFFFF26
:20FB0000FFFFFFFFFFFFFFFFFFFFFFFFFFFFFFFFFFFFFFFFFFFFFFFFFFFFFFFFFFFFFFFF05
:20FB2000FFFFFFFFFFFFFFFFFFFFFFFFFFFFFFFFFFFFFFFFFFFFFFFFFFFFFFFFFFFFFFFFE5
:20FB4000FFFFFFFFFFFFFFFFFFFFFFFFFFFFFFFFFFFFFFFFFFFFFFFFFFFFFFFFFFFFFFFFC5
:20FB6000FFFFFFFFFFFFFFFFFFFFFFFFFFFFFFFFFFFFFFFFFFFFFFFFFFFFFFFFFFFFFFFFA5
:20FB8000FFFFFFFFFFFFFFFFFFFFFFFFFFFFFFFFFFFFFFFFFFFFFFFFFFFFFFFFFFFFFFFF85
:20FBA000FFFFFFFFFFFFFFFFFFFFFFFFFFFFFFFFFFFFFFFFFFFFFFFFFFFFFFFFFFFFFFFF65
:20FBC000FFFFFFFFFFFFFFFFFFFFFFFFFFFFFFFFFFFFFFFFFFFFFFFFFFFFFFFFFFFFFFFF45
:20FBE000FFFFFFFFFFFFFFFFFFFFFFFFFFFFFFFFFFFFFFFFFFFFFFFFFFFFFFFFFFFFFFFF25
:20FC0000FFFFFFFFFFFFFFFFFFFFFFFFFFFFFFFFFFFFFFFFFFFFFFFFFFFFFFFFFFFFFFFF04
:20FC2000FFFFFFFFFFFFFFFFFFFFFFFFFFFFFFFFFFFFFFFFFFFFFFFFFFFFFFFFFFFFFFFFE4
:20FC4000FFFFFFFFFFFFFFFFFFFFFFFFFFFFFFFFFFFFFFFFFFFFFFFFFFFFFFFFFFFFFFFFC4
:20FC6000FFFFFFFFFFFFFFFFFFFFFFFFFFFFFFFFFFFFFFFFFFFFFFFFFFFFFFFFFFFFFFFFA4
:20FC8000FFFFFFFFFFFFFFFFFFFFFFFFFFFFFFFFFFFFFFFFFFFFFFFFFFFFFFFFFFFFFFFF84
:20FCA000FFFFFFFFFFFFFFFFFFFFFFFFFFFFFFFFFFFFFFFFFFFFFFFFFFFFFFFFFFFFFFFF64
:20FCC000FFFFFFFFFFFFFFFFFFFFFFFFFFFFFFFFFFFFFFFFFFFFFFFFFFFFFFFFFFFFFFFF44
:20FCE000FFFFFFFFFFFFFFFFFFFFFFFFFFFFFFFFFFFFFFFFFFFFFFFFFFFFFFFFFFFFFFFF24
:20FD0000FFFFFFFFFFFFFFFFFFFFFFFFFFFFFFFFFFFFFFFFFFFFFFFFFFFFFFFFFFFFFFFF03
:20FD2000FFFFFFFFFFFFFFFFFFFFFFFFFFFFFFFFFFFFFFFFFFFFFFFFFFFFFFFFFFFFFFFFE3
:20FD4000FFFFFFFFFFFFFFFFFFFFFFFFFFFFFFFFFFFFFFFFFFFFFFFFFFFFFFFFFFFFFFFFC3
:20FD6000FFFFFFFFFFFFFFFFFFFFFFFFFFFFFFFFFFFFFFFFFFFFFFFFFFFFFFFFFFFFFFFFA3
:20FD8000FFFFFFFFFFFFFFFFFFFFFFFFFFFFFFFFFFFFFFFFFFFFFFFFFFFFFFFFFFFFFFFF83
:20FDA000FFFFFFFFFFFFFFFFFFFFFFFFFFFFFFFFFFFFFFFFFFFFFFFFFFFFFFFFFFFFFFFF63
:20FDC000FFFFFFFFFFFFFFFFFFFFFFFFFFFFFFFFFFFFFFFFFFFFFFFFFFFFFFFFFFFFFFFF43
:20FDE000FFFFFFFFFFFFFFFFFFFFFFFFFFFFFFFFFFFFFFFFFFFFFFFFFFFFFFFFFFFFFFFF23
:20FE0000FFFFFFFFFFFFFFFFFFFFFFFFFFFFFFFFFFFFFFFFFFFFFFFFFFFFFFFFFFFFFFFF02
:20FE2000FFFFFFFFFFFFFFFFFFFFFFFFFFFFFFFFFFFFFFFFFFFFFFFFFFFFFFFFFFFFFFFFE2
:20FE4000FFFFFFFFFFFFFFFFFFFFFFFFFFFFFFFFFFFFFFFFFFFFFFFFFFFFFFFFFFFFFFFFC2
:20FE6000FFFFFFFFFFFFFFFFFFFFFFFFFFFFFFFFFFFFFFFFFFFFFFFFFFFFFFFFFFFFFFFFA2
:20FE8000FFFFFFFFFFFFFFFFFFFFFFFFFFFFFFFFFFFFFFFFFFFFFFFFFFFFFFFFFFFFFFFF82
:20FEA000FFFFFFFFFFFFFFFFFFFFFFFFFFFFFFFFFFFFFFFFFFFFFFFFFFFFFFFFFFFFFFFF62
:20FEC000FFFFFFFFFFFFFFFFFFFFFFFFFFFFFFFFFFFFFFFFFFFFFFFFFFFFFFFFFFFFFFFF42
:20FEE000FFFFFFFFFFFFFFFFFFFFFFFFFFFFFFFFFFFFFFFFFFFFFFFFFFFFFFFFFFFFFFFF22
:20FF0000FFFFFFFFFFFFFFFFFFFFFFFFFFFFFFFFFFFFFFFFFFFFFFFFFFFFFFFFFFFFFFFF01
:20FF2000FFFFFFFFFFFFFFFFFFFFFFFFFFFFFFFFFFFFFFFFFFFFFFFFFFFFFFFFFFFFFFFFE1
:20FF4000FFFFFFFFFFFFFFFFFFFFFFFFFFFFFFFFFFFFFFFFFFFFFFFFFFFFFFFFFFFFFFFFC1
:20FF6000FFFFFFFFFFFFFFFFFFFFFFFFFFFFFFFFFFFFFFFFFFFFFFFFFFFFFFFFFFFFFFFFA1
:20FF8000FFFFFFFFFFFFFFFFFFFFFFFFFFFFFFFFFFFFFFFFFFFFFFFFFFFFFFFFFFFFFFFF81
:20FFA000FFFFFFFFFFFFFFFFFFFFFFFFFFFFFFFFFFFFFFFFFFFFFFFFFFFFFFFFFFFFFFFF61
:20FFC000FFFFFFFFFFFFFFFFFFFFFFFFFFFFFFFFFFFFFFFFFFFFFFFFFFFFFFFFFFFFFFFF41
:20FFE000FFFFFFFFFFFFFFFFFFFFFFFFFFFFFFFFFFFFFFFFFFFFFFFFFFFFFFFFFFFFFFFF21
:020000040802F0
:20000000FFFFFFFFFFFFFFFFFFFFFFFFFFFFFFFFFFFFFFFFFFFFFFFFFFFFFFFFFFFFFFFF00
:20002000FFFFFFFFFFFFFFFFFFFFFFFFFFFFFFFFFFFFFFFFFFFFFFFFFFFFFFFFFFFFFFFFE0
:20004000FFFFFFFFFFFFFFFFFFFFFFFFFFFFFFFFFFFFFFFFFFFFFFFFFFFFFFFFFFFFFFFFC0
:20006000FFFFFFFFFFFFFFFFFFFFFFFFFFFFFFFFFFFFFFFFFFFFFFFFFFFFFFFFFFFFFFFFA0
:20008000FFFFFFFFFFFFFFFFFFFFFFFFFFFFFFFFFFFFFFFFFFFFFFFFFFFFFFFFFFFFFFFF80
:2000A000FFFFFFFFFFFFFFFFFFFFFFFFFFFFFFFFFFFFFFFFFFFFFFFFFFFFFFFFFFFFFFFF60
:2000C000FFFFFFFFFFFFFFFFFFFFFFFFFFFFFFFFFFFFFFFFFFFFFFFFFFFFFFFFFFFFFFFF40
:2000E000FFFFFFFFFFFFFFFFFFFFFFFFFFFFFFFFFFFFFFFFFFFFFFFFFFFFFFFFFFFFFFFF20
:20010000FFFFFFFFFFFFFFFFFFFFFFFFFFFFFFFFFFFFFFFFFFFFFFFFFFFFFFFFFFFFFFFFFF
:20012000FFFFFFFFFFFFFFFFFFFFFFFFFFFFFFFFFFFFFFFFFFFFFFFFFFFFFFFFFFFFFFFFDF
:20014000FFFFFFFFFFFFFFFFFFFFFFFFFFFFFFFFFFFFFFFFFFFFFFFFFFFFFFFFFFFFFFFFBF
:20016000FFFFFFFFFFFFFFFFFFFFFFFFFFFFFFFFFFFFFFFFFFFFFFFFFFFFFFFFFFFFFFFF9F
:20018000FFFFFFFFFFFFFFFFFFFFFFFFFFFFFFFFFFFFFFFFFFFFFFFFFFFFFFFFFFFFFFFF7F
:2001A000FFFFFFFFFFFFFFFFFFFFFFFFFFFFFFFFFFFFFFFFFFFFFFFFFFFFFFFFFFFFFFFF5F
:2001C000FFFFFFFFFFFFFFFFFFFFFFFFFFFFFFFFFFFFFFFFFFFFFFFFFFFFFFFFFFFFFFFF3F
:2001E000FFFFFFFFFFFFFFFFFFFFFFFFFFFFFFFFFFFFFFFFFFFFFFFFFFFFFFFFFFFFFFFF1F
:20020000FFFFFFFFFFFFFFFFFFFFFFFFFFFFFFFFFFFFFFFFFFFFFFFFFFFFFFFFFFFFFFFFFE
:20022000FFFFFFFFFFFFFFFFFFFFFFFFFFFFFFFFFFFFFFFFFFFFFFFFFFFFFFFFFFFFFFFFDE
:20024000FFFFFFFFFFFFFFFFFFFFFFFFFFFFFFFFFFFFFFFFFFFFFFFFFFFFFFFFFFFFFFFFBE
:20026000FFFFFFFFFFFFFFFFFFFFFFFFFFFFFFFFFFFFFFFFFFFFFFFFFFFFFFFFFFFFFFFF9E
:20028000FFFFFFFFFFFFFFFFFFFFFFFFFFFFFFFFFFFFFFFFFFFFFFFFFFFFFFFFFFFFFFFF7E
:2002A000FFFFFFFFFFFFFFFFFFFFFFFFFFFFFFFFFFFFFFFFFFFFFFFFFFFFFFFFFFFFFFFF5E
:2002C000FFFFFFFFFFFFFFFFFFFFFFFFFFFFFFFFFFFFFFFFFFFFFFFFFFFFFFFFFFFFFFFF3E
:2002E000FFFFFFFFFFFFFFFFFFFFFFFFFFFFFFFFFFFFFFFFFFFFFFFFFFFFFFFFFFFFFFFF1E
:20030000FFFFFFFFFFFFFFFFFFFFFFFFFFFFFFFFFFFFFFFFFFFFFFFFFFFFFFFFFFFFFFFFFD
:20032000FFFFFFFFFFFFFFFFFFFFFFFFFFFFFFFFFFFFFFFFFFFFFFFFFFFFFFFFFFFFFFFFDD
:20034000FFFFFFFFFFFFFFFFFFFFFFFFFFFFFFFFFFFFFFFFFFFFFFFFFFFFFFFFFFFFFFFFBD
:20036000FFFFFFFFFFFFFFFFFFFFFFFFFFFFFFFFFFFFFFFFFFFFFFFFFFFFFFFFFFFFFFFF9D
:20038000FFFFFFFFFFFFFFFFFFFFFFFFFFFFFFFFFFFFFFFFFFFFFFFFFFFFFFFFFFFFFFFF7D
:2003A000FFFFFFFFFFFFFFFFFFFFFFFFFFFFFFFFFFFFFFFFFFFFFFFFFFFFFFFFFFFFFFFF5D
:2003C000FFFFFFFFFFFFFFFFFFFFFFFFFFFFFFFFFFFFFFFFFFFFFFFFFFFFFFFFFFFFFFFF3D
:2003E000FFFFFFFFFFFFFFFFFFFFFFFFFFFFFFFFFFFFFFFFFFFFFFFFFFFFFFFFFFFFFFFF1D
:20040000FFFFFFFFFFFFFFFFFFFFFFFFFFFFFFFFFFFFFFFFFFFFFFFFFFFFFFFFFFFFFFFFFC
:20042000FFFFFFFFFFFFFFFFFFFFFFFFFFFFFFFFFFFFFFFFFFFFFFFFFFFFFFFFFFFFFFFFDC
:20044000FFFFFFFFFFFFFFFFFFFFFFFFFFFFFFFFFFFFFFFFFFFFFFFFFFFFFFFFFFFFFFFFBC
:20046000FFFFFFFFFFFFFFFFFFFFFFFFFFFFFFFFFFFFFFFFFFFFFFFFFFFFFFFFFFFFFFFF9C
:20048000FFFFFFFFFFFFFFFFFFFFFFFFFFFFFFFFFFFFFFFFFFFFFFFFFFFFFFFFFFFFFFFF7C
:2004A000FFFFFFFFFFFFFFFFFFFFFFFFFFFFFFFFFFFFFFFFFFFFFFFFFFFFFFFFFFFFFFFF5C
:2004C000FFFFFFFFFFFFFFFFFFFFFFFFFFFFFFFFFFFFFFFFFFFFFFFFFFFFFFFFFFFFFFFF3C
:2004E000FFFFFFFFFFFFFFFFFFFFFFFFFFFFFFFFFFFFFFFFFFFFFFFFFFFFFFFFFFFFFFFF1C
:20050000FFFFFFFFFFFFFFFFFFFFFFFFFFFFFFFFFFFFFFFFFFFFFFFFFFFFFFFFFFFFFFFFFB
:20052000FFFFFFFFFFFFFFFFFFFFFFFFFFFFFFFFFFFFFFFFFFFFFFFFFFFFFFFFFFFFFFFFDB
:20054000FFFFFFFFFFFFFFFFFFFFFFFFFFFFFFFFFFFFFFFFFFFFFFFFFFFFFFFFFFFFFFFFBB
:20056000FFFFFFFFFFFFFFFFFFFFFFFFFFFFFFFFFFFFFFFFFFFFFFFFFFFFFFFFFFFFFFFF9B
:20058000FFFFFFFFFFFFFFFFFFFFFFFFFFFFFFFFFFFFFFFFFFFFFFFFFFFFFFFFFFFFFFFF7B
:2005A000FFFFFFFFFFFFFFFFFFFFFFFFFFFFFFFFFFFFFFFFFFFFFFFFFFFFFFFFFFFFFFFF5B
:2005C000FFFFFFFFFFFFFFFFFFFFFFFFFFFFFFFFFFFFFFFFFFFFFFFFFFFFFFFFFFFFFFFF3B
:2005E000FFFFFFFFFFFFFFFFFFFFFFFFFFFFFFFFFFFFFFFFFFFFFFFFFFFFFFFFFFFFFFFF1B
:20060000FFFFFFFFFFFFFFFFFFFFFFFFFFFFFFFFFFFFFFFFFFFFFFFFFFFFFFFFFFFFFFFFFA
:20062000FFFFFFFFFFFFFFFFFFFFFFFFFFFFFFFFFFFFFFFFFFFFFFFFFFFFFFFFFFFFFFFFDA
:20064000FFFFFFFFFFFFFFFFFFFFFFFFFFFFFFFFFFFFFFFFFFFFFFFFFFFFFFFFFFFFFFFFBA
:20066000FFFFFFFFFFFFFFFFFFFFFFFFFFFFFFFFFFFFFFFFFFFFFFFFFFFFFFFFFFFFFFFF9A
:20068000FFFFFFFFFFFFFFFFFFFFFFFFFFFFFFFFFFFFFFFFFFFFFFFFFFFFFFFFFFFFFFFF7A
:2006A000FFFFFFFFFFFFFFFFFFFFFFFFFFFFFFFFFFFFFFFFFFFFFFFFFFFFFFFFFFFFFFFF5A
:2006C000FFFFFFFFFFFFFFFFFFFFFFFFFFFFFFFFFFFFFFFFFFFFFFFFFFFFFFFFFFFFFFFF3A
:2006E000FFFFFFFFFFFFFFFFFFFFFFFFFFFFFFFFFFFFFFFFFFFFFFFFFFFFFFFFFFFFFFFF1A
:20070000FFFFFFFFFFFFFFFFFFFFFFFFFFFFFFFFFFFFFFFFFFFFFFFFFFFFFFFFFFFFFFFFF9
:20072000FFFFFFFFFFFFFFFFFFFFFFFFFFFFFFFFFFFFFFFFFFFFFFFFFFFFFFFFFFFFFFFFD9
:20074000FFFFFFFFFFFFFFFFFFFFFFFFFFFFFFFFFFFFFFFFFFFFFFFFFFFFFFFFFFFFFFFFB9
:20076000FFFFFFFFFFFFFFFFFFFFFFFFFFFFFFFFFFFFFFFFFFFFFFFFFFFFFFFFFFFFFFFF99
:20078000FFFFFFFFFFFFFFFFFFFFFFFFFFFFFFFFFFFFFFFFFFFFFFFFFFFFFFFFFFFFFFFF79
:2007A000FFFFFFFFFFFFFFFFFFFFFFFFFFFFFFFFFFFFFFFFFFFFFFFFFFFFFFFFFFFFFFFF59
:2007C000FFFFFFFFFFFFFFFFFFFFFFFFFFFFFFFFFFFFFFFFFFFFFFFFFFFFFFFFFFFFFFFF39
:2007E000FFFFFFFFFFFFFFFFFFFFFFFFFFFFFFFFFFFFFFFFFFFFFFFFFFFFFFFFFFFFFFFF19
:20080000FFFFFFFFFFFFFFFFFFFFFFFFFFFFFFFFFFFFFFFFFFFFFFFFFFFFFFFFFFFFFFFFF8
:20082000FFFFFFFFFFFFFFFFFFFFFFFFFFFFFFFFFFFFFFFFFFFFFFFFFFFFFFFFFFFFFFFFD8
:20084000FFFFFFFFFFFFFFFFFFFFFFFFFFFFFFFFFFFFFFFFFFFFFFFFFFFFFFFFFFFFFFFFB8
:20086000FFFFFFFFFFFFFFFFFFFFFFFFFFFFFFFFFFFFFFFFFFFFFFFFFFFFFFFFFFFFFFFF98
:20088000FFFFFFFFFFFFFFFFFFFFFFFFFFFFFFFFFFFFFFFFFFFFFFFFFFFFFFFFFFFFFFFF78
:2008A000FFFFFFFFFFFFFFFFFFFFFFFFFFFFFFFFFFFFFFFFFFFFFFFFFFFFFFFFFFFFFFFF58
:2008C000FFFFFFFFFFFFFFFFFFFFFFFFFFFFFFFFFFFFFFFFFFFFFFFFFFFFFFFFFFFFFFFF38
:2008E000FFFFFFFFFFFFFFFFFFFFFFFFFFFFFFFFFFFFFFFFFFFFFFFFFFFFFFFFFFFFFFFF18
:20090000FFFFFFFFFFFFFFFFFFFFFFFFFFFFFFFFFFFFFFFFFFFFFFFFFFFFFFFFFFFFFFFFF7
:20092000FFFFFFFFFFFFFFFFFFFFFFFFFFFFFFFFFFFFFFFFFFFFFFFFFFFFFFFFFFFFFFFFD7
:20094000FFFFFFFFFFFFFFFFFFFFFFFFFFFFFFFFFFFFFFFFFFFFFFFFFFFFFFFFFFFFFFFFB7
:20096000FFFFFFFFFFFFFFFFFFFFFFFFFFFFFFFFFFFFFFFFFFFFFFFFFFFFFFFFFFFFFFFF97
:20098000FFFFFFFFFFFFFFFFFFFFFFFFFFFFFFFFFFFFFFFFFFFFFFFFFFFFFFFFFFFFFFFF77
:2009A000FFFFFFFFFFFFFFFFFFFFFFFFFFFFFFFFFFFFFFFFFFFFFFFFFFFFFFFFFFFFFFFF57
:2009C000FFFFFFFFFFFFFFFFFFFFFFFFFFFFFFFFFFFFFFFFFFFFFFFFFFFFFFFFFFFFFFFF37
:2009E000FFFFFFFFFFFFFFFFFFFFFFFFFFFFFFFFFFFFFFFFFFFFFFFFFFFFFFFFFFFFFFFF17
:200A0000FFFFFFFFFFFFFFFFFFFFFFFFFFFFFFFFFFFFFFFFFFFFFFFFFFFFFFFFFFFFFFFFF6
:200A2000FFFFFFFFFFFFFFFFFFFFFFFFFFFFFFFFFFFFFFFFFFFFFFFFFFFFFFFFFFFFFFFFD6
:200A4000FFFFFFFFFFFFFFFFFFFFFFFFFFFFFFFFFFFFFFFFFFFFFFFFFFFFFFFFFFFFFFFFB6
:200A6000FFFFFFFFFFFFFFFFFFFFFFFFFFFFFFFFFFFFFFFFFFFFFFFFFFFFFFFFFFFFFFFF96
:200A8000FFFFFFFFFFFFFFFFFFFFFFFFFFFFFFFFFFFFFFFFFFFFFFFFFFFFFFFFFFFFFFFF76
:200AA000FFFFFFFFFFFFFFFFFFFFFFFFFFFFFFFFFFFFFFFFFFFFFFFFFFFFFFFFFFFFFFFF56
:200AC000FFFFFFFFFFFFFFFFFFFFFFFFFFFFFFFFFFFFFFFFFFFFFFFFFFFFFFFFFFFFFFFF36
:200AE000FFFFFFFFFFFFFFFFFFFFFFFFFFFFFFFFFFFFFFFFFFFFFFFFFFFFFFFFFFFFFFFF16
:200B0000FFFFFFFFFFFFFFFFFFFFFFFFFFFFFFFFFFFFFFFFFFFFFFFFFFFFFFFFFFFFFFFFF5
:200B2000FFFFFFFFFFFFFFFFFFFFFFFFFFFFFFFFFFFFFFFFFFFFFFFFFFFFFFFFFFFFFFFFD5
:200B4000FFFFFFFFFFFFFFFFFFFFFFFFFFFFFFFFFFFFFFFFFFFFFFFFFFFFFFFFFFFFFFFFB5
:200B6000FFFFFFFFFFFFFFFFFFFFFFFFFFFFFFFFFFFFFFFFFFFFFFFFFFFFFFFFFFFFFFFF95
:200B8000FFFFFFFFFFFFFFFFFFFFFFFFFFFFFFFFFFFFFFFFFFFFFFFFFFFFFFFFFFFFFFFF75
:200BA000FFFFFFFFFFFFFFFFFFFFFFFFFFFFFFFFFFFFFFFFFFFFFFFFFFFFFFFFFFFFFFFF55
:200BC000FFFFFFFFFFFFFFFFFFFFFFFFFFFFFFFFFFFFFFFFFFFFFFFFFFFFFFFFFFFFFFFF35
:200BE000FFFFFFFFFFFFFFFFFFFFFFFFFFFFFFFFFFFFFFFFFFFFFFFFFFFFFFFFFFFFFFFF15
:200C0000FFFFFFFFFFFFFFFFFFFFFFFFFFFFFFFFFFFFFFFFFFFFFFFFFFFFFFFFFFFFFFFFF4
:200C2000FFFFFFFFFFFFFFFFFFFFFFFFFFFFFFFFFFFFFFFFFFFFFFFFFFFFFFFFFFFFFFFFD4
:200C4000FFFFFFFFFFFFFFFFFFFFFFFFFFFFFFFFFFFFFFFFFFFFFFFFFFFFFFFFFFFFFFFFB4
:200C6000FFFFFFFFFFFFFFFFFFFFFFFFFFFFFFFFFFFFFFFFFFFFFFFFFFFFFFFFFFFFFFFF94
:200C8000FFFFFFFFFFFFFFFFFFFFFFFFFFFFFFFFFFFFFFFFFFFFFFFFFFFFFFFFFFFFFFFF74
:200CA000FFFFFFFFFFFFFFFFFFFFFFFFFFFFFFFFFFFFFFFFFFFFFFFFFFFFFFFFFFFFFFFF54
:200CC000FFFFFFFFFFFFFFFFFFFFFFFFFFFFFFFFFFFFFFFFFFFFFFFFFFFFFFFFFFFFFFFF34
:200CE000FFFFFFFFFFFFFFFFFFFFFFFFFFFFFFFFFFFFFFFFFFFFFFFFFFFFFFFFFFFFFFFF14
:200D0000FFFFFFFFFFFFFFFFFFFFFFFFFFFFFFFFFFFFFFFFFFFFFFFFFFFFFFFFFFFFFFFFF3
:200D2000FFFFFFFFFFFFFFFFFFFFFFFFFFFFFFFFFFFFFFFFFFFFFFFFFFFFFFFFFFFFFFFFD3
:200D4000FFFFFFFFFFFFFFFFFFFFFFFFFFFFFFFFFFFFFFFFFFFFFFFFFFFFFFFFFFFFFFFFB3
:200D6000FFFFFFFFFFFFFFFFFFFFFFFFFFFFFFFFFFFFFFFFFFFFFFFFFFFFFFFFFFFFFFFF93
:200D8000FFFFFFFFFFFFFFFFFFFFFFFFFFFFFFFFFFFFFFFFFFFFFFFFFFFFFFFFFFFFFFFF73
:200DA000FFFFFFFFFFFFFFFFFFFFFFFFFFFFFFFFFFFFFFFFFFFFFFFFFFFFFFFFFFFFFFFF53
:200DC000FFFFFFFFFFFFFFFFFFFFFFFFFFFFFFFFFFFFFFFFFFFFFFFFFFFFFFFFFFFFFFFF33
:200DE000FFFFFFFFFFFFFFFFFFFFFFFFFFFFFFFFFFFFFFFFFFFFFFFFFFFFFFFFFFFFFFFF13
:200E0000FFFFFFFFFFFFFFFFFFFFFFFFFFFFFFFFFFFFFFFFFFFFFFFFFFFFFFFFFFFFFFFFF2
:200E2000FFFFFFFFFFFFFFFFFFFFFFFFFFFFFFFFFFFFFFFFFFFFFFFFFFFFFFFFFFFFFFFFD2
:200E4000FFFFFFFFFFFFFFFFFFFFFFFFFFFFFFFFFFFFFFFFFFFFFFFFFFFFFFFFFFFFFFFFB2
:200E6000FFFFFFFFFFFFFFFFFFFFFFFFFFFFFFFFFFFFFFFFFFFFFFFFFFFFFFFFFFFFFFFF92
:200E8000FFFFFFFFFFFFFFFFFFFFFFFFFFFFFFFFFFFFFFFFFFFFFFFFFFFFFFFFFFFFFFFF72
:200EA000FFFFFFFFFFFFFFFFFFFFFFFFFFFFFFFFFFFFFFFFFFFFFFFFFFFFFFFFFFFFFFFF52
:200EC000FFFFFFFFFFFFFFFFFFFFFFFFFFFFFFFFFFFFFFFFFFFFFFFFFFFFFFFFFFFFFFFF32
:200EE000FFFFFFFFFFFFFFFFFFFFFFFFFFFFFFFFFFFFFFFFFFFFFFFFFFFFFFFFFFFFFFFF12
:200F0000FFFFFFFFFFFFFFFFFFFFFFFFFFFFFFFFFFFFFFFFFFFFFFFFFFFFFFFFFFFFFFFFF1
:200F2000FFFFFFFFFFFFFFFFFFFFFFFFFFFFFFFFFFFFFFFFFFFFFFFFFFFFFFFFFFFFFFFFD1
:200F4000FFFFFFFFFFFFFFFFFFFFFFFFFFFFFFFFFFFFFFFFFFFFFFFFFFFFFFFFFFFFFFFFB1
:200F6000FFFFFFFFFFFFFFFFFFFFFFFFFFFFFFFFFFFFFFFFFFFFFFFFFFFFFFFFFFFFFFFF91
:200F8000FFFFFFFFFFFFFFFFFFFFFFFFFFFFFFFFFFFFFFFFFFFFFFFFFFFFFFFFFFFFFFFF71
:200FA000FFFFFFFFFFFFFFFFFFFFFFFFFFFFFFFFFFFFFFFFFFFFFFFFFFFFFFFFFFFFFFFF51
:200FC000FFFFFFFFFFFFFFFFFFFFFFFFFFFFFFFFFFFFFFFFFFFFFFFFFFFFFFFFFFFFFFFF31
:200FE000FFFFFFFFFFFFFFFFFFFFFFFFFFFFFFFFFFFFFFFFFFFFFFFFFFFFFFFFFFFFFFFF11
:20100000FFFFFFFFFFFFFFFFFFFFFFFFFFFFFFFFFFFFFFFFFFFFFFFFFFFFFFFFFFFFFFFFF0
:20102000FFFFFFFFFFFFFFFFFFFFFFFFFFFFFFFFFFFFFFFFFFFFFFFFFFFFFFFFFFFFFFFFD0
:20104000FFFFFFFFFFFFFFFFFFFFFFFFFFFFFFFFFFFFFFFFFFFFFFFFFFFFFFFFFFFFFFFFB0
:20106000FFFFFFFFFFFFFFFFFFFFFFFFFFFFFFFFFFFFFFFFFFFFFFFFFFFFFFFFFFFFFFFF90
:20108000FFFFFFFFFFFFFFFFFFFFFFFFFFFFFFFFFFFFFFFFFFFFFFFFFFFFFFFFFFFFFFFF70
:2010A000FFFFFFFFFFFFFFFFFFFFFFFFFFFFFFFFFFFFFFFFFFFFFFFFFFFFFFFFFFFFFFFF50
:2010C000FFFFFFFFFFFFFFFFFFFFFFFFFFFFFFFFFFFFFFFFFFFFFFFFFFFFFFFFFFFFFFFF30
:2010E000FFFFFFFFFFFFFFFFFFFFFFFFFFFFFFFFFFFFFFFFFFFFFFFFFFFFFFFFFFFFFFFF10
:20110000FFFFFFFFFFFFFFFFFFFFFFFFFFFFFFFFFFFFFFFFFFFFFFFFFFFFFFFFFFFFFFFFEF
:20112000FFFFFFFFFFFFFFFFFFFFFFFFFFFFFFFFFFFFFFFFFFFFFFFFFFFFFFFFFFFFFFFFCF
:20114000FFFFFFFFFFFFFFFFFFFFFFFFFFFFFFFFFFFFFFFFFFFFFFFFFFFFFFFFFFFFFFFFAF
:20116000FFFFFFFFFFFFFFFFFFFFFFFFFFFFFFFFFFFFFFFFFFFFFFFFFFFFFFFFFFFFFFFF8F
:20118000FFFFFFFFFFFFFFFFFFFFFFFFFFFFFFFFFFFFFFFFFFFFFFFFFFFFFFFFFFFFFFFF6F
:2011A000FFFFFFFFFFFFFFFFFFFFFFFFFFFFFFFFFFFFFFFFFFFFFFFFFFFFFFFFFFFFFFFF4F
:2011C000FFFFFFFFFFFFFFFFFFFFFFFFFFFFFFFFFFFFFFFFFFFFFFFFFFFFFFFFFFFFFFFF2F
:2011E000FFFFFFFFFFFFFFFFFFFFFFFFFFFFFFFFFFFFFFFFFFFFFFFFFFFFFFFFFFFFFFFF0F
:20120000FFFFFFFFFFFFFFFFFFFFFFFFFFFFFFFFFFFFFFFFFFFFFFFFFFFFFFFFFFFFFFFFEE
:20122000FFFFFFFFFFFFFFFFFFFFFFFFFFFFFFFFFFFFFFFFFFFFFFFFFFFFFFFFFFFFFFFFCE
:20124000FFFFFFFFFFFFFFFFFFFFFFFFFFFFFFFFFFFFFFFFFFFFFFFFFFFFFFFFFFFFFFFFAE
:20126000FFFFFFFFFFFFFFFFFFFFFFFFFFFFFFFFFFFFFFFFFFFFFFFFFFFFFFFFFFFFFFFF8E
:20128000FFFFFFFFFFFFFFFFFFFFFFFFFFFFFFFFFFFFFFFFFFFFFFFFFFFFFFFFFFFFFFFF6E
:2012A000FFFFFFFFFFFFFFFFFFFFFFFFFFFFFFFFFFFFFFFFFFFFFFFFFFFFFFFFFFFFFFFF4E
:2012C000FFFFFFFFFFFFFFFFFFFFFFFFFFFFFFFFFFFFFFFFFFFFFFFFFFFFFFFFFFFFFFFF2E
:2012E000FFFFFFFFFFFFFFFFFFFFFFFFFFFFFFFFFFFFFFFFFFFFFFFFFFFFFFFFFFFFFFFF0E
:20130000FFFFFFFFFFFFFFFFFFFFFFFFFFFFFFFFFFFFFFFFFFFFFFFFFFFFFFFFFFFFFFFFED
:20132000FFFFFFFFFFFFFFFFFFFFFFFFFFFFFFFFFFFFFFFFFFFFFFFFFFFFFFFFFFFFFFFFCD
:20134000FFFFFFFFFFFFFFFFFFFFFFFFFFFFFFFFFFFFFFFFFFFFFFFFFFFFFFFFFFFFFFFFAD
:20136000FFFFFFFFFFFFFFFFFFFFFFFFFFFFFFFFFFFFFFFFFFFFFFFFFFFFFFFFFFFFFFFF8D
:20138000FFFFFFFFFFFFFFFFFFFFFFFFFFFFFFFFFFFFFFFFFFFFFFFFFFFFFFFFFFFFFFFF6D
:2013A000FFFFFFFFFFFFFFFFFFFFFFFFFFFFFFFFFFFFFFFFFFFFFFFFFFFFFFFFFFFFFFFF4D
:2013C000FFFFFFFFFFFFFFFFFFFFFFFFFFFFFFFFFFFFFFFFFFFFFFFFFFFFFFFFFFFFFFFF2D
:2013E000FFFFFFFFFFFFFFFFFFFFFFFFFFFFFFFFFFFFFFFFFFFFFFFFFFFFFFFFFFFFFFFF0D
:20140000FFFFFFFFFFFFFFFFFFFFFFFFFFFFFFFFFFFFFFFFFFFFFFFFFFFFFFFFFFFFFFFFEC
:20142000FFFFFFFFFFFFFFFFFFFFFFFFFFFFFFFFFFFFFFFFFFFFFFFFFFFFFFFFFFFFFFFFCC
:20144000FFFFFFFFFFFFFFFFFFFFFFFFFFFFFFFFFFFFFFFFFFFFFFFFFFFFFFFFFFFFFFFFAC
:20146000FFFFFFFFFFFFFFFFFFFFFFFFFFFFFFFFFFFFFFFFFFFFFFFFFFFFFFFFFFFFFFFF8C
:20148000FFFFFFFFFFFFFFFFFFFFFFFFFFFFFFFFFFFFFFFFFFFFFFFFFFFFFFFFFFFFFFFF6C
:2014A000FFFFFFFFFFFFFFFFFFFFFFFFFFFFFFFFFFFFFFFFFFFFFFFFFFFFFFFFFFFFFFFF4C
:2014C000FFFFFFFFFFFFFFFFFFFFFFFFFFFFFFFFFFFFFFFFFFFFFFFFFFFFFFFFFFFFFFFF2C
:2014E000FFFFFFFFFFFFFFFFFFFFFFFFFFFFFFFFFFFFFFFFFFFFFFFFFFFFFFFFFFFFFFFF0C
:20150000FFFFFFFFFFFFFFFFFFFFFFFFFFFFFFFFFFFFFFFFFFFFFFFFFFFFFFFFFFFFFFFFEB
:20152000FFFFFFFFFFFFFFFFFFFFFFFFFFFFFFFFFFFFFFFFFFFFFFFFFFFFFFFFFFFFFFFFCB
:20154000FFFFFFFFFFFFFFFFFFFFFFFFFFFFFFFFFFFFFFFFFFFFFFFFFFFFFFFFFFFFFFFFAB
:20156000FFFFFFFFFFFFFFFFFFFFFFFFFFFFFFFFFFFFFFFFFFFFFFFFFFFFFFFFFFFFFFFF8B
:20158000FFFFFFFFFFFFFFFFFFFFFFFFFFFFFFFFFFFFFFFFFFFFFFFFFFFFFFFFFFFFFFFF6B
:2015A000FFFFFFFFFFFFFFFFFFFFFFFFFFFFFFFFFFFFFFFFFFFFFFFFFFFFFFFFFFFFFFFF4B
:2015C000FFFFFFFFFFFFFFFFFFFFFFFFFFFFFFFFFFFFFFFFFFFFFFFFFFFFFFFFFFFFFFFF2B
:2015E000FFFFFFFFFFFFFFFFFFFFFFFFFFFFFFFFFFFFFFFFFFFFFFFFFFFFFFFFFFFFFFFF0B
:20160000FFFFFFFFFFFFFFFFFFFFFFFFFFFFFFFFFFFFFFFFFFFFFFFFFFFFFFFFFFFFFFFFEA
:20162000FFFFFFFFFFFFFFFFFFFFFFFFFFFFFFFFFFFFFFFFFFFFFFFFFFFFFFFFFFFFFFFFCA
:20164000FFFFFFFFFFFFFFFFFFFFFFFFFFFFFFFFFFFFFFFFFFFFFFFFFFFFFFFFFFFFFFFFAA
:20166000FFFFFFFFFFFFFFFFFFFFFFFFFFFFFFFFFFFFFFFFFFFFFFFFFFFFFFFFFFFFFFFF8A
:20168000FFFFFFFFFFFFFFFFFFFFFFFFFFFFFFFFFFFFFFFFFFFFFFFFFFFFFFFFFFFFFFFF6A
:2016A000FFFFFFFFFFFFFFFFFFFFFFFFFFFFFFFFFFFFFFFFFFFFFFFFFFFFFFFFFFFFFFFF4A
:2016C000FFFFFFFFFFFFFFFFFFFFFFFFFFFFFFFFFFFFFFFFFFFFFFFFFFFFFFFFFFFFFFFF2A
:2016E000FFFFFFFFFFFFFFFFFFFFFFFFFFFFFFFFFFFFFFFFFFFFFFFFFFFFFFFFFFFFFFFF0A
:20170000FFFFFFFFFFFFFFFFFFFFFFFFFFFFFFFFFFFFFFFFFFFFFFFFFFFFFFFFFFFFFFFFE9
:20172000FFFFFFFFFFFFFFFFFFFFFFFFFFFFFFFFFFFFFFFFFFFFFFFFFFFFFFFFFFFFFFFFC9
:20174000FFFFFFFFFFFFFFFFFFFFFFFFFFFFFFFFFFFFFFFFFFFFFFFFFFFFFFFFFFFFFFFFA9
:20176000FFFFFFFFFFFFFFFFFFFFFFFFFFFFFFFFFFFFFFFFFFFFFFFFFFFFFFFFFFFFFFFF89
:20178000FFFFFFFFFFFFFFFFFFFFFFFFFFFFFFFFFFFFFFFFFFFFFFFFFFFFFFFFFFFFFFFF69
:2017A000FFFFFFFFFFFFFFFFFFFFFFFFFFFFFFFFFFFFFFFFFFFFFFFFFFFFFFFFFFFFFFFF49
:2017C000FFFFFFFFFFFFFFFFFFFFFFFFFFFFFFFFFFFFFFFFFFFFFFFFFFFFFFFFFFFFFFFF29
:2017E000FFFFFFFFFFFFFFFFFFFFFFFFFFFFFFFFFFFFFFFFFFFFFFFFFFFFFFFFFFFFFFFF09
:20180000FFFFFFFFFFFFFFFFFFFFFFFFFFFFFFFFFFFFFFFFFFFFFFFFFFFFFFFFFFFFFFFFE8
:20182000FFFFFFFFFFFFFFFFFFFFFFFFFFFFFFFFFFFFFFFFFFFFFFFFFFFFFFFFFFFFFFFFC8
:20184000FFFFFFFFFFFFFFFFFFFFFFFFFFFFFFFFFFFFFFFFFFFFFFFFFFFFFFFFFFFFFFFFA8
:20186000FFFFFFFFFFFFFFFFFFFFFFFFFFFFFFFFFFFFFFFFFFFFFFFFFFFFFFFFFFFFFFFF88
:20188000FFFFFFFFFFFFFFFFFFFFFFFFFFFFFFFFFFFFFFFFFFFFFFFFFFFFFFFFFFFFFFFF68
:2018A000FFFFFFFFFFFFFFFFFFFFFFFFFFFFFFFFFFFFFFFFFFFFFFFFFFFFFFFFFFFFFFFF48
:2018C000FFFFFFFFFFFFFFFFFFFFFFFFFFFFFFFFFFFFFFFFFFFFFFFFFFFFFFFFFFFFFFFF28
:2018E000FFFFFFFFFFFFFFFFFFFFFFFFFFFFFFFFFFFFFFFFFFFFFFFFFFFFFFFFFFFFFFFF08
:20190000FFFFFFFFFFFFFFFFFFFFFFFFFFFFFFFFFFFFFFFFFFFFFFFFFFFFFFFFFFFFFFFFE7
:20192000FFFFFFFFFFFFFFFFFFFFFFFFFFFFFFFFFFFFFFFFFFFFFFFFFFFFFFFFFFFFFFFFC7
:20194000FFFFFFFFFFFFFFFFFFFFFFFFFFFFFFFFFFFFFFFFFFFFFFFFFFFFFFFFFFFFFFFFA7
:20196000FFFFFFFFFFFFFFFFFFFFFFFFFFFFFFFFFFFFFFFFFFFFFFFFFFFFFFFFFFFFFFFF87
:20198000FFFFFFFFFFFFFFFFFFFFFFFFFFFFFFFFFFFFFFFFFFFFFFFFFFFFFFFFFFFFFFFF67
:2019A000FFFFFFFFFFFFFFFFFFFFFFFFFFFFFFFFFFFFFFFFFFFFFFFFFFFFFFFFFFFFFFFF47
:2019C000FFFFFFFFFFFFFFFFFFFFFFFFFFFFFFFFFFFFFFFFFFFFFFFFFFFFFFFFFFFFFFFF27
:2019E000FFFFFFFFFFFFFFFFFFFFFFFFFFFFFFFFFFFFFFFFFFFFFFFFFFFFFFFFFFFFFFFF07
:201A0000FFFFFFFFFFFFFFFFFFFFFFFFFFFFFFFFFFFFFFFFFFFFFFFFFFFFFFFFFFFFFFFFE6
:201A2000FFFFFFFFFFFFFFFFFFFFFFFFFFFFFFFFFFFFFFFFFFFFFFFFFFFFFFFFFFFFFFFFC6
:201A4000FFFFFFFFFFFFFFFFFFFFFFFFFFFFFFFFFFFFFFFFFFFFFFFFFFFFFFFFFFFFFFFFA6
:201A6000FFFFFFFFFFFFFFFFFFFFFFFFFFFFFFFFFFFFFFFFFFFFFFFFFFFFFFFFFFFFFFFF86
:201A8000FFFFFFFFFFFFFFFFFFFFFFFFFFFFFFFFFFFFFFFFFFFFFFFFFFFFFFFFFFFFFFFF66
:201AA000FFFFFFFFFFFFFFFFFFFFFFFFFFFFFFFFFFFFFFFFFFFFFFFFFFFFFFFFFFFFFFFF46
:201AC000FFFFFFFFFFFFFFFFFFFFFFFFFFFFFFFFFFFFFFFFFFFFFFFFFFFFFFFFFFFFFFFF26
:201AE000FFFFFFFFFFFFFFFFFFFFFFFFFFFFFFFFFFFFFFFFFFFFFFFFFFFFFFFFFFFFFFFF06
:201B0000FFFFFFFFFFFFFFFFFFFFFFFFFFFFFFFFFFFFFFFFFFFFFFFFFFFFFFFFFFFFFFFFE5
:201B2000FFFFFFFFFFFFFFFFFFFFFFFFFFFFFFFFFFFFFFFFFFFFFFFFFFFFFFFFFFFFFFFFC5
:201B4000FFFFFFFFFFFFFFFFFFFFFFFFFFFFFFFFFFFFFFFFFFFFFFFFFFFFFFFFFFFFFFFFA5
:201B6000FFFFFFFFFFFFFFFFFFFFFFFFFFFFFFFFFFFFFFFFFFFFFFFFFFFFFFFFFFFFFFFF85
:201B8000FFFFFFFFFFFFFFFFFFFFFFFFFFFFFFFFFFFFFFFFFFFFFFFFFFFFFFFFFFFFFFFF65
:201BA000FFFFFFFFFFFFFFFFFFFFFFFFFFFFFFFFFFFFFFFFFFFFFFFFFFFFFFFFFFFFFFFF45
:201BC000FFFFFFFFFFFFFFFFFFFFFFFFFFFFFFFFFFFFFFFFFFFFFFFFFFFFFFFFFFFFFFFF25
:201BE000FFFFFFFFFFFFFFFFFFFFFFFFFFFFFFFFFFFFFFFFFFFFFFFFFFFFFFFFFFFFFFFF05
:201C0000FFFFFFFFFFFFFFFFFFFFFFFFFFFFFFFFFFFFFFFFFFFFFFFFFFFFFFFFFFFFFFFFE4
:201C2000FFFFFFFFFFFFFFFFFFFFFFFFFFFFFFFFFFFFFFFFFFFFFFFFFFFFFFFFFFFFFFFFC4
:201C4000FFFFFFFFFFFFFFFFFFFFFFFFFFFFFFFFFFFFFFFFFFFFFFFFFFFFFFFFFFFFFFFFA4
:201C6000FFFFFFFFFFFFFFFFFFFFFFFFFFFFFFFFFFFFFFFFFFFFFFFFFFFFFFFFFFFFFFFF84
:201C8000FFFFFFFFFFFFFFFFFFFFFFFFFFFFFFFFFFFFFFFFFFFFFFFFFFFFFFFFFFFFFFFF64
:201CA000FFFFFFFFFFFFFFFFFFFFFFFFFFFFFFFFFFFFFFFFFFFFFFFFFFFFFFFFFFFFFFFF44
:201CC000FFFFFFFFFFFFFFFFFFFFFFFFFFFFFFFFFFFFFFFFFFFFFFFFFFFFFFFFFFFFFFFF24
:201CE000FFFFFFFFFFFFFFFFFFFFFFFFFFFFFFFFFFFFFFFFFFFFFFFFFFFFFFFFFFFFFFFF04
:201D0000FFFFFFFFFFFFFFFFFFFFFFFFFFFFFFFFFFFFFFFFFFFFFFFFFFFFFFFFFFFFFFFFE3
:201D2000FFFFFFFFFFFFFFFFFFFFFFFFFFFFFFFFFFFFFFFFFFFFFFFFFFFFFFFFFFFFFFFFC3
:201D4000FFFFFFFFFFFFFFFFFFFFFFFFFFFFFFFFFFFFFFFFFFFFFFFFFFFFFFFFFFFFFFFFA3
:201D6000FFFFFFFFFFFFFFFFFFFFFFFFFFFFFFFFFFFFFFFFFFFFFFFFFFFFFFFFFFFFFFFF83
:201D8000FFFFFFFFFFFFFFFFFFFFFFFFFFFFFFFFFFFFFFFFFFFFFFFFFFFFFFFFFFFFFFFF63
:201DA000FFFFFFFFFFFFFFFFFFFFFFFFFFFFFFFFFFFFFFFFFFFFFFFFFFFFFFFFFFFFFFFF43
:201DC000FFFFFFFFFFFFFFFFFFFFFFFFFFFFFFFFFFFFFFFFFFFFFFFFFFFFFFFFFFFFFFFF23
:201DE000FFFFFFFFFFFFFFFFFFFFFFFFFFFFFFFFFFFFFFFFFFFFFFFFFFFFFFFFFFFFFFFF03
:201E0000FFFFFFFFFFFFFFFFFFFFFFFFFFFFFFFFFFFFFFFFFFFFFFFFFFFFFFFFFFFFFFFFE2
:201E2000FFFFFFFFFFFFFFFFFFFFFFFFFFFFFFFFFFFFFFFFFFFFFFFFFFFFFFFFFFFFFFFFC2
:201E4000FFFFFFFFFFFFFFFFFFFFFFFFFFFFFFFFFFFFFFFFFFFFFFFFFFFFFFFFFFFFFFFFA2
:201E6000FFFFFFFFFFFFFFFFFFFFFFFFFFFFFFFFFFFFFFFFFFFFFFFFFFFFFFFFFFFFFFFF82
:201E8000FFFFFFFFFFFFFFFFFFFFFFFFFFFFFFFFFFFFFFFFFFFFFFFFFFFFFFFFFFFFFFFF62
:201EA000FFFFFFFFFFFFFFFFFFFFFFFFFFFFFFFFFFFFFFFFFFFFFFFFFFFFFFFFFFFFFFFF42
:201EC000FFFFFFFFFFFFFFFFFFFFFFFFFFFFFFFFFFFFFFFFFFFFFFFFFFFFFFFFFFFFFFFF22
:201EE000FFFFFFFFFFFFFFFFFFFFFFFFFFFFFFFFFFFFFFFFFFFFFFFFFFFFFFFFFFFFFFFF02
:201F0000FFFFFFFFFFFFFFFFFFFFFFFFFFFFFFFFFFFFFFFFFFFFFFFFFFFFFFFFFFFFFFFFE1
:201F2000FFFFFFFFFFFFFFFFFFFFFFFFFFFFFFFFFFFFFFFFFFFFFFFFFFFFFFFFFFFFFFFFC1
:201F4000FFFFFFFFFFFFFFFFFFFFFFFFFFFFFFFFFFFFFFFFFFFFFFFFFFFFFFFFFFFFFFFFA1
:201F6000FFFFFFFFFFFFFFFFFFFFFFFFFFFFFFFFFFFFFFFFFFFFFFFFFFFFFFFFFFFFFFFF81
:201F8000FFFFFFFFFFFFFFFFFFFFFFFFFFFFFFFFFFFFFFFFFFFFFFFFFFFFFFFFFFFFFFFF61
:201FA000FFFFFFFFFFFFFFFFFFFFFFFFFFFFFFFFFFFFFFFFFFFFFFFFFFFFFFFFFFFFFFFF41
:201FC000FFFFFFFFFFFFFFFFFFFFFFFFFFFFFFFFFFFFFFFFFFFFFFFFFFFFFFFFFFFFFFFF21
:201FE000FFFFFFFFFFFFFFFFFFFFFFFFFFFFFFFFFFFFFFFFFFFFFFFFFFFFFFFFFFFFFFFF01
:20200000FFFFFFFFFFFFFFFFFFFFFFFFFFFFFFFFFFFFFFFFFFFFFFFFFFFFFFFFFFFFFFFFE0
:20202000FFFFFFFFFFFFFFFFFFFFFFFFFFFFFFFFFFFFFFFFFFFFFFFFFFFFFFFFFFFFFFFFC0
:20204000FFFFFFFFFFFFFFFFFFFFFFFFFFFFFFFFFFFFFFFFFFFFFFFFFFFFFFFFFFFFFFFFA0
:20206000FFFFFFFFFFFFFFFFFFFFFFFFFFFFFFFFFFFFFFFFFFFFFFFFFFFFFFFFFFFFFFFF80
:20208000FFFFFFFFFFFFFFFFFFFFFFFFFFFFFFFFFFFFFFFFFFFFFFFFFFFFFFFFFFFFFFFF60
:2020A000FFFFFFFFFFFFFFFFFFFFFFFFFFFFFFFFFFFFFFFFFFFFFFFFFFFFFFFFFFFFFFFF40
:2020C000FFFFFFFFFFFFFFFFFFFFFFFFFFFFFFFFFFFFFFFFFFFFFFFFFFFFFFFFFFFFFFFF20
:2020E000FFFFFFFFFFFFFFFFFFFFFFFFFFFFFFFFFFFFFFFFFFFFFFFFFFFFFFFFFFFFFFFF00
:20210000FFFFFFFFFFFFFFFFFFFFFFFFFFFFFFFFFFFFFFFFFFFFFFFFFFFFFFFFFFFFFFFFDF
:20212000FFFFFFFFFFFFFFFFFFFFFFFFFFFFFFFFFFFFFFFFFFFFFFFFFFFFFFFFFFFFFFFFBF
:20214000FFFFFFFFFFFFFFFFFFFFFFFFFFFFFFFFFFFFFFFFFFFFFFFFFFFFFFFFFFFFFFFF9F
:20216000FFFFFFFFFFFFFFFFFFFFFFFFFFFFFFFFFFFFFFFFFFFFFFFFFFFFFFFFFFFFFFFF7F
:20218000FFFFFFFFFFFFFFFFFFFFFFFFFFFFFFFFFFFFFFFFFFFFFFFFFFFFFFFFFFFFFFFF5F
:2021A000FFFFFFFFFFFFFFFFFFFFFFFFFFFFFFFFFFFFFFFFFFFFFFFFFFFFFFFFFFFFFFFF3F
:2021C000FFFFFFFFFFFFFFFFFFFFFFFFFFFFFFFFFFFFFFFFFFFFFFFFFFFFFFFFFFFFFFFF1F
:2021E000FFFFFFFFFFFFFFFFFFFFFFFFFFFFFFFFFFFFFFFFFFFFFFFFFFFFFFFFFFFFFFFFFF
:20220000FFFFFFFFFFFFFFFFFFFFFFFFFFFFFFFFFFFFFFFFFFFFFFFFFFFFFFFFFFFFFFFFDE
:20222000FFFFFFFFFFFFFFFFFFFFFFFFFFFFFFFFFFFFFFFFFFFFFFFFFFFFFFFFFFFFFFFFBE
:20224000FFFFFFFFFFFFFFFFFFFFFFFFFFFFFFFFFFFFFFFFFFFFFFFFFFFFFFFFFFFFFFFF9E
:20226000FFFFFFFFFFFFFFFFFFFFFFFFFFFFFFFFFFFFFFFFFFFFFFFFFFFFFFFFFFFFFFFF7E
:20228000FFFFFFFFFFFFFFFFFFFFFFFFFFFFFFFFFFFFFFFFFFFFFFFFFFFFFFFFFFFFFFFF5E
:2022A000FFFFFFFFFFFFFFFFFFFFFFFFFFFFFFFFFFFFFFFFFFFFFFFFFFFFFFFFFFFFFFFF3E
:2022C000FFFFFFFFFFFFFFFFFFFFFFFFFFFFFFFFFFFFFFFFFFFFFFFFFFFFFFFFFFFFFFFF1E
:2022E000FFFFFFFFFFFFFFFFFFFFFFFFFFFFFFFFFFFFFFFFFFFFFFFFFFFFFFFFFFFFFFFFFE
:20230000FFFFFFFFFFFFFFFFFFFFFFFFFFFFFFFFFFFFFFFFFFFFFFFFFFFFFFFFFFFFFFFFDD
:20232000FFFFFFFFFFFFFFFFFFFFFFFFFFFFFFFFFFFFFFFFFFFFFFFFFFFFFFFFFFFFFFFFBD
:20234000FFFFFFFFFFFFFFFFFFFFFFFFFFFFFFFFFFFFFFFFFFFFFFFFFFFFFFFFFFFFFFFF9D
:20236000FFFFFFFFFFFFFFFFFFFFFFFFFFFFFFFFFFFFFFFFFFFFFFFFFFFFFFFFFFFFFFFF7D
:20238000FFFFFFFFFFFFFFFFFFFFFFFFFFFFFFFFFFFFFFFFFFFFFFFFFFFFFFFFFFFFFFFF5D
:2023A000FFFFFFFFFFFFFFFFFFFFFFFFFFFFFFFFFFFFFFFFFFFFFFFFFFFFFFFFFFFFFFFF3D
:2023C000FFFFFFFFFFFFFFFFFFFFFFFFFFFFFFFFFFFFFFFFFFFFFFFFFFFFFFFFFFFFFFFF1D
:2023E000FFFFFFFFFFFFFFFFFFFFFFFFFFFFFFFFFFFFFFFFFFFFFFFFFFFFFFFFFFFFFFFFFD
:20240000FFFFFFFFFFFFFFFFFFFFFFFFFFFFFFFFFFFFFFFFFFFFFFFFFFFFFFFFFFFFFFFFDC
:20242000FFFFFFFFFFFFFFFFFFFFFFFFFFFFFFFFFFFFFFFFFFFFFFFFFFFFFFFFFFFFFFFFBC
:20244000FFFFFFFFFFFFFFFFFFFFFFFFFFFFFFFFFFFFFFFFFFFFFFFFFFFFFFFFFFFFFFFF9C
:20246000FFFFFFFFFFFFFFFFFFFFFFFFFFFFFFFFFFFFFFFFFFFFFFFFFFFFFFFFFFFFFFFF7C
:20248000FFFFFFFFFFFFFFFFFFFFFFFFFFFFFFFFFFFFFFFFFFFFFFFFFFFFFFFFFFFFFFFF5C
:2024A000FFFFFFFFFFFFFFFFFFFFFFFFFFFFFFFFFFFFFFFFFFFFFFFFFFFFFFFFFFFFFFFF3C
:2024C000FFFFFFFFFFFFFFFFFFFFFFFFFFFFFFFFFFFFFFFFFFFFFFFFFFFFFFFFFFFFFFFF1C
:2024E000FFFFFFFFFFFFFFFFFFFFFFFFFFFFFFFFFFFFFFFFFFFFFFFFFFFFFFFFFFFFFFFFFC
:20250000FFFFFFFFFFFFFFFFFFFFFFFFFFFFFFFFFFFFFFFFFFFFFFFFFFFFFFFFFFFFFFFFDB
:20252000FFFFFFFFFFFFFFFFFFFFFFFFFFFFFFFFFFFFFFFFFFFFFFFFFFFFFFFFFFFFFFFFBB
:20254000FFFFFFFFFFFFFFFFFFFFFFFFFFFFFFFFFFFFFFFFFFFFFFFFFFFFFFFFFFFFFFFF9B
:20256000FFFFFFFFFFFFFFFFFFFFFFFFFFFFFFFFFFFFFFFFFFFFFFFFFFFFFFFFFFFFFFFF7B
:20258000FFFFFFFFFFFFFFFFFFFFFFFFFFFFFFFFFFFFFFFFFFFFFFFFFFFFFFFFFFFFFFFF5B
:2025A000FFFFFFFFFFFFFFFFFFFFFFFFFFFFFFFFFFFFFFFFFFFFFFFFFFFFFFFFFFFFFFFF3B
:2025C000FFFFFFFFFFFFFFFFFFFFFFFFFFFFFFFFFFFFFFFFFFFFFFFFFFFFFFFFFFFFFFFF1B
:2025E000FFFFFFFFFFFFFFFFFFFFFFFFFFFFFFFFFFFFFFFFFFFFFFFFFFFFFFFFFFFFFFFFFB
:20260000FFFFFFFFFFFFFFFFFFFFFFFFFFFFFFFFFFFFFFFFFFFFFFFFFFFFFFFFFFFFFFFFDA
:20262000FFFFFFFFFFFFFFFFFFFFFFFFFFFFFFFFFFFFFFFFFFFFFFFFFFFFFFFFFFFFFFFFBA
:20264000FFFFFFFFFFFFFFFFFFFFFFFFFFFFFFFFFFFFFFFFFFFFFFFFFFFFFFFFFFFFFFFF9A
:20266000FFFFFFFFFFFFFFFFFFFFFFFFFFFFFFFFFFFFFFFFFFFFFFFFFFFFFFFFFFFFFFFF7A
:20268000FFFFFFFFFFFFFFFFFFFFFFFFFFFFFFFFFFFFFFFFFFFFFFFFFFFFFFFFFFFFFFFF5A
:2026A000FFFFFFFFFFFFFFFFFFFFFFFFFFFFFFFFFFFFFFFFFFFFFFFFFFFFFFFFFFFFFFFF3A
:2026C000FFFFFFFFFFFFFFFFFFFFFFFFFFFFFFFFFFFFFFFFFFFFFFFFFFFFFFFFFFFFFFFF1A
:2026E000FFFFFFFFFFFFFFFFFFFFFFFFFFFFFFFFFFFFFFFFFFFFFFFFFFFFFFFFFFFFFFFFFA
:20270000FFFFFFFFFFFFFFFFFFFFFFFFFFFFFFFFFFFFFFFFFFFFFFFFFFFFFFFFFFFFFFFFD9
:20272000FFFFFFFFFFFFFFFFFFFFFFFFFFFFFFFFFFFFFFFFFFFFFFFFFFFFFFFFFFFFFFFFB9
:20274000FFFFFFFFFFFFFFFFFFFFFFFFFFFFFFFFFFFFFFFFFFFFFFFFFFFFFFFFFFFFFFFF99
:20276000FFFFFFFFFFFFFFFFFFFFFFFFFFFFFFFFFFFFFFFFFFFFFFFFFFFFFFFFFFFFFFFF79
:20278000FFFFFFFFFFFFFFFFFFFFFFFFFFFFFFFFFFFFFFFFFFFFFFFFFFFFFFFFFFFFFFFF59
:2027A000FFFFFFFFFFFFFFFFFFFFFFFFFFFFFFFFFFFFFFFFFFFFFFFFFFFFFFFFFFFFFFFF39
:2027C000FFFFFFFFFFFFFFFFFFFFFFFFFFFFFFFFFFFFFFFFFFFFFFFFFFFFFFFFFFFFFFFF19
:2027E000FFFFFFFFFFFFFFFFFFFFFFFFFFFFFFFFFFFFFFFFFFFFFFFFFFFFFFFFFFFFFFFFF9
:20280000FFFFFFFFFFFFFFFFFFFFFFFFFFFFFFFFFFFFFFFFFFFFFFFFFFFFFFFFFFFFFFFFD8
:20282000FFFFFFFFFFFFFFFFFFFFFFFFFFFFFFFFFFFFFFFFFFFFFFFFFFFFFFFFFFFFFFFFB8
:20284000FFFFFFFFFFFFFFFFFFFFFFFFFFFFFFFFFFFFFFFFFFFFFFFFFFFFFFFFFFFFFFFF98
:20286000FFFFFFFFFFFFFFFFFFFFFFFFFFFFFFFFFFFFFFFFFFFFFFFFFFFFFFFFFFFFFFFF78
:20288000FFFFFFFFFFFFFFFFFFFFFFFFFFFFFFFFFFFFFFFFFFFFFFFFFFFFFFFFFFFFFFFF58
:2028A000FFFFFFFFFFFFFFFFFFFFFFFFFFFFFFFFFFFFFFFFFFFFFFFFFFFFFFFFFFFFFFFF38
:2028C000FFFFFFFFFFFFFFFFFFFFFFFFFFFFFFFFFFFFFFFFFFFFFFFFFFFFFFFFFFFFFFFF18
:2028E000FFFFFFFFFFFFFFFFFFFFFFFFFFFFFFFFFFFFFFFFFFFFFFFFFFFFFFFFFFFFFFFFF8
:20290000FFFFFFFFFFFFFFFFFFFFFFFFFFFFFFFFFFFFFFFFFFFFFFFFFFFFFFFFFFFFFFFFD7
:20292000FFFFFFFFFFFFFFFFFFFFFFFFFFFFFFFFFFFFFFFFFFFFFFFFFFFFFFFFFFFFFFFFB7
:20294000FFFFFFFFFFFFFFFFFFFFFFFFFFFFFFFFFFFFFFFFFFFFFFFFFFFFFFFFFFFFFFFF97
:20296000FFFFFFFFFFFFFFFFFFFFFFFFFFFFFFFFFFFFFFFFFFFFFFFFFFFFFFFFFFFFFFFF77
:20298000FFFFFFFFFFFFFFFFFFFFFFFFFFFFFFFFFFFFFFFFFFFFFFFFFFFFFFFFFFFFFFFF57
:2029A000FFFFFFFFFFFFFFFFFFFFFFFFFFFFFFFFFFFFFFFFFFFFFFFFFFFFFFFFFFFFFFFF37
:2029C000FFFFFFFFFFFFFFFFFFFFFFFFFFFFFFFFFFFFFFFFFFFFFFFFFFFFFFFFFFFFFFFF17
:2029E000FFFFFFFFFFFFFFFFFFFFFFFFFFFFFFFFFFFFFFFFFFFFFFFFFFFFFFFFFFFFFFFFF7
:202A0000FFFFFFFFFFFFFFFFFFFFFFFFFFFFFFFFFFFFFFFFFFFFFFFFFFFFFFFFFFFFFFFFD6
:202A2000FFFFFFFFFFFFFFFFFFFFFFFFFFFFFFFFFFFFFFFFFFFFFFFFFFFFFFFFFFFFFFFFB6
:202A4000FFFFFFFFFFFFFFFFFFFFFFFFFFFFFFFFFFFFFFFFFFFFFFFFFFFFFFFFFFFFFFFF96
:202A6000FFFFFFFFFFFFFFFFFFFFFFFFFFFFFFFFFFFFFFFFFFFFFFFFFFFFFFFFFFFFFFFF76
:202A8000FFFFFFFFFFFFFFFFFFFFFFFFFFFFFFFFFFFFFFFFFFFFFFFFFFFFFFFFFFFFFFFF56
:202AA000FFFFFFFFFFFFFFFFFFFFFFFFFFFFFFFFFFFFFFFFFFFFFFFFFFFFFFFFFFFFFFFF36
:202AC000FFFFFFFFFFFFFFFFFFFFFFFFFFFFFFFFFFFFFFFFFFFFFFFFFFFFFFFFFFFFFFFF16
:202AE000FFFFFFFFFFFFFFFFFFFFFFFFFFFFFFFFFFFFFFFFFFFFFFFFFFFFFFFFFFFFFFFFF6
:202B0000FFFFFFFFFFFFFFFFFFFFFFFFFFFFFFFFFFFFFFFFFFFFFFFFFFFFFFFFFFFFFFFFD5
:202B2000FFFFFFFFFFFFFFFFFFFFFFFFFFFFFFFFFFFFFFFFFFFFFFFFFFFFFFFFFFFFFFFFB5
:202B4000FFFFFFFFFFFFFFFFFFFFFFFFFFFFFFFFFFFFFFFFFFFFFFFFFFFFFFFFFFFFFFFF95
:202B6000FFFFFFFFFFFFFFFFFFFFFFFFFFFFFFFFFFFFFFFFFFFFFFFFFFFFFFFFFFFFFFFF75
:202B8000FFFFFFFFFFFFFFFFFFFFFFFFFFFFFFFFFFFFFFFFFFFFFFFFFFFFFFFFFFFFFFFF55
:202BA000FFFFFFFFFFFFFFFFFFFFFFFFFFFFFFFFFFFFFFFFFFFFFFFFFFFFFFFFFFFFFFFF35
:202BC000FFFFFFFFFFFFFFFFFFFFFFFFFFFFFFFFFFFFFFFFFFFFFFFFFFFFFFFFFFFFFFFF15
:202BE000FFFFFFFFFFFFFFFFFFFFFFFFFFFFFFFFFFFFFFFFFFFFFFFFFFFFFFFFFFFFFFFFF5
:202C0000FFFFFFFFFFFFFFFFFFFFFFFFFFFFFFFFFFFFFFFFFFFFFFFFFFFFFFFFFFFFFFFFD4
:202C2000FFFFFFFFFFFFFFFFFFFFFFFFFFFFFFFFFFFFFFFFFFFFFFFFFFFFFFFFFFFFFFFFB4
:202C4000FFFFFFFFFFFFFFFFFFFFFFFFFFFFFFFFFFFFFFFFFFFFFFFFFFFFFFFFFFFFFFFF94
:202C6000FFFFFFFFFFFFFFFFFFFFFFFFFFFFFFFFFFFFFFFFFFFFFFFFFFFFFFFFFFFFFFFF74
:202C8000FFFFFFFFFFFFFFFFFFFFFFFFFFFFFFFFFFFFFFFFFFFFFFFFFFFFFFFFFFFFFFFF54
:202CA000FFFFFFFFFFFFFFFFFFFFFFFFFFFFFFFFFFFFFFFFFFFFFFFFFFFFFFFFFFFFFFFF34
:202CC000FFFFFFFFFFFFFFFFFFFFFFFFFFFFFFFFFFFFFFFFFFFFFFFFFFFFFFFFFFFFFFFF14
:202CE000FFFFFFFFFFFFFFFFFFFFFFFFFFFFFFFFFFFFFFFFFFFFFFFFFFFFFFFFFFFFFFFFF4
:202D0000FFFFFFFFFFFFFFFFFFFFFFFFFFFFFFFFFFFFFFFFFFFFFFFFFFFFFFFFFFFFFFFFD3
:202D2000FFFFFFFFFFFFFFFFFFFFFFFFFFFFFFFFFFFFFFFFFFFFFFFFFFFFFFFFFFFFFFFFB3
:202D4000FFFFFFFFFFFFFFFFFFFFFFFFFFFFFFFFFFFFFFFFFFFFFFFFFFFFFFFFFFFFFFFF93
:202D6000FFFFFFFFFFFFFFFFFFFFFFFFFFFFFFFFFFFFFFFFFFFFFFFFFFFFFFFFFFFFFFFF73
:202D8000FFFFFFFFFFFFFFFFFFFFFFFFFFFFFFFFFFFFFFFFFFFFFFFFFFFFFFFFFFFFFFFF53
:202DA000FFFFFFFFFFFFFFFFFFFFFFFFFFFFFFFFFFFFFFFFFFFFFFFFFFFFFFFFFFFFFFFF33
:202DC000FFFFFFFFFFFFFFFFFFFFFFFFFFFFFFFFFFFFFFFFFFFFFFFFFFFFFFFFFFFFFFFF13
:202DE000FFFFFFFFFFFFFFFFFFFFFFFFFFFFFFFFFFFFFFFFFFFFFFFFFFFFFFFFFFFFFFFFF3
:202E0000FFFFFFFFFFFFFFFFFFFFFFFFFFFFFFFFFFFFFFFFFFFFFFFFFFFFFFFFFFFFFFFFD2
:202E2000FFFFFFFFFFFFFFFFFFFFFFFFFFFFFFFFFFFFFFFFFFFFFFFFFFFFFFFFFFFFFFFFB2
:202E4000FFFFFFFFFFFFFFFFFFFFFFFFFFFFFFFFFFFFFFFFFFFFFFFFFFFFFFFFFFFFFFFF92
:202E6000FFFFFFFFFFFFFFFFFFFFFFFFFFFFFFFFFFFFFFFFFFFFFFFFFFFFFFFFFFFFFFFF72
:202E8000FFFFFFFFFFFFFFFFFFFFFFFFFFFFFFFFFFFFFFFFFFFFFFFFFFFFFFFFFFFFFFFF52
:202EA000FFFFFFFFFFFFFFFFFFFFFFFFFFFFFFFFFFFFFFFFFFFFFFFFFFFFFFFFFFFFFFFF32
:202EC000FFFFFFFFFFFFFFFFFFFFFFFFFFFFFFFFFFFFFFFFFFFFFFFFFFFFFFFFFFFFFFFF12
:202EE000FFFFFFFFFFFFFFFFFFFFFFFFFFFFFFFFFFFFFFFFFFFFFFFFFFFFFFFFFFFFFFFFF2
:202F0000FFFFFFFFFFFFFFFFFFFFFFFFFFFFFFFFFFFFFFFFFFFFFFFFFFFFFFFFFFFFFFFFD1
:202F2000FFFFFFFFFFFFFFFFFFFFFFFFFFFFFFFFFFFFFFFFFFFFFFFFFFFFFFFFFFFFFFFFB1
:202F4000FFFFFFFFFFFFFFFFFFFFFFFFFFFFFFFFFFFFFFFFFFFFFFFFFFFFFFFFFFFFFFFF91
:202F6000FFFFFFFFFFFFFFFFFFFFFFFFFFFFFFFFFFFFFFFFFFFFFFFFFFFFFFFFFFFFFFFF71
:202F8000FFFFFFFFFFFFFFFFFFFFFFFFFFFFFFFFFFFFFFFFFFFFFFFFFFFFFFFFFFFFFFFF51
:202FA000FFFFFFFFFFFFFFFFFFFFFFFFFFFFFFFFFFFFFFFFFFFFFFFFFFFFFFFFFFFFFFFF31
:202FC000FFFFFFFFFFFFFFFFFFFFFFFFFFFFFFFFFFFFFFFFFFFFFFFFFFFFFFFFFFFFFFFF11
:202FE000FFFFFFFFFFFFFFFFFFFFFFFFFFFFFFFFFFFFFFFFFFFFFFFFFFFFFFFFFFFFFFFFF1
:20300000FFFFFFFFFFFFFFFFFFFFFFFFFFFFFFFFFFFFFFFFFFFFFFFFFFFFFFFFFFFFFFFFD0
:20302000FFFFFFFFFFFFFFFFFFFFFFFFFFFFFFFFFFFFFFFFFFFFFFFFFFFFFFFFFFFFFFFFB0
:20304000FFFFFFFFFFFFFFFFFFFFFFFFFFFFFFFFFFFFFFFFFFFFFFFFFFFFFFFFFFFFFFFF90
:20306000FFFFFFFFFFFFFFFFFFFFFFFFFFFFFFFFFFFFFFFFFFFFFFFFFFFFFFFFFFFFFFFF70
:20308000FFFFFFFFFFFFFFFFFFFFFFFFFFFFFFFFFFFFFFFFFFFFFFFFFFFFFFFFFFFFFFFF50
:2030A000FFFFFFFFFFFFFFFFFFFFFFFFFFFFFFFFFFFFFFFFFFFFFFFFFFFFFFFFFFFFFFFF30
:2030C000FFFFFFFFFFFFFFFFFFFFFFFFFFFFFFFFFFFFFFFFFFFFFFFFFFFFFFFFFFFFFFFF10
:2030E000FFFFFFFFFFFFFFFFFFFFFFFFFFFFFFFFFFFFFFFFFFFFFFFFFFFFFFFFFFFFFFFFF0
:20310000FFFFFFFFFFFFFFFFFFFFFFFFFFFFFFFFFFFFFFFFFFFFFFFFFFFFFFFFFFFFFFFFCF
:20312000FFFFFFFFFFFFFFFFFFFFFFFFFFFFFFFFFFFFFFFFFFFFFFFFFFFFFFFFFFFFFFFFAF
:20314000FFFFFFFFFFFFFFFFFFFFFFFFFFFFFFFFFFFFFFFFFFFFFFFFFFFFFFFFFFFFFFFF8F
:20316000FFFFFFFFFFFFFFFFFFFFFFFFFFFFFFFFFFFFFFFFFFFFFFFFFFFFFFFFFFFFFFFF6F
:20318000FFFFFFFFFFFFFFFFFFFFFFFFFFFFFFFFFFFFFFFFFFFFFFFFFFFFFFFFFFFFFFFF4F
:2031A000FFFFFFFFFFFFFFFFFFFFFFFFFFFFFFFFFFFFFFFFFFFFFFFFFFFFFFFFFFFFFFFF2F
:2031C000FFFFFFFFFFFFFFFFFFFFFFFFFFFFFFFFFFFFFFFFFFFFFFFFFFFFFFFFFFFFFFFF0F
:2031E000FFFFFFFFFFFFFFFFFFFFFFFFFFFFFFFFFFFFFFFFFFFFFFFFFFFFFFFFFFFFFFFFEF
:20320000FFFFFFFFFFFFFFFFFFFFFFFFFFFFFFFFFFFFFFFFFFFFFFFFFFFFFFFFFFFFFFFFCE
:20322000FFFFFFFFFFFFFFFFFFFFFFFFFFFFFFFFFFFFFFFFFFFFFFFFFFFFFFFFFFFFFFFFAE
:20324000FFFFFFFFFFFFFFFFFFFFFFFFFFFFFFFFFFFFFFFFFFFFFFFFFFFFFFFFFFFFFFFF8E
:20326000FFFFFFFFFFFFFFFFFFFFFFFFFFFFFFFFFFFFFFFFFFFFFFFFFFFFFFFFFFFFFFFF6E
:20328000FFFFFFFFFFFFFFFFFFFFFFFFFFFFFFFFFFFFFFFFFFFFFFFFFFFFFFFFFFFFFFFF4E
:2032A000FFFFFFFFFFFFFFFFFFFFFFFFFFFFFFFFFFFFFFFFFFFFFFFFFFFFFFFFFFFFFFFF2E
:2032C000FFFFFFFFFFFFFFFFFFFFFFFFFFFFFFFFFFFFFFFFFFFFFFFFFFFFFFFFFFFFFFFF0E
:2032E000FFFFFFFFFFFFFFFFFFFFFFFFFFFFFFFFFFFFFFFFFFFFFFFFFFFFFFFFFFFFFFFFEE
:20330000FFFFFFFFFFFFFFFFFFFFFFFFFFFFFFFFFFFFFFFFFFFFFFFFFFFFFFFFFFFFFFFFCD
:20332000FFFFFFFFFFFFFFFFFFFFFFFFFFFFFFFFFFFFFFFFFFFFFFFFFFFFFFFFFFFFFFFFAD
:20334000FFFFFFFFFFFFFFFFFFFFFFFFFFFFFFFFFFFFFFFFFFFFFFFFFFFFFFFFFFFFFFFF8D
:20336000FFFFFFFFFFFFFFFFFFFFFFFFFFFFFFFFFFFFFFFFFFFFFFFFFFFFFFFFFFFFFFFF6D
:20338000FFFFFFFFFFFFFFFFFFFFFFFFFFFFFFFFFFFFFFFFFFFFFFFFFFFFFFFFFFFFFFFF4D
:2033A000FFFFFFFFFFFFFFFFFFFFFFFFFFFFFFFFFFFFFFFFFFFFFFFFFFFFFFFFFFFFFFFF2D
:2033C000FFFFFFFFFFFFFFFFFFFFFFFFFFFFFFFFFFFFFFFFFFFFFFFFFFFFFFFFFFFFFFFF0D
:2033E000FFFFFFFFFFFFFFFFFFFFFFFFFFFFFFFFFFFFFFFFFFFFFFFFFFFFFFFFFFFFFFFFED
:20340000FFFFFFFFFFFFFFFFFFFFFFFFFFFFFFFFFFFFFFFFFFFFFFFFFFFFFFFFFFFFFFFFCC
:20342000FFFFFFFFFFFFFFFFFFFFFFFFFFFFFFFFFFFFFFFFFFFFFFFFFFFFFFFFFFFFFFFFAC
:20344000FFFFFFFFFFFFFFFFFFFFFFFFFFFFFFFFFFFFFFFFFFFFFFFFFFFFFFFFFFFFFFFF8C
:20346000FFFFFFFFFFFFFFFFFFFFFFFFFFFFFFFFFFFFFFFFFFFFFFFFFFFFFFFFFFFFFFFF6C
:20348000FFFFFFFFFFFFFFFFFFFFFFFFFFFFFFFFFFFFFFFFFFFFFFFFFFFFFFFFFFFFFFFF4C
:2034A000FFFFFFFFFFFFFFFFFFFFFFFFFFFFFFFFFFFFFFFFFFFFFFFFFFFFFFFFFFFFFFFF2C
:2034C000FFFFFFFFFFFFFFFFFFFFFFFFFFFFFFFFFFFFFFFFFFFFFFFFFFFFFFFFFFFFFFFF0C
:2034E000FFFFFFFFFFFFFFFFFFFFFFFFFFFFFFFFFFFFFFFFFFFFFFFFFFFFFFFFFFFFFFFFEC
:20350000FFFFFFFFFFFFFFFFFFFFFFFFFFFFFFFFFFFFFFFFFFFFFFFFFFFFFFFFFFFFFFFFCB
:20352000FFFFFFFFFFFFFFFFFFFFFFFFFFFFFFFFFFFFFFFFFFFFFFFFFFFFFFFFFFFFFFFFAB
:20354000FFFFFFFFFFFFFFFFFFFFFFFFFFFFFFFFFFFFFFFFFFFFFFFFFFFFFFFFFFFFFFFF8B
:20356000FFFFFFFFFFFFFFFFFFFFFFFFFFFFFFFFFFFFFFFFFFFFFFFFFFFFFFFFFFFFFFFF6B
:20358000FFFFFFFFFFFFFFFFFFFFFFFFFFFFFFFFFFFFFFFFFFFFFFFFFFFFFFFFFFFFFFFF4B
:2035A000FFFFFFFFFFFFFFFFFFFFFFFFFFFFFFFFFFFFFFFFFFFFFFFFFFFFFFFFFFFFFFFF2B
:2035C000FFFFFFFFFFFFFFFFFFFFFFFFFFFFFFFFFFFFFFFFFFFFFFFFFFFFFFFFFFFFFFFF0B
:2035E000FFFFFFFFFFFFFFFFFFFFFFFFFFFFFFFFFFFFFFFFFFFFFFFFFFFFFFFFFFFFFFFFEB
:20360000FFFFFFFFFFFFFFFFFFFFFFFFFFFFFFFFFFFFFFFFFFFFFFFFFFFFFFFFFFFFFFFFCA
:20362000FFFFFFFFFFFFFFFFFFFFFFFFFFFFFFFFFFFFFFFFFFFFFFFFFFFFFFFFFFFFFFFFAA
:20364000FFFFFFFFFFFFFFFFFFFFFFFFFFFFFFFFFFFFFFFFFFFFFFFFFFFFFFFFFFFFFFFF8A
:20366000FFFFFFFFFFFFFFFFFFFFFFFFFFFFFFFFFFFFFFFFFFFFFFFFFFFFFFFFFFFFFFFF6A
:20368000FFFFFFFFFFFFFFFFFFFFFFFFFFFFFFFFFFFFFFFFFFFFFFFFFFFFFFFFFFFFFFFF4A
:2036A000FFFFFFFFFFFFFFFFFFFFFFFFFFFFFFFFFFFFFFFFFFFFFFFFFFFFFFFFFFFFFFFF2A
:2036C000FFFFFFFFFFFFFFFFFFFFFFFFFFFFFFFFFFFFFFFFFFFFFFFFFFFFFFFFFFFFFFFF0A
:2036E000FFFFFFFFFFFFFFFFFFFFFFFFFFFFFFFFFFFFFFFFFFFFFFFFFFFFFFFFFFFFFFFFEA
:20370000FFFFFFFFFFFFFFFFFFFFFFFFFFFFFFFFFFFFFFFFFFFFFFFFFFFFFFFFFFFFFFFFC9
:20372000FFFFFFFFFFFFFFFFFFFFFFFFFFFFFFFFFFFFFFFFFFFFFFFFFFFFFFFFFFFFFFFFA9
:20374000FFFFFFFFFFFFFFFFFFFFFFFFFFFFFFFFFFFFFFFFFFFFFFFFFFFFFFFFFFFFFFFF89
:20376000FFFFFFFFFFFFFFFFFFFFFFFFFFFFFFFFFFFFFFFFFFFFFFFFFFFFFFFFFFFFFFFF69
:20378000FFFFFFFFFFFFFFFFFFFFFFFFFFFFFFFFFFFFFFFFFFFFFFFFFFFFFFFFFFFFFFFF49
:2037A000FFFFFFFFFFFFFFFFFFFFFFFFFFFFFFFFFFFFFFFFFFFFFFFFFFFFFFFFFFFFFFFF29
:2037C000FFFFFFFFFFFFFFFFFFFFFFFFFFFFFFFFFFFFFFFFFFFFFFFFFFFFFFFFFFFFFFFF09
:2037E000FFFFFFFFFFFFFFFFFFFFFFFFFFFFFFFFFFFFFFFFFFFFFFFFFFFFFFFFFFFFFFFFE9
:20380000FFFFFFFFFFFFFFFFFFFFFFFFFFFFFFFFFFFFFFFFFFFFFFFFFFFFFFFFFFFFFFFFC8
:20382000FFFFFFFFFFFFFFFFFFFFFFFFFFFFFFFFFFFFFFFFFFFFFFFFFFFFFFFFFFFFFFFFA8
:20384000FFFFFFFFFFFFFFFFFFFFFFFFFFFFFFFFFFFFFFFFFFFFFFFFFFFFFFFFFFFFFFFF88
:20386000FFFFFFFFFFFFFFFFFFFFFFFFFFFFFFFFFFFFFFFFFFFFFFFFFFFFFFFFFFFFFFFF68
:20388000FFFFFFFFFFFFFFFFFFFFFFFFFFFFFFFFFFFFFFFFFFFFFFFFFFFFFFFFFFFFFFFF48
:2038A000FFFFFFFFFFFFFFFFFFFFFFFFFFFFFFFFFFFFFFFFFFFFFFFFFFFFFFFFFFFFFFFF28
:2038C000FFFFFFFFFFFFFFFFFFFFFFFFFFFFFFFFFFFFFFFFFFFFFFFFFFFFFFFFFFFFFFFF08
:2038E000FFFFFFFFFFFFFFFFFFFFFFFFFFFFFFFFFFFFFFFFFFFFFFFFFFFFFFFFFFFFFFFFE8
:20390000FFFFFFFFFFFFFFFFFFFFFFFFFFFFFFFFFFFFFFFFFFFFFFFFFFFFFFFFFFFFFFFFC7
:20392000FFFFFFFFFFFFFFFFFFFFFFFFFFFFFFFFFFFFFFFFFFFFFFFFFFFFFFFFFFFFFFFFA7
:20394000FFFFFFFFFFFFFFFFFFFFFFFFFFFFFFFFFFFFFFFFFFFFFFFFFFFFFFFFFFFFFFFF87
:20396000FFFFFFFFFFFFFFFFFFFFFFFFFFFFFFFFFFFFFFFFFFFFFFFFFFFFFFFFFFFFFFFF67
:20398000FFFFFFFFFFFFFFFFFFFFFFFFFFFFFFFFFFFFFFFFFFFFFFFFFFFFFFFFFFFFFFFF47
:2039A000FFFFFFFFFFFFFFFFFFFFFFFFFFFFFFFFFFFFFFFFFFFFFFFFFFFFFFFFFFFFFFFF27
:2039C000FFFFFFFFFFFFFFFFFFFFFFFFFFFFFFFFFFFFFFFFFFFFFFFFFFFFFFFFFFFFFFFF07
:2039E000FFFFFFFFFFFFFFFFFFFFFFFFFFFFFFFFFFFFFFFFFFFFFFFFFFFFFFFFFFFFFFFFE7
:203A0000FFFFFFFFFFFFFFFFFFFFFFFFFFFFFFFFFFFFFFFFFFFFFFFFFFFFFFFFFFFFFFFFC6
:203A2000FFFFFFFFFFFFFFFFFFFFFFFFFFFFFFFFFFFFFFFFFFFFFFFFFFFFFFFFFFFFFFFFA6
:203A4000FFFFFFFFFFFFFFFFFFFFFFFFFFFFFFFFFFFFFFFFFFFFFFFFFFFFFFFFFFFFFFFF86
:203A6000FFFFFFFFFFFFFFFFFFFFFFFFFFFFFFFFFFFFFFFFFFFFFFFFFFFFFFFFFFFFFFFF66
:203A8000FFFFFFFFFFFFFFFFFFFFFFFFFFFFFFFFFFFFFFFFFFFFFFFFFFFFFFFFFFFFFFFF46
:203AA000FFFFFFFFFFFFFFFFFFFFFFFFFFFFFFFFFFFFFFFFFFFFFFFFFFFFFFFFFFFFFFFF26
:203AC000FFFFFFFFFFFFFFFFFFFFFFFFFFFFFFFFFFFFFFFFFFFFFFFFFFFFFFFFFFFFFFFF06
:203AE000FFFFFFFFFFFFFFFFFFFFFFFFFFFFFFFFFFFFFFFFFFFFFFFFFFFFFFFFFFFFFFFFE6
:203B0000FFFFFFFFFFFFFFFFFFFFFFFFFFFFFFFFFFFFFFFFFFFFFFFFFFFFFFFFFFFFFFFFC5
:203B2000FFFFFFFFFFFFFFFFFFFFFFFFFFFFFFFFFFFFFFFFFFFFFFFFFFFFFFFFFFFFFFFFA5
:203B4000FFFFFFFFFFFFFFFFFFFFFFFFFFFFFFFFFFFFFFFFFFFFFFFFFFFFFFFFFFFFFFFF85
:203B6000FFFFFFFFFFFFFFFFFFFFFFFFFFFFFFFFFFFFFFFFFFFFFFFFFFFFFFFFFFFFFFFF65
:203B8000FFFFFFFFFFFFFFFFFFFFFFFFFFFFFFFFFFFFFFFFFFFFFFFFFFFFFFFFFFFFFFFF45
:203BA000FFFFFFFFFFFFFFFFFFFFFFFFFFFFFFFFFFFFFFFFFFFFFFFFFFFFFFFFFFFFFFFF25
:203BC000FFFFFFFFFFFFFFFFFFFFFFFFFFFFFFFFFFFFFFFFFFFFFFFFFFFFFFFFFFFFFFFF05
:203BE000FFFFFFFFFFFFFFFFFFFFFFFFFFFFFFFFFFFFFFFFFFFFFFFFFFFFFFFFFFFFFFFFE5
:203C0000FFFFFFFFFFFFFFFFFFFFFFFFFFFFFFFFFFFFFFFFFFFFFFFFFFFFFFFFFFFFFFFFC4
:203C2000FFFFFFFFFFFFFFFFFFFFFFFFFFFFFFFFFFFFFFFFFFFFFFFFFFFFFFFFFFFFFFFFA4
:203C4000FFFFFFFFFFFFFFFFFFFFFFFFFFFFFFFFFFFFFFFFFFFFFFFFFFFFFFFFFFFFFFFF84
:203C6000FFFFFFFFFFFFFFFFFFFFFFFFFFFFFFFFFFFFFFFFFFFFFFFFFFFFFFFFFFFFFFFF64
:203C8000FFFFFFFFFFFFFFFFFFFFFFFFFFFFFFFFFFFFFFFFFFFFFFFFFFFFFFFFFFFFFFFF44
:203CA000FFFFFFFFFFFFFFFFFFFFFFFFFFFFFFFFFFFFFFFFFFFFFFFFFFFFFFFFFFFFFFFF24
:203CC000FFFFFFFFFFFFFFFFFFFFFFFFFFFFFFFFFFFFFFFFFFFFFFFFFFFFFFFFFFFFFFFF04
:203CE000FFFFFFFFFFFFFFFFFFFFFFFFFFFFFFFFFFFFFFFFFFFFFFFFFFFFFFFFFFFFFFFFE4
:203D0000FFFFFFFFFFFFFFFFFFFFFFFFFFFFFFFFFFFFFFFFFFFFFFFFFFFFFFFFFFFFFFFFC3
:203D2000FFFFFFFFFFFFFFFFFFFFFFFFFFFFFFFFFFFFFFFFFFFFFFFFFFFFFFFFFFFFFFFFA3
:203D4000FFFFFFFFFFFFFFFFFFFFFFFFFFFFFFFFFFFFFFFFFFFFFFFFFFFFFFFFFFFFFFFF83
:203D6000FFFFFFFFFFFFFFFFFFFFFFFFFFFFFFFFFFFFFFFFFFFFFFFFFFFFFFFFFFFFFFFF63
:203D8000FFFFFFFFFFFFFFFFFFFFFFFFFFFFFFFFFFFFFFFFFFFFFFFFFFFFFFFFFFFFFFFF43
:203DA000FFFFFFFFFFFFFFFFFFFFFFFFFFFFFFFFFFFFFFFFFFFFFFFFFFFFFFFFFFFFFFFF23
:203DC000FFFFFFFFFFFFFFFFFFFFFFFFFFFFFFFFFFFFFFFFFFFFFFFFFFFFFFFFFFFFFFFF03
:203DE000FFFFFFFFFFFFFFFFFFFFFFFFFFFFFFFFFFFFFFFFFFFFFFFFFFFFFFFFFFFFFFFFE3
:203E0000FFFFFFFFFFFFFFFFFFFFFFFFFFFFFFFFFFFFFFFFFFFFFFFFFFFFFFFFFFFFFFFFC2
:203E2000FFFFFFFFFFFFFFFFFFFFFFFFFFFFFFFFFFFFFFFFFFFFFFFFFFFFFFFFFFFFFFFFA2
:203E4000FFFFFFFFFFFFFFFFFFFFFFFFFFFFFFFFFFFFFFFFFFFFFFFFFFFFFFFFFFFFFFFF82
:203E6000FFFFFFFFFFFFFFFFFFFFFFFFFFFFFFFFFFFFFFFFFFFFFFFFFFFFFFFFFFFFFFFF62
:203E8000FFFFFFFFFFFFFFFFFFFFFFFFFFFFFFFFFFFFFFFFFFFFFFFFFFFFFFFFFFFFFFFF42
:203EA000FFFFFFFFFFFFFFFFFFFFFFFFFFFFFFFFFFFFFFFFFFFFFFFFFFFFFFFFFFFFFFFF22
:203EC000FFFFFFFFFFFFFFFFFFFFFFFFFFFFFFFFFFFFFFFFFFFFFFFFFFFFFFFFFFFFFFFF02
:203EE000FFFFFFFFFFFFFFFFFFFFFFFFFFFFFFFFFFFFFFFFFFFFFFFFFFFFFFFFFFFFFFFFE2
:203F0000FFFFFFFFFFFFFFFFFFFFFFFFFFFFFFFFFFFFFFFFFFFFFFFFFFFFFFFFFFFFFFFFC1
:203F2000FFFFFFFFFFFFFFFFFFFFFFFFFFFFFFFFFFFFFFFFFFFFFFFFFFFFFFFFFFFFFFFFA1
:203F4000FFFFFFFFFFFFFFFFFFFFFFFFFFFFFFFFFFFFFFFFFFFFFFFFFFFFFFFFFFFFFFFF81
:203F6000FFFFFFFFFFFFFFFFFFFFFFFFFFFFFFFFFFFFFFFFFFFFFFFFFFFFFFFFFFFFFFFF61
:203F8000FFFFFFFFFFFFFFFFFFFFFFFFFFFFFFFFFFFFFFFFFFFFFFFFFFFFFFFFFFFFFFFF41
:203FA000FFFFFFFFFFFFFFFFFFFFFFFFFFFFFFFFFFFFFFFFFFFFFFFFFFFFFFFFFFFFFFFF21
:203FC000FFFFFFFFFFFFFFFFFFFFFFFFFFFFFFFFFFFFFFFFFFFFFFFFFFFFFFFFFFFFFFFF01
:203FE000FFFFFFFFFFFFFFFFFFFFFFFFFFFFFFFFFFFFFFFFFFFFFFFFFFFFFFFFFFFFFFFFE1
:20400000FFFFFFFFFFFFFFFFFFFFFFFFFFFFFFFFFFFFFFFFFFFFFFFFFFFFFFFFFFFFFFFFC0
:20402000FFFFFFFFFFFFFFFFFFFFFFFFFFFFFFFFFFFFFFFFFFFFFFFFFFFFFFFFFFFFFFFFA0
:20404000FFFFFFFFFFFFFFFFFFFFFFFFFFFFFFFFFFFFFFFFFFFFFFFFFFFFFFFFFFFFFFFF80
:20406000FFFFFFFFFFFFFFFFFFFFFFFFFFFFFFFFFFFFFFFFFFFFFFFFFFFFFFFFFFFFFFFF60
:20408000FFFFFFFFFFFFFFFFFFFFFFFFFFFFFFFFFFFFFFFFFFFFFFFFFFFFFFFFFFFFFFFF40
:2040A000FFFFFFFFFFFFFFFFFFFFFFFFFFFFFFFFFFFFFFFFFFFFFFFFFFFFFFFFFFFFFFFF20
:2040C000FFFFFFFFFFFFFFFFFFFFFFFFFFFFFFFFFFFFFFFFFFFFFFFFFFFFFFFFFFFFFFFF00
:2040E000FFFFFFFFFFFFFFFFFFFFFFFFFFFFFFFFFFFFFFFFFFFFFFFFFFFFFFFFFFFFFFFFE0
:20410000FFFFFFFFFFFFFFFFFFFFFFFFFFFFFFFFFFFFFFFFFFFFFFFFFFFFFFFFFFFFFFFFBF
:20412000FFFFFFFFFFFFFFFFFFFFFFFFFFFFFFFFFFFFFFFFFFFFFFFFFFFFFFFFFFFFFFFF9F
:20414000FFFFFFFFFFFFFFFFFFFFFFFFFFFFFFFFFFFFFFFFFFFFFFFFFFFFFFFFFFFFFFFF7F
:20416000FFFFFFFFFFFFFFFFFFFFFFFFFFFFFFFFFFFFFFFFFFFFFFFFFFFFFFFFFFFFFFFF5F
:20418000FFFFFFFFFFFFFFFFFFFFFFFFFFFFFFFFFFFFFFFFFFFFFFFFFFFFFFFFFFFFFFFF3F
:2041A000FFFFFFFFFFFFFFFFFFFFFFFFFFFFFFFFFFFFFFFFFFFFFFFFFFFFFFFFFFFFFFFF1F
:2041C000FFFFFFFFFFFFFFFFFFFFFFFFFFFFFFFFFFFFFFFFFFFFFFFFFFFFFFFFFFFFFFFFFF
:2041E000FFFFFFFFFFFFFFFFFFFFFFFFFFFFFFFFFFFFFFFFFFFFFFFFFFFFFFFFFFFFFFFFDF
:20420000FFFFFFFFFFFFFFFFFFFFFFFFFFFFFFFFFFFFFFFFFFFFFFFFFFFFFFFFFFFFFFFFBE
:20422000FFFFFFFFFFFFFFFFFFFFFFFFFFFFFFFFFFFFFFFFFFFFFFFFFFFFFFFFFFFFFFFF9E
:20424000FFFFFFFFFFFFFFFFFFFFFFFFFFFFFFFFFFFFFFFFFFFFFFFFFFFFFFFFFFFFFFFF7E
:20426000FFFFFFFFFFFFFFFFFFFFFFFFFFFFFFFFFFFFFFFFFFFFFFFFFFFFFFFFFFFFFFFF5E
:20428000FFFFFFFFFFFFFFFFFFFFFFFFFFFFFFFFFFFFFFFFFFFFFFFFFFFFFFFFFFFFFFFF3E
:2042A000FFFFFFFFFFFFFFFFFFFFFFFFFFFFFFFFFFFFFFFFFFFFFFFFFFFFFFFFFFFFFFFF1E
:2042C000FFFFFFFFFFFFFFFFFFFFFFFFFFFFFFFFFFFFFFFFFFFFFFFFFFFFFFFFFFFFFFFFFE
:2042E000FFFFFFFFFFFFFFFFFFFFFFFFFFFFFFFFFFFFFFFFFFFFFFFFFFFFFFFFFFFFFFFFDE
:20430000FFFFFFFFFFFFFFFFFFFFFFFFFFFFFFFFFFFFFFFFFFFFFFFFFFFFFFFFFFFFFFFFBD
:20432000FFFFFFFFFFFFFFFFFFFFFFFFFFFFFFFFFFFFFFFFFFFFFFFFFFFFFFFFFFFFFFFF9D
:20434000FFFFFFFFFFFFFFFFFFFFFFFFFFFFFFFFFFFFFFFFFFFFFFFFFFFFFFFFFFFFFFFF7D
:20436000FFFFFFFFFFFFFFFFFFFFFFFFFFFFFFFFFFFFFFFFFFFFFFFFFFFFFFFFFFFFFFFF5D
:20438000FFFFFFFFFFFFFFFFFFFFFFFFFFFFFFFFFFFFFFFFFFFFFFFFFFFFFFFFFFFFFFFF3D
:2043A000FFFFFFFFFFFFFFFFFFFFFFFFFFFFFFFFFFFFFFFFFFFFFFFFFFFFFFFFFFFFFFFF1D
:2043C000FFFFFFFFFFFFFFFFFFFFFFFFFFFFFFFFFFFFFFFFFFFFFFFFFFFFFFFFFFFFFFFFFD
:2043E000FFFFFFFFFFFFFFFFFFFFFFFFFFFFFFFFFFFFFFFFFFFFFFFFFFFFFFFFFFFFFFFFDD
:20440000FFFFFFFFFFFFFFFFFFFFFFFFFFFFFFFFFFFFFFFFFFFFFFFFFFFFFFFFFFFFFFFFBC
:20442000FFFFFFFFFFFFFFFFFFFFFFFFFFFFFFFFFFFFFFFFFFFFFFFFFFFFFFFFFFFFFFFF9C
:20444000FFFFFFFFFFFFFFFFFFFFFFFFFFFFFFFFFFFFFFFFFFFFFFFFFFFFFFFFFFFFFFFF7C
:20446000FFFFFFFFFFFFFFFFFFFFFFFFFFFFFFFFFFFFFFFFFFFFFFFFFFFFFFFFFFFFFFFF5C
:20448000FFFFFFFFFFFFFFFFFFFFFFFFFFFFFFFFFFFFFFFFFFFFFFFFFFFFFFFFFFFFFFFF3C
:2044A000FFFFFFFFFFFFFFFFFFFFFFFFFFFFFFFFFFFFFFFFFFFFFFFFFFFFFFFFFFFFFFFF1C
:2044C000FFFFFFFFFFFFFFFFFFFFFFFFFFFFFFFFFFFFFFFFFFFFFFFFFFFFFFFFFFFFFFFFFC
:2044E000FFFFFFFFFFFFFFFFFFFFFFFFFFFFFFFFFFFFFFFFFFFFFFFFFFFFFFFFFFFFFFFFDC
:20450000FFFFFFFFFFFFFFFFFFFFFFFFFFFFFFFFFFFFFFFFFFFFFFFFFFFFFFFFFFFFFFFFBB
:20452000FFFFFFFFFFFFFFFFFFFFFFFFFFFFFFFFFFFFFFFFFFFFFFFFFFFFFFFFFFFFFFFF9B
:20454000FFFFFFFFFFFFFFFFFFFFFFFFFFFFFFFFFFFFFFFFFFFFFFFFFFFFFFFFFFFFFFFF7B
:20456000FFFFFFFFFFFFFFFFFFFFFFFFFFFFFFFFFFFFFFFFFFFFFFFFFFFFFFFFFFFFFFFF5B
:20458000FFFFFFFFFFFFFFFFFFFFFFFFFFFFFFFFFFFFFFFFFFFFFFFFFFFFFFFFFFFFFFFF3B
:2045A000FFFFFFFFFFFFFFFFFFFFFFFFFFFFFFFFFFFFFFFFFFFFFFFFFFFFFFFFFFFFFFFF1B
:2045C000FFFFFFFFFFFFFFFFFFFFFFFFFFFFFFFFFFFFFFFFFFFFFFFFFFFFFFFFFFFFFFFFFB
:2045E000FFFFFFFFFFFFFFFFFFFFFFFFFFFFFFFFFFFFFFFFFFFFFFFFFFFFFFFFFFFFFFFFDB
:20460000FFFFFFFFFFFFFFFFFFFFFFFFFFFFFFFFFFFFFFFFFFFFFFFFFFFFFFFFFFFFFFFFBA
:20462000FFFFFFFFFFFFFFFFFFFFFFFFFFFFFFFFFFFFFFFFFFFFFFFFFFFFFFFFFFFFFFFF9A
:20464000FFFFFFFFFFFFFFFFFFFFFFFFFFFFFFFFFFFFFFFFFFFFFFFFFFFFFFFFFFFFFFFF7A
:20466000FFFFFFFFFFFFFFFFFFFFFFFFFFFFFFFFFFFFFFFFFFFFFFFFFFFFFFFFFFFFFFFF5A
:20468000FFFFFFFFFFFFFFFFFFFFFFFFFFFFFFFFFFFFFFFFFFFFFFFFFFFFFFFFFFFFFFFF3A
:2046A000FFFFFFFFFFFFFFFFFFFFFFFFFFFFFFFFFFFFFFFFFFFFFFFFFFFFFFFFFFFFFFFF1A
:2046C000FFFFFFFFFFFFFFFFFFFFFFFFFFFFFFFFFFFFFFFFFFFFFFFFFFFFFFFFFFFFFFFFFA
:2046E000FFFFFFFFFFFFFFFFFFFFFFFFFFFFFFFFFFFFFFFFFFFFFFFFFFFFFFFFFFFFFFFFDA
:20470000FFFFFFFFFFFFFFFFFFFFFFFFFFFFFFFFFFFFFFFFFFFFFFFFFFFFFFFFFFFFFFFFB9
:20472000FFFFFFFFFFFFFFFFFFFFFFFFFFFFFFFFFFFFFFFFFFFFFFFFFFFFFFFFFFFFFFFF99
:20474000FFFFFFFFFFFFFFFFFFFFFFFFFFFFFFFFFFFFFFFFFFFFFFFFFFFFFFFFFFFFFFFF79
:20476000FFFFFFFFFFFFFFFFFFFFFFFFFFFFFFFFFFFFFFFFFFFFFFFFFFFFFFFFFFFFFFFF59
:20478000FFFFFFFFFFFFFFFFFFFFFFFFFFFFFFFFFFFFFFFFFFFFFFFFFFFFFFFFFFFFFFFF39
:2047A000FFFFFFFFFFFFFFFFFFFFFFFFFFFFFFFFFFFFFFFFFFFFFFFFFFFFFFFFFFFFFFFF19
:2047C000FFFFFFFFFFFFFFFFFFFFFFFFFFFFFFFFFFFFFFFFFFFFFFFFFFFFFFFFFFFFFFFFF9
:2047E000FFFFFFFFFFFFFFFFFFFFFFFFFFFFFFFFFFFFFFFFFFFFFFFFFFFFFFFFFFFFFFFFD9
:20480000FFFFFFFFFFFFFFFFFFFFFFFFFFFFFFFFFFFFFFFFFFFFFFFFFFFFFFFFFFFFFFFFB8
:20482000FFFFFFFFFFFFFFFFFFFFFFFFFFFFFFFFFFFFFFFFFFFFFFFFFFFFFFFFFFFFFFFF98
:20484000FFFFFFFFFFFFFFFFFFFFFFFFFFFFFFFFFFFFFFFFFFFFFFFFFFFFFFFFFFFFFFFF78
:20486000FFFFFFFFFFFFFFFFFFFFFFFFFFFFFFFFFFFFFFFFFFFFFFFFFFFFFFFFFFFFFFFF58
:20488000FFFFFFFFFFFFFFFFFFFFFFFFFFFFFFFFFFFFFFFFFFFFFFFFFFFFFFFFFFFFFFFF38
:2048A000FFFFFFFFFFFFFFFFFFFFFFFFFFFFFFFFFFFFFFFFFFFFFFFFFFFFFFFFFFFFFFFF18
:2048C000FFFFFFFFFFFFFFFFFFFFFFFFFFFFFFFFFFFFFFFFFFFFFFFFFFFFFFFFFFFFFFFFF8
:2048E000FFFFFFFFFFFFFFFFFFFFFFFFFFFFFFFFFFFFFFFFFFFFFFFFFFFFFFFFFFFFFFFFD8
:20490000FFFFFFFFFFFFFFFFFFFFFFFFFFFFFFFFFFFFFFFFFFFFFFFFFFFFFFFFFFFFFFFFB7
:20492000FFFFFFFFFFFFFFFFFFFFFFFFFFFFFFFFFFFFFFFFFFFFFFFFFFFFFFFFFFFFFFFF97
:20494000FFFFFFFFFFFFFFFFFFFFFFFFFFFFFFFFFFFFFFFFFFFFFFFFFFFFFFFFFFFFFFFF77
:20496000FFFFFFFFFFFFFFFFFFFFFFFFFFFFFFFFFFFFFFFFFFFFFFFFFFFFFFFFFFFFFFFF57
:20498000FFFFFFFFFFFFFFFFFFFFFFFFFFFFFFFFFFFFFFFFFFFFFFFFFFFFFFFFFFFFFFFF37
:2049A000FFFFFFFFFFFFFFFFFFFFFFFFFFFFFFFFFFFFFFFFFFFFFFFFFFFFFFFFFFFFFFFF17
:2049C000FFFFFFFFFFFFFFFFFFFFFFFFFFFFFFFFFFFFFFFFFFFFFFFFFFFFFFFFFFFFFFFFF7
:2049E000FFFFFFFFFFFFFFFFFFFFFFFFFFFFFFFFFFFFFFFFFFFFFFFFFFFFFFFFFFFFFFFFD7
:204A0000FFFFFFFFFFFFFFFFFFFFFFFFFFFFFFFFFFFFFFFFFFFFFFFFFFFFFFFFFFFFFFFFB6
:204A2000FFFFFFFFFFFFFFFFFFFFFFFFFFFFFFFFFFFFFFFFFFFFFFFFFFFFFFFFFFFFFFFF96
:204A4000FFFFFFFFFFFFFFFFFFFFFFFFFFFFFFFFFFFFFFFFFFFFFFFFFFFFFFFFFFFFFFFF76
:204A6000FFFFFFFFFFFFFFFFFFFFFFFFFFFFFFFFFFFFFFFFFFFFFFFFFFFFFFFFFFFFFFFF56
:204A8000FFFFFFFFFFFFFFFFFFFFFFFFFFFFFFFFFFFFFFFFFFFFFFFFFFFFFFFFFFFFFFFF36
:204AA000FFFFFFFFFFFFFFFFFFFFFFFFFFFFFFFFFFFFFFFFFFFFFFFFFFFFFFFFFFFFFFFF16
:204AC000FFFFFFFFFFFFFFFFFFFFFFFFFFFFFFFFFFFFFFFFFFFFFFFFFFFFFFFFFFFFFFFFF6
:204AE000FFFFFFFFFFFFFFFFFFFFFFFFFFFFFFFFFFFFFFFFFFFFFFFFFFFFFFFFFFFFFFFFD6
:204B0000FFFFFFFFFFFFFFFFFFFFFFFFFFFFFFFFFFFFFFFFFFFFFFFFFFFFFFFFFFFFFFFFB5
:204B2000FFFFFFFFFFFFFFFFFFFFFFFFFFFFFFFFFFFFFFFFFFFFFFFFFFFFFFFFFFFFFFFF95
:204B4000FFFFFFFFFFFFFFFFFFFFFFFFFFFFFFFFFFFFFFFFFFFFFFFFFFFFFFFFFFFFFFFF75
:204B6000FFFFFFFFFFFFFFFFFFFFFFFFFFFFFFFFFFFFFFFFFFFFFFFFFFFFFFFFFFFFFFFF55
:204B8000FFFFFFFFFFFFFFFFFFFFFFFFFFFFFFFFFFFFFFFFFFFFFFFFFFFFFFFFFFFFFFFF35
:204BA000FFFFFFFFFFFFFFFFFFFFFFFFFFFFFFFFFFFFFFFFFFFFFFFFFFFFFFFFFFFFFFFF15
:204BC000FFFFFFFFFFFFFFFFFFFFFFFFFFFFFFFFFFFFFFFFFFFFFFFFFFFFFFFFFFFFFFFFF5
:204BE000FFFFFFFFFFFFFFFFFFFFFFFFFFFFFFFFFFFFFFFFFFFFFFFFFFFFFFFFFFFFFFFFD5
:204C0000FFFFFFFFFFFFFFFFFFFFFFFFFFFFFFFFFFFFFFFFFFFFFFFFFFFFFFFFFFFFFFFFB4
:204C2000FFFFFFFFFFFFFFFFFFFFFFFFFFFFFFFFFFFFFFFFFFFFFFFFFFFFFFFFFFFFFFFF94
:204C4000FFFFFFFFFFFFFFFFFFFFFFFFFFFFFFFFFFFFFFFFFFFFFFFFFFFFFFFFFFFFFFFF74
:204C6000FFFFFFFFFFFFFFFFFFFFFFFFFFFFFFFFFFFFFFFFFFFFFFFFFFFFFFFFFFFFFFFF54
:204C8000FFFFFFFFFFFFFFFFFFFFFFFFFFFFFFFFFFFFFFFFFFFFFFFFFFFFFFFFFFFFFFFF34
:204CA000FFFFFFFFFFFFFFFFFFFFFFFFFFFFFFFFFFFFFFFFFFFFFFFFFFFFFFFFFFFFFFFF14
:204CC000FFFFFFFFFFFFFFFFFFFFFFFFFFFFFFFFFFFFFFFFFFFFFFFFFFFFFFFFFFFFFFFFF4
:204CE000FFFFFFFFFFFFFFFFFFFFFFFFFFFFFFFFFFFFFFFFFFFFFFFFFFFFFFFFFFFFFFFFD4
:204D0000FFFFFFFFFFFFFFFFFFFFFFFFFFFFFFFFFFFFFFFFFFFFFFFFFFFFFFFFFFFFFFFFB3
:204D2000FFFFFFFFFFFFFFFFFFFFFFFFFFFFFFFFFFFFFFFFFFFFFFFFFFFFFFFFFFFFFFFF93
:204D4000FFFFFFFFFFFFFFFFFFFFFFFFFFFFFFFFFFFFFFFFFFFFFFFFFFFFFFFFFFFFFFFF73
:204D6000FFFFFFFFFFFFFFFFFFFFFFFFFFFFFFFFFFFFFFFFFFFFFFFFFFFFFFFFFFFFFFFF53
:204D8000FFFFFFFFFFFFFFFFFFFFFFFFFFFFFFFFFFFFFFFFFFFFFFFFFFFFFFFFFFFFFFFF33
:204DA000FFFFFFFFFFFFFFFFFFFFFFFFFFFFFFFFFFFFFFFFFFFFFFFFFFFFFFFFFFFFFFFF13
:204DC000FFFFFFFFFFFFFFFFFFFFFFFFFFFFFFFFFFFFFFFFFFFFFFFFFFFFFFFFFFFFFFFFF3
:204DE000FFFFFFFFFFFFFFFFFFFFFFFFFFFFFFFFFFFFFFFFFFFFFFFFFFFFFFFFFFFFFFFFD3
:204E0000FFFFFFFFFFFFFFFFFFFFFFFFFFFFFFFFFFFFFFFFFFFFFFFFFFFFFFFFFFFFFFFFB2
:204E2000FFFFFFFFFFFFFFFFFFFFFFFFFFFFFFFFFFFFFFFFFFFFFFFFFFFFFFFFFFFFFFFF92
:204E4000FFFFFFFFFFFFFFFFFFFFFFFFFFFFFFFFFFFFFFFFFFFFFFFFFFFFFFFFFFFFFFFF72
:204E6000FFFFFFFFFFFFFFFFFFFFFFFFFFFFFFFFFFFFFFFFFFFFFFFFFFFFFFFFFFFFFFFF52
:204E8000FFFFFFFFFFFFFFFFFFFFFFFFFFFFFFFFFFFFFFFFFFFFFFFFFFFFFFFFFFFFFFFF32
:204EA000FFFFFFFFFFFFFFFFFFFFFFFFFFFFFFFFFFFFFFFFFFFFFFFFFFFFFFFFFFFFFFFF12
:204EC000FFFFFFFFFFFFFFFFFFFFFFFFFFFFFFFFFFFFFFFFFFFFFFFFFFFFFFFFFFFFFFFFF2
:204EE000FFFFFFFFFFFFFFFFFFFFFFFFFFFFFFFFFFFFFFFFFFFFFFFFFFFFFFFFFFFFFFFFD2
:204F0000FFFFFFFFFFFFFFFFFFFFFFFFFFFFFFFFFFFFFFFFFFFFFFFFFFFFFFFFFFFFFFFFB1
:204F2000FFFFFFFFFFFFFFFFFFFFFFFFFFFFFFFFFFFFFFFFFFFFFFFFFFFFFFFFFFFFFFFF91
:204F4000FFFFFFFFFFFFFFFFFFFFFFFFFFFFFFFFFFFFFFFFFFFFFFFFFFFFFFFFFFFFFFFF71
:204F6000FFFFFFFFFFFFFFFFFFFFFFFFFFFFFFFFFFFFFFFFFFFFFFFFFFFFFFFFFFFFFFFF51
:204F8000FFFFFFFFFFFFFFFFFFFFFFFFFFFFFFFFFFFFFFFFFFFFFFFFFFFFFFFFFFFFFFFF31
:204FA000FFFFFFFFFFFFFFFFFFFFFFFFFFFFFFFFFFFFFFFFFFFFFFFFFFFFFFFFFFFFFFFF11
:204FC000FFFFFFFFFFFFFFFFFFFFFFFFFFFFFFFFFFFFFFFFFFFFFFFFFFFFFFFFFFFFFFFFF1
:204FE000FFFFFFFFFFFFFFFFFFFFFFFFFFFFFFFFFFFFFFFFFFFFFFFFFFFFFFFFFFFFFFFFD1
:20500000FFFFFFFFFFFFFFFFFFFFFFFFFFFFFFFFFFFFFFFFFFFFFFFFFFFFFFFFFFFFFFFFB0
:20502000FFFFFFFFFFFFFFFFFFFFFFFFFFFFFFFFFFFFFFFFFFFFFFFFFFFFFFFFFFFFFFFF90
:20504000FFFFFFFFFFFFFFFFFFFFFFFFFFFFFFFFFFFFFFFFFFFFFFFFFFFFFFFFFFFFFFFF70
:20506000FFFFFFFFFFFFFFFFFFFFFFFFFFFFFFFFFFFFFFFFFFFFFFFFFFFFFFFFFFFFFFFF50
:20508000FFFFFFFFFFFFFFFFFFFFFFFFFFFFFFFFFFFFFFFFFFFFFFFFFFFFFFFFFFFFFFFF30
:2050A000FFFFFFFFFFFFFFFFFFFFFFFFFFFFFFFFFFFFFFFFFFFFFFFFFFFFFFFFFFFFFFFF10
:2050C000FFFFFFFFFFFFFFFFFFFFFFFFFFFFFFFFFFFFFFFFFFFFFFFFFFFFFFFFFFFFFFFFF0
:2050E000FFFFFFFFFFFFFFFFFFFFFFFFFFFFFFFFFFFFFFFFFFFFFFFFFFFFFFFFFFFFFFFFD0
:20510000FFFFFFFFFFFFFFFFFFFFFFFFFFFFFFFFFFFFFFFFFFFFFFFFFFFFFFFFFFFFFFFFAF
:20512000FFFFFFFFFFFFFFFFFFFFFFFFFFFFFFFFFFFFFFFFFFFFFFFFFFFFFFFFFFFFFFFF8F
:20514000FFFFFFFFFFFFFFFFFFFFFFFFFFFFFFFFFFFFFFFFFFFFFFFFFFFFFFFFFFFFFFFF6F
:20516000FFFFFFFFFFFFFFFFFFFFFFFFFFFFFFFFFFFFFFFFFFFFFFFFFFFFFFFFFFFFFFFF4F
:20518000FFFFFFFFFFFFFFFFFFFFFFFFFFFFFFFFFFFFFFFFFFFFFFFFFFFFFFFFFFFFFFFF2F
:2051A000FFFFFFFFFFFFFFFFFFFFFFFFFFFFFFFFFFFFFFFFFFFFFFFFFFFFFFFFFFFFFFFF0F
:2051C000FFFFFFFFFFFFFFFFFFFFFFFFFFFFFFFFFFFFFFFFFFFFFFFFFFFFFFFFFFFFFFFFEF
:2051E000FFFFFFFFFFFFFFFFFFFFFFFFFFFFFFFFFFFFFFFFFFFFFFFFFFFFFFFFFFFFFFFFCF
:20520000FFFFFFFFFFFFFFFFFFFFFFFFFFFFFFFFFFFFFFFFFFFFFFFFFFFFFFFFFFFFFFFFAE
:20522000FFFFFFFFFFFFFFFFFFFFFFFFFFFFFFFFFFFFFFFFFFFFFFFFFFFFFFFFFFFFFFFF8E
:20524000FFFFFFFFFFFFFFFFFFFFFFFFFFFFFFFFFFFFFFFFFFFFFFFFFFFFFFFFFFFFFFFF6E
:20526000FFFFFFFFFFFFFFFFFFFFFFFFFFFFFFFFFFFFFFFFFFFFFFFFFFFFFFFFFFFFFFFF4E
:20528000FFFFFFFFFFFFFFFFFFFFFFFFFFFFFFFFFFFFFFFFFFFFFFFFFFFFFFFFFFFFFFFF2E
:2052A000FFFFFFFFFFFFFFFFFFFFFFFFFFFFFFFFFFFFFFFFFFFFFFFFFFFFFFFFFFFFFFFF0E
:2052C000FFFFFFFFFFFFFFFFFFFFFFFFFFFFFFFFFFFFFFFFFFFFFFFFFFFFFFFFFFFFFFFFEE
:2052E000FFFFFFFFFFFFFFFFFFFFFFFFFFFFFFFFFFFFFFFFFFFFFFFFFFFFFFFFFFFFFFFFCE
:20530000FFFFFFFFFFFFFFFFFFFFFFFFFFFFFFFFFFFFFFFFFFFFFFFFFFFFFFFFFFFFFFFFAD
:20532000FFFFFFFFFFFFFFFFFFFFFFFFFFFFFFFFFFFFFFFFFFFFFFFFFFFFFFFFFFFFFFFF8D
:20534000FFFFFFFFFFFFFFFFFFFFFFFFFFFFFFFFFFFFFFFFFFFFFFFFFFFFFFFFFFFFFFFF6D
:20536000FFFFFFFFFFFFFFFFFFFFFFFFFFFFFFFFFFFFFFFFFFFFFFFFFFFFFFFFFFFFFFFF4D
:20538000FFFFFFFFFFFFFFFFFFFFFFFFFFFFFFFFFFFFFFFFFFFFFFFFFFFFFFFFFFFFFFFF2D
:2053A000FFFFFFFFFFFFFFFFFFFFFFFFFFFFFFFFFFFFFFFFFFFFFFFFFFFFFFFFFFFFFFFF0D
:2053C000FFFFFFFFFFFFFFFFFFFFFFFFFFFFFFFFFFFFFFFFFFFFFFFFFFFFFFFFFFFFFFFFED
:2053E000FFFFFFFFFFFFFFFFFFFFFFFFFFFFFFFFFFFFFFFFFFFFFFFFFFFFFFFFFFFFFFFFCD
:20540000FFFFFFFFFFFFFFFFFFFFFFFFFFFFFFFFFFFFFFFFFFFFFFFFFFFFFFFFFFFFFFFFAC
:20542000FFFFFFFFFFFFFFFFFFFFFFFFFFFFFFFFFFFFFFFFFFFFFFFFFFFFFFFFFFFFFFFF8C
:20544000FFFFFFFFFFFFFFFFFFFFFFFFFFFFFFFFFFFFFFFFFFFFFFFFFFFFFFFFFFFFFFFF6C
:20546000FFFFFFFFFFFFFFFFFFFFFFFFFFFFFFFFFFFFFFFFFFFFFFFFFFFFFFFFFFFFFFFF4C
:20548000FFFFFFFFFFFFFFFFFFFFFFFFFFFFFFFFFFFFFFFFFFFFFFFFFFFFFFFFFFFFFFFF2C
:2054A000FFFFFFFFFFFFFFFFFFFFFFFFFFFFFFFFFFFFFFFFFFFFFFFFFFFFFFFFFFFFFFFF0C
:2054C000FFFFFFFFFFFFFFFFFFFFFFFFFFFFFFFFFFFFFFFFFFFFFFFFFFFFFFFFFFFFFFFFEC
:2054E000FFFFFFFFFFFFFFFFFFFFFFFFFFFFFFFFFFFFFFFFFFFFFFFFFFFFFFFFFFFFFFFFCC
:20550000FFFFFFFFFFFFFFFFFFFFFFFFFFFFFFFFFFFFFFFFFFFFFFFFFFFFFFFFFFFFFFFFAB
:20552000FFFFFFFFFFFFFFFFFFFFFFFFFFFFFFFFFFFFFFFFFFFFFFFFFFFFFFFFFFFFFFFF8B
:20554000FFFFFFFFFFFFFFFFFFFFFFFFFFFFFFFFFFFFFFFFFFFFFFFFFFFFFFFFFFFFFFFF6B
:20556000FFFFFFFFFFFFFFFFFFFFFFFFFFFFFFFFFFFFFFFFFFFFFFFFFFFFFFFFFFFFFFFF4B
:20558000FFFFFFFFFFFFFFFFFFFFFFFFFFFFFFFFFFFFFFFFFFFFFFFFFFFFFFFFFFFFFFFF2B
:2055A000FFFFFFFFFFFFFFFFFFFFFFFFFFFFFFFFFFFFFFFFFFFFFFFFFFFFFFFFFFFFFFFF0B
:2055C000FFFFFFFFFFFFFFFFFFFFFFFFFFFFFFFFFFFFFFFFFFFFFFFFFFFFFFFFFFFFFFFFEB
:2055E000FFFFFFFFFFFFFFFFFFFFFFFFFFFFFFFFFFFFFFFFFFFFFFFFFFFFFFFFFFFFFFFFCB
:20560000FFFFFFFFFFFFFFFFFFFFFFFFFFFFFFFFFFFFFFFFFFFFFFFFFFFFFFFFFFFFFFFFAA
:20562000FFFFFFFFFFFFFFFFFFFFFFFFFFFFFFFFFFFFFFFFFFFFFFFFFFFFFFFFFFFFFFFF8A
:20564000FFFFFFFFFFFFFFFFFFFFFFFFFFFFFFFFFFFFFFFFFFFFFFFFFFFFFFFFFFFFFFFF6A
:20566000FFFFFFFFFFFFFFFFFFFFFFFFFFFFFFFFFFFFFFFFFFFFFFFFFFFFFFFFFFFFFFFF4A
:20568000FFFFFFFFFFFFFFFFFFFFFFFFFFFFFFFFFFFFFFFFFFFFFFFFFFFFFFFFFFFFFFFF2A
:2056A000FFFFFFFFFFFFFFFFFFFFFFFFFFFFFFFFFFFFFFFFFFFFFFFFFFFFFFFFFFFFFFFF0A
:2056C000FFFFFFFFFFFFFFFFFFFFFFFFFFFFFFFFFFFFFFFFFFFFFFFFFFFFFFFFFFFFFFFFEA
:2056E000FFFFFFFFFFFFFFFFFFFFFFFFFFFFFFFFFFFFFFFFFFFFFFFFFFFFFFFFFFFFFFFFCA
:20570000FFFFFFFFFFFFFFFFFFFFFFFFFFFFFFFFFFFFFFFFFFFFFFFFFFFFFFFFFFFFFFFFA9
:20572000FFFFFFFFFFFFFFFFFFFFFFFFFFFFFFFFFFFFFFFFFFFFFFFFFFFFFFFFFFFFFFFF89
:20574000FFFFFFFFFFFFFFFFFFFFFFFFFFFFFFFFFFFFFFFFFFFFFFFFFFFFFFFFFFFFFFFF69
:20576000FFFFFFFFFFFFFFFFFFFFFFFFFFFFFFFFFFFFFFFFFFFFFFFFFFFFFFFFFFFFFFFF49
:20578000FFFFFFFFFFFFFFFFFFFFFFFFFFFFFFFFFFFFFFFFFFFFFFFFFFFFFFFFFFFFFFFF29
:2057A000FFFFFFFFFFFFFFFFFFFFFFFFFFFFFFFFFFFFFFFFFFFFFFFFFFFFFFFFFFFFFFFF09
:2057C000FFFFFFFFFFFFFFFFFFFFFFFFFFFFFFFFFFFFFFFFFFFFFFFFFFFFFFFFFFFFFFFFE9
:2057E000FFFFFFFFFFFFFFFFFFFFFFFFFFFFFFFFFFFFFFFFFFFFFFFFFFFFFFFFFFFFFFFFC9
:20580000FFFFFFFFFFFFFFFFFFFFFFFFFFFFFFFFFFFFFFFFFFFFFFFFFFFFFFFFFFFFFFFFA8
:20582000FFFFFFFFFFFFFFFFFFFFFFFFFFFFFFFFFFFFFFFFFFFFFFFFFFFFFFFFFFFFFFFF88
:20584000FFFFFFFFFFFFFFFFFFFFFFFFFFFFFFFFFFFFFFFFFFFFFFFFFFFFFFFFFFFFFFFF68
:20586000FFFFFFFFFFFFFFFFFFFFFFFFFFFFFFFFFFFFFFFFFFFFFFFFFFFFFFFFFFFFFFFF48
:20588000FFFFFFFFFFFFFFFFFFFFFFFFFFFFFFFFFFFFFFFFFFFFFFFFFFFFFFFFFFFFFFFF28
:2058A000FFFFFFFFFFFFFFFFFFFFFFFFFFFFFFFFFFFFFFFFFFFFFFFFFFFFFFFFFFFFFFFF08
:2058C000FFFFFFFFFFFFFFFFFFFFFFFFFFFFFFFFFFFFFFFFFFFFFFFFFFFFFFFFFFFFFFFFE8
:2058E000FFFFFFFFFFFFFFFFFFFFFFFFFFFFFFFFFFFFFFFFFFFFFFFFFFFFFFFFFFFFFFFFC8
:20590000FFFFFFFFFFFFFFFFFFFFFFFFFFFFFFFFFFFFFFFFFFFFFFFFFFFFFFFFFFFFFFFFA7
:20592000FFFFFFFFFFFFFFFFFFFFFFFFFFFFFFFFFFFFFFFFFFFFFFFFFFFFFFFFFFFFFFFF87
:20594000FFFFFFFFFFFFFFFFFFFFFFFFFFFFFFFFFFFFFFFFFFFFFFFFFFFFFFFFFFFFFFFF67
:20596000FFFFFFFFFFFFFFFFFFFFFFFFFFFFFFFFFFFFFFFFFFFFFFFFFFFFFFFFFFFFFFFF47
:20598000FFFFFFFFFFFFFFFFFFFFFFFFFFFFFFFFFFFFFFFFFFFFFFFFFFFFFFFFFFFFFFFF27
:2059A000FFFFFFFFFFFFFFFFFFFFFFFFFFFFFFFFFFFFFFFFFFFFFFFFFFFFFFFFFFFFFFFF07
:2059C000FFFFFFFFFFFFFFFFFFFFFFFFFFFFFFFFFFFFFFFFFFFFFFFFFFFFFFFFFFFFFFFFE7
:2059E000FFFFFFFFFFFFFFFFFFFFFFFFFFFFFFFFFFFFFFFFFFFFFFFFFFFFFFFFFFFFFFFFC7
:205A0000FFFFFFFFFFFFFFFFFFFFFFFFFFFFFFFFFFFFFFFFFFFFFFFFFFFFFFFFFFFFFFFFA6
:205A2000FFFFFFFFFFFFFFFFFFFFFFFFFFFFFFFFFFFFFFFFFFFFFFFFFFFFFFFFFFFFFFFF86
:205A4000FFFFFFFFFFFFFFFFFFFFFFFFFFFFFFFFFFFFFFFFFFFFFFFFFFFFFFFFFFFFFFFF66
:205A6000FFFFFFFFFFFFFFFFFFFFFFFFFFFFFFFFFFFFFFFFFFFFFFFFFFFFFFFFFFFFFFFF46
:205A8000FFFFFFFFFFFFFFFFFFFFFFFFFFFFFFFFFFFFFFFFFFFFFFFFFFFFFFFFFFFFFFFF26
:205AA000FFFFFFFFFFFFFFFFFFFFFFFFFFFFFFFFFFFFFFFFFFFFFFFFFFFFFFFFFFFFFFFF06
:205AC000FFFFFFFFFFFFFFFFFFFFFFFFFFFFFFFFFFFFFFFFFFFFFFFFFFFFFFFFFFFFFFFFE6
:205AE000FFFFFFFFFFFFFFFFFFFFFFFFFFFFFFFFFFFFFFFFFFFFFFFFFFFFFFFFFFFFFFFFC6
:205B0000FFFFFFFFFFFFFFFFFFFFFFFFFFFFFFFFFFFFFFFFFFFFFFFFFFFFFFFFFFFFFFFFA5
:205B2000FFFFFFFFFFFFFFFFFFFFFFFFFFFFFFFFFFFFFFFFFFFFFFFFFFFFFFFFFFFFFFFF85
:205B4000FFFFFFFFFFFFFFFFFFFFFFFFFFFFFFFFFFFFFFFFFFFFFFFFFFFFFFFFFFFFFFFF65
:205B6000FFFFFFFFFFFFFFFFFFFFFFFFFFFFFFFFFFFFFFFFFFFFFFFFFFFFFFFFFFFFFFFF45
:205B8000FFFFFFFFFFFFFFFFFFFFFFFFFFFFFFFFFFFFFFFFFFFFFFFFFFFFFFFFFFFFFFFF25
:205BA000FFFFFFFFFFFFFFFFFFFFFFFFFFFFFFFFFFFFFFFFFFFFFFFFFFFFFFFFFFFFFFFF05
:205BC000FFFFFFFFFFFFFFFFFFFFFFFFFFFFFFFFFFFFFFFFFFFFFFFFFFFFFFFFFFFFFFFFE5
:205BE000FFFFFFFFFFFFFFFFFFFFFFFFFFFFFFFFFFFFFFFFFFFFFFFFFFFFFFFFFFFFFFFFC5
:205C0000FFFFFFFFFFFFFFFFFFFFFFFFFFFFFFFFFFFFFFFFFFFFFFFFFFFFFFFFFFFFFFFFA4
:205C2000FFFFFFFFFFFFFFFFFFFFFFFFFFFFFFFFFFFFFFFFFFFFFFFFFFFFFFFFFFFFFFFF84
:205C4000FFFFFFFFFFFFFFFFFFFFFFFFFFFFFFFFFFFFFFFFFFFFFFFFFFFFFFFFFFFFFFFF64
:205C6000FFFFFFFFFFFFFFFFFFFFFFFFFFFFFFFFFFFFFFFFFFFFFFFFFFFFFFFFFFFFFFFF44
:205C8000FFFFFFFFFFFFFFFFFFFFFFFFFFFFFFFFFFFFFFFFFFFFFFFFFFFFFFFFFFFFFFFF24
:205CA000FFFFFFFFFFFFFFFFFFFFFFFFFFFFFFFFFFFFFFFFFFFFFFFFFFFFFFFFFFFFFFFF04
:205CC000FFFFFFFFFFFFFFFFFFFFFFFFFFFFFFFFFFFFFFFFFFFFFFFFFFFFFFFFFFFFFFFFE4
:205CE000FFFFFFFFFFFFFFFFFFFFFFFFFFFFFFFFFFFFFFFFFFFFFFFFFFFFFFFFFFFFFFFFC4
:205D0000FFFFFFFFFFFFFFFFFFFFFFFFFFFFFFFFFFFFFFFFFFFFFFFFFFFFFFFFFFFFFFFFA3
:205D2000FFFFFFFFFFFFFFFFFFFFFFFFFFFFFFFFFFFFFFFFFFFFFFFFFFFFFFFFFFFFFFFF83
:205D4000FFFFFFFFFFFFFFFFFFFFFFFFFFFFFFFFFFFFFFFFFFFFFFFFFFFFFFFFFFFFFFFF63
:205D6000FFFFFFFFFFFFFFFFFFFFFFFFFFFFFFFFFFFFFFFFFFFFFFFFFFFFFFFFFFFFFFFF43
:205D8000FFFFFFFFFFFFFFFFFFFFFFFFFFFFFFFFFFFFFFFFFFFFFFFFFFFFFFFFFFFFFFFF23
:205DA000FFFFFFFFFFFFFFFFFFFFFFFFFFFFFFFFFFFFFFFFFFFFFFFFFFFFFFFFFFFFFFFF03
:205DC000FFFFFFFFFFFFFFFFFFFFFFFFFFFFFFFFFFFFFFFFFFFFFFFFFFFFFFFFFFFFFFFFE3
:205DE000FFFFFFFFFFFFFFFFFFFFFFFFFFFFFFFFFFFFFFFFFFFFFFFFFFFFFFFFFFFFFFFFC3
:205E0000FFFFFFFFFFFFFFFFFFFFFFFFFFFFFFFFFFFFFFFFFFFFFFFFFFFFFFFFFFFFFFFFA2
:205E2000FFFFFFFFFFFFFFFFFFFFFFFFFFFFFFFFFFFFFFFFFFFFFFFFFFFFFFFFFFFFFFFF82
:205E4000FFFFFFFFFFFFFFFFFFFFFFFFFFFFFFFFFFFFFFFFFFFFFFFFFFFFFFFFFFFFFFFF62
:205E6000FFFFFFFFFFFFFFFFFFFFFFFFFFFFFFFFFFFFFFFFFFFFFFFFFFFFFFFFFFFFFFFF42
:205E8000FFFFFFFFFFFFFFFFFFFFFFFFFFFFFFFFFFFFFFFFFFFFFFFFFFFFFFFFFFFFFFFF22
:205EA000FFFFFFFFFFFFFFFFFFFFFFFFFFFFFFFFFFFFFFFFFFFFFFFFFFFFFFFFFFFFFFFF02
:205EC000FFFFFFFFFFFFFFFFFFFFFFFFFFFFFFFFFFFFFFFFFFFFFFFFFFFFFFFFFFFFFFFFE2
:205EE000FFFFFFFFFFFFFFFFFFFFFFFFFFFFFFFFFFFFFFFFFFFFFFFFFFFFFFFFFFFFFFFFC2
:205F0000FFFFFFFFFFFFFFFFFFFFFFFFFFFFFFFFFFFFFFFFFFFFFFFFFFFFFFFFFFFFFFFFA1
:205F2000FFFFFFFFFFFFFFFFFFFFFFFFFFFFFFFFFFFFFFFFFFFFFFFFFFFFFFFFFFFFFFFF81
:205F4000FFFFFFFFFFFFFFFFFFFFFFFFFFFFFFFFFFFFFFFFFFFFFFFFFFFFFFFFFFFFFFFF61
:205F6000FFFFFFFFFFFFFFFFFFFFFFFFFFFFFFFFFFFFFFFFFFFFFFFFFFFFFFFFFFFFFFFF41
:205F8000FFFFFFFFFFFFFFFFFFFFFFFFFFFFFFFFFFFFFFFFFFFFFFFFFFFFFFFFFFFFFFFF21
:205FA000FFFFFFFFFFFFFFFFFFFFFFFFFFFFFFFFFFFFFFFFFFFFFFFFFFFFFFFFFFFFFFFF01
:205FC000FFFFFFFFFFFFFFFFFFFFFFFFFFFFFFFFFFFFFFFFFFFFFFFFFFFFFFFFFFFFFFFFE1
:205FE000FFFFFFFFFFFFFFFFFFFFFFFFFFFFFFFFFFFFFFFFFFFFFFFFFFFFFFFFFFFFFFFFC1
:20600000FFFFFFFFFFFFFFFFFFFFFFFFFFFFFFFFFFFFFFFFFFFFFFFFFFFFFFFFFFFFFFFFA0
:20602000FFFFFFFFFFFFFFFFFFFFFFFFFFFFFFFFFFFFFFFFFFFFFFFFFFFFFFFFFFFFFFFF80
:20604000FFFFFFFFFFFFFFFFFFFFFFFFFFFFFFFFFFFFFFFFFFFFFFFFFFFFFFFFFFFFFFFF60
:20606000FFFFFFFFFFFFFFFFFFFFFFFFFFFFFFFFFFFFFFFFFFFFFFFFFFFFFFFFFFFFFFFF40
:20608000FFFFFFFFFFFFFFFFFFFFFFFFFFFFFFFFFFFFFFFFFFFFFFFFFFFFFFFFFFFFFFFF20
:2060A000FFFFFFFFFFFFFFFFFFFFFFFFFFFFFFFFFFFFFFFFFFFFFFFFFFFFFFFFFFFFFFFF00
:2060C000FFFFFFFFFFFFFFFFFFFFFFFFFFFFFFFFFFFFFFFFFFFFFFFFFFFFFFFFFFFFFFFFE0
:2060E000FFFFFFFFFFFFFFFFFFFFFFFFFFFFFFFFFFFFFFFFFFFFFFFFFFFFFFFFFFFFFFFFC0
:20610000FFFFFFFFFFFFFFFFFFFFFFFFFFFFFFFFFFFFFFFFFFFFFFFFFFFFFFFFFFFFFFFF9F
:20612000FFFFFFFFFFFFFFFFFFFFFFFFFFFFFFFFFFFFFFFFFFFFFFFFFFFFFFFFFFFFFFFF7F
:20614000FFFFFFFFFFFFFFFFFFFFFFFFFFFFFFFFFFFFFFFFFFFFFFFFFFFFFFFFFFFFFFFF5F
:20616000FFFFFFFFFFFFFFFFFFFFFFFFFFFFFFFFFFFFFFFFFFFFFFFFFFFFFFFFFFFFFFFF3F
:20618000FFFFFFFFFFFFFFFFFFFFFFFFFFFFFFFFFFFFFFFFFFFFFFFFFFFFFFFFFFFFFFFF1F
:2061A000FFFFFFFFFFFFFFFFFFFFFFFFFFFFFFFFFFFFFFFFFFFFFFFFFFFFFFFFFFFFFFFFFF
:2061C000FFFFFFFFFFFFFFFFFFFFFFFFFFFFFFFFFFFFFFFFFFFFFFFFFFFFFFFFFFFFFFFFDF
:2061E000FFFFFFFFFFFFFFFFFFFFFFFFFFFFFFFFFFFFFFFFFFFFFFFFFFFFFFFFFFFFFFFFBF
:20620000FFFFFFFFFFFFFFFFFFFFFFFFFFFFFFFFFFFFFFFFFFFFFFFFFFFFFFFFFFFFFFFF9E
:20622000FFFFFFFFFFFFFFFFFFFFFFFFFFFFFFFFFFFFFFFFFFFFFFFFFFFFFFFFFFFFFFFF7E
:20624000FFFFFFFFFFFFFFFFFFFFFFFFFFFFFFFFFFFFFFFFFFFFFFFFFFFFFFFFFFFFFFFF5E
:20626000FFFFFFFFFFFFFFFFFFFFFFFFFFFFFFFFFFFFFFFFFFFFFFFFFFFFFFFFFFFFFFFF3E
:20628000FFFFFFFFFFFFFFFFFFFFFFFFFFFFFFFFFFFFFFFFFFFFFFFFFFFFFFFFFFFFFFFF1E
:2062A000FFFFFFFFFFFFFFFFFFFFFFFFFFFFFFFFFFFFFFFFFFFFFFFFFFFFFFFFFFFFFFFFFE
:2062C000FFFFFFFFFFFFFFFFFFFFFFFFFFFFFFFFFFFFFFFFFFFFFFFFFFFFFFFFFFFFFFFFDE
:2062E000FFFFFFFFFFFFFFFFFFFFFFFFFFFFFFFFFFFFFFFFFFFFFFFFFFFFFFFFFFFFFFFFBE
:20630000FFFFFFFFFFFFFFFFFFFFFFFFFFFFFFFFFFFFFFFFFFFFFFFFFFFFFFFFFFFFFFFF9D
:20632000FFFFFFFFFFFFFFFFFFFFFFFFFFFFFFFFFFFFFFFFFFFFFFFFFFFFFFFFFFFFFFFF7D
:20634000FFFFFFFFFFFFFFFFFFFFFFFFFFFFFFFFFFFFFFFFFFFFFFFFFFFFFFFFFFFFFFFF5D
:20636000FFFFFFFFFFFFFFFFFFFFFFFFFFFFFFFFFFFFFFFFFFFFFFFFFFFFFFFFFFFFFFFF3D
:20638000FFFFFFFFFFFFFFFFFFFFFFFFFFFFFFFFFFFFFFFFFFFFFFFFFFFFFFFFFFFFFFFF1D
:2063A000FFFFFFFFFFFFFFFFFFFFFFFFFFFFFFFFFFFFFFFFFFFFFFFFFFFFFFFFFFFFFFFFFD
:2063C000FFFFFFFFFFFFFFFFFFFFFFFFFFFFFFFFFFFFFFFFFFFFFFFFFFFFFFFFFFFFFFFFDD
:2063E000FFFFFFFFFFFFFFFFFFFFFFFFFFFFFFFFFFFFFFFFFFFFFFFFFFFFFFFFFFFFFFFFBD
:20640000FFFFFFFFFFFFFFFFFFFFFFFFFFFFFFFFFFFFFFFFFFFFFFFFFFFFFFFFFFFFFFFF9C
:20642000FFFFFFFFFFFFFFFFFFFFFFFFFFFFFFFFFFFFFFFFFFFFFFFFFFFFFFFFFFFFFFFF7C
:20644000FFFFFFFFFFFFFFFFFFFFFFFFFFFFFFFFFFFFFFFFFFFFFFFFFFFFFFFFFFFFFFFF5C
:20646000FFFFFFFFFFFFFFFFFFFFFFFFFFFFFFFFFFFFFFFFFFFFFFFFFFFFFFFFFFFFFFFF3C
:20648000FFFFFFFFFFFFFFFFFFFFFFFFFFFFFFFFFFFFFFFFFFFFFFFFFFFFFFFFFFFFFFFF1C
:2064A000FFFFFFFFFFFFFFFFFFFFFFFFFFFFFFFFFFFFFFFFFFFFFFFFFFFFFFFFFFFFFFFFFC
:2064C000FFFFFFFFFFFFFFFFFFFFFFFFFFFFFFFFFFFFFFFFFFFFFFFFFFFFFFFFFFFFFFFFDC
:2064E000FFFFFFFFFFFFFFFFFFFFFFFFFFFFFFFFFFFFFFFFFFFFFFFFFFFFFFFFFFFFFFFFBC
:20650000FFFFFFFFFFFFFFFFFFFFFFFFFFFFFFFFFFFFFFFFFFFFFFFFFFFFFFFFFFFFFFFF9B
:20652000FFFFFFFFFFFFFFFFFFFFFFFFFFFFFFFFFFFFFFFFFFFFFFFFFFFFFFFFFFFFFFFF7B
:20654000FFFFFFFFFFFFFFFFFFFFFFFFFFFFFFFFFFFFFFFFFFFFFFFFFFFFFFFFFFFFFFFF5B
:20656000FFFFFFFFFFFFFFFFFFFFFFFFFFFFFFFFFFFFFFFFFFFFFFFFFFFFFFFFFFFFFFFF3B
:20658000FFFFFFFFFFFFFFFFFFFFFFFFFFFFFFFFFFFFFFFFFFFFFFFFFFFFFFFFFFFFFFFF1B
:2065A000FFFFFFFFFFFFFFFFFFFFFFFFFFFFFFFFFFFFFFFFFFFFFFFFFFFFFFFFFFFFFFFFFB
:2065C000FFFFFFFFFFFFFFFFFFFFFFFFFFFFFFFFFFFFFFFFFFFFFFFFFFFFFFFFFFFFFFFFDB
:2065E000FFFFFFFFFFFFFFFFFFFFFFFFFFFFFFFFFFFFFFFFFFFFFFFFFFFFFFFFFFFFFFFFBB
:20660000FFFFFFFFFFFFFFFFFFFFFFFFFFFFFFFFFFFFFFFFFFFFFFFFFFFFFFFFFFFFFFFF9A
:20662000FFFFFFFFFFFFFFFFFFFFFFFFFFFFFFFFFFFFFFFFFFFFFFFFFFFFFFFFFFFFFFFF7A
:20664000FFFFFFFFFFFFFFFFFFFFFFFFFFFFFFFFFFFFFFFFFFFFFFFFFFFFFFFFFFFFFFFF5A
:20666000FFFFFFFFFFFFFFFFFFFFFFFFFFFFFFFFFFFFFFFFFFFFFFFFFFFFFFFFFFFFFFFF3A
:20668000FFFFFFFFFFFFFFFFFFFFFFFFFFFFFFFFFFFFFFFFFFFFFFFFFFFFFFFFFFFFFFFF1A
:2066A000FFFFFFFFFFFFFFFFFFFFFFFFFFFFFFFFFFFFFFFFFFFFFFFFFFFFFFFFFFFFFFFFFA
:2066C000FFFFFFFFFFFFFFFFFFFFFFFFFFFFFFFFFFFFFFFFFFFFFFFFFFFFFFFFFFFFFFFFDA
:2066E000FFFFFFFFFFFFFFFFFFFFFFFFFFFFFFFFFFFFFFFFFFFFFFFFFFFFFFFFFFFFFFFFBA
:20670000FFFFFFFFFFFFFFFFFFFFFFFFFFFFFFFFFFFFFFFFFFFFFFFFFFFFFFFFFFFFFFFF99
:20672000FFFFFFFFFFFFFFFFFFFFFFFFFFFFFFFFFFFFFFFFFFFFFFFFFFFFFFFFFFFFFFFF79
:20674000FFFFFFFFFFFFFFFFFFFFFFFFFFFFFFFFFFFFFFFFFFFFFFFFFFFFFFFFFFFFFFFF59
:20676000FFFFFFFFFFFFFFFFFFFFFFFFFFFFFFFFFFFFFFFFFFFFFFFFFFFFFFFFFFFFFFFF39
:20678000FFFFFFFFFFFFFFFFFFFFFFFFFFFFFFFFFFFFFFFFFFFFFFFFFFFFFFFFFFFFFFFF19
:2067A000FFFFFFFFFFFFFFFFFFFFFFFFFFFFFFFFFFFFFFFFFFFFFFFFFFFFFFFFFFFFFFFFF9
:2067C000FFFFFFFFFFFFFFFFFFFFFFFFFFFFFFFFFFFFFFFFFFFFFFFFFFFFFFFFFFFFFFFFD9
:2067E000FFFFFFFFFFFFFFFFFFFFFFFFFFFFFFFFFFFFFFFFFFFFFFFFFFFFFFFFFFFFFFFFB9
:20680000FFFFFFFFFFFFFFFFFFFFFFFFFFFFFFFFFFFFFFFFFFFFFFFFFFFFFFFFFFFFFFFF98
:20682000FFFFFFFFFFFFFFFFFFFFFFFFFFFFFFFFFFFFFFFFFFFFFFFFFFFFFFFFFFFFFFFF78
:20684000FFFFFFFFFFFFFFFFFFFFFFFFFFFFFFFFFFFFFFFFFFFFFFFFFFFFFFFFFFFFFFFF58
:20686000FFFFFFFFFFFFFFFFFFFFFFFFFFFFFFFFFFFFFFFFFFFFFFFFFFFFFFFFFFFFFFFF38
:20688000FFFFFFFFFFFFFFFFFFFFFFFFFFFFFFFFFFFFFFFFFFFFFFFFFFFFFFFFFFFFFFFF18
:2068A000FFFFFFFFFFFFFFFFFFFFFFFFFFFFFFFFFFFFFFFFFFFFFFFFFFFFFFFFFFFFFFFFF8
:2068C000FFFFFFFFFFFFFFFFFFFFFFFFFFFFFFFFFFFFFFFFFFFFFFFFFFFFFFFFFFFFFFFFD8
:2068E000FFFFFFFFFFFFFFFFFFFFFFFFFFFFFFFFFFFFFFFFFFFFFFFFFFFFFFFFFFFFFFFFB8
:20690000FFFFFFFFFFFFFFFFFFFFFFFFFFFFFFFFFFFFFFFFFFFFFFFFFFFFFFFFFFFFFFFF97
:20692000FFFFFFFFFFFFFFFFFFFFFFFFFFFFFFFFFFFFFFFFFFFFFFFFFFFFFFFFFFFFFFFF77
:20694000FFFFFFFFFFFFFFFFFFFFFFFFFFFFFFFFFFFFFFFFFFFFFFFFFFFFFFFFFFFFFFFF57
:20696000FFFFFFFFFFFFFFFFFFFFFFFFFFFFFFFFFFFFFFFFFFFFFFFFFFFFFFFFFFFFFFFF37
:20698000FFFFFFFFFFFFFFFFFFFFFFFFFFFFFFFFFFFFFFFFFFFFFFFFFFFFFFFFFFFFFFFF17
:2069A000FFFFFFFFFFFFFFFFFFFFFFFFFFFFFFFFFFFFFFFFFFFFFFFFFFFFFFFFFFFFFFFFF7
:2069C000FFFFFFFFFFFFFFFFFFFFFFFFFFFFFFFFFFFFFFFFFFFFFFFFFFFFFFFFFFFFFFFFD7
:2069E000FFFFFFFFFFFFFFFFFFFFFFFFFFFFFFFFFFFFFFFFFFFFFFFFFFFFFFFFFFFFFFFFB7
:206A0000FFFFFFFFFFFFFFFFFFFFFFFFFFFFFFFFFFFFFFFFFFFFFFFFFFFFFFFFFFFFFFFF96
:206A2000FFFFFFFFFFFFFFFFFFFFFFFFFFFFFFFFFFFFFFFFFFFFFFFFFFFFFFFFFFFFFFFF76
:206A4000FFFFFFFFFFFFFFFFFFFFFFFFFFFFFFFFFFFFFFFFFFFFFFFFFFFFFFFFFFFFFFFF56
:206A6000FFFFFFFFFFFFFFFFFFFFFFFFFFFFFFFFFFFFFFFFFFFFFFFFFFFFFFFFFFFFFFFF36
:206A8000FFFFFFFFFFFFFFFFFFFFFFFFFFFFFFFFFFFFFFFFFFFFFFFFFFFFFFFFFFFFFFFF16
:206AA000FFFFFFFFFFFFFFFFFFFFFFFFFFFFFFFFFFFFFFFFFFFFFFFFFFFFFFFFFFFFFFFFF6
:206AC000FFFFFFFFFFFFFFFFFFFFFFFFFFFFFFFFFFFFFFFFFFFFFFFFFFFFFFFFFFFFFFFFD6
:206AE000FFFFFFFFFFFFFFFFFFFFFFFFFFFFFFFFFFFFFFFFFFFFFFFFFFFFFFFFFFFFFFFFB6
:206B0000FFFFFFFFFFFFFFFFFFFFFFFFFFFFFFFFFFFFFFFFFFFFFFFFFFFFFFFFFFFFFFFF95
:206B2000FFFFFFFFFFFFFFFFFFFFFFFFFFFFFFFFFFFFFFFFFFFFFFFFFFFFFFFFFFFFFFFF75
:206B4000FFFFFFFFFFFFFFFFFFFFFFFFFFFFFFFFFFFFFFFFFFFFFFFFFFFFFFFFFFFFFFFF55
:206B6000FFFFFFFFFFFFFFFFFFFFFFFFFFFFFFFFFFFFFFFFFFFFFFFFFFFFFFFFFFFFFFFF35
:206B8000FFFFFFFFFFFFFFFFFFFFFFFFFFFFFFFFFFFFFFFFFFFFFFFFFFFFFFFFFFFFFFFF15
:206BA000FFFFFFFFFFFFFFFFFFFFFFFFFFFFFFFFFFFFFFFFFFFFFFFFFFFFFFFFFFFFFFFFF5
:206BC000FFFFFFFFFFFFFFFFFFFFFFFFFFFFFFFFFFFFFFFFFFFFFFFFFFFFFFFFFFFFFFFFD5
:206BE000FFFFFFFFFFFFFFFFFFFFFFFFFFFFFFFFFFFFFFFFFFFFFFFFFFFFFFFFFFFFFFFFB5
:206C0000FFFFFFFFFFFFFFFFFFFFFFFFFFFFFFFFFFFFFFFFFFFFFFFFFFFFFFFFFFFFFFFF94
:206C2000FFFFFFFFFFFFFFFFFFFFFFFFFFFFFFFFFFFFFFFFFFFFFFFFFFFFFFFFFFFFFFFF74
:206C4000FFFFFFFFFFFFFFFFFFFFFFFFFFFFFFFFFFFFFFFFFFFFFFFFFFFFFFFFFFFFFFFF54
:206C6000FFFFFFFFFFFFFFFFFFFFFFFFFFFFFFFFFFFFFFFFFFFFFFFFFFFFFFFFFFFFFFFF34
:206C8000FFFFFFFFFFFFFFFFFFFFFFFFFFFFFFFFFFFFFFFFFFFFFFFFFFFFFFFFFFFFFFFF14
:206CA000FFFFFFFFFFFFFFFFFFFFFFFFFFFFFFFFFFFFFFFFFFFFFFFFFFFFFFFFFFFFFFFFF4
:206CC000FFFFFFFFFFFFFFFFFFFFFFFFFFFFFFFFFFFFFFFFFFFFFFFFFFFFFFFFFFFFFFFFD4
:206CE000FFFFFFFFFFFFFFFFFFFFFFFFFFFFFFFFFFFFFFFFFFFFFFFFFFFFFFFFFFFFFFFFB4
:206D0000FFFFFFFFFFFFFFFFFFFFFFFFFFFFFFFFFFFFFFFFFFFFFFFFFFFFFFFFFFFFFFFF93
:206D2000FFFFFFFFFFFFFFFFFFFFFFFFFFFFFFFFFFFFFFFFFFFFFFFFFFFFFFFFFFFFFFFF73
:206D4000FFFFFFFFFFFFFFFFFFFFFFFFFFFFFFFFFFFFFFFFFFFFFFFFFFFFFFFFFFFFFFFF53
:206D6000FFFFFFFFFFFFFFFFFFFFFFFFFFFFFFFFFFFFFFFFFFFFFFFFFFFFFFFFFFFFFFFF33
:206D8000FFFFFFFFFFFFFFFFFFFFFFFFFFFFFFFFFFFFFFFFFFFFFFFFFFFFFFFFFFFFFFFF13
:206DA000FFFFFFFFFFFFFFFFFFFFFFFFFFFFFFFFFFFFFFFFFFFFFFFFFFFFFFFFFFFFFFFFF3
:206DC000FFFFFFFFFFFFFFFFFFFFFFFFFFFFFFFFFFFFFFFFFFFFFFFFFFFFFFFFFFFFFFFFD3
:206DE000FFFFFFFFFFFFFFFFFFFFFFFFFFFFFFFFFFFFFFFFFFFFFFFFFFFFFFFFFFFFFFFFB3
:206E0000FFFFFFFFFFFFFFFFFFFFFFFFFFFFFFFFFFFFFFFFFFFFFFFFFFFFFFFFFFFFFFFF92
:206E2000FFFFFFFFFFFFFFFFFFFFFFFFFFFFFFFFFFFFFFFFFFFFFFFFFFFFFFFFFFFFFFFF72
:206E4000FFFFFFFFFFFFFFFFFFFFFFFFFFFFFFFFFFFFFFFFFFFFFFFFFFFFFFFFFFFFFFFF52
:206E6000FFFFFFFFFFFFFFFFFFFFFFFFFFFFFFFFFFFFFFFFFFFFFFFFFFFFFFFFFFFFFFFF32
:206E8000FFFFFFFFFFFFFFFFFFFFFFFFFFFFFFFFFFFFFFFFFFFFFFFFFFFFFFFFFFFFFFFF12
:206EA000FFFFFFFFFFFFFFFFFFFFFFFFFFFFFFFFFFFFFFFFFFFFFFFFFFFFFFFFFFFFFFFFF2
:206EC000FFFFFFFFFFFFFFFFFFFFFFFFFFFFFFFFFFFFFFFFFFFFFFFFFFFFFFFFFFFFFFFFD2
:206EE000FFFFFFFFFFFFFFFFFFFFFFFFFFFFFFFFFFFFFFFFFFFFFFFFFFFFFFFFFFFFFFFFB2
:206F0000FFFFFFFFFFFFFFFFFFFFFFFFFFFFFFFFFFFFFFFFFFFFFFFFFFFFFFFFFFFFFFFF91
:206F2000FFFFFFFFFFFFFFFFFFFFFFFFFFFFFFFFFFFFFFFFFFFFFFFFFFFFFFFFFFFFFFFF71
:206F4000FFFFFFFFFFFFFFFFFFFFFFFFFFFFFFFFFFFFFFFFFFFFFFFFFFFFFFFFFFFFFFFF51
:206F6000FFFFFFFFFFFFFFFFFFFFFFFFFFFFFFFFFFFFFFFFFFFFFFFFFFFFFFFFFFFFFFFF31
:206F8000FFFFFFFFFFFFFFFFFFFFFFFFFFFFFFFFFFFFFFFFFFFFFFFFFFFFFFFFFFFFFFFF11
:206FA000FFFFFFFFFFFFFFFFFFFFFFFFFFFFFFFFFFFFFFFFFFFFFFFFFFFFFFFFFFFFFFFFF1
:206FC000FFFFFFFFFFFFFFFFFFFFFFFFFFFFFFFFFFFFFFFFFFFFFFFFFFFFFFFFFFFFFFFFD1
:206FE000FFFFFFFFFFFFFFFFFFFFFFFFFFFFFFFFFFFFFFFFFFFFFFFFFFFFFFFFFFFFFFFFB1
:20700000FFFFFFFFFFFFFFFFFFFFFFFFFFFFFFFFFFFFFFFFFFFFFFFFFFFFFFFFFFFFFFFF90
:20702000FFFFFFFFFFFFFFFFFFFFFFFFFFFFFFFFFFFFFFFFFFFFFFFFFFFFFFFFFFFFFFFF70
:20704000FFFFFFFFFFFFFFFFFFFFFFFFFFFFFFFFFFFFFFFFFFFFFFFFFFFFFFFFFFFFFFFF50
:20706000FFFFFFFFFFFFFFFFFFFFFFFFFFFFFFFFFFFFFFFFFFFFFFFFFFFFFFFFFFFFFFFF30
:20708000FFFFFFFFFFFFFFFFFFFFFFFFFFFFFFFFFFFFFFFFFFFFFFFFFFFFFFFFFFFFFFFF10
:2070A000FFFFFFFFFFFFFFFFFFFFFFFFFFFFFFFFFFFFFFFFFFFFFFFFFFFFFFFFFFFFFFFFF0
:2070C000FFFFFFFFFFFFFFFFFFFFFFFFFFFFFFFFFFFFFFFFFFFFFFFFFFFFFFFFFFFFFFFFD0
:2070E000FFFFFFFFFFFFFFFFFFFFFFFFFFFFFFFFFFFFFFFFFFFFFFFFFFFFFFFFFFFFFFFFB0
:20710000FFFFFFFFFFFFFFFFFFFFFFFFFFFFFFFFFFFFFFFFFFFFFFFFFFFFFFFFFFFFFFFF8F
:20712000FFFFFFFFFFFFFFFFFFFFFFFFFFFFFFFFFFFFFFFFFFFFFFFFFFFFFFFFFFFFFFFF6F
:20714000FFFFFFFFFFFFFFFFFFFFFFFFFFFFFFFFFFFFFFFFFFFFFFFFFFFFFFFFFFFFFFFF4F
:20716000FFFFFFFFFFFFFFFFFFFFFFFFFFFFFFFFFFFFFFFFFFFFFFFFFFFFFFFFFFFFFFFF2F
:20718000FFFFFFFFFFFFFFFFFFFFFFFFFFFFFFFFFFFFFFFFFFFFFFFFFFFFFFFFFFFFFFFF0F
:2071A000FFFFFFFFFFFFFFFFFFFFFFFFFFFFFFFFFFFFFFFFFFFFFFFFFFFFFFFFFFFFFFFFEF
:2071C000FFFFFFFFFFFFFFFFFFFFFFFFFFFFFFFFFFFFFFFFFFFFFFFFFFFFFFFFFFFFFFFFCF
:2071E000FFFFFFFFFFFFFFFFFFFFFFFFFFFFFFFFFFFFFFFFFFFFFFFFFFFFFFFFFFFFFFFFAF
:20720000FFFFFFFFFFFFFFFFFFFFFFFFFFFFFFFFFFFFFFFFFFFFFFFFFFFFFFFFFFFFFFFF8E
:20722000FFFFFFFFFFFFFFFFFFFFFFFFFFFFFFFFFFFFFFFFFFFFFFFFFFFFFFFFFFFFFFFF6E
:20724000FFFFFFFFFFFFFFFFFFFFFFFFFFFFFFFFFFFFFFFFFFFFFFFFFFFFFFFFFFFFFFFF4E
:20726000FFFFFFFFFFFFFFFFFFFFFFFFFFFFFFFFFFFFFFFFFFFFFFFFFFFFFFFFFFFFFFFF2E
:20728000FFFFFFFFFFFFFFFFFFFFFFFFFFFFFFFFFFFFFFFFFFFFFFFFFFFFFFFFFFFFFFFF0E
:2072A000FFFFFFFFFFFFFFFFFFFFFFFFFFFFFFFFFFFFFFFFFFFFFFFFFFFFFFFFFFFFFFFFEE
:2072C000FFFFFFFFFFFFFFFFFFFFFFFFFFFFFFFFFFFFFFFFFFFFFFFFFFFFFFFFFFFFFFFFCE
:2072E000FFFFFFFFFFFFFFFFFFFFFFFFFFFFFFFFFFFFFFFFFFFFFFFFFFFFFFFFFFFFFFFFAE
:20730000FFFFFFFFFFFFFFFFFFFFFFFFFFFFFFFFFFFFFFFFFFFFFFFFFFFFFFFFFFFFFFFF8D
:20732000FFFFFFFFFFFFFFFFFFFFFFFFFFFFFFFFFFFFFFFFFFFFFFFFFFFFFFFFFFFFFFFF6D
:20734000FFFFFFFFFFFFFFFFFFFFFFFFFFFFFFFFFFFFFFFFFFFFFFFFFFFFFFFFFFFFFFFF4D
:20736000FFFFFFFFFFFFFFFFFFFFFFFFFFFFFFFFFFFFFFFFFFFFFFFFFFFFFFFFFFFFFFFF2D
:20738000FFFFFFFFFFFFFFFFFFFFFFFFFFFFFFFFFFFFFFFFFFFFFFFFFFFFFFFFFFFFFFFF0D
:2073A000FFFFFFFFFFFFFFFFFFFFFFFFFFFFFFFFFFFFFFFFFFFFFFFFFFFFFFFFFFFFFFFFED
:2073C000FFFFFFFFFFFFFFFFFFFFFFFFFFFFFFFFFFFFFFFFFFFFFFFFFFFFFFFFFFFFFFFFCD
:2073E000FFFFFFFFFFFFFFFFFFFFFFFFFFFFFFFFFFFFFFFFFFFFFFFFFFFFFFFFFFFFFFFFAD
:20740000FFFFFFFFFFFFFFFFFFFFFFFFFFFFFFFFFFFFFFFFFFFFFFFFFFFFFFFFFFFFFFFF8C
:20742000FFFFFFFFFFFFFFFFFFFFFFFFFFFFFFFFFFFFFFFFFFFFFFFFFFFFFFFFFFFFFFFF6C
:20744000FFFFFFFFFFFFFFFFFFFFFFFFFFFFFFFFFFFFFFFFFFFFFFFFFFFFFFFFFFFFFFFF4C
:20746000FFFFFFFFFFFFFFFFFFFFFFFFFFFFFFFFFFFFFFFFFFFFFFFFFFFFFFFFFFFFFFFF2C
:20748000FFFFFFFFFFFFFFFFFFFFFFFFFFFFFFFFFFFFFFFFFFFFFFFFFFFFFFFFFFFFFFFF0C
:2074A000FFFFFFFFFFFFFFFFFFFFFFFFFFFFFFFFFFFFFFFFFFFFFFFFFFFFFFFFFFFFFFFFEC
:2074C000FFFFFFFFFFFFFFFFFFFFFFFFFFFFFFFFFFFFFFFFFFFFFFFFFFFFFFFFFFFFFFFFCC
:2074E000FFFFFFFFFFFFFFFFFFFFFFFFFFFFFFFFFFFFFFFFFFFFFFFFFFFFFFFFFFFFFFFFAC
:20750000FFFFFFFFFFFFFFFFFFFFFFFFFFFFFFFFFFFFFFFFFFFFFFFFFFFFFFFFFFFFFFFF8B
:20752000FFFFFFFFFFFFFFFFFFFFFFFFFFFFFFFFFFFFFFFFFFFFFFFFFFFFFFFFFFFFFFFF6B
:20754000FFFFFFFFFFFFFFFFFFFFFFFFFFFFFFFFFFFFFFFFFFFFFFFFFFFFFFFFFFFFFFFF4B
:20756000FFFFFFFFFFFFFFFFFFFFFFFFFFFFFFFFFFFFFFFFFFFFFFFFFFFFFFFFFFFFFFFF2B
:20758000FFFFFFFFFFFFFFFFFFFFFFFFFFFFFFFFFFFFFFFFFFFFFFFFFFFFFFFFFFFFFFFF0B
:2075A000FFFFFFFFFFFFFFFFFFFFFFFFFFFFFFFFFFFFFFFFFFFFFFFFFFFFFFFFFFFFFFFFEB
:2075C000FFFFFFFFFFFFFFFFFFFFFFFFFFFFFFFFFFFFFFFFFFFFFFFFFFFFFFFFFFFFFFFFCB
:2075E000FFFFFFFFFFFFFFFFFFFFFFFFFFFFFFFFFFFFFFFFFFFFFFFFFFFFFFFFFFFFFFFFAB
:20760000FFFFFFFFFFFFFFFFFFFFFFFFFFFFFFFFFFFFFFFFFFFFFFFFFFFFFFFFFFFFFFFF8A
:20762000FFFFFFFFFFFFFFFFFFFFFFFFFFFFFFFFFFFFFFFFFFFFFFFFFFFFFFFFFFFFFFFF6A
:20764000FFFFFFFFFFFFFFFFFFFFFFFFFFFFFFFFFFFFFFFFFFFFFFFFFFFFFFFFFFFFFFFF4A
:20766000FFFFFFFFFFFFFFFFFFFFFFFFFFFFFFFFFFFFFFFFFFFFFFFFFFFFFFFFFFFFFFFF2A
:20768000FFFFFFFFFFFFFFFFFFFFFFFFFFFFFFFFFFFFFFFFFFFFFFFFFFFFFFFFFFFFFFFF0A
:2076A000FFFFFFFFFFFFFFFFFFFFFFFFFFFFFFFFFFFFFFFFFFFFFFFFFFFFFFFFFFFFFFFFEA
:2076C000FFFFFFFFFFFFFFFFFFFFFFFFFFFFFFFFFFFFFFFFFFFFFFFFFFFFFFFFFFFFFFFFCA
:2076E000FFFFFFFFFFFFFFFFFFFFFFFFFFFFFFFFFFFFFFFFFFFFFFFFFFFFFFFFFFFFFFFFAA
:20770000FFFFFFFFFFFFFFFFFFFFFFFFFFFFFFFFFFFFFFFFFFFFFFFFFFFFFFFFFFFFFFFF89
:20772000FFFFFFFFFFFFFFFFFFFFFFFFFFFFFFFFFFFFFFFFFFFFFFFFFFFFFFFFFFFFFFFF69
:20774000FFFFFFFFFFFFFFFFFFFFFFFFFFFFFFFFFFFFFFFFFFFFFFFFFFFFFFFFFFFFFFFF49
:20776000FFFFFFFFFFFFFFFFFFFFFFFFFFFFFFFFFFFFFFFFFFFFFFFFFFFFFFFFFFFFFFFF29
:20778000FFFFFFFFFFFFFFFFFFFFFFFFFFFFFFFFFFFFFFFFFFFFFFFFFFFFFFFFFFFFFFFF09
:2077A000FFFFFFFFFFFFFFFFFFFFFFFFFFFFFFFFFFFFFFFFFFFFFFFFFFFFFFFFFFFFFFFFE9
:2077C000FFFFFFFFFFFFFFFFFFFFFFFFFFFFFFFFFFFFFFFFFFFFFFFFFFFFFFFFFFFFFFFFC9
:2077E000FFFFFFFFFFFFFFFFFFFFFFFFFFFFFFFFFFFFFFFFFFFFFFFFFFFFFFFFFFFFFFFFA9
:20780000FFFFFFFFFFFFFFFFFFFFFFFFFFFFFFFFFFFFFFFFFFFFFFFFFFFFFFFFFFFFFFFF88
:20782000FFFFFFFFFFFFFFFFFFFFFFFFFFFFFFFFFFFFFFFFFFFFFFFFFFFFFFFFFFFFFFFF68
:20784000FFFFFFFFFFFFFFFFFFFFFFFFFFFFFFFFFFFFFFFFFFFFFFFFFFFFFFFFFFFFFFFF48
:20786000FFFFFFFFFFFFFFFFFFFFFFFFFFFFFFFFFFFFFFFFFFFFFFFFFFFFFFFFFFFFFFFF28
:20788000FFFFFFFFFFFFFFFFFFFFFFFFFFFFFFFFFFFFFFFFFFFFFFFFFFFFFFFFFFFFFFFF08
:2078A000FFFFFFFFFFFFFFFFFFFFFFFFFFFFFFFFFFFFFFFFFFFFFFFFFFFFFFFFFFFFFFFFE8
:2078C000FFFFFFFFFFFFFFFFFFFFFFFFFFFFFFFFFFFFFFFFFFFFFFFFFFFFFFFFFFFFFFFFC8
:2078E000FFFFFFFFFFFFFFFFFFFFFFFFFFFFFFFFFFFFFFFFFFFFFFFFFFFFFFFFFFFFFFFFA8
:20790000FFFFFFFFFFFFFFFFFFFFFFFFFFFFFFFFFFFFFFFFFFFFFFFFFFFFFFFFFFFFFFFF87
:20792000FFFFFFFFFFFFFFFFFFFFFFFFFFFFFFFFFFFFFFFFFFFFFFFFFFFFFFFFFFFFFFFF67
:20794000FFFFFFFFFFFFFFFFFFFFFFFFFFFFFFFFFFFFFFFFFFFFFFFFFFFFFFFFFFFFFFFF47
:20796000FFFFFFFFFFFFFFFFFFFFFFFFFFFFFFFFFFFFFFFFFFFFFFFFFFFFFFFFFFFFFFFF27
:20798000FFFFFFFFFFFFFFFFFFFFFFFFFFFFFFFFFFFFFFFFFFFFFFFFFFFFFFFFFFFFFFFF07
:2079A000FFFFFFFFFFFFFFFFFFFFFFFFFFFFFFFFFFFFFFFFFFFFFFFFFFFFFFFFFFFFFFFFE7
:2079C000FFFFFFFFFFFFFFFFFFFFFFFFFFFFFFFFFFFFFFFFFFFFFFFFFFFFFFFFFFFFFFFFC7
:2079E000FFFFFFFFFFFFFFFFFFFFFFFFFFFFFFFFFFFFFFFFFFFFFFFFFFFFFFFFFFFFFFFFA7
:207A0000FFFFFFFFFFFFFFFFFFFFFFFFFFFFFFFFFFFFFFFFFFFFFFFFFFFFFFFFFFFFFFFF86
:207A2000FFFFFFFFFFFFFFFFFFFFFFFFFFFFFFFFFFFFFFFFFFFFFFFFFFFFFFFFFFFFFFFF66
:207A4000FFFFFFFFFFFFFFFFFFFFFFFFFFFFFFFFFFFFFFFFFFFFFFFFFFFFFFFFFFFFFFFF46
:207A6000FFFFFFFFFFFFFFFFFFFFFFFFFFFFFFFFFFFFFFFFFFFFFFFFFFFFFFFFFFFFFFFF26
:207A8000FFFFFFFFFFFFFFFFFFFFFFFFFFFFFFFFFFFFFFFFFFFFFFFFFFFFFFFFFFFFFFFF06
:207AA000FFFFFFFFFFFFFFFFFFFFFFFFFFFFFFFFFFFFFFFFFFFFFFFFFFFFFFFFFFFFFFFFE6
:207AC000FFFFFFFFFFFFFFFFFFFFFFFFFFFFFFFFFFFFFFFFFFFFFFFFFFFFFFFFFFFFFFFFC6
:207AE000FFFFFFFFFFFFFFFFFFFFFFFFFFFFFFFFFFFFFFFFFFFFFFFFFFFFFFFFFFFFFFFFA6
:207B0000FFFFFFFFFFFFFFFFFFFFFFFFFFFFFFFFFFFFFFFFFFFFFFFFFFFFFFFFFFFFFFFF85
:207B2000FFFFFFFFFFFFFFFFFFFFFFFFFFFFFFFFFFFFFFFFFFFFFFFFFFFFFFFFFFFFFFFF65
:207B4000FFFFFFFFFFFFFFFFFFFFFFFFFFFFFFFFFFFFFFFFFFFFFFFFFFFFFFFFFFFFFFFF45
:207B6000FFFFFFFFFFFFFFFFFFFFFFFFFFFFFFFFFFFFFFFFFFFFFFFFFFFFFFFFFFFFFFFF25
:207B8000FFFFFFFFFFFFFFFFFFFFFFFFFFFFFFFFFFFFFFFFFFFFFFFFFFFFFFFFFFFFFFFF05
:207BA000FFFFFFFFFFFFFFFFFFFFFFFFFFFFFFFFFFFFFFFFFFFFFFFFFFFFFFFFFFFFFFFFE5
:207BC000FFFFFFFFFFFFFFFFFFFFFFFFFFFFFFFFFFFFFFFFFFFFFFFFFFFFFFFFFFFFFFFFC5
:207BE000FFFFFFFFFFFFFFFFFFFFFFFFFFFFFFFFFFFFFFFFFFFFFFFFFFFFFFFFFFFFFFFFA5
:207C0000FFFFFFFFFFFFFFFFFFFFFFFFFFFFFFFFFFFFFFFFFFFFFFFFFFFFFFFFFFFFFFFF84
:207C2000FFFFFFFFFFFFFFFFFFFFFFFFFFFFFFFFFFFFFFFFFFFFFFFFFFFFFFFFFFFFFFFF64
:207C4000FFFFFFFFFFFFFFFFFFFFFFFFFFFFFFFFFFFFFFFFFFFFFFFFFFFFFFFFFFFFFFFF44
:207C6000FFFFFFFFFFFFFFFFFFFFFFFFFFFFFFFFFFFFFFFFFFFFFFFFFFFFFFFFFFFFFFFF24
:207C8000FFFFFFFFFFFFFFFFFFFFFFFFFFFFFFFFFFFFFFFFFFFFFFFFFFFFFFFFFFFFFFFF04
:207CA000FFFFFFFFFFFFFFFFFFFFFFFFFFFFFFFFFFFFFFFFFFFFFFFFFFFFFFFFFFFFFFFFE4
:207CC000FFFFFFFFFFFFFFFFFFFFFFFFFFFFFFFFFFFFFFFFFFFFFFFFFFFFFFFFFFFFFFFFC4
:207CE000FFFFFFFFFFFFFFFFFFFFFFFFFFFFFFFFFFFFFFFFFFFFFFFFFFFFFFFFFFFFFFFFA4
:207D0000FFFFFFFFFFFFFFFFFFFFFFFFFFFFFFFFFFFFFFFFFFFFFFFFFFFFFFFFFFFFFFFF83
:207D2000FFFFFFFFFFFFFFFFFFFFFFFFFFFFFFFFFFFFFFFFFFFFFFFFFFFFFFFFFFFFFFFF63
:207D4000FFFFFFFFFFFFFFFFFFFFFFFFFFFFFFFFFFFFFFFFFFFFFFFFFFFFFFFFFFFFFFFF43
:207D6000FFFFFFFFFFFFFFFFFFFFFFFFFFFFFFFFFFFFFFFFFFFFFFFFFFFFFFFFFFFFFFFF23
:207D8000FFFFFFFFFFFFFFFFFFFFFFFFFFFFFFFFFFFFFFFFFFFFFFFFFFFFFFFFFFFFFFFF03
:207DA000FFFFFFFFFFFFFFFFFFFFFFFFFFFFFFFFFFFFFFFFFFFFFFFFFFFFFFFFFFFFFFFFE3
:207DC000FFFFFFFFFFFFFFFFFFFFFFFFFFFFFFFFFFFFFFFFFFFFFFFFFFFFFFFFFFFFFFFFC3
:207DE000FFFFFFFFFFFFFFFFFFFFFFFFFFFFFFFFFFFFFFFFFFFFFFFFFFFFFFFFFFFFFFFFA3
:207E0000FFFFFFFFFFFFFFFFFFFFFFFFFFFFFFFFFFFFFFFFFFFFFFFFFFFFFFFFFFFFFFFF82
:207E2000FFFFFFFFFFFFFFFFFFFFFFFFFFFFFFFFFFFFFFFFFFFFFFFFFFFFFFFFFFFFFFFF62
:207E4000FFFFFFFFFFFFFFFFFFFFFFFFFFFFFFFFFFFFFFFFFFFFFFFFFFFFFFFFFFFFFFFF42
:207E6000FFFFFFFFFFFFFFFFFFFFFFFFFFFFFFFFFFFFFFFFFFFFFFFFFFFFFFFFFFFFFFFF22
:207E8000FFFFFFFFFFFFFFFFFFFFFFFFFFFFFFFFFFFFFFFFFFFFFFFFFFFFFFFFFFFFFFFF02
:207EA000FFFFFFFFFFFFFFFFFFFFFFFFFFFFFFFFFFFFFFFFFFFFFFFFFFFFFFFFFFFFFFFFE2
:207EC000FFFFFFFFFFFFFFFFFFFFFFFFFFFFFFFFFFFFFFFFFFFFFFFFFFFFFFFFFFFFFFFFC2
:207EE000FFFFFFFFFFFFFFFFFFFFFFFFFFFFFFFFFFFFFFFFFFFFFFFFFFFFFFFFFFFFFFFFA2
:207F0000FFFFFFFFFFFFFFFFFFFFFFFFFFFFFFFFFFFFFFFFFFFFFFFFFFFFFFFFFFFFFFFF81
:207F2000FFFFFFFFFFFFFFFFFFFFFFFFFFFFFFFFFFFFFFFFFFFFFFFFFFFFFFFFFFFFFFFF61
:207F4000FFFFFFFFFFFFFFFFFFFFFFFFFFFFFFFFFFFFFFFFFFFFFFFFFFFFFFFFFFFFFFFF41
:207F6000FFFFFFFFFFFFFFFFFFFFFFFFFFFFFFFFFFFFFFFFFFFFFFFFFFFFFFFFFFFFFFFF21
:207F8000FFFFFFFFFFFFFFFFFFFFFFFFFFFFFFFFFFFFFFFFFFFFFFFFFFFFFFFFFFFFFFFF01
:207FA000FFFFFFFFFFFFFFFFFFFFFFFFFFFFFFFFFFFFFFFFFFFFFFFFFFFFFFFFFFFFFFFFE1
:207FC000FFFFFFFFFFFFFFFFFFFFFFFFFFFFFFFFFFFFFFFFFFFFFFFFFFFFFFFFFFFFFFFFC1
:207FE000FFFFFFFFFFFFFFFFFFFFFFFFFFFFFFFFFFFFFFFFFFFFFFFFFFFFFFFFFFFFFFFFA1
:20800000FFFFFFFFFFFFFFFFFFFFFFFFFFFFFFFFFFFFFFFFFFFFFFFFFFFFFFFFFFFFFFFF80
:20802000FFFFFFFFFFFFFFFFFFFFFFFFFFFFFFFFFFFFFFFFFFFFFFFFFFFFFFFFFFFFFFFF60
:20804000FFFFFFFFFFFFFFFFFFFFFFFFFFFFFFFFFFFFFFFFFFFFFFFFFFFFFFFFFFFFFFFF40
:20806000FFFFFFFFFFFFFFFFFFFFFFFFFFFFFFFFFFFFFFFFFFFFFFFFFFFFFFFFFFFFFFFF20
:20808000FFFFFFFFFFFFFFFFFFFFFFFFFFFFFFFFFFFFFFFFFFFFFFFFFFFFFFFFFFFFFFFF00
:2080A000FFFFFFFFFFFFFFFFFFFFFFFFFFFFFFFFFFFFFFFFFFFFFFFFFFFFFFFFFFFFFFFFE0
:2080C000FFFFFFFFFFFFFFFFFFFFFFFFFFFFFFFFFFFFFFFFFFFFFFFFFFFFFFFFFFFFFFFFC0
:2080E000FFFFFFFFFFFFFFFFFFFFFFFFFFFFFFFFFFFFFFFFFFFFFFFFFFFFFFFFFFFFFFFFA0
:20810000FFFFFFFFFFFFFFFFFFFFFFFFFFFFFFFFFFFFFFFFFFFFFFFFFFFFFFFFFFFFFFFF7F
:20812000FFFFFFFFFFFFFFFFFFFFFFFFFFFFFFFFFFFFFFFFFFFFFFFFFFFFFFFFFFFFFFFF5F
:20814000FFFFFFFFFFFFFFFFFFFFFFFFFFFFFFFFFFFFFFFFFFFFFFFFFFFFFFFFFFFFFFFF3F
:20816000FFFFFFFFFFFFFFFFFFFFFFFFFFFFFFFFFFFFFFFFFFFFFFFFFFFFFFFFFFFFFFFF1F
:20818000FFFFFFFFFFFFFFFFFFFFFFFFFFFFFFFFFFFFFFFFFFFFFFFFFFFFFFFFFFFFFFFFFF
:2081A000FFFFFFFFFFFFFFFFFFFFFFFFFFFFFFFFFFFFFFFFFFFFFFFFFFFFFFFFFFFFFFFFDF
:2081C000FFFFFFFFFFFFFFFFFFFFFFFFFFFFFFFFFFFFFFFFFFFFFFFFFFFFFFFFFFFFFFFFBF
:2081E000FFFFFFFFFFFFFFFFFFFFFFFFFFFFFFFFFFFFFFFFFFFFFFFFFFFFFFFFFFFFFFFF9F
:20820000FFFFFFFFFFFFFFFFFFFFFFFFFFFFFFFFFFFFFFFFFFFFFFFFFFFFFFFFFFFFFFFF7E
:20822000FFFFFFFFFFFFFFFFFFFFFFFFFFFFFFFFFFFFFFFFFFFFFFFFFFFFFFFFFFFFFFFF5E
:20824000FFFFFFFFFFFFFFFFFFFFFFFFFFFFFFFFFFFFFFFFFFFFFFFFFFFFFFFFFFFFFFFF3E
:20826000FFFFFFFFFFFFFFFFFFFFFFFFFFFFFFFFFFFFFFFFFFFFFFFFFFFFFFFFFFFFFFFF1E
:20828000FFFFFFFFFFFFFFFFFFFFFFFFFFFFFFFFFFFFFFFFFFFFFFFFFFFFFFFFFFFFFFFFFE
:2082A000FFFFFFFFFFFFFFFFFFFFFFFFFFFFFFFFFFFFFFFFFFFFFFFFFFFFFFFFFFFFFFFFDE
:2082C000FFFFFFFFFFFFFFFFFFFFFFFFFFFFFFFFFFFFFFFFFFFFFFFFFFFFFFFFFFFFFFFFBE
:2082E000FFFFFFFFFFFFFFFFFFFFFFFFFFFFFFFFFFFFFFFFFFFFFFFFFFFFFFFFFFFFFFFF9E
:20830000FFFFFFFFFFFFFFFFFFFFFFFFFFFFFFFFFFFFFFFFFFFFFFFFFFFFFFFFFFFFFFFF7D
:20832000FFFFFFFFFFFFFFFFFFFFFFFFFFFFFFFFFFFFFFFFFFFFFFFFFFFFFFFFFFFFFFFF5D
:20834000FFFFFFFFFFFFFFFFFFFFFFFFFFFFFFFFFFFFFFFFFFFFFFFFFFFFFFFFFFFFFFFF3D
:20836000FFFFFFFFFFFFFFFFFFFFFFFFFFFFFFFFFFFFFFFFFFFFFFFFFFFFFFFFFFFFFFFF1D
:20838000FFFFFFFFFFFFFFFFFFFFFFFFFFFFFFFFFFFFFFFFFFFFFFFFFFFFFFFFFFFFFFFFFD
:2083A000FFFFFFFFFFFFFFFFFFFFFFFFFFFFFFFFFFFFFFFFFFFFFFFFFFFFFFFFFFFFFFFFDD
:2083C000FFFFFFFFFFFFFFFFFFFFFFFFFFFFFFFFFFFFFFFFFFFFFFFFFFFFFFFFFFFFFFFFBD
:2083E000FFFFFFFFFFFFFFFFFFFFFFFFFFFFFFFFFFFFFFFFFFFFFFFFFFFFFFFFFFFFFFFF9D
:20840000FFFFFFFFFFFFFFFFFFFFFFFFFFFFFFFFFFFFFFFFFFFFFFFFFFFFFFFFFFFFFFFF7C
:20842000FFFFFFFFFFFFFFFFFFFFFFFFFFFFFFFFFFFFFFFFFFFFFFFFFFFFFFFFFFFFFFFF5C
:20844000FFFFFFFFFFFFFFFFFFFFFFFFFFFFFFFFFFFFFFFFFFFFFFFFFFFFFFFFFFFFFFFF3C
:20846000FFFFFFFFFFFFFFFFFFFFFFFFFFFFFFFFFFFFFFFFFFFFFFFFFFFFFFFFFFFFFFFF1C
:20848000FFFFFFFFFFFFFFFFFFFFFFFFFFFFFFFFFFFFFFFFFFFFFFFFFFFFFFFFFFFFFFFFFC
:2084A000FFFFFFFFFFFFFFFFFFFFFFFFFFFFFFFFFFFFFFFFFFFFFFFFFFFFFFFFFFFFFFFFDC
:2084C000FFFFFFFFFFFFFFFFFFFFFFFFFFFFFFFFFFFFFFFFFFFFFFFFFFFFFFFFFFFFFFFFBC
:2084E000FFFFFFFFFFFFFFFFFFFFFFFFFFFFFFFFFFFFFFFFFFFFFFFFFFFFFFFFFFFFFFFF9C
:20850000FFFFFFFFFFFFFFFFFFFFFFFFFFFFFFFFFFFFFFFFFFFFFFFFFFFFFFFFFFFFFFFF7B
:20852000FFFFFFFFFFFFFFFFFFFFFFFFFFFFFFFFFFFFFFFFFFFFFFFFFFFFFFFFFFFFFFFF5B
:20854000FFFFFFFFFFFFFFFFFFFFFFFFFFFFFFFFFFFFFFFFFFFFFFFFFFFFFFFFFFFFFFFF3B
:20856000FFFFFFFFFFFFFFFFFFFFFFFFFFFFFFFFFFFFFFFFFFFFFFFFFFFFFFFFFFFFFFFF1B
:20858000FFFFFFFFFFFFFFFFFFFFFFFFFFFFFFFFFFFFFFFFFFFFFFFFFFFFFFFFFFFFFFFFFB
:2085A000FFFFFFFFFFFFFFFFFFFFFFFFFFFFFFFFFFFFFFFFFFFFFFFFFFFFFFFFFFFFFFFFDB
:2085C000FFFFFFFFFFFFFFFFFFFFFFFFFFFFFFFFFFFFFFFFFFFFFFFFFFFFFFFFFFFFFFFFBB
:2085E000FFFFFFFFFFFFFFFFFFFFFFFFFFFFFFFFFFFFFFFFFFFFFFFFFFFFFFFFFFFFFFFF9B
:20860000FFFFFFFFFFFFFFFFFFFFFFFFFFFFFFFFFFFFFFFFFFFFFFFFFFFFFFFFFFFFFFFF7A
:20862000FFFFFFFFFFFFFFFFFFFFFFFFFFFFFFFFFFFFFFFFFFFFFFFFFFFFFFFFFFFFFFFF5A
:20864000FFFFFFFFFFFFFFFFFFFFFFFFFFFFFFFFFFFFFFFFFFFFFFFFFFFFFFFFFFFFFFFF3A
:20866000FFFFFFFFFFFFFFFFFFFFFFFFFFFFFFFFFFFFFFFFFFFFFFFFFFFFFFFFFFFFFFFF1A
:20868000FFFFFFFFFFFFFFFFFFFFFFFFFFFFFFFFFFFFFFFFFFFFFFFFFFFFFFFFFFFFFFFFFA
:2086A000FFFFFFFFFFFFFFFFFFFFFFFFFFFFFFFFFFFFFFFFFFFFFFFFFFFFFFFFFFFFFFFFDA
:2086C000FFFFFFFFFFFFFFFFFFFFFFFFFFFFFFFFFFFFFFFFFFFFFFFFFFFFFFFFFFFFFFFFBA
:2086E000FFFFFFFFFFFFFFFFFFFFFFFFFFFFFFFFFFFFFFFFFFFFFFFFFFFFFFFFFFFFFFFF9A
:20870000FFFFFFFFFFFFFFFFFFFFFFFFFFFFFFFFFFFFFFFFFFFFFFFFFFFFFFFFFFFFFFFF79
:20872000FFFFFFFFFFFFFFFFFFFFFFFFFFFFFFFFFFFFFFFFFFFFFFFFFFFFFFFFFFFFFFFF59
:20874000FFFFFFFFFFFFFFFFFFFFFFFFFFFFFFFFFFFFFFFFFFFFFFFFFFFFFFFFFFFFFFFF39
:20876000FFFFFFFFFFFFFFFFFFFFFFFFFFFFFFFFFFFFFFFFFFFFFFFFFFFFFFFFFFFFFFFF19
:20878000FFFFFFFFFFFFFFFFFFFFFFFFFFFFFFFFFFFFFFFFFFFFFFFFFFFFFFFFFFFFFFFFF9
:2087A000FFFFFFFFFFFFFFFFFFFFFFFFFFFFFFFFFFFFFFFFFFFFFFFFFFFFFFFFFFFFFFFFD9
:2087C000FFFFFFFFFFFFFFFFFFFFFFFFFFFFFFFFFFFFFFFFFFFFFFFFFFFFFFFFFFFFFFFFB9
:2087E000FFFFFFFFFFFFFFFFFFFFFFFFFFFFFFFFFFFFFFFFFFFFFFFFFFFFFFFFFFFFFFFF99
:20880000FFFFFFFFFFFFFFFFFFFFFFFFFFFFFFFFFFFFFFFFFFFFFFFFFFFFFFFFFFFFFFFF78
:20882000FFFFFFFFFFFFFFFFFFFFFFFFFFFFFFFFFFFFFFFFFFFFFFFFFFFFFFFFFFFFFFFF58
:20884000FFFFFFFFFFFFFFFFFFFFFFFFFFFFFFFFFFFFFFFFFFFFFFFFFFFFFFFFFFFFFFFF38
:20886000FFFFFFFFFFFFFFFFFFFFFFFFFFFFFFFFFFFFFFFFFFFFFFFFFFFFFFFFFFFFFFFF18
:20888000FFFFFFFFFFFFFFFFFFFFFFFFFFFFFFFFFFFFFFFFFFFFFFFFFFFFFFFFFFFFFFFFF8
:2088A000FFFFFFFFFFFFFFFFFFFFFFFFFFFFFFFFFFFFFFFFFFFFFFFFFFFFFFFFFFFFFFFFD8
:2088C000FFFFFFFFFFFFFFFFFFFFFFFFFFFFFFFFFFFFFFFFFFFFFFFFFFFFFFFFFFFFFFFFB8
:2088E000FFFFFFFFFFFFFFFFFFFFFFFFFFFFFFFFFFFFFFFFFFFFFFFFFFFFFFFFFFFFFFFF98
:20890000FFFFFFFFFFFFFFFFFFFFFFFFFFFFFFFFFFFFFFFFFFFFFFFFFFFFFFFFFFFFFFFF77
:20892000FFFFFFFFFFFFFFFFFFFFFFFFFFFFFFFFFFFFFFFFFFFFFFFFFFFFFFFFFFFFFFFF57
:20894000FFFFFFFFFFFFFFFFFFFFFFFFFFFFFFFFFFFFFFFFFFFFFFFFFFFFFFFFFFFFFFFF37
:20896000FFFFFFFFFFFFFFFFFFFFFFFFFFFFFFFFFFFFFFFFFFFFFFFFFFFFFFFFFFFFFFFF17
:20898000FFFFFFFFFFFFFFFFFFFFFFFFFFFFFFFFFFFFFFFFFFFFFFFFFFFFFFFFFFFFFFFFF7
:2089A000FFFFFFFFFFFFFFFFFFFFFFFFFFFFFFFFFFFFFFFFFFFFFFFFFFFFFFFFFFFFFFFFD7
:2089C000FFFFFFFFFFFFFFFFFFFFFFFFFFFFFFFFFFFFFFFFFFFFFFFFFFFFFFFFFFFFFFFFB7
:2089E000FFFFFFFFFFFFFFFFFFFFFFFFFFFFFFFFFFFFFFFFFFFFFFFFFFFFFFFFFFFFFFFF97
:208A0000FFFFFFFFFFFFFFFFFFFFFFFFFFFFFFFFFFFFFFFFFFFFFFFFFFFFFFFFFFFFFFFF76
:208A2000FFFFFFFFFFFFFFFFFFFFFFFFFFFFFFFFFFFFFFFFFFFFFFFFFFFFFFFFFFFFFFFF56
:208A4000FFFFFFFFFFFFFFFFFFFFFFFFFFFFFFFFFFFFFFFFFFFFFFFFFFFFFFFFFFFFFFFF36
:208A6000FFFFFFFFFFFFFFFFFFFFFFFFFFFFFFFFFFFFFFFFFFFFFFFFFFFFFFFFFFFFFFFF16
:208A8000FFFFFFFFFFFFFFFFFFFFFFFFFFFFFFFFFFFFFFFFFFFFFFFFFFFFFFFFFFFFFFFFF6
:208AA000FFFFFFFFFFFFFFFFFFFFFFFFFFFFFFFFFFFFFFFFFFFFFFFFFFFFFFFFFFFFFFFFD6
:208AC000FFFFFFFFFFFFFFFFFFFFFFFFFFFFFFFFFFFFFFFFFFFFFFFFFFFFFFFFFFFFFFFFB6
:208AE000FFFFFFFFFFFFFFFFFFFFFFFFFFFFFFFFFFFFFFFFFFFFFFFFFFFFFFFFFFFFFFFF96
:208B0000FFFFFFFFFFFFFFFFFFFFFFFFFFFFFFFFFFFFFFFFFFFFFFFFFFFFFFFFFFFFFFFF75
:208B2000FFFFFFFFFFFFFFFFFFFFFFFFFFFFFFFFFFFFFFFFFFFFFFFFFFFFFFFFFFFFFFFF55
:208B4000FFFFFFFFFFFFFFFFFFFFFFFFFFFFFFFFFFFFFFFFFFFFFFFFFFFFFFFFFFFFFFFF35
:208B6000FFFFFFFFFFFFFFFFFFFFFFFFFFFFFFFFFFFFFFFFFFFFFFFFFFFFFFFFFFFFFFFF15
:208B8000FFFFFFFFFFFFFFFFFFFFFFFFFFFFFFFFFFFFFFFFFFFFFFFFFFFFFFFFFFFFFFFFF5
:208BA000FFFFFFFFFFFFFFFFFFFFFFFFFFFFFFFFFFFFFFFFFFFFFFFFFFFFFFFFFFFFFFFFD5
:208BC000FFFFFFFFFFFFFFFFFFFFFFFFFFFFFFFFFFFFFFFFFFFFFFFFFFFFFFFFFFFFFFFFB5
:208BE000FFFFFFFFFFFFFFFFFFFFFFFFFFFFFFFFFFFFFFFFFFFFFFFFFFFFFFFFFFFFFFFF95
:208C0000FFFFFFFFFFFFFFFFFFFFFFFFFFFFFFFFFFFFFFFFFFFFFFFFFFFFFFFFFFFFFFFF74
:208C2000FFFFFFFFFFFFFFFFFFFFFFFFFFFFFFFFFFFFFFFFFFFFFFFFFFFFFFFFFFFFFFFF54
:208C4000FFFFFFFFFFFFFFFFFFFFFFFFFFFFFFFFFFFFFFFFFFFFFFFFFFFFFFFFFFFFFFFF34
:208C6000FFFFFFFFFFFFFFFFFFFFFFFFFFFFFFFFFFFFFFFFFFFFFFFFFFFFFFFFFFFFFFFF14
:208C8000FFFFFFFFFFFFFFFFFFFFFFFFFFFFFFFFFFFFFFFFFFFFFFFFFFFFFFFFFFFFFFFFF4
:208CA000FFFFFFFFFFFFFFFFFFFFFFFFFFFFFFFFFFFFFFFFFFFFFFFFFFFFFFFFFFFFFFFFD4
:208CC000FFFFFFFFFFFFFFFFFFFFFFFFFFFFFFFFFFFFFFFFFFFFFFFFFFFFFFFFFFFFFFFFB4
:208CE000FFFFFFFFFFFFFFFFFFFFFFFFFFFFFFFFFFFFFFFFFFFFFFFFFFFFFFFFFFFFFFFF94
:208D0000FFFFFFFFFFFFFFFFFFFFFFFFFFFFFFFFFFFFFFFFFFFFFFFFFFFFFFFFFFFFFFFF73
:208D2000FFFFFFFFFFFFFFFFFFFFFFFFFFFFFFFFFFFFFFFFFFFFFFFFFFFFFFFFFFFFFFFF53
:208D4000FFFFFFFFFFFFFFFFFFFFFFFFFFFFFFFFFFFFFFFFFFFFFFFFFFFFFFFFFFFFFFFF33
:208D6000FFFFFFFFFFFFFFFFFFFFFFFFFFFFFFFFFFFFFFFFFFFFFFFFFFFFFFFFFFFFFFFF13
:208D8000FFFFFFFFFFFFFFFFFFFFFFFFFFFFFFFFFFFFFFFFFFFFFFFFFFFFFFFFFFFFFFFFF3
:208DA000FFFFFFFFFFFFFFFFFFFFFFFFFFFFFFFFFFFFFFFFFFFFFFFFFFFFFFFFFFFFFFFFD3
:208DC000FFFFFFFFFFFFFFFFFFFFFFFFFFFFFFFFFFFFFFFFFFFFFFFFFFFFFFFFFFFFFFFFB3
:208DE000FFFFFFFFFFFFFFFFFFFFFFFFFFFFFFFFFFFFFFFFFFFFFFFFFFFFFFFFFFFFFFFF93
:208E0000FFFFFFFFFFFFFFFFFFFFFFFFFFFFFFFFFFFFFFFFFFFFFFFFFFFFFFFFFFFFFFFF72
:208E2000FFFFFFFFFFFFFFFFFFFFFFFFFFFFFFFFFFFFFFFFFFFFFFFFFFFFFFFFFFFFFFFF52
:208E4000FFFFFFFFFFFFFFFFFFFFFFFFFFFFFFFFFFFFFFFFFFFFFFFFFFFFFFFFFFFFFFFF32
:208E6000FFFFFFFFFFFFFFFFFFFFFFFFFFFFFFFFFFFFFFFFFFFFFFFFFFFFFFFFFFFFFFFF12
:208E8000FFFFFFFFFFFFFFFFFFFFFFFFFFFFFFFFFFFFFFFFFFFFFFFFFFFFFFFFFFFFFFFFF2
:208EA000FFFFFFFFFFFFFFFFFFFFFFFFFFFFFFFFFFFFFFFFFFFFFFFFFFFFFFFFFFFFFFFFD2
:208EC000FFFFFFFFFFFFFFFFFFFFFFFFFFFFFFFFFFFFFFFFFFFFFFFFFFFFFFFFFFFFFFFFB2
:208EE000FFFFFFFFFFFFFFFFFFFFFFFFFFFFFFFFFFFFFFFFFFFFFFFFFFFFFFFFFFFFFFFF92
:208F0000FFFFFFFFFFFFFFFFFFFFFFFFFFFFFFFFFFFFFFFFFFFFFFFFFFFFFFFFFFFFFFFF71
:208F2000FFFFFFFFFFFFFFFFFFFFFFFFFFFFFFFFFFFFFFFFFFFFFFFFFFFFFFFFFFFFFFFF51
:208F4000FFFFFFFFFFFFFFFFFFFFFFFFFFFFFFFFFFFFFFFFFFFFFFFFFFFFFFFFFFFFFFFF31
:208F6000FFFFFFFFFFFFFFFFFFFFFFFFFFFFFFFFFFFFFFFFFFFFFFFFFFFFFFFFFFFFFFFF11
:208F8000FFFFFFFFFFFFFFFFFFFFFFFFFFFFFFFFFFFFFFFFFFFFFFFFFFFFFFFFFFFFFFFFF1
:208FA000FFFFFFFFFFFFFFFFFFFFFFFFFFFFFFFFFFFFFFFFFFFFFFFFFFFFFFFFFFFFFFFFD1
:208FC000FFFFFFFFFFFFFFFFFFFFFFFFFFFFFFFFFFFFFFFFFFFFFFFFFFFFFFFFFFFFFFFFB1
:208FE000FFFFFFFFFFFFFFFFFFFFFFFFFFFFFFFFFFFFFFFFFFFFFFFFFFFFFFFFFFFFFFFF91
:20900000FFFFFFFFFFFFFFFFFFFFFFFFFFFFFFFFFFFFFFFFFFFFFFFFFFFFFFFFFFFFFFFF70
:20902000FFFFFFFFFFFFFFFFFFFFFFFFFFFFFFFFFFFFFFFFFFFFFFFFFFFFFFFFFFFFFFFF50
:20904000FFFFFFFFFFFFFFFFFFFFFFFFFFFFFFFFFFFFFFFFFFFFFFFFFFFFFFFFFFFFFFFF30
:20906000FFFFFFFFFFFFFFFFFFFFFFFFFFFFFFFFFFFFFFFFFFFFFFFFFFFFFFFFFFFFFFFF10
:20908000FFFFFFFFFFFFFFFFFFFFFFFFFFFFFFFFFFFFFFFFFFFFFFFFFFFFFFFFFFFFFFFFF0
:2090A000FFFFFFFFFFFFFFFFFFFFFFFFFFFFFFFFFFFFFFFFFFFFFFFFFFFFFFFFFFFFFFFFD0
:2090C000FFFFFFFFFFFFFFFFFFFFFFFFFFFFFFFFFFFFFFFFFFFFFFFFFFFFFFFFFFFFFFFFB0
:2090E000FFFFFFFFFFFFFFFFFFFFFFFFFFFFFFFFFFFFFFFFFFFFFFFFFFFFFFFFFFFFFFFF90
:20910000FFFFFFFFFFFFFFFFFFFFFFFFFFFFFFFFFFFFFFFFFFFFFFFFFFFFFFFFFFFFFFFF6F
:20912000FFFFFFFFFFFFFFFFFFFFFFFFFFFFFFFFFFFFFFFFFFFFFFFFFFFFFFFFFFFFFFFF4F
:20914000FFFFFFFFFFFFFFFFFFFFFFFFFFFFFFFFFFFFFFFFFFFFFFFFFFFFFFFFFFFFFFFF2F
:20916000FFFFFFFFFFFFFFFFFFFFFFFFFFFFFFFFFFFFFFFFFFFFFFFFFFFFFFFFFFFFFFFF0F
:20918000FFFFFFFFFFFFFFFFFFFFFFFFFFFFFFFFFFFFFFFFFFFFFFFFFFFFFFFFFFFFFFFFEF
:2091A000FFFFFFFFFFFFFFFFFFFFFFFFFFFFFFFFFFFFFFFFFFFFFFFFFFFFFFFFFFFFFFFFCF
:2091C000FFFFFFFFFFFFFFFFFFFFFFFFFFFFFFFFFFFFFFFFFFFFFFFFFFFFFFFFFFFFFFFFAF
:2091E000FFFFFFFFFFFFFFFFFFFFFFFFFFFFFFFFFFFFFFFFFFFFFFFFFFFFFFFFFFFFFFFF8F
:20920000FFFFFFFFFFFFFFFFFFFFFFFFFFFFFFFFFFFFFFFFFFFFFFFFFFFFFFFFFFFFFFFF6E
:20922000FFFFFFFFFFFFFFFFFFFFFFFFFFFFFFFFFFFFFFFFFFFFFFFFFFFFFFFFFFFFFFFF4E
:20924000FFFFFFFFFFFFFFFFFFFFFFFFFFFFFFFFFFFFFFFFFFFFFFFFFFFFFFFFFFFFFFFF2E
:20926000FFFFFFFFFFFFFFFFFFFFFFFFFFFFFFFFFFFFFFFFFFFFFFFFFFFFFFFFFFFFFFFF0E
:20928000FFFFFFFFFFFFFFFFFFFFFFFFFFFFFFFFFFFFFFFFFFFFFFFFFFFFFFFFFFFFFFFFEE
:2092A000FFFFFFFFFFFFFFFFFFFFFFFFFFFFFFFFFFFFFFFFFFFFFFFFFFFFFFFFFFFFFFFFCE
:2092C000FFFFFFFFFFFFFFFFFFFFFFFFFFFFFFFFFFFFFFFFFFFFFFFFFFFFFFFFFFFFFFFFAE
:2092E000FFFFFFFFFFFFFFFFFFFFFFFFFFFFFFFFFFFFFFFFFFFFFFFFFFFFFFFFFFFFFFFF8E
:20930000FFFFFFFFFFFFFFFFFFFFFFFFFFFFFFFFFFFFFFFFFFFFFFFFFFFFFFFFFFFFFFFF6D
:20932000FFFFFFFFFFFFFFFFFFFFFFFFFFFFFFFFFFFFFFFFFFFFFFFFFFFFFFFFFFFFFFFF4D
:20934000FFFFFFFFFFFFFFFFFFFFFFFFFFFFFFFFFFFFFFFFFFFFFFFFFFFFFFFFFFFFFFFF2D
:20936000FFFFFFFFFFFFFFFFFFFFFFFFFFFFFFFFFFFFFFFFFFFFFFFFFFFFFFFFFFFFFFFF0D
:20938000FFFFFFFFFFFFFFFFFFFFFFFFFFFFFFFFFFFFFFFFFFFFFFFFFFFFFFFFFFFFFFFFED
:2093A000FFFFFFFFFFFFFFFFFFFFFFFFFFFFFFFFFFFFFFFFFFFFFFFFFFFFFFFFFFFFFFFFCD
:2093C000FFFFFFFFFFFFFFFFFFFFFFFFFFFFFFFFFFFFFFFFFFFFFFFFFFFFFFFFFFFFFFFFAD
:2093E000FFFFFFFFFFFFFFFFFFFFFFFFFFFFFFFFFFFFFFFFFFFFFFFFFFFFFFFFFFFFFFFF8D
:20940000FFFFFFFFFFFFFFFFFFFFFFFFFFFFFFFFFFFFFFFFFFFFFFFFFFFFFFFFFFFFFFFF6C
:20942000FFFFFFFFFFFFFFFFFFFFFFFFFFFFFFFFFFFFFFFFFFFFFFFFFFFFFFFFFFFFFFFF4C
:20944000FFFFFFFFFFFFFFFFFFFFFFFFFFFFFFFFFFFFFFFFFFFFFFFFFFFFFFFFFFFFFFFF2C
:20946000FFFFFFFFFFFFFFFFFFFFFFFFFFFFFFFFFFFFFFFFFFFFFFFFFFFFFFFFFFFFFFFF0C
:20948000FFFFFFFFFFFFFFFFFFFFFFFFFFFFFFFFFFFFFFFFFFFFFFFFFFFFFFFFFFFFFFFFEC
:2094A000FFFFFFFFFFFFFFFFFFFFFFFFFFFFFFFFFFFFFFFFFFFFFFFFFFFFFFFFFFFFFFFFCC
:2094C000FFFFFFFFFFFFFFFFFFFFFFFFFFFFFFFFFFFFFFFFFFFFFFFFFFFFFFFFFFFFFFFFAC
:2094E000FFFFFFFFFFFFFFFFFFFFFFFFFFFFFFFFFFFFFFFFFFFFFFFFFFFFFFFFFFFFFFFF8C
:20950000FFFFFFFFFFFFFFFFFFFFFFFFFFFFFFFFFFFFFFFFFFFFFFFFFFFFFFFFFFFFFFFF6B
:20952000FFFFFFFFFFFFFFFFFFFFFFFFFFFFFFFFFFFFFFFFFFFFFFFFFFFFFFFFFFFFFFFF4B
:20954000FFFFFFFFFFFFFFFFFFFFFFFFFFFFFFFFFFFFFFFFFFFFFFFFFFFFFFFFFFFFFFFF2B
:20956000FFFFFFFFFFFFFFFFFFFFFFFFFFFFFFFFFFFFFFFFFFFFFFFFFFFFFFFFFFFFFFFF0B
:20958000FFFFFFFFFFFFFFFFFFFFFFFFFFFFFFFFFFFFFFFFFFFFFFFFFFFFFFFFFFFFFFFFEB
:2095A000FFFFFFFFFFFFFFFFFFFFFFFFFFFFFFFFFFFFFFFFFFFFFFFFFFFFFFFFFFFFFFFFCB
:2095C000FFFFFFFFFFFFFFFFFFFFFFFFFFFFFFFFFFFFFFFFFFFFFFFFFFFFFFFFFFFFFFFFAB
:2095E000FFFFFFFFFFFFFFFFFFFFFFFFFFFFFFFFFFFFFFFFFFFFFFFFFFFFFFFFFFFFFFFF8B
:20960000FFFFFFFFFFFFFFFFFFFFFFFFFFFFFFFFFFFFFFFFFFFFFFFFFFFFFFFFFFFFFFFF6A
:20962000FFFFFFFFFFFFFFFFFFFFFFFFFFFFFFFFFFFFFFFFFFFFFFFFFFFFFFFFFFFFFFFF4A
:20964000FFFFFFFFFFFFFFFFFFFFFFFFFFFFFFFFFFFFFFFFFFFFFFFFFFFFFFFFFFFFFFFF2A
:20966000FFFFFFFFFFFFFFFFFFFFFFFFFFFFFFFFFFFFFFFFFFFFFFFFFFFFFFFFFFFFFFFF0A
:20968000FFFFFFFFFFFFFFFFFFFFFFFFFFFFFFFFFFFFFFFFFFFFFFFFFFFFFFFFFFFFFFFFEA
:2096A000FFFFFFFFFFFFFFFFFFFFFFFFFFFFFFFFFFFFFFFFFFFFFFFFFFFFFFFFFFFFFFFFCA
:2096C000FFFFFFFFFFFFFFFFFFFFFFFFFFFFFFFFFFFFFFFFFFFFFFFFFFFFFFFFFFFFFFFFAA
:2096E000FFFFFFFFFFFFFFFFFFFFFFFFFFFFFFFFFFFFFFFFFFFFFFFFFFFFFFFFFFFFFFFF8A
:20970000FFFFFFFFFFFFFFFFFFFFFFFFFFFFFFFFFFFFFFFFFFFFFFFFFFFFFFFFFFFFFFFF69
:20972000FFFFFFFFFFFFFFFFFFFFFFFFFFFFFFFFFFFFFFFFFFFFFFFFFFFFFFFFFFFFFFFF49
:20974000FFFFFFFFFFFFFFFFFFFFFFFFFFFFFFFFFFFFFFFFFFFFFFFFFFFFFFFFFFFFFFFF29
:20976000FFFFFFFFFFFFFFFFFFFFFFFFFFFFFFFFFFFFFFFFFFFFFFFFFFFFFFFFFFFFFFFF09
:20978000FFFFFFFFFFFFFFFFFFFFFFFFFFFFFFFFFFFFFFFFFFFFFFFFFFFFFFFFFFFFFFFFE9
:2097A000FFFFFFFFFFFFFFFFFFFFFFFFFFFFFFFFFFFFFFFFFFFFFFFFFFFFFFFFFFFFFFFFC9
:2097C000FFFFFFFFFFFFFFFFFFFFFFFFFFFFFFFFFFFFFFFFFFFFFFFFFFFFFFFFFFFFFFFFA9
:2097E000FFFFFFFFFFFFFFFFFFFFFFFFFFFFFFFFFFFFFFFFFFFFFFFFFFFFFFFFFFFFFFFF89
:20980000FFFFFFFFFFFFFFFFFFFFFFFFFFFFFFFFFFFFFFFFFFFFFFFFFFFFFFFFFFFFFFFF68
:20982000FFFFFFFFFFFFFFFFFFFFFFFFFFFFFFFFFFFFFFFFFFFFFFFFFFFFFFFFFFFFFFFF48
:20984000FFFFFFFFFFFFFFFFFFFFFFFFFFFFFFFFFFFFFFFFFFFFFFFFFFFFFFFFFFFFFFFF28
:20986000FFFFFFFFFFFFFFFFFFFFFFFFFFFFFFFFFFFFFFFFFFFFFFFFFFFFFFFFFFFFFFFF08
:20988000FFFFFFFFFFFFFFFFFFFFFFFFFFFFFFFFFFFFFFFFFFFFFFFFFFFFFFFFFFFFFFFFE8
:2098A000FFFFFFFFFFFFFFFFFFFFFFFFFFFFFFFFFFFFFFFFFFFFFFFFFFFFFFFFFFFFFFFFC8
:2098C000FFFFFFFFFFFFFFFFFFFFFFFFFFFFFFFFFFFFFFFFFFFFFFFFFFFFFFFFFFFFFFFFA8
:2098E000FFFFFFFFFFFFFFFFFFFFFFFFFFFFFFFFFFFFFFFFFFFFFFFFFFFFFFFFFFFFFFFF88
:20990000FFFFFFFFFFFFFFFFFFFFFFFFFFFFFFFFFFFFFFFFFFFFFFFFFFFFFFFFFFFFFFFF67
:20992000FFFFFFFFFFFFFFFFFFFFFFFFFFFFFFFFFFFFFFFFFFFFFFFFFFFFFFFFFFFFFFFF47
:20994000FFFFFFFFFFFFFFFFFFFFFFFFFFFFFFFFFFFFFFFFFFFFFFFFFFFFFFFFFFFFFFFF27
:20996000FFFFFFFFFFFFFFFFFFFFFFFFFFFFFFFFFFFFFFFFFFFFFFFFFFFFFFFFFFFFFFFF07
:20998000FFFFFFFFFFFFFFFFFFFFFFFFFFFFFFFFFFFFFFFFFFFFFFFFFFFFFFFFFFFFFFFFE7
:2099A000FFFFFFFFFFFFFFFFFFFFFFFFFFFFFFFFFFFFFFFFFFFFFFFFFFFFFFFFFFFFFFFFC7
:2099C000FFFFFFFFFFFFFFFFFFFFFFFFFFFFFFFFFFFFFFFFFFFFFFFFFFFFFFFFFFFFFFFFA7
:2099E000FFFFFFFFFFFFFFFFFFFFFFFFFFFFFFFFFFFFFFFFFFFFFFFFFFFFFFFFFFFFFFFF87
:209A0000FFFFFFFFFFFFFFFFFFFFFFFFFFFFFFFFFFFFFFFFFFFFFFFFFFFFFFFFFFFFFFFF66
:209A2000FFFFFFFFFFFFFFFFFFFFFFFFFFFFFFFFFFFFFFFFFFFFFFFFFFFFFFFFFFFFFFFF46
:209A4000FFFFFFFFFFFFFFFFFFFFFFFFFFFFFFFFFFFFFFFFFFFFFFFFFFFFFFFFFFFFFFFF26
:209A6000FFFFFFFFFFFFFFFFFFFFFFFFFFFFFFFFFFFFFFFFFFFFFFFFFFFFFFFFFFFFFFFF06
:209A8000FFFFFFFFFFFFFFFFFFFFFFFFFFFFFFFFFFFFFFFFFFFFFFFFFFFFFFFFFFFFFFFFE6
:209AA000FFFFFFFFFFFFFFFFFFFFFFFFFFFFFFFFFFFFFFFFFFFFFFFFFFFFFFFFFFFFFFFFC6
:209AC000FFFFFFFFFFFFFFFFFFFFFFFFFFFFFFFFFFFFFFFFFFFFFFFFFFFFFFFFFFFFFFFFA6
:209AE000FFFFFFFFFFFFFFFFFFFFFFFFFFFFFFFFFFFFFFFFFFFFFFFFFFFFFFFFFFFFFFFF86
:209B0000FFFFFFFFFFFFFFFFFFFFFFFFFFFFFFFFFFFFFFFFFFFFFFFFFFFFFFFFFFFFFFFF65
:209B2000FFFFFFFFFFFFFFFFFFFFFFFFFFFFFFFFFFFFFFFFFFFFFFFFFFFFFFFFFFFFFFFF45
:209B4000FFFFFFFFFFFFFFFFFFFFFFFFFFFFFFFFFFFFFFFFFFFFFFFFFFFFFFFFFFFFFFFF25
:209B6000FFFFFFFFFFFFFFFFFFFFFFFFFFFFFFFFFFFFFFFFFFFFFFFFFFFFFFFFFFFFFFFF05
:209B8000FFFFFFFFFFFFFFFFFFFFFFFFFFFFFFFFFFFFFFFFFFFFFFFFFFFFFFFFFFFFFFFFE5
:209BA000FFFFFFFFFFFFFFFFFFFFFFFFFFFFFFFFFFFFFFFFFFFFFFFFFFFFFFFFFFFFFFFFC5
:209BC000FFFFFFFFFFFFFFFFFFFFFFFFFFFFFFFFFFFFFFFFFFFFFFFFFFFFFFFFFFFFFFFFA5
:209BE000FFFFFFFFFFFFFFFFFFFFFFFFFFFFFFFFFFFFFFFFFFFFFFFFFFFFFFFFFFFFFFFF85
:209C0000FFFFFFFFFFFFFFFFFFFFFFFFFFFFFFFFFFFFFFFFFFFFFFFFFFFFFFFFFFFFFFFF64
:209C2000FFFFFFFFFFFFFFFFFFFFFFFFFFFFFFFFFFFFFFFFFFFFFFFFFFFFFFFFFFFFFFFF44
:209C4000FFFFFFFFFFFFFFFFFFFFFFFFFFFFFFFFFFFFFFFFFFFFFFFFFFFFFFFFFFFFFFFF24
:209C6000FFFFFFFFFFFFFFFFFFFFFFFFFFFFFFFFFFFFFFFFFFFFFFFFFFFFFFFFFFFFFFFF04
:209C8000FFFFFFFFFFFFFFFFFFFFFFFFFFFFFFFFFFFFFFFFFFFFFFFFFFFFFFFFFFFFFFFFE4
:209CA000FFFFFFFFFFFFFFFFFFFFFFFFFFFFFFFFFFFFFFFFFFFFFFFFFFFFFFFFFFFFFFFFC4
:209CC000FFFFFFFFFFFFFFFFFFFFFFFFFFFFFFFFFFFFFFFFFFFFFFFFFFFFFFFFFFFFFFFFA4
:209CE000FFFFFFFFFFFFFFFFFFFFFFFFFFFFFFFFFFFFFFFFFFFFFFFFFFFFFFFFFFFFFFFF84
:209D0000FFFFFFFFFFFFFFFFFFFFFFFFFFFFFFFFFFFFFFFFFFFFFFFFFFFFFFFFFFFFFFFF63
:209D2000FFFFFFFFFFFFFFFFFFFFFFFFFFFFFFFFFFFFFFFFFFFFFFFFFFFFFFFFFFFFFFFF43
:209D4000FFFFFFFFFFFFFFFFFFFFFFFFFFFFFFFFFFFFFFFFFFFFFFFFFFFFFFFFFFFFFFFF23
:209D6000FFFFFFFFFFFFFFFFFFFFFFFFFFFFFFFFFFFFFFFFFFFFFFFFFFFFFFFFFFFFFFFF03
:209D8000FFFFFFFFFFFFFFFFFFFFFFFFFFFFFFFFFFFFFFFFFFFFFFFFFFFFFFFFFFFFFFFFE3
:209DA000FFFFFFFFFFFFFFFFFFFFFFFFFFFFFFFFFFFFFFFFFFFFFFFFFFFFFFFFFFFFFFFFC3
:209DC000FFFFFFFFFFFFFFFFFFFFFFFFFFFFFFFFFFFFFFFFFFFFFFFFFFFFFFFFFFFFFFFFA3
:209DE000FFFFFFFFFFFFFFFFFFFFFFFFFFFFFFFFFFFFFFFFFFFFFFFFFFFFFFFFFFFFFFFF83
:209E0000FFFFFFFFFFFFFFFFFFFFFFFFFFFFFFFFFFFFFFFFFFFFFFFFFFFFFFFFFFFFFFFF62
:209E2000FFFFFFFFFFFFFFFFFFFFFFFFFFFFFFFFFFFFFFFFFFFFFFFFFFFFFFFFFFFFFFFF42
:209E4000FFFFFFFFFFFFFFFFFFFFFFFFFFFFFFFFFFFFFFFFFFFFFFFFFFFFFFFFFFFFFFFF22
:209E6000FFFFFFFFFFFFFFFFFFFFFFFFFFFFFFFFFFFFFFFFFFFFFFFFFFFFFFFFFFFFFFFF02
:209E8000FFFFFFFFFFFFFFFFFFFFFFFFFFFFFFFFFFFFFFFFFFFFFFFFFFFFFFFFFFFFFFFFE2
:209EA000FFFFFFFFFFFFFFFFFFFFFFFFFFFFFFFFFFFFFFFFFFFFFFFFFFFFFFFFFFFFFFFFC2
:209EC000FFFFFFFFFFFFFFFFFFFFFFFFFFFFFFFFFFFFFFFFFFFFFFFFFFFFFFFFFFFFFFFFA2
:209EE000FFFFFFFFFFFFFFFFFFFFFFFFFFFFFFFFFFFFFFFFFFFFFFFFFFFFFFFFFFFFFFFF82
:209F0000FFFFFFFFFFFFFFFFFFFFFFFFFFFFFFFFFFFFFFFFFFFFFFFFFFFFFFFFFFFFFFFF61
:209F2000FFFFFFFFFFFFFFFFFFFFFFFFFFFFFFFFFFFFFFFFFFFFFFFFFFFFFFFFFFFFFFFF41
:209F4000FFFFFFFFFFFFFFFFFFFFFFFFFFFFFFFFFFFFFFFFFFFFFFFFFFFFFFFFFFFFFFFF21
:209F6000FFFFFFFFFFFFFFFFFFFFFFFFFFFFFFFFFFFFFFFFFFFFFFFFFFFFFFFFFFFFFFFF01
:209F8000FFFFFFFFFFFFFFFFFFFFFFFFFFFFFFFFFFFFFFFFFFFFFFFFFFFFFFFFFFFFFFFFE1
:209FA000FFFFFFFFFFFFFFFFFFFFFFFFFFFFFFFFFFFFFFFFFFFFFFFFFFFFFFFFFFFFFFFFC1
:209FC000FFFFFFFFFFFFFFFFFFFFFFFFFFFFFFFFFFFFFFFFFFFFFFFFFFFFFFFFFFFFFFFFA1
:209FE000FFFFFFFFFFFFFFFFFFFFFFFFFFFFFFFFFFFFFFFFFFFFFFFFFFFFFFFFFFFFFFFF81
:20A00000FFFFFFFFFFFFFFFFFFFFFFFFFFFFFFFFFFFFFFFFFFFFFFFFFFFFFFFFFFFFFFFF60
:20A02000FFFFFFFFFFFFFFFFFFFFFFFFFFFFFFFFFFFFFFFFFFFFFFFFFFFFFFFFFFFFFFFF40
:20A04000FFFFFFFFFFFFFFFFFFFFFFFFFFFFFFFFFFFFFFFFFFFFFFFFFFFFFFFFFFFFFFFF20
:20A06000FFFFFFFFFFFFFFFFFFFFFFFFFFFFFFFFFFFFFFFFFFFFFFFFFFFFFFFFFFFFFFFF00
:20A08000FFFFFFFFFFFFFFFFFFFFFFFFFFFFFFFFFFFFFFFFFFFFFFFFFFFFFFFFFFFFFFFFE0
:20A0A000FFFFFFFFFFFFFFFFFFFFFFFFFFFFFFFFFFFFFFFFFFFFFFFFFFFFFFFFFFFFFFFFC0
:20A0C000FFFFFFFFFFFFFFFFFFFFFFFFFFFFFFFFFFFFFFFFFFFFFFFFFFFFFFFFFFFFFFFFA0
:20A0E000FFFFFFFFFFFFFFFFFFFFFFFFFFFFFFFFFFFFFFFFFFFFFFFFFFFFFFFFFFFFFFFF80
:20A10000FFFFFFFFFFFFFFFFFFFFFFFFFFFFFFFFFFFFFFFFFFFFFFFFFFFFFFFFFFFFFFFF5F
:20A12000FFFFFFFFFFFFFFFFFFFFFFFFFFFFFFFFFFFFFFFFFFFFFFFFFFFFFFFFFFFFFFFF3F
:20A14000FFFFFFFFFFFFFFFFFFFFFFFFFFFFFFFFFFFFFFFFFFFFFFFFFFFFFFFFFFFFFFFF1F
:20A16000FFFFFFFFFFFFFFFFFFFFFFFFFFFFFFFFFFFFFFFFFFFFFFFFFFFFFFFFFFFFFFFFFF
:20A18000FFFFFFFFFFFFFFFFFFFFFFFFFFFFFFFFFFFFFFFFFFFFFFFFFFFFFFFFFFFFFFFFDF
:20A1A000FFFFFFFFFFFFFFFFFFFFFFFFFFFFFFFFFFFFFFFFFFFFFFFFFFFFFFFFFFFFFFFFBF
:20A1C000FFFFFFFFFFFFFFFFFFFFFFFFFFFFFFFFFFFFFFFFFFFFFFFFFFFFFFFFFFFFFFFF9F
:20A1E000FFFFFFFFFFFFFFFFFFFFFFFFFFFFFFFFFFFFFFFFFFFFFFFFFFFFFFFFFFFFFFFF7F
:20A20000FFFFFFFFFFFFFFFFFFFFFFFFFFFFFFFFFFFFFFFFFFFFFFFFFFFFFFFFFFFFFFFF5E
:20A22000FFFFFFFFFFFFFFFFFFFFFFFFFFFFFFFFFFFFFFFFFFFFFFFFFFFFFFFFFFFFFFFF3E
:20A24000FFFFFFFFFFFFFFFFFFFFFFFFFFFFFFFFFFFFFFFFFFFFFFFFFFFFFFFFFFFFFFFF1E
:20A26000FFFFFFFFFFFFFFFFFFFFFFFFFFFFFFFFFFFFFFFFFFFFFFFFFFFFFFFFFFFFFFFFFE
:20A28000FFFFFFFFFFFFFFFFFFFFFFFFFFFFFFFFFFFFFFFFFFFFFFFFFFFFFFFFFFFFFFFFDE
:20A2A000FFFFFFFFFFFFFFFFFFFFFFFFFFFFFFFFFFFFFFFFFFFFFFFFFFFFFFFFFFFFFFFFBE
:20A2C000FFFFFFFFFFFFFFFFFFFFFFFFFFFFFFFFFFFFFFFFFFFFFFFFFFFFFFFFFFFFFFFF9E
:20A2E000FFFFFFFFFFFFFFFFFFFFFFFFFFFFFFFFFFFFFFFFFFFFFFFFFFFFFFFFFFFFFFFF7E
:20A30000FFFFFFFFFFFFFFFFFFFFFFFFFFFFFFFFFFFFFFFFFFFFFFFFFFFFFFFFFFFFFFFF5D
:20A32000FFFFFFFFFFFFFFFFFFFFFFFFFFFFFFFFFFFFFFFFFFFFFFFFFFFFFFFFFFFFFFFF3D
:20A34000FFFFFFFFFFFFFFFFFFFFFFFFFFFFFFFFFFFFFFFFFFFFFFFFFFFFFFFFFFFFFFFF1D
:20A36000FFFFFFFFFFFFFFFFFFFFFFFFFFFFFFFFFFFFFFFFFFFFFFFFFFFFFFFFFFFFFFFFFD
:20A38000FFFFFFFFFFFFFFFFFFFFFFFFFFFFFFFFFFFFFFFFFFFFFFFFFFFFFFFFFFFFFFFFDD
:20A3A000FFFFFFFFFFFFFFFFFFFFFFFFFFFFFFFFFFFFFFFFFFFFFFFFFFFFFFFFFFFFFFFFBD
:20A3C000FFFFFFFFFFFFFFFFFFFFFFFFFFFFFFFFFFFFFFFFFFFFFFFFFFFFFFFFFFFFFFFF9D
:20A3E000FFFFFFFFFFFFFFFFFFFFFFFFFFFFFFFFFFFFFFFFFFFFFFFFFFFFFFFFFFFFFFFF7D
:20A40000FFFFFFFFFFFFFFFFFFFFFFFFFFFFFFFFFFFFFFFFFFFFFFFFFFFFFFFFFFFFFFFF5C
:20A42000FFFFFFFFFFFFFFFFFFFFFFFFFFFFFFFFFFFFFFFFFFFFFFFFFFFFFFFFFFFFFFFF3C
:20A44000FFFFFFFFFFFFFFFFFFFFFFFFFFFFFFFFFFFFFFFFFFFFFFFFFFFFFFFFFFFFFFFF1C
:20A46000FFFFFFFFFFFFFFFFFFFFFFFFFFFFFFFFFFFFFFFFFFFFFFFFFFFFFFFFFFFFFFFFFC
:20A48000FFFFFFFFFFFFFFFFFFFFFFFFFFFFFFFFFFFFFFFFFFFFFFFFFFFFFFFFFFFFFFFFDC
:20A4A000FFFFFFFFFFFFFFFFFFFFFFFFFFFFFFFFFFFFFFFFFFFFFFFFFFFFFFFFFFFFFFFFBC
:20A4C000FFFFFFFFFFFFFFFFFFFFFFFFFFFFFFFFFFFFFFFFFFFFFFFFFFFFFFFFFFFFFFFF9C
:20A4E000FFFFFFFFFFFFFFFFFFFFFFFFFFFFFFFFFFFFFFFFFFFFFFFFFFFFFFFFFFFFFFFF7C
:20A50000FFFFFFFFFFFFFFFFFFFFFFFFFFFFFFFFFFFFFFFFFFFFFFFFFFFFFFFFFFFFFFFF5B
:20A52000FFFFFFFFFFFFFFFFFFFFFFFFFFFFFFFFFFFFFFFFFFFFFFFFFFFFFFFFFFFFFFFF3B
:20A54000FFFFFFFFFFFFFFFFFFFFFFFFFFFFFFFFFFFFFFFFFFFFFFFFFFFFFFFFFFFFFFFF1B
:20A56000FFFFFFFFFFFFFFFFFFFFFFFFFFFFFFFFFFFFFFFFFFFFFFFFFFFFFFFFFFFFFFFFFB
:20A58000FFFFFFFFFFFFFFFFFFFFFFFFFFFFFFFFFFFFFFFFFFFFFFFFFFFFFFFFFFFFFFFFDB
:20A5A000FFFFFFFFFFFFFFFFFFFFFFFFFFFFFFFFFFFFFFFFFFFFFFFFFFFFFFFFFFFFFFFFBB
:20A5C000FFFFFFFFFFFFFFFFFFFFFFFFFFFFFFFFFFFFFFFFFFFFFFFFFFFFFFFFFFFFFFFF9B
:20A5E000FFFFFFFFFFFFFFFFFFFFFFFFFFFFFFFFFFFFFFFFFFFFFFFFFFFFFFFFFFFFFFFF7B
:20A60000FFFFFFFFFFFFFFFFFFFFFFFFFFFFFFFFFFFFFFFFFFFFFFFFFFFFFFFFFFFFFFFF5A
:20A62000FFFFFFFFFFFFFFFFFFFFFFFFFFFFFFFFFFFFFFFFFFFFFFFFFFFFFFFFFFFFFFFF3A
:20A64000FFFFFFFFFFFFFFFFFFFFFFFFFFFFFFFFFFFFFFFFFFFFFFFFFFFFFFFFFFFFFFFF1A
:20A66000FFFFFFFFFFFFFFFFFFFFFFFFFFFFFFFFFFFFFFFFFFFFFFFFFFFFFFFFFFFFFFFFFA
:20A68000FFFFFFFFFFFFFFFFFFFFFFFFFFFFFFFFFFFFFFFFFFFFFFFFFFFFFFFFFFFFFFFFDA
:20A6A000FFFFFFFFFFFFFFFFFFFFFFFFFFFFFFFFFFFFFFFFFFFFFFFFFFFFFFFFFFFFFFFFBA
:20A6C000FFFFFFFFFFFFFFFFFFFFFFFFFFFFFFFFFFFFFFFFFFFFFFFFFFFFFFFFFFFFFFFF9A
:20A6E000FFFFFFFFFFFFFFFFFFFFFFFFFFFFFFFFFFFFFFFFFFFFFFFFFFFFFFFFFFFFFFFF7A
:20A70000FFFFFFFFFFFFFFFFFFFFFFFFFFFFFFFFFFFFFFFFFFFFFFFFFFFFFFFFFFFFFFFF59
:20A72000FFFFFFFFFFFFFFFFFFFFFFFFFFFFFFFFFFFFFFFFFFFFFFFFFFFFFFFFFFFFFFFF39
:20A74000FFFFFFFFFFFFFFFFFFFFFFFFFFFFFFFFFFFFFFFFFFFFFFFFFFFFFFFFFFFFFFFF19
:20A76000FFFFFFFFFFFFFFFFFFFFFFFFFFFFFFFFFFFFFFFFFFFFFFFFFFFFFFFFFFFFFFFFF9
:20A78000FFFFFFFFFFFFFFFFFFFFFFFFFFFFFFFFFFFFFFFFFFFFFFFFFFFFFFFFFFFFFFFFD9
:20A7A000FFFFFFFFFFFFFFFFFFFFFFFFFFFFFFFFFFFFFFFFFFFFFFFFFFFFFFFFFFFFFFFFB9
:20A7C000FFFFFFFFFFFFFFFFFFFFFFFFFFFFFFFFFFFFFFFFFFFFFFFFFFFFFFFFFFFFFFFF99
:20A7E000FFFFFFFFFFFFFFFFFFFFFFFFFFFFFFFFFFFFFFFFFFFFFFFFFFFFFFFFFFFFFFFF79
:20A80000FFFFFFFFFFFFFFFFFFFFFFFFFFFFFFFFFFFFFFFFFFFFFFFFFFFFFFFFFFFFFFFF58
:20A82000FFFFFFFFFFFFFFFFFFFFFFFFFFFFFFFFFFFFFFFFFFFFFFFFFFFFFFFFFFFFFFFF38
:20A84000FFFFFFFFFFFFFFFFFFFFFFFFFFFFFFFFFFFFFFFFFFFFFFFFFFFFFFFFFFFFFFFF18
:20A86000FFFFFFFFFFFFFFFFFFFFFFFFFFFFFFFFFFFFFFFFFFFFFFFFFFFFFFFFFFFFFFFFF8
:20A88000FFFFFFFFFFFFFFFFFFFFFFFFFFFFFFFFFFFFFFFFFFFFFFFFFFFFFFFFFFFFFFFFD8
:20A8A000FFFFFFFFFFFFFFFFFFFFFFFFFFFFFFFFFFFFFFFFFFFFFFFFFFFFFFFFFFFFFFFFB8
:20A8C000FFFFFFFFFFFFFFFFFFFFFFFFFFFFFFFFFFFFFFFFFFFFFFFFFFFFFFFFFFFFFFFF98
:20A8E000FFFFFFFFFFFFFFFFFFFFFFFFFFFFFFFFFFFFFFFFFFFFFFFFFFFFFFFFFFFFFFFF78
:20A90000FFFFFFFFFFFFFFFFFFFFFFFFFFFFFFFFFFFFFFFFFFFFFFFFFFFFFFFFFFFFFFFF57
:20A92000FFFFFFFFFFFFFFFFFFFFFFFFFFFFFFFFFFFFFFFFFFFFFFFFFFFFFFFFFFFFFFFF37
:20A94000FFFFFFFFFFFFFFFFFFFFFFFFFFFFFFFFFFFFFFFFFFFFFFFFFFFFFFFFFFFFFFFF17
:20A96000FFFFFFFFFFFFFFFFFFFFFFFFFFFFFFFFFFFFFFFFFFFFFFFFFFFFFFFFFFFFFFFFF7
:20A98000FFFFFFFFFFFFFFFFFFFFFFFFFFFFFFFFFFFFFFFFFFFFFFFFFFFFFFFFFFFFFFFFD7
:20A9A000FFFFFFFFFFFFFFFFFFFFFFFFFFFFFFFFFFFFFFFFFFFFFFFFFFFFFFFFFFFFFFFFB7
:20A9C000FFFFFFFFFFFFFFFFFFFFFFFFFFFFFFFFFFFFFFFFFFFFFFFFFFFFFFFFFFFFFFFF97
:20A9E000FFFFFFFFFFFFFFFFFFFFFFFFFFFFFFFFFFFFFFFFFFFFFFFFFFFFFFFFFFFFFFFF77
:20AA0000FFFFFFFFFFFFFFFFFFFFFFFFFFFFFFFFFFFFFFFFFFFFFFFFFFFFFFFFFFFFFFFF56
:20AA2000FFFFFFFFFFFFFFFFFFFFFFFFFFFFFFFFFFFFFFFFFFFFFFFFFFFFFFFFFFFFFFFF36
:20AA4000FFFFFFFFFFFFFFFFFFFFFFFFFFFFFFFFFFFFFFFFFFFFFFFFFFFFFFFFFFFFFFFF16
:20AA6000FFFFFFFFFFFFFFFFFFFFFFFFFFFFFFFFFFFFFFFFFFFFFFFFFFFFFFFFFFFFFFFFF6
:20AA8000FFFFFFFFFFFFFFFFFFFFFFFFFFFFFFFFFFFFFFFFFFFFFFFFFFFFFFFFFFFFFFFFD6
:20AAA000FFFFFFFFFFFFFFFFFFFFFFFFFFFFFFFFFFFFFFFFFFFFFFFFFFFFFFFFFFFFFFFFB6
:20AAC000FFFFFFFFFFFFFFFFFFFFFFFFFFFFFFFFFFFFFFFFFFFFFFFFFFFFFFFFFFFFFFFF96
:20AAE000FFFFFFFFFFFFFFFFFFFFFFFFFFFFFFFFFFFFFFFFFFFFFFFFFFFFFFFFFFFFFFFF76
:20AB0000FFFFFFFFFFFFFFFFFFFFFFFFFFFFFFFFFFFFFFFFFFFFFFFFFFFFFFFFFFFFFFFF55
:20AB2000FFFFFFFFFFFFFFFFFFFFFFFFFFFFFFFFFFFFFFFFFFFFFFFFFFFFFFFFFFFFFFFF35
:20AB4000FFFFFFFFFFFFFFFFFFFFFFFFFFFFFFFFFFFFFFFFFFFFFFFFFFFFFFFFFFFFFFFF15
:20AB6000FFFFFFFFFFFFFFFFFFFFFFFFFFFFFFFFFFFFFFFFFFFFFFFFFFFFFFFFFFFFFFFFF5
:20AB8000FFFFFFFFFFFFFFFFFFFFFFFFFFFFFFFFFFFFFFFFFFFFFFFFFFFFFFFFFFFFFFFFD5
:20ABA000FFFFFFFFFFFFFFFFFFFFFFFFFFFFFFFFFFFFFFFFFFFFFFFFFFFFFFFFFFFFFFFFB5
:20ABC000FFFFFFFFFFFFFFFFFFFFFFFFFFFFFFFFFFFFFFFFFFFFFFFFFFFFFFFFFFFFFFFF95
:20ABE000FFFFFFFFFFFFFFFFFFFFFFFFFFFFFFFFFFFFFFFFFFFFFFFFFFFFFFFFFFFFFFFF75
:20AC0000FFFFFFFFFFFFFFFFFFFFFFFFFFFFFFFFFFFFFFFFFFFFFFFFFFFFFFFFFFFFFFFF54
:20AC2000FFFFFFFFFFFFFFFFFFFFFFFFFFFFFFFFFFFFFFFFFFFFFFFFFFFFFFFFFFFFFFFF34
:20AC4000FFFFFFFFFFFFFFFFFFFFFFFFFFFFFFFFFFFFFFFFFFFFFFFFFFFFFFFFFFFFFFFF14
:20AC6000FFFFFFFFFFFFFFFFFFFFFFFFFFFFFFFFFFFFFFFFFFFFFFFFFFFFFFFFFFFFFFFFF4
:20AC8000FFFFFFFFFFFFFFFFFFFFFFFFFFFFFFFFFFFFFFFFFFFFFFFFFFFFFFFFFFFFFFFFD4
:20ACA000FFFFFFFFFFFFFFFFFFFFFFFFFFFFFFFFFFFFFFFFFFFFFFFFFFFFFFFFFFFFFFFFB4
:20ACC000FFFFFFFFFFFFFFFFFFFFFFFFFFFFFFFFFFFFFFFFFFFFFFFFFFFFFFFFFFFFFFFF94
:20ACE000FFFFFFFFFFFFFFFFFFFFFFFFFFFFFFFFFFFFFFFFFFFFFFFFFFFFFFFFFFFFFFFF74
:20AD0000FFFFFFFFFFFFFFFFFFFFFFFFFFFFFFFFFFFFFFFFFFFFFFFFFFFFFFFFFFFFFFFF53
:20AD2000FFFFFFFFFFFFFFFFFFFFFFFFFFFFFFFFFFFFFFFFFFFFFFFFFFFFFFFFFFFFFFFF33
:20AD4000FFFFFFFFFFFFFFFFFFFFFFFFFFFFFFFFFFFFFFFFFFFFFFFFFFFFFFFFFFFFFFFF13
:20AD6000FFFFFFFFFFFFFFFFFFFFFFFFFFFFFFFFFFFFFFFFFFFFFFFFFFFFFFFFFFFFFFFFF3
:20AD8000FFFFFFFFFFFFFFFFFFFFFFFFFFFFFFFFFFFFFFFFFFFFFFFFFFFFFFFFFFFFFFFFD3
:20ADA000FFFFFFFFFFFFFFFFFFFFFFFFFFFFFFFFFFFFFFFFFFFFFFFFFFFFFFFFFFFFFFFFB3
:20ADC000FFFFFFFFFFFFFFFFFFFFFFFFFFFFFFFFFFFFFFFFFFFFFFFFFFFFFFFFFFFFFFFF93
:20ADE000FFFFFFFFFFFFFFFFFFFFFFFFFFFFFFFFFFFFFFFFFFFFFFFFFFFFFFFFFFFFFFFF73
:20AE0000FFFFFFFFFFFFFFFFFFFFFFFFFFFFFFFFFFFFFFFFFFFFFFFFFFFFFFFFFFFFFFFF52
:20AE2000FFFFFFFFFFFFFFFFFFFFFFFFFFFFFFFFFFFFFFFFFFFFFFFFFFFFFFFFFFFFFFFF32
:20AE4000FFFFFFFFFFFFFFFFFFFFFFFFFFFFFFFFFFFFFFFFFFFFFFFFFFFFFFFFFFFFFFFF12
:20AE6000FFFFFFFFFFFFFFFFFFFFFFFFFFFFFFFFFFFFFFFFFFFFFFFFFFFFFFFFFFFFFFFFF2
:20AE8000FFFFFFFFFFFFFFFFFFFFFFFFFFFFFFFFFFFFFFFFFFFFFFFFFFFFFFFFFFFFFFFFD2
:20AEA000FFFFFFFFFFFFFFFFFFFFFFFFFFFFFFFFFFFFFFFFFFFFFFFFFFFFFFFFFFFFFFFFB2
:20AEC000FFFFFFFFFFFFFFFFFFFFFFFFFFFFFFFFFFFFFFFFFFFFFFFFFFFFFFFFFFFFFFFF92
:20AEE000FFFFFFFFFFFFFFFFFFFFFFFFFFFFFFFFFFFFFFFFFFFFFFFFFFFFFFFFFFFFFFFF72
:20AF0000FFFFFFFFFFFFFFFFFFFFFFFFFFFFFFFFFFFFFFFFFFFFFFFFFFFFFFFFFFFFFFFF51
:20AF2000FFFFFFFFFFFFFFFFFFFFFFFFFFFFFFFFFFFFFFFFFFFFFFFFFFFFFFFFFFFFFFFF31
:20AF4000FFFFFFFFFFFFFFFFFFFFFFFFFFFFFFFFFFFFFFFFFFFFFFFFFFFFFFFFFFFFFFFF11
:20AF6000FFFFFFFFFFFFFFFFFFFFFFFFFFFFFFFFFFFFFFFFFFFFFFFFFFFFFFFFFFFFFFFFF1
:20AF8000FFFFFFFFFFFFFFFFFFFFFFFFFFFFFFFFFFFFFFFFFFFFFFFFFFFFFFFFFFFFFFFFD1
:20AFA000FFFFFFFFFFFFFFFFFFFFFFFFFFFFFFFFFFFFFFFFFFFFFFFFFFFFFFFFFFFFFFFFB1
:20AFC000FFFFFFFFFFFFFFFFFFFFFFFFFFFFFFFFFFFFFFFFFFFFFFFFFFFFFFFFFFFFFFFF91
:20AFE000FFFFFFFFFFFFFFFFFFFFFFFFFFFFFFFFFFFFFFFFFFFFFFFFFFFFFFFFFFFFFFFF71
:20B00000FFFFFFFFFFFFFFFFFFFFFFFFFFFFFFFFFFFFFFFFFFFFFFFFFFFFFFFFFFFFFFFF50
:20B02000FFFFFFFFFFFFFFFFFFFFFFFFFFFFFFFFFFFFFFFFFFFFFFFFFFFFFFFFFFFFFFFF30
:20B04000FFFFFFFFFFFFFFFFFFFFFFFFFFFFFFFFFFFFFFFFFFFFFFFFFFFFFFFFFFFFFFFF10
:20B06000FFFFFFFFFFFFFFFFFFFFFFFFFFFFFFFFFFFFFFFFFFFFFFFFFFFFFFFFFFFFFFFFF0
:20B08000FFFFFFFFFFFFFFFFFFFFFFFFFFFFFFFFFFFFFFFFFFFFFFFFFFFFFFFFFFFFFFFFD0
:20B0A000FFFFFFFFFFFFFFFFFFFFFFFFFFFFFFFFFFFFFFFFFFFFFFFFFFFFFFFFFFFFFFFFB0
:20B0C000FFFFFFFFFFFFFFFFFFFFFFFFFFFFFFFFFFFFFFFFFFFFFFFFFFFFFFFFFFFFFFFF90
:20B0E000FFFFFFFFFFFFFFFFFFFFFFFFFFFFFFFFFFFFFFFFFFFFFFFFFFFFFFFFFFFFFFFF70
:20B10000FFFFFFFFFFFFFFFFFFFFFFFFFFFFFFFFFFFFFFFFFFFFFFFFFFFFFFFFFFFFFFFF4F
:20B12000FFFFFFFFFFFFFFFFFFFFFFFFFFFFFFFFFFFFFFFFFFFFFFFFFFFFFFFFFFFFFFFF2F
:20B14000FFFFFFFFFFFFFFFFFFFFFFFFFFFFFFFFFFFFFFFFFFFFFFFFFFFFFFFFFFFFFFFF0F
:20B16000FFFFFFFFFFFFFFFFFFFFFFFFFFFFFFFFFFFFFFFFFFFFFFFFFFFFFFFFFFFFFFFFEF
:20B18000FFFFFFFFFFFFFFFFFFFFFFFFFFFFFFFFFFFFFFFFFFFFFFFFFFFFFFFFFFFFFFFFCF
:20B1A000FFFFFFFFFFFFFFFFFFFFFFFFFFFFFFFFFFFFFFFFFFFFFFFFFFFFFFFFFFFFFFFFAF
:20B1C000FFFFFFFFFFFFFFFFFFFFFFFFFFFFFFFFFFFFFFFFFFFFFFFFFFFFFFFFFFFFFFFF8F
:20B1E000FFFFFFFFFFFFFFFFFFFFFFFFFFFFFFFFFFFFFFFFFFFFFFFFFFFFFFFFFFFFFFFF6F
:20B20000FFFFFFFFFFFFFFFFFFFFFFFFFFFFFFFFFFFFFFFFFFFFFFFFFFFFFFFFFFFFFFFF4E
:20B22000FFFFFFFFFFFFFFFFFFFFFFFFFFFFFFFFFFFFFFFFFFFFFFFFFFFFFFFFFFFFFFFF2E
:20B24000FFFFFFFFFFFFFFFFFFFFFFFFFFFFFFFFFFFFFFFFFFFFFFFFFFFFFFFFFFFFFFFF0E
:20B26000FFFFFFFFFFFFFFFFFFFFFFFFFFFFFFFFFFFFFFFFFFFFFFFFFFFFFFFFFFFFFFFFEE
:20B28000FFFFFFFFFFFFFFFFFFFFFFFFFFFFFFFFFFFFFFFFFFFFFFFFFFFFFFFFFFFFFFFFCE
:20B2A000FFFFFFFFFFFFFFFFFFFFFFFFFFFFFFFFFFFFFFFFFFFFFFFFFFFFFFFFFFFFFFFFAE
:20B2C000FFFFFFFFFFFFFFFFFFFFFFFFFFFFFFFFFFFFFFFFFFFFFFFFFFFFFFFFFFFFFFFF8E
:20B2E000FFFFFFFFFFFFFFFFFFFFFFFFFFFFFFFFFFFFFFFFFFFFFFFFFFFFFFFFFFFFFFFF6E
:20B30000FFFFFFFFFFFFFFFFFFFFFFFFFFFFFFFFFFFFFFFFFFFFFFFFFFFFFFFFFFFFFFFF4D
:20B32000FFFFFFFFFFFFFFFFFFFFFFFFFFFFFFFFFFFFFFFFFFFFFFFFFFFFFFFFFFFFFFFF2D
:20B34000FFFFFFFFFFFFFFFFFFFFFFFFFFFFFFFFFFFFFFFFFFFFFFFFFFFFFFFFFFFFFFFF0D
:20B36000FFFFFFFFFFFFFFFFFFFFFFFFFFFFFFFFFFFFFFFFFFFFFFFFFFFFFFFFFFFFFFFFED
:20B38000FFFFFFFFFFFFFFFFFFFFFFFFFFFFFFFFFFFFFFFFFFFFFFFFFFFFFFFFFFFFFFFFCD
:20B3A000FFFFFFFFFFFFFFFFFFFFFFFFFFFFFFFFFFFFFFFFFFFFFFFFFFFFFFFFFFFFFFFFAD
:20B3C000FFFFFFFFFFFFFFFFFFFFFFFFFFFFFFFFFFFFFFFFFFFFFFFFFFFFFFFFFFFFFFFF8D
:20B3E000FFFFFFFFFFFFFFFFFFFFFFFFFFFFFFFFFFFFFFFFFFFFFFFFFFFFFFFFFFFFFFFF6D
:20B40000FFFFFFFFFFFFFFFFFFFFFFFFFFFFFFFFFFFFFFFFFFFFFFFFFFFFFFFFFFFFFFFF4C
:20B42000FFFFFFFFFFFFFFFFFFFFFFFFFFFFFFFFFFFFFFFFFFFFFFFFFFFFFFFFFFFFFFFF2C
:20B44000FFFFFFFFFFFFFFFFFFFFFFFFFFFFFFFFFFFFFFFFFFFFFFFFFFFFFFFFFFFFFFFF0C
:20B46000FFFFFFFFFFFFFFFFFFFFFFFFFFFFFFFFFFFFFFFFFFFFFFFFFFFFFFFFFFFFFFFFEC
:20B48000FFFFFFFFFFFFFFFFFFFFFFFFFFFFFFFFFFFFFFFFFFFFFFFFFFFFFFFFFFFFFFFFCC
:20B4A000FFFFFFFFFFFFFFFFFFFFFFFFFFFFFFFFFFFFFFFFFFFFFFFFFFFFFFFFFFFFFFFFAC
:20B4C000FFFFFFFFFFFFFFFFFFFFFFFFFFFFFFFFFFFFFFFFFFFFFFFFFFFFFFFFFFFFFFFF8C
:20B4E000FFFFFFFFFFFFFFFFFFFFFFFFFFFFFFFFFFFFFFFFFFFFFFFFFFFFFFFFFFFFFFFF6C
:20B50000FFFFFFFFFFFFFFFFFFFFFFFFFFFFFFFFFFFFFFFFFFFFFFFFFFFFFFFFFFFFFFFF4B
:20B52000FFFFFFFFFFFFFFFFFFFFFFFFFFFFFFFFFFFFFFFFFFFFFFFFFFFFFFFFFFFFFFFF2B
:20B54000FFFFFFFFFFFFFFFFFFFFFFFFFFFFFFFFFFFFFFFFFFFFFFFFFFFFFFFFFFFFFFFF0B
:20B56000FFFFFFFFFFFFFFFFFFFFFFFFFFFFFFFFFFFFFFFFFFFFFFFFFFFFFFFFFFFFFFFFEB
:20B58000FFFFFFFFFFFFFFFFFFFFFFFFFFFFFFFFFFFFFFFFFFFFFFFFFFFFFFFFFFFFFFFFCB
:20B5A000FFFFFFFFFFFFFFFFFFFFFFFFFFFFFFFFFFFFFFFFFFFFFFFFFFFFFFFFFFFFFFFFAB
:20B5C000FFFFFFFFFFFFFFFFFFFFFFFFFFFFFFFFFFFFFFFFFFFFFFFFFFFFFFFFFFFFFFFF8B
:20B5E000FFFFFFFFFFFFFFFFFFFFFFFFFFFFFFFFFFFFFFFFFFFFFFFFFFFFFFFFFFFFFFFF6B
:20B60000FFFFFFFFFFFFFFFFFFFFFFFFFFFFFFFFFFFFFFFFFFFFFFFFFFFFFFFFFFFFFFFF4A
:20B62000FFFFFFFFFFFFFFFFFFFFFFFFFFFFFFFFFFFFFFFFFFFFFFFFFFFFFFFFFFFFFFFF2A
:20B64000FFFFFFFFFFFFFFFFFFFFFFFFFFFFFFFFFFFFFFFFFFFFFFFFFFFFFFFFFFFFFFFF0A
:20B66000FFFFFFFFFFFFFFFFFFFFFFFFFFFFFFFFFFFFFFFFFFFFFFFFFFFFFFFFFFFFFFFFEA
:20B68000FFFFFFFFFFFFFFFFFFFFFFFFFFFFFFFFFFFFFFFFFFFFFFFFFFFFFFFFFFFFFFFFCA
:20B6A000FFFFFFFFFFFFFFFFFFFFFFFFFFFFFFFFFFFFFFFFFFFFFFFFFFFFFFFFFFFFFFFFAA
:20B6C000FFFFFFFFFFFFFFFFFFFFFFFFFFFFFFFFFFFFFFFFFFFFFFFFFFFFFFFFFFFFFFFF8A
:20B6E000FFFFFFFFFFFFFFFFFFFFFFFFFFFFFFFFFFFFFFFFFFFFFFFFFFFFFFFFFFFFFFFF6A
:20B70000FFFFFFFFFFFFFFFFFFFFFFFFFFFFFFFFFFFFFFFFFFFFFFFFFFFFFFFFFFFFFFFF49
:20B72000FFFFFFFFFFFFFFFFFFFFFFFFFFFFFFFFFFFFFFFFFFFFFFFFFFFFFFFFFFFFFFFF29
:20B74000FFFFFFFFFFFFFFFFFFFFFFFFFFFFFFFFFFFFFFFFFFFFFFFFFFFFFFFFFFFFFFFF09
:20B76000FFFFFFFFFFFFFFFFFFFFFFFFFFFFFFFFFFFFFFFFFFFFFFFFFFFFFFFFFFFFFFFFE9
:20B78000FFFFFFFFFFFFFFFFFFFFFFFFFFFFFFFFFFFFFFFFFFFFFFFFFFFFFFFFFFFFFFFFC9
:20B7A000FFFFFFFFFFFFFFFFFFFFFFFFFFFFFFFFFFFFFFFFFFFFFFFFFFFFFFFFFFFFFFFFA9
:20B7C000FFFFFFFFFFFFFFFFFFFFFFFFFFFFFFFFFFFFFFFFFFFFFFFFFFFFFFFFFFFFFFFF89
:20B7E000FFFFFFFFFFFFFFFFFFFFFFFFFFFFFFFFFFFFFFFFFFFFFFFFFFFFFFFFFFFFFFFF69
:20B80000FFFFFFFFFFFFFFFFFFFFFFFFFFFFFFFFFFFFFFFFFFFFFFFFFFFFFFFFFFFFFFFF48
:20B82000FFFFFFFFFFFFFFFFFFFFFFFFFFFFFFFFFFFFFFFFFFFFFFFFFFFFFFFFFFFFFFFF28
:20B84000FFFFFFFFFFFFFFFFFFFFFFFFFFFFFFFFFFFFFFFFFFFFFFFFFFFFFFFFFFFFFFFF08
:20B86000FFFFFFFFFFFFFFFFFFFFFFFFFFFFFFFFFFFFFFFFFFFFFFFFFFFFFFFFFFFFFFFFE8
:20B88000FFFFFFFFFFFFFFFFFFFFFFFFFFFFFFFFFFFFFFFFFFFFFFFFFFFFFFFFFFFFFFFFC8
:20B8A000FFFFFFFFFFFFFFFFFFFFFFFFFFFFFFFFFFFFFFFFFFFFFFFFFFFFFFFFFFFFFFFFA8
:20B8C000FFFFFFFFFFFFFFFFFFFFFFFFFFFFFFFFFFFFFFFFFFFFFFFFFFFFFFFFFFFFFFFF88
:20B8E000FFFFFFFFFFFFFFFFFFFFFFFFFFFFFFFFFFFFFFFFFFFFFFFFFFFFFFFFFFFFFFFF68
:20B90000FFFFFFFFFFFFFFFFFFFFFFFFFFFFFFFFFFFFFFFFFFFFFFFFFFFFFFFFFFFFFFFF47
:20B92000FFFFFFFFFFFFFFFFFFFFFFFFFFFFFFFFFFFFFFFFFFFFFFFFFFFFFFFFFFFFFFFF27
:20B94000FFFFFFFFFFFFFFFFFFFFFFFFFFFFFFFFFFFFFFFFFFFFFFFFFFFFFFFFFFFFFFFF07
:20B96000FFFFFFFFFFFFFFFFFFFFFFFFFFFFFFFFFFFFFFFFFFFFFFFFFFFFFFFFFFFFFFFFE7
:20B98000FFFFFFFFFFFFFFFFFFFFFFFFFFFFFFFFFFFFFFFFFFFFFFFFFFFFFFFFFFFFFFFFC7
:20B9A000FFFFFFFFFFFFFFFFFFFFFFFFFFFFFFFFFFFFFFFFFFFFFFFFFFFFFFFFFFFFFFFFA7
:20B9C000FFFFFFFFFFFFFFFFFFFFFFFFFFFFFFFFFFFFFFFFFFFFFFFFFFFFFFFFFFFFFFFF87
:20B9E000FFFFFFFFFFFFFFFFFFFFFFFFFFFFFFFFFFFFFFFFFFFFFFFFFFFFFFFFFFFFFFFF67
:20BA0000FFFFFFFFFFFFFFFFFFFFFFFFFFFFFFFFFFFFFFFFFFFFFFFFFFFFFFFFFFFFFFFF46
:20BA2000FFFFFFFFFFFFFFFFFFFFFFFFFFFFFFFFFFFFFFFFFFFFFFFFFFFFFFFFFFFFFFFF26
:20BA4000FFFFFFFFFFFFFFFFFFFFFFFFFFFFFFFFFFFFFFFFFFFFFFFFFFFFFFFFFFFFFFFF06
:20BA6000FFFFFFFFFFFFFFFFFFFFFFFFFFFFFFFFFFFFFFFFFFFFFFFFFFFFFFFFFFFFFFFFE6
:20BA8000FFFFFFFFFFFFFFFFFFFFFFFFFFFFFFFFFFFFFFFFFFFFFFFFFFFFFFFFFFFFFFFFC6
:20BAA000FFFFFFFFFFFFFFFFFFFFFFFFFFFFFFFFFFFFFFFFFFFFFFFFFFFFFFFFFFFFFFFFA6
:20BAC000FFFFFFFFFFFFFFFFFFFFFFFFFFFFFFFFFFFFFFFFFFFFFFFFFFFFFFFFFFFFFFFF86
:20BAE000FFFFFFFFFFFFFFFFFFFFFFFFFFFFFFFFFFFFFFFFFFFFFFFFFFFFFFFFFFFFFFFF66
:20BB0000FFFFFFFFFFFFFFFFFFFFFFFFFFFFFFFFFFFFFFFFFFFFFFFFFFFFFFFFFFFFFFFF45
:20BB2000FFFFFFFFFFFFFFFFFFFFFFFFFFFFFFFFFFFFFFFFFFFFFFFFFFFFFFFFFFFFFFFF25
:20BB4000FFFFFFFFFFFFFFFFFFFFFFFFFFFFFFFFFFFFFFFFFFFFFFFFFFFFFFFFFFFFFFFF05
:20BB6000FFFFFFFFFFFFFFFFFFFFFFFFFFFFFFFFFFFFFFFFFFFFFFFFFFFFFFFFFFFFFFFFE5
:20BB8000FFFFFFFFFFFFFFFFFFFFFFFFFFFFFFFFFFFFFFFFFFFFFFFFFFFFFFFFFFFFFFFFC5
:20BBA000FFFFFFFFFFFFFFFFFFFFFFFFFFFFFFFFFFFFFFFFFFFFFFFFFFFFFFFFFFFFFFFFA5
:20BBC000FFFFFFFFFFFFFFFFFFFFFFFFFFFFFFFFFFFFFFFFFFFFFFFFFFFFFFFFFFFFFFFF85
:20BBE000FFFFFFFFFFFFFFFFFFFFFFFFFFFFFFFFFFFFFFFFFFFFFFFFFFFFFFFFFFFFFFFF65
:20BC0000FFFFFFFFFFFFFFFFFFFFFFFFFFFFFFFFFFFFFFFFFFFFFFFFFFFFFFFFFFFFFFFF44
:20BC2000FFFFFFFFFFFFFFFFFFFFFFFFFFFFFFFFFFFFFFFFFFFFFFFFFFFFFFFFFFFFFFFF24
:20BC4000FFFFFFFFFFFFFFFFFFFFFFFFFFFFFFFFFFFFFFFFFFFFFFFFFFFFFFFFFFFFFFFF04
:20BC6000FFFFFFFFFFFFFFFFFFFFFFFFFFFFFFFFFFFFFFFFFFFFFFFFFFFFFFFFFFFFFFFFE4
:20BC8000FFFFFFFFFFFFFFFFFFFFFFFFFFFFFFFFFFFFFFFFFFFFFFFFFFFFFFFFFFFFFFFFC4
:20BCA000FFFFFFFFFFFFFFFFFFFFFFFFFFFFFFFFFFFFFFFFFFFFFFFFFFFFFFFFFFFFFFFFA4
:20BCC000FFFFFFFFFFFFFFFFFFFFFFFFFFFFFFFFFFFFFFFFFFFFFFFFFFFFFFFFFFFFFFFF84
:20BCE000FFFFFFFFFFFFFFFFFFFFFFFFFFFFFFFFFFFFFFFFFFFFFFFFFFFFFFFFFFFFFFFF64
:20BD0000FFFFFFFFFFFFFFFFFFFFFFFFFFFFFFFFFFFFFFFFFFFFFFFFFFFFFFFFFFFFFFFF43
:20BD2000FFFFFFFFFFFFFFFFFFFFFFFFFFFFFFFFFFFFFFFFFFFFFFFFFFFFFFFFFFFFFFFF23
:20BD4000FFFFFFFFFFFFFFFFFFFFFFFFFFFFFFFFFFFFFFFFFFFFFFFFFFFFFFFFFFFFFFFF03
:20BD6000FFFFFFFFFFFFFFFFFFFFFFFFFFFFFFFFFFFFFFFFFFFFFFFFFFFFFFFFFFFFFFFFE3
:20BD8000FFFFFFFFFFFFFFFFFFFFFFFFFFFFFFFFFFFFFFFFFFFFFFFFFFFFFFFFFFFFFFFFC3
:20BDA000FFFFFFFFFFFFFFFFFFFFFFFFFFFFFFFFFFFFFFFFFFFFFFFFFFFFFFFFFFFFFFFFA3
:20BDC000FFFFFFFFFFFFFFFFFFFFFFFFFFFFFFFFFFFFFFFFFFFFFFFFFFFFFFFFFFFFFFFF83
:20BDE000FFFFFFFFFFFFFFFFFFFFFFFFFFFFFFFFFFFFFFFFFFFFFFFFFFFFFFFFFFFFFFFF63
:20BE0000FFFFFFFFFFFFFFFFFFFFFFFFFFFFFFFFFFFFFFFFFFFFFFFFFFFFFFFFFFFFFFFF42
:20BE2000FFFFFFFFFFFFFFFFFFFFFFFFFFFFFFFFFFFFFFFFFFFFFFFFFFFFFFFFFFFFFFFF22
:20BE4000FFFFFFFFFFFFFFFFFFFFFFFFFFFFFFFFFFFFFFFFFFFFFFFFFFFFFFFFFFFFFFFF02
:20BE6000FFFFFFFFFFFFFFFFFFFFFFFFFFFFFFFFFFFFFFFFFFFFFFFFFFFFFFFFFFFFFFFFE2
:20BE8000FFFFFFFFFFFFFFFFFFFFFFFFFFFFFFFFFFFFFFFFFFFFFFFFFFFFFFFFFFFFFFFFC2
:20BEA000FFFFFFFFFFFFFFFFFFFFFFFFFFFFFFFFFFFFFFFFFFFFFFFFFFFFFFFFFFFFFFFFA2
:20BEC000FFFFFFFFFFFFFFFFFFFFFFFFFFFFFFFFFFFFFFFFFFFFFFFFFFFFFFFFFFFFFFFF82
:20BEE000FFFFFFFFFFFFFFFFFFFFFFFFFFFFFFFFFFFFFFFFFFFFFFFFFFFFFFFFFFFFFFFF62
:20BF0000FFFFFFFFFFFFFFFFFFFFFFFFFFFFFFFFFFFFFFFFFFFFFFFFFFFFFFFFFFFFFFFF41
:20BF2000FFFFFFFFFFFFFFFFFFFFFFFFFFFFFFFFFFFFFFFFFFFFFFFFFFFFFFFFFFFFFFFF21
:20BF4000FFFFFFFFFFFFFFFFFFFFFFFFFFFFFFFFFFFFFFFFFFFFFFFFFFFFFFFFFFFFFFFF01
:20BF6000FFFFFFFFFFFFFFFFFFFFFFFFFFFFFFFFFFFFFFFFFFFFFFFFFFFFFFFFFFFFFFFFE1
:20BF8000FFFFFFFFFFFFFFFFFFFFFFFFFFFFFFFFFFFFFFFFFFFFFFFFFFFFFFFFFFFFFFFFC1
:20BFA000FFFFFFFFFFFFFFFFFFFFFFFFFFFFFFFFFFFFFFFFFFFFFFFFFFFFFFFFFFFFFFFFA1
:20BFC000FFFFFFFFFFFFFFFFFFFFFFFFFFFFFFFFFFFFFFFFFFFFFFFFFFFFFFFFFFFFFFFF81
:20BFE000FFFFFFFFFFFFFFFFFFFFFFFFFFFFFFFFFFFFFFFFFFFFFFFFFFFFFFFFFFFFFFFF61
:20C00000FFFFFFFFFFFFFFFFFFFFFFFFFFFFFFFFFFFFFFFFFFFFFFFFFFFFFFFFFFFFFFFF40
:20C02000FFFFFFFFFFFFFFFFFFFFFFFFFFFFFFFFFFFFFFFFFFFFFFFFFFFFFFFFFFFFFFFF20
:20C04000FFFFFFFFFFFFFFFFFFFFFFFFFFFFFFFFFFFFFFFFFFFFFFFFFFFFFFFFFFFFFFFF00
:20C06000FFFFFFFFFFFFFFFFFFFFFFFFFFFFFFFFFFFFFFFFFFFFFFFFFFFFFFFFFFFFFFFFE0
:20C08000FFFFFFFFFFFFFFFFFFFFFFFFFFFFFFFFFFFFFFFFFFFFFFFFFFFFFFFFFFFFFFFFC0
:20C0A000FFFFFFFFFFFFFFFFFFFFFFFFFFFFFFFFFFFFFFFFFFFFFFFFFFFFFFFFFFFFFFFFA0
:20C0C000FFFFFFFFFFFFFFFFFFFFFFFFFFFFFFFFFFFFFFFFFFFFFFFFFFFFFFFFFFFFFFFF80
:20C0E000FFFFFFFFFFFFFFFFFFFFFFFFFFFFFFFFFFFFFFFFFFFFFFFFFFFFFFFFFFFFFFFF60
:20C10000FFFFFFFFFFFFFFFFFFFFFFFFFFFFFFFFFFFFFFFFFFFFFFFFFFFFFFFFFFFFFFFF3F
:20C12000FFFFFFFFFFFFFFFFFFFFFFFFFFFFFFFFFFFFFFFFFFFFFFFFFFFFFFFFFFFFFFFF1F
:20C14000FFFFFFFFFFFFFFFFFFFFFFFFFFFFFFFFFFFFFFFFFFFFFFFFFFFFFFFFFFFFFFFFFF
:20C16000FFFFFFFFFFFFFFFFFFFFFFFFFFFFFFFFFFFFFFFFFFFFFFFFFFFFFFFFFFFFFFFFDF
:20C18000FFFFFFFFFFFFFFFFFFFFFFFFFFFFFFFFFFFFFFFFFFFFFFFFFFFFFFFFFFFFFFFFBF
:20C1A000FFFFFFFFFFFFFFFFFFFFFFFFFFFFFFFFFFFFFFFFFFFFFFFFFFFFFFFFFFFFFFFF9F
:20C1C000FFFFFFFFFFFFFFFFFFFFFFFFFFFFFFFFFFFFFFFFFFFFFFFFFFFFFFFFFFFFFFFF7F
:20C1E000FFFFFFFFFFFFFFFFFFFFFFFFFFFFFFFFFFFFFFFFFFFFFFFFFFFFFFFFFFFFFFFF5F
:20C20000FFFFFFFFFFFFFFFFFFFFFFFFFFFFFFFFFFFFFFFFFFFFFFFFFFFFFFFFFFFFFFFF3E
:20C22000FFFFFFFFFFFFFFFFFFFFFFFFFFFFFFFFFFFFFFFFFFFFFFFFFFFFFFFFFFFFFFFF1E
:20C24000FFFFFFFFFFFFFFFFFFFFFFFFFFFFFFFFFFFFFFFFFFFFFFFFFFFFFFFFFFFFFFFFFE
:20C26000FFFFFFFFFFFFFFFFFFFFFFFFFFFFFFFFFFFFFFFFFFFFFFFFFFFFFFFFFFFFFFFFDE
:20C28000FFFFFFFFFFFFFFFFFFFFFFFFFFFFFFFFFFFFFFFFFFFFFFFFFFFFFFFFFFFFFFFFBE
:20C2A000FFFFFFFFFFFFFFFFFFFFFFFFFFFFFFFFFFFFFFFFFFFFFFFFFFFFFFFFFFFFFFFF9E
:20C2C000FFFFFFFFFFFFFFFFFFFFFFFFFFFFFFFFFFFFFFFFFFFFFFFFFFFFFFFFFFFFFFFF7E
:20C2E000FFFFFFFFFFFFFFFFFFFFFFFFFFFFFFFFFFFFFFFFFFFFFFFFFFFFFFFFFFFFFFFF5E
:20C30000FFFFFFFFFFFFFFFFFFFFFFFFFFFFFFFFFFFFFFFFFFFFFFFFFFFFFFFFFFFFFFFF3D
:20C32000FFFFFFFFFFFFFFFFFFFFFFFFFFFFFFFFFFFFFFFFFFFFFFFFFFFFFFFFFFFFFFFF1D
:20C34000FFFFFFFFFFFFFFFFFFFFFFFFFFFFFFFFFFFFFFFFFFFFFFFFFFFFFFFFFFFFFFFFFD
:20C36000FFFFFFFFFFFFFFFFFFFFFFFFFFFFFFFFFFFFFFFFFFFFFFFFFFFFFFFFFFFFFFFFDD
:20C38000FFFFFFFFFFFFFFFFFFFFFFFFFFFFFFFFFFFFFFFFFFFFFFFFFFFFFFFFFFFFFFFFBD
:20C3A000FFFFFFFFFFFFFFFFFFFFFFFFFFFFFFFFFFFFFFFFFFFFFFFFFFFFFFFFFFFFFFFF9D
:20C3C000FFFFFFFFFFFFFFFFFFFFFFFFFFFFFFFFFFFFFFFFFFFFFFFFFFFFFFFFFFFFFFFF7D
:20C3E000FFFFFFFFFFFFFFFFFFFFFFFFFFFFFFFFFFFFFFFFFFFFFFFFFFFFFFFFFFFFFFFF5D
:20C40000FFFFFFFFFFFFFFFFFFFFFFFFFFFFFFFFFFFFFFFFFFFFFFFFFFFFFFFFFFFFFFFF3C
:20C42000FFFFFFFFFFFFFFFFFFFFFFFFFFFFFFFFFFFFFFFFFFFFFFFFFFFFFFFFFFFFFFFF1C
:20C44000FFFFFFFFFFFFFFFFFFFFFFFFFFFFFFFFFFFFFFFFFFFFFFFFFFFFFFFFFFFFFFFFFC
:20C46000FFFFFFFFFFFFFFFFFFFFFFFFFFFFFFFFFFFFFFFFFFFFFFFFFFFFFFFFFFFFFFFFDC
:20C48000FFFFFFFFFFFFFFFFFFFFFFFFFFFFFFFFFFFFFFFFFFFFFFFFFFFFFFFFFFFFFFFFBC
:20C4A000FFFFFFFFFFFFFFFFFFFFFFFFFFFFFFFFFFFFFFFFFFFFFFFFFFFFFFFFFFFFFFFF9C
:20C4C000FFFFFFFFFFFFFFFFFFFFFFFFFFFFFFFFFFFFFFFFFFFFFFFFFFFFFFFFFFFFFFFF7C
:20C4E000FFFFFFFFFFFFFFFFFFFFFFFFFFFFFFFFFFFFFFFFFFFFFFFFFFFFFFFFFFFFFFFF5C
:20C50000FFFFFFFFFFFFFFFFFFFFFFFFFFFFFFFFFFFFFFFFFFFFFFFFFFFFFFFFFFFFFFFF3B
:20C52000FFFFFFFFFFFFFFFFFFFFFFFFFFFFFFFFFFFFFFFFFFFFFFFFFFFFFFFFFFFFFFFF1B
:20C54000FFFFFFFFFFFFFFFFFFFFFFFFFFFFFFFFFFFFFFFFFFFFFFFFFFFFFFFFFFFFFFFFFB
:20C56000FFFFFFFFFFFFFFFFFFFFFFFFFFFFFFFFFFFFFFFFFFFFFFFFFFFFFFFFFFFFFFFFDB
:20C58000FFFFFFFFFFFFFFFFFFFFFFFFFFFFFFFFFFFFFFFFFFFFFFFFFFFFFFFFFFFFFFFFBB
:20C5A000FFFFFFFFFFFFFFFFFFFFFFFFFFFFFFFFFFFFFFFFFFFFFFFFFFFFFFFFFFFFFFFF9B
:20C5C000FFFFFFFFFFFFFFFFFFFFFFFFFFFFFFFFFFFFFFFFFFFFFFFFFFFFFFFFFFFFFFFF7B
:20C5E000FFFFFFFFFFFFFFFFFFFFFFFFFFFFFFFFFFFFFFFFFFFFFFFFFFFFFFFFFFFFFFFF5B
:20C60000FFFFFFFFFFFFFFFFFFFFFFFFFFFFFFFFFFFFFFFFFFFFFFFFFFFFFFFFFFFFFFFF3A
:20C62000FFFFFFFFFFFFFFFFFFFFFFFFFFFFFFFFFFFFFFFFFFFFFFFFFFFFFFFFFFFFFFFF1A
:20C64000FFFFFFFFFFFFFFFFFFFFFFFFFFFFFFFFFFFFFFFFFFFFFFFFFFFFFFFFFFFFFFFFFA
:20C66000FFFFFFFFFFFFFFFFFFFFFFFFFFFFFFFFFFFFFFFFFFFFFFFFFFFFFFFFFFFFFFFFDA
:20C68000FFFFFFFFFFFFFFFFFFFFFFFFFFFFFFFFFFFFFFFFFFFFFFFFFFFFFFFFFFFFFFFFBA
:20C6A000FFFFFFFFFFFFFFFFFFFFFFFFFFFFFFFFFFFFFFFFFFFFFFFFFFFFFFFFFFFFFFFF9A
:20C6C000FFFFFFFFFFFFFFFFFFFFFFFFFFFFFFFFFFFFFFFFFFFFFFFFFFFFFFFFFFFFFFFF7A
:20C6E000FFFFFFFFFFFFFFFFFFFFFFFFFFFFFFFFFFFFFFFFFFFFFFFFFFFFFFFFFFFFFFFF5A
:20C70000FFFFFFFFFFFFFFFFFFFFFFFFFFFFFFFFFFFFFFFFFFFFFFFFFFFFFFFFFFFFFFFF39
:20C72000FFFFFFFFFFFFFFFFFFFFFFFFFFFFFFFFFFFFFFFFFFFFFFFFFFFFFFFFFFFFFFFF19
:20C74000FFFFFFFFFFFFFFFFFFFFFFFFFFFFFFFFFFFFFFFFFFFFFFFFFFFFFFFFFFFFFFFFF9
:20C76000FFFFFFFFFFFFFFFFFFFFFFFFFFFFFFFFFFFFFFFFFFFFFFFFFFFFFFFFFFFFFFFFD9
:20C78000FFFFFFFFFFFFFFFFFFFFFFFFFFFFFFFFFFFFFFFFFFFFFFFFFFFFFFFFFFFFFFFFB9
:20C7A000FFFFFFFFFFFFFFFFFFFFFFFFFFFFFFFFFFFFFFFFFFFFFFFFFFFFFFFFFFFFFFFF99
:20C7C000FFFFFFFFFFFFFFFFFFFFFFFFFFFFFFFFFFFFFFFFFFFFFFFFFFFFFFFFFFFFFFFF79
:20C7E000FFFFFFFFFFFFFFFFFFFFFFFFFFFFFFFFFFFFFFFFFFFFFFFFFFFFFFFFFFFFFFFF59
:20C80000FFFFFFFFFFFFFFFFFFFFFFFFFFFFFFFFFFFFFFFFFFFFFFFFFFFFFFFFFFFFFFFF38
:20C82000FFFFFFFFFFFFFFFFFFFFFFFFFFFFFFFFFFFFFFFFFFFFFFFFFFFFFFFFFFFFFFFF18
:20C84000FFFFFFFFFFFFFFFFFFFFFFFFFFFFFFFFFFFFFFFFFFFFFFFFFFFFFFFFFFFFFFFFF8
:20C86000FFFFFFFFFFFFFFFFFFFFFFFFFFFFFFFFFFFFFFFFFFFFFFFFFFFFFFFFFFFFFFFFD8
:20C88000FFFFFFFFFFFFFFFFFFFFFFFFFFFFFFFFFFFFFFFFFFFFFFFFFFFFFFFFFFFFFFFFB8
:20C8A000FFFFFFFFFFFFFFFFFFFFFFFFFFFFFFFFFFFFFFFFFFFFFFFFFFFFFFFFFFFFFFFF98
:20C8C000FFFFFFFFFFFFFFFFFFFFFFFFFFFFFFFFFFFFFFFFFFFFFFFFFFFFFFFFFFFFFFFF78
:20C8E000FFFFFFFFFFFFFFFFFFFFFFFFFFFFFFFFFFFFFFFFFFFFFFFFFFFFFFFFFFFFFFFF58
:20C90000FFFFFFFFFFFFFFFFFFFFFFFFFFFFFFFFFFFFFFFFFFFFFFFFFFFFFFFFFFFFFFFF37
:20C92000FFFFFFFFFFFFFFFFFFFFFFFFFFFFFFFFFFFFFFFFFFFFFFFFFFFFFFFFFFFFFFFF17
:20C94000FFFFFFFFFFFFFFFFFFFFFFFFFFFFFFFFFFFFFFFFFFFFFFFFFFFFFFFFFFFFFFFFF7
:20C96000FFFFFFFFFFFFFFFFFFFFFFFFFFFFFFFFFFFFFFFFFFFFFFFFFFFFFFFFFFFFFFFFD7
:20C98000FFFFFFFFFFFFFFFFFFFFFFFFFFFFFFFFFFFFFFFFFFFFFFFFFFFFFFFFFFFFFFFFB7
:20C9A000FFFFFFFFFFFFFFFFFFFFFFFFFFFFFFFFFFFFFFFFFFFFFFFFFFFFFFFFFFFFFFFF97
:20C9C000FFFFFFFFFFFFFFFFFFFFFFFFFFFFFFFFFFFFFFFFFFFFFFFFFFFFFFFFFFFFFFFF77
:20C9E000FFFFFFFFFFFFFFFFFFFFFFFFFFFFFFFFFFFFFFFFFFFFFFFFFFFFFFFFFFFFFFFF57
:20CA0000FFFFFFFFFFFFFFFFFFFFFFFFFFFFFFFFFFFFFFFFFFFFFFFFFFFFFFFFFFFFFFFF36
:20CA2000FFFFFFFFFFFFFFFFFFFFFFFFFFFFFFFFFFFFFFFFFFFFFFFFFFFFFFFFFFFFFFFF16
:20CA4000FFFFFFFFFFFFFFFFFFFFFFFFFFFFFFFFFFFFFFFFFFFFFFFFFFFFFFFFFFFFFFFFF6
:20CA6000FFFFFFFFFFFFFFFFFFFFFFFFFFFFFFFFFFFFFFFFFFFFFFFFFFFFFFFFFFFFFFFFD6
:20CA8000FFFFFFFFFFFFFFFFFFFFFFFFFFFFFFFFFFFFFFFFFFFFFFFFFFFFFFFFFFFFFFFFB6
:20CAA000FFFFFFFFFFFFFFFFFFFFFFFFFFFFFFFFFFFFFFFFFFFFFFFFFFFFFFFFFFFFFFFF96
:20CAC000FFFFFFFFFFFFFFFFFFFFFFFFFFFFFFFFFFFFFFFFFFFFFFFFFFFFFFFFFFFFFFFF76
:20CAE000FFFFFFFFFFFFFFFFFFFFFFFFFFFFFFFFFFFFFFFFFFFFFFFFFFFFFFFFFFFFFFFF56
:20CB0000FFFFFFFFFFFFFFFFFFFFFFFFFFFFFFFFFFFFFFFFFFFFFFFFFFFFFFFFFFFFFFFF35
:20CB2000FFFFFFFFFFFFFFFFFFFFFFFFFFFFFFFFFFFFFFFFFFFFFFFFFFFFFFFFFFFFFFFF15
:20CB4000FFFFFFFFFFFFFFFFFFFFFFFFFFFFFFFFFFFFFFFFFFFFFFFFFFFFFFFFFFFFFFFFF5
:20CB6000FFFFFFFFFFFFFFFFFFFFFFFFFFFFFFFFFFFFFFFFFFFFFFFFFFFFFFFFFFFFFFFFD5
:20CB8000FFFFFFFFFFFFFFFFFFFFFFFFFFFFFFFFFFFFFFFFFFFFFFFFFFFFFFFFFFFFFFFFB5
:20CBA000FFFFFFFFFFFFFFFFFFFFFFFFFFFFFFFFFFFFFFFFFFFFFFFFFFFFFFFFFFFFFFFF95
:20CBC000FFFFFFFFFFFFFFFFFFFFFFFFFFFFFFFFFFFFFFFFFFFFFFFFFFFFFFFFFFFFFFFF75
:20CBE000FFFFFFFFFFFFFFFFFFFFFFFFFFFFFFFFFFFFFFFFFFFFFFFFFFFFFFFFFFFFFFFF55
:20CC0000FFFFFFFFFFFFFFFFFFFFFFFFFFFFFFFFFFFFFFFFFFFFFFFFFFFFFFFFFFFFFFFF34
:20CC2000FFFFFFFFFFFFFFFFFFFFFFFFFFFFFFFFFFFFFFFFFFFFFFFFFFFFFFFFFFFFFFFF14
:20CC4000FFFFFFFFFFFFFFFFFFFFFFFFFFFFFFFFFFFFFFFFFFFFFFFFFFFFFFFFFFFFFFFFF4
:20CC6000FFFFFFFFFFFFFFFFFFFFFFFFFFFFFFFFFFFFFFFFFFFFFFFFFFFFFFFFFFFFFFFFD4
:20CC8000FFFFFFFFFFFFFFFFFFFFFFFFFFFFFFFFFFFFFFFFFFFFFFFFFFFFFFFFFFFFFFFFB4
:20CCA000FFFFFFFFFFFFFFFFFFFFFFFFFFFFFFFFFFFFFFFFFFFFFFFFFFFFFFFFFFFFFFFF94
:20CCC000FFFFFFFFFFFFFFFFFFFFFFFFFFFFFFFFFFFFFFFFFFFFFFFFFFFFFFFFFFFFFFFF74
:20CCE000FFFFFFFFFFFFFFFFFFFFFFFFFFFFFFFFFFFFFFFFFFFFFFFFFFFFFFFFFFFFFFFF54
:20CD0000FFFFFFFFFFFFFFFFFFFFFFFFFFFFFFFFFFFFFFFFFFFFFFFFFFFFFFFFFFFFFFFF33
:20CD2000FFFFFFFFFFFFFFFFFFFFFFFFFFFFFFFFFFFFFFFFFFFFFFFFFFFFFFFFFFFFFFFF13
:20CD4000FFFFFFFFFFFFFFFFFFFFFFFFFFFFFFFFFFFFFFFFFFFFFFFFFFFFFFFFFFFFFFFFF3
:20CD6000FFFFFFFFFFFFFFFFFFFFFFFFFFFFFFFFFFFFFFFFFFFFFFFFFFFFFFFFFFFFFFFFD3
:20CD8000FFFFFFFFFFFFFFFFFFFFFFFFFFFFFFFFFFFFFFFFFFFFFFFFFFFFFFFFFFFFFFFFB3
:20CDA000FFFFFFFFFFFFFFFFFFFFFFFFFFFFFFFFFFFFFFFFFFFFFFFFFFFFFFFFFFFFFFFF93
:20CDC000FFFFFFFFFFFFFFFFFFFFFFFFFFFFFFFFFFFFFFFFFFFFFFFFFFFFFFFFFFFFFFFF73
:20CDE000FFFFFFFFFFFFFFFFFFFFFFFFFFFFFFFFFFFFFFFFFFFFFFFFFFFFFFFFFFFFFFFF53
:20CE0000FFFFFFFFFFFFFFFFFFFFFFFFFFFFFFFFFFFFFFFFFFFFFFFFFFFFFFFFFFFFFFFF32
:20CE2000FFFFFFFFFFFFFFFFFFFFFFFFFFFFFFFFFFFFFFFFFFFFFFFFFFFFFFFFFFFFFFFF12
:20CE4000FFFFFFFFFFFFFFFFFFFFFFFFFFFFFFFFFFFFFFFFFFFFFFFFFFFFFFFFFFFFFFFFF2
:20CE6000FFFFFFFFFFFFFFFFFFFFFFFFFFFFFFFFFFFFFFFFFFFFFFFFFFFFFFFFFFFFFFFFD2
:20CE8000FFFFFFFFFFFFFFFFFFFFFFFFFFFFFFFFFFFFFFFFFFFFFFFFFFFFFFFFFFFFFFFFB2
:20CEA000FFFFFFFFFFFFFFFFFFFFFFFFFFFFFFFFFFFFFFFFFFFFFFFFFFFFFFFFFFFFFFFF92
:20CEC000FFFFFFFFFFFFFFFFFFFFFFFFFFFFFFFFFFFFFFFFFFFFFFFFFFFFFFFFFFFFFFFF72
:20CEE000FFFFFFFFFFFFFFFFFFFFFFFFFFFFFFFFFFFFFFFFFFFFFFFFFFFFFFFFFFFFFFFF52
:20CF0000FFFFFFFFFFFFFFFFFFFFFFFFFFFFFFFFFFFFFFFFFFFFFFFFFFFFFFFFFFFFFFFF31
:20CF2000FFFFFFFFFFFFFFFFFFFFFFFFFFFFFFFFFFFFFFFFFFFFFFFFFFFFFFFFFFFFFFFF11
:20CF4000FFFFFFFFFFFFFFFFFFFFFFFFFFFFFFFFFFFFFFFFFFFFFFFFFFFFFFFFFFFFFFFFF1
:20CF6000FFFFFFFFFFFFFFFFFFFFFFFFFFFFFFFFFFFFFFFFFFFFFFFFFFFFFFFFFFFFFFFFD1
:20CF8000FFFFFFFFFFFFFFFFFFFFFFFFFFFFFFFFFFFFFFFFFFFFFFFFFFFFFFFFFFFFFFFFB1
:20CFA000FFFFFFFFFFFFFFFFFFFFFFFFFFFFFFFFFFFFFFFFFFFFFFFFFFFFFFFFFFFFFFFF91
:20CFC000FFFFFFFFFFFFFFFFFFFFFFFFFFFFFFFFFFFFFFFFFFFFFFFFFFFFFFFFFFFFFFFF71
:20CFE000FFFFFFFFFFFFFFFFFFFFFFFFFFFFFFFFFFFFFFFFFFFFFFFFFFFFFFFFFFFFFFFF51
:20D00000FFFFFFFFFFFFFFFFFFFFFFFFFFFFFFFFFFFFFFFFFFFFFFFFFFFFFFFFFFFFFFFF30
:20D02000FFFFFFFFFFFFFFFFFFFFFFFFFFFFFFFFFFFFFFFFFFFFFFFFFFFFFFFFFFFFFFFF10
:20D04000FFFFFFFFFFFFFFFFFFFFFFFFFFFFFFFFFFFFFFFFFFFFFFFFFFFFFFFFFFFFFFFFF0
:20D06000FFFFFFFFFFFFFFFFFFFFFFFFFFFFFFFFFFFFFFFFFFFFFFFFFFFFFFFFFFFFFFFFD0
:20D08000FFFFFFFFFFFFFFFFFFFFFFFFFFFFFFFFFFFFFFFFFFFFFFFFFFFFFFFFFFFFFFFFB0
:20D0A000FFFFFFFFFFFFFFFFFFFFFFFFFFFFFFFFFFFFFFFFFFFFFFFFFFFFFFFFFFFFFFFF90
:20D0C000FFFFFFFFFFFFFFFFFFFFFFFFFFFFFFFFFFFFFFFFFFFFFFFFFFFFFFFFFFFFFFFF70
:20D0E000FFFFFFFFFFFFFFFFFFFFFFFFFFFFFFFFFFFFFFFFFFFFFFFFFFFFFFFFFFFFFFFF50
:20D10000FFFFFFFFFFFFFFFFFFFFFFFFFFFFFFFFFFFFFFFFFFFFFFFFFFFFFFFFFFFFFFFF2F
:20D12000FFFFFFFFFFFFFFFFFFFFFFFFFFFFFFFFFFFFFFFFFFFFFFFFFFFFFFFFFFFFFFFF0F
:20D14000FFFFFFFFFFFFFFFFFFFFFFFFFFFFFFFFFFFFFFFFFFFFFFFFFFFFFFFFFFFFFFFFEF
:20D16000FFFFFFFFFFFFFFFFFFFFFFFFFFFFFFFFFFFFFFFFFFFFFFFFFFFFFFFFFFFFFFFFCF
:20D18000FFFFFFFFFFFFFFFFFFFFFFFFFFFFFFFFFFFFFFFFFFFFFFFFFFFFFFFFFFFFFFFFAF
:20D1A000FFFFFFFFFFFFFFFFFFFFFFFFFFFFFFFFFFFFFFFFFFFFFFFFFFFFFFFFFFFFFFFF8F
:20D1C000FFFFFFFFFFFFFFFFFFFFFFFFFFFFFFFFFFFFFFFFFFFFFFFFFFFFFFFFFFFFFFFF6F
:20D1E000FFFFFFFFFFFFFFFFFFFFFFFFFFFFFFFFFFFFFFFFFFFFFFFFFFFFFFFFFFFFFFFF4F
:20D20000FFFFFFFFFFFFFFFFFFFFFFFFFFFFFFFFFFFFFFFFFFFFFFFFFFFFFFFFFFFFFFFF2E
:20D22000FFFFFFFFFFFFFFFFFFFFFFFFFFFFFFFFFFFFFFFFFFFFFFFFFFFFFFFFFFFFFFFF0E
:20D24000FFFFFFFFFFFFFFFFFFFFFFFFFFFFFFFFFFFFFFFFFFFFFFFFFFFFFFFFFFFFFFFFEE
:20D26000FFFFFFFFFFFFFFFFFFFFFFFFFFFFFFFFFFFFFFFFFFFFFFFFFFFFFFFFFFFFFFFFCE
:20D28000FFFFFFFFFFFFFFFFFFFFFFFFFFFFFFFFFFFFFFFFFFFFFFFFFFFFFFFFFFFFFFFFAE
:20D2A000FFFFFFFFFFFFFFFFFFFFFFFFFFFFFFFFFFFFFFFFFFFFFFFFFFFFFFFFFFFFFFFF8E
:20D2C000FFFFFFFFFFFFFFFFFFFFFFFFFFFFFFFFFFFFFFFFFFFFFFFFFFFFFFFFFFFFFFFF6E
:20D2E000FFFFFFFFFFFFFFFFFFFFFFFFFFFFFFFFFFFFFFFFFFFFFFFFFFFFFFFFFFFFFFFF4E
:20D30000FFFFFFFFFFFFFFFFFFFFFFFFFFFFFFFFFFFFFFFFFFFFFFFFFFFFFFFFFFFFFFFF2D
:20D32000FFFFFFFFFFFFFFFFFFFFFFFFFFFFFFFFFFFFFFFFFFFFFFFFFFFFFFFFFFFFFFFF0D
:20D34000FFFFFFFFFFFFFFFFFFFFFFFFFFFFFFFFFFFFFFFFFFFFFFFFFFFFFFFFFFFFFFFFED
:20D36000FFFFFFFFFFFFFFFFFFFFFFFFFFFFFFFFFFFFFFFFFFFFFFFFFFFFFFFFFFFFFFFFCD
:20D38000FFFFFFFFFFFFFFFFFFFFFFFFFFFFFFFFFFFFFFFFFFFFFFFFFFFFFFFFFFFFFFFFAD
:20D3A000FFFFFFFFFFFFFFFFFFFFFFFFFFFFFFFFFFFFFFFFFFFFFFFFFFFFFFFFFFFFFFFF8D
:20D3C000FFFFFFFFFFFFFFFFFFFFFFFFFFFFFFFFFFFFFFFFFFFFFFFFFFFFFFFFFFFFFFFF6D
:20D3E000FFFFFFFFFFFFFFFFFFFFFFFFFFFFFFFFFFFFFFFFFFFFFFFFFFFFFFFFFFFFFFFF4D
:20D40000FFFFFFFFFFFFFFFFFFFFFFFFFFFFFFFFFFFFFFFFFFFFFFFFFFFFFFFFFFFFFFFF2C
:20D42000FFFFFFFFFFFFFFFFFFFFFFFFFFFFFFFFFFFFFFFFFFFFFFFFFFFFFFFFFFFFFFFF0C
:20D44000FFFFFFFFFFFFFFFFFFFFFFFFFFFFFFFFFFFFFFFFFFFFFFFFFFFFFFFFFFFFFFFFEC
:20D46000FFFFFFFFFFFFFFFFFFFFFFFFFFFFFFFFFFFFFFFFFFFFFFFFFFFFFFFFFFFFFFFFCC
:20D48000FFFFFFFFFFFFFFFFFFFFFFFFFFFFFFFFFFFFFFFFFFFFFFFFFFFFFFFFFFFFFFFFAC
:20D4A000FFFFFFFFFFFFFFFFFFFFFFFFFFFFFFFFFFFFFFFFFFFFFFFFFFFFFFFFFFFFFFFF8C
:20D4C000FFFFFFFFFFFFFFFFFFFFFFFFFFFFFFFFFFFFFFFFFFFFFFFFFFFFFFFFFFFFFFFF6C
:20D4E000FFFFFFFFFFFFFFFFFFFFFFFFFFFFFFFFFFFFFFFFFFFFFFFFFFFFFFFFFFFFFFFF4C
:20D50000FFFFFFFFFFFFFFFFFFFFFFFFFFFFFFFFFFFFFFFFFFFFFFFFFFFFFFFFFFFFFFFF2B
:20D52000FFFFFFFFFFFFFFFFFFFFFFFFFFFFFFFFFFFFFFFFFFFFFFFFFFFFFFFFFFFFFFFF0B
:20D54000FFFFFFFFFFFFFFFFFFFFFFFFFFFFFFFFFFFFFFFFFFFFFFFFFFFFFFFFFFFFFFFFEB
:20D56000FFFFFFFFFFFFFFFFFFFFFFFFFFFFFFFFFFFFFFFFFFFFFFFFFFFFFFFFFFFFFFFFCB
:20D58000FFFFFFFFFFFFFFFFFFFFFFFFFFFFFFFFFFFFFFFFFFFFFFFFFFFFFFFFFFFFFFFFAB
:20D5A000FFFFFFFFFFFFFFFFFFFFFFFFFFFFFFFFFFFFFFFFFFFFFFFFFFFFFFFFFFFFFFFF8B
:20D5C000FFFFFFFFFFFFFFFFFFFFFFFFFFFFFFFFFFFFFFFFFFFFFFFFFFFFFFFFFFFFFFFF6B
:20D5E000FFFFFFFFFFFFFFFFFFFFFFFFFFFFFFFFFFFFFFFFFFFFFFFFFFFFFFFFFFFFFFFF4B
:20D60000FFFFFFFFFFFFFFFFFFFFFFFFFFFFFFFFFFFFFFFFFFFFFFFFFFFFFFFFFFFFFFFF2A
:20D62000FFFFFFFFFFFFFFFFFFFFFFFFFFFFFFFFFFFFFFFFFFFFFFFFFFFFFFFFFFFFFFFF0A
:20D64000FFFFFFFFFFFFFFFFFFFFFFFFFFFFFFFFFFFFFFFFFFFFFFFFFFFFFFFFFFFFFFFFEA
:20D66000FFFFFFFFFFFFFFFFFFFFFFFFFFFFFFFFFFFFFFFFFFFFFFFFFFFFFFFFFFFFFFFFCA
:20D68000FFFFFFFFFFFFFFFFFFFFFFFFFFFFFFFFFFFFFFFFFFFFFFFFFFFFFFFFFFFFFFFFAA
:20D6A000FFFFFFFFFFFFFFFFFFFFFFFFFFFFFFFFFFFFFFFFFFFFFFFFFFFFFFFFFFFFFFFF8A
:20D6C000FFFFFFFFFFFFFFFFFFFFFFFFFFFFFFFFFFFFFFFFFFFFFFFFFFFFFFFFFFFFFFFF6A
:20D6E000FFFFFFFFFFFFFFFFFFFFFFFFFFFFFFFFFFFFFFFFFFFFFFFFFFFFFFFFFFFFFFFF4A
:20D70000FFFFFFFFFFFFFFFFFFFFFFFFFFFFFFFFFFFFFFFFFFFFFFFFFFFFFFFFFFFFFFFF29
:20D72000FFFFFFFFFFFFFFFFFFFFFFFFFFFFFFFFFFFFFFFFFFFFFFFFFFFFFFFFFFFFFFFF09
:20D74000FFFFFFFFFFFFFFFFFFFFFFFFFFFFFFFFFFFFFFFFFFFFFFFFFFFFFFFFFFFFFFFFE9
:20D76000FFFFFFFFFFFFFFFFFFFFFFFFFFFFFFFFFFFFFFFFFFFFFFFFFFFFFFFFFFFFFFFFC9
:20D78000FFFFFFFFFFFFFFFFFFFFFFFFFFFFFFFFFFFFFFFFFFFFFFFFFFFFFFFFFFFFFFFFA9
:20D7A000FFFFFFFFFFFFFFFFFFFFFFFFFFFFFFFFFFFFFFFFFFFFFFFFFFFFFFFFFFFFFFFF89
:20D7C000FFFFFFFFFFFFFFFFFFFFFFFFFFFFFFFFFFFFFFFFFFFFFFFFFFFFFFFFFFFFFFFF69
:20D7E000FFFFFFFFFFFFFFFFFFFFFFFFFFFFFFFFFFFFFFFFFFFFFFFFFFFFFFFFFFFFFFFF49
:20D80000FFFFFFFFFFFFFFFFFFFFFFFFFFFFFFFFFFFFFFFFFFFFFFFFFFFFFFFFFFFFFFFF28
:20D82000FFFFFFFFFFFFFFFFFFFFFFFFFFFFFFFFFFFFFFFFFFFFFFFFFFFFFFFFFFFFFFFF08
:20D84000FFFFFFFFFFFFFFFFFFFFFFFFFFFFFFFFFFFFFFFFFFFFFFFFFFFFFFFFFFFFFFFFE8
:20D86000FFFFFFFFFFFFFFFFFFFFFFFFFFFFFFFFFFFFFFFFFFFFFFFFFFFFFFFFFFFFFFFFC8
:20D88000FFFFFFFFFFFFFFFFFFFFFFFFFFFFFFFFFFFFFFFFFFFFFFFFFFFFFFFFFFFFFFFFA8
:20D8A000FFFFFFFFFFFFFFFFFFFFFFFFFFFFFFFFFFFFFFFFFFFFFFFFFFFFFFFFFFFFFFFF88
:20D8C000FFFFFFFFFFFFFFFFFFFFFFFFFFFFFFFFFFFFFFFFFFFFFFFFFFFFFFFFFFFFFFFF68
:20D8E000FFFFFFFFFFFFFFFFFFFFFFFFFFFFFFFFFFFFFFFFFFFFFFFFFFFFFFFFFFFFFFFF48
:20D90000FFFFFFFFFFFFFFFFFFFFFFFFFFFFFFFFFFFFFFFFFFFFFFFFFFFFFFFFFFFFFFFF27
:20D92000FFFFFFFFFFFFFFFFFFFFFFFFFFFFFFFFFFFFFFFFFFFFFFFFFFFFFFFFFFFFFFFF07
:20D94000FFFFFFFFFFFFFFFFFFFFFFFFFFFFFFFFFFFFFFFFFFFFFFFFFFFFFFFFFFFFFFFFE7
:20D96000FFFFFFFFFFFFFFFFFFFFFFFFFFFFFFFFFFFFFFFFFFFFFFFFFFFFFFFFFFFFFFFFC7
:20D98000FFFFFFFFFFFFFFFFFFFFFFFFFFFFFFFFFFFFFFFFFFFFFFFFFFFFFFFFFFFFFFFFA7
:20D9A000FFFFFFFFFFFFFFFFFFFFFFFFFFFFFFFFFFFFFFFFFFFFFFFFFFFFFFFFFFFFFFFF87
:20D9C000FFFFFFFFFFFFFFFFFFFFFFFFFFFFFFFFFFFFFFFFFFFFFFFFFFFFFFFFFFFFFFFF67
:20D9E000FFFFFFFFFFFFFFFFFFFFFFFFFFFFFFFFFFFFFFFFFFFFFFFFFFFFFFFFFFFFFFFF47
:20DA0000FFFFFFFFFFFFFFFFFFFFFFFFFFFFFFFFFFFFFFFFFFFFFFFFFFFFFFFFFFFFFFFF26
:20DA2000FFFFFFFFFFFFFFFFFFFFFFFFFFFFFFFFFFFFFFFFFFFFFFFFFFFFFFFFFFFFFFFF06
:20DA4000FFFFFFFFFFFFFFFFFFFFFFFFFFFFFFFFFFFFFFFFFFFFFFFFFFFFFFFFFFFFFFFFE6
:20DA6000FFFFFFFFFFFFFFFFFFFFFFFFFFFFFFFFFFFFFFFFFFFFFFFFFFFFFFFFFFFFFFFFC6
:20DA8000FFFFFFFFFFFFFFFFFFFFFFFFFFFFFFFFFFFFFFFFFFFFFFFFFFFFFFFFFFFFFFFFA6
:20DAA000FFFFFFFFFFFFFFFFFFFFFFFFFFFFFFFFFFFFFFFFFFFFFFFFFFFFFFFFFFFFFFFF86
:20DAC000FFFFFFFFFFFFFFFFFFFFFFFFFFFFFFFFFFFFFFFFFFFFFFFFFFFFFFFFFFFFFFFF66
:20DAE000FFFFFFFFFFFFFFFFFFFFFFFFFFFFFFFFFFFFFFFFFFFFFFFFFFFFFFFFFFFFFFFF46
:20DB0000FFFFFFFFFFFFFFFFFFFFFFFFFFFFFFFFFFFFFFFFFFFFFFFFFFFFFFFFFFFFFFFF25
:20DB2000FFFFFFFFFFFFFFFFFFFFFFFFFFFFFFFFFFFFFFFFFFFFFFFFFFFFFFFFFFFFFFFF05
:20DB4000FFFFFFFFFFFFFFFFFFFFFFFFFFFFFFFFFFFFFFFFFFFFFFFFFFFFFFFFFFFFFFFFE5
:20DB6000FFFFFFFFFFFFFFFFFFFFFFFFFFFFFFFFFFFFFFFFFFFFFFFFFFFFFFFFFFFFFFFFC5
:20DB8000FFFFFFFFFFFFFFFFFFFFFFFFFFFFFFFFFFFFFFFFFFFFFFFFFFFFFFFFFFFFFFFFA5
:20DBA000FFFFFFFFFFFFFFFFFFFFFFFFFFFFFFFFFFFFFFFFFFFFFFFFFFFFFFFFFFFFFFFF85
:20DBC000FFFFFFFFFFFFFFFFFFFFFFFFFFFFFFFFFFFFFFFFFFFFFFFFFFFFFFFFFFFFFFFF65
:20DBE000FFFFFFFFFFFFFFFFFFFFFFFFFFFFFFFFFFFFFFFFFFFFFFFFFFFFFFFFFFFFFFFF45
:20DC0000FFFFFFFFFFFFFFFFFFFFFFFFFFFFFFFFFFFFFFFFFFFFFFFFFFFFFFFFFFFFFFFF24
:20DC2000FFFFFFFFFFFFFFFFFFFFFFFFFFFFFFFFFFFFFFFFFFFFFFFFFFFFFFFFFFFFFFFF04
:20DC4000FFFFFFFFFFFFFFFFFFFFFFFFFFFFFFFFFFFFFFFFFFFFFFFFFFFFFFFFFFFFFFFFE4
:20DC6000FFFFFFFFFFFFFFFFFFFFFFFFFFFFFFFFFFFFFFFFFFFFFFFFFFFFFFFFFFFFFFFFC4
:20DC8000FFFFFFFFFFFFFFFFFFFFFFFFFFFFFFFFFFFFFFFFFFFFFFFFFFFFFFFFFFFFFFFFA4
:20DCA000FFFFFFFFFFFFFFFFFFFFFFFFFFFFFFFFFFFFFFFFFFFFFFFFFFFFFFFFFFFFFFFF84
:20DCC000FFFFFFFFFFFFFFFFFFFFFFFFFFFFFFFFFFFFFFFFFFFFFFFFFFFFFFFFFFFFFFFF64
:20DCE000FFFFFFFFFFFFFFFFFFFFFFFFFFFFFFFFFFFFFFFFFFFFFFFFFFFFFFFFFFFFFFFF44
:20DD0000FFFFFFFFFFFFFFFFFFFFFFFFFFFFFFFFFFFFFFFFFFFFFFFFFFFFFFFFFFFFFFFF23
:20DD2000FFFFFFFFFFFFFFFFFFFFFFFFFFFFFFFFFFFFFFFFFFFFFFFFFFFFFFFFFFFFFFFF03
:20DD4000FFFFFFFFFFFFFFFFFFFFFFFFFFFFFFFFFFFFFFFFFFFFFFFFFFFFFFFFFFFFFFFFE3
:20DD6000FFFFFFFFFFFFFFFFFFFFFFFFFFFFFFFFFFFFFFFFFFFFFFFFFFFFFFFFFFFFFFFFC3
:20DD8000FFFFFFFFFFFFFFFFFFFFFFFFFFFFFFFFFFFFFFFFFFFFFFFFFFFFFFFFFFFFFFFFA3
:20DDA000FFFFFFFFFFFFFFFFFFFFFFFFFFFFFFFFFFFFFFFFFFFFFFFFFFFFFFFFFFFFFFFF83
:20DDC000FFFFFFFFFFFFFFFFFFFFFFFFFFFFFFFFFFFFFFFFFFFFFFFFFFFFFFFFFFFFFFFF63
:20DDE000FFFFFFFFFFFFFFFFFFFFFFFFFFFFFFFFFFFFFFFFFFFFFFFFFFFFFFFFFFFFFFFF43
:20DE0000FFFFFFFFFFFFFFFFFFFFFFFFFFFFFFFFFFFFFFFFFFFFFFFFFFFFFFFFFFFFFFFF22
:20DE2000FFFFFFFFFFFFFFFFFFFFFFFFFFFFFFFFFFFFFFFFFFFFFFFFFFFFFFFFFFFFFFFF02
:20DE4000FFFFFFFFFFFFFFFFFFFFFFFFFFFFFFFFFFFFFFFFFFFFFFFFFFFFFFFFFFFFFFFFE2
:20DE6000FFFFFFFFFFFFFFFFFFFFFFFFFFFFFFFFFFFFFFFFFFFFFFFFFFFFFFFFFFFFFFFFC2
:20DE8000FFFFFFFFFFFFFFFFFFFFFFFFFFFFFFFFFFFFFFFFFFFFFFFFFFFFFFFFFFFFFFFFA2
:20DEA000FFFFFFFFFFFFFFFFFFFFFFFFFFFFFFFFFFFFFFFFFFFFFFFFFFFFFFFFFFFFFFFF82
:20DEC000FFFFFFFFFFFFFFFFFFFFFFFFFFFFFFFFFFFFFFFFFFFFFFFFFFFFFFFFFFFFFFFF62
:20DEE000FFFFFFFFFFFFFFFFFFFFFFFFFFFFFFFFFFFFFFFFFFFFFFFFFFFFFFFFFFFFFFFF42
:20DF0000FFFFFFFFFFFFFFFFFFFFFFFFFFFFFFFFFFFFFFFFFFFFFFFFFFFFFFFFFFFFFFFF21
:20DF2000FFFFFFFFFFFFFFFFFFFFFFFFFFFFFFFFFFFFFFFFFFFFFFFFFFFFFFFFFFFFFFFF01
:20DF4000FFFFFFFFFFFFFFFFFFFFFFFFFFFFFFFFFFFFFFFFFFFFFFFFFFFFFFFFFFFFFFFFE1
:20DF6000FFFFFFFFFFFFFFFFFFFFFFFFFFFFFFFFFFFFFFFFFFFFFFFFFFFFFFFFFFFFFFFFC1
:20DF8000FFFFFFFFFFFFFFFFFFFFFFFFFFFFFFFFFFFFFFFFFFFFFFFFFFFFFFFFFFFFFFFFA1
:20DFA000FFFFFFFFFFFFFFFFFFFFFFFFFFFFFFFFFFFFFFFFFFFFFFFFFFFFFFFFFFFFFFFF81
:20DFC000FFFFFFFFFFFFFFFFFFFFFFFFFFFFFFFFFFFFFFFFFFFFFFFFFFFFFFFFFFFFFFFF61
:20DFE000FFFFFFFFFFFFFFFFFFFFFFFFFFFFFFFFFFFFFFFFFFFFFFFFFFFFFFFFFFFFFFFF41
:20E00000FFFFFFFFFFFFFFFFFFFFFFFFFFFFFFFFFFFFFFFFFFFFFFFFFFFFFFFFFFFFFFFF20
:20E02000FFFFFFFFFFFFFFFFFFFFFFFFFFFFFFFFFFFFFFFFFFFFFFFFFFFFFFFFFFFFFFFF00
:20E04000FFFFFFFFFFFFFFFFFFFFFFFFFFFFFFFFFFFFFFFFFFFFFFFFFFFFFFFFFFFFFFFFE0
:20E06000FFFFFFFFFFFFFFFFFFFFFFFFFFFFFFFFFFFFFFFFFFFFFFFFFFFFFFFFFFFFFFFFC0
:20E08000FFFFFFFFFFFFFFFFFFFFFFFFFFFFFFFFFFFFFFFFFFFFFFFFFFFFFFFFFFFFFFFFA0
:20E0A000FFFFFFFFFFFFFFFFFFFFFFFFFFFFFFFFFFFFFFFFFFFFFFFFFFFFFFFFFFFFFFFF80
:20E0C000FFFFFFFFFFFFFFFFFFFFFFFFFFFFFFFFFFFFFFFFFFFFFFFFFFFFFFFFFFFFFFFF60
:20E0E000FFFFFFFFFFFFFFFFFFFFFFFFFFFFFFFFFFFFFFFFFFFFFFFFFFFFFFFFFFFFFFFF40
:20E10000FFFFFFFFFFFFFFFFFFFFFFFFFFFFFFFFFFFFFFFFFFFFFFFFFFFFFFFFFFFFFFFF1F
:20E12000FFFFFFFFFFFFFFFFFFFFFFFFFFFFFFFFFFFFFFFFFFFFFFFFFFFFFFFFFFFFFFFFFF
:20E14000FFFFFFFFFFFFFFFFFFFFFFFFFFFFFFFFFFFFFFFFFFFFFFFFFFFFFFFFFFFFFFFFDF
:20E16000FFFFFFFFFFFFFFFFFFFFFFFFFFFFFFFFFFFFFFFFFFFFFFFFFFFFFFFFFFFFFFFFBF
:20E18000FFFFFFFFFFFFFFFFFFFFFFFFFFFFFFFFFFFFFFFFFFFFFFFFFFFFFFFFFFFFFFFF9F
:20E1A000FFFFFFFFFFFFFFFFFFFFFFFFFFFFFFFFFFFFFFFFFFFFFFFFFFFFFFFFFFFFFFFF7F
:20E1C000FFFFFFFFFFFFFFFFFFFFFFFFFFFFFFFFFFFFFFFFFFFFFFFFFFFFFFFFFFFFFFFF5F
:20E1E000FFFFFFFFFFFFFFFFFFFFFFFFFFFFFFFFFFFFFFFFFFFFFFFFFFFFFFFFFFFFFFFF3F
:20E20000FFFFFFFFFFFFFFFFFFFFFFFFFFFFFFFFFFFFFFFFFFFFFFFFFFFFFFFFFFFFFFFF1E
:20E22000FFFFFFFFFFFFFFFFFFFFFFFFFFFFFFFFFFFFFFFFFFFFFFFFFFFFFFFFFFFFFFFFFE
:20E24000FFFFFFFFFFFFFFFFFFFFFFFFFFFFFFFFFFFFFFFFFFFFFFFFFFFFFFFFFFFFFFFFDE
:20E26000FFFFFFFFFFFFFFFFFFFFFFFFFFFFFFFFFFFFFFFFFFFFFFFFFFFFFFFFFFFFFFFFBE
:20E28000FFFFFFFFFFFFFFFFFFFFFFFFFFFFFFFFFFFFFFFFFFFFFFFFFFFFFFFFFFFFFFFF9E
:20E2A000FFFFFFFFFFFFFFFFFFFFFFFFFFFFFFFFFFFFFFFFFFFFFFFFFFFFFFFFFFFFFFFF7E
:20E2C000FFFFFFFFFFFFFFFFFFFFFFFFFFFFFFFFFFFFFFFFFFFFFFFFFFFFFFFFFFFFFFFF5E
:20E2E000FFFFFFFFFFFFFFFFFFFFFFFFFFFFFFFFFFFFFFFFFFFFFFFFFFFFFFFFFFFFFFFF3E
:20E30000FFFFFFFFFFFFFFFFFFFFFFFFFFFFFFFFFFFFFFFFFFFFFFFFFFFFFFFFFFFFFFFF1D
:20E32000FFFFFFFFFFFFFFFFFFFFFFFFFFFFFFFFFFFFFFFFFFFFFFFFFFFFFFFFFFFFFFFFFD
:20E34000FFFFFFFFFFFFFFFFFFFFFFFFFFFFFFFFFFFFFFFFFFFFFFFFFFFFFFFFFFFFFFFFDD
:20E36000FFFFFFFFFFFFFFFFFFFFFFFFFFFFFFFFFFFFFFFFFFFFFFFFFFFFFFFFFFFFFFFFBD
:20E38000FFFFFFFFFFFFFFFFFFFFFFFFFFFFFFFFFFFFFFFFFFFFFFFFFFFFFFFFFFFFFFFF9D
:20E3A000FFFFFFFFFFFFFFFFFFFFFFFFFFFFFFFFFFFFFFFFFFFFFFFFFFFFFFFFFFFFFFFF7D
:20E3C000FFFFFFFFFFFFFFFFFFFFFFFFFFFFFFFFFFFFFFFFFFFFFFFFFFFFFFFFFFFFFFFF5D
:20E3E000FFFFFFFFFFFFFFFFFFFFFFFFFFFFFFFFFFFFFFFFFFFFFFFFFFFFFFFFFFFFFFFF3D
:20E40000FFFFFFFFFFFFFFFFFFFFFFFFFFFFFFFFFFFFFFFFFFFFFFFFFFFFFFFFFFFFFFFF1C
:20E42000FFFFFFFFFFFFFFFFFFFFFFFFFFFFFFFFFFFFFFFFFFFFFFFFFFFFFFFFFFFFFFFFFC
:20E44000FFFFFFFFFFFFFFFFFFFFFFFFFFFFFFFFFFFFFFFFFFFFFFFFFFFFFFFFFFFFFFFFDC
:20E46000FFFFFFFFFFFFFFFFFFFFFFFFFFFFFFFFFFFFFFFFFFFFFFFFFFFFFFFFFFFFFFFFBC
:20E48000FFFFFFFFFFFFFFFFFFFFFFFFFFFFFFFFFFFFFFFFFFFFFFFFFFFFFFFFFFFFFFFF9C
:20E4A000FFFFFFFFFFFFFFFFFFFFFFFFFFFFFFFFFFFFFFFFFFFFFFFFFFFFFFFFFFFFFFFF7C
:20E4C000FFFFFFFFFFFFFFFFFFFFFFFFFFFFFFFFFFFFFFFFFFFFFFFFFFFFFFFFFFFFFFFF5C
:20E4E000FFFFFFFFFFFFFFFFFFFFFFFFFFFFFFFFFFFFFFFFFFFFFFFFFFFFFFFFFFFFFFFF3C
:20E50000FFFFFFFFFFFFFFFFFFFFFFFFFFFFFFFFFFFFFFFFFFFFFFFFFFFFFFFFFFFFFFFF1B
:20E52000FFFFFFFFFFFFFFFFFFFFFFFFFFFFFFFFFFFFFFFFFFFFFFFFFFFFFFFFFFFFFFFFFB
:20E54000FFFFFFFFFFFFFFFFFFFFFFFFFFFFFFFFFFFFFFFFFFFFFFFFFFFFFFFFFFFFFFFFDB
:20E56000FFFFFFFFFFFFFFFFFFFFFFFFFFFFFFFFFFFFFFFFFFFFFFFFFFFFFFFFFFFFFFFFBB
:20E58000FFFFFFFFFFFFFFFFFFFFFFFFFFFFFFFFFFFFFFFFFFFFFFFFFFFFFFFFFFFFFFFF9B
:20E5A000FFFFFFFFFFFFFFFFFFFFFFFFFFFFFFFFFFFFFFFFFFFFFFFFFFFFFFFFFFFFFFFF7B
:20E5C000FFFFFFFFFFFFFFFFFFFFFFFFFFFFFFFFFFFFFFFFFFFFFFFFFFFFFFFFFFFFFFFF5B
:20E5E000FFFFFFFFFFFFFFFFFFFFFFFFFFFFFFFFFFFFFFFFFFFFFFFFFFFFFFFFFFFFFFFF3B
:20E60000FFFFFFFFFFFFFFFFFFFFFFFFFFFFFFFFFFFFFFFFFFFFFFFFFFFFFFFFFFFFFFFF1A
:20E62000FFFFFFFFFFFFFFFFFFFFFFFFFFFFFFFFFFFFFFFFFFFFFFFFFFFFFFFFFFFFFFFFFA
:20E64000FFFFFFFFFFFFFFFFFFFFFFFFFFFFFFFFFFFFFFFFFFFFFFFFFFFFFFFFFFFFFFFFDA
:20E66000FFFFFFFFFFFFFFFFFFFFFFFFFFFFFFFFFFFFFFFFFFFFFFFFFFFFFFFFFFFFFFFFBA
:20E68000FFFFFFFFFFFFFFFFFFFFFFFFFFFFFFFFFFFFFFFFFFFFFFFFFFFFFFFFFFFFFFFF9A
:20E6A000FFFFFFFFFFFFFFFFFFFFFFFFFFFFFFFFFFFFFFFFFFFFFFFFFFFFFFFFFFFFFFFF7A
:20E6C000FFFFFFFFFFFFFFFFFFFFFFFFFFFFFFFFFFFFFFFFFFFFFFFFFFFFFFFFFFFFFFFF5A
:20E6E000FFFFFFFFFFFFFFFFFFFFFFFFFFFFFFFFFFFFFFFFFFFFFFFFFFFFFFFFFFFFFFFF3A
:20E70000FFFFFFFFFFFFFFFFFFFFFFFFFFFFFFFFFFFFFFFFFFFFFFFFFFFFFFFFFFFFFFFF19
:20E72000FFFFFFFFFFFFFFFFFFFFFFFFFFFFFFFFFFFFFFFFFFFFFFFFFFFFFFFFFFFFFFFFF9
:20E74000FFFFFFFFFFFFFFFFFFFFFFFFFFFFFFFFFFFFFFFFFFFFFFFFFFFFFFFFFFFFFFFFD9
:20E76000FFFFFFFFFFFFFFFFFFFFFFFFFFFFFFFFFFFFFFFFFFFFFFFFFFFFFFFFFFFFFFFFB9
:20E78000FFFFFFFFFFFFFFFFFFFFFFFFFFFFFFFFFFFFFFFFFFFFFFFFFFFFFFFFFFFFFFFF99
:20E7A000FFFFFFFFFFFFFFFFFFFFFFFFFFFFFFFFFFFFFFFFFFFFFFFFFFFFFFFFFFFFFFFF79
:20E7C000FFFFFFFFFFFFFFFFFFFFFFFFFFFFFFFFFFFFFFFFFFFFFFFFFFFFFFFFFFFFFFFF59
:20E7E000FFFFFFFFFFFFFFFFFFFFFFFFFFFFFFFFFFFFFFFFFFFFFFFFFFFFFFFFFFFFFFFF39
:20E80000FFFFFFFFFFFFFFFFFFFFFFFFFFFFFFFFFFFFFFFFFFFFFFFFFFFFFFFFFFFFFFFF18
:20E82000FFFFFFFFFFFFFFFFFFFFFFFFFFFFFFFFFFFFFFFFFFFFFFFFFFFFFFFFFFFFFFFFF8
:20E84000FFFFFFFFFFFFFFFFFFFFFFFFFFFFFFFFFFFFFFFFFFFFFFFFFFFFFFFFFFFFFFFFD8
:20E86000FFFFFFFFFFFFFFFFFFFFFFFFFFFFFFFFFFFFFFFFFFFFFFFFFFFFFFFFFFFFFFFFB8
:20E88000FFFFFFFFFFFFFFFFFFFFFFFFFFFFFFFFFFFFFFFFFFFFFFFFFFFFFFFFFFFFFFFF98
:20E8A000FFFFFFFFFFFFFFFFFFFFFFFFFFFFFFFFFFFFFFFFFFFFFFFFFFFFFFFFFFFFFFFF78
:20E8C000FFFFFFFFFFFFFFFFFFFFFFFFFFFFFFFFFFFFFFFFFFFFFFFFFFFFFFFFFFFFFFFF58
:20E8E000FFFFFFFFFFFFFFFFFFFFFFFFFFFFFFFFFFFFFFFFFFFFFFFFFFFFFFFFFFFFFFFF38
:20E90000FFFFFFFFFFFFFFFFFFFFFFFFFFFFFFFFFFFFFFFFFFFFFFFFFFFFFFFFFFFFFFFF17
:20E92000FFFFFFFFFFFFFFFFFFFFFFFFFFFFFFFFFFFFFFFFFFFFFFFFFFFFFFFFFFFFFFFFF7
:20E94000FFFFFFFFFFFFFFFFFFFFFFFFFFFFFFFFFFFFFFFFFFFFFFFFFFFFFFFFFFFFFFFFD7
:20E96000FFFFFFFFFFFFFFFFFFFFFFFFFFFFFFFFFFFFFFFFFFFFFFFFFFFFFFFFFFFFFFFFB7
:20E98000FFFFFFFFFFFFFFFFFFFFFFFFFFFFFFFFFFFFFFFFFFFFFFFFFFFFFFFFFFFFFFFF97
:20E9A000FFFFFFFFFFFFFFFFFFFFFFFFFFFFFFFFFFFFFFFFFFFFFFFFFFFFFFFFFFFFFFFF77
:20E9C000FFFFFFFFFFFFFFFFFFFFFFFFFFFFFFFFFFFFFFFFFFFFFFFFFFFFFFFFFFFFFFFF57
:20E9E000FFFFFFFFFFFFFFFFFFFFFFFFFFFFFFFFFFFFFFFFFFFFFFFFFFFFFFFFFFFFFFFF37
:20EA0000FFFFFFFFFFFFFFFFFFFFFFFFFFFFFFFFFFFFFFFFFFFFFFFFFFFFFFFFFFFFFFFF16
:20EA2000FFFFFFFFFFFFFFFFFFFFFFFFFFFFFFFFFFFFFFFFFFFFFFFFFFFFFFFFFFFFFFFFF6
:20EA4000FFFFFFFFFFFFFFFFFFFFFFFFFFFFFFFFFFFFFFFFFFFFFFFFFFFFFFFFFFFFFFFFD6
:20EA6000FFFFFFFFFFFFFFFFFFFFFFFFFFFFFFFFFFFFFFFFFFFFFFFFFFFFFFFFFFFFFFFFB6
:20EA8000FFFFFFFFFFFFFFFFFFFFFFFFFFFFFFFFFFFFFFFFFFFFFFFFFFFFFFFFFFFFFFFF96
:20EAA000FFFFFFFFFFFFFFFFFFFFFFFFFFFFFFFFFFFFFFFFFFFFFFFFFFFFFFFFFFFFFFFF76
:20EAC000FFFFFFFFFFFFFFFFFFFFFFFFFFFFFFFFFFFFFFFFFFFFFFFFFFFFFFFFFFFFFFFF56
:20EAE000FFFFFFFFFFFFFFFFFFFFFFFFFFFFFFFFFFFFFFFFFFFFFFFFFFFFFFFFFFFFFFFF36
:20EB0000FFFFFFFFFFFFFFFFFFFFFFFFFFFFFFFFFFFFFFFFFFFFFFFFFFFFFFFFFFFFFFFF15
:20EB2000FFFFFFFFFFFFFFFFFFFFFFFFFFFFFFFFFFFFFFFFFFFFFFFFFFFFFFFFFFFFFFFFF5
:20EB4000FFFFFFFFFFFFFFFFFFFFFFFFFFFFFFFFFFFFFFFFFFFFFFFFFFFFFFFFFFFFFFFFD5
:20EB6000FFFFFFFFFFFFFFFFFFFFFFFFFFFFFFFFFFFFFFFFFFFFFFFFFFFFFFFFFFFFFFFFB5
:20EB8000FFFFFFFFFFFFFFFFFFFFFFFFFFFFFFFFFFFFFFFFFFFFFFFFFFFFFFFFFFFFFFFF95
:20EBA000FFFFFFFFFFFFFFFFFFFFFFFFFFFFFFFFFFFFFFFFFFFFFFFFFFFFFFFFFFFFFFFF75
:20EBC000FFFFFFFFFFFFFFFFFFFFFFFFFFFFFFFFFFFFFFFFFFFFFFFFFFFFFFFFFFFFFFFF55
:20EBE000FFFFFFFFFFFFFFFFFFFFFFFFFFFFFFFFFFFFFFFFFFFFFFFFFFFFFFFFFFFFFFFF35
:20EC0000FFFFFFFFFFFFFFFFFFFFFFFFFFFFFFFFFFFFFFFFFFFFFFFFFFFFFFFFFFFFFFFF14
:20EC2000FFFFFFFFFFFFFFFFFFFFFFFFFFFFFFFFFFFFFFFFFFFFFFFFFFFFFFFFFFFFFFFFF4
:20EC4000FFFFFFFFFFFFFFFFFFFFFFFFFFFFFFFFFFFFFFFFFFFFFFFFFFFFFFFFFFFFFFFFD4
:20EC6000FFFFFFFFFFFFFFFFFFFFFFFFFFFFFFFFFFFFFFFFFFFFFFFFFFFFFFFFFFFFFFFFB4
:20EC8000FFFFFFFFFFFFFFFFFFFFFFFFFFFFFFFFFFFFFFFFFFFFFFFFFFFFFFFFFFFFFFFF94
:20ECA000FFFFFFFFFFFFFFFFFFFFFFFFFFFFFFFFFFFFFFFFFFFFFFFFFFFFFFFFFFFFFFFF74
:20ECC000FFFFFFFFFFFFFFFFFFFFFFFFFFFFFFFFFFFFFFFFFFFFFFFFFFFFFFFFFFFFFFFF54
:20ECE000FFFFFFFFFFFFFFFFFFFFFFFFFFFFFFFFFFFFFFFFFFFFFFFFFFFFFFFFFFFFFFFF34
:20ED0000FFFFFFFFFFFFFFFFFFFFFFFFFFFFFFFFFFFFFFFFFFFFFFFFFFFFFFFFFFFFFFFF13
:20ED2000FFFFFFFFFFFFFFFFFFFFFFFFFFFFFFFFFFFFFFFFFFFFFFFFFFFFFFFFFFFFFFFFF3
:20ED4000FFFFFFFFFFFFFFFFFFFFFFFFFFFFFFFFFFFFFFFFFFFFFFFFFFFFFFFFFFFFFFFFD3
:20ED6000FFFFFFFFFFFFFFFFFFFFFFFFFFFFFFFFFFFFFFFFFFFFFFFFFFFFFFFFFFFFFFFFB3
:20ED8000FFFFFFFFFFFFFFFFFFFFFFFFFFFFFFFFFFFFFFFFFFFFFFFFFFFFFFFFFFFFFFFF93
:20EDA000FFFFFFFFFFFFFFFFFFFFFFFFFFFFFFFFFFFFFFFFFFFFFFFFFFFFFFFFFFFFFFFF73
:20EDC000FFFFFFFFFFFFFFFFFFFFFFFFFFFFFFFFFFFFFFFFFFFFFFFFFFFFFFFFFFFFFFFF53
:20EDE000FFFFFFFFFFFFFFFFFFFFFFFFFFFFFFFFFFFFFFFFFFFFFFFFFFFFFFFFFFFFFFFF33
:20EE0000FFFFFFFFFFFFFFFFFFFFFFFFFFFFFFFFFFFFFFFFFFFFFFFFFFFFFFFFFFFFFFFF12
:20EE2000FFFFFFFFFFFFFFFFFFFFFFFFFFFFFFFFFFFFFFFFFFFFFFFFFFFFFFFFFFFFFFFFF2
:20EE4000FFFFFFFFFFFFFFFFFFFFFFFFFFFFFFFFFFFFFFFFFFFFFFFFFFFFFFFFFFFFFFFFD2
:20EE6000FFFFFFFFFFFFFFFFFFFFFFFFFFFFFFFFFFFFFFFFFFFFFFFFFFFFFFFFFFFFFFFFB2
:20EE8000FFFFFFFFFFFFFFFFFFFFFFFFFFFFFFFFFFFFFFFFFFFFFFFFFFFFFFFFFFFFFFFF92
:20EEA000FFFFFFFFFFFFFFFFFFFFFFFFFFFFFFFFFFFFFFFFFFFFFFFFFFFFFFFFFFFFFFFF72
:20EEC000FFFFFFFFFFFFFFFFFFFFFFFFFFFFFFFFFFFFFFFFFFFFFFFFFFFFFFFFFFFFFFFF52
:20EEE000FFFFFFFFFFFFFFFFFFFFFFFFFFFFFFFFFFFFFFFFFFFFFFFFFFFFFFFFFFFFFFFF32
:20EF0000FFFFFFFFFFFFFFFFFFFFFFFFFFFFFFFFFFFFFFFFFFFFFFFFFFFFFFFFFFFFFFFF11
:20EF2000FFFFFFFFFFFFFFFFFFFFFFFFFFFFFFFFFFFFFFFFFFFFFFFFFFFFFFFFFFFFFFFFF1
:20EF4000FFFFFFFFFFFFFFFFFFFFFFFFFFFFFFFFFFFFFFFFFFFFFFFFFFFFFFFFFFFFFFFFD1
:20EF6000FFFFFFFFFFFFFFFFFFFFFFFFFFFFFFFFFFFFFFFFFFFFFFFFFFFFFFFFFFFFFFFFB1
:20EF8000FFFFFFFFFFFFFFFFFFFFFFFFFFFFFFFFFFFFFFFFFFFFFFFFFFFFFFFFFFFFFFFF91
:20EFA000FFFFFFFFFFFFFFFFFFFFFFFFFFFFFFFFFFFFFFFFFFFFFFFFFFFFFFFFFFFFFFFF71
:20EFC000FFFFFFFFFFFFFFFFFFFFFFFFFFFFFFFFFFFFFFFFFFFFFFFFFFFFFFFFFFFFFFFF51
:20EFE000FFFFFFFFFFFFFFFFFFFFFFFFFFFFFFFFFFFFFFFFFFFFFFFFFFFFFFFFFFFFFFFF31
:20F00000FFFFFFFFFFFFFFFFFFFFFFFFFFFFFFFFFFFFFFFFFFFFFFFFFFFFFFFFFFFFFFFF10
:20F02000FFFFFFFFFFFFFFFFFFFFFFFFFFFFFFFFFFFFFFFFFFFFFFFFFFFFFFFFFFFFFFFFF0
:20F04000FFFFFFFFFFFFFFFFFFFFFFFFFFFFFFFFFFFFFFFFFFFFFFFFFFFFFFFFFFFFFFFFD0
:20F06000FFFFFFFFFFFFFFFFFFFFFFFFFFFFFFFFFFFFFFFFFFFFFFFFFFFFFFFFFFFFFFFFB0
:20F08000FFFFFFFFFFFFFFFFFFFFFFFFFFFFFFFFFFFFFFFFFFFFFFFFFFFFFFFFFFFFFFFF90
:20F0A000FFFFFFFFFFFFFFFFFFFFFFFFFFFFFFFFFFFFFFFFFFFFFFFFFFFFFFFFFFFFFFFF70
:20F0C000FFFFFFFFFFFFFFFFFFFFFFFFFFFFFFFFFFFFFFFFFFFFFFFFFFFFFFFFFFFFFFFF50
:20F0E000FFFFFFFFFFFFFFFFFFFFFFFFFFFFFFFFFFFFFFFFFFFFFFFFFFFFFFFFFFFFFFFF30
:20F10000FFFFFFFFFFFFFFFFFFFFFFFFFFFFFFFFFFFFFFFFFFFFFFFFFFFFFFFFFFFFFFFF0F
:20F12000FFFFFFFFFFFFFFFFFFFFFFFFFFFFFFFFFFFFFFFFFFFFFFFFFFFFFFFFFFFFFFFFEF
:20F14000FFFFFFFFFFFFFFFFFFFFFFFFFFFFFFFFFFFFFFFFFFFFFFFFFFFFFFFFFFFFFFFFCF
:20F16000FFFFFFFFFFFFFFFFFFFFFFFFFFFFFFFFFFFFFFFFFFFFFFFFFFFFFFFFFFFFFFFFAF
:20F18000FFFFFFFFFFFFFFFFFFFFFFFFFFFFFFFFFFFFFFFFFFFFFFFFFFFFFFFFFFFFFFFF8F
:20F1A000FFFFFFFFFFFFFFFFFFFFFFFFFFFFFFFFFFFFFFFFFFFFFFFFFFFFFFFFFFFFFFFF6F
:20F1C000FFFFFFFFFFFFFFFFFFFFFFFFFFFFFFFFFFFFFFFFFFFFFFFFFFFFFFFFFFFFFFFF4F
:20F1E000FFFFFFFFFFFFFFFFFFFFFFFFFFFFFFFFFFFFFFFFFFFFFFFFFFFFFFFFFFFFFFFF2F
:20F20000FFFFFFFFFFFFFFFFFFFFFFFFFFFFFFFFFFFFFFFFFFFFFFFFFFFFFFFFFFFFFFFF0E
:20F22000FFFFFFFFFFFFFFFFFFFFFFFFFFFFFFFFFFFFFFFFFFFFFFFFFFFFFFFFFFFFFFFFEE
:20F24000FFFFFFFFFFFFFFFFFFFFFFFFFFFFFFFFFFFFFFFFFFFFFFFFFFFFFFFFFFFFFFFFCE
:20F26000FFFFFFFFFFFFFFFFFFFFFFFFFFFFFFFFFFFFFFFFFFFFFFFFFFFFFFFFFFFFFFFFAE
:20F28000FFFFFFFFFFFFFFFFFFFFFFFFFFFFFFFFFFFFFFFFFFFFFFFFFFFFFFFFFFFFFFFF8E
:20F2A000FFFFFFFFFFFFFFFFFFFFFFFFFFFFFFFFFFFFFFFFFFFFFFFFFFFFFFFFFFFFFFFF6E
:20F2C000FFFFFFFFFFFFFFFFFFFFFFFFFFFFFFFFFFFFFFFFFFFFFFFFFFFFFFFFFFFFFFFF4E
:20F2E000FFFFFFFFFFFFFFFFFFFFFFFFFFFFFFFFFFFFFFFFFFFFFFFFFFFFFFFFFFFFFFFF2E
:20F30000FFFFFFFFFFFFFFFFFFFFFFFFFFFFFFFFFFFFFFFFFFFFFFFFFFFFFFFFFFFFFFFF0D
:20F32000FFFFFFFFFFFFFFFFFFFFFFFFFFFFFFFFFFFFFFFFFFFFFFFFFFFFFFFFFFFFFFFFED
:20F34000FFFFFFFFFFFFFFFFFFFFFFFFFFFFFFFFFFFFFFFFFFFFFFFFFFFFFFFFFFFFFFFFCD
:20F36000FFFFFFFFFFFFFFFFFFFFFFFFFFFFFFFFFFFFFFFFFFFFFFFFFFFFFFFFFFFFFFFFAD
:20F38000FFFFFFFFFFFFFFFFFFFFFFFFFFFFFFFFFFFFFFFFFFFFFFFFFFFFFFFFFFFFFFFF8D
:20F3A000FFFFFFFFFFFFFFFFFFFFFFFFFFFFFFFFFFFFFFFFFFFFFFFFFFFFFFFFFFFFFFFF6D
:20F3C000FFFFFFFFFFFFFFFFFFFFFFFFFFFFFFFFFFFFFFFFFFFFFFFFFFFFFFFFFFFFFFFF4D
:20F3E000FFFFFFFFFFFFFFFFFFFFFFFFFFFFFFFFFFFFFFFFFFFFFFFFFFFFFFFFFFFFFFFF2D
:20F40000FFFFFFFFFFFFFFFFFFFFFFFFFFFFFFFFFFFFFFFFFFFFFFFFFFFFFFFFFFFFFFFF0C
:20F42000FFFFFFFFFFFFFFFFFFFFFFFFFFFFFFFFFFFFFFFFFFFFFFFFFFFFFFFFFFFFFFFFEC
:20F44000FFFFFFFFFFFFFFFFFFFFFFFFFFFFFFFFFFFFFFFFFFFFFFFFFFFFFFFFFFFFFFFFCC
:20F46000FFFFFFFFFFFFFFFFFFFFFFFFFFFFFFFFFFFFFFFFFFFFFFFFFFFFFFFFFFFFFFFFAC
:20F48000FFFFFFFFFFFFFFFFFFFFFFFFFFFFFFFFFFFFFFFFFFFFFFFFFFFFFFFFFFFFFFFF8C
:20F4A000FFFFFFFFFFFFFFFFFFFFFFFFFFFFFFFFFFFFFFFFFFFFFFFFFFFFFFFFFFFFFFFF6C
:20F4C000FFFFFFFFFFFFFFFFFFFFFFFFFFFFFFFFFFFFFFFFFFFFFFFFFFFFFFFFFFFFFFFF4C
:20F4E000FFFFFFFFFFFFFFFFFFFFFFFFFFFFFFFFFFFFFFFFFFFFFFFFFFFFFFFFFFFFFFFF2C
:20F50000FFFFFFFFFFFFFFFFFFFFFFFFFFFFFFFFFFFFFFFFFFFFFFFFFFFFFFFFFFFFFFFF0B
:20F52000FFFFFFFFFFFFFFFFFFFFFFFFFFFFFFFFFFFFFFFFFFFFFFFFFFFFFFFFFFFFFFFFEB
:20F54000FFFFFFFFFFFFFFFFFFFFFFFFFFFFFFFFFFFFFFFFFFFFFFFFFFFFFFFFFFFFFFFFCB
:20F56000FFFFFFFFFFFFFFFFFFFFFFFFFFFFFFFFFFFFFFFFFFFFFFFFFFFFFFFFFFFFFFFFAB
:20F58000FFFFFFFFFFFFFFFFFFFFFFFFFFFFFFFFFFFFFFFFFFFFFFFFFFFFFFFFFFFFFFFF8B
:20F5A000FFFFFFFFFFFFFFFFFFFFFFFFFFFFFFFFFFFFFFFFFFFFFFFFFFFFFFFFFFFFFFFF6B
:20F5C000FFFFFFFFFFFFFFFFFFFFFFFFFFFFFFFFFFFFFFFFFFFFFFFFFFFFFFFFFFFFFFFF4B
:20F5E000FFFFFFFFFFFFFFFFFFFFFFFFFFFFFFFFFFFFFFFFFFFFFFFFFFFFFFFFFFFFFFFF2B
:20F60000FFFFFFFFFFFFFFFFFFFFFFFFFFFFFFFFFFFFFFFFFFFFFFFFFFFFFFFFFFFFFFFF0A
:20F62000FFFFFFFFFFFFFFFFFFFFFFFFFFFFFFFFFFFFFFFFFFFFFFFFFFFFFFFFFFFFFFFFEA
:20F64000FFFFFFFFFFFFFFFFFFFFFFFFFFFFFFFFFFFFFFFFFFFFFFFFFFFFFFFFFFFFFFFFCA
:20F66000FFFFFFFFFFFFFFFFFFFFFFFFFFFFFFFFFFFFFFFFFFFFFFFFFFFFFFFFFFFFFFFFAA
:20F68000FFFFFFFFFFFFFFFFFFFFFFFFFFFFFFFFFFFFFFFFFFFFFFFFFFFFFFFFFFFFFFFF8A
:20F6A000FFFFFFFFFFFFFFFFFFFFFFFFFFFFFFFFFFFFFFFFFFFFFFFFFFFFFFFFFFFFFFFF6A
:20F6C000FFFFFFFFFFFFFFFFFFFFFFFFFFFFFFFFFFFFFFFFFFFFFFFFFFFFFFFFFFFFFFFF4A
:20F6E000FFFFFFFFFFFFFFFFFFFFFFFFFFFFFFFFFFFFFFFFFFFFFFFFFFFFFFFFFFFFFFFF2A
:20F70000FFFFFFFFFFFFFFFFFFFFFFFFFFFFFFFFFFFFFFFFFFFFFFFFFFFFFFFFFFFFFFFF09
:20F72000FFFFFFFFFFFFFFFFFFFFFFFFFFFFFFFFFFFFFFFFFFFFFFFFFFFFFFFFFFFFFFFFE9
:20F74000FFFFFFFFFFFFFFFFFFFFFFFFFFFFFFFFFFFFFFFFFFFFFFFFFFFFFFFFFFFFFFFFC9
:20F76000FFFFFFFFFFFFFFFFFFFFFFFFFFFFFFFFFFFFFFFFFFFFFFFFFFFFFFFFFFFFFFFFA9
:20F78000FFFFFFFFFFFFFFFFFFFFFFFFFFFFFFFFFFFFFFFFFFFFFFFFFFFFFFFFFFFFFFFF89
:20F7A000FFFFFFFFFFFFFFFFFFFFFFFFFFFFFFFFFFFFFFFFFFFFFFFFFFFFFFFFFFFFFFFF69
:20F7C000FFFFFFFFFFFFFFFFFFFFFFFFFFFFFFFFFFFFFFFFFFFFFFFFFFFFFFFFFFFFFFFF49
:20F7E000FFFFFFFFFFFFFFFFFFFFFFFFFFFFFFFFFFFFFFFFFFFFFFFFFFFFFFFFFFFFFFFF29
:20F80000FFFFFFFFFFFFFFFFFFFFFFFFFFFFFFFFFFFFFFFFFFFFFFFFFFFFFFFFFFFFFFFF08
:20F82000FFFFFFFFFFFFFFFFFFFFFFFFFFFFFFFFFFFFFFFFFFFFFFFFFFFFFFFFFFFFFFFFE8
:20F84000FFFFFFFFFFFFFFFFFFFFFFFFFFFFFFFFFFFFFFFFFFFFFFFFFFFFFFFFFFFFFFFFC8
:20F86000FFFFFFFFFFFFFFFFFFFFFFFFFFFFFFFFFFFFFFFFFFFFFFFFFFFFFFFFFFFFFFFFA8
:20F88000FFFFFFFFFFFFFFFFFFFFFFFFFFFFFFFFFFFFFFFFFFFFFFFFFFFFFFFFFFFFFFFF88
:20F8A000FFFFFFFFFFFFFFFFFFFFFFFFFFFFFFFFFFFFFFFFFFFFFFFFFFFFFFFFFFFFFFFF68
:20F8C000FFFFFFFFFFFFFFFFFFFFFFFFFFFFFFFFFFFFFFFFFFFFFFFFFFFFFFFFFFFFFFFF48
:20F8E000FFFFFFFFFFFFFFFFFFFFFFFFFFFFFFFFFFFFFFFFFFFFFFFFFFFFFFFFFFFFFFFF28
:20F90000FFFFFFFFFFFFFFFFFFFFFFFFFFFFFFFFFFFFFFFFFFFFFFFFFFFFFFFFFFFFFFFF07
:20F92000FFFFFFFFFFFFFFFFFFFFFFFFFFFFFFFFFFFFFFFFFFFFFFFFFFFFFFFFFFFFFFFFE7
:20F94000FFFFFFFFFFFFFFFFFFFFFFFFFFFFFFFFFFFFFFFFFFFFFFFFFFFFFFFFFFFFFFFFC7
:20F96000FFFFFFFFFFFFFFFFFFFFFFFFFFFFFFFFFFFFFFFFFFFFFFFFFFFFFFFFFFFFFFFFA7
:20F98000FFFFFFFFFFFFFFFFFFFFFFFFFFFFFFFFFFFFFFFFFFFFFFFFFFFFFFFFFFFFFFFF87
:20F9A000FFFFFFFFFFFFFFFFFFFFFFFFFFFFFFFFFFFFFFFFFFFFFFFFFFFFFFFFFFFFFFFF67
:20F9C000FFFFFFFFFFFFFFFFFFFFFFFFFFFFFFFFFFFFFFFFFFFFFFFFFFFFFFFFFFFFFFFF47
:20F9E000FFFFFFFFFFFFFFFFFFFFFFFFFFFFFFFFFFFFFFFFFFFFFFFFFFFFFFFFFFFFFFFF27
:20FA0000FFFFFFFFFFFFFFFFFFFFFFFFFFFFFFFFFFFFFFFFFFFFFFFFFFFFFFFFFFFFFFFF06
:20FA2000FFFFFFFFFFFFFFFFFFFFFFFFFFFFFFFFFFFFFFFFFFFFFFFFFFFFFFFFFFFFFFFFE6
:20FA4000FFFFFFFFFFFFFFFFFFFFFFFFFFFFFFFFFFFFFFFFFFFFFFFFFFFFFFFFFFFFFFFFC6
:20FA6000FFFFFFFFFFFFFFFFFFFFFFFFFFFFFFFFFFFFFFFFFFFFFFFFFFFFFFFFFFFFFFFFA6
:20FA8000FFFFFFFFFFFFFFFFFFFFFFFFFFFFFFFFFFFFFFFFFFFFFFFFFFFFFFFFFFFFFFFF86
:20FAA000FFFFFFFFFFFFFFFFFFFFFFFFFFFFFFFFFFFFFFFFFFFFFFFFFFFFFFFFFFFFFFFF66
:20FAC000FFFFFFFFFFFFFFFFFFFFFFFFFFFFFFFFFFFFFFFFFFFFFFFFFFFFFFFFFFFFFFFF46
:20FAE000FFFFFFFFFFFFFFFFFFFFFFFFFFFFFFFFFFFFFFFFFFFFFFFFFFFFFFFFFFFFFFFF26
:20FB0000FFFFFFFFFFFFFFFFFFFFFFFFFFFFFFFFFFFFFFFFFFFFFFFFFFFFFFFFFFFFFFFF05
:20FB2000FFFFFFFFFFFFFFFFFFFFFFFFFFFFFFFFFFFFFFFFFFFFFFFFFFFFFFFFFFFFFFFFE5
:20FB4000FFFFFFFFFFFFFFFFFFFFFFFFFFFFFFFFFFFFFFFFFFFFFFFFFFFFFFFFFFFFFFFFC5
:20FB6000FFFFFFFFFFFFFFFFFFFFFFFFFFFFFFFFFFFFFFFFFFFFFFFFFFFFFFFFFFFFFFFFA5
:20FB8000FFFFFFFFFFFFFFFFFFFFFFFFFFFFFFFFFFFFFFFFFFFFFFFFFFFFFFFFFFFFFFFF85
:20FBA000FFFFFFFFFFFFFFFFFFFFFFFFFFFFFFFFFFFFFFFFFFFFFFFFFFFFFFFFFFFFFFFF65
:20FBC000FFFFFFFFFFFFFFFFFFFFFFFFFFFFFFFFFFFFFFFFFFFFFFFFFFFFFFFFFFFFFFFF45
:20FBE000FFFFFFFFFFFFFFFFFFFFFFFFFFFFFFFFFFFFFFFFFFFFFFFFFFFFFFFFFFFFFFFF25
:20FC0000FFFFFFFFFFFFFFFFFFFFFFFFFFFFFFFFFFFFFFFFFFFFFFFFFFFFFFFFFFFFFFFF04
:20FC2000FFFFFFFFFFFFFFFFFFFFFFFFFFFFFFFFFFFFFFFFFFFFFFFFFFFFFFFFFFFFFFFFE4
:20FC4000FFFFFFFFFFFFFFFFFFFFFFFFFFFFFFFFFFFFFFFFFFFFFFFFFFFFFFFFFFFFFFFFC4
:20FC6000FFFFFFFFFFFFFFFFFFFFFFFFFFFFFFFFFFFFFFFFFFFFFFFFFFFFFFFFFFFFFFFFA4
:20FC8000FFFFFFFFFFFFFFFFFFFFFFFFFFFFFFFFFFFFFFFFFFFFFFFFFFFFFFFFFFFFFFFF84
:20FCA000FFFFFFFFFFFFFFFFFFFFFFFFFFFFFFFFFFFFFFFFFFFFFFFFFFFFFFFFFFFFFFFF64
:20FCC000FFFFFFFFFFFFFFFFFFFFFFFFFFFFFFFFFFFFFFFFFFFFFFFFFFFFFFFFFFFFFFFF44
:20FCE000FFFFFFFFFFFFFFFFFFFFFFFFFFFFFFFFFFFFFFFFFFFFFFFFFFFFFFFFFFFFFFFF24
:20FD0000FFFFFFFFFFFFFFFFFFFFFFFFFFFFFFFFFFFFFFFFFFFFFFFFFFFFFFFFFFFFFFFF03
:20FD2000FFFFFFFFFFFFFFFFFFFFFFFFFFFFFFFFFFFFFFFFFFFFFFFFFFFFFFFFFFFFFFFFE3
:20FD4000FFFFFFFFFFFFFFFFFFFFFFFFFFFFFFFFFFFFFFFFFFFFFFFFFFFFFFFFFFFFFFFFC3
:20FD6000FFFFFFFFFFFFFFFFFFFFFFFFFFFFFFFFFFFFFFFFFFFFFFFFFFFFFFFFFFFFFFFFA3
:20FD8000FFFFFFFFFFFFFFFFFFFFFFFFFFFFFFFFFFFFFFFFFFFFFFFFFFFFFFFFFFFFFFFF83
:20FDA000FFFFFFFFFFFFFFFFFFFFFFFFFFFFFFFFFFFFFFFFFFFFFFFFFFFFFFFFFFFFFFFF63
:20FDC000FFFFFFFFFFFFFFFFFFFFFFFFFFFFFFFFFFFFFFFFFFFFFFFFFFFFFFFFFFFFFFFF43
:20FDE000FFFFFFFFFFFFFFFFFFFFFFFFFFFFFFFFFFFFFFFFFFFFFFFFFFFFFFFFFFFFFFFF23
:20FE0000FFFFFFFFFFFFFFFFFFFFFFFFFFFFFFFFFFFFFFFFFFFFFFFFFFFFFFFFFFFFFFFF02
:20FE2000FFFFFFFFFFFFFFFFFFFFFFFFFFFFFFFFFFFFFFFFFFFFFFFFFFFFFFFFFFFFFFFFE2
:20FE4000FFFFFFFFFFFFFFFFFFFFFFFFFFFFFFFFFFFFFFFFFFFFFFFFFFFFFFFFFFFFFFFFC2
:20FE6000FFFFFFFFFFFFFFFFFFFFFFFFFFFFFFFFFFFFFFFFFFFFFFFFFFFFFFFFFFFFFFFFA2
:20FE8000FFFFFFFFFFFFFFFFFFFFFFFFFFFFFFFFFFFFFFFFFFFFFFFFFFFFFFFFFFFFFFFF82
:20FEA000FFFFFFFFFFFFFFFFFFFFFFFFFFFFFFFFFFFFFFFFFFFFFFFFFFFFFFFFFFFFFFFF62
:20FEC000FFFFFFFFFFFFFFFFFFFFFFFFFFFFFFFFFFFFFFFFFFFFFFFFFFFFFFFFFFFFFFFF42
:20FEE000FFFFFFFFFFFFFFFFFFFFFFFFFFFFFFFFFFFFFFFFFFFFFFFFFFFFFFFFFFFFFFFF22
:20FF0000FFFFFFFFFFFFFFFFFFFFFFFFFFFFFFFFFFFFFFFFFFFFFFFFFFFFFFFFFFFFFFFF01
:20FF2000FFFFFFFFFFFFFFFFFFFFFFFFFFFFFFFFFFFFFFFFFFFFFFFFFFFFFFFFFFFFFFFFE1
:20FF4000FFFFFFFFFFFFFFFFFFFFFFFFFFFFFFFFFFFFFFFFFFFFFFFFFFFFFFFFFFFFFFFFC1
:20FF6000FFFFFFFFFFFFFFFFFFFFFFFFFFFFFFFFFFFFFFFFFFFFFFFFFFFFFFFFFFFFFFFFA1
:20FF8000FFFFFFFFFFFFFFFFFFFFFFFFFFFFFFFFFFFFFFFFFFFFFFFFFFFFFFFFFFFFFFFF81
:20FFA000FFFFFFFFFFFFFFFFFFFFFFFFFFFFFFFFFFFFFFFFFFFFFFFFFFFFFFFFFFFFFFFF61
:20FFC000FFFFFFFFFFFFFFFFFFFFFFFFFFFFFFFFFFFFFFFFFFFFFFFFFFFFFFFFFFFFFFFF41
:20FFE000FFFFFFFFFFFFFFFFFFFFFFFFFFFFFFFFFFFFFFFFFFFFFFFFFFFFFFFFFFFFFFFF21
:020000040803EF
:20000000FFFFFFFFFFFFFFFFFFFFFFFFFFFFFFFFFFFFFFFFFFFFFFFFFFFFFFFFFFFFFFFF00
:20002000FFFFFFFFFFFFFFFFFFFFFFFFFFFFFFFFFFFFFFFFFFFFFFFFFFFFFFFFFFFFFFFFE0
:20004000FFFFFFFFFFFFFFFFFFFFFFFFFFFFFFFFFFFFFFFFFFFFFFFFFFFFFFFFFFFFFFFFC0
:20006000FFFFFFFFFFFFFFFFFFFFFFFFFFFFFFFFFFFFFFFFFFFFFFFFFFFFFFFFFFFFFFFFA0
:20008000FFFFFFFFFFFFFFFFFFFFFFFFFFFFFFFFFFFFFFFFFFFFFFFFFFFFFFFFFFFFFFFF80
:2000A000FFFFFFFFFFFFFFFFFFFFFFFFFFFFFFFFFFFFFFFFFFFFFFFFFFFFFFFFFFFFFFFF60
:2000C000FFFFFFFFFFFFFFFFFFFFFFFFFFFFFFFFFFFFFFFFFFFFFFFFFFFFFFFFFFFFFFFF40
:2000E000FFFFFFFFFFFFFFFFFFFFFFFFFFFFFFFFFFFFFFFFFFFFFFFFFFFFFFFFFFFFFFFF20
:20010000FFFFFFFFFFFFFFFFFFFFFFFFFFFFFFFFFFFFFFFFFFFFFFFFFFFFFFFFFFFFFFFFFF
:20012000FFFFFFFFFFFFFFFFFFFFFFFFFFFFFFFFFFFFFFFFFFFFFFFFFFFFFFFFFFFFFFFFDF
:20014000FFFFFFFFFFFFFFFFFFFFFFFFFFFFFFFFFFFFFFFFFFFFFFFFFFFFFFFFFFFFFFFFBF
:20016000FFFFFFFFFFFFFFFFFFFFFFFFFFFFFFFFFFFFFFFFFFFFFFFFFFFFFFFFFFFFFFFF9F
:20018000FFFFFFFFFFFFFFFFFFFFFFFFFFFFFFFFFFFFFFFFFFFFFFFFFFFFFFFFFFFFFFFF7F
:2001A000FFFFFFFFFFFFFFFFFFFFFFFFFFFFFFFFFFFFFFFFFFFFFFFFFFFFFFFFFFFFFFFF5F
:2001C000FFFFFFFFFFFFFFFFFFFFFFFFFFFFFFFFFFFFFFFFFFFFFFFFFFFFFFFFFFFFFFFF3F
:2001E000FFFFFFFFFFFFFFFFFFFFFFFFFFFFFFFFFFFFFFFFFFFFFFFFFFFFFFFFFFFFFFFF1F
:20020000FFFFFFFFFFFFFFFFFFFFFFFFFFFFFFFFFFFFFFFFFFFFFFFFFFFFFFFFFFFFFFFFFE
:20022000FFFFFFFFFFFFFFFFFFFFFFFFFFFFFFFFFFFFFFFFFFFFFFFFFFFFFFFFFFFFFFFFDE
:20024000FFFFFFFFFFFFFFFFFFFFFFFFFFFFFFFFFFFFFFFFFFFFFFFFFFFFFFFFFFFFFFFFBE
:20026000FFFFFFFFFFFFFFFFFFFFFFFFFFFFFFFFFFFFFFFFFFFFFFFFFFFFFFFFFFFFFFFF9E
:20028000FFFFFFFFFFFFFFFFFFFFFFFFFFFFFFFFFFFFFFFFFFFFFFFFFFFFFFFFFFFFFFFF7E
:2002A000FFFFFFFFFFFFFFFFFFFFFFFFFFFFFFFFFFFFFFFFFFFFFFFFFFFFFFFFFFFFFFFF5E
:2002C000FFFFFFFFFFFFFFFFFFFFFFFFFFFFFFFFFFFFFFFFFFFFFFFFFFFFFFFFFFFFFFFF3E
:2002E000FFFFFFFFFFFFFFFFFFFFFFFFFFFFFFFFFFFFFFFFFFFFFFFFFFFFFFFFFFFFFFFF1E
:20030000FFFFFFFFFFFFFFFFFFFFFFFFFFFFFFFFFFFFFFFFFFFFFFFFFFFFFFFFFFFFFFFFFD
:20032000FFFFFFFFFFFFFFFFFFFFFFFFFFFFFFFFFFFFFFFFFFFFFFFFFFFFFFFFFFFFFFFFDD
:20034000FFFFFFFFFFFFFFFFFFFFFFFFFFFFFFFFFFFFFFFFFFFFFFFFFFFFFFFFFFFFFFFFBD
:20036000FFFFFFFFFFFFFFFFFFFFFFFFFFFFFFFFFFFFFFFFFFFFFFFFFFFFFFFFFFFFFFFF9D
:20038000FFFFFFFFFFFFFFFFFFFFFFFFFFFFFFFFFFFFFFFFFFFFFFFFFFFFFFFFFFFFFFFF7D
:2003A000FFFFFFFFFFFFFFFFFFFFFFFFFFFFFFFFFFFFFFFFFFFFFFFFFFFFFFFFFFFFFFFF5D
:2003C000FFFFFFFFFFFFFFFFFFFFFFFFFFFFFFFFFFFFFFFFFFFFFFFFFFFFFFFFFFFFFFFF3D
:2003E000FFFFFFFFFFFFFFFFFFFFFFFFFFFFFFFFFFFFFFFFFFFFFFFFFFFFFFFFFFFFFFFF1D
:20040000FFFFFFFFFFFFFFFFFFFFFFFFFFFFFFFFFFFFFFFFFFFFFFFFFFFFFFFFFFFFFFFFFC
:20042000FFFFFFFFFFFFFFFFFFFFFFFFFFFFFFFFFFFFFFFFFFFFFFFFFFFFFFFFFFFFFFFFDC
:20044000FFFFFFFFFFFFFFFFFFFFFFFFFFFFFFFFFFFFFFFFFFFFFFFFFFFFFFFFFFFFFFFFBC
:20046000FFFFFFFFFFFFFFFFFFFFFFFFFFFFFFFFFFFFFFFFFFFFFFFFFFFFFFFFFFFFFFFF9C
:20048000FFFFFFFFFFFFFFFFFFFFFFFFFFFFFFFFFFFFFFFFFFFFFFFFFFFFFFFFFFFFFFFF7C
:2004A000FFFFFFFFFFFFFFFFFFFFFFFFFFFFFFFFFFFFFFFFFFFFFFFFFFFFFFFFFFFFFFFF5C
:2004C000FFFFFFFFFFFFFFFFFFFFFFFFFFFFFFFFFFFFFFFFFFFFFFFFFFFFFFFFFFFFFFFF3C
:2004E000FFFFFFFFFFFFFFFFFFFFFFFFFFFFFFFFFFFFFFFFFFFFFFFFFFFFFFFFFFFFFFFF1C
:20050000FFFFFFFFFFFFFFFFFFFFFFFFFFFFFFFFFFFFFFFFFFFFFFFFFFFFFFFFFFFFFFFFFB
:20052000FFFFFFFFFFFFFFFFFFFFFFFFFFFFFFFFFFFFFFFFFFFFFFFFFFFFFFFFFFFFFFFFDB
:20054000FFFFFFFFFFFFFFFFFFFFFFFFFFFFFFFFFFFFFFFFFFFFFFFFFFFFFFFFFFFFFFFFBB
:20056000FFFFFFFFFFFFFFFFFFFFFFFFFFFFFFFFFFFFFFFFFFFFFFFFFFFFFFFFFFFFFFFF9B
:20058000FFFFFFFFFFFFFFFFFFFFFFFFFFFFFFFFFFFFFFFFFFFFFFFFFFFFFFFFFFFFFFFF7B
:2005A000FFFFFFFFFFFFFFFFFFFFFFFFFFFFFFFFFFFFFFFFFFFFFFFFFFFFFFFFFFFFFFFF5B
:2005C000FFFFFFFFFFFFFFFFFFFFFFFFFFFFFFFFFFFFFFFFFFFFFFFFFFFFFFFFFFFFFFFF3B
:2005E000FFFFFFFFFFFFFFFFFFFFFFFFFFFFFFFFFFFFFFFFFFFFFFFFFFFFFFFFFFFFFFFF1B
:20060000FFFFFFFFFFFFFFFFFFFFFFFFFFFFFFFFFFFFFFFFFFFFFFFFFFFFFFFFFFFFFFFFFA
:20062000FFFFFFFFFFFFFFFFFFFFFFFFFFFFFFFFFFFFFFFFFFFFFFFFFFFFFFFFFFFFFFFFDA
:20064000FFFFFFFFFFFFFFFFFFFFFFFFFFFFFFFFFFFFFFFFFFFFFFFFFFFFFFFFFFFFFFFFBA
:20066000FFFFFFFFFFFFFFFFFFFFFFFFFFFFFFFFFFFFFFFFFFFFFFFFFFFFFFFFFFFFFFFF9A
:20068000FFFFFFFFFFFFFFFFFFFFFFFFFFFFFFFFFFFFFFFFFFFFFFFFFFFFFFFFFFFFFFFF7A
:2006A000FFFFFFFFFFFFFFFFFFFFFFFFFFFFFFFFFFFFFFFFFFFFFFFFFFFFFFFFFFFFFFFF5A
:2006C000FFFFFFFFFFFFFFFFFFFFFFFFFFFFFFFFFFFFFFFFFFFFFFFFFFFFFFFFFFFFFFFF3A
:2006E000FFFFFFFFFFFFFFFFFFFFFFFFFFFFFFFFFFFFFFFFFFFFFFFFFFFFFFFFFFFFFFFF1A
:20070000FFFFFFFFFFFFFFFFFFFFFFFFFFFFFFFFFFFFFFFFFFFFFFFFFFFFFFFFFFFFFFFFF9
:20072000FFFFFFFFFFFFFFFFFFFFFFFFFFFFFFFFFFFFFFFFFFFFFFFFFFFFFFFFFFFFFFFFD9
:20074000FFFFFFFFFFFFFFFFFFFFFFFFFFFFFFFFFFFFFFFFFFFFFFFFFFFFFFFFFFFFFFFFB9
:20076000FFFFFFFFFFFFFFFFFFFFFFFFFFFFFFFFFFFFFFFFFFFFFFFFFFFFFFFFFFFFFFFF99
:20078000FFFFFFFFFFFFFFFFFFFFFFFFFFFFFFFFFFFFFFFFFFFFFFFFFFFFFFFFFFFFFFFF79
:2007A000FFFFFFFFFFFFFFFFFFFFFFFFFFFFFFFFFFFFFFFFFFFFFFFFFFFFFFFFFFFFFFFF59
:2007C000FFFFFFFFFFFFFFFFFFFFFFFFFFFFFFFFFFFFFFFFFFFFFFFFFFFFFFFFFFFFFFFF39
:2007E000FFFFFFFFFFFFFFFFFFFFFFFFFFFFFFFFFFFFFFFFFFFFFFFFFFFFFFFFFFFFFFFF19
:20080000FFFFFFFFFFFFFFFFFFFFFFFFFFFFFFFFFFFFFFFFFFFFFFFFFFFFFFFFFFFFFFFFF8
:20082000FFFFFFFFFFFFFFFFFFFFFFFFFFFFFFFFFFFFFFFFFFFFFFFFFFFFFFFFFFFFFFFFD8
:20084000FFFFFFFFFFFFFFFFFFFFFFFFFFFFFFFFFFFFFFFFFFFFFFFFFFFFFFFFFFFFFFFFB8
:20086000FFFFFFFFFFFFFFFFFFFFFFFFFFFFFFFFFFFFFFFFFFFFFFFFFFFFFFFFFFFFFFFF98
:20088000FFFFFFFFFFFFFFFFFFFFFFFFFFFFFFFFFFFFFFFFFFFFFFFFFFFFFFFFFFFFFFFF78
:2008A000FFFFFFFFFFFFFFFFFFFFFFFFFFFFFFFFFFFFFFFFFFFFFFFFFFFFFFFFFFFFFFFF58
:2008C000FFFFFFFFFFFFFFFFFFFFFFFFFFFFFFFFFFFFFFFFFFFFFFFFFFFFFFFFFFFFFFFF38
:2008E000FFFFFFFFFFFFFFFFFFFFFFFFFFFFFFFFFFFFFFFFFFFFFFFFFFFFFFFFFFFFFFFF18
:20090000FFFFFFFFFFFFFFFFFFFFFFFFFFFFFFFFFFFFFFFFFFFFFFFFFFFFFFFFFFFFFFFFF7
:20092000FFFFFFFFFFFFFFFFFFFFFFFFFFFFFFFFFFFFFFFFFFFFFFFFFFFFFFFFFFFFFFFFD7
:20094000FFFFFFFFFFFFFFFFFFFFFFFFFFFFFFFFFFFFFFFFFFFFFFFFFFFFFFFFFFFFFFFFB7
:20096000FFFFFFFFFFFFFFFFFFFFFFFFFFFFFFFFFFFFFFFFFFFFFFFFFFFFFFFFFFFFFFFF97
:20098000FFFFFFFFFFFFFFFFFFFFFFFFFFFFFFFFFFFFFFFFFFFFFFFFFFFFFFFFFFFFFFFF77
:2009A000FFFFFFFFFFFFFFFFFFFFFFFFFFFFFFFFFFFFFFFFFFFFFFFFFFFFFFFFFFFFFFFF57
:2009C000FFFFFFFFFFFFFFFFFFFFFFFFFFFFFFFFFFFFFFFFFFFFFFFFFFFFFFFFFFFFFFFF37
:2009E000FFFFFFFFFFFFFFFFFFFFFFFFFFFFFFFFFFFFFFFFFFFFFFFFFFFFFFFFFFFFFFFF17
:200A0000FFFFFFFFFFFFFFFFFFFFFFFFFFFFFFFFFFFFFFFFFFFFFFFFFFFFFFFFFFFFFFFFF6
:200A2000FFFFFFFFFFFFFFFFFFFFFFFFFFFFFFFFFFFFFFFFFFFFFFFFFFFFFFFFFFFFFFFFD6
:200A4000FFFFFFFFFFFFFFFFFFFFFFFFFFFFFFFFFFFFFFFFFFFFFFFFFFFFFFFFFFFFFFFFB6
:200A6000FFFFFFFFFFFFFFFFFFFFFFFFFFFFFFFFFFFFFFFFFFFFFFFFFFFFFFFFFFFFFFFF96
:200A8000FFFFFFFFFFFFFFFFFFFFFFFFFFFFFFFFFFFFFFFFFFFFFFFFFFFFFFFFFFFFFFFF76
:200AA000FFFFFFFFFFFFFFFFFFFFFFFFFFFFFFFFFFFFFFFFFFFFFFFFFFFFFFFFFFFFFFFF56
:200AC000FFFFFFFFFFFFFFFFFFFFFFFFFFFFFFFFFFFFFFFFFFFFFFFFFFFFFFFFFFFFFFFF36
:200AE000FFFFFFFFFFFFFFFFFFFFFFFFFFFFFFFFFFFFFFFFFFFFFFFFFFFFFFFFFFFFFFFF16
:200B0000FFFFFFFFFFFFFFFFFFFFFFFFFFFFFFFFFFFFFFFFFFFFFFFFFFFFFFFFFFFFFFFFF5
:200B2000FFFFFFFFFFFFFFFFFFFFFFFFFFFFFFFFFFFFFFFFFFFFFFFFFFFFFFFFFFFFFFFFD5
:200B4000FFFFFFFFFFFFFFFFFFFFFFFFFFFFFFFFFFFFFFFFFFFFFFFFFFFFFFFFFFFFFFFFB5
:200B6000FFFFFFFFFFFFFFFFFFFFFFFFFFFFFFFFFFFFFFFFFFFFFFFFFFFFFFFFFFFFFFFF95
:200B8000FFFFFFFFFFFFFFFFFFFFFFFFFFFFFFFFFFFFFFFFFFFFFFFFFFFFFFFFFFFFFFFF75
:200BA000FFFFFFFFFFFFFFFFFFFFFFFFFFFFFFFFFFFFFFFFFFFFFFFFFFFFFFFFFFFFFFFF55
:200BC000FFFFFFFFFFFFFFFFFFFFFFFFFFFFFFFFFFFFFFFFFFFFFFFFFFFFFFFFFFFFFFFF35
:200BE000FFFFFFFFFFFFFFFFFFFFFFFFFFFFFFFFFFFFFFFFFFFFFFFFFFFFFFFFFFFFFFFF15
:200C0000FFFFFFFFFFFFFFFFFFFFFFFFFFFFFFFFFFFFFFFFFFFFFFFFFFFFFFFFFFFFFFFFF4
:200C2000FFFFFFFFFFFFFFFFFFFFFFFFFFFFFFFFFFFFFFFFFFFFFFFFFFFFFFFFFFFFFFFFD4
:200C4000FFFFFFFFFFFFFFFFFFFFFFFFFFFFFFFFFFFFFFFFFFFFFFFFFFFFFFFFFFFFFFFFB4
:200C6000FFFFFFFFFFFFFFFFFFFFFFFFFFFFFFFFFFFFFFFFFFFFFFFFFFFFFFFFFFFFFFFF94
:200C8000FFFFFFFFFFFFFFFFFFFFFFFFFFFFFFFFFFFFFFFFFFFFFFFFFFFFFFFFFFFFFFFF74
:200CA000FFFFFFFFFFFFFFFFFFFFFFFFFFFFFFFFFFFFFFFFFFFFFFFFFFFFFFFFFFFFFFFF54
:200CC000FFFFFFFFFFFFFFFFFFFFFFFFFFFFFFFFFFFFFFFFFFFFFFFFFFFFFFFFFFFFFFFF34
:200CE000FFFFFFFFFFFFFFFFFFFFFFFFFFFFFFFFFFFFFFFFFFFFFFFFFFFFFFFFFFFFFFFF14
:200D0000FFFFFFFFFFFFFFFFFFFFFFFFFFFFFFFFFFFFFFFFFFFFFFFFFFFFFFFFFFFFFFFFF3
:200D2000FFFFFFFFFFFFFFFFFFFFFFFFFFFFFFFFFFFFFFFFFFFFFFFFFFFFFFFFFFFFFFFFD3
:200D4000FFFFFFFFFFFFFFFFFFFFFFFFFFFFFFFFFFFFFFFFFFFFFFFFFFFFFFFFFFFFFFFFB3
:200D6000FFFFFFFFFFFFFFFFFFFFFFFFFFFFFFFFFFFFFFFFFFFFFFFFFFFFFFFFFFFFFFFF93
:200D8000FFFFFFFFFFFFFFFFFFFFFFFFFFFFFFFFFFFFFFFFFFFFFFFFFFFFFFFFFFFFFFFF73
:200DA000FFFFFFFFFFFFFFFFFFFFFFFFFFFFFFFFFFFFFFFFFFFFFFFFFFFFFFFFFFFFFFFF53
:200DC000FFFFFFFFFFFFFFFFFFFFFFFFFFFFFFFFFFFFFFFFFFFFFFFFFFFFFFFFFFFFFFFF33
:200DE000FFFFFFFFFFFFFFFFFFFFFFFFFFFFFFFFFFFFFFFFFFFFFFFFFFFFFFFFFFFFFFFF13
:200E0000FFFFFFFFFFFFFFFFFFFFFFFFFFFFFFFFFFFFFFFFFFFFFFFFFFFFFFFFFFFFFFFFF2
:200E2000FFFFFFFFFFFFFFFFFFFFFFFFFFFFFFFFFFFFFFFFFFFFFFFFFFFFFFFFFFFFFFFFD2
:200E4000FFFFFFFFFFFFFFFFFFFFFFFFFFFFFFFFFFFFFFFFFFFFFFFFFFFFFFFFFFFFFFFFB2
:200E6000FFFFFFFFFFFFFFFFFFFFFFFFFFFFFFFFFFFFFFFFFFFFFFFFFFFFFFFFFFFFFFFF92
:200E8000FFFFFFFFFFFFFFFFFFFFFFFFFFFFFFFFFFFFFFFFFFFFFFFFFFFFFFFFFFFFFFFF72
:200EA000FFFFFFFFFFFFFFFFFFFFFFFFFFFFFFFFFFFFFFFFFFFFFFFFFFFFFFFFFFFFFFFF52
:200EC000FFFFFFFFFFFFFFFFFFFFFFFFFFFFFFFFFFFFFFFFFFFFFFFFFFFFFFFFFFFFFFFF32
:200EE000FFFFFFFFFFFFFFFFFFFFFFFFFFFFFFFFFFFFFFFFFFFFFFFFFFFFFFFFFFFFFFFF12
:200F0000FFFFFFFFFFFFFFFFFFFFFFFFFFFFFFFFFFFFFFFFFFFFFFFFFFFFFFFFFFFFFFFFF1
:200F2000FFFFFFFFFFFFFFFFFFFFFFFFFFFFFFFFFFFFFFFFFFFFFFFFFFFFFFFFFFFFFFFFD1
:200F4000FFFFFFFFFFFFFFFFFFFFFFFFFFFFFFFFFFFFFFFFFFFFFFFFFFFFFFFFFFFFFFFFB1
:200F6000FFFFFFFFFFFFFFFFFFFFFFFFFFFFFFFFFFFFFFFFFFFFFFFFFFFFFFFFFFFFFFFF91
:200F8000FFFFFFFFFFFFFFFFFFFFFFFFFFFFFFFFFFFFFFFFFFFFFFFFFFFFFFFFFFFFFFFF71
:200FA000FFFFFFFFFFFFFFFFFFFFFFFFFFFFFFFFFFFFFFFFFFFFFFFFFFFFFFFFFFFFFFFF51
:200FC000FFFFFFFFFFFFFFFFFFFFFFFFFFFFFFFFFFFFFFFFFFFFFFFFFFFFFFFFFFFFFFFF31
:200FE000FFFFFFFFFFFFFFFFFFFFFFFFFFFFFFFFFFFFFFFFFFFFFFFFFFFFFFFFFFFFFFFF11
:20100000FFFFFFFFFFFFFFFFFFFFFFFFFFFFFFFFFFFFFFFFFFFFFFFFFFFFFFFFFFFFFFFFF0
:20102000FFFFFFFFFFFFFFFFFFFFFFFFFFFFFFFFFFFFFFFFFFFFFFFFFFFFFFFFFFFFFFFFD0
:20104000FFFFFFFFFFFFFFFFFFFFFFFFFFFFFFFFFFFFFFFFFFFFFFFFFFFFFFFFFFFFFFFFB0
:20106000FFFFFFFFFFFFFFFFFFFFFFFFFFFFFFFFFFFFFFFFFFFFFFFFFFFFFFFFFFFFFFFF90
:20108000FFFFFFFFFFFFFFFFFFFFFFFFFFFFFFFFFFFFFFFFFFFFFFFFFFFFFFFFFFFFFFFF70
:2010A000FFFFFFFFFFFFFFFFFFFFFFFFFFFFFFFFFFFFFFFFFFFFFFFFFFFFFFFFFFFFFFFF50
:2010C000FFFFFFFFFFFFFFFFFFFFFFFFFFFFFFFFFFFFFFFFFFFFFFFFFFFFFFFFFFFFFFFF30
:2010E000FFFFFFFFFFFFFFFFFFFFFFFFFFFFFFFFFFFFFFFFFFFFFFFFFFFFFFFFFFFFFFFF10
:20110000FFFFFFFFFFFFFFFFFFFFFFFFFFFFFFFFFFFFFFFFFFFFFFFFFFFFFFFFFFFFFFFFEF
:20112000FFFFFFFFFFFFFFFFFFFFFFFFFFFFFFFFFFFFFFFFFFFFFFFFFFFFFFFFFFFFFFFFCF
:20114000FFFFFFFFFFFFFFFFFFFFFFFFFFFFFFFFFFFFFFFFFFFFFFFFFFFFFFFFFFFFFFFFAF
:20116000FFFFFFFFFFFFFFFFFFFFFFFFFFFFFFFFFFFFFFFFFFFFFFFFFFFFFFFFFFFFFFFF8F
:20118000FFFFFFFFFFFFFFFFFFFFFFFFFFFFFFFFFFFFFFFFFFFFFFFFFFFFFFFFFFFFFFFF6F
:2011A000FFFFFFFFFFFFFFFFFFFFFFFFFFFFFFFFFFFFFFFFFFFFFFFFFFFFFFFFFFFFFFFF4F
:2011C000FFFFFFFFFFFFFFFFFFFFFFFFFFFFFFFFFFFFFFFFFFFFFFFFFFFFFFFFFFFFFFFF2F
:2011E000FFFFFFFFFFFFFFFFFFFFFFFFFFFFFFFFFFFFFFFFFFFFFFFFFFFFFFFFFFFFFFFF0F
:20120000FFFFFFFFFFFFFFFFFFFFFFFFFFFFFFFFFFFFFFFFFFFFFFFFFFFFFFFFFFFFFFFFEE
:20122000FFFFFFFFFFFFFFFFFFFFFFFFFFFFFFFFFFFFFFFFFFFFFFFFFFFFFFFFFFFFFFFFCE
:20124000FFFFFFFFFFFFFFFFFFFFFFFFFFFFFFFFFFFFFFFFFFFFFFFFFFFFFFFFFFFFFFFFAE
:20126000FFFFFFFFFFFFFFFFFFFFFFFFFFFFFFFFFFFFFFFFFFFFFFFFFFFFFFFFFFFFFFFF8E
:20128000FFFFFFFFFFFFFFFFFFFFFFFFFFFFFFFFFFFFFFFFFFFFFFFFFFFFFFFFFFFFFFFF6E
:2012A000FFFFFFFFFFFFFFFFFFFFFFFFFFFFFFFFFFFFFFFFFFFFFFFFFFFFFFFFFFFFFFFF4E
:2012C000FFFFFFFFFFFFFFFFFFFFFFFFFFFFFFFFFFFFFFFFFFFFFFFFFFFFFFFFFFFFFFFF2E
:2012E000FFFFFFFFFFFFFFFFFFFFFFFFFFFFFFFFFFFFFFFFFFFFFFFFFFFFFFFFFFFFFFFF0E
:20130000FFFFFFFFFFFFFFFFFFFFFFFFFFFFFFFFFFFFFFFFFFFFFFFFFFFFFFFFFFFFFFFFED
:20132000FFFFFFFFFFFFFFFFFFFFFFFFFFFFFFFFFFFFFFFFFFFFFFFFFFFFFFFFFFFFFFFFCD
:20134000FFFFFFFFFFFFFFFFFFFFFFFFFFFFFFFFFFFFFFFFFFFFFFFFFFFFFFFFFFFFFFFFAD
:20136000FFFFFFFFFFFFFFFFFFFFFFFFFFFFFFFFFFFFFFFFFFFFFFFFFFFFFFFFFFFFFFFF8D
:20138000FFFFFFFFFFFFFFFFFFFFFFFFFFFFFFFFFFFFFFFFFFFFFFFFFFFFFFFFFFFFFFFF6D
:2013A000FFFFFFFFFFFFFFFFFFFFFFFFFFFFFFFFFFFFFFFFFFFFFFFFFFFFFFFFFFFFFFFF4D
:2013C000FFFFFFFFFFFFFFFFFFFFFFFFFFFFFFFFFFFFFFFFFFFFFFFFFFFFFFFFFFFFFFFF2D
:2013E000FFFFFFFFFFFFFFFFFFFFFFFFFFFFFFFFFFFFFFFFFFFFFFFFFFFFFFFFFFFFFFFF0D
:20140000FFFFFFFFFFFFFFFFFFFFFFFFFFFFFFFFFFFFFFFFFFFFFFFFFFFFFFFFFFFFFFFFEC
:20142000FFFFFFFFFFFFFFFFFFFFFFFFFFFFFFFFFFFFFFFFFFFFFFFFFFFFFFFFFFFFFFFFCC
:20144000FFFFFFFFFFFFFFFFFFFFFFFFFFFFFFFFFFFFFFFFFFFFFFFFFFFFFFFFFFFFFFFFAC
:20146000FFFFFFFFFFFFFFFFFFFFFFFFFFFFFFFFFFFFFFFFFFFFFFFFFFFFFFFFFFFFFFFF8C
:20148000FFFFFFFFFFFFFFFFFFFFFFFFFFFFFFFFFFFFFFFFFFFFFFFFFFFFFFFFFFFFFFFF6C
:2014A000FFFFFFFFFFFFFFFFFFFFFFFFFFFFFFFFFFFFFFFFFFFFFFFFFFFFFFFFFFFFFFFF4C
:2014C000FFFFFFFFFFFFFFFFFFFFFFFFFFFFFFFFFFFFFFFFFFFFFFFFFFFFFFFFFFFFFFFF2C
:2014E000FFFFFFFFFFFFFFFFFFFFFFFFFFFFFFFFFFFFFFFFFFFFFFFFFFFFFFFFFFFFFFFF0C
:20150000FFFFFFFFFFFFFFFFFFFFFFFFFFFFFFFFFFFFFFFFFFFFFFFFFFFFFFFFFFFFFFFFEB
:20152000FFFFFFFFFFFFFFFFFFFFFFFFFFFFFFFFFFFFFFFFFFFFFFFFFFFFFFFFFFFFFFFFCB
:20154000FFFFFFFFFFFFFFFFFFFFFFFFFFFFFFFFFFFFFFFFFFFFFFFFFFFFFFFFFFFFFFFFAB
:20156000FFFFFFFFFFFFFFFFFFFFFFFFFFFFFFFFFFFFFFFFFFFFFFFFFFFFFFFFFFFFFFFF8B
:20158000FFFFFFFFFFFFFFFFFFFFFFFFFFFFFFFFFFFFFFFFFFFFFFFFFFFFFFFFFFFFFFFF6B
:2015A000FFFFFFFFFFFFFFFFFFFFFFFFFFFFFFFFFFFFFFFFFFFFFFFFFFFFFFFFFFFFFFFF4B
:2015C000FFFFFFFFFFFFFFFFFFFFFFFFFFFFFFFFFFFFFFFFFFFFFFFFFFFFFFFFFFFFFFFF2B
:2015E000FFFFFFFFFFFFFFFFFFFFFFFFFFFFFFFFFFFFFFFFFFFFFFFFFFFFFFFFFFFFFFFF0B
:20160000FFFFFFFFFFFFFFFFFFFFFFFFFFFFFFFFFFFFFFFFFFFFFFFFFFFFFFFFFFFFFFFFEA
:20162000FFFFFFFFFFFFFFFFFFFFFFFFFFFFFFFFFFFFFFFFFFFFFFFFFFFFFFFFFFFFFFFFCA
:20164000FFFFFFFFFFFFFFFFFFFFFFFFFFFFFFFFFFFFFFFFFFFFFFFFFFFFFFFFFFFFFFFFAA
:20166000FFFFFFFFFFFFFFFFFFFFFFFFFFFFFFFFFFFFFFFFFFFFFFFFFFFFFFFFFFFFFFFF8A
:20168000FFFFFFFFFFFFFFFFFFFFFFFFFFFFFFFFFFFFFFFFFFFFFFFFFFFFFFFFFFFFFFFF6A
:2016A000FFFFFFFFFFFFFFFFFFFFFFFFFFFFFFFFFFFFFFFFFFFFFFFFFFFFFFFFFFFFFFFF4A
:2016C000FFFFFFFFFFFFFFFFFFFFFFFFFFFFFFFFFFFFFFFFFFFFFFFFFFFFFFFFFFFFFFFF2A
:2016E000FFFFFFFFFFFFFFFFFFFFFFFFFFFFFFFFFFFFFFFFFFFFFFFFFFFFFFFFFFFFFFFF0A
:20170000FFFFFFFFFFFFFFFFFFFFFFFFFFFFFFFFFFFFFFFFFFFFFFFFFFFFFFFFFFFFFFFFE9
:20172000FFFFFFFFFFFFFFFFFFFFFFFFFFFFFFFFFFFFFFFFFFFFFFFFFFFFFFFFFFFFFFFFC9
:20174000FFFFFFFFFFFFFFFFFFFFFFFFFFFFFFFFFFFFFFFFFFFFFFFFFFFFFFFFFFFFFFFFA9
:20176000FFFFFFFFFFFFFFFFFFFFFFFFFFFFFFFFFFFFFFFFFFFFFFFFFFFFFFFFFFFFFFFF89
:20178000FFFFFFFFFFFFFFFFFFFFFFFFFFFFFFFFFFFFFFFFFFFFFFFFFFFFFFFFFFFFFFFF69
:2017A000FFFFFFFFFFFFFFFFFFFFFFFFFFFFFFFFFFFFFFFFFFFFFFFFFFFFFFFFFFFFFFFF49
:2017C000FFFFFFFFFFFFFFFFFFFFFFFFFFFFFFFFFFFFFFFFFFFFFFFFFFFFFFFFFFFFFFFF29
:2017E000FFFFFFFFFFFFFFFFFFFFFFFFFFFFFFFFFFFFFFFFFFFFFFFFFFFFFFFFFFFFFFFF09
:20180000FFFFFFFFFFFFFFFFFFFFFFFFFFFFFFFFFFFFFFFFFFFFFFFFFFFFFFFFFFFFFFFFE8
:20182000FFFFFFFFFFFFFFFFFFFFFFFFFFFFFFFFFFFFFFFFFFFFFFFFFFFFFFFFFFFFFFFFC8
:20184000FFFFFFFFFFFFFFFFFFFFFFFFFFFFFFFFFFFFFFFFFFFFFFFFFFFFFFFFFFFFFFFFA8
:20186000FFFFFFFFFFFFFFFFFFFFFFFFFFFFFFFFFFFFFFFFFFFFFFFFFFFFFFFFFFFFFFFF88
:20188000FFFFFFFFFFFFFFFFFFFFFFFFFFFFFFFFFFFFFFFFFFFFFFFFFFFFFFFFFFFFFFFF68
:2018A000FFFFFFFFFFFFFFFFFFFFFFFFFFFFFFFFFFFFFFFFFFFFFFFFFFFFFFFFFFFFFFFF48
:2018C000FFFFFFFFFFFFFFFFFFFFFFFFFFFFFFFFFFFFFFFFFFFFFFFFFFFFFFFFFFFFFFFF28
:2018E000FFFFFFFFFFFFFFFFFFFFFFFFFFFFFFFFFFFFFFFFFFFFFFFFFFFFFFFFFFFFFFFF08
:20190000FFFFFFFFFFFFFFFFFFFFFFFFFFFFFFFFFFFFFFFFFFFFFFFFFFFFFFFFFFFFFFFFE7
:20192000FFFFFFFFFFFFFFFFFFFFFFFFFFFFFFFFFFFFFFFFFFFFFFFFFFFFFFFFFFFFFFFFC7
:20194000FFFFFFFFFFFFFFFFFFFFFFFFFFFFFFFFFFFFFFFFFFFFFFFFFFFFFFFFFFFFFFFFA7
:20196000FFFFFFFFFFFFFFFFFFFFFFFFFFFFFFFFFFFFFFFFFFFFFFFFFFFFFFFFFFFFFFFF87
:20198000FFFFFFFFFFFFFFFFFFFFFFFFFFFFFFFFFFFFFFFFFFFFFFFFFFFFFFFFFFFFFFFF67
:2019A000FFFFFFFFFFFFFFFFFFFFFFFFFFFFFFFFFFFFFFFFFFFFFFFFFFFFFFFFFFFFFFFF47
:2019C000FFFFFFFFFFFFFFFFFFFFFFFFFFFFFFFFFFFFFFFFFFFFFFFFFFFFFFFFFFFFFFFF27
:2019E000FFFFFFFFFFFFFFFFFFFFFFFFFFFFFFFFFFFFFFFFFFFFFFFFFFFFFFFFFFFFFFFF07
:201A0000FFFFFFFFFFFFFFFFFFFFFFFFFFFFFFFFFFFFFFFFFFFFFFFFFFFFFFFFFFFFFFFFE6
:201A2000FFFFFFFFFFFFFFFFFFFFFFFFFFFFFFFFFFFFFFFFFFFFFFFFFFFFFFFFFFFFFFFFC6
:201A4000FFFFFFFFFFFFFFFFFFFFFFFFFFFFFFFFFFFFFFFFFFFFFFFFFFFFFFFFFFFFFFFFA6
:201A6000FFFFFFFFFFFFFFFFFFFFFFFFFFFFFFFFFFFFFFFFFFFFFFFFFFFFFFFFFFFFFFFF86
:201A8000FFFFFFFFFFFFFFFFFFFFFFFFFFFFFFFFFFFFFFFFFFFFFFFFFFFFFFFFFFFFFFFF66
:201AA000FFFFFFFFFFFFFFFFFFFFFFFFFFFFFFFFFFFFFFFFFFFFFFFFFFFFFFFFFFFFFFFF46
:201AC000FFFFFFFFFFFFFFFFFFFFFFFFFFFFFFFFFFFFFFFFFFFFFFFFFFFFFFFFFFFFFFFF26
:201AE000FFFFFFFFFFFFFFFFFFFFFFFFFFFFFFFFFFFFFFFFFFFFFFFFFFFFFFFFFFFFFFFF06
:201B0000FFFFFFFFFFFFFFFFFFFFFFFFFFFFFFFFFFFFFFFFFFFFFFFFFFFFFFFFFFFFFFFFE5
:201B2000FFFFFFFFFFFFFFFFFFFFFFFFFFFFFFFFFFFFFFFFFFFFFFFFFFFFFFFFFFFFFFFFC5
:201B4000FFFFFFFFFFFFFFFFFFFFFFFFFFFFFFFFFFFFFFFFFFFFFFFFFFFFFFFFFFFFFFFFA5
:201B6000FFFFFFFFFFFFFFFFFFFFFFFFFFFFFFFFFFFFFFFFFFFFFFFFFFFFFFFFFFFFFFFF85
:201B8000FFFFFFFFFFFFFFFFFFFFFFFFFFFFFFFFFFFFFFFFFFFFFFFFFFFFFFFFFFFFFFFF65
:201BA000FFFFFFFFFFFFFFFFFFFFFFFFFFFFFFFFFFFFFFFFFFFFFFFFFFFFFFFFFFFFFFFF45
:201BC000FFFFFFFFFFFFFFFFFFFFFFFFFFFFFFFFFFFFFFFFFFFFFFFFFFFFFFFFFFFFFFFF25
:201BE000FFFFFFFFFFFFFFFFFFFFFFFFFFFFFFFFFFFFFFFFFFFFFFFFFFFFFFFFFFFFFFFF05
:201C0000FFFFFFFFFFFFFFFFFFFFFFFFFFFFFFFFFFFFFFFFFFFFFFFFFFFFFFFFFFFFFFFFE4
:201C2000FFFFFFFFFFFFFFFFFFFFFFFFFFFFFFFFFFFFFFFFFFFFFFFFFFFFFFFFFFFFFFFFC4
:201C4000FFFFFFFFFFFFFFFFFFFFFFFFFFFFFFFFFFFFFFFFFFFFFFFFFFFFFFFFFFFFFFFFA4
:201C6000FFFFFFFFFFFFFFFFFFFFFFFFFFFFFFFFFFFFFFFFFFFFFFFFFFFFFFFFFFFFFFFF84
:201C8000FFFFFFFFFFFFFFFFFFFFFFFFFFFFFFFFFFFFFFFFFFFFFFFFFFFFFFFFFFFFFFFF64
:201CA000FFFFFFFFFFFFFFFFFFFFFFFFFFFFFFFFFFFFFFFFFFFFFFFFFFFFFFFFFFFFFFFF44
:201CC000FFFFFFFFFFFFFFFFFFFFFFFFFFFFFFFFFFFFFFFFFFFFFFFFFFFFFFFFFFFFFFFF24
:201CE000FFFFFFFFFFFFFFFFFFFFFFFFFFFFFFFFFFFFFFFFFFFFFFFFFFFFFFFFFFFFFFFF04
:201D0000FFFFFFFFFFFFFFFFFFFFFFFFFFFFFFFFFFFFFFFFFFFFFFFFFFFFFFFFFFFFFFFFE3
:201D2000FFFFFFFFFFFFFFFFFFFFFFFFFFFFFFFFFFFFFFFFFFFFFFFFFFFFFFFFFFFFFFFFC3
:201D4000FFFFFFFFFFFFFFFFFFFFFFFFFFFFFFFFFFFFFFFFFFFFFFFFFFFFFFFFFFFFFFFFA3
:201D6000FFFFFFFFFFFFFFFFFFFFFFFFFFFFFFFFFFFFFFFFFFFFFFFFFFFFFFFFFFFFFFFF83
:201D8000FFFFFFFFFFFFFFFFFFFFFFFFFFFFFFFFFFFFFFFFFFFFFFFFFFFFFFFFFFFFFFFF63
:201DA000FFFFFFFFFFFFFFFFFFFFFFFFFFFFFFFFFFFFFFFFFFFFFFFFFFFFFFFFFFFFFFFF43
:201DC000FFFFFFFFFFFFFFFFFFFFFFFFFFFFFFFFFFFFFFFFFFFFFFFFFFFFFFFFFFFFFFFF23
:201DE000FFFFFFFFFFFFFFFFFFFFFFFFFFFFFFFFFFFFFFFFFFFFFFFFFFFFFFFFFFFFFFFF03
:201E0000FFFFFFFFFFFFFFFFFFFFFFFFFFFFFFFFFFFFFFFFFFFFFFFFFFFFFFFFFFFFFFFFE2
:201E2000FFFFFFFFFFFFFFFFFFFFFFFFFFFFFFFFFFFFFFFFFFFFFFFFFFFFFFFFFFFFFFFFC2
:201E4000FFFFFFFFFFFFFFFFFFFFFFFFFFFFFFFFFFFFFFFFFFFFFFFFFFFFFFFFFFFFFFFFA2
:201E6000FFFFFFFFFFFFFFFFFFFFFFFFFFFFFFFFFFFFFFFFFFFFFFFFFFFFFFFFFFFFFFFF82
:201E8000FFFFFFFFFFFFFFFFFFFFFFFFFFFFFFFFFFFFFFFFFFFFFFFFFFFFFFFFFFFFFFFF62
:201EA000FFFFFFFFFFFFFFFFFFFFFFFFFFFFFFFFFFFFFFFFFFFFFFFFFFFFFFFFFFFFFFFF42
:201EC000FFFFFFFFFFFFFFFFFFFFFFFFFFFFFFFFFFFFFFFFFFFFFFFFFFFFFFFFFFFFFFFF22
:201EE000FFFFFFFFFFFFFFFFFFFFFFFFFFFFFFFFFFFFFFFFFFFFFFFFFFFFFFFFFFFFFFFF02
:201F0000FFFFFFFFFFFFFFFFFFFFFFFFFFFFFFFFFFFFFFFFFFFFFFFFFFFFFFFFFFFFFFFFE1
:201F2000FFFFFFFFFFFFFFFFFFFFFFFFFFFFFFFFFFFFFFFFFFFFFFFFFFFFFFFFFFFFFFFFC1
:201F4000FFFFFFFFFFFFFFFFFFFFFFFFFFFFFFFFFFFFFFFFFFFFFFFFFFFFFFFFFFFFFFFFA1
:201F6000FFFFFFFFFFFFFFFFFFFFFFFFFFFFFFFFFFFFFFFFFFFFFFFFFFFFFFFFFFFFFFFF81
:201F8000FFFFFFFFFFFFFFFFFFFFFFFFFFFFFFFFFFFFFFFFFFFFFFFFFFFFFFFFFFFFFFFF61
:201FA000FFFFFFFFFFFFFFFFFFFFFFFFFFFFFFFFFFFFFFFFFFFFFFFFFFFFFFFFFFFFFFFF41
:201FC000FFFFFFFFFFFFFFFFFFFFFFFFFFFFFFFFFFFFFFFFFFFFFFFFFFFFFFFFFFFFFFFF21
:201FE000FFFFFFFFFFFFFFFFFFFFFFFFFFFFFFFFFFFFFFFFFFFFFFFFFFFFFFFFFFFFFFFF01
:20200000FFFFFFFFFFFFFFFFFFFFFFFFFFFFFFFFFFFFFFFFFFFFFFFFFFFFFFFFFFFFFFFFE0
:20202000FFFFFFFFFFFFFFFFFFFFFFFFFFFFFFFFFFFFFFFFFFFFFFFFFFFFFFFFFFFFFFFFC0
:20204000FFFFFFFFFFFFFFFFFFFFFFFFFFFFFFFFFFFFFFFFFFFFFFFFFFFFFFFFFFFFFFFFA0
:20206000FFFFFFFFFFFFFFFFFFFFFFFFFFFFFFFFFFFFFFFFFFFFFFFFFFFFFFFFFFFFFFFF80
:20208000FFFFFFFFFFFFFFFFFFFFFFFFFFFFFFFFFFFFFFFFFFFFFFFFFFFFFFFFFFFFFFFF60
:2020A000FFFFFFFFFFFFFFFFFFFFFFFFFFFFFFFFFFFFFFFFFFFFFFFFFFFFFFFFFFFFFFFF40
:2020C000FFFFFFFFFFFFFFFFFFFFFFFFFFFFFFFFFFFFFFFFFFFFFFFFFFFFFFFFFFFFFFFF20
:2020E000FFFFFFFFFFFFFFFFFFFFFFFFFFFFFFFFFFFFFFFFFFFFFFFFFFFFFFFFFFFFFFFF00
:20210000FFFFFFFFFFFFFFFFFFFFFFFFFFFFFFFFFFFFFFFFFFFFFFFFFFFFFFFFFFFFFFFFDF
:20212000FFFFFFFFFFFFFFFFFFFFFFFFFFFFFFFFFFFFFFFFFFFFFFFFFFFFFFFFFFFFFFFFBF
:20214000FFFFFFFFFFFFFFFFFFFFFFFFFFFFFFFFFFFFFFFFFFFFFFFFFFFFFFFFFFFFFFFF9F
:20216000FFFFFFFFFFFFFFFFFFFFFFFFFFFFFFFFFFFFFFFFFFFFFFFFFFFFFFFFFFFFFFFF7F
:20218000FFFFFFFFFFFFFFFFFFFFFFFFFFFFFFFFFFFFFFFFFFFFFFFFFFFFFFFFFFFFFFFF5F
:2021A000FFFFFFFFFFFFFFFFFFFFFFFFFFFFFFFFFFFFFFFFFFFFFFFFFFFFFFFFFFFFFFFF3F
:2021C000FFFFFFFFFFFFFFFFFFFFFFFFFFFFFFFFFFFFFFFFFFFFFFFFFFFFFFFFFFFFFFFF1F
:2021E000FFFFFFFFFFFFFFFFFFFFFFFFFFFFFFFFFFFFFFFFFFFFFFFFFFFFFFFFFFFFFFFFFF
:20220000FFFFFFFFFFFFFFFFFFFFFFFFFFFFFFFFFFFFFFFFFFFFFFFFFFFFFFFFFFFFFFFFDE
:20222000FFFFFFFFFFFFFFFFFFFFFFFFFFFFFFFFFFFFFFFFFFFFFFFFFFFFFFFFFFFFFFFFBE
:20224000FFFFFFFFFFFFFFFFFFFFFFFFFFFFFFFFFFFFFFFFFFFFFFFFFFFFFFFFFFFFFFFF9E
:20226000FFFFFFFFFFFFFFFFFFFFFFFFFFFFFFFFFFFFFFFFFFFFFFFFFFFFFFFFFFFFFFFF7E
:20228000FFFFFFFFFFFFFFFFFFFFFFFFFFFFFFFFFFFFFFFFFFFFFFFFFFFFFFFFFFFFFFFF5E
:2022A000FFFFFFFFFFFFFFFFFFFFFFFFFFFFFFFFFFFFFFFFFFFFFFFFFFFFFFFFFFFFFFFF3E
:2022C000FFFFFFFFFFFFFFFFFFFFFFFFFFFFFFFFFFFFFFFFFFFFFFFFFFFFFFFFFFFFFFFF1E
:2022E000FFFFFFFFFFFFFFFFFFFFFFFFFFFFFFFFFFFFFFFFFFFFFFFFFFFFFFFFFFFFFFFFFE
:20230000FFFFFFFFFFFFFFFFFFFFFFFFFFFFFFFFFFFFFFFFFFFFFFFFFFFFFFFFFFFFFFFFDD
:20232000FFFFFFFFFFFFFFFFFFFFFFFFFFFFFFFFFFFFFFFFFFFFFFFFFFFFFFFFFFFFFFFFBD
:20234000FFFFFFFFFFFFFFFFFFFFFFFFFFFFFFFFFFFFFFFFFFFFFFFFFFFFFFFFFFFFFFFF9D
:20236000FFFFFFFFFFFFFFFFFFFFFFFFFFFFFFFFFFFFFFFFFFFFFFFFFFFFFFFFFFFFFFFF7D
:20238000FFFFFFFFFFFFFFFFFFFFFFFFFFFFFFFFFFFFFFFFFFFFFFFFFFFFFFFFFFFFFFFF5D
:2023A000FFFFFFFFFFFFFFFFFFFFFFFFFFFFFFFFFFFFFFFFFFFFFFFFFFFFFFFFFFFFFFFF3D
:2023C000FFFFFFFFFFFFFFFFFFFFFFFFFFFFFFFFFFFFFFFFFFFFFFFFFFFFFFFFFFFFFFFF1D
:2023E000FFFFFFFFFFFFFFFFFFFFFFFFFFFFFFFFFFFFFFFFFFFFFFFFFFFFFFFFFFFFFFFFFD
:20240000FFFFFFFFFFFFFFFFFFFFFFFFFFFFFFFFFFFFFFFFFFFFFFFFFFFFFFFFFFFFFFFFDC
:20242000FFFFFFFFFFFFFFFFFFFFFFFFFFFFFFFFFFFFFFFFFFFFFFFFFFFFFFFFFFFFFFFFBC
:20244000FFFFFFFFFFFFFFFFFFFFFFFFFFFFFFFFFFFFFFFFFFFFFFFFFFFFFFFFFFFFFFFF9C
:20246000FFFFFFFFFFFFFFFFFFFFFFFFFFFFFFFFFFFFFFFFFFFFFFFFFFFFFFFFFFFFFFFF7C
:20248000FFFFFFFFFFFFFFFFFFFFFFFFFFFFFFFFFFFFFFFFFFFFFFFFFFFFFFFFFFFFFFFF5C
:2024A000FFFFFFFFFFFFFFFFFFFFFFFFFFFFFFFFFFFFFFFFFFFFFFFFFFFFFFFFFFFFFFFF3C
:2024C000FFFFFFFFFFFFFFFFFFFFFFFFFFFFFFFFFFFFFFFFFFFFFFFFFFFFFFFFFFFFFFFF1C
:2024E000FFFFFFFFFFFFFFFFFFFFFFFFFFFFFFFFFFFFFFFFFFFFFFFFFFFFFFFFFFFFFFFFFC
:20250000FFFFFFFFFFFFFFFFFFFFFFFFFFFFFFFFFFFFFFFFFFFFFFFFFFFFFFFFFFFFFFFFDB
:20252000FFFFFFFFFFFFFFFFFFFFFFFFFFFFFFFFFFFFFFFFFFFFFFFFFFFFFFFFFFFFFFFFBB
:20254000FFFFFFFFFFFFFFFFFFFFFFFFFFFFFFFFFFFFFFFFFFFFFFFFFFFFFFFFFFFFFFFF9B
:20256000FFFFFFFFFFFFFFFFFFFFFFFFFFFFFFFFFFFFFFFFFFFFFFFFFFFFFFFFFFFFFFFF7B
:20258000FFFFFFFFFFFFFFFFFFFFFFFFFFFFFFFFFFFFFFFFFFFFFFFFFFFFFFFFFFFFFFFF5B
:2025A000FFFFFFFFFFFFFFFFFFFFFFFFFFFFFFFFFFFFFFFFFFFFFFFFFFFFFFFFFFFFFFFF3B
:2025C000FFFFFFFFFFFFFFFFFFFFFFFFFFFFFFFFFFFFFFFFFFFFFFFFFFFFFFFFFFFFFFFF1B
:2025E000FFFFFFFFFFFFFFFFFFFFFFFFFFFFFFFFFFFFFFFFFFFFFFFFFFFFFFFFFFFFFFFFFB
:20260000FFFFFFFFFFFFFFFFFFFFFFFFFFFFFFFFFFFFFFFFFFFFFFFFFFFFFFFFFFFFFFFFDA
:20262000FFFFFFFFFFFFFFFFFFFFFFFFFFFFFFFFFFFFFFFFFFFFFFFFFFFFFFFFFFFFFFFFBA
:20264000FFFFFFFFFFFFFFFFFFFFFFFFFFFFFFFFFFFFFFFFFFFFFFFFFFFFFFFFFFFFFFFF9A
:20266000FFFFFFFFFFFFFFFFFFFFFFFFFFFFFFFFFFFFFFFFFFFFFFFFFFFFFFFFFFFFFFFF7A
:20268000FFFFFFFFFFFFFFFFFFFFFFFFFFFFFFFFFFFFFFFFFFFFFFFFFFFFFFFFFFFFFFFF5A
:2026A000FFFFFFFFFFFFFFFFFFFFFFFFFFFFFFFFFFFFFFFFFFFFFFFFFFFFFFFFFFFFFFFF3A
:2026C000FFFFFFFFFFFFFFFFFFFFFFFFFFFFFFFFFFFFFFFFFFFFFFFFFFFFFFFFFFFFFFFF1A
:2026E000FFFFFFFFFFFFFFFFFFFFFFFFFFFFFFFFFFFFFFFFFFFFFFFFFFFFFFFFFFFFFFFFFA
:20270000FFFFFFFFFFFFFFFFFFFFFFFFFFFFFFFFFFFFFFFFFFFFFFFFFFFFFFFFFFFFFFFFD9
:20272000FFFFFFFFFFFFFFFFFFFFFFFFFFFFFFFFFFFFFFFFFFFFFFFFFFFFFFFFFFFFFFFFB9
:20274000FFFFFFFFFFFFFFFFFFFFFFFFFFFFFFFFFFFFFFFFFFFFFFFFFFFFFFFFFFFFFFFF99
:20276000FFFFFFFFFFFFFFFFFFFFFFFFFFFFFFFFFFFFFFFFFFFFFFFFFFFFFFFFFFFFFFFF79
:20278000FFFFFFFFFFFFFFFFFFFFFFFFFFFFFFFFFFFFFFFFFFFFFFFFFFFFFFFFFFFFFFFF59
:2027A000FFFFFFFFFFFFFFFFFFFFFFFFFFFFFFFFFFFFFFFFFFFFFFFFFFFFFFFFFFFFFFFF39
:2027C000FFFFFFFFFFFFFFFFFFFFFFFFFFFFFFFFFFFFFFFFFFFFFFFFFFFFFFFFFFFFFFFF19
:2027E000FFFFFFFFFFFFFFFFFFFFFFFFFFFFFFFFFFFFFFFFFFFFFFFFFFFFFFFFFFFFFFFFF9
:20280000FFFFFFFFFFFFFFFFFFFFFFFFFFFFFFFFFFFFFFFFFFFFFFFFFFFFFFFFFFFFFFFFD8
:20282000FFFFFFFFFFFFFFFFFFFFFFFFFFFFFFFFFFFFFFFFFFFFFFFFFFFFFFFFFFFFFFFFB8
:20284000FFFFFFFFFFFFFFFFFFFFFFFFFFFFFFFFFFFFFFFFFFFFFFFFFFFFFFFFFFFFFFFF98
:20286000FFFFFFFFFFFFFFFFFFFFFFFFFFFFFFFFFFFFFFFFFFFFFFFFFFFFFFFFFFFFFFFF78
:20288000FFFFFFFFFFFFFFFFFFFFFFFFFFFFFFFFFFFFFFFFFFFFFFFFFFFFFFFFFFFFFFFF58
:2028A000FFFFFFFFFFFFFFFFFFFFFFFFFFFFFFFFFFFFFFFFFFFFFFFFFFFFFFFFFFFFFFFF38
:2028C000FFFFFFFFFFFFFFFFFFFFFFFFFFFFFFFFFFFFFFFFFFFFFFFFFFFFFFFFFFFFFFFF18
:2028E000FFFFFFFFFFFFFFFFFFFFFFFFFFFFFFFFFFFFFFFFFFFFFFFFFFFFFFFFFFFFFFFFF8
:20290000FFFFFFFFFFFFFFFFFFFFFFFFFFFFFFFFFFFFFFFFFFFFFFFFFFFFFFFFFFFFFFFFD7
:20292000FFFFFFFFFFFFFFFFFFFFFFFFFFFFFFFFFFFFFFFFFFFFFFFFFFFFFFFFFFFFFFFFB7
:20294000FFFFFFFFFFFFFFFFFFFFFFFFFFFFFFFFFFFFFFFFFFFFFFFFFFFFFFFFFFFFFFFF97
:20296000FFFFFFFFFFFFFFFFFFFFFFFFFFFFFFFFFFFFFFFFFFFFFFFFFFFFFFFFFFFFFFFF77
:20298000FFFFFFFFFFFFFFFFFFFFFFFFFFFFFFFFFFFFFFFFFFFFFFFFFFFFFFFFFFFFFFFF57
:2029A000FFFFFFFFFFFFFFFFFFFFFFFFFFFFFFFFFFFFFFFFFFFFFFFFFFFFFFFFFFFFFFFF37
:2029C000FFFFFFFFFFFFFFFFFFFFFFFFFFFFFFFFFFFFFFFFFFFFFFFFFFFFFFFFFFFFFFFF17
:2029E000FFFFFFFFFFFFFFFFFFFFFFFFFFFFFFFFFFFFFFFFFFFFFFFFFFFFFFFFFFFFFFFFF7
:202A0000FFFFFFFFFFFFFFFFFFFFFFFFFFFFFFFFFFFFFFFFFFFFFFFFFFFFFFFFFFFFFFFFD6
:202A2000FFFFFFFFFFFFFFFFFFFFFFFFFFFFFFFFFFFFFFFFFFFFFFFFFFFFFFFFFFFFFFFFB6
:202A4000FFFFFFFFFFFFFFFFFFFFFFFFFFFFFFFFFFFFFFFFFFFFFFFFFFFFFFFFFFFFFFFF96
:202A6000FFFFFFFFFFFFFFFFFFFFFFFFFFFFFFFFFFFFFFFFFFFFFFFFFFFFFFFFFFFFFFFF76
:202A8000FFFFFFFFFFFFFFFFFFFFFFFFFFFFFFFFFFFFFFFFFFFFFFFFFFFFFFFFFFFFFFFF56
:202AA000FFFFFFFFFFFFFFFFFFFFFFFFFFFFFFFFFFFFFFFFFFFFFFFFFFFFFFFFFFFFFFFF36
:202AC000FFFFFFFFFFFFFFFFFFFFFFFFFFFFFFFFFFFFFFFFFFFFFFFFFFFFFFFFFFFFFFFF16
:202AE000FFFFFFFFFFFFFFFFFFFFFFFFFFFFFFFFFFFFFFFFFFFFFFFFFFFFFFFFFFFFFFFFF6
:202B0000FFFFFFFFFFFFFFFFFFFFFFFFFFFFFFFFFFFFFFFFFFFFFFFFFFFFFFFFFFFFFFFFD5
:202B2000FFFFFFFFFFFFFFFFFFFFFFFFFFFFFFFFFFFFFFFFFFFFFFFFFFFFFFFFFFFFFFFFB5
:202B4000FFFFFFFFFFFFFFFFFFFFFFFFFFFFFFFFFFFFFFFFFFFFFFFFFFFFFFFFFFFFFFFF95
:202B6000FFFFFFFFFFFFFFFFFFFFFFFFFFFFFFFFFFFFFFFFFFFFFFFFFFFFFFFFFFFFFFFF75
:202B8000FFFFFFFFFFFFFFFFFFFFFFFFFFFFFFFFFFFFFFFFFFFFFFFFFFFFFFFFFFFFFFFF55
:202BA000FFFFFFFFFFFFFFFFFFFFFFFFFFFFFFFFFFFFFFFFFFFFFFFFFFFFFFFFFFFFFFFF35
:202BC000FFFFFFFFFFFFFFFFFFFFFFFFFFFFFFFFFFFFFFFFFFFFFFFFFFFFFFFFFFFFFFFF15
:202BE000FFFFFFFFFFFFFFFFFFFFFFFFFFFFFFFFFFFFFFFFFFFFFFFFFFFFFFFFFFFFFFFFF5
:202C0000FFFFFFFFFFFFFFFFFFFFFFFFFFFFFFFFFFFFFFFFFFFFFFFFFFFFFFFFFFFFFFFFD4
:202C2000FFFFFFFFFFFFFFFFFFFFFFFFFFFFFFFFFFFFFFFFFFFFFFFFFFFFFFFFFFFFFFFFB4
:202C4000FFFFFFFFFFFFFFFFFFFFFFFFFFFFFFFFFFFFFFFFFFFFFFFFFFFFFFFFFFFFFFFF94
:202C6000FFFFFFFFFFFFFFFFFFFFFFFFFFFFFFFFFFFFFFFFFFFFFFFFFFFFFFFFFFFFFFFF74
:202C8000FFFFFFFFFFFFFFFFFFFFFFFFFFFFFFFFFFFFFFFFFFFFFFFFFFFFFFFFFFFFFFFF54
:202CA000FFFFFFFFFFFFFFFFFFFFFFFFFFFFFFFFFFFFFFFFFFFFFFFFFFFFFFFFFFFFFFFF34
:202CC000FFFFFFFFFFFFFFFFFFFFFFFFFFFFFFFFFFFFFFFFFFFFFFFFFFFFFFFFFFFFFFFF14
:202CE000FFFFFFFFFFFFFFFFFFFFFFFFFFFFFFFFFFFFFFFFFFFFFFFFFFFFFFFFFFFFFFFFF4
:202D0000FFFFFFFFFFFFFFFFFFFFFFFFFFFFFFFFFFFFFFFFFFFFFFFFFFFFFFFFFFFFFFFFD3
:202D2000FFFFFFFFFFFFFFFFFFFFFFFFFFFFFFFFFFFFFFFFFFFFFFFFFFFFFFFFFFFFFFFFB3
:202D4000FFFFFFFFFFFFFFFFFFFFFFFFFFFFFFFFFFFFFFFFFFFFFFFFFFFFFFFFFFFFFFFF93
:202D6000FFFFFFFFFFFFFFFFFFFFFFFFFFFFFFFFFFFFFFFFFFFFFFFFFFFFFFFFFFFFFFFF73
:202D8000FFFFFFFFFFFFFFFFFFFFFFFFFFFFFFFFFFFFFFFFFFFFFFFFFFFFFFFFFFFFFFFF53
:202DA000FFFFFFFFFFFFFFFFFFFFFFFFFFFFFFFFFFFFFFFFFFFFFFFFFFFFFFFFFFFFFFFF33
:202DC000FFFFFFFFFFFFFFFFFFFFFFFFFFFFFFFFFFFFFFFFFFFFFFFFFFFFFFFFFFFFFFFF13
:202DE000FFFFFFFFFFFFFFFFFFFFFFFFFFFFFFFFFFFFFFFFFFFFFFFFFFFFFFFFFFFFFFFFF3
:202E0000FFFFFFFFFFFFFFFFFFFFFFFFFFFFFFFFFFFFFFFFFFFFFFFFFFFFFFFFFFFFFFFFD2
:202E2000FFFFFFFFFFFFFFFFFFFFFFFFFFFFFFFFFFFFFFFFFFFFFFFFFFFFFFFFFFFFFFFFB2
:202E4000FFFFFFFFFFFFFFFFFFFFFFFFFFFFFFFFFFFFFFFFFFFFFFFFFFFFFFFFFFFFFFFF92
:202E6000FFFFFFFFFFFFFFFFFFFFFFFFFFFFFFFFFFFFFFFFFFFFFFFFFFFFFFFFFFFFFFFF72
:202E8000FFFFFFFFFFFFFFFFFFFFFFFFFFFFFFFFFFFFFFFFFFFFFFFFFFFFFFFFFFFFFFFF52
:202EA000FFFFFFFFFFFFFFFFFFFFFFFFFFFFFFFFFFFFFFFFFFFFFFFFFFFFFFFFFFFFFFFF32
:202EC000FFFFFFFFFFFFFFFFFFFFFFFFFFFFFFFFFFFFFFFFFFFFFFFFFFFFFFFFFFFFFFFF12
:202EE000FFFFFFFFFFFFFFFFFFFFFFFFFFFFFFFFFFFFFFFFFFFFFFFFFFFFFFFFFFFFFFFFF2
:202F0000FFFFFFFFFFFFFFFFFFFFFFFFFFFFFFFFFFFFFFFFFFFFFFFFFFFFFFFFFFFFFFFFD1
:202F2000FFFFFFFFFFFFFFFFFFFFFFFFFFFFFFFFFFFFFFFFFFFFFFFFFFFFFFFFFFFFFFFFB1
:202F4000FFFFFFFFFFFFFFFFFFFFFFFFFFFFFFFFFFFFFFFFFFFFFFFFFFFFFFFFFFFFFFFF91
:202F6000FFFFFFFFFFFFFFFFFFFFFFFFFFFFFFFFFFFFFFFFFFFFFFFFFFFFFFFFFFFFFFFF71
:202F8000FFFFFFFFFFFFFFFFFFFFFFFFFFFFFFFFFFFFFFFFFFFFFFFFFFFFFFFFFFFFFFFF51
:202FA000FFFFFFFFFFFFFFFFFFFFFFFFFFFFFFFFFFFFFFFFFFFFFFFFFFFFFFFFFFFFFFFF31
:202FC000FFFFFFFFFFFFFFFFFFFFFFFFFFFFFFFFFFFFFFFFFFFFFFFFFFFFFFFFFFFFFFFF11
:202FE000FFFFFFFFFFFFFFFFFFFFFFFFFFFFFFFFFFFFFFFFFFFFFFFFFFFFFFFFFFFFFFFFF1
:20300000FFFFFFFFFFFFFFFFFFFFFFFFFFFFFFFFFFFFFFFFFFFFFFFFFFFFFFFFFFFFFFFFD0
:20302000FFFFFFFFFFFFFFFFFFFFFFFFFFFFFFFFFFFFFFFFFFFFFFFFFFFFFFFFFFFFFFFFB0
:20304000FFFFFFFFFFFFFFFFFFFFFFFFFFFFFFFFFFFFFFFFFFFFFFFFFFFFFFFFFFFFFFFF90
:20306000FFFFFFFFFFFFFFFFFFFFFFFFFFFFFFFFFFFFFFFFFFFFFFFFFFFFFFFFFFFFFFFF70
:20308000FFFFFFFFFFFFFFFFFFFFFFFFFFFFFFFFFFFFFFFFFFFFFFFFFFFFFFFFFFFFFFFF50
:2030A000FFFFFFFFFFFFFFFFFFFFFFFFFFFFFFFFFFFFFFFFFFFFFFFFFFFFFFFFFFFFFFFF30
:2030C000FFFFFFFFFFFFFFFFFFFFFFFFFFFFFFFFFFFFFFFFFFFFFFFFFFFFFFFFFFFFFFFF10
:2030E000FFFFFFFFFFFFFFFFFFFFFFFFFFFFFFFFFFFFFFFFFFFFFFFFFFFFFFFFFFFFFFFFF0
:20310000FFFFFFFFFFFFFFFFFFFFFFFFFFFFFFFFFFFFFFFFFFFFFFFFFFFFFFFFFFFFFFFFCF
:20312000FFFFFFFFFFFFFFFFFFFFFFFFFFFFFFFFFFFFFFFFFFFFFFFFFFFFFFFFFFFFFFFFAF
:20314000FFFFFFFFFFFFFFFFFFFFFFFFFFFFFFFFFFFFFFFFFFFFFFFFFFFFFFFFFFFFFFFF8F
:20316000FFFFFFFFFFFFFFFFFFFFFFFFFFFFFFFFFFFFFFFFFFFFFFFFFFFFFFFFFFFFFFFF6F
:20318000FFFFFFFFFFFFFFFFFFFFFFFFFFFFFFFFFFFFFFFFFFFFFFFFFFFFFFFFFFFFFFFF4F
:2031A000FFFFFFFFFFFFFFFFFFFFFFFFFFFFFFFFFFFFFFFFFFFFFFFFFFFFFFFFFFFFFFFF2F
:2031C000FFFFFFFFFFFFFFFFFFFFFFFFFFFFFFFFFFFFFFFFFFFFFFFFFFFFFFFFFFFFFFFF0F
:2031E000FFFFFFFFFFFFFFFFFFFFFFFFFFFFFFFFFFFFFFFFFFFFFFFFFFFFFFFFFFFFFFFFEF
:20320000FFFFFFFFFFFFFFFFFFFFFFFFFFFFFFFFFFFFFFFFFFFFFFFFFFFFFFFFFFFFFFFFCE
:20322000FFFFFFFFFFFFFFFFFFFFFFFFFFFFFFFFFFFFFFFFFFFFFFFFFFFFFFFFFFFFFFFFAE
:20324000FFFFFFFFFFFFFFFFFFFFFFFFFFFFFFFFFFFFFFFFFFFFFFFFFFFFFFFFFFFFFFFF8E
:20326000FFFFFFFFFFFFFFFFFFFFFFFFFFFFFFFFFFFFFFFFFFFFFFFFFFFFFFFFFFFFFFFF6E
:20328000FFFFFFFFFFFFFFFFFFFFFFFFFFFFFFFFFFFFFFFFFFFFFFFFFFFFFFFFFFFFFFFF4E
:2032A000FFFFFFFFFFFFFFFFFFFFFFFFFFFFFFFFFFFFFFFFFFFFFFFFFFFFFFFFFFFFFFFF2E
:2032C000FFFFFFFFFFFFFFFFFFFFFFFFFFFFFFFFFFFFFFFFFFFFFFFFFFFFFFFFFFFFFFFF0E
:2032E000FFFFFFFFFFFFFFFFFFFFFFFFFFFFFFFFFFFFFFFFFFFFFFFFFFFFFFFFFFFFFFFFEE
:20330000FFFFFFFFFFFFFFFFFFFFFFFFFFFFFFFFFFFFFFFFFFFFFFFFFFFFFFFFFFFFFFFFCD
:20332000FFFFFFFFFFFFFFFFFFFFFFFFFFFFFFFFFFFFFFFFFFFFFFFFFFFFFFFFFFFFFFFFAD
:20334000FFFFFFFFFFFFFFFFFFFFFFFFFFFFFFFFFFFFFFFFFFFFFFFFFFFFFFFFFFFFFFFF8D
:20336000FFFFFFFFFFFFFFFFFFFFFFFFFFFFFFFFFFFFFFFFFFFFFFFFFFFFFFFFFFFFFFFF6D
:20338000FFFFFFFFFFFFFFFFFFFFFFFFFFFFFFFFFFFFFFFFFFFFFFFFFFFFFFFFFFFFFFFF4D
:2033A000FFFFFFFFFFFFFFFFFFFFFFFFFFFFFFFFFFFFFFFFFFFFFFFFFFFFFFFFFFFFFFFF2D
:2033C000FFFFFFFFFFFFFFFFFFFFFFFFFFFFFFFFFFFFFFFFFFFFFFFFFFFFFFFFFFFFFFFF0D
:2033E000FFFFFFFFFFFFFFFFFFFFFFFFFFFFFFFFFFFFFFFFFFFFFFFFFFFFFFFFFFFFFFFFED
:20340000FFFFFFFFFFFFFFFFFFFFFFFFFFFFFFFFFFFFFFFFFFFFFFFFFFFFFFFFFFFFFFFFCC
:20342000FFFFFFFFFFFFFFFFFFFFFFFFFFFFFFFFFFFFFFFFFFFFFFFFFFFFFFFFFFFFFFFFAC
:20344000FFFFFFFFFFFFFFFFFFFFFFFFFFFFFFFFFFFFFFFFFFFFFFFFFFFFFFFFFFFFFFFF8C
:20346000FFFFFFFFFFFFFFFFFFFFFFFFFFFFFFFFFFFFFFFFFFFFFFFFFFFFFFFFFFFFFFFF6C
:20348000FFFFFFFFFFFFFFFFFFFFFFFFFFFFFFFFFFFFFFFFFFFFFFFFFFFFFFFFFFFFFFFF4C
:2034A000FFFFFFFFFFFFFFFFFFFFFFFFFFFFFFFFFFFFFFFFFFFFFFFFFFFFFFFFFFFFFFFF2C
:2034C000FFFFFFFFFFFFFFFFFFFFFFFFFFFFFFFFFFFFFFFFFFFFFFFFFFFFFFFFFFFFFFFF0C
:2034E000FFFFFFFFFFFFFFFFFFFFFFFFFFFFFFFFFFFFFFFFFFFFFFFFFFFFFFFFFFFFFFFFEC
:20350000FFFFFFFFFFFFFFFFFFFFFFFFFFFFFFFFFFFFFFFFFFFFFFFFFFFFFFFFFFFFFFFFCB
:20352000FFFFFFFFFFFFFFFFFFFFFFFFFFFFFFFFFFFFFFFFFFFFFFFFFFFFFFFFFFFFFFFFAB
:20354000FFFFFFFFFFFFFFFFFFFFFFFFFFFFFFFFFFFFFFFFFFFFFFFFFFFFFFFFFFFFFFFF8B
:20356000FFFFFFFFFFFFFFFFFFFFFFFFFFFFFFFFFFFFFFFFFFFFFFFFFFFFFFFFFFFFFFFF6B
:20358000FFFFFFFFFFFFFFFFFFFFFFFFFFFFFFFFFFFFFFFFFFFFFFFFFFFFFFFFFFFFFFFF4B
:2035A000FFFFFFFFFFFFFFFFFFFFFFFFFFFFFFFFFFFFFFFFFFFFFFFFFFFFFFFFFFFFFFFF2B
:2035C000FFFFFFFFFFFFFFFFFFFFFFFFFFFFFFFFFFFFFFFFFFFFFFFFFFFFFFFFFFFFFFFF0B
:2035E000FFFFFFFFFFFFFFFFFFFFFFFFFFFFFFFFFFFFFFFFFFFFFFFFFFFFFFFFFFFFFFFFEB
:20360000FFFFFFFFFFFFFFFFFFFFFFFFFFFFFFFFFFFFFFFFFFFFFFFFFFFFFFFFFFFFFFFFCA
:20362000FFFFFFFFFFFFFFFFFFFFFFFFFFFFFFFFFFFFFFFFFFFFFFFFFFFFFFFFFFFFFFFFAA
:20364000FFFFFFFFFFFFFFFFFFFFFFFFFFFFFFFFFFFFFFFFFFFFFFFFFFFFFFFFFFFFFFFF8A
:20366000FFFFFFFFFFFFFFFFFFFFFFFFFFFFFFFFFFFFFFFFFFFFFFFFFFFFFFFFFFFFFFFF6A
:20368000FFFFFFFFFFFFFFFFFFFFFFFFFFFFFFFFFFFFFFFFFFFFFFFFFFFFFFFFFFFFFFFF4A
:2036A000FFFFFFFFFFFFFFFFFFFFFFFFFFFFFFFFFFFFFFFFFFFFFFFFFFFFFFFFFFFFFFFF2A
:2036C000FFFFFFFFFFFFFFFFFFFFFFFFFFFFFFFFFFFFFFFFFFFFFFFFFFFFFFFFFFFFFFFF0A
:2036E000FFFFFFFFFFFFFFFFFFFFFFFFFFFFFFFFFFFFFFFFFFFFFFFFFFFFFFFFFFFFFFFFEA
:20370000FFFFFFFFFFFFFFFFFFFFFFFFFFFFFFFFFFFFFFFFFFFFFFFFFFFFFFFFFFFFFFFFC9
:20372000FFFFFFFFFFFFFFFFFFFFFFFFFFFFFFFFFFFFFFFFFFFFFFFFFFFFFFFFFFFFFFFFA9
:20374000FFFFFFFFFFFFFFFFFFFFFFFFFFFFFFFFFFFFFFFFFFFFFFFFFFFFFFFFFFFFFFFF89
:20376000FFFFFFFFFFFFFFFFFFFFFFFFFFFFFFFFFFFFFFFFFFFFFFFFFFFFFFFFFFFFFFFF69
:20378000FFFFFFFFFFFFFFFFFFFFFFFFFFFFFFFFFFFFFFFFFFFFFFFFFFFFFFFFFFFFFFFF49
:2037A000FFFFFFFFFFFFFFFFFFFFFFFFFFFFFFFFFFFFFFFFFFFFFFFFFFFFFFFFFFFFFFFF29
:2037C000FFFFFFFFFFFFFFFFFFFFFFFFFFFFFFFFFFFFFFFFFFFFFFFFFFFFFFFFFFFFFFFF09
:2037E000FFFFFFFFFFFFFFFFFFFFFFFFFFFFFFFFFFFFFFFFFFFFFFFFFFFFFFFFFFFFFFFFE9
:20380000FFFFFFFFFFFFFFFFFFFFFFFFFFFFFFFFFFFFFFFFFFFFFFFFFFFFFFFFFFFFFFFFC8
:20382000FFFFFFFFFFFFFFFFFFFFFFFFFFFFFFFFFFFFFFFFFFFFFFFFFFFFFFFFFFFFFFFFA8
:20384000FFFFFFFFFFFFFFFFFFFFFFFFFFFFFFFFFFFFFFFFFFFFFFFFFFFFFFFFFFFFFFFF88
:20386000FFFFFFFFFFFFFFFFFFFFFFFFFFFFFFFFFFFFFFFFFFFFFFFFFFFFFFFFFFFFFFFF68
:20388000FFFFFFFFFFFFFFFFFFFFFFFFFFFFFFFFFFFFFFFFFFFFFFFFFFFFFFFFFFFFFFFF48
:2038A000FFFFFFFFFFFFFFFFFFFFFFFFFFFFFFFFFFFFFFFFFFFFFFFFFFFFFFFFFFFFFFFF28
:2038C000FFFFFFFFFFFFFFFFFFFFFFFFFFFFFFFFFFFFFFFFFFFFFFFFFFFFFFFFFFFFFFFF08
:2038E000FFFFFFFFFFFFFFFFFFFFFFFFFFFFFFFFFFFFFFFFFFFFFFFFFFFFFFFFFFFFFFFFE8
:20390000FFFFFFFFFFFFFFFFFFFFFFFFFFFFFFFFFFFFFFFFFFFFFFFFFFFFFFFFFFFFFFFFC7
:20392000FFFFFFFFFFFFFFFFFFFFFFFFFFFFFFFFFFFFFFFFFFFFFFFFFFFFFFFFFFFFFFFFA7
:20394000FFFFFFFFFFFFFFFFFFFFFFFFFFFFFFFFFFFFFFFFFFFFFFFFFFFFFFFFFFFFFFFF87
:20396000FFFFFFFFFFFFFFFFFFFFFFFFFFFFFFFFFFFFFFFFFFFFFFFFFFFFFFFFFFFFFFFF67
:20398000FFFFFFFFFFFFFFFFFFFFFFFFFFFFFFFFFFFFFFFFFFFFFFFFFFFFFFFFFFFFFFFF47
:2039A000FFFFFFFFFFFFFFFFFFFFFFFFFFFFFFFFFFFFFFFFFFFFFFFFFFFFFFFFFFFFFFFF27
:2039C000FFFFFFFFFFFFFFFFFFFFFFFFFFFFFFFFFFFFFFFFFFFFFFFFFFFFFFFFFFFFFFFF07
:2039E000FFFFFFFFFFFFFFFFFFFFFFFFFFFFFFFFFFFFFFFFFFFFFFFFFFFFFFFFFFFFFFFFE7
:203A0000FFFFFFFFFFFFFFFFFFFFFFFFFFFFFFFFFFFFFFFFFFFFFFFFFFFFFFFFFFFFFFFFC6
:203A2000FFFFFFFFFFFFFFFFFFFFFFFFFFFFFFFFFFFFFFFFFFFFFFFFFFFFFFFFFFFFFFFFA6
:203A4000FFFFFFFFFFFFFFFFFFFFFFFFFFFFFFFFFFFFFFFFFFFFFFFFFFFFFFFFFFFFFFFF86
:203A6000FFFFFFFFFFFFFFFFFFFFFFFFFFFFFFFFFFFFFFFFFFFFFFFFFFFFFFFFFFFFFFFF66
:203A8000FFFFFFFFFFFFFFFFFFFFFFFFFFFFFFFFFFFFFFFFFFFFFFFFFFFFFFFFFFFFFFFF46
:203AA000FFFFFFFFFFFFFFFFFFFFFFFFFFFFFFFFFFFFFFFFFFFFFFFFFFFFFFFFFFFFFFFF26
:203AC000FFFFFFFFFFFFFFFFFFFFFFFFFFFFFFFFFFFFFFFFFFFFFFFFFFFFFFFFFFFFFFFF06
:203AE000FFFFFFFFFFFFFFFFFFFFFFFFFFFFFFFFFFFFFFFFFFFFFFFFFFFFFFFFFFFFFFFFE6
:203B0000FFFFFFFFFFFFFFFFFFFFFFFFFFFFFFFFFFFFFFFFFFFFFFFFFFFFFFFFFFFFFFFFC5
:203B2000FFFFFFFFFFFFFFFFFFFFFFFFFFFFFFFFFFFFFFFFFFFFFFFFFFFFFFFFFFFFFFFFA5
:203B4000FFFFFFFFFFFFFFFFFFFFFFFFFFFFFFFFFFFFFFFFFFFFFFFFFFFFFFFFFFFFFFFF85
:203B6000FFFFFFFFFFFFFFFFFFFFFFFFFFFFFFFFFFFFFFFFFFFFFFFFFFFFFFFFFFFFFFFF65
:203B8000FFFFFFFFFFFFFFFFFFFFFFFFFFFFFFFFFFFFFFFFFFFFFFFFFFFFFFFFFFFFFFFF45
:203BA000FFFFFFFFFFFFFFFFFFFFFFFFFFFFFFFFFFFFFFFFFFFFFFFFFFFFFFFFFFFFFFFF25
:203BC000FFFFFFFFFFFFFFFFFFFFFFFFFFFFFFFFFFFFFFFFFFFFFFFFFFFFFFFFFFFFFFFF05
:203BE000FFFFFFFFFFFFFFFFFFFFFFFFFFFFFFFFFFFFFFFFFFFFFFFFFFFFFFFFFFFFFFFFE5
:203C0000FFFFFFFFFFFFFFFFFFFFFFFFFFFFFFFFFFFFFFFFFFFFFFFFFFFFFFFFFFFFFFFFC4
:203C2000FFFFFFFFFFFFFFFFFFFFFFFFFFFFFFFFFFFFFFFFFFFFFFFFFFFFFFFFFFFFFFFFA4
:203C4000FFFFFFFFFFFFFFFFFFFFFFFFFFFFFFFFFFFFFFFFFFFFFFFFFFFFFFFFFFFFFFFF84
:203C6000FFFFFFFFFFFFFFFFFFFFFFFFFFFFFFFFFFFFFFFFFFFFFFFFFFFFFFFFFFFFFFFF64
:203C8000FFFFFFFFFFFFFFFFFFFFFFFFFFFFFFFFFFFFFFFFFFFFFFFFFFFFFFFFFFFFFFFF44
:203CA000FFFFFFFFFFFFFFFFFFFFFFFFFFFFFFFFFFFFFFFFFFFFFFFFFFFFFFFFFFFFFFFF24
:203CC000FFFFFFFFFFFFFFFFFFFFFFFFFFFFFFFFFFFFFFFFFFFFFFFFFFFFFFFFFFFFFFFF04
:203CE000FFFFFFFFFFFFFFFFFFFFFFFFFFFFFFFFFFFFFFFFFFFFFFFFFFFFFFFFFFFFFFFFE4
:203D0000FFFFFFFFFFFFFFFFFFFFFFFFFFFFFFFFFFFFFFFFFFFFFFFFFFFFFFFFFFFFFFFFC3
:203D2000FFFFFFFFFFFFFFFFFFFFFFFFFFFFFFFFFFFFFFFFFFFFFFFFFFFFFFFFFFFFFFFFA3
:203D4000FFFFFFFFFFFFFFFFFFFFFFFFFFFFFFFFFFFFFFFFFFFFFFFFFFFFFFFFFFFFFFFF83
:203D6000FFFFFFFFFFFFFFFFFFFFFFFFFFFFFFFFFFFFFFFFFFFFFFFFFFFFFFFFFFFFFFFF63
:203D8000FFFFFFFFFFFFFFFFFFFFFFFFFFFFFFFFFFFFFFFFFFFFFFFFFFFFFFFFFFFFFFFF43
:203DA000FFFFFFFFFFFFFFFFFFFFFFFFFFFFFFFFFFFFFFFFFFFFFFFFFFFFFFFFFFFFFFFF23
:203DC000FFFFFFFFFFFFFFFFFFFFFFFFFFFFFFFFFFFFFFFFFFFFFFFFFFFFFFFFFFFFFFFF03
:203DE000FFFFFFFFFFFFFFFFFFFFFFFFFFFFFFFFFFFFFFFFFFFFFFFFFFFFFFFFFFFFFFFFE3
:203E0000FFFFFFFFFFFFFFFFFFFFFFFFFFFFFFFFFFFFFFFFFFFFFFFFFFFFFFFFFFFFFFFFC2
:203E2000FFFFFFFFFFFFFFFFFFFFFFFFFFFFFFFFFFFFFFFFFFFFFFFFFFFFFFFFFFFFFFFFA2
:203E4000FFFFFFFFFFFFFFFFFFFFFFFFFFFFFFFFFFFFFFFFFFFFFFFFFFFFFFFFFFFFFFFF82
:203E6000FFFFFFFFFFFFFFFFFFFFFFFFFFFFFFFFFFFFFFFFFFFFFFFFFFFFFFFFFFFFFFFF62
:203E8000FFFFFFFFFFFFFFFFFFFFFFFFFFFFFFFFFFFFFFFFFFFFFFFFFFFFFFFFFFFFFFFF42
:203EA000FFFFFFFFFFFFFFFFFFFFFFFFFFFFFFFFFFFFFFFFFFFFFFFFFFFFFFFFFFFFFFFF22
:203EC000FFFFFFFFFFFFFFFFFFFFFFFFFFFFFFFFFFFFFFFFFFFFFFFFFFFFFFFFFFFFFFFF02
:203EE000FFFFFFFFFFFFFFFFFFFFFFFFFFFFFFFFFFFFFFFFFFFFFFFFFFFFFFFFFFFFFFFFE2
:203F0000FFFFFFFFFFFFFFFFFFFFFFFFFFFFFFFFFFFFFFFFFFFFFFFFFFFFFFFFFFFFFFFFC1
:203F2000FFFFFFFFFFFFFFFFFFFFFFFFFFFFFFFFFFFFFFFFFFFFFFFFFFFFFFFFFFFFFFFFA1
:203F4000FFFFFFFFFFFFFFFFFFFFFFFFFFFFFFFFFFFFFFFFFFFFFFFFFFFFFFFFFFFFFFFF81
:203F6000FFFFFFFFFFFFFFFFFFFFFFFFFFFFFFFFFFFFFFFFFFFFFFFFFFFFFFFFFFFFFFFF61
:203F8000FFFFFFFFFFFFFFFFFFFFFFFFFFFFFFFFFFFFFFFFFFFFFFFFFFFFFFFFFFFFFFFF41
:203FA000FFFFFFFFFFFFFFFFFFFFFFFFFFFFFFFFFFFFFFFFFFFFFFFFFFFFFFFFFFFFFFFF21
:203FC000FFFFFFFFFFFFFFFFFFFFFFFFFFFFFFFFFFFFFFFFFFFFFFFFFFFFFFFFFFFFFFFF01
:203FE000FFFFFFFFFFFFFFFFFFFFFFFFFFFFFFFFFFFFFFFFFFFFFFFFFFFFFFFFFFFFFFFFE1
:20400000FFFFFFFFFFFFFFFFFFFFFFFFFFFFFFFFFFFFFFFFFFFFFFFFFFFFFFFFFFFFFFFFC0
:20402000FFFFFFFFFFFFFFFFFFFFFFFFFFFFFFFFFFFFFFFFFFFFFFFFFFFFFFFFFFFFFFFFA0
:20404000FFFFFFFFFFFFFFFFFFFFFFFFFFFFFFFFFFFFFFFFFFFFFFFFFFFFFFFFFFFFFFFF80
:20406000FFFFFFFFFFFFFFFFFFFFFFFFFFFFFFFFFFFFFFFFFFFFFFFFFFFFFFFFFFFFFFFF60
:20408000FFFFFFFFFFFFFFFFFFFFFFFFFFFFFFFFFFFFFFFFFFFFFFFFFFFFFFFFFFFFFFFF40
:2040A000FFFFFFFFFFFFFFFFFFFFFFFFFFFFFFFFFFFFFFFFFFFFFFFFFFFFFFFFFFFFFFFF20
:2040C000FFFFFFFFFFFFFFFFFFFFFFFFFFFFFFFFFFFFFFFFFFFFFFFFFFFFFFFFFFFFFFFF00
:2040E000FFFFFFFFFFFFFFFFFFFFFFFFFFFFFFFFFFFFFFFFFFFFFFFFFFFFFFFFFFFFFFFFE0
:20410000FFFFFFFFFFFFFFFFFFFFFFFFFFFFFFFFFFFFFFFFFFFFFFFFFFFFFFFFFFFFFFFFBF
:20412000FFFFFFFFFFFFFFFFFFFFFFFFFFFFFFFFFFFFFFFFFFFFFFFFFFFFFFFFFFFFFFFF9F
:20414000FFFFFFFFFFFFFFFFFFFFFFFFFFFFFFFFFFFFFFFFFFFFFFFFFFFFFFFFFFFFFFFF7F
:20416000FFFFFFFFFFFFFFFFFFFFFFFFFFFFFFFFFFFFFFFFFFFFFFFFFFFFFFFFFFFFFFFF5F
:20418000FFFFFFFFFFFFFFFFFFFFFFFFFFFFFFFFFFFFFFFFFFFFFFFFFFFFFFFFFFFFFFFF3F
:2041A000FFFFFFFFFFFFFFFFFFFFFFFFFFFFFFFFFFFFFFFFFFFFFFFFFFFFFFFFFFFFFFFF1F
:2041C000FFFFFFFFFFFFFFFFFFFFFFFFFFFFFFFFFFFFFFFFFFFFFFFFFFFFFFFFFFFFFFFFFF
:2041E000FFFFFFFFFFFFFFFFFFFFFFFFFFFFFFFFFFFFFFFFFFFFFFFFFFFFFFFFFFFFFFFFDF
:20420000FFFFFFFFFFFFFFFFFFFFFFFFFFFFFFFFFFFFFFFFFFFFFFFFFFFFFFFFFFFFFFFFBE
:20422000FFFFFFFFFFFFFFFFFFFFFFFFFFFFFFFFFFFFFFFFFFFFFFFFFFFFFFFFFFFFFFFF9E
:20424000FFFFFFFFFFFFFFFFFFFFFFFFFFFFFFFFFFFFFFFFFFFFFFFFFFFFFFFFFFFFFFFF7E
:20426000FFFFFFFFFFFFFFFFFFFFFFFFFFFFFFFFFFFFFFFFFFFFFFFFFFFFFFFFFFFFFFFF5E
:20428000FFFFFFFFFFFFFFFFFFFFFFFFFFFFFFFFFFFFFFFFFFFFFFFFFFFFFFFFFFFFFFFF3E
:2042A000FFFFFFFFFFFFFFFFFFFFFFFFFFFFFFFFFFFFFFFFFFFFFFFFFFFFFFFFFFFFFFFF1E
:2042C000FFFFFFFFFFFFFFFFFFFFFFFFFFFFFFFFFFFFFFFFFFFFFFFFFFFFFFFFFFFFFFFFFE
:2042E000FFFFFFFFFFFFFFFFFFFFFFFFFFFFFFFFFFFFFFFFFFFFFFFFFFFFFFFFFFFFFFFFDE
:20430000FFFFFFFFFFFFFFFFFFFFFFFFFFFFFFFFFFFFFFFFFFFFFFFFFFFFFFFFFFFFFFFFBD
:20432000FFFFFFFFFFFFFFFFFFFFFFFFFFFFFFFFFFFFFFFFFFFFFFFFFFFFFFFFFFFFFFFF9D
:20434000FFFFFFFFFFFFFFFFFFFFFFFFFFFFFFFFFFFFFFFFFFFFFFFFFFFFFFFFFFFFFFFF7D
:20436000FFFFFFFFFFFFFFFFFFFFFFFFFFFFFFFFFFFFFFFFFFFFFFFFFFFFFFFFFFFFFFFF5D
:20438000FFFFFFFFFFFFFFFFFFFFFFFFFFFFFFFFFFFFFFFFFFFFFFFFFFFFFFFFFFFFFFFF3D
:2043A000FFFFFFFFFFFFFFFFFFFFFFFFFFFFFFFFFFFFFFFFFFFFFFFFFFFFFFFFFFFFFFFF1D
:2043C000FFFFFFFFFFFFFFFFFFFFFFFFFFFFFFFFFFFFFFFFFFFFFFFFFFFFFFFFFFFFFFFFFD
:2043E000FFFFFFFFFFFFFFFFFFFFFFFFFFFFFFFFFFFFFFFFFFFFFFFFFFFFFFFFFFFFFFFFDD
:20440000FFFFFFFFFFFFFFFFFFFFFFFFFFFFFFFFFFFFFFFFFFFFFFFFFFFFFFFFFFFFFFFFBC
:20442000FFFFFFFFFFFFFFFFFFFFFFFFFFFFFFFFFFFFFFFFFFFFFFFFFFFFFFFFFFFFFFFF9C
:20444000FFFFFFFFFFFFFFFFFFFFFFFFFFFFFFFFFFFFFFFFFFFFFFFFFFFFFFFFFFFFFFFF7C
:20446000FFFFFFFFFFFFFFFFFFFFFFFFFFFFFFFFFFFFFFFFFFFFFFFFFFFFFFFFFFFFFFFF5C
:20448000FFFFFFFFFFFFFFFFFFFFFFFFFFFFFFFFFFFFFFFFFFFFFFFFFFFFFFFFFFFFFFFF3C
:2044A000FFFFFFFFFFFFFFFFFFFFFFFFFFFFFFFFFFFFFFFFFFFFFFFFFFFFFFFFFFFFFFFF1C
:2044C000FFFFFFFFFFFFFFFFFFFFFFFFFFFFFFFFFFFFFFFFFFFFFFFFFFFFFFFFFFFFFFFFFC
:2044E000FFFFFFFFFFFFFFFFFFFFFFFFFFFFFFFFFFFFFFFFFFFFFFFFFFFFFFFFFFFFFFFFDC
:20450000FFFFFFFFFFFFFFFFFFFFFFFFFFFFFFFFFFFFFFFFFFFFFFFFFFFFFFFFFFFFFFFFBB
:20452000FFFFFFFFFFFFFFFFFFFFFFFFFFFFFFFFFFFFFFFFFFFFFFFFFFFFFFFFFFFFFFFF9B
:20454000FFFFFFFFFFFFFFFFFFFFFFFFFFFFFFFFFFFFFFFFFFFFFFFFFFFFFFFFFFFFFFFF7B
:20456000FFFFFFFFFFFFFFFFFFFFFFFFFFFFFFFFFFFFFFFFFFFFFFFFFFFFFFFFFFFFFFFF5B
:20458000FFFFFFFFFFFFFFFFFFFFFFFFFFFFFFFFFFFFFFFFFFFFFFFFFFFFFFFFFFFFFFFF3B
:2045A000FFFFFFFFFFFFFFFFFFFFFFFFFFFFFFFFFFFFFFFFFFFFFFFFFFFFFFFFFFFFFFFF1B
:2045C000FFFFFFFFFFFFFFFFFFFFFFFFFFFFFFFFFFFFFFFFFFFFFFFFFFFFFFFFFFFFFFFFFB
:2045E000FFFFFFFFFFFFFFFFFFFFFFFFFFFFFFFFFFFFFFFFFFFFFFFFFFFFFFFFFFFFFFFFDB
:20460000FFFFFFFFFFFFFFFFFFFFFFFFFFFFFFFFFFFFFFFFFFFFFFFFFFFFFFFFFFFFFFFFBA
:20462000FFFFFFFFFFFFFFFFFFFFFFFFFFFFFFFFFFFFFFFFFFFFFFFFFFFFFFFFFFFFFFFF9A
:20464000FFFFFFFFFFFFFFFFFFFFFFFFFFFFFFFFFFFFFFFFFFFFFFFFFFFFFFFFFFFFFFFF7A
:20466000FFFFFFFFFFFFFFFFFFFFFFFFFFFFFFFFFFFFFFFFFFFFFFFFFFFFFFFFFFFFFFFF5A
:20468000FFFFFFFFFFFFFFFFFFFFFFFFFFFFFFFFFFFFFFFFFFFFFFFFFFFFFFFFFFFFFFFF3A
:2046A000FFFFFFFFFFFFFFFFFFFFFFFFFFFFFFFFFFFFFFFFFFFFFFFFFFFFFFFFFFFFFFFF1A
:2046C000FFFFFFFFFFFFFFFFFFFFFFFFFFFFFFFFFFFFFFFFFFFFFFFFFFFFFFFFFFFFFFFFFA
:2046E000FFFFFFFFFFFFFFFFFFFFFFFFFFFFFFFFFFFFFFFFFFFFFFFFFFFFFFFFFFFFFFFFDA
:20470000FFFFFFFFFFFFFFFFFFFFFFFFFFFFFFFFFFFFFFFFFFFFFFFFFFFFFFFFFFFFFFFFB9
:20472000FFFFFFFFFFFFFFFFFFFFFFFFFFFFFFFFFFFFFFFFFFFFFFFFFFFFFFFFFFFFFFFF99
:20474000FFFFFFFFFFFFFFFFFFFFFFFFFFFFFFFFFFFFFFFFFFFFFFFFFFFFFFFFFFFFFFFF79
:20476000FFFFFFFFFFFFFFFFFFFFFFFFFFFFFFFFFFFFFFFFFFFFFFFFFFFFFFFFFFFFFFFF59
:20478000FFFFFFFFFFFFFFFFFFFFFFFFFFFFFFFFFFFFFFFFFFFFFFFFFFFFFFFFFFFFFFFF39
:2047A000FFFFFFFFFFFFFFFFFFFFFFFFFFFFFFFFFFFFFFFFFFFFFFFFFFFFFFFFFFFFFFFF19
:2047C000FFFFFFFFFFFFFFFFFFFFFFFFFFFFFFFFFFFFFFFFFFFFFFFFFFFFFFFFFFFFFFFFF9
:2047E000FFFFFFFFFFFFFFFFFFFFFFFFFFFFFFFFFFFFFFFFFFFFFFFFFFFFFFFFFFFFFFFFD9
:20480000FFFFFFFFFFFFFFFFFFFFFFFFFFFFFFFFFFFFFFFFFFFFFFFFFFFFFFFFFFFFFFFFB8
:20482000FFFFFFFFFFFFFFFFFFFFFFFFFFFFFFFFFFFFFFFFFFFFFFFFFFFFFFFFFFFFFFFF98
:20484000FFFFFFFFFFFFFFFFFFFFFFFFFFFFFFFFFFFFFFFFFFFFFFFFFFFFFFFFFFFFFFFF78
:20486000FFFFFFFFFFFFFFFFFFFFFFFFFFFFFFFFFFFFFFFFFFFFFFFFFFFFFFFFFFFFFFFF58
:20488000FFFFFFFFFFFFFFFFFFFFFFFFFFFFFFFFFFFFFFFFFFFFFFFFFFFFFFFFFFFFFFFF38
:2048A000FFFFFFFFFFFFFFFFFFFFFFFFFFFFFFFFFFFFFFFFFFFFFFFFFFFFFFFFFFFFFFFF18
:2048C000FFFFFFFFFFFFFFFFFFFFFFFFFFFFFFFFFFFFFFFFFFFFFFFFFFFFFFFFFFFFFFFFF8
:2048E000FFFFFFFFFFFFFFFFFFFFFFFFFFFFFFFFFFFFFFFFFFFFFFFFFFFFFFFFFFFFFFFFD8
:20490000FFFFFFFFFFFFFFFFFFFFFFFFFFFFFFFFFFFFFFFFFFFFFFFFFFFFFFFFFFFFFFFFB7
:20492000FFFFFFFFFFFFFFFFFFFFFFFFFFFFFFFFFFFFFFFFFFFFFFFFFFFFFFFFFFFFFFFF97
:20494000FFFFFFFFFFFFFFFFFFFFFFFFFFFFFFFFFFFFFFFFFFFFFFFFFFFFFFFFFFFFFFFF77
:20496000FFFFFFFFFFFFFFFFFFFFFFFFFFFFFFFFFFFFFFFFFFFFFFFFFFFFFFFFFFFFFFFF57
:20498000FFFFFFFFFFFFFFFFFFFFFFFFFFFFFFFFFFFFFFFFFFFFFFFFFFFFFFFFFFFFFFFF37
:2049A000FFFFFFFFFFFFFFFFFFFFFFFFFFFFFFFFFFFFFFFFFFFFFFFFFFFFFFFFFFFFFFFF17
:2049C000FFFFFFFFFFFFFFFFFFFFFFFFFFFFFFFFFFFFFFFFFFFFFFFFFFFFFFFFFFFFFFFFF7
:2049E000FFFFFFFFFFFFFFFFFFFFFFFFFFFFFFFFFFFFFFFFFFFFFFFFFFFFFFFFFFFFFFFFD7
:204A0000FFFFFFFFFFFFFFFFFFFFFFFFFFFFFFFFFFFFFFFFFFFFFFFFFFFFFFFFFFFFFFFFB6
:204A2000FFFFFFFFFFFFFFFFFFFFFFFFFFFFFFFFFFFFFFFFFFFFFFFFFFFFFFFFFFFFFFFF96
:204A4000FFFFFFFFFFFFFFFFFFFFFFFFFFFFFFFFFFFFFFFFFFFFFFFFFFFFFFFFFFFFFFFF76
:204A6000FFFFFFFFFFFFFFFFFFFFFFFFFFFFFFFFFFFFFFFFFFFFFFFFFFFFFFFFFFFFFFFF56
:204A8000FFFFFFFFFFFFFFFFFFFFFFFFFFFFFFFFFFFFFFFFFFFFFFFFFFFFFFFFFFFFFFFF36
:204AA000FFFFFFFFFFFFFFFFFFFFFFFFFFFFFFFFFFFFFFFFFFFFFFFFFFFFFFFFFFFFFFFF16
:204AC000FFFFFFFFFFFFFFFFFFFFFFFFFFFFFFFFFFFFFFFFFFFFFFFFFFFFFFFFFFFFFFFFF6
:204AE000FFFFFFFFFFFFFFFFFFFFFFFFFFFFFFFFFFFFFFFFFFFFFFFFFFFFFFFFFFFFFFFFD6
:204B0000FFFFFFFFFFFFFFFFFFFFFFFFFFFFFFFFFFFFFFFFFFFFFFFFFFFFFFFFFFFFFFFFB5
:204B2000FFFFFFFFFFFFFFFFFFFFFFFFFFFFFFFFFFFFFFFFFFFFFFFFFFFFFFFFFFFFFFFF95
:204B4000FFFFFFFFFFFFFFFFFFFFFFFFFFFFFFFFFFFFFFFFFFFFFFFFFFFFFFFFFFFFFFFF75
:204B6000FFFFFFFFFFFFFFFFFFFFFFFFFFFFFFFFFFFFFFFFFFFFFFFFFFFFFFFFFFFFFFFF55
:204B8000FFFFFFFFFFFFFFFFFFFFFFFFFFFFFFFFFFFFFFFFFFFFFFFFFFFFFFFFFFFFFFFF35
:204BA000FFFFFFFFFFFFFFFFFFFFFFFFFFFFFFFFFFFFFFFFFFFFFFFFFFFFFFFFFFFFFFFF15
:204BC000FFFFFFFFFFFFFFFFFFFFFFFFFFFFFFFFFFFFFFFFFFFFFFFFFFFFFFFFFFFFFFFFF5
:204BE000FFFFFFFFFFFFFFFFFFFFFFFFFFFFFFFFFFFFFFFFFFFFFFFFFFFFFFFFFFFFFFFFD5
:204C0000FFFFFFFFFFFFFFFFFFFFFFFFFFFFFFFFFFFFFFFFFFFFFFFFFFFFFFFFFFFFFFFFB4
:204C2000FFFFFFFFFFFFFFFFFFFFFFFFFFFFFFFFFFFFFFFFFFFFFFFFFFFFFFFFFFFFFFFF94
:204C4000FFFFFFFFFFFFFFFFFFFFFFFFFFFFFFFFFFFFFFFFFFFFFFFFFFFFFFFFFFFFFFFF74
:204C6000FFFFFFFFFFFFFFFFFFFFFFFFFFFFFFFFFFFFFFFFFFFFFFFFFFFFFFFFFFFFFFFF54
:204C8000FFFFFFFFFFFFFFFFFFFFFFFFFFFFFFFFFFFFFFFFFFFFFFFFFFFFFFFFFFFFFFFF34
:204CA000FFFFFFFFFFFFFFFFFFFFFFFFFFFFFFFFFFFFFFFFFFFFFFFFFFFFFFFFFFFFFFFF14
:204CC000FFFFFFFFFFFFFFFFFFFFFFFFFFFFFFFFFFFFFFFFFFFFFFFFFFFFFFFFFFFFFFFFF4
:204CE000FFFFFFFFFFFFFFFFFFFFFFFFFFFFFFFFFFFFFFFFFFFFFFFFFFFFFFFFFFFFFFFFD4
:204D0000FFFFFFFFFFFFFFFFFFFFFFFFFFFFFFFFFFFFFFFFFFFFFFFFFFFFFFFFFFFFFFFFB3
:204D2000FFFFFFFFFFFFFFFFFFFFFFFFFFFFFFFFFFFFFFFFFFFFFFFFFFFFFFFFFFFFFFFF93
:204D4000FFFFFFFFFFFFFFFFFFFFFFFFFFFFFFFFFFFFFFFFFFFFFFFFFFFFFFFFFFFFFFFF73
:204D6000FFFFFFFFFFFFFFFFFFFFFFFFFFFFFFFFFFFFFFFFFFFFFFFFFFFFFFFFFFFFFFFF53
:204D8000FFFFFFFFFFFFFFFFFFFFFFFFFFFFFFFFFFFFFFFFFFFFFFFFFFFFFFFFFFFFFFFF33
:204DA000FFFFFFFFFFFFFFFFFFFFFFFFFFFFFFFFFFFFFFFFFFFFFFFFFFFFFFFFFFFFFFFF13
:204DC000FFFFFFFFFFFFFFFFFFFFFFFFFFFFFFFFFFFFFFFFFFFFFFFFFFFFFFFFFFFFFFFFF3
:204DE000FFFFFFFFFFFFFFFFFFFFFFFFFFFFFFFFFFFFFFFFFFFFFFFFFFFFFFFFFFFFFFFFD3
:204E0000FFFFFFFFFFFFFFFFFFFFFFFFFFFFFFFFFFFFFFFFFFFFFFFFFFFFFFFFFFFFFFFFB2
:204E2000FFFFFFFFFFFFFFFFFFFFFFFFFFFFFFFFFFFFFFFFFFFFFFFFFFFFFFFFFFFFFFFF92
:204E4000FFFFFFFFFFFFFFFFFFFFFFFFFFFFFFFFFFFFFFFFFFFFFFFFFFFFFFFFFFFFFFFF72
:204E6000FFFFFFFFFFFFFFFFFFFFFFFFFFFFFFFFFFFFFFFFFFFFFFFFFFFFFFFFFFFFFFFF52
:204E8000FFFFFFFFFFFFFFFFFFFFFFFFFFFFFFFFFFFFFFFFFFFFFFFFFFFFFFFFFFFFFFFF32
:204EA000FFFFFFFFFFFFFFFFFFFFFFFFFFFFFFFFFFFFFFFFFFFFFFFFFFFFFFFFFFFFFFFF12
:204EC000FFFFFFFFFFFFFFFFFFFFFFFFFFFFFFFFFFFFFFFFFFFFFFFFFFFFFFFFFFFFFFFFF2
:204EE000FFFFFFFFFFFFFFFFFFFFFFFFFFFFFFFFFFFFFFFFFFFFFFFFFFFFFFFFFFFFFFFFD2
:204F0000FFFFFFFFFFFFFFFFFFFFFFFFFFFFFFFFFFFFFFFFFFFFFFFFFFFFFFFFFFFFFFFFB1
:204F2000FFFFFFFFFFFFFFFFFFFFFFFFFFFFFFFFFFFFFFFFFFFFFFFFFFFFFFFFFFFFFFFF91
:204F4000FFFFFFFFFFFFFFFFFFFFFFFFFFFFFFFFFFFFFFFFFFFFFFFFFFFFFFFFFFFFFFFF71
:204F6000FFFFFFFFFFFFFFFFFFFFFFFFFFFFFFFFFFFFFFFFFFFFFFFFFFFFFFFFFFFFFFFF51
:204F8000FFFFFFFFFFFFFFFFFFFFFFFFFFFFFFFFFFFFFFFFFFFFFFFFFFFFFFFFFFFFFFFF31
:204FA000FFFFFFFFFFFFFFFFFFFFFFFFFFFFFFFFFFFFFFFFFFFFFFFFFFFFFFFFFFFFFFFF11
:204FC000FFFFFFFFFFFFFFFFFFFFFFFFFFFFFFFFFFFFFFFFFFFFFFFFFFFFFFFFFFFFFFFFF1
:204FE000FFFFFFFFFFFFFFFFFFFFFFFFFFFFFFFFFFFFFFFFFFFFFFFFFFFFFFFFFFFFFFFFD1
:20500000FFFFFFFFFFFFFFFFFFFFFFFFFFFFFFFFFFFFFFFFFFFFFFFFFFFFFFFFFFFFFFFFB0
:20502000FFFFFFFFFFFFFFFFFFFFFFFFFFFFFFFFFFFFFFFFFFFFFFFFFFFFFFFFFFFFFFFF90
:20504000FFFFFFFFFFFFFFFFFFFFFFFFFFFFFFFFFFFFFFFFFFFFFFFFFFFFFFFFFFFFFFFF70
:20506000FFFFFFFFFFFFFFFFFFFFFFFFFFFFFFFFFFFFFFFFFFFFFFFFFFFFFFFFFFFFFFFF50
:20508000FFFFFFFFFFFFFFFFFFFFFFFFFFFFFFFFFFFFFFFFFFFFFFFFFFFFFFFFFFFFFFFF30
:2050A000FFFFFFFFFFFFFFFFFFFFFFFFFFFFFFFFFFFFFFFFFFFFFFFFFFFFFFFFFFFFFFFF10
:2050C000FFFFFFFFFFFFFFFFFFFFFFFFFFFFFFFFFFFFFFFFFFFFFFFFFFFFFFFFFFFFFFFFF0
:2050E000FFFFFFFFFFFFFFFFFFFFFFFFFFFFFFFFFFFFFFFFFFFFFFFFFFFFFFFFFFFFFFFFD0
:20510000FFFFFFFFFFFFFFFFFFFFFFFFFFFFFFFFFFFFFFFFFFFFFFFFFFFFFFFFFFFFFFFFAF
:20512000FFFFFFFFFFFFFFFFFFFFFFFFFFFFFFFFFFFFFFFFFFFFFFFFFFFFFFFFFFFFFFFF8F
:20514000FFFFFFFFFFFFFFFFFFFFFFFFFFFFFFFFFFFFFFFFFFFFFFFFFFFFFFFFFFFFFFFF6F
:20516000FFFFFFFFFFFFFFFFFFFFFFFFFFFFFFFFFFFFFFFFFFFFFFFFFFFFFFFFFFFFFFFF4F
:20518000FFFFFFFFFFFFFFFFFFFFFFFFFFFFFFFFFFFFFFFFFFFFFFFFFFFFFFFFFFFFFFFF2F
:2051A000FFFFFFFFFFFFFFFFFFFFFFFFFFFFFFFFFFFFFFFFFFFFFFFFFFFFFFFFFFFFFFFF0F
:2051C000FFFFFFFFFFFFFFFFFFFFFFFFFFFFFFFFFFFFFFFFFFFFFFFFFFFFFFFFFFFFFFFFEF
:2051E000FFFFFFFFFFFFFFFFFFFFFFFFFFFFFFFFFFFFFFFFFFFFFFFFFFFFFFFFFFFFFFFFCF
:20520000FFFFFFFFFFFFFFFFFFFFFFFFFFFFFFFFFFFFFFFFFFFFFFFFFFFFFFFFFFFFFFFFAE
:20522000FFFFFFFFFFFFFFFFFFFFFFFFFFFFFFFFFFFFFFFFFFFFFFFFFFFFFFFFFFFFFFFF8E
:20524000FFFFFFFFFFFFFFFFFFFFFFFFFFFFFFFFFFFFFFFFFFFFFFFFFFFFFFFFFFFFFFFF6E
:20526000FFFFFFFFFFFFFFFFFFFFFFFFFFFFFFFFFFFFFFFFFFFFFFFFFFFFFFFFFFFFFFFF4E
:20528000FFFFFFFFFFFFFFFFFFFFFFFFFFFFFFFFFFFFFFFFFFFFFFFFFFFFFFFFFFFFFFFF2E
:2052A000FFFFFFFFFFFFFFFFFFFFFFFFFFFFFFFFFFFFFFFFFFFFFFFFFFFFFFFFFFFFFFFF0E
:2052C000FFFFFFFFFFFFFFFFFFFFFFFFFFFFFFFFFFFFFFFFFFFFFFFFFFFFFFFFFFFFFFFFEE
:2052E000FFFFFFFFFFFFFFFFFFFFFFFFFFFFFFFFFFFFFFFFFFFFFFFFFFFFFFFFFFFFFFFFCE
:20530000FFFFFFFFFFFFFFFFFFFFFFFFFFFFFFFFFFFFFFFFFFFFFFFFFFFFFFFFFFFFFFFFAD
:20532000FFFFFFFFFFFFFFFFFFFFFFFFFFFFFFFFFFFFFFFFFFFFFFFFFFFFFFFFFFFFFFFF8D
:20534000FFFFFFFFFFFFFFFFFFFFFFFFFFFFFFFFFFFFFFFFFFFFFFFFFFFFFFFFFFFFFFFF6D
:20536000FFFFFFFFFFFFFFFFFFFFFFFFFFFFFFFFFFFFFFFFFFFFFFFFFFFFFFFFFFFFFFFF4D
:20538000FFFFFFFFFFFFFFFFFFFFFFFFFFFFFFFFFFFFFFFFFFFFFFFFFFFFFFFFFFFFFFFF2D
:2053A000FFFFFFFFFFFFFFFFFFFFFFFFFFFFFFFFFFFFFFFFFFFFFFFFFFFFFFFFFFFFFFFF0D
:2053C000FFFFFFFFFFFFFFFFFFFFFFFFFFFFFFFFFFFFFFFFFFFFFFFFFFFFFFFFFFFFFFFFED
:2053E000FFFFFFFFFFFFFFFFFFFFFFFFFFFFFFFFFFFFFFFFFFFFFFFFFFFFFFFFFFFFFFFFCD
:20540000FFFFFFFFFFFFFFFFFFFFFFFFFFFFFFFFFFFFFFFFFFFFFFFFFFFFFFFFFFFFFFFFAC
:20542000FFFFFFFFFFFFFFFFFFFFFFFFFFFFFFFFFFFFFFFFFFFFFFFFFFFFFFFFFFFFFFFF8C
:20544000FFFFFFFFFFFFFFFFFFFFFFFFFFFFFFFFFFFFFFFFFFFFFFFFFFFFFFFFFFFFFFFF6C
:20546000FFFFFFFFFFFFFFFFFFFFFFFFFFFFFFFFFFFFFFFFFFFFFFFFFFFFFFFFFFFFFFFF4C
:20548000FFFFFFFFFFFFFFFFFFFFFFFFFFFFFFFFFFFFFFFFFFFFFFFFFFFFFFFFFFFFFFFF2C
:2054A000FFFFFFFFFFFFFFFFFFFFFFFFFFFFFFFFFFFFFFFFFFFFFFFFFFFFFFFFFFFFFFFF0C
:2054C000FFFFFFFFFFFFFFFFFFFFFFFFFFFFFFFFFFFFFFFFFFFFFFFFFFFFFFFFFFFFFFFFEC
:2054E000FFFFFFFFFFFFFFFFFFFFFFFFFFFFFFFFFFFFFFFFFFFFFFFFFFFFFFFFFFFFFFFFCC
:20550000FFFFFFFFFFFFFFFFFFFFFFFFFFFFFFFFFFFFFFFFFFFFFFFFFFFFFFFFFFFFFFFFAB
:20552000FFFFFFFFFFFFFFFFFFFFFFFFFFFFFFFFFFFFFFFFFFFFFFFFFFFFFFFFFFFFFFFF8B
:20554000FFFFFFFFFFFFFFFFFFFFFFFFFFFFFFFFFFFFFFFFFFFFFFFFFFFFFFFFFFFFFFFF6B
:20556000FFFFFFFFFFFFFFFFFFFFFFFFFFFFFFFFFFFFFFFFFFFFFFFFFFFFFFFFFFFFFFFF4B
:20558000FFFFFFFFFFFFFFFFFFFFFFFFFFFFFFFFFFFFFFFFFFFFFFFFFFFFFFFFFFFFFFFF2B
:2055A000FFFFFFFFFFFFFFFFFFFFFFFFFFFFFFFFFFFFFFFFFFFFFFFFFFFFFFFFFFFFFFFF0B
:2055C000FFFFFFFFFFFFFFFFFFFFFFFFFFFFFFFFFFFFFFFFFFFFFFFFFFFFFFFFFFFFFFFFEB
:2055E000FFFFFFFFFFFFFFFFFFFFFFFFFFFFFFFFFFFFFFFFFFFFFFFFFFFFFFFFFFFFFFFFCB
:20560000FFFFFFFFFFFFFFFFFFFFFFFFFFFFFFFFFFFFFFFFFFFFFFFFFFFFFFFFFFFFFFFFAA
:20562000FFFFFFFFFFFFFFFFFFFFFFFFFFFFFFFFFFFFFFFFFFFFFFFFFFFFFFFFFFFFFFFF8A
:20564000FFFFFFFFFFFFFFFFFFFFFFFFFFFFFFFFFFFFFFFFFFFFFFFFFFFFFFFFFFFFFFFF6A
:20566000FFFFFFFFFFFFFFFFFFFFFFFFFFFFFFFFFFFFFFFFFFFFFFFFFFFFFFFFFFFFFFFF4A
:20568000FFFFFFFFFFFFFFFFFFFFFFFFFFFFFFFFFFFFFFFFFFFFFFFFFFFFFFFFFFFFFFFF2A
:2056A000FFFFFFFFFFFFFFFFFFFFFFFFFFFFFFFFFFFFFFFFFFFFFFFFFFFFFFFFFFFFFFFF0A
:2056C000FFFFFFFFFFFFFFFFFFFFFFFFFFFFFFFFFFFFFFFFFFFFFFFFFFFFFFFFFFFFFFFFEA
:2056E000FFFFFFFFFFFFFFFFFFFFFFFFFFFFFFFFFFFFFFFFFFFFFFFFFFFFFFFFFFFFFFFFCA
:20570000FFFFFFFFFFFFFFFFFFFFFFFFFFFFFFFFFFFFFFFFFFFFFFFFFFFFFFFFFFFFFFFFA9
:20572000FFFFFFFFFFFFFFFFFFFFFFFFFFFFFFFFFFFFFFFFFFFFFFFFFFFFFFFFFFFFFFFF89
:20574000FFFFFFFFFFFFFFFFFFFFFFFFFFFFFFFFFFFFFFFFFFFFFFFFFFFFFFFFFFFFFFFF69
:20576000FFFFFFFFFFFFFFFFFFFFFFFFFFFFFFFFFFFFFFFFFFFFFFFFFFFFFFFFFFFFFFFF49
:20578000FFFFFFFFFFFFFFFFFFFFFFFFFFFFFFFFFFFFFFFFFFFFFFFFFFFFFFFFFFFFFFFF29
:2057A000FFFFFFFFFFFFFFFFFFFFFFFFFFFFFFFFFFFFFFFFFFFFFFFFFFFFFFFFFFFFFFFF09
:2057C000FFFFFFFFFFFFFFFFFFFFFFFFFFFFFFFFFFFFFFFFFFFFFFFFFFFFFFFFFFFFFFFFE9
:2057E000FFFFFFFFFFFFFFFFFFFFFFFFFFFFFFFFFFFFFFFFFFFFFFFFFFFFFFFFFFFFFFFFC9
:20580000FFFFFFFFFFFFFFFFFFFFFFFFFFFFFFFFFFFFFFFFFFFFFFFFFFFFFFFFFFFFFFFFA8
:20582000FFFFFFFFFFFFFFFFFFFFFFFFFFFFFFFFFFFFFFFFFFFFFFFFFFFFFFFFFFFFFFFF88
:20584000FFFFFFFFFFFFFFFFFFFFFFFFFFFFFFFFFFFFFFFFFFFFFFFFFFFFFFFFFFFFFFFF68
:20586000FFFFFFFFFFFFFFFFFFFFFFFFFFFFFFFFFFFFFFFFFFFFFFFFFFFFFFFFFFFFFFFF48
:20588000FFFFFFFFFFFFFFFFFFFFFFFFFFFFFFFFFFFFFFFFFFFFFFFFFFFFFFFFFFFFFFFF28
:2058A000FFFFFFFFFFFFFFFFFFFFFFFFFFFFFFFFFFFFFFFFFFFFFFFFFFFFFFFFFFFFFFFF08
:2058C000FFFFFFFFFFFFFFFFFFFFFFFFFFFFFFFFFFFFFFFFFFFFFFFFFFFFFFFFFFFFFFFFE8
:2058E000FFFFFFFFFFFFFFFFFFFFFFFFFFFFFFFFFFFFFFFFFFFFFFFFFFFFFFFFFFFFFFFFC8
:20590000FFFFFFFFFFFFFFFFFFFFFFFFFFFFFFFFFFFFFFFFFFFFFFFFFFFFFFFFFFFFFFFFA7
:20592000FFFFFFFFFFFFFFFFFFFFFFFFFFFFFFFFFFFFFFFFFFFFFFFFFFFFFFFFFFFFFFFF87
:20594000FFFFFFFFFFFFFFFFFFFFFFFFFFFFFFFFFFFFFFFFFFFFFFFFFFFFFFFFFFFFFFFF67
:20596000FFFFFFFFFFFFFFFFFFFFFFFFFFFFFFFFFFFFFFFFFFFFFFFFFFFFFFFFFFFFFFFF47
:20598000FFFFFFFFFFFFFFFFFFFFFFFFFFFFFFFFFFFFFFFFFFFFFFFFFFFFFFFFFFFFFFFF27
:2059A000FFFFFFFFFFFFFFFFFFFFFFFFFFFFFFFFFFFFFFFFFFFFFFFFFFFFFFFFFFFFFFFF07
:2059C000FFFFFFFFFFFFFFFFFFFFFFFFFFFFFFFFFFFFFFFFFFFFFFFFFFFFFFFFFFFFFFFFE7
:2059E000FFFFFFFFFFFFFFFFFFFFFFFFFFFFFFFFFFFFFFFFFFFFFFFFFFFFFFFFFFFFFFFFC7
:205A0000FFFFFFFFFFFFFFFFFFFFFFFFFFFFFFFFFFFFFFFFFFFFFFFFFFFFFFFFFFFFFFFFA6
:205A2000FFFFFFFFFFFFFFFFFFFFFFFFFFFFFFFFFFFFFFFFFFFFFFFFFFFFFFFFFFFFFFFF86
:205A4000FFFFFFFFFFFFFFFFFFFFFFFFFFFFFFFFFFFFFFFFFFFFFFFFFFFFFFFFFFFFFFFF66
:205A6000FFFFFFFFFFFFFFFFFFFFFFFFFFFFFFFFFFFFFFFFFFFFFFFFFFFFFFFFFFFFFFFF46
:205A8000FFFFFFFFFFFFFFFFFFFFFFFFFFFFFFFFFFFFFFFFFFFFFFFFFFFFFFFFFFFFFFFF26
:205AA000FFFFFFFFFFFFFFFFFFFFFFFFFFFFFFFFFFFFFFFFFFFFFFFFFFFFFFFFFFFFFFFF06
:205AC000FFFFFFFFFFFFFFFFFFFFFFFFFFFFFFFFFFFFFFFFFFFFFFFFFFFFFFFFFFFFFFFFE6
:205AE000FFFFFFFFFFFFFFFFFFFFFFFFFFFFFFFFFFFFFFFFFFFFFFFFFFFFFFFFFFFFFFFFC6
:205B0000FFFFFFFFFFFFFFFFFFFFFFFFFFFFFFFFFFFFFFFFFFFFFFFFFFFFFFFFFFFFFFFFA5
:205B2000FFFFFFFFFFFFFFFFFFFFFFFFFFFFFFFFFFFFFFFFFFFFFFFFFFFFFFFFFFFFFFFF85
:205B4000FFFFFFFFFFFFFFFFFFFFFFFFFFFFFFFFFFFFFFFFFFFFFFFFFFFFFFFFFFFFFFFF65
:205B6000FFFFFFFFFFFFFFFFFFFFFFFFFFFFFFFFFFFFFFFFFFFFFFFFFFFFFFFFFFFFFFFF45
:205B8000FFFFFFFFFFFFFFFFFFFFFFFFFFFFFFFFFFFFFFFFFFFFFFFFFFFFFFFFFFFFFFFF25
:205BA000FFFFFFFFFFFFFFFFFFFFFFFFFFFFFFFFFFFFFFFFFFFFFFFFFFFFFFFFFFFFFFFF05
:205BC000FFFFFFFFFFFFFFFFFFFFFFFFFFFFFFFFFFFFFFFFFFFFFFFFFFFFFFFFFFFFFFFFE5
:205BE000FFFFFFFFFFFFFFFFFFFFFFFFFFFFFFFFFFFFFFFFFFFFFFFFFFFFFFFFFFFFFFFFC5
:205C0000FFFFFFFFFFFFFFFFFFFFFFFFFFFFFFFFFFFFFFFFFFFFFFFFFFFFFFFFFFFFFFFFA4
:205C2000FFFFFFFFFFFFFFFFFFFFFFFFFFFFFFFFFFFFFFFFFFFFFFFFFFFFFFFFFFFFFFFF84
:205C4000FFFFFFFFFFFFFFFFFFFFFFFFFFFFFFFFFFFFFFFFFFFFFFFFFFFFFFFFFFFFFFFF64
:205C6000FFFFFFFFFFFFFFFFFFFFFFFFFFFFFFFFFFFFFFFFFFFFFFFFFFFFFFFFFFFFFFFF44
:205C8000FFFFFFFFFFFFFFFFFFFFFFFFFFFFFFFFFFFFFFFFFFFFFFFFFFFFFFFFFFFFFFFF24
:205CA000FFFFFFFFFFFFFFFFFFFFFFFFFFFFFFFFFFFFFFFFFFFFFFFFFFFFFFFFFFFFFFFF04
:205CC000FFFFFFFFFFFFFFFFFFFFFFFFFFFFFFFFFFFFFFFFFFFFFFFFFFFFFFFFFFFFFFFFE4
:205CE000FFFFFFFFFFFFFFFFFFFFFFFFFFFFFFFFFFFFFFFFFFFFFFFFFFFFFFFFFFFFFFFFC4
:205D0000FFFFFFFFFFFFFFFFFFFFFFFFFFFFFFFFFFFFFFFFFFFFFFFFFFFFFFFFFFFFFFFFA3
:205D2000FFFFFFFFFFFFFFFFFFFFFFFFFFFFFFFFFFFFFFFFFFFFFFFFFFFFFFFFFFFFFFFF83
:205D4000FFFFFFFFFFFFFFFFFFFFFFFFFFFFFFFFFFFFFFFFFFFFFFFFFFFFFFFFFFFFFFFF63
:205D6000FFFFFFFFFFFFFFFFFFFFFFFFFFFFFFFFFFFFFFFFFFFFFFFFFFFFFFFFFFFFFFFF43
:205D8000FFFFFFFFFFFFFFFFFFFFFFFFFFFFFFFFFFFFFFFFFFFFFFFFFFFFFFFFFFFFFFFF23
:205DA000FFFFFFFFFFFFFFFFFFFFFFFFFFFFFFFFFFFFFFFFFFFFFFFFFFFFFFFFFFFFFFFF03
:205DC000FFFFFFFFFFFFFFFFFFFFFFFFFFFFFFFFFFFFFFFFFFFFFFFFFFFFFFFFFFFFFFFFE3
:205DE000FFFFFFFFFFFFFFFFFFFFFFFFFFFFFFFFFFFFFFFFFFFFFFFFFFFFFFFFFFFFFFFFC3
:205E0000FFFFFFFFFFFFFFFFFFFFFFFFFFFFFFFFFFFFFFFFFFFFFFFFFFFFFFFFFFFFFFFFA2
:205E2000FFFFFFFFFFFFFFFFFFFFFFFFFFFFFFFFFFFFFFFFFFFFFFFFFFFFFFFFFFFFFFFF82
:205E4000FFFFFFFFFFFFFFFFFFFFFFFFFFFFFFFFFFFFFFFFFFFFFFFFFFFFFFFFFFFFFFFF62
:205E6000FFFFFFFFFFFFFFFFFFFFFFFFFFFFFFFFFFFFFFFFFFFFFFFFFFFFFFFFFFFFFFFF42
:205E8000FFFFFFFFFFFFFFFFFFFFFFFFFFFFFFFFFFFFFFFFFFFFFFFFFFFFFFFFFFFFFFFF22
:205EA000FFFFFFFFFFFFFFFFFFFFFFFFFFFFFFFFFFFFFFFFFFFFFFFFFFFFFFFFFFFFFFFF02
:205EC000FFFFFFFFFFFFFFFFFFFFFFFFFFFFFFFFFFFFFFFFFFFFFFFFFFFFFFFFFFFFFFFFE2
:205EE000FFFFFFFFFFFFFFFFFFFFFFFFFFFFFFFFFFFFFFFFFFFFFFFFFFFFFFFFFFFFFFFFC2
:205F0000FFFFFFFFFFFFFFFFFFFFFFFFFFFFFFFFFFFFFFFFFFFFFFFFFFFFFFFFFFFFFFFFA1
:205F2000FFFFFFFFFFFFFFFFFFFFFFFFFFFFFFFFFFFFFFFFFFFFFFFFFFFFFFFFFFFFFFFF81
:205F4000FFFFFFFFFFFFFFFFFFFFFFFFFFFFFFFFFFFFFFFFFFFFFFFFFFFFFFFFFFFFFFFF61
:205F6000FFFFFFFFFFFFFFFFFFFFFFFFFFFFFFFFFFFFFFFFFFFFFFFFFFFFFFFFFFFFFFFF41
:205F8000FFFFFFFFFFFFFFFFFFFFFFFFFFFFFFFFFFFFFFFFFFFFFFFFFFFFFFFFFFFFFFFF21
:205FA000FFFFFFFFFFFFFFFFFFFFFFFFFFFFFFFFFFFFFFFFFFFFFFFFFFFFFFFFFFFFFFFF01
:205FC000FFFFFFFFFFFFFFFFFFFFFFFFFFFFFFFFFFFFFFFFFFFFFFFFFFFFFFFFFFFFFFFFE1
:205FE000FFFFFFFFFFFFFFFFFFFFFFFFFFFFFFFFFFFFFFFFFFFFFFFFFFFFFFFFFFFFFFFFC1
:20600000FFFFFFFFFFFFFFFFFFFFFFFFFFFFFFFFFFFFFFFFFFFFFFFFFFFFFFFFFFFFFFFFA0
:20602000FFFFFFFFFFFFFFFFFFFFFFFFFFFFFFFFFFFFFFFFFFFFFFFFFFFFFFFFFFFFFFFF80
:20604000FFFFFFFFFFFFFFFFFFFFFFFFFFFFFFFFFFFFFFFFFFFFFFFFFFFFFFFFFFFFFFFF60
:20606000FFFFFFFFFFFFFFFFFFFFFFFFFFFFFFFFFFFFFFFFFFFFFFFFFFFFFFFFFFFFFFFF40
:20608000FFFFFFFFFFFFFFFFFFFFFFFFFFFFFFFFFFFFFFFFFFFFFFFFFFFFFFFFFFFFFFFF20
:2060A000FFFFFFFFFFFFFFFFFFFFFFFFFFFFFFFFFFFFFFFFFFFFFFFFFFFFFFFFFFFFFFFF00
:2060C000FFFFFFFFFFFFFFFFFFFFFFFFFFFFFFFFFFFFFFFFFFFFFFFFFFFFFFFFFFFFFFFFE0
:2060E000FFFFFFFFFFFFFFFFFFFFFFFFFFFFFFFFFFFFFFFFFFFFFFFFFFFFFFFFFFFFFFFFC0
:20610000FFFFFFFFFFFFFFFFFFFFFFFFFFFFFFFFFFFFFFFFFFFFFFFFFFFFFFFFFFFFFFFF9F
:20612000FFFFFFFFFFFFFFFFFFFFFFFFFFFFFFFFFFFFFFFFFFFFFFFFFFFFFFFFFFFFFFFF7F
:20614000FFFFFFFFFFFFFFFFFFFFFFFFFFFFFFFFFFFFFFFFFFFFFFFFFFFFFFFFFFFFFFFF5F
:20616000FFFFFFFFFFFFFFFFFFFFFFFFFFFFFFFFFFFFFFFFFFFFFFFFFFFFFFFFFFFFFFFF3F
:20618000FFFFFFFFFFFFFFFFFFFFFFFFFFFFFFFFFFFFFFFFFFFFFFFFFFFFFFFFFFFFFFFF1F
:2061A000FFFFFFFFFFFFFFFFFFFFFFFFFFFFFFFFFFFFFFFFFFFFFFFFFFFFFFFFFFFFFFFFFF
:2061C000FFFFFFFFFFFFFFFFFFFFFFFFFFFFFFFFFFFFFFFFFFFFFFFFFFFFFFFFFFFFFFFFDF
:2061E000FFFFFFFFFFFFFFFFFFFFFFFFFFFFFFFFFFFFFFFFFFFFFFFFFFFFFFFFFFFFFFFFBF
:20620000FFFFFFFFFFFFFFFFFFFFFFFFFFFFFFFFFFFFFFFFFFFFFFFFFFFFFFFFFFFFFFFF9E
:20622000FFFFFFFFFFFFFFFFFFFFFFFFFFFFFFFFFFFFFFFFFFFFFFFFFFFFFFFFFFFFFFFF7E
:20624000FFFFFFFFFFFFFFFFFFFFFFFFFFFFFFFFFFFFFFFFFFFFFFFFFFFFFFFFFFFFFFFF5E
:20626000FFFFFFFFFFFFFFFFFFFFFFFFFFFFFFFFFFFFFFFFFFFFFFFFFFFFFFFFFFFFFFFF3E
:20628000FFFFFFFFFFFFFFFFFFFFFFFFFFFFFFFFFFFFFFFFFFFFFFFFFFFFFFFFFFFFFFFF1E
:2062A000FFFFFFFFFFFFFFFFFFFFFFFFFFFFFFFFFFFFFFFFFFFFFFFFFFFFFFFFFFFFFFFFFE
:2062C000FFFFFFFFFFFFFFFFFFFFFFFFFFFFFFFFFFFFFFFFFFFFFFFFFFFFFFFFFFFFFFFFDE
:2062E000FFFFFFFFFFFFFFFFFFFFFFFFFFFFFFFFFFFFFFFFFFFFFFFFFFFFFFFFFFFFFFFFBE
:20630000FFFFFFFFFFFFFFFFFFFFFFFFFFFFFFFFFFFFFFFFFFFFFFFFFFFFFFFFFFFFFFFF9D
:20632000FFFFFFFFFFFFFFFFFFFFFFFFFFFFFFFFFFFFFFFFFFFFFFFFFFFFFFFFFFFFFFFF7D
:20634000FFFFFFFFFFFFFFFFFFFFFFFFFFFFFFFFFFFFFFFFFFFFFFFFFFFFFFFFFFFFFFFF5D
:20636000FFFFFFFFFFFFFFFFFFFFFFFFFFFFFFFFFFFFFFFFFFFFFFFFFFFFFFFFFFFFFFFF3D
:20638000FFFFFFFFFFFFFFFFFFFFFFFFFFFFFFFFFFFFFFFFFFFFFFFFFFFFFFFFFFFFFFFF1D
:2063A000FFFFFFFFFFFFFFFFFFFFFFFFFFFFFFFFFFFFFFFFFFFFFFFFFFFFFFFFFFFFFFFFFD
:2063C000FFFFFFFFFFFFFFFFFFFFFFFFFFFFFFFFFFFFFFFFFFFFFFFFFFFFFFFFFFFFFFFFDD
:2063E000FFFFFFFFFFFFFFFFFFFFFFFFFFFFFFFFFFFFFFFFFFFFFFFFFFFFFFFFFFFFFFFFBD
:20640000FFFFFFFFFFFFFFFFFFFFFFFFFFFFFFFFFFFFFFFFFFFFFFFFFFFFFFFFFFFFFFFF9C
:20642000FFFFFFFFFFFFFFFFFFFFFFFFFFFFFFFFFFFFFFFFFFFFFFFFFFFFFFFFFFFFFFFF7C
:20644000FFFFFFFFFFFFFFFFFFFFFFFFFFFFFFFFFFFFFFFFFFFFFFFFFFFFFFFFFFFFFFFF5C
:20646000FFFFFFFFFFFFFFFFFFFFFFFFFFFFFFFFFFFFFFFFFFFFFFFFFFFFFFFFFFFFFFFF3C
:20648000FFFFFFFFFFFFFFFFFFFFFFFFFFFFFFFFFFFFFFFFFFFFFFFFFFFFFFFFFFFFFFFF1C
:2064A000FFFFFFFFFFFFFFFFFFFFFFFFFFFFFFFFFFFFFFFFFFFFFFFFFFFFFFFFFFFFFFFFFC
:2064C000FFFFFFFFFFFFFFFFFFFFFFFFFFFFFFFFFFFFFFFFFFFFFFFFFFFFFFFFFFFFFFFFDC
:2064E000FFFFFFFFFFFFFFFFFFFFFFFFFFFFFFFFFFFFFFFFFFFFFFFFFFFFFFFFFFFFFFFFBC
:20650000FFFFFFFFFFFFFFFFFFFFFFFFFFFFFFFFFFFFFFFFFFFFFFFFFFFFFFFFFFFFFFFF9B
:20652000FFFFFFFFFFFFFFFFFFFFFFFFFFFFFFFFFFFFFFFFFFFFFFFFFFFFFFFFFFFFFFFF7B
:20654000FFFFFFFFFFFFFFFFFFFFFFFFFFFFFFFFFFFFFFFFFFFFFFFFFFFFFFFFFFFFFFFF5B
:20656000FFFFFFFFFFFFFFFFFFFFFFFFFFFFFFFFFFFFFFFFFFFFFFFFFFFFFFFFFFFFFFFF3B
:20658000FFFFFFFFFFFFFFFFFFFFFFFFFFFFFFFFFFFFFFFFFFFFFFFFFFFFFFFFFFFFFFFF1B
:2065A000FFFFFFFFFFFFFFFFFFFFFFFFFFFFFFFFFFFFFFFFFFFFFFFFFFFFFFFFFFFFFFFFFB
:2065C000FFFFFFFFFFFFFFFFFFFFFFFFFFFFFFFFFFFFFFFFFFFFFFFFFFFFFFFFFFFFFFFFDB
:2065E000FFFFFFFFFFFFFFFFFFFFFFFFFFFFFFFFFFFFFFFFFFFFFFFFFFFFFFFFFFFFFFFFBB
:20660000FFFFFFFFFFFFFFFFFFFFFFFFFFFFFFFFFFFFFFFFFFFFFFFFFFFFFFFFFFFFFFFF9A
:20662000FFFFFFFFFFFFFFFFFFFFFFFFFFFFFFFFFFFFFFFFFFFFFFFFFFFFFFFFFFFFFFFF7A
:20664000FFFFFFFFFFFFFFFFFFFFFFFFFFFFFFFFFFFFFFFFFFFFFFFFFFFFFFFFFFFFFFFF5A
:20666000FFFFFFFFFFFFFFFFFFFFFFFFFFFFFFFFFFFFFFFFFFFFFFFFFFFFFFFFFFFFFFFF3A
:20668000FFFFFFFFFFFFFFFFFFFFFFFFFFFFFFFFFFFFFFFFFFFFFFFFFFFFFFFFFFFFFFFF1A
:2066A000FFFFFFFFFFFFFFFFFFFFFFFFFFFFFFFFFFFFFFFFFFFFFFFFFFFFFFFFFFFFFFFFFA
:2066C000FFFFFFFFFFFFFFFFFFFFFFFFFFFFFFFFFFFFFFFFFFFFFFFFFFFFFFFFFFFFFFFFDA
:2066E000FFFFFFFFFFFFFFFFFFFFFFFFFFFFFFFFFFFFFFFFFFFFFFFFFFFFFFFFFFFFFFFFBA
:20670000FFFFFFFFFFFFFFFFFFFFFFFFFFFFFFFFFFFFFFFFFFFFFFFFFFFFFFFFFFFFFFFF99
:20672000FFFFFFFFFFFFFFFFFFFFFFFFFFFFFFFFFFFFFFFFFFFFFFFFFFFFFFFFFFFFFFFF79
:20674000FFFFFFFFFFFFFFFFFFFFFFFFFFFFFFFFFFFFFFFFFFFFFFFFFFFFFFFFFFFFFFFF59
:20676000FFFFFFFFFFFFFFFFFFFFFFFFFFFFFFFFFFFFFFFFFFFFFFFFFFFFFFFFFFFFFFFF39
:20678000FFFFFFFFFFFFFFFFFFFFFFFFFFFFFFFFFFFFFFFFFFFFFFFFFFFFFFFFFFFFFFFF19
:2067A000FFFFFFFFFFFFFFFFFFFFFFFFFFFFFFFFFFFFFFFFFFFFFFFFFFFFFFFFFFFFFFFFF9
:2067C000FFFFFFFFFFFFFFFFFFFFFFFFFFFFFFFFFFFFFFFFFFFFFFFFFFFFFFFFFFFFFFFFD9
:2067E000FFFFFFFFFFFFFFFFFFFFFFFFFFFFFFFFFFFFFFFFFFFFFFFFFFFFFFFFFFFFFFFFB9
:20680000FFFFFFFFFFFFFFFFFFFFFFFFFFFFFFFFFFFFFFFFFFFFFFFFFFFFFFFFFFFFFFFF98
:20682000FFFFFFFFFFFFFFFFFFFFFFFFFFFFFFFFFFFFFFFFFFFFFFFFFFFFFFFFFFFFFFFF78
:20684000FFFFFFFFFFFFFFFFFFFFFFFFFFFFFFFFFFFFFFFFFFFFFFFFFFFFFFFFFFFFFFFF58
:20686000FFFFFFFFFFFFFFFFFFFFFFFFFFFFFFFFFFFFFFFFFFFFFFFFFFFFFFFFFFFFFFFF38
:20688000FFFFFFFFFFFFFFFFFFFFFFFFFFFFFFFFFFFFFFFFFFFFFFFFFFFFFFFFFFFFFFFF18
:2068A000FFFFFFFFFFFFFFFFFFFFFFFFFFFFFFFFFFFFFFFFFFFFFFFFFFFFFFFFFFFFFFFFF8
:2068C000FFFFFFFFFFFFFFFFFFFFFFFFFFFFFFFFFFFFFFFFFFFFFFFFFFFFFFFFFFFFFFFFD8
:2068E000FFFFFFFFFFFFFFFFFFFFFFFFFFFFFFFFFFFFFFFFFFFFFFFFFFFFFFFFFFFFFFFFB8
:20690000FFFFFFFFFFFFFFFFFFFFFFFFFFFFFFFFFFFFFFFFFFFFFFFFFFFFFFFFFFFFFFFF97
:20692000FFFFFFFFFFFFFFFFFFFFFFFFFFFFFFFFFFFFFFFFFFFFFFFFFFFFFFFFFFFFFFFF77
:20694000FFFFFFFFFFFFFFFFFFFFFFFFFFFFFFFFFFFFFFFFFFFFFFFFFFFFFFFFFFFFFFFF57
:20696000FFFFFFFFFFFFFFFFFFFFFFFFFFFFFFFFFFFFFFFFFFFFFFFFFFFFFFFFFFFFFFFF37
:20698000FFFFFFFFFFFFFFFFFFFFFFFFFFFFFFFFFFFFFFFFFFFFFFFFFFFFFFFFFFFFFFFF17
:2069A000FFFFFFFFFFFFFFFFFFFFFFFFFFFFFFFFFFFFFFFFFFFFFFFFFFFFFFFFFFFFFFFFF7
:2069C000FFFFFFFFFFFFFFFFFFFFFFFFFFFFFFFFFFFFFFFFFFFFFFFFFFFFFFFFFFFFFFFFD7
:2069E000FFFFFFFFFFFFFFFFFFFFFFFFFFFFFFFFFFFFFFFFFFFFFFFFFFFFFFFFFFFFFFFFB7
:206A0000FFFFFFFFFFFFFFFFFFFFFFFFFFFFFFFFFFFFFFFFFFFFFFFFFFFFFFFFFFFFFFFF96
:206A2000FFFFFFFFFFFFFFFFFFFFFFFFFFFFFFFFFFFFFFFFFFFFFFFFFFFFFFFFFFFFFFFF76
:206A4000FFFFFFFFFFFFFFFFFFFFFFFFFFFFFFFFFFFFFFFFFFFFFFFFFFFFFFFFFFFFFFFF56
:206A6000FFFFFFFFFFFFFFFFFFFFFFFFFFFFFFFFFFFFFFFFFFFFFFFFFFFFFFFFFFFFFFFF36
:206A8000FFFFFFFFFFFFFFFFFFFFFFFFFFFFFFFFFFFFFFFFFFFFFFFFFFFFFFFFFFFFFFFF16
:206AA000FFFFFFFFFFFFFFFFFFFFFFFFFFFFFFFFFFFFFFFFFFFFFFFFFFFFFFFFFFFFFFFFF6
:206AC000FFFFFFFFFFFFFFFFFFFFFFFFFFFFFFFFFFFFFFFFFFFFFFFFFFFFFFFFFFFFFFFFD6
:206AE000FFFFFFFFFFFFFFFFFFFFFFFFFFFFFFFFFFFFFFFFFFFFFFFFFFFFFFFFFFFFFFFFB6
:206B0000FFFFFFFFFFFFFFFFFFFFFFFFFFFFFFFFFFFFFFFFFFFFFFFFFFFFFFFFFFFFFFFF95
:206B2000FFFFFFFFFFFFFFFFFFFFFFFFFFFFFFFFFFFFFFFFFFFFFFFFFFFFFFFFFFFFFFFF75
:206B4000FFFFFFFFFFFFFFFFFFFFFFFFFFFFFFFFFFFFFFFFFFFFFFFFFFFFFFFFFFFFFFFF55
:206B6000FFFFFFFFFFFFFFFFFFFFFFFFFFFFFFFFFFFFFFFFFFFFFFFFFFFFFFFFFFFFFFFF35
:206B8000FFFFFFFFFFFFFFFFFFFFFFFFFFFFFFFFFFFFFFFFFFFFFFFFFFFFFFFFFFFFFFFF15
:206BA000FFFFFFFFFFFFFFFFFFFFFFFFFFFFFFFFFFFFFFFFFFFFFFFFFFFFFFFFFFFFFFFFF5
:206BC000FFFFFFFFFFFFFFFFFFFFFFFFFFFFFFFFFFFFFFFFFFFFFFFFFFFFFFFFFFFFFFFFD5
:206BE000FFFFFFFFFFFFFFFFFFFFFFFFFFFFFFFFFFFFFFFFFFFFFFFFFFFFFFFFFFFFFFFFB5
:206C0000FFFFFFFFFFFFFFFFFFFFFFFFFFFFFFFFFFFFFFFFFFFFFFFFFFFFFFFFFFFFFFFF94
:206C2000FFFFFFFFFFFFFFFFFFFFFFFFFFFFFFFFFFFFFFFFFFFFFFFFFFFFFFFFFFFFFFFF74
:206C4000FFFFFFFFFFFFFFFFFFFFFFFFFFFFFFFFFFFFFFFFFFFFFFFFFFFFFFFFFFFFFFFF54
:206C6000FFFFFFFFFFFFFFFFFFFFFFFFFFFFFFFFFFFFFFFFFFFFFFFFFFFFFFFFFFFFFFFF34
:206C8000FFFFFFFFFFFFFFFFFFFFFFFFFFFFFFFFFFFFFFFFFFFFFFFFFFFFFFFFFFFFFFFF14
:206CA000FFFFFFFFFFFFFFFFFFFFFFFFFFFFFFFFFFFFFFFFFFFFFFFFFFFFFFFFFFFFFFFFF4
:206CC000FFFFFFFFFFFFFFFFFFFFFFFFFFFFFFFFFFFFFFFFFFFFFFFFFFFFFFFFFFFFFFFFD4
:206CE000FFFFFFFFFFFFFFFFFFFFFFFFFFFFFFFFFFFFFFFFFFFFFFFFFFFFFFFFFFFFFFFFB4
:206D0000FFFFFFFFFFFFFFFFFFFFFFFFFFFFFFFFFFFFFFFFFFFFFFFFFFFFFFFFFFFFFFFF93
:206D2000FFFFFFFFFFFFFFFFFFFFFFFFFFFFFFFFFFFFFFFFFFFFFFFFFFFFFFFFFFFFFFFF73
:206D4000FFFFFFFFFFFFFFFFFFFFFFFFFFFFFFFFFFFFFFFFFFFFFFFFFFFFFFFFFFFFFFFF53
:206D6000FFFFFFFFFFFFFFFFFFFFFFFFFFFFFFFFFFFFFFFFFFFFFFFFFFFFFFFFFFFFFFFF33
:206D8000FFFFFFFFFFFFFFFFFFFFFFFFFFFFFFFFFFFFFFFFFFFFFFFFFFFFFFFFFFFFFFFF13
:206DA000FFFFFFFFFFFFFFFFFFFFFFFFFFFFFFFFFFFFFFFFFFFFFFFFFFFFFFFFFFFFFFFFF3
:206DC000FFFFFFFFFFFFFFFFFFFFFFFFFFFFFFFFFFFFFFFFFFFFFFFFFFFFFFFFFFFFFFFFD3
:206DE000FFFFFFFFFFFFFFFFFFFFFFFFFFFFFFFFFFFFFFFFFFFFFFFFFFFFFFFFFFFFFFFFB3
:206E0000FFFFFFFFFFFFFFFFFFFFFFFFFFFFFFFFFFFFFFFFFFFFFFFFFFFFFFFFFFFFFFFF92
:206E2000FFFFFFFFFFFFFFFFFFFFFFFFFFFFFFFFFFFFFFFFFFFFFFFFFFFFFFFFFFFFFFFF72
:206E4000FFFFFFFFFFFFFFFFFFFFFFFFFFFFFFFFFFFFFFFFFFFFFFFFFFFFFFFFFFFFFFFF52
:206E6000FFFFFFFFFFFFFFFFFFFFFFFFFFFFFFFFFFFFFFFFFFFFFFFFFFFFFFFFFFFFFFFF32
:206E8000FFFFFFFFFFFFFFFFFFFFFFFFFFFFFFFFFFFFFFFFFFFFFFFFFFFFFFFFFFFFFFFF12
:206EA000FFFFFFFFFFFFFFFFFFFFFFFFFFFFFFFFFFFFFFFFFFFFFFFFFFFFFFFFFFFFFFFFF2
:206EC000FFFFFFFFFFFFFFFFFFFFFFFFFFFFFFFFFFFFFFFFFFFFFFFFFFFFFFFFFFFFFFFFD2
:206EE000FFFFFFFFFFFFFFFFFFFFFFFFFFFFFFFFFFFFFFFFFFFFFFFFFFFFFFFFFFFFFFFFB2
:206F0000FFFFFFFFFFFFFFFFFFFFFFFFFFFFFFFFFFFFFFFFFFFFFFFFFFFFFFFFFFFFFFFF91
:206F2000FFFFFFFFFFFFFFFFFFFFFFFFFFFFFFFFFFFFFFFFFFFFFFFFFFFFFFFFFFFFFFFF71
:206F4000FFFFFFFFFFFFFFFFFFFFFFFFFFFFFFFFFFFFFFFFFFFFFFFFFFFFFFFFFFFFFFFF51
:206F6000FFFFFFFFFFFFFFFFFFFFFFFFFFFFFFFFFFFFFFFFFFFFFFFFFFFFFFFFFFFFFFFF31
:206F8000FFFFFFFFFFFFFFFFFFFFFFFFFFFFFFFFFFFFFFFFFFFFFFFFFFFFFFFFFFFFFFFF11
:206FA000FFFFFFFFFFFFFFFFFFFFFFFFFFFFFFFFFFFFFFFFFFFFFFFFFFFFFFFFFFFFFFFFF1
:206FC000FFFFFFFFFFFFFFFFFFFFFFFFFFFFFFFFFFFFFFFFFFFFFFFFFFFFFFFFFFFFFFFFD1
:206FE000FFFFFFFFFFFFFFFFFFFFFFFFFFFFFFFFFFFFFFFFFFFFFFFFFFFFFFFFFFFFFFFFB1
:20700000FFFFFFFFFFFFFFFFFFFFFFFFFFFFFFFFFFFFFFFFFFFFFFFFFFFFFFFFFFFFFFFF90
:20702000FFFFFFFFFFFFFFFFFFFFFFFFFFFFFFFFFFFFFFFFFFFFFFFFFFFFFFFFFFFFFFFF70
:20704000FFFFFFFFFFFFFFFFFFFFFFFFFFFFFFFFFFFFFFFFFFFFFFFFFFFFFFFFFFFFFFFF50
:20706000FFFFFFFFFFFFFFFFFFFFFFFFFFFFFFFFFFFFFFFFFFFFFFFFFFFFFFFFFFFFFFFF30
:20708000FFFFFFFFFFFFFFFFFFFFFFFFFFFFFFFFFFFFFFFFFFFFFFFFFFFFFFFFFFFFFFFF10
:2070A000FFFFFFFFFFFFFFFFFFFFFFFFFFFFFFFFFFFFFFFFFFFFFFFFFFFFFFFFFFFFFFFFF0
:2070C000FFFFFFFFFFFFFFFFFFFFFFFFFFFFFFFFFFFFFFFFFFFFFFFFFFFFFFFFFFFFFFFFD0
:2070E000FFFFFFFFFFFFFFFFFFFFFFFFFFFFFFFFFFFFFFFFFFFFFFFFFFFFFFFFFFFFFFFFB0
:20710000FFFFFFFFFFFFFFFFFFFFFFFFFFFFFFFFFFFFFFFFFFFFFFFFFFFFFFFFFFFFFFFF8F
:20712000FFFFFFFFFFFFFFFFFFFFFFFFFFFFFFFFFFFFFFFFFFFFFFFFFFFFFFFFFFFFFFFF6F
:20714000FFFFFFFFFFFFFFFFFFFFFFFFFFFFFFFFFFFFFFFFFFFFFFFFFFFFFFFFFFFFFFFF4F
:20716000FFFFFFFFFFFFFFFFFFFFFFFFFFFFFFFFFFFFFFFFFFFFFFFFFFFFFFFFFFFFFFFF2F
:20718000FFFFFFFFFFFFFFFFFFFFFFFFFFFFFFFFFFFFFFFFFFFFFFFFFFFFFFFFFFFFFFFF0F
:2071A000FFFFFFFFFFFFFFFFFFFFFFFFFFFFFFFFFFFFFFFFFFFFFFFFFFFFFFFFFFFFFFFFEF
:2071C000FFFFFFFFFFFFFFFFFFFFFFFFFFFFFFFFFFFFFFFFFFFFFFFFFFFFFFFFFFFFFFFFCF
:2071E000FFFFFFFFFFFFFFFFFFFFFFFFFFFFFFFFFFFFFFFFFFFFFFFFFFFFFFFFFFFFFFFFAF
:20720000FFFFFFFFFFFFFFFFFFFFFFFFFFFFFFFFFFFFFFFFFFFFFFFFFFFFFFFFFFFFFFFF8E
:20722000FFFFFFFFFFFFFFFFFFFFFFFFFFFFFFFFFFFFFFFFFFFFFFFFFFFFFFFFFFFFFFFF6E
:20724000FFFFFFFFFFFFFFFFFFFFFFFFFFFFFFFFFFFFFFFFFFFFFFFFFFFFFFFFFFFFFFFF4E
:20726000FFFFFFFFFFFFFFFFFFFFFFFFFFFFFFFFFFFFFFFFFFFFFFFFFFFFFFFFFFFFFFFF2E
:20728000FFFFFFFFFFFFFFFFFFFFFFFFFFFFFFFFFFFFFFFFFFFFFFFFFFFFFFFFFFFFFFFF0E
:2072A000FFFFFFFFFFFFFFFFFFFFFFFFFFFFFFFFFFFFFFFFFFFFFFFFFFFFFFFFFFFFFFFFEE
:2072C000FFFFFFFFFFFFFFFFFFFFFFFFFFFFFFFFFFFFFFFFFFFFFFFFFFFFFFFFFFFFFFFFCE
:2072E000FFFFFFFFFFFFFFFFFFFFFFFFFFFFFFFFFFFFFFFFFFFFFFFFFFFFFFFFFFFFFFFFAE
:20730000FFFFFFFFFFFFFFFFFFFFFFFFFFFFFFFFFFFFFFFFFFFFFFFFFFFFFFFFFFFFFFFF8D
:20732000FFFFFFFFFFFFFFFFFFFFFFFFFFFFFFFFFFFFFFFFFFFFFFFFFFFFFFFFFFFFFFFF6D
:20734000FFFFFFFFFFFFFFFFFFFFFFFFFFFFFFFFFFFFFFFFFFFFFFFFFFFFFFFFFFFFFFFF4D
:20736000FFFFFFFFFFFFFFFFFFFFFFFFFFFFFFFFFFFFFFFFFFFFFFFFFFFFFFFFFFFFFFFF2D
:20738000FFFFFFFFFFFFFFFFFFFFFFFFFFFFFFFFFFFFFFFFFFFFFFFFFFFFFFFFFFFFFFFF0D
:2073A000FFFFFFFFFFFFFFFFFFFFFFFFFFFFFFFFFFFFFFFFFFFFFFFFFFFFFFFFFFFFFFFFED
:2073C000FFFFFFFFFFFFFFFFFFFFFFFFFFFFFFFFFFFFFFFFFFFFFFFFFFFFFFFFFFFFFFFFCD
:2073E000FFFFFFFFFFFFFFFFFFFFFFFFFFFFFFFFFFFFFFFFFFFFFFFFFFFFFFFFFFFFFFFFAD
:20740000FFFFFFFFFFFFFFFFFFFFFFFFFFFFFFFFFFFFFFFFFFFFFFFFFFFFFFFFFFFFFFFF8C
:20742000FFFFFFFFFFFFFFFFFFFFFFFFFFFFFFFFFFFFFFFFFFFFFFFFFFFFFFFFFFFFFFFF6C
:20744000FFFFFFFFFFFFFFFFFFFFFFFFFFFFFFFFFFFFFFFFFFFFFFFFFFFFFFFFFFFFFFFF4C
:20746000FFFFFFFFFFFFFFFFFFFFFFFFFFFFFFFFFFFFFFFFFFFFFFFFFFFFFFFFFFFFFFFF2C
:20748000FFFFFFFFFFFFFFFFFFFFFFFFFFFFFFFFFFFFFFFFFFFFFFFFFFFFFFFFFFFFFFFF0C
:2074A000FFFFFFFFFFFFFFFFFFFFFFFFFFFFFFFFFFFFFFFFFFFFFFFFFFFFFFFFFFFFFFFFEC
:2074C000FFFFFFFFFFFFFFFFFFFFFFFFFFFFFFFFFFFFFFFFFFFFFFFFFFFFFFFFFFFFFFFFCC
:2074E000FFFFFFFFFFFFFFFFFFFFFFFFFFFFFFFFFFFFFFFFFFFFFFFFFFFFFFFFFFFFFFFFAC
:20750000FFFFFFFFFFFFFFFFFFFFFFFFFFFFFFFFFFFFFFFFFFFFFFFFFFFFFFFFFFFFFFFF8B
:20752000FFFFFFFFFFFFFFFFFFFFFFFFFFFFFFFFFFFFFFFFFFFFFFFFFFFFFFFFFFFFFFFF6B
:20754000FFFFFFFFFFFFFFFFFFFFFFFFFFFFFFFFFFFFFFFFFFFFFFFFFFFFFFFFFFFFFFFF4B
:20756000FFFFFFFFFFFFFFFFFFFFFFFFFFFFFFFFFFFFFFFFFFFFFFFFFFFFFFFFFFFFFFFF2B
:20758000FFFFFFFFFFFFFFFFFFFFFFFFFFFFFFFFFFFFFFFFFFFFFFFFFFFFFFFFFFFFFFFF0B
:2075A000FFFFFFFFFFFFFFFFFFFFFFFFFFFFFFFFFFFFFFFFFFFFFFFFFFFFFFFFFFFFFFFFEB
:2075C000FFFFFFFFFFFFFFFFFFFFFFFFFFFFFFFFFFFFFFFFFFFFFFFFFFFFFFFFFFFFFFFFCB
:2075E000FFFFFFFFFFFFFFFFFFFFFFFFFFFFFFFFFFFFFFFFFFFFFFFFFFFFFFFFFFFFFFFFAB
:20760000FFFFFFFFFFFFFFFFFFFFFFFFFFFFFFFFFFFFFFFFFFFFFFFFFFFFFFFFFFFFFFFF8A
:20762000FFFFFFFFFFFFFFFFFFFFFFFFFFFFFFFFFFFFFFFFFFFFFFFFFFFFFFFFFFFFFFFF6A
:20764000FFFFFFFFFFFFFFFFFFFFFFFFFFFFFFFFFFFFFFFFFFFFFFFFFFFFFFFFFFFFFFFF4A
:20766000FFFFFFFFFFFFFFFFFFFFFFFFFFFFFFFFFFFFFFFFFFFFFFFFFFFFFFFFFFFFFFFF2A
:20768000FFFFFFFFFFFFFFFFFFFFFFFFFFFFFFFFFFFFFFFFFFFFFFFFFFFFFFFFFFFFFFFF0A
:2076A000FFFFFFFFFFFFFFFFFFFFFFFFFFFFFFFFFFFFFFFFFFFFFFFFFFFFFFFFFFFFFFFFEA
:2076C000FFFFFFFFFFFFFFFFFFFFFFFFFFFFFFFFFFFFFFFFFFFFFFFFFFFFFFFFFFFFFFFFCA
:2076E000FFFFFFFFFFFFFFFFFFFFFFFFFFFFFFFFFFFFFFFFFFFFFFFFFFFFFFFFFFFFFFFFAA
:20770000FFFFFFFFFFFFFFFFFFFFFFFFFFFFFFFFFFFFFFFFFFFFFFFFFFFFFFFFFFFFFFFF89
:20772000FFFFFFFFFFFFFFFFFFFFFFFFFFFFFFFFFFFFFFFFFFFFFFFFFFFFFFFFFFFFFFFF69
:20774000FFFFFFFFFFFFFFFFFFFFFFFFFFFFFFFFFFFFFFFFFFFFFFFFFFFFFFFFFFFFFFFF49
:20776000FFFFFFFFFFFFFFFFFFFFFFFFFFFFFFFFFFFFFFFFFFFFFFFFFFFFFFFFFFFFFFFF29
:20778000FFFFFFFFFFFFFFFFFFFFFFFFFFFFFFFFFFFFFFFFFFFFFFFFFFFFFFFFFFFFFFFF09
:2077A000FFFFFFFFFFFFFFFFFFFFFFFFFFFFFFFFFFFFFFFFFFFFFFFFFFFFFFFFFFFFFFFFE9
:2077C000FFFFFFFFFFFFFFFFFFFFFFFFFFFFFFFFFFFFFFFFFFFFFFFFFFFFFFFFFFFFFFFFC9
:2077E000FFFFFFFFFFFFFFFFFFFFFFFFFFFFFFFFFFFFFFFFFFFFFFFFFFFFFFFFFFFFFFFFA9
:20780000FFFFFFFFFFFFFFFFFFFFFFFFFFFFFFFFFFFFFFFFFFFFFFFFFFFFFFFFFFFFFFFF88
:20782000FFFFFFFFFFFFFFFFFFFFFFFFFFFFFFFFFFFFFFFFFFFFFFFFFFFFFFFFFFFFFFFF68
:20784000FFFFFFFFFFFFFFFFFFFFFFFFFFFFFFFFFFFFFFFFFFFFFFFFFFFFFFFFFFFFFFFF48
:20786000FFFFFFFFFFFFFFFFFFFFFFFFFFFFFFFFFFFFFFFFFFFFFFFFFFFFFFFFFFFFFFFF28
:20788000FFFFFFFFFFFFFFFFFFFFFFFFFFFFFFFFFFFFFFFFFFFFFFFFFFFFFFFFFFFFFFFF08
:2078A000FFFFFFFFFFFFFFFFFFFFFFFFFFFFFFFFFFFFFFFFFFFFFFFFFFFFFFFFFFFFFFFFE8
:2078C000FFFFFFFFFFFFFFFFFFFFFFFFFFFFFFFFFFFFFFFFFFFFFFFFFFFFFFFFFFFFFFFFC8
:2078E000FFFFFFFFFFFFFFFFFFFFFFFFFFFFFFFFFFFFFFFFFFFFFFFFFFFFFFFFFFFFFFFFA8
:20790000FFFFFFFFFFFFFFFFFFFFFFFFFFFFFFFFFFFFFFFFFFFFFFFFFFFFFFFFFFFFFFFF87
:20792000FFFFFFFFFFFFFFFFFFFFFFFFFFFFFFFFFFFFFFFFFFFFFFFFFFFFFFFFFFFFFFFF67
:20794000FFFFFFFFFFFFFFFFFFFFFFFFFFFFFFFFFFFFFFFFFFFFFFFFFFFFFFFFFFFFFFFF47
:20796000FFFFFFFFFFFFFFFFFFFFFFFFFFFFFFFFFFFFFFFFFFFFFFFFFFFFFFFFFFFFFFFF27
:20798000FFFFFFFFFFFFFFFFFFFFFFFFFFFFFFFFFFFFFFFFFFFFFFFFFFFFFFFFFFFFFFFF07
:2079A000FFFFFFFFFFFFFFFFFFFFFFFFFFFFFFFFFFFFFFFFFFFFFFFFFFFFFFFFFFFFFFFFE7
:2079C000FFFFFFFFFFFFFFFFFFFFFFFFFFFFFFFFFFFFFFFFFFFFFFFFFFFFFFFFFFFFFFFFC7
:2079E000FFFFFFFFFFFFFFFFFFFFFFFFFFFFFFFFFFFFFFFFFFFFFFFFFFFFFFFFFFFFFFFFA7
:207A0000FFFFFFFFFFFFFFFFFFFFFFFFFFFFFFFFFFFFFFFFFFFFFFFFFFFFFFFFFFFFFFFF86
:207A2000FFFFFFFFFFFFFFFFFFFFFFFFFFFFFFFFFFFFFFFFFFFFFFFFFFFFFFFFFFFFFFFF66
:207A4000FFFFFFFFFFFFFFFFFFFFFFFFFFFFFFFFFFFFFFFFFFFFFFFFFFFFFFFFFFFFFFFF46
:207A6000FFFFFFFFFFFFFFFFFFFFFFFFFFFFFFFFFFFFFFFFFFFFFFFFFFFFFFFFFFFFFFFF26
:207A8000FFFFFFFFFFFFFFFFFFFFFFFFFFFFFFFFFFFFFFFFFFFFFFFFFFFFFFFFFFFFFFFF06
:207AA000FFFFFFFFFFFFFFFFFFFFFFFFFFFFFFFFFFFFFFFFFFFFFFFFFFFFFFFFFFFFFFFFE6
:207AC000FFFFFFFFFFFFFFFFFFFFFFFFFFFFFFFFFFFFFFFFFFFFFFFFFFFFFFFFFFFFFFFFC6
:207AE000FFFFFFFFFFFFFFFFFFFFFFFFFFFFFFFFFFFFFFFFFFFFFFFFFFFFFFFFFFFFFFFFA6
:207B0000FFFFFFFFFFFFFFFFFFFFFFFFFFFFFFFFFFFFFFFFFFFFFFFFFFFFFFFFFFFFFFFF85
:207B2000FFFFFFFFFFFFFFFFFFFFFFFFFFFFFFFFFFFFFFFFFFFFFFFFFFFFFFFFFFFFFFFF65
:207B4000FFFFFFFFFFFFFFFFFFFFFFFFFFFFFFFFFFFFFFFFFFFFFFFFFFFFFFFFFFFFFFFF45
:207B6000FFFFFFFFFFFFFFFFFFFFFFFFFFFFFFFFFFFFFFFFFFFFFFFFFFFFFFFFFFFFFFFF25
:207B8000FFFFFFFFFFFFFFFFFFFFFFFFFFFFFFFFFFFFFFFFFFFFFFFFFFFFFFFFFFFFFFFF05
:207BA000FFFFFFFFFFFFFFFFFFFFFFFFFFFFFFFFFFFFFFFFFFFFFFFFFFFFFFFFFFFFFFFFE5
:207BC000FFFFFFFFFFFFFFFFFFFFFFFFFFFFFFFFFFFFFFFFFFFFFFFFFFFFFFFFFFFFFFFFC5
:207BE000FFFFFFFFFFFFFFFFFFFFFFFFFFFFFFFFFFFFFFFFFFFFFFFFFFFFFFFFFFFFFFFFA5
:207C0000FFFFFFFFFFFFFFFFFFFFFFFFFFFFFFFFFFFFFFFFFFFFFFFFFFFFFFFFFFFFFFFF84
:207C2000FFFFFFFFFFFFFFFFFFFFFFFFFFFFFFFFFFFFFFFFFFFFFFFFFFFFFFFFFFFFFFFF64
:207C4000FFFFFFFFFFFFFFFFFFFFFFFFFFFFFFFFFFFFFFFFFFFFFFFFFFFFFFFFFFFFFFFF44
:207C6000FFFFFFFFFFFFFFFFFFFFFFFFFFFFFFFFFFFFFFFFFFFFFFFFFFFFFFFFFFFFFFFF24
:207C8000FFFFFFFFFFFFFFFFFFFFFFFFFFFFFFFFFFFFFFFFFFFFFFFFFFFFFFFFFFFFFFFF04
:207CA000FFFFFFFFFFFFFFFFFFFFFFFFFFFFFFFFFFFFFFFFFFFFFFFFFFFFFFFFFFFFFFFFE4
:207CC000FFFFFFFFFFFFFFFFFFFFFFFFFFFFFFFFFFFFFFFFFFFFFFFFFFFFFFFFFFFFFFFFC4
:207CE000FFFFFFFFFFFFFFFFFFFFFFFFFFFFFFFFFFFFFFFFFFFFFFFFFFFFFFFFFFFFFFFFA4
:207D0000FFFFFFFFFFFFFFFFFFFFFFFFFFFFFFFFFFFFFFFFFFFFFFFFFFFFFFFFFFFFFFFF83
:207D2000FFFFFFFFFFFFFFFFFFFFFFFFFFFFFFFFFFFFFFFFFFFFFFFFFFFFFFFFFFFFFFFF63
:207D4000FFFFFFFFFFFFFFFFFFFFFFFFFFFFFFFFFFFFFFFFFFFFFFFFFFFFFFFFFFFFFFFF43
:207D6000FFFFFFFFFFFFFFFFFFFFFFFFFFFFFFFFFFFFFFFFFFFFFFFFFFFFFFFFFFFFFFFF23
:207D8000FFFFFFFFFFFFFFFFFFFFFFFFFFFFFFFFFFFFFFFFFFFFFFFFFFFFFFFFFFFFFFFF03
:207DA000FFFFFFFFFFFFFFFFFFFFFFFFFFFFFFFFFFFFFFFFFFFFFFFFFFFFFFFFFFFFFFFFE3
:207DC000FFFFFFFFFFFFFFFFFFFFFFFFFFFFFFFFFFFFFFFFFFFFFFFFFFFFFFFFFFFFFFFFC3
:207DE000FFFFFFFFFFFFFFFFFFFFFFFFFFFFFFFFFFFFFFFFFFFFFFFFFFFFFFFFFFFFFFFFA3
:207E0000FFFFFFFFFFFFFFFFFFFFFFFFFFFFFFFFFFFFFFFFFFFFFFFFFFFFFFFFFFFFFFFF82
:207E2000FFFFFFFFFFFFFFFFFFFFFFFFFFFFFFFFFFFFFFFFFFFFFFFFFFFFFFFFFFFFFFFF62
:207E4000FFFFFFFFFFFFFFFFFFFFFFFFFFFFFFFFFFFFFFFFFFFFFFFFFFFFFFFFFFFFFFFF42
:207E6000FFFFFFFFFFFFFFFFFFFFFFFFFFFFFFFFFFFFFFFFFFFFFFFFFFFFFFFFFFFFFFFF22
:207E8000FFFFFFFFFFFFFFFFFFFFFFFFFFFFFFFFFFFFFFFFFFFFFFFFFFFFFFFFFFFFFFFF02
:207EA000FFFFFFFFFFFFFFFFFFFFFFFFFFFFFFFFFFFFFFFFFFFFFFFFFFFFFFFFFFFFFFFFE2
:207EC000FFFFFFFFFFFFFFFFFFFFFFFFFFFFFFFFFFFFFFFFFFFFFFFFFFFFFFFFFFFFFFFFC2
:207EE000FFFFFFFFFFFFFFFFFFFFFFFFFFFFFFFFFFFFFFFFFFFFFFFFFFFFFFFFFFFFFFFFA2
:207F0000FFFFFFFFFFFFFFFFFFFFFFFFFFFFFFFFFFFFFFFFFFFFFFFFFFFFFFFFFFFFFFFF81
:207F2000FFFFFFFFFFFFFFFFFFFFFFFFFFFFFFFFFFFFFFFFFFFFFFFFFFFFFFFFFFFFFFFF61
:207F4000FFFFFFFFFFFFFFFFFFFFFFFFFFFFFFFFFFFFFFFFFFFFFFFFFFFFFFFFFFFFFFFF41
:207F6000FFFFFFFFFFFFFFFFFFFFFFFFFFFFFFFFFFFFFFFFFFFFFFFFFFFFFFFFFFFFFFFF21
:207F8000FFFFFFFFFFFFFFFFFFFFFFFFFFFFFFFFFFFFFFFFFFFFFFFFFFFFFFFFFFFFFFFF01
:207FA000FFFFFFFFFFFFFFFFFFFFFFFFFFFFFFFFFFFFFFFFFFFFFFFFFFFFFFFFFFFFFFFFE1
:207FC000FFFFFFFFFFFFFFFFFFFFFFFFFFFFFFFFFFFFFFFFFFFFFFFFFFFFFFFFFFFFFFFFC1
:207FE000FFFFFFFFFFFFFFFFFFFFFFFFFFFFFFFFFFFFFFFFFFFFFFFFFFFFFFFFFFFFFFFFA1
:20800000FFFFFFFFFFFFFFFFFFFFFFFFFFFFFFFFFFFFFFFFFFFFFFFFFFFFFFFFFFFFFFFF80
:20802000FFFFFFFFFFFFFFFFFFFFFFFFFFFFFFFFFFFFFFFFFFFFFFFFFFFFFFFFFFFFFFFF60
:20804000FFFFFFFFFFFFFFFFFFFFFFFFFFFFFFFFFFFFFFFFFFFFFFFFFFFFFFFFFFFFFFFF40
:20806000FFFFFFFFFFFFFFFFFFFFFFFFFFFFFFFFFFFFFFFFFFFFFFFFFFFFFFFFFFFFFFFF20
:20808000FFFFFFFFFFFFFFFFFFFFFFFFFFFFFFFFFFFFFFFFFFFFFFFFFFFFFFFFFFFFFFFF00
:2080A000FFFFFFFFFFFFFFFFFFFFFFFFFFFFFFFFFFFFFFFFFFFFFFFFFFFFFFFFFFFFFFFFE0
:2080C000FFFFFFFFFFFFFFFFFFFFFFFFFFFFFFFFFFFFFFFFFFFFFFFFFFFFFFFFFFFFFFFFC0
:2080E000FFFFFFFFFFFFFFFFFFFFFFFFFFFFFFFFFFFFFFFFFFFFFFFFFFFFFFFFFFFFFFFFA0
:20810000FFFFFFFFFFFFFFFFFFFFFFFFFFFFFFFFFFFFFFFFFFFFFFFFFFFFFFFFFFFFFFFF7F
:20812000FFFFFFFFFFFFFFFFFFFFFFFFFFFFFFFFFFFFFFFFFFFFFFFFFFFFFFFFFFFFFFFF5F
:20814000FFFFFFFFFFFFFFFFFFFFFFFFFFFFFFFFFFFFFFFFFFFFFFFFFFFFFFFFFFFFFFFF3F
:20816000FFFFFFFFFFFFFFFFFFFFFFFFFFFFFFFFFFFFFFFFFFFFFFFFFFFFFFFFFFFFFFFF1F
:20818000FFFFFFFFFFFFFFFFFFFFFFFFFFFFFFFFFFFFFFFFFFFFFFFFFFFFFFFFFFFFFFFFFF
:2081A000FFFFFFFFFFFFFFFFFFFFFFFFFFFFFFFFFFFFFFFFFFFFFFFFFFFFFFFFFFFFFFFFDF
:2081C000FFFFFFFFFFFFFFFFFFFFFFFFFFFFFFFFFFFFFFFFFFFFFFFFFFFFFFFFFFFFFFFFBF
:2081E000FFFFFFFFFFFFFFFFFFFFFFFFFFFFFFFFFFFFFFFFFFFFFFFFFFFFFFFFFFFFFFFF9F
:20820000FFFFFFFFFFFFFFFFFFFFFFFFFFFFFFFFFFFFFFFFFFFFFFFFFFFFFFFFFFFFFFFF7E
:20822000FFFFFFFFFFFFFFFFFFFFFFFFFFFFFFFFFFFFFFFFFFFFFFFFFFFFFFFFFFFFFFFF5E
:20824000FFFFFFFFFFFFFFFFFFFFFFFFFFFFFFFFFFFFFFFFFFFFFFFFFFFFFFFFFFFFFFFF3E
:20826000FFFFFFFFFFFFFFFFFFFFFFFFFFFFFFFFFFFFFFFFFFFFFFFFFFFFFFFFFFFFFFFF1E
:20828000FFFFFFFFFFFFFFFFFFFFFFFFFFFFFFFFFFFFFFFFFFFFFFFFFFFFFFFFFFFFFFFFFE
:2082A000FFFFFFFFFFFFFFFFFFFFFFFFFFFFFFFFFFFFFFFFFFFFFFFFFFFFFFFFFFFFFFFFDE
:2082C000FFFFFFFFFFFFFFFFFFFFFFFFFFFFFFFFFFFFFFFFFFFFFFFFFFFFFFFFFFFFFFFFBE
:2082E000FFFFFFFFFFFFFFFFFFFFFFFFFFFFFFFFFFFFFFFFFFFFFFFFFFFFFFFFFFFFFFFF9E
:20830000FFFFFFFFFFFFFFFFFFFFFFFFFFFFFFFFFFFFFFFFFFFFFFFFFFFFFFFFFFFFFFFF7D
:20832000FFFFFFFFFFFFFFFFFFFFFFFFFFFFFFFFFFFFFFFFFFFFFFFFFFFFFFFFFFFFFFFF5D
:20834000FFFFFFFFFFFFFFFFFFFFFFFFFFFFFFFFFFFFFFFFFFFFFFFFFFFFFFFFFFFFFFFF3D
:20836000FFFFFFFFFFFFFFFFFFFFFFFFFFFFFFFFFFFFFFFFFFFFFFFFFFFFFFFFFFFFFFFF1D
:20838000FFFFFFFFFFFFFFFFFFFFFFFFFFFFFFFFFFFFFFFFFFFFFFFFFFFFFFFFFFFFFFFFFD
:2083A000FFFFFFFFFFFFFFFFFFFFFFFFFFFFFFFFFFFFFFFFFFFFFFFFFFFFFFFFFFFFFFFFDD
:2083C000FFFFFFFFFFFFFFFFFFFFFFFFFFFFFFFFFFFFFFFFFFFFFFFFFFFFFFFFFFFFFFFFBD
:2083E000FFFFFFFFFFFFFFFFFFFFFFFFFFFFFFFFFFFFFFFFFFFFFFFFFFFFFFFFFFFFFFFF9D
:20840000FFFFFFFFFFFFFFFFFFFFFFFFFFFFFFFFFFFFFFFFFFFFFFFFFFFFFFFFFFFFFFFF7C
:20842000FFFFFFFFFFFFFFFFFFFFFFFFFFFFFFFFFFFFFFFFFFFFFFFFFFFFFFFFFFFFFFFF5C
:20844000FFFFFFFFFFFFFFFFFFFFFFFFFFFFFFFFFFFFFFFFFFFFFFFFFFFFFFFFFFFFFFFF3C
:20846000FFFFFFFFFFFFFFFFFFFFFFFFFFFFFFFFFFFFFFFFFFFFFFFFFFFFFFFFFFFFFFFF1C
:20848000FFFFFFFFFFFFFFFFFFFFFFFFFFFFFFFFFFFFFFFFFFFFFFFFFFFFFFFFFFFFFFFFFC
:2084A000FFFFFFFFFFFFFFFFFFFFFFFFFFFFFFFFFFFFFFFFFFFFFFFFFFFFFFFFFFFFFFFFDC
:2084C000FFFFFFFFFFFFFFFFFFFFFFFFFFFFFFFFFFFFFFFFFFFFFFFFFFFFFFFFFFFFFFFFBC
:2084E000FFFFFFFFFFFFFFFFFFFFFFFFFFFFFFFFFFFFFFFFFFFFFFFFFFFFFFFFFFFFFFFF9C
:20850000FFFFFFFFFFFFFFFFFFFFFFFFFFFFFFFFFFFFFFFFFFFFFFFFFFFFFFFFFFFFFFFF7B
:20852000FFFFFFFFFFFFFFFFFFFFFFFFFFFFFFFFFFFFFFFFFFFFFFFFFFFFFFFFFFFFFFFF5B
:20854000FFFFFFFFFFFFFFFFFFFFFFFFFFFFFFFFFFFFFFFFFFFFFFFFFFFFFFFFFFFFFFFF3B
:20856000FFFFFFFFFFFFFFFFFFFFFFFFFFFFFFFFFFFFFFFFFFFFFFFFFFFFFFFFFFFFFFFF1B
:20858000FFFFFFFFFFFFFFFFFFFFFFFFFFFFFFFFFFFFFFFFFFFFFFFFFFFFFFFFFFFFFFFFFB
:2085A000FFFFFFFFFFFFFFFFFFFFFFFFFFFFFFFFFFFFFFFFFFFFFFFFFFFFFFFFFFFFFFFFDB
:2085C000FFFFFFFFFFFFFFFFFFFFFFFFFFFFFFFFFFFFFFFFFFFFFFFFFFFFFFFFFFFFFFFFBB
:2085E000FFFFFFFFFFFFFFFFFFFFFFFFFFFFFFFFFFFFFFFFFFFFFFFFFFFFFFFFFFFFFFFF9B
:20860000FFFFFFFFFFFFFFFFFFFFFFFFFFFFFFFFFFFFFFFFFFFFFFFFFFFFFFFFFFFFFFFF7A
:20862000FFFFFFFFFFFFFFFFFFFFFFFFFFFFFFFFFFFFFFFFFFFFFFFFFFFFFFFFFFFFFFFF5A
:20864000FFFFFFFFFFFFFFFFFFFFFFFFFFFFFFFFFFFFFFFFFFFFFFFFFFFFFFFFFFFFFFFF3A
:20866000FFFFFFFFFFFFFFFFFFFFFFFFFFFFFFFFFFFFFFFFFFFFFFFFFFFFFFFFFFFFFFFF1A
:20868000FFFFFFFFFFFFFFFFFFFFFFFFFFFFFFFFFFFFFFFFFFFFFFFFFFFFFFFFFFFFFFFFFA
:2086A000FFFFFFFFFFFFFFFFFFFFFFFFFFFFFFFFFFFFFFFFFFFFFFFFFFFFFFFFFFFFFFFFDA
:2086C000FFFFFFFFFFFFFFFFFFFFFFFFFFFFFFFFFFFFFFFFFFFFFFFFFFFFFFFFFFFFFFFFBA
:2086E000FFFFFFFFFFFFFFFFFFFFFFFFFFFFFFFFFFFFFFFFFFFFFFFFFFFFFFFFFFFFFFFF9A
:20870000FFFFFFFFFFFFFFFFFFFFFFFFFFFFFFFFFFFFFFFFFFFFFFFFFFFFFFFFFFFFFFFF79
:20872000FFFFFFFFFFFFFFFFFFFFFFFFFFFFFFFFFFFFFFFFFFFFFFFFFFFFFFFFFFFFFFFF59
:20874000FFFFFFFFFFFFFFFFFFFFFFFFFFFFFFFFFFFFFFFFFFFFFFFFFFFFFFFFFFFFFFFF39
:20876000FFFFFFFFFFFFFFFFFFFFFFFFFFFFFFFFFFFFFFFFFFFFFFFFFFFFFFFFFFFFFFFF19
:20878000FFFFFFFFFFFFFFFFFFFFFFFFFFFFFFFFFFFFFFFFFFFFFFFFFFFFFFFFFFFFFFFFF9
:2087A000FFFFFFFFFFFFFFFFFFFFFFFFFFFFFFFFFFFFFFFFFFFFFFFFFFFFFFFFFFFFFFFFD9
:2087C000FFFFFFFFFFFFFFFFFFFFFFFFFFFFFFFFFFFFFFFFFFFFFFFFFFFFFFFFFFFFFFFFB9
:2087E000FFFFFFFFFFFFFFFFFFFFFFFFFFFFFFFFFFFFFFFFFFFFFFFFFFFFFFFFFFFFFFFF99
:20880000FFFFFFFFFFFFFFFFFFFFFFFFFFFFFFFFFFFFFFFFFFFFFFFFFFFFFFFFFFFFFFFF78
:20882000FFFFFFFFFFFFFFFFFFFFFFFFFFFFFFFFFFFFFFFFFFFFFFFFFFFFFFFFFFFFFFFF58
:20884000FFFFFFFFFFFFFFFFFFFFFFFFFFFFFFFFFFFFFFFFFFFFFFFFFFFFFFFFFFFFFFFF38
:20886000FFFFFFFFFFFFFFFFFFFFFFFFFFFFFFFFFFFFFFFFFFFFFFFFFFFFFFFFFFFFFFFF18
:20888000FFFFFFFFFFFFFFFFFFFFFFFFFFFFFFFFFFFFFFFFFFFFFFFFFFFFFFFFFFFFFFFFF8
:2088A000FFFFFFFFFFFFFFFFFFFFFFFFFFFFFFFFFFFFFFFFFFFFFFFFFFFFFFFFFFFFFFFFD8
:2088C000FFFFFFFFFFFFFFFFFFFFFFFFFFFFFFFFFFFFFFFFFFFFFFFFFFFFFFFFFFFFFFFFB8
:2088E000FFFFFFFFFFFFFFFFFFFFFFFFFFFFFFFFFFFFFFFFFFFFFFFFFFFFFFFFFFFFFFFF98
:20890000FFFFFFFFFFFFFFFFFFFFFFFFFFFFFFFFFFFFFFFFFFFFFFFFFFFFFFFFFFFFFFFF77
:20892000FFFFFFFFFFFFFFFFFFFFFFFFFFFFFFFFFFFFFFFFFFFFFFFFFFFFFFFFFFFFFFFF57
:20894000FFFFFFFFFFFFFFFFFFFFFFFFFFFFFFFFFFFFFFFFFFFFFFFFFFFFFFFFFFFFFFFF37
:20896000FFFFFFFFFFFFFFFFFFFFFFFFFFFFFFFFFFFFFFFFFFFFFFFFFFFFFFFFFFFFFFFF17
:20898000FFFFFFFFFFFFFFFFFFFFFFFFFFFFFFFFFFFFFFFFFFFFFFFFFFFFFFFFFFFFFFFFF7
:2089A000FFFFFFFFFFFFFFFFFFFFFFFFFFFFFFFFFFFFFFFFFFFFFFFFFFFFFFFFFFFFFFFFD7
:2089C000FFFFFFFFFFFFFFFFFFFFFFFFFFFFFFFFFFFFFFFFFFFFFFFFFFFFFFFFFFFFFFFFB7
:2089E000FFFFFFFFFFFFFFFFFFFFFFFFFFFFFFFFFFFFFFFFFFFFFFFFFFFFFFFFFFFFFFFF97
:208A0000FFFFFFFFFFFFFFFFFFFFFFFFFFFFFFFFFFFFFFFFFFFFFFFFFFFFFFFFFFFFFFFF76
:208A2000FFFFFFFFFFFFFFFFFFFFFFFFFFFFFFFFFFFFFFFFFFFFFFFFFFFFFFFFFFFFFFFF56
:208A4000FFFFFFFFFFFFFFFFFFFFFFFFFFFFFFFFFFFFFFFFFFFFFFFFFFFFFFFFFFFFFFFF36
:208A6000FFFFFFFFFFFFFFFFFFFFFFFFFFFFFFFFFFFFFFFFFFFFFFFFFFFFFFFFFFFFFFFF16
:208A8000FFFFFFFFFFFFFFFFFFFFFFFFFFFFFFFFFFFFFFFFFFFFFFFFFFFFFFFFFFFFFFFFF6
:208AA000FFFFFFFFFFFFFFFFFFFFFFFFFFFFFFFFFFFFFFFFFFFFFFFFFFFFFFFFFFFFFFFFD6
:208AC000FFFFFFFFFFFFFFFFFFFFFFFFFFFFFFFFFFFFFFFFFFFFFFFFFFFFFFFFFFFFFFFFB6
:208AE000FFFFFFFFFFFFFFFFFFFFFFFFFFFFFFFFFFFFFFFFFFFFFFFFFFFFFFFFFFFFFFFF96
:208B0000FFFFFFFFFFFFFFFFFFFFFFFFFFFFFFFFFFFFFFFFFFFFFFFFFFFFFFFFFFFFFFFF75
:208B2000FFFFFFFFFFFFFFFFFFFFFFFFFFFFFFFFFFFFFFFFFFFFFFFFFFFFFFFFFFFFFFFF55
:208B4000FFFFFFFFFFFFFFFFFFFFFFFFFFFFFFFFFFFFFFFFFFFFFFFFFFFFFFFFFFFFFFFF35
:208B6000FFFFFFFFFFFFFFFFFFFFFFFFFFFFFFFFFFFFFFFFFFFFFFFFFFFFFFFFFFFFFFFF15
:208B8000FFFFFFFFFFFFFFFFFFFFFFFFFFFFFFFFFFFFFFFFFFFFFFFFFFFFFFFFFFFFFFFFF5
:208BA000FFFFFFFFFFFFFFFFFFFFFFFFFFFFFFFFFFFFFFFFFFFFFFFFFFFFFFFFFFFFFFFFD5
:208BC000FFFFFFFFFFFFFFFFFFFFFFFFFFFFFFFFFFFFFFFFFFFFFFFFFFFFFFFFFFFFFFFFB5
:208BE000FFFFFFFFFFFFFFFFFFFFFFFFFFFFFFFFFFFFFFFFFFFFFFFFFFFFFFFFFFFFFFFF95
:208C0000FFFFFFFFFFFFFFFFFFFFFFFFFFFFFFFFFFFFFFFFFFFFFFFFFFFFFFFFFFFFFFFF74
:208C2000FFFFFFFFFFFFFFFFFFFFFFFFFFFFFFFFFFFFFFFFFFFFFFFFFFFFFFFFFFFFFFFF54
:208C4000FFFFFFFFFFFFFFFFFFFFFFFFFFFFFFFFFFFFFFFFFFFFFFFFFFFFFFFFFFFFFFFF34
:208C6000FFFFFFFFFFFFFFFFFFFFFFFFFFFFFFFFFFFFFFFFFFFFFFFFFFFFFFFFFFFFFFFF14
:208C8000FFFFFFFFFFFFFFFFFFFFFFFFFFFFFFFFFFFFFFFFFFFFFFFFFFFFFFFFFFFFFFFFF4
:208CA000FFFFFFFFFFFFFFFFFFFFFFFFFFFFFFFFFFFFFFFFFFFFFFFFFFFFFFFFFFFFFFFFD4
:208CC000FFFFFFFFFFFFFFFFFFFFFFFFFFFFFFFFFFFFFFFFFFFFFFFFFFFFFFFFFFFFFFFFB4
:208CE000FFFFFFFFFFFFFFFFFFFFFFFFFFFFFFFFFFFFFFFFFFFFFFFFFFFFFFFFFFFFFFFF94
:208D0000FFFFFFFFFFFFFFFFFFFFFFFFFFFFFFFFFFFFFFFFFFFFFFFFFFFFFFFFFFFFFFFF73
:208D2000FFFFFFFFFFFFFFFFFFFFFFFFFFFFFFFFFFFFFFFFFFFFFFFFFFFFFFFFFFFFFFFF53
:208D4000FFFFFFFFFFFFFFFFFFFFFFFFFFFFFFFFFFFFFFFFFFFFFFFFFFFFFFFFFFFFFFFF33
:208D6000FFFFFFFFFFFFFFFFFFFFFFFFFFFFFFFFFFFFFFFFFFFFFFFFFFFFFFFFFFFFFFFF13
:208D8000FFFFFFFFFFFFFFFFFFFFFFFFFFFFFFFFFFFFFFFFFFFFFFFFFFFFFFFFFFFFFFFFF3
:208DA000FFFFFFFFFFFFFFFFFFFFFFFFFFFFFFFFFFFFFFFFFFFFFFFFFFFFFFFFFFFFFFFFD3
:208DC000FFFFFFFFFFFFFFFFFFFFFFFFFFFFFFFFFFFFFFFFFFFFFFFFFFFFFFFFFFFFFFFFB3
:208DE000FFFFFFFFFFFFFFFFFFFFFFFFFFFFFFFFFFFFFFFFFFFFFFFFFFFFFFFFFFFFFFFF93
:208E0000FFFFFFFFFFFFFFFFFFFFFFFFFFFFFFFFFFFFFFFFFFFFFFFFFFFFFFFFFFFFFFFF72
:208E2000FFFFFFFFFFFFFFFFFFFFFFFFFFFFFFFFFFFFFFFFFFFFFFFFFFFFFFFFFFFFFFFF52
:208E4000FFFFFFFFFFFFFFFFFFFFFFFFFFFFFFFFFFFFFFFFFFFFFFFFFFFFFFFFFFFFFFFF32
:208E6000FFFFFFFFFFFFFFFFFFFFFFFFFFFFFFFFFFFFFFFFFFFFFFFFFFFFFFFFFFFFFFFF12
:208E8000FFFFFFFFFFFFFFFFFFFFFFFFFFFFFFFFFFFFFFFFFFFFFFFFFFFFFFFFFFFFFFFFF2
:208EA000FFFFFFFFFFFFFFFFFFFFFFFFFFFFFFFFFFFFFFFFFFFFFFFFFFFFFFFFFFFFFFFFD2
:208EC000FFFFFFFFFFFFFFFFFFFFFFFFFFFFFFFFFFFFFFFFFFFFFFFFFFFFFFFFFFFFFFFFB2
:208EE000FFFFFFFFFFFFFFFFFFFFFFFFFFFFFFFFFFFFFFFFFFFFFFFFFFFFFFFFFFFFFFFF92
:208F0000FFFFFFFFFFFFFFFFFFFFFFFFFFFFFFFFFFFFFFFFFFFFFFFFFFFFFFFFFFFFFFFF71
:208F2000FFFFFFFFFFFFFFFFFFFFFFFFFFFFFFFFFFFFFFFFFFFFFFFFFFFFFFFFFFFFFFFF51
:208F4000FFFFFFFFFFFFFFFFFFFFFFFFFFFFFFFFFFFFFFFFFFFFFFFFFFFFFFFFFFFFFFFF31
:208F6000FFFFFFFFFFFFFFFFFFFFFFFFFFFFFFFFFFFFFFFFFFFFFFFFFFFFFFFFFFFFFFFF11
:208F8000FFFFFFFFFFFFFFFFFFFFFFFFFFFFFFFFFFFFFFFFFFFFFFFFFFFFFFFFFFFFFFFFF1
:208FA000FFFFFFFFFFFFFFFFFFFFFFFFFFFFFFFFFFFFFFFFFFFFFFFFFFFFFFFFFFFFFFFFD1
:208FC000FFFFFFFFFFFFFFFFFFFFFFFFFFFFFFFFFFFFFFFFFFFFFFFFFFFFFFFFFFFFFFFFB1
:208FE000FFFFFFFFFFFFFFFFFFFFFFFFFFFFFFFFFFFFFFFFFFFFFFFFFFFFFFFFFFFFFFFF91
:20900000FFFFFFFFFFFFFFFFFFFFFFFFFFFFFFFFFFFFFFFFFFFFFFFFFFFFFFFFFFFFFFFF70
:20902000FFFFFFFFFFFFFFFFFFFFFFFFFFFFFFFFFFFFFFFFFFFFFFFFFFFFFFFFFFFFFFFF50
:20904000FFFFFFFFFFFFFFFFFFFFFFFFFFFFFFFFFFFFFFFFFFFFFFFFFFFFFFFFFFFFFFFF30
:20906000FFFFFFFFFFFFFFFFFFFFFFFFFFFFFFFFFFFFFFFFFFFFFFFFFFFFFFFFFFFFFFFF10
:20908000FFFFFFFFFFFFFFFFFFFFFFFFFFFFFFFFFFFFFFFFFFFFFFFFFFFFFFFFFFFFFFFFF0
:2090A000FFFFFFFFFFFFFFFFFFFFFFFFFFFFFFFFFFFFFFFFFFFFFFFFFFFFFFFFFFFFFFFFD0
:2090C000FFFFFFFFFFFFFFFFFFFFFFFFFFFFFFFFFFFFFFFFFFFFFFFFFFFFFFFFFFFFFFFFB0
:2090E000FFFFFFFFFFFFFFFFFFFFFFFFFFFFFFFFFFFFFFFFFFFFFFFFFFFFFFFFFFFFFFFF90
:20910000FFFFFFFFFFFFFFFFFFFFFFFFFFFFFFFFFFFFFFFFFFFFFFFFFFFFFFFFFFFFFFFF6F
:20912000FFFFFFFFFFFFFFFFFFFFFFFFFFFFFFFFFFFFFFFFFFFFFFFFFFFFFFFFFFFFFFFF4F
:20914000FFFFFFFFFFFFFFFFFFFFFFFFFFFFFFFFFFFFFFFFFFFFFFFFFFFFFFFFFFFFFFFF2F
:20916000FFFFFFFFFFFFFFFFFFFFFFFFFFFFFFFFFFFFFFFFFFFFFFFFFFFFFFFFFFFFFFFF0F
:20918000FFFFFFFFFFFFFFFFFFFFFFFFFFFFFFFFFFFFFFFFFFFFFFFFFFFFFFFFFFFFFFFFEF
:2091A000FFFFFFFFFFFFFFFFFFFFFFFFFFFFFFFFFFFFFFFFFFFFFFFFFFFFFFFFFFFFFFFFCF
:2091C000FFFFFFFFFFFFFFFFFFFFFFFFFFFFFFFFFFFFFFFFFFFFFFFFFFFFFFFFFFFFFFFFAF
:2091E000FFFFFFFFFFFFFFFFFFFFFFFFFFFFFFFFFFFFFFFFFFFFFFFFFFFFFFFFFFFFFFFF8F
:20920000FFFFFFFFFFFFFFFFFFFFFFFFFFFFFFFFFFFFFFFFFFFFFFFFFFFFFFFFFFFFFFFF6E
:20922000FFFFFFFFFFFFFFFFFFFFFFFFFFFFFFFFFFFFFFFFFFFFFFFFFFFFFFFFFFFFFFFF4E
:20924000FFFFFFFFFFFFFFFFFFFFFFFFFFFFFFFFFFFFFFFFFFFFFFFFFFFFFFFFFFFFFFFF2E
:20926000FFFFFFFFFFFFFFFFFFFFFFFFFFFFFFFFFFFFFFFFFFFFFFFFFFFFFFFFFFFFFFFF0E
:20928000FFFFFFFFFFFFFFFFFFFFFFFFFFFFFFFFFFFFFFFFFFFFFFFFFFFFFFFFFFFFFFFFEE
:2092A000FFFFFFFFFFFFFFFFFFFFFFFFFFFFFFFFFFFFFFFFFFFFFFFFFFFFFFFFFFFFFFFFCE
:2092C000FFFFFFFFFFFFFFFFFFFFFFFFFFFFFFFFFFFFFFFFFFFFFFFFFFFFFFFFFFFFFFFFAE
:2092E000FFFFFFFFFFFFFFFFFFFFFFFFFFFFFFFFFFFFFFFFFFFFFFFFFFFFFFFFFFFFFFFF8E
:20930000FFFFFFFFFFFFFFFFFFFFFFFFFFFFFFFFFFFFFFFFFFFFFFFFFFFFFFFFFFFFFFFF6D
:20932000FFFFFFFFFFFFFFFFFFFFFFFFFFFFFFFFFFFFFFFFFFFFFFFFFFFFFFFFFFFFFFFF4D
:20934000FFFFFFFFFFFFFFFFFFFFFFFFFFFFFFFFFFFFFFFFFFFFFFFFFFFFFFFFFFFFFFFF2D
:20936000FFFFFFFFFFFFFFFFFFFFFFFFFFFFFFFFFFFFFFFFFFFFFFFFFFFFFFFFFFFFFFFF0D
:20938000FFFFFFFFFFFFFFFFFFFFFFFFFFFFFFFFFFFFFFFFFFFFFFFFFFFFFFFFFFFFFFFFED
:2093A000FFFFFFFFFFFFFFFFFFFFFFFFFFFFFFFFFFFFFFFFFFFFFFFFFFFFFFFFFFFFFFFFCD
:2093C000FFFFFFFFFFFFFFFFFFFFFFFFFFFFFFFFFFFFFFFFFFFFFFFFFFFFFFFFFFFFFFFFAD
:2093E000FFFFFFFFFFFFFFFFFFFFFFFFFFFFFFFFFFFFFFFFFFFFFFFFFFFFFFFFFFFFFFFF8D
:20940000FFFFFFFFFFFFFFFFFFFFFFFFFFFFFFFFFFFFFFFFFFFFFFFFFFFFFFFFFFFFFFFF6C
:20942000FFFFFFFFFFFFFFFFFFFFFFFFFFFFFFFFFFFFFFFFFFFFFFFFFFFFFFFFFFFFFFFF4C
:20944000FFFFFFFFFFFFFFFFFFFFFFFFFFFFFFFFFFFFFFFFFFFFFFFFFFFFFFFFFFFFFFFF2C
:20946000FFFFFFFFFFFFFFFFFFFFFFFFFFFFFFFFFFFFFFFFFFFFFFFFFFFFFFFFFFFFFFFF0C
:20948000FFFFFFFFFFFFFFFFFFFFFFFFFFFFFFFFFFFFFFFFFFFFFFFFFFFFFFFFFFFFFFFFEC
:2094A000FFFFFFFFFFFFFFFFFFFFFFFFFFFFFFFFFFFFFFFFFFFFFFFFFFFFFFFFFFFFFFFFCC
:2094C000FFFFFFFFFFFFFFFFFFFFFFFFFFFFFFFFFFFFFFFFFFFFFFFFFFFFFFFFFFFFFFFFAC
:2094E000FFFFFFFFFFFFFFFFFFFFFFFFFFFFFFFFFFFFFFFFFFFFFFFFFFFFFFFFFFFFFFFF8C
:20950000FFFFFFFFFFFFFFFFFFFFFFFFFFFFFFFFFFFFFFFFFFFFFFFFFFFFFFFFFFFFFFFF6B
:20952000FFFFFFFFFFFFFFFFFFFFFFFFFFFFFFFFFFFFFFFFFFFFFFFFFFFFFFFFFFFFFFFF4B
:20954000FFFFFFFFFFFFFFFFFFFFFFFFFFFFFFFFFFFFFFFFFFFFFFFFFFFFFFFFFFFFFFFF2B
:20956000FFFFFFFFFFFFFFFFFFFFFFFFFFFFFFFFFFFFFFFFFFFFFFFFFFFFFFFFFFFFFFFF0B
:20958000FFFFFFFFFFFFFFFFFFFFFFFFFFFFFFFFFFFFFFFFFFFFFFFFFFFFFFFFFFFFFFFFEB
:2095A000FFFFFFFFFFFFFFFFFFFFFFFFFFFFFFFFFFFFFFFFFFFFFFFFFFFFFFFFFFFFFFFFCB
:2095C000FFFFFFFFFFFFFFFFFFFFFFFFFFFFFFFFFFFFFFFFFFFFFFFFFFFFFFFFFFFFFFFFAB
:2095E000FFFFFFFFFFFFFFFFFFFFFFFFFFFFFFFFFFFFFFFFFFFFFFFFFFFFFFFFFFFFFFFF8B
:20960000FFFFFFFFFFFFFFFFFFFFFFFFFFFFFFFFFFFFFFFFFFFFFFFFFFFFFFFFFFFFFFFF6A
:20962000FFFFFFFFFFFFFFFFFFFFFFFFFFFFFFFFFFFFFFFFFFFFFFFFFFFFFFFFFFFFFFFF4A
:20964000FFFFFFFFFFFFFFFFFFFFFFFFFFFFFFFFFFFFFFFFFFFFFFFFFFFFFFFFFFFFFFFF2A
:20966000FFFFFFFFFFFFFFFFFFFFFFFFFFFFFFFFFFFFFFFFFFFFFFFFFFFFFFFFFFFFFFFF0A
:20968000FFFFFFFFFFFFFFFFFFFFFFFFFFFFFFFFFFFFFFFFFFFFFFFFFFFFFFFFFFFFFFFFEA
:2096A000FFFFFFFFFFFFFFFFFFFFFFFFFFFFFFFFFFFFFFFFFFFFFFFFFFFFFFFFFFFFFFFFCA
:2096C000FFFFFFFFFFFFFFFFFFFFFFFFFFFFFFFFFFFFFFFFFFFFFFFFFFFFFFFFFFFFFFFFAA
:2096E000FFFFFFFFFFFFFFFFFFFFFFFFFFFFFFFFFFFFFFFFFFFFFFFFFFFFFFFFFFFFFFFF8A
:20970000FFFFFFFFFFFFFFFFFFFFFFFFFFFFFFFFFFFFFFFFFFFFFFFFFFFFFFFFFFFFFFFF69
:20972000FFFFFFFFFFFFFFFFFFFFFFFFFFFFFFFFFFFFFFFFFFFFFFFFFFFFFFFFFFFFFFFF49
:20974000FFFFFFFFFFFFFFFFFFFFFFFFFFFFFFFFFFFFFFFFFFFFFFFFFFFFFFFFFFFFFFFF29
:20976000FFFFFFFFFFFFFFFFFFFFFFFFFFFFFFFFFFFFFFFFFFFFFFFFFFFFFFFFFFFFFFFF09
:20978000FFFFFFFFFFFFFFFFFFFFFFFFFFFFFFFFFFFFFFFFFFFFFFFFFFFFFFFFFFFFFFFFE9
:2097A000FFFFFFFFFFFFFFFFFFFFFFFFFFFFFFFFFFFFFFFFFFFFFFFFFFFFFFFFFFFFFFFFC9
:2097C000FFFFFFFFFFFFFFFFFFFFFFFFFFFFFFFFFFFFFFFFFFFFFFFFFFFFFFFFFFFFFFFFA9
:2097E000FFFFFFFFFFFFFFFFFFFFFFFFFFFFFFFFFFFFFFFFFFFFFFFFFFFFFFFFFFFFFFFF89
:20980000FFFFFFFFFFFFFFFFFFFFFFFFFFFFFFFFFFFFFFFFFFFFFFFFFFFFFFFFFFFFFFFF68
:20982000FFFFFFFFFFFFFFFFFFFFFFFFFFFFFFFFFFFFFFFFFFFFFFFFFFFFFFFFFFFFFFFF48
:20984000FFFFFFFFFFFFFFFFFFFFFFFFFFFFFFFFFFFFFFFFFFFFFFFFFFFFFFFFFFFFFFFF28
:20986000FFFFFFFFFFFFFFFFFFFFFFFFFFFFFFFFFFFFFFFFFFFFFFFFFFFFFFFFFFFFFFFF08
:20988000FFFFFFFFFFFFFFFFFFFFFFFFFFFFFFFFFFFFFFFFFFFFFFFFFFFFFFFFFFFFFFFFE8
:2098A000FFFFFFFFFFFFFFFFFFFFFFFFFFFFFFFFFFFFFFFFFFFFFFFFFFFFFFFFFFFFFFFFC8
:2098C000FFFFFFFFFFFFFFFFFFFFFFFFFFFFFFFFFFFFFFFFFFFFFFFFFFFFFFFFFFFFFFFFA8
:2098E000FFFFFFFFFFFFFFFFFFFFFFFFFFFFFFFFFFFFFFFFFFFFFFFFFFFFFFFFFFFFFFFF88
:20990000FFFFFFFFFFFFFFFFFFFFFFFFFFFFFFFFFFFFFFFFFFFFFFFFFFFFFFFFFFFFFFFF67
:20992000FFFFFFFFFFFFFFFFFFFFFFFFFFFFFFFFFFFFFFFFFFFFFFFFFFFFFFFFFFFFFFFF47
:20994000FFFFFFFFFFFFFFFFFFFFFFFFFFFFFFFFFFFFFFFFFFFFFFFFFFFFFFFFFFFFFFFF27
:20996000FFFFFFFFFFFFFFFFFFFFFFFFFFFFFFFFFFFFFFFFFFFFFFFFFFFFFFFFFFFFFFFF07
:20998000FFFFFFFFFFFFFFFFFFFFFFFFFFFFFFFFFFFFFFFFFFFFFFFFFFFFFFFFFFFFFFFFE7
:2099A000FFFFFFFFFFFFFFFFFFFFFFFFFFFFFFFFFFFFFFFFFFFFFFFFFFFFFFFFFFFFFFFFC7
:2099C000FFFFFFFFFFFFFFFFFFFFFFFFFFFFFFFFFFFFFFFFFFFFFFFFFFFFFFFFFFFFFFFFA7
:2099E000FFFFFFFFFFFFFFFFFFFFFFFFFFFFFFFFFFFFFFFFFFFFFFFFFFFFFFFFFFFFFFFF87
:209A0000FFFFFFFFFFFFFFFFFFFFFFFFFFFFFFFFFFFFFFFFFFFFFFFFFFFFFFFFFFFFFFFF66
:209A2000FFFFFFFFFFFFFFFFFFFFFFFFFFFFFFFFFFFFFFFFFFFFFFFFFFFFFFFFFFFFFFFF46
:209A4000FFFFFFFFFFFFFFFFFFFFFFFFFFFFFFFFFFFFFFFFFFFFFFFFFFFFFFFFFFFFFFFF26
:209A6000FFFFFFFFFFFFFFFFFFFFFFFFFFFFFFFFFFFFFFFFFFFFFFFFFFFFFFFFFFFFFFFF06
:209A8000FFFFFFFFFFFFFFFFFFFFFFFFFFFFFFFFFFFFFFFFFFFFFFFFFFFFFFFFFFFFFFFFE6
:209AA000FFFFFFFFFFFFFFFFFFFFFFFFFFFFFFFFFFFFFFFFFFFFFFFFFFFFFFFFFFFFFFFFC6
:209AC000FFFFFFFFFFFFFFFFFFFFFFFFFFFFFFFFFFFFFFFFFFFFFFFFFFFFFFFFFFFFFFFFA6
:209AE000FFFFFFFFFFFFFFFFFFFFFFFFFFFFFFFFFFFFFFFFFFFFFFFFFFFFFFFFFFFFFFFF86
:209B0000FFFFFFFFFFFFFFFFFFFFFFFFFFFFFFFFFFFFFFFFFFFFFFFFFFFFFFFFFFFFFFFF65
:209B2000FFFFFFFFFFFFFFFFFFFFFFFFFFFFFFFFFFFFFFFFFFFFFFFFFFFFFFFFFFFFFFFF45
:209B4000FFFFFFFFFFFFFFFFFFFFFFFFFFFFFFFFFFFFFFFFFFFFFFFFFFFFFFFFFFFFFFFF25
:209B6000FFFFFFFFFFFFFFFFFFFFFFFFFFFFFFFFFFFFFFFFFFFFFFFFFFFFFFFFFFFFFFFF05
:209B8000FFFFFFFFFFFFFFFFFFFFFFFFFFFFFFFFFFFFFFFFFFFFFFFFFFFFFFFFFFFFFFFFE5
:209BA000FFFFFFFFFFFFFFFFFFFFFFFFFFFFFFFFFFFFFFFFFFFFFFFFFFFFFFFFFFFFFFFFC5
:209BC000FFFFFFFFFFFFFFFFFFFFFFFFFFFFFFFFFFFFFFFFFFFFFFFFFFFFFFFFFFFFFFFFA5
:209BE000FFFFFFFFFFFFFFFFFFFFFFFFFFFFFFFFFFFFFFFFFFFFFFFFFFFFFFFFFFFFFFFF85
:209C0000FFFFFFFFFFFFFFFFFFFFFFFFFFFFFFFFFFFFFFFFFFFFFFFFFFFFFFFFFFFFFFFF64
:209C2000FFFFFFFFFFFFFFFFFFFFFFFFFFFFFFFFFFFFFFFFFFFFFFFFFFFFFFFFFFFFFFFF44
:209C4000FFFFFFFFFFFFFFFFFFFFFFFFFFFFFFFFFFFFFFFFFFFFFFFFFFFFFFFFFFFFFFFF24
:209C6000FFFFFFFFFFFFFFFFFFFFFFFFFFFFFFFFFFFFFFFFFFFFFFFFFFFFFFFFFFFFFFFF04
:209C8000FFFFFFFFFFFFFFFFFFFFFFFFFFFFFFFFFFFFFFFFFFFFFFFFFFFFFFFFFFFFFFFFE4
:209CA000FFFFFFFFFFFFFFFFFFFFFFFFFFFFFFFFFFFFFFFFFFFFFFFFFFFFFFFFFFFFFFFFC4
:209CC000FFFFFFFFFFFFFFFFFFFFFFFFFFFFFFFFFFFFFFFFFFFFFFFFFFFFFFFFFFFFFFFFA4
:209CE000FFFFFFFFFFFFFFFFFFFFFFFFFFFFFFFFFFFFFFFFFFFFFFFFFFFFFFFFFFFFFFFF84
:209D0000FFFFFFFFFFFFFFFFFFFFFFFFFFFFFFFFFFFFFFFFFFFFFFFFFFFFFFFFFFFFFFFF63
:209D2000FFFFFFFFFFFFFFFFFFFFFFFFFFFFFFFFFFFFFFFFFFFFFFFFFFFFFFFFFFFFFFFF43
:209D4000FFFFFFFFFFFFFFFFFFFFFFFFFFFFFFFFFFFFFFFFFFFFFFFFFFFFFFFFFFFFFFFF23
:209D6000FFFFFFFFFFFFFFFFFFFFFFFFFFFFFFFFFFFFFFFFFFFFFFFFFFFFFFFFFFFFFFFF03
:209D8000FFFFFFFFFFFFFFFFFFFFFFFFFFFFFFFFFFFFFFFFFFFFFFFFFFFFFFFFFFFFFFFFE3
:209DA000FFFFFFFFFFFFFFFFFFFFFFFFFFFFFFFFFFFFFFFFFFFFFFFFFFFFFFFFFFFFFFFFC3
:209DC000FFFFFFFFFFFFFFFFFFFFFFFFFFFFFFFFFFFFFFFFFFFFFFFFFFFFFFFFFFFFFFFFA3
:209DE000FFFFFFFFFFFFFFFFFFFFFFFFFFFFFFFFFFFFFFFFFFFFFFFFFFFFFFFFFFFFFFFF83
:209E0000FFFFFFFFFFFFFFFFFFFFFFFFFFFFFFFFFFFFFFFFFFFFFFFFFFFFFFFFFFFFFFFF62
:209E2000FFFFFFFFFFFFFFFFFFFFFFFFFFFFFFFFFFFFFFFFFFFFFFFFFFFFFFFFFFFFFFFF42
:209E4000FFFFFFFFFFFFFFFFFFFFFFFFFFFFFFFFFFFFFFFFFFFFFFFFFFFFFFFFFFFFFFFF22
:209E6000FFFFFFFFFFFFFFFFFFFFFFFFFFFFFFFFFFFFFFFFFFFFFFFFFFFFFFFFFFFFFFFF02
:209E8000FFFFFFFFFFFFFFFFFFFFFFFFFFFFFFFFFFFFFFFFFFFFFFFFFFFFFFFFFFFFFFFFE2
:209EA000FFFFFFFFFFFFFFFFFFFFFFFFFFFFFFFFFFFFFFFFFFFFFFFFFFFFFFFFFFFFFFFFC2
:209EC000FFFFFFFFFFFFFFFFFFFFFFFFFFFFFFFFFFFFFFFFFFFFFFFFFFFFFFFFFFFFFFFFA2
:209EE000FFFFFFFFFFFFFFFFFFFFFFFFFFFFFFFFFFFFFFFFFFFFFFFFFFFFFFFFFFFFFFFF82
:209F0000FFFFFFFFFFFFFFFFFFFFFFFFFFFFFFFFFFFFFFFFFFFFFFFFFFFFFFFFFFFFFFFF61
:209F2000FFFFFFFFFFFFFFFFFFFFFFFFFFFFFFFFFFFFFFFFFFFFFFFFFFFFFFFFFFFFFFFF41
:209F4000FFFFFFFFFFFFFFFFFFFFFFFFFFFFFFFFFFFFFFFFFFFFFFFFFFFFFFFFFFFFFFFF21
:209F6000FFFFFFFFFFFFFFFFFFFFFFFFFFFFFFFFFFFFFFFFFFFFFFFFFFFFFFFFFFFFFFFF01
:209F8000FFFFFFFFFFFFFFFFFFFFFFFFFFFFFFFFFFFFFFFFFFFFFFFFFFFFFFFFFFFFFFFFE1
:209FA000FFFFFFFFFFFFFFFFFFFFFFFFFFFFFFFFFFFFFFFFFFFFFFFFFFFFFFFFFFFFFFFFC1
:209FC000FFFFFFFFFFFFFFFFFFFFFFFFFFFFFFFFFFFFFFFFFFFFFFFFFFFFFFFFFFFFFFFFA1
:209FE000FFFFFFFFFFFFFFFFFFFFFFFFFFFFFFFFFFFFFFFFFFFFFFFFFFFFFFFFFFFFFFFF81
:20A00000FFFFFFFFFFFFFFFFFFFFFFFFFFFFFFFFFFFFFFFFFFFFFFFFFFFFFFFFFFFFFFFF60
:20A02000FFFFFFFFFFFFFFFFFFFFFFFFFFFFFFFFFFFFFFFFFFFFFFFFFFFFFFFFFFFFFFFF40
:20A04000FFFFFFFFFFFFFFFFFFFFFFFFFFFFFFFFFFFFFFFFFFFFFFFFFFFFFFFFFFFFFFFF20
:20A06000FFFFFFFFFFFFFFFFFFFFFFFFFFFFFFFFFFFFFFFFFFFFFFFFFFFFFFFFFFFFFFFF00
:20A08000FFFFFFFFFFFFFFFFFFFFFFFFFFFFFFFFFFFFFFFFFFFFFFFFFFFFFFFFFFFFFFFFE0
:20A0A000FFFFFFFFFFFFFFFFFFFFFFFFFFFFFFFFFFFFFFFFFFFFFFFFFFFFFFFFFFFFFFFFC0
:20A0C000FFFFFFFFFFFFFFFFFFFFFFFFFFFFFFFFFFFFFFFFFFFFFFFFFFFFFFFFFFFFFFFFA0
:20A0E000FFFFFFFFFFFFFFFFFFFFFFFFFFFFFFFFFFFFFFFFFFFFFFFFFFFFFFFFFFFFFFFF80
:20A10000FFFFFFFFFFFFFFFFFFFFFFFFFFFFFFFFFFFFFFFFFFFFFFFFFFFFFFFFFFFFFFFF5F
:20A12000FFFFFFFFFFFFFFFFFFFFFFFFFFFFFFFFFFFFFFFFFFFFFFFFFFFFFFFFFFFFFFFF3F
:20A14000FFFFFFFFFFFFFFFFFFFFFFFFFFFFFFFFFFFFFFFFFFFFFFFFFFFFFFFFFFFFFFFF1F
:20A16000FFFFFFFFFFFFFFFFFFFFFFFFFFFFFFFFFFFFFFFFFFFFFFFFFFFFFFFFFFFFFFFFFF
:20A18000FFFFFFFFFFFFFFFFFFFFFFFFFFFFFFFFFFFFFFFFFFFFFFFFFFFFFFFFFFFFFFFFDF
:20A1A000FFFFFFFFFFFFFFFFFFFFFFFFFFFFFFFFFFFFFFFFFFFFFFFFFFFFFFFFFFFFFFFFBF
:20A1C000FFFFFFFFFFFFFFFFFFFFFFFFFFFFFFFFFFFFFFFFFFFFFFFFFFFFFFFFFFFFFFFF9F
:20A1E000FFFFFFFFFFFFFFFFFFFFFFFFFFFFFFFFFFFFFFFFFFFFFFFFFFFFFFFFFFFFFFFF7F
:20A20000FFFFFFFFFFFFFFFFFFFFFFFFFFFFFFFFFFFFFFFFFFFFFFFFFFFFFFFFFFFFFFFF5E
:20A22000FFFFFFFFFFFFFFFFFFFFFFFFFFFFFFFFFFFFFFFFFFFFFFFFFFFFFFFFFFFFFFFF3E
:20A24000FFFFFFFFFFFFFFFFFFFFFFFFFFFFFFFFFFFFFFFFFFFFFFFFFFFFFFFFFFFFFFFF1E
:20A26000FFFFFFFFFFFFFFFFFFFFFFFFFFFFFFFFFFFFFFFFFFFFFFFFFFFFFFFFFFFFFFFFFE
:20A28000FFFFFFFFFFFFFFFFFFFFFFFFFFFFFFFFFFFFFFFFFFFFFFFFFFFFFFFFFFFFFFFFDE
:20A2A000FFFFFFFFFFFFFFFFFFFFFFFFFFFFFFFFFFFFFFFFFFFFFFFFFFFFFFFFFFFFFFFFBE
:20A2C000FFFFFFFFFFFFFFFFFFFFFFFFFFFFFFFFFFFFFFFFFFFFFFFFFFFFFFFFFFFFFFFF9E
:20A2E000FFFFFFFFFFFFFFFFFFFFFFFFFFFFFFFFFFFFFFFFFFFFFFFFFFFFFFFFFFFFFFFF7E
:20A30000FFFFFFFFFFFFFFFFFFFFFFFFFFFFFFFFFFFFFFFFFFFFFFFFFFFFFFFFFFFFFFFF5D
:20A32000FFFFFFFFFFFFFFFFFFFFFFFFFFFFFFFFFFFFFFFFFFFFFFFFFFFFFFFFFFFFFFFF3D
:20A34000FFFFFFFFFFFFFFFFFFFFFFFFFFFFFFFFFFFFFFFFFFFFFFFFFFFFFFFFFFFFFFFF1D
:20A36000FFFFFFFFFFFFFFFFFFFFFFFFFFFFFFFFFFFFFFFFFFFFFFFFFFFFFFFFFFFFFFFFFD
:20A38000FFFFFFFFFFFFFFFFFFFFFFFFFFFFFFFFFFFFFFFFFFFFFFFFFFFFFFFFFFFFFFFFDD
:20A3A000FFFFFFFFFFFFFFFFFFFFFFFFFFFFFFFFFFFFFFFFFFFFFFFFFFFFFFFFFFFFFFFFBD
:20A3C000FFFFFFFFFFFFFFFFFFFFFFFFFFFFFFFFFFFFFFFFFFFFFFFFFFFFFFFFFFFFFFFF9D
:20A3E000FFFFFFFFFFFFFFFFFFFFFFFFFFFFFFFFFFFFFFFFFFFFFFFFFFFFFFFFFFFFFFFF7D
:20A40000FFFFFFFFFFFFFFFFFFFFFFFFFFFFFFFFFFFFFFFFFFFFFFFFFFFFFFFFFFFFFFFF5C
:20A42000FFFFFFFFFFFFFFFFFFFFFFFFFFFFFFFFFFFFFFFFFFFFFFFFFFFFFFFFFFFFFFFF3C
:20A44000FFFFFFFFFFFFFFFFFFFFFFFFFFFFFFFFFFFFFFFFFFFFFFFFFFFFFFFFFFFFFFFF1C
:20A46000FFFFFFFFFFFFFFFFFFFFFFFFFFFFFFFFFFFFFFFFFFFFFFFFFFFFFFFFFFFFFFFFFC
:20A48000FFFFFFFFFFFFFFFFFFFFFFFFFFFFFFFFFFFFFFFFFFFFFFFFFFFFFFFFFFFFFFFFDC
:20A4A000FFFFFFFFFFFFFFFFFFFFFFFFFFFFFFFFFFFFFFFFFFFFFFFFFFFFFFFFFFFFFFFFBC
:20A4C000FFFFFFFFFFFFFFFFFFFFFFFFFFFFFFFFFFFFFFFFFFFFFFFFFFFFFFFFFFFFFFFF9C
:20A4E000FFFFFFFFFFFFFFFFFFFFFFFFFFFFFFFFFFFFFFFFFFFFFFFFFFFFFFFFFFFFFFFF7C
:20A50000FFFFFFFFFFFFFFFFFFFFFFFFFFFFFFFFFFFFFFFFFFFFFFFFFFFFFFFFFFFFFFFF5B
:20A52000FFFFFFFFFFFFFFFFFFFFFFFFFFFFFFFFFFFFFFFFFFFFFFFFFFFFFFFFFFFFFFFF3B
:20A54000FFFFFFFFFFFFFFFFFFFFFFFFFFFFFFFFFFFFFFFFFFFFFFFFFFFFFFFFFFFFFFFF1B
:20A56000FFFFFFFFFFFFFFFFFFFFFFFFFFFFFFFFFFFFFFFFFFFFFFFFFFFFFFFFFFFFFFFFFB
:20A58000FFFFFFFFFFFFFFFFFFFFFFFFFFFFFFFFFFFFFFFFFFFFFFFFFFFFFFFFFFFFFFFFDB
:20A5A000FFFFFFFFFFFFFFFFFFFFFFFFFFFFFFFFFFFFFFFFFFFFFFFFFFFFFFFFFFFFFFFFBB
:20A5C000FFFFFFFFFFFFFFFFFFFFFFFFFFFFFFFFFFFFFFFFFFFFFFFFFFFFFFFFFFFFFFFF9B
:20A5E000FFFFFFFFFFFFFFFFFFFFFFFFFFFFFFFFFFFFFFFFFFFFFFFFFFFFFFFFFFFFFFFF7B
:20A60000FFFFFFFFFFFFFFFFFFFFFFFFFFFFFFFFFFFFFFFFFFFFFFFFFFFFFFFFFFFFFFFF5A
:20A62000FFFFFFFFFFFFFFFFFFFFFFFFFFFFFFFFFFFFFFFFFFFFFFFFFFFFFFFFFFFFFFFF3A
:20A64000FFFFFFFFFFFFFFFFFFFFFFFFFFFFFFFFFFFFFFFFFFFFFFFFFFFFFFFFFFFFFFFF1A
:20A66000FFFFFFFFFFFFFFFFFFFFFFFFFFFFFFFFFFFFFFFFFFFFFFFFFFFFFFFFFFFFFFFFFA
:20A68000FFFFFFFFFFFFFFFFFFFFFFFFFFFFFFFFFFFFFFFFFFFFFFFFFFFFFFFFFFFFFFFFDA
:20A6A000FFFFFFFFFFFFFFFFFFFFFFFFFFFFFFFFFFFFFFFFFFFFFFFFFFFFFFFFFFFFFFFFBA
:20A6C000FFFFFFFFFFFFFFFFFFFFFFFFFFFFFFFFFFFFFFFFFFFFFFFFFFFFFFFFFFFFFFFF9A
:20A6E000FFFFFFFFFFFFFFFFFFFFFFFFFFFFFFFFFFFFFFFFFFFFFFFFFFFFFFFFFFFFFFFF7A
:20A70000FFFFFFFFFFFFFFFFFFFFFFFFFFFFFFFFFFFFFFFFFFFFFFFFFFFFFFFFFFFFFFFF59
:20A72000FFFFFFFFFFFFFFFFFFFFFFFFFFFFFFFFFFFFFFFFFFFFFFFFFFFFFFFFFFFFFFFF39
:20A74000FFFFFFFFFFFFFFFFFFFFFFFFFFFFFFFFFFFFFFFFFFFFFFFFFFFFFFFFFFFFFFFF19
:20A76000FFFFFFFFFFFFFFFFFFFFFFFFFFFFFFFFFFFFFFFFFFFFFFFFFFFFFFFFFFFFFFFFF9
:20A78000FFFFFFFFFFFFFFFFFFFFFFFFFFFFFFFFFFFFFFFFFFFFFFFFFFFFFFFFFFFFFFFFD9
:20A7A000FFFFFFFFFFFFFFFFFFFFFFFFFFFFFFFFFFFFFFFFFFFFFFFFFFFFFFFFFFFFFFFFB9
:20A7C000FFFFFFFFFFFFFFFFFFFFFFFFFFFFFFFFFFFFFFFFFFFFFFFFFFFFFFFFFFFFFFFF99
:20A7E000FFFFFFFFFFFFFFFFFFFFFFFFFFFFFFFFFFFFFFFFFFFFFFFFFFFFFFFFFFFFFFFF79
:20A80000FFFFFFFFFFFFFFFFFFFFFFFFFFFFFFFFFFFFFFFFFFFFFFFFFFFFFFFFFFFFFFFF58
:20A82000FFFFFFFFFFFFFFFFFFFFFFFFFFFFFFFFFFFFFFFFFFFFFFFFFFFFFFFFFFFFFFFF38
:20A84000FFFFFFFFFFFFFFFFFFFFFFFFFFFFFFFFFFFFFFFFFFFFFFFFFFFFFFFFFFFFFFFF18
:20A86000FFFFFFFFFFFFFFFFFFFFFFFFFFFFFFFFFFFFFFFFFFFFFFFFFFFFFFFFFFFFFFFFF8
:20A88000FFFFFFFFFFFFFFFFFFFFFFFFFFFFFFFFFFFFFFFFFFFFFFFFFFFFFFFFFFFFFFFFD8
:20A8A000FFFFFFFFFFFFFFFFFFFFFFFFFFFFFFFFFFFFFFFFFFFFFFFFFFFFFFFFFFFFFFFFB8
:20A8C000FFFFFFFFFFFFFFFFFFFFFFFFFFFFFFFFFFFFFFFFFFFFFFFFFFFFFFFFFFFFFFFF98
:20A8E000FFFFFFFFFFFFFFFFFFFFFFFFFFFFFFFFFFFFFFFFFFFFFFFFFFFFFFFFFFFFFFFF78
:20A90000FFFFFFFFFFFFFFFFFFFFFFFFFFFFFFFFFFFFFFFFFFFFFFFFFFFFFFFFFFFFFFFF57
:20A92000FFFFFFFFFFFFFFFFFFFFFFFFFFFFFFFFFFFFFFFFFFFFFFFFFFFFFFFFFFFFFFFF37
:20A94000FFFFFFFFFFFFFFFFFFFFFFFFFFFFFFFFFFFFFFFFFFFFFFFFFFFFFFFFFFFFFFFF17
:20A96000FFFFFFFFFFFFFFFFFFFFFFFFFFFFFFFFFFFFFFFFFFFFFFFFFFFFFFFFFFFFFFFFF7
:20A98000FFFFFFFFFFFFFFFFFFFFFFFFFFFFFFFFFFFFFFFFFFFFFFFFFFFFFFFFFFFFFFFFD7
:20A9A000FFFFFFFFFFFFFFFFFFFFFFFFFFFFFFFFFFFFFFFFFFFFFFFFFFFFFFFFFFFFFFFFB7
:20A9C000FFFFFFFFFFFFFFFFFFFFFFFFFFFFFFFFFFFFFFFFFFFFFFFFFFFFFFFFFFFFFFFF97
:20A9E000FFFFFFFFFFFFFFFFFFFFFFFFFFFFFFFFFFFFFFFFFFFFFFFFFFFFFFFFFFFFFFFF77
:20AA0000FFFFFFFFFFFFFFFFFFFFFFFFFFFFFFFFFFFFFFFFFFFFFFFFFFFFFFFFFFFFFFFF56
:20AA2000FFFFFFFFFFFFFFFFFFFFFFFFFFFFFFFFFFFFFFFFFFFFFFFFFFFFFFFFFFFFFFFF36
:20AA4000FFFFFFFFFFFFFFFFFFFFFFFFFFFFFFFFFFFFFFFFFFFFFFFFFFFFFFFFFFFFFFFF16
:20AA6000FFFFFFFFFFFFFFFFFFFFFFFFFFFFFFFFFFFFFFFFFFFFFFFFFFFFFFFFFFFFFFFFF6
:20AA8000FFFFFFFFFFFFFFFFFFFFFFFFFFFFFFFFFFFFFFFFFFFFFFFFFFFFFFFFFFFFFFFFD6
:20AAA000FFFFFFFFFFFFFFFFFFFFFFFFFFFFFFFFFFFFFFFFFFFFFFFFFFFFFFFFFFFFFFFFB6
:20AAC000FFFFFFFFFFFFFFFFFFFFFFFFFFFFFFFFFFFFFFFFFFFFFFFFFFFFFFFFFFFFFFFF96
:20AAE000FFFFFFFFFFFFFFFFFFFFFFFFFFFFFFFFFFFFFFFFFFFFFFFFFFFFFFFFFFFFFFFF76
:20AB0000FFFFFFFFFFFFFFFFFFFFFFFFFFFFFFFFFFFFFFFFFFFFFFFFFFFFFFFFFFFFFFFF55
:20AB2000FFFFFFFFFFFFFFFFFFFFFFFFFFFFFFFFFFFFFFFFFFFFFFFFFFFFFFFFFFFFFFFF35
:20AB4000FFFFFFFFFFFFFFFFFFFFFFFFFFFFFFFFFFFFFFFFFFFFFFFFFFFFFFFFFFFFFFFF15
:20AB6000FFFFFFFFFFFFFFFFFFFFFFFFFFFFFFFFFFFFFFFFFFFFFFFFFFFFFFFFFFFFFFFFF5
:20AB8000FFFFFFFFFFFFFFFFFFFFFFFFFFFFFFFFFFFFFFFFFFFFFFFFFFFFFFFFFFFFFFFFD5
:20ABA000FFFFFFFFFFFFFFFFFFFFFFFFFFFFFFFFFFFFFFFFFFFFFFFFFFFFFFFFFFFFFFFFB5
:20ABC000FFFFFFFFFFFFFFFFFFFFFFFFFFFFFFFFFFFFFFFFFFFFFFFFFFFFFFFFFFFFFFFF95
:20ABE000FFFFFFFFFFFFFFFFFFFFFFFFFFFFFFFFFFFFFFFFFFFFFFFFFFFFFFFFFFFFFFFF75
:20AC0000FFFFFFFFFFFFFFFFFFFFFFFFFFFFFFFFFFFFFFFFFFFFFFFFFFFFFFFFFFFFFFFF54
:20AC2000FFFFFFFFFFFFFFFFFFFFFFFFFFFFFFFFFFFFFFFFFFFFFFFFFFFFFFFFFFFFFFFF34
:20AC4000FFFFFFFFFFFFFFFFFFFFFFFFFFFFFFFFFFFFFFFFFFFFFFFFFFFFFFFFFFFFFFFF14
:20AC6000FFFFFFFFFFFFFFFFFFFFFFFFFFFFFFFFFFFFFFFFFFFFFFFFFFFFFFFFFFFFFFFFF4
:20AC8000FFFFFFFFFFFFFFFFFFFFFFFFFFFFFFFFFFFFFFFFFFFFFFFFFFFFFFFFFFFFFFFFD4
:20ACA000FFFFFFFFFFFFFFFFFFFFFFFFFFFFFFFFFFFFFFFFFFFFFFFFFFFFFFFFFFFFFFFFB4
:20ACC000FFFFFFFFFFFFFFFFFFFFFFFFFFFFFFFFFFFFFFFFFFFFFFFFFFFFFFFFFFFFFFFF94
:20ACE000FFFFFFFFFFFFFFFFFFFFFFFFFFFFFFFFFFFFFFFFFFFFFFFFFFFFFFFFFFFFFFFF74
:20AD0000FFFFFFFFFFFFFFFFFFFFFFFFFFFFFFFFFFFFFFFFFFFFFFFFFFFFFFFFFFFFFFFF53
:20AD2000FFFFFFFFFFFFFFFFFFFFFFFFFFFFFFFFFFFFFFFFFFFFFFFFFFFFFFFFFFFFFFFF33
:20AD4000FFFFFFFFFFFFFFFFFFFFFFFFFFFFFFFFFFFFFFFFFFFFFFFFFFFFFFFFFFFFFFFF13
:20AD6000FFFFFFFFFFFFFFFFFFFFFFFFFFFFFFFFFFFFFFFFFFFFFFFFFFFFFFFFFFFFFFFFF3
:20AD8000FFFFFFFFFFFFFFFFFFFFFFFFFFFFFFFFFFFFFFFFFFFFFFFFFFFFFFFFFFFFFFFFD3
:20ADA000FFFFFFFFFFFFFFFFFFFFFFFFFFFFFFFFFFFFFFFFFFFFFFFFFFFFFFFFFFFFFFFFB3
:20ADC000FFFFFFFFFFFFFFFFFFFFFFFFFFFFFFFFFFFFFFFFFFFFFFFFFFFFFFFFFFFFFFFF93
:20ADE000FFFFFFFFFFFFFFFFFFFFFFFFFFFFFFFFFFFFFFFFFFFFFFFFFFFFFFFFFFFFFFFF73
:20AE0000FFFFFFFFFFFFFFFFFFFFFFFFFFFFFFFFFFFFFFFFFFFFFFFFFFFFFFFFFFFFFFFF52
:20AE2000FFFFFFFFFFFFFFFFFFFFFFFFFFFFFFFFFFFFFFFFFFFFFFFFFFFFFFFFFFFFFFFF32
:20AE4000FFFFFFFFFFFFFFFFFFFFFFFFFFFFFFFFFFFFFFFFFFFFFFFFFFFFFFFFFFFFFFFF12
:20AE6000FFFFFFFFFFFFFFFFFFFFFFFFFFFFFFFFFFFFFFFFFFFFFFFFFFFFFFFFFFFFFFFFF2
:20AE8000FFFFFFFFFFFFFFFFFFFFFFFFFFFFFFFFFFFFFFFFFFFFFFFFFFFFFFFFFFFFFFFFD2
:20AEA000FFFFFFFFFFFFFFFFFFFFFFFFFFFFFFFFFFFFFFFFFFFFFFFFFFFFFFFFFFFFFFFFB2
:20AEC000FFFFFFFFFFFFFFFFFFFFFFFFFFFFFFFFFFFFFFFFFFFFFFFFFFFFFFFFFFFFFFFF92
:20AEE000FFFFFFFFFFFFFFFFFFFFFFFFFFFFFFFFFFFFFFFFFFFFFFFFFFFFFFFFFFFFFFFF72
:20AF0000FFFFFFFFFFFFFFFFFFFFFFFFFFFFFFFFFFFFFFFFFFFFFFFFFFFFFFFFFFFFFFFF51
:20AF2000FFFFFFFFFFFFFFFFFFFFFFFFFFFFFFFFFFFFFFFFFFFFFFFFFFFFFFFFFFFFFFFF31
:20AF4000FFFFFFFFFFFFFFFFFFFFFFFFFFFFFFFFFFFFFFFFFFFFFFFFFFFFFFFFFFFFFFFF11
:20AF6000FFFFFFFFFFFFFFFFFFFFFFFFFFFFFFFFFFFFFFFFFFFFFFFFFFFFFFFFFFFFFFFFF1
:20AF8000FFFFFFFFFFFFFFFFFFFFFFFFFFFFFFFFFFFFFFFFFFFFFFFFFFFFFFFFFFFFFFFFD1
:20AFA000FFFFFFFFFFFFFFFFFFFFFFFFFFFFFFFFFFFFFFFFFFFFFFFFFFFFFFFFFFFFFFFFB1
:20AFC000FFFFFFFFFFFFFFFFFFFFFFFFFFFFFFFFFFFFFFFFFFFFFFFFFFFFFFFFFFFFFFFF91
:20AFE000FFFFFFFFFFFFFFFFFFFFFFFFFFFFFFFFFFFFFFFFFFFFFFFFFFFFFFFFFFFFFFFF71
:20B00000FFFFFFFFFFFFFFFFFFFFFFFFFFFFFFFFFFFFFFFFFFFFFFFFFFFFFFFFFFFFFFFF50
:20B02000FFFFFFFFFFFFFFFFFFFFFFFFFFFFFFFFFFFFFFFFFFFFFFFFFFFFFFFFFFFFFFFF30
:20B04000FFFFFFFFFFFFFFFFFFFFFFFFFFFFFFFFFFFFFFFFFFFFFFFFFFFFFFFFFFFFFFFF10
:20B06000FFFFFFFFFFFFFFFFFFFFFFFFFFFFFFFFFFFFFFFFFFFFFFFFFFFFFFFFFFFFFFFFF0
:20B08000FFFFFFFFFFFFFFFFFFFFFFFFFFFFFFFFFFFFFFFFFFFFFFFFFFFFFFFFFFFFFFFFD0
:20B0A000FFFFFFFFFFFFFFFFFFFFFFFFFFFFFFFFFFFFFFFFFFFFFFFFFFFFFFFFFFFFFFFFB0
:20B0C000FFFFFFFFFFFFFFFFFFFFFFFFFFFFFFFFFFFFFFFFFFFFFFFFFFFFFFFFFFFFFFFF90
:20B0E000FFFFFFFFFFFFFFFFFFFFFFFFFFFFFFFFFFFFFFFFFFFFFFFFFFFFFFFFFFFFFFFF70
:20B10000FFFFFFFFFFFFFFFFFFFFFFFFFFFFFFFFFFFFFFFFFFFFFFFFFFFFFFFFFFFFFFFF4F
:20B12000FFFFFFFFFFFFFFFFFFFFFFFFFFFFFFFFFFFFFFFFFFFFFFFFFFFFFFFFFFFFFFFF2F
:20B14000FFFFFFFFFFFFFFFFFFFFFFFFFFFFFFFFFFFFFFFFFFFFFFFFFFFFFFFFFFFFFFFF0F
:20B16000FFFFFFFFFFFFFFFFFFFFFFFFFFFFFFFFFFFFFFFFFFFFFFFFFFFFFFFFFFFFFFFFEF
:20B18000FFFFFFFFFFFFFFFFFFFFFFFFFFFFFFFFFFFFFFFFFFFFFFFFFFFFFFFFFFFFFFFFCF
:20B1A000FFFFFFFFFFFFFFFFFFFFFFFFFFFFFFFFFFFFFFFFFFFFFFFFFFFFFFFFFFFFFFFFAF
:20B1C000FFFFFFFFFFFFFFFFFFFFFFFFFFFFFFFFFFFFFFFFFFFFFFFFFFFFFFFFFFFFFFFF8F
:20B1E000FFFFFFFFFFFFFFFFFFFFFFFFFFFFFFFFFFFFFFFFFFFFFFFFFFFFFFFFFFFFFFFF6F
:20B20000FFFFFFFFFFFFFFFFFFFFFFFFFFFFFFFFFFFFFFFFFFFFFFFFFFFFFFFFFFFFFFFF4E
:20B22000FFFFFFFFFFFFFFFFFFFFFFFFFFFFFFFFFFFFFFFFFFFFFFFFFFFFFFFFFFFFFFFF2E
:20B24000FFFFFFFFFFFFFFFFFFFFFFFFFFFFFFFFFFFFFFFFFFFFFFFFFFFFFFFFFFFFFFFF0E
:20B26000FFFFFFFFFFFFFFFFFFFFFFFFFFFFFFFFFFFFFFFFFFFFFFFFFFFFFFFFFFFFFFFFEE
:20B28000FFFFFFFFFFFFFFFFFFFFFFFFFFFFFFFFFFFFFFFFFFFFFFFFFFFFFFFFFFFFFFFFCE
:20B2A000FFFFFFFFFFFFFFFFFFFFFFFFFFFFFFFFFFFFFFFFFFFFFFFFFFFFFFFFFFFFFFFFAE
:20B2C000FFFFFFFFFFFFFFFFFFFFFFFFFFFFFFFFFFFFFFFFFFFFFFFFFFFFFFFFFFFFFFFF8E
:20B2E000FFFFFFFFFFFFFFFFFFFFFFFFFFFFFFFFFFFFFFFFFFFFFFFFFFFFFFFFFFFFFFFF6E
:20B30000FFFFFFFFFFFFFFFFFFFFFFFFFFFFFFFFFFFFFFFFFFFFFFFFFFFFFFFFFFFFFFFF4D
:20B32000FFFFFFFFFFFFFFFFFFFFFFFFFFFFFFFFFFFFFFFFFFFFFFFFFFFFFFFFFFFFFFFF2D
:20B34000FFFFFFFFFFFFFFFFFFFFFFFFFFFFFFFFFFFFFFFFFFFFFFFFFFFFFFFFFFFFFFFF0D
:20B36000FFFFFFFFFFFFFFFFFFFFFFFFFFFFFFFFFFFFFFFFFFFFFFFFFFFFFFFFFFFFFFFFED
:20B38000FFFFFFFFFFFFFFFFFFFFFFFFFFFFFFFFFFFFFFFFFFFFFFFFFFFFFFFFFFFFFFFFCD
:20B3A000FFFFFFFFFFFFFFFFFFFFFFFFFFFFFFFFFFFFFFFFFFFFFFFFFFFFFFFFFFFFFFFFAD
:20B3C000FFFFFFFFFFFFFFFFFFFFFFFFFFFFFFFFFFFFFFFFFFFFFFFFFFFFFFFFFFFFFFFF8D
:20B3E000FFFFFFFFFFFFFFFFFFFFFFFFFFFFFFFFFFFFFFFFFFFFFFFFFFFFFFFFFFFFFFFF6D
:20B40000FFFFFFFFFFFFFFFFFFFFFFFFFFFFFFFFFFFFFFFFFFFFFFFFFFFFFFFFFFFFFFFF4C
:20B42000FFFFFFFFFFFFFFFFFFFFFFFFFFFFFFFFFFFFFFFFFFFFFFFFFFFFFFFFFFFFFFFF2C
:20B44000FFFFFFFFFFFFFFFFFFFFFFFFFFFFFFFFFFFFFFFFFFFFFFFFFFFFFFFFFFFFFFFF0C
:20B46000FFFFFFFFFFFFFFFFFFFFFFFFFFFFFFFFFFFFFFFFFFFFFFFFFFFFFFFFFFFFFFFFEC
:20B48000FFFFFFFFFFFFFFFFFFFFFFFFFFFFFFFFFFFFFFFFFFFFFFFFFFFFFFFFFFFFFFFFCC
:20B4A000FFFFFFFFFFFFFFFFFFFFFFFFFFFFFFFFFFFFFFFFFFFFFFFFFFFFFFFFFFFFFFFFAC
:20B4C000FFFFFFFFFFFFFFFFFFFFFFFFFFFFFFFFFFFFFFFFFFFFFFFFFFFFFFFFFFFFFFFF8C
:20B4E000FFFFFFFFFFFFFFFFFFFFFFFFFFFFFFFFFFFFFFFFFFFFFFFFFFFFFFFFFFFFFFFF6C
:20B50000FFFFFFFFFFFFFFFFFFFFFFFFFFFFFFFFFFFFFFFFFFFFFFFFFFFFFFFFFFFFFFFF4B
:20B52000FFFFFFFFFFFFFFFFFFFFFFFFFFFFFFFFFFFFFFFFFFFFFFFFFFFFFFFFFFFFFFFF2B
:20B54000FFFFFFFFFFFFFFFFFFFFFFFFFFFFFFFFFFFFFFFFFFFFFFFFFFFFFFFFFFFFFFFF0B
:20B56000FFFFFFFFFFFFFFFFFFFFFFFFFFFFFFFFFFFFFFFFFFFFFFFFFFFFFFFFFFFFFFFFEB
:20B58000FFFFFFFFFFFFFFFFFFFFFFFFFFFFFFFFFFFFFFFFFFFFFFFFFFFFFFFFFFFFFFFFCB
:20B5A000FFFFFFFFFFFFFFFFFFFFFFFFFFFFFFFFFFFFFFFFFFFFFFFFFFFFFFFFFFFFFFFFAB
:20B5C000FFFFFFFFFFFFFFFFFFFFFFFFFFFFFFFFFFFFFFFFFFFFFFFFFFFFFFFFFFFFFFFF8B
:20B5E000FFFFFFFFFFFFFFFFFFFFFFFFFFFFFFFFFFFFFFFFFFFFFFFFFFFFFFFFFFFFFFFF6B
:20B60000FFFFFFFFFFFFFFFFFFFFFFFFFFFFFFFFFFFFFFFFFFFFFFFFFFFFFFFFFFFFFFFF4A
:20B62000FFFFFFFFFFFFFFFFFFFFFFFFFFFFFFFFFFFFFFFFFFFFFFFFFFFFFFFFFFFFFFFF2A
:20B64000FFFFFFFFFFFFFFFFFFFFFFFFFFFFFFFFFFFFFFFFFFFFFFFFFFFFFFFFFFFFFFFF0A
:20B66000FFFFFFFFFFFFFFFFFFFFFFFFFFFFFFFFFFFFFFFFFFFFFFFFFFFFFFFFFFFFFFFFEA
:20B68000FFFFFFFFFFFFFFFFFFFFFFFFFFFFFFFFFFFFFFFFFFFFFFFFFFFFFFFFFFFFFFFFCA
:20B6A000FFFFFFFFFFFFFFFFFFFFFFFFFFFFFFFFFFFFFFFFFFFFFFFFFFFFFFFFFFFFFFFFAA
:20B6C000FFFFFFFFFFFFFFFFFFFFFFFFFFFFFFFFFFFFFFFFFFFFFFFFFFFFFFFFFFFFFFFF8A
:20B6E000FFFFFFFFFFFFFFFFFFFFFFFFFFFFFFFFFFFFFFFFFFFFFFFFFFFFFFFFFFFFFFFF6A
:20B70000FFFFFFFFFFFFFFFFFFFFFFFFFFFFFFFFFFFFFFFFFFFFFFFFFFFFFFFFFFFFFFFF49
:20B72000FFFFFFFFFFFFFFFFFFFFFFFFFFFFFFFFFFFFFFFFFFFFFFFFFFFFFFFFFFFFFFFF29
:20B74000FFFFFFFFFFFFFFFFFFFFFFFFFFFFFFFFFFFFFFFFFFFFFFFFFFFFFFFFFFFFFFFF09
:20B76000FFFFFFFFFFFFFFFFFFFFFFFFFFFFFFFFFFFFFFFFFFFFFFFFFFFFFFFFFFFFFFFFE9
:20B78000FFFFFFFFFFFFFFFFFFFFFFFFFFFFFFFFFFFFFFFFFFFFFFFFFFFFFFFFFFFFFFFFC9
:20B7A000FFFFFFFFFFFFFFFFFFFFFFFFFFFFFFFFFFFFFFFFFFFFFFFFFFFFFFFFFFFFFFFFA9
:20B7C000FFFFFFFFFFFFFFFFFFFFFFFFFFFFFFFFFFFFFFFFFFFFFFFFFFFFFFFFFFFFFFFF89
:20B7E000FFFFFFFFFFFFFFFFFFFFFFFFFFFFFFFFFFFFFFFFFFFFFFFFFFFFFFFFFFFFFFFF69
:20B80000FFFFFFFFFFFFFFFFFFFFFFFFFFFFFFFFFFFFFFFFFFFFFFFFFFFFFFFFFFFFFFFF48
:20B82000FFFFFFFFFFFFFFFFFFFFFFFFFFFFFFFFFFFFFFFFFFFFFFFFFFFFFFFFFFFFFFFF28
:20B84000FFFFFFFFFFFFFFFFFFFFFFFFFFFFFFFFFFFFFFFFFFFFFFFFFFFFFFFFFFFFFFFF08
:20B86000FFFFFFFFFFFFFFFFFFFFFFFFFFFFFFFFFFFFFFFFFFFFFFFFFFFFFFFFFFFFFFFFE8
:20B88000FFFFFFFFFFFFFFFFFFFFFFFFFFFFFFFFFFFFFFFFFFFFFFFFFFFFFFFFFFFFFFFFC8
:20B8A000FFFFFFFFFFFFFFFFFFFFFFFFFFFFFFFFFFFFFFFFFFFFFFFFFFFFFFFFFFFFFFFFA8
:20B8C000FFFFFFFFFFFFFFFFFFFFFFFFFFFFFFFFFFFFFFFFFFFFFFFFFFFFFFFFFFFFFFFF88
:20B8E000FFFFFFFFFFFFFFFFFFFFFFFFFFFFFFFFFFFFFFFFFFFFFFFFFFFFFFFFFFFFFFFF68
:20B90000FFFFFFFFFFFFFFFFFFFFFFFFFFFFFFFFFFFFFFFFFFFFFFFFFFFFFFFFFFFFFFFF47
:20B92000FFFFFFFFFFFFFFFFFFFFFFFFFFFFFFFFFFFFFFFFFFFFFFFFFFFFFFFFFFFFFFFF27
:20B94000FFFFFFFFFFFFFFFFFFFFFFFFFFFFFFFFFFFFFFFFFFFFFFFFFFFFFFFFFFFFFFFF07
:20B96000FFFFFFFFFFFFFFFFFFFFFFFFFFFFFFFFFFFFFFFFFFFFFFFFFFFFFFFFFFFFFFFFE7
:20B98000FFFFFFFFFFFFFFFFFFFFFFFFFFFFFFFFFFFFFFFFFFFFFFFFFFFFFFFFFFFFFFFFC7
:20B9A000FFFFFFFFFFFFFFFFFFFFFFFFFFFFFFFFFFFFFFFFFFFFFFFFFFFFFFFFFFFFFFFFA7
:20B9C000FFFFFFFFFFFFFFFFFFFFFFFFFFFFFFFFFFFFFFFFFFFFFFFFFFFFFFFFFFFFFFFF87
:20B9E000FFFFFFFFFFFFFFFFFFFFFFFFFFFFFFFFFFFFFFFFFFFFFFFFFFFFFFFFFFFFFFFF67
:20BA0000FFFFFFFFFFFFFFFFFFFFFFFFFFFFFFFFFFFFFFFFFFFFFFFFFFFFFFFFFFFFFFFF46
:20BA2000FFFFFFFFFFFFFFFFFFFFFFFFFFFFFFFFFFFFFFFFFFFFFFFFFFFFFFFFFFFFFFFF26
:20BA4000FFFFFFFFFFFFFFFFFFFFFFFFFFFFFFFFFFFFFFFFFFFFFFFFFFFFFFFFFFFFFFFF06
:20BA6000FFFFFFFFFFFFFFFFFFFFFFFFFFFFFFFFFFFFFFFFFFFFFFFFFFFFFFFFFFFFFFFFE6
:20BA8000FFFFFFFFFFFFFFFFFFFFFFFFFFFFFFFFFFFFFFFFFFFFFFFFFFFFFFFFFFFFFFFFC6
:20BAA000FFFFFFFFFFFFFFFFFFFFFFFFFFFFFFFFFFFFFFFFFFFFFFFFFFFFFFFFFFFFFFFFA6
:20BAC000FFFFFFFFFFFFFFFFFFFFFFFFFFFFFFFFFFFFFFFFFFFFFFFFFFFFFFFFFFFFFFFF86
:20BAE000FFFFFFFFFFFFFFFFFFFFFFFFFFFFFFFFFFFFFFFFFFFFFFFFFFFFFFFFFFFFFFFF66
:20BB0000FFFFFFFFFFFFFFFFFFFFFFFFFFFFFFFFFFFFFFFFFFFFFFFFFFFFFFFFFFFFFFFF45
:20BB2000FFFFFFFFFFFFFFFFFFFFFFFFFFFFFFFFFFFFFFFFFFFFFFFFFFFFFFFFFFFFFFFF25
:20BB4000FFFFFFFFFFFFFFFFFFFFFFFFFFFFFFFFFFFFFFFFFFFFFFFFFFFFFFFFFFFFFFFF05
:20BB6000FFFFFFFFFFFFFFFFFFFFFFFFFFFFFFFFFFFFFFFFFFFFFFFFFFFFFFFFFFFFFFFFE5
:20BB8000FFFFFFFFFFFFFFFFFFFFFFFFFFFFFFFFFFFFFFFFFFFFFFFFFFFFFFFFFFFFFFFFC5
:20BBA000FFFFFFFFFFFFFFFFFFFFFFFFFFFFFFFFFFFFFFFFFFFFFFFFFFFFFFFFFFFFFFFFA5
:20BBC000FFFFFFFFFFFFFFFFFFFFFFFFFFFFFFFFFFFFFFFFFFFFFFFFFFFFFFFFFFFFFFFF85
:20BBE000FFFFFFFFFFFFFFFFFFFFFFFFFFFFFFFFFFFFFFFFFFFFFFFFFFFFFFFFFFFFFFFF65
:20BC0000FFFFFFFFFFFFFFFFFFFFFFFFFFFFFFFFFFFFFFFFFFFFFFFFFFFFFFFFFFFFFFFF44
:20BC2000FFFFFFFFFFFFFFFFFFFFFFFFFFFFFFFFFFFFFFFFFFFFFFFFFFFFFFFFFFFFFFFF24
:20BC4000FFFFFFFFFFFFFFFFFFFFFFFFFFFFFFFFFFFFFFFFFFFFFFFFFFFFFFFFFFFFFFFF04
:20BC6000FFFFFFFFFFFFFFFFFFFFFFFFFFFFFFFFFFFFFFFFFFFFFFFFFFFFFFFFFFFFFFFFE4
:20BC8000FFFFFFFFFFFFFFFFFFFFFFFFFFFFFFFFFFFFFFFFFFFFFFFFFFFFFFFFFFFFFFFFC4
:20BCA000FFFFFFFFFFFFFFFFFFFFFFFFFFFFFFFFFFFFFFFFFFFFFFFFFFFFFFFFFFFFFFFFA4
:20BCC000FFFFFFFFFFFFFFFFFFFFFFFFFFFFFFFFFFFFFFFFFFFFFFFFFFFFFFFFFFFFFFFF84
:20BCE000FFFFFFFFFFFFFFFFFFFFFFFFFFFFFFFFFFFFFFFFFFFFFFFFFFFFFFFFFFFFFFFF64
:20BD0000FFFFFFFFFFFFFFFFFFFFFFFFFFFFFFFFFFFFFFFFFFFFFFFFFFFFFFFFFFFFFFFF43
:20BD2000FFFFFFFFFFFFFFFFFFFFFFFFFFFFFFFFFFFFFFFFFFFFFFFFFFFFFFFFFFFFFFFF23
:20BD4000FFFFFFFFFFFFFFFFFFFFFFFFFFFFFFFFFFFFFFFFFFFFFFFFFFFFFFFFFFFFFFFF03
:20BD6000FFFFFFFFFFFFFFFFFFFFFFFFFFFFFFFFFFFFFFFFFFFFFFFFFFFFFFFFFFFFFFFFE3
:20BD8000FFFFFFFFFFFFFFFFFFFFFFFFFFFFFFFFFFFFFFFFFFFFFFFFFFFFFFFFFFFFFFFFC3
:20BDA000FFFFFFFFFFFFFFFFFFFFFFFFFFFFFFFFFFFFFFFFFFFFFFFFFFFFFFFFFFFFFFFFA3
:20BDC000FFFFFFFFFFFFFFFFFFFFFFFFFFFFFFFFFFFFFFFFFFFFFFFFFFFFFFFFFFFFFFFF83
:20BDE000FFFFFFFFFFFFFFFFFFFFFFFFFFFFFFFFFFFFFFFFFFFFFFFFFFFFFFFFFFFFFFFF63
:20BE0000FFFFFFFFFFFFFFFFFFFFFFFFFFFFFFFFFFFFFFFFFFFFFFFFFFFFFFFFFFFFFFFF42
:20BE2000FFFFFFFFFFFFFFFFFFFFFFFFFFFFFFFFFFFFFFFFFFFFFFFFFFFFFFFFFFFFFFFF22
:20BE4000FFFFFFFFFFFFFFFFFFFFFFFFFFFFFFFFFFFFFFFFFFFFFFFFFFFFFFFFFFFFFFFF02
:20BE6000FFFFFFFFFFFFFFFFFFFFFFFFFFFFFFFFFFFFFFFFFFFFFFFFFFFFFFFFFFFFFFFFE2
:20BE8000FFFFFFFFFFFFFFFFFFFFFFFFFFFFFFFFFFFFFFFFFFFFFFFFFFFFFFFFFFFFFFFFC2
:20BEA000FFFFFFFFFFFFFFFFFFFFFFFFFFFFFFFFFFFFFFFFFFFFFFFFFFFFFFFFFFFFFFFFA2
:20BEC000FFFFFFFFFFFFFFFFFFFFFFFFFFFFFFFFFFFFFFFFFFFFFFFFFFFFFFFFFFFFFFFF82
:20BEE000FFFFFFFFFFFFFFFFFFFFFFFFFFFFFFFFFFFFFFFFFFFFFFFFFFFFFFFFFFFFFFFF62
:20BF0000FFFFFFFFFFFFFFFFFFFFFFFFFFFFFFFFFFFFFFFFFFFFFFFFFFFFFFFFFFFFFFFF41
:20BF2000FFFFFFFFFFFFFFFFFFFFFFFFFFFFFFFFFFFFFFFFFFFFFFFFFFFFFFFFFFFFFFFF21
:20BF4000FFFFFFFFFFFFFFFFFFFFFFFFFFFFFFFFFFFFFFFFFFFFFFFFFFFFFFFFFFFFFFFF01
:20BF6000FFFFFFFFFFFFFFFFFFFFFFFFFFFFFFFFFFFFFFFFFFFFFFFFFFFFFFFFFFFFFFFFE1
:20BF8000FFFFFFFFFFFFFFFFFFFFFFFFFFFFFFFFFFFFFFFFFFFFFFFFFFFFFFFFFFFFFFFFC1
:20BFA000FFFFFFFFFFFFFFFFFFFFFFFFFFFFFFFFFFFFFFFFFFFFFFFFFFFFFFFFFFFFFFFFA1
:20BFC000FFFFFFFFFFFFFFFFFFFFFFFFFFFFFFFFFFFFFFFFFFFFFFFFFFFFFFFFFFFFFFFF81
:20BFE000FFFFFFFFFFFFFFFFFFFFFFFFFFFFFFFFFFFFFFFFFFFFFFFFFFFFFFFFFFFFFFFF61
:20C00000FFFFFFFFFFFFFFFFFFFFFFFFFFFFFFFFFFFFFFFFFFFFFFFFFFFFFFFFFFFFFFFF40
:20C02000FFFFFFFFFFFFFFFFFFFFFFFFFFFFFFFFFFFFFFFFFFFFFFFFFFFFFFFFFFFFFFFF20
:20C04000FFFFFFFFFFFFFFFFFFFFFFFFFFFFFFFFFFFFFFFFFFFFFFFFFFFFFFFFFFFFFFFF00
:20C06000FFFFFFFFFFFFFFFFFFFFFFFFFFFFFFFFFFFFFFFFFFFFFFFFFFFFFFFFFFFFFFFFE0
:20C08000FFFFFFFFFFFFFFFFFFFFFFFFFFFFFFFFFFFFFFFFFFFFFFFFFFFFFFFFFFFFFFFFC0
:20C0A000FFFFFFFFFFFFFFFFFFFFFFFFFFFFFFFFFFFFFFFFFFFFFFFFFFFFFFFFFFFFFFFFA0
:20C0C000FFFFFFFFFFFFFFFFFFFFFFFFFFFFFFFFFFFFFFFFFFFFFFFFFFFFFFFFFFFFFFFF80
:20C0E000FFFFFFFFFFFFFFFFFFFFFFFFFFFFFFFFFFFFFFFFFFFFFFFFFFFFFFFFFFFFFFFF60
:20C10000FFFFFFFFFFFFFFFFFFFFFFFFFFFFFFFFFFFFFFFFFFFFFFFFFFFFFFFFFFFFFFFF3F
:20C12000FFFFFFFFFFFFFFFFFFFFFFFFFFFFFFFFFFFFFFFFFFFFFFFFFFFFFFFFFFFFFFFF1F
:20C14000FFFFFFFFFFFFFFFFFFFFFFFFFFFFFFFFFFFFFFFFFFFFFFFFFFFFFFFFFFFFFFFFFF
:20C16000FFFFFFFFFFFFFFFFFFFFFFFFFFFFFFFFFFFFFFFFFFFFFFFFFFFFFFFFFFFFFFFFDF
:20C18000FFFFFFFFFFFFFFFFFFFFFFFFFFFFFFFFFFFFFFFFFFFFFFFFFFFFFFFFFFFFFFFFBF
:20C1A000FFFFFFFFFFFFFFFFFFFFFFFFFFFFFFFFFFFFFFFFFFFFFFFFFFFFFFFFFFFFFFFF9F
:20C1C000FFFFFFFFFFFFFFFFFFFFFFFFFFFFFFFFFFFFFFFFFFFFFFFFFFFFFFFFFFFFFFFF7F
:20C1E000FFFFFFFFFFFFFFFFFFFFFFFFFFFFFFFFFFFFFFFFFFFFFFFFFFFFFFFFFFFFFFFF5F
:20C20000FFFFFFFFFFFFFFFFFFFFFFFFFFFFFFFFFFFFFFFFFFFFFFFFFFFFFFFFFFFFFFFF3E
:20C22000FFFFFFFFFFFFFFFFFFFFFFFFFFFFFFFFFFFFFFFFFFFFFFFFFFFFFFFFFFFFFFFF1E
:20C24000FFFFFFFFFFFFFFFFFFFFFFFFFFFFFFFFFFFFFFFFFFFFFFFFFFFFFFFFFFFFFFFFFE
:20C26000FFFFFFFFFFFFFFFFFFFFFFFFFFFFFFFFFFFFFFFFFFFFFFFFFFFFFFFFFFFFFFFFDE
:20C28000FFFFFFFFFFFFFFFFFFFFFFFFFFFFFFFFFFFFFFFFFFFFFFFFFFFFFFFFFFFFFFFFBE
:20C2A000FFFFFFFFFFFFFFFFFFFFFFFFFFFFFFFFFFFFFFFFFFFFFFFFFFFFFFFFFFFFFFFF9E
:20C2C000FFFFFFFFFFFFFFFFFFFFFFFFFFFFFFFFFFFFFFFFFFFFFFFFFFFFFFFFFFFFFFFF7E
:20C2E000FFFFFFFFFFFFFFFFFFFFFFFFFFFFFFFFFFFFFFFFFFFFFFFFFFFFFFFFFFFFFFFF5E
:20C30000FFFFFFFFFFFFFFFFFFFFFFFFFFFFFFFFFFFFFFFFFFFFFFFFFFFFFFFFFFFFFFFF3D
:20C32000FFFFFFFFFFFFFFFFFFFFFFFFFFFFFFFFFFFFFFFFFFFFFFFFFFFFFFFFFFFFFFFF1D
:20C34000FFFFFFFFFFFFFFFFFFFFFFFFFFFFFFFFFFFFFFFFFFFFFFFFFFFFFFFFFFFFFFFFFD
:20C36000FFFFFFFFFFFFFFFFFFFFFFFFFFFFFFFFFFFFFFFFFFFFFFFFFFFFFFFFFFFFFFFFDD
:20C38000FFFFFFFFFFFFFFFFFFFFFFFFFFFFFFFFFFFFFFFFFFFFFFFFFFFFFFFFFFFFFFFFBD
:20C3A000FFFFFFFFFFFFFFFFFFFFFFFFFFFFFFFFFFFFFFFFFFFFFFFFFFFFFFFFFFFFFFFF9D
:20C3C000FFFFFFFFFFFFFFFFFFFFFFFFFFFFFFFFFFFFFFFFFFFFFFFFFFFFFFFFFFFFFFFF7D
:20C3E000FFFFFFFFFFFFFFFFFFFFFFFFFFFFFFFFFFFFFFFFFFFFFFFFFFFFFFFFFFFFFFFF5D
:20C40000FFFFFFFFFFFFFFFFFFFFFFFFFFFFFFFFFFFFFFFFFFFFFFFFFFFFFFFFFFFFFFFF3C
:20C42000FFFFFFFFFFFFFFFFFFFFFFFFFFFFFFFFFFFFFFFFFFFFFFFFFFFFFFFFFFFFFFFF1C
:20C44000FFFFFFFFFFFFFFFFFFFFFFFFFFFFFFFFFFFFFFFFFFFFFFFFFFFFFFFFFFFFFFFFFC
:20C46000FFFFFFFFFFFFFFFFFFFFFFFFFFFFFFFFFFFFFFFFFFFFFFFFFFFFFFFFFFFFFFFFDC
:20C48000FFFFFFFFFFFFFFFFFFFFFFFFFFFFFFFFFFFFFFFFFFFFFFFFFFFFFFFFFFFFFFFFBC
:20C4A000FFFFFFFFFFFFFFFFFFFFFFFFFFFFFFFFFFFFFFFFFFFFFFFFFFFFFFFFFFFFFFFF9C
:20C4C000FFFFFFFFFFFFFFFFFFFFFFFFFFFFFFFFFFFFFFFFFFFFFFFFFFFFFFFFFFFFFFFF7C
:20C4E000FFFFFFFFFFFFFFFFFFFFFFFFFFFFFFFFFFFFFFFFFFFFFFFFFFFFFFFFFFFFFFFF5C
:20C50000FFFFFFFFFFFFFFFFFFFFFFFFFFFFFFFFFFFFFFFFFFFFFFFFFFFFFFFFFFFFFFFF3B
:20C52000FFFFFFFFFFFFFFFFFFFFFFFFFFFFFFFFFFFFFFFFFFFFFFFFFFFFFFFFFFFFFFFF1B
:20C54000FFFFFFFFFFFFFFFFFFFFFFFFFFFFFFFFFFFFFFFFFFFFFFFFFFFFFFFFFFFFFFFFFB
:20C56000FFFFFFFFFFFFFFFFFFFFFFFFFFFFFFFFFFFFFFFFFFFFFFFFFFFFFFFFFFFFFFFFDB
:20C58000FFFFFFFFFFFFFFFFFFFFFFFFFFFFFFFFFFFFFFFFFFFFFFFFFFFFFFFFFFFFFFFFBB
:20C5A000FFFFFFFFFFFFFFFFFFFFFFFFFFFFFFFFFFFFFFFFFFFFFFFFFFFFFFFFFFFFFFFF9B
:20C5C000FFFFFFFFFFFFFFFFFFFFFFFFFFFFFFFFFFFFFFFFFFFFFFFFFFFFFFFFFFFFFFFF7B
:20C5E000FFFFFFFFFFFFFFFFFFFFFFFFFFFFFFFFFFFFFFFFFFFFFFFFFFFFFFFFFFFFFFFF5B
:20C60000FFFFFFFFFFFFFFFFFFFFFFFFFFFFFFFFFFFFFFFFFFFFFFFFFFFFFFFFFFFFFFFF3A
:20C62000FFFFFFFFFFFFFFFFFFFFFFFFFFFFFFFFFFFFFFFFFFFFFFFFFFFFFFFFFFFFFFFF1A
:20C64000FFFFFFFFFFFFFFFFFFFFFFFFFFFFFFFFFFFFFFFFFFFFFFFFFFFFFFFFFFFFFFFFFA
:20C66000FFFFFFFFFFFFFFFFFFFFFFFFFFFFFFFFFFFFFFFFFFFFFFFFFFFFFFFFFFFFFFFFDA
:20C68000FFFFFFFFFFFFFFFFFFFFFFFFFFFFFFFFFFFFFFFFFFFFFFFFFFFFFFFFFFFFFFFFBA
:20C6A000FFFFFFFFFFFFFFFFFFFFFFFFFFFFFFFFFFFFFFFFFFFFFFFFFFFFFFFFFFFFFFFF9A
:20C6C000FFFFFFFFFFFFFFFFFFFFFFFFFFFFFFFFFFFFFFFFFFFFFFFFFFFFFFFFFFFFFFFF7A
:20C6E000FFFFFFFFFFFFFFFFFFFFFFFFFFFFFFFFFFFFFFFFFFFFFFFFFFFFFFFFFFFFFFFF5A
:20C70000FFFFFFFFFFFFFFFFFFFFFFFFFFFFFFFFFFFFFFFFFFFFFFFFFFFFFFFFFFFFFFFF39
:20C72000FFFFFFFFFFFFFFFFFFFFFFFFFFFFFFFFFFFFFFFFFFFFFFFFFFFFFFFFFFFFFFFF19
:20C74000FFFFFFFFFFFFFFFFFFFFFFFFFFFFFFFFFFFFFFFFFFFFFFFFFFFFFFFFFFFFFFFFF9
:20C76000FFFFFFFFFFFFFFFFFFFFFFFFFFFFFFFFFFFFFFFFFFFFFFFFFFFFFFFFFFFFFFFFD9
:20C78000FFFFFFFFFFFFFFFFFFFFFFFFFFFFFFFFFFFFFFFFFFFFFFFFFFFFFFFFFFFFFFFFB9
:20C7A000FFFFFFFFFFFFFFFFFFFFFFFFFFFFFFFFFFFFFFFFFFFFFFFFFFFFFFFFFFFFFFFF99
:20C7C000FFFFFFFFFFFFFFFFFFFFFFFFFFFFFFFFFFFFFFFFFFFFFFFFFFFFFFFFFFFFFFFF79
:20C7E000FFFFFFFFFFFFFFFFFFFFFFFFFFFFFFFFFFFFFFFFFFFFFFFFFFFFFFFFFFFFFFFF59
:20C80000FFFFFFFFFFFFFFFFFFFFFFFFFFFFFFFFFFFFFFFFFFFFFFFFFFFFFFFFFFFFFFFF38
:20C82000FFFFFFFFFFFFFFFFFFFFFFFFFFFFFFFFFFFFFFFFFFFFFFFFFFFFFFFFFFFFFFFF18
:20C84000FFFFFFFFFFFFFFFFFFFFFFFFFFFFFFFFFFFFFFFFFFFFFFFFFFFFFFFFFFFFFFFFF8
:20C86000FFFFFFFFFFFFFFFFFFFFFFFFFFFFFFFFFFFFFFFFFFFFFFFFFFFFFFFFFFFFFFFFD8
:20C88000FFFFFFFFFFFFFFFFFFFFFFFFFFFFFFFFFFFFFFFFFFFFFFFFFFFFFFFFFFFFFFFFB8
:20C8A000FFFFFFFFFFFFFFFFFFFFFFFFFFFFFFFFFFFFFFFFFFFFFFFFFFFFFFFFFFFFFFFF98
:20C8C000FFFFFFFFFFFFFFFFFFFFFFFFFFFFFFFFFFFFFFFFFFFFFFFFFFFFFFFFFFFFFFFF78
:20C8E000FFFFFFFFFFFFFFFFFFFFFFFFFFFFFFFFFFFFFFFFFFFFFFFFFFFFFFFFFFFFFFFF58
:20C90000FFFFFFFFFFFFFFFFFFFFFFFFFFFFFFFFFFFFFFFFFFFFFFFFFFFFFFFFFFFFFFFF37
:20C92000FFFFFFFFFFFFFFFFFFFFFFFFFFFFFFFFFFFFFFFFFFFFFFFFFFFFFFFFFFFFFFFF17
:20C94000FFFFFFFFFFFFFFFFFFFFFFFFFFFFFFFFFFFFFFFFFFFFFFFFFFFFFFFFFFFFFFFFF7
:20C96000FFFFFFFFFFFFFFFFFFFFFFFFFFFFFFFFFFFFFFFFFFFFFFFFFFFFFFFFFFFFFFFFD7
:20C98000FFFFFFFFFFFFFFFFFFFFFFFFFFFFFFFFFFFFFFFFFFFFFFFFFFFFFFFFFFFFFFFFB7
:20C9A000FFFFFFFFFFFFFFFFFFFFFFFFFFFFFFFFFFFFFFFFFFFFFFFFFFFFFFFFFFFFFFFF97
:20C9C000FFFFFFFFFFFFFFFFFFFFFFFFFFFFFFFFFFFFFFFFFFFFFFFFFFFFFFFFFFFFFFFF77
:20C9E000FFFFFFFFFFFFFFFFFFFFFFFFFFFFFFFFFFFFFFFFFFFFFFFFFFFFFFFFFFFFFFFF57
:20CA0000FFFFFFFFFFFFFFFFFFFFFFFFFFFFFFFFFFFFFFFFFFFFFFFFFFFFFFFFFFFFFFFF36
:20CA2000FFFFFFFFFFFFFFFFFFFFFFFFFFFFFFFFFFFFFFFFFFFFFFFFFFFFFFFFFFFFFFFF16
:20CA4000FFFFFFFFFFFFFFFFFFFFFFFFFFFFFFFFFFFFFFFFFFFFFFFFFFFFFFFFFFFFFFFFF6
:20CA6000FFFFFFFFFFFFFFFFFFFFFFFFFFFFFFFFFFFFFFFFFFFFFFFFFFFFFFFFFFFFFFFFD6
:20CA8000FFFFFFFFFFFFFFFFFFFFFFFFFFFFFFFFFFFFFFFFFFFFFFFFFFFFFFFFFFFFFFFFB6
:20CAA000FFFFFFFFFFFFFFFFFFFFFFFFFFFFFFFFFFFFFFFFFFFFFFFFFFFFFFFFFFFFFFFF96
:20CAC000FFFFFFFFFFFFFFFFFFFFFFFFFFFFFFFFFFFFFFFFFFFFFFFFFFFFFFFFFFFFFFFF76
:20CAE000FFFFFFFFFFFFFFFFFFFFFFFFFFFFFFFFFFFFFFFFFFFFFFFFFFFFFFFFFFFFFFFF56
:20CB0000FFFFFFFFFFFFFFFFFFFFFFFFFFFFFFFFFFFFFFFFFFFFFFFFFFFFFFFFFFFFFFFF35
:20CB2000FFFFFFFFFFFFFFFFFFFFFFFFFFFFFFFFFFFFFFFFFFFFFFFFFFFFFFFFFFFFFFFF15
:20CB4000FFFFFFFFFFFFFFFFFFFFFFFFFFFFFFFFFFFFFFFFFFFFFFFFFFFFFFFFFFFFFFFFF5
:20CB6000FFFFFFFFFFFFFFFFFFFFFFFFFFFFFFFFFFFFFFFFFFFFFFFFFFFFFFFFFFFFFFFFD5
:20CB8000FFFFFFFFFFFFFFFFFFFFFFFFFFFFFFFFFFFFFFFFFFFFFFFFFFFFFFFFFFFFFFFFB5
:20CBA000FFFFFFFFFFFFFFFFFFFFFFFFFFFFFFFFFFFFFFFFFFFFFFFFFFFFFFFFFFFFFFFF95
:20CBC000FFFFFFFFFFFFFFFFFFFFFFFFFFFFFFFFFFFFFFFFFFFFFFFFFFFFFFFFFFFFFFFF75
:20CBE000FFFFFFFFFFFFFFFFFFFFFFFFFFFFFFFFFFFFFFFFFFFFFFFFFFFFFFFFFFFFFFFF55
:20CC0000FFFFFFFFFFFFFFFFFFFFFFFFFFFFFFFFFFFFFFFFFFFFFFFFFFFFFFFFFFFFFFFF34
:20CC2000FFFFFFFFFFFFFFFFFFFFFFFFFFFFFFFFFFFFFFFFFFFFFFFFFFFFFFFFFFFFFFFF14
:20CC4000FFFFFFFFFFFFFFFFFFFFFFFFFFFFFFFFFFFFFFFFFFFFFFFFFFFFFFFFFFFFFFFFF4
:20CC6000FFFFFFFFFFFFFFFFFFFFFFFFFFFFFFFFFFFFFFFFFFFFFFFFFFFFFFFFFFFFFFFFD4
:20CC8000FFFFFFFFFFFFFFFFFFFFFFFFFFFFFFFFFFFFFFFFFFFFFFFFFFFFFFFFFFFFFFFFB4
:20CCA000FFFFFFFFFFFFFFFFFFFFFFFFFFFFFFFFFFFFFFFFFFFFFFFFFFFFFFFFFFFFFFFF94
:20CCC000FFFFFFFFFFFFFFFFFFFFFFFFFFFFFFFFFFFFFFFFFFFFFFFFFFFFFFFFFFFFFFFF74
:20CCE000FFFFFFFFFFFFFFFFFFFFFFFFFFFFFFFFFFFFFFFFFFFFFFFFFFFFFFFFFFFFFFFF54
:20CD0000FFFFFFFFFFFFFFFFFFFFFFFFFFFFFFFFFFFFFFFFFFFFFFFFFFFFFFFFFFFFFFFF33
:20CD2000FFFFFFFFFFFFFFFFFFFFFFFFFFFFFFFFFFFFFFFFFFFFFFFFFFFFFFFFFFFFFFFF13
:20CD4000FFFFFFFFFFFFFFFFFFFFFFFFFFFFFFFFFFFFFFFFFFFFFFFFFFFFFFFFFFFFFFFFF3
:20CD6000FFFFFFFFFFFFFFFFFFFFFFFFFFFFFFFFFFFFFFFFFFFFFFFFFFFFFFFFFFFFFFFFD3
:20CD8000FFFFFFFFFFFFFFFFFFFFFFFFFFFFFFFFFFFFFFFFFFFFFFFFFFFFFFFFFFFFFFFFB3
:20CDA000FFFFFFFFFFFFFFFFFFFFFFFFFFFFFFFFFFFFFFFFFFFFFFFFFFFFFFFFFFFFFFFF93
:20CDC000FFFFFFFFFFFFFFFFFFFFFFFFFFFFFFFFFFFFFFFFFFFFFFFFFFFFFFFFFFFFFFFF73
:20CDE000FFFFFFFFFFFFFFFFFFFFFFFFFFFFFFFFFFFFFFFFFFFFFFFFFFFFFFFFFFFFFFFF53
:20CE0000FFFFFFFFFFFFFFFFFFFFFFFFFFFFFFFFFFFFFFFFFFFFFFFFFFFFFFFFFFFFFFFF32
:20CE2000FFFFFFFFFFFFFFFFFFFFFFFFFFFFFFFFFFFFFFFFFFFFFFFFFFFFFFFFFFFFFFFF12
:20CE4000FFFFFFFFFFFFFFFFFFFFFFFFFFFFFFFFFFFFFFFFFFFFFFFFFFFFFFFFFFFFFFFFF2
:20CE6000FFFFFFFFFFFFFFFFFFFFFFFFFFFFFFFFFFFFFFFFFFFFFFFFFFFFFFFFFFFFFFFFD2
:20CE8000FFFFFFFFFFFFFFFFFFFFFFFFFFFFFFFFFFFFFFFFFFFFFFFFFFFFFFFFFFFFFFFFB2
:20CEA000FFFFFFFFFFFFFFFFFFFFFFFFFFFFFFFFFFFFFFFFFFFFFFFFFFFFFFFFFFFFFFFF92
:20CEC000FFFFFFFFFFFFFFFFFFFFFFFFFFFFFFFFFFFFFFFFFFFFFFFFFFFFFFFFFFFFFFFF72
:20CEE000FFFFFFFFFFFFFFFFFFFFFFFFFFFFFFFFFFFFFFFFFFFFFFFFFFFFFFFFFFFFFFFF52
:20CF0000FFFFFFFFFFFFFFFFFFFFFFFFFFFFFFFFFFFFFFFFFFFFFFFFFFFFFFFFFFFFFFFF31
:20CF2000FFFFFFFFFFFFFFFFFFFFFFFFFFFFFFFFFFFFFFFFFFFFFFFFFFFFFFFFFFFFFFFF11
:20CF4000FFFFFFFFFFFFFFFFFFFFFFFFFFFFFFFFFFFFFFFFFFFFFFFFFFFFFFFFFFFFFFFFF1
:20CF6000FFFFFFFFFFFFFFFFFFFFFFFFFFFFFFFFFFFFFFFFFFFFFFFFFFFFFFFFFFFFFFFFD1
:20CF8000FFFFFFFFFFFFFFFFFFFFFFFFFFFFFFFFFFFFFFFFFFFFFFFFFFFFFFFFFFFFFFFFB1
:20CFA000FFFFFFFFFFFFFFFFFFFFFFFFFFFFFFFFFFFFFFFFFFFFFFFFFFFFFFFFFFFFFFFF91
:20CFC000FFFFFFFFFFFFFFFFFFFFFFFFFFFFFFFFFFFFFFFFFFFFFFFFFFFFFFFFFFFFFFFF71
:20CFE000FFFFFFFFFFFFFFFFFFFFFFFFFFFFFFFFFFFFFFFFFFFFFFFFFFFFFFFFFFFFFFFF51
:20D00000FFFFFFFFFFFFFFFFFFFFFFFFFFFFFFFFFFFFFFFFFFFFFFFFFFFFFFFFFFFFFFFF30
:20D02000FFFFFFFFFFFFFFFFFFFFFFFFFFFFFFFFFFFFFFFFFFFFFFFFFFFFFFFFFFFFFFFF10
:20D04000FFFFFFFFFFFFFFFFFFFFFFFFFFFFFFFFFFFFFFFFFFFFFFFFFFFFFFFFFFFFFFFFF0
:20D06000FFFFFFFFFFFFFFFFFFFFFFFFFFFFFFFFFFFFFFFFFFFFFFFFFFFFFFFFFFFFFFFFD0
:20D08000FFFFFFFFFFFFFFFFFFFFFFFFFFFFFFFFFFFFFFFFFFFFFFFFFFFFFFFFFFFFFFFFB0
:20D0A000FFFFFFFFFFFFFFFFFFFFFFFFFFFFFFFFFFFFFFFFFFFFFFFFFFFFFFFFFFFFFFFF90
:20D0C000FFFFFFFFFFFFFFFFFFFFFFFFFFFFFFFFFFFFFFFFFFFFFFFFFFFFFFFFFFFFFFFF70
:20D0E000FFFFFFFFFFFFFFFFFFFFFFFFFFFFFFFFFFFFFFFFFFFFFFFFFFFFFFFFFFFFFFFF50
:20D10000FFFFFFFFFFFFFFFFFFFFFFFFFFFFFFFFFFFFFFFFFFFFFFFFFFFFFFFFFFFFFFFF2F
:20D12000FFFFFFFFFFFFFFFFFFFFFFFFFFFFFFFFFFFFFFFFFFFFFFFFFFFFFFFFFFFFFFFF0F
:20D14000FFFFFFFFFFFFFFFFFFFFFFFFFFFFFFFFFFFFFFFFFFFFFFFFFFFFFFFFFFFFFFFFEF
:20D16000FFFFFFFFFFFFFFFFFFFFFFFFFFFFFFFFFFFFFFFFFFFFFFFFFFFFFFFFFFFFFFFFCF
:20D18000FFFFFFFFFFFFFFFFFFFFFFFFFFFFFFFFFFFFFFFFFFFFFFFFFFFFFFFFFFFFFFFFAF
:20D1A000FFFFFFFFFFFFFFFFFFFFFFFFFFFFFFFFFFFFFFFFFFFFFFFFFFFFFFFFFFFFFFFF8F
:20D1C000FFFFFFFFFFFFFFFFFFFFFFFFFFFFFFFFFFFFFFFFFFFFFFFFFFFFFFFFFFFFFFFF6F
:20D1E000FFFFFFFFFFFFFFFFFFFFFFFFFFFFFFFFFFFFFFFFFFFFFFFFFFFFFFFFFFFFFFFF4F
:20D20000FFFFFFFFFFFFFFFFFFFFFFFFFFFFFFFFFFFFFFFFFFFFFFFFFFFFFFFFFFFFFFFF2E
:20D22000FFFFFFFFFFFFFFFFFFFFFFFFFFFFFFFFFFFFFFFFFFFFFFFFFFFFFFFFFFFFFFFF0E
:20D24000FFFFFFFFFFFFFFFFFFFFFFFFFFFFFFFFFFFFFFFFFFFFFFFFFFFFFFFFFFFFFFFFEE
:20D26000FFFFFFFFFFFFFFFFFFFFFFFFFFFFFFFFFFFFFFFFFFFFFFFFFFFFFFFFFFFFFFFFCE
:20D28000FFFFFFFFFFFFFFFFFFFFFFFFFFFFFFFFFFFFFFFFFFFFFFFFFFFFFFFFFFFFFFFFAE
:20D2A000FFFFFFFFFFFFFFFFFFFFFFFFFFFFFFFFFFFFFFFFFFFFFFFFFFFFFFFFFFFFFFFF8E
:20D2C000FFFFFFFFFFFFFFFFFFFFFFFFFFFFFFFFFFFFFFFFFFFFFFFFFFFFFFFFFFFFFFFF6E
:20D2E000FFFFFFFFFFFFFFFFFFFFFFFFFFFFFFFFFFFFFFFFFFFFFFFFFFFFFFFFFFFFFFFF4E
:20D30000FFFFFFFFFFFFFFFFFFFFFFFFFFFFFFFFFFFFFFFFFFFFFFFFFFFFFFFFFFFFFFFF2D
:20D32000FFFFFFFFFFFFFFFFFFFFFFFFFFFFFFFFFFFFFFFFFFFFFFFFFFFFFFFFFFFFFFFF0D
:20D34000FFFFFFFFFFFFFFFFFFFFFFFFFFFFFFFFFFFFFFFFFFFFFFFFFFFFFFFFFFFFFFFFED
:20D36000FFFFFFFFFFFFFFFFFFFFFFFFFFFFFFFFFFFFFFFFFFFFFFFFFFFFFFFFFFFFFFFFCD
:20D38000FFFFFFFFFFFFFFFFFFFFFFFFFFFFFFFFFFFFFFFFFFFFFFFFFFFFFFFFFFFFFFFFAD
:20D3A000FFFFFFFFFFFFFFFFFFFFFFFFFFFFFFFFFFFFFFFFFFFFFFFFFFFFFFFFFFFFFFFF8D
:20D3C000FFFFFFFFFFFFFFFFFFFFFFFFFFFFFFFFFFFFFFFFFFFFFFFFFFFFFFFFFFFFFFFF6D
:20D3E000FFFFFFFFFFFFFFFFFFFFFFFFFFFFFFFFFFFFFFFFFFFFFFFFFFFFFFFFFFFFFFFF4D
:20D40000FFFFFFFFFFFFFFFFFFFFFFFFFFFFFFFFFFFFFFFFFFFFFFFFFFFFFFFFFFFFFFFF2C
:20D42000FFFFFFFFFFFFFFFFFFFFFFFFFFFFFFFFFFFFFFFFFFFFFFFFFFFFFFFFFFFFFFFF0C
:20D44000FFFFFFFFFFFFFFFFFFFFFFFFFFFFFFFFFFFFFFFFFFFFFFFFFFFFFFFFFFFFFFFFEC
:20D46000FFFFFFFFFFFFFFFFFFFFFFFFFFFFFFFFFFFFFFFFFFFFFFFFFFFFFFFFFFFFFFFFCC
:20D48000FFFFFFFFFFFFFFFFFFFFFFFFFFFFFFFFFFFFFFFFFFFFFFFFFFFFFFFFFFFFFFFFAC
:20D4A000FFFFFFFFFFFFFFFFFFFFFFFFFFFFFFFFFFFFFFFFFFFFFFFFFFFFFFFFFFFFFFFF8C
:20D4C000FFFFFFFFFFFFFFFFFFFFFFFFFFFFFFFFFFFFFFFFFFFFFFFFFFFFFFFFFFFFFFFF6C
:20D4E000FFFFFFFFFFFFFFFFFFFFFFFFFFFFFFFFFFFFFFFFFFFFFFFFFFFFFFFFFFFFFFFF4C
:20D50000FFFFFFFFFFFFFFFFFFFFFFFFFFFFFFFFFFFFFFFFFFFFFFFFFFFFFFFFFFFFFFFF2B
:20D52000FFFFFFFFFFFFFFFFFFFFFFFFFFFFFFFFFFFFFFFFFFFFFFFFFFFFFFFFFFFFFFFF0B
:20D54000FFFFFFFFFFFFFFFFFFFFFFFFFFFFFFFFFFFFFFFFFFFFFFFFFFFFFFFFFFFFFFFFEB
:20D56000FFFFFFFFFFFFFFFFFFFFFFFFFFFFFFFFFFFFFFFFFFFFFFFFFFFFFFFFFFFFFFFFCB
:20D58000FFFFFFFFFFFFFFFFFFFFFFFFFFFFFFFFFFFFFFFFFFFFFFFFFFFFFFFFFFFFFFFFAB
:20D5A000FFFFFFFFFFFFFFFFFFFFFFFFFFFFFFFFFFFFFFFFFFFFFFFFFFFFFFFFFFFFFFFF8B
:20D5C000FFFFFFFFFFFFFFFFFFFFFFFFFFFFFFFFFFFFFFFFFFFFFFFFFFFFFFFFFFFFFFFF6B
:20D5E000FFFFFFFFFFFFFFFFFFFFFFFFFFFFFFFFFFFFFFFFFFFFFFFFFFFFFFFFFFFFFFFF4B
:20D60000FFFFFFFFFFFFFFFFFFFFFFFFFFFFFFFFFFFFFFFFFFFFFFFFFFFFFFFFFFFFFFFF2A
:20D62000FFFFFFFFFFFFFFFFFFFFFFFFFFFFFFFFFFFFFFFFFFFFFFFFFFFFFFFFFFFFFFFF0A
:20D64000FFFFFFFFFFFFFFFFFFFFFFFFFFFFFFFFFFFFFFFFFFFFFFFFFFFFFFFFFFFFFFFFEA
:20D66000FFFFFFFFFFFFFFFFFFFFFFFFFFFFFFFFFFFFFFFFFFFFFFFFFFFFFFFFFFFFFFFFCA
:20D68000FFFFFFFFFFFFFFFFFFFFFFFFFFFFFFFFFFFFFFFFFFFFFFFFFFFFFFFFFFFFFFFFAA
:20D6A000FFFFFFFFFFFFFFFFFFFFFFFFFFFFFFFFFFFFFFFFFFFFFFFFFFFFFFFFFFFFFFFF8A
:20D6C000FFFFFFFFFFFFFFFFFFFFFFFFFFFFFFFFFFFFFFFFFFFFFFFFFFFFFFFFFFFFFFFF6A
:20D6E000FFFFFFFFFFFFFFFFFFFFFFFFFFFFFFFFFFFFFFFFFFFFFFFFFFFFFFFFFFFFFFFF4A
:20D70000FFFFFFFFFFFFFFFFFFFFFFFFFFFFFFFFFFFFFFFFFFFFFFFFFFFFFFFFFFFFFFFF29
:20D72000FFFFFFFFFFFFFFFFFFFFFFFFFFFFFFFFFFFFFFFFFFFFFFFFFFFFFFFFFFFFFFFF09
:20D74000FFFFFFFFFFFFFFFFFFFFFFFFFFFFFFFFFFFFFFFFFFFFFFFFFFFFFFFFFFFFFFFFE9
:20D76000FFFFFFFFFFFFFFFFFFFFFFFFFFFFFFFFFFFFFFFFFFFFFFFFFFFFFFFFFFFFFFFFC9
:20D78000FFFFFFFFFFFFFFFFFFFFFFFFFFFFFFFFFFFFFFFFFFFFFFFFFFFFFFFFFFFFFFFFA9
:20D7A000FFFFFFFFFFFFFFFFFFFFFFFFFFFFFFFFFFFFFFFFFFFFFFFFFFFFFFFFFFFFFFFF89
:20D7C000FFFFFFFFFFFFFFFFFFFFFFFFFFFFFFFFFFFFFFFFFFFFFFFFFFFFFFFFFFFFFFFF69
:20D7E000FFFFFFFFFFFFFFFFFFFFFFFFFFFFFFFFFFFFFFFFFFFFFFFFFFFFFFFFFFFFFFFF49
:20D80000FFFFFFFFFFFFFFFFFFFFFFFFFFFFFFFFFFFFFFFFFFFFFFFFFFFFFFFFFFFFFFFF28
:20D82000FFFFFFFFFFFFFFFFFFFFFFFFFFFFFFFFFFFFFFFFFFFFFFFFFFFFFFFFFFFFFFFF08
:20D84000FFFFFFFFFFFFFFFFFFFFFFFFFFFFFFFFFFFFFFFFFFFFFFFFFFFFFFFFFFFFFFFFE8
:20D86000FFFFFFFFFFFFFFFFFFFFFFFFFFFFFFFFFFFFFFFFFFFFFFFFFFFFFFFFFFFFFFFFC8
:20D88000FFFFFFFFFFFFFFFFFFFFFFFFFFFFFFFFFFFFFFFFFFFFFFFFFFFFFFFFFFFFFFFFA8
:20D8A000FFFFFFFFFFFFFFFFFFFFFFFFFFFFFFFFFFFFFFFFFFFFFFFFFFFFFFFFFFFFFFFF88
:20D8C000FFFFFFFFFFFFFFFFFFFFFFFFFFFFFFFFFFFFFFFFFFFFFFFFFFFFFFFFFFFFFFFF68
:20D8E000FFFFFFFFFFFFFFFFFFFFFFFFFFFFFFFFFFFFFFFFFFFFFFFFFFFFFFFFFFFFFFFF48
:20D90000FFFFFFFFFFFFFFFFFFFFFFFFFFFFFFFFFFFFFFFFFFFFFFFFFFFFFFFFFFFFFFFF27
:20D92000FFFFFFFFFFFFFFFFFFFFFFFFFFFFFFFFFFFFFFFFFFFFFFFFFFFFFFFFFFFFFFFF07
:20D94000FFFFFFFFFFFFFFFFFFFFFFFFFFFFFFFFFFFFFFFFFFFFFFFFFFFFFFFFFFFFFFFFE7
:20D96000FFFFFFFFFFFFFFFFFFFFFFFFFFFFFFFFFFFFFFFFFFFFFFFFFFFFFFFFFFFFFFFFC7
:20D98000FFFFFFFFFFFFFFFFFFFFFFFFFFFFFFFFFFFFFFFFFFFFFFFFFFFFFFFFFFFFFFFFA7
:20D9A000FFFFFFFFFFFFFFFFFFFFFFFFFFFFFFFFFFFFFFFFFFFFFFFFFFFFFFFFFFFFFFFF87
:20D9C000FFFFFFFFFFFFFFFFFFFFFFFFFFFFFFFFFFFFFFFFFFFFFFFFFFFFFFFFFFFFFFFF67
:20D9E000FFFFFFFFFFFFFFFFFFFFFFFFFFFFFFFFFFFFFFFFFFFFFFFFFFFFFFFFFFFFFFFF47
:20DA0000FFFFFFFFFFFFFFFFFFFFFFFFFFFFFFFFFFFFFFFFFFFFFFFFFFFFFFFFFFFFFFFF26
:20DA2000FFFFFFFFFFFFFFFFFFFFFFFFFFFFFFFFFFFFFFFFFFFFFFFFFFFFFFFFFFFFFFFF06
:20DA4000FFFFFFFFFFFFFFFFFFFFFFFFFFFFFFFFFFFFFFFFFFFFFFFFFFFFFFFFFFFFFFFFE6
:20DA6000FFFFFFFFFFFFFFFFFFFFFFFFFFFFFFFFFFFFFFFFFFFFFFFFFFFFFFFFFFFFFFFFC6
:20DA8000FFFFFFFFFFFFFFFFFFFFFFFFFFFFFFFFFFFFFFFFFFFFFFFFFFFFFFFFFFFFFFFFA6
:20DAA000FFFFFFFFFFFFFFFFFFFFFFFFFFFFFFFFFFFFFFFFFFFFFFFFFFFFFFFFFFFFFFFF86
:20DAC000FFFFFFFFFFFFFFFFFFFFFFFFFFFFFFFFFFFFFFFFFFFFFFFFFFFFFFFFFFFFFFFF66
:20DAE000FFFFFFFFFFFFFFFFFFFFFFFFFFFFFFFFFFFFFFFFFFFFFFFFFFFFFFFFFFFFFFFF46
:20DB0000FFFFFFFFFFFFFFFFFFFFFFFFFFFFFFFFFFFFFFFFFFFFFFFFFFFFFFFFFFFFFFFF25
:20DB2000FFFFFFFFFFFFFFFFFFFFFFFFFFFFFFFFFFFFFFFFFFFFFFFFFFFFFFFFFFFFFFFF05
:20DB4000FFFFFFFFFFFFFFFFFFFFFFFFFFFFFFFFFFFFFFFFFFFFFFFFFFFFFFFFFFFFFFFFE5
:20DB6000FFFFFFFFFFFFFFFFFFFFFFFFFFFFFFFFFFFFFFFFFFFFFFFFFFFFFFFFFFFFFFFFC5
:20DB8000FFFFFFFFFFFFFFFFFFFFFFFFFFFFFFFFFFFFFFFFFFFFFFFFFFFFFFFFFFFFFFFFA5
:20DBA000FFFFFFFFFFFFFFFFFFFFFFFFFFFFFFFFFFFFFFFFFFFFFFFFFFFFFFFFFFFFFFFF85
:20DBC000FFFFFFFFFFFFFFFFFFFFFFFFFFFFFFFFFFFFFFFFFFFFFFFFFFFFFFFFFFFFFFFF65
:20DBE000FFFFFFFFFFFFFFFFFFFFFFFFFFFFFFFFFFFFFFFFFFFFFFFFFFFFFFFFFFFFFFFF45
:20DC0000FFFFFFFFFFFFFFFFFFFFFFFFFFFFFFFFFFFFFFFFFFFFFFFFFFFFFFFFFFFFFFFF24
:20DC2000FFFFFFFFFFFFFFFFFFFFFFFFFFFFFFFFFFFFFFFFFFFFFFFFFFFFFFFFFFFFFFFF04
:20DC4000FFFFFFFFFFFFFFFFFFFFFFFFFFFFFFFFFFFFFFFFFFFFFFFFFFFFFFFFFFFFFFFFE4
:20DC6000FFFFFFFFFFFFFFFFFFFFFFFFFFFFFFFFFFFFFFFFFFFFFFFFFFFFFFFFFFFFFFFFC4
:20DC8000FFFFFFFFFFFFFFFFFFFFFFFFFFFFFFFFFFFFFFFFFFFFFFFFFFFFFFFFFFFFFFFFA4
:20DCA000FFFFFFFFFFFFFFFFFFFFFFFFFFFFFFFFFFFFFFFFFFFFFFFFFFFFFFFFFFFFFFFF84
:20DCC000FFFFFFFFFFFFFFFFFFFFFFFFFFFFFFFFFFFFFFFFFFFFFFFFFFFFFFFFFFFFFFFF64
:20DCE000FFFFFFFFFFFFFFFFFFFFFFFFFFFFFFFFFFFFFFFFFFFFFFFFFFFFFFFFFFFFFFFF44
:20DD0000FFFFFFFFFFFFFFFFFFFFFFFFFFFFFFFFFFFFFFFFFFFFFFFFFFFFFFFFFFFFFFFF23
:20DD2000FFFFFFFFFFFFFFFFFFFFFFFFFFFFFFFFFFFFFFFFFFFFFFFFFFFFFFFFFFFFFFFF03
:20DD4000FFFFFFFFFFFFFFFFFFFFFFFFFFFFFFFFFFFFFFFFFFFFFFFFFFFFFFFFFFFFFFFFE3
:20DD6000FFFFFFFFFFFFFFFFFFFFFFFFFFFFFFFFFFFFFFFFFFFFFFFFFFFFFFFFFFFFFFFFC3
:20DD8000FFFFFFFFFFFFFFFFFFFFFFFFFFFFFFFFFFFFFFFFFFFFFFFFFFFFFFFFFFFFFFFFA3
:20DDA000FFFFFFFFFFFFFFFFFFFFFFFFFFFFFFFFFFFFFFFFFFFFFFFFFFFFFFFFFFFFFFFF83
:20DDC000FFFFFFFFFFFFFFFFFFFFFFFFFFFFFFFFFFFFFFFFFFFFFFFFFFFFFFFFFFFFFFFF63
:20DDE000FFFFFFFFFFFFFFFFFFFFFFFFFFFFFFFFFFFFFFFFFFFFFFFFFFFFFFFFFFFFFFFF43
:20DE0000FFFFFFFFFFFFFFFFFFFFFFFFFFFFFFFFFFFFFFFFFFFFFFFFFFFFFFFFFFFFFFFF22
:20DE2000FFFFFFFFFFFFFFFFFFFFFFFFFFFFFFFFFFFFFFFFFFFFFFFFFFFFFFFFFFFFFFFF02
:20DE4000FFFFFFFFFFFFFFFFFFFFFFFFFFFFFFFFFFFFFFFFFFFFFFFFFFFFFFFFFFFFFFFFE2
:20DE6000FFFFFFFFFFFFFFFFFFFFFFFFFFFFFFFFFFFFFFFFFFFFFFFFFFFFFFFFFFFFFFFFC2
:20DE8000FFFFFFFFFFFFFFFFFFFFFFFFFFFFFFFFFFFFFFFFFFFFFFFFFFFFFFFFFFFFFFFFA2
:20DEA000FFFFFFFFFFFFFFFFFFFFFFFFFFFFFFFFFFFFFFFFFFFFFFFFFFFFFFFFFFFFFFFF82
:20DEC000FFFFFFFFFFFFFFFFFFFFFFFFFFFFFFFFFFFFFFFFFFFFFFFFFFFFFFFFFFFFFFFF62
:20DEE000FFFFFFFFFFFFFFFFFFFFFFFFFFFFFFFFFFFFFFFFFFFFFFFFFFFFFFFFFFFFFFFF42
:20DF0000FFFFFFFFFFFFFFFFFFFFFFFFFFFFFFFFFFFFFFFFFFFFFFFFFFFFFFFFFFFFFFFF21
:20DF2000FFFFFFFFFFFFFFFFFFFFFFFFFFFFFFFFFFFFFFFFFFFFFFFFFFFFFFFFFFFFFFFF01
:20DF4000FFFFFFFFFFFFFFFFFFFFFFFFFFFFFFFFFFFFFFFFFFFFFFFFFFFFFFFFFFFFFFFFE1
:20DF6000FFFFFFFFFFFFFFFFFFFFFFFFFFFFFFFFFFFFFFFFFFFFFFFFFFFFFFFFFFFFFFFFC1
:20DF8000FFFFFFFFFFFFFFFFFFFFFFFFFFFFFFFFFFFFFFFFFFFFFFFFFFFFFFFFFFFFFFFFA1
:20DFA000FFFFFFFFFFFFFFFFFFFFFFFFFFFFFFFFFFFFFFFFFFFFFFFFFFFFFFFFFFFFFFFF81
:20DFC000FFFFFFFFFFFFFFFFFFFFFFFFFFFFFFFFFFFFFFFFFFFFFFFFFFFFFFFFFFFFFFFF61
:20DFE000FFFFFFFFFFFFFFFFFFFFFFFFFFFFFFFFFFFFFFFFFFFFFFFFFFFFFFFFFFFFFFFF41
:20E00000FFFFFFFFFFFFFFFFFFFFFFFFFFFFFFFFFFFFFFFFFFFFFFFFFFFFFFFFFFFFFFFF20
:20E02000FFFFFFFFFFFFFFFFFFFFFFFFFFFFFFFFFFFFFFFFFFFFFFFFFFFFFFFFFFFFFFFF00
:20E04000FFFFFFFFFFFFFFFFFFFFFFFFFFFFFFFFFFFFFFFFFFFFFFFFFFFFFFFFFFFFFFFFE0
:20E06000FFFFFFFFFFFFFFFFFFFFFFFFFFFFFFFFFFFFFFFFFFFFFFFFFFFFFFFFFFFFFFFFC0
:20E08000FFFFFFFFFFFFFFFFFFFFFFFFFFFFFFFFFFFFFFFFFFFFFFFFFFFFFFFFFFFFFFFFA0
:20E0A000FFFFFFFFFFFFFFFFFFFFFFFFFFFFFFFFFFFFFFFFFFFFFFFFFFFFFFFFFFFFFFFF80
:20E0C000FFFFFFFFFFFFFFFFFFFFFFFFFFFFFFFFFFFFFFFFFFFFFFFFFFFFFFFFFFFFFFFF60
:20E0E000FFFFFFFFFFFFFFFFFFFFFFFFFFFFFFFFFFFFFFFFFFFFFFFFFFFFFFFFFFFFFFFF40
:20E10000FFFFFFFFFFFFFFFFFFFFFFFFFFFFFFFFFFFFFFFFFFFFFFFFFFFFFFFFFFFFFFFF1F
:20E12000FFFFFFFFFFFFFFFFFFFFFFFFFFFFFFFFFFFFFFFFFFFFFFFFFFFFFFFFFFFFFFFFFF
:20E14000FFFFFFFFFFFFFFFFFFFFFFFFFFFFFFFFFFFFFFFFFFFFFFFFFFFFFFFFFFFFFFFFDF
:20E16000FFFFFFFFFFFFFFFFFFFFFFFFFFFFFFFFFFFFFFFFFFFFFFFFFFFFFFFFFFFFFFFFBF
:20E18000FFFFFFFFFFFFFFFFFFFFFFFFFFFFFFFFFFFFFFFFFFFFFFFFFFFFFFFFFFFFFFFF9F
:20E1A000FFFFFFFFFFFFFFFFFFFFFFFFFFFFFFFFFFFFFFFFFFFFFFFFFFFFFFFFFFFFFFFF7F
:20E1C000FFFFFFFFFFFFFFFFFFFFFFFFFFFFFFFFFFFFFFFFFFFFFFFFFFFFFFFFFFFFFFFF5F
:20E1E000FFFFFFFFFFFFFFFFFFFFFFFFFFFFFFFFFFFFFFFFFFFFFFFFFFFFFFFFFFFFFFFF3F
:20E20000FFFFFFFFFFFFFFFFFFFFFFFFFFFFFFFFFFFFFFFFFFFFFFFFFFFFFFFFFFFFFFFF1E
:20E22000FFFFFFFFFFFFFFFFFFFFFFFFFFFFFFFFFFFFFFFFFFFFFFFFFFFFFFFFFFFFFFFFFE
:20E24000FFFFFFFFFFFFFFFFFFFFFFFFFFFFFFFFFFFFFFFFFFFFFFFFFFFFFFFFFFFFFFFFDE
:20E26000FFFFFFFFFFFFFFFFFFFFFFFFFFFFFFFFFFFFFFFFFFFFFFFFFFFFFFFFFFFFFFFFBE
:20E28000FFFFFFFFFFFFFFFFFFFFFFFFFFFFFFFFFFFFFFFFFFFFFFFFFFFFFFFFFFFFFFFF9E
:20E2A000FFFFFFFFFFFFFFFFFFFFFFFFFFFFFFFFFFFFFFFFFFFFFFFFFFFFFFFFFFFFFFFF7E
:20E2C000FFFFFFFFFFFFFFFFFFFFFFFFFFFFFFFFFFFFFFFFFFFFFFFFFFFFFFFFFFFFFFFF5E
:20E2E000FFFFFFFFFFFFFFFFFFFFFFFFFFFFFFFFFFFFFFFFFFFFFFFFFFFFFFFFFFFFFFFF3E
:20E30000FFFFFFFFFFFFFFFFFFFFFFFFFFFFFFFFFFFFFFFFFFFFFFFFFFFFFFFFFFFFFFFF1D
:20E32000FFFFFFFFFFFFFFFFFFFFFFFFFFFFFFFFFFFFFFFFFFFFFFFFFFFFFFFFFFFFFFFFFD
:20E34000FFFFFFFFFFFFFFFFFFFFFFFFFFFFFFFFFFFFFFFFFFFFFFFFFFFFFFFFFFFFFFFFDD
:20E36000FFFFFFFFFFFFFFFFFFFFFFFFFFFFFFFFFFFFFFFFFFFFFFFFFFFFFFFFFFFFFFFFBD
:20E38000FFFFFFFFFFFFFFFFFFFFFFFFFFFFFFFFFFFFFFFFFFFFFFFFFFFFFFFFFFFFFFFF9D
:20E3A000FFFFFFFFFFFFFFFFFFFFFFFFFFFFFFFFFFFFFFFFFFFFFFFFFFFFFFFFFFFFFFFF7D
:20E3C000FFFFFFFFFFFFFFFFFFFFFFFFFFFFFFFFFFFFFFFFFFFFFFFFFFFFFFFFFFFFFFFF5D
:20E3E000FFFFFFFFFFFFFFFFFFFFFFFFFFFFFFFFFFFFFFFFFFFFFFFFFFFFFFFFFFFFFFFF3D
:20E40000FFFFFFFFFFFFFFFFFFFFFFFFFFFFFFFFFFFFFFFFFFFFFFFFFFFFFFFFFFFFFFFF1C
:20E42000FFFFFFFFFFFFFFFFFFFFFFFFFFFFFFFFFFFFFFFFFFFFFFFFFFFFFFFFFFFFFFFFFC
:20E44000FFFFFFFFFFFFFFFFFFFFFFFFFFFFFFFFFFFFFFFFFFFFFFFFFFFFFFFFFFFFFFFFDC
:20E46000FFFFFFFFFFFFFFFFFFFFFFFFFFFFFFFFFFFFFFFFFFFFFFFFFFFFFFFFFFFFFFFFBC
:20E48000FFFFFFFFFFFFFFFFFFFFFFFFFFFFFFFFFFFFFFFFFFFFFFFFFFFFFFFFFFFFFFFF9C
:20E4A000FFFFFFFFFFFFFFFFFFFFFFFFFFFFFFFFFFFFFFFFFFFFFFFFFFFFFFFFFFFFFFFF7C
:20E4C000FFFFFFFFFFFFFFFFFFFFFFFFFFFFFFFFFFFFFFFFFFFFFFFFFFFFFFFFFFFFFFFF5C
:20E4E000FFFFFFFFFFFFFFFFFFFFFFFFFFFFFFFFFFFFFFFFFFFFFFFFFFFFFFFFFFFFFFFF3C
:20E50000FFFFFFFFFFFFFFFFFFFFFFFFFFFFFFFFFFFFFFFFFFFFFFFFFFFFFFFFFFFFFFFF1B
:20E52000FFFFFFFFFFFFFFFFFFFFFFFFFFFFFFFFFFFFFFFFFFFFFFFFFFFFFFFFFFFFFFFFFB
:20E54000FFFFFFFFFFFFFFFFFFFFFFFFFFFFFFFFFFFFFFFFFFFFFFFFFFFFFFFFFFFFFFFFDB
:20E56000FFFFFFFFFFFFFFFFFFFFFFFFFFFFFFFFFFFFFFFFFFFFFFFFFFFFFFFFFFFFFFFFBB
:20E58000FFFFFFFFFFFFFFFFFFFFFFFFFFFFFFFFFFFFFFFFFFFFFFFFFFFFFFFFFFFFFFFF9B
:20E5A000FFFFFFFFFFFFFFFFFFFFFFFFFFFFFFFFFFFFFFFFFFFFFFFFFFFFFFFFFFFFFFFF7B
:20E5C000FFFFFFFFFFFFFFFFFFFFFFFFFFFFFFFFFFFFFFFFFFFFFFFFFFFFFFFFFFFFFFFF5B
:20E5E000FFFFFFFFFFFFFFFFFFFFFFFFFFFFFFFFFFFFFFFFFFFFFFFFFFFFFFFFFFFFFFFF3B
:20E60000FFFFFFFFFFFFFFFFFFFFFFFFFFFFFFFFFFFFFFFFFFFFFFFFFFFFFFFFFFFFFFFF1A
:20E62000FFFFFFFFFFFFFFFFFFFFFFFFFFFFFFFFFFFFFFFFFFFFFFFFFFFFFFFFFFFFFFFFFA
:20E64000FFFFFFFFFFFFFFFFFFFFFFFFFFFFFFFFFFFFFFFFFFFFFFFFFFFFFFFFFFFFFFFFDA
:20E66000FFFFFFFFFFFFFFFFFFFFFFFFFFFFFFFFFFFFFFFFFFFFFFFFFFFFFFFFFFFFFFFFBA
:20E68000FFFFFFFFFFFFFFFFFFFFFFFFFFFFFFFFFFFFFFFFFFFFFFFFFFFFFFFFFFFFFFFF9A
:20E6A000FFFFFFFFFFFFFFFFFFFFFFFFFFFFFFFFFFFFFFFFFFFFFFFFFFFFFFFFFFFFFFFF7A
:20E6C000FFFFFFFFFFFFFFFFFFFFFFFFFFFFFFFFFFFFFFFFFFFFFFFFFFFFFFFFFFFFFFFF5A
:20E6E000FFFFFFFFFFFFFFFFFFFFFFFFFFFFFFFFFFFFFFFFFFFFFFFFFFFFFFFFFFFFFFFF3A
:20E70000FFFFFFFFFFFFFFFFFFFFFFFFFFFFFFFFFFFFFFFFFFFFFFFFFFFFFFFFFFFFFFFF19
:20E72000FFFFFFFFFFFFFFFFFFFFFFFFFFFFFFFFFFFFFFFFFFFFFFFFFFFFFFFFFFFFFFFFF9
:20E74000FFFFFFFFFFFFFFFFFFFFFFFFFFFFFFFFFFFFFFFFFFFFFFFFFFFFFFFFFFFFFFFFD9
:20E76000FFFFFFFFFFFFFFFFFFFFFFFFFFFFFFFFFFFFFFFFFFFFFFFFFFFFFFFFFFFFFFFFB9
:20E78000FFFFFFFFFFFFFFFFFFFFFFFFFFFFFFFFFFFFFFFFFFFFFFFFFFFFFFFFFFFFFFFF99
:20E7A000FFFFFFFFFFFFFFFFFFFFFFFFFFFFFFFFFFFFFFFFFFFFFFFFFFFFFFFFFFFFFFFF79
:20E7C000FFFFFFFFFFFFFFFFFFFFFFFFFFFFFFFFFFFFFFFFFFFFFFFFFFFFFFFFFFFFFFFF59
:20E7E000FFFFFFFFFFFFFFFFFFFFFFFFFFFFFFFFFFFFFFFFFFFFFFFFFFFFFFFFFFFFFFFF39
:20E80000FFFFFFFFFFFFFFFFFFFFFFFFFFFFFFFFFFFFFFFFFFFFFFFFFFFFFFFFFFFFFFFF18
:20E82000FFFFFFFFFFFFFFFFFFFFFFFFFFFFFFFFFFFFFFFFFFFFFFFFFFFFFFFFFFFFFFFFF8
:20E84000FFFFFFFFFFFFFFFFFFFFFFFFFFFFFFFFFFFFFFFFFFFFFFFFFFFFFFFFFFFFFFFFD8
:20E86000FFFFFFFFFFFFFFFFFFFFFFFFFFFFFFFFFFFFFFFFFFFFFFFFFFFFFFFFFFFFFFFFB8
:20E88000FFFFFFFFFFFFFFFFFFFFFFFFFFFFFFFFFFFFFFFFFFFFFFFFFFFFFFFFFFFFFFFF98
:20E8A000FFFFFFFFFFFFFFFFFFFFFFFFFFFFFFFFFFFFFFFFFFFFFFFFFFFFFFFFFFFFFFFF78
:20E8C000FFFFFFFFFFFFFFFFFFFFFFFFFFFFFFFFFFFFFFFFFFFFFFFFFFFFFFFFFFFFFFFF58
:20E8E000FFFFFFFFFFFFFFFFFFFFFFFFFFFFFFFFFFFFFFFFFFFFFFFFFFFFFFFFFFFFFFFF38
:20E90000FFFFFFFFFFFFFFFFFFFFFFFFFFFFFFFFFFFFFFFFFFFFFFFFFFFFFFFFFFFFFFFF17
:20E92000FFFFFFFFFFFFFFFFFFFFFFFFFFFFFFFFFFFFFFFFFFFFFFFFFFFFFFFFFFFFFFFFF7
:20E94000FFFFFFFFFFFFFFFFFFFFFFFFFFFFFFFFFFFFFFFFFFFFFFFFFFFFFFFFFFFFFFFFD7
:20E96000FFFFFFFFFFFFFFFFFFFFFFFFFFFFFFFFFFFFFFFFFFFFFFFFFFFFFFFFFFFFFFFFB7
:20E98000FFFFFFFFFFFFFFFFFFFFFFFFFFFFFFFFFFFFFFFFFFFFFFFFFFFFFFFFFFFFFFFF97
:20E9A000FFFFFFFFFFFFFFFFFFFFFFFFFFFFFFFFFFFFFFFFFFFFFFFFFFFFFFFFFFFFFFFF77
:20E9C000FFFFFFFFFFFFFFFFFFFFFFFFFFFFFFFFFFFFFFFFFFFFFFFFFFFFFFFFFFFFFFFF57
:20E9E000FFFFFFFFFFFFFFFFFFFFFFFFFFFFFFFFFFFFFFFFFFFFFFFFFFFFFFFFFFFFFFFF37
:20EA0000FFFFFFFFFFFFFFFFFFFFFFFFFFFFFFFFFFFFFFFFFFFFFFFFFFFFFFFFFFFFFFFF16
:20EA2000FFFFFFFFFFFFFFFFFFFFFFFFFFFFFFFFFFFFFFFFFFFFFFFFFFFFFFFFFFFFFFFFF6
:20EA4000FFFFFFFFFFFFFFFFFFFFFFFFFFFFFFFFFFFFFFFFFFFFFFFFFFFFFFFFFFFFFFFFD6
:20EA6000FFFFFFFFFFFFFFFFFFFFFFFFFFFFFFFFFFFFFFFFFFFFFFFFFFFFFFFFFFFFFFFFB6
:20EA8000FFFFFFFFFFFFFFFFFFFFFFFFFFFFFFFFFFFFFFFFFFFFFFFFFFFFFFFFFFFFFFFF96
:20EAA000FFFFFFFFFFFFFFFFFFFFFFFFFFFFFFFFFFFFFFFFFFFFFFFFFFFFFFFFFFFFFFFF76
:20EAC000FFFFFFFFFFFFFFFFFFFFFFFFFFFFFFFFFFFFFFFFFFFFFFFFFFFFFFFFFFFFFFFF56
:20EAE000FFFFFFFFFFFFFFFFFFFFFFFFFFFFFFFFFFFFFFFFFFFFFFFFFFFFFFFFFFFFFFFF36
:20EB0000FFFFFFFFFFFFFFFFFFFFFFFFFFFFFFFFFFFFFFFFFFFFFFFFFFFFFFFFFFFFFFFF15
:20EB2000FFFFFFFFFFFFFFFFFFFFFFFFFFFFFFFFFFFFFFFFFFFFFFFFFFFFFFFFFFFFFFFFF5
:20EB4000FFFFFFFFFFFFFFFFFFFFFFFFFFFFFFFFFFFFFFFFFFFFFFFFFFFFFFFFFFFFFFFFD5
:20EB6000FFFFFFFFFFFFFFFFFFFFFFFFFFFFFFFFFFFFFFFFFFFFFFFFFFFFFFFFFFFFFFFFB5
:20EB8000FFFFFFFFFFFFFFFFFFFFFFFFFFFFFFFFFFFFFFFFFFFFFFFFFFFFFFFFFFFFFFFF95
:20EBA000FFFFFFFFFFFFFFFFFFFFFFFFFFFFFFFFFFFFFFFFFFFFFFFFFFFFFFFFFFFFFFFF75
:20EBC000FFFFFFFFFFFFFFFFFFFFFFFFFFFFFFFFFFFFFFFFFFFFFFFFFFFFFFFFFFFFFFFF55
:20EBE000FFFFFFFFFFFFFFFFFFFFFFFFFFFFFFFFFFFFFFFFFFFFFFFFFFFFFFFFFFFFFFFF35
:20EC0000FFFFFFFFFFFFFFFFFFFFFFFFFFFFFFFFFFFFFFFFFFFFFFFFFFFFFFFFFFFFFFFF14
:20EC2000FFFFFFFFFFFFFFFFFFFFFFFFFFFFFFFFFFFFFFFFFFFFFFFFFFFFFFFFFFFFFFFFF4
:20EC4000FFFFFFFFFFFFFFFFFFFFFFFFFFFFFFFFFFFFFFFFFFFFFFFFFFFFFFFFFFFFFFFFD4
:20EC6000FFFFFFFFFFFFFFFFFFFFFFFFFFFFFFFFFFFFFFFFFFFFFFFFFFFFFFFFFFFFFFFFB4
:20EC8000FFFFFFFFFFFFFFFFFFFFFFFFFFFFFFFFFFFFFFFFFFFFFFFFFFFFFFFFFFFFFFFF94
:20ECA000FFFFFFFFFFFFFFFFFFFFFFFFFFFFFFFFFFFFFFFFFFFFFFFFFFFFFFFFFFFFFFFF74
:20ECC000FFFFFFFFFFFFFFFFFFFFFFFFFFFFFFFFFFFFFFFFFFFFFFFFFFFFFFFFFFFFFFFF54
:20ECE000FFFFFFFFFFFFFFFFFFFFFFFFFFFFFFFFFFFFFFFFFFFFFFFFFFFFFFFFFFFFFFFF34
:20ED0000FFFFFFFFFFFFFFFFFFFFFFFFFFFFFFFFFFFFFFFFFFFFFFFFFFFFFFFFFFFFFFFF13
:20ED2000FFFFFFFFFFFFFFFFFFFFFFFFFFFFFFFFFFFFFFFFFFFFFFFFFFFFFFFFFFFFFFFFF3
:20ED4000FFFFFFFFFFFFFFFFFFFFFFFFFFFFFFFFFFFFFFFFFFFFFFFFFFFFFFFFFFFFFFFFD3
:20ED6000FFFFFFFFFFFFFFFFFFFFFFFFFFFFFFFFFFFFFFFFFFFFFFFFFFFFFFFFFFFFFFFFB3
:20ED8000FFFFFFFFFFFFFFFFFFFFFFFFFFFFFFFFFFFFFFFFFFFFFFFFFFFFFFFFFFFFFFFF93
:20EDA000FFFFFFFFFFFFFFFFFFFFFFFFFFFFFFFFFFFFFFFFFFFFFFFFFFFFFFFFFFFFFFFF73
:20EDC000FFFFFFFFFFFFFFFFFFFFFFFFFFFFFFFFFFFFFFFFFFFFFFFFFFFFFFFFFFFFFFFF53
:20EDE000FFFFFFFFFFFFFFFFFFFFFFFFFFFFFFFFFFFFFFFFFFFFFFFFFFFFFFFFFFFFFFFF33
:20EE0000FFFFFFFFFFFFFFFFFFFFFFFFFFFFFFFFFFFFFFFFFFFFFFFFFFFFFFFFFFFFFFFF12
:20EE2000FFFFFFFFFFFFFFFFFFFFFFFFFFFFFFFFFFFFFFFFFFFFFFFFFFFFFFFFFFFFFFFFF2
:20EE4000FFFFFFFFFFFFFFFFFFFFFFFFFFFFFFFFFFFFFFFFFFFFFFFFFFFFFFFFFFFFFFFFD2
:20EE6000FFFFFFFFFFFFFFFFFFFFFFFFFFFFFFFFFFFFFFFFFFFFFFFFFFFFFFFFFFFFFFFFB2
:20EE8000FFFFFFFFFFFFFFFFFFFFFFFFFFFFFFFFFFFFFFFFFFFFFFFFFFFFFFFFFFFFFFFF92
:20EEA000FFFFFFFFFFFFFFFFFFFFFFFFFFFFFFFFFFFFFFFFFFFFFFFFFFFFFFFFFFFFFFFF72
:20EEC000FFFFFFFFFFFFFFFFFFFFFFFFFFFFFFFFFFFFFFFFFFFFFFFFFFFFFFFFFFFFFFFF52
:20EEE000FFFFFFFFFFFFFFFFFFFFFFFFFFFFFFFFFFFFFFFFFFFFFFFFFFFFFFFFFFFFFFFF32
:20EF0000FFFFFFFFFFFFFFFFFFFFFFFFFFFFFFFFFFFFFFFFFFFFFFFFFFFFFFFFFFFFFFFF11
:20EF2000FFFFFFFFFFFFFFFFFFFFFFFFFFFFFFFFFFFFFFFFFFFFFFFFFFFFFFFFFFFFFFFFF1
:20EF4000FFFFFFFFFFFFFFFFFFFFFFFFFFFFFFFFFFFFFFFFFFFFFFFFFFFFFFFFFFFFFFFFD1
:20EF6000FFFFFFFFFFFFFFFFFFFFFFFFFFFFFFFFFFFFFFFFFFFFFFFFFFFFFFFFFFFFFFFFB1
:20EF8000FFFFFFFFFFFFFFFFFFFFFFFFFFFFFFFFFFFFFFFFFFFFFFFFFFFFFFFFFFFFFFFF91
:20EFA000FFFFFFFFFFFFFFFFFFFFFFFFFFFFFFFFFFFFFFFFFFFFFFFFFFFFFFFFFFFFFFFF71
:20EFC000FFFFFFFFFFFFFFFFFFFFFFFFFFFFFFFFFFFFFFFFFFFFFFFFFFFFFFFFFFFFFFFF51
:20EFE000FFFFFFFFFFFFFFFFFFFFFFFFFFFFFFFFFFFFFFFFFFFFFFFFFFFFFFFFFFFFFFFF31
:20F00000FFFFFFFFFFFFFFFFFFFFFFFFFFFFFFFFFFFFFFFFFFFFFFFFFFFFFFFFFFFFFFFF10
:20F02000FFFFFFFFFFFFFFFFFFFFFFFFFFFFFFFFFFFFFFFFFFFFFFFFFFFFFFFFFFFFFFFFF0
:20F04000FFFFFFFFFFFFFFFFFFFFFFFFFFFFFFFFFFFFFFFFFFFFFFFFFFFFFFFFFFFFFFFFD0
:20F06000FFFFFFFFFFFFFFFFFFFFFFFFFFFFFFFFFFFFFFFFFFFFFFFFFFFFFFFFFFFFFFFFB0
:20F08000FFFFFFFFFFFFFFFFFFFFFFFFFFFFFFFFFFFFFFFFFFFFFFFFFFFFFFFFFFFFFFFF90
:20F0A000FFFFFFFFFFFFFFFFFFFFFFFFFFFFFFFFFFFFFFFFFFFFFFFFFFFFFFFFFFFFFFFF70
:20F0C000FFFFFFFFFFFFFFFFFFFFFFFFFFFFFFFFFFFFFFFFFFFFFFFFFFFFFFFFFFFFFFFF50
:20F0E000FFFFFFFFFFFFFFFFFFFFFFFFFFFFFFFFFFFFFFFFFFFFFFFFFFFFFFFFFFFFFFFF30
:20F10000FFFFFFFFFFFFFFFFFFFFFFFFFFFFFFFFFFFFFFFFFFFFFFFFFFFFFFFFFFFFFFFF0F
:20F12000FFFFFFFFFFFFFFFFFFFFFFFFFFFFFFFFFFFFFFFFFFFFFFFFFFFFFFFFFFFFFFFFEF
:20F14000FFFFFFFFFFFFFFFFFFFFFFFFFFFFFFFFFFFFFFFFFFFFFFFFFFFFFFFFFFFFFFFFCF
:20F16000FFFFFFFFFFFFFFFFFFFFFFFFFFFFFFFFFFFFFFFFFFFFFFFFFFFFFFFFFFFFFFFFAF
:20F18000FFFFFFFFFFFFFFFFFFFFFFFFFFFFFFFFFFFFFFFFFFFFFFFFFFFFFFFFFFFFFFFF8F
:20F1A000FFFFFFFFFFFFFFFFFFFFFFFFFFFFFFFFFFFFFFFFFFFFFFFFFFFFFFFFFFFFFFFF6F
:20F1C000FFFFFFFFFFFFFFFFFFFFFFFFFFFFFFFFFFFFFFFFFFFFFFFFFFFFFFFFFFFFFFFF4F
:20F1E000FFFFFFFFFFFFFFFFFFFFFFFFFFFFFFFFFFFFFFFFFFFFFFFFFFFFFFFFFFFFFFFF2F
:20F20000FFFFFFFFFFFFFFFFFFFFFFFFFFFFFFFFFFFFFFFFFFFFFFFFFFFFFFFFFFFFFFFF0E
:20F22000FFFFFFFFFFFFFFFFFFFFFFFFFFFFFFFFFFFFFFFFFFFFFFFFFFFFFFFFFFFFFFFFEE
:20F24000FFFFFFFFFFFFFFFFFFFFFFFFFFFFFFFFFFFFFFFFFFFFFFFFFFFFFFFFFFFFFFFFCE
:20F26000FFFFFFFFFFFFFFFFFFFFFFFFFFFFFFFFFFFFFFFFFFFFFFFFFFFFFFFFFFFFFFFFAE
:20F28000FFFFFFFFFFFFFFFFFFFFFFFFFFFFFFFFFFFFFFFFFFFFFFFFFFFFFFFFFFFFFFFF8E
:20F2A000FFFFFFFFFFFFFFFFFFFFFFFFFFFFFFFFFFFFFFFFFFFFFFFFFFFFFFFFFFFFFFFF6E
:20F2C000FFFFFFFFFFFFFFFFFFFFFFFFFFFFFFFFFFFFFFFFFFFFFFFFFFFFFFFFFFFFFFFF4E
:20F2E000FFFFFFFFFFFFFFFFFFFFFFFFFFFFFFFFFFFFFFFFFFFFFFFFFFFFFFFFFFFFFFFF2E
:20F30000FFFFFFFFFFFFFFFFFFFFFFFFFFFFFFFFFFFFFFFFFFFFFFFFFFFFFFFFFFFFFFFF0D
:20F32000FFFFFFFFFFFFFFFFFFFFFFFFFFFFFFFFFFFFFFFFFFFFFFFFFFFFFFFFFFFFFFFFED
:20F34000FFFFFFFFFFFFFFFFFFFFFFFFFFFFFFFFFFFFFFFFFFFFFFFFFFFFFFFFFFFFFFFFCD
:20F36000FFFFFFFFFFFFFFFFFFFFFFFFFFFFFFFFFFFFFFFFFFFFFFFFFFFFFFFFFFFFFFFFAD
:20F38000FFFFFFFFFFFFFFFFFFFFFFFFFFFFFFFFFFFFFFFFFFFFFFFFFFFFFFFFFFFFFFFF8D
:20F3A000FFFFFFFFFFFFFFFFFFFFFFFFFFFFFFFFFFFFFFFFFFFFFFFFFFFFFFFFFFFFFFFF6D
:20F3C000FFFFFFFFFFFFFFFFFFFFFFFFFFFFFFFFFFFFFFFFFFFFFFFFFFFFFFFFFFFFFFFF4D
:20F3E000FFFFFFFFFFFFFFFFFFFFFFFFFFFFFFFFFFFFFFFFFFFFFFFFFFFFFFFFFFFFFFFF2D
:20F40000FFFFFFFFFFFFFFFFFFFFFFFFFFFFFFFFFFFFFFFFFFFFFFFFFFFFFFFFFFFFFFFF0C
:20F42000FFFFFFFFFFFFFFFFFFFFFFFFFFFFFFFFFFFFFFFFFFFFFFFFFFFFFFFFFFFFFFFFEC
:20F44000FFFFFFFFFFFFFFFFFFFFFFFFFFFFFFFFFFFFFFFFFFFFFFFFFFFFFFFFFFFFFFFFCC
:20F46000FFFFFFFFFFFFFFFFFFFFFFFFFFFFFFFFFFFFFFFFFFFFFFFFFFFFFFFFFFFFFFFFAC
:20F48000FFFFFFFFFFFFFFFFFFFFFFFFFFFFFFFFFFFFFFFFFFFFFFFFFFFFFFFFFFFFFFFF8C
:20F4A000FFFFFFFFFFFFFFFFFFFFFFFFFFFFFFFFFFFFFFFFFFFFFFFFFFFFFFFFFFFFFFFF6C
:20F4C000FFFFFFFFFFFFFFFFFFFFFFFFFFFFFFFFFFFFFFFFFFFFFFFFFFFFFFFFFFFFFFFF4C
:20F4E000FFFFFFFFFFFFFFFFFFFFFFFFFFFFFFFFFFFFFFFFFFFFFFFFFFFFFFFFFFFFFFFF2C
:20F50000FFFFFFFFFFFFFFFFFFFFFFFFFFFFFFFFFFFFFFFFFFFFFFFFFFFFFFFFFFFFFFFF0B
:20F52000FFFFFFFFFFFFFFFFFFFFFFFFFFFFFFFFFFFFFFFFFFFFFFFFFFFFFFFFFFFFFFFFEB
:20F54000FFFFFFFFFFFFFFFFFFFFFFFFFFFFFFFFFFFFFFFFFFFFFFFFFFFFFFFFFFFFFFFFCB
:20F56000FFFFFFFFFFFFFFFFFFFFFFFFFFFFFFFFFFFFFFFFFFFFFFFFFFFFFFFFFFFFFFFFAB
:20F58000FFFFFFFFFFFFFFFFFFFFFFFFFFFFFFFFFFFFFFFFFFFFFFFFFFFFFFFFFFFFFFFF8B
:20F5A000FFFFFFFFFFFFFFFFFFFFFFFFFFFFFFFFFFFFFFFFFFFFFFFFFFFFFFFFFFFFFFFF6B
:20F5C000FFFFFFFFFFFFFFFFFFFFFFFFFFFFFFFFFFFFFFFFFFFFFFFFFFFFFFFFFFFFFFFF4B
:20F5E000FFFFFFFFFFFFFFFFFFFFFFFFFFFFFFFFFFFFFFFFFFFFFFFFFFFFFFFFFFFFFFFF2B
:20F60000FFFFFFFFFFFFFFFFFFFFFFFFFFFFFFFFFFFFFFFFFFFFFFFFFFFFFFFFFFFFFFFF0A
:20F62000FFFFFFFFFFFFFFFFFFFFFFFFFFFFFFFFFFFFFFFFFFFFFFFFFFFFFFFFFFFFFFFFEA
:20F64000FFFFFFFFFFFFFFFFFFFFFFFFFFFFFFFFFFFFFFFFFFFFFFFFFFFFFFFFFFFFFFFFCA
:20F66000FFFFFFFFFFFFFFFFFFFFFFFFFFFFFFFFFFFFFFFFFFFFFFFFFFFFFFFFFFFFFFFFAA
:20F68000FFFFFFFFFFFFFFFFFFFFFFFFFFFFFFFFFFFFFFFFFFFFFFFFFFFFFFFFFFFFFFFF8A
:20F6A000FFFFFFFFFFFFFFFFFFFFFFFFFFFFFFFFFFFFFFFFFFFFFFFFFFFFFFFFFFFFFFFF6A
:20F6C000FFFFFFFFFFFFFFFFFFFFFFFFFFFFFFFFFFFFFFFFFFFFFFFFFFFFFFFFFFFFFFFF4A
:20F6E000FFFFFFFFFFFFFFFFFFFFFFFFFFFFFFFFFFFFFFFFFFFFFFFFFFFFFFFFFFFFFFFF2A
:20F70000FFFFFFFFFFFFFFFFFFFFFFFFFFFFFFFFFFFFFFFFFFFFFFFFFFFFFFFFFFFFFFFF09
:20F72000FFFFFFFFFFFFFFFFFFFFFFFFFFFFFFFFFFFFFFFFFFFFFFFFFFFFFFFFFFFFFFFFE9
:20F74000FFFFFFFFFFFFFFFFFFFFFFFFFFFFFFFFFFFFFFFFFFFFFFFFFFFFFFFFFFFFFFFFC9
:20F76000FFFFFFFFFFFFFFFFFFFFFFFFFFFFFFFFFFFFFFFFFFFFFFFFFFFFFFFFFFFFFFFFA9
:20F78000FFFFFFFFFFFFFFFFFFFFFFFFFFFFFFFFFFFFFFFFFFFFFFFFFFFFFFFFFFFFFFFF89
:20F7A000FFFFFFFFFFFFFFFFFFFFFFFFFFFFFFFFFFFFFFFFFFFFFFFFFFFFFFFFFFFFFFFF69
:20F7C000FFFFFFFFFFFFFFFFFFFFFFFFFFFFFFFFFFFFFFFFFFFFFFFFFFFFFFFFFFFFFFFF49
:20F7E000FFFFFFFFFFFFFFFFFFFFFFFFFFFFFFFFFFFFFFFFFFFFFFFFFFFFFFFFFFFFFFFF29
:20F80000FFFFFFFFFFFFFFFFFFFFFFFFFFFFFFFFFFFFFFFFFFFFFFFFFFFFFFFFFFFFFFFF08
:20F82000FFFFFFFFFFFFFFFFFFFFFFFFFFFFFFFFFFFFFFFFFFFFFFFFFFFFFFFFFFFFFFFFE8
:20F84000FFFFFFFFFFFFFFFFFFFFFFFFFFFFFFFFFFFFFFFFFFFFFFFFFFFFFFFFFFFFFFFFC8
:20F86000FFFFFFFFFFFFFFFFFFFFFFFFFFFFFFFFFFFFFFFFFFFFFFFFFFFFFFFFFFFFFFFFA8
:20F88000FFFFFFFFFFFFFFFFFFFFFFFFFFFFFFFFFFFFFFFFFFFFFFFFFFFFFFFFFFFFFFFF88
:20F8A000FFFFFFFFFFFFFFFFFFFFFFFFFFFFFFFFFFFFFFFFFFFFFFFFFFFFFFFFFFFFFFFF68
:20F8C000FFFFFFFFFFFFFFFFFFFFFFFFFFFFFFFFFFFFFFFFFFFFFFFFFFFFFFFFFFFFFFFF48
:20F8E000FFFFFFFFFFFFFFFFFFFFFFFFFFFFFFFFFFFFFFFFFFFFFFFFFFFFFFFFFFFFFFFF28
:20F90000FFFFFFFFFFFFFFFFFFFFFFFFFFFFFFFFFFFFFFFFFFFFFFFFFFFFFFFFFFFFFFFF07
:20F92000FFFFFFFFFFFFFFFFFFFFFFFFFFFFFFFFFFFFFFFFFFFFFFFFFFFFFFFFFFFFFFFFE7
:20F94000FFFFFFFFFFFFFFFFFFFFFFFFFFFFFFFFFFFFFFFFFFFFFFFFFFFFFFFFFFFFFFFFC7
:20F96000FFFFFFFFFFFFFFFFFFFFFFFFFFFFFFFFFFFFFFFFFFFFFFFFFFFFFFFFFFFFFFFFA7
:20F98000FFFFFFFFFFFFFFFFFFFFFFFFFFFFFFFFFFFFFFFFFFFFFFFFFFFFFFFFFFFFFFFF87
:20F9A000FFFFFFFFFFFFFFFFFFFFFFFFFFFFFFFFFFFFFFFFFFFFFFFFFFFFFFFFFFFFFFFF67
:20F9C000FFFFFFFFFFFFFFFFFFFFFFFFFFFFFFFFFFFFFFFFFFFFFFFFFFFFFFFFFFFFFFFF47
:20F9E000FFFFFFFFFFFFFFFFFFFFFFFFFFFFFFFFFFFFFFFFFFFFFFFFFFFFFFFFFFFFFFFF27
:20FA0000FFFFFFFFFFFFFFFFFFFFFFFFFFFFFFFFFFFFFFFFFFFFFFFFFFFFFFFFFFFFFFFF06
:20FA2000FFFFFFFFFFFFFFFFFFFFFFFFFFFFFFFFFFFFFFFFFFFFFFFFFFFFFFFFFFFFFFFFE6
:20FA4000FFFFFFFFFFFFFFFFFFFFFFFFFFFFFFFFFFFFFFFFFFFFFFFFFFFFFFFFFFFFFFFFC6
:20FA6000FFFFFFFFFFFFFFFFFFFFFFFFFFFFFFFFFFFFFFFFFFFFFFFFFFFFFFFFFFFFFFFFA6
:20FA8000FFFFFFFFFFFFFFFFFFFFFFFFFFFFFFFFFFFFFFFFFFFFFFFFFFFFFFFFFFFFFFFF86
:20FAA000FFFFFFFFFFFFFFFFFFFFFFFFFFFFFFFFFFFFFFFFFFFFFFFFFFFFFFFFFFFFFFFF66
:20FAC000FFFFFFFFFFFFFFFFFFFFFFFFFFFFFFFFFFFFFFFFFFFFFFFFFFFFFFFFFFFFFFFF46
:20FAE000FFFFFFFFFFFFFFFFFFFFFFFFFFFFFFFFFFFFFFFFFFFFFFFFFFFFFFFFFFFFFFFF26
:20FB0000FFFFFFFFFFFFFFFFFFFFFFFFFFFFFFFFFFFFFFFFFFFFFFFFFFFFFFFFFFFFFFFF05
:20FB2000FFFFFFFFFFFFFFFFFFFFFFFFFFFFFFFFFFFFFFFFFFFFFFFFFFFFFFFFFFFFFFFFE5
:20FB4000FFFFFFFFFFFFFFFFFFFFFFFFFFFFFFFFFFFFFFFFFFFFFFFFFFFFFFFFFFFFFFFFC5
:20FB6000FFFFFFFFFFFFFFFFFFFFFFFFFFFFFFFFFFFFFFFFFFFFFFFFFFFFFFFFFFFFFFFFA5
:20FB8000FFFFFFFFFFFFFFFFFFFFFFFFFFFFFFFFFFFFFFFFFFFFFFFFFFFFFFFFFFFFFFFF85
:20FBA000FFFFFFFFFFFFFFFFFFFFFFFFFFFFFFFFFFFFFFFFFFFFFFFFFFFFFFFFFFFFFFFF65
:20FBC000FFFFFFFFFFFFFFFFFFFFFFFFFFFFFFFFFFFFFFFFFFFFFFFFFFFFFFFFFFFFFFFF45
:20FBE000FFFFFFFFFFFFFFFFFFFFFFFFFFFFFFFFFFFFFFFFFFFFFFFFFFFFFFFFFFFFFFFF25
:20FC0000FFFFFFFFFFFFFFFFFFFFFFFFFFFFFFFFFFFFFFFFFFFFFFFFFFFFFFFFFFFFFFFF04
:20FC2000FFFFFFFFFFFFFFFFFFFFFFFFFFFFFFFFFFFFFFFFFFFFFFFFFFFFFFFFFFFFFFFFE4
:20FC4000FFFFFFFFFFFFFFFFFFFFFFFFFFFFFFFFFFFFFFFFFFFFFFFFFFFFFFFFFFFFFFFFC4
:20FC6000FFFFFFFFFFFFFFFFFFFFFFFFFFFFFFFFFFFFFFFFFFFFFFFFFFFFFFFFFFFFFFFFA4
:20FC8000FFFFFFFFFFFFFFFFFFFFFFFFFFFFFFFFFFFFFFFFFFFFFFFFFFFFFFFFFFFFFFFF84
:20FCA000FFFFFFFFFFFFFFFFFFFFFFFFFFFFFFFFFFFFFFFFFFFFFFFFFFFFFFFFFFFFFFFF64
:20FCC000FFFFFFFFFFFFFFFFFFFFFFFFFFFFFFFFFFFFFFFFFFFFFFFFFFFFFFFFFFFFFFFF44
:20FCE000FFFFFFFFFFFFFFFFFFFFFFFFFFFFFFFFFFFFFFFFFFFFFFFFFFFFFFFFFFFFFFFF24
:20FD0000FFFFFFFFFFFFFFFFFFFFFFFFFFFFFFFFFFFFFFFFFFFFFFFFFFFFFFFFFFFFFFFF03
:20FD2000FFFFFFFFFFFFFFFFFFFFFFFFFFFFFFFFFFFFFFFFFFFFFFFFFFFFFFFFFFFFFFFFE3
:20FD4000FFFFFFFFFFFFFFFFFFFFFFFFFFFFFFFFFFFFFFFFFFFFFFFFFFFFFFFFFFFFFFFFC3
:20FD6000FFFFFFFFFFFFFFFFFFFFFFFFFFFFFFFFFFFFFFFFFFFFFFFFFFFFFFFFFFFFFFFFA3
:20FD8000FFFFFFFFFFFFFFFFFFFFFFFFFFFFFFFFFFFFFFFFFFFFFFFFFFFFFFFFFFFFFFFF83
:20FDA000FFFFFFFFFFFFFFFFFFFFFFFFFFFFFFFFFFFFFFFFFFFFFFFFFFFFFFFFFFFFFFFF63
:20FDC000FFFFFFFFFFFFFFFFFFFFFFFFFFFFFFFFFFFFFFFFFFFFFFFFFFFFFFFFFFFFFFFF43
:20FDE000FFFFFFFFFFFFFFFFFFFFFFFFFFFFFFFFFFFFFFFFFFFFFFFFFFFFFFFFFFFFFFFF23
:20FE0000FFFFFFFFFFFFFFFFFFFFFFFFFFFFFFFFFFFFFFFFFFFFFFFFFFFFFFFFFFFFFFFF02
:20FE2000FFFFFFFFFFFFFFFFFFFFFFFFFFFFFFFFFFFFFFFFFFFFFFFFFFFFFFFFFFFFFFFFE2
:20FE4000FFFFFFFFFFFFFFFFFFFFFFFFFFFFFFFFFFFFFFFFFFFFFFFFFFFFFFFFFFFFFFFFC2
:20FE6000FFFFFFFFFFFFFFFFFFFFFFFFFFFFFFFFFFFFFFFFFFFFFFFFFFFFFFFFFFFFFFFFA2
:20FE8000FFFFFFFFFFFFFFFFFFFFFFFFFFFFFFFFFFFFFFFFFFFFFFFFFFFFFFFFFFFFFFFF82
:20FEA000FFFFFFFFFFFFFFFFFFFFFFFFFFFFFFFFFFFFFFFFFFFFFFFFFFFFFFFFFFFFFFFF62
:20FEC000FFFFFFFFFFFFFFFFFFFFFFFFFFFFFFFFFFFFFFFFFFFFFFFFFFFFFFFFFFFFFFFF42
:20FEE000FFFFFFFFFFFFFFFFFFFFFFFFFFFFFFFFFFFFFFFFFFFFFFFFFFFFFFFFFFFFFFFF22
:20FF0000FFFFFFFFFFFFFFFFFFFFFFFFFFFFFFFFFFFFFFFFFFFFFFFFFFFFFFFFFFFFFFFF01
:20FF2000FFFFFFFFFFFFFFFFFFFFFFFFFFFFFFFFFFFFFFFFFFFFFFFFFFFFFFFFFFFFFFFFE1
:20FF4000FFFFFFFFFFFFFFFFFFFFFFFFFFFFFFFFFFFFFFFFFFFFFFFFFFFFFFFFFFFFFFFFC1
:20FF6000FFFFFFFFFFFFFFFFFFFFFFFFFFFFFFFFFFFFFFFFFFFFFFFFFFFFFFFFFFFFFFFFA1
:20FF8000FFFFFFFFFFFFFFFFFFFFFFFFFFFFFFFFFFFFFFFFFFFFFFFFFFFFFFFFFFFFFFFF81
:20FFA000FFFFFFFFFFFFFFFFFFFFFFFFFFFFFFFFFFFFFFFFFFFFFFFFFFFFFFFFFFFFFFFF61
:20FFC000FFFFFFFFFFFFFFFFFFFFFFFFFFFFFFFF5A52523930304648594C434400000000E0
:20FFE00000000000000000000000000000000000FFFFFFFFFFFFFFFFFFFFFFFF3827396D08
:00000001FF
