:020000040800F2
:2000000008100020311900084D1900085119000855190008591900085D1900080000000008
:20002000000000000000000000000000611900086519000800000000691900086D190008A0
:200040009B0C00089D0C00089F0C0008A10C0008A30C0008A50C0008A70C0008A90C0008F0
:20006000AB0C0008AD0C0008AF0C0008B10C0008B30C0008B50C0008B70C0008B90C000850
:20008000BB0C0008BD0C0008BF0C00087119000875190008791900087D190008C10C0008B8
:2000A000811900088519000889190008C30C0008C50C0008C70C0008C90C0008CB0C000807
:2000C000CD0C0008CF0C0008D10C0008D30C00088D190008D50C0008D70C0008D90C000821
:2000E000DB0C0008DD0C0008DF0C0008911900089519000899190008E10C0008E30C00081F
:200100009D190008E50C0008E70C0008A1190008E90C0008EB0C0008A5190008A9190008DF
:20012000ED0C0008EF0C0008F10C0008F30C0008AD190008B1190008B5190008B91900085F
:2001400000000000000000000000000000000000BD190008C1190008C5190008C91900080F
:20016000CD190008D1190008D5190008D9190008DD190008E1190008E519000810B50400E0
:20018000DFF8F005844208D10121042000F039FB0021042000F035FB32E0DFF8DC05844295
:2001A00008D10121082000F02CFB0021082000F028FB25E0DFF8C405844208D10121102013
:2001C00000F01FFB0021102000F01BFB18E0DFF8B005844208D10121202000F012FB00211B
:2001E000202000F00EFB0BE0DFF89805844207D10121402000F005FB0021402000F001FBEA
:2002000010BDF0B500270022002300240025002691F803C01CF00F0C674691F803C05FEADC
:20022000CC6C03D591F802C05CEA070791F800C05FEA0C6C3AD0D0F800C065465FF0000C6D
:200240006346082B31D25FF0010C1CFA03FC6446B1F800C014EA0C0C6246A24223D15FEA5C
:20026000830C64465FF00F0C1CFA04FC6646B54317FA04FC5CEA050591F803C0BCF1280F90
:2002800006D15FF0010C1CFA03FCC0F814C00AE091F803C0BCF1480F05D15FF0010C1CFA08
:2002A00003FCC0F810C05B1CCBE70560B1F800C0BCF1FF0F3FDDD0F804C065465FF0000C57
:2002C0006346082B36D25FF0010C13F1080E1CFA0EFC6446B1F800C014EA0C0C6246A242EF
:2002E00026D15FEA830C64465FF00F0C1CFA04FC6646B54317FA04FC5CEA050591F803C0B4
:20030000BCF1280F07D15FF0010C13F1080E1CFA0EFCC0F814C091F803C0BCF1480F07D1D7
:200320005FF0010C13F1080E1CFA0EFCC0F810C05B1CC6E74560F0BD89B20161704789B29A
:2003400041617047F0B4B0F1004F40F29A800023002420F000473E00F7093B0016F07F06C2
:2003600037093C0016F00F06052B06D02700FFB2BF0016FA07F73A0005E06708FFB2BF003D
:2003800016FA07F73A00002B08D0022B0ED009D3042B13D00ED3052B14D017E0DFF8E873FB
:2003A0003D0013E0DFF8E4733D000FE0DFF8E0733D000BE0DFF8DC733D0007E0DFF8D873F5
:2003C0003D0003E0DFF8D4733D00FFE7002C0BD1052B04D12F68BF08BF002F6049E02F6843
:2003E0003F093F012F6044E0012C0BD1052B04D12F6837F00C072F603BE02F6837F0F00784
:200400002F6036E0022C0BD1052B04D12F6837F030072F602DE02F6837F470672F6028E067
:20042000032C0BD1052B04D12F6837F0C0072F601FE02F6837F470472F601AE0042C04D192
:200440002F6837F470272F6013E0052C04D12F6837F470072F600CE0062C04D12F6837F042
:2004600070672F6005E0072C03D12F6827F070472F60C9B2012940F07B812F683A432A60C7
:2004800076E10200012A63D0022A53D0042A51D0082A4FD0102A7BD0302A00F08980402A74
:2004A00000F09680C02A00F0A380B2F5807F00F0AF80B2F5007F00F0BB80B2F5407F00F0CD
:2004C000C780B2F5006F00F0D380B2F5406F00F0DF80B2F5805F2DD0B2F5804F00F0E88086
:2004E000B2F5C04F00F0F480B2F5004F22D0B2F5803F1FD0B2F5003F1CD0B2F5802F19D094
:20050000B2F5002F16D0B2F5801F13D0B2F5001F00F01E81B2F1807F00F0EA80B2F1007F83
:2005200000F0F680B2F1806F00F00281B2F1004F1ED01DE19A4A12688243994B1A60C9B276
:20054000012904D1964A12680243954B1A600FE1934A1268934B1A40914B1A60C9B2012929
:2005600005D18F4A126852F001028D4B1A60FFE08B4A12688B4B1A40894B1A60C9B201296A
:2005800005D1874A126852F00042854B1A60EFE0834A126832F03002814B1A60C9B2012917
:2005A00005D17F4A126852F010027D4B1A60DFE07B4A126832F03002794B1A60C9B2012957
:2005C00005D1774A126852F03002754B1A60CFE0734A126832F0C002714B1A60C9B20129B7
:2005E00005D16F4A126852F040026D4B1A60BFE06B4A126832F0C002694B1A60C9B20129B7
:2006000005D1674A126852F0C002654B1A60AFE0634A126832F44072614B1A60C9B2012952
:2006200005D15F4A126852F480725D4B1A609FE05B4A126832F44072594B1A60C9B201292E
:2006400005D1574A126852F40072554B1A608FE0534A126832F44072514B1A60C9B20129BE
:2006600005D14F4A126852F440724D4B1A607FE04B4A126832F44062494B1A60C9B201299E
:2006800005D1474A126852F40062454B1A606FE0434A126832F44062414B1A60C9B20129FE
:2006A00005D13F4A126852F440623D4B1A605FE03B4A126832F4C042394B1A60C9B201296E
:2006C00005D1374A126852F48042354B1A604FE0334A126832F4C042314B1A60C9B201295E
:2006E00005D12F4A126852F4C0422D4B1A603FE02B4A126832F0E062294B1A60C9B20129F2
:2007000005D1274A126852F08072254B1A602FE0234A126832F0E062214B1A60C9B2012915
:2007200005D11F4A126852F000721D4B1A601FE01B4A126832F0E062194B1A60C9B20129A5
:2007400005D1174A126852F08062154B1A600FE0134A126832F40012114B1A60C9B2012971
:2007600005D10F4A126852F400120D4B1A60FFE7F0BC704700080140000C01400010014076
:2007800000140140001801402000014024000140280001402C000140300001403400014029
:2007A00004000140FEFFFF7FC9B2002905D01C4A126802431A4B1A6004E0194A1268824376
:2007C000174B1A607047C9B2002905D0154A12680243144B1A6004E0124A12688243114B3B
:2007E0001A607047C9B2002905D00F4A126802430D4B1A6004E00C4A126882430A4B1A601D
:200800007047C9B2002905D0084A12680243074B1A6004E0054A12688243044B1A607047D9
:2008200014100240181002401C1002400C10024082B000210191019981420CD2002100914A
:200840000099142903D20099491C0091F8E70199491C0191EFE702B0704700B587B04FF480
:200860008050ADF8000010208DF8030002208DF802006946DFF8E802FFF7C3FC4FF4805169
:20088000DFF8DC02FFF758FD4FF46040ADF8000002208DF8020018208DF803006946DFF8E1
:2008A000C002FFF7AEFC0020ADF804004FF48270ADF806000020ADF808000020ADF80A0091
:2008C0000020ADF80C004FF40070ADF80E000020ADF810000020ADF812000720ADF8140055
:2008E00001A9DFF8800200F08BF90121DFF8740200F0B5F907B000BD10B504000221DFF83D
:20090000640200F0BEF90028F8D0E4B2210089B2DFF8500200F0B1F90121DFF8480200F0F2
:20092000B0F90028F8D00520FFF782FFDFF8340200F0A5F9C0B210BD70B504000D0016005C
:200940004FF48050884908600B20FFF7D5FF280CC0B2FFF7D1FF280AC0B2FFF7CDFF28005C
:20096000C0B2FFF7C9FFA520FFF7C6FF3000461E80B2002805D0A520FFF7BEFF2070641C7C
:20098000F4E74FF480507949086070BD10B504004FF48050744908600620FFF7ADFF4FF406
:2009A0008050724908604FF480506F4908602020FFF7A2FF200CC0B2FFF79EFF200AC0B26D
:2009C000FFF79AFF2000C0B2FFF796FF4FF480506649086000F002F8002010BD80B5002015
:2009E0008DF800004FF480505F4908600520FFF783FFA520FFF780FF8DF8000000F016FBF2
:200A00009DF80000C007F4D44FF480505749086001BD2DE9F04704000D001600002081467E
:200A2000280642D0D5F5807000F0FF0080463000414680B289B2884203D2B2460120814664
:200A400000E0C2464FF48050474908600620FFF753FF4FF480504549086000F0E7FA4FF418
:200A60008050414908600220FFF746FF280CC0B2FFF742FF280AC0B2FFF73EFF2800C0B209
:200A8000FFF73AFF5046B0F1010A80B2002806D02078FFF731FF641C761E6D1CF2E74FF43E
:200AA000805032490860FFF799FF1FFA89F9B9F1000F52D1300080B2000A8046300601D045
:200AC00018F10108002007003800414680B289B2884242D2280502D12800FFF757FFB6B2F7
:200AE000B6F5807F03DD4FF48070824600E0B2464FF480501C4908600620FFF7FDFE4FF45F
:200B000080501A49086000F091FA4FF48050164908600220FFF7F0FE280CC0B2FFF7ECFE59
:200B2000280AC0B2FFF7E8FE2800C0B2FFF7E4FE5046B0F1010A80B2002806D02078FFF7C3
:200B4000DBFE641C761E6D1CF2E74FF4805007490860FFF743FF7F1CB6E7BDE8F0870000EF
:200B6000000C014000380040140C0140100C014010B5C2B00400200501D001203EE0200062
:200B8000FFF704FF002000900098FF2807D80098009901AA11540098401C0090F4E74FF42B
:200BA0008072210001A8FFF734FF002000900098FF2807D8002001A9009A88540098401CCE
:200BC0000090F4E74FF48072210001A8FFF7B4FE002000900098FF2809D8009801A9085C0D
:200BE0000099884203D10098401C0090F2E70098B0F5807F01D1002000E0012042B010BD73
:200C000010B4002203881A0012F441528B891B0404D5838853F48073838004E083884FF628
:200C2000FF64234083800B884C8823438C882343CC8823430C8923434C8923438C89640437
:200C4000640C2343CC8923431A430280838B4FF2FF74234083830B8A038210BC7047C9B2E1
:200C6000002904D0028852F04002028004E002884FF6BF731A4002807047818170478089AD
:200C800070470200002013890B4202D00123180001E000231800C0B270477047704770471A
:200CA0007047704770477047704770477047704770477047704770477047704770477047C4
:200CC0007047704770477047704770477047704770477047704770477047704770477047A4
:200CE00070477047704770477047704770477047704770472DE9F04782B004000D00260018
:200D0000AF0801214020FFF74FFD00F093F900208046B84528D216F828008DF8000006EB53
:200D2000880040788DF8010006EB880080788DF8020006EB8800C0788DF803009DF8000027
:200D40009DF80110090451EA00609DF8021050EA01209DF8031008438146484600F06EF9A4
:200D6000824618F10108D4E700214020FFF71CFD5046BDE8F68710B582B004000020ADF8D6
:200D80000000BDF80000210089B2884209D24FF47A7000F007F8BDF80000401CADF80000CB
:200DA000EFE713BD81B00021ADF80210BDF80210020092B2914212D200218DF800109DF875
:200DC0000010152905DA9DF80010491C8DF80010F5E7BDF80210491CADF80210E6E701B00A
:200DE000704780B5AB206949088064206749488055206649888000206449C88000206349F9
:200E0000088100206149488100206049888200205E49C86000205D49086100F05CF801BDC3
:200E20002DE9F041B4B000275848804658480500584800880600320092B2290001A8FFF769
:200E40007BFD9DF80400AB2803D0FFF7CAFF00203EE0B11E89B201A800F0A0F8040020007F
:200E600001A9B6B2314411F8021CC0B288420AD1200080B2000A01A9B6B2314411F8011CA4
:200E8000C0B2884201D001200700FFB2002F1DD100208DF800009DF80000310080B289B277
:200EA00088420DD201A89DF80010405C88F8000018F101089DF80000401C8DF80000EAE7C6
:200EC0003548324991EC060B80EC060B3800C0B234B0BDE8F0812DE9F043B3B000242B4828
:200EE00005002B4807002B4800888046B8F1020189B2280000F052F881461FFA88F805EB19
:200F0000080000F8029C484680B2000A1FFA88F805EB080101F8010C424692B239002800A4
:200F2000FFF777FD424692B239006846FFF704FDB8F1020189B2684600F030F806003000BA
:200F400069461FFA88F8414411F8021CC0B288420BD1300080B2000A69461FFA88F841444C
:200F600011F8011CC0B2884201D001200400E4B2002C05D10848054991EC060B80EC060BD8
:200F80002000C0B233B0BDE8F08300002018002000D077000000002008180020F8B5040014
:200FA0000D000027002006003000290080B289B288420BD23A0092B24AF20101B6B2A05D49
:200FC00080B200F006F80700761CEDE7380080B2F2BD10B4030010005B0000242200D2B26F
:200FE000082A0FDA9BB25B089BB280B290EA0304E40703D580B291EA500001E080B240080B
:20100000521CECE780B210BC704780B545F2555000F01EF8042000F01FF84FF4487000F0AD
:201020001FF800F021F800F024F801BD80B500F01BF801BD012004490860704701000348F7
:201040000160024800687047083002400030024080B20A4908607047C0B209490860704753
:2010600080B20849086070474AF6AA200349086070474CF6CC400149086070470030004032
:201080000430004008300040DFF82802DFF828120860DFF82802DFF820120860704738B5D4
:2010A00004000425B4F1046F2BD35FF0FF3000F0EAF80500EDB2042D20D1DFF8080200688E
:2010C00050F00200DFF8FC110860DFF8FC010460DFF8F001006850F04000DFF8E811086062
:2010E0005FF0FF3000F0CFF80500DFF8D801006841F6FD710840DFF8CC1108602800C0B2FB
:201100002AE05FF0805000F0A7F80500EDB2042D20D1DFF8AC01006850F00200DFF8A0119B
:201120000860DFF8A8010460DFF89401006850F04000DFF88C1108605FF0805000F08CF8A0
:201140000500DFF87C01006841F6FD710840DFF8701108602800C0B232BD70B504000D0062
:201160000426B4F1046F21D35FF4002000F08BF80600F6B2042E16D1DFF84801006850F0C4
:201180000100DFF84011086025805FF4002000F07AF80600DFF82C01006841F6FE710840E4
:2011A000DFF8201108603000C0B220E04FF4704000F052F80600F6B2042E16D1DFF8000151
:2011C000006850F00100DFF8F810086025804FF4704000F041F80600DFF8E400006841F6FE
:2011E000FE710840DFF8D81008603000C0B270BD042038490968C90702D5012108000FE06C
:2012000034490968490702D50221080008E031490968C90602D50321080001E004210800DB
:20122000C0B2704704202A490968C90702D5012108000FE026490968490702D5022108008B
:2012400008E023490968C90602D50321080001E004210800C0B2704738B504000425FFF7B0
:20126000C7FF0500EDB2012D06D1002C04D0FFF7BFFF0500641EF5E7002C01D105200500C0
:201280002800C0B232BD38B504000425FFF7CAFF0500EDB2012D06D1002C04D0FFF7C2FF8C
:2012A0000500641EF5E7002C01D1052005002800C0B232BD2301674504200240AB89EFCDF4
:2012C000102002409020024094200240142002408C2002400C20024038B5644800680400DD
:2012E00063482040B0F1005F08D162480068040025005E48006880F30888A84731BD2DE9CB
:20130000F84304000D001700FFF7BEFE600502D12000FFF7C4FEFFF789FEBFB2781C4710CF
:20132000002006003000390080B289B2884217D25FF00208E94642462900484600F09EF8B1
:20134000BDF800102000FFF708FF2088BDF80010884201D0012004E0AD1CA41C761CE1E7BB
:201360000020BDE8F2832DE9F04104005FF00308E00A060000200500B5422BD24FF40062E0
:201380004FF4006000FB05F010F5F0013A48FFF7D3FA002080465FFA88F8B8F1030F10DA1B
:2013A000FFF744FE4FF4006233494FF400602F4B00FB0530FFF7A3FF002802D018F10108E3
:2013C000E9E75FFA88F8B8F1030F01D100204AE06D1CD1E76005400D0600600529D0320004
:2013E00092B24FF4006000FB05F010F5F0012248FFF7A2FA002080465FFA88F8B8F1030FAA
:2014000010DAFFF713FE320092B21B494FF40060164B00FB0530FFF772FF002802D018F163
:201420000108E9E75FFA88F8B8F1030F01D1002019E00020070000200500A54211D23A0004
:2014400092B24AF2010105F1006010F580400078C0B280B2FFF7BDFD0700FFF7E7FD6D1CB9
:20146000EBE7380080B2BDE8F0810000004000080000FF2F044000080810002062B38B0779
:2014800008D0521E11F8013B00F8013B00F024808B07F6D1830740F0208000BF103A07D361
:2014A00030B4B1E83810103AA0E83810F9D230BC530724BFB1E80810A0E8081044BF51F8BC
:2014C000043B40F8043BD20724BF31F8022B20F8022B44BF0B7803707047083A07D3B1E89A
:2014E0000810083A40F8043B40F804CBF7D25307E4E7000070B50025002672B600F06FF837
:2015000001215FF00070FEF71DFF00F09BF8FFF7A4F96420FFF72FFC5548FFF729FB040063
:20152000FFF77EFC00F083F852488088552805D15048808A002801D1FFF7CEFE4D488088E0
:20154000AA2822D14B48808A55281ED162B6FFF75CFD80214848FEF7F2FE4648C068FFF794
:2015600002FF4449498980B2884202D1552043498880002041498882FFF7ADFC80213E48B9
:20158000FEF7DAFEFFF752FDFEE73D493D48FFF7B1FB06003C4800680500AE420BD1002EB6
:2015A00009D016F1010F06D0002D04D015F1010F01D0FFF791FE62B6FFF727FDFFF736FD9D
:2015C00080212D48FEF7BBFE6420FFF7D4FB80212948FEF7B1FE6420FFF7CDFBEEE780B5FC
:2015E00001210120FFF7FEF801214FF48050FFF7EAF801214FF48040FFF7F4F80121042062
:20160000FFF7E1F801210820FFF7DDF801211020FFF7D9F801212020FFF7D5F80121402026
:20162000FFF7D1F801210120FFF7CDF801BD80B500215FF0006000F02EF84FF4A06000F0E1
:2016400025F801BD80B50C48FEF798FD8020ADF8000010208DF8030002208DF80200694647
:201660000548FEF7CEFD80210348FEF765FE01BD00C0770008180020001801402018002033
:20168000FCBF030000400008FCFF030805490143054A11607047054A0A400243044B1A608E
:2016A000704700000000FA050CED00E080FFFF1F08ED00E080B54E48006850F470004C49AD
:2016C00008604C48006850F001004A4908604A480068002048490860464800684749084089
:2016E000444908604348006830F48020414908605FF41F004249086000F005F85FF000604B
:201700004049086001BD80B500F001F801BD82B000200190002000903648006850F48030D1
:20172000344908603348006810F4003000900198401C01900098002803D10198B0F5A06FB6
:20174000F0D12C480068800302D50120009001E0002000900098012847D12B48006850F05C
:201760001000294908602848006880088000264908602548006850F00200234908601E4877
:2017800000681D4908601C4800681B4908601A48006850F4806018490860174800681B4999
:2017A0000840154908601448006850F4E810124908601048006850F080700E4908600D4854
:2017C00000688001FBD50C480068800880000A4908600948006850F00200074908600648D0
:2017E000006810F00C000828F9D102B07047000088ED00E00010024004100240FFFFF6FE23
:201800000810024008ED00E000200240FFFFC09F19E050F8041BCB0744BFA9F10103591896
:20182000121F0023042A41F8043BF9D25FEA827C0B4604D54FF0000CA1F800C09B1CD1073F
:2018400044BF0021197050F8042B002AE1D1704710B450F8041B79B10268436802440830E9
:20186000DC0744BFA9F10104E31852F8044B43F8044B091FF9D1ECE710BC704710B5074968
:2018800079441831064C7C44163404E00A68081D114488470146A142F8D110BD2C0000005B
:2018A0004C0000004EF68851CEF20001086840F470000860BFF34F8FBFF36F8F4FF0007093
:2018C000E1EE100A7047000049FFFFFF30080000081000200000000079FFFFFF0400000038
:2018E00008010000000000200000000000F00BF8002801D0FFF7C2FF0020AFF30080FFF7E4
:20190000F9FD00F002F80120704700F001B800000746384600F002F8FBE7000080B5AFF3F8
:201920000080024A11001820ABBEFBE7260002000148804701480047B5160008411900084A
:20194000AFF30080FFF7AEFFFFF7D0FFFFF7FEBFFFF7FEBFFFF7FEBFFFF7FEBFFFF7FEBF7E
:20196000FFF7FEBFFFF7FEBFFFF7FEBFFFF7FEBFFFF7FEBFFFF7FEBFFFF7FEBFFFF7FEBFCF
:20198000FFF7FEBFFFF7FEBFFFF7FEBFFFF7FEBFFFF7FEBFFFF7FEBFFFF7FEBFFFF7FEBFAF
:2019A000FFF7FEBFFFF7FEBFFFF7FEBFFFF7FEBFFFF7FEBFFFF7FEBFFFF7FEBFFFF7FEBF8F
:2019C000FFF7FEBFFFF7FEBFFFF7FEBFFFF7FEBFFFF7FEBFFFF7FEBFFFF7FEBFFFF7FEBF6F
:0C19E000FFF7FEBFFFF7FEBF180000007D
:2040000068110020E50C0208291002082D1002083110020835100208391002080000000095
:204020000000000000000000000000003D100208411002080000000045100208491002080C
:2040400075F2010877F2010879F201087BF201089FF20108A1F20108A3F20108A5F2010820
:20406000A7F20108A9F20108ABF20108ADF20108AFF20108B1F20108B3F20108DFF20108CE
:20408000E1F20108E3F20108E5F201084D100208511002085510020859100208E7F20108F0
:2040A0005D1002086110020865100208E9F20108EBF201080BF3010827F3010829F3010876
:2040C0002BF301082DF301082FF3010831F301086910020833F301087DF30108C7F301084A
:2040E0005BF401085DF401085FF401086D100208711002087510020861F4010863F4010853
:204100007910020865F4010867F401087D10020869F40108B3F4010881100208851002085F
:2041200039F501083BF501083DF501083FF50108891002088D1002089110020895100208F3
:2041400000000000000000000000000000000000991002089D100208A1100208A51002087B
:20416000A9100208AD100208B1100208B510020811F40108B9100208BD1002085A21DFF811
:20418000F82982F82F1000210800C0B209281ADA0021DFF8E429C0B2024451700021DFF80F
:2041A000D829C0B2024491720021DFF8CC29C0B20244D1740021DFF8C029C0B202EB4002D7
:2041C0009183401CE1E70021DFF8AC2911700021DFF8A42982F82E10704738B5DFF89C09BC
:2041E0000068807A0400DFF894090068407A0500DFF88C090078002859D05A20DFF87819A7
:2042000081F82F0005F090FDDFF874090078012805D1DFF870290021022007F03FFFDFF8EA
:2042200060090078402805D1DFF85C290021022007F034FFDFF848090078102805D1DFF811
:204240004C290021022007F029FFDFF834090078082805D1DFF838290021022007F01EFF66
:20426000DFF81C090078802805D1DFF828290021022007F013FFDFF808090078202805D15A
:20428000DFF814290021022007F008FFDFF8F0080078022805D1DFF804290021022007F044
:2042A000FDFE5A20DFF8D01881F82F0073E1DFF8CC0800680069002805D0DFF8C00800684E
:2042C0000069804730E1DFF8D8080078002800F0E4800E2007F07DF908F0F3F90020DFF87C
:2042E000C41808806420DFF8C0180870DFF88C080068007A00281AD0DFF880080068807A8F
:2043000009280ADB0321DFF874080068807A40001038C0B207F0EEFB09E00321DFF85C088C
:204320000068807A4000801CC0B207F0E3FBDFF870084078012809D0102861D0402874D0DA
:2043400080282BD0812800F0858096E0DFF82C080068807A092190FBF1F201FB120000286B
:2043600004D15A20DFF8101881F82F00E4B2002C0CD1DFF808080068EDB2142101FB05F193
:2043800008441438DFF8F417086006E0DFF8EC0700681438DFF8E417086076E0DFF80C085C
:2043A000007890F00100DFF804180870E4B2EDB2681E84420CD1DFF8C4070068EDB2691E0B
:2043C0007FF0130251430844DFF8B017086006E0DFF8A80700681430DFF8A0170860DFF88E
:2043E0009C070068807A092190FBF1F201FB1200002804D15A20DFF8801781F82F0044E061
:204400005A20DFF8741781F82F00DFF8700700684068002839D0DFF8640700684068DFF860
:204420005C170860002004002FE05A20DFF8481781F82F00DFF8440700680068002824D008
:20444000DFF8380700680068DFF830170860002004001AE00020DFF8481748700020DFF8CD
:20446000401708705A20DFF8101781F82F000020DFF8041781F82E008DE00020DFF82017F9
:2044800048700020DFF8181708700020DFF8101748700020DFF808170870DFF8E00600683D
:2044A0000069002807D008F00CF9DFF8D00600680069804738E0DFF8C4060068007A00288F
:2044C0001ED005F031FC08F0FCF8DFF8B0060068807A09280ADB0321DFF8A0060068807AD8
:2044E00040001038C0B207F0ACFA09E00321DFF88C060068807A4000801CC0B207F0A1FA6D
:20450000DFF878060068007A002801D100F0D8FCDFF868060068C068002805D0DFF85C069B
:204520000068C06800F038F8DFF87806008878280CDB0020DFF86C1608800E2007F0C6F883
:2045400007F09FFF0020DFF864190880DFF86009007800281FD1DFF824060068007A0028EF
:2045600019D0DFF85009DFF81416086007F089FFFFF704FE4AF25A50DFF83C190880DFF8D1
:20458000FC050068C068002805D0DFF8F0050068C06800F001F831BD38B504000020050044
:2045A000EDB20C2D0ADA62686178207807F076FD08346068002801D06D1CF1E731BD2DE938
:2045C000F34F83B014001D000E9E109F002081465FFA89F9B9F1200F09DA0020DFF8DC1871
:2045E0005FFA89F901F8090019F10109F0E79DF83C008DF80000002083469DF800000028F7
:2046000000F0E88005208DF802009DF8000082469DF8000010F0700010281BD1EDB2680009
:204620008DF80200EDB2012D04D1DFF89018387808F012FEEDB2022D40F0EA80DFF87C1847
:2046400038784FF480727B7802FB003080B208F0CCFEDDE09DF8000010F07000202806D081
:204660009DF8000010F07000302840F0D1809DF8000010F0070082465FFA8AFABAF1000F61
:204680003FD13020DFF834185FFA8BFB01F80B001BF1010B7878C0B200098DF801009DF816
:2046A00001003030DFF814185FFA8BFB01F80B001BF1010B787810F00F003030DFF8FC1752
:2046C0005FFA8BFB01F80B001BF1010B3878C0B200098DF801009DF801003030DFF8DC176E
:2046E0005FFA8BFB01F80B001BF1010B387810F00F003030DFF8C4175FFA8BFB01F80B000B
:2047000086E0EDB25FFA8AFADAEB450A7878C0B200098DF801009DF801003030DFF89C1732
:204720005FFA8BFB01F80B001BF1010B50465946C0B2C9B2884208D12E20DFF880175FFAA4
:204740008BFB01F80B001BF1010B787810F00F003030DFF868175FFA8BFB01F80B001BF113
:20476000010B50465946C0B2C9B2884208D12E20DFF848175FFA8BFB01F80B001BF1010BE9
:204780003878C0B200098DF801009DF801003030DFF828175FFA8BFB01F80B001BF1010B61
:2047A00050465946C0B2C9B2884208D12E20DFF80C175FFA8BFB01F80B001BF1010B387841
:2047C00010F00F003030DFF8F4165FFA8BFB01F80B001DE0EDB268008DF80200EDB2012D4E
:2047E00004D1DFF8D816387808F0A0FDEDB2022D0ED1387879784FF48072514351FA80F008
:20480000ADF80400DFF8B416BDF8040008F045FD012081465FFA89F93078401C814514DAE0
:204820005FFA89F916F80900DFF89016E4B2095700B209B2884205D15FFA89F906EB090031
:20484000804602E019F10109E4E7DFF854030078002800F0D180DFF84803407801280CD0E3
:2048600008286FD0102800F09B8020283DD0402800F0A88080281BD0AEE098F800002028B8
:2048800002D1701C804601E018F1010898F90000DFF82816E4B20855DFF82006E4B200577D
:2048A000202804D13020DFF81416E4B208559BE098F80000302804D130783044401E80461F
:2048C00001E0B8F1010898F90000DFF8F015E4B20855DFF8E805E4B20057202804D13020C7
:2048E000DFF8D815E4B208557EE0E4B2002C04D19DF80200401E040000E0641E00208146CA
:2049000048463178C0B2884214D25FFA89F916F80900DFF8A815E4B2095700B209B288428B
:2049200005D15FFA89F906EB0900804602E019F10109E5E7DFF88405E4B200572E2800D1D0
:20494000641E51E0E4B29DF80200401E844202D10020040000E0641C0020814648463178DE
:20496000C0B2884214D25FFA89F916F80900DFF84C15E4B2095700B209B2884205D15FFA8F
:2049800089F906EB0900804602E019F10109E5E7DFF82805E4B200572E2800D1641C23E078
:2049A0000020DFF8FC1148700020DFF8F4110870DFF808259DF810109DF80C0007F06EFB0D
:2049C000A520D5E00020DFF8D81148700020DFF8D01108705A20CBE00020DFF8C4114870CC
:2049E0000020DFF8BC1108700020DFF8B41148700020DFF8AC1108709DF8000000284CD002
:204A00009DF8000010F0700010282AD1EDB2012D0DD1DFF8A80490F900000A21DFF89C24E5
:204A200092F9012001FB00201038387084E0EDB2022D40F08180DFF8840408F08EFD4FF436
:204A4000807190FBF1F038707F1CDFF8700408F084FD4FF4807190FBF1F201FB120038709A
:204A60006AE09DF8000010F07000202805D09DF8000010F0700030285ED19DF8000010F0A9
:204A8000070082465246D2B23900DFF8300400F08FF8002850D15A206AE0EDB2012D0CD1B9
:204AA000DFF8180440780100C9B2DFF810040078C0B208F095FD38703EE0EDB2022D15D1F6
:204AC000DFF8F80308F06AFD4FF4807190FBF1F201FB120038707F1CDFF8E00308F05EFDA5
:204AE0004FF4807190FBF1F0387025E0DFF8CC0340780100C9B2DFF8C4030078C0B208F00F
:204B00006FFD38707F1CDFF8B403C0780100C9B2DFF8A8038078C0B208F062FD38707F1C1E
:204B2000DFF8980340790100C9B2DFF890030079C0B208F055FD3870DFF880239DF8101058
:204B40009DF80C0007F0AAFA0123DFF87003E4B2005D0200D2B29DF810002118C9B29DF844
:204B60000C00C0B24000C0B207F0C2F82000C0B205B0BDE8F08F0000CC6200205C650020BA
:204B800045660020880902089C090208B0090208C4090208D8090208EC090208000A020868
:204BA0003C650020D0650020416600204F66002078B403000024D2B2042A01DB002030E032
:204BC00000200500EDB2042D05DA00206E46EDB270556D1CF6E700200500EDB2052D0EDA85
:204BE000EDB2D2B2D2F10400854205D0187830386E46E4B23055641C5B1C6D1CEDE79DF87F
:204C0000020000019DF8036050FA86F00870491C9DF8000000019DF8016050FA86F0087038
:204C2000012072BC70472DE9FF47040005F07CF8DFF8600B00785A280BD05A20DFF8541BCE
:204C4000087000208DF80D009DF80D008DF80C000FE000200500EDB2022D0ADADFF8340B1B
:204C6000EDB200EB4500808B03A9EDB248556D1CF1E7E4B2032C02D0E4B2002C06D1DFF80A
:204C8000182B0121022007F009FA0BE0DFF80C2B0021012007F002FADFF8FC2A0121022024
:204CA00007F0FCF903A8029010200190DFF8F00A00900223DFF8DC0ADFF8D81A91F82E1037
:204CC0000844C27C0C210220FFF779FC0600F6B25A2E21D10020DFF8BC1A08705A20DFF8D2
:204CE000B41A81F82F000020DFF8A81ADFF8A42A92F82E201144C87400200500EDB2052D81
:204D000008DA0020DFF88C1AEDB201EB450188836D1CF3E75A20C5E0F6B2A52E40F0A980E2
:204D20000020DFF8701A08705A20DFF8681A81F82F000020DFF85C1ADFF8582A92F82E2061
:204D40001144C87400200500EDB2052D08DA0020DFF8401AEDB201EB450188836D1CF3E75A
:204D60009DF80C004FF480719DF80D2001FB00200700DFF8300A407908F06BFC8146DFF8B2
:204D8000240A007908F065FC80461FFA89F964201FFA88F800FB0988DFF8080A007908F0AF
:204DA00058FC8146DFF8FC09807908F052FC82461FFA89F964201FFA8AFA00FB09AADFF8B4
:204DC000E809C0794FF48071DFF8DC29127A01FB00208146E4B2002C05D13800494680B299
:204DE00089B2884208D0E4B2022C07D13800494680B289B2884201D1A52053E0E4B2012CAF
:204E000007D13800414680B289B2884201D1A52048E0E4B2032C07D13800514680B289B22C
:204E2000884201D1A5203DE0BFB2B7F57A7F01D1A52037E0BFB241F60630874201D1A520F2
:204E400030E05A20DFF84C1981F82F0004F06CFFDFF858290321022007F020F9FFF78EF95A
:204E6000DFF84C0900680068DFF8441908605A2018E0DFF82009DFF81C1991F82E10084409
:204E8000C67400200500EDB2022D0ADA03A8EDB2405DDFF80019EDB201EB450188836D1CC5
:204EA000F1E7FF2004B0BDE8F0870000CE65002040660020780A0208106000207C600020FA
:204EC00010B52DED028B82B0DFF8E8080078002806D0DFF8E0080078401EDFF8D818087023
:204EE000DFF8D0080078002840F025820220DFF8C418087007F0E5FBDFF8BC08007800282D
:204F000010D10620DFF8B0180870DFF8B008007890F00100DFF8A41808705A20DFF8741803
:204F200081F82F0004F000FF00200400A4B2202C06DA0020DFF88818A4B20855641CF5E78A
:204F4000DFF880280021002007F0A8F8DFF87808009010235A220021062006F01BFEDFF837
:204F60006C080068800708D4DFF864080090082302220D21082006F055FEDFF8500800689A
:204F8000400708D4DFF848080090082302228C21082006F047FEDFF834080068000708D47A
:204FA000DFF82C0800901023012246210D2006F0F1FDDFF8242C0021022007F06FF8E0A23E
:204FC0000321042007F06AF8DEA20E21042007F065F8DDA20821072007F060F800200400C7
:204FE000A4B2142C06DA0020DFF8F01BA4B20855641CF5E7DFF8E80B0089642876DBDFF823
:20500000E40B90ED180AB8EE400ADFF8D40B008900EE900AF8EE600A20EE200ADFEDCB0A22
:2050200080EE200AB0EE408A9FEDC90AB4EE408AF1EE10FA0CDB18EE100A08F005FC0200BA
:205040000B00DFF8A41BDFF8940B08F029FC0BE018EE100A08F0F8FB02000B00DFF88C1B9B
:20506000DFF8780B08F01CFCDFF8702B0121072007F014F8DFF86C0B90ED240AB8EE400A1F
:20508000DFF85C0B008900EE900AF8EE600A20EE200ADFEDAE0A80EE200AB0EE408A9FED29
:2050A000AC0AB4EE408AF1EE10FA0CDB18EE100A08F0CAFB02000B00DFF82C1BDFF81C0BF8
:2050C00008F0EEFB0BE018EE100A08F0BDFB02000B00DFF8181BDFF8040B08F0E1FBDFF88C
:2050E000FC2A0E21072006F0D9FF63E0DFF8F40A90ED180AB8EE400ADFED950A80EE200ABC
:20510000B0EE408A9FED920AB4EE408AF1EE10FA0CDB18EE100A08F097FB02000B00DFF835
:20512000D01ADFF8B80A08F0BBFB0BE018EE100A08F08AFB02000B00DFF8B81ADFF89C0A83
:2051400008F0AEFBDFF8942A0121072006F0A6FFDFF8900A90ED240AB8EE400ADFED7C0AD7
:2051600080EE200AB0EE408A9FED790AB4EE408AF1EE10FA0CDB18EE100A08F065FB02006A
:205180000B00DFF86C1ADFF8540A08F089FB0BE018EE100A08F058FB02000B00DFF8541A4E
:2051A000DFF8380A08F07CFBDFF8302A0E21072006F074FFDFF82C0A90ED0C0AB8EE400AE7
:2051C000DFED630A80EE200AB0EE408A9FEDB40AB4EE408AF1EE10FA0CDB18EE100A08F0F8
:2051E00033FB02000B00DFF8A41BDFF8F00908F057FB1FE09FED560AB4EE408AF1EE10FA84
:205200000CDB18EE100A08F01FFB02000B00DFF8801BDFF8C80908F043FB0BE018EE100A0D
:2052200008F012FB02000B00DFF8681BDFF8AC0908F036FBDFF8A4290321052006F02EFF3D
:20524000DFF8A00990ED100AB8EE400ADFED400A80EE200AB0EE408A9FED910AB4EE408A9E
:20526000F1EE10FA0CDB18EE100A08F0EDFA02000B00DFF8181BDFF8640908F011FB1FE001
:205280009FED330AB4EE408AF1EE10FA0CDB18EE100A08F0D9FA02000B00DFF8F41ADFF855
:2052A0003C0908F0FDFA0BE018EE100A08F0CCFA02000B00DFF8DC1ADFF8200908F0F0FA35
:2052C000DFF818290B21052006F0E8FEDFF8C82A0021082006F0E2FEDFF8C02A0021092096
:2052E00006F0DCFE00200400A4B2142C06DA0020DFF8E818A4B20855641CF5E7DFF8A00ABD
:205300000078002805D0DFF89C2A0521082006F0C5FEDFF8940A0078C00706D5DFF88C2A58
:205320000521092006F0BAFE05E0DFF8842A0521092006F0B3FE02B0BDEC028B10BD00005B
:2053400031444C0032444C0033444C00002474490000C84210B5DFF85C040078002806D0AA
:20536000DFF850040078401EDFF848140870DFF844040078002840F092800220DFF834143F
:205380000870DFF8300A0078092190FBF1F00400DFF8200A0078092190FBF1F201FB120053
:2053A000002800D0641CDFF8100A007800285CD0DFF8040A407808281BD0202802D040287E
:2053C00030D041E0DFF8CC034078002807D0DFF8C4034078401EDFF8BC13487003E0601EDC
:2053E000DFF8B01348705A20DFF8A81381F82F0033E0DFF8A0034078E4B2611E884207D0AC
:20540000DFF890034078401CDFF88813487003E00020DFF8801348705A20DFF8781381F86A
:205420002F001AE00020DFF8901948700020DFF888190870FEF7A2FEDFF874030068006828
:20544000DFF86C1308602AE00020DFF86C1948700020DFF86419087021E00020DFF85819FB
:2054600048700020DFF85019087004F05DFCDFF84C290221002006F011FEDFF844290A214C
:20548000002006F00BFEDFF83C291021002006F005FEC04842780121002004F067FF10BD3C
:2054A00000007A4470B5C3480078002804D0C1480078401EBF490870BE480078002840F055
:2054C00091800220BB490870DFF8FC080078050000200400E4B2202C05DA0020B849E4B229
:2054E0000855641CF6E7EDB2092095FBF0F00600EDB2092095FBF0F100FB1150002800D027
:20550000761CDFF8B4080078002853D0DFF8A8084078012808D0082818D0202804D04028C7
:2055200028D0802812D035E09A484078002805D098484078401E9749487002E0701E954961
:2055400048705A20934981F82F002BE091484078F6B2711E884205D08E484078401C8D4963
:20556000487002E000208B4948705A20894981F82F0017E00020DFF8401848700020DFF8FC
:2055800038180870FEF7FAFD8948006800688849086027E00020DFF8201848700020DFF898
:2055A000181808700020DFF8101848700020DFF80818087004F0B8FBDFF8002801210020F5
:2055C00006F06CFDDFF8E82C0821002006F066FD70484078092110FB01F2D2B20121012080
:2055E00004F078FF70BDF8B504F09EFBDFF8C40C0078092190FBF1F00500DFF8B80C00780C
:20560000092190FBF1F201FB1200002800D06D1CDFF8A4070078002853D03C20DFF8981C37
:2056200008705A205B4981F82F00DFF88C074078012808D0082814D0202804D0402820D081
:2056400080280ED02DE053484078002805D051484078401E4F49487002E0681E4D494870B2
:2056600027E04C484078EDB2691E884205D049484078401C4749487002E0002045494870DD
:2056800017E00020DFF8301748700020DFF828170870FEF773FD46480068006844490860B7
:2056A00077E00020DFF8101748700020DFF8081708700020DFF8001748700020DFF8F81664
:2056C000087004F031FBDFF8EC0B007831494978092202FB11000700FFB20A2F01DB092082
:2056E000070006F0EEFF0020040020003900C0B2C9B288424DD2274840780921484350FA47
:2057000084F006002E49701CC0B207F0A5FD2E202B49887000202A49C870294A00212000C8
:20572000C0B206F0BBFC00200090DFF8EC0C0068F6B2112101FB06F10844431C1022032195
:205740002000C0B206F01EFD124840780921484350FA84F00100C9B2DFF8C00C07F03CFDD2
:2057600000280AD000200090DFF8B43C042210212000C0B206F006FD09E000200090DFF85E
:20578000A43C042210212000C0B206F0FBFC641CABE7F1BDCC620020740E0208500A020855
:2057A0000000002090640020546400203C0A02085C65002042660020416600204F66002048
:2057C0007C60002024090208B4E901082C650020840C02082DE9F843DFF84C0C90F82E006F
:2057E00000281FD10020FFF71EFA0700FFB25A2F09D1FEF7C3FCDFF8340C00680068DFF8D6
:205800002C1C0860E5E1FFB2A52F0AD15A20DFF8181C81F82F000120DFF80C1C81F82E00BE
:2058200000E0D6E1DFF8000C90F82E00012840F0C581DFF8F40B90F82F005A2819D106F0AA
:2058400020FE0020DFF8E01B81F82F00002080464046DFF8DC1B0978C0B2884209D2A520F9
:20586000DFF8D01B5FFA88F801F8080018F10108EEE7DFF8BC0B0078092190FBF1F0814632
:20588000DFF8AC0B0078092190FBF1F201FB1200002801D019F1010906F013FFDFF8180553
:2058A0000078002800F00181DFF80C05407801280DD0082800F09480102800F0C08020284C
:2058C00062D0402800F0CC8080282ED0E1E0DFF8580BC07A002807D0DFF84C0BC07A401E52
:2058E000DFF8441BC87206E0DFF8440B0078401EDFF8341BC872DFF8300B8078DFF8281BD2
:20590000C97A092291FBF2F1884204D05A20DFF8181B81F82F00DFF8100BC07A092190FBFF
:20592000F1F0DFF8041B8870B9E0DFF8FC0AC07ADFF8FC1A0978491E884207D0DFF8E80AA9
:20594000C07A401CDFF8E01AC87203E00020DFF8D81AC872DFF8D00A8078DFF8CC1AC97AF7
:20596000092291FBF2F1884204D05A20DFF8B81A81F82F00DFF8B00AC07A092190FBF1F0C3
:20598000DFF8A41A88708AE0DFF89C0A8078002807D0DFF8940A8078401EDFF88C1A88705C
:2059A00004E0B9F10100DFF8801A8870DFF8780A8078DFF8741AC97A092291FBF2F1884292
:2059C00004D05A20DFF8601A81F82F00DFF8580A8078092110FB01F0DFF84C1AC8725EE074
:2059E000DFF8440A80785FFA89F9B9F10101884207D0DFF8340A8078401CDFF82C1A8870E4
:205A000003E00020DFF8201A8870DFF81C0A8078DFF8141AC97A092291FBF2F1884204D005
:205A20005A20DFF8041A81F82F00DFF8FC098078092110FB01F0DFF8F019C8722FE000200C
:205A4000DD4948700020DC4908700220DFF8D81981F82E00DFF8D009C07A00F0CDF8B8E0E3
:205A60000020D54948700020D3490870FEF786FB3220DFF8C4190880DFF8B0090068006818
:205A8000DFF8A81908605A20DFF89C1981F82F009FE00020C84948700020C7490870002028
:205AA000C54948700020C449087004F03DF9DFF880090078DFF870198978092202FB1100DF
:205AC0000500EDB20A2D01DB0920050006F0F9FD0020040020002900C0B2C9B288426DD292
:205AE000DFF8440980780921484350FA84F00600DFF84819701CC0B207F0AEFB2E20DFF816
:205B00003C1988700020DFF83419C870DFF82C2900212000C0B206F0C1FADFF80C09C07A06
:205B20000921E4B290FBF1F201FB1200844210D101200090DFF80809F6B2112101FB06F11C
:205B40000844431C082203212000C0B206F01AFB0FE000200090DFF8E808F6B2112101FB73
:205B600006F10844431C082203212000C0B206F009FBDFF8C008DFF8C818F6B2112202FB7B
:205B800006F2895C084410F8010CA5280AD100200090DFF8B03804220F212000C0B206F0D2
:205BA000F1FA09E000200090DFF89C3804220F212000C0B206F0E6FA641C8BE7DFF86808BF
:205BC00090F82E00022804D1DFF85C08C07A00F013F8BDE8F183000008080208EC630020FE
:205BE0001C610020145D0020240F02082C0F0208340F02083C0F020838B50400E4B20A20A2
:205C000094FBF0F100FB114005006B480078002800F09E803C20DFF8A016087043F6982010
:205C2000DFF82818088040F2DC50DFF80C18088061484078102802D0402871D07CE0012053
:205C4000DFF8E41781F82E00DFF8E807DFF8F017E4B2112202FB04F2895C084410F8010C25
:205C6000A5282CD1DFF8CC07DFF8D417E4B2112202FB04F2895C0844A32100F8011CDFF851
:205C8000C007E4B2112101FB04F1405CDFF8A0170978884209D1DFF8A807E4B2112101FBEB
:205CA00004F1405C05F012FD35E0DFF89407E4B2112101FB04F1405C05F08BFC2BE0DFF815
:205CC0007407DFF87C17E4B2112202FB04F2895C0844A52100F8011CDFF86407E4B211210D
:205CE00001FB04F1405CDFF848170978884209D1DFF84C07E4B2112101FB04F1405C05F048
:205D000068FC08E0DFF83807E4B2112101FB04F1405C05F0DBFC0021092008F006FB11E0CC
:205D20000020254948700020234908700120DFF8F81681F82E0028E000201F494870002004
:205D40001D49087000201C49487000201A490870DFF8E006DFF8E816E4B2112202FB04F2DF
:205D6000895C084410F8010CA52807D1DFF8D4260F212800C0B206F0CBF906E0DFF8C82638
:205D80000F212800C0B206F0C3F931BD440F02084C0F0208540F02082008020838080208EE
:205DA000326600205C0F020833660020E40A02083C0D02081AF100083C650020740F020851
:205DC0007C0F0208840F0208AEFB00082DE9F843DFF8540690F82E0000281FD10020FEF77B
:205DE00022FF0600F6B25A2E09D1FEF7C7F9DFF83C0600680068DFF83416086055E2F6B26C
:205E0000A52E0AD10120DFF8201681F82E005A20DFF8141681F82F0000E046E2DFF80806EF
:205E200090F82E00012840F03782DFF8500DC078002803D1DFF8480D070002E0DFF8440DF5
:205E400007003F1D002080464046DFF83C1D0978C0B2884221D23878DFF8301D5FFA88F8E6
:205E600001F808007F1CDFF8240D5FFA88F810F80800A5280ED0DFF8140D5FFA88F810F811
:205E800008005A2806D0A520DFF8001D5FFA88F801F8080018F10108D6E7DFF8EC0C0078F9
:205EA000082190FBF1F08146DFF8DC0C0078082190FBF1F201FB1200002801D019F101099D
:205EC000DFF8C40C0078DFF860158978B0EBC1000500EDB2092D01DB0820050003F024FF01
:205EE000DFF8382D0221002006F0D8F8DFF8302D0E21002006F0D2F80020040020002900AD
:205F0000C0B2C9B2884267D2DFF81C058078C0B214EBC000401CC0B207F095F9DFF81C1515
:205F200008702E20DFF8141548700020DFF80C158870DFF808250021601CC0B206F0AEF824
:205F4000DFF8E404C07A0821E4B290FBF1F201FB1200844212D1DFF8CC0C0068DFF8C8149A
:205F60008978C90051FA84F10C22514300EB01020221601CC0B206F0CBF811E0DFF8A40CA5
:205F80000068DFF8A4148978C90051FA84F10C22514300EB01020221601CC0B206F07EF853
:205FA000DFF8E80BDFF880148978C90051FA84F1405C5A2807D1DFF8702C1021601CC0B29A
:205FC00006F06CF806E0DFF8642C1021601CC0B206F064F8641C91E7DFF8540C00780028DA
:205FE00000F0D680DFF8480C407801280DD0082800F08180102800F09A80202862D040282D
:2060000000F0A68080282ED0B2E0DFF81C04C07A002807D0DFF81004C07A401EDFF808148C
:20602000C87206E0DFF8600B0078401EDFF8F813C872DFF8F4038078DFF8EC13C97A082203
:2060400091FBF2F1884204D05A20DFF8DC1381F82F00DFF8D403C07A082190FBF1F0DFF8F7
:20606000C81388708CE0DFF8C003C07ADFF8181B0978491E884207D0DFF8AC03C07A401C5E
:20608000DFF8A413C87203E00020DFF89C13C872DFF894038078DFF89013C97A082291FB9C
:2060A000F2F1884204D05A20DFF87C1381F82F00DFF87403C07A082190FBF1F0DFF8681368
:2060C00088705DE0D8488078002805D0D6488078401ED549887003E0B9F10100D24988704B
:2060E0005A20D14981F82F00CF488078C0B2C000CD49C87244E0CC4880785FFA89F9B9F11E
:206100000101884205D0C8488078401CC649887002E00020C44988705A20C34981F82F003E
:20612000C1488078C0B2C000BF49C87228E00020DFF8FC1A48700020DFF8F41A087002207E
:20614000B94981F82E00B848C07A00F0B7F8ACE00020DFF8DC1A48700020DFF8D41A08702F
:20616000FEF70CF8B14800680068B04908609CE00020DFF8BC1A48700020DFF8B41A0870BE
:206180000020DFF8AC1A48700020DFF8A41A0870DFF8F4090078A4498978B0EBC1000500C2
:2061A000EDB2092D01DB0820050003F0BDFDDFF86C2A0221002005F071FFDFF8642A0E21AB
:2061C000002005F06BFF06F07CFA0020040020002900C0B2C9B288425ED293488078C0B23B
:2061E00014EBC000401CC0B207F02DF8934908702E20924948700020904988708F4A0021D6
:20620000601CC0B205F04AFF8748C07A0821E4B290FBF1F201FB1200844211D1DFF8040A81
:20622000006881498978C90051FA84F10C22514300EB01020221601CC0B205F069FF10E094
:20624000DFF8E009006878498978C90051FA84F10C22514300EB01020221601CC0B205F015
:206260001DFFDFF8280970498978C90051FA84F1405C5A2807D1DFF8B0291021601CC0B2F2
:2062800005F00CFF06E0DFF8A4291021601CC0B205F004FF641C9AE7634890F82E000228D1
:2062A00003D16148C07A00F009F8BDE8F18300008C0F02083766002040660020F8B5040044
:2062C000E4B2082094FBF0F100FB11400600DFF860090078002800F08880DFF8540940787A
:2062E000012806D0102818D0402861D080280AD06BE0DFF89808E4B2005DC043DFF88C1831
:20630000E4B2085569E0DFF88408E4B2005DC043DFF87818E4B208555FE00120424981F82A
:206320002E00DFF85808C078002803D1DFF85408070002E0DFF84C0807003F1D00200500F5
:206340002800DFF844180978C0B2884207D2DFF83C08EDB2405D38707F1C6D1CF0E7DFF87B
:206360002C08E4B2005DA5280BD1DFF89C0A006800880121A1408843DFF88C1A096808809C
:206380000AE0DFF8840A006800880121A1400843DFF8741A09680880DFF8E007C078801C80
:2063A000C0B208F009FB00210B2007F0BEFF14E00020DFF87C1848700020DFF8741808703D
:2063C0000120194981F82E0024E00020DFF8601848700020DFF8581808700020DFF850182A
:2063E00048700020DFF848180870DFF8A007E4B2005D5A2807D1DFF830281021701CC0B2ED
:2064000005F086FE06E0DFF824281021701CC0B205F07EFEF1BD0000086500208864002013
:20642000940F02089C0F0208CC6200205C650020E6FB0008C4630020C66500207C60002054
:2064400060020208A40F0208AC0F0208D46500202DE9F04383B0DFF8B40990F82E00002807
:2064600022D10020FEF7DFFB0600F6B25A2E09D1FDF784FEDFF83C0C00680068DFF8341C9E
:20648000086079E3F6B2A52E0DD10120DFF87C1981F82E000020DFF8781908700020DFF8B4
:2064A0007419088068E367E3DFF8600990F82E0001282AD1022000F0BDFBDFF8FC1B0870E8
:2064C000DFF8F40B00785A2809D1FDF757FEDFF8E40B00680068DFF8DC1B08604CE3DFF8F7
:2064E000D80B0078FF2800F047834AF25A50DFF8281908800220DFF8141981F82E00DFF836
:20650000B80B007800F053FC36E3DFF8000990F82E00022840F01A81DFF8000900780921DB
:2065200090FBF1F00400DFF8F4080078092190FBF1F201FB1200002800D0641CDFF8F006B5
:206540000078002800F0F880DFF8E406407801280DD0082800F08880102800F0A7802028F5
:2065600062D0402800F0BB8080282ED0D4E0DFF89C08007B002807D0DFF89008007B401EBF
:20658000DFF88818087306E0DFF890080078401EDFF878180873DFF87408C078DFF86C1816
:2065A000097B092291FBF2F1884204D05A20DFF85C1881F82F00DFF85408007B092190FB4F
:2065C000F1F0DFF84818C870AEE0DFF84008007BDFF848180978491E884207D0DFF82C0878
:2065E000007B401CDFF82418087303E00020DFF81C180873DFF81408C078DFF81018097BFF
:20660000092291FBF2F1884204D05A20DFF8FC1781F82F00DFF8F407007B092190FBF1F053
:20662000DFF8E817C8707FE0DFF8E007C078002807D0DFF8D807C078401EDFF8D017C870B6
:2066400003E0601EDFF8C417C8705A20DFF8BC1781F82F00DFF8B407C078092110FB01F033
:20666000DFF8A81708735FE0DFF8A007C078E4B2611E884207D0DFF89407C078401CDFF881
:206680008C17C87003E00020DFF88017C8705A20DFF8781781F82F00DFF87007C07809213E
:2066A00010FB01F0DFF8641708733DE00020DFF8801548700020DFF8781508705A20DFF863
:2066C0004C1781F82F00DFF84407007BDFF8401708700320DFF8341781F82E004CE2002032
:2066E000DFF84C1548700020DFF8441508700520DFF8181781F82E000020DFF81017C870BA
:206700000020DFF8081708735A20DFF8001781F82F0000F03DFA2FE20020DFF814154870C8
:206720000020DFF80C1508700020DFF8041548700020DFF8FC1408700922DFF8D006C17871
:20674000DFF8C806007B04F075F915E2DFF8BC0690F82E00032840F0B480DFF8D4040078BB
:20676000002800F09080DFF854090068DFF8A01609784FF4B27251430844407C8146DFF8A6
:20678000B004407801280AD008284DD010284CD0202849D040284ED0802821D066E0DFF84C
:2067A0006C06407B002807D0DFF86006407B401EDFF85816487304E0B9F10100DFF84C168F
:2067C0004873DFF84806407B092190FBF1F0DFF83C1608715A20DFF8341681F82F004CE077
:2067E000DFF82806407B5FFA89F9B9F10101884207D0DFF81806407B401CDFF810164873ED
:2068000003E00020DFF804164873DFF80006407B092190FBF1F0DFF8F41508715A20DFF8F1
:20682000EC1581F82F0028E027E00420DFF8DC1581F82E0021E00020DFF8F4134870002036
:20684000DFF8EC1308700220DFF8C01581F82E000020DFF8B81508710020DFF8B0154873C1
:206860005A20DFF8A81581F82F0085E10020DFF8C01348700020EE4908700020EC4948709E
:206880000020EB49087005F01CFF09200190DFF87C0A0090DFF824080068DFF87415097829
:2068A0004FF4B272514300EB0103DFF860050279DFF85805417BDFF85805007804F00AF9A4
:2068C0005AE1DFF8480590F82E00042840F01581DFF8E8070068DFF8381509784FF4B27277
:2068E00051430844DFF82415497B1C2251430844007DDFF81C1A0870DFF8100500785A28DE
:2069000018D05A20DFF804150870DFF8000A0500DFF8FC09007805EB40052888DFF8F419AA
:2069200008800020DFF8E414DFF8E02492F82E201144C87405F0C5FEDFF880070068DFF847
:20694000D01409784FF4B27251430844DFF8BC14497B1C2251430844C06A002816D0DFF8F3
:20696000B439DFF858070068DFF8A41409784FF4B272514300EB0102DFF89004417BDFF895
:206980009004007804F05DF907001DE0DFF884090090DFF828070068DFF8741409784FF418
:2069A000B272514300EB0103DFF86C29DFF85C04DFF8581491F82E100844C17CDFF84C04D3
:2069C000407B04F0F3F90700FFB25A2F16D10320DFF8381481F82E000020DFF83014087054
:2069E0000020DFF82814DFF8242492F82E201144C8740020DFF81C190880BDE0FFB2A52F06
:206A000072D1DFF8B8060068DFF8041409784FF4B27251430844DFF8F413497B1C2251430B
:206A20000844408CDFF8EC180988884213D2DFF88C060068DFF8D81309784FF4B272514314
:206A40000844DFF8C813497B1C2251430844408CDFF8C0180880DFF8BC080088DFF85C16E7
:206A60000968DFF8AC2312784FF4B2735A431144DFF89823527B1C235A431144098C88422C
:206A800013D2DFF838060068DFF8841309784FF4B27251430844DFF87413497B1C2251436A
:206AA0000844008CDFF86C180880DFF860080500DFF85C08007805EB4005DFF85808008830
:206AC00028800320DFF8441381F82E000020DFF83C1308700020DFF83413DFF8302392F866
:206AE0002E201144C87447E0DFF82003DFF81C1391F82E100844C7743EE0DFF8100390F8B2
:206B00002E00052838D100F043F880465FFA88F8B8F15A0F0ED14AF25A50DFF8FC12088003
:206B2000FDF72CFBDFF88C0500680068DFF88415086021E05FFA88F8B8F1A50F1CD1DFF82F
:206B4000842A0021012005F0A9FA0021012007F0ECFB05F0B6FD642004F035FE4AF25A5054
:206B6000DFF8B4120880FDF709FBDFF8480500680068DFF840150860BDE8F7837864002055
:206B80007C63002094630020386600201064002070B5032000F04EF8DFF81C150870DFF8B8
:206BA000180500785A280BD15A20DFF8601281F82F000020DFF8541281F82E005A202CE0ED
:206BC000DFF8F4040078FF2801D1002025E045F6A520DFF844120880DFF8DC040078DFF895
:206BE00038128870DFF824070600462005002900C9B2300006F093FDDFF81C12A1F8680080
:206C0000DFF8B4040178012008F020F90400E4B2012C01D1A52000E05A2070BD800E0208BD
:206C2000C40F02080C65002020100208241002083C6500207FB5040003F076F800200500EF
:206C4000EDB2202D06DA0020DFF87C19EDB248556D1CF5E7E4B2012C06D1DFF87029002110
:206C6000022005F01BFA19E0E4B2022C06D1DFF860290021022005F011FA0FE0E4B2032CFD
:206C800006D1DFF850290021022005F007FA05E0DFF844290021022005F000FA5B4800781E
:206CA0005A280FD0DFF8340900788DF80C0001205649564A92F82E201144C8745A20534977
:206CC000087003E05148808B8DF80C0003A8029010200190DFF84006009001234B484B492E
:206CE00091F82E100844C27C0C210220FDF767FC0600F6B25A2E1CD10020444908705A20DB
:206D0000424981F82F0000204049404A92F82E201144C87400200500EDB2052D07DA0020AD
:206D20003A49EDB201EB450188836D1CF4E75A203BE0F6B2A52E29D10020344908705A20F7
:206D4000324981F82F0000203049304A92F82E201144C87400200500EDB2052D07DA00209D
:206D60002A49EDB201EB450188836D1CF4E79DF80C00002807D0DFF868280021012005F022
:206D80008DF95A2011E09DF80C000EE01F481F4991F82E100844C6749DF80C001B49888347
:206DA000FF208DF80C009DF80C0004B070BD70B50400002005002800451CC0B2032811DA42
:206DC00015488470144808F02CF9134807F085FF002807D100200600F6B2FF2E01D0761CB5
:206DE000FAE7E8E7EDB2032D0CDB4AF25A500A490880FDF7C3F9DFF8BC0200680068DFF880
:206E0000B412086070BD000010650020CC6200205066002004660020106000203A66002084
:206E200080B5DFF81C0C0088642822DB0020DFF8141C08700020DFF8081C08800020DFF8D4
:206E4000081C0880FDF79AF92020DFF8001C8870DFF8FC0B97490860DFF8F00B4078DFF84D
:206E6000EC1BC870DFF8E40BC078DFF8E81B08801FE1DFF8E40B0078002840F0E580DFF8A1
:206E8000CC0B8078202822D0DFF8BC0B008800281DD10120DFF8B01B08800020DFF8A41BAC
:206EA0000870DFF8A80B4078DFF8B01B0880DFF89C0BC078DFF89C1B08800320DFF8981B75
:206EC00008700E2004F085FB05F0DBFA11E0DFF87C0B807820280BD00320DFF87C1B08705B
:206EE0000120DFF8641B08800E2004F072FB00E0DFE005F0C6FADFF8540B4078DFF8541B7C
:206F0000098880B2884231D0DFF8540BDFF83C1BDFF8402B1288120111440A31102208F0D6
:206F2000C1F8DFF8300B0088401C232190FBF1F201FB1200DFF81C1B0880DFF8080B0078EA
:206F4000022190FBF1F201FB12000200D2B2DFF8101BDFF8F00A007880B200F0DFF9DFF8F0
:206F6000E40A0078401CDFF8DC1A0870DFF8DC0A4078DFF8E01A098880B2884231D0DFF85F
:206F8000E00ADFF8C81ADFF8CC2A1288120111440A31102208F086F8DFF8B80A0088401C1F
:206FA000232190FBF1F201FB1200DFF8A81A0880DFF8900A0078022190FBF1F201FB120068
:206FC0000200D2B2DFF8981ADFF8780A007880B200F0A4F9DFF86C0A0078401CDFF8641A9C
:206FE0000870DFF8680A4078DFF8681A098880B2884229D1DFF8480A0088401CDFF8401AFA
:2070000008800020DFF83C1A0870DFF8400AC078DFF8401A0880DFF8440A0088DFF82C1A47
:20702000497889B288420FD00020DFF8141A0880DFF8280A0088401C232190FBF1F201FB63
:207040001200DFF8181A0880DFF8880C007800282FD0DFF8800C4078102802D0402809D01D
:207060001FE00020DFF86C1C48700020DFF8641C08701EE00020DFF85C1C48700020DFF8CF
:20708000541C08700020DFF8501C08706420DFF8B0190880FDF772F8DFF8B40905490860D9
:2070A00007E00020DFF82C1C48700020DFF8241C087001BD5C650020486600201865002039
:2070C00070B5DFF8AC0790F82E00002861D102F02BFE002008F06BFADFF8001C0880DFF807
:2070E000FC0B0088002811D105F0CBF9DFF8F02B0421022004F0D2FFFDF740F8DFF83C09F8
:2071000000680068DFF834190860FEE0DFF8CC0B0078C00702D40220060001E00120060042
:20712000DFF8B80B0088801BDFF8B81B0880DFF8AC0B0088801B0500002004002000C0B2F4
:20714000310080B289B2884218D22800DFF88C1B098880B2884211D20022DFF80419280089
:2071600080B208F03AFA2200D2B2DFF8F418280080B200F0D3F86D1C641CDFE70120DFF84C
:20718000F01681F82E00DFF8540B0088DFF8541B0880DFF8400B0078002800F0B6805A2054
:2071A000DFF8CC1681F82F00DFF8280B4078012836D0082805D0202832D0402850D08028FE
:2071C00060D1DFF8200B0088DFF8101B0988884210D1DFF8080B0088022804DB0220DFF842
:2071E000041B08801BE0DFF8F40A0088DFF8F41A088014E0DFF8EC0A0088801CDFF8E41A69
:207200000880DFF8E00A0088DFF8D01A0988884205D3DFF8C80A0088DFF8C81A088039E01E
:20722000DFF8C00A0078C00707D5DFF8B80A0088401EDFF8B01A088006E0DFF8A80A0088F3
:20724000801EDFF8A01A0880DFF8980A0088002805D1DFF8880A0088DFF8881A088019E08D
:207260000020DFF8701A48700020DFF8681A0870FCF784FFDFF8C40700680068DFF8BC1752
:20728000086042E00020DFF84C1A48700020DFF8441A08700020DFF83C1A48700020DFF886
:2072A000341A087002F040FDDFF8380A0078C00702D40220060001E001200600DFF8240A76
:2072C0000088801B0500002004002000C0B2310080B289B2884218D22800DFF8001A0988D4
:2072E00080B2884211D20022DFF87417280080B208F073F92200D2B2DFF86417280080B21B
:2073000000F00CF86D1C641CDFE770BD146000205166002006660020000000202DE9FE4F03
:2073200004000D001600002082465FFA8AFABAF1140F08DA0020A4495FFA8AFA01F80A00C4
:207340001AF1010AF1E7E87B10F50050ADF80800687B0190A87B0090BDF80830A4B2621CF2
:20736000DFF88C1B984806F09BFA974A0021F6B2B000C0B204F092FE002082465FFA8AFA0F
:20738000BAF1140F08DA00208F495FFA8AFA01F80A001AF1010AF1E728890190A87A009083
:2073A000EB7A2A7BDFF84C1B874806F079FA864A0021F6B2B000401CC0B204F06FFE05F0E0
:2073C00080F9002082465FFA8AFABAF1100F08DA00207D495FFA8AFA01F80A001AF1010AE7
:2073E000F1E7002081464846DFF80C1B0978C0B2884220D2A878DFF8041B09685FFA89F931
:20740000142202FB09F2895C884211D1DFF8EC0A00685FFA89F9142101FB09F10844421CC8
:207420000021F6B2B000801CC0B204F037FE02E019F10109D7E705F044F9002082465FFA75
:207440008AFABAF1100F08DA00205F495FFA8AFA01F80A001AF1010AF1E7E878012840F0AD
:20746000AE80002081465FFA89F905EB8900C08883461FFA8BFB42F21070834522DB1FFA61
:207480008BFB0A209BFBF0FB1FFA8BFB0A209BFBF0F08046DFF8681A404680B205F069FF48
:2074A0002E204949C8711FFA8BFB0A209BFBF0F100FB11B080464046C0B205F0C4FE4249B7
:2074C00008721CE01FFA8BFB64209BFBF0F08046DFF82C1A4046C0B205F0BEFE2E203A4940
:2074E00088711FFA8BFB64209BFBF0F100FB11B08046DFF8101A4046C0B205F0ADFE5FFA85
:2075000089F905EB890000790700002082465046DFF8F4190978C0B288422FD23800DFF8C1
:20752000EC195FFA8AFA062202FB0AF2895CC0B2884220D10422DFF8D4095FFA8AFA062158
:2075400001FB0AF10844411C1F4805F007FE0222DFF8BC09DFF8B4195FFA8AFA062303FBC2
:207560000AF3194491F9051000EB4101DFF8A40905F0F4FD02E01AF1010AC8E7124A002157
:20758000F6B2B000C01CC0B204F088FD5FFA89F905EB89004079002811D0DFF87C095FFA01
:2075A00089F905EB890149790522514300EB01021021F6B2B000C01CC0B204F06FFDBDE888
:2075C000F78F0000F40B02087C600020440E0208500E02085C0E0208680E020834650020AF
:2075E000E40B020870B5A24890F82E0000286BD102F09AFB012007F0DAFFDFF82019088059
:20760000DFF818090088002811D104F03AFFDFF810290421022004F041FDFCF7AFFDDFF8B4
:207620001C0400680068DFF8141408601EE1DFF8EC080088032190FBF1F201FB12000028D9
:2076400009D0DFF8D8080088032190FBF1F201FB1200040001E003200400DFF8C00800883F
:20766000DFF8C0180880DFF8B4080088001B0500002006003000C0B2210080B289B2884278
:2076800018D22800DFF89418098880B2884211D20122DFF89418280080B207F09EFF32001F
:2076A000D2B2DFF88418280080B200F0E3F86D1C761CDFE701206E4981F82E00DFF85C0813
:2076C0000088DFF860180880DFF808060078002800F0CC805A20664981F82F00DFF8F405E9
:2076E0004078012836D0082805D0202832D040285DD080286BD1DFF82C080088DFF81C183D
:207700000988884210D1DFF81C080088032804DB0320DFF8101808801BE0DFF80008008894
:20772000DFF80018088014E0DFF8F8070088C01CDFF8F0170880DFF8EC070088DFF8DC1722
:207740000988884205D3DFF8D4070088DFF8D417088044E0DFF8CC070088032190FBF1F28A
:2077600001FB120000280FD0DFF8B80700880321DFF8B0271288121A90FBF1F001FB0020B6
:20778000DFF8A017088006E0DFF898070088C01EDFF890170880DFF88C070088002805D11B
:2077A000DFF878070088DFF87C17088017E00020DFF8201548700020DFF818150870FCF78F
:2077C000DDFC9E48006800689C4908604EE00020DFF8001548700020DFF8F8140870002040
:2077E000DFF8F01448700020DFF8E814087002F09BFADFF830070088032190FBF1F201FBE0
:207800001200002809D0DFF81C070088032190FBF1F201FB1200040001E003200400DFF850
:2078200004070088001B0500002006003000C0B2210080B289B2884218D22800DFF8DC169A
:20784000098880B2884211D20122DFF8DC16280080B207F0C2FE3200D2B2DFF8CC16280024
:2078600080B200F007F86D1C761CDFE770BD0000CC6200202DE9FC4704000D0016000020EB
:2078800080465FFA88F8B8F1140F09DA0020DFF8A01C5FFA88F801F8080018F10108F0E724
:2078A000687A10F500508146E8790190287A00901FFA89F94B46A4B2621CDFF83416DFF8AE
:2078C000700C05F0EDFFDFF8682C0021032016FB00F0C0B204F0E2FB002080465FFA88F899
:2078E000B8F1140F09DA0020DFF8441C5FFA88F801F8080018F10108F0E76888019028799D
:2079000000906B79AA79DFF8EC15DFF8240C05F0C7FFDFF81C2C0021F6B2032000FB06F03A
:20792000401CC0B204F0BAFB00200700FFB2102F06DA0020DFF8F81BFFB2C8557F1CF5E78A
:2079400068780F282ADA002007003800DFF8E41B0978C0B2884221D26878DFF8DC1B096808
:20796000FFB2112202FB07F2895C884214D1DFF8C80B0068FFB2112101FB07F10844401C08
:20798000824652460121F6B2032000FB06F0801CC0B204F083FB01E07F1CD6E768782028C8
:2079A0002CDB6878412829DA002007003800DFF848150978C0B2884220D26878DFF83C152A
:2079C0000968FFB2142202FB07F21144497C884212D1DFF828050068FFB2142101FB07F14C
:2079E0000844421C0021F6B2032000FB06F0801CC0B204F053FB01E07F1CD7E72878FF28AF
:207A00000BD1DFF8382B1021F6B2032000FB06F0801CC0B204F042FB0DE0287800280AD194
:207A2000DFF81C2B1021F6B2032000FB06F0801CC0B204F033FBBDE8F38700005C6500200B
:207A4000E065002052660020DE650020C8560020780A0208E46500203F660020E265002027
:207A60000064002070B5DFF8DC0A90F82E0000286DD102F059F9022007F099FDDFF8C81AD8
:207A80000880DFF8C40A0088002811D104F0F9FCDFF8B82A0421022004F000FBFCF76EFBF3
:207AA000DFF8AC0A00680068DFF8A41A086010E1DFF8940A0088032190FBF1F201FB1200DE
:207AC000002809D0DFF8800A0088032190FBF1F201FB1200040001E003200400DFF8680AC7
:207AE0000088001BDFF83C140880DFF85C0A0088001B0500002006003000C0B2210080B234
:207B000089B2884218D22800DFF83C1A098880B2884211D20222DFF81014280080B207F041
:207B20005CFD3200D2B2DFF80014280080B200F0DBF86D1C761CDFE70120DFF8081A81F8BA
:207B40002E00DFF8040A0088DFF8D813088061480078002800F0BD805A20DFF8E81981F8FF
:207B60002F005C484078012834D0082805D0202830D0402857D0802865D1DFF8A803008889
:207B8000DFF8C4190988884211D1DFF898030088032804DB0320DFF88C13088019E0DFF8FF
:207BA000A8090088401EDFF87C13088011E0DFF874030088C01CDB490880DA480088DFF870
:207BC00088190988884204D3DFF87C090088D54908803EE0D348008803281ADBD1480088C6
:207BE000032190FBF1F201FB120000280CD0CD4800880321CB4A1288121A90FBF1F001FBDD
:207C00000020C849088004E0C6480088C01EC5490880C4480088002804D1DFF82C09008898
:207C2000C049088015E000202A494870002029490870FCF7A3FADFF8180900680068DFF83A
:207C40001019086045E000202249487000202149087000201F49487000201E49087002F0F8
:207C600063F8B0480088032190FBF1F201FB1200002808D0AB480088032190FBF1F201FB80
:207C80001200040001E003200400A6480088001B0500002006003000C0B2210080B289B2DA
:207CA000884216D22800DFF8A018098880B288420FD202229C49280080B207F08EFC3200D7
:207CC000D2B29949280080B200F00EF86D1C761CE1E770BD3C65002042660020F2650020DE
:207CE000480D0208EE6500202DE9F04383B004000D001600002080465FFA88F8B8F1140F84
:207D000009DA0020DFF828185FFA88F801F8080018F10108F0E7687A10F500508146E87927
:207D20000190287A00901FFA89F94B46A4B2621C6F49DFF8FC0705F0B3FDDFF8F427002136
:207D4000032016FB00F0C0B204F0A8F9002080465FFA88F8B8F1140F09DA0020DFF8D017AC
:207D60005FFA88F801F8080018F10108F0E768880190287900906B79AA795E49DFF8B00752
:207D800005F08EFDDFF8A8270021F6B2032000FB06F0401CC0B204F081F900200700FFB2CC
:207DA000102F06DA0020DFF88817FFB2C8557F1CF5E7687801280BD1DFF898270121F6B284
:207DC000032000FB06F0801CC0B204F067F973E068780A280BD1DFF880270121F6B2032081
:207DE00000FB06F0801CC0B204F058F964E068780B280BD1DFF864270121F6B2032000FBC2
:207E000006F0801CC0B204F049F955E068780C280BD1DFF84C270121F6B2032000FB06F0DB
:207E2000801CC0B204F03AF946E068780D280BD1DFF830270121F6B2032000FB06F0801C4E
:207E4000C0B204F02BF937E068780E280BD1DFF818270121F6B2032000FB06F0801CC0B28D
:207E600004F01CF928E068780F280BD1DFF8FC260121F6B2032000FB06F0801CC0B204F025
:207E80000DF919E0687809280BD1DFF8E4260121F6B2032000FB06F0801CC0B204F0FEF83F
:207EA0000AE0DFF8D0260121F6B2032000FB06F0801CC0B204F0F2F8287800280BD0DFF8C7
:207EC000B8261021F6B2032000FB06F0801CC0B204F0E4F80AE0DFF8A4261021F6B2032072
:207EE00000FB06F0801CC0B204F0D8F8BDE8F7835008020854070208366600200465002094
:207F00008060002083600020A2F00008E802020810090208856000202C000020F0650020E7
:207F2000540D0208EC6500206C640020F0B585B0DFF8100690F82E00002822D10020FCF7CA
:207F400072FE0400E4B25A2C09D1FCF717F9DFF8000600680068DFF8F8150860E6E2E4B25D
:207F6000A52C0DD10020DFF8DC1508760120DFF8D415C8750120DFF8CC1581F82E0000E06E
:207F8000D4E2DFF8C00590F82E00012840F0CE82DFF8B00500785A2800F07F8001F0C4FE08
:207FA0005A20DFF8A015087000200700FFB2202F06DA0020DFF87815FFB2C8557F1CF5E773
:207FC000002006000E22DFF8B815DFF8640505F0C5F8DFF8B005C07910F5005080B205F074
:207FE00010FB0500DFF84815280080B205F0FDF9DFF89415DFF88C05807905F097F9DFF8BB
:208000008C15DFF88005407905F090F90C22DFF88015DFF8800505F0A1F8DFF87815DFF86D
:208020006405007905F082F9DFF86C15DFF85405C07805F07BF9DFF86415DFF84805807859
:2080400005F074F9DFF8E8240121012004F026F8DFF840250221022004F020F8DFF8E4043A
:20806000007E0F210123DFF8C824DFF8D8C49CF818C012F80C20D2B290FBF1FC01FB1C0042
:20808000DFF8C014C97D0918C9B2DFF8B804C07DC0B24000C0B203F02BFE04F012FBDFF86B
:2080A00000050078002800F0418204F00AFBDFF8F4040078002800F03982DFF8E8044078DA
:2080C00001280DD0082800F09F80102800F0E980202841D0402800F0E38180281ED0EFE14F
:2080E000DFF84C04DFF85C14097E4056392807D13020DFF83C14DFF84C24127E88540CE0A6
:20810000DFF82C04DFF83C14097E405C401CDFF82014DFF83024127E8854D9E1DFF810046B
:20812000DFF82014097E4056302807D13920DFF80014DFF81024127E88540CE0DFF8F00376
:20814000DFF80014097E405C401EDFF8E413DFF8F423127E8854BBE1DFF8E803007E002887
:2081600008D11820DFF8DC1308760220DFF8D413C875ADE1DFF8CC03007E401EDFF8C413CF
:208180000876DFF8C003007E042833DBDFF8B403007E0F2811DBDFF8AC03007E022190FB2E
:2081A000F1F201FB1200002824D1DFF89803007E801EDFF8901308761CE0DFF88803007E4F
:2081C0000E2806D1DFF87C03007E401EDFF874130876DFF87003007E022190FBF1F201FB2F
:2081E0001200002806D0DFF85C03007E801EDFF854130876DFF84C03007E0E2803DA012089
:20820000DFF84013C87563E1DFF83803007E182808DB0120DFF82C13C8750020DFF824135E
:20822000087655E1DFF81C03007E401CDFF814130876DFF81003007E04282ADBDFF80403C7
:20824000007E0F280EDBBF48007E022190FBF1F201FB120000281CD0BA48007E801CB9492A
:20826000087616E0B748007E022190FBF1F201FB1200002804D1B348007E801CB1490876E4
:20828000B048007E0E2804D1AE48007E401CAD490876AC48007E0F2802DB0220A949C87542
:2082A00016E10020DFF8FC1248700020DFF8F4120870002006009E4890F90100302801D0D6
:2082C000FF2006009A48C0780100C9B298488078C0B205F030F98DF807009548C0790100D8
:2082E000C9B293488079C0B205F025F98DF806008F48C07A0100C9B28D48807AC0B205F05C
:208300001AF98DF805008A48007C0100C9B28848C07BC0B205F00FF98DF804008448007DAA
:208320000100C9B28248C07CC0B205F004F98DF803007F48007E0100C9B27D48C07DC0B29A
:2083400005F0F9F88DF802009DF80600002803D09DF806000D2801DBFF2006009DF80500AF
:20836000002848D09DF80500202844DA9DF8060004280BD09DF80600062807D09DF80600E0
:20838000092803D09DF806000B2806D19DF805001F2802D1FF2006002FE09DF80600022887
:2083A0002BD19DF80700042190FBF1F201FB1200002808D19DF80700642190FBF1F201FBF8
:2083C0001200002809D19DF807004FF4C87190FBF1F201FB1200002806D19DF805001E2816
:2083E0000BDBFF20060008E09DF805001D2804DBFF20060001E0FF2006009DF804001828C8
:2084000001DBFF2006009DF803003C2801DBFF2006009DF802003C2801DBFF20060004F06E
:2084200050F99DF8070010F5FA6080B205F043F9050028008DF80F009DF8060005F01CF92F
:208440008DF80E009DF8050005F016F98DF80D009DF8040005F010F98DF80C009DF8030099
:2084600005F00AF98DF80B009DF8020005F004F98DF80A00F6B2002E02D102A807F075FBA2
:20848000DFF8000107F0F8FA0020DFF8F8100880FBF774FE2E48006800682D49086045E0E7
:2084A0000020DFF8001148700020DFF8F8100870FBF764FE2648006800682549086035E008
:2084C0000020DFF8E01048700020DFF8D81008700020DFF8D01048700020DFF8C8100870D0
:2084E000134A0121012003F0D9FDDFF8A8200221022003F0D3FD1348007E0F2101230C4AE9
:20850000DFF840C09CF818C012F80C20D2B290FBF1FC01FB1C000B49C97D0918C9B2094847
:20852000C07DC0B24000C0B203F0E2FB05B0F0BD7C6000203766002008650020B40F020895
:20854000BC0F0208CC62002008660020600D02085C650020F40A02086C0D0208040B02086E
:20856000780D0208840D0208140B0208240B0208900D02089C0D0208640F02086C0F020813
:20858000640C0208906400208260002086600020280A02088B6000208F60002093600020DC
:2085A000406600203C6500202DE9F04182B0DFF8E80790F82E00002840F08981DFF8D80727
:2085C00090F82F005A281ED103F05BFF0020DFF8C81781F82F00DFF8CC070079DFF8C817CF
:2085E0000871DFF8C0074079DFF8BC174871DFF8B4078079DFF8B0178871DFF8A807C07868
:20860000DFF8A417C87000200700FFB2202F06DA2020DFF88C17FFB2C8557F1CF5E7DFF8B3
:208620008017DFF88407007904F080FE4820DFF870178870DFF868270B21002003F02EFDC8
:20864000DFF864074079002805D0022811D009D3032815D01AE0DFF854270B21012003F09F
:208660001DFD13E0DFF848270B21012003F016FD0CE0DFF840270B21012003F00FFD05E0F9
:20868000DFF834270B21012003F008FDDFF81807C078022802D0032807D00CE0DFF81C2731
:2086A0000A21022003F0FAFC05E0DFF81C270A21022003F0F3FCDFF8F0068079002806D092
:2086C000DFF8FC260A21032003F0E8FC05E0DFF8FC260A21032003F0E1FCDFF8E806007843
:2086E000002800F08B80DFF8DC064078012806D0102827D0402861D0802812D06EE0DFF870
:2087000098064078002804D10320DFF88C16487006E0DFF884064078401EDFF87C16487034
:2087200064E0DFF874064078401CDFF86C164870DFF864064078042803DB0020DFF8581617
:20874000487053E00020DFF87C1648700020DFF874160870DFF840064078002807D10120FE
:20876000DFF8341681F82E0000F045F925E0DFF828064078012807D10220DFF81C1681F89C
:208780002E0000F0C0F918E0DFF80C064078022807D10320DFF8001681F82E0000F032FA94
:2087A0000BE0DFF8F4054078032806D10420DFF8E81581F82E0000F088FA17E00020DFF845
:2087C000041648700020DFF8FC150870FBF7D6FC0520DFF8C41581F82E0007E00020DFF829
:2087E000E41548700020DFF8DC1508700020DFF8D41548700020DFF8CC150870DFF898050C
:208800004078002802D15FF0010801E05FF00008DFF8BC0507F0CCF95FFA88F8CDF80080A3
:20882000DFF8AC350200D2B20021002003F0AAFCDFF864054078012802D15FF0010801E0F3
:208840005FF00008DFF88C0507F0B2F902005FFA88F8CDF80080DFF87C35D2B20021012049
:2088600003F090FCDFF830054078022802D15FF0010801E05FF00008DFF85C0507F098F968
:208880005FFA88F8CDF80080DFF84C350200D2B20021022003F076FCDFF8FC04407803287A
:2088A00002D15FF0010801E05FF00008DFF82C0507F07EF95FFA88F8CDF80080DFF81C3599
:2088C0000200D2B20021032003F05CFC91E0DFF8C80490F82E00012802D100F08CF888E0E1
:2088E000DFF8B40490F82E00022802D100F00BF97FE0DFF8A40490F82E00032802D100F0C0
:2089000081F976E0DFF8900490F82E00042802D100F0DBF96DE0DFF8800490F82E00052818
:2089200067D1DFF884040500DFF87804060000200700FFB20C2F12D22800451C31004E1C27
:2089400000780978884204D00120DFF89414087005E00020DFF8881408707F1CE9E7DFF836
:208960008004007800283AD00220FCF75CF90400E4B25A2C09D1FBF701FCDFF82004006813
:208980000068DFF81814086033E0E4B2A52C25D10020DFF84C1408705A20DFF8FC1381F8EC
:2089A0002F00082006F008F80022DFF8F8034179DFF8900507F086F900210F2005F0B5FCE4
:2089C00003F05FFDDFF880250021012003F0A0FB0520DFF8C41381F82E000AE009E0FBF7BD
:2089E000CDFBDFF8B80300680068DFF8B0130860FFE7BDE8F38130B585B0DFF89C03007844
:208A00005A2812D0DFF89C0300798DF80C000020DFF88413DFF8802392F82E201144C87401
:208A20005A20DFF87413087004E0DFF86C03808B8DF80C0003A8029000200190DFF80C054A
:208A400000900123DFF85003DFF84C1391F82E100844C27C0B210020FBF7B1FD0500EDB221
:208A60005A2D1FD10020DFF83013DFF82C2392F82E201144C8740020DFF81C1381F82E00E9
:208A80000020DFF81413087000200400E4B2052C37DA0020DFF80013E4B201EB4401888368
:208AA000641CF3E7EDB2A52D21D10020DFF8E812DFF8E42292F82E201144C8740020B649A3
:208AC00081F82E000020B449087000200400E4B2052C07DA0020B049E4B201EB44018883A3
:208AE000641CF4E79DF80C00AF49087109E0AA48A94991F82E100844C5749DF80C00A64960
:208B0000888305B030BD80B5A34800785A2806D0A4484079A04988705A209F490870A94867
:208B2000007800284CD0A7484078012806D0102820D040282AD080280ED035E096488078D8
:208B4000002803D103209449887004E092488078401E914988702DE08F488078032803DB56
:208B600000208D49887004E08B488078401C8A4988701FE0884880788B49487100208649EE
:208B800081F82E0000208449087013E000208D49487000208B490870FBF7F0FA7F480068B1
:208BA00000687E4908602CE000208649487000208449087000208349487000208149087000
:208BC00075488078002805D002280FD008D3032812D016E0754A0B21012003F099FA10E07A
:208BE000734A0B21012003F093FA0AE0714A0B21012003F08DFA04E06F4A0B21012003F0A2
:208C000087FA01BD80B5644800785A2806D06548C078614988705A205F490870694800781A
:208C200000283DD067484078012806D010280CD0402815D0802804D022E002205649887001
:208C400026E002205449887022E002205649C8700020514981F82E0000204F49087017E0D4
:208C60000020DFF8EC1248700020DFF8E4120870FBF784FA4948006800684849086022E016
:208C80000020DFF8CC1248700020DFF8C41208700020DFF8BC1248700020DFF8B412087050
:208CA0003D488078022802D0032806D00BE0434A0A21022003F02CFA05E0DFF80C210A2148
:208CC000022003F025FA01BD000080B5324800785A2806D0334880792F4988705A202E494E
:208CE0000870DFF86C020078002842D0DFF860024078012805D010280FD0402819D0802806
:208D000027D125488078002803D000202249887002E001202049887023E01F488078224947
:208D2000887100201C4981F82E0000201A49087017E00020DFF8181248700020DFF810122A
:208D40000870FBF71BFA154800680068134908601FE00020DFF8F81148700020DFF8F011F4
:208D600008700020DFF8E81148700020DFF8E011087009488078002805D0114A0A21032084
:208D800003F0C6F905E0DFF844200A21032003F0BFF901BD00000000CC6200205C6500201B
:208DA0007C6000205464002060640020CC0F0208D40F0208DC0F0208E40F0208EC0F020832
:208DC000041002083C650020F40F0208FC0F0208980E0208A40E0208B00E0208BC0E02088A
:208DE0004A6600207FB5DFF83C0690F82E0000281AD10020FBF717FF0500EDB25A2D09D160
:208E0000FBF7BCF9DFF8600700680068DFF85817086096E0EDB2A52D05D10120DFF8041620
:208E200081F82E008DE08CE0DFF8F80590F82E00012840F0868000F077FFDFF8E805007827
:208E40005A280BD05A20DFF8DC15087000208DF80D009DF80D008DF80C000FE00020040003
:208E6000E4B2022C0ADADFF8BC05E4B200EB4400808B03A9E4B20855641CF1E7DFF8402AAA
:208E80000121012003F00AF903A8029010200190DFF85C0B00900223DFF88805DFF88415D4
:208EA00091F82E100844C27C05210220FBF787FB0600F6B25A2E09D1FBF760F9DFF8A806C5
:208EC00000680068DFF8A01608603AE0F6B2A52E1FD100200400E4B2022C09DA03A8E4B23C
:208EE000005DDFF8101BE4B22144C871641CF2E7082005F061FD00210F2005F016FAFBF7C4
:208F00003DF9DFF8640600680068DFF85C16086017E0DFF81005DFF80C1591F82E1008446B
:208F2000C67400200400E4B2022C0ADA03A8E4B2005DDFF8F014E4B201EB44018883641C60
:208F4000F1E77FBD00380140640A02080C0000203C65002030B585B0DFF8C80490F82E00AC
:208F600000286BD1DFF8BC0490F82F005A2806D103F087FA0020DFF8AC1481F82F000020F3
:208F80000400E4B2202C06DA0020DFF86C1AE4B20855641CF5E7DFF8601ADFF8580A8078BD
:208FA00004F05AF9DFF8502A0A21012003F076F8DFF8482A0121012003F070F8DFF8402A44
:208FC0000C21012003F06AF8DFF8380A0078002834D0DFF8300A4078102802D0402812D014
:208FE00023E00020DFF81C1A48700020DFF8141A08700120DFF82C1481F82E000020DFF816
:20900000241408701AE00020DFF8F81948700020DFF8F0190870FBF7B1F8DFF8A8080068E4
:209020000068DFF8A0180860B6E00020DFF8D41948700020DFF8CC190870ADE0DFF8E40300
:2090400090F82E00012855D1DFF8D80300785A2812D0DFF8A00980788DF80C000120DFF87C
:20906000C413DFF8C02392F82E201144C8745A20DFF8B013087004E0DFF8A803808B8DF874
:209080000C0003A8029010200190DFF8640900900123DFF89003DFF88C1391F82E100844DB
:2090A000C27C0A210120FBF78AFA0500EDB25A2D07D1FBF763F80220DFF8681381F82E0045
:2090C00018E0EDB2A52D0BD19DF80C00DFF824198870FBF753F80220D24981F82E0009E094
:2090E000D048D04991F82E100844C5749DF80C00CC498883CB4890F82E0002284CD1DFF84B
:2091000008098078DFF8EC188978884204D00120DFF8F818087003E00020DFF8F0180870F2
:20912000DFF8E808007800282CD00220FBF77BFD0500EDB25A2D09D1FBF720F8DFF88407CF
:2091400000680068DFF87C17086025E0EDB2A52D17D10020DFF8B41808705A20B14981F8E7
:209160002F00082005F028FC03F08BF9DFF8382B0021012002F0CCFF00210F2005F0D5F8BD
:209180000AE009E0FAF7FAFFDFF8380700680068DFF830170860FFE705B030BDE0B5A148A0
:2091A00090F82F005A280BD103F06BF900209D4981F82F00DFF8F40A8078DFF8F41A08706B
:2091C000DFF8EC0A027896A1684604F069FB6A461021012002F062FFDFF8D82A0221012099
:2091E00002F05CFFDFF8D02A0221032002F056FFDFF8C82A0021042002F050FFDFF8C02AB4
:209200000021052002F04AFFDFF8F8070078002800F07F80DFF8EC07407801280AD00828B3
:209220001AD010282AD0202804D040283DD0802812D048E0DFF8780A0078382807DADFF8E6
:20924000700A0078801CDFF8681A087003E03820DFF85C1A08703FE0DFF8540A00781128AA
:2092600007DBDFF84C0A0078801EDFF8441A087003E01020DFF8381A08702DE00020DFF864
:20928000841748700020DFF87C170870DFF8200A0078DFF8181A8870DFF8100A05F0F8FE23
:2092A00000210F2005F041F816E00020DFF8541748700020DFF84C170870FAF75FFF5A485D
:2092C000A949086025E00020DFF8381748700020DFF8301708701CE00020DFF82817487091
:2092E0000020DFF820170870DFF8C4090078DFF8BC198870302003F07BF9812003F078F94C
:20930000DFF8AC09007880B203F09DF9042003F09AF907BD10B5434890F82E00002819D108
:209320000120FBF780FC0400E4B25A2C09D1FAF725FFDFF8900500680068DFF88815086077
:209340002AE0E4B2A52C04D10120364981F82E0000E021E0334890F82E0001281CD103F065
:2093600090F8002006F066F9002806D0DFF854290221012002F092FE05E0DFF84C29022184
:20938000012002F08BFEFAF7F9FEDFF8380500680068DFF83015086010BD10B5214890F85E
:2093A0002E00002819D10120FBF73DFC0400E4B25A2C09D1FAF7E2FEDFF8080500680068A2
:2093C000DFF8001508602AE0E4B2A52C04D10120144981F82E0000E021E0124890F82E00DD
:2093E00001281CD103F04DF8012006F023F9002806D0DFF8D0280221012002F04FFE05E0B7
:20940000DFF8C4280221012002F048FEFAF7B6FEDFF8B00400680068DFF8A814086010BD45
:2094200025640000CC620020780A020810B5DFF89C0890F82E0000281AD10120FBF7F3FBBF
:209440000400E4B25A2C09D1FAF798FEDFF8740400680068DFF86C1408602CE0E4B2A52C3A
:2094600005D10120DFF8641881F82E0000E022E0DFF8580890F82E0001281CD103F001F82A
:20948000022006F0D7F8002806D0DFF838280021012002F003FE05E0DFF82C280021012029
:2094A00002F0FCFDFAF76AFEDFF8180400680068DFF81014086010BD10B500F035FCDFF8B8
:2094C00010280121012002F0E9FD00200400E4B2052C06DA0020DFF82015E4B20855641CCF
:2094E000F5E7DFF8F0270121022002F0D7FDDFF8E8270121032002F0D1FDDFF8FC14DFF8EF
:20950000DC07008803F0C9FEDFF8EC240821042002F0C4FDDFF8C8270121042002F0BEFD86
:20952000DFF8E004007800281DD0DFF8D804407840280FD10020DFF8CC1448700020DFF8AA
:20954000C4140870FAF71AFE0748006800680649086008E00020DFF8AC1448700020DFF88E
:20956000A4140870FFE710BD5C65002010B5DFF85C0790F82E00002820D10120FBF753FBF8
:209580000400E4B25A2C07D1FAF7F8FDCD4800680068CC4908607CE0E4B2A52C0DD10120C9
:2095A000DFF8281781F82E000120DFF8381708705A20DFF81817087000E06AE0DFF80C0723
:2095C00090F82E00012864D1DFF818070078002830D00020DFF80C170870DFF80C07C0782D
:2095E000012803D1032005F050F814E0DFF8F806C078022803D1042005F047F80BE0DFF8F5
:20960000E806C078032803D1052005F03EF802E0022005F03AF8FA2002F0D5F8082005F0B4
:2096200034F8FA2002F0CFF805F0C1FB00210E2004F07BFE00F078FBDFF8B026032100206A
:2096400002F02CFD03F03DF8962002F0BCF8DFF8A0260221012002F021FD962002F0B3F827
:20966000DFF890260221022002F018FD962002F0AAF8DFF884260221032002F00FFD96204C
:2096800002F0A1F8DFF874260221042002F006FDFEE710BD70B5DFF868060078002806D000
:2096A000DFF85C060078401EDFF854160870DFF850060078002840F002810220DFF8401613
:2096C000087000200400E4B2202C05DA2020CA49E4B20855641CF6E7DFF8280600780921E3
:2096E00090FBF1F00600DFF81C060078092190FBF1F201FB1200002800D0761CDFF8CC05AF
:2097000090F82E00002840F09B80DFF8C00590F82F005A280ED102F0B4FE0020DFF8AC1510
:2097200081F82F000020DFF8A41548700020DFF89C15C870B3480078002863D0B1484078BA
:20974000012806D0102834D040283DD0802817D04CE0DFF878054078002807D0DFF86C054B
:209760004078401EDFF86415487003E0701EDFF85C1548705A20DFF8541581F82F003BE0DD
:20978000DFF848054078F6B2711E884207D0DFF83C054078401CDFF83415487003E000200E
:2097A000DFF8281548705A20DFF8201581F82F0022E000209349487000209249087000F096
:2097C00027F907F0F5FC17E000208E49487000208C490870FAF7D2FC0020DFF82C150870FF
:2097E0000220DFF8E81481F82E0068E00020854948700020834908700020824948700020B8
:2098000080490870DFF8C40490F82F005A2806D102F037FE0020DFF8B41481F82F00DFF8F3
:20982000EC240221002002F039FCDFF8A0044078092110FB01F2D2B20121002000F04AFE55
:20984000DFF8880490F82E00022838D10120FBF7EAF90500EDB25A2D0ED1DFF8B404DFF856
:20986000B414342205F01EFCFAF788FC1548006800681449086022E0EDB2A52D1ED15A2078
:20988000DFF8481481F82F00FAF778FC0D48006800680C490860092005F08EF8DFF87004B7
:2098A000DFF87014342205F0FDFB02F0EAFDDFF8F8230021012002F02BFC00E0FFE770BDF1
:2098C000740C02085C6500202DE9F34F87B000208DF800009DF80000032880F27F8002F0C6
:2098E000F0FE07980A2190FBF1F0C117CDE9040108980A2190FBF1F0C117CDE90201DDE923
:209900000401DDE90423A2FB00AB02FB01BB03FB00BB54465D46DDE90201DDE90223A2FB0D
:2099200000AB02FB01BB03FB00BB14EB0A0455EB0B05200029006422002307F093FE04002F
:209940000D00012000218D4242DB01DC84423FD3DDE90401DDE90223801859414EF6107269
:209960000023A2FB00AB02FB01BB03FB00BBD046D946404649462200D31707F073FE804686
:209980008946DDE90401DDE90223801A99414EF610720023A2FB00AB02FB01BB03FB00BB2B
:2099A00056465F46300039002200D31707F05AFE06000F003100404603F08EFB002807D05B
:2099C000DFF84C03A0F82E80DFF84403068605E09DF80000401C8DF800007BE79DF800001F
:2099E000032801DA012000E0002009B0BDE8F08F00000020606400207C600020C80E020883
:209A00001C1002083C650020546400204A66002010B5BF4840884FF4FA714843BE49096862
:209A2000B0FBF1F00400B4F5407F04D9B4F5056F01D2B7484480B64880884FF4FA7148435F
:209A4000B5494968B0FBF1F00400B4F5407F04D9B4F5056F01D2AE488480AD48C0884FF418
:209A6000FA714843AC498968B0FBF1F00400B4F5407F04D9B4F5056F01D2A548C480A44828
:209A800000894FF4FA714843A349C968B0FBF1F00400B4F5407F04D9B4F5056F01D29C483E
:209AA00004819B48408941F28E6148439A490969B0FBF1F00400B4F5407F04D9B4F5056F81
:209AC00001D2934844819248808941F28E61484391494969B0FBF1F00400B4F5407F04D922
:209AE000B4F5056F01D28A4884818948C08942F21071484388498969B0FBF1F00400B4F549
:209B0000407F04D9B4F5056F01D28148C4818048008A42F2107148437F49C969B0FBF1F093
:209B20000400B4F5407F04D9B4F5056F01D2784804827748C08A42F2107148437649896AAB
:209B4000B0FBF1F00400B4F5407F04D9B4F5056F01D26F48C4826E48408A42F21071484383
:209B60006D49096AB0FBF1F00400B4F5407F04D9B4F5056F01D2664844826548808A42F298
:209B8000107148436449496AB0FBF1F00400B4F5407F04D9B4F5056F01D25D4884825C4845
:209BA000808D42F2107148435B49C96AB0FBF1F00400B4F5407F04D9B4F5056F01D2544820
:209BC00084855348008B41F28831484353490968B0FBF1F00400B4F5407F04D9B4F5056FE0
:209BE00001D24B4804834A48408B41F2883148434A494968B0FBF1F00400B4F5407F04D98B
:209C0000B4F5056F01D2424844834148808B41F28831484341498968B0FBF1F00400B4F544
:209C2000407F04D9B4F5056F01D2394884833848C08C42F2107148433849C968B0FBF1F0C6
:209C40000400B4F5407F04D9B4F5056F01D23048C4842F48008D42F2107148432F490969DD
:209C6000B0FBF1F00400B4F5407F04D9B4F5056F01D2274804852648408D42F210714843AC
:209C800026494969B0FBF1F00400B4F5407F04D9B4F5056F01D21E48448521480168214874
:209CA0000068FFF711FE10BD640A02083865002053660020340B0208140A02086808020871
:209CC00080080208D40E0208E00E0208CC620020440B0208C40A0208D40A0208E66500203C
:209CE0000C1002085466002078640020140B0208540B0208640B0208740B0208840B02083B
:209D000042660020AEFB000855660020A80D0208986200206462002028620020EC61002019
:209D2000446500204065002080B5DFF87C0A90F82F005A2806D102F0A4FB0020DFF8681AE9
:209D400081F82F00DFF8640A0068C00105D580A21321002002F0A2F904E07EA213210020B8
:209D600002F09CF901BDF8B504000D0016001F00DFF83C0A0660DFF8380A0068DFF8341A82
:209D8000884204D3DFF8300ADFF8241A0860DFF8200A0068DFF8241A884209D30920DFF870
:209DA000201A0880DFF8140ADFF8181A086077E0DFF8FC090068DFF8101A884209D3082011
:209DC000DFF8FC190880DFF8000ADFF8F819086066E0DFF8DC090068DFF8F019884209D3EE
:209DE0000720DFF8DC190880DFF8E009DFF8D419086055E0DFF8B8090068DFF8D419884239
:209E000009D30620DFF8B8190880DFF8C409DFF8B419086044E0DFF89809006842F21071A7
:209E2000884209D30520DFF89819088042F21070DFF89019086033E0DFF874090068B0F537
:209E40007A7F09D30420DFF8781908804FF47A70DFF87019086023E0DFF8540900686428F9
:209E600008D30320DFF8581908806420DFF85419086015E0DFF8380900680A2808D3022040
:209E8000DFF83C1908800A20DFF83819086007E00120DFF82C1908800120DFF82819086007
:209EA0000020DFF88C1B0880DFF8840B0088DFF810190988884249D2DFF8F4080068DFF806
:209EC00004190968B0FBF1F0DFF80819DFF8602B128821F81200DFF8D8080068DFF8D0186B
:209EE0000968DFF8E0281268B1FBF2F1DFF8D428126802FB1100DFF8B8180860DFF8C408FC
:209F000000680A21B0FBF1F0DFF8B81808603B00DBB2DFF8C008DFF8181B098830F81100D8
:209F200010F13002D2B2DFF8080B00882918C9B22000C0B24000C0B201F0DAFEDFF8F00A5E
:209F40000088401CDFF8E81A0880ADE7F1BD0000600000005E000000F0B40023140089B2A6
:209F600000EB01073E00A4B242F21077BC4205DB05273B0042F210773D001DE0A4B2B4F566
:209F80007A7F05DB04273B004FF47A773D0013E0A4B2642C04DB03273B0064273D000BE041
:209FA000A4B20A2C04DB02273B000A273D0003E001273B0001273D009BB2002B12D0A4B209
:209FC000ADB294FBF5F730373770761CA4B2ADB294FBF5F705FB1744ADB20A2795FBF7F570
:209FE0005B1EE9E7F0BC7047F8B504000D0016001F00002E0CD500200090DAA3012229003A
:20A00000C9B22000C0B202F0BDF8F043461C09E000200090D4A301222900C9B22000C0B28E
:20A0200002F0B0F80120DFF8941A0880DFF88C0A008810281DDA7FF00040B0FBF7F0DFF81C
:20A04000801A0860DFF8780A006842F2107188420FDADFF8680A00880641DFF8600A0088F4
:20A06000C740DFF8580A0088401CDFF8501A0880DCE7B6FBF7F0DFF84C1A0880DFF8440AAE
:20A08000008842F21071884204DB42F20F70DFF8341A0880B6FBF7F007FB1060DFF8201A5F
:20A0A0000860DFF81C0A006842F210714843B0FBF7F0DFF80C1A0860DFF8040A00684FF40C
:20A0C0007A7190FBF1F0DFF8041A08804FF47A70DFF8EC190968DFF8E829126892FBF0F261
:20A0E00000FB1210642190FBF1F0DFF8E01948804FF47A70DFF8C8190968DFF8C429126826
:20A1000092FBF0F200FB1210642190FBF1F201FB1200DFF8AC190860DFF8A40900680A2197
:20A1200090FBF1F0DFF8A41988800A20DFF890190968DFF88C29126892FBF0F200FB12106A
:20A14000DFF88819C88002F0BCFA00200090DFF880390722691CC9B22000C0B202F012F8A0
:20A16000DFF860090088B0F57A7F1EDB0023DFF854090288691C89B2200080B2FFF7F3FDA7
:20A1800000200090D1A30422691DC9B22000C0B201F0F8FF0023DFF834090288A91D89B238
:20A1A000200080B2FFF7DFFDD9E0DFF818090088642828DB0023DFF80C090288691C89B25A
:20A1C000200080B2FFF7CFFD00200090BFA30422291DC9B22000C0B201F0D4FF0023DFF822
:20A1E000EC080288691D89B2200080B2FFF7BBFD0023DFF8D8084288A91D89B2200080B229
:20A20000FFF7B1FDABE0DFF8BC0800880A280ADB0023DFF8B0080288691C89B2200080B287
:20A22000FFF7A1FD09E00023DFF898080288A91C89B2200080B2FFF796FD42F21070874225
:20A2400029D100200090DFF81C3B0422E91CC9B22000C0B201F096FF0023DFF8700802886C
:20A26000291D89B2200080B2FFF77DFD0023DFF85C084288691D89B2200080B2FFF773FDFA
:20A280000023DFF848088288A91D89B2200080B2FFF769FD63E0B7F57A7F29D10020009029
:20A2A000DFF8C03A0422E91CC9B22000C0B201F069FF0023DFF814080288291D89B22000FB
:20A2C00080B2FFF750FD0023DFF800084288691D89B2200080B2FFF746FD0023DFF8EC0704
:20A2E0008288A91D89B2200080B2FFF73CFD36E0642F1ED10020009074A30422E91CC9B2CD
:20A300002000C0B201F03EFF0023DFF8C0070288291D89B2200080B2FFF725FD0023DFF84D
:20A32000AC074288691D89B2200080B2FFF71BFD15E00A2F13D10020009065A30422E91C8A
:20A34000C9B22000C0B201F01DFF0023DFF87C070288291D89B2200080B2FFF704FDF1BD64
:20A36000000000002D000000200000002DE9F34F87B01400DFF8F009C078002815D1DFF800
:20A38000EC09DFF8EC19C02204F09CFEDFF8DC0902F0AAFDDFF8D4098346DFF8D809019061
:20A3A000DFF8D40900788DF80200E4B2902000FB04F08344092014FB00F081469DF820004A
:20A3C0000500EDB20A2D7DDA4E4619F1010930009DF80210C0B2884274D20198F6B23101D7
:20A3E00000EB010201212800C0B201F057FE0198F6B231010844821D0C212800C0B201F057
:20A400004DFE002082465FFA8AFABAF1100F08DA002002A95FFA8AFA01F80A001AF1010ABF
:20A42000F1E7DBF8000080461BF1040B6420B8FBF0F007006420B8FBF0F100FB1180ADF829
:20A440000000BDF80030BFB23A00DFF8301902A803F026FA02AA06212800C0B201F01EFE15
:20A460001BF1080BDBF8000007001BF1040B0198F6B231010844C07A032821D038040AD598
:20A48000BFB2FF43BFB23A00DFF8F4180DF10F0003F006FA07E0BFB23A00DFF8E8180DF114
:20A4A0000F0003F0FDF90DF10F020F212800C0B201F0F4FDB9A213212800C0B201F0EEFDE4
:20A4C0006D1C7EE709B0BDE8F08F00002E3030002E3000002DE9F24F82B004001500E4B28D
:20A4E000002C03D0DFF8A008814602E0DFF89C088146A8469DF808000600F6B20A2E80F210
:20A500004A81474618F1010802F0DBF83800DFF880180978C0B2884280F03D81DFF8740827
:20A52000FFB2390100EB010201213000C0B201F0B5FDDFF86008FFB239010844821D0F2196
:20A540003000C0B201F0AAFDDFF84808FFB239010844C07A01281DD1FFB259F82700834620
:20A56000E4B2002C0BD0DFF830080068002806D0DFF82408006800FB0BF0824600E0DA46A0
:20A580004FF47A7352460621F6B2300080B2FFF72BFDFEE0DFF8FC07FFB239010844C07A7B
:20A5A000002830D1FFB259F827008346DFF8EC07006800FB0BF08246DFF81002824516DBEF
:20A5C0004FF47A709AFBF0FA0020009074A301220F213000C0B201F0D5FD4FF47A73524688
:20A5E0000621F6B2300080B2FFF7FEFCD1E00A209AFBF0FA642352460621F6B2300080B290
:20A60000FFF7F2FCC5E0DFF88C07FFB239010844C07A022840F09E80FFB259F8270083466C
:20A62000DFF874070068DFF874170968484382460A209AFBF0FA45F2B500824545DB64203A
:20A640009AFBF0FA0BFB0AFA6048824503DADFF85007824516DA4FF47A709AFBF0FA002074
:20A66000009050A301220F213000C0B201F08AFD4FF47A7352460621F6B2300080B2FFF7FB
:20A68000B3FC86E0BAF57A7F03DADFF81807824512DA0020009042A301220F213000C0B2ED
:20A6A00001F070FD4FF47A7352460621F6B2300080B2FFF799FC6CE0642352460621F6B27E
:20A6C000300080B2FFF790FC63E00BFB0AFA3B48824503DADFF8D006824515DA3C489AFBA6
:20A6E000F0FA002000902FA301220F213000C0B201F048FD4FF47A7352460621F6B23000FC
:20A7000080B2FFF771FC44E03148824503DADFF8B00B824515DA64209AFBF0FA0020009068
:20A720001FA301220F213000C0B201F02BFD4FF47A7352460621F6B2300080B2FFF754FC0A
:20A7400027E0642352460621F6B2300080B2FFF74BFC1EE0DFF83C06FFB239010844C07ADD
:20A7600004280BD142F21073FFB259F827200621F6B2300080B2FFF737FC0AE04FF47A735D
:20A78000FFB259F827200621F6B2300080B2FFF72BFC761CB1E6BDE8F78F0000400000008E
:20A7A0006B0000004D000000CC620020B86400205065002000CA9A3BFFC99A3B00E1F5056B
:20A7C000FC650020546500208096980040420F00A0860100D86300202DE9F34F83B01400BF
:20A7E0001D00002083465FFA8BFBBBF1100F09DA0020DFF8D01A5FFA8BFB01F80B001BF1F6
:20A80000010BF0E7C5F302108DF8040015F00F000600F6B2002E06D0022E17D008D3042E18
:20A8200032D021D340E0ADF806400020804640E0A4B20A2094FBF0F0ADF80600A4B20A20F7
:20A8400094FBF0F100FB1140804632E0A4B2642094FBF0F0ADF80600A4B2642094FBF0F126
:20A8600000FB1140804624E0A4B24FF47A7094FBF0F0ADF80600A4B24FF47A7094FBF0F132
:20A8800000FB1140804614E0A4B242F2107094FBF0F0ADF80600A4B242F2107094FBF0F114
:20A8A00000FB1140804604E00020ADF8060000208046002081469DF80400002804D1302024
:20A8C000DFF8001A087051E09DF8040006284CDA280617D5002083465FFA8BFBBBF1040F50
:20A8E00009DA2020DFF8DC195FFA8BFB01F80B001BF1010BF0E7DFF8CC19200080B202F097
:20A90000CCFC33E0002083465FFA8BFBBBF1040F09DA3020DFF8AC195FFA8BFB01F80B0023
:20A920001BF1010BF0E7BDF806008246002007001FFA8AFABAF10A0F06DB1FFA8AFA0A2075
:20A940009AFBF0FA7F1CF3E79DF8040059FA80F0401EFFB2B0EB0709BDF80620494689B248
:20A96000DFF86009FFF7F8FA00E05EE0FFB2781C10EB0909F6B2002E0ED10020009052A3E5
:20A980000122BDF8100010EB0901C9B2BDF80C00C0B201F0F7FB3BE0F6B2052E38DA2E20E3
:20A9A000DFF820191FFA89F901F80900012083465FFA8BFB1FFA89F9D9F1050083450ADA0B
:20A9C0003020DFF800191FFA89F959FA8BF288541BF1010BECE7C246002007001FFA8AFA39
:20A9E000BAF10A0F06DB1FFA8AFA0A209AFBF0FA7F1CF3E759FA86F0FFB2B0EB070942464A
:20AA000092B2494689B2DFF8BC08FFF7A5FA761C00200090DFF8AC380622BDF81010C9B283
:20AA2000BDF80C00C0B201F0ADFB05B0BDE8F08FFA6500202DE9F84304000D001600FFF784
:20AA400073F915FB06F0804600200700FFB2092F32DAC14618F101084846DFF86C1809781F
:20AA6000C0B2884228D248462100C0B2C9B2884210D1DFF8580800685FFA89F94FF4B27179
:20AA800001FB09F10844421C00213800C0B201F03FFB0FE0DFF8340800685FFA89F94FF498
:20AAA000B27101FB09F10844421C00213800C0B201F0F4FA7F1CC9E7BDE8F183FE65002042
:20AAC00058650020006600202000000098640020F40C02082DE9F54F81B00D001E000C9F6C
:20AAE0000D9CFFF721F9721C0021002001F0D6FA9DF8080010FB04F08246012080465FFA69
:20AB000088F8B8F10A0F80F29A80D1461AF1010A4846717CC0B2884280F09180484629004B
:20AB2000C0B2C9B2884210D1012000905FFA89F91C2000FB09F0304410F1150309220021E8
:20AB40004046C0B201F01EFB0FE0002000905FFA89F91C2000FB09F0304410F11503092291
:20AB600000214046C0B201F00DFB002000905FFA89F91C2000FB09F0304410F12A03022242
:20AB80000F214046C0B201F0FDFA5FFA89F91C2000FB09F03044C06A002836D05FFA89F9F3
:20ABA0001C2000FB09F03044408C5FFA89F91C2101FB09F13144097D37F81110884209D227
:20ABC0005FFA89F91C2000FB09F03044007D002127F810105FFA89F91C2000FB09F030449A
:20ABE000C06A83465FFA89F91C2000FB09F03044007D37F810000921484383445A460921E1
:20AC00004046C0B201F04AFA16E05FFA89F91C2000FB09F03044C37F5FFA89F91C2000FB3E
:20AC200009F03044007D37F8102009215FFA88F8404680B2FFF7D0FD18F101085FE7BDE850
:20AC4000F78F2DE9F84304000D0016001F00EDB21C2000FB05F03044C06A81463888804621
:20AC6000DFF86C060078002865D03C20DFF864160870DFF85C064078012809D0082807D097
:20AC8000102812D0202803D040282AD0802842D118F10108EDB21C2000FB05F03044408C45
:20ACA000404501D2002080463DE00020DFF8201648700020DFF818160870092000FB08F09B
:20ACC0008144EDB209204A46092195FBF0F300FB1350401CC0B201F0E1F9A7F80080A520DF
:20ACE0003DE00020DFF8E81548700020DFF8E01508703888092148438144EDB209204A4695
:20AD0000092195FBF0F300FB1350401CC0B201F0C5F95A2023E00020DFF8B41548700020A6
:20AD2000DFF8AC1508700020DFF8A41548700020DFF89C150870092000FB08F08144EDB2FB
:20AD400009204A46092195FBF0F300FB1350401CC0B201F0DDF9A7F800804046C0B2BDE8EE
:20AD6000F2830000040F020878640020D45D0020145D002064FD01081AF10008000D0208CF
:20AD80000C0F0208140F0208FC620020EC610020AEFB0008B8000208486500204C65002065
:20ADA000C1BDF0FF19FCFFFF011F0AFA2DE9F94F85B08846140006989DF814101C22514351
:20ADC0000844C07F8DF80200002083465FFA8BFBBBF1200F09DA0020DFF8FC145FFA8BFBF5
:20ADE00001F80B001BF1010BF0E710980490002006000498008805009DF80200C0B29DF837
:20AE0000021011F0070111EB10108DF801009DF8020010F007008DF800009DF80000002895
:20AE20000AD1DFF8B414280080B202F0DEFA9DF801008DF8030091E09DF80100401C8DF86E
:20AE400003009DF801009DF80010401A8DF800009DF80100052815DBADB242F2107095FB7F
:20AE6000F0F08DF80400ADB242F2107095FBF0F100FB11559DF804003030DFF85C14F6B29C
:20AE80008855761CADB24FF47A7095FBF0F08DF80700ADB24FF47A7095FBF0F100FB11555D
:20AEA0009DF807003030DFF83014F6B28855761C9DF800003100C9B2884205D12E20DFF85E
:20AEC0001814F6B28855761CADB2642095FBF0F08DF80600ADB2642095FBF0F100FB11559C
:20AEE0009DF806003030DFF8F013F6B28855761C9DF800003100C9B2884205D12E20DFF860
:20AF0000D813F6B28855761CADB20A2095FBF0F08DF80500ADB20A2095FBF0F100FB115551
:20AF20009DF805003030DFF8B013F6B28855761C9DF800003100C9B2884205D12E20DFF860
:20AF40009813F6B28855761C28008DF804009DF804003030DFF88013F6B2885501208346AC
:20AF60005FFA8BFB2078401C834516DA5FFA8BFB14F80B00DFF860135FFA88F811F908100B
:20AF800000B209B2884205D15FFA8BFB04EB0B00070002E01BF1010BE2E7CD48007800284C
:20AFA00000F0DD803C20CB490870C948407801280CD0082877D0102800F0A88020283FD070
:20AFC000402800F0B88080281CD0BCE03878202802D1601C070000E07F1C97F90000BE4951
:20AFE0005FFA88F801F80800BB485FFA88F810F90800202805D13020B7495FFA88F801F84A
:20B000000800A6E03878302804D120782044401E070000E07F1E97F90000AF495FFA88F886
:20B0200001F80800AC485FFA88F810F90800202805D13020A8495FFA88F801F8080088E090
:20B040005FFA88F8B8F1000F04D19DF80300401E804601E0B8F1010800208346584621781B
:20B06000C0B2884215D25FFA8BFB14F80B009A495FFA88F811F9081000B209B2884205D1CC
:20B080005FFA8BFB04EB0B00070002E01BF1010BE4E791485FFA88F810F908002E2801D120
:20B0A000B8F1010855E05FFA88F89DF80300401E804502D10020804601E018F10108002049
:20B0C000834658462178C0B2884215D25FFA8BFB14F80B0080495FFA88F811F9081000B2E1
:20B0E00009B2884205D15FFA8BFB04EB0B00070002E01BF1010BE4E777485FFA88F810F9AF
:20B1000008002E2801D118F1010822E000207049487000206E4908709DF8140009236E4A7E
:20B12000092190FBF3FC03FB1C00401CC0B200F0B5FFA520C0E00020654948700020644927
:20B1400008705A20B8E000206149487000206049087000205E49487000205D4908709DF850
:20B16000020010F007008DF800000020824600208146002083465FFA8BFBBBF1050F08DA08
:20B18000002002A95FFA8BFB01F80B001BF1010BF1E7002083465FFA8BFB9DF80100401C57
:20B1A00083452ADA5FFA8BFB9DF801009DF80010401A83451CD048485FFA8AFA10F90A001B
:20B1C000202808D1002002A95FFA89F901F8090019F101090CE040485FFA8AFA10F90A002E
:20B1E000303802A95FFA89F901F8090019F101091AF1010A1BF1010BCDE79DF801000528A6
:20B200001CDB9DF8080042F2107110FB01F09DF809104FF47A7211FB02009DF80A106422C9
:20B2200011FB02009DF80B100A2211FB02009DF80C1050FA81F00499088015E09DF80800F3
:20B240004FF47A7110FB01F09DF80910642211FB02009DF80A100A2211FB02009DF80B10E9
:20B2600050FA81F0049908809DF8140009231A4A092190FBF3FC03FB1C00401CC0B200F039
:20B280000DFF9DF814005FF0090C012312495FFA88F811F808100A00D2B218F10901C9B200
:20B2A00090FBFCFE0CFB1E00401CC0B24000C0B200F01EFD4046C0B207B0BDE8F08F000086
:20B2C0006179FEFF206400203A660020186500203C650020406600207C60002010B582B01C
:20B2E000040001222100684606F0C2FA9DF8000016BD38B504000D00280080B2000A8DF857
:20B30000000028008DF8010002222100684606F08CFB31BD80B5DFF8700D06F0DFFC4FF484
:20B320000070ADF8000002208DF8020018208DF803006946DFF8500D06F013FD4FF4806083
:20B34000ADF8000048208DF803006946DFF8380D06F007FD4FF41940ADF8000048208DF865
:20B36000030002208DF802006946DFF81C0D06F0F8FCDFF8180D06F0B1FC41F2FF30ADF8E2
:20B38000000010208DF8030002208DF802006946DFF8F80C06F0E5FC0121DFF8F00C06F000
:20B3A0008EFD0221DFF8E40C06F089FD0421DFF8DC0C06F084FD0821DFF8D00C06F07FFDF3
:20B3C0001021DFF8C80C06F07AFD2021DFF8BC0C06F075FD4021DFF8B40C06F070FD8021E0
:20B3E000DFF8A80C06F06BFD4FF48071DFF89C0C06F065FD4FF40071DFF8900C06F05FFDE0
:20B400004FF48051DFF8840C06F059FD4FF48060ADF8000048208DF8030002208DF8020004
:20B420006946DFF8680C06F09CFCDFF8640C06F055FC7820ADF8000010208DF803000220DF
:20B440008DF802006946DFF8480C06F08AFC0821DFF83C0C06F033FD1021DFF8340C06F063
:20B460002EFD2021DFF8280C06F029FD4021DFF8200C06F024FD4FF4FC50ADF80000482022
:20B480008DF8030002208DF802006946DFF8000C06F067FCDFF8FC0B06F020FC0F20ADF8CC
:20B4A000000048208DF8030002208DF802006946DFF8E00B06F055FC4FF6F070ADF80000F1
:20B4C00010208DF8030002208DF802006946DFF8C40B06F046FC1021DFF8B80B06F0EFFCD2
:20B4E0002021DFF8B00B06F0EAFC4021DFF8A40B06F0E5FC8021DFF89C0B06F0E0FC4FF4AB
:20B500008071DFF8900B06F0DAFC4FF40071DFF8840B06F0D4FC4FF48061DFF8780B06F0A8
:20B52000CEFC4FF40061DFF86C0B06F0C8FC4FF48051DFF8600B06F0C2FC4FF40051DFF820
:20B54000540B06F0BCFC4FF48041DFF8480B06F0B6FC4FF40041DFF83C0B06F0B0FCDFF8ED
:20B56000380B06F0BBFBA020ADF8000010208DF8030002208DF802006946DFF81C0B06F073
:20B58000F0FB2021DFF8100B06F099FC8021DFF8080B06F094FC0120ADF8000048208DF83E
:20B5A000030002208DF802006946DFF8EC0A06F0D8FB4FF47F40ADF8000048208DF8030003
:20B5C00002208DF802006946DFF8CC0A06F0C9FB01BD10B50400E4B2012C04D11021DFF885
:20B5E000AC0A06F06FFCE4B2022C04D10821DFF89C0A06F067FCE4B2032C09D12021DFF8E5
:20B60000900A06F05FFC2021DFF8880A06F05AFCE4B2042C09D10121DFF8700A06F052FCF2
:20B620001021DFF8700A06F04DFCE4B2052C04D14021DFF8600A06F045FCE4B2062C04D137
:20B640008021DFF8500A06F03DFCE4B2072C04D10821DFF83C0A06F035FCE4B2082C04D13F
:20B660008021DFF8340A06F02DFCE4B2092C04D10421DFF8180A06F025FCE4B20A2C04D17F
:20B680000221DFF8080A06F01DFCE4B20B2C04D10121DFF8F80906F015FCE4B20C2C04D149
:20B6A0002021DFF8EC0906F00DFCE4B20D2C04D11021DFF8DC0906F005FCE4B20E2C04D151
:20B6C0004021DFF8CC0906F0FAFB10BD10B50400E4B2012C04D11021DFF8B00906F0EFFBA3
:20B6E000E4B2022C04D10821DFF8A00906F0E7FBE4B2032C09D12021DFF8940906F0DFFB0C
:20B700002021DFF8900906F0DAFBE4B2042C09D10121DFF8780906F0D2FB1021DFF874094B
:20B7200006F0CDFBE4B2052C04D14021DFF8640906F0C5FBE4B2062C04D18021DFF85409E2
:20B7400006F0BDFBE4B2072C04D10821DFF8400906F0B5FBE4B2082C04D18021DFF8380956
:20B7600006F0ADFBE4B2092C04D10421DFF81C0906F0A5FBE4B20A2C04D10221DFF80C0924
:20B7800006F09DFBE4B20B2C04D10121DFF8FC0806F095FBE4B20C2C04D12021DFF8F00843
:20B7A00006F08DFBE4B20D2C04D11021DFF8E00806F085FBE4B20E2C04D14021DFF8D0084C
:20B7C00006F080FB10BD38B50400002005002800210080B289B2884205D24FF47A7000F0A1
:20B7E00003F86D1CF3E731BD10B4002319000B0004009BB2A4B2A34208D200231A00D2B2CB
:20B800000A2A01DA521CFAE7491CF0E710BC704710B500200400E4B2062C0EDA14F1080065
:20B82000C0B2FFF7D6FE9620FFF7CDFF14F10800C0B2FFF74BFF641CEDE710BD704710B5F8
:20B84000DFF8BC0B0078002844D1DFF84C0806F030FB40F30720C04300B20400E4B2002C74
:20B8600008D10020DFF8981B48800020DFF8941B087006E0DFF8880B4088401CDFF8801B79
:20B880004880DFF87C0B4088052816D12000DFF8701B4978C0B288420FD0DFF8640B44704E
:20B8A0000120DFF85C1B08707820DFF85C1B08700020DFF8581B08800CE0DFF8440B408877
:20B8C000B0F5FA7F06DB0020DFF8341B4870DFF8340B047010BD10B582B000200090DFF896
:20B8E000300B0088401CDFF8281B08804FF40071DFF89C0706F0D0FA002803D1009850F0C5
:20B90000010000904FF48071DFF87C0706F0C4FA002803D1009850F0020000904FF400614A
:20B92000DFF8640706F0B8FA002803D1009850F0040000904FF48051DFF84C0706F0ACFADB
:20B94000002803D1009850F0080000904FF40041DFF8340706F0A0FA002803D1009850F081
:20B9600010000090DFF8280706F0A3FA009980B2400980B2C04310F0E00008430090DFF8B3
:20B98000140706F096FA009980B2C043000210F4706008430090DFF8F80606F08AFA00999F
:20B9A00040F3C110C04300B2000310F440500843009000988004800C009000200400E4B26A
:20B9C000102C13DA2100C9B2684601F005FC00280AD0DFF8C80CE4B230F81400401CDFF850
:20B9E000BC1CE4B221F81400641CE8E7DFF8200A00880C2824DB0020DFF8141A08800020D4
:20BA00000400E4B2102C1BDADFF8900CE4B230F81400062806DB2100C9B2DFF8B00C01F0E7
:20BA2000CDFB05E02100C9B2DFF8A00C01F0B8FB0020DFF8681CE4B221F81400641CE0E711
:20BA400013BD70B504000D00302000F0D1FD752000F0CEFDE4B2200080B200F0F4FD132086
:20BA600000F0F1FD152000F0C3FDEDB2E80080B200F0E9FD9F2000F0E6FD5C2000F0B8FDC1
:20BA800000200600F6B2082E08DADFF8440CF6B2805D80B200F0D7FD761CF3E7302000F072
:20BAA000A7FD752000F0A4FDE4B2601C80B200F0CAFD132000F0C7FD152000F099FDEDB280
:20BAC000E80080B200F0BFFD9F2000F0BCFD5C2000F08EFD00200600F6B2082E09DADFF883
:20BAE000F00BF6B23044007A80B200F0ACFD761CF2E770BD70B504000D00302000F078FD67
:20BB0000752000F075FDE4B2200080B200F09BFD132000F098FD152000F06AFDEDB2E800F3
:20BB200080B200F090FD9F2000F08DFD5C2000F05FFD00200600F6B2082E04DA002000F063
:20BB400082FD761CF7E7302000F052FD752000F04FFDE4B2601C80B200F075FD132000F0CD
:20BB600072FD152000F044FDEDB2E80080B200F06AFD9F2000F067FD5C2000F039FD00200B
:20BB80000600F6B2082E04DA002000F05CFD761CF7E770BD2DE9F04704000D0016001F004A
:20BBA000DDF82080302000F023FD752000F020FDE4B2200080B200F046FD132000F043FD90
:20BBC000152000F015FDEDB2280080B200F03BFD9F2000F038FD5C2000F00AFD00208246CE
:20BBE00050463100C0B2C9B2884219D20020814648463900C0B2C9B288420ED25FFA8AFABA
:20BC0000FFB25FFA89F907FB0A9018F9000080B200F019FD19F10109EAE71AF1010ADFE7F2
:20BC2000BDE8F0872DE9F84304000D0016001F00DDF82080302000F0DBFC752000F0D8FC6C
:20BC4000E4B2200080B200F0FEFC132000F0FBFC152000F0CDFCEDB2280080B200F0F3FC32
:20BC60009F2000F0F0FC5C2000F0C2FC002081465FFA89F9B9F1080F09DA5FFA89F918F9AD
:20BC8000090080B200F0DFFC19F10109F0E7302000F0AEFC752000F0ABFCE4B2601C80B259
:20BCA00000F0D1FC132000F0CEFC152000F0A0FCEDB2280080B200F0C6FC9F2000F0C3FC00
:20BCC0005C2000F095FC002081465FFA89F9B9F1080F0BDA5FFA89F908EB090090F9080097
:20BCE00080B200F0B0FC19F10109EEE7BDE8F1832DE9F84304000D0016001F00DFF8800C7A
:20BD0000F6B231010844B0F500708146302000F06FFC752000F06CFCE4B2200080B200F0B1
:20BD200092FC132000F08FFC152000F061FCEDB2E80080B200F087FC9F2000F084FC5C206E
:20BD400000F056FC002080465FFA88F8B8F1080F15DAFFB2002F08D05FFA88F819F8080089
:20BD6000C04380B200F06FFC06E05FFA88F819F8080080B200F067FC18F10108E4E73020A9
:20BD800000F036FC752000F033FCE4B2601C80B200F059FC132000F056FC152000F028FC86
:20BDA000EDB2E80080B200F04EFC9F2000F04BFC5C2000F01DFC002080465FFA88F8B8F1AD
:20BDC000080F17DAFFB2002F09D05FFA88F809EB0800007AC04380B200F035FC07E05FFABD
:20BDE00088F809EB0800007A80B200F02CFC18F10108E2E7BDE8F1832DE9F84304000D00AD
:20BE000016001F00DFF8780BF6B231010844B0F500708146302000F0EBFB752000F0E8FB03
:20BE2000E4B2200080B200F00EFC132000F00BFC152000F0DDFBEDB2E80080B200F003FC51
:20BE40009F2000F000FC5C2000F0D2FB002080465FFA88F8B8F1080F15DAFFB2002F08D0D8
:20BE60005FFA88F819F80800C04380B200F0EBFB06E05FFA88F819F8080080B200F0E3FBED
:20BE800018F10108E4E7302000F0B2FB752000F0AFFBE4B2601C80B200F0D5FB132000F082
:20BEA000D2FB152000F0A4FBEDB2E80080B200F0CAFB9F2000F0C7FB5C2000F099FB0020F2
:20BEC00080465FFA88F8B8F1080F17DAFFB2002F09D05FFA88F809EB0800007AC04380B2D5
:20BEE00000F0B1FB07E05FFA88F809EB0800007A80B200F0A8FB18F10108E2E7BDE8F183B7
:20BF00002DE9F04788B004000D0016001F000020814640F28F108246002080465FFA88F817
:20BF2000B8F1200F08DA002069465FFA88F801F8080018F10108F1E75046494680B289B222
:20BF40008842C0F09D803000DFF8881A1FFA89F931F8191080B2884240F08F80302000F039
:20BF600047FB752000F044FBE4B2200080B200F06AFB132000F067FB152000F039FBEDB201
:20BF8000E80080B200F05FFB9F2000F05CFB5C2000F02EFB002080465FFA88F8B8F1100F1B
:20BFA00023DAFFB2002F0FD0DFF82C0A1FFA89F95FEA491108445FFA88F810F80800C04342
:20BFC00080B200F040FB0DE0DFF80C0A1FFA89F95FEA491108445FFA88F810F8080080B285
:20BFE00000F031FB18F10108D6E7302000F000FB752000F0FDFAE4B2601C80B200F023FB4D
:20C00000132000F020FB152000F0F2FAEDB2E80080B200F018FB9F2000F015FB5C2000F0EA
:20C02000E7FA002080465FFA88F8B8F1100F23DAFFB2002F0FD0DFF8A0091FFA89F95FEA78
:20C04000491108445FFA88F84044007CC04380B200F0F9FA0DE0DFF880091FFA89F95FEA18
:20C06000491108445FFA88F84044007C80B200F0EAFA18F10108D6E702E019F101095BE734
:20C0800008B0BDE8F087000000080140000C01400010014000140140001801402DE9F843E6
:20C0A00081460C0015005FFA89F95FEA490995F9000000282AD0287800060ED495F900005C
:20C0C00080466D1C00234246D2B22100C9B24846C0B2FFF791FE641C14E0287806006D1C1E
:20C0E000287807006D1CF6B2300250FA87F080460023424692B22100C9B24846C0B2FFF72E
:20C10000FFFEA41CE4B2142CD1DBFFE7BDE8F1832DE9F84381460C0015005FFA89F95FEA84
:20C12000490995F9000000282AD0287800060ED495F9000080466D1C01234246D2B2210047
:20C14000C9B24846C0B2FFF757FE641C14E0287806006D1C287807006D1CF6B2300250FA22
:20C1600087F080460123424692B22100C9B24846C0B2FFF7C5FEA41CE4B2142CD1DBFFE715
:20C18000BDE8F1832DE9F84F80468A46150099460A9C5FFA88F85FEA48085FFA88F8B8F105
:20C1A000140F04DA5FFA8AFABAF1140F00DB48E00020834699F90000002842D099F800008A
:20C1C000000613D499F90000070019F101092300DBB23A00D2B25146C9B24046C0B2FFF757
:20C1E0000BFE1AF1010A1BF1010B1EE099F800008DF8000019F1010999F80000060019F13F
:20C2000001099DF80000000250FA86F007002300DBB23A0092B25146C9B24046C0B2FFF788
:20C220006FFE1AF1020A1BF1020B58462900C0B2C9B2884205D25FFA8AFABAF1140FB9DBCD
:20C24000FFE7BDE8F18F80B54FF40071DFF8F40705F035FE0220FFF7B6FA4FF40071DFF89D
:20C26000E40705F02FFEC820FFF7ADFA4FF40071DFF8D00705F023FE8021DFF8C80705F078
:20C280001EFEC820FFF79FFA312000F0B1F9D72000F0AEF99F2000F0ABF9E02000F0A8F9AE
:20C2A000002000F0D0F90A20FFF78DFAE32000F09FF91420FFF787FAE12000F099F93020F5
:20C2C00000F096F9942000F093F9D12000F090F9AE2000F08DF9A62000F08AF9CA2000F0EE
:20C2E00087F9002000F0AFF99F2000F0ACF9002000F0A9F9BC2000F07BF9002000F0A3F914
:20C30000AB2000F075F9002000F09DF9202000F06FF90B2000F097F9812000F069F9DFF841
:20C320002807807880B200F08EF9042000F08BF90C2000F05DF9F02000F05AF9102000F0B0
:20C3400082F9762000F054F9312000F051F9322000F04EF9002000F076F9012000F073F97F
:20C36000032000F070F9512000F042F9FB2000F06AF9402000F03CF9F02000F039F903205D
:20C3800000F061F9072000F05EF90C2000F05BF9142000F058F9F22000F02AF90F2000F0BC
:20C3A00052F9282000F04FF95A2000F04CF9F42000F01EF96F2000F046F9222000F043F9BC
:20C3C000112000F040F9022000F03DF9002000F03AF9322000F037F9822000F034F9B62071
:20C3E00000F031F9302000F003F9AF2000F000F90021002000F00EF80E20FFF7EAF801BD34
:20C400003C6500204566002040660020D0650020AE650020F8B504000D00302000F0E8F864
:20C42000752000F0E5F8002000F00DF9132000F00AF9152000F0DCF8002000F004F99F2099
:20C4400000F001F95C2000F0D3F800200600F6B2142E12DA00200700FFB2502F0BDAE4B2ED
:20C46000200080B200F0EFF8EDB2280080B200F0EAF87F1CF0E7761CE9E70A20FFF7A3F938
:20C48000F1BD80B5312000F0B3F8D72000F0B0F89F2000F0ADF8E02000F0AAF8002000F048
:20C4A000D2F80A20FFF78FF9E32000F0A1F81420FFF789F9E12000F09BF8302000F098F87E
:20C4C000942000F095F8D12000F092F8AE2000F08FF8A62000F08CF8CA2000F089F80020C6
:20C4E00000F0B1F89F2000F0AEF8002000F0ABF8BC2000F07DF8002000F0A5F8AB2000F0F2
:20C5000077F8002000F09FF8202000F071F80B2000F099F8812000F06BF8282000F093F809
:20C52000042000F090F80C2000F062F8F02000F05FF8102000F087F8762000F059F83120CB
:20C5400000F056F8322000F053F8002000F07BF8012000F078F8032000F075F8512000F02B
:20C5600047F8FB2000F06FF8402000F041F8F02000F03EF8032000F066F8072000F063F868
:20C580000C2000F060F8142000F05DF8F22000F02FF80F2000F057F8282000F054F85A2019
:20C5A00000F051F8F42000F023F86F2000F04BF8222000F048F8112000F045F8022000F07F
:20C5C00042F8002000F03FF8322000F03CF8822000F039F8B62000F036F8302000F008F86D
:20C5E000AF2000F005F800210020FFF713FF01BD10B504004FF48071DFF8480405F062FC05
:20C600002021DFF8400405F05DFCDFF8400405F053FC00F0FF0050EA042189B2DFF82C0481
:20C6200005F053FC4021DFF81C0405F04BFC4021DFF8100405F043FC4FF48071DFF804048F
:20C6400005F03DFC10BD10B504004FF48071DFF8F40305F037FC2021DFF8E80305F02FFCC9
:20C66000DFF8E80305F028FC00F0FF0050EA042189B2DFF8D80305F028FC4021DFF8C4038C
:20C6800005F020FC4021DFF8BC0305F018FC4FF48071DFF8B00305F012FC10BDAC610020CE
:20C6A00080B545F2555005F045FE042005F046FE4FF4C86005F046FE05F048FE05F04BFEB7
:20C6C00001BD80B505F042FE01BDFEE788640020B40A020800B585B044F250600290012038
:20C6E000ADF800000020ADF80C000020019000208DF80E0069465FF0804005F037FE44F63E
:20C70000206002901120ADF800000020ADF80C000020019000208DF80E006946DFF834033F
:20C7200005F024FE01215FF0804005F076FE0121DFF8200305F071FE012201215FF0804074
:20C7400005F060FE01220121DFF8080305F05AFE01215FF0804005F06EFE0121DFF8F40291
:20C7600005F069FE0020DFF8F012087001215FF0804005F039FE0121DFF8D80205F034FE95
:20C7800005B000BD00B585B00020009001208DF8040003208DF805005FF4602002900020B1
:20C7A000039000208DF810006946DFF8B00205F071FE0221DFF8A40205F026FF0223012293
:20C7C0000321DFF8980205F0C6FE022302220421DFF8880205F0BFFE4FF4E041DFF87C02D1
:20C7E00005F0B1FE0020009001208DF8040003208DF805005FF46020029000200390002056
:20C800008DF810006946DFF8580205F043FE0421DFF84C0205F0F8FE022301220521DFF8F3
:20C82000400205F098FE022302220621DFF8300205F091FE022303220721DFF8240205F0CA
:20C840008AFE022304220A21DFF8140205F083FE4FF4E041DFF8080205F075FE002000901A
:20C8600001208DF8040003208DF805005FF4602002900020039000208DF810006946DFF80E
:20C88000E40105F007FE0321DFF8D80105F0BCFE022301220021DFF8CC0105F05CFE0223B5
:20C8A00002220121DFF8BC0105F055FE022303220221DFF8B00105F04EFE4FF4E041DFF8E5
:20C8C000A40105F040FE0121DFF8900105F00CFE012005F0A8FEDFF8840105F012FEDFF803
:20C8E0007C0105F013FE0028F9D1DFF8700105F019FEDFF8680105F01AFE0028F9D101210E
:20C90000DFF85C0105F0F0FDDFF8540105F0F9FDDFF84C0105F0FAFD0028F9D1DFF84001D0
:20C9200005F000FEDFF8380105F001FE0028F9D10121DFF8300105F0D7FDDFF8280105F026
:20C94000E0FDDFF8200105F0E1FD0028F9D1DFF8140105F0E7FDDFF80C0105F0E8FD002892
:20C96000F9D105B000BD80B502F0BFFEDFF8F80003F082F80020DFF8F410087001BD00002A
:20C98000FCD5010880B5304802F079FB2E4800785A2815D12C484078000702D50420FEF731
:20C9A00018FE29488078102803DB2748807839280FDB282024498870234802F069FB08E0DA
:20C9C0005A202149087028201F4988701E4802F05FFB01BD54EF01089C6501085221244AAC
:20C9E00011700021224A517000210800C0B204280DDA20211E4AC0B202EB4002917000214E
:20CA00001B4AC0B202EB4002D170401CEEE72021184A1170704700210D4A1172002108009F
:20CA2000C0B204280CDA2021094AC0B202F810100021074AC0B202EB40025170401CEFE74C
:20CA400070470000000C0140386500200014014004590020000400404766002000240140CD
:20CA600000280140003C01409064002044660020C85600200064002030B4FF23FF240D00FA
:20CA8000691EADB2002D10D005786B40401CDBB21A00DFF8785592B2AD5C65402B00DFF8E0
:20CAA000705592B2AD5C2C00E9E70370447030BC70472DE9F44F2DED028B82B004008A4698
:20CAC0001D00B0EE408A0E9E00208046002081460FFA8AFA1AF1D7004FF4807190FBF1F247
:20CAE00001FB120A00200700FFB2282F27DA0FFA8AFA34F91A0083461AF1020A0AF0FF0A37
:20CB00000FFA8AFA34F81A00BBEB000BFFB2BFB27800ADF80000DFF8FC04BDF8001000EBCB
:20CB20004100B0F902001BFB0088DFF8E804BDF8001030F911001BFB0099BF1CD4E75FEA1B
:20CB400028385FEA293900EE108AB8EEC00A20EE080ABDEEC00A10EE108A00EE109AB8EE67
:20CB6000C00A20EE080ABDEEC00A10EE109AC5F80480C5F8089009FB09F008FB080001907F
:20CB8000019800F07FFA306002B0BDEC028BBDE8F18F884201D3401A00E0081A7047F8B598
:20CBA00004000D0016001F0060686968081840427060A068A96808184042B060B168706868
:20CBC00000F02AFA306030683860F1BD2DE9F84F81468B4692465FF00008002004001FFA72
:20CBE0008BFB1BF1B0004FF4807190FBF1F201FB1200060000200700BFB2502F0BDA761CAF
:20CC0000B6B2FF2E01DD00200600B6B239F9160024187F1CF0E7502094FBF0F0DFF8001552
:20CC20005FFA8AFA41F82A001FFA8BFB1BF1D7004FF4807190FBF1F201FB1200060000205C
:20CC40000700BFB2282F14DAB6B239F916000500DFF8CC045FFA8AFA50F82A002D1A05FB25
:20CC60000588761CB6B2FF2E01DD002006007F1CE7E7404600F006FA05F0EEFCDFF8A4249F
:20CC8000DFF8A43405F000FD05F0E6FD009000980B2801D2002000900098BDE8F28F2DE969
:20CCA000F84F8246894690461C000025BDF92800D7304FF4807190FBF1F201FB12000600E4
:20CCC00000200700BFB2282F38DA9DF82C00002815D0B6B23AF91600DFF844145FFA89F9CA
:20CCE00051F82910401AB6B238F916104018DFF83014E4B251F82410401A834614E0B6B294
:20CD00003AF91600DFF818145FFA89F951F82910401AB6B238F91610401ADFF80414E4B272
:20CD200051F82410081883460BFB0B55761CB6B2FF2E01DD002006007F1CC3E7280000F09F
:20CD4000A1F905F089FCDFF8DC23DFF8DC3305F09BFC05F081FD009000980B2801D20020B6
:20CD600000900098BDE8F28F2DE9F04F87B083468A469146002007003E000FFA8BFB1BF169
:20CD8000D7004FF4807190FBF1F201FB120004000FFA8BFB1BF1B9004FF4807190FBF1F212
:20CDA00001FB12000500002080460FFA88F8B8F1280F68DA641C24B2FF2C01DD002004004C
:20CDC0006D1C2DB2FF2D01DD00200500DFF85C032DB200EB4500B0F9000CDFF84413096823
:20CDE000401A0390DFF844032DB200EB45004FF48051405EDFF828138968401A0290DFF8A1
:20CE00002C0324B200EB4400B0F9000CDFF810130968401A0590DFF8140324B200EB4400DC
:20CE20004FF48051405EDFF8F8128968401A0490DFF8F80224B200EB4400B0F90004DFF826
:20CE4000E012C968401A0190DFF8E00224B200EB4400B0F90006DFF8C8120969401A00904A
:20CE60000598019901FB00600499009A02FB11060398019901FB00700299009A02FB1107E9
:20CE800018F1010891E7B01005F0E6FBDFF8A022DFF8A03205F0F6FC05F0C8FCCAF80000CE
:20CEA000B81005F0D9FBDFF88822DFF8883205F0E9FC05F0BBFCC9F80000DAF8000005F0C1
:20CEC0000CFEB0F5C87F02DA0020CAF80000D9F8000005F002FEB0F5C87F02DA0020C9F82F
:20CEE000000007B0BDE8F08FF8B5040000200500002006002800DFF840120978C0B288424D
:20CF000032D22068062805D36068002805D1A068002802D10020E06023E0A16809B26068C7
:20CF200000B200F022F8E060F6B2002E03D1FF200600E0680700E0683FB2C01B022190FB15
:20CF4000F1F0E060E068B52803DBE068B0F5B470E060E06810F1B40F03DAE06810F5B47002
:20CF6000E0606D1C1034C5E7F1BD30B4020012B2130009B20C00002B00D55B42002C00D528
:20CF80006442052B03DA052C01DA00203CE0002B03D147F6FF70030005E04FF4807000FBD5
:20CFA00004F090FBF3F3002005002DB2B42D09DADFF888012DB230F8150004009C4201DA0B
:20CFC0006D1CF2E712B2002A02D409B2002919D512B2012A05DA09B2002902D4D5F5B475DE
:20CFE00010E012B2012A05DA09B2012902DAB5F5B47507E012B2002A04D409B2012901DA72
:20D000002DB26D42280000B230BC704774FA010874FB0108D8FE0108F0B40200002A00D592
:20D020005242002900D54942002A01D1080027E0002901D1100023E0914202DA14000D00EA
:20D0400001E00C00150000200600B5F5A04F03D964086D08761CF8E705FB05F00527784305
:20D06000032707FB04575FF0030C0CFB07F7B0FBF7F000190300B6B2002E00D0B3401800A7
:20D08000F0BC704730B40100012901DA080021E00A0000200300500002D452005B1CFAE73D
:20D0A000112B02DBFF20040004E04FF6FF705D10284104000A001214A24201DB200009E0C9
:20D0C00091FBF4F00200A24201DB200002E010194410EFE730BC7047020001FB01F002FB3A
:20D0E00002000300DFF86006834203DADFF85C06834201DA002010E0002904D5484292FB4A
:20D10000F0F0030004E0012902DB92FBF1F003000B2B01DA002000E00120704700000000E7
:20D1200024630020986E1283C0CAF13F68190020A4703D0AD7A304401AF10008B0F7010876
:20D1400038B504000D002088002806D02088401E20802088002800D1A84731BD30B40024FF
:20D1600023001C001500E4B2EDB2AC4206D291F900400470491C401C5B1CF2E730BC70476E
:20D1800010B400231A0013000C009BB2A4B2A34204D200230370401C521CF4E710BC704753
:20D1A00010B4C9B2CA10825C012311F00704A3409A43C9B2CB10C25410BC704710B4C9B25A
:20D1C000CA10825C012311F00704A3401A43C9B2CB10C25410BC70470200C9B2C810105C77
:20D1E00011F00703C0B2D840C00701D5FF2000E00020704730B40100C9B20A2491FBF4F425
:20D20000E4B224012200C9B20A2491FBF4F504FB151423009C182000C0B230BC704730B4FB
:20D220000300180004000D00A4B2ADB2AC4200D2080004001500A4B2ADB2AC4200D21000A7
:20D2400080B230BC7047C0B20A2802DA3030C0B201E03730C0B2704738B504000D00E4B2A2
:20D26000642094FBF0F100FB11400A2190FBF1F0C0B2FFF7E8FF28706D1CE4B2642094FBBE
:20D28000F0F100FB11400A2190FBF1F201FB1200C0B2FFF7D8FF287031BD38B504000D00F7
:20D2A000A4B24FF4805094FBF0F0C0B2FFF7CBFF28706D1CA4B24FF4805094FBF0F100FB6F
:20D2C00011404FF4807190FBF1F0C0B2FFF7BBFF28706D1CA4B24FF4805094FBF0F100FB46
:20D2E00011404FF4807190FBF1F201FB1200102190FBF1F0C0B2FFF7A6FF28706D1CA4B20C
:20D300004FF4805094FBF0F100FB11404FF4807190FBF1F201FB1200102190FBF1F201FBF3
:20D320001200C0B2FFF78FFF287031BD38B504000D00E4B24FF4807094FBF0F100FB1140DC
:20D34000102190FBF1F0C0B2FFF77DFF28706D1CE4B24FF4807094FBF0F100FB1140102175
:20D3600090FBF1F201FB1200C0B2FFF76CFF287031BD38B504000D00A4B24FF47A7094FBC8
:20D38000F0F100FB1140642190FBF1F0C0B2FFF75AFF28706D1CA4B24FF47A7094FBF0F19A
:20D3A00000FB1140642190FBF1F201FB12000A2190FBF1F0C0B2FFF746FF28706D1CA4B265
:20D3C0004FF47A7094FBF0F100FB1140642190FBF1F201FB12000A2190FBF1F201FB1200BC
:20D3E000C0B2FFF730FF287031BD70B582B004000E0000208DF801009DF801008DF80000E6
:20D40000A4B24FF47A7094FBF0F00500ADB20A2D42DAA4B24FF47A7094FBF0F0C0B2FFF709
:20D4200012FF3070761CA4B24FF47A7094FBF0F100FB1140642190FBF1F0C0B2FFF703FF0F
:20D440003070761CA4B24FF47A7094FBF0F100FB1140642190FBF1F201FB12000A2190FBA4
:20D46000F1F0C0B2FFF7EFFE3070761CA4B24FF47A7094FBF0F100FB1140642190FBF1F212
:20D4800001FB12000A2190FBF1F201FB1200C0B2FFF7D9FE307044E069462800C0B2FFF795
:20D4A000DBFE9DF900003070761C9DF901003070761CA4B24FF47A7094FBF0F100FB1140C3
:20D4C000642190FBF1F0C0B2FFF7BDFE3070761CA4B24FF47A7094FBF0F100FB1140642142
:20D4E00090FBF1F201FB12000A2190FBF1F0C0B2FFF7A9FE3070761CA4B24FF47A7094FBC6
:20D50000F0F100FB1140642190FBF1F201FB12000A2190FBF1F201FB1200C0B2FFF793FE3D
:20D52000307073BDC0B23A2802DB3738C0B201E03038C0B27047F8B504000D002000C0B2C7
:20D54000FFF7F0FF0600F6B20A272800C0B2FFF7E9FF07FB0600C0B2F2BD70B504002078A5
:20D56000FFF7E0FF05006078FFF7DCFF0600A078FFF7D8FFEDB24FF47A7115FB01F1F6B2C6
:20D58000642216FB0211C0B20A2210FB0215E078FFF7C8FF55FA80F080B270BD70B50400C5
:20D5A0002078FFF7BFFF05006078FFF7BBFF0600A078FFF7B7FFEDB24FF4805115FB01F113
:20D5C000F6B24FF4807216FB0211C0B280B211EB0015E078FFF7A6FF55FA80F080B270BD84
:20D5E00070B504000D002000C0B2FFF79BFFC0B206012800C0B2FFF795FF56FA80F0C0B204
:20D6000070BD10B4010089B211F00F0289B211F0F003102493FBF4F30A2404FB0322100091
:20D6200089B211F470624FF4807392FBF3F264235A4312FA80F089B211F470424FF4805388
:20D6400092FBF3F24FF47A7303FB020080B210BC704730B4010011F00F042200C9B211F0DC
:20D66000F004102594FBF5F40A256C4323009C182000C0B230BC704730B40100C9B2642932
:20D6800001DB992015E00B00DBB2642093FBF0F400FB1433DBB20A20DBB20A2493FBF4F448
:20D6A00013EB041493FBF0F500FB154002001000C0B230BC704710B401000A0092B24FF414
:20D6C0007A7392FBF3F34FF4805413FB04F3180092B24FF47A7392FBF3F403FB142292B256
:20D6E000642392FBF3F34FF48074634313FA80F092B2642392FBF3F403FB142292B20A23F2
:20D7000092B20A2492FBF4F4240114FA80F0101892FBF3F403FB140080B210BC704730B438
:20D72000020000242000002423001C000D00E4B2EDB2AC4205D2147850FA84F0521C5B1C0A
:20D74000F3E780B230BC704791C91900107A0700F8B504000D004FF6FF7700200600300047
:20D76000290080B289B288420BD23A0092B24AF20101B6B2A05D80B200F03CF80700761C5C
:20D78000EDE7380080B2F2BDF8B504000D000027002006003000290080B289B288420BD224
:20D7A0003A0092B24AF20101B6B2A05D80B200F021F80700761CEDE7380080B2F2BDF8B5DA
:20D7C00004000D001600002007003800290080B289B288420BD2320092B24AF20101BFB261
:20D7E000E05D80B200F006F806007F1CEDE7300080B2F2BD10B4030010005B0008242200C6
:20D80000D2B2002A0FD09BB25B089BB280B290EA0304E40703D580B291EA500001E080B2F8
:20D820004008521EECE780B210BC704702001078491E521C89B2002904D013781818491EEF
:20D84000521CF7E7C0B270475FF0FF0C1CEAD05114BF614506E0C110400721F0E04101F137
:20D860006051704779B900F0004100020AD0B0FA80FC00FA0CF001F16051A1EB0C5101EB6D
:20D88000D0214005704741020CBF40F4E0016FF00001002070470268531C036011707047CD
:20D8A0000CB41CB5044604A801900A46009401AB694607487844183005F014F9009A002101
:20D8C000117000285CBF0098001B16BC5DF80CFBC7FFFFFF38B5DFF8100B0500286880B239
:20D8E000DFF8081B0860DFF8040B0068DFF8001B0968884266D000200400E4B2102C61DAE4
:20D90000DFF8E80A0068E04010F00100C0B2002826D0DFF8DC0A0068E04010F00100C0B26D
:20D9200000281DD1DFF8C80A00680121A1400843DFF8BC1A08602100C9B2DFF8B80ADFF851
:20D94000B42A127A0A235A4310440A3000F08DFCDFF8A40A007850F00400DFF89C1A087046
:20D96000DFF8880A0068E04010F00100C0B2002826D1DFF87C0A0068E04010F00100C0B2CC
:20D9800000281DD0DFF8680A00680121A1408843DFF85C1A08602100C9B2DFF8580ADFF892
:20D9A000542A127A0A235A4310440A3000F05DFCDFF8440A007850F00400DFF83C1A087036
:20D9C000641C9AE7DFF8340A0068DFF8341A0968884252D000200400E4B2102C4DDADFF853
:20D9E0001C0A0068E04010F00100C0B2002822D0DFF80C0A0068E04010F00100C0B20028DC
:20DA000019D1DFF8FC0900680121A1400843DFF8F01908602100C9B2DFF8E809DFF8E429FA
:20DA20005278120110440A3000F02FF9FF212000C0B200F0BEFBDFF8C4090068E04010F0DC
:20DA40000100C0B2002816D1DFF8B4090068E04010F00100C0B200280DD0DFF8A4090068C4
:20DA60000121A1408843DFF89819086000212000C0B200F09EFB641CAEE7DFF88C090068C3
:20DA8000DFF888190968884255D000200400E4B2102C50DADFF870090068E04010F00100B5
:20DAA000C0B2002824D0DFF864090068E04010F00100C0B200281BD1DFF8500900680121CB
:20DAC000A1400843DFF84419086014F12001C9B2DFF83009DFF82C295278120110440A3036
:20DAE00000F072F8FF2114F12000C0B200F0F1FADFF814090068E04010F00100C0B2002823
:20DB000017D1DFF808090068E04010F00100C0B200280ED0DFF8F40800680121A14088432B
:20DB2000DFF8E8180860002114F12000C0B200F0D0FA641CABE7DFF8C4080068400840008F
:20DB4000002811D0DFF8C808007800280CD10120DFF8BC1808702F21DFF88C08FFF72EFB7A
:20DB6000FF210F2000F025FBDFF890080068002825D1DFF89C080078002820D0DFF89408D3
:20DB8000006843F69921884211D30020DFF8841808600020DFF8781808702F21DFF848080B
:20DBA000FFF7FEFA00210F2000F003FB0BE0DFF864080068401CDFF85C18086003E0002091
:20DBC000DFF85018086031BD70B504000D0014F10800DFF84418082201F064FA28206070A9
:20DBE000A5704D2020700020E070DFF818084078401C232190FBF1F201FB1200DFF80418E5
:20DC0000487000200600F6B2042E35DADFF8F407F6B200EB4600807852281CD1DFF8E40771
:20DC20004078DFF8E017F6B201EB4601C978884211D1DFF8D007F6B200EB4600C078401C7B
:20DC4000232190FBF1F201FB1200DFF8B817F6B201EB4601C870DFF8AC07F6B200EB4600E8
:20DC60008078202806D15220DFF89817F6B201EB46018870761CC6E7DFF87C07007850F071
:20DC80000200DFF87417087070BD2DE9F84304000D0014F10800DFF88017082201F002FA87
:20DCA00027206070A570002081464846DFF86C170978C0B2884210D22800DFF864170968DF
:20DCC0005FFA89F9142202FB09F2895CC0B2884200D1C84619F10109E7E7DFF844070068CF
:20DCE0005FFA88F8142101FB08F10844807CE070E0780600F6B2002E00F08F81002081466E
:20DD000048463100C0B2C9B2884280F08681DFF8100700685FFA88F8142101FB08F1084471
:20DD20005FFA89F94844C07C5FFA89F904EB890108715FFA89F904EB890000790700FFB2EF
:20DD40003800072823D00D287AD00E2800F009810F2800F0CC80102800F0E680112800F010
:20DD60001D8112284FD0142811D0192800F0A2801A2800F08280252800F01F812B2800F0E8
:20DD80003A812C2800F028812D281FD042E1DFF894060088B0F5004F07DB47F6FF705FFAA0
:20DDA00089F904EB8901C88007E0DFF8780600885FFA89F904EB8901C880DFF86C060078FF
:20DDC0005FFA89F904EB8901487123E1DFF854060088B0F5004F07DB47F6FF705FFA89F91C
:20DDE00004EB8901C88007E0DFF8380600885FFA89F904EB8901C88000205FFA89F904EB58
:20DE00008901487106E1DFF81C068089B0F5004F07DB47F6FF705FFA89F904EB8901C880B8
:20DE200007E0DFF8000680895FFA89F904EB8901C88000205FFA89F904EB89014871E9E083
:20DE4000DFF8E0054089B0F5004F07DB47F6FF705FFA89F904EB8901C88007E0DFF8C40598
:20DE600040895FFA89F904EB8901C88000205FFA89F904EB89014871CCE0DFF8A805808AD6
:20DE8000B0F5004F07DB47F6FF705FFA89F904EB8901C88007E0DFF88C05808A5FFA89F930
:20DEA00004EB8901C88000205FFA89F904EB89014871AFE0DFF86C05C08AB0F5004F07DB7D
:20DEC00047F6FF705FFA89F904EB8901C88007E0DFF85005C08A5FFA89F904EB8901C88001
:20DEE00000205FFA89F904EB8901487192E0DFF83405008AB0F5004F07DB47F6FF705FFA0E
:20DF000089F904EB8901C88007E0DFF81805008A5FFA89F904EB8901C88000205FFA89F9C2
:20DF200004EB8901487175E0DFF8F804C089B0F5004F07DB47F6FF705FFA89F904EB890168
:20DF4000C88007E0DFF8DC04C0895FFA89F904EB8901C88000205FFA89F904EB89014871C9
:20DF600058E0DFF8C004408AB0F5004F07DB47F6FF705FFA89F904EB8901C88007E0DFF828
:20DF8000A404408A5FFA89F904EB8901C88000205FFA89F904EB890148713BE0DFF88404CC
:20DFA00040885FFA89F904EB8901C88000205FFA89F904EB890148712CE0DFF86804C08839
:20DFC0005FFA89F904EB8901C88000205FFA89F904EB890148711DE0DFF8480480885FFAF7
:20DFE00089F904EB8901C88000205FFA89F904EB890148710EE0DFF82C0400895FFA89F958
:20E0000004EB8901C88000205FFA89F904EB89014871FFE719F1010972E64D202070DFF8EC
:20E02000E4034078401C232190FBF1F201FB1200DFF8D0134870002081465FFA89F9B9F147
:20E04000040F3CDADFF8BC035FFA89F900EB4900807852281FD1DFF8AC034078DFF8A413C4
:20E060005FFA89F901EB4901C978884213D1DFF894035FFA89F900EB4900C078401C23214B
:20E0800090FBF1F201FB1200DFF878135FFA89F901EB4901C870DFF86C035FFA89F900EB4D
:20E0A00049008078202807D15220DFF858135FFA89F901EB4901887019F10109BDE7DFF8B3
:20E0C0003803007850F00200DFF82C130870BDE8F1832DE9F04104000D00002007003800ED
:20E0E000DFF838130978C0B288420ED22000DFF830130968FFB2142202FB07F2895CC0B282
:20E10000884200D1B8467F1CE9E7C54800685FFA88F8142101FB08F10844407C0600F6B2CD
:20E12000FF2E3ED0F6B2302E3BDBF6B2402E38DAEDB2002D17D03100C9B2AB48FFF73EF8E2
:20E140003F21A948FFF73AF8B8488078A64989790843B6498870B548C078A349C97908436D
:20E16000B249C87008E03100C9B29F48FFF718F83F219D48FFF714F83100C9B29D489D4A2C
:20E18000127A0A235A4310440A3000F06EF83F219848984A127A0A235A4310440A3000F04F
:20E1A00064F89548007850F0040093490870BDE8F0812DE9F04104000D0000200700380049
:20E1C00096490978C0B288420DD2200094490968FFB2142202FB07F2895CC0B2884200D187
:20E1E000B8467F1CEBE78E4800685FFA88F8142101FB08F10844407C0600F6B2FF2E2CD094
:20E20000F6B2202E29DBF6B2302E26DAEDB2002D13D03100C9B27448FEF7D0FF83480078E0
:20E2200071490979084381490870804840786E49497908437D49487004E03100C9B26A4811
:20E24000FEF7AEFF3100C9B26A486A4A127A0A235A4310440A3000F008F86748007850F0CF
:20E26000040065490870BDE8F08170B504000D002900C9B25C48FEF7AFFF5E495D4A127A63
:20E280000A235A43114488725A485A49097A0A22514308440C306049082200F003FF5548F3
:20E2A0005449097A0A2251430844C5725148007A401C232190FBF1F201FB12004D490872BC
:20E2C00002205B49087000200600F6B2042E2BDA4848F6B210F81600522818D14548007A3B
:20E2E0004449F6B201EB4601497888420FD14148F6B200EB46004078401C232190FBF1F223
:20E3000001FB12003B49F6B201EB460148703948F6B210F81600202804D152203549F6B2DC
:20E3200001F81600761CD0E770BD70B504000D0040484049097A0A225143084485723D4806
:20E340003C49097A0A22514308440C303249082200F0A8FE37483749097A0A2251430844A4
:20E36000C4723448007A401C232190FBF1F201FB12003049087200200600F6B2042E2BDA5D
:20E380002C48F6B210F81600522818D12948007A2849F6B201EB4601497888420FD12548D1
:20E3A000F6B200EB46004078401C232190FBF1F201FB12001F49F6B201EB460148701D4850
:20E3C000F6B210F81600202804D152201949F6B201F81600761CD0E70748007850F0080077
:20E3E0000549087070BD0000886400202C650020F464002004590020436600202465002006
:20E40000EC640020C856002028650020F064002034660020F8640020906400203666002027
:20E4200004650020AC6300204D660020306500204C6600206C5A002080B5AB20DFF8201BD2
:20E4400008806420DFF8181B48805520DFF8101B88800020DFF8081BC8800020DFF8001BEB
:20E4600008810020DFF8F81A48810020DFF8F01A88820020DFF8E81AC8600020DFF8E01A24
:20E480000861012000F08EF801BD2DE9F043B3B00027DFF8CC0A8046DFF8C80A0500DFF8F3
:20E4A000C80A0088060000200700320092B22900684603F0DDF99DF800009DF8011050EA4A
:20E4C00001200400A4B2AB2C17D0FFF7B5FF7F1CFFB2032F45D1DFF8940A008850F0100078
:20E4E000DFF8881A0880DFF8880A006850F00200DFF87C1A0860002051E03000811E89B2D8
:20E500006846FFF741F90400A4B2002C11D020006946314411F8021CC0B2884209D1200015
:20E5200080B2000A6946314411F8011CC0B2884215D07F1CFFB2032F13D1DFF8300A008839
:20E5400050F01000DFF8241A0880DFF8240A006850F00200DFF8181A086000201FE000206F
:20E560000700FFB2002FA0D1002081465FFA89F9B1450BD268465FFA89F910F8090088F894
:20E58000000018F1010819F10109EFE7DFF8E409DFF8CC1991EC060B80EC060B012033B0F0
:20E5A000BDE8F0832DE9F047B2B00400DFF8B0090600DFF8B0098046DFF8AC0900888146C9
:20E5C000B9F1020189B23000FFF7DEF882461FFA89F906EB090000F802AC504680B2000A82
:20E5E0001FFA89F906EB090101F8010CE4B2002C09D1DFF88009DFF8681991EC060B80EC31
:20E60000060B01203EE0002005004A4692B24146300003F00AFA4A4692B24146684603F007
:20E6200027F9B9F1020189B26846FFF7ADF80700380069461FFA89F9494411F8021CC0B2DA
:20E6400088420BD1380080B2000A69461FFA89F9494411F8011CC0B2884205D06D1CEDB26A
:20E66000032D03D100200DE000200500EDB2002DCBD1DFF80009DFF8E81891EC060B80EC4B
:20E68000060B012032B0BDE8F087F8B50400E4B2002C00F08380E4B2012C14D1A620DFF89F
:20E6A000D81808800020DFF8D01888700020DFF8C81808710020DFF8C01848710120DFF83B
:20E6C000B818C8706AE0E4B2022C05D0E4B2032C02D0E4B2042C19D1E4B2022C0BD1A620A2
:20E6E000DFF8981808700020DFF890184880DFF88C080600FFE7361D00200500EDB2102D09
:20E700004CDAA5203070761C6D1CF7E7E4B2082C24D1A620DFF8681808800520DFF860189D
:20E7200088700220DFF85818C8700120DFF8501808710020DFF8481848710020DFF8401808
:20E7400088710020DFF83818C8710020DFF8301808720020DFF8281848721FE0E4B2092CCC
:20E760001CD1A620DFF81C180880DFF818080700BF1C00200500EDB2162D05DA40F2C4405E
:20E780003880BF1C6D1CF6E740F2CE30DFF8F417C8857FF00700DFF8EC1708862000C0B2B1
:20E7A00000F00AF9F1BD2DE9F04F9BB00400E4B2012C0BD1DFF8C00707004FF44040ADF868
:20E7C0000000DFF8C4070078050025E0E4B2022C09D1DFF8A80707004FF4E040ADF80000E2
:20E7E0001620050018E0E4B2082C09D1DFF8900707004FF40040ADF800000C2005000BE089
:20E80000E4B2092C08D1DFF87C0707004FF43040ADF8000034200500E4B2002C54D02A0032
:20E8200092B2BDF8001001A803F022F89DF80400A62805D02000C0B2FFF727FF0020B8E077
:20E840002800811E89B201A8FEF79EFF8346584601A9294411F8021CC0B2884209D1584622
:20E8600080B2000A01A9294411F8011CC0B288421AD0E4B2092C17D02000C0B2FFF705FFBB
:20E8800000200600DFF8E406008850F01000DFF8DC160880DFF8D806006850F00200DFF832
:20E8A000D0160860002084E0002080465FFA88F8A84509D201A85FFA88F810F808003870C5
:20E8C0007F1C18F10108F1E7E4B2092C42D100208246DFF8B8068146002080465FFA88F8D2
:20E8E000B8F1160F16DAB9F8000040F68911884205DAB9F8000040F26221884205DA40F2EF
:20E90000C440A9F800000120824619F1020918F10108E3E7DFF86C06B0F93010DFF8640605
:20E92000B0F92E00FEF7D8FB00280BD140F2CE30DFF85016C8857FF00700DFF84816088641
:20E94000012082461FFA8AFABAF1000F02D00920FFF79BFEE4B2012C07D1DFF83406DFF86A
:20E960001816082200F09EFB1FE0E4B2022C07D1DFF82006DFF80416162200F093FB14E083
:20E98000E4B2082C07D1DFF81006DFF8F4150C2200F088FB09E0E4B2092C06D1DFF8FC0504
:20E9A000DFF8E015342200F07DFB012006003000C0B21BB0BDE8F08F2DE9F04F99B0040073
:20E9C0000026E4B2012C0AD1DFF8AC0507004FF440408046DFF8B0050078814622E0E4B2F8
:20E9E000022C08D1DFF8940507004FF4E04080461620814616E0E4B2082C08D1DFF880057E
:20EA000007004FF4004080460C2081460AE0E4B2092C07D1DFF86C0507004FF4304080465E
:20EA200034208146B9F1020189B23800FEF7ACFE82461FFA89F907EB090000F802AC504662
:20EA400080B2000A1FFA89F907EB090101F8010C002005004A4692B21FFA88F8414638008C
:20EA600002F0E3FF0120FCF7AEFE4A4692B21FFA88F84146684602F0FBFEB9F1020189B28D
:20EA80006846FEF781FE8346584669461FFA89F9494411F8021CC0B288420BD1584680B207
:20EAA000000A69461FFA89F9494411F8011CC0B2884205D06D1CEDB2032D03D1002031E0E1
:20EAC00000200500EDB2002DC4D1E4B2012C07D1DFF8BC04DFF8A014082200F0E3FA1FE0FD
:20EAE000E4B2022C07D1DFF8AC04DFF89014162200F0D8FA14E0E4B2082C07D1DFF8980475
:20EB0000DFF87C140C2200F0CDFA09E0E4B2092C06D1DFF88804DFF86C14342200F0C2FA62
:20EB20003000C0B219B0BDE8F08FF8B50400DFF870040700002006003000DFF86814097819
:20EB400080B289B2884217D2002005002800DFF85814B6B24FF4B27202FB06F21144497C27
:20EB600080B289B2884205D220883880A41CBF1C6D1CEBE7761CDFE7DFF83004DFF82014C3
:20EB8000462200F08FFAF1BD2DE9F04F83B00400FF2005004FF4C040FCF7A0FB814646F266
:20EBA0000100FCF79BFBC0438DF80400DFF8000400F053FADFF8F803DFF8F41309780844AA
:20EBC0004078A5280CD148469DF80410C0B2884206D1DFF8DC030078022801DA0020050031
:20EBE000EDB2002D58D00020DFF8C4130870A520DFF8BC134870012080461FFA88F8B8F18F
:20EC0000020F09DA5A20DFF8A8131FFA88F84144487018F10108F0E745F6A5214FF4C040F1
:20EC2000FCF767FB4FF4C040FCF758FB82465FFA8AFA4FF4807B46F20100FCF74FFB0BFB97
:20EC40000A000600B6B245F6A52086420CD0C748008850F48070C5490880C548006850F082
:20EC60000200C349086036E000208146484610F10109C0B203280FDACD4800F0F7F90A20E3
:20EC8000FCF7A1FD684600F0E8F90322C849684604F0EEFF0028E9D1C5480078C549887032
:20ECA000C44800F0BEF9C34800F017F800280DD1AE48008850F48070AC490880AC48006806
:20ECC00050F00200AA49086000F071F8BA4807003800FFF72AFFBDE8F78F2DE9F84F040052
:20ECE000208845F6A521884201D000205DE046200500201D07002900C9B23800FEF70FFDE7
:20ED000080464046B4F8681080B2884201D000204BE0201D8146002006003000A1490978A6
:20ED2000C0B2884240D2002083465846A3490968F6B24FF4B27202FB06F21144497CC0B211
:20ED400088422FD2B9F80000824619F102099B480068F6B24FF4B27101FB06F108445FFA69
:20ED60008BFB1C2101FB0BF10844408C514689B2884212D3504691490968F6B24FF4B2724F
:20ED800002FB06F211445FFA8BFB1C2202FB0BF21144098C80B2884201D2002005E01BF148
:20EDA000010BC2E7761CB8E70120BDE8F28F2DE9F04145F6A5207F4908807D4800787D498C
:20EDC00088707D48804600200400200075490978C0B2884224D2002005002800774909687D
:20EDE000E4B24FF4B27202FB04F21144497CC0B2884213D271480068E4B24FF4B27101FBCF
:20EE000004F10844EDB21C2101FB05F10844808CA8F8000018F102086D1CDEE7641CD4E74F
:20EE20000020A8F8000018F1020863480700462006003100C9B23800FEF771FC5D49A1F85C
:20EE400068005C4800F0FBF8BDE8F0812DE9F04182B004000D005A48008845F6A52188422E
:20EE600001D0002079E056488570524854496A2200F018F9002006003000461CC0B203289C
:20EE800022DA4C4800F0DBF8002080461FFA88F841F28830804502DA18F10108F6E7484895
:20EEA00000F0BFF86A224649424804F0E1FE00280AD0002080461FFA88F8B8F1FF0F02DA1F
:20EEC00018F10108F7E7D7E7F6B2032E05DB4AF25A503B49088000203FE0A5203449354AD9
:20EEE000927811444870002006003000461CC0B2032821DA2E4800F0B9F8002080461FFA95
:20EF000088F8B8F1FF0F02DA18F10108F7E7684600F0A3F803222649684604F0A9FE0028B0
:20EF20000AD0002080461FFA88F8B8F1FF0F02DA18F10108F7E7D8E74AF25A50204908805F
:20EF40001B4800781B4988701A4800F06AF81A4807003800FFF7E9FD0120BDE8F68100000C
:20EF60006463002000D0770062010020DA650020286500204C6300208064002094630020EA
:20EF80006064002098620020640100209A620020786400207C630020546400206462002019
:20EFA000646100203A66002078C901081C61002034650020A45F0020A85F00201865002025
:20EFC000106000202DE9F041B6B0040088461500424692B22900200002F027FD1420FCF7BB
:20EFE00003FC424692B22900684602F041FC2700002006003000C0B2414680B289B2884293
:20F000000BD23800471C00786946F6B2895D884201D0002002E0761CECE7012036B0BDE815
:20F02000F08138B50400A0786E21484310F5A04005006A222900200002F01AFC31BD38B59A
:20F040000400A0786E21484310F5A04005002A006A212000FFF7B6FF31BD10B50400032234
:20F060004FF4C041200002F003FC10BD10B504004FF4C04203212000FFF7A4FF10BD10B5F1
:20F08000040003224FF41041200002F0F1FB10BD10B504004FF4104203212000FFF792FFBF
:20F0A00010BD100962B38B0708D0521E11F8013B00F8013B00F024808B07F6D1830740F05B
:20F0C000208000BF103A07D330B4B1E83810103AA0E83810F9D230BC530724BFB1E8081029
:20F0E000A0E8081044BF51F8043B40F8043BD20724BF31F8022B20F8022B44BF0B7803701E
:20F100007047083A07D3B1E80810083A40F8043B40F804CBF7D25307E4E70C0710B50400E1
:20F12000A4B2211DA4B2200002F02EFD002801D1012000E0002010BD80B500F0FAF901BDEA
:20F1400080B50020DFF86415087040F2FF30DFF860158880DFF85805808800284FD0FDF766
:20F16000B0FADFF84C058088400110F58020DFF8441508600020DFF840150880DFF838054F
:20F180000088042828D20422DFF828050168DFF82C0502F06DFBDFF81C050068001DDFF878
:20F1A00014150860DFF81405006810F1010F0BD0DFF8FC048088401CDFF8F4148880012037
:20F1C000DFF8E814087007E0DFF8EC040088401CDFF8E4140880D1E7DFF8D00490F900000F
:20F1E00000280CD1DFF8C8048088002807D0DFF8C0048088401EDFF8B8148880AAE7002003
:20F20000DFF8A814087040F2FF30DFF8B4148880DFF8AC04808800284FD0FDF752FADFF8EE
:20F22000A0048088400110F5A020DFF8881408600020DFF884140880DFF87C040088022821
:20F2400028D20422DFF86C040168DFF8700402F00FFBDFF860040068401CDFF858140860ED
:20F26000DFF85804006810F1010F0BD0DFF850048088401CDFF8481488800120DFF82C1405
:20F28000087007E0DFF830040088401CDFF828140880D1E7DFF8140490F9000000280CD150
:20F2A000DFF81C048088002807D0DFF814048088401EDFF80C148880AAE70020DFF8EC1375
:20F2C000087040F2FF30DFF8FC138880DFF8F403808800284FD0FDF7F4F9DFF8E80380889F
:20F2E000400110F5C020DFF8CC1308600020DFF8C8130880DFF8C0030088022828D2042204
:20F30000DFF8B0030168DFF8B40302F0B1FADFF8A4030068401CDFF89C130860DFF89C0329
:20F32000006810F1010F0BD0DFF898038088401CDFF8901388800120DFF87013087007E047
:20F34000DFF874030088401CDFF86C130880D1E7DFF8580390F9000000280CD1DFF86403E7
:20F360008088002807D0DFF85C038088401EDFF854138880AAE701BD38B5DFF84C03407A88
:20F38000DFF844134978884240D0C9488088B0F5806F16DB5FF4862005004FF480522900CA
:20F3A000DFF8280302F064FA4020FFF7B7FE4FF480525FF48021C54802F037FB8020BC4911
:20F3C0008880BB488088400110F580200500BE48BD49497A090108440A3004001022290071
:20F3E000200002F022FBB2488088401CB0498880B548407A401CB4494872B348407A2321BC
:20F4000090FBF1F201FB1200AF49487231BD38B5AF48C079AE49097A884240D0A848808867
:20F42000B0F5806F15DB5FF4A62005004FF480522900A64802F01CFA5020FFF76FFE4FF4E0
:20F4400080525FF4A021A14802F0EFFA80209C4988809B488088400110F5A02005009C489B
:20F460009B49C9790A22514308440A3004000A222900200002F0D9FA91488088401C9049CC
:20F4800088809348C079401C9149C8719048C079232190FBF1F201FB12008D49C87131BD13
:20F4A00038B58C48C0798B49097A884240D085488088B0F5806F15DB5FF4C62005004FF447
:20F4C00080522900814802F0D3F96020FFF726FE4FF480525FF4C0217C4802F0A6FA8020D1
:20F4E0007849888077488088400110F5C020050078487849C9790A22514308440A30040044
:20F500000A222900200002F090FA6E488088401C6C4988806F48C079401C6E49C8716D4832
:20F52000C079232190FBF1F201FB12006949C87131BD80B56848007880070ED56248407ACE
:20F5400061494978884205D16348007810F0FD0061490870FFF710FF28E05F4800784007EB
:20F560000ED55B48C0795A49097A884205D15A48007810F0FB0058490870FFF748FF15E0A6
:20F580005548007800070ED55248C0795149097A884205D15048007810F0F7004E490870C6
:20F5A000FFF77EFF02E000204B49087001BD01000020C9B2002902D13D4A92881000C9B248
:20F5C000012902D13E4A92881000C9B2022902D13C4A9288100080B27047F8B504000D00AC
:20F5E0001600F6B2002E09D1A4B2600110F58020070010223900280002F03AF9F6B2012E53
:20F6000009D1A4B2600110F5A02007000A223900280002F02DF9F6B2022E09D1A4B260017F
:20F6200010F5C02007000A223900280002F020F90120F2BD10B50400E4B2002C0ED12020CC
:20F640001B49488000201A4988804020FFF766FD002801D0012026E0002024E0E4B2012C33
:20F660000ED12020164948800020154988805020FFF754FD002801D0012014E0002012E0E7
:20F68000E4B2022C0ED120200E49488000200D4988806020FFF742FD002801D0012002E039
:20F6A000002000E0002010BD000000003566002030640020FC640020B065002000650020B4
:20F6C0003C64002048640020C856002068310020045900206C5A0020436600203220C0B2B7
:20F6E000002801D0401EFAE7704780B51020ADF8000002208DF8020010208DF80300694601
:20F700006A4802F02EFB0820ADF8000002208DF8020014208DF803006946644802F021FB81
:20F7200001BD80B5082062490860FFF7D7FF10205F490860FFF7D2FF5E480068002801D1C0
:20F74000012000E0002008205B490860FFF7C6FF102059490860FFF7C1FF012002BD80B594
:20F76000102055490860FFF7B9FF082052490860FFF7B4FF10204E490860FFF7AFFF0820D6
:20F780004B490860FFF7AAFF01BD80B510204A490860FFF7A3FF082047490860FFF79EFF65
:20F7A000102043490860FFF799FF102042490860FFF794FF01BD80B510203F490860FFF7E2
:20F7C0008DFF08203A490860FFF788FF102038490860FFF783FF102037490860FFF77EFFF1
:20F7E00001BD80B5102034490860FFF777FF08202F490860FFF772FF10202D490860FFF722
:20F800006DFF2C480068000704D510202A490860002003E0102028490860012002BD38B5DC
:20F82000040008252800451EC0B2002816D0102021490860FFF752FF200603D508201C49B8
:20F84000086002E008201C4908606400FFF746FF102017490860FFF741FFE3E71020164943
:20F86000086031BD38B5082400250820104908602000441EC0B2002811D06D0010200E491A
:20F880000860FFF72BFF102009490860FFF726FF084800680007EBD555F00105E8E7102012
:20F8A000054908602800C0B232BD00000018014010180140081801401418014080B5FFF74E
:20F8C00030FF002801D100202AE06420FFF7A7FFFFF787FF002803D1FFF741FF00201FE0E8
:20F8E0001020FFF79CFFFFF77CFF8020FFF797FFFFF777FFFFF733FFFFF713FF6420FFF794
:20F900008EFFFFF76EFF0F20FFF789FFFFF769FF8420FFF784FFFFF764FFFFF720FF012040
:20F9200002BD80B5FFF7FDFE002801D100201CE06420FFF774FFFFF754FF002803D1FFF7A4
:20F940000EFF002011E00F20FFF769FFFFF749FF0020FFF764FFFFF744FF0020FFF75FFF98
:20F96000FFF73FFFFFF7FBFE012002BD10B50400FFF7A4FFFFF7D5FE6420FFF750FFFFF79A
:20F9800030FF002803D1FFF7EAFE00202FE00020FFF745FFFFF725FF2078FFF740FFFFF7F8
:20F9A00020FF6078FFF73BFFFFF71BFFA07850F08000C0B2FFF733FFFFF713FFE078FFF748
:20F9C0002EFFFFF70EFF2079FFF729FFFFF709FF6079FFF724FFFFF704FFA079FFF71FFF2A
:20F9E000FFF7FFFEFFF7BBFEFFF79BFF012010BD10B50400FFF795FE6420FFF710FFFFF716
:20FA0000F0FE002803D1FFF7AAFE002033E00020FFF705FFFFF7E5FEFFF783FE6520FFF746
:20FA2000FEFEFFF7DEFEFFF71DFF2070FFF7ADFEFFF718FF6070FFF7A8FEFFF713FF10F034
:20FA40007F00A070FFF7A1FEFFF70CFFE070FFF79CFEFFF707FF2071FFF797FEFFF702FF92
:20FA60006071FFF792FEFFF7FDFEA071FFF7A3FEFFF775FE012010BD1CB504006846FFF7C6
:20FA8000B7FFA41C9DF8000010F0F000512805DA9DF8000010F00F000A2802DB00208DF8BB
:20FAA00000009DF8010010F0F000512805DA9DF8010010F00F000A2802DB00208DF801000E
:20FAC0009DF8020010F0F000212805DA9DF8020010F00F000A2802DB00208DF802009DF886
:20FAE000040010F0F000312805DA9DF8040010F00F000A2802DB00208DF804009DF80500E0
:20FB000010F0F000112805DA9DF8050010F00F000A2802DB00208DF805009DF8060010F0E0
:20FB2000F000912805DA9DF8060010F00F000A2802DB00208DF806009DF800002070641C34
:20FB40009DF801002070641C9DF802002070641C9DF804002070641C9DF805002070641C05
:20FB60009DF806002070641C13BD1CB50400A41C20788DF80000641C20788DF80100641C3A
:20FB800020788DF80200641C20788DF80400641C20788DF80500641C20788DF80600641CE0
:20FBA00000208DF803006846FFF7E0FE13BD091B00F10103810704D010F8011B89B18107F0
:20FBC000FAD10268B2F10131914311F0803F04BF50F8042FF6E710F8011B11B110F8011B62
:20FBE000FBE7C01A7047080E38B50400DFF8900A006805002900DFF8880A0068FCF7C9FFF8
:20FC0000A4B2A042F6D331BD01005FF0FF30DFF8742AC9B232F81120DFF86C3AC9B233F808
:20FC200011309A421BD0DFF8642AC9B24FF4006303FB01F31A44DFF84C3AC9B233F81130A2
:20FC4000D25C1000DFF83C2AC9B232F81120521C5205520DDFF82C3AC9B223F81120704774
:20FC600010B402005FF0FF30DFF8183AD2B233F81230DFF8144AD2B234F81240641C640506
:20FC8000640DA3421CD0DFF8043AD2B24FF4006404FB02F42344DFF8F049D2B234F8124074
:20FCA0001955DFF8E439D2B233F812305B1C5B055B0DDFF8D449D2B224F8123001231800A0
:20FCC00010BC7047F0B587B004000D001600DFF8C009844202D10020070023E0DFF8B409A7
:20FCE000844202D1002007001CE0DFF8AC09844202D10020070015E0DFF8A009844202D1EE
:20FD0000002007000EE0DFF89809844202D10020070007E0DFF88C09844202D10020070083
:20FD200000E01AE2DFF8680984421CD10021DFF8780904F0F4F8DFF8700903F0CBFF002264
:20FD40008021DFF84C0904F00CFA0021012004F0D6FA01214FF4804004F0E0FA01210120A0
:20FD600004F0CDFAA3E0DFF82C0984421CD10021DFF8380904F0D3F8DFF8300903F0AAFFE2
:20FD800000228021DFF80C0904F0EBF90021012004F0B5FA01215FF4003004F0CEFA012174
:20FDA000012004F0ACFA82E0DFF8EC0884421CD10021DFF8FC0804F0B2F8DFF8F40803F048
:20FDC00089FF00228021DFF8D00804F0CAF90021012004F094FA01215FF4802004F0ADFAFE
:20FDE0000121012004F08BFA61E0DFF8B00884421CD10021DFF8BC0804F091F8DFF8B408F8
:20FE000003F068FF00228021DFF8900804F0A9F90021012004F073FA01215FF4002004F094
:20FE20008CFA0121012004F06AFA40E0DFF8700884421CD10021DFF8800804F070F8DFF8CC
:20FE4000780803F047FF00228021DFF8540804F088F90021012004F052FA01215FF48010F7
:20FE600004F06BFA0121012004F049FA1FE0DFF8340884421BD10021DFF8400804F04FF870
:20FE8000DFF8380803F026FF00228021DFF8140804F067F90021012004F031FA01215FF057
:20FEA000807004F03BFA0121012004F028FADFF81008EDB250F825000290F6B2002E13D189
:20FEC0000020ADF80C000020ADF80E000020ADF810000020ADF814000C20ADF8120002A942
:20FEE000200004F085F87CE0F6B2012E15D14FF48050ADF80C000020ADF80E004FF480609E
:20FF0000ADF810000020ADF814000C20ADF8120002A9200004F06CF863E0F6B2022E15D14C
:20FF20004FF48050ADF80C000020ADF80E004FF4C060ADF810000020ADF814000C20ADF868
:20FF4000120002A9200004F053F84AE0F6B2032E14D10020ADF80C004FF40050ADF80E0086
:20FF60000020ADF810000020ADF814000C20ADF8120002A9200004F03BF832E0F6B2042E12
:20FF800016D14FF48050ADF80C004FF40050ADF80E004FF48060ADF810000020ADF81400BF
:20FFA0000C20ADF8120002A9200004F021F818E0F6B2052E15D14FF48050ADF80C004FF4C6
:20FFC0000050ADF80E004FF4C060ADF810000020ADF814000C20ADF8120002A9200004F08B
:20FFE00007F8DFF8AC06844212D1DFF8D806FFB24FF4806101FB07F1084401900094DFF80A
:020000040801F1
:20000000A8361A220121DFF8C00600F0A8F871E0DFF88006844212D1DFF8A806FFB24FF4A7
:20002000806101FB07F1084401900094DFF87C361C220221DFF8900600F091F85AE0DFF899
:200040005806844212D1DFF87C06FFB24FF4806101FB07F1084401900094DFF854361E2265
:200060000321DFF8640600F07AF843E0DFF82C06844212D1DFF84C06FFB24FF4806101FBEA
:2000800007F1084401900094DFF8283620220421DFF8340600F063F82CE0DFF8040684424C
:2000A00012D1DFF82006FFB24FF4806101FB07F1084401900094DFF8003622220521DFF8D8
:2000C000080600F04CF815E0DFF8D805844211D1DFF8F005FFB24FF4806101FB07F10844AC
:2000E00001900094DFF8D43524220621DFF8D80500F035F8012240F22551200004F006F8E0
:2001000001228021200004F02CF80121200003F0EFFF0020DFF86C15FFB221F81700002047
:20012000DFF8A815FFB221F817000020DFF8A015FFB221F817000020DFF89815FFB221F84F
:2001400017000020DFF89015FFB221F817000020DFF88815FFB221F8170007B0F0BD2DE91C
:20016000F0438BB004000D0016001F00DDF84880DDF84C90380003F0ADFD18F1040000900B
:20018000CDF80490102002904FF47A7003900020049080200590002006900020079000200E
:2001A00008904FF40050099000200A906946380003F015FE3200D2B22900C9B2200003F067
:2001C0002DFE0BB0BDE8F0832DE9F04104000D0000265FF00008DFF8B804844202D1002000
:2001E000804624E0DFF8AC04844202D1002080461DE0DFF8A404844202D10020804616E03E
:20020000DFF89804844202D1002080460FE0DFF89004844202D10020804608E0DFF88404CC
:20022000844202D10020804601E0002011E04046C0B2FFF7E9FC070017F1010F07D02F70E5
:200240006D1C761CB6B2B6F5006F00DAEFE7300080B2BDE8F0812DE9F84306000D00140061
:2002600000275FF00008A4B2002C01D1002005E2DFF81C04864202D10020804624E0DFF852
:200280001404864202D1002080461DE0DFF80804864202D10020804616E0DFF800048642CB
:2002A00002D1002080460FE0DFF8F403864202D10020804608E0DFF8EC03864202D10020DE
:2002C000804601E00020D9E1DFF8C403864251D1A4B2DFF8F0035FFA88F84FF4806101FBFC
:2002E00008F100EB0109220029004846FEF7DAFEDFF8D0035FFA88F84FF4806101FB08F1CE
:200300000844DFF8DC130860A4B2DFF8D80304600121DFF8940303F002FEDFF864030068CE
:20032000DFF8C4135FFA88F841F828000520FFF75BFC022003F001FE00280DD00021DFF852
:20034000680303F0ECFD022003F00CFE0520FFF74BFC200080B291E1DFF88C035FFA88F8D2
:2003600050F82810C6480068FCF713FCB0F5FA7FDCD382E1C748864248D1A4B2D1485FFA9D
:2003800088F84FF4806101FB08F100EB0109220029004846FEF786FECA485FFA88F84FF44F
:2003A000806101FB08F10844D0490860A4B2D04804600121BD4803F0B2FDB1480068CA498B
:2003C0005FFA88F841F828000520FFF70DFC202003F0B3FD00280CD00021B44803F09FFD2C
:2003E000202003F0BFFD0520FFF7FEFB200080B244E1BD485FFA88F850F82810A0480068D5
:20040000FCF7C7FBB0F5FA7FDED336E1A24886424AD1A4B2AB485FFA88F84FF4806101FB32
:2004200008F100EB0109220029004846FEF73AFEA4485FFA88F84FF4806101FB08F108449E
:20044000AC490860A4B2AC4804600121984803F066FD8B480068A4495FFA88F841F82800D7
:200460000520FFF7C1FB4FF4007003F066FD00280DD000218E4803F052FD4FF4007003F0B8
:2004800071FD0520FFF7B0FB200080B2F6E096485FFA88F850F8281079480068FCF779FB39
:2004A000B0F5FA7FDCD3E8E07C4886424AD1A4B284485FFA88F84FF4806101FB08F100EB01
:2004C0000109220029004846FEF7ECFD7D485FFA88F84FF4806101FB08F108448749086020
:2004E000A4B2874804600121724803F018FD644800687D495FFA88F841F828000520FFF760
:2005000073FB4FF4005003F018FD00280DD00021684803F004FD4FF4005003F023FD05203D
:20052000FFF762FB200080B2A8E06F485FFA88F850F8281052480068FCF72BFBB0F5FA7F45
:20054000DCD39AE0564886424AD1A4B25D485FFA88F84FF4806101FB08F100EB01092200ED
:2005600029004846FEF79EFD56485FFA88F84FF4806101FB08F1084462490860A4B2624845
:20058000046001214C4803F0CAFC3D48006856495FFA88F841F828000520FFF725FB5FF434
:2005A000003003F0CAFC00280DD00021424803F0B6FC5FF4003003F0D5FC0520FFF714FB8C
:2005C000200080B25AE048485FFA88F850F828102B480068FCF7DDFAB0F5FA7FDCD34CE008
:2005E0003048864249D1A4B236485FFA88F84FF4806101FB08F100EB01092200290048460D
:20060000FEF750FD2F485FFA88F84FF4806101FB08F108443D490860A4B23D480460012194
:20062000264803F07CFC164800682F495FFA88F841F828000520FFF7D7FA5FF4001003F027
:200640007CFC00280DD000211C4803F068FC5FF4001003F087FC0520FFF7C6FA200080B23B
:200660000CE021485FFA88F850F8281004480068FCF78FFAB0F5FA7FDCD30020BDE8F28395
:2006800020650020B4650020B665002068410020003801400044004000480040004C004067
:2006A0000050004000600140080002401C0002403000024044000240580002406C00024021
:2006C000A8070208C852002000000240B8650020BA650020BC650020C0650020BE650020A0
:2006E000140002400C0002401C65002028000240200002403C000240340002405000024063
:2007000048000240640002405C000240780002407000024070B400252A0000252B000025B7
:200720002C00DFF81C562D680688B54201D341252A00DFF80C562D690688B54201D3422537
:200740002B00DFF8FC552D6A0688B54201D343252C00D2B2412A08D1DBB2422B05D1E4B294
:20076000432C02D003250D7049E0D2B2412A08D1DBB2422B05D0E4B2432C02D105250D7054
:200780003DE0D2B2412A08D0DBB2422B05D1E4B2432C02D106250D7031E0D2B2412A08D14C
:2007A000DBB2422B05D0E4B2432C02D001250D7025E0D2B2412A08D0DBB2422B05D1E4B2BE
:2007C000432C02D002250D7019E0D2B2412A08D0DBB2422B05D0E4B2432C02D104250D7027
:2007E0000DE0D2B2412A08D1DBB2422B05D1E4B2432C02D107250D7001E001250D7070BC43
:200800007047F0B5059C069D079E91F800C0BCF15A0F3BD1B2F800C0BCF1000F36D0B3F851
:2008200000C05FF0F30E0EFB0CFC5FEA1C2C67468446BE461FFA8CFC1FFA8EFEF44521D318
:20084000B4F800C0BCF10A0F15DBD5F800C056EA0C0CC5F800C0DFF8ECC4BCF800C0BCF16C
:20086000000F13D1DFF8E0C4BCF800C0DFF8D4E4AEF800C00AE0B4F800C01CF1010CA4F895
:2008800000C003E05FF0000CA4F800C0F0BDF0B4049C059D0F885FF0F30C0CFB07F73F0A38
:2008A0003E000700B1F800C0BFB2674510D31F6827420BD11768002F05D01F6827431F60CB
:2008C0000027176002E017687F1C1760288019E00700B446BFB21FFA8CFC674509D217684D
:2008E000002F02D00027176002E01F68A7431F600EE01F68274205D11768002F02D01768D4
:200900007F0817601F68274202D017687F1C1760F0BC7047DFF83424126852031BD4DFF85F
:200920002024126E0B889A420CD3DFF81424126F0B889A4206D3DFF80824D2F880200B88CD
:200940009A4223D2DFF80424126852F48022DFF8FC331A601AE00A88DFF8E4331B6E9A4206
:2009600014D20A88DFF8D8331B6F9A420ED20A88DFF8CC33D3F880309A4207D2DFF8CC2379
:20098000126832F48022DFF8C4331A60DFF8BC231268120427D50288012A10D1DFF8AC234F
:2009A000126832F48022DFF8A4331A60DFF8A0231268DFF8A0331A40DFF894331A60028813
:2009C000022A10D1DFF88423126852F48022DFF87C331A60DFF87823126840F244431A4328
:2009E000DFF86C331A6070472DE9F34F83B014001D000E9E0F9FDDF84080DDF84490DDF827
:200A000048A0DDF84CB0049800785A2802D12088002810D1D8F8000030EA0900C8F8000050
:200A200000203860DFF83003006830EA0A00DFF82813086060E0DFF80803026A92B2DFF845
:200A40000003016989B2DFF8F802006880B2FCF7E6FBADF80A00CDF804B0CDF800904346A9
:200A60003A002900BDF80A00FFF711FF208802280CD1DFF8D8020068400307D4D8F8000098
:200A800030EA0900C8F80000002038603088052806DA2888032803DA0520ADF8080002E08A
:200AA0003088ADF808003868BDF80810884213D3D8F8000010EA090F0ED0DFF89C02006817
:200AC0005AEA0000DFF89012086004F050F9DFF88C122800FFF71EFE386800280CD1D8F890
:200AE000000010EA090F07D1DFF86C02006830EA0A00DFF86412086005B0BDE8F08F2DE997
:200B0000F34F83B015001E000F9FDDF84080DDF84890DDF84CA0DDF850B0159C04980078E2
:200B20005A2802D12888002810D1D8F8000030EA0900C8F80000DFF82002006830EA0A006F
:200B4000DFF8141208600020386062E0D8F8000010EA090F16D1DFF8F40100681199084245
:200B600010D1D8F8000030EA0900C8F80000DFF8E801006830EA0A00DFF8DC110860002049
:200B8000386046E0CDF804B0CDF8009043463A003100BDF80C00FFF77AFE288802280CD1EF
:200BA000DFF8A8010068400307D4D8F8000030EA0900C8F800000020386038680E990988EC
:200BC000884216D3D8F8000010EA090F11D0DFF8880100685AEA0000DFF87C11086004F0D3
:200BE000C6F8E4B2002C04D1DFF870113000FFF791FD386800280CD1D8F8000010EA090F0D
:200C000007D1DFF85401006830EA0A00DFF84811086005B0BDE8F08F2DE9F34F83B0140034
:200C20001D000E9E0F9FDDF84080DDF84490DDF848A0DDF84CB0049800785A2802D1208860
:200C4000002818D1D8F8000030EA0900C8F80000DFF89001006830EA0B00DFF88811086003
:200C6000DFF8F400006830EA0A00DFF8EC1008600020386061E014980190CDF800904346CE
:200C80003A002900BDF80C00FFF701FE3088052806DA2888032803DA0520ADF8080002E00A
:200CA0003088ADF808002088012822D13868318888420ED3D8F8000010EA090F09D0DFF875
:200CC000980000685AEA0000DFF88C10086004F04EF8386800280CD1D8F8000010EA090F34
:200CE00007D1DFF87400006830EA0A00DFF8681008602088022820D13868318888420CD3C9
:200D0000D8F8000010EA090F07D0DFF8D80000685BEA0000DFF8CC100860386800280CD1FE
:200D2000D8F8000010EA090F07D1DFF8B800006830EA0B00DFF8AC10086005B0BDE8F08F09
:200D4000145D0020EA650020D8650020B8640020B0640020BBFBFFFF246500204D66002096
:200D600030B4DFF8DC4324681C4218D0DFF8D443247805002C4202D000240C602FE00C68E5
:200D8000641C0C600C68062C29D300240C60DFF8B04324689C43DFF8A8532C601FE0DFF8CC
:200DA000A443247805002C4210D00C68641C0C600C6892B2944212D300240C60DFF8804360
:200DC00024681C43DFF878532C6008E000240C60DFF86C4324689C43DFF864532C6030BC8B
:200DE00070470000286500202DE9F34F81B00C990D9C0E9D0F9E109FDDF844E0DDF84C8017
:200E00001498BDF808C0E146CC4693461FFA8CFC1FFA8BFBDC4502D2CA46914600E09246C3
:200E2000CC469B461FFA8CFC1FFA8BFBDC4504D2ADF800A0CA4699460DE0D4469B461FFA53
:200E40008CFC1FFA8BFBDC4502D3ADF8003002E0ADF800A09A461FFA89F91FFA8AFAB9EBBD
:200E60000A0CBCF5E16F11DC1FFA89F9BDF800C0B9EB0C0CBCF5E16F08DC1FFA8AFABDF86B
:200E800000C0BAEB0C0CBCF5E16F0CDDD4F800C03CEA070CC4F800C0D4F800C056EA0C0CC6
:200EA000C4F800C005E0D4F800C03CEA060CC4F800C01FFA89F9B9F5E16F22DAD4F800C070
:200EC000DDF848B01CEA0B0F07D0D4F800C01CEA080F0FD080B20B280CDBD4F800C057EAAD
:200EE0000C0CC4F800C0D4F800C03CEA060CC4F800C00CE0D4F800C03CEA070CC4F800C0F1
:200F000005E0D4F800C03CEA070CC4F800C0DDF804C0BCF800C0BCF1000F0ED15FF0000CA8
:200F2000C1F800C0DFF818C2DCF800C03CEA0E0CDFF80CB2CBF800C058E0D4F800C017EBD5
:200F4000060B1CEA0B0F24D0D4F800C01CEA050F4CD1D1F800C01CF1010CC1F800C0D1F8C4
:200F600000C0BCF57A7F41D95FF0000CC1F800C0D4F800C055EA0C0CC4F800C0DFF8C0C162
:200F8000DCF800C05EEA0C0CDFF8B4B1CBF800C02CE0D4F800C01CEA050F23D0D1F800C070
:200FA0001CF1010CC1F800C0D1F800C0BCF1650F1CD35FF0000CC1F800C0D4F800C016EBA4
:200FC000050B17EB0B0B3CEA0B0CC4F800C0DFF870C1DCF800C03CEA0E0CDFF864B1CBF8A5
:200FE00000C003E05FF0000CC1F800C0BDE8F78FF0B4049C059D514E3678360626D44F4E49
:20100000366857183E4207D04C4E36680E4214D04A4E3668164210D01E68A4B2A64208D3F3
:2010200000261E60454E366856F08006434F3E602DE01E68761C1E6029E0404E366836F0E1
:2010400080063E4F3E6000261E6020E03B4E36680E4203D1394E3668164207D1374E366878
:201060000E4212D0354E366816420ED11E68761C1E601E68322E0AD300261E602F4E3668CE
:2010800036F080062D4F3E6001E000261E600688002E0FD0294E3678360605D5284E36681B
:2010A0002E43274F3E600AE0254E3668AE43244F3E6004E0224E3668AE43214F3E60F0BC11
:2010C0007047F0B4049C059D069E1D4F3F68274219D12F68074213D02F68374210D1176836
:2010E0007F1C176017689BB29F4224D300271760134F3F682743DFF848C0CCF800701AE01C
:201100000027176017E02F68074205D02F68374202D1002717600EE017687F1C1760176806
:20112000322F08D300271760054F3F68A743DFF810C0CCF80070F0BC70470000B864002076
:201140002865002088640020F0B4049C059D069E2F68374215D189B288420FDA1F88A446D7
:201160001FFA8CFC674505D300271F802F6837432F601BE01F887F1C1F8017E000271F804B
:2011800014E092B282420FDA1F88A4461FFA8CFC674505D300271F802F68B7432F6005E0E9
:2011A0001F887F1C1F8001E000271F80F0BC70472DE9F04383B0DFF85C048089002802D18D
:2011C0000020070001E00F200700DFF84C04B0F9000004000022210089B2DFF84004FBF772
:2011E000F5FCDFF83C1408600122210089B2DFF83404FBF7EBFCDFF8281448600222210008
:2012000089B2DFF82404FBF7E1FCDFF8141488600322210089B2DFF81404FBF7D7FC01F0B8
:2012200025FADFF80C24DFF80C3401F02DFA01F0FDFADFF8EC13C8600422210089B2DFF81A
:20124000F803FBF7C3FC01F011FADFF8E423DFF8E43301F019FA01F0E9FADFF8C41308612B
:2012600001200190200000B200900423DFF8C8230321DFF8B803FBF712FD01F0F7F9DFF802
:20128000B023DFF8B03301F0FFF901F0CFFADFF890134861DFF8A423DFF8A413200000B2FD
:2012A000FBF762FD002005002DB2092D23DA2DB2032D1EDADFF868032DB250F8250001F020
:2012C0000CFC032806DA0020DFF854132DB241F825000EE0DFF848032DB250F8250001F013
:2012E000FCFB1E2805DA0020DFF834132DB241F825006D1CD8E7DFF828030068DFF8441377
:20130000098B4843C011DFF840130860DFF810034068DFF83013498B4843C011DFF828135D
:201320004860BF488068DFF81C13898B4843C011DFF814138860BA48C068C249C98CBFB2BF
:20134000791848434012C049C860B5480069BD49098DBFB2791848434012BB490861B048A8
:201360004069B849498DBFB2791848434012B6494861AB480068B549098B4843C011B44920
:20138000B44A127841F82200A5484068AF49498B4843C011AE49AF4A127801EB820108615B
:2013A0009F488068A949898B4843C011A849A94A127801EB820108629948C068A349C98C6B
:2013C000BFB2791848434012A149A24A127801EB82010863924800699C49098DBFB2791834
:2013E000484340129A499B4A127801EB820108648B4840699549498DBFB2791848434012D4
:201400009349944A127801EB820108658448806980469148C0F800808148C06906008F4851
:2014200006608A48B0F92E0000FB08F08749B1F9301001FB16004FF47A7190FBF1F0844977
:20144000844A127801EB820108668048B0F930007E49B1F92E1001FB06F100FB08104FF4BE
:201460007A7190FBF1F07A497A4A127801EB820108677448B0F92E0000FB08F07149B1F93C
:20148000301001FB16004FF47A7190FBF1F06E4988616C48B0F930006A49B1F92E1001FB9C
:2014A00006F100FB08104FF47A7190FBF1F06649C86168480078401C6649087065480078E0
:2014C000042802DB002063490870614800686049496808185E49896808185D49C968081885
:2014E00080105F4908605A4800695949496908185749896908185649C969081880105849F9
:2015000048605348006A5249496A08185049896A08184F49C96A08188010514988604C4873
:20152000006B4B49496B08184949896B08184849C96B081880104A49C8604548006C44497C
:20154000496C08184249896C08184149C96C08188010434908613E48006D3D49496D081863
:201560003B49896D08183A49C96D081880103C4948613748006E3649496E08183449896E83
:2015800008183349C96E08188010354988613048006F2F49496F08182D49896F08182C4927
:2015A000C96F081880102E49C8612D48C1692C488069FBF731FD2A49896942F210725143D8
:2015C00091FBF0F08146484601F087FA42F21071884202DB42F2107081462148C0F8209030
:2015E0001948C0F820901E48C068AD2802DA00201B49C8601A480069AD2802DA002018493A
:20160000086117484069AD2802DA002014494861BDE8F7831C610020D865002068250020BC
:20162000CC6000206827002068290020681D0020C58F31772DA10D40681F0020E860002033
:20164000E460002098620020EC61002064620020D45B00205E6600204065002044650020F8
:20166000FC62002013F0004C03D55B42524263F100039CEA210C00F0178010B5644603D3BE
:201680004942404261F1000100F00EF8640004D34942404261F10001244203D55B425242EA
:2016A00063F1000310BD00001B4213D1094236D12AB18446B0FBF2F002FB10C2704704F0C7
:2016C00093BBFCD30022002370470B000200002100207047904271EB030CF6D370B5B1FA16
:2016E00081F4B3FA83F52C1BA340C4F1200532FA05F63343A2405FF00046E64002E05B08CD
:201700005FEA3202841A71EB030524BF204629467641F4D302000B003000002170BD012A5E
:20172000CFD970B5140C20D0B1FA81F4B2FA82F5C4F120046419B4F12006D6D3B2405FF07E
:201740000044F440002502E052085FEA3303C61A71EB020E24BF3046714664416D41F3D3BC
:2017600002000B002000290070BD0C46B1FBF2F102FB11452D0445EA1045B5FBF2F402FB6A
:20178000145580B240EA0545B5FBF2F002FB105240EA044070BD000000B587B04FF48050AF
:2017A000ADF8000010208DF8030002208DF802006946DFF8C40300F0D4FA4FF48051DFF82D
:2017C000B80300F07CFB4FF46040ADF8000002208DF8020018208DF803006946DFF89803D5
:2017E00000F0BFFA0020ADF804004FF48270ADF806000020ADF808000020ADF80A000020DB
:20180000ADF80C004FF40070ADF80E000020ADF810000020ADF812000720ADF8140001A97B
:20182000DFF8580304F0E2FA0121DFF8500304F00CFB07B000BD10B504000221DFF83C03E9
:2018400004F015FB0028F8D0E4B2210089B2DFF82C0304F008FB0121DFF8200304F007FB93
:201860000028F8D0DFF8140304F0FFFAC0B210BD70B504000D0016004FF48050DFF8001315
:2018800008600B20FFF7D7FF280CC0B2FFF7D3FF280AC0B2FFF7CFFF2800C0B2FFF7CBFFB9
:2018A000A520FFF7C8FF3000461E80B2002805D0A520FFF7C0FF2070641CF4E74FF480506B
:2018C000B049086070BD80B54FF48050AC4908600620FFF7B0FF4FF48050AA4908604FF459
:2018E0008050A7490860C720FFF7A5FF4FF48050A449086000F07EF8002002BD10B50400C9
:201900004FF480509E4908600620FFF794FF4FF480509C4908604FF48050994908602020B9
:20192000FFF789FF200CC0B2FFF785FF200AC0B2FFF781FF2000C0B2FFF77DFF4FF48050E8
:201940009049086000F056F8002010BD10B50400FAF7B7FE4FF48050894908600620FFF743
:201960006AFF4FF48050874908604FF48050844908605220FFF75FFF200CC0B2FFF75BFFB7
:20198000200AC0B2FFF757FF2000C0B2FFF753FF4FF480507B49086000F02CF8002010BD45
:2019A00010B50400FAF78DFE4FF48050744908600620FFF740FF4FF48050724908604FF4D6
:2019C00080506F490860D820FFF735FF200CC0B2FFF731FF200AC0B2FFF72DFF2000C0B2E1
:2019E000FFF729FF4FF480506649086000F002F8002010BD80B500208DF800004FF48050DB
:201A00005F4908600520FFF716FFA520FFF713FF8DF80000FAF755FE9DF80000C007F4D4CC
:201A20004FF480505749086001BD2DE9F04704000D00160000208146280642D0D5F5807078
:201A400000F0FF0080463000414680B289B2884203D2B2460120814600E0C2464FF4805033
:201A6000474908600620FFF7E6FE4FF4805045490860FAF726FE4FF4805041490860022029
:201A8000FFF7D9FE280CC0B2FFF7D5FE280AC0B2FFF7D1FE2800C0B2FFF7CDFE5046B0F10F
:201AA000010A80B2002806D02078FFF7C4FE641C761E6D1CF2E74FF4805032490860FFF739
:201AC00099FF1FFA89F9B9F1000F52D1300080B2000A8046300601D018F101080020070085
:201AE0003800414680B289B2884242D2280502D12800FFF703FFB6B2B6F5807F03DD4FF487
:201B00008070824600E0B2464FF480501C4908600620FFF790FE4FF480501A490860FAF7DC
:201B2000D0FD4FF48050164908600220FFF783FE280CC0B2FFF77FFE280AC0B2FFF77BFE39
:201B40002800C0B2FFF777FE5046B0F1010A80B2002806D02078FFF76EFE641C761E6D1C77
:201B6000F2E74FF4805007490860FFF743FF7F1CB6E7BDE8F0870000000C01400038004070
:201B8000140C0140100C01402DE9F84304000D00002600275FF00008B4F5006F02D2B5F5EB
:201BA000006F01D300204FE0A54203D2601B0700A84602E0281B0700A046AC420BD14FF448
:201BC000805000FB08F006003000FFF797FE81464846C0B238E040F2FF70874205D3FFF76A
:201BE00072FE81464846C0B22EE0102F0CD34FF4805000FB08F006003000FFF7D1FE8146BA
:201C0000103F18F11008F0E7082F0CD34FF4805000FB08F006003000FFF798FE8146083F91
:201C200018F10808F0E7002F0CD04FF4805000FB08F006003000FFF761FE81467F1E18F1AB
:201C40000108F0E74846C0B2BDE8F28310B5C2B00400200501D001203EE02000FFF74EFEB8
:201C6000002000900098FF2807D80098009901AA11540098401C0090F4E74FF48072210020
:201C800001A8FFF7D2FE002000900098FF2807D8002001A9009A88540098401C0090F4E7E8
:201CA0004FF48072210001A8FFF7E2FD002000900098FF2809D8009801A9085C00998842F7
:201CC00003D10098401C0090F2E70098B0F5807F01D1002000E0012042B010BD10B504001C
:201CE000DFF81C06844208D10121042002F034FB0021042002F030FB32E0DFF808068442C6
:201D000008D10121082002F027FB0021082002F023FB25E0DFF8F005844208D10121102071
:201D200002F01AFB0021102002F016FB18E0DFF8DC05844208D10121202002F00DFB00217C
:201D4000202002F009FB0BE0DFF8C405844207D10121402002F000FB0021402002F0FCFA4C
:201D600010BDF0B500270022002300240025002691F803C01CF00F0C674691F803C05FEA61
:201D8000CC6C03D591F902C05CEA070791F800C05FEA0C6C3AD0D0F800C065465FF0000CF1
:201DA0006346082B31D25FF0010C1CFA03FC6446B1F800C014EA0C0C6246A24223D15FEAE1
:201DC000830C64465FF00F0C1CFA04FC6646B54317FA04FC5CEA050591F903C0BCF1280F14
:201DE00006D15FF0010C1CFA03FCC0F814C00AE091F903C0BCF1480F05D15FF0010C1CFA8C
:201E000003FCC0F810C05B1CCBE70560B1F800C0BCF1FF0F3FDDD0F804C065465FF0000CDB
:201E20006346082B36D25FF0010C13F1080E1CFA0EFC6446B1F800C014EA0C0C6246A24273
:201E400026D15FEA830C64465FF00F0C1CFA04FC6646B54317FA04FC5CEA050591F903C037
:201E6000BCF1280F07D15FF0010C13F1080E1CFA0EFCC0F814C091F903C0BCF1480F07D15B
:201E80005FF0010C13F1080E1CFA0EFCC0F810C05B1CC6E74560F0BD02000020936889B256
:201EA0000B4202D00123180001E000231800C0B27047806880B27047C06880B2704789B265
:201EC0000161704789B24161704789B2C1607047F0B4B0F1004F40F29A800023002420F00B
:201EE00000473E00F7093B0016F07F0637093C0016F00F06052B06D02700FFB2BF0016FA53
:201F000007F73A0005E06708FFB2BF0016FA07F73A00002B08D0022B0ED009D3042B13D081
:201F20000ED3052B14D017E0DFF8E8733D0013E0DFF8E4733D000FE0DFF8E0733D000BE0A7
:201F4000DFF8DC733D0007E0DFF8D8733D0003E0DFF8D4733D00FFE7002C0BD1052B04D1A7
:201F60002F68BF08BF002F6049E02F683F093F012F6044E0012C0BD1052B04D12F6837F0EE
:201F80000C072F603BE02F6837F0F0072F6036E0022C0BD1052B04D12F6837F030072F6097
:201FA0002DE02F6837F470672F6028E0032C0BD1052B04D12F6837F0C0072F601FE02F682A
:201FC00037F470472F601AE0042C04D12F6837F470272F6013E0052C04D12F6837F4700777
:201FE0002F600CE0062C04D12F6837F070672F6005E0072C03D12F6827F070472F6049B260
:20200000012940F07B812F683A432A6076E10200012A63D0022A53D0042A51D0082A4FD026
:20202000102A7BD0302A00F08980402A00F09680C02A00F0A380B2F5807F00F0AF80B2F5EF
:20204000007F00F0BB80B2F5407F00F0C780B2F5006F00F0D380B2F5406F00F0DF80B2F594
:20206000805F2DD0B2F5804F00F0E880B2F5C04F00F0F480B2F5004F22D0B2F5803F1FD05F
:20208000B2F5003F1CD0B2F5802F19D0B2F5002F16D0B2F5801F13D0B2F5001F00F01E81F5
:2020A000B2F1807F00F0EA80B2F1007F00F0F680B2F1806F00F00281B2F1004F1ED01DE1B9
:2020C0009A4A12688243994B1A6049B2012904D1964A12680243954B1A600FE1934A126845
:2020E000934B1A40914B1A6049B2012905D18F4A126852F001028D4B1A60FFE08B4A12683F
:202100008B4B1A40894B1A6049B2012905D1874A126852F00042854B1A60EFE0834A126817
:2021200032F03002814B1A6049B2012905D17F4A126852F010027D4B1A60DFE07B4A126833
:2021400032F03002794B1A6049B2012905D1774A126852F03002754B1A60CFE0734A126823
:2021600032F0C002714B1A6049B2012905D16F4A126852F040026D4B1A60BFE06B4A126893
:2021800032F0C002694B1A6049B2012905D1674A126852F0C002654B1A60AFE0634A126823
:2021A00032F44072614B1A6049B2012905D15F4A126852F480725D4B1A609FE05B4A12680B
:2021C00032F44072594B1A6049B2012905D1574A126852F40072554B1A608FE0534A12689B
:2021E00032F44072514B1A6049B2012905D14F4A126852F440724D4B1A607FE04B4A12686B
:2022000032F44062494B1A6049B2012905D1474A126852F40062454B1A606FE0434A1268DA
:2022200032F44062414B1A6049B2012905D13F4A126852F440623D4B1A605FE03B4A1268AA
:2022400032F4C042394B1A6049B2012905D1374A126852F48042354B1A604FE0334A12683A
:2022600032F4C042314B1A6049B2012905D12F4A126852F4C0422D4B1A603FE02B4A12680A
:2022800032F0E062294B1A6049B2012905D1274A126852F08072254B1A602FE0234A1268F2
:2022A00032F0E062214B1A6049B2012905D11F4A126852F000721D4B1A601FE01B4A126882
:2022C00032F0E062194B1A6049B2012905D1174A126852F08062154B1A600FE0134A126822
:2022E00032F40012114B1A6049B2012905D10F4A126852F400120D4B1A60FFE7F0BC70478F
:2023000000080140000C0140001001400014014000180140200001402400014028000140F9
:202320002C000140300001403400014004000140FEFFFF7F80B20A4908607047C0B2094922
:202340000860704780B20849086070474AF6AA200349086070474CF6CC4001490860704790
:20236000003000400430004008300040002203881A00DFF80431984212D0DFF8143198427C
:202380000ED0B0F1804F0BD0DFF8F030984207D0DFF8EC30984203D0DFF8E830984204D12E
:2023A0004FF68F731A404B681A43DFF8DC30984208D0DFF8D830984204D04FF6FF431A4069
:2023C0008B891A4302808B68C3620B880385DFF8A830984203D0DFF8B830984201D18B7B0A
:2023E000038601238382704749B2002904D0028852F00102028004E002884FF6FE731A40AD
:202400000280704752B2002A03D083890B43838102E083898B438381704749B2002904D0B5
:20242000028852F08002028004E002884FF67F731A400280704789B2CA430282704730B42D
:202440000200002000230024158A0D402B0095890D402C009BB2002B05D0A4B2002C02D0C4
:202460000125280001E00025280040B230BC704789B2CA4302827047002C01400004004017
:2024800000080040000C004000100040001400400034014030B40023002244682300DFF8C0
:2024A000AC4123400C6891F9045054EA05242343436084682300DFF898412340CC688D68BF
:2024C0002C4391F9055054EA450423438360C46A230033F470030C7C641E2243D2B253EAC3
:2024E0000253C36230BC704749B2002904D0826852F00102826003E082685208520082605B
:202500007047816851F0080181607047010000208A68120702D50122100001E000221000F0
:2025200040B27047816851F0040181607047010000208A68520702D50122100001E00022B2
:20254000100040B27047002283681A0032F4E0420A4382607047F0B5002600240025C9B2DE
:202560000A2919DBC7683E000727B1F10A0C5FF0030E1CFB0EFC17FA0CF73C00A643DBB29A
:20258000B1F10A075FF0030C17FB0CF713FA07F73C002643C66013E007693E0007275FF021
:2025A000030C11FB0CFC17FA0CF73C00A643DBB2032711FB07F713FA07F73C0026430661E7
:2025C000876B3E00C6F301573D001F27D2B212F1030CBCEB050CBCF1010C5FF0050E1CFBB6
:2025E0000EFC17FA0CF73C00A643C9B2D2B2D71C7F1B7F1E5FF0050C17FB0CF711FA07F7F1
:202600003C0026438663F0BD10B400220023846B220032F44012C9B24C1E230052EA035254
:20262000826310BC704740B2002806D00949096851F40001074A116005E00649096831F4AD
:202640000001044A1160704700000000FFFEF0FFFDF7F1FF08240140010040F10980F446D1
:20266000404200F005F851F000416047010000BF09D0B0FA80F18840C91CC1F584610905B8
:2026800001EBD02140057047B0B581EA030C0CF0004C40F2FF7515EA11541DBF15EA1357EB
:2026A000AC42AF4239E0E41923EA455343F48013C90241F0004141EA505EC7021100A7FB24
:2026C000020200284FF00000EEFB01204FF00001E3FB072118BF42F0010240180021494130
:2026E000E3FB0E01A4F580640F0302D252004041494154F101046CDD470872F1004250F165
:20270000000051EB0451A1F580115CBF41EA0C01B0BD4CEA05510020B0BD05EA1357AC42E1
:2027200014BFAF4241E050EA410E1CBF52EA430E02E061460020B0BD24423C441BD15FEA92
:20274000070EF6D0090302BF01460020AEF1140EB1FA81F7AEEB070401FA07FE0C37C7F1E7
:20276000200100FA07F7C8404EEA000E23EA455343F48013A2E733F00043B3FA83F704BFAA
:20278000B2FA82FE77440B3FE41BB7F1200E2FBF02FA0EF3BB40C7F1200E22FA0EFE38BF48
:2027A00043EA0E03BA40641C82E750EA410E14BF52EA430E6FF000014FF4001717EB430F01
:2027C0008ABF194617EB410FB5E74CEA05510020B0BDD4F10104B4F120070FDAC4F12007EF
:2027E000520828BF42F0010210FA07F501FA07F7E1BF2A43E0403843E1400FE0352C98DCD7
:20280000C7F1200452EA400220FA07F218BF42F0010231FA07F0A1400A43002172F1004229
:2028200050F1000051EB0C01B0BD0000F446400D40EAC120490006D200F014F8004248BFA9
:202840006FF00040604700F00DF84FF0004188428CBF084640426047400D40EAC120490090
:2028600080F00D8040F00040490DA1F58061491C05D4D1F11F0154BFC840C01770474FF016
:20288000000070472DE9F04140F2FF7581EA030C0CF0004C15EA11541DBF15EA1357AC423B
:2028A000AF42E9E0BC41C1F31301C3F31303801A994143F4801304D2641E400049418018D5
:2028C0005941C90241EA5051B1FBF3F603FB1611A2FB0675D7EBC020A94102D2761E801869
:2028E0005941C90241EA5051B1FBF3FE03FB1E11A2FB0E75D7EBC020A94103D2AEF1010EAE
:2029000080185941890241EA9051760546EA8E2EB1FBF3F603FB1611A2FB0675D7EB802053
:20292000A94102D2761E80185941C90241EA50514EEA060EB1FBF3F603FB1611A2FB06755E
:20294000D7EBC020A94102D2761E80185941C90241EA5051B1FBF3F703FB1711A2FB073525
:20296000D3EBC020A94167F100070CBF004247F0010766F3D5274FEA1E31B80814F580649A
:2029800014DDBD0775F1004250EB0E5051EB045111F5801F5CBF41EA0C01BDE8F0814CF066
:2029A0007F6141F0E0410020BDE8F081BD076D0840EA0E5041F48011D4F10104B4F1200693
:2029C0000ADAC4F120060200E04001FA06F3E1401843B24015430EE0342C14DCC6F1200443
:2029E00045EA40056D0820FA06F2154321FA06F0A1400D43002175F1004250F1000051EBFC
:202A00000C01BDE8F08100205FEA0C01BDE8F081CFB992185B41B3FA83F704BFB2FA82F62B
:202A2000BF190B3FB7F120062FBF02FA06F3BB40C7F1200622FA06F638BF3343BA401CB19E
:202A4000E419641E2FE77F4231F00041B1FA81F404BFB0FA80F6A4190B3CB4F120062FBFFE
:202A600000FA06F1A140C4F1200620FA06F638BF3143A0403C1B16E7AC421ABF05EA1357D4
:202A8000AF4214E050EA41061CBF52EA4306BFE750EA4107304661461CBF41EA0551BDE82A
:202AA000F08152EA430C08BFC143BDE8F08100204FF4001616EB410F98BF16EB430F08BFFE
:202AC00016EB410F24BFC14305E016EB430F0CBF61464CEA0551BDE8F081002848BF4042C1
:202AE000704700002DE9F04F82460FF24860A5B015461E46D0E90023CDE9122300200491C9
:202B00000D900DF150086FF0004900E03D440020ADF8020012AB4FF0FF3229460DF1020056
:202B200003F0B1F90746012F04DA2878471EBF41FF43FF0FBDF8020025280CBFA7F1010BD5
:202B4000BB46BBF1010F0EDB2C4614F8011B0498D0470028049000F0F3800D98401CBBF1B6
:202B6000010B0D90F1D1BDF80200252807D100200790089009900A900B900C9005E0002848
:202B8000C4D10D98DEE240F0010015F8011F2029F9D023290DD02B2904D02D2906D03029F5
:202BA0000AD00CE040F0020080B2EEE740F00400FAE740F00800F7E740F01000F4E72A297D
:202BC0000ED13168316051F8042B3160002A0F9204D5514240F004000F9180B26D1C11E02C
:202BE00000210F9109E00F99494505D001EB810302EB430130390F916D1C2A78A2F1300187
:202C00000A29F0D329782E2903D04FF0FF310E911DE015F8011F2A2907D1316831606D1CDD
:202C200051F8042B31600E9211E000210E9109E00E99494505D001EB810302EB430130393D
:202C40000E916D1C2A78A2F130010A29F0D3ADF840000FF2E840297803F026F908B115F869
:202C6000010B8DF842009DF84200682802BF29786829622005D06C2804BF28786C2803D171
:202C800071208DF842006D1C14A8069015F8017BB7F125002AD01C3800F0DB80001F0228C9
:202CA00040F2D780133800F0FC80093800F0D180801E00F06781401E00F03D81401E022848
:202CC00040F2C780001F00F03681401F00F09280401E00F0E680401E35D0C01E0BD0801EE6
:202CE00000F0DF80C01E00F0DC806EE125208DF85000012073E19DF842006C2830683060EA
:202D000014D050F8044B306005940E9F002F04D52046FCF74DFF074606E03A46002120467B
:202D200003F0CEF800B1071B089759E150F8042B306002A9504600F03FFA002840F1508193
:202D40004FF0FF30FEE131683160002251F8040B31600021CDE9020114A80590DDE90201FD
:202D60009142069F08BF90424FF03C0C01D10E9AC2B100F00F033033DBB23A2BA8BF2733B6
:202D8000ACF101020009BB54944640EA017009090022914208BF904204D0059A07EB0C03F2
:202DA0009A42E6D307EB0C000590CCF13C010E980891814209DA401A0A904FF6EF71BDF8BE
:202DC00040000840ADF840000AE1002840F108819DF8400000F01400102840F001810F984F
:202DE000079A801A0A9A801A401A0128C0F2F8800A90F5E09DF8420062281AD0682806D08D
:202E00006A280CD06C281CD0712808D019E03068306050F8041B30600D980880E0E03068B6
:202E2000306050F8042B30600D98C117C2E90001D6E03068306050F8041B30600D980870E0
:202E4000CEE03068306050F8041B30600D980860C6E03068C01D20F007023260D2E9000116
:202E600008323260CDE90201002902D507982D210AE0BDF84000810702D507982B2103E0D4
:202E8000C00705D50798202108F80010401C079014A8079908440590394602A800F098FBC5
:202EA0009EE09DF842006C280DD0712818BF6A2809D13068C01D20F007023260D2E9000194
:202EC0000832326005E03168316051F8040B31600021CDE902019DF84200682803D1DDE953
:202EE000020180B20BE0622803D1DDE90201C0B205E0742818BF7A2804D1DDE90201002160
:202F0000CDE902019DF84000000732D5DDE902230020834208BF82422BD047F020007828C8
:202F200027D10798302108F80010401C411C079108F800701DE09DF84200314600F005F99F
:202F4000CDE90201DDE9022300218B4202DA07982D210AE0BDF84000810702D507982B21ED
:202F600003E0C00705D50798202108F80010401C079014A8079908440590394602A800F094
:202F8000A1FA2DE09DF842006C2809D0012007903068306050F8041B30608DF850101FE08A
:202FA0003068306001AA50F8041B3060ADF804100020ADF8060002A94FF0FF300E90504676
:202FC00000F0FAF800280BD5BAE625208DF8500001200790380003D088F8017002200790E0
:202FE0000F980799401A0A99401A0899401A0B99401A0999401A0C99471A9DF8400040071C
:2030000010D42020012F8DF800000BDB3C4601236A4602A9504600F005FE00287FF490AE8E
:20302000641EF4D1DDF81CB0BBF1000F14AC0DD014F8011B0498D047002804903FF480AE58
:203040000D98401CBBF1010B0D90F1D130208DF800000A9C012C0ADB01236A4602A95046B6
:2030600000F0E0FD00287FF46BAE641EF4D1DDF820B0059CBBF1000F0DD014F8011B0498E6
:20308000D047002804903FF45BAE0D98401CBBF1010B0D90F1D130208DF800000B9C012C60
:2030A0000ADB01236A4602A9504600F0BBFD00287FF446AE641EF4D105980899DDF824B0B1
:2030C0004418BBF1000F0DD014F8011B0498D047002804903FF434AE0D98401CBBF1010B97
:2030E0000D90F1D130208DF800000C9C012C0ADB01236A4602A9504600F094FD00287FF4B1
:203100001FAE641EF4D19DF8400040077FF5FFAC2020012F8DF80000FFF6F9AC01236A46FD
:2031200002A9504600F07EFD00287FF409AE7F1EF4D1ECE40000000000000000686A6C74AD
:203140007A4C000025B0BDE8F08F622826D068281DD06A2808D06C2827D0712804D07428B5
:2031600023D07A280CD020E00868C01D20F007000860D0E90023083008601946104670472A
:203180000A680A6052F8040B0A60002170470A680A6052F8040B0A6000B20BE00A680A60A0
:2031A00052F8040B0A6040B204E00A680A6052F8040B0A60C11770472DE9F44F0D4694B058
:2031C000D5F830A0BAF1000F804648BF6FF0004A02F0A2FE696B401801900FF67820D0E97D
:2031E0000023CDE9022395F83800400702D40198412805D240200DF110090190002609E0FF
:2032000002F090FE5FEA0009F8D14FF0FF3056E1AAEB040ABAF1010FC0F2CE8014980188DB
:2032200002AA0DF1010002F0D5FE0028044600F1DE801498008810B9641E00F1D880A245AE
:20324000C0F2BA80686901992218914280F0A2806E634042296A401AA969401A696A401A9F
:20326000E969401AA96A461A95F83800400710D42020012E8DF800000BDB374601236A4614
:203280002946404600F0CEFC002840F0B0807F1EF4D1D5F814B0BBF1000F4F460DD017F8C8
:2032A000011BA868C0470028A86000F0A080E86A401CBBF1010BE862F1D130208DF8000054
:2032C0002F6A012F0ADB01236A462946404600F0A9FC002840F08B807F1EF4D1D5F818B088
:2032E000EF68BBF1000F0CD017F8011BA868C0470028A8607BD0E86A401CBBF1010BE86273
:20330000F2D130208DF800006F6A012F09DB01236A462946404600F085FC002867D17F1EF1
:20332000F5D1E868A969D5F81CB04718BBF1000F0CD017F8011BA868C0470028A86056D03E
:20334000E86A401CBBF1010BE862F2D130208DF80000AF6A012F09DB01236A46294640462F
:2033600000F060FC002842D17F1EF5D195F8380040070DD52020012E8DF8000008DB01237A
:203380006A462946404600F04DFC80BB761EF6D100266E61224668690DF101014844FBF70D
:2033A00081FE6869201868611498801C1490801E008800287FF42CAF686B6969401A296AA2
:2033C000401AA969401A696A401AE969401AA96AA0EB010A95F83800400710D4BAF1010FFA
:2033E0000DDB5446A8682021C047A86010B94FF0FF365DE0E86A401C641EE862F2D16B6960
:203400004A462946404600F00DFC0028EFD12C6A012C0ADBA8683021C0470028A860E6D050
:20342000E86A401C641EE862F4D1AB69EA682946404600F0F7FB0028D9D16C6A012C0ADB56
:20344000A8683021C0470028A860D0D0E86A401C641EE862F4D1E868A969EB694218294676
:20346000404600F0DFFB0028C1D1AC6A012C0ADBA8683021C0470028A860B8D0E86A401C4C
:20348000641EE862F4D195F8380040070ED5BAF1010F0BDBA8682021C0470028A860A6D00D
:2034A000E86A401CBAF1010AE862F3D16E616E6304A881451CBF484602F09AFD304615B05B
:2034C000BDE8F08F2DE9F343054608462F696F2808BF082405D041F02001782914BF0A24F8
:2034E00010243C26D5E90023642818BF69289046994606D100218B4203DAD8F1000869EBE5
:2035000049090020814508BF80450CD1286B50B9082C38D195F83800000734D530203B26AB
:2035200087F83B002FE0701E00900646404649462246E317FEF7B8F802F13000C0B23A2845
:2035400003DB9DF8041051390818B855494640462246E317FEF7A8F88046894600208145A6
:2035600008BF804503D0E868B9198842DBD3082C09D195F83800000705D5B85D302802D05F
:20358000761E3020B855B919E960C6F13C00296BA861884208DA081A28624FF6EF71288FDB
:2035A00008402887BDE8F38300290ED595F8381001F01401102908D1696B6A69891A2A6A22
:2035C000891A0E1A012EA8BF2E62BDE8F38300002DE9F24F04468EB0D4E90001CDE9020189
:2035E00004AF9DF8380040F0200BBBF1610F0AD0206B002848BF062004D408BFBBF1670F59
:2036000001D1012020636168C1F30A5040F2FF7290421CD1080304BF2068002809D1032080
:20362000A0619DF8380061381A2835D30FF2386108E00320A0619DF8380061381A2828D390
:203640000FF21C61E0680322FBF72CFDBDE1012815DA204602F00CFD012810DB00250020F4
:20366000BBF1610F1FD1E16830220A708A1CE2609DF83820612A0CBF782258220FE0626831
:2036800040F2FE3161F31E52451A62604FF0FF30E6E70FF2C851D5E70FF2C851D2E74A7046
:2036A0006169891C616110B90026002584E1BBF1610F40F09880206BD4E900AB00284CBFD6
:2036C0002126461CDDE902010022002302F0F2FC36B23ABF8BF00040CDE902A0CDE902ABFC
:2036E00006F101082D1FB8F1010F8DF810200DF1110736DBDDE902010022002302F0F2FCFB
:203700002FD21C2102A802F005FDDDE90201FFF78DF8A8F10708B8F1010F814609DBFEF788
:203720009BFF02460B46DDE9020102F07DFDCDE90201F81D072105E009F00F0200F8012D16
:203740004FEA2919B9F1010F01DB491EF4D5491E5CBF002200F8012DF9D5C71DB8F1010FF3
:20376000C8DA0DF11100391AB142B8BF0E4636B230000DF111072FD4884206DA04A90144BA
:2037800049780829A8BF0F2100DA002104AA024400E0761E12F80139401E8B42F9D00F29CD
:2037A00004D104A901444A78521C4A70002802D504AF761C2D1D36B2701E0DD439180A78A0
:2037C0003032D2B23A2A03DB9DF838303A3B9A18401E01F80129F2D5206B002840F1EC8005
:2037E000701E2063E8E0DDE902010022002302F061FC3CBF81F00041CDE902012DB247F215
:20380000975068434B49DFF8309190FBF1F52DB2C5F1070ABAF1010F90461CDBDDE902671C
:203820005FEACA7007D542464B4630463946FEF72BFF06460F464046494642464B464FEAF4
:203840006A0AFEF721FFBAF1000F80468946E7D1CDE9026724E0CAF1000A0026374F14E050
:203860005FEACA7007D542464B4630463946FEF70BFF06460F464046494642464B46FEF718
:2038800003FF4FEA6A0A80468946BAF1000FE7D1DDE9020132463B46FEF7F4FFCDE902010F
:2038A000BBF1660F216BDFF898900CBF05F10A0006204618142EA8BF132630208DF8100046
:2038C0000DF11107012E3DDBDDE90201FEF7C4FF07F1080104220A23B0FBF3F303EB8307AD
:2038E000A0EB4700303001F8010C0A20B3FBF0F000EB8007A3EB47033033521E01F8023D83
:20390000E9D1083E012E01F10807DBDBDDE90201FEF7A2FFFEF7AAFE02460B46DDE9020163
:2039200002F082FC00224B46FEF7AEFECDE90201CAE700BFA0860100000024400000F03FE0
:2039400084D797410DF11100381A0DF1110702E0401E6D1E7F1C39783029F9D0BBF1660F63
:2039600008BF691C04D0BBF1650F0CBF01210021226B8E1836B2B042B8BF064636B2310010
:203980001AD4814204DA785C3528A8BF392000DA30207A18521E00E0761E12F80139491E5C
:2039A0008342F9D0392802D1785C401C7854002902D57F1E761C6D1C2DB29DF83810009540
:2039C00033B23A46204600F003F80FB0BDE8F08F2DE9F04786B006468A4690461D4602F084
:2039E00000FD012D406A376B90F8009002DA01250FF278284AF02000BDF93840662808BFB8
:203A0000641C12D0672878D114F1040F7BDBBC4279DA96F83800641C000702D4BD42B8BF14
:203A20002F4624B23F1B48BF002724B2F068B169012C23DA4A1C30234354012F03DA96F856
:203A40003800000703D5F06800F80290521CE742B8BF7C4224B260427062E719AF42B26153
:203A6000B8BF3D46F068B3692DB2F5612A4641461844FBF717FB781BB062BCE022469542CC
:203A8000084416DA2A464146FBF70CFBB1696918601B012FB161706203DA96F83800000726
:203AA00005D5F06800F80190F069401CF061B762A1E04146FBF7F6FAB06920182D1B012F79
:203AC00003DA96F83810090703D5F16801F80090401CB0612DB2AF42B8BF3D46F068B369BE
:203AE0002DB22A4608EB04011844FBF7DBFAB0692818B061781B70627DE0BAF1610F14D130
:203B00004FF0700A16E0BD4204DA96F83810090758BF2F467F1E48BF0027BAF1670F14BFE8
:203B20004FF0450A4FF0650A04E0BAF1410F08BF4FF0500AB169F368481CB061012F18F8E0
:203B4000012B5A5403DA96F83810090717D5F168431CB36101F80090012F10DB6D1E2DB202
:203B6000AF42B8BF3D46F0682DB22A4641461844FBF798FAB0692818B061781B7062F06825
:203B8000B1690144200081F800A004D42B20487001F1020804E02D224A7001F10208644227
:203BA000002502AF08E00A22684602F033FC019807F8010B6D1C009C21B20129F3DA022D8A
:203BC00006DA4AF02000652804BF302008F8010B4DB9302008F8010B07E06D1E02A8405DE4
:203BE000303008F8010B012DF7DAF068B1690844A8EB0000F06196F8380000F014001028B6
:203C00000DD17069B1690818716A0818F1690818B16A0818716B8842BCBF081A306206B078
:203C2000BDE8F087F8B504460D4616461F46002077B116F8011BA868A047A86030B1E86AB9
:203C4000401CE86200207F1EF3D1F2BD4FF0FF30F2BD000000000000000000006E616E0034
:203C60004E414E00696E6600494E4600300000000300002013F0030F09D0521E22BF13F8B0
:203C8000010B11F801CBB0EB0C00F3D07047121F22BF53F8040B51F804CB6045F7D0121D03
:203CA0000AD200BA9CFA8CFCB0EB0C0038BF6FF0000088BF01207047521E22BF13F8010BCC
:203CC00011F801CBB0EB0C00F6D0521C08BF10467047000001684FF6FE721140016000216F
:203CE000016000214160002181600021C160B049884206D1AF49096851F00F01AD4A1160A1
:203D00006CE0AD49884206D1AA49096851F0F001A84A116062E0A949884206D1A549096893
:203D200051F47061A34A116058E0A549884206D1A049096851F470419E4A11604EE0A14987
:203D4000884206D19B49096851F47021994A116044E09D49884206D19649096851F4700192
:203D6000944A11603AE09949884206D19149096851F070618F4A116030E09549884206D121
:203D80009449096851F00F01924A116026E09249884206D18F49096851F0F0018D4A1160F2
:203DA0001CE08E49884206D18A49096851F47061884A116012E08A49884206D1854909684D
:203DC00051F47041834A116008E08649884205D18049096851F470217E4A1160704710B494
:203DE000002203681A006FF30E128B680C6A23430C6923434C6923438C692343CC692343DF
:203E00004C6A23438C6A23431A430260CB6843600B6883604B68C36010BC7047D0F8A4304A
:203E200033F08073C0F8A430D0F8A43053F08073C0F8A430C9B201290CD1D0F8A0301B0A43
:203E40001B02C0F8A030D0F8A030D2B21343C0F8A03063E0C9B202290DD1D0F8A03033F43D
:203E60007F43C0F8A030D0F8A030D2B253EA0223C0F8A03052E0C9B203290DD1D0F8A030A3
:203E800033F47F03C0F8A030D0F8A030D2B253EA0243C0F8A03041E0C9B204290DD1D0F85C
:203EA000A03023F07F43C0F8A030D0F8A030D2B253EA0263C0F8A03030E0C9B205290CD1F9
:203EC000D0F8A4301B0A1B02C0F8A430D0F8A430D2B21343C0F8A43020E0C9B206290DD1EE
:203EE000D0F8A43033F47F43C0F8A430D0F8A430D2B253EA0223C0F8A4300FE0C9B2072909
:203F00000CD1D0F8A43033F47F03C0F8A430D0F8A430D2B253EA0243C0F8A430704749B213
:203F2000002904D0026852F00102026004E002684FF6FE731A4002607047010000200022B9
:203F4000CB0003D5284B1B681A0002E0274B1B681A000A4202D00123180001E00023180047
:203F600040B27047C10002D51A49086001E0114908607047010000200022CB0003D51A4B90
:203F80001B681A0002E0194B1B681A000A4202D00123180001E00023180040B27047C100C1
:203FA00002D50C49086001E0024908607047000008000240040002401C00024030000240C2
:203FC00044000240580002406C0002408000024008040240040402401C04024030040240E1
:203FE000440402405804024000040240000002402DE9F04786B004000D00002600275FF0E1
:2040000000085FF000095FF0000AA8890028A246208A06004CF6FF700640E888064326829E
:20402000A08906004EF6F3100640A88829890843698908430643A681A08A06004FF6FF4036
:204040000640A8890643A682684600F0BBF82448824508D02348824505D02348824502D011
:204060002248824502D10398070001E002980700A089000408D5192000FB07F02968490009
:20408000B0FBF1F0804607E0192000FB07F029688900B0FBF1F080466420B8FBF0F0000138
:2040A00006003009642101FB10808146A089000409D55FEAC90032306421B0FBF1F010F059
:2040C0000700064308E05FEA091032306421B0FBF1F010F00F000643268106B0BDE8F08702
:2040E0000038014000600140006401400068014049B2002904D0828952F40052828104E0D6
:2041000082894DF6FF731A4082817047F0B4002300240025002689B240F66A17B9420600A2
:204120000F00FFB27F09FFB23B0089B211F01F073C000127A7403D00012B01D10C3604E03D
:20414000022B01D1103600E0143652B2002A03D037682F43376002E03768AF433760F0BC91
:20416000704752B2002A03D0838A0B43838202E0838A8B43838270478088C005C00D70475D
:204180000200002089B2B1F5007F13880B4202D00123180001E00023180040B2704710B41E
:2041A0000023002489B240F66A1291420A0092B2120A130001229A401400A4B2E24302806D
:2041C00010BC704770B40021002200230024DFF8A8512D6815F00C0529000D00002D04D0FC
:2041E000042D06D0082D08D03FE0DFF8905105603EE0DFF8885105603AE0DFF87C512D68E9
:20420000DFF87C6135402A00DFF86C512D6815F480352B0012F0C04F06D112F47015B5F51C
:20422000701F01D0022500E00125C2F38346520E12F030023243AA18002B05D1DFF844513B
:2042400005FB02F505600FE0DFF82C512D68AD0305D5DFF8305105FB02F5056004E0DFF831
:204260001C5105FB02F5056002E0DFF810510560DFF804512D68C5F3021529003E4D2D681D
:204280002D0603D5DFF80041645C00E000240568E5404560384D2D68C5F301252900364D5C
:2042A0002D686D0503D5DFF8E040645C00E000244568E5408560304D2D68C5F3C1252900D4
:2042C0002D4D2D68AD0402D52F4C645C00E000244568E540C560284D2D68C5F38135290070
:2042E000254D2D68ED0001D551F00401274D6D5C2C00C568B5FBF4F5056170BC704749B23B
:20430000002905D0224A12680243214B1A6004E01F4A126882431E4B1A60704749B2002944
:2043200005D01C4A126802431A4B1A6004E0194A12688243174B1A60704749B2002905D092
:20434000154A12680243144B1A6004E0124A12688243114B1A60704749B2002905D00F4A08
:20436000126802430D4B1A6004E00C4A126882430A4B1A60704700000410024000127A00CB
:2043800000003C6000093D00540000205C00002014100240181002401C1002400C100240AF
:2043A00000B589B0DFF8500AC088DFF8501A0860DFF8440A0089DFF8481A0860DFF8380A85
:2043C0004089DFF8401A08805FF000500290DFF8680D019002200090DFF82C3A14220A21FD
:2043E000DFF8280A006BFCF7AFFE5FF080400290DFF8440D019002200090DFF8143A142242
:204400000A21DFF8080A006CFCF79EFE4FF400500290DFF8240D019002200090DFF8F43919
:2044200014220A21DFF8F0090088FCF78DFE4FF4805001904FF47A700090DFF8E0395FF4A1
:2044400000025FF48001DFF8D809FCF7D1FD4FF400500290DFF8E00C01904FF480700090D1
:204460004FF47A73DFF8BC29DFF8AC0901885FF48000FCF726FE4FF400634FF47A72DFF8A5
:20448000A8198020FCF76CFCDFF8A019DFF86809FCF740FADFF87409006C80B208905FF47E
:2044A000000007905FF0005006904FF4007005905FF4003004905FF4803003904FF40040B8
:2044C0000290DFF8740C0190DFF864090090DFF83C09D0F880309BB2DFF83009026F92B2E8
:2044E000DFF82809016E89B2DFF80C09FCF77CFCDFF81809006B80B208905FF4000007909C
:204500005FF0804006904FF4806005905FF4001004905FF4801003905FF400200290DFF8F5
:20452000180C0190DFF80C090090DFF8E008D0F8B0309BB2DFF8D408D0F8A02092B2DFF840
:20454000CC08D0F8901089B2DFF8AC08FCF74CFCDFF8E4080068C00740F1B780002006900E
:20456000DFF8D80805900220049001200390DFF8D0080290DFF8CC080190DFF8CC080090CD
:20458000DFF8C838DFF8C828DFF8C818DFF888080088FCF729FA00200690DFF8A0080590F7
:2045A0000420049002200390DFF894080290DFF8A8080190DFF8A4080090DFF8A438DFF8D4
:2045C000A428DFF8A418DFF850080088FCF70CFA00200690DFF8640805900820049004205E
:2045E0000390DFF85C080290DFF880080190DFF880080090DFF87C38DFF87C28DFF87C180B
:20460000DFF814080088FCF7EFF900200790DFF82C08069010200590102004905FF0805044
:204620000390DFF81C080290DFF8100B0190DFF850080090DFF84C38DFF84C28DFF84C1837
:20464000DFF8D4070088FCF75AFADFF8F40A0690402005902020049020200390DFF8E00714
:204660000290DFF8E00A0190DFF8DC0A0090DFF8DC3ADFF8DC2ADFF8DC1ADFF89007006D97
:2046800080B2FCF7C9FA00200790DFF8B40A069040200590402004905FF080500390DFF8DE
:2046A000A0070290DFF8B00A0190DFF8B00A0090DFF8AC3ADFF8AC2ADFF8AC1ADFF84C074D
:2046C000006D80B2FCF71BFA13E00020DFF8741708600020DFF8801708600020DFF88C17C6
:2046E00008600020DFF8541A08600020DFF87C1A088000F058FB00F055FD00F0E1FA00F030
:20470000C7FB00F03FFF01F027F801F085F901F061FA09B000BDE0B5DFF8540A00880028EE
:2047200040F0E280DFF8100A006830F48050DFF8081A08604FF480500290DFF8FC09019027
:20474000DFF8300A0090DFF80437DFF80427DFF80417DFF8C4060088FCF753F84FF4805038
:204760000290DFF8D4090190DFF80C0A0090DFF8F036DFF8F026DFF8F016DFF89C0600881D
:20478000FCF73FF84FF480500290DFF8AC090190DFF8E8090090DFF8DC36DFF8DC26DFF83C
:2047A000DC16DFF874060088FCF72BF84FF480500290DFF884090190DFF8C4090090DFF873
:2047C0008C39DFF88C29DFF88C19DFF84006006D80B2FCF716F8DFF860090068C00028D5EA
:2047E0004FF480500290DFF850090190DFF894090090DFF89036DFF89026DFF89016DFF8D1
:2048000018060088FBF7FDFF4FF480500290DFF828090190DFF870090090DFF84439DFF8BB
:204820004429DFF84419DFF8E405006D80B2FBF7E8FFDFF804090068C00407D4DFF84C0988
:20484000007810F00100C0B2002811D0DFF8E805006850F00100DFF8E01508600020DFF8CC
:20486000301908804FF4FA70DFF82819088017E0DFF81C090088DFF81C190988884208D35D
:204880000020DFF8B41508600020DFF80C19086006E0DFF8FC080088401CDFF8F41808805C
:2048A000DFF894050068C0071ED5DFF8F0080088401CDFF8E8180880DFF8E0080088642881
:2048C00004DB8021DFF8840CFDF7F9FADFF8CC080088C82808DB0020DFF8C018088080210C
:2048E000DFF8680CFDF7EEFA07BD00002DE9F04383B0DFF8AC08B0F900000600DFF8F80444
:204900008089002802D10020070001E00F20070001A800909FEDE80ADFF8F034012231004F
:2049200009B2DFF82C0CF8F7C4F80198DFF8241C49884843800ADFF8201C08600198DFF881
:20494000141C49884843800ADFF8C014086001A800909FEDD90ADFF8043C0122310009B260
:20496000DFF8FC0BF8F7A5F80198DFF8E81B89884843800ADFF8E01B48600198DFF8D41B5B
:2049800089884843800ADFF88414086101A800909FEDC90ADFF8CC3B0122310009B2DFF8BD
:2049A000C80BF8F786F80198DFF8A81BC9884843800ADFF8A41B88600198DFF8981BC9882C
:2049C0004843800ADFF844140862DFF840044068DFF8381449690818DFF83014496A081883
:2049E0000400DFF828048068DFF8201489690818DFF81814896A08180500200000B2DFF8E7
:204A00000C144865280000B2DFF80014886505FB05F004FB040080464046F8F733FBFDF7C2
:204A20001BFEDFF8482BDFF8483BFDF72DFEFDF713FF01900198800ADFF8D0130865019820
:204A4000DFF8101B09894843800ADFF80C1BC8600198DFF8001B09894843800ADFF8AC13BF
:204A6000086501A800909FED950ADFF8083B0122310009B2DFF8000BF8F71BF80198DFF8E8
:204A8000D41A49894843800ADFF8CC1A08610198DFF8C01A49894843800ADC49086301A8B1
:204AA00000909FED860ADFF8D43A0122310009B2DFF8CC0AF7F7FDFF0198DFF8981A89898B
:204AC0004843800ADFF8901A48610198DFF8841A89894843800ACD49086401A800909FED1B
:204AE000B60ADFF8603C0122310009B2DFF8580CF7F7DFFF0198DFF85C1AC989BFB2791833
:204B00004843800ADFF8501A88610198DFF8441AC989BFB279184843800ABC49086601A803
:204B200000909FEDA50ADFF8243C0122310009B2DFF81C0CF7F7BDFF0198DFF8181A098A86
:204B4000BFB279184843800ADFF80C1AC8610198DFF8001A098ABFB279184843800AAB49F0
:204B6000086701ABDFF8EC2BDFF8E01BDFF8D40BF8F715F80198DFF8DC19C98ABFB27918EE
:204B80004843800ADFF8D01988620198DFF8C419C98ABFB279184843800A9C49C1F8800081
:204BA00001A800909FED840ADFF8543C0122310009B2DFF8500CF7F77CFF0198DFF8941973
:204BC000498ABFB279184843800ADFF88C1908620198DFF88019498ABFB279184843800A12
:204BE0008A49C1F8900001A800909FED730ADFF8183C0122310009B2DFF8100CF7F759FFE4
:204C00000198DFF85019898ABFB279184843800ADFF8441948620198DFF83819898ABFB26E
:204C200079184843800A7949C1F8A000DFF82409408ADFF82019898A08184010814601ABDF
:204C4000DFF8CC2BDFF8C01BDFF8B40BF7F7A7FF0198DFF80019898DBFB279184843800AF4
:204C6000DFF8F418C8620198DFF8E818898DBFB279184843800A6549C1F8B0006348026A5C
:204C800092B26248016989B26048006880B2F8F7C6FA614908805D48D0F8802092B25B486A
:204CA000016F89B25948006E80B2F8F7B8FADFF8441D0880BDE8F783CDCC8C3F3B010D3E9D
:204CC000DFF874040068C00028D5DFF86C040068000104D5DFF8240C0078000719D4DFF88D
:204CE000180D0068401CDFF8101D0860DFF8080D0068B0F5967F39D30020DFF8FC1C0860CE
:204D0000DFF83404006830F08050DFF82C1408602CE00020DFF8E01C086027E0DFF818044C
:204D2000006800011ED5DFF8D40B0078000719D5DFF8C40C0068401CDFF8BC1C0860DFF89B
:204D4000B80C0068B0F57A7F10D30020DFF8A81C0860DFF8E403006850F08050DFF8D8138B
:204D6000086003E00020DFF8901C0860704780B5DFF88C0B407850F00800DFF8841B487055
:204D80000620F6F726FC0420F6F723FCDFF8A803006850F00800DFF8A01308600A20DFF889
:204DA0005C1C088001BD80B50FF21101DFF84C0CF8F7C6F901BD0000CDCC254180B50520F9
:204DC000DFF8381C0880DC480078000712D5DA48006880040ED51848006841F69E7108424D
:204DE00008D1D548006830F00800D34908600620F6F76CFC01BD00001C6100204865002006
:204E00004C650020F465002080650020145D00208265002084650020F6650020BC640020E7
:204E200020610020C0640020C46400201E610020E4640020E864002024650020AC630020FA
:204E4000A8640020C86400203A610020386100203661002081630020CC640020406100209A
:204E60003E6100203C61002082630020D06400204661002044610020426100208363002008
:204E800052610020506100204E61002084630020DFF86C0B00795A281ED0A748006830F0EA
:204EA0008070A54908600020DFF8581B08700020DFF8501C08800020DFF84C1C08800020D8
:204EC000DFF8441B08800020DFF8401B08800020DFF83C1B08802CE1AC480078C00700F133
:204EE0008580FF20DFF82C1B0870FF20DFF81C1C0870DFF81C0C006EDFF8181C098A88427D
:204F000007D3DFF80C0C006FDFF8081C098A884203D20020DFF8FC1A0870DFF8F40BD0F809
:204F20009000DFF8F01B098A884208D3DFF8E00BD0F8A000DFF8DC1B098A884203D200207D
:204F4000DFF8D01A08709148006810F4404F03D10020DFF8B81B0870DFF8B80BC089002823
:204F60000BD0DFF89809007810F00E00082808D00020DFF8A01A087003E00020DFF8941A9F
:204F80000870DFF878090078C0070BD50020DFF8841A08700020DFF8741B08700020DFF820
:204FA000641A0870DFF85C0B008840F2DC51884208DBDFF8500A007850F00100DFF8441A0A
:204FC000087013E0DFF83C0A007810F0FE00DFF8341A0870DFF83C0A0078002806D0DFF8CC
:204FE000240B0088401CDFF81C1B0880DFF8AC0B0068800505D4DFF80409007831210842BC
:205000001AD0DFF8C80B007850F00100DFF8BC1B08704948006830F08070474908600020FC
:20502000DFF8E01908700020DFF8D81A08800020DFF8D41A08807CE0DFF8900B007810F004
:20504000FE00DFF8881B0870DFF8C80AC089002811D0DFF8A8080078000718D4DFF8A409EF
:20506000007810F0FE00DFF89C1908700020DFF8941A08800BE0DFF88C09007810F0FE00BC
:20508000DFF8801908700020DFF8781A0880DFF8840AC089002823D03C48006810F44050CE
:2050A000B0F5405F1CD1DFF8280B00880A2810DB0020DFF81C1B0880DFF84809007810F0BA
:2050C000FE00DFF8401908700020DFF8381A08802FE0DFF8FC0A0088401CDFF8F41A08801C
:2050E00015480068400112D51348006830F08070114908600020DFF80C1908700020DFF8A3
:20510000041A08800020DFF8001A088011E0DFF8F4080078C00706D50748006850F080708B
:205120000549086005E00448006830F0807002490860704700000000B8640020D464002012
:20514000B6630020D864002058610020566100205461002085630020DC6400205E610020EE
:205160005C6100205A6100208663002088650020DA65002074650020766500207865002011
:205180007C6500207A6500207E650020AC640020AA65002060010020B4640020A6650020C9
:2051A000D865002038B5DFF86C09008A0400DFF86409008AF3214843000A0500A4B2DFF822
:2051C0005009006E844205D3A4B2DFF84409006F844208D2DFF8E80A006850F48040DFF8D5
:2051E000E01A086013E0DFF82809006EADB2A8420DD2DFF81C09006FADB2A84207D2DFF858
:20520000C00A006830F48040DFF8B41A0860A4B2DFF8FC08D0F89000844206D3A4B2DFF816
:20522000F008D0F8A000844208D2DFF8940A006850F40040DFF8881A086015E0DFF8D00888
:20524000D0F89000ADB2A8420ED2DFF8C408D0F8A000ADB2A84207D2DFF8640A006830F4CF
:205260000040DFF85C1A0860DFF8A808408A0400DFF8A008408A40F20B114843000A0500B3
:20528000DFF88C08006EA4B2A0420ED2DFF88008006FA4B2A04208D2DFF8240A006850F48C
:2052A0008050DFF81C1A086013E0ADB2DFF86008006E854205D3ADB2DFF85408006F854243
:2052C00007D2DFF8FC09006830F48050DFF8F0190860DFF83C08D0F89000DFF83818498A08
:2052E000884211D2DFF82808D0F8A000DFF82418498A884208D2DFF8C809006850F4005064
:20530000DFF8BC19086015E0ADB2DFF80408D0F89000854206D3ADB2DFF8F407D0F8A000B1
:20532000854207D2DFF89809006830F40050DFF890190860DFF8DC07808A0400DFF8D40717
:20534000808AF3214843000A0500A4B2DFF8C007006B844208D2DFF86809006850F48030F2
:20536000DFF85C1908600DE0DFF8A407006BADB2A84207D2DFF84809006830F48030DFF842
:2053800040190860DFF88C07808A0400DFF88407808AF3214843000A0500A4B2DFF8700716
:2053A000006C844208D2DFF81809006850F40030DFF80C1908600DE0DFF85407006CADB2BF
:2053C000A84207D2DFF8F808006830F40030DFF8F0180860DFF83807006866280DD2DFF86E
:2053E0003007006A662808D2DFF87809006850F00060DFF87019086007E0DFF868090068E5
:2054000030F00060DFF85C190860DFF80807808D002804D0DFF8E80500795A2814D00020A6
:20542000DFF844190880DFF83C09006830F08060DFF830190860DFF83409006830F0800088
:20544000DFF8281908607FE0DFF8C806C08DF3214843000A0500DFF8BC06C08DDFF8B0164A
:20546000096BDFF8AC26126C5118884208D2DFF8F408006850F00100DFF8E818086011E0D8
:20548000DFF88C06006BDFF88816096C0818ADB2A84207D2DFF8CC08006840084000DFF89A
:2054A000C4180860DFF8BC080068400130D4DFF8B4080078C00726D5DFF8AC080088401C24
:2054C000DFF8A4180880DFF8A0080088DFF84416098E884238D30020DFF88C180880DFF813
:2054E0008408006850F08060DFF878180860DFF87C08006850F08000DFF870180860072058
:20550000F6F767F820E00020DFF85C1808801BE0DFF850080078C00716D40020DFF84818A2
:205520000880DFF84008006830F08060DFF834180860DFF83808006830F08000DFF82C1897
:2055400008600720F6F7C2F831BD000000180140682500209862002028620020245D0020BC
:2055600068270020345D0020682900209A9999999999F13F445D002068190020545D002020
:20558000681B0020DFF8780400795A2808D0DFF83007006840084000DFF824170860CFE01B
:2055A000DFF8C0070068C00140F1CA80DFF81007006810F4C01F40F0C380DFF85805C08980
:2055C000002800F0AD80DFF83C040078C00740F1A780DFF8EC06006810F41040B0F5104F4F
:2055E0003BD1C6480078400710D5DFF8D406006840084000DFF8C8160860DFF8C406006826
:2056000030F00200DFF8B816086099E0DFF8B0060068C00310D5DFF8A806006840084000D0
:20562000DFF89C160860DFF89806006830F00200DFF88C16086083E0DFF88406006850F02D
:205640000100DFF87C160860DFF87406006850F00200DFF86C16086007E0DFF8640600682C
:2056600030F00200DFF858160860DFF85406006810F4C040B0F5C04F3BD1A0480078800717
:2056800010D5DFF83C06006840084000DFF830160860DFF82C06006830F00400DFF82016F5
:2056A00008604DE0DFF818060068800310D5DFF81006006840084000DFF804160860DFF883
:2056C0000006006830F00400DFF8F415086037E0DFF8EC05006850F00100DFF8E415086030
:2056E000DFF8DC05006850F00400DFF8D415086007E0DFF8CC05006830F00400DFF8C01557
:205700000860DFF8BC05007810F0060F18D1DFF8B005006840084000DFF8A41508600FE0B0
:20572000DFF89C05006830F00200DFF894150860DFF88C05006830F00400DFF884150860B3
:2057400070470000745D0020681D0020845D0020681F0020945D002080B5A94800795A2822
:205760004CD1DFF800060068C00147D5A5480078C00743D5DFF84805007810F003000328DC
:2057800002D100F047F839E00020DFF8E41508800020DFF8E0150880DFF82405006830F476
:2057A0000020DFF81C150860DFF81405006830F40010DFF80C150860DFF80405007810F015
:2057C0000500052802D100F09DF817E00020DFF8A81508800020DFF8A4150880DFF8E00419
:2057E000006830F48010DFF8D8140860DFF8D004006830F48000DFF8C814086001BD0000D2
:20580000A45D002068210020B45D002068230020C45D002080B5DFF8A8040068000331D479
:20582000DFF84C050088401CDFF844150880B948C08ADFF83C150988884223D2DFF8800486
:20584000006850F40020DFF8781408600020DFF8201508800420F5F7BCFE0220F5F7B9FE6E
:205860002748407850F00800254948706420DFF810150880DFF80C05006850F08000DFF8A4
:20588000041508601D480078800736D5DFF830040068800231D49F48008BDFF8D814098858
:2058A000884223D2DFF81804006850F40010DFF8101408600020DFF8BC1408800520F5F7B7
:2058C00088FE0420F5F785FE0D48407850F008000B4948706420DFF8B0140880DFF8A40428
:2058E000006850F48050DFF89C140860DFF884040088401CDFF87C14088001BD8864002041
:205900003865002080B5DFF8B8030068C00233D4DFF864040088401CDFF85C1408807D481B
:20592000C08ADFF854140988884225D2DFF89003006850F48010DFF8881308600020DFF815
:20594000381408800420F5F744FE0120F5F741FEDFF83804407850F00800DFF830144870EF
:205960006420DFF82C140880DFF81804006850F40070DFF810140860DFF8180400784007E0
:2059800036D5DFF83C030068400231D4DFF8EC0300886049098B884223D3C948006850F42F
:2059A0008000C74908600020DFF8D01308800520F5F70FFE0420F5F70CFEDFF8D0034078F3
:2059C00050F00800DFF8C41348706420DFF8B8130880DFF8B003006850F48050DFF8A413D7
:2059E0000860DFF898030088401CDFF89013088001BD0000F8650020E0640020866500203D
:205A00007C630020326600209065002092650020946500203066002080B5DFF87C030079D0
:205A20005A286ED10FF2F101DFF85403F7F788FB0FF21111DFF85803F7F782FB0FF2311110
:205A4000DFF85803F7F77CFB0FF25511DFF83803F7F776FBDFF848030078800722D5C148B6
:205A6000006830F08070BF4908600020DFF834130870002023490880002023490880002040
:205A8000DFF8241308800020DFF8201308800020DFF81C130880B548006850F40050B3491B
:205AA000086005E0B148006830F40050AF490860BB48007840061ED5AA48006830F0807046
:205AC000A84908600020B749087000200D49088000200D4908800020B34908800020B34919
:205AE00008800020B2490880A048006850F480409E49086005E09D48006830F480409B49DE
:205B0000086001BD8C6500208E65002031660020145D00201C61002080B50220F5F7D6FD40
:205B20009C480078800705D49D48008850F002009B4908809348006830F080009149086069
:205B400001BD000080B50120F5F7C0FD91480078400705D49248008850F002009049088012
:205B60008848006830F400708649086001BD000080B50620F5F7AAFD86480078000705D450
:205B80008748008850F00200854908807D48006830F400607B49086001BD00002C650020CA
:205BA00080B50520F5F792FD7A480078000705D57B48008850F040007949088071480068BF
:205BC00030F480506F49086001BD000033660020A865002080B53A48006810F4C00F05D046
:205BE000744800881430734908800CE034480078C00705D56F480088401C6E49088002E09C
:205C000000206C4908806B48008841F27171884238DB5448006830F0807052490860284873
:205C20000068C008C000264908604E48006830F080704C49086000205A49087000205E4990
:205C4000088000205D4908800020574908800020564908800020564908800520F5F736FD54
:205C60000620F5F733FD0220F5F730FD0120F5F72DFD0020524908801148006830F4F00058
:205C80000F49086001BD4F480078002817D04D484078022813D100204A4908700020494930
:205CA000487049480088002803D12E480068C00405D4052045490880002045490880704774
:205CC000AC64002010B500204249088001200400E4B20D2C05DA2000C0B2F5F7F7FC641CD8
:205CE000F6E70020294948702848F9F7D1F900203349088000202A490880002036490880ED
:205D000020200400E4B2402C1EDA2100C9B22148F7F762FA002815D02100C9B21D48F7F7FA
:205D20003FFA2100C9B22D482C4A127A0A235A4310440A30F8F799FA2948007850F0040010
:205D400027490870641CDDE71F480088002807D0F9F7F2F900201C490880322021490880FD
:205D600010BD0000B86400208A65002028650020966500209A650020986500209C650020E6
:205D80009E65002024650020A465002038650020A0650020886400207C630020A2650020FA
:205DA000DC65002032660020906500209265002094650020AC6500208C6500208E65002030
:205DC000C26500203C650020DA650020C6650020D4650020D6650020CE650020045900208D
:205DE00043660020C86500207047000010B4002203881A0012F441528B891B0404D583889B
:205E000053F48073838004E083884FF6FF64234083800B884C8823438C882343CC88234347
:205E20000C8923434C8923438C896404640C2343CC8923431A430280838B4FF2FF7423401A
:205E400083830B8A038210BC704749B2002904D0028852F04002028004E002884FF6BF7332
:205E60001A400280704781817047808970470200002013890B4202D00123180001E00023F9
:205E8000180040B27047F8B504460D4616461F4600F0C8FA3B4632462946204601B0BDE860
:205EA000F04000F0D6BA00000278C9B28A421AB11CBF10F8012FF9E718BF00207047000005
:205EC000C9B2830706D0521E22D310F8013B9942F7D11FE0083A13D302F1040241EA01212E
:205EE00041EA014150F8043B121F21BF4B40A3F1013C2CEA030C1CF0803FF3D0C9B2001FF4
:205F0000083210F8013B521E28BF91EA030FF8D818BF0120401E704780B500F083FA01207F
:205F200002BD000070B5054605F10F00C408AFF30080E400A54232D2082C04D2082402E058
:205F4000083000F055F82248026811000CD1011D0A6802B31368A34238BF111DF8D310E085
:205F60001D68A5420DD2191D0B68002BF8D11268011D00E0191D0B6893420CD01D68A542FB
:205F8000F8D361B10D682A68A2F10803A3420AD26A680A600FE000F07FFA0028D0D1AFF3BF
:205FA0000080002070BD2B190B60121B6E685E600B681A602C60096800291DBF4A68002AD9
:205FC000091D00210160AFF3008005F1080070BDA064002070B504460D46164600F022FA7E
:205FE000324629462046BDE8704000F025BA000000B9704738B5A0F108042068082833D378
:2060000010F0070F30D1AFF300801848416809B18C4203D26160446017E019464B680BB1B7
:20602000A342FAD30B68CD18AC421BD3A54204D12268D2180A600C4607E04A681AB123689F
:2060400023449A420ED362604C60616851B12268A3188B4206D100230360086880182060EC
:2060600048686060AFF3008031BD0000A064002030B4436803F000420121C3F31303436027
:20608000002B04BF0368002B08D10DE00368DD0F45EA440444605B000360491E4468E3028E
:2060A000F4D5C4F31303436043681A434260084630BC70474FF4001C1CEB410F94BF1CEBFC
:2060C000430F09E041EA030C50EA4C0C52EA0C0C03D2994208BF9042704714BF8B42824201
:2060E000704700004FF4001C1CEB410F94BF1CEB430F09E041EA030C50EA4C0C52EA0C0C7E
:2061000003D28B4208BF8242704714BF994290427047000070B504460D466068C0F30A50CD
:2061200040F2FF71884207D16068000304BF2068002817D0022070BD20B92046FFF798FFDB
:20614000012866DA012D0FDB40F2FF71091A8D420AD3606800284CBF9FED2F0B9FED300BC5
:2061600084ED000B012070BD4142A942616806DA6FF31E51401941EA0050606040E0401E5B
:2061800063684519012205F1350062F31F53352801F00041636003D361600020206070BD0B
:2061A000002015F11F0F04DA206823600022203562606A4212D0401E25688041C2F1200359
:2061C000C0439D4045EAD07025686668D54006FA03F32B4323606368D340636062680A4361
:2061E000B0F1004F626003D80DD12078C0070AD52068401C2060206828B96068401C606045
:206200004FF0FF3070BD6068884204BF20680028F6D1002070BD00BF000000000000F0FF1C
:20622000000000000000F07FF0B44FF0004591EA030F44BF6B4000F045B900BF841A71EBE5
:20624000030604D26E40001BB141121973414FF4001C1CEB410F34BF7CEB430684E00C0DEF
:20626000A4EB1356362E7DDC012E43DC45EAC32343EA525312BFD20292025B08240545EA40
:20628000C12141EA5051D2EBC020994125D407D1B0FA80F610FA06F164D00020203608E055
:2062A000B1FA81F6B140C6F1200220FA02F21143B0404FEAF474B4EB465434F001064FEA62
:2062C00074040AD8D6F50016760D04F00044F04061FA06F25040F1404840C00A40EA415077
:2062E00021F0004128BF5FEA500550F1000044EBD12137E045EAC323DB0A45EAC121C90A70
:20630000B6F120050EDD42EA0242120CC5F1200603FA06F6EB4042EA06056D42984161F127
:2063200000010DE062FA06F5F240554063FA06FC82EA0C02F3405A406D42904161EB0301DB
:2063400011F4801F05D1641E620502D06D004041494121F48011430875F1004350F10000B5
:2063600041EB0451F0BC70471CEB410F15D223F0004352EA43060BD04FEA4C0CBCEB410FBD
:2063800004D80C0D661E342EB7DDEBE7801A994150EA410608BF0021E4E708BF1CEB430FF4
:2063A00028BF6FF00001DDE780B5134800F0F4F80FF24C020FF244010160426241600FF22A
:2063C0004402826381600FF24402C1600161416181618162C16201634163C2630164416426
:2063E00001BD10B5044800F0D7F80446206808B9FFF7DAFF204610BD6400002000000000F6
:206400002E00000066616C7365000000747275650000000091FBF2F303FB1211C0E9003117
:206420007047000080B5DFF80C0000F0B5F8806902BD0000F400002030B430B90FF248001E
:20644000D0E90045C2E900451BE00170012030BC704730B431B90FF23800D0E90045C3E96D
:2064600000450EE01AB930BC6FF00100704708B10A7802800978481E804130BCC043C00FF0
:206480007047002030BC7047000000000000000000000000000000000749086808B10020E9
:2064A00070470648C008C00008600549C908C900091A0160704700BF706500206F11002070
:2064C00068190020841A71EB030603D2001BB141121973414FF4001C1CEB410F34BF7CEB47
:2064E000430443E00C0DA4EB1356352E50DC45EAC323DB0A45EAC121C912B6F120050DDDF6
:2065000063FA05F6EB4086EA0305124218BF45F00105C01851F100010CD213E062FA06F5D7
:20652000F2405540F3415A40B340F3405A408018594107D349085FEA30005FEA350528BFC6
:2065400045F0010501F58011420875F1004250F1000041EB0451F0BC4FF4001C1CEB410F63
:2065600038BF70470020090D090570471CEB410F10D252EA43060BD0BCEB410F05D80C0DEC
:20658000AB43661E342EB5DD02E0AB4380185941F0BC7047F0BC7047704700000000FC24F6
:2065A0002424FC252624FC242424040040308F80844C55252525554C808080008040209018
:2065C0008886808080838C1020408000008040201807004080403F000000000000080808D8
:2065E000080828C40404040604000000804121215191898985858383818080002030AC63A2
:206600002018809090FF90494A484000226722121212404020130C142241F800003E22E2A7
:20662000223E0010885724548C000000407E403F22220001FE424242FE010100008060F8E9
:2066400007003E2222E222223E000000010000FF2011090503FF030509112000101010FF9B
:20666000109000F888898E888888F8000444827F8140300F00000000000001000010600297
:206680008C00FE02F202FE00F800FF000004047E018047300F10270047807F00101010FF4C
:2066A0009020984828090E2848A818000242817F0040404242427E42424240004042241017
:2066C000FF00844444447F4444440400222212120AFE42270A1222324A424200002E2AAA03
:2066E000AAAEAAFAAAAEAAAA2A2E0000808080FFAAAAAAAAAAAAAAFF808080000444241476
:20670000047C0506047C041424440400808081414325291129254341808080000000FE0234
:2067200082828282FA8282828282020080601F40404040407F4040445840400080809E9241
:2067400092929EE0809EB2D2929E80000808F4949292F10001F2929494F8080000F88888E3
:206760008888FF88888888F800000000001F080808087F888888889F80F00000004044C4BD
:20678000444444401010FF101010F00000103C131014B840300E014080403F001010D0FFC6
:2067A000901000FE020202FE00000000040300FF0083601F0000003F40407800002018C7F9
:2067C00044444444FC444444440400000404040704040404FF04040404040400000000005F
:2067E000FE2222222222222222FE0000008040300F02020202020242827F0000000000FE41
:2068000082828282828282FE00000000000000FF40404040404040FF0000000000FE2020F0
:206820003F2000FC24E4242223E20000807F0101FF80601F80412618264180000010101095
:2068400010D030FF30D010101010000010080402090808FF0808090204081000808080BE3E
:20686000A2A2A2A2A2A2A2BE8080800000000006050404044484443C0000000080808498F1
:206880000000FE9292929292FE0000000080403F4080BF90888182848AB1800000007C408E
:2068A000404040FF40404040FC000000007C40404040407F4040404040FC0000003E22E264
:2068C000223E000810FF00FFA0100800407E403F22228042310F007F8081F20000F801029A
:2068E000F09292F29292F20202FE000000FF00000F04047F04040F40807F000080A0908E51
:20690000888888FF8888888888808000000000FC44444444444444FC0000000012EAAFAA0F
:20692000EA0FFA02888C5724548C84000202EAAAAAABAAABAAAAAAAAEA020200101010FF68
:20694000109040A09E8282829EA020000444827F01008080432C10284483800000000000FD
:206960000001E21CE000000000000000804020100C03000000030C30408080000000F84979
:206980004A4C48F8484C4A49F800000010101312121212FF1212121213101000406058C64F
:2069A0006000D01010FE1010D010000044CE452424000704047F84848F80E0008080849849
:2069C00000109010101010FE101010000080403F408080838090A09F808080001060028C1A
:2069E000004464544D46445464C4040004047E0180403E0000FE00007E80E00000F80122C8
:206A0000202222A2FA22222202FE000000FF0008040211201F000040807F000020102CE731
:206A2000242400E22C20BF2028E600000101017F2111804F20100F10204F80000808080812
:206A400008F8898E888888880808080000804020180700004080403F0000000000F80808A1
:206A60000CCA494848C8080808F8000000FF0000001F0808081F0040807F00001010FF10CC
:206A800090E02F29E909E9292FE0000042827F414425150D05FE0D1525454400008060F861
:206AA0000740300FF888888888080800010000FF00000000FF080808080800001010D0FF12
:206AC000901000FC24E4242223E20000040300FF0083601F804126182641800080828282D3
:206AE000FE8282828282FE8282828000008040300F0000000000FF000000000000FC2024CC
:206B0000A8FFA82400FC4444C4424000003F2221202F20A3601F0000FF0000000808F94AD3
:206B200048C84820D8171010F010100040300F20403F8040211608162140800000000000AA
:206B4000000000000000000000000000010101010101010101010101010101008080FC9694
:206B6000E584FC00A09E82829EA0200080601F024C807F8080432C102C43800008888888B6
:206B800088FF000000FF8888888808001010101010FF000000FF101010101000201808EA7F
:206BA000ACA8A8AFA8A8ACEA0828180000003E02020202FF020212221E0000001010D0FF72
:206BC00090100202FE0202625AC60000040300FF0043308F80432C102C438000C808090EB0
:206BE000E808405E5050DF50505E4000206F201C131000FE027F027E82FE0000008060F805
:206C00000700FC848484FE8283828000010000FF0000FF402000418E3040F8000040301EBC
:206C2000101010FF101010101000000081814121110D0301030D112141818100002020A8E2
:206C40006C2A3928A82A6CA82020000002828190924A49452422100801020200905234108F
:206C6000FF10345280708F0808F80800829A566322528E008040330C334080000000FE0227
:206C800002F2121212F20202FE00000000007F2020272424242720207F00000000FC8080A2
:206CA000808000FE008040201000000000FF40402020007F8180808080F0000000020C80A9
:206CC000608040300FC808082818000002027E01804020180601061820408000008060F8E5
:206CE0000704E4A4A4BFA4A4E4040000010000FF40407F4A4A4A4A4A7F404000404020203E
:206D0000504844434448502020404000000000FE42424242424242FE00000000008060F816
:206D20000710901011161010D0100000010000FF4040415E4040704E414040001060028C59
:206D400000FE02F2525A565252F2020004047E41300F201349817F010913200000101010B8
:206D6000D0FF901000FE22222222FE000008040300FF000300FF42424242FF0000F801060A
:206D800000F0121212F2020202FE000000FF0000001F1111111F0040807F00000000FE2208
:206DA000222101403E0202021E2020001010FF110909808147291129458380000040504E9A
:206DC0004848FF48484840F80000FF000000003E0202FF12221E000F40807F00100C0424F0
:206DE00024242526A464240404140C00020202020242827F020202020202020000FC84844D
:206E000084FC001010101010FF101000003F1010103F0000010640807F0000000000FC246F
:206E200024E42424222222A36200000040308F8040402314081422414080800000FE225A28
:206E40008600FE9292929292FE00000000FF04080700FF4020030C1422414000000020106F
:206E6000E8242724A424342CE0000000000080804F402018071010204F8000000484C43456
:206E8000042F2424242F2424E42424000100FF00001F1111111F40807F000000202028A8F0
:206EA000A8A8A8F8A4A4A4A6242020008080A0AFAAAAAAFFAAAAAAAFA08080000484C4B453
:206EC0008C0000E40404FE4243420000804428182720404F48484F48484840000010101074
:206EE000FF1010F00000F8080808F800008040300F40807F00007F2020207F0080808498C3
:206F00000008E82828FE2828E80800000080403F4090898583BF838589908000040484C4E3
:206F2000A49C85868484A4C48404040000808040300F0000007F808081F00000100C055525
:206F40005555857F8555555505140C000404020A09292A4C48A91902020404000000FC0408
:206F600004041415569454341404040040300F0001010141817F010101050300407C407F09
:206F8000484840F2121AD61212F20200908E404F201E804F20180710204F80000014A44421
:206FA0002434AD6624940444A414000008090808090909FD09090B08080908000404040427
:206FC000F49495969494F4040404040000FE02027A4A4A4A4A4A7A0282FE0000008060F810
:206FE0000700FE02F202FE00F800FF00000000FF008047300F10270047807F000202020217
:20700000C23EA2222222E20202020200000000782720101300003F40404078000004FF24FE
:207020002424FF0400FC4444C442400088482F0909192FC8601F0000FF000000C8B88FE8A5
:20704000888880824222121A26428000081808FF0404404242427E424242400040484848D5
:20706000FF484842A29E82A2C2BE000080601F207F4444404F484848484F40001060028CF9
:207080000000FE9292929292FE00000004047E01407E42427E427E42427E4000008C44B54C
:2070A00026A4640C02F21AD612F202001008FC4A494AFC08804F300F102FC000100C444406
:2070C000444445C64444444444140C008040201E2040407F444444444440400000000000B8
:2070E000FC4444444546444444447C00004020180700FC44444444444444FC00808080805E
:20710000FF8080A0908884828080800000000000FF40211204081020204040001010FF10B5
:2071200010202424A47F24342826200010100F04020402FF49494949FF000000C8B88FE89A
:207140008888404848E85F4848484000081808FF040400020B1222D20A06000000804030AE
:207160000F0808E8080808482818000080804020100806010608102040808000008060F893
:2071800007101010D0FFD01010100000010000FF1008040B08FF080B0408100004047454BC
:2071A000545454FF5454545474040400040415151555957F151515151F040400101010FFAE
:2071C00010105020D8171010F0101000007F2121217F80402116081621408000000000E2C7
:2071E00024282020202824E200000000806000077282828AB28282E700106000008060F8E9
:20720000070004242425262424240400010000FF000000F94949494949F90000040484E491
:207220001C0724242424A46424040400020100FF00020242827F0202020202008060F887B5
:207240008498002024A47F24342824000000FF00007F241201FF494949FF00004030EF24F6
:207260006448487F4848487F4848400001017F211100FF4949494949FF0000001010D0FF67
:207280009010804828090E0828488800040300FF00018080432C102C4380800002FA828252
:2072A000FE804020504C434C5020400008184884443F404458414E60584740001010D0FF0D
:2072C000905020504C434C5020404000040300FF00414458414E60584740400000007E9292
:2072E000929292929292929E80E00000088848281E0808080808FE080808080002E2222206
:207300003E0000F94A4CF84C4AF90000004382423E0010131212FF12121310004844535216
:20732000567A52D0547B52565242420000009F553515151F151535559F0000008080888839
:20734000888888FF888888888880800020201008040201FF010204081020200008CC4A49CA
:20736000484ACC18007F88888482E00000FF121252927F00007E88888482E0008090904840
:207380004C57242424544C4480808000000000FF4949497F494949FF00000000000000FE49
:2073A00022222222FE22222222FE00000080601F020202027F020242827F0000404042CC66
:2073C000002022E22222E222222000000080403F40A0988780809FA0A0BC800004E42526B3
:2073E00024E4042020FF20E22C202000104B827E020B90601C03003F40407000404040FE70
:20740000404000F00080FE4020E000002060201F1010017F8180BF848887F0000000242454
:20742000242424FC2222222322000000020202020242827F0202020202020200101010FFAF
:207440001050445465C64464544440000444827F0182824A562322524E820200000000C072
:207460004040407F48484848C80808000080403704041464041464040710E0000000FC04E7
:207480000404040404040404FC00000000007F2020202020202020207F000000404042CC24
:2074A00000004A32222AF121312D00000080403F408081BDA1A1BFA1A1BD8100002064246E
:2074C0009494BF80809FA4A4A222380000000000FF0A0A0A0A0A4A8A7F0000004040424458
:2074E00058C0407F40C05048464040008080402018070000003F4040404078004040C07E63
:2075000042424A72424242FE4040400000000F080808090E4888483F0808000002FE9292DE
:20752000FE0200101116F01413100000101F0808FF048141310D030D3141810000000202A4
:20754000FE42820242724E40C00000008040300C838041462810284641808000000000F800
:20756000888C8A89888888F800000000000000FF44444444444444FF000000000008080862
:20758000F80808081010FF101010F000001030101F088848300E014080403F000404048447
:2075A000E43C2724242424E40404040004020100FF0909090949897F000000000000404207
:2075C0004242C27E42C242424240400000804020100C0300003F40404040700000000808DF
:2075E000080808080808080808000000101010101010101010101010101010000004848447
:207600008484848484848484840400002020202020202020202020202020200000001011C1
:20762000161010F010101413100000008181414121110D030D1121414181810000FE02FA4A
:2076400002FE4020D8171010F01010008047300F106780402116081621408000808084981C
:2076600000001010FE1010FE101000000080403F4081A199878181BF8181810000F80808E1
:207680000808887F8808080808F8000000FF0008040201000001024C807F000000E000FFF8
:2076A00010200888780F08E808088800010000FF00100C834423180718628100201008F7AC
:2076C00054545454545454F404040000809090494D57252525554D45808080004042CC00B1
:2076E000001E92527E525E52D21E000040201F20505150494A44424140404000C8B88FE877
:2077000088C840DE52525252DE404000081808FF0424203F25251515FF1010000000000212
:20772000020202FE0202020202FE000000004020100C030000002040201F0000100C44249B
:20774000148445264484142444140C00040402FE45444444444445FE0204040000000202D0
:2077600002028242F20E4282020202000010080402010000FF00000001020C000002021234
:20778000620202FE020242320202000001010101010101FF01010101010101001088C4237D
:2077A00008F493F29AF6004044C444000100FF001097543F54971040807F0000000888C860
:2077C000A99A8888680800F80000FF0000909048241219244280000F40807F00000000FE06
:2077E00092929292929292FE0000000040424458407F4040407F405048464000404042420F
:20780000424242C24242424242404000201008060040807F0000000204083000808084983F
:207820000000F848484C4A48487800000080403F4080BF92929292929292BE0000E000FF09
:2078400010200404844424140C040000010000FF000038464140404040407800404042CCDB
:207860000040A09E8282829EA02020000000003F908840432C102846418080004042CC0073
:2078800000E2222A2AF22A2622E0000080403F4080FF898989BF89A9C9BF8000404042CC6C
:2078A000008282FE828202FE000000000000007F201000FF0000000F3040F800404042CC0F
:2078C000009090909090FF10111610000000003F1028603F1010010E3040F000000000F8F5
:2078E000A8A8ACAAA8A8A8F800000000806000077282828AB28282E7001060008088484866
:20790000281808FE0818284848888000808080BF95959595959595BF8080800020222A2A1A
:20792000AA6A3A2E292929292920200008040201FF555555555555FF00000000202020BE95
:20794000AAAAAAAAAAAAAABE20202000008080AFAAAAAAFFAAAAAAAF8080000020C20C809C
:20796000027A4A4A7E4A7E4A4A7A020004047E0144251545857D05051525440080808498B1
:207980000010D25470505054D21000000080403F4080BF9595959595BF80800000F808FF46
:2079A00008F800027A4A4A4A7A020200000F00FF080F00FF49497F4949FF0000002010E811
:2079C00024272424E424342C20E000000080601F090909097F090949897F0000002030ACAB
:2079E000633000FE021222C23202FE0000226722121200FF0804030047807F00808084988D
:207A00000000F8484848444446C400000080403F40B08FA0918A848A91A08000404042CC7E
:207A20000000008484848484FC0000000000007F2010003F404040404140700080808292C3
:207A400092929292929292FE80808000404022241048807F040818242240400080FE828221
:207A6000FE80FE8282FE8000F800FF00403F0020BF403F40807F00004F807F0000FE225A2D
:207A80008620102824E324281020200000FF040827110D41817F010509310000008060F8BC
:207AA0000780601C1010FF1010100000010000FF000202020202FF0202020200809090487B
:207AC0004C5724E424544C4480808000004222120A42827F02020A12224200004042CC00DE
:207AE00000445454547F54545444400000007F201000FF15151555957F00000088681FC81A
:207B00000810C85452D1129408D01000091909FF0500FF1292FF005F807F00000000181623
:207B200010D0B89790909092941000000020108C8380414628102844438080000080603CE7
:207B4000202020FE202020202020000081808484848484FF8484848484808000001060026D
:207B60000CC000E22C203F2028E600000004047C030000FF09090949897F00000008300074
:207B8000FF20202020FF2020222C200004040201FF8040300E01061820408000000808089A
:207BA0008848A81E28488808080800008272010178808085988080E109126200000848885E
:207BC00008C83800901010FF101010000020100C030418000043807F000000000474D45481
:207BE000FF54D47414087784443C0400828988E88B8888F9A8AAA9A8A98A82000040404028
:207C0000FF2020200404FC040404FC00000000001F0884422018074080403F00101010FF5F
:207C2000902010E82724E4342CE000000242817F00848447241C071C2447840000FE020246
:207C4000021222428242221A02020000007F4040484442414041424C4040400000FE0212B9
:207C6000929292FE9292921202FE000000FF40405F48484848485F4040FF0000008060F88C
:207C800007000000FF40201008040000010000FF000402013F404040404078000000F888E4
:207CA0008888880808FF08090AC8080080601F0010201F80402116182641F800404042CCE8
:207CC00000002024A4243FA424A460000000007F2010888A4C29180F1828C8000202FE9294
:207CE0009292FE0206FC040404FC000008180F080804FF048440271827408000108C440442
:207D0000E40495A64424148444940C0002027A414143427E42424243F80000000484E45C90
:207D200044C40002F2828282FE80800002017F10103F00080808084888403F000000202033
:207D400010081467844424140C0000000004040402FE43434242424242FE00002424A4FEC0
:207D6000232240300F08C80808281800080601FF0102100C43807F0001061800000022323D
:207D80002AA6A2622111098101000000004222130B42827E02020A12234600002030AC63A6
:207DA000300088C8A8998E88A8C8880022672212128040300F00003F404071000020102C9A
:207DC000E7242400F01010FF1010F000000101017F211100070202FF0202070000020CE09E
:207DE0004020F84F4849FE484848080004047F000000FF2222223F22222220001060028CBE
:207E00000084E41C05C6BC2424E4040004047E010000FF8241261829468180000000000030
:207E20007F49494949497F000000000000FF49494949FF00FF49494949FF00000000FE0293
:207E400002020202020202020202020080601F000000000000000000000000002424A4FE23
:207E6000232200C03800FF0008106000080601FF01068180404027100C030000008282BAB4
:207E8000AAAAAAABAAAAAABA828280000241545454547CAAAAAAAAAAA082E10000FE022277
:207EA000428272022242827202FE000000FF100806010E100806014E807F0000404040FEDC
:207EC000404000F00000FE80808000002060201F109080FF8080FF80808080004042CC0089
:207EE00000809E92929292929E80000000007F2094844424140F142444848400808888FF17
:207F0000888880FE0202F20202FE00004020180708B040231806017E8083E000002030ACC5
:207F200063201820900C0B080808F80000226722121212000001064080403F0000000000A8
:207F40000000FE808080808080000000808080808080FF8080808080808080008080849808
:207F60000010121C10F01018161000000080403F4081A1918D838589B181810004E4242482
:207F800064A4243F24A4642424E4040000FF00080909097F09090948807F000040445465DA
:207FA000C664544400FC4444C442400020124A827F020A92601F0000FF000000000808E8A4
:207FC0002828283E282828E808080000808080FF95959595959595FF80808000404444FCA6
:207FE0004444FC444400F80000FE000088849390909093FC90909092948380004042CC007A
:2080000000829292F29E9292F282800000007F201000FC4444444444FC00000004042424C7
:208020002424252624242424240404000000F9494949494949494949F90000000000F0106E
:20804000101010FF10101010F000000000000F04040404FF040404040F0000000808083834
:20806000C808090E0808C838080808008080404020110A040A1120404080800000023AAA91
:208080006A3F2A2A2AFF2AAA2EE000000002819E4242221A2222425E810000008848280991
:2080A0000A28488880708F0808F808004020110A040B30804020130C334080000000E2821F
:2080C00082828282828282FE0000000000003F404040404040404040407800002038E7306E
:2080E000007CD655547C20D817F010002227121280621E4B8A7A806718678000000004FF55
:20810000242424FF0400FE222222FE000088482F090919AF48300F0242827F0000083000B1
:20812000FF008884532212CA0600000004040201FF00020A1242827F02020200000000FE6E
:208140002222222222E222227E0000001008060110102222448001020408080000E000FF94
:208160001020080808FF0808F8000000010000FF008141310D030D3141818100404042CC9E
:2081800000202222A2622222222000000040201F20444E4544444445464C4000001088C43C
:2081A000330040424242C24242424000020100FF0000000040807F000000000000080889E4
:2081C000EA1888000404FC040404FC0000020100FF0186402018074080403F001010F01F93
:2081E00010F00040E05847405060C0004022150816210000FE42424242FE00000000007FD7
:20820000494949494949497F000000008141211D214181FF89898989898181000002828249
:20822000422212FA0622224242820000010100FC44444445444444FC000001000010101076
:20824000101012F4101010101010000080808282828282FF8282828282808000040444C475
:208260004F4444C424242FB42404040040442424150C04FE040C1524244440008060DE4826
:208280004800C83820A8A8FEA8F820000202FF42A24D314F888A8ABF8A8A880040404040BD
:2082A0004040FF444444444444404000000000000000FF000002040810000000008060F832
:2082C0000708080809FA080808080000010000FF40414141417F4141414140000484E45C8D
:2082E00044C42010E82724E4342CE00002017F10103F80601F09093F49897F00404042CCDF
:208300000000000000FF0000000000000000003F90482018070007182040800008080808E9
:20832000C8380F08080808080808080008040201FF41414141414141FF0000000202020212
:208340000202FE020242820202020200000000000000FF0000000001060000001010101005
:2083600010F01E1010101010101010004020908C83828282FE8282828280800000FC0000D8
:20838000FF0004848484848484FC0000008740300F00202020202020207F00004020F80702
:2083A000F0A0904C5724A4544C8080000000FF001F809252492924120800000004848484D0
:2083C00084FC4030CC0B0808F8080800007F2010100880402116081621408000008060F829
:2083E000072020207FA0101116101000010000FF0000000000030C102040F800000404041D
:20840000FF5454545454FF040404000011118985939191FD91919385891111000010109235
:20842000543010FF10305492101000008485454424140C060C14244445848400000090889A
:208440004C57A42454548C840000000001018042221A07024282423E010101000000C000E9
:20846000E002041800C0300C40800000088641203F4844424140407800010E00101010FFCF
:208480009020988888E98E8888A898000242817F000080844B28102847800000000202F20D
:2084A000121212F2020202FE020202000000000F0404040F0040807F0000000000FC000025
:2084C0000204180000807F0000000000003F1008844020100C03081020C00000004042CCDF
:2084E0000000FE829292FE929282FE000000003F10887F001E1212125E807F00044444445F
:208500005F44C44444445F44C4040400000000000000FF0000081008070000000010101162
:20852000F61010101010F41310100000028242320F0202020202FF0202020200406058C6F8
:208540002000FC90A080FE80A090000044CE45242400FF888482FF828488800008C8B88F51
:20856000E8888840300FC8082818000008180808FF048440300E010E30408000504847FC65
:20858000444440080808FF0808F80000003E201F107E8141310D030D31418100000010884E
:2085A00086C0C0A0AF9090888284080000010100FF4A4A4A4A4A4A4A4AFF00000000000060
:2085C00000000000000000000000000000000000000000000000000000000000000000009B
:2085E00000000000000000000000000000000000000000000000000000000000000000007B
:2086000000000000000000000000000000000000000000000000000000000000000000005A
:2086200000000000000000000000000000000000000000000000000000000000000000003A
:2086400000000000000000000000000000000000000000000000000000000000000000001A
:208660000000000000000000000000000000000000000000000000000000000000000000FA
:208680000000000000000000000000000000000000000000000000000000000000000000DA
:2086A0000000000000000000000000000000000000000000000000000000000000000000BA
:2086C00000000000000000000000000000000000000000000000000000000000000000009A
:2086E00000000000000000000000000000000000000000000000000000000000000000007A
:20870000000000000000000000000000000000000000000000000000000000000000000059
:20872000000000000000000000000000000000000000000000000000000000000000000039
:20874000000000000000000000000000000000000000000000000000000000000000000019
:208760000000000000000000000000000000000000000000000000000000000000000000F9
:208780000000000000000000000000000000000000000000000000000000000000000000D9
:2087A0000000000000000000000000000000000000000000000000000000000000000000B9
:2087C000000000000000000000000000000000000000000000000000000000000000000099
:2087E000000000000000000000000000000000000000000000000000000000000000000079
:20880000000000000000000000000000000000000000000000000000000000000000000058
:20882000000000000000000000000000000000000000000000000000000000000000000038
:20884000000000000000000000000000000000000000000000000000000000000000000018
:208860000000000000000000000000000000000000000000000000000000000000000000F8
:208880000000000000000000000000000000000000000000000000000000000000000000D8
:2088A0000000000000000000000000000000000000000000000000000000000000000000B8
:2088C000000000000000000000000000000000000000000000000000000000000000000098
:2088E000000000000000000000000000000000000000000000000000000000000000000078
:20890000000000000000000000000000000000000000000000000000000000000000000057
:20892000000000000000000000000000000000000000000000000000000000000000000037
:20894000000000000000000000000000000000000000000000000000000000000000000017
:208960000000000000000000000000000000000000000000000000000000000000000000F7
:208980000000000000000000000000000000000000000000000000000000000000000000D7
:2089A0000000000000000000000000000000000000000000000000000000000000000000B7
:2089C000000000000000000000000000000000000000000000000000000000000000000097
:2089E000000000000000000000000000000000000000000000000000000000000000000077
:208A0000000000000000000000000000000000000000000000000000000000000000000056
:208A2000000000000000000000000000000000000000000000000000000000000000000036
:208A4000000000000000000000000000000000000000000000000000000000000000000016
:208A60000000000000000000000000000000000000000000000000000000000000000000F6
:208A80000000000000000000000000000000000000000000000000000000000000000000D6
:208AA0000000000000000000000000000000000000000000000000000000000000000000B6
:208AC000000000000000000000000000000000000000000000000000000000000000000096
:208AE000000000000000000000000000000000000000000000000000000000000000000076
:208B0000000000000000000000000000000000000000000000000000000000000000000055
:208B2000000000000000000000000000000000000000000000000000000000000000000035
:208B4000000000000000000000000000000000000000000000000000000000000000000015
:208B60000000000000000000000000000000000000000000000000000000000000000000F5
:208B80000000000000000000000000000000000000000000000000000000000000000000D5
:208BA0000000000000000000000000000000000000000000000000000000000000000000B5
:208BC000000000000000000000000000000000000000000000000000000000000000000095
:208BE000000000000000000000000000000000000000000000000000000000000000000075
:208C0000000000000000000000000000000000000000000000000000000000000000000054
:208C2000000000000000000000000000000000000000000000000000000000000000000034
:208C4000000000000000000000000000000000000000000000000000000000000000000014
:208C60000000000000000000000000000000000000000000000000000000000000000000F4
:208C80000000000000000000000000000000000000000000000000000000000000000000D4
:208CA0000000000000000000000000000000000000000000000000000000000000000000B4
:208CC000000000000000000000000000000000000000000000000000000000000000000094
:208CE000000000000000000000000000000000000000000000000000000000000000000074
:208D0000000000000000000000000000000000000000000000000000000000000000000053
:208D2000000000000000000000000000000000000000000000000000000000000000000033
:208D4000000000000000000000000000000000000000000000000000000000000000000013
:208D60000000000000000000000000000000000000000000000000000000000000000000F3
:208D80000000000000000000000000000000000000000000000000000000000000000000D3
:208DA0000000000000000000000000000000000000000000000000000000000000000000B3
:208DC000000000000000000000000000000000000000000000000000000000000000000093
:208DE000000000000000000000000000000000000000000000000000000000000000000073
:208E0000000000000000000000000000000000000000000000000000000000000000000052
:208E2000000000000000000000000000000000000000000000000000000000000000000032
:208E4000000000000000000000000000000000000000000000000000000000000000000012
:208E60000000000000000000000000000000000000000000000000000000000000000000F2
:208E80000000000000000000000000000000000000000000000000000000000000000000D2
:208EA0000000000000000000000000000000000000000000000000000000000000000000B2
:208EC000000000000000000000000000000000000000000000000000000000000000000092
:208EE000000000000000000000000000000000000000000000000000000000000000000072
:208F0000000000000000000000000000000000000000000000000000000000000000000051
:208F2000000000000000000000000000000000000000000000000000000000000000000031
:208F4000000000000000000000000000000000000000000000000000000000000000000011
:208F60000000000000000000000000000000000000000000000000000000000000000000F1
:208F80000000000000000000000000000000000000000000000000000000000000000000D1
:208FA0000000000000000000000000000000000000000000000000000000000000000000B1
:208FC000000000000000000000000000000000000000000000000000000000000000000091
:208FE000000000000000000000000000000000000000000000000000000000000000000071
:20900000000000000000000000000000000000000000000000000000000000000000000050
:20902000000000000000000000000000000000000000000000000000000000000000000030
:20904000000000000000000000000000000000000000000000000000000000000000000010
:209060000000000000000000000000000000000000000000000000000000000000000000F0
:209080000000000000000000000000000000000000000000000000000000000000000000D0
:2090A0000000000000000000000000000000000000000000000000000000000000000000B0
:2090C000000000000000000000000000000000000000000000000000000000000000000090
:2090E000000000000000000000000000000000000000000000000000000000000000000070
:2091000000000000000000000000000000000000000000000000000000000000000000004F
:2091200000000000000000000000000000000000000000000000000000000000000000002F
:2091400000000000000000000000000000000000000000000000000000000000000000000F
:209160000000000000000000000000000000000000000000000000000000000000000000EF
:209180000000000000000000000000000000000000000000000000000000000000000000CF
:2091A0000000000000000000000000000000000000000000000000000000000000000000AF
:2091C00000000000000000000000000000000000000000000000000000000000000000008F
:2091E00000000000000000000000000000000000000000000000000000000000000000006F
:2092000000000000000000000000000000000000000000000000000000000000000000004E
:2092200000000000000000000000000000000000000000000000000000000000000000002E
:2092400000000000000000000000000000000000000000000000000000000000000000000E
:209260000000000000000000000000000000000000000000000000000000000000000000EE
:209280000000000000000000000000000000000000000000000000000000000000000000CE
:2092A0000000000000000000000000000000000000000000000000000000000000000000AE
:2092C00000000000000000000000000000000000000000000000000000000000000000008E
:2092E00000000000000000000000000000000000000000000000000000000000000000006E
:2093000000000000000000000000000000000000000000000000000000000000000000004D
:2093200000000000000000000000000000000000000000000000000000000000000000002D
:2093400000000000000000000000000000000000000000000000000000000000000000000D
:209360000000000000000000000000000000000000000000000000000000000000000000ED
:209380000000000000000000000000000000000000000000000000000000000000000000CD
:2093A0000000000000000000000000000000000000000000000000000000000000000000AD
:2093C00000000000000000000000000000000000000000000000000000000000000000008D
:2093E00000000000000000000000000000000000000000000000000000000000000000006D
:2094000000000000000000000000000000000000000000000000000000000000000000004C
:2094200000000000000000000000000000000000000000000000000000000000000000002C
:2094400000000000000000000000000000000000000000000000000000000000000000000C
:209460000000000000000000000000000000000000000000000000000000000000000000EC
:209480000000000000000000000000000000000000000000000000000000000000000000CC
:2094A0000000000000000000000000000000000000000000000000000000000000000000AC
:2094C00000000000000000000000000000000000000000000000000000000000000000008C
:2094E00000000000000000000000000000000000000000000000000000000000000000006C
:2095000000000000000000000000000000000000000000000000000000000000000000004B
:2095200000000000000000000000000000000000000000000000000000000000000000002B
:2095400000000000000000000000000000000000000000000000000000000000000000000B
:209560000000000000000000000000000000000000000000000000000000000000000000EB
:209580000000000000000000000000000000000000000000000000000000000000000000CB
:2095A0000000000000000000000000000000000000000000000000000000000000000000AB
:2095C00000000000000000000000000000000000000000000000000000000000000000008B
:2095E00000000000000000000000000000000000000000000000000000000000000000006B
:2096000000000000000000000000000000000000000000000000000000000000000000004A
:2096200000000000000000000000000000000000000000000000000000000000000000002A
:2096400000000000000000000000000000000000000000000000000000000000000000000A
:209660000000000000000000000000000000000000000000000000000000000000000000EA
:209680000000000000000000000000000000000000000000000000000000000000000000CA
:2096A0000000000000000000000000000000000000000000000000000000000000000000AA
:2096C00000000000000000000000000000000000000000000000000000000000000000008A
:2096E00000000000000000000000000000000000000000000000000000000000000000006A
:20970000000000000000000000000000000000000000000000000000000000000000000049
:20972000000000000000000000000000000000000000000000000000000000000000000029
:20974000000000000000000000000000000000000000000000000000000000000000000009
:209760000000000000000000000000000000000000000000000000000000000000000000E9
:20978000000000000000000000000000000000000000000000000000000000000020DFF8D2
:2097A000201A08800020DFF81C1A08800020DFF8181A08700020DFF8041D0870704780B515
:2097C000DFF8FC1CDFF8FC0CF6F7FEFCDFF8F0190880DFF8EC09008800285CD0DFF8E00C01
:2097E0000078582831D1DFF8D80CC07958282CD1DFF8CC090288DFF8C81CDFF8CC0C0079E5
:2098000002F040FD00285DD002F09CFDDFF8BC2CDFF8AC1CDFF8B00C007902F095FDDFF874
:20982000A4190880DFF89C090288DFF8A01CDFF8940CF6F710FD0020DFF888190880F2F7D0
:2098400040FF0D20F1F7C5FE3CE0DFF8740C0078512809D1DFF868090088012804D10120C4
:20986000DFF86C1C08702DE000F007FC002829D000F026FCDFF84C090288DFF8501CDFF80E
:20988000440CF6F7E8FC0020DFF8381908800D20F1F79FFE16E0DFF8380C007800280ED096
:2098A0000020DFF82C1C0870DFF8282CDFF81C1CDFF80C0C00F008F8DFF8081908800D202B
:2098C000F1F704FF01BD00002DE9F0472DED028B88B004000E0015004FF47A71DFF8EC0B90
:2098E000F3F74EFCDFF8E40B0600DFF8EC0B0278DFF8E81B3000F3F7D3FFADF81A00BDF8E6
:209900001A00DFF8DC1B0880DFF8D40B00880644DFF8D01B3000F3F7C3FFADF81A00DFF81B
:20992000C00B0088BDF81A100818DFF8B41B0880BDF81A000644DFF8900B8079002800F00B
:20994000A1800020ADF81800BDF81800DFF8881B097889B2884280F03681DFF88C0BBDF8F2
:20996000181009010844F6F723F9ADF81C00DFF8780BBDF8181009010844801DF6F718F977
:20998000ADF81E00DFF8600BBDF8181009010844C07A012803D19FEDE40AB0EE408ADFF89F
:2099A000480BBDF8181009010844C07A002803D1B7EE000AB0EE408ADFF82C0BBDF81810E9
:2099C00009010844C07A022803D1B7EE000AB0EE408ADFF8140BBDF8181009010844C07A7F
:2099E000032803D19FEDDF0AB0EE408ADFF8F80ABDF8181009010844C07A042803D19FEDB9
:209A0000DA0AB0EE408ABDF81870BDF81E80BDF81890BDF81CA018EE100AF3F715FFCDE9C8
:209A20000401DFF8C40ABFB239010844801D02901FFA88F8CDF80480DFF8AC0A1FFA89F94C
:209A40005FEA0911084400901FFA8AFA5346BDF81820DFF8981A3000F3F722FFADF81A0021
:209A6000DFF87C0A0088BDF81A100818DFF8701A0880BDF81A000644BDF81800401CADF832
:209A8000180061E70020ADF81800BDF81800DFF8481A097889B2884280F09580DFF8480A4F
:209AA000BDF8181009010844F6F782F8ADF81C00DFF8340ABDF8181009010844801DF6F779
:209AC00077F8ADF81E00DFF8200ABDF8181009010844C07A012803D19FEDDC0AB0EE408A0F
:209AE000DFF8040ABDF8181009010844C07A002803D19FEDD70AB0EE408ADFF8EC09BDF8C2
:209B0000181009010844C07A022803D19FEDD10AB0EE408ADFF8D009BDF8181009010844DD
:209B2000C07A032803D19FEDCC0AB0EE408ADFF8B809BDF8181009010844C07A042803D11D
:209B40009FEDE40AB0EE408ABDF81870BDF81E80BDF81890BDF81CA018EE100AF3F774FE49
:209B6000CDE90401DFF88009BFB239010844801D02901FFA88F8CDF80480DFF86C091FFA5D
:209B800089F95FEA0911084400901FFA8AFA5346BDF81820DFF8281C3000F3F781FEADF888
:209BA0001A00DFF83C090088BDF81A100818DFF830190880BDF81A000644BDF81800401CFE
:209BC000ADF8180061E74022DFF8F81B3000F3F767FEADF81A00DFF808090088BDF81A10A7
:209BE0000818DFF8FC180880BDF81A000644DFF8D81B3000F3F754FEADF81A00DFF8E00805
:209C00000088BDF81A100818DFF8D4180880BDF81A0006440020ADF81800BDF81800102877
:209C200053DABDF81800DFF8A41B097889B2884230D2DFF89C0B0068BDF818101122514382
:209C40000844401CF5F7B4FFADF81C00BDF81800BDF81C30DFF8781B096880B2112250435B
:209C60000844401C00909BB2BDF81820DFF8641B3000F3F715FEADF81A00DFF86408008865
:209C8000BDF81A100818DFF858180880BDF81A00064414E0BDF81820DFF83C1B3000F3F7B4
:209CA000FFFDADF81A00DFF838080088BDF81A100818DFF82C180880BDF81A000644BDF8DA
:209CC0001800401CADF81800A7E70020ADF81800BDF81800102860DABDF81800DFF8FC1AEF
:209CE000097889B2884233D2DFF8F40A0068BDF818100C2251430844F5F75AFFADF81C00AB
:209D0000BDF81800BDF81C30DFF8D41A096880B20C225043084400909BB2BDF8180010F155
:209D20001002DFF8B01A01E0CDCCCC3D3000F3F7B7FDADF81A00DFF8A8070088BDF81A1073
:209D40000818DFF89C170880BDF81A0006441EE00420ADF81C00BDF8180010F11002DFF81E
:209D6000841A03E00AD7233C6F12833A3000F3F797FDADF81A00DFF868070088BDF81A10CA
:209D80000818DFF85C170880BDF81A000644BDF81800401CADF818009AE70020ADF8180074
:209DA000DFF83C070088FF2190FBF1F0401CBDF81810814230DADFF828070088BDF8181004
:209DC000FF2202FB1100FF2803DBFF20ADF81A0009E0DFF80C070088BDF81810FF2202FB1B
:209DE0001100ADF81A00BDF81A2092B2DFF8DC06BDF81810FF2359430144DFF8C806F6F735
:209E00002AFAF2F75EFCC820F1F7DDFCBDF81800401CADF81800C3E7DFF8B00606000020EF
:209E2000DFF8BC1608804FF47A71DFF8A006F3F7A7F90020ADF81800BDF81800202880F258
:209E40008680BDF81800DFF89C1C07E0E5FF1F3BF9FF473DFE7FD83EDEFFC73C097889B2D0
:209E6000884274D2BDF8180000286AD0DFF8780C0068BDF81810142251430844407C2028E9
:209E800045DBDFF8640C0068BDF81810142251430844407C40283ADADFF84C0C0068BDF87C
:209EA0001810142251430844401CF5F781FEADF81C00BDF81800BDF81C30DFF82C1C09687E
:209EC00080B2142250430844401C00909BB2DFF8180C01E04201003A0068BDF8181014222E
:209EE00051430844427CDFF8041C3000F3F7D8FCADF81A00DFF8E8050088BDF81A100818D5
:209F0000DFF8DC150880BDF81A00064419E00420ADF81C00BDF8180010F12002DFF8D01B48
:209F20003000F3F7BDFCADF81A00DFF8B4050088BDF81A100818DFF8A8150880BDF81A008D
:209F40000644BDF81800401CADF8180074E70222DFF8A01B3000F3F7A3FCADF81A00DFF871
:209F600080050088BDF81A100818DFF874150880BDF81A000644DFF850183000F3F790FCEF
:209F8000ADF81A00DFF858050088BDF81A100818DFF84C150880BDF81A0006440022DFF875
:209FA000581B3000F3F77CFCADF81A00DFF830050088BDF81A100818DFF824150880BDF8FD
:209FC0001A0006440122DFF8741C3000F3F768FCADF81A00DFF808050088BDF81A100818EB
:209FE000DFF8FC140880BDF81A0006440020ADF81800DFF8EC040088FF2190FBF1F0401CC5
:20A00000BDF81810814230DADFF8D4040088BDF81810FF2202FB1100FF2803DBFF20ADF88A
:20A020001A0009E0DFF8B8040088BDF81810FF2202FB1100ADF81A00BDF81A2092B2DFF82D
:20A040008C04BDF81810FF2359430144DFF87404F6F701F9F2F735FBC820F1F7B4FBBDF80D
:20A060001800401CADF81800C3E7DFF87404008808B0BDEC028BBDE8F08780B550480188CE
:20A08000DFF83C04F3F764FB002801D0002016E0DFF82C040078DFF8141D0870DFF8200457
:20A0A0004078DFF818140870DFF81C040079DFF8FC1C0978884201D0002000E0012002BD12
:20A0C00080B5DFF8F8030078012812D002281BD0032824D004282DD0052836D0062846D022
:20A0E0000C284CD00F283AD0102850D0302856D05DE0DFF8E023DFF8D413DFF8C40300F096
:20A1000083F83049088059E0DFF8C823DFF8BC13DFF8AC0300F0ECF92A4908804EE0DFF8C7
:20A12000B423DFF8A813DFF8980300F04DFE2549088043E0DFF89C23DFF89013DFF8800386
:20A1400000F05CFB1F49088038E0DFF88823DFF87C13DB4800F0D2FC1A4908802EE0DD4AC7
:20A16000DA49D74800F07CFD1649088026E0D94AD649D34800F066FD124908801EE0D54A97
:20A18000D249CF4801F05EF90E49088016E0D14ACE49CB4801F03EFD0A4908800EE0CD4A1F
:20A1A000CA49C74802F06AF80649088006E0C74A0121C34800F00AF802490880002002BD8A
:20A1C0000A6600200C660020566600202DE9F04104000D00160020783070207850F0800083
:20A1E0007070B57003200700390089B23000F3F7AFFA804686F80380404680B2000A3071CF
:20A20000B81C80B2BDE8F0812DE9F64F91B004005FF000095FF0000A00250026A01CDFF8F3
:20A22000901B0860DFF8880B00680078DFF8841B0880DFF87C0B0068401CDFF8741B0860D3
:20A24000DFF8700B00880002DFF8681B0880DFF8640B0088DFF8581B096809780843DFF814
:20A26000541B0880DFF8480B0068401CDFF8401B0860DFF83C0B00680078DFF83C1B0880AB
:20A28000DFF82C0B0068401CDFF8241B0860DFF8280B00880002DFF8201B0880DFF8180B46
:20A2A0000088DFF80C1B096809780843DFF8081B0880DFF8FC0A0068401CDFF8F41A08606B
:20A2C000DFF8F00A0088402805DB119A02212000FFF77CFFEEE0DFF8DC0A0088DFF8D81AA2
:20A2E00009880818412807DBDFF8C80A0088D0F14000DFF8C41A0880DFF8B00A007873492E
:20A3000008706E48007871494870DFF8AC0A008880B2C0086D498870DFF89C0A008808213A
:20A3200090FBF1F201FB1200002804D067488078401C6649887003208246DFF8780A00882F
:20A34000082190FBF1F00600032081465F488078F6B23018C01C814506DA00205B4901F8AA
:20A36000090019F10109F1E7002080464746DFF84C0A00780743DFF8440A407857EA002741
:20A38000DFF83C0A0068008857EA0047DFF8340A007850EA0808DFF82C0A407858EA002822
:20A3A000DFF8200A807858EA0048DFF8180AC07858EA006800208146B9F1040F0ADADFF8E0
:20A3C000FC0948440079DFF8FC1901F8090019F10109F1E700208146B9F1200F0ADA3800BD
:20A3E00030FA09F010F00100694601F8090019F10109F1E700208146B9F1200F0BDA404671
:20A4000030FA09F010F001006946494481F8200019F10109F0E7DFF89C0900888146DFF8B6
:20A4200094090088DFF890190988081881452ADADFF880090088B9EB0000082190FBF1F0DB
:20A4400005005AFA85F040281DDA684610F80900002815D0DFF85C090088B9EB0000082172
:20A460001A4A5AFA85F3D25C012390FBF1FC01FB1C0013FA00F0104314495AFA85F2885476
:20A4800019F10109CBE7114880781AEB000A5046010089B20D48F3F75BF983460B4800F81D
:20A4A0000AB0584680B2000A0849514448701AF1020080B213B0BDE8F08F00005766002067
:20A4C000684900200038014054640020184E002058660020245F0020AEFB0008B0080208E0
:20A4E0000E66002070070208B8000208E00602082DE9F64F91B004005FF000095FF0000A44
:20A5000000250026A01CDFF8A8180860DFF8A00800680078DFF89C180880DFF894080068E8
:20A52000401CDFF88C180860DFF8880800880002DFF880180880DFF87C080088DFF87018B2
:20A54000096809780843DFF86C180880DFF860080068401CDFF858180860DFF8540800688E
:20A560000078DFF854180880DFF844080068401CDFF83C180860DFF8400800880002DFF89E
:20A5800038180880DFF830080088DFF82418096809780843DFF820180880DFF8140800680A
:20A5A000401CDFF80C180860DFF808080088402805DB119A02212000FFF708FEFCE0DFF888
:20A5C000F4070088DFF8F01709880818412807DBDFF8E0070088D0F14000DFF8DC17088085
:20A5E000DFF8C8070078DFF80C1E0870DFF850060078DFF8001E4870DFF8BC07008880B21E
:20A60000C008DFF8F01D8870DFF8AC070088082190FBF1F201FB1200002806D0DFF8D40D29
:20A620008078401CDFF8CC1D887003208246DFF884070088082190FBF1F0060003208146B4
:20A64000DFF8B00D8078F6B23018C01C814507DA0020DFF8A01D01F8090019F10109EFE75B
:20A66000002080464746DFF8540700780743DFF84C07407857EA0027DFF844070068008817
:20A6800057EA0047DFF83C07007850EA0808DFF83407407858EA0028DFF82807807858EAE2
:20A6A0000048DFF82007C07858EA006800208146B9F1040F0ADADFF8040748440079DFF82C
:20A6C000041701F8090019F10109F1E700208146B9F1200F0ADA380030FA09F010F0010071
:20A6E000694601F8090019F10109F1E700208146B9F1200F0BDA404630FA09F010F001006E
:20A700006946494481F8200019F10109F0E7DFF8A40600888146DFF89C060088DFF8981623
:20A720000988081881452CDADFF888060088B9EB0000082190FBF1F005005AFA85F0402840
:20A740001FDA684610F80900002817D0DFF864060088B9EB00000821DFF8982C5AFA85F335
:20A76000D25C012390FBF1FC01FB1C0013FA00F01043DFF8801C5AFA85F2885419F1010979
:20A78000C9E7DFF8700C80781AEB000A5046010089B2DFF8600CF2F7DBFF8346DFF8540CD7
:20A7A00000F80AB0584680B2000ADFF8481C514448701AF1020080B213B0BDE8F08F00005F
:20A7C0008C070208C8080208E00802083766002008650020940C0208A40C020838660020A4
:20A7E0000C650020B40C020802004FF4006303FB02F393FBF1F3180000B270472DE9F74F14
:20A800002DED028B824600241AF10200DFF8A0150860DFF89C0500680078DFF89815088040
:20A82000DFF88C050068401CDFF884150860DFF8840500880002DFF87C150880DFF87405EA
:20A840000088DFF86C15096809780843DFF864150880DFF85C050068401CDFF8541508605F
:20A86000DFF84C0500680078DFF84C150880DFF840050068401CDFF838150860DFF8380590
:20A8800000880002DFF830150880DFF82C050088DFF81C15096809780843DFF81C15088025
:20A8A000DFF80C050068401CDFF804150860DFF8480B0078DFF8FC14098880B2884205D2A7
:20A8C000039A02215046FFF781FC06E1DFF8280B0078DFF8E0140988DFF8DC241288511810
:20A8E000884209DADFF8100B0078DFF8C8140988401ADFF8C4140880DFF8B0040078DFF892
:20A90000F41A0870CE480078DFF8E81A4870DFF8A8040088C0B24000DFF8D81A8870DFF83D
:20A92000DC0A070000200400DFF8D40A8079002800F09080DFF87C04B0F90000060036B242
:20A94000DFF870040088DFF8701409880818864280F2A780DFF8AC0A36B231010844C07A8A
:20A96000012811D13868DFF8A01A09684843F7F77DFE0022DFF8943AF7F784FF01F092FF7C
:20A9800008EE100A3F1D4EE0DFF8780A36B231010844C07A002811D13868DFF8741A0968A4
:20A9A0004843F7F763FE0022DFF8683AF7F76AFF01F078FF08EE100A3F1D34E0DFF8440ABE
:20A9C00036B231010844C07A022821D13868DFF8381A09684843F7F73FFE0022DFF82C3A6C
:20A9E000F7F750FF80468946DFF8240A0068F7F733FE42464B46F7F747FE0022DFF8183A62
:20AA0000F7F740FF01F04EFF08EE100A3F1D0AE038680A2190FBF1F000EE100AB8EEC00AC6
:20AA2000B0EE408A3F1DBDEEC80A10EE100A80B2000ADFF8C019E4B22144C870BDEEC80A21
:20AA400010EE100ADFF8AC19E4B221440871A41C761C74E7D748B0F90000060036B2D5484E
:20AA60000088D5490988081886421ADADFF8940936B231010844C1683868FFF7B5FE050072
:20AA80003F1D280080B2000ADFF86819E4B22144C870DFF86009E4B220440571A41C761C69
:20AAA000DCE7DFF850098470E4B2E11C89B2DFF84409F2F74DFE8346DFF83809E4B22044AE
:20AAC00080F803B0584680B2000ADFF82819E4B221440871E4B2601D80B2BDEC028BBDE8C5
:20AAE000FE8F00003666002004650020C40C0208D40C0208F80802088C0A0208F8B5040065
:20AB00000D001600A01CAA490860A94800680078DFF808190880A6480068401CA4490860A3
:20AB2000DFF8F80800880002DFF8F0180880DFF8EC0800889E49096809780843DFF8DC180B
:20AB400008809B480068401C99490860984800680078DFF8CC18088095480068401C9449FB
:20AB60000860934800680078DFF8B818088090480068401C8E49086090484078C00705D577
:20AB80002A0007212000FFF721FB55E0DFF894080088CC2807D108273A0021002800F4F798
:20ABA00081FA082048E0DFF874080088002835D1DFF86C080088002802D0FF280FD02DE0E1
:20ABC0000520F0F706FD4FF4FA70F0F7FCFD0520F0F77CFD01210D20F3F7A7FB1EE0DFF8A4
:20ABE0004808006850F48060DFF83C1808600620F0F7EFFC4FF4FA70F0F7E5FD0620F0F76B
:20AC000065FDDFF82408006830F48060DFF81818086001210D20F3F788FBFFE7DFF8FC0778
:20AC20000088012801D1FBF74DF808273A0021002800F4F737FA0820F2BD0000A00A020801
:20AC400057660020F8B504000D001600FBF73AF808273A0021002800F4F724FA0820F2BD8D
:20AC6000F8B504000D001600A01C51490860504800680078DFF8B41708804D480068401C47
:20AC80004B490860DFF8A40700880002DFF89C170880DFF8980700884549096809780843D1
:20ACA000DFF88817088042480068401C404908603F4800680078DFF8781708803C48006816
:20ACC000401C3B490860DFF8680700880002DFF860170880DFF85807008835490968097858
:20ACE0000843DFF84C17088031480068401C30490860DFF838070088002808D0DFF8340779
:20AD00000078DFF82817098880B2884205D22A0002212000FFF75AFA46E0DFF810070088EE
:20AD2000401EDFF80817088041F28830DFF8081708804FF4FA70DFF804170880DFF8F006DA
:20AD40000088B0F57F4F0BD0DFF8E4060088FF2806D0DFF8DC0600884FF6FF7188420AD13C
:20AD6000DFF8DC06DFF8C416098811225143405CF0F72FFC11E0DFF8B806008800280AD152
:20AD8000DFF8BC06DFF8A416098811225143405CF0F79CFC01E0002006E008273A002100A5
:20ADA0002800F4F77FF90820F2BD0000566600206065002010660020126600208864002036
:20ADC00010650020306500202DE9FE4F04000D001600A01CDFF8F81D0860DFF8F40D00684F
:20ADE0000078DFF8F01D0880DFF8E40D0068401CDFF8DC1D0860DFF8DC0D00880002DFF88A
:20AE0000D41D0880DFF8CC0D0088DFF8C41D096809780843DFF8BC1D0880DFF8B40D006854
:20AE2000401CDFF8AC1D0860DFF8A40D00680078DFF8A41D0880DFF8980D0068401CDFF80F
:20AE4000901D0860DFF8900D00880002DFF8881D0880DFF8840D0088DFF8741D0968097891
:20AE60000843DFF8741D0880DFF8640D0068401CDFF85C1D0860DFF8580D0560DFF85C0DF2
:20AE80000078DFF84C1D09680870DFF8440D0068401CDFF83C1D08600320DFF8341D0968D1
:20AEA0000870DFF82C0D0068401CDFF8241D0860DFF8200D008832287CDADFF8180D008806
:20AEC000DFF83415097889B2884205D32A0002212000FFF77BF976E2DFF81C050078DFF87E
:20AEE000F41C0988DFF8F02C12885118884209DADFF804050078DFF8DC1C0988401ADFF825
:20AF0000D81C0880DFF8D00C00884000DFF8D01C0880DFF8CC0C0088DFF8B41C0968087028
:20AF2000DFF8AC0C0068401CDFF8A41C0860DFF8CC048146DFF89C0C0088DFF8A81C088027
:20AF4000DFF8A00C0088DFF8901C0988884280F02D82DFF8B004DFF88C1C098809010844F8
:20AF6000C168D9F80000FFF73FFC824619F10409504680B2000ADFF8581C09680870DFF8EA
:20AF8000500C0068401CDFF8481C0860DFF8400C006880F800A0DFF8380C0068401CDFF895
:20AFA000301C0860DFF83C0C0088401CDFF8341C0880C5E7DFF81C0C008850286CD106201D
:20AFC000DFF81C1C0880DFF8180C0088DFF8001C09680870DFF8F80B0068401CDFF8F01BFB
:20AFE0000860DFF8040C0068007ADFF8E41B09680870DFF8DC0B0068401CDFF8D41B0860B1
:20B00000DFF8E40B0068407ADFF8C41B09680870DFF8BC0B0068401CDFF8B41B0860DFF862
:20B02000C80B0068807ADFF8A81B09680870DFF8A00B0068401CDFF8981B0860DFF8A80B96
:20B040000068C07ADFF8881B09680870DFF8800B0068401CDFF8781B0860DFF88C0B00681D
:20B06000007BDFF86C1B09680870DFF8640B0068401CDFF85C1B0860DFF86C0B0068407BDD
:20B08000DFF84C1B09680870DFF8440B0068401CDFF83C1B086089E1DFF8380B0088552880
:20B0A0001FD1DFF8480BF4F783FD8346DFF8400BF4F77EFDDFF83C1B09880291DFF82C1B4A
:20B0C0000191CDF800B0DFF8283B0200DFF8281BDFF8FC0A0068F2F7E3FBDFF8041B088089
:20B0E00064E1DFF8F00A008860282CD10220DFF8F01A0880DFF8E80A0088DFF8D41A09681B
:20B100000870DFF8CC0A0068401CDFF8C41A08600020DFF8BC1A09680870DFF8B40A006876
:20B12000401CDFF8AC1A0860DFF8D00A0078DFF8A01A09680870DFF8980A0068401CDFF8F7
:20B14000901A086032E1DFF88C0A0088FA2880F28F80DFF8800A00886438DFF8781A0880BC
:20B16000DFF8700A0088DFF8981A097889B2884205D32A0002212000FFF728F823E1DFF8B1
:20B18000800A0078DFF84C1A0988DFF84C2A12885118884205DA2A0002212000FFF716F875
:20B1A00011E1DFF8340A00884C2805DB2A0002212000FFF70BF806E1DFF81C0A008880B2A8
:20B1C0004000DFF81C1A0880DFF8140A0088DFF8001A09680870DFF8F8090068401CDFF8D0
:20B1E000F0190860DFF8F0090088DFF8E81909880818DFF8E4190880DFF8080AC078002858
:20B2000002D1DFF8040A0700DFF8C8090088DFF8D4190880DFF8CC090088DFF8BC19098882
:20B22000884280F0C38038888046BF1C404680B2000ADFF89C1909680870DFF8940900681D
:20B24000401CDFF88C190860DFF88409006880F80080DFF87C090068401CDFF874190860FE
:20B26000DFF880090088401CDFF878190880D1E7DFF860090088B0F59670DFF8581908809F
:20B28000DFF850090088DFF88419097889B2884205D32A0002212000FEF798FF93E0DFF8E1
:20B2A0006C090078DFF82C190988DFF82C2912885118884209DADFF854090078DFF8141968
:20B2C0000988401ADFF810190880DFF80C0900884000DFF80C190880DFF804090088DFF880
:20B2E000F01809680870DFF8E8080068401CDFF8E0180860DFF8E0080088DFF8D8180988FC
:20B300000818DFF8D4180880DFF8C8080088DFF8D4180880DFF8CC080088DFF8BC180988D9
:20B32000884243D2DFF8E808006800880121DFF8B42812889140084218D00020DFF8901866
:20B3400009680870DFF888080068401CDFF8801808605520DFF8781809680870DFF87008EE
:20B360000068401CDFF86818086017E00020DFF8601809680870DFF858080068401CDFF829
:20B3800050180860AA20DFF8481809680870DFF840080068401CDFF838180860DFF844085E
:20B3A0000088401CDFF83C180880B3E7DFF830080088C11C89B22800F1F75EFBDFF8200845
:20B3C0000088401D80B2BDE8FE8F0100C9B20A20C9B20A2291FBF2F291FBF0F300FB1310DA
:20B3E00050EA0210DFF8902D1070DFF88C0D007870470000184E0020AEFB0008FC62002099
:20B4000054640020B800020848650020000059404C65002000408F400088C3401466002027
:20B420001666002018660020B86400201A6600201C660020E6FB0008D4650020C6650020C7
:20B44000600202082DE9F84304000D001600DFF8BC0D0560DFF8240D4079DFF8201D097AAB
:20B4600088422FD10120DFF8181D0870DFF86C070078DFF8981D09680870DFF8900D00684A
:20B48000401CDFF8881D08600C20DFF8801D09680870DFF8780D0068401CDFF8701D0860F7
:20B4A0000020DFF8681D09680870DFF8600D0068401CDFF8581D086003212800F1F7DCFA61
:20B4C000052082E3DFF8B40CDFF8B01C49790A22514308440A3007000020DFF8341D0870D9
:20B4E000DFF82C0D0078DFF82C1D0978884214D27878DFF8241D0968DFF8142D1278142321
:20B500005A431144497C884207D0DFF8040D0078401CDFF8FC1C0870E2E7DFF8C0060078D2
:20B52000DFF8E81C09680870DFF8E00C0068401CDFF8D81C08600C20DFF8D01C09680870B5
:20B54000DFF8C80C0068401CDFF8C01C08600F20DFF8B81C09680870DFF8B00C0068401C47
:20B56000DFF8A81C08607888DFF8B01C0880DFF8AC0C0088642190FBF1F0DFF8901C0968A1
:20B580000870DFF8880C0068401CDFF8801C0860DFF8880C0088642190FBF1F201FB120035
:20B5A000C0B2DFF8781C0880DFF8700C0088C0B2FFF70BFFDFF8541C09680870DFF84C0C7A
:20B5C0000068401CDFF8441C08603879DFF83C1C09680870DFF8340C0068401CDFF82C1C45
:20B5E00008607879DFF8241C09680870DFF81C0C0068401CDFF8141C0860B879DFF80C1C90
:20B6000009680870DFF8040C0068401CDFF8FC1B0860F879DFF8F41B09680870DFF8EC0B32
:20B620000068401CDFF8E41B0860387ADFF8DC1B09680870DFF8D40B0068401CDFF8CC1B67
:20B640000860787ADFF8D41B0880DFF8D00B0088B0F5FA6F07DBDFF8C40B0088B0F5FA60EB
:20B66000DFF8B81B0880787ADFF8A01B09680870DFF8980B0068401CDFF8901B0860787813
:20B680000F2806DB78782F2803D078783F2840F08F800120DFF8741B09680870DFF86C0B24
:20B6A0000068401CDFF8641B08607878DFF85C1B09680870DFF8540B0068401CDFF84C1BA9
:20B6C0000860387800280CD0FF20DFF8401B09680870DFF8380B0068401CDFF8301B0860AC
:20B6E0000BE00020DFF8241B09680870DFF81C0B0068401CDFF8141B08600020DFF80C1BF2
:20B7000009680870DFF8040B0068401CDFF8FC1A08600020DFF8F41A09680870DFF8EC0A86
:20B720000068401CDFF8E41A08600020DFF8DC1A09680870DFF8D40A0068401CDFF8CC1AFC
:20B740000860DFF8380A4079401CDFF8301A4871DFF8280A4079232190FBF1F201FB1200F7
:20B76000DFF8181A4871DFF8140A4079DFF80C1A097A884210D10120DFF8041A0870002080
:20B78000DFF8881A09680870DFF8800A0068401CDFF8781A08600BE0FF20DFF8701A096875
:20B7A0000870DFF8680A0068401CDFF8601A086078782028C0F26C8178782F2880F26881D2
:20B7C0000220DFF8481A09680870DFF8400A0068401CDFF8381A086078781F38DFF82C1A4B
:20B7E00009680870DFF8240A0068401CDFF81C1A0860387800280CD0FF20DFF8101A0968DD
:20B800000870DFF8080A0068401CDFF8001A08600BE00020DFF8F41909680870DFF8EC0906
:20B820000068401CDFF8E4190860DFF8EC090068DFF8DC190978142251430844807C00284D
:20B840005BD10020DFF8C41909680870DFF8BC090068401CDFF8B41908600020DFF8AC19D7
:20B8600009680870DFF8A4090068401CDFF89C1908600020DFF8941909680870DFF88C09AA
:20B880000068401CDFF884190860DFF8F0084079401CDFF8E8184871DFF8E00840792321D8
:20B8A00090FBF1F201FB1200DFF8D0184871DFF8CC084079DFF8C418097A884210D101202E
:20B8C000DFF8BC1808700020DFF8401909680870DFF838090068401CDFF830190860D7E0F1
:20B8E000FF20DFF8281909680870DFF820090068401CDFF818190860CAE00020DFF81C191E
:20B9000008800020DFF8181908700020DFF814190880DFF810090088232863DADFF8F8087C
:20B920000068DFF80419DFF8FC28128812011144097B142251430844407C7978884249D183
:20B94000DFF8E408DFF8DC1809880901084412308046DFF82808DFF8241849790A225143CE
:20B9600008440C3081460020DFF8C0180870DFF8BC080078082811DA404610F101084946E4
:20B9800011F1010900780978884207D1DFF89C080078401CDFF894180870E8E7DFF88C087C
:20B9A0000078082816D1DFF88008DFF87818098809010844008ADFF864180880DFF868089F
:20B9C000DFF86018098809010844C07BDFF85018087007E0DFF84C080088401CDFF8441816
:20B9E000088096E7DFF824080368DFF830080288DFF82C080178DFF820080068DFF810C8A1
:20BA00009CF800C05FF0140E0EFB0CFC6044C07C00F088FBDFF864074079401CDFF85C175C
:20BA20004871DFF858074079232190FBF1F201FB1200DFF848174871DFF8D0070068C01CBD
:20BA4000DFF8C8170860DFF834074079DFF82C17097A884210D10120DFF8241708700020EA
:20BA6000DFF8A81709680870DFF8A0070068401CDFF8981708600BE0FF20DFF8901709681E
:20BA80000870DFF888070068401CDFF88017086078783028C0F2948078783F2880F2908047
:20BAA0000320DFF8681709680870DFF860070068401CDFF85817086078783038DFF84C17E2
:20BAC00009680870DFF844070068401CDFF83C170860387800280CD0FF20DFF830170968A3
:20BAE0000870DFF828070068401CDFF8201708600BE00020DFF8141709680870DFF80C07AE
:20BB00000068401CDFF8041708600020DFF8FC1609680870DFF8F4060068401CDFF8EC16A7
:20BB200008600020DFF8E41609680870DFF8DC060068401CDFF8D41608600020DFF8CC1644
:20BB400009680870DFF8C4060068401CDFF8BC160860DFF828064079401CDFF820164871A6
:20BB6000DFF818064079232190FBF1F201FB1200DFF808164871DFF804064079DFF8FC1527
:20BB8000097A884210D10120DFF8F41508700020DFF8781609680870DFF870060068401C7F
:20BBA000DFF8681608600BE0FF20DFF8601609680870DFF858060068401CDFF850160860EA
:20BBC00012212800F0F758FF1420BDE8F2830000606500201066002012660020566600208F
:20BBE000206600201E66002014650020D40A0208C40A0208E6650020EC0E0208346500207A
:20BC000039660020786400206461002038660020106500202DE9F84F82460C0015001AF1E0
:20BC20000200DFF80C160860DFF8040600680078DFF800160880DFF8F8050068401CDFF8FC
:20BC4000F0150860DFF8EC0500880002DFF8E4150880DFF8E0050088DFF8D41509680978D7
:20BC60000843DFF8D0150880DFF8C4050068401CDFF8BC150860DFF8B80500680078DFF876
:20BC8000B8150880DFF8A8050068401CDFF8A0150860DFF8A40500880002DFF89C150880F9
:20BCA000DFF894050088DFF88815096809780843DFF884150880DFF878050068401CDFF8F4
:20BCC00070150860DFF8680500680078DFF86C150880DFF85C050068401CDFF854150860CF
:20BCE000DFF850050088502880F2C880DFF848050088062804D1DFF8440500880C2805D0FE
:20BD0000220002215046FEF761FA09E2DFF8200500680078DFF820150880DFF81405006845
:20BD2000401CDFF80C150860DFF80C0500880002DFF804150880DFF800050088DFF8F0141E
:20BD4000096809780843DFF8F0140880DFF8E0040068401CDFF8D8140860DFF8DC0400885A
:20BD60004FF47A7110FB01F0DFF8CC140880DFF8C80400882870DFF8C004008880B2000A38
:20BD80006870DFF8AC040068401CDFF8A4140860DFF89C0400680078A870DFF89404006843
:20BDA000401CDFF88C140860DFF884040068401CDFF87C140860DFF8780400680078E870CB
:20BDC000DFF86C040068401CDFF864140860DFF860040068401CDFF858140860DFF85004CC
:20BDE000006800786871DFF848040068401CDFF840140860DFF838040068401CDFF830141E
:20BE00000860DFF82C0400680078A871DFF820040068401CDFF818140860DFF81404006839
:20BE20000078DFF814140880DFF804040068401CDFF8FC130860DFF8000400880002DFF8D6
:20BE4000F8130880DFF8F0030088DFF8E413096809780843DFF8E0130880DFF8D40300688A
:20BE6000401CDFF8CC130860DFF8CC0300883030E8710021280000F085F945E1DFF8B403F6
:20BE80000088512815D1DFF8B4030088552840F03B81EDF7BDFD0920F2F78EFD5FF00709A2
:20BEA000DFF89CB34A4659462000F3F7FBF8072036E1DFF880030088602807D1DFF8700366
:20BEC0000068401CDFF8681308601DE1DFF864030088FA2880F29780DFF860030088DFF8DC
:20BEE00058130988B0EB410F05D0220002215046FEF76CF914E1DFF83C0300886438DFF84B
:20BF000034130880DFF82C030088DFF83813097889B2884205D3220002215046FEF756F925
:20BF2000FEE0C8480078C3490988C34A12885118884204DAC3480078BF49088006E0BE4847
:20BF40000088BC4909880818BB490880BE480700B8480088BD490880BC480088B6490988D8
:20BF6000884225D2B24800680078B9490880B0480068401CAE490860B54800880002B449FD
:20BF80000880B3480088AA49096809780843B0490880A7480068401CA5490860AC48008860
:20BFA0003880BF1CA9480088401CA8490880D3E745F6A520A7490880A34806004620A64928
:20BFC0000880A5480188C9B23000F1F7A8FBA149A1F868009F48F2F780FE002805D12200D4
:20BFE00003215046FEF7F2F89AE09C4801780120F2F72CFF002840F0878022000321504661
:20C00000FEF7E4F88CE08B480088B0F5967089490880884800889249097889B2884205D3F2
:20C02000220002215046FEF7D1F879E08C48007880490988804A12885118884205DA2200D0
:20C0400002215046FEF7C2F86AE07B480088794909880818784908808248C078002802D12A
:20C060008148804601E08048804618F104087148008876490880754800886F4909888842CD
:20C080003DD26B480068401C694908606848006800787649088066480068401C64490860A2
:20C0A00072480088552810D15A206849098808F801006F48006800880121644A1288914041
:20C0C00008436B490968088013E068480088AA280FD1A5205D49098808F80100644800687A
:20C0E00000880121594A12889140884360490968088056480088401C54490880BBE7594831
:20C10000C078801CF2F758FC5FF006094A4651462000F2F7C7FF06212000F0F7ADFC0820BB
:20C12000BDE8F28F70B492B24FF4807505FB02F56426B5FBF6F52C004E4D2B602500ADB247
:20C140002D0A4C4E366835704A4D2D686D1C494E3560484D2D682C70464D2D686D1C454EE0
:20C1600035600025434E36683570424D2D686D1C404E356070BC7047596600200459002022
:20C180004C6600207CB506000C0030780500761C3078000210FA85F5761CADB24FF47A70FF
:20C1A00095FBF0F0C0B2F1F767FA8DF80200ADB24FF47A7095FBF0F100FB1150ADF80000CF
:20C1C0003078F1F759FA761C8DF803003078F1F753FA761C8DF80400761C3078F1F74CFA02
:20C1E000761C8DF805003078F1F746FA761C8DF806003078F1F740FA8DF807006846F3F748
:20C20000B4FC1D48F3F738FC73BD0000646500205C66002036660020046500202266002003
:20C220005B66002024660020C85600205A6600206065002010660020126600202866002094
:20C24000141002083966002014600020266600202A660020106000202E6600203465002004
:20C260003866002078640020946300202C660020106500206865002090640020030008207A
:20C28000704700002DE9F84304000D00160000270020DFF8DC1508600020DFF8D0150870A4
:20C2A000287858284BD1E879582848D1B6B20E2E01DA002044E0E87AF021084201D00020D7
:20C2C0003EE0287A697A50EA01200A308146494689B22800F1F7AAFA070038001FFA89F907
:20C2E00015F8091080B289B2884201D0002027E068782100C9B2884201D0002020E0E87A50
:20C30000A97A50EA012080461FFA88F8DFF8640510EB0800DFF8581508601FFA88F84AF27C
:20C320000A00804509D1287B697B50EA0120DFF8481548810020F2F735F9012000E000201D
:20C34000BDE8F283002070472DE9F14FADF5976D0C00150000208346DFF814050068000C82
:20C360000004DFF81015884204D1582005F80B001BF1010B9DF8B80405F80B001BF1010B15
:20C3800000208246BAF1050F07D2002005F80B001BF1010B1AF1010AF4E7DFF8D4040068D5
:20C3A000000C0004DFF8CC14884204D1582005F80B001BF1010BDFF8B8040068DFF8BC14DD
:20C3C000884256D10A2005F80B001BF1010B002005F80B001BF1010BDFF894040068000A01
:20C3E00005F80B001BF1010BDFF884040068803805F80B001BF1010B002005F80B001BF14A
:20C40000010BDFF87C04008805F80B001BF1010BDFF86C04008880B2000A05F80B001BF1F2
:20C42000010BDFF86004808805F80B001BF1010BDFF85004C08805F80B001BF1010BDFF823
:20C440004404C08880B2000A05F80B001BF1010BDFF83004008905F80B001BF1010BDFF865
:20C460002404008980B2000A05F80B001BF1010BE6E1DFF8FC030068DFF80C14884240F0B9
:20C48000EF8001208046A07CE17C50EA012080B28146207B617B50EA012080B20600A07B54
:20C4A000E17B50EA012080B28246300080B2514689B250EA01400090B9F1010F50D1009819
:20C4C00000284DD1207D617D50EA012080B281464A4692B25FF4F00114F11B00F5F7A5FA84
:20C4E0004A4692B25FF4F00101A8F5F7C1F9002006004E4508D201A8805D04EB0601C97E7F
:20C50000884201D1761CF4E74E4540F07F80DFF86803C0F80C900120DFF85C130881607EEC
:20C52000A17E50EA0120D4494880207E81465FEA0940A17DE27D51EA022110FA81F0CE4938
:20C540000861207C617C50EA0120CB49C880AA20C9498880002080460020F2F723F855E01F
:20C56000607EA17E50EA012080B20600207D617D50EA012080B28246207E07003804A17D5C
:20C58000E27D51EA022110FA81F7BE48408886423CD1BC480069874238D1BA480089401C93
:20C5A000814533D1F0F78DF8524692B2B548C06810F5F00114F11B00F5F737FA524692B235
:20C5C000B048C06810F5F00101A8F5F751F900200600564508D201A8805D04EB0601C97E08
:20C5E000884201D1761CF4E756450FD1A2480089401CA1490881A048C0681AEB00009E4979
:20C60000C860002080460020F1F7CCFF0B2005F80B001BF1010B002005F80B001BF1010BAE
:20C6200093480068000A05F80B001BF1010B90480068803805F80B001BF1010B002006004F
:20C64000082E08D204EB0600007B05F80B001BF1010B761CF4E705F80B801BF1010BEFE05E
:20C66000834800688949884240F08080012080468448C0888349098988425AD10020814686
:20C680008048C068800A824600200600564516D24FF480624FF4806000FB06F010F5F00180
:20C6A00001A8F5F7E5F84A4692B24FF4806101A8F1F785F88146F0F704F8761CE6E7714840
:20C6C000C068800516D06F48C0688205920D4FF4806000FB06F010F5F00101A8F5F7C8F863
:20C6E0004A4692B26748C0688105890D01A8F1F766F88146EFF7E5FF62484089814518D1D1
:20C7000020226048C0686249091801A8F5F7B0F8604901A800F00EF900280AD1AA20564949
:20C7200088805520544988820120F1F73BFF00208046032005F80B001BF1010B002005F84C
:20C740000B001BF1010B4A480068000A05F80B001BF1010B46480068803805F80B001BF1D0
:20C76000010B05F80B801BF1010B69E0404800684949884220D14948F5F768FA80460320BF
:20C7800005F80B001BF1010B002005F80B001BF1010B37480068000A05F80B001BF1010B28
:20C7A00033480068803805F80B001BF1010B05F80B801BF1010B43E02D48006838498842D3
:20C7C0002FD101208046607EA17E50EA012080B20600B6F5006F07D24FF4805000FB06F0EB
:20C7E000F5F78CF800208046032005F80B001BF1010B002005F80B001BF1010B1C48006894
:20C80000000A05F80B001BF1010B19480068803805F80B001BF1010B05F80B801BF1010BAD
:20C820000EE0D12005F80B001BF1010B012005F80B001BF1010B352005F80B001BF1010B43
:20C84000594689B22800F0F7F1FF05F80B001BF1010B162005F80B001BF1010B584680B2B9
:20C860000DF5806D2FB0BDE8F08F00005D6600206C6500200000A1A5646300200AA0A1A5D5
:20C88000E66500204C63002005A1A1A505A2A1A5D0FF7700D0FF030805A3A1A500C0770040
:20C8A00005A4A1A54FEAF17CBCF1E04C2CBFBCF5001F11E05FEA4C0C34BFBCF17F5F2EE031
:20C8C0005FEA9C0C4FEA0C1C4FEA3C0CC10071F100414CEB50707047C90241EA5051C0021A
:20C8E00018BF41F0010141F000414FEA6C50C0F10900212810D240EACC7CCCF1200C11FA7C
:20C900000CF070F10040CCF1200C21FA0CF00CF0004C40EB0C0070474FEACC7070474900CF
:20C9200011F5001F04D84FEACC10FF30C0057047C8177047820707D010F8012B11F8013BC7
:20C94000BAB19A42F6D014E002680B689A42A2F1013301BF934313F0803F50F8042F51F83A
:20C96000043FF3D010F8012B11F8013B0AB19A42F8D0D01A7047000001312ECFDFC2B7B2FF
:20C98000CECAFD000000000000070000005054B6CFCFDF0000000010000002000000010011
:20C9A000010020003807020801B5E7D1B9B1D5CBF80000221400409C401F58025802560022
:20C9C0000000000002BFD8BBD8B6CFCFDF000010000001000000010001002000380902087A
:20C9E000034354B1E4B1C820000000400100E803010064005F00200000000000045054D2E5
:20CA0000BBB4CED6B50000220A00A00F0A0064005F006B560000000005CCF8BACFCEBBD436
:20CA2000B40000100000010000000100010020004C09020806B5E7D1B9554E0000000010D1
:20CA400000000100000001000100200074090208000000000000000000000000000000002C
:20CA60000000000000000000000000000000000000000000000000000000000000000000B6
:20CA8000000000000000000000000000000000000000000000000000000000000000000096
:20CAA000000000000000000000000000000000000000000000000000000000000000000076
:20CAC0000000000000000000000000000000000000000000000000000000000002322EB143
:20CAE000B8D7D4CDB6B9A6C4DC0000000006000007C4B8C1AA425A5420000010000001003C
:20CB000000000100010020003809020808D3D0D1B9B6A8D6B5000032E803409C28236400E2
:20CB20005F0056000000000009CEDED1B9B6A8D6B5000032E803409C881364005F0056006B
:20CB4000000000000ACEDEC1F7B6A8D6B500002205005802320064005F00410000000000C7
:20CB60000BCCF8444CD1D3CAB100002205000F276400580258025300000000000CBACF4496
:20CB80004CD1D3CAB100002205000F27640058025802530000000000000000000000000062
:20CBA000000000000000000000000000000000000000000000000000000000000000000075
:20CBC000000000000000000000000000000000000000000000000000000000000000000055
:20CBE000000000000000000000000000000000000000000000000000000000000000000035
:20CC0000000000000000000000000000000000000000000000000000000000000000000014
:20CC20000000000000000000000000000000000000000000000000000000000000000000F4
:20CC400003332ECFE0BCE4B9FDC1F749B6CE0000000300000DBFD8D6C6D7D60000000010E6
:20CC60000000020000000100010020001C0702080EB5E7C1F7000000000000220A000F279F
:20CC8000E80364005F004100000000000FCAB1BCE4000000000000220000E8030000580214
:20CCA0005802530000000000000000000000000000000000000000000000000000000000C7
:20CCC000000000000000000000000000000000000000000000000000000000000000000054
:20CCE000000000000000000000000000000000000000000000000000000000000000000034
:20CD0000000000000000000000000000000000000000000000000000000000000000000013
:20CD20000000000000000000000000000000000000000000000000000000000000000000F3
:20CD40000000000000000000000000000000000000000000000000000000000000000000D3
:20CD60000000000000000000000000000000000000000000000000000000000000000000B3
:20CD8000000000000000000000000000000000000000000000000000000000000000000093
:20CDA0000000000004342ECFE0BCE4B9FDC1F74949B6CE000003000010BFD8D6C6D7D60047
:20CDC000000000100000020000000100010020001C07020811B5E7C1F7000000000000226B
:20CDE0000A000F27200364005F0041000000000012CAB1BCE40000000000002200000F2747
:20CE00006400580258025300000000000000000000000000000000000000000000000000A7
:20CE20000000000000000000000000000000000000000000000000000000000000000000F2
:20CE40000000000000000000000000000000000000000000000000000000000000000000D2
:20CE60000000000000000000000000000000000000000000000000000000000000000000B2
:20CE8000000000000000000000000000000000000000000000000000000000000000000092
:20CEA000000000000000000000000000000000000000000000000000000000000000000072
:20CEC000000000000000000000000000000000000000000000000000000000000000000052
:20CEE000000000000000000000000000000000000000000000000000000000000000000032
:20CF0000000000000000000005352ECFE0BCE4B9FDC1F7494949B6CE0003000013BFD8D60A
:20CF2000C6D7D600000000100000020000000100010020001C07020814B5E7C1F7000000B5
:20CF4000000000220A000F27F40164005F0041000000000015CAB1BCE40000000000002224
:20CF600000000F276400580258025300000000000000000000000000000000000000000010
:20CF8000000000000000000000000000000000000000000000000000000000000000000091
:20CFA000000000000000000000000000000000000000000000000000000000000000000071
:20CFC000000000000000000000000000000000000000000000000000000000000000000051
:20CFE000000000000000000000000000000000000000000000000000000000000000000031
:20D00000000000000000000000000000000000000000000000000000000000000000000010
:20D020000000000000000000000000000000000000000000000000000000000000000000F0
:20D040000000000000000000000000000000000000000000000000000000000000000000D0
:20D0600000000000000000000000000006362EB9FDB8BABAC9B1D5CBF8000000000300004F
:20D0800016BFD8D6C6D7D600000000100000010000000100010020006009020817B5E7C180
:20D0A000F7000000000000220A000F272C0164005F0041000000000018CAB1BCE4000000B3
:20D0C000000000220A000F27C800580258025300000000000000000000000000000000001F
:20D0E000000000000000000000000000000000000000000000000000000000000000000030
:20D1000000000000000000000000000000000000000000000000000000000000000000000F
:20D120000000000000000000000000000000000000000000000000000000000000000000EF
:20D140000000000000000000000000000000000000000000000000000000000000000000CF
:20D160000000000000000000000000000000000000000000000000000000000000000000AF
:20D1800000000000000000000000000000000000000000000000000000000000000000008F
:20D1A00000000000000000000000000000000000000000000000000000000000000000006F
:20D1C0000000000000000000000000000000000007372EB3E4B5E7B1A3BBA40000000000FD
:20D1E0000003000019BFD8D6C6D7D6000000001000000100000001000100200038090208B5
:20D200001AB5E7C1F7000000000000220A000F27F40164005F004100000000001BCAB1BCF3
:20D22000E40000000000002200000F27320058025802530000000000000000000000000079
:20D240000000000000000000000000000000000000000000000000000000000000000000CE
:20D260000000000000000000000000000000000000000000000000000000000000000000AE
:20D2800000000000000000000000000000000000000000000000000000000000000000008E
:20D2A00000000000000000000000000000000000000000000000000000000000000000006E
:20D2C00000000000000000000000000000000000000000000000000000000000000000004E
:20D2E00000000000000000000000000000000000000000000000000000000000000000002E
:20D3000000000000000000000000000000000000000000000000000000000000000000000D
:20D32000000000000000000000000000000000000000000008382EC1E3D0F2B9FDC1F700AB
:20D3400000000000000300001CBFD8D6C6D7D600000000100000020000000100010020009A
:20D36000000702081DB5E7C1F7000000000000220A000F272C0164005F0041000000000098
:20D380001ECAB1BCE40000000000002200000F276400580258025300000000000000000091
:20D3A00000000000000000000000000000000000000000000000000000000000000000006D
:20D3C00000000000000000000000000000000000000000000000000000000000000000004D
:20D3E00000000000000000000000000000000000000000000000000000000000000000002D
:20D4000000000000000000000000000000000000000000000000000000000000000000000C
:20D420000000000000000000000000000000000000000000000000000000000000000000EC
:20D440000000000000000000000000000000000000000000000000000000000000000000CC
:20D460000000000000000000000000000000000000000000000000000000000000000000AC
:20D4800000000000000000000000000000000000000000000000000009392EC1E3D0F2BCFA
:20D4A000D3CBD90000000000000300001FBFD8D6C6D7D600000000100000010000000100E1
:20D4C000010020003809020820B5E7C1F7000000000000220A000F272C0164005F004100D9
:20D4E0000000000021CAB1BCE40000000000002200000F273200580258025300000000005F
:20D5000000000000000000000000000000000000000000000000000000000000000000000B
:20D520000000000000000000000000000000000000000000000000000000000000000000EB
:20D540000000000000000000000000000000000000000000000000000000000000000000CB
:20D560000000000000000000000000000000000000000000000000000000000000000000AB
:20D5800000000000000000000000000000000000000000000000000000000000000000008B
:20D5A00000000000000000000000000000000000000000000000000000000000000000006B
:20D5C00000000000000000000000000000000000000000000000000000000000000000004B
:20D5E00000000000000000000000000000000000000000000000000000000000000000002B
:20D60000000000000000000000000000000000F800000000000000330000000000100C02C1
:20D62000100C020000000000000000000040C07840C0780000043F04043F040000708888CE
:20D64000FC08300000182020FF211E00F008F0806018000000310C031E211E0000F0088803
:20D66000700000001E21232C1927211000120E00000000000000000000000000000000E03B
:20D6800018040200000000071820400000020418E00000000040201807000000404080F080
:20D6A000804040000202010F0102020000000000E0000000000101010F010101000000005C
:20D6C000000000000090700000000000000000000000000000010101010101000000000044
:20D6E00000000000003030000000000000000000C0380400006018070000000000E0100857
:20D700000810E000000F102020100F0000001010F8000000000020203F202000007008083C
:20D720000808F000003028242221300000300808088870000018202121221C000000804042
:20D7400030F8000000060524243F242400F88888880808000019202020110E0000E0108817
:20D7600088900000000F112020201F0000180808886818000000003E010000000070880883
:20D7800008887000001C222121221C0000F008080810E0000001122222110F00000000C09C
:20D7A000C000000000000030300000000000008000000000000000E0000000000000804029
:20D7C00020100800000102040810200000404040404040000002020202020200000810200E
:20D7E0004080000000201008040201000070480808887000000000303700000000001824C7
:20D800002418000000000000000000000000C038E0000000203C23020227382008F88888E2
:20D8200088700000203F202020110E00C030080808083800071820202010080008F8080823
:20D840000810E000203F202020100F0008F88888E8081000203F20202320180008F88888D8
:20D86000E8081000203F200003000000C03008080838000007182020221E020008F808003D
:20D880000008F808203F210101213F20000808F8080800000020203F202000000000080897
:20D8A000F8080800C08080807F00000008F888C028180800203F20012638200008F808000B
:20D8C00000000000203F20202020300008F8F800F8F80800203F013E013F200008F830C05B
:20D8E0000008F808203F200007183F00E01008080810E0000F10202020100F0008F808089D
:20D900000808F000203F210101010000E01008080810E0000F10282830504F0008F888883E
:20D9200088887000203F2000030C302000708808080838000038202121221C00180808F849
:20D94000080818000000203F2000000008F808000008F808001F202020201F00087888004A
:20D9600000C83808000007380E01000008F800F800F8080000033E013E03000008186880CE
:20D980008068180820302C03032C30200838C800C83808000000203F2000000010080808CA
:20D9A000C83808002038262120201800000000FE020202000000007F40404000000438C029
:20D9C00000000000000000010638C00000020202FE000000004040407F000000F00C040401
:20D9E0000CF000000F080808080F000000000000000000008080808080808080F0FCFCFC09
:20DA0000FCF000000F0F0F0F0F0F0000000080808000000000192424123F200010F00080EE
:20DA200080000000003F112020110E000000008080800000000E11202020110000008080A7
:20DA40008090F000001F202020103F200000808080800000001F242424241700008080E032
:20DA6000909020000020203F202000000000808080808000006B94949493600010F000808D
:20DA800080800000203F210000203F2000809898000000000020203F202000000000008098
:20DAA0009898000000C08080807F000010F0000080808000203F240629302000001010F8DD
:20DAC000000000000020203F202000008080808080808000203F20003F20003F808000806A
:20DAE00080800000203F210000203F200000808080800000001F202020201F0080800080E9
:20DB00008000000080FF912020110E000000008080008000000E11202091FF8080808000A7
:20DB20008080800020203F212000010000008080808080000033242424241900008080E068
:20DB4000808000000000001F202010008080000000808000001F202020103F2080808000E8
:20DB60008080800000030C300C0300008080008080008080010E300C0738060100808080C6
:20DB8000008080000020310E2E312000808080000080808000818678180601000080808089
:20DBA000808080000021302C222130000000000000FC020200000000013E40400000000036
:20DBC000FF00000000000000FF0000000202FC000000000040403E01000000000002010283
:20DBE0000204020000000000000000000000000000000000000000000000000080B500F0F8
:20DC000068FB012804D000F0F9FA012000F001FB0020DFF8D414087000F099F872B600F0C4
:20DC2000D4F80020DFF8C41408700020DFF8C01408700020DFF8BC1408800020DFF8B8147C
:20DC4000088000F0FBF862B6EEF72AFDF8F71BF8EEF737FDDFF8A4040088B0F5FA7F04DA17
:20DC6000DFF89C04007801280AD10020DFF88C140880DFF890040088002801D1E6F7ADFA21
:20DC8000EEF71FFDE9F7CCF8F1F756FA00F083F9EEF717FDDFF870040088C82805DB00207F
:20DCA000DFF864140880F3F783FAEEF70AFD00F00DFADFF858040078002807D0DFF850046E
:20DCC000F1F7DAFE0020DFF844140870DFF844048088AA2815D1DFF83C04808A552810D15F
:20DCE000DFF834040078C00705D58021DFF82C04F4F7E5F8F4E78021DFF82004F4F7E2F850
:20DD0000EEE7DFF81C040088401CDFF814140880EEF7D7FCDFF80804008848F6B8018842E8
:20DD200004D18021DFF8F403F4F7C9F8DFF8F00300884FF6E851884288D10020DFF8E01316
:20DD400008808021DFF8D403F4F7BCF87EE780B501210120F6F7F1FA01210220F6F7EDFA80
:20DD600001214FF48040F6F7E8FA01214FF40040F6F7E3FA01214FF48040F6F7CFFA012143
:20DD80000420F6F7CBFA01210820F6F7C7FA01211020F6F7C3FA01212020F6F7BFFA01218F
:20DDA0004020F6F7BBFA01210120F6F7A8FA01210220F6F7A4FA01214FF40640F6F7AEFA80
:20DDC00001210120F6F7AAFA01BD80B54FF480415FF0006000F004FB4FF4407000F0C6FA37
:20DDE0001C208DF8000000208DF8010000208DF8020001208DF80300684600F0BCFA1D20DB
:20DE00008DF8000003208DF8010001208DF8020001208DF80300684600F0ADFA25208DF874
:20DE2000000002208DF8010000208DF8020001208DF80300684600F09EFA01BD10B501210F
:20DE40005FF00070F4F744F8EDF764FAF3F7A4FC4AF2A550B3490880F0F717FBEDF7EEFC94
:20DE6000EEF790FDEEF7EFF9EEF734FCEEF78AFC0020F0F798FCEEF776FD00F0DBF800F03D
:20DE8000E3F8EEF7ABFDEEF7C6FDF1F759F9EDF7BFFCEEF777FDA448C078002825D1A34813
:20DEA000A3490860A3480078A3490870A348A4490860A4480078A4490870A448A4490860FD
:20DEC000A4480078A4490870A448A54908602320A4490870A448A5490860A5480078A549FA
:20DEE0000870A548A549086027E000208E49C8708E488F4908608F4800788F4908708F48A5
:20DF00008F4908608F4800788F4908709A489B4908608E488E4908608E4800788E49087042
:20DF20008E488F49086023208E4908708E488F4908608F4800788F4908707B48C078F0F7A2
:20DF400023FE7948C078801CF0F72DFC0820F0F72AFC0920F0F727FC894800680400200E28
:20DF60008849088087480088210A11F47F410843844908800E20EDF72CFBEEF782FA8248FD
:20DF8000824908600022824841798248F1F79AFEFBF704FC10BD80B57F480068000203D561
:20DFA0000A20EDF716FB02E00A20EDF78FFB7A480068400203D50920EDF70BFB02E0092066
:20DFC000EDF784FB75480088002832D174480088002807D173480088002803D172480068C9
:20DFE000002803D00320EDF7F4FA02E00320EDF76DFB6B48008800280ED00120EDF766FB39
:20E000000220EDF763FB0520EDF760FB0620EDF75DFB0720EDF75AFB6448007864494978E4
:20E02000884206D06248F1F733F8614840785F49087001BD80B500205E4908804FF4C0516C
:20E040005D48EFF79DF801BD00205C49088000205B49087000205B49087000205A490880D2
:20E0600000205A49087000202B490880002058490870002057490870002057490870002080
:20E08000564908800020464908800020544908805A20544981F82F000020534908800020BA
:20E0A000524908804AF2A5501E49088002205049087000204F49087000204E49487000202B
:20E0C0004C49887000204B49C870704780B54A480088062807DB0020474908802C48C078CD
:20E0E0000328FBF76CFB01BD466600203C6600203B660020B2650020EA650020D265002092
:20E100003C650020DE650020E865002044660020906400204C630020D06500200018014013
:20E1200002660020CA6500207864002094F5010804650020AFFB00083666002074FC01080A
:20E1400008650020E7FB000837660020480302080C6500201BF100083866002096630020BA
:20E16000106500203966002078C9010818650020A3F000083A660020200000201465002030
:20E18000FCFF0308E6650020780A02085C6500205464002000380140B8640020D4650020BB
:20E1A000DA650020DC650020286500204E66002038650020D865002068190020C26500201C
:20E1C0003D6600203E660020C66500203F660020406600204166002042660020C46500200A
:20E1E000D6650020CC620020CE650020CC6500204966002030650020BC650020DFF84C01E9
:20E20000DFF84C110860DFF84C01DFF844110860704738B5040004255FF0805000F07FF853
:20E2200005006DB2042D51D1DFF82001DFF82C110860DFF82001DFF824110860DFF8180197
:20E24000006850F02000DFF810110860DFF80801006850F04000404908605FF0805000F0CE
:20E260005EF805006DB2042D26D13B48006841F6DF710840384908603748006850F0100022
:20E280003549086064B2002C03D000203449088002E0A520324908805FF0805000F03FF86E
:20E2A00005006DB2052D11D02B48006841F6EF7108402949086009E06DB2052D06D0264815
:20E2C000006841F6DF71084023490860280040B232BD002023490968890702D5012108009C
:20E2E00001E00021080040B2704704201E490968C90702D5012108000FE01B49096849078A
:20E3000002D50221080008E017490968C90602D50321080001E00421080040B2704738B5CC
:20E3200004000425FFF7E1FF05006DB2012D06D1002C04D0FFF7D9FF0500641EF5E7002C54
:20E3400001D105200500280040B232BD2301674504200240AB89EFCD1020024008200240B6
:20E3600000F8FF1F1C2002400C2002401F4901431F4A1160704770B4002300210F2290F93C
:20E380000340002C20D01A4C246814F4E064D4F5E064240A2300D3F104042100DA404478BF
:20E3A0008C4023008478144023431B01114C057863550124057815F01F05AC400E4D06787A
:20E3C000761145F8264009E00124057815F01F05AC400A4D0678761145F8264070BC704791
:20E3E000074A0A400243074B1A6070470000FA050CED00E000E400E000E100E080E100E01C
:20E4000080FFFF1F08ED00E010B5DFF8D8040088401CDFF8D0140880DFF8C8040088B0F51B
:20E420007A7F5BDB0020DFF8BC140880DFF8B4048078EFF70EF90400641C2000C0B2EEF7EF
:20E44000D9FEDFF8A0148870DFF898048078602803DB0020DFF88C148870DFF888048078A7
:20E4600000281AD1DFF87C04C078EFF7F2F80400641C0120DFF8701408702000C0B2EEF73B
:20E48000B9FEDFF86014C870DFF85804C078602803DB0020DFF84C14C870DFF84804C07887
:20E4A00000281BD1DFF83C048078002816D1DFF834040079EFF7CDF80400641C2000C0B2E1
:20E4C000EEF798FEDFF81C140871DFF818040079242803DB0020DFF80C14087110BD30B46A
:20E4E000020000230024002000252C0000252B0089B28B4204D232F8135064195B1CF7E7D5
:20E50000E4102500B5F50065280000B230BC704710B500200400082C74DADFF8D0030068D9
:20E5200050F40210DFF8C4130860DFF8C403006850F40210DFF8B8130860DFF8B80300680F
:20E5400050F40210DFF8AC130860DFF8AC0300684007FAD5DFF8A40300684007FAD5DFF890
:20E56000A00300684007FAD5DFF898030068DFF8981321F81400DFF894030068DFF88813A9
:20E5800001EB44010882DFF888030068DFF8781301EB44010884DFF87C030068DFF86813C7
:20E5A00001EB44010886DFF870030068DFF8581301EB4401A1F84000DFF860030068DFF825
:20E5C000481301EB4401A1F85000DFF854030068DFF8341301EB4401A1F86000DFF84403CA
:20E5E0000068DFF8241301EB4401A1F87000DFF838030068DFF8101301EB4401A1F88000AD
:20E60000641C88E70821DFF82403FFF768FFDFF82013DFF82023B2F9002001EB4201A1F8D0
:20E6200000060821DFF81003FFF759FFDFF80013DFF80023B2F9002001EB4201A1F80008F4
:20E640000821BE48FFF74BFFB949BA4AB2F9002001EB4201A1F8000A0821B948FFF73FFF4A
:20E66000B349B44AB2F9002001EB4201A1F8000C0821B448FFF733FFAD49AE4AB2F90020FB
:20E6800001EB4201A1F8000E0821AF48FFF727FFA749A84AB2F9002001EB42014FF4805277
:20E6A000885208219848FFF71AFFA149A14AB2F9002021F812000821A448FFF710FF9C499E
:20E6C0009C4AB2F9002001EB4201A1F8000208219F48FFF704FF9649964AB2F9002001EB40
:20E6E0004201A1F8000493480088401C914908809048B0F90000FF2805DD00208D49088011
:20E7000000209449088010BD10B593480078401C91490870FFF7FCFE8F480078C0077CD58A
:20E72000FFF772FE8D480068401C8C4908608C480078401C8A4908708A480088401C894922
:20E74000088089480088401C8749088087480088002804D085480088401E844908800020A9
:20E760000400E4B2002C0AD18148E4B230F81400401C7F49E4B221F81400641CF1E7F5F732
:20E78000CAFFEDF7A8F87B480088002822D17A484078800606D57948006850F4800077493E
:20E7A000086005E07548006830F480007349086071484078C00606D57048006850F40000A9
:20E7C0006E4908602BE06D48006830F400006B49086024E068484078400706D5674800680D
:20E7E00050F400006549086005E06448006830F400006249086060484078000706D55F48A6
:20E80000006850F480005D49086008E05B48006830F480005949086001E0EFF75BF810BD36
:20E8200080B5F6F763F856480078401C5449087053480078022854DB002051490870002016
:20E840005049087050480078401C4F490870414800884AF2A551884243D0ECF7F0FFF5F74D
:20E860009FFD4A494A48EEF76BFC4A494A48EEF767FC45480078642833DB48480088401C0B
:20E880004649088000204049087045480078002804D043480078401E4149087041480078DB
:20E8A000002804D03F480078401E3E4908703E480078002804D03C480078401E3A490870B1
:20E8C0003A48007800280CD038480078401E3749087036480078002803D14AF25A50344997
:20E8E000088001BD90640020446600200824014008280140083C01400024014000280140C3
:20E90000003C01403C240140945E0020402401403C28014040280140442801404828014076
:20E920003C3C0140403C0140443C0140C45E002068190020D8650020D45E0020E45E0020AC
:20E94000F45E0020045F0020145F0020A45E0020B45E0020CA6500205F6600202065002002
:20E9600060660020D2650020E8650020D4650020BC650020F465002088640020B864002092
:20E980003E660020476600203D660020C55C0108C6650020CBC60008C8650020D065002073
:20E9A0003F66002040660020416600204B66002010600020000000000000000000000000A4
:20E9C00000000101FFFF010100000000000000000000000000000000000000000000000035
:20E9E000000000000000000000000000000000000000000000000000000000000000000017
:20EA00000000000000000000000000000000000000000000000000000000000000000000F6
:20EA20000000000000000000000000000000000000000000000000000000000000000000D6
:20EA4000000101FFFF010100000000000000000000000000000000000000000000000000B4
:20EA600000000000FFFF000000000000000000000000000000000000000000000000000098
:20EA8000000000000000000000000000000000000000000000000000000000000000000076
:20EAA000000000000000000000000000000000000000000000000000000000000000000056
:20EAC000000000000000000000000000000000000000000000000000000000000000000036
:20EAE000000000FFFF00000000000000000000000000000000000000000000000000000018
:20EB000000FF010101010101FF0000000000000000000000000000000000000000000000F1
:20EB20000000000000000000000000000000000000000000000000000000000000000000D5
:20EB40000000000000000000000000000000000000000000000000000000000000000000B5
:20EB6000000000000000000000000000000000000000000000000000000000000000000095
:20EB8000FF010101010101FF00000000000000000000000000000000000000000000000071
:20EBA00000FF808080808080FF000000000000000000000000000000000000000000000057
:20EBC000000000000000000000000000000000000000000000000000000000000000000035
:20EBE000000000000000000000000000000000000000000000000000000000000000000015
:20EC00000000000000000000000000000000000000000000000000000000000000000000F4
:20EC2000FF808080808080FF000000000000000000000000000000000000000000000000D6
:20EC400000000000FFFF0000000000000000000000000000000000000000000000000000B6
:20EC6000000000000000000000000000000000000000000000000000000000000000000094
:20EC8000000000000000000000000000000000000000000000000000000000000000000074
:20ECA000000000000000000000000000000000000000000000000000000000000000000054
:20ECC000000000FFFF00000000000000000000000000000000000000000000000000000036
:20ECE00000000000FFFF000000000000000000000000000000000000000000000000000016
:20ED00000000000000000000000000000000000000000000000000000000000000000000F3
:20ED20000000000000000000000000000000000000000000000000000000000000000000D3
:20ED40000000000000000000000000000000000000000000000000000000000000000000B3
:20ED6000000000FFFF00000000000000000000000000000000000000000000000000000095
:20ED800000000000FFFF000000000000000000000000000000000000000000000000000075
:20EDA000000000000000000000000000000000000000000000000000000000000000000053
:20EDC000000000000000000000000000000000000000000000000000000000000000000033
:20EDE000000000000000000000000000000000000000000000000000000000000000000013
:20EE0000000000FFFF0000000000000000000000000000000000FFFF181818181818181836
:20EE2000181818181F1F1818181818181818181818181818181818181818181818181818C4
:20EE40001818181818181818181818181818181818181818181818181818FF8181818181BE
:20EE6000818181818181818181FF18181818181818181818181818181818181818181818FA
:20EE8000181818181818181818181818181818181818181818181818181818181818181872
:20EEA0001818181F1F1818181818181818181818FFFF0000000000000000000000000000C6
:20EEC000000000000000000000000000000000000000000000000000000000000000000032
:20EEE000000000000000000000000000000000000000000000000000000000000000000012
:20EF00000000000000000000000000000000000000000000000000000000000000000000F1
:20EF20000000000000000000000000000000000000000000000000000000000000000000D1
:20EF40000000000000000000000000000000000000000000C8B6D6B7A6B7DFCFB7C2A3B1CE
:20EF6000A4BBE2B2D8BFB0D7C3D6E4B1B9D1F7C6E7B5AFB6FABBEAC4C2D4D5C8E6B0BEB16F
:20EF8000C5BACBCDF6B3F8CCA2D5E6B8AFBEB6CDEBC8A5B5BFB4FDB9F7C1D5B1F8CBBDB73D
:20EFA000F2CFD9B2F7D7E5B0AABFCFB6C5B7BBD2E3B0C7B7A3B3ABBCCBB6CDB5A7CACEB2E9
:20EFC000FDCAD8BBC8B1CEB4B5D6CFBABBCEB4D4E0CFE4BCCEB6C6D6D6D7B1CAB4B7DECF08
:20EFE000BAB8C9BAD8D6D3D1D3BCD9CBE4B3E3C1F2D0B5C6CAC2DFB8E0B2DFCDB9CBE1C792
:20F00000ACB3C2CEEEB6A8B6F4C6A4B3C2B6AAD7B7C7E5CCC2CACAB9DCD7C5D0E6B4A2B47F
:20F02000EDB4A3D0E9D1ECBCECD2AFB5C9BBB4CEDCC4B8B1C3D3B6D4CDBED8B5D6CAD3BDC1
:20F04000E3B5DABFA3D2B3B1E2B9B8C4AAC1B0BCD4D7A6B9D0D3DECEFEB6FDC8D8B9DCB0C9
:20F06000F8BDDAC4D6BBB4B8DFC2ADBCB6B5DDC8BBB2BDC6E2BACCBFD4CFBECAB7D7E4D2A0
:20F08000E8C9A8CDB6D1D4CAA2CFE9B2B4BFBFC1AFC6C0B5F9B7C7BDD9B8B5B7C7BCBCC20A
:20F0A000BEC9FDB3FEBCF5CCEBC7E4CAA2B7FAC9FBCFB4D7ACCCD4B6FBD5D0C7BBBBF8C72F
:20F0C000CCB9AFBBC9B3C1B6A1C8DCC3EBC2FBC3C6B3B5CFB3CDD3D6BCD7BAD2A7BEA7B3D7
:20F0E000EBC3C1BAF8CDB7D6F3CEE6B9BCD4CFC9CDCBCFC4C2D0B1D6CDD0EFD3D4D1D0D61F
:20F10000C4CED1B7A7D0D1D2C9BDDAC6ABBDA1BEECBFCBD4D0D0F5B3BCCAC7CAF1B7F7D6B0
:20F12000CBB2FCBCA8BFA1D7B7C8CFC8D2D3C2CFF3D7E9B9DED0C4B8FAB4F9BBE0C0F1CE18
:20F14000D8B1B4B0C9BFD4D2F7B5DABDA2B2CCBCEDC8B1C8A1CA00000000000000000000DC
:20F1600000000000000000000000000000000000000000000000000000000000000000008F
:20F1800000000000000000000000000000000000000000000000000000000000000000006F
:20F1A00000000000000000000000000000000000000000000000000000000000000000004F
:20F1C00000000000000000000000000000000000000000000000000000000000000000002F
:20F1E00000000000000000000000000000000000000000000000000000000000000000000F
:20F200000000000000000000000000000000000000000000000000000000000000000000EE
:20F220000000000000000000000000000000000000000000000000000000000000000000CE
:20F240000000000000000000000000000000000000000000000000000000000000000000AE
:20F26000000000000000000000000000000000000000000070477047704780B5012000F023
:20F2800064F900280AD0012000F07EF9012000F071F900F055F9002000F076F901BD7047DA
:20F2A00070477047704770477047704770477047704780B54FF40050F4F75CFE00280DD0CD
:20F2C0004FF40050F4F76BFE00218B48F4F727FE012240F226618948F4F718FF01BD70471F
:20F2E0007047704770477047704780B501215FF08040F3F7A4F8002806D001215FF0804060
:20F30000F3F7B6F8FFF700FA01BD80B501217C48F3F795F8002805D001217948F3F7A8F8AB
:20F32000FFF77EFA01BD70477047704770477047704710B5714800880400200704D5714894
:20F34000008800F0FF00040020216C48F4F718FF002812D06948F4F70FFF0100C9B20020EB
:20F36000F0F77EFC0020684908800A206749088040F225516148F4F712FF10BD10B56448E6
:20F3800000880400200704D56248008800F0FF00040020215E48F4F7F3FE002812D05C484B
:20F3A000F4F7EAFE0100C9B20020F0F759FC00205549088005205549088040F225515448CD
:20F3C000F4F7EDFE10BD10B5534800880400200704D55248008800F0FF00040020214E48B2
:20F3E000F4F7CEFE002812D04B48F4F7C5FE0100C9B20020F0F734FC0020434908800520FF
:20F400004249088040F225514348F4F7C8FE10BD10B5434800880400200704D5414800883B
:20F4200000F0FF00040020213D48F4F7A9FE002812D03B48F4F7A0FE0100C9B20020F0F7E8
:20F440000FFC00203049088064203049088040F225513348F4F7A3FE10BD7047704770475A
:20F46000704770477047704710B52F4800880400200704D52D48008800F0FF0004002021B7
:20F480002948F4F77DFE002812D02748F4F774FE0100C9B20020F0F7E3FB00201A49088053
:20F4A00005201A49088040F225511F48F4F777FE10BD10B51E4800880400200704D51D48E4
:20F4C000008800F0FF00040020211948F4F758FE00280FD01648F4F74FFE0100C9B2002095
:20F4E000F0F7BEFB00200849088040F225511048F4F755FE10BD0000440002400038014069
:20F500000004004004380140BC650020C06500200044004004440040004800400448004084
:20F520000060014004600140004C0040044C00400050004004500040704770477047704769
:20F54000104800888006FBD57047010000200D4A12880A4010000A4A128892B20A4205D0FF
:20F5600040B2002802D00122100001E00022100040B27047034909888143024A118070477B
:20F58000002800400428004040B201490860704720000E4200B1A3BBA4C6F4B6AF2020209A
:20F5A0002000000000FF000001B9FDC1F7D2BBB6CEB6AFD7F70000000020010702B9FDC1D8
:20F5C000F7B6FEB6CEB6AFD7F70000000021010703B9FDC1F7C8FDB6CEB6AFD7F7000000B3
:20F5E0000022010704B3E4B5E7B1A3BBA4B6AFD7F70000000023010705C1E3D0F2B9FDC1B7
:20F60000F7B6AFD7F70000000024010D06C1E3D0F2BCD3CBD9B6AFD7F70000000025010D89
:20F6200007B1B8CDB6CCF82331BFAAB9D80000000026000008B1B8CDB6BACF2331BFAAB9AC
:20F64000D80000000027000009B1B8CDB6CCF82332BFAAB9D8000000002800000AB1B8CD3B
:20F66000B6BACF2332BFAAB9D8000000002900000BB1B8CDB6CCF8C4B8C1AA2020000000F1
:20F68000002A00000CB1B8CDB6BACFC4B8C1AA2020000000002B00000FCAC2B9CAD7DCD0CC
:20F6A000C5BAC52020000000002F000020B4E6B4A2C6F7B3F6B4ED20200000000030000010
:20F6C00021B6A8D6B5D0A3D1E9B3F6B4ED0000000031000022414431BCECB2E2B3F6B4ED1A
:20F6E000200000000032000026C1E3D0F2B9FDC1F7B8E6BEAF2000000036000027B9FDB8C8
:20F70000BABAC9B1D5CBF8B1B8CDB600003700002854574AD2ECB3A320202020202000004F
:20F72000003800002949C4B85054B6CFCFDF202020200000003900002A4949C4B85054B681
:20F74000CFCFDF2020200000003A00002BB5AFBBC9CEB4B4A2C4DC2020200000003B00006C
:20F760002CBFD8D6C6BBD8C2B7B6CFCFDF200000003C00002DCCF8D5A2CAA7B0DC202020CA
:20F7800020000000003D00002EBACFD5A2CAA7B0DC20202020000000003E00002FB8E6BE98
:20F7A000AFD7DCD0C5BAC52020000000003F000000000200070009000B000D001000120008
:20F7C0001400160019001B001D001F0022002400260029002B002D002F00320034003600D7
:20F7E00039003B003D00400042004500470049004C004E0051005300560058005B005D005D
:20F8000060006200650067006A006D006F007200750077007A007D008000820085008800B0
:20F820008B008E009100940097009A009D00A000A300A600A900AD00B000B300B700BA00A9
:20F84000BD00C100C400C800CC00CF00D300D700DB00DF00E200E700EB00EF00F300F70012
:20F86000FC000001050109010E01130117011C01210126012C01310137013C01420148017A
:20F880004E0154015A01600167016E0174017C0183018A0192019A01A201AA01B301BB0144
:20F8A000C401CE01D701E101EC01F60101020D021902250232023F024D025B026A027A02B9
:20F8C0008A029B02AD02BF02D302E702FD0214032C03450360037D039B03BB03DE0303041D
:20F8E0002A0455048304B404EA0425056505AC05FA055006B1061E0799072508C7088409B5
:20F90000630A6E0BB50C4D0E5A101513E716A31C30264A399772FF7F80B54E48006850F4C0
:20F9200070004C4908604C48006850F001004A4908604A4800680020484908604648006819
:20F9400047490840444908604348006830F48020414908605FF41F004249086000F005F8DF
:20F960005FF000604049086001BD80B500F001F801BD82B0002001900020009036480068D4
:20F9800050F48030344908603348006810F4003000900198401C01900098002803D1019834
:20F9A000B0F5A06FF0D12C480068800302D50120009001E0002000900098012847D12B480E
:20F9C000006850F01000294908602848006880088000264908602548006850F0020023495B
:20F9E00008601E4800681D4908601C4800681B4908601A48006850F4806018490860174855
:20FA000000681B490840154908601448006850F4E810124908601048006850F080700E4902
:20FA200008600D4800688001FBD50C480068800880000A4908600948006850F00200074986
:20FA400008600648006810F00C000828F9D102B07047000088ED00E000100240041002401C
:20FA6000FFFFF6FE0810024008ED00E000200240FFFFC09F00C1814001C0804101C0804120
:20FA800000C1814001C0804100C1814000C1814001C0804101C0804100C1814000C1814056
:20FAA00001C0804100C1814001C0804101C0804100C1814001C0804100C1814000C1814036
:20FAC00001C0804100C1814001C0804101C0804100C1814000C1814001C0804101C0804116
:20FAE00000C1814001C0804100C1814000C1814001C0804101C0804100C1814000C18140F6
:20FB000001C0804100C1814001C0804101C0804100C1814000C1814001C0804101C08041D5
:20FB200000C1814001C0804100C1814000C1814001C0804100C1814001C0804101C08041B5
:20FB400000C1814001C0804100C1814000C1814001C0804101C0804100C1814000C1814095
:20FB600001C0804100C1814001C0804101C0804100C1814000C0C101C30302C2C60607C755
:20FB800005C5C404CC0C0DCD0FCFCE0E0ACACB0BC90908C8D81819D91BDBDA1A1EDEDF1F55
:20FBA000DD1D1CDC14D4D515D71716D6D21213D311D1D010F03031F133F3F23236F6F73735
:20FBC000F53534F43CFCFD3DFF3F3EFEFA3A3BFB39F9F83828E8E929EB2B2AEAEE2E2FEF95
:20FBE0002DEDEC2CE42425E527E7E62622E2E323E12120E0A06061A163A3A26266A6A76775
:20FC0000A56564A46CACAD6DAF6F6EAEAA6A6BAB69A9A86878B8B979BB7B7ABABE7E7FBFD4
:20FC20007DBDBC7CB47475B577B7B67672B2B373B17170B0509091519353529296565797B4
:20FC4000559594549C5C5D9D5F9F9E5E5A9A9B5B99595898884849894B8B8A4A4E8E8F4F14
:20FC60008D4D4C8C4484854587474686824243834181804000B1D5CBF8B1B8D7D4CDB600BA
:20FC8000000000000001BDF8CFDF31CCF8CEBB0000000000000002BDF8CFDF32CCF8CEBB9E
:20FCA0000000000000000003C4B8C1AACCF8CEBB000000000000000004B1D5CBF8BFAAC88F
:20FCC000EB310000000000000005B1D5CBF8BFAAC8EB320000000000000006BFAAC8EB3713
:20FCE000000000000000000000000007B5AFBBC9CEB4B4A2C4DC00000000000008D4B6B754
:20FD0000BDBECDB5D8000000000000000009CAD6CCF8BFAAC8EB00000000000000000AB1CA
:20FD2000B8D3C3BFAAC8EB00000000000000000BB1B8D3C3BFAAC8EB000000000000000033
:20FD40000CBACFD5A2CEBBD6C328C4DA29000000000DCCF8D5A2CEBBD6C328C4DA2900002D
:20FD6000000000004961203D0000204120200001000000004962203D000020412020000130
:20FD8000000000004963203D000020412020000100000000494C313D000020412020000113
:20FDA00000000000494C323D0000204120200001000000003349303D000020412020000112
:20FDC000000000005561623100002056202000000000000055626331000020562020000023
:20FDE000000000005563613100002056202000000000000055616232000020562020000003
:20FE00000000000055626332000020562020000000000000556361320000205620200000DF
:20FE200000000000780A0208B4040208010800009C03020800000000780A020864050208C3
:20FE4000010801009C03020800000000780A02088C050208010802009C0302080000000014
:20FE6000780A020848010208010803009C03020800000000780A0208B40502080108040092
:20FE80009C03020800000000780A020804060208010805009C03020800000000780A0208D6
:20FEA00078FF0108010806009C03020800000000780A02082C060208010807009C03020889
:20FEC0000000000000000000000000000000000000000000000000001A120000E111D5022D
:20FEE0003711980521103808A50EA40ACD0CCD0CA40AA50E3808211098053711D502E11119
:20FF000000001A122BFDE11168FA3711C8F721105CF5A50E33F3CD0C5BF1A40ADFEF3808F6
:20FF2000C9EE98051FEED502E6ED00001FEE2BFDC9EE68FADFEFC8F75BF15CF533F333F3F2
:20FF40005CF55BF1C8F7DFEF68FAC9EE2BFD1FEE0000E6EDD5021FEE9805C9EE3808DFEF10
:20FF6000A40A5BF1CD0C33F3A50E5CF52110C8F7371168FAE1112BFD9CFE0108180002080B
:20FF800002070000EC030208000000009CFE01082C00020802070100EC0302080000000083
:20FFA0009CFE01084000020802070200EC030208000000009CFE0108540002080207030043
:20FFC000EC030208000000009CFE01086800020802070400EC030208000000009CFE01086A
:20FFE0007C00020802070500EC030208000000009CFE01089000020802070600EC0302082F
:020000040802F0
:2000000000000000000000000000000000000000000000000000000078FF01080000000060
:2000200002070000EC0302082D7F00088CFF01080000000002070100EC030208A98500083D
:20004000A0FF01080000000002070200EC030208558F0008B4FF0108000000000207030040
:20006000EC03020895960008C8FF01080000000002070400EC030208E58D0008DCFF010820
:200080000000000002070500EC0302089D910008F0FF01080000000002070600EC03020823
:2000A0006D95000800000000000000000000000000000000000000004961203D00002041CE
:2000C00020200001881300004962203D0000204120200001881300004963203D0000204195
:2000E00020200001881300005561623D0000205620200000102700005562633D0000205615
:2001000020200000102700005563613D0000205620200000102700002050203D00002057E1
:2001200020200002485201002051203D000020564152000248520100434F533D000020200C
:20014000202000041027000060FE0108D401020802060000340402080000000060FE01082D
:20016000E801020802060100340402080000000060FE0108FC010208020602003404020887
:200180000000000060FE01081002020802060300340402080000000060FE010824020208F8
:2001A00002060400340402080000000060FE010838020208020605003404020800000000F7
:2001C0000000000000000000000000000000000000000000480102080000000002060000C4
:2001E00034040208C17000085C010208000000000206010034040208E575000870010208F5
:20020000000000000206020034040208657A000884010208000000000206030034040208CF
:2002200015930008980102080000000002060400340402089B930008AC0102080000000030
:2002400002060500340402082D940008000000000000000000000000000000000000000086
:2002600006C4B8C1AACCF8D5A2000000000000000005C4B8C1AABACFD5A20000000000006A
:20028000000003B8E6BEAFB3F6BFDA000000000000000004B6AFD7F7B3F6BFDA0000000095
:2002A0000000000002BDF8CFDF31CCF8D5A20000000000000001BDF8CFDF32CCF8D5A2009C
:2002C00000000000000007B9FDB8BABAC9B3F6BFDA0000000000000EB1B3B9E2BFD8D6C6EA
:2002E00000000000000000000720493D20010D3349303D01193349303D011A3349303D0132
:200300000E20463D20090F4946323D01105542503D001120553D20001249323D2001134997
:20032000453D20011449503D2001253355303D002949313D20012B20553D20002C20553D19
:2003400020002D20493D2001B1B8D7D4CDB6D1B9B0E50000B9FDC1F72049B6CE0000000078
:20036000B9FDC1F74949B6CE00000000B9FDC1F7494949B6CE000000B3E4B5E7B1A3BBA446
:2003800000000000C1E3D0F2B9FDC1F700000000C1E3D0F2BCD3CBD90000000000070000E9
:2003A0001C0F020801040000B40D020802040000C00D020803040000CC0D02080404000069
:2003C000D80D020805040000E40D020806040000F00D020807040000FC0D020808040000EF
:2003E000080E0208000000000000000000060000300D020801040000040C0208020400006B
:20040000140C020803040000240C020804040000340C0208050400008C0E02080604000068
:20042000440C020807040000540C0208000000000000000000070000180D020801040000B2
:20044000140E020802040000200E0208030400002C0E020804040000B40B0208050400000D
:20046000C40B020806040000D40B0208000000000000000019E050F8041BCB0744BFA9F1E1
:2004800001035918121F0023042A41F8043BF9D25FEA827C0B4604D54FF0000CA1F800C00D
:2004A0009B1CD10744BF0021197050F8042B002AE1D1704724FE0108F004020801020000CA
:2004C000C00602080000000024FE01080405020801020100C006020800000000000000003A
:2004E00000000000000000000000000000000000B40402080000000001020000C006020867
:2005000055530008C80402080000000001020100C0060208A5540008000000000000000080
:2005200000000000000000000000000030B5016842688468014401EB5203D20748BF4C44E1
:20054000994201D10C3030BD11F9012B11F8015B002A04F8015B02D5521CF9D1F0E7521E52
:20056000F4D5EDE738FE010800000000020100009C030208E75500080000000000000000AF
:200580000000000000000000000000004CFE010800000000020100009C030208D557000828
:2005A000000000000000000000000000000000000000000074FE0108DC05020802010000D2
:2005C00098080208000000000000000000000000000000000000000000000000B4050208AE
:2005E000000000000201000098080208516400080000000000000000000000000000000091
:200600000000000088FE010800000000020100009C030208CD5D000800000000000000006D
:20062000000000000000000000000000B0FE010800000000020100009C030208B994000802
:20064000000000000000000000000000000000000000000010B5074979441831064C7C446D
:20066000163404E00A68081D114488470146A142F8D110BD2C000000480000004EF6885140
:20068000CEF20001086840F470000860BFF34F8FBFF36F8F4FF00070E1EE100A704700008E
:2006A000D5FDFFFFFC4C000068190020000000007DFEFFFF0C0A0000E800000000000020EA
:2006C000000700000C0D020801040000940B020802040000A40B0208000000000000000083
:2006E0002532642C2020252E2A73202020252E2A7320202025312E3466200A0D00000000DE
:20070000302DCDCBB3F6000000312DCCF8D5A2000000322DB8E6BEAF0000000020302DCDEE
:20072000CBB3F62000B5A5B4BFB9FDC1F700B1D5CBF8B9FDC1F7000020302DCDCBB3F62055
:2007400000B6CFCFDFB1D5CBF800B6CFCFDFBFAAB7C5000025303258CAB125303258B7D63F
:2007600025303258C3EB25303364BAC1C3EB000020C3FBB3C62020202020B5A5CEBB2020BD
:20078000202020CFB5CAFD0A0D0000002532642C2020252E2A73202020252E2A73202020D0
:2007A000252E3766200A0D0080250000C012000060090000B0040000004B000000E1000052
:2007C00000C2010000F00BF8002801D0FFF742FF0020AFF30080FDF711FA00F002F80120E7
:2007E000704700F001B800000746384600F002F8FBE7000080B5AFF30080024A1100182016
:20080000ABBEFBE726000200203123202020202020202020202020202032232000000000BC
:20082000B3E4B5E73A20202020202020202020202020202000000000B7C5B5E73A202020B9
:2008400020202020202020202020202000000000253034642E253458C4EA25303258D4C229
:2008600025303258C8D50000BEA7B6D4B1C8B6C82C20B2A2B0B4C8B7C8CFBCFC0000000044
:20088000B1A3B4E62E2020202020202020202020202020200000000000060000240D02081B
:2008A00001040000380E020800000000000000000A0D20D2A3B2E2B5E33A2025303264B80E
:2008C000F62020200A0D000020D2A3D0C5B5E33A2025303264B8F62020200A0D000000007F
:2008E00020B1E0BAC52020202020C3FBB3C620202020200A0D00000020D2A3BFD8B5E33A3C
:200900002025303264B8F62020200A0D00000000560020412053B6C8B7D62057B7A620205E
:200920006D73485AC4B8C1AAB1A3BBA4BCB0B1B8CDB6D7B0D6C30000302DCDCBB3F6000085
:2009400000312DCDB6C8EB000000000020B2D9D7F7B0E5200020BFAAC8EBB0E520000000E4
:2009600020302DCDCBB3F6200020312DB8E6BEAF2000000020302D31303056200020312DEE
:2009800033383056200000002020C9CFBCFCBFA8D7A1C7EBBCECB2E900000000CDCBB3F6A1
:2009A000BCFCBFA8D7A1C7EBBCECB2E900000000C8B7C8CFBCFCBFA8D7A1C7EBBCECB2E909
:2009C000000000002020D3D2BCFCBFA8D7A1C7EBBCECB2E9000000002020CFC2BCFCBFA8B6
:2009E000D7A1C7EBBCECB2E9000000002020D7F3BCFCBFA8D7A1C7EBBCECB2E900000000F4
:200A0000B8B4B9E9BCFCBFA8D7A1C7EBBCECB2E900000000B0B4C9CFCFC2BCFCBFC9D2D4C9
:200A2000B5F7BDDAD2BA00002020CAB12020B7D62020C3EB202020BAC1C3EB00202020C3C5
:200A4000DCC2EBB4EDCEF32120202020000000002020CAC7B7F1B1A3B4E6B2CECAFD3F20FD
:200A6000000000002020B1A3B4E6B2CECAFDB3C9B9A62120000000000000000024FE0108BA
:200A80000001000000000000000000002532642C202020BFAAB9D8D2A3BFD820200A0D00B1
:200AA0002532642C202020B1A3BBA4B8B4B9E920200A0D0040404070204080000404041C9F
:200AC0000804020132303232C4EA3034D4C23236C8D50000B0E6B1BEBAC53A415446322E9B
:200AE00030302000BFAAC8EBB1D5CBF8B7C5B5E700000000B1A3BBA4B6A8D6B5D0DEB8C433
:200B000000000000D1B9B0E5CDB6CDCBC7D0BBBB00000000BBD6B8B4B3F6B3A7C9E8D6C344
:200B200000000000D7B0D6C3B2CECAFDD0DEB8C400000000D2BABEA7B6D4B1C8B6C8D6B527
:200B40003A000000BCCCB5E7B1A3BBA4C8EDBCFE00000000CFB5CDB3B2CECAFDC8B1CAA1E6
:200B60002E2E2E00D1B9B0E5C8B1CAA12E2E2E2E2E2E0000B6A8D6B5C8B1CAA12E2E2E2E4F
:200B80002E2E0000D6D8C6F4CFB5CDB32E2E2E2E2E2E0000312EB2E9BFB4B1A3BBA4D6B5CE
:200BA00000000000322EB2E9BFB4B2E2C1BFD6B500000000342EC9BEB3FDCAC2BCFEBCC7C6
:200BC000C2BC0000352EC9BEB3FD534F45BCC7C2BC200000362EC9BEB3FDB2D9D7F7BCC77E
:200BE000C2BC000020B6A8D6B5C7F8B3F6B4ED212000000020B6A8D6B5B9CCBBAFB3C9B9F7
:200C0000A6210000312ECFB5CDB3CAB1D6D3202020200000322E5253343835C9E8D6C320F6
:200C200020200000332ED2A3D0C5CAB1BCE4C9E8D6C30000342EB2E2C1BFCFB5CAFDD0A370
:200C4000D7BC0000362ED2BABEA7B6D4B1C8B6C820200000372EB3F6B3A7C9E8D6C32020F9
:200C60002020000020202020C4EA2020D4C22020C8D50000C7EBCAE4C8EBD0C2C3DCC2EB62
:200C80003A000000FFFFFFFFFFFFFFFFFFFFFFFFFFFFFFFF2532642C2020252E2A732020D3
:200CA0000A0D00002532642C20B1B8D3C320200A0D0000002532642C202020B1B8D3C3205A
:200CC000200A0D002532642C202020252E2A7320200A0D002532642C2020B1B8D3C32020E9
:200CE0000A0D0000014880470148004719F90108F90E020820202020202020200000000011
:200D00002534642E2530326400000000BFCCB6C8CFD4CABE00000000CAC2B9CAD7B7D2E476
:200D200000000000B1A3BBA4B6A8D6B500000000B2CECAFDC9E8D6C3000000002020202006
:200D40002020202020202000CEDECAC2B9CABCC7C2BC0000CEDE534F45BCC7C2BC00000063
:200D6000CEDEB2D9D7F7BCC7C2BC0000B6A8D6B5C7F8C7D0BBBB0000D7B0D6C3B8B4B9E98A
:200D800000000000BFAAB9D8D2A3BFD800000000BFAAB3F6B2E2CAD400000000B4EDCEF3A7
:200DA000B4FAC2EB00000000B2E2C1BFD0A3D7BC3A000000312EBFCCB6C8CFD4CABE0000F1
:200DC000322EBFAAC8EBCFD4CABE0000332EBFAAB3F6BCECB2E20000342ECAC2B9CAD7B7BE
:200DE000D2E40000352EB1A3BBA4B6A8D6B50000362ED1B9B0E5C9E8D6C30000372EB2CE8C
:200E0000CAFDC9E8D6C30000382EB0E6B1BED0C5CFA20000312ECAC2B9CABCC7C2BC0000E1
:200E2000322E534F45BCC7C2BC000000332EB2D9D7F7BCC7C2BC0000312ED5FBB6A8B6A8C4
:200E4000D6B50000B2E9BFB4B6A8D6B5C7F83A00D5FBB6A8B6A8D6B5C7F83A00B9CCBBAF18
:200E6000B6A8D6B5C7F83A00C7D0BBBBB6A8D6B5C7F83A00C7EBCAE4C8EBC3DCC2EB3A0008
:200E8000D1B9B0E5C3FBB3C600000000352EC3DCC2EBC9E8B6A800005253343835B5D8D695
:200EA000B73A00005253343835CBD9C2CA3A00005253343835B9E6D4BC3A000020D2A3B29B
:200EC000E2C9CFCBCD3A0000D2A3D0C5CAB1BCE43A000000C9BEB3FDB3C9B9A62100000034
:200EE000C9BEB3FDCAA7B0DC21000000252E2A7320252E2A73255800AFF30080FFF7BEFB4F
:200F0000FFF760FC2E303030000000002D253364000000002025336400000000D6F7B2CBB2
:200F2000B5A5000025332E31666B560025322E32666B560025332E316656000025322E3271
:200F40006656000025342E306641000025332E316641000025322E326641000020425A54AB
:200F600031000000D2A3BFD800000000BECDB5D800000000CDA8B5C000000000B7F9D6B5F7
:200F800000000000CFE0BDC700000000B2E2C1BFD6B50000B1D5BACF00000000B7D6BFAA7A
:200FA00000000000B6AFD7F700000000B7B5BBD800000000B7A2C9FA00000000CFFBCAA7A8
:200FC00000000000D7B4CCAC000000003936303000000000343830300000000032343030AD
:200FE0000000000031323030000000004D4F444255530000C4CFD7D439340000B6FEB4CE83
:20100000D6B50000D2BBB4CED6B50000D0A3D1E9C2EB3A00554950514F4B21006D730000BD
:201020004F4E20004F464600FFF7FEBFFFF7FEBFFFF7FEBFFFF7FEBFFFF7FEBFFFF7FEBFE6
:20104000FFF7FEBFFFF7FEBFFFF7FEBFFFF7FEBFFFF7FEBFFFF7FEBFFFF7FEBFFFF7FEBFF8
:20106000FFF7FEBFFFF7FEBFFFF7FEBFFFF7FEBFFFF7FEBFFFF7FEBFFFF7FEBFFFF7FEBFD8
:20108000FFF7FEBFFFF7FEBFFFF7FEBFFFF7FEBFFFF7FEBFFFF7FEBFFFF7FEBFFFF7FEBFB8
:2010A000FFF7FEBFFFF7FEBFFFF7FEBFFFF7FEBFFFF7FEBFFFF7FEBFFFF7FEBFFFF7FEBF98
:2010C000270B303132333435363738392011303132333435363738394142434445462000DE
:2010E000005A52523934314620FC00FC20330020412020002042202000204142200020433A
:20110000202000204341200020424320004142432000010203040607080902040608020CD6
:201120000810E400F8FFDC00FAFF8100D10004F401180008FFFFFFFFFFFFFFFFFFFFFFFF88
:20114000FFFFFFFFFFFFFFFFFFFFFFFFFFFFFFFFFFFFFFFFFFFFFFFFFFFFFFFFFFFFFFFFAF
:20116000FFFFFFFFFFFFFFFFFFFFFFFFFFFFFFFFFFFFFFFFFFFFFFFFFFFFFFFFFFFFFFFF8F
:20118000FFFFFFFFFFFFFFFFFFFFFFFFFFFFFFFFFFFFFFFFFFFFFFFFFFFFFFFFFFFFFFFF6F
:2011A000FFFFFFFFFFFFFFFFFFFFFFFFFFFFFFFFFFFFFFFFFFFFFFFFFFFFFFFFFFFFFFFF4F
:2011C000FFFFFFFFFFFFFFFFFFFFFFFFFFFFFFFFFFFFFFFFFFFFFFFFFFFFFFFFFFFFFFFF2F
:2011E000FFFFFFFFFFFFFFFFFFFFFFFFFFFFFFFFFFFFFFFFFFFFFFFFFFFFFFFFFFFFFFFF0F
:20120000FFFFFFFFFFFFFFFFFFFFFFFFFFFFFFFFFFFFFFFFFFFFFFFFFFFFFFFFFFFFFFFFEE
:20122000FFFFFFFFFFFFFFFFFFFFFFFFFFFFFFFFFFFFFFFFFFFFFFFFFFFFFFFFFFFFFFFFCE
:20124000FFFFFFFFFFFFFFFFFFFFFFFFFFFFFFFFFFFFFFFFFFFFFFFFFFFFFFFFFFFFFFFFAE
:20126000FFFFFFFFFFFFFFFFFFFFFFFFFFFFFFFFFFFFFFFFFFFFFFFFFFFFFFFFFFFFFFFF8E
:20128000FFFFFFFFFFFFFFFFFFFFFFFFFFFFFFFFFFFFFFFFFFFFFFFFFFFFFFFFFFFFFFFF6E
:2012A000FFFFFFFFFFFFFFFFFFFFFFFFFFFFFFFFFFFFFFFFFFFFFFFFFFFFFFFFFFFFFFFF4E
:2012C000FFFFFFFFFFFFFFFFFFFFFFFFFFFFFFFFFFFFFFFFFFFFFFFFFFFFFFFFFFFFFFFF2E
:2012E000FFFFFFFFFFFFFFFFFFFFFFFFFFFFFFFFFFFFFFFFFFFFFFFFFFFFFFFFFFFFFFFF0E
:20130000FFFFFFFFFFFFFFFFFFFFFFFFFFFFFFFFFFFFFFFFFFFFFFFFFFFFFFFFFFFFFFFFED
:20132000FFFFFFFFFFFFFFFFFFFFFFFFFFFFFFFFFFFFFFFFFFFFFFFFFFFFFFFFFFFFFFFFCD
:20134000FFFFFFFFFFFFFFFFFFFFFFFFFFFFFFFFFFFFFFFFFFFFFFFFFFFFFFFFFFFFFFFFAD
:20136000FFFFFFFFFFFFFFFFFFFFFFFFFFFFFFFFFFFFFFFFFFFFFFFFFFFFFFFFFFFFFFFF8D
:20138000FFFFFFFFFFFFFFFFFFFFFFFFFFFFFFFFFFFFFFFFFFFFFFFFFFFFFFFFFFFFFFFF6D
:2013A000FFFFFFFFFFFFFFFFFFFFFFFFFFFFFFFFFFFFFFFFFFFFFFFFFFFFFFFFFFFFFFFF4D
:2013C000FFFFFFFFFFFFFFFFFFFFFFFFFFFFFFFFFFFFFFFFFFFFFFFFFFFFFFFFFFFFFFFF2D
:2013E000FFFFFFFFFFFFFFFFFFFFFFFFFFFFFFFFFFFFFFFFFFFFFFFFFFFFFFFFFFFFFFFF0D
:20140000FFFFFFFFFFFFFFFFFFFFFFFFFFFFFFFFFFFFFFFFFFFFFFFFFFFFFFFFFFFFFFFFEC
:20142000FFFFFFFFFFFFFFFFFFFFFFFFFFFFFFFFFFFFFFFFFFFFFFFFFFFFFFFFFFFFFFFFCC
:20144000FFFFFFFFFFFFFFFFFFFFFFFFFFFFFFFFFFFFFFFFFFFFFFFFFFFFFFFFFFFFFFFFAC
:20146000FFFFFFFFFFFFFFFFFFFFFFFFFFFFFFFFFFFFFFFFFFFFFFFFFFFFFFFFFFFFFFFF8C
:20148000FFFFFFFFFFFFFFFFFFFFFFFFFFFFFFFFFFFFFFFFFFFFFFFFFFFFFFFFFFFFFFFF6C
:2014A000FFFFFFFFFFFFFFFFFFFFFFFFFFFFFFFFFFFFFFFFFFFFFFFFFFFFFFFFFFFFFFFF4C
:2014C000FFFFFFFFFFFFFFFFFFFFFFFFFFFFFFFFFFFFFFFFFFFFFFFFFFFFFFFFFFFFFFFF2C
:2014E000FFFFFFFFFFFFFFFFFFFFFFFFFFFFFFFFFFFFFFFFFFFFFFFFFFFFFFFFFFFFFFFF0C
:20150000FFFFFFFFFFFFFFFFFFFFFFFFFFFFFFFFFFFFFFFFFFFFFFFFFFFFFFFFFFFFFFFFEB
:20152000FFFFFFFFFFFFFFFFFFFFFFFFFFFFFFFFFFFFFFFFFFFFFFFFFFFFFFFFFFFFFFFFCB
:20154000FFFFFFFFFFFFFFFFFFFFFFFFFFFFFFFFFFFFFFFFFFFFFFFFFFFFFFFFFFFFFFFFAB
:20156000FFFFFFFFFFFFFFFFFFFFFFFFFFFFFFFFFFFFFFFFFFFFFFFFFFFFFFFFFFFFFFFF8B
:20158000FFFFFFFFFFFFFFFFFFFFFFFFFFFFFFFFFFFFFFFFFFFFFFFFFFFFFFFFFFFFFFFF6B
:2015A000FFFFFFFFFFFFFFFFFFFFFFFFFFFFFFFFFFFFFFFFFFFFFFFFFFFFFFFFFFFFFFFF4B
:2015C000FFFFFFFFFFFFFFFFFFFFFFFFFFFFFFFFFFFFFFFFFFFFFFFFFFFFFFFFFFFFFFFF2B
:2015E000FFFFFFFFFFFFFFFFFFFFFFFFFFFFFFFFFFFFFFFFFFFFFFFFFFFFFFFFFFFFFFFF0B
:20160000FFFFFFFFFFFFFFFFFFFFFFFFFFFFFFFFFFFFFFFFFFFFFFFFFFFFFFFFFFFFFFFFEA
:20162000FFFFFFFFFFFFFFFFFFFFFFFFFFFFFFFFFFFFFFFFFFFFFFFFFFFFFFFFFFFFFFFFCA
:20164000FFFFFFFFFFFFFFFFFFFFFFFFFFFFFFFFFFFFFFFFFFFFFFFFFFFFFFFFFFFFFFFFAA
:20166000FFFFFFFFFFFFFFFFFFFFFFFFFFFFFFFFFFFFFFFFFFFFFFFFFFFFFFFFFFFFFFFF8A
:20168000FFFFFFFFFFFFFFFFFFFFFFFFFFFFFFFFFFFFFFFFFFFFFFFFFFFFFFFFFFFFFFFF6A
:2016A000FFFFFFFFFFFFFFFFFFFFFFFFFFFFFFFFFFFFFFFFFFFFFFFFFFFFFFFFFFFFFFFF4A
:2016C000FFFFFFFFFFFFFFFFFFFFFFFFFFFFFFFFFFFFFFFFFFFFFFFFFFFFFFFFFFFFFFFF2A
:2016E000FFFFFFFFFFFFFFFFFFFFFFFFFFFFFFFFFFFFFFFFFFFFFFFFFFFFFFFFFFFFFFFF0A
:20170000FFFFFFFFFFFFFFFFFFFFFFFFFFFFFFFFFFFFFFFFFFFFFFFFFFFFFFFFFFFFFFFFE9
:20172000FFFFFFFFFFFFFFFFFFFFFFFFFFFFFFFFFFFFFFFFFFFFFFFFFFFFFFFFFFFFFFFFC9
:20174000FFFFFFFFFFFFFFFFFFFFFFFFFFFFFFFFFFFFFFFFFFFFFFFFFFFFFFFFFFFFFFFFA9
:20176000FFFFFFFFFFFFFFFFFFFFFFFFFFFFFFFFFFFFFFFFFFFFFFFFFFFFFFFFFFFFFFFF89
:20178000FFFFFFFFFFFFFFFFFFFFFFFFFFFFFFFFFFFFFFFFFFFFFFFFFFFFFFFFFFFFFFFF69
:2017A000FFFFFFFFFFFFFFFFFFFFFFFFFFFFFFFFFFFFFFFFFFFFFFFFFFFFFFFFFFFFFFFF49
:2017C000FFFFFFFFFFFFFFFFFFFFFFFFFFFFFFFFFFFFFFFFFFFFFFFFFFFFFFFFFFFFFFFF29
:2017E000FFFFFFFFFFFFFFFFFFFFFFFFFFFFFFFFFFFFFFFFFFFFFFFFFFFFFFFFFFFFFFFF09
:20180000FFFFFFFFFFFFFFFFFFFFFFFFFFFFFFFFFFFFFFFFFFFFFFFFFFFFFFFFFFFFFFFFE8
:20182000FFFFFFFFFFFFFFFFFFFFFFFFFFFFFFFFFFFFFFFFFFFFFFFFFFFFFFFFFFFFFFFFC8
:20184000FFFFFFFFFFFFFFFFFFFFFFFFFFFFFFFFFFFFFFFFFFFFFFFFFFFFFFFFFFFFFFFFA8
:20186000FFFFFFFFFFFFFFFFFFFFFFFFFFFFFFFFFFFFFFFFFFFFFFFFFFFFFFFFFFFFFFFF88
:20188000FFFFFFFFFFFFFFFFFFFFFFFFFFFFFFFFFFFFFFFFFFFFFFFFFFFFFFFFFFFFFFFF68
:2018A000FFFFFFFFFFFFFFFFFFFFFFFFFFFFFFFFFFFFFFFFFFFFFFFFFFFFFFFFFFFFFFFF48
:2018C000FFFFFFFFFFFFFFFFFFFFFFFFFFFFFFFFFFFFFFFFFFFFFFFFFFFFFFFFFFFFFFFF28
:2018E000FFFFFFFFFFFFFFFFFFFFFFFFFFFFFFFFFFFFFFFFFFFFFFFFFFFFFFFFFFFFFFFF08
:20190000FFFFFFFFFFFFFFFFFFFFFFFFFFFFFFFFFFFFFFFFFFFFFFFFFFFFFFFFFFFFFFFFE7
:20192000FFFFFFFFFFFFFFFFFFFFFFFFFFFFFFFFFFFFFFFFFFFFFFFFFFFFFFFFFFFFFFFFC7
:20194000FFFFFFFFFFFFFFFFFFFFFFFFFFFFFFFFFFFFFFFFFFFFFFFFFFFFFFFFFFFFFFFFA7
:20196000FFFFFFFFFFFFFFFFFFFFFFFFFFFFFFFFFFFFFFFFFFFFFFFFFFFFFFFFFFFFFFFF87
:20198000FFFFFFFFFFFFFFFFFFFFFFFFFFFFFFFFFFFFFFFFFFFFFFFFFFFFFFFFFFFFFFFF67
:2019A000FFFFFFFFFFFFFFFFFFFFFFFFFFFFFFFFFFFFFFFFFFFFFFFFFFFFFFFFFFFFFFFF47
:2019C000FFFFFFFFFFFFFFFFFFFFFFFFFFFFFFFFFFFFFFFFFFFFFFFFFFFFFFFFFFFFFFFF27
:2019E000FFFFFFFFFFFFFFFFFFFFFFFFFFFFFFFFFFFFFFFFFFFFFFFFFFFFFFFFFFFFFFFF07
:201A0000FFFFFFFFFFFFFFFFFFFFFFFFFFFFFFFFFFFFFFFFFFFFFFFFFFFFFFFFFFFFFFFFE6
:201A2000FFFFFFFFFFFFFFFFFFFFFFFFFFFFFFFFFFFFFFFFFFFFFFFFFFFFFFFFFFFFFFFFC6
:201A4000FFFFFFFFFFFFFFFFFFFFFFFFFFFFFFFFFFFFFFFFFFFFFFFFFFFFFFFFFFFFFFFFA6
:201A6000FFFFFFFFFFFFFFFFFFFFFFFFFFFFFFFFFFFFFFFFFFFFFFFFFFFFFFFFFFFFFFFF86
:201A8000FFFFFFFFFFFFFFFFFFFFFFFFFFFFFFFFFFFFFFFFFFFFFFFFFFFFFFFFFFFFFFFF66
:201AA000FFFFFFFFFFFFFFFFFFFFFFFFFFFFFFFFFFFFFFFFFFFFFFFFFFFFFFFFFFFFFFFF46
:201AC000FFFFFFFFFFFFFFFFFFFFFFFFFFFFFFFFFFFFFFFFFFFFFFFFFFFFFFFFFFFFFFFF26
:201AE000FFFFFFFFFFFFFFFFFFFFFFFFFFFFFFFFFFFFFFFFFFFFFFFFFFFFFFFFFFFFFFFF06
:201B0000FFFFFFFFFFFFFFFFFFFFFFFFFFFFFFFFFFFFFFFFFFFFFFFFFFFFFFFFFFFFFFFFE5
:201B2000FFFFFFFFFFFFFFFFFFFFFFFFFFFFFFFFFFFFFFFFFFFFFFFFFFFFFFFFFFFFFFFFC5
:201B4000FFFFFFFFFFFFFFFFFFFFFFFFFFFFFFFFFFFFFFFFFFFFFFFFFFFFFFFFFFFFFFFFA5
:201B6000FFFFFFFFFFFFFFFFFFFFFFFFFFFFFFFFFFFFFFFFFFFFFFFFFFFFFFFFFFFFFFFF85
:201B8000FFFFFFFFFFFFFFFFFFFFFFFFFFFFFFFFFFFFFFFFFFFFFFFFFFFFFFFFFFFFFFFF65
:201BA000FFFFFFFFFFFFFFFFFFFFFFFFFFFFFFFFFFFFFFFFFFFFFFFFFFFFFFFFFFFFFFFF45
:201BC000FFFFFFFFFFFFFFFFFFFFFFFFFFFFFFFFFFFFFFFFFFFFFFFFFFFFFFFFFFFFFFFF25
:201BE000FFFFFFFFFFFFFFFFFFFFFFFFFFFFFFFFFFFFFFFFFFFFFFFFFFFFFFFFFFFFFFFF05
:201C0000FFFFFFFFFFFFFFFFFFFFFFFFFFFFFFFFFFFFFFFFFFFFFFFFFFFFFFFFFFFFFFFFE4
:201C2000FFFFFFFFFFFFFFFFFFFFFFFFFFFFFFFFFFFFFFFFFFFFFFFFFFFFFFFFFFFFFFFFC4
:201C4000FFFFFFFFFFFFFFFFFFFFFFFFFFFFFFFFFFFFFFFFFFFFFFFFFFFFFFFFFFFFFFFFA4
:201C6000FFFFFFFFFFFFFFFFFFFFFFFFFFFFFFFFFFFFFFFFFFFFFFFFFFFFFFFFFFFFFFFF84
:201C8000FFFFFFFFFFFFFFFFFFFFFFFFFFFFFFFFFFFFFFFFFFFFFFFFFFFFFFFFFFFFFFFF64
:201CA000FFFFFFFFFFFFFFFFFFFFFFFFFFFFFFFFFFFFFFFFFFFFFFFFFFFFFFFFFFFFFFFF44
:201CC000FFFFFFFFFFFFFFFFFFFFFFFFFFFFFFFFFFFFFFFFFFFFFFFFFFFFFFFFFFFFFFFF24
:201CE000FFFFFFFFFFFFFFFFFFFFFFFFFFFFFFFFFFFFFFFFFFFFFFFFFFFFFFFFFFFFFFFF04
:201D0000FFFFFFFFFFFFFFFFFFFFFFFFFFFFFFFFFFFFFFFFFFFFFFFFFFFFFFFFFFFFFFFFE3
:201D2000FFFFFFFFFFFFFFFFFFFFFFFFFFFFFFFFFFFFFFFFFFFFFFFFFFFFFFFFFFFFFFFFC3
:201D4000FFFFFFFFFFFFFFFFFFFFFFFFFFFFFFFFFFFFFFFFFFFFFFFFFFFFFFFFFFFFFFFFA3
:201D6000FFFFFFFFFFFFFFFFFFFFFFFFFFFFFFFFFFFFFFFFFFFFFFFFFFFFFFFFFFFFFFFF83
:201D8000FFFFFFFFFFFFFFFFFFFFFFFFFFFFFFFFFFFFFFFFFFFFFFFFFFFFFFFFFFFFFFFF63
:201DA000FFFFFFFFFFFFFFFFFFFFFFFFFFFFFFFFFFFFFFFFFFFFFFFFFFFFFFFFFFFFFFFF43
:201DC000FFFFFFFFFFFFFFFFFFFFFFFFFFFFFFFFFFFFFFFFFFFFFFFFFFFFFFFFFFFFFFFF23
:201DE000FFFFFFFFFFFFFFFFFFFFFFFFFFFFFFFFFFFFFFFFFFFFFFFFFFFFFFFFFFFFFFFF03
:201E0000FFFFFFFFFFFFFFFFFFFFFFFFFFFFFFFFFFFFFFFFFFFFFFFFFFFFFFFFFFFFFFFFE2
:201E2000FFFFFFFFFFFFFFFFFFFFFFFFFFFFFFFFFFFFFFFFFFFFFFFFFFFFFFFFFFFFFFFFC2
:201E4000FFFFFFFFFFFFFFFFFFFFFFFFFFFFFFFFFFFFFFFFFFFFFFFFFFFFFFFFFFFFFFFFA2
:201E6000FFFFFFFFFFFFFFFFFFFFFFFFFFFFFFFFFFFFFFFFFFFFFFFFFFFFFFFFFFFFFFFF82
:201E8000FFFFFFFFFFFFFFFFFFFFFFFFFFFFFFFFFFFFFFFFFFFFFFFFFFFFFFFFFFFFFFFF62
:201EA000FFFFFFFFFFFFFFFFFFFFFFFFFFFFFFFFFFFFFFFFFFFFFFFFFFFFFFFFFFFFFFFF42
:201EC000FFFFFFFFFFFFFFFFFFFFFFFFFFFFFFFFFFFFFFFFFFFFFFFFFFFFFFFFFFFFFFFF22
:201EE000FFFFFFFFFFFFFFFFFFFFFFFFFFFFFFFFFFFFFFFFFFFFFFFFFFFFFFFFFFFFFFFF02
:201F0000FFFFFFFFFFFFFFFFFFFFFFFFFFFFFFFFFFFFFFFFFFFFFFFFFFFFFFFFFFFFFFFFE1
:201F2000FFFFFFFFFFFFFFFFFFFFFFFFFFFFFFFFFFFFFFFFFFFFFFFFFFFFFFFFFFFFFFFFC1
:201F4000FFFFFFFFFFFFFFFFFFFFFFFFFFFFFFFFFFFFFFFFFFFFFFFFFFFFFFFFFFFFFFFFA1
:201F6000FFFFFFFFFFFFFFFFFFFFFFFFFFFFFFFFFFFFFFFFFFFFFFFFFFFFFFFFFFFFFFFF81
:201F8000FFFFFFFFFFFFFFFFFFFFFFFFFFFFFFFFFFFFFFFFFFFFFFFFFFFFFFFFFFFFFFFF61
:201FA000FFFFFFFFFFFFFFFFFFFFFFFFFFFFFFFFFFFFFFFFFFFFFFFFFFFFFFFFFFFFFFFF41
:201FC000FFFFFFFFFFFFFFFFFFFFFFFFFFFFFFFFFFFFFFFFFFFFFFFFFFFFFFFFFFFFFFFF21
:201FE000FFFFFFFFFFFFFFFFFFFFFFFFFFFFFFFFFFFFFFFFFFFFFFFFFFFFFFFFFFFFFFFF01
:20200000FFFFFFFFFFFFFFFFFFFFFFFFFFFFFFFFFFFFFFFFFFFFFFFFFFFFFFFFFFFFFFFFE0
:20202000FFFFFFFFFFFFFFFFFFFFFFFFFFFFFFFFFFFFFFFFFFFFFFFFFFFFFFFFFFFFFFFFC0
:20204000FFFFFFFFFFFFFFFFFFFFFFFFFFFFFFFFFFFFFFFFFFFFFFFFFFFFFFFFFFFFFFFFA0
:20206000FFFFFFFFFFFFFFFFFFFFFFFFFFFFFFFFFFFFFFFFFFFFFFFFFFFFFFFFFFFFFFFF80
:20208000FFFFFFFFFFFFFFFFFFFFFFFFFFFFFFFFFFFFFFFFFFFFFFFFFFFFFFFFFFFFFFFF60
:2020A000FFFFFFFFFFFFFFFFFFFFFFFFFFFFFFFFFFFFFFFFFFFFFFFFFFFFFFFFFFFFFFFF40
:2020C000FFFFFFFFFFFFFFFFFFFFFFFFFFFFFFFFFFFFFFFFFFFFFFFFFFFFFFFFFFFFFFFF20
:2020E000FFFFFFFFFFFFFFFFFFFFFFFFFFFFFFFFFFFFFFFFFFFFFFFFFFFFFFFFFFFFFFFF00
:20210000FFFFFFFFFFFFFFFFFFFFFFFFFFFFFFFFFFFFFFFFFFFFFFFFFFFFFFFFFFFFFFFFDF
:20212000FFFFFFFFFFFFFFFFFFFFFFFFFFFFFFFFFFFFFFFFFFFFFFFFFFFFFFFFFFFFFFFFBF
:20214000FFFFFFFFFFFFFFFFFFFFFFFFFFFFFFFFFFFFFFFFFFFFFFFFFFFFFFFFFFFFFFFF9F
:20216000FFFFFFFFFFFFFFFFFFFFFFFFFFFFFFFFFFFFFFFFFFFFFFFFFFFFFFFFFFFFFFFF7F
:20218000FFFFFFFFFFFFFFFFFFFFFFFFFFFFFFFFFFFFFFFFFFFFFFFFFFFFFFFFFFFFFFFF5F
:2021A000FFFFFFFFFFFFFFFFFFFFFFFFFFFFFFFFFFFFFFFFFFFFFFFFFFFFFFFFFFFFFFFF3F
:2021C000FFFFFFFFFFFFFFFFFFFFFFFFFFFFFFFFFFFFFFFFFFFFFFFFFFFFFFFFFFFFFFFF1F
:2021E000FFFFFFFFFFFFFFFFFFFFFFFFFFFFFFFFFFFFFFFFFFFFFFFFFFFFFFFFFFFFFFFFFF
:20220000FFFFFFFFFFFFFFFFFFFFFFFFFFFFFFFFFFFFFFFFFFFFFFFFFFFFFFFFFFFFFFFFDE
:20222000FFFFFFFFFFFFFFFFFFFFFFFFFFFFFFFFFFFFFFFFFFFFFFFFFFFFFFFFFFFFFFFFBE
:20224000FFFFFFFFFFFFFFFFFFFFFFFFFFFFFFFFFFFFFFFFFFFFFFFFFFFFFFFFFFFFFFFF9E
:20226000FFFFFFFFFFFFFFFFFFFFFFFFFFFFFFFFFFFFFFFFFFFFFFFFFFFFFFFFFFFFFFFF7E
:20228000FFFFFFFFFFFFFFFFFFFFFFFFFFFFFFFFFFFFFFFFFFFFFFFFFFFFFFFFFFFFFFFF5E
:2022A000FFFFFFFFFFFFFFFFFFFFFFFFFFFFFFFFFFFFFFFFFFFFFFFFFFFFFFFFFFFFFFFF3E
:2022C000FFFFFFFFFFFFFFFFFFFFFFFFFFFFFFFFFFFFFFFFFFFFFFFFFFFFFFFFFFFFFFFF1E
:2022E000FFFFFFFFFFFFFFFFFFFFFFFFFFFFFFFFFFFFFFFFFFFFFFFFFFFFFFFFFFFFFFFFFE
:20230000FFFFFFFFFFFFFFFFFFFFFFFFFFFFFFFFFFFFFFFFFFFFFFFFFFFFFFFFFFFFFFFFDD
:20232000FFFFFFFFFFFFFFFFFFFFFFFFFFFFFFFFFFFFFFFFFFFFFFFFFFFFFFFFFFFFFFFFBD
:20234000FFFFFFFFFFFFFFFFFFFFFFFFFFFFFFFFFFFFFFFFFFFFFFFFFFFFFFFFFFFFFFFF9D
:20236000FFFFFFFFFFFFFFFFFFFFFFFFFFFFFFFFFFFFFFFFFFFFFFFFFFFFFFFFFFFFFFFF7D
:20238000FFFFFFFFFFFFFFFFFFFFFFFFFFFFFFFFFFFFFFFFFFFFFFFFFFFFFFFFFFFFFFFF5D
:2023A000FFFFFFFFFFFFFFFFFFFFFFFFFFFFFFFFFFFFFFFFFFFFFFFFFFFFFFFFFFFFFFFF3D
:2023C000FFFFFFFFFFFFFFFFFFFFFFFFFFFFFFFFFFFFFFFFFFFFFFFFFFFFFFFFFFFFFFFF1D
:2023E000FFFFFFFFFFFFFFFFFFFFFFFFFFFFFFFFFFFFFFFFFFFFFFFFFFFFFFFFFFFFFFFFFD
:20240000FFFFFFFFFFFFFFFFFFFFFFFFFFFFFFFFFFFFFFFFFFFFFFFFFFFFFFFFFFFFFFFFDC
:20242000FFFFFFFFFFFFFFFFFFFFFFFFFFFFFFFFFFFFFFFFFFFFFFFFFFFFFFFFFFFFFFFFBC
:20244000FFFFFFFFFFFFFFFFFFFFFFFFFFFFFFFFFFFFFFFFFFFFFFFFFFFFFFFFFFFFFFFF9C
:20246000FFFFFFFFFFFFFFFFFFFFFFFFFFFFFFFFFFFFFFFFFFFFFFFFFFFFFFFFFFFFFFFF7C
:20248000FFFFFFFFFFFFFFFFFFFFFFFFFFFFFFFFFFFFFFFFFFFFFFFFFFFFFFFFFFFFFFFF5C
:2024A000FFFFFFFFFFFFFFFFFFFFFFFFFFFFFFFFFFFFFFFFFFFFFFFFFFFFFFFFFFFFFFFF3C
:2024C000FFFFFFFFFFFFFFFFFFFFFFFFFFFFFFFFFFFFFFFFFFFFFFFFFFFFFFFFFFFFFFFF1C
:2024E000FFFFFFFFFFFFFFFFFFFFFFFFFFFFFFFFFFFFFFFFFFFFFFFFFFFFFFFFFFFFFFFFFC
:20250000FFFFFFFFFFFFFFFFFFFFFFFFFFFFFFFFFFFFFFFFFFFFFFFFFFFFFFFFFFFFFFFFDB
:20252000FFFFFFFFFFFFFFFFFFFFFFFFFFFFFFFFFFFFFFFFFFFFFFFFFFFFFFFFFFFFFFFFBB
:20254000FFFFFFFFFFFFFFFFFFFFFFFFFFFFFFFFFFFFFFFFFFFFFFFFFFFFFFFFFFFFFFFF9B
:20256000FFFFFFFFFFFFFFFFFFFFFFFFFFFFFFFFFFFFFFFFFFFFFFFFFFFFFFFFFFFFFFFF7B
:20258000FFFFFFFFFFFFFFFFFFFFFFFFFFFFFFFFFFFFFFFFFFFFFFFFFFFFFFFFFFFFFFFF5B
:2025A000FFFFFFFFFFFFFFFFFFFFFFFFFFFFFFFFFFFFFFFFFFFFFFFFFFFFFFFFFFFFFFFF3B
:2025C000FFFFFFFFFFFFFFFFFFFFFFFFFFFFFFFFFFFFFFFFFFFFFFFFFFFFFFFFFFFFFFFF1B
:2025E000FFFFFFFFFFFFFFFFFFFFFFFFFFFFFFFFFFFFFFFFFFFFFFFFFFFFFFFFFFFFFFFFFB
:20260000FFFFFFFFFFFFFFFFFFFFFFFFFFFFFFFFFFFFFFFFFFFFFFFFFFFFFFFFFFFFFFFFDA
:20262000FFFFFFFFFFFFFFFFFFFFFFFFFFFFFFFFFFFFFFFFFFFFFFFFFFFFFFFFFFFFFFFFBA
:20264000FFFFFFFFFFFFFFFFFFFFFFFFFFFFFFFFFFFFFFFFFFFFFFFFFFFFFFFFFFFFFFFF9A
:20266000FFFFFFFFFFFFFFFFFFFFFFFFFFFFFFFFFFFFFFFFFFFFFFFFFFFFFFFFFFFFFFFF7A
:20268000FFFFFFFFFFFFFFFFFFFFFFFFFFFFFFFFFFFFFFFFFFFFFFFFFFFFFFFFFFFFFFFF5A
:2026A000FFFFFFFFFFFFFFFFFFFFFFFFFFFFFFFFFFFFFFFFFFFFFFFFFFFFFFFFFFFFFFFF3A
:2026C000FFFFFFFFFFFFFFFFFFFFFFFFFFFFFFFFFFFFFFFFFFFFFFFFFFFFFFFFFFFFFFFF1A
:2026E000FFFFFFFFFFFFFFFFFFFFFFFFFFFFFFFFFFFFFFFFFFFFFFFFFFFFFFFFFFFFFFFFFA
:20270000FFFFFFFFFFFFFFFFFFFFFFFFFFFFFFFFFFFFFFFFFFFFFFFFFFFFFFFFFFFFFFFFD9
:20272000FFFFFFFFFFFFFFFFFFFFFFFFFFFFFFFFFFFFFFFFFFFFFFFFFFFFFFFFFFFFFFFFB9
:20274000FFFFFFFFFFFFFFFFFFFFFFFFFFFFFFFFFFFFFFFFFFFFFFFFFFFFFFFFFFFFFFFF99
:20276000FFFFFFFFFFFFFFFFFFFFFFFFFFFFFFFFFFFFFFFFFFFFFFFFFFFFFFFFFFFFFFFF79
:20278000FFFFFFFFFFFFFFFFFFFFFFFFFFFFFFFFFFFFFFFFFFFFFFFFFFFFFFFFFFFFFFFF59
:2027A000FFFFFFFFFFFFFFFFFFFFFFFFFFFFFFFFFFFFFFFFFFFFFFFFFFFFFFFFFFFFFFFF39
:2027C000FFFFFFFFFFFFFFFFFFFFFFFFFFFFFFFFFFFFFFFFFFFFFFFFFFFFFFFFFFFFFFFF19
:2027E000FFFFFFFFFFFFFFFFFFFFFFFFFFFFFFFFFFFFFFFFFFFFFFFFFFFFFFFFFFFFFFFFF9
:20280000FFFFFFFFFFFFFFFFFFFFFFFFFFFFFFFFFFFFFFFFFFFFFFFFFFFFFFFFFFFFFFFFD8
:20282000FFFFFFFFFFFFFFFFFFFFFFFFFFFFFFFFFFFFFFFFFFFFFFFFFFFFFFFFFFFFFFFFB8
:20284000FFFFFFFFFFFFFFFFFFFFFFFFFFFFFFFFFFFFFFFFFFFFFFFFFFFFFFFFFFFFFFFF98
:20286000FFFFFFFFFFFFFFFFFFFFFFFFFFFFFFFFFFFFFFFFFFFFFFFFFFFFFFFFFFFFFFFF78
:20288000FFFFFFFFFFFFFFFFFFFFFFFFFFFFFFFFFFFFFFFFFFFFFFFFFFFFFFFFFFFFFFFF58
:2028A000FFFFFFFFFFFFFFFFFFFFFFFFFFFFFFFFFFFFFFFFFFFFFFFFFFFFFFFFFFFFFFFF38
:2028C000FFFFFFFFFFFFFFFFFFFFFFFFFFFFFFFFFFFFFFFFFFFFFFFFFFFFFFFFFFFFFFFF18
:2028E000FFFFFFFFFFFFFFFFFFFFFFFFFFFFFFFFFFFFFFFFFFFFFFFFFFFFFFFFFFFFFFFFF8
:20290000FFFFFFFFFFFFFFFFFFFFFFFFFFFFFFFFFFFFFFFFFFFFFFFFFFFFFFFFFFFFFFFFD7
:20292000FFFFFFFFFFFFFFFFFFFFFFFFFFFFFFFFFFFFFFFFFFFFFFFFFFFFFFFFFFFFFFFFB7
:20294000FFFFFFFFFFFFFFFFFFFFFFFFFFFFFFFFFFFFFFFFFFFFFFFFFFFFFFFFFFFFFFFF97
:20296000FFFFFFFFFFFFFFFFFFFFFFFFFFFFFFFFFFFFFFFFFFFFFFFFFFFFFFFFFFFFFFFF77
:20298000FFFFFFFFFFFFFFFFFFFFFFFFFFFFFFFFFFFFFFFFFFFFFFFFFFFFFFFFFFFFFFFF57
:2029A000FFFFFFFFFFFFFFFFFFFFFFFFFFFFFFFFFFFFFFFFFFFFFFFFFFFFFFFFFFFFFFFF37
:2029C000FFFFFFFFFFFFFFFFFFFFFFFFFFFFFFFFFFFFFFFFFFFFFFFFFFFFFFFFFFFFFFFF17
:2029E000FFFFFFFFFFFFFFFFFFFFFFFFFFFFFFFFFFFFFFFFFFFFFFFFFFFFFFFFFFFFFFFFF7
:202A0000FFFFFFFFFFFFFFFFFFFFFFFFFFFFFFFFFFFFFFFFFFFFFFFFFFFFFFFFFFFFFFFFD6
:202A2000FFFFFFFFFFFFFFFFFFFFFFFFFFFFFFFFFFFFFFFFFFFFFFFFFFFFFFFFFFFFFFFFB6
:202A4000FFFFFFFFFFFFFFFFFFFFFFFFFFFFFFFFFFFFFFFFFFFFFFFFFFFFFFFFFFFFFFFF96
:202A6000FFFFFFFFFFFFFFFFFFFFFFFFFFFFFFFFFFFFFFFFFFFFFFFFFFFFFFFFFFFFFFFF76
:202A8000FFFFFFFFFFFFFFFFFFFFFFFFFFFFFFFFFFFFFFFFFFFFFFFFFFFFFFFFFFFFFFFF56
:202AA000FFFFFFFFFFFFFFFFFFFFFFFFFFFFFFFFFFFFFFFFFFFFFFFFFFFFFFFFFFFFFFFF36
:202AC000FFFFFFFFFFFFFFFFFFFFFFFFFFFFFFFFFFFFFFFFFFFFFFFFFFFFFFFFFFFFFFFF16
:202AE000FFFFFFFFFFFFFFFFFFFFFFFFFFFFFFFFFFFFFFFFFFFFFFFFFFFFFFFFFFFFFFFFF6
:202B0000FFFFFFFFFFFFFFFFFFFFFFFFFFFFFFFFFFFFFFFFFFFFFFFFFFFFFFFFFFFFFFFFD5
:202B2000FFFFFFFFFFFFFFFFFFFFFFFFFFFFFFFFFFFFFFFFFFFFFFFFFFFFFFFFFFFFFFFFB5
:202B4000FFFFFFFFFFFFFFFFFFFFFFFFFFFFFFFFFFFFFFFFFFFFFFFFFFFFFFFFFFFFFFFF95
:202B6000FFFFFFFFFFFFFFFFFFFFFFFFFFFFFFFFFFFFFFFFFFFFFFFFFFFFFFFFFFFFFFFF75
:202B8000FFFFFFFFFFFFFFFFFFFFFFFFFFFFFFFFFFFFFFFFFFFFFFFFFFFFFFFFFFFFFFFF55
:202BA000FFFFFFFFFFFFFFFFFFFFFFFFFFFFFFFFFFFFFFFFFFFFFFFFFFFFFFFFFFFFFFFF35
:202BC000FFFFFFFFFFFFFFFFFFFFFFFFFFFFFFFFFFFFFFFFFFFFFFFFFFFFFFFFFFFFFFFF15
:202BE000FFFFFFFFFFFFFFFFFFFFFFFFFFFFFFFFFFFFFFFFFFFFFFFFFFFFFFFFFFFFFFFFF5
:202C0000FFFFFFFFFFFFFFFFFFFFFFFFFFFFFFFFFFFFFFFFFFFFFFFFFFFFFFFFFFFFFFFFD4
:202C2000FFFFFFFFFFFFFFFFFFFFFFFFFFFFFFFFFFFFFFFFFFFFFFFFFFFFFFFFFFFFFFFFB4
:202C4000FFFFFFFFFFFFFFFFFFFFFFFFFFFFFFFFFFFFFFFFFFFFFFFFFFFFFFFFFFFFFFFF94
:202C6000FFFFFFFFFFFFFFFFFFFFFFFFFFFFFFFFFFFFFFFFFFFFFFFFFFFFFFFFFFFFFFFF74
:202C8000FFFFFFFFFFFFFFFFFFFFFFFFFFFFFFFFFFFFFFFFFFFFFFFFFFFFFFFFFFFFFFFF54
:202CA000FFFFFFFFFFFFFFFFFFFFFFFFFFFFFFFFFFFFFFFFFFFFFFFFFFFFFFFFFFFFFFFF34
:202CC000FFFFFFFFFFFFFFFFFFFFFFFFFFFFFFFFFFFFFFFFFFFFFFFFFFFFFFFFFFFFFFFF14
:202CE000FFFFFFFFFFFFFFFFFFFFFFFFFFFFFFFFFFFFFFFFFFFFFFFFFFFFFFFFFFFFFFFFF4
:202D0000FFFFFFFFFFFFFFFFFFFFFFFFFFFFFFFFFFFFFFFFFFFFFFFFFFFFFFFFFFFFFFFFD3
:202D2000FFFFFFFFFFFFFFFFFFFFFFFFFFFFFFFFFFFFFFFFFFFFFFFFFFFFFFFFFFFFFFFFB3
:202D4000FFFFFFFFFFFFFFFFFFFFFFFFFFFFFFFFFFFFFFFFFFFFFFFFFFFFFFFFFFFFFFFF93
:202D6000FFFFFFFFFFFFFFFFFFFFFFFFFFFFFFFFFFFFFFFFFFFFFFFFFFFFFFFFFFFFFFFF73
:202D8000FFFFFFFFFFFFFFFFFFFFFFFFFFFFFFFFFFFFFFFFFFFFFFFFFFFFFFFFFFFFFFFF53
:202DA000FFFFFFFFFFFFFFFFFFFFFFFFFFFFFFFFFFFFFFFFFFFFFFFFFFFFFFFFFFFFFFFF33
:202DC000FFFFFFFFFFFFFFFFFFFFFFFFFFFFFFFFFFFFFFFFFFFFFFFFFFFFFFFFFFFFFFFF13
:202DE000FFFFFFFFFFFFFFFFFFFFFFFFFFFFFFFFFFFFFFFFFFFFFFFFFFFFFFFFFFFFFFFFF3
:202E0000FFFFFFFFFFFFFFFFFFFFFFFFFFFFFFFFFFFFFFFFFFFFFFFFFFFFFFFFFFFFFFFFD2
:202E2000FFFFFFFFFFFFFFFFFFFFFFFFFFFFFFFFFFFFFFFFFFFFFFFFFFFFFFFFFFFFFFFFB2
:202E4000FFFFFFFFFFFFFFFFFFFFFFFFFFFFFFFFFFFFFFFFFFFFFFFFFFFFFFFFFFFFFFFF92
:202E6000FFFFFFFFFFFFFFFFFFFFFFFFFFFFFFFFFFFFFFFFFFFFFFFFFFFFFFFFFFFFFFFF72
:202E8000FFFFFFFFFFFFFFFFFFFFFFFFFFFFFFFFFFFFFFFFFFFFFFFFFFFFFFFFFFFFFFFF52
:202EA000FFFFFFFFFFFFFFFFFFFFFFFFFFFFFFFFFFFFFFFFFFFFFFFFFFFFFFFFFFFFFFFF32
:202EC000FFFFFFFFFFFFFFFFFFFFFFFFFFFFFFFFFFFFFFFFFFFFFFFFFFFFFFFFFFFFFFFF12
:202EE000FFFFFFFFFFFFFFFFFFFFFFFFFFFFFFFFFFFFFFFFFFFFFFFFFFFFFFFFFFFFFFFFF2
:202F0000FFFFFFFFFFFFFFFFFFFFFFFFFFFFFFFFFFFFFFFFFFFFFFFFFFFFFFFFFFFFFFFFD1
:202F2000FFFFFFFFFFFFFFFFFFFFFFFFFFFFFFFFFFFFFFFFFFFFFFFFFFFFFFFFFFFFFFFFB1
:202F4000FFFFFFFFFFFFFFFFFFFFFFFFFFFFFFFFFFFFFFFFFFFFFFFFFFFFFFFFFFFFFFFF91
:202F6000FFFFFFFFFFFFFFFFFFFFFFFFFFFFFFFFFFFFFFFFFFFFFFFFFFFFFFFFFFFFFFFF71
:202F8000FFFFFFFFFFFFFFFFFFFFFFFFFFFFFFFFFFFFFFFFFFFFFFFFFFFFFFFFFFFFFFFF51
:202FA000FFFFFFFFFFFFFFFFFFFFFFFFFFFFFFFFFFFFFFFFFFFFFFFFFFFFFFFFFFFFFFFF31
:202FC000FFFFFFFFFFFFFFFFFFFFFFFFFFFFFFFFFFFFFFFFFFFFFFFFFFFFFFFFFFFFFFFF11
:202FE000FFFFFFFFFFFFFFFFFFFFFFFFFFFFFFFFFFFFFFFFFFFFFFFFFFFFFFFFFFFFFFFFF1
:20300000FFFFFFFFFFFFFFFFFFFFFFFFFFFFFFFFFFFFFFFFFFFFFFFFFFFFFFFFFFFFFFFFD0
:20302000FFFFFFFFFFFFFFFFFFFFFFFFFFFFFFFFFFFFFFFFFFFFFFFFFFFFFFFFFFFFFFFFB0
:20304000FFFFFFFFFFFFFFFFFFFFFFFFFFFFFFFFFFFFFFFFFFFFFFFFFFFFFFFFFFFFFFFF90
:20306000FFFFFFFFFFFFFFFFFFFFFFFFFFFFFFFFFFFFFFFFFFFFFFFFFFFFFFFFFFFFFFFF70
:20308000FFFFFFFFFFFFFFFFFFFFFFFFFFFFFFFFFFFFFFFFFFFFFFFFFFFFFFFFFFFFFFFF50
:2030A000FFFFFFFFFFFFFFFFFFFFFFFFFFFFFFFFFFFFFFFFFFFFFFFFFFFFFFFFFFFFFFFF30
:2030C000FFFFFFFFFFFFFFFFFFFFFFFFFFFFFFFFFFFFFFFFFFFFFFFFFFFFFFFFFFFFFFFF10
:2030E000FFFFFFFFFFFFFFFFFFFFFFFFFFFFFFFFFFFFFFFFFFFFFFFFFFFFFFFFFFFFFFFFF0
:20310000FFFFFFFFFFFFFFFFFFFFFFFFFFFFFFFFFFFFFFFFFFFFFFFFFFFFFFFFFFFFFFFFCF
:20312000FFFFFFFFFFFFFFFFFFFFFFFFFFFFFFFFFFFFFFFFFFFFFFFFFFFFFFFFFFFFFFFFAF
:20314000FFFFFFFFFFFFFFFFFFFFFFFFFFFFFFFFFFFFFFFFFFFFFFFFFFFFFFFFFFFFFFFF8F
:20316000FFFFFFFFFFFFFFFFFFFFFFFFFFFFFFFFFFFFFFFFFFFFFFFFFFFFFFFFFFFFFFFF6F
:20318000FFFFFFFFFFFFFFFFFFFFFFFFFFFFFFFFFFFFFFFFFFFFFFFFFFFFFFFFFFFFFFFF4F
:2031A000FFFFFFFFFFFFFFFFFFFFFFFFFFFFFFFFFFFFFFFFFFFFFFFFFFFFFFFFFFFFFFFF2F
:2031C000FFFFFFFFFFFFFFFFFFFFFFFFFFFFFFFFFFFFFFFFFFFFFFFFFFFFFFFFFFFFFFFF0F
:2031E000FFFFFFFFFFFFFFFFFFFFFFFFFFFFFFFFFFFFFFFFFFFFFFFFFFFFFFFFFFFFFFFFEF
:20320000FFFFFFFFFFFFFFFFFFFFFFFFFFFFFFFFFFFFFFFFFFFFFFFFFFFFFFFFFFFFFFFFCE
:20322000FFFFFFFFFFFFFFFFFFFFFFFFFFFFFFFFFFFFFFFFFFFFFFFFFFFFFFFFFFFFFFFFAE
:20324000FFFFFFFFFFFFFFFFFFFFFFFFFFFFFFFFFFFFFFFFFFFFFFFFFFFFFFFFFFFFFFFF8E
:20326000FFFFFFFFFFFFFFFFFFFFFFFFFFFFFFFFFFFFFFFFFFFFFFFFFFFFFFFFFFFFFFFF6E
:20328000FFFFFFFFFFFFFFFFFFFFFFFFFFFFFFFFFFFFFFFFFFFFFFFFFFFFFFFFFFFFFFFF4E
:2032A000FFFFFFFFFFFFFFFFFFFFFFFFFFFFFFFFFFFFFFFFFFFFFFFFFFFFFFFFFFFFFFFF2E
:2032C000FFFFFFFFFFFFFFFFFFFFFFFFFFFFFFFFFFFFFFFFFFFFFFFFFFFFFFFFFFFFFFFF0E
:2032E000FFFFFFFFFFFFFFFFFFFFFFFFFFFFFFFFFFFFFFFFFFFFFFFFFFFFFFFFFFFFFFFFEE
:20330000FFFFFFFFFFFFFFFFFFFFFFFFFFFFFFFFFFFFFFFFFFFFFFFFFFFFFFFFFFFFFFFFCD
:20332000FFFFFFFFFFFFFFFFFFFFFFFFFFFFFFFFFFFFFFFFFFFFFFFFFFFFFFFFFFFFFFFFAD
:20334000FFFFFFFFFFFFFFFFFFFFFFFFFFFFFFFFFFFFFFFFFFFFFFFFFFFFFFFFFFFFFFFF8D
:20336000FFFFFFFFFFFFFFFFFFFFFFFFFFFFFFFFFFFFFFFFFFFFFFFFFFFFFFFFFFFFFFFF6D
:20338000FFFFFFFFFFFFFFFFFFFFFFFFFFFFFFFFFFFFFFFFFFFFFFFFFFFFFFFFFFFFFFFF4D
:2033A000FFFFFFFFFFFFFFFFFFFFFFFFFFFFFFFFFFFFFFFFFFFFFFFFFFFFFFFFFFFFFFFF2D
:2033C000FFFFFFFFFFFFFFFFFFFFFFFFFFFFFFFFFFFFFFFFFFFFFFFFFFFFFFFFFFFFFFFF0D
:2033E000FFFFFFFFFFFFFFFFFFFFFFFFFFFFFFFFFFFFFFFFFFFFFFFFFFFFFFFFFFFFFFFFED
:20340000FFFFFFFFFFFFFFFFFFFFFFFFFFFFFFFFFFFFFFFFFFFFFFFFFFFFFFFFFFFFFFFFCC
:20342000FFFFFFFFFFFFFFFFFFFFFFFFFFFFFFFFFFFFFFFFFFFFFFFFFFFFFFFFFFFFFFFFAC
:20344000FFFFFFFFFFFFFFFFFFFFFFFFFFFFFFFFFFFFFFFFFFFFFFFFFFFFFFFFFFFFFFFF8C
:20346000FFFFFFFFFFFFFFFFFFFFFFFFFFFFFFFFFFFFFFFFFFFFFFFFFFFFFFFFFFFFFFFF6C
:20348000FFFFFFFFFFFFFFFFFFFFFFFFFFFFFFFFFFFFFFFFFFFFFFFFFFFFFFFFFFFFFFFF4C
:2034A000FFFFFFFFFFFFFFFFFFFFFFFFFFFFFFFFFFFFFFFFFFFFFFFFFFFFFFFFFFFFFFFF2C
:2034C000FFFFFFFFFFFFFFFFFFFFFFFFFFFFFFFFFFFFFFFFFFFFFFFFFFFFFFFFFFFFFFFF0C
:2034E000FFFFFFFFFFFFFFFFFFFFFFFFFFFFFFFFFFFFFFFFFFFFFFFFFFFFFFFFFFFFFFFFEC
:20350000FFFFFFFFFFFFFFFFFFFFFFFFFFFFFFFFFFFFFFFFFFFFFFFFFFFFFFFFFFFFFFFFCB
:20352000FFFFFFFFFFFFFFFFFFFFFFFFFFFFFFFFFFFFFFFFFFFFFFFFFFFFFFFFFFFFFFFFAB
:20354000FFFFFFFFFFFFFFFFFFFFFFFFFFFFFFFFFFFFFFFFFFFFFFFFFFFFFFFFFFFFFFFF8B
:20356000FFFFFFFFFFFFFFFFFFFFFFFFFFFFFFFFFFFFFFFFFFFFFFFFFFFFFFFFFFFFFFFF6B
:20358000FFFFFFFFFFFFFFFFFFFFFFFFFFFFFFFFFFFFFFFFFFFFFFFFFFFFFFFFFFFFFFFF4B
:2035A000FFFFFFFFFFFFFFFFFFFFFFFFFFFFFFFFFFFFFFFFFFFFFFFFFFFFFFFFFFFFFFFF2B
:2035C000FFFFFFFFFFFFFFFFFFFFFFFFFFFFFFFFFFFFFFFFFFFFFFFFFFFFFFFFFFFFFFFF0B
:2035E000FFFFFFFFFFFFFFFFFFFFFFFFFFFFFFFFFFFFFFFFFFFFFFFFFFFFFFFFFFFFFFFFEB
:20360000FFFFFFFFFFFFFFFFFFFFFFFFFFFFFFFFFFFFFFFFFFFFFFFFFFFFFFFFFFFFFFFFCA
:20362000FFFFFFFFFFFFFFFFFFFFFFFFFFFFFFFFFFFFFFFFFFFFFFFFFFFFFFFFFFFFFFFFAA
:20364000FFFFFFFFFFFFFFFFFFFFFFFFFFFFFFFFFFFFFFFFFFFFFFFFFFFFFFFFFFFFFFFF8A
:20366000FFFFFFFFFFFFFFFFFFFFFFFFFFFFFFFFFFFFFFFFFFFFFFFFFFFFFFFFFFFFFFFF6A
:20368000FFFFFFFFFFFFFFFFFFFFFFFFFFFFFFFFFFFFFFFFFFFFFFFFFFFFFFFFFFFFFFFF4A
:2036A000FFFFFFFFFFFFFFFFFFFFFFFFFFFFFFFFFFFFFFFFFFFFFFFFFFFFFFFFFFFFFFFF2A
:2036C000FFFFFFFFFFFFFFFFFFFFFFFFFFFFFFFFFFFFFFFFFFFFFFFFFFFFFFFFFFFFFFFF0A
:2036E000FFFFFFFFFFFFFFFFFFFFFFFFFFFFFFFFFFFFFFFFFFFFFFFFFFFFFFFFFFFFFFFFEA
:20370000FFFFFFFFFFFFFFFFFFFFFFFFFFFFFFFFFFFFFFFFFFFFFFFFFFFFFFFFFFFFFFFFC9
:20372000FFFFFFFFFFFFFFFFFFFFFFFFFFFFFFFFFFFFFFFFFFFFFFFFFFFFFFFFFFFFFFFFA9
:20374000FFFFFFFFFFFFFFFFFFFFFFFFFFFFFFFFFFFFFFFFFFFFFFFFFFFFFFFFFFFFFFFF89
:20376000FFFFFFFFFFFFFFFFFFFFFFFFFFFFFFFFFFFFFFFFFFFFFFFFFFFFFFFFFFFFFFFF69
:20378000FFFFFFFFFFFFFFFFFFFFFFFFFFFFFFFFFFFFFFFFFFFFFFFFFFFFFFFFFFFFFFFF49
:2037A000FFFFFFFFFFFFFFFFFFFFFFFFFFFFFFFFFFFFFFFFFFFFFFFFFFFFFFFFFFFFFFFF29
:2037C000FFFFFFFFFFFFFFFFFFFFFFFFFFFFFFFFFFFFFFFFFFFFFFFFFFFFFFFFFFFFFFFF09
:2037E000FFFFFFFFFFFFFFFFFFFFFFFFFFFFFFFFFFFFFFFFFFFFFFFFFFFFFFFFFFFFFFFFE9
:20380000FFFFFFFFFFFFFFFFFFFFFFFFFFFFFFFFFFFFFFFFFFFFFFFFFFFFFFFFFFFFFFFFC8
:20382000FFFFFFFFFFFFFFFFFFFFFFFFFFFFFFFFFFFFFFFFFFFFFFFFFFFFFFFFFFFFFFFFA8
:20384000FFFFFFFFFFFFFFFFFFFFFFFFFFFFFFFFFFFFFFFFFFFFFFFFFFFFFFFFFFFFFFFF88
:20386000FFFFFFFFFFFFFFFFFFFFFFFFFFFFFFFFFFFFFFFFFFFFFFFFFFFFFFFFFFFFFFFF68
:20388000FFFFFFFFFFFFFFFFFFFFFFFFFFFFFFFFFFFFFFFFFFFFFFFFFFFFFFFFFFFFFFFF48
:2038A000FFFFFFFFFFFFFFFFFFFFFFFFFFFFFFFFFFFFFFFFFFFFFFFFFFFFFFFFFFFFFFFF28
:2038C000FFFFFFFFFFFFFFFFFFFFFFFFFFFFFFFFFFFFFFFFFFFFFFFFFFFFFFFFFFFFFFFF08
:2038E000FFFFFFFFFFFFFFFFFFFFFFFFFFFFFFFFFFFFFFFFFFFFFFFFFFFFFFFFFFFFFFFFE8
:20390000FFFFFFFFFFFFFFFFFFFFFFFFFFFFFFFFFFFFFFFFFFFFFFFFFFFFFFFFFFFFFFFFC7
:20392000FFFFFFFFFFFFFFFFFFFFFFFFFFFFFFFFFFFFFFFFFFFFFFFFFFFFFFFFFFFFFFFFA7
:20394000FFFFFFFFFFFFFFFFFFFFFFFFFFFFFFFFFFFFFFFFFFFFFFFFFFFFFFFFFFFFFFFF87
:20396000FFFFFFFFFFFFFFFFFFFFFFFFFFFFFFFFFFFFFFFFFFFFFFFFFFFFFFFFFFFFFFFF67
:20398000FFFFFFFFFFFFFFFFFFFFFFFFFFFFFFFFFFFFFFFFFFFFFFFFFFFFFFFFFFFFFFFF47
:2039A000FFFFFFFFFFFFFFFFFFFFFFFFFFFFFFFFFFFFFFFFFFFFFFFFFFFFFFFFFFFFFFFF27
:2039C000FFFFFFFFFFFFFFFFFFFFFFFFFFFFFFFFFFFFFFFFFFFFFFFFFFFFFFFFFFFFFFFF07
:2039E000FFFFFFFFFFFFFFFFFFFFFFFFFFFFFFFFFFFFFFFFFFFFFFFFFFFFFFFFFFFFFFFFE7
:203A0000FFFFFFFFFFFFFFFFFFFFFFFFFFFFFFFFFFFFFFFFFFFFFFFFFFFFFFFFFFFFFFFFC6
:203A2000FFFFFFFFFFFFFFFFFFFFFFFFFFFFFFFFFFFFFFFFFFFFFFFFFFFFFFFFFFFFFFFFA6
:203A4000FFFFFFFFFFFFFFFFFFFFFFFFFFFFFFFFFFFFFFFFFFFFFFFFFFFFFFFFFFFFFFFF86
:203A6000FFFFFFFFFFFFFFFFFFFFFFFFFFFFFFFFFFFFFFFFFFFFFFFFFFFFFFFFFFFFFFFF66
:203A8000FFFFFFFFFFFFFFFFFFFFFFFFFFFFFFFFFFFFFFFFFFFFFFFFFFFFFFFFFFFFFFFF46
:203AA000FFFFFFFFFFFFFFFFFFFFFFFFFFFFFFFFFFFFFFFFFFFFFFFFFFFFFFFFFFFFFFFF26
:203AC000FFFFFFFFFFFFFFFFFFFFFFFFFFFFFFFFFFFFFFFFFFFFFFFFFFFFFFFFFFFFFFFF06
:203AE000FFFFFFFFFFFFFFFFFFFFFFFFFFFFFFFFFFFFFFFFFFFFFFFFFFFFFFFFFFFFFFFFE6
:203B0000FFFFFFFFFFFFFFFFFFFFFFFFFFFFFFFFFFFFFFFFFFFFFFFFFFFFFFFFFFFFFFFFC5
:203B2000FFFFFFFFFFFFFFFFFFFFFFFFFFFFFFFFFFFFFFFFFFFFFFFFFFFFFFFFFFFFFFFFA5
:203B4000FFFFFFFFFFFFFFFFFFFFFFFFFFFFFFFFFFFFFFFFFFFFFFFFFFFFFFFFFFFFFFFF85
:203B6000FFFFFFFFFFFFFFFFFFFFFFFFFFFFFFFFFFFFFFFFFFFFFFFFFFFFFFFFFFFFFFFF65
:203B8000FFFFFFFFFFFFFFFFFFFFFFFFFFFFFFFFFFFFFFFFFFFFFFFFFFFFFFFFFFFFFFFF45
:203BA000FFFFFFFFFFFFFFFFFFFFFFFFFFFFFFFFFFFFFFFFFFFFFFFFFFFFFFFFFFFFFFFF25
:203BC000FFFFFFFFFFFFFFFFFFFFFFFFFFFFFFFFFFFFFFFFFFFFFFFFFFFFFFFFFFFFFFFF05
:203BE000FFFFFFFFFFFFFFFFFFFFFFFFFFFFFFFFFFFFFFFFFFFFFFFFFFFFFFFFFFFFFFFFE5
:203C0000FFFFFFFFFFFFFFFFFFFFFFFFFFFFFFFFFFFFFFFFFFFFFFFFFFFFFFFFFFFFFFFFC4
:203C2000FFFFFFFFFFFFFFFFFFFFFFFFFFFFFFFFFFFFFFFFFFFFFFFFFFFFFFFFFFFFFFFFA4
:203C4000FFFFFFFFFFFFFFFFFFFFFFFFFFFFFFFFFFFFFFFFFFFFFFFFFFFFFFFFFFFFFFFF84
:203C6000FFFFFFFFFFFFFFFFFFFFFFFFFFFFFFFFFFFFFFFFFFFFFFFFFFFFFFFFFFFFFFFF64
:203C8000FFFFFFFFFFFFFFFFFFFFFFFFFFFFFFFFFFFFFFFFFFFFFFFFFFFFFFFFFFFFFFFF44
:203CA000FFFFFFFFFFFFFFFFFFFFFFFFFFFFFFFFFFFFFFFFFFFFFFFFFFFFFFFFFFFFFFFF24
:203CC000FFFFFFFFFFFFFFFFFFFFFFFFFFFFFFFFFFFFFFFFFFFFFFFFFFFFFFFFFFFFFFFF04
:203CE000FFFFFFFFFFFFFFFFFFFFFFFFFFFFFFFFFFFFFFFFFFFFFFFFFFFFFFFFFFFFFFFFE4
:203D0000FFFFFFFFFFFFFFFFFFFFFFFFFFFFFFFFFFFFFFFFFFFFFFFFFFFFFFFFFFFFFFFFC3
:203D2000FFFFFFFFFFFFFFFFFFFFFFFFFFFFFFFFFFFFFFFFFFFFFFFFFFFFFFFFFFFFFFFFA3
:203D4000FFFFFFFFFFFFFFFFFFFFFFFFFFFFFFFFFFFFFFFFFFFFFFFFFFFFFFFFFFFFFFFF83
:203D6000FFFFFFFFFFFFFFFFFFFFFFFFFFFFFFFFFFFFFFFFFFFFFFFFFFFFFFFFFFFFFFFF63
:203D8000FFFFFFFFFFFFFFFFFFFFFFFFFFFFFFFFFFFFFFFFFFFFFFFFFFFFFFFFFFFFFFFF43
:203DA000FFFFFFFFFFFFFFFFFFFFFFFFFFFFFFFFFFFFFFFFFFFFFFFFFFFFFFFFFFFFFFFF23
:203DC000FFFFFFFFFFFFFFFFFFFFFFFFFFFFFFFFFFFFFFFFFFFFFFFFFFFFFFFFFFFFFFFF03
:203DE000FFFFFFFFFFFFFFFFFFFFFFFFFFFFFFFFFFFFFFFFFFFFFFFFFFFFFFFFFFFFFFFFE3
:203E0000FFFFFFFFFFFFFFFFFFFFFFFFFFFFFFFFFFFFFFFFFFFFFFFFFFFFFFFFFFFFFFFFC2
:203E2000FFFFFFFFFFFFFFFFFFFFFFFFFFFFFFFFFFFFFFFFFFFFFFFFFFFFFFFFFFFFFFFFA2
:203E4000FFFFFFFFFFFFFFFFFFFFFFFFFFFFFFFFFFFFFFFFFFFFFFFFFFFFFFFFFFFFFFFF82
:203E6000FFFFFFFFFFFFFFFFFFFFFFFFFFFFFFFFFFFFFFFFFFFFFFFFFFFFFFFFFFFFFFFF62
:203E8000FFFFFFFFFFFFFFFFFFFFFFFFFFFFFFFFFFFFFFFFFFFFFFFFFFFFFFFFFFFFFFFF42
:203EA000FFFFFFFFFFFFFFFFFFFFFFFFFFFFFFFFFFFFFFFFFFFFFFFFFFFFFFFFFFFFFFFF22
:203EC000FFFFFFFFFFFFFFFFFFFFFFFFFFFFFFFFFFFFFFFFFFFFFFFFFFFFFFFFFFFFFFFF02
:203EE000FFFFFFFFFFFFFFFFFFFFFFFFFFFFFFFFFFFFFFFFFFFFFFFFFFFFFFFFFFFFFFFFE2
:203F0000FFFFFFFFFFFFFFFFFFFFFFFFFFFFFFFFFFFFFFFFFFFFFFFFFFFFFFFFFFFFFFFFC1
:203F2000FFFFFFFFFFFFFFFFFFFFFFFFFFFFFFFFFFFFFFFFFFFFFFFFFFFFFFFFFFFFFFFFA1
:203F4000FFFFFFFFFFFFFFFFFFFFFFFFFFFFFFFFFFFFFFFFFFFFFFFFFFFFFFFFFFFFFFFF81
:203F6000FFFFFFFFFFFFFFFFFFFFFFFFFFFFFFFFFFFFFFFFFFFFFFFFFFFFFFFFFFFFFFFF61
:203F8000FFFFFFFFFFFFFFFFFFFFFFFFFFFFFFFFFFFFFFFFFFFFFFFFFFFFFFFFFFFFFFFF41
:203FA000FFFFFFFFFFFFFFFFFFFFFFFFFFFFFFFFFFFFFFFFFFFFFFFFFFFFFFFFFFFFFFFF21
:203FC000FFFFFFFFFFFFFFFFFFFFFFFFFFFFFFFFFFFFFFFFFFFFFFFFFFFFFFFFFFFFFFFF01
:203FE000FFFFFFFFFFFFFFFFFFFFFFFFFFFFFFFFFFFFFFFFFFFFFFFFFFFFFFFFFFFFFFFFE1
:20400000FFFFFFFFFFFFFFFFFFFFFFFFFFFFFFFFFFFFFFFFFFFFFFFFFFFFFFFFFFFFFFFFC0
:20402000FFFFFFFFFFFFFFFFFFFFFFFFFFFFFFFFFFFFFFFFFFFFFFFFFFFFFFFFFFFFFFFFA0
:20404000FFFFFFFFFFFFFFFFFFFFFFFFFFFFFFFFFFFFFFFFFFFFFFFFFFFFFFFFFFFFFFFF80
:20406000FFFFFFFFFFFFFFFFFFFFFFFFFFFFFFFFFFFFFFFFFFFFFFFFFFFFFFFFFFFFFFFF60
:20408000FFFFFFFFFFFFFFFFFFFFFFFFFFFFFFFFFFFFFFFFFFFFFFFFFFFFFFFFFFFFFFFF40
:2040A000FFFFFFFFFFFFFFFFFFFFFFFFFFFFFFFFFFFFFFFFFFFFFFFFFFFFFFFFFFFFFFFF20
:2040C000FFFFFFFFFFFFFFFFFFFFFFFFFFFFFFFFFFFFFFFFFFFFFFFFFFFFFFFFFFFFFFFF00
:2040E000FFFFFFFFFFFFFFFFFFFFFFFFFFFFFFFFFFFFFFFFFFFFFFFFFFFFFFFFFFFFFFFFE0
:20410000FFFFFFFFFFFFFFFFFFFFFFFFFFFFFFFFFFFFFFFFFFFFFFFFFFFFFFFFFFFFFFFFBF
:20412000FFFFFFFFFFFFFFFFFFFFFFFFFFFFFFFFFFFFFFFFFFFFFFFFFFFFFFFFFFFFFFFF9F
:20414000FFFFFFFFFFFFFFFFFFFFFFFFFFFFFFFFFFFFFFFFFFFFFFFFFFFFFFFFFFFFFFFF7F
:20416000FFFFFFFFFFFFFFFFFFFFFFFFFFFFFFFFFFFFFFFFFFFFFFFFFFFFFFFFFFFFFFFF5F
:20418000FFFFFFFFFFFFFFFFFFFFFFFFFFFFFFFFFFFFFFFFFFFFFFFFFFFFFFFFFFFFFFFF3F
:2041A000FFFFFFFFFFFFFFFFFFFFFFFFFFFFFFFFFFFFFFFFFFFFFFFFFFFFFFFFFFFFFFFF1F
:2041C000FFFFFFFFFFFFFFFFFFFFFFFFFFFFFFFFFFFFFFFFFFFFFFFFFFFFFFFFFFFFFFFFFF
:2041E000FFFFFFFFFFFFFFFFFFFFFFFFFFFFFFFFFFFFFFFFFFFFFFFFFFFFFFFFFFFFFFFFDF
:20420000FFFFFFFFFFFFFFFFFFFFFFFFFFFFFFFFFFFFFFFFFFFFFFFFFFFFFFFFFFFFFFFFBE
:20422000FFFFFFFFFFFFFFFFFFFFFFFFFFFFFFFFFFFFFFFFFFFFFFFFFFFFFFFFFFFFFFFF9E
:20424000FFFFFFFFFFFFFFFFFFFFFFFFFFFFFFFFFFFFFFFFFFFFFFFFFFFFFFFFFFFFFFFF7E
:20426000FFFFFFFFFFFFFFFFFFFFFFFFFFFFFFFFFFFFFFFFFFFFFFFFFFFFFFFFFFFFFFFF5E
:20428000FFFFFFFFFFFFFFFFFFFFFFFFFFFFFFFFFFFFFFFFFFFFFFFFFFFFFFFFFFFFFFFF3E
:2042A000FFFFFFFFFFFFFFFFFFFFFFFFFFFFFFFFFFFFFFFFFFFFFFFFFFFFFFFFFFFFFFFF1E
:2042C000FFFFFFFFFFFFFFFFFFFFFFFFFFFFFFFFFFFFFFFFFFFFFFFFFFFFFFFFFFFFFFFFFE
:2042E000FFFFFFFFFFFFFFFFFFFFFFFFFFFFFFFFFFFFFFFFFFFFFFFFFFFFFFFFFFFFFFFFDE
:20430000FFFFFFFFFFFFFFFFFFFFFFFFFFFFFFFFFFFFFFFFFFFFFFFFFFFFFFFFFFFFFFFFBD
:20432000FFFFFFFFFFFFFFFFFFFFFFFFFFFFFFFFFFFFFFFFFFFFFFFFFFFFFFFFFFFFFFFF9D
:20434000FFFFFFFFFFFFFFFFFFFFFFFFFFFFFFFFFFFFFFFFFFFFFFFFFFFFFFFFFFFFFFFF7D
:20436000FFFFFFFFFFFFFFFFFFFFFFFFFFFFFFFFFFFFFFFFFFFFFFFFFFFFFFFFFFFFFFFF5D
:20438000FFFFFFFFFFFFFFFFFFFFFFFFFFFFFFFFFFFFFFFFFFFFFFFFFFFFFFFFFFFFFFFF3D
:2043A000FFFFFFFFFFFFFFFFFFFFFFFFFFFFFFFFFFFFFFFFFFFFFFFFFFFFFFFFFFFFFFFF1D
:2043C000FFFFFFFFFFFFFFFFFFFFFFFFFFFFFFFFFFFFFFFFFFFFFFFFFFFFFFFFFFFFFFFFFD
:2043E000FFFFFFFFFFFFFFFFFFFFFFFFFFFFFFFFFFFFFFFFFFFFFFFFFFFFFFFFFFFFFFFFDD
:20440000FFFFFFFFFFFFFFFFFFFFFFFFFFFFFFFFFFFFFFFFFFFFFFFFFFFFFFFFFFFFFFFFBC
:20442000FFFFFFFFFFFFFFFFFFFFFFFFFFFFFFFFFFFFFFFFFFFFFFFFFFFFFFFFFFFFFFFF9C
:20444000FFFFFFFFFFFFFFFFFFFFFFFFFFFFFFFFFFFFFFFFFFFFFFFFFFFFFFFFFFFFFFFF7C
:20446000FFFFFFFFFFFFFFFFFFFFFFFFFFFFFFFFFFFFFFFFFFFFFFFFFFFFFFFFFFFFFFFF5C
:20448000FFFFFFFFFFFFFFFFFFFFFFFFFFFFFFFFFFFFFFFFFFFFFFFFFFFFFFFFFFFFFFFF3C
:2044A000FFFFFFFFFFFFFFFFFFFFFFFFFFFFFFFFFFFFFFFFFFFFFFFFFFFFFFFFFFFFFFFF1C
:2044C000FFFFFFFFFFFFFFFFFFFFFFFFFFFFFFFFFFFFFFFFFFFFFFFFFFFFFFFFFFFFFFFFFC
:2044E000FFFFFFFFFFFFFFFFFFFFFFFFFFFFFFFFFFFFFFFFFFFFFFFFFFFFFFFFFFFFFFFFDC
:20450000FFFFFFFFFFFFFFFFFFFFFFFFFFFFFFFFFFFFFFFFFFFFFFFFFFFFFFFFFFFFFFFFBB
:20452000FFFFFFFFFFFFFFFFFFFFFFFFFFFFFFFFFFFFFFFFFFFFFFFFFFFFFFFFFFFFFFFF9B
:20454000FFFFFFFFFFFFFFFFFFFFFFFFFFFFFFFFFFFFFFFFFFFFFFFFFFFFFFFFFFFFFFFF7B
:20456000FFFFFFFFFFFFFFFFFFFFFFFFFFFFFFFFFFFFFFFFFFFFFFFFFFFFFFFFFFFFFFFF5B
:20458000FFFFFFFFFFFFFFFFFFFFFFFFFFFFFFFFFFFFFFFFFFFFFFFFFFFFFFFFFFFFFFFF3B
:2045A000FFFFFFFFFFFFFFFFFFFFFFFFFFFFFFFFFFFFFFFFFFFFFFFFFFFFFFFFFFFFFFFF1B
:2045C000FFFFFFFFFFFFFFFFFFFFFFFFFFFFFFFFFFFFFFFFFFFFFFFFFFFFFFFFFFFFFFFFFB
:2045E000FFFFFFFFFFFFFFFFFFFFFFFFFFFFFFFFFFFFFFFFFFFFFFFFFFFFFFFFFFFFFFFFDB
:20460000FFFFFFFFFFFFFFFFFFFFFFFFFFFFFFFFFFFFFFFFFFFFFFFFFFFFFFFFFFFFFFFFBA
:20462000FFFFFFFFFFFFFFFFFFFFFFFFFFFFFFFFFFFFFFFFFFFFFFFFFFFFFFFFFFFFFFFF9A
:20464000FFFFFFFFFFFFFFFFFFFFFFFFFFFFFFFFFFFFFFFFFFFFFFFFFFFFFFFFFFFFFFFF7A
:20466000FFFFFFFFFFFFFFFFFFFFFFFFFFFFFFFFFFFFFFFFFFFFFFFFFFFFFFFFFFFFFFFF5A
:20468000FFFFFFFFFFFFFFFFFFFFFFFFFFFFFFFFFFFFFFFFFFFFFFFFFFFFFFFFFFFFFFFF3A
:2046A000FFFFFFFFFFFFFFFFFFFFFFFFFFFFFFFFFFFFFFFFFFFFFFFFFFFFFFFFFFFFFFFF1A
:2046C000FFFFFFFFFFFFFFFFFFFFFFFFFFFFFFFFFFFFFFFFFFFFFFFFFFFFFFFFFFFFFFFFFA
:2046E000FFFFFFFFFFFFFFFFFFFFFFFFFFFFFFFFFFFFFFFFFFFFFFFFFFFFFFFFFFFFFFFFDA
:20470000FFFFFFFFFFFFFFFFFFFFFFFFFFFFFFFFFFFFFFFFFFFFFFFFFFFFFFFFFFFFFFFFB9
:20472000FFFFFFFFFFFFFFFFFFFFFFFFFFFFFFFFFFFFFFFFFFFFFFFFFFFFFFFFFFFFFFFF99
:20474000FFFFFFFFFFFFFFFFFFFFFFFFFFFFFFFFFFFFFFFFFFFFFFFFFFFFFFFFFFFFFFFF79
:20476000FFFFFFFFFFFFFFFFFFFFFFFFFFFFFFFFFFFFFFFFFFFFFFFFFFFFFFFFFFFFFFFF59
:20478000FFFFFFFFFFFFFFFFFFFFFFFFFFFFFFFFFFFFFFFFFFFFFFFFFFFFFFFFFFFFFFFF39
:2047A000FFFFFFFFFFFFFFFFFFFFFFFFFFFFFFFFFFFFFFFFFFFFFFFFFFFFFFFFFFFFFFFF19
:2047C000FFFFFFFFFFFFFFFFFFFFFFFFFFFFFFFFFFFFFFFFFFFFFFFFFFFFFFFFFFFFFFFFF9
:2047E000FFFFFFFFFFFFFFFFFFFFFFFFFFFFFFFFFFFFFFFFFFFFFFFFFFFFFFFFFFFFFFFFD9
:20480000FFFFFFFFFFFFFFFFFFFFFFFFFFFFFFFFFFFFFFFFFFFFFFFFFFFFFFFFFFFFFFFFB8
:20482000FFFFFFFFFFFFFFFFFFFFFFFFFFFFFFFFFFFFFFFFFFFFFFFFFFFFFFFFFFFFFFFF98
:20484000FFFFFFFFFFFFFFFFFFFFFFFFFFFFFFFFFFFFFFFFFFFFFFFFFFFFFFFFFFFFFFFF78
:20486000FFFFFFFFFFFFFFFFFFFFFFFFFFFFFFFFFFFFFFFFFFFFFFFFFFFFFFFFFFFFFFFF58
:20488000FFFFFFFFFFFFFFFFFFFFFFFFFFFFFFFFFFFFFFFFFFFFFFFFFFFFFFFFFFFFFFFF38
:2048A000FFFFFFFFFFFFFFFFFFFFFFFFFFFFFFFFFFFFFFFFFFFFFFFFFFFFFFFFFFFFFFFF18
:2048C000FFFFFFFFFFFFFFFFFFFFFFFFFFFFFFFFFFFFFFFFFFFFFFFFFFFFFFFFFFFFFFFFF8
:2048E000FFFFFFFFFFFFFFFFFFFFFFFFFFFFFFFFFFFFFFFFFFFFFFFFFFFFFFFFFFFFFFFFD8
:20490000FFFFFFFFFFFFFFFFFFFFFFFFFFFFFFFFFFFFFFFFFFFFFFFFFFFFFFFFFFFFFFFFB7
:20492000FFFFFFFFFFFFFFFFFFFFFFFFFFFFFFFFFFFFFFFFFFFFFFFFFFFFFFFFFFFFFFFF97
:20494000FFFFFFFFFFFFFFFFFFFFFFFFFFFFFFFFFFFFFFFFFFFFFFFFFFFFFFFFFFFFFFFF77
:20496000FFFFFFFFFFFFFFFFFFFFFFFFFFFFFFFFFFFFFFFFFFFFFFFFFFFFFFFFFFFFFFFF57
:20498000FFFFFFFFFFFFFFFFFFFFFFFFFFFFFFFFFFFFFFFFFFFFFFFFFFFFFFFFFFFFFFFF37
:2049A000FFFFFFFFFFFFFFFFFFFFFFFFFFFFFFFFFFFFFFFFFFFFFFFFFFFFFFFFFFFFFFFF17
:2049C000FFFFFFFFFFFFFFFFFFFFFFFFFFFFFFFFFFFFFFFFFFFFFFFFFFFFFFFFFFFFFFFFF7
:2049E000FFFFFFFFFFFFFFFFFFFFFFFFFFFFFFFFFFFFFFFFFFFFFFFFFFFFFFFFFFFFFFFFD7
:204A0000FFFFFFFFFFFFFFFFFFFFFFFFFFFFFFFFFFFFFFFFFFFFFFFFFFFFFFFFFFFFFFFFB6
:204A2000FFFFFFFFFFFFFFFFFFFFFFFFFFFFFFFFFFFFFFFFFFFFFFFFFFFFFFFFFFFFFFFF96
:204A4000FFFFFFFFFFFFFFFFFFFFFFFFFFFFFFFFFFFFFFFFFFFFFFFFFFFFFFFFFFFFFFFF76
:204A6000FFFFFFFFFFFFFFFFFFFFFFFFFFFFFFFFFFFFFFFFFFFFFFFFFFFFFFFFFFFFFFFF56
:204A8000FFFFFFFFFFFFFFFFFFFFFFFFFFFFFFFFFFFFFFFFFFFFFFFFFFFFFFFFFFFFFFFF36
:204AA000FFFFFFFFFFFFFFFFFFFFFFFFFFFFFFFFFFFFFFFFFFFFFFFFFFFFFFFFFFFFFFFF16
:204AC000FFFFFFFFFFFFFFFFFFFFFFFFFFFFFFFFFFFFFFFFFFFFFFFFFFFFFFFFFFFFFFFFF6
:204AE000FFFFFFFFFFFFFFFFFFFFFFFFFFFFFFFFFFFFFFFFFFFFFFFFFFFFFFFFFFFFFFFFD6
:204B0000FFFFFFFFFFFFFFFFFFFFFFFFFFFFFFFFFFFFFFFFFFFFFFFFFFFFFFFFFFFFFFFFB5
:204B2000FFFFFFFFFFFFFFFFFFFFFFFFFFFFFFFFFFFFFFFFFFFFFFFFFFFFFFFFFFFFFFFF95
:204B4000FFFFFFFFFFFFFFFFFFFFFFFFFFFFFFFFFFFFFFFFFFFFFFFFFFFFFFFFFFFFFFFF75
:204B6000FFFFFFFFFFFFFFFFFFFFFFFFFFFFFFFFFFFFFFFFFFFFFFFFFFFFFFFFFFFFFFFF55
:204B8000FFFFFFFFFFFFFFFFFFFFFFFFFFFFFFFFFFFFFFFFFFFFFFFFFFFFFFFFFFFFFFFF35
:204BA000FFFFFFFFFFFFFFFFFFFFFFFFFFFFFFFFFFFFFFFFFFFFFFFFFFFFFFFFFFFFFFFF15
:204BC000FFFFFFFFFFFFFFFFFFFFFFFFFFFFFFFFFFFFFFFFFFFFFFFFFFFFFFFFFFFFFFFFF5
:204BE000FFFFFFFFFFFFFFFFFFFFFFFFFFFFFFFFFFFFFFFFFFFFFFFFFFFFFFFFFFFFFFFFD5
:204C0000FFFFFFFFFFFFFFFFFFFFFFFFFFFFFFFFFFFFFFFFFFFFFFFFFFFFFFFFFFFFFFFFB4
:204C2000FFFFFFFFFFFFFFFFFFFFFFFFFFFFFFFFFFFFFFFFFFFFFFFFFFFFFFFFFFFFFFFF94
:204C4000FFFFFFFFFFFFFFFFFFFFFFFFFFFFFFFFFFFFFFFFFFFFFFFFFFFFFFFFFFFFFFFF74
:204C6000FFFFFFFFFFFFFFFFFFFFFFFFFFFFFFFFFFFFFFFFFFFFFFFFFFFFFFFFFFFFFFFF54
:204C8000FFFFFFFFFFFFFFFFFFFFFFFFFFFFFFFFFFFFFFFFFFFFFFFFFFFFFFFFFFFFFFFF34
:204CA000FFFFFFFFFFFFFFFFFFFFFFFFFFFFFFFFFFFFFFFFFFFFFFFFFFFFFFFFFFFFFFFF14
:204CC000FFFFFFFFFFFFFFFFFFFFFFFFFFFFFFFFFFFFFFFFFFFFFFFFFFFFFFFFFFFFFFFFF4
:204CE000FFFFFFFFFFFFFFFFFFFFFFFFFFFFFFFFFFFFFFFFFFFFFFFFFFFFFFFFFFFFFFFFD4
:204D0000FFFFFFFFFFFFFFFFFFFFFFFFFFFFFFFFFFFFFFFFFFFFFFFFFFFFFFFFFFFFFFFFB3
:204D2000FFFFFFFFFFFFFFFFFFFFFFFFFFFFFFFFFFFFFFFFFFFFFFFFFFFFFFFFFFFFFFFF93
:204D4000FFFFFFFFFFFFFFFFFFFFFFFFFFFFFFFFFFFFFFFFFFFFFFFFFFFFFFFFFFFFFFFF73
:204D6000FFFFFFFFFFFFFFFFFFFFFFFFFFFFFFFFFFFFFFFFFFFFFFFFFFFFFFFFFFFFFFFF53
:204D8000FFFFFFFFFFFFFFFFFFFFFFFFFFFFFFFFFFFFFFFFFFFFFFFFFFFFFFFFFFFFFFFF33
:204DA000FFFFFFFFFFFFFFFFFFFFFFFFFFFFFFFFFFFFFFFFFFFFFFFFFFFFFFFFFFFFFFFF13
:204DC000FFFFFFFFFFFFFFFFFFFFFFFFFFFFFFFFFFFFFFFFFFFFFFFFFFFFFFFFFFFFFFFFF3
:204DE000FFFFFFFFFFFFFFFFFFFFFFFFFFFFFFFFFFFFFFFFFFFFFFFFFFFFFFFFFFFFFFFFD3
:204E0000FFFFFFFFFFFFFFFFFFFFFFFFFFFFFFFFFFFFFFFFFFFFFFFFFFFFFFFFFFFFFFFFB2
:204E2000FFFFFFFFFFFFFFFFFFFFFFFFFFFFFFFFFFFFFFFFFFFFFFFFFFFFFFFFFFFFFFFF92
:204E4000FFFFFFFFFFFFFFFFFFFFFFFFFFFFFFFFFFFFFFFFFFFFFFFFFFFFFFFFFFFFFFFF72
:204E6000FFFFFFFFFFFFFFFFFFFFFFFFFFFFFFFFFFFFFFFFFFFFFFFFFFFFFFFFFFFFFFFF52
:204E8000FFFFFFFFFFFFFFFFFFFFFFFFFFFFFFFFFFFFFFFFFFFFFFFFFFFFFFFFFFFFFFFF32
:204EA000FFFFFFFFFFFFFFFFFFFFFFFFFFFFFFFFFFFFFFFFFFFFFFFFFFFFFFFFFFFFFFFF12
:204EC000FFFFFFFFFFFFFFFFFFFFFFFFFFFFFFFFFFFFFFFFFFFFFFFFFFFFFFFFFFFFFFFFF2
:204EE000FFFFFFFFFFFFFFFFFFFFFFFFFFFFFFFFFFFFFFFFFFFFFFFFFFFFFFFFFFFFFFFFD2
:204F0000FFFFFFFFFFFFFFFFFFFFFFFFFFFFFFFFFFFFFFFFFFFFFFFFFFFFFFFFFFFFFFFFB1
:204F2000FFFFFFFFFFFFFFFFFFFFFFFFFFFFFFFFFFFFFFFFFFFFFFFFFFFFFFFFFFFFFFFF91
:204F4000FFFFFFFFFFFFFFFFFFFFFFFFFFFFFFFFFFFFFFFFFFFFFFFFFFFFFFFFFFFFFFFF71
:204F6000FFFFFFFFFFFFFFFFFFFFFFFFFFFFFFFFFFFFFFFFFFFFFFFFFFFFFFFFFFFFFFFF51
:204F8000FFFFFFFFFFFFFFFFFFFFFFFFFFFFFFFFFFFFFFFFFFFFFFFFFFFFFFFFFFFFFFFF31
:204FA000FFFFFFFFFFFFFFFFFFFFFFFFFFFFFFFFFFFFFFFFFFFFFFFFFFFFFFFFFFFFFFFF11
:204FC000FFFFFFFFFFFFFFFFFFFFFFFFFFFFFFFFFFFFFFFFFFFFFFFFFFFFFFFFFFFFFFFFF1
:204FE000FFFFFFFFFFFFFFFFFFFFFFFFFFFFFFFFFFFFFFFFFFFFFFFFFFFFFFFFFFFFFFFFD1
:20500000FFFFFFFFFFFFFFFFFFFFFFFFFFFFFFFFFFFFFFFFFFFFFFFFFFFFFFFFFFFFFFFFB0
:20502000FFFFFFFFFFFFFFFFFFFFFFFFFFFFFFFFFFFFFFFFFFFFFFFFFFFFFFFFFFFFFFFF90
:20504000FFFFFFFFFFFFFFFFFFFFFFFFFFFFFFFFFFFFFFFFFFFFFFFFFFFFFFFFFFFFFFFF70
:20506000FFFFFFFFFFFFFFFFFFFFFFFFFFFFFFFFFFFFFFFFFFFFFFFFFFFFFFFFFFFFFFFF50
:20508000FFFFFFFFFFFFFFFFFFFFFFFFFFFFFFFFFFFFFFFFFFFFFFFFFFFFFFFFFFFFFFFF30
:2050A000FFFFFFFFFFFFFFFFFFFFFFFFFFFFFFFFFFFFFFFFFFFFFFFFFFFFFFFFFFFFFFFF10
:2050C000FFFFFFFFFFFFFFFFFFFFFFFFFFFFFFFFFFFFFFFFFFFFFFFFFFFFFFFFFFFFFFFFF0
:2050E000FFFFFFFFFFFFFFFFFFFFFFFFFFFFFFFFFFFFFFFFFFFFFFFFFFFFFFFFFFFFFFFFD0
:20510000FFFFFFFFFFFFFFFFFFFFFFFFFFFFFFFFFFFFFFFFFFFFFFFFFFFFFFFFFFFFFFFFAF
:20512000FFFFFFFFFFFFFFFFFFFFFFFFFFFFFFFFFFFFFFFFFFFFFFFFFFFFFFFFFFFFFFFF8F
:20514000FFFFFFFFFFFFFFFFFFFFFFFFFFFFFFFFFFFFFFFFFFFFFFFFFFFFFFFFFFFFFFFF6F
:20516000FFFFFFFFFFFFFFFFFFFFFFFFFFFFFFFFFFFFFFFFFFFFFFFFFFFFFFFFFFFFFFFF4F
:20518000FFFFFFFFFFFFFFFFFFFFFFFFFFFFFFFFFFFFFFFFFFFFFFFFFFFFFFFFFFFFFFFF2F
:2051A000FFFFFFFFFFFFFFFFFFFFFFFFFFFFFFFFFFFFFFFFFFFFFFFFFFFFFFFFFFFFFFFF0F
:2051C000FFFFFFFFFFFFFFFFFFFFFFFFFFFFFFFFFFFFFFFFFFFFFFFFFFFFFFFFFFFFFFFFEF
:2051E000FFFFFFFFFFFFFFFFFFFFFFFFFFFFFFFFFFFFFFFFFFFFFFFFFFFFFFFFFFFFFFFFCF
:20520000FFFFFFFFFFFFFFFFFFFFFFFFFFFFFFFFFFFFFFFFFFFFFFFFFFFFFFFFFFFFFFFFAE
:20522000FFFFFFFFFFFFFFFFFFFFFFFFFFFFFFFFFFFFFFFFFFFFFFFFFFFFFFFFFFFFFFFF8E
:20524000FFFFFFFFFFFFFFFFFFFFFFFFFFFFFFFFFFFFFFFFFFFFFFFFFFFFFFFFFFFFFFFF6E
:20526000FFFFFFFFFFFFFFFFFFFFFFFFFFFFFFFFFFFFFFFFFFFFFFFFFFFFFFFFFFFFFFFF4E
:20528000FFFFFFFFFFFFFFFFFFFFFFFFFFFFFFFFFFFFFFFFFFFFFFFFFFFFFFFFFFFFFFFF2E
:2052A000FFFFFFFFFFFFFFFFFFFFFFFFFFFFFFFFFFFFFFFFFFFFFFFFFFFFFFFFFFFFFFFF0E
:2052C000FFFFFFFFFFFFFFFFFFFFFFFFFFFFFFFFFFFFFFFFFFFFFFFFFFFFFFFFFFFFFFFFEE
:2052E000FFFFFFFFFFFFFFFFFFFFFFFFFFFFFFFFFFFFFFFFFFFFFFFFFFFFFFFFFFFFFFFFCE
:20530000FFFFFFFFFFFFFFFFFFFFFFFFFFFFFFFFFFFFFFFFFFFFFFFFFFFFFFFFFFFFFFFFAD
:20532000FFFFFFFFFFFFFFFFFFFFFFFFFFFFFFFFFFFFFFFFFFFFFFFFFFFFFFFFFFFFFFFF8D
:20534000FFFFFFFFFFFFFFFFFFFFFFFFFFFFFFFFFFFFFFFFFFFFFFFFFFFFFFFFFFFFFFFF6D
:20536000FFFFFFFFFFFFFFFFFFFFFFFFFFFFFFFFFFFFFFFFFFFFFFFFFFFFFFFFFFFFFFFF4D
:20538000FFFFFFFFFFFFFFFFFFFFFFFFFFFFFFFFFFFFFFFFFFFFFFFFFFFFFFFFFFFFFFFF2D
:2053A000FFFFFFFFFFFFFFFFFFFFFFFFFFFFFFFFFFFFFFFFFFFFFFFFFFFFFFFFFFFFFFFF0D
:2053C000FFFFFFFFFFFFFFFFFFFFFFFFFFFFFFFFFFFFFFFFFFFFFFFFFFFFFFFFFFFFFFFFED
:2053E000FFFFFFFFFFFFFFFFFFFFFFFFFFFFFFFFFFFFFFFFFFFFFFFFFFFFFFFFFFFFFFFFCD
:20540000FFFFFFFFFFFFFFFFFFFFFFFFFFFFFFFFFFFFFFFFFFFFFFFFFFFFFFFFFFFFFFFFAC
:20542000FFFFFFFFFFFFFFFFFFFFFFFFFFFFFFFFFFFFFFFFFFFFFFFFFFFFFFFFFFFFFFFF8C
:20544000FFFFFFFFFFFFFFFFFFFFFFFFFFFFFFFFFFFFFFFFFFFFFFFFFFFFFFFFFFFFFFFF6C
:20546000FFFFFFFFFFFFFFFFFFFFFFFFFFFFFFFFFFFFFFFFFFFFFFFFFFFFFFFFFFFFFFFF4C
:20548000FFFFFFFFFFFFFFFFFFFFFFFFFFFFFFFFFFFFFFFFFFFFFFFFFFFFFFFFFFFFFFFF2C
:2054A000FFFFFFFFFFFFFFFFFFFFFFFFFFFFFFFFFFFFFFFFFFFFFFFFFFFFFFFFFFFFFFFF0C
:2054C000FFFFFFFFFFFFFFFFFFFFFFFFFFFFFFFFFFFFFFFFFFFFFFFFFFFFFFFFFFFFFFFFEC
:2054E000FFFFFFFFFFFFFFFFFFFFFFFFFFFFFFFFFFFFFFFFFFFFFFFFFFFFFFFFFFFFFFFFCC
:20550000FFFFFFFFFFFFFFFFFFFFFFFFFFFFFFFFFFFFFFFFFFFFFFFFFFFFFFFFFFFFFFFFAB
:20552000FFFFFFFFFFFFFFFFFFFFFFFFFFFFFFFFFFFFFFFFFFFFFFFFFFFFFFFFFFFFFFFF8B
:20554000FFFFFFFFFFFFFFFFFFFFFFFFFFFFFFFFFFFFFFFFFFFFFFFFFFFFFFFFFFFFFFFF6B
:20556000FFFFFFFFFFFFFFFFFFFFFFFFFFFFFFFFFFFFFFFFFFFFFFFFFFFFFFFFFFFFFFFF4B
:20558000FFFFFFFFFFFFFFFFFFFFFFFFFFFFFFFFFFFFFFFFFFFFFFFFFFFFFFFFFFFFFFFF2B
:2055A000FFFFFFFFFFFFFFFFFFFFFFFFFFFFFFFFFFFFFFFFFFFFFFFFFFFFFFFFFFFFFFFF0B
:2055C000FFFFFFFFFFFFFFFFFFFFFFFFFFFFFFFFFFFFFFFFFFFFFFFFFFFFFFFFFFFFFFFFEB
:2055E000FFFFFFFFFFFFFFFFFFFFFFFFFFFFFFFFFFFFFFFFFFFFFFFFFFFFFFFFFFFFFFFFCB
:20560000FFFFFFFFFFFFFFFFFFFFFFFFFFFFFFFFFFFFFFFFFFFFFFFFFFFFFFFFFFFFFFFFAA
:20562000FFFFFFFFFFFFFFFFFFFFFFFFFFFFFFFFFFFFFFFFFFFFFFFFFFFFFFFFFFFFFFFF8A
:20564000FFFFFFFFFFFFFFFFFFFFFFFFFFFFFFFFFFFFFFFFFFFFFFFFFFFFFFFFFFFFFFFF6A
:20566000FFFFFFFFFFFFFFFFFFFFFFFFFFFFFFFFFFFFFFFFFFFFFFFFFFFFFFFFFFFFFFFF4A
:20568000FFFFFFFFFFFFFFFFFFFFFFFFFFFFFFFFFFFFFFFFFFFFFFFFFFFFFFFFFFFFFFFF2A
:2056A000FFFFFFFFFFFFFFFFFFFFFFFFFFFFFFFFFFFFFFFFFFFFFFFFFFFFFFFFFFFFFFFF0A
:2056C000FFFFFFFFFFFFFFFFFFFFFFFFFFFFFFFFFFFFFFFFFFFFFFFFFFFFFFFFFFFFFFFFEA
:2056E000FFFFFFFFFFFFFFFFFFFFFFFFFFFFFFFFFFFFFFFFFFFFFFFFFFFFFFFFFFFFFFFFCA
:20570000FFFFFFFFFFFFFFFFFFFFFFFFFFFFFFFFFFFFFFFFFFFFFFFFFFFFFFFFFFFFFFFFA9
:20572000FFFFFFFFFFFFFFFFFFFFFFFFFFFFFFFFFFFFFFFFFFFFFFFFFFFFFFFFFFFFFFFF89
:20574000FFFFFFFFFFFFFFFFFFFFFFFFFFFFFFFFFFFFFFFFFFFFFFFFFFFFFFFFFFFFFFFF69
:20576000FFFFFFFFFFFFFFFFFFFFFFFFFFFFFFFFFFFFFFFFFFFFFFFFFFFFFFFFFFFFFFFF49
:20578000FFFFFFFFFFFFFFFFFFFFFFFFFFFFFFFFFFFFFFFFFFFFFFFFFFFFFFFFFFFFFFFF29
:2057A000FFFFFFFFFFFFFFFFFFFFFFFFFFFFFFFFFFFFFFFFFFFFFFFFFFFFFFFFFFFFFFFF09
:2057C000FFFFFFFFFFFFFFFFFFFFFFFFFFFFFFFFFFFFFFFFFFFFFFFFFFFFFFFFFFFFFFFFE9
:2057E000FFFFFFFFFFFFFFFFFFFFFFFFFFFFFFFFFFFFFFFFFFFFFFFFFFFFFFFFFFFFFFFFC9
:20580000FFFFFFFFFFFFFFFFFFFFFFFFFFFFFFFFFFFFFFFFFFFFFFFFFFFFFFFFFFFFFFFFA8
:20582000FFFFFFFFFFFFFFFFFFFFFFFFFFFFFFFFFFFFFFFFFFFFFFFFFFFFFFFFFFFFFFFF88
:20584000FFFFFFFFFFFFFFFFFFFFFFFFFFFFFFFFFFFFFFFFFFFFFFFFFFFFFFFFFFFFFFFF68
:20586000FFFFFFFFFFFFFFFFFFFFFFFFFFFFFFFFFFFFFFFFFFFFFFFFFFFFFFFFFFFFFFFF48
:20588000FFFFFFFFFFFFFFFFFFFFFFFFFFFFFFFFFFFFFFFFFFFFFFFFFFFFFFFFFFFFFFFF28
:2058A000FFFFFFFFFFFFFFFFFFFFFFFFFFFFFFFFFFFFFFFFFFFFFFFFFFFFFFFFFFFFFFFF08
:2058C000FFFFFFFFFFFFFFFFFFFFFFFFFFFFFFFFFFFFFFFFFFFFFFFFFFFFFFFFFFFFFFFFE8
:2058E000FFFFFFFFFFFFFFFFFFFFFFFFFFFFFFFFFFFFFFFFFFFFFFFFFFFFFFFFFFFFFFFFC8
:20590000FFFFFFFFFFFFFFFFFFFFFFFFFFFFFFFFFFFFFFFFFFFFFFFFFFFFFFFFFFFFFFFFA7
:20592000FFFFFFFFFFFFFFFFFFFFFFFFFFFFFFFFFFFFFFFFFFFFFFFFFFFFFFFFFFFFFFFF87
:20594000FFFFFFFFFFFFFFFFFFFFFFFFFFFFFFFFFFFFFFFFFFFFFFFFFFFFFFFFFFFFFFFF67
:20596000FFFFFFFFFFFFFFFFFFFFFFFFFFFFFFFFFFFFFFFFFFFFFFFFFFFFFFFFFFFFFFFF47
:20598000FFFFFFFFFFFFFFFFFFFFFFFFFFFFFFFFFFFFFFFFFFFFFFFFFFFFFFFFFFFFFFFF27
:2059A000FFFFFFFFFFFFFFFFFFFFFFFFFFFFFFFFFFFFFFFFFFFFFFFFFFFFFFFFFFFFFFFF07
:2059C000FFFFFFFFFFFFFFFFFFFFFFFFFFFFFFFFFFFFFFFFFFFFFFFFFFFFFFFFFFFFFFFFE7
:2059E000FFFFFFFFFFFFFFFFFFFFFFFFFFFFFFFFFFFFFFFFFFFFFFFFFFFFFFFFFFFFFFFFC7
:205A0000FFFFFFFFFFFFFFFFFFFFFFFFFFFFFFFFFFFFFFFFFFFFFFFFFFFFFFFFFFFFFFFFA6
:205A2000FFFFFFFFFFFFFFFFFFFFFFFFFFFFFFFFFFFFFFFFFFFFFFFFFFFFFFFFFFFFFFFF86
:205A4000FFFFFFFFFFFFFFFFFFFFFFFFFFFFFFFFFFFFFFFFFFFFFFFFFFFFFFFFFFFFFFFF66
:205A6000FFFFFFFFFFFFFFFFFFFFFFFFFFFFFFFFFFFFFFFFFFFFFFFFFFFFFFFFFFFFFFFF46
:205A8000FFFFFFFFFFFFFFFFFFFFFFFFFFFFFFFFFFFFFFFFFFFFFFFFFFFFFFFFFFFFFFFF26
:205AA000FFFFFFFFFFFFFFFFFFFFFFFFFFFFFFFFFFFFFFFFFFFFFFFFFFFFFFFFFFFFFFFF06
:205AC000FFFFFFFFFFFFFFFFFFFFFFFFFFFFFFFFFFFFFFFFFFFFFFFFFFFFFFFFFFFFFFFFE6
:205AE000FFFFFFFFFFFFFFFFFFFFFFFFFFFFFFFFFFFFFFFFFFFFFFFFFFFFFFFFFFFFFFFFC6
:205B0000FFFFFFFFFFFFFFFFFFFFFFFFFFFFFFFFFFFFFFFFFFFFFFFFFFFFFFFFFFFFFFFFA5
:205B2000FFFFFFFFFFFFFFFFFFFFFFFFFFFFFFFFFFFFFFFFFFFFFFFFFFFFFFFFFFFFFFFF85
:205B4000FFFFFFFFFFFFFFFFFFFFFFFFFFFFFFFFFFFFFFFFFFFFFFFFFFFFFFFFFFFFFFFF65
:205B6000FFFFFFFFFFFFFFFFFFFFFFFFFFFFFFFFFFFFFFFFFFFFFFFFFFFFFFFFFFFFFFFF45
:205B8000FFFFFFFFFFFFFFFFFFFFFFFFFFFFFFFFFFFFFFFFFFFFFFFFFFFFFFFFFFFFFFFF25
:205BA000FFFFFFFFFFFFFFFFFFFFFFFFFFFFFFFFFFFFFFFFFFFFFFFFFFFFFFFFFFFFFFFF05
:205BC000FFFFFFFFFFFFFFFFFFFFFFFFFFFFFFFFFFFFFFFFFFFFFFFFFFFFFFFFFFFFFFFFE5
:205BE000FFFFFFFFFFFFFFFFFFFFFFFFFFFFFFFFFFFFFFFFFFFFFFFFFFFFFFFFFFFFFFFFC5
:205C0000FFFFFFFFFFFFFFFFFFFFFFFFFFFFFFFFFFFFFFFFFFFFFFFFFFFFFFFFFFFFFFFFA4
:205C2000FFFFFFFFFFFFFFFFFFFFFFFFFFFFFFFFFFFFFFFFFFFFFFFFFFFFFFFFFFFFFFFF84
:205C4000FFFFFFFFFFFFFFFFFFFFFFFFFFFFFFFFFFFFFFFFFFFFFFFFFFFFFFFFFFFFFFFF64
:205C6000FFFFFFFFFFFFFFFFFFFFFFFFFFFFFFFFFFFFFFFFFFFFFFFFFFFFFFFFFFFFFFFF44
:205C8000FFFFFFFFFFFFFFFFFFFFFFFFFFFFFFFFFFFFFFFFFFFFFFFFFFFFFFFFFFFFFFFF24
:205CA000FFFFFFFFFFFFFFFFFFFFFFFFFFFFFFFFFFFFFFFFFFFFFFFFFFFFFFFFFFFFFFFF04
:205CC000FFFFFFFFFFFFFFFFFFFFFFFFFFFFFFFFFFFFFFFFFFFFFFFFFFFFFFFFFFFFFFFFE4
:205CE000FFFFFFFFFFFFFFFFFFFFFFFFFFFFFFFFFFFFFFFFFFFFFFFFFFFFFFFFFFFFFFFFC4
:205D0000FFFFFFFFFFFFFFFFFFFFFFFFFFFFFFFFFFFFFFFFFFFFFFFFFFFFFFFFFFFFFFFFA3
:205D2000FFFFFFFFFFFFFFFFFFFFFFFFFFFFFFFFFFFFFFFFFFFFFFFFFFFFFFFFFFFFFFFF83
:205D4000FFFFFFFFFFFFFFFFFFFFFFFFFFFFFFFFFFFFFFFFFFFFFFFFFFFFFFFFFFFFFFFF63
:205D6000FFFFFFFFFFFFFFFFFFFFFFFFFFFFFFFFFFFFFFFFFFFFFFFFFFFFFFFFFFFFFFFF43
:205D8000FFFFFFFFFFFFFFFFFFFFFFFFFFFFFFFFFFFFFFFFFFFFFFFFFFFFFFFFFFFFFFFF23
:205DA000FFFFFFFFFFFFFFFFFFFFFFFFFFFFFFFFFFFFFFFFFFFFFFFFFFFFFFFFFFFFFFFF03
:205DC000FFFFFFFFFFFFFFFFFFFFFFFFFFFFFFFFFFFFFFFFFFFFFFFFFFFFFFFFFFFFFFFFE3
:205DE000FFFFFFFFFFFFFFFFFFFFFFFFFFFFFFFFFFFFFFFFFFFFFFFFFFFFFFFFFFFFFFFFC3
:205E0000FFFFFFFFFFFFFFFFFFFFFFFFFFFFFFFFFFFFFFFFFFFFFFFFFFFFFFFFFFFFFFFFA2
:205E2000FFFFFFFFFFFFFFFFFFFFFFFFFFFFFFFFFFFFFFFFFFFFFFFFFFFFFFFFFFFFFFFF82
:205E4000FFFFFFFFFFFFFFFFFFFFFFFFFFFFFFFFFFFFFFFFFFFFFFFFFFFFFFFFFFFFFFFF62
:205E6000FFFFFFFFFFFFFFFFFFFFFFFFFFFFFFFFFFFFFFFFFFFFFFFFFFFFFFFFFFFFFFFF42
:205E8000FFFFFFFFFFFFFFFFFFFFFFFFFFFFFFFFFFFFFFFFFFFFFFFFFFFFFFFFFFFFFFFF22
:205EA000FFFFFFFFFFFFFFFFFFFFFFFFFFFFFFFFFFFFFFFFFFFFFFFFFFFFFFFFFFFFFFFF02
:205EC000FFFFFFFFFFFFFFFFFFFFFFFFFFFFFFFFFFFFFFFFFFFFFFFFFFFFFFFFFFFFFFFFE2
:205EE000FFFFFFFFFFFFFFFFFFFFFFFFFFFFFFFFFFFFFFFFFFFFFFFFFFFFFFFFFFFFFFFFC2
:205F0000FFFFFFFFFFFFFFFFFFFFFFFFFFFFFFFFFFFFFFFFFFFFFFFFFFFFFFFFFFFFFFFFA1
:205F2000FFFFFFFFFFFFFFFFFFFFFFFFFFFFFFFFFFFFFFFFFFFFFFFFFFFFFFFFFFFFFFFF81
:205F4000FFFFFFFFFFFFFFFFFFFFFFFFFFFFFFFFFFFFFFFFFFFFFFFFFFFFFFFFFFFFFFFF61
:205F6000FFFFFFFFFFFFFFFFFFFFFFFFFFFFFFFFFFFFFFFFFFFFFFFFFFFFFFFFFFFFFFFF41
:205F8000FFFFFFFFFFFFFFFFFFFFFFFFFFFFFFFFFFFFFFFFFFFFFFFFFFFFFFFFFFFFFFFF21
:205FA000FFFFFFFFFFFFFFFFFFFFFFFFFFFFFFFFFFFFFFFFFFFFFFFFFFFFFFFFFFFFFFFF01
:205FC000FFFFFFFFFFFFFFFFFFFFFFFFFFFFFFFFFFFFFFFFFFFFFFFFFFFFFFFFFFFFFFFFE1
:205FE000FFFFFFFFFFFFFFFFFFFFFFFFFFFFFFFFFFFFFFFFFFFFFFFFFFFFFFFFFFFFFFFFC1
:20600000FFFFFFFFFFFFFFFFFFFFFFFFFFFFFFFFFFFFFFFFFFFFFFFFFFFFFFFFFFFFFFFFA0
:20602000FFFFFFFFFFFFFFFFFFFFFFFFFFFFFFFFFFFFFFFFFFFFFFFFFFFFFFFFFFFFFFFF80
:20604000FFFFFFFFFFFFFFFFFFFFFFFFFFFFFFFFFFFFFFFFFFFFFFFFFFFFFFFFFFFFFFFF60
:20606000FFFFFFFFFFFFFFFFFFFFFFFFFFFFFFFFFFFFFFFFFFFFFFFFFFFFFFFFFFFFFFFF40
:20608000FFFFFFFFFFFFFFFFFFFFFFFFFFFFFFFFFFFFFFFFFFFFFFFFFFFFFFFFFFFFFFFF20
:2060A000FFFFFFFFFFFFFFFFFFFFFFFFFFFFFFFFFFFFFFFFFFFFFFFFFFFFFFFFFFFFFFFF00
:2060C000FFFFFFFFFFFFFFFFFFFFFFFFFFFFFFFFFFFFFFFFFFFFFFFFFFFFFFFFFFFFFFFFE0
:2060E000FFFFFFFFFFFFFFFFFFFFFFFFFFFFFFFFFFFFFFFFFFFFFFFFFFFFFFFFFFFFFFFFC0
:20610000FFFFFFFFFFFFFFFFFFFFFFFFFFFFFFFFFFFFFFFFFFFFFFFFFFFFFFFFFFFFFFFF9F
:20612000FFFFFFFFFFFFFFFFFFFFFFFFFFFFFFFFFFFFFFFFFFFFFFFFFFFFFFFFFFFFFFFF7F
:20614000FFFFFFFFFFFFFFFFFFFFFFFFFFFFFFFFFFFFFFFFFFFFFFFFFFFFFFFFFFFFFFFF5F
:20616000FFFFFFFFFFFFFFFFFFFFFFFFFFFFFFFFFFFFFFFFFFFFFFFFFFFFFFFFFFFFFFFF3F
:20618000FFFFFFFFFFFFFFFFFFFFFFFFFFFFFFFFFFFFFFFFFFFFFFFFFFFFFFFFFFFFFFFF1F
:2061A000FFFFFFFFFFFFFFFFFFFFFFFFFFFFFFFFFFFFFFFFFFFFFFFFFFFFFFFFFFFFFFFFFF
:2061C000FFFFFFFFFFFFFFFFFFFFFFFFFFFFFFFFFFFFFFFFFFFFFFFFFFFFFFFFFFFFFFFFDF
:2061E000FFFFFFFFFFFFFFFFFFFFFFFFFFFFFFFFFFFFFFFFFFFFFFFFFFFFFFFFFFFFFFFFBF
:20620000FFFFFFFFFFFFFFFFFFFFFFFFFFFFFFFFFFFFFFFFFFFFFFFFFFFFFFFFFFFFFFFF9E
:20622000FFFFFFFFFFFFFFFFFFFFFFFFFFFFFFFFFFFFFFFFFFFFFFFFFFFFFFFFFFFFFFFF7E
:20624000FFFFFFFFFFFFFFFFFFFFFFFFFFFFFFFFFFFFFFFFFFFFFFFFFFFFFFFFFFFFFFFF5E
:20626000FFFFFFFFFFFFFFFFFFFFFFFFFFFFFFFFFFFFFFFFFFFFFFFFFFFFFFFFFFFFFFFF3E
:20628000FFFFFFFFFFFFFFFFFFFFFFFFFFFFFFFFFFFFFFFFFFFFFFFFFFFFFFFFFFFFFFFF1E
:2062A000FFFFFFFFFFFFFFFFFFFFFFFFFFFFFFFFFFFFFFFFFFFFFFFFFFFFFFFFFFFFFFFFFE
:2062C000FFFFFFFFFFFFFFFFFFFFFFFFFFFFFFFFFFFFFFFFFFFFFFFFFFFFFFFFFFFFFFFFDE
:2062E000FFFFFFFFFFFFFFFFFFFFFFFFFFFFFFFFFFFFFFFFFFFFFFFFFFFFFFFFFFFFFFFFBE
:20630000FFFFFFFFFFFFFFFFFFFFFFFFFFFFFFFFFFFFFFFFFFFFFFFFFFFFFFFFFFFFFFFF9D
:20632000FFFFFFFFFFFFFFFFFFFFFFFFFFFFFFFFFFFFFFFFFFFFFFFFFFFFFFFFFFFFFFFF7D
:20634000FFFFFFFFFFFFFFFFFFFFFFFFFFFFFFFFFFFFFFFFFFFFFFFFFFFFFFFFFFFFFFFF5D
:20636000FFFFFFFFFFFFFFFFFFFFFFFFFFFFFFFFFFFFFFFFFFFFFFFFFFFFFFFFFFFFFFFF3D
:20638000FFFFFFFFFFFFFFFFFFFFFFFFFFFFFFFFFFFFFFFFFFFFFFFFFFFFFFFFFFFFFFFF1D
:2063A000FFFFFFFFFFFFFFFFFFFFFFFFFFFFFFFFFFFFFFFFFFFFFFFFFFFFFFFFFFFFFFFFFD
:2063C000FFFFFFFFFFFFFFFFFFFFFFFFFFFFFFFFFFFFFFFFFFFFFFFFFFFFFFFFFFFFFFFFDD
:2063E000FFFFFFFFFFFFFFFFFFFFFFFFFFFFFFFFFFFFFFFFFFFFFFFFFFFFFFFFFFFFFFFFBD
:20640000FFFFFFFFFFFFFFFFFFFFFFFFFFFFFFFFFFFFFFFFFFFFFFFFFFFFFFFFFFFFFFFF9C
:20642000FFFFFFFFFFFFFFFFFFFFFFFFFFFFFFFFFFFFFFFFFFFFFFFFFFFFFFFFFFFFFFFF7C
:20644000FFFFFFFFFFFFFFFFFFFFFFFFFFFFFFFFFFFFFFFFFFFFFFFFFFFFFFFFFFFFFFFF5C
:20646000FFFFFFFFFFFFFFFFFFFFFFFFFFFFFFFFFFFFFFFFFFFFFFFFFFFFFFFFFFFFFFFF3C
:20648000FFFFFFFFFFFFFFFFFFFFFFFFFFFFFFFFFFFFFFFFFFFFFFFFFFFFFFFFFFFFFFFF1C
:2064A000FFFFFFFFFFFFFFFFFFFFFFFFFFFFFFFFFFFFFFFFFFFFFFFFFFFFFFFFFFFFFFFFFC
:2064C000FFFFFFFFFFFFFFFFFFFFFFFFFFFFFFFFFFFFFFFFFFFFFFFFFFFFFFFFFFFFFFFFDC
:2064E000FFFFFFFFFFFFFFFFFFFFFFFFFFFFFFFFFFFFFFFFFFFFFFFFFFFFFFFFFFFFFFFFBC
:20650000FFFFFFFFFFFFFFFFFFFFFFFFFFFFFFFFFFFFFFFFFFFFFFFFFFFFFFFFFFFFFFFF9B
:20652000FFFFFFFFFFFFFFFFFFFFFFFFFFFFFFFFFFFFFFFFFFFFFFFFFFFFFFFFFFFFFFFF7B
:20654000FFFFFFFFFFFFFFFFFFFFFFFFFFFFFFFFFFFFFFFFFFFFFFFFFFFFFFFFFFFFFFFF5B
:20656000FFFFFFFFFFFFFFFFFFFFFFFFFFFFFFFFFFFFFFFFFFFFFFFFFFFFFFFFFFFFFFFF3B
:20658000FFFFFFFFFFFFFFFFFFFFFFFFFFFFFFFFFFFFFFFFFFFFFFFFFFFFFFFFFFFFFFFF1B
:2065A000FFFFFFFFFFFFFFFFFFFFFFFFFFFFFFFFFFFFFFFFFFFFFFFFFFFFFFFFFFFFFFFFFB
:2065C000FFFFFFFFFFFFFFFFFFFFFFFFFFFFFFFFFFFFFFFFFFFFFFFFFFFFFFFFFFFFFFFFDB
:2065E000FFFFFFFFFFFFFFFFFFFFFFFFFFFFFFFFFFFFFFFFFFFFFFFFFFFFFFFFFFFFFFFFBB
:20660000FFFFFFFFFFFFFFFFFFFFFFFFFFFFFFFFFFFFFFFFFFFFFFFFFFFFFFFFFFFFFFFF9A
:20662000FFFFFFFFFFFFFFFFFFFFFFFFFFFFFFFFFFFFFFFFFFFFFFFFFFFFFFFFFFFFFFFF7A
:20664000FFFFFFFFFFFFFFFFFFFFFFFFFFFFFFFFFFFFFFFFFFFFFFFFFFFFFFFFFFFFFFFF5A
:20666000FFFFFFFFFFFFFFFFFFFFFFFFFFFFFFFFFFFFFFFFFFFFFFFFFFFFFFFFFFFFFFFF3A
:20668000FFFFFFFFFFFFFFFFFFFFFFFFFFFFFFFFFFFFFFFFFFFFFFFFFFFFFFFFFFFFFFFF1A
:2066A000FFFFFFFFFFFFFFFFFFFFFFFFFFFFFFFFFFFFFFFFFFFFFFFFFFFFFFFFFFFFFFFFFA
:2066C000FFFFFFFFFFFFFFFFFFFFFFFFFFFFFFFFFFFFFFFFFFFFFFFFFFFFFFFFFFFFFFFFDA
:2066E000FFFFFFFFFFFFFFFFFFFFFFFFFFFFFFFFFFFFFFFFFFFFFFFFFFFFFFFFFFFFFFFFBA
:20670000FFFFFFFFFFFFFFFFFFFFFFFFFFFFFFFFFFFFFFFFFFFFFFFFFFFFFFFFFFFFFFFF99
:20672000FFFFFFFFFFFFFFFFFFFFFFFFFFFFFFFFFFFFFFFFFFFFFFFFFFFFFFFFFFFFFFFF79
:20674000FFFFFFFFFFFFFFFFFFFFFFFFFFFFFFFFFFFFFFFFFFFFFFFFFFFFFFFFFFFFFFFF59
:20676000FFFFFFFFFFFFFFFFFFFFFFFFFFFFFFFFFFFFFFFFFFFFFFFFFFFFFFFFFFFFFFFF39
:20678000FFFFFFFFFFFFFFFFFFFFFFFFFFFFFFFFFFFFFFFFFFFFFFFFFFFFFFFFFFFFFFFF19
:2067A000FFFFFFFFFFFFFFFFFFFFFFFFFFFFFFFFFFFFFFFFFFFFFFFFFFFFFFFFFFFFFFFFF9
:2067C000FFFFFFFFFFFFFFFFFFFFFFFFFFFFFFFFFFFFFFFFFFFFFFFFFFFFFFFFFFFFFFFFD9
:2067E000FFFFFFFFFFFFFFFFFFFFFFFFFFFFFFFFFFFFFFFFFFFFFFFFFFFFFFFFFFFFFFFFB9
:20680000FFFFFFFFFFFFFFFFFFFFFFFFFFFFFFFFFFFFFFFFFFFFFFFFFFFFFFFFFFFFFFFF98
:20682000FFFFFFFFFFFFFFFFFFFFFFFFFFFFFFFFFFFFFFFFFFFFFFFFFFFFFFFFFFFFFFFF78
:20684000FFFFFFFFFFFFFFFFFFFFFFFFFFFFFFFFFFFFFFFFFFFFFFFFFFFFFFFFFFFFFFFF58
:20686000FFFFFFFFFFFFFFFFFFFFFFFFFFFFFFFFFFFFFFFFFFFFFFFFFFFFFFFFFFFFFFFF38
:20688000FFFFFFFFFFFFFFFFFFFFFFFFFFFFFFFFFFFFFFFFFFFFFFFFFFFFFFFFFFFFFFFF18
:2068A000FFFFFFFFFFFFFFFFFFFFFFFFFFFFFFFFFFFFFFFFFFFFFFFFFFFFFFFFFFFFFFFFF8
:2068C000FFFFFFFFFFFFFFFFFFFFFFFFFFFFFFFFFFFFFFFFFFFFFFFFFFFFFFFFFFFFFFFFD8
:2068E000FFFFFFFFFFFFFFFFFFFFFFFFFFFFFFFFFFFFFFFFFFFFFFFFFFFFFFFFFFFFFFFFB8
:20690000FFFFFFFFFFFFFFFFFFFFFFFFFFFFFFFFFFFFFFFFFFFFFFFFFFFFFFFFFFFFFFFF97
:20692000FFFFFFFFFFFFFFFFFFFFFFFFFFFFFFFFFFFFFFFFFFFFFFFFFFFFFFFFFFFFFFFF77
:20694000FFFFFFFFFFFFFFFFFFFFFFFFFFFFFFFFFFFFFFFFFFFFFFFFFFFFFFFFFFFFFFFF57
:20696000FFFFFFFFFFFFFFFFFFFFFFFFFFFFFFFFFFFFFFFFFFFFFFFFFFFFFFFFFFFFFFFF37
:20698000FFFFFFFFFFFFFFFFFFFFFFFFFFFFFFFFFFFFFFFFFFFFFFFFFFFFFFFFFFFFFFFF17
:2069A000FFFFFFFFFFFFFFFFFFFFFFFFFFFFFFFFFFFFFFFFFFFFFFFFFFFFFFFFFFFFFFFFF7
:2069C000FFFFFFFFFFFFFFFFFFFFFFFFFFFFFFFFFFFFFFFFFFFFFFFFFFFFFFFFFFFFFFFFD7
:2069E000FFFFFFFFFFFFFFFFFFFFFFFFFFFFFFFFFFFFFFFFFFFFFFFFFFFFFFFFFFFFFFFFB7
:206A0000FFFFFFFFFFFFFFFFFFFFFFFFFFFFFFFFFFFFFFFFFFFFFFFFFFFFFFFFFFFFFFFF96
:206A2000FFFFFFFFFFFFFFFFFFFFFFFFFFFFFFFFFFFFFFFFFFFFFFFFFFFFFFFFFFFFFFFF76
:206A4000FFFFFFFFFFFFFFFFFFFFFFFFFFFFFFFFFFFFFFFFFFFFFFFFFFFFFFFFFFFFFFFF56
:206A6000FFFFFFFFFFFFFFFFFFFFFFFFFFFFFFFFFFFFFFFFFFFFFFFFFFFFFFFFFFFFFFFF36
:206A8000FFFFFFFFFFFFFFFFFFFFFFFFFFFFFFFFFFFFFFFFFFFFFFFFFFFFFFFFFFFFFFFF16
:206AA000FFFFFFFFFFFFFFFFFFFFFFFFFFFFFFFFFFFFFFFFFFFFFFFFFFFFFFFFFFFFFFFFF6
:206AC000FFFFFFFFFFFFFFFFFFFFFFFFFFFFFFFFFFFFFFFFFFFFFFFFFFFFFFFFFFFFFFFFD6
:206AE000FFFFFFFFFFFFFFFFFFFFFFFFFFFFFFFFFFFFFFFFFFFFFFFFFFFFFFFFFFFFFFFFB6
:206B0000FFFFFFFFFFFFFFFFFFFFFFFFFFFFFFFFFFFFFFFFFFFFFFFFFFFFFFFFFFFFFFFF95
:206B2000FFFFFFFFFFFFFFFFFFFFFFFFFFFFFFFFFFFFFFFFFFFFFFFFFFFFFFFFFFFFFFFF75
:206B4000FFFFFFFFFFFFFFFFFFFFFFFFFFFFFFFFFFFFFFFFFFFFFFFFFFFFFFFFFFFFFFFF55
:206B6000FFFFFFFFFFFFFFFFFFFFFFFFFFFFFFFFFFFFFFFFFFFFFFFFFFFFFFFFFFFFFFFF35
:206B8000FFFFFFFFFFFFFFFFFFFFFFFFFFFFFFFFFFFFFFFFFFFFFFFFFFFFFFFFFFFFFFFF15
:206BA000FFFFFFFFFFFFFFFFFFFFFFFFFFFFFFFFFFFFFFFFFFFFFFFFFFFFFFFFFFFFFFFFF5
:206BC000FFFFFFFFFFFFFFFFFFFFFFFFFFFFFFFFFFFFFFFFFFFFFFFFFFFFFFFFFFFFFFFFD5
:206BE000FFFFFFFFFFFFFFFFFFFFFFFFFFFFFFFFFFFFFFFFFFFFFFFFFFFFFFFFFFFFFFFFB5
:206C0000FFFFFFFFFFFFFFFFFFFFFFFFFFFFFFFFFFFFFFFFFFFFFFFFFFFFFFFFFFFFFFFF94
:206C2000FFFFFFFFFFFFFFFFFFFFFFFFFFFFFFFFFFFFFFFFFFFFFFFFFFFFFFFFFFFFFFFF74
:206C4000FFFFFFFFFFFFFFFFFFFFFFFFFFFFFFFFFFFFFFFFFFFFFFFFFFFFFFFFFFFFFFFF54
:206C6000FFFFFFFFFFFFFFFFFFFFFFFFFFFFFFFFFFFFFFFFFFFFFFFFFFFFFFFFFFFFFFFF34
:206C8000FFFFFFFFFFFFFFFFFFFFFFFFFFFFFFFFFFFFFFFFFFFFFFFFFFFFFFFFFFFFFFFF14
:206CA000FFFFFFFFFFFFFFFFFFFFFFFFFFFFFFFFFFFFFFFFFFFFFFFFFFFFFFFFFFFFFFFFF4
:206CC000FFFFFFFFFFFFFFFFFFFFFFFFFFFFFFFFFFFFFFFFFFFFFFFFFFFFFFFFFFFFFFFFD4
:206CE000FFFFFFFFFFFFFFFFFFFFFFFFFFFFFFFFFFFFFFFFFFFFFFFFFFFFFFFFFFFFFFFFB4
:206D0000FFFFFFFFFFFFFFFFFFFFFFFFFFFFFFFFFFFFFFFFFFFFFFFFFFFFFFFFFFFFFFFF93
:206D2000FFFFFFFFFFFFFFFFFFFFFFFFFFFFFFFFFFFFFFFFFFFFFFFFFFFFFFFFFFFFFFFF73
:206D4000FFFFFFFFFFFFFFFFFFFFFFFFFFFFFFFFFFFFFFFFFFFFFFFFFFFFFFFFFFFFFFFF53
:206D6000FFFFFFFFFFFFFFFFFFFFFFFFFFFFFFFFFFFFFFFFFFFFFFFFFFFFFFFFFFFFFFFF33
:206D8000FFFFFFFFFFFFFFFFFFFFFFFFFFFFFFFFFFFFFFFFFFFFFFFFFFFFFFFFFFFFFFFF13
:206DA000FFFFFFFFFFFFFFFFFFFFFFFFFFFFFFFFFFFFFFFFFFFFFFFFFFFFFFFFFFFFFFFFF3
:206DC000FFFFFFFFFFFFFFFFFFFFFFFFFFFFFFFFFFFFFFFFFFFFFFFFFFFFFFFFFFFFFFFFD3
:206DE000FFFFFFFFFFFFFFFFFFFFFFFFFFFFFFFFFFFFFFFFFFFFFFFFFFFFFFFFFFFFFFFFB3
:206E0000FFFFFFFFFFFFFFFFFFFFFFFFFFFFFFFFFFFFFFFFFFFFFFFFFFFFFFFFFFFFFFFF92
:206E2000FFFFFFFFFFFFFFFFFFFFFFFFFFFFFFFFFFFFFFFFFFFFFFFFFFFFFFFFFFFFFFFF72
:206E4000FFFFFFFFFFFFFFFFFFFFFFFFFFFFFFFFFFFFFFFFFFFFFFFFFFFFFFFFFFFFFFFF52
:206E6000FFFFFFFFFFFFFFFFFFFFFFFFFFFFFFFFFFFFFFFFFFFFFFFFFFFFFFFFFFFFFFFF32
:206E8000FFFFFFFFFFFFFFFFFFFFFFFFFFFFFFFFFFFFFFFFFFFFFFFFFFFFFFFFFFFFFFFF12
:206EA000FFFFFFFFFFFFFFFFFFFFFFFFFFFFFFFFFFFFFFFFFFFFFFFFFFFFFFFFFFFFFFFFF2
:206EC000FFFFFFFFFFFFFFFFFFFFFFFFFFFFFFFFFFFFFFFFFFFFFFFFFFFFFFFFFFFFFFFFD2
:206EE000FFFFFFFFFFFFFFFFFFFFFFFFFFFFFFFFFFFFFFFFFFFFFFFFFFFFFFFFFFFFFFFFB2
:206F0000FFFFFFFFFFFFFFFFFFFFFFFFFFFFFFFFFFFFFFFFFFFFFFFFFFFFFFFFFFFFFFFF91
:206F2000FFFFFFFFFFFFFFFFFFFFFFFFFFFFFFFFFFFFFFFFFFFFFFFFFFFFFFFFFFFFFFFF71
:206F4000FFFFFFFFFFFFFFFFFFFFFFFFFFFFFFFFFFFFFFFFFFFFFFFFFFFFFFFFFFFFFFFF51
:206F6000FFFFFFFFFFFFFFFFFFFFFFFFFFFFFFFFFFFFFFFFFFFFFFFFFFFFFFFFFFFFFFFF31
:206F8000FFFFFFFFFFFFFFFFFFFFFFFFFFFFFFFFFFFFFFFFFFFFFFFFFFFFFFFFFFFFFFFF11
:206FA000FFFFFFFFFFFFFFFFFFFFFFFFFFFFFFFFFFFFFFFFFFFFFFFFFFFFFFFFFFFFFFFFF1
:206FC000FFFFFFFFFFFFFFFFFFFFFFFFFFFFFFFFFFFFFFFFFFFFFFFFFFFFFFFFFFFFFFFFD1
:206FE000FFFFFFFFFFFFFFFFFFFFFFFFFFFFFFFFFFFFFFFFFFFFFFFFFFFFFFFFFFFFFFFFB1
:20700000FFFFFFFFFFFFFFFFFFFFFFFFFFFFFFFFFFFFFFFFFFFFFFFFFFFFFFFFFFFFFFFF90
:20702000FFFFFFFFFFFFFFFFFFFFFFFFFFFFFFFFFFFFFFFFFFFFFFFFFFFFFFFFFFFFFFFF70
:20704000FFFFFFFFFFFFFFFFFFFFFFFFFFFFFFFFFFFFFFFFFFFFFFFFFFFFFFFFFFFFFFFF50
:20706000FFFFFFFFFFFFFFFFFFFFFFFFFFFFFFFFFFFFFFFFFFFFFFFFFFFFFFFFFFFFFFFF30
:20708000FFFFFFFFFFFFFFFFFFFFFFFFFFFFFFFFFFFFFFFFFFFFFFFFFFFFFFFFFFFFFFFF10
:2070A000FFFFFFFFFFFFFFFFFFFFFFFFFFFFFFFFFFFFFFFFFFFFFFFFFFFFFFFFFFFFFFFFF0
:2070C000FFFFFFFFFFFFFFFFFFFFFFFFFFFFFFFFFFFFFFFFFFFFFFFFFFFFFFFFFFFFFFFFD0
:2070E000FFFFFFFFFFFFFFFFFFFFFFFFFFFFFFFFFFFFFFFFFFFFFFFFFFFFFFFFFFFFFFFFB0
:20710000FFFFFFFFFFFFFFFFFFFFFFFFFFFFFFFFFFFFFFFFFFFFFFFFFFFFFFFFFFFFFFFF8F
:20712000FFFFFFFFFFFFFFFFFFFFFFFFFFFFFFFFFFFFFFFFFFFFFFFFFFFFFFFFFFFFFFFF6F
:20714000FFFFFFFFFFFFFFFFFFFFFFFFFFFFFFFFFFFFFFFFFFFFFFFFFFFFFFFFFFFFFFFF4F
:20716000FFFFFFFFFFFFFFFFFFFFFFFFFFFFFFFFFFFFFFFFFFFFFFFFFFFFFFFFFFFFFFFF2F
:20718000FFFFFFFFFFFFFFFFFFFFFFFFFFFFFFFFFFFFFFFFFFFFFFFFFFFFFFFFFFFFFFFF0F
:2071A000FFFFFFFFFFFFFFFFFFFFFFFFFFFFFFFFFFFFFFFFFFFFFFFFFFFFFFFFFFFFFFFFEF
:2071C000FFFFFFFFFFFFFFFFFFFFFFFFFFFFFFFFFFFFFFFFFFFFFFFFFFFFFFFFFFFFFFFFCF
:2071E000FFFFFFFFFFFFFFFFFFFFFFFFFFFFFFFFFFFFFFFFFFFFFFFFFFFFFFFFFFFFFFFFAF
:20720000FFFFFFFFFFFFFFFFFFFFFFFFFFFFFFFFFFFFFFFFFFFFFFFFFFFFFFFFFFFFFFFF8E
:20722000FFFFFFFFFFFFFFFFFFFFFFFFFFFFFFFFFFFFFFFFFFFFFFFFFFFFFFFFFFFFFFFF6E
:20724000FFFFFFFFFFFFFFFFFFFFFFFFFFFFFFFFFFFFFFFFFFFFFFFFFFFFFFFFFFFFFFFF4E
:20726000FFFFFFFFFFFFFFFFFFFFFFFFFFFFFFFFFFFFFFFFFFFFFFFFFFFFFFFFFFFFFFFF2E
:20728000FFFFFFFFFFFFFFFFFFFFFFFFFFFFFFFFFFFFFFFFFFFFFFFFFFFFFFFFFFFFFFFF0E
:2072A000FFFFFFFFFFFFFFFFFFFFFFFFFFFFFFFFFFFFFFFFFFFFFFFFFFFFFFFFFFFFFFFFEE
:2072C000FFFFFFFFFFFFFFFFFFFFFFFFFFFFFFFFFFFFFFFFFFFFFFFFFFFFFFFFFFFFFFFFCE
:2072E000FFFFFFFFFFFFFFFFFFFFFFFFFFFFFFFFFFFFFFFFFFFFFFFFFFFFFFFFFFFFFFFFAE
:20730000FFFFFFFFFFFFFFFFFFFFFFFFFFFFFFFFFFFFFFFFFFFFFFFFFFFFFFFFFFFFFFFF8D
:20732000FFFFFFFFFFFFFFFFFFFFFFFFFFFFFFFFFFFFFFFFFFFFFFFFFFFFFFFFFFFFFFFF6D
:20734000FFFFFFFFFFFFFFFFFFFFFFFFFFFFFFFFFFFFFFFFFFFFFFFFFFFFFFFFFFFFFFFF4D
:20736000FFFFFFFFFFFFFFFFFFFFFFFFFFFFFFFFFFFFFFFFFFFFFFFFFFFFFFFFFFFFFFFF2D
:20738000FFFFFFFFFFFFFFFFFFFFFFFFFFFFFFFFFFFFFFFFFFFFFFFFFFFFFFFFFFFFFFFF0D
:2073A000FFFFFFFFFFFFFFFFFFFFFFFFFFFFFFFFFFFFFFFFFFFFFFFFFFFFFFFFFFFFFFFFED
:2073C000FFFFFFFFFFFFFFFFFFFFFFFFFFFFFFFFFFFFFFFFFFFFFFFFFFFFFFFFFFFFFFFFCD
:2073E000FFFFFFFFFFFFFFFFFFFFFFFFFFFFFFFFFFFFFFFFFFFFFFFFFFFFFFFFFFFFFFFFAD
:20740000FFFFFFFFFFFFFFFFFFFFFFFFFFFFFFFFFFFFFFFFFFFFFFFFFFFFFFFFFFFFFFFF8C
:20742000FFFFFFFFFFFFFFFFFFFFFFFFFFFFFFFFFFFFFFFFFFFFFFFFFFFFFFFFFFFFFFFF6C
:20744000FFFFFFFFFFFFFFFFFFFFFFFFFFFFFFFFFFFFFFFFFFFFFFFFFFFFFFFFFFFFFFFF4C
:20746000FFFFFFFFFFFFFFFFFFFFFFFFFFFFFFFFFFFFFFFFFFFFFFFFFFFFFFFFFFFFFFFF2C
:20748000FFFFFFFFFFFFFFFFFFFFFFFFFFFFFFFFFFFFFFFFFFFFFFFFFFFFFFFFFFFFFFFF0C
:2074A000FFFFFFFFFFFFFFFFFFFFFFFFFFFFFFFFFFFFFFFFFFFFFFFFFFFFFFFFFFFFFFFFEC
:2074C000FFFFFFFFFFFFFFFFFFFFFFFFFFFFFFFFFFFFFFFFFFFFFFFFFFFFFFFFFFFFFFFFCC
:2074E000FFFFFFFFFFFFFFFFFFFFFFFFFFFFFFFFFFFFFFFFFFFFFFFFFFFFFFFFFFFFFFFFAC
:20750000FFFFFFFFFFFFFFFFFFFFFFFFFFFFFFFFFFFFFFFFFFFFFFFFFFFFFFFFFFFFFFFF8B
:20752000FFFFFFFFFFFFFFFFFFFFFFFFFFFFFFFFFFFFFFFFFFFFFFFFFFFFFFFFFFFFFFFF6B
:20754000FFFFFFFFFFFFFFFFFFFFFFFFFFFFFFFFFFFFFFFFFFFFFFFFFFFFFFFFFFFFFFFF4B
:20756000FFFFFFFFFFFFFFFFFFFFFFFFFFFFFFFFFFFFFFFFFFFFFFFFFFFFFFFFFFFFFFFF2B
:20758000FFFFFFFFFFFFFFFFFFFFFFFFFFFFFFFFFFFFFFFFFFFFFFFFFFFFFFFFFFFFFFFF0B
:2075A000FFFFFFFFFFFFFFFFFFFFFFFFFFFFFFFFFFFFFFFFFFFFFFFFFFFFFFFFFFFFFFFFEB
:2075C000FFFFFFFFFFFFFFFFFFFFFFFFFFFFFFFFFFFFFFFFFFFFFFFFFFFFFFFFFFFFFFFFCB
:2075E000FFFFFFFFFFFFFFFFFFFFFFFFFFFFFFFFFFFFFFFFFFFFFFFFFFFFFFFFFFFFFFFFAB
:20760000FFFFFFFFFFFFFFFFFFFFFFFFFFFFFFFFFFFFFFFFFFFFFFFFFFFFFFFFFFFFFFFF8A
:20762000FFFFFFFFFFFFFFFFFFFFFFFFFFFFFFFFFFFFFFFFFFFFFFFFFFFFFFFFFFFFFFFF6A
:20764000FFFFFFFFFFFFFFFFFFFFFFFFFFFFFFFFFFFFFFFFFFFFFFFFFFFFFFFFFFFFFFFF4A
:20766000FFFFFFFFFFFFFFFFFFFFFFFFFFFFFFFFFFFFFFFFFFFFFFFFFFFFFFFFFFFFFFFF2A
:20768000FFFFFFFFFFFFFFFFFFFFFFFFFFFFFFFFFFFFFFFFFFFFFFFFFFFFFFFFFFFFFFFF0A
:2076A000FFFFFFFFFFFFFFFFFFFFFFFFFFFFFFFFFFFFFFFFFFFFFFFFFFFFFFFFFFFFFFFFEA
:2076C000FFFFFFFFFFFFFFFFFFFFFFFFFFFFFFFFFFFFFFFFFFFFFFFFFFFFFFFFFFFFFFFFCA
:2076E000FFFFFFFFFFFFFFFFFFFFFFFFFFFFFFFFFFFFFFFFFFFFFFFFFFFFFFFFFFFFFFFFAA
:20770000FFFFFFFFFFFFFFFFFFFFFFFFFFFFFFFFFFFFFFFFFFFFFFFFFFFFFFFFFFFFFFFF89
:20772000FFFFFFFFFFFFFFFFFFFFFFFFFFFFFFFFFFFFFFFFFFFFFFFFFFFFFFFFFFFFFFFF69
:20774000FFFFFFFFFFFFFFFFFFFFFFFFFFFFFFFFFFFFFFFFFFFFFFFFFFFFFFFFFFFFFFFF49
:20776000FFFFFFFFFFFFFFFFFFFFFFFFFFFFFFFFFFFFFFFFFFFFFFFFFFFFFFFFFFFFFFFF29
:20778000FFFFFFFFFFFFFFFFFFFFFFFFFFFFFFFFFFFFFFFFFFFFFFFFFFFFFFFFFFFFFFFF09
:2077A000FFFFFFFFFFFFFFFFFFFFFFFFFFFFFFFFFFFFFFFFFFFFFFFFFFFFFFFFFFFFFFFFE9
:2077C000FFFFFFFFFFFFFFFFFFFFFFFFFFFFFFFFFFFFFFFFFFFFFFFFFFFFFFFFFFFFFFFFC9
:2077E000FFFFFFFFFFFFFFFFFFFFFFFFFFFFFFFFFFFFFFFFFFFFFFFFFFFFFFFFFFFFFFFFA9
:20780000FFFFFFFFFFFFFFFFFFFFFFFFFFFFFFFFFFFFFFFFFFFFFFFFFFFFFFFFFFFFFFFF88
:20782000FFFFFFFFFFFFFFFFFFFFFFFFFFFFFFFFFFFFFFFFFFFFFFFFFFFFFFFFFFFFFFFF68
:20784000FFFFFFFFFFFFFFFFFFFFFFFFFFFFFFFFFFFFFFFFFFFFFFFFFFFFFFFFFFFFFFFF48
:20786000FFFFFFFFFFFFFFFFFFFFFFFFFFFFFFFFFFFFFFFFFFFFFFFFFFFFFFFFFFFFFFFF28
:20788000FFFFFFFFFFFFFFFFFFFFFFFFFFFFFFFFFFFFFFFFFFFFFFFFFFFFFFFFFFFFFFFF08
:2078A000FFFFFFFFFFFFFFFFFFFFFFFFFFFFFFFFFFFFFFFFFFFFFFFFFFFFFFFFFFFFFFFFE8
:2078C000FFFFFFFFFFFFFFFFFFFFFFFFFFFFFFFFFFFFFFFFFFFFFFFFFFFFFFFFFFFFFFFFC8
:2078E000FFFFFFFFFFFFFFFFFFFFFFFFFFFFFFFFFFFFFFFFFFFFFFFFFFFFFFFFFFFFFFFFA8
:20790000FFFFFFFFFFFFFFFFFFFFFFFFFFFFFFFFFFFFFFFFFFFFFFFFFFFFFFFFFFFFFFFF87
:20792000FFFFFFFFFFFFFFFFFFFFFFFFFFFFFFFFFFFFFFFFFFFFFFFFFFFFFFFFFFFFFFFF67
:20794000FFFFFFFFFFFFFFFFFFFFFFFFFFFFFFFFFFFFFFFFFFFFFFFFFFFFFFFFFFFFFFFF47
:20796000FFFFFFFFFFFFFFFFFFFFFFFFFFFFFFFFFFFFFFFFFFFFFFFFFFFFFFFFFFFFFFFF27
:20798000FFFFFFFFFFFFFFFFFFFFFFFFFFFFFFFFFFFFFFFFFFFFFFFFFFFFFFFFFFFFFFFF07
:2079A000FFFFFFFFFFFFFFFFFFFFFFFFFFFFFFFFFFFFFFFFFFFFFFFFFFFFFFFFFFFFFFFFE7
:2079C000FFFFFFFFFFFFFFFFFFFFFFFFFFFFFFFFFFFFFFFFFFFFFFFFFFFFFFFFFFFFFFFFC7
:2079E000FFFFFFFFFFFFFFFFFFFFFFFFFFFFFFFFFFFFFFFFFFFFFFFFFFFFFFFFFFFFFFFFA7
:207A0000FFFFFFFFFFFFFFFFFFFFFFFFFFFFFFFFFFFFFFFFFFFFFFFFFFFFFFFFFFFFFFFF86
:207A2000FFFFFFFFFFFFFFFFFFFFFFFFFFFFFFFFFFFFFFFFFFFFFFFFFFFFFFFFFFFFFFFF66
:207A4000FFFFFFFFFFFFFFFFFFFFFFFFFFFFFFFFFFFFFFFFFFFFFFFFFFFFFFFFFFFFFFFF46
:207A6000FFFFFFFFFFFFFFFFFFFFFFFFFFFFFFFFFFFFFFFFFFFFFFFFFFFFFFFFFFFFFFFF26
:207A8000FFFFFFFFFFFFFFFFFFFFFFFFFFFFFFFFFFFFFFFFFFFFFFFFFFFFFFFFFFFFFFFF06
:207AA000FFFFFFFFFFFFFFFFFFFFFFFFFFFFFFFFFFFFFFFFFFFFFFFFFFFFFFFFFFFFFFFFE6
:207AC000FFFFFFFFFFFFFFFFFFFFFFFFFFFFFFFFFFFFFFFFFFFFFFFFFFFFFFFFFFFFFFFFC6
:207AE000FFFFFFFFFFFFFFFFFFFFFFFFFFFFFFFFFFFFFFFFFFFFFFFFFFFFFFFFFFFFFFFFA6
:207B0000FFFFFFFFFFFFFFFFFFFFFFFFFFFFFFFFFFFFFFFFFFFFFFFFFFFFFFFFFFFFFFFF85
:207B2000FFFFFFFFFFFFFFFFFFFFFFFFFFFFFFFFFFFFFFFFFFFFFFFFFFFFFFFFFFFFFFFF65
:207B4000FFFFFFFFFFFFFFFFFFFFFFFFFFFFFFFFFFFFFFFFFFFFFFFFFFFFFFFFFFFFFFFF45
:207B6000FFFFFFFFFFFFFFFFFFFFFFFFFFFFFFFFFFFFFFFFFFFFFFFFFFFFFFFFFFFFFFFF25
:207B8000FFFFFFFFFFFFFFFFFFFFFFFFFFFFFFFFFFFFFFFFFFFFFFFFFFFFFFFFFFFFFFFF05
:207BA000FFFFFFFFFFFFFFFFFFFFFFFFFFFFFFFFFFFFFFFFFFFFFFFFFFFFFFFFFFFFFFFFE5
:207BC000FFFFFFFFFFFFFFFFFFFFFFFFFFFFFFFFFFFFFFFFFFFFFFFFFFFFFFFFFFFFFFFFC5
:207BE000FFFFFFFFFFFFFFFFFFFFFFFFFFFFFFFFFFFFFFFFFFFFFFFFFFFFFFFFFFFFFFFFA5
:207C0000FFFFFFFFFFFFFFFFFFFFFFFFFFFFFFFFFFFFFFFFFFFFFFFFFFFFFFFFFFFFFFFF84
:207C2000FFFFFFFFFFFFFFFFFFFFFFFFFFFFFFFFFFFFFFFFFFFFFFFFFFFFFFFFFFFFFFFF64
:207C4000FFFFFFFFFFFFFFFFFFFFFFFFFFFFFFFFFFFFFFFFFFFFFFFFFFFFFFFFFFFFFFFF44
:207C6000FFFFFFFFFFFFFFFFFFFFFFFFFFFFFFFFFFFFFFFFFFFFFFFFFFFFFFFFFFFFFFFF24
:207C8000FFFFFFFFFFFFFFFFFFFFFFFFFFFFFFFFFFFFFFFFFFFFFFFFFFFFFFFFFFFFFFFF04
:207CA000FFFFFFFFFFFFFFFFFFFFFFFFFFFFFFFFFFFFFFFFFFFFFFFFFFFFFFFFFFFFFFFFE4
:207CC000FFFFFFFFFFFFFFFFFFFFFFFFFFFFFFFFFFFFFFFFFFFFFFFFFFFFFFFFFFFFFFFFC4
:207CE000FFFFFFFFFFFFFFFFFFFFFFFFFFFFFFFFFFFFFFFFFFFFFFFFFFFFFFFFFFFFFFFFA4
:207D0000FFFFFFFFFFFFFFFFFFFFFFFFFFFFFFFFFFFFFFFFFFFFFFFFFFFFFFFFFFFFFFFF83
:207D2000FFFFFFFFFFFFFFFFFFFFFFFFFFFFFFFFFFFFFFFFFFFFFFFFFFFFFFFFFFFFFFFF63
:207D4000FFFFFFFFFFFFFFFFFFFFFFFFFFFFFFFFFFFFFFFFFFFFFFFFFFFFFFFFFFFFFFFF43
:207D6000FFFFFFFFFFFFFFFFFFFFFFFFFFFFFFFFFFFFFFFFFFFFFFFFFFFFFFFFFFFFFFFF23
:207D8000FFFFFFFFFFFFFFFFFFFFFFFFFFFFFFFFFFFFFFFFFFFFFFFFFFFFFFFFFFFFFFFF03
:207DA000FFFFFFFFFFFFFFFFFFFFFFFFFFFFFFFFFFFFFFFFFFFFFFFFFFFFFFFFFFFFFFFFE3
:207DC000FFFFFFFFFFFFFFFFFFFFFFFFFFFFFFFFFFFFFFFFFFFFFFFFFFFFFFFFFFFFFFFFC3
:207DE000FFFFFFFFFFFFFFFFFFFFFFFFFFFFFFFFFFFFFFFFFFFFFFFFFFFFFFFFFFFFFFFFA3
:207E0000FFFFFFFFFFFFFFFFFFFFFFFFFFFFFFFFFFFFFFFFFFFFFFFFFFFFFFFFFFFFFFFF82
:207E2000FFFFFFFFFFFFFFFFFFFFFFFFFFFFFFFFFFFFFFFFFFFFFFFFFFFFFFFFFFFFFFFF62
:207E4000FFFFFFFFFFFFFFFFFFFFFFFFFFFFFFFFFFFFFFFFFFFFFFFFFFFFFFFFFFFFFFFF42
:207E6000FFFFFFFFFFFFFFFFFFFFFFFFFFFFFFFFFFFFFFFFFFFFFFFFFFFFFFFFFFFFFFFF22
:207E8000FFFFFFFFFFFFFFFFFFFFFFFFFFFFFFFFFFFFFFFFFFFFFFFFFFFFFFFFFFFFFFFF02
:207EA000FFFFFFFFFFFFFFFFFFFFFFFFFFFFFFFFFFFFFFFFFFFFFFFFFFFFFFFFFFFFFFFFE2
:207EC000FFFFFFFFFFFFFFFFFFFFFFFFFFFFFFFFFFFFFFFFFFFFFFFFFFFFFFFFFFFFFFFFC2
:207EE000FFFFFFFFFFFFFFFFFFFFFFFFFFFFFFFFFFFFFFFFFFFFFFFFFFFFFFFFFFFFFFFFA2
:207F0000FFFFFFFFFFFFFFFFFFFFFFFFFFFFFFFFFFFFFFFFFFFFFFFFFFFFFFFFFFFFFFFF81
:207F2000FFFFFFFFFFFFFFFFFFFFFFFFFFFFFFFFFFFFFFFFFFFFFFFFFFFFFFFFFFFFFFFF61
:207F4000FFFFFFFFFFFFFFFFFFFFFFFFFFFFFFFFFFFFFFFFFFFFFFFFFFFFFFFFFFFFFFFF41
:207F6000FFFFFFFFFFFFFFFFFFFFFFFFFFFFFFFFFFFFFFFFFFFFFFFFFFFFFFFFFFFFFFFF21
:207F8000FFFFFFFFFFFFFFFFFFFFFFFFFFFFFFFFFFFFFFFFFFFFFFFFFFFFFFFFFFFFFFFF01
:207FA000FFFFFFFFFFFFFFFFFFFFFFFFFFFFFFFFFFFFFFFFFFFFFFFFFFFFFFFFFFFFFFFFE1
:207FC000FFFFFFFFFFFFFFFFFFFFFFFFFFFFFFFFFFFFFFFFFFFFFFFFFFFFFFFFFFFFFFFFC1
:207FE000FFFFFFFFFFFFFFFFFFFFFFFFFFFFFFFFFFFFFFFFFFFFFFFFFFFFFFFFFFFFFFFFA1
:20800000FFFFFFFFFFFFFFFFFFFFFFFFFFFFFFFFFFFFFFFFFFFFFFFFFFFFFFFFFFFFFFFF80
:20802000FFFFFFFFFFFFFFFFFFFFFFFFFFFFFFFFFFFFFFFFFFFFFFFFFFFFFFFFFFFFFFFF60
:20804000FFFFFFFFFFFFFFFFFFFFFFFFFFFFFFFFFFFFFFFFFFFFFFFFFFFFFFFFFFFFFFFF40
:20806000FFFFFFFFFFFFFFFFFFFFFFFFFFFFFFFFFFFFFFFFFFFFFFFFFFFFFFFFFFFFFFFF20
:20808000FFFFFFFFFFFFFFFFFFFFFFFFFFFFFFFFFFFFFFFFFFFFFFFFFFFFFFFFFFFFFFFF00
:2080A000FFFFFFFFFFFFFFFFFFFFFFFFFFFFFFFFFFFFFFFFFFFFFFFFFFFFFFFFFFFFFFFFE0
:2080C000FFFFFFFFFFFFFFFFFFFFFFFFFFFFFFFFFFFFFFFFFFFFFFFFFFFFFFFFFFFFFFFFC0
:2080E000FFFFFFFFFFFFFFFFFFFFFFFFFFFFFFFFFFFFFFFFFFFFFFFFFFFFFFFFFFFFFFFFA0
:20810000FFFFFFFFFFFFFFFFFFFFFFFFFFFFFFFFFFFFFFFFFFFFFFFFFFFFFFFFFFFFFFFF7F
:20812000FFFFFFFFFFFFFFFFFFFFFFFFFFFFFFFFFFFFFFFFFFFFFFFFFFFFFFFFFFFFFFFF5F
:20814000FFFFFFFFFFFFFFFFFFFFFFFFFFFFFFFFFFFFFFFFFFFFFFFFFFFFFFFFFFFFFFFF3F
:20816000FFFFFFFFFFFFFFFFFFFFFFFFFFFFFFFFFFFFFFFFFFFFFFFFFFFFFFFFFFFFFFFF1F
:20818000FFFFFFFFFFFFFFFFFFFFFFFFFFFFFFFFFFFFFFFFFFFFFFFFFFFFFFFFFFFFFFFFFF
:2081A000FFFFFFFFFFFFFFFFFFFFFFFFFFFFFFFFFFFFFFFFFFFFFFFFFFFFFFFFFFFFFFFFDF
:2081C000FFFFFFFFFFFFFFFFFFFFFFFFFFFFFFFFFFFFFFFFFFFFFFFFFFFFFFFFFFFFFFFFBF
:2081E000FFFFFFFFFFFFFFFFFFFFFFFFFFFFFFFFFFFFFFFFFFFFFFFFFFFFFFFFFFFFFFFF9F
:20820000FFFFFFFFFFFFFFFFFFFFFFFFFFFFFFFFFFFFFFFFFFFFFFFFFFFFFFFFFFFFFFFF7E
:20822000FFFFFFFFFFFFFFFFFFFFFFFFFFFFFFFFFFFFFFFFFFFFFFFFFFFFFFFFFFFFFFFF5E
:20824000FFFFFFFFFFFFFFFFFFFFFFFFFFFFFFFFFFFFFFFFFFFFFFFFFFFFFFFFFFFFFFFF3E
:20826000FFFFFFFFFFFFFFFFFFFFFFFFFFFFFFFFFFFFFFFFFFFFFFFFFFFFFFFFFFFFFFFF1E
:20828000FFFFFFFFFFFFFFFFFFFFFFFFFFFFFFFFFFFFFFFFFFFFFFFFFFFFFFFFFFFFFFFFFE
:2082A000FFFFFFFFFFFFFFFFFFFFFFFFFFFFFFFFFFFFFFFFFFFFFFFFFFFFFFFFFFFFFFFFDE
:2082C000FFFFFFFFFFFFFFFFFFFFFFFFFFFFFFFFFFFFFFFFFFFFFFFFFFFFFFFFFFFFFFFFBE
:2082E000FFFFFFFFFFFFFFFFFFFFFFFFFFFFFFFFFFFFFFFFFFFFFFFFFFFFFFFFFFFFFFFF9E
:20830000FFFFFFFFFFFFFFFFFFFFFFFFFFFFFFFFFFFFFFFFFFFFFFFFFFFFFFFFFFFFFFFF7D
:20832000FFFFFFFFFFFFFFFFFFFFFFFFFFFFFFFFFFFFFFFFFFFFFFFFFFFFFFFFFFFFFFFF5D
:20834000FFFFFFFFFFFFFFFFFFFFFFFFFFFFFFFFFFFFFFFFFFFFFFFFFFFFFFFFFFFFFFFF3D
:20836000FFFFFFFFFFFFFFFFFFFFFFFFFFFFFFFFFFFFFFFFFFFFFFFFFFFFFFFFFFFFFFFF1D
:20838000FFFFFFFFFFFFFFFFFFFFFFFFFFFFFFFFFFFFFFFFFFFFFFFFFFFFFFFFFFFFFFFFFD
:2083A000FFFFFFFFFFFFFFFFFFFFFFFFFFFFFFFFFFFFFFFFFFFFFFFFFFFFFFFFFFFFFFFFDD
:2083C000FFFFFFFFFFFFFFFFFFFFFFFFFFFFFFFFFFFFFFFFFFFFFFFFFFFFFFFFFFFFFFFFBD
:2083E000FFFFFFFFFFFFFFFFFFFFFFFFFFFFFFFFFFFFFFFFFFFFFFFFFFFFFFFFFFFFFFFF9D
:20840000FFFFFFFFFFFFFFFFFFFFFFFFFFFFFFFFFFFFFFFFFFFFFFFFFFFFFFFFFFFFFFFF7C
:20842000FFFFFFFFFFFFFFFFFFFFFFFFFFFFFFFFFFFFFFFFFFFFFFFFFFFFFFFFFFFFFFFF5C
:20844000FFFFFFFFFFFFFFFFFFFFFFFFFFFFFFFFFFFFFFFFFFFFFFFFFFFFFFFFFFFFFFFF3C
:20846000FFFFFFFFFFFFFFFFFFFFFFFFFFFFFFFFFFFFFFFFFFFFFFFFFFFFFFFFFFFFFFFF1C
:20848000FFFFFFFFFFFFFFFFFFFFFFFFFFFFFFFFFFFFFFFFFFFFFFFFFFFFFFFFFFFFFFFFFC
:2084A000FFFFFFFFFFFFFFFFFFFFFFFFFFFFFFFFFFFFFFFFFFFFFFFFFFFFFFFFFFFFFFFFDC
:2084C000FFFFFFFFFFFFFFFFFFFFFFFFFFFFFFFFFFFFFFFFFFFFFFFFFFFFFFFFFFFFFFFFBC
:2084E000FFFFFFFFFFFFFFFFFFFFFFFFFFFFFFFFFFFFFFFFFFFFFFFFFFFFFFFFFFFFFFFF9C
:20850000FFFFFFFFFFFFFFFFFFFFFFFFFFFFFFFFFFFFFFFFFFFFFFFFFFFFFFFFFFFFFFFF7B
:20852000FFFFFFFFFFFFFFFFFFFFFFFFFFFFFFFFFFFFFFFFFFFFFFFFFFFFFFFFFFFFFFFF5B
:20854000FFFFFFFFFFFFFFFFFFFFFFFFFFFFFFFFFFFFFFFFFFFFFFFFFFFFFFFFFFFFFFFF3B
:20856000FFFFFFFFFFFFFFFFFFFFFFFFFFFFFFFFFFFFFFFFFFFFFFFFFFFFFFFFFFFFFFFF1B
:20858000FFFFFFFFFFFFFFFFFFFFFFFFFFFFFFFFFFFFFFFFFFFFFFFFFFFFFFFFFFFFFFFFFB
:2085A000FFFFFFFFFFFFFFFFFFFFFFFFFFFFFFFFFFFFFFFFFFFFFFFFFFFFFFFFFFFFFFFFDB
:2085C000FFFFFFFFFFFFFFFFFFFFFFFFFFFFFFFFFFFFFFFFFFFFFFFFFFFFFFFFFFFFFFFFBB
:2085E000FFFFFFFFFFFFFFFFFFFFFFFFFFFFFFFFFFFFFFFFFFFFFFFFFFFFFFFFFFFFFFFF9B
:20860000FFFFFFFFFFFFFFFFFFFFFFFFFFFFFFFFFFFFFFFFFFFFFFFFFFFFFFFFFFFFFFFF7A
:20862000FFFFFFFFFFFFFFFFFFFFFFFFFFFFFFFFFFFFFFFFFFFFFFFFFFFFFFFFFFFFFFFF5A
:20864000FFFFFFFFFFFFFFFFFFFFFFFFFFFFFFFFFFFFFFFFFFFFFFFFFFFFFFFFFFFFFFFF3A
:20866000FFFFFFFFFFFFFFFFFFFFFFFFFFFFFFFFFFFFFFFFFFFFFFFFFFFFFFFFFFFFFFFF1A
:20868000FFFFFFFFFFFFFFFFFFFFFFFFFFFFFFFFFFFFFFFFFFFFFFFFFFFFFFFFFFFFFFFFFA
:2086A000FFFFFFFFFFFFFFFFFFFFFFFFFFFFFFFFFFFFFFFFFFFFFFFFFFFFFFFFFFFFFFFFDA
:2086C000FFFFFFFFFFFFFFFFFFFFFFFFFFFFFFFFFFFFFFFFFFFFFFFFFFFFFFFFFFFFFFFFBA
:2086E000FFFFFFFFFFFFFFFFFFFFFFFFFFFFFFFFFFFFFFFFFFFFFFFFFFFFFFFFFFFFFFFF9A
:20870000FFFFFFFFFFFFFFFFFFFFFFFFFFFFFFFFFFFFFFFFFFFFFFFFFFFFFFFFFFFFFFFF79
:20872000FFFFFFFFFFFFFFFFFFFFFFFFFFFFFFFFFFFFFFFFFFFFFFFFFFFFFFFFFFFFFFFF59
:20874000FFFFFFFFFFFFFFFFFFFFFFFFFFFFFFFFFFFFFFFFFFFFFFFFFFFFFFFFFFFFFFFF39
:20876000FFFFFFFFFFFFFFFFFFFFFFFFFFFFFFFFFFFFFFFFFFFFFFFFFFFFFFFFFFFFFFFF19
:20878000FFFFFFFFFFFFFFFFFFFFFFFFFFFFFFFFFFFFFFFFFFFFFFFFFFFFFFFFFFFFFFFFF9
:2087A000FFFFFFFFFFFFFFFFFFFFFFFFFFFFFFFFFFFFFFFFFFFFFFFFFFFFFFFFFFFFFFFFD9
:2087C000FFFFFFFFFFFFFFFFFFFFFFFFFFFFFFFFFFFFFFFFFFFFFFFFFFFFFFFFFFFFFFFFB9
:2087E000FFFFFFFFFFFFFFFFFFFFFFFFFFFFFFFFFFFFFFFFFFFFFFFFFFFFFFFFFFFFFFFF99
:20880000FFFFFFFFFFFFFFFFFFFFFFFFFFFFFFFFFFFFFFFFFFFFFFFFFFFFFFFFFFFFFFFF78
:20882000FFFFFFFFFFFFFFFFFFFFFFFFFFFFFFFFFFFFFFFFFFFFFFFFFFFFFFFFFFFFFFFF58
:20884000FFFFFFFFFFFFFFFFFFFFFFFFFFFFFFFFFFFFFFFFFFFFFFFFFFFFFFFFFFFFFFFF38
:20886000FFFFFFFFFFFFFFFFFFFFFFFFFFFFFFFFFFFFFFFFFFFFFFFFFFFFFFFFFFFFFFFF18
:20888000FFFFFFFFFFFFFFFFFFFFFFFFFFFFFFFFFFFFFFFFFFFFFFFFFFFFFFFFFFFFFFFFF8
:2088A000FFFFFFFFFFFFFFFFFFFFFFFFFFFFFFFFFFFFFFFFFFFFFFFFFFFFFFFFFFFFFFFFD8
:2088C000FFFFFFFFFFFFFFFFFFFFFFFFFFFFFFFFFFFFFFFFFFFFFFFFFFFFFFFFFFFFFFFFB8
:2088E000FFFFFFFFFFFFFFFFFFFFFFFFFFFFFFFFFFFFFFFFFFFFFFFFFFFFFFFFFFFFFFFF98
:20890000FFFFFFFFFFFFFFFFFFFFFFFFFFFFFFFFFFFFFFFFFFFFFFFFFFFFFFFFFFFFFFFF77
:20892000FFFFFFFFFFFFFFFFFFFFFFFFFFFFFFFFFFFFFFFFFFFFFFFFFFFFFFFFFFFFFFFF57
:20894000FFFFFFFFFFFFFFFFFFFFFFFFFFFFFFFFFFFFFFFFFFFFFFFFFFFFFFFFFFFFFFFF37
:20896000FFFFFFFFFFFFFFFFFFFFFFFFFFFFFFFFFFFFFFFFFFFFFFFFFFFFFFFFFFFFFFFF17
:20898000FFFFFFFFFFFFFFFFFFFFFFFFFFFFFFFFFFFFFFFFFFFFFFFFFFFFFFFFFFFFFFFFF7
:2089A000FFFFFFFFFFFFFFFFFFFFFFFFFFFFFFFFFFFFFFFFFFFFFFFFFFFFFFFFFFFFFFFFD7
:2089C000FFFFFFFFFFFFFFFFFFFFFFFFFFFFFFFFFFFFFFFFFFFFFFFFFFFFFFFFFFFFFFFFB7
:2089E000FFFFFFFFFFFFFFFFFFFFFFFFFFFFFFFFFFFFFFFFFFFFFFFFFFFFFFFFFFFFFFFF97
:208A0000FFFFFFFFFFFFFFFFFFFFFFFFFFFFFFFFFFFFFFFFFFFFFFFFFFFFFFFFFFFFFFFF76
:208A2000FFFFFFFFFFFFFFFFFFFFFFFFFFFFFFFFFFFFFFFFFFFFFFFFFFFFFFFFFFFFFFFF56
:208A4000FFFFFFFFFFFFFFFFFFFFFFFFFFFFFFFFFFFFFFFFFFFFFFFFFFFFFFFFFFFFFFFF36
:208A6000FFFFFFFFFFFFFFFFFFFFFFFFFFFFFFFFFFFFFFFFFFFFFFFFFFFFFFFFFFFFFFFF16
:208A8000FFFFFFFFFFFFFFFFFFFFFFFFFFFFFFFFFFFFFFFFFFFFFFFFFFFFFFFFFFFFFFFFF6
:208AA000FFFFFFFFFFFFFFFFFFFFFFFFFFFFFFFFFFFFFFFFFFFFFFFFFFFFFFFFFFFFFFFFD6
:208AC000FFFFFFFFFFFFFFFFFFFFFFFFFFFFFFFFFFFFFFFFFFFFFFFFFFFFFFFFFFFFFFFFB6
:208AE000FFFFFFFFFFFFFFFFFFFFFFFFFFFFFFFFFFFFFFFFFFFFFFFFFFFFFFFFFFFFFFFF96
:208B0000FFFFFFFFFFFFFFFFFFFFFFFFFFFFFFFFFFFFFFFFFFFFFFFFFFFFFFFFFFFFFFFF75
:208B2000FFFFFFFFFFFFFFFFFFFFFFFFFFFFFFFFFFFFFFFFFFFFFFFFFFFFFFFFFFFFFFFF55
:208B4000FFFFFFFFFFFFFFFFFFFFFFFFFFFFFFFFFFFFFFFFFFFFFFFFFFFFFFFFFFFFFFFF35
:208B6000FFFFFFFFFFFFFFFFFFFFFFFFFFFFFFFFFFFFFFFFFFFFFFFFFFFFFFFFFFFFFFFF15
:208B8000FFFFFFFFFFFFFFFFFFFFFFFFFFFFFFFFFFFFFFFFFFFFFFFFFFFFFFFFFFFFFFFFF5
:208BA000FFFFFFFFFFFFFFFFFFFFFFFFFFFFFFFFFFFFFFFFFFFFFFFFFFFFFFFFFFFFFFFFD5
:208BC000FFFFFFFFFFFFFFFFFFFFFFFFFFFFFFFFFFFFFFFFFFFFFFFFFFFFFFFFFFFFFFFFB5
:208BE000FFFFFFFFFFFFFFFFFFFFFFFFFFFFFFFFFFFFFFFFFFFFFFFFFFFFFFFFFFFFFFFF95
:208C0000FFFFFFFFFFFFFFFFFFFFFFFFFFFFFFFFFFFFFFFFFFFFFFFFFFFFFFFFFFFFFFFF74
:208C2000FFFFFFFFFFFFFFFFFFFFFFFFFFFFFFFFFFFFFFFFFFFFFFFFFFFFFFFFFFFFFFFF54
:208C4000FFFFFFFFFFFFFFFFFFFFFFFFFFFFFFFFFFFFFFFFFFFFFFFFFFFFFFFFFFFFFFFF34
:208C6000FFFFFFFFFFFFFFFFFFFFFFFFFFFFFFFFFFFFFFFFFFFFFFFFFFFFFFFFFFFFFFFF14
:208C8000FFFFFFFFFFFFFFFFFFFFFFFFFFFFFFFFFFFFFFFFFFFFFFFFFFFFFFFFFFFFFFFFF4
:208CA000FFFFFFFFFFFFFFFFFFFFFFFFFFFFFFFFFFFFFFFFFFFFFFFFFFFFFFFFFFFFFFFFD4
:208CC000FFFFFFFFFFFFFFFFFFFFFFFFFFFFFFFFFFFFFFFFFFFFFFFFFFFFFFFFFFFFFFFFB4
:208CE000FFFFFFFFFFFFFFFFFFFFFFFFFFFFFFFFFFFFFFFFFFFFFFFFFFFFFFFFFFFFFFFF94
:208D0000FFFFFFFFFFFFFFFFFFFFFFFFFFFFFFFFFFFFFFFFFFFFFFFFFFFFFFFFFFFFFFFF73
:208D2000FFFFFFFFFFFFFFFFFFFFFFFFFFFFFFFFFFFFFFFFFFFFFFFFFFFFFFFFFFFFFFFF53
:208D4000FFFFFFFFFFFFFFFFFFFFFFFFFFFFFFFFFFFFFFFFFFFFFFFFFFFFFFFFFFFFFFFF33
:208D6000FFFFFFFFFFFFFFFFFFFFFFFFFFFFFFFFFFFFFFFFFFFFFFFFFFFFFFFFFFFFFFFF13
:208D8000FFFFFFFFFFFFFFFFFFFFFFFFFFFFFFFFFFFFFFFFFFFFFFFFFFFFFFFFFFFFFFFFF3
:208DA000FFFFFFFFFFFFFFFFFFFFFFFFFFFFFFFFFFFFFFFFFFFFFFFFFFFFFFFFFFFFFFFFD3
:208DC000FFFFFFFFFFFFFFFFFFFFFFFFFFFFFFFFFFFFFFFFFFFFFFFFFFFFFFFFFFFFFFFFB3
:208DE000FFFFFFFFFFFFFFFFFFFFFFFFFFFFFFFFFFFFFFFFFFFFFFFFFFFFFFFFFFFFFFFF93
:208E0000FFFFFFFFFFFFFFFFFFFFFFFFFFFFFFFFFFFFFFFFFFFFFFFFFFFFFFFFFFFFFFFF72
:208E2000FFFFFFFFFFFFFFFFFFFFFFFFFFFFFFFFFFFFFFFFFFFFFFFFFFFFFFFFFFFFFFFF52
:208E4000FFFFFFFFFFFFFFFFFFFFFFFFFFFFFFFFFFFFFFFFFFFFFFFFFFFFFFFFFFFFFFFF32
:208E6000FFFFFFFFFFFFFFFFFFFFFFFFFFFFFFFFFFFFFFFFFFFFFFFFFFFFFFFFFFFFFFFF12
:208E8000FFFFFFFFFFFFFFFFFFFFFFFFFFFFFFFFFFFFFFFFFFFFFFFFFFFFFFFFFFFFFFFFF2
:208EA000FFFFFFFFFFFFFFFFFFFFFFFFFFFFFFFFFFFFFFFFFFFFFFFFFFFFFFFFFFFFFFFFD2
:208EC000FFFFFFFFFFFFFFFFFFFFFFFFFFFFFFFFFFFFFFFFFFFFFFFFFFFFFFFFFFFFFFFFB2
:208EE000FFFFFFFFFFFFFFFFFFFFFFFFFFFFFFFFFFFFFFFFFFFFFFFFFFFFFFFFFFFFFFFF92
:208F0000FFFFFFFFFFFFFFFFFFFFFFFFFFFFFFFFFFFFFFFFFFFFFFFFFFFFFFFFFFFFFFFF71
:208F2000FFFFFFFFFFFFFFFFFFFFFFFFFFFFFFFFFFFFFFFFFFFFFFFFFFFFFFFFFFFFFFFF51
:208F4000FFFFFFFFFFFFFFFFFFFFFFFFFFFFFFFFFFFFFFFFFFFFFFFFFFFFFFFFFFFFFFFF31
:208F6000FFFFFFFFFFFFFFFFFFFFFFFFFFFFFFFFFFFFFFFFFFFFFFFFFFFFFFFFFFFFFFFF11
:208F8000FFFFFFFFFFFFFFFFFFFFFFFFFFFFFFFFFFFFFFFFFFFFFFFFFFFFFFFFFFFFFFFFF1
:208FA000FFFFFFFFFFFFFFFFFFFFFFFFFFFFFFFFFFFFFFFFFFFFFFFFFFFFFFFFFFFFFFFFD1
:208FC000FFFFFFFFFFFFFFFFFFFFFFFFFFFFFFFFFFFFFFFFFFFFFFFFFFFFFFFFFFFFFFFFB1
:208FE000FFFFFFFFFFFFFFFFFFFFFFFFFFFFFFFFFFFFFFFFFFFFFFFFFFFFFFFFFFFFFFFF91
:20900000FFFFFFFFFFFFFFFFFFFFFFFFFFFFFFFFFFFFFFFFFFFFFFFFFFFFFFFFFFFFFFFF70
:20902000FFFFFFFFFFFFFFFFFFFFFFFFFFFFFFFFFFFFFFFFFFFFFFFFFFFFFFFFFFFFFFFF50
:20904000FFFFFFFFFFFFFFFFFFFFFFFFFFFFFFFFFFFFFFFFFFFFFFFFFFFFFFFFFFFFFFFF30
:20906000FFFFFFFFFFFFFFFFFFFFFFFFFFFFFFFFFFFFFFFFFFFFFFFFFFFFFFFFFFFFFFFF10
:20908000FFFFFFFFFFFFFFFFFFFFFFFFFFFFFFFFFFFFFFFFFFFFFFFFFFFFFFFFFFFFFFFFF0
:2090A000FFFFFFFFFFFFFFFFFFFFFFFFFFFFFFFFFFFFFFFFFFFFFFFFFFFFFFFFFFFFFFFFD0
:2090C000FFFFFFFFFFFFFFFFFFFFFFFFFFFFFFFFFFFFFFFFFFFFFFFFFFFFFFFFFFFFFFFFB0
:2090E000FFFFFFFFFFFFFFFFFFFFFFFFFFFFFFFFFFFFFFFFFFFFFFFFFFFFFFFFFFFFFFFF90
:20910000FFFFFFFFFFFFFFFFFFFFFFFFFFFFFFFFFFFFFFFFFFFFFFFFFFFFFFFFFFFFFFFF6F
:20912000FFFFFFFFFFFFFFFFFFFFFFFFFFFFFFFFFFFFFFFFFFFFFFFFFFFFFFFFFFFFFFFF4F
:20914000FFFFFFFFFFFFFFFFFFFFFFFFFFFFFFFFFFFFFFFFFFFFFFFFFFFFFFFFFFFFFFFF2F
:20916000FFFFFFFFFFFFFFFFFFFFFFFFFFFFFFFFFFFFFFFFFFFFFFFFFFFFFFFFFFFFFFFF0F
:20918000FFFFFFFFFFFFFFFFFFFFFFFFFFFFFFFFFFFFFFFFFFFFFFFFFFFFFFFFFFFFFFFFEF
:2091A000FFFFFFFFFFFFFFFFFFFFFFFFFFFFFFFFFFFFFFFFFFFFFFFFFFFFFFFFFFFFFFFFCF
:2091C000FFFFFFFFFFFFFFFFFFFFFFFFFFFFFFFFFFFFFFFFFFFFFFFFFFFFFFFFFFFFFFFFAF
:2091E000FFFFFFFFFFFFFFFFFFFFFFFFFFFFFFFFFFFFFFFFFFFFFFFFFFFFFFFFFFFFFFFF8F
:20920000FFFFFFFFFFFFFFFFFFFFFFFFFFFFFFFFFFFFFFFFFFFFFFFFFFFFFFFFFFFFFFFF6E
:20922000FFFFFFFFFFFFFFFFFFFFFFFFFFFFFFFFFFFFFFFFFFFFFFFFFFFFFFFFFFFFFFFF4E
:20924000FFFFFFFFFFFFFFFFFFFFFFFFFFFFFFFFFFFFFFFFFFFFFFFFFFFFFFFFFFFFFFFF2E
:20926000FFFFFFFFFFFFFFFFFFFFFFFFFFFFFFFFFFFFFFFFFFFFFFFFFFFFFFFFFFFFFFFF0E
:20928000FFFFFFFFFFFFFFFFFFFFFFFFFFFFFFFFFFFFFFFFFFFFFFFFFFFFFFFFFFFFFFFFEE
:2092A000FFFFFFFFFFFFFFFFFFFFFFFFFFFFFFFFFFFFFFFFFFFFFFFFFFFFFFFFFFFFFFFFCE
:2092C000FFFFFFFFFFFFFFFFFFFFFFFFFFFFFFFFFFFFFFFFFFFFFFFFFFFFFFFFFFFFFFFFAE
:2092E000FFFFFFFFFFFFFFFFFFFFFFFFFFFFFFFFFFFFFFFFFFFFFFFFFFFFFFFFFFFFFFFF8E
:20930000FFFFFFFFFFFFFFFFFFFFFFFFFFFFFFFFFFFFFFFFFFFFFFFFFFFFFFFFFFFFFFFF6D
:20932000FFFFFFFFFFFFFFFFFFFFFFFFFFFFFFFFFFFFFFFFFFFFFFFFFFFFFFFFFFFFFFFF4D
:20934000FFFFFFFFFFFFFFFFFFFFFFFFFFFFFFFFFFFFFFFFFFFFFFFFFFFFFFFFFFFFFFFF2D
:20936000FFFFFFFFFFFFFFFFFFFFFFFFFFFFFFFFFFFFFFFFFFFFFFFFFFFFFFFFFFFFFFFF0D
:20938000FFFFFFFFFFFFFFFFFFFFFFFFFFFFFFFFFFFFFFFFFFFFFFFFFFFFFFFFFFFFFFFFED
:2093A000FFFFFFFFFFFFFFFFFFFFFFFFFFFFFFFFFFFFFFFFFFFFFFFFFFFFFFFFFFFFFFFFCD
:2093C000FFFFFFFFFFFFFFFFFFFFFFFFFFFFFFFFFFFFFFFFFFFFFFFFFFFFFFFFFFFFFFFFAD
:2093E000FFFFFFFFFFFFFFFFFFFFFFFFFFFFFFFFFFFFFFFFFFFFFFFFFFFFFFFFFFFFFFFF8D
:20940000FFFFFFFFFFFFFFFFFFFFFFFFFFFFFFFFFFFFFFFFFFFFFFFFFFFFFFFFFFFFFFFF6C
:20942000FFFFFFFFFFFFFFFFFFFFFFFFFFFFFFFFFFFFFFFFFFFFFFFFFFFFFFFFFFFFFFFF4C
:20944000FFFFFFFFFFFFFFFFFFFFFFFFFFFFFFFFFFFFFFFFFFFFFFFFFFFFFFFFFFFFFFFF2C
:20946000FFFFFFFFFFFFFFFFFFFFFFFFFFFFFFFFFFFFFFFFFFFFFFFFFFFFFFFFFFFFFFFF0C
:20948000FFFFFFFFFFFFFFFFFFFFFFFFFFFFFFFFFFFFFFFFFFFFFFFFFFFFFFFFFFFFFFFFEC
:2094A000FFFFFFFFFFFFFFFFFFFFFFFFFFFFFFFFFFFFFFFFFFFFFFFFFFFFFFFFFFFFFFFFCC
:2094C000FFFFFFFFFFFFFFFFFFFFFFFFFFFFFFFFFFFFFFFFFFFFFFFFFFFFFFFFFFFFFFFFAC
:2094E000FFFFFFFFFFFFFFFFFFFFFFFFFFFFFFFFFFFFFFFFFFFFFFFFFFFFFFFFFFFFFFFF8C
:20950000FFFFFFFFFFFFFFFFFFFFFFFFFFFFFFFFFFFFFFFFFFFFFFFFFFFFFFFFFFFFFFFF6B
:20952000FFFFFFFFFFFFFFFFFFFFFFFFFFFFFFFFFFFFFFFFFFFFFFFFFFFFFFFFFFFFFFFF4B
:20954000FFFFFFFFFFFFFFFFFFFFFFFFFFFFFFFFFFFFFFFFFFFFFFFFFFFFFFFFFFFFFFFF2B
:20956000FFFFFFFFFFFFFFFFFFFFFFFFFFFFFFFFFFFFFFFFFFFFFFFFFFFFFFFFFFFFFFFF0B
:20958000FFFFFFFFFFFFFFFFFFFFFFFFFFFFFFFFFFFFFFFFFFFFFFFFFFFFFFFFFFFFFFFFEB
:2095A000FFFFFFFFFFFFFFFFFFFFFFFFFFFFFFFFFFFFFFFFFFFFFFFFFFFFFFFFFFFFFFFFCB
:2095C000FFFFFFFFFFFFFFFFFFFFFFFFFFFFFFFFFFFFFFFFFFFFFFFFFFFFFFFFFFFFFFFFAB
:2095E000FFFFFFFFFFFFFFFFFFFFFFFFFFFFFFFFFFFFFFFFFFFFFFFFFFFFFFFFFFFFFFFF8B
:20960000FFFFFFFFFFFFFFFFFFFFFFFFFFFFFFFFFFFFFFFFFFFFFFFFFFFFFFFFFFFFFFFF6A
:20962000FFFFFFFFFFFFFFFFFFFFFFFFFFFFFFFFFFFFFFFFFFFFFFFFFFFFFFFFFFFFFFFF4A
:20964000FFFFFFFFFFFFFFFFFFFFFFFFFFFFFFFFFFFFFFFFFFFFFFFFFFFFFFFFFFFFFFFF2A
:20966000FFFFFFFFFFFFFFFFFFFFFFFFFFFFFFFFFFFFFFFFFFFFFFFFFFFFFFFFFFFFFFFF0A
:20968000FFFFFFFFFFFFFFFFFFFFFFFFFFFFFFFFFFFFFFFFFFFFFFFFFFFFFFFFFFFFFFFFEA
:2096A000FFFFFFFFFFFFFFFFFFFFFFFFFFFFFFFFFFFFFFFFFFFFFFFFFFFFFFFFFFFFFFFFCA
:2096C000FFFFFFFFFFFFFFFFFFFFFFFFFFFFFFFFFFFFFFFFFFFFFFFFFFFFFFFFFFFFFFFFAA
:2096E000FFFFFFFFFFFFFFFFFFFFFFFFFFFFFFFFFFFFFFFFFFFFFFFFFFFFFFFFFFFFFFFF8A
:20970000FFFFFFFFFFFFFFFFFFFFFFFFFFFFFFFFFFFFFFFFFFFFFFFFFFFFFFFFFFFFFFFF69
:20972000FFFFFFFFFFFFFFFFFFFFFFFFFFFFFFFFFFFFFFFFFFFFFFFFFFFFFFFFFFFFFFFF49
:20974000FFFFFFFFFFFFFFFFFFFFFFFFFFFFFFFFFFFFFFFFFFFFFFFFFFFFFFFFFFFFFFFF29
:20976000FFFFFFFFFFFFFFFFFFFFFFFFFFFFFFFFFFFFFFFFFFFFFFFFFFFFFFFFFFFFFFFF09
:20978000FFFFFFFFFFFFFFFFFFFFFFFFFFFFFFFFFFFFFFFFFFFFFFFFFFFFFFFFFFFFFFFFE9
:2097A000FFFFFFFFFFFFFFFFFFFFFFFFFFFFFFFFFFFFFFFFFFFFFFFFFFFFFFFFFFFFFFFFC9
:2097C000FFFFFFFFFFFFFFFFFFFFFFFFFFFFFFFFFFFFFFFFFFFFFFFFFFFFFFFFFFFFFFFFA9
:2097E000FFFFFFFFFFFFFFFFFFFFFFFFFFFFFFFFFFFFFFFFFFFFFFFFFFFFFFFFFFFFFFFF89
:20980000FFFFFFFFFFFFFFFFFFFFFFFFFFFFFFFFFFFFFFFFFFFFFFFFFFFFFFFFFFFFFFFF68
:20982000FFFFFFFFFFFFFFFFFFFFFFFFFFFFFFFFFFFFFFFFFFFFFFFFFFFFFFFFFFFFFFFF48
:20984000FFFFFFFFFFFFFFFFFFFFFFFFFFFFFFFFFFFFFFFFFFFFFFFFFFFFFFFFFFFFFFFF28
:20986000FFFFFFFFFFFFFFFFFFFFFFFFFFFFFFFFFFFFFFFFFFFFFFFFFFFFFFFFFFFFFFFF08
:20988000FFFFFFFFFFFFFFFFFFFFFFFFFFFFFFFFFFFFFFFFFFFFFFFFFFFFFFFFFFFFFFFFE8
:2098A000FFFFFFFFFFFFFFFFFFFFFFFFFFFFFFFFFFFFFFFFFFFFFFFFFFFFFFFFFFFFFFFFC8
:2098C000FFFFFFFFFFFFFFFFFFFFFFFFFFFFFFFFFFFFFFFFFFFFFFFFFFFFFFFFFFFFFFFFA8
:2098E000FFFFFFFFFFFFFFFFFFFFFFFFFFFFFFFFFFFFFFFFFFFFFFFFFFFFFFFFFFFFFFFF88
:20990000FFFFFFFFFFFFFFFFFFFFFFFFFFFFFFFFFFFFFFFFFFFFFFFFFFFFFFFFFFFFFFFF67
:20992000FFFFFFFFFFFFFFFFFFFFFFFFFFFFFFFFFFFFFFFFFFFFFFFFFFFFFFFFFFFFFFFF47
:20994000FFFFFFFFFFFFFFFFFFFFFFFFFFFFFFFFFFFFFFFFFFFFFFFFFFFFFFFFFFFFFFFF27
:20996000FFFFFFFFFFFFFFFFFFFFFFFFFFFFFFFFFFFFFFFFFFFFFFFFFFFFFFFFFFFFFFFF07
:20998000FFFFFFFFFFFFFFFFFFFFFFFFFFFFFFFFFFFFFFFFFFFFFFFFFFFFFFFFFFFFFFFFE7
:2099A000FFFFFFFFFFFFFFFFFFFFFFFFFFFFFFFFFFFFFFFFFFFFFFFFFFFFFFFFFFFFFFFFC7
:2099C000FFFFFFFFFFFFFFFFFFFFFFFFFFFFFFFFFFFFFFFFFFFFFFFFFFFFFFFFFFFFFFFFA7
:2099E000FFFFFFFFFFFFFFFFFFFFFFFFFFFFFFFFFFFFFFFFFFFFFFFFFFFFFFFFFFFFFFFF87
:209A0000FFFFFFFFFFFFFFFFFFFFFFFFFFFFFFFFFFFFFFFFFFFFFFFFFFFFFFFFFFFFFFFF66
:209A2000FFFFFFFFFFFFFFFFFFFFFFFFFFFFFFFFFFFFFFFFFFFFFFFFFFFFFFFFFFFFFFFF46
:209A4000FFFFFFFFFFFFFFFFFFFFFFFFFFFFFFFFFFFFFFFFFFFFFFFFFFFFFFFFFFFFFFFF26
:209A6000FFFFFFFFFFFFFFFFFFFFFFFFFFFFFFFFFFFFFFFFFFFFFFFFFFFFFFFFFFFFFFFF06
:209A8000FFFFFFFFFFFFFFFFFFFFFFFFFFFFFFFFFFFFFFFFFFFFFFFFFFFFFFFFFFFFFFFFE6
:209AA000FFFFFFFFFFFFFFFFFFFFFFFFFFFFFFFFFFFFFFFFFFFFFFFFFFFFFFFFFFFFFFFFC6
:209AC000FFFFFFFFFFFFFFFFFFFFFFFFFFFFFFFFFFFFFFFFFFFFFFFFFFFFFFFFFFFFFFFFA6
:209AE000FFFFFFFFFFFFFFFFFFFFFFFFFFFFFFFFFFFFFFFFFFFFFFFFFFFFFFFFFFFFFFFF86
:209B0000FFFFFFFFFFFFFFFFFFFFFFFFFFFFFFFFFFFFFFFFFFFFFFFFFFFFFFFFFFFFFFFF65
:209B2000FFFFFFFFFFFFFFFFFFFFFFFFFFFFFFFFFFFFFFFFFFFFFFFFFFFFFFFFFFFFFFFF45
:209B4000FFFFFFFFFFFFFFFFFFFFFFFFFFFFFFFFFFFFFFFFFFFFFFFFFFFFFFFFFFFFFFFF25
:209B6000FFFFFFFFFFFFFFFFFFFFFFFFFFFFFFFFFFFFFFFFFFFFFFFFFFFFFFFFFFFFFFFF05
:209B8000FFFFFFFFFFFFFFFFFFFFFFFFFFFFFFFFFFFFFFFFFFFFFFFFFFFFFFFFFFFFFFFFE5
:209BA000FFFFFFFFFFFFFFFFFFFFFFFFFFFFFFFFFFFFFFFFFFFFFFFFFFFFFFFFFFFFFFFFC5
:209BC000FFFFFFFFFFFFFFFFFFFFFFFFFFFFFFFFFFFFFFFFFFFFFFFFFFFFFFFFFFFFFFFFA5
:209BE000FFFFFFFFFFFFFFFFFFFFFFFFFFFFFFFFFFFFFFFFFFFFFFFFFFFFFFFFFFFFFFFF85
:209C0000FFFFFFFFFFFFFFFFFFFFFFFFFFFFFFFFFFFFFFFFFFFFFFFFFFFFFFFFFFFFFFFF64
:209C2000FFFFFFFFFFFFFFFFFFFFFFFFFFFFFFFFFFFFFFFFFFFFFFFFFFFFFFFFFFFFFFFF44
:209C4000FFFFFFFFFFFFFFFFFFFFFFFFFFFFFFFFFFFFFFFFFFFFFFFFFFFFFFFFFFFFFFFF24
:209C6000FFFFFFFFFFFFFFFFFFFFFFFFFFFFFFFFFFFFFFFFFFFFFFFFFFFFFFFFFFFFFFFF04
:209C8000FFFFFFFFFFFFFFFFFFFFFFFFFFFFFFFFFFFFFFFFFFFFFFFFFFFFFFFFFFFFFFFFE4
:209CA000FFFFFFFFFFFFFFFFFFFFFFFFFFFFFFFFFFFFFFFFFFFFFFFFFFFFFFFFFFFFFFFFC4
:209CC000FFFFFFFFFFFFFFFFFFFFFFFFFFFFFFFFFFFFFFFFFFFFFFFFFFFFFFFFFFFFFFFFA4
:209CE000FFFFFFFFFFFFFFFFFFFFFFFFFFFFFFFFFFFFFFFFFFFFFFFFFFFFFFFFFFFFFFFF84
:209D0000FFFFFFFFFFFFFFFFFFFFFFFFFFFFFFFFFFFFFFFFFFFFFFFFFFFFFFFFFFFFFFFF63
:209D2000FFFFFFFFFFFFFFFFFFFFFFFFFFFFFFFFFFFFFFFFFFFFFFFFFFFFFFFFFFFFFFFF43
:209D4000FFFFFFFFFFFFFFFFFFFFFFFFFFFFFFFFFFFFFFFFFFFFFFFFFFFFFFFFFFFFFFFF23
:209D6000FFFFFFFFFFFFFFFFFFFFFFFFFFFFFFFFFFFFFFFFFFFFFFFFFFFFFFFFFFFFFFFF03
:209D8000FFFFFFFFFFFFFFFFFFFFFFFFFFFFFFFFFFFFFFFFFFFFFFFFFFFFFFFFFFFFFFFFE3
:209DA000FFFFFFFFFFFFFFFFFFFFFFFFFFFFFFFFFFFFFFFFFFFFFFFFFFFFFFFFFFFFFFFFC3
:209DC000FFFFFFFFFFFFFFFFFFFFFFFFFFFFFFFFFFFFFFFFFFFFFFFFFFFFFFFFFFFFFFFFA3
:209DE000FFFFFFFFFFFFFFFFFFFFFFFFFFFFFFFFFFFFFFFFFFFFFFFFFFFFFFFFFFFFFFFF83
:209E0000FFFFFFFFFFFFFFFFFFFFFFFFFFFFFFFFFFFFFFFFFFFFFFFFFFFFFFFFFFFFFFFF62
:209E2000FFFFFFFFFFFFFFFFFFFFFFFFFFFFFFFFFFFFFFFFFFFFFFFFFFFFFFFFFFFFFFFF42
:209E4000FFFFFFFFFFFFFFFFFFFFFFFFFFFFFFFFFFFFFFFFFFFFFFFFFFFFFFFFFFFFFFFF22
:209E6000FFFFFFFFFFFFFFFFFFFFFFFFFFFFFFFFFFFFFFFFFFFFFFFFFFFFFFFFFFFFFFFF02
:209E8000FFFFFFFFFFFFFFFFFFFFFFFFFFFFFFFFFFFFFFFFFFFFFFFFFFFFFFFFFFFFFFFFE2
:209EA000FFFFFFFFFFFFFFFFFFFFFFFFFFFFFFFFFFFFFFFFFFFFFFFFFFFFFFFFFFFFFFFFC2
:209EC000FFFFFFFFFFFFFFFFFFFFFFFFFFFFFFFFFFFFFFFFFFFFFFFFFFFFFFFFFFFFFFFFA2
:209EE000FFFFFFFFFFFFFFFFFFFFFFFFFFFFFFFFFFFFFFFFFFFFFFFFFFFFFFFFFFFFFFFF82
:209F0000FFFFFFFFFFFFFFFFFFFFFFFFFFFFFFFFFFFFFFFFFFFFFFFFFFFFFFFFFFFFFFFF61
:209F2000FFFFFFFFFFFFFFFFFFFFFFFFFFFFFFFFFFFFFFFFFFFFFFFFFFFFFFFFFFFFFFFF41
:209F4000FFFFFFFFFFFFFFFFFFFFFFFFFFFFFFFFFFFFFFFFFFFFFFFFFFFFFFFFFFFFFFFF21
:209F6000FFFFFFFFFFFFFFFFFFFFFFFFFFFFFFFFFFFFFFFFFFFFFFFFFFFFFFFFFFFFFFFF01
:209F8000FFFFFFFFFFFFFFFFFFFFFFFFFFFFFFFFFFFFFFFFFFFFFFFFFFFFFFFFFFFFFFFFE1
:209FA000FFFFFFFFFFFFFFFFFFFFFFFFFFFFFFFFFFFFFFFFFFFFFFFFFFFFFFFFFFFFFFFFC1
:209FC000FFFFFFFFFFFFFFFFFFFFFFFFFFFFFFFFFFFFFFFFFFFFFFFFFFFFFFFFFFFFFFFFA1
:209FE000FFFFFFFFFFFFFFFFFFFFFFFFFFFFFFFFFFFFFFFFFFFFFFFFFFFFFFFFFFFFFFFF81
:20A00000FFFFFFFFFFFFFFFFFFFFFFFFFFFFFFFFFFFFFFFFFFFFFFFFFFFFFFFFFFFFFFFF60
:20A02000FFFFFFFFFFFFFFFFFFFFFFFFFFFFFFFFFFFFFFFFFFFFFFFFFFFFFFFFFFFFFFFF40
:20A04000FFFFFFFFFFFFFFFFFFFFFFFFFFFFFFFFFFFFFFFFFFFFFFFFFFFFFFFFFFFFFFFF20
:20A06000FFFFFFFFFFFFFFFFFFFFFFFFFFFFFFFFFFFFFFFFFFFFFFFFFFFFFFFFFFFFFFFF00
:20A08000FFFFFFFFFFFFFFFFFFFFFFFFFFFFFFFFFFFFFFFFFFFFFFFFFFFFFFFFFFFFFFFFE0
:20A0A000FFFFFFFFFFFFFFFFFFFFFFFFFFFFFFFFFFFFFFFFFFFFFFFFFFFFFFFFFFFFFFFFC0
:20A0C000FFFFFFFFFFFFFFFFFFFFFFFFFFFFFFFFFFFFFFFFFFFFFFFFFFFFFFFFFFFFFFFFA0
:20A0E000FFFFFFFFFFFFFFFFFFFFFFFFFFFFFFFFFFFFFFFFFFFFFFFFFFFFFFFFFFFFFFFF80
:20A10000FFFFFFFFFFFFFFFFFFFFFFFFFFFFFFFFFFFFFFFFFFFFFFFFFFFFFFFFFFFFFFFF5F
:20A12000FFFFFFFFFFFFFFFFFFFFFFFFFFFFFFFFFFFFFFFFFFFFFFFFFFFFFFFFFFFFFFFF3F
:20A14000FFFFFFFFFFFFFFFFFFFFFFFFFFFFFFFFFFFFFFFFFFFFFFFFFFFFFFFFFFFFFFFF1F
:20A16000FFFFFFFFFFFFFFFFFFFFFFFFFFFFFFFFFFFFFFFFFFFFFFFFFFFFFFFFFFFFFFFFFF
:20A18000FFFFFFFFFFFFFFFFFFFFFFFFFFFFFFFFFFFFFFFFFFFFFFFFFFFFFFFFFFFFFFFFDF
:20A1A000FFFFFFFFFFFFFFFFFFFFFFFFFFFFFFFFFFFFFFFFFFFFFFFFFFFFFFFFFFFFFFFFBF
:20A1C000FFFFFFFFFFFFFFFFFFFFFFFFFFFFFFFFFFFFFFFFFFFFFFFFFFFFFFFFFFFFFFFF9F
:20A1E000FFFFFFFFFFFFFFFFFFFFFFFFFFFFFFFFFFFFFFFFFFFFFFFFFFFFFFFFFFFFFFFF7F
:20A20000FFFFFFFFFFFFFFFFFFFFFFFFFFFFFFFFFFFFFFFFFFFFFFFFFFFFFFFFFFFFFFFF5E
:20A22000FFFFFFFFFFFFFFFFFFFFFFFFFFFFFFFFFFFFFFFFFFFFFFFFFFFFFFFFFFFFFFFF3E
:20A24000FFFFFFFFFFFFFFFFFFFFFFFFFFFFFFFFFFFFFFFFFFFFFFFFFFFFFFFFFFFFFFFF1E
:20A26000FFFFFFFFFFFFFFFFFFFFFFFFFFFFFFFFFFFFFFFFFFFFFFFFFFFFFFFFFFFFFFFFFE
:20A28000FFFFFFFFFFFFFFFFFFFFFFFFFFFFFFFFFFFFFFFFFFFFFFFFFFFFFFFFFFFFFFFFDE
:20A2A000FFFFFFFFFFFFFFFFFFFFFFFFFFFFFFFFFFFFFFFFFFFFFFFFFFFFFFFFFFFFFFFFBE
:20A2C000FFFFFFFFFFFFFFFFFFFFFFFFFFFFFFFFFFFFFFFFFFFFFFFFFFFFFFFFFFFFFFFF9E
:20A2E000FFFFFFFFFFFFFFFFFFFFFFFFFFFFFFFFFFFFFFFFFFFFFFFFFFFFFFFFFFFFFFFF7E
:20A30000FFFFFFFFFFFFFFFFFFFFFFFFFFFFFFFFFFFFFFFFFFFFFFFFFFFFFFFFFFFFFFFF5D
:20A32000FFFFFFFFFFFFFFFFFFFFFFFFFFFFFFFFFFFFFFFFFFFFFFFFFFFFFFFFFFFFFFFF3D
:20A34000FFFFFFFFFFFFFFFFFFFFFFFFFFFFFFFFFFFFFFFFFFFFFFFFFFFFFFFFFFFFFFFF1D
:20A36000FFFFFFFFFFFFFFFFFFFFFFFFFFFFFFFFFFFFFFFFFFFFFFFFFFFFFFFFFFFFFFFFFD
:20A38000FFFFFFFFFFFFFFFFFFFFFFFFFFFFFFFFFFFFFFFFFFFFFFFFFFFFFFFFFFFFFFFFDD
:20A3A000FFFFFFFFFFFFFFFFFFFFFFFFFFFFFFFFFFFFFFFFFFFFFFFFFFFFFFFFFFFFFFFFBD
:20A3C000FFFFFFFFFFFFFFFFFFFFFFFFFFFFFFFFFFFFFFFFFFFFFFFFFFFFFFFFFFFFFFFF9D
:20A3E000FFFFFFFFFFFFFFFFFFFFFFFFFFFFFFFFFFFFFFFFFFFFFFFFFFFFFFFFFFFFFFFF7D
:20A40000FFFFFFFFFFFFFFFFFFFFFFFFFFFFFFFFFFFFFFFFFFFFFFFFFFFFFFFFFFFFFFFF5C
:20A42000FFFFFFFFFFFFFFFFFFFFFFFFFFFFFFFFFFFFFFFFFFFFFFFFFFFFFFFFFFFFFFFF3C
:20A44000FFFFFFFFFFFFFFFFFFFFFFFFFFFFFFFFFFFFFFFFFFFFFFFFFFFFFFFFFFFFFFFF1C
:20A46000FFFFFFFFFFFFFFFFFFFFFFFFFFFFFFFFFFFFFFFFFFFFFFFFFFFFFFFFFFFFFFFFFC
:20A48000FFFFFFFFFFFFFFFFFFFFFFFFFFFFFFFFFFFFFFFFFFFFFFFFFFFFFFFFFFFFFFFFDC
:20A4A000FFFFFFFFFFFFFFFFFFFFFFFFFFFFFFFFFFFFFFFFFFFFFFFFFFFFFFFFFFFFFFFFBC
:20A4C000FFFFFFFFFFFFFFFFFFFFFFFFFFFFFFFFFFFFFFFFFFFFFFFFFFFFFFFFFFFFFFFF9C
:20A4E000FFFFFFFFFFFFFFFFFFFFFFFFFFFFFFFFFFFFFFFFFFFFFFFFFFFFFFFFFFFFFFFF7C
:20A50000FFFFFFFFFFFFFFFFFFFFFFFFFFFFFFFFFFFFFFFFFFFFFFFFFFFFFFFFFFFFFFFF5B
:20A52000FFFFFFFFFFFFFFFFFFFFFFFFFFFFFFFFFFFFFFFFFFFFFFFFFFFFFFFFFFFFFFFF3B
:20A54000FFFFFFFFFFFFFFFFFFFFFFFFFFFFFFFFFFFFFFFFFFFFFFFFFFFFFFFFFFFFFFFF1B
:20A56000FFFFFFFFFFFFFFFFFFFFFFFFFFFFFFFFFFFFFFFFFFFFFFFFFFFFFFFFFFFFFFFFFB
:20A58000FFFFFFFFFFFFFFFFFFFFFFFFFFFFFFFFFFFFFFFFFFFFFFFFFFFFFFFFFFFFFFFFDB
:20A5A000FFFFFFFFFFFFFFFFFFFFFFFFFFFFFFFFFFFFFFFFFFFFFFFFFFFFFFFFFFFFFFFFBB
:20A5C000FFFFFFFFFFFFFFFFFFFFFFFFFFFFFFFFFFFFFFFFFFFFFFFFFFFFFFFFFFFFFFFF9B
:20A5E000FFFFFFFFFFFFFFFFFFFFFFFFFFFFFFFFFFFFFFFFFFFFFFFFFFFFFFFFFFFFFFFF7B
:20A60000FFFFFFFFFFFFFFFFFFFFFFFFFFFFFFFFFFFFFFFFFFFFFFFFFFFFFFFFFFFFFFFF5A
:20A62000FFFFFFFFFFFFFFFFFFFFFFFFFFFFFFFFFFFFFFFFFFFFFFFFFFFFFFFFFFFFFFFF3A
:20A64000FFFFFFFFFFFFFFFFFFFFFFFFFFFFFFFFFFFFFFFFFFFFFFFFFFFFFFFFFFFFFFFF1A
:20A66000FFFFFFFFFFFFFFFFFFFFFFFFFFFFFFFFFFFFFFFFFFFFFFFFFFFFFFFFFFFFFFFFFA
:20A68000FFFFFFFFFFFFFFFFFFFFFFFFFFFFFFFFFFFFFFFFFFFFFFFFFFFFFFFFFFFFFFFFDA
:20A6A000FFFFFFFFFFFFFFFFFFFFFFFFFFFFFFFFFFFFFFFFFFFFFFFFFFFFFFFFFFFFFFFFBA
:20A6C000FFFFFFFFFFFFFFFFFFFFFFFFFFFFFFFFFFFFFFFFFFFFFFFFFFFFFFFFFFFFFFFF9A
:20A6E000FFFFFFFFFFFFFFFFFFFFFFFFFFFFFFFFFFFFFFFFFFFFFFFFFFFFFFFFFFFFFFFF7A
:20A70000FFFFFFFFFFFFFFFFFFFFFFFFFFFFFFFFFFFFFFFFFFFFFFFFFFFFFFFFFFFFFFFF59
:20A72000FFFFFFFFFFFFFFFFFFFFFFFFFFFFFFFFFFFFFFFFFFFFFFFFFFFFFFFFFFFFFFFF39
:20A74000FFFFFFFFFFFFFFFFFFFFFFFFFFFFFFFFFFFFFFFFFFFFFFFFFFFFFFFFFFFFFFFF19
:20A76000FFFFFFFFFFFFFFFFFFFFFFFFFFFFFFFFFFFFFFFFFFFFFFFFFFFFFFFFFFFFFFFFF9
:20A78000FFFFFFFFFFFFFFFFFFFFFFFFFFFFFFFFFFFFFFFFFFFFFFFFFFFFFFFFFFFFFFFFD9
:20A7A000FFFFFFFFFFFFFFFFFFFFFFFFFFFFFFFFFFFFFFFFFFFFFFFFFFFFFFFFFFFFFFFFB9
:20A7C000FFFFFFFFFFFFFFFFFFFFFFFFFFFFFFFFFFFFFFFFFFFFFFFFFFFFFFFFFFFFFFFF99
:20A7E000FFFFFFFFFFFFFFFFFFFFFFFFFFFFFFFFFFFFFFFFFFFFFFFFFFFFFFFFFFFFFFFF79
:20A80000FFFFFFFFFFFFFFFFFFFFFFFFFFFFFFFFFFFFFFFFFFFFFFFFFFFFFFFFFFFFFFFF58
:20A82000FFFFFFFFFFFFFFFFFFFFFFFFFFFFFFFFFFFFFFFFFFFFFFFFFFFFFFFFFFFFFFFF38
:20A84000FFFFFFFFFFFFFFFFFFFFFFFFFFFFFFFFFFFFFFFFFFFFFFFFFFFFFFFFFFFFFFFF18
:20A86000FFFFFFFFFFFFFFFFFFFFFFFFFFFFFFFFFFFFFFFFFFFFFFFFFFFFFFFFFFFFFFFFF8
:20A88000FFFFFFFFFFFFFFFFFFFFFFFFFFFFFFFFFFFFFFFFFFFFFFFFFFFFFFFFFFFFFFFFD8
:20A8A000FFFFFFFFFFFFFFFFFFFFFFFFFFFFFFFFFFFFFFFFFFFFFFFFFFFFFFFFFFFFFFFFB8
:20A8C000FFFFFFFFFFFFFFFFFFFFFFFFFFFFFFFFFFFFFFFFFFFFFFFFFFFFFFFFFFFFFFFF98
:20A8E000FFFFFFFFFFFFFFFFFFFFFFFFFFFFFFFFFFFFFFFFFFFFFFFFFFFFFFFFFFFFFFFF78
:20A90000FFFFFFFFFFFFFFFFFFFFFFFFFFFFFFFFFFFFFFFFFFFFFFFFFFFFFFFFFFFFFFFF57
:20A92000FFFFFFFFFFFFFFFFFFFFFFFFFFFFFFFFFFFFFFFFFFFFFFFFFFFFFFFFFFFFFFFF37
:20A94000FFFFFFFFFFFFFFFFFFFFFFFFFFFFFFFFFFFFFFFFFFFFFFFFFFFFFFFFFFFFFFFF17
:20A96000FFFFFFFFFFFFFFFFFFFFFFFFFFFFFFFFFFFFFFFFFFFFFFFFFFFFFFFFFFFFFFFFF7
:20A98000FFFFFFFFFFFFFFFFFFFFFFFFFFFFFFFFFFFFFFFFFFFFFFFFFFFFFFFFFFFFFFFFD7
:20A9A000FFFFFFFFFFFFFFFFFFFFFFFFFFFFFFFFFFFFFFFFFFFFFFFFFFFFFFFFFFFFFFFFB7
:20A9C000FFFFFFFFFFFFFFFFFFFFFFFFFFFFFFFFFFFFFFFFFFFFFFFFFFFFFFFFFFFFFFFF97
:20A9E000FFFFFFFFFFFFFFFFFFFFFFFFFFFFFFFFFFFFFFFFFFFFFFFFFFFFFFFFFFFFFFFF77
:20AA0000FFFFFFFFFFFFFFFFFFFFFFFFFFFFFFFFFFFFFFFFFFFFFFFFFFFFFFFFFFFFFFFF56
:20AA2000FFFFFFFFFFFFFFFFFFFFFFFFFFFFFFFFFFFFFFFFFFFFFFFFFFFFFFFFFFFFFFFF36
:20AA4000FFFFFFFFFFFFFFFFFFFFFFFFFFFFFFFFFFFFFFFFFFFFFFFFFFFFFFFFFFFFFFFF16
:20AA6000FFFFFFFFFFFFFFFFFFFFFFFFFFFFFFFFFFFFFFFFFFFFFFFFFFFFFFFFFFFFFFFFF6
:20AA8000FFFFFFFFFFFFFFFFFFFFFFFFFFFFFFFFFFFFFFFFFFFFFFFFFFFFFFFFFFFFFFFFD6
:20AAA000FFFFFFFFFFFFFFFFFFFFFFFFFFFFFFFFFFFFFFFFFFFFFFFFFFFFFFFFFFFFFFFFB6
:20AAC000FFFFFFFFFFFFFFFFFFFFFFFFFFFFFFFFFFFFFFFFFFFFFFFFFFFFFFFFFFFFFFFF96
:20AAE000FFFFFFFFFFFFFFFFFFFFFFFFFFFFFFFFFFFFFFFFFFFFFFFFFFFFFFFFFFFFFFFF76
:20AB0000FFFFFFFFFFFFFFFFFFFFFFFFFFFFFFFFFFFFFFFFFFFFFFFFFFFFFFFFFFFFFFFF55
:20AB2000FFFFFFFFFFFFFFFFFFFFFFFFFFFFFFFFFFFFFFFFFFFFFFFFFFFFFFFFFFFFFFFF35
:20AB4000FFFFFFFFFFFFFFFFFFFFFFFFFFFFFFFFFFFFFFFFFFFFFFFFFFFFFFFFFFFFFFFF15
:20AB6000FFFFFFFFFFFFFFFFFFFFFFFFFFFFFFFFFFFFFFFFFFFFFFFFFFFFFFFFFFFFFFFFF5
:20AB8000FFFFFFFFFFFFFFFFFFFFFFFFFFFFFFFFFFFFFFFFFFFFFFFFFFFFFFFFFFFFFFFFD5
:20ABA000FFFFFFFFFFFFFFFFFFFFFFFFFFFFFFFFFFFFFFFFFFFFFFFFFFFFFFFFFFFFFFFFB5
:20ABC000FFFFFFFFFFFFFFFFFFFFFFFFFFFFFFFFFFFFFFFFFFFFFFFFFFFFFFFFFFFFFFFF95
:20ABE000FFFFFFFFFFFFFFFFFFFFFFFFFFFFFFFFFFFFFFFFFFFFFFFFFFFFFFFFFFFFFFFF75
:20AC0000FFFFFFFFFFFFFFFFFFFFFFFFFFFFFFFFFFFFFFFFFFFFFFFFFFFFFFFFFFFFFFFF54
:20AC2000FFFFFFFFFFFFFFFFFFFFFFFFFFFFFFFFFFFFFFFFFFFFFFFFFFFFFFFFFFFFFFFF34
:20AC4000FFFFFFFFFFFFFFFFFFFFFFFFFFFFFFFFFFFFFFFFFFFFFFFFFFFFFFFFFFFFFFFF14
:20AC6000FFFFFFFFFFFFFFFFFFFFFFFFFFFFFFFFFFFFFFFFFFFFFFFFFFFFFFFFFFFFFFFFF4
:20AC8000FFFFFFFFFFFFFFFFFFFFFFFFFFFFFFFFFFFFFFFFFFFFFFFFFFFFFFFFFFFFFFFFD4
:20ACA000FFFFFFFFFFFFFFFFFFFFFFFFFFFFFFFFFFFFFFFFFFFFFFFFFFFFFFFFFFFFFFFFB4
:20ACC000FFFFFFFFFFFFFFFFFFFFFFFFFFFFFFFFFFFFFFFFFFFFFFFFFFFFFFFFFFFFFFFF94
:20ACE000FFFFFFFFFFFFFFFFFFFFFFFFFFFFFFFFFFFFFFFFFFFFFFFFFFFFFFFFFFFFFFFF74
:20AD0000FFFFFFFFFFFFFFFFFFFFFFFFFFFFFFFFFFFFFFFFFFFFFFFFFFFFFFFFFFFFFFFF53
:20AD2000FFFFFFFFFFFFFFFFFFFFFFFFFFFFFFFFFFFFFFFFFFFFFFFFFFFFFFFFFFFFFFFF33
:20AD4000FFFFFFFFFFFFFFFFFFFFFFFFFFFFFFFFFFFFFFFFFFFFFFFFFFFFFFFFFFFFFFFF13
:20AD6000FFFFFFFFFFFFFFFFFFFFFFFFFFFFFFFFFFFFFFFFFFFFFFFFFFFFFFFFFFFFFFFFF3
:20AD8000FFFFFFFFFFFFFFFFFFFFFFFFFFFFFFFFFFFFFFFFFFFFFFFFFFFFFFFFFFFFFFFFD3
:20ADA000FFFFFFFFFFFFFFFFFFFFFFFFFFFFFFFFFFFFFFFFFFFFFFFFFFFFFFFFFFFFFFFFB3
:20ADC000FFFFFFFFFFFFFFFFFFFFFFFFFFFFFFFFFFFFFFFFFFFFFFFFFFFFFFFFFFFFFFFF93
:20ADE000FFFFFFFFFFFFFFFFFFFFFFFFFFFFFFFFFFFFFFFFFFFFFFFFFFFFFFFFFFFFFFFF73
:20AE0000FFFFFFFFFFFFFFFFFFFFFFFFFFFFFFFFFFFFFFFFFFFFFFFFFFFFFFFFFFFFFFFF52
:20AE2000FFFFFFFFFFFFFFFFFFFFFFFFFFFFFFFFFFFFFFFFFFFFFFFFFFFFFFFFFFFFFFFF32
:20AE4000FFFFFFFFFFFFFFFFFFFFFFFFFFFFFFFFFFFFFFFFFFFFFFFFFFFFFFFFFFFFFFFF12
:20AE6000FFFFFFFFFFFFFFFFFFFFFFFFFFFFFFFFFFFFFFFFFFFFFFFFFFFFFFFFFFFFFFFFF2
:20AE8000FFFFFFFFFFFFFFFFFFFFFFFFFFFFFFFFFFFFFFFFFFFFFFFFFFFFFFFFFFFFFFFFD2
:20AEA000FFFFFFFFFFFFFFFFFFFFFFFFFFFFFFFFFFFFFFFFFFFFFFFFFFFFFFFFFFFFFFFFB2
:20AEC000FFFFFFFFFFFFFFFFFFFFFFFFFFFFFFFFFFFFFFFFFFFFFFFFFFFFFFFFFFFFFFFF92
:20AEE000FFFFFFFFFFFFFFFFFFFFFFFFFFFFFFFFFFFFFFFFFFFFFFFFFFFFFFFFFFFFFFFF72
:20AF0000FFFFFFFFFFFFFFFFFFFFFFFFFFFFFFFFFFFFFFFFFFFFFFFFFFFFFFFFFFFFFFFF51
:20AF2000FFFFFFFFFFFFFFFFFFFFFFFFFFFFFFFFFFFFFFFFFFFFFFFFFFFFFFFFFFFFFFFF31
:20AF4000FFFFFFFFFFFFFFFFFFFFFFFFFFFFFFFFFFFFFFFFFFFFFFFFFFFFFFFFFFFFFFFF11
:20AF6000FFFFFFFFFFFFFFFFFFFFFFFFFFFFFFFFFFFFFFFFFFFFFFFFFFFFFFFFFFFFFFFFF1
:20AF8000FFFFFFFFFFFFFFFFFFFFFFFFFFFFFFFFFFFFFFFFFFFFFFFFFFFFFFFFFFFFFFFFD1
:20AFA000FFFFFFFFFFFFFFFFFFFFFFFFFFFFFFFFFFFFFFFFFFFFFFFFFFFFFFFFFFFFFFFFB1
:20AFC000FFFFFFFFFFFFFFFFFFFFFFFFFFFFFFFFFFFFFFFFFFFFFFFFFFFFFFFFFFFFFFFF91
:20AFE000FFFFFFFFFFFFFFFFFFFFFFFFFFFFFFFFFFFFFFFFFFFFFFFFFFFFFFFFFFFFFFFF71
:20B00000FFFFFFFFFFFFFFFFFFFFFFFFFFFFFFFFFFFFFFFFFFFFFFFFFFFFFFFFFFFFFFFF50
:20B02000FFFFFFFFFFFFFFFFFFFFFFFFFFFFFFFFFFFFFFFFFFFFFFFFFFFFFFFFFFFFFFFF30
:20B04000FFFFFFFFFFFFFFFFFFFFFFFFFFFFFFFFFFFFFFFFFFFFFFFFFFFFFFFFFFFFFFFF10
:20B06000FFFFFFFFFFFFFFFFFFFFFFFFFFFFFFFFFFFFFFFFFFFFFFFFFFFFFFFFFFFFFFFFF0
:20B08000FFFFFFFFFFFFFFFFFFFFFFFFFFFFFFFFFFFFFFFFFFFFFFFFFFFFFFFFFFFFFFFFD0
:20B0A000FFFFFFFFFFFFFFFFFFFFFFFFFFFFFFFFFFFFFFFFFFFFFFFFFFFFFFFFFFFFFFFFB0
:20B0C000FFFFFFFFFFFFFFFFFFFFFFFFFFFFFFFFFFFFFFFFFFFFFFFFFFFFFFFFFFFFFFFF90
:20B0E000FFFFFFFFFFFFFFFFFFFFFFFFFFFFFFFFFFFFFFFFFFFFFFFFFFFFFFFFFFFFFFFF70
:20B10000FFFFFFFFFFFFFFFFFFFFFFFFFFFFFFFFFFFFFFFFFFFFFFFFFFFFFFFFFFFFFFFF4F
:20B12000FFFFFFFFFFFFFFFFFFFFFFFFFFFFFFFFFFFFFFFFFFFFFFFFFFFFFFFFFFFFFFFF2F
:20B14000FFFFFFFFFFFFFFFFFFFFFFFFFFFFFFFFFFFFFFFFFFFFFFFFFFFFFFFFFFFFFFFF0F
:20B16000FFFFFFFFFFFFFFFFFFFFFFFFFFFFFFFFFFFFFFFFFFFFFFFFFFFFFFFFFFFFFFFFEF
:20B18000FFFFFFFFFFFFFFFFFFFFFFFFFFFFFFFFFFFFFFFFFFFFFFFFFFFFFFFFFFFFFFFFCF
:20B1A000FFFFFFFFFFFFFFFFFFFFFFFFFFFFFFFFFFFFFFFFFFFFFFFFFFFFFFFFFFFFFFFFAF
:20B1C000FFFFFFFFFFFFFFFFFFFFFFFFFFFFFFFFFFFFFFFFFFFFFFFFFFFFFFFFFFFFFFFF8F
:20B1E000FFFFFFFFFFFFFFFFFFFFFFFFFFFFFFFFFFFFFFFFFFFFFFFFFFFFFFFFFFFFFFFF6F
:20B20000FFFFFFFFFFFFFFFFFFFFFFFFFFFFFFFFFFFFFFFFFFFFFFFFFFFFFFFFFFFFFFFF4E
:20B22000FFFFFFFFFFFFFFFFFFFFFFFFFFFFFFFFFFFFFFFFFFFFFFFFFFFFFFFFFFFFFFFF2E
:20B24000FFFFFFFFFFFFFFFFFFFFFFFFFFFFFFFFFFFFFFFFFFFFFFFFFFFFFFFFFFFFFFFF0E
:20B26000FFFFFFFFFFFFFFFFFFFFFFFFFFFFFFFFFFFFFFFFFFFFFFFFFFFFFFFFFFFFFFFFEE
:20B28000FFFFFFFFFFFFFFFFFFFFFFFFFFFFFFFFFFFFFFFFFFFFFFFFFFFFFFFFFFFFFFFFCE
:20B2A000FFFFFFFFFFFFFFFFFFFFFFFFFFFFFFFFFFFFFFFFFFFFFFFFFFFFFFFFFFFFFFFFAE
:20B2C000FFFFFFFFFFFFFFFFFFFFFFFFFFFFFFFFFFFFFFFFFFFFFFFFFFFFFFFFFFFFFFFF8E
:20B2E000FFFFFFFFFFFFFFFFFFFFFFFFFFFFFFFFFFFFFFFFFFFFFFFFFFFFFFFFFFFFFFFF6E
:20B30000FFFFFFFFFFFFFFFFFFFFFFFFFFFFFFFFFFFFFFFFFFFFFFFFFFFFFFFFFFFFFFFF4D
:20B32000FFFFFFFFFFFFFFFFFFFFFFFFFFFFFFFFFFFFFFFFFFFFFFFFFFFFFFFFFFFFFFFF2D
:20B34000FFFFFFFFFFFFFFFFFFFFFFFFFFFFFFFFFFFFFFFFFFFFFFFFFFFFFFFFFFFFFFFF0D
:20B36000FFFFFFFFFFFFFFFFFFFFFFFFFFFFFFFFFFFFFFFFFFFFFFFFFFFFFFFFFFFFFFFFED
:20B38000FFFFFFFFFFFFFFFFFFFFFFFFFFFFFFFFFFFFFFFFFFFFFFFFFFFFFFFFFFFFFFFFCD
:20B3A000FFFFFFFFFFFFFFFFFFFFFFFFFFFFFFFFFFFFFFFFFFFFFFFFFFFFFFFFFFFFFFFFAD
:20B3C000FFFFFFFFFFFFFFFFFFFFFFFFFFFFFFFFFFFFFFFFFFFFFFFFFFFFFFFFFFFFFFFF8D
:20B3E000FFFFFFFFFFFFFFFFFFFFFFFFFFFFFFFFFFFFFFFFFFFFFFFFFFFFFFFFFFFFFFFF6D
:20B40000FFFFFFFFFFFFFFFFFFFFFFFFFFFFFFFFFFFFFFFFFFFFFFFFFFFFFFFFFFFFFFFF4C
:20B42000FFFFFFFFFFFFFFFFFFFFFFFFFFFFFFFFFFFFFFFFFFFFFFFFFFFFFFFFFFFFFFFF2C
:20B44000FFFFFFFFFFFFFFFFFFFFFFFFFFFFFFFFFFFFFFFFFFFFFFFFFFFFFFFFFFFFFFFF0C
:20B46000FFFFFFFFFFFFFFFFFFFFFFFFFFFFFFFFFFFFFFFFFFFFFFFFFFFFFFFFFFFFFFFFEC
:20B48000FFFFFFFFFFFFFFFFFFFFFFFFFFFFFFFFFFFFFFFFFFFFFFFFFFFFFFFFFFFFFFFFCC
:20B4A000FFFFFFFFFFFFFFFFFFFFFFFFFFFFFFFFFFFFFFFFFFFFFFFFFFFFFFFFFFFFFFFFAC
:20B4C000FFFFFFFFFFFFFFFFFFFFFFFFFFFFFFFFFFFFFFFFFFFFFFFFFFFFFFFFFFFFFFFF8C
:20B4E000FFFFFFFFFFFFFFFFFFFFFFFFFFFFFFFFFFFFFFFFFFFFFFFFFFFFFFFFFFFFFFFF6C
:20B50000FFFFFFFFFFFFFFFFFFFFFFFFFFFFFFFFFFFFFFFFFFFFFFFFFFFFFFFFFFFFFFFF4B
:20B52000FFFFFFFFFFFFFFFFFFFFFFFFFFFFFFFFFFFFFFFFFFFFFFFFFFFFFFFFFFFFFFFF2B
:20B54000FFFFFFFFFFFFFFFFFFFFFFFFFFFFFFFFFFFFFFFFFFFFFFFFFFFFFFFFFFFFFFFF0B
:20B56000FFFFFFFFFFFFFFFFFFFFFFFFFFFFFFFFFFFFFFFFFFFFFFFFFFFFFFFFFFFFFFFFEB
:20B58000FFFFFFFFFFFFFFFFFFFFFFFFFFFFFFFFFFFFFFFFFFFFFFFFFFFFFFFFFFFFFFFFCB
:20B5A000FFFFFFFFFFFFFFFFFFFFFFFFFFFFFFFFFFFFFFFFFFFFFFFFFFFFFFFFFFFFFFFFAB
:20B5C000FFFFFFFFFFFFFFFFFFFFFFFFFFFFFFFFFFFFFFFFFFFFFFFFFFFFFFFFFFFFFFFF8B
:20B5E000FFFFFFFFFFFFFFFFFFFFFFFFFFFFFFFFFFFFFFFFFFFFFFFFFFFFFFFFFFFFFFFF6B
:20B60000FFFFFFFFFFFFFFFFFFFFFFFFFFFFFFFFFFFFFFFFFFFFFFFFFFFFFFFFFFFFFFFF4A
:20B62000FFFFFFFFFFFFFFFFFFFFFFFFFFFFFFFFFFFFFFFFFFFFFFFFFFFFFFFFFFFFFFFF2A
:20B64000FFFFFFFFFFFFFFFFFFFFFFFFFFFFFFFFFFFFFFFFFFFFFFFFFFFFFFFFFFFFFFFF0A
:20B66000FFFFFFFFFFFFFFFFFFFFFFFFFFFFFFFFFFFFFFFFFFFFFFFFFFFFFFFFFFFFFFFFEA
:20B68000FFFFFFFFFFFFFFFFFFFFFFFFFFFFFFFFFFFFFFFFFFFFFFFFFFFFFFFFFFFFFFFFCA
:20B6A000FFFFFFFFFFFFFFFFFFFFFFFFFFFFFFFFFFFFFFFFFFFFFFFFFFFFFFFFFFFFFFFFAA
:20B6C000FFFFFFFFFFFFFFFFFFFFFFFFFFFFFFFFFFFFFFFFFFFFFFFFFFFFFFFFFFFFFFFF8A
:20B6E000FFFFFFFFFFFFFFFFFFFFFFFFFFFFFFFFFFFFFFFFFFFFFFFFFFFFFFFFFFFFFFFF6A
:20B70000FFFFFFFFFFFFFFFFFFFFFFFFFFFFFFFFFFFFFFFFFFFFFFFFFFFFFFFFFFFFFFFF49
:20B72000FFFFFFFFFFFFFFFFFFFFFFFFFFFFFFFFFFFFFFFFFFFFFFFFFFFFFFFFFFFFFFFF29
:20B74000FFFFFFFFFFFFFFFFFFFFFFFFFFFFFFFFFFFFFFFFFFFFFFFFFFFFFFFFFFFFFFFF09
:20B76000FFFFFFFFFFFFFFFFFFFFFFFFFFFFFFFFFFFFFFFFFFFFFFFFFFFFFFFFFFFFFFFFE9
:20B78000FFFFFFFFFFFFFFFFFFFFFFFFFFFFFFFFFFFFFFFFFFFFFFFFFFFFFFFFFFFFFFFFC9
:20B7A000FFFFFFFFFFFFFFFFFFFFFFFFFFFFFFFFFFFFFFFFFFFFFFFFFFFFFFFFFFFFFFFFA9
:20B7C000FFFFFFFFFFFFFFFFFFFFFFFFFFFFFFFFFFFFFFFFFFFFFFFFFFFFFFFFFFFFFFFF89
:20B7E000FFFFFFFFFFFFFFFFFFFFFFFFFFFFFFFFFFFFFFFFFFFFFFFFFFFFFFFFFFFFFFFF69
:20B80000FFFFFFFFFFFFFFFFFFFFFFFFFFFFFFFFFFFFFFFFFFFFFFFFFFFFFFFFFFFFFFFF48
:20B82000FFFFFFFFFFFFFFFFFFFFFFFFFFFFFFFFFFFFFFFFFFFFFFFFFFFFFFFFFFFFFFFF28
:20B84000FFFFFFFFFFFFFFFFFFFFFFFFFFFFFFFFFFFFFFFFFFFFFFFFFFFFFFFFFFFFFFFF08
:20B86000FFFFFFFFFFFFFFFFFFFFFFFFFFFFFFFFFFFFFFFFFFFFFFFFFFFFFFFFFFFFFFFFE8
:20B88000FFFFFFFFFFFFFFFFFFFFFFFFFFFFFFFFFFFFFFFFFFFFFFFFFFFFFFFFFFFFFFFFC8
:20B8A000FFFFFFFFFFFFFFFFFFFFFFFFFFFFFFFFFFFFFFFFFFFFFFFFFFFFFFFFFFFFFFFFA8
:20B8C000FFFFFFFFFFFFFFFFFFFFFFFFFFFFFFFFFFFFFFFFFFFFFFFFFFFFFFFFFFFFFFFF88
:20B8E000FFFFFFFFFFFFFFFFFFFFFFFFFFFFFFFFFFFFFFFFFFFFFFFFFFFFFFFFFFFFFFFF68
:20B90000FFFFFFFFFFFFFFFFFFFFFFFFFFFFFFFFFFFFFFFFFFFFFFFFFFFFFFFFFFFFFFFF47
:20B92000FFFFFFFFFFFFFFFFFFFFFFFFFFFFFFFFFFFFFFFFFFFFFFFFFFFFFFFFFFFFFFFF27
:20B94000FFFFFFFFFFFFFFFFFFFFFFFFFFFFFFFFFFFFFFFFFFFFFFFFFFFFFFFFFFFFFFFF07
:20B96000FFFFFFFFFFFFFFFFFFFFFFFFFFFFFFFFFFFFFFFFFFFFFFFFFFFFFFFFFFFFFFFFE7
:20B98000FFFFFFFFFFFFFFFFFFFFFFFFFFFFFFFFFFFFFFFFFFFFFFFFFFFFFFFFFFFFFFFFC7
:20B9A000FFFFFFFFFFFFFFFFFFFFFFFFFFFFFFFFFFFFFFFFFFFFFFFFFFFFFFFFFFFFFFFFA7
:20B9C000FFFFFFFFFFFFFFFFFFFFFFFFFFFFFFFFFFFFFFFFFFFFFFFFFFFFFFFFFFFFFFFF87
:20B9E000FFFFFFFFFFFFFFFFFFFFFFFFFFFFFFFFFFFFFFFFFFFFFFFFFFFFFFFFFFFFFFFF67
:20BA0000FFFFFFFFFFFFFFFFFFFFFFFFFFFFFFFFFFFFFFFFFFFFFFFFFFFFFFFFFFFFFFFF46
:20BA2000FFFFFFFFFFFFFFFFFFFFFFFFFFFFFFFFFFFFFFFFFFFFFFFFFFFFFFFFFFFFFFFF26
:20BA4000FFFFFFFFFFFFFFFFFFFFFFFFFFFFFFFFFFFFFFFFFFFFFFFFFFFFFFFFFFFFFFFF06
:20BA6000FFFFFFFFFFFFFFFFFFFFFFFFFFFFFFFFFFFFFFFFFFFFFFFFFFFFFFFFFFFFFFFFE6
:20BA8000FFFFFFFFFFFFFFFFFFFFFFFFFFFFFFFFFFFFFFFFFFFFFFFFFFFFFFFFFFFFFFFFC6
:20BAA000FFFFFFFFFFFFFFFFFFFFFFFFFFFFFFFFFFFFFFFFFFFFFFFFFFFFFFFFFFFFFFFFA6
:20BAC000FFFFFFFFFFFFFFFFFFFFFFFFFFFFFFFFFFFFFFFFFFFFFFFFFFFFFFFFFFFFFFFF86
:20BAE000FFFFFFFFFFFFFFFFFFFFFFFFFFFFFFFFFFFFFFFFFFFFFFFFFFFFFFFFFFFFFFFF66
:20BB0000FFFFFFFFFFFFFFFFFFFFFFFFFFFFFFFFFFFFFFFFFFFFFFFFFFFFFFFFFFFFFFFF45
:20BB2000FFFFFFFFFFFFFFFFFFFFFFFFFFFFFFFFFFFFFFFFFFFFFFFFFFFFFFFFFFFFFFFF25
:20BB4000FFFFFFFFFFFFFFFFFFFFFFFFFFFFFFFFFFFFFFFFFFFFFFFFFFFFFFFFFFFFFFFF05
:20BB6000FFFFFFFFFFFFFFFFFFFFFFFFFFFFFFFFFFFFFFFFFFFFFFFFFFFFFFFFFFFFFFFFE5
:20BB8000FFFFFFFFFFFFFFFFFFFFFFFFFFFFFFFFFFFFFFFFFFFFFFFFFFFFFFFFFFFFFFFFC5
:20BBA000FFFFFFFFFFFFFFFFFFFFFFFFFFFFFFFFFFFFFFFFFFFFFFFFFFFFFFFFFFFFFFFFA5
:20BBC000FFFFFFFFFFFFFFFFFFFFFFFFFFFFFFFFFFFFFFFFFFFFFFFFFFFFFFFFFFFFFFFF85
:20BBE000FFFFFFFFFFFFFFFFFFFFFFFFFFFFFFFFFFFFFFFFFFFFFFFFFFFFFFFFFFFFFFFF65
:20BC0000FFFFFFFFFFFFFFFFFFFFFFFFFFFFFFFFFFFFFFFFFFFFFFFFFFFFFFFFFFFFFFFF44
:20BC2000FFFFFFFFFFFFFFFFFFFFFFFFFFFFFFFFFFFFFFFFFFFFFFFFFFFFFFFFFFFFFFFF24
:20BC4000FFFFFFFFFFFFFFFFFFFFFFFFFFFFFFFFFFFFFFFFFFFFFFFFFFFFFFFFFFFFFFFF04
:20BC6000FFFFFFFFFFFFFFFFFFFFFFFFFFFFFFFFFFFFFFFFFFFFFFFFFFFFFFFFFFFFFFFFE4
:20BC8000FFFFFFFFFFFFFFFFFFFFFFFFFFFFFFFFFFFFFFFFFFFFFFFFFFFFFFFFFFFFFFFFC4
:20BCA000FFFFFFFFFFFFFFFFFFFFFFFFFFFFFFFFFFFFFFFFFFFFFFFFFFFFFFFFFFFFFFFFA4
:20BCC000FFFFFFFFFFFFFFFFFFFFFFFFFFFFFFFFFFFFFFFFFFFFFFFFFFFFFFFFFFFFFFFF84
:20BCE000FFFFFFFFFFFFFFFFFFFFFFFFFFFFFFFFFFFFFFFFFFFFFFFFFFFFFFFFFFFFFFFF64
:20BD0000FFFFFFFFFFFFFFFFFFFFFFFFFFFFFFFFFFFFFFFFFFFFFFFFFFFFFFFFFFFFFFFF43
:20BD2000FFFFFFFFFFFFFFFFFFFFFFFFFFFFFFFFFFFFFFFFFFFFFFFFFFFFFFFFFFFFFFFF23
:20BD4000FFFFFFFFFFFFFFFFFFFFFFFFFFFFFFFFFFFFFFFFFFFFFFFFFFFFFFFFFFFFFFFF03
:20BD6000FFFFFFFFFFFFFFFFFFFFFFFFFFFFFFFFFFFFFFFFFFFFFFFFFFFFFFFFFFFFFFFFE3
:20BD8000FFFFFFFFFFFFFFFFFFFFFFFFFFFFFFFFFFFFFFFFFFFFFFFFFFFFFFFFFFFFFFFFC3
:20BDA000FFFFFFFFFFFFFFFFFFFFFFFFFFFFFFFFFFFFFFFFFFFFFFFFFFFFFFFFFFFFFFFFA3
:20BDC000FFFFFFFFFFFFFFFFFFFFFFFFFFFFFFFFFFFFFFFFFFFFFFFFFFFFFFFFFFFFFFFF83
:20BDE000FFFFFFFFFFFFFFFFFFFFFFFFFFFFFFFFFFFFFFFFFFFFFFFFFFFFFFFFFFFFFFFF63
:20BE0000FFFFFFFFFFFFFFFFFFFFFFFFFFFFFFFFFFFFFFFFFFFFFFFFFFFFFFFFFFFFFFFF42
:20BE2000FFFFFFFFFFFFFFFFFFFFFFFFFFFFFFFFFFFFFFFFFFFFFFFFFFFFFFFFFFFFFFFF22
:20BE4000FFFFFFFFFFFFFFFFFFFFFFFFFFFFFFFFFFFFFFFFFFFFFFFFFFFFFFFFFFFFFFFF02
:20BE6000FFFFFFFFFFFFFFFFFFFFFFFFFFFFFFFFFFFFFFFFFFFFFFFFFFFFFFFFFFFFFFFFE2
:20BE8000FFFFFFFFFFFFFFFFFFFFFFFFFFFFFFFFFFFFFFFFFFFFFFFFFFFFFFFFFFFFFFFFC2
:20BEA000FFFFFFFFFFFFFFFFFFFFFFFFFFFFFFFFFFFFFFFFFFFFFFFFFFFFFFFFFFFFFFFFA2
:20BEC000FFFFFFFFFFFFFFFFFFFFFFFFFFFFFFFFFFFFFFFFFFFFFFFFFFFFFFFFFFFFFFFF82
:20BEE000FFFFFFFFFFFFFFFFFFFFFFFFFFFFFFFFFFFFFFFFFFFFFFFFFFFFFFFFFFFFFFFF62
:20BF0000FFFFFFFFFFFFFFFFFFFFFFFFFFFFFFFFFFFFFFFFFFFFFFFFFFFFFFFFFFFFFFFF41
:20BF2000FFFFFFFFFFFFFFFFFFFFFFFFFFFFFFFFFFFFFFFFFFFFFFFFFFFFFFFFFFFFFFFF21
:20BF4000FFFFFFFFFFFFFFFFFFFFFFFFFFFFFFFFFFFFFFFFFFFFFFFFFFFFFFFFFFFFFFFF01
:20BF6000FFFFFFFFFFFFFFFFFFFFFFFFFFFFFFFFFFFFFFFFFFFFFFFFFFFFFFFFFFFFFFFFE1
:20BF8000FFFFFFFFFFFFFFFFFFFFFFFFFFFFFFFFFFFFFFFFFFFFFFFFFFFFFFFFFFFFFFFFC1
:20BFA000FFFFFFFFFFFFFFFFFFFFFFFFFFFFFFFFFFFFFFFFFFFFFFFFFFFFFFFFFFFFFFFFA1
:20BFC000FFFFFFFFFFFFFFFFFFFFFFFFFFFFFFFFFFFFFFFFFFFFFFFFFFFFFFFFFFFFFFFF81
:20BFE000FFFFFFFFFFFFFFFFFFFFFFFFFFFFFFFFFFFFFFFFFFFFFFFFFFFFFFFFFFFFFFFF61
:20C00000FFFFFFFFFFFFFFFFFFFFFFFFFFFFFFFFFFFFFFFFFFFFFFFFFFFFFFFFFFFFFFFF40
:20C02000FFFFFFFFFFFFFFFFFFFFFFFFFFFFFFFFFFFFFFFFFFFFFFFFFFFFFFFFFFFFFFFF20
:20C04000FFFFFFFFFFFFFFFFFFFFFFFFFFFFFFFFFFFFFFFFFFFFFFFFFFFFFFFFFFFFFFFF00
:20C06000FFFFFFFFFFFFFFFFFFFFFFFFFFFFFFFFFFFFFFFFFFFFFFFFFFFFFFFFFFFFFFFFE0
:20C08000FFFFFFFFFFFFFFFFFFFFFFFFFFFFFFFFFFFFFFFFFFFFFFFFFFFFFFFFFFFFFFFFC0
:20C0A000FFFFFFFFFFFFFFFFFFFFFFFFFFFFFFFFFFFFFFFFFFFFFFFFFFFFFFFFFFFFFFFFA0
:20C0C000FFFFFFFFFFFFFFFFFFFFFFFFFFFFFFFFFFFFFFFFFFFFFFFFFFFFFFFFFFFFFFFF80
:20C0E000FFFFFFFFFFFFFFFFFFFFFFFFFFFFFFFFFFFFFFFFFFFFFFFFFFFFFFFFFFFFFFFF60
:20C10000FFFFFFFFFFFFFFFFFFFFFFFFFFFFFFFFFFFFFFFFFFFFFFFFFFFFFFFFFFFFFFFF3F
:20C12000FFFFFFFFFFFFFFFFFFFFFFFFFFFFFFFFFFFFFFFFFFFFFFFFFFFFFFFFFFFFFFFF1F
:20C14000FFFFFFFFFFFFFFFFFFFFFFFFFFFFFFFFFFFFFFFFFFFFFFFFFFFFFFFFFFFFFFFFFF
:20C16000FFFFFFFFFFFFFFFFFFFFFFFFFFFFFFFFFFFFFFFFFFFFFFFFFFFFFFFFFFFFFFFFDF
:20C18000FFFFFFFFFFFFFFFFFFFFFFFFFFFFFFFFFFFFFFFFFFFFFFFFFFFFFFFFFFFFFFFFBF
:20C1A000FFFFFFFFFFFFFFFFFFFFFFFFFFFFFFFFFFFFFFFFFFFFFFFFFFFFFFFFFFFFFFFF9F
:20C1C000FFFFFFFFFFFFFFFFFFFFFFFFFFFFFFFFFFFFFFFFFFFFFFFFFFFFFFFFFFFFFFFF7F
:20C1E000FFFFFFFFFFFFFFFFFFFFFFFFFFFFFFFFFFFFFFFFFFFFFFFFFFFFFFFFFFFFFFFF5F
:20C20000FFFFFFFFFFFFFFFFFFFFFFFFFFFFFFFFFFFFFFFFFFFFFFFFFFFFFFFFFFFFFFFF3E
:20C22000FFFFFFFFFFFFFFFFFFFFFFFFFFFFFFFFFFFFFFFFFFFFFFFFFFFFFFFFFFFFFFFF1E
:20C24000FFFFFFFFFFFFFFFFFFFFFFFFFFFFFFFFFFFFFFFFFFFFFFFFFFFFFFFFFFFFFFFFFE
:20C26000FFFFFFFFFFFFFFFFFFFFFFFFFFFFFFFFFFFFFFFFFFFFFFFFFFFFFFFFFFFFFFFFDE
:20C28000FFFFFFFFFFFFFFFFFFFFFFFFFFFFFFFFFFFFFFFFFFFFFFFFFFFFFFFFFFFFFFFFBE
:20C2A000FFFFFFFFFFFFFFFFFFFFFFFFFFFFFFFFFFFFFFFFFFFFFFFFFFFFFFFFFFFFFFFF9E
:20C2C000FFFFFFFFFFFFFFFFFFFFFFFFFFFFFFFFFFFFFFFFFFFFFFFFFFFFFFFFFFFFFFFF7E
:20C2E000FFFFFFFFFFFFFFFFFFFFFFFFFFFFFFFFFFFFFFFFFFFFFFFFFFFFFFFFFFFFFFFF5E
:20C30000FFFFFFFFFFFFFFFFFFFFFFFFFFFFFFFFFFFFFFFFFFFFFFFFFFFFFFFFFFFFFFFF3D
:20C32000FFFFFFFFFFFFFFFFFFFFFFFFFFFFFFFFFFFFFFFFFFFFFFFFFFFFFFFFFFFFFFFF1D
:20C34000FFFFFFFFFFFFFFFFFFFFFFFFFFFFFFFFFFFFFFFFFFFFFFFFFFFFFFFFFFFFFFFFFD
:20C36000FFFFFFFFFFFFFFFFFFFFFFFFFFFFFFFFFFFFFFFFFFFFFFFFFFFFFFFFFFFFFFFFDD
:20C38000FFFFFFFFFFFFFFFFFFFFFFFFFFFFFFFFFFFFFFFFFFFFFFFFFFFFFFFFFFFFFFFFBD
:20C3A000FFFFFFFFFFFFFFFFFFFFFFFFFFFFFFFFFFFFFFFFFFFFFFFFFFFFFFFFFFFFFFFF9D
:20C3C000FFFFFFFFFFFFFFFFFFFFFFFFFFFFFFFFFFFFFFFFFFFFFFFFFFFFFFFFFFFFFFFF7D
:20C3E000FFFFFFFFFFFFFFFFFFFFFFFFFFFFFFFFFFFFFFFFFFFFFFFFFFFFFFFFFFFFFFFF5D
:20C40000FFFFFFFFFFFFFFFFFFFFFFFFFFFFFFFFFFFFFFFFFFFFFFFFFFFFFFFFFFFFFFFF3C
:20C42000FFFFFFFFFFFFFFFFFFFFFFFFFFFFFFFFFFFFFFFFFFFFFFFFFFFFFFFFFFFFFFFF1C
:20C44000FFFFFFFFFFFFFFFFFFFFFFFFFFFFFFFFFFFFFFFFFFFFFFFFFFFFFFFFFFFFFFFFFC
:20C46000FFFFFFFFFFFFFFFFFFFFFFFFFFFFFFFFFFFFFFFFFFFFFFFFFFFFFFFFFFFFFFFFDC
:20C48000FFFFFFFFFFFFFFFFFFFFFFFFFFFFFFFFFFFFFFFFFFFFFFFFFFFFFFFFFFFFFFFFBC
:20C4A000FFFFFFFFFFFFFFFFFFFFFFFFFFFFFFFFFFFFFFFFFFFFFFFFFFFFFFFFFFFFFFFF9C
:20C4C000FFFFFFFFFFFFFFFFFFFFFFFFFFFFFFFFFFFFFFFFFFFFFFFFFFFFFFFFFFFFFFFF7C
:20C4E000FFFFFFFFFFFFFFFFFFFFFFFFFFFFFFFFFFFFFFFFFFFFFFFFFFFFFFFFFFFFFFFF5C
:20C50000FFFFFFFFFFFFFFFFFFFFFFFFFFFFFFFFFFFFFFFFFFFFFFFFFFFFFFFFFFFFFFFF3B
:20C52000FFFFFFFFFFFFFFFFFFFFFFFFFFFFFFFFFFFFFFFFFFFFFFFFFFFFFFFFFFFFFFFF1B
:20C54000FFFFFFFFFFFFFFFFFFFFFFFFFFFFFFFFFFFFFFFFFFFFFFFFFFFFFFFFFFFFFFFFFB
:20C56000FFFFFFFFFFFFFFFFFFFFFFFFFFFFFFFFFFFFFFFFFFFFFFFFFFFFFFFFFFFFFFFFDB
:20C58000FFFFFFFFFFFFFFFFFFFFFFFFFFFFFFFFFFFFFFFFFFFFFFFFFFFFFFFFFFFFFFFFBB
:20C5A000FFFFFFFFFFFFFFFFFFFFFFFFFFFFFFFFFFFFFFFFFFFFFFFFFFFFFFFFFFFFFFFF9B
:20C5C000FFFFFFFFFFFFFFFFFFFFFFFFFFFFFFFFFFFFFFFFFFFFFFFFFFFFFFFFFFFFFFFF7B
:20C5E000FFFFFFFFFFFFFFFFFFFFFFFFFFFFFFFFFFFFFFFFFFFFFFFFFFFFFFFFFFFFFFFF5B
:20C60000FFFFFFFFFFFFFFFFFFFFFFFFFFFFFFFFFFFFFFFFFFFFFFFFFFFFFFFFFFFFFFFF3A
:20C62000FFFFFFFFFFFFFFFFFFFFFFFFFFFFFFFFFFFFFFFFFFFFFFFFFFFFFFFFFFFFFFFF1A
:20C64000FFFFFFFFFFFFFFFFFFFFFFFFFFFFFFFFFFFFFFFFFFFFFFFFFFFFFFFFFFFFFFFFFA
:20C66000FFFFFFFFFFFFFFFFFFFFFFFFFFFFFFFFFFFFFFFFFFFFFFFFFFFFFFFFFFFFFFFFDA
:20C68000FFFFFFFFFFFFFFFFFFFFFFFFFFFFFFFFFFFFFFFFFFFFFFFFFFFFFFFFFFFFFFFFBA
:20C6A000FFFFFFFFFFFFFFFFFFFFFFFFFFFFFFFFFFFFFFFFFFFFFFFFFFFFFFFFFFFFFFFF9A
:20C6C000FFFFFFFFFFFFFFFFFFFFFFFFFFFFFFFFFFFFFFFFFFFFFFFFFFFFFFFFFFFFFFFF7A
:20C6E000FFFFFFFFFFFFFFFFFFFFFFFFFFFFFFFFFFFFFFFFFFFFFFFFFFFFFFFFFFFFFFFF5A
:20C70000FFFFFFFFFFFFFFFFFFFFFFFFFFFFFFFFFFFFFFFFFFFFFFFFFFFFFFFFFFFFFFFF39
:20C72000FFFFFFFFFFFFFFFFFFFFFFFFFFFFFFFFFFFFFFFFFFFFFFFFFFFFFFFFFFFFFFFF19
:20C74000FFFFFFFFFFFFFFFFFFFFFFFFFFFFFFFFFFFFFFFFFFFFFFFFFFFFFFFFFFFFFFFFF9
:20C76000FFFFFFFFFFFFFFFFFFFFFFFFFFFFFFFFFFFFFFFFFFFFFFFFFFFFFFFFFFFFFFFFD9
:20C78000FFFFFFFFFFFFFFFFFFFFFFFFFFFFFFFFFFFFFFFFFFFFFFFFFFFFFFFFFFFFFFFFB9
:20C7A000FFFFFFFFFFFFFFFFFFFFFFFFFFFFFFFFFFFFFFFFFFFFFFFFFFFFFFFFFFFFFFFF99
:20C7C000FFFFFFFFFFFFFFFFFFFFFFFFFFFFFFFFFFFFFFFFFFFFFFFFFFFFFFFFFFFFFFFF79
:20C7E000FFFFFFFFFFFFFFFFFFFFFFFFFFFFFFFFFFFFFFFFFFFFFFFFFFFFFFFFFFFFFFFF59
:20C80000FFFFFFFFFFFFFFFFFFFFFFFFFFFFFFFFFFFFFFFFFFFFFFFFFFFFFFFFFFFFFFFF38
:20C82000FFFFFFFFFFFFFFFFFFFFFFFFFFFFFFFFFFFFFFFFFFFFFFFFFFFFFFFFFFFFFFFF18
:20C84000FFFFFFFFFFFFFFFFFFFFFFFFFFFFFFFFFFFFFFFFFFFFFFFFFFFFFFFFFFFFFFFFF8
:20C86000FFFFFFFFFFFFFFFFFFFFFFFFFFFFFFFFFFFFFFFFFFFFFFFFFFFFFFFFFFFFFFFFD8
:20C88000FFFFFFFFFFFFFFFFFFFFFFFFFFFFFFFFFFFFFFFFFFFFFFFFFFFFFFFFFFFFFFFFB8
:20C8A000FFFFFFFFFFFFFFFFFFFFFFFFFFFFFFFFFFFFFFFFFFFFFFFFFFFFFFFFFFFFFFFF98
:20C8C000FFFFFFFFFFFFFFFFFFFFFFFFFFFFFFFFFFFFFFFFFFFFFFFFFFFFFFFFFFFFFFFF78
:20C8E000FFFFFFFFFFFFFFFFFFFFFFFFFFFFFFFFFFFFFFFFFFFFFFFFFFFFFFFFFFFFFFFF58
:20C90000FFFFFFFFFFFFFFFFFFFFFFFFFFFFFFFFFFFFFFFFFFFFFFFFFFFFFFFFFFFFFFFF37
:20C92000FFFFFFFFFFFFFFFFFFFFFFFFFFFFFFFFFFFFFFFFFFFFFFFFFFFFFFFFFFFFFFFF17
:20C94000FFFFFFFFFFFFFFFFFFFFFFFFFFFFFFFFFFFFFFFFFFFFFFFFFFFFFFFFFFFFFFFFF7
:20C96000FFFFFFFFFFFFFFFFFFFFFFFFFFFFFFFFFFFFFFFFFFFFFFFFFFFFFFFFFFFFFFFFD7
:20C98000FFFFFFFFFFFFFFFFFFFFFFFFFFFFFFFFFFFFFFFFFFFFFFFFFFFFFFFFFFFFFFFFB7
:20C9A000FFFFFFFFFFFFFFFFFFFFFFFFFFFFFFFFFFFFFFFFFFFFFFFFFFFFFFFFFFFFFFFF97
:20C9C000FFFFFFFFFFFFFFFFFFFFFFFFFFFFFFFFFFFFFFFFFFFFFFFFFFFFFFFFFFFFFFFF77
:20C9E000FFFFFFFFFFFFFFFFFFFFFFFFFFFFFFFFFFFFFFFFFFFFFFFFFFFFFFFFFFFFFFFF57
:20CA0000FFFFFFFFFFFFFFFFFFFFFFFFFFFFFFFFFFFFFFFFFFFFFFFFFFFFFFFFFFFFFFFF36
:20CA2000FFFFFFFFFFFFFFFFFFFFFFFFFFFFFFFFFFFFFFFFFFFFFFFFFFFFFFFFFFFFFFFF16
:20CA4000FFFFFFFFFFFFFFFFFFFFFFFFFFFFFFFFFFFFFFFFFFFFFFFFFFFFFFFFFFFFFFFFF6
:20CA6000FFFFFFFFFFFFFFFFFFFFFFFFFFFFFFFFFFFFFFFFFFFFFFFFFFFFFFFFFFFFFFFFD6
:20CA8000FFFFFFFFFFFFFFFFFFFFFFFFFFFFFFFFFFFFFFFFFFFFFFFFFFFFFFFFFFFFFFFFB6
:20CAA000FFFFFFFFFFFFFFFFFFFFFFFFFFFFFFFFFFFFFFFFFFFFFFFFFFFFFFFFFFFFFFFF96
:20CAC000FFFFFFFFFFFFFFFFFFFFFFFFFFFFFFFFFFFFFFFFFFFFFFFFFFFFFFFFFFFFFFFF76
:20CAE000FFFFFFFFFFFFFFFFFFFFFFFFFFFFFFFFFFFFFFFFFFFFFFFFFFFFFFFFFFFFFFFF56
:20CB0000FFFFFFFFFFFFFFFFFFFFFFFFFFFFFFFFFFFFFFFFFFFFFFFFFFFFFFFFFFFFFFFF35
:20CB2000FFFFFFFFFFFFFFFFFFFFFFFFFFFFFFFFFFFFFFFFFFFFFFFFFFFFFFFFFFFFFFFF15
:20CB4000FFFFFFFFFFFFFFFFFFFFFFFFFFFFFFFFFFFFFFFFFFFFFFFFFFFFFFFFFFFFFFFFF5
:20CB6000FFFFFFFFFFFFFFFFFFFFFFFFFFFFFFFFFFFFFFFFFFFFFFFFFFFFFFFFFFFFFFFFD5
:20CB8000FFFFFFFFFFFFFFFFFFFFFFFFFFFFFFFFFFFFFFFFFFFFFFFFFFFFFFFFFFFFFFFFB5
:20CBA000FFFFFFFFFFFFFFFFFFFFFFFFFFFFFFFFFFFFFFFFFFFFFFFFFFFFFFFFFFFFFFFF95
:20CBC000FFFFFFFFFFFFFFFFFFFFFFFFFFFFFFFFFFFFFFFFFFFFFFFFFFFFFFFFFFFFFFFF75
:20CBE000FFFFFFFFFFFFFFFFFFFFFFFFFFFFFFFFFFFFFFFFFFFFFFFFFFFFFFFFFFFFFFFF55
:20CC0000FFFFFFFFFFFFFFFFFFFFFFFFFFFFFFFFFFFFFFFFFFFFFFFFFFFFFFFFFFFFFFFF34
:20CC2000FFFFFFFFFFFFFFFFFFFFFFFFFFFFFFFFFFFFFFFFFFFFFFFFFFFFFFFFFFFFFFFF14
:20CC4000FFFFFFFFFFFFFFFFFFFFFFFFFFFFFFFFFFFFFFFFFFFFFFFFFFFFFFFFFFFFFFFFF4
:20CC6000FFFFFFFFFFFFFFFFFFFFFFFFFFFFFFFFFFFFFFFFFFFFFFFFFFFFFFFFFFFFFFFFD4
:20CC8000FFFFFFFFFFFFFFFFFFFFFFFFFFFFFFFFFFFFFFFFFFFFFFFFFFFFFFFFFFFFFFFFB4
:20CCA000FFFFFFFFFFFFFFFFFFFFFFFFFFFFFFFFFFFFFFFFFFFFFFFFFFFFFFFFFFFFFFFF94
:20CCC000FFFFFFFFFFFFFFFFFFFFFFFFFFFFFFFFFFFFFFFFFFFFFFFFFFFFFFFFFFFFFFFF74
:20CCE000FFFFFFFFFFFFFFFFFFFFFFFFFFFFFFFFFFFFFFFFFFFFFFFFFFFFFFFFFFFFFFFF54
:20CD0000FFFFFFFFFFFFFFFFFFFFFFFFFFFFFFFFFFFFFFFFFFFFFFFFFFFFFFFFFFFFFFFF33
:20CD2000FFFFFFFFFFFFFFFFFFFFFFFFFFFFFFFFFFFFFFFFFFFFFFFFFFFFFFFFFFFFFFFF13
:20CD4000FFFFFFFFFFFFFFFFFFFFFFFFFFFFFFFFFFFFFFFFFFFFFFFFFFFFFFFFFFFFFFFFF3
:20CD6000FFFFFFFFFFFFFFFFFFFFFFFFFFFFFFFFFFFFFFFFFFFFFFFFFFFFFFFFFFFFFFFFD3
:20CD8000FFFFFFFFFFFFFFFFFFFFFFFFFFFFFFFFFFFFFFFFFFFFFFFFFFFFFFFFFFFFFFFFB3
:20CDA000FFFFFFFFFFFFFFFFFFFFFFFFFFFFFFFFFFFFFFFFFFFFFFFFFFFFFFFFFFFFFFFF93
:20CDC000FFFFFFFFFFFFFFFFFFFFFFFFFFFFFFFFFFFFFFFFFFFFFFFFFFFFFFFFFFFFFFFF73
:20CDE000FFFFFFFFFFFFFFFFFFFFFFFFFFFFFFFFFFFFFFFFFFFFFFFFFFFFFFFFFFFFFFFF53
:20CE0000FFFFFFFFFFFFFFFFFFFFFFFFFFFFFFFFFFFFFFFFFFFFFFFFFFFFFFFFFFFFFFFF32
:20CE2000FFFFFFFFFFFFFFFFFFFFFFFFFFFFFFFFFFFFFFFFFFFFFFFFFFFFFFFFFFFFFFFF12
:20CE4000FFFFFFFFFFFFFFFFFFFFFFFFFFFFFFFFFFFFFFFFFFFFFFFFFFFFFFFFFFFFFFFFF2
:20CE6000FFFFFFFFFFFFFFFFFFFFFFFFFFFFFFFFFFFFFFFFFFFFFFFFFFFFFFFFFFFFFFFFD2
:20CE8000FFFFFFFFFFFFFFFFFFFFFFFFFFFFFFFFFFFFFFFFFFFFFFFFFFFFFFFFFFFFFFFFB2
:20CEA000FFFFFFFFFFFFFFFFFFFFFFFFFFFFFFFFFFFFFFFFFFFFFFFFFFFFFFFFFFFFFFFF92
:20CEC000FFFFFFFFFFFFFFFFFFFFFFFFFFFFFFFFFFFFFFFFFFFFFFFFFFFFFFFFFFFFFFFF72
:20CEE000FFFFFFFFFFFFFFFFFFFFFFFFFFFFFFFFFFFFFFFFFFFFFFFFFFFFFFFFFFFFFFFF52
:20CF0000FFFFFFFFFFFFFFFFFFFFFFFFFFFFFFFFFFFFFFFFFFFFFFFFFFFFFFFFFFFFFFFF31
:20CF2000FFFFFFFFFFFFFFFFFFFFFFFFFFFFFFFFFFFFFFFFFFFFFFFFFFFFFFFFFFFFFFFF11
:20CF4000FFFFFFFFFFFFFFFFFFFFFFFFFFFFFFFFFFFFFFFFFFFFFFFFFFFFFFFFFFFFFFFFF1
:20CF6000FFFFFFFFFFFFFFFFFFFFFFFFFFFFFFFFFFFFFFFFFFFFFFFFFFFFFFFFFFFFFFFFD1
:20CF8000FFFFFFFFFFFFFFFFFFFFFFFFFFFFFFFFFFFFFFFFFFFFFFFFFFFFFFFFFFFFFFFFB1
:20CFA000FFFFFFFFFFFFFFFFFFFFFFFFFFFFFFFFFFFFFFFFFFFFFFFFFFFFFFFFFFFFFFFF91
:20CFC000FFFFFFFFFFFFFFFFFFFFFFFFFFFFFFFFFFFFFFFFFFFFFFFFFFFFFFFFFFFFFFFF71
:20CFE000FFFFFFFFFFFFFFFFFFFFFFFFFFFFFFFFFFFFFFFFFFFFFFFFFFFFFFFFFFFFFFFF51
:20D00000FFFFFFFFFFFFFFFFFFFFFFFFFFFFFFFFFFFFFFFFFFFFFFFFFFFFFFFFFFFFFFFF30
:20D02000FFFFFFFFFFFFFFFFFFFFFFFFFFFFFFFFFFFFFFFFFFFFFFFFFFFFFFFFFFFFFFFF10
:20D04000FFFFFFFFFFFFFFFFFFFFFFFFFFFFFFFFFFFFFFFFFFFFFFFFFFFFFFFFFFFFFFFFF0
:20D06000FFFFFFFFFFFFFFFFFFFFFFFFFFFFFFFFFFFFFFFFFFFFFFFFFFFFFFFFFFFFFFFFD0
:20D08000FFFFFFFFFFFFFFFFFFFFFFFFFFFFFFFFFFFFFFFFFFFFFFFFFFFFFFFFFFFFFFFFB0
:20D0A000FFFFFFFFFFFFFFFFFFFFFFFFFFFFFFFFFFFFFFFFFFFFFFFFFFFFFFFFFFFFFFFF90
:20D0C000FFFFFFFFFFFFFFFFFFFFFFFFFFFFFFFFFFFFFFFFFFFFFFFFFFFFFFFFFFFFFFFF70
:20D0E000FFFFFFFFFFFFFFFFFFFFFFFFFFFFFFFFFFFFFFFFFFFFFFFFFFFFFFFFFFFFFFFF50
:20D10000FFFFFFFFFFFFFFFFFFFFFFFFFFFFFFFFFFFFFFFFFFFFFFFFFFFFFFFFFFFFFFFF2F
:20D12000FFFFFFFFFFFFFFFFFFFFFFFFFFFFFFFFFFFFFFFFFFFFFFFFFFFFFFFFFFFFFFFF0F
:20D14000FFFFFFFFFFFFFFFFFFFFFFFFFFFFFFFFFFFFFFFFFFFFFFFFFFFFFFFFFFFFFFFFEF
:20D16000FFFFFFFFFFFFFFFFFFFFFFFFFFFFFFFFFFFFFFFFFFFFFFFFFFFFFFFFFFFFFFFFCF
:20D18000FFFFFFFFFFFFFFFFFFFFFFFFFFFFFFFFFFFFFFFFFFFFFFFFFFFFFFFFFFFFFFFFAF
:20D1A000FFFFFFFFFFFFFFFFFFFFFFFFFFFFFFFFFFFFFFFFFFFFFFFFFFFFFFFFFFFFFFFF8F
:20D1C000FFFFFFFFFFFFFFFFFFFFFFFFFFFFFFFFFFFFFFFFFFFFFFFFFFFFFFFFFFFFFFFF6F
:20D1E000FFFFFFFFFFFFFFFFFFFFFFFFFFFFFFFFFFFFFFFFFFFFFFFFFFFFFFFFFFFFFFFF4F
:20D20000FFFFFFFFFFFFFFFFFFFFFFFFFFFFFFFFFFFFFFFFFFFFFFFFFFFFFFFFFFFFFFFF2E
:20D22000FFFFFFFFFFFFFFFFFFFFFFFFFFFFFFFFFFFFFFFFFFFFFFFFFFFFFFFFFFFFFFFF0E
:20D24000FFFFFFFFFFFFFFFFFFFFFFFFFFFFFFFFFFFFFFFFFFFFFFFFFFFFFFFFFFFFFFFFEE
:20D26000FFFFFFFFFFFFFFFFFFFFFFFFFFFFFFFFFFFFFFFFFFFFFFFFFFFFFFFFFFFFFFFFCE
:20D28000FFFFFFFFFFFFFFFFFFFFFFFFFFFFFFFFFFFFFFFFFFFFFFFFFFFFFFFFFFFFFFFFAE
:20D2A000FFFFFFFFFFFFFFFFFFFFFFFFFFFFFFFFFFFFFFFFFFFFFFFFFFFFFFFFFFFFFFFF8E
:20D2C000FFFFFFFFFFFFFFFFFFFFFFFFFFFFFFFFFFFFFFFFFFFFFFFFFFFFFFFFFFFFFFFF6E
:20D2E000FFFFFFFFFFFFFFFFFFFFFFFFFFFFFFFFFFFFFFFFFFFFFFFFFFFFFFFFFFFFFFFF4E
:20D30000FFFFFFFFFFFFFFFFFFFFFFFFFFFFFFFFFFFFFFFFFFFFFFFFFFFFFFFFFFFFFFFF2D
:20D32000FFFFFFFFFFFFFFFFFFFFFFFFFFFFFFFFFFFFFFFFFFFFFFFFFFFFFFFFFFFFFFFF0D
:20D34000FFFFFFFFFFFFFFFFFFFFFFFFFFFFFFFFFFFFFFFFFFFFFFFFFFFFFFFFFFFFFFFFED
:20D36000FFFFFFFFFFFFFFFFFFFFFFFFFFFFFFFFFFFFFFFFFFFFFFFFFFFFFFFFFFFFFFFFCD
:20D38000FFFFFFFFFFFFFFFFFFFFFFFFFFFFFFFFFFFFFFFFFFFFFFFFFFFFFFFFFFFFFFFFAD
:20D3A000FFFFFFFFFFFFFFFFFFFFFFFFFFFFFFFFFFFFFFFFFFFFFFFFFFFFFFFFFFFFFFFF8D
:20D3C000FFFFFFFFFFFFFFFFFFFFFFFFFFFFFFFFFFFFFFFFFFFFFFFFFFFFFFFFFFFFFFFF6D
:20D3E000FFFFFFFFFFFFFFFFFFFFFFFFFFFFFFFFFFFFFFFFFFFFFFFFFFFFFFFFFFFFFFFF4D
:20D40000FFFFFFFFFFFFFFFFFFFFFFFFFFFFFFFFFFFFFFFFFFFFFFFFFFFFFFFFFFFFFFFF2C
:20D42000FFFFFFFFFFFFFFFFFFFFFFFFFFFFFFFFFFFFFFFFFFFFFFFFFFFFFFFFFFFFFFFF0C
:20D44000FFFFFFFFFFFFFFFFFFFFFFFFFFFFFFFFFFFFFFFFFFFFFFFFFFFFFFFFFFFFFFFFEC
:20D46000FFFFFFFFFFFFFFFFFFFFFFFFFFFFFFFFFFFFFFFFFFFFFFFFFFFFFFFFFFFFFFFFCC
:20D48000FFFFFFFFFFFFFFFFFFFFFFFFFFFFFFFFFFFFFFFFFFFFFFFFFFFFFFFFFFFFFFFFAC
:20D4A000FFFFFFFFFFFFFFFFFFFFFFFFFFFFFFFFFFFFFFFFFFFFFFFFFFFFFFFFFFFFFFFF8C
:20D4C000FFFFFFFFFFFFFFFFFFFFFFFFFFFFFFFFFFFFFFFFFFFFFFFFFFFFFFFFFFFFFFFF6C
:20D4E000FFFFFFFFFFFFFFFFFFFFFFFFFFFFFFFFFFFFFFFFFFFFFFFFFFFFFFFFFFFFFFFF4C
:20D50000FFFFFFFFFFFFFFFFFFFFFFFFFFFFFFFFFFFFFFFFFFFFFFFFFFFFFFFFFFFFFFFF2B
:20D52000FFFFFFFFFFFFFFFFFFFFFFFFFFFFFFFFFFFFFFFFFFFFFFFFFFFFFFFFFFFFFFFF0B
:20D54000FFFFFFFFFFFFFFFFFFFFFFFFFFFFFFFFFFFFFFFFFFFFFFFFFFFFFFFFFFFFFFFFEB
:20D56000FFFFFFFFFFFFFFFFFFFFFFFFFFFFFFFFFFFFFFFFFFFFFFFFFFFFFFFFFFFFFFFFCB
:20D58000FFFFFFFFFFFFFFFFFFFFFFFFFFFFFFFFFFFFFFFFFFFFFFFFFFFFFFFFFFFFFFFFAB
:20D5A000FFFFFFFFFFFFFFFFFFFFFFFFFFFFFFFFFFFFFFFFFFFFFFFFFFFFFFFFFFFFFFFF8B
:20D5C000FFFFFFFFFFFFFFFFFFFFFFFFFFFFFFFFFFFFFFFFFFFFFFFFFFFFFFFFFFFFFFFF6B
:20D5E000FFFFFFFFFFFFFFFFFFFFFFFFFFFFFFFFFFFFFFFFFFFFFFFFFFFFFFFFFFFFFFFF4B
:20D60000FFFFFFFFFFFFFFFFFFFFFFFFFFFFFFFFFFFFFFFFFFFFFFFFFFFFFFFFFFFFFFFF2A
:20D62000FFFFFFFFFFFFFFFFFFFFFFFFFFFFFFFFFFFFFFFFFFFFFFFFFFFFFFFFFFFFFFFF0A
:20D64000FFFFFFFFFFFFFFFFFFFFFFFFFFFFFFFFFFFFFFFFFFFFFFFFFFFFFFFFFFFFFFFFEA
:20D66000FFFFFFFFFFFFFFFFFFFFFFFFFFFFFFFFFFFFFFFFFFFFFFFFFFFFFFFFFFFFFFFFCA
:20D68000FFFFFFFFFFFFFFFFFFFFFFFFFFFFFFFFFFFFFFFFFFFFFFFFFFFFFFFFFFFFFFFFAA
:20D6A000FFFFFFFFFFFFFFFFFFFFFFFFFFFFFFFFFFFFFFFFFFFFFFFFFFFFFFFFFFFFFFFF8A
:20D6C000FFFFFFFFFFFFFFFFFFFFFFFFFFFFFFFFFFFFFFFFFFFFFFFFFFFFFFFFFFFFFFFF6A
:20D6E000FFFFFFFFFFFFFFFFFFFFFFFFFFFFFFFFFFFFFFFFFFFFFFFFFFFFFFFFFFFFFFFF4A
:20D70000FFFFFFFFFFFFFFFFFFFFFFFFFFFFFFFFFFFFFFFFFFFFFFFFFFFFFFFFFFFFFFFF29
:20D72000FFFFFFFFFFFFFFFFFFFFFFFFFFFFFFFFFFFFFFFFFFFFFFFFFFFFFFFFFFFFFFFF09
:20D74000FFFFFFFFFFFFFFFFFFFFFFFFFFFFFFFFFFFFFFFFFFFFFFFFFFFFFFFFFFFFFFFFE9
:20D76000FFFFFFFFFFFFFFFFFFFFFFFFFFFFFFFFFFFFFFFFFFFFFFFFFFFFFFFFFFFFFFFFC9
:20D78000FFFFFFFFFFFFFFFFFFFFFFFFFFFFFFFFFFFFFFFFFFFFFFFFFFFFFFFFFFFFFFFFA9
:20D7A000FFFFFFFFFFFFFFFFFFFFFFFFFFFFFFFFFFFFFFFFFFFFFFFFFFFFFFFFFFFFFFFF89
:20D7C000FFFFFFFFFFFFFFFFFFFFFFFFFFFFFFFFFFFFFFFFFFFFFFFFFFFFFFFFFFFFFFFF69
:20D7E000FFFFFFFFFFFFFFFFFFFFFFFFFFFFFFFFFFFFFFFFFFFFFFFFFFFFFFFFFFFFFFFF49
:20D80000FFFFFFFFFFFFFFFFFFFFFFFFFFFFFFFFFFFFFFFFFFFFFFFFFFFFFFFFFFFFFFFF28
:20D82000FFFFFFFFFFFFFFFFFFFFFFFFFFFFFFFFFFFFFFFFFFFFFFFFFFFFFFFFFFFFFFFF08
:20D84000FFFFFFFFFFFFFFFFFFFFFFFFFFFFFFFFFFFFFFFFFFFFFFFFFFFFFFFFFFFFFFFFE8
:20D86000FFFFFFFFFFFFFFFFFFFFFFFFFFFFFFFFFFFFFFFFFFFFFFFFFFFFFFFFFFFFFFFFC8
:20D88000FFFFFFFFFFFFFFFFFFFFFFFFFFFFFFFFFFFFFFFFFFFFFFFFFFFFFFFFFFFFFFFFA8
:20D8A000FFFFFFFFFFFFFFFFFFFFFFFFFFFFFFFFFFFFFFFFFFFFFFFFFFFFFFFFFFFFFFFF88
:20D8C000FFFFFFFFFFFFFFFFFFFFFFFFFFFFFFFFFFFFFFFFFFFFFFFFFFFFFFFFFFFFFFFF68
:20D8E000FFFFFFFFFFFFFFFFFFFFFFFFFFFFFFFFFFFFFFFFFFFFFFFFFFFFFFFFFFFFFFFF48
:20D90000FFFFFFFFFFFFFFFFFFFFFFFFFFFFFFFFFFFFFFFFFFFFFFFFFFFFFFFFFFFFFFFF27
:20D92000FFFFFFFFFFFFFFFFFFFFFFFFFFFFFFFFFFFFFFFFFFFFFFFFFFFFFFFFFFFFFFFF07
:20D94000FFFFFFFFFFFFFFFFFFFFFFFFFFFFFFFFFFFFFFFFFFFFFFFFFFFFFFFFFFFFFFFFE7
:20D96000FFFFFFFFFFFFFFFFFFFFFFFFFFFFFFFFFFFFFFFFFFFFFFFFFFFFFFFFFFFFFFFFC7
:20D98000FFFFFFFFFFFFFFFFFFFFFFFFFFFFFFFFFFFFFFFFFFFFFFFFFFFFFFFFFFFFFFFFA7
:20D9A000FFFFFFFFFFFFFFFFFFFFFFFFFFFFFFFFFFFFFFFFFFFFFFFFFFFFFFFFFFFFFFFF87
:20D9C000FFFFFFFFFFFFFFFFFFFFFFFFFFFFFFFFFFFFFFFFFFFFFFFFFFFFFFFFFFFFFFFF67
:20D9E000FFFFFFFFFFFFFFFFFFFFFFFFFFFFFFFFFFFFFFFFFFFFFFFFFFFFFFFFFFFFFFFF47
:20DA0000FFFFFFFFFFFFFFFFFFFFFFFFFFFFFFFFFFFFFFFFFFFFFFFFFFFFFFFFFFFFFFFF26
:20DA2000FFFFFFFFFFFFFFFFFFFFFFFFFFFFFFFFFFFFFFFFFFFFFFFFFFFFFFFFFFFFFFFF06
:20DA4000FFFFFFFFFFFFFFFFFFFFFFFFFFFFFFFFFFFFFFFFFFFFFFFFFFFFFFFFFFFFFFFFE6
:20DA6000FFFFFFFFFFFFFFFFFFFFFFFFFFFFFFFFFFFFFFFFFFFFFFFFFFFFFFFFFFFFFFFFC6
:20DA8000FFFFFFFFFFFFFFFFFFFFFFFFFFFFFFFFFFFFFFFFFFFFFFFFFFFFFFFFFFFFFFFFA6
:20DAA000FFFFFFFFFFFFFFFFFFFFFFFFFFFFFFFFFFFFFFFFFFFFFFFFFFFFFFFFFFFFFFFF86
:20DAC000FFFFFFFFFFFFFFFFFFFFFFFFFFFFFFFFFFFFFFFFFFFFFFFFFFFFFFFFFFFFFFFF66
:20DAE000FFFFFFFFFFFFFFFFFFFFFFFFFFFFFFFFFFFFFFFFFFFFFFFFFFFFFFFFFFFFFFFF46
:20DB0000FFFFFFFFFFFFFFFFFFFFFFFFFFFFFFFFFFFFFFFFFFFFFFFFFFFFFFFFFFFFFFFF25
:20DB2000FFFFFFFFFFFFFFFFFFFFFFFFFFFFFFFFFFFFFFFFFFFFFFFFFFFFFFFFFFFFFFFF05
:20DB4000FFFFFFFFFFFFFFFFFFFFFFFFFFFFFFFFFFFFFFFFFFFFFFFFFFFFFFFFFFFFFFFFE5
:20DB6000FFFFFFFFFFFFFFFFFFFFFFFFFFFFFFFFFFFFFFFFFFFFFFFFFFFFFFFFFFFFFFFFC5
:20DB8000FFFFFFFFFFFFFFFFFFFFFFFFFFFFFFFFFFFFFFFFFFFFFFFFFFFFFFFFFFFFFFFFA5
:20DBA000FFFFFFFFFFFFFFFFFFFFFFFFFFFFFFFFFFFFFFFFFFFFFFFFFFFFFFFFFFFFFFFF85
:20DBC000FFFFFFFFFFFFFFFFFFFFFFFFFFFFFFFFFFFFFFFFFFFFFFFFFFFFFFFFFFFFFFFF65
:20DBE000FFFFFFFFFFFFFFFFFFFFFFFFFFFFFFFFFFFFFFFFFFFFFFFFFFFFFFFFFFFFFFFF45
:20DC0000FFFFFFFFFFFFFFFFFFFFFFFFFFFFFFFFFFFFFFFFFFFFFFFFFFFFFFFFFFFFFFFF24
:20DC2000FFFFFFFFFFFFFFFFFFFFFFFFFFFFFFFFFFFFFFFFFFFFFFFFFFFFFFFFFFFFFFFF04
:20DC4000FFFFFFFFFFFFFFFFFFFFFFFFFFFFFFFFFFFFFFFFFFFFFFFFFFFFFFFFFFFFFFFFE4
:20DC6000FFFFFFFFFFFFFFFFFFFFFFFFFFFFFFFFFFFFFFFFFFFFFFFFFFFFFFFFFFFFFFFFC4
:20DC8000FFFFFFFFFFFFFFFFFFFFFFFFFFFFFFFFFFFFFFFFFFFFFFFFFFFFFFFFFFFFFFFFA4
:20DCA000FFFFFFFFFFFFFFFFFFFFFFFFFFFFFFFFFFFFFFFFFFFFFFFFFFFFFFFFFFFFFFFF84
:20DCC000FFFFFFFFFFFFFFFFFFFFFFFFFFFFFFFFFFFFFFFFFFFFFFFFFFFFFFFFFFFFFFFF64
:20DCE000FFFFFFFFFFFFFFFFFFFFFFFFFFFFFFFFFFFFFFFFFFFFFFFFFFFFFFFFFFFFFFFF44
:20DD0000FFFFFFFFFFFFFFFFFFFFFFFFFFFFFFFFFFFFFFFFFFFFFFFFFFFFFFFFFFFFFFFF23
:20DD2000FFFFFFFFFFFFFFFFFFFFFFFFFFFFFFFFFFFFFFFFFFFFFFFFFFFFFFFFFFFFFFFF03
:20DD4000FFFFFFFFFFFFFFFFFFFFFFFFFFFFFFFFFFFFFFFFFFFFFFFFFFFFFFFFFFFFFFFFE3
:20DD6000FFFFFFFFFFFFFFFFFFFFFFFFFFFFFFFFFFFFFFFFFFFFFFFFFFFFFFFFFFFFFFFFC3
:20DD8000FFFFFFFFFFFFFFFFFFFFFFFFFFFFFFFFFFFFFFFFFFFFFFFFFFFFFFFFFFFFFFFFA3
:20DDA000FFFFFFFFFFFFFFFFFFFFFFFFFFFFFFFFFFFFFFFFFFFFFFFFFFFFFFFFFFFFFFFF83
:20DDC000FFFFFFFFFFFFFFFFFFFFFFFFFFFFFFFFFFFFFFFFFFFFFFFFFFFFFFFFFFFFFFFF63
:20DDE000FFFFFFFFFFFFFFFFFFFFFFFFFFFFFFFFFFFFFFFFFFFFFFFFFFFFFFFFFFFFFFFF43
:20DE0000FFFFFFFFFFFFFFFFFFFFFFFFFFFFFFFFFFFFFFFFFFFFFFFFFFFFFFFFFFFFFFFF22
:20DE2000FFFFFFFFFFFFFFFFFFFFFFFFFFFFFFFFFFFFFFFFFFFFFFFFFFFFFFFFFFFFFFFF02
:20DE4000FFFFFFFFFFFFFFFFFFFFFFFFFFFFFFFFFFFFFFFFFFFFFFFFFFFFFFFFFFFFFFFFE2
:20DE6000FFFFFFFFFFFFFFFFFFFFFFFFFFFFFFFFFFFFFFFFFFFFFFFFFFFFFFFFFFFFFFFFC2
:20DE8000FFFFFFFFFFFFFFFFFFFFFFFFFFFFFFFFFFFFFFFFFFFFFFFFFFFFFFFFFFFFFFFFA2
:20DEA000FFFFFFFFFFFFFFFFFFFFFFFFFFFFFFFFFFFFFFFFFFFFFFFFFFFFFFFFFFFFFFFF82
:20DEC000FFFFFFFFFFFFFFFFFFFFFFFFFFFFFFFFFFFFFFFFFFFFFFFFFFFFFFFFFFFFFFFF62
:20DEE000FFFFFFFFFFFFFFFFFFFFFFFFFFFFFFFFFFFFFFFFFFFFFFFFFFFFFFFFFFFFFFFF42
:20DF0000FFFFFFFFFFFFFFFFFFFFFFFFFFFFFFFFFFFFFFFFFFFFFFFFFFFFFFFFFFFFFFFF21
:20DF2000FFFFFFFFFFFFFFFFFFFFFFFFFFFFFFFFFFFFFFFFFFFFFFFFFFFFFFFFFFFFFFFF01
:20DF4000FFFFFFFFFFFFFFFFFFFFFFFFFFFFFFFFFFFFFFFFFFFFFFFFFFFFFFFFFFFFFFFFE1
:20DF6000FFFFFFFFFFFFFFFFFFFFFFFFFFFFFFFFFFFFFFFFFFFFFFFFFFFFFFFFFFFFFFFFC1
:20DF8000FFFFFFFFFFFFFFFFFFFFFFFFFFFFFFFFFFFFFFFFFFFFFFFFFFFFFFFFFFFFFFFFA1
:20DFA000FFFFFFFFFFFFFFFFFFFFFFFFFFFFFFFFFFFFFFFFFFFFFFFFFFFFFFFFFFFFFFFF81
:20DFC000FFFFFFFFFFFFFFFFFFFFFFFFFFFFFFFFFFFFFFFFFFFFFFFFFFFFFFFFFFFFFFFF61
:20DFE000FFFFFFFFFFFFFFFFFFFFFFFFFFFFFFFFFFFFFFFFFFFFFFFFFFFFFFFFFFFFFFFF41
:20E00000FFFFFFFFFFFFFFFFFFFFFFFFFFFFFFFFFFFFFFFFFFFFFFFFFFFFFFFFFFFFFFFF20
:20E02000FFFFFFFFFFFFFFFFFFFFFFFFFFFFFFFFFFFFFFFFFFFFFFFFFFFFFFFFFFFFFFFF00
:20E04000FFFFFFFFFFFFFFFFFFFFFFFFFFFFFFFFFFFFFFFFFFFFFFFFFFFFFFFFFFFFFFFFE0
:20E06000FFFFFFFFFFFFFFFFFFFFFFFFFFFFFFFFFFFFFFFFFFFFFFFFFFFFFFFFFFFFFFFFC0
:20E08000FFFFFFFFFFFFFFFFFFFFFFFFFFFFFFFFFFFFFFFFFFFFFFFFFFFFFFFFFFFFFFFFA0
:20E0A000FFFFFFFFFFFFFFFFFFFFFFFFFFFFFFFFFFFFFFFFFFFFFFFFFFFFFFFFFFFFFFFF80
:20E0C000FFFFFFFFFFFFFFFFFFFFFFFFFFFFFFFFFFFFFFFFFFFFFFFFFFFFFFFFFFFFFFFF60
:20E0E000FFFFFFFFFFFFFFFFFFFFFFFFFFFFFFFFFFFFFFFFFFFFFFFFFFFFFFFFFFFFFFFF40
:20E10000FFFFFFFFFFFFFFFFFFFFFFFFFFFFFFFFFFFFFFFFFFFFFFFFFFFFFFFFFFFFFFFF1F
:20E12000FFFFFFFFFFFFFFFFFFFFFFFFFFFFFFFFFFFFFFFFFFFFFFFFFFFFFFFFFFFFFFFFFF
:20E14000FFFFFFFFFFFFFFFFFFFFFFFFFFFFFFFFFFFFFFFFFFFFFFFFFFFFFFFFFFFFFFFFDF
:20E16000FFFFFFFFFFFFFFFFFFFFFFFFFFFFFFFFFFFFFFFFFFFFFFFFFFFFFFFFFFFFFFFFBF
:20E18000FFFFFFFFFFFFFFFFFFFFFFFFFFFFFFFFFFFFFFFFFFFFFFFFFFFFFFFFFFFFFFFF9F
:20E1A000FFFFFFFFFFFFFFFFFFFFFFFFFFFFFFFFFFFFFFFFFFFFFFFFFFFFFFFFFFFFFFFF7F
:20E1C000FFFFFFFFFFFFFFFFFFFFFFFFFFFFFFFFFFFFFFFFFFFFFFFFFFFFFFFFFFFFFFFF5F
:20E1E000FFFFFFFFFFFFFFFFFFFFFFFFFFFFFFFFFFFFFFFFFFFFFFFFFFFFFFFFFFFFFFFF3F
:20E20000FFFFFFFFFFFFFFFFFFFFFFFFFFFFFFFFFFFFFFFFFFFFFFFFFFFFFFFFFFFFFFFF1E
:20E22000FFFFFFFFFFFFFFFFFFFFFFFFFFFFFFFFFFFFFFFFFFFFFFFFFFFFFFFFFFFFFFFFFE
:20E24000FFFFFFFFFFFFFFFFFFFFFFFFFFFFFFFFFFFFFFFFFFFFFFFFFFFFFFFFFFFFFFFFDE
:20E26000FFFFFFFFFFFFFFFFFFFFFFFFFFFFFFFFFFFFFFFFFFFFFFFFFFFFFFFFFFFFFFFFBE
:20E28000FFFFFFFFFFFFFFFFFFFFFFFFFFFFFFFFFFFFFFFFFFFFFFFFFFFFFFFFFFFFFFFF9E
:20E2A000FFFFFFFFFFFFFFFFFFFFFFFFFFFFFFFFFFFFFFFFFFFFFFFFFFFFFFFFFFFFFFFF7E
:20E2C000FFFFFFFFFFFFFFFFFFFFFFFFFFFFFFFFFFFFFFFFFFFFFFFFFFFFFFFFFFFFFFFF5E
:20E2E000FFFFFFFFFFFFFFFFFFFFFFFFFFFFFFFFFFFFFFFFFFFFFFFFFFFFFFFFFFFFFFFF3E
:20E30000FFFFFFFFFFFFFFFFFFFFFFFFFFFFFFFFFFFFFFFFFFFFFFFFFFFFFFFFFFFFFFFF1D
:20E32000FFFFFFFFFFFFFFFFFFFFFFFFFFFFFFFFFFFFFFFFFFFFFFFFFFFFFFFFFFFFFFFFFD
:20E34000FFFFFFFFFFFFFFFFFFFFFFFFFFFFFFFFFFFFFFFFFFFFFFFFFFFFFFFFFFFFFFFFDD
:20E36000FFFFFFFFFFFFFFFFFFFFFFFFFFFFFFFFFFFFFFFFFFFFFFFFFFFFFFFFFFFFFFFFBD
:20E38000FFFFFFFFFFFFFFFFFFFFFFFFFFFFFFFFFFFFFFFFFFFFFFFFFFFFFFFFFFFFFFFF9D
:20E3A000FFFFFFFFFFFFFFFFFFFFFFFFFFFFFFFFFFFFFFFFFFFFFFFFFFFFFFFFFFFFFFFF7D
:20E3C000FFFFFFFFFFFFFFFFFFFFFFFFFFFFFFFFFFFFFFFFFFFFFFFFFFFFFFFFFFFFFFFF5D
:20E3E000FFFFFFFFFFFFFFFFFFFFFFFFFFFFFFFFFFFFFFFFFFFFFFFFFFFFFFFFFFFFFFFF3D
:20E40000FFFFFFFFFFFFFFFFFFFFFFFFFFFFFFFFFFFFFFFFFFFFFFFFFFFFFFFFFFFFFFFF1C
:20E42000FFFFFFFFFFFFFFFFFFFFFFFFFFFFFFFFFFFFFFFFFFFFFFFFFFFFFFFFFFFFFFFFFC
:20E44000FFFFFFFFFFFFFFFFFFFFFFFFFFFFFFFFFFFFFFFFFFFFFFFFFFFFFFFFFFFFFFFFDC
:20E46000FFFFFFFFFFFFFFFFFFFFFFFFFFFFFFFFFFFFFFFFFFFFFFFFFFFFFFFFFFFFFFFFBC
:20E48000FFFFFFFFFFFFFFFFFFFFFFFFFFFFFFFFFFFFFFFFFFFFFFFFFFFFFFFFFFFFFFFF9C
:20E4A000FFFFFFFFFFFFFFFFFFFFFFFFFFFFFFFFFFFFFFFFFFFFFFFFFFFFFFFFFFFFFFFF7C
:20E4C000FFFFFFFFFFFFFFFFFFFFFFFFFFFFFFFFFFFFFFFFFFFFFFFFFFFFFFFFFFFFFFFF5C
:20E4E000FFFFFFFFFFFFFFFFFFFFFFFFFFFFFFFFFFFFFFFFFFFFFFFFFFFFFFFFFFFFFFFF3C
:20E50000FFFFFFFFFFFFFFFFFFFFFFFFFFFFFFFFFFFFFFFFFFFFFFFFFFFFFFFFFFFFFFFF1B
:20E52000FFFFFFFFFFFFFFFFFFFFFFFFFFFFFFFFFFFFFFFFFFFFFFFFFFFFFFFFFFFFFFFFFB
:20E54000FFFFFFFFFFFFFFFFFFFFFFFFFFFFFFFFFFFFFFFFFFFFFFFFFFFFFFFFFFFFFFFFDB
:20E56000FFFFFFFFFFFFFFFFFFFFFFFFFFFFFFFFFFFFFFFFFFFFFFFFFFFFFFFFFFFFFFFFBB
:20E58000FFFFFFFFFFFFFFFFFFFFFFFFFFFFFFFFFFFFFFFFFFFFFFFFFFFFFFFFFFFFFFFF9B
:20E5A000FFFFFFFFFFFFFFFFFFFFFFFFFFFFFFFFFFFFFFFFFFFFFFFFFFFFFFFFFFFFFFFF7B
:20E5C000FFFFFFFFFFFFFFFFFFFFFFFFFFFFFFFFFFFFFFFFFFFFFFFFFFFFFFFFFFFFFFFF5B
:20E5E000FFFFFFFFFFFFFFFFFFFFFFFFFFFFFFFFFFFFFFFFFFFFFFFFFFFFFFFFFFFFFFFF3B
:20E60000FFFFFFFFFFFFFFFFFFFFFFFFFFFFFFFFFFFFFFFFFFFFFFFFFFFFFFFFFFFFFFFF1A
:20E62000FFFFFFFFFFFFFFFFFFFFFFFFFFFFFFFFFFFFFFFFFFFFFFFFFFFFFFFFFFFFFFFFFA
:20E64000FFFFFFFFFFFFFFFFFFFFFFFFFFFFFFFFFFFFFFFFFFFFFFFFFFFFFFFFFFFFFFFFDA
:20E66000FFFFFFFFFFFFFFFFFFFFFFFFFFFFFFFFFFFFFFFFFFFFFFFFFFFFFFFFFFFFFFFFBA
:20E68000FFFFFFFFFFFFFFFFFFFFFFFFFFFFFFFFFFFFFFFFFFFFFFFFFFFFFFFFFFFFFFFF9A
:20E6A000FFFFFFFFFFFFFFFFFFFFFFFFFFFFFFFFFFFFFFFFFFFFFFFFFFFFFFFFFFFFFFFF7A
:20E6C000FFFFFFFFFFFFFFFFFFFFFFFFFFFFFFFFFFFFFFFFFFFFFFFFFFFFFFFFFFFFFFFF5A
:20E6E000FFFFFFFFFFFFFFFFFFFFFFFFFFFFFFFFFFFFFFFFFFFFFFFFFFFFFFFFFFFFFFFF3A
:20E70000FFFFFFFFFFFFFFFFFFFFFFFFFFFFFFFFFFFFFFFFFFFFFFFFFFFFFFFFFFFFFFFF19
:20E72000FFFFFFFFFFFFFFFFFFFFFFFFFFFFFFFFFFFFFFFFFFFFFFFFFFFFFFFFFFFFFFFFF9
:20E74000FFFFFFFFFFFFFFFFFFFFFFFFFFFFFFFFFFFFFFFFFFFFFFFFFFFFFFFFFFFFFFFFD9
:20E76000FFFFFFFFFFFFFFFFFFFFFFFFFFFFFFFFFFFFFFFFFFFFFFFFFFFFFFFFFFFFFFFFB9
:20E78000FFFFFFFFFFFFFFFFFFFFFFFFFFFFFFFFFFFFFFFFFFFFFFFFFFFFFFFFFFFFFFFF99
:20E7A000FFFFFFFFFFFFFFFFFFFFFFFFFFFFFFFFFFFFFFFFFFFFFFFFFFFFFFFFFFFFFFFF79
:20E7C000FFFFFFFFFFFFFFFFFFFFFFFFFFFFFFFFFFFFFFFFFFFFFFFFFFFFFFFFFFFFFFFF59
:20E7E000FFFFFFFFFFFFFFFFFFFFFFFFFFFFFFFFFFFFFFFFFFFFFFFFFFFFFFFFFFFFFFFF39
:20E80000FFFFFFFFFFFFFFFFFFFFFFFFFFFFFFFFFFFFFFFFFFFFFFFFFFFFFFFFFFFFFFFF18
:20E82000FFFFFFFFFFFFFFFFFFFFFFFFFFFFFFFFFFFFFFFFFFFFFFFFFFFFFFFFFFFFFFFFF8
:20E84000FFFFFFFFFFFFFFFFFFFFFFFFFFFFFFFFFFFFFFFFFFFFFFFFFFFFFFFFFFFFFFFFD8
:20E86000FFFFFFFFFFFFFFFFFFFFFFFFFFFFFFFFFFFFFFFFFFFFFFFFFFFFFFFFFFFFFFFFB8
:20E88000FFFFFFFFFFFFFFFFFFFFFFFFFFFFFFFFFFFFFFFFFFFFFFFFFFFFFFFFFFFFFFFF98
:20E8A000FFFFFFFFFFFFFFFFFFFFFFFFFFFFFFFFFFFFFFFFFFFFFFFFFFFFFFFFFFFFFFFF78
:20E8C000FFFFFFFFFFFFFFFFFFFFFFFFFFFFFFFFFFFFFFFFFFFFFFFFFFFFFFFFFFFFFFFF58
:20E8E000FFFFFFFFFFFFFFFFFFFFFFFFFFFFFFFFFFFFFFFFFFFFFFFFFFFFFFFFFFFFFFFF38
:20E90000FFFFFFFFFFFFFFFFFFFFFFFFFFFFFFFFFFFFFFFFFFFFFFFFFFFFFFFFFFFFFFFF17
:20E92000FFFFFFFFFFFFFFFFFFFFFFFFFFFFFFFFFFFFFFFFFFFFFFFFFFFFFFFFFFFFFFFFF7
:20E94000FFFFFFFFFFFFFFFFFFFFFFFFFFFFFFFFFFFFFFFFFFFFFFFFFFFFFFFFFFFFFFFFD7
:20E96000FFFFFFFFFFFFFFFFFFFFFFFFFFFFFFFFFFFFFFFFFFFFFFFFFFFFFFFFFFFFFFFFB7
:20E98000FFFFFFFFFFFFFFFFFFFFFFFFFFFFFFFFFFFFFFFFFFFFFFFFFFFFFFFFFFFFFFFF97
:20E9A000FFFFFFFFFFFFFFFFFFFFFFFFFFFFFFFFFFFFFFFFFFFFFFFFFFFFFFFFFFFFFFFF77
:20E9C000FFFFFFFFFFFFFFFFFFFFFFFFFFFFFFFFFFFFFFFFFFFFFFFFFFFFFFFFFFFFFFFF57
:20E9E000FFFFFFFFFFFFFFFFFFFFFFFFFFFFFFFFFFFFFFFFFFFFFFFFFFFFFFFFFFFFFFFF37
:20EA0000FFFFFFFFFFFFFFFFFFFFFFFFFFFFFFFFFFFFFFFFFFFFFFFFFFFFFFFFFFFFFFFF16
:20EA2000FFFFFFFFFFFFFFFFFFFFFFFFFFFFFFFFFFFFFFFFFFFFFFFFFFFFFFFFFFFFFFFFF6
:20EA4000FFFFFFFFFFFFFFFFFFFFFFFFFFFFFFFFFFFFFFFFFFFFFFFFFFFFFFFFFFFFFFFFD6
:20EA6000FFFFFFFFFFFFFFFFFFFFFFFFFFFFFFFFFFFFFFFFFFFFFFFFFFFFFFFFFFFFFFFFB6
:20EA8000FFFFFFFFFFFFFFFFFFFFFFFFFFFFFFFFFFFFFFFFFFFFFFFFFFFFFFFFFFFFFFFF96
:20EAA000FFFFFFFFFFFFFFFFFFFFFFFFFFFFFFFFFFFFFFFFFFFFFFFFFFFFFFFFFFFFFFFF76
:20EAC000FFFFFFFFFFFFFFFFFFFFFFFFFFFFFFFFFFFFFFFFFFFFFFFFFFFFFFFFFFFFFFFF56
:20EAE000FFFFFFFFFFFFFFFFFFFFFFFFFFFFFFFFFFFFFFFFFFFFFFFFFFFFFFFFFFFFFFFF36
:20EB0000FFFFFFFFFFFFFFFFFFFFFFFFFFFFFFFFFFFFFFFFFFFFFFFFFFFFFFFFFFFFFFFF15
:20EB2000FFFFFFFFFFFFFFFFFFFFFFFFFFFFFFFFFFFFFFFFFFFFFFFFFFFFFFFFFFFFFFFFF5
:20EB4000FFFFFFFFFFFFFFFFFFFFFFFFFFFFFFFFFFFFFFFFFFFFFFFFFFFFFFFFFFFFFFFFD5
:20EB6000FFFFFFFFFFFFFFFFFFFFFFFFFFFFFFFFFFFFFFFFFFFFFFFFFFFFFFFFFFFFFFFFB5
:20EB8000FFFFFFFFFFFFFFFFFFFFFFFFFFFFFFFFFFFFFFFFFFFFFFFFFFFFFFFFFFFFFFFF95
:20EBA000FFFFFFFFFFFFFFFFFFFFFFFFFFFFFFFFFFFFFFFFFFFFFFFFFFFFFFFFFFFFFFFF75
:20EBC000FFFFFFFFFFFFFFFFFFFFFFFFFFFFFFFFFFFFFFFFFFFFFFFFFFFFFFFFFFFFFFFF55
:20EBE000FFFFFFFFFFFFFFFFFFFFFFFFFFFFFFFFFFFFFFFFFFFFFFFFFFFFFFFFFFFFFFFF35
:20EC0000FFFFFFFFFFFFFFFFFFFFFFFFFFFFFFFFFFFFFFFFFFFFFFFFFFFFFFFFFFFFFFFF14
:20EC2000FFFFFFFFFFFFFFFFFFFFFFFFFFFFFFFFFFFFFFFFFFFFFFFFFFFFFFFFFFFFFFFFF4
:20EC4000FFFFFFFFFFFFFFFFFFFFFFFFFFFFFFFFFFFFFFFFFFFFFFFFFFFFFFFFFFFFFFFFD4
:20EC6000FFFFFFFFFFFFFFFFFFFFFFFFFFFFFFFFFFFFFFFFFFFFFFFFFFFFFFFFFFFFFFFFB4
:20EC8000FFFFFFFFFFFFFFFFFFFFFFFFFFFFFFFFFFFFFFFFFFFFFFFFFFFFFFFFFFFFFFFF94
:20ECA000FFFFFFFFFFFFFFFFFFFFFFFFFFFFFFFFFFFFFFFFFFFFFFFFFFFFFFFFFFFFFFFF74
:20ECC000FFFFFFFFFFFFFFFFFFFFFFFFFFFFFFFFFFFFFFFFFFFFFFFFFFFFFFFFFFFFFFFF54
:20ECE000FFFFFFFFFFFFFFFFFFFFFFFFFFFFFFFFFFFFFFFFFFFFFFFFFFFFFFFFFFFFFFFF34
:20ED0000FFFFFFFFFFFFFFFFFFFFFFFFFFFFFFFFFFFFFFFFFFFFFFFFFFFFFFFFFFFFFFFF13
:20ED2000FFFFFFFFFFFFFFFFFFFFFFFFFFFFFFFFFFFFFFFFFFFFFFFFFFFFFFFFFFFFFFFFF3
:20ED4000FFFFFFFFFFFFFFFFFFFFFFFFFFFFFFFFFFFFFFFFFFFFFFFFFFFFFFFFFFFFFFFFD3
:20ED6000FFFFFFFFFFFFFFFFFFFFFFFFFFFFFFFFFFFFFFFFFFFFFFFFFFFFFFFFFFFFFFFFB3
:20ED8000FFFFFFFFFFFFFFFFFFFFFFFFFFFFFFFFFFFFFFFFFFFFFFFFFFFFFFFFFFFFFFFF93
:20EDA000FFFFFFFFFFFFFFFFFFFFFFFFFFFFFFFFFFFFFFFFFFFFFFFFFFFFFFFFFFFFFFFF73
:20EDC000FFFFFFFFFFFFFFFFFFFFFFFFFFFFFFFFFFFFFFFFFFFFFFFFFFFFFFFFFFFFFFFF53
:20EDE000FFFFFFFFFFFFFFFFFFFFFFFFFFFFFFFFFFFFFFFFFFFFFFFFFFFFFFFFFFFFFFFF33
:20EE0000FFFFFFFFFFFFFFFFFFFFFFFFFFFFFFFFFFFFFFFFFFFFFFFFFFFFFFFFFFFFFFFF12
:20EE2000FFFFFFFFFFFFFFFFFFFFFFFFFFFFFFFFFFFFFFFFFFFFFFFFFFFFFFFFFFFFFFFFF2
:20EE4000FFFFFFFFFFFFFFFFFFFFFFFFFFFFFFFFFFFFFFFFFFFFFFFFFFFFFFFFFFFFFFFFD2
:20EE6000FFFFFFFFFFFFFFFFFFFFFFFFFFFFFFFFFFFFFFFFFFFFFFFFFFFFFFFFFFFFFFFFB2
:20EE8000FFFFFFFFFFFFFFFFFFFFFFFFFFFFFFFFFFFFFFFFFFFFFFFFFFFFFFFFFFFFFFFF92
:20EEA000FFFFFFFFFFFFFFFFFFFFFFFFFFFFFFFFFFFFFFFFFFFFFFFFFFFFFFFFFFFFFFFF72
:20EEC000FFFFFFFFFFFFFFFFFFFFFFFFFFFFFFFFFFFFFFFFFFFFFFFFFFFFFFFFFFFFFFFF52
:20EEE000FFFFFFFFFFFFFFFFFFFFFFFFFFFFFFFFFFFFFFFFFFFFFFFFFFFFFFFFFFFFFFFF32
:20EF0000FFFFFFFFFFFFFFFFFFFFFFFFFFFFFFFFFFFFFFFFFFFFFFFFFFFFFFFFFFFFFFFF11
:20EF2000FFFFFFFFFFFFFFFFFFFFFFFFFFFFFFFFFFFFFFFFFFFFFFFFFFFFFFFFFFFFFFFFF1
:20EF4000FFFFFFFFFFFFFFFFFFFFFFFFFFFFFFFFFFFFFFFFFFFFFFFFFFFFFFFFFFFFFFFFD1
:20EF6000FFFFFFFFFFFFFFFFFFFFFFFFFFFFFFFFFFFFFFFFFFFFFFFFFFFFFFFFFFFFFFFFB1
:20EF8000FFFFFFFFFFFFFFFFFFFFFFFFFFFFFFFFFFFFFFFFFFFFFFFFFFFFFFFFFFFFFFFF91
:20EFA000FFFFFFFFFFFFFFFFFFFFFFFFFFFFFFFFFFFFFFFFFFFFFFFFFFFFFFFFFFFFFFFF71
:20EFC000FFFFFFFFFFFFFFFFFFFFFFFFFFFFFFFFFFFFFFFFFFFFFFFFFFFFFFFFFFFFFFFF51
:20EFE000FFFFFFFFFFFFFFFFFFFFFFFFFFFFFFFFFFFFFFFFFFFFFFFFFFFFFFFFFFFFFFFF31
:20F00000FFFFFFFFFFFFFFFFFFFFFFFFFFFFFFFFFFFFFFFFFFFFFFFFFFFFFFFFFFFFFFFF10
:20F02000FFFFFFFFFFFFFFFFFFFFFFFFFFFFFFFFFFFFFFFFFFFFFFFFFFFFFFFFFFFFFFFFF0
:20F04000FFFFFFFFFFFFFFFFFFFFFFFFFFFFFFFFFFFFFFFFFFFFFFFFFFFFFFFFFFFFFFFFD0
:20F06000FFFFFFFFFFFFFFFFFFFFFFFFFFFFFFFFFFFFFFFFFFFFFFFFFFFFFFFFFFFFFFFFB0
:20F08000FFFFFFFFFFFFFFFFFFFFFFFFFFFFFFFFFFFFFFFFFFFFFFFFFFFFFFFFFFFFFFFF90
:20F0A000FFFFFFFFFFFFFFFFFFFFFFFFFFFFFFFFFFFFFFFFFFFFFFFFFFFFFFFFFFFFFFFF70
:20F0C000FFFFFFFFFFFFFFFFFFFFFFFFFFFFFFFFFFFFFFFFFFFFFFFFFFFFFFFFFFFFFFFF50
:20F0E000FFFFFFFFFFFFFFFFFFFFFFFFFFFFFFFFFFFFFFFFFFFFFFFFFFFFFFFFFFFFFFFF30
:20F10000FFFFFFFFFFFFFFFFFFFFFFFFFFFFFFFFFFFFFFFFFFFFFFFFFFFFFFFFFFFFFFFF0F
:20F12000FFFFFFFFFFFFFFFFFFFFFFFFFFFFFFFFFFFFFFFFFFFFFFFFFFFFFFFFFFFFFFFFEF
:20F14000FFFFFFFFFFFFFFFFFFFFFFFFFFFFFFFFFFFFFFFFFFFFFFFFFFFFFFFFFFFFFFFFCF
:20F16000FFFFFFFFFFFFFFFFFFFFFFFFFFFFFFFFFFFFFFFFFFFFFFFFFFFFFFFFFFFFFFFFAF
:20F18000FFFFFFFFFFFFFFFFFFFFFFFFFFFFFFFFFFFFFFFFFFFFFFFFFFFFFFFFFFFFFFFF8F
:20F1A000FFFFFFFFFFFFFFFFFFFFFFFFFFFFFFFFFFFFFFFFFFFFFFFFFFFFFFFFFFFFFFFF6F
:20F1C000FFFFFFFFFFFFFFFFFFFFFFFFFFFFFFFFFFFFFFFFFFFFFFFFFFFFFFFFFFFFFFFF4F
:20F1E000FFFFFFFFFFFFFFFFFFFFFFFFFFFFFFFFFFFFFFFFFFFFFFFFFFFFFFFFFFFFFFFF2F
:20F20000FFFFFFFFFFFFFFFFFFFFFFFFFFFFFFFFFFFFFFFFFFFFFFFFFFFFFFFFFFFFFFFF0E
:20F22000FFFFFFFFFFFFFFFFFFFFFFFFFFFFFFFFFFFFFFFFFFFFFFFFFFFFFFFFFFFFFFFFEE
:20F24000FFFFFFFFFFFFFFFFFFFFFFFFFFFFFFFFFFFFFFFFFFFFFFFFFFFFFFFFFFFFFFFFCE
:20F26000FFFFFFFFFFFFFFFFFFFFFFFFFFFFFFFFFFFFFFFFFFFFFFFFFFFFFFFFFFFFFFFFAE
:20F28000FFFFFFFFFFFFFFFFFFFFFFFFFFFFFFFFFFFFFFFFFFFFFFFFFFFFFFFFFFFFFFFF8E
:20F2A000FFFFFFFFFFFFFFFFFFFFFFFFFFFFFFFFFFFFFFFFFFFFFFFFFFFFFFFFFFFFFFFF6E
:20F2C000FFFFFFFFFFFFFFFFFFFFFFFFFFFFFFFFFFFFFFFFFFFFFFFFFFFFFFFFFFFFFFFF4E
:20F2E000FFFFFFFFFFFFFFFFFFFFFFFFFFFFFFFFFFFFFFFFFFFFFFFFFFFFFFFFFFFFFFFF2E
:20F30000FFFFFFFFFFFFFFFFFFFFFFFFFFFFFFFFFFFFFFFFFFFFFFFFFFFFFFFFFFFFFFFF0D
:20F32000FFFFFFFFFFFFFFFFFFFFFFFFFFFFFFFFFFFFFFFFFFFFFFFFFFFFFFFFFFFFFFFFED
:20F34000FFFFFFFFFFFFFFFFFFFFFFFFFFFFFFFFFFFFFFFFFFFFFFFFFFFFFFFFFFFFFFFFCD
:20F36000FFFFFFFFFFFFFFFFFFFFFFFFFFFFFFFFFFFFFFFFFFFFFFFFFFFFFFFFFFFFFFFFAD
:20F38000FFFFFFFFFFFFFFFFFFFFFFFFFFFFFFFFFFFFFFFFFFFFFFFFFFFFFFFFFFFFFFFF8D
:20F3A000FFFFFFFFFFFFFFFFFFFFFFFFFFFFFFFFFFFFFFFFFFFFFFFFFFFFFFFFFFFFFFFF6D
:20F3C000FFFFFFFFFFFFFFFFFFFFFFFFFFFFFFFFFFFFFFFFFFFFFFFFFFFFFFFFFFFFFFFF4D
:20F3E000FFFFFFFFFFFFFFFFFFFFFFFFFFFFFFFFFFFFFFFFFFFFFFFFFFFFFFFFFFFFFFFF2D
:20F40000FFFFFFFFFFFFFFFFFFFFFFFFFFFFFFFFFFFFFFFFFFFFFFFFFFFFFFFFFFFFFFFF0C
:20F42000FFFFFFFFFFFFFFFFFFFFFFFFFFFFFFFFFFFFFFFFFFFFFFFFFFFFFFFFFFFFFFFFEC
:20F44000FFFFFFFFFFFFFFFFFFFFFFFFFFFFFFFFFFFFFFFFFFFFFFFFFFFFFFFFFFFFFFFFCC
:20F46000FFFFFFFFFFFFFFFFFFFFFFFFFFFFFFFFFFFFFFFFFFFFFFFFFFFFFFFFFFFFFFFFAC
:20F48000FFFFFFFFFFFFFFFFFFFFFFFFFFFFFFFFFFFFFFFFFFFFFFFFFFFFFFFFFFFFFFFF8C
:20F4A000FFFFFFFFFFFFFFFFFFFFFFFFFFFFFFFFFFFFFFFFFFFFFFFFFFFFFFFFFFFFFFFF6C
:20F4C000FFFFFFFFFFFFFFFFFFFFFFFFFFFFFFFFFFFFFFFFFFFFFFFFFFFFFFFFFFFFFFFF4C
:20F4E000FFFFFFFFFFFFFFFFFFFFFFFFFFFFFFFFFFFFFFFFFFFFFFFFFFFFFFFFFFFFFFFF2C
:20F50000FFFFFFFFFFFFFFFFFFFFFFFFFFFFFFFFFFFFFFFFFFFFFFFFFFFFFFFFFFFFFFFF0B
:20F52000FFFFFFFFFFFFFFFFFFFFFFFFFFFFFFFFFFFFFFFFFFFFFFFFFFFFFFFFFFFFFFFFEB
:20F54000FFFFFFFFFFFFFFFFFFFFFFFFFFFFFFFFFFFFFFFFFFFFFFFFFFFFFFFFFFFFFFFFCB
:20F56000FFFFFFFFFFFFFFFFFFFFFFFFFFFFFFFFFFFFFFFFFFFFFFFFFFFFFFFFFFFFFFFFAB
:20F58000FFFFFFFFFFFFFFFFFFFFFFFFFFFFFFFFFFFFFFFFFFFFFFFFFFFFFFFFFFFFFFFF8B
:20F5A000FFFFFFFFFFFFFFFFFFFFFFFFFFFFFFFFFFFFFFFFFFFFFFFFFFFFFFFFFFFFFFFF6B
:20F5C000FFFFFFFFFFFFFFFFFFFFFFFFFFFFFFFFFFFFFFFFFFFFFFFFFFFFFFFFFFFFFFFF4B
:20F5E000FFFFFFFFFFFFFFFFFFFFFFFFFFFFFFFFFFFFFFFFFFFFFFFFFFFFFFFFFFFFFFFF2B
:20F60000FFFFFFFFFFFFFFFFFFFFFFFFFFFFFFFFFFFFFFFFFFFFFFFFFFFFFFFFFFFFFFFF0A
:20F62000FFFFFFFFFFFFFFFFFFFFFFFFFFFFFFFFFFFFFFFFFFFFFFFFFFFFFFFFFFFFFFFFEA
:20F64000FFFFFFFFFFFFFFFFFFFFFFFFFFFFFFFFFFFFFFFFFFFFFFFFFFFFFFFFFFFFFFFFCA
:20F66000FFFFFFFFFFFFFFFFFFFFFFFFFFFFFFFFFFFFFFFFFFFFFFFFFFFFFFFFFFFFFFFFAA
:20F68000FFFFFFFFFFFFFFFFFFFFFFFFFFFFFFFFFFFFFFFFFFFFFFFFFFFFFFFFFFFFFFFF8A
:20F6A000FFFFFFFFFFFFFFFFFFFFFFFFFFFFFFFFFFFFFFFFFFFFFFFFFFFFFFFFFFFFFFFF6A
:20F6C000FFFFFFFFFFFFFFFFFFFFFFFFFFFFFFFFFFFFFFFFFFFFFFFFFFFFFFFFFFFFFFFF4A
:20F6E000FFFFFFFFFFFFFFFFFFFFFFFFFFFFFFFFFFFFFFFFFFFFFFFFFFFFFFFFFFFFFFFF2A
:20F70000FFFFFFFFFFFFFFFFFFFFFFFFFFFFFFFFFFFFFFFFFFFFFFFFFFFFFFFFFFFFFFFF09
:20F72000FFFFFFFFFFFFFFFFFFFFFFFFFFFFFFFFFFFFFFFFFFFFFFFFFFFFFFFFFFFFFFFFE9
:20F74000FFFFFFFFFFFFFFFFFFFFFFFFFFFFFFFFFFFFFFFFFFFFFFFFFFFFFFFFFFFFFFFFC9
:20F76000FFFFFFFFFFFFFFFFFFFFFFFFFFFFFFFFFFFFFFFFFFFFFFFFFFFFFFFFFFFFFFFFA9
:20F78000FFFFFFFFFFFFFFFFFFFFFFFFFFFFFFFFFFFFFFFFFFFFFFFFFFFFFFFFFFFFFFFF89
:20F7A000FFFFFFFFFFFFFFFFFFFFFFFFFFFFFFFFFFFFFFFFFFFFFFFFFFFFFFFFFFFFFFFF69
:20F7C000FFFFFFFFFFFFFFFFFFFFFFFFFFFFFFFFFFFFFFFFFFFFFFFFFFFFFFFFFFFFFFFF49
:20F7E000FFFFFFFFFFFFFFFFFFFFFFFFFFFFFFFFFFFFFFFFFFFFFFFFFFFFFFFFFFFFFFFF29
:20F80000FFFFFFFFFFFFFFFFFFFFFFFFFFFFFFFFFFFFFFFFFFFFFFFFFFFFFFFFFFFFFFFF08
:20F82000FFFFFFFFFFFFFFFFFFFFFFFFFFFFFFFFFFFFFFFFFFFFFFFFFFFFFFFFFFFFFFFFE8
:20F84000FFFFFFFFFFFFFFFFFFFFFFFFFFFFFFFFFFFFFFFFFFFFFFFFFFFFFFFFFFFFFFFFC8
:20F86000FFFFFFFFFFFFFFFFFFFFFFFFFFFFFFFFFFFFFFFFFFFFFFFFFFFFFFFFFFFFFFFFA8
:20F88000FFFFFFFFFFFFFFFFFFFFFFFFFFFFFFFFFFFFFFFFFFFFFFFFFFFFFFFFFFFFFFFF88
:20F8A000FFFFFFFFFFFFFFFFFFFFFFFFFFFFFFFFFFFFFFFFFFFFFFFFFFFFFFFFFFFFFFFF68
:20F8C000FFFFFFFFFFFFFFFFFFFFFFFFFFFFFFFFFFFFFFFFFFFFFFFFFFFFFFFFFFFFFFFF48
:20F8E000FFFFFFFFFFFFFFFFFFFFFFFFFFFFFFFFFFFFFFFFFFFFFFFFFFFFFFFFFFFFFFFF28
:20F90000FFFFFFFFFFFFFFFFFFFFFFFFFFFFFFFFFFFFFFFFFFFFFFFFFFFFFFFFFFFFFFFF07
:20F92000FFFFFFFFFFFFFFFFFFFFFFFFFFFFFFFFFFFFFFFFFFFFFFFFFFFFFFFFFFFFFFFFE7
:20F94000FFFFFFFFFFFFFFFFFFFFFFFFFFFFFFFFFFFFFFFFFFFFFFFFFFFFFFFFFFFFFFFFC7
:20F96000FFFFFFFFFFFFFFFFFFFFFFFFFFFFFFFFFFFFFFFFFFFFFFFFFFFFFFFFFFFFFFFFA7
:20F98000FFFFFFFFFFFFFFFFFFFFFFFFFFFFFFFFFFFFFFFFFFFFFFFFFFFFFFFFFFFFFFFF87
:20F9A000FFFFFFFFFFFFFFFFFFFFFFFFFFFFFFFFFFFFFFFFFFFFFFFFFFFFFFFFFFFFFFFF67
:20F9C000FFFFFFFFFFFFFFFFFFFFFFFFFFFFFFFFFFFFFFFFFFFFFFFFFFFFFFFFFFFFFFFF47
:20F9E000FFFFFFFFFFFFFFFFFFFFFFFFFFFFFFFFFFFFFFFFFFFFFFFFFFFFFFFFFFFFFFFF27
:20FA0000FFFFFFFFFFFFFFFFFFFFFFFFFFFFFFFFFFFFFFFFFFFFFFFFFFFFFFFFFFFFFFFF06
:20FA2000FFFFFFFFFFFFFFFFFFFFFFFFFFFFFFFFFFFFFFFFFFFFFFFFFFFFFFFFFFFFFFFFE6
:20FA4000FFFFFFFFFFFFFFFFFFFFFFFFFFFFFFFFFFFFFFFFFFFFFFFFFFFFFFFFFFFFFFFFC6
:20FA6000FFFFFFFFFFFFFFFFFFFFFFFFFFFFFFFFFFFFFFFFFFFFFFFFFFFFFFFFFFFFFFFFA6
:20FA8000FFFFFFFFFFFFFFFFFFFFFFFFFFFFFFFFFFFFFFFFFFFFFFFFFFFFFFFFFFFFFFFF86
:20FAA000FFFFFFFFFFFFFFFFFFFFFFFFFFFFFFFFFFFFFFFFFFFFFFFFFFFFFFFFFFFFFFFF66
:20FAC000FFFFFFFFFFFFFFFFFFFFFFFFFFFFFFFFFFFFFFFFFFFFFFFFFFFFFFFFFFFFFFFF46
:20FAE000FFFFFFFFFFFFFFFFFFFFFFFFFFFFFFFFFFFFFFFFFFFFFFFFFFFFFFFFFFFFFFFF26
:20FB0000FFFFFFFFFFFFFFFFFFFFFFFFFFFFFFFFFFFFFFFFFFFFFFFFFFFFFFFFFFFFFFFF05
:20FB2000FFFFFFFFFFFFFFFFFFFFFFFFFFFFFFFFFFFFFFFFFFFFFFFFFFFFFFFFFFFFFFFFE5
:20FB4000FFFFFFFFFFFFFFFFFFFFFFFFFFFFFFFFFFFFFFFFFFFFFFFFFFFFFFFFFFFFFFFFC5
:20FB6000FFFFFFFFFFFFFFFFFFFFFFFFFFFFFFFFFFFFFFFFFFFFFFFFFFFFFFFFFFFFFFFFA5
:20FB8000FFFFFFFFFFFFFFFFFFFFFFFFFFFFFFFFFFFFFFFFFFFFFFFFFFFFFFFFFFFFFFFF85
:20FBA000FFFFFFFFFFFFFFFFFFFFFFFFFFFFFFFFFFFFFFFFFFFFFFFFFFFFFFFFFFFFFFFF65
:20FBC000FFFFFFFFFFFFFFFFFFFFFFFFFFFFFFFFFFFFFFFFFFFFFFFFFFFFFFFFFFFFFFFF45
:20FBE000FFFFFFFFFFFFFFFFFFFFFFFFFFFFFFFFFFFFFFFFFFFFFFFFFFFFFFFFFFFFFFFF25
:20FC0000FFFFFFFFFFFFFFFFFFFFFFFFFFFFFFFFFFFFFFFFFFFFFFFFFFFFFFFFFFFFFFFF04
:20FC2000FFFFFFFFFFFFFFFFFFFFFFFFFFFFFFFFFFFFFFFFFFFFFFFFFFFFFFFFFFFFFFFFE4
:20FC4000FFFFFFFFFFFFFFFFFFFFFFFFFFFFFFFFFFFFFFFFFFFFFFFFFFFFFFFFFFFFFFFFC4
:20FC6000FFFFFFFFFFFFFFFFFFFFFFFFFFFFFFFFFFFFFFFFFFFFFFFFFFFFFFFFFFFFFFFFA4
:20FC8000FFFFFFFFFFFFFFFFFFFFFFFFFFFFFFFFFFFFFFFFFFFFFFFFFFFFFFFFFFFFFFFF84
:20FCA000FFFFFFFFFFFFFFFFFFFFFFFFFFFFFFFFFFFFFFFFFFFFFFFFFFFFFFFFFFFFFFFF64
:20FCC000FFFFFFFFFFFFFFFFFFFFFFFFFFFFFFFFFFFFFFFFFFFFFFFFFFFFFFFFFFFFFFFF44
:20FCE000FFFFFFFFFFFFFFFFFFFFFFFFFFFFFFFFFFFFFFFFFFFFFFFFFFFFFFFFFFFFFFFF24
:20FD0000FFFFFFFFFFFFFFFFFFFFFFFFFFFFFFFFFFFFFFFFFFFFFFFFFFFFFFFFFFFFFFFF03
:20FD2000FFFFFFFFFFFFFFFFFFFFFFFFFFFFFFFFFFFFFFFFFFFFFFFFFFFFFFFFFFFFFFFFE3
:20FD4000FFFFFFFFFFFFFFFFFFFFFFFFFFFFFFFFFFFFFFFFFFFFFFFFFFFFFFFFFFFFFFFFC3
:20FD6000FFFFFFFFFFFFFFFFFFFFFFFFFFFFFFFFFFFFFFFFFFFFFFFFFFFFFFFFFFFFFFFFA3
:20FD8000FFFFFFFFFFFFFFFFFFFFFFFFFFFFFFFFFFFFFFFFFFFFFFFFFFFFFFFFFFFFFFFF83
:20FDA000FFFFFFFFFFFFFFFFFFFFFFFFFFFFFFFFFFFFFFFFFFFFFFFFFFFFFFFFFFFFFFFF63
:20FDC000FFFFFFFFFFFFFFFFFFFFFFFFFFFFFFFFFFFFFFFFFFFFFFFFFFFFFFFFFFFFFFFF43
:20FDE000FFFFFFFFFFFFFFFFFFFFFFFFFFFFFFFFFFFFFFFFFFFFFFFFFFFFFFFFFFFFFFFF23
:20FE0000FFFFFFFFFFFFFFFFFFFFFFFFFFFFFFFFFFFFFFFFFFFFFFFFFFFFFFFFFFFFFFFF02
:20FE2000FFFFFFFFFFFFFFFFFFFFFFFFFFFFFFFFFFFFFFFFFFFFFFFFFFFFFFFFFFFFFFFFE2
:20FE4000FFFFFFFFFFFFFFFFFFFFFFFFFFFFFFFFFFFFFFFFFFFFFFFFFFFFFFFFFFFFFFFFC2
:20FE6000FFFFFFFFFFFFFFFFFFFFFFFFFFFFFFFFFFFFFFFFFFFFFFFFFFFFFFFFFFFFFFFFA2
:20FE8000FFFFFFFFFFFFFFFFFFFFFFFFFFFFFFFFFFFFFFFFFFFFFFFFFFFFFFFFFFFFFFFF82
:20FEA000FFFFFFFFFFFFFFFFFFFFFFFFFFFFFFFFFFFFFFFFFFFFFFFFFFFFFFFFFFFFFFFF62
:20FEC000FFFFFFFFFFFFFFFFFFFFFFFFFFFFFFFFFFFFFFFFFFFFFFFFFFFFFFFFFFFFFFFF42
:20FEE000FFFFFFFFFFFFFFFFFFFFFFFFFFFFFFFFFFFFFFFFFFFFFFFFFFFFFFFFFFFFFFFF22
:20FF0000FFFFFFFFFFFFFFFFFFFFFFFFFFFFFFFFFFFFFFFFFFFFFFFFFFFFFFFFFFFFFFFF01
:20FF2000FFFFFFFFFFFFFFFFFFFFFFFFFFFFFFFFFFFFFFFFFFFFFFFFFFFFFFFFFFFFFFFFE1
:20FF4000FFFFFFFFFFFFFFFFFFFFFFFFFFFFFFFFFFFFFFFFFFFFFFFFFFFFFFFFFFFFFFFFC1
:20FF6000FFFFFFFFFFFFFFFFFFFFFFFFFFFFFFFFFFFFFFFFFFFFFFFFFFFFFFFFFFFFFFFFA1
:20FF8000FFFFFFFFFFFFFFFFFFFFFFFFFFFFFFFFFFFFFFFFFFFFFFFFFFFFFFFFFFFFFFFF81
:20FFA000FFFFFFFFFFFFFFFFFFFFFFFFFFFFFFFFFFFFFFFFFFFFFFFFFFFFFFFFFFFFFFFF61
:20FFC000FFFFFFFFFFFFFFFFFFFFFFFFFFFFFFFFFFFFFFFFFFFFFFFFFFFFFFFFFFFFFFFF41
:20FFE000FFFFFFFFFFFFFFFFFFFFFFFFFFFFFFFFFFFFFFFFFFFFFFFFFFFFFFFFFFFFFFFF21
:020000040803EF
:20000000FFFFFFFFFFFFFFFFFFFFFFFFFFFFFFFFFFFFFFFFFFFFFFFFFFFFFFFFFFFFFFFF00
:20002000FFFFFFFFFFFFFFFFFFFFFFFFFFFFFFFFFFFFFFFFFFFFFFFFFFFFFFFFFFFFFFFFE0
:20004000FFFFFFFFFFFFFFFFFFFFFFFFFFFFFFFFFFFFFFFFFFFFFFFFFFFFFFFFFFFFFFFFC0
:20006000FFFFFFFFFFFFFFFFFFFFFFFFFFFFFFFFFFFFFFFFFFFFFFFFFFFFFFFFFFFFFFFFA0
:20008000FFFFFFFFFFFFFFFFFFFFFFFFFFFFFFFFFFFFFFFFFFFFFFFFFFFFFFFFFFFFFFFF80
:2000A000FFFFFFFFFFFFFFFFFFFFFFFFFFFFFFFFFFFFFFFFFFFFFFFFFFFFFFFFFFFFFFFF60
:2000C000FFFFFFFFFFFFFFFFFFFFFFFFFFFFFFFFFFFFFFFFFFFFFFFFFFFFFFFFFFFFFFFF40
:2000E000FFFFFFFFFFFFFFFFFFFFFFFFFFFFFFFFFFFFFFFFFFFFFFFFFFFFFFFFFFFFFFFF20
:20010000FFFFFFFFFFFFFFFFFFFFFFFFFFFFFFFFFFFFFFFFFFFFFFFFFFFFFFFFFFFFFFFFFF
:20012000FFFFFFFFFFFFFFFFFFFFFFFFFFFFFFFFFFFFFFFFFFFFFFFFFFFFFFFFFFFFFFFFDF
:20014000FFFFFFFFFFFFFFFFFFFFFFFFFFFFFFFFFFFFFFFFFFFFFFFFFFFFFFFFFFFFFFFFBF
:20016000FFFFFFFFFFFFFFFFFFFFFFFFFFFFFFFFFFFFFFFFFFFFFFFFFFFFFFFFFFFFFFFF9F
:20018000FFFFFFFFFFFFFFFFFFFFFFFFFFFFFFFFFFFFFFFFFFFFFFFFFFFFFFFFFFFFFFFF7F
:2001A000FFFFFFFFFFFFFFFFFFFFFFFFFFFFFFFFFFFFFFFFFFFFFFFFFFFFFFFFFFFFFFFF5F
:2001C000FFFFFFFFFFFFFFFFFFFFFFFFFFFFFFFFFFFFFFFFFFFFFFFFFFFFFFFFFFFFFFFF3F
:2001E000FFFFFFFFFFFFFFFFFFFFFFFFFFFFFFFFFFFFFFFFFFFFFFFFFFFFFFFFFFFFFFFF1F
:20020000FFFFFFFFFFFFFFFFFFFFFFFFFFFFFFFFFFFFFFFFFFFFFFFFFFFFFFFFFFFFFFFFFE
:20022000FFFFFFFFFFFFFFFFFFFFFFFFFFFFFFFFFFFFFFFFFFFFFFFFFFFFFFFFFFFFFFFFDE
:20024000FFFFFFFFFFFFFFFFFFFFFFFFFFFFFFFFFFFFFFFFFFFFFFFFFFFFFFFFFFFFFFFFBE
:20026000FFFFFFFFFFFFFFFFFFFFFFFFFFFFFFFFFFFFFFFFFFFFFFFFFFFFFFFFFFFFFFFF9E
:20028000FFFFFFFFFFFFFFFFFFFFFFFFFFFFFFFFFFFFFFFFFFFFFFFFFFFFFFFFFFFFFFFF7E
:2002A000FFFFFFFFFFFFFFFFFFFFFFFFFFFFFFFFFFFFFFFFFFFFFFFFFFFFFFFFFFFFFFFF5E
:2002C000FFFFFFFFFFFFFFFFFFFFFFFFFFFFFFFFFFFFFFFFFFFFFFFFFFFFFFFFFFFFFFFF3E
:2002E000FFFFFFFFFFFFFFFFFFFFFFFFFFFFFFFFFFFFFFFFFFFFFFFFFFFFFFFFFFFFFFFF1E
:20030000FFFFFFFFFFFFFFFFFFFFFFFFFFFFFFFFFFFFFFFFFFFFFFFFFFFFFFFFFFFFFFFFFD
:20032000FFFFFFFFFFFFFFFFFFFFFFFFFFFFFFFFFFFFFFFFFFFFFFFFFFFFFFFFFFFFFFFFDD
:20034000FFFFFFFFFFFFFFFFFFFFFFFFFFFFFFFFFFFFFFFFFFFFFFFFFFFFFFFFFFFFFFFFBD
:20036000FFFFFFFFFFFFFFFFFFFFFFFFFFFFFFFFFFFFFFFFFFFFFFFFFFFFFFFFFFFFFFFF9D
:20038000FFFFFFFFFFFFFFFFFFFFFFFFFFFFFFFFFFFFFFFFFFFFFFFFFFFFFFFFFFFFFFFF7D
:2003A000FFFFFFFFFFFFFFFFFFFFFFFFFFFFFFFFFFFFFFFFFFFFFFFFFFFFFFFFFFFFFFFF5D
:2003C000FFFFFFFFFFFFFFFFFFFFFFFFFFFFFFFFFFFFFFFFFFFFFFFFFFFFFFFFFFFFFFFF3D
:2003E000FFFFFFFFFFFFFFFFFFFFFFFFFFFFFFFFFFFFFFFFFFFFFFFFFFFFFFFFFFFFFFFF1D
:20040000FFFFFFFFFFFFFFFFFFFFFFFFFFFFFFFFFFFFFFFFFFFFFFFFFFFFFFFFFFFFFFFFFC
:20042000FFFFFFFFFFFFFFFFFFFFFFFFFFFFFFFFFFFFFFFFFFFFFFFFFFFFFFFFFFFFFFFFDC
:20044000FFFFFFFFFFFFFFFFFFFFFFFFFFFFFFFFFFFFFFFFFFFFFFFFFFFFFFFFFFFFFFFFBC
:20046000FFFFFFFFFFFFFFFFFFFFFFFFFFFFFFFFFFFFFFFFFFFFFFFFFFFFFFFFFFFFFFFF9C
:20048000FFFFFFFFFFFFFFFFFFFFFFFFFFFFFFFFFFFFFFFFFFFFFFFFFFFFFFFFFFFFFFFF7C
:2004A000FFFFFFFFFFFFFFFFFFFFFFFFFFFFFFFFFFFFFFFFFFFFFFFFFFFFFFFFFFFFFFFF5C
:2004C000FFFFFFFFFFFFFFFFFFFFFFFFFFFFFFFFFFFFFFFFFFFFFFFFFFFFFFFFFFFFFFFF3C
:2004E000FFFFFFFFFFFFFFFFFFFFFFFFFFFFFFFFFFFFFFFFFFFFFFFFFFFFFFFFFFFFFFFF1C
:20050000FFFFFFFFFFFFFFFFFFFFFFFFFFFFFFFFFFFFFFFFFFFFFFFFFFFFFFFFFFFFFFFFFB
:20052000FFFFFFFFFFFFFFFFFFFFFFFFFFFFFFFFFFFFFFFFFFFFFFFFFFFFFFFFFFFFFFFFDB
:20054000FFFFFFFFFFFFFFFFFFFFFFFFFFFFFFFFFFFFFFFFFFFFFFFFFFFFFFFFFFFFFFFFBB
:20056000FFFFFFFFFFFFFFFFFFFFFFFFFFFFFFFFFFFFFFFFFFFFFFFFFFFFFFFFFFFFFFFF9B
:20058000FFFFFFFFFFFFFFFFFFFFFFFFFFFFFFFFFFFFFFFFFFFFFFFFFFFFFFFFFFFFFFFF7B
:2005A000FFFFFFFFFFFFFFFFFFFFFFFFFFFFFFFFFFFFFFFFFFFFFFFFFFFFFFFFFFFFFFFF5B
:2005C000FFFFFFFFFFFFFFFFFFFFFFFFFFFFFFFFFFFFFFFFFFFFFFFFFFFFFFFFFFFFFFFF3B
:2005E000FFFFFFFFFFFFFFFFFFFFFFFFFFFFFFFFFFFFFFFFFFFFFFFFFFFFFFFFFFFFFFFF1B
:20060000FFFFFFFFFFFFFFFFFFFFFFFFFFFFFFFFFFFFFFFFFFFFFFFFFFFFFFFFFFFFFFFFFA
:20062000FFFFFFFFFFFFFFFFFFFFFFFFFFFFFFFFFFFFFFFFFFFFFFFFFFFFFFFFFFFFFFFFDA
:20064000FFFFFFFFFFFFFFFFFFFFFFFFFFFFFFFFFFFFFFFFFFFFFFFFFFFFFFFFFFFFFFFFBA
:20066000FFFFFFFFFFFFFFFFFFFFFFFFFFFFFFFFFFFFFFFFFFFFFFFFFFFFFFFFFFFFFFFF9A
:20068000FFFFFFFFFFFFFFFFFFFFFFFFFFFFFFFFFFFFFFFFFFFFFFFFFFFFFFFFFFFFFFFF7A
:2006A000FFFFFFFFFFFFFFFFFFFFFFFFFFFFFFFFFFFFFFFFFFFFFFFFFFFFFFFFFFFFFFFF5A
:2006C000FFFFFFFFFFFFFFFFFFFFFFFFFFFFFFFFFFFFFFFFFFFFFFFFFFFFFFFFFFFFFFFF3A
:2006E000FFFFFFFFFFFFFFFFFFFFFFFFFFFFFFFFFFFFFFFFFFFFFFFFFFFFFFFFFFFFFFFF1A
:20070000FFFFFFFFFFFFFFFFFFFFFFFFFFFFFFFFFFFFFFFFFFFFFFFFFFFFFFFFFFFFFFFFF9
:20072000FFFFFFFFFFFFFFFFFFFFFFFFFFFFFFFFFFFFFFFFFFFFFFFFFFFFFFFFFFFFFFFFD9
:20074000FFFFFFFFFFFFFFFFFFFFFFFFFFFFFFFFFFFFFFFFFFFFFFFFFFFFFFFFFFFFFFFFB9
:20076000FFFFFFFFFFFFFFFFFFFFFFFFFFFFFFFFFFFFFFFFFFFFFFFFFFFFFFFFFFFFFFFF99
:20078000FFFFFFFFFFFFFFFFFFFFFFFFFFFFFFFFFFFFFFFFFFFFFFFFFFFFFFFFFFFFFFFF79
:2007A000FFFFFFFFFFFFFFFFFFFFFFFFFFFFFFFFFFFFFFFFFFFFFFFFFFFFFFFFFFFFFFFF59
:2007C000FFFFFFFFFFFFFFFFFFFFFFFFFFFFFFFFFFFFFFFFFFFFFFFFFFFFFFFFFFFFFFFF39
:2007E000FFFFFFFFFFFFFFFFFFFFFFFFFFFFFFFFFFFFFFFFFFFFFFFFFFFFFFFFFFFFFFFF19
:20080000FFFFFFFFFFFFFFFFFFFFFFFFFFFFFFFFFFFFFFFFFFFFFFFFFFFFFFFFFFFFFFFFF8
:20082000FFFFFFFFFFFFFFFFFFFFFFFFFFFFFFFFFFFFFFFFFFFFFFFFFFFFFFFFFFFFFFFFD8
:20084000FFFFFFFFFFFFFFFFFFFFFFFFFFFFFFFFFFFFFFFFFFFFFFFFFFFFFFFFFFFFFFFFB8
:20086000FFFFFFFFFFFFFFFFFFFFFFFFFFFFFFFFFFFFFFFFFFFFFFFFFFFFFFFFFFFFFFFF98
:20088000FFFFFFFFFFFFFFFFFFFFFFFFFFFFFFFFFFFFFFFFFFFFFFFFFFFFFFFFFFFFFFFF78
:2008A000FFFFFFFFFFFFFFFFFFFFFFFFFFFFFFFFFFFFFFFFFFFFFFFFFFFFFFFFFFFFFFFF58
:2008C000FFFFFFFFFFFFFFFFFFFFFFFFFFFFFFFFFFFFFFFFFFFFFFFFFFFFFFFFFFFFFFFF38
:2008E000FFFFFFFFFFFFFFFFFFFFFFFFFFFFFFFFFFFFFFFFFFFFFFFFFFFFFFFFFFFFFFFF18
:20090000FFFFFFFFFFFFFFFFFFFFFFFFFFFFFFFFFFFFFFFFFFFFFFFFFFFFFFFFFFFFFFFFF7
:20092000FFFFFFFFFFFFFFFFFFFFFFFFFFFFFFFFFFFFFFFFFFFFFFFFFFFFFFFFFFFFFFFFD7
:20094000FFFFFFFFFFFFFFFFFFFFFFFFFFFFFFFFFFFFFFFFFFFFFFFFFFFFFFFFFFFFFFFFB7
:20096000FFFFFFFFFFFFFFFFFFFFFFFFFFFFFFFFFFFFFFFFFFFFFFFFFFFFFFFFFFFFFFFF97
:20098000FFFFFFFFFFFFFFFFFFFFFFFFFFFFFFFFFFFFFFFFFFFFFFFFFFFFFFFFFFFFFFFF77
:2009A000FFFFFFFFFFFFFFFFFFFFFFFFFFFFFFFFFFFFFFFFFFFFFFFFFFFFFFFFFFFFFFFF57
:2009C000FFFFFFFFFFFFFFFFFFFFFFFFFFFFFFFFFFFFFFFFFFFFFFFFFFFFFFFFFFFFFFFF37
:2009E000FFFFFFFFFFFFFFFFFFFFFFFFFFFFFFFFFFFFFFFFFFFFFFFFFFFFFFFFFFFFFFFF17
:200A0000FFFFFFFFFFFFFFFFFFFFFFFFFFFFFFFFFFFFFFFFFFFFFFFFFFFFFFFFFFFFFFFFF6
:200A2000FFFFFFFFFFFFFFFFFFFFFFFFFFFFFFFFFFFFFFFFFFFFFFFFFFFFFFFFFFFFFFFFD6
:200A4000FFFFFFFFFFFFFFFFFFFFFFFFFFFFFFFFFFFFFFFFFFFFFFFFFFFFFFFFFFFFFFFFB6
:200A6000FFFFFFFFFFFFFFFFFFFFFFFFFFFFFFFFFFFFFFFFFFFFFFFFFFFFFFFFFFFFFFFF96
:200A8000FFFFFFFFFFFFFFFFFFFFFFFFFFFFFFFFFFFFFFFFFFFFFFFFFFFFFFFFFFFFFFFF76
:200AA000FFFFFFFFFFFFFFFFFFFFFFFFFFFFFFFFFFFFFFFFFFFFFFFFFFFFFFFFFFFFFFFF56
:200AC000FFFFFFFFFFFFFFFFFFFFFFFFFFFFFFFFFFFFFFFFFFFFFFFFFFFFFFFFFFFFFFFF36
:200AE000FFFFFFFFFFFFFFFFFFFFFFFFFFFFFFFFFFFFFFFFFFFFFFFFFFFFFFFFFFFFFFFF16
:200B0000FFFFFFFFFFFFFFFFFFFFFFFFFFFFFFFFFFFFFFFFFFFFFFFFFFFFFFFFFFFFFFFFF5
:200B2000FFFFFFFFFFFFFFFFFFFFFFFFFFFFFFFFFFFFFFFFFFFFFFFFFFFFFFFFFFFFFFFFD5
:200B4000FFFFFFFFFFFFFFFFFFFFFFFFFFFFFFFFFFFFFFFFFFFFFFFFFFFFFFFFFFFFFFFFB5
:200B6000FFFFFFFFFFFFFFFFFFFFFFFFFFFFFFFFFFFFFFFFFFFFFFFFFFFFFFFFFFFFFFFF95
:200B8000FFFFFFFFFFFFFFFFFFFFFFFFFFFFFFFFFFFFFFFFFFFFFFFFFFFFFFFFFFFFFFFF75
:200BA000FFFFFFFFFFFFFFFFFFFFFFFFFFFFFFFFFFFFFFFFFFFFFFFFFFFFFFFFFFFFFFFF55
:200BC000FFFFFFFFFFFFFFFFFFFFFFFFFFFFFFFFFFFFFFFFFFFFFFFFFFFFFFFFFFFFFFFF35
:200BE000FFFFFFFFFFFFFFFFFFFFFFFFFFFFFFFFFFFFFFFFFFFFFFFFFFFFFFFFFFFFFFFF15
:200C0000FFFFFFFFFFFFFFFFFFFFFFFFFFFFFFFFFFFFFFFFFFFFFFFFFFFFFFFFFFFFFFFFF4
:200C2000FFFFFFFFFFFFFFFFFFFFFFFFFFFFFFFFFFFFFFFFFFFFFFFFFFFFFFFFFFFFFFFFD4
:200C4000FFFFFFFFFFFFFFFFFFFFFFFFFFFFFFFFFFFFFFFFFFFFFFFFFFFFFFFFFFFFFFFFB4
:200C6000FFFFFFFFFFFFFFFFFFFFFFFFFFFFFFFFFFFFFFFFFFFFFFFFFFFFFFFFFFFFFFFF94
:200C8000FFFFFFFFFFFFFFFFFFFFFFFFFFFFFFFFFFFFFFFFFFFFFFFFFFFFFFFFFFFFFFFF74
:200CA000FFFFFFFFFFFFFFFFFFFFFFFFFFFFFFFFFFFFFFFFFFFFFFFFFFFFFFFFFFFFFFFF54
:200CC000FFFFFFFFFFFFFFFFFFFFFFFFFFFFFFFFFFFFFFFFFFFFFFFFFFFFFFFFFFFFFFFF34
:200CE000FFFFFFFFFFFFFFFFFFFFFFFFFFFFFFFFFFFFFFFFFFFFFFFFFFFFFFFFFFFFFFFF14
:200D0000FFFFFFFFFFFFFFFFFFFFFFFFFFFFFFFFFFFFFFFFFFFFFFFFFFFFFFFFFFFFFFFFF3
:200D2000FFFFFFFFFFFFFFFFFFFFFFFFFFFFFFFFFFFFFFFFFFFFFFFFFFFFFFFFFFFFFFFFD3
:200D4000FFFFFFFFFFFFFFFFFFFFFFFFFFFFFFFFFFFFFFFFFFFFFFFFFFFFFFFFFFFFFFFFB3
:200D6000FFFFFFFFFFFFFFFFFFFFFFFFFFFFFFFFFFFFFFFFFFFFFFFFFFFFFFFFFFFFFFFF93
:200D8000FFFFFFFFFFFFFFFFFFFFFFFFFFFFFFFFFFFFFFFFFFFFFFFFFFFFFFFFFFFFFFFF73
:200DA000FFFFFFFFFFFFFFFFFFFFFFFFFFFFFFFFFFFFFFFFFFFFFFFFFFFFFFFFFFFFFFFF53
:200DC000FFFFFFFFFFFFFFFFFFFFFFFFFFFFFFFFFFFFFFFFFFFFFFFFFFFFFFFFFFFFFFFF33
:200DE000FFFFFFFFFFFFFFFFFFFFFFFFFFFFFFFFFFFFFFFFFFFFFFFFFFFFFFFFFFFFFFFF13
:200E0000FFFFFFFFFFFFFFFFFFFFFFFFFFFFFFFFFFFFFFFFFFFFFFFFFFFFFFFFFFFFFFFFF2
:200E2000FFFFFFFFFFFFFFFFFFFFFFFFFFFFFFFFFFFFFFFFFFFFFFFFFFFFFFFFFFFFFFFFD2
:200E4000FFFFFFFFFFFFFFFFFFFFFFFFFFFFFFFFFFFFFFFFFFFFFFFFFFFFFFFFFFFFFFFFB2
:200E6000FFFFFFFFFFFFFFFFFFFFFFFFFFFFFFFFFFFFFFFFFFFFFFFFFFFFFFFFFFFFFFFF92
:200E8000FFFFFFFFFFFFFFFFFFFFFFFFFFFFFFFFFFFFFFFFFFFFFFFFFFFFFFFFFFFFFFFF72
:200EA000FFFFFFFFFFFFFFFFFFFFFFFFFFFFFFFFFFFFFFFFFFFFFFFFFFFFFFFFFFFFFFFF52
:200EC000FFFFFFFFFFFFFFFFFFFFFFFFFFFFFFFFFFFFFFFFFFFFFFFFFFFFFFFFFFFFFFFF32
:200EE000FFFFFFFFFFFFFFFFFFFFFFFFFFFFFFFFFFFFFFFFFFFFFFFFFFFFFFFFFFFFFFFF12
:200F0000FFFFFFFFFFFFFFFFFFFFFFFFFFFFFFFFFFFFFFFFFFFFFFFFFFFFFFFFFFFFFFFFF1
:200F2000FFFFFFFFFFFFFFFFFFFFFFFFFFFFFFFFFFFFFFFFFFFFFFFFFFFFFFFFFFFFFFFFD1
:200F4000FFFFFFFFFFFFFFFFFFFFFFFFFFFFFFFFFFFFFFFFFFFFFFFFFFFFFFFFFFFFFFFFB1
:200F6000FFFFFFFFFFFFFFFFFFFFFFFFFFFFFFFFFFFFFFFFFFFFFFFFFFFFFFFFFFFFFFFF91
:200F8000FFFFFFFFFFFFFFFFFFFFFFFFFFFFFFFFFFFFFFFFFFFFFFFFFFFFFFFFFFFFFFFF71
:200FA000FFFFFFFFFFFFFFFFFFFFFFFFFFFFFFFFFFFFFFFFFFFFFFFFFFFFFFFFFFFFFFFF51
:200FC000FFFFFFFFFFFFFFFFFFFFFFFFFFFFFFFFFFFFFFFFFFFFFFFFFFFFFFFFFFFFFFFF31
:200FE000FFFFFFFFFFFFFFFFFFFFFFFFFFFFFFFFFFFFFFFFFFFFFFFFFFFFFFFFFFFFFFFF11
:20100000FFFFFFFFFFFFFFFFFFFFFFFFFFFFFFFFFFFFFFFFFFFFFFFFFFFFFFFFFFFFFFFFF0
:20102000FFFFFFFFFFFFFFFFFFFFFFFFFFFFFFFFFFFFFFFFFFFFFFFFFFFFFFFFFFFFFFFFD0
:20104000FFFFFFFFFFFFFFFFFFFFFFFFFFFFFFFFFFFFFFFFFFFFFFFFFFFFFFFFFFFFFFFFB0
:20106000FFFFFFFFFFFFFFFFFFFFFFFFFFFFFFFFFFFFFFFFFFFFFFFFFFFFFFFFFFFFFFFF90
:20108000FFFFFFFFFFFFFFFFFFFFFFFFFFFFFFFFFFFFFFFFFFFFFFFFFFFFFFFFFFFFFFFF70
:2010A000FFFFFFFFFFFFFFFFFFFFFFFFFFFFFFFFFFFFFFFFFFFFFFFFFFFFFFFFFFFFFFFF50
:2010C000FFFFFFFFFFFFFFFFFFFFFFFFFFFFFFFFFFFFFFFFFFFFFFFFFFFFFFFFFFFFFFFF30
:2010E000FFFFFFFFFFFFFFFFFFFFFFFFFFFFFFFFFFFFFFFFFFFFFFFFFFFFFFFFFFFFFFFF10
:20110000FFFFFFFFFFFFFFFFFFFFFFFFFFFFFFFFFFFFFFFFFFFFFFFFFFFFFFFFFFFFFFFFEF
:20112000FFFFFFFFFFFFFFFFFFFFFFFFFFFFFFFFFFFFFFFFFFFFFFFFFFFFFFFFFFFFFFFFCF
:20114000FFFFFFFFFFFFFFFFFFFFFFFFFFFFFFFFFFFFFFFFFFFFFFFFFFFFFFFFFFFFFFFFAF
:20116000FFFFFFFFFFFFFFFFFFFFFFFFFFFFFFFFFFFFFFFFFFFFFFFFFFFFFFFFFFFFFFFF8F
:20118000FFFFFFFFFFFFFFFFFFFFFFFFFFFFFFFFFFFFFFFFFFFFFFFFFFFFFFFFFFFFFFFF6F
:2011A000FFFFFFFFFFFFFFFFFFFFFFFFFFFFFFFFFFFFFFFFFFFFFFFFFFFFFFFFFFFFFFFF4F
:2011C000FFFFFFFFFFFFFFFFFFFFFFFFFFFFFFFFFFFFFFFFFFFFFFFFFFFFFFFFFFFFFFFF2F
:2011E000FFFFFFFFFFFFFFFFFFFFFFFFFFFFFFFFFFFFFFFFFFFFFFFFFFFFFFFFFFFFFFFF0F
:20120000FFFFFFFFFFFFFFFFFFFFFFFFFFFFFFFFFFFFFFFFFFFFFFFFFFFFFFFFFFFFFFFFEE
:20122000FFFFFFFFFFFFFFFFFFFFFFFFFFFFFFFFFFFFFFFFFFFFFFFFFFFFFFFFFFFFFFFFCE
:20124000FFFFFFFFFFFFFFFFFFFFFFFFFFFFFFFFFFFFFFFFFFFFFFFFFFFFFFFFFFFFFFFFAE
:20126000FFFFFFFFFFFFFFFFFFFFFFFFFFFFFFFFFFFFFFFFFFFFFFFFFFFFFFFFFFFFFFFF8E
:20128000FFFFFFFFFFFFFFFFFFFFFFFFFFFFFFFFFFFFFFFFFFFFFFFFFFFFFFFFFFFFFFFF6E
:2012A000FFFFFFFFFFFFFFFFFFFFFFFFFFFFFFFFFFFFFFFFFFFFFFFFFFFFFFFFFFFFFFFF4E
:2012C000FFFFFFFFFFFFFFFFFFFFFFFFFFFFFFFFFFFFFFFFFFFFFFFFFFFFFFFFFFFFFFFF2E
:2012E000FFFFFFFFFFFFFFFFFFFFFFFFFFFFFFFFFFFFFFFFFFFFFFFFFFFFFFFFFFFFFFFF0E
:20130000FFFFFFFFFFFFFFFFFFFFFFFFFFFFFFFFFFFFFFFFFFFFFFFFFFFFFFFFFFFFFFFFED
:20132000FFFFFFFFFFFFFFFFFFFFFFFFFFFFFFFFFFFFFFFFFFFFFFFFFFFFFFFFFFFFFFFFCD
:20134000FFFFFFFFFFFFFFFFFFFFFFFFFFFFFFFFFFFFFFFFFFFFFFFFFFFFFFFFFFFFFFFFAD
:20136000FFFFFFFFFFFFFFFFFFFFFFFFFFFFFFFFFFFFFFFFFFFFFFFFFFFFFFFFFFFFFFFF8D
:20138000FFFFFFFFFFFFFFFFFFFFFFFFFFFFFFFFFFFFFFFFFFFFFFFFFFFFFFFFFFFFFFFF6D
:2013A000FFFFFFFFFFFFFFFFFFFFFFFFFFFFFFFFFFFFFFFFFFFFFFFFFFFFFFFFFFFFFFFF4D
:2013C000FFFFFFFFFFFFFFFFFFFFFFFFFFFFFFFFFFFFFFFFFFFFFFFFFFFFFFFFFFFFFFFF2D
:2013E000FFFFFFFFFFFFFFFFFFFFFFFFFFFFFFFFFFFFFFFFFFFFFFFFFFFFFFFFFFFFFFFF0D
:20140000FFFFFFFFFFFFFFFFFFFFFFFFFFFFFFFFFFFFFFFFFFFFFFFFFFFFFFFFFFFFFFFFEC
:20142000FFFFFFFFFFFFFFFFFFFFFFFFFFFFFFFFFFFFFFFFFFFFFFFFFFFFFFFFFFFFFFFFCC
:20144000FFFFFFFFFFFFFFFFFFFFFFFFFFFFFFFFFFFFFFFFFFFFFFFFFFFFFFFFFFFFFFFFAC
:20146000FFFFFFFFFFFFFFFFFFFFFFFFFFFFFFFFFFFFFFFFFFFFFFFFFFFFFFFFFFFFFFFF8C
:20148000FFFFFFFFFFFFFFFFFFFFFFFFFFFFFFFFFFFFFFFFFFFFFFFFFFFFFFFFFFFFFFFF6C
:2014A000FFFFFFFFFFFFFFFFFFFFFFFFFFFFFFFFFFFFFFFFFFFFFFFFFFFFFFFFFFFFFFFF4C
:2014C000FFFFFFFFFFFFFFFFFFFFFFFFFFFFFFFFFFFFFFFFFFFFFFFFFFFFFFFFFFFFFFFF2C
:2014E000FFFFFFFFFFFFFFFFFFFFFFFFFFFFFFFFFFFFFFFFFFFFFFFFFFFFFFFFFFFFFFFF0C
:20150000FFFFFFFFFFFFFFFFFFFFFFFFFFFFFFFFFFFFFFFFFFFFFFFFFFFFFFFFFFFFFFFFEB
:20152000FFFFFFFFFFFFFFFFFFFFFFFFFFFFFFFFFFFFFFFFFFFFFFFFFFFFFFFFFFFFFFFFCB
:20154000FFFFFFFFFFFFFFFFFFFFFFFFFFFFFFFFFFFFFFFFFFFFFFFFFFFFFFFFFFFFFFFFAB
:20156000FFFFFFFFFFFFFFFFFFFFFFFFFFFFFFFFFFFFFFFFFFFFFFFFFFFFFFFFFFFFFFFF8B
:20158000FFFFFFFFFFFFFFFFFFFFFFFFFFFFFFFFFFFFFFFFFFFFFFFFFFFFFFFFFFFFFFFF6B
:2015A000FFFFFFFFFFFFFFFFFFFFFFFFFFFFFFFFFFFFFFFFFFFFFFFFFFFFFFFFFFFFFFFF4B
:2015C000FFFFFFFFFFFFFFFFFFFFFFFFFFFFFFFFFFFFFFFFFFFFFFFFFFFFFFFFFFFFFFFF2B
:2015E000FFFFFFFFFFFFFFFFFFFFFFFFFFFFFFFFFFFFFFFFFFFFFFFFFFFFFFFFFFFFFFFF0B
:20160000FFFFFFFFFFFFFFFFFFFFFFFFFFFFFFFFFFFFFFFFFFFFFFFFFFFFFFFFFFFFFFFFEA
:20162000FFFFFFFFFFFFFFFFFFFFFFFFFFFFFFFFFFFFFFFFFFFFFFFFFFFFFFFFFFFFFFFFCA
:20164000FFFFFFFFFFFFFFFFFFFFFFFFFFFFFFFFFFFFFFFFFFFFFFFFFFFFFFFFFFFFFFFFAA
:20166000FFFFFFFFFFFFFFFFFFFFFFFFFFFFFFFFFFFFFFFFFFFFFFFFFFFFFFFFFFFFFFFF8A
:20168000FFFFFFFFFFFFFFFFFFFFFFFFFFFFFFFFFFFFFFFFFFFFFFFFFFFFFFFFFFFFFFFF6A
:2016A000FFFFFFFFFFFFFFFFFFFFFFFFFFFFFFFFFFFFFFFFFFFFFFFFFFFFFFFFFFFFFFFF4A
:2016C000FFFFFFFFFFFFFFFFFFFFFFFFFFFFFFFFFFFFFFFFFFFFFFFFFFFFFFFFFFFFFFFF2A
:2016E000FFFFFFFFFFFFFFFFFFFFFFFFFFFFFFFFFFFFFFFFFFFFFFFFFFFFFFFFFFFFFFFF0A
:20170000FFFFFFFFFFFFFFFFFFFFFFFFFFFFFFFFFFFFFFFFFFFFFFFFFFFFFFFFFFFFFFFFE9
:20172000FFFFFFFFFFFFFFFFFFFFFFFFFFFFFFFFFFFFFFFFFFFFFFFFFFFFFFFFFFFFFFFFC9
:20174000FFFFFFFFFFFFFFFFFFFFFFFFFFFFFFFFFFFFFFFFFFFFFFFFFFFFFFFFFFFFFFFFA9
:20176000FFFFFFFFFFFFFFFFFFFFFFFFFFFFFFFFFFFFFFFFFFFFFFFFFFFFFFFFFFFFFFFF89
:20178000FFFFFFFFFFFFFFFFFFFFFFFFFFFFFFFFFFFFFFFFFFFFFFFFFFFFFFFFFFFFFFFF69
:2017A000FFFFFFFFFFFFFFFFFFFFFFFFFFFFFFFFFFFFFFFFFFFFFFFFFFFFFFFFFFFFFFFF49
:2017C000FFFFFFFFFFFFFFFFFFFFFFFFFFFFFFFFFFFFFFFFFFFFFFFFFFFFFFFFFFFFFFFF29
:2017E000FFFFFFFFFFFFFFFFFFFFFFFFFFFFFFFFFFFFFFFFFFFFFFFFFFFFFFFFFFFFFFFF09
:20180000FFFFFFFFFFFFFFFFFFFFFFFFFFFFFFFFFFFFFFFFFFFFFFFFFFFFFFFFFFFFFFFFE8
:20182000FFFFFFFFFFFFFFFFFFFFFFFFFFFFFFFFFFFFFFFFFFFFFFFFFFFFFFFFFFFFFFFFC8
:20184000FFFFFFFFFFFFFFFFFFFFFFFFFFFFFFFFFFFFFFFFFFFFFFFFFFFFFFFFFFFFFFFFA8
:20186000FFFFFFFFFFFFFFFFFFFFFFFFFFFFFFFFFFFFFFFFFFFFFFFFFFFFFFFFFFFFFFFF88
:20188000FFFFFFFFFFFFFFFFFFFFFFFFFFFFFFFFFFFFFFFFFFFFFFFFFFFFFFFFFFFFFFFF68
:2018A000FFFFFFFFFFFFFFFFFFFFFFFFFFFFFFFFFFFFFFFFFFFFFFFFFFFFFFFFFFFFFFFF48
:2018C000FFFFFFFFFFFFFFFFFFFFFFFFFFFFFFFFFFFFFFFFFFFFFFFFFFFFFFFFFFFFFFFF28
:2018E000FFFFFFFFFFFFFFFFFFFFFFFFFFFFFFFFFFFFFFFFFFFFFFFFFFFFFFFFFFFFFFFF08
:20190000FFFFFFFFFFFFFFFFFFFFFFFFFFFFFFFFFFFFFFFFFFFFFFFFFFFFFFFFFFFFFFFFE7
:20192000FFFFFFFFFFFFFFFFFFFFFFFFFFFFFFFFFFFFFFFFFFFFFFFFFFFFFFFFFFFFFFFFC7
:20194000FFFFFFFFFFFFFFFFFFFFFFFFFFFFFFFFFFFFFFFFFFFFFFFFFFFFFFFFFFFFFFFFA7
:20196000FFFFFFFFFFFFFFFFFFFFFFFFFFFFFFFFFFFFFFFFFFFFFFFFFFFFFFFFFFFFFFFF87
:20198000FFFFFFFFFFFFFFFFFFFFFFFFFFFFFFFFFFFFFFFFFFFFFFFFFFFFFFFFFFFFFFFF67
:2019A000FFFFFFFFFFFFFFFFFFFFFFFFFFFFFFFFFFFFFFFFFFFFFFFFFFFFFFFFFFFFFFFF47
:2019C000FFFFFFFFFFFFFFFFFFFFFFFFFFFFFFFFFFFFFFFFFFFFFFFFFFFFFFFFFFFFFFFF27
:2019E000FFFFFFFFFFFFFFFFFFFFFFFFFFFFFFFFFFFFFFFFFFFFFFFFFFFFFFFFFFFFFFFF07
:201A0000FFFFFFFFFFFFFFFFFFFFFFFFFFFFFFFFFFFFFFFFFFFFFFFFFFFFFFFFFFFFFFFFE6
:201A2000FFFFFFFFFFFFFFFFFFFFFFFFFFFFFFFFFFFFFFFFFFFFFFFFFFFFFFFFFFFFFFFFC6
:201A4000FFFFFFFFFFFFFFFFFFFFFFFFFFFFFFFFFFFFFFFFFFFFFFFFFFFFFFFFFFFFFFFFA6
:201A6000FFFFFFFFFFFFFFFFFFFFFFFFFFFFFFFFFFFFFFFFFFFFFFFFFFFFFFFFFFFFFFFF86
:201A8000FFFFFFFFFFFFFFFFFFFFFFFFFFFFFFFFFFFFFFFFFFFFFFFFFFFFFFFFFFFFFFFF66
:201AA000FFFFFFFFFFFFFFFFFFFFFFFFFFFFFFFFFFFFFFFFFFFFFFFFFFFFFFFFFFFFFFFF46
:201AC000FFFFFFFFFFFFFFFFFFFFFFFFFFFFFFFFFFFFFFFFFFFFFFFFFFFFFFFFFFFFFFFF26
:201AE000FFFFFFFFFFFFFFFFFFFFFFFFFFFFFFFFFFFFFFFFFFFFFFFFFFFFFFFFFFFFFFFF06
:201B0000FFFFFFFFFFFFFFFFFFFFFFFFFFFFFFFFFFFFFFFFFFFFFFFFFFFFFFFFFFFFFFFFE5
:201B2000FFFFFFFFFFFFFFFFFFFFFFFFFFFFFFFFFFFFFFFFFFFFFFFFFFFFFFFFFFFFFFFFC5
:201B4000FFFFFFFFFFFFFFFFFFFFFFFFFFFFFFFFFFFFFFFFFFFFFFFFFFFFFFFFFFFFFFFFA5
:201B6000FFFFFFFFFFFFFFFFFFFFFFFFFFFFFFFFFFFFFFFFFFFFFFFFFFFFFFFFFFFFFFFF85
:201B8000FFFFFFFFFFFFFFFFFFFFFFFFFFFFFFFFFFFFFFFFFFFFFFFFFFFFFFFFFFFFFFFF65
:201BA000FFFFFFFFFFFFFFFFFFFFFFFFFFFFFFFFFFFFFFFFFFFFFFFFFFFFFFFFFFFFFFFF45
:201BC000FFFFFFFFFFFFFFFFFFFFFFFFFFFFFFFFFFFFFFFFFFFFFFFFFFFFFFFFFFFFFFFF25
:201BE000FFFFFFFFFFFFFFFFFFFFFFFFFFFFFFFFFFFFFFFFFFFFFFFFFFFFFFFFFFFFFFFF05
:201C0000FFFFFFFFFFFFFFFFFFFFFFFFFFFFFFFFFFFFFFFFFFFFFFFFFFFFFFFFFFFFFFFFE4
:201C2000FFFFFFFFFFFFFFFFFFFFFFFFFFFFFFFFFFFFFFFFFFFFFFFFFFFFFFFFFFFFFFFFC4
:201C4000FFFFFFFFFFFFFFFFFFFFFFFFFFFFFFFFFFFFFFFFFFFFFFFFFFFFFFFFFFFFFFFFA4
:201C6000FFFFFFFFFFFFFFFFFFFFFFFFFFFFFFFFFFFFFFFFFFFFFFFFFFFFFFFFFFFFFFFF84
:201C8000FFFFFFFFFFFFFFFFFFFFFFFFFFFFFFFFFFFFFFFFFFFFFFFFFFFFFFFFFFFFFFFF64
:201CA000FFFFFFFFFFFFFFFFFFFFFFFFFFFFFFFFFFFFFFFFFFFFFFFFFFFFFFFFFFFFFFFF44
:201CC000FFFFFFFFFFFFFFFFFFFFFFFFFFFFFFFFFFFFFFFFFFFFFFFFFFFFFFFFFFFFFFFF24
:201CE000FFFFFFFFFFFFFFFFFFFFFFFFFFFFFFFFFFFFFFFFFFFFFFFFFFFFFFFFFFFFFFFF04
:201D0000FFFFFFFFFFFFFFFFFFFFFFFFFFFFFFFFFFFFFFFFFFFFFFFFFFFFFFFFFFFFFFFFE3
:201D2000FFFFFFFFFFFFFFFFFFFFFFFFFFFFFFFFFFFFFFFFFFFFFFFFFFFFFFFFFFFFFFFFC3
:201D4000FFFFFFFFFFFFFFFFFFFFFFFFFFFFFFFFFFFFFFFFFFFFFFFFFFFFFFFFFFFFFFFFA3
:201D6000FFFFFFFFFFFFFFFFFFFFFFFFFFFFFFFFFFFFFFFFFFFFFFFFFFFFFFFFFFFFFFFF83
:201D8000FFFFFFFFFFFFFFFFFFFFFFFFFFFFFFFFFFFFFFFFFFFFFFFFFFFFFFFFFFFFFFFF63
:201DA000FFFFFFFFFFFFFFFFFFFFFFFFFFFFFFFFFFFFFFFFFFFFFFFFFFFFFFFFFFFFFFFF43
:201DC000FFFFFFFFFFFFFFFFFFFFFFFFFFFFFFFFFFFFFFFFFFFFFFFFFFFFFFFFFFFFFFFF23
:201DE000FFFFFFFFFFFFFFFFFFFFFFFFFFFFFFFFFFFFFFFFFFFFFFFFFFFFFFFFFFFFFFFF03
:201E0000FFFFFFFFFFFFFFFFFFFFFFFFFFFFFFFFFFFFFFFFFFFFFFFFFFFFFFFFFFFFFFFFE2
:201E2000FFFFFFFFFFFFFFFFFFFFFFFFFFFFFFFFFFFFFFFFFFFFFFFFFFFFFFFFFFFFFFFFC2
:201E4000FFFFFFFFFFFFFFFFFFFFFFFFFFFFFFFFFFFFFFFFFFFFFFFFFFFFFFFFFFFFFFFFA2
:201E6000FFFFFFFFFFFFFFFFFFFFFFFFFFFFFFFFFFFFFFFFFFFFFFFFFFFFFFFFFFFFFFFF82
:201E8000FFFFFFFFFFFFFFFFFFFFFFFFFFFFFFFFFFFFFFFFFFFFFFFFFFFFFFFFFFFFFFFF62
:201EA000FFFFFFFFFFFFFFFFFFFFFFFFFFFFFFFFFFFFFFFFFFFFFFFFFFFFFFFFFFFFFFFF42
:201EC000FFFFFFFFFFFFFFFFFFFFFFFFFFFFFFFFFFFFFFFFFFFFFFFFFFFFFFFFFFFFFFFF22
:201EE000FFFFFFFFFFFFFFFFFFFFFFFFFFFFFFFFFFFFFFFFFFFFFFFFFFFFFFFFFFFFFFFF02
:201F0000FFFFFFFFFFFFFFFFFFFFFFFFFFFFFFFFFFFFFFFFFFFFFFFFFFFFFFFFFFFFFFFFE1
:201F2000FFFFFFFFFFFFFFFFFFFFFFFFFFFFFFFFFFFFFFFFFFFFFFFFFFFFFFFFFFFFFFFFC1
:201F4000FFFFFFFFFFFFFFFFFFFFFFFFFFFFFFFFFFFFFFFFFFFFFFFFFFFFFFFFFFFFFFFFA1
:201F6000FFFFFFFFFFFFFFFFFFFFFFFFFFFFFFFFFFFFFFFFFFFFFFFFFFFFFFFFFFFFFFFF81
:201F8000FFFFFFFFFFFFFFFFFFFFFFFFFFFFFFFFFFFFFFFFFFFFFFFFFFFFFFFFFFFFFFFF61
:201FA000FFFFFFFFFFFFFFFFFFFFFFFFFFFFFFFFFFFFFFFFFFFFFFFFFFFFFFFFFFFFFFFF41
:201FC000FFFFFFFFFFFFFFFFFFFFFFFFFFFFFFFFFFFFFFFFFFFFFFFFFFFFFFFFFFFFFFFF21
:201FE000FFFFFFFFFFFFFFFFFFFFFFFFFFFFFFFFFFFFFFFFFFFFFFFFFFFFFFFFFFFFFFFF01
:20200000FFFFFFFFFFFFFFFFFFFFFFFFFFFFFFFFFFFFFFFFFFFFFFFFFFFFFFFFFFFFFFFFE0
:20202000FFFFFFFFFFFFFFFFFFFFFFFFFFFFFFFFFFFFFFFFFFFFFFFFFFFFFFFFFFFFFFFFC0
:20204000FFFFFFFFFFFFFFFFFFFFFFFFFFFFFFFFFFFFFFFFFFFFFFFFFFFFFFFFFFFFFFFFA0
:20206000FFFFFFFFFFFFFFFFFFFFFFFFFFFFFFFFFFFFFFFFFFFFFFFFFFFFFFFFFFFFFFFF80
:20208000FFFFFFFFFFFFFFFFFFFFFFFFFFFFFFFFFFFFFFFFFFFFFFFFFFFFFFFFFFFFFFFF60
:2020A000FFFFFFFFFFFFFFFFFFFFFFFFFFFFFFFFFFFFFFFFFFFFFFFFFFFFFFFFFFFFFFFF40
:2020C000FFFFFFFFFFFFFFFFFFFFFFFFFFFFFFFFFFFFFFFFFFFFFFFFFFFFFFFFFFFFFFFF20
:2020E000FFFFFFFFFFFFFFFFFFFFFFFFFFFFFFFFFFFFFFFFFFFFFFFFFFFFFFFFFFFFFFFF00
:20210000FFFFFFFFFFFFFFFFFFFFFFFFFFFFFFFFFFFFFFFFFFFFFFFFFFFFFFFFFFFFFFFFDF
:20212000FFFFFFFFFFFFFFFFFFFFFFFFFFFFFFFFFFFFFFFFFFFFFFFFFFFFFFFFFFFFFFFFBF
:20214000FFFFFFFFFFFFFFFFFFFFFFFFFFFFFFFFFFFFFFFFFFFFFFFFFFFFFFFFFFFFFFFF9F
:20216000FFFFFFFFFFFFFFFFFFFFFFFFFFFFFFFFFFFFFFFFFFFFFFFFFFFFFFFFFFFFFFFF7F
:20218000FFFFFFFFFFFFFFFFFFFFFFFFFFFFFFFFFFFFFFFFFFFFFFFFFFFFFFFFFFFFFFFF5F
:2021A000FFFFFFFFFFFFFFFFFFFFFFFFFFFFFFFFFFFFFFFFFFFFFFFFFFFFFFFFFFFFFFFF3F
:2021C000FFFFFFFFFFFFFFFFFFFFFFFFFFFFFFFFFFFFFFFFFFFFFFFFFFFFFFFFFFFFFFFF1F
:2021E000FFFFFFFFFFFFFFFFFFFFFFFFFFFFFFFFFFFFFFFFFFFFFFFFFFFFFFFFFFFFFFFFFF
:20220000FFFFFFFFFFFFFFFFFFFFFFFFFFFFFFFFFFFFFFFFFFFFFFFFFFFFFFFFFFFFFFFFDE
:20222000FFFFFFFFFFFFFFFFFFFFFFFFFFFFFFFFFFFFFFFFFFFFFFFFFFFFFFFFFFFFFFFFBE
:20224000FFFFFFFFFFFFFFFFFFFFFFFFFFFFFFFFFFFFFFFFFFFFFFFFFFFFFFFFFFFFFFFF9E
:20226000FFFFFFFFFFFFFFFFFFFFFFFFFFFFFFFFFFFFFFFFFFFFFFFFFFFFFFFFFFFFFFFF7E
:20228000FFFFFFFFFFFFFFFFFFFFFFFFFFFFFFFFFFFFFFFFFFFFFFFFFFFFFFFFFFFFFFFF5E
:2022A000FFFFFFFFFFFFFFFFFFFFFFFFFFFFFFFFFFFFFFFFFFFFFFFFFFFFFFFFFFFFFFFF3E
:2022C000FFFFFFFFFFFFFFFFFFFFFFFFFFFFFFFFFFFFFFFFFFFFFFFFFFFFFFFFFFFFFFFF1E
:2022E000FFFFFFFFFFFFFFFFFFFFFFFFFFFFFFFFFFFFFFFFFFFFFFFFFFFFFFFFFFFFFFFFFE
:20230000FFFFFFFFFFFFFFFFFFFFFFFFFFFFFFFFFFFFFFFFFFFFFFFFFFFFFFFFFFFFFFFFDD
:20232000FFFFFFFFFFFFFFFFFFFFFFFFFFFFFFFFFFFFFFFFFFFFFFFFFFFFFFFFFFFFFFFFBD
:20234000FFFFFFFFFFFFFFFFFFFFFFFFFFFFFFFFFFFFFFFFFFFFFFFFFFFFFFFFFFFFFFFF9D
:20236000FFFFFFFFFFFFFFFFFFFFFFFFFFFFFFFFFFFFFFFFFFFFFFFFFFFFFFFFFFFFFFFF7D
:20238000FFFFFFFFFFFFFFFFFFFFFFFFFFFFFFFFFFFFFFFFFFFFFFFFFFFFFFFFFFFFFFFF5D
:2023A000FFFFFFFFFFFFFFFFFFFFFFFFFFFFFFFFFFFFFFFFFFFFFFFFFFFFFFFFFFFFFFFF3D
:2023C000FFFFFFFFFFFFFFFFFFFFFFFFFFFFFFFFFFFFFFFFFFFFFFFFFFFFFFFFFFFFFFFF1D
:2023E000FFFFFFFFFFFFFFFFFFFFFFFFFFFFFFFFFFFFFFFFFFFFFFFFFFFFFFFFFFFFFFFFFD
:20240000FFFFFFFFFFFFFFFFFFFFFFFFFFFFFFFFFFFFFFFFFFFFFFFFFFFFFFFFFFFFFFFFDC
:20242000FFFFFFFFFFFFFFFFFFFFFFFFFFFFFFFFFFFFFFFFFFFFFFFFFFFFFFFFFFFFFFFFBC
:20244000FFFFFFFFFFFFFFFFFFFFFFFFFFFFFFFFFFFFFFFFFFFFFFFFFFFFFFFFFFFFFFFF9C
:20246000FFFFFFFFFFFFFFFFFFFFFFFFFFFFFFFFFFFFFFFFFFFFFFFFFFFFFFFFFFFFFFFF7C
:20248000FFFFFFFFFFFFFFFFFFFFFFFFFFFFFFFFFFFFFFFFFFFFFFFFFFFFFFFFFFFFFFFF5C
:2024A000FFFFFFFFFFFFFFFFFFFFFFFFFFFFFFFFFFFFFFFFFFFFFFFFFFFFFFFFFFFFFFFF3C
:2024C000FFFFFFFFFFFFFFFFFFFFFFFFFFFFFFFFFFFFFFFFFFFFFFFFFFFFFFFFFFFFFFFF1C
:2024E000FFFFFFFFFFFFFFFFFFFFFFFFFFFFFFFFFFFFFFFFFFFFFFFFFFFFFFFFFFFFFFFFFC
:20250000FFFFFFFFFFFFFFFFFFFFFFFFFFFFFFFFFFFFFFFFFFFFFFFFFFFFFFFFFFFFFFFFDB
:20252000FFFFFFFFFFFFFFFFFFFFFFFFFFFFFFFFFFFFFFFFFFFFFFFFFFFFFFFFFFFFFFFFBB
:20254000FFFFFFFFFFFFFFFFFFFFFFFFFFFFFFFFFFFFFFFFFFFFFFFFFFFFFFFFFFFFFFFF9B
:20256000FFFFFFFFFFFFFFFFFFFFFFFFFFFFFFFFFFFFFFFFFFFFFFFFFFFFFFFFFFFFFFFF7B
:20258000FFFFFFFFFFFFFFFFFFFFFFFFFFFFFFFFFFFFFFFFFFFFFFFFFFFFFFFFFFFFFFFF5B
:2025A000FFFFFFFFFFFFFFFFFFFFFFFFFFFFFFFFFFFFFFFFFFFFFFFFFFFFFFFFFFFFFFFF3B
:2025C000FFFFFFFFFFFFFFFFFFFFFFFFFFFFFFFFFFFFFFFFFFFFFFFFFFFFFFFFFFFFFFFF1B
:2025E000FFFFFFFFFFFFFFFFFFFFFFFFFFFFFFFFFFFFFFFFFFFFFFFFFFFFFFFFFFFFFFFFFB
:20260000FFFFFFFFFFFFFFFFFFFFFFFFFFFFFFFFFFFFFFFFFFFFFFFFFFFFFFFFFFFFFFFFDA
:20262000FFFFFFFFFFFFFFFFFFFFFFFFFFFFFFFFFFFFFFFFFFFFFFFFFFFFFFFFFFFFFFFFBA
:20264000FFFFFFFFFFFFFFFFFFFFFFFFFFFFFFFFFFFFFFFFFFFFFFFFFFFFFFFFFFFFFFFF9A
:20266000FFFFFFFFFFFFFFFFFFFFFFFFFFFFFFFFFFFFFFFFFFFFFFFFFFFFFFFFFFFFFFFF7A
:20268000FFFFFFFFFFFFFFFFFFFFFFFFFFFFFFFFFFFFFFFFFFFFFFFFFFFFFFFFFFFFFFFF5A
:2026A000FFFFFFFFFFFFFFFFFFFFFFFFFFFFFFFFFFFFFFFFFFFFFFFFFFFFFFFFFFFFFFFF3A
:2026C000FFFFFFFFFFFFFFFFFFFFFFFFFFFFFFFFFFFFFFFFFFFFFFFFFFFFFFFFFFFFFFFF1A
:2026E000FFFFFFFFFFFFFFFFFFFFFFFFFFFFFFFFFFFFFFFFFFFFFFFFFFFFFFFFFFFFFFFFFA
:20270000FFFFFFFFFFFFFFFFFFFFFFFFFFFFFFFFFFFFFFFFFFFFFFFFFFFFFFFFFFFFFFFFD9
:20272000FFFFFFFFFFFFFFFFFFFFFFFFFFFFFFFFFFFFFFFFFFFFFFFFFFFFFFFFFFFFFFFFB9
:20274000FFFFFFFFFFFFFFFFFFFFFFFFFFFFFFFFFFFFFFFFFFFFFFFFFFFFFFFFFFFFFFFF99
:20276000FFFFFFFFFFFFFFFFFFFFFFFFFFFFFFFFFFFFFFFFFFFFFFFFFFFFFFFFFFFFFFFF79
:20278000FFFFFFFFFFFFFFFFFFFFFFFFFFFFFFFFFFFFFFFFFFFFFFFFFFFFFFFFFFFFFFFF59
:2027A000FFFFFFFFFFFFFFFFFFFFFFFFFFFFFFFFFFFFFFFFFFFFFFFFFFFFFFFFFFFFFFFF39
:2027C000FFFFFFFFFFFFFFFFFFFFFFFFFFFFFFFFFFFFFFFFFFFFFFFFFFFFFFFFFFFFFFFF19
:2027E000FFFFFFFFFFFFFFFFFFFFFFFFFFFFFFFFFFFFFFFFFFFFFFFFFFFFFFFFFFFFFFFFF9
:20280000FFFFFFFFFFFFFFFFFFFFFFFFFFFFFFFFFFFFFFFFFFFFFFFFFFFFFFFFFFFFFFFFD8
:20282000FFFFFFFFFFFFFFFFFFFFFFFFFFFFFFFFFFFFFFFFFFFFFFFFFFFFFFFFFFFFFFFFB8
:20284000FFFFFFFFFFFFFFFFFFFFFFFFFFFFFFFFFFFFFFFFFFFFFFFFFFFFFFFFFFFFFFFF98
:20286000FFFFFFFFFFFFFFFFFFFFFFFFFFFFFFFFFFFFFFFFFFFFFFFFFFFFFFFFFFFFFFFF78
:20288000FFFFFFFFFFFFFFFFFFFFFFFFFFFFFFFFFFFFFFFFFFFFFFFFFFFFFFFFFFFFFFFF58
:2028A000FFFFFFFFFFFFFFFFFFFFFFFFFFFFFFFFFFFFFFFFFFFFFFFFFFFFFFFFFFFFFFFF38
:2028C000FFFFFFFFFFFFFFFFFFFFFFFFFFFFFFFFFFFFFFFFFFFFFFFFFFFFFFFFFFFFFFFF18
:2028E000FFFFFFFFFFFFFFFFFFFFFFFFFFFFFFFFFFFFFFFFFFFFFFFFFFFFFFFFFFFFFFFFF8
:20290000FFFFFFFFFFFFFFFFFFFFFFFFFFFFFFFFFFFFFFFFFFFFFFFFFFFFFFFFFFFFFFFFD7
:20292000FFFFFFFFFFFFFFFFFFFFFFFFFFFFFFFFFFFFFFFFFFFFFFFFFFFFFFFFFFFFFFFFB7
:20294000FFFFFFFFFFFFFFFFFFFFFFFFFFFFFFFFFFFFFFFFFFFFFFFFFFFFFFFFFFFFFFFF97
:20296000FFFFFFFFFFFFFFFFFFFFFFFFFFFFFFFFFFFFFFFFFFFFFFFFFFFFFFFFFFFFFFFF77
:20298000FFFFFFFFFFFFFFFFFFFFFFFFFFFFFFFFFFFFFFFFFFFFFFFFFFFFFFFFFFFFFFFF57
:2029A000FFFFFFFFFFFFFFFFFFFFFFFFFFFFFFFFFFFFFFFFFFFFFFFFFFFFFFFFFFFFFFFF37
:2029C000FFFFFFFFFFFFFFFFFFFFFFFFFFFFFFFFFFFFFFFFFFFFFFFFFFFFFFFFFFFFFFFF17
:2029E000FFFFFFFFFFFFFFFFFFFFFFFFFFFFFFFFFFFFFFFFFFFFFFFFFFFFFFFFFFFFFFFFF7
:202A0000FFFFFFFFFFFFFFFFFFFFFFFFFFFFFFFFFFFFFFFFFFFFFFFFFFFFFFFFFFFFFFFFD6
:202A2000FFFFFFFFFFFFFFFFFFFFFFFFFFFFFFFFFFFFFFFFFFFFFFFFFFFFFFFFFFFFFFFFB6
:202A4000FFFFFFFFFFFFFFFFFFFFFFFFFFFFFFFFFFFFFFFFFFFFFFFFFFFFFFFFFFFFFFFF96
:202A6000FFFFFFFFFFFFFFFFFFFFFFFFFFFFFFFFFFFFFFFFFFFFFFFFFFFFFFFFFFFFFFFF76
:202A8000FFFFFFFFFFFFFFFFFFFFFFFFFFFFFFFFFFFFFFFFFFFFFFFFFFFFFFFFFFFFFFFF56
:202AA000FFFFFFFFFFFFFFFFFFFFFFFFFFFFFFFFFFFFFFFFFFFFFFFFFFFFFFFFFFFFFFFF36
:202AC000FFFFFFFFFFFFFFFFFFFFFFFFFFFFFFFFFFFFFFFFFFFFFFFFFFFFFFFFFFFFFFFF16
:202AE000FFFFFFFFFFFFFFFFFFFFFFFFFFFFFFFFFFFFFFFFFFFFFFFFFFFFFFFFFFFFFFFFF6
:202B0000FFFFFFFFFFFFFFFFFFFFFFFFFFFFFFFFFFFFFFFFFFFFFFFFFFFFFFFFFFFFFFFFD5
:202B2000FFFFFFFFFFFFFFFFFFFFFFFFFFFFFFFFFFFFFFFFFFFFFFFFFFFFFFFFFFFFFFFFB5
:202B4000FFFFFFFFFFFFFFFFFFFFFFFFFFFFFFFFFFFFFFFFFFFFFFFFFFFFFFFFFFFFFFFF95
:202B6000FFFFFFFFFFFFFFFFFFFFFFFFFFFFFFFFFFFFFFFFFFFFFFFFFFFFFFFFFFFFFFFF75
:202B8000FFFFFFFFFFFFFFFFFFFFFFFFFFFFFFFFFFFFFFFFFFFFFFFFFFFFFFFFFFFFFFFF55
:202BA000FFFFFFFFFFFFFFFFFFFFFFFFFFFFFFFFFFFFFFFFFFFFFFFFFFFFFFFFFFFFFFFF35
:202BC000FFFFFFFFFFFFFFFFFFFFFFFFFFFFFFFFFFFFFFFFFFFFFFFFFFFFFFFFFFFFFFFF15
:202BE000FFFFFFFFFFFFFFFFFFFFFFFFFFFFFFFFFFFFFFFFFFFFFFFFFFFFFFFFFFFFFFFFF5
:202C0000FFFFFFFFFFFFFFFFFFFFFFFFFFFFFFFFFFFFFFFFFFFFFFFFFFFFFFFFFFFFFFFFD4
:202C2000FFFFFFFFFFFFFFFFFFFFFFFFFFFFFFFFFFFFFFFFFFFFFFFFFFFFFFFFFFFFFFFFB4
:202C4000FFFFFFFFFFFFFFFFFFFFFFFFFFFFFFFFFFFFFFFFFFFFFFFFFFFFFFFFFFFFFFFF94
:202C6000FFFFFFFFFFFFFFFFFFFFFFFFFFFFFFFFFFFFFFFFFFFFFFFFFFFFFFFFFFFFFFFF74
:202C8000FFFFFFFFFFFFFFFFFFFFFFFFFFFFFFFFFFFFFFFFFFFFFFFFFFFFFFFFFFFFFFFF54
:202CA000FFFFFFFFFFFFFFFFFFFFFFFFFFFFFFFFFFFFFFFFFFFFFFFFFFFFFFFFFFFFFFFF34
:202CC000FFFFFFFFFFFFFFFFFFFFFFFFFFFFFFFFFFFFFFFFFFFFFFFFFFFFFFFFFFFFFFFF14
:202CE000FFFFFFFFFFFFFFFFFFFFFFFFFFFFFFFFFFFFFFFFFFFFFFFFFFFFFFFFFFFFFFFFF4
:202D0000FFFFFFFFFFFFFFFFFFFFFFFFFFFFFFFFFFFFFFFFFFFFFFFFFFFFFFFFFFFFFFFFD3
:202D2000FFFFFFFFFFFFFFFFFFFFFFFFFFFFFFFFFFFFFFFFFFFFFFFFFFFFFFFFFFFFFFFFB3
:202D4000FFFFFFFFFFFFFFFFFFFFFFFFFFFFFFFFFFFFFFFFFFFFFFFFFFFFFFFFFFFFFFFF93
:202D6000FFFFFFFFFFFFFFFFFFFFFFFFFFFFFFFFFFFFFFFFFFFFFFFFFFFFFFFFFFFFFFFF73
:202D8000FFFFFFFFFFFFFFFFFFFFFFFFFFFFFFFFFFFFFFFFFFFFFFFFFFFFFFFFFFFFFFFF53
:202DA000FFFFFFFFFFFFFFFFFFFFFFFFFFFFFFFFFFFFFFFFFFFFFFFFFFFFFFFFFFFFFFFF33
:202DC000FFFFFFFFFFFFFFFFFFFFFFFFFFFFFFFFFFFFFFFFFFFFFFFFFFFFFFFFFFFFFFFF13
:202DE000FFFFFFFFFFFFFFFFFFFFFFFFFFFFFFFFFFFFFFFFFFFFFFFFFFFFFFFFFFFFFFFFF3
:202E0000FFFFFFFFFFFFFFFFFFFFFFFFFFFFFFFFFFFFFFFFFFFFFFFFFFFFFFFFFFFFFFFFD2
:202E2000FFFFFFFFFFFFFFFFFFFFFFFFFFFFFFFFFFFFFFFFFFFFFFFFFFFFFFFFFFFFFFFFB2
:202E4000FFFFFFFFFFFFFFFFFFFFFFFFFFFFFFFFFFFFFFFFFFFFFFFFFFFFFFFFFFFFFFFF92
:202E6000FFFFFFFFFFFFFFFFFFFFFFFFFFFFFFFFFFFFFFFFFFFFFFFFFFFFFFFFFFFFFFFF72
:202E8000FFFFFFFFFFFFFFFFFFFFFFFFFFFFFFFFFFFFFFFFFFFFFFFFFFFFFFFFFFFFFFFF52
:202EA000FFFFFFFFFFFFFFFFFFFFFFFFFFFFFFFFFFFFFFFFFFFFFFFFFFFFFFFFFFFFFFFF32
:202EC000FFFFFFFFFFFFFFFFFFFFFFFFFFFFFFFFFFFFFFFFFFFFFFFFFFFFFFFFFFFFFFFF12
:202EE000FFFFFFFFFFFFFFFFFFFFFFFFFFFFFFFFFFFFFFFFFFFFFFFFFFFFFFFFFFFFFFFFF2
:202F0000FFFFFFFFFFFFFFFFFFFFFFFFFFFFFFFFFFFFFFFFFFFFFFFFFFFFFFFFFFFFFFFFD1
:202F2000FFFFFFFFFFFFFFFFFFFFFFFFFFFFFFFFFFFFFFFFFFFFFFFFFFFFFFFFFFFFFFFFB1
:202F4000FFFFFFFFFFFFFFFFFFFFFFFFFFFFFFFFFFFFFFFFFFFFFFFFFFFFFFFFFFFFFFFF91
:202F6000FFFFFFFFFFFFFFFFFFFFFFFFFFFFFFFFFFFFFFFFFFFFFFFFFFFFFFFFFFFFFFFF71
:202F8000FFFFFFFFFFFFFFFFFFFFFFFFFFFFFFFFFFFFFFFFFFFFFFFFFFFFFFFFFFFFFFFF51
:202FA000FFFFFFFFFFFFFFFFFFFFFFFFFFFFFFFFFFFFFFFFFFFFFFFFFFFFFFFFFFFFFFFF31
:202FC000FFFFFFFFFFFFFFFFFFFFFFFFFFFFFFFFFFFFFFFFFFFFFFFFFFFFFFFFFFFFFFFF11
:202FE000FFFFFFFFFFFFFFFFFFFFFFFFFFFFFFFFFFFFFFFFFFFFFFFFFFFFFFFFFFFFFFFFF1
:20300000FFFFFFFFFFFFFFFFFFFFFFFFFFFFFFFFFFFFFFFFFFFFFFFFFFFFFFFFFFFFFFFFD0
:20302000FFFFFFFFFFFFFFFFFFFFFFFFFFFFFFFFFFFFFFFFFFFFFFFFFFFFFFFFFFFFFFFFB0
:20304000FFFFFFFFFFFFFFFFFFFFFFFFFFFFFFFFFFFFFFFFFFFFFFFFFFFFFFFFFFFFFFFF90
:20306000FFFFFFFFFFFFFFFFFFFFFFFFFFFFFFFFFFFFFFFFFFFFFFFFFFFFFFFFFFFFFFFF70
:20308000FFFFFFFFFFFFFFFFFFFFFFFFFFFFFFFFFFFFFFFFFFFFFFFFFFFFFFFFFFFFFFFF50
:2030A000FFFFFFFFFFFFFFFFFFFFFFFFFFFFFFFFFFFFFFFFFFFFFFFFFFFFFFFFFFFFFFFF30
:2030C000FFFFFFFFFFFFFFFFFFFFFFFFFFFFFFFFFFFFFFFFFFFFFFFFFFFFFFFFFFFFFFFF10
:2030E000FFFFFFFFFFFFFFFFFFFFFFFFFFFFFFFFFFFFFFFFFFFFFFFFFFFFFFFFFFFFFFFFF0
:20310000FFFFFFFFFFFFFFFFFFFFFFFFFFFFFFFFFFFFFFFFFFFFFFFFFFFFFFFFFFFFFFFFCF
:20312000FFFFFFFFFFFFFFFFFFFFFFFFFFFFFFFFFFFFFFFFFFFFFFFFFFFFFFFFFFFFFFFFAF
:20314000FFFFFFFFFFFFFFFFFFFFFFFFFFFFFFFFFFFFFFFFFFFFFFFFFFFFFFFFFFFFFFFF8F
:20316000FFFFFFFFFFFFFFFFFFFFFFFFFFFFFFFFFFFFFFFFFFFFFFFFFFFFFFFFFFFFFFFF6F
:20318000FFFFFFFFFFFFFFFFFFFFFFFFFFFFFFFFFFFFFFFFFFFFFFFFFFFFFFFFFFFFFFFF4F
:2031A000FFFFFFFFFFFFFFFFFFFFFFFFFFFFFFFFFFFFFFFFFFFFFFFFFFFFFFFFFFFFFFFF2F
:2031C000FFFFFFFFFFFFFFFFFFFFFFFFFFFFFFFFFFFFFFFFFFFFFFFFFFFFFFFFFFFFFFFF0F
:2031E000FFFFFFFFFFFFFFFFFFFFFFFFFFFFFFFFFFFFFFFFFFFFFFFFFFFFFFFFFFFFFFFFEF
:20320000FFFFFFFFFFFFFFFFFFFFFFFFFFFFFFFFFFFFFFFFFFFFFFFFFFFFFFFFFFFFFFFFCE
:20322000FFFFFFFFFFFFFFFFFFFFFFFFFFFFFFFFFFFFFFFFFFFFFFFFFFFFFFFFFFFFFFFFAE
:20324000FFFFFFFFFFFFFFFFFFFFFFFFFFFFFFFFFFFFFFFFFFFFFFFFFFFFFFFFFFFFFFFF8E
:20326000FFFFFFFFFFFFFFFFFFFFFFFFFFFFFFFFFFFFFFFFFFFFFFFFFFFFFFFFFFFFFFFF6E
:20328000FFFFFFFFFFFFFFFFFFFFFFFFFFFFFFFFFFFFFFFFFFFFFFFFFFFFFFFFFFFFFFFF4E
:2032A000FFFFFFFFFFFFFFFFFFFFFFFFFFFFFFFFFFFFFFFFFFFFFFFFFFFFFFFFFFFFFFFF2E
:2032C000FFFFFFFFFFFFFFFFFFFFFFFFFFFFFFFFFFFFFFFFFFFFFFFFFFFFFFFFFFFFFFFF0E
:2032E000FFFFFFFFFFFFFFFFFFFFFFFFFFFFFFFFFFFFFFFFFFFFFFFFFFFFFFFFFFFFFFFFEE
:20330000FFFFFFFFFFFFFFFFFFFFFFFFFFFFFFFFFFFFFFFFFFFFFFFFFFFFFFFFFFFFFFFFCD
:20332000FFFFFFFFFFFFFFFFFFFFFFFFFFFFFFFFFFFFFFFFFFFFFFFFFFFFFFFFFFFFFFFFAD
:20334000FFFFFFFFFFFFFFFFFFFFFFFFFFFFFFFFFFFFFFFFFFFFFFFFFFFFFFFFFFFFFFFF8D
:20336000FFFFFFFFFFFFFFFFFFFFFFFFFFFFFFFFFFFFFFFFFFFFFFFFFFFFFFFFFFFFFFFF6D
:20338000FFFFFFFFFFFFFFFFFFFFFFFFFFFFFFFFFFFFFFFFFFFFFFFFFFFFFFFFFFFFFFFF4D
:2033A000FFFFFFFFFFFFFFFFFFFFFFFFFFFFFFFFFFFFFFFFFFFFFFFFFFFFFFFFFFFFFFFF2D
:2033C000FFFFFFFFFFFFFFFFFFFFFFFFFFFFFFFFFFFFFFFFFFFFFFFFFFFFFFFFFFFFFFFF0D
:2033E000FFFFFFFFFFFFFFFFFFFFFFFFFFFFFFFFFFFFFFFFFFFFFFFFFFFFFFFFFFFFFFFFED
:20340000FFFFFFFFFFFFFFFFFFFFFFFFFFFFFFFFFFFFFFFFFFFFFFFFFFFFFFFFFFFFFFFFCC
:20342000FFFFFFFFFFFFFFFFFFFFFFFFFFFFFFFFFFFFFFFFFFFFFFFFFFFFFFFFFFFFFFFFAC
:20344000FFFFFFFFFFFFFFFFFFFFFFFFFFFFFFFFFFFFFFFFFFFFFFFFFFFFFFFFFFFFFFFF8C
:20346000FFFFFFFFFFFFFFFFFFFFFFFFFFFFFFFFFFFFFFFFFFFFFFFFFFFFFFFFFFFFFFFF6C
:20348000FFFFFFFFFFFFFFFFFFFFFFFFFFFFFFFFFFFFFFFFFFFFFFFFFFFFFFFFFFFFFFFF4C
:2034A000FFFFFFFFFFFFFFFFFFFFFFFFFFFFFFFFFFFFFFFFFFFFFFFFFFFFFFFFFFFFFFFF2C
:2034C000FFFFFFFFFFFFFFFFFFFFFFFFFFFFFFFFFFFFFFFFFFFFFFFFFFFFFFFFFFFFFFFF0C
:2034E000FFFFFFFFFFFFFFFFFFFFFFFFFFFFFFFFFFFFFFFFFFFFFFFFFFFFFFFFFFFFFFFFEC
:20350000FFFFFFFFFFFFFFFFFFFFFFFFFFFFFFFFFFFFFFFFFFFFFFFFFFFFFFFFFFFFFFFFCB
:20352000FFFFFFFFFFFFFFFFFFFFFFFFFFFFFFFFFFFFFFFFFFFFFFFFFFFFFFFFFFFFFFFFAB
:20354000FFFFFFFFFFFFFFFFFFFFFFFFFFFFFFFFFFFFFFFFFFFFFFFFFFFFFFFFFFFFFFFF8B
:20356000FFFFFFFFFFFFFFFFFFFFFFFFFFFFFFFFFFFFFFFFFFFFFFFFFFFFFFFFFFFFFFFF6B
:20358000FFFFFFFFFFFFFFFFFFFFFFFFFFFFFFFFFFFFFFFFFFFFFFFFFFFFFFFFFFFFFFFF4B
:2035A000FFFFFFFFFFFFFFFFFFFFFFFFFFFFFFFFFFFFFFFFFFFFFFFFFFFFFFFFFFFFFFFF2B
:2035C000FFFFFFFFFFFFFFFFFFFFFFFFFFFFFFFFFFFFFFFFFFFFFFFFFFFFFFFFFFFFFFFF0B
:2035E000FFFFFFFFFFFFFFFFFFFFFFFFFFFFFFFFFFFFFFFFFFFFFFFFFFFFFFFFFFFFFFFFEB
:20360000FFFFFFFFFFFFFFFFFFFFFFFFFFFFFFFFFFFFFFFFFFFFFFFFFFFFFFFFFFFFFFFFCA
:20362000FFFFFFFFFFFFFFFFFFFFFFFFFFFFFFFFFFFFFFFFFFFFFFFFFFFFFFFFFFFFFFFFAA
:20364000FFFFFFFFFFFFFFFFFFFFFFFFFFFFFFFFFFFFFFFFFFFFFFFFFFFFFFFFFFFFFFFF8A
:20366000FFFFFFFFFFFFFFFFFFFFFFFFFFFFFFFFFFFFFFFFFFFFFFFFFFFFFFFFFFFFFFFF6A
:20368000FFFFFFFFFFFFFFFFFFFFFFFFFFFFFFFFFFFFFFFFFFFFFFFFFFFFFFFFFFFFFFFF4A
:2036A000FFFFFFFFFFFFFFFFFFFFFFFFFFFFFFFFFFFFFFFFFFFFFFFFFFFFFFFFFFFFFFFF2A
:2036C000FFFFFFFFFFFFFFFFFFFFFFFFFFFFFFFFFFFFFFFFFFFFFFFFFFFFFFFFFFFFFFFF0A
:2036E000FFFFFFFFFFFFFFFFFFFFFFFFFFFFFFFFFFFFFFFFFFFFFFFFFFFFFFFFFFFFFFFFEA
:20370000FFFFFFFFFFFFFFFFFFFFFFFFFFFFFFFFFFFFFFFFFFFFFFFFFFFFFFFFFFFFFFFFC9
:20372000FFFFFFFFFFFFFFFFFFFFFFFFFFFFFFFFFFFFFFFFFFFFFFFFFFFFFFFFFFFFFFFFA9
:20374000FFFFFFFFFFFFFFFFFFFFFFFFFFFFFFFFFFFFFFFFFFFFFFFFFFFFFFFFFFFFFFFF89
:20376000FFFFFFFFFFFFFFFFFFFFFFFFFFFFFFFFFFFFFFFFFFFFFFFFFFFFFFFFFFFFFFFF69
:20378000FFFFFFFFFFFFFFFFFFFFFFFFFFFFFFFFFFFFFFFFFFFFFFFFFFFFFFFFFFFFFFFF49
:2037A000FFFFFFFFFFFFFFFFFFFFFFFFFFFFFFFFFFFFFFFFFFFFFFFFFFFFFFFFFFFFFFFF29
:2037C000FFFFFFFFFFFFFFFFFFFFFFFFFFFFFFFFFFFFFFFFFFFFFFFFFFFFFFFFFFFFFFFF09
:2037E000FFFFFFFFFFFFFFFFFFFFFFFFFFFFFFFFFFFFFFFFFFFFFFFFFFFFFFFFFFFFFFFFE9
:20380000FFFFFFFFFFFFFFFFFFFFFFFFFFFFFFFFFFFFFFFFFFFFFFFFFFFFFFFFFFFFFFFFC8
:20382000FFFFFFFFFFFFFFFFFFFFFFFFFFFFFFFFFFFFFFFFFFFFFFFFFFFFFFFFFFFFFFFFA8
:20384000FFFFFFFFFFFFFFFFFFFFFFFFFFFFFFFFFFFFFFFFFFFFFFFFFFFFFFFFFFFFFFFF88
:20386000FFFFFFFFFFFFFFFFFFFFFFFFFFFFFFFFFFFFFFFFFFFFFFFFFFFFFFFFFFFFFFFF68
:20388000FFFFFFFFFFFFFFFFFFFFFFFFFFFFFFFFFFFFFFFFFFFFFFFFFFFFFFFFFFFFFFFF48
:2038A000FFFFFFFFFFFFFFFFFFFFFFFFFFFFFFFFFFFFFFFFFFFFFFFFFFFFFFFFFFFFFFFF28
:2038C000FFFFFFFFFFFFFFFFFFFFFFFFFFFFFFFFFFFFFFFFFFFFFFFFFFFFFFFFFFFFFFFF08
:2038E000FFFFFFFFFFFFFFFFFFFFFFFFFFFFFFFFFFFFFFFFFFFFFFFFFFFFFFFFFFFFFFFFE8
:20390000FFFFFFFFFFFFFFFFFFFFFFFFFFFFFFFFFFFFFFFFFFFFFFFFFFFFFFFFFFFFFFFFC7
:20392000FFFFFFFFFFFFFFFFFFFFFFFFFFFFFFFFFFFFFFFFFFFFFFFFFFFFFFFFFFFFFFFFA7
:20394000FFFFFFFFFFFFFFFFFFFFFFFFFFFFFFFFFFFFFFFFFFFFFFFFFFFFFFFFFFFFFFFF87
:20396000FFFFFFFFFFFFFFFFFFFFFFFFFFFFFFFFFFFFFFFFFFFFFFFFFFFFFFFFFFFFFFFF67
:20398000FFFFFFFFFFFFFFFFFFFFFFFFFFFFFFFFFFFFFFFFFFFFFFFFFFFFFFFFFFFFFFFF47
:2039A000FFFFFFFFFFFFFFFFFFFFFFFFFFFFFFFFFFFFFFFFFFFFFFFFFFFFFFFFFFFFFFFF27
:2039C000FFFFFFFFFFFFFFFFFFFFFFFFFFFFFFFFFFFFFFFFFFFFFFFFFFFFFFFFFFFFFFFF07
:2039E000FFFFFFFFFFFFFFFFFFFFFFFFFFFFFFFFFFFFFFFFFFFFFFFFFFFFFFFFFFFFFFFFE7
:203A0000FFFFFFFFFFFFFFFFFFFFFFFFFFFFFFFFFFFFFFFFFFFFFFFFFFFFFFFFFFFFFFFFC6
:203A2000FFFFFFFFFFFFFFFFFFFFFFFFFFFFFFFFFFFFFFFFFFFFFFFFFFFFFFFFFFFFFFFFA6
:203A4000FFFFFFFFFFFFFFFFFFFFFFFFFFFFFFFFFFFFFFFFFFFFFFFFFFFFFFFFFFFFFFFF86
:203A6000FFFFFFFFFFFFFFFFFFFFFFFFFFFFFFFFFFFFFFFFFFFFFFFFFFFFFFFFFFFFFFFF66
:203A8000FFFFFFFFFFFFFFFFFFFFFFFFFFFFFFFFFFFFFFFFFFFFFFFFFFFFFFFFFFFFFFFF46
:203AA000FFFFFFFFFFFFFFFFFFFFFFFFFFFFFFFFFFFFFFFFFFFFFFFFFFFFFFFFFFFFFFFF26
:203AC000FFFFFFFFFFFFFFFFFFFFFFFFFFFFFFFFFFFFFFFFFFFFFFFFFFFFFFFFFFFFFFFF06
:203AE000FFFFFFFFFFFFFFFFFFFFFFFFFFFFFFFFFFFFFFFFFFFFFFFFFFFFFFFFFFFFFFFFE6
:203B0000FFFFFFFFFFFFFFFFFFFFFFFFFFFFFFFFFFFFFFFFFFFFFFFFFFFFFFFFFFFFFFFFC5
:203B2000FFFFFFFFFFFFFFFFFFFFFFFFFFFFFFFFFFFFFFFFFFFFFFFFFFFFFFFFFFFFFFFFA5
:203B4000FFFFFFFFFFFFFFFFFFFFFFFFFFFFFFFFFFFFFFFFFFFFFFFFFFFFFFFFFFFFFFFF85
:203B6000FFFFFFFFFFFFFFFFFFFFFFFFFFFFFFFFFFFFFFFFFFFFFFFFFFFFFFFFFFFFFFFF65
:203B8000FFFFFFFFFFFFFFFFFFFFFFFFFFFFFFFFFFFFFFFFFFFFFFFFFFFFFFFFFFFFFFFF45
:203BA000FFFFFFFFFFFFFFFFFFFFFFFFFFFFFFFFFFFFFFFFFFFFFFFFFFFFFFFFFFFFFFFF25
:203BC000FFFFFFFFFFFFFFFFFFFFFFFFFFFFFFFFFFFFFFFFFFFFFFFFFFFFFFFFFFFFFFFF05
:203BE000FFFFFFFFFFFFFFFFFFFFFFFFFFFFFFFFFFFFFFFFFFFFFFFFFFFFFFFFFFFFFFFFE5
:203C0000FFFFFFFFFFFFFFFFFFFFFFFFFFFFFFFFFFFFFFFFFFFFFFFFFFFFFFFFFFFFFFFFC4
:203C2000FFFFFFFFFFFFFFFFFFFFFFFFFFFFFFFFFFFFFFFFFFFFFFFFFFFFFFFFFFFFFFFFA4
:203C4000FFFFFFFFFFFFFFFFFFFFFFFFFFFFFFFFFFFFFFFFFFFFFFFFFFFFFFFFFFFFFFFF84
:203C6000FFFFFFFFFFFFFFFFFFFFFFFFFFFFFFFFFFFFFFFFFFFFFFFFFFFFFFFFFFFFFFFF64
:203C8000FFFFFFFFFFFFFFFFFFFFFFFFFFFFFFFFFFFFFFFFFFFFFFFFFFFFFFFFFFFFFFFF44
:203CA000FFFFFFFFFFFFFFFFFFFFFFFFFFFFFFFFFFFFFFFFFFFFFFFFFFFFFFFFFFFFFFFF24
:203CC000FFFFFFFFFFFFFFFFFFFFFFFFFFFFFFFFFFFFFFFFFFFFFFFFFFFFFFFFFFFFFFFF04
:203CE000FFFFFFFFFFFFFFFFFFFFFFFFFFFFFFFFFFFFFFFFFFFFFFFFFFFFFFFFFFFFFFFFE4
:203D0000FFFFFFFFFFFFFFFFFFFFFFFFFFFFFFFFFFFFFFFFFFFFFFFFFFFFFFFFFFFFFFFFC3
:203D2000FFFFFFFFFFFFFFFFFFFFFFFFFFFFFFFFFFFFFFFFFFFFFFFFFFFFFFFFFFFFFFFFA3
:203D4000FFFFFFFFFFFFFFFFFFFFFFFFFFFFFFFFFFFFFFFFFFFFFFFFFFFFFFFFFFFFFFFF83
:203D6000FFFFFFFFFFFFFFFFFFFFFFFFFFFFFFFFFFFFFFFFFFFFFFFFFFFFFFFFFFFFFFFF63
:203D8000FFFFFFFFFFFFFFFFFFFFFFFFFFFFFFFFFFFFFFFFFFFFFFFFFFFFFFFFFFFFFFFF43
:203DA000FFFFFFFFFFFFFFFFFFFFFFFFFFFFFFFFFFFFFFFFFFFFFFFFFFFFFFFFFFFFFFFF23
:203DC000FFFFFFFFFFFFFFFFFFFFFFFFFFFFFFFFFFFFFFFFFFFFFFFFFFFFFFFFFFFFFFFF03
:203DE000FFFFFFFFFFFFFFFFFFFFFFFFFFFFFFFFFFFFFFFFFFFFFFFFFFFFFFFFFFFFFFFFE3
:203E0000FFFFFFFFFFFFFFFFFFFFFFFFFFFFFFFFFFFFFFFFFFFFFFFFFFFFFFFFFFFFFFFFC2
:203E2000FFFFFFFFFFFFFFFFFFFFFFFFFFFFFFFFFFFFFFFFFFFFFFFFFFFFFFFFFFFFFFFFA2
:203E4000FFFFFFFFFFFFFFFFFFFFFFFFFFFFFFFFFFFFFFFFFFFFFFFFFFFFFFFFFFFFFFFF82
:203E6000FFFFFFFFFFFFFFFFFFFFFFFFFFFFFFFFFFFFFFFFFFFFFFFFFFFFFFFFFFFFFFFF62
:203E8000FFFFFFFFFFFFFFFFFFFFFFFFFFFFFFFFFFFFFFFFFFFFFFFFFFFFFFFFFFFFFFFF42
:203EA000FFFFFFFFFFFFFFFFFFFFFFFFFFFFFFFFFFFFFFFFFFFFFFFFFFFFFFFFFFFFFFFF22
:203EC000FFFFFFFFFFFFFFFFFFFFFFFFFFFFFFFFFFFFFFFFFFFFFFFFFFFFFFFFFFFFFFFF02
:203EE000FFFFFFFFFFFFFFFFFFFFFFFFFFFFFFFFFFFFFFFFFFFFFFFFFFFFFFFFFFFFFFFFE2
:203F0000FFFFFFFFFFFFFFFFFFFFFFFFFFFFFFFFFFFFFFFFFFFFFFFFFFFFFFFFFFFFFFFFC1
:203F2000FFFFFFFFFFFFFFFFFFFFFFFFFFFFFFFFFFFFFFFFFFFFFFFFFFFFFFFFFFFFFFFFA1
:203F4000FFFFFFFFFFFFFFFFFFFFFFFFFFFFFFFFFFFFFFFFFFFFFFFFFFFFFFFFFFFFFFFF81
:203F6000FFFFFFFFFFFFFFFFFFFFFFFFFFFFFFFFFFFFFFFFFFFFFFFFFFFFFFFFFFFFFFFF61
:203F8000FFFFFFFFFFFFFFFFFFFFFFFFFFFFFFFFFFFFFFFFFFFFFFFFFFFFFFFFFFFFFFFF41
:203FA000FFFFFFFFFFFFFFFFFFFFFFFFFFFFFFFFFFFFFFFFFFFFFFFFFFFFFFFFFFFFFFFF21
:203FC000FFFFFFFFFFFFFFFFFFFFFFFFFFFFFFFFFFFFFFFFFFFFFFFFFFFFFFFFFFFFFFFF01
:203FE000FFFFFFFFFFFFFFFFFFFFFFFFFFFFFFFFFFFFFFFFFFFFFFFFFFFFFFFFFFFFFFFFE1
:20400000FFFFFFFFFFFFFFFFFFFFFFFFFFFFFFFFFFFFFFFFFFFFFFFFFFFFFFFFFFFFFFFFC0
:20402000FFFFFFFFFFFFFFFFFFFFFFFFFFFFFFFFFFFFFFFFFFFFFFFFFFFFFFFFFFFFFFFFA0
:20404000FFFFFFFFFFFFFFFFFFFFFFFFFFFFFFFFFFFFFFFFFFFFFFFFFFFFFFFFFFFFFFFF80
:20406000FFFFFFFFFFFFFFFFFFFFFFFFFFFFFFFFFFFFFFFFFFFFFFFFFFFFFFFFFFFFFFFF60
:20408000FFFFFFFFFFFFFFFFFFFFFFFFFFFFFFFFFFFFFFFFFFFFFFFFFFFFFFFFFFFFFFFF40
:2040A000FFFFFFFFFFFFFFFFFFFFFFFFFFFFFFFFFFFFFFFFFFFFFFFFFFFFFFFFFFFFFFFF20
:2040C000FFFFFFFFFFFFFFFFFFFFFFFFFFFFFFFFFFFFFFFFFFFFFFFFFFFFFFFFFFFFFFFF00
:2040E000FFFFFFFFFFFFFFFFFFFFFFFFFFFFFFFFFFFFFFFFFFFFFFFFFFFFFFFFFFFFFFFFE0
:20410000FFFFFFFFFFFFFFFFFFFFFFFFFFFFFFFFFFFFFFFFFFFFFFFFFFFFFFFFFFFFFFFFBF
:20412000FFFFFFFFFFFFFFFFFFFFFFFFFFFFFFFFFFFFFFFFFFFFFFFFFFFFFFFFFFFFFFFF9F
:20414000FFFFFFFFFFFFFFFFFFFFFFFFFFFFFFFFFFFFFFFFFFFFFFFFFFFFFFFFFFFFFFFF7F
:20416000FFFFFFFFFFFFFFFFFFFFFFFFFFFFFFFFFFFFFFFFFFFFFFFFFFFFFFFFFFFFFFFF5F
:20418000FFFFFFFFFFFFFFFFFFFFFFFFFFFFFFFFFFFFFFFFFFFFFFFFFFFFFFFFFFFFFFFF3F
:2041A000FFFFFFFFFFFFFFFFFFFFFFFFFFFFFFFFFFFFFFFFFFFFFFFFFFFFFFFFFFFFFFFF1F
:2041C000FFFFFFFFFFFFFFFFFFFFFFFFFFFFFFFFFFFFFFFFFFFFFFFFFFFFFFFFFFFFFFFFFF
:2041E000FFFFFFFFFFFFFFFFFFFFFFFFFFFFFFFFFFFFFFFFFFFFFFFFFFFFFFFFFFFFFFFFDF
:20420000FFFFFFFFFFFFFFFFFFFFFFFFFFFFFFFFFFFFFFFFFFFFFFFFFFFFFFFFFFFFFFFFBE
:20422000FFFFFFFFFFFFFFFFFFFFFFFFFFFFFFFFFFFFFFFFFFFFFFFFFFFFFFFFFFFFFFFF9E
:20424000FFFFFFFFFFFFFFFFFFFFFFFFFFFFFFFFFFFFFFFFFFFFFFFFFFFFFFFFFFFFFFFF7E
:20426000FFFFFFFFFFFFFFFFFFFFFFFFFFFFFFFFFFFFFFFFFFFFFFFFFFFFFFFFFFFFFFFF5E
:20428000FFFFFFFFFFFFFFFFFFFFFFFFFFFFFFFFFFFFFFFFFFFFFFFFFFFFFFFFFFFFFFFF3E
:2042A000FFFFFFFFFFFFFFFFFFFFFFFFFFFFFFFFFFFFFFFFFFFFFFFFFFFFFFFFFFFFFFFF1E
:2042C000FFFFFFFFFFFFFFFFFFFFFFFFFFFFFFFFFFFFFFFFFFFFFFFFFFFFFFFFFFFFFFFFFE
:2042E000FFFFFFFFFFFFFFFFFFFFFFFFFFFFFFFFFFFFFFFFFFFFFFFFFFFFFFFFFFFFFFFFDE
:20430000FFFFFFFFFFFFFFFFFFFFFFFFFFFFFFFFFFFFFFFFFFFFFFFFFFFFFFFFFFFFFFFFBD
:20432000FFFFFFFFFFFFFFFFFFFFFFFFFFFFFFFFFFFFFFFFFFFFFFFFFFFFFFFFFFFFFFFF9D
:20434000FFFFFFFFFFFFFFFFFFFFFFFFFFFFFFFFFFFFFFFFFFFFFFFFFFFFFFFFFFFFFFFF7D
:20436000FFFFFFFFFFFFFFFFFFFFFFFFFFFFFFFFFFFFFFFFFFFFFFFFFFFFFFFFFFFFFFFF5D
:20438000FFFFFFFFFFFFFFFFFFFFFFFFFFFFFFFFFFFFFFFFFFFFFFFFFFFFFFFFFFFFFFFF3D
:2043A000FFFFFFFFFFFFFFFFFFFFFFFFFFFFFFFFFFFFFFFFFFFFFFFFFFFFFFFFFFFFFFFF1D
:2043C000FFFFFFFFFFFFFFFFFFFFFFFFFFFFFFFFFFFFFFFFFFFFFFFFFFFFFFFFFFFFFFFFFD
:2043E000FFFFFFFFFFFFFFFFFFFFFFFFFFFFFFFFFFFFFFFFFFFFFFFFFFFFFFFFFFFFFFFFDD
:20440000FFFFFFFFFFFFFFFFFFFFFFFFFFFFFFFFFFFFFFFFFFFFFFFFFFFFFFFFFFFFFFFFBC
:20442000FFFFFFFFFFFFFFFFFFFFFFFFFFFFFFFFFFFFFFFFFFFFFFFFFFFFFFFFFFFFFFFF9C
:20444000FFFFFFFFFFFFFFFFFFFFFFFFFFFFFFFFFFFFFFFFFFFFFFFFFFFFFFFFFFFFFFFF7C
:20446000FFFFFFFFFFFFFFFFFFFFFFFFFFFFFFFFFFFFFFFFFFFFFFFFFFFFFFFFFFFFFFFF5C
:20448000FFFFFFFFFFFFFFFFFFFFFFFFFFFFFFFFFFFFFFFFFFFFFFFFFFFFFFFFFFFFFFFF3C
:2044A000FFFFFFFFFFFFFFFFFFFFFFFFFFFFFFFFFFFFFFFFFFFFFFFFFFFFFFFFFFFFFFFF1C
:2044C000FFFFFFFFFFFFFFFFFFFFFFFFFFFFFFFFFFFFFFFFFFFFFFFFFFFFFFFFFFFFFFFFFC
:2044E000FFFFFFFFFFFFFFFFFFFFFFFFFFFFFFFFFFFFFFFFFFFFFFFFFFFFFFFFFFFFFFFFDC
:20450000FFFFFFFFFFFFFFFFFFFFFFFFFFFFFFFFFFFFFFFFFFFFFFFFFFFFFFFFFFFFFFFFBB
:20452000FFFFFFFFFFFFFFFFFFFFFFFFFFFFFFFFFFFFFFFFFFFFFFFFFFFFFFFFFFFFFFFF9B
:20454000FFFFFFFFFFFFFFFFFFFFFFFFFFFFFFFFFFFFFFFFFFFFFFFFFFFFFFFFFFFFFFFF7B
:20456000FFFFFFFFFFFFFFFFFFFFFFFFFFFFFFFFFFFFFFFFFFFFFFFFFFFFFFFFFFFFFFFF5B
:20458000FFFFFFFFFFFFFFFFFFFFFFFFFFFFFFFFFFFFFFFFFFFFFFFFFFFFFFFFFFFFFFFF3B
:2045A000FFFFFFFFFFFFFFFFFFFFFFFFFFFFFFFFFFFFFFFFFFFFFFFFFFFFFFFFFFFFFFFF1B
:2045C000FFFFFFFFFFFFFFFFFFFFFFFFFFFFFFFFFFFFFFFFFFFFFFFFFFFFFFFFFFFFFFFFFB
:2045E000FFFFFFFFFFFFFFFFFFFFFFFFFFFFFFFFFFFFFFFFFFFFFFFFFFFFFFFFFFFFFFFFDB
:20460000FFFFFFFFFFFFFFFFFFFFFFFFFFFFFFFFFFFFFFFFFFFFFFFFFFFFFFFFFFFFFFFFBA
:20462000FFFFFFFFFFFFFFFFFFFFFFFFFFFFFFFFFFFFFFFFFFFFFFFFFFFFFFFFFFFFFFFF9A
:20464000FFFFFFFFFFFFFFFFFFFFFFFFFFFFFFFFFFFFFFFFFFFFFFFFFFFFFFFFFFFFFFFF7A
:20466000FFFFFFFFFFFFFFFFFFFFFFFFFFFFFFFFFFFFFFFFFFFFFFFFFFFFFFFFFFFFFFFF5A
:20468000FFFFFFFFFFFFFFFFFFFFFFFFFFFFFFFFFFFFFFFFFFFFFFFFFFFFFFFFFFFFFFFF3A
:2046A000FFFFFFFFFFFFFFFFFFFFFFFFFFFFFFFFFFFFFFFFFFFFFFFFFFFFFFFFFFFFFFFF1A
:2046C000FFFFFFFFFFFFFFFFFFFFFFFFFFFFFFFFFFFFFFFFFFFFFFFFFFFFFFFFFFFFFFFFFA
:2046E000FFFFFFFFFFFFFFFFFFFFFFFFFFFFFFFFFFFFFFFFFFFFFFFFFFFFFFFFFFFFFFFFDA
:20470000FFFFFFFFFFFFFFFFFFFFFFFFFFFFFFFFFFFFFFFFFFFFFFFFFFFFFFFFFFFFFFFFB9
:20472000FFFFFFFFFFFFFFFFFFFFFFFFFFFFFFFFFFFFFFFFFFFFFFFFFFFFFFFFFFFFFFFF99
:20474000FFFFFFFFFFFFFFFFFFFFFFFFFFFFFFFFFFFFFFFFFFFFFFFFFFFFFFFFFFFFFFFF79
:20476000FFFFFFFFFFFFFFFFFFFFFFFFFFFFFFFFFFFFFFFFFFFFFFFFFFFFFFFFFFFFFFFF59
:20478000FFFFFFFFFFFFFFFFFFFFFFFFFFFFFFFFFFFFFFFFFFFFFFFFFFFFFFFFFFFFFFFF39
:2047A000FFFFFFFFFFFFFFFFFFFFFFFFFFFFFFFFFFFFFFFFFFFFFFFFFFFFFFFFFFFFFFFF19
:2047C000FFFFFFFFFFFFFFFFFFFFFFFFFFFFFFFFFFFFFFFFFFFFFFFFFFFFFFFFFFFFFFFFF9
:2047E000FFFFFFFFFFFFFFFFFFFFFFFFFFFFFFFFFFFFFFFFFFFFFFFFFFFFFFFFFFFFFFFFD9
:20480000FFFFFFFFFFFFFFFFFFFFFFFFFFFFFFFFFFFFFFFFFFFFFFFFFFFFFFFFFFFFFFFFB8
:20482000FFFFFFFFFFFFFFFFFFFFFFFFFFFFFFFFFFFFFFFFFFFFFFFFFFFFFFFFFFFFFFFF98
:20484000FFFFFFFFFFFFFFFFFFFFFFFFFFFFFFFFFFFFFFFFFFFFFFFFFFFFFFFFFFFFFFFF78
:20486000FFFFFFFFFFFFFFFFFFFFFFFFFFFFFFFFFFFFFFFFFFFFFFFFFFFFFFFFFFFFFFFF58
:20488000FFFFFFFFFFFFFFFFFFFFFFFFFFFFFFFFFFFFFFFFFFFFFFFFFFFFFFFFFFFFFFFF38
:2048A000FFFFFFFFFFFFFFFFFFFFFFFFFFFFFFFFFFFFFFFFFFFFFFFFFFFFFFFFFFFFFFFF18
:2048C000FFFFFFFFFFFFFFFFFFFFFFFFFFFFFFFFFFFFFFFFFFFFFFFFFFFFFFFFFFFFFFFFF8
:2048E000FFFFFFFFFFFFFFFFFFFFFFFFFFFFFFFFFFFFFFFFFFFFFFFFFFFFFFFFFFFFFFFFD8
:20490000FFFFFFFFFFFFFFFFFFFFFFFFFFFFFFFFFFFFFFFFFFFFFFFFFFFFFFFFFFFFFFFFB7
:20492000FFFFFFFFFFFFFFFFFFFFFFFFFFFFFFFFFFFFFFFFFFFFFFFFFFFFFFFFFFFFFFFF97
:20494000FFFFFFFFFFFFFFFFFFFFFFFFFFFFFFFFFFFFFFFFFFFFFFFFFFFFFFFFFFFFFFFF77
:20496000FFFFFFFFFFFFFFFFFFFFFFFFFFFFFFFFFFFFFFFFFFFFFFFFFFFFFFFFFFFFFFFF57
:20498000FFFFFFFFFFFFFFFFFFFFFFFFFFFFFFFFFFFFFFFFFFFFFFFFFFFFFFFFFFFFFFFF37
:2049A000FFFFFFFFFFFFFFFFFFFFFFFFFFFFFFFFFFFFFFFFFFFFFFFFFFFFFFFFFFFFFFFF17
:2049C000FFFFFFFFFFFFFFFFFFFFFFFFFFFFFFFFFFFFFFFFFFFFFFFFFFFFFFFFFFFFFFFFF7
:2049E000FFFFFFFFFFFFFFFFFFFFFFFFFFFFFFFFFFFFFFFFFFFFFFFFFFFFFFFFFFFFFFFFD7
:204A0000FFFFFFFFFFFFFFFFFFFFFFFFFFFFFFFFFFFFFFFFFFFFFFFFFFFFFFFFFFFFFFFFB6
:204A2000FFFFFFFFFFFFFFFFFFFFFFFFFFFFFFFFFFFFFFFFFFFFFFFFFFFFFFFFFFFFFFFF96
:204A4000FFFFFFFFFFFFFFFFFFFFFFFFFFFFFFFFFFFFFFFFFFFFFFFFFFFFFFFFFFFFFFFF76
:204A6000FFFFFFFFFFFFFFFFFFFFFFFFFFFFFFFFFFFFFFFFFFFFFFFFFFFFFFFFFFFFFFFF56
:204A8000FFFFFFFFFFFFFFFFFFFFFFFFFFFFFFFFFFFFFFFFFFFFFFFFFFFFFFFFFFFFFFFF36
:204AA000FFFFFFFFFFFFFFFFFFFFFFFFFFFFFFFFFFFFFFFFFFFFFFFFFFFFFFFFFFFFFFFF16
:204AC000FFFFFFFFFFFFFFFFFFFFFFFFFFFFFFFFFFFFFFFFFFFFFFFFFFFFFFFFFFFFFFFFF6
:204AE000FFFFFFFFFFFFFFFFFFFFFFFFFFFFFFFFFFFFFFFFFFFFFFFFFFFFFFFFFFFFFFFFD6
:204B0000FFFFFFFFFFFFFFFFFFFFFFFFFFFFFFFFFFFFFFFFFFFFFFFFFFFFFFFFFFFFFFFFB5
:204B2000FFFFFFFFFFFFFFFFFFFFFFFFFFFFFFFFFFFFFFFFFFFFFFFFFFFFFFFFFFFFFFFF95
:204B4000FFFFFFFFFFFFFFFFFFFFFFFFFFFFFFFFFFFFFFFFFFFFFFFFFFFFFFFFFFFFFFFF75
:204B6000FFFFFFFFFFFFFFFFFFFFFFFFFFFFFFFFFFFFFFFFFFFFFFFFFFFFFFFFFFFFFFFF55
:204B8000FFFFFFFFFFFFFFFFFFFFFFFFFFFFFFFFFFFFFFFFFFFFFFFFFFFFFFFFFFFFFFFF35
:204BA000FFFFFFFFFFFFFFFFFFFFFFFFFFFFFFFFFFFFFFFFFFFFFFFFFFFFFFFFFFFFFFFF15
:204BC000FFFFFFFFFFFFFFFFFFFFFFFFFFFFFFFFFFFFFFFFFFFFFFFFFFFFFFFFFFFFFFFFF5
:204BE000FFFFFFFFFFFFFFFFFFFFFFFFFFFFFFFFFFFFFFFFFFFFFFFFFFFFFFFFFFFFFFFFD5
:204C0000FFFFFFFFFFFFFFFFFFFFFFFFFFFFFFFFFFFFFFFFFFFFFFFFFFFFFFFFFFFFFFFFB4
:204C2000FFFFFFFFFFFFFFFFFFFFFFFFFFFFFFFFFFFFFFFFFFFFFFFFFFFFFFFFFFFFFFFF94
:204C4000FFFFFFFFFFFFFFFFFFFFFFFFFFFFFFFFFFFFFFFFFFFFFFFFFFFFFFFFFFFFFFFF74
:204C6000FFFFFFFFFFFFFFFFFFFFFFFFFFFFFFFFFFFFFFFFFFFFFFFFFFFFFFFFFFFFFFFF54
:204C8000FFFFFFFFFFFFFFFFFFFFFFFFFFFFFFFFFFFFFFFFFFFFFFFFFFFFFFFFFFFFFFFF34
:204CA000FFFFFFFFFFFFFFFFFFFFFFFFFFFFFFFFFFFFFFFFFFFFFFFFFFFFFFFFFFFFFFFF14
:204CC000FFFFFFFFFFFFFFFFFFFFFFFFFFFFFFFFFFFFFFFFFFFFFFFFFFFFFFFFFFFFFFFFF4
:204CE000FFFFFFFFFFFFFFFFFFFFFFFFFFFFFFFFFFFFFFFFFFFFFFFFFFFFFFFFFFFFFFFFD4
:204D0000FFFFFFFFFFFFFFFFFFFFFFFFFFFFFFFFFFFFFFFFFFFFFFFFFFFFFFFFFFFFFFFFB3
:204D2000FFFFFFFFFFFFFFFFFFFFFFFFFFFFFFFFFFFFFFFFFFFFFFFFFFFFFFFFFFFFFFFF93
:204D4000FFFFFFFFFFFFFFFFFFFFFFFFFFFFFFFFFFFFFFFFFFFFFFFFFFFFFFFFFFFFFFFF73
:204D6000FFFFFFFFFFFFFFFFFFFFFFFFFFFFFFFFFFFFFFFFFFFFFFFFFFFFFFFFFFFFFFFF53
:204D8000FFFFFFFFFFFFFFFFFFFFFFFFFFFFFFFFFFFFFFFFFFFFFFFFFFFFFFFFFFFFFFFF33
:204DA000FFFFFFFFFFFFFFFFFFFFFFFFFFFFFFFFFFFFFFFFFFFFFFFFFFFFFFFFFFFFFFFF13
:204DC000FFFFFFFFFFFFFFFFFFFFFFFFFFFFFFFFFFFFFFFFFFFFFFFFFFFFFFFFFFFFFFFFF3
:204DE000FFFFFFFFFFFFFFFFFFFFFFFFFFFFFFFFFFFFFFFFFFFFFFFFFFFFFFFFFFFFFFFFD3
:204E0000FFFFFFFFFFFFFFFFFFFFFFFFFFFFFFFFFFFFFFFFFFFFFFFFFFFFFFFFFFFFFFFFB2
:204E2000FFFFFFFFFFFFFFFFFFFFFFFFFFFFFFFFFFFFFFFFFFFFFFFFFFFFFFFFFFFFFFFF92
:204E4000FFFFFFFFFFFFFFFFFFFFFFFFFFFFFFFFFFFFFFFFFFFFFFFFFFFFFFFFFFFFFFFF72
:204E6000FFFFFFFFFFFFFFFFFFFFFFFFFFFFFFFFFFFFFFFFFFFFFFFFFFFFFFFFFFFFFFFF52
:204E8000FFFFFFFFFFFFFFFFFFFFFFFFFFFFFFFFFFFFFFFFFFFFFFFFFFFFFFFFFFFFFFFF32
:204EA000FFFFFFFFFFFFFFFFFFFFFFFFFFFFFFFFFFFFFFFFFFFFFFFFFFFFFFFFFFFFFFFF12
:204EC000FFFFFFFFFFFFFFFFFFFFFFFFFFFFFFFFFFFFFFFFFFFFFFFFFFFFFFFFFFFFFFFFF2
:204EE000FFFFFFFFFFFFFFFFFFFFFFFFFFFFFFFFFFFFFFFFFFFFFFFFFFFFFFFFFFFFFFFFD2
:204F0000FFFFFFFFFFFFFFFFFFFFFFFFFFFFFFFFFFFFFFFFFFFFFFFFFFFFFFFFFFFFFFFFB1
:204F2000FFFFFFFFFFFFFFFFFFFFFFFFFFFFFFFFFFFFFFFFFFFFFFFFFFFFFFFFFFFFFFFF91
:204F4000FFFFFFFFFFFFFFFFFFFFFFFFFFFFFFFFFFFFFFFFFFFFFFFFFFFFFFFFFFFFFFFF71
:204F6000FFFFFFFFFFFFFFFFFFFFFFFFFFFFFFFFFFFFFFFFFFFFFFFFFFFFFFFFFFFFFFFF51
:204F8000FFFFFFFFFFFFFFFFFFFFFFFFFFFFFFFFFFFFFFFFFFFFFFFFFFFFFFFFFFFFFFFF31
:204FA000FFFFFFFFFFFFFFFFFFFFFFFFFFFFFFFFFFFFFFFFFFFFFFFFFFFFFFFFFFFFFFFF11
:204FC000FFFFFFFFFFFFFFFFFFFFFFFFFFFFFFFFFFFFFFFFFFFFFFFFFFFFFFFFFFFFFFFFF1
:204FE000FFFFFFFFFFFFFFFFFFFFFFFFFFFFFFFFFFFFFFFFFFFFFFFFFFFFFFFFFFFFFFFFD1
:20500000FFFFFFFFFFFFFFFFFFFFFFFFFFFFFFFFFFFFFFFFFFFFFFFFFFFFFFFFFFFFFFFFB0
:20502000FFFFFFFFFFFFFFFFFFFFFFFFFFFFFFFFFFFFFFFFFFFFFFFFFFFFFFFFFFFFFFFF90
:20504000FFFFFFFFFFFFFFFFFFFFFFFFFFFFFFFFFFFFFFFFFFFFFFFFFFFFFFFFFFFFFFFF70
:20506000FFFFFFFFFFFFFFFFFFFFFFFFFFFFFFFFFFFFFFFFFFFFFFFFFFFFFFFFFFFFFFFF50
:20508000FFFFFFFFFFFFFFFFFFFFFFFFFFFFFFFFFFFFFFFFFFFFFFFFFFFFFFFFFFFFFFFF30
:2050A000FFFFFFFFFFFFFFFFFFFFFFFFFFFFFFFFFFFFFFFFFFFFFFFFFFFFFFFFFFFFFFFF10
:2050C000FFFFFFFFFFFFFFFFFFFFFFFFFFFFFFFFFFFFFFFFFFFFFFFFFFFFFFFFFFFFFFFFF0
:2050E000FFFFFFFFFFFFFFFFFFFFFFFFFFFFFFFFFFFFFFFFFFFFFFFFFFFFFFFFFFFFFFFFD0
:20510000FFFFFFFFFFFFFFFFFFFFFFFFFFFFFFFFFFFFFFFFFFFFFFFFFFFFFFFFFFFFFFFFAF
:20512000FFFFFFFFFFFFFFFFFFFFFFFFFFFFFFFFFFFFFFFFFFFFFFFFFFFFFFFFFFFFFFFF8F
:20514000FFFFFFFFFFFFFFFFFFFFFFFFFFFFFFFFFFFFFFFFFFFFFFFFFFFFFFFFFFFFFFFF6F
:20516000FFFFFFFFFFFFFFFFFFFFFFFFFFFFFFFFFFFFFFFFFFFFFFFFFFFFFFFFFFFFFFFF4F
:20518000FFFFFFFFFFFFFFFFFFFFFFFFFFFFFFFFFFFFFFFFFFFFFFFFFFFFFFFFFFFFFFFF2F
:2051A000FFFFFFFFFFFFFFFFFFFFFFFFFFFFFFFFFFFFFFFFFFFFFFFFFFFFFFFFFFFFFFFF0F
:2051C000FFFFFFFFFFFFFFFFFFFFFFFFFFFFFFFFFFFFFFFFFFFFFFFFFFFFFFFFFFFFFFFFEF
:2051E000FFFFFFFFFFFFFFFFFFFFFFFFFFFFFFFFFFFFFFFFFFFFFFFFFFFFFFFFFFFFFFFFCF
:20520000FFFFFFFFFFFFFFFFFFFFFFFFFFFFFFFFFFFFFFFFFFFFFFFFFFFFFFFFFFFFFFFFAE
:20522000FFFFFFFFFFFFFFFFFFFFFFFFFFFFFFFFFFFFFFFFFFFFFFFFFFFFFFFFFFFFFFFF8E
:20524000FFFFFFFFFFFFFFFFFFFFFFFFFFFFFFFFFFFFFFFFFFFFFFFFFFFFFFFFFFFFFFFF6E
:20526000FFFFFFFFFFFFFFFFFFFFFFFFFFFFFFFFFFFFFFFFFFFFFFFFFFFFFFFFFFFFFFFF4E
:20528000FFFFFFFFFFFFFFFFFFFFFFFFFFFFFFFFFFFFFFFFFFFFFFFFFFFFFFFFFFFFFFFF2E
:2052A000FFFFFFFFFFFFFFFFFFFFFFFFFFFFFFFFFFFFFFFFFFFFFFFFFFFFFFFFFFFFFFFF0E
:2052C000FFFFFFFFFFFFFFFFFFFFFFFFFFFFFFFFFFFFFFFFFFFFFFFFFFFFFFFFFFFFFFFFEE
:2052E000FFFFFFFFFFFFFFFFFFFFFFFFFFFFFFFFFFFFFFFFFFFFFFFFFFFFFFFFFFFFFFFFCE
:20530000FFFFFFFFFFFFFFFFFFFFFFFFFFFFFFFFFFFFFFFFFFFFFFFFFFFFFFFFFFFFFFFFAD
:20532000FFFFFFFFFFFFFFFFFFFFFFFFFFFFFFFFFFFFFFFFFFFFFFFFFFFFFFFFFFFFFFFF8D
:20534000FFFFFFFFFFFFFFFFFFFFFFFFFFFFFFFFFFFFFFFFFFFFFFFFFFFFFFFFFFFFFFFF6D
:20536000FFFFFFFFFFFFFFFFFFFFFFFFFFFFFFFFFFFFFFFFFFFFFFFFFFFFFFFFFFFFFFFF4D
:20538000FFFFFFFFFFFFFFFFFFFFFFFFFFFFFFFFFFFFFFFFFFFFFFFFFFFFFFFFFFFFFFFF2D
:2053A000FFFFFFFFFFFFFFFFFFFFFFFFFFFFFFFFFFFFFFFFFFFFFFFFFFFFFFFFFFFFFFFF0D
:2053C000FFFFFFFFFFFFFFFFFFFFFFFFFFFFFFFFFFFFFFFFFFFFFFFFFFFFFFFFFFFFFFFFED
:2053E000FFFFFFFFFFFFFFFFFFFFFFFFFFFFFFFFFFFFFFFFFFFFFFFFFFFFFFFFFFFFFFFFCD
:20540000FFFFFFFFFFFFFFFFFFFFFFFFFFFFFFFFFFFFFFFFFFFFFFFFFFFFFFFFFFFFFFFFAC
:20542000FFFFFFFFFFFFFFFFFFFFFFFFFFFFFFFFFFFFFFFFFFFFFFFFFFFFFFFFFFFFFFFF8C
:20544000FFFFFFFFFFFFFFFFFFFFFFFFFFFFFFFFFFFFFFFFFFFFFFFFFFFFFFFFFFFFFFFF6C
:20546000FFFFFFFFFFFFFFFFFFFFFFFFFFFFFFFFFFFFFFFFFFFFFFFFFFFFFFFFFFFFFFFF4C
:20548000FFFFFFFFFFFFFFFFFFFFFFFFFFFFFFFFFFFFFFFFFFFFFFFFFFFFFFFFFFFFFFFF2C
:2054A000FFFFFFFFFFFFFFFFFFFFFFFFFFFFFFFFFFFFFFFFFFFFFFFFFFFFFFFFFFFFFFFF0C
:2054C000FFFFFFFFFFFFFFFFFFFFFFFFFFFFFFFFFFFFFFFFFFFFFFFFFFFFFFFFFFFFFFFFEC
:2054E000FFFFFFFFFFFFFFFFFFFFFFFFFFFFFFFFFFFFFFFFFFFFFFFFFFFFFFFFFFFFFFFFCC
:20550000FFFFFFFFFFFFFFFFFFFFFFFFFFFFFFFFFFFFFFFFFFFFFFFFFFFFFFFFFFFFFFFFAB
:20552000FFFFFFFFFFFFFFFFFFFFFFFFFFFFFFFFFFFFFFFFFFFFFFFFFFFFFFFFFFFFFFFF8B
:20554000FFFFFFFFFFFFFFFFFFFFFFFFFFFFFFFFFFFFFFFFFFFFFFFFFFFFFFFFFFFFFFFF6B
:20556000FFFFFFFFFFFFFFFFFFFFFFFFFFFFFFFFFFFFFFFFFFFFFFFFFFFFFFFFFFFFFFFF4B
:20558000FFFFFFFFFFFFFFFFFFFFFFFFFFFFFFFFFFFFFFFFFFFFFFFFFFFFFFFFFFFFFFFF2B
:2055A000FFFFFFFFFFFFFFFFFFFFFFFFFFFFFFFFFFFFFFFFFFFFFFFFFFFFFFFFFFFFFFFF0B
:2055C000FFFFFFFFFFFFFFFFFFFFFFFFFFFFFFFFFFFFFFFFFFFFFFFFFFFFFFFFFFFFFFFFEB
:2055E000FFFFFFFFFFFFFFFFFFFFFFFFFFFFFFFFFFFFFFFFFFFFFFFFFFFFFFFFFFFFFFFFCB
:20560000FFFFFFFFFFFFFFFFFFFFFFFFFFFFFFFFFFFFFFFFFFFFFFFFFFFFFFFFFFFFFFFFAA
:20562000FFFFFFFFFFFFFFFFFFFFFFFFFFFFFFFFFFFFFFFFFFFFFFFFFFFFFFFFFFFFFFFF8A
:20564000FFFFFFFFFFFFFFFFFFFFFFFFFFFFFFFFFFFFFFFFFFFFFFFFFFFFFFFFFFFFFFFF6A
:20566000FFFFFFFFFFFFFFFFFFFFFFFFFFFFFFFFFFFFFFFFFFFFFFFFFFFFFFFFFFFFFFFF4A
:20568000FFFFFFFFFFFFFFFFFFFFFFFFFFFFFFFFFFFFFFFFFFFFFFFFFFFFFFFFFFFFFFFF2A
:2056A000FFFFFFFFFFFFFFFFFFFFFFFFFFFFFFFFFFFFFFFFFFFFFFFFFFFFFFFFFFFFFFFF0A
:2056C000FFFFFFFFFFFFFFFFFFFFFFFFFFFFFFFFFFFFFFFFFFFFFFFFFFFFFFFFFFFFFFFFEA
:2056E000FFFFFFFFFFFFFFFFFFFFFFFFFFFFFFFFFFFFFFFFFFFFFFFFFFFFFFFFFFFFFFFFCA
:20570000FFFFFFFFFFFFFFFFFFFFFFFFFFFFFFFFFFFFFFFFFFFFFFFFFFFFFFFFFFFFFFFFA9
:20572000FFFFFFFFFFFFFFFFFFFFFFFFFFFFFFFFFFFFFFFFFFFFFFFFFFFFFFFFFFFFFFFF89
:20574000FFFFFFFFFFFFFFFFFFFFFFFFFFFFFFFFFFFFFFFFFFFFFFFFFFFFFFFFFFFFFFFF69
:20576000FFFFFFFFFFFFFFFFFFFFFFFFFFFFFFFFFFFFFFFFFFFFFFFFFFFFFFFFFFFFFFFF49
:20578000FFFFFFFFFFFFFFFFFFFFFFFFFFFFFFFFFFFFFFFFFFFFFFFFFFFFFFFFFFFFFFFF29
:2057A000FFFFFFFFFFFFFFFFFFFFFFFFFFFFFFFFFFFFFFFFFFFFFFFFFFFFFFFFFFFFFFFF09
:2057C000FFFFFFFFFFFFFFFFFFFFFFFFFFFFFFFFFFFFFFFFFFFFFFFFFFFFFFFFFFFFFFFFE9
:2057E000FFFFFFFFFFFFFFFFFFFFFFFFFFFFFFFFFFFFFFFFFFFFFFFFFFFFFFFFFFFFFFFFC9
:20580000FFFFFFFFFFFFFFFFFFFFFFFFFFFFFFFFFFFFFFFFFFFFFFFFFFFFFFFFFFFFFFFFA8
:20582000FFFFFFFFFFFFFFFFFFFFFFFFFFFFFFFFFFFFFFFFFFFFFFFFFFFFFFFFFFFFFFFF88
:20584000FFFFFFFFFFFFFFFFFFFFFFFFFFFFFFFFFFFFFFFFFFFFFFFFFFFFFFFFFFFFFFFF68
:20586000FFFFFFFFFFFFFFFFFFFFFFFFFFFFFFFFFFFFFFFFFFFFFFFFFFFFFFFFFFFFFFFF48
:20588000FFFFFFFFFFFFFFFFFFFFFFFFFFFFFFFFFFFFFFFFFFFFFFFFFFFFFFFFFFFFFFFF28
:2058A000FFFFFFFFFFFFFFFFFFFFFFFFFFFFFFFFFFFFFFFFFFFFFFFFFFFFFFFFFFFFFFFF08
:2058C000FFFFFFFFFFFFFFFFFFFFFFFFFFFFFFFFFFFFFFFFFFFFFFFFFFFFFFFFFFFFFFFFE8
:2058E000FFFFFFFFFFFFFFFFFFFFFFFFFFFFFFFFFFFFFFFFFFFFFFFFFFFFFFFFFFFFFFFFC8
:20590000FFFFFFFFFFFFFFFFFFFFFFFFFFFFFFFFFFFFFFFFFFFFFFFFFFFFFFFFFFFFFFFFA7
:20592000FFFFFFFFFFFFFFFFFFFFFFFFFFFFFFFFFFFFFFFFFFFFFFFFFFFFFFFFFFFFFFFF87
:20594000FFFFFFFFFFFFFFFFFFFFFFFFFFFFFFFFFFFFFFFFFFFFFFFFFFFFFFFFFFFFFFFF67
:20596000FFFFFFFFFFFFFFFFFFFFFFFFFFFFFFFFFFFFFFFFFFFFFFFFFFFFFFFFFFFFFFFF47
:20598000FFFFFFFFFFFFFFFFFFFFFFFFFFFFFFFFFFFFFFFFFFFFFFFFFFFFFFFFFFFFFFFF27
:2059A000FFFFFFFFFFFFFFFFFFFFFFFFFFFFFFFFFFFFFFFFFFFFFFFFFFFFFFFFFFFFFFFF07
:2059C000FFFFFFFFFFFFFFFFFFFFFFFFFFFFFFFFFFFFFFFFFFFFFFFFFFFFFFFFFFFFFFFFE7
:2059E000FFFFFFFFFFFFFFFFFFFFFFFFFFFFFFFFFFFFFFFFFFFFFFFFFFFFFFFFFFFFFFFFC7
:205A0000FFFFFFFFFFFFFFFFFFFFFFFFFFFFFFFFFFFFFFFFFFFFFFFFFFFFFFFFFFFFFFFFA6
:205A2000FFFFFFFFFFFFFFFFFFFFFFFFFFFFFFFFFFFFFFFFFFFFFFFFFFFFFFFFFFFFFFFF86
:205A4000FFFFFFFFFFFFFFFFFFFFFFFFFFFFFFFFFFFFFFFFFFFFFFFFFFFFFFFFFFFFFFFF66
:205A6000FFFFFFFFFFFFFFFFFFFFFFFFFFFFFFFFFFFFFFFFFFFFFFFFFFFFFFFFFFFFFFFF46
:205A8000FFFFFFFFFFFFFFFFFFFFFFFFFFFFFFFFFFFFFFFFFFFFFFFFFFFFFFFFFFFFFFFF26
:205AA000FFFFFFFFFFFFFFFFFFFFFFFFFFFFFFFFFFFFFFFFFFFFFFFFFFFFFFFFFFFFFFFF06
:205AC000FFFFFFFFFFFFFFFFFFFFFFFFFFFFFFFFFFFFFFFFFFFFFFFFFFFFFFFFFFFFFFFFE6
:205AE000FFFFFFFFFFFFFFFFFFFFFFFFFFFFFFFFFFFFFFFFFFFFFFFFFFFFFFFFFFFFFFFFC6
:205B0000FFFFFFFFFFFFFFFFFFFFFFFFFFFFFFFFFFFFFFFFFFFFFFFFFFFFFFFFFFFFFFFFA5
:205B2000FFFFFFFFFFFFFFFFFFFFFFFFFFFFFFFFFFFFFFFFFFFFFFFFFFFFFFFFFFFFFFFF85
:205B4000FFFFFFFFFFFFFFFFFFFFFFFFFFFFFFFFFFFFFFFFFFFFFFFFFFFFFFFFFFFFFFFF65
:205B6000FFFFFFFFFFFFFFFFFFFFFFFFFFFFFFFFFFFFFFFFFFFFFFFFFFFFFFFFFFFFFFFF45
:205B8000FFFFFFFFFFFFFFFFFFFFFFFFFFFFFFFFFFFFFFFFFFFFFFFFFFFFFFFFFFFFFFFF25
:205BA000FFFFFFFFFFFFFFFFFFFFFFFFFFFFFFFFFFFFFFFFFFFFFFFFFFFFFFFFFFFFFFFF05
:205BC000FFFFFFFFFFFFFFFFFFFFFFFFFFFFFFFFFFFFFFFFFFFFFFFFFFFFFFFFFFFFFFFFE5
:205BE000FFFFFFFFFFFFFFFFFFFFFFFFFFFFFFFFFFFFFFFFFFFFFFFFFFFFFFFFFFFFFFFFC5
:205C0000FFFFFFFFFFFFFFFFFFFFFFFFFFFFFFFFFFFFFFFFFFFFFFFFFFFFFFFFFFFFFFFFA4
:205C2000FFFFFFFFFFFFFFFFFFFFFFFFFFFFFFFFFFFFFFFFFFFFFFFFFFFFFFFFFFFFFFFF84
:205C4000FFFFFFFFFFFFFFFFFFFFFFFFFFFFFFFFFFFFFFFFFFFFFFFFFFFFFFFFFFFFFFFF64
:205C6000FFFFFFFFFFFFFFFFFFFFFFFFFFFFFFFFFFFFFFFFFFFFFFFFFFFFFFFFFFFFFFFF44
:205C8000FFFFFFFFFFFFFFFFFFFFFFFFFFFFFFFFFFFFFFFFFFFFFFFFFFFFFFFFFFFFFFFF24
:205CA000FFFFFFFFFFFFFFFFFFFFFFFFFFFFFFFFFFFFFFFFFFFFFFFFFFFFFFFFFFFFFFFF04
:205CC000FFFFFFFFFFFFFFFFFFFFFFFFFFFFFFFFFFFFFFFFFFFFFFFFFFFFFFFFFFFFFFFFE4
:205CE000FFFFFFFFFFFFFFFFFFFFFFFFFFFFFFFFFFFFFFFFFFFFFFFFFFFFFFFFFFFFFFFFC4
:205D0000FFFFFFFFFFFFFFFFFFFFFFFFFFFFFFFFFFFFFFFFFFFFFFFFFFFFFFFFFFFFFFFFA3
:205D2000FFFFFFFFFFFFFFFFFFFFFFFFFFFFFFFFFFFFFFFFFFFFFFFFFFFFFFFFFFFFFFFF83
:205D4000FFFFFFFFFFFFFFFFFFFFFFFFFFFFFFFFFFFFFFFFFFFFFFFFFFFFFFFFFFFFFFFF63
:205D6000FFFFFFFFFFFFFFFFFFFFFFFFFFFFFFFFFFFFFFFFFFFFFFFFFFFFFFFFFFFFFFFF43
:205D8000FFFFFFFFFFFFFFFFFFFFFFFFFFFFFFFFFFFFFFFFFFFFFFFFFFFFFFFFFFFFFFFF23
:205DA000FFFFFFFFFFFFFFFFFFFFFFFFFFFFFFFFFFFFFFFFFFFFFFFFFFFFFFFFFFFFFFFF03
:205DC000FFFFFFFFFFFFFFFFFFFFFFFFFFFFFFFFFFFFFFFFFFFFFFFFFFFFFFFFFFFFFFFFE3
:205DE000FFFFFFFFFFFFFFFFFFFFFFFFFFFFFFFFFFFFFFFFFFFFFFFFFFFFFFFFFFFFFFFFC3
:205E0000FFFFFFFFFFFFFFFFFFFFFFFFFFFFFFFFFFFFFFFFFFFFFFFFFFFFFFFFFFFFFFFFA2
:205E2000FFFFFFFFFFFFFFFFFFFFFFFFFFFFFFFFFFFFFFFFFFFFFFFFFFFFFFFFFFFFFFFF82
:205E4000FFFFFFFFFFFFFFFFFFFFFFFFFFFFFFFFFFFFFFFFFFFFFFFFFFFFFFFFFFFFFFFF62
:205E6000FFFFFFFFFFFFFFFFFFFFFFFFFFFFFFFFFFFFFFFFFFFFFFFFFFFFFFFFFFFFFFFF42
:205E8000FFFFFFFFFFFFFFFFFFFFFFFFFFFFFFFFFFFFFFFFFFFFFFFFFFFFFFFFFFFFFFFF22
:205EA000FFFFFFFFFFFFFFFFFFFFFFFFFFFFFFFFFFFFFFFFFFFFFFFFFFFFFFFFFFFFFFFF02
:205EC000FFFFFFFFFFFFFFFFFFFFFFFFFFFFFFFFFFFFFFFFFFFFFFFFFFFFFFFFFFFFFFFFE2
:205EE000FFFFFFFFFFFFFFFFFFFFFFFFFFFFFFFFFFFFFFFFFFFFFFFFFFFFFFFFFFFFFFFFC2
:205F0000FFFFFFFFFFFFFFFFFFFFFFFFFFFFFFFFFFFFFFFFFFFFFFFFFFFFFFFFFFFFFFFFA1
:205F2000FFFFFFFFFFFFFFFFFFFFFFFFFFFFFFFFFFFFFFFFFFFFFFFFFFFFFFFFFFFFFFFF81
:205F4000FFFFFFFFFFFFFFFFFFFFFFFFFFFFFFFFFFFFFFFFFFFFFFFFFFFFFFFFFFFFFFFF61
:205F6000FFFFFFFFFFFFFFFFFFFFFFFFFFFFFFFFFFFFFFFFFFFFFFFFFFFFFFFFFFFFFFFF41
:205F8000FFFFFFFFFFFFFFFFFFFFFFFFFFFFFFFFFFFFFFFFFFFFFFFFFFFFFFFFFFFFFFFF21
:205FA000FFFFFFFFFFFFFFFFFFFFFFFFFFFFFFFFFFFFFFFFFFFFFFFFFFFFFFFFFFFFFFFF01
:205FC000FFFFFFFFFFFFFFFFFFFFFFFFFFFFFFFFFFFFFFFFFFFFFFFFFFFFFFFFFFFFFFFFE1
:205FE000FFFFFFFFFFFFFFFFFFFFFFFFFFFFFFFFFFFFFFFFFFFFFFFFFFFFFFFFFFFFFFFFC1
:20600000FFFFFFFFFFFFFFFFFFFFFFFFFFFFFFFFFFFFFFFFFFFFFFFFFFFFFFFFFFFFFFFFA0
:20602000FFFFFFFFFFFFFFFFFFFFFFFFFFFFFFFFFFFFFFFFFFFFFFFFFFFFFFFFFFFFFFFF80
:20604000FFFFFFFFFFFFFFFFFFFFFFFFFFFFFFFFFFFFFFFFFFFFFFFFFFFFFFFFFFFFFFFF60
:20606000FFFFFFFFFFFFFFFFFFFFFFFFFFFFFFFFFFFFFFFFFFFFFFFFFFFFFFFFFFFFFFFF40
:20608000FFFFFFFFFFFFFFFFFFFFFFFFFFFFFFFFFFFFFFFFFFFFFFFFFFFFFFFFFFFFFFFF20
:2060A000FFFFFFFFFFFFFFFFFFFFFFFFFFFFFFFFFFFFFFFFFFFFFFFFFFFFFFFFFFFFFFFF00
:2060C000FFFFFFFFFFFFFFFFFFFFFFFFFFFFFFFFFFFFFFFFFFFFFFFFFFFFFFFFFFFFFFFFE0
:2060E000FFFFFFFFFFFFFFFFFFFFFFFFFFFFFFFFFFFFFFFFFFFFFFFFFFFFFFFFFFFFFFFFC0
:20610000FFFFFFFFFFFFFFFFFFFFFFFFFFFFFFFFFFFFFFFFFFFFFFFFFFFFFFFFFFFFFFFF9F
:20612000FFFFFFFFFFFFFFFFFFFFFFFFFFFFFFFFFFFFFFFFFFFFFFFFFFFFFFFFFFFFFFFF7F
:20614000FFFFFFFFFFFFFFFFFFFFFFFFFFFFFFFFFFFFFFFFFFFFFFFFFFFFFFFFFFFFFFFF5F
:20616000FFFFFFFFFFFFFFFFFFFFFFFFFFFFFFFFFFFFFFFFFFFFFFFFFFFFFFFFFFFFFFFF3F
:20618000FFFFFFFFFFFFFFFFFFFFFFFFFFFFFFFFFFFFFFFFFFFFFFFFFFFFFFFFFFFFFFFF1F
:2061A000FFFFFFFFFFFFFFFFFFFFFFFFFFFFFFFFFFFFFFFFFFFFFFFFFFFFFFFFFFFFFFFFFF
:2061C000FFFFFFFFFFFFFFFFFFFFFFFFFFFFFFFFFFFFFFFFFFFFFFFFFFFFFFFFFFFFFFFFDF
:2061E000FFFFFFFFFFFFFFFFFFFFFFFFFFFFFFFFFFFFFFFFFFFFFFFFFFFFFFFFFFFFFFFFBF
:20620000FFFFFFFFFFFFFFFFFFFFFFFFFFFFFFFFFFFFFFFFFFFFFFFFFFFFFFFFFFFFFFFF9E
:20622000FFFFFFFFFFFFFFFFFFFFFFFFFFFFFFFFFFFFFFFFFFFFFFFFFFFFFFFFFFFFFFFF7E
:20624000FFFFFFFFFFFFFFFFFFFFFFFFFFFFFFFFFFFFFFFFFFFFFFFFFFFFFFFFFFFFFFFF5E
:20626000FFFFFFFFFFFFFFFFFFFFFFFFFFFFFFFFFFFFFFFFFFFFFFFFFFFFFFFFFFFFFFFF3E
:20628000FFFFFFFFFFFFFFFFFFFFFFFFFFFFFFFFFFFFFFFFFFFFFFFFFFFFFFFFFFFFFFFF1E
:2062A000FFFFFFFFFFFFFFFFFFFFFFFFFFFFFFFFFFFFFFFFFFFFFFFFFFFFFFFFFFFFFFFFFE
:2062C000FFFFFFFFFFFFFFFFFFFFFFFFFFFFFFFFFFFFFFFFFFFFFFFFFFFFFFFFFFFFFFFFDE
:2062E000FFFFFFFFFFFFFFFFFFFFFFFFFFFFFFFFFFFFFFFFFFFFFFFFFFFFFFFFFFFFFFFFBE
:20630000FFFFFFFFFFFFFFFFFFFFFFFFFFFFFFFFFFFFFFFFFFFFFFFFFFFFFFFFFFFFFFFF9D
:20632000FFFFFFFFFFFFFFFFFFFFFFFFFFFFFFFFFFFFFFFFFFFFFFFFFFFFFFFFFFFFFFFF7D
:20634000FFFFFFFFFFFFFFFFFFFFFFFFFFFFFFFFFFFFFFFFFFFFFFFFFFFFFFFFFFFFFFFF5D
:20636000FFFFFFFFFFFFFFFFFFFFFFFFFFFFFFFFFFFFFFFFFFFFFFFFFFFFFFFFFFFFFFFF3D
:20638000FFFFFFFFFFFFFFFFFFFFFFFFFFFFFFFFFFFFFFFFFFFFFFFFFFFFFFFFFFFFFFFF1D
:2063A000FFFFFFFFFFFFFFFFFFFFFFFFFFFFFFFFFFFFFFFFFFFFFFFFFFFFFFFFFFFFFFFFFD
:2063C000FFFFFFFFFFFFFFFFFFFFFFFFFFFFFFFFFFFFFFFFFFFFFFFFFFFFFFFFFFFFFFFFDD
:2063E000FFFFFFFFFFFFFFFFFFFFFFFFFFFFFFFFFFFFFFFFFFFFFFFFFFFFFFFFFFFFFFFFBD
:20640000FFFFFFFFFFFFFFFFFFFFFFFFFFFFFFFFFFFFFFFFFFFFFFFFFFFFFFFFFFFFFFFF9C
:20642000FFFFFFFFFFFFFFFFFFFFFFFFFFFFFFFFFFFFFFFFFFFFFFFFFFFFFFFFFFFFFFFF7C
:20644000FFFFFFFFFFFFFFFFFFFFFFFFFFFFFFFFFFFFFFFFFFFFFFFFFFFFFFFFFFFFFFFF5C
:20646000FFFFFFFFFFFFFFFFFFFFFFFFFFFFFFFFFFFFFFFFFFFFFFFFFFFFFFFFFFFFFFFF3C
:20648000FFFFFFFFFFFFFFFFFFFFFFFFFFFFFFFFFFFFFFFFFFFFFFFFFFFFFFFFFFFFFFFF1C
:2064A000FFFFFFFFFFFFFFFFFFFFFFFFFFFFFFFFFFFFFFFFFFFFFFFFFFFFFFFFFFFFFFFFFC
:2064C000FFFFFFFFFFFFFFFFFFFFFFFFFFFFFFFFFFFFFFFFFFFFFFFFFFFFFFFFFFFFFFFFDC
:2064E000FFFFFFFFFFFFFFFFFFFFFFFFFFFFFFFFFFFFFFFFFFFFFFFFFFFFFFFFFFFFFFFFBC
:20650000FFFFFFFFFFFFFFFFFFFFFFFFFFFFFFFFFFFFFFFFFFFFFFFFFFFFFFFFFFFFFFFF9B
:20652000FFFFFFFFFFFFFFFFFFFFFFFFFFFFFFFFFFFFFFFFFFFFFFFFFFFFFFFFFFFFFFFF7B
:20654000FFFFFFFFFFFFFFFFFFFFFFFFFFFFFFFFFFFFFFFFFFFFFFFFFFFFFFFFFFFFFFFF5B
:20656000FFFFFFFFFFFFFFFFFFFFFFFFFFFFFFFFFFFFFFFFFFFFFFFFFFFFFFFFFFFFFFFF3B
:20658000FFFFFFFFFFFFFFFFFFFFFFFFFFFFFFFFFFFFFFFFFFFFFFFFFFFFFFFFFFFFFFFF1B
:2065A000FFFFFFFFFFFFFFFFFFFFFFFFFFFFFFFFFFFFFFFFFFFFFFFFFFFFFFFFFFFFFFFFFB
:2065C000FFFFFFFFFFFFFFFFFFFFFFFFFFFFFFFFFFFFFFFFFFFFFFFFFFFFFFFFFFFFFFFFDB
:2065E000FFFFFFFFFFFFFFFFFFFFFFFFFFFFFFFFFFFFFFFFFFFFFFFFFFFFFFFFFFFFFFFFBB
:20660000FFFFFFFFFFFFFFFFFFFFFFFFFFFFFFFFFFFFFFFFFFFFFFFFFFFFFFFFFFFFFFFF9A
:20662000FFFFFFFFFFFFFFFFFFFFFFFFFFFFFFFFFFFFFFFFFFFFFFFFFFFFFFFFFFFFFFFF7A
:20664000FFFFFFFFFFFFFFFFFFFFFFFFFFFFFFFFFFFFFFFFFFFFFFFFFFFFFFFFFFFFFFFF5A
:20666000FFFFFFFFFFFFFFFFFFFFFFFFFFFFFFFFFFFFFFFFFFFFFFFFFFFFFFFFFFFFFFFF3A
:20668000FFFFFFFFFFFFFFFFFFFFFFFFFFFFFFFFFFFFFFFFFFFFFFFFFFFFFFFFFFFFFFFF1A
:2066A000FFFFFFFFFFFFFFFFFFFFFFFFFFFFFFFFFFFFFFFFFFFFFFFFFFFFFFFFFFFFFFFFFA
:2066C000FFFFFFFFFFFFFFFFFFFFFFFFFFFFFFFFFFFFFFFFFFFFFFFFFFFFFFFFFFFFFFFFDA
:2066E000FFFFFFFFFFFFFFFFFFFFFFFFFFFFFFFFFFFFFFFFFFFFFFFFFFFFFFFFFFFFFFFFBA
:20670000FFFFFFFFFFFFFFFFFFFFFFFFFFFFFFFFFFFFFFFFFFFFFFFFFFFFFFFFFFFFFFFF99
:20672000FFFFFFFFFFFFFFFFFFFFFFFFFFFFFFFFFFFFFFFFFFFFFFFFFFFFFFFFFFFFFFFF79
:20674000FFFFFFFFFFFFFFFFFFFFFFFFFFFFFFFFFFFFFFFFFFFFFFFFFFFFFFFFFFFFFFFF59
:20676000FFFFFFFFFFFFFFFFFFFFFFFFFFFFFFFFFFFFFFFFFFFFFFFFFFFFFFFFFFFFFFFF39
:20678000FFFFFFFFFFFFFFFFFFFFFFFFFFFFFFFFFFFFFFFFFFFFFFFFFFFFFFFFFFFFFFFF19
:2067A000FFFFFFFFFFFFFFFFFFFFFFFFFFFFFFFFFFFFFFFFFFFFFFFFFFFFFFFFFFFFFFFFF9
:2067C000FFFFFFFFFFFFFFFFFFFFFFFFFFFFFFFFFFFFFFFFFFFFFFFFFFFFFFFFFFFFFFFFD9
:2067E000FFFFFFFFFFFFFFFFFFFFFFFFFFFFFFFFFFFFFFFFFFFFFFFFFFFFFFFFFFFFFFFFB9
:20680000FFFFFFFFFFFFFFFFFFFFFFFFFFFFFFFFFFFFFFFFFFFFFFFFFFFFFFFFFFFFFFFF98
:20682000FFFFFFFFFFFFFFFFFFFFFFFFFFFFFFFFFFFFFFFFFFFFFFFFFFFFFFFFFFFFFFFF78
:20684000FFFFFFFFFFFFFFFFFFFFFFFFFFFFFFFFFFFFFFFFFFFFFFFFFFFFFFFFFFFFFFFF58
:20686000FFFFFFFFFFFFFFFFFFFFFFFFFFFFFFFFFFFFFFFFFFFFFFFFFFFFFFFFFFFFFFFF38
:20688000FFFFFFFFFFFFFFFFFFFFFFFFFFFFFFFFFFFFFFFFFFFFFFFFFFFFFFFFFFFFFFFF18
:2068A000FFFFFFFFFFFFFFFFFFFFFFFFFFFFFFFFFFFFFFFFFFFFFFFFFFFFFFFFFFFFFFFFF8
:2068C000FFFFFFFFFFFFFFFFFFFFFFFFFFFFFFFFFFFFFFFFFFFFFFFFFFFFFFFFFFFFFFFFD8
:2068E000FFFFFFFFFFFFFFFFFFFFFFFFFFFFFFFFFFFFFFFFFFFFFFFFFFFFFFFFFFFFFFFFB8
:20690000FFFFFFFFFFFFFFFFFFFFFFFFFFFFFFFFFFFFFFFFFFFFFFFFFFFFFFFFFFFFFFFF97
:20692000FFFFFFFFFFFFFFFFFFFFFFFFFFFFFFFFFFFFFFFFFFFFFFFFFFFFFFFFFFFFFFFF77
:20694000FFFFFFFFFFFFFFFFFFFFFFFFFFFFFFFFFFFFFFFFFFFFFFFFFFFFFFFFFFFFFFFF57
:20696000FFFFFFFFFFFFFFFFFFFFFFFFFFFFFFFFFFFFFFFFFFFFFFFFFFFFFFFFFFFFFFFF37
:20698000FFFFFFFFFFFFFFFFFFFFFFFFFFFFFFFFFFFFFFFFFFFFFFFFFFFFFFFFFFFFFFFF17
:2069A000FFFFFFFFFFFFFFFFFFFFFFFFFFFFFFFFFFFFFFFFFFFFFFFFFFFFFFFFFFFFFFFFF7
:2069C000FFFFFFFFFFFFFFFFFFFFFFFFFFFFFFFFFFFFFFFFFFFFFFFFFFFFFFFFFFFFFFFFD7
:2069E000FFFFFFFFFFFFFFFFFFFFFFFFFFFFFFFFFFFFFFFFFFFFFFFFFFFFFFFFFFFFFFFFB7
:206A0000FFFFFFFFFFFFFFFFFFFFFFFFFFFFFFFFFFFFFFFFFFFFFFFFFFFFFFFFFFFFFFFF96
:206A2000FFFFFFFFFFFFFFFFFFFFFFFFFFFFFFFFFFFFFFFFFFFFFFFFFFFFFFFFFFFFFFFF76
:206A4000FFFFFFFFFFFFFFFFFFFFFFFFFFFFFFFFFFFFFFFFFFFFFFFFFFFFFFFFFFFFFFFF56
:206A6000FFFFFFFFFFFFFFFFFFFFFFFFFFFFFFFFFFFFFFFFFFFFFFFFFFFFFFFFFFFFFFFF36
:206A8000FFFFFFFFFFFFFFFFFFFFFFFFFFFFFFFFFFFFFFFFFFFFFFFFFFFFFFFFFFFFFFFF16
:206AA000FFFFFFFFFFFFFFFFFFFFFFFFFFFFFFFFFFFFFFFFFFFFFFFFFFFFFFFFFFFFFFFFF6
:206AC000FFFFFFFFFFFFFFFFFFFFFFFFFFFFFFFFFFFFFFFFFFFFFFFFFFFFFFFFFFFFFFFFD6
:206AE000FFFFFFFFFFFFFFFFFFFFFFFFFFFFFFFFFFFFFFFFFFFFFFFFFFFFFFFFFFFFFFFFB6
:206B0000FFFFFFFFFFFFFFFFFFFFFFFFFFFFFFFFFFFFFFFFFFFFFFFFFFFFFFFFFFFFFFFF95
:206B2000FFFFFFFFFFFFFFFFFFFFFFFFFFFFFFFFFFFFFFFFFFFFFFFFFFFFFFFFFFFFFFFF75
:206B4000FFFFFFFFFFFFFFFFFFFFFFFFFFFFFFFFFFFFFFFFFFFFFFFFFFFFFFFFFFFFFFFF55
:206B6000FFFFFFFFFFFFFFFFFFFFFFFFFFFFFFFFFFFFFFFFFFFFFFFFFFFFFFFFFFFFFFFF35
:206B8000FFFFFFFFFFFFFFFFFFFFFFFFFFFFFFFFFFFFFFFFFFFFFFFFFFFFFFFFFFFFFFFF15
:206BA000FFFFFFFFFFFFFFFFFFFFFFFFFFFFFFFFFFFFFFFFFFFFFFFFFFFFFFFFFFFFFFFFF5
:206BC000FFFFFFFFFFFFFFFFFFFFFFFFFFFFFFFFFFFFFFFFFFFFFFFFFFFFFFFFFFFFFFFFD5
:206BE000FFFFFFFFFFFFFFFFFFFFFFFFFFFFFFFFFFFFFFFFFFFFFFFFFFFFFFFFFFFFFFFFB5
:206C0000FFFFFFFFFFFFFFFFFFFFFFFFFFFFFFFFFFFFFFFFFFFFFFFFFFFFFFFFFFFFFFFF94
:206C2000FFFFFFFFFFFFFFFFFFFFFFFFFFFFFFFFFFFFFFFFFFFFFFFFFFFFFFFFFFFFFFFF74
:206C4000FFFFFFFFFFFFFFFFFFFFFFFFFFFFFFFFFFFFFFFFFFFFFFFFFFFFFFFFFFFFFFFF54
:206C6000FFFFFFFFFFFFFFFFFFFFFFFFFFFFFFFFFFFFFFFFFFFFFFFFFFFFFFFFFFFFFFFF34
:206C8000FFFFFFFFFFFFFFFFFFFFFFFFFFFFFFFFFFFFFFFFFFFFFFFFFFFFFFFFFFFFFFFF14
:206CA000FFFFFFFFFFFFFFFFFFFFFFFFFFFFFFFFFFFFFFFFFFFFFFFFFFFFFFFFFFFFFFFFF4
:206CC000FFFFFFFFFFFFFFFFFFFFFFFFFFFFFFFFFFFFFFFFFFFFFFFFFFFFFFFFFFFFFFFFD4
:206CE000FFFFFFFFFFFFFFFFFFFFFFFFFFFFFFFFFFFFFFFFFFFFFFFFFFFFFFFFFFFFFFFFB4
:206D0000FFFFFFFFFFFFFFFFFFFFFFFFFFFFFFFFFFFFFFFFFFFFFFFFFFFFFFFFFFFFFFFF93
:206D2000FFFFFFFFFFFFFFFFFFFFFFFFFFFFFFFFFFFFFFFFFFFFFFFFFFFFFFFFFFFFFFFF73
:206D4000FFFFFFFFFFFFFFFFFFFFFFFFFFFFFFFFFFFFFFFFFFFFFFFFFFFFFFFFFFFFFFFF53
:206D6000FFFFFFFFFFFFFFFFFFFFFFFFFFFFFFFFFFFFFFFFFFFFFFFFFFFFFFFFFFFFFFFF33
:206D8000FFFFFFFFFFFFFFFFFFFFFFFFFFFFFFFFFFFFFFFFFFFFFFFFFFFFFFFFFFFFFFFF13
:206DA000FFFFFFFFFFFFFFFFFFFFFFFFFFFFFFFFFFFFFFFFFFFFFFFFFFFFFFFFFFFFFFFFF3
:206DC000FFFFFFFFFFFFFFFFFFFFFFFFFFFFFFFFFFFFFFFFFFFFFFFFFFFFFFFFFFFFFFFFD3
:206DE000FFFFFFFFFFFFFFFFFFFFFFFFFFFFFFFFFFFFFFFFFFFFFFFFFFFFFFFFFFFFFFFFB3
:206E0000FFFFFFFFFFFFFFFFFFFFFFFFFFFFFFFFFFFFFFFFFFFFFFFFFFFFFFFFFFFFFFFF92
:206E2000FFFFFFFFFFFFFFFFFFFFFFFFFFFFFFFFFFFFFFFFFFFFFFFFFFFFFFFFFFFFFFFF72
:206E4000FFFFFFFFFFFFFFFFFFFFFFFFFFFFFFFFFFFFFFFFFFFFFFFFFFFFFFFFFFFFFFFF52
:206E6000FFFFFFFFFFFFFFFFFFFFFFFFFFFFFFFFFFFFFFFFFFFFFFFFFFFFFFFFFFFFFFFF32
:206E8000FFFFFFFFFFFFFFFFFFFFFFFFFFFFFFFFFFFFFFFFFFFFFFFFFFFFFFFFFFFFFFFF12
:206EA000FFFFFFFFFFFFFFFFFFFFFFFFFFFFFFFFFFFFFFFFFFFFFFFFFFFFFFFFFFFFFFFFF2
:206EC000FFFFFFFFFFFFFFFFFFFFFFFFFFFFFFFFFFFFFFFFFFFFFFFFFFFFFFFFFFFFFFFFD2
:206EE000FFFFFFFFFFFFFFFFFFFFFFFFFFFFFFFFFFFFFFFFFFFFFFFFFFFFFFFFFFFFFFFFB2
:206F0000FFFFFFFFFFFFFFFFFFFFFFFFFFFFFFFFFFFFFFFFFFFFFFFFFFFFFFFFFFFFFFFF91
:206F2000FFFFFFFFFFFFFFFFFFFFFFFFFFFFFFFFFFFFFFFFFFFFFFFFFFFFFFFFFFFFFFFF71
:206F4000FFFFFFFFFFFFFFFFFFFFFFFFFFFFFFFFFFFFFFFFFFFFFFFFFFFFFFFFFFFFFFFF51
:206F6000FFFFFFFFFFFFFFFFFFFFFFFFFFFFFFFFFFFFFFFFFFFFFFFFFFFFFFFFFFFFFFFF31
:206F8000FFFFFFFFFFFFFFFFFFFFFFFFFFFFFFFFFFFFFFFFFFFFFFFFFFFFFFFFFFFFFFFF11
:206FA000FFFFFFFFFFFFFFFFFFFFFFFFFFFFFFFFFFFFFFFFFFFFFFFFFFFFFFFFFFFFFFFFF1
:206FC000FFFFFFFFFFFFFFFFFFFFFFFFFFFFFFFFFFFFFFFFFFFFFFFFFFFFFFFFFFFFFFFFD1
:206FE000FFFFFFFFFFFFFFFFFFFFFFFFFFFFFFFFFFFFFFFFFFFFFFFFFFFFFFFFFFFFFFFFB1
:20700000FFFFFFFFFFFFFFFFFFFFFFFFFFFFFFFFFFFFFFFFFFFFFFFFFFFFFFFFFFFFFFFF90
:20702000FFFFFFFFFFFFFFFFFFFFFFFFFFFFFFFFFFFFFFFFFFFFFFFFFFFFFFFFFFFFFFFF70
:20704000FFFFFFFFFFFFFFFFFFFFFFFFFFFFFFFFFFFFFFFFFFFFFFFFFFFFFFFFFFFFFFFF50
:20706000FFFFFFFFFFFFFFFFFFFFFFFFFFFFFFFFFFFFFFFFFFFFFFFFFFFFFFFFFFFFFFFF30
:20708000FFFFFFFFFFFFFFFFFFFFFFFFFFFFFFFFFFFFFFFFFFFFFFFFFFFFFFFFFFFFFFFF10
:2070A000FFFFFFFFFFFFFFFFFFFFFFFFFFFFFFFFFFFFFFFFFFFFFFFFFFFFFFFFFFFFFFFFF0
:2070C000FFFFFFFFFFFFFFFFFFFFFFFFFFFFFFFFFFFFFFFFFFFFFFFFFFFFFFFFFFFFFFFFD0
:2070E000FFFFFFFFFFFFFFFFFFFFFFFFFFFFFFFFFFFFFFFFFFFFFFFFFFFFFFFFFFFFFFFFB0
:20710000FFFFFFFFFFFFFFFFFFFFFFFFFFFFFFFFFFFFFFFFFFFFFFFFFFFFFFFFFFFFFFFF8F
:20712000FFFFFFFFFFFFFFFFFFFFFFFFFFFFFFFFFFFFFFFFFFFFFFFFFFFFFFFFFFFFFFFF6F
:20714000FFFFFFFFFFFFFFFFFFFFFFFFFFFFFFFFFFFFFFFFFFFFFFFFFFFFFFFFFFFFFFFF4F
:20716000FFFFFFFFFFFFFFFFFFFFFFFFFFFFFFFFFFFFFFFFFFFFFFFFFFFFFFFFFFFFFFFF2F
:20718000FFFFFFFFFFFFFFFFFFFFFFFFFFFFFFFFFFFFFFFFFFFFFFFFFFFFFFFFFFFFFFFF0F
:2071A000FFFFFFFFFFFFFFFFFFFFFFFFFFFFFFFFFFFFFFFFFFFFFFFFFFFFFFFFFFFFFFFFEF
:2071C000FFFFFFFFFFFFFFFFFFFFFFFFFFFFFFFFFFFFFFFFFFFFFFFFFFFFFFFFFFFFFFFFCF
:2071E000FFFFFFFFFFFFFFFFFFFFFFFFFFFFFFFFFFFFFFFFFFFFFFFFFFFFFFFFFFFFFFFFAF
:20720000FFFFFFFFFFFFFFFFFFFFFFFFFFFFFFFFFFFFFFFFFFFFFFFFFFFFFFFFFFFFFFFF8E
:20722000FFFFFFFFFFFFFFFFFFFFFFFFFFFFFFFFFFFFFFFFFFFFFFFFFFFFFFFFFFFFFFFF6E
:20724000FFFFFFFFFFFFFFFFFFFFFFFFFFFFFFFFFFFFFFFFFFFFFFFFFFFFFFFFFFFFFFFF4E
:20726000FFFFFFFFFFFFFFFFFFFFFFFFFFFFFFFFFFFFFFFFFFFFFFFFFFFFFFFFFFFFFFFF2E
:20728000FFFFFFFFFFFFFFFFFFFFFFFFFFFFFFFFFFFFFFFFFFFFFFFFFFFFFFFFFFFFFFFF0E
:2072A000FFFFFFFFFFFFFFFFFFFFFFFFFFFFFFFFFFFFFFFFFFFFFFFFFFFFFFFFFFFFFFFFEE
:2072C000FFFFFFFFFFFFFFFFFFFFFFFFFFFFFFFFFFFFFFFFFFFFFFFFFFFFFFFFFFFFFFFFCE
:2072E000FFFFFFFFFFFFFFFFFFFFFFFFFFFFFFFFFFFFFFFFFFFFFFFFFFFFFFFFFFFFFFFFAE
:20730000FFFFFFFFFFFFFFFFFFFFFFFFFFFFFFFFFFFFFFFFFFFFFFFFFFFFFFFFFFFFFFFF8D
:20732000FFFFFFFFFFFFFFFFFFFFFFFFFFFFFFFFFFFFFFFFFFFFFFFFFFFFFFFFFFFFFFFF6D
:20734000FFFFFFFFFFFFFFFFFFFFFFFFFFFFFFFFFFFFFFFFFFFFFFFFFFFFFFFFFFFFFFFF4D
:20736000FFFFFFFFFFFFFFFFFFFFFFFFFFFFFFFFFFFFFFFFFFFFFFFFFFFFFFFFFFFFFFFF2D
:20738000FFFFFFFFFFFFFFFFFFFFFFFFFFFFFFFFFFFFFFFFFFFFFFFFFFFFFFFFFFFFFFFF0D
:2073A000FFFFFFFFFFFFFFFFFFFFFFFFFFFFFFFFFFFFFFFFFFFFFFFFFFFFFFFFFFFFFFFFED
:2073C000FFFFFFFFFFFFFFFFFFFFFFFFFFFFFFFFFFFFFFFFFFFFFFFFFFFFFFFFFFFFFFFFCD
:2073E000FFFFFFFFFFFFFFFFFFFFFFFFFFFFFFFFFFFFFFFFFFFFFFFFFFFFFFFFFFFFFFFFAD
:20740000FFFFFFFFFFFFFFFFFFFFFFFFFFFFFFFFFFFFFFFFFFFFFFFFFFFFFFFFFFFFFFFF8C
:20742000FFFFFFFFFFFFFFFFFFFFFFFFFFFFFFFFFFFFFFFFFFFFFFFFFFFFFFFFFFFFFFFF6C
:20744000FFFFFFFFFFFFFFFFFFFFFFFFFFFFFFFFFFFFFFFFFFFFFFFFFFFFFFFFFFFFFFFF4C
:20746000FFFFFFFFFFFFFFFFFFFFFFFFFFFFFFFFFFFFFFFFFFFFFFFFFFFFFFFFFFFFFFFF2C
:20748000FFFFFFFFFFFFFFFFFFFFFFFFFFFFFFFFFFFFFFFFFFFFFFFFFFFFFFFFFFFFFFFF0C
:2074A000FFFFFFFFFFFFFFFFFFFFFFFFFFFFFFFFFFFFFFFFFFFFFFFFFFFFFFFFFFFFFFFFEC
:2074C000FFFFFFFFFFFFFFFFFFFFFFFFFFFFFFFFFFFFFFFFFFFFFFFFFFFFFFFFFFFFFFFFCC
:2074E000FFFFFFFFFFFFFFFFFFFFFFFFFFFFFFFFFFFFFFFFFFFFFFFFFFFFFFFFFFFFFFFFAC
:20750000FFFFFFFFFFFFFFFFFFFFFFFFFFFFFFFFFFFFFFFFFFFFFFFFFFFFFFFFFFFFFFFF8B
:20752000FFFFFFFFFFFFFFFFFFFFFFFFFFFFFFFFFFFFFFFFFFFFFFFFFFFFFFFFFFFFFFFF6B
:20754000FFFFFFFFFFFFFFFFFFFFFFFFFFFFFFFFFFFFFFFFFFFFFFFFFFFFFFFFFFFFFFFF4B
:20756000FFFFFFFFFFFFFFFFFFFFFFFFFFFFFFFFFFFFFFFFFFFFFFFFFFFFFFFFFFFFFFFF2B
:20758000FFFFFFFFFFFFFFFFFFFFFFFFFFFFFFFFFFFFFFFFFFFFFFFFFFFFFFFFFFFFFFFF0B
:2075A000FFFFFFFFFFFFFFFFFFFFFFFFFFFFFFFFFFFFFFFFFFFFFFFFFFFFFFFFFFFFFFFFEB
:2075C000FFFFFFFFFFFFFFFFFFFFFFFFFFFFFFFFFFFFFFFFFFFFFFFFFFFFFFFFFFFFFFFFCB
:2075E000FFFFFFFFFFFFFFFFFFFFFFFFFFFFFFFFFFFFFFFFFFFFFFFFFFFFFFFFFFFFFFFFAB
:20760000FFFFFFFFFFFFFFFFFFFFFFFFFFFFFFFFFFFFFFFFFFFFFFFFFFFFFFFFFFFFFFFF8A
:20762000FFFFFFFFFFFFFFFFFFFFFFFFFFFFFFFFFFFFFFFFFFFFFFFFFFFFFFFFFFFFFFFF6A
:20764000FFFFFFFFFFFFFFFFFFFFFFFFFFFFFFFFFFFFFFFFFFFFFFFFFFFFFFFFFFFFFFFF4A
:20766000FFFFFFFFFFFFFFFFFFFFFFFFFFFFFFFFFFFFFFFFFFFFFFFFFFFFFFFFFFFFFFFF2A
:20768000FFFFFFFFFFFFFFFFFFFFFFFFFFFFFFFFFFFFFFFFFFFFFFFFFFFFFFFFFFFFFFFF0A
:2076A000FFFFFFFFFFFFFFFFFFFFFFFFFFFFFFFFFFFFFFFFFFFFFFFFFFFFFFFFFFFFFFFFEA
:2076C000FFFFFFFFFFFFFFFFFFFFFFFFFFFFFFFFFFFFFFFFFFFFFFFFFFFFFFFFFFFFFFFFCA
:2076E000FFFFFFFFFFFFFFFFFFFFFFFFFFFFFFFFFFFFFFFFFFFFFFFFFFFFFFFFFFFFFFFFAA
:20770000FFFFFFFFFFFFFFFFFFFFFFFFFFFFFFFFFFFFFFFFFFFFFFFFFFFFFFFFFFFFFFFF89
:20772000FFFFFFFFFFFFFFFFFFFFFFFFFFFFFFFFFFFFFFFFFFFFFFFFFFFFFFFFFFFFFFFF69
:20774000FFFFFFFFFFFFFFFFFFFFFFFFFFFFFFFFFFFFFFFFFFFFFFFFFFFFFFFFFFFFFFFF49
:20776000FFFFFFFFFFFFFFFFFFFFFFFFFFFFFFFFFFFFFFFFFFFFFFFFFFFFFFFFFFFFFFFF29
:20778000FFFFFFFFFFFFFFFFFFFFFFFFFFFFFFFFFFFFFFFFFFFFFFFFFFFFFFFFFFFFFFFF09
:2077A000FFFFFFFFFFFFFFFFFFFFFFFFFFFFFFFFFFFFFFFFFFFFFFFFFFFFFFFFFFFFFFFFE9
:2077C000FFFFFFFFFFFFFFFFFFFFFFFFFFFFFFFFFFFFFFFFFFFFFFFFFFFFFFFFFFFFFFFFC9
:2077E000FFFFFFFFFFFFFFFFFFFFFFFFFFFFFFFFFFFFFFFFFFFFFFFFFFFFFFFFFFFFFFFFA9
:20780000FFFFFFFFFFFFFFFFFFFFFFFFFFFFFFFFFFFFFFFFFFFFFFFFFFFFFFFFFFFFFFFF88
:20782000FFFFFFFFFFFFFFFFFFFFFFFFFFFFFFFFFFFFFFFFFFFFFFFFFFFFFFFFFFFFFFFF68
:20784000FFFFFFFFFFFFFFFFFFFFFFFFFFFFFFFFFFFFFFFFFFFFFFFFFFFFFFFFFFFFFFFF48
:20786000FFFFFFFFFFFFFFFFFFFFFFFFFFFFFFFFFFFFFFFFFFFFFFFFFFFFFFFFFFFFFFFF28
:20788000FFFFFFFFFFFFFFFFFFFFFFFFFFFFFFFFFFFFFFFFFFFFFFFFFFFFFFFFFFFFFFFF08
:2078A000FFFFFFFFFFFFFFFFFFFFFFFFFFFFFFFFFFFFFFFFFFFFFFFFFFFFFFFFFFFFFFFFE8
:2078C000FFFFFFFFFFFFFFFFFFFFFFFFFFFFFFFFFFFFFFFFFFFFFFFFFFFFFFFFFFFFFFFFC8
:2078E000FFFFFFFFFFFFFFFFFFFFFFFFFFFFFFFFFFFFFFFFFFFFFFFFFFFFFFFFFFFFFFFFA8
:20790000FFFFFFFFFFFFFFFFFFFFFFFFFFFFFFFFFFFFFFFFFFFFFFFFFFFFFFFFFFFFFFFF87
:20792000FFFFFFFFFFFFFFFFFFFFFFFFFFFFFFFFFFFFFFFFFFFFFFFFFFFFFFFFFFFFFFFF67
:20794000FFFFFFFFFFFFFFFFFFFFFFFFFFFFFFFFFFFFFFFFFFFFFFFFFFFFFFFFFFFFFFFF47
:20796000FFFFFFFFFFFFFFFFFFFFFFFFFFFFFFFFFFFFFFFFFFFFFFFFFFFFFFFFFFFFFFFF27
:20798000FFFFFFFFFFFFFFFFFFFFFFFFFFFFFFFFFFFFFFFFFFFFFFFFFFFFFFFFFFFFFFFF07
:2079A000FFFFFFFFFFFFFFFFFFFFFFFFFFFFFFFFFFFFFFFFFFFFFFFFFFFFFFFFFFFFFFFFE7
:2079C000FFFFFFFFFFFFFFFFFFFFFFFFFFFFFFFFFFFFFFFFFFFFFFFFFFFFFFFFFFFFFFFFC7
:2079E000FFFFFFFFFFFFFFFFFFFFFFFFFFFFFFFFFFFFFFFFFFFFFFFFFFFFFFFFFFFFFFFFA7
:207A0000FFFFFFFFFFFFFFFFFFFFFFFFFFFFFFFFFFFFFFFFFFFFFFFFFFFFFFFFFFFFFFFF86
:207A2000FFFFFFFFFFFFFFFFFFFFFFFFFFFFFFFFFFFFFFFFFFFFFFFFFFFFFFFFFFFFFFFF66
:207A4000FFFFFFFFFFFFFFFFFFFFFFFFFFFFFFFFFFFFFFFFFFFFFFFFFFFFFFFFFFFFFFFF46
:207A6000FFFFFFFFFFFFFFFFFFFFFFFFFFFFFFFFFFFFFFFFFFFFFFFFFFFFFFFFFFFFFFFF26
:207A8000FFFFFFFFFFFFFFFFFFFFFFFFFFFFFFFFFFFFFFFFFFFFFFFFFFFFFFFFFFFFFFFF06
:207AA000FFFFFFFFFFFFFFFFFFFFFFFFFFFFFFFFFFFFFFFFFFFFFFFFFFFFFFFFFFFFFFFFE6
:207AC000FFFFFFFFFFFFFFFFFFFFFFFFFFFFFFFFFFFFFFFFFFFFFFFFFFFFFFFFFFFFFFFFC6
:207AE000FFFFFFFFFFFFFFFFFFFFFFFFFFFFFFFFFFFFFFFFFFFFFFFFFFFFFFFFFFFFFFFFA6
:207B0000FFFFFFFFFFFFFFFFFFFFFFFFFFFFFFFFFFFFFFFFFFFFFFFFFFFFFFFFFFFFFFFF85
:207B2000FFFFFFFFFFFFFFFFFFFFFFFFFFFFFFFFFFFFFFFFFFFFFFFFFFFFFFFFFFFFFFFF65
:207B4000FFFFFFFFFFFFFFFFFFFFFFFFFFFFFFFFFFFFFFFFFFFFFFFFFFFFFFFFFFFFFFFF45
:207B6000FFFFFFFFFFFFFFFFFFFFFFFFFFFFFFFFFFFFFFFFFFFFFFFFFFFFFFFFFFFFFFFF25
:207B8000FFFFFFFFFFFFFFFFFFFFFFFFFFFFFFFFFFFFFFFFFFFFFFFFFFFFFFFFFFFFFFFF05
:207BA000FFFFFFFFFFFFFFFFFFFFFFFFFFFFFFFFFFFFFFFFFFFFFFFFFFFFFFFFFFFFFFFFE5
:207BC000FFFFFFFFFFFFFFFFFFFFFFFFFFFFFFFFFFFFFFFFFFFFFFFFFFFFFFFFFFFFFFFFC5
:207BE000FFFFFFFFFFFFFFFFFFFFFFFFFFFFFFFFFFFFFFFFFFFFFFFFFFFFFFFFFFFFFFFFA5
:207C0000FFFFFFFFFFFFFFFFFFFFFFFFFFFFFFFFFFFFFFFFFFFFFFFFFFFFFFFFFFFFFFFF84
:207C2000FFFFFFFFFFFFFFFFFFFFFFFFFFFFFFFFFFFFFFFFFFFFFFFFFFFFFFFFFFFFFFFF64
:207C4000FFFFFFFFFFFFFFFFFFFFFFFFFFFFFFFFFFFFFFFFFFFFFFFFFFFFFFFFFFFFFFFF44
:207C6000FFFFFFFFFFFFFFFFFFFFFFFFFFFFFFFFFFFFFFFFFFFFFFFFFFFFFFFFFFFFFFFF24
:207C8000FFFFFFFFFFFFFFFFFFFFFFFFFFFFFFFFFFFFFFFFFFFFFFFFFFFFFFFFFFFFFFFF04
:207CA000FFFFFFFFFFFFFFFFFFFFFFFFFFFFFFFFFFFFFFFFFFFFFFFFFFFFFFFFFFFFFFFFE4
:207CC000FFFFFFFFFFFFFFFFFFFFFFFFFFFFFFFFFFFFFFFFFFFFFFFFFFFFFFFFFFFFFFFFC4
:207CE000FFFFFFFFFFFFFFFFFFFFFFFFFFFFFFFFFFFFFFFFFFFFFFFFFFFFFFFFFFFFFFFFA4
:207D0000FFFFFFFFFFFFFFFFFFFFFFFFFFFFFFFFFFFFFFFFFFFFFFFFFFFFFFFFFFFFFFFF83
:207D2000FFFFFFFFFFFFFFFFFFFFFFFFFFFFFFFFFFFFFFFFFFFFFFFFFFFFFFFFFFFFFFFF63
:207D4000FFFFFFFFFFFFFFFFFFFFFFFFFFFFFFFFFFFFFFFFFFFFFFFFFFFFFFFFFFFFFFFF43
:207D6000FFFFFFFFFFFFFFFFFFFFFFFFFFFFFFFFFFFFFFFFFFFFFFFFFFFFFFFFFFFFFFFF23
:207D8000FFFFFFFFFFFFFFFFFFFFFFFFFFFFFFFFFFFFFFFFFFFFFFFFFFFFFFFFFFFFFFFF03
:207DA000FFFFFFFFFFFFFFFFFFFFFFFFFFFFFFFFFFFFFFFFFFFFFFFFFFFFFFFFFFFFFFFFE3
:207DC000FFFFFFFFFFFFFFFFFFFFFFFFFFFFFFFFFFFFFFFFFFFFFFFFFFFFFFFFFFFFFFFFC3
:207DE000FFFFFFFFFFFFFFFFFFFFFFFFFFFFFFFFFFFFFFFFFFFFFFFFFFFFFFFFFFFFFFFFA3
:207E0000FFFFFFFFFFFFFFFFFFFFFFFFFFFFFFFFFFFFFFFFFFFFFFFFFFFFFFFFFFFFFFFF82
:207E2000FFFFFFFFFFFFFFFFFFFFFFFFFFFFFFFFFFFFFFFFFFFFFFFFFFFFFFFFFFFFFFFF62
:207E4000FFFFFFFFFFFFFFFFFFFFFFFFFFFFFFFFFFFFFFFFFFFFFFFFFFFFFFFFFFFFFFFF42
:207E6000FFFFFFFFFFFFFFFFFFFFFFFFFFFFFFFFFFFFFFFFFFFFFFFFFFFFFFFFFFFFFFFF22
:207E8000FFFFFFFFFFFFFFFFFFFFFFFFFFFFFFFFFFFFFFFFFFFFFFFFFFFFFFFFFFFFFFFF02
:207EA000FFFFFFFFFFFFFFFFFFFFFFFFFFFFFFFFFFFFFFFFFFFFFFFFFFFFFFFFFFFFFFFFE2
:207EC000FFFFFFFFFFFFFFFFFFFFFFFFFFFFFFFFFFFFFFFFFFFFFFFFFFFFFFFFFFFFFFFFC2
:207EE000FFFFFFFFFFFFFFFFFFFFFFFFFFFFFFFFFFFFFFFFFFFFFFFFFFFFFFFFFFFFFFFFA2
:207F0000FFFFFFFFFFFFFFFFFFFFFFFFFFFFFFFFFFFFFFFFFFFFFFFFFFFFFFFFFFFFFFFF81
:207F2000FFFFFFFFFFFFFFFFFFFFFFFFFFFFFFFFFFFFFFFFFFFFFFFFFFFFFFFFFFFFFFFF61
:207F4000FFFFFFFFFFFFFFFFFFFFFFFFFFFFFFFFFFFFFFFFFFFFFFFFFFFFFFFFFFFFFFFF41
:207F6000FFFFFFFFFFFFFFFFFFFFFFFFFFFFFFFFFFFFFFFFFFFFFFFFFFFFFFFFFFFFFFFF21
:207F8000FFFFFFFFFFFFFFFFFFFFFFFFFFFFFFFFFFFFFFFFFFFFFFFFFFFFFFFFFFFFFFFF01
:207FA000FFFFFFFFFFFFFFFFFFFFFFFFFFFFFFFFFFFFFFFFFFFFFFFFFFFFFFFFFFFFFFFFE1
:207FC000FFFFFFFFFFFFFFFFFFFFFFFFFFFFFFFFFFFFFFFFFFFFFFFFFFFFFFFFFFFFFFFFC1
:207FE000FFFFFFFFFFFFFFFFFFFFFFFFFFFFFFFFFFFFFFFFFFFFFFFFFFFFFFFFFFFFFFFFA1
:20800000FFFFFFFFFFFFFFFFFFFFFFFFFFFFFFFFFFFFFFFFFFFFFFFFFFFFFFFFFFFFFFFF80
:20802000FFFFFFFFFFFFFFFFFFFFFFFFFFFFFFFFFFFFFFFFFFFFFFFFFFFFFFFFFFFFFFFF60
:20804000FFFFFFFFFFFFFFFFFFFFFFFFFFFFFFFFFFFFFFFFFFFFFFFFFFFFFFFFFFFFFFFF40
:20806000FFFFFFFFFFFFFFFFFFFFFFFFFFFFFFFFFFFFFFFFFFFFFFFFFFFFFFFFFFFFFFFF20
:20808000FFFFFFFFFFFFFFFFFFFFFFFFFFFFFFFFFFFFFFFFFFFFFFFFFFFFFFFFFFFFFFFF00
:2080A000FFFFFFFFFFFFFFFFFFFFFFFFFFFFFFFFFFFFFFFFFFFFFFFFFFFFFFFFFFFFFFFFE0
:2080C000FFFFFFFFFFFFFFFFFFFFFFFFFFFFFFFFFFFFFFFFFFFFFFFFFFFFFFFFFFFFFFFFC0
:2080E000FFFFFFFFFFFFFFFFFFFFFFFFFFFFFFFFFFFFFFFFFFFFFFFFFFFFFFFFFFFFFFFFA0
:20810000FFFFFFFFFFFFFFFFFFFFFFFFFFFFFFFFFFFFFFFFFFFFFFFFFFFFFFFFFFFFFFFF7F
:20812000FFFFFFFFFFFFFFFFFFFFFFFFFFFFFFFFFFFFFFFFFFFFFFFFFFFFFFFFFFFFFFFF5F
:20814000FFFFFFFFFFFFFFFFFFFFFFFFFFFFFFFFFFFFFFFFFFFFFFFFFFFFFFFFFFFFFFFF3F
:20816000FFFFFFFFFFFFFFFFFFFFFFFFFFFFFFFFFFFFFFFFFFFFFFFFFFFFFFFFFFFFFFFF1F
:20818000FFFFFFFFFFFFFFFFFFFFFFFFFFFFFFFFFFFFFFFFFFFFFFFFFFFFFFFFFFFFFFFFFF
:2081A000FFFFFFFFFFFFFFFFFFFFFFFFFFFFFFFFFFFFFFFFFFFFFFFFFFFFFFFFFFFFFFFFDF
:2081C000FFFFFFFFFFFFFFFFFFFFFFFFFFFFFFFFFFFFFFFFFFFFFFFFFFFFFFFFFFFFFFFFBF
:2081E000FFFFFFFFFFFFFFFFFFFFFFFFFFFFFFFFFFFFFFFFFFFFFFFFFFFFFFFFFFFFFFFF9F
:20820000FFFFFFFFFFFFFFFFFFFFFFFFFFFFFFFFFFFFFFFFFFFFFFFFFFFFFFFFFFFFFFFF7E
:20822000FFFFFFFFFFFFFFFFFFFFFFFFFFFFFFFFFFFFFFFFFFFFFFFFFFFFFFFFFFFFFFFF5E
:20824000FFFFFFFFFFFFFFFFFFFFFFFFFFFFFFFFFFFFFFFFFFFFFFFFFFFFFFFFFFFFFFFF3E
:20826000FFFFFFFFFFFFFFFFFFFFFFFFFFFFFFFFFFFFFFFFFFFFFFFFFFFFFFFFFFFFFFFF1E
:20828000FFFFFFFFFFFFFFFFFFFFFFFFFFFFFFFFFFFFFFFFFFFFFFFFFFFFFFFFFFFFFFFFFE
:2082A000FFFFFFFFFFFFFFFFFFFFFFFFFFFFFFFFFFFFFFFFFFFFFFFFFFFFFFFFFFFFFFFFDE
:2082C000FFFFFFFFFFFFFFFFFFFFFFFFFFFFFFFFFFFFFFFFFFFFFFFFFFFFFFFFFFFFFFFFBE
:2082E000FFFFFFFFFFFFFFFFFFFFFFFFFFFFFFFFFFFFFFFFFFFFFFFFFFFFFFFFFFFFFFFF9E
:20830000FFFFFFFFFFFFFFFFFFFFFFFFFFFFFFFFFFFFFFFFFFFFFFFFFFFFFFFFFFFFFFFF7D
:20832000FFFFFFFFFFFFFFFFFFFFFFFFFFFFFFFFFFFFFFFFFFFFFFFFFFFFFFFFFFFFFFFF5D
:20834000FFFFFFFFFFFFFFFFFFFFFFFFFFFFFFFFFFFFFFFFFFFFFFFFFFFFFFFFFFFFFFFF3D
:20836000FFFFFFFFFFFFFFFFFFFFFFFFFFFFFFFFFFFFFFFFFFFFFFFFFFFFFFFFFFFFFFFF1D
:20838000FFFFFFFFFFFFFFFFFFFFFFFFFFFFFFFFFFFFFFFFFFFFFFFFFFFFFFFFFFFFFFFFFD
:2083A000FFFFFFFFFFFFFFFFFFFFFFFFFFFFFFFFFFFFFFFFFFFFFFFFFFFFFFFFFFFFFFFFDD
:2083C000FFFFFFFFFFFFFFFFFFFFFFFFFFFFFFFFFFFFFFFFFFFFFFFFFFFFFFFFFFFFFFFFBD
:2083E000FFFFFFFFFFFFFFFFFFFFFFFFFFFFFFFFFFFFFFFFFFFFFFFFFFFFFFFFFFFFFFFF9D
:20840000FFFFFFFFFFFFFFFFFFFFFFFFFFFFFFFFFFFFFFFFFFFFFFFFFFFFFFFFFFFFFFFF7C
:20842000FFFFFFFFFFFFFFFFFFFFFFFFFFFFFFFFFFFFFFFFFFFFFFFFFFFFFFFFFFFFFFFF5C
:20844000FFFFFFFFFFFFFFFFFFFFFFFFFFFFFFFFFFFFFFFFFFFFFFFFFFFFFFFFFFFFFFFF3C
:20846000FFFFFFFFFFFFFFFFFFFFFFFFFFFFFFFFFFFFFFFFFFFFFFFFFFFFFFFFFFFFFFFF1C
:20848000FFFFFFFFFFFFFFFFFFFFFFFFFFFFFFFFFFFFFFFFFFFFFFFFFFFFFFFFFFFFFFFFFC
:2084A000FFFFFFFFFFFFFFFFFFFFFFFFFFFFFFFFFFFFFFFFFFFFFFFFFFFFFFFFFFFFFFFFDC
:2084C000FFFFFFFFFFFFFFFFFFFFFFFFFFFFFFFFFFFFFFFFFFFFFFFFFFFFFFFFFFFFFFFFBC
:2084E000FFFFFFFFFFFFFFFFFFFFFFFFFFFFFFFFFFFFFFFFFFFFFFFFFFFFFFFFFFFFFFFF9C
:20850000FFFFFFFFFFFFFFFFFFFFFFFFFFFFFFFFFFFFFFFFFFFFFFFFFFFFFFFFFFFFFFFF7B
:20852000FFFFFFFFFFFFFFFFFFFFFFFFFFFFFFFFFFFFFFFFFFFFFFFFFFFFFFFFFFFFFFFF5B
:20854000FFFFFFFFFFFFFFFFFFFFFFFFFFFFFFFFFFFFFFFFFFFFFFFFFFFFFFFFFFFFFFFF3B
:20856000FFFFFFFFFFFFFFFFFFFFFFFFFFFFFFFFFFFFFFFFFFFFFFFFFFFFFFFFFFFFFFFF1B
:20858000FFFFFFFFFFFFFFFFFFFFFFFFFFFFFFFFFFFFFFFFFFFFFFFFFFFFFFFFFFFFFFFFFB
:2085A000FFFFFFFFFFFFFFFFFFFFFFFFFFFFFFFFFFFFFFFFFFFFFFFFFFFFFFFFFFFFFFFFDB
:2085C000FFFFFFFFFFFFFFFFFFFFFFFFFFFFFFFFFFFFFFFFFFFFFFFFFFFFFFFFFFFFFFFFBB
:2085E000FFFFFFFFFFFFFFFFFFFFFFFFFFFFFFFFFFFFFFFFFFFFFFFFFFFFFFFFFFFFFFFF9B
:20860000FFFFFFFFFFFFFFFFFFFFFFFFFFFFFFFFFFFFFFFFFFFFFFFFFFFFFFFFFFFFFFFF7A
:20862000FFFFFFFFFFFFFFFFFFFFFFFFFFFFFFFFFFFFFFFFFFFFFFFFFFFFFFFFFFFFFFFF5A
:20864000FFFFFFFFFFFFFFFFFFFFFFFFFFFFFFFFFFFFFFFFFFFFFFFFFFFFFFFFFFFFFFFF3A
:20866000FFFFFFFFFFFFFFFFFFFFFFFFFFFFFFFFFFFFFFFFFFFFFFFFFFFFFFFFFFFFFFFF1A
:20868000FFFFFFFFFFFFFFFFFFFFFFFFFFFFFFFFFFFFFFFFFFFFFFFFFFFFFFFFFFFFFFFFFA
:2086A000FFFFFFFFFFFFFFFFFFFFFFFFFFFFFFFFFFFFFFFFFFFFFFFFFFFFFFFFFFFFFFFFDA
:2086C000FFFFFFFFFFFFFFFFFFFFFFFFFFFFFFFFFFFFFFFFFFFFFFFFFFFFFFFFFFFFFFFFBA
:2086E000FFFFFFFFFFFFFFFFFFFFFFFFFFFFFFFFFFFFFFFFFFFFFFFFFFFFFFFFFFFFFFFF9A
:20870000FFFFFFFFFFFFFFFFFFFFFFFFFFFFFFFFFFFFFFFFFFFFFFFFFFFFFFFFFFFFFFFF79
:20872000FFFFFFFFFFFFFFFFFFFFFFFFFFFFFFFFFFFFFFFFFFFFFFFFFFFFFFFFFFFFFFFF59
:20874000FFFFFFFFFFFFFFFFFFFFFFFFFFFFFFFFFFFFFFFFFFFFFFFFFFFFFFFFFFFFFFFF39
:20876000FFFFFFFFFFFFFFFFFFFFFFFFFFFFFFFFFFFFFFFFFFFFFFFFFFFFFFFFFFFFFFFF19
:20878000FFFFFFFFFFFFFFFFFFFFFFFFFFFFFFFFFFFFFFFFFFFFFFFFFFFFFFFFFFFFFFFFF9
:2087A000FFFFFFFFFFFFFFFFFFFFFFFFFFFFFFFFFFFFFFFFFFFFFFFFFFFFFFFFFFFFFFFFD9
:2087C000FFFFFFFFFFFFFFFFFFFFFFFFFFFFFFFFFFFFFFFFFFFFFFFFFFFFFFFFFFFFFFFFB9
:2087E000FFFFFFFFFFFFFFFFFFFFFFFFFFFFFFFFFFFFFFFFFFFFFFFFFFFFFFFFFFFFFFFF99
:20880000FFFFFFFFFFFFFFFFFFFFFFFFFFFFFFFFFFFFFFFFFFFFFFFFFFFFFFFFFFFFFFFF78
:20882000FFFFFFFFFFFFFFFFFFFFFFFFFFFFFFFFFFFFFFFFFFFFFFFFFFFFFFFFFFFFFFFF58
:20884000FFFFFFFFFFFFFFFFFFFFFFFFFFFFFFFFFFFFFFFFFFFFFFFFFFFFFFFFFFFFFFFF38
:20886000FFFFFFFFFFFFFFFFFFFFFFFFFFFFFFFFFFFFFFFFFFFFFFFFFFFFFFFFFFFFFFFF18
:20888000FFFFFFFFFFFFFFFFFFFFFFFFFFFFFFFFFFFFFFFFFFFFFFFFFFFFFFFFFFFFFFFFF8
:2088A000FFFFFFFFFFFFFFFFFFFFFFFFFFFFFFFFFFFFFFFFFFFFFFFFFFFFFFFFFFFFFFFFD8
:2088C000FFFFFFFFFFFFFFFFFFFFFFFFFFFFFFFFFFFFFFFFFFFFFFFFFFFFFFFFFFFFFFFFB8
:2088E000FFFFFFFFFFFFFFFFFFFFFFFFFFFFFFFFFFFFFFFFFFFFFFFFFFFFFFFFFFFFFFFF98
:20890000FFFFFFFFFFFFFFFFFFFFFFFFFFFFFFFFFFFFFFFFFFFFFFFFFFFFFFFFFFFFFFFF77
:20892000FFFFFFFFFFFFFFFFFFFFFFFFFFFFFFFFFFFFFFFFFFFFFFFFFFFFFFFFFFFFFFFF57
:20894000FFFFFFFFFFFFFFFFFFFFFFFFFFFFFFFFFFFFFFFFFFFFFFFFFFFFFFFFFFFFFFFF37
:20896000FFFFFFFFFFFFFFFFFFFFFFFFFFFFFFFFFFFFFFFFFFFFFFFFFFFFFFFFFFFFFFFF17
:20898000FFFFFFFFFFFFFFFFFFFFFFFFFFFFFFFFFFFFFFFFFFFFFFFFFFFFFFFFFFFFFFFFF7
:2089A000FFFFFFFFFFFFFFFFFFFFFFFFFFFFFFFFFFFFFFFFFFFFFFFFFFFFFFFFFFFFFFFFD7
:2089C000FFFFFFFFFFFFFFFFFFFFFFFFFFFFFFFFFFFFFFFFFFFFFFFFFFFFFFFFFFFFFFFFB7
:2089E000FFFFFFFFFFFFFFFFFFFFFFFFFFFFFFFFFFFFFFFFFFFFFFFFFFFFFFFFFFFFFFFF97
:208A0000FFFFFFFFFFFFFFFFFFFFFFFFFFFFFFFFFFFFFFFFFFFFFFFFFFFFFFFFFFFFFFFF76
:208A2000FFFFFFFFFFFFFFFFFFFFFFFFFFFFFFFFFFFFFFFFFFFFFFFFFFFFFFFFFFFFFFFF56
:208A4000FFFFFFFFFFFFFFFFFFFFFFFFFFFFFFFFFFFFFFFFFFFFFFFFFFFFFFFFFFFFFFFF36
:208A6000FFFFFFFFFFFFFFFFFFFFFFFFFFFFFFFFFFFFFFFFFFFFFFFFFFFFFFFFFFFFFFFF16
:208A8000FFFFFFFFFFFFFFFFFFFFFFFFFFFFFFFFFFFFFFFFFFFFFFFFFFFFFFFFFFFFFFFFF6
:208AA000FFFFFFFFFFFFFFFFFFFFFFFFFFFFFFFFFFFFFFFFFFFFFFFFFFFFFFFFFFFFFFFFD6
:208AC000FFFFFFFFFFFFFFFFFFFFFFFFFFFFFFFFFFFFFFFFFFFFFFFFFFFFFFFFFFFFFFFFB6
:208AE000FFFFFFFFFFFFFFFFFFFFFFFFFFFFFFFFFFFFFFFFFFFFFFFFFFFFFFFFFFFFFFFF96
:208B0000FFFFFFFFFFFFFFFFFFFFFFFFFFFFFFFFFFFFFFFFFFFFFFFFFFFFFFFFFFFFFFFF75
:208B2000FFFFFFFFFFFFFFFFFFFFFFFFFFFFFFFFFFFFFFFFFFFFFFFFFFFFFFFFFFFFFFFF55
:208B4000FFFFFFFFFFFFFFFFFFFFFFFFFFFFFFFFFFFFFFFFFFFFFFFFFFFFFFFFFFFFFFFF35
:208B6000FFFFFFFFFFFFFFFFFFFFFFFFFFFFFFFFFFFFFFFFFFFFFFFFFFFFFFFFFFFFFFFF15
:208B8000FFFFFFFFFFFFFFFFFFFFFFFFFFFFFFFFFFFFFFFFFFFFFFFFFFFFFFFFFFFFFFFFF5
:208BA000FFFFFFFFFFFFFFFFFFFFFFFFFFFFFFFFFFFFFFFFFFFFFFFFFFFFFFFFFFFFFFFFD5
:208BC000FFFFFFFFFFFFFFFFFFFFFFFFFFFFFFFFFFFFFFFFFFFFFFFFFFFFFFFFFFFFFFFFB5
:208BE000FFFFFFFFFFFFFFFFFFFFFFFFFFFFFFFFFFFFFFFFFFFFFFFFFFFFFFFFFFFFFFFF95
:208C0000FFFFFFFFFFFFFFFFFFFFFFFFFFFFFFFFFFFFFFFFFFFFFFFFFFFFFFFFFFFFFFFF74
:208C2000FFFFFFFFFFFFFFFFFFFFFFFFFFFFFFFFFFFFFFFFFFFFFFFFFFFFFFFFFFFFFFFF54
:208C4000FFFFFFFFFFFFFFFFFFFFFFFFFFFFFFFFFFFFFFFFFFFFFFFFFFFFFFFFFFFFFFFF34
:208C6000FFFFFFFFFFFFFFFFFFFFFFFFFFFFFFFFFFFFFFFFFFFFFFFFFFFFFFFFFFFFFFFF14
:208C8000FFFFFFFFFFFFFFFFFFFFFFFFFFFFFFFFFFFFFFFFFFFFFFFFFFFFFFFFFFFFFFFFF4
:208CA000FFFFFFFFFFFFFFFFFFFFFFFFFFFFFFFFFFFFFFFFFFFFFFFFFFFFFFFFFFFFFFFFD4
:208CC000FFFFFFFFFFFFFFFFFFFFFFFFFFFFFFFFFFFFFFFFFFFFFFFFFFFFFFFFFFFFFFFFB4
:208CE000FFFFFFFFFFFFFFFFFFFFFFFFFFFFFFFFFFFFFFFFFFFFFFFFFFFFFFFFFFFFFFFF94
:208D0000FFFFFFFFFFFFFFFFFFFFFFFFFFFFFFFFFFFFFFFFFFFFFFFFFFFFFFFFFFFFFFFF73
:208D2000FFFFFFFFFFFFFFFFFFFFFFFFFFFFFFFFFFFFFFFFFFFFFFFFFFFFFFFFFFFFFFFF53
:208D4000FFFFFFFFFFFFFFFFFFFFFFFFFFFFFFFFFFFFFFFFFFFFFFFFFFFFFFFFFFFFFFFF33
:208D6000FFFFFFFFFFFFFFFFFFFFFFFFFFFFFFFFFFFFFFFFFFFFFFFFFFFFFFFFFFFFFFFF13
:208D8000FFFFFFFFFFFFFFFFFFFFFFFFFFFFFFFFFFFFFFFFFFFFFFFFFFFFFFFFFFFFFFFFF3
:208DA000FFFFFFFFFFFFFFFFFFFFFFFFFFFFFFFFFFFFFFFFFFFFFFFFFFFFFFFFFFFFFFFFD3
:208DC000FFFFFFFFFFFFFFFFFFFFFFFFFFFFFFFFFFFFFFFFFFFFFFFFFFFFFFFFFFFFFFFFB3
:208DE000FFFFFFFFFFFFFFFFFFFFFFFFFFFFFFFFFFFFFFFFFFFFFFFFFFFFFFFFFFFFFFFF93
:208E0000FFFFFFFFFFFFFFFFFFFFFFFFFFFFFFFFFFFFFFFFFFFFFFFFFFFFFFFFFFFFFFFF72
:208E2000FFFFFFFFFFFFFFFFFFFFFFFFFFFFFFFFFFFFFFFFFFFFFFFFFFFFFFFFFFFFFFFF52
:208E4000FFFFFFFFFFFFFFFFFFFFFFFFFFFFFFFFFFFFFFFFFFFFFFFFFFFFFFFFFFFFFFFF32
:208E6000FFFFFFFFFFFFFFFFFFFFFFFFFFFFFFFFFFFFFFFFFFFFFFFFFFFFFFFFFFFFFFFF12
:208E8000FFFFFFFFFFFFFFFFFFFFFFFFFFFFFFFFFFFFFFFFFFFFFFFFFFFFFFFFFFFFFFFFF2
:208EA000FFFFFFFFFFFFFFFFFFFFFFFFFFFFFFFFFFFFFFFFFFFFFFFFFFFFFFFFFFFFFFFFD2
:208EC000FFFFFFFFFFFFFFFFFFFFFFFFFFFFFFFFFFFFFFFFFFFFFFFFFFFFFFFFFFFFFFFFB2
:208EE000FFFFFFFFFFFFFFFFFFFFFFFFFFFFFFFFFFFFFFFFFFFFFFFFFFFFFFFFFFFFFFFF92
:208F0000FFFFFFFFFFFFFFFFFFFFFFFFFFFFFFFFFFFFFFFFFFFFFFFFFFFFFFFFFFFFFFFF71
:208F2000FFFFFFFFFFFFFFFFFFFFFFFFFFFFFFFFFFFFFFFFFFFFFFFFFFFFFFFFFFFFFFFF51
:208F4000FFFFFFFFFFFFFFFFFFFFFFFFFFFFFFFFFFFFFFFFFFFFFFFFFFFFFFFFFFFFFFFF31
:208F6000FFFFFFFFFFFFFFFFFFFFFFFFFFFFFFFFFFFFFFFFFFFFFFFFFFFFFFFFFFFFFFFF11
:208F8000FFFFFFFFFFFFFFFFFFFFFFFFFFFFFFFFFFFFFFFFFFFFFFFFFFFFFFFFFFFFFFFFF1
:208FA000FFFFFFFFFFFFFFFFFFFFFFFFFFFFFFFFFFFFFFFFFFFFFFFFFFFFFFFFFFFFFFFFD1
:208FC000FFFFFFFFFFFFFFFFFFFFFFFFFFFFFFFFFFFFFFFFFFFFFFFFFFFFFFFFFFFFFFFFB1
:208FE000FFFFFFFFFFFFFFFFFFFFFFFFFFFFFFFFFFFFFFFFFFFFFFFFFFFFFFFFFFFFFFFF91
:20900000FFFFFFFFFFFFFFFFFFFFFFFFFFFFFFFFFFFFFFFFFFFFFFFFFFFFFFFFFFFFFFFF70
:20902000FFFFFFFFFFFFFFFFFFFFFFFFFFFFFFFFFFFFFFFFFFFFFFFFFFFFFFFFFFFFFFFF50
:20904000FFFFFFFFFFFFFFFFFFFFFFFFFFFFFFFFFFFFFFFFFFFFFFFFFFFFFFFFFFFFFFFF30
:20906000FFFFFFFFFFFFFFFFFFFFFFFFFFFFFFFFFFFFFFFFFFFFFFFFFFFFFFFFFFFFFFFF10
:20908000FFFFFFFFFFFFFFFFFFFFFFFFFFFFFFFFFFFFFFFFFFFFFFFFFFFFFFFFFFFFFFFFF0
:2090A000FFFFFFFFFFFFFFFFFFFFFFFFFFFFFFFFFFFFFFFFFFFFFFFFFFFFFFFFFFFFFFFFD0
:2090C000FFFFFFFFFFFFFFFFFFFFFFFFFFFFFFFFFFFFFFFFFFFFFFFFFFFFFFFFFFFFFFFFB0
:2090E000FFFFFFFFFFFFFFFFFFFFFFFFFFFFFFFFFFFFFFFFFFFFFFFFFFFFFFFFFFFFFFFF90
:20910000FFFFFFFFFFFFFFFFFFFFFFFFFFFFFFFFFFFFFFFFFFFFFFFFFFFFFFFFFFFFFFFF6F
:20912000FFFFFFFFFFFFFFFFFFFFFFFFFFFFFFFFFFFFFFFFFFFFFFFFFFFFFFFFFFFFFFFF4F
:20914000FFFFFFFFFFFFFFFFFFFFFFFFFFFFFFFFFFFFFFFFFFFFFFFFFFFFFFFFFFFFFFFF2F
:20916000FFFFFFFFFFFFFFFFFFFFFFFFFFFFFFFFFFFFFFFFFFFFFFFFFFFFFFFFFFFFFFFF0F
:20918000FFFFFFFFFFFFFFFFFFFFFFFFFFFFFFFFFFFFFFFFFFFFFFFFFFFFFFFFFFFFFFFFEF
:2091A000FFFFFFFFFFFFFFFFFFFFFFFFFFFFFFFFFFFFFFFFFFFFFFFFFFFFFFFFFFFFFFFFCF
:2091C000FFFFFFFFFFFFFFFFFFFFFFFFFFFFFFFFFFFFFFFFFFFFFFFFFFFFFFFFFFFFFFFFAF
:2091E000FFFFFFFFFFFFFFFFFFFFFFFFFFFFFFFFFFFFFFFFFFFFFFFFFFFFFFFFFFFFFFFF8F
:20920000FFFFFFFFFFFFFFFFFFFFFFFFFFFFFFFFFFFFFFFFFFFFFFFFFFFFFFFFFFFFFFFF6E
:20922000FFFFFFFFFFFFFFFFFFFFFFFFFFFFFFFFFFFFFFFFFFFFFFFFFFFFFFFFFFFFFFFF4E
:20924000FFFFFFFFFFFFFFFFFFFFFFFFFFFFFFFFFFFFFFFFFFFFFFFFFFFFFFFFFFFFFFFF2E
:20926000FFFFFFFFFFFFFFFFFFFFFFFFFFFFFFFFFFFFFFFFFFFFFFFFFFFFFFFFFFFFFFFF0E
:20928000FFFFFFFFFFFFFFFFFFFFFFFFFFFFFFFFFFFFFFFFFFFFFFFFFFFFFFFFFFFFFFFFEE
:2092A000FFFFFFFFFFFFFFFFFFFFFFFFFFFFFFFFFFFFFFFFFFFFFFFFFFFFFFFFFFFFFFFFCE
:2092C000FFFFFFFFFFFFFFFFFFFFFFFFFFFFFFFFFFFFFFFFFFFFFFFFFFFFFFFFFFFFFFFFAE
:2092E000FFFFFFFFFFFFFFFFFFFFFFFFFFFFFFFFFFFFFFFFFFFFFFFFFFFFFFFFFFFFFFFF8E
:20930000FFFFFFFFFFFFFFFFFFFFFFFFFFFFFFFFFFFFFFFFFFFFFFFFFFFFFFFFFFFFFFFF6D
:20932000FFFFFFFFFFFFFFFFFFFFFFFFFFFFFFFFFFFFFFFFFFFFFFFFFFFFFFFFFFFFFFFF4D
:20934000FFFFFFFFFFFFFFFFFFFFFFFFFFFFFFFFFFFFFFFFFFFFFFFFFFFFFFFFFFFFFFFF2D
:20936000FFFFFFFFFFFFFFFFFFFFFFFFFFFFFFFFFFFFFFFFFFFFFFFFFFFFFFFFFFFFFFFF0D
:20938000FFFFFFFFFFFFFFFFFFFFFFFFFFFFFFFFFFFFFFFFFFFFFFFFFFFFFFFFFFFFFFFFED
:2093A000FFFFFFFFFFFFFFFFFFFFFFFFFFFFFFFFFFFFFFFFFFFFFFFFFFFFFFFFFFFFFFFFCD
:2093C000FFFFFFFFFFFFFFFFFFFFFFFFFFFFFFFFFFFFFFFFFFFFFFFFFFFFFFFFFFFFFFFFAD
:2093E000FFFFFFFFFFFFFFFFFFFFFFFFFFFFFFFFFFFFFFFFFFFFFFFFFFFFFFFFFFFFFFFF8D
:20940000FFFFFFFFFFFFFFFFFFFFFFFFFFFFFFFFFFFFFFFFFFFFFFFFFFFFFFFFFFFFFFFF6C
:20942000FFFFFFFFFFFFFFFFFFFFFFFFFFFFFFFFFFFFFFFFFFFFFFFFFFFFFFFFFFFFFFFF4C
:20944000FFFFFFFFFFFFFFFFFFFFFFFFFFFFFFFFFFFFFFFFFFFFFFFFFFFFFFFFFFFFFFFF2C
:20946000FFFFFFFFFFFFFFFFFFFFFFFFFFFFFFFFFFFFFFFFFFFFFFFFFFFFFFFFFFFFFFFF0C
:20948000FFFFFFFFFFFFFFFFFFFFFFFFFFFFFFFFFFFFFFFFFFFFFFFFFFFFFFFFFFFFFFFFEC
:2094A000FFFFFFFFFFFFFFFFFFFFFFFFFFFFFFFFFFFFFFFFFFFFFFFFFFFFFFFFFFFFFFFFCC
:2094C000FFFFFFFFFFFFFFFFFFFFFFFFFFFFFFFFFFFFFFFFFFFFFFFFFFFFFFFFFFFFFFFFAC
:2094E000FFFFFFFFFFFFFFFFFFFFFFFFFFFFFFFFFFFFFFFFFFFFFFFFFFFFFFFFFFFFFFFF8C
:20950000FFFFFFFFFFFFFFFFFFFFFFFFFFFFFFFFFFFFFFFFFFFFFFFFFFFFFFFFFFFFFFFF6B
:20952000FFFFFFFFFFFFFFFFFFFFFFFFFFFFFFFFFFFFFFFFFFFFFFFFFFFFFFFFFFFFFFFF4B
:20954000FFFFFFFFFFFFFFFFFFFFFFFFFFFFFFFFFFFFFFFFFFFFFFFFFFFFFFFFFFFFFFFF2B
:20956000FFFFFFFFFFFFFFFFFFFFFFFFFFFFFFFFFFFFFFFFFFFFFFFFFFFFFFFFFFFFFFFF0B
:20958000FFFFFFFFFFFFFFFFFFFFFFFFFFFFFFFFFFFFFFFFFFFFFFFFFFFFFFFFFFFFFFFFEB
:2095A000FFFFFFFFFFFFFFFFFFFFFFFFFFFFFFFFFFFFFFFFFFFFFFFFFFFFFFFFFFFFFFFFCB
:2095C000FFFFFFFFFFFFFFFFFFFFFFFFFFFFFFFFFFFFFFFFFFFFFFFFFFFFFFFFFFFFFFFFAB
:2095E000FFFFFFFFFFFFFFFFFFFFFFFFFFFFFFFFFFFFFFFFFFFFFFFFFFFFFFFFFFFFFFFF8B
:20960000FFFFFFFFFFFFFFFFFFFFFFFFFFFFFFFFFFFFFFFFFFFFFFFFFFFFFFFFFFFFFFFF6A
:20962000FFFFFFFFFFFFFFFFFFFFFFFFFFFFFFFFFFFFFFFFFFFFFFFFFFFFFFFFFFFFFFFF4A
:20964000FFFFFFFFFFFFFFFFFFFFFFFFFFFFFFFFFFFFFFFFFFFFFFFFFFFFFFFFFFFFFFFF2A
:20966000FFFFFFFFFFFFFFFFFFFFFFFFFFFFFFFFFFFFFFFFFFFFFFFFFFFFFFFFFFFFFFFF0A
:20968000FFFFFFFFFFFFFFFFFFFFFFFFFFFFFFFFFFFFFFFFFFFFFFFFFFFFFFFFFFFFFFFFEA
:2096A000FFFFFFFFFFFFFFFFFFFFFFFFFFFFFFFFFFFFFFFFFFFFFFFFFFFFFFFFFFFFFFFFCA
:2096C000FFFFFFFFFFFFFFFFFFFFFFFFFFFFFFFFFFFFFFFFFFFFFFFFFFFFFFFFFFFFFFFFAA
:2096E000FFFFFFFFFFFFFFFFFFFFFFFFFFFFFFFFFFFFFFFFFFFFFFFFFFFFFFFFFFFFFFFF8A
:20970000FFFFFFFFFFFFFFFFFFFFFFFFFFFFFFFFFFFFFFFFFFFFFFFFFFFFFFFFFFFFFFFF69
:20972000FFFFFFFFFFFFFFFFFFFFFFFFFFFFFFFFFFFFFFFFFFFFFFFFFFFFFFFFFFFFFFFF49
:20974000FFFFFFFFFFFFFFFFFFFFFFFFFFFFFFFFFFFFFFFFFFFFFFFFFFFFFFFFFFFFFFFF29
:20976000FFFFFFFFFFFFFFFFFFFFFFFFFFFFFFFFFFFFFFFFFFFFFFFFFFFFFFFFFFFFFFFF09
:20978000FFFFFFFFFFFFFFFFFFFFFFFFFFFFFFFFFFFFFFFFFFFFFFFFFFFFFFFFFFFFFFFFE9
:2097A000FFFFFFFFFFFFFFFFFFFFFFFFFFFFFFFFFFFFFFFFFFFFFFFFFFFFFFFFFFFFFFFFC9
:2097C000FFFFFFFFFFFFFFFFFFFFFFFFFFFFFFFFFFFFFFFFFFFFFFFFFFFFFFFFFFFFFFFFA9
:2097E000FFFFFFFFFFFFFFFFFFFFFFFFFFFFFFFFFFFFFFFFFFFFFFFFFFFFFFFFFFFFFFFF89
:20980000FFFFFFFFFFFFFFFFFFFFFFFFFFFFFFFFFFFFFFFFFFFFFFFFFFFFFFFFFFFFFFFF68
:20982000FFFFFFFFFFFFFFFFFFFFFFFFFFFFFFFFFFFFFFFFFFFFFFFFFFFFFFFFFFFFFFFF48
:20984000FFFFFFFFFFFFFFFFFFFFFFFFFFFFFFFFFFFFFFFFFFFFFFFFFFFFFFFFFFFFFFFF28
:20986000FFFFFFFFFFFFFFFFFFFFFFFFFFFFFFFFFFFFFFFFFFFFFFFFFFFFFFFFFFFFFFFF08
:20988000FFFFFFFFFFFFFFFFFFFFFFFFFFFFFFFFFFFFFFFFFFFFFFFFFFFFFFFFFFFFFFFFE8
:2098A000FFFFFFFFFFFFFFFFFFFFFFFFFFFFFFFFFFFFFFFFFFFFFFFFFFFFFFFFFFFFFFFFC8
:2098C000FFFFFFFFFFFFFFFFFFFFFFFFFFFFFFFFFFFFFFFFFFFFFFFFFFFFFFFFFFFFFFFFA8
:2098E000FFFFFFFFFFFFFFFFFFFFFFFFFFFFFFFFFFFFFFFFFFFFFFFFFFFFFFFFFFFFFFFF88
:20990000FFFFFFFFFFFFFFFFFFFFFFFFFFFFFFFFFFFFFFFFFFFFFFFFFFFFFFFFFFFFFFFF67
:20992000FFFFFFFFFFFFFFFFFFFFFFFFFFFFFFFFFFFFFFFFFFFFFFFFFFFFFFFFFFFFFFFF47
:20994000FFFFFFFFFFFFFFFFFFFFFFFFFFFFFFFFFFFFFFFFFFFFFFFFFFFFFFFFFFFFFFFF27
:20996000FFFFFFFFFFFFFFFFFFFFFFFFFFFFFFFFFFFFFFFFFFFFFFFFFFFFFFFFFFFFFFFF07
:20998000FFFFFFFFFFFFFFFFFFFFFFFFFFFFFFFFFFFFFFFFFFFFFFFFFFFFFFFFFFFFFFFFE7
:2099A000FFFFFFFFFFFFFFFFFFFFFFFFFFFFFFFFFFFFFFFFFFFFFFFFFFFFFFFFFFFFFFFFC7
:2099C000FFFFFFFFFFFFFFFFFFFFFFFFFFFFFFFFFFFFFFFFFFFFFFFFFFFFFFFFFFFFFFFFA7
:2099E000FFFFFFFFFFFFFFFFFFFFFFFFFFFFFFFFFFFFFFFFFFFFFFFFFFFFFFFFFFFFFFFF87
:209A0000FFFFFFFFFFFFFFFFFFFFFFFFFFFFFFFFFFFFFFFFFFFFFFFFFFFFFFFFFFFFFFFF66
:209A2000FFFFFFFFFFFFFFFFFFFFFFFFFFFFFFFFFFFFFFFFFFFFFFFFFFFFFFFFFFFFFFFF46
:209A4000FFFFFFFFFFFFFFFFFFFFFFFFFFFFFFFFFFFFFFFFFFFFFFFFFFFFFFFFFFFFFFFF26
:209A6000FFFFFFFFFFFFFFFFFFFFFFFFFFFFFFFFFFFFFFFFFFFFFFFFFFFFFFFFFFFFFFFF06
:209A8000FFFFFFFFFFFFFFFFFFFFFFFFFFFFFFFFFFFFFFFFFFFFFFFFFFFFFFFFFFFFFFFFE6
:209AA000FFFFFFFFFFFFFFFFFFFFFFFFFFFFFFFFFFFFFFFFFFFFFFFFFFFFFFFFFFFFFFFFC6
:209AC000FFFFFFFFFFFFFFFFFFFFFFFFFFFFFFFFFFFFFFFFFFFFFFFFFFFFFFFFFFFFFFFFA6
:209AE000FFFFFFFFFFFFFFFFFFFFFFFFFFFFFFFFFFFFFFFFFFFFFFFFFFFFFFFFFFFFFFFF86
:209B0000FFFFFFFFFFFFFFFFFFFFFFFFFFFFFFFFFFFFFFFFFFFFFFFFFFFFFFFFFFFFFFFF65
:209B2000FFFFFFFFFFFFFFFFFFFFFFFFFFFFFFFFFFFFFFFFFFFFFFFFFFFFFFFFFFFFFFFF45
:209B4000FFFFFFFFFFFFFFFFFFFFFFFFFFFFFFFFFFFFFFFFFFFFFFFFFFFFFFFFFFFFFFFF25
:209B6000FFFFFFFFFFFFFFFFFFFFFFFFFFFFFFFFFFFFFFFFFFFFFFFFFFFFFFFFFFFFFFFF05
:209B8000FFFFFFFFFFFFFFFFFFFFFFFFFFFFFFFFFFFFFFFFFFFFFFFFFFFFFFFFFFFFFFFFE5
:209BA000FFFFFFFFFFFFFFFFFFFFFFFFFFFFFFFFFFFFFFFFFFFFFFFFFFFFFFFFFFFFFFFFC5
:209BC000FFFFFFFFFFFFFFFFFFFFFFFFFFFFFFFFFFFFFFFFFFFFFFFFFFFFFFFFFFFFFFFFA5
:209BE000FFFFFFFFFFFFFFFFFFFFFFFFFFFFFFFFFFFFFFFFFFFFFFFFFFFFFFFFFFFFFFFF85
:209C0000FFFFFFFFFFFFFFFFFFFFFFFFFFFFFFFFFFFFFFFFFFFFFFFFFFFFFFFFFFFFFFFF64
:209C2000FFFFFFFFFFFFFFFFFFFFFFFFFFFFFFFFFFFFFFFFFFFFFFFFFFFFFFFFFFFFFFFF44
:209C4000FFFFFFFFFFFFFFFFFFFFFFFFFFFFFFFFFFFFFFFFFFFFFFFFFFFFFFFFFFFFFFFF24
:209C6000FFFFFFFFFFFFFFFFFFFFFFFFFFFFFFFFFFFFFFFFFFFFFFFFFFFFFFFFFFFFFFFF04
:209C8000FFFFFFFFFFFFFFFFFFFFFFFFFFFFFFFFFFFFFFFFFFFFFFFFFFFFFFFFFFFFFFFFE4
:209CA000FFFFFFFFFFFFFFFFFFFFFFFFFFFFFFFFFFFFFFFFFFFFFFFFFFFFFFFFFFFFFFFFC4
:209CC000FFFFFFFFFFFFFFFFFFFFFFFFFFFFFFFFFFFFFFFFFFFFFFFFFFFFFFFFFFFFFFFFA4
:209CE000FFFFFFFFFFFFFFFFFFFFFFFFFFFFFFFFFFFFFFFFFFFFFFFFFFFFFFFFFFFFFFFF84
:209D0000FFFFFFFFFFFFFFFFFFFFFFFFFFFFFFFFFFFFFFFFFFFFFFFFFFFFFFFFFFFFFFFF63
:209D2000FFFFFFFFFFFFFFFFFFFFFFFFFFFFFFFFFFFFFFFFFFFFFFFFFFFFFFFFFFFFFFFF43
:209D4000FFFFFFFFFFFFFFFFFFFFFFFFFFFFFFFFFFFFFFFFFFFFFFFFFFFFFFFFFFFFFFFF23
:209D6000FFFFFFFFFFFFFFFFFFFFFFFFFFFFFFFFFFFFFFFFFFFFFFFFFFFFFFFFFFFFFFFF03
:209D8000FFFFFFFFFFFFFFFFFFFFFFFFFFFFFFFFFFFFFFFFFFFFFFFFFFFFFFFFFFFFFFFFE3
:209DA000FFFFFFFFFFFFFFFFFFFFFFFFFFFFFFFFFFFFFFFFFFFFFFFFFFFFFFFFFFFFFFFFC3
:209DC000FFFFFFFFFFFFFFFFFFFFFFFFFFFFFFFFFFFFFFFFFFFFFFFFFFFFFFFFFFFFFFFFA3
:209DE000FFFFFFFFFFFFFFFFFFFFFFFFFFFFFFFFFFFFFFFFFFFFFFFFFFFFFFFFFFFFFFFF83
:209E0000FFFFFFFFFFFFFFFFFFFFFFFFFFFFFFFFFFFFFFFFFFFFFFFFFFFFFFFFFFFFFFFF62
:209E2000FFFFFFFFFFFFFFFFFFFFFFFFFFFFFFFFFFFFFFFFFFFFFFFFFFFFFFFFFFFFFFFF42
:209E4000FFFFFFFFFFFFFFFFFFFFFFFFFFFFFFFFFFFFFFFFFFFFFFFFFFFFFFFFFFFFFFFF22
:209E6000FFFFFFFFFFFFFFFFFFFFFFFFFFFFFFFFFFFFFFFFFFFFFFFFFFFFFFFFFFFFFFFF02
:209E8000FFFFFFFFFFFFFFFFFFFFFFFFFFFFFFFFFFFFFFFFFFFFFFFFFFFFFFFFFFFFFFFFE2
:209EA000FFFFFFFFFFFFFFFFFFFFFFFFFFFFFFFFFFFFFFFFFFFFFFFFFFFFFFFFFFFFFFFFC2
:209EC000FFFFFFFFFFFFFFFFFFFFFFFFFFFFFFFFFFFFFFFFFFFFFFFFFFFFFFFFFFFFFFFFA2
:209EE000FFFFFFFFFFFFFFFFFFFFFFFFFFFFFFFFFFFFFFFFFFFFFFFFFFFFFFFFFFFFFFFF82
:209F0000FFFFFFFFFFFFFFFFFFFFFFFFFFFFFFFFFFFFFFFFFFFFFFFFFFFFFFFFFFFFFFFF61
:209F2000FFFFFFFFFFFFFFFFFFFFFFFFFFFFFFFFFFFFFFFFFFFFFFFFFFFFFFFFFFFFFFFF41
:209F4000FFFFFFFFFFFFFFFFFFFFFFFFFFFFFFFFFFFFFFFFFFFFFFFFFFFFFFFFFFFFFFFF21
:209F6000FFFFFFFFFFFFFFFFFFFFFFFFFFFFFFFFFFFFFFFFFFFFFFFFFFFFFFFFFFFFFFFF01
:209F8000FFFFFFFFFFFFFFFFFFFFFFFFFFFFFFFFFFFFFFFFFFFFFFFFFFFFFFFFFFFFFFFFE1
:209FA000FFFFFFFFFFFFFFFFFFFFFFFFFFFFFFFFFFFFFFFFFFFFFFFFFFFFFFFFFFFFFFFFC1
:209FC000FFFFFFFFFFFFFFFFFFFFFFFFFFFFFFFFFFFFFFFFFFFFFFFFFFFFFFFFFFFFFFFFA1
:209FE000FFFFFFFFFFFFFFFFFFFFFFFFFFFFFFFFFFFFFFFFFFFFFFFFFFFFFFFFFFFFFFFF81
:20A00000FFFFFFFFFFFFFFFFFFFFFFFFFFFFFFFFFFFFFFFFFFFFFFFFFFFFFFFFFFFFFFFF60
:20A02000FFFFFFFFFFFFFFFFFFFFFFFFFFFFFFFFFFFFFFFFFFFFFFFFFFFFFFFFFFFFFFFF40
:20A04000FFFFFFFFFFFFFFFFFFFFFFFFFFFFFFFFFFFFFFFFFFFFFFFFFFFFFFFFFFFFFFFF20
:20A06000FFFFFFFFFFFFFFFFFFFFFFFFFFFFFFFFFFFFFFFFFFFFFFFFFFFFFFFFFFFFFFFF00
:20A08000FFFFFFFFFFFFFFFFFFFFFFFFFFFFFFFFFFFFFFFFFFFFFFFFFFFFFFFFFFFFFFFFE0
:20A0A000FFFFFFFFFFFFFFFFFFFFFFFFFFFFFFFFFFFFFFFFFFFFFFFFFFFFFFFFFFFFFFFFC0
:20A0C000FFFFFFFFFFFFFFFFFFFFFFFFFFFFFFFFFFFFFFFFFFFFFFFFFFFFFFFFFFFFFFFFA0
:20A0E000FFFFFFFFFFFFFFFFFFFFFFFFFFFFFFFFFFFFFFFFFFFFFFFFFFFFFFFFFFFFFFFF80
:20A10000FFFFFFFFFFFFFFFFFFFFFFFFFFFFFFFFFFFFFFFFFFFFFFFFFFFFFFFFFFFFFFFF5F
:20A12000FFFFFFFFFFFFFFFFFFFFFFFFFFFFFFFFFFFFFFFFFFFFFFFFFFFFFFFFFFFFFFFF3F
:20A14000FFFFFFFFFFFFFFFFFFFFFFFFFFFFFFFFFFFFFFFFFFFFFFFFFFFFFFFFFFFFFFFF1F
:20A16000FFFFFFFFFFFFFFFFFFFFFFFFFFFFFFFFFFFFFFFFFFFFFFFFFFFFFFFFFFFFFFFFFF
:20A18000FFFFFFFFFFFFFFFFFFFFFFFFFFFFFFFFFFFFFFFFFFFFFFFFFFFFFFFFFFFFFFFFDF
:20A1A000FFFFFFFFFFFFFFFFFFFFFFFFFFFFFFFFFFFFFFFFFFFFFFFFFFFFFFFFFFFFFFFFBF
:20A1C000FFFFFFFFFFFFFFFFFFFFFFFFFFFFFFFFFFFFFFFFFFFFFFFFFFFFFFFFFFFFFFFF9F
:20A1E000FFFFFFFFFFFFFFFFFFFFFFFFFFFFFFFFFFFFFFFFFFFFFFFFFFFFFFFFFFFFFFFF7F
:20A20000FFFFFFFFFFFFFFFFFFFFFFFFFFFFFFFFFFFFFFFFFFFFFFFFFFFFFFFFFFFFFFFF5E
:20A22000FFFFFFFFFFFFFFFFFFFFFFFFFFFFFFFFFFFFFFFFFFFFFFFFFFFFFFFFFFFFFFFF3E
:20A24000FFFFFFFFFFFFFFFFFFFFFFFFFFFFFFFFFFFFFFFFFFFFFFFFFFFFFFFFFFFFFFFF1E
:20A26000FFFFFFFFFFFFFFFFFFFFFFFFFFFFFFFFFFFFFFFFFFFFFFFFFFFFFFFFFFFFFFFFFE
:20A28000FFFFFFFFFFFFFFFFFFFFFFFFFFFFFFFFFFFFFFFFFFFFFFFFFFFFFFFFFFFFFFFFDE
:20A2A000FFFFFFFFFFFFFFFFFFFFFFFFFFFFFFFFFFFFFFFFFFFFFFFFFFFFFFFFFFFFFFFFBE
:20A2C000FFFFFFFFFFFFFFFFFFFFFFFFFFFFFFFFFFFFFFFFFFFFFFFFFFFFFFFFFFFFFFFF9E
:20A2E000FFFFFFFFFFFFFFFFFFFFFFFFFFFFFFFFFFFFFFFFFFFFFFFFFFFFFFFFFFFFFFFF7E
:20A30000FFFFFFFFFFFFFFFFFFFFFFFFFFFFFFFFFFFFFFFFFFFFFFFFFFFFFFFFFFFFFFFF5D
:20A32000FFFFFFFFFFFFFFFFFFFFFFFFFFFFFFFFFFFFFFFFFFFFFFFFFFFFFFFFFFFFFFFF3D
:20A34000FFFFFFFFFFFFFFFFFFFFFFFFFFFFFFFFFFFFFFFFFFFFFFFFFFFFFFFFFFFFFFFF1D
:20A36000FFFFFFFFFFFFFFFFFFFFFFFFFFFFFFFFFFFFFFFFFFFFFFFFFFFFFFFFFFFFFFFFFD
:20A38000FFFFFFFFFFFFFFFFFFFFFFFFFFFFFFFFFFFFFFFFFFFFFFFFFFFFFFFFFFFFFFFFDD
:20A3A000FFFFFFFFFFFFFFFFFFFFFFFFFFFFFFFFFFFFFFFFFFFFFFFFFFFFFFFFFFFFFFFFBD
:20A3C000FFFFFFFFFFFFFFFFFFFFFFFFFFFFFFFFFFFFFFFFFFFFFFFFFFFFFFFFFFFFFFFF9D
:20A3E000FFFFFFFFFFFFFFFFFFFFFFFFFFFFFFFFFFFFFFFFFFFFFFFFFFFFFFFFFFFFFFFF7D
:20A40000FFFFFFFFFFFFFFFFFFFFFFFFFFFFFFFFFFFFFFFFFFFFFFFFFFFFFFFFFFFFFFFF5C
:20A42000FFFFFFFFFFFFFFFFFFFFFFFFFFFFFFFFFFFFFFFFFFFFFFFFFFFFFFFFFFFFFFFF3C
:20A44000FFFFFFFFFFFFFFFFFFFFFFFFFFFFFFFFFFFFFFFFFFFFFFFFFFFFFFFFFFFFFFFF1C
:20A46000FFFFFFFFFFFFFFFFFFFFFFFFFFFFFFFFFFFFFFFFFFFFFFFFFFFFFFFFFFFFFFFFFC
:20A48000FFFFFFFFFFFFFFFFFFFFFFFFFFFFFFFFFFFFFFFFFFFFFFFFFFFFFFFFFFFFFFFFDC
:20A4A000FFFFFFFFFFFFFFFFFFFFFFFFFFFFFFFFFFFFFFFFFFFFFFFFFFFFFFFFFFFFFFFFBC
:20A4C000FFFFFFFFFFFFFFFFFFFFFFFFFFFFFFFFFFFFFFFFFFFFFFFFFFFFFFFFFFFFFFFF9C
:20A4E000FFFFFFFFFFFFFFFFFFFFFFFFFFFFFFFFFFFFFFFFFFFFFFFFFFFFFFFFFFFFFFFF7C
:20A50000FFFFFFFFFFFFFFFFFFFFFFFFFFFFFFFFFFFFFFFFFFFFFFFFFFFFFFFFFFFFFFFF5B
:20A52000FFFFFFFFFFFFFFFFFFFFFFFFFFFFFFFFFFFFFFFFFFFFFFFFFFFFFFFFFFFFFFFF3B
:20A54000FFFFFFFFFFFFFFFFFFFFFFFFFFFFFFFFFFFFFFFFFFFFFFFFFFFFFFFFFFFFFFFF1B
:20A56000FFFFFFFFFFFFFFFFFFFFFFFFFFFFFFFFFFFFFFFFFFFFFFFFFFFFFFFFFFFFFFFFFB
:20A58000FFFFFFFFFFFFFFFFFFFFFFFFFFFFFFFFFFFFFFFFFFFFFFFFFFFFFFFFFFFFFFFFDB
:20A5A000FFFFFFFFFFFFFFFFFFFFFFFFFFFFFFFFFFFFFFFFFFFFFFFFFFFFFFFFFFFFFFFFBB
:20A5C000FFFFFFFFFFFFFFFFFFFFFFFFFFFFFFFFFFFFFFFFFFFFFFFFFFFFFFFFFFFFFFFF9B
:20A5E000FFFFFFFFFFFFFFFFFFFFFFFFFFFFFFFFFFFFFFFFFFFFFFFFFFFFFFFFFFFFFFFF7B
:20A60000FFFFFFFFFFFFFFFFFFFFFFFFFFFFFFFFFFFFFFFFFFFFFFFFFFFFFFFFFFFFFFFF5A
:20A62000FFFFFFFFFFFFFFFFFFFFFFFFFFFFFFFFFFFFFFFFFFFFFFFFFFFFFFFFFFFFFFFF3A
:20A64000FFFFFFFFFFFFFFFFFFFFFFFFFFFFFFFFFFFFFFFFFFFFFFFFFFFFFFFFFFFFFFFF1A
:20A66000FFFFFFFFFFFFFFFFFFFFFFFFFFFFFFFFFFFFFFFFFFFFFFFFFFFFFFFFFFFFFFFFFA
:20A68000FFFFFFFFFFFFFFFFFFFFFFFFFFFFFFFFFFFFFFFFFFFFFFFFFFFFFFFFFFFFFFFFDA
:20A6A000FFFFFFFFFFFFFFFFFFFFFFFFFFFFFFFFFFFFFFFFFFFFFFFFFFFFFFFFFFFFFFFFBA
:20A6C000FFFFFFFFFFFFFFFFFFFFFFFFFFFFFFFFFFFFFFFFFFFFFFFFFFFFFFFFFFFFFFFF9A
:20A6E000FFFFFFFFFFFFFFFFFFFFFFFFFFFFFFFFFFFFFFFFFFFFFFFFFFFFFFFFFFFFFFFF7A
:20A70000FFFFFFFFFFFFFFFFFFFFFFFFFFFFFFFFFFFFFFFFFFFFFFFFFFFFFFFFFFFFFFFF59
:20A72000FFFFFFFFFFFFFFFFFFFFFFFFFFFFFFFFFFFFFFFFFFFFFFFFFFFFFFFFFFFFFFFF39
:20A74000FFFFFFFFFFFFFFFFFFFFFFFFFFFFFFFFFFFFFFFFFFFFFFFFFFFFFFFFFFFFFFFF19
:20A76000FFFFFFFFFFFFFFFFFFFFFFFFFFFFFFFFFFFFFFFFFFFFFFFFFFFFFFFFFFFFFFFFF9
:20A78000FFFFFFFFFFFFFFFFFFFFFFFFFFFFFFFFFFFFFFFFFFFFFFFFFFFFFFFFFFFFFFFFD9
:20A7A000FFFFFFFFFFFFFFFFFFFFFFFFFFFFFFFFFFFFFFFFFFFFFFFFFFFFFFFFFFFFFFFFB9
:20A7C000FFFFFFFFFFFFFFFFFFFFFFFFFFFFFFFFFFFFFFFFFFFFFFFFFFFFFFFFFFFFFFFF99
:20A7E000FFFFFFFFFFFFFFFFFFFFFFFFFFFFFFFFFFFFFFFFFFFFFFFFFFFFFFFFFFFFFFFF79
:20A80000FFFFFFFFFFFFFFFFFFFFFFFFFFFFFFFFFFFFFFFFFFFFFFFFFFFFFFFFFFFFFFFF58
:20A82000FFFFFFFFFFFFFFFFFFFFFFFFFFFFFFFFFFFFFFFFFFFFFFFFFFFFFFFFFFFFFFFF38
:20A84000FFFFFFFFFFFFFFFFFFFFFFFFFFFFFFFFFFFFFFFFFFFFFFFFFFFFFFFFFFFFFFFF18
:20A86000FFFFFFFFFFFFFFFFFFFFFFFFFFFFFFFFFFFFFFFFFFFFFFFFFFFFFFFFFFFFFFFFF8
:20A88000FFFFFFFFFFFFFFFFFFFFFFFFFFFFFFFFFFFFFFFFFFFFFFFFFFFFFFFFFFFFFFFFD8
:20A8A000FFFFFFFFFFFFFFFFFFFFFFFFFFFFFFFFFFFFFFFFFFFFFFFFFFFFFFFFFFFFFFFFB8
:20A8C000FFFFFFFFFFFFFFFFFFFFFFFFFFFFFFFFFFFFFFFFFFFFFFFFFFFFFFFFFFFFFFFF98
:20A8E000FFFFFFFFFFFFFFFFFFFFFFFFFFFFFFFFFFFFFFFFFFFFFFFFFFFFFFFFFFFFFFFF78
:20A90000FFFFFFFFFFFFFFFFFFFFFFFFFFFFFFFFFFFFFFFFFFFFFFFFFFFFFFFFFFFFFFFF57
:20A92000FFFFFFFFFFFFFFFFFFFFFFFFFFFFFFFFFFFFFFFFFFFFFFFFFFFFFFFFFFFFFFFF37
:20A94000FFFFFFFFFFFFFFFFFFFFFFFFFFFFFFFFFFFFFFFFFFFFFFFFFFFFFFFFFFFFFFFF17
:20A96000FFFFFFFFFFFFFFFFFFFFFFFFFFFFFFFFFFFFFFFFFFFFFFFFFFFFFFFFFFFFFFFFF7
:20A98000FFFFFFFFFFFFFFFFFFFFFFFFFFFFFFFFFFFFFFFFFFFFFFFFFFFFFFFFFFFFFFFFD7
:20A9A000FFFFFFFFFFFFFFFFFFFFFFFFFFFFFFFFFFFFFFFFFFFFFFFFFFFFFFFFFFFFFFFFB7
:20A9C000FFFFFFFFFFFFFFFFFFFFFFFFFFFFFFFFFFFFFFFFFFFFFFFFFFFFFFFFFFFFFFFF97
:20A9E000FFFFFFFFFFFFFFFFFFFFFFFFFFFFFFFFFFFFFFFFFFFFFFFFFFFFFFFFFFFFFFFF77
:20AA0000FFFFFFFFFFFFFFFFFFFFFFFFFFFFFFFFFFFFFFFFFFFFFFFFFFFFFFFFFFFFFFFF56
:20AA2000FFFFFFFFFFFFFFFFFFFFFFFFFFFFFFFFFFFFFFFFFFFFFFFFFFFFFFFFFFFFFFFF36
:20AA4000FFFFFFFFFFFFFFFFFFFFFFFFFFFFFFFFFFFFFFFFFFFFFFFFFFFFFFFFFFFFFFFF16
:20AA6000FFFFFFFFFFFFFFFFFFFFFFFFFFFFFFFFFFFFFFFFFFFFFFFFFFFFFFFFFFFFFFFFF6
:20AA8000FFFFFFFFFFFFFFFFFFFFFFFFFFFFFFFFFFFFFFFFFFFFFFFFFFFFFFFFFFFFFFFFD6
:20AAA000FFFFFFFFFFFFFFFFFFFFFFFFFFFFFFFFFFFFFFFFFFFFFFFFFFFFFFFFFFFFFFFFB6
:20AAC000FFFFFFFFFFFFFFFFFFFFFFFFFFFFFFFFFFFFFFFFFFFFFFFFFFFFFFFFFFFFFFFF96
:20AAE000FFFFFFFFFFFFFFFFFFFFFFFFFFFFFFFFFFFFFFFFFFFFFFFFFFFFFFFFFFFFFFFF76
:20AB0000FFFFFFFFFFFFFFFFFFFFFFFFFFFFFFFFFFFFFFFFFFFFFFFFFFFFFFFFFFFFFFFF55
:20AB2000FFFFFFFFFFFFFFFFFFFFFFFFFFFFFFFFFFFFFFFFFFFFFFFFFFFFFFFFFFFFFFFF35
:20AB4000FFFFFFFFFFFFFFFFFFFFFFFFFFFFFFFFFFFFFFFFFFFFFFFFFFFFFFFFFFFFFFFF15
:20AB6000FFFFFFFFFFFFFFFFFFFFFFFFFFFFFFFFFFFFFFFFFFFFFFFFFFFFFFFFFFFFFFFFF5
:20AB8000FFFFFFFFFFFFFFFFFFFFFFFFFFFFFFFFFFFFFFFFFFFFFFFFFFFFFFFFFFFFFFFFD5
:20ABA000FFFFFFFFFFFFFFFFFFFFFFFFFFFFFFFFFFFFFFFFFFFFFFFFFFFFFFFFFFFFFFFFB5
:20ABC000FFFFFFFFFFFFFFFFFFFFFFFFFFFFFFFFFFFFFFFFFFFFFFFFFFFFFFFFFFFFFFFF95
:20ABE000FFFFFFFFFFFFFFFFFFFFFFFFFFFFFFFFFFFFFFFFFFFFFFFFFFFFFFFFFFFFFFFF75
:20AC0000FFFFFFFFFFFFFFFFFFFFFFFFFFFFFFFFFFFFFFFFFFFFFFFFFFFFFFFFFFFFFFFF54
:20AC2000FFFFFFFFFFFFFFFFFFFFFFFFFFFFFFFFFFFFFFFFFFFFFFFFFFFFFFFFFFFFFFFF34
:20AC4000FFFFFFFFFFFFFFFFFFFFFFFFFFFFFFFFFFFFFFFFFFFFFFFFFFFFFFFFFFFFFFFF14
:20AC6000FFFFFFFFFFFFFFFFFFFFFFFFFFFFFFFFFFFFFFFFFFFFFFFFFFFFFFFFFFFFFFFFF4
:20AC8000FFFFFFFFFFFFFFFFFFFFFFFFFFFFFFFFFFFFFFFFFFFFFFFFFFFFFFFFFFFFFFFFD4
:20ACA000FFFFFFFFFFFFFFFFFFFFFFFFFFFFFFFFFFFFFFFFFFFFFFFFFFFFFFFFFFFFFFFFB4
:20ACC000FFFFFFFFFFFFFFFFFFFFFFFFFFFFFFFFFFFFFFFFFFFFFFFFFFFFFFFFFFFFFFFF94
:20ACE000FFFFFFFFFFFFFFFFFFFFFFFFFFFFFFFFFFFFFFFFFFFFFFFFFFFFFFFFFFFFFFFF74
:20AD0000FFFFFFFFFFFFFFFFFFFFFFFFFFFFFFFFFFFFFFFFFFFFFFFFFFFFFFFFFFFFFFFF53
:20AD2000FFFFFFFFFFFFFFFFFFFFFFFFFFFFFFFFFFFFFFFFFFFFFFFFFFFFFFFFFFFFFFFF33
:20AD4000FFFFFFFFFFFFFFFFFFFFFFFFFFFFFFFFFFFFFFFFFFFFFFFFFFFFFFFFFFFFFFFF13
:20AD6000FFFFFFFFFFFFFFFFFFFFFFFFFFFFFFFFFFFFFFFFFFFFFFFFFFFFFFFFFFFFFFFFF3
:20AD8000FFFFFFFFFFFFFFFFFFFFFFFFFFFFFFFFFFFFFFFFFFFFFFFFFFFFFFFFFFFFFFFFD3
:20ADA000FFFFFFFFFFFFFFFFFFFFFFFFFFFFFFFFFFFFFFFFFFFFFFFFFFFFFFFFFFFFFFFFB3
:20ADC000FFFFFFFFFFFFFFFFFFFFFFFFFFFFFFFFFFFFFFFFFFFFFFFFFFFFFFFFFFFFFFFF93
:20ADE000FFFFFFFFFFFFFFFFFFFFFFFFFFFFFFFFFFFFFFFFFFFFFFFFFFFFFFFFFFFFFFFF73
:20AE0000FFFFFFFFFFFFFFFFFFFFFFFFFFFFFFFFFFFFFFFFFFFFFFFFFFFFFFFFFFFFFFFF52
:20AE2000FFFFFFFFFFFFFFFFFFFFFFFFFFFFFFFFFFFFFFFFFFFFFFFFFFFFFFFFFFFFFFFF32
:20AE4000FFFFFFFFFFFFFFFFFFFFFFFFFFFFFFFFFFFFFFFFFFFFFFFFFFFFFFFFFFFFFFFF12
:20AE6000FFFFFFFFFFFFFFFFFFFFFFFFFFFFFFFFFFFFFFFFFFFFFFFFFFFFFFFFFFFFFFFFF2
:20AE8000FFFFFFFFFFFFFFFFFFFFFFFFFFFFFFFFFFFFFFFFFFFFFFFFFFFFFFFFFFFFFFFFD2
:20AEA000FFFFFFFFFFFFFFFFFFFFFFFFFFFFFFFFFFFFFFFFFFFFFFFFFFFFFFFFFFFFFFFFB2
:20AEC000FFFFFFFFFFFFFFFFFFFFFFFFFFFFFFFFFFFFFFFFFFFFFFFFFFFFFFFFFFFFFFFF92
:20AEE000FFFFFFFFFFFFFFFFFFFFFFFFFFFFFFFFFFFFFFFFFFFFFFFFFFFFFFFFFFFFFFFF72
:20AF0000FFFFFFFFFFFFFFFFFFFFFFFFFFFFFFFFFFFFFFFFFFFFFFFFFFFFFFFFFFFFFFFF51
:20AF2000FFFFFFFFFFFFFFFFFFFFFFFFFFFFFFFFFFFFFFFFFFFFFFFFFFFFFFFFFFFFFFFF31
:20AF4000FFFFFFFFFFFFFFFFFFFFFFFFFFFFFFFFFFFFFFFFFFFFFFFFFFFFFFFFFFFFFFFF11
:20AF6000FFFFFFFFFFFFFFFFFFFFFFFFFFFFFFFFFFFFFFFFFFFFFFFFFFFFFFFFFFFFFFFFF1
:20AF8000FFFFFFFFFFFFFFFFFFFFFFFFFFFFFFFFFFFFFFFFFFFFFFFFFFFFFFFFFFFFFFFFD1
:20AFA000FFFFFFFFFFFFFFFFFFFFFFFFFFFFFFFFFFFFFFFFFFFFFFFFFFFFFFFFFFFFFFFFB1
:20AFC000FFFFFFFFFFFFFFFFFFFFFFFFFFFFFFFFFFFFFFFFFFFFFFFFFFFFFFFFFFFFFFFF91
:20AFE000FFFFFFFFFFFFFFFFFFFFFFFFFFFFFFFFFFFFFFFFFFFFFFFFFFFFFFFFFFFFFFFF71
:20B00000FFFFFFFFFFFFFFFFFFFFFFFFFFFFFFFFFFFFFFFFFFFFFFFFFFFFFFFFFFFFFFFF50
:20B02000FFFFFFFFFFFFFFFFFFFFFFFFFFFFFFFFFFFFFFFFFFFFFFFFFFFFFFFFFFFFFFFF30
:20B04000FFFFFFFFFFFFFFFFFFFFFFFFFFFFFFFFFFFFFFFFFFFFFFFFFFFFFFFFFFFFFFFF10
:20B06000FFFFFFFFFFFFFFFFFFFFFFFFFFFFFFFFFFFFFFFFFFFFFFFFFFFFFFFFFFFFFFFFF0
:20B08000FFFFFFFFFFFFFFFFFFFFFFFFFFFFFFFFFFFFFFFFFFFFFFFFFFFFFFFFFFFFFFFFD0
:20B0A000FFFFFFFFFFFFFFFFFFFFFFFFFFFFFFFFFFFFFFFFFFFFFFFFFFFFFFFFFFFFFFFFB0
:20B0C000FFFFFFFFFFFFFFFFFFFFFFFFFFFFFFFFFFFFFFFFFFFFFFFFFFFFFFFFFFFFFFFF90
:20B0E000FFFFFFFFFFFFFFFFFFFFFFFFFFFFFFFFFFFFFFFFFFFFFFFFFFFFFFFFFFFFFFFF70
:20B10000FFFFFFFFFFFFFFFFFFFFFFFFFFFFFFFFFFFFFFFFFFFFFFFFFFFFFFFFFFFFFFFF4F
:20B12000FFFFFFFFFFFFFFFFFFFFFFFFFFFFFFFFFFFFFFFFFFFFFFFFFFFFFFFFFFFFFFFF2F
:20B14000FFFFFFFFFFFFFFFFFFFFFFFFFFFFFFFFFFFFFFFFFFFFFFFFFFFFFFFFFFFFFFFF0F
:20B16000FFFFFFFFFFFFFFFFFFFFFFFFFFFFFFFFFFFFFFFFFFFFFFFFFFFFFFFFFFFFFFFFEF
:20B18000FFFFFFFFFFFFFFFFFFFFFFFFFFFFFFFFFFFFFFFFFFFFFFFFFFFFFFFFFFFFFFFFCF
:20B1A000FFFFFFFFFFFFFFFFFFFFFFFFFFFFFFFFFFFFFFFFFFFFFFFFFFFFFFFFFFFFFFFFAF
:20B1C000FFFFFFFFFFFFFFFFFFFFFFFFFFFFFFFFFFFFFFFFFFFFFFFFFFFFFFFFFFFFFFFF8F
:20B1E000FFFFFFFFFFFFFFFFFFFFFFFFFFFFFFFFFFFFFFFFFFFFFFFFFFFFFFFFFFFFFFFF6F
:20B20000FFFFFFFFFFFFFFFFFFFFFFFFFFFFFFFFFFFFFFFFFFFFFFFFFFFFFFFFFFFFFFFF4E
:20B22000FFFFFFFFFFFFFFFFFFFFFFFFFFFFFFFFFFFFFFFFFFFFFFFFFFFFFFFFFFFFFFFF2E
:20B24000FFFFFFFFFFFFFFFFFFFFFFFFFFFFFFFFFFFFFFFFFFFFFFFFFFFFFFFFFFFFFFFF0E
:20B26000FFFFFFFFFFFFFFFFFFFFFFFFFFFFFFFFFFFFFFFFFFFFFFFFFFFFFFFFFFFFFFFFEE
:20B28000FFFFFFFFFFFFFFFFFFFFFFFFFFFFFFFFFFFFFFFFFFFFFFFFFFFFFFFFFFFFFFFFCE
:20B2A000FFFFFFFFFFFFFFFFFFFFFFFFFFFFFFFFFFFFFFFFFFFFFFFFFFFFFFFFFFFFFFFFAE
:20B2C000FFFFFFFFFFFFFFFFFFFFFFFFFFFFFFFFFFFFFFFFFFFFFFFFFFFFFFFFFFFFFFFF8E
:20B2E000FFFFFFFFFFFFFFFFFFFFFFFFFFFFFFFFFFFFFFFFFFFFFFFFFFFFFFFFFFFFFFFF6E
:20B30000FFFFFFFFFFFFFFFFFFFFFFFFFFFFFFFFFFFFFFFFFFFFFFFFFFFFFFFFFFFFFFFF4D
:20B32000FFFFFFFFFFFFFFFFFFFFFFFFFFFFFFFFFFFFFFFFFFFFFFFFFFFFFFFFFFFFFFFF2D
:20B34000FFFFFFFFFFFFFFFFFFFFFFFFFFFFFFFFFFFFFFFFFFFFFFFFFFFFFFFFFFFFFFFF0D
:20B36000FFFFFFFFFFFFFFFFFFFFFFFFFFFFFFFFFFFFFFFFFFFFFFFFFFFFFFFFFFFFFFFFED
:20B38000FFFFFFFFFFFFFFFFFFFFFFFFFFFFFFFFFFFFFFFFFFFFFFFFFFFFFFFFFFFFFFFFCD
:20B3A000FFFFFFFFFFFFFFFFFFFFFFFFFFFFFFFFFFFFFFFFFFFFFFFFFFFFFFFFFFFFFFFFAD
:20B3C000FFFFFFFFFFFFFFFFFFFFFFFFFFFFFFFFFFFFFFFFFFFFFFFFFFFFFFFFFFFFFFFF8D
:20B3E000FFFFFFFFFFFFFFFFFFFFFFFFFFFFFFFFFFFFFFFFFFFFFFFFFFFFFFFFFFFFFFFF6D
:20B40000FFFFFFFFFFFFFFFFFFFFFFFFFFFFFFFFFFFFFFFFFFFFFFFFFFFFFFFFFFFFFFFF4C
:20B42000FFFFFFFFFFFFFFFFFFFFFFFFFFFFFFFFFFFFFFFFFFFFFFFFFFFFFFFFFFFFFFFF2C
:20B44000FFFFFFFFFFFFFFFFFFFFFFFFFFFFFFFFFFFFFFFFFFFFFFFFFFFFFFFFFFFFFFFF0C
:20B46000FFFFFFFFFFFFFFFFFFFFFFFFFFFFFFFFFFFFFFFFFFFFFFFFFFFFFFFFFFFFFFFFEC
:20B48000FFFFFFFFFFFFFFFFFFFFFFFFFFFFFFFFFFFFFFFFFFFFFFFFFFFFFFFFFFFFFFFFCC
:20B4A000FFFFFFFFFFFFFFFFFFFFFFFFFFFFFFFFFFFFFFFFFFFFFFFFFFFFFFFFFFFFFFFFAC
:20B4C000FFFFFFFFFFFFFFFFFFFFFFFFFFFFFFFFFFFFFFFFFFFFFFFFFFFFFFFFFFFFFFFF8C
:20B4E000FFFFFFFFFFFFFFFFFFFFFFFFFFFFFFFFFFFFFFFFFFFFFFFFFFFFFFFFFFFFFFFF6C
:20B50000FFFFFFFFFFFFFFFFFFFFFFFFFFFFFFFFFFFFFFFFFFFFFFFFFFFFFFFFFFFFFFFF4B
:20B52000FFFFFFFFFFFFFFFFFFFFFFFFFFFFFFFFFFFFFFFFFFFFFFFFFFFFFFFFFFFFFFFF2B
:20B54000FFFFFFFFFFFFFFFFFFFFFFFFFFFFFFFFFFFFFFFFFFFFFFFFFFFFFFFFFFFFFFFF0B
:20B56000FFFFFFFFFFFFFFFFFFFFFFFFFFFFFFFFFFFFFFFFFFFFFFFFFFFFFFFFFFFFFFFFEB
:20B58000FFFFFFFFFFFFFFFFFFFFFFFFFFFFFFFFFFFFFFFFFFFFFFFFFFFFFFFFFFFFFFFFCB
:20B5A000FFFFFFFFFFFFFFFFFFFFFFFFFFFFFFFFFFFFFFFFFFFFFFFFFFFFFFFFFFFFFFFFAB
:20B5C000FFFFFFFFFFFFFFFFFFFFFFFFFFFFFFFFFFFFFFFFFFFFFFFFFFFFFFFFFFFFFFFF8B
:20B5E000FFFFFFFFFFFFFFFFFFFFFFFFFFFFFFFFFFFFFFFFFFFFFFFFFFFFFFFFFFFFFFFF6B
:20B60000FFFFFFFFFFFFFFFFFFFFFFFFFFFFFFFFFFFFFFFFFFFFFFFFFFFFFFFFFFFFFFFF4A
:20B62000FFFFFFFFFFFFFFFFFFFFFFFFFFFFFFFFFFFFFFFFFFFFFFFFFFFFFFFFFFFFFFFF2A
:20B64000FFFFFFFFFFFFFFFFFFFFFFFFFFFFFFFFFFFFFFFFFFFFFFFFFFFFFFFFFFFFFFFF0A
:20B66000FFFFFFFFFFFFFFFFFFFFFFFFFFFFFFFFFFFFFFFFFFFFFFFFFFFFFFFFFFFFFFFFEA
:20B68000FFFFFFFFFFFFFFFFFFFFFFFFFFFFFFFFFFFFFFFFFFFFFFFFFFFFFFFFFFFFFFFFCA
:20B6A000FFFFFFFFFFFFFFFFFFFFFFFFFFFFFFFFFFFFFFFFFFFFFFFFFFFFFFFFFFFFFFFFAA
:20B6C000FFFFFFFFFFFFFFFFFFFFFFFFFFFFFFFFFFFFFFFFFFFFFFFFFFFFFFFFFFFFFFFF8A
:20B6E000FFFFFFFFFFFFFFFFFFFFFFFFFFFFFFFFFFFFFFFFFFFFFFFFFFFFFFFFFFFFFFFF6A
:20B70000FFFFFFFFFFFFFFFFFFFFFFFFFFFFFFFFFFFFFFFFFFFFFFFFFFFFFFFFFFFFFFFF49
:20B72000FFFFFFFFFFFFFFFFFFFFFFFFFFFFFFFFFFFFFFFFFFFFFFFFFFFFFFFFFFFFFFFF29
:20B74000FFFFFFFFFFFFFFFFFFFFFFFFFFFFFFFFFFFFFFFFFFFFFFFFFFFFFFFFFFFFFFFF09
:20B76000FFFFFFFFFFFFFFFFFFFFFFFFFFFFFFFFFFFFFFFFFFFFFFFFFFFFFFFFFFFFFFFFE9
:20B78000FFFFFFFFFFFFFFFFFFFFFFFFFFFFFFFFFFFFFFFFFFFFFFFFFFFFFFFFFFFFFFFFC9
:20B7A000FFFFFFFFFFFFFFFFFFFFFFFFFFFFFFFFFFFFFFFFFFFFFFFFFFFFFFFFFFFFFFFFA9
:20B7C000FFFFFFFFFFFFFFFFFFFFFFFFFFFFFFFFFFFFFFFFFFFFFFFFFFFFFFFFFFFFFFFF89
:20B7E000FFFFFFFFFFFFFFFFFFFFFFFFFFFFFFFFFFFFFFFFFFFFFFFFFFFFFFFFFFFFFFFF69
:20B80000FFFFFFFFFFFFFFFFFFFFFFFFFFFFFFFFFFFFFFFFFFFFFFFFFFFFFFFFFFFFFFFF48
:20B82000FFFFFFFFFFFFFFFFFFFFFFFFFFFFFFFFFFFFFFFFFFFFFFFFFFFFFFFFFFFFFFFF28
:20B84000FFFFFFFFFFFFFFFFFFFFFFFFFFFFFFFFFFFFFFFFFFFFFFFFFFFFFFFFFFFFFFFF08
:20B86000FFFFFFFFFFFFFFFFFFFFFFFFFFFFFFFFFFFFFFFFFFFFFFFFFFFFFFFFFFFFFFFFE8
:20B88000FFFFFFFFFFFFFFFFFFFFFFFFFFFFFFFFFFFFFFFFFFFFFFFFFFFFFFFFFFFFFFFFC8
:20B8A000FFFFFFFFFFFFFFFFFFFFFFFFFFFFFFFFFFFFFFFFFFFFFFFFFFFFFFFFFFFFFFFFA8
:20B8C000FFFFFFFFFFFFFFFFFFFFFFFFFFFFFFFFFFFFFFFFFFFFFFFFFFFFFFFFFFFFFFFF88
:20B8E000FFFFFFFFFFFFFFFFFFFFFFFFFFFFFFFFFFFFFFFFFFFFFFFFFFFFFFFFFFFFFFFF68
:20B90000FFFFFFFFFFFFFFFFFFFFFFFFFFFFFFFFFFFFFFFFFFFFFFFFFFFFFFFFFFFFFFFF47
:20B92000FFFFFFFFFFFFFFFFFFFFFFFFFFFFFFFFFFFFFFFFFFFFFFFFFFFFFFFFFFFFFFFF27
:20B94000FFFFFFFFFFFFFFFFFFFFFFFFFFFFFFFFFFFFFFFFFFFFFFFFFFFFFFFFFFFFFFFF07
:20B96000FFFFFFFFFFFFFFFFFFFFFFFFFFFFFFFFFFFFFFFFFFFFFFFFFFFFFFFFFFFFFFFFE7
:20B98000FFFFFFFFFFFFFFFFFFFFFFFFFFFFFFFFFFFFFFFFFFFFFFFFFFFFFFFFFFFFFFFFC7
:20B9A000FFFFFFFFFFFFFFFFFFFFFFFFFFFFFFFFFFFFFFFFFFFFFFFFFFFFFFFFFFFFFFFFA7
:20B9C000FFFFFFFFFFFFFFFFFFFFFFFFFFFFFFFFFFFFFFFFFFFFFFFFFFFFFFFFFFFFFFFF87
:20B9E000FFFFFFFFFFFFFFFFFFFFFFFFFFFFFFFFFFFFFFFFFFFFFFFFFFFFFFFFFFFFFFFF67
:20BA0000FFFFFFFFFFFFFFFFFFFFFFFFFFFFFFFFFFFFFFFFFFFFFFFFFFFFFFFFFFFFFFFF46
:20BA2000FFFFFFFFFFFFFFFFFFFFFFFFFFFFFFFFFFFFFFFFFFFFFFFFFFFFFFFFFFFFFFFF26
:20BA4000FFFFFFFFFFFFFFFFFFFFFFFFFFFFFFFFFFFFFFFFFFFFFFFFFFFFFFFFFFFFFFFF06
:20BA6000FFFFFFFFFFFFFFFFFFFFFFFFFFFFFFFFFFFFFFFFFFFFFFFFFFFFFFFFFFFFFFFFE6
:20BA8000FFFFFFFFFFFFFFFFFFFFFFFFFFFFFFFFFFFFFFFFFFFFFFFFFFFFFFFFFFFFFFFFC6
:20BAA000FFFFFFFFFFFFFFFFFFFFFFFFFFFFFFFFFFFFFFFFFFFFFFFFFFFFFFFFFFFFFFFFA6
:20BAC000FFFFFFFFFFFFFFFFFFFFFFFFFFFFFFFFFFFFFFFFFFFFFFFFFFFFFFFFFFFFFFFF86
:20BAE000FFFFFFFFFFFFFFFFFFFFFFFFFFFFFFFFFFFFFFFFFFFFFFFFFFFFFFFFFFFFFFFF66
:20BB0000FFFFFFFFFFFFFFFFFFFFFFFFFFFFFFFFFFFFFFFFFFFFFFFFFFFFFFFFFFFFFFFF45
:20BB2000FFFFFFFFFFFFFFFFFFFFFFFFFFFFFFFFFFFFFFFFFFFFFFFFFFFFFFFFFFFFFFFF25
:20BB4000FFFFFFFFFFFFFFFFFFFFFFFFFFFFFFFFFFFFFFFFFFFFFFFFFFFFFFFFFFFFFFFF05
:20BB6000FFFFFFFFFFFFFFFFFFFFFFFFFFFFFFFFFFFFFFFFFFFFFFFFFFFFFFFFFFFFFFFFE5
:20BB8000FFFFFFFFFFFFFFFFFFFFFFFFFFFFFFFFFFFFFFFFFFFFFFFFFFFFFFFFFFFFFFFFC5
:20BBA000FFFFFFFFFFFFFFFFFFFFFFFFFFFFFFFFFFFFFFFFFFFFFFFFFFFFFFFFFFFFFFFFA5
:20BBC000FFFFFFFFFFFFFFFFFFFFFFFFFFFFFFFFFFFFFFFFFFFFFFFFFFFFFFFFFFFFFFFF85
:20BBE000FFFFFFFFFFFFFFFFFFFFFFFFFFFFFFFFFFFFFFFFFFFFFFFFFFFFFFFFFFFFFFFF65
:20BC0000FFFFFFFFFFFFFFFFFFFFFFFFFFFFFFFFFFFFFFFFFFFFFFFFFFFFFFFFFFFFFFFF44
:20BC2000FFFFFFFFFFFFFFFFFFFFFFFFFFFFFFFFFFFFFFFFFFFFFFFFFFFFFFFFFFFFFFFF24
:20BC4000FFFFFFFFFFFFFFFFFFFFFFFFFFFFFFFFFFFFFFFFFFFFFFFFFFFFFFFFFFFFFFFF04
:20BC6000FFFFFFFFFFFFFFFFFFFFFFFFFFFFFFFFFFFFFFFFFFFFFFFFFFFFFFFFFFFFFFFFE4
:20BC8000FFFFFFFFFFFFFFFFFFFFFFFFFFFFFFFFFFFFFFFFFFFFFFFFFFFFFFFFFFFFFFFFC4
:20BCA000FFFFFFFFFFFFFFFFFFFFFFFFFFFFFFFFFFFFFFFFFFFFFFFFFFFFFFFFFFFFFFFFA4
:20BCC000FFFFFFFFFFFFFFFFFFFFFFFFFFFFFFFFFFFFFFFFFFFFFFFFFFFFFFFFFFFFFFFF84
:20BCE000FFFFFFFFFFFFFFFFFFFFFFFFFFFFFFFFFFFFFFFFFFFFFFFFFFFFFFFFFFFFFFFF64
:20BD0000FFFFFFFFFFFFFFFFFFFFFFFFFFFFFFFFFFFFFFFFFFFFFFFFFFFFFFFFFFFFFFFF43
:20BD2000FFFFFFFFFFFFFFFFFFFFFFFFFFFFFFFFFFFFFFFFFFFFFFFFFFFFFFFFFFFFFFFF23
:20BD4000FFFFFFFFFFFFFFFFFFFFFFFFFFFFFFFFFFFFFFFFFFFFFFFFFFFFFFFFFFFFFFFF03
:20BD6000FFFFFFFFFFFFFFFFFFFFFFFFFFFFFFFFFFFFFFFFFFFFFFFFFFFFFFFFFFFFFFFFE3
:20BD8000FFFFFFFFFFFFFFFFFFFFFFFFFFFFFFFFFFFFFFFFFFFFFFFFFFFFFFFFFFFFFFFFC3
:20BDA000FFFFFFFFFFFFFFFFFFFFFFFFFFFFFFFFFFFFFFFFFFFFFFFFFFFFFFFFFFFFFFFFA3
:20BDC000FFFFFFFFFFFFFFFFFFFFFFFFFFFFFFFFFFFFFFFFFFFFFFFFFFFFFFFFFFFFFFFF83
:20BDE000FFFFFFFFFFFFFFFFFFFFFFFFFFFFFFFFFFFFFFFFFFFFFFFFFFFFFFFFFFFFFFFF63
:20BE0000FFFFFFFFFFFFFFFFFFFFFFFFFFFFFFFFFFFFFFFFFFFFFFFFFFFFFFFFFFFFFFFF42
:20BE2000FFFFFFFFFFFFFFFFFFFFFFFFFFFFFFFFFFFFFFFFFFFFFFFFFFFFFFFFFFFFFFFF22
:20BE4000FFFFFFFFFFFFFFFFFFFFFFFFFFFFFFFFFFFFFFFFFFFFFFFFFFFFFFFFFFFFFFFF02
:20BE6000FFFFFFFFFFFFFFFFFFFFFFFFFFFFFFFFFFFFFFFFFFFFFFFFFFFFFFFFFFFFFFFFE2
:20BE8000FFFFFFFFFFFFFFFFFFFFFFFFFFFFFFFFFFFFFFFFFFFFFFFFFFFFFFFFFFFFFFFFC2
:20BEA000FFFFFFFFFFFFFFFFFFFFFFFFFFFFFFFFFFFFFFFFFFFFFFFFFFFFFFFFFFFFFFFFA2
:20BEC000FFFFFFFFFFFFFFFFFFFFFFFFFFFFFFFFFFFFFFFFFFFFFFFFFFFFFFFFFFFFFFFF82
:20BEE000FFFFFFFFFFFFFFFFFFFFFFFFFFFFFFFFFFFFFFFFFFFFFFFFFFFFFFFFFFFFFFFF62
:20BF0000FFFFFFFFFFFFFFFFFFFFFFFFFFFFFFFFFFFFFFFFFFFFFFFFFFFFFFFFFFFFFFFF41
:20BF2000FFFFFFFFFFFFFFFFFFFFFFFFFFFFFFFFFFFFFFFFFFFFFFFFFFFFFFFFFFFFFFFF21
:20BF4000FFFFFFFFFFFFFFFFFFFFFFFFFFFFFFFFFFFFFFFFFFFFFFFFFFFFFFFFFFFFFFFF01
:20BF6000FFFFFFFFFFFFFFFFFFFFFFFFFFFFFFFFFFFFFFFFFFFFFFFFFFFFFFFFFFFFFFFFE1
:20BF8000FFFFFFFFFFFFFFFFFFFFFFFFFFFFFFFFFFFFFFFFFFFFFFFFFFFFFFFFFFFFFFFFC1
:20BFA000FFFFFFFFFFFFFFFFFFFFFFFFFFFFFFFFFFFFFFFFFFFFFFFFFFFFFFFFFFFFFFFFA1
:20BFC000FFFFFFFFFFFFFFFFFFFFFFFFFFFFFFFFFFFFFFFFFFFFFFFFFFFFFFFFFFFFFFFF81
:20BFE000FFFFFFFFFFFFFFFFFFFFFFFFFFFFFFFFFFFFFFFFFFFFFFFFFFFFFFFFFFFFFFFF61
:20C00000FFFFFFFFFFFFFFFFFFFFFFFFFFFFFFFFFFFFFFFFFFFFFFFFFFFFFFFFFFFFFFFF40
:20C02000FFFFFFFFFFFFFFFFFFFFFFFFFFFFFFFFFFFFFFFFFFFFFFFFFFFFFFFFFFFFFFFF20
:20C04000FFFFFFFFFFFFFFFFFFFFFFFFFFFFFFFFFFFFFFFFFFFFFFFFFFFFFFFFFFFFFFFF00
:20C06000FFFFFFFFFFFFFFFFFFFFFFFFFFFFFFFFFFFFFFFFFFFFFFFFFFFFFFFFFFFFFFFFE0
:20C08000FFFFFFFFFFFFFFFFFFFFFFFFFFFFFFFFFFFFFFFFFFFFFFFFFFFFFFFFFFFFFFFFC0
:20C0A000FFFFFFFFFFFFFFFFFFFFFFFFFFFFFFFFFFFFFFFFFFFFFFFFFFFFFFFFFFFFFFFFA0
:20C0C000FFFFFFFFFFFFFFFFFFFFFFFFFFFFFFFFFFFFFFFFFFFFFFFFFFFFFFFFFFFFFFFF80
:20C0E000FFFFFFFFFFFFFFFFFFFFFFFFFFFFFFFFFFFFFFFFFFFFFFFFFFFFFFFFFFFFFFFF60
:20C10000FFFFFFFFFFFFFFFFFFFFFFFFFFFFFFFFFFFFFFFFFFFFFFFFFFFFFFFFFFFFFFFF3F
:20C12000FFFFFFFFFFFFFFFFFFFFFFFFFFFFFFFFFFFFFFFFFFFFFFFFFFFFFFFFFFFFFFFF1F
:20C14000FFFFFFFFFFFFFFFFFFFFFFFFFFFFFFFFFFFFFFFFFFFFFFFFFFFFFFFFFFFFFFFFFF
:20C16000FFFFFFFFFFFFFFFFFFFFFFFFFFFFFFFFFFFFFFFFFFFFFFFFFFFFFFFFFFFFFFFFDF
:20C18000FFFFFFFFFFFFFFFFFFFFFFFFFFFFFFFFFFFFFFFFFFFFFFFFFFFFFFFFFFFFFFFFBF
:20C1A000FFFFFFFFFFFFFFFFFFFFFFFFFFFFFFFFFFFFFFFFFFFFFFFFFFFFFFFFFFFFFFFF9F
:20C1C000FFFFFFFFFFFFFFFFFFFFFFFFFFFFFFFFFFFFFFFFFFFFFFFFFFFFFFFFFFFFFFFF7F
:20C1E000FFFFFFFFFFFFFFFFFFFFFFFFFFFFFFFFFFFFFFFFFFFFFFFFFFFFFFFFFFFFFFFF5F
:20C20000FFFFFFFFFFFFFFFFFFFFFFFFFFFFFFFFFFFFFFFFFFFFFFFFFFFFFFFFFFFFFFFF3E
:20C22000FFFFFFFFFFFFFFFFFFFFFFFFFFFFFFFFFFFFFFFFFFFFFFFFFFFFFFFFFFFFFFFF1E
:20C24000FFFFFFFFFFFFFFFFFFFFFFFFFFFFFFFFFFFFFFFFFFFFFFFFFFFFFFFFFFFFFFFFFE
:20C26000FFFFFFFFFFFFFFFFFFFFFFFFFFFFFFFFFFFFFFFFFFFFFFFFFFFFFFFFFFFFFFFFDE
:20C28000FFFFFFFFFFFFFFFFFFFFFFFFFFFFFFFFFFFFFFFFFFFFFFFFFFFFFFFFFFFFFFFFBE
:20C2A000FFFFFFFFFFFFFFFFFFFFFFFFFFFFFFFFFFFFFFFFFFFFFFFFFFFFFFFFFFFFFFFF9E
:20C2C000FFFFFFFFFFFFFFFFFFFFFFFFFFFFFFFFFFFFFFFFFFFFFFFFFFFFFFFFFFFFFFFF7E
:20C2E000FFFFFFFFFFFFFFFFFFFFFFFFFFFFFFFFFFFFFFFFFFFFFFFFFFFFFFFFFFFFFFFF5E
:20C30000FFFFFFFFFFFFFFFFFFFFFFFFFFFFFFFFFFFFFFFFFFFFFFFFFFFFFFFFFFFFFFFF3D
:20C32000FFFFFFFFFFFFFFFFFFFFFFFFFFFFFFFFFFFFFFFFFFFFFFFFFFFFFFFFFFFFFFFF1D
:20C34000FFFFFFFFFFFFFFFFFFFFFFFFFFFFFFFFFFFFFFFFFFFFFFFFFFFFFFFFFFFFFFFFFD
:20C36000FFFFFFFFFFFFFFFFFFFFFFFFFFFFFFFFFFFFFFFFFFFFFFFFFFFFFFFFFFFFFFFFDD
:20C38000FFFFFFFFFFFFFFFFFFFFFFFFFFFFFFFFFFFFFFFFFFFFFFFFFFFFFFFFFFFFFFFFBD
:20C3A000FFFFFFFFFFFFFFFFFFFFFFFFFFFFFFFFFFFFFFFFFFFFFFFFFFFFFFFFFFFFFFFF9D
:20C3C000FFFFFFFFFFFFFFFFFFFFFFFFFFFFFFFFFFFFFFFFFFFFFFFFFFFFFFFFFFFFFFFF7D
:20C3E000FFFFFFFFFFFFFFFFFFFFFFFFFFFFFFFFFFFFFFFFFFFFFFFFFFFFFFFFFFFFFFFF5D
:20C40000FFFFFFFFFFFFFFFFFFFFFFFFFFFFFFFFFFFFFFFFFFFFFFFFFFFFFFFFFFFFFFFF3C
:20C42000FFFFFFFFFFFFFFFFFFFFFFFFFFFFFFFFFFFFFFFFFFFFFFFFFFFFFFFFFFFFFFFF1C
:20C44000FFFFFFFFFFFFFFFFFFFFFFFFFFFFFFFFFFFFFFFFFFFFFFFFFFFFFFFFFFFFFFFFFC
:20C46000FFFFFFFFFFFFFFFFFFFFFFFFFFFFFFFFFFFFFFFFFFFFFFFFFFFFFFFFFFFFFFFFDC
:20C48000FFFFFFFFFFFFFFFFFFFFFFFFFFFFFFFFFFFFFFFFFFFFFFFFFFFFFFFFFFFFFFFFBC
:20C4A000FFFFFFFFFFFFFFFFFFFFFFFFFFFFFFFFFFFFFFFFFFFFFFFFFFFFFFFFFFFFFFFF9C
:20C4C000FFFFFFFFFFFFFFFFFFFFFFFFFFFFFFFFFFFFFFFFFFFFFFFFFFFFFFFFFFFFFFFF7C
:20C4E000FFFFFFFFFFFFFFFFFFFFFFFFFFFFFFFFFFFFFFFFFFFFFFFFFFFFFFFFFFFFFFFF5C
:20C50000FFFFFFFFFFFFFFFFFFFFFFFFFFFFFFFFFFFFFFFFFFFFFFFFFFFFFFFFFFFFFFFF3B
:20C52000FFFFFFFFFFFFFFFFFFFFFFFFFFFFFFFFFFFFFFFFFFFFFFFFFFFFFFFFFFFFFFFF1B
:20C54000FFFFFFFFFFFFFFFFFFFFFFFFFFFFFFFFFFFFFFFFFFFFFFFFFFFFFFFFFFFFFFFFFB
:20C56000FFFFFFFFFFFFFFFFFFFFFFFFFFFFFFFFFFFFFFFFFFFFFFFFFFFFFFFFFFFFFFFFDB
:20C58000FFFFFFFFFFFFFFFFFFFFFFFFFFFFFFFFFFFFFFFFFFFFFFFFFFFFFFFFFFFFFFFFBB
:20C5A000FFFFFFFFFFFFFFFFFFFFFFFFFFFFFFFFFFFFFFFFFFFFFFFFFFFFFFFFFFFFFFFF9B
:20C5C000FFFFFFFFFFFFFFFFFFFFFFFFFFFFFFFFFFFFFFFFFFFFFFFFFFFFFFFFFFFFFFFF7B
:20C5E000FFFFFFFFFFFFFFFFFFFFFFFFFFFFFFFFFFFFFFFFFFFFFFFFFFFFFFFFFFFFFFFF5B
:20C60000FFFFFFFFFFFFFFFFFFFFFFFFFFFFFFFFFFFFFFFFFFFFFFFFFFFFFFFFFFFFFFFF3A
:20C62000FFFFFFFFFFFFFFFFFFFFFFFFFFFFFFFFFFFFFFFFFFFFFFFFFFFFFFFFFFFFFFFF1A
:20C64000FFFFFFFFFFFFFFFFFFFFFFFFFFFFFFFFFFFFFFFFFFFFFFFFFFFFFFFFFFFFFFFFFA
:20C66000FFFFFFFFFFFFFFFFFFFFFFFFFFFFFFFFFFFFFFFFFFFFFFFFFFFFFFFFFFFFFFFFDA
:20C68000FFFFFFFFFFFFFFFFFFFFFFFFFFFFFFFFFFFFFFFFFFFFFFFFFFFFFFFFFFFFFFFFBA
:20C6A000FFFFFFFFFFFFFFFFFFFFFFFFFFFFFFFFFFFFFFFFFFFFFFFFFFFFFFFFFFFFFFFF9A
:20C6C000FFFFFFFFFFFFFFFFFFFFFFFFFFFFFFFFFFFFFFFFFFFFFFFFFFFFFFFFFFFFFFFF7A
:20C6E000FFFFFFFFFFFFFFFFFFFFFFFFFFFFFFFFFFFFFFFFFFFFFFFFFFFFFFFFFFFFFFFF5A
:20C70000FFFFFFFFFFFFFFFFFFFFFFFFFFFFFFFFFFFFFFFFFFFFFFFFFFFFFFFFFFFFFFFF39
:20C72000FFFFFFFFFFFFFFFFFFFFFFFFFFFFFFFFFFFFFFFFFFFFFFFFFFFFFFFFFFFFFFFF19
:20C74000FFFFFFFFFFFFFFFFFFFFFFFFFFFFFFFFFFFFFFFFFFFFFFFFFFFFFFFFFFFFFFFFF9
:20C76000FFFFFFFFFFFFFFFFFFFFFFFFFFFFFFFFFFFFFFFFFFFFFFFFFFFFFFFFFFFFFFFFD9
:20C78000FFFFFFFFFFFFFFFFFFFFFFFFFFFFFFFFFFFFFFFFFFFFFFFFFFFFFFFFFFFFFFFFB9
:20C7A000FFFFFFFFFFFFFFFFFFFFFFFFFFFFFFFFFFFFFFFFFFFFFFFFFFFFFFFFFFFFFFFF99
:20C7C000FFFFFFFFFFFFFFFFFFFFFFFFFFFFFFFFFFFFFFFFFFFFFFFFFFFFFFFFFFFFFFFF79
:20C7E000FFFFFFFFFFFFFFFFFFFFFFFFFFFFFFFFFFFFFFFFFFFFFFFFFFFFFFFFFFFFFFFF59
:20C80000FFFFFFFFFFFFFFFFFFFFFFFFFFFFFFFFFFFFFFFFFFFFFFFFFFFFFFFFFFFFFFFF38
:20C82000FFFFFFFFFFFFFFFFFFFFFFFFFFFFFFFFFFFFFFFFFFFFFFFFFFFFFFFFFFFFFFFF18
:20C84000FFFFFFFFFFFFFFFFFFFFFFFFFFFFFFFFFFFFFFFFFFFFFFFFFFFFFFFFFFFFFFFFF8
:20C86000FFFFFFFFFFFFFFFFFFFFFFFFFFFFFFFFFFFFFFFFFFFFFFFFFFFFFFFFFFFFFFFFD8
:20C88000FFFFFFFFFFFFFFFFFFFFFFFFFFFFFFFFFFFFFFFFFFFFFFFFFFFFFFFFFFFFFFFFB8
:20C8A000FFFFFFFFFFFFFFFFFFFFFFFFFFFFFFFFFFFFFFFFFFFFFFFFFFFFFFFFFFFFFFFF98
:20C8C000FFFFFFFFFFFFFFFFFFFFFFFFFFFFFFFFFFFFFFFFFFFFFFFFFFFFFFFFFFFFFFFF78
:20C8E000FFFFFFFFFFFFFFFFFFFFFFFFFFFFFFFFFFFFFFFFFFFFFFFFFFFFFFFFFFFFFFFF58
:20C90000FFFFFFFFFFFFFFFFFFFFFFFFFFFFFFFFFFFFFFFFFFFFFFFFFFFFFFFFFFFFFFFF37
:20C92000FFFFFFFFFFFFFFFFFFFFFFFFFFFFFFFFFFFFFFFFFFFFFFFFFFFFFFFFFFFFFFFF17
:20C94000FFFFFFFFFFFFFFFFFFFFFFFFFFFFFFFFFFFFFFFFFFFFFFFFFFFFFFFFFFFFFFFFF7
:20C96000FFFFFFFFFFFFFFFFFFFFFFFFFFFFFFFFFFFFFFFFFFFFFFFFFFFFFFFFFFFFFFFFD7
:20C98000FFFFFFFFFFFFFFFFFFFFFFFFFFFFFFFFFFFFFFFFFFFFFFFFFFFFFFFFFFFFFFFFB7
:20C9A000FFFFFFFFFFFFFFFFFFFFFFFFFFFFFFFFFFFFFFFFFFFFFFFFFFFFFFFFFFFFFFFF97
:20C9C000FFFFFFFFFFFFFFFFFFFFFFFFFFFFFFFFFFFFFFFFFFFFFFFFFFFFFFFFFFFFFFFF77
:20C9E000FFFFFFFFFFFFFFFFFFFFFFFFFFFFFFFFFFFFFFFFFFFFFFFFFFFFFFFFFFFFFFFF57
:20CA0000FFFFFFFFFFFFFFFFFFFFFFFFFFFFFFFFFFFFFFFFFFFFFFFFFFFFFFFFFFFFFFFF36
:20CA2000FFFFFFFFFFFFFFFFFFFFFFFFFFFFFFFFFFFFFFFFFFFFFFFFFFFFFFFFFFFFFFFF16
:20CA4000FFFFFFFFFFFFFFFFFFFFFFFFFFFFFFFFFFFFFFFFFFFFFFFFFFFFFFFFFFFFFFFFF6
:20CA6000FFFFFFFFFFFFFFFFFFFFFFFFFFFFFFFFFFFFFFFFFFFFFFFFFFFFFFFFFFFFFFFFD6
:20CA8000FFFFFFFFFFFFFFFFFFFFFFFFFFFFFFFFFFFFFFFFFFFFFFFFFFFFFFFFFFFFFFFFB6
:20CAA000FFFFFFFFFFFFFFFFFFFFFFFFFFFFFFFFFFFFFFFFFFFFFFFFFFFFFFFFFFFFFFFF96
:20CAC000FFFFFFFFFFFFFFFFFFFFFFFFFFFFFFFFFFFFFFFFFFFFFFFFFFFFFFFFFFFFFFFF76
:20CAE000FFFFFFFFFFFFFFFFFFFFFFFFFFFFFFFFFFFFFFFFFFFFFFFFFFFFFFFFFFFFFFFF56
:20CB0000FFFFFFFFFFFFFFFFFFFFFFFFFFFFFFFFFFFFFFFFFFFFFFFFFFFFFFFFFFFFFFFF35
:20CB2000FFFFFFFFFFFFFFFFFFFFFFFFFFFFFFFFFFFFFFFFFFFFFFFFFFFFFFFFFFFFFFFF15
:20CB4000FFFFFFFFFFFFFFFFFFFFFFFFFFFFFFFFFFFFFFFFFFFFFFFFFFFFFFFFFFFFFFFFF5
:20CB6000FFFFFFFFFFFFFFFFFFFFFFFFFFFFFFFFFFFFFFFFFFFFFFFFFFFFFFFFFFFFFFFFD5
:20CB8000FFFFFFFFFFFFFFFFFFFFFFFFFFFFFFFFFFFFFFFFFFFFFFFFFFFFFFFFFFFFFFFFB5
:20CBA000FFFFFFFFFFFFFFFFFFFFFFFFFFFFFFFFFFFFFFFFFFFFFFFFFFFFFFFFFFFFFFFF95
:20CBC000FFFFFFFFFFFFFFFFFFFFFFFFFFFFFFFFFFFFFFFFFFFFFFFFFFFFFFFFFFFFFFFF75
:20CBE000FFFFFFFFFFFFFFFFFFFFFFFFFFFFFFFFFFFFFFFFFFFFFFFFFFFFFFFFFFFFFFFF55
:20CC0000FFFFFFFFFFFFFFFFFFFFFFFFFFFFFFFFFFFFFFFFFFFFFFFFFFFFFFFFFFFFFFFF34
:20CC2000FFFFFFFFFFFFFFFFFFFFFFFFFFFFFFFFFFFFFFFFFFFFFFFFFFFFFFFFFFFFFFFF14
:20CC4000FFFFFFFFFFFFFFFFFFFFFFFFFFFFFFFFFFFFFFFFFFFFFFFFFFFFFFFFFFFFFFFFF4
:20CC6000FFFFFFFFFFFFFFFFFFFFFFFFFFFFFFFFFFFFFFFFFFFFFFFFFFFFFFFFFFFFFFFFD4
:20CC8000FFFFFFFFFFFFFFFFFFFFFFFFFFFFFFFFFFFFFFFFFFFFFFFFFFFFFFFFFFFFFFFFB4
:20CCA000FFFFFFFFFFFFFFFFFFFFFFFFFFFFFFFFFFFFFFFFFFFFFFFFFFFFFFFFFFFFFFFF94
:20CCC000FFFFFFFFFFFFFFFFFFFFFFFFFFFFFFFFFFFFFFFFFFFFFFFFFFFFFFFFFFFFFFFF74
:20CCE000FFFFFFFFFFFFFFFFFFFFFFFFFFFFFFFFFFFFFFFFFFFFFFFFFFFFFFFFFFFFFFFF54
:20CD0000FFFFFFFFFFFFFFFFFFFFFFFFFFFFFFFFFFFFFFFFFFFFFFFFFFFFFFFFFFFFFFFF33
:20CD2000FFFFFFFFFFFFFFFFFFFFFFFFFFFFFFFFFFFFFFFFFFFFFFFFFFFFFFFFFFFFFFFF13
:20CD4000FFFFFFFFFFFFFFFFFFFFFFFFFFFFFFFFFFFFFFFFFFFFFFFFFFFFFFFFFFFFFFFFF3
:20CD6000FFFFFFFFFFFFFFFFFFFFFFFFFFFFFFFFFFFFFFFFFFFFFFFFFFFFFFFFFFFFFFFFD3
:20CD8000FFFFFFFFFFFFFFFFFFFFFFFFFFFFFFFFFFFFFFFFFFFFFFFFFFFFFFFFFFFFFFFFB3
:20CDA000FFFFFFFFFFFFFFFFFFFFFFFFFFFFFFFFFFFFFFFFFFFFFFFFFFFFFFFFFFFFFFFF93
:20CDC000FFFFFFFFFFFFFFFFFFFFFFFFFFFFFFFFFFFFFFFFFFFFFFFFFFFFFFFFFFFFFFFF73
:20CDE000FFFFFFFFFFFFFFFFFFFFFFFFFFFFFFFFFFFFFFFFFFFFFFFFFFFFFFFFFFFFFFFF53
:20CE0000FFFFFFFFFFFFFFFFFFFFFFFFFFFFFFFFFFFFFFFFFFFFFFFFFFFFFFFFFFFFFFFF32
:20CE2000FFFFFFFFFFFFFFFFFFFFFFFFFFFFFFFFFFFFFFFFFFFFFFFFFFFFFFFFFFFFFFFF12
:20CE4000FFFFFFFFFFFFFFFFFFFFFFFFFFFFFFFFFFFFFFFFFFFFFFFFFFFFFFFFFFFFFFFFF2
:20CE6000FFFFFFFFFFFFFFFFFFFFFFFFFFFFFFFFFFFFFFFFFFFFFFFFFFFFFFFFFFFFFFFFD2
:20CE8000FFFFFFFFFFFFFFFFFFFFFFFFFFFFFFFFFFFFFFFFFFFFFFFFFFFFFFFFFFFFFFFFB2
:20CEA000FFFFFFFFFFFFFFFFFFFFFFFFFFFFFFFFFFFFFFFFFFFFFFFFFFFFFFFFFFFFFFFF92
:20CEC000FFFFFFFFFFFFFFFFFFFFFFFFFFFFFFFFFFFFFFFFFFFFFFFFFFFFFFFFFFFFFFFF72
:20CEE000FFFFFFFFFFFFFFFFFFFFFFFFFFFFFFFFFFFFFFFFFFFFFFFFFFFFFFFFFFFFFFFF52
:20CF0000FFFFFFFFFFFFFFFFFFFFFFFFFFFFFFFFFFFFFFFFFFFFFFFFFFFFFFFFFFFFFFFF31
:20CF2000FFFFFFFFFFFFFFFFFFFFFFFFFFFFFFFFFFFFFFFFFFFFFFFFFFFFFFFFFFFFFFFF11
:20CF4000FFFFFFFFFFFFFFFFFFFFFFFFFFFFFFFFFFFFFFFFFFFFFFFFFFFFFFFFFFFFFFFFF1
:20CF6000FFFFFFFFFFFFFFFFFFFFFFFFFFFFFFFFFFFFFFFFFFFFFFFFFFFFFFFFFFFFFFFFD1
:20CF8000FFFFFFFFFFFFFFFFFFFFFFFFFFFFFFFFFFFFFFFFFFFFFFFFFFFFFFFFFFFFFFFFB1
:20CFA000FFFFFFFFFFFFFFFFFFFFFFFFFFFFFFFFFFFFFFFFFFFFFFFFFFFFFFFFFFFFFFFF91
:20CFC000FFFFFFFFFFFFFFFFFFFFFFFFFFFFFFFFFFFFFFFFFFFFFFFFFFFFFFFFFFFFFFFF71
:20CFE000FFFFFFFFFFFFFFFFFFFFFFFFFFFFFFFFFFFFFFFFFFFFFFFFFFFFFFFFFFFFFFFF51
:20D00000FFFFFFFFFFFFFFFFFFFFFFFFFFFFFFFFFFFFFFFFFFFFFFFFFFFFFFFFFFFFFFFF30
:20D02000FFFFFFFFFFFFFFFFFFFFFFFFFFFFFFFFFFFFFFFFFFFFFFFFFFFFFFFFFFFFFFFF10
:20D04000FFFFFFFFFFFFFFFFFFFFFFFFFFFFFFFFFFFFFFFFFFFFFFFFFFFFFFFFFFFFFFFFF0
:20D06000FFFFFFFFFFFFFFFFFFFFFFFFFFFFFFFFFFFFFFFFFFFFFFFFFFFFFFFFFFFFFFFFD0
:20D08000FFFFFFFFFFFFFFFFFFFFFFFFFFFFFFFFFFFFFFFFFFFFFFFFFFFFFFFFFFFFFFFFB0
:20D0A000FFFFFFFFFFFFFFFFFFFFFFFFFFFFFFFFFFFFFFFFFFFFFFFFFFFFFFFFFFFFFFFF90
:20D0C000FFFFFFFFFFFFFFFFFFFFFFFFFFFFFFFFFFFFFFFFFFFFFFFFFFFFFFFFFFFFFFFF70
:20D0E000FFFFFFFFFFFFFFFFFFFFFFFFFFFFFFFFFFFFFFFFFFFFFFFFFFFFFFFFFFFFFFFF50
:20D10000FFFFFFFFFFFFFFFFFFFFFFFFFFFFFFFFFFFFFFFFFFFFFFFFFFFFFFFFFFFFFFFF2F
:20D12000FFFFFFFFFFFFFFFFFFFFFFFFFFFFFFFFFFFFFFFFFFFFFFFFFFFFFFFFFFFFFFFF0F
:20D14000FFFFFFFFFFFFFFFFFFFFFFFFFFFFFFFFFFFFFFFFFFFFFFFFFFFFFFFFFFFFFFFFEF
:20D16000FFFFFFFFFFFFFFFFFFFFFFFFFFFFFFFFFFFFFFFFFFFFFFFFFFFFFFFFFFFFFFFFCF
:20D18000FFFFFFFFFFFFFFFFFFFFFFFFFFFFFFFFFFFFFFFFFFFFFFFFFFFFFFFFFFFFFFFFAF
:20D1A000FFFFFFFFFFFFFFFFFFFFFFFFFFFFFFFFFFFFFFFFFFFFFFFFFFFFFFFFFFFFFFFF8F
:20D1C000FFFFFFFFFFFFFFFFFFFFFFFFFFFFFFFFFFFFFFFFFFFFFFFFFFFFFFFFFFFFFFFF6F
:20D1E000FFFFFFFFFFFFFFFFFFFFFFFFFFFFFFFFFFFFFFFFFFFFFFFFFFFFFFFFFFFFFFFF4F
:20D20000FFFFFFFFFFFFFFFFFFFFFFFFFFFFFFFFFFFFFFFFFFFFFFFFFFFFFFFFFFFFFFFF2E
:20D22000FFFFFFFFFFFFFFFFFFFFFFFFFFFFFFFFFFFFFFFFFFFFFFFFFFFFFFFFFFFFFFFF0E
:20D24000FFFFFFFFFFFFFFFFFFFFFFFFFFFFFFFFFFFFFFFFFFFFFFFFFFFFFFFFFFFFFFFFEE
:20D26000FFFFFFFFFFFFFFFFFFFFFFFFFFFFFFFFFFFFFFFFFFFFFFFFFFFFFFFFFFFFFFFFCE
:20D28000FFFFFFFFFFFFFFFFFFFFFFFFFFFFFFFFFFFFFFFFFFFFFFFFFFFFFFFFFFFFFFFFAE
:20D2A000FFFFFFFFFFFFFFFFFFFFFFFFFFFFFFFFFFFFFFFFFFFFFFFFFFFFFFFFFFFFFFFF8E
:20D2C000FFFFFFFFFFFFFFFFFFFFFFFFFFFFFFFFFFFFFFFFFFFFFFFFFFFFFFFFFFFFFFFF6E
:20D2E000FFFFFFFFFFFFFFFFFFFFFFFFFFFFFFFFFFFFFFFFFFFFFFFFFFFFFFFFFFFFFFFF4E
:20D30000FFFFFFFFFFFFFFFFFFFFFFFFFFFFFFFFFFFFFFFFFFFFFFFFFFFFFFFFFFFFFFFF2D
:20D32000FFFFFFFFFFFFFFFFFFFFFFFFFFFFFFFFFFFFFFFFFFFFFFFFFFFFFFFFFFFFFFFF0D
:20D34000FFFFFFFFFFFFFFFFFFFFFFFFFFFFFFFFFFFFFFFFFFFFFFFFFFFFFFFFFFFFFFFFED
:20D36000FFFFFFFFFFFFFFFFFFFFFFFFFFFFFFFFFFFFFFFFFFFFFFFFFFFFFFFFFFFFFFFFCD
:20D38000FFFFFFFFFFFFFFFFFFFFFFFFFFFFFFFFFFFFFFFFFFFFFFFFFFFFFFFFFFFFFFFFAD
:20D3A000FFFFFFFFFFFFFFFFFFFFFFFFFFFFFFFFFFFFFFFFFFFFFFFFFFFFFFFFFFFFFFFF8D
:20D3C000FFFFFFFFFFFFFFFFFFFFFFFFFFFFFFFFFFFFFFFFFFFFFFFFFFFFFFFFFFFFFFFF6D
:20D3E000FFFFFFFFFFFFFFFFFFFFFFFFFFFFFFFFFFFFFFFFFFFFFFFFFFFFFFFFFFFFFFFF4D
:20D40000FFFFFFFFFFFFFFFFFFFFFFFFFFFFFFFFFFFFFFFFFFFFFFFFFFFFFFFFFFFFFFFF2C
:20D42000FFFFFFFFFFFFFFFFFFFFFFFFFFFFFFFFFFFFFFFFFFFFFFFFFFFFFFFFFFFFFFFF0C
:20D44000FFFFFFFFFFFFFFFFFFFFFFFFFFFFFFFFFFFFFFFFFFFFFFFFFFFFFFFFFFFFFFFFEC
:20D46000FFFFFFFFFFFFFFFFFFFFFFFFFFFFFFFFFFFFFFFFFFFFFFFFFFFFFFFFFFFFFFFFCC
:20D48000FFFFFFFFFFFFFFFFFFFFFFFFFFFFFFFFFFFFFFFFFFFFFFFFFFFFFFFFFFFFFFFFAC
:20D4A000FFFFFFFFFFFFFFFFFFFFFFFFFFFFFFFFFFFFFFFFFFFFFFFFFFFFFFFFFFFFFFFF8C
:20D4C000FFFFFFFFFFFFFFFFFFFFFFFFFFFFFFFFFFFFFFFFFFFFFFFFFFFFFFFFFFFFFFFF6C
:20D4E000FFFFFFFFFFFFFFFFFFFFFFFFFFFFFFFFFFFFFFFFFFFFFFFFFFFFFFFFFFFFFFFF4C
:20D50000FFFFFFFFFFFFFFFFFFFFFFFFFFFFFFFFFFFFFFFFFFFFFFFFFFFFFFFFFFFFFFFF2B
:20D52000FFFFFFFFFFFFFFFFFFFFFFFFFFFFFFFFFFFFFFFFFFFFFFFFFFFFFFFFFFFFFFFF0B
:20D54000FFFFFFFFFFFFFFFFFFFFFFFFFFFFFFFFFFFFFFFFFFFFFFFFFFFFFFFFFFFFFFFFEB
:20D56000FFFFFFFFFFFFFFFFFFFFFFFFFFFFFFFFFFFFFFFFFFFFFFFFFFFFFFFFFFFFFFFFCB
:20D58000FFFFFFFFFFFFFFFFFFFFFFFFFFFFFFFFFFFFFFFFFFFFFFFFFFFFFFFFFFFFFFFFAB
:20D5A000FFFFFFFFFFFFFFFFFFFFFFFFFFFFFFFFFFFFFFFFFFFFFFFFFFFFFFFFFFFFFFFF8B
:20D5C000FFFFFFFFFFFFFFFFFFFFFFFFFFFFFFFFFFFFFFFFFFFFFFFFFFFFFFFFFFFFFFFF6B
:20D5E000FFFFFFFFFFFFFFFFFFFFFFFFFFFFFFFFFFFFFFFFFFFFFFFFFFFFFFFFFFFFFFFF4B
:20D60000FFFFFFFFFFFFFFFFFFFFFFFFFFFFFFFFFFFFFFFFFFFFFFFFFFFFFFFFFFFFFFFF2A
:20D62000FFFFFFFFFFFFFFFFFFFFFFFFFFFFFFFFFFFFFFFFFFFFFFFFFFFFFFFFFFFFFFFF0A
:20D64000FFFFFFFFFFFFFFFFFFFFFFFFFFFFFFFFFFFFFFFFFFFFFFFFFFFFFFFFFFFFFFFFEA
:20D66000FFFFFFFFFFFFFFFFFFFFFFFFFFFFFFFFFFFFFFFFFFFFFFFFFFFFFFFFFFFFFFFFCA
:20D68000FFFFFFFFFFFFFFFFFFFFFFFFFFFFFFFFFFFFFFFFFFFFFFFFFFFFFFFFFFFFFFFFAA
:20D6A000FFFFFFFFFFFFFFFFFFFFFFFFFFFFFFFFFFFFFFFFFFFFFFFFFFFFFFFFFFFFFFFF8A
:20D6C000FFFFFFFFFFFFFFFFFFFFFFFFFFFFFFFFFFFFFFFFFFFFFFFFFFFFFFFFFFFFFFFF6A
:20D6E000FFFFFFFFFFFFFFFFFFFFFFFFFFFFFFFFFFFFFFFFFFFFFFFFFFFFFFFFFFFFFFFF4A
:20D70000FFFFFFFFFFFFFFFFFFFFFFFFFFFFFFFFFFFFFFFFFFFFFFFFFFFFFFFFFFFFFFFF29
:20D72000FFFFFFFFFFFFFFFFFFFFFFFFFFFFFFFFFFFFFFFFFFFFFFFFFFFFFFFFFFFFFFFF09
:20D74000FFFFFFFFFFFFFFFFFFFFFFFFFFFFFFFFFFFFFFFFFFFFFFFFFFFFFFFFFFFFFFFFE9
:20D76000FFFFFFFFFFFFFFFFFFFFFFFFFFFFFFFFFFFFFFFFFFFFFFFFFFFFFFFFFFFFFFFFC9
:20D78000FFFFFFFFFFFFFFFFFFFFFFFFFFFFFFFFFFFFFFFFFFFFFFFFFFFFFFFFFFFFFFFFA9
:20D7A000FFFFFFFFFFFFFFFFFFFFFFFFFFFFFFFFFFFFFFFFFFFFFFFFFFFFFFFFFFFFFFFF89
:20D7C000FFFFFFFFFFFFFFFFFFFFFFFFFFFFFFFFFFFFFFFFFFFFFFFFFFFFFFFFFFFFFFFF69
:20D7E000FFFFFFFFFFFFFFFFFFFFFFFFFFFFFFFFFFFFFFFFFFFFFFFFFFFFFFFFFFFFFFFF49
:20D80000FFFFFFFFFFFFFFFFFFFFFFFFFFFFFFFFFFFFFFFFFFFFFFFFFFFFFFFFFFFFFFFF28
:20D82000FFFFFFFFFFFFFFFFFFFFFFFFFFFFFFFFFFFFFFFFFFFFFFFFFFFFFFFFFFFFFFFF08
:20D84000FFFFFFFFFFFFFFFFFFFFFFFFFFFFFFFFFFFFFFFFFFFFFFFFFFFFFFFFFFFFFFFFE8
:20D86000FFFFFFFFFFFFFFFFFFFFFFFFFFFFFFFFFFFFFFFFFFFFFFFFFFFFFFFFFFFFFFFFC8
:20D88000FFFFFFFFFFFFFFFFFFFFFFFFFFFFFFFFFFFFFFFFFFFFFFFFFFFFFFFFFFFFFFFFA8
:20D8A000FFFFFFFFFFFFFFFFFFFFFFFFFFFFFFFFFFFFFFFFFFFFFFFFFFFFFFFFFFFFFFFF88
:20D8C000FFFFFFFFFFFFFFFFFFFFFFFFFFFFFFFFFFFFFFFFFFFFFFFFFFFFFFFFFFFFFFFF68
:20D8E000FFFFFFFFFFFFFFFFFFFFFFFFFFFFFFFFFFFFFFFFFFFFFFFFFFFFFFFFFFFFFFFF48
:20D90000FFFFFFFFFFFFFFFFFFFFFFFFFFFFFFFFFFFFFFFFFFFFFFFFFFFFFFFFFFFFFFFF27
:20D92000FFFFFFFFFFFFFFFFFFFFFFFFFFFFFFFFFFFFFFFFFFFFFFFFFFFFFFFFFFFFFFFF07
:20D94000FFFFFFFFFFFFFFFFFFFFFFFFFFFFFFFFFFFFFFFFFFFFFFFFFFFFFFFFFFFFFFFFE7
:20D96000FFFFFFFFFFFFFFFFFFFFFFFFFFFFFFFFFFFFFFFFFFFFFFFFFFFFFFFFFFFFFFFFC7
:20D98000FFFFFFFFFFFFFFFFFFFFFFFFFFFFFFFFFFFFFFFFFFFFFFFFFFFFFFFFFFFFFFFFA7
:20D9A000FFFFFFFFFFFFFFFFFFFFFFFFFFFFFFFFFFFFFFFFFFFFFFFFFFFFFFFFFFFFFFFF87
:20D9C000FFFFFFFFFFFFFFFFFFFFFFFFFFFFFFFFFFFFFFFFFFFFFFFFFFFFFFFFFFFFFFFF67
:20D9E000FFFFFFFFFFFFFFFFFFFFFFFFFFFFFFFFFFFFFFFFFFFFFFFFFFFFFFFFFFFFFFFF47
:20DA0000FFFFFFFFFFFFFFFFFFFFFFFFFFFFFFFFFFFFFFFFFFFFFFFFFFFFFFFFFFFFFFFF26
:20DA2000FFFFFFFFFFFFFFFFFFFFFFFFFFFFFFFFFFFFFFFFFFFFFFFFFFFFFFFFFFFFFFFF06
:20DA4000FFFFFFFFFFFFFFFFFFFFFFFFFFFFFFFFFFFFFFFFFFFFFFFFFFFFFFFFFFFFFFFFE6
:20DA6000FFFFFFFFFFFFFFFFFFFFFFFFFFFFFFFFFFFFFFFFFFFFFFFFFFFFFFFFFFFFFFFFC6
:20DA8000FFFFFFFFFFFFFFFFFFFFFFFFFFFFFFFFFFFFFFFFFFFFFFFFFFFFFFFFFFFFFFFFA6
:20DAA000FFFFFFFFFFFFFFFFFFFFFFFFFFFFFFFFFFFFFFFFFFFFFFFFFFFFFFFFFFFFFFFF86
:20DAC000FFFFFFFFFFFFFFFFFFFFFFFFFFFFFFFFFFFFFFFFFFFFFFFFFFFFFFFFFFFFFFFF66
:20DAE000FFFFFFFFFFFFFFFFFFFFFFFFFFFFFFFFFFFFFFFFFFFFFFFFFFFFFFFFFFFFFFFF46
:20DB0000FFFFFFFFFFFFFFFFFFFFFFFFFFFFFFFFFFFFFFFFFFFFFFFFFFFFFFFFFFFFFFFF25
:20DB2000FFFFFFFFFFFFFFFFFFFFFFFFFFFFFFFFFFFFFFFFFFFFFFFFFFFFFFFFFFFFFFFF05
:20DB4000FFFFFFFFFFFFFFFFFFFFFFFFFFFFFFFFFFFFFFFFFFFFFFFFFFFFFFFFFFFFFFFFE5
:20DB6000FFFFFFFFFFFFFFFFFFFFFFFFFFFFFFFFFFFFFFFFFFFFFFFFFFFFFFFFFFFFFFFFC5
:20DB8000FFFFFFFFFFFFFFFFFFFFFFFFFFFFFFFFFFFFFFFFFFFFFFFFFFFFFFFFFFFFFFFFA5
:20DBA000FFFFFFFFFFFFFFFFFFFFFFFFFFFFFFFFFFFFFFFFFFFFFFFFFFFFFFFFFFFFFFFF85
:20DBC000FFFFFFFFFFFFFFFFFFFFFFFFFFFFFFFFFFFFFFFFFFFFFFFFFFFFFFFFFFFFFFFF65
:20DBE000FFFFFFFFFFFFFFFFFFFFFFFFFFFFFFFFFFFFFFFFFFFFFFFFFFFFFFFFFFFFFFFF45
:20DC0000FFFFFFFFFFFFFFFFFFFFFFFFFFFFFFFFFFFFFFFFFFFFFFFFFFFFFFFFFFFFFFFF24
:20DC2000FFFFFFFFFFFFFFFFFFFFFFFFFFFFFFFFFFFFFFFFFFFFFFFFFFFFFFFFFFFFFFFF04
:20DC4000FFFFFFFFFFFFFFFFFFFFFFFFFFFFFFFFFFFFFFFFFFFFFFFFFFFFFFFFFFFFFFFFE4
:20DC6000FFFFFFFFFFFFFFFFFFFFFFFFFFFFFFFFFFFFFFFFFFFFFFFFFFFFFFFFFFFFFFFFC4
:20DC8000FFFFFFFFFFFFFFFFFFFFFFFFFFFFFFFFFFFFFFFFFFFFFFFFFFFFFFFFFFFFFFFFA4
:20DCA000FFFFFFFFFFFFFFFFFFFFFFFFFFFFFFFFFFFFFFFFFFFFFFFFFFFFFFFFFFFFFFFF84
:20DCC000FFFFFFFFFFFFFFFFFFFFFFFFFFFFFFFFFFFFFFFFFFFFFFFFFFFFFFFFFFFFFFFF64
:20DCE000FFFFFFFFFFFFFFFFFFFFFFFFFFFFFFFFFFFFFFFFFFFFFFFFFFFFFFFFFFFFFFFF44
:20DD0000FFFFFFFFFFFFFFFFFFFFFFFFFFFFFFFFFFFFFFFFFFFFFFFFFFFFFFFFFFFFFFFF23
:20DD2000FFFFFFFFFFFFFFFFFFFFFFFFFFFFFFFFFFFFFFFFFFFFFFFFFFFFFFFFFFFFFFFF03
:20DD4000FFFFFFFFFFFFFFFFFFFFFFFFFFFFFFFFFFFFFFFFFFFFFFFFFFFFFFFFFFFFFFFFE3
:20DD6000FFFFFFFFFFFFFFFFFFFFFFFFFFFFFFFFFFFFFFFFFFFFFFFFFFFFFFFFFFFFFFFFC3
:20DD8000FFFFFFFFFFFFFFFFFFFFFFFFFFFFFFFFFFFFFFFFFFFFFFFFFFFFFFFFFFFFFFFFA3
:20DDA000FFFFFFFFFFFFFFFFFFFFFFFFFFFFFFFFFFFFFFFFFFFFFFFFFFFFFFFFFFFFFFFF83
:20DDC000FFFFFFFFFFFFFFFFFFFFFFFFFFFFFFFFFFFFFFFFFFFFFFFFFFFFFFFFFFFFFFFF63
:20DDE000FFFFFFFFFFFFFFFFFFFFFFFFFFFFFFFFFFFFFFFFFFFFFFFFFFFFFFFFFFFFFFFF43
:20DE0000FFFFFFFFFFFFFFFFFFFFFFFFFFFFFFFFFFFFFFFFFFFFFFFFFFFFFFFFFFFFFFFF22
:20DE2000FFFFFFFFFFFFFFFFFFFFFFFFFFFFFFFFFFFFFFFFFFFFFFFFFFFFFFFFFFFFFFFF02
:20DE4000FFFFFFFFFFFFFFFFFFFFFFFFFFFFFFFFFFFFFFFFFFFFFFFFFFFFFFFFFFFFFFFFE2
:20DE6000FFFFFFFFFFFFFFFFFFFFFFFFFFFFFFFFFFFFFFFFFFFFFFFFFFFFFFFFFFFFFFFFC2
:20DE8000FFFFFFFFFFFFFFFFFFFFFFFFFFFFFFFFFFFFFFFFFFFFFFFFFFFFFFFFFFFFFFFFA2
:20DEA000FFFFFFFFFFFFFFFFFFFFFFFFFFFFFFFFFFFFFFFFFFFFFFFFFFFFFFFFFFFFFFFF82
:20DEC000FFFFFFFFFFFFFFFFFFFFFFFFFFFFFFFFFFFFFFFFFFFFFFFFFFFFFFFFFFFFFFFF62
:20DEE000FFFFFFFFFFFFFFFFFFFFFFFFFFFFFFFFFFFFFFFFFFFFFFFFFFFFFFFFFFFFFFFF42
:20DF0000FFFFFFFFFFFFFFFFFFFFFFFFFFFFFFFFFFFFFFFFFFFFFFFFFFFFFFFFFFFFFFFF21
:20DF2000FFFFFFFFFFFFFFFFFFFFFFFFFFFFFFFFFFFFFFFFFFFFFFFFFFFFFFFFFFFFFFFF01
:20DF4000FFFFFFFFFFFFFFFFFFFFFFFFFFFFFFFFFFFFFFFFFFFFFFFFFFFFFFFFFFFFFFFFE1
:20DF6000FFFFFFFFFFFFFFFFFFFFFFFFFFFFFFFFFFFFFFFFFFFFFFFFFFFFFFFFFFFFFFFFC1
:20DF8000FFFFFFFFFFFFFFFFFFFFFFFFFFFFFFFFFFFFFFFFFFFFFFFFFFFFFFFFFFFFFFFFA1
:20DFA000FFFFFFFFFFFFFFFFFFFFFFFFFFFFFFFFFFFFFFFFFFFFFFFFFFFFFFFFFFFFFFFF81
:20DFC000FFFFFFFFFFFFFFFFFFFFFFFFFFFFFFFFFFFFFFFFFFFFFFFFFFFFFFFFFFFFFFFF61
:20DFE000FFFFFFFFFFFFFFFFFFFFFFFFFFFFFFFFFFFFFFFFFFFFFFFFFFFFFFFFFFFFFFFF41
:20E00000FFFFFFFFFFFFFFFFFFFFFFFFFFFFFFFFFFFFFFFFFFFFFFFFFFFFFFFFFFFFFFFF20
:20E02000FFFFFFFFFFFFFFFFFFFFFFFFFFFFFFFFFFFFFFFFFFFFFFFFFFFFFFFFFFFFFFFF00
:20E04000FFFFFFFFFFFFFFFFFFFFFFFFFFFFFFFFFFFFFFFFFFFFFFFFFFFFFFFFFFFFFFFFE0
:20E06000FFFFFFFFFFFFFFFFFFFFFFFFFFFFFFFFFFFFFFFFFFFFFFFFFFFFFFFFFFFFFFFFC0
:20E08000FFFFFFFFFFFFFFFFFFFFFFFFFFFFFFFFFFFFFFFFFFFFFFFFFFFFFFFFFFFFFFFFA0
:20E0A000FFFFFFFFFFFFFFFFFFFFFFFFFFFFFFFFFFFFFFFFFFFFFFFFFFFFFFFFFFFFFFFF80
:20E0C000FFFFFFFFFFFFFFFFFFFFFFFFFFFFFFFFFFFFFFFFFFFFFFFFFFFFFFFFFFFFFFFF60
:20E0E000FFFFFFFFFFFFFFFFFFFFFFFFFFFFFFFFFFFFFFFFFFFFFFFFFFFFFFFFFFFFFFFF40
:20E10000FFFFFFFFFFFFFFFFFFFFFFFFFFFFFFFFFFFFFFFFFFFFFFFFFFFFFFFFFFFFFFFF1F
:20E12000FFFFFFFFFFFFFFFFFFFFFFFFFFFFFFFFFFFFFFFFFFFFFFFFFFFFFFFFFFFFFFFFFF
:20E14000FFFFFFFFFFFFFFFFFFFFFFFFFFFFFFFFFFFFFFFFFFFFFFFFFFFFFFFFFFFFFFFFDF
:20E16000FFFFFFFFFFFFFFFFFFFFFFFFFFFFFFFFFFFFFFFFFFFFFFFFFFFFFFFFFFFFFFFFBF
:20E18000FFFFFFFFFFFFFFFFFFFFFFFFFFFFFFFFFFFFFFFFFFFFFFFFFFFFFFFFFFFFFFFF9F
:20E1A000FFFFFFFFFFFFFFFFFFFFFFFFFFFFFFFFFFFFFFFFFFFFFFFFFFFFFFFFFFFFFFFF7F
:20E1C000FFFFFFFFFFFFFFFFFFFFFFFFFFFFFFFFFFFFFFFFFFFFFFFFFFFFFFFFFFFFFFFF5F
:20E1E000FFFFFFFFFFFFFFFFFFFFFFFFFFFFFFFFFFFFFFFFFFFFFFFFFFFFFFFFFFFFFFFF3F
:20E20000FFFFFFFFFFFFFFFFFFFFFFFFFFFFFFFFFFFFFFFFFFFFFFFFFFFFFFFFFFFFFFFF1E
:20E22000FFFFFFFFFFFFFFFFFFFFFFFFFFFFFFFFFFFFFFFFFFFFFFFFFFFFFFFFFFFFFFFFFE
:20E24000FFFFFFFFFFFFFFFFFFFFFFFFFFFFFFFFFFFFFFFFFFFFFFFFFFFFFFFFFFFFFFFFDE
:20E26000FFFFFFFFFFFFFFFFFFFFFFFFFFFFFFFFFFFFFFFFFFFFFFFFFFFFFFFFFFFFFFFFBE
:20E28000FFFFFFFFFFFFFFFFFFFFFFFFFFFFFFFFFFFFFFFFFFFFFFFFFFFFFFFFFFFFFFFF9E
:20E2A000FFFFFFFFFFFFFFFFFFFFFFFFFFFFFFFFFFFFFFFFFFFFFFFFFFFFFFFFFFFFFFFF7E
:20E2C000FFFFFFFFFFFFFFFFFFFFFFFFFFFFFFFFFFFFFFFFFFFFFFFFFFFFFFFFFFFFFFFF5E
:20E2E000FFFFFFFFFFFFFFFFFFFFFFFFFFFFFFFFFFFFFFFFFFFFFFFFFFFFFFFFFFFFFFFF3E
:20E30000FFFFFFFFFFFFFFFFFFFFFFFFFFFFFFFFFFFFFFFFFFFFFFFFFFFFFFFFFFFFFFFF1D
:20E32000FFFFFFFFFFFFFFFFFFFFFFFFFFFFFFFFFFFFFFFFFFFFFFFFFFFFFFFFFFFFFFFFFD
:20E34000FFFFFFFFFFFFFFFFFFFFFFFFFFFFFFFFFFFFFFFFFFFFFFFFFFFFFFFFFFFFFFFFDD
:20E36000FFFFFFFFFFFFFFFFFFFFFFFFFFFFFFFFFFFFFFFFFFFFFFFFFFFFFFFFFFFFFFFFBD
:20E38000FFFFFFFFFFFFFFFFFFFFFFFFFFFFFFFFFFFFFFFFFFFFFFFFFFFFFFFFFFFFFFFF9D
:20E3A000FFFFFFFFFFFFFFFFFFFFFFFFFFFFFFFFFFFFFFFFFFFFFFFFFFFFFFFFFFFFFFFF7D
:20E3C000FFFFFFFFFFFFFFFFFFFFFFFFFFFFFFFFFFFFFFFFFFFFFFFFFFFFFFFFFFFFFFFF5D
:20E3E000FFFFFFFFFFFFFFFFFFFFFFFFFFFFFFFFFFFFFFFFFFFFFFFFFFFFFFFFFFFFFFFF3D
:20E40000FFFFFFFFFFFFFFFFFFFFFFFFFFFFFFFFFFFFFFFFFFFFFFFFFFFFFFFFFFFFFFFF1C
:20E42000FFFFFFFFFFFFFFFFFFFFFFFFFFFFFFFFFFFFFFFFFFFFFFFFFFFFFFFFFFFFFFFFFC
:20E44000FFFFFFFFFFFFFFFFFFFFFFFFFFFFFFFFFFFFFFFFFFFFFFFFFFFFFFFFFFFFFFFFDC
:20E46000FFFFFFFFFFFFFFFFFFFFFFFFFFFFFFFFFFFFFFFFFFFFFFFFFFFFFFFFFFFFFFFFBC
:20E48000FFFFFFFFFFFFFFFFFFFFFFFFFFFFFFFFFFFFFFFFFFFFFFFFFFFFFFFFFFFFFFFF9C
:20E4A000FFFFFFFFFFFFFFFFFFFFFFFFFFFFFFFFFFFFFFFFFFFFFFFFFFFFFFFFFFFFFFFF7C
:20E4C000FFFFFFFFFFFFFFFFFFFFFFFFFFFFFFFFFFFFFFFFFFFFFFFFFFFFFFFFFFFFFFFF5C
:20E4E000FFFFFFFFFFFFFFFFFFFFFFFFFFFFFFFFFFFFFFFFFFFFFFFFFFFFFFFFFFFFFFFF3C
:20E50000FFFFFFFFFFFFFFFFFFFFFFFFFFFFFFFFFFFFFFFFFFFFFFFFFFFFFFFFFFFFFFFF1B
:20E52000FFFFFFFFFFFFFFFFFFFFFFFFFFFFFFFFFFFFFFFFFFFFFFFFFFFFFFFFFFFFFFFFFB
:20E54000FFFFFFFFFFFFFFFFFFFFFFFFFFFFFFFFFFFFFFFFFFFFFFFFFFFFFFFFFFFFFFFFDB
:20E56000FFFFFFFFFFFFFFFFFFFFFFFFFFFFFFFFFFFFFFFFFFFFFFFFFFFFFFFFFFFFFFFFBB
:20E58000FFFFFFFFFFFFFFFFFFFFFFFFFFFFFFFFFFFFFFFFFFFFFFFFFFFFFFFFFFFFFFFF9B
:20E5A000FFFFFFFFFFFFFFFFFFFFFFFFFFFFFFFFFFFFFFFFFFFFFFFFFFFFFFFFFFFFFFFF7B
:20E5C000FFFFFFFFFFFFFFFFFFFFFFFFFFFFFFFFFFFFFFFFFFFFFFFFFFFFFFFFFFFFFFFF5B
:20E5E000FFFFFFFFFFFFFFFFFFFFFFFFFFFFFFFFFFFFFFFFFFFFFFFFFFFFFFFFFFFFFFFF3B
:20E60000FFFFFFFFFFFFFFFFFFFFFFFFFFFFFFFFFFFFFFFFFFFFFFFFFFFFFFFFFFFFFFFF1A
:20E62000FFFFFFFFFFFFFFFFFFFFFFFFFFFFFFFFFFFFFFFFFFFFFFFFFFFFFFFFFFFFFFFFFA
:20E64000FFFFFFFFFFFFFFFFFFFFFFFFFFFFFFFFFFFFFFFFFFFFFFFFFFFFFFFFFFFFFFFFDA
:20E66000FFFFFFFFFFFFFFFFFFFFFFFFFFFFFFFFFFFFFFFFFFFFFFFFFFFFFFFFFFFFFFFFBA
:20E68000FFFFFFFFFFFFFFFFFFFFFFFFFFFFFFFFFFFFFFFFFFFFFFFFFFFFFFFFFFFFFFFF9A
:20E6A000FFFFFFFFFFFFFFFFFFFFFFFFFFFFFFFFFFFFFFFFFFFFFFFFFFFFFFFFFFFFFFFF7A
:20E6C000FFFFFFFFFFFFFFFFFFFFFFFFFFFFFFFFFFFFFFFFFFFFFFFFFFFFFFFFFFFFFFFF5A
:20E6E000FFFFFFFFFFFFFFFFFFFFFFFFFFFFFFFFFFFFFFFFFFFFFFFFFFFFFFFFFFFFFFFF3A
:20E70000FFFFFFFFFFFFFFFFFFFFFFFFFFFFFFFFFFFFFFFFFFFFFFFFFFFFFFFFFFFFFFFF19
:20E72000FFFFFFFFFFFFFFFFFFFFFFFFFFFFFFFFFFFFFFFFFFFFFFFFFFFFFFFFFFFFFFFFF9
:20E74000FFFFFFFFFFFFFFFFFFFFFFFFFFFFFFFFFFFFFFFFFFFFFFFFFFFFFFFFFFFFFFFFD9
:20E76000FFFFFFFFFFFFFFFFFFFFFFFFFFFFFFFFFFFFFFFFFFFFFFFFFFFFFFFFFFFFFFFFB9
:20E78000FFFFFFFFFFFFFFFFFFFFFFFFFFFFFFFFFFFFFFFFFFFFFFFFFFFFFFFFFFFFFFFF99
:20E7A000FFFFFFFFFFFFFFFFFFFFFFFFFFFFFFFFFFFFFFFFFFFFFFFFFFFFFFFFFFFFFFFF79
:20E7C000FFFFFFFFFFFFFFFFFFFFFFFFFFFFFFFFFFFFFFFFFFFFFFFFFFFFFFFFFFFFFFFF59
:20E7E000FFFFFFFFFFFFFFFFFFFFFFFFFFFFFFFFFFFFFFFFFFFFFFFFFFFFFFFFFFFFFFFF39
:20E80000FFFFFFFFFFFFFFFFFFFFFFFFFFFFFFFFFFFFFFFFFFFFFFFFFFFFFFFFFFFFFFFF18
:20E82000FFFFFFFFFFFFFFFFFFFFFFFFFFFFFFFFFFFFFFFFFFFFFFFFFFFFFFFFFFFFFFFFF8
:20E84000FFFFFFFFFFFFFFFFFFFFFFFFFFFFFFFFFFFFFFFFFFFFFFFFFFFFFFFFFFFFFFFFD8
:20E86000FFFFFFFFFFFFFFFFFFFFFFFFFFFFFFFFFFFFFFFFFFFFFFFFFFFFFFFFFFFFFFFFB8
:20E88000FFFFFFFFFFFFFFFFFFFFFFFFFFFFFFFFFFFFFFFFFFFFFFFFFFFFFFFFFFFFFFFF98
:20E8A000FFFFFFFFFFFFFFFFFFFFFFFFFFFFFFFFFFFFFFFFFFFFFFFFFFFFFFFFFFFFFFFF78
:20E8C000FFFFFFFFFFFFFFFFFFFFFFFFFFFFFFFFFFFFFFFFFFFFFFFFFFFFFFFFFFFFFFFF58
:20E8E000FFFFFFFFFFFFFFFFFFFFFFFFFFFFFFFFFFFFFFFFFFFFFFFFFFFFFFFFFFFFFFFF38
:20E90000FFFFFFFFFFFFFFFFFFFFFFFFFFFFFFFFFFFFFFFFFFFFFFFFFFFFFFFFFFFFFFFF17
:20E92000FFFFFFFFFFFFFFFFFFFFFFFFFFFFFFFFFFFFFFFFFFFFFFFFFFFFFFFFFFFFFFFFF7
:20E94000FFFFFFFFFFFFFFFFFFFFFFFFFFFFFFFFFFFFFFFFFFFFFFFFFFFFFFFFFFFFFFFFD7
:20E96000FFFFFFFFFFFFFFFFFFFFFFFFFFFFFFFFFFFFFFFFFFFFFFFFFFFFFFFFFFFFFFFFB7
:20E98000FFFFFFFFFFFFFFFFFFFFFFFFFFFFFFFFFFFFFFFFFFFFFFFFFFFFFFFFFFFFFFFF97
:20E9A000FFFFFFFFFFFFFFFFFFFFFFFFFFFFFFFFFFFFFFFFFFFFFFFFFFFFFFFFFFFFFFFF77
:20E9C000FFFFFFFFFFFFFFFFFFFFFFFFFFFFFFFFFFFFFFFFFFFFFFFFFFFFFFFFFFFFFFFF57
:20E9E000FFFFFFFFFFFFFFFFFFFFFFFFFFFFFFFFFFFFFFFFFFFFFFFFFFFFFFFFFFFFFFFF37
:20EA0000FFFFFFFFFFFFFFFFFFFFFFFFFFFFFFFFFFFFFFFFFFFFFFFFFFFFFFFFFFFFFFFF16
:20EA2000FFFFFFFFFFFFFFFFFFFFFFFFFFFFFFFFFFFFFFFFFFFFFFFFFFFFFFFFFFFFFFFFF6
:20EA4000FFFFFFFFFFFFFFFFFFFFFFFFFFFFFFFFFFFFFFFFFFFFFFFFFFFFFFFFFFFFFFFFD6
:20EA6000FFFFFFFFFFFFFFFFFFFFFFFFFFFFFFFFFFFFFFFFFFFFFFFFFFFFFFFFFFFFFFFFB6
:20EA8000FFFFFFFFFFFFFFFFFFFFFFFFFFFFFFFFFFFFFFFFFFFFFFFFFFFFFFFFFFFFFFFF96
:20EAA000FFFFFFFFFFFFFFFFFFFFFFFFFFFFFFFFFFFFFFFFFFFFFFFFFFFFFFFFFFFFFFFF76
:20EAC000FFFFFFFFFFFFFFFFFFFFFFFFFFFFFFFFFFFFFFFFFFFFFFFFFFFFFFFFFFFFFFFF56
:20EAE000FFFFFFFFFFFFFFFFFFFFFFFFFFFFFFFFFFFFFFFFFFFFFFFFFFFFFFFFFFFFFFFF36
:20EB0000FFFFFFFFFFFFFFFFFFFFFFFFFFFFFFFFFFFFFFFFFFFFFFFFFFFFFFFFFFFFFFFF15
:20EB2000FFFFFFFFFFFFFFFFFFFFFFFFFFFFFFFFFFFFFFFFFFFFFFFFFFFFFFFFFFFFFFFFF5
:20EB4000FFFFFFFFFFFFFFFFFFFFFFFFFFFFFFFFFFFFFFFFFFFFFFFFFFFFFFFFFFFFFFFFD5
:20EB6000FFFFFFFFFFFFFFFFFFFFFFFFFFFFFFFFFFFFFFFFFFFFFFFFFFFFFFFFFFFFFFFFB5
:20EB8000FFFFFFFFFFFFFFFFFFFFFFFFFFFFFFFFFFFFFFFFFFFFFFFFFFFFFFFFFFFFFFFF95
:20EBA000FFFFFFFFFFFFFFFFFFFFFFFFFFFFFFFFFFFFFFFFFFFFFFFFFFFFFFFFFFFFFFFF75
:20EBC000FFFFFFFFFFFFFFFFFFFFFFFFFFFFFFFFFFFFFFFFFFFFFFFFFFFFFFFFFFFFFFFF55
:20EBE000FFFFFFFFFFFFFFFFFFFFFFFFFFFFFFFFFFFFFFFFFFFFFFFFFFFFFFFFFFFFFFFF35
:20EC0000FFFFFFFFFFFFFFFFFFFFFFFFFFFFFFFFFFFFFFFFFFFFFFFFFFFFFFFFFFFFFFFF14
:20EC2000FFFFFFFFFFFFFFFFFFFFFFFFFFFFFFFFFFFFFFFFFFFFFFFFFFFFFFFFFFFFFFFFF4
:20EC4000FFFFFFFFFFFFFFFFFFFFFFFFFFFFFFFFFFFFFFFFFFFFFFFFFFFFFFFFFFFFFFFFD4
:20EC6000FFFFFFFFFFFFFFFFFFFFFFFFFFFFFFFFFFFFFFFFFFFFFFFFFFFFFFFFFFFFFFFFB4
:20EC8000FFFFFFFFFFFFFFFFFFFFFFFFFFFFFFFFFFFFFFFFFFFFFFFFFFFFFFFFFFFFFFFF94
:20ECA000FFFFFFFFFFFFFFFFFFFFFFFFFFFFFFFFFFFFFFFFFFFFFFFFFFFFFFFFFFFFFFFF74
:20ECC000FFFFFFFFFFFFFFFFFFFFFFFFFFFFFFFFFFFFFFFFFFFFFFFFFFFFFFFFFFFFFFFF54
:20ECE000FFFFFFFFFFFFFFFFFFFFFFFFFFFFFFFFFFFFFFFFFFFFFFFFFFFFFFFFFFFFFFFF34
:20ED0000FFFFFFFFFFFFFFFFFFFFFFFFFFFFFFFFFFFFFFFFFFFFFFFFFFFFFFFFFFFFFFFF13
:20ED2000FFFFFFFFFFFFFFFFFFFFFFFFFFFFFFFFFFFFFFFFFFFFFFFFFFFFFFFFFFFFFFFFF3
:20ED4000FFFFFFFFFFFFFFFFFFFFFFFFFFFFFFFFFFFFFFFFFFFFFFFFFFFFFFFFFFFFFFFFD3
:20ED6000FFFFFFFFFFFFFFFFFFFFFFFFFFFFFFFFFFFFFFFFFFFFFFFFFFFFFFFFFFFFFFFFB3
:20ED8000FFFFFFFFFFFFFFFFFFFFFFFFFFFFFFFFFFFFFFFFFFFFFFFFFFFFFFFFFFFFFFFF93
:20EDA000FFFFFFFFFFFFFFFFFFFFFFFFFFFFFFFFFFFFFFFFFFFFFFFFFFFFFFFFFFFFFFFF73
:20EDC000FFFFFFFFFFFFFFFFFFFFFFFFFFFFFFFFFFFFFFFFFFFFFFFFFFFFFFFFFFFFFFFF53
:20EDE000FFFFFFFFFFFFFFFFFFFFFFFFFFFFFFFFFFFFFFFFFFFFFFFFFFFFFFFFFFFFFFFF33
:20EE0000FFFFFFFFFFFFFFFFFFFFFFFFFFFFFFFFFFFFFFFFFFFFFFFFFFFFFFFFFFFFFFFF12
:20EE2000FFFFFFFFFFFFFFFFFFFFFFFFFFFFFFFFFFFFFFFFFFFFFFFFFFFFFFFFFFFFFFFFF2
:20EE4000FFFFFFFFFFFFFFFFFFFFFFFFFFFFFFFFFFFFFFFFFFFFFFFFFFFFFFFFFFFFFFFFD2
:20EE6000FFFFFFFFFFFFFFFFFFFFFFFFFFFFFFFFFFFFFFFFFFFFFFFFFFFFFFFFFFFFFFFFB2
:20EE8000FFFFFFFFFFFFFFFFFFFFFFFFFFFFFFFFFFFFFFFFFFFFFFFFFFFFFFFFFFFFFFFF92
:20EEA000FFFFFFFFFFFFFFFFFFFFFFFFFFFFFFFFFFFFFFFFFFFFFFFFFFFFFFFFFFFFFFFF72
:20EEC000FFFFFFFFFFFFFFFFFFFFFFFFFFFFFFFFFFFFFFFFFFFFFFFFFFFFFFFFFFFFFFFF52
:20EEE000FFFFFFFFFFFFFFFFFFFFFFFFFFFFFFFFFFFFFFFFFFFFFFFFFFFFFFFFFFFFFFFF32
:20EF0000FFFFFFFFFFFFFFFFFFFFFFFFFFFFFFFFFFFFFFFFFFFFFFFFFFFFFFFFFFFFFFFF11
:20EF2000FFFFFFFFFFFFFFFFFFFFFFFFFFFFFFFFFFFFFFFFFFFFFFFFFFFFFFFFFFFFFFFFF1
:20EF4000FFFFFFFFFFFFFFFFFFFFFFFFFFFFFFFFFFFFFFFFFFFFFFFFFFFFFFFFFFFFFFFFD1
:20EF6000FFFFFFFFFFFFFFFFFFFFFFFFFFFFFFFFFFFFFFFFFFFFFFFFFFFFFFFFFFFFFFFFB1
:20EF8000FFFFFFFFFFFFFFFFFFFFFFFFFFFFFFFFFFFFFFFFFFFFFFFFFFFFFFFFFFFFFFFF91
:20EFA000FFFFFFFFFFFFFFFFFFFFFFFFFFFFFFFFFFFFFFFFFFFFFFFFFFFFFFFFFFFFFFFF71
:20EFC000FFFFFFFFFFFFFFFFFFFFFFFFFFFFFFFFFFFFFFFFFFFFFFFFFFFFFFFFFFFFFFFF51
:20EFE000FFFFFFFFFFFFFFFFFFFFFFFFFFFFFFFFFFFFFFFFFFFFFFFFFFFFFFFFFFFFFFFF31
:20F00000FFFFFFFFFFFFFFFFFFFFFFFFFFFFFFFFFFFFFFFFFFFFFFFFFFFFFFFFFFFFFFFF10
:20F02000FFFFFFFFFFFFFFFFFFFFFFFFFFFFFFFFFFFFFFFFFFFFFFFFFFFFFFFFFFFFFFFFF0
:20F04000FFFFFFFFFFFFFFFFFFFFFFFFFFFFFFFFFFFFFFFFFFFFFFFFFFFFFFFFFFFFFFFFD0
:20F06000FFFFFFFFFFFFFFFFFFFFFFFFFFFFFFFFFFFFFFFFFFFFFFFFFFFFFFFFFFFFFFFFB0
:20F08000FFFFFFFFFFFFFFFFFFFFFFFFFFFFFFFFFFFFFFFFFFFFFFFFFFFFFFFFFFFFFFFF90
:20F0A000FFFFFFFFFFFFFFFFFFFFFFFFFFFFFFFFFFFFFFFFFFFFFFFFFFFFFFFFFFFFFFFF70
:20F0C000FFFFFFFFFFFFFFFFFFFFFFFFFFFFFFFFFFFFFFFFFFFFFFFFFFFFFFFFFFFFFFFF50
:20F0E000FFFFFFFFFFFFFFFFFFFFFFFFFFFFFFFFFFFFFFFFFFFFFFFFFFFFFFFFFFFFFFFF30
:20F10000FFFFFFFFFFFFFFFFFFFFFFFFFFFFFFFFFFFFFFFFFFFFFFFFFFFFFFFFFFFFFFFF0F
:20F12000FFFFFFFFFFFFFFFFFFFFFFFFFFFFFFFFFFFFFFFFFFFFFFFFFFFFFFFFFFFFFFFFEF
:20F14000FFFFFFFFFFFFFFFFFFFFFFFFFFFFFFFFFFFFFFFFFFFFFFFFFFFFFFFFFFFFFFFFCF
:20F16000FFFFFFFFFFFFFFFFFFFFFFFFFFFFFFFFFFFFFFFFFFFFFFFFFFFFFFFFFFFFFFFFAF
:20F18000FFFFFFFFFFFFFFFFFFFFFFFFFFFFFFFFFFFFFFFFFFFFFFFFFFFFFFFFFFFFFFFF8F
:20F1A000FFFFFFFFFFFFFFFFFFFFFFFFFFFFFFFFFFFFFFFFFFFFFFFFFFFFFFFFFFFFFFFF6F
:20F1C000FFFFFFFFFFFFFFFFFFFFFFFFFFFFFFFFFFFFFFFFFFFFFFFFFFFFFFFFFFFFFFFF4F
:20F1E000FFFFFFFFFFFFFFFFFFFFFFFFFFFFFFFFFFFFFFFFFFFFFFFFFFFFFFFFFFFFFFFF2F
:20F20000FFFFFFFFFFFFFFFFFFFFFFFFFFFFFFFFFFFFFFFFFFFFFFFFFFFFFFFFFFFFFFFF0E
:20F22000FFFFFFFFFFFFFFFFFFFFFFFFFFFFFFFFFFFFFFFFFFFFFFFFFFFFFFFFFFFFFFFFEE
:20F24000FFFFFFFFFFFFFFFFFFFFFFFFFFFFFFFFFFFFFFFFFFFFFFFFFFFFFFFFFFFFFFFFCE
:20F26000FFFFFFFFFFFFFFFFFFFFFFFFFFFFFFFFFFFFFFFFFFFFFFFFFFFFFFFFFFFFFFFFAE
:20F28000FFFFFFFFFFFFFFFFFFFFFFFFFFFFFFFFFFFFFFFFFFFFFFFFFFFFFFFFFFFFFFFF8E
:20F2A000FFFFFFFFFFFFFFFFFFFFFFFFFFFFFFFFFFFFFFFFFFFFFFFFFFFFFFFFFFFFFFFF6E
:20F2C000FFFFFFFFFFFFFFFFFFFFFFFFFFFFFFFFFFFFFFFFFFFFFFFFFFFFFFFFFFFFFFFF4E
:20F2E000FFFFFFFFFFFFFFFFFFFFFFFFFFFFFFFFFFFFFFFFFFFFFFFFFFFFFFFFFFFFFFFF2E
:20F30000FFFFFFFFFFFFFFFFFFFFFFFFFFFFFFFFFFFFFFFFFFFFFFFFFFFFFFFFFFFFFFFF0D
:20F32000FFFFFFFFFFFFFFFFFFFFFFFFFFFFFFFFFFFFFFFFFFFFFFFFFFFFFFFFFFFFFFFFED
:20F34000FFFFFFFFFFFFFFFFFFFFFFFFFFFFFFFFFFFFFFFFFFFFFFFFFFFFFFFFFFFFFFFFCD
:20F36000FFFFFFFFFFFFFFFFFFFFFFFFFFFFFFFFFFFFFFFFFFFFFFFFFFFFFFFFFFFFFFFFAD
:20F38000FFFFFFFFFFFFFFFFFFFFFFFFFFFFFFFFFFFFFFFFFFFFFFFFFFFFFFFFFFFFFFFF8D
:20F3A000FFFFFFFFFFFFFFFFFFFFFFFFFFFFFFFFFFFFFFFFFFFFFFFFFFFFFFFFFFFFFFFF6D
:20F3C000FFFFFFFFFFFFFFFFFFFFFFFFFFFFFFFFFFFFFFFFFFFFFFFFFFFFFFFFFFFFFFFF4D
:20F3E000FFFFFFFFFFFFFFFFFFFFFFFFFFFFFFFFFFFFFFFFFFFFFFFFFFFFFFFFFFFFFFFF2D
:20F40000FFFFFFFFFFFFFFFFFFFFFFFFFFFFFFFFFFFFFFFFFFFFFFFFFFFFFFFFFFFFFFFF0C
:20F42000FFFFFFFFFFFFFFFFFFFFFFFFFFFFFFFFFFFFFFFFFFFFFFFFFFFFFFFFFFFFFFFFEC
:20F44000FFFFFFFFFFFFFFFFFFFFFFFFFFFFFFFFFFFFFFFFFFFFFFFFFFFFFFFFFFFFFFFFCC
:20F46000FFFFFFFFFFFFFFFFFFFFFFFFFFFFFFFFFFFFFFFFFFFFFFFFFFFFFFFFFFFFFFFFAC
:20F48000FFFFFFFFFFFFFFFFFFFFFFFFFFFFFFFFFFFFFFFFFFFFFFFFFFFFFFFFFFFFFFFF8C
:20F4A000FFFFFFFFFFFFFFFFFFFFFFFFFFFFFFFFFFFFFFFFFFFFFFFFFFFFFFFFFFFFFFFF6C
:20F4C000FFFFFFFFFFFFFFFFFFFFFFFFFFFFFFFFFFFFFFFFFFFFFFFFFFFFFFFFFFFFFFFF4C
:20F4E000FFFFFFFFFFFFFFFFFFFFFFFFFFFFFFFFFFFFFFFFFFFFFFFFFFFFFFFFFFFFFFFF2C
:20F50000FFFFFFFFFFFFFFFFFFFFFFFFFFFFFFFFFFFFFFFFFFFFFFFFFFFFFFFFFFFFFFFF0B
:20F52000FFFFFFFFFFFFFFFFFFFFFFFFFFFFFFFFFFFFFFFFFFFFFFFFFFFFFFFFFFFFFFFFEB
:20F54000FFFFFFFFFFFFFFFFFFFFFFFFFFFFFFFFFFFFFFFFFFFFFFFFFFFFFFFFFFFFFFFFCB
:20F56000FFFFFFFFFFFFFFFFFFFFFFFFFFFFFFFFFFFFFFFFFFFFFFFFFFFFFFFFFFFFFFFFAB
:20F58000FFFFFFFFFFFFFFFFFFFFFFFFFFFFFFFFFFFFFFFFFFFFFFFFFFFFFFFFFFFFFFFF8B
:20F5A000FFFFFFFFFFFFFFFFFFFFFFFFFFFFFFFFFFFFFFFFFFFFFFFFFFFFFFFFFFFFFFFF6B
:20F5C000FFFFFFFFFFFFFFFFFFFFFFFFFFFFFFFFFFFFFFFFFFFFFFFFFFFFFFFFFFFFFFFF4B
:20F5E000FFFFFFFFFFFFFFFFFFFFFFFFFFFFFFFFFFFFFFFFFFFFFFFFFFFFFFFFFFFFFFFF2B
:20F60000FFFFFFFFFFFFFFFFFFFFFFFFFFFFFFFFFFFFFFFFFFFFFFFFFFFFFFFFFFFFFFFF0A
:20F62000FFFFFFFFFFFFFFFFFFFFFFFFFFFFFFFFFFFFFFFFFFFFFFFFFFFFFFFFFFFFFFFFEA
:20F64000FFFFFFFFFFFFFFFFFFFFFFFFFFFFFFFFFFFFFFFFFFFFFFFFFFFFFFFFFFFFFFFFCA
:20F66000FFFFFFFFFFFFFFFFFFFFFFFFFFFFFFFFFFFFFFFFFFFFFFFFFFFFFFFFFFFFFFFFAA
:20F68000FFFFFFFFFFFFFFFFFFFFFFFFFFFFFFFFFFFFFFFFFFFFFFFFFFFFFFFFFFFFFFFF8A
:20F6A000FFFFFFFFFFFFFFFFFFFFFFFFFFFFFFFFFFFFFFFFFFFFFFFFFFFFFFFFFFFFFFFF6A
:20F6C000FFFFFFFFFFFFFFFFFFFFFFFFFFFFFFFFFFFFFFFFFFFFFFFFFFFFFFFFFFFFFFFF4A
:20F6E000FFFFFFFFFFFFFFFFFFFFFFFFFFFFFFFFFFFFFFFFFFFFFFFFFFFFFFFFFFFFFFFF2A
:20F70000FFFFFFFFFFFFFFFFFFFFFFFFFFFFFFFFFFFFFFFFFFFFFFFFFFFFFFFFFFFFFFFF09
:20F72000FFFFFFFFFFFFFFFFFFFFFFFFFFFFFFFFFFFFFFFFFFFFFFFFFFFFFFFFFFFFFFFFE9
:20F74000FFFFFFFFFFFFFFFFFFFFFFFFFFFFFFFFFFFFFFFFFFFFFFFFFFFFFFFFFFFFFFFFC9
:20F76000FFFFFFFFFFFFFFFFFFFFFFFFFFFFFFFFFFFFFFFFFFFFFFFFFFFFFFFFFFFFFFFFA9
:20F78000FFFFFFFFFFFFFFFFFFFFFFFFFFFFFFFFFFFFFFFFFFFFFFFFFFFFFFFFFFFFFFFF89
:20F7A000FFFFFFFFFFFFFFFFFFFFFFFFFFFFFFFFFFFFFFFFFFFFFFFFFFFFFFFFFFFFFFFF69
:20F7C000FFFFFFFFFFFFFFFFFFFFFFFFFFFFFFFFFFFFFFFFFFFFFFFFFFFFFFFFFFFFFFFF49
:20F7E000FFFFFFFFFFFFFFFFFFFFFFFFFFFFFFFFFFFFFFFFFFFFFFFFFFFFFFFFFFFFFFFF29
:20F80000FFFFFFFFFFFFFFFFFFFFFFFFFFFFFFFFFFFFFFFFFFFFFFFFFFFFFFFFFFFFFFFF08
:20F82000FFFFFFFFFFFFFFFFFFFFFFFFFFFFFFFFFFFFFFFFFFFFFFFFFFFFFFFFFFFFFFFFE8
:20F84000FFFFFFFFFFFFFFFFFFFFFFFFFFFFFFFFFFFFFFFFFFFFFFFFFFFFFFFFFFFFFFFFC8
:20F86000FFFFFFFFFFFFFFFFFFFFFFFFFFFFFFFFFFFFFFFFFFFFFFFFFFFFFFFFFFFFFFFFA8
:20F88000FFFFFFFFFFFFFFFFFFFFFFFFFFFFFFFFFFFFFFFFFFFFFFFFFFFFFFFFFFFFFFFF88
:20F8A000FFFFFFFFFFFFFFFFFFFFFFFFFFFFFFFFFFFFFFFFFFFFFFFFFFFFFFFFFFFFFFFF68
:20F8C000FFFFFFFFFFFFFFFFFFFFFFFFFFFFFFFFFFFFFFFFFFFFFFFFFFFFFFFFFFFFFFFF48
:20F8E000FFFFFFFFFFFFFFFFFFFFFFFFFFFFFFFFFFFFFFFFFFFFFFFFFFFFFFFFFFFFFFFF28
:20F90000FFFFFFFFFFFFFFFFFFFFFFFFFFFFFFFFFFFFFFFFFFFFFFFFFFFFFFFFFFFFFFFF07
:20F92000FFFFFFFFFFFFFFFFFFFFFFFFFFFFFFFFFFFFFFFFFFFFFFFFFFFFFFFFFFFFFFFFE7
:20F94000FFFFFFFFFFFFFFFFFFFFFFFFFFFFFFFFFFFFFFFFFFFFFFFFFFFFFFFFFFFFFFFFC7
:20F96000FFFFFFFFFFFFFFFFFFFFFFFFFFFFFFFFFFFFFFFFFFFFFFFFFFFFFFFFFFFFFFFFA7
:20F98000FFFFFFFFFFFFFFFFFFFFFFFFFFFFFFFFFFFFFFFFFFFFFFFFFFFFFFFFFFFFFFFF87
:20F9A000FFFFFFFFFFFFFFFFFFFFFFFFFFFFFFFFFFFFFFFFFFFFFFFFFFFFFFFFFFFFFFFF67
:20F9C000FFFFFFFFFFFFFFFFFFFFFFFFFFFFFFFFFFFFFFFFFFFFFFFFFFFFFFFFFFFFFFFF47
:20F9E000FFFFFFFFFFFFFFFFFFFFFFFFFFFFFFFFFFFFFFFFFFFFFFFFFFFFFFFFFFFFFFFF27
:20FA0000FFFFFFFFFFFFFFFFFFFFFFFFFFFFFFFFFFFFFFFFFFFFFFFFFFFFFFFFFFFFFFFF06
:20FA2000FFFFFFFFFFFFFFFFFFFFFFFFFFFFFFFFFFFFFFFFFFFFFFFFFFFFFFFFFFFFFFFFE6
:20FA4000FFFFFFFFFFFFFFFFFFFFFFFFFFFFFFFFFFFFFFFFFFFFFFFFFFFFFFFFFFFFFFFFC6
:20FA6000FFFFFFFFFFFFFFFFFFFFFFFFFFFFFFFFFFFFFFFFFFFFFFFFFFFFFFFFFFFFFFFFA6
:20FA8000FFFFFFFFFFFFFFFFFFFFFFFFFFFFFFFFFFFFFFFFFFFFFFFFFFFFFFFFFFFFFFFF86
:20FAA000FFFFFFFFFFFFFFFFFFFFFFFFFFFFFFFFFFFFFFFFFFFFFFFFFFFFFFFFFFFFFFFF66
:20FAC000FFFFFFFFFFFFFFFFFFFFFFFFFFFFFFFFFFFFFFFFFFFFFFFFFFFFFFFFFFFFFFFF46
:20FAE000FFFFFFFFFFFFFFFFFFFFFFFFFFFFFFFFFFFFFFFFFFFFFFFFFFFFFFFFFFFFFFFF26
:20FB0000FFFFFFFFFFFFFFFFFFFFFFFFFFFFFFFFFFFFFFFFFFFFFFFFFFFFFFFFFFFFFFFF05
:20FB2000FFFFFFFFFFFFFFFFFFFFFFFFFFFFFFFFFFFFFFFFFFFFFFFFFFFFFFFFFFFFFFFFE5
:20FB4000FFFFFFFFFFFFFFFFFFFFFFFFFFFFFFFFFFFFFFFFFFFFFFFFFFFFFFFFFFFFFFFFC5
:20FB6000FFFFFFFFFFFFFFFFFFFFFFFFFFFFFFFFFFFFFFFFFFFFFFFFFFFFFFFFFFFFFFFFA5
:20FB8000FFFFFFFFFFFFFFFFFFFFFFFFFFFFFFFFFFFFFFFFFFFFFFFFFFFFFFFFFFFFFFFF85
:20FBA000FFFFFFFFFFFFFFFFFFFFFFFFFFFFFFFFFFFFFFFFFFFFFFFFFFFFFFFFFFFFFFFF65
:20FBC000FFFFFFFFFFFFFFFFFFFFFFFFFFFFFFFFFFFFFFFFFFFFFFFFFFFFFFFFFFFFFFFF45
:20FBE000FFFFFFFFFFFFFFFFFFFFFFFFFFFFFFFFFFFFFFFFFFFFFFFFFFFFFFFFFFFFFFFF25
:20FC0000FFFFFFFFFFFFFFFFFFFFFFFFFFFFFFFFFFFFFFFFFFFFFFFFFFFFFFFFFFFFFFFF04
:20FC2000FFFFFFFFFFFFFFFFFFFFFFFFFFFFFFFFFFFFFFFFFFFFFFFFFFFFFFFFFFFFFFFFE4
:20FC4000FFFFFFFFFFFFFFFFFFFFFFFFFFFFFFFFFFFFFFFFFFFFFFFFFFFFFFFFFFFFFFFFC4
:20FC6000FFFFFFFFFFFFFFFFFFFFFFFFFFFFFFFFFFFFFFFFFFFFFFFFFFFFFFFFFFFFFFFFA4
:20FC8000FFFFFFFFFFFFFFFFFFFFFFFFFFFFFFFFFFFFFFFFFFFFFFFFFFFFFFFFFFFFFFFF84
:20FCA000FFFFFFFFFFFFFFFFFFFFFFFFFFFFFFFFFFFFFFFFFFFFFFFFFFFFFFFFFFFFFFFF64
:20FCC000FFFFFFFFFFFFFFFFFFFFFFFFFFFFFFFFFFFFFFFFFFFFFFFFFFFFFFFFFFFFFFFF44
:20FCE000FFFFFFFFFFFFFFFFFFFFFFFFFFFFFFFFFFFFFFFFFFFFFFFFFFFFFFFFFFFFFFFF24
:20FD0000FFFFFFFFFFFFFFFFFFFFFFFFFFFFFFFFFFFFFFFFFFFFFFFFFFFFFFFFFFFFFFFF03
:20FD2000FFFFFFFFFFFFFFFFFFFFFFFFFFFFFFFFFFFFFFFFFFFFFFFFFFFFFFFFFFFFFFFFE3
:20FD4000FFFFFFFFFFFFFFFFFFFFFFFFFFFFFFFFFFFFFFFFFFFFFFFFFFFFFFFFFFFFFFFFC3
:20FD6000FFFFFFFFFFFFFFFFFFFFFFFFFFFFFFFFFFFFFFFFFFFFFFFFFFFFFFFFFFFFFFFFA3
:20FD8000FFFFFFFFFFFFFFFFFFFFFFFFFFFFFFFFFFFFFFFFFFFFFFFFFFFFFFFFFFFFFFFF83
:20FDA000FFFFFFFFFFFFFFFFFFFFFFFFFFFFFFFFFFFFFFFFFFFFFFFFFFFFFFFFFFFFFFFF63
:20FDC000FFFFFFFFFFFFFFFFFFFFFFFFFFFFFFFFFFFFFFFFFFFFFFFFFFFFFFFFFFFFFFFF43
:20FDE000FFFFFFFFFFFFFFFFFFFFFFFFFFFFFFFFFFFFFFFFFFFFFFFFFFFFFFFFFFFFFFFF23
:20FE0000FFFFFFFFFFFFFFFFFFFFFFFFFFFFFFFFFFFFFFFFFFFFFFFFFFFFFFFFFFFFFFFF02
:20FE2000FFFFFFFFFFFFFFFFFFFFFFFFFFFFFFFFFFFFFFFFFFFFFFFFFFFFFFFFFFFFFFFFE2
:20FE4000FFFFFFFFFFFFFFFFFFFFFFFFFFFFFFFFFFFFFFFFFFFFFFFFFFFFFFFFFFFFFFFFC2
:20FE6000FFFFFFFFFFFFFFFFFFFFFFFFFFFFFFFFFFFFFFFFFFFFFFFFFFFFFFFFFFFFFFFFA2
:20FE8000FFFFFFFFFFFFFFFFFFFFFFFFFFFFFFFFFFFFFFFFFFFFFFFFFFFFFFFFFFFFFFFF82
:20FEA000FFFFFFFFFFFFFFFFFFFFFFFFFFFFFFFFFFFFFFFFFFFFFFFFFFFFFFFFFFFFFFFF62
:20FEC000FFFFFFFFFFFFFFFFFFFFFFFFFFFFFFFFFFFFFFFFFFFFFFFFFFFFFFFFFFFFFFFF42
:20FEE000FFFFFFFFFFFFFFFFFFFFFFFFFFFFFFFFFFFFFFFFFFFFFFFFFFFFFFFFFFFFFFFF22
:20FF0000FFFFFFFFFFFFFFFFFFFFFFFFFFFFFFFFFFFFFFFFFFFFFFFFFFFFFFFFFFFFFFFF01
:20FF2000FFFFFFFFFFFFFFFFFFFFFFFFFFFFFFFFFFFFFFFFFFFFFFFFFFFFFFFFFFFFFFFFE1
:20FF4000FFFFFFFFFFFFFFFFFFFFFFFFFFFFFFFFFFFFFFFFFFFFFFFFFFFFFFFFFFFFFFFFC1
:20FF6000FFFFFFFFFFFFFFFFFFFFFFFFFFFFFFFFFFFFFFFFFFFFFFFFFFFFFFFFFFFFFFFFA1
:20FF8000FFFFFFFFFFFFFFFFFFFFFFFFFFFFFFFFFFFFFFFFFFFFFFFFFFFFFFFFFFFFFFFF81
:20FFA000FFFFFFFFFFFFFFFFFFFFFFFFFFFFFFFFFFFFFFFFFFFFFFFFFFFFFFFFFFFFFFFF61
:20FFC000FFFFFFFFFFFFFFFFFFFFFFFFFFFFFFFF5A52523930304648594C434400000000E0
:20FFE00000000000000000000000000000000000FFFFFFFFFFFFFFFFFFFFFFFF07CAE13823
:00000001FF
