:020000040800F2
:2000000008100020311900084D1900085119000855190008591900085D1900080000000008
:20002000000000000000000000000000611900086519000800000000691900086D190008A0
:200040009B0C00089D0C00089F0C0008A10C0008A30C0008A50C0008A70C0008A90C0008F0
:20006000AB0C0008AD0C0008AF0C0008B10C0008B30C0008B50C0008B70C0008B90C000850
:20008000BB0C0008BD0C0008BF0C00087119000875190008791900087D190008C10C0008B8
:2000A000811900088519000889190008C30C0008C50C0008C70C0008C90C0008CB0C000807
:2000C000CD0C0008CF0C0008D10C0008D30C00088D190008D50C0008D70C0008D90C000821
:2000E000DB0C0008DD0C0008DF0C0008911900089519000899190008E10C0008E30C00081F
:200100009D190008E50C0008E70C0008A1190008E90C0008EB0C0008A5190008A9190008DF
:20012000ED0C0008EF0C0008F10C0008F30C0008AD190008B1190008B5190008B91900085F
:2001400000000000000000000000000000000000BD190008C1190008C5190008C91900080F
:20016000CD190008D1190008D5190008D9190008DD190008E1190008E519000810B50400E0
:20018000DFF8F005844208D10121042000F039FB0021042000F035FB32E0DFF8DC05844295
:2001A00008D10121082000F02CFB0021082000F028FB25E0DFF8C405844208D10121102013
:2001C00000F01FFB0021102000F01BFB18E0DFF8B005844208D10121202000F012FB00211B
:2001E000202000F00EFB0BE0DFF89805844207D10121402000F005FB0021402000F001FBEA
:2002000010BDF0B500270022002300240025002691F803C01CF00F0C674691F803C05FEADC
:20022000CC6C03D591F802C05CEA070791F800C05FEA0C6C3AD0D0F800C065465FF0000C6D
:200240006346082B31D25FF0010C1CFA03FC6446B1F800C014EA0C0C6246A24223D15FEA5C
:20026000830C64465FF00F0C1CFA04FC6646B54317FA04FC5CEA050591F803C0BCF1280F90
:2002800006D15FF0010C1CFA03FCC0F814C00AE091F803C0BCF1480F05D15FF0010C1CFA08
:2002A00003FCC0F810C05B1CCBE70560B1F800C0BCF1FF0F3FDDD0F804C065465FF0000C57
:2002C0006346082B36D25FF0010C13F1080E1CFA0EFC6446B1F800C014EA0C0C6246A242EF
:2002E00026D15FEA830C64465FF00F0C1CFA04FC6646B54317FA04FC5CEA050591F803C0B4
:20030000BCF1280F07D15FF0010C13F1080E1CFA0EFCC0F814C091F803C0BCF1480F07D1D7
:200320005FF0010C13F1080E1CFA0EFCC0F810C05B1CC6E74560F0BD89B20161704789B29A
:2003400041617047F0B4B0F1004F40F29A800023002420F000473E00F7093B0016F07F06C2
:2003600037093C0016F00F06052B06D02700FFB2BF0016FA07F73A0005E06708FFB2BF003D
:2003800016FA07F73A00002B08D0022B0ED009D3042B13D00ED3052B14D017E0DFF8E873FB
:2003A0003D0013E0DFF8E4733D000FE0DFF8E0733D000BE0DFF8DC733D0007E0DFF8D873F5
:2003C0003D0003E0DFF8D4733D00FFE7002C0BD1052B04D12F68BF08BF002F6049E02F6843
:2003E0003F093F012F6044E0012C0BD1052B04D12F6837F00C072F603BE02F6837F0F00784
:200400002F6036E0022C0BD1052B04D12F6837F030072F602DE02F6837F470672F6028E067
:20042000032C0BD1052B04D12F6837F0C0072F601FE02F6837F470472F601AE0042C04D192
:200440002F6837F470272F6013E0052C04D12F6837F470072F600CE0062C04D12F6837F042
:2004600070672F6005E0072C03D12F6827F070472F60C9B2012940F07B812F683A432A60C7
:2004800076E10200012A63D0022A53D0042A51D0082A4FD0102A7BD0302A00F08980402A74
:2004A00000F09680C02A00F0A380B2F5807F00F0AF80B2F5007F00F0BB80B2F5407F00F0CD
:2004C000C780B2F5006F00F0D380B2F5406F00F0DF80B2F5805F2DD0B2F5804F00F0E88086
:2004E000B2F5C04F00F0F480B2F5004F22D0B2F5803F1FD0B2F5003F1CD0B2F5802F19D094
:20050000B2F5002F16D0B2F5801F13D0B2F5001F00F01E81B2F1807F00F0EA80B2F1007F83
:2005200000F0F680B2F1806F00F00281B2F1004F1ED01DE19A4A12688243994B1A60C9B276
:20054000012904D1964A12680243954B1A600FE1934A1268934B1A40914B1A60C9B2012929
:2005600005D18F4A126852F001028D4B1A60FFE08B4A12688B4B1A40894B1A60C9B201296A
:2005800005D1874A126852F00042854B1A60EFE0834A126832F03002814B1A60C9B2012917
:2005A00005D17F4A126852F010027D4B1A60DFE07B4A126832F03002794B1A60C9B2012957
:2005C00005D1774A126852F03002754B1A60CFE0734A126832F0C002714B1A60C9B20129B7
:2005E00005D16F4A126852F040026D4B1A60BFE06B4A126832F0C002694B1A60C9B20129B7
:2006000005D1674A126852F0C002654B1A60AFE0634A126832F44072614B1A60C9B2012952
:2006200005D15F4A126852F480725D4B1A609FE05B4A126832F44072594B1A60C9B201292E
:2006400005D1574A126852F40072554B1A608FE0534A126832F44072514B1A60C9B20129BE
:2006600005D14F4A126852F440724D4B1A607FE04B4A126832F44062494B1A60C9B201299E
:2006800005D1474A126852F40062454B1A606FE0434A126832F44062414B1A60C9B20129FE
:2006A00005D13F4A126852F440623D4B1A605FE03B4A126832F4C042394B1A60C9B201296E
:2006C00005D1374A126852F48042354B1A604FE0334A126832F4C042314B1A60C9B201295E
:2006E00005D12F4A126852F4C0422D4B1A603FE02B4A126832F0E062294B1A60C9B20129F2
:2007000005D1274A126852F08072254B1A602FE0234A126832F0E062214B1A60C9B2012915
:2007200005D11F4A126852F000721D4B1A601FE01B4A126832F0E062194B1A60C9B20129A5
:2007400005D1174A126852F08062154B1A600FE0134A126832F40012114B1A60C9B2012971
:2007600005D10F4A126852F400120D4B1A60FFE7F0BC704700080140000C01400010014076
:2007800000140140001801402000014024000140280001402C000140300001403400014029
:2007A00004000140FEFFFF7FC9B2002905D01C4A126802431A4B1A6004E0194A1268824376
:2007C000174B1A607047C9B2002905D0154A12680243144B1A6004E0124A12688243114B3B
:2007E0001A607047C9B2002905D00F4A126802430D4B1A6004E00C4A126882430A4B1A601D
:200800007047C9B2002905D0084A12680243074B1A6004E0054A12688243044B1A607047D9
:2008200014100240181002401C1002400C10024082B000210191019981420CD2002100914A
:200840000099142903D20099491C0091F8E70199491C0191EFE702B0704700B587B04FF480
:200860008050ADF8000010208DF8030002208DF802006946DFF8E802FFF7C3FC4FF4805169
:20088000DFF8DC02FFF758FD4FF46040ADF8000002208DF8020018208DF803006946DFF8E1
:2008A000C002FFF7AEFC0020ADF804004FF48270ADF806000020ADF808000020ADF80A0091
:2008C0000020ADF80C004FF40070ADF80E000020ADF810000020ADF812000720ADF8140055
:2008E00001A9DFF8800200F08BF90121DFF8740200F0B5F907B000BD10B504000221DFF83D
:20090000640200F0BEF90028F8D0E4B2210089B2DFF8500200F0B1F90121DFF8480200F0F2
:20092000B0F90028F8D00520FFF782FFDFF8340200F0A5F9C0B210BD70B504000D0016005C
:200940004FF48050884908600B20FFF7D5FF280CC0B2FFF7D1FF280AC0B2FFF7CDFF28005C
:20096000C0B2FFF7C9FFA520FFF7C6FF3000461E80B2002805D0A520FFF7BEFF2070641C7C
:20098000F4E74FF480507949086070BD10B504004FF48050744908600620FFF7ADFF4FF406
:2009A0008050724908604FF480506F4908602020FFF7A2FF200CC0B2FFF79EFF200AC0B26D
:2009C000FFF79AFF2000C0B2FFF796FF4FF480506649086000F002F8002010BD80B5002015
:2009E0008DF800004FF480505F4908600520FFF783FFA520FFF780FF8DF8000000F016FBF2
:200A00009DF80000C007F4D44FF480505749086001BD2DE9F04704000D001600002081467E
:200A2000280642D0D5F5807000F0FF0080463000414680B289B2884203D2B2460120814664
:200A400000E0C2464FF48050474908600620FFF753FF4FF480504549086000F0E7FA4FF418
:200A60008050414908600220FFF746FF280CC0B2FFF742FF280AC0B2FFF73EFF2800C0B209
:200A8000FFF73AFF5046B0F1010A80B2002806D02078FFF731FF641C761E6D1CF2E74FF43E
:200AA000805032490860FFF799FF1FFA89F9B9F1000F52D1300080B2000A8046300601D045
:200AC00018F10108002007003800414680B289B2884242D2280502D12800FFF757FFB6B2F7
:200AE000B6F5807F03DD4FF48070824600E0B2464FF480501C4908600620FFF7FDFE4FF45F
:200B000080501A49086000F091FA4FF48050164908600220FFF7F0FE280CC0B2FFF7ECFE59
:200B2000280AC0B2FFF7E8FE2800C0B2FFF7E4FE5046B0F1010A80B2002806D02078FFF7C3
:200B4000DBFE641C761E6D1CF2E74FF4805007490860FFF743FF7F1CB6E7BDE8F0870000EF
:200B6000000C014000380040140C0140100C014010B5C2B00400200501D001203EE0200062
:200B8000FFF704FF002000900098FF2807D80098009901AA11540098401C0090F4E74FF42B
:200BA0008072210001A8FFF734FF002000900098FF2807D8002001A9009A88540098401CCE
:200BC0000090F4E74FF48072210001A8FFF7B4FE002000900098FF2809D8009801A9085C0D
:200BE0000099884203D10098401C0090F2E70098B0F5807F01D1002000E0012042B010BD73
:200C000010B4002203881A0012F441528B891B0404D5838853F48073838004E083884FF628
:200C2000FF64234083800B884C8823438C882343CC8823430C8923434C8923438C89640437
:200C4000640C2343CC8923431A430280838B4FF2FF74234083830B8A038210BC7047C9B2E1
:200C6000002904D0028852F04002028004E002884FF6BF731A4002807047818170478089AD
:200C800070470200002013890B4202D00123180001E000231800C0B270477047704770471A
:200CA0007047704770477047704770477047704770477047704770477047704770477047C4
:200CC0007047704770477047704770477047704770477047704770477047704770477047A4
:200CE00070477047704770477047704770477047704770472DE9F04782B004000D00260018
:200D0000AF0801214020FFF74FFD00F093F900208046B84528D216F828008DF8000006EB53
:200D2000880040788DF8010006EB880080788DF8020006EB8800C0788DF803009DF8000027
:200D40009DF80110090451EA00609DF8021050EA01209DF8031008438146484600F06EF9A4
:200D6000824618F10108D4E700214020FFF71CFD5046BDE8F68710B582B004000020ADF8D6
:200D80000000BDF80000210089B2884209D24FF47A7000F007F8BDF80000401CADF80000CB
:200DA000EFE713BD81B00021ADF80210BDF80210020092B2914212D200218DF800109DF875
:200DC0000010152905DA9DF80010491C8DF80010F5E7BDF80210491CADF80210E6E701B00A
:200DE000704780B5AB206949088064206749488055206649888000206449C88000206349F9
:200E0000088100206149488100206049888200205E49C86000205D49086100F05CF801BDC3
:200E20002DE9F041B4B000275848804658480500584800880600320092B2290001A8FFF769
:200E40007BFD9DF80400AB2803D0FFF7CAFF00203EE0B11E89B201A800F0A0F8040020007F
:200E600001A9B6B2314411F8021CC0B288420AD1200080B2000A01A9B6B2314411F8011CA4
:200E8000C0B2884201D001200700FFB2002F1DD100208DF800009DF80000310080B289B277
:200EA00088420DD201A89DF80010405C88F8000018F101089DF80000401C8DF80000EAE7C6
:200EC0003548324991EC060B80EC060B3800C0B234B0BDE8F0812DE9F043B3B000242B4828
:200EE00005002B4807002B4800888046B8F1020189B2280000F052F881461FFA88F805EB19
:200F0000080000F8029C484680B2000A1FFA88F805EB080101F8010C424692B239002800A4
:200F2000FFF777FD424692B239006846FFF704FDB8F1020189B2684600F030F806003000BA
:200F400069461FFA88F8414411F8021CC0B288420BD1300080B2000A69461FFA88F841444C
:200F600011F8011CC0B2884201D001200400E4B2002C05D10848054991EC060B80EC060BD8
:200F80002000C0B233B0BDE8F08300002018002000D077000000002008180020F8B5040014
:200FA0000D000027002006003000290080B289B288420BD23A0092B24AF20101B6B2A05D49
:200FC00080B200F006F80700761CEDE7380080B2F2BD10B4030010005B0000242200D2B26F
:200FE000082A0FDA9BB25B089BB280B290EA0304E40703D580B291EA500001E080B240080B
:20100000521CECE780B210BC704780B545F2555000F01EF8042000F01FF84FF4487000F0AD
:201020001FF800F021F800F024F801BD80B500F01BF801BD012004490860704701000348F7
:201040000160024800687047083002400030024080B20A4908607047C0B209490860704753
:2010600080B20849086070474AF6AA200349086070474CF6CC400149086070470030004032
:201080000430004008300040DFF82802DFF828120860DFF82802DFF820120860704738B5D4
:2010A00004000425B4F1046F2BD35FF0FF3000F0EAF80500EDB2042D20D1DFF8080200688E
:2010C00050F00200DFF8FC110860DFF8FC010460DFF8F001006850F04000DFF8E811086062
:2010E0005FF0FF3000F0CFF80500DFF8D801006841F6FD710840DFF8CC1108602800C0B2FB
:201100002AE05FF0805000F0A7F80500EDB2042D20D1DFF8AC01006850F00200DFF8A0119B
:201120000860DFF8A8010460DFF89401006850F04000DFF88C1108605FF0805000F08CF8A0
:201140000500DFF87C01006841F6FD710840DFF8701108602800C0B232BD70B504000D0062
:201160000426B4F1046F21D35FF4002000F08BF80600F6B2042E16D1DFF84801006850F0C4
:201180000100DFF84011086025805FF4002000F07AF80600DFF82C01006841F6FE710840E4
:2011A000DFF8201108603000C0B220E04FF4704000F052F80600F6B2042E16D1DFF8000151
:2011C000006850F00100DFF8F810086025804FF4704000F041F80600DFF8E400006841F6FE
:2011E000FE710840DFF8D81008603000C0B270BD042038490968C90702D5012108000FE06C
:2012000034490968490702D50221080008E031490968C90602D50321080001E004210800DB
:20122000C0B2704704202A490968C90702D5012108000FE026490968490702D5022108008B
:2012400008E023490968C90602D50321080001E004210800C0B2704738B504000425FFF7B0
:20126000C7FF0500EDB2012D06D1002C04D0FFF7BFFF0500641EF5E7002C01D105200500C0
:201280002800C0B232BD38B504000425FFF7CAFF0500EDB2012D06D1002C04D0FFF7C2FF8C
:2012A0000500641EF5E7002C01D1052005002800C0B232BD2301674504200240AB89EFCDF4
:2012C000102002409020024094200240142002408C2002400C20024038B5644800680400DD
:2012E00063482040B0F1005F08D162480068040025005E48006880F30888A84731BD2DE9CB
:20130000F84304000D001700FFF7BEFE600502D12000FFF7C4FEFFF789FEBFB2781C4710CF
:20132000002006003000390080B289B2884217D25FF00208E94642462900484600F09EF8B1
:20134000BDF800102000FFF708FF2088BDF80010884201D0012004E0AD1CA41C761CE1E7BB
:201360000020BDE8F2832DE9F04104005FF00308E00A060000200500B5422BD24FF40062E0
:201380004FF4006000FB05F010F5F0013A48FFF7D3FA002080465FFA88F8B8F1030F10DA1B
:2013A000FFF744FE4FF4006233494FF400602F4B00FB0530FFF7A3FF002802D018F10108E3
:2013C000E9E75FFA88F8B8F1030F01D100204AE06D1CD1E76005400D0600600529D0320004
:2013E00092B24FF4006000FB05F010F5F0012248FFF7A2FA002080465FFA88F8B8F1030FAA
:2014000010DAFFF713FE320092B21B494FF40060164B00FB0530FFF772FF002802D018F163
:201420000108E9E75FFA88F8B8F1030F01D1002019E00020070000200500A54211D23A0004
:2014400092B24AF2010105F1006010F580400078C0B280B2FFF7BDFD0700FFF7E7FD6D1CB9
:20146000EBE7380080B2BDE8F0810000004000080000FF2F044000080810002062B38B0779
:2014800008D0521E11F8013B00F8013B00F024808B07F6D1830740F0208000BF103A07D361
:2014A00030B4B1E83810103AA0E83810F9D230BC530724BFB1E80810A0E8081044BF51F8BC
:2014C000043B40F8043BD20724BF31F8022B20F8022B44BF0B7803707047083A07D3B1E89A
:2014E0000810083A40F8043B40F804CBF7D25307E4E7000070B50025002672B600F06FF837
:2015000001215FF00070FEF71DFF00F09BF8FFF7A4F96420FFF72FFC5548FFF729FB040063
:20152000FFF77EFC00F083F852488088552805D15048808A002801D1FFF7CEFE4D488088E0
:20154000AA2822D14B48808A55281ED162B6FFF75CFD80214848FEF7F2FE4648C068FFF794
:2015600002FF4449498980B2884202D1552043498880002041498882FFF7ADFC80213E48B9
:20158000FEF7DAFEFFF752FDFEE73D493D48FFF7B1FB06003C4800680500AE420BD1002EB6
:2015A00009D016F1010F06D0002D04D015F1010F01D0FFF791FE62B6FFF727FDFFF736FD9D
:2015C00080212D48FEF7BBFE6420FFF7D4FB80212948FEF7B1FE6420FFF7CDFBEEE780B5FC
:2015E00001210120FFF7FEF801214FF48050FFF7EAF801214FF48040FFF7F4F80121042062
:20160000FFF7E1F801210820FFF7DDF801211020FFF7D9F801212020FFF7D5F80121402026
:20162000FFF7D1F801210120FFF7CDF801BD80B500215FF0006000F02EF84FF4A06000F0E1
:2016400025F801BD80B50C48FEF798FD8020ADF8000010208DF8030002208DF80200694647
:201660000548FEF7CEFD80210348FEF765FE01BD00C0770008180020001801402018002033
:20168000FCBF030000400008FCFF030805490143054A11607047054A0A400243044B1A608E
:2016A000704700000000FA050CED00E080FFFF1F08ED00E080B54E48006850F470004C49AD
:2016C00008604C48006850F001004A4908604A480068002048490860464800684749084089
:2016E000444908604348006830F48020414908605FF41F004249086000F005F85FF000604B
:201700004049086001BD80B500F001F801BD82B000200190002000903648006850F48030D1
:20172000344908603348006810F4003000900198401C01900098002803D10198B0F5A06FB6
:20174000F0D12C480068800302D50120009001E0002000900098012847D12B48006850F05C
:201760001000294908602848006880088000264908602548006850F00200234908601E4877
:2017800000681D4908601C4800681B4908601A48006850F4806018490860174800681B4999
:2017A0000840154908601448006850F4E810124908601048006850F080700E4908600D4854
:2017C00000688001FBD50C480068800880000A4908600948006850F00200074908600648D0
:2017E000006810F00C000828F9D102B07047000088ED00E00010024004100240FFFFF6FE23
:201800000810024008ED00E000200240FFFFC09F19E050F8041BCB0744BFA9F10103591896
:20182000121F0023042A41F8043BF9D25FEA827C0B4604D54FF0000CA1F800C09B1CD1073F
:2018400044BF0021197050F8042B002AE1D1704710B450F8041B79B10268436802440830E9
:20186000DC0744BFA9F10104E31852F8044B43F8044B091FF9D1ECE710BC704710B5074968
:2018800079441831064C7C44163404E00A68081D114488470146A142F8D110BD2C0000005B
:2018A0004C0000004EF68851CEF20001086840F470000860BFF34F8FBFF36F8F4FF0007093
:2018C000E1EE100A7047000049FFFFFF30080000081000200000000079FFFFFF0400000038
:2018E00008010000000000200000000000F00BF8002801D0FFF7C2FF0020AFF30080FFF7E4
:20190000F9FD00F002F80120704700F001B800000746384600F002F8FBE7000080B5AFF3F8
:201920000080024A11001820ABBEFBE7260002000148804701480047B5160008411900084A
:20194000AFF30080FFF7AEFFFFF7D0FFFFF7FEBFFFF7FEBFFFF7FEBFFFF7FEBFFFF7FEBF7E
:20196000FFF7FEBFFFF7FEBFFFF7FEBFFFF7FEBFFFF7FEBFFFF7FEBFFFF7FEBFFFF7FEBFCF
:20198000FFF7FEBFFFF7FEBFFFF7FEBFFFF7FEBFFFF7FEBFFFF7FEBFFFF7FEBFFFF7FEBFAF
:2019A000FFF7FEBFFFF7FEBFFFF7FEBFFFF7FEBFFFF7FEBFFFF7FEBFFFF7FEBFFFF7FEBF8F
:2019C000FFF7FEBFFFF7FEBFFFF7FEBFFFF7FEBFFFF7FEBFFFF7FEBFFFF7FEBFFFF7FEBF6F
:0C19E000FFF7FEBFFFF7FEBF180000007D
:20400000801100209D7B0208197F02081D7F0208217F0208257F0208297F0208000000007B
:204020000000000000000000000000002D7F0208317F020800000000357F0208397F020890
:20404000D95D0208DB5D0208DD5D0208DF5D0208035E0208055E0208075E0208095E02089C
:204060000B5E02080D5E02080F5E0208115E0208135E0208155E0208175E0208435E020846
:20408000455E0208475E0208495E02083D7F0208417F0208457F0208497F02084B5E020830
:2040A0004D7F0208517F0208557F02084D5E02084F5E02086F5E02088B5E02088D5E020847
:2040C0008F5E0208915E0208935E0208955E0208597F0208975E0208E15E02082B5F02083A
:2040E000BF5F0208C15F0208C35F02085D7F0208617F0208657F0208C55F0208C75F020826
:20410000697F0208C95F0208CB5F02086D7F0208CD5F020817600208717F0208757F0208A2
:204120009D6002089F600208A1600208A3600208797F02087D7F0208817F0208857F020837
:2041400000000000000000000000000000000000897F02088D7F0208917F0208957F0208FF
:20416000997F02089D7F0208A17F0208A57F0208755F0208A97F0208AD7F02085A21DFF807
:20418000142A82F82F1000210800C0B209281ADA0021DFF8002AC0B2024451700021DFF8D5
:2041A000F429C0B2024491720021DFF8E829C0B20244D1740021DFF8DC29C0B202EB400283
:2041C0009183401CE1E70021DFF8C82911700021DFF8C02982F82E10704738B5DFF8B80968
:2041E0000068807A0400DFF8B0090068407A0500DFF8A8090078002859D05A20DFF8941953
:2042000081F82F0005F012FFDFF890090078012805D1DFF88C290021022008F093F8DFF8E0
:204220007C090078402805D1DFF878290021022008F088F8DFF864090078102805D1DFF86F
:2042400068290021022008F07DF8DFF850090078082805D1DFF854290021022008F072F876
:20426000DFF838090078802805D1DFF844290021022008F067F8DFF824090078202805D1B8
:20428000DFF830290021022008F05CF8DFF80C090078022805D1DFF820290021022008F0A0
:2042A00051F85A20DFF8EC1881F82F0081E1DFF80C090078002802D004F0DEFB79E1DFF8FA
:2042C000D80800680069002805D0DFF8CC0800680069804736E1DFF8E8080078002800F07F
:2042E000EA800E2007F077FB08F045FB0020DFF8D41808806420DFF8D0180870DFF89808E8
:204300000068007A00281AD0DFF88C080068807A09280ADB0321DFF880080068807A4000A1
:204320001038C0B207F0E8FD09E00321DFF868080068807A4000801CC0B207F0DDFDDFF83B
:2043400080084078012809D0102861D0402874D080282BD0812800F085809CE0DFF8380832
:204360000068807A092190FBF1F201FB1200002804D15A20DFF81C1881F82F00E4B2002C49
:204380000CD1DFF814080068EDB2142101FB05F108441438DFF80018086006E0DFF8F80774
:2043A00000681438DFF8F01708607CE0DFF81C08007890F00100DFF814180870E4B2EDB203
:2043C000681E84420CD1DFF8D0070068EDB2691E7FF0130251430844DFF8BC17086006E01C
:2043E000DFF8B40700681430DFF8AC170860DFF8A8070068807A092190FBF1F201FB1200EF
:20440000002804D15A20DFF88C1781F82F004AE05A20DFF8801781F82F00DFF87C07006887
:20442000406800283FD0DFF8700700684068DFF8681708600020040035E05A20DFF854178C
:2044400081F82F00DFF850070068006800282AD0DFF8440700680068DFF83C1708600020F0
:20446000040020E00020DFF8581748700020DFF8501708705A20DFF81C1781F82F000020F8
:20448000DFF8101781F82E00FF20DFF83017087004F0F2FA8DE00020DFF82417487000206B
:2044A000DFF81C1708700020DFF8141748700020DFF80C170870DFF8E00600680069002858
:2044C00007D008F058FADFF8D00600680069804738E0DFF8C4060068007A00281ED005F0D0
:2044E000A5FD08F048FADFF8B0060068807A09280ADB0321DFF8A0060068807A4000103850
:20450000C0B207F0A0FC09E00321DFF88C060068807A4000801CC0B207F095FCDFF8780693
:204520000068007A002801D100F0CFFCDFF868060068C068002805D0DFF85C060068C06849
:2045400000F038F8DFF87C06008878280CDB0020DFF8701608800E2007F0BAFA08F0E5F820
:204560000020DFF8441A0880DFF8400A007800281FD1DFF824060068007A002819D0DFF8E2
:20458000300ADFF81416086008F0CFF8FFF7F6FD4AF25A50DFF81C1A0880DFF8FC05006815
:2045A000C068002805D0DFF8F0050068C06800F001F831BD38B5040000200500EDB20C2DB5
:2045C0000ADA62686178207807F0BCFE08346068002801D06D1CF1E731BD2DE9F34F83B034
:2045E00014001D000E9E109F002081465FFA89F9B9F1200F09DA0020DFF80C1B5FFA89F9B8
:2046000001F8090019F10109F0E79DF83C008DF80000002083469DF80000002800F0E88059
:2046200005208DF802009DF8000082469DF8000010F0700010281BD1EDB268008DF80200BA
:20464000EDB2012D04D1DFF8C01A387809F0A9F9EDB2022D40F0EA80DFF8AC1A38784FF4C4
:2046600080727B7802FB003080B209F063FADDE09DF8000010F07000202806D09DF800002B
:2046800010F07000302840F0D1809DF8000010F0070082465FFA8AFABAF1000F3FD1302076
:2046A000DFF8641A5FFA8BFB01F80B001BF1010B7878C0B200098DF801009DF801003030C3
:2046C000DFF8441A5FFA8BFB01F80B001BF1010B787810F00F003030DFF82C1A5FFA8BFB4F
:2046E00001F80B001BF1010B3878C0B200098DF801009DF801003030DFF80C1A5FFA8BFB1B
:2047000001F80B001BF1010B387810F00F003030DFF8F4195FFA8BFB01F80B0086E0EDB292
:204720005FFA8AFADAEB450A7878C0B200098DF801009DF801003030DFF8CC195FFA8BFB06
:2047400001F80B001BF1010B50465946C0B2C9B2884208D12E20DFF8B0195FFA8BFB01F8B2
:204760000B001BF1010B787810F00F003030DFF898195FFA8BFB01F80B001BF1010B50469E
:204780005946C0B2C9B2884208D12E20DFF878195FFA8BFB01F80B001BF1010B3878C0B217
:2047A00000098DF801009DF801003030DFF858195FFA8BFB01F80B001BF1010B50465946FC
:2047C000C0B2C9B2884208D12E20DFF83C195FFA8BFB01F80B001BF1010B387810F00F0015
:2047E0003030DFF824195FFA8BFB01F80B001DE0EDB268008DF80200EDB2012D04D1DFF85E
:204800000819387809F037F9EDB2022D0ED1387879784FF48072514351FA80F0ADF8040023
:20482000DFF8E418BDF8040009F0DCF8012081465FFA89F93078401C814514DA5FFA89F9C9
:2048400016F80900DFF8C018E4B2095700B209B2884205D15FFA89F906EB0900804602E012
:2048600019F10109E4E7DFF858030078002800F0D180DFF84C03407801280CD008286FD0F4
:20488000102800F09B8020283DD0402800F0A88080281BD0AEE098F80000202802D1701CA8
:2048A000804601E018F1010898F90000DFF85818E4B20855DFF85008E4B20057202804D13B
:2048C0003020DFF84418E4B208559BE098F80000302804D130783044401E804601E0B8F160
:2048E000010898F90000DFF82018E4B20855DFF81808E4B20057202804D13020DFF80818D4
:20490000E4B208557EE0E4B2002C04D19DF80200401E040000E0641E002081464846317836
:20492000C0B2884214D25FFA89F916F80900DFF8D817E4B2095700B209B2884205D15FFA41
:2049400089F906EB0900804602E019F10109E5E7DFF8B407E4B200572E2800D1641E51E0FA
:20496000E4B29DF80200401E844202D10020040000E0641C0020814648463178C0B2884235
:2049800014D25FFA89F916F80900DFF87C17E4B2095700B209B2884205D15FFA89F906EB06
:2049A0000900804602E019F10109E5E7DFF85807E4B200572E2800D1641C23E00020DFF8A2
:2049C000001248700020DFF8F8110870DFF838279DF810109DF80C0007F0B4FCA520D5E0E8
:2049E0000020DFF8DC1148700020DFF8D41108705A20CBE00020DFF8C81148700020DFF823
:204A0000C01108700020DFF8B81148700020DFF8B01108709DF8000000284CD09DF8000037
:204A200010F0700010282AD1EDB2012D0DD1DFF8D80690F900000A21DFF8CC2692F901204A
:204A400001FB00201038387084E0EDB2022D40F08180DFF8B40609F025F94FF4807190FB80
:204A6000F1F038707F1CDFF8A00609F01BF94FF4807190FBF1F201FB120038706AE09DF851
:204A8000000010F07000202805D09DF8000010F0700030285ED19DF8000010F00700824699
:204AA0005246D2B23900DFF8600600F091F8002850D15A206AE0EDB2012D0CD1DFF848060F
:204AC00040780100C9B2DFF840060078C0B209F02CF938703EE0EDB2022D15D1DFF82806FE
:204AE00009F001F94FF4807190FBF1F201FB120038707F1CDFF8100609F0F5F84FF48071C9
:204B000090FBF1F0387025E0DFF8FC0540780100C9B2DFF8F4050078C0B209F006F9387016
:204B20007F1CDFF8E405C0780100C9B2DFF8D8058078C0B209F0F9F838707F1CDFF8C80577
:204B400040790100C9B2DFF8C0050079C0B209F0ECF83870DFF8B0259DF810109DF80C0012
:204B600007F0F0FB0123DFF8A005E4B2005D0200D2B29DF810002118C9B29DF80C00C0B2CE
:204B80004000C0B207F008FA2000C0B205B0BDE8F08F0000586A0020786D00206D6E00201D
:204BA0003078020844780208587802086C7802088078020894780208A87802086A6E00207B
:204BC000586D0020F26D0020686E0020786E002078B403000024D2B2042A01DB002030E064
:204BE00000200500EDB2042D05DA00206E46EDB270556D1CF6E700200500EDB2052D0EDA65
:204C0000EDB2D2B2D2F10400854205D0187830386E46E4B23055641C5B1C6D1CEDE79DF85E
:204C2000020000019DF8036050FA86F00870491C9DF8000000019DF8016050FA86F0087018
:204C4000012072BC70472DE9FF47040005F0EEF9DFF8640D00785A280BD05A20DFF8581D2F
:204C6000087000208DF80D009DF80D008DF80C000FE000200500EDB2022D0ADADFF8380DF5
:204C8000EDB200EB4500808B03A9EDB248556D1CF1E7E4B2032C02D0E4B2002C06D1DFF8EA
:204CA0007C2B0121022007F04DFB0BE0DFF8702B0021012007F046FBDFF8602B012102204D
:204CC00007F040FB03A8029010200190DFF8540B00900223DFF8E00CDFF8DC1C91F82E1060
:204CE0000844C27C0C210220FFF777FC0600F6B25A2E21D10020DFF8C01C08705A20DFF8AE
:204D0000B81C81F82F000020DFF8AC1CDFF8A82C92F82E201144C87400200500EDB2052D4E
:204D200008DA0020DFF8901CEDB201EB450188836D1CF3E75A20C5E0F6B2A52E40F0A980BC
:204D40000020DFF8741C08705A20DFF86C1C81F82F000020DFF8601CDFF85C2C92F82E2029
:204D60001144C87400200500EDB2052D08DA0020DFF8441CEDB201EB450188836D1CF3E734
:204D80009DF80C004FF480719DF80D2001FB00200700DFF8280C407909F000F88146DFF806
:204DA0001C0C007908F0FAFF80461FFA89F964201FFA88F800FB0988DFF8000C007908F003
:204DC000EDFF8146DFF8F40B807908F0E7FF82461FFA89F964201FFA8AFA00FB09AADFF86A
:204DE000E00BC0794FF48071DFF8D42B127A01FB00208146E4B2002C05D13800494680B285
:204E000089B2884208D0E4B2022C07D13800494680B289B2884201D1A52053E0E4B2012C8E
:204E200007D13800414680B289B2884201D1A52048E0E4B2032C07D13800514680B289B20C
:204E4000884201D1A5203DE0BFB2B7F57A7F01D1A52037E0BFB241F60630874201D1A520D2
:204E600030E05A20DFF8501B81F82F0005F0DEF8DFF8502B0321022007F064FAFFF77EF999
:204E8000DFF8440B00680068DFF83C1B08605A2018E0DFF8240BDFF8201B91F82E100844E9
:204EA000C67400200500EDB2022D0ADA03A8EDB2405DDFF8041BEDB201EB450188836D1C9F
:204EC000F1E7FF2004B0BDE8F08710B5DFF8FC0A0078002806D0DFF8F40A0078401EDFF871
:204EE000EC1A0870DFF8E40A007800285BD10220DFF8D81A087007F03EFDDFF8D40A0078E1
:204F0000002810D10620DFF8C81A0870DFF8C40A007890F00100DFF8BC1A08705A20DFF81D
:204F2000981A81F82F0005F081F800200400A4B2202C05DA00207449A4B20855641CF6E717
:204F4000DFF8940AC078002806D1DFF8902A0021002007F0F7F916E0DFF87C0AC078012838
:204F600006D1DFF87C2A0021002007F0EBF90AE0DFF8640AC078022805D1DFF8682A0021D0
:204F8000002007F0DFF9DFF84C0A0078002805D000220121012005F073FC04E0002201218F
:204FA000002005F085FB10BDF06D0020676E002020790208E865002010B5DFF8100A0078DF
:204FC000002806D0DFF8040A0078401EDFF8FC190870DFF8F8090078002840F093800220D7
:204FE000DFF8E8190870DFF8000A0078092190FBF1F00400DFF8F0090078092190FBF1F28E
:2050000001FB1200002800D0641CDFF8E009007800285CD0DFF8D409407808281BD02028AF
:2050200002D0402830D041E0DFF88C094078002807D0DFF884094078401EDFF87C19487054
:2050400003E0601EDFF8701948705A20DFF8681981F82F0033E0DFF860094078E4B2611E3D
:20506000884207D0DFF850094078401CDFF84819487003E00020DFF8401948705A20DFF81F
:20508000381981F82F001AE00020DFF8601948700020DFF858190870FFF770F8DFF82809AF
:2050A00000680068DFF8201908602BE00020DFF83C1948700020DFF83419087022E00020BB
:2050C000DFF8281948700020DFF82019087004F0ADFFDFF81C290221002007F033F9DFF85F
:2050E00014290A21002007F02DF9DFF80C291021002007F027F9DFF8C008427801210020FC
:2051000005F0D6FA10BD0000B467002070B5DFF8BC080078002806D0DFF8B0080078401E27
:20512000DFF8A8180870DFF8A4080078002840F0A0800220DFF894180870DFF8C0080078B9
:20514000050000200400E4B2202C06DA0020DFF8B018E4B20855641CF5E7EDB2092095FBFE
:20516000F0F00600EDB2092095FBF0F100FB1150002800D0761CDFF87408007800285FD008
:20518000DFF868084078012808D008281DD0202804D0402832D0802817D041E0DFF81808C5
:2051A0004078002807D0DFF810084078401EDFF80818487003E0701EDFF8FC1748705A20F7
:2051C000DFF8F41781F82F0032E0DFF8EC074078F6B2711E884207D0DFF8DC074078401C0B
:2051E000DFF8D417487003E00020DFF8CC1748705A20DFF8C41781F82F0019E00020DFF8FC
:20520000EC1748700020DFF8E4170870FEF7B6FFDFF8B40700680068DFF8AC17086028E053
:205220000020DFF8C81748700020DFF8C01708700020DFF8B81748700020DFF8B0170870E6
:2052400004F0F4FEDFF8A8270121002007F07AF8DFF8F02C0821002007F074F8DFF8580742
:205260004078092110FB01F2D2B20121012005F007FB70BDF8B504F0D9FEDFF8CC0C0078C4
:20528000092190FBF1F00500DFF8BC0C0078092190FBF1F201FB1200002800D06D1CDFF85E
:2052A0004C07007800285ED03C20DFF8A01C08705A20DFF8041781F82F00DFF8300740788C
:2052C000012808D0082818D0202804D0402828D0802812D037E0DFF8E0064078002807D024
:2052E000DFF8D4064078401EDFF8CC16487003E0681EDFF8C41648702DE0DFF8BC06407846
:20530000EDB2691E884207D0DFF8AC064078401CDFF8A416487003E00020DFF89C1648709C
:2053200019E00020DFF8C41648700020DFF8BC160870FEF723FFDFF8900600680068DFF87F
:20534000881608607EE00020DFF8A01648700020DFF8981608700020DFF8901648700020F2
:20536000DFF88816087004F061FEDFF8DC0B0078DFF844164978092202FB11000700FFB2D4
:205380000A2F01DB0920070007F0F5FA0020040020003900C0B2C9B2884253D2DFF8180694
:2053A00040780921484350FA84F00600DFF85016701CC0B208F0F5FA2E20DFF84416887023
:2053C0000020DFF83C16C870DFF8342600212000C0B206F0B7FF00200090DFF8740B00684E
:2053E000F6B2112101FB06F10844431C102203212000C0B207F01AF8DFF8BC0540780921CA
:20540000484350FA84F00100C9B2DFF8CC0C08F07BFA00280AD000200090DFF8C03C042200
:2054200010212000C0B207F001F809E000200090DFF8AC3C042210212000C0B206F0F6FF8D
:20544000641CA5E7F1BD2DE9F843DFF86C0590F82E0000281FD10020FFF7F5FB0700FFB26D
:205460005A2F09D1FEF78AFEDFF85C0500680068DFF854150860CFE1FFB2A52F0AD15A2012
:20548000DFF8341581F82F000120DFF82C1581F82E0000E0C0E1DFF8200590F82E00012808
:2054A00040F0B181DFF8100590F82F005A2819D107F03BF90020DFF8001581F82F0000207C
:2054C00080464046DFF81C1C0978C0B2884209D2A520DFF8141C5FFA88F801F8080018F12A
:2054E0000108EEE7DFF8FC0B0078092190FBF1F08146DFF8F00B0078092190FBF1F201FB3D
:205500001200002801D019F1010907F034FADFF8DC040078002800F0F480DFF8D004407829
:2055200001280DD0082800F09480102800F0B880202862D0402800F0C28080282ED0D4E063
:20554000DFF87404C07A002807D0DFF86C04C07A401EDFF86414C87206E0DFF8880B007893
:20556000401EDFF85414C872DFF84C048078DFF84814C97A092291FBF2F1884204D05A200D
:20558000DFF8341481F82F00DFF82C04C07A092190FBF1F0DFF820148870ACE0DFF81804EB
:2055A000C07ADFF8401B0978491E884207D0DFF80804C07A401CDFF80014C87203E0002055
:2055C000DFF8F413C872DFF8F0038078DFF8E813C97A092291FBF2F1884204D05A20DFF853
:2055E000D81381F82F00DFF8D003C07A092190FBF1F0DFF8C41388707DE0DFF8BC0380780D
:20560000002807D0DFF8B0038078401EDFF8A813887004E0B9F10100DFF89C138870DFF83D
:2056200098038078DFF89013C97A092291FBF2F1884204D05A20DFF8801381F82F00DFF87F
:2056400078038078092110FB01F0DFF86C13C87251E0DFF8640380785FFA89F9B9F1010133
:20566000884205D0D4488078401CD349887002E00020D1498870D0488078CF49C97A09225D
:2056800091FBF2F1884203D05A20CB4981F82F00C9488078092110FB01F0C749C8722AE045
:2056A0000020D24948700020D04908700220C24981F82E00C048C07A00F0B6F8ACE00020E6
:2056C000CA4948700020C9490870FEF757FD3220DFF8181A0880BC4800680068BA490860EA
:2056E0005A20B54981F82F0096E00020BF4948700020BE4908700020BC4948700020BB4994
:20570000087004F093FCDFF8DC090078AA498978092202FB11000500EDB20A2D01DB09204D
:20572000050007F028F90020040020002900C0B2C9B2884267D2A04880780921484350FA10
:2057400084F00600AE49701CC0B208F02AF92E20AB4988700020AA49C870A94A0021200006
:20576000C0B206F0EFFD9448C07A0921E4B290FBF1F201FB1200844210D101200090DFF854
:205780007009F6B2112101FB06F10844431C082203212000C0B206F049FE0FE0002000905C
:2057A000DFF84C09F6B2112101FB06F10844431C082203212000C0B206F038FEDFF8280931
:2057C000DFF82C19F6B2112202FB06F2895C084410F8010CA5280AD100200090DFF814391B
:2057E00004220F212000C0B206F020FE09E000200090DFF8043904220F212000C0B206F022
:2058000015FE641C91E76C4890F82E00022803D16948C07A00F008F8BDE8F183207D02087A
:20582000F87802080000002038B50400E4B20A2094FBF0F100FB114005006C480078002808
:2058400000F09C803C20DFF80417087043F69820DFF8A818088040F2DC50DFF89018088001
:2058600062484078102802D0402870D07AE00120514981F82E00DFF87008DFF87418E4B210
:20588000112202FB04F2895C084410F8010CA5282CD1DFF85408DFF85818E4B2112202FB92
:2058A00004F2895C0844A32100F8011CDFF84008E4B2112101FB04F1405CDFF828180978DC
:2058C000884209D1DFF82808E4B2112101FB04F1405C06F0FDF835E0DFF81408E4B211210D
:2058E00001FB04F1405C06F076F82BE0DFF8F807DFF8FC17E4B2112202FB04F2895C0844FF
:20590000A52100F8011CDFF8E807E4B2112101FB04F1405CDFF8CC170978884209D1DFF8DB
:20592000D007E4B2112101FB04F1405C06F053F808E0DFF8BC07E4B2112101FB04F1405C23
:2059400006F0C6F80021092009F096F810E00020264948700020254908700120164981F88C
:205960002E0028E000202149487000201F49087000201E49487000201C490870DFF868072D
:20598000DFF86C17E4B2112202FB04F2895C084410F8010CA52807D1DFF858270F21280058
:2059A000C0B206F009FD06E0DFF84C270F212800C0B206F001FD31BD586A0020786C0020B7
:2059C000346C0020E4780208786D0020696E0020686E0020786E0020606C0020E07702085C
:2059E000F4760208F477020806050108586D0020647E02086C7E0208747E020807050108D4
:205A0000B46700202DE9F843DFF8DC0D90F82E0000281FD10020FFF716F90600F6B25A2E11
:205A200009D1FEF7ABFBDFF8D80600680068DFF8D016086083E2F6B2A52E0AD10120DFF894
:205A4000A81D81F82E005A20DFF89C1D81F82F0000E074E2DFF8900D90F82E00012840F06F
:205A60006382DFF8880DC078002803D1DFF89406070014E0DFF8740DC078012803D1DFF8D1
:205A8000880607000BE0DFF8640DC078022803D1DFF87806070002E0DFF8540D07003F1D2F
:205AA000002080464046DFF84C1D0978C0B2884221D23878DFF8401D5FFA88F801F80800CC
:205AC0007F1CDFF8340D5FFA88F810F80800A5280ED0DFF8240D5FFA88F810F808005A280C
:205AE00006D0A520DFF8101D5FFA88F801F8080018F10108D6E7DFF8FC0C0078082190FB53
:205B0000F1F08146DFF8EC0C0078082190FBF1F201FB1200002801D019F10109DFF8D40C2D
:205B20000078DFF8C41C8978B0EBC1000500EDB2092D01DB0820050004F078FADFF8BC2CD1
:205B40000221002006F0FEFBDFF8402D0E21002006F0F8FB0020040020002900C0B2C9B23D
:205B6000884267D2DFF8800C8078C0B214EBC000401CC0B207F00CFFDFF8141D08702E20F8
:205B8000DFF80C1D48700020DFF8041D8870DFF8002D0021601CC0B206F0D4FBDFF8480C3A
:205BA000C07A0821E4B290FBF1F201FB1200844212D1DFF8E00C0068DFF82C1C8978C900B3
:205BC00051FA84F10C22514300EB01020221601CC0B206F0F1FB11E0DFF8B80C0068DFF897
:205BE000081C8978C90051FA84F10C22514300EB01020221601CC0B206F0A4FBDFF8F80BC7
:205C0000DFF8E41B8978C90051FA84F1405C5A2807D1DFF8842C1021601CC0B206F092FB05
:205C200006E0DFF8782C1021601CC0B206F08AFB641C91E7DFF8680C0078002800F0E68030
:205C4000DFF85C0C407801280DD0082800F08880102800F0A880202862D0402800F0B680C7
:205C600080282ED0C2E0DFF8800BC07A002807D0DFF8740BC07A401EDFF86C1BC87206E0D5
:205C8000DFF8700B0078401EDFF85C1BC872DFF8580B8078DFF8501BC97A082291FBF2F104
:205CA000884204D05A20DFF8401B81F82F00DFF8380BC07A082190FBF1F0DFF82C1B8870F3
:205CC0009CE0DFF8240BC07ADFF8281B0978491E884207D0DFF8100BC07A401CDFF8081BE3
:205CE000C87203E00020DFF8001BC872DFF8F80A8078DFF8F41AC97A082291FBF2F18842DF
:205D000004D05A20DFF8E01A81F82F00DFF8D80AC07A082190FBF1F0DFF8CC1A88706DE032
:205D2000DFF8C40A8078002807D0DFF8BC0A8078401EDFF8B41A887004E0B9F10100DFF8D1
:205D4000A81A88705A20DFF8A01A81F82F00DFF8980A8078C0B2C000DFF88C1AC8724DE04F
:205D6000DFF8840A80785FFA89F9B9F10101884207D0DFF8740A8078401CDFF86C1A8870A0
:205D800003E00020DFF8601A88705A20DFF8581A81F82F00DFF8500A8078C0B2C000DFF81A
:205DA000481AC8722AE00020DFF8F41A48700020DFF8EC1A08700220DFF82C1A81F82E0025
:205DC000DFF8240AC07A00F0C5F8B8E00020DFF8D01A48700020DFF8C81A0870FEF7CEF999
:205DE000C74800680068C6490860A8E00020DFF8B01A48700020DFF8A81A08700020DFF824
:205E0000A01A48700020DFF8981A0870DFF8E4090078DFF8D4198978B0EBC1000500EDB2EE
:205E2000092D01DB0820050004F000F9DFF8CC290221002006F086FADFF8502A0E21002011
:205E400006F080FA06F097FD0020040020002900C0B2C9B2884267D2DFF88C098078C0B215
:205E600014EBC000401CC0B207F092FDDFF8201A08702E20DFF8181A48700020DFF8101A56
:205E80008870DFF80C2A0021601CC0B206F05AFADFF85409C07A0821E4B290FBF1F201FB0D
:205EA0001200844212D1DFF8EC090068DFF838198978C90051FA84F10C22514300EB010291
:205EC0000221601CC0B206F077FA11E0DFF8C4090068DFF814198978C90051FA84F10C2291
:205EE000514300EB01020221601CC0B206F02AFADFF80409DFF8F0188978C90051FA84F1A8
:205F0000405C5A2807D1DFF890291021601CC0B206F018FA06E0DFF884291021601CC0B24B
:205F200006F010FA641C91E7DFF8BC0890F82E00022804D1DFF8B008C07A00F00BF8BDE8B8
:205F4000F18300007C7E02085E6E0020676E0020286D0020F8B50400E4B2082094FBF0F154
:205F600000FB11400600DFF838090078002800F09C80DFF82C094078012806D0102818D028
:205F8000402874D080280AD07FE0DFF86C08E4B2005DC043DFF86018E4B208557DE0DFF8BD
:205FA0005808E4B2005DC043DFF84C18E4B2085573E00120DFF8301881F82E00DFF82C0818
:205FC000C078002803D1DFF82808070014E0DFF81C08C078012803D1DFF89C0A07000BE0EC
:205FE000DFF80808C078022803D1DFF8900A070002E0DFF8FC0707003F1D002005002800A0
:20600000DFF8F0170978C0B2884207D2DFF8E807EDB2405D38707F1C6D1CF0E7DFF8D807B1
:20602000E4B2005DA5280BD1DFF8540A006800880121A1408843DFF8481A096808800AE0B5
:20604000DFF83C0A006800880121A1400843DFF8301A09680880DFF89407C078801CC0B213
:2060600009F09CF800210B2008F006FD15E00020DFF82C1848700020DFF824180870012098
:20608000DFF8641781F82E0024E00020DFF8101848700020DFF8081808700020DFF800188E
:2060A00048700020DFF8F8170870DFF84C07E4B2005D5A2807D1DFF8E0271021701CC0B226
:2060C00006F07AF906E0DFF8D4271021701CC0B206F072F9F1BD0000D06B0020847E0208FA
:2060E0008C7E0208CF930108A86B0020E86D002060700208947E02089C7E0208F66D0020DC
:20610000786D0020006B0020486B0020786B00202DE9F04383B0DFF8D00690F82E00002812
:2061200022D10020FEF78FFD0600F6B25A2E09D1FEF724F8DFF8F40B00680068DFF8EC1B26
:2061400008604FE3F6B2A52E0DD10120DFF8981681F82E000020DFF82C1908700020DFF854
:20616000281908803EE33DE3DFF87C0690F82E0001282AD1022000F095FBDFF8B41B087022
:20618000DFF8AC0B00785A2809D1FDF7F7FFDFF89C0B00680068DFF8941B086022E3DFF89B
:2061A000900B0078FF2800F01D834AF25A50DFF8DC1808800220DFF8301681F82E00DFF81F
:2061C000700B007800F02BFC0CE3DFF81C0690F82E00022840F01A81DFF8B40800780921ED
:2061E00090FBF1F00400DFF8A8080078092190FBF1F201FB1200002800D0641CDFF8A00695
:206200000078002800F0F880DFF89406407801280DD0082800F08880102800F0A780202888
:2062200062D0402800F0BB8080282ED0D4E0DFF8B805007B002807D0DFF8AC05007B401ED0
:20624000DFF8A415087306E0DFF844080078401EDFF894150873DFF89005C078DFF8881541
:20626000097B092291FBF2F1884204D05A20DFF8781581F82F00DFF87005007B092190FB60
:20628000F1F0DFF86415C870AEE0DFF85C05007BDFF8FC170978491E884207D0DFF84805BD
:2062A000007B401CDFF84015087303E00020DFF838150873DFF83005C078DFF82C15097BDE
:2062C000092291FBF2F1884204D05A20DFF8181581F82F00DFF81005007B092190FBF1F063
:2062E000DFF80415C8707FE0DFF8FC04C078002807D0DFF8F404C078401EDFF8EC14C87095
:2063000003E0601EDFF8E014C8705A20DFF8D81481F82F00DFF8D004C078092110FB01F02B
:20632000DFF8C41408735FE0DFF8BC04C078E4B2611E884207D0DFF8B004C078401CDFF879
:20634000A814C87003E00020DFF89C14C8705A20DFF8941481F82F00DFF88C04C07809211D
:2063600010FB01F0DFF8801408733DE00020DFF8301548700020DFF8281508705A20DFF82D
:20638000681481F82F00DFF86004007BDFF8F41608700320DFF8501481F82E0022E20020A1
:2063A000DFF8FC1448700020DFF8F41408700520DFF8341481F82E000020DFF82C14C8706D
:2063C0000020DFF8241408735A20DFF81C1481F82F0000F015FA05E20020DFF8C41448707D
:2063E0000020DFF8BC1408700020DFF8B41448700020DFF8AC1408700922DFF8EC03C1788E
:20640000DFF8E403007B04F0EDFCEBE1DFF8D80390F82E00032840F0A480DFF884040078DC
:20642000002800F08280DFF80C090068DFF8541609784FF4B27251430844407C8146DFF88B
:206440006004407801280AD0082843D0102842D020283FD0402843D080281ED057E0DFF81A
:206460008803407B002807D0DFF87C03407B401EDFF87413487304E0B9F10100DFF868136E
:206480004873D948407B092190FBF1F0D64908715A20D54981F82F0041E0D348407B5FFAA7
:2064A00089F9B9F10101884205D0CF48407B401CCD49487302E00020CB494873CA48407B72
:2064C000092190FBF1F0C84908715A20C64981F82F0024E023E00420C34981F82E001EE08F
:2064E0000020DFF8BC1348700020DFF8B41308700220BD4981F82E000020BB49087100205C
:20650000B94948735A20B84981F82F006AE10020DFF88C1348700020DFF8841308700020DC
:20652000DF4948700020DE49087006F024FA09200190DFF8500A0090DFF8F8070068DFF818
:20654000441509784FF4B272514300EB0103A6480279A548417BDFF82C05007804F094FC61
:2065600040E1A14890F82E00042840F0FD80DFF8C4070068DFF80C1509784FF4B272514304
:2065800008449949497B1C2251430844007DDFF8F8190870944800785A2815D05A209249FE
:2065A0000870DFF8E0090500DFF8DC09007805EB40052888DFF8D419088000208A498A4A72
:2065C00092F82E201144C87406F0D5F9DFF864070068DFF8B01409784FF4B2725143084481
:2065E0008149497B1C2251430844C06A002815D0DFF89839DFF83C070068DFF8881409789A
:206600004FF4B272514300EB01027748417BDFF87404007804F0EFFC07001AE0DFF86C0923
:206620000090DFF810070068DFF8581409784FF4B272514300EB0103DFF854296A486A490D
:2066400091F82E100844C17C6748407B04F094FD0700FFB25A2F12D10320634981F82E0061
:2066600000206149087000205F495F4A92F82E201144C8740020DFF814190880B2E0FFB20F
:20668000A52F6AD1DFF8AC060068DFF8F81309784FF4B272514308445349497B1C2251431E
:2066A0000844408CDFF8E4180988884212D2DFF884060068DFF8CC1309784FF4B2725143B5
:2066C00008444949497B1C2251430844408CDFF8BC180880DFF8B4080088DFF8581609682A
:2066E000DFF8A02312784FF4B2735A4311443E4A527B1C235A431144098C884212D2DFF87C
:2067000034060068DFF87C1309784FF4B272514308443549497B1C2251430844008CDFF8E6
:206720006C180880DFF85C080500DFF85C08007805EB4005DFF854080088288003202A492C
:2067400081F82E0000202849087000202649264A92F82E201144C87444E02348224991F89E
:206760002E100844C7743DE01F4890F82E00052838D100F045F880465FFA88F8B8F15A0F06
:206780000ED14AF25A50DFF804130880FDF7F6FCDFF8980500680068DFF89015086021E0AF
:2067A0005FFA88F8B8F1A50F1CD1DFF8E8270021012005F0C7FD0021012008F05DF906F04F
:2067C000DAF8642005F001FA4AF25A50DFF8BC120880FDF7D3FCDFF8540500680068DFF8C6
:2067E0004C150860BDE8F783586A0020606C0020186B00205F6E0020F06B00202C7D020825
:2068000070B5032000F04EF8DFF824150870DFF8200500785A280BD15A20DFF8781281F84C
:206820002F000020DFF86C1281F82E005A202CE0DFF8FC040078FF2801D1002025E045F6DF
:20684000A520DFF848120880DFF8E4040078DFF83C128870DFF82C0706005A2005002900AE
:20686000C9B2300007F000FBDFF82012A1F86800DFF8BC040178012008F07AFF0400E4B235
:20688000012C01D1A52000E05A2070BDB47E0208B46700202C6D0020107F0208147F020847
:2068A000586D00207FB5040003F0C0FB00200500EDB2202D06DA0020DFF89C19EDB2485534
:2068C0006D1CF5E7E4B2012C06D1DFF890290021022005F037FD19E0E4B2022C06D1DFF852
:2068E00080290021022005F02DFD0FE0E4B2032C06D1DFF870290021022005F023FD05E055
:20690000DFF864290021022005F01CFD614800785A280FD0DFF8540900788DF80C000120E2
:206920005C495C4A92F82E201144C8745A205949087003E05748808B8DF80C0003A80290B4
:2069400010200190DFF84806009001235148514991F82E100844C27C0C210220FDF73DFE9B
:206960000600F6B25A2E1CD100204A4908705A20484981F82F0000204649464A92F82E20FF
:206980001144C87400200500EDB2052D07DA00204049EDB201EB450188836D1CF4E75A202C
:2069A0003BE0F6B2A52E29D100203A4908705A20384981F82F0000203649364A92F82E2092
:2069C0001144C87400200500EDB2052D07DA00203049EDB201EB450188836D1CF4E79DF8E1
:2069E0000C00002807D0DFF888280021012005F0A9FC5A2011E09DF80C000EE02548254954
:206A000091F82E100844C6749DF80C0021498883FF208DF80C009DF80C0004B070BD70B5BC
:206A20000400002005002800451CC0B2032811DA16488470154808F098FF144808F0D8FDB5
:206A4000002807D100200600F6B2FF2E01D0761CFAE7E8E7EDB2032D0CDB4AF25A500B4938
:206A60000880FDF78BFBDFF8C40200680068DFF8BC12086070BD0000606B0020906B002067
:206A8000306D0020796E0020286E0020E8650020616E0020586A002080B5DFF8340C00886A
:206AA000642822DB0020DFF82C1C08700020DFF8201C08800020DFF8201C0880FDF75EFBD3
:206AC0002020DFF8181C8870DFF8140C97490860DFF8080C4078DFF8041CC870DFF8FC0B84
:206AE000C078DFF8001C08801FE1DFF8FC0B0078002840F0E580DFF8E40B8078202822D0D8
:206B0000DFF8D40B008800281DD10120DFF8C81B08800020DFF8BC1B0870DFF8C00B40781E
:206B2000DFF8C81B0880DFF8B40BC078DFF8B41B08800320DFF8B01B08700E2004F04BFF6E
:206B400005F0F3FD11E0DFF8940B807820280BD00320DFF8941B08700120DFF87C1B088096
:206B60000E2004F038FF00E0DFE005F0DEFDDFF86C0B4078DFF86C1B098880B2884231D05B
:206B8000DFF86C0BDFF8541BDFF8582B1288120111440A31102208F02DFFDFF8480B0088C2
:206BA000401C232190FBF1F201FB1200DFF8341B0880DFF8200B0078022190FBF1F201FB04
:206BC00012000200D2B2DFF8281BDFF8080B007880B200F0E1F9DFF8FC0A0078401CDFF81D
:206BE000F41A0870DFF8F40A4078DFF8F81A098880B2884231D0DFF8F80ADFF8E01ADFF88A
:206C0000E42A1288120111440A31102208F0F2FEDFF8D00A0088401C232190FBF1F201FBCC
:206C20001200DFF8C01A0880DFF8A80A0078022190FBF1F201FB12000200D2B2DFF8B01A42
:206C4000DFF8900A007880B200F0A6F9DFF8840A0078401CDFF87C1A0870DFF8800A407853
:206C6000DFF8801A098880B2884229D1DFF8600A0088401CDFF8581A08800020DFF8541AC1
:206C80000870DFF8580AC078DFF8581A0880DFF85C0A0088DFF8441A497889B288420FD09B
:206CA0000020DFF82C1A0880DFF8400A0088401C232190FBF1F201FB1200DFF8301A0880A1
:206CC000DFF89C0C007800282FD0DFF8940C4078102802D0402809D01FE00020DFF8801C8A
:206CE00048700020DFF8781C08701EE00020DFF8701C48700020DFF8681C08700020DFF8B6
:206D0000641C08706420DFF8C8190880FDF736FADFF8CC090549086007E00020DFF8401CF7
:206D200048700020DFF8381C087001BD786D0020706E0020386D002070B5DFF82C0C90F896
:206D40002E00002861D103F071F9002009F0A5F8DFF8181C0880DFF8140C0088002811D17C
:206D600005F0E3FCDFF8082C0421022005F0EAFAFDF704FADFF8540900680068DFF84C19E2
:206D80000860FEE0DFF8E40B0078C00702D40220060001E001200600DFF8D00B0088801BCD
:206DA000DFF8D01B0880DFF8C40B0088801B0500002004002000C0B2310080B289B288429D
:206DC00018D22800DFF8A41B098880B2884211D20022DFF81C19280080B209F074F822008C
:206DE000D2B2DFF80C19280080B200F0D5F86D1C641CDFE70120DFF8701B81F82E00DFF82C
:206E00006C0B0088DFF86C1B0880DFF8540B0078002800F0B6805A20DFF84C1B81F82F0031
:206E2000DFF83C0B4078012836D0082805D0202832D0402850D0802860D1DFF8380B0088FB
:206E4000DFF8281B0988884210D1DFF8200B0088022804DB0220DFF81C1B08801BE0DFF8BF
:206E60000C0B0088DFF80C1B088014E0DFF8040B0088801CDFF8FC1A0880DFF8F80A008819
:206E8000DFF8E81A0988884205D3DFF8E00A0088DFF8E01A088039E0DFF8D80A0078C00733
:206EA00007D5DFF8D00A0088401EDFF8C81A088006E0DFF8C00A0088801EDFF8B81A088040
:206EC000DFF8B00A0088002805D1DFF8A00A0088DFF8A01A088019E00020DFF8841A487033
:206EE0000020DFF87C1A0870FDF748F9DFF8DC0700680068DFF8D417086042E00020DFF88B
:206F0000601A48700020DFF8581A08700020DFF8501A48700020DFF8481A087003F086F803
:206F2000DFF8500A0078C00702D40220060001E001200600DFF83C0A0088801B0500002076
:206F400004002000C0B2310080B289B2884218D22800DFF8181A098880B2884211D2002286
:206F6000DFF88C17280080B208F0ADFF2200D2B2DFF87C17280080B200F00EF86D1C641C30
:206F8000DFE770BDEC6500207A6E00202A6E002000000020BC7A02082DE9FE4F04000D00F9
:206FA0001600002081465FFA89F9B9F1140F08DA0020A9495FFA89F901F8090019F1010947
:206FC000F1E7E87B10F50050ADF80800687B0190A87B0090BDF80830A4B2621CDFF8A01BFA
:206FE0009D4808F0F1FF9C4A0021F6B2B000C0B205F0A8F9002081465FFA89F9B9F1140FCE
:2070000008DA002094495FFA89F901F8090019F10109F1E728890190A87A0090EB7A2A7BCA
:20702000DFF8601B8C4808F0CFFF8B4A0021F6B2B000401CC0B205F085F905F09CFC002028
:2070400081465FFA89F9B9F1200F08DA002082495FFA89F901F8090019F10109F1E70020FF
:2070600080464046DFF8201B0978C0B2884220D2A878DFF8181B09685FFA88F8142202FB5C
:2070800008F2895C884211D1DFF8000B00685FFA88F8142101FB08F10844421C0021F6B2A5
:2070A000B000801CC0B205F04DF902E018F10108D7E705F060FC002081465FFA89F9B9F168
:2070C000100F08DA002064495FFA89F901F8090019F10109F1E7E878012840F0BB80002005
:2070E00080465FFA88F805EB8800C08882461FFA8AFA42F2107082452FDBD3461FFA8AFA91
:2071000064209AFBF0FA1FFA8BFB64209BFBF0F100FB11BBDFF8781A504680B206F0CEFC1A
:207120002E204D49C8711FFA8BFB0A209BFBF0F082465046C0B206F02BFC474908721FFAE3
:207140008BFB0A209BFBF0F100FB11BB5846C0B206F01EFC404948721CE01FFA8AFA6420C1
:207160009AFBF0F08346DFF8281A5846C0B206F018FC2E20384988711FFA8AFA64209AFB20
:20718000F0F100FB11A08346DFF8081A5846C0B206F007FC5FFA88F805EB880000790700C6
:2071A000002081464846DFF8F0190978C0B288422FD23800DFF8E4195FFA89F9062202FBB0
:2071C00009F2895CC0B2884220D10422DFF8CC095FFA89F9062101FB09F10844411C1E48C9
:2071E00006F054FB0222DFF8B809DFF8B0195FFA89F9062303FB09F3194491F9051000EB09
:207200004101DFF8A00906F041FB02E019F10109C8E7114A0021F6B2B000C01CC0B205F0BE
:2072200091F85FFA88F805EB88004079002811D0DFF874095FFA88F805EB88014979052223
:20724000514300EB01021021F6B2B000C01CC0B205F078F8BDE8F78FB4670020F07C020894
:20726000FC7C0208087D0208147D0208506D0020AC7A020870B5DFF8F00690F82E00002885
:207280006CD102F0D3FE012008F007FEDFF81C190880DFF818090088002811D105F045FA7E
:2072A000DFF80C290421022005F04CF8FCF766FFDFF8180400680068DFF81014086020E1C3
:2072C000DFF8E8080088032190FBF1F201FB1200002809D0DFF8D4080088032190FBF1F2F1
:2072E00001FB1200040001E003200400DFF8BC080088DFF8C0180880DFF8B0080088001BE8
:207300000500002006003000C0B2210080B289B2884218D22800DFF89418098880B2884226
:2073200011D20122DFF89018280080B208F0CBFD3200D2B2DFF88018280080B200F0E2F865
:207340006D1C761CDFE70120DFF81C1681F82E00DFF858080088DFF85C180880DFF800060C
:207360000078002800F0CD805A20DFF8FC1581F82F00DFF8EC054078012836D0082805D072
:20738000202832D040285DD080286BD1DFF824080088DFF818180988884210D1DFF8140869
:2073A0000088032804DB0320DFF8081808801BE0DFF8F8070088DFF8FC17088014E0DFF803
:2073C000F4070088C01CDFF8EC170880DFF8E4070088DFF8D8170988884205D3DFF8CC07FF
:2073E0000088DFF8D017088044E0DFF8C8070088032190FBF1F201FB120000280FD0DFF8EF
:20740000B40700880321DFF8AC271288121A90FBF1F001FB0020DFF89C17088006E0DFF83E
:2074200094070088C01EDFF88C170880DFF884070088002805D1DFF874070088DFF8741725
:20744000088017E00020DFF8181548700020DFF810150870FCF792FE9C48006800689B4922
:2074600008604EE00020DFF8F81448700020DFF8F01408700020DFF8E81448700020DFF8A6
:20748000E014087002F0D2FDDFF828070088032190FBF1F201FB1200002809D0DFF814079E
:2074A0000088032190FBF1F201FB1200040001E003200400DFF8FC060088001B05000020F7
:2074C00006003000C0B2210080B289B2884218D22800DFF8D816098880B2884211D2012242
:2074E000DFF8D416280080B208F0EDFC3200D2B2DFF8C416280080B200F004F86D1C761CC8
:20750000DFE770BD2DE9FC4704000D001600002080465FFA88F8B8F1140F09DA0020DFF893
:20752000BC1C5FFA88F801F8080018F10108F0E7687A10F500508146E8790190287A00908E
:207540001FFA89F94B46A4B2621CDFF83416DFF88C0C08F039FDDFF8842C0021032016FB91
:2075600000F0C0B204F0EEFE002080465FFA88F8B8F1140F09DA0020DFF8601C5FFA88F80F
:2075800001F8080018F10108F0E768880190287900906B79AA79DFF8EC15DFF8400C08F055
:2075A00013FDDFF8382C0021F6B2032000FB06F0401CC0B204F0C6FE00200700FFB2102F06
:2075C00006DA0020DFF8141CFFB2C8557F1CF5E768780F282ADA002007003800DFF8001CF2
:2075E0000978C0B2884221D26878DFF8F81B0968FFB2112202FB07F2895C884214D1DFF85B
:20760000E40B0068FFB2112101FB07F10844401C824652460121F6B2032000FB06F0801CBA
:20762000C0B204F08FFE01E07F1CD6E7687840282CDB6878802829DA002007003800DFF80E
:2076400048150978C0B2884220D26878DFF83C150968FFB2142202FB07F21144497C8842E4
:2076600012D1DFF828050068FFB2142101FB07F10844421C0021F6B2032000FB06F0801CBE
:20768000C0B204F05FFE01E07F1CD7E72878FF280BD1DFF8542B1021F6B2032000FB06F007
:2076A000801CC0B204F04EFE0DE0287800280AD1DFF8382B1021F6B2032000FB06F0801C29
:2076C000C0B204F03FFEBDE8F3870000786D0020026E00207B6E0020006E0020E059002063
:2076E00020790208066E0020666E0020046E0020E06B002070B59C4890F82E0000286CD13E
:2077000002F094FC022008F0C8FBDFF8E41A0880DFF8DC0A0088002811D105F006F8DFF894
:20772000D42A0421022004F00DFEFCF727FDDFF8C80A00680068DFF8C01A08600FE1DFF895
:20774000B00A0088032190FBF1F201FB1200002809D0DFF89C0A0088032190FBF1F201FBB3
:207760001200040001E003200400DFF8840A0088001BDFF840140880DFF8740A0088001B38
:207780000500002006003000C0B2210080B289B2884218D22800DFF8581A098880B28842DC
:2077A00011D20222DFF81014280080B208F08BFB3200D2B2DFF80014280080B200F0DCF830
:2077C0006D1C761CDFE70120674981F82E00DFF8200A0088DFF8DC13088061480078002830
:2077E00000F0BD805A20604981F82F005C484078012835D0082805D0202831D0402858D029
:20780000802866D1DFF8AC030088DFF8E4190988884211D1DFF89C030088032804DB03203F
:20782000DFF8901308801AE0DFF8C4090088401EDFF88013088012E0DFF878030088C01C28
:20784000DFF870130880DB480088DFF8A4190988884204D3DFF898090088D64908803EE010
:20786000D448008803281ADBD2480088032190FBF1F201FB120000280CD0CE48008803213C
:20788000CC4A1288121A90FBF1F001FB0020C949088004E0C7480088C01EC6490880C548ED
:2078A0000088002804D1DFF848090088C149088015E000202A494870002029490870FCF7C4
:2078C0005DFCDFF8340900680068DFF82C19086045E000202249487000202149087000205D
:2078E0001F49487000201E49087002F09FFBB1480088032190FBF1F201FB1200002808D0BC
:20790000AC480088032190FBF1F201FB1200040001E003200400A7480088001B0500002088
:2079200006003000C0B2210080B289B2884216D22800DFF8BC18098880B288420FD20222FA
:207940009D49280080B208F0BEFA3200D2B29A49280080B200F010F86D1C761CE1E770BD3C
:20796000586D0020696E0020586A0020146E0020F47B0208106E00202DE9F04383B0040010
:207980000D001600002080465FFA88F8B8F1140F09DA0020DFF844185FFA88F801F8080029
:2079A00018F10108F0E7687A10F500508146E8790190287A00901FFA89F94B46A4B2621CBC
:2079C0006F49DFF8180808F0FFFADFF810280021032016FB00F0C0B204F0B4FC00208046B7
:2079E0005FFA88F8B8F1140F09DA0020DFF8EC175FFA88F801F8080018F10108F0E7688852
:207A00000190287900906B79AA795E49DFF8CC0708F0DAFADFF8C4270021F6B2032000FBD7
:207A200006F0401CC0B204F08DFC00200700FFB2102F06DA0020DFF8A417FFB2C8557F1CF3
:207A4000F5E7687801280BD1DFF8B0270121F6B2032000FB06F0801CC0B204F073FC73E015
:207A600068780A280BD1DFF898270121F6B2032000FB06F0801CC0B204F064FC64E068781E
:207A80000B280BD1DFF87C270121F6B2032000FB06F0801CC0B204F055FC55E068780C28E3
:207AA0000BD1DFF864270121F6B2032000FB06F0801CC0B204F046FC46E068780D280BD14F
:207AC000DFF848270121F6B2032000FB06F0801CC0B204F037FC37E068780E280BD1DFF86D
:207AE00030270121F6B2032000FB06F0801CC0B204F028FC28E068780F280BD1DFF814271E
:207B00000121F6B2032000FB06F0801CC0B204F019FC19E0687809280BD1DFF8FC2601216F
:207B2000F6B2032000FB06F0801CC0B204F00AFC0AE0DFF8E8260121F6B2032000FB06F0D4
:207B4000801CC0B204F0FEFB287800280BD0DFF8D0261021F6B2032000FB06F0801CC0B2BF
:207B600004F0F0FB0AE0DFF8BC261021F6B2032000FB06F0801CC0B204F0E4FBBDE8F78396
:207B80000C770208407602085D6E0020246D0020B8670020BB6700206AFA00086071020834
:207BA000CC770208BE67002044000020126E0020007C02080E6E00204C6C0020F0B585B05B
:207BC000DFF8640690F82E00002822D10020FDF73AF80400E4B25A2C09D1FCF7CFFADFF8C0
:207BE000180600680068DFF810160860F4E2E4B2A52C0DD10020DFF8301608760120DFF864
:207C00002816C8750120DFF8201681F82E0000E0E2E2DFF8140690F82E00012840F0DC8212
:207C2000DFF8040600785A2800F07F8002F0FEF95A20DFF8F415087000200700FFB2202F98
:207C400006DA0020DFF89415FFB2C8557F1CF5E7002006000E22DFF8D415DFF8800505F0F8
:207C600015FEDFF8CC05C07910F5005080B206F06DF80500DFF86415280080B205F05AFF31
:207C8000DFF8B015DFF8A805807905F0F4FEDFF8A815DFF89C05407905F0EDFE0C22DFF83A
:207CA0009C15DFF89C0505F0F1FDDFF89415DFF88005007905F0DFFEDFF88815DFF87005D1
:207CC000C07805F0D8FEDFF88015DFF86405807805F0D1FEDFF804250121012004F032FBD5
:207CE000DFF85C250221022004F02CFBDFF83805007E0F210123DFF8E424DFF82CC59CF8AB
:207D000018C012F80C20D2B290FBF1FC01FB1C00DFF81415C97D0918C9B2DFF80C05C07D3A
:207D2000C0B24000C0B204F037F904F024FEDFF81C050078002800F04F8204F01CFEDFF8A7
:207D400010050078002800F04782DFF80405407801280DD0082800F09F80102800F0F4803C
:207D6000202841D0402800F0EE8180281ED0FAE1DFF86804DFF8B014097E4056392807D13E
:207D80003020DFF85814DFF8A024127E88540CE0DFF84804DFF89014097E405C401CDFF869
:207DA0003C14DFF88424127E8854E4E1DFF82C04DFF87414097E4056302807D13920DFF8E0
:207DC0001C14DFF86424127E88540CE0DFF80C04DFF85414097E405C401EDFF80014DFF853
:207DE0004824127E8854C6E1DFF83C04007E002808D11820DFF8301408760220DFF8281468
:207E0000C875B8E1DFF82004007E401EDFF818140876DFF81404007E042833DBDFF80804AA
:207E2000007E0F2811DBDFF80004007E022190FBF1F201FB1200002824D1DFF8EC03007E48
:207E4000801EDFF8E41308761CE0DFF8DC03007E0E2806D1DFF8D003007E401EDFF8C813C3
:207E60000876DFF8C403007E022190FBF1F201FB1200002806D0DFF8B003007E801EDFF84E
:207E8000A8130876DFF8A003007E0E2803DA0120DFF89413C8756EE1DFF88C03007E18284F
:207EA00008DB0120DFF88013C8750020DFF87813087660E1DFF87003007E401CDFF8681360
:207EC0000876DFF86403007E042833DBDFF85803007E0F2811DBDFF85003007E022190FB05
:207EE000F1F201FB1200002824D0DFF83C03007E801CDFF8341308761CE0DFF82C03007E29
:207F0000022190FBF1F201FB1200002806D1DFF81803007E801CDFF810130876DFF808035D
:207F2000007E0E2806D1DFF80003007E401CDFF8F8120876DFF8F002007E0F2803DB022025
:207F4000DFF8E412C87516E10020DFF8041348700020DFF8FC120870002006009F4890F947
:207F60000100302801D0FF2006009C48C0780100C9B29A488078C0B205F082FE8DF80700CD
:207F80009648C0790100C9B294488079C0B205F077FE8DF806009148C07A0100C9B28F48AC
:207FA000807AC0B205F06CFE8DF805008B48007C0100C9B28948C07BC0B205F061FE8DF84A
:207FC00004008648007D0100C9B28448C07CC0B205F056FE8DF803008048007E0100C9B2C9
:207FE0007E48C07DC0B205F04BFE8DF802009DF80600002803D09DF806000D2801DBFF20E6
:2080000006009DF80500002848D09DF80500202844DA9DF8060004280BD09DF80600062815
:2080200007D09DF80600092803D09DF806000B2806D19DF805001F2802D1FF2006002FE03D
:208040009DF8060002282BD19DF80700042190FBF1F201FB1200002808D19DF80700642100
:2080600090FBF1F201FB1200002809D19DF807004FF4C87190FBF1F201FB1200002806D1EF
:208080009DF805001E280BDBFF20060008E09DF805001D2804DBFF20060001E0FF20060024
:2080A0009DF80400182801DBFF2006009DF803003C2801DBFF2006009DF802003C2801DB12
:2080C000FF20060004F057FC9DF8070010F5FA6080B205F095FE050028008DF80F009DF829
:2080E000060005F06EFE8DF80E009DF8050005F068FE8DF80D009DF8040005F062FE8DF88C
:208100000C009DF8030005F05CFE8DF80B009DF8020005F056FE8DF80A00F6B2002E02D1C4
:2081200002A808F0B2F9DFF8080108F035F90020DFF8FC100880FCF721F82F48006800680E
:208140002D49086048E00020DFF8041148700020DFF8FC100870FCF711F82748006800689F
:208160002549086038E00020DFF8E41048700020DFF8DC1008700020DFF8D4104870002060
:20818000DFF8CC100870154A0121012004F0DAF8DFF8AC200221022004F0D4F8DFF8880045
:2081A000007E0F2101230D4ADFF87CC09CF818C012F80C20D2B290FBF1FC01FB1C00DFF8F6
:2081C0006810C97D0918C9B2DFF85C00C07DC0B24000C0B203F0E0FE05B0F0BDB467002043
:2081E0005E6E0020286D0020A47E0208AC7E02082C6E00200C7C0208786D00208C7902081E
:20820000187C02089C790208247C0208307C0208AC790208BC7902083C7C0208487C020843
:20822000547E02085C7E0208586A00202C7B0208786C0020BA670020BE670020D07802080F
:20824000C3670020C7670020CB670020676E0020586D00202DE9F04182B0DFF8F40790F887
:208260002E00002840F08981DFF8E40790F82F005A281ED104F059FA0020DFF8D41781F8E2
:208280002F00DFF8D0070079DFF8CC170871DFF8C4074079DFF8C0174871DFF8B807807904
:2082A000DFF8B4178871DFF8AC07C078DFF8A817C87000200700FFB2202F06DA2020DFF875
:2082C0008C17FFB2C8557F1CF5E7DFF88017DFF88807007905F0CFFB4820DFF870178870EC
:2082E000DFF868270B21002004F02CF8DFF868074079002805D0022811D009D3032815D0C1
:208300001AE0DFF858270B21012004F01BF813E0DFF84C270B21012004F014F80CE0DFF86C
:2083200044270B21012004F00DF805E0DFF838270B21012004F006F8DFF81C07C0780228D6
:2083400002D0032807D00CE0DFF820270A21022003F0F8FF05E0DFF8D02C0A21022003F010
:20836000F1FFDFF8F4068079002806D0DFF800270A21032003F0E6FF05E0DFF8B02C0A215E
:20838000032003F0DFFFDFF8EC060078002800F08B80DFF8E0064078012806D0102827D0E2
:2083A000402861D0802812D06EE0DFF8A4064078002804D10320DFF89816487006E0DFF8F9
:2083C00090064078401EDFF88816487064E0DFF880064078401CDFF878164870DFF87006A5
:2083E0004078042803DB0020DFF86416487053E00020DFF8801648700020DFF8781608701D
:20840000DFF84C064078002807D10120DFF8401681F82E0000F045F925E0DFF8340640788A
:20842000012807D10220DFF8281681F82E0000F0C3F918E0DFF818064078022807D10320E7
:20844000DFF80C1681F82E0000F035FA0BE0DFF800064078032806D10420DFF8F41581F85E
:208460002E0000F08AFA17E00020DFF8081648700020DFF800160870FBF780FE0520DFF8A5
:20848000D01581F82E0007E00020DFF8E81548700020DFF8E01508700020DFF8D8154870BD
:2084A0000020DFF8D0150870DFF8A4054078002802D15FF0010801E05FF00008DFF8700B53
:2084C00008F006F85FFA88F8CDF80080DFF8603B0200D2B20021002003F0A8FFDFF8700569
:2084E0004078012802D15FF0010801E05FF00008DFF8400B07F0ECFF02005FFA88F8CDF894
:208500000080DFF8303BD2B20021012003F08EFFDFF83C054078022802D15FF0010801E04D
:208520005FF00008DFF8100B07F0D2FF5FFA88F8CDF80080DFF8003B0200D2B20021022031
:2085400003F074FFDFF808054078032802D15FF0010801E05FF00008DFF8E00A07F0B8FF1C
:208560005FFA88F8CDF80080DFF8D03A0200D2B20021032003F05AFF91E0DFF8D40490F83E
:208580002E00012802D100F08CF888E0DFF8C00490F82E00022802D100F00EF97FE0DFF85A
:2085A000B00490F82E00032802D100F084F976E0DFF89C0490F82E00042802D100F0DDF99E
:2085C0006DE0DFF88C0490F82E00052867D1DFF888040500DFF87C04060000200700FFB22F
:2085E0000C2F12D22800451C31004E1C00780978884204D00120DFF8481A087005E00020CA
:20860000DFF83C1A08707F1CE9E7DFF8340A007800283AD00220FCF716FB0400E4B25A2C45
:2086200009D1FBF7ABFDDFF8200400680068DFF81814086033E0E4B2A52C25D10020DFF829
:20864000001A08705A20DFF8081481F82F00082006F0A4FD0022DFF8FC034179DFF8440BDC
:2086600007F0C0FF00210F2006F006FA04F05DF8DFF8342B0021012003F09EFE0520DFF8B2
:20868000D01381F82E000AE009E0FBF777FDDFF8B80300680068DFF8B0130860FFE7BDE828
:2086A000F38130B585B0DFF8A80300785A2812D0DFF8A00300798DF80C000020DFF89013B0
:2086C000DFF88C2392F82E201144C8745A20DFF88013087004E0DFF87803808B8DF80C007D
:2086E00003A8029000200190DFF8C00A00900123DFF85C03DFF8581391F82E100844C27C6E
:208700000B210020FBF769FF0500EDB25A2D1FD10020DFF83C13DFF8382392F82E201144F3
:20872000C8740020DFF8281381F82E000020DFF82013087000200400E4B2052C3ADA002063
:20874000DFF80C13E4B201EB44018883641CF3E7EDB2A52D24D10020DFF8F412DFF8F022AB
:2087600092F82E201144C8740020DFF8E41281F82E000020DFF8D812087000200400E4B2E9
:20878000052C08DA0020DFF8C812E4B201EB44018883641CF3E79DF80C00AF49087109E0CE
:2087A000AB48AB4991F82E100844C5749DF80C00A749888305B030BD80B5A54800785A282C
:2087C00006D0A4484079A24988705A20A0490870A848007800284CD0A6484078012806D00F
:2087E000102820D040282AD080280ED035E098488078002803D103209549887004E09448C7
:208800008078401E924988702DE091488078032803DB00208E49887004E08D488078401C4C
:208820008B4988701FE08A4880788B4948710020874981F82E0000208549087013E0002006
:208840008C49487000208B490870FBF797FC7E48006800687C4908602CE000208549487025
:2088600000208449087000208249487000208149087077488078002805D002280FD008D3F6
:20888000032812D016E0754A0B21012003F094FD10E0734A0B21012003F08EFD0AE0714A28
:2088A0000B21012003F088FD04E06F4A0B21012003F082FD01BD80B5654800785A2806D027
:2088C0006448C078624988705A20614908706948007800283DD067484078012806D0102879
:2088E0000CD0402815D0802804D022E002205849887026E002205649887022E00220564994
:20890000C8700020524981F82E0000205049087017E00020DFF8981848700020DFF8901897
:208920000870FBF72BFC4848006800684649086022E00020DFF8781848700020DFF870188F
:2089400008700020DFF8681848700020DFF8601808703F488078022802D0032806D00BE022
:20896000424A0A21022003F027FD05E0DFF8B8260A21022003F020FD01BD80B53448007829
:208980005A2806D033488079314988705A2030490870DFF81C080078002842D0DFF8100892
:2089A0004078012805D010280FD0402819D0802827D127488078002803D000202449887012
:2089C00002E001202249887023E0214880782249887100201E4981F82E0000201C4908703E
:2089E00017E00020DFF8C81748700020DFF8C0170870FBF7C3FB144800680068124908600D
:208A00001FE00020DFF8A81748700020DFF8A01708700020DFF8981748700020DFF89017C7
:208A200008700B488078002805D0114A0A21032003F0C2FC05E0DFF8F4250A21032003F006
:208A4000BBFC01BD00000000786D0020B4670020586A0020346C0020406C0020BC7E0208AF
:208A6000C47E0208CC7E0208D47E0208DC7E0208F47E0208586D002038B5DFF8080C90F8D5
:208A80002E00002820D10320FCF7DDF80400E4B25A2C0BD10020DFF8F01B0870FBF76EFBD3
:208AA000DFF8E80BDFF8381D0860BBE2E4B2A52C09D10120DFF8CC1B81F82E000020DFF8FD
:208AC000D01B087000E0ADE2DFF8B80B90F82E00012840F09482DFF8AC0B90F82F005A283E
:208AE00020D103F022FE0020DFF8981B48700020DFF8901B88720020DFF8881B81F82F0032
:208B0000DFF8900BC078DFF8201CC870DFF8840B8078DFF8141C8870DFF8780B0079DFF859
:208B2000081C087103F027FFDFF86C2B0221002003F008FCDFF8F40B0078002811D15A2005
:208B4000DFF8401B81F82F000020DFF83C1B087003F0EBFDFBF712FBDFF8300BDFF8801C16
:208B60000860DFF84C060078002800F00A81DFF84006407801280ED0082800F0B7801028DE
:208B800000F0B580202800F0B180402800F0D580802856D0E1E0DFF8F80A007800283ED084
:208BA000DFF8E00A807A002811D1DFF87C0BC078022804DB0020DFF8701BC87040E0DFF8A0
:208BC000680BC078401CDFF8601BC87038E0DFF8B40A807A01280ED1DFF84C0B8078002807
:208BE00004D00020DFF8401B887029E00120DFF8381B887024E0DFF88C0A807A02281FD186
:208C0000DFF8240B0079002804D00020DFF8181B087115E00120DFF8101B087110E0DFF8DE
:208C2000640A807A002807D0DFF8580A807A401EDFF8501A887203E00220DFF8481A8872C9
:208C400093E0DFF84C0A007800283ED0DFF8340A807A002811D1DFF8D00AC078022804DBBB
:208C60000020DFF8C41AC8703FE0DFF8BC0AC078401CDFF8B41AC87037E0DFF8080A807AC0
:208C800001280ED1DFF8A00A8078002804D00020DFF8941A887028E00120DFF88C1A88701C
:208CA00023E0DFF8E009807A02281ED1DFF8780A0079002804D00020DFF86C1A087114E026
:208CC0000120DFF8641A08710FE0DFF8B809807A401CDFF8B0198872DFF8A809807A032881
:208CE00003DB0020DFF89C1988723EE03DE00020DFF8BC1448700020DFF8B4140870DFF828
:208D000090090078002813D00020DFF884190870012006F043FADFF8CC2A0021072003F0CF
:208D200011FBDFF8C42A0021082003F00BFBFEE70120DFF85C19087017E00020DFF87014E4
:208D400048700020DFF868140870FBF717FA0720DFF8301981F82E0064E10020DFF85014DF
:208D600048700020DFF8481408703C20DFF8BC1908700020DFF8381448700020DFF83014BA
:208D80000870DFF80009807A002801D1012500E00025DFF8800B07F09BFBEDB20095DFF862
:208DA000743B0200D2B20021012003F03FFBDFF8D408807A012801D1012500E00025DFF865
:208DC000580B07F085FB0200EDB20095DFF8483BD2B20021022003F029FBDFF8A808807ACA
:208DE000022801D1012500E00025DFF8300B07F06FFBEDB20095DFF8243B0200D2B20021C8
:208E0000032003F013FBDFF82009C078002805D002283BD01ED3032854D06FE0DFF87008E6
:208E20000078002806D0DFF85C08807A002801D1012500E00025DFF8E80A07F049FBEDB2BF
:208E40000095DFF8DC3A0200D2B20821012003F0EDFA53E0DFF838080078002806D0DFF84F
:208E60002408807A002801D1012500E00025DFF8B40A07F02DFBEDB20095DFF8A83A020004
:208E8000D2B20821012003F0D1FA37E0DFF800080078002806D0DFF8EC07807A002801D11C
:208EA000012500E00025DFF8800A07F011FBEDB20095DFF8743A0200D2B20821012003F0A7
:208EC000B5FA1BE0DFF8C8070078002806D0DFF8B407807A002801D1012500E00025DFF844
:208EE0004C0A07F0F5FAEDB20095DFF8403A0200D2B20821012003F099FAFFE7DFF828086E
:208F00008078002802D001281CD037E0DFF880070078002806D0DFF86C07807A012801D120
:208F2000012500E00025DFF8080A07F0D1FAEDB20095DFF8FC390200D2B20821022003F057
:208F400075FA1BE0DFF848070078002806D0DFF83407807A012801D1012500E00025DFF802
:208F6000D40907F0B5FAEDB20095DFF8C8390200D2B20821022003F059FAFFE7DFF8A807DF
:208F80000079002802D001281CD037E0DFF800070078002806D0DFF8EC06807A022801D11F
:208FA000012500E00025DFF8900907F091FAEDB20095DFF884390200D2B20921032003F006
:208FC00035FA2FE0DFF8C8060078002806D0DFF8B406807A022801D1012500E00025DFF8AF
:208FE000880B07F075FAEDB20095DFF87C3B0200D2B20921032003F019FA13E012E0DFF821
:20900000840690F82E0007280CD103F0B4FC0020DFF874160870FBF7B1F8DFF87006DFF8A9
:20902000C017086031BD0000E47E0208EC7E0208447D0208507D02085C7D0208687D0208AF
:20904000726E00207FB5DFF83C0690F82E0000281AD10020FBF7F7FD0500EDB25A2D09D1EF
:20906000FBF78CF8DFF8780700680068DFF87017086096E0EDB2A52D05D10120DFF80416BF
:2090800081F82E008DE08CE0DFF8F80590F82E00012840F0868000F0C9FFDFF8E805007873
:2090A0005A280BD05A20DFF8DC15087000208DF80D009DF80D008DF80C000FE000200400A1
:2090C000E4B2022C0ADADFF8BC05E4B200EB4400808B03A9E4B20855641CF1E7DFF88C2AFC
:2090E0000121012003F02EF903A8029010200190DFF8A80B00900223DFF88805DFF8841502
:2091000091F82E100844C27C05210220FBF765FA0600F6B25A2E09D1FBF730F8DFF8C0069E
:2091200000680068DFF8B81608603AE0F6B2A52E1FD100200400E4B2022C09DA03A8E4B2C1
:20914000005DDFF85C1BE4B22144C871641CF2E7082006F023F800210F2005F08DFCFBF7DE
:209160000DF8DFF87C0600680068DFF87416086017E0DFF81005DFF80C1591F82E1008440A
:20918000C67400200400E4B2022C0ADA03A8E4B2005DDFF8F014E4B201EB44018883641CFE
:2091A000F1E77FBD003801400C7902080C000020586D002030B585B0DFF8C80490F82E000F
:2091C00000286BD1DFF8BC0490F82F005A2806D103F0ABFA0020DFF8AC1481F82F0000206D
:2091E0000400E4B2202C06DA0020DFF8B81AE4B20855641CF5E7DFF8AC1ADFF8A40A807877
:2092000004F0CFFBDFF89C2A0A21012003F09AF8DFF8942A0121012003F094F8DFF88C2A3E
:209220000C21012003F08EF8DFF8840A0078002834D0DFF87C0A4078102802D0402812D0F5
:2092400023E00020DFF8681A48700020DFF8601A08700120DFF82C1481F82E000020DFF81B
:20926000241408701AE00020DFF8441A48700020DFF83C1A0870FAF781FFDFF8F4080068C6
:209280000068DFF8EC180860B6E00020DFF8201A48700020DFF8181A0870ADE0DFF8E403B8
:2092A00090F82E00012855D1DFF8D80300785A2812D0DFF8EC0980788DF80C000120DFF8CE
:2092C000C413DFF8C02392F82E201144C8745A20DFF8B013087004E0DFF8A803808B8DF812
:2092E0000C0003A8029010200190DFF8B00900900123DFF89003DFF88C1391F82E1008442D
:20930000C27C0A210120FBF768F90500EDB25A2D07D1FAF733FF0220DFF8681381F82E002F
:2093200018E0EDB2A52D0BD19DF80C00DFF870198870FAF723FF0220D24981F82E0009E00F
:20934000D048D04991F82E100844C5749DF80C00CC498883CB4890F82E0002284CD1DFF8E8
:2093600054098078DFF838198978884204D00120DFF84419087003E00020DFF83C1908705D
:20938000DFF83409007800282CD00220FBF75BFC0500EDB25A2D09D1FAF7F0FEDFF8D00720
:2093A00000680068DFF8C817086025E0EDB2A52D17D10020DFF8001908705A20B14981F8EC
:2093C0002F00082005F0EAFE03F0AFF9DFF8EC280021012002F0F0FF00210F2005F04CFB24
:2093E0000AE009E0FAF7CAFEDFF8840700680068DFF87C170860FFE705B030BDE0B5A148D7
:2094000090F82F005A280BD103F08FF900209D4981F82F00DFF8980B8078DFF8981B08709A
:20942000DFF8900B027896A1684606F0CDFD6A461021012002F086FFDFF87C2B0221012060
:2094400002F080FFDFF8742B0221032002F07AFFDFF86C2B0021042002F074FFDFF8642BF6
:209460000021052002F06EFFDFF844080078002800F07F80DFF83808407801280AD0082893
:209480001AD010282AD0202804D040283DD0802812D048E0DFF81C0B0078382807DADFF8DF
:2094A000140B0078801CDFF80C1B087003E03820DFF8001B08703FE0DFF8F80A00781128B5
:2094C00007DBDFF8F00A0078801EDFF8E81A087003E01020DFF8DC1A08702DE00020DFF816
:2094E000D01748700020DFF8C8170870DFF8C40A0078DFF8BC1A8870DFF8B40A06F06CFACC
:2095000000210F2005F0B8FA16E00020DFF8A01748700020DFF898170870FAF72FFE5B4819
:20952000AF49086025E00020DFF8841748700020DFF87C1708701CE00020DFF87417487044
:209540000020DFF86C170870DFF8680A0078DFF8601A8870302003F0A2F9812003F09FF905
:20956000DFF8500A007880B203F0C4F9042003F0C1F907BD10B5434890F82E00002819D1B3
:209580000120FBF760FB0400E4B25A2C09D1FAF7F5FDDFF8DC0500680068DFF8D4150860D0
:2095A0002AE0E4B2A52C04D10120364981F82E0000E021E0334890F82E0001281CD103F003
:2095C000B4F8002006F0ACFC002806D0DFF8F8290221012002F0B6FE05E0DFF8F029022149
:2095E000012002F0AFFEFAF7C9FDDFF8840500680068DFF87C15086010BD10B5214890F871
:209600002E00002819D10120FBF71DFB0400E4B25A2C09D1FAF7B2FDDFF854050068006845
:20962000DFF84C1508602AE0E4B2A52C04D10120144981F82E0000E021E0124890F82E002E
:2096400001281CD103F071F8012006F069FC002806D0DFF874290221012002F073FE05E01E
:20966000DFF868290221012002F06CFEFAF786FDDFF8FC0400680068DFF8F414086010BDB3
:2096800025640000586A00206A6E0020207902087C6E0020606C0020CC79020810B5DFF8E3
:2096A000300990F82E0000281AD10120FBF7CBFA0400E4B25A2C09D1FAF760FDDFF8B004FD
:2096C00000680068DFF8A81408602CE0E4B2A52C05D10120DFF8F81881F82E0000E022E0E5
:2096E000DFF8EC0890F82E0001281CD103F01DF8022006F015FC002806D0DFF8CC280021B8
:20970000012002F01FFE05E0DFF8C0280021012002F018FEFAF732FDDFF85404006800680C
:20972000DFF84C14086010BD686C0020676E002010B500F07BFCDFF89C280121012002F0D8
:2097400001FE00200400E4B2052C06DA0020DFF85415E4B20855641CF5E7DFF87C280121F3
:20976000022002F0EFFDDFF874280121032002F0E9FDDFF83015DFF86808008804F032F94F
:20978000DFF820250821042002F0DCFDDFF854280121042002F0D6FDDFF8140500780028A7
:2097A0001DD0DFF80C05407840280FD10020DFF8001548700020DFF8F8140870FAF7DEFCCA
:2097C0000748006800680649086008E00020DFF8E01448700020DFF8D8140870FFE710BD1A
:2097E000786D0020DC790208EC79020810B5DFF8E00790F82E00002820D10120FBF723FA14
:209800000400E4B25A2C07D1FAF7B8FCD84800680068D74908607CE0E4B2A52C0DD1012071
:20982000DFF8AC1781F82E000120DFF8BC1708705A20DFF89C17087000E06AE0DFF8900790
:2098400090F82E00012864D1DFF89C070078002830D00020DFF890170870DFF89007C0781E
:20986000012803D1032005F0B6FA14E0DFF87C07C078022803D1042005F0ADFA0BE0DFF81D
:209880006C07C078032803D1052005F0A4FA02E0022005F0A0FAFA2002F097F9082005F01A
:2098A0009AFAFA2002F091F905F00CFF00210E2005F0E2F800F0BAFBDFF834270321002045
:2098C00002F040FD03F057F8962002F07EF9DFF824270221012002F035FD962002F075F958
:2098E000DFF814270221022002F02CFD962002F06CF9DFF808270221032002F023FD9620D5
:2099000002F063F9DFF8F8260221042002F01AFDFEE710BD987D0208A47D0208B07D020881
:20992000BC7D0208C87D0208D47D0208E07D0208EC7D0208F87D0208047E020870B5DFF859
:20994000C4060078002806D0DFF8B8060078401EDFF8B0160870DFF8AC060078002840F0EE
:2099600001810220DFF89C16087000200400E4B2202C05DA2020CB49E4B20855641CF6E7B9
:20998000DFF884060078092190FBF1F00600DFF878060078092190FBF1F201FB12000028B7
:2099A00000D0761CDFF8280690F82E00002840F09B80DFF81C0690F82F005A280ED102F014
:2099C000B4FE0020DFF8081681F82F000020DFF8001648700020DFF8F815C870B4480078A3
:2099E000002863D0B2484078012806D0102834D040283DD0802817D04CE0DFF8D405407887
:209A0000002807D0DFF8C8054078401EDFF8C015487003E0701EDFF8B81548705A20DFF80B
:209A2000B01581F82F003BE0DFF8A4054078F6B2711E884207D0DFF898054078401CDFF82F
:209A40009015487003E00020DFF8841548705A20DFF87C1581F82F0022E00020944948703D
:209A600000209349087000F02BF909F055FA17E000208F49487000208D490870FAF77EFB97
:209A80000020DFF8881508700220DFF8441581F82E0067E00020864948700020844908706E
:209AA000002083494870002081490870DFF8200590F82F005A2806D102F037FE0020DFF876
:209AC000101581F82F00DFF848250221002002F039FCDFF8FC044078092110FB01F2D2B2D0
:209AE0000121002000F0CCFEDFF8E40490F82E00022837D10120FBF7A6F80500EDB25A2DE7
:209B00000ED1DFF81005DFF81015342205F072FFFAF734FB1648006800681549086021E0AD
:209B2000EDB2A52D1DD15A20DFF8A41481F82F00FAF724FB0E48006800680D4908600920F8
:209B400005F02CFBDFF8CC04DFF8CC14342205F051FF02F0EAFD594A0021012002F02CFC18
:209B600000E0FFE770BD0000107E02083C7B0208786D00202DE9F34F87B000208DF8000060
:209B80009DF80000032880F27F8002F0F4FE07980A2190FBF1F0C117CDE9040108980A211C
:209BA00090FBF1F0C117CDE90201DDE90401DDE90423A2FB00AB02FB01BB03FB00BB54469C
:209BC0005D46DDE90201DDE90223A2FB00AB02FB01BB03FB00BB14EB0A0455EB0B052000F7
:209BE00029006422002309F075FD04000D00012000218D4242DB01DC84423FD3DDE9040169
:209C0000DDE90223801859414EF610720023A2FB00AB02FB01BB03FB00BBD046D9464046C9
:209C200049462200D31709F055FD80468946DDE90401DDE90223801A99414EF61072002396
:209C4000A2FB00AB02FB01BB03FB00BB56465F46300039002200D31709F03CFD06000F004D
:209C60003100404603F0CEFD002807D0DFF8A403A0F82E80DFF89C03068605E09DF8000030
:209C8000401C8DF800007BE79DF80000032801DA012000E0002009B0BDE8F08F00000020C8
:209CA000406C0020B4670020747D02080C7F0208586D0020346C0020726E00200C790208D9
:209CC00010B5DFF8500340884FF4FA714843DFF84C130968B0FBF1F00400B4F5407F05D917
:209CE000B4F5056F02D2DFF82C034480C94880884FF4FA714843C9494968B0FBF1F0040004
:209D0000B4F5407F04D9B4F5056F01D2C1488480C048C0884FF4FA714843C0498968B0FBD3
:209D2000F1F00400B4F5407F04D9B4F5056F01D2B848C480B74800894FF4FA714843B74904
:209D4000C968B0FBF1F00400B4F5407F04D9B4F5056F01D2AF480481AE48408941F28E61B0
:209D60004843AE490969B0FBF1F00400B4F5407F04D9B4F5056F01D2A6484481A548808981
:209D800041F28E614843A5494969B0FBF1F00400B4F5407F04D9B4F5056F01D29D488481C7
:209DA0009C48C08941F28E6148439C498969B0FBF1F00400B4F5407F04D9B4F5056F01D22D
:209DC0009448C4819348008A42F2107148439349C969B0FBF1F00400B4F5407F04D9B4F531
:209DE000056F01D28B4804828A48408A42F2107148438A49096AB0FBF1F00400B4F5407FA9
:209E000004D9B4F5056F01D2824844828148808A42F2107148438149496AB0FBF1F00400C5
:209E2000B4F5407F04D9B4F5056F01D2794884826E48C078022811D17648C08A4FF4FA7176
:209E400048437649C968B0FBF1F00400B4F5407F04D9B4F5056F01D26E48C4826D48008B86
:209E600041F2883148436E490968B0FBF1F00400B4F5407F04D9B4F5056F01D2654804834A
:209E80006448408B41F28831484365494968B0FBF1F00400B4F5407F04D9B4F5056F01D2B0
:209EA0005C4844835B48808B41F2883148435C498968B0FBF1F00400B4F5407F04D9B4F5FE
:209EC000056F01D2534884835248008C41F28E6148435349C968B0FBF1F00400B4F5407F01
:209EE00004D9B4F5056F01D24A4804844948408C41F28E6148434A490969B0FBF1F00400DC
:209F0000B4F5407F04D9B4F5056F01D2414844844048808C41F28E61484341494969B0FB93
:209F2000F1F00400B4F5407F04D9B4F5056F01D2384884843748C08C42F2107148433849F3
:209F40008969B0FBF1F00400B4F5407F04D9B4F5056F01D22F48C4842E48008D42F21071D3
:209F600048432F49C969B0FBF1F00400B4F5407F04D9B4F5056F01D2264804852548408DB6
:209F800042F2107148432649096AB0FBF1F00400B4F5407F04D9B4F5056F01D21D484485AC
:209FA0002048016820480068FFF7E4FD10BD0000546D00207D6E0020FC790208BC780208B3
:209FC000247702083C770208807D02088C7D0208586A00200C7A02086C7902087C790208A5
:209FE000086E0020FC7E02087E6E0020606C0020AC7902081C7A02082C7A02083C7A020810
:20A000004C7A0208696E0020070501087F6E0020547C0208C06900208C6900205069002046
:20A0200014690020606D00205C6D002080B5DFF8200B90F82F005A2806D102F076FB0020E3
:20A04000DFF80C1B81F82F00DFF8080B407A5A2814D1DFF8040BC07800280FD1DFF8FC0A4C
:20A060000068800205D58AA21321002002F06AF904E088A21321002002F064F9DFF8D80ADD
:20A08000C07802280FD1DFF8D40A0068000105D57FA21321002002F055F904E07DA213219A
:20A0A000002002F04FF901BDF8B504000D0016001F00DFF8AC0A0660DFF8A40A0068DFF8DE
:20A0C000A41A884204D3DFF8A00ADFF8941A0860DFF88C0A0068DFF8941A884209D309208A
:20A0E000DFF88C1A0880DFF8840ADFF8881A086077E0DFF86C0A0068DFF87C1A884209D3F6
:20A100000820DFF86C1A0880DFF86C0ADFF8641A086066E0DFF8480A0068DFF8601A884236
:20A1200009D30720DFF8481A0880DFF8500ADFF8441A086055E0DFF8280A0068DFF8401AB6
:20A14000884209D30620DFF8281A0880DFF8300ADFF8201A086044E0DFF8040A006842F263
:20A160001071884209D30520DFF8041A088042F21070DFF8001A086033E0DFF8E4090068CA
:20A18000B0F57A7F09D30420DFF8E41908804FF47A70DFF8E019086023E0DFF8C409006851
:20A1A000642808D30320DFF8C81908806420DFF8C419086015E0DFF8A80900680A2808D343
:20A1C0000220DFF8AC1908800A20DFF8A819086007E00120DFF8981908800120DFF8941952
:20A1E00008600020DFF89C190880DFF898090088DFF87C190988884249D2DFF86409006835
:20A20000DFF870190968B0FBF1F0DFF87C19DFF87429128821F81200DFF844090068DFF8D9
:20A2200040190968DFF84C291268B1FBF2F1DFF84429126802FB1100DFF824190860DFF8E0
:20A24000340900680A21B0FBF1F0DFF8281908603B00DBB2DFF83009DFF82819098830F879
:20A26000110010F13002D2B2DFF8180900882918C9B22000C0B24000C0B201F08DFEDFF843
:20A2800004090088401CDFF8FC180880ADE7F1BD600000005E000000F0B40023140089B244
:20A2A00000EB01073E00A4B242F21077BC4205DB05273B0042F210773D001DE0A4B2B4F523
:20A2C0007A7F05DB04273B004FF47A773D0013E0A4B2642C04DB03273B0064273D000BE0FE
:20A2E000A4B20A2C04DB02273B000A273D0003E001273B0001273D009BB2002B12D0A4B2C6
:20A30000ADB294FBF5F730373770761CA4B2ADB294FBF5F705FB1744ADB20A2795FBF7F52C
:20A320005B1EE9E7F0BC7047F8B504000D0016001F00002E0CD500200090DAA301222900F6
:20A34000C9B22000C0B202F071F8F043461C09E000200090D4A301222900C9B22000C0B297
:20A3600002F064F80120DFF8041B0880DFF8FC0A008810281DDA7FF00040B0FBF7F0DFF844
:20A38000F01A0860DFF8E80A006842F2107188420FDADFF8D80A00880641DFF8D00A0088F1
:20A3A000C740DFF8C80A0088401CDFF8C01A0880DCE7B6FBF7F0DFF8BC1A0880DFF8B40AAB
:20A3C000008842F21071884204DB42F20F70DFF8A41A0880B6FBF7F007FB1060DFF8901A3C
:20A3E0000860DFF88C0A006842F210714843B0FBF7F0DFF87C1A0860DFF8740A00684FF479
:20A400007A7190FBF1F0DFF8701A08804FF47A70DFF85C1A0968DFF8582A126892FBF0F2CF
:20A4200000FB1210642190FBF1F0DFF84C1A48804FF47A70DFF8381A0968DFF8342A126893
:20A4400092FBF0F200FB1210642190FBF1F201FB1200DFF81C1A0860DFF8140A00680A2172
:20A4600090FBF1F0DFF8101A88800A20DFF8001A0968DFF8FC29126892FBF0F200FB1210D9
:20A48000DFF8F419C88002F076FA00200090DFF8F0390722691CC9B22000C0B201F0C6FF0D
:20A4A000DFF8D0090088B0F57A7F1EDB0023DFF8C4090288691C89B2200080B2FFF7F4FD83
:20A4C0000020009079A30422691DC9B22000C0B201F0ACFF0023DFF8A0090288A91D89B22D
:20A4E000200080B2FFF7E0FDD9E0DFF888090088642828DB0023DFF87C090288691C89B236
:20A50000200080B2FFF7D0FD0020009067A30422291DC9B22000C0B201F088FF0023DFF881
:20A5200058090288691D89B2200080B2FFF7BCFD0023DFF844094288A91D89B2200080B20A
:20A54000FFF7B2FDABE0DFF82C0900880A280ADB0023DFF820090288691C89B2200080B261
:20A56000FFF7A2FD09E00023DFF808090288A91C89B2200080B2FFF797FD42F2107087426F
:20A5800029D100200090DFF8FC380422E91CC9B22000C0B201F04AFF0023DFF8DC0802882C
:20A5A000291D89B2200080B2FFF77EFD0023DFF8C8084288691D89B2200080B2FFF774FD49
:20A5C0000023DFF8B4088288A91D89B2200080B2FFF76AFD63E0B7F57A7F29D10020009079
:20A5E000DFF8A0380422E91CC9B22000C0B201F01DFF0023DFF880080288291D89B22000BA
:20A6000080B2FFF751FD0023DFF86C084288691D89B2200080B2FFF747FD0023DFF85808E5
:20A620008288A91D89B2200080B2FFF73DFD36E0642F1ED1002000901CA30422E91CC9B2E0
:20A640002000C0B201F0F2FE0023DFF82C080288291D89B2200080B2FFF726FD0023DFF8E9
:20A6600018084288691D89B2200080B2FFF71CFD15E00A2F13D10020009080A30422E91CBE
:20A68000C9B22000C0B201F0D1FE0023DFF8E8070288291D89B2200080B2FFF705FDF1BD01
:20A6A000000000002D000000200000002E3030002DE9F74F86B0DFF8A004C078002816D16B
:20A6C000DFF8540ADFF8541AB02205F0A3F9DFF8480A02F02BFEDFF8400A8346DFF8400A4E
:20A6E0008046DFF8400A00788DF8000036E0DFF86804C078012816D1DFF82C0ADFF82C1AAB
:20A70000B02205F087F9DFF8200A02F00FFEDFF8180A8346DFF8180A8046DFF8180A007800
:20A720008DF800001AE0DFF83004C078022815D1DFF8040ADFF8041AC02205F06BF9DFF85B
:20A74000F80902F0F3FDDFF8F0098346DFF8F0098046DFF8F00900788DF800009DF8200065
:20A760009021484383449DF82000092110FB01F081469DF81C000400E4B20A2C7ADA4D46CC
:20A7800019F1010928009DF80010C0B2884271D2EDB2280108EB000201212000C0B201F0F7
:20A7A000D1FDEDB228014044821D0C212000C0B201F0C8FD002082465FFA8AFABAF1100FDC
:20A7C00008DA002001A95FFA8AFA01F80A001AF1010AF1E7DBF8000007001BF1040B642086
:20A7E000B7FBF0F006006420B7FBF0F100FB1170ADF80200BDF80230B6B23200DFF84819CE
:20A8000001A805F0E1FB01AA06212000C0B201F099FD1BF1080BDBF8000006001BF1040BC0
:20A82000EDB228014044C07A032821D030040AD5B6B2F643B6B23200DFF810190DF10B001F
:20A8400005F0C2FB07E0B6B23200DFF804190DF10B0005F0B9FB0DF10B020F212000C0B252
:20A8600001F070FDB7A213212000C0B201F06AFD641C81E709B0BDE8F08F00002E300000E0
:20A880002DE9F24F82B004001500E4B2002C03D0DFF8C008814602E0DFF8BC088146A846E9
:20A8A0009DF808000600F6B20A2E80F24981474618F1010802F05FF83800DFF8A0180978A9
:20A8C000C0B2884280F03C81DFF89408FFB2390100EB010201213000C0B201F033FDDFF807
:20A8E0008008FFB239010844821D0F213000C0B201F028FDDFF86808FFB239010844C07A5A
:20A9000001281DD1FFB259F827008346E4B2002C0BD0DFF850080068002806D0DFF84408D9
:20A92000006800FB0BF0824600E0DA464FF47A7352460621F6B2300080B2FFF7F5FCFDE034
:20A94000DFF81C08FFB239010844C07A00282FD1FFB259F827008346DFF80C08006800FB23
:20A960000BF082468548824516DB4FF47A709AFBF0FA0020009074A301220F213000C0B227
:20A9800001F054FD4FF47A7352460621F6B2300080B2FFF7C9FCD1E00A209AFBF0FA6423E0
:20A9A00052460621F6B2300080B2FFF7BDFCC5E0DFF8AC07FFB239010844C07A022840F025
:20A9C0009E80FFB259F827008346DFF898070068DFF894170968484382460A209AFBF0FA9A
:20A9E00045F2B500824545DB64209AFBF0FA0BFB0AFA6248824503DADFF87007824516DA24
:20AA00004FF47A709AFBF0FA002000904FA301220F213000C0B201F009FD4FF47A73524634
:20AA20000621F6B2300080B2FFF77EFC86E0BAF57A7F03DADFF83807824512DA0020009011
:20AA400041A301220F213000C0B201F0EFFC4FF47A7352460621F6B2300080B2FFF764FCF2
:20AA60006CE0642352460621F6B2300080B2FFF75BFC63E00BFB0AFA3C48824503DADFF8A1
:20AA8000F406824515DA3E489AFBF0FA002000902EA301220F213000C0B201F0C7FC4FF494
:20AAA0007A7352460621F6B2300080B2FFF73CFC44E03348824503DADFF8D00B824515DA07
:20AAC00064209AFBF0FA002000901FA301220F213000C0B201F0AAFC4FF47A735246062186
:20AAE000F6B2300080B2FFF71FFC27E0642352460621F6B2300080B2FFF716FC1EE0DFF807
:20AB00006006FFB239010844C07A04280BD142F21073FFB259F827200621F6B2300080B225
:20AB2000FFF702FC0AE04FF47A73FFB259F827200621F6B2300080B2FFF7F6FB761CB2E67C
:20AB4000BDE8F78F400000006B0000004D000000586A0020006B0020606C00209C6C002051
:20AB60006C6D002000CA9A3BFFC99A3B00E1F505206E0020706D00208096980040420F00DB
:20AB8000A08601001E6E0020BC6B00202DE9F34F83B014001D00002083465FFA8BFBBBF16B
:20ABA000100F09DA0020DFF8E81A5FFA8BFB01F80B001BF1010BF0E7C5F302108DF8040075
:20ABC00015F00F000600F6B2002E06D0022E17D008D3042E32D021D340E0ADF8064000206A
:20ABE000804640E0A4B20A2094FBF0F0ADF80600A4B20A2094FBF0F100FB1140804632E0C1
:20AC0000A4B2642094FBF0F0ADF80600A4B2642094FBF0F100FB1140804624E0A4B24FF447
:20AC20007A7094FBF0F0ADF80600A4B24FF47A7094FBF0F100FB1140804614E0A4B242F28D
:20AC4000107094FBF0F0ADF80600A4B242F2107094FBF0F100FB1140804604E00020ADF825
:20AC6000060000208046002081469DF80400002804D13020DFF8181A087051E09DF80400D0
:20AC800006284CDA280617D5002083465FFA8BFBBBF1040F09DA2020DFF8F4195FFA8BFBD9
:20ACA00001F80B001BF1010BF0E7DFF8E419200080B202F097FE33E0002083465FFA8BFB19
:20ACC000BBF1040F09DA3020DFF8C4195FFA8BFB01F80B001BF1010BF0E7BDF80600824679
:20ACE000002007001FFA8AFABAF10A0F06DB1FFA8AFA0A209AFBF0FA7F1CF3E79DF8040097
:20AD000059FA80F0401EFFB2B0EB0709BDF80620494689B2DFF87809FFF7BEFA00E05EE0ED
:20AD2000FFB2781C10EB0909F6B2002E0ED10020009052A30122BDF8100010EB0901C9B2FF
:20AD4000BDF80C00C0B201F071FB3BE0F6B2052E38DA2E20DFF838191FFA89F901F8090048
:20AD6000012083465FFA8BFB1FFA89F9D9F1050083450ADA3020DFF818191FFA89F959FAAE
:20AD80008BF288541BF1010BECE7C246002007001FFA8AFABAF10A0F06DB1FFA8AFA0A2037
:20ADA0009AFBF0FA7F1CF3E759FA86F0FFB2B0EB0709424692B2494689B2DFF8D408FFF73B
:20ADC0006BFA761C00200090DFF8C4380622BDF81010C9B2BDF80C00C0B201F027FB05B086
:20ADE000BDE8F08F2DE9F84304000D001600FFF71DF915FB06F0804600200700FFB2092FCF
:20AE000032DAC14618F101084846DFF888180978C0B2884228D248462100C0B2C9B28842EB
:20AE200010D1DFF8740800685FFA89F94FF4B27101FB09F10844421C00213800C0B201F0D9
:20AE4000BBFA0FE0DFF8500800685FFA89F94FF4B27101FB09F10844421C00213800C0B20B
:20AE600001F070FA7F1CC9E7BDE8F183226E0020746D0020246E0020806C00202000000084
:20AE8000AC7B0208347E02082DE9F54F81B00D001E000C9F0D9CFFF7C9F8721C0021002035
:20AEA00001F050FA9DF8080010FB04F08246012080465FFA88F8B8F10A0F80F29A80D146CE
:20AEC0001AF1010A4846717CC0B2884280F0918048462900C0B2C9B2884210D10120009024
:20AEE0005FFA89F91C2000FB09F0304410F11503092200214046C0B201F098FA0FE00020E4
:20AF000000905FFA89F91C2000FB09F0304410F11503092200214046C0B201F087FA002033
:20AF200000905FFA89F91C2000FB09F0304410F12A0302220F214046C0B201F077FA5FFACD
:20AF400089F91C2000FB09F03044C06A002836D05FFA89F91C2000FB09F03044408C5FFACF
:20AF600089F91C2101FB09F13144097D37F81110884209D25FFA89F91C2000FB09F03044AD
:20AF8000007D002127F810105FFA89F91C2000FB09F03044C06A83465FFA89F91C2000FB50
:20AFA00009F03044007D37F810000921484383445A4609214046C0B201F0C4F916E05FFA2D
:20AFC00089F91C2000FB09F03044C37F5FFA89F91C2000FB09F03044007D37F81020092184
:20AFE0005FFA88F8404680B2FFF7D0FD18F101085FE7BDE8F78F2DE9F84304000D00160002
:20B000001F00EDB21C2000FB05F03044C06A814638888046DFF884060078002865D03C20C9
:20B02000DFF87C160870DFF874064078012809D0082807D0102812D0202803D040282AD086
:20B04000802842D118F10108EDB21C2000FB05F03044408C404501D2002080463DE000209D
:20B06000DFF8381648700020DFF830160870092000FB08F08144EDB209204A46092195FB4B
:20B08000F0F300FB1350401CC0B201F05BF9A7F80080A5203DE00020DFF800164870002076
:20B0A000DFF8F81508703888092148438144EDB209204A46092195FBF0F300FB1350401C4B
:20B0C000C0B201F03FF95A2023E00020DFF8CC1548700020DFF8C41508700020DFF8BC15B8
:20B0E00048700020DFF8B4150870092000FB08F08144EDB209204A46092195FBF0F300FB8F
:20B100001350401CC0B201F057F9A7F800804046C0B2BDE8F28300000C630020AC610020D0
:20B12000D06A020806050108BC6300205C620020806B020806380108EC6000202C60002046
:20B140005C69020807380108B87B02083C7E0208447E0208F46900201469002007050108DC
:20B160008C680208646D0020686D0020C1BDF0FF19FCFFFF011F0AFA2DE9F94F85B08846E6
:20B18000140006989DF814101C2251430844C07F8DF80200002083465FFA8BFBBBF1200FBD
:20B1A00009DA0020DFF8FC145FFA8BFB01F80B001BF1010BF0E710980490002006000498D5
:20B1C000008805009DF80200C0B29DF8021011F0070111EB10108DF801009DF8020010F0F0
:20B1E00007008DF800009DF8000000280AD1DFF8B414280080B202F09DFC9DF801008DF88C
:20B20000030091E09DF80100401C8DF803009DF801009DF80010401A8DF800009DF8010090
:20B22000052815DBADB242F2107095FBF0F08DF80400ADB242F2107095FBF0F100FB115500
:20B240009DF804003030DFF85C14F6B28855761CADB24FF47A7095FBF0F08DF80700ADB2B0
:20B260004FF47A7095FBF0F100FB11559DF807003030DFF83014F6B28855761C9DF800000C
:20B280003100C9B2884205D12E20DFF81814F6B28855761CADB2642095FBF0F08DF806001C
:20B2A000ADB2642095FBF0F100FB11559DF806003030DFF8F013F6B28855761C9DF8000058
:20B2C0003100C9B2884205D12E20DFF8D813F6B28855761CADB20A2095FBF0F08DF8050078
:20B2E000ADB20A2095FBF0F100FB11559DF805003030DFF8B013F6B28855761C9DF80000B3
:20B300003100C9B2884205D12E20DFF89813F6B28855761C28008DF804009DF80400303050
:20B32000DFF88013F6B28855012083465FFA8BFB2078401C834516DA5FFA8BFB14F80B00B3
:20B34000DFF860135FFA88F811F9081000B209B2884205D15FFA8BFB04EB0B00070002E0D9
:20B360001BF1010BE2E7CD480078002800F0DD803C20CB490870C948407801280CD0082804
:20B3800077D0102800F0A88020283FD0402800F0B88080281CD0BCE03878202802D1601CB8
:20B3A000070000E07F1C97F90000BE495FFA88F801F80800BB485FFA88F810F90800202865
:20B3C00005D13020B7495FFA88F801F80800A6E03878302804D120782044401E070000E0C9
:20B3E0007F1E97F90000AF495FFA88F801F80800AC485FFA88F810F90800202805D1302002
:20B40000A8495FFA88F801F8080088E05FFA88F8B8F1000F04D19DF80300401E804601E0F6
:20B42000B8F101080020834658462178C0B2884215D25FFA8BFB14F80B009A495FFA88F865
:20B4400011F9081000B209B2884205D15FFA8BFB04EB0B00070002E01BF1010BE4E791483F
:20B460005FFA88F810F908002E2801D1B8F1010855E05FFA88F89DF80300401E804502D16C
:20B480000020804601E018F101080020834658462178C0B2884215D25FFA8BFB14F80B009A
:20B4A00080495FFA88F811F9081000B209B2884205D15FFA8BFB04EB0B00070002E01BF1ED
:20B4C000010BE4E777485FFA88F810F908002E2801D118F1010822E00020704948700020FF
:20B4E0006E4908709DF8140009236E4A092190FBF3FC03FB1C00401CC0B200F023FFA5202D
:20B50000C0E00020654948700020644908705A20B8E00020614948700020604908700020CB
:20B520005E49487000205D4908709DF8020010F007008DF80000002082460020814600205C
:20B5400083465FFA8BFBBBF1050F08DA002002A95FFA8BFB01F80B001BF1010BF1E70020E3
:20B5600083465FFA8BFB9DF80100401C83452ADA5FFA8BFB9DF801009DF80010401A834529
:20B580001CD048485FFA8AFA10F90A00202808D1002002A95FFA89F901F8090019F1010962
:20B5A0000CE040485FFA8AFA10F90A00303802A95FFA89F901F8090019F101091AF1010A0D
:20B5C0001BF1010BCDE79DF8010005281CDB9DF8080042F2107110FB01F09DF809104FF4A6
:20B5E0007A7211FB02009DF80A10642211FB02009DF80B100A2211FB02009DF80C1050FA29
:20B6000081F00499088015E09DF808004FF47A7110FB01F09DF80910642211FB02009DF801
:20B620000A100A2211FB02009DF80B1050FA81F0049908809DF8140009231A4A092190FB38
:20B64000F3FC03FB1C00401CC0B200F07BFE9DF814005FF0090C012312495FFA88F811F83C
:20B6600008100A00D2B218F10901C9B290FBFCFE0CFB1E00401CC0B24000C0B200F08CFCF4
:20B680004046C0B207B0BDE8F08F00006179FEFF006C0020616E0020386D0020586D0020DB
:20B6A000676E0020B467002010B582B0040001222100684608F014F99DF8000016BD38B513
:20B6C00004000D00280080B2000A8DF8000028008DF8010002222100684608F0DEF931BD12
:20B6E00080B5DFF84C0C08F031FB4FF40070ADF8000002208DF8020018208DF80300694652
:20B70000DFF82C0C08F065FB4FF48060ADF8000048208DF803006946DFF8140C08F059FB18
:20B720004FF41940ADF8000048208DF8030002208DF802006946DFF8F80B08F04AFBFF204A
:20B74000ADF8000000208DF8030002208DF802006946DFF8DC0B08F03CFBDFF8D80B08F0A5
:20B76000F5FA41F2FF30ADF8000010208DF8030002208DF802006946DFF8B80B08F029FB0D
:20B780000121DFF8B00B08F0D2FB0221DFF8A40B08F0CDFB0421DFF89C0B08F0C8FB082140
:20B7A000DFF8900B08F0C3FB1021DFF8880B08F0BEFB2021DFF87C0B08F0B9FB4021DFF892
:20B7C000740B08F0B4FB8021DFF8680B08F0AFFB4FF48071DFF85C0B08F0A9FB4FF40071F4
:20B7E000DFF8500B08F0A3FB4FF48051DFF8440B08F09DFB4FF48060ADF8000048208DF802
:20B80000030002208DF802006946DFF8280B08F0E0FADFF8240B08F099FA0120ADF800009A
:20B8200000208DF8030002208DF802006946DFF8080B08F0CEFA7820ADF8000010208DF86C
:20B84000030002208DF802006946DFF8EC0A08F0C0FA0821DFF8E00A08F069FB1021DFF8C0
:20B86000D80A08F064FB2021DFF8CC0A08F05FFB4021DFF8C40A08F05AFB4FF4FC50ADF8C8
:20B88000000048208DF8030002208DF802006946DFF8A40A08F09DFADFF8A00A08F056FA83
:20B8A0000F20ADF8000048208DF8030002208DF802006946DFF8840A08F08BFA4FF6F070E5
:20B8C000ADF8000010208DF8030002208DF802006946DFF8680A08F07CFA1021DFF85C0A8E
:20B8E00008F025FB2021DFF8540A08F020FB4021DFF8480A08F01BFB8021DFF8400A08F055
:20B9000016FB4FF48071DFF8340A08F010FB4FF40071DFF8280A08F00AFB4FF48061DFF815
:20B920001C0A08F004FB4FF40061DFF8100A08F0FEFA4FF48051DFF8040A08F0F8FA4FF43F
:20B940000051DFF8F80908F0F2FA4FF48041DFF8EC0908F0ECFA4FF40041DFF8E00908F0F0
:20B96000E6FADFF8DC0908F0F1F9A020ADF8000010208DF8030002208DF802006946DFF8FD
:20B98000C00908F026FA2021DFF8B40908F0CFFA8021DFF8AC0908F0CAFA0120ADF8000081
:20B9A00048208DF8030002208DF802006946DFF8900908F00EFA4FF47F40ADF800004820C0
:20B9C0008DF8030002208DF802006946DFF8700908F0FFF901BD10B50400E4B2012C04D128
:20B9E0001021DFF8500908F0A5FAE4B2022C04D10821DFF8400908F09DFAE4B2032C09D13F
:20BA00002021DFF8340908F095FA2021DFF82C0908F090FAE4B2042C09D10121DFF81409C5
:20BA200008F088FA1021DFF8140908F083FAE4B2052C04D14021DFF8040908F07BFAE4B20E
:20BA4000062C04D18021DFF8F40808F073FAE4B2072C04D10821DFF8E00808F06BFAE4B28D
:20BA6000082C04D18021DFF8D80808F063FAE4B2092C04D10421DFF8BC0808F05BFAE4B2CD
:20BA80000A2C04D10221DFF8AC0808F053FAE4B20B2C04D10121DFF89C0808F04BFAE4B296
:20BAA0000C2C04D12021DFF8900808F043FAE4B20D2C04D11021DFF8800808F03BFAE4B29D
:20BAC0000E2C04D14021DFF8700808F030FA10BD10B50400E4B2012C04D11021DFF85408F3
:20BAE00008F025FAE4B2022C04D10821DFF8440808F01DFAE4B2032C09D12021DFF8380844
:20BB000008F015FA2021DFF8340808F010FAE4B2042C09D10121DFF81C0808F008FA1021E0
:20BB2000DFF8180808F003FAE4B2052C04D14021DFF8080808F0FBF9E4B2062C04D180210B
:20BB4000DFF8F80708F0F3F9E4B2072C04D10821DFF8E40708F0EBF9E4B2082C04D1802186
:20BB6000DFF8DC0708F0E3F9E4B2092C04D10421DFF8C00708F0DBF9E4B20A2C04D1022144
:20BB8000DFF8B00708F0D3F9E4B20B2C04D10121DFF8A00708F0CBF9E4B20C2C04D1202171
:20BBA000DFF8940708F0C3F9E4B20D2C04D11021DFF8840708F0BBF9E4B20E2C04D1402176
:20BBC000DFF8740708F0B6F910BD38B50400002005002800210080B289B2884205D24FF4EF
:20BBE0007A7000F003F86D1CF3E731BD10B4002319000B0004009BB2A4B2A34208D200238B
:20BC00001A00D2B20A2A01DA521CFAE7491CF0E710BC704710B500200400E4B2062C0EDAD0
:20BC200014F10800C0B2FFF7D6FE9620FFF7CDFF14F10800C0B2FFF74BFF641CEDE710BD63
:20BC4000704710B5DFF8600A0078002844D1DFF8F00608F066F940F30720C04300B204003B
:20BC6000E4B2002C08D10020DFF83C1A48800020DFF8381A087006E0DFF82C0A4088401C3C
:20BC8000DFF8241A4880DFF8200A4088052816D12000DFF8141A4978C0B288420FD0DFF812
:20BCA000080A44700120DFF8001A08707820DFF8001A08700020DFF8FC1908800CE0DFF8DC
:20BCC000E8094088B0F5FA7F06DB0020DFF8D8194870DFF8D809047010BD10B582B00020FC
:20BCE0000090DFF8D4090088401CDFF8CC1908804FF40071DFF8400608F006F9002803D114
:20BD0000009850F0010000904FF48071DFF8200608F0FAF8002803D1009850F00200009039
:20BD20004FF40061DFF8080608F0EEF8002803D1009850F0040000904FF48051DFF8F00554
:20BD400008F0E2F8002803D1009850F0080000904FF40041DFF8D80508F0D6F8002803D1AB
:20BD6000009850F010000090DFF8CC0508F0D9F8009980B2400980B2C04310F0E000084366
:20BD80000090DFF8B80508F0CCF8009980B2C043000210F4706008430090DFF89C0508F0D4
:20BDA000C0F8009940F3C110C04300B2000310F440500843009000988004800C00900020AF
:20BDC0000400E4B2102C13DA2100C9B2684601F09BFD00280AD0DFF8740BE4B230F81400A3
:20BDE000401CDFF8681BE4B221F81400641CE8E7DFF8C40800880C2824DB0020DFF8B81856
:20BE0000088000200400E4B2102C1BDADFF83C0BE4B230F81400062806DB2100C9B2DFF83D
:20BE2000300B01F063FD05E02100C9B2DFF8200B01F04EFD0020DFF8141BE4B221F81400CE
:20BE4000641CE0E713BD70B504000D00302000F026FD752000F023FDE4B2200080B200F0B5
:20BE600049FD132000F046FD152000F018FDEDB2E80080B200F03EFD9F2000F03BFD5C2095
:20BE800000F00DFD00200600F6B2082E08DADFF8F00AF6B2805D80B200F02CFD761CF3E7B5
:20BEA000302000F0FCFC752000F0F9FCE4B2601C80B200F01FFD132000F01CFD152000F01F
:20BEC000EEFCEDB2E80080B200F014FD9F2000F011FD5C2000F0E3FC00200600F6B2082EB2
:20BEE00009DADFF89C0AF6B23044007A80B200F001FD761CF2E770BD70B504000D0030200E
:20BF000000F0CDFC752000F0CAFCE4B2200080B200F0F0FC132000F0EDFC152000F0BFFC6D
:20BF2000EDB2E80080B200F0E5FC9F2000F0E2FC5C2000F0B4FC00200600F6B2082E04DAEC
:20BF4000002000F0D7FC761CF7E7302000F0A7FC752000F0A4FCE4B2601C80B200F0CAFC8C
:20BF6000132000F0C7FC152000F099FCEDB2E80080B200F0BFFC9F2000F0BCFC5C2000F0EA
:20BF80008EFC00200600F6B2082E04DA002000F0B1FC761CF7E770BD2DE9F84304000D0079
:20BFA00016001F00DFF8880CF6B231010844B0F500708146302000F072FC752000F06FFC41
:20BFC000E4B2200080B200F095FC132000F092FC152000F064FCEDB2E80080B200F08AFC93
:20BFE0009F2000F087FC5C2000F059FC002080465FFA88F8B8F1080F15DAFFB2002F08D028
:20C000005FFA88F819F80800C04380B200F072FC06E05FFA88F819F8080080B200F06AFC3B
:20C0200018F10108E4E7302000F039FC752000F036FCE4B2601C80B200F05CFC132000F048
:20C0400059FC152000F02BFCEDB2E80080B200F051FC9F2000F04EFC5C2000F020FC0020A8
:20C0600080465FFA88F8B8F1080F17DAFFB2002F09D05FFA88F809EB0800007AC04380B233
:20C0800000F038FC07E05FFA88F809EB0800007A80B200F02FFC18F10108E2E7BDE8F18305
:20C0A0002DE9F84304000D0016001F00DFF8800BF6B231010844B0F500708146302000F045
:20C0C000EEFB752000F0EBFBE4B2200080B200F011FC132000F00EFC152000F0E0FBEDB25B
:20C0E000E80080B200F006FC9F2000F003FC5C2000F0D5FB002080465FFA88F8B8F1080FCB
:20C1000015DAFFB2002F08D05FFA88F819F80800C04380B200F0EEFB06E05FFA88F819F8A8
:20C12000080080B200F0E6FB18F10108E4E7302000F0B5FB752000F0B2FBE4B2601C80B2B1
:20C1400000F0D8FB132000F0D5FB152000F0A7FBEDB2E80080B200F0CDFB9F2000F0CAFB7D
:20C160005C2000F09CFB002080465FFA88F8B8F1080F17DAFFB2002F09D05FFA88F809EBC6
:20C180000800007AC04380B200F0B4FB07E05FFA88F809EB0800007A80B200F0ABFB18F142
:20C1A0000108E2E7BDE8F1832DE9F04788B004000D0016001F000020814640F28F10824649
:20C1C000002080465FFA88F8B8F1200F08DA002069465FFA88F801F8080018F10108F1E753
:20C1E0005046494680B289B28842C0F09D803000DFF8901A1FFA89F931F8191080B288427C
:20C2000040F08F80302000F04AFB752000F047FBE4B2200080B200F06DFB132000F06AFBCB
:20C22000152000F03CFBEDB2E80080B200F062FB9F2000F05FFB5C2000F031FB0020804615
:20C240005FFA88F8B8F1100F23DAFFB2002F0FD0DFF8340A1FFA89F95FEA491108445FFA89
:20C2600088F810F80800C04380B200F043FB0DE0DFF8140A1FFA89F95FEA491108445FFA06
:20C2800088F810F8080080B200F034FB18F10108D6E7302000F003FB752000F000FBE4B29A
:20C2A000601C80B200F026FB132000F023FB152000F0F5FAEDB2E80080B200F01BFB9F20EC
:20C2C00000F018FB5C2000F0EAFA002080465FFA88F8B8F1100F23DAFFB2002F0FD0DFF8F1
:20C2E000A8091FFA89F95FEA491108445FFA88F84044007CC04380B200F0FCFA0DE0DFF84B
:20C3000088091FFA89F95FEA491108445FFA88F84044007C80B200F0EDFA18F10108D6E751
:20C3200002E019F101095BE708B0BDE8F087000000080140000C01400010014000140140B5
:20C34000001801402DE9F84381460C0015005FFA89F95FEA490995F9000000282AD0287885
:20C3600000060ED495F9000080466D1C00234246D2B22100C9B24846C0B2FFF791FE641C28
:20C3800014E0287806006D1C287807006D1CF6B2300250FA87F080460023424692B22100D9
:20C3A000C9B24846C0B2FFF7FFFEA41CE4B2142CD1DBFFE7BDE8F1832DE9F84381460C00AA
:20C3C00015005FFA89F95FEA490995F9000000282AD0287800060ED495F9000080466D1CBD
:20C3E00001234246D2B22100C9B24846C0B2FFF757FE641C14E0287806006D1C28780700DC
:20C400006D1CF6B2300250FA87F080460123424692B22100C9B24846C0B2FFF7C5FEA41C2D
:20C42000E4B2142CD1DBFFE7BDE8F1832DE9F84F80468A46150099460A9C5FFA88F85FEACC
:20C4400048085FFA88F8B8F1140F04DA5FFA8AFABAF1140F00DB48E00020834699F90000E0
:20C46000002842D099F80000000613D499F90000070019F101092300DBB23A00D2B2514652
:20C48000C9B24046C0B2FFF70BFE1AF1010A1BF1010B1EE099F800008DF8000019F10109D4
:20C4A00099F80000060019F101099DF80000000250FA86F007002300DBB23A0092B25146AE
:20C4C000C9B24046C0B2FFF76FFE1AF1020A1BF1020B58462900C0B2C9B2884205D25FFAA8
:20C4E0008AFABAF1140FB9DBFFE7BDE8F18F80B54FF40071DFF8FC0707F019FD0220FFF763
:20C5000064FB4FF40071DFF8EC0707F013FDC820FFF75BFB4FF40071DFF8D80707F007FD9E
:20C520008021DFF8D00707F002FDC820FFF74DFB312000F0B4F9D72000F0B1F99F2000F062
:20C54000AEF9E02000F0ABF9002000F0D3F90A20FFF73BFBE32000F0A2F91420FFF735FB86
:20C56000E12000F09CF9302000F099F9942000F096F9D12000F093F9AE2000F090F9A620B6
:20C5800000F08DF9CA2000F08AF9002000F0B2F99F2000F0AFF9002000F0ACF9BC2000F035
:20C5A0007EF9002000F0A6F9AB2000F078F9002000F0A0F9202000F072F90B2000F09AF937
:20C5C000812000F06CF9DFF83007807880B200F091F9042000F08EF90C2000F060F9F02093
:20C5E00000F05DF9102000F085F9762000F057F9312000F054F9322000F051F9002000F057
:20C6000079F9012000F076F9032000F073F9512000F045F9FB2000F06DF9402000F03FF911
:20C62000F02000F03CF9032000F064F9072000F061F90C2000F05EF9142000F05BF9F220E7
:20C6400000F02DF90F2000F055F9282000F052F95A2000F04FF9F42000F021F96F2000F085
:20C6600049F9222000F046F9112000F043F9022000F040F9002000F03DF9322000F03AF9A4
:20C68000822000F037F9B62000F034F9302000F006F9AF2000F003F90021002000F00EF8B4
:20C6A0000E20FFF798F901BD586D00206D6E0020676E0020F26D0020D06D0020F8B50400A5
:20C6C0000D00302000F0EBF8752000F0E8F8002000F010F9132000F00DF9152000F0DFF887
:20C6E000002000F007F99F2000F004F95C2000F0D6F800200600F6B2142E12DA0020070021
:20C70000FFB2502F0BDAE4B2200080B200F0F2F8EDB2280080B200F0EDF87F1CF0E7761C70
:20C72000E9E70A20FFF751FAF1BD80B5312000F0B6F8D72000F0B3F89F2000F0B0F8E02003
:20C7400000F0ADF8002000F0D5F80A20FFF73DFAE32000F0A4F81420FFF737FAE12000F035
:20C760009EF8302000F09BF8942000F098F8D12000F095F8AE2000F092F8A62000F08FF829
:20C78000CA2000F08CF8002000F0B4F89F2000F0B1F8002000F0AEF8BC2000F080F800200D
:20C7A00000F0A8F8AB2000F07AF8002000F0A2F8202000F074F80B2000F09CF8812000F036
:20C7C0006EF8DFF83405807880B200F093F8042000F090F80C2000F062F8F02000F05FF8D5
:20C7E000102000F087F8762000F059F8312000F056F8322000F053F8002000F07BF8012003
:20C8000000F078F8032000F075F8512000F047F8FB2000F06FF8402000F041F8F02000F09D
:20C820003EF8032000F066F8072000F063F80C2000F060F8142000F05DF8F22000F02FF8C9
:20C840000F2000F057F8282000F054F85A2000F051F8F42000F023F86F2000F04BF8222010
:20C8600000F048F8112000F045F8022000F042F8002000F03FF8322000F03CF8822000F08F
:20C8800039F8B62000F036F8302000F008F8AF2000F005F800210020FFF710FF01BD10B5AE
:20C8A00004004FF48071DFF84C0407F043FB2021DFF8400407F03EFBDFF8400407F034FB17
:20C8C00000F0FF0050EA042189B2DFF8300407F034FB4021DFF81C0407F02CFB4021DFF8F0
:20C8E000140407F024FB4FF48071DFF8080407F01EFB10BD10B504004FF48071DFF8F4034B
:20C9000007F018FB2021DFF8EC0307F010FBDFF8EC0307F009FB00F0FF0050EA042189B2BA
:20C92000DFF8D80307F009FB4021DFF8C80307F001FB4021DFF8BC0307F0F9FA4FF480713F
:20C94000DFF8B00307F0F3FA10BD000054680020D06B002080B545F2555007F023FD042019
:20C9600007F024FD4FF4C86007F024FD07F026FD07F029FD01BD80B507F020FD01BDFEE73B
:20C980005C79020800B585B044F2506002900120ADF800000020ADF80C00002001900020EE
:20C9A0008DF80E0069465FF0804007F017FD44F6206002901120ADF800000020ADF80C0028
:20C9C0000020019000208DF80E006946DFF8340307F004FD01215FF0804007F056FD0121A1
:20C9E000DFF8200307F051FD012201215FF0804007F040FD01220121DFF8080307F03AFD1B
:20CA000001215FF0804007F04EFD0121DFF8F40207F049FD0020DFF8F012087001215FF095
:20CA2000804007F019FD0121DFF8D80207F014FD05B000BD00B585B00020009001208DF89C
:20CA4000040003208DF805005FF4602002900020039000208DF810006946DFF8B00207F029
:20CA600051FD0321DFF8A40207F006FE022301220321DFF8980207F0A6FD022302220421E7
:20CA8000DFF8880207F09FFD022303220521DFF87C0207F098FD4FF4E041DFF8700207F0AD
:20CAA0008AFD0020009001208DF8040003208DF805005FF4602002900020039000208DF82B
:20CAC00010006946DFF8480207F01CFD0321DFF8400207F0D1FD022301220621DFF83002EC
:20CAE00007F071FD022302220721DFF8240207F06AFD022303220A21DFF8140207F063FD4C
:20CB00004FF4E041DFF8080207F055FD0020009001208DF8040003208DF805005FF46020AD
:20CB200002900020039000208DF810006946DFF8E40107F0E7FC0321DFF8D80107F09CFD52
:20CB4000022301220021DFF8CC0107F03CFD022302220121DFF8BC0107F035FD0223032226
:20CB60000221DFF8B00107F02EFD4FF4E041DFF8A40107F020FD0121DFF8900107F0ECFC8B
:20CB8000012007F088FDDFF8840107F0F2FCDFF87C0107F0F3FC0028F9D1DFF8700107F04C
:20CBA000F9FCDFF8680107F0FAFC0028F9D10121DFF85C0107F0D0FCDFF8540107F0D9FC50
:20CBC000DFF84C0107F0DAFC0028F9D1DFF8400107F0E0FCDFF8380107F0E1FC0028F9D1B1
:20CBE0000121DFF8300107F0B7FCDFF8280107F0C0FCDFF8200107F0C1FC0028F9D1DFF839
:20CC0000140107F0C7FCDFF80C0107F0C8FC0028F9D105B000BD80B503F0F7F9DFF8F8005B
:20CC200003F0BAFB0020DFF8F410087001BD00000C40020880B5304802F0C5FE2E48007875
:20CC40005A2815D12C484078000702D50420FEF7C2FE29488078102803DB27488078392842
:20CC60000FDB282024498870234802F0B5FE08E05A202149087028201F4988701E4802F0C9
:20CC8000ABFE01BDB85A0208809B01085221244A11700021224A517000210800C0B2042876
:20CCA0000DDA20211E4AC0B202EB4002917000211B4AC0B202EB4002D170401CEEE7202168
:20CCC000184A1170704700210D4A117200210800C0B204280CDA2021094AC0B202F81010F2
:20CCE0000021074AC0B202EB40025170401CEFE770470000000C0140546D002000140140F4
:20CD00001C5C0020000400406F6E00200024014000280140003C0140786C00206C6E0020F1
:20CD2000E0590020E06B002030B4FF23FF240D00691EADB2002D10D005786B40401CDBB2F5
:20CD40001A00DFF8AC5792B2AD5C65402B00DFF8A45792B2AD5C2C00E9E70370447030BC94
:20CD600070472DE9F44F2DED028B82B004008A461D00B0EE408A0E9E0020804600208146F8
:20CD80000FFA8AFA1AF1D7004FF4807190FBF1F201FB120A00200700FFB2282F27DA0FFA31
:20CDA0008AFA34F91A0083461AF1020A0AF0FF0A0FFA8AFA34F81A00BBEB000BFFB2BFB21F
:20CDC0007800ADF80000DFF83007BDF8001000EB4100B0F902001BFB0088DFF81C07BDF83F
:20CDE000001030F911001BFB0099BF1CD4E75FEA28385FEA293900EE108AB8EEC00A20EE4A
:20CE0000080ABDEEC00A10EE108A00EE109AB8EEC00A20EE080ABDEEC00A10EE109AC5F8F1
:20CE20000480C5F8089009FB09F008FB08000190019800F0BDFC306002B0BDEC028BBDE821
:20CE4000F18F884201D3401A00E0081A7047F8B504000D0016001F0060686968401A7060EB
:20CE6000A068A968401AB060B168706800F06AFC3860F1BD2DE9F84F81468B4692465FF086
:20CE80000008002004001FFA8BFB1BF1B0004FF4807190FBF1F201FB12000600002007002E
:20CEA000BFB2502F0BDA761CB6B2FF2E01DD00200600B6B239F9160024187F1CF0E75020A4
:20CEC00094FBF0F0DFF884195FFA8AFA41F82A001FFA8BFB1BF1D7004FF4807190FBF1F20B
:20CEE00001FB1200060000200700BFB2282F14DAB6B239F916000500DFF850095FFA8AFA7F
:20CF000050F82A002D1A05FB0588761CB6B2FF2E01DD002006007F1CE7E7404600F048FC7D
:20CF200007F0D2FBDFF82829DFF8283907F0E4FB07F0CAFC009000980B2801D2002000905C
:20CF40000098BDE8F28F2DE9F84F8246894690461C000025BDF92800D7304FF4807190FB64
:20CF6000F1F201FB1200060000200700BFB2282F38DA9DF82C00002815D0B6B23AF916003A
:20CF8000DFF8C8185FFA89F951F82910401AB6B238F916104018DFF8B418E4B251F8241056
:20CFA000401A834614E0B6B23AF91600DFF89C185FFA89F951F82910401AB6B238F91610A8
:20CFC000401ADFF88818E4B251F82410081883460BFB0B55761CB6B2FF2E01DD00200600F3
:20CFE0007F1CC3E7280000F0E3FB07F06DFBDFF86028DFF8603807F07FFB07F065FC009070
:20D0000000980B2801D2002000900098BDE8F28F2DE9F14F86B00C001500002080464746E4
:20D02000BDF91800D7304FF4807190FBF1F201FB12008246BDF91800B9304FF4807190FB2D
:20D04000F1F201FB120083460020060036B2282E80F28A801AF1010A0FFA8AFABAF1FF0FDA
:20D0600001DD002082461BF1010B0FFA8BFBBBF1FF0F01DD00208346DFF8DC070FFA8BFB79
:20D0800000EB4B00B0F9000CDFF8C0170968401A0390DFF8C4070FFA8BFB00EB4B004FF4EF
:20D0A0008051405EDFF8A4178968401A0290DFF8A8070FFA8AFA00EB4A00B0F9000CDFF8BE
:20D0C0008C170968401A0590DFF88C070FFA8AFA00EB4A004FF48051405EDFF87017896820
:20D0E000401A0490DFF870070FFA8AFA00EB4A00B0F90006DFF85417C968401A0190DFF84E
:20D1000058070FFA8AFA00EB4A00B0F90008DFF83C170969401A8146DFF83C070FFA8AFAD9
:20D1200000EB4A00B0F9000ADFF820174969401A009005980199B1EB0901049A009BB3EBA9
:20D1400009035A4301FB0020C71903980199B1EB0901029A009BB3EB09035A4301FB0020B5
:20D1600010EB0808761C71E70E2000FB07F0401220600E2000FB08F040122860206807F04E
:20D18000B9FBB0F5C87F01DA00202060286807F0B1FBB0F5C87F01DA0020286007B0BDE876
:20D1A000F08F2DE9F14F86B00C001500002080464746BDF91800D7304FF4807190FBF1F259
:20D1C00001FB12008246BDF91800B9304FF4807190FBF1F201FB120083460020060036B23B
:20D1E000282E80F288801AF1010A0FFA8AFABAF1FF0F01DD002082461BF1010B0FFA8BFB96
:20D20000BBF1FF0F01DD00208346DFF84C060FFA8BFB00EB4B00B0F90002DFF83016096866
:20D22000401A0390DFF830060FFA8BFB00EB4B00B0F90004DFF814168968401A0290DFF8CD
:20D2400018060FFA8AFA00EB4A00B0F90002DFF8FC150968401A0590DFF8FC050FFA8AFA96
:20D2600000EB4A00B0F90004DFF8E0158968401A0490DFF8E4050FFA8AFA00EB4A00B0F9F6
:20D280000006DFF8C815C968401A0190DFF8C8050FFA8AFA00EB4A00B0F90008DFF8AC1509
:20D2A0000969401A8146DFF8B0050FFA8AFA00EB4A00B0F9000ADFF894154969401A0090BE
:20D2C00005980199B1EB0901049A009BB3EB09035A4301FB0020C71903980199B1EB09011A
:20D2E000029A009BB3EB09035A4301FB002010EB0808761C73E70E2000FB07F000132060EA
:20D300000E2000FB08F000132860206807F0F2FA502801DA00202060286807F0EBFA50280F
:20D3200001DA0020286007B0BDE8F08FF8B5040000200500002006002800DFF820150978DE
:20D34000C0B2884232D22068062805D36068002805D1A068002802D10020E06023E0A168CA
:20D3600009B2606800B200F022F8E060F6B2002E03D1FF200600E0680700E0683FB2C01BFC
:20D38000022190FBF1F0E060E068B52803DBE068B0F5B470E060E06810F1B40F03DAE06839
:20D3A00010F5B470E0606D1C1034C5E7F1BD30B4020012B2130009B20C00002B00D55B42BC
:20D3C000002C00D56442052B03DA052C01DA00203CE0002B03D147F6FF70030005E04FF47B
:20D3E000807000FB04F090FBF3F3002005002DB2B42D09DADFF868042DB230F815000400B2
:20D400009C4201DA6D1CF2E712B2002A02D409B2002919D512B2012A05DA09B2002902D4D3
:20D42000D5F5B47510E012B2012A05DA09B2012902DAB5F5B47507E012B2002A04D409B23F
:20D44000012901DA2DB26D42280000B230BC704730B4B0F900304FF4806413FB04F31A00B9
:20D46000B0F902304FF4806413FB04F31900B0F90430DFF8F04313FB0422B0F9063040F260
:20D48000763413FB04F3D21AB0F9043040F2623413FB04F3B0F90640DFF8C85314FB05331F
:20D4A0005918B0F90830DFF8BC4313FB0422B0F90A30DFF8B44313FB04F3D21AB0F908308D
:20D4C000DFF8A84313FB04F3B0F90A40DFF8945314FB05335918032392FBF3F2032391FBD2
:20D4E000F3F1931203808B12438030BC70470000BC630208BC640208306C02082DE9FF4FC0
:20D50000020000200300002004000020050000200600002081460020804609B211F193005A
:20D520004FF4807190FBF1FB01FB1B01002082460FFA8AFABAF16C0F63DA09B232F9110059
:20D540008646491C09B2FF2901DD002001000FFA8EFEBEF11E0F01DB18F101081BB2002B61
:20D5600002D024B2002C20D10FFA8EFEBEF1000F07D41BB2002B04D124B2002C01D10120F6
:20D5800003000FFA8EFEBEF1000F0BD51BB2002B08D024B2002C05D101200400ADF80EE0F5
:20D5A000D1462BE0ADF80AE028E02DB2002D02D036B2002E21D10FFA8EFEBEF1000F07D49E
:20D5C0002DB2002D04D136B2002E01D1012005000FFA8EFEBEF1000F0CD52DB2002D09D043
:20D5E00036B2002E06D101200600ADF80CE0BAEB090903E0ADF808E000E002E01AF1010A87
:20D6000096E7BDF90A00BDF90EB0B0EB0B0000282FD0BDF90800BDF90CB0B0EB0B0000288E
:20D6200027D0BDF90A005FF4803B0BFB00F00090BDF90AB0BDF90E00BBEB0000DDF800B040
:20D640009BFBF0F00190BDF908B05FF4803000FB0BF00090BDF908B0BDF90C00BBEB0000F6
:20D66000DDF800B09BFBF0F0DDF804B0BBEB000007000FFA89F95FF4803000FB09F0C71B15
:20D68000DFF81008BF1190FBF7F7DFF80C08DFF80CB89BF800B040F82B70DFF8000800785F
:20D6A000401CDFF8F8B78BF80000DFF8F007007810F00700DFF8E4B78BF80000DFF8D8070D
:20D6C0000068DFF8D4B7DBF804B01BEB0000DFF8C8B7DBF808B01BEB0000DFF8BCB7DBF8EF
:20D6E0000CB01BEB0000DFF8B0B7DBF810B01BEB0000DFF8A4B7DBF814B01BEB0000DFF8EB
:20D7000098B7DBF818B01BEB0000DFF88CB7DBF81CB01BEB0000C0108446BCF57A6F03DB48
:20D7200041F27170844501DB002008E00FFA88F8B8F1020F01DA002001E0604600B204B0FD
:20D74000BDE8F08FF0B40200002A00D55242002900D54942002A01D1080027E0002901D1DD
:20D76000100023E0914202DA14000D0001E00C00150000200600B5F5A04F03D964086D0848
:20D78000761CF8E705FB05F005277843032707FB04575FF0030C0CFB07F7B0FBF7F00019A7
:20D7A0000300B6B2002E00D0B3401800F0BC704730B40100012901DA080021E00A00002075
:20D7C0000300500002D452005B1CFAE7112B02DBFF20040004E04FF6FF705D1028410400C8
:20D7E0000A001214A24201DB200009E091FBF4F00200A24201DB200002E010194410EFE7A9
:20D8000030BC7047020001FB01F002FB02000300DFF88C06834203DADFF88806834201DA64
:20D82000002010E0002904D5484292FBF0F0030004E0012902DB92FBF1F003000B2B01DA6F
:20D84000002000E00120704700000000886A0020986E1283C0CAF13F8019002006050108BC
:20D86000F860020800FEFFFF8AFCFFFF9EFCFFFF38B504000D002088002806D02088401E84
:20D8800020802088002800D1A84731BD30B4002423001C001500E4B2EDB2AC4206D291F989
:20D8A00000400470491C401C5B1CF2E730BC704710B400231A0013000C009BB2A4B2A34258
:20D8C00004D200230370401C521CF4E710BC704710B4C9B2CA10825C012311F00704A340AA
:20D8E0009A43C9B2CB10C25410BC704710B4C9B2CA10825C012311F00704A3401A43C9B27A
:20D90000CB10C25410BC70470200C9B2C810105C11F00703C0B2D840C00701D5FF2000E0A1
:20D920000020704730B40100C9B20A2491FBF4F4E4B224012200C9B20A2491FBF4F504FB14
:20D94000151423009C182000C0B230BC704710B40200100003000C009BB2A4B2A34200D253
:20D96000080080B210BC704730B40300180004000D00A4B2ADB2AC4200D208000400150044
:20D98000A4B2ADB2AC4200D2100080B230BC7047C0B20A2802DA3030C0B201E03730C0B221
:20D9A000704738B504000D00E4B2642094FBF0F100FB11400A2190FBF1F0C0B2FFF7E8FFF6
:20D9C00028706D1CE4B2642094FBF0F100FB11400A2190FBF1F201FB1200C0B2FFF7D8FF6A
:20D9E000287031BD38B504000D00A4B24FF4805094FBF0F0C0B2FFF7CBFF28706D1CA4B222
:20DA00004FF4805094FBF0F100FB11404FF4807190FBF1F0C0B2FFF7BBFF28706D1CA4B2FE
:20DA20004FF4805094FBF0F100FB11404FF4807190FBF1F201FB1200102190FBF1F0C0B258
:20DA4000FFF7A6FF28706D1CA4B24FF4805094FBF0F100FB11404FF4807190FBF1F201FB47
:20DA60001200102190FBF1F201FB1200C0B2FFF78FFF287031BD38B504000D00E4B24FF494
:20DA8000807094FBF0F100FB1140102190FBF1F0C0B2FFF77DFF28706D1CE4B24FF480706F
:20DAA00094FBF0F100FB1140102190FBF1F201FB1200C0B2FFF76CFF287031BD38B50400B3
:20DAC0000D00A4B24FF47A7094FBF0F100FB1140642190FBF1F0C0B2FFF75AFF28706D1C27
:20DAE000A4B24FF47A7094FBF0F100FB1140642190FBF1F201FB12000A2190FBF1F0C0B2DD
:20DB0000FFF746FF28706D1CA4B24FF47A7094FBF0F100FB1140642190FBF1F201FB120069
:20DB20000A2190FBF1F201FB1200C0B2FFF730FF287031BD70B582B004000E0000208DF813
:20DB400001009DF801008DF80000A4B24FF47A7094FBF0F00500ADB20A2D42DAA4B24FF467
:20DB60007A7094FBF0F0C0B2FFF712FF3070761CA4B24FF47A7094FBF0F100FB11406421DD
:20DB800090FBF1F0C0B2FFF703FF3070761CA4B24FF47A7094FBF0F100FB1140642190FB2E
:20DBA000F1F201FB12000A2190FBF1F0C0B2FFF7EFFE3070761CA4B24FF47A7094FBF0F163
:20DBC00000FB1140642190FBF1F201FB12000A2190FBF1F201FB1200C0B2FFF7D9FE307072
:20DBE00044E069462800C0B2FFF7DBFE9DF900003070761C9DF901003070761CA4B24FF4BF
:20DC00007A7094FBF0F100FB1140642190FBF1F0C0B2FFF7BDFE3070761CA4B24FF47A7095
:20DC200094FBF0F100FB1140642190FBF1F201FB12000A2190FBF1F0C0B2FFF7A9FE3070E1
:20DC4000761CA4B24FF47A7094FBF0F100FB1140642190FBF1F201FB12000A2190FBF1F259
:20DC600001FB1200C0B2FFF793FE307073BDC0B23A2802DB3738C0B201E03038C0B27047C9
:20DC8000F8B504000D002000C0B2FFF7F0FF0600F6B20A272800C0B2FFF7E9FF07FB0600F0
:20DCA000C0B2F2BD70B504002078FFF7E0FF05006078FFF7DCFF0600A078FFF7D8FFEDB275
:20DCC0004FF47A7115FB01F1F6B2642216FB0211C0B20A2210FB0215E078FFF7C8FF55FA9E
:20DCE00080F080B270BD70B504002078FFF7BFFF05006078FFF7BBFF0600A078FFF7B7FF89
:20DD0000EDB24FF4805115FB01F1F6B24FF4807216FB0211C0B280B211EB0015E078FFF74A
:20DD2000A6FF55FA80F080B270BD70B504000D002000C0B2FFF79BFFC0B206012800C0B2B5
:20DD4000FFF795FF56FA80F0C0B270BD10B4010089B211F00F0289B211F0F003102493FBD7
:20DD6000F4F30A2404FB0322100089B211F470624FF4807392FBF3F264235A4312FA80F000
:20DD800089B211F470424FF4805392FBF3F24FF47A7303FB020080B210BC704730B401003F
:20DDA00011F00F042200C9B211F0F004102594FBF5F40A256C4323009C182000C0B230BCDD
:20DDC000704730B40100C9B2642901DB992015E00B00DBB2642093FBF0F400FB1433DBB2B8
:20DDE0000A20DBB20A2493FBF4F413EB041493FBF0F500FB154002001000C0B230BC7047C8
:20DE000010B401000A0092B24FF47A7392FBF3F34FF4805413FB04F3180092B24FF47A73A4
:20DE200092FBF3F403FB142292B2642392FBF3F34FF48074634313FA80F092B2642392FB4A
:20DE4000F3F403FB142292B20A2392B20A2492FBF4F4240114FA80F0101892FBF3F403FB12
:20DE6000140080B210BC704730B4020000242000002423001C000D00E4B2EDB2AC4205D245
:20DE8000147850FA84F0521C5B1CF3E780B230BC704700000000350CB06A0020766E002025
:20DEA00091C91900107A0700F8B504000D004FF6FF77002006003000290080B289B288422F
:20DEC0000BD23A0092B24AF20101B6B2A05D80B200F03CF80700761CEDE7380080B2F2BD68
:20DEE000F8B504000D000027002006003000290080B289B288420BD23A0092B24AF20101EE
:20DF0000B6B2A05D80B200F021F80700761CEDE7380080B2F2BDF8B504000D0016000020E7
:20DF200007003800290080B289B288420BD2320092B24AF20101BFB2E05D80B200F006F8E3
:20DF400006007F1CEDE7300080B2F2BD10B4030010005B0008242200D2B2002A0FD09BB2E1
:20DF60005B089BB280B290EA0304E40703D580B291EA500001E080B24008521EECE780B2AE
:20DF800010BC704702001078491E521C89B2002904D013781818491E521CF7E7C0B27047D0
:20DFA00038B5DFF8900B0500286880B2DFF8881B0860DFF8840B0068DFF8801B09688842DE
:20DFC00066D000200400E4B2102C61DADFF8680B0068E04010F00100C0B2002826D0DFF8A0
:20DFE0005C0B0068E04010F00100C0B200281DD1DFF8480B00680121A1400843DFF83C1B9B
:20E0000008602100C9B2DFF8380BDFF8342B127A0A235A4310440A3000F0CEFCDFF8240B08
:20E02000007850F00400DFF81C1B0870DFF8080B0068E04010F00100C0B2002826D1DFF8C3
:20E04000FC0A0068E04010F00100C0B200281DD0DFF8E80A00680121A1408843DFF8DC1ADE
:20E0600008602100C9B2DFF8D80ADFF8D42A127A0A235A4310440A3000F09EFCDFF8C40AFB
:20E08000007850F00400DFF8BC1A0870641C9AE7DFF8B40A0068DFF8B41A0968884255D09C
:20E0A00000200400E4B2202C50DADFF89C0A0068E04010F00100C0B2002824D0DFF88C0A2F
:20E0C0000068E04010F00100C0B200281BD1DFF87C0A00680121A1400843DFF8701A086055
:20E0E00014F14001C9B2DFF8680ADFF8642A5278120110440A3000F072F9FF2114F1400086
:20E10000C0B200F0FDFBDFF8400A0068E04010F00100C0B2002817D1DFF8300A0068E040E0
:20E1200010F00100C0B200280ED0DFF8200A00680121A1408843DFF8141A0860002114F19C
:20E140004000C0B200F0DCFB641CABE7DFF8040A0068DFF8041A0968884255D0002004006E
:20E16000E4B2202C50DADFF8EC090068E04010F00100C0B2002824D0DFF8DC090068E0406C
:20E1800010F00100C0B200281BD1DFF8CC0900680121A1400843DFF8C019086014F1600118
:20E1A000C9B2DFF8AC09DFF8A8295278120110440A3000F0B3F8FF2114F16000C0B200F0C3
:20E1C00031FBDFF890090068E04010F00100C0B2002817D1DFF880090068E04010F00100AF
:20E1E000C0B200280ED0DFF8700900680121A1408843DFF864190860002114F16000C0B26D
:20E2000000F010FB641CABE7DFF83C09006840084000002811D0DFF84409007800280CD13B
:20E220000120DFF8381908705F21DFF80809FFF75DFBFF215F2000F063FBDFF80C09006826
:20E24000002825D1DFF814090078002820D0DFF81009006843F69921884211D30020DFF82C
:20E26000001908600020DFF8F41808705F21DFF8C408FFF72DFB00215F2000F041FB0BE0AA
:20E28000DFF8DC080068401CDFF8D418086003E00020DFF8CC180860DFF8A8080078800728
:20E2A00010D5DFF8AC08407ADFF8A4184978884233D1DFF89008007810F0FD00DFF88418BB
:20E2C00008702AE0DFF87C080078400710D5DFF87008C079DFF86818097A88421DD1DFF8CC
:20E2E0006408007810F0FB00DFF85818087014E0DFF85008007800070FD5DFF86808C0797A
:20E30000DFF86018097A884207D1DFF83808007810F0F700DFF82C18087031BD70B5040059
:20E320000D0014F10800DFF84018082201F062FB28206070A5704D2020700020E070DFF8AB
:20E3400010084078401C232190FBF1F201FB1200DFF8FC17487000200600F6B2042E35DA20
:20E36000DFF8EC07F6B200EB4600807852281CD1DFF8DC074078DFF8D817F6B201EB460188
:20E38000C978884211D1DFF8C807F6B200EB4600C078401C232190FBF1F201FB1200DFF8E6
:20E3A000B017F6B201EB4601C870DFF8A407F6B200EB46008078202806D15220DFF8901721
:20E3C000F6B201EB46018870761CC6E7DFF87407007850F00200DFF86C17087070BD2DE90A
:20E3E000F84304000D0014F10800DFF87C17082201F000FB27206070A570002081464846A3
:20E40000DFF868170978C0B2884211D22800DFF8601709685FFA89F9142202FB09F2895C31
:20E42000C0B2884201D1C84602E019F10109E6E7DFF83C0700685FFA88F8142101FB08F178
:20E440000844807CE070E0780600F6B2002E00F08F810020814648463100C0B2C9B2884293
:20E4600080F08681DFF8080700685FFA88F8142101FB08F108445FFA89F94844C07C5FFA8C
:20E4800089F904EB890108715FFA89F904EB890000790700FFB23800072823D00D287AD0AB
:20E4A0000E2800F009810F2800F0CC80102800F0E680112800F01D8112284FD0142811D06E
:20E4C000192800F0A2801A2800F08280252800F01F812B2800F03A812C2800F028812D2898
:20E4E0001FD042E1DFF88C060088B0F5004F07DB47F6FF705FFA89F904EB8901C88007E014
:20E50000DFF8700600885FFA89F904EB8901C880DFF8640600785FFA89F904EB89014871C4
:20E5200023E1DFF850060088B0F5004F07DB47F6FF705FFA89F904EB8901C88007E0DFF846
:20E54000340600885FFA89F904EB8901C88000205FFA89F904EB8901487106E1DFF8140658
:20E560008089B0F5004F07DB47F6FF705FFA89F904EB8901C88007E0DFF8F80580895FFA57
:20E5800089F904EB8901C88000205FFA89F904EB89014871E9E0DFF8DC054089B0F5004FCD
:20E5A00007DB47F6FF705FFA89F904EB8901C88007E0DFF8C00540895FFA89F904EB890191
:20E5C000C88000205FFA89F904EB89014871CCE0DFF8A005808AB0F5004F07DB47F6FF7012
:20E5E0005FFA89F904EB8901C88007E0DFF88405808A5FFA89F904EB8901C88000205FFA19
:20E6000089F904EB89014871AFE0DFF86805C08AB0F5004F07DB47F6FF705FFA89F904EBDD
:20E620008901C88007E0DFF84C05C08A5FFA89F904EB8901C88000205FFA89F904EB89019F
:20E64000487192E0DFF82C05008AB0F5004F07DB47F6FF705FFA89F904EB8901C88007E0F8
:20E66000DFF81005008A5FFA89F904EB8901C88000205FFA89F904EB8901487175E0DFF82F
:20E68000F404C089B0F5004F07DB47F6FF705FFA89F904EB8901C88007E0DFF8D804C08938
:20E6A0005FFA89F904EB8901C88000205FFA89F904EB8901487158E0DFF8B804408AB0F557
:20E6C000004F07DB47F6FF705FFA89F904EB8901C88007E0DFF89C04408A5FFA89F904EBCF
:20E6E0008901C88000205FFA89F904EB890148713BE0DFF8800440885FFA89F904EB890189
:20E70000C88000205FFA89F904EB890148712CE0DFF86004C0885FFA89F904EB8901C88059
:20E7200000205FFA89F904EB890148711DE0DFF8440480885FFA89F904EB8901C8800020CC
:20E740005FFA89F904EB890148710EE0DFF8240400895FFA89F904EB8901C88000205FFA21
:20E7600089F904EB89014871FFE719F1010972E64D202070DFF8D8034078401C232190FB01
:20E78000F1F201FB1200DFF8C8134870002081465FFA89F9B9F1040F3CDADFF8B4035FFAA2
:20E7A00089F900EB4900807852281FD1DFF8A0034078DFF89C135FFA89F901EB4901C97837
:20E7C000884213D1DFF888035FFA89F900EB4900C078401C232190FBF1F201FB1200DFF8EF
:20E7E00070135FFA89F901EB4901C870DFF860035FFA89F900EB49008078202807D152207A
:20E80000DFF84C135FFA89F901EB4901887019F10109BDE7CB48007850F00200C9490870AA
:20E82000BDE8F1832DE9F84304000D00002007003800DFF838130978C0B288420DD2200020
:20E84000CB490968FFB2142202FB07F2895CC0B2884200D1B9467F1CEAE7C54800685FFA2B
:20E8600089F9142101FB09F10844407C0600F6B2FF2E3DD0EDB2002D1CD03100C9B2AD48A2
:20E88000FFF734F87F21AB48FFF730F8002080465FFA88F8B8F1040F15DAA6485FFA88F874
:20E8A0004044007BB5495FFA88F84144087118F10108EDE73100C9B29E48FFF709F87F2175
:20E8C0009C48FFF705F83100C9B29D489C4A127A0A235A4310440A3000F06EF87F21984830
:20E8E000974A127A0A235A4310440A3000F064F89448007850F0040092490870BDE8F18303
:20E900002DE9F84304000D0000200700380097490978C0B288420ED2200095490968FFB299
:20E92000142202FB07F2895CC0B2884201D1B94601E07F1CEAE78E4800685FFA89F914211E
:20E9400001FB09F10844407C0600F6B2FF2E2BD0EDB2002D18D03100C9B27648FEF7C6FF0B
:20E96000002080465FFA88F8B8F1040F11DA71485FFA88F84044007A80495FFA88F801F806
:20E98000080018F10108EDE73100C9B26948FEF79FFF3100C9B26A48694A127A0A235A4332
:20E9A00010440A3000F008F86648007850F0040064490870BDE8F18370B504000D002900D2
:20E9C000C9B25C48FEF7A0FF5D495D4A127A0A235A43114488725A485949097A0A2251430B
:20E9E00008440C306049082201F004F854485449097A0A2251430844C5725148007A401C61
:20EA0000232190FBF1F201FB12004D49087202205B49087000200600F6B2042E2BDA484853
:20EA2000F6B210F81600522818D14548007A4449F6B201EB4601497888420FD14048F6B2A3
:20EA400000EB46004078401C232190FBF1F201FB12003B49F6B201EB460148703848F6B272
:20EA600010F81600202804D152203549F6B201F81600761CD0E770BD70B504000D00394887
:20EA80003849097A0A2251430844857235483549097A0A22514308440C303349082200F013
:20EAA000A9FF30482F49097A0A2251430844C4722C48007A401C232190FBF1F201FB1200EF
:20EAC0002849087200200600F6B2042E2BDA2548F6B210F81600522818D12248007A214962
:20EAE000F6B201EB4601497888420FD11D48F6B200EB46004078401C232190FBF1F201FBD0
:20EB000012001849F6B201EB460148701548F6B210F81600202804D152201249F6B201F841
:20EB20001600761CD0E70748007850F008000549087070BDD06B00204C6D0020146D00209F
:20EB40001C5C00206B6E0020446D00200C6D0020E0590020486D0020106D00205B6E002006
:20EB6000186D0020845D0020786C00205D6E0020246D0020306B0020756E0020706C002095
:20EB8000746E002080B5AB20DFF8F81C08806420DFF8F01C48805520DFF8E81C8880002059
:20EBA000DFF8E01CC8800020DFF8D81C08810020DFF8D01C48810020DFF8C81C8882002015
:20EBC000DFF8C01CC8600020DFF8B81C0861012000F08EF801BD2DE9F043B3B00027DFF827
:20EBE000A40C8046DFF87C0B0500DFF87C0B0088060000200700320092B22900684604F0E8
:20EC00006FFE9DF800009DF8011050EA01200400A4B2AB2C17D0FFF7B5FF7F1CFFB2032FB1
:20EC200045D1DFF8480B008850F01000DFF83C1B0880DFF8540C006850F00200DFF8481CEA
:20EC40000860002051E03000811E89B26846FFF747F90400A4B2002C11D020006946314462
:20EC600011F8021CC0B2884209D1200080B2000A6946314411F8011CC0B2884215D07F1CF5
:20EC8000FFB2032F13D1DFF8E40A008850F01000DFF8D81A0880DFF8F00B006850F0020043
:20ECA000DFF8E41B086000201FE000200700FFB2002FA0D1002081465FFA89F9B1450BD2EA
:20ECC00068465FFA89F910F8090088F8000018F1010819F10109EFE7DFF8B00BDFF8A41BF6
:20ECE00091EC060B80EC060B012033B0BDE8F0832DE9F047B2B00400DFF8880B0600DFF8F3
:20ED0000640A8046DFF8600A00888146B9F1020189B23000FFF7E4F882461FFA89F906EBF1
:20ED2000090000F802AC504680B2000A1FFA89F906EB090101F8010CE4B2002C09D1DFF843
:20ED40004C0BDFF8401B91EC060B80EC060B01203EE0002005004A4692B24146300004F03C
:20ED60009CFE4A4692B24146684604F0B9FDB9F1020189B26846FFF7B3F807003800694621
:20ED80001FFA89F9494411F8021CC0B288420BD1380080B2000A69461FFA89F9494411F8B8
:20EDA000011CC0B2884205D06D1CEDB2032D03D100200DE000200500EDB2002DCBD1DFF888
:20EDC000CC0ADFF8C01A91EC060B80EC060B012032B0BDE8F087F8B50400E4B2002C00F01F
:20EDE000A180E4B2012C14D1A620DFF8A41A08800020DFF89C1A88700020DFF8941A0871A4
:20EE00000020DFF88C1A48710120DFF8841AC87088E0E4B2022C05D0E4B2032C02D0E4B2A0
:20EE2000042C37D1E4B2022C0BD1A620DFF8641A08800020DFF85C1A4880DFF8580A0600E3
:20EE40001DE0E4B2032C0BD1A620DFF84C1A08800020DFF8441A4880DFF83C0A06000EE05B
:20EE6000E4B2042C0BD1A620DFF8301A08800020DFF8281A4880DFF8240A0600FFE7361D3C
:20EE800000200500EDB2102D4CDAA5203070761C6D1CF7E7E4B2082C24D1A620DFF8001A77
:20EEA00008800520DFF8F81988700220DFF8F019C8700120DFF8E81908710020DFF8E01929
:20EEC00048710020DFF8D81988710020DFF8D019C8710020DFF8C81908720020DFF8C0195D
:20EEE00048721FE0E4B2092C1CD1A620DFF8B4190880DFF8B0090700BF1C00200500EDB279
:20EF0000162D05DA40F2C4403880BF1C6D1CF6E740F2CE30DFF88C19C8857FF00700DFF85A
:20EF2000841908862000C0B200F038F9F1BD2DE9F04F9BB00400E4B2012C0AD1DFF85009D3
:20EF400081464FF440400600DFF85C09007807003AE0E4B2022C08D1DFF8380981464FF48D
:20EF6000E0400600162007002EE0E4B2032C08D1DFF8240981464FF4E04006001620070011
:20EF800022E0E4B2042C08D1DFF8100981464FF4E04006001620070016E0E4B2082C08D1DA
:20EFA000DFF8FC0881464FF4004006000C2007000AE0E4B2092C07D1DFF8E80881464FF495
:20EFC0003040060034200700E4B2002C57D03A0092B2B6B2310001A804F082FC9DF80400AC
:20EFE000A62805D02000C0B2FFF7F5FE0020D2E03800811E89B201A8FEF772FF05002800D3
:20F0000001A9394411F8021CC0B2884209D1280080B2000A01A9394411F8011CC0B288429F
:20F020001BD0E4B2092C18D02000C0B2FFF7D3FE00208DF80000DFF83407008850F010004A
:20F04000DFF828170880DFF84008006850F00200DFF83418086000209DE0002083465FFADF
:20F060008BFBBB450BD201A85FFA8BFB10F80B0089F8000019F101091BF1010BEFE7E4B279
:20F08000092C42D100208046DFF820088246002083465FFA8BFBBBF1160F16DABAF8000040
:20F0A00040F68911884205DABAF8000040F26221884205DA40F2C440AAF800000120804608
:20F0C0001AF1020A1BF1010BE3E7DFF8D807B0F93010DFF8D007B0F92E00FEF793FB002868
:20F0E0000BD140F2CE30DFF8BC17C8857FF00700DFF8B0170886012080461FFA88F8B8F142
:20F10000000F02D00920FFF766FEE4B2012C07D1DFF89C07DFF87817082200F06BFC35E07A
:20F12000E4B2022C07D1DFF88C07DFF86817162200F060FC2AE0E4B2032C07D1DFF87807F2
:20F14000DFF85417162200F055FC1FE0E4B2042C07D1DFF86807DFF84417162200F04AFC71
:20F1600014E0E4B2082C07D1DFF85407DFF830170C2200F03FFC09E0E4B2092C06D1DFF8EE
:20F180004407DFF82017342200F034FC01208DF800009DF800001BB0BDE8F08F2DE9F04F21
:20F1A00099B004000026E4B2012C0AD1DFF8E00607004FF440408046DFF8EC0600788146E9
:20F1C0003AE0E4B2022C08D1DFF8C80607004FF4E0408046162081462EE0E4B2032C08D1FA
:20F1E000DFF8B40607004FF4E04080461620814622E0E4B2042C08D1DFF8A00607004FF4E9
:20F20000E04080461620814616E0E4B2082C08D1DFF88C0607004FF4004080460C208146C6
:20F220000AE0E4B2092C07D1DFF8780607004FF43040804634208146B9F1020189B2380031
:20F24000FEF74EFE82461FFA89F907EB090000F802AC504680B2000A1FFA89F907EB090100
:20F2600001F8010C002005004A4692B21FFA88F84146380004F011FC0120FCF7A6FC4A46F0
:20F2800092B21FFA88F84146684604F029FBB9F1020189B26846FEF723FE83465846694682
:20F2A0001FFA89F9494411F8021CC0B288420BD1584680B2000A69461FFA89F9494411F82D
:20F2C000011CC0B2884205D06D1CEDB2032D03D1002047E000200500EDB2002DC4D1E4B271
:20F2E000012C07D1DFF8C805DFF8A415082200F081FB35E0E4B2022C07D1DFF8B805DFF823
:20F300009415162200F076FB2AE0E4B2032C07D1DFF8A405DFF88015162200F06BFB1FE08B
:20F32000E4B2042C07D1DFF89405DFF87015162200F060FB14E0E4B2082C07D1DFF88005EE
:20F34000DFF85C150C2200F055FB09E0E4B2092C06D1DFF87005DFF84C15342200F04AFB5D
:20F360003000C0B219B0BDE8F08FF8B50400DFF84005C07800282CD1DFF84C050600002086
:20F3800007003800DFF84415097880B289B2884217D2002005002800DFF83415BFB24FF43C
:20F3A000B27202FB07F21144497C80B289B2884205D220883080A41CB61C6D1CEBE77F1C2B
:20F3C000DFE7DFF81005DFF800155A2200F012FB62E0DFF8DC04C07801282CD1DFF8F804EC
:20F3E0000600002007003800DFF8F014097880B289B2884217D2002005002800DFF8E01414
:20F40000BFB24FF4B27202FB07F21144497C80B289B2884205D220883080A41CB61C6D1C83
:20F42000EBE77F1CDFE7DFF8BC04DFF8AC143E2200F0E0FA30E0DFF87804C07802282BD180
:20F44000DFF8A4040600002007003800DFF89C14097880B289B2884217D200200500280053
:20F46000DFF88C14BFB24FF4B27202FB07F21144497C80B289B2884205D220883080A41C07
:20F48000B61C6D1CEBE77F1CDFE7DFF86804DFF85814542200F0AEFAF1BD2DE9F04F83B014
:20F4A0000400FF2005004FF4C040FCF7FDF8814646F20100FCF7F8F8C0438DF80400DFF8B3
:20F4C000380400F06EFADFF83004DFF82C14097808444078A5280CD148469DF80410C0B29E
:20F4E000884206D1DFF810040078022801DA00200500EDB2002D5AD00020DFF8FC1308706A
:20F50000A520DFF8F4134870012080461FFA88F8B8F1020F09DA5A20DFF8DC131FFA88F89A
:20F520004144487018F10108F0E745F6A5214FF4C040FCF7C4F84FF4C040FCF7B5F8824607
:20F540005FFA8AFA4FF4807B46F20100FCF7ACF80BFB0A000600B6B245F6A52086420CD09E
:20F560008248008850F4807080490880C648006850F00200C449086038E0002081464846FA
:20F5800010F10109C0B2032811DADFF86C0300F011FA0A20FCF719FB684600F002FA0322A7
:20F5A000DFF85413684605F0A9F90028E7D1D2480078D2498870D14800F0D7F9CF4800F063
:20F5C00017F800280DD16948008850F4807067490880AD48006850F00200AB49086000F086
:20F5E00071F8C74807003800FFF7BFFEBDE8F78F2DE9F84F0400208845F6A521884201D0D1
:20F6000000205DE05A200500201D07002900C9B23800FEF729FC80464046B4F8681080B232
:20F62000884201D000204BE0201D8146002006003000A6490978C0B2884240D200208346E3
:20F640005846B0490968F6B24FF4B27202FB06F21144497CC0B288422FD2B9F800008246CE
:20F6600019F10209A7480068F6B24FF4B27101FB06F108445FFA8BFB1C2101FB0BF1084471
:20F68000408C514689B2884212D350469D490968F6B24FF4B27202FB06F211445FFA8BFBF8
:20F6A0001C2202FB0BF21144098C80B2884201D2002005E01BF1010BC2E7761CB8E7012041
:20F6C000BDE8F28F2DE9F04145F6A5208B4908808948007889498870894880460020040093
:20F6E00020007A490978C0B2884224D200200500280084490968E4B24FF4B27202FB04F2F9
:20F700001144497CC0B2884213D27E480068E4B24FF4B27101FB04F10844EDB21C2101FB6F
:20F7200005F10844808CA8F8000018F102086D1CDEE7641CD4E70020A8F8000018F102086C
:20F740006F4807005A2006003100C9B23800FEF78BFB6A49A1F86800684800F014F9BDE806
:20F76000F081000000D077007A010020FC6D00202DE9F04182B004000D006348008845F6B5
:20F78000A521884201D0002079E05F4885705B485D496A2200F02EF9002006003000461C4F
:20F7A000C0B2032822DA554800F0EDF8002080461FFA88F841F28830804502DA18F1010821
:20F7C000F6E7514800F0D1F86A224F494B4805F095F800280AD0002080461FFA88F8B8F197
:20F7E000FF0F02DA18F10108F7E7D7E7F6B2032E05DB4AF25A504449088000203FE0A520B9
:20F800003D493E4A927811444870002006003000461CC0B2032821DA374800F0CBF8002021
:20F8200080461FFA88F8B8F1FF0F02DA18F10108F7E7684600F0B5F803222F49684605F05B
:20F840005DF800280AD0002080461FFA88F8B8F1FF0F02DA18F10108F7E7D8E74AF25A50AA
:20F86000294908802448007824498870234800F07CF8234807003800FFF777FD0120BDE89C
:20F88000F6810000E86A0020486D0020D06A0020686C0020186B0020606B0020906B0020B3
:20F8A000406C0020C06900207C010020C2690020606C0020006B0020486B0020786B0020FE
:20F8C000346C00208C690020B0660020616E00207800020854660020D4680020CE0401089B
:20F8E000682702089468002060670020CF040108F01302080C670020506D00207C65002012
:20F9000080650020386D0020E86500202DE9F041B6B0040088461500424692B22900200007
:20F9200004F0BBF81420FCF761F9424692B22900684603F0D5FF2700002006003000C0B246
:20F94000414680B289B288420BD23800471C00786946F6B2895D884201D0002002E0761C8D
:20F96000ECE7012036B0BDE8F08138B50400A0786E21484310F5A04005006A2229002000B5
:20F9800003F0AEFF31BD38B50400A0786E21484310F5A04005002A006A212000FFF7B6FF4C
:20F9A00031BD10B5040003224FF4C041200003F097FF10BD10B504004FF4C042032120005F
:20F9C000FFF7A4FF10BD10B5040003224FF41041200003F085FF10BD10B504004FF410427D
:20F9E00003212000FFF792FF10BD0268531C03601170704762B38B0708D0521E11F8013BC7
:20FA000000F8013B00F024808B07F6D1830740F0208000BF103A07D330B4B1E83810103A79
:20FA2000A0E83810F9D230BC530724BFB1E80810A0E8081044BF51F8043B40F8043BD207D6
:20FA400024BF31F8022B20F8022B44BF0B7803707047083A07D3B1E80810083A40F8043BF2
:20FA600040F804CBF7D25307E4E7100E10B50400A4B2211DA4B2200004F0BEF8002801D1FC
:20FA8000012000E0002010BD80B500F0F0F901BD80B50020DFF80015087040F2FF30DFF8BB
:20FAA000FC148880DFF8F404808800284FD0FCF762FFDFF8E8048088400110F58020DFF834
:20FAC000E01408600020DFF8DC140880DFF8D4040088042828D20422DFF8C4040168DFF8F9
:20FAE000C80403F0FDFEDFF8B8040068001DDFF8B0140860DFF8B004006810F1010F0BD052
:20FB0000DFF898048088401CDFF8901488800120DFF88414087007E0DFF888040088401C55
:20FB2000DFF880140880D1E7DFF86C0490F9000000280CD1DFF864048088002807D0DFF828
:20FB40005C048088401EDFF854148880AAE70020DFF84414087040F2FF30DFF8501488809C
:20FB6000DFF84804808800284FD0FCF704FFDFF83C048088400110F5A020DFF82414086081
:20FB80000020DFF820140880DFF818040088022828D20422DFF808040168DFF80C0403F0C7
:20FBA0009FFEDFF8FC030068401CDFF8F4130860DFF8F403006810F1010F0BD0DFF8EC03E0
:20FBC0008088401CDFF8E41388800120DFF8C813087007E0DFF8CC030088401CDFF8C41381
:20FBE0000880D1E7DFF8B00390F9000000280CD1DFF8B8038088002807D0DFF8B003808882
:20FC0000401EDFF8A8138880AAE70020DFF88813087040F2FF30DFF898138880DFF89003FC
:20FC20008088002848D0FCF7A6FEDFF884038088400110F5C020DFF8681308600020DFF8A8
:20FC400064130880DFF85C030088022825D20422DFF84C030168DFF8500303F041FEDFF8DE
:20FC600040030068401CDFF838130860DFF83803006810F1010F0AD0DFF834038088401C1C
:20FC8000DFF82C1388800120C349087005E0C5480088401CC3490880D4E7BF4890F90000EC
:20FCA000002809D1C2488088002805D0C0488088401EBF498880B1E701BD38B5BD48407AB3
:20FCC000BC49497888423FD0B4488088B0F5806F15DB5FF4862005004FF480522900B648C3
:20FCE00003F0FEFD4020FFF7C1FE4FF480525FF48021B14803F0D1FE8020A8498880A748B5
:20FD00008088400110F580200500AA48A949497A090108440A30040010222900200003F047
:20FD2000BCFE9E488088401C9C498880A148407A401CA04948729F48407A232190FBF1F2DD
:20FD400001FB12009B49487231BD38B59B48C0799A49097A884240D094488088B0F5806F48
:20FD600015DB5FF4A62005004FF480522900924803F0B6FD5020FFF779FE4FF480525FF472
:20FD8000A0218D4803F089FE80208849888087488088400110F5A020050088488749C97916
:20FDA0000A22514308440A3004000A222900200003F073FE7D488088401C7C4988807F4863
:20FDC000C079401C7D49C8717C48C079232190FBF1F201FB12007949C87131BD38B578483C
:20FDE000C0797749097A884240D071488088B0F5806F15DB5FF4C62005004FF480522900EC
:20FE00006D4803F06DFD6020FFF730FE4FF480525FF4C021684803F040FE802064498880AD
:20FE200063488088400110F5C020050064486449C9790A22514308440A3004000A222900AA
:20FE4000200003F02AFE5A488088401C584988805B48C079401C5A49C8715948C079232186
:20FE600090FBF1F201FB12005549C87131BD80B554480078800702D5FFF71FFF0CE0514801
:20FE80000078400702D5FFF760FF05E04D480078000701D5FFF7A2FF01BD01000020C9B2B7
:20FEA000002902D13D4A92881000C9B2012902D13E4A92881000C9B2022902D13C4A928852
:20FEC000100080B27047F8B504000D001600F6B2002E09D1A4B2600110F580200700102210
:20FEE0003900280003F0FCFCF6B2012E09D1A4B2600110F5A02007000A223900280003F002
:20FF0000EFFCF6B2022E09D1A4B2600110F5C02007000A223900280003F0E2FC0120F2BD73
:20FF200010B50400E4B2002C0ED120201B49488000201A4988804020FFF798FD002801D07C
:20FF4000012026E0002024E0E4B2012C0ED12020164948800020154988805020FFF786FDDE
:20FF6000002801D0012014E0002012E0E4B2022C0ED120200E49488000200D498880602061
:20FF8000FFF774FD002801D0012002E0002000E0002010BD000000005C6E0020106C00208B
:20FFA0001C6D0020D26D0020206D00201C6C0020286C0020E0590020803100201C5C00206E
:20FFC000845D00206B6E00200CB41CB5044604A801900A46009401AB69460748784418307D
:20FFE00004F0BEFC009A0021117000285CBF0098001B16BC5DF80CFBF3F9FFFF3220C0B245
:020000040801F1
:20000000002801D0401EFAE7704780B51020ADF8000002208DF8020010208DF803006946D7
:200020006A4803F0D6FE0820ADF8000002208DF8020014208DF803006946644803F0C9FE00
:2000400001BD80B5082062490860FFF7D7FF10205F490860FFF7D2FF5E480068002801D197
:20006000012000E0002008205B490860FFF7C6FF102059490860FFF7C1FF012002BD80B56B
:20008000102055490860FFF7B9FF082052490860FFF7B4FF10204E490860FFF7AFFF0820AD
:2000A0004B490860FFF7AAFF01BD80B510204A490860FFF7A3FF082047490860FFF79EFF3C
:2000C000102043490860FFF799FF102042490860FFF794FF01BD80B510203F490860FFF7B9
:2000E0008DFF08203A490860FFF788FF102038490860FFF783FF102037490860FFF77EFFC8
:2001000001BD80B5102034490860FFF777FF08202F490860FFF772FF10202D490860FFF7F8
:200120006DFF2C480068000704D510202A490860002003E0102028490860012002BD38B5B3
:20014000040008252800451EC0B2002816D0102021490860FFF752FF200603D508201C498F
:20016000086002E008201C4908606400FFF746FF102017490860FFF741FFE3E7102016491A
:20018000086031BD38B5082400250820104908602000441EC0B2002811D06D0010200E49F1
:2001A0000860FFF72BFF102009490860FFF726FF084800680007EBD555F00105E8E71020E9
:2001C000054908602800C0B232BD00000018014010180140081801401418014080B5FFF725
:2001E00030FF002801D100202AE06420FFF7A7FFFFF787FF002803D1FFF741FF00201FE0BF
:200200001020FFF79CFFFFF77CFF8020FFF797FFFFF777FFFFF733FFFFF713FF6420FFF76A
:200220008EFFFFF76EFF0F20FFF789FFFFF769FF8420FFF784FFFFF764FFFFF720FF012017
:2002400002BD80B5FFF7FDFE002801D100201CE06420FFF774FFFFF754FF002803D1FFF77B
:200260000EFF002011E00F20FFF769FFFFF749FF0020FFF764FFFFF744FF0020FFF75FFF6F
:20028000FFF73FFFFFF7FBFE012002BD10B50400FFF7A4FFFFF7D5FE6420FFF750FFFFF771
:2002A00030FF002803D1FFF7EAFE00202FE00020FFF745FFFFF725FF2078FFF740FFFFF7CF
:2002C00020FF6078FFF73BFFFFF71BFFA07850F08000C0B2FFF733FFFFF713FFE078FFF71F
:2002E0002EFFFFF70EFF2079FFF729FFFFF709FF6079FFF724FFFFF704FFA079FFF71FFF01
:20030000FFF7FFFEFFF7BBFEFFF79BFF012010BD10B50400FFF795FE6420FFF710FFFFF7EC
:20032000F0FE002803D1FFF7AAFE002033E00020FFF705FFFFF7E5FEFFF783FE6520FFF71D
:20034000FEFEFFF7DEFEFFF71DFF2070FFF7ADFEFFF718FF6070FFF7A8FEFFF713FF10F00B
:200360007F00A070FFF7A1FEFFF70CFFE070FFF79CFEFFF707FF2071FFF797FEFFF702FF69
:200380006071FFF792FEFFF7FDFEA071FFF7A3FEFFF775FE012010BD1CB504006846FFF79D
:2003A000B7FFA41C9DF8000010F0F000512805DA9DF8000010F00F000A2802DB00208DF892
:2003C00000009DF8010010F0F000512805DA9DF8010010F00F000A2802DB00208DF80100E5
:2003E0009DF8020010F0F000212805DA9DF8020010F00F000A2802DB00208DF802009DF85D
:20040000040010F0F000312805DA9DF8040010F00F000A2802DB00208DF804009DF80500B6
:2004200010F0F000112805DA9DF8050010F00F000A2802DB00208DF805009DF8060010F0B7
:20044000F000912805DA9DF8060010F00F000A2802DB00208DF806009DF800002070641C0B
:200460009DF801002070641C9DF802002070641C9DF804002070641C9DF805002070641CDC
:200480009DF806002070641C13BD1CB50400A41C20788DF80000641C20788DF80100641C11
:2004A00020788DF80200641C20788DF80400641C20788DF80500641C20788DF80600641CB7
:2004C00000208DF803006846FFF7E0FE13BD0B0E00F10103810704D010F8011B89B18107D2
:2004E000FAD10268B2F10131914311F0803F04BF50F8042FF6E710F8011B11B110F8011B39
:20050000FBE7C01A70470B0D38B50400DFF8900A006805002900DFF8880A0068FCF791FC07
:20052000A4B2A042F6D331BD01005FF0FF30DFF8742AC9B232F81120DFF86C3AC9B233F8DF
:2005400011309A421BD0DFF8642AC9B24FF4006303FB01F31A44DFF84C3AC9B233F8113079
:20056000D25C1000DFF83C2AC9B232F81120521C5205520DDFF82C3AC9B223F8112070474B
:2005800010B402005FF0FF30DFF8183AD2B233F81230DFF8144AD2B234F81240641C6405DD
:2005A000640DA3421CD0DFF8043AD2B24FF4006404FB02F42344DFF8F049D2B234F812404B
:2005C0001955DFF8E439D2B233F812305B1C5B055B0DDFF8D449D2B224F812300123180077
:2005E00010BC7047F0B587B004000D001600DFF8C009844202D10020070023E0DFF8B4097E
:20060000844202D1002007001CE0DFF8AC09844202D10020070015E0DFF8A009844202D1C4
:20062000002007000EE0DFF89809844202D10020070007E0DFF88C09844202D1002007005A
:2006400000E01AE2DFF8680984421CD10021DFF8780905F070FBDFF8700905F047FA002242
:200660008021DFF84C0905F088FC0021012005F05FFD01214FF4804005F069FD01210120DE
:2006800005F056FDA3E0DFF82C0984421CD10021DFF8380905F04FFBDFF8300905F026FA33
:2006A00000228021DFF80C0905F067FC0021012005F03EFD01215FF4003005F057FD0121B1
:2006C000012005F035FD82E0DFF8EC0884421CD10021DFF8FC0805F02EFBDFF8F40805F010
:2006E00005FA00228021DFF8D00805F046FC0021012005F01DFD01215FF4802005F036FDC4
:200700000121012005F014FD61E0DFF8B00884421CD10021DFF8BC0805F00DFBDFF8B408C1
:2007200005F0E4F900228021DFF8900805F025FC0021012005F0FCFC01215FF4002005F0E6
:2007400015FD0121012005F0F3FC40E0DFF8700884421CD10021DFF8800805F0ECFADFF80C
:20076000780805F0C3F900228021DFF8540805F004FC0021012005F0DBFC01215FF480104A
:2007800005F0F4FC0121012005F0D2FC1FE0DFF8340884421BD10021DFF8400805F0CBFAB0
:2007A000DFF8380805F0A2F900228021DFF8140805F0E3FB0021012005F0BAFC01215FF0AB
:2007C000807005F0C4FC0121012005F0B1FCDFF81008EDB250F825000290F6B2002E13D148
:2007E0000020ADF80C000020ADF80E000020ADF810000020ADF814000C20ADF8120002A919
:20080000200005F001FB7CE0F6B2012E15D14FF48050ADF80C000020ADF80E004FF48060F4
:20082000ADF810000020ADF814000C20ADF8120002A9200005F0E8FA63E0F6B2022E15D1A4
:200840004FF48050ADF80C000020ADF80E004FF4C060ADF810000020ADF814000C20ADF83F
:20086000120002A9200005F0CFFA4AE0F6B2032E14D10020ADF80C004FF40050ADF80E00DE
:200880000020ADF810000020ADF814000C20ADF8120002A9200005F0B7FA32E0F6B2042E6A
:2008A00016D14FF48050ADF80C004FF40050ADF80E004FF48060ADF810000020ADF8140096
:2008C0000C20ADF8120002A9200005F09DFA18E0F6B2052E15D14FF48050ADF80C004FF41E
:2008E0000050ADF80E004FF4C060ADF810000020ADF814000C20ADF8120002A9200005F061
:2009000083FADFF8AC06844212D1DFF8D806FFB24FF4806101FB07F1084401900094DFF862
:20092000A8361A220121DFF8C00600F0A8F871E0DFF88006844212D1DFF8A806FFB24FF47E
:20094000806101FB07F1084401900094DFF87C361C220221DFF8900600F091F85AE0DFF870
:200960005806844212D1DFF87C06FFB24FF4806101FB07F1084401900094DFF854361E223C
:200980000321DFF8640600F07AF843E0DFF82C06844212D1DFF84C06FFB24FF4806101FBC1
:2009A00007F1084401900094DFF8283620220421DFF8340600F063F82CE0DFF80406844223
:2009C00012D1DFF82006FFB24FF4806101FB07F1084401900094DFF8003622220521DFF8AF
:2009E000080600F04CF815E0DFF8D805844211D1DFF8F005FFB24FF4806101FB07F1084483
:200A000001900094DFF8D43524220621DFF8D80500F035F8012240F22551200005F082FA37
:200A200001228021200005F0A8FA0121200005F06BFA0020DFF86C15FFB221F81700002026
:200A4000DFF8A815FFB221F817000020DFF8A015FFB221F817000020DFF89815FFB221F826
:200A600017000020DFF89015FFB221F817000020DFF88815FFB221F8170007B0F0BD2DE9F3
:200A8000F0438BB004000D0016001F00DDF84880DDF84C90380005F029F818F10400009069
:200AA000CDF80490102002904FF47A700390002004908020059000200690002007900020E5
:200AC00008904FF40050099000200A906946380005F091F83200D2B22900C9B2200005F0C4
:200AE000A9F80BB0BDE8F0832DE9F04104000D0000265FF00008DFF8B804844202D1002061
:200B0000804624E0DFF8AC04844202D1002080461DE0DFF8A404844202D10020804616E014
:200B2000DFF89804844202D1002080460FE0DFF89004844202D10020804608E0DFF88404A3
:200B4000844202D10020804601E0002011E04046C0B2FFF7E9FC070017F1010F07D02F70BC
:200B60006D1C761CB6B2B6F5006F00DAEFE7300080B2BDE8F0812DE9F84306000D00140038
:200B800000275FF00008A4B2002C01D1002005E2DFF81C04864202D10020804624E0DFF829
:200BA0001404864202D1002080461DE0DFF80804864202D10020804616E0DFF800048642A2
:200BC00002D1002080460FE0DFF8F403864202D10020804608E0DFF8EC03864202D10020B5
:200BE000804601E00020D9E1DFF8C403864251D1A4B2DFF8F0035FFA88F84FF4806101FBD3
:200C000008F100EB0109220029004846FEF7F2FEDFF8D0035FFA88F84FF4806101FB08F18C
:200C20000844DFF8DC130860A4B2DFF8D80304600121DFF8940305F07EF8DFF8640300682D
:200C4000DFF8C4135FFA88F841F828000520FFF75BFC022005F07DF800280DD00021DFF8B1
:200C6000680305F068F8022005F088F80520FFF74BFC200080B291E1DFF88C035FFA88F8B8
:200C800050F82810C6480068FCF7DBF8B0F5FA7FDCD382E1C748864248D1A4B2D1485FFAB0
:200CA00088F84FF4806101FB08F100EB0109220029004846FEF79EFECA485FFA88F84FF40E
:200CC000806101FB08F10844D0490860A4B2D04804600121BD4805F02EF8B1480068CA49E9
:200CE0005FFA88F841F828000520FFF70DFC202005F02FF800280CD00021B44805F01BF811
:200D0000202005F03BF80520FFF7FEFB200080B244E1BD485FFA88F850F82810A048006832
:200D2000FCF78FF8B0F5FA7FDED336E1A24886424AD1A4B2AB485FFA88F84FF4806101FB44
:200D400008F100EB0109220029004846FEF752FEA4485FFA88F84FF4806101FB08F108445D
:200D6000AC490860A4B2AC4804600121984804F0E2FF8B480068A4495FFA88F841F828002F
:200D80000520FFF7C1FB4FF4007004F0E2FF00280DD000218E4804F0CEFF4FF4007004F090
:200DA000EDFF0520FFF7B0FB200080B2F6E096485FFA88F850F8281079480068FCF741F8CD
:200DC000B0F5FA7FDCD3E8E07C4886424AD1A4B284485FFA88F84FF4806101FB08F100EBD8
:200DE0000109220029004846FEF704FE7D485FFA88F84FF4806101FB08F1084487490860DE
:200E0000A4B2874804600121724804F094FF644800687D495FFA88F841F828000520FFF7B7
:200E200073FB4FF4005004F094FF00280DD00021684804F080FF4FF4005004F09FFF052097
:200E4000FFF762FB200080B2A8E06F485FFA88F850F8281052480068FBF7F3FFB0F5FA7F51
:200E6000DCD39AE0564886424AD1A4B25D485FFA88F84FF4806101FB08F100EB01092200C4
:200E800029004846FEF7B6FD56485FFA88F84FF4806101FB08F1084462490860A4B2624804
:200EA000046001214C4804F046FF3D48006856495FFA88F841F828000520FFF725FB5FF48B
:200EC000003004F046FF00280DD00021424804F032FF5FF4003004F051FF0520FFF714FBE3
:200EE000200080B25AE048485FFA88F850F828102B480068FBF7A5FFB0F5FA7FDCD34CE013
:200F00003048864249D1A4B236485FFA88F84FF4806101FB08F100EB0109220029004846E3
:200F2000FEF768FD2F485FFA88F84FF4806101FB08F108443D490860A4B23D480460012153
:200F4000264804F0F8FE164800682F495FFA88F841F828000520FFF7D7FA5FF4001004F07E
:200F6000F8FE00280DD000211C4804F0E4FE5FF4001004F003FF0520FFF7C6FA200080B295
:200F80000CE021485FFA88F850F8281004480068FBF757FFB0F5FA7FDCD30020BDE8F283A0
:200FA000406D0020D66D0020D86D002080410020003801400044004000480040004C0040AA
:200FC0000050004000600140080002401C0002403000024044000240580002406C000240F8
:200FE00094760208E052002000000240DA6D0020DC6D0020DE6D0020E26D0020E06D002032
:20100000140002400C0002403C6D002028000240200002403C000240340002405000024011
:2010200048000240640002405C000240780002407000024070B400252A0000252B0000258E
:201040002C00DFF8005CED78002D18D1DFF8F85B2D680688B54201D341252A00DFF8E85BF4
:201060002D690688B54201D342252B00DFF8D85B2D6A0688B5423DD343252C003AE0DFF834
:20108000C45BED78012D18D1DFF8C05B2D680688B54201D341252A00DFF8B05B2D6906883F
:2010A000B54201D342252B00DFF8A05B2D6A0688B5421FD343252C001CE0DFF8885BED7844
:2010C000022D17D1DFF8A05C2D680688B54201D341252A00DFF8905C2D690688B54201D3F6
:2010E00042252B00DFF8805C2D6A0688B54201D343252C00D2B2412A08D1DBB2422B05D18F
:20110000E4B2432C02D003250D7049E0D2B2412A08D1DBB2422B05D0E4B2432C02D1052591
:201120000D703DE0D2B2412A08D0DBB2422B05D1E4B2432C02D106250D7031E0D2B2412AFE
:2011400008D1DBB2422B05D0E4B2432C02D001250D7025E0D2B2412A08D0DBB2422B05D1D1
:20116000E4B2432C02D002250D7019E0D2B2412A08D0DBB2422B05D0E4B2432C02D1042564
:201180000D700DE0D2B2412A08D1DBB2422B05D1E4B2432C02D107250D7001E001250D7048
:2011A00070BC7047F0B5059C069D079E91F800C0BCF15A0F3BD1B2F800C0BCF1000F36D027
:2011C000B3F800C05FF0F30E0EFB0CFC5FEA1C2C67468446BE461FFA8CFC1FFA8EFEF445B8
:2011E00021D3B4F800C0BCF10A0F15DBD5F800C056EA0C0CC5F800C0DFF890CCBCF800C0D0
:20120000BCF1000F13D1DFF864CBBCF800C0DFF87CECAEF800C00AE0B4F800C01CF1010C9F
:20122000A4F800C003E05FF0000CA4F800C0F0BDF0B4049C059D069E0F785A2F15D11788EC
:20124000002F12D01F8884461FFA8CFC67450AD32788142F03DB2F6837432F6005E02788DE
:201260007F1C278001E000272780F0BC7047F0B4049C059D0F885FF0F30C0CFB07F73F0A01
:201280003E000700B1F800C0BFB2674510D31F6827420BD11768002F05D01F6827431F60E1
:2012A0000027176002E017687F1C1760288019E00700B446BFB21FFA8CFC674509D2176863
:2012C000002F02D00027176002E01F68A7431F600EE01F68274205D11768002F02D01768EA
:2012E0007F0817601F68274202D017687F1C1760F0BC70472DE9F84F04000D0016001F0097
:20130000DDF82880DDF82C90DDF830A0A16809B2606800B2FCF74BF88346A96809B2686841
:2013200000B2FCF744F8ADF800000FFA8BFBBDF90000BBEB0000022190FBF1FB0FFA8BFB13
:20134000BBF1B50F01DBBBF5B47B0FFA8BFB1BF1B40F01DA1BF5B47B3000594600B209B2AE
:2013600088421ADA5846390000B209B2884214DAD9F8000010EA0A0F04D1B8F80000401CEE
:20138000A8F80000B8F80000022815DBD9F800005AEA0000C9F800000EE0B8F80000002847
:2013A00004D0B8F80000401EA8F80000D9F8000030EA0A00C9F80000BDE8F18F2DE9F04189
:2013C00084B004000D00DFF8F00B006840031CD4DFF87408006F298888420DD3DFF86808F7
:2013E000D0F880002988884206D3DFF85C08D0F890002988884224D2DFF8BC0B006850F403
:201400008020DFF8B41B08601BE02888DFF83818096F884215D22888DFF82C18D1F88010FF
:2014200088420ED22888DFF82018D1F89010884207D2DFF8840B006830F48020DFF8781B3B
:20144000086040F6B830060014200700DFF8A40CDFF8A41C09783022514308440FC8DFF846
:201460009CCC8CE80F00DFF88C0CDFF88C1C097830225143084410300FC8DFF884CC8CE82E
:201480000F00DFF8700CDFF8701C097830225143084420300FC8DFF86CCC8CE80F00DFF844
:2014A000680C0FC8DFF84CCCDFF84CEC9EF800E05FF0300808FB0EFEF4448CE80F00DFF845
:2014C0004C0C0FC8DFF82CCCDFF82CEC9EF800E05FF0300808FB0EFEF4441CF1100C8CE83E
:2014E0000F00DFF82C0C0FC8DFF808CCDFF808EC9EF800E05FF0300808FB0EFEF4441CF130
:20150000200C8CE80F00DFF8F00B0078401CDFF8E81B0870DFF8E00B007810F00F00DFF804
:20152000D81B0870DFF82007006FB6B2B0420ED2DFF81407D0F88000B6B2B04207D2DFF855
:201540000807D0F89000B6B2B042C0F08280DFF8F8060068BFB2B84218D3DFF8EC06D0F8F4
:201560008000B6B2B04211D304200290DFF8A40B0190DFF8A40B00905B237FF01E02DFF8E6
:201580008C1BDFF8C406FFF7B5FE0BE00020DFF8881B0880DFF87C0B006830F00400DFF88C
:2015A000741B0860DFF8A0060069BFB2B84218D3DFF89406D0F89000B6B2B04211D3402091
:2015C0000290DFF8500B0190DFF8500B00905B237FF01E02DFF8381BDFF8440BFFF78AFE19
:2015E0000BE00020DFF8341B0880DFF8280B006830F04000DFF81C1B0860DFF84C06006A57
:20160000BFB2B84218D3DFF84006006FB6B2B04212D34FF480600290DFF8F80A0190DFF8B3
:20162000040B00905B237FF01E02DFF8DC1ADFF8F80AFFF75FFE8BE00020DFF8E81A088019
:20164000DFF8D00A006830F48060DFF8C81A08607EE0DFF8F4050068BFB2B84217D3DFF88A
:201660009C0A0069B6B2B04211D304200290DFF8A40A0190DFF8A00A00905B237FF01E0233
:20168000DFF87C1ADFF8C005FFF734FE0BE00020DFF8841A0880DFF87C0A006830F0040028
:2016A000DFF8701A0860DFF8A0050069BFB2B84217D3DFF8480A006AB6B2B04211D34020F6
:2016C0000290DFF8500A0190DFF8500A00905B237FF01E02DFF82C1ADFF8440AFFF70AFEA8
:2016E0000BE00020DFF8341A0880DFF8280A006830F04000DFF81C1A0860DFF84C05006A5A
:20170000BFB2B84218D3DFF8F4090068B6B2B04212D34FF480600290DFF8F8090190DFF803
:20172000040A00905B237FF01E02DFF8D019DFF8F809FFF7DFFD0BE00020DFF8E819088029
:20174000DFF8D009006830F48060DFF8C8190860DFF864080068000427D52088012810D1F0
:20176000DFF85408006830F48020DFF84C180860DFF8A0090068DFF8901C0840DFF8941930
:2017800008602088022810D1DFF82C08006850F48020DFF824180860DFF87809006840F26A
:2017A00044410843DFF86C190860BDE8FF812DE9F34F83B014001D000E9E0F9FDDF84080C5
:2017C000DDF84490DDF848A0049800785A2802D12088002810D1D8F8000030EA0900C8F8D6
:2017E000000000203860DFF8240C006830EA0A00DFF8181C0860F3E09DF85000002832D049
:20180000DFF84004C07800280BD1DFF83C04016A89B2DFF83404006880B2FCF798F88346BF
:201820005EE0DFF82004C07801280BD1DFF81C04016A89B2DFF81404006880B2FCF787F89A
:2018400083464DE0DFF8FC03C078022848D1DFF81805016A89B2DFF81005006880B2FCF72E
:2018600076F883463CE0DFF8DC03C07800280FD1DFF8D403026A92B2DFF8CC03016989B276
:20188000DFF8C403006880B2FCF76EF8834627E0DFF8B003C07801280FD1DFF8B003026A26
:2018A00092B2DFF8A803016989B2DFF8A003006880B2FCF759F8834612E0E248C07802281E
:2018C0000ED1DFF8A404026A92B2DFF89C04016989B2DFF89404006880B2FCF745F88346DC
:2018E00013980190CDF8009043463A002900584680B2FFF7BCFC208802280CD1DFF8B806A9
:201900000068400307D4D8F8000030EA0900C8F8000000203860208803282BD1D8F8000037
:2019200010EA090F26D0C84800682988884204D3DFF8E007007840071CD4C3480069298843
:20194000884204D3DFF8CC070078400612D4BE48006A2988884204D3DFF8B8070068400593
:2019600008D4D8F8000030EA0900C8F800000020386035E03088052806DA2888032803DA8E
:201980000520ADF8080002E03088ADF808003868BDF80810884213D3D8F8000010EA090F2F
:2019A0000ED0DFF8680A00685AEA0000DFF85C1A086007F0BBFADFF8581A2800FFF73AFB57
:2019C000386800280CD1D8F8000010EA090F07D1DFF8380A006830EA0A00DFF8301A08607A
:2019E00005B0BDE8F08F2DE9F64F87B004001D00139E149FDDF85480079800785A2803D1E1
:201A000008980088002810D10020306000207060386830EA08003860DFF8F00900681699B4
:201A20008843DFF8E819086009E12888F3214843000AADF80C002000BDF80C1080B28842BA
:201A400014D2386810EA080F00F0EA807068052808D30020706000203060386830EA080053
:201A60003860DDE07068401C7060D9E02000298880B28842C0F0D480386810EA080F05D1FC
:201A800000203060386858EA0000386017980480012001900898008802281BD112980088C7
:201AA000824647F23150824502D347F2305082464FF4586000FB0AFAA4B220022988B0FBB9
:201AC000F1F08146B9F580793068019901FB090030608BE008980088012864D112980088CD
:201AE00082464EF66120824502D34EF66020824642F2D73000FB0AFAA4B2A0022988B0FBA3
:201B0000F1F08146012083460FFA8BFBBBF10E0F0ADADFF8380C0FFA8BFB50F82B0048454D
:201B200002DA1BF1010BEFE7DFF8200C0FFA8BFB50F82B000290DFF8180C0FFA8BFB50F872
:201B40002B0005900298B9EB00004FF480414843029990FBF1F08000009000988010009920
:201B600089104843001304900098C01040F21F51484310F100500499C91040F2822202FB6B
:201B8000110081465FEA6939059800FB09F95FEA693909F17F4919F57F093068019901FB77
:201BA0000900306022E00898008803281ED112980088824642F21170824502D342F2107049
:201BC00082464FF4A04000FB0AFAA4B220022988B0FBF1F0814609FB09F05FEA2029B9F562
:201BE00080793068019901FB090030603068504516D3386810EA080F12D0DFF81008006825
:201C000016990843DFF80418086007F08FF99DF86000002804D1DFF8F8172800FFF70AFAF6
:201C2000306800280BD1386810EA080F07D1DFF8DC07006816998843DFF8D017086009B004
:201C4000BDE8F08F606C0020AC6100205C6200202DE9F34F83B015001E000F9FDDF8408068
:201C6000DDF84890DDF84CA0DDF850B0159C049800785A2802D12888002810D1D8F800007E
:201C800030EA0900C8F80000DFF88007006830EA0A00DFF8781708600020386060E0D8F8E1
:201CA000000010EA090F15D1C34800681199084210D1D8F8000030EA0900C8F80000DFF85A
:201CC0004C07006830EA0A00DFF8401708600020386045E0CDF804B0CDF8009043463A0021
:201CE0003100BDF80C00FFF7C2FA288802280BD1B1480068400307D4D8F8000030EA090018
:201D0000C8F800000020386038680E990988884216D3D8F8000010EA090F11D0DFF8EC0634
:201D200000685AEA0000DFF8E416086007F0FEF8E4B2002C04D1DFF8D8163000FFF77AF9DC
:201D4000386800280CD1D8F8000010EA090F07D1DFF8B806006830EA0A00DFF8B0160860FE
:201D600005B0BDE8F08F00002C600020FA6D00202DE9FB4F84B01400109D119E129FDDF8CD
:201D80004C80DDF85090DDF854A0DDF858B0059800785A2802D12088002816D1386830EA41
:201DA00008003860DFF8040D006830EA0A00DFF8FC1C0860DFF85406006830EA0900DFF825
:201DC0004C160860002030605CE0CDF804B0CDF800803B0032000699BDF81000FFF747FA87
:201DE0002088012828D128880A214843029030680299884211D3386810EA080F0DD0DFF8DB
:201E00000C06006859EA0000DFF8001608600020DFF8FC15087007F089F8306800280BD11C
:201E2000386810EA080F07D1DFF8E005006830EA0900DFF8D81508602088022822D1288831
:201E40000A21484302903068029988420BD3386810EA080F07D0DFF8540C00685AEA0000F4
:201E6000DFF8481C0860306800280BD1386810EA080F07D1DFF8340C006830EA0A00DFF820
:201E80002C1C086007B0BDE8F08F00000C6E00202DE9F34F83B014001D000E9E0F9FDDF832
:201EA0004080DDF84490DDF848A0DDF84CB0049800785A2802D12088002818D1D8F8000039
:201EC00030EA0900C8F80000DFF8E00B006830EA0B00DFF8D81B0860DFF83005006830EA10
:201EE0000A00DFF8281508600020386061E014980190CDF8009043463A002900BDF80C0024
:201F0000FFF7B5F93088052806DA2888032803DA0520ADF8080002E03088ADF808002088DF
:201F2000012822D13868318888420ED3D8F8000010EA090F09D0DFF8D40400685AEA00006B
:201F4000DFF8C814086006F0F1FF386800280CD1D8F8000010EA090F07D1DFF8B00400682E
:201F600030EA0A00DFF8A41408602088022820D13868318888420CD3D8F8000010EA090F9F
:201F800007D0DFF8280B00685BEA0000DFF81C1B0860386800280CD1D8F8000010EA090FB6
:201FA00007D1DFF8080B006830EA0B00DFF8FC1A086005B0BDE8F08F9C6C00202DE9FB4F1C
:201FC00082B014000E9D0F9E109FDDF84480DDF84890DDF84CA0DDF850B0039800785A2843
:201FE00002D12088002816D100203060DFF81C04006830EA0900DFF814140860DFF8AC0A31
:20200000006830EA0A00DFF8A41A0860386830EA080038606AE0DFF8780C0068C00116D425
:2020200000203060DFF8E403006830EA0900DFF8DC130860DFF8740A006830EA0A00DFF8C1
:202040006C1A0860386830EA080038604EE0CDF804B0CDF800803B0032000499BDF8080085
:20206000FFF705F9208801281ED13068298888420DD3386810EA080F09D0DFF8900300685D
:2020800059EA0000DFF88413086006F04FFF3068002809D1386810EA080F05D1DB48006837
:2020A00030EA0900D9490860208802281ED13068298888420BD3386810EA080F07D0DFF862
:2020C000EC0900685AEA0000DFF8E0190860306800280BD1386810EA080F07D1DFF8CC0956
:2020E000006830EA0A00DFF8C419086005B0BDE8F08F0000E0560020876E0020286A002042
:20210000386A0020486A00201C6200202C6200203C620020946C0020546E0020566E00203B
:20212000BC610020586E0020CC6100202DE9F24F82B0040015001E000D9FDDF83880DDF861
:202140003C90DDF840A0DDF844B0029800785A2802D12888002816D100203860AB480068FC
:2021600030EA0A00A9490860DFF84009006830EA0B00DFF838190860D8F8000030EA0900B1
:20218000C8F800003EE1DFF8080B0068DFF8041B0840B0F1807F16D0002038609B48006847
:2021A00030EA0A0099490860DFF80009006830EA0B00DFF8F8180860D8F8000030EA090002
:2021C000C8F800001EE130884FF486714843000AADF800002000BDF8001080B2884216D34A
:2021E000002038608948006830EA0A0087490860DFF8B808006830EA0B00DFF8B018086067
:20220000D8F8000030EA0900C8F80000FAE040F2DC50ADF802003088DFF87C1A096F8842C5
:2022200024D33088DFF8701AD1F8801088421DD33088DFF8641AD1F89010884216D31298A8
:202240000480D8F8000010EA090F3AD13868002808D0D8F8000059EA0000C8F80000012079
:2022600038602EE03868401C38602AE0BDF80000DFF8241A096F88420FD3BDF80000DFF8A0
:20228000181AD1F88010884207D3BDF80000DFF8081AD1F89010884208D2D8F8000030EA6A
:2022A0000900C8F80000002038600AE0D8F8000010EA090F05D13868002802D03868400879
:2022C0003860D8F8000010EA090F02D03868401C38609DF84C00012813D12000BDF8021049
:2022E00080B2884204D3DFF8A8090068000425D500203860D8F8000030EA0900C8F80000B2
:2023000080E02000BDF8021080B2884208D2DFF88009006810F42040B0F5005F05D10DE0AD
:20232000DFF86C090068000408D500203860D8F8000030EA0900C8F8000063E02888012881
:202340003BD138680C990988884228D3D8F8000010EA090F23D03088DFF83C19096F8842DB
:202360001DD33088DFF83019D1F88010884216D33088DFF82419D1F8901088420FD33088F0
:20238000DFF8801A0988884209D3129804801F4800685AEA00001D49086006F0C7FD38682C
:2023A00000280AD1D8F8000010EA090F05D11748006830EA0A00154908602888022821D1E5
:2023C00038680C99098888420CD3D8F8000010EA090F07D0DFF8D40600685BEA0000DFF890
:2023E000CC160860386800280CD1D8F8000010EA090F07D1DFF8B406006830EA0B00DFF83F
:20240000AC160860BDE8F78FBBFBFFFF446D0020756E00202DE9F24F82B0040015001E001F
:202420000D9FDDF83880DDF83C90DDF840A0DDF844B0029800785A2802D12888002818D11C
:2024400000203860DFF8DC05006830EA0A00DFF8D4150860DFF85406006830EA0B00DFF8C3
:202460004C160860D8F8000030EA0900C8F800006AE1DFF81C080068DFF818180840B0F141
:20248000807F18D000203860DFF89805006830EA0A00DFF890150860DFF81006006830EA4A
:2024A0000B00DFF808160860D8F8000030EA0900C8F8000048E130884FF486714843000A51
:2024C000ADF800002000BDF8001080B2884218D300203860DFF84C05006830EA0A00DFF848
:2024E00044150860DFF8C405006830EA0B00DFF8BC150860D8F8000030EA0900C8F800002B
:2025000022E140F2DC50ADF802003088DFF88817096F884224D33088DFF87C17D1F88010D1
:2025200088421DD33088DFF87017D1F89010884216D313980480D8F8000010EA090F3AD193
:202540003868002808D0D8F8000059EA0000C8F80000012038602EE03868401C38602AE0A3
:20256000BDF80000DFF83017096F88420FD3BDF80000DFF82417D1F88010884207D3BDF8EB
:202580000000DFF81417D1F89010884208D2D8F8000030EA0900C8F80000002038600AE0D7
:2025A000D8F8000010EA090F05D13868002802D0386840083860D8F8000010EA090F02D095
:2025C0003868401C38602888032813D02000BDF8021080B2884204D3DFF8B40600680004F2
:2025E00025D500203860D8F8000030EA0900C8F80000A9E02000BDF8021080B2884208D230
:20260000DFF88C06006810F42040B0F5005F05D10DE0DFF87C060068000408D50020386064
:20262000D8F8000030EA0900C8F800008CE0288801283FD138680C99098888422AD3D8F825
:20264000000010EA090F25D03088DFF84C16096F88421FD33088DFF84016D1F88010884246
:2026600018D33088DFF83016D1F89010884211D33088DFF89017098888420BD313980480E5
:20268000DFF8A00300685AEA0000DFF89813086006F04CFC386800280CD1D8F8000010EA7D
:2026A000090F07D1DFF87C03006830EA0A00DFF8741308602888022821D138680C990988E0
:2026C00088420CD3D8F8000010EA090F07D0DFF8DC0300685BEA0000DFF8D0130860386873
:2026E00000280CD1D8F8000010EA090F07D1DFF8BC03006830EA0B00DFF8B0130860288846
:20270000032821D138680C99098888420ED3D8F8000010EA090F09D0C248006812990843F8
:20272000C04908601398048006F000FC386800280AD1D8F8000010EA090F05D1B948006843
:2027400030EA0A00B7490860BDE8F78F507302088C7302082DE9F74F04001D000F9E109F13
:20276000DDF84480DDF84890DDF84CA0DDF850B0029800785A2802D12888002814D1002039
:202780003060A848006830EA0900A6490860DFF81807006830EA0A00DFF80C170860386853
:2027A00030EA08003860A8E00C98008840F201114843000AADF800000D980088BDF8041037
:2027C000884203D2A4B2B4F57A6F14DC002030609448006830EA090092490860DFF8C80683
:2027E000006830EA0A00DFF8C0160860386830EA0800386081E00C980088210089B288422B
:2028000017D3A4B2B4F57A6F13DBABF80040386810EA080F24D13068002806D0386858EAF7
:2028200000003860012030601AE03068401C306016E0BDF80000210089B2884206D2386888
:2028400030EA080038600020306009E0386810EA080F05D13068002802D03068400830609C
:20286000386810EA080F02D03068401C3060288801281FD130680E99098888420DD338686E
:2028800010EA080F09D06748006859EA000065490860ABF8004006F049FB3068002809D127
:2028A000386810EA080F05D15E48006830EA09005C490860288802281FD130680E990988B9
:2028C00088420BD3386810EA080F07D0DFF8D80500685AEA0000DFF8D01508603068002884
:2028E0000BD1386810EA080F07D1DFF8BC05006830EA0A00DFF8B0150860BDE8F78F2DE90A
:20290000F34F81B014009B460C9D0D9E0E9FDDF83C80DDF84090DDF844A0029800785A28CB
:2029200002D12088002814D100202880386830EA080038603B48006830EA090039490860F5
:20294000DFF86405006830EA0A00DFF85C15086066E0DFF8580500780121BDF8042091403D
:2029600008420CD02888062805DB386858EA00003860002030802888401C28801FE0002056
:202980002880386810EA080F18D03088401C30803088062813DB386830EA0800386021489B
:2029A000006830EA09001F490860DFF8FC04006830EA0A00DFF8F014086000E030E01948C5
:2029C000006810EA090F2BD12088012812D12888BBF8001088420DD3386810EA080F09D026
:2029E0001048006859EA00000E49086006F09EFA002028802088022812D12888BBF8001097
:202A000088420DD3386810EA080F09D0DFF8980400685AEA0000DFF89014086000202880B8
:202A2000BDE8F78F446D002030B4DFF87C4424681C4218D0DFF87444247805002C4202D0DD
:202A400000240C602FE00C68641C0C600C68062C29D300240C60DFF8504424689C43DFF898
:202A600048542C601FE0DFF84444247805002C4210D00C68641C0C600C6892B2944212D30E
:202A800000240C60DFF8204424681C43DFF818542C6008E000240C60DFF80C4424689C43A7
:202AA000DFF804542C6030BC70470000486D00202DE9F14F81B00B980C9C0D9D0E9E0F9F0D
:202AC000DDF840E0DDF844808946CC4693461FFA8CFC1FFA8BFBDC4502D2CA46914600E0B2
:202AE0009246CC469B461FFA8CFC1FFA8BFBDC4504D2ADF800A0CA4699460DE0D4469B46B8
:202B00001FFA8CFC1FFA8BFBDC4502D3ADF8003002E0ADF800A09A461FFA89F91FFA8AFA6B
:202B2000B9EB0A0CBCF5E16F11DC1FFA89F9BDF800C0B9EB0C0CBCF5E16F08DC1FFA8AFA9F
:202B4000BDF800C0BAEB0C0CBCF5E16F0CDDD4F800C03CEA070CC4F800C0D4F800C056EA4C
:202B60000C0CC4F800C005E0D4F800C03CEA060CC4F800C01FFA89F9B9F5E16F11DAD4F84C
:202B800000C01CEA080F0CD1D4F800C057EA0C0CC4F800C0D4F800C03CEA060CC4F800C0DA
:202BA00005E0D4F800C03CEA070CC4F800C0DDF804C0BCF800C0BCF1000F0ED15FF0000CEC
:202BC000C0F800C0DFF8E0C2DCF800C03CEA0E0CDFF8D4B2CBF800C058E0D4F800C017EB8A
:202BE000060B1CEA0B0F24D0D4F800C01CEA050F4CD1D0F800C01CF1010CC0F800C0D0F80B
:202C000000C0BCF57A7F41D95FF0000CC0F800C0D4F800C055EA0C0CC4F800C0DFF888C2DD
:202C2000DCF800C05EEA0C0CDFF87CB2CBF800C02CE0D4F800C01CEA050F23D0D0F800C0EB
:202C40001CF1010CC0F800C0D0F800C0BCF1650F1CD35FF0000CC0F800C0D4F800C016EBEA
:202C6000050B17EB0B0B3CEA0B0CC4F800C0DFF838C2DCF800C03CEA0E0CDFF82CB2CBF856
:202C800000C003E05FF0000CC0F800C0BDE8F38F9C6C002000800001AC610020F0B4049C7D
:202CA000059DDFF8C869367836062DD4DFF8BC69366857183E4209D0DFF8B06936680E423F
:202CC00017D0DFF8A8693668164212D01E68A4B2A6420AD300261E60DFF89069366856F054
:202CE0008006DFF888793E6035E01E68761C1E6031E0DFF87869366836F08006DFF86C795E
:202D00003E6000261E6026E0DFF8606936680E4204D1DFF858693668164209D1DFF84C6914
:202D200036680E4215D0DFF844693668164210D11E68761C1E601E68322E0CD300261E6066
:202D4000DFF82869366836F08006DFF820793E6001E000261E600688002E10D0DFF80C6946
:202D60003678360605D5504E36682E434E4F3E600AE04D4E3668AE434B4F3E6004E04A4EDF
:202D80003668AE43484F3E60F0BC7047F0B4049C059D069E444F3F68274219D12F68074215
:202DA00013D02F68374210D117687F1C176017689BB29F4224D3002717603B4F3F682743D1
:202DC000DFF8E4C0CCF800701AE00027176017E02F68074205D02F68374202D1002717607F
:202DE0000EE017687F1C17601768322F08D3002717602D4F3F68A743DFF8ACC0CCF8007077
:202E0000F0BC70471C6E002070B4039CDFF85C582D786D0623D5DFF854582D6805420CD00C
:202E2000DFF848582D680D4207D1DFF840582D68AD0402D500251D6034E01D686D1C1D6092
:202E40001D68A4B2A5422DD300251D60DFF81C582D6835F04005DFF81468356022E0DFF803
:202E60000C582D6805421BD0DFF800582D680D4216D1DFF8F8572D68AD0411D51D686D1CCD
:202E80001D601D68A4B2A5420CD300251D60DFF8DC572D6855F04005DFF8D067356001E0C5
:202EA00000251D6070BC7047486D0020D06B0020F0B4049C059D069E2F68374215D189B2A2
:202EC00088420FDA1F88A4461FFA8CFC674505D300271F802F6837432F601BE01F887F1CE6
:202EE0001F8017E000271F8014E092B282420FDA1F88A4461FFA8CFC674505D300271F8015
:202F00002F68B7432F6005E01F887F1C1F8001E000271F80F0BC70477FB5DFF85407B0F9B2
:202F200000000400DFF84C070079002800F091800022210089B2DFF84007F9F79BFFDFF8C4
:202F40003C1708600122210089B2DFF83407F9F791FFDFF8281748600222210089B2DFF890
:202F60002407F9F787FFDFF8141788600322210089B2DFF81407F9F77DFFDFF80017C860D1
:202F80000422210089B2DFF80407F9F773FFDFF8EC1608610522210089B2DFF8F406F9F7E5
:202FA00069FFDFF8D816486100200190200000B200900423DFF8D4260321DFF8CC06F9F773
:202FC000C2FFDFF8B816886100200190200000B200900523DFF8B8260421DFF8B006F9F710
:202FE000B2FFDFF89816C86100200190200000B200900323DFF890260521DFF89406F9F725
:20300000A2FFDFF87816086202AA03A9200000B2F9F7FEFF039840F2F231484302992D22C4
:2030200002FB11004FF47A7190FBF1F0DFF84C16486203982D21029A40F2F2335A4301FB90
:2030400000204FF47A7190FBF1F0DFF830168862D3E00022210089B2DFF83806F9F70AFF70
:2030600001F03CFBDFF83026DFF8303606F082F801F014FCDFF8041608600222210089B274
:20308000DFF81C06F9F7F6FE01F028FBDFF80826DFF8083606F06EF801F000FCDFF8DC1514
:2030A00088600322210089B2DFF8DC05F9F7E2FE01F014FBDFF8EC25DFF8EC3506F05AF8F7
:2030C00001F0ECFBDFF8B415C8600422210089B2DFF8B805F9F7CEFE01F000FBDFF8C425D2
:2030E000DFF8C43506F046F801F0D8FBDFF88C1508610522210089B2DFF89405F9F7BAFE8C
:2031000001F0ECFADFF89C25DFF89C3506F032F801F0C4FBDFF864154861012001902000FD
:2031200000B200900223DFF878250021DFF86405F9F709FF01F0D2FADFF85C25DFF85C35DE
:2031400006F018F801F0AAFBDFF83015486000200190200000B200900423DFF83025032185
:20316000DFF82405F9F7EFFE01F0B8FADFF83425DFF8343505F0FEFF01F090FBDFF8FC140A
:20318000886100200190200000B200900523DFF800250421DFF8F404F9F7D5FE01F09EFACF
:2031A000DFF80025DFF8003505F0E4FF01F076FBDFF8C814C86100200190200000B20090DE
:2031C0000323DFF8C4240521DFF8C404F9F7BBFE01F084FADFF8CC24DFF8CC3405F0CAFFD1
:2031E00001F05CFBDFF894140862DFF8C024DFF8C014200000B2F9F7D4FF0020060036B295
:203200000B2E10DADFF8740436B250F8260001F071FB032805DA0020DFF8601436B241F8F3
:203220002600761CEBE7DFF854040068DFF88414098B4843C011DFF880140860DFF83C0424
:203240004068DFF87014498B4843C011DFF868144860DFF828048068DFF85814898B484373
:20326000C011DFF854148860DFF81004C068DFF84414098C48434012DFF83C14C860DFF87C
:20328000FC030069DFF82C14498C48434012DFF828140861DFF8E4034069DFF81814898C02
:2032A00048434012DFF810144861DFF8D0038069DFF80014C98C48434012DFF8FC1388610E
:2032C000DFF8B803C069DFF8EC13098D48434012DFF8E413C861DFF8A403006ADFF8D4134D
:2032E000498D48434012DFF8D0130862DFF88C030068DFF8C813098B4843C011DFF8C013DD
:20330000DFF8C023127841F82200DFF870034068DFF8A813498B4843C011DFF8A413DFF8F5
:20332000A423127801EB82010861DFF850038068DFF88813898B4843C011DFF88413DFF82B
:203340008423127801EB82010862DFF83003C068DFF86813098C48434012DFF86413DFF848
:203360006423127801EB82010863C4480069DFF84C13498C48434012DFF84413DFF8442399
:20338000127801EB82010864BC484069DFF82C13898C48434012DFF82813DFF82823127855
:2033A00001EB82010865B5488069C449C98C48434012C349C34A127801EB82010866AF4895
:2033C000C069BE49098D48434012BD49BD4A127801EB82010867A948006AB849498D484318
:2033E0004012B749B74A127801EB8201C1F88000A248406A03900398B34908609F48806A51
:2034000002900298B14908600398AC49B1F92E1048430299A94AB2F9302002FB11004FF441
:203420007A7190FBF1F0A649A64A127801EB8201C1F890000398A149B1F93010029A9F4B1F
:20344000B3F92E305A4301FB00204FF47A7190FBF1F09B499B4A127801EB8201C1F8A000F4
:2034600003989449B1F92E1048430299914AB2F9302002FB11004FF47A7190FBF1F08E4971
:20348000486203988B49B1F93010029A894BB3F92E305A4301FB00204FF47A7190FBF1F05C
:2034A0008549886287480078401C8649087085480078042802DB0020824908708048006889
:2034C0007F49496808187E49896808187C49C968081880107E490860794800697849496909
:2034E00008187749896908187549C96908188010774948607248006A7149496A0818704968
:20350000896A08186E49C96A08188010704988606B48006B6A49496B08186949896B0818F2
:203520006749C96B081880106949C8606448006C6349496C08186249896C08186049C96CE6
:2035400008188010624908615D48006D5C49496D08185B49896D08185949C96D08188010D8
:203560005B4948615648006E5549496E08185449896E08185249C96E0818801054498861C1
:203580004F48006F4E49496F08184D49896F08184B49C96F081880104D49C8614848D0F875
:2035A00080004749D1F8841008184549D1F8881008184349D1F88C100818801044490862D7
:2035C0003F48D0F890003E49D1F8941008183C49D1F8981008183A49D1F89C10081880103A
:2035E0003B4948623648D0F8A0003549D1F8A41008183349D1F8A81008183149D1F8AC1080
:20360000081880103249886231488069C82802DA00202F4988612E48C069C82802DA00205B
:203620002B49C8612A48006AC82802DA0020284908622748816A2648406AFAF783F82449FF
:20364000496A42F21072514391FBF0F00500280001F050F942F21071884202DB42F210708A
:2036600005001B48C5621448C5627FBD9C6C0020FA6D0020606C0020802500200468002010
:203680008027002080290020801F00208021002080230020801B0020D7A3703D0A572040B4
:2036A000801D002054E3A59BC420F03F2C68002028680020C0690020146900208C69002064
:2036C000EC5E0020886E00205C6D0020606D0020F469002013F0004C03D55B42524263F16B
:2036E00000039CEA210C00F0178010B5644603D34942404261F1000100F00EF8640004D3B7
:203700004942404261F10001244203D55B42524263F1000310BD00001B4213D1094236D123
:203720002AB18446B0FBF2F002FB10C2704705F04DBEFCD30022002370470B0002000021D8
:2037400000207047904271EB030CF6D370B5B1FA81F4B3FA83F52C1BA340C4F1200532FAF2
:2037600005F63343A2405FF00046E64002E05B085FEA3202841A71EB030524BF20462946BF
:203780007641F4D302000B003000002170BD012ACFD970B5140C20D0B1FA81F4B2FA82F5D5
:2037A000C4F120046419B4F12006D6D3B2405FF00044F440002502E052085FEA3303C61AC6
:2037C00071EB020E24BF3046714664416D41F3D302000B002000290070BD0C46B1FBF2F1F0
:2037E00002FB11452D0445EA1045B5FBF2F402FB145580B240EA0545B5FBF2F002FB10522E
:2038000040EA044070BD0B0C00B587B04FF48050ADF8000010208DF8030002208DF80200F1
:203820006946DFF8C40300F0D4FA4FF48051DFF8B80300F07CFB4FF46040ADF800000220C6
:203840008DF8020018208DF803006946DFF8980300F0BFFA0020ADF804004FF48270ADF8B4
:2038600006000020ADF808000020ADF80A000020ADF80C004FF40070ADF80E000020ADF8AA
:2038800010000020ADF812000720ADF8140001A9DFF8580305F09CFD0121DFF8500305F0B6
:2038A000C6FD07B000BD10B504000221DFF83C0305F0CFFD0028F8D0E4B2210089B2DFF855
:2038C0002C0305F0C2FD0121DFF8200305F0C1FD0028F8D0DFF8140305F0B9FDC0B210BD6E
:2038E00070B504000D0016004FF48050DFF8001308600B20FFF7D7FF280CC0B2FFF7D3FFB2
:20390000280AC0B2FFF7CFFF2800C0B2FFF7CBFFA520FFF7C8FF3000461E80B2002805D0A0
:20392000A520FFF7C0FF2070641CF4E74FF48050B049086070BD80B54FF48050AC490860DC
:203940000620FFF7B0FF4FF48050AA4908604FF48050A7490860C720FFF7A5FF4FF480502F
:20396000A449086000F07EF8002002BD10B504004FF480509E4908600620FFF794FF4FF490
:2039800080509C4908604FF48050994908602020FFF789FF200CC0B2FFF785FF200AC0B23B
:2039A000FFF781FF2000C0B2FFF77DFF4FF480509049086000F056F8002010BD10B5040045
:2039C000F8F7D9FF4FF48050894908600620FFF76AFF4FF48050874908604FF48050844923
:2039E00008605220FFF75FFF200CC0B2FFF75BFF200AC0B2FFF757FF2000C0B2FFF753FFE9
:203A00004FF480507B49086000F02CF8002010BD10B50400F8F7AFFF4FF4805074490860C8
:203A20000620FFF740FF4FF48050724908604FF480506F490860D820FFF735FF200CC0B202
:203A4000FFF731FF200AC0B2FFF72DFF2000C0B2FFF729FF4FF480506649086000F002F8BE
:203A6000002010BD80B500208DF800004FF480505F4908600520FFF716FFA520FFF713FF5F
:203A80008DF80000F8F777FF9DF80000C007F4D44FF480505749086001BD2DE9F0470400EE
:203AA0000D00160000208146280642D0D5F5807000F0FF0080463000414680B289B288425F
:203AC00003D2B2460120814600E0C2464FF48050474908600620FFF7E6FE4FF4805045499D
:203AE0000860F8F748FF4FF48050414908600220FFF7D9FE280CC0B2FFF7D5FE280AC0B221
:203B0000FFF7D1FE2800C0B2FFF7CDFE5046B0F1010A80B2002806D02078FFF7C4FE641C43
:203B2000761E6D1CF2E74FF4805032490860FFF799FF1FFA89F9B9F1000F52D1300080B232
:203B4000000A8046300601D018F10108002007003800414680B289B2884242D2280502D14B
:203B60002800FFF703FFB6B2B6F5807F03DD4FF48070824600E0B2464FF480501C49086080
:203B80000620FFF790FE4FF480501A490860F8F7F2FE4FF48050164908600220FFF783FE4B
:203BA000280CC0B2FFF77FFE280AC0B2FFF77BFE2800C0B2FFF777FE5046B0F1010A80B260
:203BC000002806D02078FFF76EFE641C761E6D1CF2E74FF4805007490860FFF743FF7F1CD9
:203BE000B6E7BDE8F0870000000C014000380040140C0140100C01402DE9F84304000D0027
:203C0000002600275FF00008B4F5006F02D2B5F5006F01D300204FE0A54203D2601B07009A
:203C2000A84602E0281B0700A046AC420BD14FF4805000FB08F006003000FFF797FE81462C
:203C40004846C0B238E040F2FF70874205D3FFF772FE81464846C0B22EE0102F0CD34FF46E
:203C6000805000FB08F006003000FFF7D1FE8146103F18F11008F0E7082F0CD34FF480504F
:203C800000FB08F006003000FFF798FE8146083F18F10808F0E7002F0CD04FF4805000FB58
:203CA00008F006003000FFF761FE81467F1E18F10108F0E74846C0B2BDE8F28310B5C2B0E3
:203CC0000400200501D001203EE02000FFF74EFE002000900098FF2807D80098009901AA1F
:203CE00011540098401C0090F4E74FF48072210001A8FFF7D2FE002000900098FF2807D8ED
:203D0000002001A9009A88540098401C0090F4E74FF48072210001A8FFF7E2FD0020009080
:203D20000098FF2809D8009801A9085C0099884203D10098401C0090F2E70098B0F5807F6D
:203D400001D1002000E0012042B010BD10B50400DFF81C06844208D10121042002F015FA09
:203D60000021042002F011FA32E0DFF80806844208D10121082002F008FA0021082002F0F2
:203D800004FA25E0DFF8F005844208D10121102002F0FBF90021102002F0F7F918E0DFF87B
:203DA000DC05844208D10121202002F0EEF90021202002F0EAF90BE0DFF8C405844207D1E9
:203DC0000121402002F0E1F90021402002F0DDF910BDF0B5002700220023002400250026FF
:203DE00091F803C01CF00F0C674691F803C05FEACC6C03D591F902C05CEA070791F800C015
:203E00005FEA0C6C3AD0D0F800C065465FF0000C6346082B31D25FF0010C1CFA03FC64464F
:203E2000B1F800C014EA0C0C6246A24223D15FEA830C64465FF00F0C1CFA04FC6646B543DD
:203E400017FA04FC5CEA050591F903C0BCF1280F06D15FF0010C1CFA03FCC0F814C00AE012
:203E600091F903C0BCF1480F05D15FF0010C1CFA03FCC0F810C05B1CCBE70560B1F800C02B
:203E8000BCF1FF0F3FDDD0F804C065465FF0000C6346082B36D25FF0010C13F1080E1CFA49
:203EA0000EFC6446B1F800C014EA0C0C6246A24226D15FEA830C64465FF00F0C1CFA04FC4A
:203EC0006646B54317FA04FC5CEA050591F903C0BCF1280F07D15FF0010C13F1080E1CFA48
:203EE0000EFCC0F814C091F903C0BCF1480F07D15FF0010C13F1080E1CFA0EFCC0F810C0E5
:203F00005B1CC6E74560F0BD02000020936889B20B4202D00123180001E000231800C0B2EA
:203F20007047806880B27047C06880B2704789B20161704789B24161704789B2C1607047ED
:203F4000F0B4B0F1004F40F29A800023002420F000473E00F7093B0016F07F0637093C0063
:203F600016F00F06052B06D02700FFB2BF0016FA07F73A0005E06708FFB2BF0016FA07F76F
:203F80003A00002B08D0022B0ED009D3042B13D00ED3052B14D017E0DFF8E8733D0013E09D
:203FA000DFF8E4733D000FE0DFF8E0733D000BE0DFF8DC733D0007E0DFF8D8733D0003E0C9
:203FC000DFF8D4733D00FFE7002C0BD1052B04D12F68BF08BF002F6049E02F683F093F019F
:203FE0002F6044E0012C0BD1052B04D12F6837F00C072F603BE02F6837F0F0072F6036E02B
:20400000022C0BD1052B04D12F6837F030072F602DE02F6837F470672F6028E0032C0BD1C5
:20402000052B04D12F6837F0C0072F601FE02F6837F470472F601AE0042C04D12F6837F49F
:2040400070272F6013E0052C04D12F6837F470072F600CE0062C04D12F6837F070672F6062
:2040600005E0072C03D12F6827F070472F6049B2012940F07B812F683A432A6076E1020018
:20408000012A63D0022A53D0042A51D0082A4FD0102A7BD0302A00F08980402A00F096808B
:2040A000C02A00F0A380B2F5807F00F0AF80B2F5007F00F0BB80B2F5407F00F0C780B2F5A9
:2040C000006F00F0D380B2F5406F00F0DF80B2F5805F2DD0B2F5804F00F0E880B2F5C04F82
:2040E00000F0F480B2F5004F22D0B2F5803F1FD0B2F5003F1CD0B2F5802F19D0B2F5002F38
:2041000016D0B2F5801F13D0B2F5001F00F01E81B2F1807F00F0EA80B2F1007F00F0F680B7
:20412000B2F1806F00F00281B2F1004F1ED01DE19A4A12688243994B1A6049B2012904D121
:20414000964A12680243954B1A600FE1934A1268934B1A40914B1A6049B2012905D18F4ABD
:20416000126852F001028D4B1A60FFE08B4A12688B4B1A40894B1A6049B2012905D1874AB6
:20418000126852F00042854B1A60EFE0834A126832F03002814B1A6049B2012905D17F4A63
:2041A000126852F010027D4B1A60DFE07B4A126832F03002794B1A6049B2012905D1774AA3
:2041C000126852F03002754B1A60CFE0734A126832F0C002714B1A6049B2012905D16F4A03
:2041E000126852F040026D4B1A60BFE06B4A126832F0C002694B1A6049B2012905D1674A03
:20420000126852F0C002654B1A60AFE0634A126832F44072614B1A6049B2012905D15F4A9E
:20422000126852F480725D4B1A609FE05B4A126832F44072594B1A6049B2012905D1574A7A
:20424000126852F40072554B1A608FE0534A126832F44072514B1A6049B2012905D14F4A0A
:20426000126852F440724D4B1A607FE04B4A126832F44062494B1A6049B2012905D1474AEA
:20428000126852F40062454B1A606FE0434A126832F44062414B1A6049B2012905D13F4A4A
:2042A000126852F440623D4B1A605FE03B4A126832F4C042394B1A6049B2012905D1374ABA
:2042C000126852F48042354B1A604FE0334A126832F4C042314B1A6049B2012905D12F4AAA
:2042E000126852F4C0422D4B1A603FE02B4A126832F0E062294B1A6049B2012905D1274A3E
:20430000126852F08072254B1A602FE0234A126832F0E062214B1A6049B2012905D11F4A61
:20432000126852F000721D4B1A601FE01B4A126832F0E062194B1A6049B2012905D1174AF1
:20434000126852F08062154B1A600FE0134A126832F40012114B1A6049B2012905D10F4ABD
:20436000126852F400120D4B1A60FFE7F0BC704700080140000C0140001001400014014014
:20438000001801402000014024000140280001402C000140300001403400014004000140FD
:2043A000FEFFFF7F80B20A4908607047C0B209490860704780B20849086070474AF6AA204F
:2043C0000349086070474CF6CC4001490860704700300040043000400830004000220388B2
:2043E0001A00DFF80431984212D0DFF8143198420ED0B0F1804F0BD0DFF8F030984207D014
:20440000DFF8EC30984203D0DFF8E830984204D14FF68F731A404B681A43DFF8DC309842F0
:2044200008D0DFF8D830984204D04FF6FF431A408B891A4302808B68C3620B880385DFF839
:20444000A830984203D0DFF8B830984201D18B7B038601238382704749B2002904D002887B
:2044600052F00102028004E002884FF6FE731A400280704752B2002A03D083890B4383815F
:2044800002E083898B438381704749B2002904D0028852F08002028004E002884FF67F7338
:2044A0001A400280704789B2CA430282704730B40200002000230024158A0D402B00958964
:2044C0000D402C009BB2002B05D0A4B2002C02D00125280001E00025280040B230BC7047B1
:2044E00089B2CA4302827047002C01400004004000080040000C0040001000400014004050
:204500000034014030B40023002244682300DFF8AC4123400C6891F9045054EA05242343E8
:20452000436084682300DFF898412340CC688D682C4391F9055054EA450423438360C46A41
:20454000230033F470030C7C641E2243D2B253EA0253C36230BC704749B2002904D082686F
:2045600052F00102826003E082685208520082607047816851F00801816070470100002016
:204580008A68120702D50122100001E00022100040B27047816851F0040181607047010082
:2045A00000208A68520702D50122100001E00022100040B27047002283681A0032F4E0425B
:2045C0000A4382607047F0B5002600240025C9B20A2919DBC7683E000727B1F10A0C5FF09D
:2045E000030E1CFB0EFC17FA0CF73C00A643DBB2B1F10A075FF0030C17FB0CF713FA07F792
:204600003C002643C66013E007693E0007275FF0030C11FB0CFC17FA0CF73C00A643DBB2C8
:20462000032711FB07F713FA07F73C0026430661876B3E00C6F301573D001F27D2B212F1E4
:20464000030CBCEB050CBCF1010C5FF0050E1CFB0EFC17FA0CF73C00A643C9B2D2B2D71C2B
:204660007F1B7F1E5FF0050C17FB0CF711FA07F73C0026438663F0BD10B400220023846B52
:20468000220032F44012C9B24C1E230052EA0352826310BC704740B2002806D009490968CC
:2046A00051F40001074A116005E00649096831F40001044A1160704700000000FFFEF0FFC5
:2046C000FDF7F1FF08240140010040F10980F446404200F005F851F000416047010000BF3C
:2046E00009D0B0FA80F18840C91CC1F58461090501EBD02140057047B0B581EA030C0CF0BC
:20470000004C40F2FF7515EA11541DBF15EA1357AC42AF4239E0E41923EA455343F480139A
:20472000C90241F0004141EA505EC7021100A7FB020200284FF00000EEFB01204FF0000132
:20474000E3FB072118BF42F00102401800214941E3FB0E01A4F580640F0302D25200404121
:20476000494154F101046CDD470872F1004250F1000051EB0451A1F580115CBF41EA0C01DC
:20478000B0BD4CEA05510020B0BD05EA1357AC4214BFAF4241E050EA410E1CBF52EA430E76
:2047A00002E061460020B0BD24423C441BD15FEA070EF6D0090302BF01460020AEF1140EF8
:2047C000B1FA81F7AEEB070401FA07FE0C37C7F1200100FA07F7C8404EEA000E23EA45530B
:2047E00043F48013A2E733F00043B3FA83F704BFB2FA82FE77440B3FE41BB7F1200E2FBF22
:2048000002FA0EF3BB40C7F1200E22FA0EFE38BF43EA0E03BA40641C82E750EA410E14BF1E
:2048200052EA430E6FF000014FF4001717EB430F8ABF194617EB410FB5E74CEA055100209B
:20484000B0BDD4F10104B4F120070FDAC4F12007520828BF42F0010210FA07F501FA07F71B
:20486000E1BF2A43E0403843E1400FE0352C98DCC7F1200452EA400220FA07F218BF42F035
:20488000010231FA07F0A1400A43002172F1004250F1000051EB0C01B0BD0D0AF446400D6A
:2048A00040EAC120490006D200F014F8004248BF6FF00040604700F00DF84FF00041884202
:2048C0008CBF084640426047400D40EAC120490080F00D8040F00040490DA1F58061491CD6
:2048E00005D4D1F11F0154BFC840C01770474FF000007047002848BF4042704703000020D3
:2049000013F0030F09D0521E22BF13F8010B11F801CBB0EB0C00F3D07047121F22BF53F8EE
:20492000040B51F804CB6045F7D0121D0AD200BA9CFA8CFCB0EB0C0038BF6FF0000088BFBD
:2049400001207047521E22BF13F8010B11F801CBB0EB0C00F6D0521C08BF104670470D4046
:204960002DE9F04F82460FF24860A5B015461E46D0E90023CDE91223002004910D900DF146
:2049800050086FF0004900E03D440020ADF8020012AB4FF0FF3229460DF1020004F065FDFD
:2049A0000746012F04DA2878471EBF41FF43FF0FBDF8020025280CBFA7F1010BBB46BBF127
:2049C000010F0EDB2C4614F8011B0498D0470028049000F0F3800D98401CBBF1010B0D901C
:2049E000F1D1BDF80200252807D100200790089009900A900B900C9005E00028C4D10D9819
:204A0000DEE240F0010015F8011F2029F9D023290DD02B2904D02D2906D030290AD00CE0CA
:204A200040F0020080B2EEE740F00400FAE740F00800F7E740F01000F4E72A290ED131682C
:204A4000316051F8042B3160002A0F9204D5514240F004000F9180B26D1C11E000210F9144
:204A600009E00F99494505D001EB810302EB430130390F916D1C2A78A2F130010A29F0D3B3
:204A800029782E2903D04FF0FF310E911DE015F8011F2A2907D1316831606D1C51F8042BBD
:204AA00031600E9211E000210E9109E00E99494505D001EB810302EB430130390E916D1CEF
:204AC0002A78A2F130010A29F0D3ADF840000FF2E840297804F0DAFC08B115F8010B8DF8AA
:204AE00042009DF84200682802BF29786829622005D06C2804BF28786C2803D171208DF84E
:204B000042006D1C14A8069015F8017BB7F125002AD01C3800F0DB80001F022840F2D780B7
:204B2000133800F0FC80093800F0D180801E00F06781401E00F03D81401E022840F2C780B9
:204B4000001F00F03681401F00F09280401E00F0E680401E35D0C01E0BD0801E00F0DF8071
:204B6000C01E00F0DC806EE125208DF85000012073E19DF842006C283068306014D050F86E
:204B8000044B306005940E9F002F04D52046FBF79FFC074606E03A460021204604F082FC49
:204BA00000B1071B089759E150F8042B306002A9504600F03FFA002840F150814FF0FF3040
:204BC000FEE131683160002251F8040B31600021CDE9020114A80590DDE902019142069F55
:204BE00008BF90424FF03C0C01D10E9AC2B100F00F033033DBB23A2BA8BF2733ACF10102F0
:204C00000009BB54944640EA017009090022914208BF904204D0059A07EB0C039A42E6D35E
:204C200007EB0C000590CCF13C010E980891814209DA401A0A904FF6EF71BDF8400008402C
:204C4000ADF840000AE1002840F108819DF8400000F01400102840F001810F98079A801AFD
:204C60000A9A801A401A0128C0F2F8800A90F5E09DF8420062281AD0682806D06A280CD0BB
:204C80006C281CD0712808D019E03068306050F8041B30600D980880E0E03068306050F8AE
:204CA000042B30600D98C117C2E90001D6E03068306050F8041B30600D980870CEE03068D4
:204CC000306050F8041B30600D980860C6E03068C01D20F007023260D2E9000108323260F2
:204CE000CDE90201002902D507982D210AE0BDF84000810702D507982B2103E0C00705D561
:204D00000798202108F80010401C079014A8079908440590394602A800F098FB9EE09DF8B4
:204D200042006C280DD0712818BF6A2809D13068C01D20F007023260D2E90001083232603C
:204D400005E03168316051F8040B31600021CDE902019DF84200682803D1DDE9020180B24B
:204D60000BE0622803D1DDE90201C0B205E0742818BF7A2804D1DDE902010021CDE902013D
:204D80009DF84000000732D5DDE902230020834208BF82422BD047F02000782827D107984C
:204DA000302108F80010401C411C079108F800701DE09DF84200314600F005F9CDE90201DF
:204DC000DDE9022300218B4202DA07982D210AE0BDF84000810702D507982B2103E0C0075E
:204DE00005D50798202108F80010401C079014A8079908440590394602A800F0A1FA2DE0F8
:204E00009DF842006C2809D0012007903068306050F8041B30608DF850101FE0306830606B
:204E200001AA50F8041B3060ADF804100020ADF8060002A94FF0FF300E90504600F0FAF81D
:204E400000280BD5BAE625208DF8500001200790380003D088F80170022007900F980799DC
:204E6000401A0A99401A0899401A0B99401A0999401A0C99471A9DF84000400710D42020A0
:204E8000012F8DF800000BDB3C4601236A4602A9504600F005FE00287FF490AE641EF4D1CD
:204EA000DDF81CB0BBF1000F14AC0DD014F8011B0498D047002804903FF480AE0D98401C00
:204EC000BBF1010B0D90F1D130208DF800000A9C012C0ADB01236A4602A9504600F0E0FD4C
:204EE00000287FF46BAE641EF4D1DDF820B0059CBBF1000F0DD014F8011B0498D0470028D6
:204F000004903FF45BAE0D98401CBBF1010B0D90F1D130208DF800000B9C012C0ADB0123F7
:204F20006A4602A9504600F0BBFD00287FF446AE641EF4D105980899DDF824B04418BBF113
:204F4000000F0DD014F8011B0498D047002804903FF434AE0D98401CBBF1010B0D90F1D1A1
:204F600030208DF800000C9C012C0ADB01236A4602A9504600F094FD00287FF41FAE641E22
:204F8000F4D19DF8400040077FF5FFAC2020012F8DF80000FFF6F9AC01236A4602A950466D
:204FA00000F07EFD00287FF409AE7F1EF4D1ECE40000000000000000686A6C747A4C00008A
:204FC00025B0BDE8F08F622826D068281DD06A2808D06C2827D0712804D0742823D07A2848
:204FE0000CD020E00868C01D20F007000860D0E90023083008601946104670470A680A6045
:2050000052F8040B0A60002170470A680A6052F8040B0A6000B20BE00A680A6052F8040B84
:205020000A6040B204E00A680A6052F8040B0A60C11770472DE9F44F0D4694B0D5F830A075
:20504000BAF1000F804648BF6FF0004A04F056FA696B401801900FF67820D0E90023CDE9F0
:20506000022395F83800400702D40198412805D240200DF110090190002609E004F044FA07
:205080005FEA0009F8D14FF0FF3056E1AAEB040ABAF1010FC0F2CE801498018802AA0DF113
:2050A000010004F089FA0028044600F1DE801498008810B9641E00F1D880A245C0F2BA801C
:2050C000686901992218914280F0A2806E634042296A401AA969401A696A401AE969401A41
:2050E000A96A461A95F83800400710D42020012E8DF800000BDB374601236A46294640462D
:2051000000F0CEFC002840F0B0807F1EF4D1D5F814B0BBF1000F4F460DD017F8011BA868F2
:20512000C0470028A86000F0A080E86A401CBBF1010BE862F1D130208DF800002F6A012F18
:205140000ADB01236A462946404600F0A9FC002840F08B807F1EF4D1D5F818B0EF68BBF1AF
:20516000000F0CD017F8011BA868C0470028A8607BD0E86A401CBBF1010BE862F2D13020C4
:205180008DF800006F6A012F09DB01236A462946404600F085FC002867D17F1EF5D1E86850
:2051A000A969D5F81CB04718BBF1000F0CD017F8011BA868C0470028A86056D0E86A401C08
:2051C000BBF1010BE862F2D130208DF80000AF6A012F09DB01236A462946404600F060FCF3
:2051E000002842D17F1EF5D195F8380040070DD52020012E8DF8000008DB01236A46294609
:20520000404600F04DFC80BB761EF6D100266E61224668690DF101014844FAF7EBFB6869D7
:20522000201868611498801C1490801E008800287FF42CAF686B6969401A296A401AA969E7
:20524000401A696A401AE969401AA96AA0EB010A95F83800400710D4BAF1010F0DDB544645
:20526000A8682021C047A86010B94FF0FF365DE0E86A401C641EE862F2D16B694A46294644
:20528000404600F00DFC0028EFD12C6A012C0ADBA8683021C0470028A860E6D0E86A401C03
:2052A000641EE862F4D1AB69EA682946404600F0F7FB0028D9D16C6A012C0ADBA868302105
:2052C000C0470028A860D0D0E86A401C641EE862F4D1E868A969EB6942182946404600F0C3
:2052E000DFFB0028C1D1AC6A012C0ADBA8683021C0470028A860B8D0E86A401C641EE86258
:20530000F4D195F8380040070ED5BAF1010F0BDBA8682021C0470028A860A6D0E86A401C8C
:20532000BAF1010AE862F3D16E616E6304A881451CBF484604F04EF9304615B0BDE8F08F94
:205340002DE9F343054608462F696F2808BF082405D041F02001782914BF0A2410243C26E7
:20536000D5E90023642818BF69289046994606D100218B4203DAD8F1000869EB490900206A
:20538000814508BF80450CD1286B50B9082C38D195F83800000734D530203B2687F83B00C5
:2053A0002FE0701E00900646404649462246E317FEF7B2F902F13000C0B23A2803DB9DF8F3
:2053C000041051390818B855494640462246E317FEF7A2F9804689460020814508BF8045F4
:2053E00003D0E868B9198842DBD3082C09D195F83800000705D5B85D302802D0761E302069
:20540000B855B919E960C6F13C00296BA861884208DA081A28624FF6EF71288F0840288729
:20542000BDE8F38300290ED595F8381001F01401102908D1696B6A69891A2A6A891A0E1AAF
:20544000012EA8BF2E62BDE8F38300002DE9F24F04468EB0D4E90001CDE9020104AF9DF86D
:20546000380040F0200BBBF1610F0AD0206B002848BF062004D408BFBBF1670F01D101200F
:2054800020636168C1F30A5040F2FF7290421CD1080304BF2068002809D10320A0619DF83F
:2054A000380061381A2835D30FF2386108E00320A0619DF8380061381A2828D30FF21C610A
:2054C000E0680322FAF796FABDE1012815DA204604F0C0F8012810DB00250020BBF1610FA1
:2054E0001FD1E16830220A708A1CE2609DF83820612A0CBF782258220FE0626840F2FE314E
:2055000061F31E52451A62604FF0FF30E6E70FF2C851D5E70FF2C851D2E74A706169891C99
:20552000616110B90026002584E1BBF1610F40F09880206BD4E900AB00284CBF2126461CFD
:20554000DDE902010022002304F0A6F836B23ABF8BF00040CDE902A0CDE902AB06F1010854
:205560002D1FB8F1010F8DF810200DF1110736DBDDE902010022002304F0A6F82FD21C216C
:2055800002A804F0B9F8DDE90201FFF787F9A8F10708B8F1010F814609DBFFF795F80246A6
:2055A0000B46DDE9020104F031F9CDE90201F81D072105E009F00F0200F8012D4FEA29192D
:2055C000B9F1010F01DB491EF4D5491E5CBF002200F8012DF9D5C71DB8F1010FC8DA0DF130
:2055E0001100391AB142B8BF0E4636B230000DF111072FD4884206DA04A9014449780829CA
:20560000A8BF0F2100DA002104AA024400E0761E12F80139401E8B42F9D00F2904D104A99E
:2056200001444A78521C4A70002802D504AF761C2D1D36B2701E0DD439180A783032D2B29D
:205640003A2A03DB9DF838303A3B9A18401E01F80129F2D5206B002840F1EC80701E20633B
:20566000E8E0DDE902010022002304F015F83CBF81F00041CDE902012DB247F29750684343
:205680004B49DFF8309190FBF1F52DB2C5F1070ABAF1010F90461CDBDDE902675FEACA708D
:2056A00007D542464B4630463946FFF725F806460F464046494642464B464FEA6A0AFFF77B
:2056C0001BF8BAF1000F80468946E7D1CDE9026724E0CAF1000A0026374F14E05FEACA70A5
:2056E00007D542464B4630463946FFF705F806460F464046494642464B46FEF7FDFF4FEAD4
:205700006A0A80468946BAF1000FE7D1DDE9020132463B4603F02EFDCDE90201BBF1660F54
:20572000216BDFF898900CBF05F10A0006204618142EA8BF132630208DF810000DF11107B2
:20574000012E3DDBDDE90201FFF7BEF807F1080104220A23B0FBF3F303EB8307A0EB47005E
:20576000303001F8010C0A20B3FBF0F000EB8007A3EB47033033521E01F8023DE9D1083EB6
:20578000012E01F10807DBDBDDE90201FFF79CF8FEF7A4FF02460B46DDE9020104F036F8B4
:2057A00000224B46FEF7A8FFCDE90201CAE700BFA0860100000024400000F03F84D7974184
:2057C0000DF11100381A0DF1110702E0401E6D1E7F1C39783029F9D0BBF1660F08BF691CAC
:2057E00004D0BBF1650F0CBF01210021226B8E1836B2B042B8BF064636B231001AD481420D
:2058000004DA785C3528A8BF392000DA30207A18521E00E0761E12F80139491E8342F9D0E0
:20582000392802D1785C401C7854002902D57F1E761C6D1C2DB29DF83810009533B23A46CA
:20584000204600F003F80FB0BDE8F08F2DE9F04786B006468A4690461D4604F0B4F8012D6E
:20586000406A376B90F8009002DA01250FF278284AF02000BDF93840662808BF641C12D0E2
:20588000672878D114F1040F7BDBBC4279DA96F83800641C000702D4BD42B8BF2F4624B28D
:2058A0003F1B48BF002724B2F068B169012C23DA4A1C30234354012F03DA96F838000007C4
:2058C00003D5F06800F80290521CE742B8BF7C4224B260427062E719AF42B261B8BF3D46FA
:2058E000F068B3692DB2F5612A4641461844FAF781F8781BB062BCE022469542084416DA86
:205900002A464146FAF776F8B1696918601B012FB161706203DA96F83800000705D5F0682B
:2059200000F80190F069401CF061B762A1E04146FAF760F8B06920182D1B012F03DA96F83A
:205940003810090703D5F16801F80090401CB0612DB2AF42B8BF3D46F068B3692DB22A463B
:2059600008EB04011844FAF745F8B0692818B061781B70627DE0BAF1610F14D14FF0700AC0
:2059800016E0BD4204DA96F83810090758BF2F467F1E48BF0027BAF1670F14BF4FF0450A75
:2059A0004FF0650A04E0BAF1410F08BF4FF0500AB169F368481CB061012F18F8012B5A54F6
:2059C00003DA96F83810090717D5F168431CB36101F80090012F10DB6D1E2DB2AF42B8BFD6
:2059E0003D46F0682DB22A4641461844FAF702F8B0692818B061781B7062F068B169014429
:205A0000200081F800A004D42B20487001F1020804E02D224A7001F102086442002502AF11
:205A200008E00A22684603F0E7FF019807F8010B6D1C009C21B20129F3DA022D06DA4AF0EF
:205A40002000652804BF302008F8010B4DB9302008F8010B07E06D1E02A8405D303008F8FF
:205A6000010B012DF7DAF068B1690844A8EB0000F06196F8380000F0140010280DD17069C0
:205A8000B1690818716A0818F1690818B16A0818716B8842BCBF081A306206B0BDE8F08775
:205AA000F8B504460D4616461F46002077B116F8011BA868A047A86030B1E86A401CE86291
:205AC00000207F1EF3D1F2BD4FF0FF30F2BD000000000000000000006E616E004E414E005F
:205AE000696E6600494E46003000404001684FF6FE721140016000210160002141600021A7
:205B000081600021C160B049884206D1AF49096851F00F01AD4A11606CE0AD49884206D1C3
:205B2000AA49096851F0F001A84A116062E0A949884206D1A549096851F47061A34A1160C4
:205B400058E0A549884206D1A049096851F470419E4A11604EE0A149884206D19B490968C7
:205B600051F47021994A116044E09D49884206D19649096851F47001944A11603AE09949FF
:205B8000884206D19149096851F070618F4A116030E09549884206D19449096851F00F018F
:205BA000924A116026E09249884206D18F49096851F0F0018D4A11601CE08E49884206D1DF
:205BC0008A49096851F47061884A116012E08A49884206D18549096851F47041834A11604F
:205BE00008E08649884205D18049096851F470217E4A1160704710B4002203681A006FF381
:205C00000E128B680C6A23430C6923434C6923438C692343CC6923434C6A23438C6A234331
:205C20001A430260CB6843600B6883604B68C36010BC7047D0F8A43033F08073C0F8A430E2
:205C4000D0F8A43053F08073C0F8A430C9B201290CD1D0F8A0301B0A1B02C0F8A030D0F83A
:205C6000A030D2B21343C0F8A03063E0C9B202290DD1D0F8A03033F47F43C0F8A030D0F85A
:205C8000A030D2B253EA0223C0F8A03052E0C9B203290DD1D0F8A03033F47F03C0F8A03046
:205CA000D0F8A030D2B253EA0243C0F8A03041E0C9B204290DD1D0F8A03023F07F43C0F8F2
:205CC000A030D0F8A030D2B253EA0263C0F8A03030E0C9B205290CD1D0F8A4301B0A1B023A
:205CE000C0F8A430D0F8A430D2B21343C0F8A43020E0C9B206290DD1D0F8A43033F47F4309
:205D0000C0F8A430D0F8A430D2B253EA0223C0F8A4300FE0C9B207290CD1D0F8A43033F4AF
:205D20007F03C0F8A430D0F8A430D2B253EA0243C0F8A430704749B2002904D0026852F0CC
:205D40000102026004E002684FF6FE731A4002607047010000200022CB0003D5284B1B688B
:205D60001A0002E0274B1B681A000A4202D00123180001E00023180040B27047C10002D561
:205D80001A49086001E0114908607047010000200022CB0003D51A4B1B681A0002E0194BB0
:205DA0001B681A000A4202D00123180001E00023180040B27047C10002D50C49086001E0F1
:205DC000024908607047000008000240040002401C000240300002404400024058000240D9
:205DE0006C0002408000024008040240040402401C0402403004024044040240580402409B
:205E000000040240000002402DE9F04786B004000D00002600275FF000085FF000095FF01B
:205E2000000AA8890028A246208A06004CF6FF700640E88806432682A08906004EF6F31099
:205E40000640A88829890843698908430643A681A08A06004FF6FF400640A8890643A68286
:205E6000684600F0C8F82448824508D02348824505D02348824502D02248824502D103980F
:205E8000070001E002980700A089000408D5192000FB07F029684900B0FBF1F0804607E031
:205EA000192000FB07F029688900B0FBF1F080466420B8FBF0F0000106003009642101FB73
:205EC00010808146A089000409D55FEAC90032306421B0FBF1F010F00700064308E05FEA5A
:205EE000091032306421B0FBF1F010F00F000643268106B0BDE8F08700380140006001402B
:205F0000006401400068014049B2002904D0828952F40052828104E082894DF6FF731A4097
:205F200082817047F0B4002300240025002689B240F66A17B94206000F00FFB27F09FFB285
:205F40003B0089B211F01F073C000127A7403D00012B01D10C3604E0022B01D1103600E0D3
:205F6000143652B2002A03D037682F43376002E03768AF433760F0BC704752B2002A03D0C0
:205F8000838A0B43838202E0838A8B43838270478088C005C00D70470200002089B2B1F5D4
:205FA000007F13880B4202D00123180001E00023180040B2704710B40023002489B240F62B
:205FC0006A1291420A0092B2120A130001229A401400A4B2E243028010BC70470021DFF86C
:205FE000C82112681100DFF8C42111400143DFF8B8211160704770B4002100220023002456
:20600000DFF8A4512D6815F00C0529000D00002D04D0042D06D0082D08D03FE0DFF89051E7
:2060200005603EE0DFF8885105603AE0DFF878512D68DFF8806135402A00DFF86C512D68F9
:2060400015F480352B0012F0C04F06D112F47015B5F5701F01D0022500E00125C2F383462F
:20606000520E12F030023243AA18002B05D1DFF8485105FB02F505600FE0DFF82C512D68B0
:20608000AD0305D5DFF8305105FB02F5056004E0DFF81C5105FB02F5056002E0DFF8105124
:2060A0000560DFF804512D68C5F3021529003E4D2D682D0603D5DFF80441645C00E00024B7
:2060C0000568E5404560384D2D68C5F301252900354D2D686D0503D5DFF8E040645C00E070
:2060E00000244568E54085602F4D2D68C5F3C12529002D4D2D68AD0402D5304C645C00E03A
:2061000000244568E540C560274D2D68C5F381352900254D2D68ED0001D551F00401284D3F
:206120006D5C2C00C568B5FBF4F5056170BC704749B2002905D0234A12680243214B1A6050
:2061400004E0204A126882431E4B1A60704749B2002905D01C4A126802431B4B1A6004E036
:20616000194A12688243184B1A60704749B2002905D0164A12680243144B1A6004E0134AB7
:2061800012688243114B1A60704749B2002905D00F4A126802430E4B1A6004E00C4A12689B
:2061A00082430B4B1A60704704100240FF3FFFEF00127A0000003C6000093D006C00002017
:2061C0007400002014100240181002401C1002400C10024000B587B01020059080200490AA
:2061E00040200390244802902448019024480090244B254A25490120FCF781FB2020059004
:206200004FF480700490802003901B4802902048019020480090204B204A21490220FCF74A
:206220006EFB402005904FF4007004904FF480700390114802901B4801901B4800901B4BBB
:206240001B4A1C490320FCF75AFB802005904FF4806004904FF40070039007480290164898
:20626000019016480090164B164A17490420FCF746FB07B000BD0000906C0020C06D002049
:20628000B86D0020BE680020BC680020516B0020C26D0020BA6D0020C2680020C06800202B
:2062A000526B0020C46D0020BC6D0020C6680020C4680020536B0020C66D0020BE6D002051
:2062C000CA680020C8680020546B002000B589B0DFF8E80BC078002840F07682DFF8E00B3B
:2062E000C088DFF8E01B0860DFF8D40B0089DFF8D81B0860DFF8C80B4089DFF8D01B0880EE
:20630000DFF8BC0BB0F84C00DFF8C41B08804FF400500290DFF8BC0B019002200090DFF8D0
:20632000B83B14220A21DFF8B40B0088FCF7C0FD4FF4806001904FF47A700090DFF8A03B18
:206340005FF080725FF40001DFF8980BFCF7A6FC4FF400500290DFF87C0B01908020009055
:206360004FF47A73DFF8802BDFF8700B01885FF40000FCF70BFD4020019064200090DFF866
:206380006C3BDFF8580B02885FF080715FF40000FCF73AFD4FF400734FF47A72DFF8501BAE
:2063A0008020FCF741FB02F083FB02F053FC02F0FFFCDFF8401BDFF8080BFAF7FFFFDFF88E
:2063C000380B0088002840F076854FF4005006904FF4807005905FF4003004905FF4803094
:2063E00003904FF400400290DFF8E80A0190DFF80C0B0090DFF8080BD0F890309BB2DFF887
:20640000000BD0F8802092B2DFF8F40A016F89B2DFF8AC0AFCF74CFBDFF8E80A0068C00786
:2064200040F17E8100200690DFF8DC0A05900220049001200390DFF8D40A0290DFF8D00AC2
:206440000190DFF8D00A0090DFF8CC3ADFF8CC2ADFF8CC1ADFF8840A0088FBF7A8F9002063
:206460000690DFF8A40A05900420049002200390DFF8980A0290DFF8AC0A0190DFF8A80A4D
:206480000090DFF8A83ADFF8A82ADFF8A81ADFF84C0A0088FBF78BF900200690DFF8680A47
:2064A00005900820049004200390DFF8600A0290DFF8840A0190DFF8840A0090DFF8803A85
:2064C000DFF8802ADFF8801ADFF8100A0088FBF76EF9DFF8780A06904FF4005005901020B1
:2064E000049008200390DFF8240A0290DFF8600A0190DFF8600A0090DFF85C3ADFF85C2A49
:20650000DFF85C1ADFF8F809006B80B2FBF7C0FCDFF8380A06904FF48040059020200490F0
:2065200010200390DFF8E4090290DFF8380A0190DFF8340A0090DFF8343ADFF8342ADFF8A2
:20654000341ADFF8BC09006B80B2FBF7A1FCDFF8B8090690402005904FF4005004904FF498
:2065600000600390DFF8A4090290DFF80C0A0190DFF8080A0090DFF8083ADFF8082ADFF822
:20658000081ADFF858090088FBF7F2FB00200690DFF8740905904FF48060049040200390F1
:2065A000DFF868090290DFF8E4090190DFF8E0090090DFF8E039DFF8E029DFF8E019DFF8E5
:2065C0001C090088FBF70FFA00200790DFF838090690402005902020049020200390DFF83B
:2065E0002C090290DFF8B8090190DFF8B8090090DFF8B439DFF8B429DFF8B419DFF8DC08AC
:206600000088FBF725FB00200790DFF8FC0806904FF4006005904FF4007004901020039076
:20662000DFF8E8080290DFF88C090190DFF888090090DFF88839DFF88829DFF88819DFF89D
:206640009C080088FBF704FB01200890DFF8780907904FF4804006904FF4805005904FF4F1
:206660008070049080200390DFF8A0080290DFF85C090190DFF858090090DFF85839DFF87E
:206680005829DFF85819DFF858090088FBF7C2FEDFF8340906904FF40060059080200490A9
:2066A0004FF480700390DFF864080290DFF834090190DFF834090090DFF83039DFF8302986
:2066C000DFF83019DFF818090088FBF777FCDFF828090890202007904FF4805006904FF452
:2066E00080600590DFF824080490DFF810090390DFF80C090290DFF80C090190DFF8080928
:206700000090DFF80839DFF80829DFF8D0070188DFF8EC07D0F8A00080B2FCF71BF833E015
:206720000020DFF8681808600020DFF8601848600020DFF8DC1708600020DFF8E8170860B3
:206740000020DFF8F41708600020DFF8041808600020DFF8101808600020DFF84418086012
:206760000020DFF8501808600020DFF8781808600020DFF8581808600020DFF8801808609D
:206780000020DFF8F4170860DFF848070068400504D4DFF880084078800707D50720F5F757
:2067A0001AF90120DFF87018087082E3DFF868080078002800F07D830720F5F789F90020DD
:2067C000DFF85418087074E3DFF8F006C078012840F06181DFF844088088DFF8E8160860FF
:2067E000DFF83808C088DFF8E0160860DFF82C080089DFF8D8160880DFF82008008FDFF8BF
:20680000D01608804FF400500290DFF8C806019002200090DFF8C03614220A21DFF8BC0636
:206820000088FCF745FB4FF4006001904FF47A700090DFF8AC365FF080725FF40001DFF887
:20684000E007FCF72BFA4FF400500290DFF8840601904FF4807000904FF47A73DFF88826AA
:20686000DFF8780601885FF40000FCF78FFA4FF480634FF47A72DFF878168020FCF7D4F852
:20688000DFF874060088002840F015834FF4005006904FF4007005905FF4003004905FF454
:2068A000803003904FF400400290DFF828060190DFF848060090DFF86C07D0F890309BB216
:2068C000DFF86007D0F8802092B2DFF85807016F89B2DFF84807FCF7EBF8FFF77BFCDFF8AD
:2068E00024060068C00740F1B98000200690DFF8180605900220049001200390DFF80C0642
:206900000290DFF80C060190DFF81C070090DFF81C37DFF81C27DFF81C17DFF8C00500886F
:20692000FAF745FF00200690DFF8DC0505900420049002200390DFF8D4050290DFF8E405B0
:206940000190DFF8F4060090DFF8F036DFF8F026DFF8F016DFF884050088FAF728FF00205E
:206960000690DFF8A40505900820049010200390DFF898050290DFF814060190DFF8C806C0
:206980000090DFF8C836DFF8C826DFF8C816DFF84C050088FBF727F8DFF86C0506904FF436
:2069A000805005901020049020200390DFF85C050290DFF8C4050190DFF89C060090DFF800
:2069C0009C36DFF89C26DFF89C16DFF810050088FBF7CEF901200890DFF8EC0507904FF43B
:2069E00080500690082005904FF4006004904FF480600390DFF814050290DFF8D0050190C8
:206A0000DFF864060090DFF86436DFF86426DFF86416DFF8CC050088FBF7FCFCDFF8580633
:206A200006904FF4005005902020049004200390DFF8D8040290DFF844060190DFF84006F9
:206A40000090DFF84036DFF84026DFF84016DFF8D405006B80B2FBF71BFA2AE20020DFF898
:206A60002C1508600020DFF8241548600020DFF8A01408600020DFF8AC1408600020DFF86C
:206A8000FC1508600020DFF8F01408600020DFF83C1508600DE2DFF82404C078022840F0EA
:206AA0000882DFF8EC050089DFF818140860DFF8E0054089DFF810140860DFF8D4058089EF
:206AC000DFF8081408800020DFF8041408804FF400500290DFF8FC03019002200090DFF88F
:206AE000F83314220A21DFF8F4030088FCF7E0F94FF4805001904FF47A700090DFF8E0339D
:206B00005FF080725FF40001DFF88805FCF7C6F84FF400500290DFF8BC0301904FF40070CC
:206B200000904FF47A73DFF8C023DFF8B00301885FF40000FCF72AF940200190642000905A
:206B4000DFF8A833DFF8940302885FF080715FF40000FCF759F94FF400634FF47A72DFF807
:206B600090138020FBF760FF00F0C4FEDFF888030088002840F09F814FF4005006904FF401
:206B8000806005905FF4003004905FF4803003904FF400400290CF480190DFF8600300904C
:206BA000DFF8F404D0F8A0309BB2DFF8EC04D0F8902092B2DFF8E004D0F8801089B2DFF879
:206BC000D004FBF775FFCF480068C00740F10D81C048006800016DD500200690CA48059066
:206BE000022004904FF400500390C8480290DFF8AC040190DFF8A8040090DFF8A834DFF862
:206C0000A824DFF8A814B5480088FAF7D0FD00200690BD4805900420049002200390BB4812
:206C20000290C0480190DFF888040090DFF88434DFF88424DFF88414A8480088FAF7B7FD9C
:206C4000B14806904FF4005005904020049020200390AE480290C8480190DFF864040090BE
:206C6000DFF86034DFF86024DFF860149B480088FBF77EF8DFF89C030078C00734D5A24888
:206C800006900020059020200490102003909F480290DFF83C040190DFF838040090DFF877
:206CA0003834DFF83824DFF838148C480088FBF7EFF819E000200690934805900220049008
:206CC0000120039091480290DFF818040190DFF8D0030090DFF81034DFF8CC23DFF8CC1340
:206CE0007E480088FAF763FDDFF80004069000200590082004900420039084480290DFF827
:206D0000F0030190DFF8EC030090DFF8EC33DFF8EC23DFF8EC13E048006C80B2FBF7B8F87F
:206D20008A4806904FF48040059080200490402003907648029086480190DFF8C80300904B
:206D4000DFF8C433DFF8C423DFF8C413D248006B80B2FBF79DF8002006906B48059010208D
:206D60000490082003906948029088480190DFF8A4030090DFF8A033DFF8A023DFF8A01344
:206D800056480088FAF72FFE002007908E4806904FF4807005904FF400700490802003904A
:206DA0005A48029089480190DE480090DE4BDF4ADF498B480088FBF7B9F98348069080200D
:206DC00005904FF4807004904FF4807003904F48029084480190D7480090D74BD74AD849F8
:206DE0007F480088FBF7EAF820E00020674908600020664948600020BA4908600020A74926
:206E000008600020474908600020B94908600020AF49086000204E49086000207149086087
:206E200000206A490860002053490860102005904FF4006004904FF40070039033480290A4
:206E4000C0480190C0480090C04BC14AC1490120FBF755FD202005904FF4805004904FF4BD
:206E60008060039029480290BB480190BB480090BB4BDFF85C2ADFF85C1A0220FBF73FFD75
:206E8000402005904FF4005004904FF4006003901E480290DFF8400A0190DFF8400A009045
:206EA000DFF83C3ADFF83C2ADFF83C1A0320FBF726FD02F07DF809B000BD0000606C00201A
:206EC00054660020646D0020686D0020166E0020186E00209C6C0020B26D00201A6E002099
:206EE000A06C002058660020A46C0020AC6C0020A86C002056660020FC6D0020E86C002013
:206F0000AC610020446D0020306B0020906C0020B06C0020646600206266002060660020A8
:206F2000046B0020B46C00206A6600206866002066660020056B0020B86C002070660020EE
:206F40006E6600206C660020066B00203A6B0020BC6C002092660020906600208E6600206B
:206F60000C6B0020C06C00209866002096660020946600200D6B0020006D00207C660020B3
:206F80007A66002078660020086B0020586C0020766600207466002072660020076B0020FC
:206FA000CC6C00208666002084660020826600200A6B0020D06C00208C6600208A66002048
:206FC000886600200B6B0020326B0020E06C0020A4660020A2660020A06600200F6B0020D2
:206FE0001C6E0020D46C00209E6600209C6600209A6600200E6B0020426B0020046D00202A
:20700000AA660020AC660020A8660020A6660020106B0020D06B00205A6E002094680020BA
:20702000966800205C620020A2680020A06800209E6800204C6B0020A8680020A6680020A7
:20704000A46800204D6B0020AE680020AC680020AA6800204E6B0020B4680020B268002041
:20706000B06800204F6B0020D0680020CE680020CC680020556B0020446B0020086D0020B8
:20708000BA680020B8680020B6680020506B00200C670020126700202C600020C86C002029
:2070A000206700201E6700201A6700207C6B00202667002024670020226700207D6B0020D3
:2070C000406700203E6700203C670020826B0020D86C00203A6700203867002036670020B3
:2070E000816B0020C46C00201C6700203C6B0020DC6C00202C6700202A670020286700204F
:207100007E6B0020466700204467002042670020836B002032670020306700202E670020D2
:207120007F6B002052670020506700204E670020856B00204C6700204A670020486700203D
:20714000846B0020C06D0020B86D00205667002054670020866B0020C26D0020BA6D00202F
:207160005A67002010B584B0DFF880070088002840F0AC83DFF878070088032802D10020CC
:20718000040002E040F2DC500400DFF86809006830F48050DFF85C190860DFF85C09C078DB
:2071A000002840F069814FF480500290DFF844090190DFF848090090DFF84439DFF84429E3
:2071C000DFF84419DFF844090088F9F7EBFF4FF480500290DFF81C090190DFF8340900901F
:2071E000DFF83039DFF83029DFF83019DFF81C090088F9F7D7FF4FF480500290DFF8F4083D
:207200000190DFF81C090090DFF81839DFF81829DFF81819DFF8F4080088F9F7C3FF4FF4B9
:2072200080500290DFF8CC080190DFF804090090DFF80039DFF80029DFF80019DFF800095C
:20724000006B80B2F9F7AEFF4FF480500290DFF8A4080190DFF8EC080090DFF8EC38DFF80E
:20726000EC28DFF8EC18DFF8D808006B80B2F9F799FF4FF480500290DFF878080190DFF8DF
:20728000D4080090DFF8D038DFF8D028DFF8D018DFF878080088F9F785FF4FF4805002901D
:2072A000DFF850080190DFF8BC080090DFF8B838DFF8B828DFF8B818DFF850080088F9F717
:2072C00071FFDFF830080078800613D54FF480500290DFF820080190DFF898080090DFF836
:2072E0009838DFF89828DFF89818DFF820080088F9F758FFDFF8FC070078C00613D54FF48F
:2073000080500290DFF8EC070190DFF878080090DFF87438DFF87428DFF87418DFF8EC07A6
:207320000088F9F73FFFDFF8CC070068C0012FD5DFF860080088210089B2884213D34FF4AA
:2073400080500290DFF8AC070190DFF84C080090DFF84838DFF84828DFF84818DFF834080D
:207360000088F9F765FF4FF480500290DFF884070190DFF834080090DFF83038DFF8302888
:20738000DFF83018DFF80C080088F9F70BFF0FE0DFF82408006830F40060DFF81C18086010
:2073A000DFF81408006830F48050DFF80C180860DFF88C07D0F8A000B0F57A6F1ED9DFF8ED
:2073C0004C070088DFF8F417B1F85810884215D34FF480500290DFF81C070190DFF8E0073F
:2073E0000090DFF8E037DFF8E027DFF8E017DFF85007D0F8A00080B2F9F71AFFDFF8F406C1
:207400000068C00411D5DFF8C807006850F00100DFF8BC1708600020DFF8B81708804FF468
:20742000FA70DFF8B41708802CE2DFF8C8060068000308D54FF4FA60DFF89C1708800020EE
:20744000DFF890170880DFF88C070088DFF888170988884208D30020DFF87417086000207E
:20746000DFF8781708600DE2DFF868070088401CDFF86017088005E2DFF87C06C0780128AE
:2074800040F0CC804FF480500290DFF868060190DFF868060090DFF84837DFF84827DFF8AD
:2074A0004817DFF868060088F9F77CFE4FF480500290DFF840060190DFF854060090DFF84B
:2074C0002C37DFF82C27DFF82C17DFF840060088F9F768FE4FF480500290DFF818060190DF
:2074E000DFF814070090DFF81437DFF81427DFF81417DFF81407006B80B2F9F753FE4FF4C1
:2075000080500290DFF8EC050190DFF848060090DFF8F836DFF8F826DFF8F816DFF8EC0554
:207520000088F9F73FFE4FF480500290DFF8C4050190DFF830060090DFF8DC36DFF8DC2661
:20754000DFF8DC16DFF8C4050088F9F72BFEDFF8A4050068C0011BD5DFF8380600882100CA
:2075600089B288421CD34FF480500290DFF884050190DFF824060090DFF8A836DFF8A82696
:20758000DFF8A816DFF80C060088F9F751FE07E0DFF82406006830F00800DFF81C160860BD
:2075A000DFF88C06006810F4707F07D0DFF84405006850F48050DFF83C150860DFF83405F4
:2075C0000068C00411D5DFF80806006850F00100DFF8FC1508600020DFF8F81508804FF4EC
:2075E000FA70DFF8F41508804CE1DFF8E8050088DFF8E4150988884208D30020DFF8D0155E
:2076000008600020DFF8D41508603BE1DFF8C4050088401CDFF8BC15088033E1DFF8D80423
:20762000C078022840F02E81DFF8C804006830F48050DFF8C0140860DFF8B80400680001FB
:2076400055D54FF480500290DFF8A8040190DFF804050090DFF8DC35DFF8DC25DFF8DC154F
:20766000DFF8A8040088F9F79DFD4FF480500290DFF880040190DFF898040090DFF8C03515
:20768000DFF8C025DFF8C015DFF880040088F9F789FDDFF8B8050078C00713D54FF480505B
:2076A0000290DFF850040190DFF8A4050090DFF8A435DFF8A425DFF8A415DFF850040088D9
:2076C000F9F770FD4FF480500290DFF828040190DFF88C050090DFF88C35DFF88C25DFF825
:2076E0008C15DFF828040088F9F75CFD13E04FF480500290DFF8FC030190DFF87405009036
:20770000DFF87035DFF86025DFF86015DFF8FC030088F9F747FD4FF480500290DFF8D40360
:207720000190DFF80C040090DFF84C35DFF84C25DFF84C15DFF84C05006B80B2F9F732FD85
:207740004FF480500290DFF8AC030190DFF814040090DFF83435DFF83425DFF83415DFF887
:20776000AC030088F9F71EFD4FF480500290DFF884030190DFF81C050090DFF81C35DFF8AC
:207780001C25DFF81C15DFF8FC04006C80B2F9F709FDDFF89C04006810F4606F07D0DFF8D5
:2077A0005403006850F48050DFF848130860DFF844030068C00127D54FF480500290DFF89D
:2077C00034030190DFF8D0030090DFF8D834DFF8D824DFF8D814DFF8BC030088F9F728FDFB
:2077E0004FF480500290C3480190DFF8BC030090DFF8BC34DFF8BC24DFF8BC14DFF894038F
:207800000088F9F7CFFC0FE0DFF8AC03006830F08000DFF8A4130860DFF89C03006830F4B0
:207820008070DFF894130860B2480068C00411D5DFF89C03006850F00100DFF89413086061
:207840000020DFF8901308804FF4FA70DFF88813088017E0DFF87C030088DFF87C13098893
:20786000884208D30020DFF8681308600020DFF86C13086006E0DFF85C030088401CDFF8D4
:2078800054130880DFF848030068C0071ED5DFF82C040088401CDFF824140880DFF81C043C
:2078A0000088642804DB8021DFF81404FCF73FFBDFF808040088C82808DB0020DFF8FC13D4
:2078C00008808021DFF8F803FCF734FB1FBD000058670020876B0020C46D0020BC6D002024
:2078E0005E6700205C670020886B0020FC6D0020186E002070B5DFF8CC038088002806D1AC
:207900007C48006850F000607A490860F1E079480068800420D57748006830F00060754998
:2079200008607448006830F08060724908607148006830F080406F4908606E48006830F039
:2079400080506C4908600020DFF87C1308800020DFF878130880CCE0DFF868034088FCF779
:20796000BDFE5FF03332DFF86833FCF7C5FEFCF7ABFF0400D3484088FCF7B0FE0022D54B09
:20798000FCF7BAFEFCF7A0FF0500CE484088FCF7A5FED14AD14BFCF7AFFEFCF795FF0600CD
:2079A0005448006810F0904F40F0A3805148006840010DD455480088B0426BD34D4800681C
:2079C00050F080604B4908600020BF49088061E0BD480088401CBC49088046480068C0006E
:2079E0002DD44A480088A84212D3BD480088401CBB490880BA4800880B283EDB3D48006865
:207A000050F080503B4908600020B549088034E0AE480088002830D1AB480088A94989888B
:207A200088422AD33348006850F00060314908600020A54908800020A44908801DE0334877
:207A40000088A04219D2A6480088401CA4490880A34800880B2810DB00209B49088000204D
:207A60009F4908802348006830F080502149086096480088401C954908809448008800284D
:207A800008D01C48006850F000601A49086000208D4908808C4800888A498988884228D354
:207AA00014480068400124D518480088A04220D30020484908808B48007A5A2810D1814859
:207AC000008D00280CD04248006850F48060404908600E4800888449088001F027FA08E0E1
:207AE0000448006850F000600249086000207649088070BD9C6C0020606C0020966D0020B4
:207B00006266002060660020046B00201A6E0020986D00206866002066660020056B0020D1
:207B20009A6D00206E6600206C660020066B00209C6D0020906600208E6600200C6B0020BD
:207B4000AC6100209E6D002096660020946600200D6B0020AC6D00207A66002078660020C8
:207B6000086B0020B06D00207466002072660020076B0020A06D0020846600208266002072
:207B80000A6B0020A66D00208A660020886600200B6B00201C6E0020AA6D0020A266002060
:207BA000A06600200F6B0020A86D00209C6600209A6600200E6B0020486D00205466002046
:207BC000AE6D0020A8660020A6660020106B0020446D0020CE6D002078010020986C00208C
:207BE000A06800209E6800204C6B0020A6680020A46800204D6B0020B66D0020B8680020AB
:207C0000B6680020506B00205C620020B2680020B06800204F6B0020AC680020AA680020BB
:207C20004E6B0020CE680020CC680020556B0020906C00203E6700203C670020826B002030
:207C400024670020226700207D6B0020D06B0020A46D00203867002036670020816B0020B4
:207C6000926D00201E6700201A6700207C6B0020946D00201C670020446700204267002040
:207C8000836B00202C600020306700202E6700207F6B0020A26D00202A6700202867002025
:207CA0007E6B0020506700204E670020856B00204A67002048670020846B0020B46D00200F
:207CC000001801400C670020C86D0020CA6D00203333F33F0000F43F9A9999999999B93FB2
:207CE000CC6D0020786B0020306B0020F0B585B0DFF8800DB0F900000700DFF87C0DC078E7
:207D0000002840F01B8201A800909FEDD90ADFF86C3D0122390009B2DFF8640DF5F721F8E2
:207D20000198DFF8601D49884843800ADFF8581D08600198DFF84C1D49884843800ADFF826
:207D40003C1D0860DFF8340D006805280BD20020DFF8281D08600020DFF8201D4860002038
:207D6000DFF8181D886001A800909FEDC10ADFF81C3D0122390009B2DFF8140DF4F7F1FF65
:207D80000198DFF8001D89884843800ADFF8F81C48600198DFF8EC1C89884843800ADFF828
:207DA000DC1C0861DFF8D40C006905280BD20020DFF8C81C08610020DFF8C01C4861002058
:207DC000DFF8B81C886101A800909FEDA90ADFF8C43C0122390009B2DFF8BC0CF4F7C1FF5F
:207DE0000198DFF8A01CC9884843800ADFF8981C88600198DFF88C1CC9884843800ADFF829
:207E00007C1C0862DFF8740C006A05280BD20020DFF8681C08620020DFF8601C4862002073
:207E2000DFF8581C886201A800909FEDE50ADFF86C3C0122390009B2DFF8640CF4F791FF01
:207E40000198DFF8401C09894843800ADFF8381CC8600198DFF82C1C09894843800ADFF826
:207E60001C1C0863DFF8140C006B05280BD20020DFF8081C08630020DFF8001C486300208F
:207E8000DFF8F81B886301A800909FEDE70ADFF8143C0122390009B2DFF8A00DF4F761FF4A
:207EA0000198DFF8E01B49894843800ADFF8D81B08610198DFF8CC1B49894843800ADFF828
:207EC000BC1B0864DFF8B40B006C64280BD20020DFF8A81B08640020DFF8A01B4864002050
:207EE000DFF8981B886401A800909FEDCF0ADFF8B83B0122390009B2DFF8440DF4F731FF4A
:207F00000198DFF8801B89894843800ADFF8781B48610198DFF86C1B89894843800ADFF827
:207F20005C1B0865DFF8540B006D64280BD20020DFF8481B08650020DFF8401B486500206B
:207F4000DFF8381B886501A800909FEDB70ADFF85C3B0122390009B2DFF8E80CF4F701FF49
:207F60000198DFF8201BC9894843800ADFF8181B88610198DFF80C1BC9894843800ADFF827
:207F8000FC1A0866DFF8F40A006E64280BD20020DFF8E81A08660020DFF8E01A486600208B
:207FA000DFF8D81A886601ABDFF89C2CDFF8F81ADFF8F00AF4F74BFF0198DFF8C81A098AEB
:207FC0004843800ADFF8C01AC8610198DFF8B41A098A4843800ADFF8A41A0867DFF89C0A4B
:207FE000006FAD280BD20020DFF8901A08670020DFF8881A48670020DFF8801A886701ABDC
:20800000DFF8482CDFF8A41ADFF89C0AF4F71FFF0198DFF8701A498A4843800ADFF8681ABF
:2080200008620198DFF85C1A498A4843800ADFF84C1AC1F88000DFF8440AD0F88000AD2850
:208040000ED20020DFF8341AC1F880000020DFF82C1AC1F884000020DFF8201AC1F88800D6
:2080600001ABDFF8EC2BDFF83C1ADFF8400A01E0CDCC8C3FF4F7EBFE0198DFF8081A898A5A
:208080004843800ADFF8001A48620198DFF8F419898A4843800ADFF8E419C1F89000DFF897
:2080A000DC09D0F89000AD280ED20020DFF8CC19C1F890000020DFF8C419C1F89400002068
:2080C000DFF8B819C1F89800390009B2DFF86C0BF5F714FA80B2DFF8A419C1F8A000DFF875
:2080E0009C09D0F8A0000A214843DFF8AC1C0863DFF88809026A92B2DFF88009016989B296
:20810000DFF87809006880B2F5F72EFCDFF88C1C0880DFF86809D0F8902092B2DFF85C0910
:20812000D0F8801089B2DFF85409006F80B2F5F71BFCDFF8EC1D088000F097BCDFF8380911
:20814000C078012840F0268201A800909FEDDC0ADFF84C3C0122390009B2DFF82409F4F7D6
:2081600000FE0198DFF81C1949884843800ADFF8181908600198DFF80C1949884843800A8B
:20818000DFF81C1C0860DFF8180C006805280BD20020DFF80C1C08600020DFF8041C4860B5
:2081A0000020DFF8FC1B886001A800909FEDC40ADFF8F03B0122390009B2DFF8D40801E089
:2081C0003B010D3EF4F7CDFD0198DFF8B81889884843800ADFF8B01848600198DFF8A4188A
:2081E00089884843800ADFF8B81B0861DFF8B00B006905280BD20020DFF8A41B0861002002
:20820000DFF89C1B48610020DFF8941B886101A800909FEDAB0ADFF8903B0122390009B265
:20822000DFF8740802E000BF5C8F3240F4F799FD0198DFF85018C9884843800ADFF84818F7
:2082400088600198DFF83C18C9884843800ADFF8501B0862DFF8480B006A05280BD20020A2
:20826000DFF83C1B08620020DFF8341B48620020DFF82C1B886201A800909FEDC40ADFF8E4
:208280002C3B0122390009B2DFF81408F4F769FD0198DFF8F01709894843800ADFF8E81728
:2082A000C8600198DFF8DC1709894843800ADFF8F01A0863DFF8E80A006B05280BD20020E2
:2082C000DFF8DC1A08630020DFF8D41A48630020DFF8CC1A886301A800909FEDAD0ADFF8BB
:2082E000443C0122390009B2DFF85009F4F739FD0198DFF8901749894843800ADFF8881722
:2083000008610198DFF87C1749894843800ADFF8901A0864DFF8880A006C64280BD20020BF
:20832000DFF87C1A08640020DFF8741A48640020DFF86C1A886401A800909FED950ADFF88F
:20834000E83B0122390009B2DFF8F408F4F709FD0198DFF8301789894843800ADFF828172B
:2083600048610198DFF81C1789894843800ADFF8301A0865DFF8280A006D64280BD20020FD
:20838000DFF81C1A08650020DFF8141A48650020DFF80C1A886501A800909FED7D0ADFF864
:2083A0001C3C0122390009B2DFF89808F4F7D9FC0198DFF8D016C9894843800ADFF8C816A5
:2083C00088610198DFF8BC16C9894843800ADFF8D0190866DFF8C809006E64280BD200203E
:2083E000DFF8BC1908660020DFF8B41948660020DFF8AC19886601ABDFF8C42BDFF8281BBB
:20840000DFF8200BF4F723FD0198DFF87816098A4843800ADFF87016C8610198DFF8641639
:20842000098A4843800ADFF878190867DFF87009006FAD280BD20020DFF864190867002049
:20844000DFF85C1948670020DFF85419886701ABDFF8702BDFF8641BDFF8CC0AF4F7F7FCCF
:208460000198DFF82016498A4843800ADFF8181608620198DFF80C16498A4843800ADFF8AE
:208480002019C1F88000DFF81809D0F88000AD280ED20020DFF80819C1F880000020DFF82D
:2084A0000019C1F884000020DFF8F418C1F8880001ABDFF8982BDFF86C1ADFF8000B01E0BC
:2084C000CDCC8C3FF4F7C3FC0198DFF8B815898A4843800ADFF8B01548620198DFF8A415BA
:2084E000898A4843800ADFF8B818C1F89000DFF8B008D0F89000AD280ED20020DFF8A01819
:20850000C1F890000020DFF89818C1F894000020DFF88C18C1F89800390009B2DFF81C0744
:20852000F4F7ECFF80B2DFF87818C1F8A000DFF87008D0F8A0000A214843DFF85C18086350
:20854000DFF85C08026A92B2DFF85408016989B2DFF84C08006880B2F5F706FADFF83C187C
:208560000880DFF83C08D0F8902092B2DFF83008D0F8801089B2DFF82808006F80B2F5F766
:20858000F3F9DFF89C1908806FE200BF3B010D3E5C8F3240DFF8E004C078022840F06582B3
:2085A00001A800909FEDD30ADFF8283B0122390009B2DFF8CC04F4F7D4FB0198DFF8C4141F
:2085C00049884843800ADFF8C01408600198DFF8B41449884843800ADFF8F81A0860DFF85C
:2085E000F40A006805280BD20020DFF8E81A08600020DFF8E01A48600020DFF8D81A886040
:2086000001A800909FEDBB0ADFF8CC3A0122390009B2DFF87C04F4F7A4FB0198DFF8641413
:2086200089884843800ADFF8601448600198DFF8541489884843800ADFF8981A0861DFF85A
:20864000940A006905280BD20020DFF8881A08610020DFF8801A48610020DFF8781A88615B
:2086600001A800909FEDA30ADFF8703A0122390009B2DFF82404F4F774FB0198DFF804140F
:20868000C9884843800ADFF8001488600198DFF8F413C9884843800ADFF8381A0862DFF85A
:2086A000340A006A05280BD20020DFF8281A08620020DFF8201A48620020DFF8181A886277
:2086C00001A800909FEDDD0ADFF8143A0122390009B2DFF8CC03F4F744FB0198DFF8A413BB
:2086E00009894843800ADFF8A013C8600198E54909894843800ADFF8DC190863DFF8D409C8
:20870000006B05280BD20020DFF8C81908630020DFF8C01948630020DFF8B819886301A8CA
:2087200000909FEDD30ADFF8BC390122390009B2DFF80805F4F715FB0198D249498948436D
:20874000800AD14908610198CE4949894843800ADFF880190865DFF87C09006D64280BD266
:208760000020DFF8701908650020DFF8681948650020DFF86019886501A800909FEDBC0AFF
:20878000DFF864390122390009B2DFF8B404F4F7E8FA0198BB4989894843800ABA49486182
:2087A0000198B84989894843800ADFF828190866DFF82009006E64280BD20020DFF8141977
:2087C00008660020DFF80C1948660020DFF80419886601A800909FEDA60ADFF810390122A7
:2087E000390009B2DFF85C04F4F7BBFA0198A549C9894843800AA44988610198A149C98915
:208800004843800ADFF8CC180867DFF8C808006F64280BD20020DFF8BC1808670020DFF869
:20882000B41848670020DFF8AC18886701ABDFF8C028DFF8B418DFF8AC08F4F708FB0198F3
:208840009049098A4843800A8F49C86101988D49098A4843800ADFF87C18C1F88000DFF804
:208860007408D0F88000AD280ED20020DFF86418C1F880000020DFF85C18C1F8840000200B
:20888000DFF85018C1F8880001ABDFF86828DFF85C18DFF85408F4F7DAFA01987949498ADA
:2088A0004843800A7849086201987649498A4843800ADFF82018C1F89000DFF81808D0F821
:2088C0009000AD280ED20020DFF80818C1F890000020DFF80018C1F894000020DFF8F41795
:2088E000C1F8980001ABDFF81028DFF8F817DFF8FC0701E0CDCC8C3FF4F7A9FA0198614996
:20890000898A4843800A6049486201985D49898A4843800ADFF8BC17C1F8A000DFF8B407E0
:20892000D0F8A000AD280ED20020DFF8A817C1F8A0000020DFF89C17C1F8A4000020DFF80D
:208940009417C1F8A800DFF88C074068ADF80800DFF880078068ADF80A00DFF87807406A57
:20896000ADF80C00DFF86C07806AADF80E00DFF864074069ADF81000DFF858078069ADF8FB
:20898000120002A8F4F764FDBDF908000400BDF90A000500200000B2DFF83817486428007C
:2089A00000B2DFF83017886405FB05F004FB040006003000F4F7FCFEFBF786FEDFF83C2738
:2089C000DFF83C37FBF798FEDFF83827DFF83837FBF792FEFBF778FF019001982949C98A6F
:2089E0004843800A2849886201982649C98A4843800ADFF8E0160864390009B28F48F4F7A8
:208A00007DFD80B2DFF8CC16C1F8B000DFF8C406D0F8B0000A214843DF490863DFF8B40695
:208A2000026A92B2DFF8AC06016989B2DFF8A406006880B2F4F798FFD84901E03B010D3E32
:208A40000880DFF89006D0F8A02092B2DFF88406D0F8901089B2DFF87C06D0F8800080B27E
:208A6000F4F782FFDFF8B814088005B0F0BD00005C8F3240FA6D0020606C0020AC61002000
:208A800080250020C069002050690020BC61002080270020CC61002080290020DC61002078
:208AA00080190020EC610020FC6100200C620020DFF85806407A5A2804D1DFF85406408D41
:208AC00000280CD1DFF84C06006830F40010DFF8441608600020DFF840160860ACE0DFF81B
:208AE0003C060078C0070CD5DFF82806006830F40010DFF8201608600020DFF81C1608606D
:208B00009AE0DFF81806407880070CD5DFF80406006830F40010DFF8FC1508600020DFF802
:208B2000F815086088E0DFF8EC05006840050CD5DFF8E005006830F40010DFF8D81508607E
:208B40000020DFF8D415086076E0DFF8C8050068C0020CD5DFF8BC05006830F40010DFF8BD
:208B6000B41508600020DFF8B015086064E0DFF8B005006880050CD5DFF89805006830F402
:208B80000010DFF8901508600020DFF88C15086052E0DFF89005006810F4906F0CD0DFF825
:208BA0007405006830F40010DFF8681508600020DFF8641508603FE0DFF85805007800063B
:208BC0000CD5DFF85005006830F40010DFF8441508600020DFF8401508602DE0DFF8340583
:208BE0000068C00428D4DFF82C050068C0011FD5DFF82405006843F69821884208D3DFF852
:208C00001405006850F40010DFF80815086013E0DFF8040500680A30DFF8FC140860DFF888
:208C2000F404006830F40010DFF8E814086003E00020DFF8E414086070470000801F0020B5
:208C400080210020802300201C6200202C6200203C620020DFF8BC040078C00623D4DFF8E3
:208C6000B4040078400619D5DFF8BC04006814280CD30020DFF8B0140860DFF89804006878
:208C800050F01000DFF88C14086036E0DFF8980400680A30DFF8901408602EE00020DFF892
:208CA0008814086029E0DFF86C040068DFF87C140840DFF8781488421BD0DFF86C04006882
:208CC00040F6B83188420CD30020DFF85C140860DFF84004006830F01000DFF838140860BF
:208CE0000BE0DFF8440400680A30DFF83C14086003E00020DFF830140860DFF81804007848
:208D0000800623D4DFF818040068800519D5DFF82004006814280CD30020DFF81414086003
:208D2000DFF8F003006850F02000DFF8E813086031E0DFF8FC0300680A30DFF8F413086098
:208D400029E00020DFF8E813086024E0DFF8D003006880051BD4DFF8D803006840F6B831ED
:208D600088420CD30020DFF8C8130860DFF8A403006830F02000DFF89C1308600BE0DFF83A
:208D8000B00300680A30DFF8A813086003E00020DFF89C1308607047F46900201A6E0020B7
:208DA0005C6200206C6200207C6200208C62002080B5DFF86003007800070CD5DFF85403DE
:208DC000006850F48000DFF84C1308600020DFF8641308601EE0DFF83C030068400219D547
:208DE000DFF850030068B0F5C87F0CD3DFF82403006830F48000DFF81C1308600020DFF8A7
:208E00003413086006E0DFF82C0300680A30DFF824130860DFF80803006880051CD5DFF808
:208E200018030068B0F5FA7F03D2BA48006880040CD40220F2F74CFE0020BF490860B84809
:208E4000006830F40070B649086008E0BA4800680A30B949086002E00020B7490860AD485A
:208E6000006800031BD4AB480068B4490840B349884254D1A748006810F0401F4FD0A5484B
:208E8000006850F40020A3490860A548006850F00100A34908600520A94908603FE09D4845
:208EA0000068A6490840A549884229D1A4480068401CA3490860A24800689549898D88424D
:208EC0002DD305209E4908609548006850F40070934908608F48006830F400108D49086030
:208EE00000208D4908600420F2F775FD0220F2F772FD9448407850F00800924948700EE0BE
:208F00008448006830F40020824908608148006830F400107F49086000207F49086001BD03
:208F20001C6E00209C620020AC62002080B50B20F2F751FD8348407850F008008149487057
:208F40000120F2F748FD0420F2F745FD7E48C07800281BD17248006847F6FE51084205D094
:208F60006C48006850F008006A4908606C48006847F6C011084205D06648006850F480103F
:208F8000644908600720F2F726FD0DE06E48C078012803D06C48C078022805D15D480068B9
:208FA00050F008005B49086014206849088001BD80B567496548F4F75BFC01BDBC62002062
:208FC000CC620020DC62002080B50A205F49088050480078000737D55B48C07800281CD143
:208FE0004F48006847F6FE5108422DD14948006880040BD54748006830F00800454908602C
:209000004448006830F48010424908600120F2F75FFD0720F2F75CFD16E04B48C0780128FC
:2090200003D04948C07802280ED13D4800684FF6FE71084208D13748006830F0080035493A
:2090400008600120F2F744FD01BD0000EC62002040480078002813D03E48407802280FD1DE
:2090600000203C49087000203A49487029480068C00405D4052038490880002037490880AC
:20908000704710B500203649088001200400E4B20D2C05DA2000C0B2F2F71AFD641CF6E76B
:2090A0000020284948702748F6F796FC00202D49088000202C4908802C480088002807D043
:2090C000F6F7E2FC00202949088032202849088010BD00002C6000203C6000204C6000205F
:2090E0005C6000207C6000208C6000209C600020AC600020BC600020CC6000209A99999957
:209100009999F13F931804560E2DEE3F006B0020546600209C6C0020E46C0020D06B002028
:20912000446D0020486D0020EC6C002000208000F06C0020F46C0020F86C002000202000B1
:20914000FC6C0020546D0020606C0020906D0020C98F0108586D0020E86D0020F66D00205F
:20916000F86D0020E46D0020F06D0020FC6D0020EA6D00202DE9F04140F2FF7581EA030C15
:209180000CF0004C15EA11541DBF15EA1357AC42AF42E9E0BC41C1F31301C3F31303801A0B
:2091A000994143F4801304D2641E4000494180185941C90241EA5051B1FBF3F603FB161166
:2091C000A2FB0675D7EBC020A94102D2761E80185941C90241EA5051B1FBF3FE03FB1E11F0
:2091E000A2FB0E75D7EBC020A94103D2AEF1010E80185941890241EA9051760546EA8E2E10
:20920000B1FBF3F603FB1611A2FB0675D7EB8020A94102D2761E80185941C90241EA5051FF
:209220004EEA060EB1FBF3F603FB1611A2FB0675D7EBC020A94102D2761E80185941C9021F
:2092400041EA5051B1FBF3F703FB1711A2FB0735D3EBC020A94167F100070CBF004247F082
:20926000010766F3D5274FEA1E31B80814F5806414DDBD0775F1004250EB0E5051EB0451D5
:2092800011F5801F5CBF41EA0C01BDE8F0814CF07F6141F0E0410020BDE8F081BD076D08E3
:2092A00040EA0E5041F48011D4F10104B4F120060ADAC4F120060200E04001FA06F3E140D5
:2092C0001843B24015430EE0342C14DCC6F1200445EA40056D0820FA06F2154321FA06F06C
:2092E000A1400D43002175F1004250F1000051EB0C01BDE8F08100205FEA0C01BDE8F08148
:20930000CFB992185B41B3FA83F704BFB2FA82F6BF190B3FB7F120062FBF02FA06F3BB40A3
:20932000C7F1200622FA06F638BF3343BA401CB1E419641E2FE77F4231F00041B1FA81F42B
:2093400004BFB0FA80F6A4190B3CB4F120062FBF00FA06F1A140C4F1200620FA06F638BFB3
:209360003143A0403C1B16E7AC421ABF05EA1357AF4214E050EA41061CBF52EA4306BFE7B9
:2093800050EA4107304661461CBF41EA0551BDE8F08152EA430C08BFC143BDE8F081002030
:2093A0004FF4001616EB410F98BF16EB430F08BF16EB410F24BFC14305E016EB430F0CBF57
:2093C00061464CEA0551BDE8F0810E0E70470E0810B4002203881A0012F441528B891B0404
:2093E00004D5838853F48073838004E083884FF6FF64234083800B884C8823438C88234308
:20940000CC8823430C8923434C8923438C896404640C2343CC8923431A430280838B4FF220
:20942000FF74234083830B8A038210BC704749B2002904D0028852F04002028004E00288BD
:209440004FF6BF731A400280704781817047808970470200002013890B4202D00123180070
:2094600001E00023180040B27047F8B504460D4616461F4600F0C8FA3B463246294620469C
:2094800001B0BDE8F04000F0D6BA00000278C9B28A421AB11CBF10F8012FF9E718BF002050
:2094A00070470000C9B2830706D0521E22D310F8013B9942F7D11FE0083A13D302F10402AE
:2094C00041EA012141EA014150F8043B121F21BF4B40A3F1013C2CEA030C1CF0803FF3D02B
:2094E000C9B2001F083210F8013B521E28BF91EA030FF8D818BF0120401E704780B500F06E
:2095000083FA012002BD000070B5054605F10F00C408AFF30080E400A54232D2082C04D2B2
:20952000082402E0083000F055F82248026811000CD1011D0A6802B31368A34238BF111D1C
:20954000F8D310E01D68A5420DD2191D0B68002BF8D11268011D00E0191D0B6893420CD096
:209560001D68A542F8D361B10D682A68A2F10803A3420AD26A680A600FE000F07FFA002880
:20958000D0D1AFF30080002070BD2B190B60121B6E685E600B681A602C60096800291DBF5C
:2095A0004A68002A091D00210160AFF3008005F1080070BD886C002070B504460D461646A8
:2095C00000F022FA324629462046BDE8704000F025BA000000B9704738B5A0F1080420688C
:2095E000082833D310F0070F30D1AFF300801848416809B18C4203D26160446017E01946DB
:209600004B680BB1A342FAD30B68CD18AC421BD3A54204D12268D2180A600C4607E04A6870
:209620001AB1236823449A420ED362604C60616851B12268A3188B4206D100230360086898
:209640008018206048686060AFF3008031BD0000886C002030B4436803F000420121C3F3C2
:2096600013034360002B04BF0368002B08D10DE00368DD0F45EA440444605B000360491E50
:209680004468E302F4D5C4F31303436043681A434260084630BC70474FF4001C1CEB410FAF
:2096A00094BF1CEB430F09E041EA030C50EA4C0C52EA0C0C03D2994208BF9042704714BF22
:2096C0008B428242704700004FF4001C1CEB410F94BF1CEB430F09E041EA030C50EA4C0C2B
:2096E00052EA0C0C03D28B4208BF8242704714BF994290427047000070B504460D46606871
:20970000C0F30A5040F2FF71884207D16068000304BF2068002817D0022070BD20B9204645
:20972000FFF798FF012866DA012D0FDB40F2FF71091A8D420AD3606800284CBF9FED2F0BE9
:209740009FED300B84ED000B012070BD4142A942616806DA6FF31E51401941EA00506060FC
:2097600040E0401E63684519012205F1350062F31F53352801F00041636003D36160002024
:20978000206070BD002015F11F0F04DA206823600022203562606A4212D0401E256880416C
:2097A000C2F12003C0439D4045EAD07025686668D54006FA03F32B4323606368D34063608C
:2097C00062680A43B0F1004F626003D80DD12078C0070AD52068401C2060206828B9606834
:2097E000401C60604FF0FF3070BD6068884204BF20680028F6D1002070BD00BF00000000DA
:209800000000F0FF000000000000F07FF0B44FF0004591EA030F44BF6B4000F045B900BFDA
:20982000841A71EB030604D26E40001BB141121973414FF4001C1CEB410F34BF7CEB43065C
:2098400084E00C0DA4EB1356362E7DDC012E43DC45EAC32343EA525312BFD20292025B0805
:20986000240545EAC12141EA5051D2EBC020994125D407D1B0FA80F610FA06F164D0002025
:20988000203608E0B1FA81F6B140C6F1200220FA02F21143B0404FEAF474B4EB465434F04E
:2098A00001064FEA74040AD8D6F50016760D04F00044F04061FA06F25040F1404840C00ADC
:2098C00040EA415021F0004128BF5FEA500550F1000044EBD12137E045EAC323DB0A45EA54
:2098E000C121C90AB6F120050EDD42EA0242120CC5F1200603FA06F6EB4042EA06056D4288
:20990000984161F100010DE062FA06F5F240554063FA06FC82EA0C02F3405A406D429041EA
:2099200061EB030111F4801F05D1641E620502D06D004041494121F48011430875F1004390
:2099400050F1000041EB0451F0BC70471CEB410F15D223F0004352EA43060BD04FEA4C0C5D
:20996000BCEB410F04D80C0D661E342EB7DDEBE7801A994150EA410608BF0021E4E708BF40
:209980001CEB430F28BF6FF00001DDE780B5134800F0F4F80FF24C020FF24401016042625D
:2099A00041600FF24402826381600FF24402C1600161416181618162C16201634163C26378
:2099C0000164416401BD10B5044800F0D7F80446206808B9FFF7DAFF204610BD7C000020BE
:2099E000000000002E00000066616C7365000000747275650000000091FBF2F303FB1211DC
:209A0000C0E900317047000080B5DFF80C0000F0B5F8806902BD00000C01002030B430B95E
:209A20000FF24800D0E90045C2E900451BE00170012030BC704730B431B90FF23800D0E9FF
:209A40000045C3E900450EE01AB930BC6FF00100704708B10A7802800978481E804130BCBB
:209A6000C043C00F7047002030BC70470000000000000000000000000000000007490868DA
:209A800008B1002070470648C008C00008600549C908C900091A0160704700BF8C6D0020FD
:209AA0008711002080190020841A71EB030603D2001BB141121973414FF4001C1CEB410FBB
:209AC00034BF7CEB430443E00C0DA4EB1356352E50DC45EAC323DB0A45EAC121C912B6F195
:209AE00020050DDD63FA05F6EB4086EA0305124218BF45F00105C01851F100010CD213E00A
:209B000062FA06F5F2405540F3415A40B340F3405A408018594107D349085FEA30005FEA7A
:209B2000350528BF45F0010501F58011420875F1004250F1000041EB0451F0BC4FF4001C83
:209B40001CEB410F38BF70470020090D090570471CEB410F10D252EA43060BD0BCEB410F75
:209B600005D80C0DAB43661E342EB5DD02E0AB4380185941F0BC7047F0BC7047704700000A
:209B80000000FC242424FC252624FC242424040040308F80844C55252525554C8080800052
:209BA000804020908886808080838C1020408000008040201807004080403F00000000006A
:209BC00000080808080828C4040404060400000080412121519189898585838381808000D3
:209BE0002030AC632018809090FF90494A484000226722121212404020130C142241F80075
:209C0000003E22E2223E0010885724548C000000407E403F22220001FE424242FE01010069
:209C2000008060F807003E2222E222223E000000010000FF2011090503FF030509112000DC
:209C4000101010FF109000F888898E888888F8000444827F8140300F0000000000000100C4
:209C6000001060028C00FE02F202FE00F800FF000004047E018047300F10270047807F00F3
:209C8000101010FF9020984828090E2848A818000242817F0040404242427E424242400088
:209CA00040422410FF00844444447F4444440400222212120AFE42270A1222324A42420039
:209CC000002E2AAAAAAEAAFAAAAEAAAA2A2E0000808080FFAAAAAAAAAAAAAAFF80808000DE
:209CE00004442414047C0506047C041424440400808081414325291129254341808080009F
:209D00000000FE0282828282FA8282828282020080601F40404040407F404044584040005B
:209D200080809E9292929EE0809EB2D2929E80000808F4949292F10001F2929494F80800A5
:209D400000F888888888FF88888888F800000000001F080808087F888888889F80F00000E7
:209D6000004044C4444444401010FF101010F00000103C131014B840300E014080403F0057
:209D80001010D0FF901000FE020202FE00000000040300FF0083601F0000003F40407800F3
:209DA000002018C744444444FC444444440400000404040704040404FF040404040404004A
:209DC00000000000FE2222222222222222FE0000008040300F02020202020242827F000029
:209DE000000000FE82828282828282FE00000000000000FF40404040404040FF000000001B
:209E000000FE20203F2000FC24E4242223E20000807F0101FF80601F804126182641800071
:209E20000010101010D030FF30D010101010000010080402090808FF080809020408100036
:209E4000808080BEA2A2A2A2A2A2A2BE8080800000000006050404044484443C00000000B9
:209E6000808084980000FE9292929292FE0000000080403F4080BF90888182848AB1800018
:209E800000007C40404040FF40404040FC000000007C40404040407F4040404040FC0000D4
:209EA000003E22E2223E000810FF00FFA0100800407E403F22228042310F007F8081F2003D
:209EC00000F80102F09292F29292F20202FE000000FF00000F04047F04040F40807F00007E
:209EE00080A0908E888888FF8888888888808000000000FC44444444444444FC0000000011
:209F000012EAAFAAEA0FFA02888C5724548C84000202EAAAAAABAAABAAAAAAAAEA0202002C
:209F2000101010FF109040A09E8282829EA020000444827F01008080432C102844838000B8
:209F4000000000000001E21CE000000000000000804020100C03000000030C3040808000A4
:209F60000000F8494A4C48F8484C4A49F800000010101312121212FF1212121213101000B6
:209F8000406058C66000D01010FE1010D010000044CE452424000704047F84848F80E00091
:209FA0008080849800109010101010FE101010000080403F408080838090A09F80808000E6
:209FC0001060028C004464544D46445464C4040004047E0180403E0000FE00007E80E000CF
:209FE00000F80122202222A2FA22222202FE000000FF0008040211201F000040807F000044
:20A0000020102CE7242400E22C20BF2028E600000101017F2111804F20100F10204F8000D9
:20A020000808080808F8898E888888880808080000804020180700004080403F0000000073
:20A0400000F808080CCA494848C8080808F8000000FF0000001F0808081F0040807F0000DD
:20A060001010FF1090E02F29E909E9292FE0000042827F414425150D05FE0D1525454400F4
:20A08000008060F80740300FF888888888080800010000FF00000000FF0808080808000013
:20A0A0001010D0FF901000FC24E4242223E20000040300FF0083601F8041261826418000D4
:20A0C00080828282FE8282828282FE8282828000008040300F0000000000FF0000000000F0
:20A0E00000FC2024A8FFA82400FC4444C4424000003F2221202F20A3601F0000FF000000D1
:20A100000808F94A48C84820D8171010F010100040300F20403F8040211608162140800041
:20A12000000000000000000000000000000000000101010101010101010101010101010010
:20A140008080FC96E584FC00A09E82829EA0200080601F024C807F8080432C102C438000AE
:20A160000888888888FF000000FF8888888808001010101010FF000000FF101010101000F3
:20A18000201808EAACA8A8AFA8A8ACEA0828180000003E02020202FF020212221E00000021
:20A1A0001010D0FF90100202FE0202625AC60000040300FF0043308F80432C102C43800092
:20A1C000C808090EE808405E5050DF50505E4000206F201C131000FE027F027E82FE0000E0
:20A1E000008060F80700FC848484FE8283828000010000FF0000FF402000418E3040F8005D
:20A200000040301E101010FF101010101000000081814121110D0301030D11214181810026
:20A22000002020A86C2A3928A82A6CA82020000002828190924A49452422100801020200B7
:20A2400090523410FF10345280708F0808F80800829A566322528E008040330C33408000EB
:20A260000000FE0202F2121212F20202FE00000000007F2020272424242720207F00000088
:20A2800000FC8080808000FE008040201000000000FF40402020007F8180808080F0000025
:20A2A00000020C80608040300FC808082818000002027E0180402018060106182040800019
:20A2C000008060F80704E4A4A4BFA4A4E4040000010000FF40407F4A4A4A4A4A7F40400010
:20A2E00040402020504844434448502020404000000000FE42424242424242FE0000000019
:20A30000008060F80710901011161010D0100000010000FF4040415E4040704E4140400069
:20A320001060028C00FE02F2525A565252F2020004047E41300F201349817F0109132000D4
:20A3400000101010D0FF901000FE22222222FE000008040300FF000300FF42424242FF00C3
:20A3600000F8010600F0121212F2020202FE000000FF0000001F1111111F0040807F000013
:20A380000000FE22222101403E0202021E2020001010FF1109098081472911294583800042
:20A3A0000040504E4848FF48484840F80000FF000000003E0202FF12221E000F40807F0040
:20A3C000100C042424242526A464240404140C00020202020242827F0202020202020200F7
:20A3E00000FC848484FC001010101010FF101000003F1010103F0000010640807F00000076
:20A400000000FC2424E42424222222A36200000040308F804040231408142241408080006C
:20A4200000FE225A8600FE9292929292FE00000000FF04080700FF4020030C14224140000F
:20A4400000002010E8242724A424342CE0000000000080804F402018071010204F80000090
:20A460000484C434042F2424242F2424E42424000100FF00001F1111111F40807F0000006A
:20A48000202028A8A8A8A8F8A4A4A4A6242020008080A0AFAAAAAAFFAAAAAAAFA08080002D
:20A4A0000484C4B48C0000E40404FE4243420000804428182720404F48484F48484840008E
:20A4C00000101010FF1010F00000F8080808F800008040300F40807F00007F2020207F0099
:20A4E000808084980008E82828FE2828E80800000080403F4090898583BF83858990800002
:20A50000040484C4A49C85868484A4C48404040000808040300F0000007F808081F0000035
:20A52000100C05555555857F8555555505140C000404020A09292A4C48A91902020404007C
:20A540000000FC0404041415569454341404040040300F0001010141817F0101010503006E
:20A56000407C407F484840F2121AD61212F20200908E404F201E804F20180710204F80008C
:20A580000014A4442434AD6624940444A414000008090808090909FD09090B080809080025
:20A5A00004040404F49495969494F4040404040000FE02027A4A4A4A4A4A7A0282FE0000C2
:20A5C000008060F80700FE02F202FE00F800FF00000000FF008047300F10270047807F0031
:20A5E00002020202C23EA2222222E20202020200000000782720101300003F404040780008
:20A600000004FF242424FF0400FC4444C442400088482F0909192FC8601F0000FF0000005F
:20A62000C8B88FE8888880824222121A26428000081808FF0404404242427E4242424000E0
:20A6400040484848FF484842A29E82A2C2BE000080601F207F4444404F484848484F4000C9
:20A660001060028C0000FE9292929292FE00000004047E01407E42427E427E42427E4000BD
:20A68000008C44B526A4640C02F21AD612F202001008FC4A494AFC08804F300F102FC0000F
:20A6A000100C4444444445C64444444444140C008040201E2040407F4444444444404000FE
:20A6C00000000000FC4444444546444444447C00004020180700FC44444444444444FC0048
:20A6E00080808080FF8080A0908884828080800000000000FF4021120408102020404000CF
:20A700001010FF1010202424A47F24342826200010100F04020402FF49494949FF0000004C
:20A72000C8B88FE88888404848E85F4848484000081808FF040400020B1222D20A06000091
:20A74000008040300F0808E808080848281800008080402010080601060810204080800065
:20A76000008060F807101010D0FFD01010100000010000FF1008040B08FF080B040810009E
:20A7800004047454545454FF5454545474040400040415151555957F151515151F040400F7
:20A7A000101010FF10105020D8171010F0101000007F2121217F8040211608162140800064
:20A7C000000000E224282020202824E200000000806000077282828AB28282E700106000C9
:20A7E000008060F8070004242425262424240400010000FF000000F94949494949F9000014
:20A80000040484E41C0724242424A46424040400020100FF00020242827F0202020202008E
:20A820008060F8878498002024A47F24342824000000FF00007F241201FF494949FF000004
:20A840004030EF246448487F4848487F4848400001017F211100FF4949494949FF000000BD
:20A860001010D0FF9010804828090E0828488800040300FF00018080432C102C438080004D
:20A8800002FA8282FE804020504C434C5020400008184884443F404458414E6058474000E6
:20A8A0001010D0FF905020504C434C5020404000040300FF00414458414E6058474040009D
:20A8C00000007E92929292929292929E80E00000088848281E0808080808FE080808080008
:20A8E00002E222223E0000F94A4CF84C4AF90000004382423E0010131212FF12121310000A
:20A9000048445352567A52D0547B52565242420000009F553515151F151535559F00000002
:20A9200080808888888888FF888888888880800020201008040201FF01020408102020000B
:20A9400008CC4A49484ACC18007F88888482E00000FF121252927F00007E88888482E000AB
:20A96000809090484C57242424544C4480808000000000FF4949497F494949FF0000000049
:20A98000000000FE22222222FE22222222FE00000080601F020202027F020242827F0000E0
:20A9A000404042CC002022E22222E222222000000080403F40A0988780809FA0A0BC800042
:20A9C00004E4252624E4042020FF20E22C202000104B827E020B90601C03003F40407000E5
:20A9E000404040FE404000F00080FE4020E000002060201F1010017F8180BF848887F000C9
:20AA000000002424242424FC2222222322000000020202020242827F020202020202020080
:20AA2000101010FF1050445465C64464544440000444827F0182824A562322524E820200ED
:20AA4000000000C04040407F48484848C80808000080403704041464041464040710E00011
:20AA60000000FC040404040404040404FC00000000007F2020202020202020207F0000009C
:20AA8000404042CC00004A32222AF121312D00000080403F408081BDA1A1BFA1A1BD810072
:20AAA000002064249494BF80809FA4A4A222380000000000FF0A0A0A0A0A4A8A7F000000A0
:20AAC0004040424458C0407F40C05048464040008080402018070000003F40404040780005
:20AAE0004040C07E42424A72424242FE4040400000000F080808090E4888483F080800002F
:20AB000002FE9292FE0200101116F01413100000101F0808FF048141310D030D314181006E
:20AB200000000202FE42820242724E40C00000008040300C838041462810284641808000DE
:20AB4000000000F8888C8A89888888F800000000000000FF44444444444444FF000000006C
:20AB600000080808F80808081010FF101010F000001030101F088848300E014080403F00A9
:20AB800004040484E43C2724242424E40404040004020100FF0909090949897F00000000E3
:20ABA000000040424242C27E42C242424240400000804020100C0300003F40404040700057
:20ABC00000000808080808080808080808000000101010101010101010101010101010002D
:20ABE0000004848484848484848484848404000020202020202020202020202020202000C1
:20AC000000001011161010F010101413100000008181414121110D030D112141418181000D
:20AC200000FE02FA02FE4020D8171010F01010008047300F10678040211608162140800028
:20AC40008080849800001010FE1010FE101000000080403F4081A199878181BF81818100B7
:20AC600000F808080808887F8808080808F8000000FF0008040201000001024C807F0000B9
:20AC800000E000FF10200888780F08E808088800010000FF00100C834423180718628100E6
:20ACA000201008F754545454545454F404040000809090494D57252525554D4580808000BA
:20ACC0004042CC00001E92527E525E52D21E000040201F20505150494A444241404040000A
:20ACE000C8B88FE888C840DE52525252DE404000081808FF0424203F25251515FF10100008
:20AD000000000002020202FE0202020202FE000000004020100C030000002040201F000007
:20AD2000100C4424148445264484142444140C00040402FE45444444444445FE020404003A
:20AD40000000020202028242F20E4282020202000010080402010000FF00000001020C0030
:20AD600000020212620202FE020242320202000001010101010101FF0101010101010100D0
:20AD80001088C42308F493F29AF6004044C444000100FF001097543F54971040807F000023
:20ADA000000888C8A99A8888680800F80000FF0000909048241219244280000F40807F0096
:20ADC000000000FE92929292929292FE0000000040424458407F4040407F405048464000FF
:20ADE00040404242424242C24242424242404000201008060040807F000000020408300042
:20AE0000808084980000F848484C4A48487800000080403F4080BF92929292929292BE00B6
:20AE200000E000FF10200404844424140C040000010000FF00003846414040404040780074
:20AE4000404042CC0040A09E8282829EA02020000000003F908840432C102846418080001D
:20AE60004042CC0000E2222A2AF22A2622E0000080403F4080FF898989BF89A9C9BF800096
:20AE8000404042CC008282FE828202FE000000000000007F201000FF0000000F3040F800F9
:20AEA000404042CC009090909090FF10111610000000003F1028603F1010010E3040F00049
:20AEC000000000F8A8A8ACAAA8A8A8F800000000806000077282828AB28282E700106000F0
:20AEE00080884848281808FE0818284848888000808080BF95959595959595BF8080800003
:20AF000020222A2AAA6A3A2E292929292920200008040201FF555555555555FF0000000007
:20AF2000202020BEAAAAAAAAAAAAAABE20202000008080AFAAAAAAFFAAAAAAAF80800000D6
:20AF400020C20C80027A4A4A7E4A7E4A4A7A020004047E0144251545857D05051525440049
:20AF6000808084980010D25470505054D21000000080403F4080BF9595959595BF80800013
:20AF800000F808FF08F800027A4A4A4A7A020200000F00FF080F00FF49497F4949FF000014
:20AFA000002010E824272424E424342C20E000000080601F090909097F090949897F000079
:20AFC000002030AC633000FE021222C23202FE0000226722121200FF0804030047807F0097
:20AFE000808084980000F8484848444446C400000080403F40B08FA0918A848A91A08000DB
:20B00000404042CC0000008484848484FC0000000000007F2010003F404040404140700033
:20B020008080829292929292929292FE80808000404022241048807F040818242240400079
:20B0400080FE8282FE80FE8282FE8000F800FF00403F0020BF403F40807F00004F807F000F
:20B0600000FE225A8620102824E324281020200000FF040827110D41817F01050931000004
:20B08000008060F80780601C1010FF1010100000010000FF000202020202FF020202020075
:20B0A000809090484C5724E424544C4480808000004222120A42827F02020A12224200002E
:20B0C0004042CC0000445454547F54545444400000007F201000FF15151555957F0000008D
:20B0E00088681FC80810C85452D1129408D01000091909FF0500FF1292FF005F807F000065
:20B100000000181610D0B89790909092941000000020108C838041462810284443808000BF
:20B120000080603C202020FE202020202020000081808484848484FF8484848484808000AD
:20B14000001060020CC000E22C203F2028E600000004047C030000FF09090949897F000024
:20B1600000083000FF20202020FF2020222C200004040201FF8040300E0106182040800064
:20B18000000808088848A81E28488808080800008272010178808085988080E10912620008
:20B1A0000008488808C83800901010FF101010000020100C030418000043807F0000000033
:20B1C0000474D454FF54D47414087784443C0400828988E88B8888F9A8AAA9A8A98A820032
:20B1E00000404040FF2020200404FC040404FC00000000001F0884422018074080403F00B9
:20B20000101010FF902010E82724E4342CE000000242817F00848447241C071C2447840003
:20B2200000FE0202021222428242221A02020000007F4040484442414041424C40404000B3
:20B2400000FE0212929292FE9292921202FE000000FF40405F48484848485F4040FF00003C
:20B26000008060F807000000FF40201008040000010000FF000402013F4040404040780076
:20B280000000F8888888880808FF08090AC8080080601F0010201F80402116182641F800E0
:20B2A000404042CC00002024A4243FA424A460000000007F2010888A4C29180F1828C80084
:20B2C0000202FE929292FE0206FC040404FC000008180F080804FF0484402718274080007C
:20B2E000108C4404E40495A64424148444940C0002027A414143427E42424243F80000005F
:20B300000484E45C44C40002F2828282FE80800002017F10103F00080808084888403F0095
:20B320000000202010081467844424140C0000000004040402FE43434242424242FE000054
:20B340002424A4FE232240300F08C80808281800080601FF0102100C43807F000106180091
:20B36000000022322AA6A2622111098101000000004222130B42827E02020A12234600009B
:20B380002030AC63300088C8A8998E88A8C8880022672212128040300F00003F4040710081
:20B3A0000020102CE7242400F01010FF1010F000000101017F211100070202FF020207001A
:20B3C00000020CE04020F84F4849FE484848080004047F000000FF2222223F2222222000B8
:20B3E0001060028C0084E41C05C6BC2424E4040004047E010000FF8241261829468180001D
:20B40000000000007F49494949497F000000000000FF49494949FF00FF49494949FF00007D
:20B420000000FE0202020202020202020202020080601F00000000000000000000000000F7
:20B440002424A4FE232200C03800FF0008106000080601FF01068180404027100C03000072
:20B46000008282BAAAAAAAABAAAAAABA828280000241545454547CAAAAAAAAAAA082E100C5
:20B4800000FE0222428272022242827202FE000000FF100806010E100806014E807F000062
:20B4A000404040FE404000F00000FE80808000002060201F109080FF8080FF808080800003
:20B4C0004042CC0000809E92929292929E80000000007F2094844424140F14244484840042
:20B4E000808888FF888880FE0202F20202FE00004020180708B040231806017E8083E0001D
:20B50000002030AC63201820900C0B080808F80000226722121212000001064080403F0096
:20B52000000000000000FE808080808080000000808080808080FF8080808080808080000E
:20B54000808084980010121C10F01018161000000080403F4081A1918D838589B181810080
:20B5600004E4242464A4243F24A4642424E4040000FF00080909097F09090948807F0000D1
:20B5800040445465C664544400FC4444C442400020124A827F020A92601F0000FF00000049
:20B5A000000808E82828283E282828E808080000808080FF95959595959595FF808080005C
:20B5C000404444FC4444FC444400F80000FE000088849390909093FC9090909294838000EE
:20B5E0004042CC0000829292F29E9292F282800000007F201000FC4444444444FC000000B4
:20B60000040424242424252624242424240404000000F9494949494949494949F900000008
:20B620000000F010101010FF10101010F000000000000F04040404FF040404040F0000006E
:20B6400008080838C808090E0808C838080808008080404020110A040A1120404080800011
:20B6600000023AAA6A3F2A2A2AFF2AAA2EE000000002819E4242221A2222425E8100000096
:20B68000884828090A28488880708F0808F808004020110A040B30804020130C334080006C
:20B6A0000000E28282828282828282FE0000000000003F4040404040404040404078000063
:20B6C0002038E730007CD655547C20D817F010002227121280621E4B8A7A806718678000D3
:20B6E000000004FF242424FF0400FE222222FE000088482F090919AF48300F0242827F00D1
:20B7000000083000FF008884532212CA0600000004040201FF00020A1242827F020202001E
:20B72000000000FE2222222222E222227E000000100806011010222244800102040808005F
:20B7400000E000FF1020080808FF0808F8000000010000FF008141310D030D314181810037
:20B76000404042CC00202222A2622222222000000040201F20444E4544444445464C4000F4
:20B78000001088C4330040424242C24242424000020100FF0000000040807F00000000000B
:20B7A00000080889EA1888000404FC040404FC0000020100FF0186402018074080403F0013
:20B7C0001010F01F10F00040E05847405060C0004022150816210000FE42424242FE000011
:20B7E0000000007F494949494949497F000000008141211D214181FF8989898989818100BB
:20B8000000028282422212FA0622224242820000010100FC44444445444444FC000001008A
:20B8200000101010101012F4101010101010000080808282828282FF82828282828080003F
:20B84000040444C44F4444C424242FB42404040040442424150C04FE040C15242444400006
:20B860008060DE484800C83820A8A8FEA8F820000202FF42A24D314F888A8ABF8A8A8800A1
:20B88000404040404040FF444444444444404000000000000000FF000002040810000000F4
:20B8A000008060F80708080809FA080808080000010000FF40414141417F41414141400067
:20B8C0000484E45C44C42010E82724E4342CE00002017F10103F80601F09093F49897F008F
:20B8E000404042CC0000000000FF0000000000000000003F90482018070007182040800066
:20B9000008080808C8380F08080808080808080008040201FF41414141414141FF000000E4
:20B92000020202020202FE020242820202020200000000000000FF00000000010600000027
:20B940001010101010F01E1010101010101010004020908C83828282FE828282828080007E
:20B9600000FC0000FF0004848484848484FC0000008740300F00202020202020207F00004F
:20B980004020F807F0A0904C5724A4544C8080000000FF001F8092524929241208000000EB
:20B9A0000484848484FC4030CC0B0808F8080800007F20101008804021160816214080005B
:20B9C000008060F8072020207FA0101116101000010000FF0000000000030C102040F8003B
:20B9E00000040404FF5454545454FF040404000011118985939191FD9191938589111100C6
:20BA000000101092543010FF10305492101000008485454424140C060C14244445848400EA
:20BA2000000090884C57A42454548C840000000001018042221A07024282423E010101007B
:20BA40000000C000E002041800C0300C40800000088641203F4844424140407800010E0028
:20BA6000101010FF9020988888E98E8888A898000242817F000080844B28102847800000BE
:20BA8000000202F2121212F2020202FE020202000000000F0404040F0040807F0000000015
:20BAA00000FC00000204180000807F0000000000003F1008844020100C03081020C000001B
:20BAC000004042CC0000FE829292FE929282FE000000003F10887F001E1212125E807F00CB
:20BAE000044444445F44C44444445F44C4040400000000000000FF000008100807000000AE
:20BB000000101011F61010101010F41310100000028242320F0202020202FF02020202006F
:20BB2000406058C62000FC90A080FE80A090000044CE45242400FF888482FF828488800094
:20BB400008C8B88FE8888840300FC8082818000008180808FF048440300E010E3040800013
:20BB6000504847FC444440080808FF0808F80000003E201F107E8141310D030D31418100F5
:20BB80000000108886C0C0A0AF9090888284080000010100FF4A4A4A4A4A4A4A4AFF0000B2
:20BBA000000000000000000000000000000000000000000000000000000000000000000085
:20BBC000000000000000000000000000000000000000000000000000000000000000000065
:20BBE000000000000000000000000000000000000000000000000000000000000000000045
:20BC0000000000000000000000000000000000000000000000000000000000000000000024
:20BC2000000000000000000000000000000000000000000000000000000000000000000004
:20BC40000000000000000000000000000000000000000000000000000000000000000000E4
:20BC60000000000000000000000000000000000000000000000000000000000000000000C4
:20BC80000000000000000000000000000000000000000000000000000000000000000000A4
:20BCA000000000000000000000000000000000000000000000000000000000000000000084
:20BCC000000000000000000000000000000000000000000000000000000000000000000064
:20BCE000000000000000000000000000000000000000000000000000000000000000000044
:20BD0000000000000000000000000000000000000000000000000000000000000000000023
:20BD2000000000000000000000000000000000000000000000000000000000000000000003
:20BD40000000000000000000000000000000000000000000000000000000000000000000E3
:20BD60000000000000000000000000000000000000000000000000000000000000000000C3
:20BD80000000000000000000000000000000000000000000000000000000000000000000A3
:20BDA000000000000000000000000000000000000000000000000000000000000000000083
:20BDC000000000000000000000000000000000000000000000000000000000000000000063
:20BDE000000000000000000000000000000000000000000000000000000000000000000043
:20BE0000000000000000000000000000000000000000000000000000000000000000000022
:20BE2000000000000000000000000000000000000000000000000000000000000000000002
:20BE40000000000000000000000000000000000000000000000000000000000000000000E2
:20BE60000000000000000000000000000000000000000000000000000000000000000000C2
:20BE80000000000000000000000000000000000000000000000000000000000000000000A2
:20BEA000000000000000000000000000000000000000000000000000000000000000000082
:20BEC000000000000000000000000000000000000000000000000000000000000000000062
:20BEE000000000000000000000000000000000000000000000000000000000000000000042
:20BF0000000000000000000000000000000000000000000000000000000000000000000021
:20BF2000000000000000000000000000000000000000000000000000000000000000000001
:20BF40000000000000000000000000000000000000000000000000000000000000000000E1
:20BF60000000000000000000000000000000000000000000000000000000000000000000C1
:20BF80000000000000000000000000000000000000000000000000000000000000000000A1
:20BFA000000000000000000000000000000000000000000000000000000000000000000081
:20BFC000000000000000000000000000000000000000000000000000000000000000000061
:20BFE000000000000000000000000000000000000000000000000000000000000000000041
:20C00000000000000000000000000000000000000000000000000000000000000000000020
:20C02000000000000000000000000000000000000000000000000000000000000000000000
:20C040000000000000000000000000000000000000000000000000000000000000000000E0
:20C060000000000000000000000000000000000000000000000000000000000000000000C0
:20C080000000000000000000000000000000000000000000000000000000000000000000A0
:20C0A000000000000000000000000000000000000000000000000000000000000000000080
:20C0C000000000000000000000000000000000000000000000000000000000000000000060
:20C0E000000000000000000000000000000000000000000000000000000000000000000040
:20C1000000000000000000000000000000000000000000000000000000000000000000001F
:20C120000000000000000000000000000000000000000000000000000000000000000000FF
:20C140000000000000000000000000000000000000000000000000000000000000000000DF
:20C160000000000000000000000000000000000000000000000000000000000000000000BF
:20C1800000000000000000000000000000000000000000000000000000000000000000009F
:20C1A00000000000000000000000000000000000000000000000000000000000000000007F
:20C1C00000000000000000000000000000000000000000000000000000000000000000005F
:20C1E00000000000000000000000000000000000000000000000000000000000000000003F
:20C2000000000000000000000000000000000000000000000000000000000000000000001E
:20C220000000000000000000000000000000000000000000000000000000000000000000FE
:20C240000000000000000000000000000000000000000000000000000000000000000000DE
:20C260000000000000000000000000000000000000000000000000000000000000000000BE
:20C2800000000000000000000000000000000000000000000000000000000000000000009E
:20C2A00000000000000000000000000000000000000000000000000000000000000000007E
:20C2C00000000000000000000000000000000000000000000000000000000000000000005E
:20C2E00000000000000000000000000000000000000000000000000000000000000000003E
:20C3000000000000000000000000000000000000000000000000000000000000000000001D
:20C320000000000000000000000000000000000000000000000000000000000000000000FD
:20C340000000000000000000000000000000000000000000000000000000000000000000DD
:20C360000000000000000000000000000000000000000000000000000000000000000000BD
:20C3800000000000000000000000000000000000000000000000000000000000000000009D
:20C3A00000000000000000000000000000000000000000000000000000000000000000007D
:20C3C00000000000000000000000000000000000000000000000000000000000000000005D
:20C3E00000000000000000000000000000000000000000000000000000000000000000003D
:20C4000000000000000000000000000000000000000000000000000000000000000000001C
:20C420000000000000000000000000000000000000000000000000000000000000000000FC
:20C440000000000000000000000000000000000000000000000000000000000000000000DC
:20C460000000000000000000000000000000000000000000000000000000000000000000BC
:20C4800000000000000000000000000000000000000000000000000000000000000000009C
:20C4A00000000000000000000000000000000000000000000000000000000000000000007C
:20C4C00000000000000000000000000000000000000000000000000000000000000000005C
:20C4E00000000000000000000000000000000000000000000000000000000000000000003C
:20C5000000000000000000000000000000000000000000000000000000000000000000001B
:20C520000000000000000000000000000000000000000000000000000000000000000000FB
:20C540000000000000000000000000000000000000000000000000000000000000000000DB
:20C560000000000000000000000000000000000000000000000000000000000000000000BB
:20C5800000000000000000000000000000000000000000000000000000000000000000009B
:20C5A00000000000000000000000000000000000000000000000000000000000000000007B
:20C5C00000000000000000000000000000000000000000000000000000000000000000005B
:20C5E00000000000000000000000000000000000000000000000000000000000000000003B
:20C6000000000000000000000000000000000000000000000000000000000000000000001A
:20C620000000000000000000000000000000000000000000000000000000000000000000FA
:20C640000000000000000000000000000000000000000000000000000000000000000000DA
:20C660000000000000000000000000000000000000000000000000000000000000000000BA
:20C6800000000000000000000000000000000000000000000000000000000000000000009A
:20C6A00000000000000000000000000000000000000000000000000000000000000000007A
:20C6C00000000000000000000000000000000000000000000000000000000000000000005A
:20C6E00000000000000000000000000000000000000000000000000000000000000000003A
:20C70000000000000000000000000000000000000000000000000000000000000000000019
:20C720000000000000000000000000000000000000000000000000000000000000000000F9
:20C740000000000000000000000000000000000000000000000000000000000000000000D9
:20C760000000000000000000000000000000000000000000000000000000000000000000B9
:20C78000000000000000000000000000000000000000000000000000000000000000000099
:20C7A000000000000000000000000000000000000000000000000000000000000000000079
:20C7C000000000000000000000000000000000000000000000000000000000000000000059
:20C7E000000000000000000000000000000000000000000000000000000000000000000039
:20C80000000000000000000000000000000000000000000000000000000000000000000018
:20C820000000000000000000000000000000000000000000000000000000000000000000F8
:20C840000000000000000000000000000000000000000000000000000000000000000000D8
:20C860000000000000000000000000000000000000000000000000000000000000000000B8
:20C88000000000000000000000000000000000000000000000000000000000000000000098
:20C8A000000000000000000000000000000000000000000000000000000000000000000078
:20C8C000000000000000000000000000000000000000000000000000000000000000000058
:20C8E000000000000000000000000000000000000000000000000000000000000000000038
:20C90000000000000000000000000000000000000000000000000000000000000000000017
:20C920000000000000000000000000000000000000000000000000000000000000000000F7
:20C940000000000000000000000000000000000000000000000000000000000000000000D7
:20C960000000000000000000000000000000000000000000000000000000000000000000B7
:20C98000000000000000000000000000000000000000000000000000000000000000000097
:20C9A000000000000000000000000000000000000000000000000000000000000000000077
:20C9C000000000000000000000000000000000000000000000000000000000000000000057
:20C9E000000000000000000000000000000000000000000000000000000000000000000037
:20CA0000000000000000000000000000000000000000000000000000000000000000000016
:20CA20000000000000000000000000000000000000000000000000000000000000000000F6
:20CA40000000000000000000000000000000000000000000000000000000000000000000D6
:20CA60000000000000000000000000000000000000000000000000000000000000000000B6
:20CA8000000000000000000000000000000000000000000000000000000000000000000096
:20CAA000000000000000000000000000000000000000000000000000000000000000000076
:20CAC000000000000000000000000000000000000000000000000000000000000000000056
:20CAE000000000000000000000000000000000000000000000000000000000000000000036
:20CB0000000000000000000000000000000000000000000000000000000000000000000015
:20CB20000000000000000000000000000000000000000000000000000000000000000000F5
:20CB40000000000000000000000000000000000000000000000000000000000000000000D5
:20CB60000000000000000000000000000000000000000000000000000000000000000000B5
:20CB8000000000000000000000000000000000000000000000000000000000000000000095
:20CBA000000000000000000000000000000000000000000000000000000000000000000075
:20CBC000000000000000000000000000000000000000000000000000000000000000000055
:20CBE000000000000000000000000000000000000000000000000000000000000000000035
:20CC0000000000000000000000000000000000000000000000000000000000000000000014
:20CC20000000000000000000000000000000000000000000000000000000000000000000F4
:20CC40000000000000000000000000000000000000000000000000000000000000000000D4
:20CC60000000000000000000000000000000000000000000000000000000000000000000B4
:20CC8000000000000000000000000000000000000000000000000000000000000000000094
:20CCA000000000000000000000000000000000000000000000000000000000000000000074
:20CCC000000000000000000000000000000000000000000000000000000000000000000054
:20CCE000000000000000000000000000000000000000000000000000000000000000000034
:20CD0000000000000000000000000000000000000000000000000000000000000000000013
:20CD20000000000000000000000000000000000000000000000000000000000000000000F3
:20CD40000000000000000000000000000000000000000000000000000000000000000000D3
:20CD60000000000000000000000000000000000000000000000000000000000000000000B3
:20CD80000020DFF8201A08800020DFF81C1A08800020DFF8181A08700020DFF8041D0870F4
:20CDA000704780B5DFF8FC1CDFF8FC0CF3F79CFEDFF8F0190880DFF8EC09008800285CD025
:20CDC000DFF8E00C0078582831D1DFF8D80CC07958282CD1DFF8CC090288DFF8C81CDFF85D
:20CDE000CC0C007902F0A6FD00285DD002F002FEDFF8BC2CDFF8AC1CDFF8B00C007902F0AA
:20CE0000FBFDDFF8A4190880DFF89C090288DFF8A01CDFF8940CF3F7AEFE0020DFF88819C0
:20CE20000880EFF7A8FD0D20EEF7D5FD3CE0DFF8740C0078512809D1DFF8680900880128C4
:20CE400004D10120DFF86C1C08702DE000F007FC002829D000F026FCDFF84C090288DFF845
:20CE6000501CDFF8440CF3F786FE0020DFF8381908800D20EEF7AFFD16E0DFF8380C00789A
:20CE800000280ED00020DFF82C1C0870DFF8282CDFF81C1CDFF80C0C00F008F8DFF80819C4
:20CEA00008800D20EEF714FE01BD00002DE9F0472DED028B88B004000E0015004FF47A7187
:20CEC000DFF8EC0BF0F7F4FCDFF8E40B0600DFF8EC0B0278DFF8E81B3000F3F775F8ADF893
:20CEE0001A00BDF81A00DFF8DC1B0880DFF8D40B00880644DFF8D01B3000F3F765F8ADF88D
:20CF00001A00DFF8C00B0088BDF81A100818DFF8B41B0880BDF81A000644DFF8900B80791C
:20CF2000002800F0A1800020ADF81800BDF81800DFF8881B097889B2884280F03681DFF810
:20CF40008C0BBDF8181009010844F3F7C1FAADF81C00DFF8780BBDF8181009010844801D77
:20CF6000F3F7B6FAADF81E00DFF8600BBDF8181009010844C07A012803D19FEDE40AB0EE90
:20CF8000408ADFF8480BBDF8181009010844C07A002803D1B7EE000AB0EE408ADFF82C0B0F
:20CFA000BDF8181009010844C07A022803D1B7EE000AB0EE408ADFF8140BBDF81810090112
:20CFC0000844C07A032803D19FEDDF0AB0EE408ADFF8F80ABDF8181009010844C07A04287D
:20CFE00003D19FEDDA0AB0EE408ABDF81870BDF81E80BDF81890BDF81CA018EE100A02F015
:20D00000A9FFCDE90401DFF8C40ABFB239010844801D02901FFA88F8CDF80480DFF8AC0A73
:20D020001FFA89F95FEA0911084400901FFA8AFA5346BDF81820DFF8981A3000F2F7C4FF8E
:20D04000ADF81A00DFF87C0A0088BDF81A100818DFF8701A0880BDF81A000644BDF818005E
:20D06000401CADF8180061E70020ADF81800BDF81800DFF8481A097889B2884280F0958061
:20D08000DFF8480ABDF8181009010844F3F720FAADF81C00DFF8340ABDF818100901084427
:20D0A000801DF3F715FAADF81E00DFF8200ABDF8181009010844C07A012803D19FEDDC0A3A
:20D0C000B0EE408ADFF8040ABDF8181009010844C07A002803D19FEDD70AB0EE408ADFF8EE
:20D0E000EC09BDF8181009010844C07A022803D19FEDD10AB0EE408ADFF8D009BDF8181074
:20D1000009010844C07A032803D19FEDCC0AB0EE408ADFF8B809BDF8181009010844C07AB1
:20D12000042803D19FEDE40AB0EE408ABDF81870BDF81E80BDF81890BDF81CA018EE100A8F
:20D1400002F008FFCDE90401DFF88009BFB239010844801D02901FFA88F8CDF80480DFF8DC
:20D160006C091FFA89F95FEA0911084400901FFA8AFA5346BDF81820DFF89C1C3000F2F795
:20D1800023FFADF81A00DFF83C090088BDF81A100818DFF830190880BDF81A000644BDF895
:20D1A0001800401CADF8180061E74022DFF86C1C3000F2F709FFADF81A00DFF808090088E5
:20D1C000BDF81A100818DFF8FC180880BDF81A000644DFF84C1C3000F2F7F6FEADF81A00B9
:20D1E000DFF8E0080088BDF81A100818DFF8D4180880BDF81A0006440020ADF81800BDF8F3
:20D200001800102853DABDF81800DFF8181C097889B2884230D2DFF8100C0068BDF81810F9
:20D22000112251430844401CF3F752F9ADF81C00BDF81800BDF81C30DFF8EC1B096880B23A
:20D24000112250430844401C00909BB2BDF81820DFF8D81B3000F2F7B7FEADF81A00DFF868
:20D2600064080088BDF81A100818DFF858180880BDF81A00064414E0BDF81820DFF8B01B50
:20D280003000F2F7A1FEADF81A00DFF838080088BDF81A100818DFF82C180880BDF81A0007
:20D2A0000644BDF81800401CADF81800A7E70020ADF81800BDF81800102860DABDF81800C7
:20D2C000DFF8701B097889B2884233D2DFF8680B0068BDF818100C2251430844F3F7F8F8EA
:20D2E000ADF81C00BDF81800BDF81C30DFF8481B096880B20C225043084400909BB2BDF823
:20D30000180010F11002DFF8241B01E0CDCCCC3D3000F2F759FEADF81A00DFF8A80700880C
:20D32000BDF81A100818DFF89C170880BDF81A0006441EE00420ADF81C00BDF8180010F112
:20D340001002DFF8F81A03E00AD7233C6F12833A3000F2F739FEADF81A00DFF86807008894
:20D36000BDF81A100818DFF85C170880BDF81A000644BDF81800401CADF818009AE700203C
:20D38000ADF81800DFF83C070088FF2190FBF1F0401CBDF81810814230DADFF8280700880E
:20D3A000BDF81810FF2202FB1100FF2803DBFF20ADF81A0009E0DFF80C070088BDF8181046
:20D3C000FF2202FB1100ADF81A00BDF81A2092B2DFF8DC06BDF81810FF2359430144DFF8BC
:20D3E000C806F3F7C8FBEFF7C6FAC820EEF7EDFBBDF81800401CADF81800C3E7DFF8B0063A
:20D4000006000020DFF8BC1608804FF47A71DFF8A006F0F74DFA0020ADF81800BDF8180032
:20D42000202880F28680BDF81800DFF8141A07E0E5FF1F3BF9FF473DFE7FD83EDEFFC73C46
:20D44000097889B2884274D2BDF8180000286AD0DFF8F0090068BDF81810142251430844A6
:20D46000407C202845DBDFF8DC090068BDF81810142251430844407C40283ADADFF8C40995
:20D480000068BDF81810142251430844401CF3F71FF8ADF81C00BDF81800BDF81C30DFF86E
:20D4A000A419096880B2142250430844401C00909BB2DFF8900901E04201003A0068BDF8D3
:20D4C0001810142251430844427CDFF8781C3000F2F77AFDADF81A00DFF8E8050088BDF895
:20D4E0001A100818DFF8DC150880BDF81A00064419E00420ADF81C00BDF8180010F12002AB
:20D50000DFF8441C3000F2F75FFDADF81A00DFF8B4050088BDF81A100818DFF8A81508806D
:20D52000BDF81A000644BDF81800401CADF8180074E70222DFF8141C3000F2F745FDADF866
:20D540001A00DFF880050088BDF81A100818DFF874150880BDF81A000644DFF8C4183000EA
:20D56000F2F732FDADF81A00DFF858050088BDF81A100818DFF84C150880BDF81A00064440
:20D580000022DFF8CC1B3000F2F71EFDADF81A00DFF830050088BDF81A100818DFF8241515
:20D5A0000880BDF81A0006440122DFF8A81B3000F2F70AFDADF81A00DFF808050088BDF80D
:20D5C0001A100818DFF8FC140880BDF81A0006440020ADF81800DFF8EC040088FF2190FBA2
:20D5E000F1F0401CBDF81810814230DADFF8D4040088BDF81810FF2202FB1100FF2803DBFC
:20D60000FF20ADF81A0009E0DFF8B8040088BDF81810FF2202FB1100ADF81A00BDF81A206E
:20D6200092B2DFF88C04BDF81810FF2359430144DFF87404F3F79FFAEFF79DF9C820EEF744
:20D64000C4FABDF81800401CADF81800C3E7DFF87404008808B0BDEC028BBDE8F08780B566
:20D6600050480188DFF83C04F0F71EFC002801D0002016E0DFF82C040078DFF8881D0870EF
:20D68000DFF820044078DFF818140870DFF81C040079DFF8701D0978884201D0002000E06C
:20D6A000012002BD80B5DFF8F8030078012812D002281BD0032824D004282DD0052836D070
:20D6C000062846D00C284CD00F283AD0102850D0302856D05DE0DFF8E023DFF8D413DFF8F3
:20D6E000C40300F083F83049088059E0DFF8C823DFF8BC13DFF8AC0300F0ECF92A49088000
:20D700004EE0DFF8B423DFF8A813DFF8980300F087FE2549088043E0DFF89C23DFF890138B
:20D72000DFF8800300F09AFB1F49088038E0DFF88823DFF87C13DB4800F00EFD1A49088011
:20D740002EE0DD4ADA49D74800F0B6FD1649088026E0D94AD649D34800F0A0FD12490880F5
:20D760001EE0D54AD249CF4801F0AAF90E49088016E0D14ACE49CB4801F08EFD0A49088055
:20D780000EE0CD4ACA49C74802F0D0F80649088006E0C74A0121C34800F00AF802490880E8
:20D7A000002002BD2E6E0020306E0020806E00202DE9F04104000D001600207830702078C4
:20D7C00050F080007070B57003200700390089B23000F0F769FB804686F80380404680B2EC
:20D7E000000A3071B81C80B2BDE8F0812DE9F64F91B004005FF000095FF0000A00250026C6
:20D80000A01CDFF8041C0860DFF8FC0B00680078DFF8F81B0880DFF8F00B0068401CDFF850
:20D82000E81B0860DFF8E40B00880002DFF8DC1B0880DFF8D80B0088DFF8CC1B09680978E5
:20D840000843DFF8C81B0880DFF8BC0B0068401CDFF8B41B0860DFF8B00B00680078DFF882
:20D86000B01B0880DFF8A00B0068401CDFF8981B0860DFF89C0B00880002DFF8941B088007
:20D88000DFF88C0B0088DFF8801B096809780843DFF87C1B0880DFF8700B0068401CDFF800
:20D8A000681B0860DFF8640B0088802805DB119A02212000FFF77CFFEEE0DFF8500B008840
:20D8C000DFF84C1B09880818812807DBDFF83C0B0088D0F18000DFF8381B0880DFF8240B2F
:20D8E0000078734908706E48007871494870DFF8200B008880B2C0086D498870DFF8100BB8
:20D900000088082190FBF1F201FB1200002804D067488078401C6649887003208246DFF872
:20D92000EC0A0088082190FBF1F00600032081465F488078F6B23018C01C814506DA0020B3
:20D940005B4901F8090019F10109F1E7002080464746DFF8C00A00780743DFF8B80A40780E
:20D9600057EA0027DFF8B00A0068008857EA0047DFF8A80A007850EA0808DFF8A00A4078B2
:20D9800058EA0028DFF8940A807858EA0048DFF88C0AC07858EA006800208146B9F1040F33
:20D9A0000ADADFF8700A4844007ADFF8701A01F8090019F10109F1E700208146B9F1200F1D
:20D9C0000ADA380030FA09F010F00100694601F8090019F10109F1E700208146B9F1200FAA
:20D9E0000BDA404630FA09F010F001006946494481F8200019F10109F0E7DFF8100A00885F
:20DA00008146DFF8080A0088DFF8041A0988081881452ADADFF8F4090088B9EB0000082135
:20DA200090FBF1F005005AFA85F080281DDA684610F80900002815D0DFF8D0090088B9EB65
:20DA4000000008211A4A5AFA85F3D25C012390FBF1FC01FB1C0013FA00F0104314495AFA8A
:20DA600085F2885419F10109CBE7114880781AEB000A5046010089B20D48F0F715FA834647
:20DA80000B4800F80AB0584680B2000A0849514448701AF1020080B213B0BDE8F08F0000E3
:20DAA000816E00208049002000380140346C0020304E0020826E0020FC64002007050108F2
:20DAC0006C770208326E00205C7602088C680208E87502082DE9F74FA2B05FF0000A5FF002
:20DAE000000B002400252298801CDFF81C190860DFF8140900680078DFF810190880DFF8D5
:20DB000008090068401CDFF800190860DFF8FC0800880002DFF8F4180880DFF8F0080088B1
:20DB2000DFF8E418096809780843DFF8E0180880DFF8D4080068401CDFF8CC180860DFF80D
:20DB4000C80800680078DFF8C8180880DFF8B8080068401CDFF8B0180860DFF8B408008859
:20DB60000002DFF8AC180880DFF8A4080088DFF89818096809780843DFF894180880DFF8CF
:20DB800088080068401CDFF880180860DFF87C080088802805DB239A02212298FFF708FE59
:20DBA00037E1DFF868080088DFF8641809880818812807DBDFF854080088D0F18000DFF81C
:20DBC00050180880DFF83C080078DFF87C1E0870DFF8C4060078DFF8701E4870DFF8300894
:20DBE000008880B2C008DFF8601E8870DFF820080088082190FBF1F201FB1200002806D02C
:20DC0000DFF8440E8078401CDFF83C1E887003208346DFF8F8070088082190FBF1F005007A
:20DC200003208246DFF8200E8078EDB22818C01C824507DA0020DFF8101E01F80A001AF166
:20DC4000010AEFE700208146804607000600DFF8C40700780643DFF8BC07407856EA00260E
:20DC6000DFF8B407006800880743DFF8B007007850EA0808DFF8A407407858EA0028DFF80D
:20DC80009C07807858EA0048DFF89007C07858EA0068DFF88807007950EA0909DFF87C078A
:20DCA000407959EA0029DFF87407807959EA0049DFF86807C07959EA006900208246BAF1AA
:20DCC000080F0ADADFF84C075044007ADFF84C1701F80A001AF1010AF1E700208246BAF153
:20DCE000200F0ADA300030FA0AF010F0010001A901F80A001AF1010AF1E700208246BAF18E
:20DD0000200F0BDA380030FA0AF010F0010001A9514481F820001AF1010AF0E700208246E5
:20DD2000BAF1200F0BDA404630FA0AF010F0010001A9514481F840001AF1010AF0E7002074
:20DD40008246BAF1200F0BDA484630FA0AF010F0010001A9514481F860001AF1010AF0E784
:20DD6000DFF8A80600888246DFF8A0060088DFF8A0160988081882452CDADFF890060088C9
:20DD8000BAEB0000082190FBF1F004005BFA84F080281FDA01A810F80A00002817D0DFF83A
:20DDA0006C060088BAEB00000821DFF89C2C5BFA84F3D25C012390FBF1FC01FB1C0013FA41
:20DDC00000F01043DFF8801C5BFA84F288541AF1010AC9E7DFF8700C80781BEB000B584626
:20DDE000010089B2DFF8600CF0F75EF8ADF80000BDF80000DFF8501C01F80B00BDF8000011
:20DE000080B2000ADFF8401C594448701BF1020080B225B0BDE8F08F787602088477020808
:20DE20009C7702085E6E0020286D00204C7B02085C7B02085F6E00202C6D00206C7B0208DB
:20DE40005D6E0020246D002002004FF4006303FB02F393FBF1F3180000B270472DE9F74F3C
:20DE60002DED028B824600241AF10200DFF898150860DFF8940500680078DFF890150880C2
:20DE8000DFF884050068401CDFF87C150860DFF87C0500880002DFF874150880DFF86C057C
:20DEA0000088DFF86415096809780843DFF85C150880DFF854050068401CDFF84C150860E9
:20DEC000DFF8440500680078DFF844150880DFF838050068401CDFF830150860DFF8300522
:20DEE00000880002DFF828150880DFF824050088DFF81415096809780843DFF814150880AF
:20DF0000DFF804050068401CDFF8FC140860DFF8640B0078DFF8F414098880B2884205D20D
:20DF2000039A02215046FFF743FC06E1DFF8440B0078DFF8D8140988DFF8D42412885118AB
:20DF4000884209DADFF82C0B0078DFF8C0140988401ADFF8BC140880DFF8A8040078DFF8F7
:20DF6000E81A0870CC480078DFF8DC1A4870DFF8A0040088C0B24000DFF8CC1A8870DFF8D5
:20DF8000F80A070000200400DFF8F00A8079002800F09080DFF87404B0F90000060036B27C
:20DFA000DFF868040088DFF8681409880818864280F2A780DFF8C80A36B231010844C07AE8
:20DFC000012811D13868DFF8BC1A09684843F6F785FB0022DFF8B03AFBF7CCF801F0E2FF15
:20DFE00008EE100A3F1D4EE0DFF8940A36B231010844C07A002811D13868DFF8901A0968D6
:20E000004843F6F76BFB0022DFF8843AFBF7B2F801F0C8FF08EE100A3F1D34E0DFF8600A56
:20E0200036B231010844C07A022821D13868DFF8541A09684843F6F747FB0022DFF8483A99
:20E04000FBF798F880468946DFF8400A0068F6F73BFB42464B46F6F74FFB0022DFF8343A46
:20E06000FBF788F801F09EFF08EE100A3F1D0AE038680A2190FBF1F000EE100AB8EEC00A9B
:20E08000B0EE408A3F1DBDEEC80A10EE100A80B2000ADFF8B419E4B22144C870BDEEC80A97
:20E0A00010EE100ADFF8A019E4B221440871A41C761C74E7D548B0F90000060036B2D348C8
:20E0C0000088D3490988081886421ADADFF8B00936B231010844C1683868FFF7B5FE0500C2
:20E0E0003F1D280080B2000ADFF85C19E4B22144C870DFF85409E4B220440571A41C761CEB
:20E10000DCE7DFF844098470E4B2E11C89B2DFF83809EFF7C9FE8346DFF82C09E4B22044C2
:20E1200080F803B0584680B2000ADFF81C19E4B221440871E4B2601D80B2BDEC028BBDE83A
:20E14000FE8F00007C7B02088C7B0208B47702083479020848790208F8B504000D00160095
:20E16000A01CA9490860A84800680078DFF828190880A5480068401CA3490860DFF818091C
:20E1800000880002DFF810190880DFF80C0900889D49096809780843DFF8FC1808809A4881
:20E1A0000068401C98490860974800680078DFF8EC18088094480068401C93490860924872
:20E1C00000680078DFF8D81808808F480068401C8D4908608F484078C00705D52A000721B5
:20E1E0002000FFF7E5FA55E0DFF8B4080088CC2807D108273A0021002800F1F7FBFB082056
:20E2000048E0DFF894080088002835D1DFF88C080088002802D0FF280FD02DE00520EDF7A4
:20E22000DAFB4FF4FA70EDF7D0FC0520EDF750FC01210D20F0F720FC1EE0DFF86808006858
:20E2400050F48060DFF85C1808600620EDF7C3FB4FF4FA70EDF7B9FC0620EDF739FCDFF8C3
:20E260004408006830F48060DFF83818086001210D20F0F701FCFFE7DFF81C080088012892
:20E2800001D1FAF7FEFE08273A0021002800F1F7B1FB0820F2BD0000816E0020F8B50400E2
:20E2A0000D001600FAF7EDFE08273A0021002800F1F7A0FB0820F2BDF8B504000D0016007F
:20E2C000A01C51490860504800680078DFF8D81708804D480068401C4B490860DFF8C807BF
:20E2E00000880002DFF8C0170880DFF8BC0700884549096809780843DFF8AC1708804248C5
:20E300000068401C404908603F4800680078DFF89C1708803C480068401C3B490860DFF8C4
:20E320008C0700880002DFF884170880DFF87C0700883549096809780843DFF87017088043
:20E3400031480068401C30490860DFF85C070088002808D0DFF858070078DFF84C17098864
:20E3600080B2884205D22A0002212000FFF720FA46E0DFF834070088401EDFF82C1708808D
:20E3800041F28830DFF82C1708804FF4FA70DFF828170880DFF814070088B0F57F4F0BD0DD
:20E3A000DFF808070088FF2806D0DFF8000700884FF6FF7188420AD1DFF80007DFF8E8167F
:20E3C000098811225143405CEDF705FB11E0DFF8DC06008800280AD1DFF8E006DFF8C816BE
:20E3E000098811225143405CEDF772FB01E0002006E008273A0021002800F1F7FBFA08203A
:20E40000F2BD0000806E00207C6D0020346E0020366E0020D06B0020306D0020706C00209C
:20E420002DE9FE4F04000D001600A01CDFF81C1E0860DFF8180E00680078DFF8141E0880AF
:20E44000DFF8080E0068401CDFF8001E0860DFF8000E00880002DFF8F81D0880DFF8F00DF7
:20E460000088DFF8E81D096809780843DFF8E01D0880DFF8D80D0068401CDFF8D01D0860F3
:20E48000DFF8C80D00680078DFF8C81D0880DFF8BC0D0068401CDFF8B41D0860DFF8B40DA0
:20E4A00000880002DFF8AC1D0880DFF8A80D0088DFF8981D096809780843DFF8981D0880B9
:20E4C000DFF8880D0068401CDFF8801D0860DFF87C0D0560DFF8800D0078DFF8701D0968BA
:20E4E0000870DFF8680D0068401CDFF8601D08600320DFF8581D09680870DFF8500D0068E4
:20E50000401CDFF8481D0860DFF8440D008832287CDADFF83C0D0088DFF85815097889B2F3
:20E52000884205D32A0002212000FFF741F988E2DFF840050078DFF8181D0988DFF8142DE9
:20E5400012885118884209DADFF828050078DFF8001D0988401ADFF8FC1C0880DFF8F40C62
:20E5600000884000DFF8F41C0880DFF8F00C0088DFF8D81C09680870DFF8D00C0068401CDE
:20E58000DFF8C81C0860DFF8F0048146DFF8C00C0088DFF8CC1C0880DFF8C40C0088DFF84E
:20E5A000B41C0988884280F03F82DFF8D404DFF8B01C098809010844C168D9F80000FFF7D6
:20E5C00043FC824619F10409504680B2000ADFF87C1C09680870DFF8740C0068401CDFF801
:20E5E0006C1C0860DFF8640C006880F800A0DFF85C0C0068401CDFF8541C0860DFF8600C6F
:20E600000088401CDFF8581C0880C5E7DFF8400C008850286CD10620DFF8401C0880DFF87F
:20E620003C0C0088DFF8241C09680870DFF81C0C0068401CDFF8141C0860DFF8280C006865
:20E64000007ADFF8081C09680870DFF8000C0068401CDFF8F81B0860DFF8080C0068407A56
:20E66000DFF8E81B09680870DFF8E00B0068401CDFF8D81B0860DFF8EC0B0068807ADFF818
:20E68000CC1B09680870DFF8C40B0068401CDFF8BC1B0860DFF8CC0B0068C07ADFF8AC1B3C
:20E6A00009680870DFF8A40B0068401CDFF89C1B0860DFF8B00B0068007BDFF8901B0968C9
:20E6C0000870DFF8880B0068401CDFF8801B0860DFF8900B0068407BDFF8701B09680870DA
:20E6E000DFF8680B0068401CDFF8601B08609BE1DFF85C0B008855281FD1DFF86C0BF1F76D
:20E70000E7FE8346DFF8640BF1F7E2FEDFF8601B09880291DFF8501B0191CDF800B0DFF8A7
:20E720004C3B0200DFF84C1BDFF8200B0068F1F74BFCDFF8281B088076E1DFF8140B008802
:20E7400060282CD10220DFF8141B0880DFF80C0B0088DFF8F81A09680870DFF8F00A006803
:20E76000401CDFF8E81A08600020DFF8E01A09680870DFF8D80A0068401CDFF8D01A08607C
:20E78000DFF8F40A0078DFF8C41A09680870DFF8BC0A0068401CDFF8B41A086044E1DFF824
:20E7A000B00A0088FA2880F2A180DFF8A40A00886438DFF89C1A0880DFF8940A0088DFF8D0
:20E7C000BC1A097889B2884205D32A0002212000FEF7EEFF35E1DFF8A40A0078DFF8701A42
:20E7E0000988DFF8702A12885118884205DA2A0002212000FEF7DCFF23E1DFF8580A008869
:20E800004C2805DB2A0002212000FEF7D1FF18E1DFF8400A008880B24000DFF8401A0880A5
:20E82000DFF8380A0088DFF8241A09680870DFF81C0A0068401CDFF8141A0860DFF8140A16
:20E840000088DFF80C1A09880818DFF8081A0880DFF82C0AC078002803D1DFF8280A0700B0
:20E8600010E0DFF81C0AC078012803D1DFF8180A070007E0DFF8080AC078022802D1DFF89A
:20E880000C0A0700DFF8C8090088DFF8D4190880DFF8CC090088DFF8BC190988884280F034
:20E8A000C38038888046BF1C404680B2000ADFF89C1909680870DFF894090068401CDFF86E
:20E8C0008C190860DFF88409006880F80080DFF87C090068401CDFF874190860DFF880091B
:20E8E0000088401CDFF878190880D1E7DFF860090088B0F59670DFF858190880DFF8500919
:20E900000088DFF88C19097889B2884205D32A0002212000FEF74CFF93E0DFF874090078A9
:20E92000DFF82C190988DFF82C2912885118884209DADFF85C090078DFF814190988401AAB
:20E94000DFF810190880DFF80C0900884000DFF80C190880DFF804090088DFF8F01809683B
:20E960000870DFF8E8080068401CDFF8E0180860DFF8E0080088DFF8D81809880818DFF8C7
:20E98000D4180880DFF8C8080088DFF8D4180880DFF8CC080088DFF8BC180988884243D23B
:20E9A000DFF8F008006800880121DFF8B42812889140084218D00020DFF89018096808709E
:20E9C000DFF888080068401CDFF8801808605520DFF8781809680870DFF870080068401C5D
:20E9E000DFF86818086017E00020DFF8601809680870DFF858080068401CDFF85018086067
:20EA0000AA20DFF8481809680870DFF840080068401CDFF838180860DFF844080088401C93
:20EA2000DFF83C180880B3E7DFF830080088C11C89B22800EEF778F9DFF820080088401D78
:20EA400080B2BDE8FE8F0000304E00200100C9B20A20C9B20A2291FBF2F291FBF0F300FB8D
:20EA6000131050EA0210DFF8B82D1070DFF8B00D0078704707050108F4690020346C0020D6
:20EA80008C680208646D002000005940686D002000408F400088C340386E00203A6E0020D1
:20EAA0003C6E00209C6C00203E6E0020406E0020CF930108F66D0020E86D0020607002088D
:20EAC0002DE9F84304000D001600DFF8580D0560DFF8540D4079DFF8501D097A88422FD19B
:20EAE0000120DFF8481D0870DFF86C070078DFF8341D09680870DFF82C0D0068401CDFF8C3
:20EB0000241D08600C20DFF81C1D09680870DFF8140D0068401CDFF80C1D08600020DFF80C
:20EB2000041D09680870DFF8FC0C0068401CDFF8F41C086003212800EEF7F6F8052082E330
:20EB4000DFF8E40CDFF8E01C49790A22514308440A3007000020DFF8D81C0870DFF8D00CF6
:20EB60000078DFF8D01C0978884214D27878DFF8501D0968DFF8B82C127814235A43114416
:20EB8000497C884207D0DFF8A80C0078401CDFF8A01C0870E2E7DFF8C0060078DFF8841C50
:20EBA00009680870DFF87C0C0068401CDFF8741C08600C20DFF86C1C09680870DFF8640CBF
:20EBC0000068401CDFF85C1C08600F20DFF8541C09680870DFF84C0C0068401CDFF8441C31
:20EBE00008607888DFF8DC1C0880DFF8D80C0088642190FBF1F0DFF82C1C09680870DFF843
:20EC0000240C0068401CDFF81C1C0860DFF8B40C0088642190FBF1F201FB1200C0B2DFF820
:20EC2000A41C0880DFF89C0C0088C0B2FFF70EFFDFF8F01B09680870DFF8E80B0068401CB7
:20EC4000DFF8E01B08603879DFF8D81B09680870DFF8D00B0068401CDFF8C81B086078798D
:20EC6000DFF8C01B09680870DFF8B80B0068401CDFF8B01B0860B879DFF8A81B09680870DD
:20EC8000DFF8A00B0068401CDFF8981B0860F879DFF8901B09680870DFF8880B0068401C32
:20ECA000DFF8801B0860387ADFF8781B09680870DFF8700B0068401CDFF8681B0860787AAB
:20ECC000DFF8001C0880DFF8FC0B0088B0F5FA6F07DBDFF8F00B0088B0F5FA60DFF8E41B34
:20ECE0000880787ADFF83C1B09680870DFF8340B0068401CDFF82C1B086078780F2806DB1B
:20ED000078785F2803D078787F2840F08F800120DFF8101B09680870DFF8080B0068401C19
:20ED2000DFF8001B08607878DFF8F81A09680870DFF8F00A0068401CDFF8E81A0860387831
:20ED400000280CD0FF20DFF8DC1A09680870DFF8D40A0068401CDFF8CC1A08600BE0002031
:20ED6000DFF8C01A09680870DFF8B80A0068401CDFF8B01A08600020DFF8A81A09680870F1
:20ED8000DFF8A00A0068401CDFF8981A08600020DFF8901A09680870DFF8880A0068401C86
:20EDA000DFF8801A08600020DFF8781A09680870DFF8700A0068401CDFF8681A0860DFF85B
:20EDC000680A4079401CDFF8601A4871DFF8580A4079232190FBF1F201FB1200DFF8481AB7
:20EDE0004871DFF8440A4079DFF83C1A097A884210D10120DFF8341A08700020DFF8241A2E
:20EE000009680870DFF81C0A0068401CDFF8141A08600BE0FF20DFF80C1A09680870DFF814
:20EE2000040A0068401CDFF8FC19086078784028C0F26C8178785F2880F268810220DFF8EA
:20EE4000E41909680870DFF8DC090068401CDFF8D419086078784038DFF8C8190968087017
:20EE6000DFF8C0090068401CDFF8B8190860387800280CD0FF20DFF8AC1909680870DFF8EF
:20EE8000A4090068401CDFF89C1908600BE00020DFF8901909680870DFF888090068401C6D
:20EEA000DFF880190860DFF8180A0068DFF880190978142251430844807C00285BD10020A2
:20EEC000DFF8601909680870DFF858090068401CDFF8501908600020DFF848190968087014
:20EEE000DFF840090068401CDFF8381908600020DFF8301909680870DFF828090068401CA9
:20EF0000DFF820190860DFF820094079401CDFF818194871DFF810094079232190FBF1F248
:20EF200001FB1200DFF800194871DFF8FC084079DFF8F418097A884210D10120DFF8EC1879
:20EF400008700020DFF8DC1809680870DFF8D4080068401CDFF8CC180860D7E0FF20DFF81E
:20EF6000C41809680870DFF8BC080068401CDFF8B4180860CAE00020DFF8481908800020B8
:20EF8000DFF8441908700020DFF840190880DFF83C090088232863DADFF824090068DFF87E
:20EFA0003019DFF82829128812011144097B142251430844407C7978884249D1DFF81009C3
:20EFC000DFF8081909880901084412308046DFF85808DFF8541849790A22514308440C30C6
:20EFE00081460020DFF8EC180870DFF8E8080078082811DA404610F10108494611F1010952
:20F0000000780978884207D1DFF8C8080078401CDFF8C0180870E8E7DFF8B80800780828A5
:20F0200016D1DFF8AC08DFF8A418098809010844008ADFF890180880DFF89408DFF88C1865
:20F04000098809010844C07BDFF87C18087007E0DFF878080088401CDFF87018088096E725
:20F06000DFF8C0070368DFF85C080288DFF858080178DFF84C080068DFF8B4C79CF800C0D9
:20F080005FF0140E0EFB0CFC6044C07C00F09EFBDFF894074079401CDFF88C174871DFF8F4
:20F0A00088074079232190FBF1F201FB1200DFF878174871DFF86C070068C01CDFF8641749
:20F0C0000860DFF864074079DFF85C17097A884210D10120DFF8541708700020DFF8441728
:20F0E00009680870DFF83C070068401CDFF8341708600BE0FF20DFF82C1709680870DFF8DB
:20F1000024070068401CDFF81C17086078786028C0F2948078787F2880F290800320DFF83D
:20F12000041709680870DFF8FC060068401CDFF8F416086078786038DFF8E816096808709F
:20F14000DFF8E0060068401CDFF8D8160860387800280CD0FF20DFF8CC1609680870DFF8B5
:20F16000C4060068401CDFF8BC1608600BE00020DFF8B01609680870DFF8A8060068401C16
:20F18000DFF8A01608600020DFF8981609680870DFF890060068401CDFF8881608600020BE
:20F1A000DFF8801609680870DFF878060068401CDFF8701608600020DFF8681609680870BD
:20F1C000DFF860060068401CDFF858160860DFF858064079401CDFF850164871DFF848061C
:20F1E0004079232190FBF1F201FB1200DFF838164871DFF834064079DFF82C16097A884288
:20F2000010D10120DFF8241608700020DFF8141609680870DFF80C060068401CDFF80416BB
:20F2200008600BE0FF20DFF8FC1509680870DFF8F4050068401CDFF8EC150860122128005C
:20F24000EDF772FD1420BDE8F28300007C6D0020346E0020366E0020806E0020446E00209E
:20F26000426E0020346D00207C7902086C790208086E00201C7E0208506D0020606E00200A
:20F28000606C0020B0660020D4680020606700205F6E0020306D00202DE9F84F82460C002E
:20F2A00015001AF10200DFF830160860DFF8280600680078DFF824160880DFF81C060068C8
:20F2C000401CDFF814160860DFF8100600880002DFF808160880DFF804060088DFF8F81528
:20F2E000096809780843DFF8F4150880DFF8E8050068401CDFF8E0150860DFF8DC0500688D
:20F300000078DFF8DC150880DFF8CC050068401CDFF8C4150860DFF8C80500880002DFF89C
:20F32000C0150880DFF8B8050088DFF8AC15096809780843DFF8A8150880DFF89C05006883
:20F34000401CDFF894150860DFF88C0500680078DFF890150880DFF880050068401CDFF826
:20F3600078150860DFF874050088502880F2C880DFF86C050088062804D1DFF868050088EF
:20F380000C2805D0220002215046FEF711FA1BE2DFF8440500680078DFF844150880DFF8FD
:20F3A00038050068401CDFF830150860DFF8300500880002DFF828150880DFF8240500880E
:20F3C000DFF81415096809780843DFF814150880DFF804050068401CDFF8FC140860DFF89E
:20F3E000000500884FF47A7110FB01F0DFF8F0140880DFF8EC0400882870DFF8E4040088C5
:20F4000080B2000A6870DFF8D0040068401CDFF8C8140860DFF8C00400680078A870DFF8E4
:20F42000B8040068401CDFF8B0140860DFF8A8040068401CDFF8A0140860DFF89C04006830
:20F440000078E870DFF890040068401CDFF888140860DFF884040068401CDFF87C140860E0
:20F46000DFF87404006800786871DFF86C040068401CDFF864140860DFF85C040068401CC7
:20F48000DFF854140860DFF8500400680078A871DFF844040068401CDFF83C140860DFF858
:20F4A000380400680078DFF838140880DFF828040068401CDFF820140860DFF824040088C4
:20F4C0000002DFF81C140880DFF814040088DFF80814096809780843DFF804140880DFF8A6
:20F4E000F8030068401CDFF8F0130860DFF8F00300883030E8710021280000F09DF957E1F9
:20F50000DFF8D8030088512815D1DFF8D8030088552840F04D81EAF7D3FB0920EFF73EFEA3
:20F520005FF00709DFF8C0B34A4659462000F0F761FA072048E1DFF8A4030088602807D1DB
:20F54000DFF894030068401CDFF88C1308602FE1DFF888030088FA2880F29B80DFF8840394
:20F560000088DFF87C130988B0EB410F05D0220002215046FEF71CF926E1DFF8600300889E
:20F580006438DFF858130880DFF850030088DFF85C13097889B2884205D3220002215046D4
:20F5A000FEF706F910E1DFF844030078DFF82C130988DFF82C2312885118884205DADFF880
:20F5C0002C030078C649088006E0C5480088C34909880818C2490880C5480700BF4800887F
:20F5E000C4490880C3480088BD490988884225D2B94800680078C0490880B7480068401C56
:20F60000B5490860BC4800880002BB490880BA480088B149096809780843B7490880AE482B
:20F620000068401CAC490860B34800883880BF1CB0480088401CAF490880D3E745F6A5207D
:20F64000AE490880AA4806005A20AD490880AC480188C9B23000EEF707FCA849A1F8680039
:20F66000A648EFF7C5FF002805D1220003215046FEF79EF8A8E0A34801780120F0F778F829
:20F68000002840F09580220003215046FEF790F89AE092480088B0F59670904908808F48E5
:20F6A00000889949097889B2884205D3220002215046FEF77DF887E0934800788749098822
:20F6C000874A12885118884205DA220002215046FEF76EF878E08248008880490988081853
:20F6E0007F4908808948C078002802D1884880460FE08648C078012802D18648804608E0B3
:20F700008248C078022802D18348804601E08048804618F104087148008876490880754890
:20F7200000886F49098888423DD26B480068401C6949086068480068007878490880664807
:20F740000068401C6449086074480088552810D15A206849098808F80100714800680088C8
:20F760000121644A1288914008436D490968088013E06A480088AA280FD1A5205D49098879
:20F7800008F801006648006800880121594A12889140884362490968088056480088401CA9
:20F7A00054490880BBE75948C078801CEFF7F6FC5FF006094A4651462000F0F71BF906216E
:20F7C0002000EDF7B1FA0820BDE8F28F70B492B24FF4807505FB02F56426B5FBF6F52C0044
:20F7E000504D2B602500ADB22D0A4E4E366835704C4D2D686D1C4B4E35604A4D2D682C709A
:20F80000484D2D686D1C474E35600025454E36683570444D2D686D1C424E356070BC704759
:20F82000836E0020806D00201C5C0020746E0020866E00205D6E00207CB506000C00307826
:20F840000500761C3078000210FA85F5761CADB24FF47A7095FBF0F0C0B2EEF7B2FA8DF8CD
:20F860000200ADB24FF47A7095FBF0F100FB1150ADF800003078EEF7A4FA761C8DF8030043
:20F880003078EEF79EFA761C8DF80400761C3078EEF797FA761C8DF805003078EEF791FA44
:20F8A000761C8DF806003078EEF78BFA8DF807006846F0F7EAFD1C48F0F76EFD73BD00002B
:20F8C000246D0020466E0020856E0020486E0020E0590020846E00207C6D0020346E002084
:20F8E000366E00204C6E0020047F0208606E0020EC6500204A6E00204E6E0020E86500205D
:20F90000526E0020506D00205F6E0020606C0020186B0020606B0020906B0020506E0020CA
:20F92000306D0020846D0020786C002003000820704700002DE9F84304000D001600002774
:20F940000020DFF8DC1508600020DFF8D0150870287858284BD1E879582848D1B6B20E2E29
:20F9600001DA002044E0E87AF021084201D000203EE0287A697A50EA01200A30814649462C
:20F9800089B22800EEF7FEFA070038001FFA89F915F8091080B289B2884201D0002027E0F8
:20F9A00068782100C9B2884201D0002020E0E87AA97A50EA012080461FFA88F8DFF8640591
:20F9C00010EB0800DFF8581508601FFA88F84AF20A00804509D1287B697B50EA0120DFF841
:20F9E000481548810020EFF783F9012000E00020BDE8F283002070472DE9F14FADF5976D51
:20FA00000C00150000208346DFF814050068000C0004DFF81015884204D1582005F80B0059
:20FA20001BF1010B9DF8B80405F80B001BF1010B00208246BAF1050F07D2002005F80B0095
:20FA40001BF1010B1AF1010AF4E7DFF8D4040068000C0004DFF8CC14884204D1582005F8AB
:20FA60000B001BF1010BDFF8B8040068DFF8BC14884256D10A2005F80B001BF1010B002066
:20FA800005F80B001BF1010BDFF894040068000A05F80B001BF1010BDFF8840400688038C6
:20FAA00005F80B001BF1010B002005F80B001BF1010BDFF87C04008805F80B001BF1010BE7
:20FAC000DFF86C04008880B2000A05F80B001BF1010BDFF86004808805F80B001BF1010B98
:20FAE000DFF85004C08805F80B001BF1010BDFF84404C08880B2000A05F80B001BF1010BB0
:20FB0000DFF83004008905F80B001BF1010BDFF82404008980B2000A05F80B001BF1010B4D
:20FB2000E6E1DFF8FC030068DFF80C14884240F0EF8001208046A07CE17C50EA012080B273
:20FB40008146207B617B50EA012080B20600A07BE17B50EA012080B28246300080B251460F
:20FB600089B250EA01400090B9F1010F50D1009800284DD1207D617D50EA012080B28146B7
:20FB80004A4692B25FF4F00114F11B00F3F785FF4A4692B25FF4F00101A8F3F7A1FE002055
:20FBA00006004E4508D201A8805D04EB0601C97E884201D1761CF4E74E4540F07F80DFF86D
:20FBC0006803C0F80C900120DFF85C130881607EA17E50EA0120D4494880207E81465FEA8B
:20FBE0000940A17DE27D51EA022110FA81F0CE490861207C617C50EA0120CB49C880AA20EC
:20FC0000C9498880002080460020EFF771F855E0607EA17E50EA012080B20600207D617D35
:20FC200050EA012080B28246207E07003804A17DE27D51EA022110FA81F7BE48408886429B
:20FC40003CD1BC480069874238D1BA480089401C814533D1ECF78FFE524692B2B548C06836
:20FC600010F5F00114F11B00F3F717FF524692B2B048C06810F5F00101A8F3F731FE00209A
:20FC80000600564508D201A8805D04EB0601C97E884201D1761CF4E756450FD1A24800892F
:20FCA000401CA1490881A048C0681AEB00009E49C860002080460020EFF71AF80B2005F82B
:20FCC0000B001BF1010B002005F80B001BF1010B93480068000A05F80B001BF1010B90487C
:20FCE0000068803805F80B001BF1010B00200600082E08D204EB0600007B05F80B001BF10A
:20FD0000010B761CF4E705F80B801BF1010BEFE0834800688949884240F080800120804615
:20FD20008448C0888349098988425AD1002081468048C068800A824600200600564516D28A
:20FD40004FF480624FF4806000FB06F010F5F00101A8F3F7C5FD4A4692B24FF4806101A87E
:20FD6000EEF7D9F88146ECF706FE761CE6E77148C068800516D06F48C0688205920D4FF42C
:20FD8000806000FB06F010F5F00101A8F3F7A8FD4A4692B26748C0688105890D01A8EEF70F
:20FDA000BAF88146ECF7E7FD62484089814518D120226048C0686249091801A8F3F790FDE3
:20FDC000604901A800F036F900280AD1AA20564988805520544988820120EEF789FF002074
:20FDE0008046032005F80B001BF1010B002005F80B001BF1010B4A480068000A05F80B00AE
:20FE00001BF1010B46480068803805F80B001BF1010B05F80B801BF1010B69E04048006823
:20FE20004949884220D14948F3F748FF8046032005F80B001BF1010B002005F80B001BF176
:20FE4000010B37480068000A05F80B001BF1010B33480068803805F80B001BF1010B05F8CD
:20FE60000B801BF1010B43E02D480068384988422FD101208046607EA17E50EA012080B223
:20FE80000600B6F5006F07D24FF4805000FB06F0F3F76CFD00208046032005F80B001BF1F5
:20FEA000010B002005F80B001BF1010B1C480068000A05F80B001BF1010B1948006880387F
:20FEC00005F80B001BF1010B05F80B801BF1010B0EE0D12005F80B001BF1010B012005F845
:20FEE0000B001BF1010B352005F80B001BF1010B594689B22800EEF745F805F80B001BF132
:20FF0000010B162005F80B001BF1010B584680B20DF5806D2FB0BDE8F08F00008B6E0020A4
:20FF2000886D00200000A1A5E86A00200AA0A1A5086E0020D06A002005A1A1A505A2A1A53B
:20FF4000D0FF7700D0FF030805A3A1A500C0770005A4A1A55FF0FF0C1CEAD05114BF614573
:20FF600006E0C110400721F0E04101F16051704779B900F0004100020AD0B0FA80FC00FA98
:20FF80000CF001F16051A1EB0C5101EBD0214005704741020CBF40F4E0016FF0000100205D
:20FFA000704700004FEAF17CBCF1E04C2CBFBCF5001F11E05FEA4C0C34BFBCF17F5F2EE032
:20FFC0005FEA9C0C4FEA0C1C4FEA3C0CC10071F100414CEB50707047C90241EA5051C002E3
:20FFE00018BF41F0010141F000414FEA6C50C0F10900212810D240EACC7CCCF1200C11FA45
:020000040802F0
:200000000CF070F10040CCF1200C21FA0CF00CF0004C40EB0C0070474FEACC707047490098
:2000200011F5001F04D84FEACC10FF30C0057047C8177047820707D010F8012B11F8013B90
:20004000BAB19A42F6D014E002680B689A42A2F1013301BF934313F0803F50F8042F51F803
:20006000043FF3D010F8012B11F8013B0AB19A42F8D0D01A7047000001312ECFDFC2B7B2C8
:20008000CECAFD000000000000060000005054B6CFCFDF00000000100000020000000100DB
:2000A000010020002476020801B5E7D1B9B1D5CBF8000022E8030F27282358025802560073
:2000C0000000000002BFD8BBD8B6CFCFDF0000100000010000000100010020000878020804
:2000E000034354B1E4B1C8202000004001000F27010064005F00200000000000045054D243
:20010000BBB4CED6B50000220A00A00F0A0064005F006B560000000005CCF8BACFCEBBD4FF
:20012000B40000100000010000000100010020001C7802080000000000000000000000003A
:2001400000000000000000000000000000000000000000000000000000000000000000009F
:2001600000000000000000000000000000000000000000000000000000000000000000007F
:2001800000000000000000000000000000000000000000000000000000000000000000005F
:2001A00000000000000000000000000000000000000000000000000000000000000000003F
:2001C0000000000000000000000000000000000000000000000000000000000002322ECFEE
:2001E000E0BCE4B9FDC1F749B6CE00000003000006BFD8D6C6D7D600000000100000030048
:2002000000000100010020001875020807B5E7C1F7000000000000220A000F27E803640019
:200220005F0041000000000008CAB1BCE4000000000000220000E8030000580258025300E7
:2002400000000000000000000000000000000000000000000000000000000000000000009E
:2002600000000000000000000000000000000000000000000000000000000000000000007E
:2002800000000000000000000000000000000000000000000000000000000000000000005E
:2002A00000000000000000000000000000000000000000000000000000000000000000003E
:2002C00000000000000000000000000000000000000000000000000000000000000000001E
:2002E0000000000000000000000000000000000000000000000000000000000000000000FE
:200300000000000000000000000000000000000000000000000000000000000000000000DD
:200320000000000000000000000000000000000000000000000000000000000000000000BD
:2003400003332ECFE0BCE4B9FDC1F74949B6CE000003000009BFD8D6C6D7D600000000106A
:20036000000003000000010001002000187502080AB5E7C1F7000000000000220A000F2701
:20038000EE0264005F004100000000000BCAB1BCE40000000000002200000F27320058025F
:2003A000580253000000000000000000000000000000000000000000000000000000000090
:2003C00000000000000000000000000000000000000000000000000000000000000000001D
:2003E0000000000000000000000000000000000000000000000000000000000000000000FD
:200400000000000000000000000000000000000000000000000000000000000000000000DC
:200420000000000000000000000000000000000000000000000000000000000000000000BC
:2004400000000000000000000000000000000000000000000000000000000000000000009C
:2004600000000000000000000000000000000000000000000000000000000000000000007C
:2004800000000000000000000000000000000000000000000000000000000000000000005C
:2004A0000000000004342ECFE0BCE4B9FDC1F7494949B6CE000300000CBFD8D6C6D7D600CB
:2004C00000000010000003000000010001002000187502080DB5E7C1F700000000000022CD
:2004E0000A000F27F40164005F004100000000000ECAB1BCE40000000000002200000F2742
:20050000C8005802580253000000000000000000000000000000000000000000000000000C
:200520000000000000000000000000000000000000000000000000000000000000000000BB
:2005400000000000000000000000000000000000000000000000000000000000000000009B
:2005600000000000000000000000000000000000000000000000000000000000000000007B
:2005800000000000000000000000000000000000000000000000000000000000000000005B
:2005A00000000000000000000000000000000000000000000000000000000000000000003B
:2005C00000000000000000000000000000000000000000000000000000000000000000001B
:2005E0000000000000000000000000000000000000000000000000000000000000000000FB
:20060000000000000000000005352EB7B4CAB1CFDEB9FDC1F7000000000300000FBFD8D6F2
:20062000C6D7D600000000100000030000000100010020003C75020810B5E7C1F7000000F3
:20064000000000220A000F27640064005F0041000000000011CAB1BCE40000000000002282
:2006600000000F2764005802580253000000000000000000000000000000000000000000D9
:2006800000000000000000000000000000000000000000000000000000000000000000005A
:2006A00000000000000000000000000000000000000000000000000000000000000000003A
:2006C00000000000000000000000000000000000000000000000000000000000000000001A
:2006E0000000000000000000000000000000000000000000000000000000000000000000FA
:200700000000000000000000000000000000000000000000000000000000000000000000D9
:200720000000000000000000000000000000000000000000000000000000000000000000B9
:20074000000000000000000000000000000000000000000000000000000000000000000099
:2007600000000000000000000000000006362EB9FDB8BABAC9B1A3BBA400000000030000AE
:2007800012BFD8D6C6D7D600000000100000020000000100010020000876020813B5E7C13B
:2007A000F7000000000000220A000F272C0164005F0041000000000014CAB1BCE400000080
:2007C000000000310A000F276400580258025300000000000000000000000000000000003D
:2007E0000000000000000000000000000000000000000000000000000000000000000000F9
:200800000000000000000000000000000000000000000000000000000000000000000000D8
:200820000000000000000000000000000000000000000000000000000000000000000000B8
:20084000000000000000000000000000000000000000000000000000000000000000000098
:20086000000000000000000000000000000000000000000000000000000000000000000078
:20088000000000000000000000000000000000000000000000000000000000000000000058
:2008A000000000000000000000000000000000000000000000000000000000000000000038
:2008C0000000000000000000000000000000000007372ED6D8BACFD5A200000000000000FE
:2008E0000002000015BFD8D6C6D7D600000000100000010000000100010020000878020844
:2009000016B6AFD7F7D1D3CAB10000220A000F2764005802580253000000000000000000A2
:200920000000000000000000000000000000000000000000000000000000000000000000B7
:20094000000000000000000000000000000000000000000000000000000000000000000097
:20096000000000000000000000000000000000000000000000000000000000000000000077
:20098000000000000000000000000000000000000000000000000000000000000000000057
:2009A000000000000000000000000000000000000000000000000000000000000000000037
:2009C000000000000000000000000000000000000000000000000000000000000000000017
:2009E0000000000000000000000000000000000000000000000000000000000000000000F7
:200A00000000000000000000000000000000000000000000000000000000000000000000D6
:200A2000000000000000000000000000000000000000000008382EBCD3CBD9B6CEB9FDC11A
:200A4000F70000000003000017BFD8D6C6D7D6000000001000000200000001000100200071
:200A60001875020818B5E7C1F7000000000000220A000F27F40164005F0041000000000018
:200A800019CAB1BCE40000000000002200000F271E005802580253000000000000000000A5
:200AA000000000000000000000000000000000000000000000000000000000000000000036
:200AC000000000000000000000000000000000000000000000000000000000000000000016
:200AE0000000000000000000000000000000000000000000000000000000000000000000F6
:200B00000000000000000000000000000000000000000000000000000000000000000000D5
:200B20000000000000000000000000000000000000000000000000000000000000000000B5
:200B4000000000000000000000000000000000000000000000000000000000000000000095
:200B6000000000000000000000000000000000000000000000000000000000000000000075
:200B800000000000000000000000000000000000000000000000000009392EB3E4B5E7B101
:200BA000A3BBA40000000000000300001ABFD8D6C6D7D60000000010000001000000010024
:200BC00001002000087802081BB5E7C1F7000000000000220A000F27F40164005F004100A0
:200BE000000000001CCAB1BCE40000000000002200000F271E005802580253000000000041
:200C00000000000000000000000000000000000000000000000000000000000000000000D4
:200C20000000000000000000000000000000000000000000000000000000000000000000B4
:200C4000000000000000000000000000000000000000000000000000000000000000000094
:200C6000000000000000000000000000000000000000000000000000000000000000000074
:200C8000000000000000000000000000000000000000000000000000000000000000000054
:200CA000000000000000000000000000000000000000000000000000000000000000000034
:200CC000000000000000000000000000000000000000000000000000000000000000000014
:200CE000000000000000000000000000000000000000000000000000000000000A31302E5B
:200D0000C1E3D0F2B9FDC1F749B6CE00000300001DBFD8D6C6D7D600000000100000020020
:200D20000000010001002000087602081EB5E7C1F7000000000000220A000F27F4016400DC
:200D40005F004100000000001FCAB1BCE40000000000002200000F27320058025802530028
:200D6000000000000000000000000000000000000000000000000000000000000000000073
:200D8000000000000000000000000000000000000000000000000000000000000000000053
:200DA000000000000000000000000000000000000000000000000000000000000000000033
:200DC000000000000000000000000000000000000000000000000000000000000000000013
:200DE0000000000000000000000000000000000000000000000000000000000000000000F3
:200E00000000000000000000000000000000000000000000000000000000000000000000D2
:200E20000000000000000000000000000000000000000000000000000000000000000000B2
:200E4000000000000000000000000000000000000000000000000000000000000000000092
:200E60000B31312EC1E3D0F2B9FDC1F74949B6CE0003000020BFD8D6C6D7D60000000010DA
:200E80000000020000000100010020000876020821B5E7C1F7000000000000220A000F27CF
:200EA000F40164005F0041000000000022CAB1BCE40000000000002200000F273200580218
:200EC000580253000000000000000000000000000000000000000000000000000000000065
:200EE0000000000000000000000000000000000000000000000000000000000000000000F2
:200F00000000000000000000000000000000000000000000000000000000000000000000D1
:200F20000000000000000000000000000000000000000000000000000000000000000000B1
:200F4000000000000000000000000000000000000000000000000000000000000000000091
:200F6000000000000000000000000000000000000000000000000000000000000000000071
:200F8000000000000000000000000000000000000000000000000000000000000000000051
:200FA000000000000000000000000000000000000000000000000000000000000000000031
:200FC000000000000C31322EB9FDB5E7D1B9B1A3BBA400000003000023BFD8D6C6D7D600DF
:200FE000000000100000020000000100010020000876020824B5E7D1B900000000000032B9
:20100000E803983AF82A64005F0056000000000025CAB1BCE40000000000002205000F273B
:20102000640058025802530000000000000000000000000000000000000000000000000045
:20104000000000000000000000000000000000000000000000000000000000000000000090
:20106000000000000000000000000000000000000000000000000000000000000000000070
:20108000000000000000000000000000000000000000000000000000000000000000000050
:2010A000000000000000000000000000000000000000000000000000000000000000000030
:2010C000000000000000000000000000000000000000000000000000000000000000000010
:2010E0000000000000000000000000000000000000000000000000000000000000000000F0
:201100000000000000000000000000000000000000000000000000000000000000000000CF
:2011200000000000000000000D31332EB5CDB5E7D1B9B1A3BBA400000003000026BFD8D61F
:20114000C6D7D600000000100000030000000100010020006075020827B5E7D1B9000000BB
:2011600000000032E8031027401F64005F0056000000000028CAB1BCE4000000000000223E
:2011800005000F2764005802580253000000000000000000000000000000000000000000A9
:2011A00000000000000000000000000000000000000000000000000000000000000000002F
:2011C00000000000000000000000000000000000000000000000000000000000000000000F
:2011E0000000000000000000000000000000000000000000000000000000000000000000EF
:201200000000000000000000000000000000000000000000000000000000000000000000CE
:201220000000000000000000000000000000000000000000000000000000000000000000AE
:2012400000000000000000000000000000000000000000000000000000000000000000008E
:2012600000000000000000000000000000000000000000000000000000000000000000006E
:201280000000000000000000000000000E31342EB5CDC6B5B1A3BBA40000000000040000F9
:2012A00029BFD8D6C6D7D60000000010000002000000010001002000087602082AC6B5C202
:2012C000CA00000000000022CC108813241364005F00485A000000002BCAB1BCE4000000C9
:2012E0000000002200000F276400580258025300000000002CB1D5CBF8B5E7C1F700002240
:201300000A000F27640064005F004100000000000000000000000000000000000000000025
:201320000000000000000000000000000000000000000000000000000000000000000000AD
:2013400000000000000000000000000000000000000000000000000000000000000000008D
:2013600000000000000000000000000000000000000000000000000000000000000000006D
:2013800000000000000000000000000000000000000000000000000000000000000000004D
:2013A00000000000000000000000000000000000000000000000000000000000000000002D
:2013C00000000000000000000000000000000000000000000000000000000000000000000D
:2013E0000000000000000000000000000000000001312EB5E7B6AFBBFAB2CECAFD00000090
:2014000000070000005054B6CFCFDF00000000100000010000000100010020000878020831
:2014200001B6EEB6A8B5E7C1F700002214000F27E8035802580241000000000002C6F4B697
:20144000AFCAB1BCE400002200000F27E8035802580253000000000003BFD8BBD8B6CFCFF7
:20146000DF00001000000100000001000100200008780208044354B1E4B1C82020000040A7
:2014800001000F27010064005F00200000000000055054D2BBB4CED6B50000220A00A00F13
:2014A0000A0064005F006B560000000006CCF8BACFCEBBD4B4000010000001000000010028
:2014C000010020001C7802080000000000000000000000000000000000000000000000004D
:2014E0000000000000000000000000000000000000000000000000000000000000000000EC
:201500000000000000000000000000000000000000000000000000000000000000000000CB
:201520000000000000000000000000000000000000000000000000000000000000000000AB
:20154000000000000000000000000000000000000000000002322EB5E7C1F7CBD9B6CF00AC
:20156000000000000004000007BFD8D6C6D7D600000000100000010000000100010020004D
:201580000878020808B8DFB5E7C1F700000000220A000F27200364005F0041000000000045
:2015A00009B5CDB5E7C1F700000000220A000F27F40164005F004100000000000ACAB1BCB0
:2015C000E4000000000000220000E803000058025802530000000000000000000000000013
:2015E0000000000000000000000000000000000000000000000000000000000000000000EB
:201600000000000000000000000000000000000000000000000000000000000000000000CA
:201620000000000000000000000000000000000000000000000000000000000000000000AA
:2016400000000000000000000000000000000000000000000000000000000000000000008A
:2016600000000000000000000000000000000000000000000000000000000000000000006A
:2016800000000000000000000000000000000000000000000000000000000000000000004A
:2016A00000000000000000000000000000000000000000000000000003332ECFE0BCE4B9BE
:2016C000FDC1F70000000000000300000BBFD8D6C6D7D60000000010000001000000010055
:2016E00001002000087802080CB5E7C1F7000000000000220A000F27F40164005F00410084
:20170000000000000DCAB1BCE40000000000002200000F27640058025802530000000000DE
:201720000000000000000000000000000000000000000000000000000000000000000000A9
:20174000000000000000000000000000000000000000000000000000000000000000000089
:20176000000000000000000000000000000000000000000000000000000000000000000069
:20178000000000000000000000000000000000000000000000000000000000000000000049
:2017A000000000000000000000000000000000000000000000000000000000000000000029
:2017C000000000000000000000000000000000000000000000000000000000000000000009
:2017E0000000000000000000000000000000000000000000000000000000000000000000E9
:201800000000000000000000000000000000000000000000000000000000000004342EB8AA
:20182000BAD0F2B9FDC1F70000000000000300000EBFD8D6C6D7D6000000001000000100BC
:201840000000010001002000087802080FB8BAD0F2B5E7C1F70000220A000F27F40164008A
:201860005F0041000000000010CAB1BCE40000000000002200000F276400580258025300DA
:20188000000000000000000000000000000000000000000000000000000000000000000048
:2018A000000000000000000000000000000000000000000000000000000000000000000028
:2018C000000000000000000000000000000000000000000000000000000000000000000008
:2018E0000000000000000000000000000000000000000000000000000000000000000000E8
:201900000000000000000000000000000000000000000000000000000000000000000000C7
:201920000000000000000000000000000000000000000000000000000000000000000000A7
:20194000000000000000000000000000000000000000000000000000000000000000000087
:20196000000000000000000000000000000000000000000000000000000000000000000067
:2019800005352EB7B4CAB1CFDEB9FDC1F70000000003000011BFD8D6C6D7D60000000010DA
:2019A0000000030000000100010020003C75020812B5E7C1F7000000000000220A000F277F
:2019C000F40164005F0041000000000013CAB1BCE40000000000002200000F2764005802CA
:2019E00058025300000000000000000000000000000000000000000000000000000000003A
:201A00000000000000000000000000000000000000000000000000000000000000000000C6
:201A20000000000000000000000000000000000000000000000000000000000000000000A6
:201A4000000000000000000000000000000000000000000000000000000000000000000086
:201A6000000000000000000000000000000000000000000000000000000000000000000066
:201A8000000000000000000000000000000000000000000000000000000000000000000046
:201AA000000000000000000000000000000000000000000000000000000000000000000026
:201AC000000000000000000000000000000000000000000000000000000000000000000006
:201AE0000000000006362EB3A4C6F4B6AFB1A3BBA40000000001000014BFD8D6C6D7D6005E
:201B0000000000100000010000000100010020000878020800000000000000000000000008
:201B20000000000000000000000000000000000000000000000000000000000000000000A5
:201B4000000000000000000000000000000000000000000000000000000000000000000085
:201B6000000000000000000000000000000000000000000000000000000000000000000065
:201B8000000000000000000000000000000000000000000000000000000000000000000045
:201BA000000000000000000000000000000000000000000000000000000000000000000025
:201BC000000000000000000000000000000000000000000000000000000000000000000005
:201BE0000000000000000000000000000000000000000000000000000000000000000000E5
:201C00000000000000000000000000000000000000000000000000000000000000000000C4
:201C20000000000000000000000000000000000000000000000000000000000000000000A4
:201C4000000000000000000007372EB6C2D7AAB1A3BBA400000000000003000015BFD8D6E7
:201C6000C6D7D600000000100000010000000100010020000878020816B5E7C1F7000000CA
:201C8000000000220A000F27F40164005F0041000000000017CAB1BCE40000000000002295
:201CA00000000F276400580258025300000000000000000000000000000000000000000083
:201CC000000000000000000000000000000000000000000000000000000000000000000004
:201CE0000000000000000000000000000000000000000000000000000000000000000000E4
:201D00000000000000000000000000000000000000000000000000000000000000000000C3
:201D20000000000000000000000000000000000000000000000000000000000000000000A3
:201D4000000000000000000000000000000000000000000000000000000000000000000083
:201D6000000000000000000000000000000000000000000000000000000000000000000063
:201D8000000000000000000000000000000000000000000000000000000000000000000043
:201DA00000000000000000000000000008382EB9FDB8BABAC9B1A3BBA40000000003000054
:201DC00018BFD8D6C6D7D600000000100000020000000100010020000876020819B5E7C1D9
:201DE000F7000000000000220A000F27F40164005F004100000000001ACAB1BCE40000005C
:201E00000000003100000F27640058025802530000000000000000000000000000000000F0
:201E20000000000000000000000000000000000000000000000000000000000000000000A2
:201E4000000000000000000000000000000000000000000000000000000000000000000082
:201E6000000000000000000000000000000000000000000000000000000000000000000062
:201E8000000000000000000000000000000000000000000000000000000000000000000042
:201EA000000000000000000000000000000000000000000000000000000000000000000022
:201EC000000000000000000000000000000000000000000000000000000000000000000002
:201EE0000000000000000000000000000000000000000000000000000000000000000000E2
:201F00000000000000000000000000000000000009392EC1E3D0F2B9FDC1F700000000007D
:201F2000000300001BBFD8D6C6D7D6000000001000000200000001000100200008760208E7
:201F40001CB5E7C1F7000000000000220A000F27F40164005F004100000000001DCAB1BC62
:201F6000E40000000000002200000F273200580258025300000000000000000000000000EC
:201F8000000000000000000000000000000000000000000000000000000000000000000041
:201FA000000000000000000000000000000000000000000000000000000000000000000021
:201FC000000000000000000000000000000000000000000000000000000000000000000001
:201FE0000000000000000000000000000000000000000000000000000000000000000000E1
:202000000000000000000000000000000000000000000000000000000000000000000000C0
:202020000000000000000000000000000000000000000000000000000000000000000000A0
:20204000000000000000000000000000000000000000000000000000000000000000000080
:2020600000000000000000000000000000000000000000000A31302EB9FDB5E7D1B9B1A397
:20208000BBA40000000300001EBFD8D6C6D7D60000000010000002000000010001002000AC
:2020A000087602081FB5E7D1B900000000000032E803983AF82A64005F0056000000000029
:2020C00020CAB1BCE40000000000002205000F2764005802580253000000000000000000FD
:2020E0000000000000000000000000000000000000000000000000000000000000000000E0
:202100000000000000000000000000000000000000000000000000000000000000000000BF
:2021200000000000000000000000000000000000000000000000000000000000000000009F
:2021400000000000000000000000000000000000000000000000000000000000000000007F
:2021600000000000000000000000000000000000000000000000000000000000000000005F
:2021800000000000000000000000000000000000000000000000000000000000000000003F
:2021A00000000000000000000000000000000000000000000000000000000000000000001F
:2021C0000000000000000000000000000000000000000000000000000B31312EC7B7B5E74A
:2021E000D1B9B1A3BBA400000003000021BFD8D6C6D7D6000000001000000200000001008B
:20220000010020000876020822B5E7D1B900000000000032E8031027401F64005F00560001
:202220000000000023CAB1BCE40000000000002205000F2764005802580253000000000098
:2022400000000000000000000000000000000000000000000000000000000000000000007E
:2022600000000000000000000000000000000000000000000000000000000000000000005E
:2022800000000000000000000000000000000000000000000000000000000000000000003E
:2022A00000000000000000000000000000000000000000000000000000000000000000001E
:2022C0000000000000000000000000000000000000000000000000000000000000000000FE
:2022E0000000000000000000000000000000000000000000000000000000000000000000DE
:202300000000000000000000000000000000000000000000000000000000000000000000BD
:20232000000000000000000000000000000000000000000000000000000000000C31322E00
:20234000B1BECCE5B1A3BBA4310000000002000024BFD8D6C6D7D600000000100000020061
:2023600000000100010020000876020825CAB1BCE40000000000002200000F27640058025D
:20238000580253000000000000000000000000000000000000000000000000000000000090
:2023A00000000000000000000000000000000000000000000000000000000000000000001D
:2023C0000000000000000000000000000000000000000000000000000000000000000000FD
:2023E0000000000000000000000000000000000000000000000000000000000000000000DD
:202400000000000000000000000000000000000000000000000000000000000000000000BC
:2024200000000000000000000000000000000000000000000000000000000000000000009C
:2024400000000000000000000000000000000000000000000000000000000000000000007C
:2024600000000000000000000000000000000000000000000000000000000000000000005C
:2024800000000000000000000000000000000000000000000000000000000000000000003C
:2024A0000D31332EB1BECCE5B1A3BBA4320000000002000026BFD8D6C6D7D6000000001060
:2024C0000000020000000100010020000876020827CAB1BCE40000000000002200000F27B6
:2024E000640058025802530000000000000000000000000000000000000000000000000071
:202500000000000000000000000000000000000000000000000000000000000000000000BB
:2025200000000000000000000000000000000000000000000000000000000000000000009B
:2025400000000000000000000000000000000000000000000000000000000000000000007B
:2025600000000000000000000000000000000000000000000000000000000000000000005B
:2025800000000000000000000000000000000000000000000000000000000000000000003B
:2025A00000000000000000000000000000000000000000000000000000000000000000001B
:2025C0000000000000000000000000000000000000000000000000000000000000000000FB
:2025E0000000000000000000000000000000000000000000000000000000000000000000DB
:20260000000000000E31342EB1BECCE5B1A3BBA4330000000002000028BFD8D6C6D7D60009
:20262000000000100000020000000100010020000876020829CAB1BCE40000000000002278
:2026400000000F2764005802580253000000000000000000000000000000000000000000D9
:2026600000000000000000000000000000000000000000000000000000000000000000005A
:2026800000000000000000000000000000000000000000000000000000000000000000003A
:2026A00000000000000000000000000000000000000000000000000000000000000000001A
:2026C0000000000000000000000000000000000000000000000000000000000000000000FA
:2026E0000000000000000000000000000000000000000000000000000000000000000000DA
:202700000000000000000000000000000000000000000000000000000000000000000000B9
:20272000000000000000000000000000000000000000000000000000000000000000000099
:20274000000000000000000000000000000000000000000000000000000000000000000079
:20276000000000000000000001312EB1E4D1B9C6F7B2CECAFD00000000050000005054B677
:20278000CFCFDF00000000100000010000000100010020000878020801BFD8BBD8B6CFCF80
:2027A000DF00001000000100000001000100200008780208024354B1E4B1C8202000004056
:2027C00001000F27010064005F00200000000000035054D2BBB4CED6B50000220A00A00FC2
:2027E0000A0064005F006B560000000004CCF8BACFCEBBD4B40000100000010000000100D7
:20280000010020001C780208000000000000000000000000000000000000000000000000F9
:20282000000000000000000000000000000000000000000000000000000000000000000098
:20284000000000000000000000000000000000000000000000000000000000000000000078
:20286000000000000000000000000000000000000000000000000000000000000000000058
:20288000000000000000000000000000000000000000000000000000000000000000000038
:2028A000000000000000000000000000000000000000000000000000000000000000000018
:2028C00000000000000000000000000002322ECFE0BCE4B9FDC1F749B6CE00000003000009
:2028E00005BFD8D6C6D7D600000000100000010000000100010020000878020806B5E7C1D3
:20290000F7000000000000220A000F27F40164005F0041000000000007CAB1BCE400000043
:20292000000000220000E80300005802580253000000000000000000000000000000000083
:20294000000000000000000000000000000000000000000000000000000000000000000077
:20296000000000000000000000000000000000000000000000000000000000000000000057
:20298000000000000000000000000000000000000000000000000000000000000000000037
:2029A000000000000000000000000000000000000000000000000000000000000000000017
:2029C0000000000000000000000000000000000000000000000000000000000000000000F7
:2029E0000000000000000000000000000000000000000000000000000000000000000000D7
:202A00000000000000000000000000000000000000000000000000000000000000000000B6
:202A20000000000000000000000000000000000003332ECFE0BCE4B9FDC1F74949B6CE005F
:202A40000003000008BFD8D6C6D7D6000000001000000100000001000100200008780208CE
:202A600009B5E7C1F7000000000000220A000F27F40164005F004100000000000ACAB1BC5D
:202A8000E40000000000002200000F2764005802580253000000000000000000000000008F
:202AA000000000000000000000000000000000000000000000000000000000000000000016
:202AC0000000000000000000000000000000000000000000000000000000000000000000F6
:202AE0000000000000000000000000000000000000000000000000000000000000000000D6
:202B00000000000000000000000000000000000000000000000000000000000000000000B5
:202B2000000000000000000000000000000000000000000000000000000000000000000095
:202B4000000000000000000000000000000000000000000000000000000000000000000075
:202B6000000000000000000000000000000000000000000000000000000000000000000055
:202B8000000000000000000000000000000000000000000004342EB7B4CAB1CFDEB9FDC1C5
:202BA000F7000000000300000BBFD8D6C6D7D60000000010000003000000010001002000FB
:202BC0003C7502080CB5E7C1F7000000000000220A000F27F40164005F004100000000007F
:202BE0000DCAB1BCE40000000000002200000F2764005802580253000000000000000000EA
:202C00000000000000000000000000000000000000000000000000000000000000000000B4
:202C2000000000000000000000000000000000000000000000000000000000000000000094
:202C4000000000000000000000000000000000000000000000000000000000000000000074
:202C6000000000000000000000000000000000000000000000000000000000000000000054
:202C8000000000000000000000000000000000000000000000000000000000000000000034
:202CA000000000000000000000000000000000000000000000000000000000000000000014
:202CC0000000000000000000000000000000000000000000000000000000000000000000F4
:202CE00000000000000000000000000000000000000000000000000005352EB9FDB8BABA8A
:202D0000C9B1A3BBA4000000000300000EBFD8D6C6D7D60000000010000002000000010033
:202D200001002000087602080FB5E7C1F7000000000000220A000F27F40164005F0041002C
:202D40000000000010CAB1BCE40000000000003100000F2764005802580253000000000076
:202D6000000000000000000000000000000000000000000000000000000000000000000053
:202D8000000000000000000000000000000000000000000000000000000000000000000033
:202DA000000000000000000000000000000000000000000000000000000000000000000013
:202DC0000000000000000000000000000000000000000000000000000000000000000000F3
:202DE0000000000000000000000000000000000000000000000000000000000000000000D3
:202E00000000000000000000000000000000000000000000000000000000000000000000B2
:202E2000000000000000000000000000000000000000000000000000000000000000000092
:202E40000000000000000000000000000000000000000000000000000000000006362EB850
:202E6000DFD1B9B2E0C1E3D0F20000000003000011BFD8D6C6D7D6000000001000000200EB
:202E800000000100010020000876020812B5E7C1F7000000000000220A000F27F401640067
:202EA0005F0041000000000013CAB1BCE40000000000002200000F273200580258025300B3
:202EC0000000000000000000000000000000000000000000000000000000000000000000F2
:202EE0000000000000000000000000000000000000000000000000000000000000000000D2
:202F00000000000000000000000000000000000000000000000000000000000000000000B1
:202F2000000000000000000000000000000000000000000000000000000000000000000091
:202F4000000000000000000000000000000000000000000000000000000000000000000071
:202F6000000000000000000000000000000000000000000000000000000000000000000051
:202F8000000000000000000000000000000000000000000000000000000000000000000031
:202FA000000000000000000000000000000000000000000000000000000000000000000011
:202FC00007372ED6D8CDDFCBB9B1A3BBA40000000002000014BFD8D6C6D7D60000000010EE
:202FE0000000020000000100010020000876020815CAB1BCE40000000000002200000F279D
:20300000640058025802530000000000000000000000000000000000000000000000000045
:20302000000000000000000000000000000000000000000000000000000000000000000090
:20304000000000000000000000000000000000000000000000000000000000000000000070
:20306000000000000000000000000000000000000000000000000000000000000000000050
:20308000000000000000000000000000000000000000000000000000000000000000000030
:2030A000000000000000000000000000000000000000000000000000000000000000000010
:2030C0000000000000000000000000000000000000000000000000000000000000000000F0
:2030E0000000000000000000000000000000000000000000000000000000000000000000D0
:203100000000000000000000000000000000000000000000000000000000000000000000AF
:203120000000000008382EC7E1CDDFCBB9B1A3BBA40000000002000016BFD8D6C6D7D6009E
:20314000000000100000020000000100010020000876020817CAB1BCE4000000000000225F
:2031600000000F2764005802580253000000000000000000000000000000000000000000AE
:2031800000000000000000000000000000000000000000000000000000000000000000002F
:2031A00000000000000000000000000000000000000000000000000000000000000000000F
:2031C0000000000000000000000000000000000000000000000000000000000000000000EF
:2031E0000000000000000000000000000000000000000000000000000000000000000000CF
:203200000000000000000000000000000000000000000000000000000000000000000000AE
:2032200000000000000000000000000000000000000000000000000000000000000000008E
:2032400000000000000000000000000000000000000000000000000000000000000000006E
:2032600000000000000000000000000000000000000000000000000000000000000000004E
:20328000000000000000000009392EB3ACB8DFCEC2B1A3BBA40000000002000018BFD8D6FE
:2032A000C6D7D600000000100000020000000100010020000876020819CAB1BCE4000000AB
:2032C0000000002200000F276400580258025300000000000000000000000000000000002B
:2032E0000000000000000000000000000000000000000000000000000000000000000000CE
:203300000000000000000000000000000000000000000000000000000000000000000000AD
:2033200000000000000000000000000000000000000000000000000000000000000000008D
:2033400000000000000000000000000000000000000000000000000000000000000000006D
:2033600000000000000000000000000000000000000000000000000000000000000000004D
:2033800000000000000000000000000000000000000000000000000000000000000000002D
:2033A00000000000000000000000000000000000000000000000000000000000000000000D
:2033C0000000000000000000000000000000000000000000000000000000000000000000ED
:2033E0000000000000000000000000000A31302ECEC2B6C8B8DFB1A3BBA4000000020000DA
:203400001ABFD8D6C6D7D60000000010000002000000010001002000087602081BCAB1BCA4
:20342000E40000000000002200000F276400580258025300000000000000000000000000E5
:2034400000000000000000000000000000000000000000000000000000000000000000006C
:2034600000000000000000000000000000000000000000000000000000000000000000004C
:2034800000000000000000000000000000000000000000000000000000000000000000002C
:2034A00000000000000000000000000000000000000000000000000000000000000000000C
:2034C0000000000000000000000000000000000000000000000000000000000000000000EC
:2034E0000000000000000000000000000000000000000000000000000000000000000000CC
:203500000000000000000000000000000000000000000000000000000000000000000000AB
:2035200000000000000000000000000000000000000000000000000000000000000000008B
:20354000000000000000000000000000000000000B31312EB5CDB5E7D1B9B1A3BBA4000075
:20356000000300001CBFD8D6C6D7D600000000100000030000000100010020006075020838
:203580001DB5E7D1B900000000000032E8031027401F64005F005600000000001ECAB1BCC7
:2035A000E40000000000002205000F2764005802580253000000000000000000000000005F
:2035C0000000000000000000000000000000000000000000000000000000000000000000EB
:2035E0000000000000000000000000000000000000000000000000000000000000000000CB
:203600000000000000000000000000000000000000000000000000000000000000000000AA
:2036200000000000000000000000000000000000000000000000000000000000000000008A
:2036400000000000000000000000000000000000000000000000000000000000000000006A
:2036600000000000000000000000000000000000000000000000000000000000000000004A
:2036800000000000000000000000000000000000000000000000000000000000000000002A
:2036A000000000000000000000000000000000000000000080B500F00EFC012804D000F0EE
:2036C0009FFB012000F0A7FB0020DFF8D015087000F099F872B600F0D8F80020DFF8C01514
:2036E00008700020DFF8BC1508700020DFF8B81508800020DFF8B415088000F0FFF862B67F
:20370000E9F728F9F5F7A4FCE9F735F9DFF8A0050088B0F5FA7F04DADFF8980500780128F9
:203720000AD10020DFF888150880DFF88C050088002801D1E0F751FDE9F71DF9E3F7ACF90E
:20374000ECF7A2F900F000FAE9F715F9DFF86C050088C82805DB0020DFF860150880EFF799
:20376000DBFBE9F708F900F08AFADFF854050078002807D0DFF84C05ECF70EFE0020DFF869
:2037800040150870DFF840058088AA2815D1DFF83805808A552810D1DFF830050078C007B9
:2037A00005D58021DFF82805F0F7C1FBF4E78021DFF81C05F0F7BEFBEEE7DFF81805008882
:2037C000401CDFF810150880E9F7D5F8DFF80405008848F6B801884204D18021DFF8F004F2
:2037E000F0F7A5FBDFF8EC0400884FF6E851884288D10020DFF8DC1408808021DFF8D00497
:20380000F0F798FB7EE780B501210120F2F7AEFC01210220F2F7AAFC01214FF48040F2F7DD
:20382000A5FC01214FF40040F2F7A0FC01214FF48040F2F78CFC01210420F2F788FC012152
:203840000820F2F784FC01211020F2F780FC01212020F2F77CFC01214020F2F778FC01215C
:203860000120F2F765FC01210220F2F761FC4FF40040F2F7B3FB01214FF40640F2F767FC42
:2038800001210120F2F763FC01BD80B54FF480415FF0006000F0A6FB4FF4407000F068FB20
:2038A0001C208DF8000000208DF8010000208DF8020001208DF80300684600F05EFB1D201D
:2038C0008DF8000003208DF8010001208DF8020001208DF80300684600F04FFB25208DF8B7
:2038E000000002208DF8010000208DF8020001208DF80300684600F040FB01BD10B5012152
:203900005FF00070F0F71CFBE7F7EAFEEFF77CFF4AF2A550DFF8C01308800120EBF707FB5B
:20392000EBF759F9E8F78CF9E9F784F9E8F7DFFDE9F728F8E9F77EF80020EBF7F8FAE9F7AD
:203940006AF900F050F900F058F9E9F79FF9E9F7BAF9ECF79DF8E8F75DF9E9F76BF9DFF8B7
:203960007C03C07800283AD1DFF87403DFF874130860DFF874030078DFF870130870DFF8DA
:203980007003DFF870130860DFF86C030078DFF86C130870DFF86803DFF868130860DFF893
:2039A00068030078DFF864130870DFF86403DFF8641308602D20DFF860130870DFF85C0325
:2039C000DFF85C130860DFF85C030078DFF858130870DFF85803DFF85813086086E0DFF8B8
:2039E000FC02C07801282FD1DFF84803BD490860DFF844030078BD490870DFF84003BD49A4
:203A00000860DFF83C030078BC490870DFF83403BC490860DFF830030078BC490870DFF8E2
:203A20002C03BC4908601F20BB490870DFF82003BB490860DFF81C030078BB490870DFF808
:203A40001803BB49086051E0A448C078022825D1C248A4490860C2480078A4490870C1481B
:203A6000A4490860C0480078A4490870BF48A5490860BF480078A5490870BE48A54908606E
:203A80002A20A5490870BC48A5490860BB480078A5490870BA48A649086027E000208F49E3
:203AA000C8708F488F4908608F4800788F4908708F489049086090480078904908709B487C
:203AC0009B4908608E488F4908608F4800788F4908708F488F4908602D208F4908708F485A
:203AE0008F4908608F4800788F4908707B48C078EBF7D3FC7948C078801CEBF718FA08208A
:203B0000EBF715FA0920EBF712FA9E4800680400200E9D4908809C480088210A11F47F4153
:203B20000843994908800E20E7F755FFE8F7FDFD9648974908600022964841799648ECF7F6
:203B400051FDF9F71DF910BD80B594480068C00103D50A20E7F73FFF02E00A20E7F7B8FF4B
:203B60008E480068000203D50920E7F734FF02E00920E7F7ADFF8A480088002832D1894808
:203B80000088002807D188480088002803D187480068002803D00320E7F71DFF02E00320F5
:203BA000E7F796FF7F48008800280ED00120E7F78FFF0220E7F78CFF0520E7F789FF062074
:203BC000E7F786FF0720E7F783FF7948007879494978884206D07748EBF7FEFE754840788D
:203BE0007349087001BD80B50020734908804FF4C0517248E9F75CFE01BD002070490880D3
:203C000000207049087000206F49087000206F49088000206E49087000202C490880002017
:203C20006C49087000206C49087000206B49087000206B49088000205A4908800020694945
:203C400008805A20684981F82F000020674908800020674908804AF2A5501F490880022016
:203C60006449087000206449087000206249487000206149887000205F49C870704780B5A9
:203C80005E480088062807DB00205C4908804148C0780328F9F785F801BD00006E6E002086
:203CA000636E0020626E0020D46D00200C6E0020F46D0020586D0020006E00200A6E00209C
:203CC0006C6E0020786C0020D06A0020F26D002000180140266E0020EC6D0020606C00209B
:203CE000B84B0208246D00205F4901085D6E0020BC650208286D0020CA9301085E6E002038
:203D0000106E02082C6D00209A4801085F6E00201A6B0020306D0020606E002078000208B8
:203D2000386D00206BFA0008616E002020000020346D0020B8500208EA5A0108AC660208E6
:203D4000CB930108E87002089B480108626B002068270208CE0401082C000020B8550208EA
:203D6000EB5A01089C670208CE930108AC6E02085E490108926B0020F0130208CF040108A4
:203D800038000020FCFF0308086E002020790208786D0020346C0020003801409C6C002026
:203DA000F66D0020FC6D0020FE6D0020486D0020776E0020546D0020FA6D00208019002071
:203DC000E46D0020646E0020656E0020E86D0020666E0020676E0020686E0020696E002042
:203DE000E66D0020F86D0020586A0020F06D0020EE6D0020716E0020706C0020DE6D00208B
:203E0000DFF84C01DFF84C110860DFF84C01DFF844110860704738B5040004255FF080503A
:203E200000F07FF805006DB2042D51D1DFF82001DFF82C110860DFF82001DFF824110860C4
:203E4000DFF81801006850F02000DFF810110860DFF80801006850F04000404908605FF042
:203E6000805000F05EF805006DB2042D26D13B48006841F6DF710840384908603748006856
:203E800050F010003549086064B2002C03D000203449088002E0A520324908805FF08050E9
:203EA00000F03FF805006DB2052D11D02B48006841F6EF7108402949086009E06DB2052DD6
:203EC00006D02648006841F6DF71084023490860280040B232BD002023490968890702D526
:203EE0000121080001E00021080040B2704704201E490968C90702D5012108000FE01B49C5
:203F00000968490702D50221080008E017490968C90602D50321080001E00421080040B253
:203F2000704738B504000425FFF7E1FF05006DB2012D06D1002C04D0FFF7D9FF0500641E5C
:203F4000F5E7002C01D105200500280040B232BD2301674504200240AB89EFCD10200240BC
:203F60000820024000F8FF1F1C2002400C2002401F4901431F4A1160704770B40023002130
:203F80000F2290F90340002C20D01A4C246814F4E064D4F5E064240A2300D3F1040421007F
:203FA000DA4044788C4023008478144023431B01114C057863550124057815F01F05AC4021
:203FC0000E4D0678761145F8264009E00124057815F01F05AC400A4D0678761145F826403F
:203FE00070BC7047074A0A400243074B1A6070470000FA050CED00E000E400E000E100E01E
:2040000080E100E080FFFF1F08ED00E000000000000000000000000000000000000000F8F5
:2040200000000000000000330000000000100C02100C020000000000000000000040C07899
:2040400040C0780000043F04043F040000708888FC08300000182020FF211E00F008F080A8
:204060006018000000310C031E211E0000F00888700000001E21232C1927211000120E001C
:20408000000000000000000000000000000000E01804020000000007182040000002041885
:2040A000E00000000040201807000000404080F0804040000202010F010202000000000098
:2040C000E0000000000101010F0101010000000000000000009070000000000000000000EB
:2040E00000000000000101010101010000000000000000000030300000000000000000005A
:20410000C0380400006018070000000000E010080810E000000F102020100F000000101096
:20412000F8000000000020203F202000007008080808F00000302824222130000030080819
:20414000088870000018202121221C000000804030F8000000060524243F242400F88888DD
:20416000880808000019202020110E0000E0108888900000000F112020201F0000180808B8
:20418000886818000000003E010000000070880808887000001C222121221C0000F008081A
:2041A0000810E0000001122222110F00000000C0C000000000000030300000000000008030
:2041C00000000000000000E000000000000080402010080000010204081020000040404008
:2041E0004040400000020202020202000008102040800000002010080402010000704808FC
:20420000088870000000003037000000000018242418000000000000000000000000C038C7
:20422000E0000000203C23020227382008F8888888700000203F202020110E00C0300808B6
:2042400008083800071820202010080008F808080810E000203F202020100F0008F8888889
:20426000E8081000203F20202320180008F88888E8081000203F200003000000C0300808B2
:204280000838000007182020221E020008F808000008F808203F210101213F20000808F823
:2042A000080800000020203F2020000000000808F8080800C08080807F00000008F888C010
:2042C00028180800203F20012638200008F8080000000000203F20202020300008F8F80089
:2042E000F8F80800203F013E013F200008F830C00008F808203F200007183F00E0100808F3
:204300000810E0000F10202020100F0008F808080808F000203F210101010000E010080874
:204320000810E0000F10282830504F0008F8888888887000203F2000030C302000708808D9
:20434000080838000038202121221C00180808F8080818000000203F2000000008F808006E
:204360000008F808001F202020201F000878880000C83808000007380E01000008F800F821
:2043800000F8080000033E013E030000081868808068180820302C03032C30200838C80084
:2043A000C83808000000203F2000000010080808C83808002038262120201800000000FE51
:2043C000020202000000007F40404000000438C000000000000000010638C0000002020297
:2043E000FE000000004040407F000000F00C04040CF000000F080808080F00000000000042
:20440000000000008080808080808080F0FCFCFCFCF000000F0F0F0F0F0F00000000808072
:204420008000000000192424123F200010F0008080000000003F112020110E0000000080FB
:2044400080800000000E112020201100000080808090F000001F202020103F2000008080DE
:2044600080800000001F242424241700008080E0909020000020203F202000000000808097
:2044800080808000006B94949493600010F0008080800000203F210000203F200080989853
:2044A000000000000020203F20200000000000809898000000C08080807F000010F00000CE
:2044C00080808000203F240629302000001010F8000000000020203F202000008080808083
:2044E00080808000203F20003F20003F8080008080800000203F210000203F2000008080A0
:2045000080800000001F202020201F00808000808000000080FF912020110E0000000080EE
:2045200080008000000E11202091FF80808080008080800020203F2120000100000080804B
:20454000808080000033242424241900008080E0808000000000001F2020100080800000B0
:2045600000808000001F202020103F20808080008080800000030C300C030000808000807F
:2045800080008080010E300C0738060100808080008080000020310E2E312000808080002C
:2045A00000808080008186781806010000808080808080000021302C2221300000000000ED
:2045C00000FC020200000000013E404000000000FF00000000000000FF0000000202FC001E
:2045E0000000000040403E01000000000002010202040200000000000000000000000000EF
:2046000000000000000000000000000010B5DFF8D8040088401CDFF8D0140880DFF8C80458
:204620000088B0F57A7F5BDB0020DFF8BC140880DFF8B4048078E9F7B1FB0400641C200018
:20464000C0B2E9F76FF9DFF8A0148870DFF898048078602803DB0020DFF88C148870DFF8E6
:204660008804807800281AD1DFF87C04C078E9F795FB0400641C0120DFF87014087020000C
:20468000C0B2E9F74FF9DFF86014C870DFF85804C078602803DB0020DFF84C14C870DFF8C6
:2046A0004804C07800281BD1DFF83C048078002816D1DFF834040079E9F770FB0400641CED
:2046C0002000C0B2E9F72EF9DFF81C140871DFF818040079242803DB0020DFF80C1408719B
:2046E00010BD30B4020000230024002000252C0000252B0089B28B4204D232F81350641917
:204700005B1CF7E7E4102500B5F50065280000B230BC704710B500200400082C74DADFF85D
:20472000D003006850F40210DFF8C4130860DFF8C403006850F40210DFF8B8130860DFF895
:20474000B803006850F40210DFF8AC130860DFF8AC0300684007FAD5DFF8A40300684007B1
:20476000FAD5DFF8A00300684007FAD5DFF898030068DFF8981321F81400DFF89403006813
:20478000DFF8881301EB44010882DFF888030068DFF8781301EB44010884DFF87C03006845
:2047A000DFF8681301EB44010886DFF870030068DFF8581301EB4401A1F84000DFF86003B0
:2047C0000068DFF8481301EB4401A1F85000DFF854030068DFF8341301EB4401A1F8600047
:2047E000DFF844030068DFF8241301EB4401A1F87000DFF838030068DFF8101301EB440146
:20480000A1F88000641C88E70821DFF82403FFF768FFDFF82013DFF82023B2F9002001EB31
:204820004201A1F800060821DFF81003FFF759FFDFF80013DFF80023B2F9002001EB420157
:20484000A1F800080821BE48FFF74BFFB949BA4AB2F9002001EB4201A1F8000A0821B9487B
:20486000FFF73FFFB349B44AB2F9002001EB4201A1F8000C0821B448FFF733FFAD49AE4A30
:20488000B2F9002001EB4201A1F8000E0821AF48FFF727FFA749A84AB2F9002001EB42015F
:2048A0004FF48052885208219848FFF71AFFA149A14AB2F9002021F812000821A448FFF71B
:2048C00010FF9C499C4AB2F9002001EB4201A1F8000208219F48FFF704FF9649964AB2F9F6
:2048E000002001EB4201A1F8000493480088401C914908809048B0F90000FF2805DD002001
:204900008D49088000209449088010BD10B593480078401C91490870FFF7FCFE8F480078E2
:20492000C0077CD5FFF772FE8D480068401C8C4908608C480078401C8A4908708A480088D6
:20494000401C8949088089480088401C8749088087480088002804D085480088401E8449C1
:20496000088000200400E4B2002C0AD18148E4B230F81400401C7F49E4B221F81400641CEC
:20498000F1E7F2F7EFFBE7F7A8F97B480088002822D17A484078800606D57948006850F43F
:2049A00000007749086005E07548006830F400007349086071484078C00606D5704800684B
:2049C00050F080706E4908602BE06D48006830F080706B49086024E068484078400706D5A6
:2049E0006748006850F080706549086005E06448006830F0807062490860604840780007D7
:204A000006D55F48006850F400005D49086008E05B48006830F400005949086001E0E9F778
:204A2000BFFA10BD80B5F3F761F956480078401C5449087053480078022854DB00205149CA
:204A4000087000205049087050480078401C4F490870414800884AF2A551884243D0E7F733
:204A6000F0F8F1F733FC4A494A48E8F701FF4A494A48E8F7FDFE45480078642833DB484805
:204A80000088401C4649088000204049087045480078002804D043480078401E4149087096
:204AA00041480078002804D03F480078401E3E4908703E480078002804D03C480078401E49
:204AC0003A4908703A48007800280CD038480078401E3749087036480078002803D14AF261
:204AE0005A503449088001BD786C00206C6E00200824014008280140083C01400024014083
:204B000000280140003C01403C2401406C64002040240140442401403C2801404028014082
:204B2000442801403C3C0140403C0140443C01409C64002080190020FA6D0020AC64002001
:204B4000BC640020CC640020DC640020EC6400207C6400208C640020EC6D0020896E002055
:204B6000406D00208A6E0020F46D00200A6E0020F66D0020DE6D0020166E0020D06B00204A
:204B80009C6C0020656E00206F6E0020646E002083900108E86D00207FC90008EA6D0020B3
:204BA000F26D0020666E0020676E0020686E0020736E0020E865002040B1A3BBA4C6F4B6C6
:204BC000AF202020200000000040000041B9FDC1F749B6CEB6AFD7F700000000004101076E
:204BE00042B9FDC1F74949B6CEB6AFD7F70000000042010743B9FDC1F7494949B6CEB6AFFD
:204C0000D7F700000043010744C1E3C1F749B6CEB6AFD7F7000000000044010D45C1E3C1DF
:204C2000F74949B6CEB6AFD7F70000000045010D46B5E7C1F7BCD3CBD9B6AFD7F7000000E1
:204C40000046010747B9FDB5E7D1B9B6AFD7F700000000000047011148B5CDB5E7D1B9B6B1
:204C6000AFD7F700000000000048011149D6D8BACFD5A2B6AFD7F7202000000000490007A3
:204C80004AB5E7C1F7B7B4CAB1CFDEB6AFD7F700004A01144BB3E4B5E7B1A3BBA4B6AFD7E4
:204CA000F7000000004B01074CB5CDC6B5B1A3BBA4B6AFD7F7000000004C010E4DB9FDB865
:204CC000BABAC9B6AFD7F70000000000004D01074ECAA7D1B9B1A3BBA4B6AFD7F7000000E0
:204CE000004E01114FB1B8D3C32020202020202000000000004F000050B1B8D3C320202028
:204D000020202020000000000050000051B1B8D3C320202020202020000000000051000042
:204D200052B1B8D3C320202020202020000000000052000053B1B8D3C320202020202020BE
:204D4000000000000053000054B1B8D3C320202020202020000000000054000055B1B8D3E8
:204D6000C320202020202020000000000055000056B1B8D3C3202020202020200000000006
:204D80000056000057B1B8D3C320202020202020000000000057000058B1B8D3C320202079
:204DA00020202020000000000058000059B1B8D3C32020202020202000000000005900008A
:204DC0005AB1B8D3C32020202020202000000000005A00005BB1B8D3C32020202020202006
:204DE00000000000005B00005CB1B8D3C32020202020202000000000005C00005DB1B8D328
:204E0000C32020202020202000000000005D00005EB1B8D3C3202020202020200000000055
:204E2000005E00005FCAC2B9CAD7DCD0C5BAC52020000000005F000060B4E6B4A2C6F7B380
:204E4000F6B4ED20200000000060000061B6A8D6B5D0A3D1E9B3F6B4ED00000000610000F9
:204E6000624144BCECB2E2B3F6B4ED20000000000062000063B1B8D3C32020202020202001
:204E8000200000000063000064B1B8D3C320202020202020200000000064000065B5CDC61B
:204EA000B5B1A3BBA4B8E6BEAF0000000065000066B9FDB8BABAC9B8E6BEAF2020000000BE
:204EC000006600006754574AD2ECB3A3202020202000000000670000685054B6CFCFDFB8FE
:204EE000E6BEAF20200000000068000069B5AFBBC9CEB4B4A2C4DC20200000000069000045
:204F00006ABFD8D6C6BBD8C2B7B6CFCFDF000000006A00006BB9FDB5E7D1B9B8E6BEAF20D9
:204F200020000000006B00006CB5CDB5E7D1B9B8E6BEAF2020000000006C00006DC1E3C149
:204F4000F749B6CEB8E6BEAF00000000006D00006EC1E3C1F74949B6CEB8E6BEAF0000002A
:204F6000006E00006FB1B8D3C32020202020202020000000006F000070B1B8D3C320202017
:204F800020202020200000000070000071B1B8D3C320202020202020200000000071000020
:204FA00072B1B8D3C320202020202020200000000072000073B1B8D3C320202020202020BC
:204FC000200000000073000074B1B8D3C320202020202020200000000074000075B1B8D3A6
:204FE000C320202020202020200000000075000076B1B8D3C3202020202020202000000004
:205000000076000077B1B8D3C320202020202020200000000077000078B1B8D3C320202056
:2050200020202020200000000078000079B1B8D3C320202020202020200000000079000067
:205040007AB1B8D3C32020202020202020000000007A00007BB1B8D3C32020202020202003
:2050600020000000007B00007CB1B8D3C32020202020202020000000007C00007DB1B8D3E5
:20508000C32020202020202020000000007D00007EB1B8D3C3202020202020202000000053
:2050A000007E00007FB8E6BEAFD7DCD0C5BAC52020000000007F000040B1A3BBA4C6F4B6FF
:2050C000AF202020200000000040000041B9FDC1F749B6CEB6AFD7F7200000000041010749
:2050E00042B9FDC1F74949B6CEB6AFD7F70000000042010743B7B4CAB1CFDEB6AFD7F72044
:20510000200000000043011444B9FDB8BABAC9B6AFD7F720200000000044010745B8DFB2DB
:20512000E0C1E3D0F2B6AFD7F70000000045011A46B1B8D3C3202020202020202000000051
:205140000046011947D6D8CDDFCBB9B6AFD7F720200000000047000048C7E1CDDFCBB9B63A
:20516000AFD7F720200000000048000049B3ACB8DFCEC2B6AFD7F72020000000004900009F
:205180004ACEC2B6C8B8DFB6AFD7F72020000000004A00004BB5CDB5E7D1B9B6AFD7F7003D
:2051A00000000000004B01114CCAA7D1B9B1A3BBA4B6AFD7F7000000004C01114DB1B8D37E
:2051C000C32020202020202000000000004D00004EB1B8D3C32020202020202000000000B2
:2051E000004E00004FB1B8D3C32020202020202000000000004F000050B1B8D3C320202035
:2052000020202020000000000050000051B1B8D3C32020202020202000000000005100003D
:2052200052B1B8D3C320202020202020000000000052000053B1B8D3C320202020202020B9
:20524000000000000053000054B1B8D3C320202020202020000000000054000055B1B8D3E3
:20526000C320202020202020000000000055000056B1B8D3C3202020202020200000000001
:205280000056000057B1B8D3C320202020202020000000000057000058B1B8D3C320202074
:2052A00020202020000000000058000059B1B8D3C320202020202020000000000059000085
:2052C0005AB1B8D3C32020202020202000000000005A00005BB1B8D3C32020202020202001
:2052E00000000000005B00005CB1B8D3C32020202020202000000000005C00005DB1B8D323
:20530000C32020202020202000000000005D00005EB1B8D3C3202020202020200000000050
:20532000005E00005FCAC2B9CAD7DCD0C5BAC52020000000005F000060B4E6B4A2C6F7B37B
:20534000F6B4ED20200000000060000061B6A8D6B5D0A3D1E9B3F6B4ED00000000610000F4
:2053600062414431BCECB2E2B3F6B4ED200000000062000063B5CDB5E7D1B9B8E6BEAF20D7
:20538000000000000063000064D6D8CDDFCBB9B8E6BEAF20200000000064000065C7E1CDDF
:2053A000DFCBB9B8E6BEAF20200000000065000066B3ACB8DFCEC2B8E6BEAF2020000000A3
:2053C0000066000067CEC2B6C8B8DFB8E6BEAF2020000000006700006854574AD2ECB3A338
:2053E000202020202000000000680000695054B6CFCFDFB8E6BEAF202000000000690000B1
:205400006AB5AFBBC9CEB4B4A2C4DC2020000000006A00006BBFD8D6C6BBD8C2B7B6CFCF1A
:20542000DF000000006B00006CB9FDB8BABAC9B8E6BEAF2020000000006C00006DB8DFB29E
:20544000E0C1E3D0F2B8E6BEAF000000006D00006EB1B8D3C3202020202020202000000021
:20546000006E00006FB1B8D3C32020202020202020000000006F000070B1B8D3C320202012
:2054800020202020200000000070000071B1B8D3C32020202020202020000000007100001B
:2054A00072B1B8D3C320202020202020200000000072000073B1B8D3C320202020202020B7
:2054C000200000000073000074B1B8D3C320202020202020200000000074000075B1B8D3A1
:2054E000C320202020202020200000000075000076B1B8D3C32020202020202020000000FF
:205500000076000077B1B8D3C320202020202020200000000077000078B1B8D3C320202051
:2055200020202020200000000078000079B1B8D3C320202020202020200000000079000062
:205540007AB1B8D3C32020202020202020000000007A00007BB1B8D3C320202020202020FE
:2055600020000000007B00007CB1B8D3C32020202020202020000000007C00007DB1B8D3E0
:20558000C32020202020202020000000007D00007EB1B8D3C320202020202020200000004E
:2055A000007E00007FB8E6BEAFD7DCD0C5BAC52020000000007F000040B1A3BBA4C6F4B6FA
:2055C000AF202020200000000040000041B5E7C1F7CBD9B6CFB6AFD7F70000000041010722
:2055E00042CFE0BCE4B9FDC1F7B6AFD7F70000000042010743B8BAD0F2B5E7C1F7B6AFD728
:20560000F70000000043011244B7B4CAB1CFDEB6AFD7F720200000000044011445B5E7BBFE
:20562000FAB6C2D7AAB6AFD7F70000000045010746B9FDB8BABAC9B6AFD7F7202000000093
:205640000046010747C1E3D0F2B5E7C1F7B6AFD7F70000000047010D48B9FDB5E7D1B9B699
:20566000AFD7F720200000000048011149C7B7B5E7D1B9B6AFD7F720200000000049011158
:205680004AB3A4C6F4B6AFB6AFD7F72020000000004A012D4BB1BECCE5B1A3BBA4312020D0
:2056A00020000000004B00004CB1BECCE5B1A3BBA432202020000000004C00004DB1BECCFA
:2056C000E5B1A3BBA433202020000000004D00004EB1B8D3C3202020202020200000000025
:2056E000004E00004FB1B8D3C32020202020202000000000004F000050B1B8D3C320202030
:2057000020202020000000000050000051B1B8D3C320202020202020000000000051000038
:2057200052B1B8D3C320202020202020000000000052000053B1B8D3C320202020202020B4
:20574000000000000053000054B1B8D3C320202020202020000000000054000055B1B8D3DE
:20576000C320202020202020000000000055000056B1B8D3C32020202020202000000000FC
:205780000056000057B1B8D3C320202020202020000000000057000058B1B8D3C32020206F
:2057A00020202020000000000058000059B1B8D3C320202020202020000000000059000080
:2057C0005AB1B8D3C32020202020202000000000005A00005BB1B8D3C320202020202020FC
:2057E00000000000005B00005CB1B8D3C32020202020202000000000005C00005DB1B8D31E
:20580000C32020202020202000000000005D00005EB1B8D3C320202020202020000000004B
:20582000005E00005FCAC2B9CAD7DCD0C5BAC52020000000005F000060B4E6B4A2C6F7B376
:20584000F6B4ED20200000000060000061B6A8D6B5D0A3D1E9B3F6B4ED00000000610000EF
:2058600062414431BCECB2E2B3F6B4ED200000000062000063B1B8D3C320202020202020C6
:20588000200000000063000064B1BECCE5B1A3BBA431B8E6BEAF00000064000065B1BECC0E
:2058A000E5B1A3BBA432B8E6BEAF00000065000066B1BECCE5B1A3BBA433B8E6BEAF000037
:2058C0000066000067B9FDB5E7D1B9B8E6BEAF20202000000067000068C7B7B5E7D1B9B889
:2058E000E6BEAF2020200000006800006954574AD2ECB3A3202020202020000000690000F2
:205900006A5054B6CFCFDFB8E6BEAF2020200000006A00006BB5AFBBC9CEB4B4A2C4DC2086
:2059200020200000006B00006CBFD8D6C6BBD8C2B7B6CFCFDF200000006C00006DB9FDB877
:20594000BABAC9B8E6BEAF2020200000006D00006EC1E3D0F2B5E7C1F7B8E6BEAF200000DF
:20596000006E00006FB1B8D3C32020202020202020000000006F000070B1B8D3C32020200D
:2059800020202020200000000070000071B1B8D3C320202020202020200000000071000016
:2059A00072B1B8D3C320202020202020200000000072000073B1B8D3C320202020202020B2
:2059C000200000000073000074B1B8D3C320202020202020200000000074000075B1B8D39C
:2059E000C320202020202020200000000075000076B1B8D3C32020202020202020000000FA
:205A00000076000077B1B8D3C320202020202020200000000077000078B1B8D3C32020204C
:205A200020202020200000000078000079B1B8D3C32020202020202020000000007900005D
:205A40007AB1B8D3C32020202020202020000000007A00007BB1B8D3C320202020202020F9
:205A600020000000007B00007CB1B8D3C32020202020202020000000007C00007DB1B8D3DB
:205A8000C32020202020202020000000007D00007EB1B8D3C3202020202020202000000049
:205AA000007E00007FB8E6BEAFD7DCD0C5BAC52020000000007F0000C8B6D6B7A6B7DFCF42
:205AC000B7C2A3B1A4BBE2B2D8BFB0D7C3D6E4B1B9D1F7C6E7B5AFB6FABBEAC4C2D4D5C8DC
:205AE000E6B0BEB1C5BACBCDF6B3F8CCA2D5E6B8AFBEB6CDEBC8A5B5BFB4FDB9F7C1D5B1A4
:205B0000F8CBBDB7F2CFD9B2F7D7E5B0AABFCFB6C5B7BBD2E3B0C7B7A3B3ABBCCBB6CDB5D7
:205B2000A7CACEB2FDCAD8BBC8B1CEB4B5D6CFBABBCEB4D4E0CFE4BCCEB6C6D6D6D7B1CA63
:205B4000B4B7DECFBAB8C9BAD8D6D3D1D3BCD9CBE4B3E3C1F2D0B5C6CAC2DFB8E0B2DFCDDA
:205B6000B9CBE1C7ACB3C2CEEEB6A8B6F4C6A4B3C2B6AAD7B7C7E5CCC2CACAB9DCD7C5D078
:205B8000E6B4A2B4EDB4A3D0E9D1ECBCECD2AFB5C9BBB4CEDCC4B8B1C3D3B6D4CDBED8B536
:205BA000D6CAD3BDE3B5DABFA3D2B3B1E2B9B8C4AAC1B0BCD4D7A6B9D0D3DECEFEB6FDC8EB
:205BC000D8B9DCB0F8BDDAC4D6BBB4B8DFC2ADBCB6B5DDC8BBB2BDC6E2BACCBFD4CFBECAFC
:205BE000B7D7E4D2E8C9A8CDB6D1D4CAA2CFE9B2B4BFBFC1AFC6C0B5F9B7C7BDD9B8B5B7FC
:205C0000C7BCBCC2BEC9FDB3FEBCF5CCEBC7E4CAA2B7FAC9FBCFB4D7ACCCD4B6FBD5D0C797
:205C2000BBBBF8C7CCB9AFBBC9B3C1B6A1C8DCC3EBC2FBC3C6B3B5CFB3CDD3D6BCD7BAD295
:205C4000A7BEA7B3EBC3C1BAF8CDB7D6F3CEE6B9BCD4CFC9CDCBCFC4C2D0B1D6CDD0EFD3DF
:205C6000D4D1D0D6C4CED1B7A7D0D1D2C9BDDAC6ABBDA1BEECBFCBD4D0D0F5B3BCCAC7CA0F
:205C8000F1B7F7D6CBB2FCBCA8BFA1D7B7C8CFC8D2D3C2CFF3D7E9B9DED0C4B8FAB4F9BB37
:205CA000E0C0F1CED8B1B4B0C9BFD4D2F7B5DABDA2B2CCBCEDC8B1C8A1CA000000000000B2
:205CC0000000000000000000000000000000000000000000000000000000000000000000C4
:205CE0000000000000000000000000000000000000000000000000000000000000000000A4
:205D0000000000000000000000000000000000000000000000000000000000000000000083
:205D2000000000000000000000000000000000000000000000000000000000000000000063
:205D4000000000000000000000000000000000000000000000000000000000000000000043
:205D6000000000000000000000000000000000000000000000000000000000000000000023
:205D8000000000000000000000000000000000000000000000000000000000000000000003
:205DA0000000000000000000000000000000000000000000000000000000000000000000E3
:205DC00000000000000000000000000000000000000000000000000070477047704780B569
:205DE000012000F064F900280AD0012000F07EF9012000F071F900F055F9002000F076F973
:205E000001BD704770477047704770477047704770477047704780B54FF40050EFF7B6FF3B
:205E200000280DD04FF40050EFF7C5FF00218B48EFF781FF012240F226618948F0F772F8C8
:205E400001BD70477047704770477047704780B501215FF08040EEF72AFB002806D00121AA
:205E60005FF08040EEF73CFBFEF750FD01BD80B501217C48EEF71BFB002805D00121794801
:205E8000EEF72EFBFEF7CEFD01BD70477047704770477047704710B57148008804002007FB
:205EA00004D57148008800F0FF00040020216C48F0F772F8002812D06948F0F769F801008B
:205EC000C9B20020EAF75CFB0020684908800A206749088040F225516148F0F76CF810BDCB
:205EE00010B5644800880400200704D56248008800F0FF00040020215E48F0F74DF8002845
:205F000012D05C48F0F744F80100C9B20020EAF737FB00205549088005205549088040F266
:205F200025515448F0F747F810BD10B5534800880400200704D55248008800F0FF0004005B
:205F400020214E48F0F728F8002812D04B48F0F71FF80100C9B20020EAF712FB0020434992
:205F6000088005204249088040F225514348F0F722F810BD10B5434800880400200704D584
:205F80004148008800F0FF00040020213D48F0F703F8002812D03B48EFF7FAFF0100C9B26D
:205FA0000020EAF7EDFA00203049088064203049088040F225513348EFF7FDFF10BD7047CA
:205FC00070477047704770477047704710B52F4800880400200704D52D48008800F0FF00C3
:205FE000040020212948EFF7D7FF002812D02748EFF7CEFF0100C9B20020EAF7C1FA0020AB
:206000001A49088005201A49088040F225511F48EFF7D1FF10BD10B51E4800880400200715
:2060200004D51D48008800F0FF00040020211948EFF7B2FF00280FD01648EFF7A9FF01007A
:20604000C9B20020EAF79CFA00200849088040F225511048EFF7AFFF10BD0000440002404E
:20606000003801400004004004380140DE6D0020E26D002000440040044400400048004078
:20608000044800400060014004600140004C0040044C004000500040045000407047704780
:2060A00070477047104800888006FBD57047010000200D4A12880A4010000A4A128892B2E7
:2060C0000A4205D040B2002802D00122100001E00022100040B27047034909888143024AD7
:2060E00011807047002800400428004040B201490860704720000E420000020007000900A7
:206100000B000D00100012001400160019001B001D001F0022002400260029002B002D00BE
:206120002F0032003400360039003B003D00400042004500470049004C004E00510053004E
:20614000560058005B005D0060006200650067006A006D006F007200750077007A007D00B0
:2061600080008200850088008B008E009100940097009A009D00A000A300A600A900AD00C5
:20618000B000B300B700BA00BD00C100C400C800CC00CF00D300D700DB00DF00E200E70059
:2061A000EB00EF00F300F700FC000001050109010E01130117011C01210126012C0131010E
:2061C00037013C01420148014E0154015A01600167016E0174017C0183018A0192019A0158
:2061E000A201AA01B301BB01C401CE01D701E101EC01F60101020D021902250232023F02E6
:206200004D025B026A027A028A029B02AD02BF02D302E702FD0214032C03450360037D0323
:206220009B03BB03DE0303042A0455048304B404EA0425056505AC05FA055006B1061E07F0
:2062400099072508C7088409630A6E0BB50C4D0E5A101513E716A31C30264A399772FF7F65
:2062600080B54E48006850F470004C4908604C48006850F001004A4908604A4800680020E8
:20628000484908604648006847490840444908604348006830F48020414908605FF41F0027
:2062A0004249086000F005F85FF000604049086001BD80B500F001F801BD82B000200190E1
:2062C000002000903648006850F48030344908603348006810F4003000900198401C019022
:2062E0000098002803D10198B0F5A06FF0D12C480068800302D50120009001E00020009084
:206300000098012847D12B48006850F010002949086028480068800880002649086025487B
:20632000006850F00200234908601E4800681D4908601C4800681B4908601A48006850F49D
:20634000806018490860174800681B490840154908601448006850F4E81012490860104840
:20636000006850F080700E4908600D4800688001FBD50C480068800880000A4908600948E8
:20638000006850F00200074908600648006810F00C000828F9D102B07047000088ED00E021
:2063A0000010024004100240FFFFF6FE0810024008ED00E000200240FFFFC09F00C18140D3
:2063C00001C0804101C0804100C1814001C0804100C1814000C1814001C0804101C08041AD
:2063E00000C1814000C1814001C0804100C1814001C0804101C0804100C1814001C080418D
:2064000000C1814000C1814001C0804100C1814001C0804101C0804100C1814000C181406C
:2064200001C0804101C0804100C1814001C0804100C1814000C1814001C0804101C080414C
:2064400000C1814000C1814001C0804100C1814001C0804101C0804100C1814000C181402C
:2064600001C0804101C0804100C1814001C0804100C1814000C1814001C0804100C181400C
:2064800001C0804101C0804100C1814001C0804100C1814000C1814001C0804101C08041EC
:2064A00000C1814000C1814001C0804100C1814001C0804101C0804100C1814000C0C101CC
:2064C000C30302C2C60607C705C5C404CC0C0DCD0FCFCE0E0ACACB0BC90908C8D81819D96C
:2064E0001BDBDA1A1EDEDF1FDD1D1CDC14D4D515D71716D6D21213D311D1D010F03031F14C
:2065000033F3F23236F6F737F53534F43CFCFD3DFF3F3EFEFA3A3BFB39F9F83828E8E929AB
:20652000EB2B2AEAEE2E2FEF2DEDEC2CE42425E527E7E62622E2E323E12120E0A06061A18B
:2065400063A3A26266A6A767A56564A46CACAD6DAF6F6EAEAA6A6BAB69A9A86878B8B979EB
:20656000BB7B7ABABE7E7FBF7DBDBC7CB47475B577B7B67672B2B373B17170B050909151CB
:206580009353529296565797559594549C5C5D9D5F9F9E5E5A9A9B5B99595898884849892B
:2065A0004B8B8A4A4E8E8F4F8D4D4C8C4484854587474686824243834181804000B1D5CB3C
:2065C000F8D6D8BACFD5A200000000000001B1B8D3C3BFAAC8EB310000000000000002B115
:2065E000B8D3C3BFAAC8EB320000000000000003B1B8D3C3BFAAC8EB3300000000000000AE
:2066000004B1B8D3C3BFAAC8EB340000000000000005B1B8D3C3BFAAC8EB350000000000D2
:20662000000006B1B8D3C3BFAAC8EB360000000000000007B5AFBBC9CEB4B4A2C4DC00009C
:206640000000000008D4B6B7BDBECDB5D8000000000000000009CAD6CCF8BFAAC8EB000093
:206660000000000000000ABFAAC8EBBACFCEBB00000000000000000BBFAAC8EBCCF8CEBB6E
:2066800000000000000000000CB2D9D7F7B0E5BACFCEBB0000000000000DB2D9D7F7B0E5F3
:2066A000CCF8CEBB000000000000000000B1B8D3C3BFAAC8EB310000000000000001D6D892
:2066C000CDDFCBB92FB1B8D3C3000000000002C7E1CDDFCBB92FB1B8D3C300000000000351
:2066E000B3ACB8DFCEC22FB1B8D3C3000000000004B8DFCEC22FB1B8D3C30000000000008D
:206700000005B1B8D3C3BFAAC8EB360000000000000006B1B8D3C3BFAAC8EB3700000000CB
:2067200000000007B5AFBBC9CEB4B4A2C4DC00000000000008D4B6B7BDBECDB5D8000000D4
:20674000000000000009CAD6CCF8BFAAC8EB00000000000000000ABFAAC8EBBACFCEBB0078
:20676000000000000000000BBFAAC8EBCCF8CEBB00000000000000000CB2D9D7F7B0E5BAF1
:20678000CFCEBB0000000000000DB2D9D7F7B0E5CCF8CEBB000000000000000000D7AACB0D
:2067A000D9BDD3B5E3000000000000000001B1BECCE5312FB1B8D3C300000000000002B1A5
:2067C000BECCE5322FB1B8D3C300000000000003B1BECCE5332FB1B8D3C300000000000066
:2067E00004B1B8D3C3BFAAC8EB340000000000000005B1B8D3C3BFAAC8EB350000000000F1
:20680000000006B1B8D3C3BFAAC8EB360000000000000007B5AFBBC9CEB4B4A2C4DC0000BA
:206820000000000008D4B6B7BDBECDB5D8000000000000000009CAD6CCF8BFAAC8EB0000B1
:206840000000000000000ABFAAC8EBBACFCEBB00000000000000000BBFAAC8EBCCF8CEBB8C
:2068600000000000000000000CB2D9D7F7B0E5BACFCEBB0000000000000DB2D9D7F7B0E511
:20688000CCF8CEBB00000000000000004961203D0000204120200001881300004962203D5F
:2068A0000000204120200001881300004963203D00002041202000018813000055613D0062
:2068C00000002056202000001027000055623D0000002056202000001027000055633D00F5
:2068E0000000205620200000102700005561623D0000205620200000102700005562633D12
:206900000000205620200000102700005563613D0000205620200000102700002050203D7A
:206920000000205720200002485201002051203D000020564152000248520100434F533D6D
:206940000000202020200004102700002046203D000020487A20000350C300004961203D9A
:206960000000204120200001000000004962203D0000204120200001000000004963203DC2
:206980000000204120200001000000003349303D0000204120200001000000004946323DCC
:2069A00000002041202000010000000055613D0000002056202000000000000055623D0098
:2069C00000002056202000000000000055633D000000205620200000000000005561623D01
:2069E0000000205620200000000000005562633D0000205620200000000000005563613D7E
:206A00000000205620200000000000002020463D000020487A200003000000002079020855
:206A2000D872020801080000C071020800000000207902080074020801080100C071020858
:206A400000000000207902082874020801080200C07102080000000020790208486F020843
:206A600001080300C071020800000000207902085074020801080400C07102080000000016
:206A800020790208A074020801080500C07102080000000020790208D06C020801080600F4
:206AA000C07102080000000020790208C874020801080700C0710208000000000000000067
:206AC000000000000000000000000000000000004961203D0000204120200001000000000D
:206AE0004962203D0000204120200001000000004963203D00002041202000010000000041
:206B00003349303D00002041202000010000000055613D0000002056202000000000000041
:206B200055623D0000002056202000000000000055633D0000002056202000000000000000
:206B40005561623D0000205620200000000000005562633D0000205620200000000000001D
:206B60005563613D0000205620200000000000002020463D000020487A2000030000000041
:206B80004961203D0000204120200001000000004962203D000020412020000100000000A2
:206BA0004963203D0000204120200001000000004948303D0000204120200001000000008A
:206BC00055613D0000002056202000000000000055623D0000002056202000000000000062
:206BE00055633D000000205620200000000000005561623D000020562020000000000000DF
:206C00005562633D0000205620200000000000005563613D0000205620200000000000005B
:206C20002020463D000020487A200003000000001A120000E111D502371198052110380841
:206C4000A50EA40ACD0CCD0CA40AA50E3808211098053711D502E11100001A122BFDE1115B
:206C600068FA3711C8F721105CF5A50E33F3CD0C5BF1A40ADFEF3808C9EE98051FEED50237
:206C8000E6ED00001FEE2BFDC9EE68FADFEFC8F75BF15CF533F333F35CF55BF1C8F7DFEF33
:206CA00068FAC9EE2BFD1FEE0000E6EDD5021FEE9805C9EE3808DFEFA40A5BF1CD0C33F374
:206CC000A50E5CF52110C8F7371168FAE1112BFD946A0208706D0208020700001072020878
:206CE00000000000946A0208846D0208020701001072020800000000946A0208986D0208E4
:206D0000020702001072020800000000946A0208AC6D020802070300107202080000000019
:206D2000946A0208C06D0208020704001072020800000000946A0208D46D0208020705001A
:206D40001072020800000000946A0208E86D020802070600107202080000000000000000A5
:206D600000000000000000000000000000000000D06C020800000000020700001072020838
:206D8000BD7B0008E46C020800000000020701001072020855820008F86C02080000000076
:206DA0000207020010720208B59100080C6D02080000000002070300107202083D990008F5
:206DC000206D020800000000020704001072020845900008346D02080000000002070500ED
:206DE00010720208FD930008486D0208000000000207060010720208ED9700080000000089
:206E000000000000000000000000000000000000B9FDC1F749B6CE0000000000B9FDC1F7C9
:206E20004949B6CE00000000B9FDC1F7494949B6CE000000B7B4CAB1CFDEB9FDC1F700006E
:206E4000B9FDB8BABAC9B1A3BBA40000D6D8BACFD5A2000000000000BCD3CBD9B1A3BBA440
:206E600000000000B3E4B5E7B1A3BBA400000000C1E3C1F749B6CE0000000000C1E3C1F7A7
:206E80004949B6CE00000000B9FDB5E7D1B9B1A3BBA40000B5CDB5E7D1B9B1A3BBA40000F2
:206EA000B5CDC6B5B1A3BBA420200000B5E7C1F7CBD9B6CF00000000CFE0BCE4B9FDC1F7A8
:206EC00000000000B8BAD0F2B9FDC1F700000000B7B4CAB1CFDEB9FDC1F70000B3A4C6F4FE
:206EE000B6AFB1A3BBA40000B6C2D7AAB1A3BBA400000000B9FDB8BABAC9B1A3BBA4000070
:206F0000C1E3D0F2B5E7C1F700000000B9FDB5E7D1B9B1A3BBA40000C7B7B5E7D1B9B1A330
:206F2000BBA40000B1BECCE531B1A3BBA4000000B1BECCE532B1A3BBA4000000B1BECCE5C9
:206F400033B1A3BBA4000000586A0208D46F0208020600005872020800000000586A02088A
:206F6000E86F0208020601005872020800000000586A0208FC6F02080206020058720208B4
:206F800000000000586A020810700208020603005872020800000000586A02082470020852
:206FA000020604005872020800000000586A02083870020802060500587202080000000092
:206FC0000000000000000000000000000000000000000000486F02080000000002060000E8
:206FE00058720208396D00085C6F020800000000020601005872020875720008706F020885
:20700000000000000206020058720208F5760008846F020800000000020603005872020843
:2070200075950008986F0208000000000206040058720208FB950008AC6F02080000000090
:2070400002060500587202089D960008000000000000000000000000000000000000000014
:2070600001B1A3BBA4CCF8D5A2000000000000000002B1A3BBA4BACFD5A20000000000006C
:20708000000003B8E6BEAFB3F6BFDA000000000000000004B6AFD7F7B3F6BFDA0000000027
:2070A0000000000005D2A3BFD8BACFD5A2000000000000000006D2A3BFD8CCF8D5A2000072
:2070C00000000000000007B1B8D3C3B3F6BFDA00000000000000000EB1B3B9E2BFD8D6C628
:2070E0000000000000000000B9FDC1F749B6CE0000000000B9FDC1F74949B6CE00000000D1
:20710000B7B4CAB1CFDEB9FDC1F70000B9FDB8BABAC9B1A3BBA40000B8DFD1B9B2E0C1E3B9
:20712000C1F70000D6D8CDDFCBB9B1A3BBA40000C7E1CDDFCBB9B1A3BBA40000B3ACB8DF85
:20714000CEC2B1A3BBA40000CEC2B6C8B8DFB1A3BBA40000B5CDB5E7D1B9B1A3BBA4000039
:207160000720493D20010D3349303D01193349303D011A3349303D010E20463D20090F4911
:2071800046323D01105542503D001120553D20001249323D20011349453D20011449503D4E
:2071A0002001253355303D002949313D20012B20553D20002C20553D20002D20493D2001A4
:2071C000000700004C7E020801040000607C0208020400006C7C020803040000787C0208EC
:2071E00004040000847C020805040000907C0208060400009C7C020807040000A87C0208F9
:2072000008040000B47C0208000000000000000000060000E87B020801040000CC7A020860
:2072200002040000DC7A020803040000EC7A020804040000FC7A020805040000387D020821
:20724000060400000C7B0208070400001C7B0208000000000000000000070000D07B02088B
:2072600001040000C07C020802040000CC7C020803040000D87C0208040400007C7A0208FE
:20728000050400008C7A0208060400009C7A0208000000000000000019E050F8041BCB0779
:2072A00044BFA9F101035918121F0023042A41F8043BF9D25FEA827C0B4604D54FF0000C3B
:2072C000A1F800C09B1CD10744BF0021197050F8042B002AE1D170471C6A020814730208EE
:2072E00001020000C8750208000000001C6A02082873020801020100C875020800000000C4
:207300000000000000000000000000000000000000000000D8720208000000000102000016
:20732000C8750208B94F0008EC7202080000000001020100C87502080D51000800000000DD
:20734000000000000000000000000000000000000004000000050000000600000008000016
:20736000000C00000010000000140000001E000000280000003C00000050000000640000A7
:207380000078000000A0000000C8000000200000252000004320000072200000B6200000DD
:2073A000E62000000C2100005021000082210000C7210000FA2100002122000041220000DD
:2073C000732200009B22000030B5016842688468014401EB5203D20748BF4C44994201D1D4
:2073E0000C3030BD11F9012B11F8015B002A04F8015B02D5521CF9D1F0E7521EF4D5EDE754
:20740000306A02080000000002010000C071020875520008000000000000000000000000BB
:207420000000000000000000446A02080000000002010000C07102084754000800000000B3
:20744000000000000000000000000000000000006C6A02087874020802010000547702087E
:2074600000000000000000000000000000000000000000000000000050740208000000003E
:2074800002010000547702081161000800000000000000000000000000000000000000009A
:2074A000806A02080000000002010000C0710208055A000800000000000000000000000033
:2074C0000000000000000000A86A02080000000002010000C0710208319700080000000082
:2074E0000000000000000000000000000000000010B5074979441831064C7C44163404E031
:207500000A68081D114488470146A142F8D110BD98000000B40000002020CDCBB3F62020E3
:2075200000B5A5B4BFB9FDC1F700B1D5CBF8B9FDC1F700B7BDCFF2B9FDC1F7002020CDCBDE
:20754000B3F620200020312DD2BBB0E3200020322DB7C7B3A3200020332DBCABB6CB200089
:207560002020CDCBB3F6202000B5CDD1B9B6AFD7F700B5CDD1B9B8E6BEAF00CAA7D1B9B643
:20758000AFD7F7004EF68851CEF20001086840F470000860BFF34F8FBFF36F8F4FF0007025
:2075A000E1EE100A70470000F1FCFFFF0C550000801900200000000011FEFFFFF40900001C
:2075C000140100000000002000070000C47B0208010400005C7A0208020400006C7A02084B
:2075E00000000000000000002532642C2020252E2A73202020252E2A7320202025312E340C
:2076000066200A0D00000000302DCDCBB3F6000000312DCCF8D5A2000000322DB8E6BEAF2C
:20762000000000002020CDCBB3F6202000B6CFCFDFB1D5CBF800B6CFCFDFBFAAB7C50000F5
:2076400025303258CAB125303258B7D625303258C3EB25303364BAC1C3EB000020C3FBB331
:20766000C62020202020B5A5CEBB2020202020CFB5CAFD0A0D0000002532642C2020252E45
:207680002A73202020252E2A73202020252E3766200A0D0080250000C01200006009000096
:2076A000B0040000004B000000E1000000C2010000F00BF8002801D0FFF71AFF0020AFF36A
:2076C0000080FBF7F7FF00F002F80120704700F001B800000746384600F002F8FBE7000040
:2076E00080B5AFF30080024A11001820ABBEFBE72600020020B1E4D1B9C6F7B1A3BBA4B2CA
:20770000E2BFD8D7B0D6C32000000000253034642E253458C4EA25303258D4C225303258E2
:20772000C8D50000BEA7B6D4B1C8B6C82C20B2A2B0B4C8B7C8CFBCFC00000000B1A3B4E606
:207740002E2020202020202020202020202020200000000000060000DC7B020801040000AF
:20776000E47C020800000000000000000A0D20D2A3B2E2B5E33A2025303264B8F620202074
:207780000A0D000020D2A3D0C5B5E33A2025303264B8F62020200A0D0000000020B1E0BA3B
:2077A000C52020202020C3FBB3C620202020200A0D00000020D2A3BFD8B5E33A20253032D1
:2077C00064B8F62020200A0D00000000560020412053B6C8B7D62057B7A620206D73485A55
:2077E0002020CFDFC2B7B1A3BBA4B2E2BFD8D7B0D6C3000020B5E7B6AFBBFAB1A3BBA4B2E9
:20780000E2BFD8D7B0D6C300302DCDCBB3F6000000312DCDB6C8EB000000000020B2D9D71B
:20782000F7B0E5200020BFAAC8EBB0E5200000002020C9CFBCFCBFA8D7A1C7EBBCECB2E947
:2078400000000000CDCBB3F6BCFCBFA8D7A1C7EBBCECB2E900000000C8B7C8CFBCFCBFA826
:20786000D7A1C7EBBCECB2E9000000002020D3D2BCFCBFA8D7A1C7EBBCECB2E9000000002A
:207880002020CFC2BCFCBFA8D7A1C7EBBCECB2E9000000002020D7F3BCFCBFA8D7A1C7EB38
:2078A000BCECB2E900000000B8B4B9E9BCFCBFA8D7A1C7EBBCECB2E900000000B0B4C9CFEF
:2078C000CFC2BCFCBFC9D2D4B5F7BDDAD2BA00002020CAB12020B7D62020C3EB202020BAD2
:2078E000C1C3EB00202020C3DCC2EBB4EDCEF32120202020000000002020CAC7B7F1B1A39D
:20790000B4E6B2CECAFD3F20000000002020B1A3B4E6B2CECAFDB3C9B9A621200000000096
:20792000000000001C6A02080001000000000000000000002532642C202020BFAAB9D8D2A3
:20794000A3BFD820200A0D002532642C202020B1A3BBA4B8B4B9E920200A0D004040407007
:20796000204080000404041C0804020132303236C4EA3033D4C23136C8D50000B0E6B1BE76
:20798000BAC53A415446332E30330000B1A3BBA4B6A8D6B5D0DEB8C400000000D1B9B0E5AA
:2079A000CDB6CDCBC7D0BBBB00000000BBD6B8B4B3F6B3A7C9E8D6C300000000D7B0D6C335
:2079C000B2CECAFDD0DEB8C400000000B1A3BBA4BBF9B1BEC9E8D6C300000000B1A3BBA463
:2079E000C0E0D0CDD2D1B1E42C000000CEF1B1D8D6D8D0C2C9CFB5E721000000D2BABEA718
:207A0000B6D4B1C8B6C8D6B53A000000BCCCB5E7B1A3BBA4C8EDBCFE00000000CFB5CDB3D6
:207A2000B2CECAFDC8B1CAA12E2E2E00D1B9B0E5C8B1CAA12E2E2E2E2E2E0000B6A8D6B591
:207A4000C8B1CAA12E2E2E2E2E2E0000D6D8C6F4CFB5CDB32E2E2E2E2E2E0000312EB2E9B4
:207A6000BFB4B1A3BBA4D6B500000000322EB2E9BFB4B2E2C1BFD6B500000000342EC9BE5F
:207A8000B3FDCAC2BCFEBCC7C2BC0000352EC9BEB3FD534F45BCC7C2BC200000362EC9BE62
:207AA000B3FDB2D9D7F7BCC7C2BC000020B6A8D6B5C7F8B3F6B4ED212000000020B6A8D615
:207AC000B5B9CCBBAFB3C9B9A6210000312ECFB5CDB3CAB1D6D3202020200000322E5253FA
:207AE000343835C9E8D6C32020200000332ED2A3D0C5CAB1BCE4C9E8D6C30000342EB2E275
:207B0000C1BFCFB5CAFDD0A3D7BC0000362ED2BABEA7B6D4B1C8B6C820200000372EB3F670
:207B2000B3A7C9E8D6C320202020000020202020C4EA2020D4C22020C8D50000C7EBCAE4E0
:207B4000C8EBD0C2C3DCC2EB3A0000002532642C2020252E2A7320200A0D00002532642C05
:207B600020B1B8D3C320200A0D0000002532642C202020B1B8D3C320200A0D002532642C0B
:207B8000202020252E2A7320200A0D002532642C2020B1B8D3C320200A0D000001488047B1
:207BA0000148004761620208297E02082020202020202020000000002534642E25303264E1
:207BC00000000000BFCCB6C8CFD4CABE00000000CAC2B9CAD7B7D2E400000000B1A3BBA46B
:207BE000B6A8D6B500000000B2CECAFDC9E8D6C300000000CEDECAC2B9CABCC7C2BC00004F
:207C0000CEDE534F45BCC7C2BC000000CEDEB2D9D7F7BCC7C2BC0000B6A8D6B5C7F8C7D08B
:207C2000BBBB0000D7B0D6C3B8B4B9E900000000BFAAB9D8D2A3BFD800000000BFAAB3F688
:207C4000B2E2CAD400000000B4EDCEF3B4FAC2EB00000000B2E2C1BFD0A3D7BC3A000000E1
:207C6000312EBFCCB6C8CFD4CABE0000322EBFAAC8EBCFD4CABE0000332EBFAAB3F6BCECAF
:207C8000B2E20000342ECAC2B9CAD7B7D2E40000352EB1A3BBA4B6A8D6B50000362ED1B9AE
:207CA000B0E5C9E8D6C30000372EB2CECAFDC9E8D6C30000382EB0E6B1BED0C5CFA200007E
:207CC000312ECAC2B9CABCC7C2BC0000322E534F45BCC7C2BC000000332EB2D9D7F7BCC7B0
:207CE000C2BC0000312ED5FBB6A8B6A8D6B50000B2E9BFB4B6A8D6B5C7F83A00D5FBB6A872
:207D0000B6A8D6B5C7F83A00B9CCBBAFB6A8D6B5C7F83A00C7D0BBBBB6A8D6B5C7F83A00C1
:207D2000C7EBCAE4C8EBC3DCC2EB3A00D1B9B0E5C3FBB3C600000000352EC3DCC2EBC9E8F4
:207D4000B6A800005253343835B5D8D6B73A00005253343835CBD9C2CA3A0000525334386A
:207D600035B9E6D4BC3A000020D2A3B2E2C9CFCBCD3A0000D2A3D0C5CAB1BCE43A00000073
:207D8000C9BEB3FDB3C9B9A621000000C9BEB3FDCAA7B0DC21000000D0CD2020BAC53A20A5
:207DA00000000000D3EF2020D1D43A2000000000B2E2C1BFB5E33A2000000000CFDF2020CE
:207DC000C2B7202000000000B1E4D1B9C6F7202000000000B5E7B6AFBBFA202000000000D8
:207DE000B5E7C8DDC6F7202000000000D6D0202020CEC42000000000456E676C69736820A3
:207E000000000000B1A3B2E2B7D6BFAA20000000B1A3B2E2D2BBCCE520000000252E2A732E
:207E200020252E2A73255800AFF30080FFF7AAFBFFF73EFC2E303030000000002D25336421
:207E4000000000002025336400000000D6F7B2CBB5A50000D2A3BFD800000000BECDB5D87E
:207E600000000000CDA8B5C000000000B7F9D6B500000000CFE0BDC700000000B2E2C1BF96
:207E8000D6B50000B1D5BACF00000000B7D6BFAA00000000B6AFD7F700000000B7B5BBD820
:207EA00000000000B7A2C9FA00000000CFFBCAA700000000D7B4CCAC000000003936303099
:207EC000000000003438303000000000323430300000000031323030000000004D4F44422B
:207EE00055530000C4CFD7D439340000B6FEB4CED6B50000D2BBB4CED6B50000D0A3D1E9A7
:207F0000C2EB3A00554950514F4B21006D7300004F4E20004F464600FFF7FEBFFFF7FEBFA2
:207F2000FFF7FEBFFFF7FEBFFFF7FEBFFFF7FEBFFFF7FEBFFFF7FEBFFFF7FEBFFFF7FEBFA9
:207F4000FFF7FEBFFFF7FEBFFFF7FEBFFFF7FEBFFFF7FEBFFFF7FEBFFFF7FEBFFFF7FEBF89
:207F6000FFF7FEBFFFF7FEBFFFF7FEBFFFF7FEBFFFF7FEBFFFF7FEBFFFF7FEBFFFF7FEBF69
:207F8000FFF7FEBFFFF7FEBFFFF7FEBFFFF7FEBFFFF7FEBFFFF7FEBFFFF7FEBFFFF7FEBF49
:207FA000FFF7FEBFFFF7FEBFFFF7FEBFFFF7FEBF270B303132333435363738392011303124
:207FC00032333435363738394142434445462000005A52523931314620FC00075A52523907
:207FE00032314620FC00075A52523935314620FC00FC203300204120200020422020002004
:20800000414220002043202000204341200020424320004142432000010203040607080983
:2080200002040608020C0810E400F8FFDC00FAFF8100D10004F401180008FFFFFFFFFFFFF1
:20804000FFFFFFFFFFFFFFFFFFFFFFFFFFFFFFFFFFFFFFFFFFFFFFFFFFFFFFFFFFFFFFFF40
:20806000FFFFFFFFFFFFFFFFFFFFFFFFFFFFFFFFFFFFFFFFFFFFFFFFFFFFFFFFFFFFFFFF20
:20808000FFFFFFFFFFFFFFFFFFFFFFFFFFFFFFFFFFFFFFFFFFFFFFFFFFFFFFFFFFFFFFFF00
:2080A000FFFFFFFFFFFFFFFFFFFFFFFFFFFFFFFFFFFFFFFFFFFFFFFFFFFFFFFFFFFFFFFFE0
:2080C000FFFFFFFFFFFFFFFFFFFFFFFFFFFFFFFFFFFFFFFFFFFFFFFFFFFFFFFFFFFFFFFFC0
:2080E000FFFFFFFFFFFFFFFFFFFFFFFFFFFFFFFFFFFFFFFFFFFFFFFFFFFFFFFFFFFFFFFFA0
:20810000FFFFFFFFFFFFFFFFFFFFFFFFFFFFFFFFFFFFFFFFFFFFFFFFFFFFFFFFFFFFFFFF7F
:20812000FFFFFFFFFFFFFFFFFFFFFFFFFFFFFFFFFFFFFFFFFFFFFFFFFFFFFFFFFFFFFFFF5F
:20814000FFFFFFFFFFFFFFFFFFFFFFFFFFFFFFFFFFFFFFFFFFFFFFFFFFFFFFFFFFFFFFFF3F
:20816000FFFFFFFFFFFFFFFFFFFFFFFFFFFFFFFFFFFFFFFFFFFFFFFFFFFFFFFFFFFFFFFF1F
:20818000FFFFFFFFFFFFFFFFFFFFFFFFFFFFFFFFFFFFFFFFFFFFFFFFFFFFFFFFFFFFFFFFFF
:2081A000FFFFFFFFFFFFFFFFFFFFFFFFFFFFFFFFFFFFFFFFFFFFFFFFFFFFFFFFFFFFFFFFDF
:2081C000FFFFFFFFFFFFFFFFFFFFFFFFFFFFFFFFFFFFFFFFFFFFFFFFFFFFFFFFFFFFFFFFBF
:2081E000FFFFFFFFFFFFFFFFFFFFFFFFFFFFFFFFFFFFFFFFFFFFFFFFFFFFFFFFFFFFFFFF9F
:20820000FFFFFFFFFFFFFFFFFFFFFFFFFFFFFFFFFFFFFFFFFFFFFFFFFFFFFFFFFFFFFFFF7E
:20822000FFFFFFFFFFFFFFFFFFFFFFFFFFFFFFFFFFFFFFFFFFFFFFFFFFFFFFFFFFFFFFFF5E
:20824000FFFFFFFFFFFFFFFFFFFFFFFFFFFFFFFFFFFFFFFFFFFFFFFFFFFFFFFFFFFFFFFF3E
:20826000FFFFFFFFFFFFFFFFFFFFFFFFFFFFFFFFFFFFFFFFFFFFFFFFFFFFFFFFFFFFFFFF1E
:20828000FFFFFFFFFFFFFFFFFFFFFFFFFFFFFFFFFFFFFFFFFFFFFFFFFFFFFFFFFFFFFFFFFE
:2082A000FFFFFFFFFFFFFFFFFFFFFFFFFFFFFFFFFFFFFFFFFFFFFFFFFFFFFFFFFFFFFFFFDE
:2082C000FFFFFFFFFFFFFFFFFFFFFFFFFFFFFFFFFFFFFFFFFFFFFFFFFFFFFFFFFFFFFFFFBE
:2082E000FFFFFFFFFFFFFFFFFFFFFFFFFFFFFFFFFFFFFFFFFFFFFFFFFFFFFFFFFFFFFFFF9E
:20830000FFFFFFFFFFFFFFFFFFFFFFFFFFFFFFFFFFFFFFFFFFFFFFFFFFFFFFFFFFFFFFFF7D
:20832000FFFFFFFFFFFFFFFFFFFFFFFFFFFFFFFFFFFFFFFFFFFFFFFFFFFFFFFFFFFFFFFF5D
:20834000FFFFFFFFFFFFFFFFFFFFFFFFFFFFFFFFFFFFFFFFFFFFFFFFFFFFFFFFFFFFFFFF3D
:20836000FFFFFFFFFFFFFFFFFFFFFFFFFFFFFFFFFFFFFFFFFFFFFFFFFFFFFFFFFFFFFFFF1D
:20838000FFFFFFFFFFFFFFFFFFFFFFFFFFFFFFFFFFFFFFFFFFFFFFFFFFFFFFFFFFFFFFFFFD
:2083A000FFFFFFFFFFFFFFFFFFFFFFFFFFFFFFFFFFFFFFFFFFFFFFFFFFFFFFFFFFFFFFFFDD
:2083C000FFFFFFFFFFFFFFFFFFFFFFFFFFFFFFFFFFFFFFFFFFFFFFFFFFFFFFFFFFFFFFFFBD
:2083E000FFFFFFFFFFFFFFFFFFFFFFFFFFFFFFFFFFFFFFFFFFFFFFFFFFFFFFFFFFFFFFFF9D
:20840000FFFFFFFFFFFFFFFFFFFFFFFFFFFFFFFFFFFFFFFFFFFFFFFFFFFFFFFFFFFFFFFF7C
:20842000FFFFFFFFFFFFFFFFFFFFFFFFFFFFFFFFFFFFFFFFFFFFFFFFFFFFFFFFFFFFFFFF5C
:20844000FFFFFFFFFFFFFFFFFFFFFFFFFFFFFFFFFFFFFFFFFFFFFFFFFFFFFFFFFFFFFFFF3C
:20846000FFFFFFFFFFFFFFFFFFFFFFFFFFFFFFFFFFFFFFFFFFFFFFFFFFFFFFFFFFFFFFFF1C
:20848000FFFFFFFFFFFFFFFFFFFFFFFFFFFFFFFFFFFFFFFFFFFFFFFFFFFFFFFFFFFFFFFFFC
:2084A000FFFFFFFFFFFFFFFFFFFFFFFFFFFFFFFFFFFFFFFFFFFFFFFFFFFFFFFFFFFFFFFFDC
:2084C000FFFFFFFFFFFFFFFFFFFFFFFFFFFFFFFFFFFFFFFFFFFFFFFFFFFFFFFFFFFFFFFFBC
:2084E000FFFFFFFFFFFFFFFFFFFFFFFFFFFFFFFFFFFFFFFFFFFFFFFFFFFFFFFFFFFFFFFF9C
:20850000FFFFFFFFFFFFFFFFFFFFFFFFFFFFFFFFFFFFFFFFFFFFFFFFFFFFFFFFFFFFFFFF7B
:20852000FFFFFFFFFFFFFFFFFFFFFFFFFFFFFFFFFFFFFFFFFFFFFFFFFFFFFFFFFFFFFFFF5B
:20854000FFFFFFFFFFFFFFFFFFFFFFFFFFFFFFFFFFFFFFFFFFFFFFFFFFFFFFFFFFFFFFFF3B
:20856000FFFFFFFFFFFFFFFFFFFFFFFFFFFFFFFFFFFFFFFFFFFFFFFFFFFFFFFFFFFFFFFF1B
:20858000FFFFFFFFFFFFFFFFFFFFFFFFFFFFFFFFFFFFFFFFFFFFFFFFFFFFFFFFFFFFFFFFFB
:2085A000FFFFFFFFFFFFFFFFFFFFFFFFFFFFFFFFFFFFFFFFFFFFFFFFFFFFFFFFFFFFFFFFDB
:2085C000FFFFFFFFFFFFFFFFFFFFFFFFFFFFFFFFFFFFFFFFFFFFFFFFFFFFFFFFFFFFFFFFBB
:2085E000FFFFFFFFFFFFFFFFFFFFFFFFFFFFFFFFFFFFFFFFFFFFFFFFFFFFFFFFFFFFFFFF9B
:20860000FFFFFFFFFFFFFFFFFFFFFFFFFFFFFFFFFFFFFFFFFFFFFFFFFFFFFFFFFFFFFFFF7A
:20862000FFFFFFFFFFFFFFFFFFFFFFFFFFFFFFFFFFFFFFFFFFFFFFFFFFFFFFFFFFFFFFFF5A
:20864000FFFFFFFFFFFFFFFFFFFFFFFFFFFFFFFFFFFFFFFFFFFFFFFFFFFFFFFFFFFFFFFF3A
:20866000FFFFFFFFFFFFFFFFFFFFFFFFFFFFFFFFFFFFFFFFFFFFFFFFFFFFFFFFFFFFFFFF1A
:20868000FFFFFFFFFFFFFFFFFFFFFFFFFFFFFFFFFFFFFFFFFFFFFFFFFFFFFFFFFFFFFFFFFA
:2086A000FFFFFFFFFFFFFFFFFFFFFFFFFFFFFFFFFFFFFFFFFFFFFFFFFFFFFFFFFFFFFFFFDA
:2086C000FFFFFFFFFFFFFFFFFFFFFFFFFFFFFFFFFFFFFFFFFFFFFFFFFFFFFFFFFFFFFFFFBA
:2086E000FFFFFFFFFFFFFFFFFFFFFFFFFFFFFFFFFFFFFFFFFFFFFFFFFFFFFFFFFFFFFFFF9A
:20870000FFFFFFFFFFFFFFFFFFFFFFFFFFFFFFFFFFFFFFFFFFFFFFFFFFFFFFFFFFFFFFFF79
:20872000FFFFFFFFFFFFFFFFFFFFFFFFFFFFFFFFFFFFFFFFFFFFFFFFFFFFFFFFFFFFFFFF59
:20874000FFFFFFFFFFFFFFFFFFFFFFFFFFFFFFFFFFFFFFFFFFFFFFFFFFFFFFFFFFFFFFFF39
:20876000FFFFFFFFFFFFFFFFFFFFFFFFFFFFFFFFFFFFFFFFFFFFFFFFFFFFFFFFFFFFFFFF19
:20878000FFFFFFFFFFFFFFFFFFFFFFFFFFFFFFFFFFFFFFFFFFFFFFFFFFFFFFFFFFFFFFFFF9
:2087A000FFFFFFFFFFFFFFFFFFFFFFFFFFFFFFFFFFFFFFFFFFFFFFFFFFFFFFFFFFFFFFFFD9
:2087C000FFFFFFFFFFFFFFFFFFFFFFFFFFFFFFFFFFFFFFFFFFFFFFFFFFFFFFFFFFFFFFFFB9
:2087E000FFFFFFFFFFFFFFFFFFFFFFFFFFFFFFFFFFFFFFFFFFFFFFFFFFFFFFFFFFFFFFFF99
:20880000FFFFFFFFFFFFFFFFFFFFFFFFFFFFFFFFFFFFFFFFFFFFFFFFFFFFFFFFFFFFFFFF78
:20882000FFFFFFFFFFFFFFFFFFFFFFFFFFFFFFFFFFFFFFFFFFFFFFFFFFFFFFFFFFFFFFFF58
:20884000FFFFFFFFFFFFFFFFFFFFFFFFFFFFFFFFFFFFFFFFFFFFFFFFFFFFFFFFFFFFFFFF38
:20886000FFFFFFFFFFFFFFFFFFFFFFFFFFFFFFFFFFFFFFFFFFFFFFFFFFFFFFFFFFFFFFFF18
:20888000FFFFFFFFFFFFFFFFFFFFFFFFFFFFFFFFFFFFFFFFFFFFFFFFFFFFFFFFFFFFFFFFF8
:2088A000FFFFFFFFFFFFFFFFFFFFFFFFFFFFFFFFFFFFFFFFFFFFFFFFFFFFFFFFFFFFFFFFD8
:2088C000FFFFFFFFFFFFFFFFFFFFFFFFFFFFFFFFFFFFFFFFFFFFFFFFFFFFFFFFFFFFFFFFB8
:2088E000FFFFFFFFFFFFFFFFFFFFFFFFFFFFFFFFFFFFFFFFFFFFFFFFFFFFFFFFFFFFFFFF98
:20890000FFFFFFFFFFFFFFFFFFFFFFFFFFFFFFFFFFFFFFFFFFFFFFFFFFFFFFFFFFFFFFFF77
:20892000FFFFFFFFFFFFFFFFFFFFFFFFFFFFFFFFFFFFFFFFFFFFFFFFFFFFFFFFFFFFFFFF57
:20894000FFFFFFFFFFFFFFFFFFFFFFFFFFFFFFFFFFFFFFFFFFFFFFFFFFFFFFFFFFFFFFFF37
:20896000FFFFFFFFFFFFFFFFFFFFFFFFFFFFFFFFFFFFFFFFFFFFFFFFFFFFFFFFFFFFFFFF17
:20898000FFFFFFFFFFFFFFFFFFFFFFFFFFFFFFFFFFFFFFFFFFFFFFFFFFFFFFFFFFFFFFFFF7
:2089A000FFFFFFFFFFFFFFFFFFFFFFFFFFFFFFFFFFFFFFFFFFFFFFFFFFFFFFFFFFFFFFFFD7
:2089C000FFFFFFFFFFFFFFFFFFFFFFFFFFFFFFFFFFFFFFFFFFFFFFFFFFFFFFFFFFFFFFFFB7
:2089E000FFFFFFFFFFFFFFFFFFFFFFFFFFFFFFFFFFFFFFFFFFFFFFFFFFFFFFFFFFFFFFFF97
:208A0000FFFFFFFFFFFFFFFFFFFFFFFFFFFFFFFFFFFFFFFFFFFFFFFFFFFFFFFFFFFFFFFF76
:208A2000FFFFFFFFFFFFFFFFFFFFFFFFFFFFFFFFFFFFFFFFFFFFFFFFFFFFFFFFFFFFFFFF56
:208A4000FFFFFFFFFFFFFFFFFFFFFFFFFFFFFFFFFFFFFFFFFFFFFFFFFFFFFFFFFFFFFFFF36
:208A6000FFFFFFFFFFFFFFFFFFFFFFFFFFFFFFFFFFFFFFFFFFFFFFFFFFFFFFFFFFFFFFFF16
:208A8000FFFFFFFFFFFFFFFFFFFFFFFFFFFFFFFFFFFFFFFFFFFFFFFFFFFFFFFFFFFFFFFFF6
:208AA000FFFFFFFFFFFFFFFFFFFFFFFFFFFFFFFFFFFFFFFFFFFFFFFFFFFFFFFFFFFFFFFFD6
:208AC000FFFFFFFFFFFFFFFFFFFFFFFFFFFFFFFFFFFFFFFFFFFFFFFFFFFFFFFFFFFFFFFFB6
:208AE000FFFFFFFFFFFFFFFFFFFFFFFFFFFFFFFFFFFFFFFFFFFFFFFFFFFFFFFFFFFFFFFF96
:208B0000FFFFFFFFFFFFFFFFFFFFFFFFFFFFFFFFFFFFFFFFFFFFFFFFFFFFFFFFFFFFFFFF75
:208B2000FFFFFFFFFFFFFFFFFFFFFFFFFFFFFFFFFFFFFFFFFFFFFFFFFFFFFFFFFFFFFFFF55
:208B4000FFFFFFFFFFFFFFFFFFFFFFFFFFFFFFFFFFFFFFFFFFFFFFFFFFFFFFFFFFFFFFFF35
:208B6000FFFFFFFFFFFFFFFFFFFFFFFFFFFFFFFFFFFFFFFFFFFFFFFFFFFFFFFFFFFFFFFF15
:208B8000FFFFFFFFFFFFFFFFFFFFFFFFFFFFFFFFFFFFFFFFFFFFFFFFFFFFFFFFFFFFFFFFF5
:208BA000FFFFFFFFFFFFFFFFFFFFFFFFFFFFFFFFFFFFFFFFFFFFFFFFFFFFFFFFFFFFFFFFD5
:208BC000FFFFFFFFFFFFFFFFFFFFFFFFFFFFFFFFFFFFFFFFFFFFFFFFFFFFFFFFFFFFFFFFB5
:208BE000FFFFFFFFFFFFFFFFFFFFFFFFFFFFFFFFFFFFFFFFFFFFFFFFFFFFFFFFFFFFFFFF95
:208C0000FFFFFFFFFFFFFFFFFFFFFFFFFFFFFFFFFFFFFFFFFFFFFFFFFFFFFFFFFFFFFFFF74
:208C2000FFFFFFFFFFFFFFFFFFFFFFFFFFFFFFFFFFFFFFFFFFFFFFFFFFFFFFFFFFFFFFFF54
:208C4000FFFFFFFFFFFFFFFFFFFFFFFFFFFFFFFFFFFFFFFFFFFFFFFFFFFFFFFFFFFFFFFF34
:208C6000FFFFFFFFFFFFFFFFFFFFFFFFFFFFFFFFFFFFFFFFFFFFFFFFFFFFFFFFFFFFFFFF14
:208C8000FFFFFFFFFFFFFFFFFFFFFFFFFFFFFFFFFFFFFFFFFFFFFFFFFFFFFFFFFFFFFFFFF4
:208CA000FFFFFFFFFFFFFFFFFFFFFFFFFFFFFFFFFFFFFFFFFFFFFFFFFFFFFFFFFFFFFFFFD4
:208CC000FFFFFFFFFFFFFFFFFFFFFFFFFFFFFFFFFFFFFFFFFFFFFFFFFFFFFFFFFFFFFFFFB4
:208CE000FFFFFFFFFFFFFFFFFFFFFFFFFFFFFFFFFFFFFFFFFFFFFFFFFFFFFFFFFFFFFFFF94
:208D0000FFFFFFFFFFFFFFFFFFFFFFFFFFFFFFFFFFFFFFFFFFFFFFFFFFFFFFFFFFFFFFFF73
:208D2000FFFFFFFFFFFFFFFFFFFFFFFFFFFFFFFFFFFFFFFFFFFFFFFFFFFFFFFFFFFFFFFF53
:208D4000FFFFFFFFFFFFFFFFFFFFFFFFFFFFFFFFFFFFFFFFFFFFFFFFFFFFFFFFFFFFFFFF33
:208D6000FFFFFFFFFFFFFFFFFFFFFFFFFFFFFFFFFFFFFFFFFFFFFFFFFFFFFFFFFFFFFFFF13
:208D8000FFFFFFFFFFFFFFFFFFFFFFFFFFFFFFFFFFFFFFFFFFFFFFFFFFFFFFFFFFFFFFFFF3
:208DA000FFFFFFFFFFFFFFFFFFFFFFFFFFFFFFFFFFFFFFFFFFFFFFFFFFFFFFFFFFFFFFFFD3
:208DC000FFFFFFFFFFFFFFFFFFFFFFFFFFFFFFFFFFFFFFFFFFFFFFFFFFFFFFFFFFFFFFFFB3
:208DE000FFFFFFFFFFFFFFFFFFFFFFFFFFFFFFFFFFFFFFFFFFFFFFFFFFFFFFFFFFFFFFFF93
:208E0000FFFFFFFFFFFFFFFFFFFFFFFFFFFFFFFFFFFFFFFFFFFFFFFFFFFFFFFFFFFFFFFF72
:208E2000FFFFFFFFFFFFFFFFFFFFFFFFFFFFFFFFFFFFFFFFFFFFFFFFFFFFFFFFFFFFFFFF52
:208E4000FFFFFFFFFFFFFFFFFFFFFFFFFFFFFFFFFFFFFFFFFFFFFFFFFFFFFFFFFFFFFFFF32
:208E6000FFFFFFFFFFFFFFFFFFFFFFFFFFFFFFFFFFFFFFFFFFFFFFFFFFFFFFFFFFFFFFFF12
:208E8000FFFFFFFFFFFFFFFFFFFFFFFFFFFFFFFFFFFFFFFFFFFFFFFFFFFFFFFFFFFFFFFFF2
:208EA000FFFFFFFFFFFFFFFFFFFFFFFFFFFFFFFFFFFFFFFFFFFFFFFFFFFFFFFFFFFFFFFFD2
:208EC000FFFFFFFFFFFFFFFFFFFFFFFFFFFFFFFFFFFFFFFFFFFFFFFFFFFFFFFFFFFFFFFFB2
:208EE000FFFFFFFFFFFFFFFFFFFFFFFFFFFFFFFFFFFFFFFFFFFFFFFFFFFFFFFFFFFFFFFF92
:208F0000FFFFFFFFFFFFFFFFFFFFFFFFFFFFFFFFFFFFFFFFFFFFFFFFFFFFFFFFFFFFFFFF71
:208F2000FFFFFFFFFFFFFFFFFFFFFFFFFFFFFFFFFFFFFFFFFFFFFFFFFFFFFFFFFFFFFFFF51
:208F4000FFFFFFFFFFFFFFFFFFFFFFFFFFFFFFFFFFFFFFFFFFFFFFFFFFFFFFFFFFFFFFFF31
:208F6000FFFFFFFFFFFFFFFFFFFFFFFFFFFFFFFFFFFFFFFFFFFFFFFFFFFFFFFFFFFFFFFF11
:208F8000FFFFFFFFFFFFFFFFFFFFFFFFFFFFFFFFFFFFFFFFFFFFFFFFFFFFFFFFFFFFFFFFF1
:208FA000FFFFFFFFFFFFFFFFFFFFFFFFFFFFFFFFFFFFFFFFFFFFFFFFFFFFFFFFFFFFFFFFD1
:208FC000FFFFFFFFFFFFFFFFFFFFFFFFFFFFFFFFFFFFFFFFFFFFFFFFFFFFFFFFFFFFFFFFB1
:208FE000FFFFFFFFFFFFFFFFFFFFFFFFFFFFFFFFFFFFFFFFFFFFFFFFFFFFFFFFFFFFFFFF91
:20900000FFFFFFFFFFFFFFFFFFFFFFFFFFFFFFFFFFFFFFFFFFFFFFFFFFFFFFFFFFFFFFFF70
:20902000FFFFFFFFFFFFFFFFFFFFFFFFFFFFFFFFFFFFFFFFFFFFFFFFFFFFFFFFFFFFFFFF50
:20904000FFFFFFFFFFFFFFFFFFFFFFFFFFFFFFFFFFFFFFFFFFFFFFFFFFFFFFFFFFFFFFFF30
:20906000FFFFFFFFFFFFFFFFFFFFFFFFFFFFFFFFFFFFFFFFFFFFFFFFFFFFFFFFFFFFFFFF10
:20908000FFFFFFFFFFFFFFFFFFFFFFFFFFFFFFFFFFFFFFFFFFFFFFFFFFFFFFFFFFFFFFFFF0
:2090A000FFFFFFFFFFFFFFFFFFFFFFFFFFFFFFFFFFFFFFFFFFFFFFFFFFFFFFFFFFFFFFFFD0
:2090C000FFFFFFFFFFFFFFFFFFFFFFFFFFFFFFFFFFFFFFFFFFFFFFFFFFFFFFFFFFFFFFFFB0
:2090E000FFFFFFFFFFFFFFFFFFFFFFFFFFFFFFFFFFFFFFFFFFFFFFFFFFFFFFFFFFFFFFFF90
:20910000FFFFFFFFFFFFFFFFFFFFFFFFFFFFFFFFFFFFFFFFFFFFFFFFFFFFFFFFFFFFFFFF6F
:20912000FFFFFFFFFFFFFFFFFFFFFFFFFFFFFFFFFFFFFFFFFFFFFFFFFFFFFFFFFFFFFFFF4F
:20914000FFFFFFFFFFFFFFFFFFFFFFFFFFFFFFFFFFFFFFFFFFFFFFFFFFFFFFFFFFFFFFFF2F
:20916000FFFFFFFFFFFFFFFFFFFFFFFFFFFFFFFFFFFFFFFFFFFFFFFFFFFFFFFFFFFFFFFF0F
:20918000FFFFFFFFFFFFFFFFFFFFFFFFFFFFFFFFFFFFFFFFFFFFFFFFFFFFFFFFFFFFFFFFEF
:2091A000FFFFFFFFFFFFFFFFFFFFFFFFFFFFFFFFFFFFFFFFFFFFFFFFFFFFFFFFFFFFFFFFCF
:2091C000FFFFFFFFFFFFFFFFFFFFFFFFFFFFFFFFFFFFFFFFFFFFFFFFFFFFFFFFFFFFFFFFAF
:2091E000FFFFFFFFFFFFFFFFFFFFFFFFFFFFFFFFFFFFFFFFFFFFFFFFFFFFFFFFFFFFFFFF8F
:20920000FFFFFFFFFFFFFFFFFFFFFFFFFFFFFFFFFFFFFFFFFFFFFFFFFFFFFFFFFFFFFFFF6E
:20922000FFFFFFFFFFFFFFFFFFFFFFFFFFFFFFFFFFFFFFFFFFFFFFFFFFFFFFFFFFFFFFFF4E
:20924000FFFFFFFFFFFFFFFFFFFFFFFFFFFFFFFFFFFFFFFFFFFFFFFFFFFFFFFFFFFFFFFF2E
:20926000FFFFFFFFFFFFFFFFFFFFFFFFFFFFFFFFFFFFFFFFFFFFFFFFFFFFFFFFFFFFFFFF0E
:20928000FFFFFFFFFFFFFFFFFFFFFFFFFFFFFFFFFFFFFFFFFFFFFFFFFFFFFFFFFFFFFFFFEE
:2092A000FFFFFFFFFFFFFFFFFFFFFFFFFFFFFFFFFFFFFFFFFFFFFFFFFFFFFFFFFFFFFFFFCE
:2092C000FFFFFFFFFFFFFFFFFFFFFFFFFFFFFFFFFFFFFFFFFFFFFFFFFFFFFFFFFFFFFFFFAE
:2092E000FFFFFFFFFFFFFFFFFFFFFFFFFFFFFFFFFFFFFFFFFFFFFFFFFFFFFFFFFFFFFFFF8E
:20930000FFFFFFFFFFFFFFFFFFFFFFFFFFFFFFFFFFFFFFFFFFFFFFFFFFFFFFFFFFFFFFFF6D
:20932000FFFFFFFFFFFFFFFFFFFFFFFFFFFFFFFFFFFFFFFFFFFFFFFFFFFFFFFFFFFFFFFF4D
:20934000FFFFFFFFFFFFFFFFFFFFFFFFFFFFFFFFFFFFFFFFFFFFFFFFFFFFFFFFFFFFFFFF2D
:20936000FFFFFFFFFFFFFFFFFFFFFFFFFFFFFFFFFFFFFFFFFFFFFFFFFFFFFFFFFFFFFFFF0D
:20938000FFFFFFFFFFFFFFFFFFFFFFFFFFFFFFFFFFFFFFFFFFFFFFFFFFFFFFFFFFFFFFFFED
:2093A000FFFFFFFFFFFFFFFFFFFFFFFFFFFFFFFFFFFFFFFFFFFFFFFFFFFFFFFFFFFFFFFFCD
:2093C000FFFFFFFFFFFFFFFFFFFFFFFFFFFFFFFFFFFFFFFFFFFFFFFFFFFFFFFFFFFFFFFFAD
:2093E000FFFFFFFFFFFFFFFFFFFFFFFFFFFFFFFFFFFFFFFFFFFFFFFFFFFFFFFFFFFFFFFF8D
:20940000FFFFFFFFFFFFFFFFFFFFFFFFFFFFFFFFFFFFFFFFFFFFFFFFFFFFFFFFFFFFFFFF6C
:20942000FFFFFFFFFFFFFFFFFFFFFFFFFFFFFFFFFFFFFFFFFFFFFFFFFFFFFFFFFFFFFFFF4C
:20944000FFFFFFFFFFFFFFFFFFFFFFFFFFFFFFFFFFFFFFFFFFFFFFFFFFFFFFFFFFFFFFFF2C
:20946000FFFFFFFFFFFFFFFFFFFFFFFFFFFFFFFFFFFFFFFFFFFFFFFFFFFFFFFFFFFFFFFF0C
:20948000FFFFFFFFFFFFFFFFFFFFFFFFFFFFFFFFFFFFFFFFFFFFFFFFFFFFFFFFFFFFFFFFEC
:2094A000FFFFFFFFFFFFFFFFFFFFFFFFFFFFFFFFFFFFFFFFFFFFFFFFFFFFFFFFFFFFFFFFCC
:2094C000FFFFFFFFFFFFFFFFFFFFFFFFFFFFFFFFFFFFFFFFFFFFFFFFFFFFFFFFFFFFFFFFAC
:2094E000FFFFFFFFFFFFFFFFFFFFFFFFFFFFFFFFFFFFFFFFFFFFFFFFFFFFFFFFFFFFFFFF8C
:20950000FFFFFFFFFFFFFFFFFFFFFFFFFFFFFFFFFFFFFFFFFFFFFFFFFFFFFFFFFFFFFFFF6B
:20952000FFFFFFFFFFFFFFFFFFFFFFFFFFFFFFFFFFFFFFFFFFFFFFFFFFFFFFFFFFFFFFFF4B
:20954000FFFFFFFFFFFFFFFFFFFFFFFFFFFFFFFFFFFFFFFFFFFFFFFFFFFFFFFFFFFFFFFF2B
:20956000FFFFFFFFFFFFFFFFFFFFFFFFFFFFFFFFFFFFFFFFFFFFFFFFFFFFFFFFFFFFFFFF0B
:20958000FFFFFFFFFFFFFFFFFFFFFFFFFFFFFFFFFFFFFFFFFFFFFFFFFFFFFFFFFFFFFFFFEB
:2095A000FFFFFFFFFFFFFFFFFFFFFFFFFFFFFFFFFFFFFFFFFFFFFFFFFFFFFFFFFFFFFFFFCB
:2095C000FFFFFFFFFFFFFFFFFFFFFFFFFFFFFFFFFFFFFFFFFFFFFFFFFFFFFFFFFFFFFFFFAB
:2095E000FFFFFFFFFFFFFFFFFFFFFFFFFFFFFFFFFFFFFFFFFFFFFFFFFFFFFFFFFFFFFFFF8B
:20960000FFFFFFFFFFFFFFFFFFFFFFFFFFFFFFFFFFFFFFFFFFFFFFFFFFFFFFFFFFFFFFFF6A
:20962000FFFFFFFFFFFFFFFFFFFFFFFFFFFFFFFFFFFFFFFFFFFFFFFFFFFFFFFFFFFFFFFF4A
:20964000FFFFFFFFFFFFFFFFFFFFFFFFFFFFFFFFFFFFFFFFFFFFFFFFFFFFFFFFFFFFFFFF2A
:20966000FFFFFFFFFFFFFFFFFFFFFFFFFFFFFFFFFFFFFFFFFFFFFFFFFFFFFFFFFFFFFFFF0A
:20968000FFFFFFFFFFFFFFFFFFFFFFFFFFFFFFFFFFFFFFFFFFFFFFFFFFFFFFFFFFFFFFFFEA
:2096A000FFFFFFFFFFFFFFFFFFFFFFFFFFFFFFFFFFFFFFFFFFFFFFFFFFFFFFFFFFFFFFFFCA
:2096C000FFFFFFFFFFFFFFFFFFFFFFFFFFFFFFFFFFFFFFFFFFFFFFFFFFFFFFFFFFFFFFFFAA
:2096E000FFFFFFFFFFFFFFFFFFFFFFFFFFFFFFFFFFFFFFFFFFFFFFFFFFFFFFFFFFFFFFFF8A
:20970000FFFFFFFFFFFFFFFFFFFFFFFFFFFFFFFFFFFFFFFFFFFFFFFFFFFFFFFFFFFFFFFF69
:20972000FFFFFFFFFFFFFFFFFFFFFFFFFFFFFFFFFFFFFFFFFFFFFFFFFFFFFFFFFFFFFFFF49
:20974000FFFFFFFFFFFFFFFFFFFFFFFFFFFFFFFFFFFFFFFFFFFFFFFFFFFFFFFFFFFFFFFF29
:20976000FFFFFFFFFFFFFFFFFFFFFFFFFFFFFFFFFFFFFFFFFFFFFFFFFFFFFFFFFFFFFFFF09
:20978000FFFFFFFFFFFFFFFFFFFFFFFFFFFFFFFFFFFFFFFFFFFFFFFFFFFFFFFFFFFFFFFFE9
:2097A000FFFFFFFFFFFFFFFFFFFFFFFFFFFFFFFFFFFFFFFFFFFFFFFFFFFFFFFFFFFFFFFFC9
:2097C000FFFFFFFFFFFFFFFFFFFFFFFFFFFFFFFFFFFFFFFFFFFFFFFFFFFFFFFFFFFFFFFFA9
:2097E000FFFFFFFFFFFFFFFFFFFFFFFFFFFFFFFFFFFFFFFFFFFFFFFFFFFFFFFFFFFFFFFF89
:20980000FFFFFFFFFFFFFFFFFFFFFFFFFFFFFFFFFFFFFFFFFFFFFFFFFFFFFFFFFFFFFFFF68
:20982000FFFFFFFFFFFFFFFFFFFFFFFFFFFFFFFFFFFFFFFFFFFFFFFFFFFFFFFFFFFFFFFF48
:20984000FFFFFFFFFFFFFFFFFFFFFFFFFFFFFFFFFFFFFFFFFFFFFFFFFFFFFFFFFFFFFFFF28
:20986000FFFFFFFFFFFFFFFFFFFFFFFFFFFFFFFFFFFFFFFFFFFFFFFFFFFFFFFFFFFFFFFF08
:20988000FFFFFFFFFFFFFFFFFFFFFFFFFFFFFFFFFFFFFFFFFFFFFFFFFFFFFFFFFFFFFFFFE8
:2098A000FFFFFFFFFFFFFFFFFFFFFFFFFFFFFFFFFFFFFFFFFFFFFFFFFFFFFFFFFFFFFFFFC8
:2098C000FFFFFFFFFFFFFFFFFFFFFFFFFFFFFFFFFFFFFFFFFFFFFFFFFFFFFFFFFFFFFFFFA8
:2098E000FFFFFFFFFFFFFFFFFFFFFFFFFFFFFFFFFFFFFFFFFFFFFFFFFFFFFFFFFFFFFFFF88
:20990000FFFFFFFFFFFFFFFFFFFFFFFFFFFFFFFFFFFFFFFFFFFFFFFFFFFFFFFFFFFFFFFF67
:20992000FFFFFFFFFFFFFFFFFFFFFFFFFFFFFFFFFFFFFFFFFFFFFFFFFFFFFFFFFFFFFFFF47
:20994000FFFFFFFFFFFFFFFFFFFFFFFFFFFFFFFFFFFFFFFFFFFFFFFFFFFFFFFFFFFFFFFF27
:20996000FFFFFFFFFFFFFFFFFFFFFFFFFFFFFFFFFFFFFFFFFFFFFFFFFFFFFFFFFFFFFFFF07
:20998000FFFFFFFFFFFFFFFFFFFFFFFFFFFFFFFFFFFFFFFFFFFFFFFFFFFFFFFFFFFFFFFFE7
:2099A000FFFFFFFFFFFFFFFFFFFFFFFFFFFFFFFFFFFFFFFFFFFFFFFFFFFFFFFFFFFFFFFFC7
:2099C000FFFFFFFFFFFFFFFFFFFFFFFFFFFFFFFFFFFFFFFFFFFFFFFFFFFFFFFFFFFFFFFFA7
:2099E000FFFFFFFFFFFFFFFFFFFFFFFFFFFFFFFFFFFFFFFFFFFFFFFFFFFFFFFFFFFFFFFF87
:209A0000FFFFFFFFFFFFFFFFFFFFFFFFFFFFFFFFFFFFFFFFFFFFFFFFFFFFFFFFFFFFFFFF66
:209A2000FFFFFFFFFFFFFFFFFFFFFFFFFFFFFFFFFFFFFFFFFFFFFFFFFFFFFFFFFFFFFFFF46
:209A4000FFFFFFFFFFFFFFFFFFFFFFFFFFFFFFFFFFFFFFFFFFFFFFFFFFFFFFFFFFFFFFFF26
:209A6000FFFFFFFFFFFFFFFFFFFFFFFFFFFFFFFFFFFFFFFFFFFFFFFFFFFFFFFFFFFFFFFF06
:209A8000FFFFFFFFFFFFFFFFFFFFFFFFFFFFFFFFFFFFFFFFFFFFFFFFFFFFFFFFFFFFFFFFE6
:209AA000FFFFFFFFFFFFFFFFFFFFFFFFFFFFFFFFFFFFFFFFFFFFFFFFFFFFFFFFFFFFFFFFC6
:209AC000FFFFFFFFFFFFFFFFFFFFFFFFFFFFFFFFFFFFFFFFFFFFFFFFFFFFFFFFFFFFFFFFA6
:209AE000FFFFFFFFFFFFFFFFFFFFFFFFFFFFFFFFFFFFFFFFFFFFFFFFFFFFFFFFFFFFFFFF86
:209B0000FFFFFFFFFFFFFFFFFFFFFFFFFFFFFFFFFFFFFFFFFFFFFFFFFFFFFFFFFFFFFFFF65
:209B2000FFFFFFFFFFFFFFFFFFFFFFFFFFFFFFFFFFFFFFFFFFFFFFFFFFFFFFFFFFFFFFFF45
:209B4000FFFFFFFFFFFFFFFFFFFFFFFFFFFFFFFFFFFFFFFFFFFFFFFFFFFFFFFFFFFFFFFF25
:209B6000FFFFFFFFFFFFFFFFFFFFFFFFFFFFFFFFFFFFFFFFFFFFFFFFFFFFFFFFFFFFFFFF05
:209B8000FFFFFFFFFFFFFFFFFFFFFFFFFFFFFFFFFFFFFFFFFFFFFFFFFFFFFFFFFFFFFFFFE5
:209BA000FFFFFFFFFFFFFFFFFFFFFFFFFFFFFFFFFFFFFFFFFFFFFFFFFFFFFFFFFFFFFFFFC5
:209BC000FFFFFFFFFFFFFFFFFFFFFFFFFFFFFFFFFFFFFFFFFFFFFFFFFFFFFFFFFFFFFFFFA5
:209BE000FFFFFFFFFFFFFFFFFFFFFFFFFFFFFFFFFFFFFFFFFFFFFFFFFFFFFFFFFFFFFFFF85
:209C0000FFFFFFFFFFFFFFFFFFFFFFFFFFFFFFFFFFFFFFFFFFFFFFFFFFFFFFFFFFFFFFFF64
:209C2000FFFFFFFFFFFFFFFFFFFFFFFFFFFFFFFFFFFFFFFFFFFFFFFFFFFFFFFFFFFFFFFF44
:209C4000FFFFFFFFFFFFFFFFFFFFFFFFFFFFFFFFFFFFFFFFFFFFFFFFFFFFFFFFFFFFFFFF24
:209C6000FFFFFFFFFFFFFFFFFFFFFFFFFFFFFFFFFFFFFFFFFFFFFFFFFFFFFFFFFFFFFFFF04
:209C8000FFFFFFFFFFFFFFFFFFFFFFFFFFFFFFFFFFFFFFFFFFFFFFFFFFFFFFFFFFFFFFFFE4
:209CA000FFFFFFFFFFFFFFFFFFFFFFFFFFFFFFFFFFFFFFFFFFFFFFFFFFFFFFFFFFFFFFFFC4
:209CC000FFFFFFFFFFFFFFFFFFFFFFFFFFFFFFFFFFFFFFFFFFFFFFFFFFFFFFFFFFFFFFFFA4
:209CE000FFFFFFFFFFFFFFFFFFFFFFFFFFFFFFFFFFFFFFFFFFFFFFFFFFFFFFFFFFFFFFFF84
:209D0000FFFFFFFFFFFFFFFFFFFFFFFFFFFFFFFFFFFFFFFFFFFFFFFFFFFFFFFFFFFFFFFF63
:209D2000FFFFFFFFFFFFFFFFFFFFFFFFFFFFFFFFFFFFFFFFFFFFFFFFFFFFFFFFFFFFFFFF43
:209D4000FFFFFFFFFFFFFFFFFFFFFFFFFFFFFFFFFFFFFFFFFFFFFFFFFFFFFFFFFFFFFFFF23
:209D6000FFFFFFFFFFFFFFFFFFFFFFFFFFFFFFFFFFFFFFFFFFFFFFFFFFFFFFFFFFFFFFFF03
:209D8000FFFFFFFFFFFFFFFFFFFFFFFFFFFFFFFFFFFFFFFFFFFFFFFFFFFFFFFFFFFFFFFFE3
:209DA000FFFFFFFFFFFFFFFFFFFFFFFFFFFFFFFFFFFFFFFFFFFFFFFFFFFFFFFFFFFFFFFFC3
:209DC000FFFFFFFFFFFFFFFFFFFFFFFFFFFFFFFFFFFFFFFFFFFFFFFFFFFFFFFFFFFFFFFFA3
:209DE000FFFFFFFFFFFFFFFFFFFFFFFFFFFFFFFFFFFFFFFFFFFFFFFFFFFFFFFFFFFFFFFF83
:209E0000FFFFFFFFFFFFFFFFFFFFFFFFFFFFFFFFFFFFFFFFFFFFFFFFFFFFFFFFFFFFFFFF62
:209E2000FFFFFFFFFFFFFFFFFFFFFFFFFFFFFFFFFFFFFFFFFFFFFFFFFFFFFFFFFFFFFFFF42
:209E4000FFFFFFFFFFFFFFFFFFFFFFFFFFFFFFFFFFFFFFFFFFFFFFFFFFFFFFFFFFFFFFFF22
:209E6000FFFFFFFFFFFFFFFFFFFFFFFFFFFFFFFFFFFFFFFFFFFFFFFFFFFFFFFFFFFFFFFF02
:209E8000FFFFFFFFFFFFFFFFFFFFFFFFFFFFFFFFFFFFFFFFFFFFFFFFFFFFFFFFFFFFFFFFE2
:209EA000FFFFFFFFFFFFFFFFFFFFFFFFFFFFFFFFFFFFFFFFFFFFFFFFFFFFFFFFFFFFFFFFC2
:209EC000FFFFFFFFFFFFFFFFFFFFFFFFFFFFFFFFFFFFFFFFFFFFFFFFFFFFFFFFFFFFFFFFA2
:209EE000FFFFFFFFFFFFFFFFFFFFFFFFFFFFFFFFFFFFFFFFFFFFFFFFFFFFFFFFFFFFFFFF82
:209F0000FFFFFFFFFFFFFFFFFFFFFFFFFFFFFFFFFFFFFFFFFFFFFFFFFFFFFFFFFFFFFFFF61
:209F2000FFFFFFFFFFFFFFFFFFFFFFFFFFFFFFFFFFFFFFFFFFFFFFFFFFFFFFFFFFFFFFFF41
:209F4000FFFFFFFFFFFFFFFFFFFFFFFFFFFFFFFFFFFFFFFFFFFFFFFFFFFFFFFFFFFFFFFF21
:209F6000FFFFFFFFFFFFFFFFFFFFFFFFFFFFFFFFFFFFFFFFFFFFFFFFFFFFFFFFFFFFFFFF01
:209F8000FFFFFFFFFFFFFFFFFFFFFFFFFFFFFFFFFFFFFFFFFFFFFFFFFFFFFFFFFFFFFFFFE1
:209FA000FFFFFFFFFFFFFFFFFFFFFFFFFFFFFFFFFFFFFFFFFFFFFFFFFFFFFFFFFFFFFFFFC1
:209FC000FFFFFFFFFFFFFFFFFFFFFFFFFFFFFFFFFFFFFFFFFFFFFFFFFFFFFFFFFFFFFFFFA1
:209FE000FFFFFFFFFFFFFFFFFFFFFFFFFFFFFFFFFFFFFFFFFFFFFFFFFFFFFFFFFFFFFFFF81
:20A00000FFFFFFFFFFFFFFFFFFFFFFFFFFFFFFFFFFFFFFFFFFFFFFFFFFFFFFFFFFFFFFFF60
:20A02000FFFFFFFFFFFFFFFFFFFFFFFFFFFFFFFFFFFFFFFFFFFFFFFFFFFFFFFFFFFFFFFF40
:20A04000FFFFFFFFFFFFFFFFFFFFFFFFFFFFFFFFFFFFFFFFFFFFFFFFFFFFFFFFFFFFFFFF20
:20A06000FFFFFFFFFFFFFFFFFFFFFFFFFFFFFFFFFFFFFFFFFFFFFFFFFFFFFFFFFFFFFFFF00
:20A08000FFFFFFFFFFFFFFFFFFFFFFFFFFFFFFFFFFFFFFFFFFFFFFFFFFFFFFFFFFFFFFFFE0
:20A0A000FFFFFFFFFFFFFFFFFFFFFFFFFFFFFFFFFFFFFFFFFFFFFFFFFFFFFFFFFFFFFFFFC0
:20A0C000FFFFFFFFFFFFFFFFFFFFFFFFFFFFFFFFFFFFFFFFFFFFFFFFFFFFFFFFFFFFFFFFA0
:20A0E000FFFFFFFFFFFFFFFFFFFFFFFFFFFFFFFFFFFFFFFFFFFFFFFFFFFFFFFFFFFFFFFF80
:20A10000FFFFFFFFFFFFFFFFFFFFFFFFFFFFFFFFFFFFFFFFFFFFFFFFFFFFFFFFFFFFFFFF5F
:20A12000FFFFFFFFFFFFFFFFFFFFFFFFFFFFFFFFFFFFFFFFFFFFFFFFFFFFFFFFFFFFFFFF3F
:20A14000FFFFFFFFFFFFFFFFFFFFFFFFFFFFFFFFFFFFFFFFFFFFFFFFFFFFFFFFFFFFFFFF1F
:20A16000FFFFFFFFFFFFFFFFFFFFFFFFFFFFFFFFFFFFFFFFFFFFFFFFFFFFFFFFFFFFFFFFFF
:20A18000FFFFFFFFFFFFFFFFFFFFFFFFFFFFFFFFFFFFFFFFFFFFFFFFFFFFFFFFFFFFFFFFDF
:20A1A000FFFFFFFFFFFFFFFFFFFFFFFFFFFFFFFFFFFFFFFFFFFFFFFFFFFFFFFFFFFFFFFFBF
:20A1C000FFFFFFFFFFFFFFFFFFFFFFFFFFFFFFFFFFFFFFFFFFFFFFFFFFFFFFFFFFFFFFFF9F
:20A1E000FFFFFFFFFFFFFFFFFFFFFFFFFFFFFFFFFFFFFFFFFFFFFFFFFFFFFFFFFFFFFFFF7F
:20A20000FFFFFFFFFFFFFFFFFFFFFFFFFFFFFFFFFFFFFFFFFFFFFFFFFFFFFFFFFFFFFFFF5E
:20A22000FFFFFFFFFFFFFFFFFFFFFFFFFFFFFFFFFFFFFFFFFFFFFFFFFFFFFFFFFFFFFFFF3E
:20A24000FFFFFFFFFFFFFFFFFFFFFFFFFFFFFFFFFFFFFFFFFFFFFFFFFFFFFFFFFFFFFFFF1E
:20A26000FFFFFFFFFFFFFFFFFFFFFFFFFFFFFFFFFFFFFFFFFFFFFFFFFFFFFFFFFFFFFFFFFE
:20A28000FFFFFFFFFFFFFFFFFFFFFFFFFFFFFFFFFFFFFFFFFFFFFFFFFFFFFFFFFFFFFFFFDE
:20A2A000FFFFFFFFFFFFFFFFFFFFFFFFFFFFFFFFFFFFFFFFFFFFFFFFFFFFFFFFFFFFFFFFBE
:20A2C000FFFFFFFFFFFFFFFFFFFFFFFFFFFFFFFFFFFFFFFFFFFFFFFFFFFFFFFFFFFFFFFF9E
:20A2E000FFFFFFFFFFFFFFFFFFFFFFFFFFFFFFFFFFFFFFFFFFFFFFFFFFFFFFFFFFFFFFFF7E
:20A30000FFFFFFFFFFFFFFFFFFFFFFFFFFFFFFFFFFFFFFFFFFFFFFFFFFFFFFFFFFFFFFFF5D
:20A32000FFFFFFFFFFFFFFFFFFFFFFFFFFFFFFFFFFFFFFFFFFFFFFFFFFFFFFFFFFFFFFFF3D
:20A34000FFFFFFFFFFFFFFFFFFFFFFFFFFFFFFFFFFFFFFFFFFFFFFFFFFFFFFFFFFFFFFFF1D
:20A36000FFFFFFFFFFFFFFFFFFFFFFFFFFFFFFFFFFFFFFFFFFFFFFFFFFFFFFFFFFFFFFFFFD
:20A38000FFFFFFFFFFFFFFFFFFFFFFFFFFFFFFFFFFFFFFFFFFFFFFFFFFFFFFFFFFFFFFFFDD
:20A3A000FFFFFFFFFFFFFFFFFFFFFFFFFFFFFFFFFFFFFFFFFFFFFFFFFFFFFFFFFFFFFFFFBD
:20A3C000FFFFFFFFFFFFFFFFFFFFFFFFFFFFFFFFFFFFFFFFFFFFFFFFFFFFFFFFFFFFFFFF9D
:20A3E000FFFFFFFFFFFFFFFFFFFFFFFFFFFFFFFFFFFFFFFFFFFFFFFFFFFFFFFFFFFFFFFF7D
:20A40000FFFFFFFFFFFFFFFFFFFFFFFFFFFFFFFFFFFFFFFFFFFFFFFFFFFFFFFFFFFFFFFF5C
:20A42000FFFFFFFFFFFFFFFFFFFFFFFFFFFFFFFFFFFFFFFFFFFFFFFFFFFFFFFFFFFFFFFF3C
:20A44000FFFFFFFFFFFFFFFFFFFFFFFFFFFFFFFFFFFFFFFFFFFFFFFFFFFFFFFFFFFFFFFF1C
:20A46000FFFFFFFFFFFFFFFFFFFFFFFFFFFFFFFFFFFFFFFFFFFFFFFFFFFFFFFFFFFFFFFFFC
:20A48000FFFFFFFFFFFFFFFFFFFFFFFFFFFFFFFFFFFFFFFFFFFFFFFFFFFFFFFFFFFFFFFFDC
:20A4A000FFFFFFFFFFFFFFFFFFFFFFFFFFFFFFFFFFFFFFFFFFFFFFFFFFFFFFFFFFFFFFFFBC
:20A4C000FFFFFFFFFFFFFFFFFFFFFFFFFFFFFFFFFFFFFFFFFFFFFFFFFFFFFFFFFFFFFFFF9C
:20A4E000FFFFFFFFFFFFFFFFFFFFFFFFFFFFFFFFFFFFFFFFFFFFFFFFFFFFFFFFFFFFFFFF7C
:20A50000FFFFFFFFFFFFFFFFFFFFFFFFFFFFFFFFFFFFFFFFFFFFFFFFFFFFFFFFFFFFFFFF5B
:20A52000FFFFFFFFFFFFFFFFFFFFFFFFFFFFFFFFFFFFFFFFFFFFFFFFFFFFFFFFFFFFFFFF3B
:20A54000FFFFFFFFFFFFFFFFFFFFFFFFFFFFFFFFFFFFFFFFFFFFFFFFFFFFFFFFFFFFFFFF1B
:20A56000FFFFFFFFFFFFFFFFFFFFFFFFFFFFFFFFFFFFFFFFFFFFFFFFFFFFFFFFFFFFFFFFFB
:20A58000FFFFFFFFFFFFFFFFFFFFFFFFFFFFFFFFFFFFFFFFFFFFFFFFFFFFFFFFFFFFFFFFDB
:20A5A000FFFFFFFFFFFFFFFFFFFFFFFFFFFFFFFFFFFFFFFFFFFFFFFFFFFFFFFFFFFFFFFFBB
:20A5C000FFFFFFFFFFFFFFFFFFFFFFFFFFFFFFFFFFFFFFFFFFFFFFFFFFFFFFFFFFFFFFFF9B
:20A5E000FFFFFFFFFFFFFFFFFFFFFFFFFFFFFFFFFFFFFFFFFFFFFFFFFFFFFFFFFFFFFFFF7B
:20A60000FFFFFFFFFFFFFFFFFFFFFFFFFFFFFFFFFFFFFFFFFFFFFFFFFFFFFFFFFFFFFFFF5A
:20A62000FFFFFFFFFFFFFFFFFFFFFFFFFFFFFFFFFFFFFFFFFFFFFFFFFFFFFFFFFFFFFFFF3A
:20A64000FFFFFFFFFFFFFFFFFFFFFFFFFFFFFFFFFFFFFFFFFFFFFFFFFFFFFFFFFFFFFFFF1A
:20A66000FFFFFFFFFFFFFFFFFFFFFFFFFFFFFFFFFFFFFFFFFFFFFFFFFFFFFFFFFFFFFFFFFA
:20A68000FFFFFFFFFFFFFFFFFFFFFFFFFFFFFFFFFFFFFFFFFFFFFFFFFFFFFFFFFFFFFFFFDA
:20A6A000FFFFFFFFFFFFFFFFFFFFFFFFFFFFFFFFFFFFFFFFFFFFFFFFFFFFFFFFFFFFFFFFBA
:20A6C000FFFFFFFFFFFFFFFFFFFFFFFFFFFFFFFFFFFFFFFFFFFFFFFFFFFFFFFFFFFFFFFF9A
:20A6E000FFFFFFFFFFFFFFFFFFFFFFFFFFFFFFFFFFFFFFFFFFFFFFFFFFFFFFFFFFFFFFFF7A
:20A70000FFFFFFFFFFFFFFFFFFFFFFFFFFFFFFFFFFFFFFFFFFFFFFFFFFFFFFFFFFFFFFFF59
:20A72000FFFFFFFFFFFFFFFFFFFFFFFFFFFFFFFFFFFFFFFFFFFFFFFFFFFFFFFFFFFFFFFF39
:20A74000FFFFFFFFFFFFFFFFFFFFFFFFFFFFFFFFFFFFFFFFFFFFFFFFFFFFFFFFFFFFFFFF19
:20A76000FFFFFFFFFFFFFFFFFFFFFFFFFFFFFFFFFFFFFFFFFFFFFFFFFFFFFFFFFFFFFFFFF9
:20A78000FFFFFFFFFFFFFFFFFFFFFFFFFFFFFFFFFFFFFFFFFFFFFFFFFFFFFFFFFFFFFFFFD9
:20A7A000FFFFFFFFFFFFFFFFFFFFFFFFFFFFFFFFFFFFFFFFFFFFFFFFFFFFFFFFFFFFFFFFB9
:20A7C000FFFFFFFFFFFFFFFFFFFFFFFFFFFFFFFFFFFFFFFFFFFFFFFFFFFFFFFFFFFFFFFF99
:20A7E000FFFFFFFFFFFFFFFFFFFFFFFFFFFFFFFFFFFFFFFFFFFFFFFFFFFFFFFFFFFFFFFF79
:20A80000FFFFFFFFFFFFFFFFFFFFFFFFFFFFFFFFFFFFFFFFFFFFFFFFFFFFFFFFFFFFFFFF58
:20A82000FFFFFFFFFFFFFFFFFFFFFFFFFFFFFFFFFFFFFFFFFFFFFFFFFFFFFFFFFFFFFFFF38
:20A84000FFFFFFFFFFFFFFFFFFFFFFFFFFFFFFFFFFFFFFFFFFFFFFFFFFFFFFFFFFFFFFFF18
:20A86000FFFFFFFFFFFFFFFFFFFFFFFFFFFFFFFFFFFFFFFFFFFFFFFFFFFFFFFFFFFFFFFFF8
:20A88000FFFFFFFFFFFFFFFFFFFFFFFFFFFFFFFFFFFFFFFFFFFFFFFFFFFFFFFFFFFFFFFFD8
:20A8A000FFFFFFFFFFFFFFFFFFFFFFFFFFFFFFFFFFFFFFFFFFFFFFFFFFFFFFFFFFFFFFFFB8
:20A8C000FFFFFFFFFFFFFFFFFFFFFFFFFFFFFFFFFFFFFFFFFFFFFFFFFFFFFFFFFFFFFFFF98
:20A8E000FFFFFFFFFFFFFFFFFFFFFFFFFFFFFFFFFFFFFFFFFFFFFFFFFFFFFFFFFFFFFFFF78
:20A90000FFFFFFFFFFFFFFFFFFFFFFFFFFFFFFFFFFFFFFFFFFFFFFFFFFFFFFFFFFFFFFFF57
:20A92000FFFFFFFFFFFFFFFFFFFFFFFFFFFFFFFFFFFFFFFFFFFFFFFFFFFFFFFFFFFFFFFF37
:20A94000FFFFFFFFFFFFFFFFFFFFFFFFFFFFFFFFFFFFFFFFFFFFFFFFFFFFFFFFFFFFFFFF17
:20A96000FFFFFFFFFFFFFFFFFFFFFFFFFFFFFFFFFFFFFFFFFFFFFFFFFFFFFFFFFFFFFFFFF7
:20A98000FFFFFFFFFFFFFFFFFFFFFFFFFFFFFFFFFFFFFFFFFFFFFFFFFFFFFFFFFFFFFFFFD7
:20A9A000FFFFFFFFFFFFFFFFFFFFFFFFFFFFFFFFFFFFFFFFFFFFFFFFFFFFFFFFFFFFFFFFB7
:20A9C000FFFFFFFFFFFFFFFFFFFFFFFFFFFFFFFFFFFFFFFFFFFFFFFFFFFFFFFFFFFFFFFF97
:20A9E000FFFFFFFFFFFFFFFFFFFFFFFFFFFFFFFFFFFFFFFFFFFFFFFFFFFFFFFFFFFFFFFF77
:20AA0000FFFFFFFFFFFFFFFFFFFFFFFFFFFFFFFFFFFFFFFFFFFFFFFFFFFFFFFFFFFFFFFF56
:20AA2000FFFFFFFFFFFFFFFFFFFFFFFFFFFFFFFFFFFFFFFFFFFFFFFFFFFFFFFFFFFFFFFF36
:20AA4000FFFFFFFFFFFFFFFFFFFFFFFFFFFFFFFFFFFFFFFFFFFFFFFFFFFFFFFFFFFFFFFF16
:20AA6000FFFFFFFFFFFFFFFFFFFFFFFFFFFFFFFFFFFFFFFFFFFFFFFFFFFFFFFFFFFFFFFFF6
:20AA8000FFFFFFFFFFFFFFFFFFFFFFFFFFFFFFFFFFFFFFFFFFFFFFFFFFFFFFFFFFFFFFFFD6
:20AAA000FFFFFFFFFFFFFFFFFFFFFFFFFFFFFFFFFFFFFFFFFFFFFFFFFFFFFFFFFFFFFFFFB6
:20AAC000FFFFFFFFFFFFFFFFFFFFFFFFFFFFFFFFFFFFFFFFFFFFFFFFFFFFFFFFFFFFFFFF96
:20AAE000FFFFFFFFFFFFFFFFFFFFFFFFFFFFFFFFFFFFFFFFFFFFFFFFFFFFFFFFFFFFFFFF76
:20AB0000FFFFFFFFFFFFFFFFFFFFFFFFFFFFFFFFFFFFFFFFFFFFFFFFFFFFFFFFFFFFFFFF55
:20AB2000FFFFFFFFFFFFFFFFFFFFFFFFFFFFFFFFFFFFFFFFFFFFFFFFFFFFFFFFFFFFFFFF35
:20AB4000FFFFFFFFFFFFFFFFFFFFFFFFFFFFFFFFFFFFFFFFFFFFFFFFFFFFFFFFFFFFFFFF15
:20AB6000FFFFFFFFFFFFFFFFFFFFFFFFFFFFFFFFFFFFFFFFFFFFFFFFFFFFFFFFFFFFFFFFF5
:20AB8000FFFFFFFFFFFFFFFFFFFFFFFFFFFFFFFFFFFFFFFFFFFFFFFFFFFFFFFFFFFFFFFFD5
:20ABA000FFFFFFFFFFFFFFFFFFFFFFFFFFFFFFFFFFFFFFFFFFFFFFFFFFFFFFFFFFFFFFFFB5
:20ABC000FFFFFFFFFFFFFFFFFFFFFFFFFFFFFFFFFFFFFFFFFFFFFFFFFFFFFFFFFFFFFFFF95
:20ABE000FFFFFFFFFFFFFFFFFFFFFFFFFFFFFFFFFFFFFFFFFFFFFFFFFFFFFFFFFFFFFFFF75
:20AC0000FFFFFFFFFFFFFFFFFFFFFFFFFFFFFFFFFFFFFFFFFFFFFFFFFFFFFFFFFFFFFFFF54
:20AC2000FFFFFFFFFFFFFFFFFFFFFFFFFFFFFFFFFFFFFFFFFFFFFFFFFFFFFFFFFFFFFFFF34
:20AC4000FFFFFFFFFFFFFFFFFFFFFFFFFFFFFFFFFFFFFFFFFFFFFFFFFFFFFFFFFFFFFFFF14
:20AC6000FFFFFFFFFFFFFFFFFFFFFFFFFFFFFFFFFFFFFFFFFFFFFFFFFFFFFFFFFFFFFFFFF4
:20AC8000FFFFFFFFFFFFFFFFFFFFFFFFFFFFFFFFFFFFFFFFFFFFFFFFFFFFFFFFFFFFFFFFD4
:20ACA000FFFFFFFFFFFFFFFFFFFFFFFFFFFFFFFFFFFFFFFFFFFFFFFFFFFFFFFFFFFFFFFFB4
:20ACC000FFFFFFFFFFFFFFFFFFFFFFFFFFFFFFFFFFFFFFFFFFFFFFFFFFFFFFFFFFFFFFFF94
:20ACE000FFFFFFFFFFFFFFFFFFFFFFFFFFFFFFFFFFFFFFFFFFFFFFFFFFFFFFFFFFFFFFFF74
:20AD0000FFFFFFFFFFFFFFFFFFFFFFFFFFFFFFFFFFFFFFFFFFFFFFFFFFFFFFFFFFFFFFFF53
:20AD2000FFFFFFFFFFFFFFFFFFFFFFFFFFFFFFFFFFFFFFFFFFFFFFFFFFFFFFFFFFFFFFFF33
:20AD4000FFFFFFFFFFFFFFFFFFFFFFFFFFFFFFFFFFFFFFFFFFFFFFFFFFFFFFFFFFFFFFFF13
:20AD6000FFFFFFFFFFFFFFFFFFFFFFFFFFFFFFFFFFFFFFFFFFFFFFFFFFFFFFFFFFFFFFFFF3
:20AD8000FFFFFFFFFFFFFFFFFFFFFFFFFFFFFFFFFFFFFFFFFFFFFFFFFFFFFFFFFFFFFFFFD3
:20ADA000FFFFFFFFFFFFFFFFFFFFFFFFFFFFFFFFFFFFFFFFFFFFFFFFFFFFFFFFFFFFFFFFB3
:20ADC000FFFFFFFFFFFFFFFFFFFFFFFFFFFFFFFFFFFFFFFFFFFFFFFFFFFFFFFFFFFFFFFF93
:20ADE000FFFFFFFFFFFFFFFFFFFFFFFFFFFFFFFFFFFFFFFFFFFFFFFFFFFFFFFFFFFFFFFF73
:20AE0000FFFFFFFFFFFFFFFFFFFFFFFFFFFFFFFFFFFFFFFFFFFFFFFFFFFFFFFFFFFFFFFF52
:20AE2000FFFFFFFFFFFFFFFFFFFFFFFFFFFFFFFFFFFFFFFFFFFFFFFFFFFFFFFFFFFFFFFF32
:20AE4000FFFFFFFFFFFFFFFFFFFFFFFFFFFFFFFFFFFFFFFFFFFFFFFFFFFFFFFFFFFFFFFF12
:20AE6000FFFFFFFFFFFFFFFFFFFFFFFFFFFFFFFFFFFFFFFFFFFFFFFFFFFFFFFFFFFFFFFFF2
:20AE8000FFFFFFFFFFFFFFFFFFFFFFFFFFFFFFFFFFFFFFFFFFFFFFFFFFFFFFFFFFFFFFFFD2
:20AEA000FFFFFFFFFFFFFFFFFFFFFFFFFFFFFFFFFFFFFFFFFFFFFFFFFFFFFFFFFFFFFFFFB2
:20AEC000FFFFFFFFFFFFFFFFFFFFFFFFFFFFFFFFFFFFFFFFFFFFFFFFFFFFFFFFFFFFFFFF92
:20AEE000FFFFFFFFFFFFFFFFFFFFFFFFFFFFFFFFFFFFFFFFFFFFFFFFFFFFFFFFFFFFFFFF72
:20AF0000FFFFFFFFFFFFFFFFFFFFFFFFFFFFFFFFFFFFFFFFFFFFFFFFFFFFFFFFFFFFFFFF51
:20AF2000FFFFFFFFFFFFFFFFFFFFFFFFFFFFFFFFFFFFFFFFFFFFFFFFFFFFFFFFFFFFFFFF31
:20AF4000FFFFFFFFFFFFFFFFFFFFFFFFFFFFFFFFFFFFFFFFFFFFFFFFFFFFFFFFFFFFFFFF11
:20AF6000FFFFFFFFFFFFFFFFFFFFFFFFFFFFFFFFFFFFFFFFFFFFFFFFFFFFFFFFFFFFFFFFF1
:20AF8000FFFFFFFFFFFFFFFFFFFFFFFFFFFFFFFFFFFFFFFFFFFFFFFFFFFFFFFFFFFFFFFFD1
:20AFA000FFFFFFFFFFFFFFFFFFFFFFFFFFFFFFFFFFFFFFFFFFFFFFFFFFFFFFFFFFFFFFFFB1
:20AFC000FFFFFFFFFFFFFFFFFFFFFFFFFFFFFFFFFFFFFFFFFFFFFFFFFFFFFFFFFFFFFFFF91
:20AFE000FFFFFFFFFFFFFFFFFFFFFFFFFFFFFFFFFFFFFFFFFFFFFFFFFFFFFFFFFFFFFFFF71
:20B00000FFFFFFFFFFFFFFFFFFFFFFFFFFFFFFFFFFFFFFFFFFFFFFFFFFFFFFFFFFFFFFFF50
:20B02000FFFFFFFFFFFFFFFFFFFFFFFFFFFFFFFFFFFFFFFFFFFFFFFFFFFFFFFFFFFFFFFF30
:20B04000FFFFFFFFFFFFFFFFFFFFFFFFFFFFFFFFFFFFFFFFFFFFFFFFFFFFFFFFFFFFFFFF10
:20B06000FFFFFFFFFFFFFFFFFFFFFFFFFFFFFFFFFFFFFFFFFFFFFFFFFFFFFFFFFFFFFFFFF0
:20B08000FFFFFFFFFFFFFFFFFFFFFFFFFFFFFFFFFFFFFFFFFFFFFFFFFFFFFFFFFFFFFFFFD0
:20B0A000FFFFFFFFFFFFFFFFFFFFFFFFFFFFFFFFFFFFFFFFFFFFFFFFFFFFFFFFFFFFFFFFB0
:20B0C000FFFFFFFFFFFFFFFFFFFFFFFFFFFFFFFFFFFFFFFFFFFFFFFFFFFFFFFFFFFFFFFF90
:20B0E000FFFFFFFFFFFFFFFFFFFFFFFFFFFFFFFFFFFFFFFFFFFFFFFFFFFFFFFFFFFFFFFF70
:20B10000FFFFFFFFFFFFFFFFFFFFFFFFFFFFFFFFFFFFFFFFFFFFFFFFFFFFFFFFFFFFFFFF4F
:20B12000FFFFFFFFFFFFFFFFFFFFFFFFFFFFFFFFFFFFFFFFFFFFFFFFFFFFFFFFFFFFFFFF2F
:20B14000FFFFFFFFFFFFFFFFFFFFFFFFFFFFFFFFFFFFFFFFFFFFFFFFFFFFFFFFFFFFFFFF0F
:20B16000FFFFFFFFFFFFFFFFFFFFFFFFFFFFFFFFFFFFFFFFFFFFFFFFFFFFFFFFFFFFFFFFEF
:20B18000FFFFFFFFFFFFFFFFFFFFFFFFFFFFFFFFFFFFFFFFFFFFFFFFFFFFFFFFFFFFFFFFCF
:20B1A000FFFFFFFFFFFFFFFFFFFFFFFFFFFFFFFFFFFFFFFFFFFFFFFFFFFFFFFFFFFFFFFFAF
:20B1C000FFFFFFFFFFFFFFFFFFFFFFFFFFFFFFFFFFFFFFFFFFFFFFFFFFFFFFFFFFFFFFFF8F
:20B1E000FFFFFFFFFFFFFFFFFFFFFFFFFFFFFFFFFFFFFFFFFFFFFFFFFFFFFFFFFFFFFFFF6F
:20B20000FFFFFFFFFFFFFFFFFFFFFFFFFFFFFFFFFFFFFFFFFFFFFFFFFFFFFFFFFFFFFFFF4E
:20B22000FFFFFFFFFFFFFFFFFFFFFFFFFFFFFFFFFFFFFFFFFFFFFFFFFFFFFFFFFFFFFFFF2E
:20B24000FFFFFFFFFFFFFFFFFFFFFFFFFFFFFFFFFFFFFFFFFFFFFFFFFFFFFFFFFFFFFFFF0E
:20B26000FFFFFFFFFFFFFFFFFFFFFFFFFFFFFFFFFFFFFFFFFFFFFFFFFFFFFFFFFFFFFFFFEE
:20B28000FFFFFFFFFFFFFFFFFFFFFFFFFFFFFFFFFFFFFFFFFFFFFFFFFFFFFFFFFFFFFFFFCE
:20B2A000FFFFFFFFFFFFFFFFFFFFFFFFFFFFFFFFFFFFFFFFFFFFFFFFFFFFFFFFFFFFFFFFAE
:20B2C000FFFFFFFFFFFFFFFFFFFFFFFFFFFFFFFFFFFFFFFFFFFFFFFFFFFFFFFFFFFFFFFF8E
:20B2E000FFFFFFFFFFFFFFFFFFFFFFFFFFFFFFFFFFFFFFFFFFFFFFFFFFFFFFFFFFFFFFFF6E
:20B30000FFFFFFFFFFFFFFFFFFFFFFFFFFFFFFFFFFFFFFFFFFFFFFFFFFFFFFFFFFFFFFFF4D
:20B32000FFFFFFFFFFFFFFFFFFFFFFFFFFFFFFFFFFFFFFFFFFFFFFFFFFFFFFFFFFFFFFFF2D
:20B34000FFFFFFFFFFFFFFFFFFFFFFFFFFFFFFFFFFFFFFFFFFFFFFFFFFFFFFFFFFFFFFFF0D
:20B36000FFFFFFFFFFFFFFFFFFFFFFFFFFFFFFFFFFFFFFFFFFFFFFFFFFFFFFFFFFFFFFFFED
:20B38000FFFFFFFFFFFFFFFFFFFFFFFFFFFFFFFFFFFFFFFFFFFFFFFFFFFFFFFFFFFFFFFFCD
:20B3A000FFFFFFFFFFFFFFFFFFFFFFFFFFFFFFFFFFFFFFFFFFFFFFFFFFFFFFFFFFFFFFFFAD
:20B3C000FFFFFFFFFFFFFFFFFFFFFFFFFFFFFFFFFFFFFFFFFFFFFFFFFFFFFFFFFFFFFFFF8D
:20B3E000FFFFFFFFFFFFFFFFFFFFFFFFFFFFFFFFFFFFFFFFFFFFFFFFFFFFFFFFFFFFFFFF6D
:20B40000FFFFFFFFFFFFFFFFFFFFFFFFFFFFFFFFFFFFFFFFFFFFFFFFFFFFFFFFFFFFFFFF4C
:20B42000FFFFFFFFFFFFFFFFFFFFFFFFFFFFFFFFFFFFFFFFFFFFFFFFFFFFFFFFFFFFFFFF2C
:20B44000FFFFFFFFFFFFFFFFFFFFFFFFFFFFFFFFFFFFFFFFFFFFFFFFFFFFFFFFFFFFFFFF0C
:20B46000FFFFFFFFFFFFFFFFFFFFFFFFFFFFFFFFFFFFFFFFFFFFFFFFFFFFFFFFFFFFFFFFEC
:20B48000FFFFFFFFFFFFFFFFFFFFFFFFFFFFFFFFFFFFFFFFFFFFFFFFFFFFFFFFFFFFFFFFCC
:20B4A000FFFFFFFFFFFFFFFFFFFFFFFFFFFFFFFFFFFFFFFFFFFFFFFFFFFFFFFFFFFFFFFFAC
:20B4C000FFFFFFFFFFFFFFFFFFFFFFFFFFFFFFFFFFFFFFFFFFFFFFFFFFFFFFFFFFFFFFFF8C
:20B4E000FFFFFFFFFFFFFFFFFFFFFFFFFFFFFFFFFFFFFFFFFFFFFFFFFFFFFFFFFFFFFFFF6C
:20B50000FFFFFFFFFFFFFFFFFFFFFFFFFFFFFFFFFFFFFFFFFFFFFFFFFFFFFFFFFFFFFFFF4B
:20B52000FFFFFFFFFFFFFFFFFFFFFFFFFFFFFFFFFFFFFFFFFFFFFFFFFFFFFFFFFFFFFFFF2B
:20B54000FFFFFFFFFFFFFFFFFFFFFFFFFFFFFFFFFFFFFFFFFFFFFFFFFFFFFFFFFFFFFFFF0B
:20B56000FFFFFFFFFFFFFFFFFFFFFFFFFFFFFFFFFFFFFFFFFFFFFFFFFFFFFFFFFFFFFFFFEB
:20B58000FFFFFFFFFFFFFFFFFFFFFFFFFFFFFFFFFFFFFFFFFFFFFFFFFFFFFFFFFFFFFFFFCB
:20B5A000FFFFFFFFFFFFFFFFFFFFFFFFFFFFFFFFFFFFFFFFFFFFFFFFFFFFFFFFFFFFFFFFAB
:20B5C000FFFFFFFFFFFFFFFFFFFFFFFFFFFFFFFFFFFFFFFFFFFFFFFFFFFFFFFFFFFFFFFF8B
:20B5E000FFFFFFFFFFFFFFFFFFFFFFFFFFFFFFFFFFFFFFFFFFFFFFFFFFFFFFFFFFFFFFFF6B
:20B60000FFFFFFFFFFFFFFFFFFFFFFFFFFFFFFFFFFFFFFFFFFFFFFFFFFFFFFFFFFFFFFFF4A
:20B62000FFFFFFFFFFFFFFFFFFFFFFFFFFFFFFFFFFFFFFFFFFFFFFFFFFFFFFFFFFFFFFFF2A
:20B64000FFFFFFFFFFFFFFFFFFFFFFFFFFFFFFFFFFFFFFFFFFFFFFFFFFFFFFFFFFFFFFFF0A
:20B66000FFFFFFFFFFFFFFFFFFFFFFFFFFFFFFFFFFFFFFFFFFFFFFFFFFFFFFFFFFFFFFFFEA
:20B68000FFFFFFFFFFFFFFFFFFFFFFFFFFFFFFFFFFFFFFFFFFFFFFFFFFFFFFFFFFFFFFFFCA
:20B6A000FFFFFFFFFFFFFFFFFFFFFFFFFFFFFFFFFFFFFFFFFFFFFFFFFFFFFFFFFFFFFFFFAA
:20B6C000FFFFFFFFFFFFFFFFFFFFFFFFFFFFFFFFFFFFFFFFFFFFFFFFFFFFFFFFFFFFFFFF8A
:20B6E000FFFFFFFFFFFFFFFFFFFFFFFFFFFFFFFFFFFFFFFFFFFFFFFFFFFFFFFFFFFFFFFF6A
:20B70000FFFFFFFFFFFFFFFFFFFFFFFFFFFFFFFFFFFFFFFFFFFFFFFFFFFFFFFFFFFFFFFF49
:20B72000FFFFFFFFFFFFFFFFFFFFFFFFFFFFFFFFFFFFFFFFFFFFFFFFFFFFFFFFFFFFFFFF29
:20B74000FFFFFFFFFFFFFFFFFFFFFFFFFFFFFFFFFFFFFFFFFFFFFFFFFFFFFFFFFFFFFFFF09
:20B76000FFFFFFFFFFFFFFFFFFFFFFFFFFFFFFFFFFFFFFFFFFFFFFFFFFFFFFFFFFFFFFFFE9
:20B78000FFFFFFFFFFFFFFFFFFFFFFFFFFFFFFFFFFFFFFFFFFFFFFFFFFFFFFFFFFFFFFFFC9
:20B7A000FFFFFFFFFFFFFFFFFFFFFFFFFFFFFFFFFFFFFFFFFFFFFFFFFFFFFFFFFFFFFFFFA9
:20B7C000FFFFFFFFFFFFFFFFFFFFFFFFFFFFFFFFFFFFFFFFFFFFFFFFFFFFFFFFFFFFFFFF89
:20B7E000FFFFFFFFFFFFFFFFFFFFFFFFFFFFFFFFFFFFFFFFFFFFFFFFFFFFFFFFFFFFFFFF69
:20B80000FFFFFFFFFFFFFFFFFFFFFFFFFFFFFFFFFFFFFFFFFFFFFFFFFFFFFFFFFFFFFFFF48
:20B82000FFFFFFFFFFFFFFFFFFFFFFFFFFFFFFFFFFFFFFFFFFFFFFFFFFFFFFFFFFFFFFFF28
:20B84000FFFFFFFFFFFFFFFFFFFFFFFFFFFFFFFFFFFFFFFFFFFFFFFFFFFFFFFFFFFFFFFF08
:20B86000FFFFFFFFFFFFFFFFFFFFFFFFFFFFFFFFFFFFFFFFFFFFFFFFFFFFFFFFFFFFFFFFE8
:20B88000FFFFFFFFFFFFFFFFFFFFFFFFFFFFFFFFFFFFFFFFFFFFFFFFFFFFFFFFFFFFFFFFC8
:20B8A000FFFFFFFFFFFFFFFFFFFFFFFFFFFFFFFFFFFFFFFFFFFFFFFFFFFFFFFFFFFFFFFFA8
:20B8C000FFFFFFFFFFFFFFFFFFFFFFFFFFFFFFFFFFFFFFFFFFFFFFFFFFFFFFFFFFFFFFFF88
:20B8E000FFFFFFFFFFFFFFFFFFFFFFFFFFFFFFFFFFFFFFFFFFFFFFFFFFFFFFFFFFFFFFFF68
:20B90000FFFFFFFFFFFFFFFFFFFFFFFFFFFFFFFFFFFFFFFFFFFFFFFFFFFFFFFFFFFFFFFF47
:20B92000FFFFFFFFFFFFFFFFFFFFFFFFFFFFFFFFFFFFFFFFFFFFFFFFFFFFFFFFFFFFFFFF27
:20B94000FFFFFFFFFFFFFFFFFFFFFFFFFFFFFFFFFFFFFFFFFFFFFFFFFFFFFFFFFFFFFFFF07
:20B96000FFFFFFFFFFFFFFFFFFFFFFFFFFFFFFFFFFFFFFFFFFFFFFFFFFFFFFFFFFFFFFFFE7
:20B98000FFFFFFFFFFFFFFFFFFFFFFFFFFFFFFFFFFFFFFFFFFFFFFFFFFFFFFFFFFFFFFFFC7
:20B9A000FFFFFFFFFFFFFFFFFFFFFFFFFFFFFFFFFFFFFFFFFFFFFFFFFFFFFFFFFFFFFFFFA7
:20B9C000FFFFFFFFFFFFFFFFFFFFFFFFFFFFFFFFFFFFFFFFFFFFFFFFFFFFFFFFFFFFFFFF87
:20B9E000FFFFFFFFFFFFFFFFFFFFFFFFFFFFFFFFFFFFFFFFFFFFFFFFFFFFFFFFFFFFFFFF67
:20BA0000FFFFFFFFFFFFFFFFFFFFFFFFFFFFFFFFFFFFFFFFFFFFFFFFFFFFFFFFFFFFFFFF46
:20BA2000FFFFFFFFFFFFFFFFFFFFFFFFFFFFFFFFFFFFFFFFFFFFFFFFFFFFFFFFFFFFFFFF26
:20BA4000FFFFFFFFFFFFFFFFFFFFFFFFFFFFFFFFFFFFFFFFFFFFFFFFFFFFFFFFFFFFFFFF06
:20BA6000FFFFFFFFFFFFFFFFFFFFFFFFFFFFFFFFFFFFFFFFFFFFFFFFFFFFFFFFFFFFFFFFE6
:20BA8000FFFFFFFFFFFFFFFFFFFFFFFFFFFFFFFFFFFFFFFFFFFFFFFFFFFFFFFFFFFFFFFFC6
:20BAA000FFFFFFFFFFFFFFFFFFFFFFFFFFFFFFFFFFFFFFFFFFFFFFFFFFFFFFFFFFFFFFFFA6
:20BAC000FFFFFFFFFFFFFFFFFFFFFFFFFFFFFFFFFFFFFFFFFFFFFFFFFFFFFFFFFFFFFFFF86
:20BAE000FFFFFFFFFFFFFFFFFFFFFFFFFFFFFFFFFFFFFFFFFFFFFFFFFFFFFFFFFFFFFFFF66
:20BB0000FFFFFFFFFFFFFFFFFFFFFFFFFFFFFFFFFFFFFFFFFFFFFFFFFFFFFFFFFFFFFFFF45
:20BB2000FFFFFFFFFFFFFFFFFFFFFFFFFFFFFFFFFFFFFFFFFFFFFFFFFFFFFFFFFFFFFFFF25
:20BB4000FFFFFFFFFFFFFFFFFFFFFFFFFFFFFFFFFFFFFFFFFFFFFFFFFFFFFFFFFFFFFFFF05
:20BB6000FFFFFFFFFFFFFFFFFFFFFFFFFFFFFFFFFFFFFFFFFFFFFFFFFFFFFFFFFFFFFFFFE5
:20BB8000FFFFFFFFFFFFFFFFFFFFFFFFFFFFFFFFFFFFFFFFFFFFFFFFFFFFFFFFFFFFFFFFC5
:20BBA000FFFFFFFFFFFFFFFFFFFFFFFFFFFFFFFFFFFFFFFFFFFFFFFFFFFFFFFFFFFFFFFFA5
:20BBC000FFFFFFFFFFFFFFFFFFFFFFFFFFFFFFFFFFFFFFFFFFFFFFFFFFFFFFFFFFFFFFFF85
:20BBE000FFFFFFFFFFFFFFFFFFFFFFFFFFFFFFFFFFFFFFFFFFFFFFFFFFFFFFFFFFFFFFFF65
:20BC0000FFFFFFFFFFFFFFFFFFFFFFFFFFFFFFFFFFFFFFFFFFFFFFFFFFFFFFFFFFFFFFFF44
:20BC2000FFFFFFFFFFFFFFFFFFFFFFFFFFFFFFFFFFFFFFFFFFFFFFFFFFFFFFFFFFFFFFFF24
:20BC4000FFFFFFFFFFFFFFFFFFFFFFFFFFFFFFFFFFFFFFFFFFFFFFFFFFFFFFFFFFFFFFFF04
:20BC6000FFFFFFFFFFFFFFFFFFFFFFFFFFFFFFFFFFFFFFFFFFFFFFFFFFFFFFFFFFFFFFFFE4
:20BC8000FFFFFFFFFFFFFFFFFFFFFFFFFFFFFFFFFFFFFFFFFFFFFFFFFFFFFFFFFFFFFFFFC4
:20BCA000FFFFFFFFFFFFFFFFFFFFFFFFFFFFFFFFFFFFFFFFFFFFFFFFFFFFFFFFFFFFFFFFA4
:20BCC000FFFFFFFFFFFFFFFFFFFFFFFFFFFFFFFFFFFFFFFFFFFFFFFFFFFFFFFFFFFFFFFF84
:20BCE000FFFFFFFFFFFFFFFFFFFFFFFFFFFFFFFFFFFFFFFFFFFFFFFFFFFFFFFFFFFFFFFF64
:20BD0000FFFFFFFFFFFFFFFFFFFFFFFFFFFFFFFFFFFFFFFFFFFFFFFFFFFFFFFFFFFFFFFF43
:20BD2000FFFFFFFFFFFFFFFFFFFFFFFFFFFFFFFFFFFFFFFFFFFFFFFFFFFFFFFFFFFFFFFF23
:20BD4000FFFFFFFFFFFFFFFFFFFFFFFFFFFFFFFFFFFFFFFFFFFFFFFFFFFFFFFFFFFFFFFF03
:20BD6000FFFFFFFFFFFFFFFFFFFFFFFFFFFFFFFFFFFFFFFFFFFFFFFFFFFFFFFFFFFFFFFFE3
:20BD8000FFFFFFFFFFFFFFFFFFFFFFFFFFFFFFFFFFFFFFFFFFFFFFFFFFFFFFFFFFFFFFFFC3
:20BDA000FFFFFFFFFFFFFFFFFFFFFFFFFFFFFFFFFFFFFFFFFFFFFFFFFFFFFFFFFFFFFFFFA3
:20BDC000FFFFFFFFFFFFFFFFFFFFFFFFFFFFFFFFFFFFFFFFFFFFFFFFFFFFFFFFFFFFFFFF83
:20BDE000FFFFFFFFFFFFFFFFFFFFFFFFFFFFFFFFFFFFFFFFFFFFFFFFFFFFFFFFFFFFFFFF63
:20BE0000FFFFFFFFFFFFFFFFFFFFFFFFFFFFFFFFFFFFFFFFFFFFFFFFFFFFFFFFFFFFFFFF42
:20BE2000FFFFFFFFFFFFFFFFFFFFFFFFFFFFFFFFFFFFFFFFFFFFFFFFFFFFFFFFFFFFFFFF22
:20BE4000FFFFFFFFFFFFFFFFFFFFFFFFFFFFFFFFFFFFFFFFFFFFFFFFFFFFFFFFFFFFFFFF02
:20BE6000FFFFFFFFFFFFFFFFFFFFFFFFFFFFFFFFFFFFFFFFFFFFFFFFFFFFFFFFFFFFFFFFE2
:20BE8000FFFFFFFFFFFFFFFFFFFFFFFFFFFFFFFFFFFFFFFFFFFFFFFFFFFFFFFFFFFFFFFFC2
:20BEA000FFFFFFFFFFFFFFFFFFFFFFFFFFFFFFFFFFFFFFFFFFFFFFFFFFFFFFFFFFFFFFFFA2
:20BEC000FFFFFFFFFFFFFFFFFFFFFFFFFFFFFFFFFFFFFFFFFFFFFFFFFFFFFFFFFFFFFFFF82
:20BEE000FFFFFFFFFFFFFFFFFFFFFFFFFFFFFFFFFFFFFFFFFFFFFFFFFFFFFFFFFFFFFFFF62
:20BF0000FFFFFFFFFFFFFFFFFFFFFFFFFFFFFFFFFFFFFFFFFFFFFFFFFFFFFFFFFFFFFFFF41
:20BF2000FFFFFFFFFFFFFFFFFFFFFFFFFFFFFFFFFFFFFFFFFFFFFFFFFFFFFFFFFFFFFFFF21
:20BF4000FFFFFFFFFFFFFFFFFFFFFFFFFFFFFFFFFFFFFFFFFFFFFFFFFFFFFFFFFFFFFFFF01
:20BF6000FFFFFFFFFFFFFFFFFFFFFFFFFFFFFFFFFFFFFFFFFFFFFFFFFFFFFFFFFFFFFFFFE1
:20BF8000FFFFFFFFFFFFFFFFFFFFFFFFFFFFFFFFFFFFFFFFFFFFFFFFFFFFFFFFFFFFFFFFC1
:20BFA000FFFFFFFFFFFFFFFFFFFFFFFFFFFFFFFFFFFFFFFFFFFFFFFFFFFFFFFFFFFFFFFFA1
:20BFC000FFFFFFFFFFFFFFFFFFFFFFFFFFFFFFFFFFFFFFFFFFFFFFFFFFFFFFFFFFFFFFFF81
:20BFE000FFFFFFFFFFFFFFFFFFFFFFFFFFFFFFFFFFFFFFFFFFFFFFFFFFFFFFFFFFFFFFFF61
:20C00000FFFFFFFFFFFFFFFFFFFFFFFFFFFFFFFFFFFFFFFFFFFFFFFFFFFFFFFFFFFFFFFF40
:20C02000FFFFFFFFFFFFFFFFFFFFFFFFFFFFFFFFFFFFFFFFFFFFFFFFFFFFFFFFFFFFFFFF20
:20C04000FFFFFFFFFFFFFFFFFFFFFFFFFFFFFFFFFFFFFFFFFFFFFFFFFFFFFFFFFFFFFFFF00
:20C06000FFFFFFFFFFFFFFFFFFFFFFFFFFFFFFFFFFFFFFFFFFFFFFFFFFFFFFFFFFFFFFFFE0
:20C08000FFFFFFFFFFFFFFFFFFFFFFFFFFFFFFFFFFFFFFFFFFFFFFFFFFFFFFFFFFFFFFFFC0
:20C0A000FFFFFFFFFFFFFFFFFFFFFFFFFFFFFFFFFFFFFFFFFFFFFFFFFFFFFFFFFFFFFFFFA0
:20C0C000FFFFFFFFFFFFFFFFFFFFFFFFFFFFFFFFFFFFFFFFFFFFFFFFFFFFFFFFFFFFFFFF80
:20C0E000FFFFFFFFFFFFFFFFFFFFFFFFFFFFFFFFFFFFFFFFFFFFFFFFFFFFFFFFFFFFFFFF60
:20C10000FFFFFFFFFFFFFFFFFFFFFFFFFFFFFFFFFFFFFFFFFFFFFFFFFFFFFFFFFFFFFFFF3F
:20C12000FFFFFFFFFFFFFFFFFFFFFFFFFFFFFFFFFFFFFFFFFFFFFFFFFFFFFFFFFFFFFFFF1F
:20C14000FFFFFFFFFFFFFFFFFFFFFFFFFFFFFFFFFFFFFFFFFFFFFFFFFFFFFFFFFFFFFFFFFF
:20C16000FFFFFFFFFFFFFFFFFFFFFFFFFFFFFFFFFFFFFFFFFFFFFFFFFFFFFFFFFFFFFFFFDF
:20C18000FFFFFFFFFFFFFFFFFFFFFFFFFFFFFFFFFFFFFFFFFFFFFFFFFFFFFFFFFFFFFFFFBF
:20C1A000FFFFFFFFFFFFFFFFFFFFFFFFFFFFFFFFFFFFFFFFFFFFFFFFFFFFFFFFFFFFFFFF9F
:20C1C000FFFFFFFFFFFFFFFFFFFFFFFFFFFFFFFFFFFFFFFFFFFFFFFFFFFFFFFFFFFFFFFF7F
:20C1E000FFFFFFFFFFFFFFFFFFFFFFFFFFFFFFFFFFFFFFFFFFFFFFFFFFFFFFFFFFFFFFFF5F
:20C20000FFFFFFFFFFFFFFFFFFFFFFFFFFFFFFFFFFFFFFFFFFFFFFFFFFFFFFFFFFFFFFFF3E
:20C22000FFFFFFFFFFFFFFFFFFFFFFFFFFFFFFFFFFFFFFFFFFFFFFFFFFFFFFFFFFFFFFFF1E
:20C24000FFFFFFFFFFFFFFFFFFFFFFFFFFFFFFFFFFFFFFFFFFFFFFFFFFFFFFFFFFFFFFFFFE
:20C26000FFFFFFFFFFFFFFFFFFFFFFFFFFFFFFFFFFFFFFFFFFFFFFFFFFFFFFFFFFFFFFFFDE
:20C28000FFFFFFFFFFFFFFFFFFFFFFFFFFFFFFFFFFFFFFFFFFFFFFFFFFFFFFFFFFFFFFFFBE
:20C2A000FFFFFFFFFFFFFFFFFFFFFFFFFFFFFFFFFFFFFFFFFFFFFFFFFFFFFFFFFFFFFFFF9E
:20C2C000FFFFFFFFFFFFFFFFFFFFFFFFFFFFFFFFFFFFFFFFFFFFFFFFFFFFFFFFFFFFFFFF7E
:20C2E000FFFFFFFFFFFFFFFFFFFFFFFFFFFFFFFFFFFFFFFFFFFFFFFFFFFFFFFFFFFFFFFF5E
:20C30000FFFFFFFFFFFFFFFFFFFFFFFFFFFFFFFFFFFFFFFFFFFFFFFFFFFFFFFFFFFFFFFF3D
:20C32000FFFFFFFFFFFFFFFFFFFFFFFFFFFFFFFFFFFFFFFFFFFFFFFFFFFFFFFFFFFFFFFF1D
:20C34000FFFFFFFFFFFFFFFFFFFFFFFFFFFFFFFFFFFFFFFFFFFFFFFFFFFFFFFFFFFFFFFFFD
:20C36000FFFFFFFFFFFFFFFFFFFFFFFFFFFFFFFFFFFFFFFFFFFFFFFFFFFFFFFFFFFFFFFFDD
:20C38000FFFFFFFFFFFFFFFFFFFFFFFFFFFFFFFFFFFFFFFFFFFFFFFFFFFFFFFFFFFFFFFFBD
:20C3A000FFFFFFFFFFFFFFFFFFFFFFFFFFFFFFFFFFFFFFFFFFFFFFFFFFFFFFFFFFFFFFFF9D
:20C3C000FFFFFFFFFFFFFFFFFFFFFFFFFFFFFFFFFFFFFFFFFFFFFFFFFFFFFFFFFFFFFFFF7D
:20C3E000FFFFFFFFFFFFFFFFFFFFFFFFFFFFFFFFFFFFFFFFFFFFFFFFFFFFFFFFFFFFFFFF5D
:20C40000FFFFFFFFFFFFFFFFFFFFFFFFFFFFFFFFFFFFFFFFFFFFFFFFFFFFFFFFFFFFFFFF3C
:20C42000FFFFFFFFFFFFFFFFFFFFFFFFFFFFFFFFFFFFFFFFFFFFFFFFFFFFFFFFFFFFFFFF1C
:20C44000FFFFFFFFFFFFFFFFFFFFFFFFFFFFFFFFFFFFFFFFFFFFFFFFFFFFFFFFFFFFFFFFFC
:20C46000FFFFFFFFFFFFFFFFFFFFFFFFFFFFFFFFFFFFFFFFFFFFFFFFFFFFFFFFFFFFFFFFDC
:20C48000FFFFFFFFFFFFFFFFFFFFFFFFFFFFFFFFFFFFFFFFFFFFFFFFFFFFFFFFFFFFFFFFBC
:20C4A000FFFFFFFFFFFFFFFFFFFFFFFFFFFFFFFFFFFFFFFFFFFFFFFFFFFFFFFFFFFFFFFF9C
:20C4C000FFFFFFFFFFFFFFFFFFFFFFFFFFFFFFFFFFFFFFFFFFFFFFFFFFFFFFFFFFFFFFFF7C
:20C4E000FFFFFFFFFFFFFFFFFFFFFFFFFFFFFFFFFFFFFFFFFFFFFFFFFFFFFFFFFFFFFFFF5C
:20C50000FFFFFFFFFFFFFFFFFFFFFFFFFFFFFFFFFFFFFFFFFFFFFFFFFFFFFFFFFFFFFFFF3B
:20C52000FFFFFFFFFFFFFFFFFFFFFFFFFFFFFFFFFFFFFFFFFFFFFFFFFFFFFFFFFFFFFFFF1B
:20C54000FFFFFFFFFFFFFFFFFFFFFFFFFFFFFFFFFFFFFFFFFFFFFFFFFFFFFFFFFFFFFFFFFB
:20C56000FFFFFFFFFFFFFFFFFFFFFFFFFFFFFFFFFFFFFFFFFFFFFFFFFFFFFFFFFFFFFFFFDB
:20C58000FFFFFFFFFFFFFFFFFFFFFFFFFFFFFFFFFFFFFFFFFFFFFFFFFFFFFFFFFFFFFFFFBB
:20C5A000FFFFFFFFFFFFFFFFFFFFFFFFFFFFFFFFFFFFFFFFFFFFFFFFFFFFFFFFFFFFFFFF9B
:20C5C000FFFFFFFFFFFFFFFFFFFFFFFFFFFFFFFFFFFFFFFFFFFFFFFFFFFFFFFFFFFFFFFF7B
:20C5E000FFFFFFFFFFFFFFFFFFFFFFFFFFFFFFFFFFFFFFFFFFFFFFFFFFFFFFFFFFFFFFFF5B
:20C60000FFFFFFFFFFFFFFFFFFFFFFFFFFFFFFFFFFFFFFFFFFFFFFFFFFFFFFFFFFFFFFFF3A
:20C62000FFFFFFFFFFFFFFFFFFFFFFFFFFFFFFFFFFFFFFFFFFFFFFFFFFFFFFFFFFFFFFFF1A
:20C64000FFFFFFFFFFFFFFFFFFFFFFFFFFFFFFFFFFFFFFFFFFFFFFFFFFFFFFFFFFFFFFFFFA
:20C66000FFFFFFFFFFFFFFFFFFFFFFFFFFFFFFFFFFFFFFFFFFFFFFFFFFFFFFFFFFFFFFFFDA
:20C68000FFFFFFFFFFFFFFFFFFFFFFFFFFFFFFFFFFFFFFFFFFFFFFFFFFFFFFFFFFFFFFFFBA
:20C6A000FFFFFFFFFFFFFFFFFFFFFFFFFFFFFFFFFFFFFFFFFFFFFFFFFFFFFFFFFFFFFFFF9A
:20C6C000FFFFFFFFFFFFFFFFFFFFFFFFFFFFFFFFFFFFFFFFFFFFFFFFFFFFFFFFFFFFFFFF7A
:20C6E000FFFFFFFFFFFFFFFFFFFFFFFFFFFFFFFFFFFFFFFFFFFFFFFFFFFFFFFFFFFFFFFF5A
:20C70000FFFFFFFFFFFFFFFFFFFFFFFFFFFFFFFFFFFFFFFFFFFFFFFFFFFFFFFFFFFFFFFF39
:20C72000FFFFFFFFFFFFFFFFFFFFFFFFFFFFFFFFFFFFFFFFFFFFFFFFFFFFFFFFFFFFFFFF19
:20C74000FFFFFFFFFFFFFFFFFFFFFFFFFFFFFFFFFFFFFFFFFFFFFFFFFFFFFFFFFFFFFFFFF9
:20C76000FFFFFFFFFFFFFFFFFFFFFFFFFFFFFFFFFFFFFFFFFFFFFFFFFFFFFFFFFFFFFFFFD9
:20C78000FFFFFFFFFFFFFFFFFFFFFFFFFFFFFFFFFFFFFFFFFFFFFFFFFFFFFFFFFFFFFFFFB9
:20C7A000FFFFFFFFFFFFFFFFFFFFFFFFFFFFFFFFFFFFFFFFFFFFFFFFFFFFFFFFFFFFFFFF99
:20C7C000FFFFFFFFFFFFFFFFFFFFFFFFFFFFFFFFFFFFFFFFFFFFFFFFFFFFFFFFFFFFFFFF79
:20C7E000FFFFFFFFFFFFFFFFFFFFFFFFFFFFFFFFFFFFFFFFFFFFFFFFFFFFFFFFFFFFFFFF59
:20C80000FFFFFFFFFFFFFFFFFFFFFFFFFFFFFFFFFFFFFFFFFFFFFFFFFFFFFFFFFFFFFFFF38
:20C82000FFFFFFFFFFFFFFFFFFFFFFFFFFFFFFFFFFFFFFFFFFFFFFFFFFFFFFFFFFFFFFFF18
:20C84000FFFFFFFFFFFFFFFFFFFFFFFFFFFFFFFFFFFFFFFFFFFFFFFFFFFFFFFFFFFFFFFFF8
:20C86000FFFFFFFFFFFFFFFFFFFFFFFFFFFFFFFFFFFFFFFFFFFFFFFFFFFFFFFFFFFFFFFFD8
:20C88000FFFFFFFFFFFFFFFFFFFFFFFFFFFFFFFFFFFFFFFFFFFFFFFFFFFFFFFFFFFFFFFFB8
:20C8A000FFFFFFFFFFFFFFFFFFFFFFFFFFFFFFFFFFFFFFFFFFFFFFFFFFFFFFFFFFFFFFFF98
:20C8C000FFFFFFFFFFFFFFFFFFFFFFFFFFFFFFFFFFFFFFFFFFFFFFFFFFFFFFFFFFFFFFFF78
:20C8E000FFFFFFFFFFFFFFFFFFFFFFFFFFFFFFFFFFFFFFFFFFFFFFFFFFFFFFFFFFFFFFFF58
:20C90000FFFFFFFFFFFFFFFFFFFFFFFFFFFFFFFFFFFFFFFFFFFFFFFFFFFFFFFFFFFFFFFF37
:20C92000FFFFFFFFFFFFFFFFFFFFFFFFFFFFFFFFFFFFFFFFFFFFFFFFFFFFFFFFFFFFFFFF17
:20C94000FFFFFFFFFFFFFFFFFFFFFFFFFFFFFFFFFFFFFFFFFFFFFFFFFFFFFFFFFFFFFFFFF7
:20C96000FFFFFFFFFFFFFFFFFFFFFFFFFFFFFFFFFFFFFFFFFFFFFFFFFFFFFFFFFFFFFFFFD7
:20C98000FFFFFFFFFFFFFFFFFFFFFFFFFFFFFFFFFFFFFFFFFFFFFFFFFFFFFFFFFFFFFFFFB7
:20C9A000FFFFFFFFFFFFFFFFFFFFFFFFFFFFFFFFFFFFFFFFFFFFFFFFFFFFFFFFFFFFFFFF97
:20C9C000FFFFFFFFFFFFFFFFFFFFFFFFFFFFFFFFFFFFFFFFFFFFFFFFFFFFFFFFFFFFFFFF77
:20C9E000FFFFFFFFFFFFFFFFFFFFFFFFFFFFFFFFFFFFFFFFFFFFFFFFFFFFFFFFFFFFFFFF57
:20CA0000FFFFFFFFFFFFFFFFFFFFFFFFFFFFFFFFFFFFFFFFFFFFFFFFFFFFFFFFFFFFFFFF36
:20CA2000FFFFFFFFFFFFFFFFFFFFFFFFFFFFFFFFFFFFFFFFFFFFFFFFFFFFFFFFFFFFFFFF16
:20CA4000FFFFFFFFFFFFFFFFFFFFFFFFFFFFFFFFFFFFFFFFFFFFFFFFFFFFFFFFFFFFFFFFF6
:20CA6000FFFFFFFFFFFFFFFFFFFFFFFFFFFFFFFFFFFFFFFFFFFFFFFFFFFFFFFFFFFFFFFFD6
:20CA8000FFFFFFFFFFFFFFFFFFFFFFFFFFFFFFFFFFFFFFFFFFFFFFFFFFFFFFFFFFFFFFFFB6
:20CAA000FFFFFFFFFFFFFFFFFFFFFFFFFFFFFFFFFFFFFFFFFFFFFFFFFFFFFFFFFFFFFFFF96
:20CAC000FFFFFFFFFFFFFFFFFFFFFFFFFFFFFFFFFFFFFFFFFFFFFFFFFFFFFFFFFFFFFFFF76
:20CAE000FFFFFFFFFFFFFFFFFFFFFFFFFFFFFFFFFFFFFFFFFFFFFFFFFFFFFFFFFFFFFFFF56
:20CB0000FFFFFFFFFFFFFFFFFFFFFFFFFFFFFFFFFFFFFFFFFFFFFFFFFFFFFFFFFFFFFFFF35
:20CB2000FFFFFFFFFFFFFFFFFFFFFFFFFFFFFFFFFFFFFFFFFFFFFFFFFFFFFFFFFFFFFFFF15
:20CB4000FFFFFFFFFFFFFFFFFFFFFFFFFFFFFFFFFFFFFFFFFFFFFFFFFFFFFFFFFFFFFFFFF5
:20CB6000FFFFFFFFFFFFFFFFFFFFFFFFFFFFFFFFFFFFFFFFFFFFFFFFFFFFFFFFFFFFFFFFD5
:20CB8000FFFFFFFFFFFFFFFFFFFFFFFFFFFFFFFFFFFFFFFFFFFFFFFFFFFFFFFFFFFFFFFFB5
:20CBA000FFFFFFFFFFFFFFFFFFFFFFFFFFFFFFFFFFFFFFFFFFFFFFFFFFFFFFFFFFFFFFFF95
:20CBC000FFFFFFFFFFFFFFFFFFFFFFFFFFFFFFFFFFFFFFFFFFFFFFFFFFFFFFFFFFFFFFFF75
:20CBE000FFFFFFFFFFFFFFFFFFFFFFFFFFFFFFFFFFFFFFFFFFFFFFFFFFFFFFFFFFFFFFFF55
:20CC0000FFFFFFFFFFFFFFFFFFFFFFFFFFFFFFFFFFFFFFFFFFFFFFFFFFFFFFFFFFFFFFFF34
:20CC2000FFFFFFFFFFFFFFFFFFFFFFFFFFFFFFFFFFFFFFFFFFFFFFFFFFFFFFFFFFFFFFFF14
:20CC4000FFFFFFFFFFFFFFFFFFFFFFFFFFFFFFFFFFFFFFFFFFFFFFFFFFFFFFFFFFFFFFFFF4
:20CC6000FFFFFFFFFFFFFFFFFFFFFFFFFFFFFFFFFFFFFFFFFFFFFFFFFFFFFFFFFFFFFFFFD4
:20CC8000FFFFFFFFFFFFFFFFFFFFFFFFFFFFFFFFFFFFFFFFFFFFFFFFFFFFFFFFFFFFFFFFB4
:20CCA000FFFFFFFFFFFFFFFFFFFFFFFFFFFFFFFFFFFFFFFFFFFFFFFFFFFFFFFFFFFFFFFF94
:20CCC000FFFFFFFFFFFFFFFFFFFFFFFFFFFFFFFFFFFFFFFFFFFFFFFFFFFFFFFFFFFFFFFF74
:20CCE000FFFFFFFFFFFFFFFFFFFFFFFFFFFFFFFFFFFFFFFFFFFFFFFFFFFFFFFFFFFFFFFF54
:20CD0000FFFFFFFFFFFFFFFFFFFFFFFFFFFFFFFFFFFFFFFFFFFFFFFFFFFFFFFFFFFFFFFF33
:20CD2000FFFFFFFFFFFFFFFFFFFFFFFFFFFFFFFFFFFFFFFFFFFFFFFFFFFFFFFFFFFFFFFF13
:20CD4000FFFFFFFFFFFFFFFFFFFFFFFFFFFFFFFFFFFFFFFFFFFFFFFFFFFFFFFFFFFFFFFFF3
:20CD6000FFFFFFFFFFFFFFFFFFFFFFFFFFFFFFFFFFFFFFFFFFFFFFFFFFFFFFFFFFFFFFFFD3
:20CD8000FFFFFFFFFFFFFFFFFFFFFFFFFFFFFFFFFFFFFFFFFFFFFFFFFFFFFFFFFFFFFFFFB3
:20CDA000FFFFFFFFFFFFFFFFFFFFFFFFFFFFFFFFFFFFFFFFFFFFFFFFFFFFFFFFFFFFFFFF93
:20CDC000FFFFFFFFFFFFFFFFFFFFFFFFFFFFFFFFFFFFFFFFFFFFFFFFFFFFFFFFFFFFFFFF73
:20CDE000FFFFFFFFFFFFFFFFFFFFFFFFFFFFFFFFFFFFFFFFFFFFFFFFFFFFFFFFFFFFFFFF53
:20CE0000FFFFFFFFFFFFFFFFFFFFFFFFFFFFFFFFFFFFFFFFFFFFFFFFFFFFFFFFFFFFFFFF32
:20CE2000FFFFFFFFFFFFFFFFFFFFFFFFFFFFFFFFFFFFFFFFFFFFFFFFFFFFFFFFFFFFFFFF12
:20CE4000FFFFFFFFFFFFFFFFFFFFFFFFFFFFFFFFFFFFFFFFFFFFFFFFFFFFFFFFFFFFFFFFF2
:20CE6000FFFFFFFFFFFFFFFFFFFFFFFFFFFFFFFFFFFFFFFFFFFFFFFFFFFFFFFFFFFFFFFFD2
:20CE8000FFFFFFFFFFFFFFFFFFFFFFFFFFFFFFFFFFFFFFFFFFFFFFFFFFFFFFFFFFFFFFFFB2
:20CEA000FFFFFFFFFFFFFFFFFFFFFFFFFFFFFFFFFFFFFFFFFFFFFFFFFFFFFFFFFFFFFFFF92
:20CEC000FFFFFFFFFFFFFFFFFFFFFFFFFFFFFFFFFFFFFFFFFFFFFFFFFFFFFFFFFFFFFFFF72
:20CEE000FFFFFFFFFFFFFFFFFFFFFFFFFFFFFFFFFFFFFFFFFFFFFFFFFFFFFFFFFFFFFFFF52
:20CF0000FFFFFFFFFFFFFFFFFFFFFFFFFFFFFFFFFFFFFFFFFFFFFFFFFFFFFFFFFFFFFFFF31
:20CF2000FFFFFFFFFFFFFFFFFFFFFFFFFFFFFFFFFFFFFFFFFFFFFFFFFFFFFFFFFFFFFFFF11
:20CF4000FFFFFFFFFFFFFFFFFFFFFFFFFFFFFFFFFFFFFFFFFFFFFFFFFFFFFFFFFFFFFFFFF1
:20CF6000FFFFFFFFFFFFFFFFFFFFFFFFFFFFFFFFFFFFFFFFFFFFFFFFFFFFFFFFFFFFFFFFD1
:20CF8000FFFFFFFFFFFFFFFFFFFFFFFFFFFFFFFFFFFFFFFFFFFFFFFFFFFFFFFFFFFFFFFFB1
:20CFA000FFFFFFFFFFFFFFFFFFFFFFFFFFFFFFFFFFFFFFFFFFFFFFFFFFFFFFFFFFFFFFFF91
:20CFC000FFFFFFFFFFFFFFFFFFFFFFFFFFFFFFFFFFFFFFFFFFFFFFFFFFFFFFFFFFFFFFFF71
:20CFE000FFFFFFFFFFFFFFFFFFFFFFFFFFFFFFFFFFFFFFFFFFFFFFFFFFFFFFFFFFFFFFFF51
:20D00000FFFFFFFFFFFFFFFFFFFFFFFFFFFFFFFFFFFFFFFFFFFFFFFFFFFFFFFFFFFFFFFF30
:20D02000FFFFFFFFFFFFFFFFFFFFFFFFFFFFFFFFFFFFFFFFFFFFFFFFFFFFFFFFFFFFFFFF10
:20D04000FFFFFFFFFFFFFFFFFFFFFFFFFFFFFFFFFFFFFFFFFFFFFFFFFFFFFFFFFFFFFFFFF0
:20D06000FFFFFFFFFFFFFFFFFFFFFFFFFFFFFFFFFFFFFFFFFFFFFFFFFFFFFFFFFFFFFFFFD0
:20D08000FFFFFFFFFFFFFFFFFFFFFFFFFFFFFFFFFFFFFFFFFFFFFFFFFFFFFFFFFFFFFFFFB0
:20D0A000FFFFFFFFFFFFFFFFFFFFFFFFFFFFFFFFFFFFFFFFFFFFFFFFFFFFFFFFFFFFFFFF90
:20D0C000FFFFFFFFFFFFFFFFFFFFFFFFFFFFFFFFFFFFFFFFFFFFFFFFFFFFFFFFFFFFFFFF70
:20D0E000FFFFFFFFFFFFFFFFFFFFFFFFFFFFFFFFFFFFFFFFFFFFFFFFFFFFFFFFFFFFFFFF50
:20D10000FFFFFFFFFFFFFFFFFFFFFFFFFFFFFFFFFFFFFFFFFFFFFFFFFFFFFFFFFFFFFFFF2F
:20D12000FFFFFFFFFFFFFFFFFFFFFFFFFFFFFFFFFFFFFFFFFFFFFFFFFFFFFFFFFFFFFFFF0F
:20D14000FFFFFFFFFFFFFFFFFFFFFFFFFFFFFFFFFFFFFFFFFFFFFFFFFFFFFFFFFFFFFFFFEF
:20D16000FFFFFFFFFFFFFFFFFFFFFFFFFFFFFFFFFFFFFFFFFFFFFFFFFFFFFFFFFFFFFFFFCF
:20D18000FFFFFFFFFFFFFFFFFFFFFFFFFFFFFFFFFFFFFFFFFFFFFFFFFFFFFFFFFFFFFFFFAF
:20D1A000FFFFFFFFFFFFFFFFFFFFFFFFFFFFFFFFFFFFFFFFFFFFFFFFFFFFFFFFFFFFFFFF8F
:20D1C000FFFFFFFFFFFFFFFFFFFFFFFFFFFFFFFFFFFFFFFFFFFFFFFFFFFFFFFFFFFFFFFF6F
:20D1E000FFFFFFFFFFFFFFFFFFFFFFFFFFFFFFFFFFFFFFFFFFFFFFFFFFFFFFFFFFFFFFFF4F
:20D20000FFFFFFFFFFFFFFFFFFFFFFFFFFFFFFFFFFFFFFFFFFFFFFFFFFFFFFFFFFFFFFFF2E
:20D22000FFFFFFFFFFFFFFFFFFFFFFFFFFFFFFFFFFFFFFFFFFFFFFFFFFFFFFFFFFFFFFFF0E
:20D24000FFFFFFFFFFFFFFFFFFFFFFFFFFFFFFFFFFFFFFFFFFFFFFFFFFFFFFFFFFFFFFFFEE
:20D26000FFFFFFFFFFFFFFFFFFFFFFFFFFFFFFFFFFFFFFFFFFFFFFFFFFFFFFFFFFFFFFFFCE
:20D28000FFFFFFFFFFFFFFFFFFFFFFFFFFFFFFFFFFFFFFFFFFFFFFFFFFFFFFFFFFFFFFFFAE
:20D2A000FFFFFFFFFFFFFFFFFFFFFFFFFFFFFFFFFFFFFFFFFFFFFFFFFFFFFFFFFFFFFFFF8E
:20D2C000FFFFFFFFFFFFFFFFFFFFFFFFFFFFFFFFFFFFFFFFFFFFFFFFFFFFFFFFFFFFFFFF6E
:20D2E000FFFFFFFFFFFFFFFFFFFFFFFFFFFFFFFFFFFFFFFFFFFFFFFFFFFFFFFFFFFFFFFF4E
:20D30000FFFFFFFFFFFFFFFFFFFFFFFFFFFFFFFFFFFFFFFFFFFFFFFFFFFFFFFFFFFFFFFF2D
:20D32000FFFFFFFFFFFFFFFFFFFFFFFFFFFFFFFFFFFFFFFFFFFFFFFFFFFFFFFFFFFFFFFF0D
:20D34000FFFFFFFFFFFFFFFFFFFFFFFFFFFFFFFFFFFFFFFFFFFFFFFFFFFFFFFFFFFFFFFFED
:20D36000FFFFFFFFFFFFFFFFFFFFFFFFFFFFFFFFFFFFFFFFFFFFFFFFFFFFFFFFFFFFFFFFCD
:20D38000FFFFFFFFFFFFFFFFFFFFFFFFFFFFFFFFFFFFFFFFFFFFFFFFFFFFFFFFFFFFFFFFAD
:20D3A000FFFFFFFFFFFFFFFFFFFFFFFFFFFFFFFFFFFFFFFFFFFFFFFFFFFFFFFFFFFFFFFF8D
:20D3C000FFFFFFFFFFFFFFFFFFFFFFFFFFFFFFFFFFFFFFFFFFFFFFFFFFFFFFFFFFFFFFFF6D
:20D3E000FFFFFFFFFFFFFFFFFFFFFFFFFFFFFFFFFFFFFFFFFFFFFFFFFFFFFFFFFFFFFFFF4D
:20D40000FFFFFFFFFFFFFFFFFFFFFFFFFFFFFFFFFFFFFFFFFFFFFFFFFFFFFFFFFFFFFFFF2C
:20D42000FFFFFFFFFFFFFFFFFFFFFFFFFFFFFFFFFFFFFFFFFFFFFFFFFFFFFFFFFFFFFFFF0C
:20D44000FFFFFFFFFFFFFFFFFFFFFFFFFFFFFFFFFFFFFFFFFFFFFFFFFFFFFFFFFFFFFFFFEC
:20D46000FFFFFFFFFFFFFFFFFFFFFFFFFFFFFFFFFFFFFFFFFFFFFFFFFFFFFFFFFFFFFFFFCC
:20D48000FFFFFFFFFFFFFFFFFFFFFFFFFFFFFFFFFFFFFFFFFFFFFFFFFFFFFFFFFFFFFFFFAC
:20D4A000FFFFFFFFFFFFFFFFFFFFFFFFFFFFFFFFFFFFFFFFFFFFFFFFFFFFFFFFFFFFFFFF8C
:20D4C000FFFFFFFFFFFFFFFFFFFFFFFFFFFFFFFFFFFFFFFFFFFFFFFFFFFFFFFFFFFFFFFF6C
:20D4E000FFFFFFFFFFFFFFFFFFFFFFFFFFFFFFFFFFFFFFFFFFFFFFFFFFFFFFFFFFFFFFFF4C
:20D50000FFFFFFFFFFFFFFFFFFFFFFFFFFFFFFFFFFFFFFFFFFFFFFFFFFFFFFFFFFFFFFFF2B
:20D52000FFFFFFFFFFFFFFFFFFFFFFFFFFFFFFFFFFFFFFFFFFFFFFFFFFFFFFFFFFFFFFFF0B
:20D54000FFFFFFFFFFFFFFFFFFFFFFFFFFFFFFFFFFFFFFFFFFFFFFFFFFFFFFFFFFFFFFFFEB
:20D56000FFFFFFFFFFFFFFFFFFFFFFFFFFFFFFFFFFFFFFFFFFFFFFFFFFFFFFFFFFFFFFFFCB
:20D58000FFFFFFFFFFFFFFFFFFFFFFFFFFFFFFFFFFFFFFFFFFFFFFFFFFFFFFFFFFFFFFFFAB
:20D5A000FFFFFFFFFFFFFFFFFFFFFFFFFFFFFFFFFFFFFFFFFFFFFFFFFFFFFFFFFFFFFFFF8B
:20D5C000FFFFFFFFFFFFFFFFFFFFFFFFFFFFFFFFFFFFFFFFFFFFFFFFFFFFFFFFFFFFFFFF6B
:20D5E000FFFFFFFFFFFFFFFFFFFFFFFFFFFFFFFFFFFFFFFFFFFFFFFFFFFFFFFFFFFFFFFF4B
:20D60000FFFFFFFFFFFFFFFFFFFFFFFFFFFFFFFFFFFFFFFFFFFFFFFFFFFFFFFFFFFFFFFF2A
:20D62000FFFFFFFFFFFFFFFFFFFFFFFFFFFFFFFFFFFFFFFFFFFFFFFFFFFFFFFFFFFFFFFF0A
:20D64000FFFFFFFFFFFFFFFFFFFFFFFFFFFFFFFFFFFFFFFFFFFFFFFFFFFFFFFFFFFFFFFFEA
:20D66000FFFFFFFFFFFFFFFFFFFFFFFFFFFFFFFFFFFFFFFFFFFFFFFFFFFFFFFFFFFFFFFFCA
:20D68000FFFFFFFFFFFFFFFFFFFFFFFFFFFFFFFFFFFFFFFFFFFFFFFFFFFFFFFFFFFFFFFFAA
:20D6A000FFFFFFFFFFFFFFFFFFFFFFFFFFFFFFFFFFFFFFFFFFFFFFFFFFFFFFFFFFFFFFFF8A
:20D6C000FFFFFFFFFFFFFFFFFFFFFFFFFFFFFFFFFFFFFFFFFFFFFFFFFFFFFFFFFFFFFFFF6A
:20D6E000FFFFFFFFFFFFFFFFFFFFFFFFFFFFFFFFFFFFFFFFFFFFFFFFFFFFFFFFFFFFFFFF4A
:20D70000FFFFFFFFFFFFFFFFFFFFFFFFFFFFFFFFFFFFFFFFFFFFFFFFFFFFFFFFFFFFFFFF29
:20D72000FFFFFFFFFFFFFFFFFFFFFFFFFFFFFFFFFFFFFFFFFFFFFFFFFFFFFFFFFFFFFFFF09
:20D74000FFFFFFFFFFFFFFFFFFFFFFFFFFFFFFFFFFFFFFFFFFFFFFFFFFFFFFFFFFFFFFFFE9
:20D76000FFFFFFFFFFFFFFFFFFFFFFFFFFFFFFFFFFFFFFFFFFFFFFFFFFFFFFFFFFFFFFFFC9
:20D78000FFFFFFFFFFFFFFFFFFFFFFFFFFFFFFFFFFFFFFFFFFFFFFFFFFFFFFFFFFFFFFFFA9
:20D7A000FFFFFFFFFFFFFFFFFFFFFFFFFFFFFFFFFFFFFFFFFFFFFFFFFFFFFFFFFFFFFFFF89
:20D7C000FFFFFFFFFFFFFFFFFFFFFFFFFFFFFFFFFFFFFFFFFFFFFFFFFFFFFFFFFFFFFFFF69
:20D7E000FFFFFFFFFFFFFFFFFFFFFFFFFFFFFFFFFFFFFFFFFFFFFFFFFFFFFFFFFFFFFFFF49
:20D80000FFFFFFFFFFFFFFFFFFFFFFFFFFFFFFFFFFFFFFFFFFFFFFFFFFFFFFFFFFFFFFFF28
:20D82000FFFFFFFFFFFFFFFFFFFFFFFFFFFFFFFFFFFFFFFFFFFFFFFFFFFFFFFFFFFFFFFF08
:20D84000FFFFFFFFFFFFFFFFFFFFFFFFFFFFFFFFFFFFFFFFFFFFFFFFFFFFFFFFFFFFFFFFE8
:20D86000FFFFFFFFFFFFFFFFFFFFFFFFFFFFFFFFFFFFFFFFFFFFFFFFFFFFFFFFFFFFFFFFC8
:20D88000FFFFFFFFFFFFFFFFFFFFFFFFFFFFFFFFFFFFFFFFFFFFFFFFFFFFFFFFFFFFFFFFA8
:20D8A000FFFFFFFFFFFFFFFFFFFFFFFFFFFFFFFFFFFFFFFFFFFFFFFFFFFFFFFFFFFFFFFF88
:20D8C000FFFFFFFFFFFFFFFFFFFFFFFFFFFFFFFFFFFFFFFFFFFFFFFFFFFFFFFFFFFFFFFF68
:20D8E000FFFFFFFFFFFFFFFFFFFFFFFFFFFFFFFFFFFFFFFFFFFFFFFFFFFFFFFFFFFFFFFF48
:20D90000FFFFFFFFFFFFFFFFFFFFFFFFFFFFFFFFFFFFFFFFFFFFFFFFFFFFFFFFFFFFFFFF27
:20D92000FFFFFFFFFFFFFFFFFFFFFFFFFFFFFFFFFFFFFFFFFFFFFFFFFFFFFFFFFFFFFFFF07
:20D94000FFFFFFFFFFFFFFFFFFFFFFFFFFFFFFFFFFFFFFFFFFFFFFFFFFFFFFFFFFFFFFFFE7
:20D96000FFFFFFFFFFFFFFFFFFFFFFFFFFFFFFFFFFFFFFFFFFFFFFFFFFFFFFFFFFFFFFFFC7
:20D98000FFFFFFFFFFFFFFFFFFFFFFFFFFFFFFFFFFFFFFFFFFFFFFFFFFFFFFFFFFFFFFFFA7
:20D9A000FFFFFFFFFFFFFFFFFFFFFFFFFFFFFFFFFFFFFFFFFFFFFFFFFFFFFFFFFFFFFFFF87
:20D9C000FFFFFFFFFFFFFFFFFFFFFFFFFFFFFFFFFFFFFFFFFFFFFFFFFFFFFFFFFFFFFFFF67
:20D9E000FFFFFFFFFFFFFFFFFFFFFFFFFFFFFFFFFFFFFFFFFFFFFFFFFFFFFFFFFFFFFFFF47
:20DA0000FFFFFFFFFFFFFFFFFFFFFFFFFFFFFFFFFFFFFFFFFFFFFFFFFFFFFFFFFFFFFFFF26
:20DA2000FFFFFFFFFFFFFFFFFFFFFFFFFFFFFFFFFFFFFFFFFFFFFFFFFFFFFFFFFFFFFFFF06
:20DA4000FFFFFFFFFFFFFFFFFFFFFFFFFFFFFFFFFFFFFFFFFFFFFFFFFFFFFFFFFFFFFFFFE6
:20DA6000FFFFFFFFFFFFFFFFFFFFFFFFFFFFFFFFFFFFFFFFFFFFFFFFFFFFFFFFFFFFFFFFC6
:20DA8000FFFFFFFFFFFFFFFFFFFFFFFFFFFFFFFFFFFFFFFFFFFFFFFFFFFFFFFFFFFFFFFFA6
:20DAA000FFFFFFFFFFFFFFFFFFFFFFFFFFFFFFFFFFFFFFFFFFFFFFFFFFFFFFFFFFFFFFFF86
:20DAC000FFFFFFFFFFFFFFFFFFFFFFFFFFFFFFFFFFFFFFFFFFFFFFFFFFFFFFFFFFFFFFFF66
:20DAE000FFFFFFFFFFFFFFFFFFFFFFFFFFFFFFFFFFFFFFFFFFFFFFFFFFFFFFFFFFFFFFFF46
:20DB0000FFFFFFFFFFFFFFFFFFFFFFFFFFFFFFFFFFFFFFFFFFFFFFFFFFFFFFFFFFFFFFFF25
:20DB2000FFFFFFFFFFFFFFFFFFFFFFFFFFFFFFFFFFFFFFFFFFFFFFFFFFFFFFFFFFFFFFFF05
:20DB4000FFFFFFFFFFFFFFFFFFFFFFFFFFFFFFFFFFFFFFFFFFFFFFFFFFFFFFFFFFFFFFFFE5
:20DB6000FFFFFFFFFFFFFFFFFFFFFFFFFFFFFFFFFFFFFFFFFFFFFFFFFFFFFFFFFFFFFFFFC5
:20DB8000FFFFFFFFFFFFFFFFFFFFFFFFFFFFFFFFFFFFFFFFFFFFFFFFFFFFFFFFFFFFFFFFA5
:20DBA000FFFFFFFFFFFFFFFFFFFFFFFFFFFFFFFFFFFFFFFFFFFFFFFFFFFFFFFFFFFFFFFF85
:20DBC000FFFFFFFFFFFFFFFFFFFFFFFFFFFFFFFFFFFFFFFFFFFFFFFFFFFFFFFFFFFFFFFF65
:20DBE000FFFFFFFFFFFFFFFFFFFFFFFFFFFFFFFFFFFFFFFFFFFFFFFFFFFFFFFFFFFFFFFF45
:20DC0000FFFFFFFFFFFFFFFFFFFFFFFFFFFFFFFFFFFFFFFFFFFFFFFFFFFFFFFFFFFFFFFF24
:20DC2000FFFFFFFFFFFFFFFFFFFFFFFFFFFFFFFFFFFFFFFFFFFFFFFFFFFFFFFFFFFFFFFF04
:20DC4000FFFFFFFFFFFFFFFFFFFFFFFFFFFFFFFFFFFFFFFFFFFFFFFFFFFFFFFFFFFFFFFFE4
:20DC6000FFFFFFFFFFFFFFFFFFFFFFFFFFFFFFFFFFFFFFFFFFFFFFFFFFFFFFFFFFFFFFFFC4
:20DC8000FFFFFFFFFFFFFFFFFFFFFFFFFFFFFFFFFFFFFFFFFFFFFFFFFFFFFFFFFFFFFFFFA4
:20DCA000FFFFFFFFFFFFFFFFFFFFFFFFFFFFFFFFFFFFFFFFFFFFFFFFFFFFFFFFFFFFFFFF84
:20DCC000FFFFFFFFFFFFFFFFFFFFFFFFFFFFFFFFFFFFFFFFFFFFFFFFFFFFFFFFFFFFFFFF64
:20DCE000FFFFFFFFFFFFFFFFFFFFFFFFFFFFFFFFFFFFFFFFFFFFFFFFFFFFFFFFFFFFFFFF44
:20DD0000FFFFFFFFFFFFFFFFFFFFFFFFFFFFFFFFFFFFFFFFFFFFFFFFFFFFFFFFFFFFFFFF23
:20DD2000FFFFFFFFFFFFFFFFFFFFFFFFFFFFFFFFFFFFFFFFFFFFFFFFFFFFFFFFFFFFFFFF03
:20DD4000FFFFFFFFFFFFFFFFFFFFFFFFFFFFFFFFFFFFFFFFFFFFFFFFFFFFFFFFFFFFFFFFE3
:20DD6000FFFFFFFFFFFFFFFFFFFFFFFFFFFFFFFFFFFFFFFFFFFFFFFFFFFFFFFFFFFFFFFFC3
:20DD8000FFFFFFFFFFFFFFFFFFFFFFFFFFFFFFFFFFFFFFFFFFFFFFFFFFFFFFFFFFFFFFFFA3
:20DDA000FFFFFFFFFFFFFFFFFFFFFFFFFFFFFFFFFFFFFFFFFFFFFFFFFFFFFFFFFFFFFFFF83
:20DDC000FFFFFFFFFFFFFFFFFFFFFFFFFFFFFFFFFFFFFFFFFFFFFFFFFFFFFFFFFFFFFFFF63
:20DDE000FFFFFFFFFFFFFFFFFFFFFFFFFFFFFFFFFFFFFFFFFFFFFFFFFFFFFFFFFFFFFFFF43
:20DE0000FFFFFFFFFFFFFFFFFFFFFFFFFFFFFFFFFFFFFFFFFFFFFFFFFFFFFFFFFFFFFFFF22
:20DE2000FFFFFFFFFFFFFFFFFFFFFFFFFFFFFFFFFFFFFFFFFFFFFFFFFFFFFFFFFFFFFFFF02
:20DE4000FFFFFFFFFFFFFFFFFFFFFFFFFFFFFFFFFFFFFFFFFFFFFFFFFFFFFFFFFFFFFFFFE2
:20DE6000FFFFFFFFFFFFFFFFFFFFFFFFFFFFFFFFFFFFFFFFFFFFFFFFFFFFFFFFFFFFFFFFC2
:20DE8000FFFFFFFFFFFFFFFFFFFFFFFFFFFFFFFFFFFFFFFFFFFFFFFFFFFFFFFFFFFFFFFFA2
:20DEA000FFFFFFFFFFFFFFFFFFFFFFFFFFFFFFFFFFFFFFFFFFFFFFFFFFFFFFFFFFFFFFFF82
:20DEC000FFFFFFFFFFFFFFFFFFFFFFFFFFFFFFFFFFFFFFFFFFFFFFFFFFFFFFFFFFFFFFFF62
:20DEE000FFFFFFFFFFFFFFFFFFFFFFFFFFFFFFFFFFFFFFFFFFFFFFFFFFFFFFFFFFFFFFFF42
:20DF0000FFFFFFFFFFFFFFFFFFFFFFFFFFFFFFFFFFFFFFFFFFFFFFFFFFFFFFFFFFFFFFFF21
:20DF2000FFFFFFFFFFFFFFFFFFFFFFFFFFFFFFFFFFFFFFFFFFFFFFFFFFFFFFFFFFFFFFFF01
:20DF4000FFFFFFFFFFFFFFFFFFFFFFFFFFFFFFFFFFFFFFFFFFFFFFFFFFFFFFFFFFFFFFFFE1
:20DF6000FFFFFFFFFFFFFFFFFFFFFFFFFFFFFFFFFFFFFFFFFFFFFFFFFFFFFFFFFFFFFFFFC1
:20DF8000FFFFFFFFFFFFFFFFFFFFFFFFFFFFFFFFFFFFFFFFFFFFFFFFFFFFFFFFFFFFFFFFA1
:20DFA000FFFFFFFFFFFFFFFFFFFFFFFFFFFFFFFFFFFFFFFFFFFFFFFFFFFFFFFFFFFFFFFF81
:20DFC000FFFFFFFFFFFFFFFFFFFFFFFFFFFFFFFFFFFFFFFFFFFFFFFFFFFFFFFFFFFFFFFF61
:20DFE000FFFFFFFFFFFFFFFFFFFFFFFFFFFFFFFFFFFFFFFFFFFFFFFFFFFFFFFFFFFFFFFF41
:20E00000FFFFFFFFFFFFFFFFFFFFFFFFFFFFFFFFFFFFFFFFFFFFFFFFFFFFFFFFFFFFFFFF20
:20E02000FFFFFFFFFFFFFFFFFFFFFFFFFFFFFFFFFFFFFFFFFFFFFFFFFFFFFFFFFFFFFFFF00
:20E04000FFFFFFFFFFFFFFFFFFFFFFFFFFFFFFFFFFFFFFFFFFFFFFFFFFFFFFFFFFFFFFFFE0
:20E06000FFFFFFFFFFFFFFFFFFFFFFFFFFFFFFFFFFFFFFFFFFFFFFFFFFFFFFFFFFFFFFFFC0
:20E08000FFFFFFFFFFFFFFFFFFFFFFFFFFFFFFFFFFFFFFFFFFFFFFFFFFFFFFFFFFFFFFFFA0
:20E0A000FFFFFFFFFFFFFFFFFFFFFFFFFFFFFFFFFFFFFFFFFFFFFFFFFFFFFFFFFFFFFFFF80
:20E0C000FFFFFFFFFFFFFFFFFFFFFFFFFFFFFFFFFFFFFFFFFFFFFFFFFFFFFFFFFFFFFFFF60
:20E0E000FFFFFFFFFFFFFFFFFFFFFFFFFFFFFFFFFFFFFFFFFFFFFFFFFFFFFFFFFFFFFFFF40
:20E10000FFFFFFFFFFFFFFFFFFFFFFFFFFFFFFFFFFFFFFFFFFFFFFFFFFFFFFFFFFFFFFFF1F
:20E12000FFFFFFFFFFFFFFFFFFFFFFFFFFFFFFFFFFFFFFFFFFFFFFFFFFFFFFFFFFFFFFFFFF
:20E14000FFFFFFFFFFFFFFFFFFFFFFFFFFFFFFFFFFFFFFFFFFFFFFFFFFFFFFFFFFFFFFFFDF
:20E16000FFFFFFFFFFFFFFFFFFFFFFFFFFFFFFFFFFFFFFFFFFFFFFFFFFFFFFFFFFFFFFFFBF
:20E18000FFFFFFFFFFFFFFFFFFFFFFFFFFFFFFFFFFFFFFFFFFFFFFFFFFFFFFFFFFFFFFFF9F
:20E1A000FFFFFFFFFFFFFFFFFFFFFFFFFFFFFFFFFFFFFFFFFFFFFFFFFFFFFFFFFFFFFFFF7F
:20E1C000FFFFFFFFFFFFFFFFFFFFFFFFFFFFFFFFFFFFFFFFFFFFFFFFFFFFFFFFFFFFFFFF5F
:20E1E000FFFFFFFFFFFFFFFFFFFFFFFFFFFFFFFFFFFFFFFFFFFFFFFFFFFFFFFFFFFFFFFF3F
:20E20000FFFFFFFFFFFFFFFFFFFFFFFFFFFFFFFFFFFFFFFFFFFFFFFFFFFFFFFFFFFFFFFF1E
:20E22000FFFFFFFFFFFFFFFFFFFFFFFFFFFFFFFFFFFFFFFFFFFFFFFFFFFFFFFFFFFFFFFFFE
:20E24000FFFFFFFFFFFFFFFFFFFFFFFFFFFFFFFFFFFFFFFFFFFFFFFFFFFFFFFFFFFFFFFFDE
:20E26000FFFFFFFFFFFFFFFFFFFFFFFFFFFFFFFFFFFFFFFFFFFFFFFFFFFFFFFFFFFFFFFFBE
:20E28000FFFFFFFFFFFFFFFFFFFFFFFFFFFFFFFFFFFFFFFFFFFFFFFFFFFFFFFFFFFFFFFF9E
:20E2A000FFFFFFFFFFFFFFFFFFFFFFFFFFFFFFFFFFFFFFFFFFFFFFFFFFFFFFFFFFFFFFFF7E
:20E2C000FFFFFFFFFFFFFFFFFFFFFFFFFFFFFFFFFFFFFFFFFFFFFFFFFFFFFFFFFFFFFFFF5E
:20E2E000FFFFFFFFFFFFFFFFFFFFFFFFFFFFFFFFFFFFFFFFFFFFFFFFFFFFFFFFFFFFFFFF3E
:20E30000FFFFFFFFFFFFFFFFFFFFFFFFFFFFFFFFFFFFFFFFFFFFFFFFFFFFFFFFFFFFFFFF1D
:20E32000FFFFFFFFFFFFFFFFFFFFFFFFFFFFFFFFFFFFFFFFFFFFFFFFFFFFFFFFFFFFFFFFFD
:20E34000FFFFFFFFFFFFFFFFFFFFFFFFFFFFFFFFFFFFFFFFFFFFFFFFFFFFFFFFFFFFFFFFDD
:20E36000FFFFFFFFFFFFFFFFFFFFFFFFFFFFFFFFFFFFFFFFFFFFFFFFFFFFFFFFFFFFFFFFBD
:20E38000FFFFFFFFFFFFFFFFFFFFFFFFFFFFFFFFFFFFFFFFFFFFFFFFFFFFFFFFFFFFFFFF9D
:20E3A000FFFFFFFFFFFFFFFFFFFFFFFFFFFFFFFFFFFFFFFFFFFFFFFFFFFFFFFFFFFFFFFF7D
:20E3C000FFFFFFFFFFFFFFFFFFFFFFFFFFFFFFFFFFFFFFFFFFFFFFFFFFFFFFFFFFFFFFFF5D
:20E3E000FFFFFFFFFFFFFFFFFFFFFFFFFFFFFFFFFFFFFFFFFFFFFFFFFFFFFFFFFFFFFFFF3D
:20E40000FFFFFFFFFFFFFFFFFFFFFFFFFFFFFFFFFFFFFFFFFFFFFFFFFFFFFFFFFFFFFFFF1C
:20E42000FFFFFFFFFFFFFFFFFFFFFFFFFFFFFFFFFFFFFFFFFFFFFFFFFFFFFFFFFFFFFFFFFC
:20E44000FFFFFFFFFFFFFFFFFFFFFFFFFFFFFFFFFFFFFFFFFFFFFFFFFFFFFFFFFFFFFFFFDC
:20E46000FFFFFFFFFFFFFFFFFFFFFFFFFFFFFFFFFFFFFFFFFFFFFFFFFFFFFFFFFFFFFFFFBC
:20E48000FFFFFFFFFFFFFFFFFFFFFFFFFFFFFFFFFFFFFFFFFFFFFFFFFFFFFFFFFFFFFFFF9C
:20E4A000FFFFFFFFFFFFFFFFFFFFFFFFFFFFFFFFFFFFFFFFFFFFFFFFFFFFFFFFFFFFFFFF7C
:20E4C000FFFFFFFFFFFFFFFFFFFFFFFFFFFFFFFFFFFFFFFFFFFFFFFFFFFFFFFFFFFFFFFF5C
:20E4E000FFFFFFFFFFFFFFFFFFFFFFFFFFFFFFFFFFFFFFFFFFFFFFFFFFFFFFFFFFFFFFFF3C
:20E50000FFFFFFFFFFFFFFFFFFFFFFFFFFFFFFFFFFFFFFFFFFFFFFFFFFFFFFFFFFFFFFFF1B
:20E52000FFFFFFFFFFFFFFFFFFFFFFFFFFFFFFFFFFFFFFFFFFFFFFFFFFFFFFFFFFFFFFFFFB
:20E54000FFFFFFFFFFFFFFFFFFFFFFFFFFFFFFFFFFFFFFFFFFFFFFFFFFFFFFFFFFFFFFFFDB
:20E56000FFFFFFFFFFFFFFFFFFFFFFFFFFFFFFFFFFFFFFFFFFFFFFFFFFFFFFFFFFFFFFFFBB
:20E58000FFFFFFFFFFFFFFFFFFFFFFFFFFFFFFFFFFFFFFFFFFFFFFFFFFFFFFFFFFFFFFFF9B
:20E5A000FFFFFFFFFFFFFFFFFFFFFFFFFFFFFFFFFFFFFFFFFFFFFFFFFFFFFFFFFFFFFFFF7B
:20E5C000FFFFFFFFFFFFFFFFFFFFFFFFFFFFFFFFFFFFFFFFFFFFFFFFFFFFFFFFFFFFFFFF5B
:20E5E000FFFFFFFFFFFFFFFFFFFFFFFFFFFFFFFFFFFFFFFFFFFFFFFFFFFFFFFFFFFFFFFF3B
:20E60000FFFFFFFFFFFFFFFFFFFFFFFFFFFFFFFFFFFFFFFFFFFFFFFFFFFFFFFFFFFFFFFF1A
:20E62000FFFFFFFFFFFFFFFFFFFFFFFFFFFFFFFFFFFFFFFFFFFFFFFFFFFFFFFFFFFFFFFFFA
:20E64000FFFFFFFFFFFFFFFFFFFFFFFFFFFFFFFFFFFFFFFFFFFFFFFFFFFFFFFFFFFFFFFFDA
:20E66000FFFFFFFFFFFFFFFFFFFFFFFFFFFFFFFFFFFFFFFFFFFFFFFFFFFFFFFFFFFFFFFFBA
:20E68000FFFFFFFFFFFFFFFFFFFFFFFFFFFFFFFFFFFFFFFFFFFFFFFFFFFFFFFFFFFFFFFF9A
:20E6A000FFFFFFFFFFFFFFFFFFFFFFFFFFFFFFFFFFFFFFFFFFFFFFFFFFFFFFFFFFFFFFFF7A
:20E6C000FFFFFFFFFFFFFFFFFFFFFFFFFFFFFFFFFFFFFFFFFFFFFFFFFFFFFFFFFFFFFFFF5A
:20E6E000FFFFFFFFFFFFFFFFFFFFFFFFFFFFFFFFFFFFFFFFFFFFFFFFFFFFFFFFFFFFFFFF3A
:20E70000FFFFFFFFFFFFFFFFFFFFFFFFFFFFFFFFFFFFFFFFFFFFFFFFFFFFFFFFFFFFFFFF19
:20E72000FFFFFFFFFFFFFFFFFFFFFFFFFFFFFFFFFFFFFFFFFFFFFFFFFFFFFFFFFFFFFFFFF9
:20E74000FFFFFFFFFFFFFFFFFFFFFFFFFFFFFFFFFFFFFFFFFFFFFFFFFFFFFFFFFFFFFFFFD9
:20E76000FFFFFFFFFFFFFFFFFFFFFFFFFFFFFFFFFFFFFFFFFFFFFFFFFFFFFFFFFFFFFFFFB9
:20E78000FFFFFFFFFFFFFFFFFFFFFFFFFFFFFFFFFFFFFFFFFFFFFFFFFFFFFFFFFFFFFFFF99
:20E7A000FFFFFFFFFFFFFFFFFFFFFFFFFFFFFFFFFFFFFFFFFFFFFFFFFFFFFFFFFFFFFFFF79
:20E7C000FFFFFFFFFFFFFFFFFFFFFFFFFFFFFFFFFFFFFFFFFFFFFFFFFFFFFFFFFFFFFFFF59
:20E7E000FFFFFFFFFFFFFFFFFFFFFFFFFFFFFFFFFFFFFFFFFFFFFFFFFFFFFFFFFFFFFFFF39
:20E80000FFFFFFFFFFFFFFFFFFFFFFFFFFFFFFFFFFFFFFFFFFFFFFFFFFFFFFFFFFFFFFFF18
:20E82000FFFFFFFFFFFFFFFFFFFFFFFFFFFFFFFFFFFFFFFFFFFFFFFFFFFFFFFFFFFFFFFFF8
:20E84000FFFFFFFFFFFFFFFFFFFFFFFFFFFFFFFFFFFFFFFFFFFFFFFFFFFFFFFFFFFFFFFFD8
:20E86000FFFFFFFFFFFFFFFFFFFFFFFFFFFFFFFFFFFFFFFFFFFFFFFFFFFFFFFFFFFFFFFFB8
:20E88000FFFFFFFFFFFFFFFFFFFFFFFFFFFFFFFFFFFFFFFFFFFFFFFFFFFFFFFFFFFFFFFF98
:20E8A000FFFFFFFFFFFFFFFFFFFFFFFFFFFFFFFFFFFFFFFFFFFFFFFFFFFFFFFFFFFFFFFF78
:20E8C000FFFFFFFFFFFFFFFFFFFFFFFFFFFFFFFFFFFFFFFFFFFFFFFFFFFFFFFFFFFFFFFF58
:20E8E000FFFFFFFFFFFFFFFFFFFFFFFFFFFFFFFFFFFFFFFFFFFFFFFFFFFFFFFFFFFFFFFF38
:20E90000FFFFFFFFFFFFFFFFFFFFFFFFFFFFFFFFFFFFFFFFFFFFFFFFFFFFFFFFFFFFFFFF17
:20E92000FFFFFFFFFFFFFFFFFFFFFFFFFFFFFFFFFFFFFFFFFFFFFFFFFFFFFFFFFFFFFFFFF7
:20E94000FFFFFFFFFFFFFFFFFFFFFFFFFFFFFFFFFFFFFFFFFFFFFFFFFFFFFFFFFFFFFFFFD7
:20E96000FFFFFFFFFFFFFFFFFFFFFFFFFFFFFFFFFFFFFFFFFFFFFFFFFFFFFFFFFFFFFFFFB7
:20E98000FFFFFFFFFFFFFFFFFFFFFFFFFFFFFFFFFFFFFFFFFFFFFFFFFFFFFFFFFFFFFFFF97
:20E9A000FFFFFFFFFFFFFFFFFFFFFFFFFFFFFFFFFFFFFFFFFFFFFFFFFFFFFFFFFFFFFFFF77
:20E9C000FFFFFFFFFFFFFFFFFFFFFFFFFFFFFFFFFFFFFFFFFFFFFFFFFFFFFFFFFFFFFFFF57
:20E9E000FFFFFFFFFFFFFFFFFFFFFFFFFFFFFFFFFFFFFFFFFFFFFFFFFFFFFFFFFFFFFFFF37
:20EA0000FFFFFFFFFFFFFFFFFFFFFFFFFFFFFFFFFFFFFFFFFFFFFFFFFFFFFFFFFFFFFFFF16
:20EA2000FFFFFFFFFFFFFFFFFFFFFFFFFFFFFFFFFFFFFFFFFFFFFFFFFFFFFFFFFFFFFFFFF6
:20EA4000FFFFFFFFFFFFFFFFFFFFFFFFFFFFFFFFFFFFFFFFFFFFFFFFFFFFFFFFFFFFFFFFD6
:20EA6000FFFFFFFFFFFFFFFFFFFFFFFFFFFFFFFFFFFFFFFFFFFFFFFFFFFFFFFFFFFFFFFFB6
:20EA8000FFFFFFFFFFFFFFFFFFFFFFFFFFFFFFFFFFFFFFFFFFFFFFFFFFFFFFFFFFFFFFFF96
:20EAA000FFFFFFFFFFFFFFFFFFFFFFFFFFFFFFFFFFFFFFFFFFFFFFFFFFFFFFFFFFFFFFFF76
:20EAC000FFFFFFFFFFFFFFFFFFFFFFFFFFFFFFFFFFFFFFFFFFFFFFFFFFFFFFFFFFFFFFFF56
:20EAE000FFFFFFFFFFFFFFFFFFFFFFFFFFFFFFFFFFFFFFFFFFFFFFFFFFFFFFFFFFFFFFFF36
:20EB0000FFFFFFFFFFFFFFFFFFFFFFFFFFFFFFFFFFFFFFFFFFFFFFFFFFFFFFFFFFFFFFFF15
:20EB2000FFFFFFFFFFFFFFFFFFFFFFFFFFFFFFFFFFFFFFFFFFFFFFFFFFFFFFFFFFFFFFFFF5
:20EB4000FFFFFFFFFFFFFFFFFFFFFFFFFFFFFFFFFFFFFFFFFFFFFFFFFFFFFFFFFFFFFFFFD5
:20EB6000FFFFFFFFFFFFFFFFFFFFFFFFFFFFFFFFFFFFFFFFFFFFFFFFFFFFFFFFFFFFFFFFB5
:20EB8000FFFFFFFFFFFFFFFFFFFFFFFFFFFFFFFFFFFFFFFFFFFFFFFFFFFFFFFFFFFFFFFF95
:20EBA000FFFFFFFFFFFFFFFFFFFFFFFFFFFFFFFFFFFFFFFFFFFFFFFFFFFFFFFFFFFFFFFF75
:20EBC000FFFFFFFFFFFFFFFFFFFFFFFFFFFFFFFFFFFFFFFFFFFFFFFFFFFFFFFFFFFFFFFF55
:20EBE000FFFFFFFFFFFFFFFFFFFFFFFFFFFFFFFFFFFFFFFFFFFFFFFFFFFFFFFFFFFFFFFF35
:20EC0000FFFFFFFFFFFFFFFFFFFFFFFFFFFFFFFFFFFFFFFFFFFFFFFFFFFFFFFFFFFFFFFF14
:20EC2000FFFFFFFFFFFFFFFFFFFFFFFFFFFFFFFFFFFFFFFFFFFFFFFFFFFFFFFFFFFFFFFFF4
:20EC4000FFFFFFFFFFFFFFFFFFFFFFFFFFFFFFFFFFFFFFFFFFFFFFFFFFFFFFFFFFFFFFFFD4
:20EC6000FFFFFFFFFFFFFFFFFFFFFFFFFFFFFFFFFFFFFFFFFFFFFFFFFFFFFFFFFFFFFFFFB4
:20EC8000FFFFFFFFFFFFFFFFFFFFFFFFFFFFFFFFFFFFFFFFFFFFFFFFFFFFFFFFFFFFFFFF94
:20ECA000FFFFFFFFFFFFFFFFFFFFFFFFFFFFFFFFFFFFFFFFFFFFFFFFFFFFFFFFFFFFFFFF74
:20ECC000FFFFFFFFFFFFFFFFFFFFFFFFFFFFFFFFFFFFFFFFFFFFFFFFFFFFFFFFFFFFFFFF54
:20ECE000FFFFFFFFFFFFFFFFFFFFFFFFFFFFFFFFFFFFFFFFFFFFFFFFFFFFFFFFFFFFFFFF34
:20ED0000FFFFFFFFFFFFFFFFFFFFFFFFFFFFFFFFFFFFFFFFFFFFFFFFFFFFFFFFFFFFFFFF13
:20ED2000FFFFFFFFFFFFFFFFFFFFFFFFFFFFFFFFFFFFFFFFFFFFFFFFFFFFFFFFFFFFFFFFF3
:20ED4000FFFFFFFFFFFFFFFFFFFFFFFFFFFFFFFFFFFFFFFFFFFFFFFFFFFFFFFFFFFFFFFFD3
:20ED6000FFFFFFFFFFFFFFFFFFFFFFFFFFFFFFFFFFFFFFFFFFFFFFFFFFFFFFFFFFFFFFFFB3
:20ED8000FFFFFFFFFFFFFFFFFFFFFFFFFFFFFFFFFFFFFFFFFFFFFFFFFFFFFFFFFFFFFFFF93
:20EDA000FFFFFFFFFFFFFFFFFFFFFFFFFFFFFFFFFFFFFFFFFFFFFFFFFFFFFFFFFFFFFFFF73
:20EDC000FFFFFFFFFFFFFFFFFFFFFFFFFFFFFFFFFFFFFFFFFFFFFFFFFFFFFFFFFFFFFFFF53
:20EDE000FFFFFFFFFFFFFFFFFFFFFFFFFFFFFFFFFFFFFFFFFFFFFFFFFFFFFFFFFFFFFFFF33
:20EE0000FFFFFFFFFFFFFFFFFFFFFFFFFFFFFFFFFFFFFFFFFFFFFFFFFFFFFFFFFFFFFFFF12
:20EE2000FFFFFFFFFFFFFFFFFFFFFFFFFFFFFFFFFFFFFFFFFFFFFFFFFFFFFFFFFFFFFFFFF2
:20EE4000FFFFFFFFFFFFFFFFFFFFFFFFFFFFFFFFFFFFFFFFFFFFFFFFFFFFFFFFFFFFFFFFD2
:20EE6000FFFFFFFFFFFFFFFFFFFFFFFFFFFFFFFFFFFFFFFFFFFFFFFFFFFFFFFFFFFFFFFFB2
:20EE8000FFFFFFFFFFFFFFFFFFFFFFFFFFFFFFFFFFFFFFFFFFFFFFFFFFFFFFFFFFFFFFFF92
:20EEA000FFFFFFFFFFFFFFFFFFFFFFFFFFFFFFFFFFFFFFFFFFFFFFFFFFFFFFFFFFFFFFFF72
:20EEC000FFFFFFFFFFFFFFFFFFFFFFFFFFFFFFFFFFFFFFFFFFFFFFFFFFFFFFFFFFFFFFFF52
:20EEE000FFFFFFFFFFFFFFFFFFFFFFFFFFFFFFFFFFFFFFFFFFFFFFFFFFFFFFFFFFFFFFFF32
:20EF0000FFFFFFFFFFFFFFFFFFFFFFFFFFFFFFFFFFFFFFFFFFFFFFFFFFFFFFFFFFFFFFFF11
:20EF2000FFFFFFFFFFFFFFFFFFFFFFFFFFFFFFFFFFFFFFFFFFFFFFFFFFFFFFFFFFFFFFFFF1
:20EF4000FFFFFFFFFFFFFFFFFFFFFFFFFFFFFFFFFFFFFFFFFFFFFFFFFFFFFFFFFFFFFFFFD1
:20EF6000FFFFFFFFFFFFFFFFFFFFFFFFFFFFFFFFFFFFFFFFFFFFFFFFFFFFFFFFFFFFFFFFB1
:20EF8000FFFFFFFFFFFFFFFFFFFFFFFFFFFFFFFFFFFFFFFFFFFFFFFFFFFFFFFFFFFFFFFF91
:20EFA000FFFFFFFFFFFFFFFFFFFFFFFFFFFFFFFFFFFFFFFFFFFFFFFFFFFFFFFFFFFFFFFF71
:20EFC000FFFFFFFFFFFFFFFFFFFFFFFFFFFFFFFFFFFFFFFFFFFFFFFFFFFFFFFFFFFFFFFF51
:20EFE000FFFFFFFFFFFFFFFFFFFFFFFFFFFFFFFFFFFFFFFFFFFFFFFFFFFFFFFFFFFFFFFF31
:20F00000FFFFFFFFFFFFFFFFFFFFFFFFFFFFFFFFFFFFFFFFFFFFFFFFFFFFFFFFFFFFFFFF10
:20F02000FFFFFFFFFFFFFFFFFFFFFFFFFFFFFFFFFFFFFFFFFFFFFFFFFFFFFFFFFFFFFFFFF0
:20F04000FFFFFFFFFFFFFFFFFFFFFFFFFFFFFFFFFFFFFFFFFFFFFFFFFFFFFFFFFFFFFFFFD0
:20F06000FFFFFFFFFFFFFFFFFFFFFFFFFFFFFFFFFFFFFFFFFFFFFFFFFFFFFFFFFFFFFFFFB0
:20F08000FFFFFFFFFFFFFFFFFFFFFFFFFFFFFFFFFFFFFFFFFFFFFFFFFFFFFFFFFFFFFFFF90
:20F0A000FFFFFFFFFFFFFFFFFFFFFFFFFFFFFFFFFFFFFFFFFFFFFFFFFFFFFFFFFFFFFFFF70
:20F0C000FFFFFFFFFFFFFFFFFFFFFFFFFFFFFFFFFFFFFFFFFFFFFFFFFFFFFFFFFFFFFFFF50
:20F0E000FFFFFFFFFFFFFFFFFFFFFFFFFFFFFFFFFFFFFFFFFFFFFFFFFFFFFFFFFFFFFFFF30
:20F10000FFFFFFFFFFFFFFFFFFFFFFFFFFFFFFFFFFFFFFFFFFFFFFFFFFFFFFFFFFFFFFFF0F
:20F12000FFFFFFFFFFFFFFFFFFFFFFFFFFFFFFFFFFFFFFFFFFFFFFFFFFFFFFFFFFFFFFFFEF
:20F14000FFFFFFFFFFFFFFFFFFFFFFFFFFFFFFFFFFFFFFFFFFFFFFFFFFFFFFFFFFFFFFFFCF
:20F16000FFFFFFFFFFFFFFFFFFFFFFFFFFFFFFFFFFFFFFFFFFFFFFFFFFFFFFFFFFFFFFFFAF
:20F18000FFFFFFFFFFFFFFFFFFFFFFFFFFFFFFFFFFFFFFFFFFFFFFFFFFFFFFFFFFFFFFFF8F
:20F1A000FFFFFFFFFFFFFFFFFFFFFFFFFFFFFFFFFFFFFFFFFFFFFFFFFFFFFFFFFFFFFFFF6F
:20F1C000FFFFFFFFFFFFFFFFFFFFFFFFFFFFFFFFFFFFFFFFFFFFFFFFFFFFFFFFFFFFFFFF4F
:20F1E000FFFFFFFFFFFFFFFFFFFFFFFFFFFFFFFFFFFFFFFFFFFFFFFFFFFFFFFFFFFFFFFF2F
:20F20000FFFFFFFFFFFFFFFFFFFFFFFFFFFFFFFFFFFFFFFFFFFFFFFFFFFFFFFFFFFFFFFF0E
:20F22000FFFFFFFFFFFFFFFFFFFFFFFFFFFFFFFFFFFFFFFFFFFFFFFFFFFFFFFFFFFFFFFFEE
:20F24000FFFFFFFFFFFFFFFFFFFFFFFFFFFFFFFFFFFFFFFFFFFFFFFFFFFFFFFFFFFFFFFFCE
:20F26000FFFFFFFFFFFFFFFFFFFFFFFFFFFFFFFFFFFFFFFFFFFFFFFFFFFFFFFFFFFFFFFFAE
:20F28000FFFFFFFFFFFFFFFFFFFFFFFFFFFFFFFFFFFFFFFFFFFFFFFFFFFFFFFFFFFFFFFF8E
:20F2A000FFFFFFFFFFFFFFFFFFFFFFFFFFFFFFFFFFFFFFFFFFFFFFFFFFFFFFFFFFFFFFFF6E
:20F2C000FFFFFFFFFFFFFFFFFFFFFFFFFFFFFFFFFFFFFFFFFFFFFFFFFFFFFFFFFFFFFFFF4E
:20F2E000FFFFFFFFFFFFFFFFFFFFFFFFFFFFFFFFFFFFFFFFFFFFFFFFFFFFFFFFFFFFFFFF2E
:20F30000FFFFFFFFFFFFFFFFFFFFFFFFFFFFFFFFFFFFFFFFFFFFFFFFFFFFFFFFFFFFFFFF0D
:20F32000FFFFFFFFFFFFFFFFFFFFFFFFFFFFFFFFFFFFFFFFFFFFFFFFFFFFFFFFFFFFFFFFED
:20F34000FFFFFFFFFFFFFFFFFFFFFFFFFFFFFFFFFFFFFFFFFFFFFFFFFFFFFFFFFFFFFFFFCD
:20F36000FFFFFFFFFFFFFFFFFFFFFFFFFFFFFFFFFFFFFFFFFFFFFFFFFFFFFFFFFFFFFFFFAD
:20F38000FFFFFFFFFFFFFFFFFFFFFFFFFFFFFFFFFFFFFFFFFFFFFFFFFFFFFFFFFFFFFFFF8D
:20F3A000FFFFFFFFFFFFFFFFFFFFFFFFFFFFFFFFFFFFFFFFFFFFFFFFFFFFFFFFFFFFFFFF6D
:20F3C000FFFFFFFFFFFFFFFFFFFFFFFFFFFFFFFFFFFFFFFFFFFFFFFFFFFFFFFFFFFFFFFF4D
:20F3E000FFFFFFFFFFFFFFFFFFFFFFFFFFFFFFFFFFFFFFFFFFFFFFFFFFFFFFFFFFFFFFFF2D
:20F40000FFFFFFFFFFFFFFFFFFFFFFFFFFFFFFFFFFFFFFFFFFFFFFFFFFFFFFFFFFFFFFFF0C
:20F42000FFFFFFFFFFFFFFFFFFFFFFFFFFFFFFFFFFFFFFFFFFFFFFFFFFFFFFFFFFFFFFFFEC
:20F44000FFFFFFFFFFFFFFFFFFFFFFFFFFFFFFFFFFFFFFFFFFFFFFFFFFFFFFFFFFFFFFFFCC
:20F46000FFFFFFFFFFFFFFFFFFFFFFFFFFFFFFFFFFFFFFFFFFFFFFFFFFFFFFFFFFFFFFFFAC
:20F48000FFFFFFFFFFFFFFFFFFFFFFFFFFFFFFFFFFFFFFFFFFFFFFFFFFFFFFFFFFFFFFFF8C
:20F4A000FFFFFFFFFFFFFFFFFFFFFFFFFFFFFFFFFFFFFFFFFFFFFFFFFFFFFFFFFFFFFFFF6C
:20F4C000FFFFFFFFFFFFFFFFFFFFFFFFFFFFFFFFFFFFFFFFFFFFFFFFFFFFFFFFFFFFFFFF4C
:20F4E000FFFFFFFFFFFFFFFFFFFFFFFFFFFFFFFFFFFFFFFFFFFFFFFFFFFFFFFFFFFFFFFF2C
:20F50000FFFFFFFFFFFFFFFFFFFFFFFFFFFFFFFFFFFFFFFFFFFFFFFFFFFFFFFFFFFFFFFF0B
:20F52000FFFFFFFFFFFFFFFFFFFFFFFFFFFFFFFFFFFFFFFFFFFFFFFFFFFFFFFFFFFFFFFFEB
:20F54000FFFFFFFFFFFFFFFFFFFFFFFFFFFFFFFFFFFFFFFFFFFFFFFFFFFFFFFFFFFFFFFFCB
:20F56000FFFFFFFFFFFFFFFFFFFFFFFFFFFFFFFFFFFFFFFFFFFFFFFFFFFFFFFFFFFFFFFFAB
:20F58000FFFFFFFFFFFFFFFFFFFFFFFFFFFFFFFFFFFFFFFFFFFFFFFFFFFFFFFFFFFFFFFF8B
:20F5A000FFFFFFFFFFFFFFFFFFFFFFFFFFFFFFFFFFFFFFFFFFFFFFFFFFFFFFFFFFFFFFFF6B
:20F5C000FFFFFFFFFFFFFFFFFFFFFFFFFFFFFFFFFFFFFFFFFFFFFFFFFFFFFFFFFFFFFFFF4B
:20F5E000FFFFFFFFFFFFFFFFFFFFFFFFFFFFFFFFFFFFFFFFFFFFFFFFFFFFFFFFFFFFFFFF2B
:20F60000FFFFFFFFFFFFFFFFFFFFFFFFFFFFFFFFFFFFFFFFFFFFFFFFFFFFFFFFFFFFFFFF0A
:20F62000FFFFFFFFFFFFFFFFFFFFFFFFFFFFFFFFFFFFFFFFFFFFFFFFFFFFFFFFFFFFFFFFEA
:20F64000FFFFFFFFFFFFFFFFFFFFFFFFFFFFFFFFFFFFFFFFFFFFFFFFFFFFFFFFFFFFFFFFCA
:20F66000FFFFFFFFFFFFFFFFFFFFFFFFFFFFFFFFFFFFFFFFFFFFFFFFFFFFFFFFFFFFFFFFAA
:20F68000FFFFFFFFFFFFFFFFFFFFFFFFFFFFFFFFFFFFFFFFFFFFFFFFFFFFFFFFFFFFFFFF8A
:20F6A000FFFFFFFFFFFFFFFFFFFFFFFFFFFFFFFFFFFFFFFFFFFFFFFFFFFFFFFFFFFFFFFF6A
:20F6C000FFFFFFFFFFFFFFFFFFFFFFFFFFFFFFFFFFFFFFFFFFFFFFFFFFFFFFFFFFFFFFFF4A
:20F6E000FFFFFFFFFFFFFFFFFFFFFFFFFFFFFFFFFFFFFFFFFFFFFFFFFFFFFFFFFFFFFFFF2A
:20F70000FFFFFFFFFFFFFFFFFFFFFFFFFFFFFFFFFFFFFFFFFFFFFFFFFFFFFFFFFFFFFFFF09
:20F72000FFFFFFFFFFFFFFFFFFFFFFFFFFFFFFFFFFFFFFFFFFFFFFFFFFFFFFFFFFFFFFFFE9
:20F74000FFFFFFFFFFFFFFFFFFFFFFFFFFFFFFFFFFFFFFFFFFFFFFFFFFFFFFFFFFFFFFFFC9
:20F76000FFFFFFFFFFFFFFFFFFFFFFFFFFFFFFFFFFFFFFFFFFFFFFFFFFFFFFFFFFFFFFFFA9
:20F78000FFFFFFFFFFFFFFFFFFFFFFFFFFFFFFFFFFFFFFFFFFFFFFFFFFFFFFFFFFFFFFFF89
:20F7A000FFFFFFFFFFFFFFFFFFFFFFFFFFFFFFFFFFFFFFFFFFFFFFFFFFFFFFFFFFFFFFFF69
:20F7C000FFFFFFFFFFFFFFFFFFFFFFFFFFFFFFFFFFFFFFFFFFFFFFFFFFFFFFFFFFFFFFFF49
:20F7E000FFFFFFFFFFFFFFFFFFFFFFFFFFFFFFFFFFFFFFFFFFFFFFFFFFFFFFFFFFFFFFFF29
:20F80000FFFFFFFFFFFFFFFFFFFFFFFFFFFFFFFFFFFFFFFFFFFFFFFFFFFFFFFFFFFFFFFF08
:20F82000FFFFFFFFFFFFFFFFFFFFFFFFFFFFFFFFFFFFFFFFFFFFFFFFFFFFFFFFFFFFFFFFE8
:20F84000FFFFFFFFFFFFFFFFFFFFFFFFFFFFFFFFFFFFFFFFFFFFFFFFFFFFFFFFFFFFFFFFC8
:20F86000FFFFFFFFFFFFFFFFFFFFFFFFFFFFFFFFFFFFFFFFFFFFFFFFFFFFFFFFFFFFFFFFA8
:20F88000FFFFFFFFFFFFFFFFFFFFFFFFFFFFFFFFFFFFFFFFFFFFFFFFFFFFFFFFFFFFFFFF88
:20F8A000FFFFFFFFFFFFFFFFFFFFFFFFFFFFFFFFFFFFFFFFFFFFFFFFFFFFFFFFFFFFFFFF68
:20F8C000FFFFFFFFFFFFFFFFFFFFFFFFFFFFFFFFFFFFFFFFFFFFFFFFFFFFFFFFFFFFFFFF48
:20F8E000FFFFFFFFFFFFFFFFFFFFFFFFFFFFFFFFFFFFFFFFFFFFFFFFFFFFFFFFFFFFFFFF28
:20F90000FFFFFFFFFFFFFFFFFFFFFFFFFFFFFFFFFFFFFFFFFFFFFFFFFFFFFFFFFFFFFFFF07
:20F92000FFFFFFFFFFFFFFFFFFFFFFFFFFFFFFFFFFFFFFFFFFFFFFFFFFFFFFFFFFFFFFFFE7
:20F94000FFFFFFFFFFFFFFFFFFFFFFFFFFFFFFFFFFFFFFFFFFFFFFFFFFFFFFFFFFFFFFFFC7
:20F96000FFFFFFFFFFFFFFFFFFFFFFFFFFFFFFFFFFFFFFFFFFFFFFFFFFFFFFFFFFFFFFFFA7
:20F98000FFFFFFFFFFFFFFFFFFFFFFFFFFFFFFFFFFFFFFFFFFFFFFFFFFFFFFFFFFFFFFFF87
:20F9A000FFFFFFFFFFFFFFFFFFFFFFFFFFFFFFFFFFFFFFFFFFFFFFFFFFFFFFFFFFFFFFFF67
:20F9C000FFFFFFFFFFFFFFFFFFFFFFFFFFFFFFFFFFFFFFFFFFFFFFFFFFFFFFFFFFFFFFFF47
:20F9E000FFFFFFFFFFFFFFFFFFFFFFFFFFFFFFFFFFFFFFFFFFFFFFFFFFFFFFFFFFFFFFFF27
:20FA0000FFFFFFFFFFFFFFFFFFFFFFFFFFFFFFFFFFFFFFFFFFFFFFFFFFFFFFFFFFFFFFFF06
:20FA2000FFFFFFFFFFFFFFFFFFFFFFFFFFFFFFFFFFFFFFFFFFFFFFFFFFFFFFFFFFFFFFFFE6
:20FA4000FFFFFFFFFFFFFFFFFFFFFFFFFFFFFFFFFFFFFFFFFFFFFFFFFFFFFFFFFFFFFFFFC6
:20FA6000FFFFFFFFFFFFFFFFFFFFFFFFFFFFFFFFFFFFFFFFFFFFFFFFFFFFFFFFFFFFFFFFA6
:20FA8000FFFFFFFFFFFFFFFFFFFFFFFFFFFFFFFFFFFFFFFFFFFFFFFFFFFFFFFFFFFFFFFF86
:20FAA000FFFFFFFFFFFFFFFFFFFFFFFFFFFFFFFFFFFFFFFFFFFFFFFFFFFFFFFFFFFFFFFF66
:20FAC000FFFFFFFFFFFFFFFFFFFFFFFFFFFFFFFFFFFFFFFFFFFFFFFFFFFFFFFFFFFFFFFF46
:20FAE000FFFFFFFFFFFFFFFFFFFFFFFFFFFFFFFFFFFFFFFFFFFFFFFFFFFFFFFFFFFFFFFF26
:20FB0000FFFFFFFFFFFFFFFFFFFFFFFFFFFFFFFFFFFFFFFFFFFFFFFFFFFFFFFFFFFFFFFF05
:20FB2000FFFFFFFFFFFFFFFFFFFFFFFFFFFFFFFFFFFFFFFFFFFFFFFFFFFFFFFFFFFFFFFFE5
:20FB4000FFFFFFFFFFFFFFFFFFFFFFFFFFFFFFFFFFFFFFFFFFFFFFFFFFFFFFFFFFFFFFFFC5
:20FB6000FFFFFFFFFFFFFFFFFFFFFFFFFFFFFFFFFFFFFFFFFFFFFFFFFFFFFFFFFFFFFFFFA5
:20FB8000FFFFFFFFFFFFFFFFFFFFFFFFFFFFFFFFFFFFFFFFFFFFFFFFFFFFFFFFFFFFFFFF85
:20FBA000FFFFFFFFFFFFFFFFFFFFFFFFFFFFFFFFFFFFFFFFFFFFFFFFFFFFFFFFFFFFFFFF65
:20FBC000FFFFFFFFFFFFFFFFFFFFFFFFFFFFFFFFFFFFFFFFFFFFFFFFFFFFFFFFFFFFFFFF45
:20FBE000FFFFFFFFFFFFFFFFFFFFFFFFFFFFFFFFFFFFFFFFFFFFFFFFFFFFFFFFFFFFFFFF25
:20FC0000FFFFFFFFFFFFFFFFFFFFFFFFFFFFFFFFFFFFFFFFFFFFFFFFFFFFFFFFFFFFFFFF04
:20FC2000FFFFFFFFFFFFFFFFFFFFFFFFFFFFFFFFFFFFFFFFFFFFFFFFFFFFFFFFFFFFFFFFE4
:20FC4000FFFFFFFFFFFFFFFFFFFFFFFFFFFFFFFFFFFFFFFFFFFFFFFFFFFFFFFFFFFFFFFFC4
:20FC6000FFFFFFFFFFFFFFFFFFFFFFFFFFFFFFFFFFFFFFFFFFFFFFFFFFFFFFFFFFFFFFFFA4
:20FC8000FFFFFFFFFFFFFFFFFFFFFFFFFFFFFFFFFFFFFFFFFFFFFFFFFFFFFFFFFFFFFFFF84
:20FCA000FFFFFFFFFFFFFFFFFFFFFFFFFFFFFFFFFFFFFFFFFFFFFFFFFFFFFFFFFFFFFFFF64
:20FCC000FFFFFFFFFFFFFFFFFFFFFFFFFFFFFFFFFFFFFFFFFFFFFFFFFFFFFFFFFFFFFFFF44
:20FCE000FFFFFFFFFFFFFFFFFFFFFFFFFFFFFFFFFFFFFFFFFFFFFFFFFFFFFFFFFFFFFFFF24
:20FD0000FFFFFFFFFFFFFFFFFFFFFFFFFFFFFFFFFFFFFFFFFFFFFFFFFFFFFFFFFFFFFFFF03
:20FD2000FFFFFFFFFFFFFFFFFFFFFFFFFFFFFFFFFFFFFFFFFFFFFFFFFFFFFFFFFFFFFFFFE3
:20FD4000FFFFFFFFFFFFFFFFFFFFFFFFFFFFFFFFFFFFFFFFFFFFFFFFFFFFFFFFFFFFFFFFC3
:20FD6000FFFFFFFFFFFFFFFFFFFFFFFFFFFFFFFFFFFFFFFFFFFFFFFFFFFFFFFFFFFFFFFFA3
:20FD8000FFFFFFFFFFFFFFFFFFFFFFFFFFFFFFFFFFFFFFFFFFFFFFFFFFFFFFFFFFFFFFFF83
:20FDA000FFFFFFFFFFFFFFFFFFFFFFFFFFFFFFFFFFFFFFFFFFFFFFFFFFFFFFFFFFFFFFFF63
:20FDC000FFFFFFFFFFFFFFFFFFFFFFFFFFFFFFFFFFFFFFFFFFFFFFFFFFFFFFFFFFFFFFFF43
:20FDE000FFFFFFFFFFFFFFFFFFFFFFFFFFFFFFFFFFFFFFFFFFFFFFFFFFFFFFFFFFFFFFFF23
:20FE0000FFFFFFFFFFFFFFFFFFFFFFFFFFFFFFFFFFFFFFFFFFFFFFFFFFFFFFFFFFFFFFFF02
:20FE2000FFFFFFFFFFFFFFFFFFFFFFFFFFFFFFFFFFFFFFFFFFFFFFFFFFFFFFFFFFFFFFFFE2
:20FE4000FFFFFFFFFFFFFFFFFFFFFFFFFFFFFFFFFFFFFFFFFFFFFFFFFFFFFFFFFFFFFFFFC2
:20FE6000FFFFFFFFFFFFFFFFFFFFFFFFFFFFFFFFFFFFFFFFFFFFFFFFFFFFFFFFFFFFFFFFA2
:20FE8000FFFFFFFFFFFFFFFFFFFFFFFFFFFFFFFFFFFFFFFFFFFFFFFFFFFFFFFFFFFFFFFF82
:20FEA000FFFFFFFFFFFFFFFFFFFFFFFFFFFFFFFFFFFFFFFFFFFFFFFFFFFFFFFFFFFFFFFF62
:20FEC000FFFFFFFFFFFFFFFFFFFFFFFFFFFFFFFFFFFFFFFFFFFFFFFFFFFFFFFFFFFFFFFF42
:20FEE000FFFFFFFFFFFFFFFFFFFFFFFFFFFFFFFFFFFFFFFFFFFFFFFFFFFFFFFFFFFFFFFF22
:20FF0000FFFFFFFFFFFFFFFFFFFFFFFFFFFFFFFFFFFFFFFFFFFFFFFFFFFFFFFFFFFFFFFF01
:20FF2000FFFFFFFFFFFFFFFFFFFFFFFFFFFFFFFFFFFFFFFFFFFFFFFFFFFFFFFFFFFFFFFFE1
:20FF4000FFFFFFFFFFFFFFFFFFFFFFFFFFFFFFFFFFFFFFFFFFFFFFFFFFFFFFFFFFFFFFFFC1
:20FF6000FFFFFFFFFFFFFFFFFFFFFFFFFFFFFFFFFFFFFFFFFFFFFFFFFFFFFFFFFFFFFFFFA1
:20FF8000FFFFFFFFFFFFFFFFFFFFFFFFFFFFFFFFFFFFFFFFFFFFFFFFFFFFFFFFFFFFFFFF81
:20FFA000FFFFFFFFFFFFFFFFFFFFFFFFFFFFFFFFFFFFFFFFFFFFFFFFFFFFFFFFFFFFFFFF61
:20FFC000FFFFFFFFFFFFFFFFFFFFFFFFFFFFFFFFFFFFFFFFFFFFFFFFFFFFFFFFFFFFFFFF41
:20FFE000FFFFFFFFFFFFFFFFFFFFFFFFFFFFFFFFFFFFFFFFFFFFFFFFFFFFFFFFFFFFFFFF21
:020000040803EF
:20000000FFFFFFFFFFFFFFFFFFFFFFFFFFFFFFFFFFFFFFFFFFFFFFFFFFFFFFFFFFFFFFFF00
:20002000FFFFFFFFFFFFFFFFFFFFFFFFFFFFFFFFFFFFFFFFFFFFFFFFFFFFFFFFFFFFFFFFE0
:20004000FFFFFFFFFFFFFFFFFFFFFFFFFFFFFFFFFFFFFFFFFFFFFFFFFFFFFFFFFFFFFFFFC0
:20006000FFFFFFFFFFFFFFFFFFFFFFFFFFFFFFFFFFFFFFFFFFFFFFFFFFFFFFFFFFFFFFFFA0
:20008000FFFFFFFFFFFFFFFFFFFFFFFFFFFFFFFFFFFFFFFFFFFFFFFFFFFFFFFFFFFFFFFF80
:2000A000FFFFFFFFFFFFFFFFFFFFFFFFFFFFFFFFFFFFFFFFFFFFFFFFFFFFFFFFFFFFFFFF60
:2000C000FFFFFFFFFFFFFFFFFFFFFFFFFFFFFFFFFFFFFFFFFFFFFFFFFFFFFFFFFFFFFFFF40
:2000E000FFFFFFFFFFFFFFFFFFFFFFFFFFFFFFFFFFFFFFFFFFFFFFFFFFFFFFFFFFFFFFFF20
:20010000FFFFFFFFFFFFFFFFFFFFFFFFFFFFFFFFFFFFFFFFFFFFFFFFFFFFFFFFFFFFFFFFFF
:20012000FFFFFFFFFFFFFFFFFFFFFFFFFFFFFFFFFFFFFFFFFFFFFFFFFFFFFFFFFFFFFFFFDF
:20014000FFFFFFFFFFFFFFFFFFFFFFFFFFFFFFFFFFFFFFFFFFFFFFFFFFFFFFFFFFFFFFFFBF
:20016000FFFFFFFFFFFFFFFFFFFFFFFFFFFFFFFFFFFFFFFFFFFFFFFFFFFFFFFFFFFFFFFF9F
:20018000FFFFFFFFFFFFFFFFFFFFFFFFFFFFFFFFFFFFFFFFFFFFFFFFFFFFFFFFFFFFFFFF7F
:2001A000FFFFFFFFFFFFFFFFFFFFFFFFFFFFFFFFFFFFFFFFFFFFFFFFFFFFFFFFFFFFFFFF5F
:2001C000FFFFFFFFFFFFFFFFFFFFFFFFFFFFFFFFFFFFFFFFFFFFFFFFFFFFFFFFFFFFFFFF3F
:2001E000FFFFFFFFFFFFFFFFFFFFFFFFFFFFFFFFFFFFFFFFFFFFFFFFFFFFFFFFFFFFFFFF1F
:20020000FFFFFFFFFFFFFFFFFFFFFFFFFFFFFFFFFFFFFFFFFFFFFFFFFFFFFFFFFFFFFFFFFE
:20022000FFFFFFFFFFFFFFFFFFFFFFFFFFFFFFFFFFFFFFFFFFFFFFFFFFFFFFFFFFFFFFFFDE
:20024000FFFFFFFFFFFFFFFFFFFFFFFFFFFFFFFFFFFFFFFFFFFFFFFFFFFFFFFFFFFFFFFFBE
:20026000FFFFFFFFFFFFFFFFFFFFFFFFFFFFFFFFFFFFFFFFFFFFFFFFFFFFFFFFFFFFFFFF9E
:20028000FFFFFFFFFFFFFFFFFFFFFFFFFFFFFFFFFFFFFFFFFFFFFFFFFFFFFFFFFFFFFFFF7E
:2002A000FFFFFFFFFFFFFFFFFFFFFFFFFFFFFFFFFFFFFFFFFFFFFFFFFFFFFFFFFFFFFFFF5E
:2002C000FFFFFFFFFFFFFFFFFFFFFFFFFFFFFFFFFFFFFFFFFFFFFFFFFFFFFFFFFFFFFFFF3E
:2002E000FFFFFFFFFFFFFFFFFFFFFFFFFFFFFFFFFFFFFFFFFFFFFFFFFFFFFFFFFFFFFFFF1E
:20030000FFFFFFFFFFFFFFFFFFFFFFFFFFFFFFFFFFFFFFFFFFFFFFFFFFFFFFFFFFFFFFFFFD
:20032000FFFFFFFFFFFFFFFFFFFFFFFFFFFFFFFFFFFFFFFFFFFFFFFFFFFFFFFFFFFFFFFFDD
:20034000FFFFFFFFFFFFFFFFFFFFFFFFFFFFFFFFFFFFFFFFFFFFFFFFFFFFFFFFFFFFFFFFBD
:20036000FFFFFFFFFFFFFFFFFFFFFFFFFFFFFFFFFFFFFFFFFFFFFFFFFFFFFFFFFFFFFFFF9D
:20038000FFFFFFFFFFFFFFFFFFFFFFFFFFFFFFFFFFFFFFFFFFFFFFFFFFFFFFFFFFFFFFFF7D
:2003A000FFFFFFFFFFFFFFFFFFFFFFFFFFFFFFFFFFFFFFFFFFFFFFFFFFFFFFFFFFFFFFFF5D
:2003C000FFFFFFFFFFFFFFFFFFFFFFFFFFFFFFFFFFFFFFFFFFFFFFFFFFFFFFFFFFFFFFFF3D
:2003E000FFFFFFFFFFFFFFFFFFFFFFFFFFFFFFFFFFFFFFFFFFFFFFFFFFFFFFFFFFFFFFFF1D
:20040000FFFFFFFFFFFFFFFFFFFFFFFFFFFFFFFFFFFFFFFFFFFFFFFFFFFFFFFFFFFFFFFFFC
:20042000FFFFFFFFFFFFFFFFFFFFFFFFFFFFFFFFFFFFFFFFFFFFFFFFFFFFFFFFFFFFFFFFDC
:20044000FFFFFFFFFFFFFFFFFFFFFFFFFFFFFFFFFFFFFFFFFFFFFFFFFFFFFFFFFFFFFFFFBC
:20046000FFFFFFFFFFFFFFFFFFFFFFFFFFFFFFFFFFFFFFFFFFFFFFFFFFFFFFFFFFFFFFFF9C
:20048000FFFFFFFFFFFFFFFFFFFFFFFFFFFFFFFFFFFFFFFFFFFFFFFFFFFFFFFFFFFFFFFF7C
:2004A000FFFFFFFFFFFFFFFFFFFFFFFFFFFFFFFFFFFFFFFFFFFFFFFFFFFFFFFFFFFFFFFF5C
:2004C000FFFFFFFFFFFFFFFFFFFFFFFFFFFFFFFFFFFFFFFFFFFFFFFFFFFFFFFFFFFFFFFF3C
:2004E000FFFFFFFFFFFFFFFFFFFFFFFFFFFFFFFFFFFFFFFFFFFFFFFFFFFFFFFFFFFFFFFF1C
:20050000FFFFFFFFFFFFFFFFFFFFFFFFFFFFFFFFFFFFFFFFFFFFFFFFFFFFFFFFFFFFFFFFFB
:20052000FFFFFFFFFFFFFFFFFFFFFFFFFFFFFFFFFFFFFFFFFFFFFFFFFFFFFFFFFFFFFFFFDB
:20054000FFFFFFFFFFFFFFFFFFFFFFFFFFFFFFFFFFFFFFFFFFFFFFFFFFFFFFFFFFFFFFFFBB
:20056000FFFFFFFFFFFFFFFFFFFFFFFFFFFFFFFFFFFFFFFFFFFFFFFFFFFFFFFFFFFFFFFF9B
:20058000FFFFFFFFFFFFFFFFFFFFFFFFFFFFFFFFFFFFFFFFFFFFFFFFFFFFFFFFFFFFFFFF7B
:2005A000FFFFFFFFFFFFFFFFFFFFFFFFFFFFFFFFFFFFFFFFFFFFFFFFFFFFFFFFFFFFFFFF5B
:2005C000FFFFFFFFFFFFFFFFFFFFFFFFFFFFFFFFFFFFFFFFFFFFFFFFFFFFFFFFFFFFFFFF3B
:2005E000FFFFFFFFFFFFFFFFFFFFFFFFFFFFFFFFFFFFFFFFFFFFFFFFFFFFFFFFFFFFFFFF1B
:20060000FFFFFFFFFFFFFFFFFFFFFFFFFFFFFFFFFFFFFFFFFFFFFFFFFFFFFFFFFFFFFFFFFA
:20062000FFFFFFFFFFFFFFFFFFFFFFFFFFFFFFFFFFFFFFFFFFFFFFFFFFFFFFFFFFFFFFFFDA
:20064000FFFFFFFFFFFFFFFFFFFFFFFFFFFFFFFFFFFFFFFFFFFFFFFFFFFFFFFFFFFFFFFFBA
:20066000FFFFFFFFFFFFFFFFFFFFFFFFFFFFFFFFFFFFFFFFFFFFFFFFFFFFFFFFFFFFFFFF9A
:20068000FFFFFFFFFFFFFFFFFFFFFFFFFFFFFFFFFFFFFFFFFFFFFFFFFFFFFFFFFFFFFFFF7A
:2006A000FFFFFFFFFFFFFFFFFFFFFFFFFFFFFFFFFFFFFFFFFFFFFFFFFFFFFFFFFFFFFFFF5A
:2006C000FFFFFFFFFFFFFFFFFFFFFFFFFFFFFFFFFFFFFFFFFFFFFFFFFFFFFFFFFFFFFFFF3A
:2006E000FFFFFFFFFFFFFFFFFFFFFFFFFFFFFFFFFFFFFFFFFFFFFFFFFFFFFFFFFFFFFFFF1A
:20070000FFFFFFFFFFFFFFFFFFFFFFFFFFFFFFFFFFFFFFFFFFFFFFFFFFFFFFFFFFFFFFFFF9
:20072000FFFFFFFFFFFFFFFFFFFFFFFFFFFFFFFFFFFFFFFFFFFFFFFFFFFFFFFFFFFFFFFFD9
:20074000FFFFFFFFFFFFFFFFFFFFFFFFFFFFFFFFFFFFFFFFFFFFFFFFFFFFFFFFFFFFFFFFB9
:20076000FFFFFFFFFFFFFFFFFFFFFFFFFFFFFFFFFFFFFFFFFFFFFFFFFFFFFFFFFFFFFFFF99
:20078000FFFFFFFFFFFFFFFFFFFFFFFFFFFFFFFFFFFFFFFFFFFFFFFFFFFFFFFFFFFFFFFF79
:2007A000FFFFFFFFFFFFFFFFFFFFFFFFFFFFFFFFFFFFFFFFFFFFFFFFFFFFFFFFFFFFFFFF59
:2007C000FFFFFFFFFFFFFFFFFFFFFFFFFFFFFFFFFFFFFFFFFFFFFFFFFFFFFFFFFFFFFFFF39
:2007E000FFFFFFFFFFFFFFFFFFFFFFFFFFFFFFFFFFFFFFFFFFFFFFFFFFFFFFFFFFFFFFFF19
:20080000FFFFFFFFFFFFFFFFFFFFFFFFFFFFFFFFFFFFFFFFFFFFFFFFFFFFFFFFFFFFFFFFF8
:20082000FFFFFFFFFFFFFFFFFFFFFFFFFFFFFFFFFFFFFFFFFFFFFFFFFFFFFFFFFFFFFFFFD8
:20084000FFFFFFFFFFFFFFFFFFFFFFFFFFFFFFFFFFFFFFFFFFFFFFFFFFFFFFFFFFFFFFFFB8
:20086000FFFFFFFFFFFFFFFFFFFFFFFFFFFFFFFFFFFFFFFFFFFFFFFFFFFFFFFFFFFFFFFF98
:20088000FFFFFFFFFFFFFFFFFFFFFFFFFFFFFFFFFFFFFFFFFFFFFFFFFFFFFFFFFFFFFFFF78
:2008A000FFFFFFFFFFFFFFFFFFFFFFFFFFFFFFFFFFFFFFFFFFFFFFFFFFFFFFFFFFFFFFFF58
:2008C000FFFFFFFFFFFFFFFFFFFFFFFFFFFFFFFFFFFFFFFFFFFFFFFFFFFFFFFFFFFFFFFF38
:2008E000FFFFFFFFFFFFFFFFFFFFFFFFFFFFFFFFFFFFFFFFFFFFFFFFFFFFFFFFFFFFFFFF18
:20090000FFFFFFFFFFFFFFFFFFFFFFFFFFFFFFFFFFFFFFFFFFFFFFFFFFFFFFFFFFFFFFFFF7
:20092000FFFFFFFFFFFFFFFFFFFFFFFFFFFFFFFFFFFFFFFFFFFFFFFFFFFFFFFFFFFFFFFFD7
:20094000FFFFFFFFFFFFFFFFFFFFFFFFFFFFFFFFFFFFFFFFFFFFFFFFFFFFFFFFFFFFFFFFB7
:20096000FFFFFFFFFFFFFFFFFFFFFFFFFFFFFFFFFFFFFFFFFFFFFFFFFFFFFFFFFFFFFFFF97
:20098000FFFFFFFFFFFFFFFFFFFFFFFFFFFFFFFFFFFFFFFFFFFFFFFFFFFFFFFFFFFFFFFF77
:2009A000FFFFFFFFFFFFFFFFFFFFFFFFFFFFFFFFFFFFFFFFFFFFFFFFFFFFFFFFFFFFFFFF57
:2009C000FFFFFFFFFFFFFFFFFFFFFFFFFFFFFFFFFFFFFFFFFFFFFFFFFFFFFFFFFFFFFFFF37
:2009E000FFFFFFFFFFFFFFFFFFFFFFFFFFFFFFFFFFFFFFFFFFFFFFFFFFFFFFFFFFFFFFFF17
:200A0000FFFFFFFFFFFFFFFFFFFFFFFFFFFFFFFFFFFFFFFFFFFFFFFFFFFFFFFFFFFFFFFFF6
:200A2000FFFFFFFFFFFFFFFFFFFFFFFFFFFFFFFFFFFFFFFFFFFFFFFFFFFFFFFFFFFFFFFFD6
:200A4000FFFFFFFFFFFFFFFFFFFFFFFFFFFFFFFFFFFFFFFFFFFFFFFFFFFFFFFFFFFFFFFFB6
:200A6000FFFFFFFFFFFFFFFFFFFFFFFFFFFFFFFFFFFFFFFFFFFFFFFFFFFFFFFFFFFFFFFF96
:200A8000FFFFFFFFFFFFFFFFFFFFFFFFFFFFFFFFFFFFFFFFFFFFFFFFFFFFFFFFFFFFFFFF76
:200AA000FFFFFFFFFFFFFFFFFFFFFFFFFFFFFFFFFFFFFFFFFFFFFFFFFFFFFFFFFFFFFFFF56
:200AC000FFFFFFFFFFFFFFFFFFFFFFFFFFFFFFFFFFFFFFFFFFFFFFFFFFFFFFFFFFFFFFFF36
:200AE000FFFFFFFFFFFFFFFFFFFFFFFFFFFFFFFFFFFFFFFFFFFFFFFFFFFFFFFFFFFFFFFF16
:200B0000FFFFFFFFFFFFFFFFFFFFFFFFFFFFFFFFFFFFFFFFFFFFFFFFFFFFFFFFFFFFFFFFF5
:200B2000FFFFFFFFFFFFFFFFFFFFFFFFFFFFFFFFFFFFFFFFFFFFFFFFFFFFFFFFFFFFFFFFD5
:200B4000FFFFFFFFFFFFFFFFFFFFFFFFFFFFFFFFFFFFFFFFFFFFFFFFFFFFFFFFFFFFFFFFB5
:200B6000FFFFFFFFFFFFFFFFFFFFFFFFFFFFFFFFFFFFFFFFFFFFFFFFFFFFFFFFFFFFFFFF95
:200B8000FFFFFFFFFFFFFFFFFFFFFFFFFFFFFFFFFFFFFFFFFFFFFFFFFFFFFFFFFFFFFFFF75
:200BA000FFFFFFFFFFFFFFFFFFFFFFFFFFFFFFFFFFFFFFFFFFFFFFFFFFFFFFFFFFFFFFFF55
:200BC000FFFFFFFFFFFFFFFFFFFFFFFFFFFFFFFFFFFFFFFFFFFFFFFFFFFFFFFFFFFFFFFF35
:200BE000FFFFFFFFFFFFFFFFFFFFFFFFFFFFFFFFFFFFFFFFFFFFFFFFFFFFFFFFFFFFFFFF15
:200C0000FFFFFFFFFFFFFFFFFFFFFFFFFFFFFFFFFFFFFFFFFFFFFFFFFFFFFFFFFFFFFFFFF4
:200C2000FFFFFFFFFFFFFFFFFFFFFFFFFFFFFFFFFFFFFFFFFFFFFFFFFFFFFFFFFFFFFFFFD4
:200C4000FFFFFFFFFFFFFFFFFFFFFFFFFFFFFFFFFFFFFFFFFFFFFFFFFFFFFFFFFFFFFFFFB4
:200C6000FFFFFFFFFFFFFFFFFFFFFFFFFFFFFFFFFFFFFFFFFFFFFFFFFFFFFFFFFFFFFFFF94
:200C8000FFFFFFFFFFFFFFFFFFFFFFFFFFFFFFFFFFFFFFFFFFFFFFFFFFFFFFFFFFFFFFFF74
:200CA000FFFFFFFFFFFFFFFFFFFFFFFFFFFFFFFFFFFFFFFFFFFFFFFFFFFFFFFFFFFFFFFF54
:200CC000FFFFFFFFFFFFFFFFFFFFFFFFFFFFFFFFFFFFFFFFFFFFFFFFFFFFFFFFFFFFFFFF34
:200CE000FFFFFFFFFFFFFFFFFFFFFFFFFFFFFFFFFFFFFFFFFFFFFFFFFFFFFFFFFFFFFFFF14
:200D0000FFFFFFFFFFFFFFFFFFFFFFFFFFFFFFFFFFFFFFFFFFFFFFFFFFFFFFFFFFFFFFFFF3
:200D2000FFFFFFFFFFFFFFFFFFFFFFFFFFFFFFFFFFFFFFFFFFFFFFFFFFFFFFFFFFFFFFFFD3
:200D4000FFFFFFFFFFFFFFFFFFFFFFFFFFFFFFFFFFFFFFFFFFFFFFFFFFFFFFFFFFFFFFFFB3
:200D6000FFFFFFFFFFFFFFFFFFFFFFFFFFFFFFFFFFFFFFFFFFFFFFFFFFFFFFFFFFFFFFFF93
:200D8000FFFFFFFFFFFFFFFFFFFFFFFFFFFFFFFFFFFFFFFFFFFFFFFFFFFFFFFFFFFFFFFF73
:200DA000FFFFFFFFFFFFFFFFFFFFFFFFFFFFFFFFFFFFFFFFFFFFFFFFFFFFFFFFFFFFFFFF53
:200DC000FFFFFFFFFFFFFFFFFFFFFFFFFFFFFFFFFFFFFFFFFFFFFFFFFFFFFFFFFFFFFFFF33
:200DE000FFFFFFFFFFFFFFFFFFFFFFFFFFFFFFFFFFFFFFFFFFFFFFFFFFFFFFFFFFFFFFFF13
:200E0000FFFFFFFFFFFFFFFFFFFFFFFFFFFFFFFFFFFFFFFFFFFFFFFFFFFFFFFFFFFFFFFFF2
:200E2000FFFFFFFFFFFFFFFFFFFFFFFFFFFFFFFFFFFFFFFFFFFFFFFFFFFFFFFFFFFFFFFFD2
:200E4000FFFFFFFFFFFFFFFFFFFFFFFFFFFFFFFFFFFFFFFFFFFFFFFFFFFFFFFFFFFFFFFFB2
:200E6000FFFFFFFFFFFFFFFFFFFFFFFFFFFFFFFFFFFFFFFFFFFFFFFFFFFFFFFFFFFFFFFF92
:200E8000FFFFFFFFFFFFFFFFFFFFFFFFFFFFFFFFFFFFFFFFFFFFFFFFFFFFFFFFFFFFFFFF72
:200EA000FFFFFFFFFFFFFFFFFFFFFFFFFFFFFFFFFFFFFFFFFFFFFFFFFFFFFFFFFFFFFFFF52
:200EC000FFFFFFFFFFFFFFFFFFFFFFFFFFFFFFFFFFFFFFFFFFFFFFFFFFFFFFFFFFFFFFFF32
:200EE000FFFFFFFFFFFFFFFFFFFFFFFFFFFFFFFFFFFFFFFFFFFFFFFFFFFFFFFFFFFFFFFF12
:200F0000FFFFFFFFFFFFFFFFFFFFFFFFFFFFFFFFFFFFFFFFFFFFFFFFFFFFFFFFFFFFFFFFF1
:200F2000FFFFFFFFFFFFFFFFFFFFFFFFFFFFFFFFFFFFFFFFFFFFFFFFFFFFFFFFFFFFFFFFD1
:200F4000FFFFFFFFFFFFFFFFFFFFFFFFFFFFFFFFFFFFFFFFFFFFFFFFFFFFFFFFFFFFFFFFB1
:200F6000FFFFFFFFFFFFFFFFFFFFFFFFFFFFFFFFFFFFFFFFFFFFFFFFFFFFFFFFFFFFFFFF91
:200F8000FFFFFFFFFFFFFFFFFFFFFFFFFFFFFFFFFFFFFFFFFFFFFFFFFFFFFFFFFFFFFFFF71
:200FA000FFFFFFFFFFFFFFFFFFFFFFFFFFFFFFFFFFFFFFFFFFFFFFFFFFFFFFFFFFFFFFFF51
:200FC000FFFFFFFFFFFFFFFFFFFFFFFFFFFFFFFFFFFFFFFFFFFFFFFFFFFFFFFFFFFFFFFF31
:200FE000FFFFFFFFFFFFFFFFFFFFFFFFFFFFFFFFFFFFFFFFFFFFFFFFFFFFFFFFFFFFFFFF11
:20100000FFFFFFFFFFFFFFFFFFFFFFFFFFFFFFFFFFFFFFFFFFFFFFFFFFFFFFFFFFFFFFFFF0
:20102000FFFFFFFFFFFFFFFFFFFFFFFFFFFFFFFFFFFFFFFFFFFFFFFFFFFFFFFFFFFFFFFFD0
:20104000FFFFFFFFFFFFFFFFFFFFFFFFFFFFFFFFFFFFFFFFFFFFFFFFFFFFFFFFFFFFFFFFB0
:20106000FFFFFFFFFFFFFFFFFFFFFFFFFFFFFFFFFFFFFFFFFFFFFFFFFFFFFFFFFFFFFFFF90
:20108000FFFFFFFFFFFFFFFFFFFFFFFFFFFFFFFFFFFFFFFFFFFFFFFFFFFFFFFFFFFFFFFF70
:2010A000FFFFFFFFFFFFFFFFFFFFFFFFFFFFFFFFFFFFFFFFFFFFFFFFFFFFFFFFFFFFFFFF50
:2010C000FFFFFFFFFFFFFFFFFFFFFFFFFFFFFFFFFFFFFFFFFFFFFFFFFFFFFFFFFFFFFFFF30
:2010E000FFFFFFFFFFFFFFFFFFFFFFFFFFFFFFFFFFFFFFFFFFFFFFFFFFFFFFFFFFFFFFFF10
:20110000FFFFFFFFFFFFFFFFFFFFFFFFFFFFFFFFFFFFFFFFFFFFFFFFFFFFFFFFFFFFFFFFEF
:20112000FFFFFFFFFFFFFFFFFFFFFFFFFFFFFFFFFFFFFFFFFFFFFFFFFFFFFFFFFFFFFFFFCF
:20114000FFFFFFFFFFFFFFFFFFFFFFFFFFFFFFFFFFFFFFFFFFFFFFFFFFFFFFFFFFFFFFFFAF
:20116000FFFFFFFFFFFFFFFFFFFFFFFFFFFFFFFFFFFFFFFFFFFFFFFFFFFFFFFFFFFFFFFF8F
:20118000FFFFFFFFFFFFFFFFFFFFFFFFFFFFFFFFFFFFFFFFFFFFFFFFFFFFFFFFFFFFFFFF6F
:2011A000FFFFFFFFFFFFFFFFFFFFFFFFFFFFFFFFFFFFFFFFFFFFFFFFFFFFFFFFFFFFFFFF4F
:2011C000FFFFFFFFFFFFFFFFFFFFFFFFFFFFFFFFFFFFFFFFFFFFFFFFFFFFFFFFFFFFFFFF2F
:2011E000FFFFFFFFFFFFFFFFFFFFFFFFFFFFFFFFFFFFFFFFFFFFFFFFFFFFFFFFFFFFFFFF0F
:20120000FFFFFFFFFFFFFFFFFFFFFFFFFFFFFFFFFFFFFFFFFFFFFFFFFFFFFFFFFFFFFFFFEE
:20122000FFFFFFFFFFFFFFFFFFFFFFFFFFFFFFFFFFFFFFFFFFFFFFFFFFFFFFFFFFFFFFFFCE
:20124000FFFFFFFFFFFFFFFFFFFFFFFFFFFFFFFFFFFFFFFFFFFFFFFFFFFFFFFFFFFFFFFFAE
:20126000FFFFFFFFFFFFFFFFFFFFFFFFFFFFFFFFFFFFFFFFFFFFFFFFFFFFFFFFFFFFFFFF8E
:20128000FFFFFFFFFFFFFFFFFFFFFFFFFFFFFFFFFFFFFFFFFFFFFFFFFFFFFFFFFFFFFFFF6E
:2012A000FFFFFFFFFFFFFFFFFFFFFFFFFFFFFFFFFFFFFFFFFFFFFFFFFFFFFFFFFFFFFFFF4E
:2012C000FFFFFFFFFFFFFFFFFFFFFFFFFFFFFFFFFFFFFFFFFFFFFFFFFFFFFFFFFFFFFFFF2E
:2012E000FFFFFFFFFFFFFFFFFFFFFFFFFFFFFFFFFFFFFFFFFFFFFFFFFFFFFFFFFFFFFFFF0E
:20130000FFFFFFFFFFFFFFFFFFFFFFFFFFFFFFFFFFFFFFFFFFFFFFFFFFFFFFFFFFFFFFFFED
:20132000FFFFFFFFFFFFFFFFFFFFFFFFFFFFFFFFFFFFFFFFFFFFFFFFFFFFFFFFFFFFFFFFCD
:20134000FFFFFFFFFFFFFFFFFFFFFFFFFFFFFFFFFFFFFFFFFFFFFFFFFFFFFFFFFFFFFFFFAD
:20136000FFFFFFFFFFFFFFFFFFFFFFFFFFFFFFFFFFFFFFFFFFFFFFFFFFFFFFFFFFFFFFFF8D
:20138000FFFFFFFFFFFFFFFFFFFFFFFFFFFFFFFFFFFFFFFFFFFFFFFFFFFFFFFFFFFFFFFF6D
:2013A000FFFFFFFFFFFFFFFFFFFFFFFFFFFFFFFFFFFFFFFFFFFFFFFFFFFFFFFFFFFFFFFF4D
:2013C000FFFFFFFFFFFFFFFFFFFFFFFFFFFFFFFFFFFFFFFFFFFFFFFFFFFFFFFFFFFFFFFF2D
:2013E000FFFFFFFFFFFFFFFFFFFFFFFFFFFFFFFFFFFFFFFFFFFFFFFFFFFFFFFFFFFFFFFF0D
:20140000FFFFFFFFFFFFFFFFFFFFFFFFFFFFFFFFFFFFFFFFFFFFFFFFFFFFFFFFFFFFFFFFEC
:20142000FFFFFFFFFFFFFFFFFFFFFFFFFFFFFFFFFFFFFFFFFFFFFFFFFFFFFFFFFFFFFFFFCC
:20144000FFFFFFFFFFFFFFFFFFFFFFFFFFFFFFFFFFFFFFFFFFFFFFFFFFFFFFFFFFFFFFFFAC
:20146000FFFFFFFFFFFFFFFFFFFFFFFFFFFFFFFFFFFFFFFFFFFFFFFFFFFFFFFFFFFFFFFF8C
:20148000FFFFFFFFFFFFFFFFFFFFFFFFFFFFFFFFFFFFFFFFFFFFFFFFFFFFFFFFFFFFFFFF6C
:2014A000FFFFFFFFFFFFFFFFFFFFFFFFFFFFFFFFFFFFFFFFFFFFFFFFFFFFFFFFFFFFFFFF4C
:2014C000FFFFFFFFFFFFFFFFFFFFFFFFFFFFFFFFFFFFFFFFFFFFFFFFFFFFFFFFFFFFFFFF2C
:2014E000FFFFFFFFFFFFFFFFFFFFFFFFFFFFFFFFFFFFFFFFFFFFFFFFFFFFFFFFFFFFFFFF0C
:20150000FFFFFFFFFFFFFFFFFFFFFFFFFFFFFFFFFFFFFFFFFFFFFFFFFFFFFFFFFFFFFFFFEB
:20152000FFFFFFFFFFFFFFFFFFFFFFFFFFFFFFFFFFFFFFFFFFFFFFFFFFFFFFFFFFFFFFFFCB
:20154000FFFFFFFFFFFFFFFFFFFFFFFFFFFFFFFFFFFFFFFFFFFFFFFFFFFFFFFFFFFFFFFFAB
:20156000FFFFFFFFFFFFFFFFFFFFFFFFFFFFFFFFFFFFFFFFFFFFFFFFFFFFFFFFFFFFFFFF8B
:20158000FFFFFFFFFFFFFFFFFFFFFFFFFFFFFFFFFFFFFFFFFFFFFFFFFFFFFFFFFFFFFFFF6B
:2015A000FFFFFFFFFFFFFFFFFFFFFFFFFFFFFFFFFFFFFFFFFFFFFFFFFFFFFFFFFFFFFFFF4B
:2015C000FFFFFFFFFFFFFFFFFFFFFFFFFFFFFFFFFFFFFFFFFFFFFFFFFFFFFFFFFFFFFFFF2B
:2015E000FFFFFFFFFFFFFFFFFFFFFFFFFFFFFFFFFFFFFFFFFFFFFFFFFFFFFFFFFFFFFFFF0B
:20160000FFFFFFFFFFFFFFFFFFFFFFFFFFFFFFFFFFFFFFFFFFFFFFFFFFFFFFFFFFFFFFFFEA
:20162000FFFFFFFFFFFFFFFFFFFFFFFFFFFFFFFFFFFFFFFFFFFFFFFFFFFFFFFFFFFFFFFFCA
:20164000FFFFFFFFFFFFFFFFFFFFFFFFFFFFFFFFFFFFFFFFFFFFFFFFFFFFFFFFFFFFFFFFAA
:20166000FFFFFFFFFFFFFFFFFFFFFFFFFFFFFFFFFFFFFFFFFFFFFFFFFFFFFFFFFFFFFFFF8A
:20168000FFFFFFFFFFFFFFFFFFFFFFFFFFFFFFFFFFFFFFFFFFFFFFFFFFFFFFFFFFFFFFFF6A
:2016A000FFFFFFFFFFFFFFFFFFFFFFFFFFFFFFFFFFFFFFFFFFFFFFFFFFFFFFFFFFFFFFFF4A
:2016C000FFFFFFFFFFFFFFFFFFFFFFFFFFFFFFFFFFFFFFFFFFFFFFFFFFFFFFFFFFFFFFFF2A
:2016E000FFFFFFFFFFFFFFFFFFFFFFFFFFFFFFFFFFFFFFFFFFFFFFFFFFFFFFFFFFFFFFFF0A
:20170000FFFFFFFFFFFFFFFFFFFFFFFFFFFFFFFFFFFFFFFFFFFFFFFFFFFFFFFFFFFFFFFFE9
:20172000FFFFFFFFFFFFFFFFFFFFFFFFFFFFFFFFFFFFFFFFFFFFFFFFFFFFFFFFFFFFFFFFC9
:20174000FFFFFFFFFFFFFFFFFFFFFFFFFFFFFFFFFFFFFFFFFFFFFFFFFFFFFFFFFFFFFFFFA9
:20176000FFFFFFFFFFFFFFFFFFFFFFFFFFFFFFFFFFFFFFFFFFFFFFFFFFFFFFFFFFFFFFFF89
:20178000FFFFFFFFFFFFFFFFFFFFFFFFFFFFFFFFFFFFFFFFFFFFFFFFFFFFFFFFFFFFFFFF69
:2017A000FFFFFFFFFFFFFFFFFFFFFFFFFFFFFFFFFFFFFFFFFFFFFFFFFFFFFFFFFFFFFFFF49
:2017C000FFFFFFFFFFFFFFFFFFFFFFFFFFFFFFFFFFFFFFFFFFFFFFFFFFFFFFFFFFFFFFFF29
:2017E000FFFFFFFFFFFFFFFFFFFFFFFFFFFFFFFFFFFFFFFFFFFFFFFFFFFFFFFFFFFFFFFF09
:20180000FFFFFFFFFFFFFFFFFFFFFFFFFFFFFFFFFFFFFFFFFFFFFFFFFFFFFFFFFFFFFFFFE8
:20182000FFFFFFFFFFFFFFFFFFFFFFFFFFFFFFFFFFFFFFFFFFFFFFFFFFFFFFFFFFFFFFFFC8
:20184000FFFFFFFFFFFFFFFFFFFFFFFFFFFFFFFFFFFFFFFFFFFFFFFFFFFFFFFFFFFFFFFFA8
:20186000FFFFFFFFFFFFFFFFFFFFFFFFFFFFFFFFFFFFFFFFFFFFFFFFFFFFFFFFFFFFFFFF88
:20188000FFFFFFFFFFFFFFFFFFFFFFFFFFFFFFFFFFFFFFFFFFFFFFFFFFFFFFFFFFFFFFFF68
:2018A000FFFFFFFFFFFFFFFFFFFFFFFFFFFFFFFFFFFFFFFFFFFFFFFFFFFFFFFFFFFFFFFF48
:2018C000FFFFFFFFFFFFFFFFFFFFFFFFFFFFFFFFFFFFFFFFFFFFFFFFFFFFFFFFFFFFFFFF28
:2018E000FFFFFFFFFFFFFFFFFFFFFFFFFFFFFFFFFFFFFFFFFFFFFFFFFFFFFFFFFFFFFFFF08
:20190000FFFFFFFFFFFFFFFFFFFFFFFFFFFFFFFFFFFFFFFFFFFFFFFFFFFFFFFFFFFFFFFFE7
:20192000FFFFFFFFFFFFFFFFFFFFFFFFFFFFFFFFFFFFFFFFFFFFFFFFFFFFFFFFFFFFFFFFC7
:20194000FFFFFFFFFFFFFFFFFFFFFFFFFFFFFFFFFFFFFFFFFFFFFFFFFFFFFFFFFFFFFFFFA7
:20196000FFFFFFFFFFFFFFFFFFFFFFFFFFFFFFFFFFFFFFFFFFFFFFFFFFFFFFFFFFFFFFFF87
:20198000FFFFFFFFFFFFFFFFFFFFFFFFFFFFFFFFFFFFFFFFFFFFFFFFFFFFFFFFFFFFFFFF67
:2019A000FFFFFFFFFFFFFFFFFFFFFFFFFFFFFFFFFFFFFFFFFFFFFFFFFFFFFFFFFFFFFFFF47
:2019C000FFFFFFFFFFFFFFFFFFFFFFFFFFFFFFFFFFFFFFFFFFFFFFFFFFFFFFFFFFFFFFFF27
:2019E000FFFFFFFFFFFFFFFFFFFFFFFFFFFFFFFFFFFFFFFFFFFFFFFFFFFFFFFFFFFFFFFF07
:201A0000FFFFFFFFFFFFFFFFFFFFFFFFFFFFFFFFFFFFFFFFFFFFFFFFFFFFFFFFFFFFFFFFE6
:201A2000FFFFFFFFFFFFFFFFFFFFFFFFFFFFFFFFFFFFFFFFFFFFFFFFFFFFFFFFFFFFFFFFC6
:201A4000FFFFFFFFFFFFFFFFFFFFFFFFFFFFFFFFFFFFFFFFFFFFFFFFFFFFFFFFFFFFFFFFA6
:201A6000FFFFFFFFFFFFFFFFFFFFFFFFFFFFFFFFFFFFFFFFFFFFFFFFFFFFFFFFFFFFFFFF86
:201A8000FFFFFFFFFFFFFFFFFFFFFFFFFFFFFFFFFFFFFFFFFFFFFFFFFFFFFFFFFFFFFFFF66
:201AA000FFFFFFFFFFFFFFFFFFFFFFFFFFFFFFFFFFFFFFFFFFFFFFFFFFFFFFFFFFFFFFFF46
:201AC000FFFFFFFFFFFFFFFFFFFFFFFFFFFFFFFFFFFFFFFFFFFFFFFFFFFFFFFFFFFFFFFF26
:201AE000FFFFFFFFFFFFFFFFFFFFFFFFFFFFFFFFFFFFFFFFFFFFFFFFFFFFFFFFFFFFFFFF06
:201B0000FFFFFFFFFFFFFFFFFFFFFFFFFFFFFFFFFFFFFFFFFFFFFFFFFFFFFFFFFFFFFFFFE5
:201B2000FFFFFFFFFFFFFFFFFFFFFFFFFFFFFFFFFFFFFFFFFFFFFFFFFFFFFFFFFFFFFFFFC5
:201B4000FFFFFFFFFFFFFFFFFFFFFFFFFFFFFFFFFFFFFFFFFFFFFFFFFFFFFFFFFFFFFFFFA5
:201B6000FFFFFFFFFFFFFFFFFFFFFFFFFFFFFFFFFFFFFFFFFFFFFFFFFFFFFFFFFFFFFFFF85
:201B8000FFFFFFFFFFFFFFFFFFFFFFFFFFFFFFFFFFFFFFFFFFFFFFFFFFFFFFFFFFFFFFFF65
:201BA000FFFFFFFFFFFFFFFFFFFFFFFFFFFFFFFFFFFFFFFFFFFFFFFFFFFFFFFFFFFFFFFF45
:201BC000FFFFFFFFFFFFFFFFFFFFFFFFFFFFFFFFFFFFFFFFFFFFFFFFFFFFFFFFFFFFFFFF25
:201BE000FFFFFFFFFFFFFFFFFFFFFFFFFFFFFFFFFFFFFFFFFFFFFFFFFFFFFFFFFFFFFFFF05
:201C0000FFFFFFFFFFFFFFFFFFFFFFFFFFFFFFFFFFFFFFFFFFFFFFFFFFFFFFFFFFFFFFFFE4
:201C2000FFFFFFFFFFFFFFFFFFFFFFFFFFFFFFFFFFFFFFFFFFFFFFFFFFFFFFFFFFFFFFFFC4
:201C4000FFFFFFFFFFFFFFFFFFFFFFFFFFFFFFFFFFFFFFFFFFFFFFFFFFFFFFFFFFFFFFFFA4
:201C6000FFFFFFFFFFFFFFFFFFFFFFFFFFFFFFFFFFFFFFFFFFFFFFFFFFFFFFFFFFFFFFFF84
:201C8000FFFFFFFFFFFFFFFFFFFFFFFFFFFFFFFFFFFFFFFFFFFFFFFFFFFFFFFFFFFFFFFF64
:201CA000FFFFFFFFFFFFFFFFFFFFFFFFFFFFFFFFFFFFFFFFFFFFFFFFFFFFFFFFFFFFFFFF44
:201CC000FFFFFFFFFFFFFFFFFFFFFFFFFFFFFFFFFFFFFFFFFFFFFFFFFFFFFFFFFFFFFFFF24
:201CE000FFFFFFFFFFFFFFFFFFFFFFFFFFFFFFFFFFFFFFFFFFFFFFFFFFFFFFFFFFFFFFFF04
:201D0000FFFFFFFFFFFFFFFFFFFFFFFFFFFFFFFFFFFFFFFFFFFFFFFFFFFFFFFFFFFFFFFFE3
:201D2000FFFFFFFFFFFFFFFFFFFFFFFFFFFFFFFFFFFFFFFFFFFFFFFFFFFFFFFFFFFFFFFFC3
:201D4000FFFFFFFFFFFFFFFFFFFFFFFFFFFFFFFFFFFFFFFFFFFFFFFFFFFFFFFFFFFFFFFFA3
:201D6000FFFFFFFFFFFFFFFFFFFFFFFFFFFFFFFFFFFFFFFFFFFFFFFFFFFFFFFFFFFFFFFF83
:201D8000FFFFFFFFFFFFFFFFFFFFFFFFFFFFFFFFFFFFFFFFFFFFFFFFFFFFFFFFFFFFFFFF63
:201DA000FFFFFFFFFFFFFFFFFFFFFFFFFFFFFFFFFFFFFFFFFFFFFFFFFFFFFFFFFFFFFFFF43
:201DC000FFFFFFFFFFFFFFFFFFFFFFFFFFFFFFFFFFFFFFFFFFFFFFFFFFFFFFFFFFFFFFFF23
:201DE000FFFFFFFFFFFFFFFFFFFFFFFFFFFFFFFFFFFFFFFFFFFFFFFFFFFFFFFFFFFFFFFF03
:201E0000FFFFFFFFFFFFFFFFFFFFFFFFFFFFFFFFFFFFFFFFFFFFFFFFFFFFFFFFFFFFFFFFE2
:201E2000FFFFFFFFFFFFFFFFFFFFFFFFFFFFFFFFFFFFFFFFFFFFFFFFFFFFFFFFFFFFFFFFC2
:201E4000FFFFFFFFFFFFFFFFFFFFFFFFFFFFFFFFFFFFFFFFFFFFFFFFFFFFFFFFFFFFFFFFA2
:201E6000FFFFFFFFFFFFFFFFFFFFFFFFFFFFFFFFFFFFFFFFFFFFFFFFFFFFFFFFFFFFFFFF82
:201E8000FFFFFFFFFFFFFFFFFFFFFFFFFFFFFFFFFFFFFFFFFFFFFFFFFFFFFFFFFFFFFFFF62
:201EA000FFFFFFFFFFFFFFFFFFFFFFFFFFFFFFFFFFFFFFFFFFFFFFFFFFFFFFFFFFFFFFFF42
:201EC000FFFFFFFFFFFFFFFFFFFFFFFFFFFFFFFFFFFFFFFFFFFFFFFFFFFFFFFFFFFFFFFF22
:201EE000FFFFFFFFFFFFFFFFFFFFFFFFFFFFFFFFFFFFFFFFFFFFFFFFFFFFFFFFFFFFFFFF02
:201F0000FFFFFFFFFFFFFFFFFFFFFFFFFFFFFFFFFFFFFFFFFFFFFFFFFFFFFFFFFFFFFFFFE1
:201F2000FFFFFFFFFFFFFFFFFFFFFFFFFFFFFFFFFFFFFFFFFFFFFFFFFFFFFFFFFFFFFFFFC1
:201F4000FFFFFFFFFFFFFFFFFFFFFFFFFFFFFFFFFFFFFFFFFFFFFFFFFFFFFFFFFFFFFFFFA1
:201F6000FFFFFFFFFFFFFFFFFFFFFFFFFFFFFFFFFFFFFFFFFFFFFFFFFFFFFFFFFFFFFFFF81
:201F8000FFFFFFFFFFFFFFFFFFFFFFFFFFFFFFFFFFFFFFFFFFFFFFFFFFFFFFFFFFFFFFFF61
:201FA000FFFFFFFFFFFFFFFFFFFFFFFFFFFFFFFFFFFFFFFFFFFFFFFFFFFFFFFFFFFFFFFF41
:201FC000FFFFFFFFFFFFFFFFFFFFFFFFFFFFFFFFFFFFFFFFFFFFFFFFFFFFFFFFFFFFFFFF21
:201FE000FFFFFFFFFFFFFFFFFFFFFFFFFFFFFFFFFFFFFFFFFFFFFFFFFFFFFFFFFFFFFFFF01
:20200000FFFFFFFFFFFFFFFFFFFFFFFFFFFFFFFFFFFFFFFFFFFFFFFFFFFFFFFFFFFFFFFFE0
:20202000FFFFFFFFFFFFFFFFFFFFFFFFFFFFFFFFFFFFFFFFFFFFFFFFFFFFFFFFFFFFFFFFC0
:20204000FFFFFFFFFFFFFFFFFFFFFFFFFFFFFFFFFFFFFFFFFFFFFFFFFFFFFFFFFFFFFFFFA0
:20206000FFFFFFFFFFFFFFFFFFFFFFFFFFFFFFFFFFFFFFFFFFFFFFFFFFFFFFFFFFFFFFFF80
:20208000FFFFFFFFFFFFFFFFFFFFFFFFFFFFFFFFFFFFFFFFFFFFFFFFFFFFFFFFFFFFFFFF60
:2020A000FFFFFFFFFFFFFFFFFFFFFFFFFFFFFFFFFFFFFFFFFFFFFFFFFFFFFFFFFFFFFFFF40
:2020C000FFFFFFFFFFFFFFFFFFFFFFFFFFFFFFFFFFFFFFFFFFFFFFFFFFFFFFFFFFFFFFFF20
:2020E000FFFFFFFFFFFFFFFFFFFFFFFFFFFFFFFFFFFFFFFFFFFFFFFFFFFFFFFFFFFFFFFF00
:20210000FFFFFFFFFFFFFFFFFFFFFFFFFFFFFFFFFFFFFFFFFFFFFFFFFFFFFFFFFFFFFFFFDF
:20212000FFFFFFFFFFFFFFFFFFFFFFFFFFFFFFFFFFFFFFFFFFFFFFFFFFFFFFFFFFFFFFFFBF
:20214000FFFFFFFFFFFFFFFFFFFFFFFFFFFFFFFFFFFFFFFFFFFFFFFFFFFFFFFFFFFFFFFF9F
:20216000FFFFFFFFFFFFFFFFFFFFFFFFFFFFFFFFFFFFFFFFFFFFFFFFFFFFFFFFFFFFFFFF7F
:20218000FFFFFFFFFFFFFFFFFFFFFFFFFFFFFFFFFFFFFFFFFFFFFFFFFFFFFFFFFFFFFFFF5F
:2021A000FFFFFFFFFFFFFFFFFFFFFFFFFFFFFFFFFFFFFFFFFFFFFFFFFFFFFFFFFFFFFFFF3F
:2021C000FFFFFFFFFFFFFFFFFFFFFFFFFFFFFFFFFFFFFFFFFFFFFFFFFFFFFFFFFFFFFFFF1F
:2021E000FFFFFFFFFFFFFFFFFFFFFFFFFFFFFFFFFFFFFFFFFFFFFFFFFFFFFFFFFFFFFFFFFF
:20220000FFFFFFFFFFFFFFFFFFFFFFFFFFFFFFFFFFFFFFFFFFFFFFFFFFFFFFFFFFFFFFFFDE
:20222000FFFFFFFFFFFFFFFFFFFFFFFFFFFFFFFFFFFFFFFFFFFFFFFFFFFFFFFFFFFFFFFFBE
:20224000FFFFFFFFFFFFFFFFFFFFFFFFFFFFFFFFFFFFFFFFFFFFFFFFFFFFFFFFFFFFFFFF9E
:20226000FFFFFFFFFFFFFFFFFFFFFFFFFFFFFFFFFFFFFFFFFFFFFFFFFFFFFFFFFFFFFFFF7E
:20228000FFFFFFFFFFFFFFFFFFFFFFFFFFFFFFFFFFFFFFFFFFFFFFFFFFFFFFFFFFFFFFFF5E
:2022A000FFFFFFFFFFFFFFFFFFFFFFFFFFFFFFFFFFFFFFFFFFFFFFFFFFFFFFFFFFFFFFFF3E
:2022C000FFFFFFFFFFFFFFFFFFFFFFFFFFFFFFFFFFFFFFFFFFFFFFFFFFFFFFFFFFFFFFFF1E
:2022E000FFFFFFFFFFFFFFFFFFFFFFFFFFFFFFFFFFFFFFFFFFFFFFFFFFFFFFFFFFFFFFFFFE
:20230000FFFFFFFFFFFFFFFFFFFFFFFFFFFFFFFFFFFFFFFFFFFFFFFFFFFFFFFFFFFFFFFFDD
:20232000FFFFFFFFFFFFFFFFFFFFFFFFFFFFFFFFFFFFFFFFFFFFFFFFFFFFFFFFFFFFFFFFBD
:20234000FFFFFFFFFFFFFFFFFFFFFFFFFFFFFFFFFFFFFFFFFFFFFFFFFFFFFFFFFFFFFFFF9D
:20236000FFFFFFFFFFFFFFFFFFFFFFFFFFFFFFFFFFFFFFFFFFFFFFFFFFFFFFFFFFFFFFFF7D
:20238000FFFFFFFFFFFFFFFFFFFFFFFFFFFFFFFFFFFFFFFFFFFFFFFFFFFFFFFFFFFFFFFF5D
:2023A000FFFFFFFFFFFFFFFFFFFFFFFFFFFFFFFFFFFFFFFFFFFFFFFFFFFFFFFFFFFFFFFF3D
:2023C000FFFFFFFFFFFFFFFFFFFFFFFFFFFFFFFFFFFFFFFFFFFFFFFFFFFFFFFFFFFFFFFF1D
:2023E000FFFFFFFFFFFFFFFFFFFFFFFFFFFFFFFFFFFFFFFFFFFFFFFFFFFFFFFFFFFFFFFFFD
:20240000FFFFFFFFFFFFFFFFFFFFFFFFFFFFFFFFFFFFFFFFFFFFFFFFFFFFFFFFFFFFFFFFDC
:20242000FFFFFFFFFFFFFFFFFFFFFFFFFFFFFFFFFFFFFFFFFFFFFFFFFFFFFFFFFFFFFFFFBC
:20244000FFFFFFFFFFFFFFFFFFFFFFFFFFFFFFFFFFFFFFFFFFFFFFFFFFFFFFFFFFFFFFFF9C
:20246000FFFFFFFFFFFFFFFFFFFFFFFFFFFFFFFFFFFFFFFFFFFFFFFFFFFFFFFFFFFFFFFF7C
:20248000FFFFFFFFFFFFFFFFFFFFFFFFFFFFFFFFFFFFFFFFFFFFFFFFFFFFFFFFFFFFFFFF5C
:2024A000FFFFFFFFFFFFFFFFFFFFFFFFFFFFFFFFFFFFFFFFFFFFFFFFFFFFFFFFFFFFFFFF3C
:2024C000FFFFFFFFFFFFFFFFFFFFFFFFFFFFFFFFFFFFFFFFFFFFFFFFFFFFFFFFFFFFFFFF1C
:2024E000FFFFFFFFFFFFFFFFFFFFFFFFFFFFFFFFFFFFFFFFFFFFFFFFFFFFFFFFFFFFFFFFFC
:20250000FFFFFFFFFFFFFFFFFFFFFFFFFFFFFFFFFFFFFFFFFFFFFFFFFFFFFFFFFFFFFFFFDB
:20252000FFFFFFFFFFFFFFFFFFFFFFFFFFFFFFFFFFFFFFFFFFFFFFFFFFFFFFFFFFFFFFFFBB
:20254000FFFFFFFFFFFFFFFFFFFFFFFFFFFFFFFFFFFFFFFFFFFFFFFFFFFFFFFFFFFFFFFF9B
:20256000FFFFFFFFFFFFFFFFFFFFFFFFFFFFFFFFFFFFFFFFFFFFFFFFFFFFFFFFFFFFFFFF7B
:20258000FFFFFFFFFFFFFFFFFFFFFFFFFFFFFFFFFFFFFFFFFFFFFFFFFFFFFFFFFFFFFFFF5B
:2025A000FFFFFFFFFFFFFFFFFFFFFFFFFFFFFFFFFFFFFFFFFFFFFFFFFFFFFFFFFFFFFFFF3B
:2025C000FFFFFFFFFFFFFFFFFFFFFFFFFFFFFFFFFFFFFFFFFFFFFFFFFFFFFFFFFFFFFFFF1B
:2025E000FFFFFFFFFFFFFFFFFFFFFFFFFFFFFFFFFFFFFFFFFFFFFFFFFFFFFFFFFFFFFFFFFB
:20260000FFFFFFFFFFFFFFFFFFFFFFFFFFFFFFFFFFFFFFFFFFFFFFFFFFFFFFFFFFFFFFFFDA
:20262000FFFFFFFFFFFFFFFFFFFFFFFFFFFFFFFFFFFFFFFFFFFFFFFFFFFFFFFFFFFFFFFFBA
:20264000FFFFFFFFFFFFFFFFFFFFFFFFFFFFFFFFFFFFFFFFFFFFFFFFFFFFFFFFFFFFFFFF9A
:20266000FFFFFFFFFFFFFFFFFFFFFFFFFFFFFFFFFFFFFFFFFFFFFFFFFFFFFFFFFFFFFFFF7A
:20268000FFFFFFFFFFFFFFFFFFFFFFFFFFFFFFFFFFFFFFFFFFFFFFFFFFFFFFFFFFFFFFFF5A
:2026A000FFFFFFFFFFFFFFFFFFFFFFFFFFFFFFFFFFFFFFFFFFFFFFFFFFFFFFFFFFFFFFFF3A
:2026C000FFFFFFFFFFFFFFFFFFFFFFFFFFFFFFFFFFFFFFFFFFFFFFFFFFFFFFFFFFFFFFFF1A
:2026E000FFFFFFFFFFFFFFFFFFFFFFFFFFFFFFFFFFFFFFFFFFFFFFFFFFFFFFFFFFFFFFFFFA
:20270000FFFFFFFFFFFFFFFFFFFFFFFFFFFFFFFFFFFFFFFFFFFFFFFFFFFFFFFFFFFFFFFFD9
:20272000FFFFFFFFFFFFFFFFFFFFFFFFFFFFFFFFFFFFFFFFFFFFFFFFFFFFFFFFFFFFFFFFB9
:20274000FFFFFFFFFFFFFFFFFFFFFFFFFFFFFFFFFFFFFFFFFFFFFFFFFFFFFFFFFFFFFFFF99
:20276000FFFFFFFFFFFFFFFFFFFFFFFFFFFFFFFFFFFFFFFFFFFFFFFFFFFFFFFFFFFFFFFF79
:20278000FFFFFFFFFFFFFFFFFFFFFFFFFFFFFFFFFFFFFFFFFFFFFFFFFFFFFFFFFFFFFFFF59
:2027A000FFFFFFFFFFFFFFFFFFFFFFFFFFFFFFFFFFFFFFFFFFFFFFFFFFFFFFFFFFFFFFFF39
:2027C000FFFFFFFFFFFFFFFFFFFFFFFFFFFFFFFFFFFFFFFFFFFFFFFFFFFFFFFFFFFFFFFF19
:2027E000FFFFFFFFFFFFFFFFFFFFFFFFFFFFFFFFFFFFFFFFFFFFFFFFFFFFFFFFFFFFFFFFF9
:20280000FFFFFFFFFFFFFFFFFFFFFFFFFFFFFFFFFFFFFFFFFFFFFFFFFFFFFFFFFFFFFFFFD8
:20282000FFFFFFFFFFFFFFFFFFFFFFFFFFFFFFFFFFFFFFFFFFFFFFFFFFFFFFFFFFFFFFFFB8
:20284000FFFFFFFFFFFFFFFFFFFFFFFFFFFFFFFFFFFFFFFFFFFFFFFFFFFFFFFFFFFFFFFF98
:20286000FFFFFFFFFFFFFFFFFFFFFFFFFFFFFFFFFFFFFFFFFFFFFFFFFFFFFFFFFFFFFFFF78
:20288000FFFFFFFFFFFFFFFFFFFFFFFFFFFFFFFFFFFFFFFFFFFFFFFFFFFFFFFFFFFFFFFF58
:2028A000FFFFFFFFFFFFFFFFFFFFFFFFFFFFFFFFFFFFFFFFFFFFFFFFFFFFFFFFFFFFFFFF38
:2028C000FFFFFFFFFFFFFFFFFFFFFFFFFFFFFFFFFFFFFFFFFFFFFFFFFFFFFFFFFFFFFFFF18
:2028E000FFFFFFFFFFFFFFFFFFFFFFFFFFFFFFFFFFFFFFFFFFFFFFFFFFFFFFFFFFFFFFFFF8
:20290000FFFFFFFFFFFFFFFFFFFFFFFFFFFFFFFFFFFFFFFFFFFFFFFFFFFFFFFFFFFFFFFFD7
:20292000FFFFFFFFFFFFFFFFFFFFFFFFFFFFFFFFFFFFFFFFFFFFFFFFFFFFFFFFFFFFFFFFB7
:20294000FFFFFFFFFFFFFFFFFFFFFFFFFFFFFFFFFFFFFFFFFFFFFFFFFFFFFFFFFFFFFFFF97
:20296000FFFFFFFFFFFFFFFFFFFFFFFFFFFFFFFFFFFFFFFFFFFFFFFFFFFFFFFFFFFFFFFF77
:20298000FFFFFFFFFFFFFFFFFFFFFFFFFFFFFFFFFFFFFFFFFFFFFFFFFFFFFFFFFFFFFFFF57
:2029A000FFFFFFFFFFFFFFFFFFFFFFFFFFFFFFFFFFFFFFFFFFFFFFFFFFFFFFFFFFFFFFFF37
:2029C000FFFFFFFFFFFFFFFFFFFFFFFFFFFFFFFFFFFFFFFFFFFFFFFFFFFFFFFFFFFFFFFF17
:2029E000FFFFFFFFFFFFFFFFFFFFFFFFFFFFFFFFFFFFFFFFFFFFFFFFFFFFFFFFFFFFFFFFF7
:202A0000FFFFFFFFFFFFFFFFFFFFFFFFFFFFFFFFFFFFFFFFFFFFFFFFFFFFFFFFFFFFFFFFD6
:202A2000FFFFFFFFFFFFFFFFFFFFFFFFFFFFFFFFFFFFFFFFFFFFFFFFFFFFFFFFFFFFFFFFB6
:202A4000FFFFFFFFFFFFFFFFFFFFFFFFFFFFFFFFFFFFFFFFFFFFFFFFFFFFFFFFFFFFFFFF96
:202A6000FFFFFFFFFFFFFFFFFFFFFFFFFFFFFFFFFFFFFFFFFFFFFFFFFFFFFFFFFFFFFFFF76
:202A8000FFFFFFFFFFFFFFFFFFFFFFFFFFFFFFFFFFFFFFFFFFFFFFFFFFFFFFFFFFFFFFFF56
:202AA000FFFFFFFFFFFFFFFFFFFFFFFFFFFFFFFFFFFFFFFFFFFFFFFFFFFFFFFFFFFFFFFF36
:202AC000FFFFFFFFFFFFFFFFFFFFFFFFFFFFFFFFFFFFFFFFFFFFFFFFFFFFFFFFFFFFFFFF16
:202AE000FFFFFFFFFFFFFFFFFFFFFFFFFFFFFFFFFFFFFFFFFFFFFFFFFFFFFFFFFFFFFFFFF6
:202B0000FFFFFFFFFFFFFFFFFFFFFFFFFFFFFFFFFFFFFFFFFFFFFFFFFFFFFFFFFFFFFFFFD5
:202B2000FFFFFFFFFFFFFFFFFFFFFFFFFFFFFFFFFFFFFFFFFFFFFFFFFFFFFFFFFFFFFFFFB5
:202B4000FFFFFFFFFFFFFFFFFFFFFFFFFFFFFFFFFFFFFFFFFFFFFFFFFFFFFFFFFFFFFFFF95
:202B6000FFFFFFFFFFFFFFFFFFFFFFFFFFFFFFFFFFFFFFFFFFFFFFFFFFFFFFFFFFFFFFFF75
:202B8000FFFFFFFFFFFFFFFFFFFFFFFFFFFFFFFFFFFFFFFFFFFFFFFFFFFFFFFFFFFFFFFF55
:202BA000FFFFFFFFFFFFFFFFFFFFFFFFFFFFFFFFFFFFFFFFFFFFFFFFFFFFFFFFFFFFFFFF35
:202BC000FFFFFFFFFFFFFFFFFFFFFFFFFFFFFFFFFFFFFFFFFFFFFFFFFFFFFFFFFFFFFFFF15
:202BE000FFFFFFFFFFFFFFFFFFFFFFFFFFFFFFFFFFFFFFFFFFFFFFFFFFFFFFFFFFFFFFFFF5
:202C0000FFFFFFFFFFFFFFFFFFFFFFFFFFFFFFFFFFFFFFFFFFFFFFFFFFFFFFFFFFFFFFFFD4
:202C2000FFFFFFFFFFFFFFFFFFFFFFFFFFFFFFFFFFFFFFFFFFFFFFFFFFFFFFFFFFFFFFFFB4
:202C4000FFFFFFFFFFFFFFFFFFFFFFFFFFFFFFFFFFFFFFFFFFFFFFFFFFFFFFFFFFFFFFFF94
:202C6000FFFFFFFFFFFFFFFFFFFFFFFFFFFFFFFFFFFFFFFFFFFFFFFFFFFFFFFFFFFFFFFF74
:202C8000FFFFFFFFFFFFFFFFFFFFFFFFFFFFFFFFFFFFFFFFFFFFFFFFFFFFFFFFFFFFFFFF54
:202CA000FFFFFFFFFFFFFFFFFFFFFFFFFFFFFFFFFFFFFFFFFFFFFFFFFFFFFFFFFFFFFFFF34
:202CC000FFFFFFFFFFFFFFFFFFFFFFFFFFFFFFFFFFFFFFFFFFFFFFFFFFFFFFFFFFFFFFFF14
:202CE000FFFFFFFFFFFFFFFFFFFFFFFFFFFFFFFFFFFFFFFFFFFFFFFFFFFFFFFFFFFFFFFFF4
:202D0000FFFFFFFFFFFFFFFFFFFFFFFFFFFFFFFFFFFFFFFFFFFFFFFFFFFFFFFFFFFFFFFFD3
:202D2000FFFFFFFFFFFFFFFFFFFFFFFFFFFFFFFFFFFFFFFFFFFFFFFFFFFFFFFFFFFFFFFFB3
:202D4000FFFFFFFFFFFFFFFFFFFFFFFFFFFFFFFFFFFFFFFFFFFFFFFFFFFFFFFFFFFFFFFF93
:202D6000FFFFFFFFFFFFFFFFFFFFFFFFFFFFFFFFFFFFFFFFFFFFFFFFFFFFFFFFFFFFFFFF73
:202D8000FFFFFFFFFFFFFFFFFFFFFFFFFFFFFFFFFFFFFFFFFFFFFFFFFFFFFFFFFFFFFFFF53
:202DA000FFFFFFFFFFFFFFFFFFFFFFFFFFFFFFFFFFFFFFFFFFFFFFFFFFFFFFFFFFFFFFFF33
:202DC000FFFFFFFFFFFFFFFFFFFFFFFFFFFFFFFFFFFFFFFFFFFFFFFFFFFFFFFFFFFFFFFF13
:202DE000FFFFFFFFFFFFFFFFFFFFFFFFFFFFFFFFFFFFFFFFFFFFFFFFFFFFFFFFFFFFFFFFF3
:202E0000FFFFFFFFFFFFFFFFFFFFFFFFFFFFFFFFFFFFFFFFFFFFFFFFFFFFFFFFFFFFFFFFD2
:202E2000FFFFFFFFFFFFFFFFFFFFFFFFFFFFFFFFFFFFFFFFFFFFFFFFFFFFFFFFFFFFFFFFB2
:202E4000FFFFFFFFFFFFFFFFFFFFFFFFFFFFFFFFFFFFFFFFFFFFFFFFFFFFFFFFFFFFFFFF92
:202E6000FFFFFFFFFFFFFFFFFFFFFFFFFFFFFFFFFFFFFFFFFFFFFFFFFFFFFFFFFFFFFFFF72
:202E8000FFFFFFFFFFFFFFFFFFFFFFFFFFFFFFFFFFFFFFFFFFFFFFFFFFFFFFFFFFFFFFFF52
:202EA000FFFFFFFFFFFFFFFFFFFFFFFFFFFFFFFFFFFFFFFFFFFFFFFFFFFFFFFFFFFFFFFF32
:202EC000FFFFFFFFFFFFFFFFFFFFFFFFFFFFFFFFFFFFFFFFFFFFFFFFFFFFFFFFFFFFFFFF12
:202EE000FFFFFFFFFFFFFFFFFFFFFFFFFFFFFFFFFFFFFFFFFFFFFFFFFFFFFFFFFFFFFFFFF2
:202F0000FFFFFFFFFFFFFFFFFFFFFFFFFFFFFFFFFFFFFFFFFFFFFFFFFFFFFFFFFFFFFFFFD1
:202F2000FFFFFFFFFFFFFFFFFFFFFFFFFFFFFFFFFFFFFFFFFFFFFFFFFFFFFFFFFFFFFFFFB1
:202F4000FFFFFFFFFFFFFFFFFFFFFFFFFFFFFFFFFFFFFFFFFFFFFFFFFFFFFFFFFFFFFFFF91
:202F6000FFFFFFFFFFFFFFFFFFFFFFFFFFFFFFFFFFFFFFFFFFFFFFFFFFFFFFFFFFFFFFFF71
:202F8000FFFFFFFFFFFFFFFFFFFFFFFFFFFFFFFFFFFFFFFFFFFFFFFFFFFFFFFFFFFFFFFF51
:202FA000FFFFFFFFFFFFFFFFFFFFFFFFFFFFFFFFFFFFFFFFFFFFFFFFFFFFFFFFFFFFFFFF31
:202FC000FFFFFFFFFFFFFFFFFFFFFFFFFFFFFFFFFFFFFFFFFFFFFFFFFFFFFFFFFFFFFFFF11
:202FE000FFFFFFFFFFFFFFFFFFFFFFFFFFFFFFFFFFFFFFFFFFFFFFFFFFFFFFFFFFFFFFFFF1
:20300000FFFFFFFFFFFFFFFFFFFFFFFFFFFFFFFFFFFFFFFFFFFFFFFFFFFFFFFFFFFFFFFFD0
:20302000FFFFFFFFFFFFFFFFFFFFFFFFFFFFFFFFFFFFFFFFFFFFFFFFFFFFFFFFFFFFFFFFB0
:20304000FFFFFFFFFFFFFFFFFFFFFFFFFFFFFFFFFFFFFFFFFFFFFFFFFFFFFFFFFFFFFFFF90
:20306000FFFFFFFFFFFFFFFFFFFFFFFFFFFFFFFFFFFFFFFFFFFFFFFFFFFFFFFFFFFFFFFF70
:20308000FFFFFFFFFFFFFFFFFFFFFFFFFFFFFFFFFFFFFFFFFFFFFFFFFFFFFFFFFFFFFFFF50
:2030A000FFFFFFFFFFFFFFFFFFFFFFFFFFFFFFFFFFFFFFFFFFFFFFFFFFFFFFFFFFFFFFFF30
:2030C000FFFFFFFFFFFFFFFFFFFFFFFFFFFFFFFFFFFFFFFFFFFFFFFFFFFFFFFFFFFFFFFF10
:2030E000FFFFFFFFFFFFFFFFFFFFFFFFFFFFFFFFFFFFFFFFFFFFFFFFFFFFFFFFFFFFFFFFF0
:20310000FFFFFFFFFFFFFFFFFFFFFFFFFFFFFFFFFFFFFFFFFFFFFFFFFFFFFFFFFFFFFFFFCF
:20312000FFFFFFFFFFFFFFFFFFFFFFFFFFFFFFFFFFFFFFFFFFFFFFFFFFFFFFFFFFFFFFFFAF
:20314000FFFFFFFFFFFFFFFFFFFFFFFFFFFFFFFFFFFFFFFFFFFFFFFFFFFFFFFFFFFFFFFF8F
:20316000FFFFFFFFFFFFFFFFFFFFFFFFFFFFFFFFFFFFFFFFFFFFFFFFFFFFFFFFFFFFFFFF6F
:20318000FFFFFFFFFFFFFFFFFFFFFFFFFFFFFFFFFFFFFFFFFFFFFFFFFFFFFFFFFFFFFFFF4F
:2031A000FFFFFFFFFFFFFFFFFFFFFFFFFFFFFFFFFFFFFFFFFFFFFFFFFFFFFFFFFFFFFFFF2F
:2031C000FFFFFFFFFFFFFFFFFFFFFFFFFFFFFFFFFFFFFFFFFFFFFFFFFFFFFFFFFFFFFFFF0F
:2031E000FFFFFFFFFFFFFFFFFFFFFFFFFFFFFFFFFFFFFFFFFFFFFFFFFFFFFFFFFFFFFFFFEF
:20320000FFFFFFFFFFFFFFFFFFFFFFFFFFFFFFFFFFFFFFFFFFFFFFFFFFFFFFFFFFFFFFFFCE
:20322000FFFFFFFFFFFFFFFFFFFFFFFFFFFFFFFFFFFFFFFFFFFFFFFFFFFFFFFFFFFFFFFFAE
:20324000FFFFFFFFFFFFFFFFFFFFFFFFFFFFFFFFFFFFFFFFFFFFFFFFFFFFFFFFFFFFFFFF8E
:20326000FFFFFFFFFFFFFFFFFFFFFFFFFFFFFFFFFFFFFFFFFFFFFFFFFFFFFFFFFFFFFFFF6E
:20328000FFFFFFFFFFFFFFFFFFFFFFFFFFFFFFFFFFFFFFFFFFFFFFFFFFFFFFFFFFFFFFFF4E
:2032A000FFFFFFFFFFFFFFFFFFFFFFFFFFFFFFFFFFFFFFFFFFFFFFFFFFFFFFFFFFFFFFFF2E
:2032C000FFFFFFFFFFFFFFFFFFFFFFFFFFFFFFFFFFFFFFFFFFFFFFFFFFFFFFFFFFFFFFFF0E
:2032E000FFFFFFFFFFFFFFFFFFFFFFFFFFFFFFFFFFFFFFFFFFFFFFFFFFFFFFFFFFFFFFFFEE
:20330000FFFFFFFFFFFFFFFFFFFFFFFFFFFFFFFFFFFFFFFFFFFFFFFFFFFFFFFFFFFFFFFFCD
:20332000FFFFFFFFFFFFFFFFFFFFFFFFFFFFFFFFFFFFFFFFFFFFFFFFFFFFFFFFFFFFFFFFAD
:20334000FFFFFFFFFFFFFFFFFFFFFFFFFFFFFFFFFFFFFFFFFFFFFFFFFFFFFFFFFFFFFFFF8D
:20336000FFFFFFFFFFFFFFFFFFFFFFFFFFFFFFFFFFFFFFFFFFFFFFFFFFFFFFFFFFFFFFFF6D
:20338000FFFFFFFFFFFFFFFFFFFFFFFFFFFFFFFFFFFFFFFFFFFFFFFFFFFFFFFFFFFFFFFF4D
:2033A000FFFFFFFFFFFFFFFFFFFFFFFFFFFFFFFFFFFFFFFFFFFFFFFFFFFFFFFFFFFFFFFF2D
:2033C000FFFFFFFFFFFFFFFFFFFFFFFFFFFFFFFFFFFFFFFFFFFFFFFFFFFFFFFFFFFFFFFF0D
:2033E000FFFFFFFFFFFFFFFFFFFFFFFFFFFFFFFFFFFFFFFFFFFFFFFFFFFFFFFFFFFFFFFFED
:20340000FFFFFFFFFFFFFFFFFFFFFFFFFFFFFFFFFFFFFFFFFFFFFFFFFFFFFFFFFFFFFFFFCC
:20342000FFFFFFFFFFFFFFFFFFFFFFFFFFFFFFFFFFFFFFFFFFFFFFFFFFFFFFFFFFFFFFFFAC
:20344000FFFFFFFFFFFFFFFFFFFFFFFFFFFFFFFFFFFFFFFFFFFFFFFFFFFFFFFFFFFFFFFF8C
:20346000FFFFFFFFFFFFFFFFFFFFFFFFFFFFFFFFFFFFFFFFFFFFFFFFFFFFFFFFFFFFFFFF6C
:20348000FFFFFFFFFFFFFFFFFFFFFFFFFFFFFFFFFFFFFFFFFFFFFFFFFFFFFFFFFFFFFFFF4C
:2034A000FFFFFFFFFFFFFFFFFFFFFFFFFFFFFFFFFFFFFFFFFFFFFFFFFFFFFFFFFFFFFFFF2C
:2034C000FFFFFFFFFFFFFFFFFFFFFFFFFFFFFFFFFFFFFFFFFFFFFFFFFFFFFFFFFFFFFFFF0C
:2034E000FFFFFFFFFFFFFFFFFFFFFFFFFFFFFFFFFFFFFFFFFFFFFFFFFFFFFFFFFFFFFFFFEC
:20350000FFFFFFFFFFFFFFFFFFFFFFFFFFFFFFFFFFFFFFFFFFFFFFFFFFFFFFFFFFFFFFFFCB
:20352000FFFFFFFFFFFFFFFFFFFFFFFFFFFFFFFFFFFFFFFFFFFFFFFFFFFFFFFFFFFFFFFFAB
:20354000FFFFFFFFFFFFFFFFFFFFFFFFFFFFFFFFFFFFFFFFFFFFFFFFFFFFFFFFFFFFFFFF8B
:20356000FFFFFFFFFFFFFFFFFFFFFFFFFFFFFFFFFFFFFFFFFFFFFFFFFFFFFFFFFFFFFFFF6B
:20358000FFFFFFFFFFFFFFFFFFFFFFFFFFFFFFFFFFFFFFFFFFFFFFFFFFFFFFFFFFFFFFFF4B
:2035A000FFFFFFFFFFFFFFFFFFFFFFFFFFFFFFFFFFFFFFFFFFFFFFFFFFFFFFFFFFFFFFFF2B
:2035C000FFFFFFFFFFFFFFFFFFFFFFFFFFFFFFFFFFFFFFFFFFFFFFFFFFFFFFFFFFFFFFFF0B
:2035E000FFFFFFFFFFFFFFFFFFFFFFFFFFFFFFFFFFFFFFFFFFFFFFFFFFFFFFFFFFFFFFFFEB
:20360000FFFFFFFFFFFFFFFFFFFFFFFFFFFFFFFFFFFFFFFFFFFFFFFFFFFFFFFFFFFFFFFFCA
:20362000FFFFFFFFFFFFFFFFFFFFFFFFFFFFFFFFFFFFFFFFFFFFFFFFFFFFFFFFFFFFFFFFAA
:20364000FFFFFFFFFFFFFFFFFFFFFFFFFFFFFFFFFFFFFFFFFFFFFFFFFFFFFFFFFFFFFFFF8A
:20366000FFFFFFFFFFFFFFFFFFFFFFFFFFFFFFFFFFFFFFFFFFFFFFFFFFFFFFFFFFFFFFFF6A
:20368000FFFFFFFFFFFFFFFFFFFFFFFFFFFFFFFFFFFFFFFFFFFFFFFFFFFFFFFFFFFFFFFF4A
:2036A000FFFFFFFFFFFFFFFFFFFFFFFFFFFFFFFFFFFFFFFFFFFFFFFFFFFFFFFFFFFFFFFF2A
:2036C000FFFFFFFFFFFFFFFFFFFFFFFFFFFFFFFFFFFFFFFFFFFFFFFFFFFFFFFFFFFFFFFF0A
:2036E000FFFFFFFFFFFFFFFFFFFFFFFFFFFFFFFFFFFFFFFFFFFFFFFFFFFFFFFFFFFFFFFFEA
:20370000FFFFFFFFFFFFFFFFFFFFFFFFFFFFFFFFFFFFFFFFFFFFFFFFFFFFFFFFFFFFFFFFC9
:20372000FFFFFFFFFFFFFFFFFFFFFFFFFFFFFFFFFFFFFFFFFFFFFFFFFFFFFFFFFFFFFFFFA9
:20374000FFFFFFFFFFFFFFFFFFFFFFFFFFFFFFFFFFFFFFFFFFFFFFFFFFFFFFFFFFFFFFFF89
:20376000FFFFFFFFFFFFFFFFFFFFFFFFFFFFFFFFFFFFFFFFFFFFFFFFFFFFFFFFFFFFFFFF69
:20378000FFFFFFFFFFFFFFFFFFFFFFFFFFFFFFFFFFFFFFFFFFFFFFFFFFFFFFFFFFFFFFFF49
:2037A000FFFFFFFFFFFFFFFFFFFFFFFFFFFFFFFFFFFFFFFFFFFFFFFFFFFFFFFFFFFFFFFF29
:2037C000FFFFFFFFFFFFFFFFFFFFFFFFFFFFFFFFFFFFFFFFFFFFFFFFFFFFFFFFFFFFFFFF09
:2037E000FFFFFFFFFFFFFFFFFFFFFFFFFFFFFFFFFFFFFFFFFFFFFFFFFFFFFFFFFFFFFFFFE9
:20380000FFFFFFFFFFFFFFFFFFFFFFFFFFFFFFFFFFFFFFFFFFFFFFFFFFFFFFFFFFFFFFFFC8
:20382000FFFFFFFFFFFFFFFFFFFFFFFFFFFFFFFFFFFFFFFFFFFFFFFFFFFFFFFFFFFFFFFFA8
:20384000FFFFFFFFFFFFFFFFFFFFFFFFFFFFFFFFFFFFFFFFFFFFFFFFFFFFFFFFFFFFFFFF88
:20386000FFFFFFFFFFFFFFFFFFFFFFFFFFFFFFFFFFFFFFFFFFFFFFFFFFFFFFFFFFFFFFFF68
:20388000FFFFFFFFFFFFFFFFFFFFFFFFFFFFFFFFFFFFFFFFFFFFFFFFFFFFFFFFFFFFFFFF48
:2038A000FFFFFFFFFFFFFFFFFFFFFFFFFFFFFFFFFFFFFFFFFFFFFFFFFFFFFFFFFFFFFFFF28
:2038C000FFFFFFFFFFFFFFFFFFFFFFFFFFFFFFFFFFFFFFFFFFFFFFFFFFFFFFFFFFFFFFFF08
:2038E000FFFFFFFFFFFFFFFFFFFFFFFFFFFFFFFFFFFFFFFFFFFFFFFFFFFFFFFFFFFFFFFFE8
:20390000FFFFFFFFFFFFFFFFFFFFFFFFFFFFFFFFFFFFFFFFFFFFFFFFFFFFFFFFFFFFFFFFC7
:20392000FFFFFFFFFFFFFFFFFFFFFFFFFFFFFFFFFFFFFFFFFFFFFFFFFFFFFFFFFFFFFFFFA7
:20394000FFFFFFFFFFFFFFFFFFFFFFFFFFFFFFFFFFFFFFFFFFFFFFFFFFFFFFFFFFFFFFFF87
:20396000FFFFFFFFFFFFFFFFFFFFFFFFFFFFFFFFFFFFFFFFFFFFFFFFFFFFFFFFFFFFFFFF67
:20398000FFFFFFFFFFFFFFFFFFFFFFFFFFFFFFFFFFFFFFFFFFFFFFFFFFFFFFFFFFFFFFFF47
:2039A000FFFFFFFFFFFFFFFFFFFFFFFFFFFFFFFFFFFFFFFFFFFFFFFFFFFFFFFFFFFFFFFF27
:2039C000FFFFFFFFFFFFFFFFFFFFFFFFFFFFFFFFFFFFFFFFFFFFFFFFFFFFFFFFFFFFFFFF07
:2039E000FFFFFFFFFFFFFFFFFFFFFFFFFFFFFFFFFFFFFFFFFFFFFFFFFFFFFFFFFFFFFFFFE7
:203A0000FFFFFFFFFFFFFFFFFFFFFFFFFFFFFFFFFFFFFFFFFFFFFFFFFFFFFFFFFFFFFFFFC6
:203A2000FFFFFFFFFFFFFFFFFFFFFFFFFFFFFFFFFFFFFFFFFFFFFFFFFFFFFFFFFFFFFFFFA6
:203A4000FFFFFFFFFFFFFFFFFFFFFFFFFFFFFFFFFFFFFFFFFFFFFFFFFFFFFFFFFFFFFFFF86
:203A6000FFFFFFFFFFFFFFFFFFFFFFFFFFFFFFFFFFFFFFFFFFFFFFFFFFFFFFFFFFFFFFFF66
:203A8000FFFFFFFFFFFFFFFFFFFFFFFFFFFFFFFFFFFFFFFFFFFFFFFFFFFFFFFFFFFFFFFF46
:203AA000FFFFFFFFFFFFFFFFFFFFFFFFFFFFFFFFFFFFFFFFFFFFFFFFFFFFFFFFFFFFFFFF26
:203AC000FFFFFFFFFFFFFFFFFFFFFFFFFFFFFFFFFFFFFFFFFFFFFFFFFFFFFFFFFFFFFFFF06
:203AE000FFFFFFFFFFFFFFFFFFFFFFFFFFFFFFFFFFFFFFFFFFFFFFFFFFFFFFFFFFFFFFFFE6
:203B0000FFFFFFFFFFFFFFFFFFFFFFFFFFFFFFFFFFFFFFFFFFFFFFFFFFFFFFFFFFFFFFFFC5
:203B2000FFFFFFFFFFFFFFFFFFFFFFFFFFFFFFFFFFFFFFFFFFFFFFFFFFFFFFFFFFFFFFFFA5
:203B4000FFFFFFFFFFFFFFFFFFFFFFFFFFFFFFFFFFFFFFFFFFFFFFFFFFFFFFFFFFFFFFFF85
:203B6000FFFFFFFFFFFFFFFFFFFFFFFFFFFFFFFFFFFFFFFFFFFFFFFFFFFFFFFFFFFFFFFF65
:203B8000FFFFFFFFFFFFFFFFFFFFFFFFFFFFFFFFFFFFFFFFFFFFFFFFFFFFFFFFFFFFFFFF45
:203BA000FFFFFFFFFFFFFFFFFFFFFFFFFFFFFFFFFFFFFFFFFFFFFFFFFFFFFFFFFFFFFFFF25
:203BC000FFFFFFFFFFFFFFFFFFFFFFFFFFFFFFFFFFFFFFFFFFFFFFFFFFFFFFFFFFFFFFFF05
:203BE000FFFFFFFFFFFFFFFFFFFFFFFFFFFFFFFFFFFFFFFFFFFFFFFFFFFFFFFFFFFFFFFFE5
:203C0000FFFFFFFFFFFFFFFFFFFFFFFFFFFFFFFFFFFFFFFFFFFFFFFFFFFFFFFFFFFFFFFFC4
:203C2000FFFFFFFFFFFFFFFFFFFFFFFFFFFFFFFFFFFFFFFFFFFFFFFFFFFFFFFFFFFFFFFFA4
:203C4000FFFFFFFFFFFFFFFFFFFFFFFFFFFFFFFFFFFFFFFFFFFFFFFFFFFFFFFFFFFFFFFF84
:203C6000FFFFFFFFFFFFFFFFFFFFFFFFFFFFFFFFFFFFFFFFFFFFFFFFFFFFFFFFFFFFFFFF64
:203C8000FFFFFFFFFFFFFFFFFFFFFFFFFFFFFFFFFFFFFFFFFFFFFFFFFFFFFFFFFFFFFFFF44
:203CA000FFFFFFFFFFFFFFFFFFFFFFFFFFFFFFFFFFFFFFFFFFFFFFFFFFFFFFFFFFFFFFFF24
:203CC000FFFFFFFFFFFFFFFFFFFFFFFFFFFFFFFFFFFFFFFFFFFFFFFFFFFFFFFFFFFFFFFF04
:203CE000FFFFFFFFFFFFFFFFFFFFFFFFFFFFFFFFFFFFFFFFFFFFFFFFFFFFFFFFFFFFFFFFE4
:203D0000FFFFFFFFFFFFFFFFFFFFFFFFFFFFFFFFFFFFFFFFFFFFFFFFFFFFFFFFFFFFFFFFC3
:203D2000FFFFFFFFFFFFFFFFFFFFFFFFFFFFFFFFFFFFFFFFFFFFFFFFFFFFFFFFFFFFFFFFA3
:203D4000FFFFFFFFFFFFFFFFFFFFFFFFFFFFFFFFFFFFFFFFFFFFFFFFFFFFFFFFFFFFFFFF83
:203D6000FFFFFFFFFFFFFFFFFFFFFFFFFFFFFFFFFFFFFFFFFFFFFFFFFFFFFFFFFFFFFFFF63
:203D8000FFFFFFFFFFFFFFFFFFFFFFFFFFFFFFFFFFFFFFFFFFFFFFFFFFFFFFFFFFFFFFFF43
:203DA000FFFFFFFFFFFFFFFFFFFFFFFFFFFFFFFFFFFFFFFFFFFFFFFFFFFFFFFFFFFFFFFF23
:203DC000FFFFFFFFFFFFFFFFFFFFFFFFFFFFFFFFFFFFFFFFFFFFFFFFFFFFFFFFFFFFFFFF03
:203DE000FFFFFFFFFFFFFFFFFFFFFFFFFFFFFFFFFFFFFFFFFFFFFFFFFFFFFFFFFFFFFFFFE3
:203E0000FFFFFFFFFFFFFFFFFFFFFFFFFFFFFFFFFFFFFFFFFFFFFFFFFFFFFFFFFFFFFFFFC2
:203E2000FFFFFFFFFFFFFFFFFFFFFFFFFFFFFFFFFFFFFFFFFFFFFFFFFFFFFFFFFFFFFFFFA2
:203E4000FFFFFFFFFFFFFFFFFFFFFFFFFFFFFFFFFFFFFFFFFFFFFFFFFFFFFFFFFFFFFFFF82
:203E6000FFFFFFFFFFFFFFFFFFFFFFFFFFFFFFFFFFFFFFFFFFFFFFFFFFFFFFFFFFFFFFFF62
:203E8000FFFFFFFFFFFFFFFFFFFFFFFFFFFFFFFFFFFFFFFFFFFFFFFFFFFFFFFFFFFFFFFF42
:203EA000FFFFFFFFFFFFFFFFFFFFFFFFFFFFFFFFFFFFFFFFFFFFFFFFFFFFFFFFFFFFFFFF22
:203EC000FFFFFFFFFFFFFFFFFFFFFFFFFFFFFFFFFFFFFFFFFFFFFFFFFFFFFFFFFFFFFFFF02
:203EE000FFFFFFFFFFFFFFFFFFFFFFFFFFFFFFFFFFFFFFFFFFFFFFFFFFFFFFFFFFFFFFFFE2
:203F0000FFFFFFFFFFFFFFFFFFFFFFFFFFFFFFFFFFFFFFFFFFFFFFFFFFFFFFFFFFFFFFFFC1
:203F2000FFFFFFFFFFFFFFFFFFFFFFFFFFFFFFFFFFFFFFFFFFFFFFFFFFFFFFFFFFFFFFFFA1
:203F4000FFFFFFFFFFFFFFFFFFFFFFFFFFFFFFFFFFFFFFFFFFFFFFFFFFFFFFFFFFFFFFFF81
:203F6000FFFFFFFFFFFFFFFFFFFFFFFFFFFFFFFFFFFFFFFFFFFFFFFFFFFFFFFFFFFFFFFF61
:203F8000FFFFFFFFFFFFFFFFFFFFFFFFFFFFFFFFFFFFFFFFFFFFFFFFFFFFFFFFFFFFFFFF41
:203FA000FFFFFFFFFFFFFFFFFFFFFFFFFFFFFFFFFFFFFFFFFFFFFFFFFFFFFFFFFFFFFFFF21
:203FC000FFFFFFFFFFFFFFFFFFFFFFFFFFFFFFFFFFFFFFFFFFFFFFFFFFFFFFFFFFFFFFFF01
:203FE000FFFFFFFFFFFFFFFFFFFFFFFFFFFFFFFFFFFFFFFFFFFFFFFFFFFFFFFFFFFFFFFFE1
:20400000FFFFFFFFFFFFFFFFFFFFFFFFFFFFFFFFFFFFFFFFFFFFFFFFFFFFFFFFFFFFFFFFC0
:20402000FFFFFFFFFFFFFFFFFFFFFFFFFFFFFFFFFFFFFFFFFFFFFFFFFFFFFFFFFFFFFFFFA0
:20404000FFFFFFFFFFFFFFFFFFFFFFFFFFFFFFFFFFFFFFFFFFFFFFFFFFFFFFFFFFFFFFFF80
:20406000FFFFFFFFFFFFFFFFFFFFFFFFFFFFFFFFFFFFFFFFFFFFFFFFFFFFFFFFFFFFFFFF60
:20408000FFFFFFFFFFFFFFFFFFFFFFFFFFFFFFFFFFFFFFFFFFFFFFFFFFFFFFFFFFFFFFFF40
:2040A000FFFFFFFFFFFFFFFFFFFFFFFFFFFFFFFFFFFFFFFFFFFFFFFFFFFFFFFFFFFFFFFF20
:2040C000FFFFFFFFFFFFFFFFFFFFFFFFFFFFFFFFFFFFFFFFFFFFFFFFFFFFFFFFFFFFFFFF00
:2040E000FFFFFFFFFFFFFFFFFFFFFFFFFFFFFFFFFFFFFFFFFFFFFFFFFFFFFFFFFFFFFFFFE0
:20410000FFFFFFFFFFFFFFFFFFFFFFFFFFFFFFFFFFFFFFFFFFFFFFFFFFFFFFFFFFFFFFFFBF
:20412000FFFFFFFFFFFFFFFFFFFFFFFFFFFFFFFFFFFFFFFFFFFFFFFFFFFFFFFFFFFFFFFF9F
:20414000FFFFFFFFFFFFFFFFFFFFFFFFFFFFFFFFFFFFFFFFFFFFFFFFFFFFFFFFFFFFFFFF7F
:20416000FFFFFFFFFFFFFFFFFFFFFFFFFFFFFFFFFFFFFFFFFFFFFFFFFFFFFFFFFFFFFFFF5F
:20418000FFFFFFFFFFFFFFFFFFFFFFFFFFFFFFFFFFFFFFFFFFFFFFFFFFFFFFFFFFFFFFFF3F
:2041A000FFFFFFFFFFFFFFFFFFFFFFFFFFFFFFFFFFFFFFFFFFFFFFFFFFFFFFFFFFFFFFFF1F
:2041C000FFFFFFFFFFFFFFFFFFFFFFFFFFFFFFFFFFFFFFFFFFFFFFFFFFFFFFFFFFFFFFFFFF
:2041E000FFFFFFFFFFFFFFFFFFFFFFFFFFFFFFFFFFFFFFFFFFFFFFFFFFFFFFFFFFFFFFFFDF
:20420000FFFFFFFFFFFFFFFFFFFFFFFFFFFFFFFFFFFFFFFFFFFFFFFFFFFFFFFFFFFFFFFFBE
:20422000FFFFFFFFFFFFFFFFFFFFFFFFFFFFFFFFFFFFFFFFFFFFFFFFFFFFFFFFFFFFFFFF9E
:20424000FFFFFFFFFFFFFFFFFFFFFFFFFFFFFFFFFFFFFFFFFFFFFFFFFFFFFFFFFFFFFFFF7E
:20426000FFFFFFFFFFFFFFFFFFFFFFFFFFFFFFFFFFFFFFFFFFFFFFFFFFFFFFFFFFFFFFFF5E
:20428000FFFFFFFFFFFFFFFFFFFFFFFFFFFFFFFFFFFFFFFFFFFFFFFFFFFFFFFFFFFFFFFF3E
:2042A000FFFFFFFFFFFFFFFFFFFFFFFFFFFFFFFFFFFFFFFFFFFFFFFFFFFFFFFFFFFFFFFF1E
:2042C000FFFFFFFFFFFFFFFFFFFFFFFFFFFFFFFFFFFFFFFFFFFFFFFFFFFFFFFFFFFFFFFFFE
:2042E000FFFFFFFFFFFFFFFFFFFFFFFFFFFFFFFFFFFFFFFFFFFFFFFFFFFFFFFFFFFFFFFFDE
:20430000FFFFFFFFFFFFFFFFFFFFFFFFFFFFFFFFFFFFFFFFFFFFFFFFFFFFFFFFFFFFFFFFBD
:20432000FFFFFFFFFFFFFFFFFFFFFFFFFFFFFFFFFFFFFFFFFFFFFFFFFFFFFFFFFFFFFFFF9D
:20434000FFFFFFFFFFFFFFFFFFFFFFFFFFFFFFFFFFFFFFFFFFFFFFFFFFFFFFFFFFFFFFFF7D
:20436000FFFFFFFFFFFFFFFFFFFFFFFFFFFFFFFFFFFFFFFFFFFFFFFFFFFFFFFFFFFFFFFF5D
:20438000FFFFFFFFFFFFFFFFFFFFFFFFFFFFFFFFFFFFFFFFFFFFFFFFFFFFFFFFFFFFFFFF3D
:2043A000FFFFFFFFFFFFFFFFFFFFFFFFFFFFFFFFFFFFFFFFFFFFFFFFFFFFFFFFFFFFFFFF1D
:2043C000FFFFFFFFFFFFFFFFFFFFFFFFFFFFFFFFFFFFFFFFFFFFFFFFFFFFFFFFFFFFFFFFFD
:2043E000FFFFFFFFFFFFFFFFFFFFFFFFFFFFFFFFFFFFFFFFFFFFFFFFFFFFFFFFFFFFFFFFDD
:20440000FFFFFFFFFFFFFFFFFFFFFFFFFFFFFFFFFFFFFFFFFFFFFFFFFFFFFFFFFFFFFFFFBC
:20442000FFFFFFFFFFFFFFFFFFFFFFFFFFFFFFFFFFFFFFFFFFFFFFFFFFFFFFFFFFFFFFFF9C
:20444000FFFFFFFFFFFFFFFFFFFFFFFFFFFFFFFFFFFFFFFFFFFFFFFFFFFFFFFFFFFFFFFF7C
:20446000FFFFFFFFFFFFFFFFFFFFFFFFFFFFFFFFFFFFFFFFFFFFFFFFFFFFFFFFFFFFFFFF5C
:20448000FFFFFFFFFFFFFFFFFFFFFFFFFFFFFFFFFFFFFFFFFFFFFFFFFFFFFFFFFFFFFFFF3C
:2044A000FFFFFFFFFFFFFFFFFFFFFFFFFFFFFFFFFFFFFFFFFFFFFFFFFFFFFFFFFFFFFFFF1C
:2044C000FFFFFFFFFFFFFFFFFFFFFFFFFFFFFFFFFFFFFFFFFFFFFFFFFFFFFFFFFFFFFFFFFC
:2044E000FFFFFFFFFFFFFFFFFFFFFFFFFFFFFFFFFFFFFFFFFFFFFFFFFFFFFFFFFFFFFFFFDC
:20450000FFFFFFFFFFFFFFFFFFFFFFFFFFFFFFFFFFFFFFFFFFFFFFFFFFFFFFFFFFFFFFFFBB
:20452000FFFFFFFFFFFFFFFFFFFFFFFFFFFFFFFFFFFFFFFFFFFFFFFFFFFFFFFFFFFFFFFF9B
:20454000FFFFFFFFFFFFFFFFFFFFFFFFFFFFFFFFFFFFFFFFFFFFFFFFFFFFFFFFFFFFFFFF7B
:20456000FFFFFFFFFFFFFFFFFFFFFFFFFFFFFFFFFFFFFFFFFFFFFFFFFFFFFFFFFFFFFFFF5B
:20458000FFFFFFFFFFFFFFFFFFFFFFFFFFFFFFFFFFFFFFFFFFFFFFFFFFFFFFFFFFFFFFFF3B
:2045A000FFFFFFFFFFFFFFFFFFFFFFFFFFFFFFFFFFFFFFFFFFFFFFFFFFFFFFFFFFFFFFFF1B
:2045C000FFFFFFFFFFFFFFFFFFFFFFFFFFFFFFFFFFFFFFFFFFFFFFFFFFFFFFFFFFFFFFFFFB
:2045E000FFFFFFFFFFFFFFFFFFFFFFFFFFFFFFFFFFFFFFFFFFFFFFFFFFFFFFFFFFFFFFFFDB
:20460000FFFFFFFFFFFFFFFFFFFFFFFFFFFFFFFFFFFFFFFFFFFFFFFFFFFFFFFFFFFFFFFFBA
:20462000FFFFFFFFFFFFFFFFFFFFFFFFFFFFFFFFFFFFFFFFFFFFFFFFFFFFFFFFFFFFFFFF9A
:20464000FFFFFFFFFFFFFFFFFFFFFFFFFFFFFFFFFFFFFFFFFFFFFFFFFFFFFFFFFFFFFFFF7A
:20466000FFFFFFFFFFFFFFFFFFFFFFFFFFFFFFFFFFFFFFFFFFFFFFFFFFFFFFFFFFFFFFFF5A
:20468000FFFFFFFFFFFFFFFFFFFFFFFFFFFFFFFFFFFFFFFFFFFFFFFFFFFFFFFFFFFFFFFF3A
:2046A000FFFFFFFFFFFFFFFFFFFFFFFFFFFFFFFFFFFFFFFFFFFFFFFFFFFFFFFFFFFFFFFF1A
:2046C000FFFFFFFFFFFFFFFFFFFFFFFFFFFFFFFFFFFFFFFFFFFFFFFFFFFFFFFFFFFFFFFFFA
:2046E000FFFFFFFFFFFFFFFFFFFFFFFFFFFFFFFFFFFFFFFFFFFFFFFFFFFFFFFFFFFFFFFFDA
:20470000FFFFFFFFFFFFFFFFFFFFFFFFFFFFFFFFFFFFFFFFFFFFFFFFFFFFFFFFFFFFFFFFB9
:20472000FFFFFFFFFFFFFFFFFFFFFFFFFFFFFFFFFFFFFFFFFFFFFFFFFFFFFFFFFFFFFFFF99
:20474000FFFFFFFFFFFFFFFFFFFFFFFFFFFFFFFFFFFFFFFFFFFFFFFFFFFFFFFFFFFFFFFF79
:20476000FFFFFFFFFFFFFFFFFFFFFFFFFFFFFFFFFFFFFFFFFFFFFFFFFFFFFFFFFFFFFFFF59
:20478000FFFFFFFFFFFFFFFFFFFFFFFFFFFFFFFFFFFFFFFFFFFFFFFFFFFFFFFFFFFFFFFF39
:2047A000FFFFFFFFFFFFFFFFFFFFFFFFFFFFFFFFFFFFFFFFFFFFFFFFFFFFFFFFFFFFFFFF19
:2047C000FFFFFFFFFFFFFFFFFFFFFFFFFFFFFFFFFFFFFFFFFFFFFFFFFFFFFFFFFFFFFFFFF9
:2047E000FFFFFFFFFFFFFFFFFFFFFFFFFFFFFFFFFFFFFFFFFFFFFFFFFFFFFFFFFFFFFFFFD9
:20480000FFFFFFFFFFFFFFFFFFFFFFFFFFFFFFFFFFFFFFFFFFFFFFFFFFFFFFFFFFFFFFFFB8
:20482000FFFFFFFFFFFFFFFFFFFFFFFFFFFFFFFFFFFFFFFFFFFFFFFFFFFFFFFFFFFFFFFF98
:20484000FFFFFFFFFFFFFFFFFFFFFFFFFFFFFFFFFFFFFFFFFFFFFFFFFFFFFFFFFFFFFFFF78
:20486000FFFFFFFFFFFFFFFFFFFFFFFFFFFFFFFFFFFFFFFFFFFFFFFFFFFFFFFFFFFFFFFF58
:20488000FFFFFFFFFFFFFFFFFFFFFFFFFFFFFFFFFFFFFFFFFFFFFFFFFFFFFFFFFFFFFFFF38
:2048A000FFFFFFFFFFFFFFFFFFFFFFFFFFFFFFFFFFFFFFFFFFFFFFFFFFFFFFFFFFFFFFFF18
:2048C000FFFFFFFFFFFFFFFFFFFFFFFFFFFFFFFFFFFFFFFFFFFFFFFFFFFFFFFFFFFFFFFFF8
:2048E000FFFFFFFFFFFFFFFFFFFFFFFFFFFFFFFFFFFFFFFFFFFFFFFFFFFFFFFFFFFFFFFFD8
:20490000FFFFFFFFFFFFFFFFFFFFFFFFFFFFFFFFFFFFFFFFFFFFFFFFFFFFFFFFFFFFFFFFB7
:20492000FFFFFFFFFFFFFFFFFFFFFFFFFFFFFFFFFFFFFFFFFFFFFFFFFFFFFFFFFFFFFFFF97
:20494000FFFFFFFFFFFFFFFFFFFFFFFFFFFFFFFFFFFFFFFFFFFFFFFFFFFFFFFFFFFFFFFF77
:20496000FFFFFFFFFFFFFFFFFFFFFFFFFFFFFFFFFFFFFFFFFFFFFFFFFFFFFFFFFFFFFFFF57
:20498000FFFFFFFFFFFFFFFFFFFFFFFFFFFFFFFFFFFFFFFFFFFFFFFFFFFFFFFFFFFFFFFF37
:2049A000FFFFFFFFFFFFFFFFFFFFFFFFFFFFFFFFFFFFFFFFFFFFFFFFFFFFFFFFFFFFFFFF17
:2049C000FFFFFFFFFFFFFFFFFFFFFFFFFFFFFFFFFFFFFFFFFFFFFFFFFFFFFFFFFFFFFFFFF7
:2049E000FFFFFFFFFFFFFFFFFFFFFFFFFFFFFFFFFFFFFFFFFFFFFFFFFFFFFFFFFFFFFFFFD7
:204A0000FFFFFFFFFFFFFFFFFFFFFFFFFFFFFFFFFFFFFFFFFFFFFFFFFFFFFFFFFFFFFFFFB6
:204A2000FFFFFFFFFFFFFFFFFFFFFFFFFFFFFFFFFFFFFFFFFFFFFFFFFFFFFFFFFFFFFFFF96
:204A4000FFFFFFFFFFFFFFFFFFFFFFFFFFFFFFFFFFFFFFFFFFFFFFFFFFFFFFFFFFFFFFFF76
:204A6000FFFFFFFFFFFFFFFFFFFFFFFFFFFFFFFFFFFFFFFFFFFFFFFFFFFFFFFFFFFFFFFF56
:204A8000FFFFFFFFFFFFFFFFFFFFFFFFFFFFFFFFFFFFFFFFFFFFFFFFFFFFFFFFFFFFFFFF36
:204AA000FFFFFFFFFFFFFFFFFFFFFFFFFFFFFFFFFFFFFFFFFFFFFFFFFFFFFFFFFFFFFFFF16
:204AC000FFFFFFFFFFFFFFFFFFFFFFFFFFFFFFFFFFFFFFFFFFFFFFFFFFFFFFFFFFFFFFFFF6
:204AE000FFFFFFFFFFFFFFFFFFFFFFFFFFFFFFFFFFFFFFFFFFFFFFFFFFFFFFFFFFFFFFFFD6
:204B0000FFFFFFFFFFFFFFFFFFFFFFFFFFFFFFFFFFFFFFFFFFFFFFFFFFFFFFFFFFFFFFFFB5
:204B2000FFFFFFFFFFFFFFFFFFFFFFFFFFFFFFFFFFFFFFFFFFFFFFFFFFFFFFFFFFFFFFFF95
:204B4000FFFFFFFFFFFFFFFFFFFFFFFFFFFFFFFFFFFFFFFFFFFFFFFFFFFFFFFFFFFFFFFF75
:204B6000FFFFFFFFFFFFFFFFFFFFFFFFFFFFFFFFFFFFFFFFFFFFFFFFFFFFFFFFFFFFFFFF55
:204B8000FFFFFFFFFFFFFFFFFFFFFFFFFFFFFFFFFFFFFFFFFFFFFFFFFFFFFFFFFFFFFFFF35
:204BA000FFFFFFFFFFFFFFFFFFFFFFFFFFFFFFFFFFFFFFFFFFFFFFFFFFFFFFFFFFFFFFFF15
:204BC000FFFFFFFFFFFFFFFFFFFFFFFFFFFFFFFFFFFFFFFFFFFFFFFFFFFFFFFFFFFFFFFFF5
:204BE000FFFFFFFFFFFFFFFFFFFFFFFFFFFFFFFFFFFFFFFFFFFFFFFFFFFFFFFFFFFFFFFFD5
:204C0000FFFFFFFFFFFFFFFFFFFFFFFFFFFFFFFFFFFFFFFFFFFFFFFFFFFFFFFFFFFFFFFFB4
:204C2000FFFFFFFFFFFFFFFFFFFFFFFFFFFFFFFFFFFFFFFFFFFFFFFFFFFFFFFFFFFFFFFF94
:204C4000FFFFFFFFFFFFFFFFFFFFFFFFFFFFFFFFFFFFFFFFFFFFFFFFFFFFFFFFFFFFFFFF74
:204C6000FFFFFFFFFFFFFFFFFFFFFFFFFFFFFFFFFFFFFFFFFFFFFFFFFFFFFFFFFFFFFFFF54
:204C8000FFFFFFFFFFFFFFFFFFFFFFFFFFFFFFFFFFFFFFFFFFFFFFFFFFFFFFFFFFFFFFFF34
:204CA000FFFFFFFFFFFFFFFFFFFFFFFFFFFFFFFFFFFFFFFFFFFFFFFFFFFFFFFFFFFFFFFF14
:204CC000FFFFFFFFFFFFFFFFFFFFFFFFFFFFFFFFFFFFFFFFFFFFFFFFFFFFFFFFFFFFFFFFF4
:204CE000FFFFFFFFFFFFFFFFFFFFFFFFFFFFFFFFFFFFFFFFFFFFFFFFFFFFFFFFFFFFFFFFD4
:204D0000FFFFFFFFFFFFFFFFFFFFFFFFFFFFFFFFFFFFFFFFFFFFFFFFFFFFFFFFFFFFFFFFB3
:204D2000FFFFFFFFFFFFFFFFFFFFFFFFFFFFFFFFFFFFFFFFFFFFFFFFFFFFFFFFFFFFFFFF93
:204D4000FFFFFFFFFFFFFFFFFFFFFFFFFFFFFFFFFFFFFFFFFFFFFFFFFFFFFFFFFFFFFFFF73
:204D6000FFFFFFFFFFFFFFFFFFFFFFFFFFFFFFFFFFFFFFFFFFFFFFFFFFFFFFFFFFFFFFFF53
:204D8000FFFFFFFFFFFFFFFFFFFFFFFFFFFFFFFFFFFFFFFFFFFFFFFFFFFFFFFFFFFFFFFF33
:204DA000FFFFFFFFFFFFFFFFFFFFFFFFFFFFFFFFFFFFFFFFFFFFFFFFFFFFFFFFFFFFFFFF13
:204DC000FFFFFFFFFFFFFFFFFFFFFFFFFFFFFFFFFFFFFFFFFFFFFFFFFFFFFFFFFFFFFFFFF3
:204DE000FFFFFFFFFFFFFFFFFFFFFFFFFFFFFFFFFFFFFFFFFFFFFFFFFFFFFFFFFFFFFFFFD3
:204E0000FFFFFFFFFFFFFFFFFFFFFFFFFFFFFFFFFFFFFFFFFFFFFFFFFFFFFFFFFFFFFFFFB2
:204E2000FFFFFFFFFFFFFFFFFFFFFFFFFFFFFFFFFFFFFFFFFFFFFFFFFFFFFFFFFFFFFFFF92
:204E4000FFFFFFFFFFFFFFFFFFFFFFFFFFFFFFFFFFFFFFFFFFFFFFFFFFFFFFFFFFFFFFFF72
:204E6000FFFFFFFFFFFFFFFFFFFFFFFFFFFFFFFFFFFFFFFFFFFFFFFFFFFFFFFFFFFFFFFF52
:204E8000FFFFFFFFFFFFFFFFFFFFFFFFFFFFFFFFFFFFFFFFFFFFFFFFFFFFFFFFFFFFFFFF32
:204EA000FFFFFFFFFFFFFFFFFFFFFFFFFFFFFFFFFFFFFFFFFFFFFFFFFFFFFFFFFFFFFFFF12
:204EC000FFFFFFFFFFFFFFFFFFFFFFFFFFFFFFFFFFFFFFFFFFFFFFFFFFFFFFFFFFFFFFFFF2
:204EE000FFFFFFFFFFFFFFFFFFFFFFFFFFFFFFFFFFFFFFFFFFFFFFFFFFFFFFFFFFFFFFFFD2
:204F0000FFFFFFFFFFFFFFFFFFFFFFFFFFFFFFFFFFFFFFFFFFFFFFFFFFFFFFFFFFFFFFFFB1
:204F2000FFFFFFFFFFFFFFFFFFFFFFFFFFFFFFFFFFFFFFFFFFFFFFFFFFFFFFFFFFFFFFFF91
:204F4000FFFFFFFFFFFFFFFFFFFFFFFFFFFFFFFFFFFFFFFFFFFFFFFFFFFFFFFFFFFFFFFF71
:204F6000FFFFFFFFFFFFFFFFFFFFFFFFFFFFFFFFFFFFFFFFFFFFFFFFFFFFFFFFFFFFFFFF51
:204F8000FFFFFFFFFFFFFFFFFFFFFFFFFFFFFFFFFFFFFFFFFFFFFFFFFFFFFFFFFFFFFFFF31
:204FA000FFFFFFFFFFFFFFFFFFFFFFFFFFFFFFFFFFFFFFFFFFFFFFFFFFFFFFFFFFFFFFFF11
:204FC000FFFFFFFFFFFFFFFFFFFFFFFFFFFFFFFFFFFFFFFFFFFFFFFFFFFFFFFFFFFFFFFFF1
:204FE000FFFFFFFFFFFFFFFFFFFFFFFFFFFFFFFFFFFFFFFFFFFFFFFFFFFFFFFFFFFFFFFFD1
:20500000FFFFFFFFFFFFFFFFFFFFFFFFFFFFFFFFFFFFFFFFFFFFFFFFFFFFFFFFFFFFFFFFB0
:20502000FFFFFFFFFFFFFFFFFFFFFFFFFFFFFFFFFFFFFFFFFFFFFFFFFFFFFFFFFFFFFFFF90
:20504000FFFFFFFFFFFFFFFFFFFFFFFFFFFFFFFFFFFFFFFFFFFFFFFFFFFFFFFFFFFFFFFF70
:20506000FFFFFFFFFFFFFFFFFFFFFFFFFFFFFFFFFFFFFFFFFFFFFFFFFFFFFFFFFFFFFFFF50
:20508000FFFFFFFFFFFFFFFFFFFFFFFFFFFFFFFFFFFFFFFFFFFFFFFFFFFFFFFFFFFFFFFF30
:2050A000FFFFFFFFFFFFFFFFFFFFFFFFFFFFFFFFFFFFFFFFFFFFFFFFFFFFFFFFFFFFFFFF10
:2050C000FFFFFFFFFFFFFFFFFFFFFFFFFFFFFFFFFFFFFFFFFFFFFFFFFFFFFFFFFFFFFFFFF0
:2050E000FFFFFFFFFFFFFFFFFFFFFFFFFFFFFFFFFFFFFFFFFFFFFFFFFFFFFFFFFFFFFFFFD0
:20510000FFFFFFFFFFFFFFFFFFFFFFFFFFFFFFFFFFFFFFFFFFFFFFFFFFFFFFFFFFFFFFFFAF
:20512000FFFFFFFFFFFFFFFFFFFFFFFFFFFFFFFFFFFFFFFFFFFFFFFFFFFFFFFFFFFFFFFF8F
:20514000FFFFFFFFFFFFFFFFFFFFFFFFFFFFFFFFFFFFFFFFFFFFFFFFFFFFFFFFFFFFFFFF6F
:20516000FFFFFFFFFFFFFFFFFFFFFFFFFFFFFFFFFFFFFFFFFFFFFFFFFFFFFFFFFFFFFFFF4F
:20518000FFFFFFFFFFFFFFFFFFFFFFFFFFFFFFFFFFFFFFFFFFFFFFFFFFFFFFFFFFFFFFFF2F
:2051A000FFFFFFFFFFFFFFFFFFFFFFFFFFFFFFFFFFFFFFFFFFFFFFFFFFFFFFFFFFFFFFFF0F
:2051C000FFFFFFFFFFFFFFFFFFFFFFFFFFFFFFFFFFFFFFFFFFFFFFFFFFFFFFFFFFFFFFFFEF
:2051E000FFFFFFFFFFFFFFFFFFFFFFFFFFFFFFFFFFFFFFFFFFFFFFFFFFFFFFFFFFFFFFFFCF
:20520000FFFFFFFFFFFFFFFFFFFFFFFFFFFFFFFFFFFFFFFFFFFFFFFFFFFFFFFFFFFFFFFFAE
:20522000FFFFFFFFFFFFFFFFFFFFFFFFFFFFFFFFFFFFFFFFFFFFFFFFFFFFFFFFFFFFFFFF8E
:20524000FFFFFFFFFFFFFFFFFFFFFFFFFFFFFFFFFFFFFFFFFFFFFFFFFFFFFFFFFFFFFFFF6E
:20526000FFFFFFFFFFFFFFFFFFFFFFFFFFFFFFFFFFFFFFFFFFFFFFFFFFFFFFFFFFFFFFFF4E
:20528000FFFFFFFFFFFFFFFFFFFFFFFFFFFFFFFFFFFFFFFFFFFFFFFFFFFFFFFFFFFFFFFF2E
:2052A000FFFFFFFFFFFFFFFFFFFFFFFFFFFFFFFFFFFFFFFFFFFFFFFFFFFFFFFFFFFFFFFF0E
:2052C000FFFFFFFFFFFFFFFFFFFFFFFFFFFFFFFFFFFFFFFFFFFFFFFFFFFFFFFFFFFFFFFFEE
:2052E000FFFFFFFFFFFFFFFFFFFFFFFFFFFFFFFFFFFFFFFFFFFFFFFFFFFFFFFFFFFFFFFFCE
:20530000FFFFFFFFFFFFFFFFFFFFFFFFFFFFFFFFFFFFFFFFFFFFFFFFFFFFFFFFFFFFFFFFAD
:20532000FFFFFFFFFFFFFFFFFFFFFFFFFFFFFFFFFFFFFFFFFFFFFFFFFFFFFFFFFFFFFFFF8D
:20534000FFFFFFFFFFFFFFFFFFFFFFFFFFFFFFFFFFFFFFFFFFFFFFFFFFFFFFFFFFFFFFFF6D
:20536000FFFFFFFFFFFFFFFFFFFFFFFFFFFFFFFFFFFFFFFFFFFFFFFFFFFFFFFFFFFFFFFF4D
:20538000FFFFFFFFFFFFFFFFFFFFFFFFFFFFFFFFFFFFFFFFFFFFFFFFFFFFFFFFFFFFFFFF2D
:2053A000FFFFFFFFFFFFFFFFFFFFFFFFFFFFFFFFFFFFFFFFFFFFFFFFFFFFFFFFFFFFFFFF0D
:2053C000FFFFFFFFFFFFFFFFFFFFFFFFFFFFFFFFFFFFFFFFFFFFFFFFFFFFFFFFFFFFFFFFED
:2053E000FFFFFFFFFFFFFFFFFFFFFFFFFFFFFFFFFFFFFFFFFFFFFFFFFFFFFFFFFFFFFFFFCD
:20540000FFFFFFFFFFFFFFFFFFFFFFFFFFFFFFFFFFFFFFFFFFFFFFFFFFFFFFFFFFFFFFFFAC
:20542000FFFFFFFFFFFFFFFFFFFFFFFFFFFFFFFFFFFFFFFFFFFFFFFFFFFFFFFFFFFFFFFF8C
:20544000FFFFFFFFFFFFFFFFFFFFFFFFFFFFFFFFFFFFFFFFFFFFFFFFFFFFFFFFFFFFFFFF6C
:20546000FFFFFFFFFFFFFFFFFFFFFFFFFFFFFFFFFFFFFFFFFFFFFFFFFFFFFFFFFFFFFFFF4C
:20548000FFFFFFFFFFFFFFFFFFFFFFFFFFFFFFFFFFFFFFFFFFFFFFFFFFFFFFFFFFFFFFFF2C
:2054A000FFFFFFFFFFFFFFFFFFFFFFFFFFFFFFFFFFFFFFFFFFFFFFFFFFFFFFFFFFFFFFFF0C
:2054C000FFFFFFFFFFFFFFFFFFFFFFFFFFFFFFFFFFFFFFFFFFFFFFFFFFFFFFFFFFFFFFFFEC
:2054E000FFFFFFFFFFFFFFFFFFFFFFFFFFFFFFFFFFFFFFFFFFFFFFFFFFFFFFFFFFFFFFFFCC
:20550000FFFFFFFFFFFFFFFFFFFFFFFFFFFFFFFFFFFFFFFFFFFFFFFFFFFFFFFFFFFFFFFFAB
:20552000FFFFFFFFFFFFFFFFFFFFFFFFFFFFFFFFFFFFFFFFFFFFFFFFFFFFFFFFFFFFFFFF8B
:20554000FFFFFFFFFFFFFFFFFFFFFFFFFFFFFFFFFFFFFFFFFFFFFFFFFFFFFFFFFFFFFFFF6B
:20556000FFFFFFFFFFFFFFFFFFFFFFFFFFFFFFFFFFFFFFFFFFFFFFFFFFFFFFFFFFFFFFFF4B
:20558000FFFFFFFFFFFFFFFFFFFFFFFFFFFFFFFFFFFFFFFFFFFFFFFFFFFFFFFFFFFFFFFF2B
:2055A000FFFFFFFFFFFFFFFFFFFFFFFFFFFFFFFFFFFFFFFFFFFFFFFFFFFFFFFFFFFFFFFF0B
:2055C000FFFFFFFFFFFFFFFFFFFFFFFFFFFFFFFFFFFFFFFFFFFFFFFFFFFFFFFFFFFFFFFFEB
:2055E000FFFFFFFFFFFFFFFFFFFFFFFFFFFFFFFFFFFFFFFFFFFFFFFFFFFFFFFFFFFFFFFFCB
:20560000FFFFFFFFFFFFFFFFFFFFFFFFFFFFFFFFFFFFFFFFFFFFFFFFFFFFFFFFFFFFFFFFAA
:20562000FFFFFFFFFFFFFFFFFFFFFFFFFFFFFFFFFFFFFFFFFFFFFFFFFFFFFFFFFFFFFFFF8A
:20564000FFFFFFFFFFFFFFFFFFFFFFFFFFFFFFFFFFFFFFFFFFFFFFFFFFFFFFFFFFFFFFFF6A
:20566000FFFFFFFFFFFFFFFFFFFFFFFFFFFFFFFFFFFFFFFFFFFFFFFFFFFFFFFFFFFFFFFF4A
:20568000FFFFFFFFFFFFFFFFFFFFFFFFFFFFFFFFFFFFFFFFFFFFFFFFFFFFFFFFFFFFFFFF2A
:2056A000FFFFFFFFFFFFFFFFFFFFFFFFFFFFFFFFFFFFFFFFFFFFFFFFFFFFFFFFFFFFFFFF0A
:2056C000FFFFFFFFFFFFFFFFFFFFFFFFFFFFFFFFFFFFFFFFFFFFFFFFFFFFFFFFFFFFFFFFEA
:2056E000FFFFFFFFFFFFFFFFFFFFFFFFFFFFFFFFFFFFFFFFFFFFFFFFFFFFFFFFFFFFFFFFCA
:20570000FFFFFFFFFFFFFFFFFFFFFFFFFFFFFFFFFFFFFFFFFFFFFFFFFFFFFFFFFFFFFFFFA9
:20572000FFFFFFFFFFFFFFFFFFFFFFFFFFFFFFFFFFFFFFFFFFFFFFFFFFFFFFFFFFFFFFFF89
:20574000FFFFFFFFFFFFFFFFFFFFFFFFFFFFFFFFFFFFFFFFFFFFFFFFFFFFFFFFFFFFFFFF69
:20576000FFFFFFFFFFFFFFFFFFFFFFFFFFFFFFFFFFFFFFFFFFFFFFFFFFFFFFFFFFFFFFFF49
:20578000FFFFFFFFFFFFFFFFFFFFFFFFFFFFFFFFFFFFFFFFFFFFFFFFFFFFFFFFFFFFFFFF29
:2057A000FFFFFFFFFFFFFFFFFFFFFFFFFFFFFFFFFFFFFFFFFFFFFFFFFFFFFFFFFFFFFFFF09
:2057C000FFFFFFFFFFFFFFFFFFFFFFFFFFFFFFFFFFFFFFFFFFFFFFFFFFFFFFFFFFFFFFFFE9
:2057E000FFFFFFFFFFFFFFFFFFFFFFFFFFFFFFFFFFFFFFFFFFFFFFFFFFFFFFFFFFFFFFFFC9
:20580000FFFFFFFFFFFFFFFFFFFFFFFFFFFFFFFFFFFFFFFFFFFFFFFFFFFFFFFFFFFFFFFFA8
:20582000FFFFFFFFFFFFFFFFFFFFFFFFFFFFFFFFFFFFFFFFFFFFFFFFFFFFFFFFFFFFFFFF88
:20584000FFFFFFFFFFFFFFFFFFFFFFFFFFFFFFFFFFFFFFFFFFFFFFFFFFFFFFFFFFFFFFFF68
:20586000FFFFFFFFFFFFFFFFFFFFFFFFFFFFFFFFFFFFFFFFFFFFFFFFFFFFFFFFFFFFFFFF48
:20588000FFFFFFFFFFFFFFFFFFFFFFFFFFFFFFFFFFFFFFFFFFFFFFFFFFFFFFFFFFFFFFFF28
:2058A000FFFFFFFFFFFFFFFFFFFFFFFFFFFFFFFFFFFFFFFFFFFFFFFFFFFFFFFFFFFFFFFF08
:2058C000FFFFFFFFFFFFFFFFFFFFFFFFFFFFFFFFFFFFFFFFFFFFFFFFFFFFFFFFFFFFFFFFE8
:2058E000FFFFFFFFFFFFFFFFFFFFFFFFFFFFFFFFFFFFFFFFFFFFFFFFFFFFFFFFFFFFFFFFC8
:20590000FFFFFFFFFFFFFFFFFFFFFFFFFFFFFFFFFFFFFFFFFFFFFFFFFFFFFFFFFFFFFFFFA7
:20592000FFFFFFFFFFFFFFFFFFFFFFFFFFFFFFFFFFFFFFFFFFFFFFFFFFFFFFFFFFFFFFFF87
:20594000FFFFFFFFFFFFFFFFFFFFFFFFFFFFFFFFFFFFFFFFFFFFFFFFFFFFFFFFFFFFFFFF67
:20596000FFFFFFFFFFFFFFFFFFFFFFFFFFFFFFFFFFFFFFFFFFFFFFFFFFFFFFFFFFFFFFFF47
:20598000FFFFFFFFFFFFFFFFFFFFFFFFFFFFFFFFFFFFFFFFFFFFFFFFFFFFFFFFFFFFFFFF27
:2059A000FFFFFFFFFFFFFFFFFFFFFFFFFFFFFFFFFFFFFFFFFFFFFFFFFFFFFFFFFFFFFFFF07
:2059C000FFFFFFFFFFFFFFFFFFFFFFFFFFFFFFFFFFFFFFFFFFFFFFFFFFFFFFFFFFFFFFFFE7
:2059E000FFFFFFFFFFFFFFFFFFFFFFFFFFFFFFFFFFFFFFFFFFFFFFFFFFFFFFFFFFFFFFFFC7
:205A0000FFFFFFFFFFFFFFFFFFFFFFFFFFFFFFFFFFFFFFFFFFFFFFFFFFFFFFFFFFFFFFFFA6
:205A2000FFFFFFFFFFFFFFFFFFFFFFFFFFFFFFFFFFFFFFFFFFFFFFFFFFFFFFFFFFFFFFFF86
:205A4000FFFFFFFFFFFFFFFFFFFFFFFFFFFFFFFFFFFFFFFFFFFFFFFFFFFFFFFFFFFFFFFF66
:205A6000FFFFFFFFFFFFFFFFFFFFFFFFFFFFFFFFFFFFFFFFFFFFFFFFFFFFFFFFFFFFFFFF46
:205A8000FFFFFFFFFFFFFFFFFFFFFFFFFFFFFFFFFFFFFFFFFFFFFFFFFFFFFFFFFFFFFFFF26
:205AA000FFFFFFFFFFFFFFFFFFFFFFFFFFFFFFFFFFFFFFFFFFFFFFFFFFFFFFFFFFFFFFFF06
:205AC000FFFFFFFFFFFFFFFFFFFFFFFFFFFFFFFFFFFFFFFFFFFFFFFFFFFFFFFFFFFFFFFFE6
:205AE000FFFFFFFFFFFFFFFFFFFFFFFFFFFFFFFFFFFFFFFFFFFFFFFFFFFFFFFFFFFFFFFFC6
:205B0000FFFFFFFFFFFFFFFFFFFFFFFFFFFFFFFFFFFFFFFFFFFFFFFFFFFFFFFFFFFFFFFFA5
:205B2000FFFFFFFFFFFFFFFFFFFFFFFFFFFFFFFFFFFFFFFFFFFFFFFFFFFFFFFFFFFFFFFF85
:205B4000FFFFFFFFFFFFFFFFFFFFFFFFFFFFFFFFFFFFFFFFFFFFFFFFFFFFFFFFFFFFFFFF65
:205B6000FFFFFFFFFFFFFFFFFFFFFFFFFFFFFFFFFFFFFFFFFFFFFFFFFFFFFFFFFFFFFFFF45
:205B8000FFFFFFFFFFFFFFFFFFFFFFFFFFFFFFFFFFFFFFFFFFFFFFFFFFFFFFFFFFFFFFFF25
:205BA000FFFFFFFFFFFFFFFFFFFFFFFFFFFFFFFFFFFFFFFFFFFFFFFFFFFFFFFFFFFFFFFF05
:205BC000FFFFFFFFFFFFFFFFFFFFFFFFFFFFFFFFFFFFFFFFFFFFFFFFFFFFFFFFFFFFFFFFE5
:205BE000FFFFFFFFFFFFFFFFFFFFFFFFFFFFFFFFFFFFFFFFFFFFFFFFFFFFFFFFFFFFFFFFC5
:205C0000FFFFFFFFFFFFFFFFFFFFFFFFFFFFFFFFFFFFFFFFFFFFFFFFFFFFFFFFFFFFFFFFA4
:205C2000FFFFFFFFFFFFFFFFFFFFFFFFFFFFFFFFFFFFFFFFFFFFFFFFFFFFFFFFFFFFFFFF84
:205C4000FFFFFFFFFFFFFFFFFFFFFFFFFFFFFFFFFFFFFFFFFFFFFFFFFFFFFFFFFFFFFFFF64
:205C6000FFFFFFFFFFFFFFFFFFFFFFFFFFFFFFFFFFFFFFFFFFFFFFFFFFFFFFFFFFFFFFFF44
:205C8000FFFFFFFFFFFFFFFFFFFFFFFFFFFFFFFFFFFFFFFFFFFFFFFFFFFFFFFFFFFFFFFF24
:205CA000FFFFFFFFFFFFFFFFFFFFFFFFFFFFFFFFFFFFFFFFFFFFFFFFFFFFFFFFFFFFFFFF04
:205CC000FFFFFFFFFFFFFFFFFFFFFFFFFFFFFFFFFFFFFFFFFFFFFFFFFFFFFFFFFFFFFFFFE4
:205CE000FFFFFFFFFFFFFFFFFFFFFFFFFFFFFFFFFFFFFFFFFFFFFFFFFFFFFFFFFFFFFFFFC4
:205D0000FFFFFFFFFFFFFFFFFFFFFFFFFFFFFFFFFFFFFFFFFFFFFFFFFFFFFFFFFFFFFFFFA3
:205D2000FFFFFFFFFFFFFFFFFFFFFFFFFFFFFFFFFFFFFFFFFFFFFFFFFFFFFFFFFFFFFFFF83
:205D4000FFFFFFFFFFFFFFFFFFFFFFFFFFFFFFFFFFFFFFFFFFFFFFFFFFFFFFFFFFFFFFFF63
:205D6000FFFFFFFFFFFFFFFFFFFFFFFFFFFFFFFFFFFFFFFFFFFFFFFFFFFFFFFFFFFFFFFF43
:205D8000FFFFFFFFFFFFFFFFFFFFFFFFFFFFFFFFFFFFFFFFFFFFFFFFFFFFFFFFFFFFFFFF23
:205DA000FFFFFFFFFFFFFFFFFFFFFFFFFFFFFFFFFFFFFFFFFFFFFFFFFFFFFFFFFFFFFFFF03
:205DC000FFFFFFFFFFFFFFFFFFFFFFFFFFFFFFFFFFFFFFFFFFFFFFFFFFFFFFFFFFFFFFFFE3
:205DE000FFFFFFFFFFFFFFFFFFFFFFFFFFFFFFFFFFFFFFFFFFFFFFFFFFFFFFFFFFFFFFFFC3
:205E0000FFFFFFFFFFFFFFFFFFFFFFFFFFFFFFFFFFFFFFFFFFFFFFFFFFFFFFFFFFFFFFFFA2
:205E2000FFFFFFFFFFFFFFFFFFFFFFFFFFFFFFFFFFFFFFFFFFFFFFFFFFFFFFFFFFFFFFFF82
:205E4000FFFFFFFFFFFFFFFFFFFFFFFFFFFFFFFFFFFFFFFFFFFFFFFFFFFFFFFFFFFFFFFF62
:205E6000FFFFFFFFFFFFFFFFFFFFFFFFFFFFFFFFFFFFFFFFFFFFFFFFFFFFFFFFFFFFFFFF42
:205E8000FFFFFFFFFFFFFFFFFFFFFFFFFFFFFFFFFFFFFFFFFFFFFFFFFFFFFFFFFFFFFFFF22
:205EA000FFFFFFFFFFFFFFFFFFFFFFFFFFFFFFFFFFFFFFFFFFFFFFFFFFFFFFFFFFFFFFFF02
:205EC000FFFFFFFFFFFFFFFFFFFFFFFFFFFFFFFFFFFFFFFFFFFFFFFFFFFFFFFFFFFFFFFFE2
:205EE000FFFFFFFFFFFFFFFFFFFFFFFFFFFFFFFFFFFFFFFFFFFFFFFFFFFFFFFFFFFFFFFFC2
:205F0000FFFFFFFFFFFFFFFFFFFFFFFFFFFFFFFFFFFFFFFFFFFFFFFFFFFFFFFFFFFFFFFFA1
:205F2000FFFFFFFFFFFFFFFFFFFFFFFFFFFFFFFFFFFFFFFFFFFFFFFFFFFFFFFFFFFFFFFF81
:205F4000FFFFFFFFFFFFFFFFFFFFFFFFFFFFFFFFFFFFFFFFFFFFFFFFFFFFFFFFFFFFFFFF61
:205F6000FFFFFFFFFFFFFFFFFFFFFFFFFFFFFFFFFFFFFFFFFFFFFFFFFFFFFFFFFFFFFFFF41
:205F8000FFFFFFFFFFFFFFFFFFFFFFFFFFFFFFFFFFFFFFFFFFFFFFFFFFFFFFFFFFFFFFFF21
:205FA000FFFFFFFFFFFFFFFFFFFFFFFFFFFFFFFFFFFFFFFFFFFFFFFFFFFFFFFFFFFFFFFF01
:205FC000FFFFFFFFFFFFFFFFFFFFFFFFFFFFFFFFFFFFFFFFFFFFFFFFFFFFFFFFFFFFFFFFE1
:205FE000FFFFFFFFFFFFFFFFFFFFFFFFFFFFFFFFFFFFFFFFFFFFFFFFFFFFFFFFFFFFFFFFC1
:20600000FFFFFFFFFFFFFFFFFFFFFFFFFFFFFFFFFFFFFFFFFFFFFFFFFFFFFFFFFFFFFFFFA0
:20602000FFFFFFFFFFFFFFFFFFFFFFFFFFFFFFFFFFFFFFFFFFFFFFFFFFFFFFFFFFFFFFFF80
:20604000FFFFFFFFFFFFFFFFFFFFFFFFFFFFFFFFFFFFFFFFFFFFFFFFFFFFFFFFFFFFFFFF60
:20606000FFFFFFFFFFFFFFFFFFFFFFFFFFFFFFFFFFFFFFFFFFFFFFFFFFFFFFFFFFFFFFFF40
:20608000FFFFFFFFFFFFFFFFFFFFFFFFFFFFFFFFFFFFFFFFFFFFFFFFFFFFFFFFFFFFFFFF20
:2060A000FFFFFFFFFFFFFFFFFFFFFFFFFFFFFFFFFFFFFFFFFFFFFFFFFFFFFFFFFFFFFFFF00
:2060C000FFFFFFFFFFFFFFFFFFFFFFFFFFFFFFFFFFFFFFFFFFFFFFFFFFFFFFFFFFFFFFFFE0
:2060E000FFFFFFFFFFFFFFFFFFFFFFFFFFFFFFFFFFFFFFFFFFFFFFFFFFFFFFFFFFFFFFFFC0
:20610000FFFFFFFFFFFFFFFFFFFFFFFFFFFFFFFFFFFFFFFFFFFFFFFFFFFFFFFFFFFFFFFF9F
:20612000FFFFFFFFFFFFFFFFFFFFFFFFFFFFFFFFFFFFFFFFFFFFFFFFFFFFFFFFFFFFFFFF7F
:20614000FFFFFFFFFFFFFFFFFFFFFFFFFFFFFFFFFFFFFFFFFFFFFFFFFFFFFFFFFFFFFFFF5F
:20616000FFFFFFFFFFFFFFFFFFFFFFFFFFFFFFFFFFFFFFFFFFFFFFFFFFFFFFFFFFFFFFFF3F
:20618000FFFFFFFFFFFFFFFFFFFFFFFFFFFFFFFFFFFFFFFFFFFFFFFFFFFFFFFFFFFFFFFF1F
:2061A000FFFFFFFFFFFFFFFFFFFFFFFFFFFFFFFFFFFFFFFFFFFFFFFFFFFFFFFFFFFFFFFFFF
:2061C000FFFFFFFFFFFFFFFFFFFFFFFFFFFFFFFFFFFFFFFFFFFFFFFFFFFFFFFFFFFFFFFFDF
:2061E000FFFFFFFFFFFFFFFFFFFFFFFFFFFFFFFFFFFFFFFFFFFFFFFFFFFFFFFFFFFFFFFFBF
:20620000FFFFFFFFFFFFFFFFFFFFFFFFFFFFFFFFFFFFFFFFFFFFFFFFFFFFFFFFFFFFFFFF9E
:20622000FFFFFFFFFFFFFFFFFFFFFFFFFFFFFFFFFFFFFFFFFFFFFFFFFFFFFFFFFFFFFFFF7E
:20624000FFFFFFFFFFFFFFFFFFFFFFFFFFFFFFFFFFFFFFFFFFFFFFFFFFFFFFFFFFFFFFFF5E
:20626000FFFFFFFFFFFFFFFFFFFFFFFFFFFFFFFFFFFFFFFFFFFFFFFFFFFFFFFFFFFFFFFF3E
:20628000FFFFFFFFFFFFFFFFFFFFFFFFFFFFFFFFFFFFFFFFFFFFFFFFFFFFFFFFFFFFFFFF1E
:2062A000FFFFFFFFFFFFFFFFFFFFFFFFFFFFFFFFFFFFFFFFFFFFFFFFFFFFFFFFFFFFFFFFFE
:2062C000FFFFFFFFFFFFFFFFFFFFFFFFFFFFFFFFFFFFFFFFFFFFFFFFFFFFFFFFFFFFFFFFDE
:2062E000FFFFFFFFFFFFFFFFFFFFFFFFFFFFFFFFFFFFFFFFFFFFFFFFFFFFFFFFFFFFFFFFBE
:20630000FFFFFFFFFFFFFFFFFFFFFFFFFFFFFFFFFFFFFFFFFFFFFFFFFFFFFFFFFFFFFFFF9D
:20632000FFFFFFFFFFFFFFFFFFFFFFFFFFFFFFFFFFFFFFFFFFFFFFFFFFFFFFFFFFFFFFFF7D
:20634000FFFFFFFFFFFFFFFFFFFFFFFFFFFFFFFFFFFFFFFFFFFFFFFFFFFFFFFFFFFFFFFF5D
:20636000FFFFFFFFFFFFFFFFFFFFFFFFFFFFFFFFFFFFFFFFFFFFFFFFFFFFFFFFFFFFFFFF3D
:20638000FFFFFFFFFFFFFFFFFFFFFFFFFFFFFFFFFFFFFFFFFFFFFFFFFFFFFFFFFFFFFFFF1D
:2063A000FFFFFFFFFFFFFFFFFFFFFFFFFFFFFFFFFFFFFFFFFFFFFFFFFFFFFFFFFFFFFFFFFD
:2063C000FFFFFFFFFFFFFFFFFFFFFFFFFFFFFFFFFFFFFFFFFFFFFFFFFFFFFFFFFFFFFFFFDD
:2063E000FFFFFFFFFFFFFFFFFFFFFFFFFFFFFFFFFFFFFFFFFFFFFFFFFFFFFFFFFFFFFFFFBD
:20640000FFFFFFFFFFFFFFFFFFFFFFFFFFFFFFFFFFFFFFFFFFFFFFFFFFFFFFFFFFFFFFFF9C
:20642000FFFFFFFFFFFFFFFFFFFFFFFFFFFFFFFFFFFFFFFFFFFFFFFFFFFFFFFFFFFFFFFF7C
:20644000FFFFFFFFFFFFFFFFFFFFFFFFFFFFFFFFFFFFFFFFFFFFFFFFFFFFFFFFFFFFFFFF5C
:20646000FFFFFFFFFFFFFFFFFFFFFFFFFFFFFFFFFFFFFFFFFFFFFFFFFFFFFFFFFFFFFFFF3C
:20648000FFFFFFFFFFFFFFFFFFFFFFFFFFFFFFFFFFFFFFFFFFFFFFFFFFFFFFFFFFFFFFFF1C
:2064A000FFFFFFFFFFFFFFFFFFFFFFFFFFFFFFFFFFFFFFFFFFFFFFFFFFFFFFFFFFFFFFFFFC
:2064C000FFFFFFFFFFFFFFFFFFFFFFFFFFFFFFFFFFFFFFFFFFFFFFFFFFFFFFFFFFFFFFFFDC
:2064E000FFFFFFFFFFFFFFFFFFFFFFFFFFFFFFFFFFFFFFFFFFFFFFFFFFFFFFFFFFFFFFFFBC
:20650000FFFFFFFFFFFFFFFFFFFFFFFFFFFFFFFFFFFFFFFFFFFFFFFFFFFFFFFFFFFFFFFF9B
:20652000FFFFFFFFFFFFFFFFFFFFFFFFFFFFFFFFFFFFFFFFFFFFFFFFFFFFFFFFFFFFFFFF7B
:20654000FFFFFFFFFFFFFFFFFFFFFFFFFFFFFFFFFFFFFFFFFFFFFFFFFFFFFFFFFFFFFFFF5B
:20656000FFFFFFFFFFFFFFFFFFFFFFFFFFFFFFFFFFFFFFFFFFFFFFFFFFFFFFFFFFFFFFFF3B
:20658000FFFFFFFFFFFFFFFFFFFFFFFFFFFFFFFFFFFFFFFFFFFFFFFFFFFFFFFFFFFFFFFF1B
:2065A000FFFFFFFFFFFFFFFFFFFFFFFFFFFFFFFFFFFFFFFFFFFFFFFFFFFFFFFFFFFFFFFFFB
:2065C000FFFFFFFFFFFFFFFFFFFFFFFFFFFFFFFFFFFFFFFFFFFFFFFFFFFFFFFFFFFFFFFFDB
:2065E000FFFFFFFFFFFFFFFFFFFFFFFFFFFFFFFFFFFFFFFFFFFFFFFFFFFFFFFFFFFFFFFFBB
:20660000FFFFFFFFFFFFFFFFFFFFFFFFFFFFFFFFFFFFFFFFFFFFFFFFFFFFFFFFFFFFFFFF9A
:20662000FFFFFFFFFFFFFFFFFFFFFFFFFFFFFFFFFFFFFFFFFFFFFFFFFFFFFFFFFFFFFFFF7A
:20664000FFFFFFFFFFFFFFFFFFFFFFFFFFFFFFFFFFFFFFFFFFFFFFFFFFFFFFFFFFFFFFFF5A
:20666000FFFFFFFFFFFFFFFFFFFFFFFFFFFFFFFFFFFFFFFFFFFFFFFFFFFFFFFFFFFFFFFF3A
:20668000FFFFFFFFFFFFFFFFFFFFFFFFFFFFFFFFFFFFFFFFFFFFFFFFFFFFFFFFFFFFFFFF1A
:2066A000FFFFFFFFFFFFFFFFFFFFFFFFFFFFFFFFFFFFFFFFFFFFFFFFFFFFFFFFFFFFFFFFFA
:2066C000FFFFFFFFFFFFFFFFFFFFFFFFFFFFFFFFFFFFFFFFFFFFFFFFFFFFFFFFFFFFFFFFDA
:2066E000FFFFFFFFFFFFFFFFFFFFFFFFFFFFFFFFFFFFFFFFFFFFFFFFFFFFFFFFFFFFFFFFBA
:20670000FFFFFFFFFFFFFFFFFFFFFFFFFFFFFFFFFFFFFFFFFFFFFFFFFFFFFFFFFFFFFFFF99
:20672000FFFFFFFFFFFFFFFFFFFFFFFFFFFFFFFFFFFFFFFFFFFFFFFFFFFFFFFFFFFFFFFF79
:20674000FFFFFFFFFFFFFFFFFFFFFFFFFFFFFFFFFFFFFFFFFFFFFFFFFFFFFFFFFFFFFFFF59
:20676000FFFFFFFFFFFFFFFFFFFFFFFFFFFFFFFFFFFFFFFFFFFFFFFFFFFFFFFFFFFFFFFF39
:20678000FFFFFFFFFFFFFFFFFFFFFFFFFFFFFFFFFFFFFFFFFFFFFFFFFFFFFFFFFFFFFFFF19
:2067A000FFFFFFFFFFFFFFFFFFFFFFFFFFFFFFFFFFFFFFFFFFFFFFFFFFFFFFFFFFFFFFFFF9
:2067C000FFFFFFFFFFFFFFFFFFFFFFFFFFFFFFFFFFFFFFFFFFFFFFFFFFFFFFFFFFFFFFFFD9
:2067E000FFFFFFFFFFFFFFFFFFFFFFFFFFFFFFFFFFFFFFFFFFFFFFFFFFFFFFFFFFFFFFFFB9
:20680000FFFFFFFFFFFFFFFFFFFFFFFFFFFFFFFFFFFFFFFFFFFFFFFFFFFFFFFFFFFFFFFF98
:20682000FFFFFFFFFFFFFFFFFFFFFFFFFFFFFFFFFFFFFFFFFFFFFFFFFFFFFFFFFFFFFFFF78
:20684000FFFFFFFFFFFFFFFFFFFFFFFFFFFFFFFFFFFFFFFFFFFFFFFFFFFFFFFFFFFFFFFF58
:20686000FFFFFFFFFFFFFFFFFFFFFFFFFFFFFFFFFFFFFFFFFFFFFFFFFFFFFFFFFFFFFFFF38
:20688000FFFFFFFFFFFFFFFFFFFFFFFFFFFFFFFFFFFFFFFFFFFFFFFFFFFFFFFFFFFFFFFF18
:2068A000FFFFFFFFFFFFFFFFFFFFFFFFFFFFFFFFFFFFFFFFFFFFFFFFFFFFFFFFFFFFFFFFF8
:2068C000FFFFFFFFFFFFFFFFFFFFFFFFFFFFFFFFFFFFFFFFFFFFFFFFFFFFFFFFFFFFFFFFD8
:2068E000FFFFFFFFFFFFFFFFFFFFFFFFFFFFFFFFFFFFFFFFFFFFFFFFFFFFFFFFFFFFFFFFB8
:20690000FFFFFFFFFFFFFFFFFFFFFFFFFFFFFFFFFFFFFFFFFFFFFFFFFFFFFFFFFFFFFFFF97
:20692000FFFFFFFFFFFFFFFFFFFFFFFFFFFFFFFFFFFFFFFFFFFFFFFFFFFFFFFFFFFFFFFF77
:20694000FFFFFFFFFFFFFFFFFFFFFFFFFFFFFFFFFFFFFFFFFFFFFFFFFFFFFFFFFFFFFFFF57
:20696000FFFFFFFFFFFFFFFFFFFFFFFFFFFFFFFFFFFFFFFFFFFFFFFFFFFFFFFFFFFFFFFF37
:20698000FFFFFFFFFFFFFFFFFFFFFFFFFFFFFFFFFFFFFFFFFFFFFFFFFFFFFFFFFFFFFFFF17
:2069A000FFFFFFFFFFFFFFFFFFFFFFFFFFFFFFFFFFFFFFFFFFFFFFFFFFFFFFFFFFFFFFFFF7
:2069C000FFFFFFFFFFFFFFFFFFFFFFFFFFFFFFFFFFFFFFFFFFFFFFFFFFFFFFFFFFFFFFFFD7
:2069E000FFFFFFFFFFFFFFFFFFFFFFFFFFFFFFFFFFFFFFFFFFFFFFFFFFFFFFFFFFFFFFFFB7
:206A0000FFFFFFFFFFFFFFFFFFFFFFFFFFFFFFFFFFFFFFFFFFFFFFFFFFFFFFFFFFFFFFFF96
:206A2000FFFFFFFFFFFFFFFFFFFFFFFFFFFFFFFFFFFFFFFFFFFFFFFFFFFFFFFFFFFFFFFF76
:206A4000FFFFFFFFFFFFFFFFFFFFFFFFFFFFFFFFFFFFFFFFFFFFFFFFFFFFFFFFFFFFFFFF56
:206A6000FFFFFFFFFFFFFFFFFFFFFFFFFFFFFFFFFFFFFFFFFFFFFFFFFFFFFFFFFFFFFFFF36
:206A8000FFFFFFFFFFFFFFFFFFFFFFFFFFFFFFFFFFFFFFFFFFFFFFFFFFFFFFFFFFFFFFFF16
:206AA000FFFFFFFFFFFFFFFFFFFFFFFFFFFFFFFFFFFFFFFFFFFFFFFFFFFFFFFFFFFFFFFFF6
:206AC000FFFFFFFFFFFFFFFFFFFFFFFFFFFFFFFFFFFFFFFFFFFFFFFFFFFFFFFFFFFFFFFFD6
:206AE000FFFFFFFFFFFFFFFFFFFFFFFFFFFFFFFFFFFFFFFFFFFFFFFFFFFFFFFFFFFFFFFFB6
:206B0000FFFFFFFFFFFFFFFFFFFFFFFFFFFFFFFFFFFFFFFFFFFFFFFFFFFFFFFFFFFFFFFF95
:206B2000FFFFFFFFFFFFFFFFFFFFFFFFFFFFFFFFFFFFFFFFFFFFFFFFFFFFFFFFFFFFFFFF75
:206B4000FFFFFFFFFFFFFFFFFFFFFFFFFFFFFFFFFFFFFFFFFFFFFFFFFFFFFFFFFFFFFFFF55
:206B6000FFFFFFFFFFFFFFFFFFFFFFFFFFFFFFFFFFFFFFFFFFFFFFFFFFFFFFFFFFFFFFFF35
:206B8000FFFFFFFFFFFFFFFFFFFFFFFFFFFFFFFFFFFFFFFFFFFFFFFFFFFFFFFFFFFFFFFF15
:206BA000FFFFFFFFFFFFFFFFFFFFFFFFFFFFFFFFFFFFFFFFFFFFFFFFFFFFFFFFFFFFFFFFF5
:206BC000FFFFFFFFFFFFFFFFFFFFFFFFFFFFFFFFFFFFFFFFFFFFFFFFFFFFFFFFFFFFFFFFD5
:206BE000FFFFFFFFFFFFFFFFFFFFFFFFFFFFFFFFFFFFFFFFFFFFFFFFFFFFFFFFFFFFFFFFB5
:206C0000FFFFFFFFFFFFFFFFFFFFFFFFFFFFFFFFFFFFFFFFFFFFFFFFFFFFFFFFFFFFFFFF94
:206C2000FFFFFFFFFFFFFFFFFFFFFFFFFFFFFFFFFFFFFFFFFFFFFFFFFFFFFFFFFFFFFFFF74
:206C4000FFFFFFFFFFFFFFFFFFFFFFFFFFFFFFFFFFFFFFFFFFFFFFFFFFFFFFFFFFFFFFFF54
:206C6000FFFFFFFFFFFFFFFFFFFFFFFFFFFFFFFFFFFFFFFFFFFFFFFFFFFFFFFFFFFFFFFF34
:206C8000FFFFFFFFFFFFFFFFFFFFFFFFFFFFFFFFFFFFFFFFFFFFFFFFFFFFFFFFFFFFFFFF14
:206CA000FFFFFFFFFFFFFFFFFFFFFFFFFFFFFFFFFFFFFFFFFFFFFFFFFFFFFFFFFFFFFFFFF4
:206CC000FFFFFFFFFFFFFFFFFFFFFFFFFFFFFFFFFFFFFFFFFFFFFFFFFFFFFFFFFFFFFFFFD4
:206CE000FFFFFFFFFFFFFFFFFFFFFFFFFFFFFFFFFFFFFFFFFFFFFFFFFFFFFFFFFFFFFFFFB4
:206D0000FFFFFFFFFFFFFFFFFFFFFFFFFFFFFFFFFFFFFFFFFFFFFFFFFFFFFFFFFFFFFFFF93
:206D2000FFFFFFFFFFFFFFFFFFFFFFFFFFFFFFFFFFFFFFFFFFFFFFFFFFFFFFFFFFFFFFFF73
:206D4000FFFFFFFFFFFFFFFFFFFFFFFFFFFFFFFFFFFFFFFFFFFFFFFFFFFFFFFFFFFFFFFF53
:206D6000FFFFFFFFFFFFFFFFFFFFFFFFFFFFFFFFFFFFFFFFFFFFFFFFFFFFFFFFFFFFFFFF33
:206D8000FFFFFFFFFFFFFFFFFFFFFFFFFFFFFFFFFFFFFFFFFFFFFFFFFFFFFFFFFFFFFFFF13
:206DA000FFFFFFFFFFFFFFFFFFFFFFFFFFFFFFFFFFFFFFFFFFFFFFFFFFFFFFFFFFFFFFFFF3
:206DC000FFFFFFFFFFFFFFFFFFFFFFFFFFFFFFFFFFFFFFFFFFFFFFFFFFFFFFFFFFFFFFFFD3
:206DE000FFFFFFFFFFFFFFFFFFFFFFFFFFFFFFFFFFFFFFFFFFFFFFFFFFFFFFFFFFFFFFFFB3
:206E0000FFFFFFFFFFFFFFFFFFFFFFFFFFFFFFFFFFFFFFFFFFFFFFFFFFFFFFFFFFFFFFFF92
:206E2000FFFFFFFFFFFFFFFFFFFFFFFFFFFFFFFFFFFFFFFFFFFFFFFFFFFFFFFFFFFFFFFF72
:206E4000FFFFFFFFFFFFFFFFFFFFFFFFFFFFFFFFFFFFFFFFFFFFFFFFFFFFFFFFFFFFFFFF52
:206E6000FFFFFFFFFFFFFFFFFFFFFFFFFFFFFFFFFFFFFFFFFFFFFFFFFFFFFFFFFFFFFFFF32
:206E8000FFFFFFFFFFFFFFFFFFFFFFFFFFFFFFFFFFFFFFFFFFFFFFFFFFFFFFFFFFFFFFFF12
:206EA000FFFFFFFFFFFFFFFFFFFFFFFFFFFFFFFFFFFFFFFFFFFFFFFFFFFFFFFFFFFFFFFFF2
:206EC000FFFFFFFFFFFFFFFFFFFFFFFFFFFFFFFFFFFFFFFFFFFFFFFFFFFFFFFFFFFFFFFFD2
:206EE000FFFFFFFFFFFFFFFFFFFFFFFFFFFFFFFFFFFFFFFFFFFFFFFFFFFFFFFFFFFFFFFFB2
:206F0000FFFFFFFFFFFFFFFFFFFFFFFFFFFFFFFFFFFFFFFFFFFFFFFFFFFFFFFFFFFFFFFF91
:206F2000FFFFFFFFFFFFFFFFFFFFFFFFFFFFFFFFFFFFFFFFFFFFFFFFFFFFFFFFFFFFFFFF71
:206F4000FFFFFFFFFFFFFFFFFFFFFFFFFFFFFFFFFFFFFFFFFFFFFFFFFFFFFFFFFFFFFFFF51
:206F6000FFFFFFFFFFFFFFFFFFFFFFFFFFFFFFFFFFFFFFFFFFFFFFFFFFFFFFFFFFFFFFFF31
:206F8000FFFFFFFFFFFFFFFFFFFFFFFFFFFFFFFFFFFFFFFFFFFFFFFFFFFFFFFFFFFFFFFF11
:206FA000FFFFFFFFFFFFFFFFFFFFFFFFFFFFFFFFFFFFFFFFFFFFFFFFFFFFFFFFFFFFFFFFF1
:206FC000FFFFFFFFFFFFFFFFFFFFFFFFFFFFFFFFFFFFFFFFFFFFFFFFFFFFFFFFFFFFFFFFD1
:206FE000FFFFFFFFFFFFFFFFFFFFFFFFFFFFFFFFFFFFFFFFFFFFFFFFFFFFFFFFFFFFFFFFB1
:20700000FFFFFFFFFFFFFFFFFFFFFFFFFFFFFFFFFFFFFFFFFFFFFFFFFFFFFFFFFFFFFFFF90
:20702000FFFFFFFFFFFFFFFFFFFFFFFFFFFFFFFFFFFFFFFFFFFFFFFFFFFFFFFFFFFFFFFF70
:20704000FFFFFFFFFFFFFFFFFFFFFFFFFFFFFFFFFFFFFFFFFFFFFFFFFFFFFFFFFFFFFFFF50
:20706000FFFFFFFFFFFFFFFFFFFFFFFFFFFFFFFFFFFFFFFFFFFFFFFFFFFFFFFFFFFFFFFF30
:20708000FFFFFFFFFFFFFFFFFFFFFFFFFFFFFFFFFFFFFFFFFFFFFFFFFFFFFFFFFFFFFFFF10
:2070A000FFFFFFFFFFFFFFFFFFFFFFFFFFFFFFFFFFFFFFFFFFFFFFFFFFFFFFFFFFFFFFFFF0
:2070C000FFFFFFFFFFFFFFFFFFFFFFFFFFFFFFFFFFFFFFFFFFFFFFFFFFFFFFFFFFFFFFFFD0
:2070E000FFFFFFFFFFFFFFFFFFFFFFFFFFFFFFFFFFFFFFFFFFFFFFFFFFFFFFFFFFFFFFFFB0
:20710000FFFFFFFFFFFFFFFFFFFFFFFFFFFFFFFFFFFFFFFFFFFFFFFFFFFFFFFFFFFFFFFF8F
:20712000FFFFFFFFFFFFFFFFFFFFFFFFFFFFFFFFFFFFFFFFFFFFFFFFFFFFFFFFFFFFFFFF6F
:20714000FFFFFFFFFFFFFFFFFFFFFFFFFFFFFFFFFFFFFFFFFFFFFFFFFFFFFFFFFFFFFFFF4F
:20716000FFFFFFFFFFFFFFFFFFFFFFFFFFFFFFFFFFFFFFFFFFFFFFFFFFFFFFFFFFFFFFFF2F
:20718000FFFFFFFFFFFFFFFFFFFFFFFFFFFFFFFFFFFFFFFFFFFFFFFFFFFFFFFFFFFFFFFF0F
:2071A000FFFFFFFFFFFFFFFFFFFFFFFFFFFFFFFFFFFFFFFFFFFFFFFFFFFFFFFFFFFFFFFFEF
:2071C000FFFFFFFFFFFFFFFFFFFFFFFFFFFFFFFFFFFFFFFFFFFFFFFFFFFFFFFFFFFFFFFFCF
:2071E000FFFFFFFFFFFFFFFFFFFFFFFFFFFFFFFFFFFFFFFFFFFFFFFFFFFFFFFFFFFFFFFFAF
:20720000FFFFFFFFFFFFFFFFFFFFFFFFFFFFFFFFFFFFFFFFFFFFFFFFFFFFFFFFFFFFFFFF8E
:20722000FFFFFFFFFFFFFFFFFFFFFFFFFFFFFFFFFFFFFFFFFFFFFFFFFFFFFFFFFFFFFFFF6E
:20724000FFFFFFFFFFFFFFFFFFFFFFFFFFFFFFFFFFFFFFFFFFFFFFFFFFFFFFFFFFFFFFFF4E
:20726000FFFFFFFFFFFFFFFFFFFFFFFFFFFFFFFFFFFFFFFFFFFFFFFFFFFFFFFFFFFFFFFF2E
:20728000FFFFFFFFFFFFFFFFFFFFFFFFFFFFFFFFFFFFFFFFFFFFFFFFFFFFFFFFFFFFFFFF0E
:2072A000FFFFFFFFFFFFFFFFFFFFFFFFFFFFFFFFFFFFFFFFFFFFFFFFFFFFFFFFFFFFFFFFEE
:2072C000FFFFFFFFFFFFFFFFFFFFFFFFFFFFFFFFFFFFFFFFFFFFFFFFFFFFFFFFFFFFFFFFCE
:2072E000FFFFFFFFFFFFFFFFFFFFFFFFFFFFFFFFFFFFFFFFFFFFFFFFFFFFFFFFFFFFFFFFAE
:20730000FFFFFFFFFFFFFFFFFFFFFFFFFFFFFFFFFFFFFFFFFFFFFFFFFFFFFFFFFFFFFFFF8D
:20732000FFFFFFFFFFFFFFFFFFFFFFFFFFFFFFFFFFFFFFFFFFFFFFFFFFFFFFFFFFFFFFFF6D
:20734000FFFFFFFFFFFFFFFFFFFFFFFFFFFFFFFFFFFFFFFFFFFFFFFFFFFFFFFFFFFFFFFF4D
:20736000FFFFFFFFFFFFFFFFFFFFFFFFFFFFFFFFFFFFFFFFFFFFFFFFFFFFFFFFFFFFFFFF2D
:20738000FFFFFFFFFFFFFFFFFFFFFFFFFFFFFFFFFFFFFFFFFFFFFFFFFFFFFFFFFFFFFFFF0D
:2073A000FFFFFFFFFFFFFFFFFFFFFFFFFFFFFFFFFFFFFFFFFFFFFFFFFFFFFFFFFFFFFFFFED
:2073C000FFFFFFFFFFFFFFFFFFFFFFFFFFFFFFFFFFFFFFFFFFFFFFFFFFFFFFFFFFFFFFFFCD
:2073E000FFFFFFFFFFFFFFFFFFFFFFFFFFFFFFFFFFFFFFFFFFFFFFFFFFFFFFFFFFFFFFFFAD
:20740000FFFFFFFFFFFFFFFFFFFFFFFFFFFFFFFFFFFFFFFFFFFFFFFFFFFFFFFFFFFFFFFF8C
:20742000FFFFFFFFFFFFFFFFFFFFFFFFFFFFFFFFFFFFFFFFFFFFFFFFFFFFFFFFFFFFFFFF6C
:20744000FFFFFFFFFFFFFFFFFFFFFFFFFFFFFFFFFFFFFFFFFFFFFFFFFFFFFFFFFFFFFFFF4C
:20746000FFFFFFFFFFFFFFFFFFFFFFFFFFFFFFFFFFFFFFFFFFFFFFFFFFFFFFFFFFFFFFFF2C
:20748000FFFFFFFFFFFFFFFFFFFFFFFFFFFFFFFFFFFFFFFFFFFFFFFFFFFFFFFFFFFFFFFF0C
:2074A000FFFFFFFFFFFFFFFFFFFFFFFFFFFFFFFFFFFFFFFFFFFFFFFFFFFFFFFFFFFFFFFFEC
:2074C000FFFFFFFFFFFFFFFFFFFFFFFFFFFFFFFFFFFFFFFFFFFFFFFFFFFFFFFFFFFFFFFFCC
:2074E000FFFFFFFFFFFFFFFFFFFFFFFFFFFFFFFFFFFFFFFFFFFFFFFFFFFFFFFFFFFFFFFFAC
:20750000FFFFFFFFFFFFFFFFFFFFFFFFFFFFFFFFFFFFFFFFFFFFFFFFFFFFFFFFFFFFFFFF8B
:20752000FFFFFFFFFFFFFFFFFFFFFFFFFFFFFFFFFFFFFFFFFFFFFFFFFFFFFFFFFFFFFFFF6B
:20754000FFFFFFFFFFFFFFFFFFFFFFFFFFFFFFFFFFFFFFFFFFFFFFFFFFFFFFFFFFFFFFFF4B
:20756000FFFFFFFFFFFFFFFFFFFFFFFFFFFFFFFFFFFFFFFFFFFFFFFFFFFFFFFFFFFFFFFF2B
:20758000FFFFFFFFFFFFFFFFFFFFFFFFFFFFFFFFFFFFFFFFFFFFFFFFFFFFFFFFFFFFFFFF0B
:2075A000FFFFFFFFFFFFFFFFFFFFFFFFFFFFFFFFFFFFFFFFFFFFFFFFFFFFFFFFFFFFFFFFEB
:2075C000FFFFFFFFFFFFFFFFFFFFFFFFFFFFFFFFFFFFFFFFFFFFFFFFFFFFFFFFFFFFFFFFCB
:2075E000FFFFFFFFFFFFFFFFFFFFFFFFFFFFFFFFFFFFFFFFFFFFFFFFFFFFFFFFFFFFFFFFAB
:20760000FFFFFFFFFFFFFFFFFFFFFFFFFFFFFFFFFFFFFFFFFFFFFFFFFFFFFFFFFFFFFFFF8A
:20762000FFFFFFFFFFFFFFFFFFFFFFFFFFFFFFFFFFFFFFFFFFFFFFFFFFFFFFFFFFFFFFFF6A
:20764000FFFFFFFFFFFFFFFFFFFFFFFFFFFFFFFFFFFFFFFFFFFFFFFFFFFFFFFFFFFFFFFF4A
:20766000FFFFFFFFFFFFFFFFFFFFFFFFFFFFFFFFFFFFFFFFFFFFFFFFFFFFFFFFFFFFFFFF2A
:20768000FFFFFFFFFFFFFFFFFFFFFFFFFFFFFFFFFFFFFFFFFFFFFFFFFFFFFFFFFFFFFFFF0A
:2076A000FFFFFFFFFFFFFFFFFFFFFFFFFFFFFFFFFFFFFFFFFFFFFFFFFFFFFFFFFFFFFFFFEA
:2076C000FFFFFFFFFFFFFFFFFFFFFFFFFFFFFFFFFFFFFFFFFFFFFFFFFFFFFFFFFFFFFFFFCA
:2076E000FFFFFFFFFFFFFFFFFFFFFFFFFFFFFFFFFFFFFFFFFFFFFFFFFFFFFFFFFFFFFFFFAA
:20770000FFFFFFFFFFFFFFFFFFFFFFFFFFFFFFFFFFFFFFFFFFFFFFFFFFFFFFFFFFFFFFFF89
:20772000FFFFFFFFFFFFFFFFFFFFFFFFFFFFFFFFFFFFFFFFFFFFFFFFFFFFFFFFFFFFFFFF69
:20774000FFFFFFFFFFFFFFFFFFFFFFFFFFFFFFFFFFFFFFFFFFFFFFFFFFFFFFFFFFFFFFFF49
:20776000FFFFFFFFFFFFFFFFFFFFFFFFFFFFFFFFFFFFFFFFFFFFFFFFFFFFFFFFFFFFFFFF29
:20778000FFFFFFFFFFFFFFFFFFFFFFFFFFFFFFFFFFFFFFFFFFFFFFFFFFFFFFFFFFFFFFFF09
:2077A000FFFFFFFFFFFFFFFFFFFFFFFFFFFFFFFFFFFFFFFFFFFFFFFFFFFFFFFFFFFFFFFFE9
:2077C000FFFFFFFFFFFFFFFFFFFFFFFFFFFFFFFFFFFFFFFFFFFFFFFFFFFFFFFFFFFFFFFFC9
:2077E000FFFFFFFFFFFFFFFFFFFFFFFFFFFFFFFFFFFFFFFFFFFFFFFFFFFFFFFFFFFFFFFFA9
:20780000FFFFFFFFFFFFFFFFFFFFFFFFFFFFFFFFFFFFFFFFFFFFFFFFFFFFFFFFFFFFFFFF88
:20782000FFFFFFFFFFFFFFFFFFFFFFFFFFFFFFFFFFFFFFFFFFFFFFFFFFFFFFFFFFFFFFFF68
:20784000FFFFFFFFFFFFFFFFFFFFFFFFFFFFFFFFFFFFFFFFFFFFFFFFFFFFFFFFFFFFFFFF48
:20786000FFFFFFFFFFFFFFFFFFFFFFFFFFFFFFFFFFFFFFFFFFFFFFFFFFFFFFFFFFFFFFFF28
:20788000FFFFFFFFFFFFFFFFFFFFFFFFFFFFFFFFFFFFFFFFFFFFFFFFFFFFFFFFFFFFFFFF08
:2078A000FFFFFFFFFFFFFFFFFFFFFFFFFFFFFFFFFFFFFFFFFFFFFFFFFFFFFFFFFFFFFFFFE8
:2078C000FFFFFFFFFFFFFFFFFFFFFFFFFFFFFFFFFFFFFFFFFFFFFFFFFFFFFFFFFFFFFFFFC8
:2078E000FFFFFFFFFFFFFFFFFFFFFFFFFFFFFFFFFFFFFFFFFFFFFFFFFFFFFFFFFFFFFFFFA8
:20790000FFFFFFFFFFFFFFFFFFFFFFFFFFFFFFFFFFFFFFFFFFFFFFFFFFFFFFFFFFFFFFFF87
:20792000FFFFFFFFFFFFFFFFFFFFFFFFFFFFFFFFFFFFFFFFFFFFFFFFFFFFFFFFFFFFFFFF67
:20794000FFFFFFFFFFFFFFFFFFFFFFFFFFFFFFFFFFFFFFFFFFFFFFFFFFFFFFFFFFFFFFFF47
:20796000FFFFFFFFFFFFFFFFFFFFFFFFFFFFFFFFFFFFFFFFFFFFFFFFFFFFFFFFFFFFFFFF27
:20798000FFFFFFFFFFFFFFFFFFFFFFFFFFFFFFFFFFFFFFFFFFFFFFFFFFFFFFFFFFFFFFFF07
:2079A000FFFFFFFFFFFFFFFFFFFFFFFFFFFFFFFFFFFFFFFFFFFFFFFFFFFFFFFFFFFFFFFFE7
:2079C000FFFFFFFFFFFFFFFFFFFFFFFFFFFFFFFFFFFFFFFFFFFFFFFFFFFFFFFFFFFFFFFFC7
:2079E000FFFFFFFFFFFFFFFFFFFFFFFFFFFFFFFFFFFFFFFFFFFFFFFFFFFFFFFFFFFFFFFFA7
:207A0000FFFFFFFFFFFFFFFFFFFFFFFFFFFFFFFFFFFFFFFFFFFFFFFFFFFFFFFFFFFFFFFF86
:207A2000FFFFFFFFFFFFFFFFFFFFFFFFFFFFFFFFFFFFFFFFFFFFFFFFFFFFFFFFFFFFFFFF66
:207A4000FFFFFFFFFFFFFFFFFFFFFFFFFFFFFFFFFFFFFFFFFFFFFFFFFFFFFFFFFFFFFFFF46
:207A6000FFFFFFFFFFFFFFFFFFFFFFFFFFFFFFFFFFFFFFFFFFFFFFFFFFFFFFFFFFFFFFFF26
:207A8000FFFFFFFFFFFFFFFFFFFFFFFFFFFFFFFFFFFFFFFFFFFFFFFFFFFFFFFFFFFFFFFF06
:207AA000FFFFFFFFFFFFFFFFFFFFFFFFFFFFFFFFFFFFFFFFFFFFFFFFFFFFFFFFFFFFFFFFE6
:207AC000FFFFFFFFFFFFFFFFFFFFFFFFFFFFFFFFFFFFFFFFFFFFFFFFFFFFFFFFFFFFFFFFC6
:207AE000FFFFFFFFFFFFFFFFFFFFFFFFFFFFFFFFFFFFFFFFFFFFFFFFFFFFFFFFFFFFFFFFA6
:207B0000FFFFFFFFFFFFFFFFFFFFFFFFFFFFFFFFFFFFFFFFFFFFFFFFFFFFFFFFFFFFFFFF85
:207B2000FFFFFFFFFFFFFFFFFFFFFFFFFFFFFFFFFFFFFFFFFFFFFFFFFFFFFFFFFFFFFFFF65
:207B4000FFFFFFFFFFFFFFFFFFFFFFFFFFFFFFFFFFFFFFFFFFFFFFFFFFFFFFFFFFFFFFFF45
:207B6000FFFFFFFFFFFFFFFFFFFFFFFFFFFFFFFFFFFFFFFFFFFFFFFFFFFFFFFFFFFFFFFF25
:207B8000FFFFFFFFFFFFFFFFFFFFFFFFFFFFFFFFFFFFFFFFFFFFFFFFFFFFFFFFFFFFFFFF05
:207BA000FFFFFFFFFFFFFFFFFFFFFFFFFFFFFFFFFFFFFFFFFFFFFFFFFFFFFFFFFFFFFFFFE5
:207BC000FFFFFFFFFFFFFFFFFFFFFFFFFFFFFFFFFFFFFFFFFFFFFFFFFFFFFFFFFFFFFFFFC5
:207BE000FFFFFFFFFFFFFFFFFFFFFFFFFFFFFFFFFFFFFFFFFFFFFFFFFFFFFFFFFFFFFFFFA5
:207C0000FFFFFFFFFFFFFFFFFFFFFFFFFFFFFFFFFFFFFFFFFFFFFFFFFFFFFFFFFFFFFFFF84
:207C2000FFFFFFFFFFFFFFFFFFFFFFFFFFFFFFFFFFFFFFFFFFFFFFFFFFFFFFFFFFFFFFFF64
:207C4000FFFFFFFFFFFFFFFFFFFFFFFFFFFFFFFFFFFFFFFFFFFFFFFFFFFFFFFFFFFFFFFF44
:207C6000FFFFFFFFFFFFFFFFFFFFFFFFFFFFFFFFFFFFFFFFFFFFFFFFFFFFFFFFFFFFFFFF24
:207C8000FFFFFFFFFFFFFFFFFFFFFFFFFFFFFFFFFFFFFFFFFFFFFFFFFFFFFFFFFFFFFFFF04
:207CA000FFFFFFFFFFFFFFFFFFFFFFFFFFFFFFFFFFFFFFFFFFFFFFFFFFFFFFFFFFFFFFFFE4
:207CC000FFFFFFFFFFFFFFFFFFFFFFFFFFFFFFFFFFFFFFFFFFFFFFFFFFFFFFFFFFFFFFFFC4
:207CE000FFFFFFFFFFFFFFFFFFFFFFFFFFFFFFFFFFFFFFFFFFFFFFFFFFFFFFFFFFFFFFFFA4
:207D0000FFFFFFFFFFFFFFFFFFFFFFFFFFFFFFFFFFFFFFFFFFFFFFFFFFFFFFFFFFFFFFFF83
:207D2000FFFFFFFFFFFFFFFFFFFFFFFFFFFFFFFFFFFFFFFFFFFFFFFFFFFFFFFFFFFFFFFF63
:207D4000FFFFFFFFFFFFFFFFFFFFFFFFFFFFFFFFFFFFFFFFFFFFFFFFFFFFFFFFFFFFFFFF43
:207D6000FFFFFFFFFFFFFFFFFFFFFFFFFFFFFFFFFFFFFFFFFFFFFFFFFFFFFFFFFFFFFFFF23
:207D8000FFFFFFFFFFFFFFFFFFFFFFFFFFFFFFFFFFFFFFFFFFFFFFFFFFFFFFFFFFFFFFFF03
:207DA000FFFFFFFFFFFFFFFFFFFFFFFFFFFFFFFFFFFFFFFFFFFFFFFFFFFFFFFFFFFFFFFFE3
:207DC000FFFFFFFFFFFFFFFFFFFFFFFFFFFFFFFFFFFFFFFFFFFFFFFFFFFFFFFFFFFFFFFFC3
:207DE000FFFFFFFFFFFFFFFFFFFFFFFFFFFFFFFFFFFFFFFFFFFFFFFFFFFFFFFFFFFFFFFFA3
:207E0000FFFFFFFFFFFFFFFFFFFFFFFFFFFFFFFFFFFFFFFFFFFFFFFFFFFFFFFFFFFFFFFF82
:207E2000FFFFFFFFFFFFFFFFFFFFFFFFFFFFFFFFFFFFFFFFFFFFFFFFFFFFFFFFFFFFFFFF62
:207E4000FFFFFFFFFFFFFFFFFFFFFFFFFFFFFFFFFFFFFFFFFFFFFFFFFFFFFFFFFFFFFFFF42
:207E6000FFFFFFFFFFFFFFFFFFFFFFFFFFFFFFFFFFFFFFFFFFFFFFFFFFFFFFFFFFFFFFFF22
:207E8000FFFFFFFFFFFFFFFFFFFFFFFFFFFFFFFFFFFFFFFFFFFFFFFFFFFFFFFFFFFFFFFF02
:207EA000FFFFFFFFFFFFFFFFFFFFFFFFFFFFFFFFFFFFFFFFFFFFFFFFFFFFFFFFFFFFFFFFE2
:207EC000FFFFFFFFFFFFFFFFFFFFFFFFFFFFFFFFFFFFFFFFFFFFFFFFFFFFFFFFFFFFFFFFC2
:207EE000FFFFFFFFFFFFFFFFFFFFFFFFFFFFFFFFFFFFFFFFFFFFFFFFFFFFFFFFFFFFFFFFA2
:207F0000FFFFFFFFFFFFFFFFFFFFFFFFFFFFFFFFFFFFFFFFFFFFFFFFFFFFFFFFFFFFFFFF81
:207F2000FFFFFFFFFFFFFFFFFFFFFFFFFFFFFFFFFFFFFFFFFFFFFFFFFFFFFFFFFFFFFFFF61
:207F4000FFFFFFFFFFFFFFFFFFFFFFFFFFFFFFFFFFFFFFFFFFFFFFFFFFFFFFFFFFFFFFFF41
:207F6000FFFFFFFFFFFFFFFFFFFFFFFFFFFFFFFFFFFFFFFFFFFFFFFFFFFFFFFFFFFFFFFF21
:207F8000FFFFFFFFFFFFFFFFFFFFFFFFFFFFFFFFFFFFFFFFFFFFFFFFFFFFFFFFFFFFFFFF01
:207FA000FFFFFFFFFFFFFFFFFFFFFFFFFFFFFFFFFFFFFFFFFFFFFFFFFFFFFFFFFFFFFFFFE1
:207FC000FFFFFFFFFFFFFFFFFFFFFFFFFFFFFFFFFFFFFFFFFFFFFFFFFFFFFFFFFFFFFFFFC1
:207FE000FFFFFFFFFFFFFFFFFFFFFFFFFFFFFFFFFFFFFFFFFFFFFFFFFFFFFFFFFFFFFFFFA1
:20800000FFFFFFFFFFFFFFFFFFFFFFFFFFFFFFFFFFFFFFFFFFFFFFFFFFFFFFFFFFFFFFFF80
:20802000FFFFFFFFFFFFFFFFFFFFFFFFFFFFFFFFFFFFFFFFFFFFFFFFFFFFFFFFFFFFFFFF60
:20804000FFFFFFFFFFFFFFFFFFFFFFFFFFFFFFFFFFFFFFFFFFFFFFFFFFFFFFFFFFFFFFFF40
:20806000FFFFFFFFFFFFFFFFFFFFFFFFFFFFFFFFFFFFFFFFFFFFFFFFFFFFFFFFFFFFFFFF20
:20808000FFFFFFFFFFFFFFFFFFFFFFFFFFFFFFFFFFFFFFFFFFFFFFFFFFFFFFFFFFFFFFFF00
:2080A000FFFFFFFFFFFFFFFFFFFFFFFFFFFFFFFFFFFFFFFFFFFFFFFFFFFFFFFFFFFFFFFFE0
:2080C000FFFFFFFFFFFFFFFFFFFFFFFFFFFFFFFFFFFFFFFFFFFFFFFFFFFFFFFFFFFFFFFFC0
:2080E000FFFFFFFFFFFFFFFFFFFFFFFFFFFFFFFFFFFFFFFFFFFFFFFFFFFFFFFFFFFFFFFFA0
:20810000FFFFFFFFFFFFFFFFFFFFFFFFFFFFFFFFFFFFFFFFFFFFFFFFFFFFFFFFFFFFFFFF7F
:20812000FFFFFFFFFFFFFFFFFFFFFFFFFFFFFFFFFFFFFFFFFFFFFFFFFFFFFFFFFFFFFFFF5F
:20814000FFFFFFFFFFFFFFFFFFFFFFFFFFFFFFFFFFFFFFFFFFFFFFFFFFFFFFFFFFFFFFFF3F
:20816000FFFFFFFFFFFFFFFFFFFFFFFFFFFFFFFFFFFFFFFFFFFFFFFFFFFFFFFFFFFFFFFF1F
:20818000FFFFFFFFFFFFFFFFFFFFFFFFFFFFFFFFFFFFFFFFFFFFFFFFFFFFFFFFFFFFFFFFFF
:2081A000FFFFFFFFFFFFFFFFFFFFFFFFFFFFFFFFFFFFFFFFFFFFFFFFFFFFFFFFFFFFFFFFDF
:2081C000FFFFFFFFFFFFFFFFFFFFFFFFFFFFFFFFFFFFFFFFFFFFFFFFFFFFFFFFFFFFFFFFBF
:2081E000FFFFFFFFFFFFFFFFFFFFFFFFFFFFFFFFFFFFFFFFFFFFFFFFFFFFFFFFFFFFFFFF9F
:20820000FFFFFFFFFFFFFFFFFFFFFFFFFFFFFFFFFFFFFFFFFFFFFFFFFFFFFFFFFFFFFFFF7E
:20822000FFFFFFFFFFFFFFFFFFFFFFFFFFFFFFFFFFFFFFFFFFFFFFFFFFFFFFFFFFFFFFFF5E
:20824000FFFFFFFFFFFFFFFFFFFFFFFFFFFFFFFFFFFFFFFFFFFFFFFFFFFFFFFFFFFFFFFF3E
:20826000FFFFFFFFFFFFFFFFFFFFFFFFFFFFFFFFFFFFFFFFFFFFFFFFFFFFFFFFFFFFFFFF1E
:20828000FFFFFFFFFFFFFFFFFFFFFFFFFFFFFFFFFFFFFFFFFFFFFFFFFFFFFFFFFFFFFFFFFE
:2082A000FFFFFFFFFFFFFFFFFFFFFFFFFFFFFFFFFFFFFFFFFFFFFFFFFFFFFFFFFFFFFFFFDE
:2082C000FFFFFFFFFFFFFFFFFFFFFFFFFFFFFFFFFFFFFFFFFFFFFFFFFFFFFFFFFFFFFFFFBE
:2082E000FFFFFFFFFFFFFFFFFFFFFFFFFFFFFFFFFFFFFFFFFFFFFFFFFFFFFFFFFFFFFFFF9E
:20830000FFFFFFFFFFFFFFFFFFFFFFFFFFFFFFFFFFFFFFFFFFFFFFFFFFFFFFFFFFFFFFFF7D
:20832000FFFFFFFFFFFFFFFFFFFFFFFFFFFFFFFFFFFFFFFFFFFFFFFFFFFFFFFFFFFFFFFF5D
:20834000FFFFFFFFFFFFFFFFFFFFFFFFFFFFFFFFFFFFFFFFFFFFFFFFFFFFFFFFFFFFFFFF3D
:20836000FFFFFFFFFFFFFFFFFFFFFFFFFFFFFFFFFFFFFFFFFFFFFFFFFFFFFFFFFFFFFFFF1D
:20838000FFFFFFFFFFFFFFFFFFFFFFFFFFFFFFFFFFFFFFFFFFFFFFFFFFFFFFFFFFFFFFFFFD
:2083A000FFFFFFFFFFFFFFFFFFFFFFFFFFFFFFFFFFFFFFFFFFFFFFFFFFFFFFFFFFFFFFFFDD
:2083C000FFFFFFFFFFFFFFFFFFFFFFFFFFFFFFFFFFFFFFFFFFFFFFFFFFFFFFFFFFFFFFFFBD
:2083E000FFFFFFFFFFFFFFFFFFFFFFFFFFFFFFFFFFFFFFFFFFFFFFFFFFFFFFFFFFFFFFFF9D
:20840000FFFFFFFFFFFFFFFFFFFFFFFFFFFFFFFFFFFFFFFFFFFFFFFFFFFFFFFFFFFFFFFF7C
:20842000FFFFFFFFFFFFFFFFFFFFFFFFFFFFFFFFFFFFFFFFFFFFFFFFFFFFFFFFFFFFFFFF5C
:20844000FFFFFFFFFFFFFFFFFFFFFFFFFFFFFFFFFFFFFFFFFFFFFFFFFFFFFFFFFFFFFFFF3C
:20846000FFFFFFFFFFFFFFFFFFFFFFFFFFFFFFFFFFFFFFFFFFFFFFFFFFFFFFFFFFFFFFFF1C
:20848000FFFFFFFFFFFFFFFFFFFFFFFFFFFFFFFFFFFFFFFFFFFFFFFFFFFFFFFFFFFFFFFFFC
:2084A000FFFFFFFFFFFFFFFFFFFFFFFFFFFFFFFFFFFFFFFFFFFFFFFFFFFFFFFFFFFFFFFFDC
:2084C000FFFFFFFFFFFFFFFFFFFFFFFFFFFFFFFFFFFFFFFFFFFFFFFFFFFFFFFFFFFFFFFFBC
:2084E000FFFFFFFFFFFFFFFFFFFFFFFFFFFFFFFFFFFFFFFFFFFFFFFFFFFFFFFFFFFFFFFF9C
:20850000FFFFFFFFFFFFFFFFFFFFFFFFFFFFFFFFFFFFFFFFFFFFFFFFFFFFFFFFFFFFFFFF7B
:20852000FFFFFFFFFFFFFFFFFFFFFFFFFFFFFFFFFFFFFFFFFFFFFFFFFFFFFFFFFFFFFFFF5B
:20854000FFFFFFFFFFFFFFFFFFFFFFFFFFFFFFFFFFFFFFFFFFFFFFFFFFFFFFFFFFFFFFFF3B
:20856000FFFFFFFFFFFFFFFFFFFFFFFFFFFFFFFFFFFFFFFFFFFFFFFFFFFFFFFFFFFFFFFF1B
:20858000FFFFFFFFFFFFFFFFFFFFFFFFFFFFFFFFFFFFFFFFFFFFFFFFFFFFFFFFFFFFFFFFFB
:2085A000FFFFFFFFFFFFFFFFFFFFFFFFFFFFFFFFFFFFFFFFFFFFFFFFFFFFFFFFFFFFFFFFDB
:2085C000FFFFFFFFFFFFFFFFFFFFFFFFFFFFFFFFFFFFFFFFFFFFFFFFFFFFFFFFFFFFFFFFBB
:2085E000FFFFFFFFFFFFFFFFFFFFFFFFFFFFFFFFFFFFFFFFFFFFFFFFFFFFFFFFFFFFFFFF9B
:20860000FFFFFFFFFFFFFFFFFFFFFFFFFFFFFFFFFFFFFFFFFFFFFFFFFFFFFFFFFFFFFFFF7A
:20862000FFFFFFFFFFFFFFFFFFFFFFFFFFFFFFFFFFFFFFFFFFFFFFFFFFFFFFFFFFFFFFFF5A
:20864000FFFFFFFFFFFFFFFFFFFFFFFFFFFFFFFFFFFFFFFFFFFFFFFFFFFFFFFFFFFFFFFF3A
:20866000FFFFFFFFFFFFFFFFFFFFFFFFFFFFFFFFFFFFFFFFFFFFFFFFFFFFFFFFFFFFFFFF1A
:20868000FFFFFFFFFFFFFFFFFFFFFFFFFFFFFFFFFFFFFFFFFFFFFFFFFFFFFFFFFFFFFFFFFA
:2086A000FFFFFFFFFFFFFFFFFFFFFFFFFFFFFFFFFFFFFFFFFFFFFFFFFFFFFFFFFFFFFFFFDA
:2086C000FFFFFFFFFFFFFFFFFFFFFFFFFFFFFFFFFFFFFFFFFFFFFFFFFFFFFFFFFFFFFFFFBA
:2086E000FFFFFFFFFFFFFFFFFFFFFFFFFFFFFFFFFFFFFFFFFFFFFFFFFFFFFFFFFFFFFFFF9A
:20870000FFFFFFFFFFFFFFFFFFFFFFFFFFFFFFFFFFFFFFFFFFFFFFFFFFFFFFFFFFFFFFFF79
:20872000FFFFFFFFFFFFFFFFFFFFFFFFFFFFFFFFFFFFFFFFFFFFFFFFFFFFFFFFFFFFFFFF59
:20874000FFFFFFFFFFFFFFFFFFFFFFFFFFFFFFFFFFFFFFFFFFFFFFFFFFFFFFFFFFFFFFFF39
:20876000FFFFFFFFFFFFFFFFFFFFFFFFFFFFFFFFFFFFFFFFFFFFFFFFFFFFFFFFFFFFFFFF19
:20878000FFFFFFFFFFFFFFFFFFFFFFFFFFFFFFFFFFFFFFFFFFFFFFFFFFFFFFFFFFFFFFFFF9
:2087A000FFFFFFFFFFFFFFFFFFFFFFFFFFFFFFFFFFFFFFFFFFFFFFFFFFFFFFFFFFFFFFFFD9
:2087C000FFFFFFFFFFFFFFFFFFFFFFFFFFFFFFFFFFFFFFFFFFFFFFFFFFFFFFFFFFFFFFFFB9
:2087E000FFFFFFFFFFFFFFFFFFFFFFFFFFFFFFFFFFFFFFFFFFFFFFFFFFFFFFFFFFFFFFFF99
:20880000FFFFFFFFFFFFFFFFFFFFFFFFFFFFFFFFFFFFFFFFFFFFFFFFFFFFFFFFFFFFFFFF78
:20882000FFFFFFFFFFFFFFFFFFFFFFFFFFFFFFFFFFFFFFFFFFFFFFFFFFFFFFFFFFFFFFFF58
:20884000FFFFFFFFFFFFFFFFFFFFFFFFFFFFFFFFFFFFFFFFFFFFFFFFFFFFFFFFFFFFFFFF38
:20886000FFFFFFFFFFFFFFFFFFFFFFFFFFFFFFFFFFFFFFFFFFFFFFFFFFFFFFFFFFFFFFFF18
:20888000FFFFFFFFFFFFFFFFFFFFFFFFFFFFFFFFFFFFFFFFFFFFFFFFFFFFFFFFFFFFFFFFF8
:2088A000FFFFFFFFFFFFFFFFFFFFFFFFFFFFFFFFFFFFFFFFFFFFFFFFFFFFFFFFFFFFFFFFD8
:2088C000FFFFFFFFFFFFFFFFFFFFFFFFFFFFFFFFFFFFFFFFFFFFFFFFFFFFFFFFFFFFFFFFB8
:2088E000FFFFFFFFFFFFFFFFFFFFFFFFFFFFFFFFFFFFFFFFFFFFFFFFFFFFFFFFFFFFFFFF98
:20890000FFFFFFFFFFFFFFFFFFFFFFFFFFFFFFFFFFFFFFFFFFFFFFFFFFFFFFFFFFFFFFFF77
:20892000FFFFFFFFFFFFFFFFFFFFFFFFFFFFFFFFFFFFFFFFFFFFFFFFFFFFFFFFFFFFFFFF57
:20894000FFFFFFFFFFFFFFFFFFFFFFFFFFFFFFFFFFFFFFFFFFFFFFFFFFFFFFFFFFFFFFFF37
:20896000FFFFFFFFFFFFFFFFFFFFFFFFFFFFFFFFFFFFFFFFFFFFFFFFFFFFFFFFFFFFFFFF17
:20898000FFFFFFFFFFFFFFFFFFFFFFFFFFFFFFFFFFFFFFFFFFFFFFFFFFFFFFFFFFFFFFFFF7
:2089A000FFFFFFFFFFFFFFFFFFFFFFFFFFFFFFFFFFFFFFFFFFFFFFFFFFFFFFFFFFFFFFFFD7
:2089C000FFFFFFFFFFFFFFFFFFFFFFFFFFFFFFFFFFFFFFFFFFFFFFFFFFFFFFFFFFFFFFFFB7
:2089E000FFFFFFFFFFFFFFFFFFFFFFFFFFFFFFFFFFFFFFFFFFFFFFFFFFFFFFFFFFFFFFFF97
:208A0000FFFFFFFFFFFFFFFFFFFFFFFFFFFFFFFFFFFFFFFFFFFFFFFFFFFFFFFFFFFFFFFF76
:208A2000FFFFFFFFFFFFFFFFFFFFFFFFFFFFFFFFFFFFFFFFFFFFFFFFFFFFFFFFFFFFFFFF56
:208A4000FFFFFFFFFFFFFFFFFFFFFFFFFFFFFFFFFFFFFFFFFFFFFFFFFFFFFFFFFFFFFFFF36
:208A6000FFFFFFFFFFFFFFFFFFFFFFFFFFFFFFFFFFFFFFFFFFFFFFFFFFFFFFFFFFFFFFFF16
:208A8000FFFFFFFFFFFFFFFFFFFFFFFFFFFFFFFFFFFFFFFFFFFFFFFFFFFFFFFFFFFFFFFFF6
:208AA000FFFFFFFFFFFFFFFFFFFFFFFFFFFFFFFFFFFFFFFFFFFFFFFFFFFFFFFFFFFFFFFFD6
:208AC000FFFFFFFFFFFFFFFFFFFFFFFFFFFFFFFFFFFFFFFFFFFFFFFFFFFFFFFFFFFFFFFFB6
:208AE000FFFFFFFFFFFFFFFFFFFFFFFFFFFFFFFFFFFFFFFFFFFFFFFFFFFFFFFFFFFFFFFF96
:208B0000FFFFFFFFFFFFFFFFFFFFFFFFFFFFFFFFFFFFFFFFFFFFFFFFFFFFFFFFFFFFFFFF75
:208B2000FFFFFFFFFFFFFFFFFFFFFFFFFFFFFFFFFFFFFFFFFFFFFFFFFFFFFFFFFFFFFFFF55
:208B4000FFFFFFFFFFFFFFFFFFFFFFFFFFFFFFFFFFFFFFFFFFFFFFFFFFFFFFFFFFFFFFFF35
:208B6000FFFFFFFFFFFFFFFFFFFFFFFFFFFFFFFFFFFFFFFFFFFFFFFFFFFFFFFFFFFFFFFF15
:208B8000FFFFFFFFFFFFFFFFFFFFFFFFFFFFFFFFFFFFFFFFFFFFFFFFFFFFFFFFFFFFFFFFF5
:208BA000FFFFFFFFFFFFFFFFFFFFFFFFFFFFFFFFFFFFFFFFFFFFFFFFFFFFFFFFFFFFFFFFD5
:208BC000FFFFFFFFFFFFFFFFFFFFFFFFFFFFFFFFFFFFFFFFFFFFFFFFFFFFFFFFFFFFFFFFB5
:208BE000FFFFFFFFFFFFFFFFFFFFFFFFFFFFFFFFFFFFFFFFFFFFFFFFFFFFFFFFFFFFFFFF95
:208C0000FFFFFFFFFFFFFFFFFFFFFFFFFFFFFFFFFFFFFFFFFFFFFFFFFFFFFFFFFFFFFFFF74
:208C2000FFFFFFFFFFFFFFFFFFFFFFFFFFFFFFFFFFFFFFFFFFFFFFFFFFFFFFFFFFFFFFFF54
:208C4000FFFFFFFFFFFFFFFFFFFFFFFFFFFFFFFFFFFFFFFFFFFFFFFFFFFFFFFFFFFFFFFF34
:208C6000FFFFFFFFFFFFFFFFFFFFFFFFFFFFFFFFFFFFFFFFFFFFFFFFFFFFFFFFFFFFFFFF14
:208C8000FFFFFFFFFFFFFFFFFFFFFFFFFFFFFFFFFFFFFFFFFFFFFFFFFFFFFFFFFFFFFFFFF4
:208CA000FFFFFFFFFFFFFFFFFFFFFFFFFFFFFFFFFFFFFFFFFFFFFFFFFFFFFFFFFFFFFFFFD4
:208CC000FFFFFFFFFFFFFFFFFFFFFFFFFFFFFFFFFFFFFFFFFFFFFFFFFFFFFFFFFFFFFFFFB4
:208CE000FFFFFFFFFFFFFFFFFFFFFFFFFFFFFFFFFFFFFFFFFFFFFFFFFFFFFFFFFFFFFFFF94
:208D0000FFFFFFFFFFFFFFFFFFFFFFFFFFFFFFFFFFFFFFFFFFFFFFFFFFFFFFFFFFFFFFFF73
:208D2000FFFFFFFFFFFFFFFFFFFFFFFFFFFFFFFFFFFFFFFFFFFFFFFFFFFFFFFFFFFFFFFF53
:208D4000FFFFFFFFFFFFFFFFFFFFFFFFFFFFFFFFFFFFFFFFFFFFFFFFFFFFFFFFFFFFFFFF33
:208D6000FFFFFFFFFFFFFFFFFFFFFFFFFFFFFFFFFFFFFFFFFFFFFFFFFFFFFFFFFFFFFFFF13
:208D8000FFFFFFFFFFFFFFFFFFFFFFFFFFFFFFFFFFFFFFFFFFFFFFFFFFFFFFFFFFFFFFFFF3
:208DA000FFFFFFFFFFFFFFFFFFFFFFFFFFFFFFFFFFFFFFFFFFFFFFFFFFFFFFFFFFFFFFFFD3
:208DC000FFFFFFFFFFFFFFFFFFFFFFFFFFFFFFFFFFFFFFFFFFFFFFFFFFFFFFFFFFFFFFFFB3
:208DE000FFFFFFFFFFFFFFFFFFFFFFFFFFFFFFFFFFFFFFFFFFFFFFFFFFFFFFFFFFFFFFFF93
:208E0000FFFFFFFFFFFFFFFFFFFFFFFFFFFFFFFFFFFFFFFFFFFFFFFFFFFFFFFFFFFFFFFF72
:208E2000FFFFFFFFFFFFFFFFFFFFFFFFFFFFFFFFFFFFFFFFFFFFFFFFFFFFFFFFFFFFFFFF52
:208E4000FFFFFFFFFFFFFFFFFFFFFFFFFFFFFFFFFFFFFFFFFFFFFFFFFFFFFFFFFFFFFFFF32
:208E6000FFFFFFFFFFFFFFFFFFFFFFFFFFFFFFFFFFFFFFFFFFFFFFFFFFFFFFFFFFFFFFFF12
:208E8000FFFFFFFFFFFFFFFFFFFFFFFFFFFFFFFFFFFFFFFFFFFFFFFFFFFFFFFFFFFFFFFFF2
:208EA000FFFFFFFFFFFFFFFFFFFFFFFFFFFFFFFFFFFFFFFFFFFFFFFFFFFFFFFFFFFFFFFFD2
:208EC000FFFFFFFFFFFFFFFFFFFFFFFFFFFFFFFFFFFFFFFFFFFFFFFFFFFFFFFFFFFFFFFFB2
:208EE000FFFFFFFFFFFFFFFFFFFFFFFFFFFFFFFFFFFFFFFFFFFFFFFFFFFFFFFFFFFFFFFF92
:208F0000FFFFFFFFFFFFFFFFFFFFFFFFFFFFFFFFFFFFFFFFFFFFFFFFFFFFFFFFFFFFFFFF71
:208F2000FFFFFFFFFFFFFFFFFFFFFFFFFFFFFFFFFFFFFFFFFFFFFFFFFFFFFFFFFFFFFFFF51
:208F4000FFFFFFFFFFFFFFFFFFFFFFFFFFFFFFFFFFFFFFFFFFFFFFFFFFFFFFFFFFFFFFFF31
:208F6000FFFFFFFFFFFFFFFFFFFFFFFFFFFFFFFFFFFFFFFFFFFFFFFFFFFFFFFFFFFFFFFF11
:208F8000FFFFFFFFFFFFFFFFFFFFFFFFFFFFFFFFFFFFFFFFFFFFFFFFFFFFFFFFFFFFFFFFF1
:208FA000FFFFFFFFFFFFFFFFFFFFFFFFFFFFFFFFFFFFFFFFFFFFFFFFFFFFFFFFFFFFFFFFD1
:208FC000FFFFFFFFFFFFFFFFFFFFFFFFFFFFFFFFFFFFFFFFFFFFFFFFFFFFFFFFFFFFFFFFB1
:208FE000FFFFFFFFFFFFFFFFFFFFFFFFFFFFFFFFFFFFFFFFFFFFFFFFFFFFFFFFFFFFFFFF91
:20900000FFFFFFFFFFFFFFFFFFFFFFFFFFFFFFFFFFFFFFFFFFFFFFFFFFFFFFFFFFFFFFFF70
:20902000FFFFFFFFFFFFFFFFFFFFFFFFFFFFFFFFFFFFFFFFFFFFFFFFFFFFFFFFFFFFFFFF50
:20904000FFFFFFFFFFFFFFFFFFFFFFFFFFFFFFFFFFFFFFFFFFFFFFFFFFFFFFFFFFFFFFFF30
:20906000FFFFFFFFFFFFFFFFFFFFFFFFFFFFFFFFFFFFFFFFFFFFFFFFFFFFFFFFFFFFFFFF10
:20908000FFFFFFFFFFFFFFFFFFFFFFFFFFFFFFFFFFFFFFFFFFFFFFFFFFFFFFFFFFFFFFFFF0
:2090A000FFFFFFFFFFFFFFFFFFFFFFFFFFFFFFFFFFFFFFFFFFFFFFFFFFFFFFFFFFFFFFFFD0
:2090C000FFFFFFFFFFFFFFFFFFFFFFFFFFFFFFFFFFFFFFFFFFFFFFFFFFFFFFFFFFFFFFFFB0
:2090E000FFFFFFFFFFFFFFFFFFFFFFFFFFFFFFFFFFFFFFFFFFFFFFFFFFFFFFFFFFFFFFFF90
:20910000FFFFFFFFFFFFFFFFFFFFFFFFFFFFFFFFFFFFFFFFFFFFFFFFFFFFFFFFFFFFFFFF6F
:20912000FFFFFFFFFFFFFFFFFFFFFFFFFFFFFFFFFFFFFFFFFFFFFFFFFFFFFFFFFFFFFFFF4F
:20914000FFFFFFFFFFFFFFFFFFFFFFFFFFFFFFFFFFFFFFFFFFFFFFFFFFFFFFFFFFFFFFFF2F
:20916000FFFFFFFFFFFFFFFFFFFFFFFFFFFFFFFFFFFFFFFFFFFFFFFFFFFFFFFFFFFFFFFF0F
:20918000FFFFFFFFFFFFFFFFFFFFFFFFFFFFFFFFFFFFFFFFFFFFFFFFFFFFFFFFFFFFFFFFEF
:2091A000FFFFFFFFFFFFFFFFFFFFFFFFFFFFFFFFFFFFFFFFFFFFFFFFFFFFFFFFFFFFFFFFCF
:2091C000FFFFFFFFFFFFFFFFFFFFFFFFFFFFFFFFFFFFFFFFFFFFFFFFFFFFFFFFFFFFFFFFAF
:2091E000FFFFFFFFFFFFFFFFFFFFFFFFFFFFFFFFFFFFFFFFFFFFFFFFFFFFFFFFFFFFFFFF8F
:20920000FFFFFFFFFFFFFFFFFFFFFFFFFFFFFFFFFFFFFFFFFFFFFFFFFFFFFFFFFFFFFFFF6E
:20922000FFFFFFFFFFFFFFFFFFFFFFFFFFFFFFFFFFFFFFFFFFFFFFFFFFFFFFFFFFFFFFFF4E
:20924000FFFFFFFFFFFFFFFFFFFFFFFFFFFFFFFFFFFFFFFFFFFFFFFFFFFFFFFFFFFFFFFF2E
:20926000FFFFFFFFFFFFFFFFFFFFFFFFFFFFFFFFFFFFFFFFFFFFFFFFFFFFFFFFFFFFFFFF0E
:20928000FFFFFFFFFFFFFFFFFFFFFFFFFFFFFFFFFFFFFFFFFFFFFFFFFFFFFFFFFFFFFFFFEE
:2092A000FFFFFFFFFFFFFFFFFFFFFFFFFFFFFFFFFFFFFFFFFFFFFFFFFFFFFFFFFFFFFFFFCE
:2092C000FFFFFFFFFFFFFFFFFFFFFFFFFFFFFFFFFFFFFFFFFFFFFFFFFFFFFFFFFFFFFFFFAE
:2092E000FFFFFFFFFFFFFFFFFFFFFFFFFFFFFFFFFFFFFFFFFFFFFFFFFFFFFFFFFFFFFFFF8E
:20930000FFFFFFFFFFFFFFFFFFFFFFFFFFFFFFFFFFFFFFFFFFFFFFFFFFFFFFFFFFFFFFFF6D
:20932000FFFFFFFFFFFFFFFFFFFFFFFFFFFFFFFFFFFFFFFFFFFFFFFFFFFFFFFFFFFFFFFF4D
:20934000FFFFFFFFFFFFFFFFFFFFFFFFFFFFFFFFFFFFFFFFFFFFFFFFFFFFFFFFFFFFFFFF2D
:20936000FFFFFFFFFFFFFFFFFFFFFFFFFFFFFFFFFFFFFFFFFFFFFFFFFFFFFFFFFFFFFFFF0D
:20938000FFFFFFFFFFFFFFFFFFFFFFFFFFFFFFFFFFFFFFFFFFFFFFFFFFFFFFFFFFFFFFFFED
:2093A000FFFFFFFFFFFFFFFFFFFFFFFFFFFFFFFFFFFFFFFFFFFFFFFFFFFFFFFFFFFFFFFFCD
:2093C000FFFFFFFFFFFFFFFFFFFFFFFFFFFFFFFFFFFFFFFFFFFFFFFFFFFFFFFFFFFFFFFFAD
:2093E000FFFFFFFFFFFFFFFFFFFFFFFFFFFFFFFFFFFFFFFFFFFFFFFFFFFFFFFFFFFFFFFF8D
:20940000FFFFFFFFFFFFFFFFFFFFFFFFFFFFFFFFFFFFFFFFFFFFFFFFFFFFFFFFFFFFFFFF6C
:20942000FFFFFFFFFFFFFFFFFFFFFFFFFFFFFFFFFFFFFFFFFFFFFFFFFFFFFFFFFFFFFFFF4C
:20944000FFFFFFFFFFFFFFFFFFFFFFFFFFFFFFFFFFFFFFFFFFFFFFFFFFFFFFFFFFFFFFFF2C
:20946000FFFFFFFFFFFFFFFFFFFFFFFFFFFFFFFFFFFFFFFFFFFFFFFFFFFFFFFFFFFFFFFF0C
:20948000FFFFFFFFFFFFFFFFFFFFFFFFFFFFFFFFFFFFFFFFFFFFFFFFFFFFFFFFFFFFFFFFEC
:2094A000FFFFFFFFFFFFFFFFFFFFFFFFFFFFFFFFFFFFFFFFFFFFFFFFFFFFFFFFFFFFFFFFCC
:2094C000FFFFFFFFFFFFFFFFFFFFFFFFFFFFFFFFFFFFFFFFFFFFFFFFFFFFFFFFFFFFFFFFAC
:2094E000FFFFFFFFFFFFFFFFFFFFFFFFFFFFFFFFFFFFFFFFFFFFFFFFFFFFFFFFFFFFFFFF8C
:20950000FFFFFFFFFFFFFFFFFFFFFFFFFFFFFFFFFFFFFFFFFFFFFFFFFFFFFFFFFFFFFFFF6B
:20952000FFFFFFFFFFFFFFFFFFFFFFFFFFFFFFFFFFFFFFFFFFFFFFFFFFFFFFFFFFFFFFFF4B
:20954000FFFFFFFFFFFFFFFFFFFFFFFFFFFFFFFFFFFFFFFFFFFFFFFFFFFFFFFFFFFFFFFF2B
:20956000FFFFFFFFFFFFFFFFFFFFFFFFFFFFFFFFFFFFFFFFFFFFFFFFFFFFFFFFFFFFFFFF0B
:20958000FFFFFFFFFFFFFFFFFFFFFFFFFFFFFFFFFFFFFFFFFFFFFFFFFFFFFFFFFFFFFFFFEB
:2095A000FFFFFFFFFFFFFFFFFFFFFFFFFFFFFFFFFFFFFFFFFFFFFFFFFFFFFFFFFFFFFFFFCB
:2095C000FFFFFFFFFFFFFFFFFFFFFFFFFFFFFFFFFFFFFFFFFFFFFFFFFFFFFFFFFFFFFFFFAB
:2095E000FFFFFFFFFFFFFFFFFFFFFFFFFFFFFFFFFFFFFFFFFFFFFFFFFFFFFFFFFFFFFFFF8B
:20960000FFFFFFFFFFFFFFFFFFFFFFFFFFFFFFFFFFFFFFFFFFFFFFFFFFFFFFFFFFFFFFFF6A
:20962000FFFFFFFFFFFFFFFFFFFFFFFFFFFFFFFFFFFFFFFFFFFFFFFFFFFFFFFFFFFFFFFF4A
:20964000FFFFFFFFFFFFFFFFFFFFFFFFFFFFFFFFFFFFFFFFFFFFFFFFFFFFFFFFFFFFFFFF2A
:20966000FFFFFFFFFFFFFFFFFFFFFFFFFFFFFFFFFFFFFFFFFFFFFFFFFFFFFFFFFFFFFFFF0A
:20968000FFFFFFFFFFFFFFFFFFFFFFFFFFFFFFFFFFFFFFFFFFFFFFFFFFFFFFFFFFFFFFFFEA
:2096A000FFFFFFFFFFFFFFFFFFFFFFFFFFFFFFFFFFFFFFFFFFFFFFFFFFFFFFFFFFFFFFFFCA
:2096C000FFFFFFFFFFFFFFFFFFFFFFFFFFFFFFFFFFFFFFFFFFFFFFFFFFFFFFFFFFFFFFFFAA
:2096E000FFFFFFFFFFFFFFFFFFFFFFFFFFFFFFFFFFFFFFFFFFFFFFFFFFFFFFFFFFFFFFFF8A
:20970000FFFFFFFFFFFFFFFFFFFFFFFFFFFFFFFFFFFFFFFFFFFFFFFFFFFFFFFFFFFFFFFF69
:20972000FFFFFFFFFFFFFFFFFFFFFFFFFFFFFFFFFFFFFFFFFFFFFFFFFFFFFFFFFFFFFFFF49
:20974000FFFFFFFFFFFFFFFFFFFFFFFFFFFFFFFFFFFFFFFFFFFFFFFFFFFFFFFFFFFFFFFF29
:20976000FFFFFFFFFFFFFFFFFFFFFFFFFFFFFFFFFFFFFFFFFFFFFFFFFFFFFFFFFFFFFFFF09
:20978000FFFFFFFFFFFFFFFFFFFFFFFFFFFFFFFFFFFFFFFFFFFFFFFFFFFFFFFFFFFFFFFFE9
:2097A000FFFFFFFFFFFFFFFFFFFFFFFFFFFFFFFFFFFFFFFFFFFFFFFFFFFFFFFFFFFFFFFFC9
:2097C000FFFFFFFFFFFFFFFFFFFFFFFFFFFFFFFFFFFFFFFFFFFFFFFFFFFFFFFFFFFFFFFFA9
:2097E000FFFFFFFFFFFFFFFFFFFFFFFFFFFFFFFFFFFFFFFFFFFFFFFFFFFFFFFFFFFFFFFF89
:20980000FFFFFFFFFFFFFFFFFFFFFFFFFFFFFFFFFFFFFFFFFFFFFFFFFFFFFFFFFFFFFFFF68
:20982000FFFFFFFFFFFFFFFFFFFFFFFFFFFFFFFFFFFFFFFFFFFFFFFFFFFFFFFFFFFFFFFF48
:20984000FFFFFFFFFFFFFFFFFFFFFFFFFFFFFFFFFFFFFFFFFFFFFFFFFFFFFFFFFFFFFFFF28
:20986000FFFFFFFFFFFFFFFFFFFFFFFFFFFFFFFFFFFFFFFFFFFFFFFFFFFFFFFFFFFFFFFF08
:20988000FFFFFFFFFFFFFFFFFFFFFFFFFFFFFFFFFFFFFFFFFFFFFFFFFFFFFFFFFFFFFFFFE8
:2098A000FFFFFFFFFFFFFFFFFFFFFFFFFFFFFFFFFFFFFFFFFFFFFFFFFFFFFFFFFFFFFFFFC8
:2098C000FFFFFFFFFFFFFFFFFFFFFFFFFFFFFFFFFFFFFFFFFFFFFFFFFFFFFFFFFFFFFFFFA8
:2098E000FFFFFFFFFFFFFFFFFFFFFFFFFFFFFFFFFFFFFFFFFFFFFFFFFFFFFFFFFFFFFFFF88
:20990000FFFFFFFFFFFFFFFFFFFFFFFFFFFFFFFFFFFFFFFFFFFFFFFFFFFFFFFFFFFFFFFF67
:20992000FFFFFFFFFFFFFFFFFFFFFFFFFFFFFFFFFFFFFFFFFFFFFFFFFFFFFFFFFFFFFFFF47
:20994000FFFFFFFFFFFFFFFFFFFFFFFFFFFFFFFFFFFFFFFFFFFFFFFFFFFFFFFFFFFFFFFF27
:20996000FFFFFFFFFFFFFFFFFFFFFFFFFFFFFFFFFFFFFFFFFFFFFFFFFFFFFFFFFFFFFFFF07
:20998000FFFFFFFFFFFFFFFFFFFFFFFFFFFFFFFFFFFFFFFFFFFFFFFFFFFFFFFFFFFFFFFFE7
:2099A000FFFFFFFFFFFFFFFFFFFFFFFFFFFFFFFFFFFFFFFFFFFFFFFFFFFFFFFFFFFFFFFFC7
:2099C000FFFFFFFFFFFFFFFFFFFFFFFFFFFFFFFFFFFFFFFFFFFFFFFFFFFFFFFFFFFFFFFFA7
:2099E000FFFFFFFFFFFFFFFFFFFFFFFFFFFFFFFFFFFFFFFFFFFFFFFFFFFFFFFFFFFFFFFF87
:209A0000FFFFFFFFFFFFFFFFFFFFFFFFFFFFFFFFFFFFFFFFFFFFFFFFFFFFFFFFFFFFFFFF66
:209A2000FFFFFFFFFFFFFFFFFFFFFFFFFFFFFFFFFFFFFFFFFFFFFFFFFFFFFFFFFFFFFFFF46
:209A4000FFFFFFFFFFFFFFFFFFFFFFFFFFFFFFFFFFFFFFFFFFFFFFFFFFFFFFFFFFFFFFFF26
:209A6000FFFFFFFFFFFFFFFFFFFFFFFFFFFFFFFFFFFFFFFFFFFFFFFFFFFFFFFFFFFFFFFF06
:209A8000FFFFFFFFFFFFFFFFFFFFFFFFFFFFFFFFFFFFFFFFFFFFFFFFFFFFFFFFFFFFFFFFE6
:209AA000FFFFFFFFFFFFFFFFFFFFFFFFFFFFFFFFFFFFFFFFFFFFFFFFFFFFFFFFFFFFFFFFC6
:209AC000FFFFFFFFFFFFFFFFFFFFFFFFFFFFFFFFFFFFFFFFFFFFFFFFFFFFFFFFFFFFFFFFA6
:209AE000FFFFFFFFFFFFFFFFFFFFFFFFFFFFFFFFFFFFFFFFFFFFFFFFFFFFFFFFFFFFFFFF86
:209B0000FFFFFFFFFFFFFFFFFFFFFFFFFFFFFFFFFFFFFFFFFFFFFFFFFFFFFFFFFFFFFFFF65
:209B2000FFFFFFFFFFFFFFFFFFFFFFFFFFFFFFFFFFFFFFFFFFFFFFFFFFFFFFFFFFFFFFFF45
:209B4000FFFFFFFFFFFFFFFFFFFFFFFFFFFFFFFFFFFFFFFFFFFFFFFFFFFFFFFFFFFFFFFF25
:209B6000FFFFFFFFFFFFFFFFFFFFFFFFFFFFFFFFFFFFFFFFFFFFFFFFFFFFFFFFFFFFFFFF05
:209B8000FFFFFFFFFFFFFFFFFFFFFFFFFFFFFFFFFFFFFFFFFFFFFFFFFFFFFFFFFFFFFFFFE5
:209BA000FFFFFFFFFFFFFFFFFFFFFFFFFFFFFFFFFFFFFFFFFFFFFFFFFFFFFFFFFFFFFFFFC5
:209BC000FFFFFFFFFFFFFFFFFFFFFFFFFFFFFFFFFFFFFFFFFFFFFFFFFFFFFFFFFFFFFFFFA5
:209BE000FFFFFFFFFFFFFFFFFFFFFFFFFFFFFFFFFFFFFFFFFFFFFFFFFFFFFFFFFFFFFFFF85
:209C0000FFFFFFFFFFFFFFFFFFFFFFFFFFFFFFFFFFFFFFFFFFFFFFFFFFFFFFFFFFFFFFFF64
:209C2000FFFFFFFFFFFFFFFFFFFFFFFFFFFFFFFFFFFFFFFFFFFFFFFFFFFFFFFFFFFFFFFF44
:209C4000FFFFFFFFFFFFFFFFFFFFFFFFFFFFFFFFFFFFFFFFFFFFFFFFFFFFFFFFFFFFFFFF24
:209C6000FFFFFFFFFFFFFFFFFFFFFFFFFFFFFFFFFFFFFFFFFFFFFFFFFFFFFFFFFFFFFFFF04
:209C8000FFFFFFFFFFFFFFFFFFFFFFFFFFFFFFFFFFFFFFFFFFFFFFFFFFFFFFFFFFFFFFFFE4
:209CA000FFFFFFFFFFFFFFFFFFFFFFFFFFFFFFFFFFFFFFFFFFFFFFFFFFFFFFFFFFFFFFFFC4
:209CC000FFFFFFFFFFFFFFFFFFFFFFFFFFFFFFFFFFFFFFFFFFFFFFFFFFFFFFFFFFFFFFFFA4
:209CE000FFFFFFFFFFFFFFFFFFFFFFFFFFFFFFFFFFFFFFFFFFFFFFFFFFFFFFFFFFFFFFFF84
:209D0000FFFFFFFFFFFFFFFFFFFFFFFFFFFFFFFFFFFFFFFFFFFFFFFFFFFFFFFFFFFFFFFF63
:209D2000FFFFFFFFFFFFFFFFFFFFFFFFFFFFFFFFFFFFFFFFFFFFFFFFFFFFFFFFFFFFFFFF43
:209D4000FFFFFFFFFFFFFFFFFFFFFFFFFFFFFFFFFFFFFFFFFFFFFFFFFFFFFFFFFFFFFFFF23
:209D6000FFFFFFFFFFFFFFFFFFFFFFFFFFFFFFFFFFFFFFFFFFFFFFFFFFFFFFFFFFFFFFFF03
:209D8000FFFFFFFFFFFFFFFFFFFFFFFFFFFFFFFFFFFFFFFFFFFFFFFFFFFFFFFFFFFFFFFFE3
:209DA000FFFFFFFFFFFFFFFFFFFFFFFFFFFFFFFFFFFFFFFFFFFFFFFFFFFFFFFFFFFFFFFFC3
:209DC000FFFFFFFFFFFFFFFFFFFFFFFFFFFFFFFFFFFFFFFFFFFFFFFFFFFFFFFFFFFFFFFFA3
:209DE000FFFFFFFFFFFFFFFFFFFFFFFFFFFFFFFFFFFFFFFFFFFFFFFFFFFFFFFFFFFFFFFF83
:209E0000FFFFFFFFFFFFFFFFFFFFFFFFFFFFFFFFFFFFFFFFFFFFFFFFFFFFFFFFFFFFFFFF62
:209E2000FFFFFFFFFFFFFFFFFFFFFFFFFFFFFFFFFFFFFFFFFFFFFFFFFFFFFFFFFFFFFFFF42
:209E4000FFFFFFFFFFFFFFFFFFFFFFFFFFFFFFFFFFFFFFFFFFFFFFFFFFFFFFFFFFFFFFFF22
:209E6000FFFFFFFFFFFFFFFFFFFFFFFFFFFFFFFFFFFFFFFFFFFFFFFFFFFFFFFFFFFFFFFF02
:209E8000FFFFFFFFFFFFFFFFFFFFFFFFFFFFFFFFFFFFFFFFFFFFFFFFFFFFFFFFFFFFFFFFE2
:209EA000FFFFFFFFFFFFFFFFFFFFFFFFFFFFFFFFFFFFFFFFFFFFFFFFFFFFFFFFFFFFFFFFC2
:209EC000FFFFFFFFFFFFFFFFFFFFFFFFFFFFFFFFFFFFFFFFFFFFFFFFFFFFFFFFFFFFFFFFA2
:209EE000FFFFFFFFFFFFFFFFFFFFFFFFFFFFFFFFFFFFFFFFFFFFFFFFFFFFFFFFFFFFFFFF82
:209F0000FFFFFFFFFFFFFFFFFFFFFFFFFFFFFFFFFFFFFFFFFFFFFFFFFFFFFFFFFFFFFFFF61
:209F2000FFFFFFFFFFFFFFFFFFFFFFFFFFFFFFFFFFFFFFFFFFFFFFFFFFFFFFFFFFFFFFFF41
:209F4000FFFFFFFFFFFFFFFFFFFFFFFFFFFFFFFFFFFFFFFFFFFFFFFFFFFFFFFFFFFFFFFF21
:209F6000FFFFFFFFFFFFFFFFFFFFFFFFFFFFFFFFFFFFFFFFFFFFFFFFFFFFFFFFFFFFFFFF01
:209F8000FFFFFFFFFFFFFFFFFFFFFFFFFFFFFFFFFFFFFFFFFFFFFFFFFFFFFFFFFFFFFFFFE1
:209FA000FFFFFFFFFFFFFFFFFFFFFFFFFFFFFFFFFFFFFFFFFFFFFFFFFFFFFFFFFFFFFFFFC1
:209FC000FFFFFFFFFFFFFFFFFFFFFFFFFFFFFFFFFFFFFFFFFFFFFFFFFFFFFFFFFFFFFFFFA1
:209FE000FFFFFFFFFFFFFFFFFFFFFFFFFFFFFFFFFFFFFFFFFFFFFFFFFFFFFFFFFFFFFFFF81
:20A00000FFFFFFFFFFFFFFFFFFFFFFFFFFFFFFFFFFFFFFFFFFFFFFFFFFFFFFFFFFFFFFFF60
:20A02000FFFFFFFFFFFFFFFFFFFFFFFFFFFFFFFFFFFFFFFFFFFFFFFFFFFFFFFFFFFFFFFF40
:20A04000FFFFFFFFFFFFFFFFFFFFFFFFFFFFFFFFFFFFFFFFFFFFFFFFFFFFFFFFFFFFFFFF20
:20A06000FFFFFFFFFFFFFFFFFFFFFFFFFFFFFFFFFFFFFFFFFFFFFFFFFFFFFFFFFFFFFFFF00
:20A08000FFFFFFFFFFFFFFFFFFFFFFFFFFFFFFFFFFFFFFFFFFFFFFFFFFFFFFFFFFFFFFFFE0
:20A0A000FFFFFFFFFFFFFFFFFFFFFFFFFFFFFFFFFFFFFFFFFFFFFFFFFFFFFFFFFFFFFFFFC0
:20A0C000FFFFFFFFFFFFFFFFFFFFFFFFFFFFFFFFFFFFFFFFFFFFFFFFFFFFFFFFFFFFFFFFA0
:20A0E000FFFFFFFFFFFFFFFFFFFFFFFFFFFFFFFFFFFFFFFFFFFFFFFFFFFFFFFFFFFFFFFF80
:20A10000FFFFFFFFFFFFFFFFFFFFFFFFFFFFFFFFFFFFFFFFFFFFFFFFFFFFFFFFFFFFFFFF5F
:20A12000FFFFFFFFFFFFFFFFFFFFFFFFFFFFFFFFFFFFFFFFFFFFFFFFFFFFFFFFFFFFFFFF3F
:20A14000FFFFFFFFFFFFFFFFFFFFFFFFFFFFFFFFFFFFFFFFFFFFFFFFFFFFFFFFFFFFFFFF1F
:20A16000FFFFFFFFFFFFFFFFFFFFFFFFFFFFFFFFFFFFFFFFFFFFFFFFFFFFFFFFFFFFFFFFFF
:20A18000FFFFFFFFFFFFFFFFFFFFFFFFFFFFFFFFFFFFFFFFFFFFFFFFFFFFFFFFFFFFFFFFDF
:20A1A000FFFFFFFFFFFFFFFFFFFFFFFFFFFFFFFFFFFFFFFFFFFFFFFFFFFFFFFFFFFFFFFFBF
:20A1C000FFFFFFFFFFFFFFFFFFFFFFFFFFFFFFFFFFFFFFFFFFFFFFFFFFFFFFFFFFFFFFFF9F
:20A1E000FFFFFFFFFFFFFFFFFFFFFFFFFFFFFFFFFFFFFFFFFFFFFFFFFFFFFFFFFFFFFFFF7F
:20A20000FFFFFFFFFFFFFFFFFFFFFFFFFFFFFFFFFFFFFFFFFFFFFFFFFFFFFFFFFFFFFFFF5E
:20A22000FFFFFFFFFFFFFFFFFFFFFFFFFFFFFFFFFFFFFFFFFFFFFFFFFFFFFFFFFFFFFFFF3E
:20A24000FFFFFFFFFFFFFFFFFFFFFFFFFFFFFFFFFFFFFFFFFFFFFFFFFFFFFFFFFFFFFFFF1E
:20A26000FFFFFFFFFFFFFFFFFFFFFFFFFFFFFFFFFFFFFFFFFFFFFFFFFFFFFFFFFFFFFFFFFE
:20A28000FFFFFFFFFFFFFFFFFFFFFFFFFFFFFFFFFFFFFFFFFFFFFFFFFFFFFFFFFFFFFFFFDE
:20A2A000FFFFFFFFFFFFFFFFFFFFFFFFFFFFFFFFFFFFFFFFFFFFFFFFFFFFFFFFFFFFFFFFBE
:20A2C000FFFFFFFFFFFFFFFFFFFFFFFFFFFFFFFFFFFFFFFFFFFFFFFFFFFFFFFFFFFFFFFF9E
:20A2E000FFFFFFFFFFFFFFFFFFFFFFFFFFFFFFFFFFFFFFFFFFFFFFFFFFFFFFFFFFFFFFFF7E
:20A30000FFFFFFFFFFFFFFFFFFFFFFFFFFFFFFFFFFFFFFFFFFFFFFFFFFFFFFFFFFFFFFFF5D
:20A32000FFFFFFFFFFFFFFFFFFFFFFFFFFFFFFFFFFFFFFFFFFFFFFFFFFFFFFFFFFFFFFFF3D
:20A34000FFFFFFFFFFFFFFFFFFFFFFFFFFFFFFFFFFFFFFFFFFFFFFFFFFFFFFFFFFFFFFFF1D
:20A36000FFFFFFFFFFFFFFFFFFFFFFFFFFFFFFFFFFFFFFFFFFFFFFFFFFFFFFFFFFFFFFFFFD
:20A38000FFFFFFFFFFFFFFFFFFFFFFFFFFFFFFFFFFFFFFFFFFFFFFFFFFFFFFFFFFFFFFFFDD
:20A3A000FFFFFFFFFFFFFFFFFFFFFFFFFFFFFFFFFFFFFFFFFFFFFFFFFFFFFFFFFFFFFFFFBD
:20A3C000FFFFFFFFFFFFFFFFFFFFFFFFFFFFFFFFFFFFFFFFFFFFFFFFFFFFFFFFFFFFFFFF9D
:20A3E000FFFFFFFFFFFFFFFFFFFFFFFFFFFFFFFFFFFFFFFFFFFFFFFFFFFFFFFFFFFFFFFF7D
:20A40000FFFFFFFFFFFFFFFFFFFFFFFFFFFFFFFFFFFFFFFFFFFFFFFFFFFFFFFFFFFFFFFF5C
:20A42000FFFFFFFFFFFFFFFFFFFFFFFFFFFFFFFFFFFFFFFFFFFFFFFFFFFFFFFFFFFFFFFF3C
:20A44000FFFFFFFFFFFFFFFFFFFFFFFFFFFFFFFFFFFFFFFFFFFFFFFFFFFFFFFFFFFFFFFF1C
:20A46000FFFFFFFFFFFFFFFFFFFFFFFFFFFFFFFFFFFFFFFFFFFFFFFFFFFFFFFFFFFFFFFFFC
:20A48000FFFFFFFFFFFFFFFFFFFFFFFFFFFFFFFFFFFFFFFFFFFFFFFFFFFFFFFFFFFFFFFFDC
:20A4A000FFFFFFFFFFFFFFFFFFFFFFFFFFFFFFFFFFFFFFFFFFFFFFFFFFFFFFFFFFFFFFFFBC
:20A4C000FFFFFFFFFFFFFFFFFFFFFFFFFFFFFFFFFFFFFFFFFFFFFFFFFFFFFFFFFFFFFFFF9C
:20A4E000FFFFFFFFFFFFFFFFFFFFFFFFFFFFFFFFFFFFFFFFFFFFFFFFFFFFFFFFFFFFFFFF7C
:20A50000FFFFFFFFFFFFFFFFFFFFFFFFFFFFFFFFFFFFFFFFFFFFFFFFFFFFFFFFFFFFFFFF5B
:20A52000FFFFFFFFFFFFFFFFFFFFFFFFFFFFFFFFFFFFFFFFFFFFFFFFFFFFFFFFFFFFFFFF3B
:20A54000FFFFFFFFFFFFFFFFFFFFFFFFFFFFFFFFFFFFFFFFFFFFFFFFFFFFFFFFFFFFFFFF1B
:20A56000FFFFFFFFFFFFFFFFFFFFFFFFFFFFFFFFFFFFFFFFFFFFFFFFFFFFFFFFFFFFFFFFFB
:20A58000FFFFFFFFFFFFFFFFFFFFFFFFFFFFFFFFFFFFFFFFFFFFFFFFFFFFFFFFFFFFFFFFDB
:20A5A000FFFFFFFFFFFFFFFFFFFFFFFFFFFFFFFFFFFFFFFFFFFFFFFFFFFFFFFFFFFFFFFFBB
:20A5C000FFFFFFFFFFFFFFFFFFFFFFFFFFFFFFFFFFFFFFFFFFFFFFFFFFFFFFFFFFFFFFFF9B
:20A5E000FFFFFFFFFFFFFFFFFFFFFFFFFFFFFFFFFFFFFFFFFFFFFFFFFFFFFFFFFFFFFFFF7B
:20A60000FFFFFFFFFFFFFFFFFFFFFFFFFFFFFFFFFFFFFFFFFFFFFFFFFFFFFFFFFFFFFFFF5A
:20A62000FFFFFFFFFFFFFFFFFFFFFFFFFFFFFFFFFFFFFFFFFFFFFFFFFFFFFFFFFFFFFFFF3A
:20A64000FFFFFFFFFFFFFFFFFFFFFFFFFFFFFFFFFFFFFFFFFFFFFFFFFFFFFFFFFFFFFFFF1A
:20A66000FFFFFFFFFFFFFFFFFFFFFFFFFFFFFFFFFFFFFFFFFFFFFFFFFFFFFFFFFFFFFFFFFA
:20A68000FFFFFFFFFFFFFFFFFFFFFFFFFFFFFFFFFFFFFFFFFFFFFFFFFFFFFFFFFFFFFFFFDA
:20A6A000FFFFFFFFFFFFFFFFFFFFFFFFFFFFFFFFFFFFFFFFFFFFFFFFFFFFFFFFFFFFFFFFBA
:20A6C000FFFFFFFFFFFFFFFFFFFFFFFFFFFFFFFFFFFFFFFFFFFFFFFFFFFFFFFFFFFFFFFF9A
:20A6E000FFFFFFFFFFFFFFFFFFFFFFFFFFFFFFFFFFFFFFFFFFFFFFFFFFFFFFFFFFFFFFFF7A
:20A70000FFFFFFFFFFFFFFFFFFFFFFFFFFFFFFFFFFFFFFFFFFFFFFFFFFFFFFFFFFFFFFFF59
:20A72000FFFFFFFFFFFFFFFFFFFFFFFFFFFFFFFFFFFFFFFFFFFFFFFFFFFFFFFFFFFFFFFF39
:20A74000FFFFFFFFFFFFFFFFFFFFFFFFFFFFFFFFFFFFFFFFFFFFFFFFFFFFFFFFFFFFFFFF19
:20A76000FFFFFFFFFFFFFFFFFFFFFFFFFFFFFFFFFFFFFFFFFFFFFFFFFFFFFFFFFFFFFFFFF9
:20A78000FFFFFFFFFFFFFFFFFFFFFFFFFFFFFFFFFFFFFFFFFFFFFFFFFFFFFFFFFFFFFFFFD9
:20A7A000FFFFFFFFFFFFFFFFFFFFFFFFFFFFFFFFFFFFFFFFFFFFFFFFFFFFFFFFFFFFFFFFB9
:20A7C000FFFFFFFFFFFFFFFFFFFFFFFFFFFFFFFFFFFFFFFFFFFFFFFFFFFFFFFFFFFFFFFF99
:20A7E000FFFFFFFFFFFFFFFFFFFFFFFFFFFFFFFFFFFFFFFFFFFFFFFFFFFFFFFFFFFFFFFF79
:20A80000FFFFFFFFFFFFFFFFFFFFFFFFFFFFFFFFFFFFFFFFFFFFFFFFFFFFFFFFFFFFFFFF58
:20A82000FFFFFFFFFFFFFFFFFFFFFFFFFFFFFFFFFFFFFFFFFFFFFFFFFFFFFFFFFFFFFFFF38
:20A84000FFFFFFFFFFFFFFFFFFFFFFFFFFFFFFFFFFFFFFFFFFFFFFFFFFFFFFFFFFFFFFFF18
:20A86000FFFFFFFFFFFFFFFFFFFFFFFFFFFFFFFFFFFFFFFFFFFFFFFFFFFFFFFFFFFFFFFFF8
:20A88000FFFFFFFFFFFFFFFFFFFFFFFFFFFFFFFFFFFFFFFFFFFFFFFFFFFFFFFFFFFFFFFFD8
:20A8A000FFFFFFFFFFFFFFFFFFFFFFFFFFFFFFFFFFFFFFFFFFFFFFFFFFFFFFFFFFFFFFFFB8
:20A8C000FFFFFFFFFFFFFFFFFFFFFFFFFFFFFFFFFFFFFFFFFFFFFFFFFFFFFFFFFFFFFFFF98
:20A8E000FFFFFFFFFFFFFFFFFFFFFFFFFFFFFFFFFFFFFFFFFFFFFFFFFFFFFFFFFFFFFFFF78
:20A90000FFFFFFFFFFFFFFFFFFFFFFFFFFFFFFFFFFFFFFFFFFFFFFFFFFFFFFFFFFFFFFFF57
:20A92000FFFFFFFFFFFFFFFFFFFFFFFFFFFFFFFFFFFFFFFFFFFFFFFFFFFFFFFFFFFFFFFF37
:20A94000FFFFFFFFFFFFFFFFFFFFFFFFFFFFFFFFFFFFFFFFFFFFFFFFFFFFFFFFFFFFFFFF17
:20A96000FFFFFFFFFFFFFFFFFFFFFFFFFFFFFFFFFFFFFFFFFFFFFFFFFFFFFFFFFFFFFFFFF7
:20A98000FFFFFFFFFFFFFFFFFFFFFFFFFFFFFFFFFFFFFFFFFFFFFFFFFFFFFFFFFFFFFFFFD7
:20A9A000FFFFFFFFFFFFFFFFFFFFFFFFFFFFFFFFFFFFFFFFFFFFFFFFFFFFFFFFFFFFFFFFB7
:20A9C000FFFFFFFFFFFFFFFFFFFFFFFFFFFFFFFFFFFFFFFFFFFFFFFFFFFFFFFFFFFFFFFF97
:20A9E000FFFFFFFFFFFFFFFFFFFFFFFFFFFFFFFFFFFFFFFFFFFFFFFFFFFFFFFFFFFFFFFF77
:20AA0000FFFFFFFFFFFFFFFFFFFFFFFFFFFFFFFFFFFFFFFFFFFFFFFFFFFFFFFFFFFFFFFF56
:20AA2000FFFFFFFFFFFFFFFFFFFFFFFFFFFFFFFFFFFFFFFFFFFFFFFFFFFFFFFFFFFFFFFF36
:20AA4000FFFFFFFFFFFFFFFFFFFFFFFFFFFFFFFFFFFFFFFFFFFFFFFFFFFFFFFFFFFFFFFF16
:20AA6000FFFFFFFFFFFFFFFFFFFFFFFFFFFFFFFFFFFFFFFFFFFFFFFFFFFFFFFFFFFFFFFFF6
:20AA8000FFFFFFFFFFFFFFFFFFFFFFFFFFFFFFFFFFFFFFFFFFFFFFFFFFFFFFFFFFFFFFFFD6
:20AAA000FFFFFFFFFFFFFFFFFFFFFFFFFFFFFFFFFFFFFFFFFFFFFFFFFFFFFFFFFFFFFFFFB6
:20AAC000FFFFFFFFFFFFFFFFFFFFFFFFFFFFFFFFFFFFFFFFFFFFFFFFFFFFFFFFFFFFFFFF96
:20AAE000FFFFFFFFFFFFFFFFFFFFFFFFFFFFFFFFFFFFFFFFFFFFFFFFFFFFFFFFFFFFFFFF76
:20AB0000FFFFFFFFFFFFFFFFFFFFFFFFFFFFFFFFFFFFFFFFFFFFFFFFFFFFFFFFFFFFFFFF55
:20AB2000FFFFFFFFFFFFFFFFFFFFFFFFFFFFFFFFFFFFFFFFFFFFFFFFFFFFFFFFFFFFFFFF35
:20AB4000FFFFFFFFFFFFFFFFFFFFFFFFFFFFFFFFFFFFFFFFFFFFFFFFFFFFFFFFFFFFFFFF15
:20AB6000FFFFFFFFFFFFFFFFFFFFFFFFFFFFFFFFFFFFFFFFFFFFFFFFFFFFFFFFFFFFFFFFF5
:20AB8000FFFFFFFFFFFFFFFFFFFFFFFFFFFFFFFFFFFFFFFFFFFFFFFFFFFFFFFFFFFFFFFFD5
:20ABA000FFFFFFFFFFFFFFFFFFFFFFFFFFFFFFFFFFFFFFFFFFFFFFFFFFFFFFFFFFFFFFFFB5
:20ABC000FFFFFFFFFFFFFFFFFFFFFFFFFFFFFFFFFFFFFFFFFFFFFFFFFFFFFFFFFFFFFFFF95
:20ABE000FFFFFFFFFFFFFFFFFFFFFFFFFFFFFFFFFFFFFFFFFFFFFFFFFFFFFFFFFFFFFFFF75
:20AC0000FFFFFFFFFFFFFFFFFFFFFFFFFFFFFFFFFFFFFFFFFFFFFFFFFFFFFFFFFFFFFFFF54
:20AC2000FFFFFFFFFFFFFFFFFFFFFFFFFFFFFFFFFFFFFFFFFFFFFFFFFFFFFFFFFFFFFFFF34
:20AC4000FFFFFFFFFFFFFFFFFFFFFFFFFFFFFFFFFFFFFFFFFFFFFFFFFFFFFFFFFFFFFFFF14
:20AC6000FFFFFFFFFFFFFFFFFFFFFFFFFFFFFFFFFFFFFFFFFFFFFFFFFFFFFFFFFFFFFFFFF4
:20AC8000FFFFFFFFFFFFFFFFFFFFFFFFFFFFFFFFFFFFFFFFFFFFFFFFFFFFFFFFFFFFFFFFD4
:20ACA000FFFFFFFFFFFFFFFFFFFFFFFFFFFFFFFFFFFFFFFFFFFFFFFFFFFFFFFFFFFFFFFFB4
:20ACC000FFFFFFFFFFFFFFFFFFFFFFFFFFFFFFFFFFFFFFFFFFFFFFFFFFFFFFFFFFFFFFFF94
:20ACE000FFFFFFFFFFFFFFFFFFFFFFFFFFFFFFFFFFFFFFFFFFFFFFFFFFFFFFFFFFFFFFFF74
:20AD0000FFFFFFFFFFFFFFFFFFFFFFFFFFFFFFFFFFFFFFFFFFFFFFFFFFFFFFFFFFFFFFFF53
:20AD2000FFFFFFFFFFFFFFFFFFFFFFFFFFFFFFFFFFFFFFFFFFFFFFFFFFFFFFFFFFFFFFFF33
:20AD4000FFFFFFFFFFFFFFFFFFFFFFFFFFFFFFFFFFFFFFFFFFFFFFFFFFFFFFFFFFFFFFFF13
:20AD6000FFFFFFFFFFFFFFFFFFFFFFFFFFFFFFFFFFFFFFFFFFFFFFFFFFFFFFFFFFFFFFFFF3
:20AD8000FFFFFFFFFFFFFFFFFFFFFFFFFFFFFFFFFFFFFFFFFFFFFFFFFFFFFFFFFFFFFFFFD3
:20ADA000FFFFFFFFFFFFFFFFFFFFFFFFFFFFFFFFFFFFFFFFFFFFFFFFFFFFFFFFFFFFFFFFB3
:20ADC000FFFFFFFFFFFFFFFFFFFFFFFFFFFFFFFFFFFFFFFFFFFFFFFFFFFFFFFFFFFFFFFF93
:20ADE000FFFFFFFFFFFFFFFFFFFFFFFFFFFFFFFFFFFFFFFFFFFFFFFFFFFFFFFFFFFFFFFF73
:20AE0000FFFFFFFFFFFFFFFFFFFFFFFFFFFFFFFFFFFFFFFFFFFFFFFFFFFFFFFFFFFFFFFF52
:20AE2000FFFFFFFFFFFFFFFFFFFFFFFFFFFFFFFFFFFFFFFFFFFFFFFFFFFFFFFFFFFFFFFF32
:20AE4000FFFFFFFFFFFFFFFFFFFFFFFFFFFFFFFFFFFFFFFFFFFFFFFFFFFFFFFFFFFFFFFF12
:20AE6000FFFFFFFFFFFFFFFFFFFFFFFFFFFFFFFFFFFFFFFFFFFFFFFFFFFFFFFFFFFFFFFFF2
:20AE8000FFFFFFFFFFFFFFFFFFFFFFFFFFFFFFFFFFFFFFFFFFFFFFFFFFFFFFFFFFFFFFFFD2
:20AEA000FFFFFFFFFFFFFFFFFFFFFFFFFFFFFFFFFFFFFFFFFFFFFFFFFFFFFFFFFFFFFFFFB2
:20AEC000FFFFFFFFFFFFFFFFFFFFFFFFFFFFFFFFFFFFFFFFFFFFFFFFFFFFFFFFFFFFFFFF92
:20AEE000FFFFFFFFFFFFFFFFFFFFFFFFFFFFFFFFFFFFFFFFFFFFFFFFFFFFFFFFFFFFFFFF72
:20AF0000FFFFFFFFFFFFFFFFFFFFFFFFFFFFFFFFFFFFFFFFFFFFFFFFFFFFFFFFFFFFFFFF51
:20AF2000FFFFFFFFFFFFFFFFFFFFFFFFFFFFFFFFFFFFFFFFFFFFFFFFFFFFFFFFFFFFFFFF31
:20AF4000FFFFFFFFFFFFFFFFFFFFFFFFFFFFFFFFFFFFFFFFFFFFFFFFFFFFFFFFFFFFFFFF11
:20AF6000FFFFFFFFFFFFFFFFFFFFFFFFFFFFFFFFFFFFFFFFFFFFFFFFFFFFFFFFFFFFFFFFF1
:20AF8000FFFFFFFFFFFFFFFFFFFFFFFFFFFFFFFFFFFFFFFFFFFFFFFFFFFFFFFFFFFFFFFFD1
:20AFA000FFFFFFFFFFFFFFFFFFFFFFFFFFFFFFFFFFFFFFFFFFFFFFFFFFFFFFFFFFFFFFFFB1
:20AFC000FFFFFFFFFFFFFFFFFFFFFFFFFFFFFFFFFFFFFFFFFFFFFFFFFFFFFFFFFFFFFFFF91
:20AFE000FFFFFFFFFFFFFFFFFFFFFFFFFFFFFFFFFFFFFFFFFFFFFFFFFFFFFFFFFFFFFFFF71
:20B00000FFFFFFFFFFFFFFFFFFFFFFFFFFFFFFFFFFFFFFFFFFFFFFFFFFFFFFFFFFFFFFFF50
:20B02000FFFFFFFFFFFFFFFFFFFFFFFFFFFFFFFFFFFFFFFFFFFFFFFFFFFFFFFFFFFFFFFF30
:20B04000FFFFFFFFFFFFFFFFFFFFFFFFFFFFFFFFFFFFFFFFFFFFFFFFFFFFFFFFFFFFFFFF10
:20B06000FFFFFFFFFFFFFFFFFFFFFFFFFFFFFFFFFFFFFFFFFFFFFFFFFFFFFFFFFFFFFFFFF0
:20B08000FFFFFFFFFFFFFFFFFFFFFFFFFFFFFFFFFFFFFFFFFFFFFFFFFFFFFFFFFFFFFFFFD0
:20B0A000FFFFFFFFFFFFFFFFFFFFFFFFFFFFFFFFFFFFFFFFFFFFFFFFFFFFFFFFFFFFFFFFB0
:20B0C000FFFFFFFFFFFFFFFFFFFFFFFFFFFFFFFFFFFFFFFFFFFFFFFFFFFFFFFFFFFFFFFF90
:20B0E000FFFFFFFFFFFFFFFFFFFFFFFFFFFFFFFFFFFFFFFFFFFFFFFFFFFFFFFFFFFFFFFF70
:20B10000FFFFFFFFFFFFFFFFFFFFFFFFFFFFFFFFFFFFFFFFFFFFFFFFFFFFFFFFFFFFFFFF4F
:20B12000FFFFFFFFFFFFFFFFFFFFFFFFFFFFFFFFFFFFFFFFFFFFFFFFFFFFFFFFFFFFFFFF2F
:20B14000FFFFFFFFFFFFFFFFFFFFFFFFFFFFFFFFFFFFFFFFFFFFFFFFFFFFFFFFFFFFFFFF0F
:20B16000FFFFFFFFFFFFFFFFFFFFFFFFFFFFFFFFFFFFFFFFFFFFFFFFFFFFFFFFFFFFFFFFEF
:20B18000FFFFFFFFFFFFFFFFFFFFFFFFFFFFFFFFFFFFFFFFFFFFFFFFFFFFFFFFFFFFFFFFCF
:20B1A000FFFFFFFFFFFFFFFFFFFFFFFFFFFFFFFFFFFFFFFFFFFFFFFFFFFFFFFFFFFFFFFFAF
:20B1C000FFFFFFFFFFFFFFFFFFFFFFFFFFFFFFFFFFFFFFFFFFFFFFFFFFFFFFFFFFFFFFFF8F
:20B1E000FFFFFFFFFFFFFFFFFFFFFFFFFFFFFFFFFFFFFFFFFFFFFFFFFFFFFFFFFFFFFFFF6F
:20B20000FFFFFFFFFFFFFFFFFFFFFFFFFFFFFFFFFFFFFFFFFFFFFFFFFFFFFFFFFFFFFFFF4E
:20B22000FFFFFFFFFFFFFFFFFFFFFFFFFFFFFFFFFFFFFFFFFFFFFFFFFFFFFFFFFFFFFFFF2E
:20B24000FFFFFFFFFFFFFFFFFFFFFFFFFFFFFFFFFFFFFFFFFFFFFFFFFFFFFFFFFFFFFFFF0E
:20B26000FFFFFFFFFFFFFFFFFFFFFFFFFFFFFFFFFFFFFFFFFFFFFFFFFFFFFFFFFFFFFFFFEE
:20B28000FFFFFFFFFFFFFFFFFFFFFFFFFFFFFFFFFFFFFFFFFFFFFFFFFFFFFFFFFFFFFFFFCE
:20B2A000FFFFFFFFFFFFFFFFFFFFFFFFFFFFFFFFFFFFFFFFFFFFFFFFFFFFFFFFFFFFFFFFAE
:20B2C000FFFFFFFFFFFFFFFFFFFFFFFFFFFFFFFFFFFFFFFFFFFFFFFFFFFFFFFFFFFFFFFF8E
:20B2E000FFFFFFFFFFFFFFFFFFFFFFFFFFFFFFFFFFFFFFFFFFFFFFFFFFFFFFFFFFFFFFFF6E
:20B30000FFFFFFFFFFFFFFFFFFFFFFFFFFFFFFFFFFFFFFFFFFFFFFFFFFFFFFFFFFFFFFFF4D
:20B32000FFFFFFFFFFFFFFFFFFFFFFFFFFFFFFFFFFFFFFFFFFFFFFFFFFFFFFFFFFFFFFFF2D
:20B34000FFFFFFFFFFFFFFFFFFFFFFFFFFFFFFFFFFFFFFFFFFFFFFFFFFFFFFFFFFFFFFFF0D
:20B36000FFFFFFFFFFFFFFFFFFFFFFFFFFFFFFFFFFFFFFFFFFFFFFFFFFFFFFFFFFFFFFFFED
:20B38000FFFFFFFFFFFFFFFFFFFFFFFFFFFFFFFFFFFFFFFFFFFFFFFFFFFFFFFFFFFFFFFFCD
:20B3A000FFFFFFFFFFFFFFFFFFFFFFFFFFFFFFFFFFFFFFFFFFFFFFFFFFFFFFFFFFFFFFFFAD
:20B3C000FFFFFFFFFFFFFFFFFFFFFFFFFFFFFFFFFFFFFFFFFFFFFFFFFFFFFFFFFFFFFFFF8D
:20B3E000FFFFFFFFFFFFFFFFFFFFFFFFFFFFFFFFFFFFFFFFFFFFFFFFFFFFFFFFFFFFFFFF6D
:20B40000FFFFFFFFFFFFFFFFFFFFFFFFFFFFFFFFFFFFFFFFFFFFFFFFFFFFFFFFFFFFFFFF4C
:20B42000FFFFFFFFFFFFFFFFFFFFFFFFFFFFFFFFFFFFFFFFFFFFFFFFFFFFFFFFFFFFFFFF2C
:20B44000FFFFFFFFFFFFFFFFFFFFFFFFFFFFFFFFFFFFFFFFFFFFFFFFFFFFFFFFFFFFFFFF0C
:20B46000FFFFFFFFFFFFFFFFFFFFFFFFFFFFFFFFFFFFFFFFFFFFFFFFFFFFFFFFFFFFFFFFEC
:20B48000FFFFFFFFFFFFFFFFFFFFFFFFFFFFFFFFFFFFFFFFFFFFFFFFFFFFFFFFFFFFFFFFCC
:20B4A000FFFFFFFFFFFFFFFFFFFFFFFFFFFFFFFFFFFFFFFFFFFFFFFFFFFFFFFFFFFFFFFFAC
:20B4C000FFFFFFFFFFFFFFFFFFFFFFFFFFFFFFFFFFFFFFFFFFFFFFFFFFFFFFFFFFFFFFFF8C
:20B4E000FFFFFFFFFFFFFFFFFFFFFFFFFFFFFFFFFFFFFFFFFFFFFFFFFFFFFFFFFFFFFFFF6C
:20B50000FFFFFFFFFFFFFFFFFFFFFFFFFFFFFFFFFFFFFFFFFFFFFFFFFFFFFFFFFFFFFFFF4B
:20B52000FFFFFFFFFFFFFFFFFFFFFFFFFFFFFFFFFFFFFFFFFFFFFFFFFFFFFFFFFFFFFFFF2B
:20B54000FFFFFFFFFFFFFFFFFFFFFFFFFFFFFFFFFFFFFFFFFFFFFFFFFFFFFFFFFFFFFFFF0B
:20B56000FFFFFFFFFFFFFFFFFFFFFFFFFFFFFFFFFFFFFFFFFFFFFFFFFFFFFFFFFFFFFFFFEB
:20B58000FFFFFFFFFFFFFFFFFFFFFFFFFFFFFFFFFFFFFFFFFFFFFFFFFFFFFFFFFFFFFFFFCB
:20B5A000FFFFFFFFFFFFFFFFFFFFFFFFFFFFFFFFFFFFFFFFFFFFFFFFFFFFFFFFFFFFFFFFAB
:20B5C000FFFFFFFFFFFFFFFFFFFFFFFFFFFFFFFFFFFFFFFFFFFFFFFFFFFFFFFFFFFFFFFF8B
:20B5E000FFFFFFFFFFFFFFFFFFFFFFFFFFFFFFFFFFFFFFFFFFFFFFFFFFFFFFFFFFFFFFFF6B
:20B60000FFFFFFFFFFFFFFFFFFFFFFFFFFFFFFFFFFFFFFFFFFFFFFFFFFFFFFFFFFFFFFFF4A
:20B62000FFFFFFFFFFFFFFFFFFFFFFFFFFFFFFFFFFFFFFFFFFFFFFFFFFFFFFFFFFFFFFFF2A
:20B64000FFFFFFFFFFFFFFFFFFFFFFFFFFFFFFFFFFFFFFFFFFFFFFFFFFFFFFFFFFFFFFFF0A
:20B66000FFFFFFFFFFFFFFFFFFFFFFFFFFFFFFFFFFFFFFFFFFFFFFFFFFFFFFFFFFFFFFFFEA
:20B68000FFFFFFFFFFFFFFFFFFFFFFFFFFFFFFFFFFFFFFFFFFFFFFFFFFFFFFFFFFFFFFFFCA
:20B6A000FFFFFFFFFFFFFFFFFFFFFFFFFFFFFFFFFFFFFFFFFFFFFFFFFFFFFFFFFFFFFFFFAA
:20B6C000FFFFFFFFFFFFFFFFFFFFFFFFFFFFFFFFFFFFFFFFFFFFFFFFFFFFFFFFFFFFFFFF8A
:20B6E000FFFFFFFFFFFFFFFFFFFFFFFFFFFFFFFFFFFFFFFFFFFFFFFFFFFFFFFFFFFFFFFF6A
:20B70000FFFFFFFFFFFFFFFFFFFFFFFFFFFFFFFFFFFFFFFFFFFFFFFFFFFFFFFFFFFFFFFF49
:20B72000FFFFFFFFFFFFFFFFFFFFFFFFFFFFFFFFFFFFFFFFFFFFFFFFFFFFFFFFFFFFFFFF29
:20B74000FFFFFFFFFFFFFFFFFFFFFFFFFFFFFFFFFFFFFFFFFFFFFFFFFFFFFFFFFFFFFFFF09
:20B76000FFFFFFFFFFFFFFFFFFFFFFFFFFFFFFFFFFFFFFFFFFFFFFFFFFFFFFFFFFFFFFFFE9
:20B78000FFFFFFFFFFFFFFFFFFFFFFFFFFFFFFFFFFFFFFFFFFFFFFFFFFFFFFFFFFFFFFFFC9
:20B7A000FFFFFFFFFFFFFFFFFFFFFFFFFFFFFFFFFFFFFFFFFFFFFFFFFFFFFFFFFFFFFFFFA9
:20B7C000FFFFFFFFFFFFFFFFFFFFFFFFFFFFFFFFFFFFFFFFFFFFFFFFFFFFFFFFFFFFFFFF89
:20B7E000FFFFFFFFFFFFFFFFFFFFFFFFFFFFFFFFFFFFFFFFFFFFFFFFFFFFFFFFFFFFFFFF69
:20B80000FFFFFFFFFFFFFFFFFFFFFFFFFFFFFFFFFFFFFFFFFFFFFFFFFFFFFFFFFFFFFFFF48
:20B82000FFFFFFFFFFFFFFFFFFFFFFFFFFFFFFFFFFFFFFFFFFFFFFFFFFFFFFFFFFFFFFFF28
:20B84000FFFFFFFFFFFFFFFFFFFFFFFFFFFFFFFFFFFFFFFFFFFFFFFFFFFFFFFFFFFFFFFF08
:20B86000FFFFFFFFFFFFFFFFFFFFFFFFFFFFFFFFFFFFFFFFFFFFFFFFFFFFFFFFFFFFFFFFE8
:20B88000FFFFFFFFFFFFFFFFFFFFFFFFFFFFFFFFFFFFFFFFFFFFFFFFFFFFFFFFFFFFFFFFC8
:20B8A000FFFFFFFFFFFFFFFFFFFFFFFFFFFFFFFFFFFFFFFFFFFFFFFFFFFFFFFFFFFFFFFFA8
:20B8C000FFFFFFFFFFFFFFFFFFFFFFFFFFFFFFFFFFFFFFFFFFFFFFFFFFFFFFFFFFFFFFFF88
:20B8E000FFFFFFFFFFFFFFFFFFFFFFFFFFFFFFFFFFFFFFFFFFFFFFFFFFFFFFFFFFFFFFFF68
:20B90000FFFFFFFFFFFFFFFFFFFFFFFFFFFFFFFFFFFFFFFFFFFFFFFFFFFFFFFFFFFFFFFF47
:20B92000FFFFFFFFFFFFFFFFFFFFFFFFFFFFFFFFFFFFFFFFFFFFFFFFFFFFFFFFFFFFFFFF27
:20B94000FFFFFFFFFFFFFFFFFFFFFFFFFFFFFFFFFFFFFFFFFFFFFFFFFFFFFFFFFFFFFFFF07
:20B96000FFFFFFFFFFFFFFFFFFFFFFFFFFFFFFFFFFFFFFFFFFFFFFFFFFFFFFFFFFFFFFFFE7
:20B98000FFFFFFFFFFFFFFFFFFFFFFFFFFFFFFFFFFFFFFFFFFFFFFFFFFFFFFFFFFFFFFFFC7
:20B9A000FFFFFFFFFFFFFFFFFFFFFFFFFFFFFFFFFFFFFFFFFFFFFFFFFFFFFFFFFFFFFFFFA7
:20B9C000FFFFFFFFFFFFFFFFFFFFFFFFFFFFFFFFFFFFFFFFFFFFFFFFFFFFFFFFFFFFFFFF87
:20B9E000FFFFFFFFFFFFFFFFFFFFFFFFFFFFFFFFFFFFFFFFFFFFFFFFFFFFFFFFFFFFFFFF67
:20BA0000FFFFFFFFFFFFFFFFFFFFFFFFFFFFFFFFFFFFFFFFFFFFFFFFFFFFFFFFFFFFFFFF46
:20BA2000FFFFFFFFFFFFFFFFFFFFFFFFFFFFFFFFFFFFFFFFFFFFFFFFFFFFFFFFFFFFFFFF26
:20BA4000FFFFFFFFFFFFFFFFFFFFFFFFFFFFFFFFFFFFFFFFFFFFFFFFFFFFFFFFFFFFFFFF06
:20BA6000FFFFFFFFFFFFFFFFFFFFFFFFFFFFFFFFFFFFFFFFFFFFFFFFFFFFFFFFFFFFFFFFE6
:20BA8000FFFFFFFFFFFFFFFFFFFFFFFFFFFFFFFFFFFFFFFFFFFFFFFFFFFFFFFFFFFFFFFFC6
:20BAA000FFFFFFFFFFFFFFFFFFFFFFFFFFFFFFFFFFFFFFFFFFFFFFFFFFFFFFFFFFFFFFFFA6
:20BAC000FFFFFFFFFFFFFFFFFFFFFFFFFFFFFFFFFFFFFFFFFFFFFFFFFFFFFFFFFFFFFFFF86
:20BAE000FFFFFFFFFFFFFFFFFFFFFFFFFFFFFFFFFFFFFFFFFFFFFFFFFFFFFFFFFFFFFFFF66
:20BB0000FFFFFFFFFFFFFFFFFFFFFFFFFFFFFFFFFFFFFFFFFFFFFFFFFFFFFFFFFFFFFFFF45
:20BB2000FFFFFFFFFFFFFFFFFFFFFFFFFFFFFFFFFFFFFFFFFFFFFFFFFFFFFFFFFFFFFFFF25
:20BB4000FFFFFFFFFFFFFFFFFFFFFFFFFFFFFFFFFFFFFFFFFFFFFFFFFFFFFFFFFFFFFFFF05
:20BB6000FFFFFFFFFFFFFFFFFFFFFFFFFFFFFFFFFFFFFFFFFFFFFFFFFFFFFFFFFFFFFFFFE5
:20BB8000FFFFFFFFFFFFFFFFFFFFFFFFFFFFFFFFFFFFFFFFFFFFFFFFFFFFFFFFFFFFFFFFC5
:20BBA000FFFFFFFFFFFFFFFFFFFFFFFFFFFFFFFFFFFFFFFFFFFFFFFFFFFFFFFFFFFFFFFFA5
:20BBC000FFFFFFFFFFFFFFFFFFFFFFFFFFFFFFFFFFFFFFFFFFFFFFFFFFFFFFFFFFFFFFFF85
:20BBE000FFFFFFFFFFFFFFFFFFFFFFFFFFFFFFFFFFFFFFFFFFFFFFFFFFFFFFFFFFFFFFFF65
:20BC0000FFFFFFFFFFFFFFFFFFFFFFFFFFFFFFFFFFFFFFFFFFFFFFFFFFFFFFFFFFFFFFFF44
:20BC2000FFFFFFFFFFFFFFFFFFFFFFFFFFFFFFFFFFFFFFFFFFFFFFFFFFFFFFFFFFFFFFFF24
:20BC4000FFFFFFFFFFFFFFFFFFFFFFFFFFFFFFFFFFFFFFFFFFFFFFFFFFFFFFFFFFFFFFFF04
:20BC6000FFFFFFFFFFFFFFFFFFFFFFFFFFFFFFFFFFFFFFFFFFFFFFFFFFFFFFFFFFFFFFFFE4
:20BC8000FFFFFFFFFFFFFFFFFFFFFFFFFFFFFFFFFFFFFFFFFFFFFFFFFFFFFFFFFFFFFFFFC4
:20BCA000FFFFFFFFFFFFFFFFFFFFFFFFFFFFFFFFFFFFFFFFFFFFFFFFFFFFFFFFFFFFFFFFA4
:20BCC000FFFFFFFFFFFFFFFFFFFFFFFFFFFFFFFFFFFFFFFFFFFFFFFFFFFFFFFFFFFFFFFF84
:20BCE000FFFFFFFFFFFFFFFFFFFFFFFFFFFFFFFFFFFFFFFFFFFFFFFFFFFFFFFFFFFFFFFF64
:20BD0000FFFFFFFFFFFFFFFFFFFFFFFFFFFFFFFFFFFFFFFFFFFFFFFFFFFFFFFFFFFFFFFF43
:20BD2000FFFFFFFFFFFFFFFFFFFFFFFFFFFFFFFFFFFFFFFFFFFFFFFFFFFFFFFFFFFFFFFF23
:20BD4000FFFFFFFFFFFFFFFFFFFFFFFFFFFFFFFFFFFFFFFFFFFFFFFFFFFFFFFFFFFFFFFF03
:20BD6000FFFFFFFFFFFFFFFFFFFFFFFFFFFFFFFFFFFFFFFFFFFFFFFFFFFFFFFFFFFFFFFFE3
:20BD8000FFFFFFFFFFFFFFFFFFFFFFFFFFFFFFFFFFFFFFFFFFFFFFFFFFFFFFFFFFFFFFFFC3
:20BDA000FFFFFFFFFFFFFFFFFFFFFFFFFFFFFFFFFFFFFFFFFFFFFFFFFFFFFFFFFFFFFFFFA3
:20BDC000FFFFFFFFFFFFFFFFFFFFFFFFFFFFFFFFFFFFFFFFFFFFFFFFFFFFFFFFFFFFFFFF83
:20BDE000FFFFFFFFFFFFFFFFFFFFFFFFFFFFFFFFFFFFFFFFFFFFFFFFFFFFFFFFFFFFFFFF63
:20BE0000FFFFFFFFFFFFFFFFFFFFFFFFFFFFFFFFFFFFFFFFFFFFFFFFFFFFFFFFFFFFFFFF42
:20BE2000FFFFFFFFFFFFFFFFFFFFFFFFFFFFFFFFFFFFFFFFFFFFFFFFFFFFFFFFFFFFFFFF22
:20BE4000FFFFFFFFFFFFFFFFFFFFFFFFFFFFFFFFFFFFFFFFFFFFFFFFFFFFFFFFFFFFFFFF02
:20BE6000FFFFFFFFFFFFFFFFFFFFFFFFFFFFFFFFFFFFFFFFFFFFFFFFFFFFFFFFFFFFFFFFE2
:20BE8000FFFFFFFFFFFFFFFFFFFFFFFFFFFFFFFFFFFFFFFFFFFFFFFFFFFFFFFFFFFFFFFFC2
:20BEA000FFFFFFFFFFFFFFFFFFFFFFFFFFFFFFFFFFFFFFFFFFFFFFFFFFFFFFFFFFFFFFFFA2
:20BEC000FFFFFFFFFFFFFFFFFFFFFFFFFFFFFFFFFFFFFFFFFFFFFFFFFFFFFFFFFFFFFFFF82
:20BEE000FFFFFFFFFFFFFFFFFFFFFFFFFFFFFFFFFFFFFFFFFFFFFFFFFFFFFFFFFFFFFFFF62
:20BF0000FFFFFFFFFFFFFFFFFFFFFFFFFFFFFFFFFFFFFFFFFFFFFFFFFFFFFFFFFFFFFFFF41
:20BF2000FFFFFFFFFFFFFFFFFFFFFFFFFFFFFFFFFFFFFFFFFFFFFFFFFFFFFFFFFFFFFFFF21
:20BF4000FFFFFFFFFFFFFFFFFFFFFFFFFFFFFFFFFFFFFFFFFFFFFFFFFFFFFFFFFFFFFFFF01
:20BF6000FFFFFFFFFFFFFFFFFFFFFFFFFFFFFFFFFFFFFFFFFFFFFFFFFFFFFFFFFFFFFFFFE1
:20BF8000FFFFFFFFFFFFFFFFFFFFFFFFFFFFFFFFFFFFFFFFFFFFFFFFFFFFFFFFFFFFFFFFC1
:20BFA000FFFFFFFFFFFFFFFFFFFFFFFFFFFFFFFFFFFFFFFFFFFFFFFFFFFFFFFFFFFFFFFFA1
:20BFC000FFFFFFFFFFFFFFFFFFFFFFFFFFFFFFFFFFFFFFFFFFFFFFFFFFFFFFFFFFFFFFFF81
:20BFE000FFFFFFFFFFFFFFFFFFFFFFFFFFFFFFFFFFFFFFFFFFFFFFFFFFFFFFFFFFFFFFFF61
:20C00000FFFFFFFFFFFFFFFFFFFFFFFFFFFFFFFFFFFFFFFFFFFFFFFFFFFFFFFFFFFFFFFF40
:20C02000FFFFFFFFFFFFFFFFFFFFFFFFFFFFFFFFFFFFFFFFFFFFFFFFFFFFFFFFFFFFFFFF20
:20C04000FFFFFFFFFFFFFFFFFFFFFFFFFFFFFFFFFFFFFFFFFFFFFFFFFFFFFFFFFFFFFFFF00
:20C06000FFFFFFFFFFFFFFFFFFFFFFFFFFFFFFFFFFFFFFFFFFFFFFFFFFFFFFFFFFFFFFFFE0
:20C08000FFFFFFFFFFFFFFFFFFFFFFFFFFFFFFFFFFFFFFFFFFFFFFFFFFFFFFFFFFFFFFFFC0
:20C0A000FFFFFFFFFFFFFFFFFFFFFFFFFFFFFFFFFFFFFFFFFFFFFFFFFFFFFFFFFFFFFFFFA0
:20C0C000FFFFFFFFFFFFFFFFFFFFFFFFFFFFFFFFFFFFFFFFFFFFFFFFFFFFFFFFFFFFFFFF80
:20C0E000FFFFFFFFFFFFFFFFFFFFFFFFFFFFFFFFFFFFFFFFFFFFFFFFFFFFFFFFFFFFFFFF60
:20C10000FFFFFFFFFFFFFFFFFFFFFFFFFFFFFFFFFFFFFFFFFFFFFFFFFFFFFFFFFFFFFFFF3F
:20C12000FFFFFFFFFFFFFFFFFFFFFFFFFFFFFFFFFFFFFFFFFFFFFFFFFFFFFFFFFFFFFFFF1F
:20C14000FFFFFFFFFFFFFFFFFFFFFFFFFFFFFFFFFFFFFFFFFFFFFFFFFFFFFFFFFFFFFFFFFF
:20C16000FFFFFFFFFFFFFFFFFFFFFFFFFFFFFFFFFFFFFFFFFFFFFFFFFFFFFFFFFFFFFFFFDF
:20C18000FFFFFFFFFFFFFFFFFFFFFFFFFFFFFFFFFFFFFFFFFFFFFFFFFFFFFFFFFFFFFFFFBF
:20C1A000FFFFFFFFFFFFFFFFFFFFFFFFFFFFFFFFFFFFFFFFFFFFFFFFFFFFFFFFFFFFFFFF9F
:20C1C000FFFFFFFFFFFFFFFFFFFFFFFFFFFFFFFFFFFFFFFFFFFFFFFFFFFFFFFFFFFFFFFF7F
:20C1E000FFFFFFFFFFFFFFFFFFFFFFFFFFFFFFFFFFFFFFFFFFFFFFFFFFFFFFFFFFFFFFFF5F
:20C20000FFFFFFFFFFFFFFFFFFFFFFFFFFFFFFFFFFFFFFFFFFFFFFFFFFFFFFFFFFFFFFFF3E
:20C22000FFFFFFFFFFFFFFFFFFFFFFFFFFFFFFFFFFFFFFFFFFFFFFFFFFFFFFFFFFFFFFFF1E
:20C24000FFFFFFFFFFFFFFFFFFFFFFFFFFFFFFFFFFFFFFFFFFFFFFFFFFFFFFFFFFFFFFFFFE
:20C26000FFFFFFFFFFFFFFFFFFFFFFFFFFFFFFFFFFFFFFFFFFFFFFFFFFFFFFFFFFFFFFFFDE
:20C28000FFFFFFFFFFFFFFFFFFFFFFFFFFFFFFFFFFFFFFFFFFFFFFFFFFFFFFFFFFFFFFFFBE
:20C2A000FFFFFFFFFFFFFFFFFFFFFFFFFFFFFFFFFFFFFFFFFFFFFFFFFFFFFFFFFFFFFFFF9E
:20C2C000FFFFFFFFFFFFFFFFFFFFFFFFFFFFFFFFFFFFFFFFFFFFFFFFFFFFFFFFFFFFFFFF7E
:20C2E000FFFFFFFFFFFFFFFFFFFFFFFFFFFFFFFFFFFFFFFFFFFFFFFFFFFFFFFFFFFFFFFF5E
:20C30000FFFFFFFFFFFFFFFFFFFFFFFFFFFFFFFFFFFFFFFFFFFFFFFFFFFFFFFFFFFFFFFF3D
:20C32000FFFFFFFFFFFFFFFFFFFFFFFFFFFFFFFFFFFFFFFFFFFFFFFFFFFFFFFFFFFFFFFF1D
:20C34000FFFFFFFFFFFFFFFFFFFFFFFFFFFFFFFFFFFFFFFFFFFFFFFFFFFFFFFFFFFFFFFFFD
:20C36000FFFFFFFFFFFFFFFFFFFFFFFFFFFFFFFFFFFFFFFFFFFFFFFFFFFFFFFFFFFFFFFFDD
:20C38000FFFFFFFFFFFFFFFFFFFFFFFFFFFFFFFFFFFFFFFFFFFFFFFFFFFFFFFFFFFFFFFFBD
:20C3A000FFFFFFFFFFFFFFFFFFFFFFFFFFFFFFFFFFFFFFFFFFFFFFFFFFFFFFFFFFFFFFFF9D
:20C3C000FFFFFFFFFFFFFFFFFFFFFFFFFFFFFFFFFFFFFFFFFFFFFFFFFFFFFFFFFFFFFFFF7D
:20C3E000FFFFFFFFFFFFFFFFFFFFFFFFFFFFFFFFFFFFFFFFFFFFFFFFFFFFFFFFFFFFFFFF5D
:20C40000FFFFFFFFFFFFFFFFFFFFFFFFFFFFFFFFFFFFFFFFFFFFFFFFFFFFFFFFFFFFFFFF3C
:20C42000FFFFFFFFFFFFFFFFFFFFFFFFFFFFFFFFFFFFFFFFFFFFFFFFFFFFFFFFFFFFFFFF1C
:20C44000FFFFFFFFFFFFFFFFFFFFFFFFFFFFFFFFFFFFFFFFFFFFFFFFFFFFFFFFFFFFFFFFFC
:20C46000FFFFFFFFFFFFFFFFFFFFFFFFFFFFFFFFFFFFFFFFFFFFFFFFFFFFFFFFFFFFFFFFDC
:20C48000FFFFFFFFFFFFFFFFFFFFFFFFFFFFFFFFFFFFFFFFFFFFFFFFFFFFFFFFFFFFFFFFBC
:20C4A000FFFFFFFFFFFFFFFFFFFFFFFFFFFFFFFFFFFFFFFFFFFFFFFFFFFFFFFFFFFFFFFF9C
:20C4C000FFFFFFFFFFFFFFFFFFFFFFFFFFFFFFFFFFFFFFFFFFFFFFFFFFFFFFFFFFFFFFFF7C
:20C4E000FFFFFFFFFFFFFFFFFFFFFFFFFFFFFFFFFFFFFFFFFFFFFFFFFFFFFFFFFFFFFFFF5C
:20C50000FFFFFFFFFFFFFFFFFFFFFFFFFFFFFFFFFFFFFFFFFFFFFFFFFFFFFFFFFFFFFFFF3B
:20C52000FFFFFFFFFFFFFFFFFFFFFFFFFFFFFFFFFFFFFFFFFFFFFFFFFFFFFFFFFFFFFFFF1B
:20C54000FFFFFFFFFFFFFFFFFFFFFFFFFFFFFFFFFFFFFFFFFFFFFFFFFFFFFFFFFFFFFFFFFB
:20C56000FFFFFFFFFFFFFFFFFFFFFFFFFFFFFFFFFFFFFFFFFFFFFFFFFFFFFFFFFFFFFFFFDB
:20C58000FFFFFFFFFFFFFFFFFFFFFFFFFFFFFFFFFFFFFFFFFFFFFFFFFFFFFFFFFFFFFFFFBB
:20C5A000FFFFFFFFFFFFFFFFFFFFFFFFFFFFFFFFFFFFFFFFFFFFFFFFFFFFFFFFFFFFFFFF9B
:20C5C000FFFFFFFFFFFFFFFFFFFFFFFFFFFFFFFFFFFFFFFFFFFFFFFFFFFFFFFFFFFFFFFF7B
:20C5E000FFFFFFFFFFFFFFFFFFFFFFFFFFFFFFFFFFFFFFFFFFFFFFFFFFFFFFFFFFFFFFFF5B
:20C60000FFFFFFFFFFFFFFFFFFFFFFFFFFFFFFFFFFFFFFFFFFFFFFFFFFFFFFFFFFFFFFFF3A
:20C62000FFFFFFFFFFFFFFFFFFFFFFFFFFFFFFFFFFFFFFFFFFFFFFFFFFFFFFFFFFFFFFFF1A
:20C64000FFFFFFFFFFFFFFFFFFFFFFFFFFFFFFFFFFFFFFFFFFFFFFFFFFFFFFFFFFFFFFFFFA
:20C66000FFFFFFFFFFFFFFFFFFFFFFFFFFFFFFFFFFFFFFFFFFFFFFFFFFFFFFFFFFFFFFFFDA
:20C68000FFFFFFFFFFFFFFFFFFFFFFFFFFFFFFFFFFFFFFFFFFFFFFFFFFFFFFFFFFFFFFFFBA
:20C6A000FFFFFFFFFFFFFFFFFFFFFFFFFFFFFFFFFFFFFFFFFFFFFFFFFFFFFFFFFFFFFFFF9A
:20C6C000FFFFFFFFFFFFFFFFFFFFFFFFFFFFFFFFFFFFFFFFFFFFFFFFFFFFFFFFFFFFFFFF7A
:20C6E000FFFFFFFFFFFFFFFFFFFFFFFFFFFFFFFFFFFFFFFFFFFFFFFFFFFFFFFFFFFFFFFF5A
:20C70000FFFFFFFFFFFFFFFFFFFFFFFFFFFFFFFFFFFFFFFFFFFFFFFFFFFFFFFFFFFFFFFF39
:20C72000FFFFFFFFFFFFFFFFFFFFFFFFFFFFFFFFFFFFFFFFFFFFFFFFFFFFFFFFFFFFFFFF19
:20C74000FFFFFFFFFFFFFFFFFFFFFFFFFFFFFFFFFFFFFFFFFFFFFFFFFFFFFFFFFFFFFFFFF9
:20C76000FFFFFFFFFFFFFFFFFFFFFFFFFFFFFFFFFFFFFFFFFFFFFFFFFFFFFFFFFFFFFFFFD9
:20C78000FFFFFFFFFFFFFFFFFFFFFFFFFFFFFFFFFFFFFFFFFFFFFFFFFFFFFFFFFFFFFFFFB9
:20C7A000FFFFFFFFFFFFFFFFFFFFFFFFFFFFFFFFFFFFFFFFFFFFFFFFFFFFFFFFFFFFFFFF99
:20C7C000FFFFFFFFFFFFFFFFFFFFFFFFFFFFFFFFFFFFFFFFFFFFFFFFFFFFFFFFFFFFFFFF79
:20C7E000FFFFFFFFFFFFFFFFFFFFFFFFFFFFFFFFFFFFFFFFFFFFFFFFFFFFFFFFFFFFFFFF59
:20C80000FFFFFFFFFFFFFFFFFFFFFFFFFFFFFFFFFFFFFFFFFFFFFFFFFFFFFFFFFFFFFFFF38
:20C82000FFFFFFFFFFFFFFFFFFFFFFFFFFFFFFFFFFFFFFFFFFFFFFFFFFFFFFFFFFFFFFFF18
:20C84000FFFFFFFFFFFFFFFFFFFFFFFFFFFFFFFFFFFFFFFFFFFFFFFFFFFFFFFFFFFFFFFFF8
:20C86000FFFFFFFFFFFFFFFFFFFFFFFFFFFFFFFFFFFFFFFFFFFFFFFFFFFFFFFFFFFFFFFFD8
:20C88000FFFFFFFFFFFFFFFFFFFFFFFFFFFFFFFFFFFFFFFFFFFFFFFFFFFFFFFFFFFFFFFFB8
:20C8A000FFFFFFFFFFFFFFFFFFFFFFFFFFFFFFFFFFFFFFFFFFFFFFFFFFFFFFFFFFFFFFFF98
:20C8C000FFFFFFFFFFFFFFFFFFFFFFFFFFFFFFFFFFFFFFFFFFFFFFFFFFFFFFFFFFFFFFFF78
:20C8E000FFFFFFFFFFFFFFFFFFFFFFFFFFFFFFFFFFFFFFFFFFFFFFFFFFFFFFFFFFFFFFFF58
:20C90000FFFFFFFFFFFFFFFFFFFFFFFFFFFFFFFFFFFFFFFFFFFFFFFFFFFFFFFFFFFFFFFF37
:20C92000FFFFFFFFFFFFFFFFFFFFFFFFFFFFFFFFFFFFFFFFFFFFFFFFFFFFFFFFFFFFFFFF17
:20C94000FFFFFFFFFFFFFFFFFFFFFFFFFFFFFFFFFFFFFFFFFFFFFFFFFFFFFFFFFFFFFFFFF7
:20C96000FFFFFFFFFFFFFFFFFFFFFFFFFFFFFFFFFFFFFFFFFFFFFFFFFFFFFFFFFFFFFFFFD7
:20C98000FFFFFFFFFFFFFFFFFFFFFFFFFFFFFFFFFFFFFFFFFFFFFFFFFFFFFFFFFFFFFFFFB7
:20C9A000FFFFFFFFFFFFFFFFFFFFFFFFFFFFFFFFFFFFFFFFFFFFFFFFFFFFFFFFFFFFFFFF97
:20C9C000FFFFFFFFFFFFFFFFFFFFFFFFFFFFFFFFFFFFFFFFFFFFFFFFFFFFFFFFFFFFFFFF77
:20C9E000FFFFFFFFFFFFFFFFFFFFFFFFFFFFFFFFFFFFFFFFFFFFFFFFFFFFFFFFFFFFFFFF57
:20CA0000FFFFFFFFFFFFFFFFFFFFFFFFFFFFFFFFFFFFFFFFFFFFFFFFFFFFFFFFFFFFFFFF36
:20CA2000FFFFFFFFFFFFFFFFFFFFFFFFFFFFFFFFFFFFFFFFFFFFFFFFFFFFFFFFFFFFFFFF16
:20CA4000FFFFFFFFFFFFFFFFFFFFFFFFFFFFFFFFFFFFFFFFFFFFFFFFFFFFFFFFFFFFFFFFF6
:20CA6000FFFFFFFFFFFFFFFFFFFFFFFFFFFFFFFFFFFFFFFFFFFFFFFFFFFFFFFFFFFFFFFFD6
:20CA8000FFFFFFFFFFFFFFFFFFFFFFFFFFFFFFFFFFFFFFFFFFFFFFFFFFFFFFFFFFFFFFFFB6
:20CAA000FFFFFFFFFFFFFFFFFFFFFFFFFFFFFFFFFFFFFFFFFFFFFFFFFFFFFFFFFFFFFFFF96
:20CAC000FFFFFFFFFFFFFFFFFFFFFFFFFFFFFFFFFFFFFFFFFFFFFFFFFFFFFFFFFFFFFFFF76
:20CAE000FFFFFFFFFFFFFFFFFFFFFFFFFFFFFFFFFFFFFFFFFFFFFFFFFFFFFFFFFFFFFFFF56
:20CB0000FFFFFFFFFFFFFFFFFFFFFFFFFFFFFFFFFFFFFFFFFFFFFFFFFFFFFFFFFFFFFFFF35
:20CB2000FFFFFFFFFFFFFFFFFFFFFFFFFFFFFFFFFFFFFFFFFFFFFFFFFFFFFFFFFFFFFFFF15
:20CB4000FFFFFFFFFFFFFFFFFFFFFFFFFFFFFFFFFFFFFFFFFFFFFFFFFFFFFFFFFFFFFFFFF5
:20CB6000FFFFFFFFFFFFFFFFFFFFFFFFFFFFFFFFFFFFFFFFFFFFFFFFFFFFFFFFFFFFFFFFD5
:20CB8000FFFFFFFFFFFFFFFFFFFFFFFFFFFFFFFFFFFFFFFFFFFFFFFFFFFFFFFFFFFFFFFFB5
:20CBA000FFFFFFFFFFFFFFFFFFFFFFFFFFFFFFFFFFFFFFFFFFFFFFFFFFFFFFFFFFFFFFFF95
:20CBC000FFFFFFFFFFFFFFFFFFFFFFFFFFFFFFFFFFFFFFFFFFFFFFFFFFFFFFFFFFFFFFFF75
:20CBE000FFFFFFFFFFFFFFFFFFFFFFFFFFFFFFFFFFFFFFFFFFFFFFFFFFFFFFFFFFFFFFFF55
:20CC0000FFFFFFFFFFFFFFFFFFFFFFFFFFFFFFFFFFFFFFFFFFFFFFFFFFFFFFFFFFFFFFFF34
:20CC2000FFFFFFFFFFFFFFFFFFFFFFFFFFFFFFFFFFFFFFFFFFFFFFFFFFFFFFFFFFFFFFFF14
:20CC4000FFFFFFFFFFFFFFFFFFFFFFFFFFFFFFFFFFFFFFFFFFFFFFFFFFFFFFFFFFFFFFFFF4
:20CC6000FFFFFFFFFFFFFFFFFFFFFFFFFFFFFFFFFFFFFFFFFFFFFFFFFFFFFFFFFFFFFFFFD4
:20CC8000FFFFFFFFFFFFFFFFFFFFFFFFFFFFFFFFFFFFFFFFFFFFFFFFFFFFFFFFFFFFFFFFB4
:20CCA000FFFFFFFFFFFFFFFFFFFFFFFFFFFFFFFFFFFFFFFFFFFFFFFFFFFFFFFFFFFFFFFF94
:20CCC000FFFFFFFFFFFFFFFFFFFFFFFFFFFFFFFFFFFFFFFFFFFFFFFFFFFFFFFFFFFFFFFF74
:20CCE000FFFFFFFFFFFFFFFFFFFFFFFFFFFFFFFFFFFFFFFFFFFFFFFFFFFFFFFFFFFFFFFF54
:20CD0000FFFFFFFFFFFFFFFFFFFFFFFFFFFFFFFFFFFFFFFFFFFFFFFFFFFFFFFFFFFFFFFF33
:20CD2000FFFFFFFFFFFFFFFFFFFFFFFFFFFFFFFFFFFFFFFFFFFFFFFFFFFFFFFFFFFFFFFF13
:20CD4000FFFFFFFFFFFFFFFFFFFFFFFFFFFFFFFFFFFFFFFFFFFFFFFFFFFFFFFFFFFFFFFFF3
:20CD6000FFFFFFFFFFFFFFFFFFFFFFFFFFFFFFFFFFFFFFFFFFFFFFFFFFFFFFFFFFFFFFFFD3
:20CD8000FFFFFFFFFFFFFFFFFFFFFFFFFFFFFFFFFFFFFFFFFFFFFFFFFFFFFFFFFFFFFFFFB3
:20CDA000FFFFFFFFFFFFFFFFFFFFFFFFFFFFFFFFFFFFFFFFFFFFFFFFFFFFFFFFFFFFFFFF93
:20CDC000FFFFFFFFFFFFFFFFFFFFFFFFFFFFFFFFFFFFFFFFFFFFFFFFFFFFFFFFFFFFFFFF73
:20CDE000FFFFFFFFFFFFFFFFFFFFFFFFFFFFFFFFFFFFFFFFFFFFFFFFFFFFFFFFFFFFFFFF53
:20CE0000FFFFFFFFFFFFFFFFFFFFFFFFFFFFFFFFFFFFFFFFFFFFFFFFFFFFFFFFFFFFFFFF32
:20CE2000FFFFFFFFFFFFFFFFFFFFFFFFFFFFFFFFFFFFFFFFFFFFFFFFFFFFFFFFFFFFFFFF12
:20CE4000FFFFFFFFFFFFFFFFFFFFFFFFFFFFFFFFFFFFFFFFFFFFFFFFFFFFFFFFFFFFFFFFF2
:20CE6000FFFFFFFFFFFFFFFFFFFFFFFFFFFFFFFFFFFFFFFFFFFFFFFFFFFFFFFFFFFFFFFFD2
:20CE8000FFFFFFFFFFFFFFFFFFFFFFFFFFFFFFFFFFFFFFFFFFFFFFFFFFFFFFFFFFFFFFFFB2
:20CEA000FFFFFFFFFFFFFFFFFFFFFFFFFFFFFFFFFFFFFFFFFFFFFFFFFFFFFFFFFFFFFFFF92
:20CEC000FFFFFFFFFFFFFFFFFFFFFFFFFFFFFFFFFFFFFFFFFFFFFFFFFFFFFFFFFFFFFFFF72
:20CEE000FFFFFFFFFFFFFFFFFFFFFFFFFFFFFFFFFFFFFFFFFFFFFFFFFFFFFFFFFFFFFFFF52
:20CF0000FFFFFFFFFFFFFFFFFFFFFFFFFFFFFFFFFFFFFFFFFFFFFFFFFFFFFFFFFFFFFFFF31
:20CF2000FFFFFFFFFFFFFFFFFFFFFFFFFFFFFFFFFFFFFFFFFFFFFFFFFFFFFFFFFFFFFFFF11
:20CF4000FFFFFFFFFFFFFFFFFFFFFFFFFFFFFFFFFFFFFFFFFFFFFFFFFFFFFFFFFFFFFFFFF1
:20CF6000FFFFFFFFFFFFFFFFFFFFFFFFFFFFFFFFFFFFFFFFFFFFFFFFFFFFFFFFFFFFFFFFD1
:20CF8000FFFFFFFFFFFFFFFFFFFFFFFFFFFFFFFFFFFFFFFFFFFFFFFFFFFFFFFFFFFFFFFFB1
:20CFA000FFFFFFFFFFFFFFFFFFFFFFFFFFFFFFFFFFFFFFFFFFFFFFFFFFFFFFFFFFFFFFFF91
:20CFC000FFFFFFFFFFFFFFFFFFFFFFFFFFFFFFFFFFFFFFFFFFFFFFFFFFFFFFFFFFFFFFFF71
:20CFE000FFFFFFFFFFFFFFFFFFFFFFFFFFFFFFFFFFFFFFFFFFFFFFFFFFFFFFFFFFFFFFFF51
:20D00000FFFFFFFFFFFFFFFFFFFFFFFFFFFFFFFFFFFFFFFFFFFFFFFFFFFFFFFFFFFFFFFF30
:20D02000FFFFFFFFFFFFFFFFFFFFFFFFFFFFFFFFFFFFFFFFFFFFFFFFFFFFFFFFFFFFFFFF10
:20D04000FFFFFFFFFFFFFFFFFFFFFFFFFFFFFFFFFFFFFFFFFFFFFFFFFFFFFFFFFFFFFFFFF0
:20D06000FFFFFFFFFFFFFFFFFFFFFFFFFFFFFFFFFFFFFFFFFFFFFFFFFFFFFFFFFFFFFFFFD0
:20D08000FFFFFFFFFFFFFFFFFFFFFFFFFFFFFFFFFFFFFFFFFFFFFFFFFFFFFFFFFFFFFFFFB0
:20D0A000FFFFFFFFFFFFFFFFFFFFFFFFFFFFFFFFFFFFFFFFFFFFFFFFFFFFFFFFFFFFFFFF90
:20D0C000FFFFFFFFFFFFFFFFFFFFFFFFFFFFFFFFFFFFFFFFFFFFFFFFFFFFFFFFFFFFFFFF70
:20D0E000FFFFFFFFFFFFFFFFFFFFFFFFFFFFFFFFFFFFFFFFFFFFFFFFFFFFFFFFFFFFFFFF50
:20D10000FFFFFFFFFFFFFFFFFFFFFFFFFFFFFFFFFFFFFFFFFFFFFFFFFFFFFFFFFFFFFFFF2F
:20D12000FFFFFFFFFFFFFFFFFFFFFFFFFFFFFFFFFFFFFFFFFFFFFFFFFFFFFFFFFFFFFFFF0F
:20D14000FFFFFFFFFFFFFFFFFFFFFFFFFFFFFFFFFFFFFFFFFFFFFFFFFFFFFFFFFFFFFFFFEF
:20D16000FFFFFFFFFFFFFFFFFFFFFFFFFFFFFFFFFFFFFFFFFFFFFFFFFFFFFFFFFFFFFFFFCF
:20D18000FFFFFFFFFFFFFFFFFFFFFFFFFFFFFFFFFFFFFFFFFFFFFFFFFFFFFFFFFFFFFFFFAF
:20D1A000FFFFFFFFFFFFFFFFFFFFFFFFFFFFFFFFFFFFFFFFFFFFFFFFFFFFFFFFFFFFFFFF8F
:20D1C000FFFFFFFFFFFFFFFFFFFFFFFFFFFFFFFFFFFFFFFFFFFFFFFFFFFFFFFFFFFFFFFF6F
:20D1E000FFFFFFFFFFFFFFFFFFFFFFFFFFFFFFFFFFFFFFFFFFFFFFFFFFFFFFFFFFFFFFFF4F
:20D20000FFFFFFFFFFFFFFFFFFFFFFFFFFFFFFFFFFFFFFFFFFFFFFFFFFFFFFFFFFFFFFFF2E
:20D22000FFFFFFFFFFFFFFFFFFFFFFFFFFFFFFFFFFFFFFFFFFFFFFFFFFFFFFFFFFFFFFFF0E
:20D24000FFFFFFFFFFFFFFFFFFFFFFFFFFFFFFFFFFFFFFFFFFFFFFFFFFFFFFFFFFFFFFFFEE
:20D26000FFFFFFFFFFFFFFFFFFFFFFFFFFFFFFFFFFFFFFFFFFFFFFFFFFFFFFFFFFFFFFFFCE
:20D28000FFFFFFFFFFFFFFFFFFFFFFFFFFFFFFFFFFFFFFFFFFFFFFFFFFFFFFFFFFFFFFFFAE
:20D2A000FFFFFFFFFFFFFFFFFFFFFFFFFFFFFFFFFFFFFFFFFFFFFFFFFFFFFFFFFFFFFFFF8E
:20D2C000FFFFFFFFFFFFFFFFFFFFFFFFFFFFFFFFFFFFFFFFFFFFFFFFFFFFFFFFFFFFFFFF6E
:20D2E000FFFFFFFFFFFFFFFFFFFFFFFFFFFFFFFFFFFFFFFFFFFFFFFFFFFFFFFFFFFFFFFF4E
:20D30000FFFFFFFFFFFFFFFFFFFFFFFFFFFFFFFFFFFFFFFFFFFFFFFFFFFFFFFFFFFFFFFF2D
:20D32000FFFFFFFFFFFFFFFFFFFFFFFFFFFFFFFFFFFFFFFFFFFFFFFFFFFFFFFFFFFFFFFF0D
:20D34000FFFFFFFFFFFFFFFFFFFFFFFFFFFFFFFFFFFFFFFFFFFFFFFFFFFFFFFFFFFFFFFFED
:20D36000FFFFFFFFFFFFFFFFFFFFFFFFFFFFFFFFFFFFFFFFFFFFFFFFFFFFFFFFFFFFFFFFCD
:20D38000FFFFFFFFFFFFFFFFFFFFFFFFFFFFFFFFFFFFFFFFFFFFFFFFFFFFFFFFFFFFFFFFAD
:20D3A000FFFFFFFFFFFFFFFFFFFFFFFFFFFFFFFFFFFFFFFFFFFFFFFFFFFFFFFFFFFFFFFF8D
:20D3C000FFFFFFFFFFFFFFFFFFFFFFFFFFFFFFFFFFFFFFFFFFFFFFFFFFFFFFFFFFFFFFFF6D
:20D3E000FFFFFFFFFFFFFFFFFFFFFFFFFFFFFFFFFFFFFFFFFFFFFFFFFFFFFFFFFFFFFFFF4D
:20D40000FFFFFFFFFFFFFFFFFFFFFFFFFFFFFFFFFFFFFFFFFFFFFFFFFFFFFFFFFFFFFFFF2C
:20D42000FFFFFFFFFFFFFFFFFFFFFFFFFFFFFFFFFFFFFFFFFFFFFFFFFFFFFFFFFFFFFFFF0C
:20D44000FFFFFFFFFFFFFFFFFFFFFFFFFFFFFFFFFFFFFFFFFFFFFFFFFFFFFFFFFFFFFFFFEC
:20D46000FFFFFFFFFFFFFFFFFFFFFFFFFFFFFFFFFFFFFFFFFFFFFFFFFFFFFFFFFFFFFFFFCC
:20D48000FFFFFFFFFFFFFFFFFFFFFFFFFFFFFFFFFFFFFFFFFFFFFFFFFFFFFFFFFFFFFFFFAC
:20D4A000FFFFFFFFFFFFFFFFFFFFFFFFFFFFFFFFFFFFFFFFFFFFFFFFFFFFFFFFFFFFFFFF8C
:20D4C000FFFFFFFFFFFFFFFFFFFFFFFFFFFFFFFFFFFFFFFFFFFFFFFFFFFFFFFFFFFFFFFF6C
:20D4E000FFFFFFFFFFFFFFFFFFFFFFFFFFFFFFFFFFFFFFFFFFFFFFFFFFFFFFFFFFFFFFFF4C
:20D50000FFFFFFFFFFFFFFFFFFFFFFFFFFFFFFFFFFFFFFFFFFFFFFFFFFFFFFFFFFFFFFFF2B
:20D52000FFFFFFFFFFFFFFFFFFFFFFFFFFFFFFFFFFFFFFFFFFFFFFFFFFFFFFFFFFFFFFFF0B
:20D54000FFFFFFFFFFFFFFFFFFFFFFFFFFFFFFFFFFFFFFFFFFFFFFFFFFFFFFFFFFFFFFFFEB
:20D56000FFFFFFFFFFFFFFFFFFFFFFFFFFFFFFFFFFFFFFFFFFFFFFFFFFFFFFFFFFFFFFFFCB
:20D58000FFFFFFFFFFFFFFFFFFFFFFFFFFFFFFFFFFFFFFFFFFFFFFFFFFFFFFFFFFFFFFFFAB
:20D5A000FFFFFFFFFFFFFFFFFFFFFFFFFFFFFFFFFFFFFFFFFFFFFFFFFFFFFFFFFFFFFFFF8B
:20D5C000FFFFFFFFFFFFFFFFFFFFFFFFFFFFFFFFFFFFFFFFFFFFFFFFFFFFFFFFFFFFFFFF6B
:20D5E000FFFFFFFFFFFFFFFFFFFFFFFFFFFFFFFFFFFFFFFFFFFFFFFFFFFFFFFFFFFFFFFF4B
:20D60000FFFFFFFFFFFFFFFFFFFFFFFFFFFFFFFFFFFFFFFFFFFFFFFFFFFFFFFFFFFFFFFF2A
:20D62000FFFFFFFFFFFFFFFFFFFFFFFFFFFFFFFFFFFFFFFFFFFFFFFFFFFFFFFFFFFFFFFF0A
:20D64000FFFFFFFFFFFFFFFFFFFFFFFFFFFFFFFFFFFFFFFFFFFFFFFFFFFFFFFFFFFFFFFFEA
:20D66000FFFFFFFFFFFFFFFFFFFFFFFFFFFFFFFFFFFFFFFFFFFFFFFFFFFFFFFFFFFFFFFFCA
:20D68000FFFFFFFFFFFFFFFFFFFFFFFFFFFFFFFFFFFFFFFFFFFFFFFFFFFFFFFFFFFFFFFFAA
:20D6A000FFFFFFFFFFFFFFFFFFFFFFFFFFFFFFFFFFFFFFFFFFFFFFFFFFFFFFFFFFFFFFFF8A
:20D6C000FFFFFFFFFFFFFFFFFFFFFFFFFFFFFFFFFFFFFFFFFFFFFFFFFFFFFFFFFFFFFFFF6A
:20D6E000FFFFFFFFFFFFFFFFFFFFFFFFFFFFFFFFFFFFFFFFFFFFFFFFFFFFFFFFFFFFFFFF4A
:20D70000FFFFFFFFFFFFFFFFFFFFFFFFFFFFFFFFFFFFFFFFFFFFFFFFFFFFFFFFFFFFFFFF29
:20D72000FFFFFFFFFFFFFFFFFFFFFFFFFFFFFFFFFFFFFFFFFFFFFFFFFFFFFFFFFFFFFFFF09
:20D74000FFFFFFFFFFFFFFFFFFFFFFFFFFFFFFFFFFFFFFFFFFFFFFFFFFFFFFFFFFFFFFFFE9
:20D76000FFFFFFFFFFFFFFFFFFFFFFFFFFFFFFFFFFFFFFFFFFFFFFFFFFFFFFFFFFFFFFFFC9
:20D78000FFFFFFFFFFFFFFFFFFFFFFFFFFFFFFFFFFFFFFFFFFFFFFFFFFFFFFFFFFFFFFFFA9
:20D7A000FFFFFFFFFFFFFFFFFFFFFFFFFFFFFFFFFFFFFFFFFFFFFFFFFFFFFFFFFFFFFFFF89
:20D7C000FFFFFFFFFFFFFFFFFFFFFFFFFFFFFFFFFFFFFFFFFFFFFFFFFFFFFFFFFFFFFFFF69
:20D7E000FFFFFFFFFFFFFFFFFFFFFFFFFFFFFFFFFFFFFFFFFFFFFFFFFFFFFFFFFFFFFFFF49
:20D80000FFFFFFFFFFFFFFFFFFFFFFFFFFFFFFFFFFFFFFFFFFFFFFFFFFFFFFFFFFFFFFFF28
:20D82000FFFFFFFFFFFFFFFFFFFFFFFFFFFFFFFFFFFFFFFFFFFFFFFFFFFFFFFFFFFFFFFF08
:20D84000FFFFFFFFFFFFFFFFFFFFFFFFFFFFFFFFFFFFFFFFFFFFFFFFFFFFFFFFFFFFFFFFE8
:20D86000FFFFFFFFFFFFFFFFFFFFFFFFFFFFFFFFFFFFFFFFFFFFFFFFFFFFFFFFFFFFFFFFC8
:20D88000FFFFFFFFFFFFFFFFFFFFFFFFFFFFFFFFFFFFFFFFFFFFFFFFFFFFFFFFFFFFFFFFA8
:20D8A000FFFFFFFFFFFFFFFFFFFFFFFFFFFFFFFFFFFFFFFFFFFFFFFFFFFFFFFFFFFFFFFF88
:20D8C000FFFFFFFFFFFFFFFFFFFFFFFFFFFFFFFFFFFFFFFFFFFFFFFFFFFFFFFFFFFFFFFF68
:20D8E000FFFFFFFFFFFFFFFFFFFFFFFFFFFFFFFFFFFFFFFFFFFFFFFFFFFFFFFFFFFFFFFF48
:20D90000FFFFFFFFFFFFFFFFFFFFFFFFFFFFFFFFFFFFFFFFFFFFFFFFFFFFFFFFFFFFFFFF27
:20D92000FFFFFFFFFFFFFFFFFFFFFFFFFFFFFFFFFFFFFFFFFFFFFFFFFFFFFFFFFFFFFFFF07
:20D94000FFFFFFFFFFFFFFFFFFFFFFFFFFFFFFFFFFFFFFFFFFFFFFFFFFFFFFFFFFFFFFFFE7
:20D96000FFFFFFFFFFFFFFFFFFFFFFFFFFFFFFFFFFFFFFFFFFFFFFFFFFFFFFFFFFFFFFFFC7
:20D98000FFFFFFFFFFFFFFFFFFFFFFFFFFFFFFFFFFFFFFFFFFFFFFFFFFFFFFFFFFFFFFFFA7
:20D9A000FFFFFFFFFFFFFFFFFFFFFFFFFFFFFFFFFFFFFFFFFFFFFFFFFFFFFFFFFFFFFFFF87
:20D9C000FFFFFFFFFFFFFFFFFFFFFFFFFFFFFFFFFFFFFFFFFFFFFFFFFFFFFFFFFFFFFFFF67
:20D9E000FFFFFFFFFFFFFFFFFFFFFFFFFFFFFFFFFFFFFFFFFFFFFFFFFFFFFFFFFFFFFFFF47
:20DA0000FFFFFFFFFFFFFFFFFFFFFFFFFFFFFFFFFFFFFFFFFFFFFFFFFFFFFFFFFFFFFFFF26
:20DA2000FFFFFFFFFFFFFFFFFFFFFFFFFFFFFFFFFFFFFFFFFFFFFFFFFFFFFFFFFFFFFFFF06
:20DA4000FFFFFFFFFFFFFFFFFFFFFFFFFFFFFFFFFFFFFFFFFFFFFFFFFFFFFFFFFFFFFFFFE6
:20DA6000FFFFFFFFFFFFFFFFFFFFFFFFFFFFFFFFFFFFFFFFFFFFFFFFFFFFFFFFFFFFFFFFC6
:20DA8000FFFFFFFFFFFFFFFFFFFFFFFFFFFFFFFFFFFFFFFFFFFFFFFFFFFFFFFFFFFFFFFFA6
:20DAA000FFFFFFFFFFFFFFFFFFFFFFFFFFFFFFFFFFFFFFFFFFFFFFFFFFFFFFFFFFFFFFFF86
:20DAC000FFFFFFFFFFFFFFFFFFFFFFFFFFFFFFFFFFFFFFFFFFFFFFFFFFFFFFFFFFFFFFFF66
:20DAE000FFFFFFFFFFFFFFFFFFFFFFFFFFFFFFFFFFFFFFFFFFFFFFFFFFFFFFFFFFFFFFFF46
:20DB0000FFFFFFFFFFFFFFFFFFFFFFFFFFFFFFFFFFFFFFFFFFFFFFFFFFFFFFFFFFFFFFFF25
:20DB2000FFFFFFFFFFFFFFFFFFFFFFFFFFFFFFFFFFFFFFFFFFFFFFFFFFFFFFFFFFFFFFFF05
:20DB4000FFFFFFFFFFFFFFFFFFFFFFFFFFFFFFFFFFFFFFFFFFFFFFFFFFFFFFFFFFFFFFFFE5
:20DB6000FFFFFFFFFFFFFFFFFFFFFFFFFFFFFFFFFFFFFFFFFFFFFFFFFFFFFFFFFFFFFFFFC5
:20DB8000FFFFFFFFFFFFFFFFFFFFFFFFFFFFFFFFFFFFFFFFFFFFFFFFFFFFFFFFFFFFFFFFA5
:20DBA000FFFFFFFFFFFFFFFFFFFFFFFFFFFFFFFFFFFFFFFFFFFFFFFFFFFFFFFFFFFFFFFF85
:20DBC000FFFFFFFFFFFFFFFFFFFFFFFFFFFFFFFFFFFFFFFFFFFFFFFFFFFFFFFFFFFFFFFF65
:20DBE000FFFFFFFFFFFFFFFFFFFFFFFFFFFFFFFFFFFFFFFFFFFFFFFFFFFFFFFFFFFFFFFF45
:20DC0000FFFFFFFFFFFFFFFFFFFFFFFFFFFFFFFFFFFFFFFFFFFFFFFFFFFFFFFFFFFFFFFF24
:20DC2000FFFFFFFFFFFFFFFFFFFFFFFFFFFFFFFFFFFFFFFFFFFFFFFFFFFFFFFFFFFFFFFF04
:20DC4000FFFFFFFFFFFFFFFFFFFFFFFFFFFFFFFFFFFFFFFFFFFFFFFFFFFFFFFFFFFFFFFFE4
:20DC6000FFFFFFFFFFFFFFFFFFFFFFFFFFFFFFFFFFFFFFFFFFFFFFFFFFFFFFFFFFFFFFFFC4
:20DC8000FFFFFFFFFFFFFFFFFFFFFFFFFFFFFFFFFFFFFFFFFFFFFFFFFFFFFFFFFFFFFFFFA4
:20DCA000FFFFFFFFFFFFFFFFFFFFFFFFFFFFFFFFFFFFFFFFFFFFFFFFFFFFFFFFFFFFFFFF84
:20DCC000FFFFFFFFFFFFFFFFFFFFFFFFFFFFFFFFFFFFFFFFFFFFFFFFFFFFFFFFFFFFFFFF64
:20DCE000FFFFFFFFFFFFFFFFFFFFFFFFFFFFFFFFFFFFFFFFFFFFFFFFFFFFFFFFFFFFFFFF44
:20DD0000FFFFFFFFFFFFFFFFFFFFFFFFFFFFFFFFFFFFFFFFFFFFFFFFFFFFFFFFFFFFFFFF23
:20DD2000FFFFFFFFFFFFFFFFFFFFFFFFFFFFFFFFFFFFFFFFFFFFFFFFFFFFFFFFFFFFFFFF03
:20DD4000FFFFFFFFFFFFFFFFFFFFFFFFFFFFFFFFFFFFFFFFFFFFFFFFFFFFFFFFFFFFFFFFE3
:20DD6000FFFFFFFFFFFFFFFFFFFFFFFFFFFFFFFFFFFFFFFFFFFFFFFFFFFFFFFFFFFFFFFFC3
:20DD8000FFFFFFFFFFFFFFFFFFFFFFFFFFFFFFFFFFFFFFFFFFFFFFFFFFFFFFFFFFFFFFFFA3
:20DDA000FFFFFFFFFFFFFFFFFFFFFFFFFFFFFFFFFFFFFFFFFFFFFFFFFFFFFFFFFFFFFFFF83
:20DDC000FFFFFFFFFFFFFFFFFFFFFFFFFFFFFFFFFFFFFFFFFFFFFFFFFFFFFFFFFFFFFFFF63
:20DDE000FFFFFFFFFFFFFFFFFFFFFFFFFFFFFFFFFFFFFFFFFFFFFFFFFFFFFFFFFFFFFFFF43
:20DE0000FFFFFFFFFFFFFFFFFFFFFFFFFFFFFFFFFFFFFFFFFFFFFFFFFFFFFFFFFFFFFFFF22
:20DE2000FFFFFFFFFFFFFFFFFFFFFFFFFFFFFFFFFFFFFFFFFFFFFFFFFFFFFFFFFFFFFFFF02
:20DE4000FFFFFFFFFFFFFFFFFFFFFFFFFFFFFFFFFFFFFFFFFFFFFFFFFFFFFFFFFFFFFFFFE2
:20DE6000FFFFFFFFFFFFFFFFFFFFFFFFFFFFFFFFFFFFFFFFFFFFFFFFFFFFFFFFFFFFFFFFC2
:20DE8000FFFFFFFFFFFFFFFFFFFFFFFFFFFFFFFFFFFFFFFFFFFFFFFFFFFFFFFFFFFFFFFFA2
:20DEA000FFFFFFFFFFFFFFFFFFFFFFFFFFFFFFFFFFFFFFFFFFFFFFFFFFFFFFFFFFFFFFFF82
:20DEC000FFFFFFFFFFFFFFFFFFFFFFFFFFFFFFFFFFFFFFFFFFFFFFFFFFFFFFFFFFFFFFFF62
:20DEE000FFFFFFFFFFFFFFFFFFFFFFFFFFFFFFFFFFFFFFFFFFFFFFFFFFFFFFFFFFFFFFFF42
:20DF0000FFFFFFFFFFFFFFFFFFFFFFFFFFFFFFFFFFFFFFFFFFFFFFFFFFFFFFFFFFFFFFFF21
:20DF2000FFFFFFFFFFFFFFFFFFFFFFFFFFFFFFFFFFFFFFFFFFFFFFFFFFFFFFFFFFFFFFFF01
:20DF4000FFFFFFFFFFFFFFFFFFFFFFFFFFFFFFFFFFFFFFFFFFFFFFFFFFFFFFFFFFFFFFFFE1
:20DF6000FFFFFFFFFFFFFFFFFFFFFFFFFFFFFFFFFFFFFFFFFFFFFFFFFFFFFFFFFFFFFFFFC1
:20DF8000FFFFFFFFFFFFFFFFFFFFFFFFFFFFFFFFFFFFFFFFFFFFFFFFFFFFFFFFFFFFFFFFA1
:20DFA000FFFFFFFFFFFFFFFFFFFFFFFFFFFFFFFFFFFFFFFFFFFFFFFFFFFFFFFFFFFFFFFF81
:20DFC000FFFFFFFFFFFFFFFFFFFFFFFFFFFFFFFFFFFFFFFFFFFFFFFFFFFFFFFFFFFFFFFF61
:20DFE000FFFFFFFFFFFFFFFFFFFFFFFFFFFFFFFFFFFFFFFFFFFFFFFFFFFFFFFFFFFFFFFF41
:20E00000FFFFFFFFFFFFFFFFFFFFFFFFFFFFFFFFFFFFFFFFFFFFFFFFFFFFFFFFFFFFFFFF20
:20E02000FFFFFFFFFFFFFFFFFFFFFFFFFFFFFFFFFFFFFFFFFFFFFFFFFFFFFFFFFFFFFFFF00
:20E04000FFFFFFFFFFFFFFFFFFFFFFFFFFFFFFFFFFFFFFFFFFFFFFFFFFFFFFFFFFFFFFFFE0
:20E06000FFFFFFFFFFFFFFFFFFFFFFFFFFFFFFFFFFFFFFFFFFFFFFFFFFFFFFFFFFFFFFFFC0
:20E08000FFFFFFFFFFFFFFFFFFFFFFFFFFFFFFFFFFFFFFFFFFFFFFFFFFFFFFFFFFFFFFFFA0
:20E0A000FFFFFFFFFFFFFFFFFFFFFFFFFFFFFFFFFFFFFFFFFFFFFFFFFFFFFFFFFFFFFFFF80
:20E0C000FFFFFFFFFFFFFFFFFFFFFFFFFFFFFFFFFFFFFFFFFFFFFFFFFFFFFFFFFFFFFFFF60
:20E0E000FFFFFFFFFFFFFFFFFFFFFFFFFFFFFFFFFFFFFFFFFFFFFFFFFFFFFFFFFFFFFFFF40
:20E10000FFFFFFFFFFFFFFFFFFFFFFFFFFFFFFFFFFFFFFFFFFFFFFFFFFFFFFFFFFFFFFFF1F
:20E12000FFFFFFFFFFFFFFFFFFFFFFFFFFFFFFFFFFFFFFFFFFFFFFFFFFFFFFFFFFFFFFFFFF
:20E14000FFFFFFFFFFFFFFFFFFFFFFFFFFFFFFFFFFFFFFFFFFFFFFFFFFFFFFFFFFFFFFFFDF
:20E16000FFFFFFFFFFFFFFFFFFFFFFFFFFFFFFFFFFFFFFFFFFFFFFFFFFFFFFFFFFFFFFFFBF
:20E18000FFFFFFFFFFFFFFFFFFFFFFFFFFFFFFFFFFFFFFFFFFFFFFFFFFFFFFFFFFFFFFFF9F
:20E1A000FFFFFFFFFFFFFFFFFFFFFFFFFFFFFFFFFFFFFFFFFFFFFFFFFFFFFFFFFFFFFFFF7F
:20E1C000FFFFFFFFFFFFFFFFFFFFFFFFFFFFFFFFFFFFFFFFFFFFFFFFFFFFFFFFFFFFFFFF5F
:20E1E000FFFFFFFFFFFFFFFFFFFFFFFFFFFFFFFFFFFFFFFFFFFFFFFFFFFFFFFFFFFFFFFF3F
:20E20000FFFFFFFFFFFFFFFFFFFFFFFFFFFFFFFFFFFFFFFFFFFFFFFFFFFFFFFFFFFFFFFF1E
:20E22000FFFFFFFFFFFFFFFFFFFFFFFFFFFFFFFFFFFFFFFFFFFFFFFFFFFFFFFFFFFFFFFFFE
:20E24000FFFFFFFFFFFFFFFFFFFFFFFFFFFFFFFFFFFFFFFFFFFFFFFFFFFFFFFFFFFFFFFFDE
:20E26000FFFFFFFFFFFFFFFFFFFFFFFFFFFFFFFFFFFFFFFFFFFFFFFFFFFFFFFFFFFFFFFFBE
:20E28000FFFFFFFFFFFFFFFFFFFFFFFFFFFFFFFFFFFFFFFFFFFFFFFFFFFFFFFFFFFFFFFF9E
:20E2A000FFFFFFFFFFFFFFFFFFFFFFFFFFFFFFFFFFFFFFFFFFFFFFFFFFFFFFFFFFFFFFFF7E
:20E2C000FFFFFFFFFFFFFFFFFFFFFFFFFFFFFFFFFFFFFFFFFFFFFFFFFFFFFFFFFFFFFFFF5E
:20E2E000FFFFFFFFFFFFFFFFFFFFFFFFFFFFFFFFFFFFFFFFFFFFFFFFFFFFFFFFFFFFFFFF3E
:20E30000FFFFFFFFFFFFFFFFFFFFFFFFFFFFFFFFFFFFFFFFFFFFFFFFFFFFFFFFFFFFFFFF1D
:20E32000FFFFFFFFFFFFFFFFFFFFFFFFFFFFFFFFFFFFFFFFFFFFFFFFFFFFFFFFFFFFFFFFFD
:20E34000FFFFFFFFFFFFFFFFFFFFFFFFFFFFFFFFFFFFFFFFFFFFFFFFFFFFFFFFFFFFFFFFDD
:20E36000FFFFFFFFFFFFFFFFFFFFFFFFFFFFFFFFFFFFFFFFFFFFFFFFFFFFFFFFFFFFFFFFBD
:20E38000FFFFFFFFFFFFFFFFFFFFFFFFFFFFFFFFFFFFFFFFFFFFFFFFFFFFFFFFFFFFFFFF9D
:20E3A000FFFFFFFFFFFFFFFFFFFFFFFFFFFFFFFFFFFFFFFFFFFFFFFFFFFFFFFFFFFFFFFF7D
:20E3C000FFFFFFFFFFFFFFFFFFFFFFFFFFFFFFFFFFFFFFFFFFFFFFFFFFFFFFFFFFFFFFFF5D
:20E3E000FFFFFFFFFFFFFFFFFFFFFFFFFFFFFFFFFFFFFFFFFFFFFFFFFFFFFFFFFFFFFFFF3D
:20E40000FFFFFFFFFFFFFFFFFFFFFFFFFFFFFFFFFFFFFFFFFFFFFFFFFFFFFFFFFFFFFFFF1C
:20E42000FFFFFFFFFFFFFFFFFFFFFFFFFFFFFFFFFFFFFFFFFFFFFFFFFFFFFFFFFFFFFFFFFC
:20E44000FFFFFFFFFFFFFFFFFFFFFFFFFFFFFFFFFFFFFFFFFFFFFFFFFFFFFFFFFFFFFFFFDC
:20E46000FFFFFFFFFFFFFFFFFFFFFFFFFFFFFFFFFFFFFFFFFFFFFFFFFFFFFFFFFFFFFFFFBC
:20E48000FFFFFFFFFFFFFFFFFFFFFFFFFFFFFFFFFFFFFFFFFFFFFFFFFFFFFFFFFFFFFFFF9C
:20E4A000FFFFFFFFFFFFFFFFFFFFFFFFFFFFFFFFFFFFFFFFFFFFFFFFFFFFFFFFFFFFFFFF7C
:20E4C000FFFFFFFFFFFFFFFFFFFFFFFFFFFFFFFFFFFFFFFFFFFFFFFFFFFFFFFFFFFFFFFF5C
:20E4E000FFFFFFFFFFFFFFFFFFFFFFFFFFFFFFFFFFFFFFFFFFFFFFFFFFFFFFFFFFFFFFFF3C
:20E50000FFFFFFFFFFFFFFFFFFFFFFFFFFFFFFFFFFFFFFFFFFFFFFFFFFFFFFFFFFFFFFFF1B
:20E52000FFFFFFFFFFFFFFFFFFFFFFFFFFFFFFFFFFFFFFFFFFFFFFFFFFFFFFFFFFFFFFFFFB
:20E54000FFFFFFFFFFFFFFFFFFFFFFFFFFFFFFFFFFFFFFFFFFFFFFFFFFFFFFFFFFFFFFFFDB
:20E56000FFFFFFFFFFFFFFFFFFFFFFFFFFFFFFFFFFFFFFFFFFFFFFFFFFFFFFFFFFFFFFFFBB
:20E58000FFFFFFFFFFFFFFFFFFFFFFFFFFFFFFFFFFFFFFFFFFFFFFFFFFFFFFFFFFFFFFFF9B
:20E5A000FFFFFFFFFFFFFFFFFFFFFFFFFFFFFFFFFFFFFFFFFFFFFFFFFFFFFFFFFFFFFFFF7B
:20E5C000FFFFFFFFFFFFFFFFFFFFFFFFFFFFFFFFFFFFFFFFFFFFFFFFFFFFFFFFFFFFFFFF5B
:20E5E000FFFFFFFFFFFFFFFFFFFFFFFFFFFFFFFFFFFFFFFFFFFFFFFFFFFFFFFFFFFFFFFF3B
:20E60000FFFFFFFFFFFFFFFFFFFFFFFFFFFFFFFFFFFFFFFFFFFFFFFFFFFFFFFFFFFFFFFF1A
:20E62000FFFFFFFFFFFFFFFFFFFFFFFFFFFFFFFFFFFFFFFFFFFFFFFFFFFFFFFFFFFFFFFFFA
:20E64000FFFFFFFFFFFFFFFFFFFFFFFFFFFFFFFFFFFFFFFFFFFFFFFFFFFFFFFFFFFFFFFFDA
:20E66000FFFFFFFFFFFFFFFFFFFFFFFFFFFFFFFFFFFFFFFFFFFFFFFFFFFFFFFFFFFFFFFFBA
:20E68000FFFFFFFFFFFFFFFFFFFFFFFFFFFFFFFFFFFFFFFFFFFFFFFFFFFFFFFFFFFFFFFF9A
:20E6A000FFFFFFFFFFFFFFFFFFFFFFFFFFFFFFFFFFFFFFFFFFFFFFFFFFFFFFFFFFFFFFFF7A
:20E6C000FFFFFFFFFFFFFFFFFFFFFFFFFFFFFFFFFFFFFFFFFFFFFFFFFFFFFFFFFFFFFFFF5A
:20E6E000FFFFFFFFFFFFFFFFFFFFFFFFFFFFFFFFFFFFFFFFFFFFFFFFFFFFFFFFFFFFFFFF3A
:20E70000FFFFFFFFFFFFFFFFFFFFFFFFFFFFFFFFFFFFFFFFFFFFFFFFFFFFFFFFFFFFFFFF19
:20E72000FFFFFFFFFFFFFFFFFFFFFFFFFFFFFFFFFFFFFFFFFFFFFFFFFFFFFFFFFFFFFFFFF9
:20E74000FFFFFFFFFFFFFFFFFFFFFFFFFFFFFFFFFFFFFFFFFFFFFFFFFFFFFFFFFFFFFFFFD9
:20E76000FFFFFFFFFFFFFFFFFFFFFFFFFFFFFFFFFFFFFFFFFFFFFFFFFFFFFFFFFFFFFFFFB9
:20E78000FFFFFFFFFFFFFFFFFFFFFFFFFFFFFFFFFFFFFFFFFFFFFFFFFFFFFFFFFFFFFFFF99
:20E7A000FFFFFFFFFFFFFFFFFFFFFFFFFFFFFFFFFFFFFFFFFFFFFFFFFFFFFFFFFFFFFFFF79
:20E7C000FFFFFFFFFFFFFFFFFFFFFFFFFFFFFFFFFFFFFFFFFFFFFFFFFFFFFFFFFFFFFFFF59
:20E7E000FFFFFFFFFFFFFFFFFFFFFFFFFFFFFFFFFFFFFFFFFFFFFFFFFFFFFFFFFFFFFFFF39
:20E80000FFFFFFFFFFFFFFFFFFFFFFFFFFFFFFFFFFFFFFFFFFFFFFFFFFFFFFFFFFFFFFFF18
:20E82000FFFFFFFFFFFFFFFFFFFFFFFFFFFFFFFFFFFFFFFFFFFFFFFFFFFFFFFFFFFFFFFFF8
:20E84000FFFFFFFFFFFFFFFFFFFFFFFFFFFFFFFFFFFFFFFFFFFFFFFFFFFFFFFFFFFFFFFFD8
:20E86000FFFFFFFFFFFFFFFFFFFFFFFFFFFFFFFFFFFFFFFFFFFFFFFFFFFFFFFFFFFFFFFFB8
:20E88000FFFFFFFFFFFFFFFFFFFFFFFFFFFFFFFFFFFFFFFFFFFFFFFFFFFFFFFFFFFFFFFF98
:20E8A000FFFFFFFFFFFFFFFFFFFFFFFFFFFFFFFFFFFFFFFFFFFFFFFFFFFFFFFFFFFFFFFF78
:20E8C000FFFFFFFFFFFFFFFFFFFFFFFFFFFFFFFFFFFFFFFFFFFFFFFFFFFFFFFFFFFFFFFF58
:20E8E000FFFFFFFFFFFFFFFFFFFFFFFFFFFFFFFFFFFFFFFFFFFFFFFFFFFFFFFFFFFFFFFF38
:20E90000FFFFFFFFFFFFFFFFFFFFFFFFFFFFFFFFFFFFFFFFFFFFFFFFFFFFFFFFFFFFFFFF17
:20E92000FFFFFFFFFFFFFFFFFFFFFFFFFFFFFFFFFFFFFFFFFFFFFFFFFFFFFFFFFFFFFFFFF7
:20E94000FFFFFFFFFFFFFFFFFFFFFFFFFFFFFFFFFFFFFFFFFFFFFFFFFFFFFFFFFFFFFFFFD7
:20E96000FFFFFFFFFFFFFFFFFFFFFFFFFFFFFFFFFFFFFFFFFFFFFFFFFFFFFFFFFFFFFFFFB7
:20E98000FFFFFFFFFFFFFFFFFFFFFFFFFFFFFFFFFFFFFFFFFFFFFFFFFFFFFFFFFFFFFFFF97
:20E9A000FFFFFFFFFFFFFFFFFFFFFFFFFFFFFFFFFFFFFFFFFFFFFFFFFFFFFFFFFFFFFFFF77
:20E9C000FFFFFFFFFFFFFFFFFFFFFFFFFFFFFFFFFFFFFFFFFFFFFFFFFFFFFFFFFFFFFFFF57
:20E9E000FFFFFFFFFFFFFFFFFFFFFFFFFFFFFFFFFFFFFFFFFFFFFFFFFFFFFFFFFFFFFFFF37
:20EA0000FFFFFFFFFFFFFFFFFFFFFFFFFFFFFFFFFFFFFFFFFFFFFFFFFFFFFFFFFFFFFFFF16
:20EA2000FFFFFFFFFFFFFFFFFFFFFFFFFFFFFFFFFFFFFFFFFFFFFFFFFFFFFFFFFFFFFFFFF6
:20EA4000FFFFFFFFFFFFFFFFFFFFFFFFFFFFFFFFFFFFFFFFFFFFFFFFFFFFFFFFFFFFFFFFD6
:20EA6000FFFFFFFFFFFFFFFFFFFFFFFFFFFFFFFFFFFFFFFFFFFFFFFFFFFFFFFFFFFFFFFFB6
:20EA8000FFFFFFFFFFFFFFFFFFFFFFFFFFFFFFFFFFFFFFFFFFFFFFFFFFFFFFFFFFFFFFFF96
:20EAA000FFFFFFFFFFFFFFFFFFFFFFFFFFFFFFFFFFFFFFFFFFFFFFFFFFFFFFFFFFFFFFFF76
:20EAC000FFFFFFFFFFFFFFFFFFFFFFFFFFFFFFFFFFFFFFFFFFFFFFFFFFFFFFFFFFFFFFFF56
:20EAE000FFFFFFFFFFFFFFFFFFFFFFFFFFFFFFFFFFFFFFFFFFFFFFFFFFFFFFFFFFFFFFFF36
:20EB0000FFFFFFFFFFFFFFFFFFFFFFFFFFFFFFFFFFFFFFFFFFFFFFFFFFFFFFFFFFFFFFFF15
:20EB2000FFFFFFFFFFFFFFFFFFFFFFFFFFFFFFFFFFFFFFFFFFFFFFFFFFFFFFFFFFFFFFFFF5
:20EB4000FFFFFFFFFFFFFFFFFFFFFFFFFFFFFFFFFFFFFFFFFFFFFFFFFFFFFFFFFFFFFFFFD5
:20EB6000FFFFFFFFFFFFFFFFFFFFFFFFFFFFFFFFFFFFFFFFFFFFFFFFFFFFFFFFFFFFFFFFB5
:20EB8000FFFFFFFFFFFFFFFFFFFFFFFFFFFFFFFFFFFFFFFFFFFFFFFFFFFFFFFFFFFFFFFF95
:20EBA000FFFFFFFFFFFFFFFFFFFFFFFFFFFFFFFFFFFFFFFFFFFFFFFFFFFFFFFFFFFFFFFF75
:20EBC000FFFFFFFFFFFFFFFFFFFFFFFFFFFFFFFFFFFFFFFFFFFFFFFFFFFFFFFFFFFFFFFF55
:20EBE000FFFFFFFFFFFFFFFFFFFFFFFFFFFFFFFFFFFFFFFFFFFFFFFFFFFFFFFFFFFFFFFF35
:20EC0000FFFFFFFFFFFFFFFFFFFFFFFFFFFFFFFFFFFFFFFFFFFFFFFFFFFFFFFFFFFFFFFF14
:20EC2000FFFFFFFFFFFFFFFFFFFFFFFFFFFFFFFFFFFFFFFFFFFFFFFFFFFFFFFFFFFFFFFFF4
:20EC4000FFFFFFFFFFFFFFFFFFFFFFFFFFFFFFFFFFFFFFFFFFFFFFFFFFFFFFFFFFFFFFFFD4
:20EC6000FFFFFFFFFFFFFFFFFFFFFFFFFFFFFFFFFFFFFFFFFFFFFFFFFFFFFFFFFFFFFFFFB4
:20EC8000FFFFFFFFFFFFFFFFFFFFFFFFFFFFFFFFFFFFFFFFFFFFFFFFFFFFFFFFFFFFFFFF94
:20ECA000FFFFFFFFFFFFFFFFFFFFFFFFFFFFFFFFFFFFFFFFFFFFFFFFFFFFFFFFFFFFFFFF74
:20ECC000FFFFFFFFFFFFFFFFFFFFFFFFFFFFFFFFFFFFFFFFFFFFFFFFFFFFFFFFFFFFFFFF54
:20ECE000FFFFFFFFFFFFFFFFFFFFFFFFFFFFFFFFFFFFFFFFFFFFFFFFFFFFFFFFFFFFFFFF34
:20ED0000FFFFFFFFFFFFFFFFFFFFFFFFFFFFFFFFFFFFFFFFFFFFFFFFFFFFFFFFFFFFFFFF13
:20ED2000FFFFFFFFFFFFFFFFFFFFFFFFFFFFFFFFFFFFFFFFFFFFFFFFFFFFFFFFFFFFFFFFF3
:20ED4000FFFFFFFFFFFFFFFFFFFFFFFFFFFFFFFFFFFFFFFFFFFFFFFFFFFFFFFFFFFFFFFFD3
:20ED6000FFFFFFFFFFFFFFFFFFFFFFFFFFFFFFFFFFFFFFFFFFFFFFFFFFFFFFFFFFFFFFFFB3
:20ED8000FFFFFFFFFFFFFFFFFFFFFFFFFFFFFFFFFFFFFFFFFFFFFFFFFFFFFFFFFFFFFFFF93
:20EDA000FFFFFFFFFFFFFFFFFFFFFFFFFFFFFFFFFFFFFFFFFFFFFFFFFFFFFFFFFFFFFFFF73
:20EDC000FFFFFFFFFFFFFFFFFFFFFFFFFFFFFFFFFFFFFFFFFFFFFFFFFFFFFFFFFFFFFFFF53
:20EDE000FFFFFFFFFFFFFFFFFFFFFFFFFFFFFFFFFFFFFFFFFFFFFFFFFFFFFFFFFFFFFFFF33
:20EE0000FFFFFFFFFFFFFFFFFFFFFFFFFFFFFFFFFFFFFFFFFFFFFFFFFFFFFFFFFFFFFFFF12
:20EE2000FFFFFFFFFFFFFFFFFFFFFFFFFFFFFFFFFFFFFFFFFFFFFFFFFFFFFFFFFFFFFFFFF2
:20EE4000FFFFFFFFFFFFFFFFFFFFFFFFFFFFFFFFFFFFFFFFFFFFFFFFFFFFFFFFFFFFFFFFD2
:20EE6000FFFFFFFFFFFFFFFFFFFFFFFFFFFFFFFFFFFFFFFFFFFFFFFFFFFFFFFFFFFFFFFFB2
:20EE8000FFFFFFFFFFFFFFFFFFFFFFFFFFFFFFFFFFFFFFFFFFFFFFFFFFFFFFFFFFFFFFFF92
:20EEA000FFFFFFFFFFFFFFFFFFFFFFFFFFFFFFFFFFFFFFFFFFFFFFFFFFFFFFFFFFFFFFFF72
:20EEC000FFFFFFFFFFFFFFFFFFFFFFFFFFFFFFFFFFFFFFFFFFFFFFFFFFFFFFFFFFFFFFFF52
:20EEE000FFFFFFFFFFFFFFFFFFFFFFFFFFFFFFFFFFFFFFFFFFFFFFFFFFFFFFFFFFFFFFFF32
:20EF0000FFFFFFFFFFFFFFFFFFFFFFFFFFFFFFFFFFFFFFFFFFFFFFFFFFFFFFFFFFFFFFFF11
:20EF2000FFFFFFFFFFFFFFFFFFFFFFFFFFFFFFFFFFFFFFFFFFFFFFFFFFFFFFFFFFFFFFFFF1
:20EF4000FFFFFFFFFFFFFFFFFFFFFFFFFFFFFFFFFFFFFFFFFFFFFFFFFFFFFFFFFFFFFFFFD1
:20EF6000FFFFFFFFFFFFFFFFFFFFFFFFFFFFFFFFFFFFFFFFFFFFFFFFFFFFFFFFFFFFFFFFB1
:20EF8000FFFFFFFFFFFFFFFFFFFFFFFFFFFFFFFFFFFFFFFFFFFFFFFFFFFFFFFFFFFFFFFF91
:20EFA000FFFFFFFFFFFFFFFFFFFFFFFFFFFFFFFFFFFFFFFFFFFFFFFFFFFFFFFFFFFFFFFF71
:20EFC000FFFFFFFFFFFFFFFFFFFFFFFFFFFFFFFFFFFFFFFFFFFFFFFFFFFFFFFFFFFFFFFF51
:20EFE000FFFFFFFFFFFFFFFFFFFFFFFFFFFFFFFFFFFFFFFFFFFFFFFFFFFFFFFFFFFFFFFF31
:20F00000FFFFFFFFFFFFFFFFFFFFFFFFFFFFFFFFFFFFFFFFFFFFFFFFFFFFFFFFFFFFFFFF10
:20F02000FFFFFFFFFFFFFFFFFFFFFFFFFFFFFFFFFFFFFFFFFFFFFFFFFFFFFFFFFFFFFFFFF0
:20F04000FFFFFFFFFFFFFFFFFFFFFFFFFFFFFFFFFFFFFFFFFFFFFFFFFFFFFFFFFFFFFFFFD0
:20F06000FFFFFFFFFFFFFFFFFFFFFFFFFFFFFFFFFFFFFFFFFFFFFFFFFFFFFFFFFFFFFFFFB0
:20F08000FFFFFFFFFFFFFFFFFFFFFFFFFFFFFFFFFFFFFFFFFFFFFFFFFFFFFFFFFFFFFFFF90
:20F0A000FFFFFFFFFFFFFFFFFFFFFFFFFFFFFFFFFFFFFFFFFFFFFFFFFFFFFFFFFFFFFFFF70
:20F0C000FFFFFFFFFFFFFFFFFFFFFFFFFFFFFFFFFFFFFFFFFFFFFFFFFFFFFFFFFFFFFFFF50
:20F0E000FFFFFFFFFFFFFFFFFFFFFFFFFFFFFFFFFFFFFFFFFFFFFFFFFFFFFFFFFFFFFFFF30
:20F10000FFFFFFFFFFFFFFFFFFFFFFFFFFFFFFFFFFFFFFFFFFFFFFFFFFFFFFFFFFFFFFFF0F
:20F12000FFFFFFFFFFFFFFFFFFFFFFFFFFFFFFFFFFFFFFFFFFFFFFFFFFFFFFFFFFFFFFFFEF
:20F14000FFFFFFFFFFFFFFFFFFFFFFFFFFFFFFFFFFFFFFFFFFFFFFFFFFFFFFFFFFFFFFFFCF
:20F16000FFFFFFFFFFFFFFFFFFFFFFFFFFFFFFFFFFFFFFFFFFFFFFFFFFFFFFFFFFFFFFFFAF
:20F18000FFFFFFFFFFFFFFFFFFFFFFFFFFFFFFFFFFFFFFFFFFFFFFFFFFFFFFFFFFFFFFFF8F
:20F1A000FFFFFFFFFFFFFFFFFFFFFFFFFFFFFFFFFFFFFFFFFFFFFFFFFFFFFFFFFFFFFFFF6F
:20F1C000FFFFFFFFFFFFFFFFFFFFFFFFFFFFFFFFFFFFFFFFFFFFFFFFFFFFFFFFFFFFFFFF4F
:20F1E000FFFFFFFFFFFFFFFFFFFFFFFFFFFFFFFFFFFFFFFFFFFFFFFFFFFFFFFFFFFFFFFF2F
:20F20000FFFFFFFFFFFFFFFFFFFFFFFFFFFFFFFFFFFFFFFFFFFFFFFFFFFFFFFFFFFFFFFF0E
:20F22000FFFFFFFFFFFFFFFFFFFFFFFFFFFFFFFFFFFFFFFFFFFFFFFFFFFFFFFFFFFFFFFFEE
:20F24000FFFFFFFFFFFFFFFFFFFFFFFFFFFFFFFFFFFFFFFFFFFFFFFFFFFFFFFFFFFFFFFFCE
:20F26000FFFFFFFFFFFFFFFFFFFFFFFFFFFFFFFFFFFFFFFFFFFFFFFFFFFFFFFFFFFFFFFFAE
:20F28000FFFFFFFFFFFFFFFFFFFFFFFFFFFFFFFFFFFFFFFFFFFFFFFFFFFFFFFFFFFFFFFF8E
:20F2A000FFFFFFFFFFFFFFFFFFFFFFFFFFFFFFFFFFFFFFFFFFFFFFFFFFFFFFFFFFFFFFFF6E
:20F2C000FFFFFFFFFFFFFFFFFFFFFFFFFFFFFFFFFFFFFFFFFFFFFFFFFFFFFFFFFFFFFFFF4E
:20F2E000FFFFFFFFFFFFFFFFFFFFFFFFFFFFFFFFFFFFFFFFFFFFFFFFFFFFFFFFFFFFFFFF2E
:20F30000FFFFFFFFFFFFFFFFFFFFFFFFFFFFFFFFFFFFFFFFFFFFFFFFFFFFFFFFFFFFFFFF0D
:20F32000FFFFFFFFFFFFFFFFFFFFFFFFFFFFFFFFFFFFFFFFFFFFFFFFFFFFFFFFFFFFFFFFED
:20F34000FFFFFFFFFFFFFFFFFFFFFFFFFFFFFFFFFFFFFFFFFFFFFFFFFFFFFFFFFFFFFFFFCD
:20F36000FFFFFFFFFFFFFFFFFFFFFFFFFFFFFFFFFFFFFFFFFFFFFFFFFFFFFFFFFFFFFFFFAD
:20F38000FFFFFFFFFFFFFFFFFFFFFFFFFFFFFFFFFFFFFFFFFFFFFFFFFFFFFFFFFFFFFFFF8D
:20F3A000FFFFFFFFFFFFFFFFFFFFFFFFFFFFFFFFFFFFFFFFFFFFFFFFFFFFFFFFFFFFFFFF6D
:20F3C000FFFFFFFFFFFFFFFFFFFFFFFFFFFFFFFFFFFFFFFFFFFFFFFFFFFFFFFFFFFFFFFF4D
:20F3E000FFFFFFFFFFFFFFFFFFFFFFFFFFFFFFFFFFFFFFFFFFFFFFFFFFFFFFFFFFFFFFFF2D
:20F40000FFFFFFFFFFFFFFFFFFFFFFFFFFFFFFFFFFFFFFFFFFFFFFFFFFFFFFFFFFFFFFFF0C
:20F42000FFFFFFFFFFFFFFFFFFFFFFFFFFFFFFFFFFFFFFFFFFFFFFFFFFFFFFFFFFFFFFFFEC
:20F44000FFFFFFFFFFFFFFFFFFFFFFFFFFFFFFFFFFFFFFFFFFFFFFFFFFFFFFFFFFFFFFFFCC
:20F46000FFFFFFFFFFFFFFFFFFFFFFFFFFFFFFFFFFFFFFFFFFFFFFFFFFFFFFFFFFFFFFFFAC
:20F48000FFFFFFFFFFFFFFFFFFFFFFFFFFFFFFFFFFFFFFFFFFFFFFFFFFFFFFFFFFFFFFFF8C
:20F4A000FFFFFFFFFFFFFFFFFFFFFFFFFFFFFFFFFFFFFFFFFFFFFFFFFFFFFFFFFFFFFFFF6C
:20F4C000FFFFFFFFFFFFFFFFFFFFFFFFFFFFFFFFFFFFFFFFFFFFFFFFFFFFFFFFFFFFFFFF4C
:20F4E000FFFFFFFFFFFFFFFFFFFFFFFFFFFFFFFFFFFFFFFFFFFFFFFFFFFFFFFFFFFFFFFF2C
:20F50000FFFFFFFFFFFFFFFFFFFFFFFFFFFFFFFFFFFFFFFFFFFFFFFFFFFFFFFFFFFFFFFF0B
:20F52000FFFFFFFFFFFFFFFFFFFFFFFFFFFFFFFFFFFFFFFFFFFFFFFFFFFFFFFFFFFFFFFFEB
:20F54000FFFFFFFFFFFFFFFFFFFFFFFFFFFFFFFFFFFFFFFFFFFFFFFFFFFFFFFFFFFFFFFFCB
:20F56000FFFFFFFFFFFFFFFFFFFFFFFFFFFFFFFFFFFFFFFFFFFFFFFFFFFFFFFFFFFFFFFFAB
:20F58000FFFFFFFFFFFFFFFFFFFFFFFFFFFFFFFFFFFFFFFFFFFFFFFFFFFFFFFFFFFFFFFF8B
:20F5A000FFFFFFFFFFFFFFFFFFFFFFFFFFFFFFFFFFFFFFFFFFFFFFFFFFFFFFFFFFFFFFFF6B
:20F5C000FFFFFFFFFFFFFFFFFFFFFFFFFFFFFFFFFFFFFFFFFFFFFFFFFFFFFFFFFFFFFFFF4B
:20F5E000FFFFFFFFFFFFFFFFFFFFFFFFFFFFFFFFFFFFFFFFFFFFFFFFFFFFFFFFFFFFFFFF2B
:20F60000FFFFFFFFFFFFFFFFFFFFFFFFFFFFFFFFFFFFFFFFFFFFFFFFFFFFFFFFFFFFFFFF0A
:20F62000FFFFFFFFFFFFFFFFFFFFFFFFFFFFFFFFFFFFFFFFFFFFFFFFFFFFFFFFFFFFFFFFEA
:20F64000FFFFFFFFFFFFFFFFFFFFFFFFFFFFFFFFFFFFFFFFFFFFFFFFFFFFFFFFFFFFFFFFCA
:20F66000FFFFFFFFFFFFFFFFFFFFFFFFFFFFFFFFFFFFFFFFFFFFFFFFFFFFFFFFFFFFFFFFAA
:20F68000FFFFFFFFFFFFFFFFFFFFFFFFFFFFFFFFFFFFFFFFFFFFFFFFFFFFFFFFFFFFFFFF8A
:20F6A000FFFFFFFFFFFFFFFFFFFFFFFFFFFFFFFFFFFFFFFFFFFFFFFFFFFFFFFFFFFFFFFF6A
:20F6C000FFFFFFFFFFFFFFFFFFFFFFFFFFFFFFFFFFFFFFFFFFFFFFFFFFFFFFFFFFFFFFFF4A
:20F6E000FFFFFFFFFFFFFFFFFFFFFFFFFFFFFFFFFFFFFFFFFFFFFFFFFFFFFFFFFFFFFFFF2A
:20F70000FFFFFFFFFFFFFFFFFFFFFFFFFFFFFFFFFFFFFFFFFFFFFFFFFFFFFFFFFFFFFFFF09
:20F72000FFFFFFFFFFFFFFFFFFFFFFFFFFFFFFFFFFFFFFFFFFFFFFFFFFFFFFFFFFFFFFFFE9
:20F74000FFFFFFFFFFFFFFFFFFFFFFFFFFFFFFFFFFFFFFFFFFFFFFFFFFFFFFFFFFFFFFFFC9
:20F76000FFFFFFFFFFFFFFFFFFFFFFFFFFFFFFFFFFFFFFFFFFFFFFFFFFFFFFFFFFFFFFFFA9
:20F78000FFFFFFFFFFFFFFFFFFFFFFFFFFFFFFFFFFFFFFFFFFFFFFFFFFFFFFFFFFFFFFFF89
:20F7A000FFFFFFFFFFFFFFFFFFFFFFFFFFFFFFFFFFFFFFFFFFFFFFFFFFFFFFFFFFFFFFFF69
:20F7C000FFFFFFFFFFFFFFFFFFFFFFFFFFFFFFFFFFFFFFFFFFFFFFFFFFFFFFFFFFFFFFFF49
:20F7E000FFFFFFFFFFFFFFFFFFFFFFFFFFFFFFFFFFFFFFFFFFFFFFFFFFFFFFFFFFFFFFFF29
:20F80000FFFFFFFFFFFFFFFFFFFFFFFFFFFFFFFFFFFFFFFFFFFFFFFFFFFFFFFFFFFFFFFF08
:20F82000FFFFFFFFFFFFFFFFFFFFFFFFFFFFFFFFFFFFFFFFFFFFFFFFFFFFFFFFFFFFFFFFE8
:20F84000FFFFFFFFFFFFFFFFFFFFFFFFFFFFFFFFFFFFFFFFFFFFFFFFFFFFFFFFFFFFFFFFC8
:20F86000FFFFFFFFFFFFFFFFFFFFFFFFFFFFFFFFFFFFFFFFFFFFFFFFFFFFFFFFFFFFFFFFA8
:20F88000FFFFFFFFFFFFFFFFFFFFFFFFFFFFFFFFFFFFFFFFFFFFFFFFFFFFFFFFFFFFFFFF88
:20F8A000FFFFFFFFFFFFFFFFFFFFFFFFFFFFFFFFFFFFFFFFFFFFFFFFFFFFFFFFFFFFFFFF68
:20F8C000FFFFFFFFFFFFFFFFFFFFFFFFFFFFFFFFFFFFFFFFFFFFFFFFFFFFFFFFFFFFFFFF48
:20F8E000FFFFFFFFFFFFFFFFFFFFFFFFFFFFFFFFFFFFFFFFFFFFFFFFFFFFFFFFFFFFFFFF28
:20F90000FFFFFFFFFFFFFFFFFFFFFFFFFFFFFFFFFFFFFFFFFFFFFFFFFFFFFFFFFFFFFFFF07
:20F92000FFFFFFFFFFFFFFFFFFFFFFFFFFFFFFFFFFFFFFFFFFFFFFFFFFFFFFFFFFFFFFFFE7
:20F94000FFFFFFFFFFFFFFFFFFFFFFFFFFFFFFFFFFFFFFFFFFFFFFFFFFFFFFFFFFFFFFFFC7
:20F96000FFFFFFFFFFFFFFFFFFFFFFFFFFFFFFFFFFFFFFFFFFFFFFFFFFFFFFFFFFFFFFFFA7
:20F98000FFFFFFFFFFFFFFFFFFFFFFFFFFFFFFFFFFFFFFFFFFFFFFFFFFFFFFFFFFFFFFFF87
:20F9A000FFFFFFFFFFFFFFFFFFFFFFFFFFFFFFFFFFFFFFFFFFFFFFFFFFFFFFFFFFFFFFFF67
:20F9C000FFFFFFFFFFFFFFFFFFFFFFFFFFFFFFFFFFFFFFFFFFFFFFFFFFFFFFFFFFFFFFFF47
:20F9E000FFFFFFFFFFFFFFFFFFFFFFFFFFFFFFFFFFFFFFFFFFFFFFFFFFFFFFFFFFFFFFFF27
:20FA0000FFFFFFFFFFFFFFFFFFFFFFFFFFFFFFFFFFFFFFFFFFFFFFFFFFFFFFFFFFFFFFFF06
:20FA2000FFFFFFFFFFFFFFFFFFFFFFFFFFFFFFFFFFFFFFFFFFFFFFFFFFFFFFFFFFFFFFFFE6
:20FA4000FFFFFFFFFFFFFFFFFFFFFFFFFFFFFFFFFFFFFFFFFFFFFFFFFFFFFFFFFFFFFFFFC6
:20FA6000FFFFFFFFFFFFFFFFFFFFFFFFFFFFFFFFFFFFFFFFFFFFFFFFFFFFFFFFFFFFFFFFA6
:20FA8000FFFFFFFFFFFFFFFFFFFFFFFFFFFFFFFFFFFFFFFFFFFFFFFFFFFFFFFFFFFFFFFF86
:20FAA000FFFFFFFFFFFFFFFFFFFFFFFFFFFFFFFFFFFFFFFFFFFFFFFFFFFFFFFFFFFFFFFF66
:20FAC000FFFFFFFFFFFFFFFFFFFFFFFFFFFFFFFFFFFFFFFFFFFFFFFFFFFFFFFFFFFFFFFF46
:20FAE000FFFFFFFFFFFFFFFFFFFFFFFFFFFFFFFFFFFFFFFFFFFFFFFFFFFFFFFFFFFFFFFF26
:20FB0000FFFFFFFFFFFFFFFFFFFFFFFFFFFFFFFFFFFFFFFFFFFFFFFFFFFFFFFFFFFFFFFF05
:20FB2000FFFFFFFFFFFFFFFFFFFFFFFFFFFFFFFFFFFFFFFFFFFFFFFFFFFFFFFFFFFFFFFFE5
:20FB4000FFFFFFFFFFFFFFFFFFFFFFFFFFFFFFFFFFFFFFFFFFFFFFFFFFFFFFFFFFFFFFFFC5
:20FB6000FFFFFFFFFFFFFFFFFFFFFFFFFFFFFFFFFFFFFFFFFFFFFFFFFFFFFFFFFFFFFFFFA5
:20FB8000FFFFFFFFFFFFFFFFFFFFFFFFFFFFFFFFFFFFFFFFFFFFFFFFFFFFFFFFFFFFFFFF85
:20FBA000FFFFFFFFFFFFFFFFFFFFFFFFFFFFFFFFFFFFFFFFFFFFFFFFFFFFFFFFFFFFFFFF65
:20FBC000FFFFFFFFFFFFFFFFFFFFFFFFFFFFFFFFFFFFFFFFFFFFFFFFFFFFFFFFFFFFFFFF45
:20FBE000FFFFFFFFFFFFFFFFFFFFFFFFFFFFFFFFFFFFFFFFFFFFFFFFFFFFFFFFFFFFFFFF25
:20FC0000FFFFFFFFFFFFFFFFFFFFFFFFFFFFFFFFFFFFFFFFFFFFFFFFFFFFFFFFFFFFFFFF04
:20FC2000FFFFFFFFFFFFFFFFFFFFFFFFFFFFFFFFFFFFFFFFFFFFFFFFFFFFFFFFFFFFFFFFE4
:20FC4000FFFFFFFFFFFFFFFFFFFFFFFFFFFFFFFFFFFFFFFFFFFFFFFFFFFFFFFFFFFFFFFFC4
:20FC6000FFFFFFFFFFFFFFFFFFFFFFFFFFFFFFFFFFFFFFFFFFFFFFFFFFFFFFFFFFFFFFFFA4
:20FC8000FFFFFFFFFFFFFFFFFFFFFFFFFFFFFFFFFFFFFFFFFFFFFFFFFFFFFFFFFFFFFFFF84
:20FCA000FFFFFFFFFFFFFFFFFFFFFFFFFFFFFFFFFFFFFFFFFFFFFFFFFFFFFFFFFFFFFFFF64
:20FCC000FFFFFFFFFFFFFFFFFFFFFFFFFFFFFFFFFFFFFFFFFFFFFFFFFFFFFFFFFFFFFFFF44
:20FCE000FFFFFFFFFFFFFFFFFFFFFFFFFFFFFFFFFFFFFFFFFFFFFFFFFFFFFFFFFFFFFFFF24
:20FD0000FFFFFFFFFFFFFFFFFFFFFFFFFFFFFFFFFFFFFFFFFFFFFFFFFFFFFFFFFFFFFFFF03
:20FD2000FFFFFFFFFFFFFFFFFFFFFFFFFFFFFFFFFFFFFFFFFFFFFFFFFFFFFFFFFFFFFFFFE3
:20FD4000FFFFFFFFFFFFFFFFFFFFFFFFFFFFFFFFFFFFFFFFFFFFFFFFFFFFFFFFFFFFFFFFC3
:20FD6000FFFFFFFFFFFFFFFFFFFFFFFFFFFFFFFFFFFFFFFFFFFFFFFFFFFFFFFFFFFFFFFFA3
:20FD8000FFFFFFFFFFFFFFFFFFFFFFFFFFFFFFFFFFFFFFFFFFFFFFFFFFFFFFFFFFFFFFFF83
:20FDA000FFFFFFFFFFFFFFFFFFFFFFFFFFFFFFFFFFFFFFFFFFFFFFFFFFFFFFFFFFFFFFFF63
:20FDC000FFFFFFFFFFFFFFFFFFFFFFFFFFFFFFFFFFFFFFFFFFFFFFFFFFFFFFFFFFFFFFFF43
:20FDE000FFFFFFFFFFFFFFFFFFFFFFFFFFFFFFFFFFFFFFFFFFFFFFFFFFFFFFFFFFFFFFFF23
:20FE0000FFFFFFFFFFFFFFFFFFFFFFFFFFFFFFFFFFFFFFFFFFFFFFFFFFFFFFFFFFFFFFFF02
:20FE2000FFFFFFFFFFFFFFFFFFFFFFFFFFFFFFFFFFFFFFFFFFFFFFFFFFFFFFFFFFFFFFFFE2
:20FE4000FFFFFFFFFFFFFFFFFFFFFFFFFFFFFFFFFFFFFFFFFFFFFFFFFFFFFFFFFFFFFFFFC2
:20FE6000FFFFFFFFFFFFFFFFFFFFFFFFFFFFFFFFFFFFFFFFFFFFFFFFFFFFFFFFFFFFFFFFA2
:20FE8000FFFFFFFFFFFFFFFFFFFFFFFFFFFFFFFFFFFFFFFFFFFFFFFFFFFFFFFFFFFFFFFF82
:20FEA000FFFFFFFFFFFFFFFFFFFFFFFFFFFFFFFFFFFFFFFFFFFFFFFFFFFFFFFFFFFFFFFF62
:20FEC000FFFFFFFFFFFFFFFFFFFFFFFFFFFFFFFFFFFFFFFFFFFFFFFFFFFFFFFFFFFFFFFF42
:20FEE000FFFFFFFFFFFFFFFFFFFFFFFFFFFFFFFFFFFFFFFFFFFFFFFFFFFFFFFFFFFFFFFF22
:20FF0000FFFFFFFFFFFFFFFFFFFFFFFFFFFFFFFFFFFFFFFFFFFFFFFFFFFFFFFFFFFFFFFF01
:20FF2000FFFFFFFFFFFFFFFFFFFFFFFFFFFFFFFFFFFFFFFFFFFFFFFFFFFFFFFFFFFFFFFFE1
:20FF4000FFFFFFFFFFFFFFFFFFFFFFFFFFFFFFFFFFFFFFFFFFFFFFFFFFFFFFFFFFFFFFFFC1
:20FF6000FFFFFFFFFFFFFFFFFFFFFFFFFFFFFFFFFFFFFFFFFFFFFFFFFFFFFFFFFFFFFFFFA1
:20FF8000FFFFFFFFFFFFFFFFFFFFFFFFFFFFFFFFFFFFFFFFFFFFFFFFFFFFFFFFFFFFFFFF81
:20FFA000FFFFFFFFFFFFFFFFFFFFFFFFFFFFFFFFFFFFFFFFFFFFFFFFFFFFFFFFFFFFFFFF61
:20FFC000FFFFFFFFFFFFFFFFFFFFFFFFFFFFFFFF5A52523930304648594C434400000000E0
:20FFE00000000000000000000000000000000000FFFFFFFFFFFFFFFFFFFFFFFF3FB40F1BF0
:00000001FF
