:020000040800F2
:2000000008100020311900084D1900085119000855190008591900085D1900080000000008
:20002000000000000000000000000000611900086519000800000000691900086D190008A0
:200040009B0C00089D0C00089F0C0008A10C0008A30C0008A50C0008A70C0008A90C0008F0
:20006000AB0C0008AD0C0008AF0C0008B10C0008B30C0008B50C0008B70C0008B90C000850
:20008000BB0C0008BD0C0008BF0C00087119000875190008791900087D190008C10C0008B8
:2000A000811900088519000889190008C30C0008C50C0008C70C0008C90C0008CB0C000807
:2000C000CD0C0008CF0C0008D10C0008D30C00088D190008D50C0008D70C0008D90C000821
:2000E000DB0C0008DD0C0008DF0C0008911900089519000899190008E10C0008E30C00081F
:200100009D190008E50C0008E70C0008A1190008E90C0008EB0C0008A5190008A9190008DF
:20012000ED0C0008EF0C0008F10C0008F30C0008AD190008B1190008B5190008B91900085F
:2001400000000000000000000000000000000000BD190008C1190008C5190008C91900080F
:20016000CD190008D1190008D5190008D9190008DD190008E1190008E519000810B50400E0
:20018000DFF8F005844208D10121042000F039FB0021042000F035FB32E0DFF8DC05844295
:2001A00008D10121082000F02CFB0021082000F028FB25E0DFF8C405844208D10121102013
:2001C00000F01FFB0021102000F01BFB18E0DFF8B005844208D10121202000F012FB00211B
:2001E000202000F00EFB0BE0DFF89805844207D10121402000F005FB0021402000F001FBEA
:2002000010BDF0B500270022002300240025002691F803C01CF00F0C674691F803C05FEADC
:20022000CC6C03D591F802C05CEA070791F800C05FEA0C6C3AD0D0F800C065465FF0000C6D
:200240006346082B31D25FF0010C1CFA03FC6446B1F800C014EA0C0C6246A24223D15FEA5C
:20026000830C64465FF00F0C1CFA04FC6646B54317FA04FC5CEA050591F803C0BCF1280F90
:2002800006D15FF0010C1CFA03FCC0F814C00AE091F803C0BCF1480F05D15FF0010C1CFA08
:2002A00003FCC0F810C05B1CCBE70560B1F800C0BCF1FF0F3FDDD0F804C065465FF0000C57
:2002C0006346082B36D25FF0010C13F1080E1CFA0EFC6446B1F800C014EA0C0C6246A242EF
:2002E00026D15FEA830C64465FF00F0C1CFA04FC6646B54317FA04FC5CEA050591F803C0B4
:20030000BCF1280F07D15FF0010C13F1080E1CFA0EFCC0F814C091F803C0BCF1480F07D1D7
:200320005FF0010C13F1080E1CFA0EFCC0F810C05B1CC6E74560F0BD89B20161704789B29A
:2003400041617047F0B4B0F1004F40F29A800023002420F000473E00F7093B0016F07F06C2
:2003600037093C0016F00F06052B06D02700FFB2BF0016FA07F73A0005E06708FFB2BF003D
:2003800016FA07F73A00002B08D0022B0ED009D3042B13D00ED3052B14D017E0DFF8E873FB
:2003A0003D0013E0DFF8E4733D000FE0DFF8E0733D000BE0DFF8DC733D0007E0DFF8D873F5
:2003C0003D0003E0DFF8D4733D00FFE7002C0BD1052B04D12F68BF08BF002F6049E02F6843
:2003E0003F093F012F6044E0012C0BD1052B04D12F6837F00C072F603BE02F6837F0F00784
:200400002F6036E0022C0BD1052B04D12F6837F030072F602DE02F6837F470672F6028E067
:20042000032C0BD1052B04D12F6837F0C0072F601FE02F6837F470472F601AE0042C04D192
:200440002F6837F470272F6013E0052C04D12F6837F470072F600CE0062C04D12F6837F042
:2004600070672F6005E0072C03D12F6827F070472F60C9B2012940F07B812F683A432A60C7
:2004800076E10200012A63D0022A53D0042A51D0082A4FD0102A7BD0302A00F08980402A74
:2004A00000F09680C02A00F0A380B2F5807F00F0AF80B2F5007F00F0BB80B2F5407F00F0CD
:2004C000C780B2F5006F00F0D380B2F5406F00F0DF80B2F5805F2DD0B2F5804F00F0E88086
:2004E000B2F5C04F00F0F480B2F5004F22D0B2F5803F1FD0B2F5003F1CD0B2F5802F19D094
:20050000B2F5002F16D0B2F5801F13D0B2F5001F00F01E81B2F1807F00F0EA80B2F1007F83
:2005200000F0F680B2F1806F00F00281B2F1004F1ED01DE19A4A12688243994B1A60C9B276
:20054000012904D1964A12680243954B1A600FE1934A1268934B1A40914B1A60C9B2012929
:2005600005D18F4A126852F001028D4B1A60FFE08B4A12688B4B1A40894B1A60C9B201296A
:2005800005D1874A126852F00042854B1A60EFE0834A126832F03002814B1A60C9B2012917
:2005A00005D17F4A126852F010027D4B1A60DFE07B4A126832F03002794B1A60C9B2012957
:2005C00005D1774A126852F03002754B1A60CFE0734A126832F0C002714B1A60C9B20129B7
:2005E00005D16F4A126852F040026D4B1A60BFE06B4A126832F0C002694B1A60C9B20129B7
:2006000005D1674A126852F0C002654B1A60AFE0634A126832F44072614B1A60C9B2012952
:2006200005D15F4A126852F480725D4B1A609FE05B4A126832F44072594B1A60C9B201292E
:2006400005D1574A126852F40072554B1A608FE0534A126832F44072514B1A60C9B20129BE
:2006600005D14F4A126852F440724D4B1A607FE04B4A126832F44062494B1A60C9B201299E
:2006800005D1474A126852F40062454B1A606FE0434A126832F44062414B1A60C9B20129FE
:2006A00005D13F4A126852F440623D4B1A605FE03B4A126832F4C042394B1A60C9B201296E
:2006C00005D1374A126852F48042354B1A604FE0334A126832F4C042314B1A60C9B201295E
:2006E00005D12F4A126852F4C0422D4B1A603FE02B4A126832F0E062294B1A60C9B20129F2
:2007000005D1274A126852F08072254B1A602FE0234A126832F0E062214B1A60C9B2012915
:2007200005D11F4A126852F000721D4B1A601FE01B4A126832F0E062194B1A60C9B20129A5
:2007400005D1174A126852F08062154B1A600FE0134A126832F40012114B1A60C9B2012971
:2007600005D10F4A126852F400120D4B1A60FFE7F0BC704700080140000C01400010014076
:2007800000140140001801402000014024000140280001402C000140300001403400014029
:2007A00004000140FEFFFF7FC9B2002905D01C4A126802431A4B1A6004E0194A1268824376
:2007C000174B1A607047C9B2002905D0154A12680243144B1A6004E0124A12688243114B3B
:2007E0001A607047C9B2002905D00F4A126802430D4B1A6004E00C4A126882430A4B1A601D
:200800007047C9B2002905D0084A12680243074B1A6004E0054A12688243044B1A607047D9
:2008200014100240181002401C1002400C10024082B000210191019981420CD2002100914A
:200840000099142903D20099491C0091F8E70199491C0191EFE702B0704700B587B04FF480
:200860008050ADF8000010208DF8030002208DF802006946DFF8E802FFF7C3FC4FF4805169
:20088000DFF8DC02FFF758FD4FF46040ADF8000002208DF8020018208DF803006946DFF8E1
:2008A000C002FFF7AEFC0020ADF804004FF48270ADF806000020ADF808000020ADF80A0091
:2008C0000020ADF80C004FF40070ADF80E000020ADF810000020ADF812000720ADF8140055
:2008E00001A9DFF8800200F08BF90121DFF8740200F0B5F907B000BD10B504000221DFF83D
:20090000640200F0BEF90028F8D0E4B2210089B2DFF8500200F0B1F90121DFF8480200F0F2
:20092000B0F90028F8D00520FFF782FFDFF8340200F0A5F9C0B210BD70B504000D0016005C
:200940004FF48050884908600B20FFF7D5FF280CC0B2FFF7D1FF280AC0B2FFF7CDFF28005C
:20096000C0B2FFF7C9FFA520FFF7C6FF3000461E80B2002805D0A520FFF7BEFF2070641C7C
:20098000F4E74FF480507949086070BD10B504004FF48050744908600620FFF7ADFF4FF406
:2009A0008050724908604FF480506F4908602020FFF7A2FF200CC0B2FFF79EFF200AC0B26D
:2009C000FFF79AFF2000C0B2FFF796FF4FF480506649086000F002F8002010BD80B5002015
:2009E0008DF800004FF480505F4908600520FFF783FFA520FFF780FF8DF8000000F016FBF2
:200A00009DF80000C007F4D44FF480505749086001BD2DE9F04704000D001600002081467E
:200A2000280642D0D5F5807000F0FF0080463000414680B289B2884203D2B2460120814664
:200A400000E0C2464FF48050474908600620FFF753FF4FF480504549086000F0E7FA4FF418
:200A60008050414908600220FFF746FF280CC0B2FFF742FF280AC0B2FFF73EFF2800C0B209
:200A8000FFF73AFF5046B0F1010A80B2002806D02078FFF731FF641C761E6D1CF2E74FF43E
:200AA000805032490860FFF799FF1FFA89F9B9F1000F52D1300080B2000A8046300601D045
:200AC00018F10108002007003800414680B289B2884242D2280502D12800FFF757FFB6B2F7
:200AE000B6F5807F03DD4FF48070824600E0B2464FF480501C4908600620FFF7FDFE4FF45F
:200B000080501A49086000F091FA4FF48050164908600220FFF7F0FE280CC0B2FFF7ECFE59
:200B2000280AC0B2FFF7E8FE2800C0B2FFF7E4FE5046B0F1010A80B2002806D02078FFF7C3
:200B4000DBFE641C761E6D1CF2E74FF4805007490860FFF743FF7F1CB6E7BDE8F0870000EF
:200B6000000C014000380040140C0140100C014010B5C2B00400200501D001203EE0200062
:200B8000FFF704FF002000900098FF2807D80098009901AA11540098401C0090F4E74FF42B
:200BA0008072210001A8FFF734FF002000900098FF2807D8002001A9009A88540098401CCE
:200BC0000090F4E74FF48072210001A8FFF7B4FE002000900098FF2809D8009801A9085C0D
:200BE0000099884203D10098401C0090F2E70098B0F5807F01D1002000E0012042B010BD73
:200C000010B4002203881A0012F441528B891B0404D5838853F48073838004E083884FF628
:200C2000FF64234083800B884C8823438C882343CC8823430C8923434C8923438C89640437
:200C4000640C2343CC8923431A430280838B4FF2FF74234083830B8A038210BC7047C9B2E1
:200C6000002904D0028852F04002028004E002884FF6BF731A4002807047818170478089AD
:200C800070470200002013890B4202D00123180001E000231800C0B270477047704770471A
:200CA0007047704770477047704770477047704770477047704770477047704770477047C4
:200CC0007047704770477047704770477047704770477047704770477047704770477047A4
:200CE00070477047704770477047704770477047704770472DE9F04782B004000D00260018
:200D0000AF0801214020FFF74FFD00F093F900208046B84528D216F828008DF8000006EB53
:200D2000880040788DF8010006EB880080788DF8020006EB8800C0788DF803009DF8000027
:200D40009DF80110090451EA00609DF8021050EA01209DF8031008438146484600F06EF9A4
:200D6000824618F10108D4E700214020FFF71CFD5046BDE8F68710B582B004000020ADF8D6
:200D80000000BDF80000210089B2884209D24FF47A7000F007F8BDF80000401CADF80000CB
:200DA000EFE713BD81B00021ADF80210BDF80210020092B2914212D200218DF800109DF875
:200DC0000010152905DA9DF80010491C8DF80010F5E7BDF80210491CADF80210E6E701B00A
:200DE000704780B5AB206949088064206749488055206649888000206449C88000206349F9
:200E0000088100206149488100206049888200205E49C86000205D49086100F05CF801BDC3
:200E20002DE9F041B4B000275848804658480500584800880600320092B2290001A8FFF769
:200E40007BFD9DF80400AB2803D0FFF7CAFF00203EE0B11E89B201A800F0A0F8040020007F
:200E600001A9B6B2314411F8021CC0B288420AD1200080B2000A01A9B6B2314411F8011CA4
:200E8000C0B2884201D001200700FFB2002F1DD100208DF800009DF80000310080B289B277
:200EA00088420DD201A89DF80010405C88F8000018F101089DF80000401C8DF80000EAE7C6
:200EC0003548324991EC060B80EC060B3800C0B234B0BDE8F0812DE9F043B3B000242B4828
:200EE00005002B4807002B4800888046B8F1020189B2280000F052F881461FFA88F805EB19
:200F0000080000F8029C484680B2000A1FFA88F805EB080101F8010C424692B239002800A4
:200F2000FFF777FD424692B239006846FFF704FDB8F1020189B2684600F030F806003000BA
:200F400069461FFA88F8414411F8021CC0B288420BD1300080B2000A69461FFA88F841444C
:200F600011F8011CC0B2884201D001200400E4B2002C05D10848054991EC060B80EC060BD8
:200F80002000C0B233B0BDE8F08300002018002000D077000000002008180020F8B5040014
:200FA0000D000027002006003000290080B289B288420BD23A0092B24AF20101B6B2A05D49
:200FC00080B200F006F80700761CEDE7380080B2F2BD10B4030010005B0000242200D2B26F
:200FE000082A0FDA9BB25B089BB280B290EA0304E40703D580B291EA500001E080B240080B
:20100000521CECE780B210BC704780B545F2555000F01EF8042000F01FF84FF4487000F0AD
:201020001FF800F021F800F024F801BD80B500F01BF801BD012004490860704701000348F7
:201040000160024800687047083002400030024080B20A4908607047C0B209490860704753
:2010600080B20849086070474AF6AA200349086070474CF6CC400149086070470030004032
:201080000430004008300040DFF82802DFF828120860DFF82802DFF820120860704738B5D4
:2010A00004000425B4F1046F2BD35FF0FF3000F0EAF80500EDB2042D20D1DFF8080200688E
:2010C00050F00200DFF8FC110860DFF8FC010460DFF8F001006850F04000DFF8E811086062
:2010E0005FF0FF3000F0CFF80500DFF8D801006841F6FD710840DFF8CC1108602800C0B2FB
:201100002AE05FF0805000F0A7F80500EDB2042D20D1DFF8AC01006850F00200DFF8A0119B
:201120000860DFF8A8010460DFF89401006850F04000DFF88C1108605FF0805000F08CF8A0
:201140000500DFF87C01006841F6FD710840DFF8701108602800C0B232BD70B504000D0062
:201160000426B4F1046F21D35FF4002000F08BF80600F6B2042E16D1DFF84801006850F0C4
:201180000100DFF84011086025805FF4002000F07AF80600DFF82C01006841F6FE710840E4
:2011A000DFF8201108603000C0B220E04FF4704000F052F80600F6B2042E16D1DFF8000151
:2011C000006850F00100DFF8F810086025804FF4704000F041F80600DFF8E400006841F6FE
:2011E000FE710840DFF8D81008603000C0B270BD042038490968C90702D5012108000FE06C
:2012000034490968490702D50221080008E031490968C90602D50321080001E004210800DB
:20122000C0B2704704202A490968C90702D5012108000FE026490968490702D5022108008B
:2012400008E023490968C90602D50321080001E004210800C0B2704738B504000425FFF7B0
:20126000C7FF0500EDB2012D06D1002C04D0FFF7BFFF0500641EF5E7002C01D105200500C0
:201280002800C0B232BD38B504000425FFF7CAFF0500EDB2012D06D1002C04D0FFF7C2FF8C
:2012A0000500641EF5E7002C01D1052005002800C0B232BD2301674504200240AB89EFCDF4
:2012C000102002409020024094200240142002408C2002400C20024038B5644800680400DD
:2012E00063482040B0F1005F08D162480068040025005E48006880F30888A84731BD2DE9CB
:20130000F84304000D001700FFF7BEFE600502D12000FFF7C4FEFFF789FEBFB2781C4710CF
:20132000002006003000390080B289B2884217D25FF00208E94642462900484600F09EF8B1
:20134000BDF800102000FFF708FF2088BDF80010884201D0012004E0AD1CA41C761CE1E7BB
:201360000020BDE8F2832DE9F04104005FF00308E00A060000200500B5422BD24FF40062E0
:201380004FF4006000FB05F010F5F0013A48FFF7D3FA002080465FFA88F8B8F1030F10DA1B
:2013A000FFF744FE4FF4006233494FF400602F4B00FB0530FFF7A3FF002802D018F10108E3
:2013C000E9E75FFA88F8B8F1030F01D100204AE06D1CD1E76005400D0600600529D0320004
:2013E00092B24FF4006000FB05F010F5F0012248FFF7A2FA002080465FFA88F8B8F1030FAA
:2014000010DAFFF713FE320092B21B494FF40060164B00FB0530FFF772FF002802D018F163
:201420000108E9E75FFA88F8B8F1030F01D1002019E00020070000200500A54211D23A0004
:2014400092B24AF2010105F1006010F580400078C0B280B2FFF7BDFD0700FFF7E7FD6D1CB9
:20146000EBE7380080B2BDE8F0810000004000080000FF2F044000080810002062B38B0779
:2014800008D0521E11F8013B00F8013B00F024808B07F6D1830740F0208000BF103A07D361
:2014A00030B4B1E83810103AA0E83810F9D230BC530724BFB1E80810A0E8081044BF51F8BC
:2014C000043B40F8043BD20724BF31F8022B20F8022B44BF0B7803707047083A07D3B1E89A
:2014E0000810083A40F8043B40F804CBF7D25307E4E7000070B50025002672B600F06FF837
:2015000001215FF00070FEF71DFF00F09BF8FFF7A4F96420FFF72FFC5548FFF729FB040063
:20152000FFF77EFC00F083F852488088552805D15048808A002801D1FFF7CEFE4D488088E0
:20154000AA2822D14B48808A55281ED162B6FFF75CFD80214848FEF7F2FE4648C068FFF794
:2015600002FF4449498980B2884202D1552043498880002041498882FFF7ADFC80213E48B9
:20158000FEF7DAFEFFF752FDFEE73D493D48FFF7B1FB06003C4800680500AE420BD1002EB6
:2015A00009D016F1010F06D0002D04D015F1010F01D0FFF791FE62B6FFF727FDFFF736FD9D
:2015C00080212D48FEF7BBFE6420FFF7D4FB80212948FEF7B1FE6420FFF7CDFBEEE780B5FC
:2015E00001210120FFF7FEF801214FF48050FFF7EAF801214FF48040FFF7F4F80121042062
:20160000FFF7E1F801210820FFF7DDF801211020FFF7D9F801212020FFF7D5F80121402026
:20162000FFF7D1F801210120FFF7CDF801BD80B500215FF0006000F02EF84FF4A06000F0E1
:2016400025F801BD80B50C48FEF798FD8020ADF8000010208DF8030002208DF80200694647
:201660000548FEF7CEFD80210348FEF765FE01BD00C0770008180020001801402018002033
:20168000FCBF030000400008FCFF030805490143054A11607047054A0A400243044B1A608E
:2016A000704700000000FA050CED00E080FFFF1F08ED00E080B54E48006850F470004C49AD
:2016C00008604C48006850F001004A4908604A480068002048490860464800684749084089
:2016E000444908604348006830F48020414908605FF41F004249086000F005F85FF000604B
:201700004049086001BD80B500F001F801BD82B000200190002000903648006850F48030D1
:20172000344908603348006810F4003000900198401C01900098002803D10198B0F5A06FB6
:20174000F0D12C480068800302D50120009001E0002000900098012847D12B48006850F05C
:201760001000294908602848006880088000264908602548006850F00200234908601E4877
:2017800000681D4908601C4800681B4908601A48006850F4806018490860174800681B4999
:2017A0000840154908601448006850F4E810124908601048006850F080700E4908600D4854
:2017C00000688001FBD50C480068800880000A4908600948006850F00200074908600648D0
:2017E000006810F00C000828F9D102B07047000088ED00E00010024004100240FFFFF6FE23
:201800000810024008ED00E000200240FFFFC09F19E050F8041BCB0744BFA9F10103591896
:20182000121F0023042A41F8043BF9D25FEA827C0B4604D54FF0000CA1F800C09B1CD1073F
:2018400044BF0021197050F8042B002AE1D1704710B450F8041B79B10268436802440830E9
:20186000DC0744BFA9F10104E31852F8044B43F8044B091FF9D1ECE710BC704710B5074968
:2018800079441831064C7C44163404E00A68081D114488470146A142F8D110BD2C0000005B
:2018A0004C0000004EF68851CEF20001086840F470000860BFF34F8FBFF36F8F4FF0007093
:2018C000E1EE100A7047000049FFFFFF30080000081000200000000079FFFFFF0400000038
:2018E00008010000000000200000000000F00BF8002801D0FFF7C2FF0020AFF30080FFF7E4
:20190000F9FD00F002F80120704700F001B800000746384600F002F8FBE7000080B5AFF3F8
:201920000080024A11001820ABBEFBE7260002000148804701480047B5160008411900084A
:20194000AFF30080FFF7AEFFFFF7D0FFFFF7FEBFFFF7FEBFFFF7FEBFFFF7FEBFFFF7FEBF7E
:20196000FFF7FEBFFFF7FEBFFFF7FEBFFFF7FEBFFFF7FEBFFFF7FEBFFFF7FEBFFFF7FEBFCF
:20198000FFF7FEBFFFF7FEBFFFF7FEBFFFF7FEBFFFF7FEBFFFF7FEBFFFF7FEBFFFF7FEBFAF
:2019A000FFF7FEBFFFF7FEBFFFF7FEBFFFF7FEBFFFF7FEBFFFF7FEBFFFF7FEBFFFF7FEBF8F
:2019C000FFF7FEBFFFF7FEBFFFF7FEBFFFF7FEBFFFF7FEBFFFF7FEBFFFF7FEBFFFF7FEBF6F
:0C19E000FFF7FEBFFFF7FEBF180000007D
:20400000801100208D6E0208097202080D7202081172020815720208197202080000000029
:204020000000000000000000000000001D7202082172020800000000257202082972020804
:20404000C1490208C3490208C5490208C7490208EB490208ED490208EF490208F149020800
:20406000F3490208F5490208F7490208F9490208FB490208FD490208FF4902082B4A0208AD
:204080002D4A02082F4A0208314A02082D720208317202083572020839720208334A020854
:2040A0003D7202084172020845720208354A0208374A0208574A0208734A0208754A02087A
:2040C000774A0208794A02087B4A02087D4A0208497202087F4A0208C94A0208134B02088B
:2040E000A74B0208A94B0208AB4B02084D7202085172020855720208AD4B0208AF4B020859
:2041000059720208B14B0208B34B02085D720208B54B0208FF4B02086172020865720208C7
:20412000854C0208874C0208894C02088B4C0208697202086D72020871720208757202085B
:2041400000000000000000000000000000000000797202087D720208817202088572020873
:20416000897202088D72020891720208957202085D4B0208997202089D7202085A21DFF8E1
:20418000142A82F82F1000210800C0B209281ADA0021DFF8002AC0B2024451700021DFF8D5
:2041A000F429C0B2024491720021DFF8E829C0B20244D1740021DFF8DC29C0B202EB400283
:2041C0009183401CE1E70021DFF8C82911700021DFF8C02982F82E10704738B5DFF8B80968
:2041E0000068807A0400DFF8B0090068407A0500DFF8A8090078002859D05A20DFF8941953
:2042000081F82F0005F006FFDFF890090078012805D1DFF88C290021022008F06BF8DFF814
:204220007C090078402805D1DFF878290021022008F060F8DFF864090078102805D1DFF897
:2042400068290021022008F055F8DFF850090078082805D1DFF854290021022008F04AF8C6
:20426000DFF838090078802805D1DFF844290021022008F03FF8DFF824090078202805D1E0
:20428000DFF830290021022008F034F8DFF80C090078022805D1DFF820290021022008F0C8
:2042A00029F85A20DFF8EC1881F82F0081E1DFF80C090078002802D004F0D2FB79E1DFF82E
:2042C000D80800680069002805D0DFF8CC0800680069804736E1DFF8E8080078002800F07F
:2042E000EA800E2007F04FFB08F01DFB0020DFF8D41808806420DFF8D0180870DFF8980838
:204300000068007A00281AD0DFF88C080068807A09280ADB0321DFF880080068807A4000A1
:204320001038C0B207F0C0FD09E00321DFF868080068807A4000801CC0B207F0B5FDDFF88B
:2043400080084078012809D0102861D0402874D080282BD0812800F085809CE0DFF8380832
:204360000068807A092190FBF1F201FB1200002804D15A20DFF81C1881F82F00E4B2002C49
:204380000CD1DFF814080068EDB2142101FB05F108441438DFF80018086006E0DFF8F80774
:2043A00000681438DFF8F01708607CE0DFF81C08007890F00100DFF814180870E4B2EDB203
:2043C000681E84420CD1DFF8D0070068EDB2691E7FF0130251430844DFF8BC17086006E01C
:2043E000DFF8B40700681430DFF8AC170860DFF8A8070068807A092190FBF1F201FB1200EF
:20440000002804D15A20DFF88C1781F82F004AE05A20DFF8801781F82F00DFF87C07006887
:20442000406800283FD0DFF8700700684068DFF8681708600020040035E05A20DFF854178C
:2044400081F82F00DFF850070068006800282AD0DFF8440700680068DFF83C1708600020F0
:20446000040020E00020DFF8581748700020DFF8501708705A20DFF81C1781F82F000020F8
:20448000DFF8101781F82E00FF20DFF83017087004F0E6FA8DE00020DFF824174870002077
:2044A000DFF81C1708700020DFF8141748700020DFF80C170870DFF8E00600680069002858
:2044C00007D008F030FADFF8D00600680069804738E0DFF8C4060068007A00281ED005F0F8
:2044E00099FD08F020FADFF8B0060068807A09280ADB0321DFF8A0060068807A4000103884
:20450000C0B207F078FC09E00321DFF88C060068807A4000801CC0B207F06DFCDFF87806E3
:204520000068007A002801D100F0CFFCDFF868060068C068002805D0DFF85C060068C06849
:2045400000F038F8DFF87C06008878280CDB0020DFF8701608800E2007F092FA08F0BDF870
:204560000020DFF8441A0880DFF8400A007800281FD1DFF824060068007A002819D0DFF8E2
:20458000300ADFF81416086008F0A7F8FFF7F6FD4AF25A50DFF81C1A0880DFF8FC0500683D
:2045A000C068002805D0DFF8F0050068C06800F001F831BD38B5040000200500EDB20C2DB5
:2045C0000ADA62686178207807F094FE08346068002801D06D1CF1E731BD2DE9F34F83B05C
:2045E00014001D000E9E109F002081465FFA89F9B9F1200F09DA0020DFF80C1B5FFA89F9B8
:2046000001F8090019F10109F0E79DF83C008DF80000002083469DF80000002800F0E88059
:2046200005208DF802009DF8000082469DF8000010F0700010281BD1EDB268008DF80200BA
:20464000EDB2012D04D1DFF8C01A387809F081F9EDB2022D40F0EA80DFF8AC1A38784FF4EC
:2046600080727B7802FB003080B209F03BFADDE09DF8000010F07000202806D09DF8000053
:2046800010F07000302840F0D1809DF8000010F0070082465FFA8AFABAF1000F3FD1302076
:2046A000DFF8641A5FFA8BFB01F80B001BF1010B7878C0B200098DF801009DF801003030C3
:2046C000DFF8441A5FFA8BFB01F80B001BF1010B787810F00F003030DFF82C1A5FFA8BFB4F
:2046E00001F80B001BF1010B3878C0B200098DF801009DF801003030DFF80C1A5FFA8BFB1B
:2047000001F80B001BF1010B387810F00F003030DFF8F4195FFA8BFB01F80B0086E0EDB292
:204720005FFA8AFADAEB450A7878C0B200098DF801009DF801003030DFF8CC195FFA8BFB06
:2047400001F80B001BF1010B50465946C0B2C9B2884208D12E20DFF8B0195FFA8BFB01F8B2
:204760000B001BF1010B787810F00F003030DFF898195FFA8BFB01F80B001BF1010B50469E
:204780005946C0B2C9B2884208D12E20DFF878195FFA8BFB01F80B001BF1010B3878C0B217
:2047A00000098DF801009DF801003030DFF858195FFA8BFB01F80B001BF1010B50465946FC
:2047C000C0B2C9B2884208D12E20DFF83C195FFA8BFB01F80B001BF1010B387810F00F0015
:2047E0003030DFF824195FFA8BFB01F80B001DE0EDB268008DF80200EDB2012D04D1DFF85E
:204800000819387809F00FF9EDB2022D0ED1387879784FF48072514351FA80F0ADF804004B
:20482000DFF8E418BDF8040009F0B4F8012081465FFA89F93078401C814514DA5FFA89F9F1
:2048400016F80900DFF8C018E4B2095700B209B2884205D15FFA89F906EB0900804602E012
:2048600019F10109E4E7DFF858030078002800F0D180DFF84C03407801280CD008286FD0F4
:20488000102800F09B8020283DD0402800F0A88080281BD0AEE098F80000202802D1701CA8
:2048A000804601E018F1010898F90000DFF85818E4B20855DFF85008E4B20057202804D13B
:2048C0003020DFF84418E4B208559BE098F80000302804D130783044401E804601E0B8F160
:2048E000010898F90000DFF82018E4B20855DFF81808E4B20057202804D13020DFF80818D4
:20490000E4B208557EE0E4B2002C04D19DF80200401E040000E0641E002081464846317836
:20492000C0B2884214D25FFA89F916F80900DFF8D817E4B2095700B209B2884205D15FFA41
:2049400089F906EB0900804602E019F10109E5E7DFF8B407E4B200572E2800D1641E51E0FA
:20496000E4B29DF80200401E844202D10020040000E0641C0020814648463178C0B2884235
:2049800014D25FFA89F916F80900DFF87C17E4B2095700B209B2884205D15FFA89F906EB06
:2049A0000900804602E019F10109E5E7DFF85807E4B200572E2800D1641C23E00020DFF8A2
:2049C000001248700020DFF8F8110870DFF838279DF810109DF80C0007F08CFCA520D5E010
:2049E0000020DFF8DC1148700020DFF8D41108705A20CBE00020DFF8C81148700020DFF823
:204A0000C01108700020DFF8B81148700020DFF8B01108709DF8000000284CD09DF8000037
:204A200010F0700010282AD1EDB2012D0DD1DFF8D80690F900000A21DFF8CC2692F901204A
:204A400001FB00201038387084E0EDB2022D40F08180DFF8B40609F0FDF84FF4807190FBA9
:204A6000F1F038707F1CDFF8A00609F0F3F84FF4807190FBF1F201FB120038706AE09DF87A
:204A8000000010F07000202805D09DF8000010F0700030285ED19DF8000010F00700824699
:204AA0005246D2B23900DFF8600600F091F8002850D15A206AE0EDB2012D0CD1DFF848060F
:204AC00040780100C9B2DFF840060078C0B209F004F938703EE0EDB2022D15D1DFF8280626
:204AE00009F0D9F84FF4807190FBF1F201FB120038707F1CDFF8100609F0CDF84FF480711A
:204B000090FBF1F0387025E0DFF8FC0540780100C9B2DFF8F4050078C0B209F0DEF838703F
:204B20007F1CDFF8E405C0780100C9B2DFF8D8058078C0B209F0D1F838707F1CDFF8C8059F
:204B400040790100C9B2DFF8C0050079C0B209F0C4F83870DFF8B0259DF810109DF80C003A
:204B600007F0C8FB0123DFF8A005E4B2005D0200D2B29DF810002118C9B29DF80C00C0B2F6
:204B80004000C0B207F0E0F92000C0B205B0BDE8F08F0000586A00206C6D0020616E00205E
:204BA000206B0208346B0208486B02085C6B0208706B0208846B0208986B02085E6E002052
:204BC0004C6D0020E66D00205C6E00206C6E002078B403000024D2B2042A01DB002030E094
:204BE00000200500EDB2042D05DA00206E46EDB270556D1CF6E700200500EDB2052D0EDA65
:204C0000EDB2D2B2D2F10400854205D0187830386E46E4B23055641C5B1C6D1CEDE79DF85E
:204C2000020000019DF8036050FA86F00870491C9DF8000000019DF8016050FA86F0087018
:204C4000012072BC70472DE9FF47040005F0E2F9DFF8640D00785A280BD05A20DFF8581D3B
:204C6000087000208DF80D009DF80D008DF80C000FE000200500EDB2022D0ADADFF8380DF5
:204C8000EDB200EB4500808B03A9EDB248556D1CF1E7E4B2032C02D0E4B2002C06D1DFF8EA
:204CA0007C2B0121022007F025FB0BE0DFF8702B0021012007F01EFBDFF8602B012102209D
:204CC00007F018FB03A8029010200190DFF8540B00900223DFF8E00CDFF8DC1C91F82E1088
:204CE0000844C27C0C210220FFF777FC0600F6B25A2E21D10020DFF8C01C08705A20DFF8AE
:204D0000B81C81F82F000020DFF8AC1CDFF8A82C92F82E201144C87400200500EDB2052D4E
:204D200008DA0020DFF8901CEDB201EB450188836D1CF3E75A20C5E0F6B2A52E40F0A980BC
:204D40000020DFF8741C08705A20DFF86C1C81F82F000020DFF8601CDFF85C2C92F82E2029
:204D60001144C87400200500EDB2052D08DA0020DFF8441CEDB201EB450188836D1CF3E734
:204D80009DF80C004FF480719DF80D2001FB00200700DFF8280C407908F0D8FF8146DFF828
:204DA0001C0C007908F0D2FF80461FFA89F964201FFA88F800FB0988DFF8000C007908F02B
:204DC000C5FF8146DFF8F40B807908F0BFFF82461FFA89F964201FFA8AFA00FB09AADFF8BA
:204DE000E00BC0794FF48071DFF8D42B127A01FB00208146E4B2002C05D13800494680B285
:204E000089B2884208D0E4B2022C07D13800494680B289B2884201D1A52053E0E4B2012C8E
:204E200007D13800414680B289B2884201D1A52048E0E4B2032C07D13800514680B289B20C
:204E4000884201D1A5203DE0BFB2B7F57A7F01D1A52037E0BFB241F60630874201D1A520D2
:204E600030E05A20DFF8501B81F82F0005F0D2F8DFF8502B0321022007F03CFAFFF77EF9CD
:204E8000DFF8440B00680068DFF83C1B08605A2018E0DFF8240BDFF8201B91F82E100844E9
:204EA000C67400200500EDB2022D0ADA03A8EDB2405DDFF8041BEDB201EB450188836D1C9F
:204EC000F1E7FF2004B0BDE8F08710B5DFF8FC0A0078002806D0DFF8F40A0078401EDFF871
:204EE000EC1A0870DFF8E40A007800285BD10220DFF8D81A087007F016FDDFF8D40A007809
:204F0000002810D10620DFF8C81A0870DFF8C40A007890F00100DFF8BC1A08705A20DFF81D
:204F2000981A81F82F0005F075F800200400A4B2202C05DA00207449A4B20855641CF6E723
:204F4000DFF8940AC078002806D1DFF8902A0021002007F0CFF916E0DFF87C0AC078012860
:204F600006D1DFF87C2A0021002007F0C3F90AE0DFF8640AC078022805D1DFF8682A0021F8
:204F8000002007F0B7F9DFF84C0A0078002805D000220121012005F067FC04E000220121C3
:204FA000002005F079FB10BDE46D00205B6E0020106C0208E865002010B5DFF8100A007820
:204FC000002806D0DFF8040A0078401EDFF8FC190870DFF8F8090078002840F093800220D7
:204FE000DFF8E8190870DFF8000A0078092190FBF1F00400DFF8F0090078092190FBF1F28E
:2050000001FB1200002800D0641CDFF8E009007800285CD0DFF8D409407808281BD02028AF
:2050200002D0402830D041E0DFF88C094078002807D0DFF884094078401EDFF87C19487054
:2050400003E0601EDFF8701948705A20DFF8681981F82F0033E0DFF860094078E4B2611E3D
:20506000884207D0DFF850094078401CDFF84819487003E00020DFF8401948705A20DFF81F
:20508000381981F82F001AE00020DFF8601948700020DFF858190870FFF770F8DFF82809AF
:2050A00000680068DFF8201908602BE00020DFF83C1948700020DFF83419087022E00020BB
:2050C000DFF8281948700020DFF82019087004F0A1FFDFF81C290221002007F00BF9DFF893
:2050E00014290A21002007F005F9DFF80C291021002007F0FFF8DFF8C0084278012100204D
:2051000005F0CAFA10BD0000B467002070B5DFF8BC080078002806D0DFF8B0080078401E33
:20512000DFF8A8180870DFF8A4080078002840F0A0800220DFF894180870DFF8C0080078B9
:20514000050000200400E4B2202C06DA0020DFF8B018E4B20855641CF5E7EDB2092095FBFE
:20516000F0F00600EDB2092095FBF0F100FB1150002800D0761CDFF87408007800285FD008
:20518000DFF868084078012808D008281DD0202804D0402832D0802817D041E0DFF81808C5
:2051A0004078002807D0DFF810084078401EDFF80818487003E0701EDFF8FC1748705A20F7
:2051C000DFF8F41781F82F0032E0DFF8EC074078F6B2711E884207D0DFF8DC074078401C0B
:2051E000DFF8D417487003E00020DFF8CC1748705A20DFF8C41781F82F0019E00020DFF8FC
:20520000EC1748700020DFF8E4170870FEF7B6FFDFF8B40700680068DFF8AC17086028E053
:205220000020DFF8C81748700020DFF8C01708700020DFF8B81748700020DFF8B0170870E6
:2052400004F0E8FEDFF8A8270121002007F052F8DFF8F02C0821002007F04CF8DFF858079E
:205260004078092110FB01F2D2B20121012005F0FBFA70BDF8B504F0CDFEDFF8CC0C0078DD
:20528000092190FBF1F00500DFF8BC0C0078092190FBF1F201FB1200002800D06D1CDFF85E
:2052A0004C07007800285ED03C20DFF8A01C08705A20DFF8041781F82F00DFF8300740788C
:2052C000012808D0082818D0202804D0402828D0802812D037E0DFF8E0064078002807D024
:2052E000DFF8D4064078401EDFF8CC16487003E0681EDFF8C41648702DE0DFF8BC06407846
:20530000EDB2691E884207D0DFF8AC064078401CDFF8A416487003E00020DFF89C1648709C
:2053200019E00020DFF8C41648700020DFF8BC160870FEF723FFDFF8900600680068DFF87F
:20534000881608607EE00020DFF8A01648700020DFF8981608700020DFF8901648700020F2
:20536000DFF88816087004F055FEDFF8DC0B0078DFF844164978092202FB11000700FFB2E0
:205380000A2F01DB0920070007F0CDFA0020040020003900C0B2C9B2884253D2DFF81806BC
:2053A00040780921484350FA84F00600DFF85016701CC0B208F0CDFA2E20DFF8441688704B
:2053C0000020DFF83C16C870DFF8342600212000C0B206F08FFF00200090DFF8740B006876
:2053E000F6B2112101FB06F10844431C102203212000C0B206F0F2FFDFF8BC0540780921EC
:20540000484350FA84F00100C9B2DFF8CC0C08F053FA00280AD000200090DFF8C03C042228
:2054200010212000C0B206F0D9FF09E000200090DFF8AC3C042210212000C0B206F0CEFFD7
:20544000641CA5E7F1BD2DE9F843DFF86C0590F82E0000281FD10020FFF7F5FB0700FFB26D
:205460005A2F09D1FEF78AFEDFF85C0500680068DFF854150860CFE1FFB2A52F0AD15A2012
:20548000DFF8341581F82F000120DFF82C1581F82E0000E0C0E1DFF8200590F82E00012808
:2054A00040F0B181DFF8100590F82F005A2819D107F013F90020DFF8001581F82F000020A4
:2054C00080464046DFF81C1C0978C0B2884209D2A520DFF8141C5FFA88F801F8080018F12A
:2054E0000108EEE7DFF8FC0B0078092190FBF1F08146DFF8F00B0078092190FBF1F201FB3D
:205500001200002801D019F1010907F00CFADFF8DC040078002800F0F480DFF8D004407851
:2055200001280DD0082800F09480102800F0B880202862D0402800F0C28080282ED0D4E063
:20554000DFF87404C07A002807D0DFF86C04C07A401EDFF86414C87206E0DFF8880B007893
:20556000401EDFF85414C872DFF84C048078DFF84814C97A092291FBF2F1884204D05A200D
:20558000DFF8341481F82F00DFF82C04C07A092190FBF1F0DFF820148870ACE0DFF81804EB
:2055A000C07ADFF8401B0978491E884207D0DFF80804C07A401CDFF80014C87203E0002055
:2055C000DFF8F413C872DFF8F0038078DFF8E813C97A092291FBF2F1884204D05A20DFF853
:2055E000D81381F82F00DFF8D003C07A092190FBF1F0DFF8C41388707DE0DFF8BC0380780D
:20560000002807D0DFF8B0038078401EDFF8A813887004E0B9F10100DFF89C138870DFF83D
:2056200098038078DFF89013C97A092291FBF2F1884204D05A20DFF8801381F82F00DFF87F
:2056400078038078092110FB01F0DFF86C13C87251E0DFF8640380785FFA89F9B9F1010133
:20566000884205D0D4488078401CD349887002E00020D1498870D0488078CF49C97A09225D
:2056800091FBF2F1884203D05A20CB4981F82F00C9488078092110FB01F0C749C8722AE045
:2056A0000020D24948700020D04908700220C24981F82E00C048C07A00F0B6F8ACE00020E6
:2056C000CA4948700020C9490870FEF757FD3220DFF8181A0880BC4800680068BA490860EA
:2056E0005A20B54981F82F0096E00020BF4948700020BE4908700020BC4948700020BB4994
:20570000087004F087FCDFF8DC090078AA498978092202FB11000500EDB20A2D01DB092059
:20572000050007F000F90020040020002900C0B2C9B2884267D2A04880780921484350FA38
:2057400084F00600AE49701CC0B208F002F92E20AB4988700020AA49C870A94A002120002E
:20576000C0B206F0C7FD9448C07A0921E4B290FBF1F201FB1200844210D101200090DFF87C
:205780007009F6B2112101FB06F10844431C082203212000C0B206F021FE0FE00020009084
:2057A000DFF84C09F6B2112101FB06F10844431C082203212000C0B206F010FEDFF8280959
:2057C000DFF82C19F6B2112202FB06F2895C084410F8010CA5280AD100200090DFF814391B
:2057E00004220F212000C0B206F0F8FD09E000200090DFF8043904220F212000C0B206F04B
:20580000EDFD641C91E76C4890F82E00022803D16948C07A00F008F8BDE8F18310700208C0
:20582000E86B02080000002038B50400E4B20A2094FBF0F100FB114005006C480078002825
:2058400000F09C803C20DFF80417087043F69820DFF8A818088040F2DC50DFF89018088001
:2058600062484078102802D0402870D07AE00120514981F82E00DFF87008DFF87418E4B210
:20588000112202FB04F2895C084410F8010CA5282CD1DFF85408DFF85818E4B2112202FB92
:2058A00004F2895C0844A32100F8011CDFF84008E4B2112101FB04F1405CDFF828180978DC
:2058C000884209D1DFF82808E4B2112101FB04F1405C06F0D5F835E0DFF81408E4B2112135
:2058E00001FB04F1405C06F04EF82BE0DFF8F807DFF8FC17E4B2112202FB04F2895C084427
:20590000A52100F8011CDFF8E807E4B2112101FB04F1405CDFF8CC170978884209D1DFF8DB
:20592000D007E4B2112101FB04F1405C06F02BF808E0DFF8BC07E4B2112101FB04F1405C4B
:2059400006F09EF80021092009F06EF810E00020264948700020254908700120164981F8DC
:205960002E0028E000202149487000201F49087000201E49487000201C490870DFF868072D
:20598000DFF86C17E4B2112202FB04F2895C084410F8010CA52807D1DFF858270F21280058
:2059A000C0B206F0E1FC06E0DFF84C270F212800C0B206F0D9FC31BD586A0020686C002019
:2059C000246C0020D46B02086C6D00205D6E00205C6E00206C6E0020506C0020D06A0208E6
:2059E000E4690208E46A0208B60401084C6D0020547102085C71020864710208B704010813
:205A0000B46700202DE9F843DFF8DC0D90F82E0000281FD10020FFF716F90600F6B25A2E11
:205A200009D1FEF7ABFBDFF8D80600680068DFF8D016086083E2F6B2A52E0AD10120DFF894
:205A4000A81D81F82E005A20DFF89C1D81F82F0000E074E2DFF8900D90F82E00012840F06F
:205A60006382DFF8880DC078002803D1DFF89406070014E0DFF8740DC078012803D1DFF8D1
:205A8000880607000BE0DFF8640DC078022803D1DFF87806070002E0DFF8540D07003F1D2F
:205AA000002080464046DFF84C1D0978C0B2884221D23878DFF8401D5FFA88F801F80800CC
:205AC0007F1CDFF8340D5FFA88F810F80800A5280ED0DFF8240D5FFA88F810F808005A280C
:205AE00006D0A520DFF8101D5FFA88F801F8080018F10108D6E7DFF8FC0C0078082190FB53
:205B0000F1F08146DFF8EC0C0078082190FBF1F201FB1200002801D019F10109DFF8D40C2D
:205B20000078DFF8C41C8978B0EBC1000500EDB2092D01DB0820050004F06CFADFF8BC2CDD
:205B40000221002006F0D6FBDFF8402D0E21002006F0D0FB0020040020002900C0B2C9B28D
:205B6000884267D2DFF8800C8078C0B214EBC000401CC0B207F0E4FEDFF8141D08702E2021
:205B8000DFF80C1D48700020DFF8041D8870DFF8002D0021601CC0B206F0ACFBDFF8480C62
:205BA000C07A0821E4B290FBF1F201FB1200844212D1DFF8E00C0068DFF82C1C8978C900B3
:205BC00051FA84F10C22514300EB01020221601CC0B206F0C9FB11E0DFF8B80C0068DFF8BF
:205BE000081C8978C90051FA84F10C22514300EB01020221601CC0B206F07CFBDFF8F80BEF
:205C0000DFF8E41B8978C90051FA84F1405C5A2807D1DFF8842C1021601CC0B206F06AFB2D
:205C200006E0DFF8782C1021601CC0B206F062FB641C91E7DFF8680C0078002800F0E68058
:205C4000DFF85C0C407801280DD0082800F08880102800F0A880202862D0402800F0B680C7
:205C600080282ED0C2E0DFF8800BC07A002807D0DFF8740BC07A401EDFF86C1BC87206E0D5
:205C8000DFF8700B0078401EDFF85C1BC872DFF8580B8078DFF8501BC97A082291FBF2F104
:205CA000884204D05A20DFF8401B81F82F00DFF8380BC07A082190FBF1F0DFF82C1B8870F3
:205CC0009CE0DFF8240BC07ADFF8281B0978491E884207D0DFF8100BC07A401CDFF8081BE3
:205CE000C87203E00020DFF8001BC872DFF8F80A8078DFF8F41AC97A082291FBF2F18842DF
:205D000004D05A20DFF8E01A81F82F00DFF8D80AC07A082190FBF1F0DFF8CC1A88706DE032
:205D2000DFF8C40A8078002807D0DFF8BC0A8078401EDFF8B41A887004E0B9F10100DFF8D1
:205D4000A81A88705A20DFF8A01A81F82F00DFF8980A8078C0B2C000DFF88C1AC8724DE04F
:205D6000DFF8840A80785FFA89F9B9F10101884207D0DFF8740A8078401CDFF86C1A8870A0
:205D800003E00020DFF8601A88705A20DFF8581A81F82F00DFF8500A8078C0B2C000DFF81A
:205DA000481AC8722AE00020DFF8F41A48700020DFF8EC1A08700220DFF82C1A81F82E0025
:205DC000DFF8240AC07A00F0C5F8B8E00020DFF8D01A48700020DFF8C81A0870FEF7CEF999
:205DE000C74800680068C6490860A8E00020DFF8B01A48700020DFF8A81A08700020DFF824
:205E0000A01A48700020DFF8981A0870DFF8E4090078DFF8D4198978B0EBC1000500EDB2EE
:205E2000092D01DB0820050004F0F4F8DFF8CC290221002006F05EFADFF8502A0E21002046
:205E400006F058FA06F06FFD0020040020002900C0B2C9B2884267D2DFF88C098078C0B265
:205E600014EBC000401CC0B207F06AFDDFF8201A08702E20DFF8181A48700020DFF8101A7E
:205E80008870DFF80C2A0021601CC0B206F032FADFF85409C07A0821E4B290FBF1F201FB35
:205EA0001200844212D1DFF8EC090068DFF838198978C90051FA84F10C22514300EB010291
:205EC0000221601CC0B206F04FFA11E0DFF8C4090068DFF814198978C90051FA84F10C22B9
:205EE000514300EB01020221601CC0B206F002FADFF80409DFF8F0188978C90051FA84F1D0
:205F0000405C5A2807D1DFF890291021601CC0B206F0F0F906E0DFF884291021601CC0B274
:205F200006F0E8F9641C91E7DFF8BC0890F82E00022804D1DFF8B008C07A00F00BF8BDE8E1
:205F4000F18300006C710208526E00205B6E0020186D0020F8B50400E4B2082094FBF0F199
:205F600000FB11400600DFF838090078002800F09C80DFF82C094078012806D0102818D028
:205F8000402874D080280AD07FE0DFF86C08E4B2005DC043DFF86018E4B208557DE0DFF8BD
:205FA0005808E4B2005DC043DFF84C18E4B2085573E00120DFF8301881F82E00DFF82C0818
:205FC000C078002803D1DFF82808070014E0DFF81C08C078012803D1DFF89C0A07000BE0EC
:205FE000DFF80808C078022803D1DFF8900A070002E0DFF8FC0707003F1D002005002800A0
:20600000DFF8F0170978C0B2884207D2DFF8E807EDB2405D38707F1C6D1CF0E7DFF8D807B1
:20602000E4B2005DA5280BD1DFF8540A006800880121A1408843DFF8481A096808800AE0B5
:20604000DFF83C0A006800880121A1400843DFF8301A09680880DFF89407C078801CC0B213
:2060600009F074F800210B2008F0DEFC15E00020DFF82C1848700020DFF8241808700120E9
:20608000DFF8641781F82E0024E00020DFF8101848700020DFF8081808700020DFF800188E
:2060A00048700020DFF8F8170870DFF84C07E4B2005D5A2807D1DFF8E0271021701CC0B226
:2060C00006F052F906E0DFF8D4271021701CC0B206F04AF9F1BD0000606C002074710208D6
:2060E0007C710208338F0108A86B0020DC6D002050630208847102088C710208EA6D002008
:206100006C6D0020006B0020486B0020786B00202DE9F04383B0DFF8D00690F82E0000281E
:2061200022D10020FEF78FFD0600F6B25A2E09D1FEF724F8DFF8F40B00680068DFF8EC1B26
:2061400008604FE3F6B2A52E0DD10120DFF8981681F82E000020DFF82C1908700020DFF854
:20616000281908803EE33DE3DFF87C0690F82E0001282AD1022000F095FBDFF8B41B087022
:20618000DFF8AC0B00785A2809D1FDF7F7FFDFF89C0B00680068DFF8941B086022E3DFF89B
:2061A000900B0078FF2800F01D834AF25A50DFF8DC1808800220DFF8301681F82E00DFF81F
:2061C000700B007800F02BFC0CE3DFF81C0690F82E00022840F01A81DFF8B40800780921ED
:2061E00090FBF1F00400DFF8A8080078092190FBF1F201FB1200002800D0641CDFF8A00695
:206200000078002800F0F880DFF89406407801280DD0082800F08880102800F0A780202888
:2062200062D0402800F0BB8080282ED0D4E0DFF8B805007B002807D0DFF8AC05007B401ED0
:20624000DFF8A415087306E0DFF844080078401EDFF894150873DFF89005C078DFF8881541
:20626000097B092291FBF2F1884204D05A20DFF8781581F82F00DFF87005007B092190FB60
:20628000F1F0DFF86415C870AEE0DFF85C05007BDFF8FC170978491E884207D0DFF84805BD
:2062A000007B401CDFF84015087303E00020DFF838150873DFF83005C078DFF82C15097BDE
:2062C000092291FBF2F1884204D05A20DFF8181581F82F00DFF81005007B092190FBF1F063
:2062E000DFF80415C8707FE0DFF8FC04C078002807D0DFF8F404C078401EDFF8EC14C87095
:2063000003E0601EDFF8E014C8705A20DFF8D81481F82F00DFF8D004C078092110FB01F02B
:20632000DFF8C41408735FE0DFF8BC04C078E4B2611E884207D0DFF8B004C078401CDFF879
:20634000A814C87003E00020DFF89C14C8705A20DFF8941481F82F00DFF88C04C07809211D
:2063600010FB01F0DFF8801408733DE00020DFF8301548700020DFF8281508705A20DFF82D
:20638000681481F82F00DFF86004007BDFF8F41608700320DFF8501481F82E0022E20020A1
:2063A000DFF8FC1448700020DFF8F41408700520DFF8341481F82E000020DFF82C14C8706D
:2063C0000020DFF8241408735A20DFF81C1481F82F0000F015FA05E20020DFF8C41448707D
:2063E0000020DFF8BC1408700020DFF8B41448700020DFF8AC1408700922DFF8EC03C1788E
:20640000DFF8E403007B04F0E1FCEBE1DFF8D80390F82E00032840F0A480DFF884040078E8
:20642000002800F08280DFF80C090068DFF8541609784FF4B27251430844407C8146DFF88B
:206440006004407801280AD0082843D0102842D020283FD0402843D080281ED057E0DFF81A
:206460008803407B002807D0DFF87C03407B401EDFF87413487304E0B9F10100DFF868136E
:206480004873D948407B092190FBF1F0D64908715A20D54981F82F0041E0D348407B5FFAA7
:2064A00089F9B9F10101884205D0CF48407B401CCD49487302E00020CB494873CA48407B72
:2064C000092190FBF1F0C84908715A20C64981F82F0024E023E00420C34981F82E001EE08F
:2064E0000020DFF8BC1348700020DFF8B41308700220BD4981F82E000020BB49087100205C
:20650000B94948735A20B84981F82F006AE10020DFF88C1348700020DFF8841308700020DC
:20652000DF4948700020DE49087006F0FCF909200190DFF8500A0090DFF8F8070068DFF841
:20654000441509784FF4B272514300EB0103A6480279A548417BDFF82C05007804F088FC6D
:2065600040E1A14890F82E00042840F0FD80DFF8C4070068DFF80C1509784FF4B272514304
:2065800008449949497B1C2251430844007DDFF8F8190870944800785A2815D05A209249FE
:2065A0000870DFF8E0090500DFF8DC09007805EB40052888DFF8D419088000208A498A4A72
:2065C00092F82E201144C87406F0ADF9DFF864070068DFF8B01409784FF4B27251430844A9
:2065E0008149497B1C2251430844C06A002815D0DFF89839DFF83C070068DFF8881409789A
:206600004FF4B272514300EB01027748417BDFF87404007804F0E3FC07001AE0DFF86C092F
:206620000090DFF810070068DFF8581409784FF4B272514300EB0103DFF854296A486A490D
:2066400091F82E100844C17C6748407B04F088FD0700FFB25A2F12D10320634981F82E006D
:2066600000206149087000205F495F4A92F82E201144C8740020DFF814190880B2E0FFB20F
:20668000A52F6AD1DFF8AC060068DFF8F81309784FF4B272514308445349497B1C2251431E
:2066A0000844408CDFF8E4180988884212D2DFF884060068DFF8CC1309784FF4B2725143B5
:2066C00008444949497B1C2251430844408CDFF8BC180880DFF8B4080088DFF8581609682A
:2066E000DFF8A02312784FF4B2735A4311443E4A527B1C235A431144098C884212D2DFF87C
:2067000034060068DFF87C1309784FF4B272514308443549497B1C2251430844008CDFF8E6
:206720006C180880DFF85C080500DFF85C08007805EB4005DFF854080088288003202A492C
:2067400081F82E0000202849087000202649264A92F82E201144C87444E02348224991F89E
:206760002E100844C7743DE01F4890F82E00052838D100F045F880465FFA88F8B8F15A0F06
:206780000ED14AF25A50DFF804130880FDF7F6FCDFF8980500680068DFF89015086021E0AF
:2067A0005FFA88F8B8F1A50F1CD1DFF8902A0021012005F09FFD0021012008F035F906F0F4
:2067C000B2F8642005F0D9F94AF25A50DFF8BC120880FDF7D3FCDFF8540500680068DFF817
:2067E0004C150860BDE8F783586A0020506C0020186B0020536E0020E06B00201C7002086E
:2068000070B5032000F04EF8DFF824150870DFF8200500785A280BD15A20DFF8781281F84C
:206820002F000020DFF86C1281F82E005A202CE0DFF8FC040078FF2801D1002025E045F6DF
:20684000A520DFF848120880DFF8E4040078DFF83C128870DFF82C0706005A2005002900AE
:20686000C9B2300007F0D8FADFF82012A1F86800DFF8BC040178012008F052FF0400E4B286
:20688000012C01D1A52000E05A2070BDA4710208B46700201C6D00200072020804720208AE
:2068A0004C6D00207FB5040003F0B4FB00200500EDB2202D06DA0020DFF88419EDB2485564
:2068C0006D1CF5E7E4B2012C06D1DFF878290021022005F00FFD19E0E4B2022C06D1DFF892
:2068E00068290021022005F005FD0FE0E4B2032C06D1DFF858290021022005F0FBFC05E0D6
:20690000DFF84C290021022005F0F4FC614800785A280FD0DFF83C0900788DF80C0001203B
:206920005C495C4A92F82E201144C8745A205949087003E05748808B8DF80C0003A80290B4
:2069400010200190DFF84806009001235148514991F82E100844C27C0C210220FDF73DFE9B
:206960000600F6B25A2E1CD100204A4908705A20484981F82F0000204649464A92F82E20FF
:206980001144C87400200500EDB2052D07DA00204049EDB201EB450188836D1CF4E75A202C
:2069A0003BE0F6B2A52E29D100203A4908705A20384981F82F0000203649364A92F82E2092
:2069C0001144C87400200500EDB2052D07DA00203049EDB201EB450188836D1CF4E79DF8E1
:2069E0000C00002807D0DFF870280021012005F081FC5A2011E09DF80C000EE02548254994
:206A000091F82E100844C6749DF80C0021498883FF208DF80C009DF80C0004B070BD70B5BC
:206A20000400002005002800451CC0B2032811DA16488470154808F070FF144808F0B0FD05
:206A4000002807D100200600F6B2FF2E01D0761CFAE7E8E7EDB2032D0CDB4AF25A500B4938
:206A60000880FDF78BFBDFF8C40200680068DFF8BC12086070BD0000606B0020906B002067
:206A8000206D00206D6E00201C6E0020E8650020556E0020586A002080B5DFF81C0C0088B6
:206AA000642822DB0020DFF8141C08700020DFF8081C08800020DFF8081C0880FDF75EFB1B
:206AC0002020DFF8001C8870DFF8FC0B97490860DFF8F00B4078DFF8EC1BC870DFF8E40BFF
:206AE000C078DFF8E81B08801FE1DFF8E40B0078002840F0E580DFF8CC0B8078202822D021
:206B0000DFF8BC0B008800281DD10120DFF8B01B08800020DFF8A41B0870DFF8A80B40787E
:206B2000DFF8B01B0880DFF89C0BC078DFF89C1B08800320DFF8981B08700E2004F023FFF6
:206B400005F0CBFD11E0DFF87C0B807820280BD00320DFF87C1B08700120DFF8641B088006
:206B60000E2004F010FF00E0DFE005F0B6FDDFF8540B4078DFF8541B098880B2884231D0DB
:206B8000DFF8540BDFF83C1BDFF8402B1288120111440A31102208F005FFDFF8300B00884A
:206BA000401C232190FBF1F201FB1200DFF81C1B0880DFF8080B0078022190FBF1F201FB34
:206BC00012000200D2B2DFF8101BDFF8F00A007880B200F0DFF9DFF8E40A0078401CDFF868
:206BE000DC1A0870DFF8DC0A4078DFF8E01A098880B2884231D0DFF8E00ADFF8C81ADFF802
:206C0000CC2A1288120111440A31102208F0CAFEDFF8B80A0088401C232190FBF1F201FB24
:206C20001200DFF8A81A0880DFF8900A0078022190FBF1F201FB12000200D2B2DFF8981A8A
:206C4000DFF8780A007880B200F0A4F9DFF86C0A0078401CDFF8641A0870DFF8680A4078B5
:206C6000DFF8681A098880B2884229D1DFF8480A0088401CDFF8401A08800020DFF83C1A21
:206C80000870DFF8400AC078DFF8401A0880DFF8440A0088DFF82C1A497889B288420FD0FB
:206CA0000020DFF8141A0880DFF8280A0088401C232190FBF1F201FB1200DFF8181A0880E9
:206CC000DFF8840C007800282FD0DFF87C0C4078102802D0402809D01FE00020DFF8681CD2
:206CE00048700020DFF8601C08701EE00020DFF8581C48700020DFF8501C08700020DFF8FE
:206D00004C1C08706420DFF8B0190880FDF736FADFF8B4090549086007E00020DFF8281C57
:206D200048700020DFF8201C087001BD6C6D0020646E0020286D002070B5DFF8140C90F8EE
:206D40002E00002861D103F065F9002009F07DF8DFF8001C0880DFF8FC0B0088002811D1E1
:206D600005F0BBFCDFF8F02B0421022005F0C2FAFDF704FADFF83C0900680068DFF834197B
:206D80000860FEE0DFF8CC0B0078C00702D40220060001E001200600DFF8B80B0088801BFD
:206DA000DFF8B81B0880DFF8AC0B0088801B0500002004002000C0B2310080B289B28842CD
:206DC00018D22800DFF88C1B098880B2884211D20022DFF80419280080B209F04CF82200E4
:206DE000D2B2DFF8F418280080B200F0D3F86D1C641CDFE70120DFF8581B81F82E00DFF85F
:206E0000540B0088DFF8541B0880DFF83C0B0078002800F0B6805A20DFF8341B81F82F0091
:206E2000DFF8240B4078012836D0082805D0202832D0402850D0802860D1DFF8200B00882B
:206E4000DFF8101B0988884210D1DFF8080B0088022804DB0220DFF8041B08801BE0DFF807
:206E6000F40A0088DFF8F41A088014E0DFF8EC0A0088801CDFF8E41A0880DFF8E00A008894
:206E8000DFF8D01A0988884205D3DFF8C80A0088DFF8C81A088039E0DFF8C00A0078C00793
:206EA00007D5DFF8B80A0088401EDFF8B01A088006E0DFF8A80A0088801EDFF8A01A0880A0
:206EC000DFF8980A0088002805D1DFF8880A0088DFF8881A088019E00020DFF86C1A487093
:206EE0000020DFF8641A0870FDF748F9DFF8C40700680068DFF8BC17086042E00020DFF8D3
:206F0000481A48700020DFF8401A08700020DFF8381A48700020DFF8301A087003F07AF86F
:206F2000DFF8380A0078C00702D40220060001E001200600DFF8240A0088801B05000020A6
:206F400004002000C0B2310080B289B2884218D22800DFF8001A098880B2884211D200229E
:206F6000DFF87417280080B208F085FF2200D2B2DFF86417280080B200F00CF86D1C641C8A
:206F8000DFE770BDEC6500206E6E00201E6E0020000000202DE9FE4F04000D00160000201B
:206FA00082465FFA8AFABAF1140F08DA0020A4495FFA8AFA01F80A001AF1010AF1E7E87B3E
:206FC00010F50050ADF80800687B0190A87B0090BDF80830A4B2621CDFF88C1B984808F071
:206FE000CBFF974A0021F6B2B000C0B205F082F9002082465FFA8AFABAF1140F08DA0020F6
:207000008F495FFA8AFA01F80A001AF1010AF1E728890190A87A0090EB7A2A7BDFF84C1B8E
:20702000874808F0A9FF864A0021F6B2B000401CC0B205F05FF905F076FC002082465FFAD5
:207040008AFABAF1100F08DA00207D495FFA8AFA01F80A001AF1010AF1E7002081464846D7
:20706000DFF80C1B0978C0B2884220D2A878DFF8041B09685FFA89F9142202FB09F2895CEE
:20708000884211D1DFF8EC0A00685FFA89F9142101FB09F10844421C0021F6B2B000801C4A
:2070A000C0B205F027F902E019F10109D7E705F03AFC002082465FFA8AFABAF1100F08DAF9
:2070C00000205F495FFA8AFA01F80A001AF1010AF1E7E878012840F0AE80002081465FFAF3
:2070E00089F905EB8900C08883461FFA8BFB42F21070834522DB1FFA8BFB0A209BFBF0FB22
:207100001FFA8BFB0A209BFBF0F08046DFF8681A404680B206F0AAFC2E204949C8711FFA8B
:207120008BFB0A209BFBF0F100FB11B080464046C0B206F005FC424908721CE01FFA8BFB17
:2071400064209BFBF0F08046DFF82C1A4046C0B206F0FFFB2E203A4988711FFA8BFB64207D
:207160009BFBF0F100FB11B08046DFF8101A4046C0B206F0EEFB5FFA89F905EB8900007971
:207180000700002082465046DFF8F4190978C0B288422FD23800DFF8EC195FFA8AFA0622AF
:2071A00002FB0AF2895CC0B2884220D10422DFF8D4095FFA8AFA062101FB0AF10844411C46
:2071C0001F4806F03BFB0222DFF8BC09DFF8B4195FFA8AFA062303FB0AF3194491F90510BB
:2071E00000EB4101DFF8A40906F028FB02E01AF1010AC8E7124A0021F6B2B000C01CC0B2FB
:2072000005F078F85FFA89F905EB89004079002811D0DFF87C095FFA89F905EB8901497980
:207220000522514300EB01021021F6B2B000C01CC0B205F05FF8BDE8F78F0000AC6D020834
:20724000B4670020E06F0208EC6F0208F86F020804700208446D00209C6D020870B5DFF866
:20726000F00690F82E0000286CD102F0D3FE012008F0EBFDDFF81C190880DFF81809008825
:20728000002811D105F029FADFF80C290421022005F030F8FCF772FFDFF818040068006835
:2072A000DFF81014086020E1DFF8E8080088032190FBF1F201FB1200002809D0DFF8D408C7
:2072C0000088032190FBF1F201FB1200040001E003200400DFF8BC080088DFF8C018088020
:2072E000DFF8B0080088001B0500002006003000C0B2210080B289B2884218D22800DFF84E
:207300009418098880B2884211D20122DFF89018280080B208F0AFFD3200D2B2DFF880188C
:20732000280080B200F0E2F86D1C761CDFE70120DFF81C1681F82E00DFF858080088DFF8E1
:207340005C180880DFF800060078002800F0CD805A20DFF8FC1581F82F00DFF8EC054078ED
:20736000012836D0082805D0202832D040285DD080286BD1DFF824080088DFF818180988F3
:20738000884210D1DFF814080088032804DB0320DFF8081808801BE0DFF8F8070088DFF8EB
:2073A000FC17088014E0DFF8F4070088C01CDFF8EC170880DFF8E4070088DFF8D817098805
:2073C000884205D3DFF8CC070088DFF8D017088044E0DFF8C8070088032190FBF1F201FBB3
:2073E000120000280FD0DFF8B40700880321DFF8AC271288121A90FBF1F001FB0020DFF867
:207400009C17088006E0DFF894070088C01EDFF88C170880DFF884070088002805D1DFF8B2
:2074200074070088DFF87417088017E00020DFF8181548700020DFF810150870FCF79EFE69
:207440009C48006800689B4908604EE00020DFF8F81448700020DFF8F01408700020DFF8D9
:20746000E81448700020DFF8E014087002F0D2FDDFF828070088032190FBF1F201FB120006
:20748000002809D0DFF814070088032190FBF1F201FB1200040001E003200400DFF8FC06EC
:2074A0000088001B0500002006003000C0B2210080B289B2884218D22800DFF8D81609889C
:2074C00080B2884211D20122DFF8D416280080B208F0D1FC3200D2B2DFF8C416280080B209
:2074E00000F004F86D1C761CDFE770BD2DE9FC4704000D001600002080465FFA88F8B8F1AA
:20750000140F09DA0020DFF8BC1C5FFA88F801F8080018F10108F0E7687A10F500508146D5
:20752000E8790190287A00901FFA89F94B46A4B2621CDFF83416DFF88C0C08F01DFDDFF8AE
:20754000842C0021032016FB00F0C0B204F0D2FE002080465FFA88F8B8F1140F09DA002072
:20756000DFF8601C5FFA88F801F8080018F10108F0E768880190287900906B79AA79DFF865
:20758000EC15DFF8400C08F0F7FCDFF8382C0021F6B2032000FB06F0401CC0B204F0AAFE5A
:2075A00000200700FFB2102F06DA0020DFF8141CFFB2C8557F1CF5E768780F282ADA00202D
:2075C00007003800DFF8001C0978C0B2884221D26878DFF8F81B0968FFB2112202FB07F2B4
:2075E000895C884214D1DFF8E40B0068FFB2112101FB07F10844401C824652460121F6B220
:20760000032000FB06F0801CC0B204F073FE01E07F1CD6E7687820282CDB6878412829DA2F
:20762000002007003800DFF848150978C0B2884220D26878DFF83C150968FFB2142202FBAB
:2076400007F21144497C884212D1DFF828050068FFB2142101FB07F10844421C0021F6B2B1
:20766000032000FB06F0801CC0B204F043FE01E07F1CD7E72878FF280BD1DFF8542B10214F
:20768000F6B2032000FB06F0801CC0B204F032FE0DE0287800280AD1DFF8382B1021F6B259
:2076A000032000FB06F0801CC0B204F023FEBDE8F38700006C6D0020F66D00206F6E0020FB
:2076C000F46D0020E0590020106C0208FA6D00205A6E0020F86D0020D06B002070B59C48F2
:2076E00090F82E0000286CD102F094FC022008F0ACFBDFF8E41A0880DFF8DC0A0088002862
:2077000011D104F0EAFFDFF8D42A0421022004F0F1FDFCF733FDDFF8C80A00680068DFF839
:20772000C01A08600FE1DFF8B00A0088032190FBF1F201FB1200002809D0DFF89C0A008858
:20774000032190FBF1F201FB1200040001E003200400DFF8840A0088001BDFF840140880C2
:20776000DFF8740A0088001B0500002006003000C0B2210080B289B2884218D22800DFF803
:20778000581A098880B2884211D20222DFF81014280080B208F06FFB3200D2B2DFF800148B
:2077A000280080B200F0DCF86D1C761CDFE70120674981F82E00DFF8200A0088DFF8DC1303
:2077C000088061480078002800F0BD805A20604981F82F005C484078012835D0082805D051
:2077E000202831D0402858D0802866D1DFF8AC030088DFF8E4190988884211D1DFF89C033C
:207800000088032804DB0320DFF8901308801AE0DFF8C4090088401EDFF88013088012E049
:20782000DFF878030088C01CDFF870130880DB480088DFF8A4190988884204D3DFF89809C7
:207840000088D64908803EE0D448008803281ADBD2480088032190FBF1F201FB12000028AD
:207860000CD0CE4800880321CC4A1288121A90FBF1F001FB0020C949088004E0C7480088F1
:20788000C01EC6490880C5480088002804D1DFF848090088C149088015E000202A4948705F
:2078A000002029490870FCF769FCDFF8340900680068DFF82C19086045E000202249487096
:2078C00000202149087000201F49487000201E49087002F09FFBB1480088032190FBF1F2C8
:2078E00001FB1200002808D0AC480088032190FBF1F201FB1200040001E003200400A74863
:207900000088001B0500002006003000C0B2210080B289B2884216D22800DFF8BC18098853
:2079200080B288420FD202229D49280080B208F0A2FA3200D2B29A49280080B200F010F887
:207940006D1C761CE1E770BD4C6D00205D6E0020586A0020086E0020E46E0208046E0020ED
:207960002DE9F04383B004000D001600002080465FFA88F8B8F1140F09DA0020DFF84418A3
:207980005FFA88F801F8080018F10108F0E7687A10F500508146E8790190287A00901FFAE9
:2079A00089F94B46A4B2621C6F49DFF8180808F0E3FADFF810280021032016FB00F0C0B296
:2079C00004F098FC002080465FFA88F8B8F1140F09DA0020DFF8EC175FFA88F801F80800DD
:2079E00018F10108F0E768880190287900906B79AA795E49DFF8CC0708F0BEFADFF8C42722
:207A00000021F6B2032000FB06F0401CC0B204F071FC00200700FFB2102F06DA0020DFF86C
:207A2000A417FFB2C8557F1CF5E7687801280BD1DFF8B0270121F6B2032000FB06F0801C39
:207A4000C0B204F057FC73E068780A280BD1DFF898270121F6B2032000FB06F0801CC0B2AA
:207A600004F048FC64E068780B280BD1DFF87C270121F6B2032000FB06F0801CC0B204F041
:207A800039FC55E068780C280BD1DFF864270121F6B2032000FB06F0801CC0B204F02AFC24
:207AA00046E068780D280BD1DFF848270121F6B2032000FB06F0801CC0B204F01BFC37E05B
:207AC00068780E280BD1DFF830270121F6B2032000FB06F0801CC0B204F00CFC28E06878B6
:207AE0000F280BD1DFF814270121F6B2032000FB06F0801CC0B204F0FDFB19E0687809287F
:207B00000BD1DFF8FC260121F6B2032000FB06F0801CC0B204F0EEFB0AE0DFF8E8260121D6
:207B2000F6B2032000FB06F0801CC0B204F0E2FB287800280BD0DFF8D0261021F6B203203E
:207B400000FB06F0801CC0B204F0D4FB0AE0DFF8BC261021F6B2032000FB06F0801CC0B2C5
:207B600004F0C8FBBDE8F783FC69020830690208516E0020146D0020B8670020BB6700201C
:207B80001AFA000850640208BC6A0208BD67002044000020066E0020F06E0208026E0020A7
:207BA0003C6C0020F0B585B0DFF8640690F82E00002822D10020FDF746F80400E4B25A2C9F
:207BC00009D1FCF7DBFADFF8180600680068DFF810160860F4E2E4B2A52C0DD10020DFF8C7
:207BE000301608760120DFF82816C8750120DFF8201681F82E0000E0E2E2DFF8140690F85C
:207C00002E00012840F0DC82DFF8040600785A2800F07F8002F0FEF95A20DFF8F4150870FA
:207C200000200700FFB2202F06DA0020DFF89415FFB2C8557F1CF5E7002006000E22DFF82B
:207C4000D415DFF8800505F0F9FDDFF8CC05C07910F5005080B206F051F80500DFF86415F8
:207C6000280080B205F03EFFDFF8B015DFF8A805807905F0D8FEDFF8A815DFF89C054079CF
:207C800005F0D1FE0C22DFF89C15DFF89C0505F0D5FDDFF89415DFF88005007905F0C3FE20
:207CA000DFF88815DFF87005C07805F0BCFEDFF88015DFF86405807805F0B5FEDFF80425D1
:207CC0000121012004F016FBDFF85C250221022004F010FBDFF83805007E0F210123DFF803
:207CE000E424DFF82CC59CF818C012F80C20D2B290FBF1FC01FB1C00DFF81415C97D091897
:207D0000C9B2DFF80C05C07DC0B24000C0B204F01BF904F008FEDFF81C050078002800F015
:207D20004F8204F000FEDFF810050078002800F04782DFF80405407801280DD0082800F07D
:207D40009F80102800F0F480202841D0402800F0EE8180281ED0FAE1DFF86804DFF8B014F9
:207D6000097E4056392807D13020DFF85814DFF8A024127E88540CE0DFF84804DFF8901489
:207D8000097E405C401CDFF83C14DFF88424127E8854E4E1DFF82C04DFF87414097E40560A
:207DA000302807D13920DFF81C14DFF86424127E88540CE0DFF80C04DFF85414097E405C33
:207DC000401EDFF80014DFF84824127E8854C6E1DFF83C04007E002808D11820DFF830141B
:207DE00008760220DFF82814C875B8E1DFF82004007E401EDFF818140876DFF81404007E35
:207E0000042833DBDFF80804007E0F2811DBDFF80004007E022190FBF1F201FB1200002884
:207E200024D1DFF8EC03007E801EDFF8E41308761CE0DFF8DC03007E0E2806D1DFF8D00338
:207E4000007E401EDFF8C8130876DFF8C403007E022190FBF1F201FB1200002806D0DFF886
:207E6000B003007E801EDFF8A8130876DFF8A003007E0E2803DA0120DFF89413C8756EE1ED
:207E8000DFF88C03007E182808DB0120DFF88013C8750020DFF87813087660E1DFF8700388
:207EA000007E401CDFF868130876DFF86403007E042833DBDFF85803007E0F2811DBDFF878
:207EC0005003007E022190FBF1F201FB1200002824D0DFF83C03007E801CDFF8341308764A
:207EE0001CE0DFF82C03007E022190FBF1F201FB1200002806D1DFF81803007E801CDFF881
:207F000010130876DFF80803007E0E2806D1DFF80003007E401CDFF8F8120876DFF8F00277
:207F2000007E0F2803DB0220DFF8E412C87516E10020DFF8041348700020DFF8FC12087048
:207F4000002006009F4890F90100302801D0FF2006009C48C0780100C9B29A488078C0B258
:207F600005F066FE8DF807009648C0790100C9B294488079C0B205F05BFE8DF80600914890
:207F8000C07A0100C9B28F48807AC0B205F050FE8DF805008B48007C0100C9B28948C07B44
:207FA000C0B205F045FE8DF804008648007D0100C9B28448C07CC0B205F03AFE8DF8030098
:207FC0008048007E0100C9B27E48C07DC0B205F02FFE8DF802009DF80600002803D09DF896
:207FE00006000D2801DBFF2006009DF80500002848D09DF80500202844DA9DF806000428A4
:208000000BD09DF80600062807D09DF80600092803D09DF806000B2806D19DF805001F28C0
:2080200002D1FF2006002FE09DF8060002282BD19DF80700042190FBF1F201FB1200002813
:2080400008D19DF80700642190FBF1F201FB1200002809D19DF807004FF4C87190FBF1F222
:2080600001FB1200002806D19DF805001E280BDBFF20060008E09DF805001D2804DBFF2043
:20808000060001E0FF2006009DF80400182801DBFF2006009DF803003C2801DBFF200600FD
:2080A0009DF802003C2801DBFF20060004F03BFC9DF8070010F5FA6080B205F079FE0500FB
:2080C00028008DF80F009DF8060005F052FE8DF80E009DF8050005F04CFE8DF80D009DF871
:2080E000040005F046FE8DF80C009DF8030005F040FE8DF80B009DF8020005F03AFE8DF80E
:208100000A00F6B2002E02D102A808F096F9DFF8080108F019F90020DFF8FC100880FCF713
:208120002DF82F48006800682D49086048E00020DFF8041148700020DFF8FC100870FCF79B
:208140001DF82748006800682549086038E00020DFF8E41048700020DFF8DC1008700020BF
:20816000DFF8D41048700020DFF8CC100870154A0121012004F0BEF8DFF8AC20022102200D
:2081800004F0B8F8DFF88800007E0F2101230D4ADFF87CC09CF818C012F80C20D2B290FBEF
:2081A000F1FC01FB1C00DFF86810C97D0918C9B2DFF85C00C07DC0B24000C0B203F0C4FE40
:2081C00005B0F0BDB4670020526E0020186D0020947102089C710208206E0020FC6E020835
:2081E0006C6D00207C6C0208086F02088C6C0208146F0208206F02089C6C0208AC6C0208B7
:208200002C6F0208386F0208447102084C710208586A00201C6E0208686C0020BA670020D7
:20822000BE670020C06B0208C3670020C7670020CB6700205B6E00204C6D00202DE9F041D1
:2082400082B0DFF8F40790F82E00002840F08981DFF8E40790F82F005A281ED104F03DFAED
:208260000020DFF8D41781F82F00DFF8D0070079DFF8CC170871DFF8C4074079DFF8C01711
:208280004871DFF8B8078079DFF8B4178871DFF8AC07C078DFF8A817C87000200700FFB293
:2082A000202F06DA2020DFF88C17FFB2C8557F1CF5E7DFF88017DFF88807007905F0B3FBA0
:2082C0004820DFF870178870DFF868270B21002004F010F8DFF868074079002805D002280C
:2082E00011D009D3032815D01AE0DFF858270B21012003F0FFFF13E0DFF84C270B21012099
:2083000003F0F8FF0CE0DFF844270B21012003F0F1FF05E0DFF838270B21012003F0EAFFD1
:20832000DFF81C07C078022802D0032807D00CE0DFF820270A21022003F0DCFF05E0DFF82C
:20834000D02C0A21022003F0D5FFDFF8F4068079002806D0DFF800270A21032003F0CAFF3D
:2083600005E0DFF8B02C0A21032003F0C3FFDFF8EC060078002800F08B80DFF8E006407889
:20838000012806D0102827D0402861D0802812D06EE0DFF8A4064078002804D10320DFF80E
:2083A0009816487006E0DFF890064078401EDFF88816487064E0DFF880064078401CDFF835
:2083C00078164870DFF870064078042803DB0020DFF86416487053E00020DFF880164870A7
:2083E0000020DFF878160870DFF84C064078002807D10120DFF8401681F82E0000F045F97C
:2084000025E0DFF834064078012807D10220DFF8281681F82E0000F0C3F918E0DFF8180616
:208420004078022807D10320DFF80C1681F82E0000F035FA0BE0DFF800064078032806D11E
:208440000420DFF8F41581F82E0000F08AFA17E00020DFF8081648700020DFF800160870B4
:20846000FBF78CFE0520DFF8D01581F82E0007E00020DFF8E81548700020DFF8E015087001
:208480000020DFF8D81548700020DFF8D0150870DFF8A4054078002802D15FF0010801E080
:2084A0005FF00008DFF8700B07F0EAFF5FFA88F8CDF80080DFF8603B0200D2B200210020DC
:2084C00003F08CFFDFF870054078012802D15FF0010801E05FF00008DFF8400B07F0D0FFA6
:2084E00002005FFA88F8CDF80080DFF8303BD2B20021012003F072FFDFF83C0540780228F6
:2085000002D15FF0010801E05FF00008DFF8100B07F0B6FF5FFA88F8CDF80080DFF8003B2A
:208520000200D2B20021022003F058FFDFF808054078032802D15FF0010801E05FF00008FE
:20854000DFF8E00A07F09CFF5FFA88F8CDF80080DFF8D03A0200D2B20021032003F03EFFCF
:2085600091E0DFF8D40490F82E00012802D100F08CF888E0DFF8C00490F82E00022802D1FF
:2085800000F00EF97FE0DFF8B00490F82E00032802D100F084F976E0DFF89C0490F82E0056
:2085A000042802D100F0DDF96DE0DFF88C0490F82E00052867D1DFF888040500DFF87C0468
:2085C000060000200700FFB20C2F12D22800451C31004E1C00780978884204D00120DFF8EB
:2085E000481A087005E00020DFF83C1A08707F1CE9E7DFF8340A007800283AD00220FCF7B8
:2086000022FB0400E4B25A2C09D1FBF7B7FDDFF8200400680068DFF81814086033E0E4B2BE
:20862000A52C25D10020DFF8001A08705A20DFF8081481F82F00082006F088FD0022DFF839
:20864000FC034179DFF8440B07F0A4FF00210F2006F0EAF904F041F8DFF8342B00210120D3
:2086600003F082FE0520DFF8D01381F82E000AE009E0FBF783FDDFF8B80300680068DFF883
:20868000B0130860FFE7BDE8F38130B585B0DFF8A80300785A2812D0DFF8A00300798DF8C0
:2086A0000C000020DFF89013DFF88C2392F82E201144C8745A20DFF88013087004E0DFF80E
:2086C0007803808B8DF80C0003A8029000200190DFF8C00A00900123DFF85C03DFF85813C8
:2086E00091F82E100844C27C0B210020FBF775FF0500EDB25A2D1FD10020DFF83C13DFF83F
:20870000382392F82E201144C8740020DFF8281381F82E000020DFF82013087000200400F6
:20872000E4B2052C3ADA0020DFF80C13E4B201EB44018883641CF3E7EDB2A52D24D1002096
:20874000DFF8F412DFF8F02292F82E201144C8740020DFF8E41281F82E000020DFF8D81275
:20876000087000200400E4B2052C08DA0020DFF8C812E4B201EB44018883641CF3E79DF822
:208780000C00AF49087109E0AB48AB4991F82E100844C5749DF80C00A749888305B030BD02
:2087A00080B5A54800785A2806D0A4484079A24988705A20A0490870A848007800284CD0B8
:2087C000A6484078012806D0102820D040282AD080280ED035E098488078002803D10320D8
:2087E0009549887004E094488078401E924988702DE091488078032803DB00208E498870E4
:2088000004E08D488078401C8B4988701FE08A4880788B4948710020874981F82E00002072
:208820008549087013E000208C49487000208B490870FBF7A3FC7E48006800687C49086092
:208840002CE00020854948700020844908700020824948700020814908707748807800281D
:2088600005D002280FD008D3032812D016E0754A0B21012003F078FD10E0734A0B210120CE
:2088800003F072FD0AE0714A0B21012003F06CFD04E06F4A0B21012003F066FD01BD80B5F5
:2088A000654800785A2806D06448C078624988705A20614908706948007800283DD067480B
:2088C0004078012806D010280CD0402815D0802804D022E002205849887026E00220564980
:2088E000887022E002205649C8700020524981F82E0000205049087017E00020DFF8981854
:2089000048700020DFF890180870FBF737FC4848006800684649086022E00020DFF8781883
:2089200048700020DFF8701808700020DFF8681848700020DFF8601808703F4880780228C9
:2089400002D0032806D00BE0424A0A21022003F00BFD05E0DFF8B8260A21022003F004FDAA
:2089600001BD80B5344800785A2806D033488079314988705A2030490870DFF81C080078F4
:20898000002842D0DFF810084078012805D010280FD0402819D0802827D127488078002861
:2089A00003D000202449887002E001202249887023E0214880782249887100201E4981F831
:2089C0002E0000201C49087017E00020DFF8C81748700020DFF8C0170870FBF7CFFB144889
:2089E00000680068124908601FE00020DFF8A81748700020DFF8A01708700020DFF89817AB
:208A000048700020DFF8901708700B488078002805D0114A0A21032003F0A6FC05E0DFF846
:208A2000F4250A21032003F09FFC01BD000000006C6D0020B4670020586A0020246C0020BD
:208A4000306C0020AC710208B4710208BC710208C4710208CC710208E47102084C6D00200F
:208A600038B5DFF8080C90F82E00002820D10320FCF7E9F80400E4B25A2C0BD10020DFF865
:208A8000F01B0870FBF77AFBDFF8E80BDFF8381D0860BBE2E4B2A52C09D10120DFF8CC1BD1
:208AA00081F82E000020DFF8D01B087000E0ADE2DFF8B80B90F82E00012840F09482DFF8B0
:208AC000AC0B90F82F005A2820D103F006FE0020DFF8981B48700020DFF8901B88720020A0
:208AE000DFF8881B81F82F00DFF8900BC078DFF8201CC870DFF8840B8078DFF8141C887002
:208B0000DFF8780B0079DFF8081C087103F00BFFDFF86C2B0221002003F0ECFBDFF8F40BB0
:208B20000078002811D15A20DFF8401B81F82F000020DFF83C1B087003F0CFFDFBF71EFBCF
:208B4000DFF8300BDFF8801C0860DFF84C060078002800F00A81DFF84006407801280ED008
:208B6000082800F0B780102800F0B580202800F0B180402800F0D580802856D0E1E0DFF8C5
:208B8000F80A007800283ED0DFF8E00A807A002811D1DFF87C0BC078022804DB0020DFF8CA
:208BA000701BC87040E0DFF8680BC078401CDFF8601BC87038E0DFF8B40A807A01280ED1BB
:208BC000DFF84C0B8078002804D00020DFF8401B887029E00120DFF8381B887024E0DFF802
:208BE0008C0A807A02281FD1DFF8240B0079002804D00020DFF8181B087115E00120DFF8C0
:208C0000101B087110E0DFF8640A807A002807D0DFF8580A807A401EDFF8501A887203E0D3
:208C20000220DFF8481A887293E0DFF84C0A007800283ED0DFF8340A807A002811D1DFF8A1
:208C4000D00AC078022804DB0020DFF8C41AC8703FE0DFF8BC0AC078401CDFF8B41AC870BF
:208C600037E0DFF8080A807A01280ED1DFF8A00A8078002804D00020DFF8941A887028E0D8
:208C80000120DFF88C1A887023E0DFF8E009807A02281ED1DFF8780A0079002804D000207A
:208CA000DFF86C1A087114E00120DFF8641A08710FE0DFF8B809807A401CDFF8B019887284
:208CC000DFF8A809807A032803DB0020DFF89C1988723EE03DE00020DFF8BC144870002089
:208CE000DFF8B4140870DFF890090078002813D00020DFF884190870012006F027FADFF84F
:208D0000CC2A0021072003F0F5FADFF8C42A0021082003F0EFFAFEE70120DFF85C1908707F
:208D200017E00020DFF8701448700020DFF868140870FBF723FA0720DFF8301981F82E0021
:208D400064E10020DFF8501448700020DFF8481408703C20DFF8BC1908700020DFF838142D
:208D600048700020DFF830140870DFF80009807A002801D1012500E00025DFF8800B07F030
:208D80007FFBEDB20095DFF8743B0200D2B20021012003F023FBDFF8D408807A012801D11E
:208DA000012500E00025DFF8580B07F069FB0200EDB20095DFF8483BD2B20021022003F0A9
:208DC0000DFBDFF8A808807A022801D1012500E00025DFF8300B07F053FBEDB20095DFF881
:208DE000243B0200D2B20021032003F0F7FADFF82009C078002805D002283BD01ED30328E0
:208E000054D06FE0DFF870080078002806D0DFF85C08807A002801D1012500E00025DFF8E9
:208E2000E80A07F02DFBEDB20095DFF8DC3A0200D2B20821012003F0D1FA53E0DFF8380828
:208E40000078002806D0DFF82408807A002801D1012500E00025DFF8B40A07F011FBEDB243
:208E60000095DFF8A83A0200D2B20821012003F0B5FA37E0DFF800080078002806D0DFF8EF
:208E8000EC07807A002801D1012500E00025DFF8800A07F0F5FAEDB20095DFF8743A0200BE
:208EA000D2B20821012003F099FA1BE0DFF8C8070078002806D0DFF8B407807A002801D1C1
:208EC000012500E00025DFF84C0A07F0D9FAEDB20095DFF8403A0200D2B20821012003F028
:208EE0007DFAFFE7DFF828088078002802D001281CD037E0DFF880070078002806D0DFF845
:208F00006C07807A012801D1012500E00025DFF8080A07F0B5FAEDB20095DFF8FC390200ED
:208F2000D2B20821022003F059FA1BE0DFF848070078002806D0DFF83407807A012801D17E
:208F4000012500E00025DFF8D40907F099FAEDB20095DFF8C8390200D2B20821022003F0D8
:208F60003DFAFFE7DFF8A8070079002802D001281CD037E0DFF800070078002806D0DFF884
:208F8000EC06807A022801D1012500E00025DFF8900907F075FAEDB20095DFF8843902001E
:208FA000D2B20921032003F019FA2FE0DFF8C8060078002806D0DFF8B406807A022801D129
:208FC000012500E00025DFF8880B07F059FAEDB20095DFF87C3B0200D2B20921032003F02A
:208FE000FDF913E012E0DFF8840690F82E0007280CD103F098FC0020DFF874160870FBF701
:20900000BDF8DFF87006DFF8C017086031BD0000D4710208DC71020834700208407002083C
:209020004C70020858700208666E00207FB5DFF83C0690F82E0000281AD10020FBF703FE7B
:209040000500EDB25A2D09D1FBF798F8DFF8780700680068DFF87017086096E0EDB2A52DB6
:2090600005D10120DFF8041681F82E008DE08CE0DFF8F80590F82E00012840F0868000F0AF
:20908000C9FFDFF8E80500785A280BD05A20DFF8DC15087000208DF80D009DF80D008DF8DC
:2090A0000C000FE000200400E4B2022C0ADADFF8BC05E4B200EB4400808B03A9E4B20855E2
:2090C000641CF1E7DFF88C2A0121012003F012F903A8029010200190DFF8A80B009002232D
:2090E000DFF88805DFF8841591F82E100844C27C05210220FBF771FA0600F6B25A2E09D196
:20910000FBF73CF8DFF8C00600680068DFF8B81608603AE0F6B2A52E1FD100200400E4B270
:20912000022C09DA03A8E4B2005DDFF85C1BE4B22144C871641CF2E7082006F007F8002167
:209140000F2005F071FCFBF719F8DFF87C0600680068DFF87416086017E0DFF81005DFF8CF
:209160000C1591F82E100844C67400200400E4B2022C0ADA03A8E4B2005DDFF8F014E4B2A6
:2091800001EB44018883641CF1E77FBD00380140FC6B02080C0000204C6D002030B585B0F6
:2091A000DFF8C80490F82E0000286BD1DFF8BC0490F82F005A2806D103F08FFA0020DFF8D8
:2091C000AC1481F82F0000200400E4B2202C06DA0020DFF8B81AE4B20855641CF5E7DFF852
:2091E000AC1ADFF8A40A807804F0B3FBDFF89C2A0A21012003F07EF8DFF8942A0121012060
:2092000003F078F8DFF88C2A0C21012003F072F8DFF8840A0078002834D0DFF87C0A407895
:20922000102802D0402812D023E00020DFF8681A48700020DFF8601A08700120DFF82C1485
:2092400081F82E000020DFF8241408701AE00020DFF8441A48700020DFF83C1A0870FAF703
:209260008DFFDFF8F40800680068DFF8EC180860B6E00020DFF8201A48700020DFF8181AD4
:209280000870ADE0DFF8E40390F82E00012855D1DFF8D80300785A2812D0DFF8EC098078B4
:2092A0008DF80C000120DFF8C413DFF8C02392F82E201144C8745A20DFF8B013087004E0BB
:2092C000DFF8A803808B8DF80C0003A8029010200190DFF8B00900900123DFF89003DFF8ED
:2092E0008C1391F82E100844C27C0A210120FBF774F90500EDB25A2D07D1FAF73FFF02207F
:20930000DFF8681381F82E0018E0EDB2A52D0BD19DF80C00DFF870198870FAF72FFF0220D5
:20932000D24981F82E0009E0D048D04991F82E100844C5749DF80C00CC498883CB4890F8A9
:209340002E0002284CD1DFF854098078DFF838198978884204D00120DFF84419087003E0F5
:209360000020DFF83C190870DFF83409007800282CD00220FBF767FC0500EDB25A2D09D1FD
:20938000FAF7FCFEDFF8D00700680068DFF8C817086025E0EDB2A52D17D10020DFF80019D8
:2093A00008705A20B14981F82F00082005F0CEFE03F093F9DFF8EC280021012002F0D4FFBF
:2093C00000210F2005F030FB0AE009E0FAF7D6FEDFF8840700680068DFF87C170860FFE79B
:2093E00005B030BDE0B5A14890F82F005A280BD103F073F900209D4981F82F00DFF8980BB1
:209400008078DFF8981B0870DFF8900B027896A1684606F0B1FD6A461021012002F06AFF80
:20942000DFF87C2B0221012002F064FFDFF8742B0221032002F05EFFDFF86C2B0021042057
:2094400002F058FFDFF8642B0021052002F052FFDFF844080078002800F07F80DFF838080B
:20946000407801280AD008281AD010282AD0202804D040283DD0802812D048E0DFF81C0BA4
:209480000078382807DADFF8140B0078801CDFF80C1B087003E03820DFF8001B08703FE0CF
:2094A000DFF8F80A0078112807DBDFF8F00A0078801EDFF8E81A087003E01020DFF8DC1A28
:2094C00008702DE00020DFF8D01748700020DFF8C8170870DFF8C40A0078DFF8BC1A887061
:2094E000DFF8B40A06F050FA00210F2005F09CFA16E00020DFF8A01748700020DFF89817BA
:209500000870FAF73BFE5B48AF49086025E00020DFF8841748700020DFF87C1708701CE059
:209520000020DFF8741748700020DFF86C170870DFF8680A0078DFF8601A8870302003F0B2
:2095400086F9812003F083F9DFF8500A007880B203F0A8F9042003F0A5F907BD10B5434844
:2095600090F82E00002819D10120FBF76CFB0400E4B25A2C09D1FAF701FEDFF8DC0500689F
:209580000068DFF8D41508602AE0E4B2A52C04D10120364981F82E0000E021E0334890F8CA
:2095A0002E0001281CD103F098F8002006F090FC002806D0DFF8F8290221012002F09AFE7E
:2095C00005E0DFF8F0290221012002F093FEFAF7D5FDDFF8840500680068DFF87C1508602C
:2095E00010BD10B5214890F82E00002819D10120FBF729FB0400E4B25A2C09D1FAF7BEFDCB
:20960000DFF8540500680068DFF84C1508602AE0E4B2A52C04D10120144981F82E0000E05F
:2096200021E0124890F82E0001281CD103F055F8012006F04DFC002806D0DFF874290221CE
:20964000012002F057FE05E0DFF868290221012002F050FEFAF792FDDFF8FC0400680068AA
:20966000DFF8F414086010BD25640000586A00205E6E0020106C0208706E0020506C00201F
:20968000BC6C020810B5DFF8300990F82E0000281AD10120FBF7D7FA0400E4B25A2C09D11C
:2096A000FAF76CFDDFF8B00400680068DFF8A81408602CE0E4B2A52C05D10120DFF8F818A9
:2096C00081F82E0000E022E0DFF8EC0890F82E0001281CD103F001F8022006F0F9FB00284A
:2096E00006D0DFF8CC280021012002F003FE05E0DFF8C0280021012002F0FCFDFAF73EFD97
:20970000DFF8540400680068DFF84C14086010BD586C00205B6E002010B500F07BFCDFF80E
:209720009C280121012002F0E5FD00200400E4B2052C06DA0020DFF85415E4B20855641CB0
:20974000F5E7DFF87C280121022002F0D3FDDFF874280121032002F0CDFDDFF83015DFF845
:209760006808008804F016F9DFF820250821042002F0C0FDDFF854280121042002F0BAFD94
:20978000DFF81405007800281DD0DFF80C05407840280FD10020DFF8001548700020DFF8A9
:2097A000F8140870FAF7EAFC0748006800680649086008E00020DFF8E01448700020DFF8F6
:2097C000D8140870FFE710BD6C6D0020CC6C0208DC6C020810B5DFF8E00790F82E00002884
:2097E00020D10120FBF72FFA0400E4B25A2C07D1FAF7C4FCD84800680068D74908607CE0BF
:20980000E4B2A52C0DD10120DFF8AC1781F82E000120DFF8BC1708705A20DFF89C170870E2
:2098200000E06AE0DFF8900790F82E00012864D1DFF89C070078002830D00020DFF89017C4
:209840000870DFF89007C078012803D1032005F09AFA14E0DFF87C07C078022803D1042099
:2098600005F091FA0BE0DFF86C07C078032803D1052005F088FA02E0022005F084FAFA20CF
:2098800002F07BF9082005F07EFAFA2002F075F905F0F0FE00210E2005F0C6F800F0BAFBC9
:2098A000DFF834270321002002F024FD03F03BF8962002F062F9DFF824270221012002F09E
:2098C00019FD962002F059F9DFF814270221022002F010FD962002F050F9DFF80827022108
:2098E000032002F007FD962002F047F9DFF8F8260221042002F0FEFCFEE710BD887002088B
:2099000094700208A0700208AC700208B8700208C4700208D0700208DC700208E870020887
:20992000F470020870B5DFF8C4060078002806D0DFF8B8060078401EDFF8B0160870DFF826
:20994000AC060078002840F001810220DFF89C16087000200400E4B2202C05DA2020CB49A7
:20996000E4B20855641CF6E7DFF884060078092190FBF1F00600DFF878060078092190FBA0
:20998000F1F201FB1200002800D0761CDFF8280690F82E00002840F09B80DFF81C0690F89D
:2099A0002F005A280ED102F098FE0020DFF8081681F82F000020DFF8001648700020DFF816
:2099C000F815C870B4480078002863D0B2484078012806D0102834D040283DD0802817D082
:2099E0004CE0DFF8D4054078002807D0DFF8C8054078401EDFF8C015487003E0701EDFF86E
:209A0000B81548705A20DFF8B01581F82F003BE0DFF8A4054078F6B2711E884207D0DFF801
:209A200098054078401CDFF89015487003E00020DFF8841548705A20DFF87C1581F82F008C
:209A400022E000209449487000209349087000F02BF909F005FA17E000208F494870002008
:209A60008D490870FAF78AFB0020DFF8881508700220DFF8441581F82E0067E000208649E7
:209A80004870002084490870002083494870002081490870DFF8200590F82F005A2806D197
:209AA00002F01BFE0020DFF8101581F82F00DFF848250221002002F01DFCDFF8FC044078B6
:209AC000092110FB01F2D2B20121002000F0CCFEDFF8E40490F82E00022837D10120FBF724
:209AE000B2F80500EDB25A2D0ED1DFF81005DFF81015342205F056FFFAF740FB1648006838
:209B000000681549086021E0EDB2A52D1DD15A20DFF8A41481F82F00FAF730FB0E4800682C
:209B200000680D490860092005F010FBDFF8CC04DFF8CC14342205F035FF02F0CEFD594A99
:209B40000021012002F010FC00E0FFE770BD0000007102082C6E02086C6D00202DE9F34F62
:209B600087B000208DF800009DF80000032880F27F8002F0D8FE07980A2190FBF1F0C11702
:209B8000CDE9040108980A2190FBF1F0C117CDE90201DDE90401DDE90423A2FB00AB02FB45
:209BA00001BB03FB00BB54465D46DDE90201DDE90223A2FB00AB02FB01BB03FB00BB14EB86
:209BC0000A0455EB0B05200029006422002309F009FD04000D00012000218D4242DB01DC1A
:209BE00084423FD3DDE90401DDE90223801859414EF610720023A2FB00AB02FB01BB03FBBD
:209C000000BBD046D946404649462200D31709F0E9FC80468946DDE90401DDE90223801A70
:209C200099414EF610720023A2FB00AB02FB01BB03FB00BB56465F46300039002200D317F1
:209C400009F0D0FC06000F003100404603F0B2FD002807D0DFF8A403A0F82E80DFF89C0398
:209C6000068605E09DF80000401C8DF800007BE79DF80000032801DA012000E0002009B026
:209C8000BDE8F08F00000020306C0020B467002064700208FC7102084C6D0020246C0020AB
:209CA000666E0020FC6B020810B5DFF8500340884FF4FA714843DFF84C130968B0FBF1F01C
:209CC0000400B4F5407F05D9B4F5056F02D2DFF82C034480C94880884FF4FA714843C9491B
:209CE0004968B0FBF1F00400B4F5407F04D9B4F5056F01D2C1488480C048C0884FF4FA71E3
:209D00004843C0498968B0FBF1F00400B4F5407F04D9B4F5056F01D2B848C480B74800892D
:209D20004FF4FA714843B749C968B0FBF1F00400B4F5407F04D9B4F5056F01D2AF48048178
:209D4000AE48408941F28E614843AE490969B0FBF1F00400B4F5407F04D9B4F5056F01D269
:209D6000A6484481A548808941F28E614843A5494969B0FBF1F00400B4F5407F04D9B4F56F
:209D8000056F01D29D4884819C48C08941F28E6148439C498969B0FBF1F00400B4F5407FE9
:209DA00004D9B4F5056F01D29448C4819348008A42F2107148439349C969B0FBF1F0040072
:209DC000B4F5407F04D9B4F5056F01D28B4804828A48408A42F2107148438A49096AB0FB28
:209DE000F1F00400B4F5407F04D9B4F5056F01D2824844828148808A42F2107148438149DC
:209E0000496AB0FBF1F00400B4F5407F04D9B4F5056F01D2794884826E48C078022811D109
:209E20007648C08A4FF4FA7148437649C968B0FBF1F00400B4F5407F04D9B4F5056F01D22C
:209E40006E48C4826D48008B41F2883148436E490968B0FBF1F00400B4F5407F04D9B4F5A9
:209E6000056F01D2654804836448408B41F28831484365494968B0FBF1F00400B4F5407F22
:209E800004D9B4F5056F01D25C4844835B48808B41F2883148435C498968B0FBF1F004003F
:209EA000B4F5407F04D9B4F5056F01D2534884835248008C41F28E6148435349C968B0FB80
:209EC000F1F00400B4F5407F04D9B4F5056F01D24A4804844948408C41F28E6148434A49B1
:209EE0000969B0FBF1F00400B4F5407F04D9B4F5056F01D2414844844048808C41F28E6124
:209F0000484341494969B0FBF1F00400B4F5407F04D9B4F5056F01D2384884843748C08C62
:209F200042F21071484338498969B0FBF1F00400B4F5407F04D9B4F5056F01D22F48C484EA
:209F40002E48008D42F2107148432F49C969B0FBF1F00400B4F5407F04D9B4F5056F01D24F
:209F6000264804852548408D42F2107148432649096AB0FBF1F00400B4F5407F04D9B4F510
:209F8000056F01D21D4844852048016820480068FFF7E4FD10BD0000486D0020716E002033
:209FA000EC6C0208AC6B0208146A02082C6A0208707002087C700208586A0020FC6C0208C2
:209FC0005C6C02086C6C0208FC6D0020EC710208726E0020506C00209C6C02080C6D02086C
:209FE0001C6D02082C6D02083C6D02085D6E0020B7040108736E0020446F0208C0690020C2
:20A000008C6900205069002014690020546D0020506D002080B5DFF8200B90F82F005A2887
:20A0200006D102F05AFB0020DFF80C1B81F82F00DFF8080B407A5A2814D1DFF8040BC07813
:20A0400000280FD1DFF8FC0A0068800205D58AA21321002002F04EF904E088A2132100203C
:20A0600002F048F9DFF8D80AC07802280FD1DFF8D40A0068000105D57FA21321002002F053
:20A0800039F904E07DA21321002002F033F901BDF8B504000D0016001F00DFF8AC0A066075
:20A0A000DFF8A40A0068DFF8A41A884204D3DFF8A00ADFF8941A0860DFF88C0A0068DFF863
:20A0C000941A884209D30920DFF88C1A0880DFF8840ADFF8881A086077E0DFF86C0A0068AC
:20A0E000DFF87C1A884209D30820DFF86C1A0880DFF86C0ADFF8641A086066E0DFF8480AC7
:20A100000068DFF8601A884209D30720DFF8481A0880DFF8500ADFF8441A086055E0DFF81E
:20A12000280A0068DFF8401A884209D30620DFF8281A0880DFF8300ADFF8201A086044E039
:20A14000DFF8040A006842F21071884209D30520DFF8041A088042F21070DFF8001A0860A8
:20A1600033E0DFF8E4090068B0F57A7F09D30420DFF8E41908804FF47A70DFF8E019086041
:20A1800023E0DFF8C4090068642808D30320DFF8C81908806420DFF8C419086015E0DFF87A
:20A1A000A80900680A2808D30220DFF8AC1908800A20DFF8A819086007E00120DFF8981979
:20A1C00008800120DFF8941908600020DFF89C190880DFF898090088DFF87C1909888842EF
:20A1E00049D2DFF864090068DFF870190968B0FBF1F0DFF87C19DFF87429128821F8120096
:20A20000DFF844090068DFF840190968DFF84C291268B1FBF2F1DFF84429126802FB1100F0
:20A22000DFF824190860DFF8340900680A21B0FBF1F0DFF8281908603B00DBB2DFF8300917
:20A24000DFF82819098830F8110010F13002D2B2DFF8180900882918C9B22000C0B2400057
:20A26000C0B201F071FEDFF804090088401CDFF8FC180880ADE7F1BD600000005E000000D1
:20A28000F0B40023140089B200EB01073E00A4B242F21077BC4205DB05273B0042F2107766
:20A2A0003D001DE0A4B2B4F57A7F05DB04273B004FF47A773D0013E0A4B2642C04DB0327D3
:20A2C0003B0064273D000BE0A4B20A2C04DB02273B000A273D0003E001273B0001273D00A8
:20A2E0009BB2002B12D0A4B2ADB294FBF5F730373770761CA4B2ADB294FBF5F705FB1744A9
:20A30000ADB20A2795FBF7F55B1EE9E7F0BC7047F8B504000D0016001F00002E0CD5002063
:20A320000090DAA301222900C9B22000C0B202F055F8F043461C09E000200090D4A30122B0
:20A340002900C9B22000C0B202F048F80120DFF8041B0880DFF8FC0A008810281DDA7FF0F3
:20A360000040B0FBF7F0DFF8F01A0860DFF8E80A006842F2107188420FDADFF8D80A0088E8
:20A380000641DFF8D00A0088C740DFF8C80A0088401CDFF8C01A0880DCE7B6FBF7F0DFF83E
:20A3A000BC1A0880DFF8B40A008842F21071884204DB42F20F70DFF8A41A0880B6FBF7F05C
:20A3C00007FB1060DFF8901A0860DFF88C0A006842F210714843B0FBF7F0DFF87C1A0860A6
:20A3E000DFF8740A00684FF47A7190FBF1F0DFF8701A08804FF47A70DFF85C1A0968DFF85B
:20A40000582A126892FBF0F200FB1210642190FBF1F0DFF84C1A48804FF47A70DFF8381A68
:20A420000968DFF8342A126892FBF0F200FB1210642190FBF1F201FB1200DFF81C1A0860FA
:20A44000DFF8140A00680A2190FBF1F0DFF8101A88800A20DFF8001A0968DFF8FC291268FD
:20A4600092FBF0F200FB1210DFF8F419C88002F05AFA00200090DFF8F0390722691CC9B205
:20A480002000C0B201F0AAFFDFF8D0090088B0F57A7F1EDB0023DFF8C4090288691C89B2B0
:20A4A000200080B2FFF7F4FD0020009079A30422691DC9B22000C0B201F090FF0023DFF864
:20A4C000A0090288A91D89B2200080B2FFF7E0FDD9E0DFF888090088642828DB0023DFF8F1
:20A4E0007C090288691C89B2200080B2FFF7D0FD0020009067A30422291DC9B22000C0B245
:20A5000001F06CFF0023DFF858090288691D89B2200080B2FFF7BCFD0023DFF84409428827
:20A52000A91D89B2200080B2FFF7B2FDABE0DFF82C0900880A280ADB0023DFF82009028840
:20A54000691C89B2200080B2FFF7A2FD09E00023DFF808090288A91C89B2200080B2FFF78E
:20A5600097FD42F21070874229D100200090DFF8FC380422E91CC9B22000C0B201F02EFFBF
:20A580000023DFF8DC080288291D89B2200080B2FFF77EFD0023DFF8C8084288691D89B2BA
:20A5A000200080B2FFF774FD0023DFF8B4088288A91D89B2200080B2FFF76AFD63E0B7F583
:20A5C0007A7F29D100200090DFF8A0380422E91CC9B22000C0B201F001FF0023DFF880087E
:20A5E0000288291D89B2200080B2FFF751FD0023DFF86C084288691D89B2200080B2FFF779
:20A6000047FD0023DFF858088288A91D89B2200080B2FFF73DFD36E0642F1ED100200090C7
:20A620001CA30422E91CC9B22000C0B201F0D6FE0023DFF82C080288291D89B2200080B2D3
:20A64000FFF726FD0023DFF818084288691D89B2200080B2FFF71CFD15E00A2F13D10020A9
:20A66000009080A30422E91CC9B22000C0B201F0B5FE0023DFF8E8070288291D89B2200037
:20A6800080B2FFF705FDF1BD000000002D000000200000002E3030002DE9F74F86B0DFF89E
:20A6A000A004C078002816D1DFF8540ADFF8541AB02205F087F9DFF8480A02F00FFEDFF8EF
:20A6C000400A8346DFF8400A8046DFF8400A00788DF8000036E0DFF86804C078012816D1C1
:20A6E000DFF82C0ADFF82C1AB02205F06BF9DFF8200A02F0F3FDDFF8180A8346DFF8180A67
:20A700008046DFF8180A00788DF800001AE0DFF83004C078022815D1DFF8040ADFF8041A56
:20A72000C02205F04FF9DFF8F80902F0D7FDDFF8F0098346DFF8F0098046DFF8F0090078E5
:20A740008DF800009DF820009021484383449DF82000092110FB01F081469DF81C00040065
:20A76000E4B20A2C7ADA4D4619F1010928009DF80010C0B2884271D2EDB2280108EB000209
:20A7800001212000C0B201F0B5FDEDB228014044821D0C212000C0B201F0ACFD0020824636
:20A7A0005FFA8AFABAF1100F08DA002001A95FFA8AFA01F80A001AF1010AF1E7DBF80000A5
:20A7C00007001BF1040B6420B7FBF0F006006420B7FBF0F100FB1170ADF80200BDF802301A
:20A7E000B6B23200DFF8481901A805F0C5FB01AA06212000C0B201F07DFD1BF1080BDBF868
:20A80000000006001BF1040BEDB228014044C07A032821D030040AD5B6B2F643B6B2320027
:20A82000DFF810190DF10B0005F0A6FB07E0B6B23200DFF804190DF10B0005F09DFB0DF170
:20A840000B020F212000C0B201F054FDB7A213212000C0B201F04EFD641C81E709B0BDE846
:20A86000F08F00002E3000002DE9F24F82B004001500E4B2002C03D0DFF8C008814602E07C
:20A88000DFF8BC088146A8469DF808000600F6B20A2E80F24981474618F1010802F043F8DD
:20A8A0003800DFF8A0180978C0B2884280F03C81DFF89408FFB2390100EB01020121300049
:20A8C000C0B201F017FDDFF88008FFB239010844821D0F213000C0B201F00CFDDFF86808B9
:20A8E000FFB239010844C07A01281DD1FFB259F827008346E4B2002C0BD0DFF850080068AA
:20A90000002806D0DFF84408006800FB0BF0824600E0DA464FF47A7352460621F6B2300029
:20A9200080B2FFF7F5FCFDE0DFF81C08FFB239010844C07A00282FD1FFB259F8270083469B
:20A94000DFF80C08006800FB0BF082468548824516DB4FF47A709AFBF0FA0020009074A3EE
:20A9600001220F213000C0B201F038FD4FF47A7352460621F6B2300080B2FFF7C9FCD1E057
:20A980000A209AFBF0FA642352460621F6B2300080B2FFF7BDFCC5E0DFF8AC07FFB23901F5
:20A9A0000844C07A022840F09E80FFB259F827008346DFF898070068DFF89417096848434B
:20A9C00082460A209AFBF0FA45F2B500824545DB64209AFBF0FA0BFB0AFA6248824503DAD8
:20A9E000DFF87007824516DA4FF47A709AFBF0FA002000904FA301220F213000C0B201F01E
:20AA0000EDFC4FF47A7352460621F6B2300080B2FFF77EFC86E0BAF57A7F03DADFF83807E3
:20AA2000824512DA0020009041A301220F213000C0B201F0D3FC4FF47A7352460621F6B283
:20AA4000300080B2FFF764FC6CE0642352460621F6B2300080B2FFF75BFC63E00BFB0AFA08
:20AA60003C48824503DADFF8F406824515DA3E489AFBF0FA002000902EA301220F2130001E
:20AA8000C0B201F0ABFC4FF47A7352460621F6B2300080B2FFF73CFC44E03348824503DA42
:20AAA000DFF8D00B824515DA64209AFBF0FA002000901FA301220F213000C0B201F08EFC49
:20AAC0004FF47A7352460621F6B2300080B2FFF71FFC27E0642352460621F6B2300080B215
:20AAE000FFF716FC1EE0DFF86006FFB239010844C07A04280BD142F21073FFB259F827209A
:20AB00000621F6B2300080B2FFF702FC0AE04FF47A73FFB259F827200621F6B2300080B27C
:20AB2000FFF7F6FB761CB2E6BDE8F78F400000006B0000004D000000586A0020006B002074
:20AB4000506C00208C6C0020606D002000CA9A3BFFC99A3B00E1F505146E0020646D00206A
:20AB60008096980040420F00A0860100126E0020BC6B00202DE9F34F83B014001D000020AC
:20AB800083465FFA8BFBBBF1100F09DA0020DFF8E81A5FFA8BFB01F80B001BF1010BF0E794
:20ABA000C5F302108DF8040015F00F000600F6B2002E06D0022E17D008D3042E32D021D362
:20ABC00040E0ADF806400020804640E0A4B20A2094FBF0F0ADF80600A4B20A2094FBF0F1DA
:20ABE00000FB1140804632E0A4B2642094FBF0F0ADF80600A4B2642094FBF0F100FB1140A7
:20AC0000804624E0A4B24FF47A7094FBF0F0ADF80600A4B24FF47A7094FBF0F100FB11408E
:20AC2000804614E0A4B242F2107094FBF0F0ADF80600A4B242F2107094FBF0F100FB114070
:20AC4000804604E00020ADF8060000208046002081469DF80400002804D13020DFF8181AC3
:20AC6000087051E09DF8040006284CDA280617D5002083465FFA8BFBBBF1040F09DA20207A
:20AC8000DFF8F4195FFA8BFB01F80B001BF1010BF0E7DFF8E419200080B202F07BFE33E05A
:20ACA000002083465FFA8BFBBBF1040F09DA3020DFF8C4195FFA8BFB01F80B001BF1010B2B
:20ACC000F0E7BDF806008246002007001FFA8AFABAF10A0F06DB1FFA8AFA0A209AFBF0FA6B
:20ACE0007F1CF3E79DF8040059FA80F0401EFFB2B0EB0709BDF80620494689B2DFF87809CC
:20AD0000FFF7BEFA00E05EE0FFB2781C10EB0909F6B2002E0ED10020009052A30122BDF8E3
:20AD2000100010EB0901C9B2BDF80C00C0B201F055FB3BE0F6B2052E38DA2E20DFF8381991
:20AD40001FFA89F901F80900012083465FFA8BFB1FFA89F9D9F1050083450ADA3020DFF850
:20AD600018191FFA89F959FA8BF288541BF1010BECE7C246002007001FFA8AFABAF10A0FE0
:20AD800006DB1FFA8AFA0A209AFBF0FA7F1CF3E759FA86F0FFB2B0EB0709424692B2494697
:20ADA00089B2DFF8D408FFF76BFA761C00200090DFF8C4380622BDF81010C9B2BDF80C00FC
:20ADC000C0B201F00BFB05B0BDE8F08F2DE9F84304000D001600FFF71DF915FB06F08046E1
:20ADE00000200700FFB2092F32DAC14618F101084846DFF888180978C0B2884228D24846D4
:20AE00002100C0B2C9B2884210D1DFF8740800685FFA89F94FF4B27101FB09F10844421CDD
:20AE200000213800C0B201F09FFA0FE0DFF8500800685FFA89F94FF4B27101FB09F10844B4
:20AE4000421C00213800C0B201F054FA7F1CC9E7BDE8F183166E0020686D0020186E0020E7
:20AE6000706C0020200000009C6E0208247102082DE9F54F81B00D001E000C9F0D9CFFF703
:20AE8000C9F8721C0021002001F034FA9DF8080010FB04F08246012080465FFA88F8B8F136
:20AEA0000A0F80F29A80D1461AF1010A4846717CC0B2884280F0918048462900C0B2C9B2E4
:20AEC000884210D1012000905FFA89F91C2000FB09F0304410F11503092200214046C0B23A
:20AEE00001F07CFA0FE0002000905FFA89F91C2000FB09F0304410F11503092200214046E2
:20AF0000C0B201F06BFA002000905FFA89F91C2000FB09F0304410F12A0302220F21404632
:20AF2000C0B201F05BFA5FFA89F91C2000FB09F03044C06A002836D05FFA89F91C2000FB70
:20AF400009F03044408C5FFA89F91C2101FB09F13144097D37F81110884209D25FFA89F9DF
:20AF60001C2000FB09F03044007D002127F810105FFA89F91C2000FB09F03044C06A8346DE
:20AF80005FFA89F91C2000FB09F03044007D37F810000921484383445A4609214046C0B238
:20AFA00001F0A8F916E05FFA89F91C2000FB09F03044C37F5FFA89F91C2000FB09F03044C9
:20AFC000007D37F8102009215FFA88F8404680B2FFF7D0FD18F101085FE7BDE8F78F2DE97E
:20AFE000F84304000D0016001F00EDB21C2000FB05F03044C06A814638888046DFF88406B9
:20B000000078002865D03C20DFF87C160870DFF874064078012809D0082807D0102812D0F2
:20B02000202803D040282AD0802842D118F10108EDB21C2000FB05F03044408C404501D263
:20B04000002080463DE00020DFF8381648700020DFF830160870092000FB08F08144EDB2BB
:20B0600009204A46092195FBF0F300FB1350401CC0B201F03FF9A7F80080A5203DE0002004
:20B08000DFF8001648700020DFF8F81508703888092148438144EDB209204A46092195FB43
:20B0A000F0F300FB1350401CC0B201F023F95A2023E00020DFF8CC1548700020DFF8C41597
:20B0C00008700020DFF8BC1548700020DFF8B4150870092000FB08F08144EDB209204A4607
:20B0E000092195FBF0F300FB1350401CC0B201F03BF9A7F800804046C0B2BDE8F283000031
:20B100000C630020AC610020C05D0208B6040108BC6300205C620020705E0208163701083E
:20B12000EC6000202C6000204C5C020817370108A86E02082C71020834710208F4690020FB
:20B1400014690020B70401087C5B0208586D00205C6D0020C1BDF0FF19FCFFFF011F0AFA3B
:20B160002DE9F94F85B08846140006989DF814101C2251430844C07F8DF802000020834636
:20B180005FFA8BFBBBF1200F09DA0020DFF8FC145FFA8BFB01F80B001BF1010BF0E7109891
:20B1A0000490002006000498008805009DF80200C0B29DF8021011F0070111EB10108DF852
:20B1C00001009DF8020010F007008DF800009DF8000000280AD1DFF8B414280080B202F0C8
:20B1E00081FC9DF801008DF8030091E09DF80100401C8DF803009DF801009DF80010401A34
:20B200008DF800009DF80100052815DBADB242F2107095FBF0F08DF80400ADB242F21070D7
:20B2200095FBF0F100FB11559DF804003030DFF85C14F6B28855761CADB24FF47A7095FBC9
:20B24000F0F08DF80700ADB24FF47A7095FBF0F100FB11559DF807003030DFF83014F6B265
:20B260008855761C9DF800003100C9B2884205D12E20DFF81814F6B28855761CADB2642033
:20B2800095FBF0F08DF80600ADB2642095FBF0F100FB11559DF806003030DFF8F013F6B281
:20B2A0008855761C9DF800003100C9B2884205D12E20DFF8D813F6B28855761CADB20A208E
:20B2C00095FBF0F08DF80500ADB20A2095FBF0F100FB11559DF805003030DFF8B013F6B2DD
:20B2E0008855761C9DF800003100C9B2884205D12E20DFF89813F6B28855761C28008DF86A
:20B3000004009DF804003030DFF88013F6B28855012083465FFA8BFB2078401C834516DACC
:20B320005FFA8BFB14F80B00DFF860135FFA88F811F9081000B209B2884205D15FFA8BFBE6
:20B3400004EB0B00070002E01BF1010BE2E7CD480078002800F0DD803C20CB490870C9482E
:20B36000407801280CD0082877D0102800F0A88020283FD0402800F0B88080281CD0BCE032
:20B380003878202802D1601C070000E07F1C97F90000BE495FFA88F801F80800BB485FFA17
:20B3A00088F810F90800202805D13020B7495FFA88F801F80800A6E03878302804D12078B9
:20B3C0002044401E070000E07F1E97F90000AF495FFA88F801F80800AC485FFA88F810F9EF
:20B3E0000800202805D13020A8495FFA88F801F8080088E05FFA88F8B8F1000F04D19DF8A9
:20B400000300401E804601E0B8F101080020834658462178C0B2884215D25FFA8BFB14F844
:20B420000B009A495FFA88F811F9081000B209B2884205D15FFA8BFB04EB0B00070002E054
:20B440001BF1010BE4E791485FFA88F810F908002E2801D1B8F1010855E05FFA88F89DF8C9
:20B460000300401E804502D10020804601E018F101080020834658462178C0B2884215D2B7
:20B480005FFA8BFB14F80B0080495FFA88F811F9081000B209B2884205D15FFA8BFB04EB17
:20B4A0000B00070002E01BF1010BE4E777485FFA88F810F908002E2801D118F1010822E0D0
:20B4C00000207049487000206E4908709DF8140009236E4A092190FBF3FC03FB1C00401CE5
:20B4E000C0B200F007FFA520C0E00020654948700020644908705A20B8E000206149487020
:20B5000000206049087000205E49487000205D4908709DF8020010F007008DF800000020EA
:20B52000824600208146002083465FFA8BFBBBF1050F08DA002002A95FFA8BFB01F80B0044
:20B540001BF1010BF1E7002083465FFA8BFB9DF80100401C83452ADA5FFA8BFB9DF8010000
:20B560009DF80010401A83451CD048485FFA8AFA10F90A00202808D1002002A95FFA89F9D1
:20B5800001F8090019F101090CE040485FFA8AFA10F90A00303802A95FFA89F901F8090041
:20B5A00019F101091AF1010A1BF1010BCDE79DF8010005281CDB9DF8080042F2107110FB7E
:20B5C00001F09DF809104FF47A7211FB02009DF80A10642211FB02009DF80B100A2211FB64
:20B5E00002009DF80C1050FA81F00499088015E09DF808004FF47A7110FB01F09DF809104E
:20B60000642211FB02009DF80A100A2211FB02009DF80B1050FA81F0049908809DF8140074
:20B6200009231A4A092190FBF3FC03FB1C00401CC0B200F05FFE9DF814005FF0090C012370
:20B6400012495FFA88F811F808100A00D2B218F10901C9B290FBFCFE0CFB1E00401CC0B201
:20B660004000C0B200F070FC4046C0B207B0BDE8F08F00006179FEFFF06B0020556E0020B4
:20B68000286D00204C6D00205B6E0020B467002010B582B0040001222100684608F0A8F873
:20B6A0009DF8000016BD38B504000D00280080B2000A8DF8000028008DF801000222210048
:20B6C000684608F072F931BD80B5DFF8140C08F0C5FA4FF40070ADF8000002208DF8020087
:20B6E00018208DF803006946DFF8F40B08F0F9FA4FF48060ADF8000048208DF803006946B3
:20B70000DFF8DC0B08F0EDFA4FF41940ADF8000048208DF8030002208DF802006946DFF82C
:20B72000C00B08F0DEFADFF8BC0B08F097FA41F2FF30ADF8000010208DF8030002208DF8E1
:20B7400002006946DFF89C0B08F0CBFA0121DFF8940B08F074FB0221DFF8880B08F06FFB0F
:20B760000421DFF8800B08F06AFB0821DFF8740B08F065FB1021DFF86C0B08F060FB2021FB
:20B78000DFF8600B08F05BFB4021DFF8580B08F056FB8021DFF84C0B08F051FB4FF48071EE
:20B7A000DFF8400B08F04BFB4FF40071DFF8340B08F045FB4FF48051DFF8280B08F03FFBD7
:20B7C0004FF48060ADF8000048208DF8030002208DF802006946DFF80C0B08F082FADFF820
:20B7E000080B08F03BFA7820ADF8000010208DF8030002208DF802006946DFF8EC0A08F0F7
:20B8000070FA0821DFF8E00A08F019FB1021DFF8D80A08F014FB2021DFF8CC0A08F00FFBE7
:20B820004021DFF8C40A08F00AFB4FF4FC50ADF8000048208DF8030002208DF80200694689
:20B84000DFF8A40A08F04DFADFF8A00A08F006FA0F20ADF8000048208DF8030002208DF840
:20B8600002006946DFF8840A08F03BFA4FF6F070ADF8000010208DF8030002208DF80200DA
:20B880006946DFF8680A08F02CFA1021DFF85C0A08F0D5FA2021DFF8540A08F0D0FA4021C4
:20B8A000DFF8480A08F0CBFA8021DFF8400A08F0C6FA4FF48071DFF8340A08F0C0FA4FF4EA
:20B8C0000071DFF8280A08F0BAFA4FF48061DFF81C0A08F0B4FA4FF40061DFF8100A08F0EE
:20B8E000AEFA4FF48051DFF8040A08F0A8FA4FF40051DFF8F80908F0A2FA4FF48041DFF832
:20B90000EC0908F09CFA4FF40041DFF8E00908F096FADFF8DC0908F0A1F9A020ADF8000025
:20B9200010208DF8030002208DF802006946DFF8C00908F0D6F92021DFF8B40908F07FFA4A
:20B940008021DFF8AC0908F07AFA0120ADF8000048208DF8030002208DF802006946DFF869
:20B96000900908F0BEF94FF47F40ADF8000048208DF8030002208DF802006946DFF8700940
:20B9800008F0AFF901BD10B50400E4B2012C04D11021DFF8500908F055FAE4B2022C04D1A7
:20B9A0000821DFF8400908F04DFAE4B2032C09D12021DFF8340908F045FA2021DFF82C0987
:20B9C00008F040FAE4B2042C09D10121DFF8140908F038FA1021DFF8140908F033FAE4B275
:20B9E000052C04D14021DFF8040908F02BFAE4B2062C04D18021DFF8F40808F023FAE4B223
:20BA0000072C04D10821DFF8E00808F01BFAE4B2082C04D18021DFF8D80808F013FAE4B297
:20BA2000092C04D10421DFF8BC0808F00BFAE4B20A2C04D10221DFF8AC0808F003FAE4B265
:20BA40000B2C04D10121DFF89C0808F0FBF9E4B20C2C04D12021DFF8900808F0F3F9E4B284
:20BA60000D2C04D11021DFF8800808F0EBF9E4B20E2C04D14021DFF8700808F0E0F910BD59
:20BA800010B50400E4B2012C04D11021DFF8540808F0D5F9E4B2022C04D10821DFF8440836
:20BAA00008F0CDF9E4B2032C09D12021DFF8380808F0C5F92021DFF8340808F0C0F9E4B280
:20BAC000042C09D10121DFF81C0808F0B8F91021DFF8180808F0B3F9E4B2052C04D14021CD
:20BAE000DFF8080808F0ABF9E4B2062C04D18021DFF8F80708F0A3F9E4B2072C04D1082154
:20BB0000DFF8E40708F09BF9E4B2082C04D18021DFF8DC0708F093F9E4B2092C04D1042194
:20BB2000DFF8C00708F08BF9E4B20A2C04D10221DFF8B00708F083F9E4B20B2C04D1012161
:20BB4000DFF8A00708F07BF9E4B20C2C04D12021DFF8940708F073F9E4B20D2C04D110216C
:20BB6000DFF8840708F06BF9E4B20E2C04D14021DFF8740708F066F910BD38B5040000207A
:20BB800005002800210080B289B2884205D24FF47A7000F003F86D1CF3E731BD10B40023F9
:20BBA00019000B0004009BB2A4B2A34208D200231A00D2B20A2A01DA521CFAE7491CF0E7A0
:20BBC00010BC704710B500200400E4B2062C0EDA14F10800C0B2FFF7D6FE9620FFF7CDFF88
:20BBE00014F10800C0B2FFF74BFF641CEDE710BD704710B5DFF8600A0078002844D1DFF81C
:20BC0000F00608F016F940F30720C04300B20400E4B2002C08D10020DFF83C1A4880002044
:20BC2000DFF8381A087006E0DFF82C0A4088401CDFF8241A4880DFF8200A4088052816D192
:20BC40002000DFF8141A4978C0B288420FD0DFF8080A44700120DFF8001A08707820DFF84D
:20BC6000001A08700020DFF8FC1908800CE0DFF8E8094088B0F5FA7F06DB0020DFF8D8193B
:20BC80004870DFF8D809047010BD10B582B000200090DFF8D4090088401CDFF8CC19088070
:20BCA0004FF40071DFF8400608F0B6F8002803D1009850F0010000904FF48071DFF8200677
:20BCC00008F0AAF8002803D1009850F0020000904FF40061DFF8080608F09EF8002803D151
:20BCE000009850F0040000904FF48051DFF8F00508F092F8002803D1009850F0080000900A
:20BD00004FF40041DFF8D80508F086F8002803D1009850F010000090DFF8CC0508F089F8E0
:20BD2000009980B2400980B2C04310F0E00008430090DFF8B80508F07CF8009980B2C04331
:20BD4000000210F4706008430090DFF89C0508F070F8009940F3C110C04300B2000310F401
:20BD600040500843009000988004800C009000200400E4B2102C13DA2100C9B2684601F002
:20BD80009BFD00280AD0DFF8740BE4B230F81400401CDFF8681BE4B221F81400641CE8E719
:20BDA000DFF8C40800880C2824DB0020DFF8B818088000200400E4B2102C1BDADFF83C0BCD
:20BDC000E4B230F81400062806DB2100C9B2DFF8300B01F063FD05E02100C9B2DFF8200B00
:20BDE00001F04EFD0020DFF8141BE4B221F81400641CE0E713BD70B504000D00302000F091
:20BE000026FD752000F023FDE4B2200080B200F049FD132000F046FD152000F018FDEDB2FD
:20BE2000E80080B200F03EFD9F2000F03BFD5C2000F00DFD00200600F6B2082E08DADFF8A3
:20BE4000F00AF6B2805D80B200F02CFD761CF3E7302000F0FCFC752000F0F9FCE4B2601CE8
:20BE600080B200F01FFD132000F01CFD152000F0EEFCEDB2E80080B200F014FD9F2000F0D0
:20BE800011FD5C2000F0E3FC00200600F6B2082E09DADFF89C0AF6B23044007A80B200F02D
:20BEA00001FD761CF2E770BD70B504000D00302000F0CDFC752000F0CAFCE4B2200080B27A
:20BEC00000F0F0FC132000F0EDFC152000F0BFFCEDB2E80080B200F0E5FC9F2000F0E2FC83
:20BEE0005C2000F0B4FC00200600F6B2082E04DA002000F0D7FC761CF7E7302000F0A7FC0E
:20BF0000752000F0A4FCE4B2601C80B200F0CAFC132000F0C7FC152000F099FCEDB2E800DB
:20BF200080B200F0BFFC9F2000F0BCFC5C2000F08EFC00200600F6B2082E04DA002000F0D5
:20BF4000B1FC761CF7E770BD2DE9F84304000D0016001F00DFF8880CF6B231010844B0F5CA
:20BF600000708146302000F072FC752000F06FFCE4B2200080B200F095FC132000F092FCD2
:20BF8000152000F064FCEDB2E80080B200F08AFC9F2000F087FC5C2000F059FC0020804614
:20BFA0005FFA88F8B8F1080F15DAFFB2002F08D05FFA88F819F80800C04380B200F072FCBC
:20BFC00006E05FFA88F819F8080080B200F06AFC18F10108E4E7302000F039FC752000F02A
:20BFE00036FCE4B2601C80B200F05CFC132000F059FC152000F02BFCEDB2E80080B200F016
:20C0000051FC9F2000F04EFC5C2000F020FC002080465FFA88F8B8F1080F17DAFFB2002F02
:20C0200009D05FFA88F809EB0800007AC04380B200F038FC07E05FFA88F809EB0800007A49
:20C0400080B200F02FFC18F10108E2E7BDE8F1832DE9F84304000D0016001F00DFF8800BA6
:20C06000F6B231010844B0F500708146302000F0EEFB752000F0EBFBE4B2200080B200F052
:20C0800011FC132000F00EFC152000F0E0FBEDB2E80080B200F006FC9F2000F003FC5C2091
:20C0A00000F0D5FB002080465FFA88F8B8F1080F15DAFFB2002F08D05FFA88F819F80800A8
:20C0C000C04380B200F0EEFB06E05FFA88F819F8080080B200F0E6FB18F10108E4E730204A
:20C0E00000F0B5FB752000F0B2FBE4B2601C80B200F0D8FB132000F0D5FB152000F0A7FBAD
:20C10000EDB2E80080B200F0CDFB9F2000F0CAFB5C2000F09CFB002080465FFA88F8B8F1CF
:20C12000080F17DAFFB2002F09D05FFA88F809EB0800007AC04380B200F0B4FB07E05FFADB
:20C1400088F809EB0800007A80B200F0ABFB18F10108E2E7BDE8F1832DE9F04788B00400A4
:20C160000D0016001F000020814640F28F108246002080465FFA88F8B8F1200F08DA002064
:20C1800069465FFA88F801F8080018F10108F1E75046494680B289B28842C0F09D803000D3
:20C1A000DFF8901A1FFA89F931F8191080B2884240F08F80302000F04AFB752000F047FB8A
:20C1C000E4B2200080B200F06DFB132000F06AFB152000F03CFBEDB2E80080B200F062FB35
:20C1E0009F2000F05FFB5C2000F031FB002080465FFA88F8B8F1100F23DAFFB2002F0FD05B
:20C20000DFF8340A1FFA89F95FEA491108445FFA88F810F80800C04380B200F043FB0DE046
:20C22000DFF8140A1FFA89F95FEA491108445FFA88F810F8080080B200F034FB18F1010833
:20C24000D6E7302000F003FB752000F000FBE4B2601C80B200F026FB132000F023FB152098
:20C2600000F0F5FAEDB2E80080B200F01BFB9F2000F018FB5C2000F0EAFA002080465FFACF
:20C2800088F8B8F1100F23DAFFB2002F0FD0DFF8A8091FFA89F95FEA491108445FFA88F8AF
:20C2A0004044007CC04380B200F0FCFA0DE0DFF888091FFA89F95FEA491108445FFA88F8AB
:20C2C0004044007C80B200F0EDFA18F10108D6E702E019F101095BE708B0BDE8F08700007A
:20C2E00000080140000C01400010014000140140001801402DE9F84381460C0015005FFA17
:20C3000089F95FEA490995F9000000282AD0287800060ED495F9000080466D1C0023424640
:20C32000D2B22100C9B24846C0B2FFF791FE641C14E0287806006D1C287807006D1CF6B2DD
:20C34000300250FA87F080460023424692B22100C9B24846C0B2FFF7FFFEA41CE4B2142C10
:20C36000D1DBFFE7BDE8F1832DE9F84381460C0015005FFA89F95FEA490995F900000028AD
:20C380002AD0287800060ED495F9000080466D1C01234246D2B22100C9B24846C0B2FFF77C
:20C3A00057FE641C14E0287806006D1C287807006D1CF6B2300250FA87F080460123424648
:20C3C00092B22100C9B24846C0B2FFF7C5FEA41CE4B2142CD1DBFFE7BDE8F1832DE9F84F26
:20C3E00080468A46150099460A9C5FFA88F85FEA48085FFA88F8B8F1140F04DA5FFA8AFA3B
:20C40000BAF1140F00DB48E00020834699F90000002842D099F80000000613D499F9000086
:20C42000070019F101092300DBB23A00D2B25146C9B24046C0B2FFF70BFE1AF1010A1BF148
:20C44000010B1EE099F800008DF8000019F1010999F80000060019F101099DF80000000266
:20C4600050FA86F007002300DBB23A0092B25146C9B24046C0B2FFF76FFE1AF1020A1BF137
:20C48000020B58462900C0B2C9B2884205D25FFA8AFABAF1140FB9DBFFE7BDE8F18F80B5BB
:20C4A0004FF40071DFF8FC0707F0C9FC0220FFF764FB4FF40071DFF8EC0707F0C3FCC8209F
:20C4C000FFF75BFB4FF40071DFF8D80707F0B7FC8021DFF8D00707F0B2FCC820FFF74DFBE2
:20C4E000312000F0B4F9D72000F0B1F99F2000F0AEF9E02000F0ABF9002000F0D3F90A20CD
:20C50000FFF73BFBE32000F0A2F91420FFF735FBE12000F09CF9302000F099F9942000F00B
:20C5200096F9D12000F093F9AE2000F090F9A62000F08DF9CA2000F08AF9002000F0B2F964
:20C540009F2000F0AFF9002000F0ACF9BC2000F07EF9002000F0A6F9AB2000F078F9002091
:20C5600000F0A0F9202000F072F90B2000F09AF9812000F06CF9DFF83007807880B200F0CB
:20C5800091F9042000F08EF90C2000F060F9F02000F05DF9102000F085F9762000F057F937
:20C5A000312000F054F9322000F051F9002000F079F9012000F076F9032000F073F951206F
:20C5C00000F045F9FB2000F06DF9402000F03FF9F02000F03CF9032000F064F9072000F078
:20C5E00061F90C2000F05EF9142000F05BF9F22000F02DF90F2000F055F9282000F052F9DE
:20C600005A2000F04FF9F42000F021F96F2000F049F9222000F046F9112000F043F9022099
:20C6200000F040F9002000F03DF9322000F03AF9822000F037F9B62000F034F9302000F021
:20C6400006F9AF2000F003F90021002000F00EF80E20FFF798F901BD4C6D0020616E0020AE
:20C660005B6E0020E66D0020C46D0020F8B504000D00302000F0EBF8752000F0E8F80020A7
:20C6800000F010F9132000F00DF9152000F0DFF8002000F007F99F2000F004F95C2000F054
:20C6A000D6F800200600F6B2142E12DA00200700FFB2502F0BDAE4B2200080B200F0F2F8B2
:20C6C000EDB2280080B200F0EDF87F1CF0E7761CE9E70A20FFF751FAF1BD80B5312000F029
:20C6E000B6F8D72000F0B3F89F2000F0B0F8E02000F0ADF8002000F0D5F80A20FFF73DFADA
:20C70000E32000F0A4F81420FFF737FAE12000F09EF8302000F09BF8942000F098F8D120B0
:20C7200000F095F8AE2000F092F8A62000F08FF8CA2000F08CF8002000F0B4F89F2000F02E
:20C74000B1F8002000F0AEF8BC2000F080F8002000F0A8F8AB2000F07AF8002000F0A2F8AF
:20C76000202000F074F80B2000F09CF8812000F06EF8DFF83405807880B200F093F804209E
:20C7800000F090F80C2000F062F8F02000F05FF8102000F087F8762000F059F8312000F09D
:20C7A00056F8322000F053F8002000F07BF8012000F078F8032000F075F8512000F047F87A
:20C7C000FB2000F06FF8402000F041F8F02000F03EF8032000F066F8072000F063F80C2019
:20C7E00000F060F8142000F05DF8F22000F02FF80F2000F057F8282000F054F85A2000F0F3
:20C8000051F8F42000F023F86F2000F04BF8222000F048F8112000F045F8022000F042F8D2
:20C82000002000F03FF8322000F03CF8822000F039F8B62000F036F8302000F008F8AF2075
:20C8400000F005F800210020FFF710FF01BD10B504004FF48071DFF84C0407F0F3FA20219E
:20C86000DFF8400407F0EEFADFF8400407F0E4FA00F0FF0050EA042189B2DFF8300407F043
:20C88000E4FA4021DFF81C0407F0DCFA4021DFF8140407F0D4FA4FF48071DFF8080407F072
:20C8A000CEFA10BD10B504004FF48071DFF8F40307F0C8FA2021DFF8EC0307F0C0FADFF8D0
:20C8C000EC0307F0B9FA00F0FF0050EA042189B2DFF8D80307F0B9FA4021DFF8C80307F0E0
:20C8E000B1FA4021DFF8BC0307F0A9FA4FF48071DFF8B00307F0A3FA10BD00005468002001
:20C90000606C002080B545F2555007F0D3FC042007F0D4FC4FF4C86007F0D4FC07F0D6FC6E
:20C9200007F0D9FC01BD80B507F0D0FC01BDFEE74C6C020800B585B044F25060029001208D
:20C94000ADF800000020ADF80C000020019000208DF80E0069465FF0804007F0C7FC44F64B
:20C96000206002901120ADF800000020ADF80C000020019000208DF80E006946DFF83403DD
:20C9800007F0B4FC01215FF0804007F006FD0121DFF8200307F001FD012201215FF0804060
:20C9A00007F0F0FC01220121DFF8080307F0EAFC01215FF0804007F0FEFC0121DFF8F4027F
:20C9C00007F0F9FC0020DFF8F012087001215FF0804007F0C9FC0121DFF8D80207F0C4FC83
:20C9E00005B000BD00B585B00020009001208DF8040003208DF805005FF46020029000204F
:20CA0000039000208DF810006946DFF8B00207F001FD0321DFF8A40207F0B6FD022301220E
:20CA20000321DFF8980207F056FD022302220421DFF8880207F04FFD022303220521DFF8BE
:20CA40007C0207F048FD4FF4E041DFF8700207F03AFD0020009001208DF8040003208DF83F
:20CA600005005FF4602002900020039000208DF810006946DFF8480207F0CCFC0321DFF85A
:20CA8000400207F081FD022301220621DFF8300207F021FD022302220721DFF8240207F0ED
:20CAA0001AFD022303220A21DFF8140207F013FD4FF4E041DFF8080207F005FD0020009008
:20CAC00001208DF8040003208DF805005FF4602002900020039000208DF810006946DFF8AC
:20CAE000E40107F097FC0321DFF8D80107F04CFD022301220021DFF8CC0107F0ECFC0223A2
:20CB000002220121DFF8BC0107F0E5FC022303220221DFF8B00107F0DEFC4FF4E041DFF862
:20CB2000A40107F0D0FC0121DFF8900107F09CFC012007F038FDDFF8840107F0A2FCDFF85F
:20CB40007C0107F0A3FC0028F9D1DFF8700107F0A9FCDFF8680107F0AAFC0028F9D10121FB
:20CB6000DFF85C0107F080FCDFF8540107F089FCDFF84C0107F08AFC0028F9D1DFF84001BB
:20CB800007F090FCDFF8380107F091FC0028F9D10121DFF8300107F067FCDFF8280107F011
:20CBA00070FCDFF8200107F071FC0028F9D1DFF8140107F077FCDFF80C0107F078FC0028EE
:20CBC000F9D105B000BD80B503F0F7F9DFF8F80003F0BAFB0020DFF8F410087001BD000059
:20CBE000F43A020880B5304802F0C5FE2E4800785A2815D12C484078000702D50420FEF722
:20CC0000C2FE29488078102803DB2748807839280FDB282024498870234802F0B5FE08E07E
:20CC20005A202149087028201F4988701E4802F0ABFE01BDA0460208E49601085221244ADD
:20CC400011700021224A517000210800C0B204280DDA20211E4AC0B202EB400291700021EB
:20CC60001B4AC0B202EB4002D170401CEEE72021184A1170704700210D4A1172002108003D
:20CC8000C0B204280CDA2021094AC0B202F810100021074AC0B202EB40025170401CEFE7EA
:20CCA00070470000000C0140486D0020001401401C5C002000040040636E00200024014014
:20CCC00000280140003C0140686C0020606E0020E0590020D06B002030B4FF23FF240D00A2
:20CCE000691EADB2002D10D005786B40401CDBB21A00DFF8AC5792B2AD5C65402B00DFF848
:20CD0000A45792B2AD5C2C00E9E70370447030BC70472DE9F44F2DED028B82B004008A46FF
:20CD20001D00B0EE408A0E9E00208046002081460FFA8AFA1AF1D7004FF4807190FBF1F2E4
:20CD400001FB120A00200700FFB2282F27DA0FFA8AFA34F91A0083461AF1020A0AF0FF0AD4
:20CD60000FFA8AFA34F81A00BBEB000BFFB2BFB27800ADF80000DFF83007BDF8001000EB32
:20CD80004100B0F902001BFB0088DFF81C07BDF8001030F911001BFB0099BF1CD4E75FEA82
:20CDA00028385FEA293900EE108AB8EEC00A20EE080ABDEEC00A10EE108A00EE109AB8EE05
:20CDC000C00A20EE080ABDEEC00A10EE109AC5F80480C5F8089009FB09F008FB080001901D
:20CDE000019800F0BDFC306002B0BDEC028BBDE8F18F884201D3401A00E0081A7047F8B5F6
:20CE000004000D0016001F0060686968401A7060A068A968401AB060B168706800F06AFC3F
:20CE20003860F1BD2DE9F84F81468B4692465FF00008002004001FFA8BFB1BF1B0004FF4C6
:20CE4000807190FBF1F201FB1200060000200700BFB2502F0BDA761CB6B2FF2E01DD00203E
:20CE60000600B6B239F9160024187F1CF0E7502094FBF0F0DFF884195FFA8AFA41F82A00BB
:20CE80001FFA8BFB1BF1D7004FF4807190FBF1F201FB1200060000200700BFB2282F14DA7D
:20CEA000B6B239F916000500DFF850095FFA8AFA50F82A002D1A05FB0588761CB6B2FF2E43
:20CEC00001DD002006007F1CE7E7404600F048FC07F082FBDFF82829DFF8283907F094FBD1
:20CEE00007F07AFC009000980B2801D2002000900098BDE8F28F2DE9F84F8246894690465F
:20CF00001C000025BDF92800D7304FF4807190FBF1F201FB1200060000200700BFB2282F46
:20CF200038DA9DF82C00002815D0B6B23AF91600DFF8C8185FFA89F951F82910401AB6B28A
:20CF400038F916104018DFF8B418E4B251F82410401A834614E0B6B23AF91600DFF89C1819
:20CF60005FFA89F951F82910401AB6B238F91610401ADFF88818E4B251F82410081883466E
:20CF80000BFB0B55761CB6B2FF2E01DD002006007F1CC3E7280000F0E3FB07F01DFBDFF8DF
:20CFA0006028DFF8603807F02FFB07F015FC009000980B2801D2002000900098BDE8F28FB5
:20CFC0002DE9F14F86B00C001500002080464746BDF91800D7304FF4807190FBF1F201FBBE
:20CFE00012008246BDF91800B9304FF4807190FBF1F201FB120083460020060036B2282EC3
:20D0000080F28A801AF1010A0FFA8AFABAF1FF0F01DD002082461BF1010B0FFA8BFBBBF11F
:20D02000FF0F01DD00208346DFF8DC070FFA8BFB00EB4B00B0F9000CDFF8C0170968401A6E
:20D040000390DFF8C4070FFA8BFB00EB4B004FF48051405EDFF8A4178968401A0290DFF8DE
:20D06000A8070FFA8AFA00EB4A00B0F9000CDFF88C170968401A0590DFF88C070FFA8AFAB9
:20D0800000EB4A004FF48051405EDFF870178968401A0490DFF870070FFA8AFA00EB4A005C
:20D0A000B0F90006DFF85417C968401A0190DFF858070FFA8AFA00EB4A00B0F90008DFF8E3
:20D0C0003C170969401A8146DFF83C070FFA8AFA00EB4A00B0F9000ADFF820174969401AC1
:20D0E000009005980199B1EB0901049A009BB3EB09035A4301FB0020C71903980199B1EB76
:20D100000901029A009BB3EB09035A4301FB002010EB0808761C71E70E2000FB07F0401204
:20D1200020600E2000FB08F040122860206807F069FBB0F5C87F01DA00202060286807F0A3
:20D1400061FBB0F5C87F01DA0020286007B0BDE8F08F2DE9F14F86B00C0015000020804696
:20D160004746BDF91800D7304FF4807190FBF1F201FB12008246BDF91800B9304FF48071EA
:20D1800090FBF1F201FB120083460020060036B2282E80F288801AF1010A0FFA8AFABAF11E
:20D1A000FF0F01DD002082461BF1010B0FFA8BFBBBF1FF0F01DD00208346DFF84C060FFA41
:20D1C0008BFB00EB4B00B0F90002DFF830160968401A0390DFF830060FFA8BFB00EB4B009B
:20D1E000B0F90004DFF814168968401A0290DFF818060FFA8AFA00EB4A00B0F90002DFF86B
:20D20000FC150968401A0590DFF8FC050FFA8AFA00EB4A00B0F90004DFF8E0158968401A3F
:20D220000490DFF8E4050FFA8AFA00EB4A00B0F90006DFF8C815C968401A0190DFF8C805B5
:20D240000FFA8AFA00EB4A00B0F90008DFF8AC150969401A8146DFF8B0050FFA8AFA00EB2C
:20D260004A00B0F9000ADFF894154969401A009005980199B1EB0901049A009BB3EB0903D5
:20D280005A4301FB0020C71903980199B1EB0901029A009BB3EB09035A4301FB002010EB85
:20D2A0000808761C73E70E2000FB07F0001320600E2000FB08F000132860206807F0A2FAE8
:20D2C000502801DA00202060286807F09BFA502801DA0020286007B0BDE8F08FF8B50400B8
:20D2E00000200500002006002800DFF820150978C0B2884232D22068062805D36068002870
:20D3000005D1A068002802D10020E06023E0A16809B2606800B200F022F8E060F6B2002E73
:20D3200003D1FF200600E0680700E0683FB2C01B022190FBF1F0E060E068B52803DBE06877
:20D34000B0F5B470E060E06810F1B40F03DAE06810F5B470E0606D1C1034C5E7F1BD30B41F
:20D36000020012B2130009B20C00002B00D55B42002C00D56442052B03DA052C01DA002090
:20D380003CE0002B03D147F6FF70030005E04FF4807000FB04F090FBF3F3002005002DB247
:20D3A000B42D09DADFF868042DB230F8150004009C4201DA6D1CF2E712B2002A02D409B2AC
:20D3C000002919D512B2012A05DA09B2002902D4D5F5B47510E012B2012A05DA09B2012918
:20D3E00002DAB5F5B47507E012B2002A04D409B2012901DA2DB26D42280000B230BC704706
:20D4000030B4B0F900304FF4806413FB04F31A00B0F902304FF4806413FB04F31900B0F940
:20D420000430DFF8F04313FB0422B0F9063040F2763413FB04F3D21AB0F9043040F2623429
:20D4400013FB04F3B0F90640DFF8C85314FB05335918B0F90830DFF8BC4313FB0422B0F99A
:20D460000A30DFF8B44313FB04F3D21AB0F90830DFF8A84313FB04F3B0F90A40DFF894535A
:20D4800014FB05335918032392FBF3F2032391FBF3F1931203808B12438030BC704700007B
:20D4A000AC560208AC570208205F02082DE9FF4F02000020030000200400002005000020D8
:20D4C0000600002081460020804609B211F193004FF4807190FBF1FB01FB1B01002082467E
:20D4E0000FFA8AFABAF16C0F63DA09B232F911008646491C09B2FF2901DD002001000FFA29
:20D500008EFEBEF11E0F01DB18F101081BB2002B02D024B2002C20D10FFA8EFEBEF1000FA5
:20D5200007D41BB2002B04D124B2002C01D1012003000FFA8EFEBEF1000F0BD51BB2002B20
:20D5400008D024B2002C05D101200400ADF80EE0D1462BE0ADF80AE028E02DB2002D02D0CC
:20D5600036B2002E21D10FFA8EFEBEF1000F07D42DB2002D04D136B2002E01D10120050086
:20D580000FFA8EFEBEF1000F0CD52DB2002D09D036B2002E06D101200600ADF80CE0BAEB28
:20D5A000090903E0ADF808E000E002E01AF1010A96E7BDF90A00BDF90EB0B0EB0B00002892
:20D5C0002FD0BDF90800BDF90CB0B0EB0B00002827D0BDF90A005FF4803B0BFB00F0009003
:20D5E000BDF90AB0BDF90E00BBEB0000DDF800B09BFBF0F00190BDF908B05FF4803000FB59
:20D600000BF00090BDF908B0BDF90C00BBEB0000DDF800B09BFBF0F0DDF804B0BBEB00007F
:20D6200007000FFA89F95FF4803000FB09F0C71BDFF81008BF1190FBF7F7DFF80C08DFF885
:20D640000CB89BF800B040F82B70DFF800080078401CDFF8F8B78BF80000DFF8F0070078EE
:20D6600010F00700DFF8E4B78BF80000DFF8D8070068DFF8D4B7DBF804B01BEB0000DFF8CA
:20D68000C8B7DBF808B01BEB0000DFF8BCB7DBF80CB01BEB0000DFF8B0B7DBF810B01BEBC4
:20D6A0000000DFF8A4B7DBF814B01BEB0000DFF898B7DBF818B01BEB0000DFF88CB7DBF8E7
:20D6C0001CB01BEB0000C0108446BCF57A6F03DB41F27170844501DB002008E00FFA88F81C
:20D6E000B8F1020F01DA002001E0604600B204B0BDE8F08FF0B40200002A00D55242002902
:20D7000000D54942002A01D1080027E0002901D1100023E0914202DA14000D0001E00C00D3
:20D72000150000200600B5F5A04F03D964086D08761CF8E705FB05F005277843032707FBDF
:20D7400004575FF0030C0CFB07F7B0FBF7F000190300B6B2002E00D0B3401800F0BC704789
:20D7600030B40100012901DA080021E00A0000200300500002D452005B1CFAE7112B02DBA0
:20D78000FF20040004E04FF6FF705D10284104000A001214A24201DB200009E091FBF4F08B
:20D7A0000200A24201DB200002E010194410EFE730BC7047020001FB01F002FB02000300BE
:20D7C000DFF88C06834203DADFF88806834201DA002010E0002904D5484292FBF0F003002D
:20D7E00004E0012902DB92FBF1F003000B2B01DA002000E00120704700000000886A0020D2
:20D80000986E1283C0CAF13F80190020B6040108E853020800FEFFFF8AFCFFFF9EFCFFFFDA
:20D8200038B504000D002088002806D02088401E20802088002800D1A84731BD30B4002418
:20D8400023001C001500E4B2EDB2AC4206D291F900400470491C401C5B1CF2E730BC704787
:20D8600010B400231A0013000C009BB2A4B2A34204D200230370401C521CF4E710BC70476C
:20D8800010B4C9B2CA10825C012311F00704A3409A43C9B2CB10C25410BC704710B4C9B273
:20D8A000CA10825C012311F00704A3401A43C9B2CB10C25410BC70470200C9B2C810105C90
:20D8C00011F00703C0B2D840C00701D5FF2000E00020704730B40100C9B20A2491FBF4F43E
:20D8E000E4B224012200C9B20A2491FBF4F504FB151423009C182000C0B230BC704710B435
:20D900000200100003000C009BB2A4B2A34200D2080080B210BC704730B4030018000400CC
:20D920000D00A4B2ADB2AC4200D2080004001500A4B2ADB2AC4200D2100080B230BC7047EA
:20D94000C0B20A2802DA3030C0B201E03730C0B2704738B504000D00E4B2642094FBF0F17C
:20D9600000FB11400A2190FBF1F0C0B2FFF7E8FF28706D1CE4B2642094FBF0F100FB11407E
:20D980000A2190FBF1F201FB1200C0B2FFF7D8FF287031BD38B504000D00A4B24FF48050B4
:20D9A00094FBF0F0C0B2FFF7CBFF28706D1CA4B24FF4805094FBF0F100FB11404FF480714C
:20D9C00090FBF1F0C0B2FFF7BBFF28706D1CA4B24FF4805094FBF0F100FB11404FF480713F
:20D9E00090FBF1F201FB1200102190FBF1F0C0B2FFF7A6FF28706D1CA4B24FF4805094FBE8
:20DA0000F0F100FB11404FF4807190FBF1F201FB1200102190FBF1F201FB1200C0B2FFF714
:20DA20008FFF287031BD38B504000D00E4B24FF4807094FBF0F100FB1140102190FBF1F0B2
:20DA4000C0B2FFF77DFF28706D1CE4B24FF4807094FBF0F100FB1140102190FBF1F201FBA1
:20DA60001200C0B2FFF76CFF287031BD38B504000D00A4B24FF47A7094FBF0F100FB1140FE
:20DA8000642190FBF1F0C0B2FFF75AFF28706D1CA4B24FF47A7094FBF0F100FB11406421EF
:20DAA00090FBF1F201FB12000A2190FBF1F0C0B2FFF746FF28706D1CA4B24FF47A7094FB73
:20DAC000F0F100FB1140642190FBF1F201FB12000A2190FBF1F201FB1200C0B2FFF730FFDA
:20DAE000287031BD70B582B004000E0000208DF801009DF801008DF80000A4B24FF47A70F3
:20DB000094FBF0F00500ADB20A2D42DAA4B24FF47A7094FBF0F0C0B2FFF712FF3070761C42
:20DB2000A4B24FF47A7094FBF0F100FB1140642190FBF1F0C0B2FFF703FF3070761CA4B2C3
:20DB40004FF47A7094FBF0F100FB1140642190FBF1F201FB12000A2190FBF1F0C0B2FFF7DC
:20DB6000EFFE3070761CA4B24FF47A7094FBF0F100FB1140642190FBF1F201FB12000A211B
:20DB800090FBF1F201FB1200C0B2FFF7D9FE307044E069462800C0B2FFF7DBFE9DF9000058
:20DBA0003070761C9DF901003070761CA4B24FF47A7094FBF0F100FB1140642190FBF1F03A
:20DBC000C0B2FFF7BDFE3070761CA4B24FF47A7094FBF0F100FB1140642190FBF1F201FBC2
:20DBE00012000A2190FBF1F0C0B2FFF7A9FE3070761CA4B24FF47A7094FBF0F100FB1140FC
:20DC0000642190FBF1F201FB12000A2190FBF1F201FB1200C0B2FFF793FE307073BDC0B221
:20DC20003A2802DB3738C0B201E03038C0B27047F8B504000D002000C0B2FFF7F0FF060017
:20DC4000F6B20A272800C0B2FFF7E9FF07FB0600C0B2F2BD70B504002078FFF7E0FF0500AF
:20DC60006078FFF7DCFF0600A078FFF7D8FFEDB24FF47A7115FB01F1F6B2642216FB0211EF
:20DC8000C0B20A2210FB0215E078FFF7C8FF55FA80F080B270BD70B504002078FFF7BFFF1C
:20DCA00005006078FFF7BBFF0600A078FFF7B7FFEDB24FF4805115FB01F1F6B24FF480727B
:20DCC00016FB0211C0B280B211EB0015E078FFF7A6FF55FA80F080B270BD70B504000D0024
:20DCE0002000C0B2FFF79BFFC0B206012800C0B2FFF795FF56FA80F0C0B270BD10B4010041
:20DD000089B211F00F0289B211F0F003102493FBF4F30A2404FB0322100089B211F470626A
:20DD20004FF4807392FBF3F264235A4312FA80F089B211F470424FF4805392FBF3F24FF4DE
:20DD40007A7303FB020080B210BC704730B4010011F00F042200C9B211F0F004102594FBD2
:20DD6000F5F40A256C4323009C182000C0B230BC704730B40100C9B2642901DB992015E059
:20DD80000B00DBB2642093FBF0F400FB1433DBB20A20DBB20A2493FBF4F413EB041493FB27
:20DDA000F0F500FB154002001000C0B230BC704710B401000A0092B24FF47A7392FBF3F351
:20DDC0004FF4805413FB04F3180092B24FF47A7392FBF3F403FB142292B2642392FBF3F3B5
:20DDE0004FF48074634313FA80F092B2642392FBF3F403FB142292B20A2392B20A2492FBE6
:20DE0000F4F4240114FA80F0101892FBF3F403FB140080B210BC704730B4020000242000EA
:20DE2000002423001C000D00E4B2EDB2AC4205D2147850FA84F0521C5B1CF3E780B230BC51
:20DE4000704700000000350CB06A00206A6E002091C91900107A0700F8B504000D004FF691
:20DE6000FF77002006003000290080B289B288420BD23A0092B24AF20101B6B2A05D80B246
:20DE800000F03CF80700761CEDE7380080B2F2BDF8B504000D000027002006003000290074
:20DEA00080B289B288420BD23A0092B24AF20101B6B2A05D80B200F021F80700761CEDE785
:20DEC000380080B2F2BDF8B504000D001600002007003800290080B289B288420BD2320087
:20DEE00092B24AF20101BFB2E05D80B200F006F806007F1CEDE7300080B2F2BD10B4030085
:20DF000010005B0008242200D2B2002A0FD09BB25B089BB280B290EA0304E40703D580B216
:20DF200091EA500001E080B24008521EECE780B210BC704702001078491E521C89B2002900
:20DF400004D013781818491E521CF7E7C0B2704738B5DFF8900B0500286880B2DFF8881BB6
:20DF60000860DFF8840B0068DFF8801B0968884266D000200400E4B2102C61DADFF8680B0D
:20DF80000068E04010F00100C0B2002826D0DFF85C0B0068E04010F00100C0B200281DD119
:20DFA000DFF8480B00680121A1400843DFF83C1B08602100C9B2DFF8380BDFF8342B127A73
:20DFC0000A235A4310440A3000F0CEFCDFF8240B007850F00400DFF81C1B0870DFF8080BFD
:20DFE0000068E04010F00100C0B2002826D1DFF8FC0A0068E04010F00100C0B200281DD01A
:20E00000DFF8E80A00680121A1408843DFF8DC1A08602100C9B2DFF8D80ADFF8D42A127A16
:20E020000A235A4310440A3000F09EFCDFF8C40A007850F00400DFF8BC1A0870641C9AE777
:20E04000DFF8B40A0068DFF8B41A0968884252D000200400E4B2102C4DDADFF89C0A0068BF
:20E06000E04010F00100C0B2002822D0DFF88C0A0068E04010F00100C0B2002819D1DFF8A2
:20E080007C0A00680121A1400843DFF8701A08602100C9B2DFF8680ADFF8642A5278120154
:20E0A00010440A3000F070F9FF212000C0B200F0FFFBDFF8440A0068E04010F00100C0B2BD
:20E0C000002816D1DFF8340A0068E04010F00100C0B200280DD0DFF8240A00680121A140AC
:20E0E0008843DFF8181A086000212000C0B200F0DFFB641CAEE7DFF80C0A0068DFF8081A04
:20E100000968884255D000200400E4B2102C50DADFF8F0090068E04010F00100C0B200288C
:20E1200024D0DFF8E4090068E04010F00100C0B200281BD1DFF8D00900680121A1400843B2
:20E14000DFF8C419086014F12001C9B2DFF8B009DFF8AC295278120110440A3000F0B3F8C0
:20E16000FF2114F12000C0B200F032FBDFF894090068E04010F00100C0B2002817D1DFF875
:20E1800088090068E04010F00100C0B200280ED0DFF8740900680121A1408843DFF868190B
:20E1A0000860002114F12000C0B200F011FB641CABE7DFF84409006840084000002811D014
:20E1C000DFF84809007800280CD10120DFF83C1908702F21DFF80C09FFF760FBFF210F20F9
:20E1E00000F066FBDFF810090068002825D1DFF81C090078002820D0DFF81409006843F637
:20E200009921884211D30020DFF8041908600020DFF8F81808702F21DFF8C808FFF730FB83
:20E2200000210F2000F044FB0BE0DFF8E4080068401CDFF8DC18086003E00020DFF8D018F8
:20E240000860DFF8B0080078800710D5DFF8B008407ADFF8AC184978884233D1DFF89408FD
:20E26000007810F0FD00DFF88C1808702AE0DFF884080078400710D5DFF87408C079DFF8C2
:20E280007018097A88421DD1DFF86808007810F0FB00DFF86018087014E0DFF85808007897
:20E2A00000070FD5DFF86C08C079DFF86818097A884207D1DFF83C08007810F0F700DFF812
:20E2C0003418087031BD70B504000D0014F10800DFF84418082201F065FB28206070A5706E
:20E2E0004D2020700020E070DFF814084078401C232190FBF1F201FB1200DFF8041848703F
:20E3000000200600F6B2042E35DADFF8F407F6B200EB4600807852281CD1DFF8E40740786A
:20E32000DFF8DC17F6B201EB4601C978884211D1DFF8CC07F6B200EB4600C078401C2321F0
:20E3400090FBF1F201FB1200DFF8B417F6B201EB4601C870DFF8A807F6B200EB4600807835
:20E36000202806D15220DFF89817F6B201EB46018870761CC6E7DFF87C07007850F0020060
:20E38000DFF87017087070BD2DE9F84304000D0014F10800DFF88017082201F003FB27203D
:20E3A0006070A570002081464846DFF870170978C0B2884210D22800DFF8641709685FFAC2
:20E3C00089F9142202FB09F2895CC0B2884200D1C84619F10109E7E7DFF8440700685FFAC8
:20E3E00088F8142101FB08F10844807CE070E0780600F6B2002E00F08F8100208146484632
:20E400003100C0B2C9B2884280F08681DFF8100700685FFA88F8142101FB08F108445FFA9F
:20E4200089F94844C07C5FFA89F904EB890108715FFA89F904EB890000790700FFB2380009
:20E44000072823D00D287AD00E2800F009810F2800F0CC80102800F0E680112800F01D81A3
:20E4600012284FD0142811D0192800F0A2801A2800F08280252800F01F812B2800F03A81C4
:20E480002C2800F028812D281FD042E1DFF894060088B0F5004F07DB47F6FF705FFA89F9D2
:20E4A00004EB8901C88007E0DFF8780600885FFA89F904EB8901C880DFF86C0600785FFA21
:20E4C00089F904EB8901487123E1DFF858060088B0F5004F07DB47F6FF705FFA89F904EB7B
:20E4E0008901C88007E0DFF83C0600885FFA89F904EB8901C88000205FFA89F904EB8901B2
:20E50000487106E1DFF81C068089B0F5004F07DB47F6FF705FFA89F904EB8901C88007E054
:20E52000DFF8000680895FFA89F904EB8901C88000205FFA89F904EB89014871E9E0DFF88C
:20E54000E4054089B0F5004F07DB47F6FF705FFA89F904EB8901C88007E0DFF8C805408997
:20E560005FFA89F904EB8901C88000205FFA89F904EB89014871CCE0DFF8A805808AB0F5F3
:20E58000004F07DB47F6FF705FFA89F904EB8901C88007E0DFF88C05808A5FFA89F904EBDF
:20E5A0008901C88000205FFA89F904EB89014871AFE0DFF87005C08AB0F5004F07DB47F624
:20E5C000FF705FFA89F904EB8901C88007E0DFF85405C08A5FFA89F904EB8901C880002013
:20E5E0005FFA89F904EB8901487192E0DFF83405008AB0F5004F07DB47F6FF705FFA89F9A5
:20E6000004EB8901C88007E0DFF81805008A5FFA89F904EB8901C88000205FFA89F904EB4E
:20E620008901487175E0DFF8FC04C089B0F5004F07DB47F6FF705FFA89F904EB8901C88004
:20E6400007E0DFF8E004C0895FFA89F904EB8901C88000205FFA89F904EB8901487158E0CE
:20E66000DFF8C004408AB0F5004F07DB47F6FF705FFA89F904EB8901C88007E0DFF8A404B1
:20E68000408A5FFA89F904EB8901C88000205FFA89F904EB890148713BE0DFF888044088A1
:20E6A0005FFA89F904EB8901C88000205FFA89F904EB890148712CE0DFF86804C0885FFAA1
:20E6C00089F904EB8901C88000205FFA89F904EB890148711DE0DFF84C0480885FFA89F9C3
:20E6E00004EB8901C88000205FFA89F904EB890148710EE0DFF82C0400895FFA89F904EBE4
:20E700008901C88000205FFA89F904EB89014871FFE719F1010972E64D202070DFF8E003F1
:20E720004078401C232190FBF1F201FB1200DFF8D0134870002081465FFA89F9B9F1040F14
:20E740003CDADFF8BC035FFA89F900EB4900807852281FD1DFF8A8034078DFF8A4135FFA7B
:20E7600089F901EB4901C978884213D1DFF890035FFA89F900EB4900C078401C232190FB16
:20E78000F1F201FB1200DFF878135FFA89F901EB4901C870DFF868035FFA89F900EB49008C
:20E7A0008078202807D15220DFF854135FFA89F901EB4901887019F10109BDE7DFF83403C2
:20E7C000007850F00200DFF82C130870BDE8F1832DE9F04104000D00002007003800DFF84A
:20E7E0003C130978C0B288420ED22000DFF830130968FFB2142202FB07F2895CC0B2884284
:20E8000000D1B8467F1CE9E7C54800685FFA88F8142101FB08F10844407C0600F6B2FF2E63
:20E820003ED0F6B2302E3BDBF6B2402E38DAEDB2002D17D03100C9B2AA48FFF72FF83F21B8
:20E84000A848FFF72BF8B9488078A64989790843B6498870B548C078A249C9790843B349DA
:20E86000C87008E03100C9B29E48FFF709F83F219C48FFF705F83100C9B29D489C4A127AB5
:20E880000A235A4310440A3000F06EF83F219848974A127A0A235A4310440A3000F064F879
:20E8A0009448007850F0040092490870BDE8F0812DE9F04104000D000020070038009749C0
:20E8C0000978C0B288420DD2200095490968FFB2142202FB07F2895CC0B2884200D1B84660
:20E8E0007F1CEBE78E4800685FFA88F8142101FB08F10844407C0600F6B2FF2E2CD0F6B2E3
:20E90000202E29DBF6B2302E26DAEDB2002D13D03100C9B27348FEF7C1FF844800787149D6
:20E920000979084381490870804840786D49497908437E49487004E03100C9B26948FEF7D0
:20E940009FFF3100C9B26A48694A127A0A235A4310440A3000F008F86648007850F00400CA
:20E9600064490870BDE8F08170B504000D002900C9B25C48FEF7A0FF5D495D4A127A0A2344
:20E980005A43114488725A485949097A0A22514308440C306049082201F004F85448544983
:20E9A000097A0A2251430844C5725148007A401C232190FBF1F201FB12004D490872022030
:20E9C0005B49087000200600F6B2042E2BDA4848F6B210F81600522818D14548007A4449C9
:20E9E000F6B201EB4601497888420FD14048F6B200EB46004078401C232190FBF1F201FBAE
:20EA000012003B49F6B201EB460148703848F6B210F81600202804D152203549F6B201F8D9
:20EA20001600761CD0E770BD70B504000D0039483849097A0A225143084485723548354991
:20EA4000097A0A22514308440C303349082200F0A9FF30482F49097A0A2251430844C472F8
:20EA60002C48007A401C232190FBF1F201FB12002849087200200600F6B2042E2BDA25482F
:20EA8000F6B210F81600522818D12248007A2149F6B201EB4601497888420FD11D48F6B2AC
:20EAA00000EB46004078401C232190FBF1F201FB12001849F6B201EB460148701548F6B258
:20EAC00010F81600202804D152201249F6B201F81600761CD0E70748007850F008000549D1
:20EAE000087070BD606C00203C6D0020046D00201C5C00205F6E0020346D0020FC6C00205D
:20EB0000E0590020386D0020006D00204F6E0020086D0020845D0020686C0020516E002004
:20EB2000146D0020306B0020696E0020406D0020686E002080B5AB20DFF8F81C08806420C8
:20EB4000DFF8F01C48805520DFF8E81C88800020DFF8E01CC8800020DFF8D81C08810020E3
:20EB6000DFF8D01C48810020DFF8C81C88820020DFF8C01CC8600020DFF8B81C08610120D4
:20EB800000F08EF801BD2DE9F043B3B00027DFF8A40C8046DFF87C0B0500DFF87C0B0088D8
:20EBA000060000200700320092B22900684604F01FFE9DF800009DF8011050EA0120040030
:20EBC000A4B2AB2C17D0FFF7B5FF7F1CFFB2032F45D1DFF8480B008850F01000DFF83C1BB3
:20EBE0000880DFF8540C006850F00200DFF8481C0860002051E03000811E89B26846FFF70A
:20EC000047F90400A4B2002C11D020006946314411F8021CC0B2884209D1200080B2000A70
:20EC20006946314411F8011CC0B2884215D07F1CFFB2032F13D1DFF8E40A008850F010006A
:20EC4000DFF8D81A0880DFF8F00B006850F00200DFF8E41B086000201FE000200700FFB2B2
:20EC6000002FA0D1002081465FFA89F9B1450BD268465FFA89F910F8090088F8000018F13C
:20EC8000010819F10109EFE7DFF8B00BDFF8A41B91EC060B80EC060B012033B0BDE8F08332
:20ECA0002DE9F047B2B00400DFF8880B0600DFF8640A8046DFF8600A00888146B9F10201E9
:20ECC00089B23000FFF7E4F882461FFA89F906EB090000F802AC504680B2000A1FFA89F987
:20ECE00006EB090101F8010CE4B2002C09D1DFF84C0BDFF8401B91EC060B80EC060B0120EB
:20ED00003EE0002005004A4692B24146300004F04CFE4A4692B24146684604F069FDB9F1DA
:20ED2000020189B26846FFF7B3F80700380069461FFA89F9494411F8021CC0B288420BD1F1
:20ED4000380080B2000A69461FFA89F9494411F8011CC0B2884205D06D1CEDB2032D03D105
:20ED600000200DE000200500EDB2002DCBD1DFF8CC0ADFF8C01A91EC060B80EC060B01206F
:20ED800032B0BDE8F087F8B50400E4B2002C00F0A180E4B2012C14D1A620DFF8A41A088066
:20EDA0000020DFF89C1A88700020DFF8941A08710020DFF88C1A48710120DFF8841AC8706C
:20EDC00088E0E4B2022C05D0E4B2032C02D0E4B2042C37D1E4B2022C0BD1A620DFF8641A12
:20EDE00008800020DFF85C1A4880DFF8580A06001DE0E4B2032C0BD1A620DFF84C1A0880EE
:20EE00000020DFF8441A4880DFF83C0A06000EE0E4B2042C0BD1A620DFF8301A0880002093
:20EE2000DFF8281A4880DFF8240A0600FFE7361D00200500EDB2102D4CDAA5203070761C8F
:20EE40006D1CF7E7E4B2082C24D1A620DFF8001A08800520DFF8F81988700220DFF8F01946
:20EE6000C8700120DFF8E81908710020DFF8E01948710020DFF8D81988710020DFF8D0197E
:20EE8000C8710020DFF8C81908720020DFF8C01948721FE0E4B2092C1CD1A620DFF8B4193C
:20EEA0000880DFF8B0090700BF1C00200500EDB2162D05DA40F2C4403880BF1C6D1CF6E743
:20EEC00040F2CE30DFF88C19C8857FF00700DFF8841908862000C0B200F038F9F1BD2DE94A
:20EEE000F04F9BB00400E4B2012C0AD1DFF8500981464FF440400600DFF85C09007807006B
:20EF00003AE0E4B2022C08D1DFF8380981464FF4E0400600162007002EE0E4B2032C08D109
:20EF2000DFF8240981464FF4E04006001620070022E0E4B2042C08D1DFF8100981464FF4C5
:20EF4000E04006001620070016E0E4B2082C08D1DFF8FC0881464FF4004006000C20070057
:20EF60000AE0E4B2092C07D1DFF8E80881464FF43040060034200700E4B2002C57D03A003F
:20EF800092B2B6B2310001A804F032FC9DF80400A62805D02000C0B2FFF7F5FE0020D2E040
:20EFA0003800811E89B201A8FEF772FF0500280001A9394411F8021CC0B2884209D1280077
:20EFC00080B2000A01A9394411F8011CC0B288421BD0E4B2092C18D02000C0B2FFF7D3FE75
:20EFE00000208DF80000DFF83407008850F01000DFF828170880DFF84008006850F002001B
:20F00000DFF83418086000209DE0002083465FFA8BFBBB450BD201A85FFA8BFB10F80B0088
:20F0200089F8000019F101091BF1010BEFE7E4B2092C42D100208046DFF8200882460020A2
:20F0400083465FFA8BFBBBF1160F16DABAF8000040F68911884205DABAF8000040F26221B5
:20F06000884205DA40F2C440AAF80000012080461AF1020A1BF1010BE3E7DFF8D807B0F9D0
:20F080003010DFF8D007B0F92E00FEF793FB00280BD140F2CE30DFF8BC17C8857FF0070087
:20F0A000DFF8B0170886012080461FFA88F8B8F1000F02D00920FFF766FEE4B2012C07D1FC
:20F0C000DFF89C07DFF87817082200F06BFC35E0E4B2022C07D1DFF88C07DFF86817162226
:20F0E00000F060FC2AE0E4B2032C07D1DFF87807DFF85417162200F055FC1FE0E4B2042C47
:20F1000007D1DFF86807DFF84417162200F04AFC14E0E4B2082C07D1DFF85407DFF830174B
:20F120000C2200F03FFC09E0E4B2092C06D1DFF84407DFF82017342200F034FC01208DF89F
:20F1400000009DF800001BB0BDE8F08F2DE9F04F99B004000026E4B2012C0AD1DFF8E00608
:20F1600007004FF440408046DFF8EC06007881463AE0E4B2022C08D1DFF8C80607004FF451
:20F18000E0408046162081462EE0E4B2032C08D1DFF8B40607004FF4E04080461620814622
:20F1A00022E0E4B2042C08D1DFF8A00607004FF4E04080461620814616E0E4B2082C08D16B
:20F1C000DFF88C0607004FF4004080460C2081460AE0E4B2092C07D1DFF8780607004FF457
:20F1E0003040804634208146B9F1020189B23800FEF74EFE82461FFA89F907EB090000F807
:20F2000002AC504680B2000A1FFA89F907EB090101F8010C002005004A4692B21FFA88F83F
:20F220004146380004F0C1FB0120FCF7A6FC4A4692B21FFA88F84146684604F0D9FAB9F196
:20F24000020189B26846FEF723FE8346584669461FFA89F9494411F8021CC0B288420BD12F
:20F26000584680B2000A69461FFA89F9494411F8011CC0B2884205D06D1CEDB2032D03D17A
:20F28000002047E000200500EDB2002DC4D1E4B2012C07D1DFF8C805DFF8A415082200F0B8
:20F2A00081FB35E0E4B2022C07D1DFF8B805DFF89415162200F076FB2AE0E4B2032C07D1CD
:20F2C000DFF8A405DFF88015162200F06BFB1FE0E4B2042C07D1DFF89405DFF87015162213
:20F2E00000F060FB14E0E4B2082C07D1DFF88005DFF85C150C2200F055FB09E0E4B2092C67
:20F3000006D1DFF87005DFF84C15342200F04AFB3000C0B219B0BDE8F08FF8B50400DFF8F0
:20F320004005C07800282CD1DFF84C050600002007003800DFF84415097880B289B28842B6
:20F3400017D2002005002800DFF83415BFB24FF4B27202FB07F21144497C80B289B2884238
:20F3600005D220883080A41CB61C6D1CEBE77F1CDFE7DFF81005DFF800155A2200F012FBBF
:20F3800062E0DFF8DC04C07801282CD1DFF8F8040600002007003800DFF8F014097880B250
:20F3A00089B2884217D2002005002800DFF8E014BFB24FF4B27202FB07F21144497C80B22D
:20F3C00089B2884205D220883080A41CB61C6D1CEBE77F1CDFE7DFF8BC04DFF8AC143E221D
:20F3E00000F0E0FA30E0DFF87804C07802282BD1DFF8A4040600002007003800DFF89C1417
:20F40000097880B289B2884217D2002005002800DFF88C14BFB24FF4B27202FB07F2114464
:20F42000497C80B289B2884205D220883080A41CB61C6D1CEBE77F1CDFE7DFF86804DFF839
:20F440005814542200F0AEFAF1BD2DE9F04F83B00400FF2005004FF4C040FCF719F98146C5
:20F4600046F20100FCF714F9C0438DF80400DFF8380400F06EFADFF83004DFF82C140978B9
:20F4800008444078A5280CD148469DF80410C0B2884206D1DFF810040078022801DA0020EC
:20F4A0000500EDB2002D5AD00020DFF8FC130870A520DFF8F4134870012080461FFA88F8F8
:20F4C000B8F1020F09DA5A20DFF8DC131FFA88F84144487018F10108F0E745F6A5214FF44C
:20F4E000C040FCF7E0F84FF4C040FCF7D1F882465FFA8AFA4FF4807B46F20100FCF7C8F873
:20F500000BFB0A000600B6B245F6A52086420CD08248008850F4807080490880C64800687C
:20F5200050F00200C449086038E000208146484610F10109C0B2032811DADFF86C0300F0BE
:20F5400011FA0A20FCF719FB684600F002FA0322DFF85413684605F059F90028E7D1D24883
:20F560000078D2498870D14800F0D7F9CF4800F017F800280DD16948008850F480706749EE
:20F580000880AD48006850F00200AB49086000F071F8C74807003800FFF7BFFEBDE8F78F63
:20F5A0002DE9F84F0400208845F6A521884201D000205DE05A200500201D07002900C9B2E2
:20F5C0003800FEF729FC80464046B4F8681080B2884201D000204BE0201D81460020060027
:20F5E0003000A6490978C0B2884240D2002083465846B0490968F6B24FF4B27202FB06F228
:20F600001144497CC0B288422FD2B9F80000824619F10209A7480068F6B24FF4B27101FBA4
:20F6200006F108445FFA8BFB1C2101FB0BF10844408C514689B2884212D350469D490968ED
:20F64000F6B24FF4B27202FB06F211445FFA8BFB1C2202FB0BF21144098C80B2884201D281
:20F66000002005E01BF1010BC2E7761CB8E70120BDE8F28F2DE9F04145F6A5208B490880A9
:20F680008948007889498870894880460020040020007A490978C0B2884224D200200500E1
:20F6A000280084490968E4B24FF4B27202FB04F21144497CC0B2884213D27E480068E4B2F5
:20F6C0004FF4B27101FB04F10844EDB21C2101FB05F10844808CA8F8000018F102086D1C25
:20F6E000DEE7641CD4E70020A8F8000018F102086F4807005A2006003100C9B23800FEF720
:20F700008BFB6A49A1F86800684800F014F9BDE8F081000000D077007A010020F06D00208D
:20F720002DE9F04182B004000D006348008845F6A521884201D0002079E05F4885705B48B8
:20F740005D496A2200F02EF9002006003000461CC0B2032822DA554800F0EDF800208046B7
:20F760001FFA88F841F28830804502DA18F10108F6E7514800F0D1F86A224F494B4805F077
:20F7800045F800280AD0002080461FFA88F8B8F1FF0F02DA18F10108F7E7D7E7F6B2032E91
:20F7A00005DB4AF25A504449088000203FE0A5203D493E4A927811444870002006003000EF
:20F7C000461CC0B2032821DA374800F0CBF8002080461FFA88F8B8F1FF0F02DA18F10108D9
:20F7E000F7E7684600F0B5F803222F49684605F00DF800280AD0002080461FFA88F8B8F171
:20F80000FF0F02DA18F10108F7E7D8E74AF25A50294908802448007824498870234800F0CB
:20F820007CF8234807003800FFF777FD0120BDE8F6810000E86A0020386D0020D06A002072
:20F84000586C0020186B0020606B0020906B0020306C0020C06900207C010020C26900202E
:20F86000506C0020006B0020486B0020786B0020246C00208C690020B0660020556E00206D
:20F8800068FB010854660020D46800207E0401085822020894680020606700207F04010828
:20F8A000E00E02080C670020446D00207C65002080650020286D0020E86500202DE9F0417D
:20F8C000B6B0040088461500424692B22900200004F06BF81420FCF761F9424692B22900F9
:20F8E000684603F085FF2700002006003000C0B2414680B289B288420BD23800471C007846
:20F900006946F6B2895D884201D0002002E0761CECE7012036B0BDE8F08138B50400A07882
:20F920006E21484310F5A04005006A222900200003F05EFF31BD38B50400A0786E2148438D
:20F9400010F5A04005002A006A212000FFF7B6FF31BD10B5040003224FF4C041200003F00A
:20F9600047FF10BD10B504004FF4C04203212000FFF7A4FF10BD10B5040003224FF410413A
:20F98000200003F035FF10BD10B504004FF4104203212000FFF792FF10BD0268531C036021
:20F9A0001170704762B38B0708D0521E11F8013B00F8013B00F024808B07F6D1830740F000
:20F9C000208000BF103A07D330B4B1E83810103AA0E83810F9D230BC530724BFB1E8081020
:20F9E000A0E8081044BF51F8043B40F8043BD20724BF31F8022B20F8022B44BF0B78037015
:20FA00007047083A07D3B1E80810083A40F8043B40F804CBF7D25307E4E7100E10B50400CD
:20FA2000A4B2211DA4B2200004F06EF8002801D1012000E0002010BD80B500F0F0F901BDAE
:20FA400080B50020DFF80015087040F2FF30DFF8FC148880DFF8F404808800284FD0FCF78C
:20FA600062FFDFF8E8048088400110F58020DFF8E01408600020DFF8DC140880DFF8D40423
:20FA80000088042828D20422DFF8C4040168DFF8C80403F0ADFEDFF8B8040068001DDFF85A
:20FAA000B0140860DFF8B004006810F1010F0BD0DFF898048088401CDFF8901488800120C0
:20FAC000DFF88414087007E0DFF888040088401CDFF880140880D1E7DFF86C0490F9000096
:20FAE00000280CD1DFF864048088002807D0DFF85C048088401EDFF854148880AAE7002026
:20FB0000DFF84414087040F2FF30DFF850148880DFF84804808800284FD0FCF704FFDFF85B
:20FB20003C048088400110F5A020DFF8241408600020DFF820140880DFF8180400880228A8
:20FB400028D20422DFF808040168DFF80C0403F04FFEDFF8FC030068401CDFF8F413086032
:20FB6000DFF8F403006810F1010F0BD0DFF8EC038088401CDFF8E41388800120DFF8C81390
:20FB8000087007E0DFF8CC030088401CDFF8C4130880D1E7DFF8B00390F9000000280CD176
:20FBA000DFF8B8038088002807D0DFF8B0038088401EDFF8A8138880AAE70020DFF88813FF
:20FBC000087040F2FF30DFF898138880DFF890038088002848D0FCF7A6FEDFF88403808813
:20FBE000400110F5C020DFF8681308600020DFF864130880DFF85C030088022825D204222A
:20FC0000DFF84C030168DFF8500303F0F1FDDFF840030068401CDFF838130860DFF83803D0
:20FC2000006810F1010F0AD0DFF834038088401CDFF82C1388800120C349087005E0C5484A
:20FC40000088401CC3490880D4E7BF4890F90000002809D1C2488088002805D0C0488088C0
:20FC6000401EBF498880B1E701BD38B5BD48407ABC49497888423FD0B4488088B0F5806FDD
:20FC800015DB5FF4862005004FF480522900B64803F0AEFD4020FFF7C1FE4FF480525FF41F
:20FCA0008021B14803F081FE8020A8498880A7488088400110F580200500AA48A949497A16
:20FCC000090108440A30040010222900200003F06CFE9E488088401C9C498880A148407ADE
:20FCE000401CA04948729F48407A232190FBF1F201FB12009B49487231BD38B59B48C0790F
:20FD00009A49097A884240D094488088B0F5806F15DB5FF4A62005004FF480522900924805
:20FD200003F066FD5020FFF779FE4FF480525FF4A0218D4803F039FE802088498880874820
:20FD40008088400110F5A020050088488749C9790A22514308440A3004000A2229002000EF
:20FD600003F023FE7D488088401C7C4988807F48C079401C7D49C8717C48C079232190FB52
:20FD8000F1F201FB12007949C87131BD38B57848C0797749097A884240D071488088B0F520
:20FDA000806F15DB5FF4C62005004FF4805229006D4803F01DFD6020FFF730FE4FF480526D
:20FDC0005FF4C021684803F0F0FD80206449888063488088400110F5C020050064486449D3
:20FDE000C9790A22514308440A3004000A222900200003F0DAFD5A488088401C5849888089
:20FE00005B48C079401C5A49C8715948C079232190FBF1F201FB12005549C87131BD80B53A
:20FE200054480078800702D5FFF71FFF0CE051480078400702D5FFF760FF05E04D480078DA
:20FE4000000701D5FFF7A2FF01BD01000020C9B2002902D13D4A92881000C9B2012902D1AF
:20FE60003E4A92881000C9B2022902D13C4A9288100080B27047F8B504000D001600F6B242
:20FE8000002E09D1A4B2600110F58020070010223900280003F0ACFCF6B2012E09D1A4B2C2
:20FEA000600110F5A02007000A223900280003F09FFCF6B2022E09D1A4B2600110F5C020AC
:20FEC00007000A223900280003F092FC0120F2BD10B50400E4B2002C0ED120201B49488067
:20FEE00000201A4988804020FFF798FD002801D0012026E0002024E0E4B2012C0ED1202066
:20FF0000164948800020154988805020FFF786FD002801D0012014E0002012E0E4B2022C67
:20FF20000ED120200E49488000200D4988806020FFF774FD002801D0012002E0002000E022
:20FF4000002010BD00000000506E0020006C00200C6D0020C66D0020106D00200C6C002029
:20FF6000186C0020E0590020803100201C5C0020845D00205F6E00200CB41CB5044604A8A6
:20FF800001900A46009401AB694607487844183004F06EFC009A0021117000285CBF0098C9
:20FFA000001B16BC5DF80CFBF3F9FFFF3220C0B2002801D0401EFAE7704780B51020ADF851
:20FFC000000002208DF8020010208DF8030069466A4803F086FE0820ADF8000002208DF874
:20FFE000020014208DF803006946644803F079FE01BD80B5082062490860FFF7D7FF102054
:020000040801F1
:200000005F490860FFF7D2FF5E480068002801D1012000E0002008205B490860FFF7C6FFF1
:20002000102059490860FFF7C1FF012002BD80B5102055490860FFF7B9FF082052490860AC
:20004000FFF7B4FF10204E490860FFF7AFFF08204B490860FFF7AAFF01BD80B510204A49AB
:200060000860FFF7A3FF082047490860FFF79EFF102043490860FFF799FF102042490860F8
:20008000FFF794FF01BD80B510203F490860FFF78DFF08203A490860FFF788FF1020384901
:2000A0000860FFF783FF102037490860FFF77EFF01BD80B5102034490860FFF777FF082039
:2000C0002F490860FFF772FF10202D490860FFF76DFF2C480068000704D510202A490860A2
:2000E000002003E0102028490860012002BD38B5040008252800451EC0B2002816D01020BB
:2001000021490860FFF752FF200603D508201C49086002E008201C4908606400FFF746FF5D
:20012000102017490860FFF741FFE3E710201649086031BD38B508240025082010490860BB
:200140002000441EC0B2002811D06D0010200E490860FFF72BFF102009490860FFF726FF21
:20016000084800680007EBD555F00105E8E71020054908602800C0B232BD0000001801401E
:2001800010180140081801401418014080B5FFF730FF002801D100202AE06420FFF7A7FF8A
:2001A000FFF787FF002803D1FFF741FF00201FE01020FFF79CFFFFF77CFF8020FFF797FF14
:2001C000FFF777FFFFF733FFFFF713FF6420FFF78EFFFFF76EFF0F20FFF789FFFFF769FF0E
:2001E0008420FFF784FFFFF764FFFFF720FF012002BD80B5FFF7FDFE002801D100201CE058
:200200006420FFF774FFFFF754FF002803D1FFF70EFF002011E00F20FFF769FFFFF749FFCD
:200220000020FFF764FFFFF744FF0020FFF75FFFFFF73FFFFFF7FBFE012002BD10B50400CC
:20024000FFF7A4FFFFF7D5FE6420FFF750FFFFF730FF002803D1FFF7EAFE00202FE0002025
:20026000FFF745FFFFF725FF2078FFF740FFFFF720FF6078FFF73BFFFFF71BFFA07850F0D8
:200280008000C0B2FFF733FFFFF713FFE078FFF72EFFFFF70EFF2079FFF729FFFFF709FF09
:2002A0006079FFF724FFFFF704FFA079FFF71FFFFFF7FFFEFFF7BBFEFFF79BFF012010BD06
:2002C00010B50400FFF795FE6420FFF710FFFFF7F0FE002803D1FFF7AAFE002033E0002072
:2002E000FFF705FFFFF7E5FEFFF783FE6520FFF7FEFEFFF7DEFEFFF71DFF2070FFF7ADFE28
:20030000FFF718FF6070FFF7A8FEFFF713FF10F07F00A070FFF7A1FEFFF70CFFE070FFF7F1
:200320009CFEFFF707FF2071FFF797FEFFF702FF6071FFF792FEFFF7FDFEA071FFF7A3FE24
:20034000FFF775FE012010BD1CB504006846FFF7B7FFA41C9DF8000010F0F000512805DA7A
:200360009DF8000010F00F000A2802DB00208DF800009DF8010010F0F000512805DA9DF8B2
:20038000010010F00F000A2802DB00208DF801009DF8020010F0F000212805DA9DF8020052
:2003A00010F00F000A2802DB00208DF802009DF8040010F0F000312805DA9DF8040010F01E
:2003C0000F000A2802DB00208DF804009DF8050010F0F000112805DA9DF8050010F00F000B
:2003E0000A2802DB00208DF805009DF8060010F0F000912805DA9DF8060010F00F000A2845
:2004000002DB00208DF806009DF800002070641C9DF801002070641C9DF802002070641C62
:200420009DF804002070641C9DF805002070641C9DF806002070641C13BD1CB50400A41C59
:2004400020788DF80000641C20788DF80100641C20788DF80200641C20788DF80400641C21
:2004600020788DF80500641C20788DF80600641C00208DF803006846FFF7E0FE13BD0B0E24
:2004800000F10103810704D010F8011B89B18107FAD10268B2F10131914311F0803F04BFC4
:2004A00050F8042FF6E710F8011B11B110F8011BFBE7C01A70470B0D38B50400DFF8900AED
:2004C000006805002900DFF8880A0068FCF791FCA4B2A042F6D331BD01005FF0FF30DFF8F0
:2004E000742AC9B232F81120DFF86C3AC9B233F811309A421BD0DFF8642AC9B24FF40063D7
:2005000003FB01F31A44DFF84C3AC9B233F81130D25C1000DFF83C2AC9B232F81120521C88
:200520005205520DDFF82C3AC9B223F81120704710B402005FF0FF30DFF8183AD2B233F82E
:200540001230DFF8144AD2B234F81240641C6405640DA3421CD0DFF8043AD2B24FF40064B7
:2005600004FB02F42344DFF8F049D2B234F812401955DFF8E439D2B233F812305B1C5B05E3
:200580005B0DDFF8D449D2B224F812300123180010BC7047F0B587B004000D001600DFF884
:2005A000C009844202D10020070023E0DFF8B409844202D1002007001CE0DFF8AC0984420D
:2005C00002D10020070015E0DFF8A009844202D1002007000EE0DFF89809844202D10020CD
:2005E000070007E0DFF88C09844202D10020070000E01AE2DFF8680984421CD10021DFF812
:20060000780905F020FBDFF8700905F0F7F900228021DFF84C0905F038FC0021012005F0C5
:2006200002FD01214FF4804005F00CFD0121012005F0F9FCA3E0DFF82C0984421CD1002108
:20064000DFF8380905F0FFFADFF8300905F0D6F900228021DFF80C0905F017FC00210120C7
:2006600005F0E1FC01215FF4003005F0FAFC0121012005F0D8FC82E0DFF8EC0884421CD12C
:200680000021DFF8FC0805F0DEFADFF8F40805F0B5F900228021DFF8D00805F0F6FB0021A2
:2006A000012005F0C0FC01215FF4802005F0D9FC0121012005F0B7FC61E0DFF8B008844208
:2006C0001CD10021DFF8BC0805F0BDFADFF8B40805F094F900228021DFF8900805F0D5FBB9
:2006E0000021012005F09FFC01215FF4002005F0B8FC0121012005F096FC40E0DFF87008B1
:2007000084421CD10021DFF8800805F09CFADFF8780805F073F900228021DFF8540805F078
:20072000B4FB0021012005F07EFC01215FF4801005F097FC0121012005F075FC1FE0DFF84D
:20074000340884421BD10021DFF8400805F07BFADFF8380805F052F900228021DFF81408F4
:2007600005F093FB0021012005F05DFC01215FF0807005F067FC0121012005F054FCDFF84E
:200780001008EDB250F825000290F6B2002E13D10020ADF80C000020ADF80E000020ADF880
:2007A00010000020ADF814000C20ADF8120002A9200005F0B1FA7CE0F6B2012E15D14FF4A6
:2007C0008050ADF80C000020ADF80E004FF48060ADF810000020ADF814000C20ADF8120031
:2007E00002A9200005F098FA63E0F6B2022E15D14FF48050ADF80C000020ADF80E004FF4CC
:20080000C060ADF810000020ADF814000C20ADF8120002A9200005F07FFA4AE0F6B2032E0B
:2008200014D10020ADF80C004FF40050ADF80E000020ADF810000020ADF814000C20ADF83D
:20084000120002A9200005F067FA32E0F6B2042E16D14FF48050ADF80C004FF40050ADF896
:200860000E004FF48060ADF810000020ADF814000C20ADF8120002A9200005F04DFA18E0D7
:20088000F6B2052E15D14FF48050ADF80C004FF40050ADF80E004FF4C060ADF81000002055
:2008A000ADF814000C20ADF8120002A9200005F033FADFF8AC06844212D1DFF8D806FFB217
:2008C0004FF4806101FB07F1084401900094DFF8A8361A220121DFF8C00600F0A8F871E0FE
:2008E000DFF88006844212D1DFF8A806FFB24FF4806101FB07F1084401900094DFF87C36AA
:200900001C220221DFF8900600F091F85AE0DFF85806844212D1DFF87C06FFB24FF480614A
:2009200001FB07F1084401900094DFF854361E220321DFF8640600F07AF843E0DFF82C06BE
:20094000844212D1DFF84C06FFB24FF4806101FB07F1084401900094DFF8283620220421EF
:20096000DFF8340600F063F82CE0DFF80406844212D1DFF82006FFB24FF4806101FB07F1BF
:20098000084401900094DFF8003622220521DFF8080600F04CF815E0DFF8D805844211D105
:2009A000DFF8F005FFB24FF4806101FB07F1084401900094DFF8D43524220621DFF8D80530
:2009C00000F035F8012240F22551200005F032FA01228021200005F058FA0121200005F08C
:2009E0001BFA0020DFF86C15FFB221F817000020DFF8A815FFB221F817000020DFF8A01548
:200A0000FFB221F817000020DFF89815FFB221F817000020DFF89015FFB221F817000020D3
:200A2000DFF88815FFB221F8170007B0F0BD2DE9F0438BB004000D0016001F00DDF8488096
:200A4000DDF84C90380004F0D9FF18F104000090CDF80490102002904FF47A700390002049
:200A60000490802005900020069000200790002008904FF40050099000200A9069463800BB
:200A800005F041F83200D2B22900C9B2200005F059F80BB0BDE8F0832DE9F04104000D003D
:200AA00000265FF00008DFF8B804844202D10020804624E0DFF8AC04844202D1002080469D
:200AC0001DE0DFF8A404844202D10020804616E0DFF89804844202D1002080460FE0DFF86D
:200AE0009004844202D10020804608E0DFF88404844202D10020804601E0002011E04046A5
:200B0000C0B2FFF7E9FC070017F1010F07D02F706D1C761CB6B2B6F5006F00DAEFE7300076
:200B200080B2BDE8F0812DE9F84306000D00140000275FF00008A4B2002C01D1002005E21C
:200B4000DFF81C04864202D10020804624E0DFF81404864202D1002080461DE0DFF80804C9
:200B6000864202D10020804616E0DFF80004864202D1002080460FE0DFF8F403864202D14A
:200B80000020804608E0DFF8EC03864202D10020804601E00020D9E1DFF8C403864251D1FD
:200BA000A4B2DFF8F0035FFA88F84FF4806101FB08F100EB0109220029004846FEF7F2FE70
:200BC000DFF8D0035FFA88F84FF4806101FB08F10844DFF8DC130860A4B2DFF8D803046093
:200BE0000121DFF8940305F02EF8DFF864030068DFF8C4135FFA88F841F828000520FFF7A1
:200C00005BFC022005F02DF800280DD00021DFF8680305F018F8022005F038F80520FFF772
:200C20004BFC200080B291E1DFF88C035FFA88F850F82810C6480068FCF7DBF8B0F5FA7F90
:200C4000DCD382E1C748864248D1A4B2D1485FFA88F84FF4806101FB08F100EB010922001A
:200C600029004846FEF79EFECA485FFA88F84FF4806101FB08F10844D0490860A4B2D048ED
:200C800004600121BD4804F0DEFFB1480068CA495FFA88F841F828000520FFF70DFC2020E6
:200CA00004F0DFFF00280CD00021B44804F0CBFF202004F0EBFF0520FFF7FEFB200080B2FF
:200CC00044E1BD485FFA88F850F82810A0480068FCF78FF8B0F5FA7FDED336E1A24886422F
:200CE0004AD1A4B2AB485FFA88F84FF4806101FB08F100EB0109220029004846FEF752FE8B
:200D0000A4485FFA88F84FF4806101FB08F10844AC490860A4B2AC4804600121984804F0A8
:200D200092FF8B480068A4495FFA88F841F828000520FFF7C1FB4FF4007004F092FF002889
:200D40000DD000218E4804F07EFF4FF4007004F09DFF0520FFF7B0FB200080B2F6E096483F
:200D60005FFA88F850F8281079480068FCF741F8B0F5FA7FDCD3E8E07C4886424AD1A4B233
:200D800084485FFA88F84FF4806101FB08F100EB0109220029004846FEF704FE7D485FFAB2
:200DA00088F84FF4806101FB08F1084487490860A4B2874804600121724804F044FF6448CE
:200DC00000687D495FFA88F841F828000520FFF773FB4FF4005004F044FF00280DD0002132
:200DE000684804F030FF4FF4005004F04FFF0520FFF762FB200080B2A8E06F485FFA88F869
:200E000050F8281052480068FBF7F3FFB0F5FA7FDCD39AE0564886424AD1A4B25D485FFA50
:200E200088F84FF4806101FB08F100EB0109220029004846FEF7B6FD56485FFA88F84FF4E9
:200E4000806101FB08F1084462490860A4B26248046001214C4804F0F6FE3D4800685649CF
:200E60005FFA88F841F828000520FFF725FB5FF4003004F0F6FE00280DD00021424804F0EE
:200E8000E2FE5FF4003004F001FF0520FFF714FB200080B25AE048485FFA88F850F828105C
:200EA0002B480068FBF7A5FFB0F5FA7FDCD34CE03048864249D1A4B236485FFA88F84FF47E
:200EC000806101FB08F100EB0109220029004846FEF768FD2F485FFA88F84FF4806101FBA4
:200EE00008F108443D490860A4B23D4804600121264804F0A8FE164800682F495FFA88F83F
:200F000041F828000520FFF7D7FA5FF4001004F0A8FE00280DD000211C4804F094FE5FF424
:200F2000001004F0B3FE0520FFF7C6FA200080B20CE021485FFA88F850F82810044800686D
:200F4000FBF757FFB0F5FA7FDCD30020BDE8F283306D0020CA6D0020CC6D002080410020F4
:200F6000003801400044004000480040004C00400050004000600140080002401C00024087
:200F80003000024044000240580002406C00024084690208E052002000000240CE6D00202B
:200FA000D06D0020D26D0020D66D0020D46D0020140002400C0002402C6D002028000240EA
:200FC000200002403C000240340002405000024048000240640002405C00024078000240A1
:200FE0007000024070B400252A0000252B0000252C00DFF8005CED78002D18D1DFF8F85B53
:201000002D680688B54201D341252A00DFF8E85B2D690688B54201D342252B00DFF8D85BAD
:201020002D6A0688B5423DD343252C003AE0DFF8C45BED78012D18D1DFF8C05B2D6806884F
:20104000B54201D341252A00DFF8B05B2D690688B54201D342252B00DFF8A05B2D6A0688DB
:20106000B5421FD343252C001CE0DFF8885BED78022D17D1DFF8A05C2D680688B54201D300
:2010800041252A00DFF8905C2D690688B54201D342252B00DFF8805C2D6A0688B54201D3D9
:2010A00043252C00D2B2412A08D1DBB2422B05D1E4B2432C02D003250D7049E0D2B2412A70
:2010C00008D1DBB2422B05D0E4B2432C02D105250D703DE0D2B2412A08D0DBB2422B05D135
:2010E000E4B2432C02D106250D7031E0D2B2412A08D1DBB2422B05D0E4B2432C02D00125CB
:201100000D7025E0D2B2412A08D0DBB2422B05D1E4B2432C02D002250D7019E0D2B2412A53
:2011200008D0DBB2422B05D0E4B2432C02D104250D700DE0D2B2412A08D1DBB2422B05D105
:20114000E4B2432C02D107250D7001E001250D7070BC7047F0B5059C069D079E91F800C0D0
:20116000BCF15A0F3BD1B2F800C0BCF1000F36D0B3F800C05FF0F30E0EFB0CFC5FEA1C2CC4
:2011800067468446BE461FFA8CFC1FFA8EFEF44521D3B4F800C0BCF10A0F15DBD5F800C0B2
:2011A00056EA0C0CC5F800C0DFF890CCBCF800C0BCF1000F13D1DFF864CBBCF800C0DFF8C2
:2011C0007CECAEF800C00AE0B4F800C01CF1010CA4F800C003E05FF0000CA4F800C0F0BD2E
:2011E000F0B4049C059D069E0F785A2F15D11788002F12D01F8884461FFA8CFC67450AD324
:201200002788142F03DB2F6837432F6005E027887F1C278001E000272780F0BC7047F0B4D2
:20122000049C059D0F885FF0F30C0CFB07F73F0A3E000700B1F800C0BFB2674510D31F6804
:2012400027420BD11768002F05D01F6827431F600027176002E017687F1C1760288019E0A4
:201260000700B446BFB21FFA8CFC674509D21768002F02D00027176002E01F68A7431F60E4
:201280000EE01F68274205D11768002F02D017687F0817601F68274202D017687F1C17604A
:2012A000F0BC70472DE9F84F04000D0016001F00DDF82880DDF82C90DDF830A0A16809B2B1
:2012C000606800B2FCF74BF88346A96809B2686800B2FCF744F8ADF800000FFA8BFBBDF92E
:2012E0000000BBEB0000022190FBF1FB0FFA8BFBBBF1B50F01DBBBF5B47B0FFA8BFB1BF159
:20130000B40F01DA1BF5B47B3000594600B209B288421ADA5846390000B209B2884214DAFA
:20132000D9F8000010EA0A0F04D1B8F80000401CA8F80000B8F80000022815DBD9F80000AD
:201340005AEA0000C9F800000EE0B8F80000002804D0B8F80000401EA8F80000D9F800006F
:2013600030EA0A00C9F80000BDE8F18F2DE9F04184B004000D00DFF8F00B006840031CD46A
:20138000DFF87408006F298888420DD3DFF86808D0F880002988884206D3DFF85C08D0F84A
:2013A00090002988884224D2DFF8BC0B006850F48020DFF8B41B08601BE02888DFF8381862
:2013C000096F884215D22888DFF82C18D1F8801088420ED22888DFF82018D1F89010884224
:2013E00007D2DFF8840B006830F48020DFF8781B086040F6B830060014200700DFF8A00CCE
:20140000DFF8A01C09783022514308440FC8DFF898CC8CE80F00DFF8880CDFF8881C09788A
:2014200030225143084410300FC8DFF880CC8CE80F00DFF86C0CDFF86C1C097830225143A8
:20144000084420300FC8DFF868CC8CE80F00DFF8640C0FC8DFF848CCDFF848EC9EF800E001
:201460005FF0300808FB0EFEF4448CE80F00DFF8480C0FC8DFF828CCDFF828EC9EF800E0ED
:201480005FF0300808FB0EFEF4441CF1100C8CE80F00DFF8280C0FC8DFF804CCDFF804EC82
:2014A0009EF800E05FF0300808FB0EFEF4441CF1200C8CE80F00DFF8EC0B0078401CDFF8B3
:2014C000E41B0870DFF8DC0B007810F00F00DFF8D41B0870DFF82007006FB6B2B0420ED26B
:2014E000DFF81407D0F88000B6B2B04207D2DFF80807D0F89000B6B2B042C0F08280DFF85E
:20150000F8060068BFB2B84218D3DFF8EC06D0F88000B6B2B04211D304200290DFF8A00B88
:201520000190DFF8A00B00905B237FF01E02DFF8881BDFF8C406FFF7B5FE0BE00020DFF855
:20154000841B0880DFF8780B006830F00400DFF8701B0860DFF8A0060069BFB2B84218D378
:20156000DFF89406D0F89000B6B2B04211D340200290DFF84C0B0190DFF84C0B00905B2377
:201580007FF01E02DFF8341BDFF8400BFFF78AFE0BE00020DFF8301B0880DFF8240B0068D3
:2015A00030F04000DFF8181B0860DFF84C06006ABFB2B84218D3DFF84006006FB6B2B0428A
:2015C00012D34FF480600290DFF8F40A0190DFF8000B00905B237FF01E02DFF8D81ADFF8EC
:2015E000F40AFFF75FFE8BE00020DFF8E41A0880DFF8CC0A006830F48060DFF8C41A08607C
:201600007EE0DFF8F4050068BFB2B84217D3DFF8980A0069B6B2B04211D304200290DFF832
:20162000A00A0190DFF89C0A00905B237FF01E02DFF8781ADFF8C005FFF734FE0BE000201D
:20164000DFF8801A0880DFF8780A006830F00400DFF86C1A0860DFF8A0050069BFB2B84297
:2016600017D3DFF8440A006AB6B2B04211D340200290DFF84C0A0190DFF84C0A00905B23C8
:201680007FF01E02DFF8281ADFF8400AFFF70AFE0BE00020DFF8301A0880DFF8240A006862
:2016A00030F04000DFF8181A0860DFF84C05006ABFB2B84218D3DFF8F0090068B6B2B042DF
:2016C00012D34FF480600290DFF8F4090190DFF8000A00905B237FF01E02DFF8CC19DFF8FA
:2016E000F409FFF7DFFD0BE00020DFF8E4190880DFF8CC09006830F48060DFF8C419086080
:20170000DFF864080068000427D52088012810D1DFF85408006830F48020DFF84C1808606A
:20172000DFF89C090068DFF8581C0840DFF8901908602088022810D1DFF82C08006850F4E0
:201740008020DFF824180860DFF87409006840F244410843DFF868190860BDE8FF812DE9B5
:20176000F34F83B014001D000E9E0F9FDDF84080DDF84490DDF848A0049800785A2802D105
:201780002088002810D1D8F8000030EA0900C8F8000000203860DFF8EC0B006830EA0A00D3
:2017A000DFF8E01B0860F3E09DF85000002832D0DFF84004C07800280BD1DFF83C04016A34
:2017C00089B2DFF83404006880B2FCF798F883465EE0DFF82004C07801280BD1DFF81C046C
:2017E000016A89B2DFF81404006880B2FCF787F883464DE0DFF8FC03C078022848D1DFF82A
:201800001805016A89B2DFF81005006880B2FCF776F883463CE0DFF8DC03C07800280FD143
:20182000DFF8D403026A92B2DFF8CC03016989B2DFF8C403006880B2FCF76EF8834627E09E
:20184000DFF8B003C07801280FD1DFF8B003026A92B2DFF8A803016989B2DFF8A00300687A
:2018600080B2FCF759F8834612E0E248C07802280ED1DFF8A404026A92B2DFF89C040169BC
:2018800089B2DFF89404006880B2FCF745F8834613980190CDF8009043463A0029005846F0
:2018A00080B2FFF7BCFC208802280CD1DFF8B8060068400307D4D8F8000030EA0900C8F8CB
:2018C000000000203860208803282BD1D8F8000010EA090F26D0C84800682988884204D3DF
:2018E000DFF8DC07007840071CD4C34800692988884204D3DFF8C8070078400612D4BE4869
:20190000006A2988884204D3DFF8B4070068400508D4D8F8000030EA0900C8F8000000201D
:20192000386035E03088052806DA2888032803DA0520ADF8080002E03088ADF808003868C4
:20194000BDF80810884213D3D8F8000010EA090F0ED0DFF8300A00685AEA0000DFF8241A78
:20196000086007F055F8DFF82C1D2800FFF73AFB386800280CD1D8F8000010EA090F07D1E9
:20198000DFF8000A006830EA0A00DFF8F819086005B0BDE8F08F2DE9F64F87B004001D00FE
:2019A000139E149FDDF85480079800785A2803D108980088002810D10020306000207060DC
:2019C000386830EA08003860DFF8B809006816998843DFF8B019086009E12888F3214843F2
:2019E000000AADF80C002000BDF80C1080B2884214D2386810EA080F00F0EA807068052849
:201A000008D30020706000203060386830EA08003860DDE07068401C7060D9E020002988A6
:201A200080B28842C0F0D480386810EA080F05D100203060386858EA0000386017980480C2
:201A4000012001900898008802281BD112980088824647F23150824502D347F230508246C5
:201A60004FF4586000FB0AFAA4B220022988B0FBF1F08146B9F580793068019901FB090012
:201A800030608BE008980088012864D11298008882464EF66120824502D34EF660208246DE
:201AA00042F2D73000FB0AFAA4B2A0022988B0FBF1F08146012083460FFA8BFBBBF10E0FAE
:201AC0000ADADFF8D40B0FFA8BFB50F82B00484502DA1BF1010BEFE7DFF8BC0B0FFA8BFBE6
:201AE00050F82B000290DFF8B40B0FFA8BFB50F82B0005900298B9EB00004FF480414843E7
:201B0000029990FBF1F08000009000988010009989104843001304900098C01040F21F5118
:201B2000484310F100500499C91040F2822202FB110081465FEA6939059800FB09F95FEADA
:201B4000693909F17F4919F57F093068019901FB0900306022E00898008803281ED11298D6
:201B60000088824642F21170824502D342F2107082464FF4A04000FB0AFAA4B220022988FD
:201B8000B0FBF1F0814609FB09F05FEA2029B9F580793068019901FB0900306030685045C8
:201BA00016D3386810EA080F12D0DFF8D807006816990843DFF8CC17086006F029FF9DF8BC
:201BC0006000002804D1DFF8CC1A2800FFF70AFA306800280BD1386810EA080F07D1DFF8CD
:201BE000A407006816998843DFF89817086009B0BDE8F08F506C0020AC6100205C620020A6
:201C00002DE9F34F83B015001E000F9FDDF84080DDF84890DDF84CA0DDF850B0159C049833
:201C200000785A2802D12888002810D1D8F8000030EA0900C8F80000DFF84807006830EAC3
:201C40000A00DFF8401708600020386060E0D8F8000010EA090F15D1C348006811990842BD
:201C600010D1D8F8000030EA0900C8F80000DFF81407006830EA0A00DFF8081708600020D4
:201C8000386045E0CDF804B0CDF8009043463A003100BDF80C00FFF7C2FA288802280BD19C
:201CA000B1480068400307D4D8F8000030EA0900C8F800000020386038680E990988884298
:201CC00016D3D8F8000010EA090F11D0DFF8B40600685AEA0000DFF8AC16086006F098FE8E
:201CE000E4B2002C04D1DFF8AC193000FFF77AF9386800280CD1D8F8000010EA090F07D1B9
:201D0000DFF88006006830EA0A00DFF87816086005B0BDE8F08F00002C600020EE6D00200D
:201D20002DE9FB4F84B01400109D119E129FDDF84C80DDF85090DDF854A0DDF858B0059855
:201D400000785A2802D12088002816D1386830EA08003860DFF89C0C006830EA0A00DFF8C3
:201D6000941C0860DFF81C06006830EA0900DFF814160860002030605CE0CDF804B0CDF834
:201D800000803B0032000699BDF81000FFF747FA2088012828D128880A2148430290306861
:201DA0000299884211D3386810EA080F0DD0DFF8D405006859EA0000DFF8C81508600020B5
:201DC000DFF8D018087006F023FE306800280BD1386810EA080F07D1DFF8A805006830EA8A
:201DE0000900DFF8A01508602088022822D128880A21484302903068029988420BD33868AE
:201E000010EA080F07D0DFF8EC0B00685AEA0000DFF8E01B0860306800280BD1386810EAF0
:201E2000080F07D1DFF8CC0B006830EA0A00DFF8C41B086007B0BDE8F08F0000006E0020F2
:201E40002DE9F34F83B014001D000E9E0F9FDDF84080DDF84490DDF848A0DDF84CB0049804
:201E600000785A2802D12088002818D1D8F8000030EA0900C8F80000DFF8780B006830EA4D
:201E80000B00DFF8701B0860DFF8F804006830EA0A00DFF8F01408600020386061E0149826
:201EA0000190CDF8009043463A002900BDF80C00FFF7B5F93088052806DA2888032803DA6E
:201EC0000520ADF8080002E03088ADF808002088012822D13868318888420ED3D8F8000051
:201EE00010EA090F09D0DFF89C0400685AEA0000DFF89014086006F08BFD386800280CD1CE
:201F0000D8F8000010EA090F07D1DFF87804006830EA0A00DFF86C1408602088022820D1A6
:201F20003868318888420CD3D8F8000010EA090F07D0DFF8C00A00685BEA0000DFF8B41AF3
:201F40000860386800280CD1D8F8000010EA090F07D1DFF8A00A006830EA0B00DFF8941A27
:201F6000086005B0BDE8F08F8C6C00202DE9FB4F82B014000E9D0F9E109FDDF84480DDF8ED
:201F80004890DDF84CA0DDF850B0039800785A2802D12088002816D100203060DFF8E40346
:201FA000006830EA0900DFF8DC130860DFF8440A006830EA0A00DFF83C1A0860386830EA68
:201FC0000800386068E0DFF8140C0068C00116D400203060DFF8AC03006830EA0900DFF877
:201FE000A4130860DFF80C0A006830EA0A00DFF8041A0860386830EA080038604CE0CDF8A1
:2020000004B0CDF800803B0032000499BDF80800FFF705F9208801281CD13068298888423B
:202020000BD3386810EA080F07D0D648006859EA0000D449086006F0EBFC3068002809D175
:20204000386810EA080F05D1CE48006830EA0900CC490860208802281ED130682988884207
:202060000BD3386810EA080F07D0DFF8880900685AEA0000DFF87C190860306800280BD176
:20208000386810EA080F07D1DFF86809006830EA0A00DFF86019086005B0BDE8F08F000052
:2020A000E05600207C6E0020286A0020386A0020486A00201C6200202C6200203C62002070
:2020C000846C0020486E00204A6E0020BC6100204C6E0020CC6100202DE9F24F82B0040051
:2020E00015001E000D9FDDF83880DDF83C90DDF840A0DDF844B0029800785A2802D128883E
:20210000002816D1002038609E48006830EA0A009C490860DFF8DC08006830EA0B00DFF81A
:20212000D4180860D8F8000030EA0900C8F8000024E1DFF8A80A0068DFF8A41A0840B0F124
:20214000807F16D0002038608E48006830EA0A008C490860DFF89C08006830EA0B00DFF864
:2021600094180860D8F8000030EA0900C8F8000004E130884FF486714843000AADF8000087
:202180002000BDF8001080B2884216D3002038607C48006830EA0A007A490860DFF854080F
:2021A000006830EA0B00DFF84C180860D8F8000030EA0900C8F80000E0E040F2DC50ADF879
:2021C00002003088DFF81C1A096F884224D33088DFF8101AD1F8801088421DD33088DFF8A4
:2021E000041AD1F89010884216D312980480D8F8000010EA090F3AD13868002808D0D8F81A
:20220000000059EA0000C8F80000012038602EE03868401C38602AE0BDF80000DFF8C419ED
:20222000096F88420FD3BDF80000DFF8B819D1F88010884207D3BDF80000DFF8A819D1F80A
:202240009010884208D2D8F8000030EA0900C8F80000002038600AE0D8F8000010EA090F03
:2022600005D13868002802D0386840083860D8F8000010EA090F02D03868401C38609DF891
:202280004C00012813D12000BDF8021080B2884204D3DFF848090068000425D500203860E5
:2022A000D8F8000030EA0900C8F8000066E02000BDF8021080B2884208D2DFF82009006800
:2022C00010F42040B0F5005F05D10DE0DFF80C090068000408D500203860D8F8000030EAFC
:2022E0000900C8F8000049E02888012821D138680C99098888420ED3D8F8000010EA090FBE
:2023000009D0204800685AEA00001E4908601298048006F07DFB386800280AD1D8F80000F2
:2023200010EA090F05D11748006830EA0A00154908602888022821D138680C990988884298
:202340000CD3D8F8000010EA090F07D0DFF8A40600685BEA0000DFF89C16086038680028FE
:202360000CD1D8F8000010EA090F07D1DFF88406006830EA0B00DFF87C160860BDE8F78FDC
:20238000BBFBFFFF346D00202DE9F24F82B0040015001E000D9FDDF83880DDF83C90DDF859
:2023A00040A0DDF844B0029800785A2802D12888002818D100203860DFF83C06006830EAF9
:2023C0000A00DFF834160860DFF82806006830EA0B00DFF820160860D8F8000030EA090070
:2023E000C8F8000054E1DFF8F4070068DFF8F0170840B0F1807F18D000203860DFF8F80574
:20240000006830EA0A00DFF8F0150860DFF8E405006830EA0B00DFF8DC150860D8F800009F
:2024200030EA0900C8F8000032E130884FF486714843000AADF800002000BDF8001080B263
:20244000884218D300203860DFF8AC05006830EA0A00DFF8A4150860DFF89805006830EA0D
:202460000B00DFF890150860D8F8000030EA0900C8F800000CE140F2DC50ADF80200308810
:20248000DFF86017096F884224D33088DFF85417D1F8801088421DD33088DFF84817D1F8F1
:2024A0009010884216D313980480D8F8000010EA090F3AD13868002808D0D8F8000059EAFA
:2024C0000000C8F80000012038602EE03868401C38602AE0BDF80000DFF80817096F8842EA
:2024E0000FD3BDF80000DFF8FC16D1F88010884207D3BDF80000DFF8EC16D1F8901088429E
:2025000008D2D8F8000030EA0900C8F80000002038600AE0D8F8000010EA090F05D1386834
:20252000002802D0386840083860D8F8000010EA090F02D03868401C38602888032813D01B
:202540002000BDF8021080B2884204D3DFF88C060068000425D500203860D8F8000030EA50
:202560000900C8F8000093E02000BDF8021080B2884208D2DFF86406006810F42040B0F5B0
:20258000005F05D10DE0DFF854060068000408D500203860D8F8000030EA0900C8F8000034
:2025A00076E02888012825D138680C990988884210D3D8F8000010EA090F0BD0DFF83804A3
:2025C00000685AEA0000DFF8301408601398048006F01EFA386800280CD1D8F8000010EA20
:2025E000090F07D1DFF81004006830EA0A00DFF8081408602888022821D138680C99098877
:2026000088420CD3D8F8000010EA090F07D0DFF8E40300685BEA0000DFF8D8130860386823
:2026200000280CD1D8F8000010EA090F07D1DFF8C403006830EA0B00DFF8B81308602888F6
:20264000032825D138680C990988884210D3D8F8000010EA090F0BD0DFF89C030068129990
:202660000843DFF8941308601398048006F0D0F9386800280CD1D8F8000010EA090F07D1DC
:20268000DFF87403006830EA0A00DFF86C130860BDE8F78F696E0020406602087C660208E4
:2026A0002DE9F74F04001D000F9E109FDDF84480DDF84890DDF84CA0DDF850B00298007853
:2026C0005A2802D12888002814D100203060CA48006830EA0900C8490860DFF814070068C8
:2026E00030EA0A00DFF808170860386830EA08003860A8E00C98008840F201114843000A71
:20270000ADF800000D980088BDF80410884203D2A4B2B4F57A6F14DC00203060B648006891
:2027200030EA0900B4490860DFF8C406006830EA0A00DFF8BC160860386830EA0800386079
:2027400081E00C980088210089B2884217D3A4B2B4F57A6F13DBABF80040386810EA080F72
:2027600024D13068002806D0386858EA00003860012030601AE03068401C306016E0BDF87A
:202780000000210089B2884206D2386830EA080038600020306009E0386810EA080F05D1C1
:2027A0003068002802D0306840083060386810EA080F02D03068401C3060288801281FD147
:2027C00030680E99098888420DD3386810EA080F09D08948006859EA000087490860ABF89E
:2027E000004006F015F93068002809D1386810EA080F05D18048006830EA09007E490860F2
:20280000288802281FD130680E99098888420BD3386810EA080F07D0DFF8D40500685AEA92
:202820000000DFF8CC150860306800280BD1386810EA080F07D1DFF8B805006830EA0A0033
:20284000DFF8AC150860BDE8F78F2DE9F34F81B014009B460C9D0D9E0E9FDDF83C80DDF868
:202860004090DDF844A0029800785A2802D12088002814D100202880386830EA0800386091
:202880005D48006830EA09005B490860DFF86005006830EA0A00DFF85815086066E0DFF86B
:2028A000540500780121BDF80420914008420CD02888062805DB386858EA000038600020FD
:2028C00030802888401C28801FE000202880386810EA080F18D03088401C3080308806288A
:2028E00013DB386830EA080038604348006830EA090041490860DFF8F804006830EA0A0029
:20290000DFF8EC14086000E030E03B48006810EA090F2BD12088012812D12888BBF8001068
:2029200088420DD3386810EA080F09D03248006859EA00003049086006F06AF8002028803D
:202940002088022812D12888BBF8001088420DD3386810EA080F09D0DFF8940400685AEA00
:202960000000DFF88C14086000202880BDE8F78F30B4DFF87C4424681C4218D0DFF87444A9
:20298000247805002C4202D000240C602FE00C68641C0C600C68062C29D300240C60DFF84E
:2029A000504424689C43DFF848542C601FE0DFF84444247805002C4210D00C68641C0C606C
:2029C0000C6892B2944212D300240C60DFF8204424681C43DFF818542C6008E000240C6087
:2029E000DFF80C4424689C43DFF804542C6030BC70470000386D0020346D00202DE9F14F0B
:202A000081B00B980C9C0D9D0E9E0F9FDDF840E0DDF844808946CC4693461FFA8CFC1FFA34
:202A20008BFBDC4502D2CA46914600E09246CC469B461FFA8CFC1FFA8BFBDC4504D2ADF8AD
:202A400000A0CA4699460DE0D4469B461FFA8CFC1FFA8BFBDC4502D3ADF8003002E0ADF86D
:202A600000A09A461FFA89F91FFA8AFAB9EB0A0CBCF5E16F11DC1FFA89F9BDF800C0B9EB42
:202A80000C0CBCF5E16F08DC1FFA8AFABDF800C0BAEB0C0CBCF5E16F0CDDD4F800C03CEACE
:202AA000070CC4F800C0D4F800C056EA0C0CC4F800C005E0D4F800C03CEA060CC4F800C002
:202AC0001FFA89F9B9F5E16F11DAD4F800C01CEA080F0CD1D4F800C057EA0C0CC4F800C08B
:202AE000D4F800C03CEA060CC4F800C005E0D4F800C03CEA070CC4F800C0DDF804C0BCF823
:202B000000C0BCF1000F0ED15FF0000CC0F800C0DFF8DCC2DCF800C03CEA0E0CDFF8D0B2E5
:202B2000CBF800C058E0D4F800C017EB060B1CEA0B0F24D0D4F800C01CEA050F4CD1D0F89C
:202B400000C01CF1010CC0F800C0D0F800C0BCF57A7F41D95FF0000CC0F800C0D4F800C078
:202B600055EA0C0CC4F800C0DFF884C2DCF800C05EEA0C0CDFF878B2CBF800C02CE0D4F815
:202B800000C01CEA050F23D0D0F800C01CF1010CC0F800C0D0F800C0BCF1650F1CD35FF067
:202BA000000CC0F800C0D4F800C016EB050B17EB0B0B3CEA0B0CC4F800C0DFF834C2DCF882
:202BC00000C03CEA0E0CDFF828B2CBF800C003E05FF0000CC0F800C0BDE8F38F8C6C0020CC
:202BE00000800001AC610020F0B4049C059DDFF88C69367836062DD4DFF8806936685718BD
:202C00003E4209D0DFF8746936680E4217D0DFF86C693668164212D01E68A4B2A6420AD3AD
:202C200000261E60DFF85469366856F08006DFF84C793E6035E01E68761C1E6031E0DFF825
:202C40003C69366836F08006DFF830793E6000261E6026E0DFF8246936680E4204D1DFF8BF
:202C60001C693668164209D1DFF8106936680E4215D0DFF808693668164210D11E68761CA5
:202C80001E601E68322E0CD300261E60DFF8EC68366836F08006DFF8E4783E6001E0002600
:202CA0001E600688002E10D0DFF8D0683678360605D54F4E36682E434D4F3E600AE04C4EBD
:202CC0003668AE434A4F3E6004E0494E3668AE43474F3E60F0BC7047F0B4049C059D069E03
:202CE000434F3F68274219D12F68074213D02F68374210D117687F1C176017689BB29F4256
:202D000024D3002717603A4F3F682743DFF8E0C0CCF800701AE00027176017E02F6807426A
:202D200005D02F68374202D1002717600EE017687F1C17601768322F08D3002717602C4FEA
:202D40003F68A743DFF8A8C0CCF80070F0BC704770B4039CDFF824582D786D0623D5DFF80F
:202D60001C582D6805420CD0DFF810582D680D4207D1DFF808582D68AD0402D500251D6036
:202D800034E01D686D1C1D601D68A4B2A5422DD300251D60DFF8E4572D6835F04005DFF848
:202DA000DC67356022E0DFF8D4572D6805421BD0DFF8C8572D680D4216D1DFF8C0572D682C
:202DC000AD0411D51D686D1C1D601D68A4B2A5420CD300251D60DFF8A4572D6855F040059D
:202DE000DFF89867356001E000251D6070BC7047386D0020606C0020F0B4049C059D069EC7
:202E00002F68374215D189B288420FDA1F88A4461FFA8CFC674505D300271F802F68374341
:202E20002F601BE01F887F1C1F8017E000271F8014E092B282420FDA1F88A4461FFA8CFC53
:202E4000674505D300271F802F68B7432F6005E01F887F1C1F8001E000271F80F0BC704738
:202E60007FB5DFF81C07B0F900000400DFF814070079002800F091800022210089B2DFF88E
:202E80000807F9F7CFFFDFF8041708600122210089B2DFF8FC06F9F7C5FFDFF8F01648607A
:202EA0000222210089B2DFF8EC06F9F7BBFFDFF8DC1688600322210089B2DFF8DC06F9F744
:202EC000B1FFDFF8C816C8600422210089B2DFF8CC06F9F7A7FFDFF8B41608610522210052
:202EE00089B2DFF8BC06F9F79DFFDFF8A016486100200190200000B200900423DFF89C2669
:202F00000321DFF89406F9F7F6FFDFF88016886100200190200000B200900523DFF8802629
:202F20000421DFF87806F9F7E6FFDFF86016C86100200190200000B200900323DFF858263E
:202F40000521DFF85C06F9F7D6FFDFF84016086202AA03A9200000B2FAF732F8039840F2A4
:202F6000F231484302992D2202FB11004FF47A7190FBF1F0DFF81416486203982D21029AE1
:202F800040F2F2335A4301FB00204FF47A7190FBF1F0DFF8F8158862D3E00022210089B288
:202FA000DFF80006F9F73EFF01F020FBDFF8F825DFF8F83505F090FE01F0F8FBDFF8CC15E4
:202FC00008600222210089B2DFF8E405F9F72AFF01F00CFBDFF8D025DFF8D03505F07CFE21
:202FE00001F0E4FBDFF8A41588600322210089B2DFF8A405F9F716FF01F0F8FADFF8B425F0
:20300000DFF8B43505F068FE01F0D0FBDFF87C15C8600422210089B2DFF88005F9F702FF7A
:2030200001F0E4FADFF88C25DFF88C3505F054FE01F0BCFBDFF8541508610522210089B286
:20304000DFF85C05F9F7EEFE01F0D0FADFF86425DFF8643505F040FE01F0A8FBDFF82C15F2
:20306000486101200190200000B200900223DFF840250021DFF82C05F9F73DFF01F0B6FA3C
:20308000DFF82425DFF8243505F026FE01F08EFBDFF8F814486000200190200000B20090AF
:2030A0000423DFF8F8240321DFF8EC04F9F723FF01F09CFADFF8FC24DFF8FC3405F00CFE75
:2030C00001F074FBDFF8C414886100200190200000B200900523DFF8C8240421DFF8BC043E
:2030E000F9F709FF01F082FADFF8C824DFF8C83405F0F2FD01F05AFBDFF89014C8610020E7
:203100000190200000B200900323DFF88C240521DFF88C04F9F7EFFE01F068FADFF89424C3
:20312000DFF8943405F0D8FD01F040FBDFF85C140862DFF88824DFF88814200000B2FAF790
:2031400008F80020060036B20B2E10DADFF83C0436B250F8260001F055FB032805DA002066
:20316000DFF8281436B241F82600761CEBE7DFF81C040068DFF84C14098B4843C011DFF834
:2031800048140860DFF804044068DFF83814498B4843C011DFF830144860DFF8F00380681C
:2031A000DFF82014898B4843C011DFF81C148860DFF8D803C068DFF80C14098C4843401262
:2031C000DFF80414C860DFF8C4030069DFF8F413498C48434012DFF8F0130861DFF8AC0378
:2031E0004069DFF8E013898C48434012DFF8D8134861DFF898038069DFF8C813C98C484312
:203200004012DFF8C4138861DFF88003C069DFF8B413098D48434012DFF8AC13C861DFF89B
:203220006C03006ADFF89C13498D48434012DFF898130862DFF854030068DFF89013098BEC
:203240004843C011DFF88813DFF88823127841F82200DFF838034068DFF87013498B4843C6
:20326000C011DFF86C13DFF86C23127801EB82010861DFF818038068DFF85013898B4843AC
:20328000C011DFF84C13DFF84C23127801EB82010862BE48C068DFF83413098C48434012C0
:2032A000DFF82C13DFF82C23127801EB82010863B6480069C549498C48434012C449C54A2B
:2032C000127801EB82010864B0484069BF49898C48434012BE49BF4A127801EB8201086578
:2032E000AA488069B949C98C48434012B849B94A127801EB82010866A448C069B349098DAD
:2033000048434012B249B34A127801EB820108679E48006AAD49498D48434012AC49AD4A8B
:20332000127801EB8201C1F880009848406A03900398A94908609548806A02900298A74966
:2033400008600398A149B1F92E10484302999F4AB2F9302002FB11004FF47A7190FBF1F0E6
:203360009B499C4A127801EB8201C1F8900003989649B1F93010029A944BB3F92E305A43BB
:2033800001FB00204FF47A7190FBF1F09049914A127801EB8201C1F8A00003988949B1F95A
:2033A0002E1048430299874AB2F9302002FB11004FF47A7190FBF1F083494862039881495A
:2033C000B1F93010029A7F4BB3F92E305A4301FB00204FF47A7190FBF1F07B4988627D48CD
:2033E0000078401C7B4908707A480078042802DB002078490870764800687549496808186C
:203400007349896808187249C96808188010744908606F4800696E49496908186C498969CE
:2034200008186B49C969081880106D4948606848006A6749496A08186549896A081864496D
:20344000C96A08188010664988606148006B6049496B08185E49896B08185D49C96B0818AC
:2034600080105F49C8605A48006C5949496C08185749896C08185649C96C0818801058498D
:2034800008615348006D5249496D08185049896D08184F49C96D08188010514948614C4846
:2034A000006E4B49496E08184949896E08184849C96E081880104A4988614548006F44490D
:2034C000496F08184249896F08184149C96F081880104349C8613E48D0F880003C49D1F82E
:2034E000841008183A49D1F8881008183849D1F88C10081880103A4908623548D0F89000BC
:203500003349D1F8941008183149D1F8981008182F49D1F89C1008188010314948622C4862
:20352000D0F8A0002A49D1F8A41008182849D1F8A81008182649D1F8AC10081880102849EC
:2035400088622748816A2648406AFAF7D3F82449496A42F21072514391FBF0F00500280050
:2035600001F050F942F21071884202DB42F2107005001B48C5621448C5627FBD8C6C00209B
:20358000EE6D0020506C002080250020046800208027002080290020801F00208021002073
:2035A00080230020801B0020D7A3703D0A572040801D002054E3A59BC420F03F2C680020AA
:2035C00028680020C0690020146900208C690020EC5E00207D6E0020506D0020546D00200D
:2035E000F469002013F0004C03D55B42524263F100039CEA210C00F0178010B5644603D320
:203600004942404261F1000100F00EF8640004D34942404261F10001244203D55B4252424A
:2036200063F1000310BD00001B4213D1094236D12AB18446B0FBF2F002FB10C2704705F026
:2036400077BCFCD30022002370470B000200002100207047904271EB030CF6D370B5B1FA91
:2036600081F4B3FA83F52C1BA340C4F1200532FA05F63343A2405FF00046E64002E05B082D
:203680005FEA3202841A71EB030524BF204629467641F4D302000B003000002170BD012ABF
:2036A000CFD970B5140C20D0B1FA81F4B2FA82F5C4F120046419B4F12006D6D3B2405FF0DF
:2036C0000044F440002502E052085FEA3303C61A71EB020E24BF3046714664416D41F3D31D
:2036E00002000B002000290070BD0C46B1FBF2F102FB11452D0445EA1045B5FBF2F402FBCB
:20370000145580B240EA0545B5FBF2F002FB105240EA044070BD0B0C00B587B04FF48050F8
:20372000ADF8000010208DF8030002208DF802006946DFF8C40300F0D4FA4FF48051DFF88D
:20374000B80300F07CFB4FF46040ADF8000002208DF8020018208DF803006946DFF8980335
:2037600000F0BFFA0020ADF804004FF48270ADF806000020ADF808000020ADF80A0000203B
:20378000ADF80C004FF40070ADF80E000020ADF810000020ADF812000720ADF8140001A9DC
:2037A000DFF8580305F0C6FB0121DFF8500305F0F0FB07B000BD10B504000221DFF83C037F
:2037C00005F0F9FB0028F8D0E4B2210089B2DFF82C0305F0ECFB0121DFF8200305F0EBFB45
:2037E0000028F8D0DFF8140305F0E3FBC0B210BD70B504000D0016004FF48050DFF8001390
:2038000008600B20FFF7D7FF280CC0B2FFF7D3FF280AC0B2FFF7CFFF2800C0B2FFF7CBFF19
:20382000A520FFF7C8FF3000461E80B2002805D0A520FFF7C0FF2070641CF4E74FF48050CB
:20384000B049086070BD80B54FF48050AC4908600620FFF7B0FF4FF48050AA4908604FF4B9
:203860008050A7490860C720FFF7A5FF4FF48050A449086000F07EF8002002BD10B5040029
:203880004FF480509E4908600620FFF794FF4FF480509C4908604FF480509949086020201A
:2038A000FFF789FF200CC0B2FFF785FF200AC0B2FFF781FF2000C0B2FFF77DFF4FF4805049
:2038C0009049086000F056F8002010BD10B50400F9F729F84FF48050894908600620FFF739
:2038E0006AFF4FF48050874908604FF48050844908605220FFF75FFF200CC0B2FFF75BFF18
:20390000200AC0B2FFF757FF2000C0B2FFF753FF4FF480507B49086000F02CF8002010BDA5
:2039200010B50400F8F7FFFF4FF48050744908600620FFF740FF4FF48050724908604FF4C5
:2039400080506F490860D820FFF735FF200CC0B2FFF731FF200AC0B2FFF72DFF2000C0B241
:20396000FFF729FF4FF480506649086000F002F8002010BD80B500208DF800004FF480503B
:203980005F4908600520FFF716FFA520FFF713FF8DF80000F8F7C7FF9DF80000C007F4D4BC
:2039A0004FF480505749086001BD2DE9F04704000D00160000208146280642D0D5F58070D9
:2039C00000F0FF0080463000414680B289B2884203D2B2460120814600E0C2464FF4805094
:2039E000474908600620FFF7E6FE4FF4805045490860F8F798FF4FF4805041490860022019
:203A0000FFF7D9FE280CC0B2FFF7D5FE280AC0B2FFF7D1FE2800C0B2FFF7CDFE5046B0F16F
:203A2000010A80B2002806D02078FFF7C4FE641C761E6D1CF2E74FF4805032490860FFF799
:203A400099FF1FFA89F9B9F1000F52D1300080B2000A8046300601D018F1010800200700E5
:203A60003800414680B289B2884242D2280502D12800FFF703FFB6B2B6F5807F03DD4FF4E7
:203A80008070824600E0B2464FF480501C4908600620FFF790FE4FF480501A490860F8F73F
:203AA00042FF4FF48050164908600220FFF783FE280CC0B2FFF77FFE280AC0B2FFF77BFE26
:203AC0002800C0B2FFF777FE5046B0F1010A80B2002806D02078FFF76EFE641C761E6D1CD8
:203AE000F2E74FF4805007490860FFF743FF7F1CB6E7BDE8F0870000000C014000380040D1
:203B0000140C0140100C01402DE9F84304000D00002600275FF00008B4F5006F02D2B5F54B
:203B2000006F01D300204FE0A54203D2601B0700A84602E0281B0700A046AC420BD14FF4A8
:203B4000805000FB08F006003000FFF797FE81464846C0B238E040F2FF70874205D3FFF7CA
:203B600072FE81464846C0B22EE0102F0CD34FF4805000FB08F006003000FFF7D1FE81461A
:203B8000103F18F11008F0E7082F0CD34FF4805000FB08F006003000FFF798FE8146083FF2
:203BA00018F10808F0E7002F0CD04FF4805000FB08F006003000FFF761FE81467F1E18F10C
:203BC0000108F0E74846C0B2BDE8F28310B5C2B00400200501D001203EE02000FFF74EFE19
:203BE000002000900098FF2807D80098009901AA11540098401C0090F4E74FF48072210081
:203C000001A8FFF7D2FE002000900098FF2807D8002001A9009A88540098401C0090F4E748
:203C20004FF48072210001A8FFF7E2FD002000900098FF2809D8009801A9085C0099884257
:203C400003D10098401C0090F2E70098B0F5807F01D1002000E0012042B010BD10B504007C
:203C6000DFF81C06844208D10121042002F008FA0021042002F004FA32E0DFF80806844280
:203C800008D10121082002F0FBF90021082002F0F7F925E0DFF8F005844208D1012110202E
:203CA00002F0EEF90021102002F0EAF918E0DFF8DC05844208D10121202002F0E1F9002167
:203CC000202002F0DDF90BE0DFF8C405844207D10121402002F0D4F90021402002F0D0F936
:203CE00010BDF0B500270022002300240025002691F803C01CF00F0C674691F803C05FEAC2
:203D0000CC6C03D591F902C05CEA070791F800C05FEA0C6C3AD0D0F800C065465FF0000C51
:203D20006346082B31D25FF0010C1CFA03FC6446B1F800C014EA0C0C6246A24223D15FEA41
:203D4000830C64465FF00F0C1CFA04FC6646B54317FA04FC5CEA050591F903C0BCF1280F74
:203D600006D15FF0010C1CFA03FCC0F814C00AE091F903C0BCF1480F05D15FF0010C1CFAEC
:203D800003FCC0F810C05B1CCBE70560B1F800C0BCF1FF0F3FDDD0F804C065465FF0000C3C
:203DA0006346082B36D25FF0010C13F1080E1CFA0EFC6446B1F800C014EA0C0C6246A242D4
:203DC00026D15FEA830C64465FF00F0C1CFA04FC6646B54317FA04FC5CEA050591F903C098
:203DE000BCF1280F07D15FF0010C13F1080E1CFA0EFCC0F814C091F903C0BCF1480F07D1BC
:203E00005FF0010C13F1080E1CFA0EFCC0F810C05B1CC6E74560F0BD02000020936889B2B6
:203E20000B4202D00123180001E000231800C0B27047806880B27047C06880B2704789B2C5
:203E40000161704789B24161704789B2C1607047F0B4B0F1004F40F29A800023002420F06B
:203E600000473E00F7093B0016F07F0637093C0016F00F06052B06D02700FFB2BF0016FAB3
:203E800007F73A0005E06708FFB2BF0016FA07F73A00002B08D0022B0ED009D3042B13D0E2
:203EA0000ED3052B14D017E0DFF8E8733D0013E0DFF8E4733D000FE0DFF8E0733D000BE008
:203EC000DFF8DC733D0007E0DFF8D8733D0003E0DFF8D4733D00FFE7002C0BD1052B04D108
:203EE0002F68BF08BF002F6049E02F683F093F012F6044E0012C0BD1052B04D12F6837F04F
:203F00000C072F603BE02F6837F0F0072F6036E0022C0BD1052B04D12F6837F030072F60F7
:203F20002DE02F6837F470672F6028E0032C0BD1052B04D12F6837F0C0072F601FE02F688A
:203F400037F470472F601AE0042C04D12F6837F470272F6013E0052C04D12F6837F47007D7
:203F60002F600CE0062C04D12F6837F070672F6005E0072C03D12F6827F070472F6049B2C0
:203F8000012940F07B812F683A432A6076E10200012A63D0022A53D0042A51D0082A4FD087
:203FA000102A7BD0302A00F08980402A00F09680C02A00F0A380B2F5807F00F0AF80B2F550
:203FC000007F00F0BB80B2F5407F00F0C780B2F5006F00F0D380B2F5406F00F0DF80B2F5F5
:203FE000805F2DD0B2F5804F00F0E880B2F5C04F00F0F480B2F5004F22D0B2F5803F1FD0C0
:20400000B2F5003F1CD0B2F5802F19D0B2F5002F16D0B2F5801F13D0B2F5001F00F01E8155
:20402000B2F1807F00F0EA80B2F1007F00F0F680B2F1806F00F00281B2F1004F1ED01DE119
:204040009A4A12688243994B1A6049B2012904D1964A12680243954B1A600FE1934A1268A5
:20406000934B1A40914B1A6049B2012905D18F4A126852F001028D4B1A60FFE08B4A12689F
:204080008B4B1A40894B1A6049B2012905D1874A126852F00042854B1A60EFE0834A126878
:2040A00032F03002814B1A6049B2012905D17F4A126852F010027D4B1A60DFE07B4A126894
:2040C00032F03002794B1A6049B2012905D1774A126852F03002754B1A60CFE0734A126884
:2040E00032F0C002714B1A6049B2012905D16F4A126852F040026D4B1A60BFE06B4A1268F4
:2041000032F0C002694B1A6049B2012905D1674A126852F0C002654B1A60AFE0634A126883
:2041200032F44072614B1A6049B2012905D15F4A126852F480725D4B1A609FE05B4A12686B
:2041400032F44072594B1A6049B2012905D1574A126852F40072554B1A608FE0534A1268FB
:2041600032F44072514B1A6049B2012905D14F4A126852F440724D4B1A607FE04B4A1268CB
:2041800032F44062494B1A6049B2012905D1474A126852F40062454B1A606FE0434A12683B
:2041A00032F44062414B1A6049B2012905D13F4A126852F440623D4B1A605FE03B4A12680B
:2041C00032F4C042394B1A6049B2012905D1374A126852F48042354B1A604FE0334A12689B
:2041E00032F4C042314B1A6049B2012905D12F4A126852F4C0422D4B1A603FE02B4A12686B
:2042000032F0E062294B1A6049B2012905D1274A126852F08072254B1A602FE0234A126852
:2042200032F0E062214B1A6049B2012905D11F4A126852F000721D4B1A601FE01B4A1268E2
:2042400032F0E062194B1A6049B2012905D1174A126852F08062154B1A600FE0134A126882
:2042600032F40012114B1A6049B2012905D10F4A126852F400120D4B1A60FFE7F0BC7047EF
:2042800000080140000C01400010014000140140001801402000014024000140280001405A
:2042A0002C000140300001403400014004000140FEFFFF7F80B20A4908607047C0B2094983
:2042C0000860704780B20849086070474AF6AA200349086070474CF6CC40014908607047F1
:2042E000003000400430004008300040002203881A00DFF80431984212D0DFF814319842DD
:204300000ED0B0F1804F0BD0DFF8F030984207D0DFF8EC30984203D0DFF8E830984204D18E
:204320004FF68F731A404B681A43DFF8DC30984208D0DFF8D830984204D04FF6FF431A40C9
:204340008B891A4302808B68C3620B880385DFF8A830984203D0DFF8B830984201D18B7B6A
:20436000038601238382704749B2002904D0028852F00102028004E002884FF6FE731A400D
:204380000280704752B2002A03D083890B43838102E083898B438381704749B2002904D016
:2043A000028852F08002028004E002884FF67F731A400280704789B2CA430282704730B48E
:2043C0000200002000230024158A0D402B0095890D402C009BB2002B05D0A4B2002C02D025
:2043E0000125280001E00025280040B230BC704789B2CA4302827047002C01400004004078
:2044000000080040000C004000100040001400400034014030B40023002244682300DFF820
:20442000AC4123400C6891F9045054EA05242343436084682300DFF898412340CC688D681F
:204440002C4391F9055054EA450423438360C46A230033F470030C7C641E2243D2B253EA23
:204460000253C36230BC704749B2002904D0826852F00102826003E08268520852008260BB
:204480007047816851F0080181607047010000208A68120702D50122100001E00022100051
:2044A00040B27047816851F0040181607047010000208A68520702D50122100001E0002213
:2044C000100040B27047002283681A0032F4E0420A4382607047F0B5002600240025C9B23F
:2044E0000A2919DBC7683E000727B1F10A0C5FF0030E1CFB0EFC17FA0CF73C00A643DBB2FB
:20450000B1F10A075FF0030C17FB0CF713FA07F73C002643C66013E007693E0007275FF081
:20452000030C11FB0CFC17FA0CF73C00A643DBB2032711FB07F713FA07F73C002643066147
:20454000876B3E00C6F301573D001F27D2B212F1030CBCEB050CBCF1010C5FF0050E1CFB16
:204560000EFC17FA0CF73C00A643C9B2D2B2D71C7F1B7F1E5FF0050C17FB0CF711FA07F751
:204580003C0026438663F0BD10B400220023846B220032F44012C9B24C1E230052EA0352B5
:2045A000826310BC704740B2002806D00949096851F40001074A116005E00649096831F40E
:2045C0000001044A1160704700000000FFFEF0FFFDF7F1FF08240140010040F10980F44632
:2045E000404200F005F851F000416047010000BF09D0B0FA80F18840C91CC1F58461090519
:2046000001EBD02140057047B0B581EA030C0CF0004C40F2FF7515EA11541DBF15EA13574B
:20462000AC42AF4239E0E41923EA455343F48013C90241F0004141EA505EC7021100A7FB84
:20464000020200284FF00000EEFB01204FF00001E3FB072118BF42F0010240180021494190
:20466000E3FB0E01A4F580640F0302D252004041494154F101046CDD470872F1004250F1C5
:20468000000051EB0451A1F580115CBF41EA0C01B0BD4CEA05510020B0BD05EA1357AC4242
:2046A00014BFAF4241E050EA410E1CBF52EA430E02E061460020B0BD24423C441BD15FEAF3
:2046C000070EF6D0090302BF01460020AEF1140EB1FA81F7AEEB070401FA07FE0C37C7F148
:2046E000200100FA07F7C8404EEA000E23EA455343F48013A2E733F00043B3FA83F704BF0B
:20470000B2FA82FE77440B3FE41BB7F1200E2FBF02FA0EF3BB40C7F1200E22FA0EFE38BFA8
:2047200043EA0E03BA40641C82E750EA410E14BF52EA430E6FF000014FF4001717EB430F61
:204740008ABF194617EB410FB5E74CEA05510020B0BDD4F10104B4F120070FDAC4F120074F
:20476000520828BF42F0010210FA07F501FA07F7E1BF2A43E0403843E1400FE0352C98DC37
:20478000C7F1200452EA400220FA07F218BF42F0010231FA07F0A1400A43002172F100428A
:2047A00050F1000051EB0C01B0BD0D0AF446400D40EAC120490006D200F014F8004248BFF3
:2047C0006FF00040604700F00DF84FF0004188428CBF084640426047400D40EAC1204900F1
:2047E00080F00D8040F00040490DA1F58061491C05D4D1F11F0154BFC840C01770474FF077
:2048000000007047002848BF404270470300002013F0030F09D0521E22BF13F8010B11F8F7
:2048200001CBB0EB0C00F3D07047121F22BF53F8040B51F804CB6045F7D0121D0AD200BAD6
:204840009CFA8CFCB0EB0C0038BF6FF0000088BF01207047521E22BF13F8010B11F801CBE1
:20486000B0EB0C00F6D0521C08BF104670470D1E2DE9F04F82460FF24860A5B015461E4684
:20488000D0E90023CDE91223002004910D900DF150086FF0004900E03D440020ADF80200D9
:2048A00012AB4FF0FF3229460DF1020004F08FFB0746012F04DA2878471EBF41FF43FF0F2E
:2048C000BDF8020025280CBFA7F1010BBB46BBF1010F0EDB2C4614F8011B0498D04700284A
:2048E000049000F0F3800D98401CBBF1010B0D90F1D1BDF80200252807D10020079008907E
:2049000009900A900B900C9005E00028C4D10D98DEE240F0010015F8011F2029F9D023296A
:204920000DD02B2904D02D2906D030290AD00CE040F0020080B2EEE740F00400FAE740F0A9
:204940000800F7E740F01000F4E72A290ED13168316051F8042B3160002A0F9204D55142BA
:2049600040F004000F9180B26D1C11E000210F9109E00F99494505D001EB810302EB430161
:2049800030390F916D1C2A78A2F130010A29F0D329782E2903D04FF0FF310E911DE015F846
:2049A000011F2A2907D1316831606D1C51F8042B31600E9211E000210E9109E00E99494581
:2049C00005D001EB810302EB430130390E916D1C2A78A2F130010A29F0D3ADF840000FF28E
:2049E000E840297804F004FB08B115F8010B8DF842009DF84200682802BF29786829622086
:204A000005D06C2804BF28786C2803D171208DF842006D1C14A8069015F8017BB7F12500D9
:204A20002AD01C3800F0DB80001F022840F2D780133800F0FC80093800F0D180801E00F044
:204A40006781401E00F03D81401E022840F2C780001F00F03681401F00F09280401E00F0EC
:204A6000E680401E35D0C01E0BD0801E00F0DF80C01E00F0DC806EE125208DF85000012013
:204A800073E19DF842006C283068306014D050F8044B306005940E9F002F04D52046FBF77E
:204AA000EFFC074606E03A460021204604F0ACFA00B1071B089759E150F8042B306002A9D9
:204AC000504600F03FFA002840F150814FF0FF30FEE131683160002251F8040B316000214A
:204AE000CDE9020114A80590DDE902019142069F08BF90424FF03C0C01D10E9AC2B100F06E
:204B00000F033033DBB23A2BA8BF2733ACF101020009BB54944640EA017009090022914239
:204B200008BF904204D0059A07EB0C039A42E6D307EB0C000590CCF13C010E980891814244
:204B400009DA401A0A904FF6EF71BDF840000840ADF840000AE1002840F108819DF8400015
:204B600000F01400102840F001810F98079A801A0A9A801A401A0128C0F2F8800A90F5E00B
:204B80009DF8420062281AD0682806D06A280CD06C281CD0712808D019E03068306050F89C
:204BA000041B30600D980880E0E03068306050F8042B30600D98C117C2E90001D6E03068B3
:204BC000306050F8041B30600D980870CEE03068306050F8041B30600D980860C6E0306819
:204BE000C01D20F007023260D2E9000108323260CDE90201002902D507982D210AE0BDF860
:204C00004000810702D507982B2103E0C00705D50798202108F80010401C079014A8079947
:204C200008440590394602A800F098FB9EE09DF842006C280DD0712818BF6A2809D13068AD
:204C4000C01D20F007023260D2E900010832326005E03168316051F8040B31600021CDE975
:204C600002019DF84200682803D1DDE9020180B20BE0622803D1DDE90201C0B205E07428F6
:204C800018BF7A2804D1DDE902010021CDE902019DF84000000732D5DDE902230020834270
:204CA00008BF82422BD047F02000782827D10798302108F80010401C411C079108F80070BE
:204CC0001DE09DF84200314600F005F9CDE90201DDE9022300218B4202DA07982D210AE056
:204CE000BDF84000810702D507982B2103E0C00705D50798202108F80010401C079014A852
:204D0000079908440590394602A800F0A1FA2DE09DF842006C2809D001200790306830602D
:204D200050F8041B30608DF850101FE03068306001AA50F8041B3060ADF804100020ADF850
:204D4000060002A94FF0FF300E90504600F0FAF800280BD5BAE625208DF8500001200790A4
:204D6000380003D088F80170022007900F980799401A0A99401A0899401A0B99401A099945
:204D8000401A0C99471A9DF84000400710D42020012F8DF800000BDB3C4601236A4602A9D7
:204DA000504600F005FE00287FF490AE641EF4D1DDF81CB0BBF1000F14AC0DD014F8011B29
:204DC0000498D047002804903FF480AE0D98401CBBF1010B0D90F1D130208DF800000A9C70
:204DE000012C0ADB01236A4602A9504600F0E0FD00287FF46BAE641EF4D1DDF820B0059C7E
:204E0000BBF1000F0DD014F8011B0498D047002804903FF45BAE0D98401CBBF1010B0D90D1
:204E2000F1D130208DF800000B9C012C0ADB01236A4602A9504600F0BBFD00287FF446AED6
:204E4000641EF4D105980899DDF824B04418BBF1000F0DD014F8011B0498D0470028049099
:204E60003FF434AE0D98401CBBF1010B0D90F1D130208DF800000C9C012C0ADB01236A46A2
:204E800002A9504600F094FD00287FF41FAE641EF4D19DF8400040077FF5FFAC2020012FF6
:204EA0008DF80000FFF6F9AC01236A4602A9504600F07EFD00287FF409AE7F1EF4D1ECE4CF
:204EC0000000000000000000686A6C747A4C000025B0BDE8F08F622826D068281DD06A28D2
:204EE00008D06C2827D0712804D0742823D07A280CD020E00868C01D20F007000860D0E950
:204F00000023083008601946104670470A680A6052F8040B0A60002170470A680A6052F8C5
:204F2000040B0A6000B20BE00A680A6052F8040B0A6040B204E00A680A6052F8040B0A6047
:204F4000C11770472DE9F44F0D4694B0D5F830A0BAF1000F804648BF6FF0004A04F080F899
:204F6000696B401801900FF67820D0E90023CDE9022395F83800400702D40198412805D265
:204F800040200DF110090190002609E004F06EF85FEA0009F8D14FF0FF3056E1AAEB040A3D
:204FA000BAF1010FC0F2CE801498018802AA0DF1010004F0B3F80028044600F1DE8014984A
:204FC000008810B9641E00F1D880A245C0F2BA80686901992218914280F0A2806E63404285
:204FE000296A401AA969401A696A401AE969401AA96A461A95F83800400710D42020012EAD
:205000008DF800000BDB374601236A462946404600F0CEFC002840F0B0807F1EF4D1D5F86E
:2050200014B0BBF1000F4F460DD017F8011BA868C0470028A86000F0A080E86A401CBBF1A3
:20504000010BE862F1D130208DF800002F6A012F0ADB01236A462946404600F0A9FC00282F
:2050600040F08B807F1EF4D1D5F818B0EF68BBF1000F0CD017F8011BA868C0470028A8609E
:205080007BD0E86A401CBBF1010BE862F2D130208DF800006F6A012F09DB01236A4629464D
:2050A000404600F085FC002867D17F1EF5D1E868A969D5F81CB04718BBF1000F0CD017F836
:2050C000011BA868C0470028A86056D0E86A401CBBF1010BE862F2D130208DF80000AF6AE6
:2050E000012F09DB01236A462946404600F060FC002842D17F1EF5D195F8380040070DD5FB
:205100002020012E8DF8000008DB01236A462946404600F04DFC80BB761EF6D100266E612B
:20512000224668690DF101014844FAF73BFC6869201868611498801C1490801E0088002876
:205140007FF42CAF686B6969401A296A401AA969401A696A401AE969401AA96AA0EB010A27
:2051600095F83800400710D4BAF1010F0DDB5446A8682021C047A86010B94FF0FF365DE028
:20518000E86A401C641EE862F2D16B694A462946404600F00DFC0028EFD12C6A012C0ADBF0
:2051A000A8683021C0470028A860E6D0E86A401C641EE862F4D1AB69EA682946404600F017
:2051C000F7FB0028D9D16C6A012C0ADBA8683021C0470028A860D0D0E86A401C641EE86271
:2051E000F4D1E868A969EB6942182946404600F0DFFB0028C1D1AC6A012C0ADBA8683021D8
:20520000C0470028A860B8D0E86A401C641EE862F4D195F8380040070ED5BAF1010F0BDB00
:20522000A8682021C0470028A860A6D0E86A401CBAF1010AE862F3D16E616E6304A88145EC
:205240001CBF484603F078FF304615B0BDE8F08F2DE9F343054608462F696F2808BF082415
:2052600005D041F02001782914BF0A2410243C26D5E90023642818BF69289046994606D16E
:2052800000218B4203DAD8F1000869EB49090020814508BF80450CD1286B50B9082C38D1A4
:2052A00095F83800000734D530203B2687F83B002FE0701E00900646404649462246E317BE
:2052C000FEF7B2F902F13000C0B23A2803DB9DF8041051390818B855494640462246E31782
:2052E000FEF7A2F9804689460020814508BF804503D0E868B9198842DBD3082C09D195F80F
:205300003800000705D5B85D302802D0761E3020B855B919E960C6F13C00296BA8618842CF
:2053200008DA081A28624FF6EF71288F08402887BDE8F38300290ED595F8381001F014018A
:20534000102908D1696B6A69891A2A6A891A0E1A012EA8BF2E62BDE8F38300002DE9F24FFA
:2053600004468EB0D4E90001CDE9020104AF9DF8380040F0200BBBF1610F0AD0206B0028AA
:2053800048BF062004D408BFBBF1670F01D1012020636168C1F30A5040F2FF7290421CD170
:2053A000080304BF2068002809D10320A0619DF8380061381A2835D30FF2386108E003201C
:2053C000A0619DF8380061381A2828D30FF21C61E0680322FAF7E6FABDE1012815DA204651
:2053E00003F0EAFE012810DB00250020BBF1610F1FD1E16830220A708A1CE2609DF8382083
:20540000612A0CBF782258220FE0626840F2FE3161F31E52451A62604FF0FF30E6E70FF2E7
:20542000C851D5E70FF2C851D2E74A706169891C616110B90026002584E1BBF1610F40F014
:205440009880206BD4E900AB00284CBF2126461CDDE902010022002303F0D0FE36B23ABFB5
:205460008BF00040CDE902A0CDE902AB06F101082D1FB8F1010F8DF810200DF1110736DBD5
:20548000DDE902010022002303F0D0FE2FD21C2102A803F0E3FEDDE90201FFF787F9A8F1A9
:2054A0000708B8F1010F814609DBFFF795F802460B46DDE9020103F05BFFCDE90201F81D79
:2054C000072105E009F00F0200F8012D4FEA2919B9F1010F01DB491EF4D5491E5CBF0022AA
:2054E00000F8012DF9D5C71DB8F1010FC8DA0DF11100391AB142B8BF0E4636B230000DF143
:2055000011072FD4884206DA04A9014449780829A8BF0F2100DA002104AA024400E0761EE8
:2055200012F80139401E8B42F9D00F2904D104A901444A78521C4A70002802D504AF761C06
:205540002D1D36B2701E0DD439180A783032D2B23A2A03DB9DF838303A3B9A18401E01F834
:205560000129F2D5206B002840F1EC80701E2063E8E0DDE902010022002303F03FFE3CBFD8
:2055800081F00041CDE902012DB247F2975068434B49DFF8309190FBF1F52DB2C5F1070AB3
:2055A000BAF1010F90461CDBDDE902675FEACA7007D542464B4630463946FFF725F8064668
:2055C0000F464046494642464B464FEA6A0AFFF71BF8BAF1000F80468946E7D1CDE902676C
:2055E00024E0CAF1000A0026374F14E05FEACA7007D542464B4630463946FFF705F8064696
:205600000F464046494642464B46FEF7FDFF4FEA6A0A80468946BAF1000FE7D1DDE9020199
:2056200032463B4603F058FBCDE90201BBF1660F216BDFF898900CBF05F10A000620461877
:20564000142EA8BF132630208DF810000DF11107012E3DDBDDE90201FFF7BEF807F10801B0
:2056600004220A23B0FBF3F303EB8307A0EB4700303001F8010C0A20B3FBF0F000EB80076C
:20568000A3EB47033033521E01F8023DE9D1083E012E01F10807DBDBDDE90201FFF79CF8EE
:2056A000FEF7A4FF02460B46DDE9020103F060FE00224B46FEF7A8FFCDE90201CAE700BF27
:2056C000A0860100000024400000F03F84D797410DF11100381A0DF1110702E0401E6D1E9B
:2056E0007F1C39783029F9D0BBF1660F08BF691C04D0BBF1650F0CBF01210021226B8E189A
:2057000036B2B042B8BF064636B231001AD4814204DA785C3528A8BF392000DA30207A1897
:20572000521E00E0761E12F80139491E8342F9D0392802D1785C401C7854002902D57F1E7F
:20574000761C6D1C2DB29DF83810009533B23A46204600F003F80FB0BDE8F08F2DE9F047F7
:2057600086B006468A4690461D4603F0DEFE012D406A376B90F8009002DA01250FF278289A
:205780004AF02000BDF93840662808BF641C12D0672878D114F1040F7BDBBC4279DA96F8A5
:2057A0003800641C000702D4BD42B8BF2F4624B23F1B48BF002724B2F068B169012C23DA99
:2057C0004A1C30234354012F03DA96F83800000703D5F06800F80290521CE742B8BF7C4219
:2057E00024B260427062E719AF42B261B8BF3D46F068B3692DB2F5612A4641461844FAF774
:20580000D1F8781BB062BCE022469542084416DA2A464146FAF7C6F8B1696918601B012F17
:20582000B161706203DA96F83800000705D5F06800F80190F069401CF061B762A1E04146F8
:20584000FAF7B0F8B06920182D1B012F03DA96F83810090703D5F16801F80090401CB061FC
:205860002DB2AF42B8BF3D46F068B3692DB22A4608EB04011844FAF795F8B0692818B0615F
:20588000781B70627DE0BAF1610F14D14FF0700A16E0BD4204DA96F83810090758BF2F4648
:2058A0007F1E48BF0027BAF1670F14BF4FF0450A4FF0650A04E0BAF1410F08BF4FF0500AAE
:2058C000B169F368481CB061012F18F8012B5A5403DA96F83810090717D5F168431CB36149
:2058E00001F80090012F10DB6D1E2DB2AF42B8BF3D46F0682DB22A4641461844FAF752F8EA
:20590000B0692818B061781B7062F068B1690144200081F800A004D42B20487001F10208F1
:2059200004E02D224A7001F102086442002502AF08E00A22684603F011FE019807F8010B9A
:205940006D1C009C21B20129F3DA022D06DA4AF02000652804BF302008F8010B4DB93020ED
:2059600008F8010B07E06D1E02A8405D303008F8010B012DF7DAF068B1690844A8EB0000A6
:20598000F06196F8380000F0140010280DD17069B1690818716A0818F1690818B16A081813
:2059A000716B8842BCBF081A306206B0BDE8F087F8B504460D4616461F46002077B116F8DF
:2059C000011BA868A047A86030B1E86A401CE86200207F1EF3D1F2BD4FF0FF30F2BD000086
:2059E00000000000000000006E616E004E414E00696E6600494E460030001E1E01684FF659
:205A0000FE72114001600021016000214160002181600021C160B049884206D1AF490968D9
:205A200051F00F01AD4A11606CE0AD49884206D1AA49096851F0F001A84A116062E0A9499D
:205A4000884206D1A549096851F47061A34A116058E0A549884206D1A049096851F47041BB
:205A60009E4A11604EE0A149884206D19B49096851F47021994A116044E09D49884206D1EA
:205A80009649096851F47001944A11603AE09949884206D19149096851F070618F4A11606D
:205AA00030E09549884206D19449096851F00F01924A116026E09249884206D18F490968A0
:205AC00051F0F0018D4A11601CE08E49884206D18A49096851F47061884A116012E08A4976
:205AE000884206D18549096851F47041834A116008E08649884205D18049096851F470212B
:205B00007E4A1160704710B4002203681A006FF30E128B680C6A23430C6923434C692343E3
:205B20008C692343CC6923434C6A23438C6A23431A430260CB6843600B6883604B68C36036
:205B400010BC7047D0F8A43033F08073C0F8A430D0F8A43053F08073C0F8A430C9B2012981
:205B60000CD1D0F8A0301B0A1B02C0F8A030D0F8A030D2B21343C0F8A03063E0C9B2022903
:205B80000DD1D0F8A03033F47F43C0F8A030D0F8A030D2B253EA0223C0F8A03052E0C9B26B
:205BA00003290DD1D0F8A03033F47F03C0F8A030D0F8A030D2B253EA0243C0F8A03041E0CB
:205BC000C9B204290DD1D0F8A03023F07F43C0F8A030D0F8A030D2B253EA0263C0F8A03004
:205BE00030E0C9B205290CD1D0F8A4301B0A1B02C0F8A430D0F8A430D2B21343C0F8A430A3
:205C000020E0C9B206290DD1D0F8A43033F47F43C0F8A430D0F8A430D2B253EA0223C0F8B1
:205C2000A4300FE0C9B207290CD1D0F8A43033F47F03C0F8A430D0F8A430D2B253EA0243A6
:205C4000C0F8A430704749B2002904D0026852F00102026004E002684FF6FE731A40026038
:205C60007047010000200022CB0003D5284B1B681A0002E0274B1B681A000A4202D0012344
:205C8000180001E00023180040B27047C10002D51A49086001E01149086070470100002049
:205CA0000022CB0003D51A4B1B681A0002E0194B1B681A000A4202D00123180001E00023DC
:205CC000180040B27047C10002D50C49086001E002490860704700000800024004000240D3
:205CE0001C0002403000024044000240580002406C000240800002400804024004040240AC
:205D00001C04024030040240440402405804024000040240000002402DE9F04786B0040074
:205D20000D00002600275FF000085FF000095FF0000AA8890028A246208A06004CF6FF705F
:205D40000640E88806432682A08906004EF6F3100640A88829890843698908430643A68106
:205D6000A08A06004FF6FF400640A8890643A682684600F0BBF82448824508D023488245F9
:205D800005D02348824502D02248824502D10398070001E002980700A089000408D51920BF
:205DA00000FB07F029684900B0FBF1F0804607E0192000FB07F029688900B0FBF1F0804647
:205DC0006420B8FBF0F0000106003009642101FB10808146A089000409D55FEAC900323015
:205DE0006421B0FBF1F010F00700064308E05FEA091032306421B0FBF1F010F00F0006432D
:205E0000268106B0BDE8F0870038014000600140006401400068014049B2002904D082899E
:205E200052F40052828104E082894DF6FF731A4082817047F0B4002300240025002689B29E
:205E400040F66A17B94206000F00FFB27F09FFB23B0089B211F01F073C000127A7403D006C
:205E6000012B01D10C3604E0022B01D1103600E0143652B2002A03D037682F43376002E004
:205E80003768AF433760F0BC704752B2002A03D0838A0B43838202E0838A8B43838270479D
:205EA0008088C005C00D70470200002089B2B1F5007F13880B4202D00123180001E0002315
:205EC000180040B2704710B40023002489B240F66A1291420A0092B2120A130001229A40BC
:205EE0001400A4B2E243028010BC704770B40021002200230024DFF8A8512D6815F00C05E5
:205F000029000D00002D04D0042D06D0082D08D03FE0DFF8905105603EE0DFF888510560C7
:205F20003AE0DFF87C512D68DFF87C6135402A00DFF86C512D6815F480352B0012F0C04F98
:205F400006D112F47015B5F5701F01D0022500E00125C2F38346520E12F030023243AA185F
:205F6000002B05D1DFF8445105FB02F505600FE0DFF82C512D68AD0305D5DFF8305105FB9E
:205F800002F5056004E0DFF81C5105FB02F5056002E0DFF810510560DFF804512D68C5F329
:205FA000021529003E4D2D682D0603D5DFF80041645C00E000240568E5404560384D2D6849
:205FC000C5F301252900364D2D686D0503D5DFF8E040645C00E000244568E5408560304D69
:205FE0002D68C5F3C12529002D4D2D68AD0402D52F4C645C00E000244568E540C560284D03
:206000002D68C5F381352900254D2D68ED0001D551F00401274D6D5C2C00C568B5FBF4F515
:20602000056170BC704749B2002905D0224A12680243214B1A6004E01F4A126882431E4B18
:206040001A60704749B2002905D01C4A126802431A4B1A6004E0194A12688243174B1A60B0
:20606000704749B2002905D0154A12680243144B1A6004E0124A12688243114B1A6070476D
:2060800049B2002905D00F4A126802430D4B1A6004E00C4A126882430A4B1A60704700001E
:2060A0000410024000127A0000003C6000093D006C0000207400002014100240181002402C
:2060C0001C1002400C10024000B587B0102005908020049040200390244802902448019021
:2060E00024480090244B254A25490120FCF7ADFB202005904FF480700490802003901B486A
:2061000002902048019020480090204B204A21490220FCF79AFB402005904FF400700490D7
:206120004FF480700390114802901B4801901B4800901B4B1B4A1C490320FCF786FB802060
:2061400005904FF4806004904FF400700390074802901648019016480090164B164A1749CE
:206160000420FCF772FB07B000BD0000806C0020B46D0020AC6D0020BE680020BC68002017
:20618000516B0020B66D0020AE6D0020C2680020C0680020526B0020B86D0020B06D0020B4
:2061A000C6680020C4680020536B0020BA6D0020B26D0020CA680020C8680020546B002060
:2061C00000B589B0DFF8E80BC078002840F07682DFF8E00BC088DFF8E01B0860DFF8D40B85
:2061E0000089DFF8D81B0860DFF8C80B4089DFF8D01B0880DFF8BC0BB0F84C00DFF8C41BDF
:2062000008804FF400500290DFF8BC0B019002200090DFF8B83B14220A21DFF8B40B0088A7
:20622000FCF7EAFD4FF4806001904FF47A700090DFF8A03B5FF080725FF40001DFF8980B52
:20624000FCF7D2FC4FF400500290DFF87C0B0190802000904FF47A73DFF8802BDFF8700B35
:2062600001885FF40000FCF737FD4020019064200090DFF86C3BDFF8580B02885FF0807194
:206280005FF40000FCF764FD4FF400734FF47A72DFF8501B8020FCF76BFB02F063F902F0F7
:2062A00029FA02F0E3FADFF8401BDFF8080BFBF75DF8DFF8380B0088002840F076854FF451
:2062C000005006904FF4807005905FF4003004905FF4803003904FF400400290DFF8E80A85
:2062E0000190DFF80C0B0090DFF8080BD0F890309BB2DFF8000BD0F8802092B2DFF8F40A6D
:20630000016F89B2DFF8AC0AFCF778FBDFF8E80A0068C00740F17E8100200690DFF8DC0A44
:2063200005900220049001200390DFF8D40A0290DFF8D00A0190DFF8D00A0090DFF8CC3AB7
:20634000DFF8CC2ADFF8CC1ADFF8840A0088FBF706FA00200690DFF8A40A0590042004904C
:2063600002200390DFF8980A0290DFF8AC0A0190DFF8A80A0090DFF8A83ADFF8A82ADFF8ED
:20638000A81ADFF84C0A0088FBF7E9F900200690DFF8680A05900820049004200390DFF8D4
:2063A000600A0290DFF8840A0190DFF8840A0090DFF8803ADFF8802ADFF8801ADFF8100A82
:2063C0000088FBF7CCF9DFF8780A06904FF4005005901020049008200390DFF8240A029051
:2063E000DFF8600A0190DFF8600A0090DFF85C3ADFF85C2ADFF85C1ADFF8F809006B80B26E
:20640000FBF71EFDDFF8380A06904FF4804005902020049010200390DFF8E4090290DFF864
:20642000380A0190DFF8340A0090DFF8343ADFF8342ADFF8341ADFF8BC09006B80B2FBF71A
:20644000FFFCDFF8B8090690402005904FF4005004904FF400600390DFF8A4090290DFF8D4
:206460000C0A0190DFF8080A0090DFF8083ADFF8082ADFF8081ADFF858090088FBF750FCE3
:2064800000200690DFF8740905904FF48060049040200390DFF868090290DFF8E409019084
:2064A000DFF8E0090090DFF8E039DFF8E029DFF8E019DFF81C090088FBF76DFA0020079058
:2064C000DFF838090690402005902020049020200390DFF82C090290DFF8B8090190DFF8D4
:2064E000B8090090DFF8B439DFF8B429DFF8B419DFF8DC080088FBF783FB00200790DFF8EE
:20650000FC0806904FF4006005904FF40070049010200390DFF8E8080290DFF88C09019049
:20652000DFF888090090DFF88839DFF88829DFF88819DFF89C080088FBF762FB01200890C0
:20654000DFF8780907904FF4804006904FF4805005904FF48070049080200390DFF8A00892
:206560000290DFF85C090190DFF858090090DFF85839DFF85829DFF85819DFF8580900882C
:20658000FBF702FFDFF8340906904FF400600590802004904FF480700390DFF86408029057
:2065A000DFF834090190DFF834090090DFF83039DFF83029DFF83019DFF818090088FBF790
:2065C000D5FCDFF828090890202007904FF4805006904FF480600590DFF824080490DFF8A4
:2065E00010090390DFF80C090290DFF80C090190DFF808090090DFF80839DFF80829DFF885
:20660000D0070188DFF8EC07D0F8A00080B2FCF747F833E00020DFF8681808600020DFF89B
:20662000601848600020DFF8DC1708600020DFF8E81708600020DFF8F41708600020DFF829
:20664000041808600020DFF8101808600020DFF8441808600020DFF8501808600020DFF8B6
:20666000781808600020DFF8581808600020DFF8801808600020DFF8F4170860DFF84807CC
:206680000068400504D4DFF880084078800707D50720F5F778F90120DFF87018087082E31A
:2066A000DFF868080078002800F07D830720F5F7E7F90020DFF85418087074E3DFF8F00611
:2066C000C078012840F06181DFF844088088DFF8E8160860DFF83808C088DFF8E01608604B
:2066E000DFF82C080089DFF8D8160880DFF82008008FDFF8D01608804FF400500290DFF8EA
:20670000C806019002200090DFF8C03614220A21DFF8BC060088FCF76FFB4FF40060019088
:206720004FF47A700090DFF8AC365FF080725FF40001DFF8E007FCF757FA4FF40050029027
:20674000DFF8840601904FF4807000904FF47A73DFF88826DFF8780601885FF40000FCF7AB
:20676000BBFA4FF480634FF47A72DFF878168020FCF7FEF8DFF874060088002840F0158358
:206780004FF4005006904FF4007005905FF4003004905FF4803003904FF400400290DFF8EF
:2067A00028060190DFF848060090DFF86C07D0F890309BB2DFF86007D0F8802092B2DFF885
:2067C0005807016F89B2DFF84807FCF717F9FFF77BFCDFF824060068C00740F1B98000205F
:2067E0000690DFF8180605900220049001200390DFF80C060290DFF80C060190DFF81C0720
:206800000090DFF81C37DFF81C27DFF81C17DFF8C0050088FAF7A3FF00200690DFF8DC0575
:2068200005900420049002200390DFF8D4050290DFF8E4050190DFF8F4060090DFF8F03665
:20684000DFF8F026DFF8F016DFF884050088FAF786FF00200690DFF8A40505900820049089
:2068600010200390DFF898050290DFF814060190DFF8C8060090DFF8C836DFF8C826DFF827
:20688000C816DFF84C050088FBF785F8DFF86C0506904FF4805005901020049020200390DE
:2068A000DFF85C050290DFF8C4050190DFF89C060090DFF89C36DFF89C26DFF89C16DFF832
:2068C00010050088FBF72CFA01200890DFF8EC0507904FF480500690082005904FF40060E2
:2068E00004904FF480600390DFF814050290DFF8D0050190DFF864060090DFF86436DFF876
:206900006426DFF86416DFF8CC050088FBF73CFDDFF8580606904FF400500590202004907A
:2069200004200390DFF8D8040290DFF844060190DFF840060090DFF84036DFF84026DFF89B
:206940004016DFF8D405006B80B2FBF779FA2AE20020DFF82C1508600020DFF824154860AB
:206960000020DFF8A01408600020DFF8AC1408600020DFF8FC1508600020DFF8F014086012
:206980000020DFF83C1508600DE2DFF82404C078022840F00882DFF8EC050089DFF81814E9
:2069A0000860DFF8E0054089DFF810140860DFF8D4058089DFF8081408800020DFF8041444
:2069C00008804FF400500290DFF8FC03019002200090DFF8F83314220A21DFF8F403008838
:2069E000FCF70AFA4FF4805001904FF47A700090DFF8E0335FF080725FF40001DFF888055C
:206A0000FCF7F2F84FF400500290DFF8BC0301904FF4007000904FF47A73DFF8C023DFF849
:206A2000B00301885FF40000FCF756F94020019064200090DFF8A833DFF8940302885FF087
:206A400080715FF40000FCF783F94FF400634FF47A72DFF890138020FBF78AFF00F0C4FE67
:206A6000DFF888030088002840F09F814FF4005006904FF4806005905FF4003004905FF469
:206A8000803003904FF400400290CF480190DFF860030090DFF8F404D0F8A0309BB2DFF8A1
:206AA000EC04D0F8902092B2DFF8E004D0F8801089B2DFF8D004FBF7A1FFCF480068C00759
:206AC00040F10D81C048006800016DD500200690CA480590022004904FF400500390C848FB
:206AE0000290DFF8AC040190DFF8A8040090DFF8A834DFF8A824DFF8A814B5480088FAF77A
:206B00002EFE00200690BD4805900420049002200390BB480290C0480190DFF8880400906B
:206B2000DFF88434DFF88424DFF88414A8480088FAF715FEB14806904FF400500590402045
:206B4000049020200390AE480290C8480190DFF864040090DFF86034DFF86024DFF86014C5
:206B60009B480088FBF7DCF8DFF89C030078C00734D5A248069000200590202004901020ED
:206B800003909F480290DFF83C040190DFF838040090DFF83834DFF83824DFF838148C4831
:206BA0000088FBF74DF919E00020069093480590022004900120039091480290DFF818042E
:206BC0000190DFF8D0030090DFF81034DFF8CC23DFF8CC137E480088FAF7C1FDDFF800047B
:206BE000069000200590082004900420039084480290DFF8F0030190DFF8EC030090DFF8F1
:206C0000EC33DFF8EC23DFF8EC13E048006C80B2FBF716F98A4806904FF480400590802032
:206C20000490402003907648029086480190DFF8C8030090DFF8C433DFF8C423DFF8C413B2
:206C4000D248006B80B2FBF7FBF8002006906B480590102004900820039069480290884808
:206C60000190DFF8A4030090DFF8A033DFF8A023DFF8A01356480088FAF78DFE002007904E
:206C80008E4806904FF4807005904FF400700490802003905A48029089480190DE480090FA
:206CA000DE4BDF4ADF498B480088FBF715FA83480690802005904FF4807004904FF480706E
:206CC00003904F48029084480190D7480090D74BD74AD8497F480088FBF748F920E00020E6
:206CE000674908600020664948600020BA4908600020A74908600020474908600020B949C8
:206D000008600020AF49086000204E49086000207149086000206A490860002053490860CB
:206D2000102005904FF4006004904FF40070039033480290C0480190C0480090C04BC14ABD
:206D4000C1490120FBF781FD202005904FF4805004904FF48060039029480290BB480190CF
:206D6000BB480090BB4BDFF85C2ADFF85C1A0220FBF76BFD402005904FF4005004904FF4F5
:206D8000006003901E480290DFF8400A0190DFF8400A0090DFF83C3ADFF83C2ADFF83C1AEE
:206DA0000320FBF752FD01F079FE09B000BD0000506C002054660020586D00205C6D00200D
:206DC0000A6E00200C6E00208C6C0020A66D00200E6E0020906C002058660020946C002080
:206DE0009C6C0020986C002056660020F06D0020D86C0020AC610020346D0020306B0020E1
:206E0000806C0020A06C0020646600206266002060660020046B0020A46C00206A660020D3
:206E20006866002066660020056B0020A86C0020706600206E6600206C660020066B002047
:206E40003A6B0020AC6C002092660020906600208E6600200C6B0020B06C00209866002002
:206E600096660020946600200D6B0020F06C00207C6600207A66002078660020086B002035
:206E8000486C0020766600207466002072660020076B0020BC6C0020866600208466002040
:206EA000826600200A6B0020C06C00208C6600208A660020886600200B6B0020326B002066
:206EC000D06C0020A4660020A2660020A06600200F6B0020106E0020C46C00209E66002032
:206EE0009C6600209A6600200E6B0020426B0020F46C0020AA660020AC660020A8660020DA
:206F0000A6660020106B0020606C00204E6E002094680020966800205C620020A2680020A0
:206F2000A06800209E6800204C6B0020A8680020A6680020A46800204D6B0020AE68002094
:206F4000AC680020AA6800204E6B0020B4680020B2680020B06800204F6B0020D068002012
:206F6000CE680020CC680020556B0020446B0020F86C0020BA680020B8680020B668002074
:206F8000506B00200C670020126700202C600020B86C0020206700201E6700201A6700200D
:206FA0007C6B00202667002024670020226700207D6B0020406700203E6700203C67002072
:206FC000826B0020C86C00203A6700203867002036670020816B0020B46C00201C67002024
:206FE0003C6B0020CC6C00202C6700202A670020286700207E6B00204667002044670020BE
:2070000042670020836B002032670020306700202E6700207F6B00205267002050670020BA
:207020004E670020856B00204C6700204A67002048670020846B0020B46D0020AC6D00206F
:207040005667002054670020866B0020B66D0020AE6D00205A67002010B584B0DFF88007B1
:207060000088002840F0AC83DFF878070088032802D10020040002E040F2DC500400DFF8E6
:207080009009006830F48050DFF884190860DFF88409C078002840F069814FF4805002909C
:2070A000DFF86C090190DFF870090090DFF86C39DFF86C29DFF86C19DFF86C090088FAF70A
:2070C00049F84FF480500290DFF844090190DFF85C090090DFF85839DFF85829DFF8581941
:2070E000DFF844090088FAF735F84FF480500290DFF81C090190DFF844090090DFF8403990
:20710000DFF84029DFF84019DFF81C090088FAF721F84FF480500290DFF8F4080190DFF891
:207120002C090090DFF82839DFF82829DFF82819DFF82809006B80B2FAF70CF84FF4805065
:207140000290DFF8CC080190DFF814090090DFF81439DFF81429DFF81419DFF80009006B56
:2071600080B2F9F7F7FF4FF480500290DFF8A0080190DFF8FC080090DFF8F838DFF8F828D9
:20718000DFF8F818DFF8A0080088F9F7E3FF4FF480500290DFF878080190DFF8E40800904F
:2071A000DFF8E038DFF8E028DFF8E018DFF878080088F9F7CFFFDFF858080078800613D578
:2071C0004FF480500290DFF848080190DFF8C0080090DFF8C038DFF8C028DFF8C018DFF80F
:2071E00048080088F9F7B6FFDFF824080078C00613D54FF480500290DFF814080190DFF8E9
:20720000A0080090DFF89C38DFF89C28DFF89C18DFF814080088F9F79DFFDFF8F407006824
:20722000C0012FD5DFF888080088210089B2884213D34FF480500290DFF8D4070190DFF8CF
:2072400074080090DFF87038DFF87028DFF87018DFF85C080088F9F7C3FF4FF480500290BB
:20726000DFF8AC070190DFF85C080090DFF85838DFF85828DFF85818DFF834080088F9F798
:2072800069FF0FE0DFF84C08006830F40060DFF844180860DFF83C08006830F48050DFF897
:2072A00034180860DFF8B407D0F8A000B0F57A6F1ED9DFF874070088DFF81C18B1F85810A5
:2072C000884215D34FF480500290DFF844070190DFF808080090DFF80838DFF80828DFF838
:2072E0000818DFF87807D0F8A00080B2F9F778FFDFF81C070068C00411D5DFF8F0070068D5
:2073000050F00100DFF8E41708600020DFF8E01708804FF4FA70DFF8DC1708802CE2DFF898
:20732000F0060068000308D54FF4FA60DFF8C41708800020DFF8B8170880DFF8B4070088D0
:20734000DFF8B0170988884208D30020DFF89C1708600020DFF8A01708600DE2DFF89007D4
:207360000088401CDFF88817088005E2DFF8A406C078012840F0CC804FF480500290DFF86A
:2073800090060190DFF890060090DFF87037DFF87027DFF87017DFF890060088F9F7DAFEC2
:2073A0004FF480500290DFF868060190DFF87C060090DFF85437DFF85427DFF85417DFF89C
:2073C00068060088F9F7C6FE4FF480500290DFF840060190DFF83C070090DFF83C37DFF8E5
:2073E0003C27DFF83C17DFF83C07006B80B2F9F7B1FE4FF480500290DFF814060190DFF8AC
:2074000070060090DFF82037DFF82027DFF82017DFF814060088F9F79DFE4FF48050029063
:20742000DFF8EC050190DFF858060090DFF80437DFF80427DFF80417DFF8EC050088F9F7E8
:2074400089FEDFF8CC050068C0011BD5DFF860060088210089B288421CD34FF48050029065
:20746000DFF8AC050190DFF84C060090DFF8D036DFF8D026DFF8D016DFF834060088F9F74A
:20748000AFFE07E0DFF84C06006830F00800DFF844160860DFF8B406006810F4707F07D043
:2074A000DFF86C05006850F48050DFF864150860DFF85C050068C00411D5DFF83006006891
:2074C00050F00100DFF8241608600020DFF8201608804FF4FA70DFF81C1608804CE1DFF8FB
:2074E00010060088DFF80C160988884208D30020DFF8F81508600020DFF8FC1508603BE1C7
:20750000DFF8EC050088401CDFF8E415088033E1DFF80005C078022840F02E81DFF8F0046B
:20752000006830F48050DFF8E8140860DFF8E0040068000155D54FF480500290DFF8D00416
:207540000190DFF82C050090DFF80436DFF80426DFF80416DFF8D0040088F9F7FBFD4FF4A1
:2075600080500290DFF8A8040190DFF8C0040090DFF8E835DFF8E825DFF8E815DFF8A8043B
:207580000088F9F7E7FDDFF8E0050078C00713D54FF480500290DFF878040190DFF8CC057B
:2075A0000090DFF8CC35DFF8CC25DFF8CC15DFF878040088F9F7CEFD4FF480500290DFF8D1
:2075C00050040190DFF8B4050090DFF8B435DFF8B425DFF8B415DFF850040088F9F7BAFD3C
:2075E00013E04FF480500290DFF824040190DFF89C050090DFF89835DFF88825DFF88815BF
:20760000DFF824040088F9F7A5FD4FF480500290DFF8FC030190DFF834040090DFF8743526
:20762000DFF87425DFF87415DFF87405006B80B2F9F790FD4FF480500290DFF8D40301902C
:20764000DFF83C040090DFF85C35DFF85C25DFF85C15DFF8D4030088F9F77CFD4FF48050C9
:207660000290DFF8AC030190DFF844050090DFF84435DFF84425DFF84415DFF82405006C85
:2076800080B2F9F767FDDFF8C404006810F4606F07D0DFF87C03006850F48050DFF8701387
:2076A0000860DFF86C030068C00127D54FF480500290DFF85C030190DFF8F8030090DFF852
:2076C0000035DFF80025DFF80015DFF8E4030088F9F786FD4FF480500290CD480190DFF8B2
:2076E000E4030090DFF8E434DFF8E424DFF8E414DFF8BC030088F9F72DFD0FE0DFF8D403A1
:20770000006830F08000DFF8CC130860DFF8C403006830F48070DFF8BC130860BC480068AF
:20772000C00411D5DFF8C403006850F00100DFF8BC1308600020DFF8B81308804FF4FA7053
:20774000DFF8B013088017E0DFF8A4030088DFF8A4130988884208D30020DFF89013086044
:207760000020DFF89413086006E0DFF884030088401CDFF87C130880DFF870030068C00774
:207780001ED5DFF854040088401CDFF84C140880DFF844040088642804DB8021DFF8B00DDD
:2077A000FCF74DFBDFF830040088C82808DB0020DFF8241408808021DFF8940DFCF742FB28
:2077C0001FBD000058670020876B0020B86D0020B06D00205E6700205C670020886B00207F
:2077E000F06D00200C6E002070B5DFF8F0038088002806D18648006850F000608449086071
:2078000004E183480068800420D58148006830F000607F4908607E48006830F080607C4903
:2078200008607B48006830F08040794908607848006830F08050764908600020DFF8B01EA7
:2078400008800020DFF898130880DFE0DFF88C034088FCF7CBFE5FF03332DFF88833FCF794
:20786000D3FEFCF7B9FF0400DC484088FCF7BEFE0022DD4BFCF7C8FEFCF7AEFF0500D74826
:207880004088FCF7B3FED94AD94BFCF7BDFEFCF7A3FF06005E48006810F0904F40F0B68099
:2078A0005B48006840010ED45F480088B0427AD35748006850F08060554908600020DFF808
:2078C000301E08806FE0DFF8280E0088401CDFF8201E08804E480068C00033D4524800880E
:2078E000A84216D3DFF8700C0088401CDFF8681C0880DFF8640C00880B2846DB4448006884
:2079000050F08050424908600020DFF84C1C08803BE0B3480088002837D1DFF8D40D00886F
:20792000AE498988884230D33948006850F00060374908600020DFF8B81D08800020A8499C
:20794000088022E038480088A0421ED2DFF8080C0088401CDFF8001C0880DFF8FC0B008813
:207960000B2812DB0020DFF8881D08800020DFF8E81B08802648006830F0805024490860A6
:2079800097480088401C9649088095480088002809D01F48006850F000601D4908600020FA
:2079A000DFF84C1D0880DFF8480D00888B49898888422BD316480068400127D51A480088B1
:2079C000A04223D300204A490880DFF8900B007A5A2811D18148008D00280DD043480068F6
:2079E00050F48060414908600F480088DFF8701B088001F00DF809E00548006850F0006074
:207A0000034908600020DFF8E81C088070BD00008C6C0020506C00208A6D0020626600200F
:207A200060660020046B00200E6E00208C6D00206866002066660020056B00208E6D002097
:207A40006E6600206C660020066B0020906D0020906600208E6600200C6B0020AC610020A4
:207A6000926D002096660020946600200D6B0020A06D00207A66002078660020086B00205B
:207A8000A46D00207466002072660020076B0020946D002084660020826600200A6B002069
:207AA0009A6D00208A660020886600200B6B0020106E00209E6D0020A2660020A0660020D4
:207AC0000F6B00209C6D00209C6600209A6600200E6B0020386D002054660020A26D00203A
:207AE000A8660020A6660020106B0020346D0020C26D002078010020886C0020A0680020AC
:207B00009E6800204C6B0020A6680020A46800204D6B0020AA6D0020B8680020B668002081
:207B2000506B00205C620020B2680020B06800204F6B0020AC680020AA6800204E6B002001
:207B4000CE680020CC680020556B0020806C00203E6700203C670020826B0020246700204F
:207B6000226700207D6B0020606C0020986D00203867002036670020816B0020866D0020A8
:207B80001E6700201A6700207C6B0020886D00201C6700204467002042670020836B00203E
:207BA0002C600020306700202E6700207F6B0020966D00202A670020286700207E6B002017
:207BC000506700204E670020856B00204A67002048670020846B0020A86D00200C67002072
:207BE000BE6D00203333F33F0000F43F9A9999999999B93FF0B585B0DFF83C0CB0F900003E
:207C00000700DFF8380CC078002840F0658101A800909FEDE60ADFF8283C0122390009B2C5
:207C2000DFF8200CF5F775F80198DFF81C1C49884843800ADFF8141C08600198DFF8081C57
:207C400049884843800ADFF8F81B086001A800909FEDD60ADFF8F83B0122390009B2DFF84F
:207C6000F40BF5F756F80198DFF8DC1B89884843800ADFF8D81B48600198DFF8CC1B898864
:207C80004843800ADFF8B81B086101A800909FEDC70ADFF8C43B0122390009B2DFF8BC0B9B
:207CA000F5F737F80198DFF8A01BC9884843800ADFF8981B88600198DFF88C1BC9884843B3
:207CC000800ADFF87C1B086201A800909FEDE60ADFF88C3B0122390009B2DFF81C0DF5F7EC
:207CE00018F80198DFF8601B09894843800ADFF85C1BC8600198DFF8501B09894843800AEA
:207D0000DFF83C1B086301A800909FEDE80ADFF8543B0122390009B2DFF8780DF4F7F9FF57
:207D20000198DFF8241B49894843800ADFF81C1B08610198DFF8101B49894843800ADFF8DD
:207D4000001B086401A800909FEDD80ADFF8183B0122390009B2DFF8A40CF4F7DAFF0198D0
:207D6000DFF8E41A89894843800ADFF8E01A48610198DFF8D41A89894843800ADFF8C01A57
:207D8000086501A800909FEDC90ADFF8743C0122390009B2DFF8000DF4F7BBFF0198DFF847
:207DA000A81AC9894843800ADFF8A01A88610198DFF8941AC9894843800ADFF8841A0866B8
:207DC00001ABDFF8402CDFF8A01ADFF8980AF5F716F80198DFF8701A098A4843800ADFF837
:207DE0006C1AC8610198DFF8601A098A4843800ADFF84C1A086701ABDFF80C2CDFF8001CE8
:207E0000DFF8640AF4F7FBFF0198DFF83C1A498A4843800ADFF8341A08620198DFF8281A49
:207E2000498A4843800ADFF8181AC1F8800001ABDFF8D82BDFF82C1ADFF8C40BF4F7DFFF06
:207E40000198DFF8041A898A4843800ADFF8FC1948620198DFF8F019898A4843800ADFF85E
:207E6000E019C1F89000390009B2DFF8280CF5F71DFB80B2DFF8C819C1F8A000DFF8C009DA
:207E8000D0F8A0000A214843DFF8A41C0863DFF8B009026A92B2DFF8A809016989B2DFF87E
:207EA000A009006880B2F5F737FDDFF8C41C0880DFF88C09D0F8902092B2DFF88409D0F8CC
:207EC000801089B2DFF87809006F80B2F5F724FDDFF8541D088034E3DFF86009C078012849
:207EE00040F06F8101A800909FED300ADFF8443C0122390009B2DFF84C09F4F70AFF01983C
:207F0000DFF8441949884843800ADFF8401908600198DFF8341949884843800ADFF8141C05
:207F2000086001A800909FED210ADFF87C3B0122390009B2DFF81C09F4F7EBFE0198DFF804
:207F4000081989884843800ADFF8001948600198DFF8F41889884843800ADFF8D81B08616D
:207F600001A800909FED110ADFF8CC3B0122390009B2DFF8E808F4F7CCFE0198DFF8C81860
:207F8000C9884843800ADFF8C41888600198DFF8B818C9884843800ADFF8981B086201A89D
:207FA00000909FED310ADFF8CC3B01E0CDCC8C3F0122390009B2DFF8400AF4F7AAFE0198E3
:207FC000DFF8841809894843800ADFF88018C8600198DFF8741809894843800ADFF8541B07
:207FE000086301A800909FED310ADFF88C3B0122390009B2DFF89C0AF4F78BFE0198DFF800
:20800000481849894843800ADFF8401808610198DFF8341849894843800ADFF8181B086468
:2080200001A800909FED210ADFF8503B0122390009B2DFF8C809F4F76CFE0198DFF808184A
:2080400089894843800ADFF8041848610198DFF8F81789894843800ADFF8D81A086501A8D8
:2080600000909FED120A01E03B010D3EDFF8103B0122390009B2DFF8200AF4F74AFE01985A
:20808000DFF8C417C9894843800ADFF8C01788610198DFF8B417C9894843800ADFF8941A09
:2080A000086601ABDFF8DC2A02E000BF5C8F3240DFF8C81ADFF8C00AF4F7A1FE0198DFF877
:2080C0008817098A4843800ADFF88017C8610198DFF87417098A4843800ADFF8581A086767
:2080E00001ABDFF8482BDFF8981ADFF8900AF4F786FE0198DFF85017498A4843800ADFF88B
:208100004C1708620198DFF84017498A4843800ADFF8201AC1F8800001ABDFF8142BDFF800
:20812000581ADFF85C0AF4F76AFE0198DFF81817898A4843800ADFF8141748620198DFF85A
:208140000817898A4843800ADFF8E819C1F89000390009B2DFF83C09F5F7A8F980B2DFF811
:20816000D419C1F8A000DFF8CC09D0F8A0000A214843DFF8BC190863DFF8B809026A92B290
:20818000DFF8B009016989B2DFF8A809006880B2F5F7C2FBDFF8D8190880DFF89809D0F84F
:2081A000902092B2DFF88C09D0F8801089B2DFF88409006F80B2F5F7AFFBDFF86C1A08804C
:2081C000BFE1DFF87806C078022840F0BA8101A800909FEDDD0ADFF85C3A0122390009B2AD
:2081E000DFF86006F4F795FD0198DFF85C1649884843800ADFF8541608600198DFF8481686
:2082000049884843800ADFF82C1A086001A800909FEDCD0ADFF8203A0122390009B2DFF838
:208220003406F4F776FD0198DFF81C1689884843800ADFF8181648600198DFF80C1689888E
:208240004843800ADFF8EC19086101A800909FEDBE0ADFF8E8390122390009B2DFF8FC0550
:20826000F4F757FD0198DFF8E015C9884843800ADFF8D81588600198DFF8CC15C98848431B
:20828000800ADFF8B019086201A800909FEDAF0ADFF8AC390122390009B2DFF85C07F4F7D4
:2082A00038FD0198DFF8A01509894843800ADFF89C15C8600198DFF8901509894843800A51
:2082C000DFF87019086301A800909FEDA20ADFF874390122390009B2DFF8B807F4F719FD30
:2082E0000198DFF8641549894843800ADFF85C1508610198DFF8501549894843800ADFF86A
:208300003419086501A800909FED920ADFF838390122390009B2DFF8E406F4F7FAFC0198A8
:20832000DFF8241589894843800ADFF8201548610198DFF8141589894843800ADFF8F418AE
:20834000086601A800909FED830ADFF800390122390009B2DFF84007F4F7DBFC0198DFF8E6
:20836000E814C9894843800ADFF8E01488610198DFF8D414C9894843800ADFF8B818086711
:2083800001ABDFF8CC28DFF8C018DFF8B808F4F736FD0198DFF8B014098A4843800ADFF84F
:2083A000AC14C8610198DFF8A014098A4843800ADFF88018C1F8800001ABDFF89828DFF846
:2083C0008C18DFF88408F4F71AFD0198DFF87814498A4843800ADFF8741408620198DFF877
:2083E0006814498A4843800ADFF84818C1F8900001ABDFF86428DFF84C18DFF85008F4F735
:20840000FEFC0198DFF84014898A4843800ADFF83C1448620198DFF83014898A4843800AC9
:20842000DFF81018C1F8A000DFF808084068ADF80800DFF800088068ADF80A00DFF8F40760
:20844000406AADF80C00DFF8EC07806AADF80E00DFF8E0074069ADF81000DFF8D80780699F
:20846000ADF8120002A8F4F7CBFFBDF908000400BDF90A000500200000B2DFF8B81748643B
:20848000280000B2DFF8AC17886405FB05F004FB040006003000F5F763F9FCF79DF8DFF8A7
:2084A000BC27DFF8BC37FCF7AFF8FCF795F901900198DFF89413C98A4843800AE3498862CE
:2084C0000198E149C98A4843800ADFF868170864390009B2DFF8BC05F4F7E8FF80B2DFF848
:2084E0005417C1F8B000DFF84C07D0F8B0000A214843DFF83C160863DFF83807026A92B2F6
:20850000DFF83007016989B2DFF82807006880B2F5F702FADFF858160880DFF81807D0F895
:20852000A02092B2DFF80C07D0F8901089B2DFF80407D0F8800080B2F5F7EEF9DFF8E816A6
:20854000088005B0F0BD0000CDCC8C3F3B010D3E001801405C8F3240C06D0020786B002040
:20856000306B0020DFF8FC06407A5A2804D1DFF8F806408D00280CD1DFF8F006006830F456
:208580000010DFF8E81608600020DFF8E4160860ACE0DFF8E0060078C0070CD5DFF8CC0623
:2085A000006830F40010DFF8C41608600020DFF8C01608609AE0DFF8BC06407880070CD59E
:2085C000DFF8A806006830F40010DFF8A01608600020DFF89C16086088E0DFF89006006837
:2085E00040050CD5DFF88406006830F40010DFF87C1608600020DFF87816086076E0DFF86D
:208600006C060068C0020CD5DFF86006006830F40010DFF8581608600020DFF8541608608E
:2086200064E0DFF85406006880050CD5DFF83C06006830F40010DFF8341608600020DFF8C2
:208640003016086052E0DFF83406006810F4906F0CD0DFF81806006830F40010DFF80C1658
:2086600008600020DFF8081608603FE0DFF8FC05007800060CD5DFF8F405006830F4001053
:20868000DFF8E81508600020DFF8E41508602DE0DFF8D8050068C00428D4DFF8D005006849
:2086A000C0011FD5DFF8C805006843F69821884208D3DFF8B805006850F40010DFF8AC157A
:2086C000086013E0DFF8A80500680A30DFF8A0150860DFF89805006830F40010DFF88C159D
:2086E000086003E00020DFF88815086070470000BC6D0020DFF874050078C00623D4DFF8D7
:208700006C050078400619D5DFF87405006814280CD30020DFF868150860DFF850050068F9
:2087200050F01000DFF84415086036E0DFF8500500680A30DFF8481508602EE00020DFF8CC
:208740004015086029E0DFF824050068DFF834150840DFF8301588421BD0DFF8240500684A
:2087600040F6B83188420CD30020DFF814150860DFF8F804006830F01000DFF8F0140860FB
:208780000BE0DFF8FC0400680A30DFF8F414086003E00020DFF8E8140860DFF8D0040078CD
:2087A000800623D4DFF8D0040068800519D5DFF8D804006814280CD30020DFF8CC14086041
:2087C000DFF8A804006850F02000DFF8A014086031E0DFF8B40400680A30DFF8AC1408601A
:2087E00029E00020DFF8A014086024E0DFF88804006880051BD4DFF89004006840F6B83128
:2088000088420CD30020DFF880140860DFF85C04006830F02000DFF8541408600BE0DFF874
:20882000680400680A30DFF86014086003E00020DFF8541408607047EE6D0020506C0020BF
:20884000AC61002080250020C069002050690020BC61002080270020CC61002080290020EA
:20886000DC610020EC610020FC61002080B5DFF8FC03007800070CD5DFF8F003006850F4D0
:208880008000DFF8E81308600020DFF8001408601EE0DFF8D8030068400219D5DFF8EC039D
:2088A0000068B0F5C87F0CD3DFF8C003006830F48000DFF8B81308600020DFF8D013086093
:2088C00006E0DFF8C80300680A30DFF8C0130860DFF8A4030068800522D5DFF8B403006804
:2088E000B0F5FA7F04D2DFF88403006880040FD40220F3F7C5F80020DFF894130860DFF8B1
:208900007803006830F40070DFF86C1308600BE0DFF87C0300680A30DFF87413086003E096
:208920000020DFF86C130860DFF840030068000320D4DFF838030068DFF858130840DFF805
:208940005413884256D1DFF82403006810F0401F50D0C648006850F40020C4490860C6487D
:20896000006850F00100C44908600520DFF8281308603FE0BD480068C6490840C54988427F
:2089800029D1C5480068401CC3490860C2480068B549898D88422DD30520BF490860B648B5
:2089A000006850F40070B4490860B048006830F40010AE4908600020AD4908600420F2F7B8
:2089C000E2FF0220F2F7DFFFB448407850F00800B24948700EE0A548006830F40020A349AB
:2089E0000860A248006830F40010A049086000209F49086001BD0000801900208021002090
:208A00000C6200201C6200202C6200203C62002080B50B20F2F7B7FFA048407850F00800D7
:208A20009E4948700120F2F7AEFF0420F2F7ABFF9B48C07800281BD18F48006847F6FE512F
:208A4000084205D08948006850F00800874908608948006847F6C011084205D083480068A5
:208A600050F48010814908600720F2F78CFF0DE08B48C078012803D08948C078022805D158
:208A80007A48006850F008007849086014208549088001BD801F00208023002080B5824971
:208AA0008048F4F7BDFE01BD6C62002080B50A207C4908806D480078000737D57848C078B8
:208AC00000281CD16C48006847F6FE5108422DD16648006880040BD56448006830F00800DB
:208AE000624908606148006830F480105F4908600120F2F7C5FF0720F2F7C2FF16E0684849
:208B0000C078012803D06648C07802280ED15A4800684FF6FE71084208D15448006830F02D
:208B20000800524908600120F2F7AAFF01BD0000F46900205C6200207C6200205B48007845
:208B4000002813D05948407802280FD100205749087000205549487044480068C00405D468
:208B6000052053490880002052490880704700000E6E00208C6200209C620020AC620020BC
:208B8000BC620020CC62002010B500204A49088001200400E4B20D2C05DA2000C0B2F2F7FB
:208BA0006FFF641CF6E700203C4948703B48F6F7EBFE0020414908700020414908800020C0
:208BC0004049088020200400E4B2402C1EDA2100C9B22848F4F770FE002815D02100C9B238
:208BE0002448F4F74DFE2100C9B23748364A127A0A235A4310440A30F5F7B6FE33480078C1
:208C000050F0040031490870641CDDE730480088002807D0F6F710FF00202D49088032206F
:208C20002C49088010BD0000106E0020DC620020EC6200202C6000203C6000204C600020CC
:208C40005C6000207C6000208C6000209C600020AC600020BC600020CC6000209A999999FB
:208C60009999F13F006B0020546600208C6C0020D46C0020606C0020346D0020386D002043
:208C8000DC6C002000208000E06C0020E46C0020E86C002000202000EC6C0020486D0020EF
:208CA000506C0020846D0020AD8A01084C6D0020DC6D0020EA6D0020EC6D00204F6E002078
:208CC000D86D0020E46D00201C5C00205F6E0020F06D0020DE6D00202DE9F04140F2FF7564
:208CE00081EA030C0CF0004C15EA11541DBF15EA1357AC42AF42E9E0BC41C1F31301C3F3E6
:208D00001303801A994143F4801304D2641E4000494180185941C90241EA5051B1FBF3F67F
:208D200003FB1611A2FB0675D7EBC020A94102D2761E80185941C90241EA5051B1FBF3FE9C
:208D400003FB1E11A2FB0E75D7EBC020A94103D2AEF1010E80185941890241EA9051760573
:208D600046EA8E2EB1FBF3F603FB1611A2FB0675D7EB8020A94102D2761E80185941C90284
:208D800041EA50514EEA060EB1FBF3F603FB1611A2FB0675D7EBC020A94102D2761E80185D
:208DA0005941C90241EA5051B1FBF3F703FB1711A2FB0735D3EBC020A94167F100070CBF3B
:208DC000004247F0010766F3D5274FEA1E31B80814F5806414DDBD0775F1004250EB0E5092
:208DE00051EB045111F5801F5CBF41EA0C01BDE8F0814CF07F6141F0E0410020BDE8F08130
:208E0000BD076D0840EA0E5041F48011D4F10104B4F120060ADAC4F120060200E04001FA5A
:208E200006F3E1401843B24015430EE0342C14DCC6F1200445EA40056D0820FA06F2154307
:208E400021FA06F0A1400D43002175F1004250F1000051EB0C01BDE8F08100205FEA0C01F1
:208E6000BDE8F081CFB992185B41B3FA83F704BFB2FA82F6BF190B3FB7F120062FBF02FA26
:208E800006F3BB40C7F1200622FA06F638BF3343BA401CB1E419641E2FE77F4231F00041FC
:208EA000B1FA81F404BFB0FA80F6A4190B3CB4F120062FBF00FA06F1A140C4F1200620FA2B
:208EC00006F638BF3143A0403C1B16E7AC421ABF05EA1357AF4214E050EA41061CBF52EA5A
:208EE0004306BFE750EA4107304661461CBF41EA0551BDE8F08152EA430C08BFC143BDE877
:208F0000F08100204FF4001616EB410F98BF16EB430F08BF16EB410F24BFC14305E016EB87
:208F2000430F0CBF61464CEA0551BDE8F0810E0E70470E0810B4002203881A0012F44152BE
:208F40008B891B0404D5838853F48073838004E083884FF6FF64234083800B884C882343F3
:208F60008C882343CC8823430C8923434C8923438C896404640C2343CC8923431A4302809A
:208F8000838B4FF2FF74234083830B8A038210BC704749B2002904D0028852F04002028081
:208FA00004E002884FF6BF731A400280704781817047808970470200002013890B4202D0E3
:208FC0000123180001E00023180040B27047F8B504460D4616461F4600F0C8FA3B463246DA
:208FE0002946204601B0BDE8F04000F0D6BA00000278C9B28A421AB11CBF10F8012FF9E717
:2090000018BF002070470000C9B2830706D0521E22D310F8013B9942F7D11FE0083A13D354
:2090200002F1040241EA012141EA014150F8043B121F21BF4B40A3F1013C2CEA030C1CF058
:20904000803FF3D0C9B2001F083210F8013B521E28BF91EA030FF8D818BF0120401E7047B5
:2090600080B500F083FA012002BD000070B5054605F10F00C408AFF30080E400A54232D23C
:20908000082C04D2082402E0083000F055F82248026811000CD1011D0A6802B31368A342DC
:2090A00038BF111DF8D310E01D68A5420DD2191D0B68002BF8D11268011D00E0191D0B68C7
:2090C00093420CD01D68A542F8D361B10D682A68A2F10803A3420AD26A680A600FE000F015
:2090E0007FFA0028D0D1AFF30080002070BD2B190B60121B6E685E600B681A602C60096865
:2091000000291DBF4A68002A091D00210160AFF3008005F1080070BD786C002070B5044606
:209120000D46164600F022FA324629462046BDE8704000F025BA000000B9704738B5A0F115
:2091400008042068082833D310F0070F30D1AFF300801848416809B18C4203D26160446041
:2091600017E019464B680BB1A342FAD30B68CD18AC421BD3A54204D12268D2180A600C4658
:2091800007E04A681AB1236823449A420ED362604C60616851B12268A3188B4206D1002377
:2091A000036008688018206048686060AFF3008031BD0000786C002030B4436803F000427C
:2091C0000121C3F313034360002B04BF0368002B08D10DE00368DD0F45EA440444605B00E7
:2091E0000360491E4468E302F4D5C4F31303436043681A434260084630BC70474FF4001CE1
:209200001CEB410F94BF1CEB430F09E041EA030C50EA4C0C52EA0C0C03D2994208BF9042F9
:20922000704714BF8B428242704700004FF4001C1CEB410F94BF1CEB430F09E041EA030CD7
:2092400050EA4C0C52EA0C0C03D28B4208BF8242704714BF994290427047000070B504469E
:209260000D466068C0F30A5040F2FF71884207D16068000304BF2068002817D0022070BD0E
:2092800020B92046FFF798FF012866DA012D0FDB40F2FF71091A8D420AD3606800284CBF15
:2092A0009FED2F0B9FED300B84ED000B012070BD4142A942616806DA6FF31E51401941EAEB
:2092C0000050606040E0401E63684519012205F1350062F31F53352801F00041636003D39A
:2092E00061600020206070BD002015F11F0F04DA206823600022203562606A4212D0401E7E
:2093000025688041C2F12003C0439D4045EAD07025686668D54006FA03F32B4323606368B8
:20932000D340636062680A43B0F1004F626003D80DD12078C0070AD52068401C20602068AB
:2093400028B96068401C60604FF0FF3070BD6068884204BF20680028F6D1002070BD00BFD5
:20936000000000000000F0FF000000000000F07FF0B44FF0004591EA030F44BF6B4000F03C
:2093800045B900BF841A71EB030604D26E40001BB141121973414FF4001C1CEB410F34BFF4
:2093A0007CEB430684E00C0DA4EB1356362E7DDC012E43DC45EAC32343EA525312BFD202F1
:2093C00092025B08240545EAC12141EA5051D2EBC020994125D407D1B0FA80F610FA06F127
:2093E00064D00020203608E0B1FA81F6B140C6F1200220FA02F21143B0404FEAF474B4EB5D
:20940000465434F001064FEA74040AD8D6F50016760D04F00044F04061FA06F25040F14014
:209420004840C00A40EA415021F0004128BF5FEA500550F1000044EBD12137E045EAC323BA
:20944000DB0A45EAC121C90AB6F120050EDD42EA0242120CC5F1200603FA06F6EB4042EAD2
:2094600006056D42984161F100010DE062FA06F5F240554063FA06FC82EA0C02F3405A4055
:209480006D42904161EB030111F4801F05D1641E620502D06D004041494121F4801143085E
:2094A00075F1004350F1000041EB0451F0BC70471CEB410F15D223F0004352EA43060BD0EA
:2094C0004FEA4C0CBCEB410F04D80C0D661E342EB7DDEBE7801A994150EA410608BF0021E6
:2094E000E4E708BF1CEB430F28BF6FF00001DDE780B5134800F0F4F80FF24C020FF2440175
:209500000160426241600FF24402826381600FF24402C1600161416181618162C1620163E0
:209520004163C2630164416401BD10B5044800F0D7F80446206808B9FFF7DAFF204610BD35
:209540007C000020000000002E00000066616C7365000000747275650000000091FBF2F305
:2095600003FB1211C0E900317047000080B5DFF80C0000F0B5F8806902BD00000C010020AF
:2095800030B430B90FF24800D0E90045C2E900451BE00170012030BC704730B431B90FF2C8
:2095A0003800D0E90045C3E900450EE01AB930BC6FF00100704708B10A7802800978481E1C
:2095C000804130BCC043C00F7047002030BC70470000000000000000000000000000000092
:2095E0000749086808B1002070470648C008C00008600549C908C900091A0160704700BFFB
:20960000806D00208711002080190020841A71EB030603D2001BB141121973414FF4001CA9
:209620001CEB410F34BF7CEB430443E00C0DA4EB1356352E50DC45EAC323DB0A45EAC12164
:20964000C912B6F120050DDD63FA05F6EB4086EA0305124218BF45F00105C01851F10001FD
:209660000CD213E062FA06F5F2405540F3415A40B340F3405A408018594107D349085FEAC7
:2096800030005FEA350528BF45F0010501F58011420875F1004250F1000041EB0451F0BC0E
:2096A0004FF4001C1CEB410F38BF70470020090D090570471CEB410F10D252EA43060BD0B2
:2096C000BCEB410F05D80C0DAB43661E342EB5DD02E0AB4380185941F0BC7047F0BC70476F
:2096E000704700000000FC242424FC252624FC242424040040308F80844C55252525554CC0
:2097000080808000804020908886808080838C1020408000008040201807004080403F008E
:209720000000000000080808080828C40404040604000000804121215191898985858383F8
:20974000818080002030AC632018809090FF90494A484000226722121212404020130C14F3
:209760002241F800003E22E2223E0010885724548C000000407E403F22220001FE424242B3
:20978000FE010100008060F807003E2222E222223E000000010000FF2011090503FF0305BB
:2097A00009112000101010FF109000F888898E888888F8000444827F8140300F0000000030
:2097C00000000100001060028C00FE02F202FE00F800FF000004047E018047300F102700DD
:2097E00047807F00101010FF9020984828090E2848A818000242817F0040404242427E42AB
:209800004242400040422410FF00844444447F4444440400222212120AFE42270A122232E7
:209820004A424200002E2AAAAAAEAAFAAAAEAAAA2A2E0000808080FFAAAAAAAAAAAAAAFF34
:209840008080800004442414047C0506047C04142444040080808141432529112925434143
:20986000808080000000FE0282828282FA8282828282020080601F40404040407F40404458
:209880005840400080809E9292929EE0809EB2D2929E80000808F4949292F10001F2929406
:2098A00094F8080000F888888888FF88888888F800000000001F080808087F888888889F68
:2098C00080F00000004044C4444444401010FF101010F00000103C131014B840300E01408B
:2098E00080403F001010D0FF901000FE020202FE00000000040300FF0083601F0000003F91
:2099000040407800002018C744444444FC444444440400000404040704040404FF04040402
:209920000404040000000000FE2222222222222222FE0000008040300F02020202020242C2
:20994000827F0000000000FE82828282828282FE00000000000000FF40404040404040FFBE
:209960000000000000FE20203F2000FC24E4242223E20000807F0101FF80601F80412618FD
:20998000264180000010101010D030FF30D010101010000010080402090808FF0808090210
:2099A00004081000808080BEA2A2A2A2A2A2A2BE8080800000000006050404044484443C42
:2099C00000000000808084980000FE9292929292FE0000000080403F4080BF908881828478
:2099E0008AB1800000007C40404040FF40404040FC000000007C40404040407F40404040FA
:209A000040FC0000003E22E2223E000810FF00FFA0100800407E403F22228042310F007F98
:209A20008081F20000F80102F09292F29292F20202FE000000FF00000F04047F04040F402E
:209A4000807F000080A0908E888888FF8888888888808000000000FC44444444444444FCB6
:209A60000000000012EAAFAAEA0FFA02888C5724548C84000202EAAAAAABAAABAAAAAAAABF
:209A8000EA020200101010FF109040A09E8282829EA020000444827F01008080432C1028B6
:209AA00044838000000000000001E21CE000000000000000804020100C03000000030C3042
:209AC000408080000000F8494A4C48F8484C4A49F800000010101312121212FF121212124E
:209AE00013101000406058C66000D01010FE1010D010000044CE452424000704047F8484F2
:209B00008F80E0008080849800109010101010FE101010000080403F408080838090A09F1B
:209B2000808080001060028C004464544D46445464C4040004047E0180403E0000FE0000D1
:209B40007E80E00000F80122202222A2FA22222202FE000000FF0008040211201F00004009
:209B6000807F000020102CE7242400E22C20BF2028E600000101017F2111804F20100F106E
:209B8000204F80000808080808F8898E888888880808080000804020180700004080403F29
:209BA0000000000000F808080CCA494848C8080808F8000000FF0000001F0808081F004081
:209BC000807F00001010FF1090E02F29E909E9292FE0000042827F414425150D05FE0D1548
:209BE00025454400008060F80740300FF888888888080800010000FF00000000FF0808081A
:209C0000080800001010D0FF901000FC24E4242223E20000040300FF0083601F804126184F
:209C20002641800080828282FE8282828282FE8282828000008040300F0000000000FF00AD
:209C40000000000000FC2024A8FFA82400FC4444C4424000003F2221202F20A3601F000074
:209C6000FF0000000808F94A48C84820D8171010F010100040300F20403F804021160816C8
:209C80002140800000000000000000000000000000000000010101010101010101010101D7
:209CA000010101008080FC96E584FC00A09E82829EA0200080601F024C807F8080432C103F
:209CC0002C4380000888888888FF000000FF8888888808001010101010FF000000FF1010D9
:209CE00010101000201808EAACA8A8AFA8A8ACEA0828180000003E02020202FF02021222B4
:209D00001E0000001010D0FF90100202FE0202625AC60000040300FF0043308F80432C1007
:209D20002C438000C808090EE808405E5050DF50505E4000206F201C131000FE027F027E15
:209D400082FE0000008060F80700FC848484FE8283828000010000FF0000FF402000418EE9
:209D60003040F8000040301E101010FF101010101000000081814121110D0301030D1121A6
:209D800041818100002020A86C2A3928A82A6CA82020000002828190924A4945242210081E
:209DA0000102020090523410FF10345280708F0808F80800829A566322528E008040330C7E
:209DC000334080000000FE0202F2121212F20202FE00000000007F202027242424272020B9
:209DE0007F00000000FC8080808000FE008040201000000000FF40402020007F81808080BB
:209E000080F0000000020C80608040300FC808082818000002027E0180402018060106182D
:209E200020408000008060F80704E4A4A4BFA4A4E4040000010000FF40407F4A4A4A4A4AD3
:209E40007F40400040402020504844434448502020404000000000FE42424242424242FEBE
:209E600000000000008060F80710901011161010D0100000010000FF4040415E4040704ECF
:209E8000414040001060028C00FE02F2525A565252F2020004047E41300F201349817F01F4
:209EA0000913200000101010D0FF901000FE22222222FE000008040300FF000300FF4242AF
:209EC0004242FF0000F8010600F0121212F2020202FE000000FF0000001F1111111F004034
:209EE000807F00000000FE22222101403E0202021E2020001010FF11090980814729112930
:209F0000458380000040504E4848FF48484840F80000FF000000003E0202FF12221E000FDB
:209F200040807F00100C042424242526A464240404140C00020202020242827F0202020262
:209F40000202020000FC848484FC001010101010FF101000003F1010103F00000106408093
:209F60007F0000000000FC2424E42424222222A36200000040308F804040231408142241D2
:209F80004080800000FE225A8600FE9292929292FE00000000FF04080700FF4020030C1417
:209FA0002241400000002010E8242724A424342CE0000000000080804F4020180710102061
:209FC0004F8000000484C434042F2424242F2424E42424000100FF00001F1111111F4080BF
:209FE0007F000000202028A8A8A8A8F8A4A4A4A6242020008080A0AFAAAAAAFFAAAAAAAFF3
:20A00000A08080000484C4B48C0000E40404FE4243420000804428182720404F48484F4862
:20A020004848400000101010FF1010F00000F8080808F800008040300F40807F00007F202C
:20A0400020207F00808084980008E82828FE2828E80800000080403F4090898583BF838580
:20A0600089908000040484C4A49C85868484A4C48404040000808040300F0000007F8080B2
:20A0800081F00000100C05555555857F8555555505140C000404020A09292A4C48A91902BA
:20A0A000020404000000FC0404041415569454341404040040300F0001010141817F010112
:20A0C00001050300407C407F484840F2121AD61212F20200908E404F201E804F2018071017
:20A0E000204F80000014A4442434AD6624940444A414000008090808090909FD09090B08F4
:20A100000809080004040404F49495969494F4040404040000FE02027A4A4A4A4A4A7A02CD
:20A1200082FE0000008060F80700FE02F202FE00F800FF00000000FF008047300F1027009B
:20A1400047807F0002020202C23EA2222222E20202020200000000782720101300003F405E
:20A16000404078000004FF242424FF0400FC4444C442400088482F0909192FC8601F00000B
:20A18000FF000000C8B88FE8888880824222121A26428000081808FF0404404242427E424A
:20A1A0004242400040484848FF484842A29E82A2C2BE000080601F207F4444404F48484881
:20A1C000484F40001060028C0000FE9292929292FE00000004047E01407E42427E427E428B
:20A1E000427E4000008C44B526A4640C02F21AD612F202001008FC4A494AFC08804F300FB3
:20A20000102FC000100C4444444445C64444444444140C008040201E2040407F4444444467
:20A220004440400000000000FC4444444546444444447C00004020180700FC4444444444AC
:20A240004444FC0080808080FF8080A0908884828080800000000000FF402112040810208F
:20A26000204040001010FF1010202424A47F24342826200010100F04020402FF4949494950
:20A28000FF000000C8B88FE88888404848E85F4848484000081808FF040400020B1222D247
:20A2A0000A060000008040300F0808E808080848281800008080402010080601060810203A
:20A2C00040808000008060F807101010D0FFD01010100000010000FF1008040B08FF080B1F
:20A2E0000408100004047454545454FF5454545474040400040415151555957F15151515A7
:20A300001F040400101010FF10105020D8171010F0101000007F2121217F804021160816C2
:20A3200021408000000000E224282020202824E200000000806000077282828AB28282E7FC
:20A3400000106000008060F8070004242425262424240400010000FF000000F9494949498A
:20A3600049F90000040484E41C0724242424A46424040400020100FF00020242827F0202F7
:20A38000020202008060F8878498002024A47F24342824000000FF00007F241201FF4949EB
:20A3A00049FF00004030EF246448487F4848487F4848400001017F211100FF494949494919
:20A3C000FF0000001010D0FF9010804828090E0828488800040300FF00018080432C102C36
:20A3E0004380800002FA8282FE804020504C434C5020400008184884443F404458414E6027
:20A40000584740001010D0FF905020504C434C5020404000040300FF00414458414E605829
:20A420004740400000007E92929292929292929E80E00000088848281E0808080808FE08FD
:20A440000808080002E222223E0000F94A4CF84C4AF90000004382423E0010131212FF12CB
:20A460001213100048445352567A52D0547B52565242420000009F553515151F1515355511
:20A480009F00000080808888888888FF888888888880800020201008040201FF0102040861
:20A4A0001020200008CC4A49484ACC18007F88888482E00000FF121252927F00007E8888E6
:20A4C0008482E000809090484C57242424544C4480808000000000FF4949497F494949FF08
:20A4E00000000000000000FE22222222FE22222222FE00000080601F020202027F02024286
:20A50000827F0000404042CC002022E22222E222222000000080403F40A0988780809FA0C1
:20A52000A0BC800004E4252624E4042020FF20E22C202000104B827E020B90601C03003F9D
:20A5400040407000404040FE404000F00080FE4020E000002060201F1010017F8180BF847C
:20A560008887F00000002424242424FC2222222322000000020202020242827F020202022C
:20A5800002020200101010FF1050445465C64464544440000444827F0182824A562322525E
:20A5A0004E820200000000C04040407F48484848C8080800008040370404146404146404DB
:20A5C0000710E0000000FC040404040404040404FC00000000007F202020202020202020C9
:20A5E0007F000000404042CC00004A32222AF121312D00000080403F408081BDA1A1BFA177
:20A60000A1BD8100002064249494BF80809FA4A4A222380000000000FF0A0A0A0A0A4A8AE4
:20A620007F0000004040424458C0407F40C05048464040008080402018070000003F404022
:20A64000404078004040C07E42424A72424242FE4040400000000F080808090E4888483FEB
:20A660000808000002FE9292FE0200101116F01413100000101F0808FF048141310D030DF6
:20A680003141810000000202FE42820242724E40C00000008040300C8380414628102846D1
:20A6A00041808000000000F8888C8A89888888F800000000000000FF44444444444444FFD0
:20A6C0000000000000080808F80808081010FF101010F000001030101F088848300E01404D
:20A6E00080403F0004040484E43C2724242424E40404040004020100FF0909090949897F89
:20A7000000000000000040424242C27E42C242424240400000804020100C0300003F4040EB
:20A72000404070000000080808080808080808080800000010101010101010101010101011
:20A74000101010000004848484848484848484848404000020202020202020202020202095
:20A760002020200000001011161010F010101413100000008181414121110D030D11214195
:20A780004181810000FE02FA02FE4020D8171010F01010008047300F10678040211608166B
:20A7A000214080008080849800001010FE1010FE101000000080403F4081A199878181BFFE
:20A7C0008181810000F808080808887F8808080808F8000000FF0008040201000001024CDA
:20A7E000807F000000E000FF10200888780F08E808088800010000FF00100C834423180787
:20A8000018628100201008F754545454545454F404040000809090494D57252525554D45E3
:20A82000808080004042CC00001E92527E525E52D21E000040201F20505150494A444241EE
:20A8400040404000C8B88FE888C840DE52525252DE404000081808FF0424203F252515150B
:20A86000FF10100000000002020202FE0202020202FE000000004020100C030000002040CC
:20A88000201F0000100C4424148445264484142444140C00040402FE45444444444445FEAA
:20A8A000020404000000020202028242F20E4282020202000010080402010000FF000000DA
:20A8C00001020C0000020212620202FE020242320202000001010101010101FF0101010169
:20A8E000010101001088C42308F493F29AF6004044C444000100FF001097543F54971040C4
:20A90000807F0000000888C8A99A8888680800F80000FF0000909048241219244280000F7A
:20A9200040807F00000000FE92929292929292FE0000000040424458407F4040407F405032
:20A940004846400040404242424242C24242424242404000201008060040807F0000000254
:20A9600004083000808084980000F848484C4A48487800000080403F4080BF929292929201
:20A980009292BE0000E000FF10200404844424140C040000010000FF00003846414040402F
:20A9A00040407800404042CC0040A09E8282829EA02020000000003F908840432C1028460B
:20A9C000418080004042CC0000E2222A2AF22A2622E0000080403F4080FF898989BF89A902
:20A9E000C9BF8000404042CC008282FE828202FE000000000000007F201000FF0000000FFE
:20AA00003040F800404042CC009090909090FF10111610000000003F1028603F1010010EE5
:20AA20003040F000000000F8A8A8ACAAA8A8A8F800000000806000077282828AB28282E7A4
:20AA40000010600080884848281808FE0818284848888000808080BF95959595959595BFB7
:20AA60008080800020222A2AAA6A3A2E292929292920200008040201FF555555555555FF2C
:20AA800000000000202020BEAAAAAAAAAAAAAABE20202000008080AFAAAAAAFFAAAAAAAF7B
:20AAA0008080000020C20C80027A4A4A7E4A7E4A4A7A020004047E0144251545857D05056C
:20AAC00015254400808084980010D25470505054D21000000080403F4080BF9595959595F9
:20AAE000BF80800000F808FF08F800027A4A4A4A7A020200000F00FF080F00FF49497F4942
:20AB000049FF0000002010E824272424E424342C20E000000080601F090909097F090949DD
:20AB2000897F0000002030AC633000FE021222C23202FE0000226722121200FF0804030079
:20AB400047807F00808084980000F8484848444446C400000080403F40B08FA0918A848AEA
:20AB600091A08000404042CC0000008484848484FC0000000000007F2010003F4040404018
:20AB8000414070008080829292929292929292FE80808000404022241048807F04081824CF
:20ABA0002240400080FE8282FE80FE8282FE8000F800FF00403F0020BF403F40807F000060
:20ABC0004F807F0000FE225A8620102824E324281020200000FF040827110D41817F010595
:20ABE00009310000008060F80780601C1010FF1010100000010000FF000202020202FF02E6
:20AC000002020200809090484C5724E424544C4480808000004222120A42827F02020A1230
:20AC2000224200004042CC0000445454547F54545444400000007F201000FF15151555954C
:20AC40007F00000088681FC80810C85452D1129408D01000091909FF0500FF1292FF005F89
:20AC6000807F00000000181610D0B89790909092941000000020108C8380414628102844A8
:20AC8000438080000080603C202020FE202020202020000081808484848484FF8484848493
:20ACA00084808000001060020CC000E22C203F2028E600000004047C030000FF090909494D
:20ACC000897F000000083000FF20202020FF2020222C200004040201FF8040300E010618E1
:20ACE00020408000000808088848A81E28488808080800008272010178808085988080E14A
:20AD0000091262000008488808C83800901010FF101010000020100C030418000043807F5A
:20AD2000000000000474D454FF54D47414087784443C0400828988E88B8888F9A8AAA9A88B
:20AD4000A98A820000404040FF2020200404FC040404FC00000000001F08844220180740A7
:20AD600080403F00101010FF902010E82724E4342CE000000242817F00848447241C071C98
:20AD80002447840000FE0202021222428242221A02020000007F4040484442414041424C29
:20ADA0004040400000FE0212929292FE9292921202FE000000FF40405F48484848485F4060
:20ADC00040FF0000008060F807000000FF40201008040000010000FF000402013F404040D4
:20ADE000404078000000F8888888880808FF08090AC8080080601F0010201F8040211618EC
:20AE00002641F800404042CC00002024A4243FA424A460000000007F2010888A4C29180FD1
:20AE20001828C8000202FE929292FE0206FC040404FC000008180F080804FF0484402718FF
:20AE400027408000108C4404E40495A64424148444940C0002027A414143427E4242424314
:20AE6000F80000000484E45C44C40002F2828282FE80800002017F10103F00080808084849
:20AE800088403F000000202010081467844424140C0000000004040402FE43434242424232
:20AEA00042FE00002424A4FE232240300F08C80808281800080601FF0102100C43807F0015
:20AEC00001061800000022322AA6A2622111098101000000004222130B42827E02020A128A
:20AEE000234600002030AC63300088C8A8998E88A8C8880022672212128040300F00003FAE
:20AF0000404071000020102CE7242400F01010FF1010F000000101017F211100070202FFD8
:20AF20000202070000020CE04020F84F4849FE484848080004047F000000FF2222223F22B5
:20AF4000222220001060028C0084E41C05C6BC2424E4040004047E010000FF8241261829A4
:20AF600046818000000000007F49494949497F000000000000FF49494949FF00FF49494923
:20AF800049FF00000000FE0202020202020202020202020080601F00000000000000000054
:20AFA000000000002424A4FE232200C03800FF0008106000080601FF010681804040271026
:20AFC0000C030000008282BAAAAAAAABAAAAAABA828280000241545454547CAAAAAAAAAA5E
:20AFE000A082E10000FE0222428272022242827202FE000000FF100806010E100806014E03
:20B00000807F0000404040FE404000F00000FE80808000002060201F109080FF8080FF8028
:20B02000808080004042CC0000809E92929292929E80000000007F2094844424140F1424B2
:20B0400044848400808888FF888880FE0202F20202FE00004020180708B040231806017E58
:20B060008083E000002030AC63201820900C0B080808F80000226722121212000001064057
:20B0800080403F00000000000000FE808080808080000000808080808080FF808080808034
:20B0A00080808000808084980010121C10F01018161000000080403F4081A1918D83858958
:20B0C000B181810004E4242464A4243F24A4642424E4040000FF00080909097F09090948C2
:20B0E000807F000040445465C664544400FC4444C442400020124A827F020A92601F0000EE
:20B10000FF000000000808E82828283E282828E808080000808080FF95959595959595FF81
:20B1200080808000404444FC4444FC444400F80000FE000088849390909093FC90909092A9
:20B14000948380004042CC0000829292F29E9292F282800000007F201000FC4444444444BD
:20B16000FC000000040424242424252624242424240404000000F9494949494949494949AA
:20B18000F90000000000F010101010FF10101010F000000000000F04040404FF0404040429
:20B1A0000F00000008080838C808090E0808C838080808008080404020110A040A112040E7
:20B1C0004080800000023AAA6A3F2A2A2AFF2AAA2EE000000002819E4242221A2222425E7C
:20B1E00081000000884828090A28488880708F0808F808004020110A040B30804020130C83
:20B20000334080000000E28282828282828282FE0000000000003F404040404040404040CC
:20B22000407800002038E730007CD655547C20D817F010002227121280621E4B8A7A8067BE
:20B2400018678000000004FF242424FF0400FE222222FE000088482F090919AF48300F02B9
:20B2600042827F0000083000FF008884532212CA0600000004040201FF00020A1242827F86
:20B2800002020200000000FE2222222222E222227E00000010080601101022224480010212
:20B2A0000408080000E000FF1020080808FF0808F8000000010000FF008141310D030D310B
:20B2C00041818100404042CC00202222A2622222222000000040201F20444E454444444528
:20B2E000464C4000001088C4330040424242C24242424000020100FF0000000040807F00DE
:20B300000000000000080889EA1888000404FC040404FC0000020100FF01864020180740B6
:20B3200080403F001010F01F10F00040E05847405060C0004022150816210000FE424242F6
:20B3400042FE00000000007F494949494949497F000000008141211D214181FF89898989AA
:20B360008981810000028282422212FA0622224242820000010100FC44444445444444FCA5
:20B380000000010000101010101012F4101010101010000080808282828282FF8282828265
:20B3A00082808000040444C44F4444C424242FB42404040040442424150C04FE040C1524D1
:20B3C000244440008060DE484800C83820A8A8FEA8F820000202FF42A24D314F888A8ABF3A
:20B3E0008A8A8800404040404040FF444444444444404000000000000000FF00000204080D
:20B4000010000000008060F80708080809FA080808080000010000FF40414141417F4141BD
:20B42000414140000484E45C44C42010E82724E4342CE00002017F10103F80601F09093FC2
:20B4400049897F00404042CC0000000000FF0000000000000000003F904820180700071899
:20B460002040800008080808C8380F08080808080808080008040201FF41414141414141A8
:20B48000FF000000020202020202FE020242820202020200000000000000FF0000000001D3
:20B4A000060000001010101010F01E1010101010101010004020908C83828282FE8282829F
:20B4C0008280800000FC0000FF0004848484848484FC0000008740300F0020202020202011
:20B4E000207F00004020F807F0A0904C5724A4544C8080000000FF001F80925249292412F9
:20B50000080000000484848484FC4030CC0B0808F8080800007F20101008804021160816D8
:20B5200021408000008060F8072020207FA0101116101000010000FF0000000000030C1056
:20B540002040F80000040404FF5454545454FF040404000011118985939191FD91919385BD
:20B560008911110000101092543010FF10305492101000008485454424140C060C14244431
:20B5800045848400000090884C57A42454548C840000000001018042221A07024282423ED6
:20B5A000010101000000C000E002041800C0300C40800000088641203F48444241404078D9
:20B5C00000010E00101010FF9020988888E98E8888A898000242817F000080844B2810281B
:20B5E00047800000000202F2121212F2020202FE020202000000000F0404040F0040807FF3
:20B600000000000000FC00000204180000807F0000000000003F1008844020100C0308109F
:20B6200020C00000004042CC0000FE829292FE929282FE000000003F10887F001E121212EC
:20B640005E807F00044444445F44C44444445F44C4040400000000000000FF0000081008FC
:20B660000700000000101011F61010101010F41310100000028242320F0202020202FF0213
:20B6800002020200406058C62000FC90A080FE80A090000044CE45242400FF888482FF82BF
:20B6A0008488800008C8B88FE8888840300FC8082818000008180808FF048440300E010E1C
:20B6C00030408000504847FC444440080808FF0808F80000003E201F107E8141310D030D9D
:20B6E000314181000000108886C0C0A0AF9090888284080000010100FF4A4A4A4A4A4A4AAD
:20B700004AFF000000000000000000000000000000000000000000000000000000000000E0
:20B72000000000000000000000000000000000000000000000000000000000000000000009
:20B740000000000000000000000000000000000000000000000000000000000000000000E9
:20B760000000000000000000000000000000000000000000000000000000000000000000C9
:20B780000000000000000000000000000000000000000000000000000000000000000000A9
:20B7A000000000000000000000000000000000000000000000000000000000000000000089
:20B7C000000000000000000000000000000000000000000000000000000000000000000069
:20B7E000000000000000000000000000000000000000000000000000000000000000000049
:20B80000000000000000000000000000000000000000000000000000000000000000000028
:20B82000000000000000000000000000000000000000000000000000000000000000000008
:20B840000000000000000000000000000000000000000000000000000000000000000000E8
:20B860000000000000000000000000000000000000000000000000000000000000000000C8
:20B880000000000000000000000000000000000000000000000000000000000000000000A8
:20B8A000000000000000000000000000000000000000000000000000000000000000000088
:20B8C000000000000000000000000000000000000000000000000000000000000000000068
:20B8E000000000000000000000000000000000000000000000000000000000000000000048
:20B90000000000000000000000000000000000000000000000000000000000000000000027
:20B92000000000000000000000000000000000000000000000000000000000000000000007
:20B940000000000000000000000000000000000000000000000000000000000000000000E7
:20B960000000000000000000000000000000000000000000000000000000000000000000C7
:20B980000000000000000000000000000000000000000000000000000000000000000000A7
:20B9A000000000000000000000000000000000000000000000000000000000000000000087
:20B9C000000000000000000000000000000000000000000000000000000000000000000067
:20B9E000000000000000000000000000000000000000000000000000000000000000000047
:20BA0000000000000000000000000000000000000000000000000000000000000000000026
:20BA2000000000000000000000000000000000000000000000000000000000000000000006
:20BA40000000000000000000000000000000000000000000000000000000000000000000E6
:20BA60000000000000000000000000000000000000000000000000000000000000000000C6
:20BA80000000000000000000000000000000000000000000000000000000000000000000A6
:20BAA000000000000000000000000000000000000000000000000000000000000000000086
:20BAC000000000000000000000000000000000000000000000000000000000000000000066
:20BAE000000000000000000000000000000000000000000000000000000000000000000046
:20BB0000000000000000000000000000000000000000000000000000000000000000000025
:20BB2000000000000000000000000000000000000000000000000000000000000000000005
:20BB40000000000000000000000000000000000000000000000000000000000000000000E5
:20BB60000000000000000000000000000000000000000000000000000000000000000000C5
:20BB80000000000000000000000000000000000000000000000000000000000000000000A5
:20BBA000000000000000000000000000000000000000000000000000000000000000000085
:20BBC000000000000000000000000000000000000000000000000000000000000000000065
:20BBE000000000000000000000000000000000000000000000000000000000000000000045
:20BC0000000000000000000000000000000000000000000000000000000000000000000024
:20BC2000000000000000000000000000000000000000000000000000000000000000000004
:20BC40000000000000000000000000000000000000000000000000000000000000000000E4
:20BC60000000000000000000000000000000000000000000000000000000000000000000C4
:20BC80000000000000000000000000000000000000000000000000000000000000000000A4
:20BCA000000000000000000000000000000000000000000000000000000000000000000084
:20BCC000000000000000000000000000000000000000000000000000000000000000000064
:20BCE000000000000000000000000000000000000000000000000000000000000000000044
:20BD0000000000000000000000000000000000000000000000000000000000000000000023
:20BD2000000000000000000000000000000000000000000000000000000000000000000003
:20BD40000000000000000000000000000000000000000000000000000000000000000000E3
:20BD60000000000000000000000000000000000000000000000000000000000000000000C3
:20BD80000000000000000000000000000000000000000000000000000000000000000000A3
:20BDA000000000000000000000000000000000000000000000000000000000000000000083
:20BDC000000000000000000000000000000000000000000000000000000000000000000063
:20BDE000000000000000000000000000000000000000000000000000000000000000000043
:20BE0000000000000000000000000000000000000000000000000000000000000000000022
:20BE2000000000000000000000000000000000000000000000000000000000000000000002
:20BE40000000000000000000000000000000000000000000000000000000000000000000E2
:20BE60000000000000000000000000000000000000000000000000000000000000000000C2
:20BE80000000000000000000000000000000000000000000000000000000000000000000A2
:20BEA000000000000000000000000000000000000000000000000000000000000000000082
:20BEC000000000000000000000000000000000000000000000000000000000000000000062
:20BEE000000000000000000000000000000000000000000000000000000000000000000042
:20BF0000000000000000000000000000000000000000000000000000000000000000000021
:20BF2000000000000000000000000000000000000000000000000000000000000000000001
:20BF40000000000000000000000000000000000000000000000000000000000000000000E1
:20BF60000000000000000000000000000000000000000000000000000000000000000000C1
:20BF80000000000000000000000000000000000000000000000000000000000000000000A1
:20BFA000000000000000000000000000000000000000000000000000000000000000000081
:20BFC000000000000000000000000000000000000000000000000000000000000000000061
:20BFE000000000000000000000000000000000000000000000000000000000000000000041
:20C00000000000000000000000000000000000000000000000000000000000000000000020
:20C02000000000000000000000000000000000000000000000000000000000000000000000
:20C040000000000000000000000000000000000000000000000000000000000000000000E0
:20C060000000000000000000000000000000000000000000000000000000000000000000C0
:20C080000000000000000000000000000000000000000000000000000000000000000000A0
:20C0A000000000000000000000000000000000000000000000000000000000000000000080
:20C0C000000000000000000000000000000000000000000000000000000000000000000060
:20C0E000000000000000000000000000000000000000000000000000000000000000000040
:20C1000000000000000000000000000000000000000000000000000000000000000000001F
:20C120000000000000000000000000000000000000000000000000000000000000000000FF
:20C140000000000000000000000000000000000000000000000000000000000000000000DF
:20C160000000000000000000000000000000000000000000000000000000000000000000BF
:20C1800000000000000000000000000000000000000000000000000000000000000000009F
:20C1A00000000000000000000000000000000000000000000000000000000000000000007F
:20C1C00000000000000000000000000000000000000000000000000000000000000000005F
:20C1E00000000000000000000000000000000000000000000000000000000000000000003F
:20C2000000000000000000000000000000000000000000000000000000000000000000001E
:20C220000000000000000000000000000000000000000000000000000000000000000000FE
:20C240000000000000000000000000000000000000000000000000000000000000000000DE
:20C260000000000000000000000000000000000000000000000000000000000000000000BE
:20C2800000000000000000000000000000000000000000000000000000000000000000009E
:20C2A00000000000000000000000000000000000000000000000000000000000000000007E
:20C2C00000000000000000000000000000000000000000000000000000000000000000005E
:20C2E00000000000000000000000000000000000000000000000000000000000000000003E
:20C3000000000000000000000000000000000000000000000000000000000000000000001D
:20C320000000000000000000000000000000000000000000000000000000000000000000FD
:20C340000000000000000000000000000000000000000000000000000000000000000000DD
:20C360000000000000000000000000000000000000000000000000000000000000000000BD
:20C3800000000000000000000000000000000000000000000000000000000000000000009D
:20C3A00000000000000000000000000000000000000000000000000000000000000000007D
:20C3C00000000000000000000000000000000000000000000000000000000000000000005D
:20C3E00000000000000000000000000000000000000000000000000000000000000000003D
:20C4000000000000000000000000000000000000000000000000000000000000000000001C
:20C420000000000000000000000000000000000000000000000000000000000000000000FC
:20C440000000000000000000000000000000000000000000000000000000000000000000DC
:20C460000000000000000000000000000000000000000000000000000000000000000000BC
:20C4800000000000000000000000000000000000000000000000000000000000000000009C
:20C4A00000000000000000000000000000000000000000000000000000000000000000007C
:20C4C00000000000000000000000000000000000000000000000000000000000000000005C
:20C4E00000000000000000000000000000000000000000000000000000000000000000003C
:20C5000000000000000000000000000000000000000000000000000000000000000000001B
:20C520000000000000000000000000000000000000000000000000000000000000000000FB
:20C540000000000000000000000000000000000000000000000000000000000000000000DB
:20C560000000000000000000000000000000000000000000000000000000000000000000BB
:20C5800000000000000000000000000000000000000000000000000000000000000000009B
:20C5A00000000000000000000000000000000000000000000000000000000000000000007B
:20C5C00000000000000000000000000000000000000000000000000000000000000000005B
:20C5E00000000000000000000000000000000000000000000000000000000000000000003B
:20C6000000000000000000000000000000000000000000000000000000000000000000001A
:20C620000000000000000000000000000000000000000000000000000000000000000000FA
:20C640000000000000000000000000000000000000000000000000000000000000000000DA
:20C660000000000000000000000000000000000000000000000000000000000000000000BA
:20C6800000000000000000000000000000000000000000000000000000000000000000009A
:20C6A00000000000000000000000000000000000000000000000000000000000000000007A
:20C6C00000000000000000000000000000000000000000000000000000000000000000005A
:20C6E00000000000000000000000000000000000000000000000000000000000000000003A
:20C70000000000000000000000000000000000000000000000000000000000000000000019
:20C720000000000000000000000000000000000000000000000000000000000000000000F9
:20C740000000000000000000000000000000000000000000000000000000000000000000D9
:20C760000000000000000000000000000000000000000000000000000000000000000000B9
:20C78000000000000000000000000000000000000000000000000000000000000000000099
:20C7A000000000000000000000000000000000000000000000000000000000000000000079
:20C7C000000000000000000000000000000000000000000000000000000000000000000059
:20C7E000000000000000000000000000000000000000000000000000000000000000000039
:20C80000000000000000000000000000000000000000000000000000000000000000000018
:20C820000000000000000000000000000000000000000000000000000000000000000000F8
:20C840000000000000000000000000000000000000000000000000000000000000000000D8
:20C860000000000000000000000000000000000000000000000000000000000000000000B8
:20C88000000000000000000000000000000000000000000000000000000000000000000098
:20C8A000000000000000000000000000000000000000000000000000000000000000000078
:20C8C000000000000000000000000000000000000000000000000000000000000000000058
:20C8E000000000000020DFF8201A08800020DFF81C1A08800020DFF8181A08700020DFF832
:20C90000041D0870704780B5DFF8FC1CDFF8FC0CF4F7C2F8DFF8F0190880DFF8EC09008863
:20C9200000285CD0DFF8E00C0078582831D1DFF8D80CC07958282CD1DFF8CC090288DFF868
:20C94000C81CDFF8CC0C007902F06CFD00285DD002F0C8FDDFF8BC2CDFF8AC1CDFF8B00C73
:20C96000007902F0C1FDDFF8A4190880DFF89C090288DFF8A01CDFF8940CF4F7D4F800208B
:20C98000DFF888190880EFF7CEFF0D20EEF7FBFF3CE0DFF8740C0078512809D1DFF8680952
:20C9A0000088012804D10120DFF86C1C08702DE000F007FC002829D000F026FCDFF84C099A
:20C9C0000288DFF8501CDFF8440CF4F7ACF80020DFF8381908800D20EEF7D5FF16E0DFF851
:20C9E000380C007800280ED00020DFF82C1C0870DFF8282CDFF81C1CDFF80C0C00F008F8A5
:20CA0000DFF8081908800D20EFF73AF801BD00002DE9F0472DED028B88B004000E00150040
:20CA20004FF47A71DFF8EC0BF0F71AFFDFF8E40B0600DFF8EC0B0278DFF8E81B3000F3F7F2
:20CA40009BFAADF81A00BDF81A00DFF8DC1B0880DFF8D40B00880644DFF8D01B3000F3F7F9
:20CA60008BFAADF81A00DFF8C00B0088BDF81A100818DFF8B41B0880BDF81A000644DFF82B
:20CA8000900B8079002800F0A1800020ADF81800BDF81800DFF8881B097889B2884280F0AF
:20CAA0003681DFF88C0BBDF8181009010844F3F7E7FCADF81C00DFF8780BBDF8181009014F
:20CAC0000844801DF3F7DCFCADF81E00DFF8600BBDF8181009010844C07A012803D19FEDB0
:20CAE000E40AB0EE408ADFF8480BBDF8181009010844C07A002803D1B7EE000AB0EE408A36
:20CB0000DFF82C0BBDF8181009010844C07A022803D1B7EE000AB0EE408ADFF8140BBDF8DA
:20CB2000181009010844C07A032803D19FEDDF0AB0EE408ADFF8F80ABDF818100901084455
:20CB4000C07A042803D19FEDDA0AB0EE408ABDF81870BDF81E80BDF81890BDF81CA018EE5F
:20CB6000100A02F06FFFCDE90401DFF8C40ABFB239010844801D02901FFA88F8CDF80480D3
:20CB8000DFF8AC0A1FFA89F95FEA0911084400901FFA8AFA5346BDF81820DFF8981A300052
:20CBA000F3F7EAF9ADF81A00DFF87C0A0088BDF81A100818DFF8701A0880BDF81A00064403
:20CBC000BDF81800401CADF8180061E70020ADF81800BDF81800DFF8481A097889B28842BE
:20CBE00080F09580DFF8480ABDF8181009010844F3F746FCADF81C00DFF8340ABDF8181075
:20CC000009010844801DF3F73BFCADF81E00DFF8200ABDF8181009010844C07A012803D1D2
:20CC20009FEDDC0AB0EE408ADFF8040ABDF8181009010844C07A002803D19FEDD70AB0EEC1
:20CC4000408ADFF8EC09BDF8181009010844C07A022803D19FEDD10AB0EE408ADFF8D00954
:20CC6000BDF8181009010844C07A032803D19FEDCC0AB0EE408ADFF8B809BDF818100901FF
:20CC80000844C07A042803D19FEDE40AB0EE408ABDF81870BDF81E80BDF81890BDF81CA0CE
:20CCA00018EE100A02F0CEFECDE90401DFF88009BFB239010844801D02901FFA88F8CDF8F7
:20CCC0000480DFF86C091FFA89F95FEA0911084400901FFA8AFA5346BDF81820DFF8281C6C
:20CCE0003000F3F749F9ADF81A00DFF83C090088BDF81A100818DFF830190880BDF81A00FF
:20CD00000644BDF81800401CADF8180061E74022DFF8F81B3000F3F72FF9ADF81A00DFF877
:20CD200008090088BDF81A100818DFF8FC180880BDF81A000644DFF8D81B3000F3F71CF9D6
:20CD4000ADF81A00DFF8E0080088BDF81A100818DFF8D4180880BDF81A0006440020ADF8A5
:20CD60001800BDF81800102853DABDF81800DFF8A41B097889B2884230D2DFF89C0B006898
:20CD8000BDF81810112251430844401CF3F778FBADF81C00BDF81800BDF81C30DFF8781BF1
:20CDA000096880B2112250430844401C00909BB2BDF81820DFF8641B3000F3F7DDF8ADF8AE
:20CDC0001A00DFF864080088BDF81A100818DFF858180880BDF81A00064414E0BDF81820A6
:20CDE000DFF83C1B3000F3F7C7F8ADF81A00DFF838080088BDF81A100818DFF82C1808802C
:20CE0000BDF81A000644BDF81800401CADF81800A7E70020ADF81800BDF81800102860DA69
:20CE2000BDF81800DFF8FC1A097889B2884233D2DFF8F40A0068BDF818100C225143084485
:20CE4000F3F71EFBADF81C00BDF81800BDF81C30DFF8D41A096880B20C225043084400903B
:20CE60009BB2BDF8180010F11002DFF8B01A01E0CDCCCC3D3000F3F77FF8ADF81A00DFF83A
:20CE8000A8070088BDF81A100818DFF89C170880BDF81A0006441EE00420ADF81C00BDF899
:20CEA000180010F11002DFF8841A03E00AD7233C6F12833A3000F3F75FF8ADF81A00DFF86A
:20CEC00068070088BDF81A100818DFF85C170880BDF81A000644BDF81800401CADF818008B
:20CEE0009AE70020ADF81800DFF83C070088FF2190FBF1F0401CBDF81810814230DADFF8C9
:20CF000028070088BDF81810FF2202FB1100FF2803DBFF20ADF81A0009E0DFF80C07008810
:20CF2000BDF81810FF2202FB1100ADF81A00BDF81A2092B2DFF8DC06BDF81810FF2359439F
:20CF40000144DFF8C806F3F7EEFDEFF7ECFCC820EEF713FEBDF81800401CADF81800C3E7D6
:20CF6000DFF8B00606000020DFF8BC1608804FF47A71DFF8A006F0F773FC0020ADF81800EF
:20CF8000BDF81800202880F28680BDF81800DFF89C1C07E0E5FF1F3BF9FF473DFE7FD83E74
:20CFA000DEFFC73C097889B2884274D2BDF8180000286AD0DFF8780C0068BDF818101422C0
:20CFC00051430844407C202845DBDFF8640C0068BDF81810142251430844407C40283ADA73
:20CFE000DFF84C0C0068BDF81810142251430844401CF3F745FAADF81C00BDF81800BDF8DF
:20D000001C30DFF82C1C096880B2142250430844401C00909BB2DFF8180C01E04201003A5B
:20D020000068BDF81810142251430844427CDFF8041C3000F2F7A0FFADF81A00DFF8E805A5
:20D040000088BDF81A100818DFF8DC150880BDF81A00064419E00420ADF81C00BDF8180035
:20D0600010F12002DFF8D01B3000F2F785FFADF81A00DFF8B4050088BDF81A100818DFF881
:20D08000A8150880BDF81A000644BDF81800401CADF8180074E70222DFF8A01B3000F2F722
:20D0A0006BFFADF81A00DFF880050088BDF81A100818DFF874150880BDF81A000644DFF88C
:20D0C00050183000F2F758FFADF81A00DFF858050088BDF81A100818DFF84C150880BDF889
:20D0E0001A0006440022DFF8581B3000F2F744FFADF81A00DFF830050088BDF81A100818B2
:20D10000DFF824150880BDF81A0006440122DFF8741C3000F2F730FFADF81A00DFF80805E9
:20D120000088BDF81A100818DFF8FC140880BDF81A0006440020ADF81800DFF8EC040088B4
:20D14000FF2190FBF1F0401CBDF81810814230DADFF8D4040088BDF81810FF2202FB1100FA
:20D16000FF2803DBFF20ADF81A0009E0DFF8B8040088BDF81810FF2202FB1100ADF81A00FD
:20D18000BDF81A2092B2DFF88C04BDF81810FF2359430144DFF87404F3F7C5FCEFF7C3FB77
:20D1A000C820EEF7EAFCBDF81800401CADF81800C3E7DFF87404008808B0BDEC028BBDE8C2
:20D1C000F08780B550480188DFF83C04F0F744FE002801D0002016E0DFF82C040078DFF8DD
:20D1E000141D0870DFF820044078DFF818140870DFF81C040079DFF8FC1C0978884201D0DD
:20D20000002000E0012002BD80B5DFF8F8030078012812D002281BD0032824D004282DD047
:20D22000052836D0062846D00C284CD00F283AD0102850D0302856D05DE0DFF8E023DFF822
:20D24000D413DFF8C40300F083F83049088059E0DFF8C823DFF8BC13DFF8AC0300F0ECF9E1
:20D260002A4908804EE0DFF8B423DFF8A813DFF8980300F04DFE2549088043E0DFF89C23E9
:20D28000DFF89013DFF8800300F05CFB1F49088038E0DFF88823DFF87C13DB4800F0D2FCA2
:20D2A0001A4908802EE0DD4ADA49D74800F07CFD1649088026E0D94AD649D34800F066FD06
:20D2C000124908801EE0D54AD249CF4801F070F90E49088016E0D14ACE49CB4801F054FD66
:20D2E0000A4908800EE0CD4ACA49C74802F096F80649088006E0C74A0121C34800F00AF8BF
:20D3000002490880002002BD226E0020246E0020746E00202DE9F04104000D0016002078F1
:20D320003070207850F080007070B57003200700390089B23000F0F78FFD804686F80380E8
:20D34000404680B2000A3071B81C80B2BDE8F0812DE9F64F91B004005FF000095FF0000AFD
:20D3600000250026A01CDFF8901B0860DFF8880B00680078DFF8841B0880DFF87C0B0068AE
:20D38000401CDFF8741B0860DFF8700B00880002DFF8681B0880DFF8640B0088DFF8581B8D
:20D3A000096809780843DFF8541B0880DFF8480B0068401CDFF8401B0860DFF83C0B006854
:20D3C0000078DFF83C1B0880DFF82C0B0068401CDFF8241B0860DFF8280B00880002DFF864
:20D3E000201B0880DFF8180B0088DFF80C1B096809780843DFF8081B0880DFF8FC0A0068E6
:20D40000401CDFF8F41A0860DFF8F00A0088402805DB119A02212000FFF77CFFEEE0DFF8BE
:20D42000DC0A0088DFF8D81A09880818412807DBDFF8C80A0088D0F14000DFF8C41A08804A
:20D44000DFF8B00A0078734908706E48007871494870DFF8AC0A008880B2C0086D49887032
:20D46000DFF89C0A0088082190FBF1F201FB1200002804D067488078401C66498870032039
:20D480008246DFF8780A0088082190FBF1F00600032081465F488078F6B23018C01C81452D
:20D4A00006DA00205B4901F8090019F10109F1E7002080464746DFF84C0A00780743DFF8A1
:20D4C000440A407857EA0027DFF83C0A0068008857EA0047DFF8340A007850EA0808DFF89B
:20D4E0002C0A407858EA0028DFF8200A807858EA0048DFF8180AC07858EA0068002081468F
:20D50000B9F1040F0ADADFF8FC0948440079DFF8FC1901F8090019F10109F1E700208146C8
:20D52000B9F1200F0ADA380030FA09F010F00100694601F8090019F10109F1E7002081464E
:20D54000B9F1200F0BDA404630FA09F010F001006946494481F8200019F10109F0E7DFF8CC
:20D560009C0900888146DFF894090088DFF890190988081881452ADADFF880090088B9EB34
:20D580000000082190FBF1F005005AFA85F040281DDA684610F80900002815D0DFF85C09C1
:20D5A0000088B9EB000008211A4A5AFA85F3D25C012390FBF1FC01FB1C0013FA00F01043B4
:20D5C00014495AFA85F2885419F10109CBE7114880781AEB000A5046010089B20D48F0F713
:20D5E0003BFC83460B4800F80AB0584680B2000A0849514448701AF1020080B213B0BDE807
:20D60000F08F0000756E00208049002000380140246C0020304E0020766E0020FC64002054
:20D62000B70401085C6A0208266E00204C6902087C5B0208D86802082DE9F64F91B0040018
:20D640005FF000095FF0000A00250026A01CDFF8A8180860DFF8A00800680078DFF89C1829
:20D660000880DFF894080068401CDFF88C180860DFF8880800880002DFF880180880DFF849
:20D680007C080088DFF87018096809780843DFF86C180880DFF860080068401CDFF85818B5
:20D6A0000860DFF8540800680078DFF854180880DFF844080068401CDFF83C180860DFF8D3
:20D6C000400800880002DFF838180880DFF830080088DFF82418096809780843DFF82018D3
:20D6E0000880DFF814080068401CDFF80C180860DFF808080088402805DB119A02212000E3
:20D70000FFF708FEFCE0DFF8F4070088DFF8F01709880818412807DBDFF8E0070088D0F1F6
:20D720004000DFF8DC170880DFF8C8070078DFF8301E0870DFF850060078DFF8241E487026
:20D74000DFF8BC07008880B2C008DFF8141E8870DFF8AC070088082190FBF1F201FB1200F5
:20D76000002806D0DFF8F80D8078401CDFF8F01D887003208246DFF884070088082190FB16
:20D78000F1F0060003208146DFF8D40D8078F6B23018C01C814507DA0020DFF8C41D01F8C4
:20D7A000090019F10109EFE7002080464746DFF8540700780743DFF84C07407857EA0027C5
:20D7C000DFF844070068008857EA0047DFF83C07007850EA0808DFF83407407858EA00289F
:20D7E000DFF82807807858EA0048DFF82007C07858EA006800208146B9F1040F0ADADFF862
:20D80000040748440079DFF8041701F8090019F10109F1E700208146B9F1200F0ADA38003C
:20D8200030FA09F010F00100694601F8090019F10109F1E700208146B9F1200F0BDA4046FC
:20D8400030FA09F010F001006946494481F8200019F10109F0E7DFF8A40600888146DFF83D
:20D860009C060088DFF898160988081881452CDADFF888060088B9EB0000082190FBF1F056
:20D8800005005AFA85F040281FDA684610F80900002817D0DFF864060088B9EB00000821F5
:20D8A000DFF8BC2C5AFA85F3D25C012390FBF1FC01FB1C0013FA00F01043DFF8A41C5AFAC0
:20D8C00085F2885419F10109C9E7DFF8940C80781AEB000A5046010089B2DFF8840CF0F793
:20D8E000BBFA8346DFF8780C00F80AB0584680B2000ADFF86C1C514448701AF1020080B2D8
:20D9000013B0BDE8F08F000068690208746A02088C6A0208526E0020186D00203C6E020824
:20D920004C6E0208536E00201C6D00205C6E020802004FF4006303FB02F393FBF1F31800A0
:20D9400000B270472DE9F74F2DED028B824600241AF10200DFF8A0150860DFF89C0500688E
:20D960000078DFF898150880DFF88C050068401CDFF884150860DFF8840500880002DFF85E
:20D980007C150880DFF874050088DFF86C15096809780843DFF864150880DFF85C05006889
:20D9A000401CDFF854150860DFF84C0500680078DFF84C150880DFF840050068401CDFF8E4
:20D9C00038150860DFF8380500880002DFF830150880DFF82C050088DFF81C1509680978C6
:20D9E0000843DFF81C150880DFF80C050068401CDFF804150860DFF86C0B0078DFF8FC149B
:20DA0000098880B2884205D2039A02215046FFF781FC06E1DFF84C0B0078DFF8E0140988F0
:20DA2000DFF8DC2412885118884209DADFF8340B0078DFF8C8140988401ADFF8C4140880FC
:20DA4000DFF8B0040078DFF8181B0870CE480078DFF80C1B4870DFF8A8040088C0B2400040
:20DA6000DFF8FC1A8870DFF8000B070000200400DFF8F80A8079002800F09080DFF87C0463
:20DA8000B0F90000060036B2DFF870040088DFF8701409880818864280F2A780DFF8D00AFE
:20DAA00036B231010844C07A012811D13868DFF8C41A09684843F6F799FD0022DFF8B83AFC
:20DAC000FBF70AF901F0E6FF08EE100A3F1D4EE0DFF89C0A36B231010844C07A002811D1BA
:20DAE0003868DFF8981A09684843F6F77FFD0022DFF88C3AFBF7F0F801F0CCFF08EE100A33
:20DB00003F1D34E0DFF8680A36B231010844C07A022821D13868DFF85C1A09684843F6F7BA
:20DB20005BFD0022DFF8503AFBF7D6F880468946DFF8480A0068F6F74FFD42464B46F6F7E5
:20DB400063FD0022DFF83C3AFBF7C6F801F0A2FF08EE100A3F1D0AE038680A2190FBF1F027
:20DB600000EE100AB8EEC00AB0EE408A3F1DBDEEC80A10EE100A80B2000ADFF8E419E4B22E
:20DB80002144C870BDEEC80A10EE100ADFF8D019E4B221440871A41C761C74E7D748B0F9AA
:20DBA0000000060036B2D5480088D5490988081886421ADADFF8B80936B231010844C16820
:20DBC0003868FFF7B5FE05003F1D280080B2000ADFF88C19E4B22144C870DFF88409E4B28E
:20DBE00020440571A41C761CDCE7DFF874098470E4B2E11C89B2DFF86809F0F72DF9834602
:20DC0000DFF85C09E4B2204480F803B0584680B2000ADFF84C19E4B221440871E4B2601D06
:20DC200080B2BDEC028BBDE8FE8F0000516E0020146D00206C6E02087C6E0208A46A0208DA
:20DC4000246C0208F8B504000D001600A01CAA490860A94800680078DFF82C190880A648DC
:20DC60000068401CA4490860DFF81C0900880002DFF814190880DFF8100900889E490968A9
:20DC800009780843DFF8001908809B480068401C99490860984800680078DFF8F018088028
:20DCA00095480068401C94490860934800680078DFF8DC18088090480068401C8E49086095
:20DCC00090484078C00705D52A0007212000FFF721FB55E0DFF8B8080088CC2807D1082740
:20DCE0003A0021002800F1F75DFE082048E0DFF898080088002835D1DFF8900800880028C2
:20DD000002D0FF280FD02DE00520EDF73CFE4FF4FA70EDF732FF0520EDF7B2FE01210D2011
:20DD2000F0F782FE1EE0DFF86C08006850F48060DFF8601808600620EDF725FE4FF4FA7016
:20DD4000EDF71BFF0620EDF79BFEDFF84808006830F48060DFF83C18086001210D20F0F7C6
:20DD600063FEFFE7DFF820080088012801D1FAF70BFF08273A0021002800F1F713FE08200C
:20DD8000F2BD0000386C0208756E0020F8B504000D001600FAF7F8FE08273A0021002800B6
:20DDA000F1F700FE0820F2BDF8B504000D001600A01C51490860504800680078DFF8D817D6
:20DDC00008804D480068401C4B490860DFF8C80700880002DFF8C0170880DFF8BC070088DE
:20DDE0004549096809780843DFF8AC17088042480068401C404908603F4800680078DFF8B9
:20DE00009C1708803C480068401C3B490860DFF88C0700880002DFF884170880DFF87C074B
:20DE200000883549096809780843DFF87017088031480068401C30490860DFF85C070088D9
:20DE4000002808D0DFF858070078DFF84C17098880B2884205D22A0002212000FFF75AFABF
:20DE600046E0DFF834070088401EDFF82C17088041F28830DFF82C1708804FF4FA70DFF8D1
:20DE800028170880DFF814070088B0F57F4F0BD0DFF808070088FF2806D0DFF80007008822
:20DEA0004FF6FF7188420AD1DFF80007DFF8E816098811225143405CEDF765FD11E0DFF853
:20DEC000DC06008800280AD1DFF8E006DFF8C816098811225143405CEDF7D2FD01E00020BB
:20DEE00006E008273A0021002800F1F75BFD0820F2BD0000746E0020706D0020286E0020BE
:20DF00002A6E0020606C0020206D0020406D00202DE9FE4F04000D001600A01CDFF81C1E8C
:20DF20000860DFF8180E00680078DFF8141E0880DFF8080E0068401CDFF8001E0860DFF826
:20DF4000000E00880002DFF8F81D0880DFF8F00D0088DFF8E81D096809780843DFF8E01D6C
:20DF60000880DFF8D80D0068401CDFF8D01D0860DFF8C80D00680078DFF8C81D0880DFF8C6
:20DF8000BC0D0068401CDFF8B41D0860DFF8B40D00880002DFF8AC1D0880DFF8A80D008886
:20DFA000DFF8981D096809780843DFF8981D0880DFF8880D0068401CDFF8801D0860DFF8A1
:20DFC0007C0D0560DFF8800D0078DFF8701D09680870DFF8680D0068401CDFF8601D08605E
:20DFE0000320DFF8581D09680870DFF8500D0068401CDFF8481D0860DFF8440D0088322823
:20E000007CDADFF83C0D0088DFF85815097889B2884205D32A0002212000FFF77BF988E21F
:20E02000DFF840050078DFF8181D0988DFF8142D12885118884209DADFF828050078DFF894
:20E04000001D0988401ADFF8FC1C0880DFF8F40C00884000DFF8F41C0880DFF8F00C0088D8
:20E06000DFF8D81C09680870DFF8D00C0068401CDFF8C81C0860DFF8F0048146DFF8C00C1D
:20E080000088DFF8CC1C0880DFF8C40C0088DFF8B41C0988884280F03F82DFF8D404DFF8C9
:20E0A000B01C098809010844C168D9F80000FFF73FFC824619F10409504680B2000ADFF8FA
:20E0C0007C1C09680870DFF8740C0068401CDFF86C1C0860DFF8640C006880F800A0DFF83F
:20E0E0005C0C0068401CDFF8541C0860DFF8600C0088401CDFF8581C0880C5E7DFF8400C7C
:20E10000008850286CD10620DFF8401C0880DFF83C0C0088DFF8241C09680870DFF81C0C3B
:20E120000068401CDFF8141C0860DFF8280C0068007ADFF8081C09680870DFF8000C006890
:20E14000401CDFF8F81B0860DFF8080C0068407ADFF8E81B09680870DFF8E00B0068401CBB
:20E16000DFF8D81B0860DFF8EC0B0068807ADFF8CC1B09680870DFF8C40B0068401CDFF855
:20E18000BC1B0860DFF8CC0B0068C07ADFF8AC1B09680870DFF8A40B0068401CDFF89C1B91
:20E1A0000860DFF8B00B0068007BDFF8901B09680870DFF8880B0068401CDFF8801B08600F
:20E1C000DFF8900B0068407BDFF8701B09680870DFF8680B0068401CDFF8601B08609BE11B
:20E1E000DFF85C0B008855281FD1DFF86C0BF2F747F98346DFF8640BF2F742F9DFF8601BF0
:20E2000009880291DFF8501B0191CDF800B0DFF84C3B0200DFF84C1BDFF8200B0068F1F7A1
:20E22000ABFEDFF8281B088076E1DFF8140B008860282CD10220DFF8141B0880DFF80C0B9B
:20E240000088DFF8F81A09680870DFF8F00A0068401CDFF8E81A08600020DFF8E01A09682C
:20E260000870DFF8D80A0068401CDFF8D01A0860DFF8F40A0078DFF8C41A09680870DFF8BE
:20E28000BC0A0068401CDFF8B41A086044E1DFF8B00A0088FA2880F2A180DFF8A40A0088E7
:20E2A0006438DFF89C1A0880DFF8940A0088DFF8BC1A097889B2884205D32A000221200038
:20E2C000FFF728F835E1DFF8A40A0078DFF8701A0988DFF8702A12885118884205DA2A00DC
:20E2E00002212000FFF716F823E1DFF8580A00884C2805DB2A0002212000FFF70BF818E15F
:20E30000DFF8400A008880B24000DFF8401A0880DFF8380A0088DFF8241A09680870DFF8B3
:20E320001C0A0068401CDFF8141A0860DFF8140A0088DFF80C1A09880818DFF8081A0880DA
:20E34000DFF82C0AC078002803D1DFF8280A070010E0DFF81C0AC078012803D1DFF8180A51
:20E36000070007E0DFF8080AC078022802D1DFF80C0A0700DFF8C8090088DFF8D419088021
:20E38000DFF8CC090088DFF8BC190988884280F0C38038888046BF1C404680B2000ADFF895
:20E3A0009C1909680870DFF894090068401CDFF88C190860DFF88409006880F80080DFF808
:20E3C0007C090068401CDFF874190860DFF880090088401CDFF878190880D1E7DFF86009FC
:20E3E0000088B0F59670DFF858190880DFF850090088DFF88C19097889B2884205D32A005E
:20E4000002212000FEF786FF93E0DFF874090078DFF82C190988DFF82C291288511888425A
:20E4200009DADFF85C090078DFF814190988401ADFF810190880DFF80C0900884000DFF843
:20E440000C190880DFF804090088DFF8F01809680870DFF8E8080068401CDFF8E018086019
:20E46000DFF8E0080088DFF8D81809880818DFF8D4180880DFF8C8080088DFF8D418088018
:20E48000DFF8CC080088DFF8BC180988884243D2DFF8F008006800880121DFF8B428128800
:20E4A0009140084218D00020DFF8901809680870DFF888080068401CDFF88018086055205A
:20E4C000DFF8781809680870DFF870080068401CDFF86818086017E00020DFF86018096843
:20E4E0000870DFF858080068401CDFF850180860AA20DFF8481809680870DFF84008006891
:20E50000401CDFF838180860DFF844080088401CDFF83C180880B3E7DFF830080088C11C48
:20E5200089B22800EEF7D8FBDFF820080088401D80B2BDE8FE8F0100C9B20A20C9B20A222B
:20E5400091FBF2F291FBF0F300FB131050EA0210DFF8BC2D1070DFF8B80D00787047000067
:20E56000304E0020B7040108F4690020246C00207C5B0208586D0020000059405C6D0020C4
:20E5800000408F400088C3402C6E00202E6E0020306E00208C6C0020326E0020346E002013
:20E5A000338F0108EA6D0020DC6D0020506302082DE9F84304000D001600DFF8580D0560DA
:20E5C000DFF8540D4079DFF8501D097A88422FD10120DFF8481D0870DFF86C070078DFF84B
:20E5E000341D09680870DFF82C0D0068401CDFF8241D08600C20DFF81C1D09680870DFF891
:20E60000140D0068401CDFF80C1D08600020DFF8041D09680870DFF8FC0C0068401CDFF832
:20E62000F41C086003212800EEF756FB052082E3DFF8E40CDFF8E01C49790A2251430844EE
:20E640000A3007000020DFF8D81C0870DFF8D00C0078DFF8D01C0978884214D27878DFF830
:20E66000501D0968DFF8B82C127814235A431144497C884207D0DFF8A80C0078401CDFF8B2
:20E68000A01C0870E2E7DFF8C0060078DFF8841C09680870DFF87C0C0068401CDFF8741C7E
:20E6A00008600C20DFF86C1C09680870DFF8640C0068401CDFF85C1C08600F20DFF8541C46
:20E6C00009680870DFF84C0C0068401CDFF8441C08607888DFF8DC1C0880DFF8D80C008825
:20E6E000642190FBF1F0DFF82C1C09680870DFF8240C0068401CDFF81C1C0860DFF8B40C48
:20E700000088642190FBF1F201FB1200C0B2DFF8A41C0880DFF89C0C0088C0B2FFF70BFF66
:20E72000DFF8F01B09680870DFF8E80B0068401CDFF8E01B08603879DFF8D81B09680870E2
:20E74000DFF8D00B0068401CDFF8C81B08607879DFF8C01B09680870DFF8B80B0068401C37
:20E76000DFF8B01B0860B879DFF8A81B09680870DFF8A00B0068401CDFF8981B0860F87932
:20E78000DFF8901B09680870DFF8880B0068401CDFF8801B0860387ADFF8781B0968087001
:20E7A000DFF8700B0068401CDFF8681B0860787ADFF8001C0880DFF8FC0B0088B0F5FA6FA0
:20E7C00007DBDFF8F00B0088B0F5FA60DFF8E41B0880787ADFF83C1B09680870DFF8340B81
:20E7E0000068401CDFF82C1B086078780F2806DB78782F2803D078783F2840F08F800120F6
:20E80000DFF8101B09680870DFF8080B0068401CDFF8001B08607878DFF8F81A0968087043
:20E82000DFF8F00A0068401CDFF8E81A0860387800280CD0FF20DFF8DC1A09680870DFF8A2
:20E84000D40A0068401CDFF8CC1A08600BE00020DFF8C01A09680870DFF8B80A0068401CEF
:20E86000DFF8B01A08600020DFF8A81A09680870DFF8A00A0068401CDFF8981A0860002097
:20E88000DFF8901A09680870DFF8880A0068401CDFF8801A08600020DFF8781A0968087096
:20E8A000DFF8700A0068401CDFF8681A0860DFF8680A4079401CDFF8601A4871DFF8580AE1
:20E8C0004079232190FBF1F201FB1200DFF8481A4871DFF8440A4079DFF83C1A097A884275
:20E8E00010D10120DFF8341A08700020DFF8241A09680870DFF81C0A0068401CDFF8141A95
:20E9000008600BE0FF20DFF80C1A09680870DFF8040A0068401CDFF8FC190860787820286A
:20E92000C0F26C8178782F2880F268810220DFF8E41909680870DFF8DC090068401CDFF860
:20E94000D419086078781F38DFF8C81909680870DFF8C0090068401CDFF8B8190860387856
:20E9600000280CD0FF20DFF8AC1909680870DFF8A4090068401CDFF89C1908600BE00020A8
:20E98000DFF8901909680870DFF888090068401CDFF880190860DFF8180A0068DFF8801939
:20E9A0000978142251430844807C00285BD10020DFF8601909680870DFF858090068401C1B
:20E9C000DFF8501908600020DFF8481909680870DFF840090068401CDFF8381908600020BA
:20E9E000DFF8301909680870DFF828090068401CDFF820190860DFF820094079401CDFF8DE
:20EA000018194871DFF810094079232190FBF1F201FB1200DFF800194871DFF8FC08407966
:20EA2000DFF8F418097A884210D10120DFF8EC1808700020DFF8DC1809680870DFF8D408CA
:20EA40000068401CDFF8CC180860D7E0FF20DFF8C41809680870DFF8BC080068401CDFF827
:20EA6000B4180860CAE00020DFF8481908800020DFF8441908700020DFF840190880DFF85D
:20EA80003C090088232863DADFF824090068DFF83019DFF82829128812011144097B1422B1
:20EAA00051430844407C7978884249D1DFF81009DFF8081909880901084412308046DFF837
:20EAC0005808DFF8541849790A22514308440C3081460020DFF8EC180870DFF8E808007810
:20EAE000082811DA404610F10108494611F1010900780978884207D1DFF8C8080078401CBA
:20EB0000DFF8C0180870E8E7DFF8B8080078082816D1DFF8AC08DFF8A418098809010844D4
:20EB2000008ADFF890180880DFF89408DFF88C18098809010844C07BDFF87C18087007E06A
:20EB4000DFF878080088401CDFF87018088096E7DFF8C0070368DFF85C080288DFF8580811
:20EB60000178DFF84C080068DFF8B4C79CF800C05FF0140E0EFB0CFC6044C07C00F09EFBF8
:20EB8000DFF894074079401CDFF88C174871DFF888074079232190FBF1F201FB1200DFF805
:20EBA00078174871DFF86C070068C01CDFF864170860DFF864074079DFF85C17097A884233
:20EBC00010D10120DFF8541708700020DFF8441709680870DFF83C070068401CDFF834173E
:20EBE00008600BE0FF20DFF82C1709680870DFF824070068401CDFF81C1708607878302820
:20EC0000C0F2948078783F2880F290800320DFF8041709680870DFF8FC060068401CDFF8E3
:20EC2000F416086078783038DFF8E81609680870DFF8E0060068401CDFF8D81608603878EE
:20EC400000280CD0FF20DFF8CC1609680870DFF8C4060068401CDFF8BC1608600BE000206E
:20EC6000DFF8B01609680870DFF8A8060068401CDFF8A01608600020DFF898160968087042
:20EC8000DFF890060068401CDFF8881608600020DFF8801609680870DFF878060068401CD7
:20ECA000DFF8701608600020DFF8681609680870DFF860060068401CDFF858160860DFF8AC
:20ECC00058064079401CDFF850164871DFF848064079232190FBF1F201FB1200DFF8381608
:20ECE0004871DFF834064079DFF82C16097A884210D10120DFF8241608700020DFF814167F
:20ED000009680870DFF80C060068401CDFF8041608600BE0FF20DFF8FC1509680870DFF852
:20ED2000F4050068401CDFF8EC15086012212800EDF7D2FF1420BDE8F2830000706D00207B
:20ED4000286E00202A6E0020746E0020386E0020366E0020246D00206C6C02085C6C020854
:20ED6000FC6D00200C710208446D0020546E0020506C0020B0660020D4680020606700207B
:20ED8000536E0020206D00202DE9F84F82460C0015001AF10200DFF830160860DFF8280608
:20EDA00000680078DFF824160880DFF81C060068401CDFF814160860DFF81006008800023D
:20EDC000DFF808160880DFF804060088DFF8F815096809780843DFF8F4150880DFF8E80500
:20EDE0000068401CDFF8E0150860DFF8DC0500680078DFF8DC150880DFF8CC050068401CC7
:20EE0000DFF8C4150860DFF8C80500880002DFF8C0150880DFF8B8050088DFF8AC15096853
:20EE200009780843DFF8A8150880DFF89C050068401CDFF894150860DFF88C05006800787E
:20EE4000DFF890150880DFF880050068401CDFF878150860DFF874050088502880F2C880B8
:20EE6000DFF86C050088062804D1DFF8680500880C2805D0220002215046FEF74BFA1BE2D8
:20EE8000DFF8440500680078DFF844150880DFF838050068401CDFF830150860DFF8300552
:20EEA00000880002DFF828150880DFF824050088DFF81415096809780843DFF814150880DF
:20EEC000DFF804050068401CDFF8FC140860DFF8000500884FF47A7110FB01F0DFF8F014D6
:20EEE0000880DFF8EC0400882870DFF8E404008880B2000A6870DFF8D0040068401CDFF802
:20EF0000C8140860DFF8C00400680078A870DFF8B8040068401CDFF8B0140860DFF8A8043D
:20EF20000068401CDFF8A0140860DFF89C0400680078E870DFF890040068401CDFF88814C9
:20EF40000860DFF884040068401CDFF87C140860DFF87404006800786871DFF86C040068A0
:20EF6000401CDFF864140860DFF85C040068401CDFF854140860DFF8500400680078A871B8
:20EF8000DFF844040068401CDFF83C140860DFF8380400680078DFF838140880DFF828045E
:20EFA0000068401CDFF820140860DFF8240400880002DFF81C140880DFF814040088DFF8B4
:20EFC0000814096809780843DFF804140880DFF8F8030068401CDFF8F0130860DFF8F003BF
:20EFE00000883030E8710021280000F09DF957E1DFF8D8030088512815D1DFF8D8030088F6
:20F00000552840F04D81EAF74FFE0920F0F79EF85FF00709DFF8C0B34A4659462000F0F7C2
:20F02000C1FC072048E1DFF8A4030088602807D1DFF894030068401CDFF88C1308602FE13D
:20F04000DFF888030088FA2880F29B80DFF884030088DFF87C130988B0EB410F05D0220058
:20F0600002215046FEF756F926E1DFF8600300886438DFF858130880DFF850030088DFF8DB
:20F080005C13097889B2884205D3220002215046FEF740F910E1DFF844030078DFF82C13FD
:20F0A0000988DFF82C2312885118884205DADFF82C030078C649088006E0C5480088C34951
:20F0C00009880818C2490880C5480700BF480088C4490880C3480088BD490988884225D2C9
:20F0E000B94800680078C0490880B7480068401CB5490860BC4800880002BB490880BA4859
:20F100000088B149096809780843B7490880AE480068401CAC490860B34800883880BF1C7B
:20F12000B0480088401CAF490880D3E745F6A520AE490880AA4806005A20AD490880AC4856
:20F140000188C9B23000EEF767FEA849A1F86800A648F0F725FA002805D122000321504671
:20F16000FEF7D8F8A8E0A34801780120F0F7D8FA002840F09580220003215046FEF7CAF804
:20F180009AE092480088B0F59670904908808F4800889949097889B2884205D322000221A3
:20F1A0005046FEF7B7F887E09348007887490988874A12885118884205DA220002215046A2
:20F1C000FEF7A8F878E0824800888049098808187F4908808948C078002802D1884880468C
:20F1E0000FE08648C078012802D18648804608E08248C078022802D18348804601E0804869
:20F20000804618F104087148008876490880754800886F49098888423DD26B480068401CAD
:20F22000694908606848006800787849088066480068401C6449086074480088552810D1B2
:20F240005A206849098808F801007148006800880121644A1288914008436D490968088013
:20F2600013E06A480088AA280FD1A5205D49098808F801006648006800880121594A1288B5
:20F280009140884362490968088056480088401C54490880BBE75948C078801CEFF756FF35
:20F2A0005FF006094A4651462000F0F77BFB06212000EDF711FD0820BDE8F28F70B492B25D
:20F2C0004FF4807505FB02F56426B5FBF6F52C00504D2B602500ADB22D0A4E4E36683570EC
:20F2E0004C4D2D686D1C4B4E35604A4D2D682C70484D2D686D1C474E35600025454E36682E
:20F300003570444D2D686D1C424E356070BC7047776E0020746D00201C5C0020686E0020FD
:20F320007A6E0020516E00207CB506000C0030780500761C3078000210FA85F5761CADB245
:20F340004FF47A7095FBF0F0C0B2EEF712FD8DF80200ADB24FF47A7095FBF0F100FB1150CA
:20F36000ADF800003078EEF704FD761C8DF803003078EEF7FEFC761C8DF80400761C307864
:20F38000EEF7F7FC761C8DF805003078EEF7F1FC761C8DF806003078EEF7EBFC8DF80700E2
:20F3A0006846F1F74AF81C48F0F7CEFF73BD0000146D00203A6E0020796E00203C6E0020F3
:20F3C000E0590020786E0020706D0020286E00202A6E0020406E0020F4710208546E002044
:20F3E000EC6500203E6E0020426E0020E8650020466E0020446D0020536E0020506C002031
:20F40000186B0020606B0020906B0020446E0020206D0020786D0020686C002003000820A0
:20F42000704700002DE9F84304000D00160000270020DFF8DC1508600020DFF8D0150870D2
:20F44000287858284BD1E879582848D1B6B20E2E01DA002044E0E87AF021084201D0002005
:20F460003EE0287A697A50EA01200A308146494689B22800EEF75EFD070038001FFA89F981
:20F4800015F8091080B289B2884201D0002027E068782100C9B2884201D0002020E0E87A7E
:20F4A000A97A50EA012080461FFA88F8DFF8640510EB0800DFF8581508601FFA88F84AF2AB
:20F4C0000A00804509D1287B697B50EA0120DFF8481548810020EFF7E3FB012000E000209F
:20F4E000BDE8F283002070472DE9F14FADF5976D0C00150000208346DFF814050068000CB1
:20F500000004DFF81015884204D1582005F80B001BF1010B9DF8B80405F80B001BF1010B43
:20F5200000208246BAF1050F07D2002005F80B001BF1010B1AF1010AF4E7DFF8D404006803
:20F54000000C0004DFF8CC14884204D1582005F80B001BF1010BDFF8B8040068DFF8BC140B
:20F56000884256D10A2005F80B001BF1010B002005F80B001BF1010BDFF894040068000A2F
:20F5800005F80B001BF1010BDFF884040068803805F80B001BF1010B002005F80B001BF178
:20F5A000010BDFF87C04008805F80B001BF1010BDFF86C04008880B2000A05F80B001BF121
:20F5C000010BDFF86004808805F80B001BF1010BDFF85004C08805F80B001BF1010BDFF852
:20F5E0004404C08880B2000A05F80B001BF1010BDFF83004008905F80B001BF1010BDFF894
:20F600002404008980B2000A05F80B001BF1010BE6E1DFF8FC030068DFF80C14884240F0E7
:20F62000EF8001208046A07CE17C50EA012080B28146207B617B50EA012080B20600A07B82
:20F64000E17B50EA012080B28246300080B2514689B250EA01400090B9F1010F50D1009847
:20F6600000284DD1207D617D50EA012080B281464A4692B25FF4F00114F11B00F4F795F9C4
:20F680004A4692B25FF4F00101A8F4F7B1F8002006004E4508D201A8805D04EB0601C97EBF
:20F6A000884201D1761CF4E74E4540F07F80DFF86803C0F80C900120DFF85C130881607E1B
:20F6C000A17E50EA0120D4494880207E81465FEA0940A17DE27D51EA022110FA81F0CE4967
:20F6E0000861207C617C50EA0120CB49C880AA20C9498880002080460020EFF7D1FA55E0A1
:20F70000607EA17E50EA012080B20600207D617D50EA012080B28246207E07003804A17D8A
:20F72000E27D51EA022110FA81F7BE48408886423CD1BC480069874238D1BA480089401CC1
:20F74000814533D1EDF7EFF8524692B2B548C06810F5F00114F11B00F4F727F9524692B216
:20F76000B048C06810F5F00101A8F4F741F800200600564508D201A8805D04EB0601C97E48
:20F78000884201D1761CF4E756450FD1A2480089401CA1490881A048C0681AEB00009E49A7
:20F7A000C860002080460020EFF77AFA0B2005F80B001BF1010B002005F80B001BF1010B36
:20F7C00093480068000A05F80B001BF1010B90480068803805F80B001BF1010B002006007E
:20F7E000082E08D204EB0600007B05F80B001BF1010B761CF4E705F80B801BF1010BEFE08D
:20F80000834800688949884240F08080012080468448C0888349098988425AD100208146B4
:20F820008048C068800A824600200600564516D24FF480624FF4806000FB06F010F5F001AE
:20F8400001A8F3F7D5FF4A4692B24FF4806101A8EEF739FB8146EDF766F8761CE6E7714866
:20F86000C068800516D06F48C0688205920D4FF4806000FB06F010F5F00101A8F3F7B8FF9C
:20F880004A4692B26748C0688105890D01A8EEF71AFB8146EDF747F862484089814518D1F2
:20F8A00020226048C0686249091801A8F3F7A0FF604901A800F036F900280AD1AA2056495B
:20F8C00088805520544988820120EFF7E9F900208046032005F80B001BF1010B002005F8D5
:20F8E0000B001BF1010B4A480068000A05F80B001BF1010B46480068803805F80B001BF1FF
:20F90000010B05F80B801BF1010B69E0404800684949884220D14948F4F758F980460320FF
:20F9200005F80B001BF1010B002005F80B001BF1010B37480068000A05F80B001BF1010B56
:20F9400033480068803805F80B001BF1010B05F80B801BF1010B43E02D4800683849884201
:20F960002FD101208046607EA17E50EA012080B20600B6F5006F07D24FF4805000FB06F019
:20F98000F3F77CFF00208046032005F80B001BF1010B002005F80B001BF1010B1C480068CD
:20F9A000000A05F80B001BF1010B19480068803805F80B001BF1010B05F80B801BF1010BDC
:20F9C0000EE0D12005F80B001BF1010B012005F80B001BF1010B352005F80B001BF1010B72
:20F9E000594689B22800EEF7A5FA05F80B001BF1010B162005F80B001BF1010B584680B23B
:20FA00000DF5806D2FB0BDE8F08F00007B6E00207C6D00200000A1A5E86A00200AA0A1A53A
:20FA2000FC6D0020D06A002005A1A1A505A2A1A5D0FF7700D0FF030805A3A1A500C07700C5
:20FA400005A4A1A55FF0FF0C1CEAD05114BF614506E0C110400721F0E04101F16051704733
:20FA600079B900F0004100020AD0B0FA80FC00FA0CF001F16051A1EB0C5101EBD02140057D
:20FA8000704741020CBF40F4E0016FF000010020704700004FEAF17CBCF1E04C2CBFBCF53A
:20FAA000001F11E05FEA4C0C34BFBCF17F5F2EE05FEA9C0C4FEA0C1C4FEA3C0CC10071F113
:20FAC00000414CEB50707047C90241EA5051C00218BF41F0010141F000414FEA6C50C0F1BC
:20FAE0000900212810D240EACC7CCCF1200C11FA0CF070F10040CCF1200C21FA0CF00CF0D3
:20FB0000004C40EB0C0070474FEACC707047490011F5001F04D84FEACC10FF30C005704775
:20FB2000C8177047820707D010F8012B11F8013BBAB19A42F6D014E002680B689A42A2F109
:20FB4000013301BF934313F0803F50F8042F51F8043FF3D010F8012B11F8013B0AB19A423F
:20FB6000F8D0D01A7047000001312ECFDFC2B7B2CECAFD000000000000060000005054B6EE
:20FB8000CFCFDF00000000100000020000000100010020001469020801B5E7D1B9B1D5CBB5
:20FBA000F8000022E8030F2728235802580256000000000002BFD8BBD8B6CFCFDF00001046
:20FBC000000001000000010001002000F86A0208034354B1E4B1C8202000004001000F2737
:20FBE000010064005F00200000000000045054D2BBB4CED6B50000220A00A00F0A00640096
:20FC00005F006B560000000005CCF8BACFCEBBD4B40000100000010000000100010020002E
:20FC20000C6B02080000000000000000000000000000000000000000000000000000000043
:20FC40000000000000000000000000000000000000000000000000000000000000000000A4
:20FC6000000000000000000000000000000000000000000000000000000000000000000084
:20FC8000000000000000000000000000000000000000000000000000000000000000000064
:20FCA000000000000000000000000000000000000000000000000000000000000000000044
:20FCC00000000000000000000000000002322ECFE0BCE4B9FDC1F749B6CE00000003000035
:20FCE00006BFD8D6C6D7D600000000100000030000000100010020000868020807B5E7C10B
:20FD0000F7000000000000220A000F27E80364005F0041000000000008CAB1BCE400000078
:20FD2000000000220000E803000058025802530000000000000000000000000000000000AF
:20FD40000000000000000000000000000000000000000000000000000000000000000000A3
:20FD6000000000000000000000000000000000000000000000000000000000000000000083
:20FD8000000000000000000000000000000000000000000000000000000000000000000063
:20FDA000000000000000000000000000000000000000000000000000000000000000000043
:20FDC000000000000000000000000000000000000000000000000000000000000000000023
:20FDE000000000000000000000000000000000000000000000000000000000000000000003
:20FE00000000000000000000000000000000000000000000000000000000000000000000E2
:20FE20000000000000000000000000000000000003332ECFE0BCE4B9FDC1F74949B6CE008B
:20FE40000003000009BFD8D6C6D7D600000000100000030000000100010020000868020807
:20FE60000AB5E7C1F7000000000000220A000F27EE0264005F004100000000000BCAB1BC8C
:20FE8000E40000000000002200000F273200580258025300000000000000000000000000ED
:20FEA000000000000000000000000000000000000000000000000000000000000000000042
:20FEC000000000000000000000000000000000000000000000000000000000000000000022
:20FEE000000000000000000000000000000000000000000000000000000000000000000002
:20FF00000000000000000000000000000000000000000000000000000000000000000000E1
:20FF20000000000000000000000000000000000000000000000000000000000000000000C1
:20FF40000000000000000000000000000000000000000000000000000000000000000000A1
:20FF6000000000000000000000000000000000000000000000000000000000000000000081
:20FF8000000000000000000000000000000000000000000004342ECFE0BCE4B9FDC1F749F5
:20FFA0004949B6CE000300000CBFD8D6C6D7D6000000001000000300000001000100200007
:20FFC000086802080DB5E7C1F7000000000000220A000F27F40164005F00410000000000EB
:20FFE0000ECAB1BCE40000000000002200000F27C8005802580253000000000000000000B1
:020000040802F0
:200000000000000000000000000000000000000000000000000000000000000000000000E0
:200020000000000000000000000000000000000000000000000000000000000000000000C0
:200040000000000000000000000000000000000000000000000000000000000000000000A0
:20006000000000000000000000000000000000000000000000000000000000000000000080
:20008000000000000000000000000000000000000000000000000000000000000000000060
:2000A000000000000000000000000000000000000000000000000000000000000000000040
:2000C000000000000000000000000000000000000000000000000000000000000000000020
:2000E00000000000000000000000000000000000000000000000000005352EB7B4CAB1CFE3
:20010000DEB9FDC1F7000000000300000FBFD8D6C6D7D6000000001000000300000001008D
:20012000010020002C68020810B5E7C1F7000000000000220A000F27640064005F004100D2
:200140000000000011CAB1BCE40000000000002200000F27640058025802530000000000B0
:2001600000000000000000000000000000000000000000000000000000000000000000007F
:2001800000000000000000000000000000000000000000000000000000000000000000005F
:2001A00000000000000000000000000000000000000000000000000000000000000000003F
:2001C00000000000000000000000000000000000000000000000000000000000000000001F
:2001E0000000000000000000000000000000000000000000000000000000000000000000FF
:200200000000000000000000000000000000000000000000000000000000000000000000DE
:200220000000000000000000000000000000000000000000000000000000000000000000BE
:200240000000000000000000000000000000000000000000000000000000000006362EB97B
:20026000FDB8BABAC9B1A3BBA40000000003000012BFD8D6C6D7D6000000001000000200D2
:200280000000010001002000F868020813B5E7C1F7000000000000220A000F272C01640078
:2002A0005F0041000000000014CAB1BCE4000000000000310A000F27640058025802530093
:2002C00000000000000000000000000000000000000000000000000000000000000000001E
:2002E0000000000000000000000000000000000000000000000000000000000000000000FE
:200300000000000000000000000000000000000000000000000000000000000000000000DD
:200320000000000000000000000000000000000000000000000000000000000000000000BD
:2003400000000000000000000000000000000000000000000000000000000000000000009D
:2003600000000000000000000000000000000000000000000000000000000000000000007D
:2003800000000000000000000000000000000000000000000000000000000000000000005D
:2003A00000000000000000000000000000000000000000000000000000000000000000003D
:2003C00007372ED6D8BACFD5A2000000000000000002000015BFD8D6C6D7D60000000010FC
:2003E000000001000000010001002000F86A020816B6AFD7F7D1D3CAB10000220A000F27A4
:20040000640058025802530000000000000000000000000000000000000000000000000071
:200420000000000000000000000000000000000000000000000000000000000000000000BC
:2004400000000000000000000000000000000000000000000000000000000000000000009C
:2004600000000000000000000000000000000000000000000000000000000000000000007C
:2004800000000000000000000000000000000000000000000000000000000000000000005C
:2004A00000000000000000000000000000000000000000000000000000000000000000003C
:2004C00000000000000000000000000000000000000000000000000000000000000000001C
:2004E0000000000000000000000000000000000000000000000000000000000000000000FC
:200500000000000000000000000000000000000000000000000000000000000000000000DB
:200520000000000008382EBCD3CBD9B6CEB9FDC1F70000000003000017BFD8D6C6D7D6002E
:20054000000000100000020000000100010020000868020818B5E7C1F7000000000000225F
:200560000A000F27F40164005F0041000000000019CAB1BCE40000000000002200000F27B6
:200580001E0058025802530000000000000000000000000000000000000000000000000036
:2005A00000000000000000000000000000000000000000000000000000000000000000003B
:2005C00000000000000000000000000000000000000000000000000000000000000000001B
:2005E0000000000000000000000000000000000000000000000000000000000000000000FB
:200600000000000000000000000000000000000000000000000000000000000000000000DA
:200620000000000000000000000000000000000000000000000000000000000000000000BA
:2006400000000000000000000000000000000000000000000000000000000000000000009A
:2006600000000000000000000000000000000000000000000000000000000000000000007A
:20068000000000000000000009392EB3E4B5E7B1A3BBA40000000000000300001ABFD8D67A
:2006A000C6D7D60000000010000001000000010001002000F86A02081BB5E7C1F7000000B9
:2006C000000000220A000F27F40164005F004100000000001CCAB1BCE40000000000002266
:2006E00000000F271E0058025802530000000000000000000000000000000000000000009F
:200700000000000000000000000000000000000000000000000000000000000000000000D9
:200720000000000000000000000000000000000000000000000000000000000000000000B9
:20074000000000000000000000000000000000000000000000000000000000000000000099
:20076000000000000000000000000000000000000000000000000000000000000000000079
:20078000000000000000000000000000000000000000000000000000000000000000000059
:2007A000000000000000000000000000000000000000000000000000000000000000000039
:2007C000000000000000000000000000000000000000000000000000000000000000000019
:2007E0000000000000000000000000000A31302EC1E3D0F2B9FDC1F749B6CE0000030000BC
:200800001DBFD8D6C6D7D60000000010000002000000010001002000F86802081EB5E7C1C2
:20082000F7000000000000220A000F27F40164005F004100000000001FCAB1BCE40000002C
:200840000000002200000F2732005802580253000000000000000000000000000000000007
:20086000000000000000000000000000000000000000000000000000000000000000000078
:20088000000000000000000000000000000000000000000000000000000000000000000058
:2008A000000000000000000000000000000000000000000000000000000000000000000038
:2008C000000000000000000000000000000000000000000000000000000000000000000018
:2008E0000000000000000000000000000000000000000000000000000000000000000000F8
:200900000000000000000000000000000000000000000000000000000000000000000000D7
:200920000000000000000000000000000000000000000000000000000000000000000000B7
:20094000000000000000000000000000000000000B31312EC1E3D0F2B9FDC1F74949B6CE12
:200960000003000020BFD8D6C6D7D60000000010000002000000010001002000F8680208D6
:2009800021B5E7C1F7000000000000220A000F27F40164005F0041000000000022CAB1BC2E
:2009A000E40000000000002200000F273200580258025300000000000000000000000000C2
:2009C000000000000000000000000000000000000000000000000000000000000000000017
:2009E0000000000000000000000000000000000000000000000000000000000000000000F7
:200A00000000000000000000000000000000000000000000000000000000000000000000D6
:200A20000000000000000000000000000000000000000000000000000000000000000000B6
:200A4000000000000000000000000000000000000000000000000000000000000000000096
:200A6000000000000000000000000000000000000000000000000000000000000000000076
:200A8000000000000000000000000000000000000000000000000000000000000000000056
:200AA00000000000000000000000000000000000000000000C31322EB9FDB5E7D1B9B1A369
:200AC000BBA400000003000023BFD8D6C6D7D600000000100000020000000100010020007D
:200AE000F868020824B5E7D1B900000000000032E803983AF82A64005F0056000000000018
:200B000025CAB1BCE40000000000002205000F2764005802580253000000000000000000CD
:200B20000000000000000000000000000000000000000000000000000000000000000000B5
:200B4000000000000000000000000000000000000000000000000000000000000000000095
:200B6000000000000000000000000000000000000000000000000000000000000000000075
:200B8000000000000000000000000000000000000000000000000000000000000000000055
:200BA000000000000000000000000000000000000000000000000000000000000000000035
:200BC000000000000000000000000000000000000000000000000000000000000000000015
:200BE0000000000000000000000000000000000000000000000000000000000000000000F5
:200C00000000000000000000000000000000000000000000000000000D31332EB5CDB5E717
:200C2000D1B9B1A3BBA400000003000026BFD8D6C6D7D6000000001000000300000001005A
:200C4000010020005068020827B5E7D1B900000000000032E8031027401F64005F00560098
:200C60000000000028CAB1BCE40000000000002205000F2764005802580253000000000069
:200C8000000000000000000000000000000000000000000000000000000000000000000054
:200CA000000000000000000000000000000000000000000000000000000000000000000034
:200CC000000000000000000000000000000000000000000000000000000000000000000014
:200CE0000000000000000000000000000000000000000000000000000000000000000000F4
:200D00000000000000000000000000000000000000000000000000000000000000000000D3
:200D20000000000000000000000000000000000000000000000000000000000000000000B3
:200D4000000000000000000000000000000000000000000000000000000000000000000093
:200D6000000000000000000000000000000000000000000000000000000000000E31342ED2
:200D8000B5CDC6B5B1A3BBA4000000000004000029BFD8D6C6D7D600000000100000020084
:200DA0000000010001002000F86802082AC6B5C2CA00000000000022CC1088132413640042
:200DC0005F00485A000000002BCAB1BCE40000000000002200000F27640058025802530009
:200DE000000000002CB1D5CBF8B5E7C1F70000220A000F27640064005F0041000000000060
:200E00000000000000000000000000000000000000000000000000000000000000000000D2
:200E20000000000000000000000000000000000000000000000000000000000000000000B2
:200E4000000000000000000000000000000000000000000000000000000000000000000092
:200E6000000000000000000000000000000000000000000000000000000000000000000072
:200E8000000000000000000000000000000000000000000000000000000000000000000052
:200EA000000000000000000000000000000000000000000000000000000000000000000032
:200EC000000000000000000000000000000000000000000000000000000000000000000012
:200EE00001312EB5E7B6AFBBFAB2CECAFD00000000070000005054B6CFCFDF0000000010A7
:200F0000000001000000010001002000F86A020801B6EEB6A8B5E7C1F700002214000F277F
:200F2000E8035802580241000000000002C6F4B6AFCAB1BCE400002200000F27E8035802F8
:200F4000580253000000000003BFD8BBD8B6CFCFDF00001000000100000001000100200051
:200F6000F86A0208044354B1E4B1C8202000004001000F27010064005F00200000000000C1
:200F8000055054D2BBB4CED6B50000220A00A00F0A0064005F006B560000000006CCF8BA21
:200FA000CFCEBBD4B40000100000010000000100010020000C6B020800000000000000009D
:200FC000000000000000000000000000000000000000000000000000000000000000000011
:200FE0000000000000000000000000000000000000000000000000000000000000000000F1
:201000000000000000000000000000000000000000000000000000000000000000000000D0
:201020000000000000000000000000000000000000000000000000000000000000000000B0
:201040000000000002322EB5E7C1F7CBD9B6CF00000000000004000007BFD8D6C6D7D600C6
:2010600000000010000001000000010001002000F86A020808B8DFB5E7C1F70000000022BC
:201080000A000F27200364005F0041000000000009B5CDB5E7C1F700000000220A000F27A8
:2010A000F40164005F004100000000000ACAB1BCE4000000000000220000E80300005802AB
:2010C000580253000000000000000000000000000000000000000000000000000000000063
:2010E0000000000000000000000000000000000000000000000000000000000000000000F0
:201100000000000000000000000000000000000000000000000000000000000000000000CF
:201120000000000000000000000000000000000000000000000000000000000000000000AF
:2011400000000000000000000000000000000000000000000000000000000000000000008F
:2011600000000000000000000000000000000000000000000000000000000000000000006F
:2011800000000000000000000000000000000000000000000000000000000000000000004F
:2011A000000000000000000003332ECFE0BCE4B9FDC1F70000000000000300000BBFD8D693
:2011C000C6D7D60000000010000001000000010001002000F86A02080CB5E7C1F70000009D
:2011E000000000220A000F27F40164005F004100000000000DCAB1BCE4000000000000224A
:2012000000000F27640058025802530000000000000000000000000000000000000000002D
:201220000000000000000000000000000000000000000000000000000000000000000000AE
:2012400000000000000000000000000000000000000000000000000000000000000000008E
:2012600000000000000000000000000000000000000000000000000000000000000000006E
:2012800000000000000000000000000000000000000000000000000000000000000000004E
:2012A00000000000000000000000000000000000000000000000000000000000000000002E
:2012C00000000000000000000000000000000000000000000000000000000000000000000E
:2012E0000000000000000000000000000000000000000000000000000000000000000000EE
:2013000000000000000000000000000004342EB8BAD0F2B9FDC1F7000000000000030000C2
:201320000EBFD8D6C6D7D60000000010000001000000010001002000F86A02080FB8BAD0CF
:20134000F2B5E7C1F70000220A000F27F40164005F0041000000000010CAB1BCE4000000C1
:201360000000002200000F27640058025802530000000000000000000000000000000000AA
:2013800000000000000000000000000000000000000000000000000000000000000000004D
:2013A00000000000000000000000000000000000000000000000000000000000000000002D
:2013C00000000000000000000000000000000000000000000000000000000000000000000D
:2013E0000000000000000000000000000000000000000000000000000000000000000000ED
:201400000000000000000000000000000000000000000000000000000000000000000000CC
:201420000000000000000000000000000000000000000000000000000000000000000000AC
:2014400000000000000000000000000000000000000000000000000000000000000000008C
:201460000000000000000000000000000000000005352EB7B4CAB1CFDEB9FDC1F700000003
:201480000003000011BFD8D6C6D7D600000000100000030000000100010020002C68020885
:2014A00012B5E7C1F7000000000000220A000F27F40164005F0041000000000013CAB1BC21
:2014C000E40000000000002200000F27640058025802530000000000000000000000000065
:2014E0000000000000000000000000000000000000000000000000000000000000000000EC
:201500000000000000000000000000000000000000000000000000000000000000000000CB
:201520000000000000000000000000000000000000000000000000000000000000000000AB
:2015400000000000000000000000000000000000000000000000000000000000000000008B
:2015600000000000000000000000000000000000000000000000000000000000000000006B
:2015800000000000000000000000000000000000000000000000000000000000000000004B
:2015A00000000000000000000000000000000000000000000000000000000000000000002B
:2015C000000000000000000000000000000000000000000006362EB3A4C6F4B6AFB1A3BB1C
:2015E000A40000000001000014BFD8D6C6D7D600000000100000010000000100010020001F
:20160000F86A0208000000000000000000000000000000000000000000000000000000005E
:201620000000000000000000000000000000000000000000000000000000000000000000AA
:2016400000000000000000000000000000000000000000000000000000000000000000008A
:2016600000000000000000000000000000000000000000000000000000000000000000006A
:2016800000000000000000000000000000000000000000000000000000000000000000004A
:2016A00000000000000000000000000000000000000000000000000000000000000000002A
:2016C00000000000000000000000000000000000000000000000000000000000000000000A
:2016E0000000000000000000000000000000000000000000000000000000000000000000EA
:201700000000000000000000000000000000000000000000000000000000000000000000C9
:2017200000000000000000000000000000000000000000000000000007372EB6C2D7AAB193
:20174000A3BBA400000000000003000015BFD8D6C6D7D6000000001000000100000001007D
:2017600001002000F86A020816B5E7C1F7000000000000220A000F27F40164005F00410017
:201780000000000017CAB1BCE40000000000002200000F2764005802580253000000000054
:2017A000000000000000000000000000000000000000000000000000000000000000000029
:2017C000000000000000000000000000000000000000000000000000000000000000000009
:2017E0000000000000000000000000000000000000000000000000000000000000000000E9
:201800000000000000000000000000000000000000000000000000000000000000000000C8
:201820000000000000000000000000000000000000000000000000000000000000000000A8
:20184000000000000000000000000000000000000000000000000000000000000000000088
:20186000000000000000000000000000000000000000000000000000000000000000000068
:201880000000000000000000000000000000000000000000000000000000000008382EB921
:2018A000FDB8BABAC9B1A3BBA40000000003000018BFD8D6C6D7D600000000100000020076
:2018C0000000010001002000F868020819B5E7C1F7000000000000220A000F27F401640054
:2018E0005F004100000000001ACAB1BCE40000000000003100000F27640058025802530041
:201900000000000000000000000000000000000000000000000000000000000000000000C7
:201920000000000000000000000000000000000000000000000000000000000000000000A7
:20194000000000000000000000000000000000000000000000000000000000000000000087
:20196000000000000000000000000000000000000000000000000000000000000000000067
:20198000000000000000000000000000000000000000000000000000000000000000000047
:2019A000000000000000000000000000000000000000000000000000000000000000000027
:2019C000000000000000000000000000000000000000000000000000000000000000000007
:2019E0000000000000000000000000000000000000000000000000000000000000000000E7
:201A000009392EC1E3D0F2B9FDC1F70000000000000300001BBFD8D6C6D7D6000000001074
:201A2000000002000000010001002000F86802081CB5E7C1F7000000000000220A000F2746
:201A4000F40164005F004100000000001DCAB1BCE40000000000002200000F273200580271
:201A60005802530000000000000000000000000000000000000000000000000000000000B9
:201A8000000000000000000000000000000000000000000000000000000000000000000046
:201AA000000000000000000000000000000000000000000000000000000000000000000026
:201AC000000000000000000000000000000000000000000000000000000000000000000006
:201AE0000000000000000000000000000000000000000000000000000000000000000000E6
:201B00000000000000000000000000000000000000000000000000000000000000000000C5
:201B20000000000000000000000000000000000000000000000000000000000000000000A5
:201B4000000000000000000000000000000000000000000000000000000000000000000085
:201B6000000000000A31302EB9FDB5E7D1B9B1A3BBA40000000300001EBFD8D6C6D7D6003C
:201B800000000010000002000000010001002000F86802081FB5E7D1B90000000000003230
:201BA000E803983AF82A64005F0056000000000020CAB1BCE40000000000002205000F2795
:201BC00064005802580253000000000000000000000000000000000000000000000000009A
:201BE0000000000000000000000000000000000000000000000000000000000000000000E5
:201C00000000000000000000000000000000000000000000000000000000000000000000C4
:201C20000000000000000000000000000000000000000000000000000000000000000000A4
:201C4000000000000000000000000000000000000000000000000000000000000000000084
:201C6000000000000000000000000000000000000000000000000000000000000000000064
:201C8000000000000000000000000000000000000000000000000000000000000000000044
:201CA000000000000000000000000000000000000000000000000000000000000000000024
:201CC00000000000000000000B31312EC7B7B5E7D1B9B1A3BBA400000003000021BFD8D681
:201CE000C6D7D60000000010000002000000010001002000F868020822B5E7D1B90000008B
:201D000000000032E8031027401F64005F0056000000000023CAB1BCE40000000000002297
:201D200005000F2764005802580253000000000000000000000000000000000000000000FD
:201D4000000000000000000000000000000000000000000000000000000000000000000083
:201D6000000000000000000000000000000000000000000000000000000000000000000063
:201D8000000000000000000000000000000000000000000000000000000000000000000043
:201DA000000000000000000000000000000000000000000000000000000000000000000023
:201DC000000000000000000000000000000000000000000000000000000000000000000003
:201DE0000000000000000000000000000000000000000000000000000000000000000000E3
:201E00000000000000000000000000000000000000000000000000000000000000000000C2
:201E20000000000000000000000000000C31322EB1BECCE5B1A3BBA43100000000020000FF
:201E400024BFD8D6C6D7D60000000010000002000000010001002000F868020825CAB1BC84
:201E6000E40000000000002200000F276400580258025300000000000000000000000000BB
:201E8000000000000000000000000000000000000000000000000000000000000000000042
:201EA000000000000000000000000000000000000000000000000000000000000000000022
:201EC000000000000000000000000000000000000000000000000000000000000000000002
:201EE0000000000000000000000000000000000000000000000000000000000000000000E2
:201F00000000000000000000000000000000000000000000000000000000000000000000C1
:201F20000000000000000000000000000000000000000000000000000000000000000000A1
:201F4000000000000000000000000000000000000000000000000000000000000000000081
:201F6000000000000000000000000000000000000000000000000000000000000000000061
:201F8000000000000000000000000000000000000D31332EB1BECCE5B1A3BBA4320000009D
:201FA0000002000026BFD8D6C6D7D60000000010000002000000010001002000F86802087B
:201FC00027CAB1BCE40000000000002200000F2764005802580253000000000000000000FC
:201FE0000000000000000000000000000000000000000000000000000000000000000000E1
:202000000000000000000000000000000000000000000000000000000000000000000000C0
:202020000000000000000000000000000000000000000000000000000000000000000000A0
:20204000000000000000000000000000000000000000000000000000000000000000000080
:20206000000000000000000000000000000000000000000000000000000000000000000060
:20208000000000000000000000000000000000000000000000000000000000000000000040
:2020A000000000000000000000000000000000000000000000000000000000000000000020
:2020C000000000000000000000000000000000000000000000000000000000000000000000
:2020E00000000000000000000000000000000000000000000E31342EB1BECCE5B1A3BBA46C
:20210000330000000002000028BFD8D6C6D7D600000000100000020000000100010020004E
:20212000F868020829CAB1BCE40000000000002200000F276400580258025300000000002E
:2021400000000000000000000000000000000000000000000000000000000000000000007F
:2021600000000000000000000000000000000000000000000000000000000000000000005F
:2021800000000000000000000000000000000000000000000000000000000000000000003F
:2021A00000000000000000000000000000000000000000000000000000000000000000001F
:2021C0000000000000000000000000000000000000000000000000000000000000000000FF
:2021E0000000000000000000000000000000000000000000000000000000000000000000DF
:202200000000000000000000000000000000000000000000000000000000000000000000BE
:2022200000000000000000000000000000000000000000000000000000000000000000009E
:2022400000000000000000000000000000000000000000000000000001312EB1E4D1B9C639
:20226000F7B2CECAFD00000000050000005054B6CFCFDF0000000010000001000000010032
:2022800001002000F86A020801BFD8BBD8B6CFCFDF00001000000100000001000100200020
:2022A000F86A0208024354B1E4B1C8202000004001000F27010064005F0020000000000070
:2022C000035054D2BBB4CED6B50000220A00A00F0A0064005F006B560000000004CCF8BAD2
:2022E000CFCEBBD4B40000100000010000000100010020000C6B020800000000000000004A
:202300000000000000000000000000000000000000000000000000000000000000000000BD
:2023200000000000000000000000000000000000000000000000000000000000000000009D
:2023400000000000000000000000000000000000000000000000000000000000000000007D
:2023600000000000000000000000000000000000000000000000000000000000000000005D
:2023800000000000000000000000000000000000000000000000000000000000000000003D
:2023A0000000000000000000000000000000000000000000000000000000000002322ECFEC
:2023C000E0BCE4B9FDC1F749B6CE00000003000005BFD8D6C6D7D600000000100000010049
:2023E0000000010001002000F86A020806B5E7C1F7000000000000220A000F27F40164003A
:202400005F0041000000000007CAB1BCE4000000000000220000E8030000580258025300E6
:2024200000000000000000000000000000000000000000000000000000000000000000009C
:2024400000000000000000000000000000000000000000000000000000000000000000007C
:2024600000000000000000000000000000000000000000000000000000000000000000005C
:2024800000000000000000000000000000000000000000000000000000000000000000003C
:2024A00000000000000000000000000000000000000000000000000000000000000000001C
:2024C0000000000000000000000000000000000000000000000000000000000000000000FC
:2024E0000000000000000000000000000000000000000000000000000000000000000000DC
:202500000000000000000000000000000000000000000000000000000000000000000000BB
:2025200003332ECFE0BCE4B9FDC1F74949B6CE000003000008BFD8D6C6D7D6000000001069
:20254000000001000000010001002000F86A020809B5E7C1F7000000000000220A000F272D
:20256000F40164005F004100000000000ACAB1BCE40000000000002200000F276400580227
:2025800058025300000000000000000000000000000000000000000000000000000000008E
:2025A00000000000000000000000000000000000000000000000000000000000000000001B
:2025C0000000000000000000000000000000000000000000000000000000000000000000FB
:2025E0000000000000000000000000000000000000000000000000000000000000000000DB
:202600000000000000000000000000000000000000000000000000000000000000000000BA
:2026200000000000000000000000000000000000000000000000000000000000000000009A
:2026400000000000000000000000000000000000000000000000000000000000000000007A
:2026600000000000000000000000000000000000000000000000000000000000000000005A
:202680000000000004342EB7B4CAB1CFDEB9FDC1F7000000000300000BBFD8D6C6D7D600E5
:2026A000000000100000030000000100010020002C6802080CB5E7C1F700000000000022C5
:2026C0000A000F27F40164005F004100000000000DCAB1BCE40000000000002200000F2741
:2026E00064005802580253000000000000000000000000000000000000000000000000006F
:202700000000000000000000000000000000000000000000000000000000000000000000B9
:20272000000000000000000000000000000000000000000000000000000000000000000099
:20274000000000000000000000000000000000000000000000000000000000000000000079
:20276000000000000000000000000000000000000000000000000000000000000000000059
:20278000000000000000000000000000000000000000000000000000000000000000000039
:2027A000000000000000000000000000000000000000000000000000000000000000000019
:2027C0000000000000000000000000000000000000000000000000000000000000000000F9
:2027E000000000000000000005352EB9FDB8BABAC9B1A3BBA4000000000300000EBFD8D695
:20280000C6D7D60000000010000002000000010001002000F86802080FB5E7C1F700000044
:20282000000000220A000F27F40164005F0041000000000010CAB1BCE400000000000031E1
:2028400000000F2764005802580253000000000000000000000000000000000000000000D7
:20286000000000000000000000000000000000000000000000000000000000000000000058
:20288000000000000000000000000000000000000000000000000000000000000000000038
:2028A000000000000000000000000000000000000000000000000000000000000000000018
:2028C0000000000000000000000000000000000000000000000000000000000000000000F8
:2028E0000000000000000000000000000000000000000000000000000000000000000000D8
:202900000000000000000000000000000000000000000000000000000000000000000000B7
:20292000000000000000000000000000000000000000000000000000000000000000000097
:2029400000000000000000000000000006362EB8DFD1B9B2E0C1E3D0F200000000030000F1
:2029600011BFD8D6C6D7D60000000010000002000000010001002000F868020812B5E7C159
:20298000F7000000000000220A000F27F40164005F0041000000000013CAB1BCE4000000B7
:2029A0000000002200000F2732005802580253000000000000000000000000000000000086
:2029C0000000000000000000000000000000000000000000000000000000000000000000F7
:2029E0000000000000000000000000000000000000000000000000000000000000000000D7
:202A00000000000000000000000000000000000000000000000000000000000000000000B6
:202A2000000000000000000000000000000000000000000000000000000000000000000096
:202A4000000000000000000000000000000000000000000000000000000000000000000076
:202A6000000000000000000000000000000000000000000000000000000000000000000056
:202A8000000000000000000000000000000000000000000000000000000000000000000036
:202AA0000000000000000000000000000000000007372ED6D8CDDFCBB9B1A3BBA400000019
:202AC0000002000014BFD8D6C6D7D60000000010000002000000010001002000F868020862
:202AE00015CAB1BCE40000000000002200000F2764005802580253000000000000000000E3
:202B00000000000000000000000000000000000000000000000000000000000000000000B5
:202B2000000000000000000000000000000000000000000000000000000000000000000095
:202B4000000000000000000000000000000000000000000000000000000000000000000075
:202B6000000000000000000000000000000000000000000000000000000000000000000055
:202B8000000000000000000000000000000000000000000000000000000000000000000035
:202BA000000000000000000000000000000000000000000000000000000000000000000015
:202BC0000000000000000000000000000000000000000000000000000000000000000000F5
:202BE0000000000000000000000000000000000000000000000000000000000000000000D5
:202C0000000000000000000000000000000000000000000008382EC7E1CDDFCBB9B1A3BB5F
:202C2000A40000000002000016BFD8D6C6D7D60000000010000002000000010001002000C4
:202C4000F868020817CAB1BCE40000000000002200000F2764005802580253000000000015
:202C6000000000000000000000000000000000000000000000000000000000000000000054
:202C8000000000000000000000000000000000000000000000000000000000000000000034
:202CA000000000000000000000000000000000000000000000000000000000000000000014
:202CC0000000000000000000000000000000000000000000000000000000000000000000F4
:202CE0000000000000000000000000000000000000000000000000000000000000000000D4
:202D00000000000000000000000000000000000000000000000000000000000000000000B3
:202D2000000000000000000000000000000000000000000000000000000000000000000093
:202D4000000000000000000000000000000000000000000000000000000000000000000073
:202D600000000000000000000000000000000000000000000000000009392EB3ACB8DFCE1F
:202D8000C2B1A3BBA40000000002000018BFD8D6C6D7D600000000100000020000000100B1
:202DA00001002000F868020819CAB1BCE40000000000002200000F27640058025802530091
:202DC0000000000000000000000000000000000000000000000000000000000000000000F3
:202DE0000000000000000000000000000000000000000000000000000000000000000000D3
:202E00000000000000000000000000000000000000000000000000000000000000000000B2
:202E2000000000000000000000000000000000000000000000000000000000000000000092
:202E4000000000000000000000000000000000000000000000000000000000000000000072
:202E6000000000000000000000000000000000000000000000000000000000000000000052
:202E8000000000000000000000000000000000000000000000000000000000000000000032
:202EA000000000000000000000000000000000000000000000000000000000000000000012
:202EC000000000000000000000000000000000000000000000000000000000000A31302E59
:202EE000CEC2B6C8B8DFB1A3BBA40000000200001ABFD8D6C6D7D60000000010000002006C
:202F00000000010001002000F86802081BCAB1BCE40000000000002200000F2764005802D9
:202F20005802530000000000000000000000000000000000000000000000000000000000E4
:202F4000000000000000000000000000000000000000000000000000000000000000000071
:202F6000000000000000000000000000000000000000000000000000000000000000000051
:202F8000000000000000000000000000000000000000000000000000000000000000000031
:202FA000000000000000000000000000000000000000000000000000000000000000000011
:202FC0000000000000000000000000000000000000000000000000000000000000000000F1
:202FE0000000000000000000000000000000000000000000000000000000000000000000D1
:203000000000000000000000000000000000000000000000000000000000000000000000B0
:20302000000000000000000000000000000000000000000000000000000000000000000090
:203040000B31312EB5CDB5E7D1B9B1A3BBA40000000300001CBFD8D6C6D7D600000000106B
:20306000000003000000010001002000506802081DB5E7D1B900000000000032E8031027D2
:20308000401F64005F005600000000001ECAB1BCE40000000000002205000F276400580264
:2030A000580253000000000000000000000000000000000000000000000000000000000063
:2030C0000000000000000000000000000000000000000000000000000000000000000000F0
:2030E0000000000000000000000000000000000000000000000000000000000000000000D0
:203100000000000000000000000000000000000000000000000000000000000000000000AF
:2031200000000000000000000000000000000000000000000000000000000000000000008F
:2031400000000000000000000000000000000000000000000000000000000000000000006F
:2031600000000000000000000000000000000000000000000000000000000000000000004F
:2031800000000000000000000000000000000000000000000000000000000000000000002F
:2031A0000000000080B500F00AFC012804D000F09BFB012000F0A3FB0020DFF8C815087066
:2031C00000F099F872B600F0D4F80020DFF8B81508700020DFF8B41508700020DFF8B0155A
:2031E00008800020DFF8AC15088000F0FBF862B6E9F788FBF5F7A2FCE9F795FBDFF898053B
:203200000088B0F5FA7F04DADFF89005007801280AD10020DFF880150880DFF88405008846
:20322000002801D1E0F7D9FFE9F77DFBE3F734FCECF702FC00F0FCF9E9F775FBDFF864052D
:203240000088C82805DB0020DFF858150880EFF707FEE9F768FB00F086FADFF84C050078EC
:20326000002807D0DFF84405EDF76EF80020DFF838150870DFF838058088AA2815D1DFF87E
:203280003005808A552810D1DFF828050078C00705D58021DFF82005F0F7D1FDF4E78021A6
:2032A000DFF81405F0F7CEFDEEE7DFF810050088401CDFF808150880E9F735FBDFF8FC0464
:2032C000008848F6B801884204D18021DFF8E804F0F7B5FDDFF8E40400884FF6E851884244
:2032E00088D10020DFF8D41408808021DFF8C804F0F7A8FD7EE780B501210120F2F7B1FEC9
:2033000001210220F2F7ADFE01214FF48040F2F7A8FE01214FF40040F2F7A3FE01214FF48D
:203320008040F2F78FFE01210420F2F78BFE01210820F2F787FE01211020F2F783FE012109
:203340002020F2F77FFE01214020F2F77BFE01210120F2F768FE01210220F2F764FE0121A0
:203360004FF40640F2F76EFE01210120F2F76AFE01BD80B54FF480415FF0006000F0A6FBA4
:203380004FF4407000F068FB1C208DF8000000208DF8010000208DF8020001208DF8030030
:2033A000684600F05EFB1D208DF8000003208DF8010001208DF8020001208DF803006846AC
:2033C00000F04FFB25208DF8000002208DF8010000208DF8020001208DF80300684600F053
:2033E00040FB01BD10B501215FF00070F0F730FDE8F76AF9F0F790F94AF2A550DFF8C0138D
:2034000008800120EBF76BFDEBF7BDFBE8F7F0FBE9F7E8FBE9F743F8E9F78CFAE9F7E2FA55
:203420000020EBF75CFDE9F7CEFB00F050F900F058F9E9F703FCE9F71EFCECF701FBE8F777
:20344000C1FBE9F7CFFBDFF87C03C07800283AD1DFF87403DFF874130860DFF8740300786B
:20346000DFF870130870DFF87003DFF870130860DFF86C030078DFF86C130870DFF86803A0
:20348000DFF868130860DFF868030078DFF864130870DFF86403DFF8641308602D20DFF8DA
:2034A00060130870DFF85C03DFF85C130860DFF85C030078DFF858130870DFF85803DFF8CC
:2034C0005813086086E0DFF8FC02C07801282FD1DFF84803BD490860DFF844030078BD4951
:2034E0000870DFF84003BD490860DFF83C030078BC490870DFF83403BC490860DFF830033C
:203500000078BC490870DFF82C03BC4908601F20BB490870DFF82003BB490860DFF81C032C
:203520000078BB490870DFF81803BB49086051E0A448C078022825D1C248A4490860C2485B
:203540000078A4490870C148A4490860C0480078A4490870BF48A5490860BF480078A54981
:203560000870BE48A54908602A20A5490870BC48A5490860BB480078A5490870BA48A6499B
:20358000086027E000208F49C8708F488F4908608F4800788F4908708F48904908609048E6
:2035A0000078904908709B489B4908608E488F4908608F4800788F4908708F488F49086047
:2035C0002D208F4908708F488F4908608F4800788F4908707B48C078EBF737FF7948C0788C
:2035E000801CEBF77CFC0820EBF779FC0920EBF776FC9E4800680400200E9D4908809C4807
:203600000088210A11F47F410843994908800E20E8F7B9F9E9F761F896489749086000223D
:20362000964841799648ECF7B5FFF9F75BF910BD80B594480068C00103D50A20E8F7A3F9B5
:2036400002E00A20E8F71CFA8E480068000203D50920E8F798F902E00920E8F711FA8A48F1
:203660000088002832D189480088002807D188480088002803D187480068002803D0032095
:20368000E8F781F902E00320E8F7FAF97F48008800280ED00120E8F7F3F90220E8F7F0F9CF
:2036A0000520E8F7EDF90620E8F7EAF90720E8F7E7F97948007879494978884206D0774837
:2036C000ECF762F9754840787349087001BD80B50020734908804FF4C0517248EAF7C0F805
:2036E00001BD00207049088000207049087000206F49087000206F49088000206E4908705B
:2037000000202C49088000206C49087000206C49087000206B49087000206B49088000202A
:203720005A4908800020694908805A20684981F82F000020674908800020674908804AF245
:20374000A5501F490880022064490870002064490870002062494870002061498870002093
:203760005F49C870704780B55E480088062807DB00205C4908804148C0780328F9F7C3F85B
:2037800001BD0000626E0020576E0020566E0020C86D0020006E0020E86D00204C6D002081
:2037A000F46D0020FE6D0020606E0020686C0020D06A0020E66D0020001801401A6E00204D
:2037C000E06D0020506C0020E04C0208146D00206F480108516E0020AC580208186D002077
:2037E0002E8F0108526E0020006102081C6D0020AA470108536E00201A6B0020206D0020E2
:20380000546E002068FB0108286D00201BFA0008556E002020000020246D0020384F020823
:20382000FA5901089C5902082F8F0108D8630208AB470108626B0020582202087E0401082A
:203840002C00002090510208FB5901088C5A0208328F01089C6102086E480108926B002037
:20386000E00E02087F04010838000020FCFF0308FC6D0020106C02086C6D0020246C0020AE
:20388000003801408C6C0020EA6D0020F06D0020F26D0020386D00206B6E0020486D002091
:2038A000EE6D002080190020D86D0020586E0020596E0020DC6D00205A6E00205B6E002068
:2038C0005C6E00205D6E0020DA6D0020EC6D0020586A0020E46D0020E26D0020656E00207E
:2038E000406D0020D26D0020DFF84C01DFF84C110860DFF84C01DFF844110860704738B580
:20390000040004255FF0805000F07FF805006DB2042D51D1DFF82001DFF82C110860DFF832
:203920002001DFF824110860DFF81801006850F02000DFF810110860DFF80801006850F052
:203940004000404908605FF0805000F05EF805006DB2042D26D13B48006841F6DF710840CB
:20396000384908603748006850F010003549086064B2002C03D000203449088002E0A52060
:20398000324908805FF0805000F03FF805006DB2052D11D02B48006841F6EF71084029497B
:2039A000086009E06DB2052D06D02648006841F6DF71084023490860280040B232BD0020ED
:2039C00023490968890702D50121080001E00021080040B2704704201E490968C90702D523
:2039E000012108000FE01B490968490702D50221080008E017490968C90602D503210800FC
:203A000001E00421080040B2704738B504000425FFF7E1FF05006DB2012D06D1002C04D0D6
:203A2000FFF7D9FF0500641EF5E7002C01D105200500280040B232BD2301674504200240EE
:203A4000AB89EFCD102002400820024000F8FF1F1C2002400C2002401F4901431F4A116012
:203A6000704770B4002300210F2290F90340002C20D01A4C246814F4E064D4F5E064240A95
:203A80002300D3F104042100DA4044788C4023008478144023431B01114C057863550124C8
:203AA000057815F01F05AC400E4D0678761145F8264009E00124057815F01F05AC400A4D7A
:203AC0000678761145F8264070BC7047074A0A400243074B1A6070470000FA050CED00E020
:203AE00000E400E000E100E080E100E080FFFF1F08ED00E00000000000000000000000008E
:203B000000000000000000F800000000000000330000000000100C02100C0200000000003E
:203B2000000000000040C07840C0780000043F04043F040000708888FC08300000182020FB
:203B4000FF211E00F008F0806018000000310C031E211E0000F00888700000001E21232C2C
:203B60001927211000120E00000000000000000000000000000000E01804020000000007AF
:203B80001820400000020418E00000000040201807000000404080F0804040000202010F2C
:203BA0000102020000000000E0000000000101010F0101010000000000000000009070000B
:203BC00000000000000000000000000000010101010101000000000000000000003030007F
:203BE0000000000000000000C0380400006018070000000000E010080810E000000F10201B
:203C000020100F0000001010F8000000000020203F202000007008080808F0000030282492
:203C20002221300000300808088870000018202121221C000000804030F800000006052402
:203C4000243F242400F88888880808000019202020110E0000E0108888900000000F1120B1
:203C600020201F0000180808886818000000003E010000000070880808887000001C222117
:203C800021221C0000F008080810E0000001122222110F00000000C0C000000000000030A6
:203CA000300000000000008000000000000000E00000000000008040201008000001020475
:203CC0000810200000404040404040000002020202020200000810204080000000201008F0
:203CE00004020100007048080888700000000030370000000000182424180000000000001E
:203D0000000000000000C038E0000000203C23020227382008F8888888700000203F202022
:203D200020110E00C030080808083800071820202010080008F808080810E000203F2020BE
:203D400020100F0008F88888E8081000203F20202320180008F88888E8081000203F20008B
:203D600003000000C03008080838000007182020221E020008F808000008F808203F2101CE
:203D800001213F20000808F8080800000020203F2020000000000808F8080800C080808073
:203DA0007F00000008F888C028180800203F20012638200008F8080000000000203F20204F
:203DC0002020300008F8F800F8F80800203F013E013F200008F830C00008F808203F20000E
:203DE00007183F00E01008080810E0000F10202020100F0008F808080808F000203F21013E
:203E000001010000E01008080810E0000F10282830504F0008F8888888887000203F20005B
:203E2000030C302000708808080838000038202121221C00180808F8080818000000203F5C
:203E40002000000008F808000008F808001F202020201F000878880000C838080000073825
:203E60000E01000008F800F800F8080000033E013E030000081868808068180820302C0329
:203E8000032C30200838C800C83808000000203F2000000010080808C83808002038262145
:203EA00020201800000000FE020202000000007F40404000000438C000000000000000016A
:203EC0000638C00000020202FE000000004040407F000000F00C04040CF000000F0808087A
:203EE000080F000000000000000000008080808080808080F0FCFCFCFCF000000F0F0F0F9F
:203F00000F0F0000000080808000000000192424123F200010F0008080000000003F1120C1
:203F200020110E000000008080800000000E112020201100000080808090F000001F2020D3
:203F400020103F200000808080800000001F242424241700008080E0909020000020203F6D
:203F6000202000000000808080808000006B94949493600010F0008080800000203F210067
:203F800000203F2000809898000000000020203F20200000000000809898000000C08080C3
:203FA000807F000010F0000080808000203F240629302000001010F8000000000020203FE9
:203FC000202000008080808080808000203F20003F20003F8080008080800000203F210004
:203FE00000203F200000808080800000001F202020201F00808000808000000080FF912054
:2040000020110E000000008080008000000E11202091FF80808080008080800020203F21D2
:204020002000010000008080808080000033242424241900008080E0808000000000001F04
:20404000202010008080000000808000001F202020103F20808080008080800000030C30E3
:204060000C0300008080008080008080010E300C0738060100808080008080000020310EC1
:204080002E3120008080800000808080008186781806010000808080808080000021302C86
:2040A000222130000000000000FC020200000000013E404000000000FF00000000000000CF
:2040C000FF0000000202FC000000000040403E010000000000020102020402000000000015
:2040E000000000000000000000000000000000000000000010B5DFF8D8040088401CDFF88D
:20410000D0140880DFF8C8040088B0F57A7F5BDB0020DFF8BC140880DFF8B4048078E9F77E
:2041200015FE0400641C2000C0B2E9F7D3FBDFF8A0148870DFF898048078602803DB002034
:20414000DFF88C148870DFF88804807800281AD1DFF87C04C078E9F7F9FD0400641C012078
:20416000DFF8701408702000C0B2E9F7B3FBDFF86014C870DFF85804C078602803DB0020D8
:20418000DFF84C14C870DFF84804C07800281BD1DFF83C048078002816D1DFF8340400799B
:2041A000E9F7D4FD0400641C2000C0B2E9F792FBDFF81C140871DFF818040079242803DBB5
:2041C0000020DFF80C14087110BD30B4020000230024002000252C0000252B0089B28B428C
:2041E00004D232F8135064195B1CF7E7E4102500B5F50065280000B230BC704710B5002000
:204200000400082C74DADFF8D003006850F40210DFF8C4130860DFF8C403006850F402103E
:20422000DFF8B8130860DFF8B803006850F40210DFF8AC130860DFF8AC0300684007FAD522
:20424000DFF8A40300684007FAD5DFF8A00300684007FAD5DFF898030068DFF8981321F8F5
:204260001400DFF894030068DFF8881301EB44010882DFF888030068DFF8781301EB4401CA
:204280000884DFF87C030068DFF8681301EB44010886DFF870030068DFF8581301EB44019E
:2042A000A1F84000DFF860030068DFF8481301EB4401A1F85000DFF854030068DFF8341383
:2042C00001EB4401A1F86000DFF844030068DFF8241301EB4401A1F87000DFF8380300686C
:2042E000DFF8101301EB4401A1F88000641C88E70821DFF82403FFF768FFDFF82013DFF826
:204300002023B2F9002001EB4201A1F800060821DFF81003FFF759FFDFF80013DFF800237C
:20432000B2F9002001EB4201A1F800080821BE48FFF74BFFB949BA4AB2F9002001EB420173
:20434000A1F8000A0821B948FFF73FFFB349B44AB2F9002001EB4201A1F8000C0821B4489E
:20436000FFF733FFAD49AE4AB2F9002001EB4201A1F8000E0821AF48FFF727FFA749A84A68
:20438000B2F9002001EB42014FF48052885208219848FFF71AFFA149A14AB2F9002021F863
:2043A00012000821A448FFF710FF9C499C4AB2F9002001EB4201A1F8000208219F48FFF76B
:2043C00004FF9649964AB2F9002001EB4201A1F8000493480088401C914908809048B0F9E2
:2043E0000000FF2805DD00208D49088000209449088010BD10B593480078401C914908701E
:20440000FFF7FCFE8F480078C0077CD5FFF772FE8D480068401C8C4908608C480078401C61
:204420008A4908708A480088401C8949088089480088401C8749088087480088002804D0C1
:2044400085480088401E8449088000200400E4B2002C0AD18148E4B230F81400401C7F49D4
:20446000E4B221F81400641CF1E7F2F7F5FDE7F70CFC7B480088002822D17A4840788006FA
:2044800006D57948006850F400007749086005E07548006830F400007349086071484078E9
:2044A000C00606D57048006850F080706E4908602BE06D48006830F080706B49086024E094
:2044C00068484078400706D56748006850F080706549086005E06448006830F08070624941
:2044E000086060484078000706D55F48006850F400005D49086008E05B48006830F400009A
:204500005949086001E0E9F723FD10BD80B5F3F771FB56480078401C5449087053480078BE
:20452000022854DB00205149087000205049087050480078401C4F490870414800884AF2F6
:20454000A551884243D0E7F754FBF1F739FE4A494A48E9F765F94A494A48E9F761F94548ED
:204560000078642833DB48480088401C4649088000204049087045480078002804D04348F1
:204580000078401E4149087041480078002804D03F480078401E3E4908703E4800780028C4
:2045A00004D03C480078401E3A4908703A48007800280CD038480078401E37490870364808
:2045C0000078002803D14AF25A503449088001BD686C0020606E00200824014008280140FE
:2045E000083C01400024014000280140003C01403C2401406C64002040240140442401400C
:204600003C28014040280140442801403C3C0140403C0140443C01409C640020801900208F
:20462000EE6D0020AC640020BC640020CC640020DC640020EC6400207C6400208C6400205F
:20464000E06D00207E6E0020306D00207F6E0020E86D0020FE6D0020EA6D0020D26D002041
:204660000A6E0020606C00208C6C0020596E0020636E0020586E0020898B0108DC6D00205A
:204680002FC90008DE6D0020E66D00205A6E00205B6E00205C6E0020676E0020E86500201F
:2046A000C8B6D6B7A6B7DFCFB7C2A3B1A4BBE2B2D8BFB0D7C3D6E4B1B9D1F7C6E7B5AFB690
:2046C000FABBEAC4C2D4D5C8E6B0BEB1C5BACBCDF6B3F8CCA2D5E6B8AFBEB6CDEBC8A5B5A9
:2046E000BFB4FDB9F7C1D5B1F8CBBDB7F2CFD9B2F7D7E5B0AABFCFB6C5B7BBD2E3B0C7B765
:20470000A3B3ABBCCBB6CDB5A7CACEB2FDCAD8BBC8B1CEB4B5D6CFBABBCEB4D4E0CFE4BC1F
:20472000CEB6C6D6D6D7B1CAB4B7DECFBAB8C9BAD8D6D3D1D3BCD9CBE4B3E3C1F2D0B5C627
:20474000CAC2DFB8E0B2DFCDB9CBE1C7ACB3C2CEEEB6A8B6F4C6A4B3C2B6AAD7B7C7E5CCA2
:20476000C2CACAB9DCD7C5D0E6B4A2B4EDB4A3D0E9D1ECBCECD2AFB5C9BBB4CEDCC4B8B14B
:20478000C3D3B6D4CDBED8B5D6CAD3BDE3B5DABFA3D2B3B1E2B9B8C4AAC1B0BCD4D7A6B9AF
:2047A000D0D3DECEFEB6FDC8D8B9DCB0F8BDDAC4D6BBB4B8DFC2ADBCB6B5DDC8BBB2BDC6BA
:2047C000E2BACCBFD4CFBECAB7D7E4D2E8C9A8CDB6D1D4CAA2CFE9B2B4BFBFC1AFC6C0B50F
:2047E000F9B7C7BDD9B8B5B7C7BCBCC2BEC9FDB3FEBCF5CCEBC7E4CAA2B7FAC9FBCFB4D704
:20480000ACCCD4B6FBD5D0C7BBBBF8C7CCB9AFBBC9B3C1B6A1C8DCC3EBC2FBC3C6B3B5CFA8
:20482000B3CDD3D6BCD7BAD2A7BEA7B3EBC3C1BAF8CDB7D6F3CEE6B9BCD4CFC9CDCBCFC443
:20484000C2D0B1D6CDD0EFD3D4D1D0D6C4CED1B7A7D0D1D2C9BDDAC6ABBDA1BEECBFCBD42A
:20486000D0D0F5B3BCCAC7CAF1B7F7D6CBB2FCBCA8BFA1D7B7C8CFC8D2D3C2CFF3D7E9B998
:20488000DED0C4B8FAB4F9BBE0C0F1CED8B1B4B0C9BFD4D2F7B5DABDA2B2CCBCEDC8B1C8C5
:2048A000A1CA0000000000000000000000000000000000000000000000000000000000008D
:2048C0000000000000000000000000000000000000000000000000000000000000000000D8
:2048E0000000000000000000000000000000000000000000000000000000000000000000B8
:20490000000000000000000000000000000000000000000000000000000000000000000097
:20492000000000000000000000000000000000000000000000000000000000000000000077
:20494000000000000000000000000000000000000000000000000000000000000000000057
:20496000000000000000000000000000000000000000000000000000000000000000000037
:20498000000000000000000000000000000000000000000000000000000000000000000017
:2049A0000000000000000000000000000000000000000000000000000000000000000000F7
:2049C00070477047704780B5012000F064F900280AD0012000F07EF9012000F071F900F01A
:2049E00055F9002000F076F901BD704770477047704770477047704770477047704780B5D1
:204A00004FF40050F1F74AF900280DD04FF40050F1F759F900218B48F1F715F9012240F2C7
:204A200026618948F1F706FA01BD70477047704770477047704780B501215FF08040EFF7E2
:204A4000BEFC002806D001215FF08040EFF7D0FCFFF7D0FC01BD80B501217C48EFF7AFFC8F
:204A6000002805D001217948EFF7C2FCFFF74EFD01BD70477047704770477047704710B5A4
:204A8000714800880400200704D57148008800F0FF00040020216C48F1F706FA002812D0B6
:204AA0006948F1F7FDF90100C9B20020EBF740FD0020684908800A206749088040F2255149
:204AC0006148F1F700FA10BD10B5644800880400200704D56248008800F0FF00040020211B
:204AE0005E48F1F7E1F9002812D05C48F1F7D8F90100C9B20020EBF71BFD0020554908800B
:204B000005205549088040F225515448F1F7DBF910BD10B5534800880400200704D55248F7
:204B2000008800F0FF00040020214E48F1F7BCF9002812D04B48F1F7B3F90100C9B20020B9
:204B4000EBF7F6FC00204349088005204249088040F225514348F1F7B6F910BD10B543482E
:204B600000880400200704D54148008800F0FF00040020213D48F1F797F9002812D03B48DA
:204B8000F1F78EF90100C9B20020EBF7D1FC00203049088064203049088040F22551334892
:204BA000F1F791F910BD704770477047704770477047704710B52F4800880400200704D5ED
:204BC0002D48008800F0FF00040020212948F1F76BF9002812D02748F1F762F90100C9B2AF
:204BE0000020EBF7A5FC00201A49088005201A49088040F225511F48F1F765F910BD10B510
:204C00001E4800880400200704D51D48008800F0FF00040020211948F1F746F900280FD0F2
:204C20001648F1F73DF90100C9B20020EBF780FC00200849088040F225511048F1F743F9E1
:204C400010BD000044000240003801400004004004380140D26D0020D66D00200044004081
:204C60000444004000480040044800400060014004600140004C0040044C004000500040A6
:204C8000045000407047704770477047104800888006FBD57047010000200D4A12880A405B
:204CA00010000A4A128892B20A4205D040B2002802D00122100001E00022100040B27047B6
:204CC000034909888143024A11807047002800400428004040B201490860704720000E4200
:204CE00000B1A3BBA4C6F4B6AF2020202000000000FF000001B9FDC1F749B6CEB6AFD7F7F4
:204D0000000000000020010702B9FDC1F74949B6CEB6AFD7F70000000021010703B9FDC10F
:204D2000F7494949B6CEB6AFD7F700000022010704C1E3C1F749B6CEB6AFD7F70000000060
:204D40000023010D05C1E3C1F74949B6CEB6AFD7F70000000024010D06B5E7C1F7BCD3CB92
:204D6000D9B6AFD7F70000000025010707B9FDB5E7D1B9B6AFD7F7000000000000260111AC
:204D800008B5CDB5E7D1B9B6AFD7F700000000000027011109D6D8BACFD5A2B6AFD7F720ED
:204DA00020000000002800070AB5E7C1F7B7B4CAB1CFDEB6AFD7F700002901140BB3E4B5EB
:204DC000E7B1A3BBA4B6AFD7F7000000002A01070CB5CDC6B5B1A3BBA4B6AFD7F7000000E5
:204DE000002B010E0DB9FDB8BABAC9B6AFD7F70000000000002C01070ECAA7D1B9B1A3BB42
:204E0000A4B6AFD7F7000000002E01110FCAC2B9CAD7DCD0C5BAC52020000000002F000027
:204E200020B4E6B4A2C6F7B3F6B4ED20200000000030000021B6A8D6B5D0A3D1E9B3F6B457
:204E4000ED00000000310000224144BCECB2E2B3F6B4ED20000000000032000025B5CDC648
:204E6000B5B1A3BBA4B8E6BEAF0000000035000026B9FDB8BABAC9B8E6BEAF20200000006E
:204E8000003600002754574AD2ECB3A3202020202000000000370000285054B6CFCFDFB81E
:204EA000E6BEAF20200000000038000029B5AFBBC9CEB4B4A2C4DC20200000000039000025
:204EC0002ABFD8D6C6BBD8C2B7B6CFCFDF000000003A00002BB9FDB5E7D1B9B8E6BEAF20CA
:204EE00020000000003B00002CB5CDB5E7D1B9B8E6BEAF2020000000003C00002DC1E3C16A
:204F0000F749B6CEB8E6BEAF00000000003D00002EC1E3C1F74949B6CEB8E6BEAF000000DA
:204F2000003E00002FB8E6BEAFD7DCD0C5BAC52020000000003F000000B1A3BBA4C6F4B690
:204F4000AF2020202000000000FF000001B9FDC1F749B6CEB6AFD7F720000000002001076C
:204F600002B9FDC1F74949B6CEB6AFD7F70000000021010703B7B4CAB1CFDEB6AFD7F72066
:204F8000200000000022011404B9FDB8BABAC9B6AFD7F720200000000023010705B8DFB21F
:204FA000E0C1E3D0F2B6AFD7F70000000024011A06B1B8D3C3202020202020202000000034
:204FC0000025011907D6D8CDDFCBB9B6AFD7F720200000000026000008C7E1CDDFCBB9B67E
:204FE000AFD7F720200000000027000009B3ACB8DFCEC2B6AFD7F7202000000000280000A3
:205000000ACEC2B6C8B8DFB6AFD7F72020000000002900000BB5CDB5E7D1B9B6AFD7F7005F
:2050200000000000002A01110CCAA7D1B9B1A3BBA4B6AFD7F7000000002B01110FCAC2B9B6
:20504000CAD7DCD0C5BAC52020000000002F000020B4E6B4A2C6F7B3F6B4ED2020000000F9
:205060000030000021B6A8D6B5D0A3D1E9B3F6B4ED0000000031000022414431BCECB2E23A
:20508000B3F6B4ED200000000032000023B5CDB5E7D1B9B8E6BEAF2000000000003300004B
:2050A00024D6D8CDDFCBB9B8E6BEAF20200000000034000025C7E1CDDFCBB9B8E6BEAF2047
:2050C000200000000035000026B3ACB8DFCEC2B8E6BEAF20200000000036000027CEC2B6E1
:2050E000C8B8DFB8E6BEAF2020000000003700002854574AD2ECB3A32020202020000000FE
:2051000000380000295054B6CFCFDFB8E6BEAF2020000000003900002AB5AFBBC9CEB4B48B
:20512000A2C4DC2020000000003A00002BBFD8D6C6BBD8C2B7B6CFCFDF000000003B0000DB
:205140002CB9FDB8BABAC9B8E6BEAF2020000000003C00002DB8DFB2E0C1E3D0F2B8E6BED9
:20516000AF000000003D00002EB1B8D3C32020202020202020000000003E00002FB8E6BE4D
:20518000AFD7DCD0C5BAC52020000000003F000000B1A3BBA4C6F4B6AF20202020000000C8
:2051A00000FF000001B5E7C1F7CBD9B6CFB6AFD7F70000000020010702CFE0BCE4B9FDC14F
:2051C000F7B6AFD7F70000000021010703B8BAD0F2B5E7C1F7B6AFD7F70000000022011289
:2051E00004B7B4CAB1CFDEB6AFD7F720200000000023011405B5E7BBFAB6C2D7AAB6AFD7E2
:20520000F70000000024010706B9FDB8BABAC9B6AFD7F720200000000025010707C1E3D09F
:20522000F2B5E7C1F7B6AFD7F70000000026010D08B9FDB5E7D1B9B6AFD7F720200000006A
:205240000027011109C7B7B5E7D1B9B6AFD7F72020000000002801110AB3A4C6F4B6AFB685
:20526000AFD7F720200000000029012D0BB1BECCE5B1A3BBA431202020000000002A000081
:205280000CB1BECCE5B1A3BBA432202020000000002B00000DB1BECCE5B1A3BBA43320201F
:2052A00020000000002C00000FCAC2B9CAD7DCD0C5BAC52020000000002F000020B4E6B4E0
:2052C000A2C6F7B3F6B4ED20200000000030000021B6A8D6B5D0A3D1E9B3F6B4ED00000034
:2052E0000031000022414431BCECB2E2B3F6B4ED200000000032000024B1BECCE5B1A3BB7A
:20530000A431B8E6BEAF00000034000025B1BECCE5B1A3BBA432B8E6BEAF0000003500000F
:2053200026B1BECCE5B1A3BBA433B8E6BEAF00000036000027B9FDB5E7D1B9B8E6BEAF20D2
:20534000202000000037000028C7B7B5E7D1B9B8E6BEAF2020200000003800002954574A49
:20536000D2ECB3A32020202020200000003900002A5054B6CFCFDFB8E6BEAF2020200000B4
:20538000003A00002BB5AFBBC9CEB4B4A2C4DC2020200000003B00002CBFD8D6C6BBD8C2F9
:2053A000B7B6CFCFDF200000003C00002DB9FDB8BABAC9B8E6BEAF2020200000003D000027
:2053C0002EC1E3D0F2B5E7C1F7B8E6BEAF200000003E00002FB8E6BEAFD7DCD0C5BAC5205B
:2053E00020000000003F000000000200070009000B000D00100012001400160019001B00A4
:205400001D001F0022002400260029002B002D002F0032003400360039003B003D004000A7
:2054200042004500470049004C004E0051005300560058005B005D00600062006500670023
:205440006A006D006F007200750077007A007D0080008200850088008B008E009100940064
:2054600097009A009D00A000A300A600A900AD00B000B300B700BA00BD00C100C400C80041
:20548000CC00CF00D300D700DB00DF00E200E700EB00EF00F300F700FC0000010501090173
:2054A0000E01130117011C01210126012C01310137013C01420148014E0154015A0160018B
:2054C00067016E0174017C0183018A0192019A01A201AA01B301BB01C401CE01D701E101BA
:2054E000EC01F60101020D021902250232023F024D025B026A027A028A029B02AD02BF02D2
:20550000D302E702FD0214032C03450360037D039B03BB03DE0303042A0455048304B40453
:20552000EA0425056505AC05FA055006B1061E0799072508C7088409630A6E0BB50C4D0EDC
:205540005A101513E716A31C30264A399772FF7F80B54E48006850F470004C4908604C4825
:20556000006850F001004A4908604A480068002048490860464800684749084044490860B1
:205580004348006830F48020414908605FF41F004249086000F005F85FF000604049086070
:2055A00001BD80B500F001F801BD82B000200190002000903648006850F4803034490860FF
:2055C0003348006810F4003000900198401C01900098002803D10198B0F5A06FF0D12C4888
:2055E0000068800302D50120009001E0002000900098012847D12B48006850F01000294931
:2056000008602848006880088000264908602548006850F00200234908601E4800681D494C
:2056200008601C4800681B4908601A48006850F4806018490860174800681B4908401549E2
:2056400008601448006850F4E810124908601048006850F080700E4908600D480068800132
:20566000FBD50C480068800880000A4908600948006850F00200074908600648006810F072
:205680000C000828F9D102B07047000088ED00E00010024004100240FFFFF6FE0810024052
:2056A00008ED00E000200240FFFFC09F00C1814001C0804101C0804100C1814001C08041CC
:2056C00000C1814000C1814001C0804101C0804100C1814000C1814001C0804100C18140BA
:2056E00001C0804101C0804100C1814001C0804100C1814000C1814001C0804100C181409A
:2057000001C0804101C0804100C1814000C1814001C0804101C0804100C1814001C0804179
:2057200000C1814000C1814001C0804101C0804100C1814000C1814001C0804100C1814059
:2057400001C0804101C0804100C1814000C1814001C0804101C0804100C1814001C0804139
:2057600000C1814000C1814001C0804100C1814001C0804101C0804100C1814001C0804119
:2057800000C1814000C1814001C0804101C0804100C1814000C1814001C0804100C18140F9
:2057A00001C0804101C0804100C1814000C0C101C30302C2C60607C705C5C404CC0C0DCD79
:2057C0000FCFCE0E0ACACB0BC90908C8D81819D91BDBDA1A1EDEDF1FDD1D1CDC14D4D51539
:2057E000D71716D6D21213D311D1D010F03031F133F3F23236F6F737F53534F43CFCFD3D99
:20580000FF3F3EFEFA3A3BFB39F9F83828E8E929EB2B2AEAEE2E2FEF2DEDEC2CE42425E578
:2058200027E7E62622E2E323E12120E0A06061A163A3A26266A6A767A56564A46CACAD6DD8
:20584000AF6F6EAEAA6A6BAB69A9A86878B8B979BB7B7ABABE7E7FBF7DBDBC7CB47475B5B8
:2058600077B7B67672B2B373B17170B0509091519353529296565797559594549C5C5D9D18
:205880005F9F9E5E5A9A9B5B99595898884849894B8B8A4A4E8E8F4F8D4D4C8C44848545F8
:2058A00087474686824243834181804000B1D5CBF8D6D8BACFD5A200000000000001B1B8E1
:2058C000D3C3BFAAC8EB310000000000000002B1B8D3C3BFAAC8EB32000000000000000393
:2058E000B1B8D3C3BFAAC8EB330000000000000004B1B8D3C3BFAAC8EB3400000000000007
:205900000005B1B8D3C3BFAAC8EB350000000000000006B1B8D3C3BFAAC8EB3600000000DB
:2059200000000007B5AFBBC9CEB4B4A2C4DC00000000000008D4B6B7BDBECDB5D8000000E2
:20594000000000000009CAD6CCF8BFAAC8EB00000000000000000ABFAAC8EBBACFCEBB0086
:20596000000000000000000BBFAAC8EBCCF8CEBB00000000000000000CB2D9D7F7B0E5BAFF
:20598000CFCEBB0000000000000DB2D9D7F7B0E5CCF8CEBB000000000000000000B1B8D32B
:2059A000C3BFAAC8EB310000000000000001D6D8CDDFCBB92FB1B8D3C3000000000002C701
:2059C000E1CDDFCBB92FB1B8D3C3000000000003B3ACB8DFCEC22FB1B8D3C30000000000D1
:2059E00004B8DFCEC22FB1B8D3C30000000000000005B1B8D3C3BFAAC8EB360000000000F8
:205A0000000006B1B8D3C3BFAAC8EB370000000000000007B5AFBBC9CEB4B4A2C4DC0000C7
:205A20000000000008D4B6B7BDBECDB5D8000000000000000009CAD6CCF8BFAAC8EB0000BF
:205A40000000000000000ABFAAC8EBBACFCEBB00000000000000000BBFAAC8EBCCF8CEBB9A
:205A600000000000000000000CB2D9D7F7B0E5BACFCEBB0000000000000DB2D9D7F7B0E51F
:205A8000CCF8CEBB000000000000000000D7AACBD9BDD3B5E3000000000000000001B1BEFC
:205AA000CCE5312FB1B8D3C300000000000002B1BECCE5322FB1B8D3C30000000000000351
:205AC000B1BECCE5332FB1B8D3C300000000000004B1B8D3C3BFAAC8EB34000000000000F2
:205AE0000005B1B8D3C3BFAAC8EB350000000000000006B1B8D3C3BFAAC8EB3600000000FA
:205B000000000007B5AFBBC9CEB4B4A2C4DC00000000000008D4B6B7BDBECDB5D800000000
:205B2000000000000009CAD6CCF8BFAAC8EB00000000000000000ABFAAC8EBBACFCEBB00A4
:205B4000000000000000000BBFAAC8EBCCF8CEBB00000000000000000CB2D9D7F7B0E5BA1D
:205B6000CFCEBB0000000000000DB2D9D7F7B0E5CCF8CEBB00000000000000004961203D7E
:205B80000000204120200001881300004962203D0000204120200001881300004963203D7A
:205BA00000002041202000018813000055613D0000002056202000001027000055623D00D4
:205BC00000002056202000001027000055633D000000205620200000102700005561623DA1
:205BE0000000205620200000102700005562633D0000205620200000102700005563613D1E
:205C00000000205620200000102700002050203D0000205720200002485201002051203DA8
:205C2000000020564152000248520100434F533D0000202020200004102700002046203D1E
:205C4000000020487A20000350C300004961203D0000204120200001000000004962203D7B
:205C60000000204120200001000000004963203D0000204120200001000000003349303DEE
:205C80000000204120200001000000004946323D00002041202000010000000055613D00CF
:205CA00000002056202000000000000055623D0000002056202000000000000055633D008F
:205CC0000000205620200000000000005561623D0000205620200000000000005562633DAC
:205CE0000000205620200000000000005563613D0000205620200000000000002020463D1F
:205D0000000020487A20000300000000106C0208C865020801080000B0640208000000009A
:205D2000106C0208F066020801080100B064020800000000106C020818670208010802003B
:205D4000B064020800000000106C02083862020801080300B064020800000000106C02084B
:205D60004067020801080400B064020800000000106C02089067020801080500B064020894
:205D800000000000106C0208C05F020801080600B064020800000000106C0208B867020878
:205DA00001080700B0640208000000000000000000000000000000000000000000000000B5
:205DC0004961203D0000204120200001000000004962203D00002041202000010000000070
:205DE0004963203D0000204120200001000000003349303D0000204120200001000000006D
:205E000055613D0000002056202000000000000055623D000000205620200000000000002F
:205E200055633D000000205620200000000000005561623D000020562020000000000000AC
:205E40005562633D0000205620200000000000005563613D00002056202000000000000029
:205E60002020463D000020487A200003000000004961203D000020412020000100000000B1
:205E80004962203D0000204120200001000000004963203D000020412020000100000000AD
:205EA0004948303D00002041202000010000000055613D0000002056202000000000000099
:205EC00055623D0000002056202000000000000055633D000000205620200000000000006D
:205EE0005561623D0000205620200000000000005562633D0000205620200000000000008A
:205F00005563613D0000205620200000000000002020463D000020487A20000300000000AD
:205F20001A120000E111D5023711980521103808A50EA40ACD0CCD0CA40AA50E3808211031
:205F400098053711D502E11100001A122BFDE11168FA3711C8F721105CF5A50E33F3CD0CB0
:205F60005BF1A40ADFEF3808C9EE98051FEED502E6ED00001FEE2BFDC9EE68FADFEFC8F733
:205F80005BF15CF533F333F35CF55BF1C8F7DFEF68FAC9EE2BFD1FEE0000E6EDD5021FEEE9
:205FA0009805C9EE3808DFEFA40A5BF1CD0C33F3A50E5CF52110C8F7371168FAE1112BFDCE
:205FC000845D020860600208020700000065020800000000845D02087460020802070100C1
:205FE0000065020800000000845D020888600208020702000065020800000000845D0208F0
:206000009C600208020703000065020800000000845D0208B060020802070400006502087E
:2060200000000000845D0208C4600208020705000065020800000000845D0208D86002089D
:206040000207060000650208000000000000000000000000000000000000000000000000C2
:20606000C05F0208000000000207000000650208A57B0008D45F0208000000000207010010
:20608000006502083D820008E85F02080000000002070200006502089D910008FC5F020864
:2060A0000000000002070300006502082599000810600208000000000207040000650208A9
:2060C0002D90000824600208000000000207050000650208E59300083860020800000000CE
:2060E0000207060000650208D59700080000000000000000000000000000000000000000AE
:20610000B9FDC1F749B6CE0000000000B9FDC1F74949B6CE00000000B9FDC1F7494949B6C1
:20612000CE000000B7B4CAB1CFDEB9FDC1F70000B9FDB8BABAC9B1A3BBA40000D6D8BACFFB
:20614000D5A2000000000000BCD3CBD9B1A3BBA400000000B3E4B5E7B1A3BBA400000000FC
:20616000C1E3C1F749B6CE0000000000C1E3C1F74949B6CE00000000B9FDB5E7D1B9B1A354
:20618000BBA40000B5CDB5E7D1B9B1A3BBA40000B5CDC6B5B1A3BBA420200000B5E7C1F701
:2061A000CBD9B6CF00000000CFE0BCE4B9FDC1F700000000B8BAD0F2B9FDC1F70000000057
:2061C000B7B4CAB1CFDEB9FDC1F70000B3A4C6F4B6AFB1A3BBA40000B6C2D7AAB1A3BBA4E9
:2061E00000000000B9FDB8BABAC9B1A3BBA40000C1E3D0F2B5E7C1F700000000B9FDB5E735
:20620000D1B9B1A3BBA40000C7B7B5E7D1B9B1A3BBA40000B1BECCE531B1A3BBA4000000E6
:20622000B1BECCE532B1A3BBA4000000B1BECCE533B1A3BBA4000000485D0208C462020874
:20624000020600004865020800000000485D0208D8620208020601004865020800000000CC
:20626000485D0208EC620208020602004865020800000000485D020800630208020603002F
:206280004865020800000000485D020814630208020604004865020800000000485D0208A5
:2062A000286302080206050048650208000000000000000000000000000000000000000085
:2062C0000000000038620208000000000206000048650208396D00084C62020800000000F5
:2062E00002060100486502085D72000860620208000000000206020048650208DD7600081F
:20630000746202080000000002060300486502085D950008886202080000000002060400E1
:2063200048650208E39500089C620208000000000206050048650208859600080000000037
:206340000000000000000000000000000000000001B1A3BBA4CCF8D5A2000000000000004E
:206360000002B1A3BBA4BACFD5A2000000000000000003B8E6BEAFB3F6BFDA000000000018
:2063800000000004B6AFD7F7B3F6BFDA000000000000000005D2A3BFD8BACFD5A200000073
:2063A000000000000006D2A3BFD8CCF8D5A2000000000000000007B1B8D3C3B3F6BFDA0048
:2063C000000000000000000EB1B3B9E2BFD8D6C60000000000000000B9FDC1F749B6CE0042
:2063E00000000000B9FDC1F74949B6CE00000000B7B4CAB1CFDEB9FDC1F70000B9FDB8BAF0
:20640000BAC9B1A3BBA40000B8DFD1B9B2E0C1E3C1F70000D6D8CDDFCBB9B1A3BBA40000A6
:20642000C7E1CDDFCBB9B1A3BBA40000B3ACB8DFCEC2B1A3BBA40000CEC2B6C8B8DFB1A39F
:20644000BBA40000B5CDB5E7D1B9B1A3BBA400000720493D20010D3349303D0119334930F8
:206460003D011A3349303D010E20463D20090F4946323D01105542503D001120553D2000DB
:206480001249323D20011349453D20011449503D2001253355303D002949313D20012B20A1
:2064A000553D20002C20553D20002D20493D2001000700003C71020801040000506F0208AC
:2064C000020400005C6F020803040000686F020804040000746F020805040000806F020802
:2064E000060400008C6F020807040000986F020808040000A46F0208000000000000000048
:2065000000060000D86E020801040000BC6D020802040000CC6D020803040000DC6D02084A
:2065200004040000EC6D0208050400002870020806040000FC6D0208070400000C6E020839
:20654000000000000000000000070000C06E020801040000B06F020802040000BC6F020893
:2065600003040000C86F0208040400006C6D0208050400007C6D0208060400008C6D0208DF
:20658000000000000000000019E050F8041BCB0744BFA9F101035918121F0023042A41F8FC
:2065A000043BF9D25FEA827C0B4604D54FF0000CA1F800C09B1CD10744BF0021197050F838
:2065C000042B002AE1D170470C5D02080466020801020000B8680208000000000C5D020872
:2065E0001866020801020100B86802080000000000000000000000000000000000000000E5
:2066000000000000C86502080000000001020000B8680208B94F0008DC65020800000000BB
:2066200001020100B86802080D5100080000000000000000000000000000000000000000C6
:2066400000040000000500000006000000080000000C00000010000000140000001E0000D5
:2066600000280000003C000000500000006400000078000000A0000000C800000020000002
:20668000252000004320000072200000B6200000E62000000C2100005021000082210000A3
:2066A000C7210000FA2100002122000041220000732200009B22000030B5016842688468FB
:2066C000014401EB5203D20748BF4C44994201D10C3030BD11F9012B11F8015B002A04F82D
:2066E000015B02D5521CF9D1F0E7521EF4D5EDE7205D02080000000002010000B0640208A3
:20670000755200080000000000000000000000000000000000000000345D0208000000000F
:2067200002010000B064020847540008000000000000000000000000000000000000000095
:206740005C5D02086867020802010000446A020800000000000000000000000000000000E2
:206760000000000000000000406702080000000002010000446A0208116100080000000033
:2067800000000000000000000000000000000000705D02080000000002010000B064020801
:2067A000055A00080000000000000000000000000000000000000000985D02080000000073
:2067C00002010000B0640208199700080000000000000000000000000000000000000000E0
:2067E00010B5074979441831064C7C44163404E00A68081D114488470146A142F8D110BDC3
:2068000098000000B40000002020CDCBB3F6202000B5A5B4BFB9FDC1F700B1D5CBF8B9FD31
:20682000C1F700B7BDCFF2B9FDC1F7002020CDCBB3F620200020312DD2BBB0E3200020322C
:206840002DB7C7B3A3200020332DBCABB6CB20002020CDCBB3F6202000B5CDD1B9B6AFD786
:20686000F700B5CDD1B9B8E6BEAF00CAA7D1B9B6AFD7F7004EF68851CEF20001086840F45A
:2068800070000860BFF34F8FBFF36F8F4FF00070E1EE100A70470000F1FCFFFF0055000051
:2068A000801900200000000011FEFFFFF4090000140100000000002000070000B46E0208AD
:2068C000010400004C6D0208020400005C6D020800000000000000002532642C2020252E9D
:2068E0002A73202020252E2A7320202025312E3466200A0D00000000302DCDCBB3F6000058
:2069000000312DCCF8D5A2000000322DB8E6BEAF000000002020CDCBB3F6202000B6CFCF5F
:20692000DFB1D5CBF800B6CFCFDFBFAAB7C5000025303258CAB125303258B7D62530325872
:20694000C3EB25303364BAC1C3EB000020C3FBB3C62020202020B5A5CEBB2020202020CF2B
:20696000B5CAFD0A0D0000002532642C2020252E2A73202020252E2A73202020252E3766CD
:20698000200A0D0080250000C012000060090000B0040000004B000000E1000000C201003D
:2069A00000F00BF8002801D0FFF71AFF0020AFF30080FCF7F7FB00F002F80120704700F003
:2069C00001B800000746384600F002F8FBE7000080B5AFF30080024A11001820ABBEFBE730
:2069E0002600020020B1E4D1B9C6F7B1A3BBA4B2E2BFD8D7B0D6C320000000002530346468
:206A00002E253458C4EA25303258D4C225303258C8D50000BEA7B6D4B1C8B6C82C20B2A272
:206A2000B0B4C8B7C8CFBCFC00000000B1A3B4E62E20202020202020202020202020202028
:206A40000000000000060000CC6E020801040000D46F020800000000000000000A0D20D291
:206A6000A3B2E2B5E33A2025303264B8F62020200A0D000020D2A3D0C5B5E33A202530323A
:206A800064B8F62020200A0D0000000020B1E0BAC52020202020C3FBB3C620202020200ABC
:206AA0000D00000020D2A3BFD8B5E33A2025303264B8F62020200A0D0000000056002041E4
:206AC0002053B6C8B7D62057B7A620206D73485A2020CFDFC2B7B1A3BBA4B2E2BFD8D7B0D6
:206AE000D6C3000020B5E7B6AFBBFAB1A3BBA4B2E2BFD8D7B0D6C300302DCDCBB3F600008B
:206B000000312DCDB6C8EB000000000020B2D9D7F7B0E5200020BFAAC8EBB0E520000000C2
:206B20002020C9CFBCFCBFA8D7A1C7EBBCECB2E900000000CDCBB3F6BCFCBFA8D7A1C7EB67
:206B4000BCECB2E900000000C8B7C8CFBCFCBFA8D7A1C7EBBCECB2E9000000002020D3D26B
:206B6000BCFCBFA8D7A1C7EBBCECB2E9000000002020CFC2BCFCBFA8D7A1C7EBBCECB2E92C
:206B8000000000002020D7F3BCFCBFA8D7A1C7EBBCECB2E900000000B8B4B9E9BCFCBFA832
:206BA000D7A1C7EBBCECB2E900000000B0B4C9CFCFC2BCFCBFC9D2D4B5F7BDDAD2BA000026
:206BC0002020CAB12020B7D62020C3EB202020BAC1C3EB00202020C3DCC2EBB4EDCEF32187
:206BE00020202020000000002020CAC7B7F1B1A3B4E6B2CECAFD3F20000000002020B1A374
:206C0000B4E6B2CECAFDB3C9B9A6212000000000000000000C5D0208000100000000000003
:206C2000000000002532642C202020BFAAB9D8D2A3BFD820200A0D002532642C202020B1B8
:206C4000A3BBA4B8B4B9E920200A0D0040404070204080000404041C0804020132303233BF
:206C6000C4EA3035D4C23035C8D50000B0E6B1BEBAC53A415446332E30300000B1A3BBA45C
:206C8000B6A8D6B5D0DEB8C400000000D1B9B0E5CDB6CDCBC7D0BBBB00000000BBD6B8B49D
:206CA000B3F6B3A7C9E8D6C300000000D7B0D6C3B2CECAFDD0DEB8C400000000B1A3BBA443
:206CC000BBF9B1BEC9E8D6C300000000B1A3BBA4C0E0D0CDD2D1B1E42C000000CEF1B1D8AB
:206CE000D6D8D0C2C9CFB5E721000000D2BABEA7B6D4B1C8B6C8D6B53A000000BCCCB5E7A4
:206D0000B1A3BBA4C8EDBCFE00000000CFB5CDB3B2CECAFDC8B1CAA12E2E2E00D1B9B0E579
:206D2000C8B1CAA12E2E2E2E2E2E0000B6A8D6B5C8B1CAA12E2E2E2E2E2E0000D6D8C6F412
:206D4000CFB5CDB32E2E2E2E2E2E0000312EB2E9BFB4B1A3BBA4D6B500000000322EB2E975
:206D6000BFB4B2E2C1BFD6B500000000342EC9BEB3FDCAC2BCFEBCC7C2BC0000352EC9BE37
:206D8000B3FD534F45BCC7C2BC200000362EC9BEB3FDB2D9D7F7BCC7C2BC000020B6A8D6F2
:206DA000B5C7F8B3F6B4ED212000000020B6A8D6B5B9CCBBAFB3C9B9A6210000312ECFB5FD
:206DC000CDB3CAB1D6D3202020200000322E5253343835C9E8D6C32020200000332ED2A369
:206DE000D0C5CAB1BCE4C9E8D6C30000342EB2E2C1BFCFB5CAFDD0A3D7BC0000362ED2BAE2
:206E0000BEA7B6D4B1C8B6C820200000372EB3F6B3A7C9E8D6C3202020200000202020209A
:206E2000C4EA2020D4C22020C8D50000C7EBCAE4C8EBD0C2C3DCC2EB3A0000002532642CDF
:206E40002020252E2A7320200A0D00002532642C20B1B8D3C320200A0D0000002532642C67
:206E6000202020B1B8D3C320200A0D002532642C202020252E2A7320200A0D002532642CE7
:206E80002020B1B8D3C320200A0D00000148804701480047515502081971020820202020F8
:206EA00020202020000000002534642E2530326400000000BFCCB6C8CFD4CABE0000000048
:206EC000CAC2B9CAD7B7D2E400000000B1A3BBA4B6A8D6B500000000B2CECAFDC9E8D6C332
:206EE00000000000CEDECAC2B9CABCC7C2BC0000CEDE534F45BCC7C2BC000000CEDEB2D90B
:206F0000D7F7BCC7C2BC0000B6A8D6B5C7F8C7D0BBBB0000D7B0D6C3B8B4B9E900000000BF
:206F2000BFAAB9D8D2A3BFD800000000BFAAB3F6B2E2CAD400000000B4EDCEF3B4FAC2EB4A
:206F400000000000B2E2C1BFD0A3D7BC3A000000312EBFCCB6C8CFD4CABE0000322EBFAA81
:206F6000C8EBCFD4CABE0000332EBFAAB3F6BCECB2E20000342ECAC2B9CAD7B7D2E40000CF
:206F8000352EB1A3BBA4B6A8D6B50000362ED1B9B0E5C9E8D6C30000372EB2CECAFDC9E8C8
:206FA000D6C30000382EB0E6B1BED0C5CFA20000312ECAC2B9CABCC7C2BC0000322E534F56
:206FC00045BCC7C2BC000000332EB2D9D7F7BCC7C2BC0000312ED5FBB6A8B6A8D6B500003A
:206FE000B2E9BFB4B6A8D6B5C7F83A00D5FBB6A8B6A8D6B5C7F83A00B9CCBBAFB6A8D6B5B9
:20700000C7F83A00C7D0BBBBB6A8D6B5C7F83A00C7EBCAE4C8EBC3DCC2EB3A00D1B9B0E5D0
:20702000C3FBB3C600000000352EC3DCC2EBC9E8B6A800005253343835B5D8D6B73A0000C1
:207040005253343835CBD9C2CA3A00005253343835B9E6D4BC3A000020D2A3B2E2C9CFCB45
:20706000CD3A0000D2A3D0C5CAB1BCE43A000000C9BEB3FDB3C9B9A621000000C9BEB3FD40
:20708000CAA7B0DC21000000D0CD2020BAC53A2000000000D3EF2020D1D43A20000000001B
:2070A000B2E2C1BFB5E33A2000000000CFDF2020C2B7202000000000B1E4D1B9C6F7202007
:2070C00000000000B5E7B6AFBBFA202000000000B5E7C8DDC6F7202000000000D6D0202096
:2070E00020CEC42000000000456E676C6973682000000000B1A3B2E2B7D6BFAA20000000D6
:20710000B1A3B2E2D2BBCCE520000000252E2A7320252E2A73255800AFF30080FFF7AAFBEF
:20712000FFF73EFC2E303030000000002D253364000000002025336400000000D6F7B2CB52
:20714000B5A50000D2A3BFD800000000BECDB5D800000000CDA8B5C000000000B7F9D6B58C
:2071600000000000CFE0BDC700000000B2E2C1BFD6B50000B1D5BACF00000000B7D6BFAA38
:2071800000000000B6AFD7F700000000B7B5BBD800000000B7A2C9FA00000000CFFBCAA766
:2071A00000000000D7B4CCAC0000000039363030000000003438303000000000323430306B
:2071C0000000000031323030000000004D4F444255530000C4CFD7D439340000B6FEB4CE41
:2071E000D6B50000D2BBB4CED6B50000D0A3D1E9C2EB3A00554950514F4B21006D7300007C
:207200004F4E20004F464600FFF7FEBFFFF7FEBFFFF7FEBFFFF7FEBFFFF7FEBFFFF7FEBFA4
:20722000FFF7FEBFFFF7FEBFFFF7FEBFFFF7FEBFFFF7FEBFFFF7FEBFFFF7FEBFFFF7FEBFB6
:20724000FFF7FEBFFFF7FEBFFFF7FEBFFFF7FEBFFFF7FEBFFFF7FEBFFFF7FEBFFFF7FEBF96
:20726000FFF7FEBFFFF7FEBFFFF7FEBFFFF7FEBFFFF7FEBFFFF7FEBFFFF7FEBFFFF7FEBF76
:20728000FFF7FEBFFFF7FEBFFFF7FEBFFFF7FEBFFFF7FEBFFFF7FEBFFFF7FEBFFFF7FEBF56
:2072A000270B3031323334353637383920113031323334353637383941424344454620009C
:2072C000005A52523931314620FC00075A52523932314620FC00075A52523935314620FCAA
:2072E00000FC20330020412020002042202000204142200020432020002043412000204270
:207300004320004142432000010203040607080902040608020C0810E400F8FFDC00FAFF12
:207320008100D10004F401180008FFFFFFFFFFFFFFFFFFFFFFFFFFFFFFFFFFFFFFFFFFFFF8
:20734000FFFFFFFFFFFFFFFFFFFFFFFFFFFFFFFFFFFFFFFFFFFFFFFFFFFFFFFFFFFFFFFF4D
:20736000FFFFFFFFFFFFFFFFFFFFFFFFFFFFFFFFFFFFFFFFFFFFFFFFFFFFFFFFFFFFFFFF2D
:20738000FFFFFFFFFFFFFFFFFFFFFFFFFFFFFFFFFFFFFFFFFFFFFFFFFFFFFFFFFFFFFFFF0D
:2073A000FFFFFFFFFFFFFFFFFFFFFFFFFFFFFFFFFFFFFFFFFFFFFFFFFFFFFFFFFFFFFFFFED
:2073C000FFFFFFFFFFFFFFFFFFFFFFFFFFFFFFFFFFFFFFFFFFFFFFFFFFFFFFFFFFFFFFFFCD
:2073E000FFFFFFFFFFFFFFFFFFFFFFFFFFFFFFFFFFFFFFFFFFFFFFFFFFFFFFFFFFFFFFFFAD
:20740000FFFFFFFFFFFFFFFFFFFFFFFFFFFFFFFFFFFFFFFFFFFFFFFFFFFFFFFFFFFFFFFF8C
:20742000FFFFFFFFFFFFFFFFFFFFFFFFFFFFFFFFFFFFFFFFFFFFFFFFFFFFFFFFFFFFFFFF6C
:20744000FFFFFFFFFFFFFFFFFFFFFFFFFFFFFFFFFFFFFFFFFFFFFFFFFFFFFFFFFFFFFFFF4C
:20746000FFFFFFFFFFFFFFFFFFFFFFFFFFFFFFFFFFFFFFFFFFFFFFFFFFFFFFFFFFFFFFFF2C
:20748000FFFFFFFFFFFFFFFFFFFFFFFFFFFFFFFFFFFFFFFFFFFFFFFFFFFFFFFFFFFFFFFF0C
:2074A000FFFFFFFFFFFFFFFFFFFFFFFFFFFFFFFFFFFFFFFFFFFFFFFFFFFFFFFFFFFFFFFFEC
:2074C000FFFFFFFFFFFFFFFFFFFFFFFFFFFFFFFFFFFFFFFFFFFFFFFFFFFFFFFFFFFFFFFFCC
:2074E000FFFFFFFFFFFFFFFFFFFFFFFFFFFFFFFFFFFFFFFFFFFFFFFFFFFFFFFFFFFFFFFFAC
:20750000FFFFFFFFFFFFFFFFFFFFFFFFFFFFFFFFFFFFFFFFFFFFFFFFFFFFFFFFFFFFFFFF8B
:20752000FFFFFFFFFFFFFFFFFFFFFFFFFFFFFFFFFFFFFFFFFFFFFFFFFFFFFFFFFFFFFFFF6B
:20754000FFFFFFFFFFFFFFFFFFFFFFFFFFFFFFFFFFFFFFFFFFFFFFFFFFFFFFFFFFFFFFFF4B
:20756000FFFFFFFFFFFFFFFFFFFFFFFFFFFFFFFFFFFFFFFFFFFFFFFFFFFFFFFFFFFFFFFF2B
:20758000FFFFFFFFFFFFFFFFFFFFFFFFFFFFFFFFFFFFFFFFFFFFFFFFFFFFFFFFFFFFFFFF0B
:2075A000FFFFFFFFFFFFFFFFFFFFFFFFFFFFFFFFFFFFFFFFFFFFFFFFFFFFFFFFFFFFFFFFEB
:2075C000FFFFFFFFFFFFFFFFFFFFFFFFFFFFFFFFFFFFFFFFFFFFFFFFFFFFFFFFFFFFFFFFCB
:2075E000FFFFFFFFFFFFFFFFFFFFFFFFFFFFFFFFFFFFFFFFFFFFFFFFFFFFFFFFFFFFFFFFAB
:20760000FFFFFFFFFFFFFFFFFFFFFFFFFFFFFFFFFFFFFFFFFFFFFFFFFFFFFFFFFFFFFFFF8A
:20762000FFFFFFFFFFFFFFFFFFFFFFFFFFFFFFFFFFFFFFFFFFFFFFFFFFFFFFFFFFFFFFFF6A
:20764000FFFFFFFFFFFFFFFFFFFFFFFFFFFFFFFFFFFFFFFFFFFFFFFFFFFFFFFFFFFFFFFF4A
:20766000FFFFFFFFFFFFFFFFFFFFFFFFFFFFFFFFFFFFFFFFFFFFFFFFFFFFFFFFFFFFFFFF2A
:20768000FFFFFFFFFFFFFFFFFFFFFFFFFFFFFFFFFFFFFFFFFFFFFFFFFFFFFFFFFFFFFFFF0A
:2076A000FFFFFFFFFFFFFFFFFFFFFFFFFFFFFFFFFFFFFFFFFFFFFFFFFFFFFFFFFFFFFFFFEA
:2076C000FFFFFFFFFFFFFFFFFFFFFFFFFFFFFFFFFFFFFFFFFFFFFFFFFFFFFFFFFFFFFFFFCA
:2076E000FFFFFFFFFFFFFFFFFFFFFFFFFFFFFFFFFFFFFFFFFFFFFFFFFFFFFFFFFFFFFFFFAA
:20770000FFFFFFFFFFFFFFFFFFFFFFFFFFFFFFFFFFFFFFFFFFFFFFFFFFFFFFFFFFFFFFFF89
:20772000FFFFFFFFFFFFFFFFFFFFFFFFFFFFFFFFFFFFFFFFFFFFFFFFFFFFFFFFFFFFFFFF69
:20774000FFFFFFFFFFFFFFFFFFFFFFFFFFFFFFFFFFFFFFFFFFFFFFFFFFFFFFFFFFFFFFFF49
:20776000FFFFFFFFFFFFFFFFFFFFFFFFFFFFFFFFFFFFFFFFFFFFFFFFFFFFFFFFFFFFFFFF29
:20778000FFFFFFFFFFFFFFFFFFFFFFFFFFFFFFFFFFFFFFFFFFFFFFFFFFFFFFFFFFFFFFFF09
:2077A000FFFFFFFFFFFFFFFFFFFFFFFFFFFFFFFFFFFFFFFFFFFFFFFFFFFFFFFFFFFFFFFFE9
:2077C000FFFFFFFFFFFFFFFFFFFFFFFFFFFFFFFFFFFFFFFFFFFFFFFFFFFFFFFFFFFFFFFFC9
:2077E000FFFFFFFFFFFFFFFFFFFFFFFFFFFFFFFFFFFFFFFFFFFFFFFFFFFFFFFFFFFFFFFFA9
:20780000FFFFFFFFFFFFFFFFFFFFFFFFFFFFFFFFFFFFFFFFFFFFFFFFFFFFFFFFFFFFFFFF88
:20782000FFFFFFFFFFFFFFFFFFFFFFFFFFFFFFFFFFFFFFFFFFFFFFFFFFFFFFFFFFFFFFFF68
:20784000FFFFFFFFFFFFFFFFFFFFFFFFFFFFFFFFFFFFFFFFFFFFFFFFFFFFFFFFFFFFFFFF48
:20786000FFFFFFFFFFFFFFFFFFFFFFFFFFFFFFFFFFFFFFFFFFFFFFFFFFFFFFFFFFFFFFFF28
:20788000FFFFFFFFFFFFFFFFFFFFFFFFFFFFFFFFFFFFFFFFFFFFFFFFFFFFFFFFFFFFFFFF08
:2078A000FFFFFFFFFFFFFFFFFFFFFFFFFFFFFFFFFFFFFFFFFFFFFFFFFFFFFFFFFFFFFFFFE8
:2078C000FFFFFFFFFFFFFFFFFFFFFFFFFFFFFFFFFFFFFFFFFFFFFFFFFFFFFFFFFFFFFFFFC8
:2078E000FFFFFFFFFFFFFFFFFFFFFFFFFFFFFFFFFFFFFFFFFFFFFFFFFFFFFFFFFFFFFFFFA8
:20790000FFFFFFFFFFFFFFFFFFFFFFFFFFFFFFFFFFFFFFFFFFFFFFFFFFFFFFFFFFFFFFFF87
:20792000FFFFFFFFFFFFFFFFFFFFFFFFFFFFFFFFFFFFFFFFFFFFFFFFFFFFFFFFFFFFFFFF67
:20794000FFFFFFFFFFFFFFFFFFFFFFFFFFFFFFFFFFFFFFFFFFFFFFFFFFFFFFFFFFFFFFFF47
:20796000FFFFFFFFFFFFFFFFFFFFFFFFFFFFFFFFFFFFFFFFFFFFFFFFFFFFFFFFFFFFFFFF27
:20798000FFFFFFFFFFFFFFFFFFFFFFFFFFFFFFFFFFFFFFFFFFFFFFFFFFFFFFFFFFFFFFFF07
:2079A000FFFFFFFFFFFFFFFFFFFFFFFFFFFFFFFFFFFFFFFFFFFFFFFFFFFFFFFFFFFFFFFFE7
:2079C000FFFFFFFFFFFFFFFFFFFFFFFFFFFFFFFFFFFFFFFFFFFFFFFFFFFFFFFFFFFFFFFFC7
:2079E000FFFFFFFFFFFFFFFFFFFFFFFFFFFFFFFFFFFFFFFFFFFFFFFFFFFFFFFFFFFFFFFFA7
:207A0000FFFFFFFFFFFFFFFFFFFFFFFFFFFFFFFFFFFFFFFFFFFFFFFFFFFFFFFFFFFFFFFF86
:207A2000FFFFFFFFFFFFFFFFFFFFFFFFFFFFFFFFFFFFFFFFFFFFFFFFFFFFFFFFFFFFFFFF66
:207A4000FFFFFFFFFFFFFFFFFFFFFFFFFFFFFFFFFFFFFFFFFFFFFFFFFFFFFFFFFFFFFFFF46
:207A6000FFFFFFFFFFFFFFFFFFFFFFFFFFFFFFFFFFFFFFFFFFFFFFFFFFFFFFFFFFFFFFFF26
:207A8000FFFFFFFFFFFFFFFFFFFFFFFFFFFFFFFFFFFFFFFFFFFFFFFFFFFFFFFFFFFFFFFF06
:207AA000FFFFFFFFFFFFFFFFFFFFFFFFFFFFFFFFFFFFFFFFFFFFFFFFFFFFFFFFFFFFFFFFE6
:207AC000FFFFFFFFFFFFFFFFFFFFFFFFFFFFFFFFFFFFFFFFFFFFFFFFFFFFFFFFFFFFFFFFC6
:207AE000FFFFFFFFFFFFFFFFFFFFFFFFFFFFFFFFFFFFFFFFFFFFFFFFFFFFFFFFFFFFFFFFA6
:207B0000FFFFFFFFFFFFFFFFFFFFFFFFFFFFFFFFFFFFFFFFFFFFFFFFFFFFFFFFFFFFFFFF85
:207B2000FFFFFFFFFFFFFFFFFFFFFFFFFFFFFFFFFFFFFFFFFFFFFFFFFFFFFFFFFFFFFFFF65
:207B4000FFFFFFFFFFFFFFFFFFFFFFFFFFFFFFFFFFFFFFFFFFFFFFFFFFFFFFFFFFFFFFFF45
:207B6000FFFFFFFFFFFFFFFFFFFFFFFFFFFFFFFFFFFFFFFFFFFFFFFFFFFFFFFFFFFFFFFF25
:207B8000FFFFFFFFFFFFFFFFFFFFFFFFFFFFFFFFFFFFFFFFFFFFFFFFFFFFFFFFFFFFFFFF05
:207BA000FFFFFFFFFFFFFFFFFFFFFFFFFFFFFFFFFFFFFFFFFFFFFFFFFFFFFFFFFFFFFFFFE5
:207BC000FFFFFFFFFFFFFFFFFFFFFFFFFFFFFFFFFFFFFFFFFFFFFFFFFFFFFFFFFFFFFFFFC5
:207BE000FFFFFFFFFFFFFFFFFFFFFFFFFFFFFFFFFFFFFFFFFFFFFFFFFFFFFFFFFFFFFFFFA5
:207C0000FFFFFFFFFFFFFFFFFFFFFFFFFFFFFFFFFFFFFFFFFFFFFFFFFFFFFFFFFFFFFFFF84
:207C2000FFFFFFFFFFFFFFFFFFFFFFFFFFFFFFFFFFFFFFFFFFFFFFFFFFFFFFFFFFFFFFFF64
:207C4000FFFFFFFFFFFFFFFFFFFFFFFFFFFFFFFFFFFFFFFFFFFFFFFFFFFFFFFFFFFFFFFF44
:207C6000FFFFFFFFFFFFFFFFFFFFFFFFFFFFFFFFFFFFFFFFFFFFFFFFFFFFFFFFFFFFFFFF24
:207C8000FFFFFFFFFFFFFFFFFFFFFFFFFFFFFFFFFFFFFFFFFFFFFFFFFFFFFFFFFFFFFFFF04
:207CA000FFFFFFFFFFFFFFFFFFFFFFFFFFFFFFFFFFFFFFFFFFFFFFFFFFFFFFFFFFFFFFFFE4
:207CC000FFFFFFFFFFFFFFFFFFFFFFFFFFFFFFFFFFFFFFFFFFFFFFFFFFFFFFFFFFFFFFFFC4
:207CE000FFFFFFFFFFFFFFFFFFFFFFFFFFFFFFFFFFFFFFFFFFFFFFFFFFFFFFFFFFFFFFFFA4
:207D0000FFFFFFFFFFFFFFFFFFFFFFFFFFFFFFFFFFFFFFFFFFFFFFFFFFFFFFFFFFFFFFFF83
:207D2000FFFFFFFFFFFFFFFFFFFFFFFFFFFFFFFFFFFFFFFFFFFFFFFFFFFFFFFFFFFFFFFF63
:207D4000FFFFFFFFFFFFFFFFFFFFFFFFFFFFFFFFFFFFFFFFFFFFFFFFFFFFFFFFFFFFFFFF43
:207D6000FFFFFFFFFFFFFFFFFFFFFFFFFFFFFFFFFFFFFFFFFFFFFFFFFFFFFFFFFFFFFFFF23
:207D8000FFFFFFFFFFFFFFFFFFFFFFFFFFFFFFFFFFFFFFFFFFFFFFFFFFFFFFFFFFFFFFFF03
:207DA000FFFFFFFFFFFFFFFFFFFFFFFFFFFFFFFFFFFFFFFFFFFFFFFFFFFFFFFFFFFFFFFFE3
:207DC000FFFFFFFFFFFFFFFFFFFFFFFFFFFFFFFFFFFFFFFFFFFFFFFFFFFFFFFFFFFFFFFFC3
:207DE000FFFFFFFFFFFFFFFFFFFFFFFFFFFFFFFFFFFFFFFFFFFFFFFFFFFFFFFFFFFFFFFFA3
:207E0000FFFFFFFFFFFFFFFFFFFFFFFFFFFFFFFFFFFFFFFFFFFFFFFFFFFFFFFFFFFFFFFF82
:207E2000FFFFFFFFFFFFFFFFFFFFFFFFFFFFFFFFFFFFFFFFFFFFFFFFFFFFFFFFFFFFFFFF62
:207E4000FFFFFFFFFFFFFFFFFFFFFFFFFFFFFFFFFFFFFFFFFFFFFFFFFFFFFFFFFFFFFFFF42
:207E6000FFFFFFFFFFFFFFFFFFFFFFFFFFFFFFFFFFFFFFFFFFFFFFFFFFFFFFFFFFFFFFFF22
:207E8000FFFFFFFFFFFFFFFFFFFFFFFFFFFFFFFFFFFFFFFFFFFFFFFFFFFFFFFFFFFFFFFF02
:207EA000FFFFFFFFFFFFFFFFFFFFFFFFFFFFFFFFFFFFFFFFFFFFFFFFFFFFFFFFFFFFFFFFE2
:207EC000FFFFFFFFFFFFFFFFFFFFFFFFFFFFFFFFFFFFFFFFFFFFFFFFFFFFFFFFFFFFFFFFC2
:207EE000FFFFFFFFFFFFFFFFFFFFFFFFFFFFFFFFFFFFFFFFFFFFFFFFFFFFFFFFFFFFFFFFA2
:207F0000FFFFFFFFFFFFFFFFFFFFFFFFFFFFFFFFFFFFFFFFFFFFFFFFFFFFFFFFFFFFFFFF81
:207F2000FFFFFFFFFFFFFFFFFFFFFFFFFFFFFFFFFFFFFFFFFFFFFFFFFFFFFFFFFFFFFFFF61
:207F4000FFFFFFFFFFFFFFFFFFFFFFFFFFFFFFFFFFFFFFFFFFFFFFFFFFFFFFFFFFFFFFFF41
:207F6000FFFFFFFFFFFFFFFFFFFFFFFFFFFFFFFFFFFFFFFFFFFFFFFFFFFFFFFFFFFFFFFF21
:207F8000FFFFFFFFFFFFFFFFFFFFFFFFFFFFFFFFFFFFFFFFFFFFFFFFFFFFFFFFFFFFFFFF01
:207FA000FFFFFFFFFFFFFFFFFFFFFFFFFFFFFFFFFFFFFFFFFFFFFFFFFFFFFFFFFFFFFFFFE1
:207FC000FFFFFFFFFFFFFFFFFFFFFFFFFFFFFFFFFFFFFFFFFFFFFFFFFFFFFFFFFFFFFFFFC1
:207FE000FFFFFFFFFFFFFFFFFFFFFFFFFFFFFFFFFFFFFFFFFFFFFFFFFFFFFFFFFFFFFFFFA1
:20800000FFFFFFFFFFFFFFFFFFFFFFFFFFFFFFFFFFFFFFFFFFFFFFFFFFFFFFFFFFFFFFFF80
:20802000FFFFFFFFFFFFFFFFFFFFFFFFFFFFFFFFFFFFFFFFFFFFFFFFFFFFFFFFFFFFFFFF60
:20804000FFFFFFFFFFFFFFFFFFFFFFFFFFFFFFFFFFFFFFFFFFFFFFFFFFFFFFFFFFFFFFFF40
:20806000FFFFFFFFFFFFFFFFFFFFFFFFFFFFFFFFFFFFFFFFFFFFFFFFFFFFFFFFFFFFFFFF20
:20808000FFFFFFFFFFFFFFFFFFFFFFFFFFFFFFFFFFFFFFFFFFFFFFFFFFFFFFFFFFFFFFFF00
:2080A000FFFFFFFFFFFFFFFFFFFFFFFFFFFFFFFFFFFFFFFFFFFFFFFFFFFFFFFFFFFFFFFFE0
:2080C000FFFFFFFFFFFFFFFFFFFFFFFFFFFFFFFFFFFFFFFFFFFFFFFFFFFFFFFFFFFFFFFFC0
:2080E000FFFFFFFFFFFFFFFFFFFFFFFFFFFFFFFFFFFFFFFFFFFFFFFFFFFFFFFFFFFFFFFFA0
:20810000FFFFFFFFFFFFFFFFFFFFFFFFFFFFFFFFFFFFFFFFFFFFFFFFFFFFFFFFFFFFFFFF7F
:20812000FFFFFFFFFFFFFFFFFFFFFFFFFFFFFFFFFFFFFFFFFFFFFFFFFFFFFFFFFFFFFFFF5F
:20814000FFFFFFFFFFFFFFFFFFFFFFFFFFFFFFFFFFFFFFFFFFFFFFFFFFFFFFFFFFFFFFFF3F
:20816000FFFFFFFFFFFFFFFFFFFFFFFFFFFFFFFFFFFFFFFFFFFFFFFFFFFFFFFFFFFFFFFF1F
:20818000FFFFFFFFFFFFFFFFFFFFFFFFFFFFFFFFFFFFFFFFFFFFFFFFFFFFFFFFFFFFFFFFFF
:2081A000FFFFFFFFFFFFFFFFFFFFFFFFFFFFFFFFFFFFFFFFFFFFFFFFFFFFFFFFFFFFFFFFDF
:2081C000FFFFFFFFFFFFFFFFFFFFFFFFFFFFFFFFFFFFFFFFFFFFFFFFFFFFFFFFFFFFFFFFBF
:2081E000FFFFFFFFFFFFFFFFFFFFFFFFFFFFFFFFFFFFFFFFFFFFFFFFFFFFFFFFFFFFFFFF9F
:20820000FFFFFFFFFFFFFFFFFFFFFFFFFFFFFFFFFFFFFFFFFFFFFFFFFFFFFFFFFFFFFFFF7E
:20822000FFFFFFFFFFFFFFFFFFFFFFFFFFFFFFFFFFFFFFFFFFFFFFFFFFFFFFFFFFFFFFFF5E
:20824000FFFFFFFFFFFFFFFFFFFFFFFFFFFFFFFFFFFFFFFFFFFFFFFFFFFFFFFFFFFFFFFF3E
:20826000FFFFFFFFFFFFFFFFFFFFFFFFFFFFFFFFFFFFFFFFFFFFFFFFFFFFFFFFFFFFFFFF1E
:20828000FFFFFFFFFFFFFFFFFFFFFFFFFFFFFFFFFFFFFFFFFFFFFFFFFFFFFFFFFFFFFFFFFE
:2082A000FFFFFFFFFFFFFFFFFFFFFFFFFFFFFFFFFFFFFFFFFFFFFFFFFFFFFFFFFFFFFFFFDE
:2082C000FFFFFFFFFFFFFFFFFFFFFFFFFFFFFFFFFFFFFFFFFFFFFFFFFFFFFFFFFFFFFFFFBE
:2082E000FFFFFFFFFFFFFFFFFFFFFFFFFFFFFFFFFFFFFFFFFFFFFFFFFFFFFFFFFFFFFFFF9E
:20830000FFFFFFFFFFFFFFFFFFFFFFFFFFFFFFFFFFFFFFFFFFFFFFFFFFFFFFFFFFFFFFFF7D
:20832000FFFFFFFFFFFFFFFFFFFFFFFFFFFFFFFFFFFFFFFFFFFFFFFFFFFFFFFFFFFFFFFF5D
:20834000FFFFFFFFFFFFFFFFFFFFFFFFFFFFFFFFFFFFFFFFFFFFFFFFFFFFFFFFFFFFFFFF3D
:20836000FFFFFFFFFFFFFFFFFFFFFFFFFFFFFFFFFFFFFFFFFFFFFFFFFFFFFFFFFFFFFFFF1D
:20838000FFFFFFFFFFFFFFFFFFFFFFFFFFFFFFFFFFFFFFFFFFFFFFFFFFFFFFFFFFFFFFFFFD
:2083A000FFFFFFFFFFFFFFFFFFFFFFFFFFFFFFFFFFFFFFFFFFFFFFFFFFFFFFFFFFFFFFFFDD
:2083C000FFFFFFFFFFFFFFFFFFFFFFFFFFFFFFFFFFFFFFFFFFFFFFFFFFFFFFFFFFFFFFFFBD
:2083E000FFFFFFFFFFFFFFFFFFFFFFFFFFFFFFFFFFFFFFFFFFFFFFFFFFFFFFFFFFFFFFFF9D
:20840000FFFFFFFFFFFFFFFFFFFFFFFFFFFFFFFFFFFFFFFFFFFFFFFFFFFFFFFFFFFFFFFF7C
:20842000FFFFFFFFFFFFFFFFFFFFFFFFFFFFFFFFFFFFFFFFFFFFFFFFFFFFFFFFFFFFFFFF5C
:20844000FFFFFFFFFFFFFFFFFFFFFFFFFFFFFFFFFFFFFFFFFFFFFFFFFFFFFFFFFFFFFFFF3C
:20846000FFFFFFFFFFFFFFFFFFFFFFFFFFFFFFFFFFFFFFFFFFFFFFFFFFFFFFFFFFFFFFFF1C
:20848000FFFFFFFFFFFFFFFFFFFFFFFFFFFFFFFFFFFFFFFFFFFFFFFFFFFFFFFFFFFFFFFFFC
:2084A000FFFFFFFFFFFFFFFFFFFFFFFFFFFFFFFFFFFFFFFFFFFFFFFFFFFFFFFFFFFFFFFFDC
:2084C000FFFFFFFFFFFFFFFFFFFFFFFFFFFFFFFFFFFFFFFFFFFFFFFFFFFFFFFFFFFFFFFFBC
:2084E000FFFFFFFFFFFFFFFFFFFFFFFFFFFFFFFFFFFFFFFFFFFFFFFFFFFFFFFFFFFFFFFF9C
:20850000FFFFFFFFFFFFFFFFFFFFFFFFFFFFFFFFFFFFFFFFFFFFFFFFFFFFFFFFFFFFFFFF7B
:20852000FFFFFFFFFFFFFFFFFFFFFFFFFFFFFFFFFFFFFFFFFFFFFFFFFFFFFFFFFFFFFFFF5B
:20854000FFFFFFFFFFFFFFFFFFFFFFFFFFFFFFFFFFFFFFFFFFFFFFFFFFFFFFFFFFFFFFFF3B
:20856000FFFFFFFFFFFFFFFFFFFFFFFFFFFFFFFFFFFFFFFFFFFFFFFFFFFFFFFFFFFFFFFF1B
:20858000FFFFFFFFFFFFFFFFFFFFFFFFFFFFFFFFFFFFFFFFFFFFFFFFFFFFFFFFFFFFFFFFFB
:2085A000FFFFFFFFFFFFFFFFFFFFFFFFFFFFFFFFFFFFFFFFFFFFFFFFFFFFFFFFFFFFFFFFDB
:2085C000FFFFFFFFFFFFFFFFFFFFFFFFFFFFFFFFFFFFFFFFFFFFFFFFFFFFFFFFFFFFFFFFBB
:2085E000FFFFFFFFFFFFFFFFFFFFFFFFFFFFFFFFFFFFFFFFFFFFFFFFFFFFFFFFFFFFFFFF9B
:20860000FFFFFFFFFFFFFFFFFFFFFFFFFFFFFFFFFFFFFFFFFFFFFFFFFFFFFFFFFFFFFFFF7A
:20862000FFFFFFFFFFFFFFFFFFFFFFFFFFFFFFFFFFFFFFFFFFFFFFFFFFFFFFFFFFFFFFFF5A
:20864000FFFFFFFFFFFFFFFFFFFFFFFFFFFFFFFFFFFFFFFFFFFFFFFFFFFFFFFFFFFFFFFF3A
:20866000FFFFFFFFFFFFFFFFFFFFFFFFFFFFFFFFFFFFFFFFFFFFFFFFFFFFFFFFFFFFFFFF1A
:20868000FFFFFFFFFFFFFFFFFFFFFFFFFFFFFFFFFFFFFFFFFFFFFFFFFFFFFFFFFFFFFFFFFA
:2086A000FFFFFFFFFFFFFFFFFFFFFFFFFFFFFFFFFFFFFFFFFFFFFFFFFFFFFFFFFFFFFFFFDA
:2086C000FFFFFFFFFFFFFFFFFFFFFFFFFFFFFFFFFFFFFFFFFFFFFFFFFFFFFFFFFFFFFFFFBA
:2086E000FFFFFFFFFFFFFFFFFFFFFFFFFFFFFFFFFFFFFFFFFFFFFFFFFFFFFFFFFFFFFFFF9A
:20870000FFFFFFFFFFFFFFFFFFFFFFFFFFFFFFFFFFFFFFFFFFFFFFFFFFFFFFFFFFFFFFFF79
:20872000FFFFFFFFFFFFFFFFFFFFFFFFFFFFFFFFFFFFFFFFFFFFFFFFFFFFFFFFFFFFFFFF59
:20874000FFFFFFFFFFFFFFFFFFFFFFFFFFFFFFFFFFFFFFFFFFFFFFFFFFFFFFFFFFFFFFFF39
:20876000FFFFFFFFFFFFFFFFFFFFFFFFFFFFFFFFFFFFFFFFFFFFFFFFFFFFFFFFFFFFFFFF19
:20878000FFFFFFFFFFFFFFFFFFFFFFFFFFFFFFFFFFFFFFFFFFFFFFFFFFFFFFFFFFFFFFFFF9
:2087A000FFFFFFFFFFFFFFFFFFFFFFFFFFFFFFFFFFFFFFFFFFFFFFFFFFFFFFFFFFFFFFFFD9
:2087C000FFFFFFFFFFFFFFFFFFFFFFFFFFFFFFFFFFFFFFFFFFFFFFFFFFFFFFFFFFFFFFFFB9
:2087E000FFFFFFFFFFFFFFFFFFFFFFFFFFFFFFFFFFFFFFFFFFFFFFFFFFFFFFFFFFFFFFFF99
:20880000FFFFFFFFFFFFFFFFFFFFFFFFFFFFFFFFFFFFFFFFFFFFFFFFFFFFFFFFFFFFFFFF78
:20882000FFFFFFFFFFFFFFFFFFFFFFFFFFFFFFFFFFFFFFFFFFFFFFFFFFFFFFFFFFFFFFFF58
:20884000FFFFFFFFFFFFFFFFFFFFFFFFFFFFFFFFFFFFFFFFFFFFFFFFFFFFFFFFFFFFFFFF38
:20886000FFFFFFFFFFFFFFFFFFFFFFFFFFFFFFFFFFFFFFFFFFFFFFFFFFFFFFFFFFFFFFFF18
:20888000FFFFFFFFFFFFFFFFFFFFFFFFFFFFFFFFFFFFFFFFFFFFFFFFFFFFFFFFFFFFFFFFF8
:2088A000FFFFFFFFFFFFFFFFFFFFFFFFFFFFFFFFFFFFFFFFFFFFFFFFFFFFFFFFFFFFFFFFD8
:2088C000FFFFFFFFFFFFFFFFFFFFFFFFFFFFFFFFFFFFFFFFFFFFFFFFFFFFFFFFFFFFFFFFB8
:2088E000FFFFFFFFFFFFFFFFFFFFFFFFFFFFFFFFFFFFFFFFFFFFFFFFFFFFFFFFFFFFFFFF98
:20890000FFFFFFFFFFFFFFFFFFFFFFFFFFFFFFFFFFFFFFFFFFFFFFFFFFFFFFFFFFFFFFFF77
:20892000FFFFFFFFFFFFFFFFFFFFFFFFFFFFFFFFFFFFFFFFFFFFFFFFFFFFFFFFFFFFFFFF57
:20894000FFFFFFFFFFFFFFFFFFFFFFFFFFFFFFFFFFFFFFFFFFFFFFFFFFFFFFFFFFFFFFFF37
:20896000FFFFFFFFFFFFFFFFFFFFFFFFFFFFFFFFFFFFFFFFFFFFFFFFFFFFFFFFFFFFFFFF17
:20898000FFFFFFFFFFFFFFFFFFFFFFFFFFFFFFFFFFFFFFFFFFFFFFFFFFFFFFFFFFFFFFFFF7
:2089A000FFFFFFFFFFFFFFFFFFFFFFFFFFFFFFFFFFFFFFFFFFFFFFFFFFFFFFFFFFFFFFFFD7
:2089C000FFFFFFFFFFFFFFFFFFFFFFFFFFFFFFFFFFFFFFFFFFFFFFFFFFFFFFFFFFFFFFFFB7
:2089E000FFFFFFFFFFFFFFFFFFFFFFFFFFFFFFFFFFFFFFFFFFFFFFFFFFFFFFFFFFFFFFFF97
:208A0000FFFFFFFFFFFFFFFFFFFFFFFFFFFFFFFFFFFFFFFFFFFFFFFFFFFFFFFFFFFFFFFF76
:208A2000FFFFFFFFFFFFFFFFFFFFFFFFFFFFFFFFFFFFFFFFFFFFFFFFFFFFFFFFFFFFFFFF56
:208A4000FFFFFFFFFFFFFFFFFFFFFFFFFFFFFFFFFFFFFFFFFFFFFFFFFFFFFFFFFFFFFFFF36
:208A6000FFFFFFFFFFFFFFFFFFFFFFFFFFFFFFFFFFFFFFFFFFFFFFFFFFFFFFFFFFFFFFFF16
:208A8000FFFFFFFFFFFFFFFFFFFFFFFFFFFFFFFFFFFFFFFFFFFFFFFFFFFFFFFFFFFFFFFFF6
:208AA000FFFFFFFFFFFFFFFFFFFFFFFFFFFFFFFFFFFFFFFFFFFFFFFFFFFFFFFFFFFFFFFFD6
:208AC000FFFFFFFFFFFFFFFFFFFFFFFFFFFFFFFFFFFFFFFFFFFFFFFFFFFFFFFFFFFFFFFFB6
:208AE000FFFFFFFFFFFFFFFFFFFFFFFFFFFFFFFFFFFFFFFFFFFFFFFFFFFFFFFFFFFFFFFF96
:208B0000FFFFFFFFFFFFFFFFFFFFFFFFFFFFFFFFFFFFFFFFFFFFFFFFFFFFFFFFFFFFFFFF75
:208B2000FFFFFFFFFFFFFFFFFFFFFFFFFFFFFFFFFFFFFFFFFFFFFFFFFFFFFFFFFFFFFFFF55
:208B4000FFFFFFFFFFFFFFFFFFFFFFFFFFFFFFFFFFFFFFFFFFFFFFFFFFFFFFFFFFFFFFFF35
:208B6000FFFFFFFFFFFFFFFFFFFFFFFFFFFFFFFFFFFFFFFFFFFFFFFFFFFFFFFFFFFFFFFF15
:208B8000FFFFFFFFFFFFFFFFFFFFFFFFFFFFFFFFFFFFFFFFFFFFFFFFFFFFFFFFFFFFFFFFF5
:208BA000FFFFFFFFFFFFFFFFFFFFFFFFFFFFFFFFFFFFFFFFFFFFFFFFFFFFFFFFFFFFFFFFD5
:208BC000FFFFFFFFFFFFFFFFFFFFFFFFFFFFFFFFFFFFFFFFFFFFFFFFFFFFFFFFFFFFFFFFB5
:208BE000FFFFFFFFFFFFFFFFFFFFFFFFFFFFFFFFFFFFFFFFFFFFFFFFFFFFFFFFFFFFFFFF95
:208C0000FFFFFFFFFFFFFFFFFFFFFFFFFFFFFFFFFFFFFFFFFFFFFFFFFFFFFFFFFFFFFFFF74
:208C2000FFFFFFFFFFFFFFFFFFFFFFFFFFFFFFFFFFFFFFFFFFFFFFFFFFFFFFFFFFFFFFFF54
:208C4000FFFFFFFFFFFFFFFFFFFFFFFFFFFFFFFFFFFFFFFFFFFFFFFFFFFFFFFFFFFFFFFF34
:208C6000FFFFFFFFFFFFFFFFFFFFFFFFFFFFFFFFFFFFFFFFFFFFFFFFFFFFFFFFFFFFFFFF14
:208C8000FFFFFFFFFFFFFFFFFFFFFFFFFFFFFFFFFFFFFFFFFFFFFFFFFFFFFFFFFFFFFFFFF4
:208CA000FFFFFFFFFFFFFFFFFFFFFFFFFFFFFFFFFFFFFFFFFFFFFFFFFFFFFFFFFFFFFFFFD4
:208CC000FFFFFFFFFFFFFFFFFFFFFFFFFFFFFFFFFFFFFFFFFFFFFFFFFFFFFFFFFFFFFFFFB4
:208CE000FFFFFFFFFFFFFFFFFFFFFFFFFFFFFFFFFFFFFFFFFFFFFFFFFFFFFFFFFFFFFFFF94
:208D0000FFFFFFFFFFFFFFFFFFFFFFFFFFFFFFFFFFFFFFFFFFFFFFFFFFFFFFFFFFFFFFFF73
:208D2000FFFFFFFFFFFFFFFFFFFFFFFFFFFFFFFFFFFFFFFFFFFFFFFFFFFFFFFFFFFFFFFF53
:208D4000FFFFFFFFFFFFFFFFFFFFFFFFFFFFFFFFFFFFFFFFFFFFFFFFFFFFFFFFFFFFFFFF33
:208D6000FFFFFFFFFFFFFFFFFFFFFFFFFFFFFFFFFFFFFFFFFFFFFFFFFFFFFFFFFFFFFFFF13
:208D8000FFFFFFFFFFFFFFFFFFFFFFFFFFFFFFFFFFFFFFFFFFFFFFFFFFFFFFFFFFFFFFFFF3
:208DA000FFFFFFFFFFFFFFFFFFFFFFFFFFFFFFFFFFFFFFFFFFFFFFFFFFFFFFFFFFFFFFFFD3
:208DC000FFFFFFFFFFFFFFFFFFFFFFFFFFFFFFFFFFFFFFFFFFFFFFFFFFFFFFFFFFFFFFFFB3
:208DE000FFFFFFFFFFFFFFFFFFFFFFFFFFFFFFFFFFFFFFFFFFFFFFFFFFFFFFFFFFFFFFFF93
:208E0000FFFFFFFFFFFFFFFFFFFFFFFFFFFFFFFFFFFFFFFFFFFFFFFFFFFFFFFFFFFFFFFF72
:208E2000FFFFFFFFFFFFFFFFFFFFFFFFFFFFFFFFFFFFFFFFFFFFFFFFFFFFFFFFFFFFFFFF52
:208E4000FFFFFFFFFFFFFFFFFFFFFFFFFFFFFFFFFFFFFFFFFFFFFFFFFFFFFFFFFFFFFFFF32
:208E6000FFFFFFFFFFFFFFFFFFFFFFFFFFFFFFFFFFFFFFFFFFFFFFFFFFFFFFFFFFFFFFFF12
:208E8000FFFFFFFFFFFFFFFFFFFFFFFFFFFFFFFFFFFFFFFFFFFFFFFFFFFFFFFFFFFFFFFFF2
:208EA000FFFFFFFFFFFFFFFFFFFFFFFFFFFFFFFFFFFFFFFFFFFFFFFFFFFFFFFFFFFFFFFFD2
:208EC000FFFFFFFFFFFFFFFFFFFFFFFFFFFFFFFFFFFFFFFFFFFFFFFFFFFFFFFFFFFFFFFFB2
:208EE000FFFFFFFFFFFFFFFFFFFFFFFFFFFFFFFFFFFFFFFFFFFFFFFFFFFFFFFFFFFFFFFF92
:208F0000FFFFFFFFFFFFFFFFFFFFFFFFFFFFFFFFFFFFFFFFFFFFFFFFFFFFFFFFFFFFFFFF71
:208F2000FFFFFFFFFFFFFFFFFFFFFFFFFFFFFFFFFFFFFFFFFFFFFFFFFFFFFFFFFFFFFFFF51
:208F4000FFFFFFFFFFFFFFFFFFFFFFFFFFFFFFFFFFFFFFFFFFFFFFFFFFFFFFFFFFFFFFFF31
:208F6000FFFFFFFFFFFFFFFFFFFFFFFFFFFFFFFFFFFFFFFFFFFFFFFFFFFFFFFFFFFFFFFF11
:208F8000FFFFFFFFFFFFFFFFFFFFFFFFFFFFFFFFFFFFFFFFFFFFFFFFFFFFFFFFFFFFFFFFF1
:208FA000FFFFFFFFFFFFFFFFFFFFFFFFFFFFFFFFFFFFFFFFFFFFFFFFFFFFFFFFFFFFFFFFD1
:208FC000FFFFFFFFFFFFFFFFFFFFFFFFFFFFFFFFFFFFFFFFFFFFFFFFFFFFFFFFFFFFFFFFB1
:208FE000FFFFFFFFFFFFFFFFFFFFFFFFFFFFFFFFFFFFFFFFFFFFFFFFFFFFFFFFFFFFFFFF91
:20900000FFFFFFFFFFFFFFFFFFFFFFFFFFFFFFFFFFFFFFFFFFFFFFFFFFFFFFFFFFFFFFFF70
:20902000FFFFFFFFFFFFFFFFFFFFFFFFFFFFFFFFFFFFFFFFFFFFFFFFFFFFFFFFFFFFFFFF50
:20904000FFFFFFFFFFFFFFFFFFFFFFFFFFFFFFFFFFFFFFFFFFFFFFFFFFFFFFFFFFFFFFFF30
:20906000FFFFFFFFFFFFFFFFFFFFFFFFFFFFFFFFFFFFFFFFFFFFFFFFFFFFFFFFFFFFFFFF10
:20908000FFFFFFFFFFFFFFFFFFFFFFFFFFFFFFFFFFFFFFFFFFFFFFFFFFFFFFFFFFFFFFFFF0
:2090A000FFFFFFFFFFFFFFFFFFFFFFFFFFFFFFFFFFFFFFFFFFFFFFFFFFFFFFFFFFFFFFFFD0
:2090C000FFFFFFFFFFFFFFFFFFFFFFFFFFFFFFFFFFFFFFFFFFFFFFFFFFFFFFFFFFFFFFFFB0
:2090E000FFFFFFFFFFFFFFFFFFFFFFFFFFFFFFFFFFFFFFFFFFFFFFFFFFFFFFFFFFFFFFFF90
:20910000FFFFFFFFFFFFFFFFFFFFFFFFFFFFFFFFFFFFFFFFFFFFFFFFFFFFFFFFFFFFFFFF6F
:20912000FFFFFFFFFFFFFFFFFFFFFFFFFFFFFFFFFFFFFFFFFFFFFFFFFFFFFFFFFFFFFFFF4F
:20914000FFFFFFFFFFFFFFFFFFFFFFFFFFFFFFFFFFFFFFFFFFFFFFFFFFFFFFFFFFFFFFFF2F
:20916000FFFFFFFFFFFFFFFFFFFFFFFFFFFFFFFFFFFFFFFFFFFFFFFFFFFFFFFFFFFFFFFF0F
:20918000FFFFFFFFFFFFFFFFFFFFFFFFFFFFFFFFFFFFFFFFFFFFFFFFFFFFFFFFFFFFFFFFEF
:2091A000FFFFFFFFFFFFFFFFFFFFFFFFFFFFFFFFFFFFFFFFFFFFFFFFFFFFFFFFFFFFFFFFCF
:2091C000FFFFFFFFFFFFFFFFFFFFFFFFFFFFFFFFFFFFFFFFFFFFFFFFFFFFFFFFFFFFFFFFAF
:2091E000FFFFFFFFFFFFFFFFFFFFFFFFFFFFFFFFFFFFFFFFFFFFFFFFFFFFFFFFFFFFFFFF8F
:20920000FFFFFFFFFFFFFFFFFFFFFFFFFFFFFFFFFFFFFFFFFFFFFFFFFFFFFFFFFFFFFFFF6E
:20922000FFFFFFFFFFFFFFFFFFFFFFFFFFFFFFFFFFFFFFFFFFFFFFFFFFFFFFFFFFFFFFFF4E
:20924000FFFFFFFFFFFFFFFFFFFFFFFFFFFFFFFFFFFFFFFFFFFFFFFFFFFFFFFFFFFFFFFF2E
:20926000FFFFFFFFFFFFFFFFFFFFFFFFFFFFFFFFFFFFFFFFFFFFFFFFFFFFFFFFFFFFFFFF0E
:20928000FFFFFFFFFFFFFFFFFFFFFFFFFFFFFFFFFFFFFFFFFFFFFFFFFFFFFFFFFFFFFFFFEE
:2092A000FFFFFFFFFFFFFFFFFFFFFFFFFFFFFFFFFFFFFFFFFFFFFFFFFFFFFFFFFFFFFFFFCE
:2092C000FFFFFFFFFFFFFFFFFFFFFFFFFFFFFFFFFFFFFFFFFFFFFFFFFFFFFFFFFFFFFFFFAE
:2092E000FFFFFFFFFFFFFFFFFFFFFFFFFFFFFFFFFFFFFFFFFFFFFFFFFFFFFFFFFFFFFFFF8E
:20930000FFFFFFFFFFFFFFFFFFFFFFFFFFFFFFFFFFFFFFFFFFFFFFFFFFFFFFFFFFFFFFFF6D
:20932000FFFFFFFFFFFFFFFFFFFFFFFFFFFFFFFFFFFFFFFFFFFFFFFFFFFFFFFFFFFFFFFF4D
:20934000FFFFFFFFFFFFFFFFFFFFFFFFFFFFFFFFFFFFFFFFFFFFFFFFFFFFFFFFFFFFFFFF2D
:20936000FFFFFFFFFFFFFFFFFFFFFFFFFFFFFFFFFFFFFFFFFFFFFFFFFFFFFFFFFFFFFFFF0D
:20938000FFFFFFFFFFFFFFFFFFFFFFFFFFFFFFFFFFFFFFFFFFFFFFFFFFFFFFFFFFFFFFFFED
:2093A000FFFFFFFFFFFFFFFFFFFFFFFFFFFFFFFFFFFFFFFFFFFFFFFFFFFFFFFFFFFFFFFFCD
:2093C000FFFFFFFFFFFFFFFFFFFFFFFFFFFFFFFFFFFFFFFFFFFFFFFFFFFFFFFFFFFFFFFFAD
:2093E000FFFFFFFFFFFFFFFFFFFFFFFFFFFFFFFFFFFFFFFFFFFFFFFFFFFFFFFFFFFFFFFF8D
:20940000FFFFFFFFFFFFFFFFFFFFFFFFFFFFFFFFFFFFFFFFFFFFFFFFFFFFFFFFFFFFFFFF6C
:20942000FFFFFFFFFFFFFFFFFFFFFFFFFFFFFFFFFFFFFFFFFFFFFFFFFFFFFFFFFFFFFFFF4C
:20944000FFFFFFFFFFFFFFFFFFFFFFFFFFFFFFFFFFFFFFFFFFFFFFFFFFFFFFFFFFFFFFFF2C
:20946000FFFFFFFFFFFFFFFFFFFFFFFFFFFFFFFFFFFFFFFFFFFFFFFFFFFFFFFFFFFFFFFF0C
:20948000FFFFFFFFFFFFFFFFFFFFFFFFFFFFFFFFFFFFFFFFFFFFFFFFFFFFFFFFFFFFFFFFEC
:2094A000FFFFFFFFFFFFFFFFFFFFFFFFFFFFFFFFFFFFFFFFFFFFFFFFFFFFFFFFFFFFFFFFCC
:2094C000FFFFFFFFFFFFFFFFFFFFFFFFFFFFFFFFFFFFFFFFFFFFFFFFFFFFFFFFFFFFFFFFAC
:2094E000FFFFFFFFFFFFFFFFFFFFFFFFFFFFFFFFFFFFFFFFFFFFFFFFFFFFFFFFFFFFFFFF8C
:20950000FFFFFFFFFFFFFFFFFFFFFFFFFFFFFFFFFFFFFFFFFFFFFFFFFFFFFFFFFFFFFFFF6B
:20952000FFFFFFFFFFFFFFFFFFFFFFFFFFFFFFFFFFFFFFFFFFFFFFFFFFFFFFFFFFFFFFFF4B
:20954000FFFFFFFFFFFFFFFFFFFFFFFFFFFFFFFFFFFFFFFFFFFFFFFFFFFFFFFFFFFFFFFF2B
:20956000FFFFFFFFFFFFFFFFFFFFFFFFFFFFFFFFFFFFFFFFFFFFFFFFFFFFFFFFFFFFFFFF0B
:20958000FFFFFFFFFFFFFFFFFFFFFFFFFFFFFFFFFFFFFFFFFFFFFFFFFFFFFFFFFFFFFFFFEB
:2095A000FFFFFFFFFFFFFFFFFFFFFFFFFFFFFFFFFFFFFFFFFFFFFFFFFFFFFFFFFFFFFFFFCB
:2095C000FFFFFFFFFFFFFFFFFFFFFFFFFFFFFFFFFFFFFFFFFFFFFFFFFFFFFFFFFFFFFFFFAB
:2095E000FFFFFFFFFFFFFFFFFFFFFFFFFFFFFFFFFFFFFFFFFFFFFFFFFFFFFFFFFFFFFFFF8B
:20960000FFFFFFFFFFFFFFFFFFFFFFFFFFFFFFFFFFFFFFFFFFFFFFFFFFFFFFFFFFFFFFFF6A
:20962000FFFFFFFFFFFFFFFFFFFFFFFFFFFFFFFFFFFFFFFFFFFFFFFFFFFFFFFFFFFFFFFF4A
:20964000FFFFFFFFFFFFFFFFFFFFFFFFFFFFFFFFFFFFFFFFFFFFFFFFFFFFFFFFFFFFFFFF2A
:20966000FFFFFFFFFFFFFFFFFFFFFFFFFFFFFFFFFFFFFFFFFFFFFFFFFFFFFFFFFFFFFFFF0A
:20968000FFFFFFFFFFFFFFFFFFFFFFFFFFFFFFFFFFFFFFFFFFFFFFFFFFFFFFFFFFFFFFFFEA
:2096A000FFFFFFFFFFFFFFFFFFFFFFFFFFFFFFFFFFFFFFFFFFFFFFFFFFFFFFFFFFFFFFFFCA
:2096C000FFFFFFFFFFFFFFFFFFFFFFFFFFFFFFFFFFFFFFFFFFFFFFFFFFFFFFFFFFFFFFFFAA
:2096E000FFFFFFFFFFFFFFFFFFFFFFFFFFFFFFFFFFFFFFFFFFFFFFFFFFFFFFFFFFFFFFFF8A
:20970000FFFFFFFFFFFFFFFFFFFFFFFFFFFFFFFFFFFFFFFFFFFFFFFFFFFFFFFFFFFFFFFF69
:20972000FFFFFFFFFFFFFFFFFFFFFFFFFFFFFFFFFFFFFFFFFFFFFFFFFFFFFFFFFFFFFFFF49
:20974000FFFFFFFFFFFFFFFFFFFFFFFFFFFFFFFFFFFFFFFFFFFFFFFFFFFFFFFFFFFFFFFF29
:20976000FFFFFFFFFFFFFFFFFFFFFFFFFFFFFFFFFFFFFFFFFFFFFFFFFFFFFFFFFFFFFFFF09
:20978000FFFFFFFFFFFFFFFFFFFFFFFFFFFFFFFFFFFFFFFFFFFFFFFFFFFFFFFFFFFFFFFFE9
:2097A000FFFFFFFFFFFFFFFFFFFFFFFFFFFFFFFFFFFFFFFFFFFFFFFFFFFFFFFFFFFFFFFFC9
:2097C000FFFFFFFFFFFFFFFFFFFFFFFFFFFFFFFFFFFFFFFFFFFFFFFFFFFFFFFFFFFFFFFFA9
:2097E000FFFFFFFFFFFFFFFFFFFFFFFFFFFFFFFFFFFFFFFFFFFFFFFFFFFFFFFFFFFFFFFF89
:20980000FFFFFFFFFFFFFFFFFFFFFFFFFFFFFFFFFFFFFFFFFFFFFFFFFFFFFFFFFFFFFFFF68
:20982000FFFFFFFFFFFFFFFFFFFFFFFFFFFFFFFFFFFFFFFFFFFFFFFFFFFFFFFFFFFFFFFF48
:20984000FFFFFFFFFFFFFFFFFFFFFFFFFFFFFFFFFFFFFFFFFFFFFFFFFFFFFFFFFFFFFFFF28
:20986000FFFFFFFFFFFFFFFFFFFFFFFFFFFFFFFFFFFFFFFFFFFFFFFFFFFFFFFFFFFFFFFF08
:20988000FFFFFFFFFFFFFFFFFFFFFFFFFFFFFFFFFFFFFFFFFFFFFFFFFFFFFFFFFFFFFFFFE8
:2098A000FFFFFFFFFFFFFFFFFFFFFFFFFFFFFFFFFFFFFFFFFFFFFFFFFFFFFFFFFFFFFFFFC8
:2098C000FFFFFFFFFFFFFFFFFFFFFFFFFFFFFFFFFFFFFFFFFFFFFFFFFFFFFFFFFFFFFFFFA8
:2098E000FFFFFFFFFFFFFFFFFFFFFFFFFFFFFFFFFFFFFFFFFFFFFFFFFFFFFFFFFFFFFFFF88
:20990000FFFFFFFFFFFFFFFFFFFFFFFFFFFFFFFFFFFFFFFFFFFFFFFFFFFFFFFFFFFFFFFF67
:20992000FFFFFFFFFFFFFFFFFFFFFFFFFFFFFFFFFFFFFFFFFFFFFFFFFFFFFFFFFFFFFFFF47
:20994000FFFFFFFFFFFFFFFFFFFFFFFFFFFFFFFFFFFFFFFFFFFFFFFFFFFFFFFFFFFFFFFF27
:20996000FFFFFFFFFFFFFFFFFFFFFFFFFFFFFFFFFFFFFFFFFFFFFFFFFFFFFFFFFFFFFFFF07
:20998000FFFFFFFFFFFFFFFFFFFFFFFFFFFFFFFFFFFFFFFFFFFFFFFFFFFFFFFFFFFFFFFFE7
:2099A000FFFFFFFFFFFFFFFFFFFFFFFFFFFFFFFFFFFFFFFFFFFFFFFFFFFFFFFFFFFFFFFFC7
:2099C000FFFFFFFFFFFFFFFFFFFFFFFFFFFFFFFFFFFFFFFFFFFFFFFFFFFFFFFFFFFFFFFFA7
:2099E000FFFFFFFFFFFFFFFFFFFFFFFFFFFFFFFFFFFFFFFFFFFFFFFFFFFFFFFFFFFFFFFF87
:209A0000FFFFFFFFFFFFFFFFFFFFFFFFFFFFFFFFFFFFFFFFFFFFFFFFFFFFFFFFFFFFFFFF66
:209A2000FFFFFFFFFFFFFFFFFFFFFFFFFFFFFFFFFFFFFFFFFFFFFFFFFFFFFFFFFFFFFFFF46
:209A4000FFFFFFFFFFFFFFFFFFFFFFFFFFFFFFFFFFFFFFFFFFFFFFFFFFFFFFFFFFFFFFFF26
:209A6000FFFFFFFFFFFFFFFFFFFFFFFFFFFFFFFFFFFFFFFFFFFFFFFFFFFFFFFFFFFFFFFF06
:209A8000FFFFFFFFFFFFFFFFFFFFFFFFFFFFFFFFFFFFFFFFFFFFFFFFFFFFFFFFFFFFFFFFE6
:209AA000FFFFFFFFFFFFFFFFFFFFFFFFFFFFFFFFFFFFFFFFFFFFFFFFFFFFFFFFFFFFFFFFC6
:209AC000FFFFFFFFFFFFFFFFFFFFFFFFFFFFFFFFFFFFFFFFFFFFFFFFFFFFFFFFFFFFFFFFA6
:209AE000FFFFFFFFFFFFFFFFFFFFFFFFFFFFFFFFFFFFFFFFFFFFFFFFFFFFFFFFFFFFFFFF86
:209B0000FFFFFFFFFFFFFFFFFFFFFFFFFFFFFFFFFFFFFFFFFFFFFFFFFFFFFFFFFFFFFFFF65
:209B2000FFFFFFFFFFFFFFFFFFFFFFFFFFFFFFFFFFFFFFFFFFFFFFFFFFFFFFFFFFFFFFFF45
:209B4000FFFFFFFFFFFFFFFFFFFFFFFFFFFFFFFFFFFFFFFFFFFFFFFFFFFFFFFFFFFFFFFF25
:209B6000FFFFFFFFFFFFFFFFFFFFFFFFFFFFFFFFFFFFFFFFFFFFFFFFFFFFFFFFFFFFFFFF05
:209B8000FFFFFFFFFFFFFFFFFFFFFFFFFFFFFFFFFFFFFFFFFFFFFFFFFFFFFFFFFFFFFFFFE5
:209BA000FFFFFFFFFFFFFFFFFFFFFFFFFFFFFFFFFFFFFFFFFFFFFFFFFFFFFFFFFFFFFFFFC5
:209BC000FFFFFFFFFFFFFFFFFFFFFFFFFFFFFFFFFFFFFFFFFFFFFFFFFFFFFFFFFFFFFFFFA5
:209BE000FFFFFFFFFFFFFFFFFFFFFFFFFFFFFFFFFFFFFFFFFFFFFFFFFFFFFFFFFFFFFFFF85
:209C0000FFFFFFFFFFFFFFFFFFFFFFFFFFFFFFFFFFFFFFFFFFFFFFFFFFFFFFFFFFFFFFFF64
:209C2000FFFFFFFFFFFFFFFFFFFFFFFFFFFFFFFFFFFFFFFFFFFFFFFFFFFFFFFFFFFFFFFF44
:209C4000FFFFFFFFFFFFFFFFFFFFFFFFFFFFFFFFFFFFFFFFFFFFFFFFFFFFFFFFFFFFFFFF24
:209C6000FFFFFFFFFFFFFFFFFFFFFFFFFFFFFFFFFFFFFFFFFFFFFFFFFFFFFFFFFFFFFFFF04
:209C8000FFFFFFFFFFFFFFFFFFFFFFFFFFFFFFFFFFFFFFFFFFFFFFFFFFFFFFFFFFFFFFFFE4
:209CA000FFFFFFFFFFFFFFFFFFFFFFFFFFFFFFFFFFFFFFFFFFFFFFFFFFFFFFFFFFFFFFFFC4
:209CC000FFFFFFFFFFFFFFFFFFFFFFFFFFFFFFFFFFFFFFFFFFFFFFFFFFFFFFFFFFFFFFFFA4
:209CE000FFFFFFFFFFFFFFFFFFFFFFFFFFFFFFFFFFFFFFFFFFFFFFFFFFFFFFFFFFFFFFFF84
:209D0000FFFFFFFFFFFFFFFFFFFFFFFFFFFFFFFFFFFFFFFFFFFFFFFFFFFFFFFFFFFFFFFF63
:209D2000FFFFFFFFFFFFFFFFFFFFFFFFFFFFFFFFFFFFFFFFFFFFFFFFFFFFFFFFFFFFFFFF43
:209D4000FFFFFFFFFFFFFFFFFFFFFFFFFFFFFFFFFFFFFFFFFFFFFFFFFFFFFFFFFFFFFFFF23
:209D6000FFFFFFFFFFFFFFFFFFFFFFFFFFFFFFFFFFFFFFFFFFFFFFFFFFFFFFFFFFFFFFFF03
:209D8000FFFFFFFFFFFFFFFFFFFFFFFFFFFFFFFFFFFFFFFFFFFFFFFFFFFFFFFFFFFFFFFFE3
:209DA000FFFFFFFFFFFFFFFFFFFFFFFFFFFFFFFFFFFFFFFFFFFFFFFFFFFFFFFFFFFFFFFFC3
:209DC000FFFFFFFFFFFFFFFFFFFFFFFFFFFFFFFFFFFFFFFFFFFFFFFFFFFFFFFFFFFFFFFFA3
:209DE000FFFFFFFFFFFFFFFFFFFFFFFFFFFFFFFFFFFFFFFFFFFFFFFFFFFFFFFFFFFFFFFF83
:209E0000FFFFFFFFFFFFFFFFFFFFFFFFFFFFFFFFFFFFFFFFFFFFFFFFFFFFFFFFFFFFFFFF62
:209E2000FFFFFFFFFFFFFFFFFFFFFFFFFFFFFFFFFFFFFFFFFFFFFFFFFFFFFFFFFFFFFFFF42
:209E4000FFFFFFFFFFFFFFFFFFFFFFFFFFFFFFFFFFFFFFFFFFFFFFFFFFFFFFFFFFFFFFFF22
:209E6000FFFFFFFFFFFFFFFFFFFFFFFFFFFFFFFFFFFFFFFFFFFFFFFFFFFFFFFFFFFFFFFF02
:209E8000FFFFFFFFFFFFFFFFFFFFFFFFFFFFFFFFFFFFFFFFFFFFFFFFFFFFFFFFFFFFFFFFE2
:209EA000FFFFFFFFFFFFFFFFFFFFFFFFFFFFFFFFFFFFFFFFFFFFFFFFFFFFFFFFFFFFFFFFC2
:209EC000FFFFFFFFFFFFFFFFFFFFFFFFFFFFFFFFFFFFFFFFFFFFFFFFFFFFFFFFFFFFFFFFA2
:209EE000FFFFFFFFFFFFFFFFFFFFFFFFFFFFFFFFFFFFFFFFFFFFFFFFFFFFFFFFFFFFFFFF82
:209F0000FFFFFFFFFFFFFFFFFFFFFFFFFFFFFFFFFFFFFFFFFFFFFFFFFFFFFFFFFFFFFFFF61
:209F2000FFFFFFFFFFFFFFFFFFFFFFFFFFFFFFFFFFFFFFFFFFFFFFFFFFFFFFFFFFFFFFFF41
:209F4000FFFFFFFFFFFFFFFFFFFFFFFFFFFFFFFFFFFFFFFFFFFFFFFFFFFFFFFFFFFFFFFF21
:209F6000FFFFFFFFFFFFFFFFFFFFFFFFFFFFFFFFFFFFFFFFFFFFFFFFFFFFFFFFFFFFFFFF01
:209F8000FFFFFFFFFFFFFFFFFFFFFFFFFFFFFFFFFFFFFFFFFFFFFFFFFFFFFFFFFFFFFFFFE1
:209FA000FFFFFFFFFFFFFFFFFFFFFFFFFFFFFFFFFFFFFFFFFFFFFFFFFFFFFFFFFFFFFFFFC1
:209FC000FFFFFFFFFFFFFFFFFFFFFFFFFFFFFFFFFFFFFFFFFFFFFFFFFFFFFFFFFFFFFFFFA1
:209FE000FFFFFFFFFFFFFFFFFFFFFFFFFFFFFFFFFFFFFFFFFFFFFFFFFFFFFFFFFFFFFFFF81
:20A00000FFFFFFFFFFFFFFFFFFFFFFFFFFFFFFFFFFFFFFFFFFFFFFFFFFFFFFFFFFFFFFFF60
:20A02000FFFFFFFFFFFFFFFFFFFFFFFFFFFFFFFFFFFFFFFFFFFFFFFFFFFFFFFFFFFFFFFF40
:20A04000FFFFFFFFFFFFFFFFFFFFFFFFFFFFFFFFFFFFFFFFFFFFFFFFFFFFFFFFFFFFFFFF20
:20A06000FFFFFFFFFFFFFFFFFFFFFFFFFFFFFFFFFFFFFFFFFFFFFFFFFFFFFFFFFFFFFFFF00
:20A08000FFFFFFFFFFFFFFFFFFFFFFFFFFFFFFFFFFFFFFFFFFFFFFFFFFFFFFFFFFFFFFFFE0
:20A0A000FFFFFFFFFFFFFFFFFFFFFFFFFFFFFFFFFFFFFFFFFFFFFFFFFFFFFFFFFFFFFFFFC0
:20A0C000FFFFFFFFFFFFFFFFFFFFFFFFFFFFFFFFFFFFFFFFFFFFFFFFFFFFFFFFFFFFFFFFA0
:20A0E000FFFFFFFFFFFFFFFFFFFFFFFFFFFFFFFFFFFFFFFFFFFFFFFFFFFFFFFFFFFFFFFF80
:20A10000FFFFFFFFFFFFFFFFFFFFFFFFFFFFFFFFFFFFFFFFFFFFFFFFFFFFFFFFFFFFFFFF5F
:20A12000FFFFFFFFFFFFFFFFFFFFFFFFFFFFFFFFFFFFFFFFFFFFFFFFFFFFFFFFFFFFFFFF3F
:20A14000FFFFFFFFFFFFFFFFFFFFFFFFFFFFFFFFFFFFFFFFFFFFFFFFFFFFFFFFFFFFFFFF1F
:20A16000FFFFFFFFFFFFFFFFFFFFFFFFFFFFFFFFFFFFFFFFFFFFFFFFFFFFFFFFFFFFFFFFFF
:20A18000FFFFFFFFFFFFFFFFFFFFFFFFFFFFFFFFFFFFFFFFFFFFFFFFFFFFFFFFFFFFFFFFDF
:20A1A000FFFFFFFFFFFFFFFFFFFFFFFFFFFFFFFFFFFFFFFFFFFFFFFFFFFFFFFFFFFFFFFFBF
:20A1C000FFFFFFFFFFFFFFFFFFFFFFFFFFFFFFFFFFFFFFFFFFFFFFFFFFFFFFFFFFFFFFFF9F
:20A1E000FFFFFFFFFFFFFFFFFFFFFFFFFFFFFFFFFFFFFFFFFFFFFFFFFFFFFFFFFFFFFFFF7F
:20A20000FFFFFFFFFFFFFFFFFFFFFFFFFFFFFFFFFFFFFFFFFFFFFFFFFFFFFFFFFFFFFFFF5E
:20A22000FFFFFFFFFFFFFFFFFFFFFFFFFFFFFFFFFFFFFFFFFFFFFFFFFFFFFFFFFFFFFFFF3E
:20A24000FFFFFFFFFFFFFFFFFFFFFFFFFFFFFFFFFFFFFFFFFFFFFFFFFFFFFFFFFFFFFFFF1E
:20A26000FFFFFFFFFFFFFFFFFFFFFFFFFFFFFFFFFFFFFFFFFFFFFFFFFFFFFFFFFFFFFFFFFE
:20A28000FFFFFFFFFFFFFFFFFFFFFFFFFFFFFFFFFFFFFFFFFFFFFFFFFFFFFFFFFFFFFFFFDE
:20A2A000FFFFFFFFFFFFFFFFFFFFFFFFFFFFFFFFFFFFFFFFFFFFFFFFFFFFFFFFFFFFFFFFBE
:20A2C000FFFFFFFFFFFFFFFFFFFFFFFFFFFFFFFFFFFFFFFFFFFFFFFFFFFFFFFFFFFFFFFF9E
:20A2E000FFFFFFFFFFFFFFFFFFFFFFFFFFFFFFFFFFFFFFFFFFFFFFFFFFFFFFFFFFFFFFFF7E
:20A30000FFFFFFFFFFFFFFFFFFFFFFFFFFFFFFFFFFFFFFFFFFFFFFFFFFFFFFFFFFFFFFFF5D
:20A32000FFFFFFFFFFFFFFFFFFFFFFFFFFFFFFFFFFFFFFFFFFFFFFFFFFFFFFFFFFFFFFFF3D
:20A34000FFFFFFFFFFFFFFFFFFFFFFFFFFFFFFFFFFFFFFFFFFFFFFFFFFFFFFFFFFFFFFFF1D
:20A36000FFFFFFFFFFFFFFFFFFFFFFFFFFFFFFFFFFFFFFFFFFFFFFFFFFFFFFFFFFFFFFFFFD
:20A38000FFFFFFFFFFFFFFFFFFFFFFFFFFFFFFFFFFFFFFFFFFFFFFFFFFFFFFFFFFFFFFFFDD
:20A3A000FFFFFFFFFFFFFFFFFFFFFFFFFFFFFFFFFFFFFFFFFFFFFFFFFFFFFFFFFFFFFFFFBD
:20A3C000FFFFFFFFFFFFFFFFFFFFFFFFFFFFFFFFFFFFFFFFFFFFFFFFFFFFFFFFFFFFFFFF9D
:20A3E000FFFFFFFFFFFFFFFFFFFFFFFFFFFFFFFFFFFFFFFFFFFFFFFFFFFFFFFFFFFFFFFF7D
:20A40000FFFFFFFFFFFFFFFFFFFFFFFFFFFFFFFFFFFFFFFFFFFFFFFFFFFFFFFFFFFFFFFF5C
:20A42000FFFFFFFFFFFFFFFFFFFFFFFFFFFFFFFFFFFFFFFFFFFFFFFFFFFFFFFFFFFFFFFF3C
:20A44000FFFFFFFFFFFFFFFFFFFFFFFFFFFFFFFFFFFFFFFFFFFFFFFFFFFFFFFFFFFFFFFF1C
:20A46000FFFFFFFFFFFFFFFFFFFFFFFFFFFFFFFFFFFFFFFFFFFFFFFFFFFFFFFFFFFFFFFFFC
:20A48000FFFFFFFFFFFFFFFFFFFFFFFFFFFFFFFFFFFFFFFFFFFFFFFFFFFFFFFFFFFFFFFFDC
:20A4A000FFFFFFFFFFFFFFFFFFFFFFFFFFFFFFFFFFFFFFFFFFFFFFFFFFFFFFFFFFFFFFFFBC
:20A4C000FFFFFFFFFFFFFFFFFFFFFFFFFFFFFFFFFFFFFFFFFFFFFFFFFFFFFFFFFFFFFFFF9C
:20A4E000FFFFFFFFFFFFFFFFFFFFFFFFFFFFFFFFFFFFFFFFFFFFFFFFFFFFFFFFFFFFFFFF7C
:20A50000FFFFFFFFFFFFFFFFFFFFFFFFFFFFFFFFFFFFFFFFFFFFFFFFFFFFFFFFFFFFFFFF5B
:20A52000FFFFFFFFFFFFFFFFFFFFFFFFFFFFFFFFFFFFFFFFFFFFFFFFFFFFFFFFFFFFFFFF3B
:20A54000FFFFFFFFFFFFFFFFFFFFFFFFFFFFFFFFFFFFFFFFFFFFFFFFFFFFFFFFFFFFFFFF1B
:20A56000FFFFFFFFFFFFFFFFFFFFFFFFFFFFFFFFFFFFFFFFFFFFFFFFFFFFFFFFFFFFFFFFFB
:20A58000FFFFFFFFFFFFFFFFFFFFFFFFFFFFFFFFFFFFFFFFFFFFFFFFFFFFFFFFFFFFFFFFDB
:20A5A000FFFFFFFFFFFFFFFFFFFFFFFFFFFFFFFFFFFFFFFFFFFFFFFFFFFFFFFFFFFFFFFFBB
:20A5C000FFFFFFFFFFFFFFFFFFFFFFFFFFFFFFFFFFFFFFFFFFFFFFFFFFFFFFFFFFFFFFFF9B
:20A5E000FFFFFFFFFFFFFFFFFFFFFFFFFFFFFFFFFFFFFFFFFFFFFFFFFFFFFFFFFFFFFFFF7B
:20A60000FFFFFFFFFFFFFFFFFFFFFFFFFFFFFFFFFFFFFFFFFFFFFFFFFFFFFFFFFFFFFFFF5A
:20A62000FFFFFFFFFFFFFFFFFFFFFFFFFFFFFFFFFFFFFFFFFFFFFFFFFFFFFFFFFFFFFFFF3A
:20A64000FFFFFFFFFFFFFFFFFFFFFFFFFFFFFFFFFFFFFFFFFFFFFFFFFFFFFFFFFFFFFFFF1A
:20A66000FFFFFFFFFFFFFFFFFFFFFFFFFFFFFFFFFFFFFFFFFFFFFFFFFFFFFFFFFFFFFFFFFA
:20A68000FFFFFFFFFFFFFFFFFFFFFFFFFFFFFFFFFFFFFFFFFFFFFFFFFFFFFFFFFFFFFFFFDA
:20A6A000FFFFFFFFFFFFFFFFFFFFFFFFFFFFFFFFFFFFFFFFFFFFFFFFFFFFFFFFFFFFFFFFBA
:20A6C000FFFFFFFFFFFFFFFFFFFFFFFFFFFFFFFFFFFFFFFFFFFFFFFFFFFFFFFFFFFFFFFF9A
:20A6E000FFFFFFFFFFFFFFFFFFFFFFFFFFFFFFFFFFFFFFFFFFFFFFFFFFFFFFFFFFFFFFFF7A
:20A70000FFFFFFFFFFFFFFFFFFFFFFFFFFFFFFFFFFFFFFFFFFFFFFFFFFFFFFFFFFFFFFFF59
:20A72000FFFFFFFFFFFFFFFFFFFFFFFFFFFFFFFFFFFFFFFFFFFFFFFFFFFFFFFFFFFFFFFF39
:20A74000FFFFFFFFFFFFFFFFFFFFFFFFFFFFFFFFFFFFFFFFFFFFFFFFFFFFFFFFFFFFFFFF19
:20A76000FFFFFFFFFFFFFFFFFFFFFFFFFFFFFFFFFFFFFFFFFFFFFFFFFFFFFFFFFFFFFFFFF9
:20A78000FFFFFFFFFFFFFFFFFFFFFFFFFFFFFFFFFFFFFFFFFFFFFFFFFFFFFFFFFFFFFFFFD9
:20A7A000FFFFFFFFFFFFFFFFFFFFFFFFFFFFFFFFFFFFFFFFFFFFFFFFFFFFFFFFFFFFFFFFB9
:20A7C000FFFFFFFFFFFFFFFFFFFFFFFFFFFFFFFFFFFFFFFFFFFFFFFFFFFFFFFFFFFFFFFF99
:20A7E000FFFFFFFFFFFFFFFFFFFFFFFFFFFFFFFFFFFFFFFFFFFFFFFFFFFFFFFFFFFFFFFF79
:20A80000FFFFFFFFFFFFFFFFFFFFFFFFFFFFFFFFFFFFFFFFFFFFFFFFFFFFFFFFFFFFFFFF58
:20A82000FFFFFFFFFFFFFFFFFFFFFFFFFFFFFFFFFFFFFFFFFFFFFFFFFFFFFFFFFFFFFFFF38
:20A84000FFFFFFFFFFFFFFFFFFFFFFFFFFFFFFFFFFFFFFFFFFFFFFFFFFFFFFFFFFFFFFFF18
:20A86000FFFFFFFFFFFFFFFFFFFFFFFFFFFFFFFFFFFFFFFFFFFFFFFFFFFFFFFFFFFFFFFFF8
:20A88000FFFFFFFFFFFFFFFFFFFFFFFFFFFFFFFFFFFFFFFFFFFFFFFFFFFFFFFFFFFFFFFFD8
:20A8A000FFFFFFFFFFFFFFFFFFFFFFFFFFFFFFFFFFFFFFFFFFFFFFFFFFFFFFFFFFFFFFFFB8
:20A8C000FFFFFFFFFFFFFFFFFFFFFFFFFFFFFFFFFFFFFFFFFFFFFFFFFFFFFFFFFFFFFFFF98
:20A8E000FFFFFFFFFFFFFFFFFFFFFFFFFFFFFFFFFFFFFFFFFFFFFFFFFFFFFFFFFFFFFFFF78
:20A90000FFFFFFFFFFFFFFFFFFFFFFFFFFFFFFFFFFFFFFFFFFFFFFFFFFFFFFFFFFFFFFFF57
:20A92000FFFFFFFFFFFFFFFFFFFFFFFFFFFFFFFFFFFFFFFFFFFFFFFFFFFFFFFFFFFFFFFF37
:20A94000FFFFFFFFFFFFFFFFFFFFFFFFFFFFFFFFFFFFFFFFFFFFFFFFFFFFFFFFFFFFFFFF17
:20A96000FFFFFFFFFFFFFFFFFFFFFFFFFFFFFFFFFFFFFFFFFFFFFFFFFFFFFFFFFFFFFFFFF7
:20A98000FFFFFFFFFFFFFFFFFFFFFFFFFFFFFFFFFFFFFFFFFFFFFFFFFFFFFFFFFFFFFFFFD7
:20A9A000FFFFFFFFFFFFFFFFFFFFFFFFFFFFFFFFFFFFFFFFFFFFFFFFFFFFFFFFFFFFFFFFB7
:20A9C000FFFFFFFFFFFFFFFFFFFFFFFFFFFFFFFFFFFFFFFFFFFFFFFFFFFFFFFFFFFFFFFF97
:20A9E000FFFFFFFFFFFFFFFFFFFFFFFFFFFFFFFFFFFFFFFFFFFFFFFFFFFFFFFFFFFFFFFF77
:20AA0000FFFFFFFFFFFFFFFFFFFFFFFFFFFFFFFFFFFFFFFFFFFFFFFFFFFFFFFFFFFFFFFF56
:20AA2000FFFFFFFFFFFFFFFFFFFFFFFFFFFFFFFFFFFFFFFFFFFFFFFFFFFFFFFFFFFFFFFF36
:20AA4000FFFFFFFFFFFFFFFFFFFFFFFFFFFFFFFFFFFFFFFFFFFFFFFFFFFFFFFFFFFFFFFF16
:20AA6000FFFFFFFFFFFFFFFFFFFFFFFFFFFFFFFFFFFFFFFFFFFFFFFFFFFFFFFFFFFFFFFFF6
:20AA8000FFFFFFFFFFFFFFFFFFFFFFFFFFFFFFFFFFFFFFFFFFFFFFFFFFFFFFFFFFFFFFFFD6
:20AAA000FFFFFFFFFFFFFFFFFFFFFFFFFFFFFFFFFFFFFFFFFFFFFFFFFFFFFFFFFFFFFFFFB6
:20AAC000FFFFFFFFFFFFFFFFFFFFFFFFFFFFFFFFFFFFFFFFFFFFFFFFFFFFFFFFFFFFFFFF96
:20AAE000FFFFFFFFFFFFFFFFFFFFFFFFFFFFFFFFFFFFFFFFFFFFFFFFFFFFFFFFFFFFFFFF76
:20AB0000FFFFFFFFFFFFFFFFFFFFFFFFFFFFFFFFFFFFFFFFFFFFFFFFFFFFFFFFFFFFFFFF55
:20AB2000FFFFFFFFFFFFFFFFFFFFFFFFFFFFFFFFFFFFFFFFFFFFFFFFFFFFFFFFFFFFFFFF35
:20AB4000FFFFFFFFFFFFFFFFFFFFFFFFFFFFFFFFFFFFFFFFFFFFFFFFFFFFFFFFFFFFFFFF15
:20AB6000FFFFFFFFFFFFFFFFFFFFFFFFFFFFFFFFFFFFFFFFFFFFFFFFFFFFFFFFFFFFFFFFF5
:20AB8000FFFFFFFFFFFFFFFFFFFFFFFFFFFFFFFFFFFFFFFFFFFFFFFFFFFFFFFFFFFFFFFFD5
:20ABA000FFFFFFFFFFFFFFFFFFFFFFFFFFFFFFFFFFFFFFFFFFFFFFFFFFFFFFFFFFFFFFFFB5
:20ABC000FFFFFFFFFFFFFFFFFFFFFFFFFFFFFFFFFFFFFFFFFFFFFFFFFFFFFFFFFFFFFFFF95
:20ABE000FFFFFFFFFFFFFFFFFFFFFFFFFFFFFFFFFFFFFFFFFFFFFFFFFFFFFFFFFFFFFFFF75
:20AC0000FFFFFFFFFFFFFFFFFFFFFFFFFFFFFFFFFFFFFFFFFFFFFFFFFFFFFFFFFFFFFFFF54
:20AC2000FFFFFFFFFFFFFFFFFFFFFFFFFFFFFFFFFFFFFFFFFFFFFFFFFFFFFFFFFFFFFFFF34
:20AC4000FFFFFFFFFFFFFFFFFFFFFFFFFFFFFFFFFFFFFFFFFFFFFFFFFFFFFFFFFFFFFFFF14
:20AC6000FFFFFFFFFFFFFFFFFFFFFFFFFFFFFFFFFFFFFFFFFFFFFFFFFFFFFFFFFFFFFFFFF4
:20AC8000FFFFFFFFFFFFFFFFFFFFFFFFFFFFFFFFFFFFFFFFFFFFFFFFFFFFFFFFFFFFFFFFD4
:20ACA000FFFFFFFFFFFFFFFFFFFFFFFFFFFFFFFFFFFFFFFFFFFFFFFFFFFFFFFFFFFFFFFFB4
:20ACC000FFFFFFFFFFFFFFFFFFFFFFFFFFFFFFFFFFFFFFFFFFFFFFFFFFFFFFFFFFFFFFFF94
:20ACE000FFFFFFFFFFFFFFFFFFFFFFFFFFFFFFFFFFFFFFFFFFFFFFFFFFFFFFFFFFFFFFFF74
:20AD0000FFFFFFFFFFFFFFFFFFFFFFFFFFFFFFFFFFFFFFFFFFFFFFFFFFFFFFFFFFFFFFFF53
:20AD2000FFFFFFFFFFFFFFFFFFFFFFFFFFFFFFFFFFFFFFFFFFFFFFFFFFFFFFFFFFFFFFFF33
:20AD4000FFFFFFFFFFFFFFFFFFFFFFFFFFFFFFFFFFFFFFFFFFFFFFFFFFFFFFFFFFFFFFFF13
:20AD6000FFFFFFFFFFFFFFFFFFFFFFFFFFFFFFFFFFFFFFFFFFFFFFFFFFFFFFFFFFFFFFFFF3
:20AD8000FFFFFFFFFFFFFFFFFFFFFFFFFFFFFFFFFFFFFFFFFFFFFFFFFFFFFFFFFFFFFFFFD3
:20ADA000FFFFFFFFFFFFFFFFFFFFFFFFFFFFFFFFFFFFFFFFFFFFFFFFFFFFFFFFFFFFFFFFB3
:20ADC000FFFFFFFFFFFFFFFFFFFFFFFFFFFFFFFFFFFFFFFFFFFFFFFFFFFFFFFFFFFFFFFF93
:20ADE000FFFFFFFFFFFFFFFFFFFFFFFFFFFFFFFFFFFFFFFFFFFFFFFFFFFFFFFFFFFFFFFF73
:20AE0000FFFFFFFFFFFFFFFFFFFFFFFFFFFFFFFFFFFFFFFFFFFFFFFFFFFFFFFFFFFFFFFF52
:20AE2000FFFFFFFFFFFFFFFFFFFFFFFFFFFFFFFFFFFFFFFFFFFFFFFFFFFFFFFFFFFFFFFF32
:20AE4000FFFFFFFFFFFFFFFFFFFFFFFFFFFFFFFFFFFFFFFFFFFFFFFFFFFFFFFFFFFFFFFF12
:20AE6000FFFFFFFFFFFFFFFFFFFFFFFFFFFFFFFFFFFFFFFFFFFFFFFFFFFFFFFFFFFFFFFFF2
:20AE8000FFFFFFFFFFFFFFFFFFFFFFFFFFFFFFFFFFFFFFFFFFFFFFFFFFFFFFFFFFFFFFFFD2
:20AEA000FFFFFFFFFFFFFFFFFFFFFFFFFFFFFFFFFFFFFFFFFFFFFFFFFFFFFFFFFFFFFFFFB2
:20AEC000FFFFFFFFFFFFFFFFFFFFFFFFFFFFFFFFFFFFFFFFFFFFFFFFFFFFFFFFFFFFFFFF92
:20AEE000FFFFFFFFFFFFFFFFFFFFFFFFFFFFFFFFFFFFFFFFFFFFFFFFFFFFFFFFFFFFFFFF72
:20AF0000FFFFFFFFFFFFFFFFFFFFFFFFFFFFFFFFFFFFFFFFFFFFFFFFFFFFFFFFFFFFFFFF51
:20AF2000FFFFFFFFFFFFFFFFFFFFFFFFFFFFFFFFFFFFFFFFFFFFFFFFFFFFFFFFFFFFFFFF31
:20AF4000FFFFFFFFFFFFFFFFFFFFFFFFFFFFFFFFFFFFFFFFFFFFFFFFFFFFFFFFFFFFFFFF11
:20AF6000FFFFFFFFFFFFFFFFFFFFFFFFFFFFFFFFFFFFFFFFFFFFFFFFFFFFFFFFFFFFFFFFF1
:20AF8000FFFFFFFFFFFFFFFFFFFFFFFFFFFFFFFFFFFFFFFFFFFFFFFFFFFFFFFFFFFFFFFFD1
:20AFA000FFFFFFFFFFFFFFFFFFFFFFFFFFFFFFFFFFFFFFFFFFFFFFFFFFFFFFFFFFFFFFFFB1
:20AFC000FFFFFFFFFFFFFFFFFFFFFFFFFFFFFFFFFFFFFFFFFFFFFFFFFFFFFFFFFFFFFFFF91
:20AFE000FFFFFFFFFFFFFFFFFFFFFFFFFFFFFFFFFFFFFFFFFFFFFFFFFFFFFFFFFFFFFFFF71
:20B00000FFFFFFFFFFFFFFFFFFFFFFFFFFFFFFFFFFFFFFFFFFFFFFFFFFFFFFFFFFFFFFFF50
:20B02000FFFFFFFFFFFFFFFFFFFFFFFFFFFFFFFFFFFFFFFFFFFFFFFFFFFFFFFFFFFFFFFF30
:20B04000FFFFFFFFFFFFFFFFFFFFFFFFFFFFFFFFFFFFFFFFFFFFFFFFFFFFFFFFFFFFFFFF10
:20B06000FFFFFFFFFFFFFFFFFFFFFFFFFFFFFFFFFFFFFFFFFFFFFFFFFFFFFFFFFFFFFFFFF0
:20B08000FFFFFFFFFFFFFFFFFFFFFFFFFFFFFFFFFFFFFFFFFFFFFFFFFFFFFFFFFFFFFFFFD0
:20B0A000FFFFFFFFFFFFFFFFFFFFFFFFFFFFFFFFFFFFFFFFFFFFFFFFFFFFFFFFFFFFFFFFB0
:20B0C000FFFFFFFFFFFFFFFFFFFFFFFFFFFFFFFFFFFFFFFFFFFFFFFFFFFFFFFFFFFFFFFF90
:20B0E000FFFFFFFFFFFFFFFFFFFFFFFFFFFFFFFFFFFFFFFFFFFFFFFFFFFFFFFFFFFFFFFF70
:20B10000FFFFFFFFFFFFFFFFFFFFFFFFFFFFFFFFFFFFFFFFFFFFFFFFFFFFFFFFFFFFFFFF4F
:20B12000FFFFFFFFFFFFFFFFFFFFFFFFFFFFFFFFFFFFFFFFFFFFFFFFFFFFFFFFFFFFFFFF2F
:20B14000FFFFFFFFFFFFFFFFFFFFFFFFFFFFFFFFFFFFFFFFFFFFFFFFFFFFFFFFFFFFFFFF0F
:20B16000FFFFFFFFFFFFFFFFFFFFFFFFFFFFFFFFFFFFFFFFFFFFFFFFFFFFFFFFFFFFFFFFEF
:20B18000FFFFFFFFFFFFFFFFFFFFFFFFFFFFFFFFFFFFFFFFFFFFFFFFFFFFFFFFFFFFFFFFCF
:20B1A000FFFFFFFFFFFFFFFFFFFFFFFFFFFFFFFFFFFFFFFFFFFFFFFFFFFFFFFFFFFFFFFFAF
:20B1C000FFFFFFFFFFFFFFFFFFFFFFFFFFFFFFFFFFFFFFFFFFFFFFFFFFFFFFFFFFFFFFFF8F
:20B1E000FFFFFFFFFFFFFFFFFFFFFFFFFFFFFFFFFFFFFFFFFFFFFFFFFFFFFFFFFFFFFFFF6F
:20B20000FFFFFFFFFFFFFFFFFFFFFFFFFFFFFFFFFFFFFFFFFFFFFFFFFFFFFFFFFFFFFFFF4E
:20B22000FFFFFFFFFFFFFFFFFFFFFFFFFFFFFFFFFFFFFFFFFFFFFFFFFFFFFFFFFFFFFFFF2E
:20B24000FFFFFFFFFFFFFFFFFFFFFFFFFFFFFFFFFFFFFFFFFFFFFFFFFFFFFFFFFFFFFFFF0E
:20B26000FFFFFFFFFFFFFFFFFFFFFFFFFFFFFFFFFFFFFFFFFFFFFFFFFFFFFFFFFFFFFFFFEE
:20B28000FFFFFFFFFFFFFFFFFFFFFFFFFFFFFFFFFFFFFFFFFFFFFFFFFFFFFFFFFFFFFFFFCE
:20B2A000FFFFFFFFFFFFFFFFFFFFFFFFFFFFFFFFFFFFFFFFFFFFFFFFFFFFFFFFFFFFFFFFAE
:20B2C000FFFFFFFFFFFFFFFFFFFFFFFFFFFFFFFFFFFFFFFFFFFFFFFFFFFFFFFFFFFFFFFF8E
:20B2E000FFFFFFFFFFFFFFFFFFFFFFFFFFFFFFFFFFFFFFFFFFFFFFFFFFFFFFFFFFFFFFFF6E
:20B30000FFFFFFFFFFFFFFFFFFFFFFFFFFFFFFFFFFFFFFFFFFFFFFFFFFFFFFFFFFFFFFFF4D
:20B32000FFFFFFFFFFFFFFFFFFFFFFFFFFFFFFFFFFFFFFFFFFFFFFFFFFFFFFFFFFFFFFFF2D
:20B34000FFFFFFFFFFFFFFFFFFFFFFFFFFFFFFFFFFFFFFFFFFFFFFFFFFFFFFFFFFFFFFFF0D
:20B36000FFFFFFFFFFFFFFFFFFFFFFFFFFFFFFFFFFFFFFFFFFFFFFFFFFFFFFFFFFFFFFFFED
:20B38000FFFFFFFFFFFFFFFFFFFFFFFFFFFFFFFFFFFFFFFFFFFFFFFFFFFFFFFFFFFFFFFFCD
:20B3A000FFFFFFFFFFFFFFFFFFFFFFFFFFFFFFFFFFFFFFFFFFFFFFFFFFFFFFFFFFFFFFFFAD
:20B3C000FFFFFFFFFFFFFFFFFFFFFFFFFFFFFFFFFFFFFFFFFFFFFFFFFFFFFFFFFFFFFFFF8D
:20B3E000FFFFFFFFFFFFFFFFFFFFFFFFFFFFFFFFFFFFFFFFFFFFFFFFFFFFFFFFFFFFFFFF6D
:20B40000FFFFFFFFFFFFFFFFFFFFFFFFFFFFFFFFFFFFFFFFFFFFFFFFFFFFFFFFFFFFFFFF4C
:20B42000FFFFFFFFFFFFFFFFFFFFFFFFFFFFFFFFFFFFFFFFFFFFFFFFFFFFFFFFFFFFFFFF2C
:20B44000FFFFFFFFFFFFFFFFFFFFFFFFFFFFFFFFFFFFFFFFFFFFFFFFFFFFFFFFFFFFFFFF0C
:20B46000FFFFFFFFFFFFFFFFFFFFFFFFFFFFFFFFFFFFFFFFFFFFFFFFFFFFFFFFFFFFFFFFEC
:20B48000FFFFFFFFFFFFFFFFFFFFFFFFFFFFFFFFFFFFFFFFFFFFFFFFFFFFFFFFFFFFFFFFCC
:20B4A000FFFFFFFFFFFFFFFFFFFFFFFFFFFFFFFFFFFFFFFFFFFFFFFFFFFFFFFFFFFFFFFFAC
:20B4C000FFFFFFFFFFFFFFFFFFFFFFFFFFFFFFFFFFFFFFFFFFFFFFFFFFFFFFFFFFFFFFFF8C
:20B4E000FFFFFFFFFFFFFFFFFFFFFFFFFFFFFFFFFFFFFFFFFFFFFFFFFFFFFFFFFFFFFFFF6C
:20B50000FFFFFFFFFFFFFFFFFFFFFFFFFFFFFFFFFFFFFFFFFFFFFFFFFFFFFFFFFFFFFFFF4B
:20B52000FFFFFFFFFFFFFFFFFFFFFFFFFFFFFFFFFFFFFFFFFFFFFFFFFFFFFFFFFFFFFFFF2B
:20B54000FFFFFFFFFFFFFFFFFFFFFFFFFFFFFFFFFFFFFFFFFFFFFFFFFFFFFFFFFFFFFFFF0B
:20B56000FFFFFFFFFFFFFFFFFFFFFFFFFFFFFFFFFFFFFFFFFFFFFFFFFFFFFFFFFFFFFFFFEB
:20B58000FFFFFFFFFFFFFFFFFFFFFFFFFFFFFFFFFFFFFFFFFFFFFFFFFFFFFFFFFFFFFFFFCB
:20B5A000FFFFFFFFFFFFFFFFFFFFFFFFFFFFFFFFFFFFFFFFFFFFFFFFFFFFFFFFFFFFFFFFAB
:20B5C000FFFFFFFFFFFFFFFFFFFFFFFFFFFFFFFFFFFFFFFFFFFFFFFFFFFFFFFFFFFFFFFF8B
:20B5E000FFFFFFFFFFFFFFFFFFFFFFFFFFFFFFFFFFFFFFFFFFFFFFFFFFFFFFFFFFFFFFFF6B
:20B60000FFFFFFFFFFFFFFFFFFFFFFFFFFFFFFFFFFFFFFFFFFFFFFFFFFFFFFFFFFFFFFFF4A
:20B62000FFFFFFFFFFFFFFFFFFFFFFFFFFFFFFFFFFFFFFFFFFFFFFFFFFFFFFFFFFFFFFFF2A
:20B64000FFFFFFFFFFFFFFFFFFFFFFFFFFFFFFFFFFFFFFFFFFFFFFFFFFFFFFFFFFFFFFFF0A
:20B66000FFFFFFFFFFFFFFFFFFFFFFFFFFFFFFFFFFFFFFFFFFFFFFFFFFFFFFFFFFFFFFFFEA
:20B68000FFFFFFFFFFFFFFFFFFFFFFFFFFFFFFFFFFFFFFFFFFFFFFFFFFFFFFFFFFFFFFFFCA
:20B6A000FFFFFFFFFFFFFFFFFFFFFFFFFFFFFFFFFFFFFFFFFFFFFFFFFFFFFFFFFFFFFFFFAA
:20B6C000FFFFFFFFFFFFFFFFFFFFFFFFFFFFFFFFFFFFFFFFFFFFFFFFFFFFFFFFFFFFFFFF8A
:20B6E000FFFFFFFFFFFFFFFFFFFFFFFFFFFFFFFFFFFFFFFFFFFFFFFFFFFFFFFFFFFFFFFF6A
:20B70000FFFFFFFFFFFFFFFFFFFFFFFFFFFFFFFFFFFFFFFFFFFFFFFFFFFFFFFFFFFFFFFF49
:20B72000FFFFFFFFFFFFFFFFFFFFFFFFFFFFFFFFFFFFFFFFFFFFFFFFFFFFFFFFFFFFFFFF29
:20B74000FFFFFFFFFFFFFFFFFFFFFFFFFFFFFFFFFFFFFFFFFFFFFFFFFFFFFFFFFFFFFFFF09
:20B76000FFFFFFFFFFFFFFFFFFFFFFFFFFFFFFFFFFFFFFFFFFFFFFFFFFFFFFFFFFFFFFFFE9
:20B78000FFFFFFFFFFFFFFFFFFFFFFFFFFFFFFFFFFFFFFFFFFFFFFFFFFFFFFFFFFFFFFFFC9
:20B7A000FFFFFFFFFFFFFFFFFFFFFFFFFFFFFFFFFFFFFFFFFFFFFFFFFFFFFFFFFFFFFFFFA9
:20B7C000FFFFFFFFFFFFFFFFFFFFFFFFFFFFFFFFFFFFFFFFFFFFFFFFFFFFFFFFFFFFFFFF89
:20B7E000FFFFFFFFFFFFFFFFFFFFFFFFFFFFFFFFFFFFFFFFFFFFFFFFFFFFFFFFFFFFFFFF69
:20B80000FFFFFFFFFFFFFFFFFFFFFFFFFFFFFFFFFFFFFFFFFFFFFFFFFFFFFFFFFFFFFFFF48
:20B82000FFFFFFFFFFFFFFFFFFFFFFFFFFFFFFFFFFFFFFFFFFFFFFFFFFFFFFFFFFFFFFFF28
:20B84000FFFFFFFFFFFFFFFFFFFFFFFFFFFFFFFFFFFFFFFFFFFFFFFFFFFFFFFFFFFFFFFF08
:20B86000FFFFFFFFFFFFFFFFFFFFFFFFFFFFFFFFFFFFFFFFFFFFFFFFFFFFFFFFFFFFFFFFE8
:20B88000FFFFFFFFFFFFFFFFFFFFFFFFFFFFFFFFFFFFFFFFFFFFFFFFFFFFFFFFFFFFFFFFC8
:20B8A000FFFFFFFFFFFFFFFFFFFFFFFFFFFFFFFFFFFFFFFFFFFFFFFFFFFFFFFFFFFFFFFFA8
:20B8C000FFFFFFFFFFFFFFFFFFFFFFFFFFFFFFFFFFFFFFFFFFFFFFFFFFFFFFFFFFFFFFFF88
:20B8E000FFFFFFFFFFFFFFFFFFFFFFFFFFFFFFFFFFFFFFFFFFFFFFFFFFFFFFFFFFFFFFFF68
:20B90000FFFFFFFFFFFFFFFFFFFFFFFFFFFFFFFFFFFFFFFFFFFFFFFFFFFFFFFFFFFFFFFF47
:20B92000FFFFFFFFFFFFFFFFFFFFFFFFFFFFFFFFFFFFFFFFFFFFFFFFFFFFFFFFFFFFFFFF27
:20B94000FFFFFFFFFFFFFFFFFFFFFFFFFFFFFFFFFFFFFFFFFFFFFFFFFFFFFFFFFFFFFFFF07
:20B96000FFFFFFFFFFFFFFFFFFFFFFFFFFFFFFFFFFFFFFFFFFFFFFFFFFFFFFFFFFFFFFFFE7
:20B98000FFFFFFFFFFFFFFFFFFFFFFFFFFFFFFFFFFFFFFFFFFFFFFFFFFFFFFFFFFFFFFFFC7
:20B9A000FFFFFFFFFFFFFFFFFFFFFFFFFFFFFFFFFFFFFFFFFFFFFFFFFFFFFFFFFFFFFFFFA7
:20B9C000FFFFFFFFFFFFFFFFFFFFFFFFFFFFFFFFFFFFFFFFFFFFFFFFFFFFFFFFFFFFFFFF87
:20B9E000FFFFFFFFFFFFFFFFFFFFFFFFFFFFFFFFFFFFFFFFFFFFFFFFFFFFFFFFFFFFFFFF67
:20BA0000FFFFFFFFFFFFFFFFFFFFFFFFFFFFFFFFFFFFFFFFFFFFFFFFFFFFFFFFFFFFFFFF46
:20BA2000FFFFFFFFFFFFFFFFFFFFFFFFFFFFFFFFFFFFFFFFFFFFFFFFFFFFFFFFFFFFFFFF26
:20BA4000FFFFFFFFFFFFFFFFFFFFFFFFFFFFFFFFFFFFFFFFFFFFFFFFFFFFFFFFFFFFFFFF06
:20BA6000FFFFFFFFFFFFFFFFFFFFFFFFFFFFFFFFFFFFFFFFFFFFFFFFFFFFFFFFFFFFFFFFE6
:20BA8000FFFFFFFFFFFFFFFFFFFFFFFFFFFFFFFFFFFFFFFFFFFFFFFFFFFFFFFFFFFFFFFFC6
:20BAA000FFFFFFFFFFFFFFFFFFFFFFFFFFFFFFFFFFFFFFFFFFFFFFFFFFFFFFFFFFFFFFFFA6
:20BAC000FFFFFFFFFFFFFFFFFFFFFFFFFFFFFFFFFFFFFFFFFFFFFFFFFFFFFFFFFFFFFFFF86
:20BAE000FFFFFFFFFFFFFFFFFFFFFFFFFFFFFFFFFFFFFFFFFFFFFFFFFFFFFFFFFFFFFFFF66
:20BB0000FFFFFFFFFFFFFFFFFFFFFFFFFFFFFFFFFFFFFFFFFFFFFFFFFFFFFFFFFFFFFFFF45
:20BB2000FFFFFFFFFFFFFFFFFFFFFFFFFFFFFFFFFFFFFFFFFFFFFFFFFFFFFFFFFFFFFFFF25
:20BB4000FFFFFFFFFFFFFFFFFFFFFFFFFFFFFFFFFFFFFFFFFFFFFFFFFFFFFFFFFFFFFFFF05
:20BB6000FFFFFFFFFFFFFFFFFFFFFFFFFFFFFFFFFFFFFFFFFFFFFFFFFFFFFFFFFFFFFFFFE5
:20BB8000FFFFFFFFFFFFFFFFFFFFFFFFFFFFFFFFFFFFFFFFFFFFFFFFFFFFFFFFFFFFFFFFC5
:20BBA000FFFFFFFFFFFFFFFFFFFFFFFFFFFFFFFFFFFFFFFFFFFFFFFFFFFFFFFFFFFFFFFFA5
:20BBC000FFFFFFFFFFFFFFFFFFFFFFFFFFFFFFFFFFFFFFFFFFFFFFFFFFFFFFFFFFFFFFFF85
:20BBE000FFFFFFFFFFFFFFFFFFFFFFFFFFFFFFFFFFFFFFFFFFFFFFFFFFFFFFFFFFFFFFFF65
:20BC0000FFFFFFFFFFFFFFFFFFFFFFFFFFFFFFFFFFFFFFFFFFFFFFFFFFFFFFFFFFFFFFFF44
:20BC2000FFFFFFFFFFFFFFFFFFFFFFFFFFFFFFFFFFFFFFFFFFFFFFFFFFFFFFFFFFFFFFFF24
:20BC4000FFFFFFFFFFFFFFFFFFFFFFFFFFFFFFFFFFFFFFFFFFFFFFFFFFFFFFFFFFFFFFFF04
:20BC6000FFFFFFFFFFFFFFFFFFFFFFFFFFFFFFFFFFFFFFFFFFFFFFFFFFFFFFFFFFFFFFFFE4
:20BC8000FFFFFFFFFFFFFFFFFFFFFFFFFFFFFFFFFFFFFFFFFFFFFFFFFFFFFFFFFFFFFFFFC4
:20BCA000FFFFFFFFFFFFFFFFFFFFFFFFFFFFFFFFFFFFFFFFFFFFFFFFFFFFFFFFFFFFFFFFA4
:20BCC000FFFFFFFFFFFFFFFFFFFFFFFFFFFFFFFFFFFFFFFFFFFFFFFFFFFFFFFFFFFFFFFF84
:20BCE000FFFFFFFFFFFFFFFFFFFFFFFFFFFFFFFFFFFFFFFFFFFFFFFFFFFFFFFFFFFFFFFF64
:20BD0000FFFFFFFFFFFFFFFFFFFFFFFFFFFFFFFFFFFFFFFFFFFFFFFFFFFFFFFFFFFFFFFF43
:20BD2000FFFFFFFFFFFFFFFFFFFFFFFFFFFFFFFFFFFFFFFFFFFFFFFFFFFFFFFFFFFFFFFF23
:20BD4000FFFFFFFFFFFFFFFFFFFFFFFFFFFFFFFFFFFFFFFFFFFFFFFFFFFFFFFFFFFFFFFF03
:20BD6000FFFFFFFFFFFFFFFFFFFFFFFFFFFFFFFFFFFFFFFFFFFFFFFFFFFFFFFFFFFFFFFFE3
:20BD8000FFFFFFFFFFFFFFFFFFFFFFFFFFFFFFFFFFFFFFFFFFFFFFFFFFFFFFFFFFFFFFFFC3
:20BDA000FFFFFFFFFFFFFFFFFFFFFFFFFFFFFFFFFFFFFFFFFFFFFFFFFFFFFFFFFFFFFFFFA3
:20BDC000FFFFFFFFFFFFFFFFFFFFFFFFFFFFFFFFFFFFFFFFFFFFFFFFFFFFFFFFFFFFFFFF83
:20BDE000FFFFFFFFFFFFFFFFFFFFFFFFFFFFFFFFFFFFFFFFFFFFFFFFFFFFFFFFFFFFFFFF63
:20BE0000FFFFFFFFFFFFFFFFFFFFFFFFFFFFFFFFFFFFFFFFFFFFFFFFFFFFFFFFFFFFFFFF42
:20BE2000FFFFFFFFFFFFFFFFFFFFFFFFFFFFFFFFFFFFFFFFFFFFFFFFFFFFFFFFFFFFFFFF22
:20BE4000FFFFFFFFFFFFFFFFFFFFFFFFFFFFFFFFFFFFFFFFFFFFFFFFFFFFFFFFFFFFFFFF02
:20BE6000FFFFFFFFFFFFFFFFFFFFFFFFFFFFFFFFFFFFFFFFFFFFFFFFFFFFFFFFFFFFFFFFE2
:20BE8000FFFFFFFFFFFFFFFFFFFFFFFFFFFFFFFFFFFFFFFFFFFFFFFFFFFFFFFFFFFFFFFFC2
:20BEA000FFFFFFFFFFFFFFFFFFFFFFFFFFFFFFFFFFFFFFFFFFFFFFFFFFFFFFFFFFFFFFFFA2
:20BEC000FFFFFFFFFFFFFFFFFFFFFFFFFFFFFFFFFFFFFFFFFFFFFFFFFFFFFFFFFFFFFFFF82
:20BEE000FFFFFFFFFFFFFFFFFFFFFFFFFFFFFFFFFFFFFFFFFFFFFFFFFFFFFFFFFFFFFFFF62
:20BF0000FFFFFFFFFFFFFFFFFFFFFFFFFFFFFFFFFFFFFFFFFFFFFFFFFFFFFFFFFFFFFFFF41
:20BF2000FFFFFFFFFFFFFFFFFFFFFFFFFFFFFFFFFFFFFFFFFFFFFFFFFFFFFFFFFFFFFFFF21
:20BF4000FFFFFFFFFFFFFFFFFFFFFFFFFFFFFFFFFFFFFFFFFFFFFFFFFFFFFFFFFFFFFFFF01
:20BF6000FFFFFFFFFFFFFFFFFFFFFFFFFFFFFFFFFFFFFFFFFFFFFFFFFFFFFFFFFFFFFFFFE1
:20BF8000FFFFFFFFFFFFFFFFFFFFFFFFFFFFFFFFFFFFFFFFFFFFFFFFFFFFFFFFFFFFFFFFC1
:20BFA000FFFFFFFFFFFFFFFFFFFFFFFFFFFFFFFFFFFFFFFFFFFFFFFFFFFFFFFFFFFFFFFFA1
:20BFC000FFFFFFFFFFFFFFFFFFFFFFFFFFFFFFFFFFFFFFFFFFFFFFFFFFFFFFFFFFFFFFFF81
:20BFE000FFFFFFFFFFFFFFFFFFFFFFFFFFFFFFFFFFFFFFFFFFFFFFFFFFFFFFFFFFFFFFFF61
:20C00000FFFFFFFFFFFFFFFFFFFFFFFFFFFFFFFFFFFFFFFFFFFFFFFFFFFFFFFFFFFFFFFF40
:20C02000FFFFFFFFFFFFFFFFFFFFFFFFFFFFFFFFFFFFFFFFFFFFFFFFFFFFFFFFFFFFFFFF20
:20C04000FFFFFFFFFFFFFFFFFFFFFFFFFFFFFFFFFFFFFFFFFFFFFFFFFFFFFFFFFFFFFFFF00
:20C06000FFFFFFFFFFFFFFFFFFFFFFFFFFFFFFFFFFFFFFFFFFFFFFFFFFFFFFFFFFFFFFFFE0
:20C08000FFFFFFFFFFFFFFFFFFFFFFFFFFFFFFFFFFFFFFFFFFFFFFFFFFFFFFFFFFFFFFFFC0
:20C0A000FFFFFFFFFFFFFFFFFFFFFFFFFFFFFFFFFFFFFFFFFFFFFFFFFFFFFFFFFFFFFFFFA0
:20C0C000FFFFFFFFFFFFFFFFFFFFFFFFFFFFFFFFFFFFFFFFFFFFFFFFFFFFFFFFFFFFFFFF80
:20C0E000FFFFFFFFFFFFFFFFFFFFFFFFFFFFFFFFFFFFFFFFFFFFFFFFFFFFFFFFFFFFFFFF60
:20C10000FFFFFFFFFFFFFFFFFFFFFFFFFFFFFFFFFFFFFFFFFFFFFFFFFFFFFFFFFFFFFFFF3F
:20C12000FFFFFFFFFFFFFFFFFFFFFFFFFFFFFFFFFFFFFFFFFFFFFFFFFFFFFFFFFFFFFFFF1F
:20C14000FFFFFFFFFFFFFFFFFFFFFFFFFFFFFFFFFFFFFFFFFFFFFFFFFFFFFFFFFFFFFFFFFF
:20C16000FFFFFFFFFFFFFFFFFFFFFFFFFFFFFFFFFFFFFFFFFFFFFFFFFFFFFFFFFFFFFFFFDF
:20C18000FFFFFFFFFFFFFFFFFFFFFFFFFFFFFFFFFFFFFFFFFFFFFFFFFFFFFFFFFFFFFFFFBF
:20C1A000FFFFFFFFFFFFFFFFFFFFFFFFFFFFFFFFFFFFFFFFFFFFFFFFFFFFFFFFFFFFFFFF9F
:20C1C000FFFFFFFFFFFFFFFFFFFFFFFFFFFFFFFFFFFFFFFFFFFFFFFFFFFFFFFFFFFFFFFF7F
:20C1E000FFFFFFFFFFFFFFFFFFFFFFFFFFFFFFFFFFFFFFFFFFFFFFFFFFFFFFFFFFFFFFFF5F
:20C20000FFFFFFFFFFFFFFFFFFFFFFFFFFFFFFFFFFFFFFFFFFFFFFFFFFFFFFFFFFFFFFFF3E
:20C22000FFFFFFFFFFFFFFFFFFFFFFFFFFFFFFFFFFFFFFFFFFFFFFFFFFFFFFFFFFFFFFFF1E
:20C24000FFFFFFFFFFFFFFFFFFFFFFFFFFFFFFFFFFFFFFFFFFFFFFFFFFFFFFFFFFFFFFFFFE
:20C26000FFFFFFFFFFFFFFFFFFFFFFFFFFFFFFFFFFFFFFFFFFFFFFFFFFFFFFFFFFFFFFFFDE
:20C28000FFFFFFFFFFFFFFFFFFFFFFFFFFFFFFFFFFFFFFFFFFFFFFFFFFFFFFFFFFFFFFFFBE
:20C2A000FFFFFFFFFFFFFFFFFFFFFFFFFFFFFFFFFFFFFFFFFFFFFFFFFFFFFFFFFFFFFFFF9E
:20C2C000FFFFFFFFFFFFFFFFFFFFFFFFFFFFFFFFFFFFFFFFFFFFFFFFFFFFFFFFFFFFFFFF7E
:20C2E000FFFFFFFFFFFFFFFFFFFFFFFFFFFFFFFFFFFFFFFFFFFFFFFFFFFFFFFFFFFFFFFF5E
:20C30000FFFFFFFFFFFFFFFFFFFFFFFFFFFFFFFFFFFFFFFFFFFFFFFFFFFFFFFFFFFFFFFF3D
:20C32000FFFFFFFFFFFFFFFFFFFFFFFFFFFFFFFFFFFFFFFFFFFFFFFFFFFFFFFFFFFFFFFF1D
:20C34000FFFFFFFFFFFFFFFFFFFFFFFFFFFFFFFFFFFFFFFFFFFFFFFFFFFFFFFFFFFFFFFFFD
:20C36000FFFFFFFFFFFFFFFFFFFFFFFFFFFFFFFFFFFFFFFFFFFFFFFFFFFFFFFFFFFFFFFFDD
:20C38000FFFFFFFFFFFFFFFFFFFFFFFFFFFFFFFFFFFFFFFFFFFFFFFFFFFFFFFFFFFFFFFFBD
:20C3A000FFFFFFFFFFFFFFFFFFFFFFFFFFFFFFFFFFFFFFFFFFFFFFFFFFFFFFFFFFFFFFFF9D
:20C3C000FFFFFFFFFFFFFFFFFFFFFFFFFFFFFFFFFFFFFFFFFFFFFFFFFFFFFFFFFFFFFFFF7D
:20C3E000FFFFFFFFFFFFFFFFFFFFFFFFFFFFFFFFFFFFFFFFFFFFFFFFFFFFFFFFFFFFFFFF5D
:20C40000FFFFFFFFFFFFFFFFFFFFFFFFFFFFFFFFFFFFFFFFFFFFFFFFFFFFFFFFFFFFFFFF3C
:20C42000FFFFFFFFFFFFFFFFFFFFFFFFFFFFFFFFFFFFFFFFFFFFFFFFFFFFFFFFFFFFFFFF1C
:20C44000FFFFFFFFFFFFFFFFFFFFFFFFFFFFFFFFFFFFFFFFFFFFFFFFFFFFFFFFFFFFFFFFFC
:20C46000FFFFFFFFFFFFFFFFFFFFFFFFFFFFFFFFFFFFFFFFFFFFFFFFFFFFFFFFFFFFFFFFDC
:20C48000FFFFFFFFFFFFFFFFFFFFFFFFFFFFFFFFFFFFFFFFFFFFFFFFFFFFFFFFFFFFFFFFBC
:20C4A000FFFFFFFFFFFFFFFFFFFFFFFFFFFFFFFFFFFFFFFFFFFFFFFFFFFFFFFFFFFFFFFF9C
:20C4C000FFFFFFFFFFFFFFFFFFFFFFFFFFFFFFFFFFFFFFFFFFFFFFFFFFFFFFFFFFFFFFFF7C
:20C4E000FFFFFFFFFFFFFFFFFFFFFFFFFFFFFFFFFFFFFFFFFFFFFFFFFFFFFFFFFFFFFFFF5C
:20C50000FFFFFFFFFFFFFFFFFFFFFFFFFFFFFFFFFFFFFFFFFFFFFFFFFFFFFFFFFFFFFFFF3B
:20C52000FFFFFFFFFFFFFFFFFFFFFFFFFFFFFFFFFFFFFFFFFFFFFFFFFFFFFFFFFFFFFFFF1B
:20C54000FFFFFFFFFFFFFFFFFFFFFFFFFFFFFFFFFFFFFFFFFFFFFFFFFFFFFFFFFFFFFFFFFB
:20C56000FFFFFFFFFFFFFFFFFFFFFFFFFFFFFFFFFFFFFFFFFFFFFFFFFFFFFFFFFFFFFFFFDB
:20C58000FFFFFFFFFFFFFFFFFFFFFFFFFFFFFFFFFFFFFFFFFFFFFFFFFFFFFFFFFFFFFFFFBB
:20C5A000FFFFFFFFFFFFFFFFFFFFFFFFFFFFFFFFFFFFFFFFFFFFFFFFFFFFFFFFFFFFFFFF9B
:20C5C000FFFFFFFFFFFFFFFFFFFFFFFFFFFFFFFFFFFFFFFFFFFFFFFFFFFFFFFFFFFFFFFF7B
:20C5E000FFFFFFFFFFFFFFFFFFFFFFFFFFFFFFFFFFFFFFFFFFFFFFFFFFFFFFFFFFFFFFFF5B
:20C60000FFFFFFFFFFFFFFFFFFFFFFFFFFFFFFFFFFFFFFFFFFFFFFFFFFFFFFFFFFFFFFFF3A
:20C62000FFFFFFFFFFFFFFFFFFFFFFFFFFFFFFFFFFFFFFFFFFFFFFFFFFFFFFFFFFFFFFFF1A
:20C64000FFFFFFFFFFFFFFFFFFFFFFFFFFFFFFFFFFFFFFFFFFFFFFFFFFFFFFFFFFFFFFFFFA
:20C66000FFFFFFFFFFFFFFFFFFFFFFFFFFFFFFFFFFFFFFFFFFFFFFFFFFFFFFFFFFFFFFFFDA
:20C68000FFFFFFFFFFFFFFFFFFFFFFFFFFFFFFFFFFFFFFFFFFFFFFFFFFFFFFFFFFFFFFFFBA
:20C6A000FFFFFFFFFFFFFFFFFFFFFFFFFFFFFFFFFFFFFFFFFFFFFFFFFFFFFFFFFFFFFFFF9A
:20C6C000FFFFFFFFFFFFFFFFFFFFFFFFFFFFFFFFFFFFFFFFFFFFFFFFFFFFFFFFFFFFFFFF7A
:20C6E000FFFFFFFFFFFFFFFFFFFFFFFFFFFFFFFFFFFFFFFFFFFFFFFFFFFFFFFFFFFFFFFF5A
:20C70000FFFFFFFFFFFFFFFFFFFFFFFFFFFFFFFFFFFFFFFFFFFFFFFFFFFFFFFFFFFFFFFF39
:20C72000FFFFFFFFFFFFFFFFFFFFFFFFFFFFFFFFFFFFFFFFFFFFFFFFFFFFFFFFFFFFFFFF19
:20C74000FFFFFFFFFFFFFFFFFFFFFFFFFFFFFFFFFFFFFFFFFFFFFFFFFFFFFFFFFFFFFFFFF9
:20C76000FFFFFFFFFFFFFFFFFFFFFFFFFFFFFFFFFFFFFFFFFFFFFFFFFFFFFFFFFFFFFFFFD9
:20C78000FFFFFFFFFFFFFFFFFFFFFFFFFFFFFFFFFFFFFFFFFFFFFFFFFFFFFFFFFFFFFFFFB9
:20C7A000FFFFFFFFFFFFFFFFFFFFFFFFFFFFFFFFFFFFFFFFFFFFFFFFFFFFFFFFFFFFFFFF99
:20C7C000FFFFFFFFFFFFFFFFFFFFFFFFFFFFFFFFFFFFFFFFFFFFFFFFFFFFFFFFFFFFFFFF79
:20C7E000FFFFFFFFFFFFFFFFFFFFFFFFFFFFFFFFFFFFFFFFFFFFFFFFFFFFFFFFFFFFFFFF59
:20C80000FFFFFFFFFFFFFFFFFFFFFFFFFFFFFFFFFFFFFFFFFFFFFFFFFFFFFFFFFFFFFFFF38
:20C82000FFFFFFFFFFFFFFFFFFFFFFFFFFFFFFFFFFFFFFFFFFFFFFFFFFFFFFFFFFFFFFFF18
:20C84000FFFFFFFFFFFFFFFFFFFFFFFFFFFFFFFFFFFFFFFFFFFFFFFFFFFFFFFFFFFFFFFFF8
:20C86000FFFFFFFFFFFFFFFFFFFFFFFFFFFFFFFFFFFFFFFFFFFFFFFFFFFFFFFFFFFFFFFFD8
:20C88000FFFFFFFFFFFFFFFFFFFFFFFFFFFFFFFFFFFFFFFFFFFFFFFFFFFFFFFFFFFFFFFFB8
:20C8A000FFFFFFFFFFFFFFFFFFFFFFFFFFFFFFFFFFFFFFFFFFFFFFFFFFFFFFFFFFFFFFFF98
:20C8C000FFFFFFFFFFFFFFFFFFFFFFFFFFFFFFFFFFFFFFFFFFFFFFFFFFFFFFFFFFFFFFFF78
:20C8E000FFFFFFFFFFFFFFFFFFFFFFFFFFFFFFFFFFFFFFFFFFFFFFFFFFFFFFFFFFFFFFFF58
:20C90000FFFFFFFFFFFFFFFFFFFFFFFFFFFFFFFFFFFFFFFFFFFFFFFFFFFFFFFFFFFFFFFF37
:20C92000FFFFFFFFFFFFFFFFFFFFFFFFFFFFFFFFFFFFFFFFFFFFFFFFFFFFFFFFFFFFFFFF17
:20C94000FFFFFFFFFFFFFFFFFFFFFFFFFFFFFFFFFFFFFFFFFFFFFFFFFFFFFFFFFFFFFFFFF7
:20C96000FFFFFFFFFFFFFFFFFFFFFFFFFFFFFFFFFFFFFFFFFFFFFFFFFFFFFFFFFFFFFFFFD7
:20C98000FFFFFFFFFFFFFFFFFFFFFFFFFFFFFFFFFFFFFFFFFFFFFFFFFFFFFFFFFFFFFFFFB7
:20C9A000FFFFFFFFFFFFFFFFFFFFFFFFFFFFFFFFFFFFFFFFFFFFFFFFFFFFFFFFFFFFFFFF97
:20C9C000FFFFFFFFFFFFFFFFFFFFFFFFFFFFFFFFFFFFFFFFFFFFFFFFFFFFFFFFFFFFFFFF77
:20C9E000FFFFFFFFFFFFFFFFFFFFFFFFFFFFFFFFFFFFFFFFFFFFFFFFFFFFFFFFFFFFFFFF57
:20CA0000FFFFFFFFFFFFFFFFFFFFFFFFFFFFFFFFFFFFFFFFFFFFFFFFFFFFFFFFFFFFFFFF36
:20CA2000FFFFFFFFFFFFFFFFFFFFFFFFFFFFFFFFFFFFFFFFFFFFFFFFFFFFFFFFFFFFFFFF16
:20CA4000FFFFFFFFFFFFFFFFFFFFFFFFFFFFFFFFFFFFFFFFFFFFFFFFFFFFFFFFFFFFFFFFF6
:20CA6000FFFFFFFFFFFFFFFFFFFFFFFFFFFFFFFFFFFFFFFFFFFFFFFFFFFFFFFFFFFFFFFFD6
:20CA8000FFFFFFFFFFFFFFFFFFFFFFFFFFFFFFFFFFFFFFFFFFFFFFFFFFFFFFFFFFFFFFFFB6
:20CAA000FFFFFFFFFFFFFFFFFFFFFFFFFFFFFFFFFFFFFFFFFFFFFFFFFFFFFFFFFFFFFFFF96
:20CAC000FFFFFFFFFFFFFFFFFFFFFFFFFFFFFFFFFFFFFFFFFFFFFFFFFFFFFFFFFFFFFFFF76
:20CAE000FFFFFFFFFFFFFFFFFFFFFFFFFFFFFFFFFFFFFFFFFFFFFFFFFFFFFFFFFFFFFFFF56
:20CB0000FFFFFFFFFFFFFFFFFFFFFFFFFFFFFFFFFFFFFFFFFFFFFFFFFFFFFFFFFFFFFFFF35
:20CB2000FFFFFFFFFFFFFFFFFFFFFFFFFFFFFFFFFFFFFFFFFFFFFFFFFFFFFFFFFFFFFFFF15
:20CB4000FFFFFFFFFFFFFFFFFFFFFFFFFFFFFFFFFFFFFFFFFFFFFFFFFFFFFFFFFFFFFFFFF5
:20CB6000FFFFFFFFFFFFFFFFFFFFFFFFFFFFFFFFFFFFFFFFFFFFFFFFFFFFFFFFFFFFFFFFD5
:20CB8000FFFFFFFFFFFFFFFFFFFFFFFFFFFFFFFFFFFFFFFFFFFFFFFFFFFFFFFFFFFFFFFFB5
:20CBA000FFFFFFFFFFFFFFFFFFFFFFFFFFFFFFFFFFFFFFFFFFFFFFFFFFFFFFFFFFFFFFFF95
:20CBC000FFFFFFFFFFFFFFFFFFFFFFFFFFFFFFFFFFFFFFFFFFFFFFFFFFFFFFFFFFFFFFFF75
:20CBE000FFFFFFFFFFFFFFFFFFFFFFFFFFFFFFFFFFFFFFFFFFFFFFFFFFFFFFFFFFFFFFFF55
:20CC0000FFFFFFFFFFFFFFFFFFFFFFFFFFFFFFFFFFFFFFFFFFFFFFFFFFFFFFFFFFFFFFFF34
:20CC2000FFFFFFFFFFFFFFFFFFFFFFFFFFFFFFFFFFFFFFFFFFFFFFFFFFFFFFFFFFFFFFFF14
:20CC4000FFFFFFFFFFFFFFFFFFFFFFFFFFFFFFFFFFFFFFFFFFFFFFFFFFFFFFFFFFFFFFFFF4
:20CC6000FFFFFFFFFFFFFFFFFFFFFFFFFFFFFFFFFFFFFFFFFFFFFFFFFFFFFFFFFFFFFFFFD4
:20CC8000FFFFFFFFFFFFFFFFFFFFFFFFFFFFFFFFFFFFFFFFFFFFFFFFFFFFFFFFFFFFFFFFB4
:20CCA000FFFFFFFFFFFFFFFFFFFFFFFFFFFFFFFFFFFFFFFFFFFFFFFFFFFFFFFFFFFFFFFF94
:20CCC000FFFFFFFFFFFFFFFFFFFFFFFFFFFFFFFFFFFFFFFFFFFFFFFFFFFFFFFFFFFFFFFF74
:20CCE000FFFFFFFFFFFFFFFFFFFFFFFFFFFFFFFFFFFFFFFFFFFFFFFFFFFFFFFFFFFFFFFF54
:20CD0000FFFFFFFFFFFFFFFFFFFFFFFFFFFFFFFFFFFFFFFFFFFFFFFFFFFFFFFFFFFFFFFF33
:20CD2000FFFFFFFFFFFFFFFFFFFFFFFFFFFFFFFFFFFFFFFFFFFFFFFFFFFFFFFFFFFFFFFF13
:20CD4000FFFFFFFFFFFFFFFFFFFFFFFFFFFFFFFFFFFFFFFFFFFFFFFFFFFFFFFFFFFFFFFFF3
:20CD6000FFFFFFFFFFFFFFFFFFFFFFFFFFFFFFFFFFFFFFFFFFFFFFFFFFFFFFFFFFFFFFFFD3
:20CD8000FFFFFFFFFFFFFFFFFFFFFFFFFFFFFFFFFFFFFFFFFFFFFFFFFFFFFFFFFFFFFFFFB3
:20CDA000FFFFFFFFFFFFFFFFFFFFFFFFFFFFFFFFFFFFFFFFFFFFFFFFFFFFFFFFFFFFFFFF93
:20CDC000FFFFFFFFFFFFFFFFFFFFFFFFFFFFFFFFFFFFFFFFFFFFFFFFFFFFFFFFFFFFFFFF73
:20CDE000FFFFFFFFFFFFFFFFFFFFFFFFFFFFFFFFFFFFFFFFFFFFFFFFFFFFFFFFFFFFFFFF53
:20CE0000FFFFFFFFFFFFFFFFFFFFFFFFFFFFFFFFFFFFFFFFFFFFFFFFFFFFFFFFFFFFFFFF32
:20CE2000FFFFFFFFFFFFFFFFFFFFFFFFFFFFFFFFFFFFFFFFFFFFFFFFFFFFFFFFFFFFFFFF12
:20CE4000FFFFFFFFFFFFFFFFFFFFFFFFFFFFFFFFFFFFFFFFFFFFFFFFFFFFFFFFFFFFFFFFF2
:20CE6000FFFFFFFFFFFFFFFFFFFFFFFFFFFFFFFFFFFFFFFFFFFFFFFFFFFFFFFFFFFFFFFFD2
:20CE8000FFFFFFFFFFFFFFFFFFFFFFFFFFFFFFFFFFFFFFFFFFFFFFFFFFFFFFFFFFFFFFFFB2
:20CEA000FFFFFFFFFFFFFFFFFFFFFFFFFFFFFFFFFFFFFFFFFFFFFFFFFFFFFFFFFFFFFFFF92
:20CEC000FFFFFFFFFFFFFFFFFFFFFFFFFFFFFFFFFFFFFFFFFFFFFFFFFFFFFFFFFFFFFFFF72
:20CEE000FFFFFFFFFFFFFFFFFFFFFFFFFFFFFFFFFFFFFFFFFFFFFFFFFFFFFFFFFFFFFFFF52
:20CF0000FFFFFFFFFFFFFFFFFFFFFFFFFFFFFFFFFFFFFFFFFFFFFFFFFFFFFFFFFFFFFFFF31
:20CF2000FFFFFFFFFFFFFFFFFFFFFFFFFFFFFFFFFFFFFFFFFFFFFFFFFFFFFFFFFFFFFFFF11
:20CF4000FFFFFFFFFFFFFFFFFFFFFFFFFFFFFFFFFFFFFFFFFFFFFFFFFFFFFFFFFFFFFFFFF1
:20CF6000FFFFFFFFFFFFFFFFFFFFFFFFFFFFFFFFFFFFFFFFFFFFFFFFFFFFFFFFFFFFFFFFD1
:20CF8000FFFFFFFFFFFFFFFFFFFFFFFFFFFFFFFFFFFFFFFFFFFFFFFFFFFFFFFFFFFFFFFFB1
:20CFA000FFFFFFFFFFFFFFFFFFFFFFFFFFFFFFFFFFFFFFFFFFFFFFFFFFFFFFFFFFFFFFFF91
:20CFC000FFFFFFFFFFFFFFFFFFFFFFFFFFFFFFFFFFFFFFFFFFFFFFFFFFFFFFFFFFFFFFFF71
:20CFE000FFFFFFFFFFFFFFFFFFFFFFFFFFFFFFFFFFFFFFFFFFFFFFFFFFFFFFFFFFFFFFFF51
:20D00000FFFFFFFFFFFFFFFFFFFFFFFFFFFFFFFFFFFFFFFFFFFFFFFFFFFFFFFFFFFFFFFF30
:20D02000FFFFFFFFFFFFFFFFFFFFFFFFFFFFFFFFFFFFFFFFFFFFFFFFFFFFFFFFFFFFFFFF10
:20D04000FFFFFFFFFFFFFFFFFFFFFFFFFFFFFFFFFFFFFFFFFFFFFFFFFFFFFFFFFFFFFFFFF0
:20D06000FFFFFFFFFFFFFFFFFFFFFFFFFFFFFFFFFFFFFFFFFFFFFFFFFFFFFFFFFFFFFFFFD0
:20D08000FFFFFFFFFFFFFFFFFFFFFFFFFFFFFFFFFFFFFFFFFFFFFFFFFFFFFFFFFFFFFFFFB0
:20D0A000FFFFFFFFFFFFFFFFFFFFFFFFFFFFFFFFFFFFFFFFFFFFFFFFFFFFFFFFFFFFFFFF90
:20D0C000FFFFFFFFFFFFFFFFFFFFFFFFFFFFFFFFFFFFFFFFFFFFFFFFFFFFFFFFFFFFFFFF70
:20D0E000FFFFFFFFFFFFFFFFFFFFFFFFFFFFFFFFFFFFFFFFFFFFFFFFFFFFFFFFFFFFFFFF50
:20D10000FFFFFFFFFFFFFFFFFFFFFFFFFFFFFFFFFFFFFFFFFFFFFFFFFFFFFFFFFFFFFFFF2F
:20D12000FFFFFFFFFFFFFFFFFFFFFFFFFFFFFFFFFFFFFFFFFFFFFFFFFFFFFFFFFFFFFFFF0F
:20D14000FFFFFFFFFFFFFFFFFFFFFFFFFFFFFFFFFFFFFFFFFFFFFFFFFFFFFFFFFFFFFFFFEF
:20D16000FFFFFFFFFFFFFFFFFFFFFFFFFFFFFFFFFFFFFFFFFFFFFFFFFFFFFFFFFFFFFFFFCF
:20D18000FFFFFFFFFFFFFFFFFFFFFFFFFFFFFFFFFFFFFFFFFFFFFFFFFFFFFFFFFFFFFFFFAF
:20D1A000FFFFFFFFFFFFFFFFFFFFFFFFFFFFFFFFFFFFFFFFFFFFFFFFFFFFFFFFFFFFFFFF8F
:20D1C000FFFFFFFFFFFFFFFFFFFFFFFFFFFFFFFFFFFFFFFFFFFFFFFFFFFFFFFFFFFFFFFF6F
:20D1E000FFFFFFFFFFFFFFFFFFFFFFFFFFFFFFFFFFFFFFFFFFFFFFFFFFFFFFFFFFFFFFFF4F
:20D20000FFFFFFFFFFFFFFFFFFFFFFFFFFFFFFFFFFFFFFFFFFFFFFFFFFFFFFFFFFFFFFFF2E
:20D22000FFFFFFFFFFFFFFFFFFFFFFFFFFFFFFFFFFFFFFFFFFFFFFFFFFFFFFFFFFFFFFFF0E
:20D24000FFFFFFFFFFFFFFFFFFFFFFFFFFFFFFFFFFFFFFFFFFFFFFFFFFFFFFFFFFFFFFFFEE
:20D26000FFFFFFFFFFFFFFFFFFFFFFFFFFFFFFFFFFFFFFFFFFFFFFFFFFFFFFFFFFFFFFFFCE
:20D28000FFFFFFFFFFFFFFFFFFFFFFFFFFFFFFFFFFFFFFFFFFFFFFFFFFFFFFFFFFFFFFFFAE
:20D2A000FFFFFFFFFFFFFFFFFFFFFFFFFFFFFFFFFFFFFFFFFFFFFFFFFFFFFFFFFFFFFFFF8E
:20D2C000FFFFFFFFFFFFFFFFFFFFFFFFFFFFFFFFFFFFFFFFFFFFFFFFFFFFFFFFFFFFFFFF6E
:20D2E000FFFFFFFFFFFFFFFFFFFFFFFFFFFFFFFFFFFFFFFFFFFFFFFFFFFFFFFFFFFFFFFF4E
:20D30000FFFFFFFFFFFFFFFFFFFFFFFFFFFFFFFFFFFFFFFFFFFFFFFFFFFFFFFFFFFFFFFF2D
:20D32000FFFFFFFFFFFFFFFFFFFFFFFFFFFFFFFFFFFFFFFFFFFFFFFFFFFFFFFFFFFFFFFF0D
:20D34000FFFFFFFFFFFFFFFFFFFFFFFFFFFFFFFFFFFFFFFFFFFFFFFFFFFFFFFFFFFFFFFFED
:20D36000FFFFFFFFFFFFFFFFFFFFFFFFFFFFFFFFFFFFFFFFFFFFFFFFFFFFFFFFFFFFFFFFCD
:20D38000FFFFFFFFFFFFFFFFFFFFFFFFFFFFFFFFFFFFFFFFFFFFFFFFFFFFFFFFFFFFFFFFAD
:20D3A000FFFFFFFFFFFFFFFFFFFFFFFFFFFFFFFFFFFFFFFFFFFFFFFFFFFFFFFFFFFFFFFF8D
:20D3C000FFFFFFFFFFFFFFFFFFFFFFFFFFFFFFFFFFFFFFFFFFFFFFFFFFFFFFFFFFFFFFFF6D
:20D3E000FFFFFFFFFFFFFFFFFFFFFFFFFFFFFFFFFFFFFFFFFFFFFFFFFFFFFFFFFFFFFFFF4D
:20D40000FFFFFFFFFFFFFFFFFFFFFFFFFFFFFFFFFFFFFFFFFFFFFFFFFFFFFFFFFFFFFFFF2C
:20D42000FFFFFFFFFFFFFFFFFFFFFFFFFFFFFFFFFFFFFFFFFFFFFFFFFFFFFFFFFFFFFFFF0C
:20D44000FFFFFFFFFFFFFFFFFFFFFFFFFFFFFFFFFFFFFFFFFFFFFFFFFFFFFFFFFFFFFFFFEC
:20D46000FFFFFFFFFFFFFFFFFFFFFFFFFFFFFFFFFFFFFFFFFFFFFFFFFFFFFFFFFFFFFFFFCC
:20D48000FFFFFFFFFFFFFFFFFFFFFFFFFFFFFFFFFFFFFFFFFFFFFFFFFFFFFFFFFFFFFFFFAC
:20D4A000FFFFFFFFFFFFFFFFFFFFFFFFFFFFFFFFFFFFFFFFFFFFFFFFFFFFFFFFFFFFFFFF8C
:20D4C000FFFFFFFFFFFFFFFFFFFFFFFFFFFFFFFFFFFFFFFFFFFFFFFFFFFFFFFFFFFFFFFF6C
:20D4E000FFFFFFFFFFFFFFFFFFFFFFFFFFFFFFFFFFFFFFFFFFFFFFFFFFFFFFFFFFFFFFFF4C
:20D50000FFFFFFFFFFFFFFFFFFFFFFFFFFFFFFFFFFFFFFFFFFFFFFFFFFFFFFFFFFFFFFFF2B
:20D52000FFFFFFFFFFFFFFFFFFFFFFFFFFFFFFFFFFFFFFFFFFFFFFFFFFFFFFFFFFFFFFFF0B
:20D54000FFFFFFFFFFFFFFFFFFFFFFFFFFFFFFFFFFFFFFFFFFFFFFFFFFFFFFFFFFFFFFFFEB
:20D56000FFFFFFFFFFFFFFFFFFFFFFFFFFFFFFFFFFFFFFFFFFFFFFFFFFFFFFFFFFFFFFFFCB
:20D58000FFFFFFFFFFFFFFFFFFFFFFFFFFFFFFFFFFFFFFFFFFFFFFFFFFFFFFFFFFFFFFFFAB
:20D5A000FFFFFFFFFFFFFFFFFFFFFFFFFFFFFFFFFFFFFFFFFFFFFFFFFFFFFFFFFFFFFFFF8B
:20D5C000FFFFFFFFFFFFFFFFFFFFFFFFFFFFFFFFFFFFFFFFFFFFFFFFFFFFFFFFFFFFFFFF6B
:20D5E000FFFFFFFFFFFFFFFFFFFFFFFFFFFFFFFFFFFFFFFFFFFFFFFFFFFFFFFFFFFFFFFF4B
:20D60000FFFFFFFFFFFFFFFFFFFFFFFFFFFFFFFFFFFFFFFFFFFFFFFFFFFFFFFFFFFFFFFF2A
:20D62000FFFFFFFFFFFFFFFFFFFFFFFFFFFFFFFFFFFFFFFFFFFFFFFFFFFFFFFFFFFFFFFF0A
:20D64000FFFFFFFFFFFFFFFFFFFFFFFFFFFFFFFFFFFFFFFFFFFFFFFFFFFFFFFFFFFFFFFFEA
:20D66000FFFFFFFFFFFFFFFFFFFFFFFFFFFFFFFFFFFFFFFFFFFFFFFFFFFFFFFFFFFFFFFFCA
:20D68000FFFFFFFFFFFFFFFFFFFFFFFFFFFFFFFFFFFFFFFFFFFFFFFFFFFFFFFFFFFFFFFFAA
:20D6A000FFFFFFFFFFFFFFFFFFFFFFFFFFFFFFFFFFFFFFFFFFFFFFFFFFFFFFFFFFFFFFFF8A
:20D6C000FFFFFFFFFFFFFFFFFFFFFFFFFFFFFFFFFFFFFFFFFFFFFFFFFFFFFFFFFFFFFFFF6A
:20D6E000FFFFFFFFFFFFFFFFFFFFFFFFFFFFFFFFFFFFFFFFFFFFFFFFFFFFFFFFFFFFFFFF4A
:20D70000FFFFFFFFFFFFFFFFFFFFFFFFFFFFFFFFFFFFFFFFFFFFFFFFFFFFFFFFFFFFFFFF29
:20D72000FFFFFFFFFFFFFFFFFFFFFFFFFFFFFFFFFFFFFFFFFFFFFFFFFFFFFFFFFFFFFFFF09
:20D74000FFFFFFFFFFFFFFFFFFFFFFFFFFFFFFFFFFFFFFFFFFFFFFFFFFFFFFFFFFFFFFFFE9
:20D76000FFFFFFFFFFFFFFFFFFFFFFFFFFFFFFFFFFFFFFFFFFFFFFFFFFFFFFFFFFFFFFFFC9
:20D78000FFFFFFFFFFFFFFFFFFFFFFFFFFFFFFFFFFFFFFFFFFFFFFFFFFFFFFFFFFFFFFFFA9
:20D7A000FFFFFFFFFFFFFFFFFFFFFFFFFFFFFFFFFFFFFFFFFFFFFFFFFFFFFFFFFFFFFFFF89
:20D7C000FFFFFFFFFFFFFFFFFFFFFFFFFFFFFFFFFFFFFFFFFFFFFFFFFFFFFFFFFFFFFFFF69
:20D7E000FFFFFFFFFFFFFFFFFFFFFFFFFFFFFFFFFFFFFFFFFFFFFFFFFFFFFFFFFFFFFFFF49
:20D80000FFFFFFFFFFFFFFFFFFFFFFFFFFFFFFFFFFFFFFFFFFFFFFFFFFFFFFFFFFFFFFFF28
:20D82000FFFFFFFFFFFFFFFFFFFFFFFFFFFFFFFFFFFFFFFFFFFFFFFFFFFFFFFFFFFFFFFF08
:20D84000FFFFFFFFFFFFFFFFFFFFFFFFFFFFFFFFFFFFFFFFFFFFFFFFFFFFFFFFFFFFFFFFE8
:20D86000FFFFFFFFFFFFFFFFFFFFFFFFFFFFFFFFFFFFFFFFFFFFFFFFFFFFFFFFFFFFFFFFC8
:20D88000FFFFFFFFFFFFFFFFFFFFFFFFFFFFFFFFFFFFFFFFFFFFFFFFFFFFFFFFFFFFFFFFA8
:20D8A000FFFFFFFFFFFFFFFFFFFFFFFFFFFFFFFFFFFFFFFFFFFFFFFFFFFFFFFFFFFFFFFF88
:20D8C000FFFFFFFFFFFFFFFFFFFFFFFFFFFFFFFFFFFFFFFFFFFFFFFFFFFFFFFFFFFFFFFF68
:20D8E000FFFFFFFFFFFFFFFFFFFFFFFFFFFFFFFFFFFFFFFFFFFFFFFFFFFFFFFFFFFFFFFF48
:20D90000FFFFFFFFFFFFFFFFFFFFFFFFFFFFFFFFFFFFFFFFFFFFFFFFFFFFFFFFFFFFFFFF27
:20D92000FFFFFFFFFFFFFFFFFFFFFFFFFFFFFFFFFFFFFFFFFFFFFFFFFFFFFFFFFFFFFFFF07
:20D94000FFFFFFFFFFFFFFFFFFFFFFFFFFFFFFFFFFFFFFFFFFFFFFFFFFFFFFFFFFFFFFFFE7
:20D96000FFFFFFFFFFFFFFFFFFFFFFFFFFFFFFFFFFFFFFFFFFFFFFFFFFFFFFFFFFFFFFFFC7
:20D98000FFFFFFFFFFFFFFFFFFFFFFFFFFFFFFFFFFFFFFFFFFFFFFFFFFFFFFFFFFFFFFFFA7
:20D9A000FFFFFFFFFFFFFFFFFFFFFFFFFFFFFFFFFFFFFFFFFFFFFFFFFFFFFFFFFFFFFFFF87
:20D9C000FFFFFFFFFFFFFFFFFFFFFFFFFFFFFFFFFFFFFFFFFFFFFFFFFFFFFFFFFFFFFFFF67
:20D9E000FFFFFFFFFFFFFFFFFFFFFFFFFFFFFFFFFFFFFFFFFFFFFFFFFFFFFFFFFFFFFFFF47
:20DA0000FFFFFFFFFFFFFFFFFFFFFFFFFFFFFFFFFFFFFFFFFFFFFFFFFFFFFFFFFFFFFFFF26
:20DA2000FFFFFFFFFFFFFFFFFFFFFFFFFFFFFFFFFFFFFFFFFFFFFFFFFFFFFFFFFFFFFFFF06
:20DA4000FFFFFFFFFFFFFFFFFFFFFFFFFFFFFFFFFFFFFFFFFFFFFFFFFFFFFFFFFFFFFFFFE6
:20DA6000FFFFFFFFFFFFFFFFFFFFFFFFFFFFFFFFFFFFFFFFFFFFFFFFFFFFFFFFFFFFFFFFC6
:20DA8000FFFFFFFFFFFFFFFFFFFFFFFFFFFFFFFFFFFFFFFFFFFFFFFFFFFFFFFFFFFFFFFFA6
:20DAA000FFFFFFFFFFFFFFFFFFFFFFFFFFFFFFFFFFFFFFFFFFFFFFFFFFFFFFFFFFFFFFFF86
:20DAC000FFFFFFFFFFFFFFFFFFFFFFFFFFFFFFFFFFFFFFFFFFFFFFFFFFFFFFFFFFFFFFFF66
:20DAE000FFFFFFFFFFFFFFFFFFFFFFFFFFFFFFFFFFFFFFFFFFFFFFFFFFFFFFFFFFFFFFFF46
:20DB0000FFFFFFFFFFFFFFFFFFFFFFFFFFFFFFFFFFFFFFFFFFFFFFFFFFFFFFFFFFFFFFFF25
:20DB2000FFFFFFFFFFFFFFFFFFFFFFFFFFFFFFFFFFFFFFFFFFFFFFFFFFFFFFFFFFFFFFFF05
:20DB4000FFFFFFFFFFFFFFFFFFFFFFFFFFFFFFFFFFFFFFFFFFFFFFFFFFFFFFFFFFFFFFFFE5
:20DB6000FFFFFFFFFFFFFFFFFFFFFFFFFFFFFFFFFFFFFFFFFFFFFFFFFFFFFFFFFFFFFFFFC5
:20DB8000FFFFFFFFFFFFFFFFFFFFFFFFFFFFFFFFFFFFFFFFFFFFFFFFFFFFFFFFFFFFFFFFA5
:20DBA000FFFFFFFFFFFFFFFFFFFFFFFFFFFFFFFFFFFFFFFFFFFFFFFFFFFFFFFFFFFFFFFF85
:20DBC000FFFFFFFFFFFFFFFFFFFFFFFFFFFFFFFFFFFFFFFFFFFFFFFFFFFFFFFFFFFFFFFF65
:20DBE000FFFFFFFFFFFFFFFFFFFFFFFFFFFFFFFFFFFFFFFFFFFFFFFFFFFFFFFFFFFFFFFF45
:20DC0000FFFFFFFFFFFFFFFFFFFFFFFFFFFFFFFFFFFFFFFFFFFFFFFFFFFFFFFFFFFFFFFF24
:20DC2000FFFFFFFFFFFFFFFFFFFFFFFFFFFFFFFFFFFFFFFFFFFFFFFFFFFFFFFFFFFFFFFF04
:20DC4000FFFFFFFFFFFFFFFFFFFFFFFFFFFFFFFFFFFFFFFFFFFFFFFFFFFFFFFFFFFFFFFFE4
:20DC6000FFFFFFFFFFFFFFFFFFFFFFFFFFFFFFFFFFFFFFFFFFFFFFFFFFFFFFFFFFFFFFFFC4
:20DC8000FFFFFFFFFFFFFFFFFFFFFFFFFFFFFFFFFFFFFFFFFFFFFFFFFFFFFFFFFFFFFFFFA4
:20DCA000FFFFFFFFFFFFFFFFFFFFFFFFFFFFFFFFFFFFFFFFFFFFFFFFFFFFFFFFFFFFFFFF84
:20DCC000FFFFFFFFFFFFFFFFFFFFFFFFFFFFFFFFFFFFFFFFFFFFFFFFFFFFFFFFFFFFFFFF64
:20DCE000FFFFFFFFFFFFFFFFFFFFFFFFFFFFFFFFFFFFFFFFFFFFFFFFFFFFFFFFFFFFFFFF44
:20DD0000FFFFFFFFFFFFFFFFFFFFFFFFFFFFFFFFFFFFFFFFFFFFFFFFFFFFFFFFFFFFFFFF23
:20DD2000FFFFFFFFFFFFFFFFFFFFFFFFFFFFFFFFFFFFFFFFFFFFFFFFFFFFFFFFFFFFFFFF03
:20DD4000FFFFFFFFFFFFFFFFFFFFFFFFFFFFFFFFFFFFFFFFFFFFFFFFFFFFFFFFFFFFFFFFE3
:20DD6000FFFFFFFFFFFFFFFFFFFFFFFFFFFFFFFFFFFFFFFFFFFFFFFFFFFFFFFFFFFFFFFFC3
:20DD8000FFFFFFFFFFFFFFFFFFFFFFFFFFFFFFFFFFFFFFFFFFFFFFFFFFFFFFFFFFFFFFFFA3
:20DDA000FFFFFFFFFFFFFFFFFFFFFFFFFFFFFFFFFFFFFFFFFFFFFFFFFFFFFFFFFFFFFFFF83
:20DDC000FFFFFFFFFFFFFFFFFFFFFFFFFFFFFFFFFFFFFFFFFFFFFFFFFFFFFFFFFFFFFFFF63
:20DDE000FFFFFFFFFFFFFFFFFFFFFFFFFFFFFFFFFFFFFFFFFFFFFFFFFFFFFFFFFFFFFFFF43
:20DE0000FFFFFFFFFFFFFFFFFFFFFFFFFFFFFFFFFFFFFFFFFFFFFFFFFFFFFFFFFFFFFFFF22
:20DE2000FFFFFFFFFFFFFFFFFFFFFFFFFFFFFFFFFFFFFFFFFFFFFFFFFFFFFFFFFFFFFFFF02
:20DE4000FFFFFFFFFFFFFFFFFFFFFFFFFFFFFFFFFFFFFFFFFFFFFFFFFFFFFFFFFFFFFFFFE2
:20DE6000FFFFFFFFFFFFFFFFFFFFFFFFFFFFFFFFFFFFFFFFFFFFFFFFFFFFFFFFFFFFFFFFC2
:20DE8000FFFFFFFFFFFFFFFFFFFFFFFFFFFFFFFFFFFFFFFFFFFFFFFFFFFFFFFFFFFFFFFFA2
:20DEA000FFFFFFFFFFFFFFFFFFFFFFFFFFFFFFFFFFFFFFFFFFFFFFFFFFFFFFFFFFFFFFFF82
:20DEC000FFFFFFFFFFFFFFFFFFFFFFFFFFFFFFFFFFFFFFFFFFFFFFFFFFFFFFFFFFFFFFFF62
:20DEE000FFFFFFFFFFFFFFFFFFFFFFFFFFFFFFFFFFFFFFFFFFFFFFFFFFFFFFFFFFFFFFFF42
:20DF0000FFFFFFFFFFFFFFFFFFFFFFFFFFFFFFFFFFFFFFFFFFFFFFFFFFFFFFFFFFFFFFFF21
:20DF2000FFFFFFFFFFFFFFFFFFFFFFFFFFFFFFFFFFFFFFFFFFFFFFFFFFFFFFFFFFFFFFFF01
:20DF4000FFFFFFFFFFFFFFFFFFFFFFFFFFFFFFFFFFFFFFFFFFFFFFFFFFFFFFFFFFFFFFFFE1
:20DF6000FFFFFFFFFFFFFFFFFFFFFFFFFFFFFFFFFFFFFFFFFFFFFFFFFFFFFFFFFFFFFFFFC1
:20DF8000FFFFFFFFFFFFFFFFFFFFFFFFFFFFFFFFFFFFFFFFFFFFFFFFFFFFFFFFFFFFFFFFA1
:20DFA000FFFFFFFFFFFFFFFFFFFFFFFFFFFFFFFFFFFFFFFFFFFFFFFFFFFFFFFFFFFFFFFF81
:20DFC000FFFFFFFFFFFFFFFFFFFFFFFFFFFFFFFFFFFFFFFFFFFFFFFFFFFFFFFFFFFFFFFF61
:20DFE000FFFFFFFFFFFFFFFFFFFFFFFFFFFFFFFFFFFFFFFFFFFFFFFFFFFFFFFFFFFFFFFF41
:20E00000FFFFFFFFFFFFFFFFFFFFFFFFFFFFFFFFFFFFFFFFFFFFFFFFFFFFFFFFFFFFFFFF20
:20E02000FFFFFFFFFFFFFFFFFFFFFFFFFFFFFFFFFFFFFFFFFFFFFFFFFFFFFFFFFFFFFFFF00
:20E04000FFFFFFFFFFFFFFFFFFFFFFFFFFFFFFFFFFFFFFFFFFFFFFFFFFFFFFFFFFFFFFFFE0
:20E06000FFFFFFFFFFFFFFFFFFFFFFFFFFFFFFFFFFFFFFFFFFFFFFFFFFFFFFFFFFFFFFFFC0
:20E08000FFFFFFFFFFFFFFFFFFFFFFFFFFFFFFFFFFFFFFFFFFFFFFFFFFFFFFFFFFFFFFFFA0
:20E0A000FFFFFFFFFFFFFFFFFFFFFFFFFFFFFFFFFFFFFFFFFFFFFFFFFFFFFFFFFFFFFFFF80
:20E0C000FFFFFFFFFFFFFFFFFFFFFFFFFFFFFFFFFFFFFFFFFFFFFFFFFFFFFFFFFFFFFFFF60
:20E0E000FFFFFFFFFFFFFFFFFFFFFFFFFFFFFFFFFFFFFFFFFFFFFFFFFFFFFFFFFFFFFFFF40
:20E10000FFFFFFFFFFFFFFFFFFFFFFFFFFFFFFFFFFFFFFFFFFFFFFFFFFFFFFFFFFFFFFFF1F
:20E12000FFFFFFFFFFFFFFFFFFFFFFFFFFFFFFFFFFFFFFFFFFFFFFFFFFFFFFFFFFFFFFFFFF
:20E14000FFFFFFFFFFFFFFFFFFFFFFFFFFFFFFFFFFFFFFFFFFFFFFFFFFFFFFFFFFFFFFFFDF
:20E16000FFFFFFFFFFFFFFFFFFFFFFFFFFFFFFFFFFFFFFFFFFFFFFFFFFFFFFFFFFFFFFFFBF
:20E18000FFFFFFFFFFFFFFFFFFFFFFFFFFFFFFFFFFFFFFFFFFFFFFFFFFFFFFFFFFFFFFFF9F
:20E1A000FFFFFFFFFFFFFFFFFFFFFFFFFFFFFFFFFFFFFFFFFFFFFFFFFFFFFFFFFFFFFFFF7F
:20E1C000FFFFFFFFFFFFFFFFFFFFFFFFFFFFFFFFFFFFFFFFFFFFFFFFFFFFFFFFFFFFFFFF5F
:20E1E000FFFFFFFFFFFFFFFFFFFFFFFFFFFFFFFFFFFFFFFFFFFFFFFFFFFFFFFFFFFFFFFF3F
:20E20000FFFFFFFFFFFFFFFFFFFFFFFFFFFFFFFFFFFFFFFFFFFFFFFFFFFFFFFFFFFFFFFF1E
:20E22000FFFFFFFFFFFFFFFFFFFFFFFFFFFFFFFFFFFFFFFFFFFFFFFFFFFFFFFFFFFFFFFFFE
:20E24000FFFFFFFFFFFFFFFFFFFFFFFFFFFFFFFFFFFFFFFFFFFFFFFFFFFFFFFFFFFFFFFFDE
:20E26000FFFFFFFFFFFFFFFFFFFFFFFFFFFFFFFFFFFFFFFFFFFFFFFFFFFFFFFFFFFFFFFFBE
:20E28000FFFFFFFFFFFFFFFFFFFFFFFFFFFFFFFFFFFFFFFFFFFFFFFFFFFFFFFFFFFFFFFF9E
:20E2A000FFFFFFFFFFFFFFFFFFFFFFFFFFFFFFFFFFFFFFFFFFFFFFFFFFFFFFFFFFFFFFFF7E
:20E2C000FFFFFFFFFFFFFFFFFFFFFFFFFFFFFFFFFFFFFFFFFFFFFFFFFFFFFFFFFFFFFFFF5E
:20E2E000FFFFFFFFFFFFFFFFFFFFFFFFFFFFFFFFFFFFFFFFFFFFFFFFFFFFFFFFFFFFFFFF3E
:20E30000FFFFFFFFFFFFFFFFFFFFFFFFFFFFFFFFFFFFFFFFFFFFFFFFFFFFFFFFFFFFFFFF1D
:20E32000FFFFFFFFFFFFFFFFFFFFFFFFFFFFFFFFFFFFFFFFFFFFFFFFFFFFFFFFFFFFFFFFFD
:20E34000FFFFFFFFFFFFFFFFFFFFFFFFFFFFFFFFFFFFFFFFFFFFFFFFFFFFFFFFFFFFFFFFDD
:20E36000FFFFFFFFFFFFFFFFFFFFFFFFFFFFFFFFFFFFFFFFFFFFFFFFFFFFFFFFFFFFFFFFBD
:20E38000FFFFFFFFFFFFFFFFFFFFFFFFFFFFFFFFFFFFFFFFFFFFFFFFFFFFFFFFFFFFFFFF9D
:20E3A000FFFFFFFFFFFFFFFFFFFFFFFFFFFFFFFFFFFFFFFFFFFFFFFFFFFFFFFFFFFFFFFF7D
:20E3C000FFFFFFFFFFFFFFFFFFFFFFFFFFFFFFFFFFFFFFFFFFFFFFFFFFFFFFFFFFFFFFFF5D
:20E3E000FFFFFFFFFFFFFFFFFFFFFFFFFFFFFFFFFFFFFFFFFFFFFFFFFFFFFFFFFFFFFFFF3D
:20E40000FFFFFFFFFFFFFFFFFFFFFFFFFFFFFFFFFFFFFFFFFFFFFFFFFFFFFFFFFFFFFFFF1C
:20E42000FFFFFFFFFFFFFFFFFFFFFFFFFFFFFFFFFFFFFFFFFFFFFFFFFFFFFFFFFFFFFFFFFC
:20E44000FFFFFFFFFFFFFFFFFFFFFFFFFFFFFFFFFFFFFFFFFFFFFFFFFFFFFFFFFFFFFFFFDC
:20E46000FFFFFFFFFFFFFFFFFFFFFFFFFFFFFFFFFFFFFFFFFFFFFFFFFFFFFFFFFFFFFFFFBC
:20E48000FFFFFFFFFFFFFFFFFFFFFFFFFFFFFFFFFFFFFFFFFFFFFFFFFFFFFFFFFFFFFFFF9C
:20E4A000FFFFFFFFFFFFFFFFFFFFFFFFFFFFFFFFFFFFFFFFFFFFFFFFFFFFFFFFFFFFFFFF7C
:20E4C000FFFFFFFFFFFFFFFFFFFFFFFFFFFFFFFFFFFFFFFFFFFFFFFFFFFFFFFFFFFFFFFF5C
:20E4E000FFFFFFFFFFFFFFFFFFFFFFFFFFFFFFFFFFFFFFFFFFFFFFFFFFFFFFFFFFFFFFFF3C
:20E50000FFFFFFFFFFFFFFFFFFFFFFFFFFFFFFFFFFFFFFFFFFFFFFFFFFFFFFFFFFFFFFFF1B
:20E52000FFFFFFFFFFFFFFFFFFFFFFFFFFFFFFFFFFFFFFFFFFFFFFFFFFFFFFFFFFFFFFFFFB
:20E54000FFFFFFFFFFFFFFFFFFFFFFFFFFFFFFFFFFFFFFFFFFFFFFFFFFFFFFFFFFFFFFFFDB
:20E56000FFFFFFFFFFFFFFFFFFFFFFFFFFFFFFFFFFFFFFFFFFFFFFFFFFFFFFFFFFFFFFFFBB
:20E58000FFFFFFFFFFFFFFFFFFFFFFFFFFFFFFFFFFFFFFFFFFFFFFFFFFFFFFFFFFFFFFFF9B
:20E5A000FFFFFFFFFFFFFFFFFFFFFFFFFFFFFFFFFFFFFFFFFFFFFFFFFFFFFFFFFFFFFFFF7B
:20E5C000FFFFFFFFFFFFFFFFFFFFFFFFFFFFFFFFFFFFFFFFFFFFFFFFFFFFFFFFFFFFFFFF5B
:20E5E000FFFFFFFFFFFFFFFFFFFFFFFFFFFFFFFFFFFFFFFFFFFFFFFFFFFFFFFFFFFFFFFF3B
:20E60000FFFFFFFFFFFFFFFFFFFFFFFFFFFFFFFFFFFFFFFFFFFFFFFFFFFFFFFFFFFFFFFF1A
:20E62000FFFFFFFFFFFFFFFFFFFFFFFFFFFFFFFFFFFFFFFFFFFFFFFFFFFFFFFFFFFFFFFFFA
:20E64000FFFFFFFFFFFFFFFFFFFFFFFFFFFFFFFFFFFFFFFFFFFFFFFFFFFFFFFFFFFFFFFFDA
:20E66000FFFFFFFFFFFFFFFFFFFFFFFFFFFFFFFFFFFFFFFFFFFFFFFFFFFFFFFFFFFFFFFFBA
:20E68000FFFFFFFFFFFFFFFFFFFFFFFFFFFFFFFFFFFFFFFFFFFFFFFFFFFFFFFFFFFFFFFF9A
:20E6A000FFFFFFFFFFFFFFFFFFFFFFFFFFFFFFFFFFFFFFFFFFFFFFFFFFFFFFFFFFFFFFFF7A
:20E6C000FFFFFFFFFFFFFFFFFFFFFFFFFFFFFFFFFFFFFFFFFFFFFFFFFFFFFFFFFFFFFFFF5A
:20E6E000FFFFFFFFFFFFFFFFFFFFFFFFFFFFFFFFFFFFFFFFFFFFFFFFFFFFFFFFFFFFFFFF3A
:20E70000FFFFFFFFFFFFFFFFFFFFFFFFFFFFFFFFFFFFFFFFFFFFFFFFFFFFFFFFFFFFFFFF19
:20E72000FFFFFFFFFFFFFFFFFFFFFFFFFFFFFFFFFFFFFFFFFFFFFFFFFFFFFFFFFFFFFFFFF9
:20E74000FFFFFFFFFFFFFFFFFFFFFFFFFFFFFFFFFFFFFFFFFFFFFFFFFFFFFFFFFFFFFFFFD9
:20E76000FFFFFFFFFFFFFFFFFFFFFFFFFFFFFFFFFFFFFFFFFFFFFFFFFFFFFFFFFFFFFFFFB9
:20E78000FFFFFFFFFFFFFFFFFFFFFFFFFFFFFFFFFFFFFFFFFFFFFFFFFFFFFFFFFFFFFFFF99
:20E7A000FFFFFFFFFFFFFFFFFFFFFFFFFFFFFFFFFFFFFFFFFFFFFFFFFFFFFFFFFFFFFFFF79
:20E7C000FFFFFFFFFFFFFFFFFFFFFFFFFFFFFFFFFFFFFFFFFFFFFFFFFFFFFFFFFFFFFFFF59
:20E7E000FFFFFFFFFFFFFFFFFFFFFFFFFFFFFFFFFFFFFFFFFFFFFFFFFFFFFFFFFFFFFFFF39
:20E80000FFFFFFFFFFFFFFFFFFFFFFFFFFFFFFFFFFFFFFFFFFFFFFFFFFFFFFFFFFFFFFFF18
:20E82000FFFFFFFFFFFFFFFFFFFFFFFFFFFFFFFFFFFFFFFFFFFFFFFFFFFFFFFFFFFFFFFFF8
:20E84000FFFFFFFFFFFFFFFFFFFFFFFFFFFFFFFFFFFFFFFFFFFFFFFFFFFFFFFFFFFFFFFFD8
:20E86000FFFFFFFFFFFFFFFFFFFFFFFFFFFFFFFFFFFFFFFFFFFFFFFFFFFFFFFFFFFFFFFFB8
:20E88000FFFFFFFFFFFFFFFFFFFFFFFFFFFFFFFFFFFFFFFFFFFFFFFFFFFFFFFFFFFFFFFF98
:20E8A000FFFFFFFFFFFFFFFFFFFFFFFFFFFFFFFFFFFFFFFFFFFFFFFFFFFFFFFFFFFFFFFF78
:20E8C000FFFFFFFFFFFFFFFFFFFFFFFFFFFFFFFFFFFFFFFFFFFFFFFFFFFFFFFFFFFFFFFF58
:20E8E000FFFFFFFFFFFFFFFFFFFFFFFFFFFFFFFFFFFFFFFFFFFFFFFFFFFFFFFFFFFFFFFF38
:20E90000FFFFFFFFFFFFFFFFFFFFFFFFFFFFFFFFFFFFFFFFFFFFFFFFFFFFFFFFFFFFFFFF17
:20E92000FFFFFFFFFFFFFFFFFFFFFFFFFFFFFFFFFFFFFFFFFFFFFFFFFFFFFFFFFFFFFFFFF7
:20E94000FFFFFFFFFFFFFFFFFFFFFFFFFFFFFFFFFFFFFFFFFFFFFFFFFFFFFFFFFFFFFFFFD7
:20E96000FFFFFFFFFFFFFFFFFFFFFFFFFFFFFFFFFFFFFFFFFFFFFFFFFFFFFFFFFFFFFFFFB7
:20E98000FFFFFFFFFFFFFFFFFFFFFFFFFFFFFFFFFFFFFFFFFFFFFFFFFFFFFFFFFFFFFFFF97
:20E9A000FFFFFFFFFFFFFFFFFFFFFFFFFFFFFFFFFFFFFFFFFFFFFFFFFFFFFFFFFFFFFFFF77
:20E9C000FFFFFFFFFFFFFFFFFFFFFFFFFFFFFFFFFFFFFFFFFFFFFFFFFFFFFFFFFFFFFFFF57
:20E9E000FFFFFFFFFFFFFFFFFFFFFFFFFFFFFFFFFFFFFFFFFFFFFFFFFFFFFFFFFFFFFFFF37
:20EA0000FFFFFFFFFFFFFFFFFFFFFFFFFFFFFFFFFFFFFFFFFFFFFFFFFFFFFFFFFFFFFFFF16
:20EA2000FFFFFFFFFFFFFFFFFFFFFFFFFFFFFFFFFFFFFFFFFFFFFFFFFFFFFFFFFFFFFFFFF6
:20EA4000FFFFFFFFFFFFFFFFFFFFFFFFFFFFFFFFFFFFFFFFFFFFFFFFFFFFFFFFFFFFFFFFD6
:20EA6000FFFFFFFFFFFFFFFFFFFFFFFFFFFFFFFFFFFFFFFFFFFFFFFFFFFFFFFFFFFFFFFFB6
:20EA8000FFFFFFFFFFFFFFFFFFFFFFFFFFFFFFFFFFFFFFFFFFFFFFFFFFFFFFFFFFFFFFFF96
:20EAA000FFFFFFFFFFFFFFFFFFFFFFFFFFFFFFFFFFFFFFFFFFFFFFFFFFFFFFFFFFFFFFFF76
:20EAC000FFFFFFFFFFFFFFFFFFFFFFFFFFFFFFFFFFFFFFFFFFFFFFFFFFFFFFFFFFFFFFFF56
:20EAE000FFFFFFFFFFFFFFFFFFFFFFFFFFFFFFFFFFFFFFFFFFFFFFFFFFFFFFFFFFFFFFFF36
:20EB0000FFFFFFFFFFFFFFFFFFFFFFFFFFFFFFFFFFFFFFFFFFFFFFFFFFFFFFFFFFFFFFFF15
:20EB2000FFFFFFFFFFFFFFFFFFFFFFFFFFFFFFFFFFFFFFFFFFFFFFFFFFFFFFFFFFFFFFFFF5
:20EB4000FFFFFFFFFFFFFFFFFFFFFFFFFFFFFFFFFFFFFFFFFFFFFFFFFFFFFFFFFFFFFFFFD5
:20EB6000FFFFFFFFFFFFFFFFFFFFFFFFFFFFFFFFFFFFFFFFFFFFFFFFFFFFFFFFFFFFFFFFB5
:20EB8000FFFFFFFFFFFFFFFFFFFFFFFFFFFFFFFFFFFFFFFFFFFFFFFFFFFFFFFFFFFFFFFF95
:20EBA000FFFFFFFFFFFFFFFFFFFFFFFFFFFFFFFFFFFFFFFFFFFFFFFFFFFFFFFFFFFFFFFF75
:20EBC000FFFFFFFFFFFFFFFFFFFFFFFFFFFFFFFFFFFFFFFFFFFFFFFFFFFFFFFFFFFFFFFF55
:20EBE000FFFFFFFFFFFFFFFFFFFFFFFFFFFFFFFFFFFFFFFFFFFFFFFFFFFFFFFFFFFFFFFF35
:20EC0000FFFFFFFFFFFFFFFFFFFFFFFFFFFFFFFFFFFFFFFFFFFFFFFFFFFFFFFFFFFFFFFF14
:20EC2000FFFFFFFFFFFFFFFFFFFFFFFFFFFFFFFFFFFFFFFFFFFFFFFFFFFFFFFFFFFFFFFFF4
:20EC4000FFFFFFFFFFFFFFFFFFFFFFFFFFFFFFFFFFFFFFFFFFFFFFFFFFFFFFFFFFFFFFFFD4
:20EC6000FFFFFFFFFFFFFFFFFFFFFFFFFFFFFFFFFFFFFFFFFFFFFFFFFFFFFFFFFFFFFFFFB4
:20EC8000FFFFFFFFFFFFFFFFFFFFFFFFFFFFFFFFFFFFFFFFFFFFFFFFFFFFFFFFFFFFFFFF94
:20ECA000FFFFFFFFFFFFFFFFFFFFFFFFFFFFFFFFFFFFFFFFFFFFFFFFFFFFFFFFFFFFFFFF74
:20ECC000FFFFFFFFFFFFFFFFFFFFFFFFFFFFFFFFFFFFFFFFFFFFFFFFFFFFFFFFFFFFFFFF54
:20ECE000FFFFFFFFFFFFFFFFFFFFFFFFFFFFFFFFFFFFFFFFFFFFFFFFFFFFFFFFFFFFFFFF34
:20ED0000FFFFFFFFFFFFFFFFFFFFFFFFFFFFFFFFFFFFFFFFFFFFFFFFFFFFFFFFFFFFFFFF13
:20ED2000FFFFFFFFFFFFFFFFFFFFFFFFFFFFFFFFFFFFFFFFFFFFFFFFFFFFFFFFFFFFFFFFF3
:20ED4000FFFFFFFFFFFFFFFFFFFFFFFFFFFFFFFFFFFFFFFFFFFFFFFFFFFFFFFFFFFFFFFFD3
:20ED6000FFFFFFFFFFFFFFFFFFFFFFFFFFFFFFFFFFFFFFFFFFFFFFFFFFFFFFFFFFFFFFFFB3
:20ED8000FFFFFFFFFFFFFFFFFFFFFFFFFFFFFFFFFFFFFFFFFFFFFFFFFFFFFFFFFFFFFFFF93
:20EDA000FFFFFFFFFFFFFFFFFFFFFFFFFFFFFFFFFFFFFFFFFFFFFFFFFFFFFFFFFFFFFFFF73
:20EDC000FFFFFFFFFFFFFFFFFFFFFFFFFFFFFFFFFFFFFFFFFFFFFFFFFFFFFFFFFFFFFFFF53
:20EDE000FFFFFFFFFFFFFFFFFFFFFFFFFFFFFFFFFFFFFFFFFFFFFFFFFFFFFFFFFFFFFFFF33
:20EE0000FFFFFFFFFFFFFFFFFFFFFFFFFFFFFFFFFFFFFFFFFFFFFFFFFFFFFFFFFFFFFFFF12
:20EE2000FFFFFFFFFFFFFFFFFFFFFFFFFFFFFFFFFFFFFFFFFFFFFFFFFFFFFFFFFFFFFFFFF2
:20EE4000FFFFFFFFFFFFFFFFFFFFFFFFFFFFFFFFFFFFFFFFFFFFFFFFFFFFFFFFFFFFFFFFD2
:20EE6000FFFFFFFFFFFFFFFFFFFFFFFFFFFFFFFFFFFFFFFFFFFFFFFFFFFFFFFFFFFFFFFFB2
:20EE8000FFFFFFFFFFFFFFFFFFFFFFFFFFFFFFFFFFFFFFFFFFFFFFFFFFFFFFFFFFFFFFFF92
:20EEA000FFFFFFFFFFFFFFFFFFFFFFFFFFFFFFFFFFFFFFFFFFFFFFFFFFFFFFFFFFFFFFFF72
:20EEC000FFFFFFFFFFFFFFFFFFFFFFFFFFFFFFFFFFFFFFFFFFFFFFFFFFFFFFFFFFFFFFFF52
:20EEE000FFFFFFFFFFFFFFFFFFFFFFFFFFFFFFFFFFFFFFFFFFFFFFFFFFFFFFFFFFFFFFFF32
:20EF0000FFFFFFFFFFFFFFFFFFFFFFFFFFFFFFFFFFFFFFFFFFFFFFFFFFFFFFFFFFFFFFFF11
:20EF2000FFFFFFFFFFFFFFFFFFFFFFFFFFFFFFFFFFFFFFFFFFFFFFFFFFFFFFFFFFFFFFFFF1
:20EF4000FFFFFFFFFFFFFFFFFFFFFFFFFFFFFFFFFFFFFFFFFFFFFFFFFFFFFFFFFFFFFFFFD1
:20EF6000FFFFFFFFFFFFFFFFFFFFFFFFFFFFFFFFFFFFFFFFFFFFFFFFFFFFFFFFFFFFFFFFB1
:20EF8000FFFFFFFFFFFFFFFFFFFFFFFFFFFFFFFFFFFFFFFFFFFFFFFFFFFFFFFFFFFFFFFF91
:20EFA000FFFFFFFFFFFFFFFFFFFFFFFFFFFFFFFFFFFFFFFFFFFFFFFFFFFFFFFFFFFFFFFF71
:20EFC000FFFFFFFFFFFFFFFFFFFFFFFFFFFFFFFFFFFFFFFFFFFFFFFFFFFFFFFFFFFFFFFF51
:20EFE000FFFFFFFFFFFFFFFFFFFFFFFFFFFFFFFFFFFFFFFFFFFFFFFFFFFFFFFFFFFFFFFF31
:20F00000FFFFFFFFFFFFFFFFFFFFFFFFFFFFFFFFFFFFFFFFFFFFFFFFFFFFFFFFFFFFFFFF10
:20F02000FFFFFFFFFFFFFFFFFFFFFFFFFFFFFFFFFFFFFFFFFFFFFFFFFFFFFFFFFFFFFFFFF0
:20F04000FFFFFFFFFFFFFFFFFFFFFFFFFFFFFFFFFFFFFFFFFFFFFFFFFFFFFFFFFFFFFFFFD0
:20F06000FFFFFFFFFFFFFFFFFFFFFFFFFFFFFFFFFFFFFFFFFFFFFFFFFFFFFFFFFFFFFFFFB0
:20F08000FFFFFFFFFFFFFFFFFFFFFFFFFFFFFFFFFFFFFFFFFFFFFFFFFFFFFFFFFFFFFFFF90
:20F0A000FFFFFFFFFFFFFFFFFFFFFFFFFFFFFFFFFFFFFFFFFFFFFFFFFFFFFFFFFFFFFFFF70
:20F0C000FFFFFFFFFFFFFFFFFFFFFFFFFFFFFFFFFFFFFFFFFFFFFFFFFFFFFFFFFFFFFFFF50
:20F0E000FFFFFFFFFFFFFFFFFFFFFFFFFFFFFFFFFFFFFFFFFFFFFFFFFFFFFFFFFFFFFFFF30
:20F10000FFFFFFFFFFFFFFFFFFFFFFFFFFFFFFFFFFFFFFFFFFFFFFFFFFFFFFFFFFFFFFFF0F
:20F12000FFFFFFFFFFFFFFFFFFFFFFFFFFFFFFFFFFFFFFFFFFFFFFFFFFFFFFFFFFFFFFFFEF
:20F14000FFFFFFFFFFFFFFFFFFFFFFFFFFFFFFFFFFFFFFFFFFFFFFFFFFFFFFFFFFFFFFFFCF
:20F16000FFFFFFFFFFFFFFFFFFFFFFFFFFFFFFFFFFFFFFFFFFFFFFFFFFFFFFFFFFFFFFFFAF
:20F18000FFFFFFFFFFFFFFFFFFFFFFFFFFFFFFFFFFFFFFFFFFFFFFFFFFFFFFFFFFFFFFFF8F
:20F1A000FFFFFFFFFFFFFFFFFFFFFFFFFFFFFFFFFFFFFFFFFFFFFFFFFFFFFFFFFFFFFFFF6F
:20F1C000FFFFFFFFFFFFFFFFFFFFFFFFFFFFFFFFFFFFFFFFFFFFFFFFFFFFFFFFFFFFFFFF4F
:20F1E000FFFFFFFFFFFFFFFFFFFFFFFFFFFFFFFFFFFFFFFFFFFFFFFFFFFFFFFFFFFFFFFF2F
:20F20000FFFFFFFFFFFFFFFFFFFFFFFFFFFFFFFFFFFFFFFFFFFFFFFFFFFFFFFFFFFFFFFF0E
:20F22000FFFFFFFFFFFFFFFFFFFFFFFFFFFFFFFFFFFFFFFFFFFFFFFFFFFFFFFFFFFFFFFFEE
:20F24000FFFFFFFFFFFFFFFFFFFFFFFFFFFFFFFFFFFFFFFFFFFFFFFFFFFFFFFFFFFFFFFFCE
:20F26000FFFFFFFFFFFFFFFFFFFFFFFFFFFFFFFFFFFFFFFFFFFFFFFFFFFFFFFFFFFFFFFFAE
:20F28000FFFFFFFFFFFFFFFFFFFFFFFFFFFFFFFFFFFFFFFFFFFFFFFFFFFFFFFFFFFFFFFF8E
:20F2A000FFFFFFFFFFFFFFFFFFFFFFFFFFFFFFFFFFFFFFFFFFFFFFFFFFFFFFFFFFFFFFFF6E
:20F2C000FFFFFFFFFFFFFFFFFFFFFFFFFFFFFFFFFFFFFFFFFFFFFFFFFFFFFFFFFFFFFFFF4E
:20F2E000FFFFFFFFFFFFFFFFFFFFFFFFFFFFFFFFFFFFFFFFFFFFFFFFFFFFFFFFFFFFFFFF2E
:20F30000FFFFFFFFFFFFFFFFFFFFFFFFFFFFFFFFFFFFFFFFFFFFFFFFFFFFFFFFFFFFFFFF0D
:20F32000FFFFFFFFFFFFFFFFFFFFFFFFFFFFFFFFFFFFFFFFFFFFFFFFFFFFFFFFFFFFFFFFED
:20F34000FFFFFFFFFFFFFFFFFFFFFFFFFFFFFFFFFFFFFFFFFFFFFFFFFFFFFFFFFFFFFFFFCD
:20F36000FFFFFFFFFFFFFFFFFFFFFFFFFFFFFFFFFFFFFFFFFFFFFFFFFFFFFFFFFFFFFFFFAD
:20F38000FFFFFFFFFFFFFFFFFFFFFFFFFFFFFFFFFFFFFFFFFFFFFFFFFFFFFFFFFFFFFFFF8D
:20F3A000FFFFFFFFFFFFFFFFFFFFFFFFFFFFFFFFFFFFFFFFFFFFFFFFFFFFFFFFFFFFFFFF6D
:20F3C000FFFFFFFFFFFFFFFFFFFFFFFFFFFFFFFFFFFFFFFFFFFFFFFFFFFFFFFFFFFFFFFF4D
:20F3E000FFFFFFFFFFFFFFFFFFFFFFFFFFFFFFFFFFFFFFFFFFFFFFFFFFFFFFFFFFFFFFFF2D
:20F40000FFFFFFFFFFFFFFFFFFFFFFFFFFFFFFFFFFFFFFFFFFFFFFFFFFFFFFFFFFFFFFFF0C
:20F42000FFFFFFFFFFFFFFFFFFFFFFFFFFFFFFFFFFFFFFFFFFFFFFFFFFFFFFFFFFFFFFFFEC
:20F44000FFFFFFFFFFFFFFFFFFFFFFFFFFFFFFFFFFFFFFFFFFFFFFFFFFFFFFFFFFFFFFFFCC
:20F46000FFFFFFFFFFFFFFFFFFFFFFFFFFFFFFFFFFFFFFFFFFFFFFFFFFFFFFFFFFFFFFFFAC
:20F48000FFFFFFFFFFFFFFFFFFFFFFFFFFFFFFFFFFFFFFFFFFFFFFFFFFFFFFFFFFFFFFFF8C
:20F4A000FFFFFFFFFFFFFFFFFFFFFFFFFFFFFFFFFFFFFFFFFFFFFFFFFFFFFFFFFFFFFFFF6C
:20F4C000FFFFFFFFFFFFFFFFFFFFFFFFFFFFFFFFFFFFFFFFFFFFFFFFFFFFFFFFFFFFFFFF4C
:20F4E000FFFFFFFFFFFFFFFFFFFFFFFFFFFFFFFFFFFFFFFFFFFFFFFFFFFFFFFFFFFFFFFF2C
:20F50000FFFFFFFFFFFFFFFFFFFFFFFFFFFFFFFFFFFFFFFFFFFFFFFFFFFFFFFFFFFFFFFF0B
:20F52000FFFFFFFFFFFFFFFFFFFFFFFFFFFFFFFFFFFFFFFFFFFFFFFFFFFFFFFFFFFFFFFFEB
:20F54000FFFFFFFFFFFFFFFFFFFFFFFFFFFFFFFFFFFFFFFFFFFFFFFFFFFFFFFFFFFFFFFFCB
:20F56000FFFFFFFFFFFFFFFFFFFFFFFFFFFFFFFFFFFFFFFFFFFFFFFFFFFFFFFFFFFFFFFFAB
:20F58000FFFFFFFFFFFFFFFFFFFFFFFFFFFFFFFFFFFFFFFFFFFFFFFFFFFFFFFFFFFFFFFF8B
:20F5A000FFFFFFFFFFFFFFFFFFFFFFFFFFFFFFFFFFFFFFFFFFFFFFFFFFFFFFFFFFFFFFFF6B
:20F5C000FFFFFFFFFFFFFFFFFFFFFFFFFFFFFFFFFFFFFFFFFFFFFFFFFFFFFFFFFFFFFFFF4B
:20F5E000FFFFFFFFFFFFFFFFFFFFFFFFFFFFFFFFFFFFFFFFFFFFFFFFFFFFFFFFFFFFFFFF2B
:20F60000FFFFFFFFFFFFFFFFFFFFFFFFFFFFFFFFFFFFFFFFFFFFFFFFFFFFFFFFFFFFFFFF0A
:20F62000FFFFFFFFFFFFFFFFFFFFFFFFFFFFFFFFFFFFFFFFFFFFFFFFFFFFFFFFFFFFFFFFEA
:20F64000FFFFFFFFFFFFFFFFFFFFFFFFFFFFFFFFFFFFFFFFFFFFFFFFFFFFFFFFFFFFFFFFCA
:20F66000FFFFFFFFFFFFFFFFFFFFFFFFFFFFFFFFFFFFFFFFFFFFFFFFFFFFFFFFFFFFFFFFAA
:20F68000FFFFFFFFFFFFFFFFFFFFFFFFFFFFFFFFFFFFFFFFFFFFFFFFFFFFFFFFFFFFFFFF8A
:20F6A000FFFFFFFFFFFFFFFFFFFFFFFFFFFFFFFFFFFFFFFFFFFFFFFFFFFFFFFFFFFFFFFF6A
:20F6C000FFFFFFFFFFFFFFFFFFFFFFFFFFFFFFFFFFFFFFFFFFFFFFFFFFFFFFFFFFFFFFFF4A
:20F6E000FFFFFFFFFFFFFFFFFFFFFFFFFFFFFFFFFFFFFFFFFFFFFFFFFFFFFFFFFFFFFFFF2A
:20F70000FFFFFFFFFFFFFFFFFFFFFFFFFFFFFFFFFFFFFFFFFFFFFFFFFFFFFFFFFFFFFFFF09
:20F72000FFFFFFFFFFFFFFFFFFFFFFFFFFFFFFFFFFFFFFFFFFFFFFFFFFFFFFFFFFFFFFFFE9
:20F74000FFFFFFFFFFFFFFFFFFFFFFFFFFFFFFFFFFFFFFFFFFFFFFFFFFFFFFFFFFFFFFFFC9
:20F76000FFFFFFFFFFFFFFFFFFFFFFFFFFFFFFFFFFFFFFFFFFFFFFFFFFFFFFFFFFFFFFFFA9
:20F78000FFFFFFFFFFFFFFFFFFFFFFFFFFFFFFFFFFFFFFFFFFFFFFFFFFFFFFFFFFFFFFFF89
:20F7A000FFFFFFFFFFFFFFFFFFFFFFFFFFFFFFFFFFFFFFFFFFFFFFFFFFFFFFFFFFFFFFFF69
:20F7C000FFFFFFFFFFFFFFFFFFFFFFFFFFFFFFFFFFFFFFFFFFFFFFFFFFFFFFFFFFFFFFFF49
:20F7E000FFFFFFFFFFFFFFFFFFFFFFFFFFFFFFFFFFFFFFFFFFFFFFFFFFFFFFFFFFFFFFFF29
:20F80000FFFFFFFFFFFFFFFFFFFFFFFFFFFFFFFFFFFFFFFFFFFFFFFFFFFFFFFFFFFFFFFF08
:20F82000FFFFFFFFFFFFFFFFFFFFFFFFFFFFFFFFFFFFFFFFFFFFFFFFFFFFFFFFFFFFFFFFE8
:20F84000FFFFFFFFFFFFFFFFFFFFFFFFFFFFFFFFFFFFFFFFFFFFFFFFFFFFFFFFFFFFFFFFC8
:20F86000FFFFFFFFFFFFFFFFFFFFFFFFFFFFFFFFFFFFFFFFFFFFFFFFFFFFFFFFFFFFFFFFA8
:20F88000FFFFFFFFFFFFFFFFFFFFFFFFFFFFFFFFFFFFFFFFFFFFFFFFFFFFFFFFFFFFFFFF88
:20F8A000FFFFFFFFFFFFFFFFFFFFFFFFFFFFFFFFFFFFFFFFFFFFFFFFFFFFFFFFFFFFFFFF68
:20F8C000FFFFFFFFFFFFFFFFFFFFFFFFFFFFFFFFFFFFFFFFFFFFFFFFFFFFFFFFFFFFFFFF48
:20F8E000FFFFFFFFFFFFFFFFFFFFFFFFFFFFFFFFFFFFFFFFFFFFFFFFFFFFFFFFFFFFFFFF28
:20F90000FFFFFFFFFFFFFFFFFFFFFFFFFFFFFFFFFFFFFFFFFFFFFFFFFFFFFFFFFFFFFFFF07
:20F92000FFFFFFFFFFFFFFFFFFFFFFFFFFFFFFFFFFFFFFFFFFFFFFFFFFFFFFFFFFFFFFFFE7
:20F94000FFFFFFFFFFFFFFFFFFFFFFFFFFFFFFFFFFFFFFFFFFFFFFFFFFFFFFFFFFFFFFFFC7
:20F96000FFFFFFFFFFFFFFFFFFFFFFFFFFFFFFFFFFFFFFFFFFFFFFFFFFFFFFFFFFFFFFFFA7
:20F98000FFFFFFFFFFFFFFFFFFFFFFFFFFFFFFFFFFFFFFFFFFFFFFFFFFFFFFFFFFFFFFFF87
:20F9A000FFFFFFFFFFFFFFFFFFFFFFFFFFFFFFFFFFFFFFFFFFFFFFFFFFFFFFFFFFFFFFFF67
:20F9C000FFFFFFFFFFFFFFFFFFFFFFFFFFFFFFFFFFFFFFFFFFFFFFFFFFFFFFFFFFFFFFFF47
:20F9E000FFFFFFFFFFFFFFFFFFFFFFFFFFFFFFFFFFFFFFFFFFFFFFFFFFFFFFFFFFFFFFFF27
:20FA0000FFFFFFFFFFFFFFFFFFFFFFFFFFFFFFFFFFFFFFFFFFFFFFFFFFFFFFFFFFFFFFFF06
:20FA2000FFFFFFFFFFFFFFFFFFFFFFFFFFFFFFFFFFFFFFFFFFFFFFFFFFFFFFFFFFFFFFFFE6
:20FA4000FFFFFFFFFFFFFFFFFFFFFFFFFFFFFFFFFFFFFFFFFFFFFFFFFFFFFFFFFFFFFFFFC6
:20FA6000FFFFFFFFFFFFFFFFFFFFFFFFFFFFFFFFFFFFFFFFFFFFFFFFFFFFFFFFFFFFFFFFA6
:20FA8000FFFFFFFFFFFFFFFFFFFFFFFFFFFFFFFFFFFFFFFFFFFFFFFFFFFFFFFFFFFFFFFF86
:20FAA000FFFFFFFFFFFFFFFFFFFFFFFFFFFFFFFFFFFFFFFFFFFFFFFFFFFFFFFFFFFFFFFF66
:20FAC000FFFFFFFFFFFFFFFFFFFFFFFFFFFFFFFFFFFFFFFFFFFFFFFFFFFFFFFFFFFFFFFF46
:20FAE000FFFFFFFFFFFFFFFFFFFFFFFFFFFFFFFFFFFFFFFFFFFFFFFFFFFFFFFFFFFFFFFF26
:20FB0000FFFFFFFFFFFFFFFFFFFFFFFFFFFFFFFFFFFFFFFFFFFFFFFFFFFFFFFFFFFFFFFF05
:20FB2000FFFFFFFFFFFFFFFFFFFFFFFFFFFFFFFFFFFFFFFFFFFFFFFFFFFFFFFFFFFFFFFFE5
:20FB4000FFFFFFFFFFFFFFFFFFFFFFFFFFFFFFFFFFFFFFFFFFFFFFFFFFFFFFFFFFFFFFFFC5
:20FB6000FFFFFFFFFFFFFFFFFFFFFFFFFFFFFFFFFFFFFFFFFFFFFFFFFFFFFFFFFFFFFFFFA5
:20FB8000FFFFFFFFFFFFFFFFFFFFFFFFFFFFFFFFFFFFFFFFFFFFFFFFFFFFFFFFFFFFFFFF85
:20FBA000FFFFFFFFFFFFFFFFFFFFFFFFFFFFFFFFFFFFFFFFFFFFFFFFFFFFFFFFFFFFFFFF65
:20FBC000FFFFFFFFFFFFFFFFFFFFFFFFFFFFFFFFFFFFFFFFFFFFFFFFFFFFFFFFFFFFFFFF45
:20FBE000FFFFFFFFFFFFFFFFFFFFFFFFFFFFFFFFFFFFFFFFFFFFFFFFFFFFFFFFFFFFFFFF25
:20FC0000FFFFFFFFFFFFFFFFFFFFFFFFFFFFFFFFFFFFFFFFFFFFFFFFFFFFFFFFFFFFFFFF04
:20FC2000FFFFFFFFFFFFFFFFFFFFFFFFFFFFFFFFFFFFFFFFFFFFFFFFFFFFFFFFFFFFFFFFE4
:20FC4000FFFFFFFFFFFFFFFFFFFFFFFFFFFFFFFFFFFFFFFFFFFFFFFFFFFFFFFFFFFFFFFFC4
:20FC6000FFFFFFFFFFFFFFFFFFFFFFFFFFFFFFFFFFFFFFFFFFFFFFFFFFFFFFFFFFFFFFFFA4
:20FC8000FFFFFFFFFFFFFFFFFFFFFFFFFFFFFFFFFFFFFFFFFFFFFFFFFFFFFFFFFFFFFFFF84
:20FCA000FFFFFFFFFFFFFFFFFFFFFFFFFFFFFFFFFFFFFFFFFFFFFFFFFFFFFFFFFFFFFFFF64
:20FCC000FFFFFFFFFFFFFFFFFFFFFFFFFFFFFFFFFFFFFFFFFFFFFFFFFFFFFFFFFFFFFFFF44
:20FCE000FFFFFFFFFFFFFFFFFFFFFFFFFFFFFFFFFFFFFFFFFFFFFFFFFFFFFFFFFFFFFFFF24
:20FD0000FFFFFFFFFFFFFFFFFFFFFFFFFFFFFFFFFFFFFFFFFFFFFFFFFFFFFFFFFFFFFFFF03
:20FD2000FFFFFFFFFFFFFFFFFFFFFFFFFFFFFFFFFFFFFFFFFFFFFFFFFFFFFFFFFFFFFFFFE3
:20FD4000FFFFFFFFFFFFFFFFFFFFFFFFFFFFFFFFFFFFFFFFFFFFFFFFFFFFFFFFFFFFFFFFC3
:20FD6000FFFFFFFFFFFFFFFFFFFFFFFFFFFFFFFFFFFFFFFFFFFFFFFFFFFFFFFFFFFFFFFFA3
:20FD8000FFFFFFFFFFFFFFFFFFFFFFFFFFFFFFFFFFFFFFFFFFFFFFFFFFFFFFFFFFFFFFFF83
:20FDA000FFFFFFFFFFFFFFFFFFFFFFFFFFFFFFFFFFFFFFFFFFFFFFFFFFFFFFFFFFFFFFFF63
:20FDC000FFFFFFFFFFFFFFFFFFFFFFFFFFFFFFFFFFFFFFFFFFFFFFFFFFFFFFFFFFFFFFFF43
:20FDE000FFFFFFFFFFFFFFFFFFFFFFFFFFFFFFFFFFFFFFFFFFFFFFFFFFFFFFFFFFFFFFFF23
:20FE0000FFFFFFFFFFFFFFFFFFFFFFFFFFFFFFFFFFFFFFFFFFFFFFFFFFFFFFFFFFFFFFFF02
:20FE2000FFFFFFFFFFFFFFFFFFFFFFFFFFFFFFFFFFFFFFFFFFFFFFFFFFFFFFFFFFFFFFFFE2
:20FE4000FFFFFFFFFFFFFFFFFFFFFFFFFFFFFFFFFFFFFFFFFFFFFFFFFFFFFFFFFFFFFFFFC2
:20FE6000FFFFFFFFFFFFFFFFFFFFFFFFFFFFFFFFFFFFFFFFFFFFFFFFFFFFFFFFFFFFFFFFA2
:20FE8000FFFFFFFFFFFFFFFFFFFFFFFFFFFFFFFFFFFFFFFFFFFFFFFFFFFFFFFFFFFFFFFF82
:20FEA000FFFFFFFFFFFFFFFFFFFFFFFFFFFFFFFFFFFFFFFFFFFFFFFFFFFFFFFFFFFFFFFF62
:20FEC000FFFFFFFFFFFFFFFFFFFFFFFFFFFFFFFFFFFFFFFFFFFFFFFFFFFFFFFFFFFFFFFF42
:20FEE000FFFFFFFFFFFFFFFFFFFFFFFFFFFFFFFFFFFFFFFFFFFFFFFFFFFFFFFFFFFFFFFF22
:20FF0000FFFFFFFFFFFFFFFFFFFFFFFFFFFFFFFFFFFFFFFFFFFFFFFFFFFFFFFFFFFFFFFF01
:20FF2000FFFFFFFFFFFFFFFFFFFFFFFFFFFFFFFFFFFFFFFFFFFFFFFFFFFFFFFFFFFFFFFFE1
:20FF4000FFFFFFFFFFFFFFFFFFFFFFFFFFFFFFFFFFFFFFFFFFFFFFFFFFFFFFFFFFFFFFFFC1
:20FF6000FFFFFFFFFFFFFFFFFFFFFFFFFFFFFFFFFFFFFFFFFFFFFFFFFFFFFFFFFFFFFFFFA1
:20FF8000FFFFFFFFFFFFFFFFFFFFFFFFFFFFFFFFFFFFFFFFFFFFFFFFFFFFFFFFFFFFFFFF81
:20FFA000FFFFFFFFFFFFFFFFFFFFFFFFFFFFFFFFFFFFFFFFFFFFFFFFFFFFFFFFFFFFFFFF61
:20FFC000FFFFFFFFFFFFFFFFFFFFFFFFFFFFFFFFFFFFFFFFFFFFFFFFFFFFFFFFFFFFFFFF41
:20FFE000FFFFFFFFFFFFFFFFFFFFFFFFFFFFFFFFFFFFFFFFFFFFFFFFFFFFFFFFFFFFFFFF21
:020000040803EF
:20000000FFFFFFFFFFFFFFFFFFFFFFFFFFFFFFFFFFFFFFFFFFFFFFFFFFFFFFFFFFFFFFFF00
:20002000FFFFFFFFFFFFFFFFFFFFFFFFFFFFFFFFFFFFFFFFFFFFFFFFFFFFFFFFFFFFFFFFE0
:20004000FFFFFFFFFFFFFFFFFFFFFFFFFFFFFFFFFFFFFFFFFFFFFFFFFFFFFFFFFFFFFFFFC0
:20006000FFFFFFFFFFFFFFFFFFFFFFFFFFFFFFFFFFFFFFFFFFFFFFFFFFFFFFFFFFFFFFFFA0
:20008000FFFFFFFFFFFFFFFFFFFFFFFFFFFFFFFFFFFFFFFFFFFFFFFFFFFFFFFFFFFFFFFF80
:2000A000FFFFFFFFFFFFFFFFFFFFFFFFFFFFFFFFFFFFFFFFFFFFFFFFFFFFFFFFFFFFFFFF60
:2000C000FFFFFFFFFFFFFFFFFFFFFFFFFFFFFFFFFFFFFFFFFFFFFFFFFFFFFFFFFFFFFFFF40
:2000E000FFFFFFFFFFFFFFFFFFFFFFFFFFFFFFFFFFFFFFFFFFFFFFFFFFFFFFFFFFFFFFFF20
:20010000FFFFFFFFFFFFFFFFFFFFFFFFFFFFFFFFFFFFFFFFFFFFFFFFFFFFFFFFFFFFFFFFFF
:20012000FFFFFFFFFFFFFFFFFFFFFFFFFFFFFFFFFFFFFFFFFFFFFFFFFFFFFFFFFFFFFFFFDF
:20014000FFFFFFFFFFFFFFFFFFFFFFFFFFFFFFFFFFFFFFFFFFFFFFFFFFFFFFFFFFFFFFFFBF
:20016000FFFFFFFFFFFFFFFFFFFFFFFFFFFFFFFFFFFFFFFFFFFFFFFFFFFFFFFFFFFFFFFF9F
:20018000FFFFFFFFFFFFFFFFFFFFFFFFFFFFFFFFFFFFFFFFFFFFFFFFFFFFFFFFFFFFFFFF7F
:2001A000FFFFFFFFFFFFFFFFFFFFFFFFFFFFFFFFFFFFFFFFFFFFFFFFFFFFFFFFFFFFFFFF5F
:2001C000FFFFFFFFFFFFFFFFFFFFFFFFFFFFFFFFFFFFFFFFFFFFFFFFFFFFFFFFFFFFFFFF3F
:2001E000FFFFFFFFFFFFFFFFFFFFFFFFFFFFFFFFFFFFFFFFFFFFFFFFFFFFFFFFFFFFFFFF1F
:20020000FFFFFFFFFFFFFFFFFFFFFFFFFFFFFFFFFFFFFFFFFFFFFFFFFFFFFFFFFFFFFFFFFE
:20022000FFFFFFFFFFFFFFFFFFFFFFFFFFFFFFFFFFFFFFFFFFFFFFFFFFFFFFFFFFFFFFFFDE
:20024000FFFFFFFFFFFFFFFFFFFFFFFFFFFFFFFFFFFFFFFFFFFFFFFFFFFFFFFFFFFFFFFFBE
:20026000FFFFFFFFFFFFFFFFFFFFFFFFFFFFFFFFFFFFFFFFFFFFFFFFFFFFFFFFFFFFFFFF9E
:20028000FFFFFFFFFFFFFFFFFFFFFFFFFFFFFFFFFFFFFFFFFFFFFFFFFFFFFFFFFFFFFFFF7E
:2002A000FFFFFFFFFFFFFFFFFFFFFFFFFFFFFFFFFFFFFFFFFFFFFFFFFFFFFFFFFFFFFFFF5E
:2002C000FFFFFFFFFFFFFFFFFFFFFFFFFFFFFFFFFFFFFFFFFFFFFFFFFFFFFFFFFFFFFFFF3E
:2002E000FFFFFFFFFFFFFFFFFFFFFFFFFFFFFFFFFFFFFFFFFFFFFFFFFFFFFFFFFFFFFFFF1E
:20030000FFFFFFFFFFFFFFFFFFFFFFFFFFFFFFFFFFFFFFFFFFFFFFFFFFFFFFFFFFFFFFFFFD
:20032000FFFFFFFFFFFFFFFFFFFFFFFFFFFFFFFFFFFFFFFFFFFFFFFFFFFFFFFFFFFFFFFFDD
:20034000FFFFFFFFFFFFFFFFFFFFFFFFFFFFFFFFFFFFFFFFFFFFFFFFFFFFFFFFFFFFFFFFBD
:20036000FFFFFFFFFFFFFFFFFFFFFFFFFFFFFFFFFFFFFFFFFFFFFFFFFFFFFFFFFFFFFFFF9D
:20038000FFFFFFFFFFFFFFFFFFFFFFFFFFFFFFFFFFFFFFFFFFFFFFFFFFFFFFFFFFFFFFFF7D
:2003A000FFFFFFFFFFFFFFFFFFFFFFFFFFFFFFFFFFFFFFFFFFFFFFFFFFFFFFFFFFFFFFFF5D
:2003C000FFFFFFFFFFFFFFFFFFFFFFFFFFFFFFFFFFFFFFFFFFFFFFFFFFFFFFFFFFFFFFFF3D
:2003E000FFFFFFFFFFFFFFFFFFFFFFFFFFFFFFFFFFFFFFFFFFFFFFFFFFFFFFFFFFFFFFFF1D
:20040000FFFFFFFFFFFFFFFFFFFFFFFFFFFFFFFFFFFFFFFFFFFFFFFFFFFFFFFFFFFFFFFFFC
:20042000FFFFFFFFFFFFFFFFFFFFFFFFFFFFFFFFFFFFFFFFFFFFFFFFFFFFFFFFFFFFFFFFDC
:20044000FFFFFFFFFFFFFFFFFFFFFFFFFFFFFFFFFFFFFFFFFFFFFFFFFFFFFFFFFFFFFFFFBC
:20046000FFFFFFFFFFFFFFFFFFFFFFFFFFFFFFFFFFFFFFFFFFFFFFFFFFFFFFFFFFFFFFFF9C
:20048000FFFFFFFFFFFFFFFFFFFFFFFFFFFFFFFFFFFFFFFFFFFFFFFFFFFFFFFFFFFFFFFF7C
:2004A000FFFFFFFFFFFFFFFFFFFFFFFFFFFFFFFFFFFFFFFFFFFFFFFFFFFFFFFFFFFFFFFF5C
:2004C000FFFFFFFFFFFFFFFFFFFFFFFFFFFFFFFFFFFFFFFFFFFFFFFFFFFFFFFFFFFFFFFF3C
:2004E000FFFFFFFFFFFFFFFFFFFFFFFFFFFFFFFFFFFFFFFFFFFFFFFFFFFFFFFFFFFFFFFF1C
:20050000FFFFFFFFFFFFFFFFFFFFFFFFFFFFFFFFFFFFFFFFFFFFFFFFFFFFFFFFFFFFFFFFFB
:20052000FFFFFFFFFFFFFFFFFFFFFFFFFFFFFFFFFFFFFFFFFFFFFFFFFFFFFFFFFFFFFFFFDB
:20054000FFFFFFFFFFFFFFFFFFFFFFFFFFFFFFFFFFFFFFFFFFFFFFFFFFFFFFFFFFFFFFFFBB
:20056000FFFFFFFFFFFFFFFFFFFFFFFFFFFFFFFFFFFFFFFFFFFFFFFFFFFFFFFFFFFFFFFF9B
:20058000FFFFFFFFFFFFFFFFFFFFFFFFFFFFFFFFFFFFFFFFFFFFFFFFFFFFFFFFFFFFFFFF7B
:2005A000FFFFFFFFFFFFFFFFFFFFFFFFFFFFFFFFFFFFFFFFFFFFFFFFFFFFFFFFFFFFFFFF5B
:2005C000FFFFFFFFFFFFFFFFFFFFFFFFFFFFFFFFFFFFFFFFFFFFFFFFFFFFFFFFFFFFFFFF3B
:2005E000FFFFFFFFFFFFFFFFFFFFFFFFFFFFFFFFFFFFFFFFFFFFFFFFFFFFFFFFFFFFFFFF1B
:20060000FFFFFFFFFFFFFFFFFFFFFFFFFFFFFFFFFFFFFFFFFFFFFFFFFFFFFFFFFFFFFFFFFA
:20062000FFFFFFFFFFFFFFFFFFFFFFFFFFFFFFFFFFFFFFFFFFFFFFFFFFFFFFFFFFFFFFFFDA
:20064000FFFFFFFFFFFFFFFFFFFFFFFFFFFFFFFFFFFFFFFFFFFFFFFFFFFFFFFFFFFFFFFFBA
:20066000FFFFFFFFFFFFFFFFFFFFFFFFFFFFFFFFFFFFFFFFFFFFFFFFFFFFFFFFFFFFFFFF9A
:20068000FFFFFFFFFFFFFFFFFFFFFFFFFFFFFFFFFFFFFFFFFFFFFFFFFFFFFFFFFFFFFFFF7A
:2006A000FFFFFFFFFFFFFFFFFFFFFFFFFFFFFFFFFFFFFFFFFFFFFFFFFFFFFFFFFFFFFFFF5A
:2006C000FFFFFFFFFFFFFFFFFFFFFFFFFFFFFFFFFFFFFFFFFFFFFFFFFFFFFFFFFFFFFFFF3A
:2006E000FFFFFFFFFFFFFFFFFFFFFFFFFFFFFFFFFFFFFFFFFFFFFFFFFFFFFFFFFFFFFFFF1A
:20070000FFFFFFFFFFFFFFFFFFFFFFFFFFFFFFFFFFFFFFFFFFFFFFFFFFFFFFFFFFFFFFFFF9
:20072000FFFFFFFFFFFFFFFFFFFFFFFFFFFFFFFFFFFFFFFFFFFFFFFFFFFFFFFFFFFFFFFFD9
:20074000FFFFFFFFFFFFFFFFFFFFFFFFFFFFFFFFFFFFFFFFFFFFFFFFFFFFFFFFFFFFFFFFB9
:20076000FFFFFFFFFFFFFFFFFFFFFFFFFFFFFFFFFFFFFFFFFFFFFFFFFFFFFFFFFFFFFFFF99
:20078000FFFFFFFFFFFFFFFFFFFFFFFFFFFFFFFFFFFFFFFFFFFFFFFFFFFFFFFFFFFFFFFF79
:2007A000FFFFFFFFFFFFFFFFFFFFFFFFFFFFFFFFFFFFFFFFFFFFFFFFFFFFFFFFFFFFFFFF59
:2007C000FFFFFFFFFFFFFFFFFFFFFFFFFFFFFFFFFFFFFFFFFFFFFFFFFFFFFFFFFFFFFFFF39
:2007E000FFFFFFFFFFFFFFFFFFFFFFFFFFFFFFFFFFFFFFFFFFFFFFFFFFFFFFFFFFFFFFFF19
:20080000FFFFFFFFFFFFFFFFFFFFFFFFFFFFFFFFFFFFFFFFFFFFFFFFFFFFFFFFFFFFFFFFF8
:20082000FFFFFFFFFFFFFFFFFFFFFFFFFFFFFFFFFFFFFFFFFFFFFFFFFFFFFFFFFFFFFFFFD8
:20084000FFFFFFFFFFFFFFFFFFFFFFFFFFFFFFFFFFFFFFFFFFFFFFFFFFFFFFFFFFFFFFFFB8
:20086000FFFFFFFFFFFFFFFFFFFFFFFFFFFFFFFFFFFFFFFFFFFFFFFFFFFFFFFFFFFFFFFF98
:20088000FFFFFFFFFFFFFFFFFFFFFFFFFFFFFFFFFFFFFFFFFFFFFFFFFFFFFFFFFFFFFFFF78
:2008A000FFFFFFFFFFFFFFFFFFFFFFFFFFFFFFFFFFFFFFFFFFFFFFFFFFFFFFFFFFFFFFFF58
:2008C000FFFFFFFFFFFFFFFFFFFFFFFFFFFFFFFFFFFFFFFFFFFFFFFFFFFFFFFFFFFFFFFF38
:2008E000FFFFFFFFFFFFFFFFFFFFFFFFFFFFFFFFFFFFFFFFFFFFFFFFFFFFFFFFFFFFFFFF18
:20090000FFFFFFFFFFFFFFFFFFFFFFFFFFFFFFFFFFFFFFFFFFFFFFFFFFFFFFFFFFFFFFFFF7
:20092000FFFFFFFFFFFFFFFFFFFFFFFFFFFFFFFFFFFFFFFFFFFFFFFFFFFFFFFFFFFFFFFFD7
:20094000FFFFFFFFFFFFFFFFFFFFFFFFFFFFFFFFFFFFFFFFFFFFFFFFFFFFFFFFFFFFFFFFB7
:20096000FFFFFFFFFFFFFFFFFFFFFFFFFFFFFFFFFFFFFFFFFFFFFFFFFFFFFFFFFFFFFFFF97
:20098000FFFFFFFFFFFFFFFFFFFFFFFFFFFFFFFFFFFFFFFFFFFFFFFFFFFFFFFFFFFFFFFF77
:2009A000FFFFFFFFFFFFFFFFFFFFFFFFFFFFFFFFFFFFFFFFFFFFFFFFFFFFFFFFFFFFFFFF57
:2009C000FFFFFFFFFFFFFFFFFFFFFFFFFFFFFFFFFFFFFFFFFFFFFFFFFFFFFFFFFFFFFFFF37
:2009E000FFFFFFFFFFFFFFFFFFFFFFFFFFFFFFFFFFFFFFFFFFFFFFFFFFFFFFFFFFFFFFFF17
:200A0000FFFFFFFFFFFFFFFFFFFFFFFFFFFFFFFFFFFFFFFFFFFFFFFFFFFFFFFFFFFFFFFFF6
:200A2000FFFFFFFFFFFFFFFFFFFFFFFFFFFFFFFFFFFFFFFFFFFFFFFFFFFFFFFFFFFFFFFFD6
:200A4000FFFFFFFFFFFFFFFFFFFFFFFFFFFFFFFFFFFFFFFFFFFFFFFFFFFFFFFFFFFFFFFFB6
:200A6000FFFFFFFFFFFFFFFFFFFFFFFFFFFFFFFFFFFFFFFFFFFFFFFFFFFFFFFFFFFFFFFF96
:200A8000FFFFFFFFFFFFFFFFFFFFFFFFFFFFFFFFFFFFFFFFFFFFFFFFFFFFFFFFFFFFFFFF76
:200AA000FFFFFFFFFFFFFFFFFFFFFFFFFFFFFFFFFFFFFFFFFFFFFFFFFFFFFFFFFFFFFFFF56
:200AC000FFFFFFFFFFFFFFFFFFFFFFFFFFFFFFFFFFFFFFFFFFFFFFFFFFFFFFFFFFFFFFFF36
:200AE000FFFFFFFFFFFFFFFFFFFFFFFFFFFFFFFFFFFFFFFFFFFFFFFFFFFFFFFFFFFFFFFF16
:200B0000FFFFFFFFFFFFFFFFFFFFFFFFFFFFFFFFFFFFFFFFFFFFFFFFFFFFFFFFFFFFFFFFF5
:200B2000FFFFFFFFFFFFFFFFFFFFFFFFFFFFFFFFFFFFFFFFFFFFFFFFFFFFFFFFFFFFFFFFD5
:200B4000FFFFFFFFFFFFFFFFFFFFFFFFFFFFFFFFFFFFFFFFFFFFFFFFFFFFFFFFFFFFFFFFB5
:200B6000FFFFFFFFFFFFFFFFFFFFFFFFFFFFFFFFFFFFFFFFFFFFFFFFFFFFFFFFFFFFFFFF95
:200B8000FFFFFFFFFFFFFFFFFFFFFFFFFFFFFFFFFFFFFFFFFFFFFFFFFFFFFFFFFFFFFFFF75
:200BA000FFFFFFFFFFFFFFFFFFFFFFFFFFFFFFFFFFFFFFFFFFFFFFFFFFFFFFFFFFFFFFFF55
:200BC000FFFFFFFFFFFFFFFFFFFFFFFFFFFFFFFFFFFFFFFFFFFFFFFFFFFFFFFFFFFFFFFF35
:200BE000FFFFFFFFFFFFFFFFFFFFFFFFFFFFFFFFFFFFFFFFFFFFFFFFFFFFFFFFFFFFFFFF15
:200C0000FFFFFFFFFFFFFFFFFFFFFFFFFFFFFFFFFFFFFFFFFFFFFFFFFFFFFFFFFFFFFFFFF4
:200C2000FFFFFFFFFFFFFFFFFFFFFFFFFFFFFFFFFFFFFFFFFFFFFFFFFFFFFFFFFFFFFFFFD4
:200C4000FFFFFFFFFFFFFFFFFFFFFFFFFFFFFFFFFFFFFFFFFFFFFFFFFFFFFFFFFFFFFFFFB4
:200C6000FFFFFFFFFFFFFFFFFFFFFFFFFFFFFFFFFFFFFFFFFFFFFFFFFFFFFFFFFFFFFFFF94
:200C8000FFFFFFFFFFFFFFFFFFFFFFFFFFFFFFFFFFFFFFFFFFFFFFFFFFFFFFFFFFFFFFFF74
:200CA000FFFFFFFFFFFFFFFFFFFFFFFFFFFFFFFFFFFFFFFFFFFFFFFFFFFFFFFFFFFFFFFF54
:200CC000FFFFFFFFFFFFFFFFFFFFFFFFFFFFFFFFFFFFFFFFFFFFFFFFFFFFFFFFFFFFFFFF34
:200CE000FFFFFFFFFFFFFFFFFFFFFFFFFFFFFFFFFFFFFFFFFFFFFFFFFFFFFFFFFFFFFFFF14
:200D0000FFFFFFFFFFFFFFFFFFFFFFFFFFFFFFFFFFFFFFFFFFFFFFFFFFFFFFFFFFFFFFFFF3
:200D2000FFFFFFFFFFFFFFFFFFFFFFFFFFFFFFFFFFFFFFFFFFFFFFFFFFFFFFFFFFFFFFFFD3
:200D4000FFFFFFFFFFFFFFFFFFFFFFFFFFFFFFFFFFFFFFFFFFFFFFFFFFFFFFFFFFFFFFFFB3
:200D6000FFFFFFFFFFFFFFFFFFFFFFFFFFFFFFFFFFFFFFFFFFFFFFFFFFFFFFFFFFFFFFFF93
:200D8000FFFFFFFFFFFFFFFFFFFFFFFFFFFFFFFFFFFFFFFFFFFFFFFFFFFFFFFFFFFFFFFF73
:200DA000FFFFFFFFFFFFFFFFFFFFFFFFFFFFFFFFFFFFFFFFFFFFFFFFFFFFFFFFFFFFFFFF53
:200DC000FFFFFFFFFFFFFFFFFFFFFFFFFFFFFFFFFFFFFFFFFFFFFFFFFFFFFFFFFFFFFFFF33
:200DE000FFFFFFFFFFFFFFFFFFFFFFFFFFFFFFFFFFFFFFFFFFFFFFFFFFFFFFFFFFFFFFFF13
:200E0000FFFFFFFFFFFFFFFFFFFFFFFFFFFFFFFFFFFFFFFFFFFFFFFFFFFFFFFFFFFFFFFFF2
:200E2000FFFFFFFFFFFFFFFFFFFFFFFFFFFFFFFFFFFFFFFFFFFFFFFFFFFFFFFFFFFFFFFFD2
:200E4000FFFFFFFFFFFFFFFFFFFFFFFFFFFFFFFFFFFFFFFFFFFFFFFFFFFFFFFFFFFFFFFFB2
:200E6000FFFFFFFFFFFFFFFFFFFFFFFFFFFFFFFFFFFFFFFFFFFFFFFFFFFFFFFFFFFFFFFF92
:200E8000FFFFFFFFFFFFFFFFFFFFFFFFFFFFFFFFFFFFFFFFFFFFFFFFFFFFFFFFFFFFFFFF72
:200EA000FFFFFFFFFFFFFFFFFFFFFFFFFFFFFFFFFFFFFFFFFFFFFFFFFFFFFFFFFFFFFFFF52
:200EC000FFFFFFFFFFFFFFFFFFFFFFFFFFFFFFFFFFFFFFFFFFFFFFFFFFFFFFFFFFFFFFFF32
:200EE000FFFFFFFFFFFFFFFFFFFFFFFFFFFFFFFFFFFFFFFFFFFFFFFFFFFFFFFFFFFFFFFF12
:200F0000FFFFFFFFFFFFFFFFFFFFFFFFFFFFFFFFFFFFFFFFFFFFFFFFFFFFFFFFFFFFFFFFF1
:200F2000FFFFFFFFFFFFFFFFFFFFFFFFFFFFFFFFFFFFFFFFFFFFFFFFFFFFFFFFFFFFFFFFD1
:200F4000FFFFFFFFFFFFFFFFFFFFFFFFFFFFFFFFFFFFFFFFFFFFFFFFFFFFFFFFFFFFFFFFB1
:200F6000FFFFFFFFFFFFFFFFFFFFFFFFFFFFFFFFFFFFFFFFFFFFFFFFFFFFFFFFFFFFFFFF91
:200F8000FFFFFFFFFFFFFFFFFFFFFFFFFFFFFFFFFFFFFFFFFFFFFFFFFFFFFFFFFFFFFFFF71
:200FA000FFFFFFFFFFFFFFFFFFFFFFFFFFFFFFFFFFFFFFFFFFFFFFFFFFFFFFFFFFFFFFFF51
:200FC000FFFFFFFFFFFFFFFFFFFFFFFFFFFFFFFFFFFFFFFFFFFFFFFFFFFFFFFFFFFFFFFF31
:200FE000FFFFFFFFFFFFFFFFFFFFFFFFFFFFFFFFFFFFFFFFFFFFFFFFFFFFFFFFFFFFFFFF11
:20100000FFFFFFFFFFFFFFFFFFFFFFFFFFFFFFFFFFFFFFFFFFFFFFFFFFFFFFFFFFFFFFFFF0
:20102000FFFFFFFFFFFFFFFFFFFFFFFFFFFFFFFFFFFFFFFFFFFFFFFFFFFFFFFFFFFFFFFFD0
:20104000FFFFFFFFFFFFFFFFFFFFFFFFFFFFFFFFFFFFFFFFFFFFFFFFFFFFFFFFFFFFFFFFB0
:20106000FFFFFFFFFFFFFFFFFFFFFFFFFFFFFFFFFFFFFFFFFFFFFFFFFFFFFFFFFFFFFFFF90
:20108000FFFFFFFFFFFFFFFFFFFFFFFFFFFFFFFFFFFFFFFFFFFFFFFFFFFFFFFFFFFFFFFF70
:2010A000FFFFFFFFFFFFFFFFFFFFFFFFFFFFFFFFFFFFFFFFFFFFFFFFFFFFFFFFFFFFFFFF50
:2010C000FFFFFFFFFFFFFFFFFFFFFFFFFFFFFFFFFFFFFFFFFFFFFFFFFFFFFFFFFFFFFFFF30
:2010E000FFFFFFFFFFFFFFFFFFFFFFFFFFFFFFFFFFFFFFFFFFFFFFFFFFFFFFFFFFFFFFFF10
:20110000FFFFFFFFFFFFFFFFFFFFFFFFFFFFFFFFFFFFFFFFFFFFFFFFFFFFFFFFFFFFFFFFEF
:20112000FFFFFFFFFFFFFFFFFFFFFFFFFFFFFFFFFFFFFFFFFFFFFFFFFFFFFFFFFFFFFFFFCF
:20114000FFFFFFFFFFFFFFFFFFFFFFFFFFFFFFFFFFFFFFFFFFFFFFFFFFFFFFFFFFFFFFFFAF
:20116000FFFFFFFFFFFFFFFFFFFFFFFFFFFFFFFFFFFFFFFFFFFFFFFFFFFFFFFFFFFFFFFF8F
:20118000FFFFFFFFFFFFFFFFFFFFFFFFFFFFFFFFFFFFFFFFFFFFFFFFFFFFFFFFFFFFFFFF6F
:2011A000FFFFFFFFFFFFFFFFFFFFFFFFFFFFFFFFFFFFFFFFFFFFFFFFFFFFFFFFFFFFFFFF4F
:2011C000FFFFFFFFFFFFFFFFFFFFFFFFFFFFFFFFFFFFFFFFFFFFFFFFFFFFFFFFFFFFFFFF2F
:2011E000FFFFFFFFFFFFFFFFFFFFFFFFFFFFFFFFFFFFFFFFFFFFFFFFFFFFFFFFFFFFFFFF0F
:20120000FFFFFFFFFFFFFFFFFFFFFFFFFFFFFFFFFFFFFFFFFFFFFFFFFFFFFFFFFFFFFFFFEE
:20122000FFFFFFFFFFFFFFFFFFFFFFFFFFFFFFFFFFFFFFFFFFFFFFFFFFFFFFFFFFFFFFFFCE
:20124000FFFFFFFFFFFFFFFFFFFFFFFFFFFFFFFFFFFFFFFFFFFFFFFFFFFFFFFFFFFFFFFFAE
:20126000FFFFFFFFFFFFFFFFFFFFFFFFFFFFFFFFFFFFFFFFFFFFFFFFFFFFFFFFFFFFFFFF8E
:20128000FFFFFFFFFFFFFFFFFFFFFFFFFFFFFFFFFFFFFFFFFFFFFFFFFFFFFFFFFFFFFFFF6E
:2012A000FFFFFFFFFFFFFFFFFFFFFFFFFFFFFFFFFFFFFFFFFFFFFFFFFFFFFFFFFFFFFFFF4E
:2012C000FFFFFFFFFFFFFFFFFFFFFFFFFFFFFFFFFFFFFFFFFFFFFFFFFFFFFFFFFFFFFFFF2E
:2012E000FFFFFFFFFFFFFFFFFFFFFFFFFFFFFFFFFFFFFFFFFFFFFFFFFFFFFFFFFFFFFFFF0E
:20130000FFFFFFFFFFFFFFFFFFFFFFFFFFFFFFFFFFFFFFFFFFFFFFFFFFFFFFFFFFFFFFFFED
:20132000FFFFFFFFFFFFFFFFFFFFFFFFFFFFFFFFFFFFFFFFFFFFFFFFFFFFFFFFFFFFFFFFCD
:20134000FFFFFFFFFFFFFFFFFFFFFFFFFFFFFFFFFFFFFFFFFFFFFFFFFFFFFFFFFFFFFFFFAD
:20136000FFFFFFFFFFFFFFFFFFFFFFFFFFFFFFFFFFFFFFFFFFFFFFFFFFFFFFFFFFFFFFFF8D
:20138000FFFFFFFFFFFFFFFFFFFFFFFFFFFFFFFFFFFFFFFFFFFFFFFFFFFFFFFFFFFFFFFF6D
:2013A000FFFFFFFFFFFFFFFFFFFFFFFFFFFFFFFFFFFFFFFFFFFFFFFFFFFFFFFFFFFFFFFF4D
:2013C000FFFFFFFFFFFFFFFFFFFFFFFFFFFFFFFFFFFFFFFFFFFFFFFFFFFFFFFFFFFFFFFF2D
:2013E000FFFFFFFFFFFFFFFFFFFFFFFFFFFFFFFFFFFFFFFFFFFFFFFFFFFFFFFFFFFFFFFF0D
:20140000FFFFFFFFFFFFFFFFFFFFFFFFFFFFFFFFFFFFFFFFFFFFFFFFFFFFFFFFFFFFFFFFEC
:20142000FFFFFFFFFFFFFFFFFFFFFFFFFFFFFFFFFFFFFFFFFFFFFFFFFFFFFFFFFFFFFFFFCC
:20144000FFFFFFFFFFFFFFFFFFFFFFFFFFFFFFFFFFFFFFFFFFFFFFFFFFFFFFFFFFFFFFFFAC
:20146000FFFFFFFFFFFFFFFFFFFFFFFFFFFFFFFFFFFFFFFFFFFFFFFFFFFFFFFFFFFFFFFF8C
:20148000FFFFFFFFFFFFFFFFFFFFFFFFFFFFFFFFFFFFFFFFFFFFFFFFFFFFFFFFFFFFFFFF6C
:2014A000FFFFFFFFFFFFFFFFFFFFFFFFFFFFFFFFFFFFFFFFFFFFFFFFFFFFFFFFFFFFFFFF4C
:2014C000FFFFFFFFFFFFFFFFFFFFFFFFFFFFFFFFFFFFFFFFFFFFFFFFFFFFFFFFFFFFFFFF2C
:2014E000FFFFFFFFFFFFFFFFFFFFFFFFFFFFFFFFFFFFFFFFFFFFFFFFFFFFFFFFFFFFFFFF0C
:20150000FFFFFFFFFFFFFFFFFFFFFFFFFFFFFFFFFFFFFFFFFFFFFFFFFFFFFFFFFFFFFFFFEB
:20152000FFFFFFFFFFFFFFFFFFFFFFFFFFFFFFFFFFFFFFFFFFFFFFFFFFFFFFFFFFFFFFFFCB
:20154000FFFFFFFFFFFFFFFFFFFFFFFFFFFFFFFFFFFFFFFFFFFFFFFFFFFFFFFFFFFFFFFFAB
:20156000FFFFFFFFFFFFFFFFFFFFFFFFFFFFFFFFFFFFFFFFFFFFFFFFFFFFFFFFFFFFFFFF8B
:20158000FFFFFFFFFFFFFFFFFFFFFFFFFFFFFFFFFFFFFFFFFFFFFFFFFFFFFFFFFFFFFFFF6B
:2015A000FFFFFFFFFFFFFFFFFFFFFFFFFFFFFFFFFFFFFFFFFFFFFFFFFFFFFFFFFFFFFFFF4B
:2015C000FFFFFFFFFFFFFFFFFFFFFFFFFFFFFFFFFFFFFFFFFFFFFFFFFFFFFFFFFFFFFFFF2B
:2015E000FFFFFFFFFFFFFFFFFFFFFFFFFFFFFFFFFFFFFFFFFFFFFFFFFFFFFFFFFFFFFFFF0B
:20160000FFFFFFFFFFFFFFFFFFFFFFFFFFFFFFFFFFFFFFFFFFFFFFFFFFFFFFFFFFFFFFFFEA
:20162000FFFFFFFFFFFFFFFFFFFFFFFFFFFFFFFFFFFFFFFFFFFFFFFFFFFFFFFFFFFFFFFFCA
:20164000FFFFFFFFFFFFFFFFFFFFFFFFFFFFFFFFFFFFFFFFFFFFFFFFFFFFFFFFFFFFFFFFAA
:20166000FFFFFFFFFFFFFFFFFFFFFFFFFFFFFFFFFFFFFFFFFFFFFFFFFFFFFFFFFFFFFFFF8A
:20168000FFFFFFFFFFFFFFFFFFFFFFFFFFFFFFFFFFFFFFFFFFFFFFFFFFFFFFFFFFFFFFFF6A
:2016A000FFFFFFFFFFFFFFFFFFFFFFFFFFFFFFFFFFFFFFFFFFFFFFFFFFFFFFFFFFFFFFFF4A
:2016C000FFFFFFFFFFFFFFFFFFFFFFFFFFFFFFFFFFFFFFFFFFFFFFFFFFFFFFFFFFFFFFFF2A
:2016E000FFFFFFFFFFFFFFFFFFFFFFFFFFFFFFFFFFFFFFFFFFFFFFFFFFFFFFFFFFFFFFFF0A
:20170000FFFFFFFFFFFFFFFFFFFFFFFFFFFFFFFFFFFFFFFFFFFFFFFFFFFFFFFFFFFFFFFFE9
:20172000FFFFFFFFFFFFFFFFFFFFFFFFFFFFFFFFFFFFFFFFFFFFFFFFFFFFFFFFFFFFFFFFC9
:20174000FFFFFFFFFFFFFFFFFFFFFFFFFFFFFFFFFFFFFFFFFFFFFFFFFFFFFFFFFFFFFFFFA9
:20176000FFFFFFFFFFFFFFFFFFFFFFFFFFFFFFFFFFFFFFFFFFFFFFFFFFFFFFFFFFFFFFFF89
:20178000FFFFFFFFFFFFFFFFFFFFFFFFFFFFFFFFFFFFFFFFFFFFFFFFFFFFFFFFFFFFFFFF69
:2017A000FFFFFFFFFFFFFFFFFFFFFFFFFFFFFFFFFFFFFFFFFFFFFFFFFFFFFFFFFFFFFFFF49
:2017C000FFFFFFFFFFFFFFFFFFFFFFFFFFFFFFFFFFFFFFFFFFFFFFFFFFFFFFFFFFFFFFFF29
:2017E000FFFFFFFFFFFFFFFFFFFFFFFFFFFFFFFFFFFFFFFFFFFFFFFFFFFFFFFFFFFFFFFF09
:20180000FFFFFFFFFFFFFFFFFFFFFFFFFFFFFFFFFFFFFFFFFFFFFFFFFFFFFFFFFFFFFFFFE8
:20182000FFFFFFFFFFFFFFFFFFFFFFFFFFFFFFFFFFFFFFFFFFFFFFFFFFFFFFFFFFFFFFFFC8
:20184000FFFFFFFFFFFFFFFFFFFFFFFFFFFFFFFFFFFFFFFFFFFFFFFFFFFFFFFFFFFFFFFFA8
:20186000FFFFFFFFFFFFFFFFFFFFFFFFFFFFFFFFFFFFFFFFFFFFFFFFFFFFFFFFFFFFFFFF88
:20188000FFFFFFFFFFFFFFFFFFFFFFFFFFFFFFFFFFFFFFFFFFFFFFFFFFFFFFFFFFFFFFFF68
:2018A000FFFFFFFFFFFFFFFFFFFFFFFFFFFFFFFFFFFFFFFFFFFFFFFFFFFFFFFFFFFFFFFF48
:2018C000FFFFFFFFFFFFFFFFFFFFFFFFFFFFFFFFFFFFFFFFFFFFFFFFFFFFFFFFFFFFFFFF28
:2018E000FFFFFFFFFFFFFFFFFFFFFFFFFFFFFFFFFFFFFFFFFFFFFFFFFFFFFFFFFFFFFFFF08
:20190000FFFFFFFFFFFFFFFFFFFFFFFFFFFFFFFFFFFFFFFFFFFFFFFFFFFFFFFFFFFFFFFFE7
:20192000FFFFFFFFFFFFFFFFFFFFFFFFFFFFFFFFFFFFFFFFFFFFFFFFFFFFFFFFFFFFFFFFC7
:20194000FFFFFFFFFFFFFFFFFFFFFFFFFFFFFFFFFFFFFFFFFFFFFFFFFFFFFFFFFFFFFFFFA7
:20196000FFFFFFFFFFFFFFFFFFFFFFFFFFFFFFFFFFFFFFFFFFFFFFFFFFFFFFFFFFFFFFFF87
:20198000FFFFFFFFFFFFFFFFFFFFFFFFFFFFFFFFFFFFFFFFFFFFFFFFFFFFFFFFFFFFFFFF67
:2019A000FFFFFFFFFFFFFFFFFFFFFFFFFFFFFFFFFFFFFFFFFFFFFFFFFFFFFFFFFFFFFFFF47
:2019C000FFFFFFFFFFFFFFFFFFFFFFFFFFFFFFFFFFFFFFFFFFFFFFFFFFFFFFFFFFFFFFFF27
:2019E000FFFFFFFFFFFFFFFFFFFFFFFFFFFFFFFFFFFFFFFFFFFFFFFFFFFFFFFFFFFFFFFF07
:201A0000FFFFFFFFFFFFFFFFFFFFFFFFFFFFFFFFFFFFFFFFFFFFFFFFFFFFFFFFFFFFFFFFE6
:201A2000FFFFFFFFFFFFFFFFFFFFFFFFFFFFFFFFFFFFFFFFFFFFFFFFFFFFFFFFFFFFFFFFC6
:201A4000FFFFFFFFFFFFFFFFFFFFFFFFFFFFFFFFFFFFFFFFFFFFFFFFFFFFFFFFFFFFFFFFA6
:201A6000FFFFFFFFFFFFFFFFFFFFFFFFFFFFFFFFFFFFFFFFFFFFFFFFFFFFFFFFFFFFFFFF86
:201A8000FFFFFFFFFFFFFFFFFFFFFFFFFFFFFFFFFFFFFFFFFFFFFFFFFFFFFFFFFFFFFFFF66
:201AA000FFFFFFFFFFFFFFFFFFFFFFFFFFFFFFFFFFFFFFFFFFFFFFFFFFFFFFFFFFFFFFFF46
:201AC000FFFFFFFFFFFFFFFFFFFFFFFFFFFFFFFFFFFFFFFFFFFFFFFFFFFFFFFFFFFFFFFF26
:201AE000FFFFFFFFFFFFFFFFFFFFFFFFFFFFFFFFFFFFFFFFFFFFFFFFFFFFFFFFFFFFFFFF06
:201B0000FFFFFFFFFFFFFFFFFFFFFFFFFFFFFFFFFFFFFFFFFFFFFFFFFFFFFFFFFFFFFFFFE5
:201B2000FFFFFFFFFFFFFFFFFFFFFFFFFFFFFFFFFFFFFFFFFFFFFFFFFFFFFFFFFFFFFFFFC5
:201B4000FFFFFFFFFFFFFFFFFFFFFFFFFFFFFFFFFFFFFFFFFFFFFFFFFFFFFFFFFFFFFFFFA5
:201B6000FFFFFFFFFFFFFFFFFFFFFFFFFFFFFFFFFFFFFFFFFFFFFFFFFFFFFFFFFFFFFFFF85
:201B8000FFFFFFFFFFFFFFFFFFFFFFFFFFFFFFFFFFFFFFFFFFFFFFFFFFFFFFFFFFFFFFFF65
:201BA000FFFFFFFFFFFFFFFFFFFFFFFFFFFFFFFFFFFFFFFFFFFFFFFFFFFFFFFFFFFFFFFF45
:201BC000FFFFFFFFFFFFFFFFFFFFFFFFFFFFFFFFFFFFFFFFFFFFFFFFFFFFFFFFFFFFFFFF25
:201BE000FFFFFFFFFFFFFFFFFFFFFFFFFFFFFFFFFFFFFFFFFFFFFFFFFFFFFFFFFFFFFFFF05
:201C0000FFFFFFFFFFFFFFFFFFFFFFFFFFFFFFFFFFFFFFFFFFFFFFFFFFFFFFFFFFFFFFFFE4
:201C2000FFFFFFFFFFFFFFFFFFFFFFFFFFFFFFFFFFFFFFFFFFFFFFFFFFFFFFFFFFFFFFFFC4
:201C4000FFFFFFFFFFFFFFFFFFFFFFFFFFFFFFFFFFFFFFFFFFFFFFFFFFFFFFFFFFFFFFFFA4
:201C6000FFFFFFFFFFFFFFFFFFFFFFFFFFFFFFFFFFFFFFFFFFFFFFFFFFFFFFFFFFFFFFFF84
:201C8000FFFFFFFFFFFFFFFFFFFFFFFFFFFFFFFFFFFFFFFFFFFFFFFFFFFFFFFFFFFFFFFF64
:201CA000FFFFFFFFFFFFFFFFFFFFFFFFFFFFFFFFFFFFFFFFFFFFFFFFFFFFFFFFFFFFFFFF44
:201CC000FFFFFFFFFFFFFFFFFFFFFFFFFFFFFFFFFFFFFFFFFFFFFFFFFFFFFFFFFFFFFFFF24
:201CE000FFFFFFFFFFFFFFFFFFFFFFFFFFFFFFFFFFFFFFFFFFFFFFFFFFFFFFFFFFFFFFFF04
:201D0000FFFFFFFFFFFFFFFFFFFFFFFFFFFFFFFFFFFFFFFFFFFFFFFFFFFFFFFFFFFFFFFFE3
:201D2000FFFFFFFFFFFFFFFFFFFFFFFFFFFFFFFFFFFFFFFFFFFFFFFFFFFFFFFFFFFFFFFFC3
:201D4000FFFFFFFFFFFFFFFFFFFFFFFFFFFFFFFFFFFFFFFFFFFFFFFFFFFFFFFFFFFFFFFFA3
:201D6000FFFFFFFFFFFFFFFFFFFFFFFFFFFFFFFFFFFFFFFFFFFFFFFFFFFFFFFFFFFFFFFF83
:201D8000FFFFFFFFFFFFFFFFFFFFFFFFFFFFFFFFFFFFFFFFFFFFFFFFFFFFFFFFFFFFFFFF63
:201DA000FFFFFFFFFFFFFFFFFFFFFFFFFFFFFFFFFFFFFFFFFFFFFFFFFFFFFFFFFFFFFFFF43
:201DC000FFFFFFFFFFFFFFFFFFFFFFFFFFFFFFFFFFFFFFFFFFFFFFFFFFFFFFFFFFFFFFFF23
:201DE000FFFFFFFFFFFFFFFFFFFFFFFFFFFFFFFFFFFFFFFFFFFFFFFFFFFFFFFFFFFFFFFF03
:201E0000FFFFFFFFFFFFFFFFFFFFFFFFFFFFFFFFFFFFFFFFFFFFFFFFFFFFFFFFFFFFFFFFE2
:201E2000FFFFFFFFFFFFFFFFFFFFFFFFFFFFFFFFFFFFFFFFFFFFFFFFFFFFFFFFFFFFFFFFC2
:201E4000FFFFFFFFFFFFFFFFFFFFFFFFFFFFFFFFFFFFFFFFFFFFFFFFFFFFFFFFFFFFFFFFA2
:201E6000FFFFFFFFFFFFFFFFFFFFFFFFFFFFFFFFFFFFFFFFFFFFFFFFFFFFFFFFFFFFFFFF82
:201E8000FFFFFFFFFFFFFFFFFFFFFFFFFFFFFFFFFFFFFFFFFFFFFFFFFFFFFFFFFFFFFFFF62
:201EA000FFFFFFFFFFFFFFFFFFFFFFFFFFFFFFFFFFFFFFFFFFFFFFFFFFFFFFFFFFFFFFFF42
:201EC000FFFFFFFFFFFFFFFFFFFFFFFFFFFFFFFFFFFFFFFFFFFFFFFFFFFFFFFFFFFFFFFF22
:201EE000FFFFFFFFFFFFFFFFFFFFFFFFFFFFFFFFFFFFFFFFFFFFFFFFFFFFFFFFFFFFFFFF02
:201F0000FFFFFFFFFFFFFFFFFFFFFFFFFFFFFFFFFFFFFFFFFFFFFFFFFFFFFFFFFFFFFFFFE1
:201F2000FFFFFFFFFFFFFFFFFFFFFFFFFFFFFFFFFFFFFFFFFFFFFFFFFFFFFFFFFFFFFFFFC1
:201F4000FFFFFFFFFFFFFFFFFFFFFFFFFFFFFFFFFFFFFFFFFFFFFFFFFFFFFFFFFFFFFFFFA1
:201F6000FFFFFFFFFFFFFFFFFFFFFFFFFFFFFFFFFFFFFFFFFFFFFFFFFFFFFFFFFFFFFFFF81
:201F8000FFFFFFFFFFFFFFFFFFFFFFFFFFFFFFFFFFFFFFFFFFFFFFFFFFFFFFFFFFFFFFFF61
:201FA000FFFFFFFFFFFFFFFFFFFFFFFFFFFFFFFFFFFFFFFFFFFFFFFFFFFFFFFFFFFFFFFF41
:201FC000FFFFFFFFFFFFFFFFFFFFFFFFFFFFFFFFFFFFFFFFFFFFFFFFFFFFFFFFFFFFFFFF21
:201FE000FFFFFFFFFFFFFFFFFFFFFFFFFFFFFFFFFFFFFFFFFFFFFFFFFFFFFFFFFFFFFFFF01
:20200000FFFFFFFFFFFFFFFFFFFFFFFFFFFFFFFFFFFFFFFFFFFFFFFFFFFFFFFFFFFFFFFFE0
:20202000FFFFFFFFFFFFFFFFFFFFFFFFFFFFFFFFFFFFFFFFFFFFFFFFFFFFFFFFFFFFFFFFC0
:20204000FFFFFFFFFFFFFFFFFFFFFFFFFFFFFFFFFFFFFFFFFFFFFFFFFFFFFFFFFFFFFFFFA0
:20206000FFFFFFFFFFFFFFFFFFFFFFFFFFFFFFFFFFFFFFFFFFFFFFFFFFFFFFFFFFFFFFFF80
:20208000FFFFFFFFFFFFFFFFFFFFFFFFFFFFFFFFFFFFFFFFFFFFFFFFFFFFFFFFFFFFFFFF60
:2020A000FFFFFFFFFFFFFFFFFFFFFFFFFFFFFFFFFFFFFFFFFFFFFFFFFFFFFFFFFFFFFFFF40
:2020C000FFFFFFFFFFFFFFFFFFFFFFFFFFFFFFFFFFFFFFFFFFFFFFFFFFFFFFFFFFFFFFFF20
:2020E000FFFFFFFFFFFFFFFFFFFFFFFFFFFFFFFFFFFFFFFFFFFFFFFFFFFFFFFFFFFFFFFF00
:20210000FFFFFFFFFFFFFFFFFFFFFFFFFFFFFFFFFFFFFFFFFFFFFFFFFFFFFFFFFFFFFFFFDF
:20212000FFFFFFFFFFFFFFFFFFFFFFFFFFFFFFFFFFFFFFFFFFFFFFFFFFFFFFFFFFFFFFFFBF
:20214000FFFFFFFFFFFFFFFFFFFFFFFFFFFFFFFFFFFFFFFFFFFFFFFFFFFFFFFFFFFFFFFF9F
:20216000FFFFFFFFFFFFFFFFFFFFFFFFFFFFFFFFFFFFFFFFFFFFFFFFFFFFFFFFFFFFFFFF7F
:20218000FFFFFFFFFFFFFFFFFFFFFFFFFFFFFFFFFFFFFFFFFFFFFFFFFFFFFFFFFFFFFFFF5F
:2021A000FFFFFFFFFFFFFFFFFFFFFFFFFFFFFFFFFFFFFFFFFFFFFFFFFFFFFFFFFFFFFFFF3F
:2021C000FFFFFFFFFFFFFFFFFFFFFFFFFFFFFFFFFFFFFFFFFFFFFFFFFFFFFFFFFFFFFFFF1F
:2021E000FFFFFFFFFFFFFFFFFFFFFFFFFFFFFFFFFFFFFFFFFFFFFFFFFFFFFFFFFFFFFFFFFF
:20220000FFFFFFFFFFFFFFFFFFFFFFFFFFFFFFFFFFFFFFFFFFFFFFFFFFFFFFFFFFFFFFFFDE
:20222000FFFFFFFFFFFFFFFFFFFFFFFFFFFFFFFFFFFFFFFFFFFFFFFFFFFFFFFFFFFFFFFFBE
:20224000FFFFFFFFFFFFFFFFFFFFFFFFFFFFFFFFFFFFFFFFFFFFFFFFFFFFFFFFFFFFFFFF9E
:20226000FFFFFFFFFFFFFFFFFFFFFFFFFFFFFFFFFFFFFFFFFFFFFFFFFFFFFFFFFFFFFFFF7E
:20228000FFFFFFFFFFFFFFFFFFFFFFFFFFFFFFFFFFFFFFFFFFFFFFFFFFFFFFFFFFFFFFFF5E
:2022A000FFFFFFFFFFFFFFFFFFFFFFFFFFFFFFFFFFFFFFFFFFFFFFFFFFFFFFFFFFFFFFFF3E
:2022C000FFFFFFFFFFFFFFFFFFFFFFFFFFFFFFFFFFFFFFFFFFFFFFFFFFFFFFFFFFFFFFFF1E
:2022E000FFFFFFFFFFFFFFFFFFFFFFFFFFFFFFFFFFFFFFFFFFFFFFFFFFFFFFFFFFFFFFFFFE
:20230000FFFFFFFFFFFFFFFFFFFFFFFFFFFFFFFFFFFFFFFFFFFFFFFFFFFFFFFFFFFFFFFFDD
:20232000FFFFFFFFFFFFFFFFFFFFFFFFFFFFFFFFFFFFFFFFFFFFFFFFFFFFFFFFFFFFFFFFBD
:20234000FFFFFFFFFFFFFFFFFFFFFFFFFFFFFFFFFFFFFFFFFFFFFFFFFFFFFFFFFFFFFFFF9D
:20236000FFFFFFFFFFFFFFFFFFFFFFFFFFFFFFFFFFFFFFFFFFFFFFFFFFFFFFFFFFFFFFFF7D
:20238000FFFFFFFFFFFFFFFFFFFFFFFFFFFFFFFFFFFFFFFFFFFFFFFFFFFFFFFFFFFFFFFF5D
:2023A000FFFFFFFFFFFFFFFFFFFFFFFFFFFFFFFFFFFFFFFFFFFFFFFFFFFFFFFFFFFFFFFF3D
:2023C000FFFFFFFFFFFFFFFFFFFFFFFFFFFFFFFFFFFFFFFFFFFFFFFFFFFFFFFFFFFFFFFF1D
:2023E000FFFFFFFFFFFFFFFFFFFFFFFFFFFFFFFFFFFFFFFFFFFFFFFFFFFFFFFFFFFFFFFFFD
:20240000FFFFFFFFFFFFFFFFFFFFFFFFFFFFFFFFFFFFFFFFFFFFFFFFFFFFFFFFFFFFFFFFDC
:20242000FFFFFFFFFFFFFFFFFFFFFFFFFFFFFFFFFFFFFFFFFFFFFFFFFFFFFFFFFFFFFFFFBC
:20244000FFFFFFFFFFFFFFFFFFFFFFFFFFFFFFFFFFFFFFFFFFFFFFFFFFFFFFFFFFFFFFFF9C
:20246000FFFFFFFFFFFFFFFFFFFFFFFFFFFFFFFFFFFFFFFFFFFFFFFFFFFFFFFFFFFFFFFF7C
:20248000FFFFFFFFFFFFFFFFFFFFFFFFFFFFFFFFFFFFFFFFFFFFFFFFFFFFFFFFFFFFFFFF5C
:2024A000FFFFFFFFFFFFFFFFFFFFFFFFFFFFFFFFFFFFFFFFFFFFFFFFFFFFFFFFFFFFFFFF3C
:2024C000FFFFFFFFFFFFFFFFFFFFFFFFFFFFFFFFFFFFFFFFFFFFFFFFFFFFFFFFFFFFFFFF1C
:2024E000FFFFFFFFFFFFFFFFFFFFFFFFFFFFFFFFFFFFFFFFFFFFFFFFFFFFFFFFFFFFFFFFFC
:20250000FFFFFFFFFFFFFFFFFFFFFFFFFFFFFFFFFFFFFFFFFFFFFFFFFFFFFFFFFFFFFFFFDB
:20252000FFFFFFFFFFFFFFFFFFFFFFFFFFFFFFFFFFFFFFFFFFFFFFFFFFFFFFFFFFFFFFFFBB
:20254000FFFFFFFFFFFFFFFFFFFFFFFFFFFFFFFFFFFFFFFFFFFFFFFFFFFFFFFFFFFFFFFF9B
:20256000FFFFFFFFFFFFFFFFFFFFFFFFFFFFFFFFFFFFFFFFFFFFFFFFFFFFFFFFFFFFFFFF7B
:20258000FFFFFFFFFFFFFFFFFFFFFFFFFFFFFFFFFFFFFFFFFFFFFFFFFFFFFFFFFFFFFFFF5B
:2025A000FFFFFFFFFFFFFFFFFFFFFFFFFFFFFFFFFFFFFFFFFFFFFFFFFFFFFFFFFFFFFFFF3B
:2025C000FFFFFFFFFFFFFFFFFFFFFFFFFFFFFFFFFFFFFFFFFFFFFFFFFFFFFFFFFFFFFFFF1B
:2025E000FFFFFFFFFFFFFFFFFFFFFFFFFFFFFFFFFFFFFFFFFFFFFFFFFFFFFFFFFFFFFFFFFB
:20260000FFFFFFFFFFFFFFFFFFFFFFFFFFFFFFFFFFFFFFFFFFFFFFFFFFFFFFFFFFFFFFFFDA
:20262000FFFFFFFFFFFFFFFFFFFFFFFFFFFFFFFFFFFFFFFFFFFFFFFFFFFFFFFFFFFFFFFFBA
:20264000FFFFFFFFFFFFFFFFFFFFFFFFFFFFFFFFFFFFFFFFFFFFFFFFFFFFFFFFFFFFFFFF9A
:20266000FFFFFFFFFFFFFFFFFFFFFFFFFFFFFFFFFFFFFFFFFFFFFFFFFFFFFFFFFFFFFFFF7A
:20268000FFFFFFFFFFFFFFFFFFFFFFFFFFFFFFFFFFFFFFFFFFFFFFFFFFFFFFFFFFFFFFFF5A
:2026A000FFFFFFFFFFFFFFFFFFFFFFFFFFFFFFFFFFFFFFFFFFFFFFFFFFFFFFFFFFFFFFFF3A
:2026C000FFFFFFFFFFFFFFFFFFFFFFFFFFFFFFFFFFFFFFFFFFFFFFFFFFFFFFFFFFFFFFFF1A
:2026E000FFFFFFFFFFFFFFFFFFFFFFFFFFFFFFFFFFFFFFFFFFFFFFFFFFFFFFFFFFFFFFFFFA
:20270000FFFFFFFFFFFFFFFFFFFFFFFFFFFFFFFFFFFFFFFFFFFFFFFFFFFFFFFFFFFFFFFFD9
:20272000FFFFFFFFFFFFFFFFFFFFFFFFFFFFFFFFFFFFFFFFFFFFFFFFFFFFFFFFFFFFFFFFB9
:20274000FFFFFFFFFFFFFFFFFFFFFFFFFFFFFFFFFFFFFFFFFFFFFFFFFFFFFFFFFFFFFFFF99
:20276000FFFFFFFFFFFFFFFFFFFFFFFFFFFFFFFFFFFFFFFFFFFFFFFFFFFFFFFFFFFFFFFF79
:20278000FFFFFFFFFFFFFFFFFFFFFFFFFFFFFFFFFFFFFFFFFFFFFFFFFFFFFFFFFFFFFFFF59
:2027A000FFFFFFFFFFFFFFFFFFFFFFFFFFFFFFFFFFFFFFFFFFFFFFFFFFFFFFFFFFFFFFFF39
:2027C000FFFFFFFFFFFFFFFFFFFFFFFFFFFFFFFFFFFFFFFFFFFFFFFFFFFFFFFFFFFFFFFF19
:2027E000FFFFFFFFFFFFFFFFFFFFFFFFFFFFFFFFFFFFFFFFFFFFFFFFFFFFFFFFFFFFFFFFF9
:20280000FFFFFFFFFFFFFFFFFFFFFFFFFFFFFFFFFFFFFFFFFFFFFFFFFFFFFFFFFFFFFFFFD8
:20282000FFFFFFFFFFFFFFFFFFFFFFFFFFFFFFFFFFFFFFFFFFFFFFFFFFFFFFFFFFFFFFFFB8
:20284000FFFFFFFFFFFFFFFFFFFFFFFFFFFFFFFFFFFFFFFFFFFFFFFFFFFFFFFFFFFFFFFF98
:20286000FFFFFFFFFFFFFFFFFFFFFFFFFFFFFFFFFFFFFFFFFFFFFFFFFFFFFFFFFFFFFFFF78
:20288000FFFFFFFFFFFFFFFFFFFFFFFFFFFFFFFFFFFFFFFFFFFFFFFFFFFFFFFFFFFFFFFF58
:2028A000FFFFFFFFFFFFFFFFFFFFFFFFFFFFFFFFFFFFFFFFFFFFFFFFFFFFFFFFFFFFFFFF38
:2028C000FFFFFFFFFFFFFFFFFFFFFFFFFFFFFFFFFFFFFFFFFFFFFFFFFFFFFFFFFFFFFFFF18
:2028E000FFFFFFFFFFFFFFFFFFFFFFFFFFFFFFFFFFFFFFFFFFFFFFFFFFFFFFFFFFFFFFFFF8
:20290000FFFFFFFFFFFFFFFFFFFFFFFFFFFFFFFFFFFFFFFFFFFFFFFFFFFFFFFFFFFFFFFFD7
:20292000FFFFFFFFFFFFFFFFFFFFFFFFFFFFFFFFFFFFFFFFFFFFFFFFFFFFFFFFFFFFFFFFB7
:20294000FFFFFFFFFFFFFFFFFFFFFFFFFFFFFFFFFFFFFFFFFFFFFFFFFFFFFFFFFFFFFFFF97
:20296000FFFFFFFFFFFFFFFFFFFFFFFFFFFFFFFFFFFFFFFFFFFFFFFFFFFFFFFFFFFFFFFF77
:20298000FFFFFFFFFFFFFFFFFFFFFFFFFFFFFFFFFFFFFFFFFFFFFFFFFFFFFFFFFFFFFFFF57
:2029A000FFFFFFFFFFFFFFFFFFFFFFFFFFFFFFFFFFFFFFFFFFFFFFFFFFFFFFFFFFFFFFFF37
:2029C000FFFFFFFFFFFFFFFFFFFFFFFFFFFFFFFFFFFFFFFFFFFFFFFFFFFFFFFFFFFFFFFF17
:2029E000FFFFFFFFFFFFFFFFFFFFFFFFFFFFFFFFFFFFFFFFFFFFFFFFFFFFFFFFFFFFFFFFF7
:202A0000FFFFFFFFFFFFFFFFFFFFFFFFFFFFFFFFFFFFFFFFFFFFFFFFFFFFFFFFFFFFFFFFD6
:202A2000FFFFFFFFFFFFFFFFFFFFFFFFFFFFFFFFFFFFFFFFFFFFFFFFFFFFFFFFFFFFFFFFB6
:202A4000FFFFFFFFFFFFFFFFFFFFFFFFFFFFFFFFFFFFFFFFFFFFFFFFFFFFFFFFFFFFFFFF96
:202A6000FFFFFFFFFFFFFFFFFFFFFFFFFFFFFFFFFFFFFFFFFFFFFFFFFFFFFFFFFFFFFFFF76
:202A8000FFFFFFFFFFFFFFFFFFFFFFFFFFFFFFFFFFFFFFFFFFFFFFFFFFFFFFFFFFFFFFFF56
:202AA000FFFFFFFFFFFFFFFFFFFFFFFFFFFFFFFFFFFFFFFFFFFFFFFFFFFFFFFFFFFFFFFF36
:202AC000FFFFFFFFFFFFFFFFFFFFFFFFFFFFFFFFFFFFFFFFFFFFFFFFFFFFFFFFFFFFFFFF16
:202AE000FFFFFFFFFFFFFFFFFFFFFFFFFFFFFFFFFFFFFFFFFFFFFFFFFFFFFFFFFFFFFFFFF6
:202B0000FFFFFFFFFFFFFFFFFFFFFFFFFFFFFFFFFFFFFFFFFFFFFFFFFFFFFFFFFFFFFFFFD5
:202B2000FFFFFFFFFFFFFFFFFFFFFFFFFFFFFFFFFFFFFFFFFFFFFFFFFFFFFFFFFFFFFFFFB5
:202B4000FFFFFFFFFFFFFFFFFFFFFFFFFFFFFFFFFFFFFFFFFFFFFFFFFFFFFFFFFFFFFFFF95
:202B6000FFFFFFFFFFFFFFFFFFFFFFFFFFFFFFFFFFFFFFFFFFFFFFFFFFFFFFFFFFFFFFFF75
:202B8000FFFFFFFFFFFFFFFFFFFFFFFFFFFFFFFFFFFFFFFFFFFFFFFFFFFFFFFFFFFFFFFF55
:202BA000FFFFFFFFFFFFFFFFFFFFFFFFFFFFFFFFFFFFFFFFFFFFFFFFFFFFFFFFFFFFFFFF35
:202BC000FFFFFFFFFFFFFFFFFFFFFFFFFFFFFFFFFFFFFFFFFFFFFFFFFFFFFFFFFFFFFFFF15
:202BE000FFFFFFFFFFFFFFFFFFFFFFFFFFFFFFFFFFFFFFFFFFFFFFFFFFFFFFFFFFFFFFFFF5
:202C0000FFFFFFFFFFFFFFFFFFFFFFFFFFFFFFFFFFFFFFFFFFFFFFFFFFFFFFFFFFFFFFFFD4
:202C2000FFFFFFFFFFFFFFFFFFFFFFFFFFFFFFFFFFFFFFFFFFFFFFFFFFFFFFFFFFFFFFFFB4
:202C4000FFFFFFFFFFFFFFFFFFFFFFFFFFFFFFFFFFFFFFFFFFFFFFFFFFFFFFFFFFFFFFFF94
:202C6000FFFFFFFFFFFFFFFFFFFFFFFFFFFFFFFFFFFFFFFFFFFFFFFFFFFFFFFFFFFFFFFF74
:202C8000FFFFFFFFFFFFFFFFFFFFFFFFFFFFFFFFFFFFFFFFFFFFFFFFFFFFFFFFFFFFFFFF54
:202CA000FFFFFFFFFFFFFFFFFFFFFFFFFFFFFFFFFFFFFFFFFFFFFFFFFFFFFFFFFFFFFFFF34
:202CC000FFFFFFFFFFFFFFFFFFFFFFFFFFFFFFFFFFFFFFFFFFFFFFFFFFFFFFFFFFFFFFFF14
:202CE000FFFFFFFFFFFFFFFFFFFFFFFFFFFFFFFFFFFFFFFFFFFFFFFFFFFFFFFFFFFFFFFFF4
:202D0000FFFFFFFFFFFFFFFFFFFFFFFFFFFFFFFFFFFFFFFFFFFFFFFFFFFFFFFFFFFFFFFFD3
:202D2000FFFFFFFFFFFFFFFFFFFFFFFFFFFFFFFFFFFFFFFFFFFFFFFFFFFFFFFFFFFFFFFFB3
:202D4000FFFFFFFFFFFFFFFFFFFFFFFFFFFFFFFFFFFFFFFFFFFFFFFFFFFFFFFFFFFFFFFF93
:202D6000FFFFFFFFFFFFFFFFFFFFFFFFFFFFFFFFFFFFFFFFFFFFFFFFFFFFFFFFFFFFFFFF73
:202D8000FFFFFFFFFFFFFFFFFFFFFFFFFFFFFFFFFFFFFFFFFFFFFFFFFFFFFFFFFFFFFFFF53
:202DA000FFFFFFFFFFFFFFFFFFFFFFFFFFFFFFFFFFFFFFFFFFFFFFFFFFFFFFFFFFFFFFFF33
:202DC000FFFFFFFFFFFFFFFFFFFFFFFFFFFFFFFFFFFFFFFFFFFFFFFFFFFFFFFFFFFFFFFF13
:202DE000FFFFFFFFFFFFFFFFFFFFFFFFFFFFFFFFFFFFFFFFFFFFFFFFFFFFFFFFFFFFFFFFF3
:202E0000FFFFFFFFFFFFFFFFFFFFFFFFFFFFFFFFFFFFFFFFFFFFFFFFFFFFFFFFFFFFFFFFD2
:202E2000FFFFFFFFFFFFFFFFFFFFFFFFFFFFFFFFFFFFFFFFFFFFFFFFFFFFFFFFFFFFFFFFB2
:202E4000FFFFFFFFFFFFFFFFFFFFFFFFFFFFFFFFFFFFFFFFFFFFFFFFFFFFFFFFFFFFFFFF92
:202E6000FFFFFFFFFFFFFFFFFFFFFFFFFFFFFFFFFFFFFFFFFFFFFFFFFFFFFFFFFFFFFFFF72
:202E8000FFFFFFFFFFFFFFFFFFFFFFFFFFFFFFFFFFFFFFFFFFFFFFFFFFFFFFFFFFFFFFFF52
:202EA000FFFFFFFFFFFFFFFFFFFFFFFFFFFFFFFFFFFFFFFFFFFFFFFFFFFFFFFFFFFFFFFF32
:202EC000FFFFFFFFFFFFFFFFFFFFFFFFFFFFFFFFFFFFFFFFFFFFFFFFFFFFFFFFFFFFFFFF12
:202EE000FFFFFFFFFFFFFFFFFFFFFFFFFFFFFFFFFFFFFFFFFFFFFFFFFFFFFFFFFFFFFFFFF2
:202F0000FFFFFFFFFFFFFFFFFFFFFFFFFFFFFFFFFFFFFFFFFFFFFFFFFFFFFFFFFFFFFFFFD1
:202F2000FFFFFFFFFFFFFFFFFFFFFFFFFFFFFFFFFFFFFFFFFFFFFFFFFFFFFFFFFFFFFFFFB1
:202F4000FFFFFFFFFFFFFFFFFFFFFFFFFFFFFFFFFFFFFFFFFFFFFFFFFFFFFFFFFFFFFFFF91
:202F6000FFFFFFFFFFFFFFFFFFFFFFFFFFFFFFFFFFFFFFFFFFFFFFFFFFFFFFFFFFFFFFFF71
:202F8000FFFFFFFFFFFFFFFFFFFFFFFFFFFFFFFFFFFFFFFFFFFFFFFFFFFFFFFFFFFFFFFF51
:202FA000FFFFFFFFFFFFFFFFFFFFFFFFFFFFFFFFFFFFFFFFFFFFFFFFFFFFFFFFFFFFFFFF31
:202FC000FFFFFFFFFFFFFFFFFFFFFFFFFFFFFFFFFFFFFFFFFFFFFFFFFFFFFFFFFFFFFFFF11
:202FE000FFFFFFFFFFFFFFFFFFFFFFFFFFFFFFFFFFFFFFFFFFFFFFFFFFFFFFFFFFFFFFFFF1
:20300000FFFFFFFFFFFFFFFFFFFFFFFFFFFFFFFFFFFFFFFFFFFFFFFFFFFFFFFFFFFFFFFFD0
:20302000FFFFFFFFFFFFFFFFFFFFFFFFFFFFFFFFFFFFFFFFFFFFFFFFFFFFFFFFFFFFFFFFB0
:20304000FFFFFFFFFFFFFFFFFFFFFFFFFFFFFFFFFFFFFFFFFFFFFFFFFFFFFFFFFFFFFFFF90
:20306000FFFFFFFFFFFFFFFFFFFFFFFFFFFFFFFFFFFFFFFFFFFFFFFFFFFFFFFFFFFFFFFF70
:20308000FFFFFFFFFFFFFFFFFFFFFFFFFFFFFFFFFFFFFFFFFFFFFFFFFFFFFFFFFFFFFFFF50
:2030A000FFFFFFFFFFFFFFFFFFFFFFFFFFFFFFFFFFFFFFFFFFFFFFFFFFFFFFFFFFFFFFFF30
:2030C000FFFFFFFFFFFFFFFFFFFFFFFFFFFFFFFFFFFFFFFFFFFFFFFFFFFFFFFFFFFFFFFF10
:2030E000FFFFFFFFFFFFFFFFFFFFFFFFFFFFFFFFFFFFFFFFFFFFFFFFFFFFFFFFFFFFFFFFF0
:20310000FFFFFFFFFFFFFFFFFFFFFFFFFFFFFFFFFFFFFFFFFFFFFFFFFFFFFFFFFFFFFFFFCF
:20312000FFFFFFFFFFFFFFFFFFFFFFFFFFFFFFFFFFFFFFFFFFFFFFFFFFFFFFFFFFFFFFFFAF
:20314000FFFFFFFFFFFFFFFFFFFFFFFFFFFFFFFFFFFFFFFFFFFFFFFFFFFFFFFFFFFFFFFF8F
:20316000FFFFFFFFFFFFFFFFFFFFFFFFFFFFFFFFFFFFFFFFFFFFFFFFFFFFFFFFFFFFFFFF6F
:20318000FFFFFFFFFFFFFFFFFFFFFFFFFFFFFFFFFFFFFFFFFFFFFFFFFFFFFFFFFFFFFFFF4F
:2031A000FFFFFFFFFFFFFFFFFFFFFFFFFFFFFFFFFFFFFFFFFFFFFFFFFFFFFFFFFFFFFFFF2F
:2031C000FFFFFFFFFFFFFFFFFFFFFFFFFFFFFFFFFFFFFFFFFFFFFFFFFFFFFFFFFFFFFFFF0F
:2031E000FFFFFFFFFFFFFFFFFFFFFFFFFFFFFFFFFFFFFFFFFFFFFFFFFFFFFFFFFFFFFFFFEF
:20320000FFFFFFFFFFFFFFFFFFFFFFFFFFFFFFFFFFFFFFFFFFFFFFFFFFFFFFFFFFFFFFFFCE
:20322000FFFFFFFFFFFFFFFFFFFFFFFFFFFFFFFFFFFFFFFFFFFFFFFFFFFFFFFFFFFFFFFFAE
:20324000FFFFFFFFFFFFFFFFFFFFFFFFFFFFFFFFFFFFFFFFFFFFFFFFFFFFFFFFFFFFFFFF8E
:20326000FFFFFFFFFFFFFFFFFFFFFFFFFFFFFFFFFFFFFFFFFFFFFFFFFFFFFFFFFFFFFFFF6E
:20328000FFFFFFFFFFFFFFFFFFFFFFFFFFFFFFFFFFFFFFFFFFFFFFFFFFFFFFFFFFFFFFFF4E
:2032A000FFFFFFFFFFFFFFFFFFFFFFFFFFFFFFFFFFFFFFFFFFFFFFFFFFFFFFFFFFFFFFFF2E
:2032C000FFFFFFFFFFFFFFFFFFFFFFFFFFFFFFFFFFFFFFFFFFFFFFFFFFFFFFFFFFFFFFFF0E
:2032E000FFFFFFFFFFFFFFFFFFFFFFFFFFFFFFFFFFFFFFFFFFFFFFFFFFFFFFFFFFFFFFFFEE
:20330000FFFFFFFFFFFFFFFFFFFFFFFFFFFFFFFFFFFFFFFFFFFFFFFFFFFFFFFFFFFFFFFFCD
:20332000FFFFFFFFFFFFFFFFFFFFFFFFFFFFFFFFFFFFFFFFFFFFFFFFFFFFFFFFFFFFFFFFAD
:20334000FFFFFFFFFFFFFFFFFFFFFFFFFFFFFFFFFFFFFFFFFFFFFFFFFFFFFFFFFFFFFFFF8D
:20336000FFFFFFFFFFFFFFFFFFFFFFFFFFFFFFFFFFFFFFFFFFFFFFFFFFFFFFFFFFFFFFFF6D
:20338000FFFFFFFFFFFFFFFFFFFFFFFFFFFFFFFFFFFFFFFFFFFFFFFFFFFFFFFFFFFFFFFF4D
:2033A000FFFFFFFFFFFFFFFFFFFFFFFFFFFFFFFFFFFFFFFFFFFFFFFFFFFFFFFFFFFFFFFF2D
:2033C000FFFFFFFFFFFFFFFFFFFFFFFFFFFFFFFFFFFFFFFFFFFFFFFFFFFFFFFFFFFFFFFF0D
:2033E000FFFFFFFFFFFFFFFFFFFFFFFFFFFFFFFFFFFFFFFFFFFFFFFFFFFFFFFFFFFFFFFFED
:20340000FFFFFFFFFFFFFFFFFFFFFFFFFFFFFFFFFFFFFFFFFFFFFFFFFFFFFFFFFFFFFFFFCC
:20342000FFFFFFFFFFFFFFFFFFFFFFFFFFFFFFFFFFFFFFFFFFFFFFFFFFFFFFFFFFFFFFFFAC
:20344000FFFFFFFFFFFFFFFFFFFFFFFFFFFFFFFFFFFFFFFFFFFFFFFFFFFFFFFFFFFFFFFF8C
:20346000FFFFFFFFFFFFFFFFFFFFFFFFFFFFFFFFFFFFFFFFFFFFFFFFFFFFFFFFFFFFFFFF6C
:20348000FFFFFFFFFFFFFFFFFFFFFFFFFFFFFFFFFFFFFFFFFFFFFFFFFFFFFFFFFFFFFFFF4C
:2034A000FFFFFFFFFFFFFFFFFFFFFFFFFFFFFFFFFFFFFFFFFFFFFFFFFFFFFFFFFFFFFFFF2C
:2034C000FFFFFFFFFFFFFFFFFFFFFFFFFFFFFFFFFFFFFFFFFFFFFFFFFFFFFFFFFFFFFFFF0C
:2034E000FFFFFFFFFFFFFFFFFFFFFFFFFFFFFFFFFFFFFFFFFFFFFFFFFFFFFFFFFFFFFFFFEC
:20350000FFFFFFFFFFFFFFFFFFFFFFFFFFFFFFFFFFFFFFFFFFFFFFFFFFFFFFFFFFFFFFFFCB
:20352000FFFFFFFFFFFFFFFFFFFFFFFFFFFFFFFFFFFFFFFFFFFFFFFFFFFFFFFFFFFFFFFFAB
:20354000FFFFFFFFFFFFFFFFFFFFFFFFFFFFFFFFFFFFFFFFFFFFFFFFFFFFFFFFFFFFFFFF8B
:20356000FFFFFFFFFFFFFFFFFFFFFFFFFFFFFFFFFFFFFFFFFFFFFFFFFFFFFFFFFFFFFFFF6B
:20358000FFFFFFFFFFFFFFFFFFFFFFFFFFFFFFFFFFFFFFFFFFFFFFFFFFFFFFFFFFFFFFFF4B
:2035A000FFFFFFFFFFFFFFFFFFFFFFFFFFFFFFFFFFFFFFFFFFFFFFFFFFFFFFFFFFFFFFFF2B
:2035C000FFFFFFFFFFFFFFFFFFFFFFFFFFFFFFFFFFFFFFFFFFFFFFFFFFFFFFFFFFFFFFFF0B
:2035E000FFFFFFFFFFFFFFFFFFFFFFFFFFFFFFFFFFFFFFFFFFFFFFFFFFFFFFFFFFFFFFFFEB
:20360000FFFFFFFFFFFFFFFFFFFFFFFFFFFFFFFFFFFFFFFFFFFFFFFFFFFFFFFFFFFFFFFFCA
:20362000FFFFFFFFFFFFFFFFFFFFFFFFFFFFFFFFFFFFFFFFFFFFFFFFFFFFFFFFFFFFFFFFAA
:20364000FFFFFFFFFFFFFFFFFFFFFFFFFFFFFFFFFFFFFFFFFFFFFFFFFFFFFFFFFFFFFFFF8A
:20366000FFFFFFFFFFFFFFFFFFFFFFFFFFFFFFFFFFFFFFFFFFFFFFFFFFFFFFFFFFFFFFFF6A
:20368000FFFFFFFFFFFFFFFFFFFFFFFFFFFFFFFFFFFFFFFFFFFFFFFFFFFFFFFFFFFFFFFF4A
:2036A000FFFFFFFFFFFFFFFFFFFFFFFFFFFFFFFFFFFFFFFFFFFFFFFFFFFFFFFFFFFFFFFF2A
:2036C000FFFFFFFFFFFFFFFFFFFFFFFFFFFFFFFFFFFFFFFFFFFFFFFFFFFFFFFFFFFFFFFF0A
:2036E000FFFFFFFFFFFFFFFFFFFFFFFFFFFFFFFFFFFFFFFFFFFFFFFFFFFFFFFFFFFFFFFFEA
:20370000FFFFFFFFFFFFFFFFFFFFFFFFFFFFFFFFFFFFFFFFFFFFFFFFFFFFFFFFFFFFFFFFC9
:20372000FFFFFFFFFFFFFFFFFFFFFFFFFFFFFFFFFFFFFFFFFFFFFFFFFFFFFFFFFFFFFFFFA9
:20374000FFFFFFFFFFFFFFFFFFFFFFFFFFFFFFFFFFFFFFFFFFFFFFFFFFFFFFFFFFFFFFFF89
:20376000FFFFFFFFFFFFFFFFFFFFFFFFFFFFFFFFFFFFFFFFFFFFFFFFFFFFFFFFFFFFFFFF69
:20378000FFFFFFFFFFFFFFFFFFFFFFFFFFFFFFFFFFFFFFFFFFFFFFFFFFFFFFFFFFFFFFFF49
:2037A000FFFFFFFFFFFFFFFFFFFFFFFFFFFFFFFFFFFFFFFFFFFFFFFFFFFFFFFFFFFFFFFF29
:2037C000FFFFFFFFFFFFFFFFFFFFFFFFFFFFFFFFFFFFFFFFFFFFFFFFFFFFFFFFFFFFFFFF09
:2037E000FFFFFFFFFFFFFFFFFFFFFFFFFFFFFFFFFFFFFFFFFFFFFFFFFFFFFFFFFFFFFFFFE9
:20380000FFFFFFFFFFFFFFFFFFFFFFFFFFFFFFFFFFFFFFFFFFFFFFFFFFFFFFFFFFFFFFFFC8
:20382000FFFFFFFFFFFFFFFFFFFFFFFFFFFFFFFFFFFFFFFFFFFFFFFFFFFFFFFFFFFFFFFFA8
:20384000FFFFFFFFFFFFFFFFFFFFFFFFFFFFFFFFFFFFFFFFFFFFFFFFFFFFFFFFFFFFFFFF88
:20386000FFFFFFFFFFFFFFFFFFFFFFFFFFFFFFFFFFFFFFFFFFFFFFFFFFFFFFFFFFFFFFFF68
:20388000FFFFFFFFFFFFFFFFFFFFFFFFFFFFFFFFFFFFFFFFFFFFFFFFFFFFFFFFFFFFFFFF48
:2038A000FFFFFFFFFFFFFFFFFFFFFFFFFFFFFFFFFFFFFFFFFFFFFFFFFFFFFFFFFFFFFFFF28
:2038C000FFFFFFFFFFFFFFFFFFFFFFFFFFFFFFFFFFFFFFFFFFFFFFFFFFFFFFFFFFFFFFFF08
:2038E000FFFFFFFFFFFFFFFFFFFFFFFFFFFFFFFFFFFFFFFFFFFFFFFFFFFFFFFFFFFFFFFFE8
:20390000FFFFFFFFFFFFFFFFFFFFFFFFFFFFFFFFFFFFFFFFFFFFFFFFFFFFFFFFFFFFFFFFC7
:20392000FFFFFFFFFFFFFFFFFFFFFFFFFFFFFFFFFFFFFFFFFFFFFFFFFFFFFFFFFFFFFFFFA7
:20394000FFFFFFFFFFFFFFFFFFFFFFFFFFFFFFFFFFFFFFFFFFFFFFFFFFFFFFFFFFFFFFFF87
:20396000FFFFFFFFFFFFFFFFFFFFFFFFFFFFFFFFFFFFFFFFFFFFFFFFFFFFFFFFFFFFFFFF67
:20398000FFFFFFFFFFFFFFFFFFFFFFFFFFFFFFFFFFFFFFFFFFFFFFFFFFFFFFFFFFFFFFFF47
:2039A000FFFFFFFFFFFFFFFFFFFFFFFFFFFFFFFFFFFFFFFFFFFFFFFFFFFFFFFFFFFFFFFF27
:2039C000FFFFFFFFFFFFFFFFFFFFFFFFFFFFFFFFFFFFFFFFFFFFFFFFFFFFFFFFFFFFFFFF07
:2039E000FFFFFFFFFFFFFFFFFFFFFFFFFFFFFFFFFFFFFFFFFFFFFFFFFFFFFFFFFFFFFFFFE7
:203A0000FFFFFFFFFFFFFFFFFFFFFFFFFFFFFFFFFFFFFFFFFFFFFFFFFFFFFFFFFFFFFFFFC6
:203A2000FFFFFFFFFFFFFFFFFFFFFFFFFFFFFFFFFFFFFFFFFFFFFFFFFFFFFFFFFFFFFFFFA6
:203A4000FFFFFFFFFFFFFFFFFFFFFFFFFFFFFFFFFFFFFFFFFFFFFFFFFFFFFFFFFFFFFFFF86
:203A6000FFFFFFFFFFFFFFFFFFFFFFFFFFFFFFFFFFFFFFFFFFFFFFFFFFFFFFFFFFFFFFFF66
:203A8000FFFFFFFFFFFFFFFFFFFFFFFFFFFFFFFFFFFFFFFFFFFFFFFFFFFFFFFFFFFFFFFF46
:203AA000FFFFFFFFFFFFFFFFFFFFFFFFFFFFFFFFFFFFFFFFFFFFFFFFFFFFFFFFFFFFFFFF26
:203AC000FFFFFFFFFFFFFFFFFFFFFFFFFFFFFFFFFFFFFFFFFFFFFFFFFFFFFFFFFFFFFFFF06
:203AE000FFFFFFFFFFFFFFFFFFFFFFFFFFFFFFFFFFFFFFFFFFFFFFFFFFFFFFFFFFFFFFFFE6
:203B0000FFFFFFFFFFFFFFFFFFFFFFFFFFFFFFFFFFFFFFFFFFFFFFFFFFFFFFFFFFFFFFFFC5
:203B2000FFFFFFFFFFFFFFFFFFFFFFFFFFFFFFFFFFFFFFFFFFFFFFFFFFFFFFFFFFFFFFFFA5
:203B4000FFFFFFFFFFFFFFFFFFFFFFFFFFFFFFFFFFFFFFFFFFFFFFFFFFFFFFFFFFFFFFFF85
:203B6000FFFFFFFFFFFFFFFFFFFFFFFFFFFFFFFFFFFFFFFFFFFFFFFFFFFFFFFFFFFFFFFF65
:203B8000FFFFFFFFFFFFFFFFFFFFFFFFFFFFFFFFFFFFFFFFFFFFFFFFFFFFFFFFFFFFFFFF45
:203BA000FFFFFFFFFFFFFFFFFFFFFFFFFFFFFFFFFFFFFFFFFFFFFFFFFFFFFFFFFFFFFFFF25
:203BC000FFFFFFFFFFFFFFFFFFFFFFFFFFFFFFFFFFFFFFFFFFFFFFFFFFFFFFFFFFFFFFFF05
:203BE000FFFFFFFFFFFFFFFFFFFFFFFFFFFFFFFFFFFFFFFFFFFFFFFFFFFFFFFFFFFFFFFFE5
:203C0000FFFFFFFFFFFFFFFFFFFFFFFFFFFFFFFFFFFFFFFFFFFFFFFFFFFFFFFFFFFFFFFFC4
:203C2000FFFFFFFFFFFFFFFFFFFFFFFFFFFFFFFFFFFFFFFFFFFFFFFFFFFFFFFFFFFFFFFFA4
:203C4000FFFFFFFFFFFFFFFFFFFFFFFFFFFFFFFFFFFFFFFFFFFFFFFFFFFFFFFFFFFFFFFF84
:203C6000FFFFFFFFFFFFFFFFFFFFFFFFFFFFFFFFFFFFFFFFFFFFFFFFFFFFFFFFFFFFFFFF64
:203C8000FFFFFFFFFFFFFFFFFFFFFFFFFFFFFFFFFFFFFFFFFFFFFFFFFFFFFFFFFFFFFFFF44
:203CA000FFFFFFFFFFFFFFFFFFFFFFFFFFFFFFFFFFFFFFFFFFFFFFFFFFFFFFFFFFFFFFFF24
:203CC000FFFFFFFFFFFFFFFFFFFFFFFFFFFFFFFFFFFFFFFFFFFFFFFFFFFFFFFFFFFFFFFF04
:203CE000FFFFFFFFFFFFFFFFFFFFFFFFFFFFFFFFFFFFFFFFFFFFFFFFFFFFFFFFFFFFFFFFE4
:203D0000FFFFFFFFFFFFFFFFFFFFFFFFFFFFFFFFFFFFFFFFFFFFFFFFFFFFFFFFFFFFFFFFC3
:203D2000FFFFFFFFFFFFFFFFFFFFFFFFFFFFFFFFFFFFFFFFFFFFFFFFFFFFFFFFFFFFFFFFA3
:203D4000FFFFFFFFFFFFFFFFFFFFFFFFFFFFFFFFFFFFFFFFFFFFFFFFFFFFFFFFFFFFFFFF83
:203D6000FFFFFFFFFFFFFFFFFFFFFFFFFFFFFFFFFFFFFFFFFFFFFFFFFFFFFFFFFFFFFFFF63
:203D8000FFFFFFFFFFFFFFFFFFFFFFFFFFFFFFFFFFFFFFFFFFFFFFFFFFFFFFFFFFFFFFFF43
:203DA000FFFFFFFFFFFFFFFFFFFFFFFFFFFFFFFFFFFFFFFFFFFFFFFFFFFFFFFFFFFFFFFF23
:203DC000FFFFFFFFFFFFFFFFFFFFFFFFFFFFFFFFFFFFFFFFFFFFFFFFFFFFFFFFFFFFFFFF03
:203DE000FFFFFFFFFFFFFFFFFFFFFFFFFFFFFFFFFFFFFFFFFFFFFFFFFFFFFFFFFFFFFFFFE3
:203E0000FFFFFFFFFFFFFFFFFFFFFFFFFFFFFFFFFFFFFFFFFFFFFFFFFFFFFFFFFFFFFFFFC2
:203E2000FFFFFFFFFFFFFFFFFFFFFFFFFFFFFFFFFFFFFFFFFFFFFFFFFFFFFFFFFFFFFFFFA2
:203E4000FFFFFFFFFFFFFFFFFFFFFFFFFFFFFFFFFFFFFFFFFFFFFFFFFFFFFFFFFFFFFFFF82
:203E6000FFFFFFFFFFFFFFFFFFFFFFFFFFFFFFFFFFFFFFFFFFFFFFFFFFFFFFFFFFFFFFFF62
:203E8000FFFFFFFFFFFFFFFFFFFFFFFFFFFFFFFFFFFFFFFFFFFFFFFFFFFFFFFFFFFFFFFF42
:203EA000FFFFFFFFFFFFFFFFFFFFFFFFFFFFFFFFFFFFFFFFFFFFFFFFFFFFFFFFFFFFFFFF22
:203EC000FFFFFFFFFFFFFFFFFFFFFFFFFFFFFFFFFFFFFFFFFFFFFFFFFFFFFFFFFFFFFFFF02
:203EE000FFFFFFFFFFFFFFFFFFFFFFFFFFFFFFFFFFFFFFFFFFFFFFFFFFFFFFFFFFFFFFFFE2
:203F0000FFFFFFFFFFFFFFFFFFFFFFFFFFFFFFFFFFFFFFFFFFFFFFFFFFFFFFFFFFFFFFFFC1
:203F2000FFFFFFFFFFFFFFFFFFFFFFFFFFFFFFFFFFFFFFFFFFFFFFFFFFFFFFFFFFFFFFFFA1
:203F4000FFFFFFFFFFFFFFFFFFFFFFFFFFFFFFFFFFFFFFFFFFFFFFFFFFFFFFFFFFFFFFFF81
:203F6000FFFFFFFFFFFFFFFFFFFFFFFFFFFFFFFFFFFFFFFFFFFFFFFFFFFFFFFFFFFFFFFF61
:203F8000FFFFFFFFFFFFFFFFFFFFFFFFFFFFFFFFFFFFFFFFFFFFFFFFFFFFFFFFFFFFFFFF41
:203FA000FFFFFFFFFFFFFFFFFFFFFFFFFFFFFFFFFFFFFFFFFFFFFFFFFFFFFFFFFFFFFFFF21
:203FC000FFFFFFFFFFFFFFFFFFFFFFFFFFFFFFFFFFFFFFFFFFFFFFFFFFFFFFFFFFFFFFFF01
:203FE000FFFFFFFFFFFFFFFFFFFFFFFFFFFFFFFFFFFFFFFFFFFFFFFFFFFFFFFFFFFFFFFFE1
:20400000FFFFFFFFFFFFFFFFFFFFFFFFFFFFFFFFFFFFFFFFFFFFFFFFFFFFFFFFFFFFFFFFC0
:20402000FFFFFFFFFFFFFFFFFFFFFFFFFFFFFFFFFFFFFFFFFFFFFFFFFFFFFFFFFFFFFFFFA0
:20404000FFFFFFFFFFFFFFFFFFFFFFFFFFFFFFFFFFFFFFFFFFFFFFFFFFFFFFFFFFFFFFFF80
:20406000FFFFFFFFFFFFFFFFFFFFFFFFFFFFFFFFFFFFFFFFFFFFFFFFFFFFFFFFFFFFFFFF60
:20408000FFFFFFFFFFFFFFFFFFFFFFFFFFFFFFFFFFFFFFFFFFFFFFFFFFFFFFFFFFFFFFFF40
:2040A000FFFFFFFFFFFFFFFFFFFFFFFFFFFFFFFFFFFFFFFFFFFFFFFFFFFFFFFFFFFFFFFF20
:2040C000FFFFFFFFFFFFFFFFFFFFFFFFFFFFFFFFFFFFFFFFFFFFFFFFFFFFFFFFFFFFFFFF00
:2040E000FFFFFFFFFFFFFFFFFFFFFFFFFFFFFFFFFFFFFFFFFFFFFFFFFFFFFFFFFFFFFFFFE0
:20410000FFFFFFFFFFFFFFFFFFFFFFFFFFFFFFFFFFFFFFFFFFFFFFFFFFFFFFFFFFFFFFFFBF
:20412000FFFFFFFFFFFFFFFFFFFFFFFFFFFFFFFFFFFFFFFFFFFFFFFFFFFFFFFFFFFFFFFF9F
:20414000FFFFFFFFFFFFFFFFFFFFFFFFFFFFFFFFFFFFFFFFFFFFFFFFFFFFFFFFFFFFFFFF7F
:20416000FFFFFFFFFFFFFFFFFFFFFFFFFFFFFFFFFFFFFFFFFFFFFFFFFFFFFFFFFFFFFFFF5F
:20418000FFFFFFFFFFFFFFFFFFFFFFFFFFFFFFFFFFFFFFFFFFFFFFFFFFFFFFFFFFFFFFFF3F
:2041A000FFFFFFFFFFFFFFFFFFFFFFFFFFFFFFFFFFFFFFFFFFFFFFFFFFFFFFFFFFFFFFFF1F
:2041C000FFFFFFFFFFFFFFFFFFFFFFFFFFFFFFFFFFFFFFFFFFFFFFFFFFFFFFFFFFFFFFFFFF
:2041E000FFFFFFFFFFFFFFFFFFFFFFFFFFFFFFFFFFFFFFFFFFFFFFFFFFFFFFFFFFFFFFFFDF
:20420000FFFFFFFFFFFFFFFFFFFFFFFFFFFFFFFFFFFFFFFFFFFFFFFFFFFFFFFFFFFFFFFFBE
:20422000FFFFFFFFFFFFFFFFFFFFFFFFFFFFFFFFFFFFFFFFFFFFFFFFFFFFFFFFFFFFFFFF9E
:20424000FFFFFFFFFFFFFFFFFFFFFFFFFFFFFFFFFFFFFFFFFFFFFFFFFFFFFFFFFFFFFFFF7E
:20426000FFFFFFFFFFFFFFFFFFFFFFFFFFFFFFFFFFFFFFFFFFFFFFFFFFFFFFFFFFFFFFFF5E
:20428000FFFFFFFFFFFFFFFFFFFFFFFFFFFFFFFFFFFFFFFFFFFFFFFFFFFFFFFFFFFFFFFF3E
:2042A000FFFFFFFFFFFFFFFFFFFFFFFFFFFFFFFFFFFFFFFFFFFFFFFFFFFFFFFFFFFFFFFF1E
:2042C000FFFFFFFFFFFFFFFFFFFFFFFFFFFFFFFFFFFFFFFFFFFFFFFFFFFFFFFFFFFFFFFFFE
:2042E000FFFFFFFFFFFFFFFFFFFFFFFFFFFFFFFFFFFFFFFFFFFFFFFFFFFFFFFFFFFFFFFFDE
:20430000FFFFFFFFFFFFFFFFFFFFFFFFFFFFFFFFFFFFFFFFFFFFFFFFFFFFFFFFFFFFFFFFBD
:20432000FFFFFFFFFFFFFFFFFFFFFFFFFFFFFFFFFFFFFFFFFFFFFFFFFFFFFFFFFFFFFFFF9D
:20434000FFFFFFFFFFFFFFFFFFFFFFFFFFFFFFFFFFFFFFFFFFFFFFFFFFFFFFFFFFFFFFFF7D
:20436000FFFFFFFFFFFFFFFFFFFFFFFFFFFFFFFFFFFFFFFFFFFFFFFFFFFFFFFFFFFFFFFF5D
:20438000FFFFFFFFFFFFFFFFFFFFFFFFFFFFFFFFFFFFFFFFFFFFFFFFFFFFFFFFFFFFFFFF3D
:2043A000FFFFFFFFFFFFFFFFFFFFFFFFFFFFFFFFFFFFFFFFFFFFFFFFFFFFFFFFFFFFFFFF1D
:2043C000FFFFFFFFFFFFFFFFFFFFFFFFFFFFFFFFFFFFFFFFFFFFFFFFFFFFFFFFFFFFFFFFFD
:2043E000FFFFFFFFFFFFFFFFFFFFFFFFFFFFFFFFFFFFFFFFFFFFFFFFFFFFFFFFFFFFFFFFDD
:20440000FFFFFFFFFFFFFFFFFFFFFFFFFFFFFFFFFFFFFFFFFFFFFFFFFFFFFFFFFFFFFFFFBC
:20442000FFFFFFFFFFFFFFFFFFFFFFFFFFFFFFFFFFFFFFFFFFFFFFFFFFFFFFFFFFFFFFFF9C
:20444000FFFFFFFFFFFFFFFFFFFFFFFFFFFFFFFFFFFFFFFFFFFFFFFFFFFFFFFFFFFFFFFF7C
:20446000FFFFFFFFFFFFFFFFFFFFFFFFFFFFFFFFFFFFFFFFFFFFFFFFFFFFFFFFFFFFFFFF5C
:20448000FFFFFFFFFFFFFFFFFFFFFFFFFFFFFFFFFFFFFFFFFFFFFFFFFFFFFFFFFFFFFFFF3C
:2044A000FFFFFFFFFFFFFFFFFFFFFFFFFFFFFFFFFFFFFFFFFFFFFFFFFFFFFFFFFFFFFFFF1C
:2044C000FFFFFFFFFFFFFFFFFFFFFFFFFFFFFFFFFFFFFFFFFFFFFFFFFFFFFFFFFFFFFFFFFC
:2044E000FFFFFFFFFFFFFFFFFFFFFFFFFFFFFFFFFFFFFFFFFFFFFFFFFFFFFFFFFFFFFFFFDC
:20450000FFFFFFFFFFFFFFFFFFFFFFFFFFFFFFFFFFFFFFFFFFFFFFFFFFFFFFFFFFFFFFFFBB
:20452000FFFFFFFFFFFFFFFFFFFFFFFFFFFFFFFFFFFFFFFFFFFFFFFFFFFFFFFFFFFFFFFF9B
:20454000FFFFFFFFFFFFFFFFFFFFFFFFFFFFFFFFFFFFFFFFFFFFFFFFFFFFFFFFFFFFFFFF7B
:20456000FFFFFFFFFFFFFFFFFFFFFFFFFFFFFFFFFFFFFFFFFFFFFFFFFFFFFFFFFFFFFFFF5B
:20458000FFFFFFFFFFFFFFFFFFFFFFFFFFFFFFFFFFFFFFFFFFFFFFFFFFFFFFFFFFFFFFFF3B
:2045A000FFFFFFFFFFFFFFFFFFFFFFFFFFFFFFFFFFFFFFFFFFFFFFFFFFFFFFFFFFFFFFFF1B
:2045C000FFFFFFFFFFFFFFFFFFFFFFFFFFFFFFFFFFFFFFFFFFFFFFFFFFFFFFFFFFFFFFFFFB
:2045E000FFFFFFFFFFFFFFFFFFFFFFFFFFFFFFFFFFFFFFFFFFFFFFFFFFFFFFFFFFFFFFFFDB
:20460000FFFFFFFFFFFFFFFFFFFFFFFFFFFFFFFFFFFFFFFFFFFFFFFFFFFFFFFFFFFFFFFFBA
:20462000FFFFFFFFFFFFFFFFFFFFFFFFFFFFFFFFFFFFFFFFFFFFFFFFFFFFFFFFFFFFFFFF9A
:20464000FFFFFFFFFFFFFFFFFFFFFFFFFFFFFFFFFFFFFFFFFFFFFFFFFFFFFFFFFFFFFFFF7A
:20466000FFFFFFFFFFFFFFFFFFFFFFFFFFFFFFFFFFFFFFFFFFFFFFFFFFFFFFFFFFFFFFFF5A
:20468000FFFFFFFFFFFFFFFFFFFFFFFFFFFFFFFFFFFFFFFFFFFFFFFFFFFFFFFFFFFFFFFF3A
:2046A000FFFFFFFFFFFFFFFFFFFFFFFFFFFFFFFFFFFFFFFFFFFFFFFFFFFFFFFFFFFFFFFF1A
:2046C000FFFFFFFFFFFFFFFFFFFFFFFFFFFFFFFFFFFFFFFFFFFFFFFFFFFFFFFFFFFFFFFFFA
:2046E000FFFFFFFFFFFFFFFFFFFFFFFFFFFFFFFFFFFFFFFFFFFFFFFFFFFFFFFFFFFFFFFFDA
:20470000FFFFFFFFFFFFFFFFFFFFFFFFFFFFFFFFFFFFFFFFFFFFFFFFFFFFFFFFFFFFFFFFB9
:20472000FFFFFFFFFFFFFFFFFFFFFFFFFFFFFFFFFFFFFFFFFFFFFFFFFFFFFFFFFFFFFFFF99
:20474000FFFFFFFFFFFFFFFFFFFFFFFFFFFFFFFFFFFFFFFFFFFFFFFFFFFFFFFFFFFFFFFF79
:20476000FFFFFFFFFFFFFFFFFFFFFFFFFFFFFFFFFFFFFFFFFFFFFFFFFFFFFFFFFFFFFFFF59
:20478000FFFFFFFFFFFFFFFFFFFFFFFFFFFFFFFFFFFFFFFFFFFFFFFFFFFFFFFFFFFFFFFF39
:2047A000FFFFFFFFFFFFFFFFFFFFFFFFFFFFFFFFFFFFFFFFFFFFFFFFFFFFFFFFFFFFFFFF19
:2047C000FFFFFFFFFFFFFFFFFFFFFFFFFFFFFFFFFFFFFFFFFFFFFFFFFFFFFFFFFFFFFFFFF9
:2047E000FFFFFFFFFFFFFFFFFFFFFFFFFFFFFFFFFFFFFFFFFFFFFFFFFFFFFFFFFFFFFFFFD9
:20480000FFFFFFFFFFFFFFFFFFFFFFFFFFFFFFFFFFFFFFFFFFFFFFFFFFFFFFFFFFFFFFFFB8
:20482000FFFFFFFFFFFFFFFFFFFFFFFFFFFFFFFFFFFFFFFFFFFFFFFFFFFFFFFFFFFFFFFF98
:20484000FFFFFFFFFFFFFFFFFFFFFFFFFFFFFFFFFFFFFFFFFFFFFFFFFFFFFFFFFFFFFFFF78
:20486000FFFFFFFFFFFFFFFFFFFFFFFFFFFFFFFFFFFFFFFFFFFFFFFFFFFFFFFFFFFFFFFF58
:20488000FFFFFFFFFFFFFFFFFFFFFFFFFFFFFFFFFFFFFFFFFFFFFFFFFFFFFFFFFFFFFFFF38
:2048A000FFFFFFFFFFFFFFFFFFFFFFFFFFFFFFFFFFFFFFFFFFFFFFFFFFFFFFFFFFFFFFFF18
:2048C000FFFFFFFFFFFFFFFFFFFFFFFFFFFFFFFFFFFFFFFFFFFFFFFFFFFFFFFFFFFFFFFFF8
:2048E000FFFFFFFFFFFFFFFFFFFFFFFFFFFFFFFFFFFFFFFFFFFFFFFFFFFFFFFFFFFFFFFFD8
:20490000FFFFFFFFFFFFFFFFFFFFFFFFFFFFFFFFFFFFFFFFFFFFFFFFFFFFFFFFFFFFFFFFB7
:20492000FFFFFFFFFFFFFFFFFFFFFFFFFFFFFFFFFFFFFFFFFFFFFFFFFFFFFFFFFFFFFFFF97
:20494000FFFFFFFFFFFFFFFFFFFFFFFFFFFFFFFFFFFFFFFFFFFFFFFFFFFFFFFFFFFFFFFF77
:20496000FFFFFFFFFFFFFFFFFFFFFFFFFFFFFFFFFFFFFFFFFFFFFFFFFFFFFFFFFFFFFFFF57
:20498000FFFFFFFFFFFFFFFFFFFFFFFFFFFFFFFFFFFFFFFFFFFFFFFFFFFFFFFFFFFFFFFF37
:2049A000FFFFFFFFFFFFFFFFFFFFFFFFFFFFFFFFFFFFFFFFFFFFFFFFFFFFFFFFFFFFFFFF17
:2049C000FFFFFFFFFFFFFFFFFFFFFFFFFFFFFFFFFFFFFFFFFFFFFFFFFFFFFFFFFFFFFFFFF7
:2049E000FFFFFFFFFFFFFFFFFFFFFFFFFFFFFFFFFFFFFFFFFFFFFFFFFFFFFFFFFFFFFFFFD7
:204A0000FFFFFFFFFFFFFFFFFFFFFFFFFFFFFFFFFFFFFFFFFFFFFFFFFFFFFFFFFFFFFFFFB6
:204A2000FFFFFFFFFFFFFFFFFFFFFFFFFFFFFFFFFFFFFFFFFFFFFFFFFFFFFFFFFFFFFFFF96
:204A4000FFFFFFFFFFFFFFFFFFFFFFFFFFFFFFFFFFFFFFFFFFFFFFFFFFFFFFFFFFFFFFFF76
:204A6000FFFFFFFFFFFFFFFFFFFFFFFFFFFFFFFFFFFFFFFFFFFFFFFFFFFFFFFFFFFFFFFF56
:204A8000FFFFFFFFFFFFFFFFFFFFFFFFFFFFFFFFFFFFFFFFFFFFFFFFFFFFFFFFFFFFFFFF36
:204AA000FFFFFFFFFFFFFFFFFFFFFFFFFFFFFFFFFFFFFFFFFFFFFFFFFFFFFFFFFFFFFFFF16
:204AC000FFFFFFFFFFFFFFFFFFFFFFFFFFFFFFFFFFFFFFFFFFFFFFFFFFFFFFFFFFFFFFFFF6
:204AE000FFFFFFFFFFFFFFFFFFFFFFFFFFFFFFFFFFFFFFFFFFFFFFFFFFFFFFFFFFFFFFFFD6
:204B0000FFFFFFFFFFFFFFFFFFFFFFFFFFFFFFFFFFFFFFFFFFFFFFFFFFFFFFFFFFFFFFFFB5
:204B2000FFFFFFFFFFFFFFFFFFFFFFFFFFFFFFFFFFFFFFFFFFFFFFFFFFFFFFFFFFFFFFFF95
:204B4000FFFFFFFFFFFFFFFFFFFFFFFFFFFFFFFFFFFFFFFFFFFFFFFFFFFFFFFFFFFFFFFF75
:204B6000FFFFFFFFFFFFFFFFFFFFFFFFFFFFFFFFFFFFFFFFFFFFFFFFFFFFFFFFFFFFFFFF55
:204B8000FFFFFFFFFFFFFFFFFFFFFFFFFFFFFFFFFFFFFFFFFFFFFFFFFFFFFFFFFFFFFFFF35
:204BA000FFFFFFFFFFFFFFFFFFFFFFFFFFFFFFFFFFFFFFFFFFFFFFFFFFFFFFFFFFFFFFFF15
:204BC000FFFFFFFFFFFFFFFFFFFFFFFFFFFFFFFFFFFFFFFFFFFFFFFFFFFFFFFFFFFFFFFFF5
:204BE000FFFFFFFFFFFFFFFFFFFFFFFFFFFFFFFFFFFFFFFFFFFFFFFFFFFFFFFFFFFFFFFFD5
:204C0000FFFFFFFFFFFFFFFFFFFFFFFFFFFFFFFFFFFFFFFFFFFFFFFFFFFFFFFFFFFFFFFFB4
:204C2000FFFFFFFFFFFFFFFFFFFFFFFFFFFFFFFFFFFFFFFFFFFFFFFFFFFFFFFFFFFFFFFF94
:204C4000FFFFFFFFFFFFFFFFFFFFFFFFFFFFFFFFFFFFFFFFFFFFFFFFFFFFFFFFFFFFFFFF74
:204C6000FFFFFFFFFFFFFFFFFFFFFFFFFFFFFFFFFFFFFFFFFFFFFFFFFFFFFFFFFFFFFFFF54
:204C8000FFFFFFFFFFFFFFFFFFFFFFFFFFFFFFFFFFFFFFFFFFFFFFFFFFFFFFFFFFFFFFFF34
:204CA000FFFFFFFFFFFFFFFFFFFFFFFFFFFFFFFFFFFFFFFFFFFFFFFFFFFFFFFFFFFFFFFF14
:204CC000FFFFFFFFFFFFFFFFFFFFFFFFFFFFFFFFFFFFFFFFFFFFFFFFFFFFFFFFFFFFFFFFF4
:204CE000FFFFFFFFFFFFFFFFFFFFFFFFFFFFFFFFFFFFFFFFFFFFFFFFFFFFFFFFFFFFFFFFD4
:204D0000FFFFFFFFFFFFFFFFFFFFFFFFFFFFFFFFFFFFFFFFFFFFFFFFFFFFFFFFFFFFFFFFB3
:204D2000FFFFFFFFFFFFFFFFFFFFFFFFFFFFFFFFFFFFFFFFFFFFFFFFFFFFFFFFFFFFFFFF93
:204D4000FFFFFFFFFFFFFFFFFFFFFFFFFFFFFFFFFFFFFFFFFFFFFFFFFFFFFFFFFFFFFFFF73
:204D6000FFFFFFFFFFFFFFFFFFFFFFFFFFFFFFFFFFFFFFFFFFFFFFFFFFFFFFFFFFFFFFFF53
:204D8000FFFFFFFFFFFFFFFFFFFFFFFFFFFFFFFFFFFFFFFFFFFFFFFFFFFFFFFFFFFFFFFF33
:204DA000FFFFFFFFFFFFFFFFFFFFFFFFFFFFFFFFFFFFFFFFFFFFFFFFFFFFFFFFFFFFFFFF13
:204DC000FFFFFFFFFFFFFFFFFFFFFFFFFFFFFFFFFFFFFFFFFFFFFFFFFFFFFFFFFFFFFFFFF3
:204DE000FFFFFFFFFFFFFFFFFFFFFFFFFFFFFFFFFFFFFFFFFFFFFFFFFFFFFFFFFFFFFFFFD3
:204E0000FFFFFFFFFFFFFFFFFFFFFFFFFFFFFFFFFFFFFFFFFFFFFFFFFFFFFFFFFFFFFFFFB2
:204E2000FFFFFFFFFFFFFFFFFFFFFFFFFFFFFFFFFFFFFFFFFFFFFFFFFFFFFFFFFFFFFFFF92
:204E4000FFFFFFFFFFFFFFFFFFFFFFFFFFFFFFFFFFFFFFFFFFFFFFFFFFFFFFFFFFFFFFFF72
:204E6000FFFFFFFFFFFFFFFFFFFFFFFFFFFFFFFFFFFFFFFFFFFFFFFFFFFFFFFFFFFFFFFF52
:204E8000FFFFFFFFFFFFFFFFFFFFFFFFFFFFFFFFFFFFFFFFFFFFFFFFFFFFFFFFFFFFFFFF32
:204EA000FFFFFFFFFFFFFFFFFFFFFFFFFFFFFFFFFFFFFFFFFFFFFFFFFFFFFFFFFFFFFFFF12
:204EC000FFFFFFFFFFFFFFFFFFFFFFFFFFFFFFFFFFFFFFFFFFFFFFFFFFFFFFFFFFFFFFFFF2
:204EE000FFFFFFFFFFFFFFFFFFFFFFFFFFFFFFFFFFFFFFFFFFFFFFFFFFFFFFFFFFFFFFFFD2
:204F0000FFFFFFFFFFFFFFFFFFFFFFFFFFFFFFFFFFFFFFFFFFFFFFFFFFFFFFFFFFFFFFFFB1
:204F2000FFFFFFFFFFFFFFFFFFFFFFFFFFFFFFFFFFFFFFFFFFFFFFFFFFFFFFFFFFFFFFFF91
:204F4000FFFFFFFFFFFFFFFFFFFFFFFFFFFFFFFFFFFFFFFFFFFFFFFFFFFFFFFFFFFFFFFF71
:204F6000FFFFFFFFFFFFFFFFFFFFFFFFFFFFFFFFFFFFFFFFFFFFFFFFFFFFFFFFFFFFFFFF51
:204F8000FFFFFFFFFFFFFFFFFFFFFFFFFFFFFFFFFFFFFFFFFFFFFFFFFFFFFFFFFFFFFFFF31
:204FA000FFFFFFFFFFFFFFFFFFFFFFFFFFFFFFFFFFFFFFFFFFFFFFFFFFFFFFFFFFFFFFFF11
:204FC000FFFFFFFFFFFFFFFFFFFFFFFFFFFFFFFFFFFFFFFFFFFFFFFFFFFFFFFFFFFFFFFFF1
:204FE000FFFFFFFFFFFFFFFFFFFFFFFFFFFFFFFFFFFFFFFFFFFFFFFFFFFFFFFFFFFFFFFFD1
:20500000FFFFFFFFFFFFFFFFFFFFFFFFFFFFFFFFFFFFFFFFFFFFFFFFFFFFFFFFFFFFFFFFB0
:20502000FFFFFFFFFFFFFFFFFFFFFFFFFFFFFFFFFFFFFFFFFFFFFFFFFFFFFFFFFFFFFFFF90
:20504000FFFFFFFFFFFFFFFFFFFFFFFFFFFFFFFFFFFFFFFFFFFFFFFFFFFFFFFFFFFFFFFF70
:20506000FFFFFFFFFFFFFFFFFFFFFFFFFFFFFFFFFFFFFFFFFFFFFFFFFFFFFFFFFFFFFFFF50
:20508000FFFFFFFFFFFFFFFFFFFFFFFFFFFFFFFFFFFFFFFFFFFFFFFFFFFFFFFFFFFFFFFF30
:2050A000FFFFFFFFFFFFFFFFFFFFFFFFFFFFFFFFFFFFFFFFFFFFFFFFFFFFFFFFFFFFFFFF10
:2050C000FFFFFFFFFFFFFFFFFFFFFFFFFFFFFFFFFFFFFFFFFFFFFFFFFFFFFFFFFFFFFFFFF0
:2050E000FFFFFFFFFFFFFFFFFFFFFFFFFFFFFFFFFFFFFFFFFFFFFFFFFFFFFFFFFFFFFFFFD0
:20510000FFFFFFFFFFFFFFFFFFFFFFFFFFFFFFFFFFFFFFFFFFFFFFFFFFFFFFFFFFFFFFFFAF
:20512000FFFFFFFFFFFFFFFFFFFFFFFFFFFFFFFFFFFFFFFFFFFFFFFFFFFFFFFFFFFFFFFF8F
:20514000FFFFFFFFFFFFFFFFFFFFFFFFFFFFFFFFFFFFFFFFFFFFFFFFFFFFFFFFFFFFFFFF6F
:20516000FFFFFFFFFFFFFFFFFFFFFFFFFFFFFFFFFFFFFFFFFFFFFFFFFFFFFFFFFFFFFFFF4F
:20518000FFFFFFFFFFFFFFFFFFFFFFFFFFFFFFFFFFFFFFFFFFFFFFFFFFFFFFFFFFFFFFFF2F
:2051A000FFFFFFFFFFFFFFFFFFFFFFFFFFFFFFFFFFFFFFFFFFFFFFFFFFFFFFFFFFFFFFFF0F
:2051C000FFFFFFFFFFFFFFFFFFFFFFFFFFFFFFFFFFFFFFFFFFFFFFFFFFFFFFFFFFFFFFFFEF
:2051E000FFFFFFFFFFFFFFFFFFFFFFFFFFFFFFFFFFFFFFFFFFFFFFFFFFFFFFFFFFFFFFFFCF
:20520000FFFFFFFFFFFFFFFFFFFFFFFFFFFFFFFFFFFFFFFFFFFFFFFFFFFFFFFFFFFFFFFFAE
:20522000FFFFFFFFFFFFFFFFFFFFFFFFFFFFFFFFFFFFFFFFFFFFFFFFFFFFFFFFFFFFFFFF8E
:20524000FFFFFFFFFFFFFFFFFFFFFFFFFFFFFFFFFFFFFFFFFFFFFFFFFFFFFFFFFFFFFFFF6E
:20526000FFFFFFFFFFFFFFFFFFFFFFFFFFFFFFFFFFFFFFFFFFFFFFFFFFFFFFFFFFFFFFFF4E
:20528000FFFFFFFFFFFFFFFFFFFFFFFFFFFFFFFFFFFFFFFFFFFFFFFFFFFFFFFFFFFFFFFF2E
:2052A000FFFFFFFFFFFFFFFFFFFFFFFFFFFFFFFFFFFFFFFFFFFFFFFFFFFFFFFFFFFFFFFF0E
:2052C000FFFFFFFFFFFFFFFFFFFFFFFFFFFFFFFFFFFFFFFFFFFFFFFFFFFFFFFFFFFFFFFFEE
:2052E000FFFFFFFFFFFFFFFFFFFFFFFFFFFFFFFFFFFFFFFFFFFFFFFFFFFFFFFFFFFFFFFFCE
:20530000FFFFFFFFFFFFFFFFFFFFFFFFFFFFFFFFFFFFFFFFFFFFFFFFFFFFFFFFFFFFFFFFAD
:20532000FFFFFFFFFFFFFFFFFFFFFFFFFFFFFFFFFFFFFFFFFFFFFFFFFFFFFFFFFFFFFFFF8D
:20534000FFFFFFFFFFFFFFFFFFFFFFFFFFFFFFFFFFFFFFFFFFFFFFFFFFFFFFFFFFFFFFFF6D
:20536000FFFFFFFFFFFFFFFFFFFFFFFFFFFFFFFFFFFFFFFFFFFFFFFFFFFFFFFFFFFFFFFF4D
:20538000FFFFFFFFFFFFFFFFFFFFFFFFFFFFFFFFFFFFFFFFFFFFFFFFFFFFFFFFFFFFFFFF2D
:2053A000FFFFFFFFFFFFFFFFFFFFFFFFFFFFFFFFFFFFFFFFFFFFFFFFFFFFFFFFFFFFFFFF0D
:2053C000FFFFFFFFFFFFFFFFFFFFFFFFFFFFFFFFFFFFFFFFFFFFFFFFFFFFFFFFFFFFFFFFED
:2053E000FFFFFFFFFFFFFFFFFFFFFFFFFFFFFFFFFFFFFFFFFFFFFFFFFFFFFFFFFFFFFFFFCD
:20540000FFFFFFFFFFFFFFFFFFFFFFFFFFFFFFFFFFFFFFFFFFFFFFFFFFFFFFFFFFFFFFFFAC
:20542000FFFFFFFFFFFFFFFFFFFFFFFFFFFFFFFFFFFFFFFFFFFFFFFFFFFFFFFFFFFFFFFF8C
:20544000FFFFFFFFFFFFFFFFFFFFFFFFFFFFFFFFFFFFFFFFFFFFFFFFFFFFFFFFFFFFFFFF6C
:20546000FFFFFFFFFFFFFFFFFFFFFFFFFFFFFFFFFFFFFFFFFFFFFFFFFFFFFFFFFFFFFFFF4C
:20548000FFFFFFFFFFFFFFFFFFFFFFFFFFFFFFFFFFFFFFFFFFFFFFFFFFFFFFFFFFFFFFFF2C
:2054A000FFFFFFFFFFFFFFFFFFFFFFFFFFFFFFFFFFFFFFFFFFFFFFFFFFFFFFFFFFFFFFFF0C
:2054C000FFFFFFFFFFFFFFFFFFFFFFFFFFFFFFFFFFFFFFFFFFFFFFFFFFFFFFFFFFFFFFFFEC
:2054E000FFFFFFFFFFFFFFFFFFFFFFFFFFFFFFFFFFFFFFFFFFFFFFFFFFFFFFFFFFFFFFFFCC
:20550000FFFFFFFFFFFFFFFFFFFFFFFFFFFFFFFFFFFFFFFFFFFFFFFFFFFFFFFFFFFFFFFFAB
:20552000FFFFFFFFFFFFFFFFFFFFFFFFFFFFFFFFFFFFFFFFFFFFFFFFFFFFFFFFFFFFFFFF8B
:20554000FFFFFFFFFFFFFFFFFFFFFFFFFFFFFFFFFFFFFFFFFFFFFFFFFFFFFFFFFFFFFFFF6B
:20556000FFFFFFFFFFFFFFFFFFFFFFFFFFFFFFFFFFFFFFFFFFFFFFFFFFFFFFFFFFFFFFFF4B
:20558000FFFFFFFFFFFFFFFFFFFFFFFFFFFFFFFFFFFFFFFFFFFFFFFFFFFFFFFFFFFFFFFF2B
:2055A000FFFFFFFFFFFFFFFFFFFFFFFFFFFFFFFFFFFFFFFFFFFFFFFFFFFFFFFFFFFFFFFF0B
:2055C000FFFFFFFFFFFFFFFFFFFFFFFFFFFFFFFFFFFFFFFFFFFFFFFFFFFFFFFFFFFFFFFFEB
:2055E000FFFFFFFFFFFFFFFFFFFFFFFFFFFFFFFFFFFFFFFFFFFFFFFFFFFFFFFFFFFFFFFFCB
:20560000FFFFFFFFFFFFFFFFFFFFFFFFFFFFFFFFFFFFFFFFFFFFFFFFFFFFFFFFFFFFFFFFAA
:20562000FFFFFFFFFFFFFFFFFFFFFFFFFFFFFFFFFFFFFFFFFFFFFFFFFFFFFFFFFFFFFFFF8A
:20564000FFFFFFFFFFFFFFFFFFFFFFFFFFFFFFFFFFFFFFFFFFFFFFFFFFFFFFFFFFFFFFFF6A
:20566000FFFFFFFFFFFFFFFFFFFFFFFFFFFFFFFFFFFFFFFFFFFFFFFFFFFFFFFFFFFFFFFF4A
:20568000FFFFFFFFFFFFFFFFFFFFFFFFFFFFFFFFFFFFFFFFFFFFFFFFFFFFFFFFFFFFFFFF2A
:2056A000FFFFFFFFFFFFFFFFFFFFFFFFFFFFFFFFFFFFFFFFFFFFFFFFFFFFFFFFFFFFFFFF0A
:2056C000FFFFFFFFFFFFFFFFFFFFFFFFFFFFFFFFFFFFFFFFFFFFFFFFFFFFFFFFFFFFFFFFEA
:2056E000FFFFFFFFFFFFFFFFFFFFFFFFFFFFFFFFFFFFFFFFFFFFFFFFFFFFFFFFFFFFFFFFCA
:20570000FFFFFFFFFFFFFFFFFFFFFFFFFFFFFFFFFFFFFFFFFFFFFFFFFFFFFFFFFFFFFFFFA9
:20572000FFFFFFFFFFFFFFFFFFFFFFFFFFFFFFFFFFFFFFFFFFFFFFFFFFFFFFFFFFFFFFFF89
:20574000FFFFFFFFFFFFFFFFFFFFFFFFFFFFFFFFFFFFFFFFFFFFFFFFFFFFFFFFFFFFFFFF69
:20576000FFFFFFFFFFFFFFFFFFFFFFFFFFFFFFFFFFFFFFFFFFFFFFFFFFFFFFFFFFFFFFFF49
:20578000FFFFFFFFFFFFFFFFFFFFFFFFFFFFFFFFFFFFFFFFFFFFFFFFFFFFFFFFFFFFFFFF29
:2057A000FFFFFFFFFFFFFFFFFFFFFFFFFFFFFFFFFFFFFFFFFFFFFFFFFFFFFFFFFFFFFFFF09
:2057C000FFFFFFFFFFFFFFFFFFFFFFFFFFFFFFFFFFFFFFFFFFFFFFFFFFFFFFFFFFFFFFFFE9
:2057E000FFFFFFFFFFFFFFFFFFFFFFFFFFFFFFFFFFFFFFFFFFFFFFFFFFFFFFFFFFFFFFFFC9
:20580000FFFFFFFFFFFFFFFFFFFFFFFFFFFFFFFFFFFFFFFFFFFFFFFFFFFFFFFFFFFFFFFFA8
:20582000FFFFFFFFFFFFFFFFFFFFFFFFFFFFFFFFFFFFFFFFFFFFFFFFFFFFFFFFFFFFFFFF88
:20584000FFFFFFFFFFFFFFFFFFFFFFFFFFFFFFFFFFFFFFFFFFFFFFFFFFFFFFFFFFFFFFFF68
:20586000FFFFFFFFFFFFFFFFFFFFFFFFFFFFFFFFFFFFFFFFFFFFFFFFFFFFFFFFFFFFFFFF48
:20588000FFFFFFFFFFFFFFFFFFFFFFFFFFFFFFFFFFFFFFFFFFFFFFFFFFFFFFFFFFFFFFFF28
:2058A000FFFFFFFFFFFFFFFFFFFFFFFFFFFFFFFFFFFFFFFFFFFFFFFFFFFFFFFFFFFFFFFF08
:2058C000FFFFFFFFFFFFFFFFFFFFFFFFFFFFFFFFFFFFFFFFFFFFFFFFFFFFFFFFFFFFFFFFE8
:2058E000FFFFFFFFFFFFFFFFFFFFFFFFFFFFFFFFFFFFFFFFFFFFFFFFFFFFFFFFFFFFFFFFC8
:20590000FFFFFFFFFFFFFFFFFFFFFFFFFFFFFFFFFFFFFFFFFFFFFFFFFFFFFFFFFFFFFFFFA7
:20592000FFFFFFFFFFFFFFFFFFFFFFFFFFFFFFFFFFFFFFFFFFFFFFFFFFFFFFFFFFFFFFFF87
:20594000FFFFFFFFFFFFFFFFFFFFFFFFFFFFFFFFFFFFFFFFFFFFFFFFFFFFFFFFFFFFFFFF67
:20596000FFFFFFFFFFFFFFFFFFFFFFFFFFFFFFFFFFFFFFFFFFFFFFFFFFFFFFFFFFFFFFFF47
:20598000FFFFFFFFFFFFFFFFFFFFFFFFFFFFFFFFFFFFFFFFFFFFFFFFFFFFFFFFFFFFFFFF27
:2059A000FFFFFFFFFFFFFFFFFFFFFFFFFFFFFFFFFFFFFFFFFFFFFFFFFFFFFFFFFFFFFFFF07
:2059C000FFFFFFFFFFFFFFFFFFFFFFFFFFFFFFFFFFFFFFFFFFFFFFFFFFFFFFFFFFFFFFFFE7
:2059E000FFFFFFFFFFFFFFFFFFFFFFFFFFFFFFFFFFFFFFFFFFFFFFFFFFFFFFFFFFFFFFFFC7
:205A0000FFFFFFFFFFFFFFFFFFFFFFFFFFFFFFFFFFFFFFFFFFFFFFFFFFFFFFFFFFFFFFFFA6
:205A2000FFFFFFFFFFFFFFFFFFFFFFFFFFFFFFFFFFFFFFFFFFFFFFFFFFFFFFFFFFFFFFFF86
:205A4000FFFFFFFFFFFFFFFFFFFFFFFFFFFFFFFFFFFFFFFFFFFFFFFFFFFFFFFFFFFFFFFF66
:205A6000FFFFFFFFFFFFFFFFFFFFFFFFFFFFFFFFFFFFFFFFFFFFFFFFFFFFFFFFFFFFFFFF46
:205A8000FFFFFFFFFFFFFFFFFFFFFFFFFFFFFFFFFFFFFFFFFFFFFFFFFFFFFFFFFFFFFFFF26
:205AA000FFFFFFFFFFFFFFFFFFFFFFFFFFFFFFFFFFFFFFFFFFFFFFFFFFFFFFFFFFFFFFFF06
:205AC000FFFFFFFFFFFFFFFFFFFFFFFFFFFFFFFFFFFFFFFFFFFFFFFFFFFFFFFFFFFFFFFFE6
:205AE000FFFFFFFFFFFFFFFFFFFFFFFFFFFFFFFFFFFFFFFFFFFFFFFFFFFFFFFFFFFFFFFFC6
:205B0000FFFFFFFFFFFFFFFFFFFFFFFFFFFFFFFFFFFFFFFFFFFFFFFFFFFFFFFFFFFFFFFFA5
:205B2000FFFFFFFFFFFFFFFFFFFFFFFFFFFFFFFFFFFFFFFFFFFFFFFFFFFFFFFFFFFFFFFF85
:205B4000FFFFFFFFFFFFFFFFFFFFFFFFFFFFFFFFFFFFFFFFFFFFFFFFFFFFFFFFFFFFFFFF65
:205B6000FFFFFFFFFFFFFFFFFFFFFFFFFFFFFFFFFFFFFFFFFFFFFFFFFFFFFFFFFFFFFFFF45
:205B8000FFFFFFFFFFFFFFFFFFFFFFFFFFFFFFFFFFFFFFFFFFFFFFFFFFFFFFFFFFFFFFFF25
:205BA000FFFFFFFFFFFFFFFFFFFFFFFFFFFFFFFFFFFFFFFFFFFFFFFFFFFFFFFFFFFFFFFF05
:205BC000FFFFFFFFFFFFFFFFFFFFFFFFFFFFFFFFFFFFFFFFFFFFFFFFFFFFFFFFFFFFFFFFE5
:205BE000FFFFFFFFFFFFFFFFFFFFFFFFFFFFFFFFFFFFFFFFFFFFFFFFFFFFFFFFFFFFFFFFC5
:205C0000FFFFFFFFFFFFFFFFFFFFFFFFFFFFFFFFFFFFFFFFFFFFFFFFFFFFFFFFFFFFFFFFA4
:205C2000FFFFFFFFFFFFFFFFFFFFFFFFFFFFFFFFFFFFFFFFFFFFFFFFFFFFFFFFFFFFFFFF84
:205C4000FFFFFFFFFFFFFFFFFFFFFFFFFFFFFFFFFFFFFFFFFFFFFFFFFFFFFFFFFFFFFFFF64
:205C6000FFFFFFFFFFFFFFFFFFFFFFFFFFFFFFFFFFFFFFFFFFFFFFFFFFFFFFFFFFFFFFFF44
:205C8000FFFFFFFFFFFFFFFFFFFFFFFFFFFFFFFFFFFFFFFFFFFFFFFFFFFFFFFFFFFFFFFF24
:205CA000FFFFFFFFFFFFFFFFFFFFFFFFFFFFFFFFFFFFFFFFFFFFFFFFFFFFFFFFFFFFFFFF04
:205CC000FFFFFFFFFFFFFFFFFFFFFFFFFFFFFFFFFFFFFFFFFFFFFFFFFFFFFFFFFFFFFFFFE4
:205CE000FFFFFFFFFFFFFFFFFFFFFFFFFFFFFFFFFFFFFFFFFFFFFFFFFFFFFFFFFFFFFFFFC4
:205D0000FFFFFFFFFFFFFFFFFFFFFFFFFFFFFFFFFFFFFFFFFFFFFFFFFFFFFFFFFFFFFFFFA3
:205D2000FFFFFFFFFFFFFFFFFFFFFFFFFFFFFFFFFFFFFFFFFFFFFFFFFFFFFFFFFFFFFFFF83
:205D4000FFFFFFFFFFFFFFFFFFFFFFFFFFFFFFFFFFFFFFFFFFFFFFFFFFFFFFFFFFFFFFFF63
:205D6000FFFFFFFFFFFFFFFFFFFFFFFFFFFFFFFFFFFFFFFFFFFFFFFFFFFFFFFFFFFFFFFF43
:205D8000FFFFFFFFFFFFFFFFFFFFFFFFFFFFFFFFFFFFFFFFFFFFFFFFFFFFFFFFFFFFFFFF23
:205DA000FFFFFFFFFFFFFFFFFFFFFFFFFFFFFFFFFFFFFFFFFFFFFFFFFFFFFFFFFFFFFFFF03
:205DC000FFFFFFFFFFFFFFFFFFFFFFFFFFFFFFFFFFFFFFFFFFFFFFFFFFFFFFFFFFFFFFFFE3
:205DE000FFFFFFFFFFFFFFFFFFFFFFFFFFFFFFFFFFFFFFFFFFFFFFFFFFFFFFFFFFFFFFFFC3
:205E0000FFFFFFFFFFFFFFFFFFFFFFFFFFFFFFFFFFFFFFFFFFFFFFFFFFFFFFFFFFFFFFFFA2
:205E2000FFFFFFFFFFFFFFFFFFFFFFFFFFFFFFFFFFFFFFFFFFFFFFFFFFFFFFFFFFFFFFFF82
:205E4000FFFFFFFFFFFFFFFFFFFFFFFFFFFFFFFFFFFFFFFFFFFFFFFFFFFFFFFFFFFFFFFF62
:205E6000FFFFFFFFFFFFFFFFFFFFFFFFFFFFFFFFFFFFFFFFFFFFFFFFFFFFFFFFFFFFFFFF42
:205E8000FFFFFFFFFFFFFFFFFFFFFFFFFFFFFFFFFFFFFFFFFFFFFFFFFFFFFFFFFFFFFFFF22
:205EA000FFFFFFFFFFFFFFFFFFFFFFFFFFFFFFFFFFFFFFFFFFFFFFFFFFFFFFFFFFFFFFFF02
:205EC000FFFFFFFFFFFFFFFFFFFFFFFFFFFFFFFFFFFFFFFFFFFFFFFFFFFFFFFFFFFFFFFFE2
:205EE000FFFFFFFFFFFFFFFFFFFFFFFFFFFFFFFFFFFFFFFFFFFFFFFFFFFFFFFFFFFFFFFFC2
:205F0000FFFFFFFFFFFFFFFFFFFFFFFFFFFFFFFFFFFFFFFFFFFFFFFFFFFFFFFFFFFFFFFFA1
:205F2000FFFFFFFFFFFFFFFFFFFFFFFFFFFFFFFFFFFFFFFFFFFFFFFFFFFFFFFFFFFFFFFF81
:205F4000FFFFFFFFFFFFFFFFFFFFFFFFFFFFFFFFFFFFFFFFFFFFFFFFFFFFFFFFFFFFFFFF61
:205F6000FFFFFFFFFFFFFFFFFFFFFFFFFFFFFFFFFFFFFFFFFFFFFFFFFFFFFFFFFFFFFFFF41
:205F8000FFFFFFFFFFFFFFFFFFFFFFFFFFFFFFFFFFFFFFFFFFFFFFFFFFFFFFFFFFFFFFFF21
:205FA000FFFFFFFFFFFFFFFFFFFFFFFFFFFFFFFFFFFFFFFFFFFFFFFFFFFFFFFFFFFFFFFF01
:205FC000FFFFFFFFFFFFFFFFFFFFFFFFFFFFFFFFFFFFFFFFFFFFFFFFFFFFFFFFFFFFFFFFE1
:205FE000FFFFFFFFFFFFFFFFFFFFFFFFFFFFFFFFFFFFFFFFFFFFFFFFFFFFFFFFFFFFFFFFC1
:20600000FFFFFFFFFFFFFFFFFFFFFFFFFFFFFFFFFFFFFFFFFFFFFFFFFFFFFFFFFFFFFFFFA0
:20602000FFFFFFFFFFFFFFFFFFFFFFFFFFFFFFFFFFFFFFFFFFFFFFFFFFFFFFFFFFFFFFFF80
:20604000FFFFFFFFFFFFFFFFFFFFFFFFFFFFFFFFFFFFFFFFFFFFFFFFFFFFFFFFFFFFFFFF60
:20606000FFFFFFFFFFFFFFFFFFFFFFFFFFFFFFFFFFFFFFFFFFFFFFFFFFFFFFFFFFFFFFFF40
:20608000FFFFFFFFFFFFFFFFFFFFFFFFFFFFFFFFFFFFFFFFFFFFFFFFFFFFFFFFFFFFFFFF20
:2060A000FFFFFFFFFFFFFFFFFFFFFFFFFFFFFFFFFFFFFFFFFFFFFFFFFFFFFFFFFFFFFFFF00
:2060C000FFFFFFFFFFFFFFFFFFFFFFFFFFFFFFFFFFFFFFFFFFFFFFFFFFFFFFFFFFFFFFFFE0
:2060E000FFFFFFFFFFFFFFFFFFFFFFFFFFFFFFFFFFFFFFFFFFFFFFFFFFFFFFFFFFFFFFFFC0
:20610000FFFFFFFFFFFFFFFFFFFFFFFFFFFFFFFFFFFFFFFFFFFFFFFFFFFFFFFFFFFFFFFF9F
:20612000FFFFFFFFFFFFFFFFFFFFFFFFFFFFFFFFFFFFFFFFFFFFFFFFFFFFFFFFFFFFFFFF7F
:20614000FFFFFFFFFFFFFFFFFFFFFFFFFFFFFFFFFFFFFFFFFFFFFFFFFFFFFFFFFFFFFFFF5F
:20616000FFFFFFFFFFFFFFFFFFFFFFFFFFFFFFFFFFFFFFFFFFFFFFFFFFFFFFFFFFFFFFFF3F
:20618000FFFFFFFFFFFFFFFFFFFFFFFFFFFFFFFFFFFFFFFFFFFFFFFFFFFFFFFFFFFFFFFF1F
:2061A000FFFFFFFFFFFFFFFFFFFFFFFFFFFFFFFFFFFFFFFFFFFFFFFFFFFFFFFFFFFFFFFFFF
:2061C000FFFFFFFFFFFFFFFFFFFFFFFFFFFFFFFFFFFFFFFFFFFFFFFFFFFFFFFFFFFFFFFFDF
:2061E000FFFFFFFFFFFFFFFFFFFFFFFFFFFFFFFFFFFFFFFFFFFFFFFFFFFFFFFFFFFFFFFFBF
:20620000FFFFFFFFFFFFFFFFFFFFFFFFFFFFFFFFFFFFFFFFFFFFFFFFFFFFFFFFFFFFFFFF9E
:20622000FFFFFFFFFFFFFFFFFFFFFFFFFFFFFFFFFFFFFFFFFFFFFFFFFFFFFFFFFFFFFFFF7E
:20624000FFFFFFFFFFFFFFFFFFFFFFFFFFFFFFFFFFFFFFFFFFFFFFFFFFFFFFFFFFFFFFFF5E
:20626000FFFFFFFFFFFFFFFFFFFFFFFFFFFFFFFFFFFFFFFFFFFFFFFFFFFFFFFFFFFFFFFF3E
:20628000FFFFFFFFFFFFFFFFFFFFFFFFFFFFFFFFFFFFFFFFFFFFFFFFFFFFFFFFFFFFFFFF1E
:2062A000FFFFFFFFFFFFFFFFFFFFFFFFFFFFFFFFFFFFFFFFFFFFFFFFFFFFFFFFFFFFFFFFFE
:2062C000FFFFFFFFFFFFFFFFFFFFFFFFFFFFFFFFFFFFFFFFFFFFFFFFFFFFFFFFFFFFFFFFDE
:2062E000FFFFFFFFFFFFFFFFFFFFFFFFFFFFFFFFFFFFFFFFFFFFFFFFFFFFFFFFFFFFFFFFBE
:20630000FFFFFFFFFFFFFFFFFFFFFFFFFFFFFFFFFFFFFFFFFFFFFFFFFFFFFFFFFFFFFFFF9D
:20632000FFFFFFFFFFFFFFFFFFFFFFFFFFFFFFFFFFFFFFFFFFFFFFFFFFFFFFFFFFFFFFFF7D
:20634000FFFFFFFFFFFFFFFFFFFFFFFFFFFFFFFFFFFFFFFFFFFFFFFFFFFFFFFFFFFFFFFF5D
:20636000FFFFFFFFFFFFFFFFFFFFFFFFFFFFFFFFFFFFFFFFFFFFFFFFFFFFFFFFFFFFFFFF3D
:20638000FFFFFFFFFFFFFFFFFFFFFFFFFFFFFFFFFFFFFFFFFFFFFFFFFFFFFFFFFFFFFFFF1D
:2063A000FFFFFFFFFFFFFFFFFFFFFFFFFFFFFFFFFFFFFFFFFFFFFFFFFFFFFFFFFFFFFFFFFD
:2063C000FFFFFFFFFFFFFFFFFFFFFFFFFFFFFFFFFFFFFFFFFFFFFFFFFFFFFFFFFFFFFFFFDD
:2063E000FFFFFFFFFFFFFFFFFFFFFFFFFFFFFFFFFFFFFFFFFFFFFFFFFFFFFFFFFFFFFFFFBD
:20640000FFFFFFFFFFFFFFFFFFFFFFFFFFFFFFFFFFFFFFFFFFFFFFFFFFFFFFFFFFFFFFFF9C
:20642000FFFFFFFFFFFFFFFFFFFFFFFFFFFFFFFFFFFFFFFFFFFFFFFFFFFFFFFFFFFFFFFF7C
:20644000FFFFFFFFFFFFFFFFFFFFFFFFFFFFFFFFFFFFFFFFFFFFFFFFFFFFFFFFFFFFFFFF5C
:20646000FFFFFFFFFFFFFFFFFFFFFFFFFFFFFFFFFFFFFFFFFFFFFFFFFFFFFFFFFFFFFFFF3C
:20648000FFFFFFFFFFFFFFFFFFFFFFFFFFFFFFFFFFFFFFFFFFFFFFFFFFFFFFFFFFFFFFFF1C
:2064A000FFFFFFFFFFFFFFFFFFFFFFFFFFFFFFFFFFFFFFFFFFFFFFFFFFFFFFFFFFFFFFFFFC
:2064C000FFFFFFFFFFFFFFFFFFFFFFFFFFFFFFFFFFFFFFFFFFFFFFFFFFFFFFFFFFFFFFFFDC
:2064E000FFFFFFFFFFFFFFFFFFFFFFFFFFFFFFFFFFFFFFFFFFFFFFFFFFFFFFFFFFFFFFFFBC
:20650000FFFFFFFFFFFFFFFFFFFFFFFFFFFFFFFFFFFFFFFFFFFFFFFFFFFFFFFFFFFFFFFF9B
:20652000FFFFFFFFFFFFFFFFFFFFFFFFFFFFFFFFFFFFFFFFFFFFFFFFFFFFFFFFFFFFFFFF7B
:20654000FFFFFFFFFFFFFFFFFFFFFFFFFFFFFFFFFFFFFFFFFFFFFFFFFFFFFFFFFFFFFFFF5B
:20656000FFFFFFFFFFFFFFFFFFFFFFFFFFFFFFFFFFFFFFFFFFFFFFFFFFFFFFFFFFFFFFFF3B
:20658000FFFFFFFFFFFFFFFFFFFFFFFFFFFFFFFFFFFFFFFFFFFFFFFFFFFFFFFFFFFFFFFF1B
:2065A000FFFFFFFFFFFFFFFFFFFFFFFFFFFFFFFFFFFFFFFFFFFFFFFFFFFFFFFFFFFFFFFFFB
:2065C000FFFFFFFFFFFFFFFFFFFFFFFFFFFFFFFFFFFFFFFFFFFFFFFFFFFFFFFFFFFFFFFFDB
:2065E000FFFFFFFFFFFFFFFFFFFFFFFFFFFFFFFFFFFFFFFFFFFFFFFFFFFFFFFFFFFFFFFFBB
:20660000FFFFFFFFFFFFFFFFFFFFFFFFFFFFFFFFFFFFFFFFFFFFFFFFFFFFFFFFFFFFFFFF9A
:20662000FFFFFFFFFFFFFFFFFFFFFFFFFFFFFFFFFFFFFFFFFFFFFFFFFFFFFFFFFFFFFFFF7A
:20664000FFFFFFFFFFFFFFFFFFFFFFFFFFFFFFFFFFFFFFFFFFFFFFFFFFFFFFFFFFFFFFFF5A
:20666000FFFFFFFFFFFFFFFFFFFFFFFFFFFFFFFFFFFFFFFFFFFFFFFFFFFFFFFFFFFFFFFF3A
:20668000FFFFFFFFFFFFFFFFFFFFFFFFFFFFFFFFFFFFFFFFFFFFFFFFFFFFFFFFFFFFFFFF1A
:2066A000FFFFFFFFFFFFFFFFFFFFFFFFFFFFFFFFFFFFFFFFFFFFFFFFFFFFFFFFFFFFFFFFFA
:2066C000FFFFFFFFFFFFFFFFFFFFFFFFFFFFFFFFFFFFFFFFFFFFFFFFFFFFFFFFFFFFFFFFDA
:2066E000FFFFFFFFFFFFFFFFFFFFFFFFFFFFFFFFFFFFFFFFFFFFFFFFFFFFFFFFFFFFFFFFBA
:20670000FFFFFFFFFFFFFFFFFFFFFFFFFFFFFFFFFFFFFFFFFFFFFFFFFFFFFFFFFFFFFFFF99
:20672000FFFFFFFFFFFFFFFFFFFFFFFFFFFFFFFFFFFFFFFFFFFFFFFFFFFFFFFFFFFFFFFF79
:20674000FFFFFFFFFFFFFFFFFFFFFFFFFFFFFFFFFFFFFFFFFFFFFFFFFFFFFFFFFFFFFFFF59
:20676000FFFFFFFFFFFFFFFFFFFFFFFFFFFFFFFFFFFFFFFFFFFFFFFFFFFFFFFFFFFFFFFF39
:20678000FFFFFFFFFFFFFFFFFFFFFFFFFFFFFFFFFFFFFFFFFFFFFFFFFFFFFFFFFFFFFFFF19
:2067A000FFFFFFFFFFFFFFFFFFFFFFFFFFFFFFFFFFFFFFFFFFFFFFFFFFFFFFFFFFFFFFFFF9
:2067C000FFFFFFFFFFFFFFFFFFFFFFFFFFFFFFFFFFFFFFFFFFFFFFFFFFFFFFFFFFFFFFFFD9
:2067E000FFFFFFFFFFFFFFFFFFFFFFFFFFFFFFFFFFFFFFFFFFFFFFFFFFFFFFFFFFFFFFFFB9
:20680000FFFFFFFFFFFFFFFFFFFFFFFFFFFFFFFFFFFFFFFFFFFFFFFFFFFFFFFFFFFFFFFF98
:20682000FFFFFFFFFFFFFFFFFFFFFFFFFFFFFFFFFFFFFFFFFFFFFFFFFFFFFFFFFFFFFFFF78
:20684000FFFFFFFFFFFFFFFFFFFFFFFFFFFFFFFFFFFFFFFFFFFFFFFFFFFFFFFFFFFFFFFF58
:20686000FFFFFFFFFFFFFFFFFFFFFFFFFFFFFFFFFFFFFFFFFFFFFFFFFFFFFFFFFFFFFFFF38
:20688000FFFFFFFFFFFFFFFFFFFFFFFFFFFFFFFFFFFFFFFFFFFFFFFFFFFFFFFFFFFFFFFF18
:2068A000FFFFFFFFFFFFFFFFFFFFFFFFFFFFFFFFFFFFFFFFFFFFFFFFFFFFFFFFFFFFFFFFF8
:2068C000FFFFFFFFFFFFFFFFFFFFFFFFFFFFFFFFFFFFFFFFFFFFFFFFFFFFFFFFFFFFFFFFD8
:2068E000FFFFFFFFFFFFFFFFFFFFFFFFFFFFFFFFFFFFFFFFFFFFFFFFFFFFFFFFFFFFFFFFB8
:20690000FFFFFFFFFFFFFFFFFFFFFFFFFFFFFFFFFFFFFFFFFFFFFFFFFFFFFFFFFFFFFFFF97
:20692000FFFFFFFFFFFFFFFFFFFFFFFFFFFFFFFFFFFFFFFFFFFFFFFFFFFFFFFFFFFFFFFF77
:20694000FFFFFFFFFFFFFFFFFFFFFFFFFFFFFFFFFFFFFFFFFFFFFFFFFFFFFFFFFFFFFFFF57
:20696000FFFFFFFFFFFFFFFFFFFFFFFFFFFFFFFFFFFFFFFFFFFFFFFFFFFFFFFFFFFFFFFF37
:20698000FFFFFFFFFFFFFFFFFFFFFFFFFFFFFFFFFFFFFFFFFFFFFFFFFFFFFFFFFFFFFFFF17
:2069A000FFFFFFFFFFFFFFFFFFFFFFFFFFFFFFFFFFFFFFFFFFFFFFFFFFFFFFFFFFFFFFFFF7
:2069C000FFFFFFFFFFFFFFFFFFFFFFFFFFFFFFFFFFFFFFFFFFFFFFFFFFFFFFFFFFFFFFFFD7
:2069E000FFFFFFFFFFFFFFFFFFFFFFFFFFFFFFFFFFFFFFFFFFFFFFFFFFFFFFFFFFFFFFFFB7
:206A0000FFFFFFFFFFFFFFFFFFFFFFFFFFFFFFFFFFFFFFFFFFFFFFFFFFFFFFFFFFFFFFFF96
:206A2000FFFFFFFFFFFFFFFFFFFFFFFFFFFFFFFFFFFFFFFFFFFFFFFFFFFFFFFFFFFFFFFF76
:206A4000FFFFFFFFFFFFFFFFFFFFFFFFFFFFFFFFFFFFFFFFFFFFFFFFFFFFFFFFFFFFFFFF56
:206A6000FFFFFFFFFFFFFFFFFFFFFFFFFFFFFFFFFFFFFFFFFFFFFFFFFFFFFFFFFFFFFFFF36
:206A8000FFFFFFFFFFFFFFFFFFFFFFFFFFFFFFFFFFFFFFFFFFFFFFFFFFFFFFFFFFFFFFFF16
:206AA000FFFFFFFFFFFFFFFFFFFFFFFFFFFFFFFFFFFFFFFFFFFFFFFFFFFFFFFFFFFFFFFFF6
:206AC000FFFFFFFFFFFFFFFFFFFFFFFFFFFFFFFFFFFFFFFFFFFFFFFFFFFFFFFFFFFFFFFFD6
:206AE000FFFFFFFFFFFFFFFFFFFFFFFFFFFFFFFFFFFFFFFFFFFFFFFFFFFFFFFFFFFFFFFFB6
:206B0000FFFFFFFFFFFFFFFFFFFFFFFFFFFFFFFFFFFFFFFFFFFFFFFFFFFFFFFFFFFFFFFF95
:206B2000FFFFFFFFFFFFFFFFFFFFFFFFFFFFFFFFFFFFFFFFFFFFFFFFFFFFFFFFFFFFFFFF75
:206B4000FFFFFFFFFFFFFFFFFFFFFFFFFFFFFFFFFFFFFFFFFFFFFFFFFFFFFFFFFFFFFFFF55
:206B6000FFFFFFFFFFFFFFFFFFFFFFFFFFFFFFFFFFFFFFFFFFFFFFFFFFFFFFFFFFFFFFFF35
:206B8000FFFFFFFFFFFFFFFFFFFFFFFFFFFFFFFFFFFFFFFFFFFFFFFFFFFFFFFFFFFFFFFF15
:206BA000FFFFFFFFFFFFFFFFFFFFFFFFFFFFFFFFFFFFFFFFFFFFFFFFFFFFFFFFFFFFFFFFF5
:206BC000FFFFFFFFFFFFFFFFFFFFFFFFFFFFFFFFFFFFFFFFFFFFFFFFFFFFFFFFFFFFFFFFD5
:206BE000FFFFFFFFFFFFFFFFFFFFFFFFFFFFFFFFFFFFFFFFFFFFFFFFFFFFFFFFFFFFFFFFB5
:206C0000FFFFFFFFFFFFFFFFFFFFFFFFFFFFFFFFFFFFFFFFFFFFFFFFFFFFFFFFFFFFFFFF94
:206C2000FFFFFFFFFFFFFFFFFFFFFFFFFFFFFFFFFFFFFFFFFFFFFFFFFFFFFFFFFFFFFFFF74
:206C4000FFFFFFFFFFFFFFFFFFFFFFFFFFFFFFFFFFFFFFFFFFFFFFFFFFFFFFFFFFFFFFFF54
:206C6000FFFFFFFFFFFFFFFFFFFFFFFFFFFFFFFFFFFFFFFFFFFFFFFFFFFFFFFFFFFFFFFF34
:206C8000FFFFFFFFFFFFFFFFFFFFFFFFFFFFFFFFFFFFFFFFFFFFFFFFFFFFFFFFFFFFFFFF14
:206CA000FFFFFFFFFFFFFFFFFFFFFFFFFFFFFFFFFFFFFFFFFFFFFFFFFFFFFFFFFFFFFFFFF4
:206CC000FFFFFFFFFFFFFFFFFFFFFFFFFFFFFFFFFFFFFFFFFFFFFFFFFFFFFFFFFFFFFFFFD4
:206CE000FFFFFFFFFFFFFFFFFFFFFFFFFFFFFFFFFFFFFFFFFFFFFFFFFFFFFFFFFFFFFFFFB4
:206D0000FFFFFFFFFFFFFFFFFFFFFFFFFFFFFFFFFFFFFFFFFFFFFFFFFFFFFFFFFFFFFFFF93
:206D2000FFFFFFFFFFFFFFFFFFFFFFFFFFFFFFFFFFFFFFFFFFFFFFFFFFFFFFFFFFFFFFFF73
:206D4000FFFFFFFFFFFFFFFFFFFFFFFFFFFFFFFFFFFFFFFFFFFFFFFFFFFFFFFFFFFFFFFF53
:206D6000FFFFFFFFFFFFFFFFFFFFFFFFFFFFFFFFFFFFFFFFFFFFFFFFFFFFFFFFFFFFFFFF33
:206D8000FFFFFFFFFFFFFFFFFFFFFFFFFFFFFFFFFFFFFFFFFFFFFFFFFFFFFFFFFFFFFFFF13
:206DA000FFFFFFFFFFFFFFFFFFFFFFFFFFFFFFFFFFFFFFFFFFFFFFFFFFFFFFFFFFFFFFFFF3
:206DC000FFFFFFFFFFFFFFFFFFFFFFFFFFFFFFFFFFFFFFFFFFFFFFFFFFFFFFFFFFFFFFFFD3
:206DE000FFFFFFFFFFFFFFFFFFFFFFFFFFFFFFFFFFFFFFFFFFFFFFFFFFFFFFFFFFFFFFFFB3
:206E0000FFFFFFFFFFFFFFFFFFFFFFFFFFFFFFFFFFFFFFFFFFFFFFFFFFFFFFFFFFFFFFFF92
:206E2000FFFFFFFFFFFFFFFFFFFFFFFFFFFFFFFFFFFFFFFFFFFFFFFFFFFFFFFFFFFFFFFF72
:206E4000FFFFFFFFFFFFFFFFFFFFFFFFFFFFFFFFFFFFFFFFFFFFFFFFFFFFFFFFFFFFFFFF52
:206E6000FFFFFFFFFFFFFFFFFFFFFFFFFFFFFFFFFFFFFFFFFFFFFFFFFFFFFFFFFFFFFFFF32
:206E8000FFFFFFFFFFFFFFFFFFFFFFFFFFFFFFFFFFFFFFFFFFFFFFFFFFFFFFFFFFFFFFFF12
:206EA000FFFFFFFFFFFFFFFFFFFFFFFFFFFFFFFFFFFFFFFFFFFFFFFFFFFFFFFFFFFFFFFFF2
:206EC000FFFFFFFFFFFFFFFFFFFFFFFFFFFFFFFFFFFFFFFFFFFFFFFFFFFFFFFFFFFFFFFFD2
:206EE000FFFFFFFFFFFFFFFFFFFFFFFFFFFFFFFFFFFFFFFFFFFFFFFFFFFFFFFFFFFFFFFFB2
:206F0000FFFFFFFFFFFFFFFFFFFFFFFFFFFFFFFFFFFFFFFFFFFFFFFFFFFFFFFFFFFFFFFF91
:206F2000FFFFFFFFFFFFFFFFFFFFFFFFFFFFFFFFFFFFFFFFFFFFFFFFFFFFFFFFFFFFFFFF71
:206F4000FFFFFFFFFFFFFFFFFFFFFFFFFFFFFFFFFFFFFFFFFFFFFFFFFFFFFFFFFFFFFFFF51
:206F6000FFFFFFFFFFFFFFFFFFFFFFFFFFFFFFFFFFFFFFFFFFFFFFFFFFFFFFFFFFFFFFFF31
:206F8000FFFFFFFFFFFFFFFFFFFFFFFFFFFFFFFFFFFFFFFFFFFFFFFFFFFFFFFFFFFFFFFF11
:206FA000FFFFFFFFFFFFFFFFFFFFFFFFFFFFFFFFFFFFFFFFFFFFFFFFFFFFFFFFFFFFFFFFF1
:206FC000FFFFFFFFFFFFFFFFFFFFFFFFFFFFFFFFFFFFFFFFFFFFFFFFFFFFFFFFFFFFFFFFD1
:206FE000FFFFFFFFFFFFFFFFFFFFFFFFFFFFFFFFFFFFFFFFFFFFFFFFFFFFFFFFFFFFFFFFB1
:20700000FFFFFFFFFFFFFFFFFFFFFFFFFFFFFFFFFFFFFFFFFFFFFFFFFFFFFFFFFFFFFFFF90
:20702000FFFFFFFFFFFFFFFFFFFFFFFFFFFFFFFFFFFFFFFFFFFFFFFFFFFFFFFFFFFFFFFF70
:20704000FFFFFFFFFFFFFFFFFFFFFFFFFFFFFFFFFFFFFFFFFFFFFFFFFFFFFFFFFFFFFFFF50
:20706000FFFFFFFFFFFFFFFFFFFFFFFFFFFFFFFFFFFFFFFFFFFFFFFFFFFFFFFFFFFFFFFF30
:20708000FFFFFFFFFFFFFFFFFFFFFFFFFFFFFFFFFFFFFFFFFFFFFFFFFFFFFFFFFFFFFFFF10
:2070A000FFFFFFFFFFFFFFFFFFFFFFFFFFFFFFFFFFFFFFFFFFFFFFFFFFFFFFFFFFFFFFFFF0
:2070C000FFFFFFFFFFFFFFFFFFFFFFFFFFFFFFFFFFFFFFFFFFFFFFFFFFFFFFFFFFFFFFFFD0
:2070E000FFFFFFFFFFFFFFFFFFFFFFFFFFFFFFFFFFFFFFFFFFFFFFFFFFFFFFFFFFFFFFFFB0
:20710000FFFFFFFFFFFFFFFFFFFFFFFFFFFFFFFFFFFFFFFFFFFFFFFFFFFFFFFFFFFFFFFF8F
:20712000FFFFFFFFFFFFFFFFFFFFFFFFFFFFFFFFFFFFFFFFFFFFFFFFFFFFFFFFFFFFFFFF6F
:20714000FFFFFFFFFFFFFFFFFFFFFFFFFFFFFFFFFFFFFFFFFFFFFFFFFFFFFFFFFFFFFFFF4F
:20716000FFFFFFFFFFFFFFFFFFFFFFFFFFFFFFFFFFFFFFFFFFFFFFFFFFFFFFFFFFFFFFFF2F
:20718000FFFFFFFFFFFFFFFFFFFFFFFFFFFFFFFFFFFFFFFFFFFFFFFFFFFFFFFFFFFFFFFF0F
:2071A000FFFFFFFFFFFFFFFFFFFFFFFFFFFFFFFFFFFFFFFFFFFFFFFFFFFFFFFFFFFFFFFFEF
:2071C000FFFFFFFFFFFFFFFFFFFFFFFFFFFFFFFFFFFFFFFFFFFFFFFFFFFFFFFFFFFFFFFFCF
:2071E000FFFFFFFFFFFFFFFFFFFFFFFFFFFFFFFFFFFFFFFFFFFFFFFFFFFFFFFFFFFFFFFFAF
:20720000FFFFFFFFFFFFFFFFFFFFFFFFFFFFFFFFFFFFFFFFFFFFFFFFFFFFFFFFFFFFFFFF8E
:20722000FFFFFFFFFFFFFFFFFFFFFFFFFFFFFFFFFFFFFFFFFFFFFFFFFFFFFFFFFFFFFFFF6E
:20724000FFFFFFFFFFFFFFFFFFFFFFFFFFFFFFFFFFFFFFFFFFFFFFFFFFFFFFFFFFFFFFFF4E
:20726000FFFFFFFFFFFFFFFFFFFFFFFFFFFFFFFFFFFFFFFFFFFFFFFFFFFFFFFFFFFFFFFF2E
:20728000FFFFFFFFFFFFFFFFFFFFFFFFFFFFFFFFFFFFFFFFFFFFFFFFFFFFFFFFFFFFFFFF0E
:2072A000FFFFFFFFFFFFFFFFFFFFFFFFFFFFFFFFFFFFFFFFFFFFFFFFFFFFFFFFFFFFFFFFEE
:2072C000FFFFFFFFFFFFFFFFFFFFFFFFFFFFFFFFFFFFFFFFFFFFFFFFFFFFFFFFFFFFFFFFCE
:2072E000FFFFFFFFFFFFFFFFFFFFFFFFFFFFFFFFFFFFFFFFFFFFFFFFFFFFFFFFFFFFFFFFAE
:20730000FFFFFFFFFFFFFFFFFFFFFFFFFFFFFFFFFFFFFFFFFFFFFFFFFFFFFFFFFFFFFFFF8D
:20732000FFFFFFFFFFFFFFFFFFFFFFFFFFFFFFFFFFFFFFFFFFFFFFFFFFFFFFFFFFFFFFFF6D
:20734000FFFFFFFFFFFFFFFFFFFFFFFFFFFFFFFFFFFFFFFFFFFFFFFFFFFFFFFFFFFFFFFF4D
:20736000FFFFFFFFFFFFFFFFFFFFFFFFFFFFFFFFFFFFFFFFFFFFFFFFFFFFFFFFFFFFFFFF2D
:20738000FFFFFFFFFFFFFFFFFFFFFFFFFFFFFFFFFFFFFFFFFFFFFFFFFFFFFFFFFFFFFFFF0D
:2073A000FFFFFFFFFFFFFFFFFFFFFFFFFFFFFFFFFFFFFFFFFFFFFFFFFFFFFFFFFFFFFFFFED
:2073C000FFFFFFFFFFFFFFFFFFFFFFFFFFFFFFFFFFFFFFFFFFFFFFFFFFFFFFFFFFFFFFFFCD
:2073E000FFFFFFFFFFFFFFFFFFFFFFFFFFFFFFFFFFFFFFFFFFFFFFFFFFFFFFFFFFFFFFFFAD
:20740000FFFFFFFFFFFFFFFFFFFFFFFFFFFFFFFFFFFFFFFFFFFFFFFFFFFFFFFFFFFFFFFF8C
:20742000FFFFFFFFFFFFFFFFFFFFFFFFFFFFFFFFFFFFFFFFFFFFFFFFFFFFFFFFFFFFFFFF6C
:20744000FFFFFFFFFFFFFFFFFFFFFFFFFFFFFFFFFFFFFFFFFFFFFFFFFFFFFFFFFFFFFFFF4C
:20746000FFFFFFFFFFFFFFFFFFFFFFFFFFFFFFFFFFFFFFFFFFFFFFFFFFFFFFFFFFFFFFFF2C
:20748000FFFFFFFFFFFFFFFFFFFFFFFFFFFFFFFFFFFFFFFFFFFFFFFFFFFFFFFFFFFFFFFF0C
:2074A000FFFFFFFFFFFFFFFFFFFFFFFFFFFFFFFFFFFFFFFFFFFFFFFFFFFFFFFFFFFFFFFFEC
:2074C000FFFFFFFFFFFFFFFFFFFFFFFFFFFFFFFFFFFFFFFFFFFFFFFFFFFFFFFFFFFFFFFFCC
:2074E000FFFFFFFFFFFFFFFFFFFFFFFFFFFFFFFFFFFFFFFFFFFFFFFFFFFFFFFFFFFFFFFFAC
:20750000FFFFFFFFFFFFFFFFFFFFFFFFFFFFFFFFFFFFFFFFFFFFFFFFFFFFFFFFFFFFFFFF8B
:20752000FFFFFFFFFFFFFFFFFFFFFFFFFFFFFFFFFFFFFFFFFFFFFFFFFFFFFFFFFFFFFFFF6B
:20754000FFFFFFFFFFFFFFFFFFFFFFFFFFFFFFFFFFFFFFFFFFFFFFFFFFFFFFFFFFFFFFFF4B
:20756000FFFFFFFFFFFFFFFFFFFFFFFFFFFFFFFFFFFFFFFFFFFFFFFFFFFFFFFFFFFFFFFF2B
:20758000FFFFFFFFFFFFFFFFFFFFFFFFFFFFFFFFFFFFFFFFFFFFFFFFFFFFFFFFFFFFFFFF0B
:2075A000FFFFFFFFFFFFFFFFFFFFFFFFFFFFFFFFFFFFFFFFFFFFFFFFFFFFFFFFFFFFFFFFEB
:2075C000FFFFFFFFFFFFFFFFFFFFFFFFFFFFFFFFFFFFFFFFFFFFFFFFFFFFFFFFFFFFFFFFCB
:2075E000FFFFFFFFFFFFFFFFFFFFFFFFFFFFFFFFFFFFFFFFFFFFFFFFFFFFFFFFFFFFFFFFAB
:20760000FFFFFFFFFFFFFFFFFFFFFFFFFFFFFFFFFFFFFFFFFFFFFFFFFFFFFFFFFFFFFFFF8A
:20762000FFFFFFFFFFFFFFFFFFFFFFFFFFFFFFFFFFFFFFFFFFFFFFFFFFFFFFFFFFFFFFFF6A
:20764000FFFFFFFFFFFFFFFFFFFFFFFFFFFFFFFFFFFFFFFFFFFFFFFFFFFFFFFFFFFFFFFF4A
:20766000FFFFFFFFFFFFFFFFFFFFFFFFFFFFFFFFFFFFFFFFFFFFFFFFFFFFFFFFFFFFFFFF2A
:20768000FFFFFFFFFFFFFFFFFFFFFFFFFFFFFFFFFFFFFFFFFFFFFFFFFFFFFFFFFFFFFFFF0A
:2076A000FFFFFFFFFFFFFFFFFFFFFFFFFFFFFFFFFFFFFFFFFFFFFFFFFFFFFFFFFFFFFFFFEA
:2076C000FFFFFFFFFFFFFFFFFFFFFFFFFFFFFFFFFFFFFFFFFFFFFFFFFFFFFFFFFFFFFFFFCA
:2076E000FFFFFFFFFFFFFFFFFFFFFFFFFFFFFFFFFFFFFFFFFFFFFFFFFFFFFFFFFFFFFFFFAA
:20770000FFFFFFFFFFFFFFFFFFFFFFFFFFFFFFFFFFFFFFFFFFFFFFFFFFFFFFFFFFFFFFFF89
:20772000FFFFFFFFFFFFFFFFFFFFFFFFFFFFFFFFFFFFFFFFFFFFFFFFFFFFFFFFFFFFFFFF69
:20774000FFFFFFFFFFFFFFFFFFFFFFFFFFFFFFFFFFFFFFFFFFFFFFFFFFFFFFFFFFFFFFFF49
:20776000FFFFFFFFFFFFFFFFFFFFFFFFFFFFFFFFFFFFFFFFFFFFFFFFFFFFFFFFFFFFFFFF29
:20778000FFFFFFFFFFFFFFFFFFFFFFFFFFFFFFFFFFFFFFFFFFFFFFFFFFFFFFFFFFFFFFFF09
:2077A000FFFFFFFFFFFFFFFFFFFFFFFFFFFFFFFFFFFFFFFFFFFFFFFFFFFFFFFFFFFFFFFFE9
:2077C000FFFFFFFFFFFFFFFFFFFFFFFFFFFFFFFFFFFFFFFFFFFFFFFFFFFFFFFFFFFFFFFFC9
:2077E000FFFFFFFFFFFFFFFFFFFFFFFFFFFFFFFFFFFFFFFFFFFFFFFFFFFFFFFFFFFFFFFFA9
:20780000FFFFFFFFFFFFFFFFFFFFFFFFFFFFFFFFFFFFFFFFFFFFFFFFFFFFFFFFFFFFFFFF88
:20782000FFFFFFFFFFFFFFFFFFFFFFFFFFFFFFFFFFFFFFFFFFFFFFFFFFFFFFFFFFFFFFFF68
:20784000FFFFFFFFFFFFFFFFFFFFFFFFFFFFFFFFFFFFFFFFFFFFFFFFFFFFFFFFFFFFFFFF48
:20786000FFFFFFFFFFFFFFFFFFFFFFFFFFFFFFFFFFFFFFFFFFFFFFFFFFFFFFFFFFFFFFFF28
:20788000FFFFFFFFFFFFFFFFFFFFFFFFFFFFFFFFFFFFFFFFFFFFFFFFFFFFFFFFFFFFFFFF08
:2078A000FFFFFFFFFFFFFFFFFFFFFFFFFFFFFFFFFFFFFFFFFFFFFFFFFFFFFFFFFFFFFFFFE8
:2078C000FFFFFFFFFFFFFFFFFFFFFFFFFFFFFFFFFFFFFFFFFFFFFFFFFFFFFFFFFFFFFFFFC8
:2078E000FFFFFFFFFFFFFFFFFFFFFFFFFFFFFFFFFFFFFFFFFFFFFFFFFFFFFFFFFFFFFFFFA8
:20790000FFFFFFFFFFFFFFFFFFFFFFFFFFFFFFFFFFFFFFFFFFFFFFFFFFFFFFFFFFFFFFFF87
:20792000FFFFFFFFFFFFFFFFFFFFFFFFFFFFFFFFFFFFFFFFFFFFFFFFFFFFFFFFFFFFFFFF67
:20794000FFFFFFFFFFFFFFFFFFFFFFFFFFFFFFFFFFFFFFFFFFFFFFFFFFFFFFFFFFFFFFFF47
:20796000FFFFFFFFFFFFFFFFFFFFFFFFFFFFFFFFFFFFFFFFFFFFFFFFFFFFFFFFFFFFFFFF27
:20798000FFFFFFFFFFFFFFFFFFFFFFFFFFFFFFFFFFFFFFFFFFFFFFFFFFFFFFFFFFFFFFFF07
:2079A000FFFFFFFFFFFFFFFFFFFFFFFFFFFFFFFFFFFFFFFFFFFFFFFFFFFFFFFFFFFFFFFFE7
:2079C000FFFFFFFFFFFFFFFFFFFFFFFFFFFFFFFFFFFFFFFFFFFFFFFFFFFFFFFFFFFFFFFFC7
:2079E000FFFFFFFFFFFFFFFFFFFFFFFFFFFFFFFFFFFFFFFFFFFFFFFFFFFFFFFFFFFFFFFFA7
:207A0000FFFFFFFFFFFFFFFFFFFFFFFFFFFFFFFFFFFFFFFFFFFFFFFFFFFFFFFFFFFFFFFF86
:207A2000FFFFFFFFFFFFFFFFFFFFFFFFFFFFFFFFFFFFFFFFFFFFFFFFFFFFFFFFFFFFFFFF66
:207A4000FFFFFFFFFFFFFFFFFFFFFFFFFFFFFFFFFFFFFFFFFFFFFFFFFFFFFFFFFFFFFFFF46
:207A6000FFFFFFFFFFFFFFFFFFFFFFFFFFFFFFFFFFFFFFFFFFFFFFFFFFFFFFFFFFFFFFFF26
:207A8000FFFFFFFFFFFFFFFFFFFFFFFFFFFFFFFFFFFFFFFFFFFFFFFFFFFFFFFFFFFFFFFF06
:207AA000FFFFFFFFFFFFFFFFFFFFFFFFFFFFFFFFFFFFFFFFFFFFFFFFFFFFFFFFFFFFFFFFE6
:207AC000FFFFFFFFFFFFFFFFFFFFFFFFFFFFFFFFFFFFFFFFFFFFFFFFFFFFFFFFFFFFFFFFC6
:207AE000FFFFFFFFFFFFFFFFFFFFFFFFFFFFFFFFFFFFFFFFFFFFFFFFFFFFFFFFFFFFFFFFA6
:207B0000FFFFFFFFFFFFFFFFFFFFFFFFFFFFFFFFFFFFFFFFFFFFFFFFFFFFFFFFFFFFFFFF85
:207B2000FFFFFFFFFFFFFFFFFFFFFFFFFFFFFFFFFFFFFFFFFFFFFFFFFFFFFFFFFFFFFFFF65
:207B4000FFFFFFFFFFFFFFFFFFFFFFFFFFFFFFFFFFFFFFFFFFFFFFFFFFFFFFFFFFFFFFFF45
:207B6000FFFFFFFFFFFFFFFFFFFFFFFFFFFFFFFFFFFFFFFFFFFFFFFFFFFFFFFFFFFFFFFF25
:207B8000FFFFFFFFFFFFFFFFFFFFFFFFFFFFFFFFFFFFFFFFFFFFFFFFFFFFFFFFFFFFFFFF05
:207BA000FFFFFFFFFFFFFFFFFFFFFFFFFFFFFFFFFFFFFFFFFFFFFFFFFFFFFFFFFFFFFFFFE5
:207BC000FFFFFFFFFFFFFFFFFFFFFFFFFFFFFFFFFFFFFFFFFFFFFFFFFFFFFFFFFFFFFFFFC5
:207BE000FFFFFFFFFFFFFFFFFFFFFFFFFFFFFFFFFFFFFFFFFFFFFFFFFFFFFFFFFFFFFFFFA5
:207C0000FFFFFFFFFFFFFFFFFFFFFFFFFFFFFFFFFFFFFFFFFFFFFFFFFFFFFFFFFFFFFFFF84
:207C2000FFFFFFFFFFFFFFFFFFFFFFFFFFFFFFFFFFFFFFFFFFFFFFFFFFFFFFFFFFFFFFFF64
:207C4000FFFFFFFFFFFFFFFFFFFFFFFFFFFFFFFFFFFFFFFFFFFFFFFFFFFFFFFFFFFFFFFF44
:207C6000FFFFFFFFFFFFFFFFFFFFFFFFFFFFFFFFFFFFFFFFFFFFFFFFFFFFFFFFFFFFFFFF24
:207C8000FFFFFFFFFFFFFFFFFFFFFFFFFFFFFFFFFFFFFFFFFFFFFFFFFFFFFFFFFFFFFFFF04
:207CA000FFFFFFFFFFFFFFFFFFFFFFFFFFFFFFFFFFFFFFFFFFFFFFFFFFFFFFFFFFFFFFFFE4
:207CC000FFFFFFFFFFFFFFFFFFFFFFFFFFFFFFFFFFFFFFFFFFFFFFFFFFFFFFFFFFFFFFFFC4
:207CE000FFFFFFFFFFFFFFFFFFFFFFFFFFFFFFFFFFFFFFFFFFFFFFFFFFFFFFFFFFFFFFFFA4
:207D0000FFFFFFFFFFFFFFFFFFFFFFFFFFFFFFFFFFFFFFFFFFFFFFFFFFFFFFFFFFFFFFFF83
:207D2000FFFFFFFFFFFFFFFFFFFFFFFFFFFFFFFFFFFFFFFFFFFFFFFFFFFFFFFFFFFFFFFF63
:207D4000FFFFFFFFFFFFFFFFFFFFFFFFFFFFFFFFFFFFFFFFFFFFFFFFFFFFFFFFFFFFFFFF43
:207D6000FFFFFFFFFFFFFFFFFFFFFFFFFFFFFFFFFFFFFFFFFFFFFFFFFFFFFFFFFFFFFFFF23
:207D8000FFFFFFFFFFFFFFFFFFFFFFFFFFFFFFFFFFFFFFFFFFFFFFFFFFFFFFFFFFFFFFFF03
:207DA000FFFFFFFFFFFFFFFFFFFFFFFFFFFFFFFFFFFFFFFFFFFFFFFFFFFFFFFFFFFFFFFFE3
:207DC000FFFFFFFFFFFFFFFFFFFFFFFFFFFFFFFFFFFFFFFFFFFFFFFFFFFFFFFFFFFFFFFFC3
:207DE000FFFFFFFFFFFFFFFFFFFFFFFFFFFFFFFFFFFFFFFFFFFFFFFFFFFFFFFFFFFFFFFFA3
:207E0000FFFFFFFFFFFFFFFFFFFFFFFFFFFFFFFFFFFFFFFFFFFFFFFFFFFFFFFFFFFFFFFF82
:207E2000FFFFFFFFFFFFFFFFFFFFFFFFFFFFFFFFFFFFFFFFFFFFFFFFFFFFFFFFFFFFFFFF62
:207E4000FFFFFFFFFFFFFFFFFFFFFFFFFFFFFFFFFFFFFFFFFFFFFFFFFFFFFFFFFFFFFFFF42
:207E6000FFFFFFFFFFFFFFFFFFFFFFFFFFFFFFFFFFFFFFFFFFFFFFFFFFFFFFFFFFFFFFFF22
:207E8000FFFFFFFFFFFFFFFFFFFFFFFFFFFFFFFFFFFFFFFFFFFFFFFFFFFFFFFFFFFFFFFF02
:207EA000FFFFFFFFFFFFFFFFFFFFFFFFFFFFFFFFFFFFFFFFFFFFFFFFFFFFFFFFFFFFFFFFE2
:207EC000FFFFFFFFFFFFFFFFFFFFFFFFFFFFFFFFFFFFFFFFFFFFFFFFFFFFFFFFFFFFFFFFC2
:207EE000FFFFFFFFFFFFFFFFFFFFFFFFFFFFFFFFFFFFFFFFFFFFFFFFFFFFFFFFFFFFFFFFA2
:207F0000FFFFFFFFFFFFFFFFFFFFFFFFFFFFFFFFFFFFFFFFFFFFFFFFFFFFFFFFFFFFFFFF81
:207F2000FFFFFFFFFFFFFFFFFFFFFFFFFFFFFFFFFFFFFFFFFFFFFFFFFFFFFFFFFFFFFFFF61
:207F4000FFFFFFFFFFFFFFFFFFFFFFFFFFFFFFFFFFFFFFFFFFFFFFFFFFFFFFFFFFFFFFFF41
:207F6000FFFFFFFFFFFFFFFFFFFFFFFFFFFFFFFFFFFFFFFFFFFFFFFFFFFFFFFFFFFFFFFF21
:207F8000FFFFFFFFFFFFFFFFFFFFFFFFFFFFFFFFFFFFFFFFFFFFFFFFFFFFFFFFFFFFFFFF01
:207FA000FFFFFFFFFFFFFFFFFFFFFFFFFFFFFFFFFFFFFFFFFFFFFFFFFFFFFFFFFFFFFFFFE1
:207FC000FFFFFFFFFFFFFFFFFFFFFFFFFFFFFFFFFFFFFFFFFFFFFFFFFFFFFFFFFFFFFFFFC1
:207FE000FFFFFFFFFFFFFFFFFFFFFFFFFFFFFFFFFFFFFFFFFFFFFFFFFFFFFFFFFFFFFFFFA1
:20800000FFFFFFFFFFFFFFFFFFFFFFFFFFFFFFFFFFFFFFFFFFFFFFFFFFFFFFFFFFFFFFFF80
:20802000FFFFFFFFFFFFFFFFFFFFFFFFFFFFFFFFFFFFFFFFFFFFFFFFFFFFFFFFFFFFFFFF60
:20804000FFFFFFFFFFFFFFFFFFFFFFFFFFFFFFFFFFFFFFFFFFFFFFFFFFFFFFFFFFFFFFFF40
:20806000FFFFFFFFFFFFFFFFFFFFFFFFFFFFFFFFFFFFFFFFFFFFFFFFFFFFFFFFFFFFFFFF20
:20808000FFFFFFFFFFFFFFFFFFFFFFFFFFFFFFFFFFFFFFFFFFFFFFFFFFFFFFFFFFFFFFFF00
:2080A000FFFFFFFFFFFFFFFFFFFFFFFFFFFFFFFFFFFFFFFFFFFFFFFFFFFFFFFFFFFFFFFFE0
:2080C000FFFFFFFFFFFFFFFFFFFFFFFFFFFFFFFFFFFFFFFFFFFFFFFFFFFFFFFFFFFFFFFFC0
:2080E000FFFFFFFFFFFFFFFFFFFFFFFFFFFFFFFFFFFFFFFFFFFFFFFFFFFFFFFFFFFFFFFFA0
:20810000FFFFFFFFFFFFFFFFFFFFFFFFFFFFFFFFFFFFFFFFFFFFFFFFFFFFFFFFFFFFFFFF7F
:20812000FFFFFFFFFFFFFFFFFFFFFFFFFFFFFFFFFFFFFFFFFFFFFFFFFFFFFFFFFFFFFFFF5F
:20814000FFFFFFFFFFFFFFFFFFFFFFFFFFFFFFFFFFFFFFFFFFFFFFFFFFFFFFFFFFFFFFFF3F
:20816000FFFFFFFFFFFFFFFFFFFFFFFFFFFFFFFFFFFFFFFFFFFFFFFFFFFFFFFFFFFFFFFF1F
:20818000FFFFFFFFFFFFFFFFFFFFFFFFFFFFFFFFFFFFFFFFFFFFFFFFFFFFFFFFFFFFFFFFFF
:2081A000FFFFFFFFFFFFFFFFFFFFFFFFFFFFFFFFFFFFFFFFFFFFFFFFFFFFFFFFFFFFFFFFDF
:2081C000FFFFFFFFFFFFFFFFFFFFFFFFFFFFFFFFFFFFFFFFFFFFFFFFFFFFFFFFFFFFFFFFBF
:2081E000FFFFFFFFFFFFFFFFFFFFFFFFFFFFFFFFFFFFFFFFFFFFFFFFFFFFFFFFFFFFFFFF9F
:20820000FFFFFFFFFFFFFFFFFFFFFFFFFFFFFFFFFFFFFFFFFFFFFFFFFFFFFFFFFFFFFFFF7E
:20822000FFFFFFFFFFFFFFFFFFFFFFFFFFFFFFFFFFFFFFFFFFFFFFFFFFFFFFFFFFFFFFFF5E
:20824000FFFFFFFFFFFFFFFFFFFFFFFFFFFFFFFFFFFFFFFFFFFFFFFFFFFFFFFFFFFFFFFF3E
:20826000FFFFFFFFFFFFFFFFFFFFFFFFFFFFFFFFFFFFFFFFFFFFFFFFFFFFFFFFFFFFFFFF1E
:20828000FFFFFFFFFFFFFFFFFFFFFFFFFFFFFFFFFFFFFFFFFFFFFFFFFFFFFFFFFFFFFFFFFE
:2082A000FFFFFFFFFFFFFFFFFFFFFFFFFFFFFFFFFFFFFFFFFFFFFFFFFFFFFFFFFFFFFFFFDE
:2082C000FFFFFFFFFFFFFFFFFFFFFFFFFFFFFFFFFFFFFFFFFFFFFFFFFFFFFFFFFFFFFFFFBE
:2082E000FFFFFFFFFFFFFFFFFFFFFFFFFFFFFFFFFFFFFFFFFFFFFFFFFFFFFFFFFFFFFFFF9E
:20830000FFFFFFFFFFFFFFFFFFFFFFFFFFFFFFFFFFFFFFFFFFFFFFFFFFFFFFFFFFFFFFFF7D
:20832000FFFFFFFFFFFFFFFFFFFFFFFFFFFFFFFFFFFFFFFFFFFFFFFFFFFFFFFFFFFFFFFF5D
:20834000FFFFFFFFFFFFFFFFFFFFFFFFFFFFFFFFFFFFFFFFFFFFFFFFFFFFFFFFFFFFFFFF3D
:20836000FFFFFFFFFFFFFFFFFFFFFFFFFFFFFFFFFFFFFFFFFFFFFFFFFFFFFFFFFFFFFFFF1D
:20838000FFFFFFFFFFFFFFFFFFFFFFFFFFFFFFFFFFFFFFFFFFFFFFFFFFFFFFFFFFFFFFFFFD
:2083A000FFFFFFFFFFFFFFFFFFFFFFFFFFFFFFFFFFFFFFFFFFFFFFFFFFFFFFFFFFFFFFFFDD
:2083C000FFFFFFFFFFFFFFFFFFFFFFFFFFFFFFFFFFFFFFFFFFFFFFFFFFFFFFFFFFFFFFFFBD
:2083E000FFFFFFFFFFFFFFFFFFFFFFFFFFFFFFFFFFFFFFFFFFFFFFFFFFFFFFFFFFFFFFFF9D
:20840000FFFFFFFFFFFFFFFFFFFFFFFFFFFFFFFFFFFFFFFFFFFFFFFFFFFFFFFFFFFFFFFF7C
:20842000FFFFFFFFFFFFFFFFFFFFFFFFFFFFFFFFFFFFFFFFFFFFFFFFFFFFFFFFFFFFFFFF5C
:20844000FFFFFFFFFFFFFFFFFFFFFFFFFFFFFFFFFFFFFFFFFFFFFFFFFFFFFFFFFFFFFFFF3C
:20846000FFFFFFFFFFFFFFFFFFFFFFFFFFFFFFFFFFFFFFFFFFFFFFFFFFFFFFFFFFFFFFFF1C
:20848000FFFFFFFFFFFFFFFFFFFFFFFFFFFFFFFFFFFFFFFFFFFFFFFFFFFFFFFFFFFFFFFFFC
:2084A000FFFFFFFFFFFFFFFFFFFFFFFFFFFFFFFFFFFFFFFFFFFFFFFFFFFFFFFFFFFFFFFFDC
:2084C000FFFFFFFFFFFFFFFFFFFFFFFFFFFFFFFFFFFFFFFFFFFFFFFFFFFFFFFFFFFFFFFFBC
:2084E000FFFFFFFFFFFFFFFFFFFFFFFFFFFFFFFFFFFFFFFFFFFFFFFFFFFFFFFFFFFFFFFF9C
:20850000FFFFFFFFFFFFFFFFFFFFFFFFFFFFFFFFFFFFFFFFFFFFFFFFFFFFFFFFFFFFFFFF7B
:20852000FFFFFFFFFFFFFFFFFFFFFFFFFFFFFFFFFFFFFFFFFFFFFFFFFFFFFFFFFFFFFFFF5B
:20854000FFFFFFFFFFFFFFFFFFFFFFFFFFFFFFFFFFFFFFFFFFFFFFFFFFFFFFFFFFFFFFFF3B
:20856000FFFFFFFFFFFFFFFFFFFFFFFFFFFFFFFFFFFFFFFFFFFFFFFFFFFFFFFFFFFFFFFF1B
:20858000FFFFFFFFFFFFFFFFFFFFFFFFFFFFFFFFFFFFFFFFFFFFFFFFFFFFFFFFFFFFFFFFFB
:2085A000FFFFFFFFFFFFFFFFFFFFFFFFFFFFFFFFFFFFFFFFFFFFFFFFFFFFFFFFFFFFFFFFDB
:2085C000FFFFFFFFFFFFFFFFFFFFFFFFFFFFFFFFFFFFFFFFFFFFFFFFFFFFFFFFFFFFFFFFBB
:2085E000FFFFFFFFFFFFFFFFFFFFFFFFFFFFFFFFFFFFFFFFFFFFFFFFFFFFFFFFFFFFFFFF9B
:20860000FFFFFFFFFFFFFFFFFFFFFFFFFFFFFFFFFFFFFFFFFFFFFFFFFFFFFFFFFFFFFFFF7A
:20862000FFFFFFFFFFFFFFFFFFFFFFFFFFFFFFFFFFFFFFFFFFFFFFFFFFFFFFFFFFFFFFFF5A
:20864000FFFFFFFFFFFFFFFFFFFFFFFFFFFFFFFFFFFFFFFFFFFFFFFFFFFFFFFFFFFFFFFF3A
:20866000FFFFFFFFFFFFFFFFFFFFFFFFFFFFFFFFFFFFFFFFFFFFFFFFFFFFFFFFFFFFFFFF1A
:20868000FFFFFFFFFFFFFFFFFFFFFFFFFFFFFFFFFFFFFFFFFFFFFFFFFFFFFFFFFFFFFFFFFA
:2086A000FFFFFFFFFFFFFFFFFFFFFFFFFFFFFFFFFFFFFFFFFFFFFFFFFFFFFFFFFFFFFFFFDA
:2086C000FFFFFFFFFFFFFFFFFFFFFFFFFFFFFFFFFFFFFFFFFFFFFFFFFFFFFFFFFFFFFFFFBA
:2086E000FFFFFFFFFFFFFFFFFFFFFFFFFFFFFFFFFFFFFFFFFFFFFFFFFFFFFFFFFFFFFFFF9A
:20870000FFFFFFFFFFFFFFFFFFFFFFFFFFFFFFFFFFFFFFFFFFFFFFFFFFFFFFFFFFFFFFFF79
:20872000FFFFFFFFFFFFFFFFFFFFFFFFFFFFFFFFFFFFFFFFFFFFFFFFFFFFFFFFFFFFFFFF59
:20874000FFFFFFFFFFFFFFFFFFFFFFFFFFFFFFFFFFFFFFFFFFFFFFFFFFFFFFFFFFFFFFFF39
:20876000FFFFFFFFFFFFFFFFFFFFFFFFFFFFFFFFFFFFFFFFFFFFFFFFFFFFFFFFFFFFFFFF19
:20878000FFFFFFFFFFFFFFFFFFFFFFFFFFFFFFFFFFFFFFFFFFFFFFFFFFFFFFFFFFFFFFFFF9
:2087A000FFFFFFFFFFFFFFFFFFFFFFFFFFFFFFFFFFFFFFFFFFFFFFFFFFFFFFFFFFFFFFFFD9
:2087C000FFFFFFFFFFFFFFFFFFFFFFFFFFFFFFFFFFFFFFFFFFFFFFFFFFFFFFFFFFFFFFFFB9
:2087E000FFFFFFFFFFFFFFFFFFFFFFFFFFFFFFFFFFFFFFFFFFFFFFFFFFFFFFFFFFFFFFFF99
:20880000FFFFFFFFFFFFFFFFFFFFFFFFFFFFFFFFFFFFFFFFFFFFFFFFFFFFFFFFFFFFFFFF78
:20882000FFFFFFFFFFFFFFFFFFFFFFFFFFFFFFFFFFFFFFFFFFFFFFFFFFFFFFFFFFFFFFFF58
:20884000FFFFFFFFFFFFFFFFFFFFFFFFFFFFFFFFFFFFFFFFFFFFFFFFFFFFFFFFFFFFFFFF38
:20886000FFFFFFFFFFFFFFFFFFFFFFFFFFFFFFFFFFFFFFFFFFFFFFFFFFFFFFFFFFFFFFFF18
:20888000FFFFFFFFFFFFFFFFFFFFFFFFFFFFFFFFFFFFFFFFFFFFFFFFFFFFFFFFFFFFFFFFF8
:2088A000FFFFFFFFFFFFFFFFFFFFFFFFFFFFFFFFFFFFFFFFFFFFFFFFFFFFFFFFFFFFFFFFD8
:2088C000FFFFFFFFFFFFFFFFFFFFFFFFFFFFFFFFFFFFFFFFFFFFFFFFFFFFFFFFFFFFFFFFB8
:2088E000FFFFFFFFFFFFFFFFFFFFFFFFFFFFFFFFFFFFFFFFFFFFFFFFFFFFFFFFFFFFFFFF98
:20890000FFFFFFFFFFFFFFFFFFFFFFFFFFFFFFFFFFFFFFFFFFFFFFFFFFFFFFFFFFFFFFFF77
:20892000FFFFFFFFFFFFFFFFFFFFFFFFFFFFFFFFFFFFFFFFFFFFFFFFFFFFFFFFFFFFFFFF57
:20894000FFFFFFFFFFFFFFFFFFFFFFFFFFFFFFFFFFFFFFFFFFFFFFFFFFFFFFFFFFFFFFFF37
:20896000FFFFFFFFFFFFFFFFFFFFFFFFFFFFFFFFFFFFFFFFFFFFFFFFFFFFFFFFFFFFFFFF17
:20898000FFFFFFFFFFFFFFFFFFFFFFFFFFFFFFFFFFFFFFFFFFFFFFFFFFFFFFFFFFFFFFFFF7
:2089A000FFFFFFFFFFFFFFFFFFFFFFFFFFFFFFFFFFFFFFFFFFFFFFFFFFFFFFFFFFFFFFFFD7
:2089C000FFFFFFFFFFFFFFFFFFFFFFFFFFFFFFFFFFFFFFFFFFFFFFFFFFFFFFFFFFFFFFFFB7
:2089E000FFFFFFFFFFFFFFFFFFFFFFFFFFFFFFFFFFFFFFFFFFFFFFFFFFFFFFFFFFFFFFFF97
:208A0000FFFFFFFFFFFFFFFFFFFFFFFFFFFFFFFFFFFFFFFFFFFFFFFFFFFFFFFFFFFFFFFF76
:208A2000FFFFFFFFFFFFFFFFFFFFFFFFFFFFFFFFFFFFFFFFFFFFFFFFFFFFFFFFFFFFFFFF56
:208A4000FFFFFFFFFFFFFFFFFFFFFFFFFFFFFFFFFFFFFFFFFFFFFFFFFFFFFFFFFFFFFFFF36
:208A6000FFFFFFFFFFFFFFFFFFFFFFFFFFFFFFFFFFFFFFFFFFFFFFFFFFFFFFFFFFFFFFFF16
:208A8000FFFFFFFFFFFFFFFFFFFFFFFFFFFFFFFFFFFFFFFFFFFFFFFFFFFFFFFFFFFFFFFFF6
:208AA000FFFFFFFFFFFFFFFFFFFFFFFFFFFFFFFFFFFFFFFFFFFFFFFFFFFFFFFFFFFFFFFFD6
:208AC000FFFFFFFFFFFFFFFFFFFFFFFFFFFFFFFFFFFFFFFFFFFFFFFFFFFFFFFFFFFFFFFFB6
:208AE000FFFFFFFFFFFFFFFFFFFFFFFFFFFFFFFFFFFFFFFFFFFFFFFFFFFFFFFFFFFFFFFF96
:208B0000FFFFFFFFFFFFFFFFFFFFFFFFFFFFFFFFFFFFFFFFFFFFFFFFFFFFFFFFFFFFFFFF75
:208B2000FFFFFFFFFFFFFFFFFFFFFFFFFFFFFFFFFFFFFFFFFFFFFFFFFFFFFFFFFFFFFFFF55
:208B4000FFFFFFFFFFFFFFFFFFFFFFFFFFFFFFFFFFFFFFFFFFFFFFFFFFFFFFFFFFFFFFFF35
:208B6000FFFFFFFFFFFFFFFFFFFFFFFFFFFFFFFFFFFFFFFFFFFFFFFFFFFFFFFFFFFFFFFF15
:208B8000FFFFFFFFFFFFFFFFFFFFFFFFFFFFFFFFFFFFFFFFFFFFFFFFFFFFFFFFFFFFFFFFF5
:208BA000FFFFFFFFFFFFFFFFFFFFFFFFFFFFFFFFFFFFFFFFFFFFFFFFFFFFFFFFFFFFFFFFD5
:208BC000FFFFFFFFFFFFFFFFFFFFFFFFFFFFFFFFFFFFFFFFFFFFFFFFFFFFFFFFFFFFFFFFB5
:208BE000FFFFFFFFFFFFFFFFFFFFFFFFFFFFFFFFFFFFFFFFFFFFFFFFFFFFFFFFFFFFFFFF95
:208C0000FFFFFFFFFFFFFFFFFFFFFFFFFFFFFFFFFFFFFFFFFFFFFFFFFFFFFFFFFFFFFFFF74
:208C2000FFFFFFFFFFFFFFFFFFFFFFFFFFFFFFFFFFFFFFFFFFFFFFFFFFFFFFFFFFFFFFFF54
:208C4000FFFFFFFFFFFFFFFFFFFFFFFFFFFFFFFFFFFFFFFFFFFFFFFFFFFFFFFFFFFFFFFF34
:208C6000FFFFFFFFFFFFFFFFFFFFFFFFFFFFFFFFFFFFFFFFFFFFFFFFFFFFFFFFFFFFFFFF14
:208C8000FFFFFFFFFFFFFFFFFFFFFFFFFFFFFFFFFFFFFFFFFFFFFFFFFFFFFFFFFFFFFFFFF4
:208CA000FFFFFFFFFFFFFFFFFFFFFFFFFFFFFFFFFFFFFFFFFFFFFFFFFFFFFFFFFFFFFFFFD4
:208CC000FFFFFFFFFFFFFFFFFFFFFFFFFFFFFFFFFFFFFFFFFFFFFFFFFFFFFFFFFFFFFFFFB4
:208CE000FFFFFFFFFFFFFFFFFFFFFFFFFFFFFFFFFFFFFFFFFFFFFFFFFFFFFFFFFFFFFFFF94
:208D0000FFFFFFFFFFFFFFFFFFFFFFFFFFFFFFFFFFFFFFFFFFFFFFFFFFFFFFFFFFFFFFFF73
:208D2000FFFFFFFFFFFFFFFFFFFFFFFFFFFFFFFFFFFFFFFFFFFFFFFFFFFFFFFFFFFFFFFF53
:208D4000FFFFFFFFFFFFFFFFFFFFFFFFFFFFFFFFFFFFFFFFFFFFFFFFFFFFFFFFFFFFFFFF33
:208D6000FFFFFFFFFFFFFFFFFFFFFFFFFFFFFFFFFFFFFFFFFFFFFFFFFFFFFFFFFFFFFFFF13
:208D8000FFFFFFFFFFFFFFFFFFFFFFFFFFFFFFFFFFFFFFFFFFFFFFFFFFFFFFFFFFFFFFFFF3
:208DA000FFFFFFFFFFFFFFFFFFFFFFFFFFFFFFFFFFFFFFFFFFFFFFFFFFFFFFFFFFFFFFFFD3
:208DC000FFFFFFFFFFFFFFFFFFFFFFFFFFFFFFFFFFFFFFFFFFFFFFFFFFFFFFFFFFFFFFFFB3
:208DE000FFFFFFFFFFFFFFFFFFFFFFFFFFFFFFFFFFFFFFFFFFFFFFFFFFFFFFFFFFFFFFFF93
:208E0000FFFFFFFFFFFFFFFFFFFFFFFFFFFFFFFFFFFFFFFFFFFFFFFFFFFFFFFFFFFFFFFF72
:208E2000FFFFFFFFFFFFFFFFFFFFFFFFFFFFFFFFFFFFFFFFFFFFFFFFFFFFFFFFFFFFFFFF52
:208E4000FFFFFFFFFFFFFFFFFFFFFFFFFFFFFFFFFFFFFFFFFFFFFFFFFFFFFFFFFFFFFFFF32
:208E6000FFFFFFFFFFFFFFFFFFFFFFFFFFFFFFFFFFFFFFFFFFFFFFFFFFFFFFFFFFFFFFFF12
:208E8000FFFFFFFFFFFFFFFFFFFFFFFFFFFFFFFFFFFFFFFFFFFFFFFFFFFFFFFFFFFFFFFFF2
:208EA000FFFFFFFFFFFFFFFFFFFFFFFFFFFFFFFFFFFFFFFFFFFFFFFFFFFFFFFFFFFFFFFFD2
:208EC000FFFFFFFFFFFFFFFFFFFFFFFFFFFFFFFFFFFFFFFFFFFFFFFFFFFFFFFFFFFFFFFFB2
:208EE000FFFFFFFFFFFFFFFFFFFFFFFFFFFFFFFFFFFFFFFFFFFFFFFFFFFFFFFFFFFFFFFF92
:208F0000FFFFFFFFFFFFFFFFFFFFFFFFFFFFFFFFFFFFFFFFFFFFFFFFFFFFFFFFFFFFFFFF71
:208F2000FFFFFFFFFFFFFFFFFFFFFFFFFFFFFFFFFFFFFFFFFFFFFFFFFFFFFFFFFFFFFFFF51
:208F4000FFFFFFFFFFFFFFFFFFFFFFFFFFFFFFFFFFFFFFFFFFFFFFFFFFFFFFFFFFFFFFFF31
:208F6000FFFFFFFFFFFFFFFFFFFFFFFFFFFFFFFFFFFFFFFFFFFFFFFFFFFFFFFFFFFFFFFF11
:208F8000FFFFFFFFFFFFFFFFFFFFFFFFFFFFFFFFFFFFFFFFFFFFFFFFFFFFFFFFFFFFFFFFF1
:208FA000FFFFFFFFFFFFFFFFFFFFFFFFFFFFFFFFFFFFFFFFFFFFFFFFFFFFFFFFFFFFFFFFD1
:208FC000FFFFFFFFFFFFFFFFFFFFFFFFFFFFFFFFFFFFFFFFFFFFFFFFFFFFFFFFFFFFFFFFB1
:208FE000FFFFFFFFFFFFFFFFFFFFFFFFFFFFFFFFFFFFFFFFFFFFFFFFFFFFFFFFFFFFFFFF91
:20900000FFFFFFFFFFFFFFFFFFFFFFFFFFFFFFFFFFFFFFFFFFFFFFFFFFFFFFFFFFFFFFFF70
:20902000FFFFFFFFFFFFFFFFFFFFFFFFFFFFFFFFFFFFFFFFFFFFFFFFFFFFFFFFFFFFFFFF50
:20904000FFFFFFFFFFFFFFFFFFFFFFFFFFFFFFFFFFFFFFFFFFFFFFFFFFFFFFFFFFFFFFFF30
:20906000FFFFFFFFFFFFFFFFFFFFFFFFFFFFFFFFFFFFFFFFFFFFFFFFFFFFFFFFFFFFFFFF10
:20908000FFFFFFFFFFFFFFFFFFFFFFFFFFFFFFFFFFFFFFFFFFFFFFFFFFFFFFFFFFFFFFFFF0
:2090A000FFFFFFFFFFFFFFFFFFFFFFFFFFFFFFFFFFFFFFFFFFFFFFFFFFFFFFFFFFFFFFFFD0
:2090C000FFFFFFFFFFFFFFFFFFFFFFFFFFFFFFFFFFFFFFFFFFFFFFFFFFFFFFFFFFFFFFFFB0
:2090E000FFFFFFFFFFFFFFFFFFFFFFFFFFFFFFFFFFFFFFFFFFFFFFFFFFFFFFFFFFFFFFFF90
:20910000FFFFFFFFFFFFFFFFFFFFFFFFFFFFFFFFFFFFFFFFFFFFFFFFFFFFFFFFFFFFFFFF6F
:20912000FFFFFFFFFFFFFFFFFFFFFFFFFFFFFFFFFFFFFFFFFFFFFFFFFFFFFFFFFFFFFFFF4F
:20914000FFFFFFFFFFFFFFFFFFFFFFFFFFFFFFFFFFFFFFFFFFFFFFFFFFFFFFFFFFFFFFFF2F
:20916000FFFFFFFFFFFFFFFFFFFFFFFFFFFFFFFFFFFFFFFFFFFFFFFFFFFFFFFFFFFFFFFF0F
:20918000FFFFFFFFFFFFFFFFFFFFFFFFFFFFFFFFFFFFFFFFFFFFFFFFFFFFFFFFFFFFFFFFEF
:2091A000FFFFFFFFFFFFFFFFFFFFFFFFFFFFFFFFFFFFFFFFFFFFFFFFFFFFFFFFFFFFFFFFCF
:2091C000FFFFFFFFFFFFFFFFFFFFFFFFFFFFFFFFFFFFFFFFFFFFFFFFFFFFFFFFFFFFFFFFAF
:2091E000FFFFFFFFFFFFFFFFFFFFFFFFFFFFFFFFFFFFFFFFFFFFFFFFFFFFFFFFFFFFFFFF8F
:20920000FFFFFFFFFFFFFFFFFFFFFFFFFFFFFFFFFFFFFFFFFFFFFFFFFFFFFFFFFFFFFFFF6E
:20922000FFFFFFFFFFFFFFFFFFFFFFFFFFFFFFFFFFFFFFFFFFFFFFFFFFFFFFFFFFFFFFFF4E
:20924000FFFFFFFFFFFFFFFFFFFFFFFFFFFFFFFFFFFFFFFFFFFFFFFFFFFFFFFFFFFFFFFF2E
:20926000FFFFFFFFFFFFFFFFFFFFFFFFFFFFFFFFFFFFFFFFFFFFFFFFFFFFFFFFFFFFFFFF0E
:20928000FFFFFFFFFFFFFFFFFFFFFFFFFFFFFFFFFFFFFFFFFFFFFFFFFFFFFFFFFFFFFFFFEE
:2092A000FFFFFFFFFFFFFFFFFFFFFFFFFFFFFFFFFFFFFFFFFFFFFFFFFFFFFFFFFFFFFFFFCE
:2092C000FFFFFFFFFFFFFFFFFFFFFFFFFFFFFFFFFFFFFFFFFFFFFFFFFFFFFFFFFFFFFFFFAE
:2092E000FFFFFFFFFFFFFFFFFFFFFFFFFFFFFFFFFFFFFFFFFFFFFFFFFFFFFFFFFFFFFFFF8E
:20930000FFFFFFFFFFFFFFFFFFFFFFFFFFFFFFFFFFFFFFFFFFFFFFFFFFFFFFFFFFFFFFFF6D
:20932000FFFFFFFFFFFFFFFFFFFFFFFFFFFFFFFFFFFFFFFFFFFFFFFFFFFFFFFFFFFFFFFF4D
:20934000FFFFFFFFFFFFFFFFFFFFFFFFFFFFFFFFFFFFFFFFFFFFFFFFFFFFFFFFFFFFFFFF2D
:20936000FFFFFFFFFFFFFFFFFFFFFFFFFFFFFFFFFFFFFFFFFFFFFFFFFFFFFFFFFFFFFFFF0D
:20938000FFFFFFFFFFFFFFFFFFFFFFFFFFFFFFFFFFFFFFFFFFFFFFFFFFFFFFFFFFFFFFFFED
:2093A000FFFFFFFFFFFFFFFFFFFFFFFFFFFFFFFFFFFFFFFFFFFFFFFFFFFFFFFFFFFFFFFFCD
:2093C000FFFFFFFFFFFFFFFFFFFFFFFFFFFFFFFFFFFFFFFFFFFFFFFFFFFFFFFFFFFFFFFFAD
:2093E000FFFFFFFFFFFFFFFFFFFFFFFFFFFFFFFFFFFFFFFFFFFFFFFFFFFFFFFFFFFFFFFF8D
:20940000FFFFFFFFFFFFFFFFFFFFFFFFFFFFFFFFFFFFFFFFFFFFFFFFFFFFFFFFFFFFFFFF6C
:20942000FFFFFFFFFFFFFFFFFFFFFFFFFFFFFFFFFFFFFFFFFFFFFFFFFFFFFFFFFFFFFFFF4C
:20944000FFFFFFFFFFFFFFFFFFFFFFFFFFFFFFFFFFFFFFFFFFFFFFFFFFFFFFFFFFFFFFFF2C
:20946000FFFFFFFFFFFFFFFFFFFFFFFFFFFFFFFFFFFFFFFFFFFFFFFFFFFFFFFFFFFFFFFF0C
:20948000FFFFFFFFFFFFFFFFFFFFFFFFFFFFFFFFFFFFFFFFFFFFFFFFFFFFFFFFFFFFFFFFEC
:2094A000FFFFFFFFFFFFFFFFFFFFFFFFFFFFFFFFFFFFFFFFFFFFFFFFFFFFFFFFFFFFFFFFCC
:2094C000FFFFFFFFFFFFFFFFFFFFFFFFFFFFFFFFFFFFFFFFFFFFFFFFFFFFFFFFFFFFFFFFAC
:2094E000FFFFFFFFFFFFFFFFFFFFFFFFFFFFFFFFFFFFFFFFFFFFFFFFFFFFFFFFFFFFFFFF8C
:20950000FFFFFFFFFFFFFFFFFFFFFFFFFFFFFFFFFFFFFFFFFFFFFFFFFFFFFFFFFFFFFFFF6B
:20952000FFFFFFFFFFFFFFFFFFFFFFFFFFFFFFFFFFFFFFFFFFFFFFFFFFFFFFFFFFFFFFFF4B
:20954000FFFFFFFFFFFFFFFFFFFFFFFFFFFFFFFFFFFFFFFFFFFFFFFFFFFFFFFFFFFFFFFF2B
:20956000FFFFFFFFFFFFFFFFFFFFFFFFFFFFFFFFFFFFFFFFFFFFFFFFFFFFFFFFFFFFFFFF0B
:20958000FFFFFFFFFFFFFFFFFFFFFFFFFFFFFFFFFFFFFFFFFFFFFFFFFFFFFFFFFFFFFFFFEB
:2095A000FFFFFFFFFFFFFFFFFFFFFFFFFFFFFFFFFFFFFFFFFFFFFFFFFFFFFFFFFFFFFFFFCB
:2095C000FFFFFFFFFFFFFFFFFFFFFFFFFFFFFFFFFFFFFFFFFFFFFFFFFFFFFFFFFFFFFFFFAB
:2095E000FFFFFFFFFFFFFFFFFFFFFFFFFFFFFFFFFFFFFFFFFFFFFFFFFFFFFFFFFFFFFFFF8B
:20960000FFFFFFFFFFFFFFFFFFFFFFFFFFFFFFFFFFFFFFFFFFFFFFFFFFFFFFFFFFFFFFFF6A
:20962000FFFFFFFFFFFFFFFFFFFFFFFFFFFFFFFFFFFFFFFFFFFFFFFFFFFFFFFFFFFFFFFF4A
:20964000FFFFFFFFFFFFFFFFFFFFFFFFFFFFFFFFFFFFFFFFFFFFFFFFFFFFFFFFFFFFFFFF2A
:20966000FFFFFFFFFFFFFFFFFFFFFFFFFFFFFFFFFFFFFFFFFFFFFFFFFFFFFFFFFFFFFFFF0A
:20968000FFFFFFFFFFFFFFFFFFFFFFFFFFFFFFFFFFFFFFFFFFFFFFFFFFFFFFFFFFFFFFFFEA
:2096A000FFFFFFFFFFFFFFFFFFFFFFFFFFFFFFFFFFFFFFFFFFFFFFFFFFFFFFFFFFFFFFFFCA
:2096C000FFFFFFFFFFFFFFFFFFFFFFFFFFFFFFFFFFFFFFFFFFFFFFFFFFFFFFFFFFFFFFFFAA
:2096E000FFFFFFFFFFFFFFFFFFFFFFFFFFFFFFFFFFFFFFFFFFFFFFFFFFFFFFFFFFFFFFFF8A
:20970000FFFFFFFFFFFFFFFFFFFFFFFFFFFFFFFFFFFFFFFFFFFFFFFFFFFFFFFFFFFFFFFF69
:20972000FFFFFFFFFFFFFFFFFFFFFFFFFFFFFFFFFFFFFFFFFFFFFFFFFFFFFFFFFFFFFFFF49
:20974000FFFFFFFFFFFFFFFFFFFFFFFFFFFFFFFFFFFFFFFFFFFFFFFFFFFFFFFFFFFFFFFF29
:20976000FFFFFFFFFFFFFFFFFFFFFFFFFFFFFFFFFFFFFFFFFFFFFFFFFFFFFFFFFFFFFFFF09
:20978000FFFFFFFFFFFFFFFFFFFFFFFFFFFFFFFFFFFFFFFFFFFFFFFFFFFFFFFFFFFFFFFFE9
:2097A000FFFFFFFFFFFFFFFFFFFFFFFFFFFFFFFFFFFFFFFFFFFFFFFFFFFFFFFFFFFFFFFFC9
:2097C000FFFFFFFFFFFFFFFFFFFFFFFFFFFFFFFFFFFFFFFFFFFFFFFFFFFFFFFFFFFFFFFFA9
:2097E000FFFFFFFFFFFFFFFFFFFFFFFFFFFFFFFFFFFFFFFFFFFFFFFFFFFFFFFFFFFFFFFF89
:20980000FFFFFFFFFFFFFFFFFFFFFFFFFFFFFFFFFFFFFFFFFFFFFFFFFFFFFFFFFFFFFFFF68
:20982000FFFFFFFFFFFFFFFFFFFFFFFFFFFFFFFFFFFFFFFFFFFFFFFFFFFFFFFFFFFFFFFF48
:20984000FFFFFFFFFFFFFFFFFFFFFFFFFFFFFFFFFFFFFFFFFFFFFFFFFFFFFFFFFFFFFFFF28
:20986000FFFFFFFFFFFFFFFFFFFFFFFFFFFFFFFFFFFFFFFFFFFFFFFFFFFFFFFFFFFFFFFF08
:20988000FFFFFFFFFFFFFFFFFFFFFFFFFFFFFFFFFFFFFFFFFFFFFFFFFFFFFFFFFFFFFFFFE8
:2098A000FFFFFFFFFFFFFFFFFFFFFFFFFFFFFFFFFFFFFFFFFFFFFFFFFFFFFFFFFFFFFFFFC8
:2098C000FFFFFFFFFFFFFFFFFFFFFFFFFFFFFFFFFFFFFFFFFFFFFFFFFFFFFFFFFFFFFFFFA8
:2098E000FFFFFFFFFFFFFFFFFFFFFFFFFFFFFFFFFFFFFFFFFFFFFFFFFFFFFFFFFFFFFFFF88
:20990000FFFFFFFFFFFFFFFFFFFFFFFFFFFFFFFFFFFFFFFFFFFFFFFFFFFFFFFFFFFFFFFF67
:20992000FFFFFFFFFFFFFFFFFFFFFFFFFFFFFFFFFFFFFFFFFFFFFFFFFFFFFFFFFFFFFFFF47
:20994000FFFFFFFFFFFFFFFFFFFFFFFFFFFFFFFFFFFFFFFFFFFFFFFFFFFFFFFFFFFFFFFF27
:20996000FFFFFFFFFFFFFFFFFFFFFFFFFFFFFFFFFFFFFFFFFFFFFFFFFFFFFFFFFFFFFFFF07
:20998000FFFFFFFFFFFFFFFFFFFFFFFFFFFFFFFFFFFFFFFFFFFFFFFFFFFFFFFFFFFFFFFFE7
:2099A000FFFFFFFFFFFFFFFFFFFFFFFFFFFFFFFFFFFFFFFFFFFFFFFFFFFFFFFFFFFFFFFFC7
:2099C000FFFFFFFFFFFFFFFFFFFFFFFFFFFFFFFFFFFFFFFFFFFFFFFFFFFFFFFFFFFFFFFFA7
:2099E000FFFFFFFFFFFFFFFFFFFFFFFFFFFFFFFFFFFFFFFFFFFFFFFFFFFFFFFFFFFFFFFF87
:209A0000FFFFFFFFFFFFFFFFFFFFFFFFFFFFFFFFFFFFFFFFFFFFFFFFFFFFFFFFFFFFFFFF66
:209A2000FFFFFFFFFFFFFFFFFFFFFFFFFFFFFFFFFFFFFFFFFFFFFFFFFFFFFFFFFFFFFFFF46
:209A4000FFFFFFFFFFFFFFFFFFFFFFFFFFFFFFFFFFFFFFFFFFFFFFFFFFFFFFFFFFFFFFFF26
:209A6000FFFFFFFFFFFFFFFFFFFFFFFFFFFFFFFFFFFFFFFFFFFFFFFFFFFFFFFFFFFFFFFF06
:209A8000FFFFFFFFFFFFFFFFFFFFFFFFFFFFFFFFFFFFFFFFFFFFFFFFFFFFFFFFFFFFFFFFE6
:209AA000FFFFFFFFFFFFFFFFFFFFFFFFFFFFFFFFFFFFFFFFFFFFFFFFFFFFFFFFFFFFFFFFC6
:209AC000FFFFFFFFFFFFFFFFFFFFFFFFFFFFFFFFFFFFFFFFFFFFFFFFFFFFFFFFFFFFFFFFA6
:209AE000FFFFFFFFFFFFFFFFFFFFFFFFFFFFFFFFFFFFFFFFFFFFFFFFFFFFFFFFFFFFFFFF86
:209B0000FFFFFFFFFFFFFFFFFFFFFFFFFFFFFFFFFFFFFFFFFFFFFFFFFFFFFFFFFFFFFFFF65
:209B2000FFFFFFFFFFFFFFFFFFFFFFFFFFFFFFFFFFFFFFFFFFFFFFFFFFFFFFFFFFFFFFFF45
:209B4000FFFFFFFFFFFFFFFFFFFFFFFFFFFFFFFFFFFFFFFFFFFFFFFFFFFFFFFFFFFFFFFF25
:209B6000FFFFFFFFFFFFFFFFFFFFFFFFFFFFFFFFFFFFFFFFFFFFFFFFFFFFFFFFFFFFFFFF05
:209B8000FFFFFFFFFFFFFFFFFFFFFFFFFFFFFFFFFFFFFFFFFFFFFFFFFFFFFFFFFFFFFFFFE5
:209BA000FFFFFFFFFFFFFFFFFFFFFFFFFFFFFFFFFFFFFFFFFFFFFFFFFFFFFFFFFFFFFFFFC5
:209BC000FFFFFFFFFFFFFFFFFFFFFFFFFFFFFFFFFFFFFFFFFFFFFFFFFFFFFFFFFFFFFFFFA5
:209BE000FFFFFFFFFFFFFFFFFFFFFFFFFFFFFFFFFFFFFFFFFFFFFFFFFFFFFFFFFFFFFFFF85
:209C0000FFFFFFFFFFFFFFFFFFFFFFFFFFFFFFFFFFFFFFFFFFFFFFFFFFFFFFFFFFFFFFFF64
:209C2000FFFFFFFFFFFFFFFFFFFFFFFFFFFFFFFFFFFFFFFFFFFFFFFFFFFFFFFFFFFFFFFF44
:209C4000FFFFFFFFFFFFFFFFFFFFFFFFFFFFFFFFFFFFFFFFFFFFFFFFFFFFFFFFFFFFFFFF24
:209C6000FFFFFFFFFFFFFFFFFFFFFFFFFFFFFFFFFFFFFFFFFFFFFFFFFFFFFFFFFFFFFFFF04
:209C8000FFFFFFFFFFFFFFFFFFFFFFFFFFFFFFFFFFFFFFFFFFFFFFFFFFFFFFFFFFFFFFFFE4
:209CA000FFFFFFFFFFFFFFFFFFFFFFFFFFFFFFFFFFFFFFFFFFFFFFFFFFFFFFFFFFFFFFFFC4
:209CC000FFFFFFFFFFFFFFFFFFFFFFFFFFFFFFFFFFFFFFFFFFFFFFFFFFFFFFFFFFFFFFFFA4
:209CE000FFFFFFFFFFFFFFFFFFFFFFFFFFFFFFFFFFFFFFFFFFFFFFFFFFFFFFFFFFFFFFFF84
:209D0000FFFFFFFFFFFFFFFFFFFFFFFFFFFFFFFFFFFFFFFFFFFFFFFFFFFFFFFFFFFFFFFF63
:209D2000FFFFFFFFFFFFFFFFFFFFFFFFFFFFFFFFFFFFFFFFFFFFFFFFFFFFFFFFFFFFFFFF43
:209D4000FFFFFFFFFFFFFFFFFFFFFFFFFFFFFFFFFFFFFFFFFFFFFFFFFFFFFFFFFFFFFFFF23
:209D6000FFFFFFFFFFFFFFFFFFFFFFFFFFFFFFFFFFFFFFFFFFFFFFFFFFFFFFFFFFFFFFFF03
:209D8000FFFFFFFFFFFFFFFFFFFFFFFFFFFFFFFFFFFFFFFFFFFFFFFFFFFFFFFFFFFFFFFFE3
:209DA000FFFFFFFFFFFFFFFFFFFFFFFFFFFFFFFFFFFFFFFFFFFFFFFFFFFFFFFFFFFFFFFFC3
:209DC000FFFFFFFFFFFFFFFFFFFFFFFFFFFFFFFFFFFFFFFFFFFFFFFFFFFFFFFFFFFFFFFFA3
:209DE000FFFFFFFFFFFFFFFFFFFFFFFFFFFFFFFFFFFFFFFFFFFFFFFFFFFFFFFFFFFFFFFF83
:209E0000FFFFFFFFFFFFFFFFFFFFFFFFFFFFFFFFFFFFFFFFFFFFFFFFFFFFFFFFFFFFFFFF62
:209E2000FFFFFFFFFFFFFFFFFFFFFFFFFFFFFFFFFFFFFFFFFFFFFFFFFFFFFFFFFFFFFFFF42
:209E4000FFFFFFFFFFFFFFFFFFFFFFFFFFFFFFFFFFFFFFFFFFFFFFFFFFFFFFFFFFFFFFFF22
:209E6000FFFFFFFFFFFFFFFFFFFFFFFFFFFFFFFFFFFFFFFFFFFFFFFFFFFFFFFFFFFFFFFF02
:209E8000FFFFFFFFFFFFFFFFFFFFFFFFFFFFFFFFFFFFFFFFFFFFFFFFFFFFFFFFFFFFFFFFE2
:209EA000FFFFFFFFFFFFFFFFFFFFFFFFFFFFFFFFFFFFFFFFFFFFFFFFFFFFFFFFFFFFFFFFC2
:209EC000FFFFFFFFFFFFFFFFFFFFFFFFFFFFFFFFFFFFFFFFFFFFFFFFFFFFFFFFFFFFFFFFA2
:209EE000FFFFFFFFFFFFFFFFFFFFFFFFFFFFFFFFFFFFFFFFFFFFFFFFFFFFFFFFFFFFFFFF82
:209F0000FFFFFFFFFFFFFFFFFFFFFFFFFFFFFFFFFFFFFFFFFFFFFFFFFFFFFFFFFFFFFFFF61
:209F2000FFFFFFFFFFFFFFFFFFFFFFFFFFFFFFFFFFFFFFFFFFFFFFFFFFFFFFFFFFFFFFFF41
:209F4000FFFFFFFFFFFFFFFFFFFFFFFFFFFFFFFFFFFFFFFFFFFFFFFFFFFFFFFFFFFFFFFF21
:209F6000FFFFFFFFFFFFFFFFFFFFFFFFFFFFFFFFFFFFFFFFFFFFFFFFFFFFFFFFFFFFFFFF01
:209F8000FFFFFFFFFFFFFFFFFFFFFFFFFFFFFFFFFFFFFFFFFFFFFFFFFFFFFFFFFFFFFFFFE1
:209FA000FFFFFFFFFFFFFFFFFFFFFFFFFFFFFFFFFFFFFFFFFFFFFFFFFFFFFFFFFFFFFFFFC1
:209FC000FFFFFFFFFFFFFFFFFFFFFFFFFFFFFFFFFFFFFFFFFFFFFFFFFFFFFFFFFFFFFFFFA1
:209FE000FFFFFFFFFFFFFFFFFFFFFFFFFFFFFFFFFFFFFFFFFFFFFFFFFFFFFFFFFFFFFFFF81
:20A00000FFFFFFFFFFFFFFFFFFFFFFFFFFFFFFFFFFFFFFFFFFFFFFFFFFFFFFFFFFFFFFFF60
:20A02000FFFFFFFFFFFFFFFFFFFFFFFFFFFFFFFFFFFFFFFFFFFFFFFFFFFFFFFFFFFFFFFF40
:20A04000FFFFFFFFFFFFFFFFFFFFFFFFFFFFFFFFFFFFFFFFFFFFFFFFFFFFFFFFFFFFFFFF20
:20A06000FFFFFFFFFFFFFFFFFFFFFFFFFFFFFFFFFFFFFFFFFFFFFFFFFFFFFFFFFFFFFFFF00
:20A08000FFFFFFFFFFFFFFFFFFFFFFFFFFFFFFFFFFFFFFFFFFFFFFFFFFFFFFFFFFFFFFFFE0
:20A0A000FFFFFFFFFFFFFFFFFFFFFFFFFFFFFFFFFFFFFFFFFFFFFFFFFFFFFFFFFFFFFFFFC0
:20A0C000FFFFFFFFFFFFFFFFFFFFFFFFFFFFFFFFFFFFFFFFFFFFFFFFFFFFFFFFFFFFFFFFA0
:20A0E000FFFFFFFFFFFFFFFFFFFFFFFFFFFFFFFFFFFFFFFFFFFFFFFFFFFFFFFFFFFFFFFF80
:20A10000FFFFFFFFFFFFFFFFFFFFFFFFFFFFFFFFFFFFFFFFFFFFFFFFFFFFFFFFFFFFFFFF5F
:20A12000FFFFFFFFFFFFFFFFFFFFFFFFFFFFFFFFFFFFFFFFFFFFFFFFFFFFFFFFFFFFFFFF3F
:20A14000FFFFFFFFFFFFFFFFFFFFFFFFFFFFFFFFFFFFFFFFFFFFFFFFFFFFFFFFFFFFFFFF1F
:20A16000FFFFFFFFFFFFFFFFFFFFFFFFFFFFFFFFFFFFFFFFFFFFFFFFFFFFFFFFFFFFFFFFFF
:20A18000FFFFFFFFFFFFFFFFFFFFFFFFFFFFFFFFFFFFFFFFFFFFFFFFFFFFFFFFFFFFFFFFDF
:20A1A000FFFFFFFFFFFFFFFFFFFFFFFFFFFFFFFFFFFFFFFFFFFFFFFFFFFFFFFFFFFFFFFFBF
:20A1C000FFFFFFFFFFFFFFFFFFFFFFFFFFFFFFFFFFFFFFFFFFFFFFFFFFFFFFFFFFFFFFFF9F
:20A1E000FFFFFFFFFFFFFFFFFFFFFFFFFFFFFFFFFFFFFFFFFFFFFFFFFFFFFFFFFFFFFFFF7F
:20A20000FFFFFFFFFFFFFFFFFFFFFFFFFFFFFFFFFFFFFFFFFFFFFFFFFFFFFFFFFFFFFFFF5E
:20A22000FFFFFFFFFFFFFFFFFFFFFFFFFFFFFFFFFFFFFFFFFFFFFFFFFFFFFFFFFFFFFFFF3E
:20A24000FFFFFFFFFFFFFFFFFFFFFFFFFFFFFFFFFFFFFFFFFFFFFFFFFFFFFFFFFFFFFFFF1E
:20A26000FFFFFFFFFFFFFFFFFFFFFFFFFFFFFFFFFFFFFFFFFFFFFFFFFFFFFFFFFFFFFFFFFE
:20A28000FFFFFFFFFFFFFFFFFFFFFFFFFFFFFFFFFFFFFFFFFFFFFFFFFFFFFFFFFFFFFFFFDE
:20A2A000FFFFFFFFFFFFFFFFFFFFFFFFFFFFFFFFFFFFFFFFFFFFFFFFFFFFFFFFFFFFFFFFBE
:20A2C000FFFFFFFFFFFFFFFFFFFFFFFFFFFFFFFFFFFFFFFFFFFFFFFFFFFFFFFFFFFFFFFF9E
:20A2E000FFFFFFFFFFFFFFFFFFFFFFFFFFFFFFFFFFFFFFFFFFFFFFFFFFFFFFFFFFFFFFFF7E
:20A30000FFFFFFFFFFFFFFFFFFFFFFFFFFFFFFFFFFFFFFFFFFFFFFFFFFFFFFFFFFFFFFFF5D
:20A32000FFFFFFFFFFFFFFFFFFFFFFFFFFFFFFFFFFFFFFFFFFFFFFFFFFFFFFFFFFFFFFFF3D
:20A34000FFFFFFFFFFFFFFFFFFFFFFFFFFFFFFFFFFFFFFFFFFFFFFFFFFFFFFFFFFFFFFFF1D
:20A36000FFFFFFFFFFFFFFFFFFFFFFFFFFFFFFFFFFFFFFFFFFFFFFFFFFFFFFFFFFFFFFFFFD
:20A38000FFFFFFFFFFFFFFFFFFFFFFFFFFFFFFFFFFFFFFFFFFFFFFFFFFFFFFFFFFFFFFFFDD
:20A3A000FFFFFFFFFFFFFFFFFFFFFFFFFFFFFFFFFFFFFFFFFFFFFFFFFFFFFFFFFFFFFFFFBD
:20A3C000FFFFFFFFFFFFFFFFFFFFFFFFFFFFFFFFFFFFFFFFFFFFFFFFFFFFFFFFFFFFFFFF9D
:20A3E000FFFFFFFFFFFFFFFFFFFFFFFFFFFFFFFFFFFFFFFFFFFFFFFFFFFFFFFFFFFFFFFF7D
:20A40000FFFFFFFFFFFFFFFFFFFFFFFFFFFFFFFFFFFFFFFFFFFFFFFFFFFFFFFFFFFFFFFF5C
:20A42000FFFFFFFFFFFFFFFFFFFFFFFFFFFFFFFFFFFFFFFFFFFFFFFFFFFFFFFFFFFFFFFF3C
:20A44000FFFFFFFFFFFFFFFFFFFFFFFFFFFFFFFFFFFFFFFFFFFFFFFFFFFFFFFFFFFFFFFF1C
:20A46000FFFFFFFFFFFFFFFFFFFFFFFFFFFFFFFFFFFFFFFFFFFFFFFFFFFFFFFFFFFFFFFFFC
:20A48000FFFFFFFFFFFFFFFFFFFFFFFFFFFFFFFFFFFFFFFFFFFFFFFFFFFFFFFFFFFFFFFFDC
:20A4A000FFFFFFFFFFFFFFFFFFFFFFFFFFFFFFFFFFFFFFFFFFFFFFFFFFFFFFFFFFFFFFFFBC
:20A4C000FFFFFFFFFFFFFFFFFFFFFFFFFFFFFFFFFFFFFFFFFFFFFFFFFFFFFFFFFFFFFFFF9C
:20A4E000FFFFFFFFFFFFFFFFFFFFFFFFFFFFFFFFFFFFFFFFFFFFFFFFFFFFFFFFFFFFFFFF7C
:20A50000FFFFFFFFFFFFFFFFFFFFFFFFFFFFFFFFFFFFFFFFFFFFFFFFFFFFFFFFFFFFFFFF5B
:20A52000FFFFFFFFFFFFFFFFFFFFFFFFFFFFFFFFFFFFFFFFFFFFFFFFFFFFFFFFFFFFFFFF3B
:20A54000FFFFFFFFFFFFFFFFFFFFFFFFFFFFFFFFFFFFFFFFFFFFFFFFFFFFFFFFFFFFFFFF1B
:20A56000FFFFFFFFFFFFFFFFFFFFFFFFFFFFFFFFFFFFFFFFFFFFFFFFFFFFFFFFFFFFFFFFFB
:20A58000FFFFFFFFFFFFFFFFFFFFFFFFFFFFFFFFFFFFFFFFFFFFFFFFFFFFFFFFFFFFFFFFDB
:20A5A000FFFFFFFFFFFFFFFFFFFFFFFFFFFFFFFFFFFFFFFFFFFFFFFFFFFFFFFFFFFFFFFFBB
:20A5C000FFFFFFFFFFFFFFFFFFFFFFFFFFFFFFFFFFFFFFFFFFFFFFFFFFFFFFFFFFFFFFFF9B
:20A5E000FFFFFFFFFFFFFFFFFFFFFFFFFFFFFFFFFFFFFFFFFFFFFFFFFFFFFFFFFFFFFFFF7B
:20A60000FFFFFFFFFFFFFFFFFFFFFFFFFFFFFFFFFFFFFFFFFFFFFFFFFFFFFFFFFFFFFFFF5A
:20A62000FFFFFFFFFFFFFFFFFFFFFFFFFFFFFFFFFFFFFFFFFFFFFFFFFFFFFFFFFFFFFFFF3A
:20A64000FFFFFFFFFFFFFFFFFFFFFFFFFFFFFFFFFFFFFFFFFFFFFFFFFFFFFFFFFFFFFFFF1A
:20A66000FFFFFFFFFFFFFFFFFFFFFFFFFFFFFFFFFFFFFFFFFFFFFFFFFFFFFFFFFFFFFFFFFA
:20A68000FFFFFFFFFFFFFFFFFFFFFFFFFFFFFFFFFFFFFFFFFFFFFFFFFFFFFFFFFFFFFFFFDA
:20A6A000FFFFFFFFFFFFFFFFFFFFFFFFFFFFFFFFFFFFFFFFFFFFFFFFFFFFFFFFFFFFFFFFBA
:20A6C000FFFFFFFFFFFFFFFFFFFFFFFFFFFFFFFFFFFFFFFFFFFFFFFFFFFFFFFFFFFFFFFF9A
:20A6E000FFFFFFFFFFFFFFFFFFFFFFFFFFFFFFFFFFFFFFFFFFFFFFFFFFFFFFFFFFFFFFFF7A
:20A70000FFFFFFFFFFFFFFFFFFFFFFFFFFFFFFFFFFFFFFFFFFFFFFFFFFFFFFFFFFFFFFFF59
:20A72000FFFFFFFFFFFFFFFFFFFFFFFFFFFFFFFFFFFFFFFFFFFFFFFFFFFFFFFFFFFFFFFF39
:20A74000FFFFFFFFFFFFFFFFFFFFFFFFFFFFFFFFFFFFFFFFFFFFFFFFFFFFFFFFFFFFFFFF19
:20A76000FFFFFFFFFFFFFFFFFFFFFFFFFFFFFFFFFFFFFFFFFFFFFFFFFFFFFFFFFFFFFFFFF9
:20A78000FFFFFFFFFFFFFFFFFFFFFFFFFFFFFFFFFFFFFFFFFFFFFFFFFFFFFFFFFFFFFFFFD9
:20A7A000FFFFFFFFFFFFFFFFFFFFFFFFFFFFFFFFFFFFFFFFFFFFFFFFFFFFFFFFFFFFFFFFB9
:20A7C000FFFFFFFFFFFFFFFFFFFFFFFFFFFFFFFFFFFFFFFFFFFFFFFFFFFFFFFFFFFFFFFF99
:20A7E000FFFFFFFFFFFFFFFFFFFFFFFFFFFFFFFFFFFFFFFFFFFFFFFFFFFFFFFFFFFFFFFF79
:20A80000FFFFFFFFFFFFFFFFFFFFFFFFFFFFFFFFFFFFFFFFFFFFFFFFFFFFFFFFFFFFFFFF58
:20A82000FFFFFFFFFFFFFFFFFFFFFFFFFFFFFFFFFFFFFFFFFFFFFFFFFFFFFFFFFFFFFFFF38
:20A84000FFFFFFFFFFFFFFFFFFFFFFFFFFFFFFFFFFFFFFFFFFFFFFFFFFFFFFFFFFFFFFFF18
:20A86000FFFFFFFFFFFFFFFFFFFFFFFFFFFFFFFFFFFFFFFFFFFFFFFFFFFFFFFFFFFFFFFFF8
:20A88000FFFFFFFFFFFFFFFFFFFFFFFFFFFFFFFFFFFFFFFFFFFFFFFFFFFFFFFFFFFFFFFFD8
:20A8A000FFFFFFFFFFFFFFFFFFFFFFFFFFFFFFFFFFFFFFFFFFFFFFFFFFFFFFFFFFFFFFFFB8
:20A8C000FFFFFFFFFFFFFFFFFFFFFFFFFFFFFFFFFFFFFFFFFFFFFFFFFFFFFFFFFFFFFFFF98
:20A8E000FFFFFFFFFFFFFFFFFFFFFFFFFFFFFFFFFFFFFFFFFFFFFFFFFFFFFFFFFFFFFFFF78
:20A90000FFFFFFFFFFFFFFFFFFFFFFFFFFFFFFFFFFFFFFFFFFFFFFFFFFFFFFFFFFFFFFFF57
:20A92000FFFFFFFFFFFFFFFFFFFFFFFFFFFFFFFFFFFFFFFFFFFFFFFFFFFFFFFFFFFFFFFF37
:20A94000FFFFFFFFFFFFFFFFFFFFFFFFFFFFFFFFFFFFFFFFFFFFFFFFFFFFFFFFFFFFFFFF17
:20A96000FFFFFFFFFFFFFFFFFFFFFFFFFFFFFFFFFFFFFFFFFFFFFFFFFFFFFFFFFFFFFFFFF7
:20A98000FFFFFFFFFFFFFFFFFFFFFFFFFFFFFFFFFFFFFFFFFFFFFFFFFFFFFFFFFFFFFFFFD7
:20A9A000FFFFFFFFFFFFFFFFFFFFFFFFFFFFFFFFFFFFFFFFFFFFFFFFFFFFFFFFFFFFFFFFB7
:20A9C000FFFFFFFFFFFFFFFFFFFFFFFFFFFFFFFFFFFFFFFFFFFFFFFFFFFFFFFFFFFFFFFF97
:20A9E000FFFFFFFFFFFFFFFFFFFFFFFFFFFFFFFFFFFFFFFFFFFFFFFFFFFFFFFFFFFFFFFF77
:20AA0000FFFFFFFFFFFFFFFFFFFFFFFFFFFFFFFFFFFFFFFFFFFFFFFFFFFFFFFFFFFFFFFF56
:20AA2000FFFFFFFFFFFFFFFFFFFFFFFFFFFFFFFFFFFFFFFFFFFFFFFFFFFFFFFFFFFFFFFF36
:20AA4000FFFFFFFFFFFFFFFFFFFFFFFFFFFFFFFFFFFFFFFFFFFFFFFFFFFFFFFFFFFFFFFF16
:20AA6000FFFFFFFFFFFFFFFFFFFFFFFFFFFFFFFFFFFFFFFFFFFFFFFFFFFFFFFFFFFFFFFFF6
:20AA8000FFFFFFFFFFFFFFFFFFFFFFFFFFFFFFFFFFFFFFFFFFFFFFFFFFFFFFFFFFFFFFFFD6
:20AAA000FFFFFFFFFFFFFFFFFFFFFFFFFFFFFFFFFFFFFFFFFFFFFFFFFFFFFFFFFFFFFFFFB6
:20AAC000FFFFFFFFFFFFFFFFFFFFFFFFFFFFFFFFFFFFFFFFFFFFFFFFFFFFFFFFFFFFFFFF96
:20AAE000FFFFFFFFFFFFFFFFFFFFFFFFFFFFFFFFFFFFFFFFFFFFFFFFFFFFFFFFFFFFFFFF76
:20AB0000FFFFFFFFFFFFFFFFFFFFFFFFFFFFFFFFFFFFFFFFFFFFFFFFFFFFFFFFFFFFFFFF55
:20AB2000FFFFFFFFFFFFFFFFFFFFFFFFFFFFFFFFFFFFFFFFFFFFFFFFFFFFFFFFFFFFFFFF35
:20AB4000FFFFFFFFFFFFFFFFFFFFFFFFFFFFFFFFFFFFFFFFFFFFFFFFFFFFFFFFFFFFFFFF15
:20AB6000FFFFFFFFFFFFFFFFFFFFFFFFFFFFFFFFFFFFFFFFFFFFFFFFFFFFFFFFFFFFFFFFF5
:20AB8000FFFFFFFFFFFFFFFFFFFFFFFFFFFFFFFFFFFFFFFFFFFFFFFFFFFFFFFFFFFFFFFFD5
:20ABA000FFFFFFFFFFFFFFFFFFFFFFFFFFFFFFFFFFFFFFFFFFFFFFFFFFFFFFFFFFFFFFFFB5
:20ABC000FFFFFFFFFFFFFFFFFFFFFFFFFFFFFFFFFFFFFFFFFFFFFFFFFFFFFFFFFFFFFFFF95
:20ABE000FFFFFFFFFFFFFFFFFFFFFFFFFFFFFFFFFFFFFFFFFFFFFFFFFFFFFFFFFFFFFFFF75
:20AC0000FFFFFFFFFFFFFFFFFFFFFFFFFFFFFFFFFFFFFFFFFFFFFFFFFFFFFFFFFFFFFFFF54
:20AC2000FFFFFFFFFFFFFFFFFFFFFFFFFFFFFFFFFFFFFFFFFFFFFFFFFFFFFFFFFFFFFFFF34
:20AC4000FFFFFFFFFFFFFFFFFFFFFFFFFFFFFFFFFFFFFFFFFFFFFFFFFFFFFFFFFFFFFFFF14
:20AC6000FFFFFFFFFFFFFFFFFFFFFFFFFFFFFFFFFFFFFFFFFFFFFFFFFFFFFFFFFFFFFFFFF4
:20AC8000FFFFFFFFFFFFFFFFFFFFFFFFFFFFFFFFFFFFFFFFFFFFFFFFFFFFFFFFFFFFFFFFD4
:20ACA000FFFFFFFFFFFFFFFFFFFFFFFFFFFFFFFFFFFFFFFFFFFFFFFFFFFFFFFFFFFFFFFFB4
:20ACC000FFFFFFFFFFFFFFFFFFFFFFFFFFFFFFFFFFFFFFFFFFFFFFFFFFFFFFFFFFFFFFFF94
:20ACE000FFFFFFFFFFFFFFFFFFFFFFFFFFFFFFFFFFFFFFFFFFFFFFFFFFFFFFFFFFFFFFFF74
:20AD0000FFFFFFFFFFFFFFFFFFFFFFFFFFFFFFFFFFFFFFFFFFFFFFFFFFFFFFFFFFFFFFFF53
:20AD2000FFFFFFFFFFFFFFFFFFFFFFFFFFFFFFFFFFFFFFFFFFFFFFFFFFFFFFFFFFFFFFFF33
:20AD4000FFFFFFFFFFFFFFFFFFFFFFFFFFFFFFFFFFFFFFFFFFFFFFFFFFFFFFFFFFFFFFFF13
:20AD6000FFFFFFFFFFFFFFFFFFFFFFFFFFFFFFFFFFFFFFFFFFFFFFFFFFFFFFFFFFFFFFFFF3
:20AD8000FFFFFFFFFFFFFFFFFFFFFFFFFFFFFFFFFFFFFFFFFFFFFFFFFFFFFFFFFFFFFFFFD3
:20ADA000FFFFFFFFFFFFFFFFFFFFFFFFFFFFFFFFFFFFFFFFFFFFFFFFFFFFFFFFFFFFFFFFB3
:20ADC000FFFFFFFFFFFFFFFFFFFFFFFFFFFFFFFFFFFFFFFFFFFFFFFFFFFFFFFFFFFFFFFF93
:20ADE000FFFFFFFFFFFFFFFFFFFFFFFFFFFFFFFFFFFFFFFFFFFFFFFFFFFFFFFFFFFFFFFF73
:20AE0000FFFFFFFFFFFFFFFFFFFFFFFFFFFFFFFFFFFFFFFFFFFFFFFFFFFFFFFFFFFFFFFF52
:20AE2000FFFFFFFFFFFFFFFFFFFFFFFFFFFFFFFFFFFFFFFFFFFFFFFFFFFFFFFFFFFFFFFF32
:20AE4000FFFFFFFFFFFFFFFFFFFFFFFFFFFFFFFFFFFFFFFFFFFFFFFFFFFFFFFFFFFFFFFF12
:20AE6000FFFFFFFFFFFFFFFFFFFFFFFFFFFFFFFFFFFFFFFFFFFFFFFFFFFFFFFFFFFFFFFFF2
:20AE8000FFFFFFFFFFFFFFFFFFFFFFFFFFFFFFFFFFFFFFFFFFFFFFFFFFFFFFFFFFFFFFFFD2
:20AEA000FFFFFFFFFFFFFFFFFFFFFFFFFFFFFFFFFFFFFFFFFFFFFFFFFFFFFFFFFFFFFFFFB2
:20AEC000FFFFFFFFFFFFFFFFFFFFFFFFFFFFFFFFFFFFFFFFFFFFFFFFFFFFFFFFFFFFFFFF92
:20AEE000FFFFFFFFFFFFFFFFFFFFFFFFFFFFFFFFFFFFFFFFFFFFFFFFFFFFFFFFFFFFFFFF72
:20AF0000FFFFFFFFFFFFFFFFFFFFFFFFFFFFFFFFFFFFFFFFFFFFFFFFFFFFFFFFFFFFFFFF51
:20AF2000FFFFFFFFFFFFFFFFFFFFFFFFFFFFFFFFFFFFFFFFFFFFFFFFFFFFFFFFFFFFFFFF31
:20AF4000FFFFFFFFFFFFFFFFFFFFFFFFFFFFFFFFFFFFFFFFFFFFFFFFFFFFFFFFFFFFFFFF11
:20AF6000FFFFFFFFFFFFFFFFFFFFFFFFFFFFFFFFFFFFFFFFFFFFFFFFFFFFFFFFFFFFFFFFF1
:20AF8000FFFFFFFFFFFFFFFFFFFFFFFFFFFFFFFFFFFFFFFFFFFFFFFFFFFFFFFFFFFFFFFFD1
:20AFA000FFFFFFFFFFFFFFFFFFFFFFFFFFFFFFFFFFFFFFFFFFFFFFFFFFFFFFFFFFFFFFFFB1
:20AFC000FFFFFFFFFFFFFFFFFFFFFFFFFFFFFFFFFFFFFFFFFFFFFFFFFFFFFFFFFFFFFFFF91
:20AFE000FFFFFFFFFFFFFFFFFFFFFFFFFFFFFFFFFFFFFFFFFFFFFFFFFFFFFFFFFFFFFFFF71
:20B00000FFFFFFFFFFFFFFFFFFFFFFFFFFFFFFFFFFFFFFFFFFFFFFFFFFFFFFFFFFFFFFFF50
:20B02000FFFFFFFFFFFFFFFFFFFFFFFFFFFFFFFFFFFFFFFFFFFFFFFFFFFFFFFFFFFFFFFF30
:20B04000FFFFFFFFFFFFFFFFFFFFFFFFFFFFFFFFFFFFFFFFFFFFFFFFFFFFFFFFFFFFFFFF10
:20B06000FFFFFFFFFFFFFFFFFFFFFFFFFFFFFFFFFFFFFFFFFFFFFFFFFFFFFFFFFFFFFFFFF0
:20B08000FFFFFFFFFFFFFFFFFFFFFFFFFFFFFFFFFFFFFFFFFFFFFFFFFFFFFFFFFFFFFFFFD0
:20B0A000FFFFFFFFFFFFFFFFFFFFFFFFFFFFFFFFFFFFFFFFFFFFFFFFFFFFFFFFFFFFFFFFB0
:20B0C000FFFFFFFFFFFFFFFFFFFFFFFFFFFFFFFFFFFFFFFFFFFFFFFFFFFFFFFFFFFFFFFF90
:20B0E000FFFFFFFFFFFFFFFFFFFFFFFFFFFFFFFFFFFFFFFFFFFFFFFFFFFFFFFFFFFFFFFF70
:20B10000FFFFFFFFFFFFFFFFFFFFFFFFFFFFFFFFFFFFFFFFFFFFFFFFFFFFFFFFFFFFFFFF4F
:20B12000FFFFFFFFFFFFFFFFFFFFFFFFFFFFFFFFFFFFFFFFFFFFFFFFFFFFFFFFFFFFFFFF2F
:20B14000FFFFFFFFFFFFFFFFFFFFFFFFFFFFFFFFFFFFFFFFFFFFFFFFFFFFFFFFFFFFFFFF0F
:20B16000FFFFFFFFFFFFFFFFFFFFFFFFFFFFFFFFFFFFFFFFFFFFFFFFFFFFFFFFFFFFFFFFEF
:20B18000FFFFFFFFFFFFFFFFFFFFFFFFFFFFFFFFFFFFFFFFFFFFFFFFFFFFFFFFFFFFFFFFCF
:20B1A000FFFFFFFFFFFFFFFFFFFFFFFFFFFFFFFFFFFFFFFFFFFFFFFFFFFFFFFFFFFFFFFFAF
:20B1C000FFFFFFFFFFFFFFFFFFFFFFFFFFFFFFFFFFFFFFFFFFFFFFFFFFFFFFFFFFFFFFFF8F
:20B1E000FFFFFFFFFFFFFFFFFFFFFFFFFFFFFFFFFFFFFFFFFFFFFFFFFFFFFFFFFFFFFFFF6F
:20B20000FFFFFFFFFFFFFFFFFFFFFFFFFFFFFFFFFFFFFFFFFFFFFFFFFFFFFFFFFFFFFFFF4E
:20B22000FFFFFFFFFFFFFFFFFFFFFFFFFFFFFFFFFFFFFFFFFFFFFFFFFFFFFFFFFFFFFFFF2E
:20B24000FFFFFFFFFFFFFFFFFFFFFFFFFFFFFFFFFFFFFFFFFFFFFFFFFFFFFFFFFFFFFFFF0E
:20B26000FFFFFFFFFFFFFFFFFFFFFFFFFFFFFFFFFFFFFFFFFFFFFFFFFFFFFFFFFFFFFFFFEE
:20B28000FFFFFFFFFFFFFFFFFFFFFFFFFFFFFFFFFFFFFFFFFFFFFFFFFFFFFFFFFFFFFFFFCE
:20B2A000FFFFFFFFFFFFFFFFFFFFFFFFFFFFFFFFFFFFFFFFFFFFFFFFFFFFFFFFFFFFFFFFAE
:20B2C000FFFFFFFFFFFFFFFFFFFFFFFFFFFFFFFFFFFFFFFFFFFFFFFFFFFFFFFFFFFFFFFF8E
:20B2E000FFFFFFFFFFFFFFFFFFFFFFFFFFFFFFFFFFFFFFFFFFFFFFFFFFFFFFFFFFFFFFFF6E
:20B30000FFFFFFFFFFFFFFFFFFFFFFFFFFFFFFFFFFFFFFFFFFFFFFFFFFFFFFFFFFFFFFFF4D
:20B32000FFFFFFFFFFFFFFFFFFFFFFFFFFFFFFFFFFFFFFFFFFFFFFFFFFFFFFFFFFFFFFFF2D
:20B34000FFFFFFFFFFFFFFFFFFFFFFFFFFFFFFFFFFFFFFFFFFFFFFFFFFFFFFFFFFFFFFFF0D
:20B36000FFFFFFFFFFFFFFFFFFFFFFFFFFFFFFFFFFFFFFFFFFFFFFFFFFFFFFFFFFFFFFFFED
:20B38000FFFFFFFFFFFFFFFFFFFFFFFFFFFFFFFFFFFFFFFFFFFFFFFFFFFFFFFFFFFFFFFFCD
:20B3A000FFFFFFFFFFFFFFFFFFFFFFFFFFFFFFFFFFFFFFFFFFFFFFFFFFFFFFFFFFFFFFFFAD
:20B3C000FFFFFFFFFFFFFFFFFFFFFFFFFFFFFFFFFFFFFFFFFFFFFFFFFFFFFFFFFFFFFFFF8D
:20B3E000FFFFFFFFFFFFFFFFFFFFFFFFFFFFFFFFFFFFFFFFFFFFFFFFFFFFFFFFFFFFFFFF6D
:20B40000FFFFFFFFFFFFFFFFFFFFFFFFFFFFFFFFFFFFFFFFFFFFFFFFFFFFFFFFFFFFFFFF4C
:20B42000FFFFFFFFFFFFFFFFFFFFFFFFFFFFFFFFFFFFFFFFFFFFFFFFFFFFFFFFFFFFFFFF2C
:20B44000FFFFFFFFFFFFFFFFFFFFFFFFFFFFFFFFFFFFFFFFFFFFFFFFFFFFFFFFFFFFFFFF0C
:20B46000FFFFFFFFFFFFFFFFFFFFFFFFFFFFFFFFFFFFFFFFFFFFFFFFFFFFFFFFFFFFFFFFEC
:20B48000FFFFFFFFFFFFFFFFFFFFFFFFFFFFFFFFFFFFFFFFFFFFFFFFFFFFFFFFFFFFFFFFCC
:20B4A000FFFFFFFFFFFFFFFFFFFFFFFFFFFFFFFFFFFFFFFFFFFFFFFFFFFFFFFFFFFFFFFFAC
:20B4C000FFFFFFFFFFFFFFFFFFFFFFFFFFFFFFFFFFFFFFFFFFFFFFFFFFFFFFFFFFFFFFFF8C
:20B4E000FFFFFFFFFFFFFFFFFFFFFFFFFFFFFFFFFFFFFFFFFFFFFFFFFFFFFFFFFFFFFFFF6C
:20B50000FFFFFFFFFFFFFFFFFFFFFFFFFFFFFFFFFFFFFFFFFFFFFFFFFFFFFFFFFFFFFFFF4B
:20B52000FFFFFFFFFFFFFFFFFFFFFFFFFFFFFFFFFFFFFFFFFFFFFFFFFFFFFFFFFFFFFFFF2B
:20B54000FFFFFFFFFFFFFFFFFFFFFFFFFFFFFFFFFFFFFFFFFFFFFFFFFFFFFFFFFFFFFFFF0B
:20B56000FFFFFFFFFFFFFFFFFFFFFFFFFFFFFFFFFFFFFFFFFFFFFFFFFFFFFFFFFFFFFFFFEB
:20B58000FFFFFFFFFFFFFFFFFFFFFFFFFFFFFFFFFFFFFFFFFFFFFFFFFFFFFFFFFFFFFFFFCB
:20B5A000FFFFFFFFFFFFFFFFFFFFFFFFFFFFFFFFFFFFFFFFFFFFFFFFFFFFFFFFFFFFFFFFAB
:20B5C000FFFFFFFFFFFFFFFFFFFFFFFFFFFFFFFFFFFFFFFFFFFFFFFFFFFFFFFFFFFFFFFF8B
:20B5E000FFFFFFFFFFFFFFFFFFFFFFFFFFFFFFFFFFFFFFFFFFFFFFFFFFFFFFFFFFFFFFFF6B
:20B60000FFFFFFFFFFFFFFFFFFFFFFFFFFFFFFFFFFFFFFFFFFFFFFFFFFFFFFFFFFFFFFFF4A
:20B62000FFFFFFFFFFFFFFFFFFFFFFFFFFFFFFFFFFFFFFFFFFFFFFFFFFFFFFFFFFFFFFFF2A
:20B64000FFFFFFFFFFFFFFFFFFFFFFFFFFFFFFFFFFFFFFFFFFFFFFFFFFFFFFFFFFFFFFFF0A
:20B66000FFFFFFFFFFFFFFFFFFFFFFFFFFFFFFFFFFFFFFFFFFFFFFFFFFFFFFFFFFFFFFFFEA
:20B68000FFFFFFFFFFFFFFFFFFFFFFFFFFFFFFFFFFFFFFFFFFFFFFFFFFFFFFFFFFFFFFFFCA
:20B6A000FFFFFFFFFFFFFFFFFFFFFFFFFFFFFFFFFFFFFFFFFFFFFFFFFFFFFFFFFFFFFFFFAA
:20B6C000FFFFFFFFFFFFFFFFFFFFFFFFFFFFFFFFFFFFFFFFFFFFFFFFFFFFFFFFFFFFFFFF8A
:20B6E000FFFFFFFFFFFFFFFFFFFFFFFFFFFFFFFFFFFFFFFFFFFFFFFFFFFFFFFFFFFFFFFF6A
:20B70000FFFFFFFFFFFFFFFFFFFFFFFFFFFFFFFFFFFFFFFFFFFFFFFFFFFFFFFFFFFFFFFF49
:20B72000FFFFFFFFFFFFFFFFFFFFFFFFFFFFFFFFFFFFFFFFFFFFFFFFFFFFFFFFFFFFFFFF29
:20B74000FFFFFFFFFFFFFFFFFFFFFFFFFFFFFFFFFFFFFFFFFFFFFFFFFFFFFFFFFFFFFFFF09
:20B76000FFFFFFFFFFFFFFFFFFFFFFFFFFFFFFFFFFFFFFFFFFFFFFFFFFFFFFFFFFFFFFFFE9
:20B78000FFFFFFFFFFFFFFFFFFFFFFFFFFFFFFFFFFFFFFFFFFFFFFFFFFFFFFFFFFFFFFFFC9
:20B7A000FFFFFFFFFFFFFFFFFFFFFFFFFFFFFFFFFFFFFFFFFFFFFFFFFFFFFFFFFFFFFFFFA9
:20B7C000FFFFFFFFFFFFFFFFFFFFFFFFFFFFFFFFFFFFFFFFFFFFFFFFFFFFFFFFFFFFFFFF89
:20B7E000FFFFFFFFFFFFFFFFFFFFFFFFFFFFFFFFFFFFFFFFFFFFFFFFFFFFFFFFFFFFFFFF69
:20B80000FFFFFFFFFFFFFFFFFFFFFFFFFFFFFFFFFFFFFFFFFFFFFFFFFFFFFFFFFFFFFFFF48
:20B82000FFFFFFFFFFFFFFFFFFFFFFFFFFFFFFFFFFFFFFFFFFFFFFFFFFFFFFFFFFFFFFFF28
:20B84000FFFFFFFFFFFFFFFFFFFFFFFFFFFFFFFFFFFFFFFFFFFFFFFFFFFFFFFFFFFFFFFF08
:20B86000FFFFFFFFFFFFFFFFFFFFFFFFFFFFFFFFFFFFFFFFFFFFFFFFFFFFFFFFFFFFFFFFE8
:20B88000FFFFFFFFFFFFFFFFFFFFFFFFFFFFFFFFFFFFFFFFFFFFFFFFFFFFFFFFFFFFFFFFC8
:20B8A000FFFFFFFFFFFFFFFFFFFFFFFFFFFFFFFFFFFFFFFFFFFFFFFFFFFFFFFFFFFFFFFFA8
:20B8C000FFFFFFFFFFFFFFFFFFFFFFFFFFFFFFFFFFFFFFFFFFFFFFFFFFFFFFFFFFFFFFFF88
:20B8E000FFFFFFFFFFFFFFFFFFFFFFFFFFFFFFFFFFFFFFFFFFFFFFFFFFFFFFFFFFFFFFFF68
:20B90000FFFFFFFFFFFFFFFFFFFFFFFFFFFFFFFFFFFFFFFFFFFFFFFFFFFFFFFFFFFFFFFF47
:20B92000FFFFFFFFFFFFFFFFFFFFFFFFFFFFFFFFFFFFFFFFFFFFFFFFFFFFFFFFFFFFFFFF27
:20B94000FFFFFFFFFFFFFFFFFFFFFFFFFFFFFFFFFFFFFFFFFFFFFFFFFFFFFFFFFFFFFFFF07
:20B96000FFFFFFFFFFFFFFFFFFFFFFFFFFFFFFFFFFFFFFFFFFFFFFFFFFFFFFFFFFFFFFFFE7
:20B98000FFFFFFFFFFFFFFFFFFFFFFFFFFFFFFFFFFFFFFFFFFFFFFFFFFFFFFFFFFFFFFFFC7
:20B9A000FFFFFFFFFFFFFFFFFFFFFFFFFFFFFFFFFFFFFFFFFFFFFFFFFFFFFFFFFFFFFFFFA7
:20B9C000FFFFFFFFFFFFFFFFFFFFFFFFFFFFFFFFFFFFFFFFFFFFFFFFFFFFFFFFFFFFFFFF87
:20B9E000FFFFFFFFFFFFFFFFFFFFFFFFFFFFFFFFFFFFFFFFFFFFFFFFFFFFFFFFFFFFFFFF67
:20BA0000FFFFFFFFFFFFFFFFFFFFFFFFFFFFFFFFFFFFFFFFFFFFFFFFFFFFFFFFFFFFFFFF46
:20BA2000FFFFFFFFFFFFFFFFFFFFFFFFFFFFFFFFFFFFFFFFFFFFFFFFFFFFFFFFFFFFFFFF26
:20BA4000FFFFFFFFFFFFFFFFFFFFFFFFFFFFFFFFFFFFFFFFFFFFFFFFFFFFFFFFFFFFFFFF06
:20BA6000FFFFFFFFFFFFFFFFFFFFFFFFFFFFFFFFFFFFFFFFFFFFFFFFFFFFFFFFFFFFFFFFE6
:20BA8000FFFFFFFFFFFFFFFFFFFFFFFFFFFFFFFFFFFFFFFFFFFFFFFFFFFFFFFFFFFFFFFFC6
:20BAA000FFFFFFFFFFFFFFFFFFFFFFFFFFFFFFFFFFFFFFFFFFFFFFFFFFFFFFFFFFFFFFFFA6
:20BAC000FFFFFFFFFFFFFFFFFFFFFFFFFFFFFFFFFFFFFFFFFFFFFFFFFFFFFFFFFFFFFFFF86
:20BAE000FFFFFFFFFFFFFFFFFFFFFFFFFFFFFFFFFFFFFFFFFFFFFFFFFFFFFFFFFFFFFFFF66
:20BB0000FFFFFFFFFFFFFFFFFFFFFFFFFFFFFFFFFFFFFFFFFFFFFFFFFFFFFFFFFFFFFFFF45
:20BB2000FFFFFFFFFFFFFFFFFFFFFFFFFFFFFFFFFFFFFFFFFFFFFFFFFFFFFFFFFFFFFFFF25
:20BB4000FFFFFFFFFFFFFFFFFFFFFFFFFFFFFFFFFFFFFFFFFFFFFFFFFFFFFFFFFFFFFFFF05
:20BB6000FFFFFFFFFFFFFFFFFFFFFFFFFFFFFFFFFFFFFFFFFFFFFFFFFFFFFFFFFFFFFFFFE5
:20BB8000FFFFFFFFFFFFFFFFFFFFFFFFFFFFFFFFFFFFFFFFFFFFFFFFFFFFFFFFFFFFFFFFC5
:20BBA000FFFFFFFFFFFFFFFFFFFFFFFFFFFFFFFFFFFFFFFFFFFFFFFFFFFFFFFFFFFFFFFFA5
:20BBC000FFFFFFFFFFFFFFFFFFFFFFFFFFFFFFFFFFFFFFFFFFFFFFFFFFFFFFFFFFFFFFFF85
:20BBE000FFFFFFFFFFFFFFFFFFFFFFFFFFFFFFFFFFFFFFFFFFFFFFFFFFFFFFFFFFFFFFFF65
:20BC0000FFFFFFFFFFFFFFFFFFFFFFFFFFFFFFFFFFFFFFFFFFFFFFFFFFFFFFFFFFFFFFFF44
:20BC2000FFFFFFFFFFFFFFFFFFFFFFFFFFFFFFFFFFFFFFFFFFFFFFFFFFFFFFFFFFFFFFFF24
:20BC4000FFFFFFFFFFFFFFFFFFFFFFFFFFFFFFFFFFFFFFFFFFFFFFFFFFFFFFFFFFFFFFFF04
:20BC6000FFFFFFFFFFFFFFFFFFFFFFFFFFFFFFFFFFFFFFFFFFFFFFFFFFFFFFFFFFFFFFFFE4
:20BC8000FFFFFFFFFFFFFFFFFFFFFFFFFFFFFFFFFFFFFFFFFFFFFFFFFFFFFFFFFFFFFFFFC4
:20BCA000FFFFFFFFFFFFFFFFFFFFFFFFFFFFFFFFFFFFFFFFFFFFFFFFFFFFFFFFFFFFFFFFA4
:20BCC000FFFFFFFFFFFFFFFFFFFFFFFFFFFFFFFFFFFFFFFFFFFFFFFFFFFFFFFFFFFFFFFF84
:20BCE000FFFFFFFFFFFFFFFFFFFFFFFFFFFFFFFFFFFFFFFFFFFFFFFFFFFFFFFFFFFFFFFF64
:20BD0000FFFFFFFFFFFFFFFFFFFFFFFFFFFFFFFFFFFFFFFFFFFFFFFFFFFFFFFFFFFFFFFF43
:20BD2000FFFFFFFFFFFFFFFFFFFFFFFFFFFFFFFFFFFFFFFFFFFFFFFFFFFFFFFFFFFFFFFF23
:20BD4000FFFFFFFFFFFFFFFFFFFFFFFFFFFFFFFFFFFFFFFFFFFFFFFFFFFFFFFFFFFFFFFF03
:20BD6000FFFFFFFFFFFFFFFFFFFFFFFFFFFFFFFFFFFFFFFFFFFFFFFFFFFFFFFFFFFFFFFFE3
:20BD8000FFFFFFFFFFFFFFFFFFFFFFFFFFFFFFFFFFFFFFFFFFFFFFFFFFFFFFFFFFFFFFFFC3
:20BDA000FFFFFFFFFFFFFFFFFFFFFFFFFFFFFFFFFFFFFFFFFFFFFFFFFFFFFFFFFFFFFFFFA3
:20BDC000FFFFFFFFFFFFFFFFFFFFFFFFFFFFFFFFFFFFFFFFFFFFFFFFFFFFFFFFFFFFFFFF83
:20BDE000FFFFFFFFFFFFFFFFFFFFFFFFFFFFFFFFFFFFFFFFFFFFFFFFFFFFFFFFFFFFFFFF63
:20BE0000FFFFFFFFFFFFFFFFFFFFFFFFFFFFFFFFFFFFFFFFFFFFFFFFFFFFFFFFFFFFFFFF42
:20BE2000FFFFFFFFFFFFFFFFFFFFFFFFFFFFFFFFFFFFFFFFFFFFFFFFFFFFFFFFFFFFFFFF22
:20BE4000FFFFFFFFFFFFFFFFFFFFFFFFFFFFFFFFFFFFFFFFFFFFFFFFFFFFFFFFFFFFFFFF02
:20BE6000FFFFFFFFFFFFFFFFFFFFFFFFFFFFFFFFFFFFFFFFFFFFFFFFFFFFFFFFFFFFFFFFE2
:20BE8000FFFFFFFFFFFFFFFFFFFFFFFFFFFFFFFFFFFFFFFFFFFFFFFFFFFFFFFFFFFFFFFFC2
:20BEA000FFFFFFFFFFFFFFFFFFFFFFFFFFFFFFFFFFFFFFFFFFFFFFFFFFFFFFFFFFFFFFFFA2
:20BEC000FFFFFFFFFFFFFFFFFFFFFFFFFFFFFFFFFFFFFFFFFFFFFFFFFFFFFFFFFFFFFFFF82
:20BEE000FFFFFFFFFFFFFFFFFFFFFFFFFFFFFFFFFFFFFFFFFFFFFFFFFFFFFFFFFFFFFFFF62
:20BF0000FFFFFFFFFFFFFFFFFFFFFFFFFFFFFFFFFFFFFFFFFFFFFFFFFFFFFFFFFFFFFFFF41
:20BF2000FFFFFFFFFFFFFFFFFFFFFFFFFFFFFFFFFFFFFFFFFFFFFFFFFFFFFFFFFFFFFFFF21
:20BF4000FFFFFFFFFFFFFFFFFFFFFFFFFFFFFFFFFFFFFFFFFFFFFFFFFFFFFFFFFFFFFFFF01
:20BF6000FFFFFFFFFFFFFFFFFFFFFFFFFFFFFFFFFFFFFFFFFFFFFFFFFFFFFFFFFFFFFFFFE1
:20BF8000FFFFFFFFFFFFFFFFFFFFFFFFFFFFFFFFFFFFFFFFFFFFFFFFFFFFFFFFFFFFFFFFC1
:20BFA000FFFFFFFFFFFFFFFFFFFFFFFFFFFFFFFFFFFFFFFFFFFFFFFFFFFFFFFFFFFFFFFFA1
:20BFC000FFFFFFFFFFFFFFFFFFFFFFFFFFFFFFFFFFFFFFFFFFFFFFFFFFFFFFFFFFFFFFFF81
:20BFE000FFFFFFFFFFFFFFFFFFFFFFFFFFFFFFFFFFFFFFFFFFFFFFFFFFFFFFFFFFFFFFFF61
:20C00000FFFFFFFFFFFFFFFFFFFFFFFFFFFFFFFFFFFFFFFFFFFFFFFFFFFFFFFFFFFFFFFF40
:20C02000FFFFFFFFFFFFFFFFFFFFFFFFFFFFFFFFFFFFFFFFFFFFFFFFFFFFFFFFFFFFFFFF20
:20C04000FFFFFFFFFFFFFFFFFFFFFFFFFFFFFFFFFFFFFFFFFFFFFFFFFFFFFFFFFFFFFFFF00
:20C06000FFFFFFFFFFFFFFFFFFFFFFFFFFFFFFFFFFFFFFFFFFFFFFFFFFFFFFFFFFFFFFFFE0
:20C08000FFFFFFFFFFFFFFFFFFFFFFFFFFFFFFFFFFFFFFFFFFFFFFFFFFFFFFFFFFFFFFFFC0
:20C0A000FFFFFFFFFFFFFFFFFFFFFFFFFFFFFFFFFFFFFFFFFFFFFFFFFFFFFFFFFFFFFFFFA0
:20C0C000FFFFFFFFFFFFFFFFFFFFFFFFFFFFFFFFFFFFFFFFFFFFFFFFFFFFFFFFFFFFFFFF80
:20C0E000FFFFFFFFFFFFFFFFFFFFFFFFFFFFFFFFFFFFFFFFFFFFFFFFFFFFFFFFFFFFFFFF60
:20C10000FFFFFFFFFFFFFFFFFFFFFFFFFFFFFFFFFFFFFFFFFFFFFFFFFFFFFFFFFFFFFFFF3F
:20C12000FFFFFFFFFFFFFFFFFFFFFFFFFFFFFFFFFFFFFFFFFFFFFFFFFFFFFFFFFFFFFFFF1F
:20C14000FFFFFFFFFFFFFFFFFFFFFFFFFFFFFFFFFFFFFFFFFFFFFFFFFFFFFFFFFFFFFFFFFF
:20C16000FFFFFFFFFFFFFFFFFFFFFFFFFFFFFFFFFFFFFFFFFFFFFFFFFFFFFFFFFFFFFFFFDF
:20C18000FFFFFFFFFFFFFFFFFFFFFFFFFFFFFFFFFFFFFFFFFFFFFFFFFFFFFFFFFFFFFFFFBF
:20C1A000FFFFFFFFFFFFFFFFFFFFFFFFFFFFFFFFFFFFFFFFFFFFFFFFFFFFFFFFFFFFFFFF9F
:20C1C000FFFFFFFFFFFFFFFFFFFFFFFFFFFFFFFFFFFFFFFFFFFFFFFFFFFFFFFFFFFFFFFF7F
:20C1E000FFFFFFFFFFFFFFFFFFFFFFFFFFFFFFFFFFFFFFFFFFFFFFFFFFFFFFFFFFFFFFFF5F
:20C20000FFFFFFFFFFFFFFFFFFFFFFFFFFFFFFFFFFFFFFFFFFFFFFFFFFFFFFFFFFFFFFFF3E
:20C22000FFFFFFFFFFFFFFFFFFFFFFFFFFFFFFFFFFFFFFFFFFFFFFFFFFFFFFFFFFFFFFFF1E
:20C24000FFFFFFFFFFFFFFFFFFFFFFFFFFFFFFFFFFFFFFFFFFFFFFFFFFFFFFFFFFFFFFFFFE
:20C26000FFFFFFFFFFFFFFFFFFFFFFFFFFFFFFFFFFFFFFFFFFFFFFFFFFFFFFFFFFFFFFFFDE
:20C28000FFFFFFFFFFFFFFFFFFFFFFFFFFFFFFFFFFFFFFFFFFFFFFFFFFFFFFFFFFFFFFFFBE
:20C2A000FFFFFFFFFFFFFFFFFFFFFFFFFFFFFFFFFFFFFFFFFFFFFFFFFFFFFFFFFFFFFFFF9E
:20C2C000FFFFFFFFFFFFFFFFFFFFFFFFFFFFFFFFFFFFFFFFFFFFFFFFFFFFFFFFFFFFFFFF7E
:20C2E000FFFFFFFFFFFFFFFFFFFFFFFFFFFFFFFFFFFFFFFFFFFFFFFFFFFFFFFFFFFFFFFF5E
:20C30000FFFFFFFFFFFFFFFFFFFFFFFFFFFFFFFFFFFFFFFFFFFFFFFFFFFFFFFFFFFFFFFF3D
:20C32000FFFFFFFFFFFFFFFFFFFFFFFFFFFFFFFFFFFFFFFFFFFFFFFFFFFFFFFFFFFFFFFF1D
:20C34000FFFFFFFFFFFFFFFFFFFFFFFFFFFFFFFFFFFFFFFFFFFFFFFFFFFFFFFFFFFFFFFFFD
:20C36000FFFFFFFFFFFFFFFFFFFFFFFFFFFFFFFFFFFFFFFFFFFFFFFFFFFFFFFFFFFFFFFFDD
:20C38000FFFFFFFFFFFFFFFFFFFFFFFFFFFFFFFFFFFFFFFFFFFFFFFFFFFFFFFFFFFFFFFFBD
:20C3A000FFFFFFFFFFFFFFFFFFFFFFFFFFFFFFFFFFFFFFFFFFFFFFFFFFFFFFFFFFFFFFFF9D
:20C3C000FFFFFFFFFFFFFFFFFFFFFFFFFFFFFFFFFFFFFFFFFFFFFFFFFFFFFFFFFFFFFFFF7D
:20C3E000FFFFFFFFFFFFFFFFFFFFFFFFFFFFFFFFFFFFFFFFFFFFFFFFFFFFFFFFFFFFFFFF5D
:20C40000FFFFFFFFFFFFFFFFFFFFFFFFFFFFFFFFFFFFFFFFFFFFFFFFFFFFFFFFFFFFFFFF3C
:20C42000FFFFFFFFFFFFFFFFFFFFFFFFFFFFFFFFFFFFFFFFFFFFFFFFFFFFFFFFFFFFFFFF1C
:20C44000FFFFFFFFFFFFFFFFFFFFFFFFFFFFFFFFFFFFFFFFFFFFFFFFFFFFFFFFFFFFFFFFFC
:20C46000FFFFFFFFFFFFFFFFFFFFFFFFFFFFFFFFFFFFFFFFFFFFFFFFFFFFFFFFFFFFFFFFDC
:20C48000FFFFFFFFFFFFFFFFFFFFFFFFFFFFFFFFFFFFFFFFFFFFFFFFFFFFFFFFFFFFFFFFBC
:20C4A000FFFFFFFFFFFFFFFFFFFFFFFFFFFFFFFFFFFFFFFFFFFFFFFFFFFFFFFFFFFFFFFF9C
:20C4C000FFFFFFFFFFFFFFFFFFFFFFFFFFFFFFFFFFFFFFFFFFFFFFFFFFFFFFFFFFFFFFFF7C
:20C4E000FFFFFFFFFFFFFFFFFFFFFFFFFFFFFFFFFFFFFFFFFFFFFFFFFFFFFFFFFFFFFFFF5C
:20C50000FFFFFFFFFFFFFFFFFFFFFFFFFFFFFFFFFFFFFFFFFFFFFFFFFFFFFFFFFFFFFFFF3B
:20C52000FFFFFFFFFFFFFFFFFFFFFFFFFFFFFFFFFFFFFFFFFFFFFFFFFFFFFFFFFFFFFFFF1B
:20C54000FFFFFFFFFFFFFFFFFFFFFFFFFFFFFFFFFFFFFFFFFFFFFFFFFFFFFFFFFFFFFFFFFB
:20C56000FFFFFFFFFFFFFFFFFFFFFFFFFFFFFFFFFFFFFFFFFFFFFFFFFFFFFFFFFFFFFFFFDB
:20C58000FFFFFFFFFFFFFFFFFFFFFFFFFFFFFFFFFFFFFFFFFFFFFFFFFFFFFFFFFFFFFFFFBB
:20C5A000FFFFFFFFFFFFFFFFFFFFFFFFFFFFFFFFFFFFFFFFFFFFFFFFFFFFFFFFFFFFFFFF9B
:20C5C000FFFFFFFFFFFFFFFFFFFFFFFFFFFFFFFFFFFFFFFFFFFFFFFFFFFFFFFFFFFFFFFF7B
:20C5E000FFFFFFFFFFFFFFFFFFFFFFFFFFFFFFFFFFFFFFFFFFFFFFFFFFFFFFFFFFFFFFFF5B
:20C60000FFFFFFFFFFFFFFFFFFFFFFFFFFFFFFFFFFFFFFFFFFFFFFFFFFFFFFFFFFFFFFFF3A
:20C62000FFFFFFFFFFFFFFFFFFFFFFFFFFFFFFFFFFFFFFFFFFFFFFFFFFFFFFFFFFFFFFFF1A
:20C64000FFFFFFFFFFFFFFFFFFFFFFFFFFFFFFFFFFFFFFFFFFFFFFFFFFFFFFFFFFFFFFFFFA
:20C66000FFFFFFFFFFFFFFFFFFFFFFFFFFFFFFFFFFFFFFFFFFFFFFFFFFFFFFFFFFFFFFFFDA
:20C68000FFFFFFFFFFFFFFFFFFFFFFFFFFFFFFFFFFFFFFFFFFFFFFFFFFFFFFFFFFFFFFFFBA
:20C6A000FFFFFFFFFFFFFFFFFFFFFFFFFFFFFFFFFFFFFFFFFFFFFFFFFFFFFFFFFFFFFFFF9A
:20C6C000FFFFFFFFFFFFFFFFFFFFFFFFFFFFFFFFFFFFFFFFFFFFFFFFFFFFFFFFFFFFFFFF7A
:20C6E000FFFFFFFFFFFFFFFFFFFFFFFFFFFFFFFFFFFFFFFFFFFFFFFFFFFFFFFFFFFFFFFF5A
:20C70000FFFFFFFFFFFFFFFFFFFFFFFFFFFFFFFFFFFFFFFFFFFFFFFFFFFFFFFFFFFFFFFF39
:20C72000FFFFFFFFFFFFFFFFFFFFFFFFFFFFFFFFFFFFFFFFFFFFFFFFFFFFFFFFFFFFFFFF19
:20C74000FFFFFFFFFFFFFFFFFFFFFFFFFFFFFFFFFFFFFFFFFFFFFFFFFFFFFFFFFFFFFFFFF9
:20C76000FFFFFFFFFFFFFFFFFFFFFFFFFFFFFFFFFFFFFFFFFFFFFFFFFFFFFFFFFFFFFFFFD9
:20C78000FFFFFFFFFFFFFFFFFFFFFFFFFFFFFFFFFFFFFFFFFFFFFFFFFFFFFFFFFFFFFFFFB9
:20C7A000FFFFFFFFFFFFFFFFFFFFFFFFFFFFFFFFFFFFFFFFFFFFFFFFFFFFFFFFFFFFFFFF99
:20C7C000FFFFFFFFFFFFFFFFFFFFFFFFFFFFFFFFFFFFFFFFFFFFFFFFFFFFFFFFFFFFFFFF79
:20C7E000FFFFFFFFFFFFFFFFFFFFFFFFFFFFFFFFFFFFFFFFFFFFFFFFFFFFFFFFFFFFFFFF59
:20C80000FFFFFFFFFFFFFFFFFFFFFFFFFFFFFFFFFFFFFFFFFFFFFFFFFFFFFFFFFFFFFFFF38
:20C82000FFFFFFFFFFFFFFFFFFFFFFFFFFFFFFFFFFFFFFFFFFFFFFFFFFFFFFFFFFFFFFFF18
:20C84000FFFFFFFFFFFFFFFFFFFFFFFFFFFFFFFFFFFFFFFFFFFFFFFFFFFFFFFFFFFFFFFFF8
:20C86000FFFFFFFFFFFFFFFFFFFFFFFFFFFFFFFFFFFFFFFFFFFFFFFFFFFFFFFFFFFFFFFFD8
:20C88000FFFFFFFFFFFFFFFFFFFFFFFFFFFFFFFFFFFFFFFFFFFFFFFFFFFFFFFFFFFFFFFFB8
:20C8A000FFFFFFFFFFFFFFFFFFFFFFFFFFFFFFFFFFFFFFFFFFFFFFFFFFFFFFFFFFFFFFFF98
:20C8C000FFFFFFFFFFFFFFFFFFFFFFFFFFFFFFFFFFFFFFFFFFFFFFFFFFFFFFFFFFFFFFFF78
:20C8E000FFFFFFFFFFFFFFFFFFFFFFFFFFFFFFFFFFFFFFFFFFFFFFFFFFFFFFFFFFFFFFFF58
:20C90000FFFFFFFFFFFFFFFFFFFFFFFFFFFFFFFFFFFFFFFFFFFFFFFFFFFFFFFFFFFFFFFF37
:20C92000FFFFFFFFFFFFFFFFFFFFFFFFFFFFFFFFFFFFFFFFFFFFFFFFFFFFFFFFFFFFFFFF17
:20C94000FFFFFFFFFFFFFFFFFFFFFFFFFFFFFFFFFFFFFFFFFFFFFFFFFFFFFFFFFFFFFFFFF7
:20C96000FFFFFFFFFFFFFFFFFFFFFFFFFFFFFFFFFFFFFFFFFFFFFFFFFFFFFFFFFFFFFFFFD7
:20C98000FFFFFFFFFFFFFFFFFFFFFFFFFFFFFFFFFFFFFFFFFFFFFFFFFFFFFFFFFFFFFFFFB7
:20C9A000FFFFFFFFFFFFFFFFFFFFFFFFFFFFFFFFFFFFFFFFFFFFFFFFFFFFFFFFFFFFFFFF97
:20C9C000FFFFFFFFFFFFFFFFFFFFFFFFFFFFFFFFFFFFFFFFFFFFFFFFFFFFFFFFFFFFFFFF77
:20C9E000FFFFFFFFFFFFFFFFFFFFFFFFFFFFFFFFFFFFFFFFFFFFFFFFFFFFFFFFFFFFFFFF57
:20CA0000FFFFFFFFFFFFFFFFFFFFFFFFFFFFFFFFFFFFFFFFFFFFFFFFFFFFFFFFFFFFFFFF36
:20CA2000FFFFFFFFFFFFFFFFFFFFFFFFFFFFFFFFFFFFFFFFFFFFFFFFFFFFFFFFFFFFFFFF16
:20CA4000FFFFFFFFFFFFFFFFFFFFFFFFFFFFFFFFFFFFFFFFFFFFFFFFFFFFFFFFFFFFFFFFF6
:20CA6000FFFFFFFFFFFFFFFFFFFFFFFFFFFFFFFFFFFFFFFFFFFFFFFFFFFFFFFFFFFFFFFFD6
:20CA8000FFFFFFFFFFFFFFFFFFFFFFFFFFFFFFFFFFFFFFFFFFFFFFFFFFFFFFFFFFFFFFFFB6
:20CAA000FFFFFFFFFFFFFFFFFFFFFFFFFFFFFFFFFFFFFFFFFFFFFFFFFFFFFFFFFFFFFFFF96
:20CAC000FFFFFFFFFFFFFFFFFFFFFFFFFFFFFFFFFFFFFFFFFFFFFFFFFFFFFFFFFFFFFFFF76
:20CAE000FFFFFFFFFFFFFFFFFFFFFFFFFFFFFFFFFFFFFFFFFFFFFFFFFFFFFFFFFFFFFFFF56
:20CB0000FFFFFFFFFFFFFFFFFFFFFFFFFFFFFFFFFFFFFFFFFFFFFFFFFFFFFFFFFFFFFFFF35
:20CB2000FFFFFFFFFFFFFFFFFFFFFFFFFFFFFFFFFFFFFFFFFFFFFFFFFFFFFFFFFFFFFFFF15
:20CB4000FFFFFFFFFFFFFFFFFFFFFFFFFFFFFFFFFFFFFFFFFFFFFFFFFFFFFFFFFFFFFFFFF5
:20CB6000FFFFFFFFFFFFFFFFFFFFFFFFFFFFFFFFFFFFFFFFFFFFFFFFFFFFFFFFFFFFFFFFD5
:20CB8000FFFFFFFFFFFFFFFFFFFFFFFFFFFFFFFFFFFFFFFFFFFFFFFFFFFFFFFFFFFFFFFFB5
:20CBA000FFFFFFFFFFFFFFFFFFFFFFFFFFFFFFFFFFFFFFFFFFFFFFFFFFFFFFFFFFFFFFFF95
:20CBC000FFFFFFFFFFFFFFFFFFFFFFFFFFFFFFFFFFFFFFFFFFFFFFFFFFFFFFFFFFFFFFFF75
:20CBE000FFFFFFFFFFFFFFFFFFFFFFFFFFFFFFFFFFFFFFFFFFFFFFFFFFFFFFFFFFFFFFFF55
:20CC0000FFFFFFFFFFFFFFFFFFFFFFFFFFFFFFFFFFFFFFFFFFFFFFFFFFFFFFFFFFFFFFFF34
:20CC2000FFFFFFFFFFFFFFFFFFFFFFFFFFFFFFFFFFFFFFFFFFFFFFFFFFFFFFFFFFFFFFFF14
:20CC4000FFFFFFFFFFFFFFFFFFFFFFFFFFFFFFFFFFFFFFFFFFFFFFFFFFFFFFFFFFFFFFFFF4
:20CC6000FFFFFFFFFFFFFFFFFFFFFFFFFFFFFFFFFFFFFFFFFFFFFFFFFFFFFFFFFFFFFFFFD4
:20CC8000FFFFFFFFFFFFFFFFFFFFFFFFFFFFFFFFFFFFFFFFFFFFFFFFFFFFFFFFFFFFFFFFB4
:20CCA000FFFFFFFFFFFFFFFFFFFFFFFFFFFFFFFFFFFFFFFFFFFFFFFFFFFFFFFFFFFFFFFF94
:20CCC000FFFFFFFFFFFFFFFFFFFFFFFFFFFFFFFFFFFFFFFFFFFFFFFFFFFFFFFFFFFFFFFF74
:20CCE000FFFFFFFFFFFFFFFFFFFFFFFFFFFFFFFFFFFFFFFFFFFFFFFFFFFFFFFFFFFFFFFF54
:20CD0000FFFFFFFFFFFFFFFFFFFFFFFFFFFFFFFFFFFFFFFFFFFFFFFFFFFFFFFFFFFFFFFF33
:20CD2000FFFFFFFFFFFFFFFFFFFFFFFFFFFFFFFFFFFFFFFFFFFFFFFFFFFFFFFFFFFFFFFF13
:20CD4000FFFFFFFFFFFFFFFFFFFFFFFFFFFFFFFFFFFFFFFFFFFFFFFFFFFFFFFFFFFFFFFFF3
:20CD6000FFFFFFFFFFFFFFFFFFFFFFFFFFFFFFFFFFFFFFFFFFFFFFFFFFFFFFFFFFFFFFFFD3
:20CD8000FFFFFFFFFFFFFFFFFFFFFFFFFFFFFFFFFFFFFFFFFFFFFFFFFFFFFFFFFFFFFFFFB3
:20CDA000FFFFFFFFFFFFFFFFFFFFFFFFFFFFFFFFFFFFFFFFFFFFFFFFFFFFFFFFFFFFFFFF93
:20CDC000FFFFFFFFFFFFFFFFFFFFFFFFFFFFFFFFFFFFFFFFFFFFFFFFFFFFFFFFFFFFFFFF73
:20CDE000FFFFFFFFFFFFFFFFFFFFFFFFFFFFFFFFFFFFFFFFFFFFFFFFFFFFFFFFFFFFFFFF53
:20CE0000FFFFFFFFFFFFFFFFFFFFFFFFFFFFFFFFFFFFFFFFFFFFFFFFFFFFFFFFFFFFFFFF32
:20CE2000FFFFFFFFFFFFFFFFFFFFFFFFFFFFFFFFFFFFFFFFFFFFFFFFFFFFFFFFFFFFFFFF12
:20CE4000FFFFFFFFFFFFFFFFFFFFFFFFFFFFFFFFFFFFFFFFFFFFFFFFFFFFFFFFFFFFFFFFF2
:20CE6000FFFFFFFFFFFFFFFFFFFFFFFFFFFFFFFFFFFFFFFFFFFFFFFFFFFFFFFFFFFFFFFFD2
:20CE8000FFFFFFFFFFFFFFFFFFFFFFFFFFFFFFFFFFFFFFFFFFFFFFFFFFFFFFFFFFFFFFFFB2
:20CEA000FFFFFFFFFFFFFFFFFFFFFFFFFFFFFFFFFFFFFFFFFFFFFFFFFFFFFFFFFFFFFFFF92
:20CEC000FFFFFFFFFFFFFFFFFFFFFFFFFFFFFFFFFFFFFFFFFFFFFFFFFFFFFFFFFFFFFFFF72
:20CEE000FFFFFFFFFFFFFFFFFFFFFFFFFFFFFFFFFFFFFFFFFFFFFFFFFFFFFFFFFFFFFFFF52
:20CF0000FFFFFFFFFFFFFFFFFFFFFFFFFFFFFFFFFFFFFFFFFFFFFFFFFFFFFFFFFFFFFFFF31
:20CF2000FFFFFFFFFFFFFFFFFFFFFFFFFFFFFFFFFFFFFFFFFFFFFFFFFFFFFFFFFFFFFFFF11
:20CF4000FFFFFFFFFFFFFFFFFFFFFFFFFFFFFFFFFFFFFFFFFFFFFFFFFFFFFFFFFFFFFFFFF1
:20CF6000FFFFFFFFFFFFFFFFFFFFFFFFFFFFFFFFFFFFFFFFFFFFFFFFFFFFFFFFFFFFFFFFD1
:20CF8000FFFFFFFFFFFFFFFFFFFFFFFFFFFFFFFFFFFFFFFFFFFFFFFFFFFFFFFFFFFFFFFFB1
:20CFA000FFFFFFFFFFFFFFFFFFFFFFFFFFFFFFFFFFFFFFFFFFFFFFFFFFFFFFFFFFFFFFFF91
:20CFC000FFFFFFFFFFFFFFFFFFFFFFFFFFFFFFFFFFFFFFFFFFFFFFFFFFFFFFFFFFFFFFFF71
:20CFE000FFFFFFFFFFFFFFFFFFFFFFFFFFFFFFFFFFFFFFFFFFFFFFFFFFFFFFFFFFFFFFFF51
:20D00000FFFFFFFFFFFFFFFFFFFFFFFFFFFFFFFFFFFFFFFFFFFFFFFFFFFFFFFFFFFFFFFF30
:20D02000FFFFFFFFFFFFFFFFFFFFFFFFFFFFFFFFFFFFFFFFFFFFFFFFFFFFFFFFFFFFFFFF10
:20D04000FFFFFFFFFFFFFFFFFFFFFFFFFFFFFFFFFFFFFFFFFFFFFFFFFFFFFFFFFFFFFFFFF0
:20D06000FFFFFFFFFFFFFFFFFFFFFFFFFFFFFFFFFFFFFFFFFFFFFFFFFFFFFFFFFFFFFFFFD0
:20D08000FFFFFFFFFFFFFFFFFFFFFFFFFFFFFFFFFFFFFFFFFFFFFFFFFFFFFFFFFFFFFFFFB0
:20D0A000FFFFFFFFFFFFFFFFFFFFFFFFFFFFFFFFFFFFFFFFFFFFFFFFFFFFFFFFFFFFFFFF90
:20D0C000FFFFFFFFFFFFFFFFFFFFFFFFFFFFFFFFFFFFFFFFFFFFFFFFFFFFFFFFFFFFFFFF70
:20D0E000FFFFFFFFFFFFFFFFFFFFFFFFFFFFFFFFFFFFFFFFFFFFFFFFFFFFFFFFFFFFFFFF50
:20D10000FFFFFFFFFFFFFFFFFFFFFFFFFFFFFFFFFFFFFFFFFFFFFFFFFFFFFFFFFFFFFFFF2F
:20D12000FFFFFFFFFFFFFFFFFFFFFFFFFFFFFFFFFFFFFFFFFFFFFFFFFFFFFFFFFFFFFFFF0F
:20D14000FFFFFFFFFFFFFFFFFFFFFFFFFFFFFFFFFFFFFFFFFFFFFFFFFFFFFFFFFFFFFFFFEF
:20D16000FFFFFFFFFFFFFFFFFFFFFFFFFFFFFFFFFFFFFFFFFFFFFFFFFFFFFFFFFFFFFFFFCF
:20D18000FFFFFFFFFFFFFFFFFFFFFFFFFFFFFFFFFFFFFFFFFFFFFFFFFFFFFFFFFFFFFFFFAF
:20D1A000FFFFFFFFFFFFFFFFFFFFFFFFFFFFFFFFFFFFFFFFFFFFFFFFFFFFFFFFFFFFFFFF8F
:20D1C000FFFFFFFFFFFFFFFFFFFFFFFFFFFFFFFFFFFFFFFFFFFFFFFFFFFFFFFFFFFFFFFF6F
:20D1E000FFFFFFFFFFFFFFFFFFFFFFFFFFFFFFFFFFFFFFFFFFFFFFFFFFFFFFFFFFFFFFFF4F
:20D20000FFFFFFFFFFFFFFFFFFFFFFFFFFFFFFFFFFFFFFFFFFFFFFFFFFFFFFFFFFFFFFFF2E
:20D22000FFFFFFFFFFFFFFFFFFFFFFFFFFFFFFFFFFFFFFFFFFFFFFFFFFFFFFFFFFFFFFFF0E
:20D24000FFFFFFFFFFFFFFFFFFFFFFFFFFFFFFFFFFFFFFFFFFFFFFFFFFFFFFFFFFFFFFFFEE
:20D26000FFFFFFFFFFFFFFFFFFFFFFFFFFFFFFFFFFFFFFFFFFFFFFFFFFFFFFFFFFFFFFFFCE
:20D28000FFFFFFFFFFFFFFFFFFFFFFFFFFFFFFFFFFFFFFFFFFFFFFFFFFFFFFFFFFFFFFFFAE
:20D2A000FFFFFFFFFFFFFFFFFFFFFFFFFFFFFFFFFFFFFFFFFFFFFFFFFFFFFFFFFFFFFFFF8E
:20D2C000FFFFFFFFFFFFFFFFFFFFFFFFFFFFFFFFFFFFFFFFFFFFFFFFFFFFFFFFFFFFFFFF6E
:20D2E000FFFFFFFFFFFFFFFFFFFFFFFFFFFFFFFFFFFFFFFFFFFFFFFFFFFFFFFFFFFFFFFF4E
:20D30000FFFFFFFFFFFFFFFFFFFFFFFFFFFFFFFFFFFFFFFFFFFFFFFFFFFFFFFFFFFFFFFF2D
:20D32000FFFFFFFFFFFFFFFFFFFFFFFFFFFFFFFFFFFFFFFFFFFFFFFFFFFFFFFFFFFFFFFF0D
:20D34000FFFFFFFFFFFFFFFFFFFFFFFFFFFFFFFFFFFFFFFFFFFFFFFFFFFFFFFFFFFFFFFFED
:20D36000FFFFFFFFFFFFFFFFFFFFFFFFFFFFFFFFFFFFFFFFFFFFFFFFFFFFFFFFFFFFFFFFCD
:20D38000FFFFFFFFFFFFFFFFFFFFFFFFFFFFFFFFFFFFFFFFFFFFFFFFFFFFFFFFFFFFFFFFAD
:20D3A000FFFFFFFFFFFFFFFFFFFFFFFFFFFFFFFFFFFFFFFFFFFFFFFFFFFFFFFFFFFFFFFF8D
:20D3C000FFFFFFFFFFFFFFFFFFFFFFFFFFFFFFFFFFFFFFFFFFFFFFFFFFFFFFFFFFFFFFFF6D
:20D3E000FFFFFFFFFFFFFFFFFFFFFFFFFFFFFFFFFFFFFFFFFFFFFFFFFFFFFFFFFFFFFFFF4D
:20D40000FFFFFFFFFFFFFFFFFFFFFFFFFFFFFFFFFFFFFFFFFFFFFFFFFFFFFFFFFFFFFFFF2C
:20D42000FFFFFFFFFFFFFFFFFFFFFFFFFFFFFFFFFFFFFFFFFFFFFFFFFFFFFFFFFFFFFFFF0C
:20D44000FFFFFFFFFFFFFFFFFFFFFFFFFFFFFFFFFFFFFFFFFFFFFFFFFFFFFFFFFFFFFFFFEC
:20D46000FFFFFFFFFFFFFFFFFFFFFFFFFFFFFFFFFFFFFFFFFFFFFFFFFFFFFFFFFFFFFFFFCC
:20D48000FFFFFFFFFFFFFFFFFFFFFFFFFFFFFFFFFFFFFFFFFFFFFFFFFFFFFFFFFFFFFFFFAC
:20D4A000FFFFFFFFFFFFFFFFFFFFFFFFFFFFFFFFFFFFFFFFFFFFFFFFFFFFFFFFFFFFFFFF8C
:20D4C000FFFFFFFFFFFFFFFFFFFFFFFFFFFFFFFFFFFFFFFFFFFFFFFFFFFFFFFFFFFFFFFF6C
:20D4E000FFFFFFFFFFFFFFFFFFFFFFFFFFFFFFFFFFFFFFFFFFFFFFFFFFFFFFFFFFFFFFFF4C
:20D50000FFFFFFFFFFFFFFFFFFFFFFFFFFFFFFFFFFFFFFFFFFFFFFFFFFFFFFFFFFFFFFFF2B
:20D52000FFFFFFFFFFFFFFFFFFFFFFFFFFFFFFFFFFFFFFFFFFFFFFFFFFFFFFFFFFFFFFFF0B
:20D54000FFFFFFFFFFFFFFFFFFFFFFFFFFFFFFFFFFFFFFFFFFFFFFFFFFFFFFFFFFFFFFFFEB
:20D56000FFFFFFFFFFFFFFFFFFFFFFFFFFFFFFFFFFFFFFFFFFFFFFFFFFFFFFFFFFFFFFFFCB
:20D58000FFFFFFFFFFFFFFFFFFFFFFFFFFFFFFFFFFFFFFFFFFFFFFFFFFFFFFFFFFFFFFFFAB
:20D5A000FFFFFFFFFFFFFFFFFFFFFFFFFFFFFFFFFFFFFFFFFFFFFFFFFFFFFFFFFFFFFFFF8B
:20D5C000FFFFFFFFFFFFFFFFFFFFFFFFFFFFFFFFFFFFFFFFFFFFFFFFFFFFFFFFFFFFFFFF6B
:20D5E000FFFFFFFFFFFFFFFFFFFFFFFFFFFFFFFFFFFFFFFFFFFFFFFFFFFFFFFFFFFFFFFF4B
:20D60000FFFFFFFFFFFFFFFFFFFFFFFFFFFFFFFFFFFFFFFFFFFFFFFFFFFFFFFFFFFFFFFF2A
:20D62000FFFFFFFFFFFFFFFFFFFFFFFFFFFFFFFFFFFFFFFFFFFFFFFFFFFFFFFFFFFFFFFF0A
:20D64000FFFFFFFFFFFFFFFFFFFFFFFFFFFFFFFFFFFFFFFFFFFFFFFFFFFFFFFFFFFFFFFFEA
:20D66000FFFFFFFFFFFFFFFFFFFFFFFFFFFFFFFFFFFFFFFFFFFFFFFFFFFFFFFFFFFFFFFFCA
:20D68000FFFFFFFFFFFFFFFFFFFFFFFFFFFFFFFFFFFFFFFFFFFFFFFFFFFFFFFFFFFFFFFFAA
:20D6A000FFFFFFFFFFFFFFFFFFFFFFFFFFFFFFFFFFFFFFFFFFFFFFFFFFFFFFFFFFFFFFFF8A
:20D6C000FFFFFFFFFFFFFFFFFFFFFFFFFFFFFFFFFFFFFFFFFFFFFFFFFFFFFFFFFFFFFFFF6A
:20D6E000FFFFFFFFFFFFFFFFFFFFFFFFFFFFFFFFFFFFFFFFFFFFFFFFFFFFFFFFFFFFFFFF4A
:20D70000FFFFFFFFFFFFFFFFFFFFFFFFFFFFFFFFFFFFFFFFFFFFFFFFFFFFFFFFFFFFFFFF29
:20D72000FFFFFFFFFFFFFFFFFFFFFFFFFFFFFFFFFFFFFFFFFFFFFFFFFFFFFFFFFFFFFFFF09
:20D74000FFFFFFFFFFFFFFFFFFFFFFFFFFFFFFFFFFFFFFFFFFFFFFFFFFFFFFFFFFFFFFFFE9
:20D76000FFFFFFFFFFFFFFFFFFFFFFFFFFFFFFFFFFFFFFFFFFFFFFFFFFFFFFFFFFFFFFFFC9
:20D78000FFFFFFFFFFFFFFFFFFFFFFFFFFFFFFFFFFFFFFFFFFFFFFFFFFFFFFFFFFFFFFFFA9
:20D7A000FFFFFFFFFFFFFFFFFFFFFFFFFFFFFFFFFFFFFFFFFFFFFFFFFFFFFFFFFFFFFFFF89
:20D7C000FFFFFFFFFFFFFFFFFFFFFFFFFFFFFFFFFFFFFFFFFFFFFFFFFFFFFFFFFFFFFFFF69
:20D7E000FFFFFFFFFFFFFFFFFFFFFFFFFFFFFFFFFFFFFFFFFFFFFFFFFFFFFFFFFFFFFFFF49
:20D80000FFFFFFFFFFFFFFFFFFFFFFFFFFFFFFFFFFFFFFFFFFFFFFFFFFFFFFFFFFFFFFFF28
:20D82000FFFFFFFFFFFFFFFFFFFFFFFFFFFFFFFFFFFFFFFFFFFFFFFFFFFFFFFFFFFFFFFF08
:20D84000FFFFFFFFFFFFFFFFFFFFFFFFFFFFFFFFFFFFFFFFFFFFFFFFFFFFFFFFFFFFFFFFE8
:20D86000FFFFFFFFFFFFFFFFFFFFFFFFFFFFFFFFFFFFFFFFFFFFFFFFFFFFFFFFFFFFFFFFC8
:20D88000FFFFFFFFFFFFFFFFFFFFFFFFFFFFFFFFFFFFFFFFFFFFFFFFFFFFFFFFFFFFFFFFA8
:20D8A000FFFFFFFFFFFFFFFFFFFFFFFFFFFFFFFFFFFFFFFFFFFFFFFFFFFFFFFFFFFFFFFF88
:20D8C000FFFFFFFFFFFFFFFFFFFFFFFFFFFFFFFFFFFFFFFFFFFFFFFFFFFFFFFFFFFFFFFF68
:20D8E000FFFFFFFFFFFFFFFFFFFFFFFFFFFFFFFFFFFFFFFFFFFFFFFFFFFFFFFFFFFFFFFF48
:20D90000FFFFFFFFFFFFFFFFFFFFFFFFFFFFFFFFFFFFFFFFFFFFFFFFFFFFFFFFFFFFFFFF27
:20D92000FFFFFFFFFFFFFFFFFFFFFFFFFFFFFFFFFFFFFFFFFFFFFFFFFFFFFFFFFFFFFFFF07
:20D94000FFFFFFFFFFFFFFFFFFFFFFFFFFFFFFFFFFFFFFFFFFFFFFFFFFFFFFFFFFFFFFFFE7
:20D96000FFFFFFFFFFFFFFFFFFFFFFFFFFFFFFFFFFFFFFFFFFFFFFFFFFFFFFFFFFFFFFFFC7
:20D98000FFFFFFFFFFFFFFFFFFFFFFFFFFFFFFFFFFFFFFFFFFFFFFFFFFFFFFFFFFFFFFFFA7
:20D9A000FFFFFFFFFFFFFFFFFFFFFFFFFFFFFFFFFFFFFFFFFFFFFFFFFFFFFFFFFFFFFFFF87
:20D9C000FFFFFFFFFFFFFFFFFFFFFFFFFFFFFFFFFFFFFFFFFFFFFFFFFFFFFFFFFFFFFFFF67
:20D9E000FFFFFFFFFFFFFFFFFFFFFFFFFFFFFFFFFFFFFFFFFFFFFFFFFFFFFFFFFFFFFFFF47
:20DA0000FFFFFFFFFFFFFFFFFFFFFFFFFFFFFFFFFFFFFFFFFFFFFFFFFFFFFFFFFFFFFFFF26
:20DA2000FFFFFFFFFFFFFFFFFFFFFFFFFFFFFFFFFFFFFFFFFFFFFFFFFFFFFFFFFFFFFFFF06
:20DA4000FFFFFFFFFFFFFFFFFFFFFFFFFFFFFFFFFFFFFFFFFFFFFFFFFFFFFFFFFFFFFFFFE6
:20DA6000FFFFFFFFFFFFFFFFFFFFFFFFFFFFFFFFFFFFFFFFFFFFFFFFFFFFFFFFFFFFFFFFC6
:20DA8000FFFFFFFFFFFFFFFFFFFFFFFFFFFFFFFFFFFFFFFFFFFFFFFFFFFFFFFFFFFFFFFFA6
:20DAA000FFFFFFFFFFFFFFFFFFFFFFFFFFFFFFFFFFFFFFFFFFFFFFFFFFFFFFFFFFFFFFFF86
:20DAC000FFFFFFFFFFFFFFFFFFFFFFFFFFFFFFFFFFFFFFFFFFFFFFFFFFFFFFFFFFFFFFFF66
:20DAE000FFFFFFFFFFFFFFFFFFFFFFFFFFFFFFFFFFFFFFFFFFFFFFFFFFFFFFFFFFFFFFFF46
:20DB0000FFFFFFFFFFFFFFFFFFFFFFFFFFFFFFFFFFFFFFFFFFFFFFFFFFFFFFFFFFFFFFFF25
:20DB2000FFFFFFFFFFFFFFFFFFFFFFFFFFFFFFFFFFFFFFFFFFFFFFFFFFFFFFFFFFFFFFFF05
:20DB4000FFFFFFFFFFFFFFFFFFFFFFFFFFFFFFFFFFFFFFFFFFFFFFFFFFFFFFFFFFFFFFFFE5
:20DB6000FFFFFFFFFFFFFFFFFFFFFFFFFFFFFFFFFFFFFFFFFFFFFFFFFFFFFFFFFFFFFFFFC5
:20DB8000FFFFFFFFFFFFFFFFFFFFFFFFFFFFFFFFFFFFFFFFFFFFFFFFFFFFFFFFFFFFFFFFA5
:20DBA000FFFFFFFFFFFFFFFFFFFFFFFFFFFFFFFFFFFFFFFFFFFFFFFFFFFFFFFFFFFFFFFF85
:20DBC000FFFFFFFFFFFFFFFFFFFFFFFFFFFFFFFFFFFFFFFFFFFFFFFFFFFFFFFFFFFFFFFF65
:20DBE000FFFFFFFFFFFFFFFFFFFFFFFFFFFFFFFFFFFFFFFFFFFFFFFFFFFFFFFFFFFFFFFF45
:20DC0000FFFFFFFFFFFFFFFFFFFFFFFFFFFFFFFFFFFFFFFFFFFFFFFFFFFFFFFFFFFFFFFF24
:20DC2000FFFFFFFFFFFFFFFFFFFFFFFFFFFFFFFFFFFFFFFFFFFFFFFFFFFFFFFFFFFFFFFF04
:20DC4000FFFFFFFFFFFFFFFFFFFFFFFFFFFFFFFFFFFFFFFFFFFFFFFFFFFFFFFFFFFFFFFFE4
:20DC6000FFFFFFFFFFFFFFFFFFFFFFFFFFFFFFFFFFFFFFFFFFFFFFFFFFFFFFFFFFFFFFFFC4
:20DC8000FFFFFFFFFFFFFFFFFFFFFFFFFFFFFFFFFFFFFFFFFFFFFFFFFFFFFFFFFFFFFFFFA4
:20DCA000FFFFFFFFFFFFFFFFFFFFFFFFFFFFFFFFFFFFFFFFFFFFFFFFFFFFFFFFFFFFFFFF84
:20DCC000FFFFFFFFFFFFFFFFFFFFFFFFFFFFFFFFFFFFFFFFFFFFFFFFFFFFFFFFFFFFFFFF64
:20DCE000FFFFFFFFFFFFFFFFFFFFFFFFFFFFFFFFFFFFFFFFFFFFFFFFFFFFFFFFFFFFFFFF44
:20DD0000FFFFFFFFFFFFFFFFFFFFFFFFFFFFFFFFFFFFFFFFFFFFFFFFFFFFFFFFFFFFFFFF23
:20DD2000FFFFFFFFFFFFFFFFFFFFFFFFFFFFFFFFFFFFFFFFFFFFFFFFFFFFFFFFFFFFFFFF03
:20DD4000FFFFFFFFFFFFFFFFFFFFFFFFFFFFFFFFFFFFFFFFFFFFFFFFFFFFFFFFFFFFFFFFE3
:20DD6000FFFFFFFFFFFFFFFFFFFFFFFFFFFFFFFFFFFFFFFFFFFFFFFFFFFFFFFFFFFFFFFFC3
:20DD8000FFFFFFFFFFFFFFFFFFFFFFFFFFFFFFFFFFFFFFFFFFFFFFFFFFFFFFFFFFFFFFFFA3
:20DDA000FFFFFFFFFFFFFFFFFFFFFFFFFFFFFFFFFFFFFFFFFFFFFFFFFFFFFFFFFFFFFFFF83
:20DDC000FFFFFFFFFFFFFFFFFFFFFFFFFFFFFFFFFFFFFFFFFFFFFFFFFFFFFFFFFFFFFFFF63
:20DDE000FFFFFFFFFFFFFFFFFFFFFFFFFFFFFFFFFFFFFFFFFFFFFFFFFFFFFFFFFFFFFFFF43
:20DE0000FFFFFFFFFFFFFFFFFFFFFFFFFFFFFFFFFFFFFFFFFFFFFFFFFFFFFFFFFFFFFFFF22
:20DE2000FFFFFFFFFFFFFFFFFFFFFFFFFFFFFFFFFFFFFFFFFFFFFFFFFFFFFFFFFFFFFFFF02
:20DE4000FFFFFFFFFFFFFFFFFFFFFFFFFFFFFFFFFFFFFFFFFFFFFFFFFFFFFFFFFFFFFFFFE2
:20DE6000FFFFFFFFFFFFFFFFFFFFFFFFFFFFFFFFFFFFFFFFFFFFFFFFFFFFFFFFFFFFFFFFC2
:20DE8000FFFFFFFFFFFFFFFFFFFFFFFFFFFFFFFFFFFFFFFFFFFFFFFFFFFFFFFFFFFFFFFFA2
:20DEA000FFFFFFFFFFFFFFFFFFFFFFFFFFFFFFFFFFFFFFFFFFFFFFFFFFFFFFFFFFFFFFFF82
:20DEC000FFFFFFFFFFFFFFFFFFFFFFFFFFFFFFFFFFFFFFFFFFFFFFFFFFFFFFFFFFFFFFFF62
:20DEE000FFFFFFFFFFFFFFFFFFFFFFFFFFFFFFFFFFFFFFFFFFFFFFFFFFFFFFFFFFFFFFFF42
:20DF0000FFFFFFFFFFFFFFFFFFFFFFFFFFFFFFFFFFFFFFFFFFFFFFFFFFFFFFFFFFFFFFFF21
:20DF2000FFFFFFFFFFFFFFFFFFFFFFFFFFFFFFFFFFFFFFFFFFFFFFFFFFFFFFFFFFFFFFFF01
:20DF4000FFFFFFFFFFFFFFFFFFFFFFFFFFFFFFFFFFFFFFFFFFFFFFFFFFFFFFFFFFFFFFFFE1
:20DF6000FFFFFFFFFFFFFFFFFFFFFFFFFFFFFFFFFFFFFFFFFFFFFFFFFFFFFFFFFFFFFFFFC1
:20DF8000FFFFFFFFFFFFFFFFFFFFFFFFFFFFFFFFFFFFFFFFFFFFFFFFFFFFFFFFFFFFFFFFA1
:20DFA000FFFFFFFFFFFFFFFFFFFFFFFFFFFFFFFFFFFFFFFFFFFFFFFFFFFFFFFFFFFFFFFF81
:20DFC000FFFFFFFFFFFFFFFFFFFFFFFFFFFFFFFFFFFFFFFFFFFFFFFFFFFFFFFFFFFFFFFF61
:20DFE000FFFFFFFFFFFFFFFFFFFFFFFFFFFFFFFFFFFFFFFFFFFFFFFFFFFFFFFFFFFFFFFF41
:20E00000FFFFFFFFFFFFFFFFFFFFFFFFFFFFFFFFFFFFFFFFFFFFFFFFFFFFFFFFFFFFFFFF20
:20E02000FFFFFFFFFFFFFFFFFFFFFFFFFFFFFFFFFFFFFFFFFFFFFFFFFFFFFFFFFFFFFFFF00
:20E04000FFFFFFFFFFFFFFFFFFFFFFFFFFFFFFFFFFFFFFFFFFFFFFFFFFFFFFFFFFFFFFFFE0
:20E06000FFFFFFFFFFFFFFFFFFFFFFFFFFFFFFFFFFFFFFFFFFFFFFFFFFFFFFFFFFFFFFFFC0
:20E08000FFFFFFFFFFFFFFFFFFFFFFFFFFFFFFFFFFFFFFFFFFFFFFFFFFFFFFFFFFFFFFFFA0
:20E0A000FFFFFFFFFFFFFFFFFFFFFFFFFFFFFFFFFFFFFFFFFFFFFFFFFFFFFFFFFFFFFFFF80
:20E0C000FFFFFFFFFFFFFFFFFFFFFFFFFFFFFFFFFFFFFFFFFFFFFFFFFFFFFFFFFFFFFFFF60
:20E0E000FFFFFFFFFFFFFFFFFFFFFFFFFFFFFFFFFFFFFFFFFFFFFFFFFFFFFFFFFFFFFFFF40
:20E10000FFFFFFFFFFFFFFFFFFFFFFFFFFFFFFFFFFFFFFFFFFFFFFFFFFFFFFFFFFFFFFFF1F
:20E12000FFFFFFFFFFFFFFFFFFFFFFFFFFFFFFFFFFFFFFFFFFFFFFFFFFFFFFFFFFFFFFFFFF
:20E14000FFFFFFFFFFFFFFFFFFFFFFFFFFFFFFFFFFFFFFFFFFFFFFFFFFFFFFFFFFFFFFFFDF
:20E16000FFFFFFFFFFFFFFFFFFFFFFFFFFFFFFFFFFFFFFFFFFFFFFFFFFFFFFFFFFFFFFFFBF
:20E18000FFFFFFFFFFFFFFFFFFFFFFFFFFFFFFFFFFFFFFFFFFFFFFFFFFFFFFFFFFFFFFFF9F
:20E1A000FFFFFFFFFFFFFFFFFFFFFFFFFFFFFFFFFFFFFFFFFFFFFFFFFFFFFFFFFFFFFFFF7F
:20E1C000FFFFFFFFFFFFFFFFFFFFFFFFFFFFFFFFFFFFFFFFFFFFFFFFFFFFFFFFFFFFFFFF5F
:20E1E000FFFFFFFFFFFFFFFFFFFFFFFFFFFFFFFFFFFFFFFFFFFFFFFFFFFFFFFFFFFFFFFF3F
:20E20000FFFFFFFFFFFFFFFFFFFFFFFFFFFFFFFFFFFFFFFFFFFFFFFFFFFFFFFFFFFFFFFF1E
:20E22000FFFFFFFFFFFFFFFFFFFFFFFFFFFFFFFFFFFFFFFFFFFFFFFFFFFFFFFFFFFFFFFFFE
:20E24000FFFFFFFFFFFFFFFFFFFFFFFFFFFFFFFFFFFFFFFFFFFFFFFFFFFFFFFFFFFFFFFFDE
:20E26000FFFFFFFFFFFFFFFFFFFFFFFFFFFFFFFFFFFFFFFFFFFFFFFFFFFFFFFFFFFFFFFFBE
:20E28000FFFFFFFFFFFFFFFFFFFFFFFFFFFFFFFFFFFFFFFFFFFFFFFFFFFFFFFFFFFFFFFF9E
:20E2A000FFFFFFFFFFFFFFFFFFFFFFFFFFFFFFFFFFFFFFFFFFFFFFFFFFFFFFFFFFFFFFFF7E
:20E2C000FFFFFFFFFFFFFFFFFFFFFFFFFFFFFFFFFFFFFFFFFFFFFFFFFFFFFFFFFFFFFFFF5E
:20E2E000FFFFFFFFFFFFFFFFFFFFFFFFFFFFFFFFFFFFFFFFFFFFFFFFFFFFFFFFFFFFFFFF3E
:20E30000FFFFFFFFFFFFFFFFFFFFFFFFFFFFFFFFFFFFFFFFFFFFFFFFFFFFFFFFFFFFFFFF1D
:20E32000FFFFFFFFFFFFFFFFFFFFFFFFFFFFFFFFFFFFFFFFFFFFFFFFFFFFFFFFFFFFFFFFFD
:20E34000FFFFFFFFFFFFFFFFFFFFFFFFFFFFFFFFFFFFFFFFFFFFFFFFFFFFFFFFFFFFFFFFDD
:20E36000FFFFFFFFFFFFFFFFFFFFFFFFFFFFFFFFFFFFFFFFFFFFFFFFFFFFFFFFFFFFFFFFBD
:20E38000FFFFFFFFFFFFFFFFFFFFFFFFFFFFFFFFFFFFFFFFFFFFFFFFFFFFFFFFFFFFFFFF9D
:20E3A000FFFFFFFFFFFFFFFFFFFFFFFFFFFFFFFFFFFFFFFFFFFFFFFFFFFFFFFFFFFFFFFF7D
:20E3C000FFFFFFFFFFFFFFFFFFFFFFFFFFFFFFFFFFFFFFFFFFFFFFFFFFFFFFFFFFFFFFFF5D
:20E3E000FFFFFFFFFFFFFFFFFFFFFFFFFFFFFFFFFFFFFFFFFFFFFFFFFFFFFFFFFFFFFFFF3D
:20E40000FFFFFFFFFFFFFFFFFFFFFFFFFFFFFFFFFFFFFFFFFFFFFFFFFFFFFFFFFFFFFFFF1C
:20E42000FFFFFFFFFFFFFFFFFFFFFFFFFFFFFFFFFFFFFFFFFFFFFFFFFFFFFFFFFFFFFFFFFC
:20E44000FFFFFFFFFFFFFFFFFFFFFFFFFFFFFFFFFFFFFFFFFFFFFFFFFFFFFFFFFFFFFFFFDC
:20E46000FFFFFFFFFFFFFFFFFFFFFFFFFFFFFFFFFFFFFFFFFFFFFFFFFFFFFFFFFFFFFFFFBC
:20E48000FFFFFFFFFFFFFFFFFFFFFFFFFFFFFFFFFFFFFFFFFFFFFFFFFFFFFFFFFFFFFFFF9C
:20E4A000FFFFFFFFFFFFFFFFFFFFFFFFFFFFFFFFFFFFFFFFFFFFFFFFFFFFFFFFFFFFFFFF7C
:20E4C000FFFFFFFFFFFFFFFFFFFFFFFFFFFFFFFFFFFFFFFFFFFFFFFFFFFFFFFFFFFFFFFF5C
:20E4E000FFFFFFFFFFFFFFFFFFFFFFFFFFFFFFFFFFFFFFFFFFFFFFFFFFFFFFFFFFFFFFFF3C
:20E50000FFFFFFFFFFFFFFFFFFFFFFFFFFFFFFFFFFFFFFFFFFFFFFFFFFFFFFFFFFFFFFFF1B
:20E52000FFFFFFFFFFFFFFFFFFFFFFFFFFFFFFFFFFFFFFFFFFFFFFFFFFFFFFFFFFFFFFFFFB
:20E54000FFFFFFFFFFFFFFFFFFFFFFFFFFFFFFFFFFFFFFFFFFFFFFFFFFFFFFFFFFFFFFFFDB
:20E56000FFFFFFFFFFFFFFFFFFFFFFFFFFFFFFFFFFFFFFFFFFFFFFFFFFFFFFFFFFFFFFFFBB
:20E58000FFFFFFFFFFFFFFFFFFFFFFFFFFFFFFFFFFFFFFFFFFFFFFFFFFFFFFFFFFFFFFFF9B
:20E5A000FFFFFFFFFFFFFFFFFFFFFFFFFFFFFFFFFFFFFFFFFFFFFFFFFFFFFFFFFFFFFFFF7B
:20E5C000FFFFFFFFFFFFFFFFFFFFFFFFFFFFFFFFFFFFFFFFFFFFFFFFFFFFFFFFFFFFFFFF5B
:20E5E000FFFFFFFFFFFFFFFFFFFFFFFFFFFFFFFFFFFFFFFFFFFFFFFFFFFFFFFFFFFFFFFF3B
:20E60000FFFFFFFFFFFFFFFFFFFFFFFFFFFFFFFFFFFFFFFFFFFFFFFFFFFFFFFFFFFFFFFF1A
:20E62000FFFFFFFFFFFFFFFFFFFFFFFFFFFFFFFFFFFFFFFFFFFFFFFFFFFFFFFFFFFFFFFFFA
:20E64000FFFFFFFFFFFFFFFFFFFFFFFFFFFFFFFFFFFFFFFFFFFFFFFFFFFFFFFFFFFFFFFFDA
:20E66000FFFFFFFFFFFFFFFFFFFFFFFFFFFFFFFFFFFFFFFFFFFFFFFFFFFFFFFFFFFFFFFFBA
:20E68000FFFFFFFFFFFFFFFFFFFFFFFFFFFFFFFFFFFFFFFFFFFFFFFFFFFFFFFFFFFFFFFF9A
:20E6A000FFFFFFFFFFFFFFFFFFFFFFFFFFFFFFFFFFFFFFFFFFFFFFFFFFFFFFFFFFFFFFFF7A
:20E6C000FFFFFFFFFFFFFFFFFFFFFFFFFFFFFFFFFFFFFFFFFFFFFFFFFFFFFFFFFFFFFFFF5A
:20E6E000FFFFFFFFFFFFFFFFFFFFFFFFFFFFFFFFFFFFFFFFFFFFFFFFFFFFFFFFFFFFFFFF3A
:20E70000FFFFFFFFFFFFFFFFFFFFFFFFFFFFFFFFFFFFFFFFFFFFFFFFFFFFFFFFFFFFFFFF19
:20E72000FFFFFFFFFFFFFFFFFFFFFFFFFFFFFFFFFFFFFFFFFFFFFFFFFFFFFFFFFFFFFFFFF9
:20E74000FFFFFFFFFFFFFFFFFFFFFFFFFFFFFFFFFFFFFFFFFFFFFFFFFFFFFFFFFFFFFFFFD9
:20E76000FFFFFFFFFFFFFFFFFFFFFFFFFFFFFFFFFFFFFFFFFFFFFFFFFFFFFFFFFFFFFFFFB9
:20E78000FFFFFFFFFFFFFFFFFFFFFFFFFFFFFFFFFFFFFFFFFFFFFFFFFFFFFFFFFFFFFFFF99
:20E7A000FFFFFFFFFFFFFFFFFFFFFFFFFFFFFFFFFFFFFFFFFFFFFFFFFFFFFFFFFFFFFFFF79
:20E7C000FFFFFFFFFFFFFFFFFFFFFFFFFFFFFFFFFFFFFFFFFFFFFFFFFFFFFFFFFFFFFFFF59
:20E7E000FFFFFFFFFFFFFFFFFFFFFFFFFFFFFFFFFFFFFFFFFFFFFFFFFFFFFFFFFFFFFFFF39
:20E80000FFFFFFFFFFFFFFFFFFFFFFFFFFFFFFFFFFFFFFFFFFFFFFFFFFFFFFFFFFFFFFFF18
:20E82000FFFFFFFFFFFFFFFFFFFFFFFFFFFFFFFFFFFFFFFFFFFFFFFFFFFFFFFFFFFFFFFFF8
:20E84000FFFFFFFFFFFFFFFFFFFFFFFFFFFFFFFFFFFFFFFFFFFFFFFFFFFFFFFFFFFFFFFFD8
:20E86000FFFFFFFFFFFFFFFFFFFFFFFFFFFFFFFFFFFFFFFFFFFFFFFFFFFFFFFFFFFFFFFFB8
:20E88000FFFFFFFFFFFFFFFFFFFFFFFFFFFFFFFFFFFFFFFFFFFFFFFFFFFFFFFFFFFFFFFF98
:20E8A000FFFFFFFFFFFFFFFFFFFFFFFFFFFFFFFFFFFFFFFFFFFFFFFFFFFFFFFFFFFFFFFF78
:20E8C000FFFFFFFFFFFFFFFFFFFFFFFFFFFFFFFFFFFFFFFFFFFFFFFFFFFFFFFFFFFFFFFF58
:20E8E000FFFFFFFFFFFFFFFFFFFFFFFFFFFFFFFFFFFFFFFFFFFFFFFFFFFFFFFFFFFFFFFF38
:20E90000FFFFFFFFFFFFFFFFFFFFFFFFFFFFFFFFFFFFFFFFFFFFFFFFFFFFFFFFFFFFFFFF17
:20E92000FFFFFFFFFFFFFFFFFFFFFFFFFFFFFFFFFFFFFFFFFFFFFFFFFFFFFFFFFFFFFFFFF7
:20E94000FFFFFFFFFFFFFFFFFFFFFFFFFFFFFFFFFFFFFFFFFFFFFFFFFFFFFFFFFFFFFFFFD7
:20E96000FFFFFFFFFFFFFFFFFFFFFFFFFFFFFFFFFFFFFFFFFFFFFFFFFFFFFFFFFFFFFFFFB7
:20E98000FFFFFFFFFFFFFFFFFFFFFFFFFFFFFFFFFFFFFFFFFFFFFFFFFFFFFFFFFFFFFFFF97
:20E9A000FFFFFFFFFFFFFFFFFFFFFFFFFFFFFFFFFFFFFFFFFFFFFFFFFFFFFFFFFFFFFFFF77
:20E9C000FFFFFFFFFFFFFFFFFFFFFFFFFFFFFFFFFFFFFFFFFFFFFFFFFFFFFFFFFFFFFFFF57
:20E9E000FFFFFFFFFFFFFFFFFFFFFFFFFFFFFFFFFFFFFFFFFFFFFFFFFFFFFFFFFFFFFFFF37
:20EA0000FFFFFFFFFFFFFFFFFFFFFFFFFFFFFFFFFFFFFFFFFFFFFFFFFFFFFFFFFFFFFFFF16
:20EA2000FFFFFFFFFFFFFFFFFFFFFFFFFFFFFFFFFFFFFFFFFFFFFFFFFFFFFFFFFFFFFFFFF6
:20EA4000FFFFFFFFFFFFFFFFFFFFFFFFFFFFFFFFFFFFFFFFFFFFFFFFFFFFFFFFFFFFFFFFD6
:20EA6000FFFFFFFFFFFFFFFFFFFFFFFFFFFFFFFFFFFFFFFFFFFFFFFFFFFFFFFFFFFFFFFFB6
:20EA8000FFFFFFFFFFFFFFFFFFFFFFFFFFFFFFFFFFFFFFFFFFFFFFFFFFFFFFFFFFFFFFFF96
:20EAA000FFFFFFFFFFFFFFFFFFFFFFFFFFFFFFFFFFFFFFFFFFFFFFFFFFFFFFFFFFFFFFFF76
:20EAC000FFFFFFFFFFFFFFFFFFFFFFFFFFFFFFFFFFFFFFFFFFFFFFFFFFFFFFFFFFFFFFFF56
:20EAE000FFFFFFFFFFFFFFFFFFFFFFFFFFFFFFFFFFFFFFFFFFFFFFFFFFFFFFFFFFFFFFFF36
:20EB0000FFFFFFFFFFFFFFFFFFFFFFFFFFFFFFFFFFFFFFFFFFFFFFFFFFFFFFFFFFFFFFFF15
:20EB2000FFFFFFFFFFFFFFFFFFFFFFFFFFFFFFFFFFFFFFFFFFFFFFFFFFFFFFFFFFFFFFFFF5
:20EB4000FFFFFFFFFFFFFFFFFFFFFFFFFFFFFFFFFFFFFFFFFFFFFFFFFFFFFFFFFFFFFFFFD5
:20EB6000FFFFFFFFFFFFFFFFFFFFFFFFFFFFFFFFFFFFFFFFFFFFFFFFFFFFFFFFFFFFFFFFB5
:20EB8000FFFFFFFFFFFFFFFFFFFFFFFFFFFFFFFFFFFFFFFFFFFFFFFFFFFFFFFFFFFFFFFF95
:20EBA000FFFFFFFFFFFFFFFFFFFFFFFFFFFFFFFFFFFFFFFFFFFFFFFFFFFFFFFFFFFFFFFF75
:20EBC000FFFFFFFFFFFFFFFFFFFFFFFFFFFFFFFFFFFFFFFFFFFFFFFFFFFFFFFFFFFFFFFF55
:20EBE000FFFFFFFFFFFFFFFFFFFFFFFFFFFFFFFFFFFFFFFFFFFFFFFFFFFFFFFFFFFFFFFF35
:20EC0000FFFFFFFFFFFFFFFFFFFFFFFFFFFFFFFFFFFFFFFFFFFFFFFFFFFFFFFFFFFFFFFF14
:20EC2000FFFFFFFFFFFFFFFFFFFFFFFFFFFFFFFFFFFFFFFFFFFFFFFFFFFFFFFFFFFFFFFFF4
:20EC4000FFFFFFFFFFFFFFFFFFFFFFFFFFFFFFFFFFFFFFFFFFFFFFFFFFFFFFFFFFFFFFFFD4
:20EC6000FFFFFFFFFFFFFFFFFFFFFFFFFFFFFFFFFFFFFFFFFFFFFFFFFFFFFFFFFFFFFFFFB4
:20EC8000FFFFFFFFFFFFFFFFFFFFFFFFFFFFFFFFFFFFFFFFFFFFFFFFFFFFFFFFFFFFFFFF94
:20ECA000FFFFFFFFFFFFFFFFFFFFFFFFFFFFFFFFFFFFFFFFFFFFFFFFFFFFFFFFFFFFFFFF74
:20ECC000FFFFFFFFFFFFFFFFFFFFFFFFFFFFFFFFFFFFFFFFFFFFFFFFFFFFFFFFFFFFFFFF54
:20ECE000FFFFFFFFFFFFFFFFFFFFFFFFFFFFFFFFFFFFFFFFFFFFFFFFFFFFFFFFFFFFFFFF34
:20ED0000FFFFFFFFFFFFFFFFFFFFFFFFFFFFFFFFFFFFFFFFFFFFFFFFFFFFFFFFFFFFFFFF13
:20ED2000FFFFFFFFFFFFFFFFFFFFFFFFFFFFFFFFFFFFFFFFFFFFFFFFFFFFFFFFFFFFFFFFF3
:20ED4000FFFFFFFFFFFFFFFFFFFFFFFFFFFFFFFFFFFFFFFFFFFFFFFFFFFFFFFFFFFFFFFFD3
:20ED6000FFFFFFFFFFFFFFFFFFFFFFFFFFFFFFFFFFFFFFFFFFFFFFFFFFFFFFFFFFFFFFFFB3
:20ED8000FFFFFFFFFFFFFFFFFFFFFFFFFFFFFFFFFFFFFFFFFFFFFFFFFFFFFFFFFFFFFFFF93
:20EDA000FFFFFFFFFFFFFFFFFFFFFFFFFFFFFFFFFFFFFFFFFFFFFFFFFFFFFFFFFFFFFFFF73
:20EDC000FFFFFFFFFFFFFFFFFFFFFFFFFFFFFFFFFFFFFFFFFFFFFFFFFFFFFFFFFFFFFFFF53
:20EDE000FFFFFFFFFFFFFFFFFFFFFFFFFFFFFFFFFFFFFFFFFFFFFFFFFFFFFFFFFFFFFFFF33
:20EE0000FFFFFFFFFFFFFFFFFFFFFFFFFFFFFFFFFFFFFFFFFFFFFFFFFFFFFFFFFFFFFFFF12
:20EE2000FFFFFFFFFFFFFFFFFFFFFFFFFFFFFFFFFFFFFFFFFFFFFFFFFFFFFFFFFFFFFFFFF2
:20EE4000FFFFFFFFFFFFFFFFFFFFFFFFFFFFFFFFFFFFFFFFFFFFFFFFFFFFFFFFFFFFFFFFD2
:20EE6000FFFFFFFFFFFFFFFFFFFFFFFFFFFFFFFFFFFFFFFFFFFFFFFFFFFFFFFFFFFFFFFFB2
:20EE8000FFFFFFFFFFFFFFFFFFFFFFFFFFFFFFFFFFFFFFFFFFFFFFFFFFFFFFFFFFFFFFFF92
:20EEA000FFFFFFFFFFFFFFFFFFFFFFFFFFFFFFFFFFFFFFFFFFFFFFFFFFFFFFFFFFFFFFFF72
:20EEC000FFFFFFFFFFFFFFFFFFFFFFFFFFFFFFFFFFFFFFFFFFFFFFFFFFFFFFFFFFFFFFFF52
:20EEE000FFFFFFFFFFFFFFFFFFFFFFFFFFFFFFFFFFFFFFFFFFFFFFFFFFFFFFFFFFFFFFFF32
:20EF0000FFFFFFFFFFFFFFFFFFFFFFFFFFFFFFFFFFFFFFFFFFFFFFFFFFFFFFFFFFFFFFFF11
:20EF2000FFFFFFFFFFFFFFFFFFFFFFFFFFFFFFFFFFFFFFFFFFFFFFFFFFFFFFFFFFFFFFFFF1
:20EF4000FFFFFFFFFFFFFFFFFFFFFFFFFFFFFFFFFFFFFFFFFFFFFFFFFFFFFFFFFFFFFFFFD1
:20EF6000FFFFFFFFFFFFFFFFFFFFFFFFFFFFFFFFFFFFFFFFFFFFFFFFFFFFFFFFFFFFFFFFB1
:20EF8000FFFFFFFFFFFFFFFFFFFFFFFFFFFFFFFFFFFFFFFFFFFFFFFFFFFFFFFFFFFFFFFF91
:20EFA000FFFFFFFFFFFFFFFFFFFFFFFFFFFFFFFFFFFFFFFFFFFFFFFFFFFFFFFFFFFFFFFF71
:20EFC000FFFFFFFFFFFFFFFFFFFFFFFFFFFFFFFFFFFFFFFFFFFFFFFFFFFFFFFFFFFFFFFF51
:20EFE000FFFFFFFFFFFFFFFFFFFFFFFFFFFFFFFFFFFFFFFFFFFFFFFFFFFFFFFFFFFFFFFF31
:20F00000FFFFFFFFFFFFFFFFFFFFFFFFFFFFFFFFFFFFFFFFFFFFFFFFFFFFFFFFFFFFFFFF10
:20F02000FFFFFFFFFFFFFFFFFFFFFFFFFFFFFFFFFFFFFFFFFFFFFFFFFFFFFFFFFFFFFFFFF0
:20F04000FFFFFFFFFFFFFFFFFFFFFFFFFFFFFFFFFFFFFFFFFFFFFFFFFFFFFFFFFFFFFFFFD0
:20F06000FFFFFFFFFFFFFFFFFFFFFFFFFFFFFFFFFFFFFFFFFFFFFFFFFFFFFFFFFFFFFFFFB0
:20F08000FFFFFFFFFFFFFFFFFFFFFFFFFFFFFFFFFFFFFFFFFFFFFFFFFFFFFFFFFFFFFFFF90
:20F0A000FFFFFFFFFFFFFFFFFFFFFFFFFFFFFFFFFFFFFFFFFFFFFFFFFFFFFFFFFFFFFFFF70
:20F0C000FFFFFFFFFFFFFFFFFFFFFFFFFFFFFFFFFFFFFFFFFFFFFFFFFFFFFFFFFFFFFFFF50
:20F0E000FFFFFFFFFFFFFFFFFFFFFFFFFFFFFFFFFFFFFFFFFFFFFFFFFFFFFFFFFFFFFFFF30
:20F10000FFFFFFFFFFFFFFFFFFFFFFFFFFFFFFFFFFFFFFFFFFFFFFFFFFFFFFFFFFFFFFFF0F
:20F12000FFFFFFFFFFFFFFFFFFFFFFFFFFFFFFFFFFFFFFFFFFFFFFFFFFFFFFFFFFFFFFFFEF
:20F14000FFFFFFFFFFFFFFFFFFFFFFFFFFFFFFFFFFFFFFFFFFFFFFFFFFFFFFFFFFFFFFFFCF
:20F16000FFFFFFFFFFFFFFFFFFFFFFFFFFFFFFFFFFFFFFFFFFFFFFFFFFFFFFFFFFFFFFFFAF
:20F18000FFFFFFFFFFFFFFFFFFFFFFFFFFFFFFFFFFFFFFFFFFFFFFFFFFFFFFFFFFFFFFFF8F
:20F1A000FFFFFFFFFFFFFFFFFFFFFFFFFFFFFFFFFFFFFFFFFFFFFFFFFFFFFFFFFFFFFFFF6F
:20F1C000FFFFFFFFFFFFFFFFFFFFFFFFFFFFFFFFFFFFFFFFFFFFFFFFFFFFFFFFFFFFFFFF4F
:20F1E000FFFFFFFFFFFFFFFFFFFFFFFFFFFFFFFFFFFFFFFFFFFFFFFFFFFFFFFFFFFFFFFF2F
:20F20000FFFFFFFFFFFFFFFFFFFFFFFFFFFFFFFFFFFFFFFFFFFFFFFFFFFFFFFFFFFFFFFF0E
:20F22000FFFFFFFFFFFFFFFFFFFFFFFFFFFFFFFFFFFFFFFFFFFFFFFFFFFFFFFFFFFFFFFFEE
:20F24000FFFFFFFFFFFFFFFFFFFFFFFFFFFFFFFFFFFFFFFFFFFFFFFFFFFFFFFFFFFFFFFFCE
:20F26000FFFFFFFFFFFFFFFFFFFFFFFFFFFFFFFFFFFFFFFFFFFFFFFFFFFFFFFFFFFFFFFFAE
:20F28000FFFFFFFFFFFFFFFFFFFFFFFFFFFFFFFFFFFFFFFFFFFFFFFFFFFFFFFFFFFFFFFF8E
:20F2A000FFFFFFFFFFFFFFFFFFFFFFFFFFFFFFFFFFFFFFFFFFFFFFFFFFFFFFFFFFFFFFFF6E
:20F2C000FFFFFFFFFFFFFFFFFFFFFFFFFFFFFFFFFFFFFFFFFFFFFFFFFFFFFFFFFFFFFFFF4E
:20F2E000FFFFFFFFFFFFFFFFFFFFFFFFFFFFFFFFFFFFFFFFFFFFFFFFFFFFFFFFFFFFFFFF2E
:20F30000FFFFFFFFFFFFFFFFFFFFFFFFFFFFFFFFFFFFFFFFFFFFFFFFFFFFFFFFFFFFFFFF0D
:20F32000FFFFFFFFFFFFFFFFFFFFFFFFFFFFFFFFFFFFFFFFFFFFFFFFFFFFFFFFFFFFFFFFED
:20F34000FFFFFFFFFFFFFFFFFFFFFFFFFFFFFFFFFFFFFFFFFFFFFFFFFFFFFFFFFFFFFFFFCD
:20F36000FFFFFFFFFFFFFFFFFFFFFFFFFFFFFFFFFFFFFFFFFFFFFFFFFFFFFFFFFFFFFFFFAD
:20F38000FFFFFFFFFFFFFFFFFFFFFFFFFFFFFFFFFFFFFFFFFFFFFFFFFFFFFFFFFFFFFFFF8D
:20F3A000FFFFFFFFFFFFFFFFFFFFFFFFFFFFFFFFFFFFFFFFFFFFFFFFFFFFFFFFFFFFFFFF6D
:20F3C000FFFFFFFFFFFFFFFFFFFFFFFFFFFFFFFFFFFFFFFFFFFFFFFFFFFFFFFFFFFFFFFF4D
:20F3E000FFFFFFFFFFFFFFFFFFFFFFFFFFFFFFFFFFFFFFFFFFFFFFFFFFFFFFFFFFFFFFFF2D
:20F40000FFFFFFFFFFFFFFFFFFFFFFFFFFFFFFFFFFFFFFFFFFFFFFFFFFFFFFFFFFFFFFFF0C
:20F42000FFFFFFFFFFFFFFFFFFFFFFFFFFFFFFFFFFFFFFFFFFFFFFFFFFFFFFFFFFFFFFFFEC
:20F44000FFFFFFFFFFFFFFFFFFFFFFFFFFFFFFFFFFFFFFFFFFFFFFFFFFFFFFFFFFFFFFFFCC
:20F46000FFFFFFFFFFFFFFFFFFFFFFFFFFFFFFFFFFFFFFFFFFFFFFFFFFFFFFFFFFFFFFFFAC
:20F48000FFFFFFFFFFFFFFFFFFFFFFFFFFFFFFFFFFFFFFFFFFFFFFFFFFFFFFFFFFFFFFFF8C
:20F4A000FFFFFFFFFFFFFFFFFFFFFFFFFFFFFFFFFFFFFFFFFFFFFFFFFFFFFFFFFFFFFFFF6C
:20F4C000FFFFFFFFFFFFFFFFFFFFFFFFFFFFFFFFFFFFFFFFFFFFFFFFFFFFFFFFFFFFFFFF4C
:20F4E000FFFFFFFFFFFFFFFFFFFFFFFFFFFFFFFFFFFFFFFFFFFFFFFFFFFFFFFFFFFFFFFF2C
:20F50000FFFFFFFFFFFFFFFFFFFFFFFFFFFFFFFFFFFFFFFFFFFFFFFFFFFFFFFFFFFFFFFF0B
:20F52000FFFFFFFFFFFFFFFFFFFFFFFFFFFFFFFFFFFFFFFFFFFFFFFFFFFFFFFFFFFFFFFFEB
:20F54000FFFFFFFFFFFFFFFFFFFFFFFFFFFFFFFFFFFFFFFFFFFFFFFFFFFFFFFFFFFFFFFFCB
:20F56000FFFFFFFFFFFFFFFFFFFFFFFFFFFFFFFFFFFFFFFFFFFFFFFFFFFFFFFFFFFFFFFFAB
:20F58000FFFFFFFFFFFFFFFFFFFFFFFFFFFFFFFFFFFFFFFFFFFFFFFFFFFFFFFFFFFFFFFF8B
:20F5A000FFFFFFFFFFFFFFFFFFFFFFFFFFFFFFFFFFFFFFFFFFFFFFFFFFFFFFFFFFFFFFFF6B
:20F5C000FFFFFFFFFFFFFFFFFFFFFFFFFFFFFFFFFFFFFFFFFFFFFFFFFFFFFFFFFFFFFFFF4B
:20F5E000FFFFFFFFFFFFFFFFFFFFFFFFFFFFFFFFFFFFFFFFFFFFFFFFFFFFFFFFFFFFFFFF2B
:20F60000FFFFFFFFFFFFFFFFFFFFFFFFFFFFFFFFFFFFFFFFFFFFFFFFFFFFFFFFFFFFFFFF0A
:20F62000FFFFFFFFFFFFFFFFFFFFFFFFFFFFFFFFFFFFFFFFFFFFFFFFFFFFFFFFFFFFFFFFEA
:20F64000FFFFFFFFFFFFFFFFFFFFFFFFFFFFFFFFFFFFFFFFFFFFFFFFFFFFFFFFFFFFFFFFCA
:20F66000FFFFFFFFFFFFFFFFFFFFFFFFFFFFFFFFFFFFFFFFFFFFFFFFFFFFFFFFFFFFFFFFAA
:20F68000FFFFFFFFFFFFFFFFFFFFFFFFFFFFFFFFFFFFFFFFFFFFFFFFFFFFFFFFFFFFFFFF8A
:20F6A000FFFFFFFFFFFFFFFFFFFFFFFFFFFFFFFFFFFFFFFFFFFFFFFFFFFFFFFFFFFFFFFF6A
:20F6C000FFFFFFFFFFFFFFFFFFFFFFFFFFFFFFFFFFFFFFFFFFFFFFFFFFFFFFFFFFFFFFFF4A
:20F6E000FFFFFFFFFFFFFFFFFFFFFFFFFFFFFFFFFFFFFFFFFFFFFFFFFFFFFFFFFFFFFFFF2A
:20F70000FFFFFFFFFFFFFFFFFFFFFFFFFFFFFFFFFFFFFFFFFFFFFFFFFFFFFFFFFFFFFFFF09
:20F72000FFFFFFFFFFFFFFFFFFFFFFFFFFFFFFFFFFFFFFFFFFFFFFFFFFFFFFFFFFFFFFFFE9
:20F74000FFFFFFFFFFFFFFFFFFFFFFFFFFFFFFFFFFFFFFFFFFFFFFFFFFFFFFFFFFFFFFFFC9
:20F76000FFFFFFFFFFFFFFFFFFFFFFFFFFFFFFFFFFFFFFFFFFFFFFFFFFFFFFFFFFFFFFFFA9
:20F78000FFFFFFFFFFFFFFFFFFFFFFFFFFFFFFFFFFFFFFFFFFFFFFFFFFFFFFFFFFFFFFFF89
:20F7A000FFFFFFFFFFFFFFFFFFFFFFFFFFFFFFFFFFFFFFFFFFFFFFFFFFFFFFFFFFFFFFFF69
:20F7C000FFFFFFFFFFFFFFFFFFFFFFFFFFFFFFFFFFFFFFFFFFFFFFFFFFFFFFFFFFFFFFFF49
:20F7E000FFFFFFFFFFFFFFFFFFFFFFFFFFFFFFFFFFFFFFFFFFFFFFFFFFFFFFFFFFFFFFFF29
:20F80000FFFFFFFFFFFFFFFFFFFFFFFFFFFFFFFFFFFFFFFFFFFFFFFFFFFFFFFFFFFFFFFF08
:20F82000FFFFFFFFFFFFFFFFFFFFFFFFFFFFFFFFFFFFFFFFFFFFFFFFFFFFFFFFFFFFFFFFE8
:20F84000FFFFFFFFFFFFFFFFFFFFFFFFFFFFFFFFFFFFFFFFFFFFFFFFFFFFFFFFFFFFFFFFC8
:20F86000FFFFFFFFFFFFFFFFFFFFFFFFFFFFFFFFFFFFFFFFFFFFFFFFFFFFFFFFFFFFFFFFA8
:20F88000FFFFFFFFFFFFFFFFFFFFFFFFFFFFFFFFFFFFFFFFFFFFFFFFFFFFFFFFFFFFFFFF88
:20F8A000FFFFFFFFFFFFFFFFFFFFFFFFFFFFFFFFFFFFFFFFFFFFFFFFFFFFFFFFFFFFFFFF68
:20F8C000FFFFFFFFFFFFFFFFFFFFFFFFFFFFFFFFFFFFFFFFFFFFFFFFFFFFFFFFFFFFFFFF48
:20F8E000FFFFFFFFFFFFFFFFFFFFFFFFFFFFFFFFFFFFFFFFFFFFFFFFFFFFFFFFFFFFFFFF28
:20F90000FFFFFFFFFFFFFFFFFFFFFFFFFFFFFFFFFFFFFFFFFFFFFFFFFFFFFFFFFFFFFFFF07
:20F92000FFFFFFFFFFFFFFFFFFFFFFFFFFFFFFFFFFFFFFFFFFFFFFFFFFFFFFFFFFFFFFFFE7
:20F94000FFFFFFFFFFFFFFFFFFFFFFFFFFFFFFFFFFFFFFFFFFFFFFFFFFFFFFFFFFFFFFFFC7
:20F96000FFFFFFFFFFFFFFFFFFFFFFFFFFFFFFFFFFFFFFFFFFFFFFFFFFFFFFFFFFFFFFFFA7
:20F98000FFFFFFFFFFFFFFFFFFFFFFFFFFFFFFFFFFFFFFFFFFFFFFFFFFFFFFFFFFFFFFFF87
:20F9A000FFFFFFFFFFFFFFFFFFFFFFFFFFFFFFFFFFFFFFFFFFFFFFFFFFFFFFFFFFFFFFFF67
:20F9C000FFFFFFFFFFFFFFFFFFFFFFFFFFFFFFFFFFFFFFFFFFFFFFFFFFFFFFFFFFFFFFFF47
:20F9E000FFFFFFFFFFFFFFFFFFFFFFFFFFFFFFFFFFFFFFFFFFFFFFFFFFFFFFFFFFFFFFFF27
:20FA0000FFFFFFFFFFFFFFFFFFFFFFFFFFFFFFFFFFFFFFFFFFFFFFFFFFFFFFFFFFFFFFFF06
:20FA2000FFFFFFFFFFFFFFFFFFFFFFFFFFFFFFFFFFFFFFFFFFFFFFFFFFFFFFFFFFFFFFFFE6
:20FA4000FFFFFFFFFFFFFFFFFFFFFFFFFFFFFFFFFFFFFFFFFFFFFFFFFFFFFFFFFFFFFFFFC6
:20FA6000FFFFFFFFFFFFFFFFFFFFFFFFFFFFFFFFFFFFFFFFFFFFFFFFFFFFFFFFFFFFFFFFA6
:20FA8000FFFFFFFFFFFFFFFFFFFFFFFFFFFFFFFFFFFFFFFFFFFFFFFFFFFFFFFFFFFFFFFF86
:20FAA000FFFFFFFFFFFFFFFFFFFFFFFFFFFFFFFFFFFFFFFFFFFFFFFFFFFFFFFFFFFFFFFF66
:20FAC000FFFFFFFFFFFFFFFFFFFFFFFFFFFFFFFFFFFFFFFFFFFFFFFFFFFFFFFFFFFFFFFF46
:20FAE000FFFFFFFFFFFFFFFFFFFFFFFFFFFFFFFFFFFFFFFFFFFFFFFFFFFFFFFFFFFFFFFF26
:20FB0000FFFFFFFFFFFFFFFFFFFFFFFFFFFFFFFFFFFFFFFFFFFFFFFFFFFFFFFFFFFFFFFF05
:20FB2000FFFFFFFFFFFFFFFFFFFFFFFFFFFFFFFFFFFFFFFFFFFFFFFFFFFFFFFFFFFFFFFFE5
:20FB4000FFFFFFFFFFFFFFFFFFFFFFFFFFFFFFFFFFFFFFFFFFFFFFFFFFFFFFFFFFFFFFFFC5
:20FB6000FFFFFFFFFFFFFFFFFFFFFFFFFFFFFFFFFFFFFFFFFFFFFFFFFFFFFFFFFFFFFFFFA5
:20FB8000FFFFFFFFFFFFFFFFFFFFFFFFFFFFFFFFFFFFFFFFFFFFFFFFFFFFFFFFFFFFFFFF85
:20FBA000FFFFFFFFFFFFFFFFFFFFFFFFFFFFFFFFFFFFFFFFFFFFFFFFFFFFFFFFFFFFFFFF65
:20FBC000FFFFFFFFFFFFFFFFFFFFFFFFFFFFFFFFFFFFFFFFFFFFFFFFFFFFFFFFFFFFFFFF45
:20FBE000FFFFFFFFFFFFFFFFFFFFFFFFFFFFFFFFFFFFFFFFFFFFFFFFFFFFFFFFFFFFFFFF25
:20FC0000FFFFFFFFFFFFFFFFFFFFFFFFFFFFFFFFFFFFFFFFFFFFFFFFFFFFFFFFFFFFFFFF04
:20FC2000FFFFFFFFFFFFFFFFFFFFFFFFFFFFFFFFFFFFFFFFFFFFFFFFFFFFFFFFFFFFFFFFE4
:20FC4000FFFFFFFFFFFFFFFFFFFFFFFFFFFFFFFFFFFFFFFFFFFFFFFFFFFFFFFFFFFFFFFFC4
:20FC6000FFFFFFFFFFFFFFFFFFFFFFFFFFFFFFFFFFFFFFFFFFFFFFFFFFFFFFFFFFFFFFFFA4
:20FC8000FFFFFFFFFFFFFFFFFFFFFFFFFFFFFFFFFFFFFFFFFFFFFFFFFFFFFFFFFFFFFFFF84
:20FCA000FFFFFFFFFFFFFFFFFFFFFFFFFFFFFFFFFFFFFFFFFFFFFFFFFFFFFFFFFFFFFFFF64
:20FCC000FFFFFFFFFFFFFFFFFFFFFFFFFFFFFFFFFFFFFFFFFFFFFFFFFFFFFFFFFFFFFFFF44
:20FCE000FFFFFFFFFFFFFFFFFFFFFFFFFFFFFFFFFFFFFFFFFFFFFFFFFFFFFFFFFFFFFFFF24
:20FD0000FFFFFFFFFFFFFFFFFFFFFFFFFFFFFFFFFFFFFFFFFFFFFFFFFFFFFFFFFFFFFFFF03
:20FD2000FFFFFFFFFFFFFFFFFFFFFFFFFFFFFFFFFFFFFFFFFFFFFFFFFFFFFFFFFFFFFFFFE3
:20FD4000FFFFFFFFFFFFFFFFFFFFFFFFFFFFFFFFFFFFFFFFFFFFFFFFFFFFFFFFFFFFFFFFC3
:20FD6000FFFFFFFFFFFFFFFFFFFFFFFFFFFFFFFFFFFFFFFFFFFFFFFFFFFFFFFFFFFFFFFFA3
:20FD8000FFFFFFFFFFFFFFFFFFFFFFFFFFFFFFFFFFFFFFFFFFFFFFFFFFFFFFFFFFFFFFFF83
:20FDA000FFFFFFFFFFFFFFFFFFFFFFFFFFFFFFFFFFFFFFFFFFFFFFFFFFFFFFFFFFFFFFFF63
:20FDC000FFFFFFFFFFFFFFFFFFFFFFFFFFFFFFFFFFFFFFFFFFFFFFFFFFFFFFFFFFFFFFFF43
:20FDE000FFFFFFFFFFFFFFFFFFFFFFFFFFFFFFFFFFFFFFFFFFFFFFFFFFFFFFFFFFFFFFFF23
:20FE0000FFFFFFFFFFFFFFFFFFFFFFFFFFFFFFFFFFFFFFFFFFFFFFFFFFFFFFFFFFFFFFFF02
:20FE2000FFFFFFFFFFFFFFFFFFFFFFFFFFFFFFFFFFFFFFFFFFFFFFFFFFFFFFFFFFFFFFFFE2
:20FE4000FFFFFFFFFFFFFFFFFFFFFFFFFFFFFFFFFFFFFFFFFFFFFFFFFFFFFFFFFFFFFFFFC2
:20FE6000FFFFFFFFFFFFFFFFFFFFFFFFFFFFFFFFFFFFFFFFFFFFFFFFFFFFFFFFFFFFFFFFA2
:20FE8000FFFFFFFFFFFFFFFFFFFFFFFFFFFFFFFFFFFFFFFFFFFFFFFFFFFFFFFFFFFFFFFF82
:20FEA000FFFFFFFFFFFFFFFFFFFFFFFFFFFFFFFFFFFFFFFFFFFFFFFFFFFFFFFFFFFFFFFF62
:20FEC000FFFFFFFFFFFFFFFFFFFFFFFFFFFFFFFFFFFFFFFFFFFFFFFFFFFFFFFFFFFFFFFF42
:20FEE000FFFFFFFFFFFFFFFFFFFFFFFFFFFFFFFFFFFFFFFFFFFFFFFFFFFFFFFFFFFFFFFF22
:20FF0000FFFFFFFFFFFFFFFFFFFFFFFFFFFFFFFFFFFFFFFFFFFFFFFFFFFFFFFFFFFFFFFF01
:20FF2000FFFFFFFFFFFFFFFFFFFFFFFFFFFFFFFFFFFFFFFFFFFFFFFFFFFFFFFFFFFFFFFFE1
:20FF4000FFFFFFFFFFFFFFFFFFFFFFFFFFFFFFFFFFFFFFFFFFFFFFFFFFFFFFFFFFFFFFFFC1
:20FF6000FFFFFFFFFFFFFFFFFFFFFFFFFFFFFFFFFFFFFFFFFFFFFFFFFFFFFFFFFFFFFFFFA1
:20FF8000FFFFFFFFFFFFFFFFFFFFFFFFFFFFFFFFFFFFFFFFFFFFFFFFFFFFFFFFFFFFFFFF81
:20FFA000FFFFFFFFFFFFFFFFFFFFFFFFFFFFFFFFFFFFFFFFFFFFFFFFFFFFFFFFFFFFFFFF61
:20FFC000FFFFFFFFFFFFFFFFFFFFFFFFFFFFFFFF5A52523930304648594C434400000000E0
:20FFE00000000000000000000000000000000000FFFFFFFFFFFFFFFFFFFFFFFF88230FA6AD
:00000001FF
