:020000040800F2
:2000000008100020311900084D1900085119000855190008591900085D1900080000000008
:20002000000000000000000000000000611900086519000800000000691900086D190008A0
:200040009B0C00089D0C00089F0C0008A10C0008A30C0008A50C0008A70C0008A90C0008F0
:20006000AB0C0008AD0C0008AF0C0008B10C0008B30C0008B50C0008B70C0008B90C000850
:20008000BB0C0008BD0C0008BF0C00087119000875190008791900087D190008C10C0008B8
:2000A000811900088519000889190008C30C0008C50C0008C70C0008C90C0008CB0C000807
:2000C000CD0C0008CF0C0008D10C0008D30C00088D190008D50C0008D70C0008D90C000821
:2000E000DB0C0008DD0C0008DF0C0008911900089519000899190008E10C0008E30C00081F
:200100009D190008E50C0008E70C0008A1190008E90C0008EB0C0008A5190008A9190008DF
:20012000ED0C0008EF0C0008F10C0008F30C0008AD190008B1190008B5190008B91900085F
:2001400000000000000000000000000000000000BD190008C1190008C5190008C91900080F
:20016000CD190008D1190008D5190008D9190008DD190008E1190008E519000810B50400E0
:20018000DFF8F005844208D10121042000F039FB0021042000F035FB32E0DFF8DC05844295
:2001A00008D10121082000F02CFB0021082000F028FB25E0DFF8C405844208D10121102013
:2001C00000F01FFB0021102000F01BFB18E0DFF8B005844208D10121202000F012FB00211B
:2001E000202000F00EFB0BE0DFF89805844207D10121402000F005FB0021402000F001FBEA
:2002000010BDF0B500270022002300240025002691F803C01CF00F0C674691F803C05FEADC
:20022000CC6C03D591F802C05CEA070791F800C05FEA0C6C3AD0D0F800C065465FF0000C6D
:200240006346082B31D25FF0010C1CFA03FC6446B1F800C014EA0C0C6246A24223D15FEA5C
:20026000830C64465FF00F0C1CFA04FC6646B54317FA04FC5CEA050591F803C0BCF1280F90
:2002800006D15FF0010C1CFA03FCC0F814C00AE091F803C0BCF1480F05D15FF0010C1CFA08
:2002A00003FCC0F810C05B1CCBE70560B1F800C0BCF1FF0F3FDDD0F804C065465FF0000C57
:2002C0006346082B36D25FF0010C13F1080E1CFA0EFC6446B1F800C014EA0C0C6246A242EF
:2002E00026D15FEA830C64465FF00F0C1CFA04FC6646B54317FA04FC5CEA050591F803C0B4
:20030000BCF1280F07D15FF0010C13F1080E1CFA0EFCC0F814C091F803C0BCF1480F07D1D7
:200320005FF0010C13F1080E1CFA0EFCC0F810C05B1CC6E74560F0BD89B20161704789B29A
:2003400041617047F0B4B0F1004F40F29A800023002420F000473E00F7093B0016F07F06C2
:2003600037093C0016F00F06052B06D02700FFB2BF0016FA07F73A0005E06708FFB2BF003D
:2003800016FA07F73A00002B08D0022B0ED009D3042B13D00ED3052B14D017E0DFF8E873FB
:2003A0003D0013E0DFF8E4733D000FE0DFF8E0733D000BE0DFF8DC733D0007E0DFF8D873F5
:2003C0003D0003E0DFF8D4733D00FFE7002C0BD1052B04D12F68BF08BF002F6049E02F6843
:2003E0003F093F012F6044E0012C0BD1052B04D12F6837F00C072F603BE02F6837F0F00784
:200400002F6036E0022C0BD1052B04D12F6837F030072F602DE02F6837F470672F6028E067
:20042000032C0BD1052B04D12F6837F0C0072F601FE02F6837F470472F601AE0042C04D192
:200440002F6837F470272F6013E0052C04D12F6837F470072F600CE0062C04D12F6837F042
:2004600070672F6005E0072C03D12F6827F070472F60C9B2012940F07B812F683A432A60C7
:2004800076E10200012A63D0022A53D0042A51D0082A4FD0102A7BD0302A00F08980402A74
:2004A00000F09680C02A00F0A380B2F5807F00F0AF80B2F5007F00F0BB80B2F5407F00F0CD
:2004C000C780B2F5006F00F0D380B2F5406F00F0DF80B2F5805F2DD0B2F5804F00F0E88086
:2004E000B2F5C04F00F0F480B2F5004F22D0B2F5803F1FD0B2F5003F1CD0B2F5802F19D094
:20050000B2F5002F16D0B2F5801F13D0B2F5001F00F01E81B2F1807F00F0EA80B2F1007F83
:2005200000F0F680B2F1806F00F00281B2F1004F1ED01DE19A4A12688243994B1A60C9B276
:20054000012904D1964A12680243954B1A600FE1934A1268934B1A40914B1A60C9B2012929
:2005600005D18F4A126852F001028D4B1A60FFE08B4A12688B4B1A40894B1A60C9B201296A
:2005800005D1874A126852F00042854B1A60EFE0834A126832F03002814B1A60C9B2012917
:2005A00005D17F4A126852F010027D4B1A60DFE07B4A126832F03002794B1A60C9B2012957
:2005C00005D1774A126852F03002754B1A60CFE0734A126832F0C002714B1A60C9B20129B7
:2005E00005D16F4A126852F040026D4B1A60BFE06B4A126832F0C002694B1A60C9B20129B7
:2006000005D1674A126852F0C002654B1A60AFE0634A126832F44072614B1A60C9B2012952
:2006200005D15F4A126852F480725D4B1A609FE05B4A126832F44072594B1A60C9B201292E
:2006400005D1574A126852F40072554B1A608FE0534A126832F44072514B1A60C9B20129BE
:2006600005D14F4A126852F440724D4B1A607FE04B4A126832F44062494B1A60C9B201299E
:2006800005D1474A126852F40062454B1A606FE0434A126832F44062414B1A60C9B20129FE
:2006A00005D13F4A126852F440623D4B1A605FE03B4A126832F4C042394B1A60C9B201296E
:2006C00005D1374A126852F48042354B1A604FE0334A126832F4C042314B1A60C9B201295E
:2006E00005D12F4A126852F4C0422D4B1A603FE02B4A126832F0E062294B1A60C9B20129F2
:2007000005D1274A126852F08072254B1A602FE0234A126832F0E062214B1A60C9B2012915
:2007200005D11F4A126852F000721D4B1A601FE01B4A126832F0E062194B1A60C9B20129A5
:2007400005D1174A126852F08062154B1A600FE0134A126832F40012114B1A60C9B2012971
:2007600005D10F4A126852F400120D4B1A60FFE7F0BC704700080140000C01400010014076
:2007800000140140001801402000014024000140280001402C000140300001403400014029
:2007A00004000140FEFFFF7FC9B2002905D01C4A126802431A4B1A6004E0194A1268824376
:2007C000174B1A607047C9B2002905D0154A12680243144B1A6004E0124A12688243114B3B
:2007E0001A607047C9B2002905D00F4A126802430D4B1A6004E00C4A126882430A4B1A601D
:200800007047C9B2002905D0084A12680243074B1A6004E0054A12688243044B1A607047D9
:2008200014100240181002401C1002400C10024082B000210191019981420CD2002100914A
:200840000099142903D20099491C0091F8E70199491C0191EFE702B0704700B587B04FF480
:200860008050ADF8000010208DF8030002208DF802006946DFF8E802FFF7C3FC4FF4805169
:20088000DFF8DC02FFF758FD4FF46040ADF8000002208DF8020018208DF803006946DFF8E1
:2008A000C002FFF7AEFC0020ADF804004FF48270ADF806000020ADF808000020ADF80A0091
:2008C0000020ADF80C004FF40070ADF80E000020ADF810000020ADF812000720ADF8140055
:2008E00001A9DFF8800200F08BF90121DFF8740200F0B5F907B000BD10B504000221DFF83D
:20090000640200F0BEF90028F8D0E4B2210089B2DFF8500200F0B1F90121DFF8480200F0F2
:20092000B0F90028F8D00520FFF782FFDFF8340200F0A5F9C0B210BD70B504000D0016005C
:200940004FF48050884908600B20FFF7D5FF280CC0B2FFF7D1FF280AC0B2FFF7CDFF28005C
:20096000C0B2FFF7C9FFA520FFF7C6FF3000461E80B2002805D0A520FFF7BEFF2070641C7C
:20098000F4E74FF480507949086070BD10B504004FF48050744908600620FFF7ADFF4FF406
:2009A0008050724908604FF480506F4908602020FFF7A2FF200CC0B2FFF79EFF200AC0B26D
:2009C000FFF79AFF2000C0B2FFF796FF4FF480506649086000F002F8002010BD80B5002015
:2009E0008DF800004FF480505F4908600520FFF783FFA520FFF780FF8DF8000000F016FBF2
:200A00009DF80000C007F4D44FF480505749086001BD2DE9F04704000D001600002081467E
:200A2000280642D0D5F5807000F0FF0080463000414680B289B2884203D2B2460120814664
:200A400000E0C2464FF48050474908600620FFF753FF4FF480504549086000F0E7FA4FF418
:200A60008050414908600220FFF746FF280CC0B2FFF742FF280AC0B2FFF73EFF2800C0B209
:200A8000FFF73AFF5046B0F1010A80B2002806D02078FFF731FF641C761E6D1CF2E74FF43E
:200AA000805032490860FFF799FF1FFA89F9B9F1000F52D1300080B2000A8046300601D045
:200AC00018F10108002007003800414680B289B2884242D2280502D12800FFF757FFB6B2F7
:200AE000B6F5807F03DD4FF48070824600E0B2464FF480501C4908600620FFF7FDFE4FF45F
:200B000080501A49086000F091FA4FF48050164908600220FFF7F0FE280CC0B2FFF7ECFE59
:200B2000280AC0B2FFF7E8FE2800C0B2FFF7E4FE5046B0F1010A80B2002806D02078FFF7C3
:200B4000DBFE641C761E6D1CF2E74FF4805007490860FFF743FF7F1CB6E7BDE8F0870000EF
:200B6000000C014000380040140C0140100C014010B5C2B00400200501D001203EE0200062
:200B8000FFF704FF002000900098FF2807D80098009901AA11540098401C0090F4E74FF42B
:200BA0008072210001A8FFF734FF002000900098FF2807D8002001A9009A88540098401CCE
:200BC0000090F4E74FF48072210001A8FFF7B4FE002000900098FF2809D8009801A9085C0D
:200BE0000099884203D10098401C0090F2E70098B0F5807F01D1002000E0012042B010BD73
:200C000010B4002203881A0012F441528B891B0404D5838853F48073838004E083884FF628
:200C2000FF64234083800B884C8823438C882343CC8823430C8923434C8923438C89640437
:200C4000640C2343CC8923431A430280838B4FF2FF74234083830B8A038210BC7047C9B2E1
:200C6000002904D0028852F04002028004E002884FF6BF731A4002807047818170478089AD
:200C800070470200002013890B4202D00123180001E000231800C0B270477047704770471A
:200CA0007047704770477047704770477047704770477047704770477047704770477047C4
:200CC0007047704770477047704770477047704770477047704770477047704770477047A4
:200CE00070477047704770477047704770477047704770472DE9F04782B004000D00260018
:200D0000AF0801214020FFF74FFD00F093F900208046B84528D216F828008DF8000006EB53
:200D2000880040788DF8010006EB880080788DF8020006EB8800C0788DF803009DF8000027
:200D40009DF80110090451EA00609DF8021050EA01209DF8031008438146484600F06EF9A4
:200D6000824618F10108D4E700214020FFF71CFD5046BDE8F68710B582B004000020ADF8D6
:200D80000000BDF80000210089B2884209D24FF47A7000F007F8BDF80000401CADF80000CB
:200DA000EFE713BD81B00021ADF80210BDF80210020092B2914212D200218DF800109DF875
:200DC0000010152905DA9DF80010491C8DF80010F5E7BDF80210491CADF80210E6E701B00A
:200DE000704780B5AB206949088064206749488055206649888000206449C88000206349F9
:200E0000088100206149488100206049888200205E49C86000205D49086100F05CF801BDC3
:200E20002DE9F041B4B000275848804658480500584800880600320092B2290001A8FFF769
:200E40007BFD9DF80400AB2803D0FFF7CAFF00203EE0B11E89B201A800F0A0F8040020007F
:200E600001A9B6B2314411F8021CC0B288420AD1200080B2000A01A9B6B2314411F8011CA4
:200E8000C0B2884201D001200700FFB2002F1DD100208DF800009DF80000310080B289B277
:200EA00088420DD201A89DF80010405C88F8000018F101089DF80000401C8DF80000EAE7C6
:200EC0003548324991EC060B80EC060B3800C0B234B0BDE8F0812DE9F043B3B000242B4828
:200EE00005002B4807002B4800888046B8F1020189B2280000F052F881461FFA88F805EB19
:200F0000080000F8029C484680B2000A1FFA88F805EB080101F8010C424692B239002800A4
:200F2000FFF777FD424692B239006846FFF704FDB8F1020189B2684600F030F806003000BA
:200F400069461FFA88F8414411F8021CC0B288420BD1300080B2000A69461FFA88F841444C
:200F600011F8011CC0B2884201D001200400E4B2002C05D10848054991EC060B80EC060BD8
:200F80002000C0B233B0BDE8F08300002018002000D077000000002008180020F8B5040014
:200FA0000D000027002006003000290080B289B288420BD23A0092B24AF20101B6B2A05D49
:200FC00080B200F006F80700761CEDE7380080B2F2BD10B4030010005B0000242200D2B26F
:200FE000082A0FDA9BB25B089BB280B290EA0304E40703D580B291EA500001E080B240080B
:20100000521CECE780B210BC704780B545F2555000F01EF8042000F01FF84FF4487000F0AD
:201020001FF800F021F800F024F801BD80B500F01BF801BD012004490860704701000348F7
:201040000160024800687047083002400030024080B20A4908607047C0B209490860704753
:2010600080B20849086070474AF6AA200349086070474CF6CC400149086070470030004032
:201080000430004008300040DFF82802DFF828120860DFF82802DFF820120860704738B5D4
:2010A00004000425B4F1046F2BD35FF0FF3000F0EAF80500EDB2042D20D1DFF8080200688E
:2010C00050F00200DFF8FC110860DFF8FC010460DFF8F001006850F04000DFF8E811086062
:2010E0005FF0FF3000F0CFF80500DFF8D801006841F6FD710840DFF8CC1108602800C0B2FB
:201100002AE05FF0805000F0A7F80500EDB2042D20D1DFF8AC01006850F00200DFF8A0119B
:201120000860DFF8A8010460DFF89401006850F04000DFF88C1108605FF0805000F08CF8A0
:201140000500DFF87C01006841F6FD710840DFF8701108602800C0B232BD70B504000D0062
:201160000426B4F1046F21D35FF4002000F08BF80600F6B2042E16D1DFF84801006850F0C4
:201180000100DFF84011086025805FF4002000F07AF80600DFF82C01006841F6FE710840E4
:2011A000DFF8201108603000C0B220E04FF4704000F052F80600F6B2042E16D1DFF8000151
:2011C000006850F00100DFF8F810086025804FF4704000F041F80600DFF8E400006841F6FE
:2011E000FE710840DFF8D81008603000C0B270BD042038490968C90702D5012108000FE06C
:2012000034490968490702D50221080008E031490968C90602D50321080001E004210800DB
:20122000C0B2704704202A490968C90702D5012108000FE026490968490702D5022108008B
:2012400008E023490968C90602D50321080001E004210800C0B2704738B504000425FFF7B0
:20126000C7FF0500EDB2012D06D1002C04D0FFF7BFFF0500641EF5E7002C01D105200500C0
:201280002800C0B232BD38B504000425FFF7CAFF0500EDB2012D06D1002C04D0FFF7C2FF8C
:2012A0000500641EF5E7002C01D1052005002800C0B232BD2301674504200240AB89EFCDF4
:2012C000102002409020024094200240142002408C2002400C20024038B5644800680400DD
:2012E00063482040B0F1005F08D162480068040025005E48006880F30888A84731BD2DE9CB
:20130000F84304000D001700FFF7BEFE600502D12000FFF7C4FEFFF789FEBFB2781C4710CF
:20132000002006003000390080B289B2884217D25FF00208E94642462900484600F09EF8B1
:20134000BDF800102000FFF708FF2088BDF80010884201D0012004E0AD1CA41C761CE1E7BB
:201360000020BDE8F2832DE9F04104005FF00308E00A060000200500B5422BD24FF40062E0
:201380004FF4006000FB05F010F5F0013A48FFF7D3FA002080465FFA88F8B8F1030F10DA1B
:2013A000FFF744FE4FF4006233494FF400602F4B00FB0530FFF7A3FF002802D018F10108E3
:2013C000E9E75FFA88F8B8F1030F01D100204AE06D1CD1E76005400D0600600529D0320004
:2013E00092B24FF4006000FB05F010F5F0012248FFF7A2FA002080465FFA88F8B8F1030FAA
:2014000010DAFFF713FE320092B21B494FF40060164B00FB0530FFF772FF002802D018F163
:201420000108E9E75FFA88F8B8F1030F01D1002019E00020070000200500A54211D23A0004
:2014400092B24AF2010105F1006010F580400078C0B280B2FFF7BDFD0700FFF7E7FD6D1CB9
:20146000EBE7380080B2BDE8F0810000004000080000FF2F044000080810002062B38B0779
:2014800008D0521E11F8013B00F8013B00F024808B07F6D1830740F0208000BF103A07D361
:2014A00030B4B1E83810103AA0E83810F9D230BC530724BFB1E80810A0E8081044BF51F8BC
:2014C000043B40F8043BD20724BF31F8022B20F8022B44BF0B7803707047083A07D3B1E89A
:2014E0000810083A40F8043B40F804CBF7D25307E4E7000070B50025002672B600F06FF837
:2015000001215FF00070FEF71DFF00F09BF8FFF7A4F96420FFF72FFC5548FFF729FB040063
:20152000FFF77EFC00F083F852488088552805D15048808A002801D1FFF7CEFE4D488088E0
:20154000AA2822D14B48808A55281ED162B6FFF75CFD80214848FEF7F2FE4648C068FFF794
:2015600002FF4449498980B2884202D1552043498880002041498882FFF7ADFC80213E48B9
:20158000FEF7DAFEFFF752FDFEE73D493D48FFF7B1FB06003C4800680500AE420BD1002EB6
:2015A00009D016F1010F06D0002D04D015F1010F01D0FFF791FE62B6FFF727FDFFF736FD9D
:2015C00080212D48FEF7BBFE6420FFF7D4FB80212948FEF7B1FE6420FFF7CDFBEEE780B5FC
:2015E00001210120FFF7FEF801214FF48050FFF7EAF801214FF48040FFF7F4F80121042062
:20160000FFF7E1F801210820FFF7DDF801211020FFF7D9F801212020FFF7D5F80121402026
:20162000FFF7D1F801210120FFF7CDF801BD80B500215FF0006000F02EF84FF4A06000F0E1
:2016400025F801BD80B50C48FEF798FD8020ADF8000010208DF8030002208DF80200694647
:201660000548FEF7CEFD80210348FEF765FE01BD00C0770008180020001801402018002033
:20168000FCBF030000400008FCFF030805490143054A11607047054A0A400243044B1A608E
:2016A000704700000000FA050CED00E080FFFF1F08ED00E080B54E48006850F470004C49AD
:2016C00008604C48006850F001004A4908604A480068002048490860464800684749084089
:2016E000444908604348006830F48020414908605FF41F004249086000F005F85FF000604B
:201700004049086001BD80B500F001F801BD82B000200190002000903648006850F48030D1
:20172000344908603348006810F4003000900198401C01900098002803D10198B0F5A06FB6
:20174000F0D12C480068800302D50120009001E0002000900098012847D12B48006850F05C
:201760001000294908602848006880088000264908602548006850F00200234908601E4877
:2017800000681D4908601C4800681B4908601A48006850F4806018490860174800681B4999
:2017A0000840154908601448006850F4E810124908601048006850F080700E4908600D4854
:2017C00000688001FBD50C480068800880000A4908600948006850F00200074908600648D0
:2017E000006810F00C000828F9D102B07047000088ED00E00010024004100240FFFFF6FE23
:201800000810024008ED00E000200240FFFFC09F19E050F8041BCB0744BFA9F10103591896
:20182000121F0023042A41F8043BF9D25FEA827C0B4604D54FF0000CA1F800C09B1CD1073F
:2018400044BF0021197050F8042B002AE1D1704710B450F8041B79B10268436802440830E9
:20186000DC0744BFA9F10104E31852F8044B43F8044B091FF9D1ECE710BC704710B5074968
:2018800079441831064C7C44163404E00A68081D114488470146A142F8D110BD2C0000005B
:2018A0004C0000004EF68851CEF20001086840F470000860BFF34F8FBFF36F8F4FF0007093
:2018C000E1EE100A7047000049FFFFFF30080000081000200000000079FFFFFF0400000038
:2018E00008010000000000200000000000F00BF8002801D0FFF7C2FF0020AFF30080FFF7E4
:20190000F9FD00F002F80120704700F001B800000746384600F002F8FBE7000080B5AFF3F8
:201920000080024A11001820ABBEFBE7260002000148804701480047B5160008411900084A
:20194000AFF30080FFF7AEFFFFF7D0FFFFF7FEBFFFF7FEBFFFF7FEBFFFF7FEBFFFF7FEBF7E
:20196000FFF7FEBFFFF7FEBFFFF7FEBFFFF7FEBFFFF7FEBFFFF7FEBFFFF7FEBFFFF7FEBFCF
:20198000FFF7FEBFFFF7FEBFFFF7FEBFFFF7FEBFFFF7FEBFFFF7FEBFFFF7FEBFFFF7FEBFAF
:2019A000FFF7FEBFFFF7FEBFFFF7FEBFFFF7FEBFFFF7FEBFFFF7FEBFFFF7FEBFFFF7FEBF8F
:2019C000FFF7FEBFFFF7FEBFFFF7FEBFFFF7FEBFFFF7FEBFFFF7FEBFFFF7FEBFFFF7FEBF6F
:0C19E000FFF7FEBFFFF7FEBF180000007D
:2040000068110020A1DF010899E201089DE20108A1E20108A5E20108A9E2010800000000C2
:20402000000000000000000000000000ADE20108B1E2010800000000B5E20108B9E2010808
:2040400089C601088BC601088DC601088FC60108B3C60108B5C60108B7C60108B9C60108E0
:20406000BBC60108BDC60108BFC60108C1C60108C3C60108C5C60108C7C60108F3C601088E
:20408000F5C60108F7C60108F9C60108BDE20108C1E20108C5E20108C9E20108FBC601084C
:2040A000CDE20108D1E20108D5E20108FDC60108FFC601081FC701083BC701083DC701082B
:2040C0003FC7010841C7010843C7010845C70108D9E2010847C7010891C70108DBC70108B1
:2040E0006FC8010871C8010873C80108DDE20108E1E20108E5E2010875C8010877C8010808
:20410000E9E2010879C801087BC80108EDE201087DC80108C7C80108F1E20108F5E20108BB
:204120004DC901084FC9010851C9010853C90108F9E20108FDE2010801E3010805E301084D
:204140000000000000000000000000000000000009E301080DE3010811E3010815E3010873
:2041600019E301081DE3010821E3010825E3010825C8010829E301082DE301085A21DFF89D
:20418000F82982F82F1000210800C0B209281ADA0021DFF8E429C0B2024451700021DFF80F
:2041A000D829C0B2024491720021DFF8CC29C0B20244D1740021DFF8C029C0B202EB4002D7
:2041C0009183401CE1E70021DFF8AC2911700021DFF8A42982F82E10704738B5DFF89C09BC
:2041E0000068807A0400DFF894090068407A0500DFF88C090078002859D05A20DFF87819A7
:2042000081F82F0005F08CFADFF874090078012805D1DFF870290021022007F075FBDFF8BF
:2042200060090078402805D1DFF85C290021022007F06AFBDFF848090078102805D1DFF8DF
:204240004C290021022007F05FFBDFF834090078082805D1DFF838290021022007F054FB02
:20426000DFF81C090078802805D1DFF828290021022007F049FBDFF808090078202805D128
:20428000DFF814290021022007F03EFBDFF8F0080078022805D1DFF804290021022007F012
:2042A00033FB5A20DFF8D01881F82F0073E1DFF8CC0800680069002805D0DFF8C00800681B
:2042C0000069804730E1DFF8D8080078002800F0E4800E2006F061FE07F02FFE0020DFF854
:2042E000C41808806420DFF8C0180870DFF88C080068007A00281AD0DFF880080068807A8F
:2043000009280ADB0321DFF874080068807A40001038C0B207F0D2F809E00321DFF85C08AB
:204320000068807A4000801CC0B207F0C7F8DFF870084078012809D0102861D0402874D0F9
:2043400080282BD0812800F0858096E0DFF82C080068807A092190FBF1F201FB120000286B
:2043600004D15A20DFF8101881F82F00E4B2002C0CD1DFF808080068EDB2142101FB05F193
:2043800008441438DFF8F417086006E0DFF8EC0700681438DFF8E417086076E0DFF80C085C
:2043A000007890F00100DFF804180870E4B2EDB2681E84420CD1DFF8C4070068EDB2691E0B
:2043C0007FF0130251430844DFF8B017086006E0DFF8A80700681430DFF8A0170860DFF88E
:2043E0009C070068807A092190FBF1F201FB1200002804D15A20DFF8801781F82F0044E061
:204400005A20DFF8741781F82F00DFF8700700684068002839D0DFF8640700684068DFF860
:204420005C170860002004002FE05A20DFF8481781F82F00DFF8440700680068002824D008
:20444000DFF8380700680068DFF830170860002004001AE00020DFF8481748700020DFF8CD
:20446000401708705A20DFF8101781F82F000020DFF8041781F82E008DE00020DFF82017F9
:2044800048700020DFF8181708700020DFF8101748700020DFF808170870DFF8E00600683D
:2044A0000069002807D007F048FDDFF8D00600680069804738E0DFF8C4060068007A002850
:2044C0001ED005F02DF907F038FDDFF8B0060068807A09280ADB0321DFF8A0060068807A9F
:2044E00040001038C0B206F090FF09E00321DFF88C060068807A4000801CC0B206F085FF9D
:20450000DFF878060068007A002801D100F0CDFCDFF868060068C068002805D0DFF85C06A6
:204520000068C06800F038F8DFF87806008878280CDB0020DFF86C1608800E2006F0AAFD9B
:2045400007F0D5FB0020DFF8F0190880DFF8EC09007800281FD1DFF824060068007A0028A5
:2045600019D0DFF8DC09DFF81416086007F0BFFBFFF704FE4AF25A50DFF8C8190880DFF887
:20458000FC050068C068002805D0DFF8F0050068C06800F001F831BD38B504000020050044
:2045A000EDB20C2D0ADA62686178207807F0ACF908346068002801D06D1CF1E731BD2DE906
:2045C000F34F83B014001D000E9E109F002081465FFA89F9B9F1200F09DA0020DFF8B81A93
:2045E0005FFA89F901F8090019F10109F0E79DF83C008DF80000002083469DF800000028F7
:2046000000F0E88005208DF802009DF8000082469DF8000010F0700010281BD1EDB2680009
:204620008DF80200EDB2012D04D1DFF86C1A387808F0A6FAEDB2022D40F0EA80DFF8581AFB
:2046400038784FF480727B7802FB003080B208F060FBDDE09DF8000010F07000202806D0F0
:204660009DF8000010F07000302840F0D1809DF8000010F0070082465FFA8AFABAF1000F61
:204680003FD13020DFF8101A5FFA8BFB01F80B001BF1010B7878C0B200098DF801009DF838
:2046A00001003030DFF8F0195FFA8BFB01F80B001BF1010B787810F00F003030DFF8D81997
:2046C0005FFA8BFB01F80B001BF1010B3878C0B200098DF801009DF801003030DFF8B81990
:2046E0005FFA8BFB01F80B001BF1010B387810F00F003030DFF8A0195FFA8BFB01F80B002D
:2047000086E0EDB25FFA8AFADAEB450A7878C0B200098DF801009DF801003030DFF8781954
:204720005FFA8BFB01F80B001BF1010B50465946C0B2C9B2884208D12E20DFF85C195FFAC6
:204740008BFB01F80B001BF1010B787810F00F003030DFF844195FFA8BFB01F80B001BF135
:20476000010B50465946C0B2C9B2884208D12E20DFF824195FFA8BFB01F80B001BF1010B0B
:204780003878C0B200098DF801009DF801003030DFF804195FFA8BFB01F80B001BF1010B83
:2047A00050465946C0B2C9B2884208D12E20DFF8E8185FFA8BFB01F80B001BF1010B387864
:2047C00010F00F003030DFF8D0185FFA8BFB01F80B001DE0EDB268008DF80200EDB2012D70
:2047E00004D1DFF8B418387808F034FAEDB2022D0ED1387879784FF48072514351FA80F099
:20480000ADF80400DFF89018BDF8040008F0D9F9012081465FFA89F93078401C814514DA72
:204820005FFA89F916F80900DFF86C18E4B2095700B209B2884205D15FFA89F906EB090053
:20484000804602E019F10109E4E7DFF854030078002800F0D180DFF84803407801280CD0E3
:2048600008286FD0102800F09B8020283DD0402800F0A88080281BD0AEE098F800002028B8
:2048800002D1701C804601E018F1010898F90000DFF80418E4B20855DFF8FC07E4B20057C2
:2048A000202804D13020DFF8F017E4B208559BE098F80000302804D130783044401E804642
:2048C00001E0B8F1010898F90000DFF8CC17E4B20855DFF8C407E4B20057202804D130200B
:2048E000DFF8B417E4B208557EE0E4B2002C04D19DF80200401E040000E0641E00208146EC
:2049000048463178C0B2884214D25FFA89F916F80900DFF88417E4B2095700B209B28842AD
:2049200005D15FFA89F906EB0900804602E019F10109E5E7DFF86007E4B200572E2800D1F2
:20494000641E51E0E4B29DF80200401E844202D10020040000E0641C0020814648463178DE
:20496000C0B2884214D25FFA89F916F80900DFF82817E4B2095700B209B2884205D15FFAB1
:2049800089F906EB0900804602E019F10109E5E7DFF80407E4B200572E2800D1641C23E09A
:2049A0000020DFF8FC1148700020DFF8F4110870DFF8E4269DF810109DF80C0006F0A4FFF7
:2049C000A520D5E00020DFF8D81148700020DFF8D01108705A20CBE00020DFF8C4114870CC
:2049E0000020DFF8BC1108700020DFF8B41148700020DFF8AC1108709DF8000000284CD002
:204A00009DF8000010F0700010282AD1EDB2012D0DD1DFF8840690F900000A21DFF8782629
:204A200092F9012001FB00201038387084E0EDB2022D40F08180DFF8600608F022FA4FF4C7
:204A4000807190FBF1F038707F1CDFF84C0608F018FA4FF4807190FBF1F201FB120038702B
:204A60006AE09DF8000010F07000202805D09DF8000010F0700030285ED19DF8000010F0A9
:204A8000070082465246D2B23900DFF80C0600F08FF8002850D15A206AE0EDB2012D0CD1DB
:204AA000DFF8F40540780100C9B2DFF8EC050078C0B208F029FA38703EE0EDB2022D15D1AB
:204AC000DFF8D40508F0FEF94FF4807190FBF1F201FB120038707F1CDFF8BC0508F0F2F9C9
:204AE0004FF4807190FBF1F0387025E0DFF8A80540780100C9B2DFF8A0050078C0B208F053
:204B000003FA38707F1CDFF89005C0780100C9B2DFF884058078C0B208F0F6F938707F1C41
:204B2000DFF8740540790100C9B2DFF86C050079C0B208F0E9F93870DFF85C259DF810102E
:204B40009DF80C0006F0E0FE0123DFF84C05E4B2005D0200D2B29DF810002118C9B29DF82D
:204B60000C00C0B24000C0B206F0F8FC2000C0B205B0BDE8F08F00009C6100202C640020E3
:204B8000E46400208CDC0108A0DC0108B4DC0108C8DC0108DCDC0108F0DC010804DD0108F1
:204BA0001464002074640020E0640020EF64002078B403000024D2B2042A01DB002030E07D
:204BC00000200500EDB2042D05DA00206E46EDB270556D1CF6E700200500EDB2052D0EDA85
:204BE000EDB2D2B2D2F10400854205D0187830386E46E4B23055641C5B1C6D1CEDE79DF87F
:204C0000020000019DF8036050FA86F00870491C9DF8000000019DF8016050FA86F0087038
:204C2000012072BC70472DE9FF47040004F078FDDFF8140D00785A280BD05A20DFF8081D62
:204C4000087000208DF80D009DF80D008DF80C000FE000200500EDB2022D0ADADFF8E80C66
:204C6000EDB200EB4500808B03A9EDB248556D1CF1E7E4B2032C02D0E4B2002C06D1DFF80A
:204C80002C2B0121022006F03FFE0BE0DFF8202B0021012006F038FEDFF8102B0121022075
:204CA00006F032FE03A8029010200190DFF8040B00900223DFF8900CDFF88C1C91F82E107C
:204CC0000844C27C0C210220FFF779FC0600F6B25A2E21D10020DFF8701C08705A20DFF81C
:204CE000681C81F82F000020DFF85C1CDFF8582C92F82E201144C87400200500EDB2052D5F
:204D000008DA0020DFF8401CEDB201EB450188836D1CF3E75A20C5E0F6B2A52E40F0A9802C
:204D20000020DFF8241C08705A20DFF81C1C81F82F000020DFF8101CDFF80C2C92F82E2089
:204D40001144C87400200500EDB2052D08DA0020DFF8F41BEDB201EB450188836D1CF3E7A5
:204D60009DF80C004FF480719DF80D2001FB00200700DFF8D80B407908F0FFF88146DFF879
:204D8000CC0B007908F0F9F880461FFA89F964201FFA88F800FB0988DFF8B00B007908F0CD
:204DA000ECF88146DFF8A40B807908F0E6F882461FFA89F964201FFA8AFA00FB09AADFF8EA
:204DC000900BC0794FF48071DFF8842B127A01FB00208146E4B2002C05D13800494680B245
:204DE00089B2884208D0E4B2022C07D13800494680B289B2884201D1A52053E0E4B2012CAF
:204E000007D13800414680B289B2884201D1A52048E0E4B2032C07D13800514680B289B22C
:204E2000884201D1A5203DE0BFB2B7F57A7F01D1A52037E0BFB241F60630874201D1A520F2
:204E400030E05A20DFF8001B81F82F0004F068FCDFF8002B0321022006F056FDFFF78EF9C8
:204E6000DFF8F40A00680068DFF8EC1A08605A2018E0DFF8D40ADFF8D01A91F82E1008444D
:204E8000C67400200500EDB2022D0ADA03A8EDB2405DDFF8B41AEDB201EB450188836D1C10
:204EA000F1E7FF2004B0BDE8F08710B5DFF8AC0A0078002806D0DFF8A40A0078401EDFF831
:204EC0009C1A0870DFF8940A0078002833D10220DFF8881A087007F030F8DFF8840A00787C
:204EE000002810D10620DFF8781A0870DFF8740A007890F00100DFF86C1A08705A20DFF82E
:204F0000481A81F82F0004F00BFC00200400A4B2202C05DA00206049A4B20855641CF6E70E
:204F2000DFF8442A0021002006F0EEFC00220121012004F0B5FF10BD72640020DF640020D8
:204F40007CDD0108705F002010B5DFF8100A0078002806D0DFF8040A0078401EDFF8FC192D
:204F60000870DFF8F8090078002840F093800220DFF8E8190870DFF8F4090078092190FB8B
:204F8000F1F00400DFF8E4090078092190FBF1F201FB1200002800D0641CDFF8D4090078A6
:204FA00000285CD0DFF8C809407808281BD0202802D0402830D041E0DFF88C094078002833
:204FC00007D0DFF884094078401EDFF87C19487003E0601EDFF8701948705A20DFF8681911
:204FE00081F82F0033E0DFF860094078E4B2611E884207D0DFF850094078401CDFF84819CC
:20500000487003E00020DFF8401948705A20DFF8381981F82F001AE00020DFF8541948708D
:205020000020DFF84C190870FFF7A8F8DFF8280900680068DFF8201908602BE00020DFF8B4
:20504000301948700020DFF82819087022E00020DFF81C1948700020DFF81419087004F029
:205060005FFBDFF810290221002006F04DFCDFF808290A21002006F047FCDFF80029102187
:20508000002006F041FCDFF8C00842780121002004F052FE10BD0000DC5F002070B5DFF8BA
:2050A000BC080078002806D0DFF8B0080078401EDFF8A8180870DFF8A4080078002840F0EF
:2050C000A0800220DFF894180870DFF8B4080078050000200400E4B2202C06DA0020DFF8A6
:2050E000A418E4B20855641CF5E7EDB2092095FBF0F00600EDB2092095FBF0F100FB1150D2
:20510000002800D0761CDFF86808007800285FD0DFF85C084078012808D008281DD0202896
:2051200004D0402832D0802817D041E0DFF818084078002807D0DFF810084078401EDFF8F7
:205140000818487003E0701EDFF8FC1748705A20DFF8F41781F82F0032E0DFF8EC074078CC
:20516000F6B2711E884207D0DFF8DC074078401CDFF8D417487003E00020DFF8CC1748709A
:205180005A20DFF8C41781F82F0019E00020DFF8E01748700020DFF8D8170870FEF7EEFF5C
:2051A000DFF8B40700680068DFF8AC17086028E00020DFF8BC1748700020DFF8B4170870C7
:2051C0000020DFF8AC1748700020DFF8A417087004F0A6FADFF89C270121002006F094FB3E
:2051E000DFF8C02C0821002006F08EFBDFF858074078092110FB01F2D2B20121012004F053
:205200004FFE70BDF8B504F08BFADFF89C0C0078092190FBF1F00500DFF88C0C007809214B
:2052200090FBF1F201FB1200002800D06D1CDFF84007007800285ED03C20DFF8701C08704E
:205240005A20DFF8041781F82F00DFF824074078012808D0082818D0202804D0402828D0EB
:20526000802812D037E0DFF8E0064078002807D0DFF8D4064078401EDFF8CC16487003E0FE
:20528000681EDFF8C41648702DE0DFF8BC064078EDB2691E884207D0DFF8AC064078401C5D
:2052A000DFF8A416487003E00020DFF89C16487019E00020DFF8B81648700020DFF8B0162E
:2052C0000870FEF75BFFDFF8900600680068DFF8881608607EE00020DFF894164870002016
:2052E000DFF88C1608700020DFF8841648700020DFF87C16087004F013FADFF8AC0B00786C
:20530000DFF844164978092202FB11000700FFB20A2F01DB0920070006F00FFE002004003E
:2053200020003900C0B2C9B2884253D2DFF8180640780921484350FA84F00600DFF84416E1
:20534000701CC0B207F01CFC2E20DFF8381688700020DFF83016C870DFF8282600212000FA
:20536000C0B206F0D1FA00200090DFF8A40C0068F6B2112101FB06F10844431C102203218D
:205380002000C0B206F034FBDFF8BC0540780921484350FA84F00100C9B2DFF8780C07F0C5
:2053A000AFFB00280AD000200090DFF86C3C042210212000C0B206F01BFB09E00020009084
:2053C000DFF8583C042210212000C0B206F010FB641CA5E7F1BD2DE9F843DFF86C0590F89D
:2053E0002E0000281FD10020FFF71DFC0700FFB25A2F09D1FEF7C2FEDFF85C050068006860
:20540000DFF854150860CFE1FFB2A52F0AD15A20DFF8341581F82F000120DFF82C1581F8E0
:205420002E0000E0C0E1DFF8200590F82E00012840F0B181DFF8100590F82F005A2819D171
:2054400006F055FC0020DFF8001581F82F00002080464046DFF8C81B0978C0B2884209D293
:20546000A520DFF8C01B5FFA88F801F8080018F10108EEE7DFF8A80B0078092190FBF1F05C
:205480008146DFF89C0B0078092190FBF1F201FB1200002801D019F1010906F04EFDDFF884
:2054A000D0040078002800F0F480DFF8C404407801280DD0082800F09480102800F0B88023
:2054C000202862D0402800F0C28080282ED0D4E0DFF87404C07A002807D0DFF86C04C07A55
:2054E000401EDFF86414C87206E0DFF8340B0078401EDFF85414C872DFF84C048078DFF884
:205500004814C97A092291FBF2F1884204D05A20DFF8341481F82F00DFF82C04C07A092108
:2055200090FBF1F0DFF820148870ACE0DFF81804C07ADFF8EC1A0978491E884207D0DFF806
:205540000804C07A401CDFF80014C87203E00020DFF8F413C872DFF8F0038078DFF8E813D5
:20556000C97A092291FBF2F1884204D05A20DFF8D81381F82F00DFF8D003C07A092190FB33
:20558000F1F0DFF8C41388707DE0DFF8BC038078002807D0DFF8B0038078401EDFF8A81328
:2055A000887004E0B9F10100DFF89C138870DFF898038078DFF89013C97A092291FBF2F125
:2055C000884204D05A20DFF8801381F82F00DFF878038078092110FB01F0DFF86C13C872A1
:2055E00051E0DFF8640380785FFA89F9B9F10101884205D0D4488078401CD349887002E0B8
:205600000020D1498870D0488078CF49C97A092291FBF2F1884203D05A20CB4981F82F0080
:20562000C9488078092110FB01F0C749C8722AE00020CF4948700020CD4908700220C2491C
:2056400081F82E00C048C07A00F0B6F8ACE00020C74948700020C6490870FEF78FFD3220D5
:20566000DFF8C4190880BC4800680068BA4908605A20B54981F82F0096E00020BC4948703C
:205680000020BB4908700020B94948700020B849087004F045F8DFF888090078AA498978F6
:2056A000092202FB11000500EDB20A2D01DB0920050006F042FC0020040020002900C0B2B9
:2056C000C9B2884267D2A04880780921484350FA84F00600AB49701CC0B207F051FA2E2071
:2056E000A84988700020A749C870A64A00212000C0B206F009F99448C07A0921E4B290FB7D
:20570000F1F201FB1200844210D101200090DFF81C09F6B2112101FB06F10844431C0822A2
:2057200003212000C0B206F063F90FE000200090DFF8F808F6B2112101FB06F10844431C73
:20574000082203212000C0B206F052F9DFF8D408DFF8D818F6B2112202FB06F2895C0844AD
:2057600010F8010CA5280AD100200090DFF8C03804220F212000C0B206F03AF909E00020D3
:205780000090DFF8B03804220F212000C0B206F02FF9641C91E76C4890F82E00022803D154
:2057A0006948C07A00F008F8BDE8F18324E1010854DD01080000002038B50400E4B20A20DC
:2057C00094FBF0F100FB1140050069480078002800F09C803C20DFF8D416087043F6982025
:2057E000DFF85418088040F2DC50DFF83C1808805F484078102802D0402870D07AE0012041
:20580000514981F82E00DFF81C08DFF82018E4B2112202FB04F2895C084410F8010CA5286E
:205820002CD1DFF80008DFF80418E4B2112202FB04F2895C0844A32100F8011CDFF8EC0709
:20584000E4B2112101FB04F1405CDFF8D4170978884209D1DFF8D407E4B2112101FB04F1A1
:20586000405C05F017FC35E0DFF8C007E4B2112101FB04F1405C05F090FB2BE0DFF8A4076F
:20588000DFF8A817E4B2112202FB04F2895C0844A52100F8011CDFF89407E4B2112101FB74
:2058A00004F1405CDFF878170978884209D1DFF87C07E4B2112101FB04F1405C05F06DFBC0
:2058C00008E0DFF86807E4B2112101FB04F1405C05F0E0FB0021092008F0BCF910E000206E
:2058E000234948700020224908700120164981F82E0028E000201E49487000201C49087016
:2059000000201B494870002019490870DFF81407DFF81817E4B2112202FB04F2895C08446C
:2059200010F8010CA52807D1DFF804270F212800C0B206F023F806E0DFF8F8260F2128009D
:20594000C0B206F01BF831BD9C6100208C6300205063002040DD01082C640020E1640020A4
:20596000E0640020EF64002064DC0108AEF4000814640020E4E10108ECE10108F4E1010843
:20598000AFF40008DC5F00202DE9F843DFF8880D90F82E0000281FD10020FFF744F906001D
:2059A000F6B25A2E09D1FEF7E9FBDFF8900600680068DFF88816086071E2F6B2A52E0AD141
:2059C0000120DFF8541D81F82E005A20DFF8481D81F82F0000E062E2DFF83C0D90F82E005F
:2059E000012840F05182DFF8340DC078002803D1DFF82C0D070002E0DFF8280D07003F1DC7
:205A0000002080464046DFF8201D0978C0B2884221D23878DFF8141D5FFA88F801F80800C4
:205A20007F1CDFF8080D5FFA88F810F80800A5280ED0DFF8F80C5FFA88F810F808005A2805
:205A400006D0A520DFF8E41C5FFA88F801F8080018F10108D6E7DFF8D00C0078082190FB4C
:205A6000F1F08146DFF8C00C0078082190FBF1F201FB1200002801D019F10109DFF8A80C26
:205A80000078DFF8941C8978B0EBC1000500EDB2092D01DB0820050003F042FEDFF81C2D74
:205AA0000221002005F030FFDFF8142D0E21002005F02AFF0020040020002900C0B2C9B2A0
:205AC000884267D2DFF8500C8078C0B214EBC000401CC0B207F04BF8DFF8E81C08702E20BE
:205AE000DFF8E01C48700020DFF8D81C8870DFF8D42C0021601CC0B205F006FFDFF8180C5D
:205B0000C07A0821E4B290FBF1F201FB1200844212D1DFF8B40C0068DFF8FC1B8978C900B0
:205B200051FA84F10C22514300EB01020221601CC0B205F023FF11E0DFF88C0C0068DFF82E
:205B4000D81B8978C90051FA84F10C22514300EB01020221601CC0B205F0D6FEDFF8CC0B90
:205B6000DFF8B41B8978C90051FA84F1405C5A2807D1DFF8582C1021601CC0B205F0C4FECE
:205B800006E0DFF84C2C1021601CC0B205F0BCFE641C91E7DFF83C0C0078002800F0E680F5
:205BA000DFF8300C407801280DD0082800F08880102800F0A880202862D0402800F0B68094
:205BC00080282ED0C2E0DFF8500BC07A002807D0DFF8440BC07A401EDFF83C1BC87206E006
:205BE000DFF8440B0078401EDFF82C1BC872DFF8280B8078DFF8201BC97A082291FBF2F161
:205C0000884204D05A20DFF8101B81F82F00DFF8080BC07A082190FBF1F0DFF8FC1A887024
:205C20009CE0DFF8F40AC07ADFF8FC1A0978491E884207D0DFF8E00AC07A401CDFF8D81A43
:205C4000C87203E00020DFF8D01AC872DFF8C80A8078DFF8C41AC97A082291FBF2F1884210
:205C600004D05A20DFF8B01A81F82F00DFF8A80AC07A082190FBF1F0DFF89C1A88706DE063
:205C8000DFF8940A8078002807D0DFF88C0A8078401EDFF8841A887004E0B9F10100DFF802
:205CA000781A88705A20DFF8701A81F82F00DFF8680A8078C0B2C000DFF85C1AC8724DE0B0
:205CC000DFF8540A80785FFA89F9B9F10101884207D0DFF8440A8078401CDFF83C1A8870D1
:205CE00003E00020DFF8301A88705A20DFF8281A81F82F00DFF8200A8078C0B2C000DFF84B
:205D0000181AC8722AE00020DFF8C81A48700020DFF8C01A08700220DFF8FC1981F82E007E
:205D2000DFF8F409C07A00F0C3F8B8E00020DFF8A41A48700020DFF89C1A0870FEF71EFA73
:205D4000BE4800680068BD490860A8E00020DFF8841A48700020DFF87C1A08700020DFF82E
:205D6000741A48700020DFF86C1A0870DFF8B8090078DFF8A4198978B0EBC1000500EDB243
:205D8000092D01DB0820050003F0CAFCDFF82C2A0221002005F0B8FDDFF8242A0E2100207D
:205DA00005F0B2FD06F0C9F80020040020002900C0B2C9B2884267D2DFF85C098078C0B285
:205DC00014EBC000401CC0B206F0D1FEDFF8F41908702E20DFF8EC1948700020DFF8E4193F
:205DE0008870DFF8E0290021601CC0B205F08CFDDFF82409C07A0821E4B290FBF1F201FBD7
:205E00001200844212D1DFF8C0090068DFF808198978C90051FA84F10C22514300EB01028D
:205E20000221601CC0B205F0A9FD11E0DFF898090068DFF8E4188978C90051FA84F10C225A
:205E4000514300EB01020221601CC0B205F05CFDDFF8D808DFF8C0188978C90051FA84F171
:205E6000405C5A2807D1DFF864291021601CC0B205F04AFD06E0DFF858291021601CC0B210
:205E800005F042FD641C91E7DFF88C0890F82E00022804D1DFF88008C07A00F009F8BDE887
:205EA000F1830000FCE10108D6640020DF640020F8B50400E4B2082094FBF0F100FB1140A0
:205EC0000600DFF810090078002800F08A80DFF804094078012806D0102818D0402862D0DD
:205EE00080280AD06DE0DFF84408E4B2005DC043DFF83818E4B208556BE0DFF83008E4B2B0
:205F0000005DC043DFF82418E4B2085561E00120DFF8041881F82E00DFF80008C0780028E0
:205F200003D1DFF80008070002E0DFF8F80707003F1D002005002800DFF8EC170978C0B272
:205F4000884207D2DFF8E407EDB2405D38707F1C6D1CF0E7DFF8D407E4B2005DA5280BD1AF
:205F6000DFF8480A006800880121A1408843DFF83C1A096808800AE0DFF8300A0068008829
:205F80000121A1400843DFF8241A09680880DFF88C07C078801CC0B208F0A2F900210B2016
:205FA00007F058FE15E00020DFF8281848700020DFF8201808700120DFF85C1781F82E00F7
:205FC00024E00020DFF80C1848700020DFF8041808700020DFF8FC1748700020DFF8F4179B
:205FE0000870DFF84807E4B2005D5A2807D1DFF8DC271021701CC0B205F0C0FC06E0DFF83F
:20600000D0271021701CC0B205F0B8FCF1BD0000E06300208463002004E201080CE20108B3
:20602000261B0108BC6200206A640020E4D5010814E201081CE20108786400202C64002076
:206040002DE9F04383B0DFF8D00690F82E00002822D10020FEF7E7FD0600F6B25A2E09D13D
:20606000FEF78CF8DFF8F00B00680068DFF8E81B08604FE3F6B2A52E0DD10120DFF8981692
:2060800081F82E000020DFF8281908700020DFF8241908803EE33DE3DFF87C0690F82E009D
:2060A00001282AD1022000F097FBDFF8B01B0870DFF8A80B00785A2809D1FEF75FF8DFF87D
:2060C000980B00680068DFF8901B086022E3DFF88C0B0078FF2800F01D834AF25A50DFF804
:2060E000D81808800220DFF8301681F82E00DFF86C0B007800F02DFC0CE3DFF81C0690F8F3
:206100002E00022840F01A81DFF8B0080078092190FBF1F00400DFF8A4080078092190FB0B
:20612000F1F201FB1200002800D0641CDFF8A4060078002800F0F880DFF898064078012817
:206140000DD0082800F08880102800F0A780202862D0402800F0BB8080282ED0D4E0DFF8AD
:20616000B805007B002807D0DFF8AC05007B401EDFF8A415087306E0DFF840080078401EA1
:20618000DFF894150873DFF89005C078DFF88815097B092291FBF2F1884204D05A20DFF8DF
:2061A000781581F82F00DFF87005007B092190FBF1F0DFF86415C870AEE0DFF85C05007B84
:2061C000DFF8F8170978491E884207D0DFF84805007B401CDFF84015087303E00020DFF8D4
:2061E00038150873DFF83005C078DFF82C15097B092291FBF2F1884204D05A20DFF8181541
:2062000081F82F00DFF81005007B092190FBF1F0DFF80415C8707FE0DFF8FC04C07800281B
:2062200007D0DFF8F404C078401EDFF8EC14C87003E0601EDFF8E014C8705A20DFF8D81472
:2062400081F82F00DFF8D004C078092110FB01F0DFF8C41408735FE0DFF8BC04C078E4B2BF
:20626000611E884207D0DFF8B004C078401CDFF8A814C87003E00020DFF89C14C8705A20D8
:20628000DFF8941481F82F00DFF88C04C078092110FB01F0DFF8801408733DE00020DFF818
:2062A000341548700020DFF82C1508705A20DFF8681481F82F00DFF86004007BDFF8F01625
:2062C00008700320DFF8501481F82E0022E20020DFF8001548700020DFF8F81408700520D9
:2062E000DFF8341481F82E000020DFF82C14C8700020DFF8241408735A20DFF81C1481F8C5
:206300002F0000F015FA05E20020DFF8C81448700020DFF8C01408700020DFF8B81448701F
:206320000020DFF8B01408700922DFF8EC03C178DFF8E403007B04F061F8EBE1DFF8D803FC
:2063400090F82E00032840F0A480DFF888040078002800F08280DFF808090068DFF8501686
:2063600009784FF4B27251430844407C8146DFF86404407801280AD0082843D0102842D04B
:2063800020283FD0402843D080281ED057E0DFF88803407B002807D0DFF87C03407B401ED3
:2063A000DFF87413487304E0B9F10100DFF868134873D948407B092190FBF1F0D64908711E
:2063C0005A20D54981F82F0041E0D348407B5FFA89F9B9F10101884205D0CF48407B401C32
:2063E000CD49487302E00020CB494873CA48407B092190FBF1F0C84908715A20C64981F80C
:206400002F0024E023E00420C34981F82E001EE00020DFF8C01348700020DFF8B8130870B5
:206420000220BD4981F82E000020BB4908710020B94948735A20B84981F82F006AE1002085
:20644000DFF8901348700020DFF8881308700020E04948700020DF49087005F06EFD0920B6
:206460000190DFF84C0A0090DFF8F4070068DFF8401509784FF4B272514300EB0103A6480F
:206480000279A548417BDFF82805007804F006F840E1A14890F82E00042840F0FD80DFF8FA
:2064A000C0070068DFF8081509784FF4B272514308449949497B1C2251430844007DDFF8D9
:2064C000F4190870944800785A2815D05A2092490870DFF8DC090500DFF8D809007805EBCE
:2064E00040052888DFF8D019088000208A498A4A92F82E201144C87405F01FFDDFF86007E0
:206500000068DFF8AC1409784FF4B272514308448149497B1C2251430844C06A002815D0D1
:20652000DFF89439DFF838070068DFF8841409784FF4B272514300EB01027748417BDFF80E
:206540007004007804F061F807001AE0DFF868090090DFF80C070068DFF8541409784FF4D4
:20656000B272514300EB0103DFF850296A486A4991F82E100844C17C6748407B04F0FAF81F
:206580000700FFB25A2F12D10320634981F82E0000206149087000205F495F4A92F82E20D6
:2065A0001144C8740020DFF810190880B2E0FFB2A52F6AD1DFF8A8060068DFF8F413097804
:2065C0004FF4B272514308445349497B1C2251430844408CDFF8E0180988884212D2DFF845
:2065E00080060068DFF8C81309784FF4B272514308444949497B1C2251430844408CDFF81C
:20660000B8180880DFF8B0080088DFF854160968DFF89C2312784FF4B2735A4311443E4A57
:20662000527B1C235A431144098C884212D2DFF830060068DFF8781309784FF4B2725143C6
:2066400008443549497B1C2251430844008CDFF868180880DFF858080500DFF85808007838
:2066600005EB4005DFF850080088288003202A4981F82E0000202849087000202649264A41
:2066800092F82E201144C87444E02348224991F82E100844C7743DE01F4890F82E000528E2
:2066A00038D100F045F880465FFA88F8B8F15A0F0ED14AF25A50DFF800130880FDF75EFD6D
:2066C000DFF8940500680068DFF88C15086021E05FFA88F8B8F1A50F1CD1DFF88C2A0021C8
:2066E000012005F011F90021012007F0B3FA05F024FC642004F04BFD4AF25A50DFF8B81238
:206700000880FDF73BFDDFF8500500680068DFF848150860BDE8F7839C61002074630020FA
:206720003863002044630020D7640020F462002070B5032000F050F8DFF820150870DFF82B
:206740001C0500785A280BD15A20DFF8741281F82F000020DFF8681281F82E005A202CE025
:20676000DFF8F8040078FF2801D1002025E045F6A520DFF844120880DFF8E0040078DFF8F1
:2067800038128870DFF828070600202005002900C9B2300006F057FCDFF81C12A1F8680043
:2067A000DFF8B8040178012007F0E4FF0400E4B2012C01D1A52000E05A2070BD30E10108D3
:2067C00034E20108DC5F0020E463002090E2010894E20108146400207FB5040002F0A0FF7D
:2067E00000200500EDB2202D06DA0020DFF87C19EDB248556D1CF5E7E4B2012C06D1DFF80A
:2068000070290021022005F07FF819E0E4B2022C06D1DFF860290021022005F075F80FE0A8
:20682000E4B2032C06D1DFF850290021022005F06BF805E0DFF844290021022005F064F814
:206840005F4800785A280FD0DFF8340900788DF80C0001205A495A4A92F82E201144C874CA
:206860005A205749087003E05548808B8DF80C0003A8029010200190DFF84006009001239B
:206880004F484F4991F82E100844C27C0C210220FDF795FE0600F6B25A2E1CD100204849CE
:2068A00008705A20464981F82F0000204449444A92F82E201144C87400200500EDB2052D15
:2068C00007DA00203E49EDB201EB450188836D1CF4E75A203BE0F6B2A52E29D10020384945
:2068E00008705A20364981F82F0000203449344A92F82E201144C87400200500EDB2052D05
:2069000007DA00202E49EDB201EB450188836D1CF4E79DF80C00002807D0DFF86828002197
:20692000012004F0F1FF5A2011E09DF80C000EE02348234991F82E100844C6749DF80C0093
:206940001F498883FF208DF80C009DF80C0004B070BD70B50400002005002800451CC0B249
:20696000032811DA14488470134807F0EEFF124807F047FE002807D100200600F6B2FF2EE1
:2069800001D0761CFAE7E8E7EDB2032D0CDB4AF25A5009490880FDF7F1FBDFF8BC02006891
:2069A0000068DFF8B412086070BD0000E8630020F0640020A6640020705F0020D9640020E8
:2069C0009C61002080B5DFF81C0C0088642822DB0020DFF8141C08700020DFF8081C088013
:2069E0000020DFF8081C0880FDF7C8FB2020DFF8001C8870DFF8FC0B97490860DFF8F00B1A
:206A00004078DFF8EC1BC870DFF8E40BC078DFF8E81B08801FE1DFF8E40B0078002840F0B2
:206A2000E580DFF8CC0B8078202822D0DFF8BC0B008800281DD10120DFF8B01B088000206A
:206A4000DFF8A41B0870DFF8A80B4078DFF8B01B0880DFF89C0BC078DFF89C1B08800320CD
:206A6000DFF8981B08700E2004F097FA05F03FF911E0DFF87C0B807820280BD00320DFF8D0
:206A80007C1B08700120DFF8641B08800E2004F084FA00E0DFE005F02AF9DFF8540B4078A3
:206AA000DFF8541B098880B2884231D0DFF8540BDFF83C1BDFF8402B1288120111440A311F
:206AC000102207F087FFDFF8300B0088401C232190FBF1F201FB1200DFF81C1B0880DFF8E4
:206AE000080B0078022190FBF1F201FB12000200D2B2DFF8101BDFF8F00A007880B200F079
:206B0000DFF9DFF8E40A0078401CDFF8DC1A0870DFF8DC0A4078DFF8E01A098880B28842EC
:206B200031D0DFF8E00ADFF8C81ADFF8CC2A1288120111440A31102207F04CFFDFF8B80AC3
:206B40000088401C232190FBF1F201FB1200DFF8A81A0880DFF8900A0078022190FBF1F2F6
:206B600001FB12000200D2B2DFF8981ADFF8780A007880B200F0A4F9DFF86C0A0078401C47
:206B8000DFF8641A0870DFF8680A4078DFF8681A098880B2884229D1DFF8480A0088401C3A
:206BA000DFF8401A08800020DFF83C1A0870DFF8400AC078DFF8401A0880DFF8440A008898
:206BC000DFF82C1A497889B288420FD00020DFF8141A0880DFF8280A0088401C232190FB8A
:206BE000F1F201FB1200DFF8181A0880DFF8840C007800282FD0DFF87C0C4078102802D0EC
:206C0000402809D01FE00020DFF8681C48700020DFF8601C08701EE00020DFF8581C4870F5
:206C20000020DFF8501C08700020DFF84C1C08706420DFF8B0190880FDF7A0FADFF8B409D4
:206C40000549086007E00020DFF8281C48700020DFF8201C087001BD2C640020E764002020
:206C6000F063002070B5DFF8140C90F82E00002861D102F055FD002008F0FFF8DFF8001C2F
:206C80000880DFF8FC0B0088002811D105F02FF8DFF8F02B0421022004F036FEFDF76EFA23
:206CA000DFF83C0900680068DFF834190860FEE0DFF8CC0B0078C00702D40220060001E0B2
:206CC00001200600DFF8B80B0088801BDFF8B81B0880DFF8AC0B0088801B050000200400C4
:206CE0002000C0B2310080B289B2884218D22800DFF88C1B098880B2884211D20022DFF8A1
:206D00000419280080B208F0CEF82200D2B2DFF8F418280080B200F0D3F86D1C641CDFE7D1
:206D20000120DFF8581B81F82E00DFF8540B0088DFF8541B0880DFF83C0B0078002800F007
:206D4000B6805A20DFF8341B81F82F00DFF8240B4078012836D0082805D0202832D0402811
:206D600050D0802860D1DFF8200B0088DFF8101B0988884210D1DFF8080B0088022804DBD7
:206D80000220DFF8041B08801BE0DFF8F40A0088DFF8F41A088014E0DFF8EC0A0088801CA9
:206DA000DFF8E41A0880DFF8E00A0088DFF8D01A0988884205D3DFF8C80A0088DFF8C81A4F
:206DC000088039E0DFF8C00A0078C00707D5DFF8B80A0088401EDFF8B01A088006E0DFF8F1
:206DE000A80A0088801EDFF8A01A0880DFF8980A0088002805D1DFF8880A0088DFF8881A39
:206E0000088019E00020DFF86C1A48700020DFF8641A0870FDF7B2F9DFF8C40700680068BE
:206E2000DFF8BC17086042E00020DFF8481A48700020DFF8401A08700020DFF8381A487043
:206E40000020DFF8301A087002F06AFCDFF8380A0078C00702D40220060001E001200600C3
:206E6000DFF8240A0088801B0500002004002000C0B2310080B289B2884218D22800DFF8DE
:206E8000001A098880B2884211D20022DFF87417280080B208F007F82200D2B2DFF864179B
:206EA000280080B200F00CF86D1C641CDFE770BD745F0020F1640020A864002000000020D4
:206EC0002DE9FE4F04000D001600002082465FFA8AFABAF1140F08DA0020A4495FFA8AFAC9
:206EE00001F80A001AF1010AF1E7E87B10F50050ADF80800687B0190A87B0090BDF8083028
:206F0000A4B2621CDFF88C1B984808F04DF8974A0021F6B2B000C0B204F0F6FC0020824668
:206F20005FFA8AFABAF1140F08DA00208F495FFA8AFA01F80A001AF1010AF1E728890190BC
:206F4000A87A0090EB7A2A7BDFF84C1B874808F02BF8864A0021F6B2B000401CC0B204F042
:206F6000D3FC04F0EAFF002082465FFA8AFABAF1100F08DA00207D495FFA8AFA01F80A002E
:206F80001AF1010AF1E7002081464846DFF80C1B0978C0B2884220D2A878DFF8041B09685A
:206FA0005FFA89F9142202FB09F2895C884211D1DFF8EC0A00685FFA89F9142101FB09F1FC
:206FC0000844421C0021F6B2B000801CC0B204F09BFC02E019F10109D7E704F0AEFF002080
:206FE00082465FFA8AFABAF1100F08DA00205F495FFA8AFA01F80A001AF1010AF1E7E8784A
:20700000012840F0AE80002081465FFA89F905EB8900C08883461FFA8BFB42F21070834582
:2070200022DB1FFA8BFB0A209BFBF0FB1FFA8BFB0A209BFBF0F08046DFF8681A404680B2F3
:2070400005F02BFE2E204949C8711FFA8BFB0A209BFBF0F100FB11B080464046C0B205F04A
:2070600086FD424908721CE01FFA8BFB64209BFBF0F08046DFF82C1A4046C0B205F080FDA6
:207080002E203A4988711FFA8BFB64209BFBF0F100FB11B08046DFF8101A4046C0B205F01C
:2070A0006FFD5FFA89F905EB890000790700002082465046DFF8F4190978C0B288422FD270
:2070C0003800DFF8EC195FFA8AFA062202FB0AF2895CC0B2884220D10422DFF8D4095FFA59
:2070E0008AFA062101FB0AF10844411C1F4805F0C9FC0222DFF8BC09DFF8B4195FFA8AFAE3
:20710000062303FB0AF3194491F9051000EB4101DFF8A40905F0B6FC02E01AF1010AC8E750
:20712000124A0021F6B2B000C01CC0B204F0ECFB5FFA89F905EB89004079002811D0DFF864
:207140007C095FFA89F905EB890149790522514300EB01021021F6B2B000C01CC0B204F01F
:20716000D3FBBDE8F78F0000C0DE0108DC5F0020F4E0010800E101080CE1010818E1010855
:207180000C640020B0DE010870B5DFF8F00690F82E0000286CD102F0C3FA012007F06DFE89
:2071A000DFF81C190880DFF818090088002811D104F09DFDDFF80C290421022004F0A4FB3D
:2071C000FCF7DCFFDFF8180400680068DFF81014086020E1DFF8E8080088032190FBF1F2D9
:2071E00001FB1200002809D0DFF8D4080088032190FBF1F201FB1200040001E00320040099
:20720000DFF8BC080088DFF8C0180880DFF8B0080088001B0500002006003000C0B22100F4
:2072200080B289B2884218D22800DFF89418098880B2884211D20122DFF89018280080B216
:2072400007F031FE3200D2B2DFF88018280080B200F0E2F86D1C761CDFE70120DFF81C16B4
:2072600081F82E00DFF858080088DFF85C180880DFF800060078002800F0CD805A20DFF8CA
:20728000FC1581F82F00DFF8EC054078012836D0082805D0202832D040285DD080286BD1BE
:2072A000DFF824080088DFF818180988884210D1DFF814080088032804DB0320DFF8081861
:2072C00008801BE0DFF8F8070088DFF8FC17088014E0DFF8F4070088C01CDFF8EC170880CF
:2072E000DFF8E4070088DFF8D8170988884205D3DFF8CC070088DFF8D017088044E0DFF8D8
:20730000C8070088032190FBF1F201FB120000280FD0DFF8B40700880321DFF8AC271288ED
:20732000121A90FBF1F001FB0020DFF89C17088006E0DFF894070088C01EDFF88C170880C7
:20734000DFF884070088002805D1DFF874070088DFF87417088017E00020DFF818154870AE
:207360000020DFF810150870FCF708FF9C48006800689B4908604EE00020DFF8F814487096
:207380000020DFF8F01408700020DFF8E81448700020DFF8E014087002F0C2F9DFF82807B9
:2073A0000088032190FBF1F201FB1200002809D0DFF814070088032190FBF1F201FB12008A
:2073C000040001E003200400DFF8FC060088001B0500002006003000C0B2210080B289B2CA
:2073E000884218D22800DFF8D816098880B2884211D20122DFF8D416280080B207F053FDF7
:207400003200D2B2DFF8C416280080B200F004F86D1C761CDFE770BD2DE9FC4704000D0047
:207420001600002080465FFA88F8B8F1140F09DA0020DFF8BC1C5FFA88F801F8080018F116
:207440000108F0E7687A10F500508146E8790190287A00901FFA89F94B46A4B2621CDFF853
:207460003416DFF88C0C07F09FFDDFF8842C0021032016FB00F0C0B204F046FA0020804668
:207480005FFA88F8B8F1140F09DA0020DFF8601C5FFA88F801F8080018F10108F0E768883E
:2074A0000190287900906B79AA79DFF8EC15DFF8400C07F079FDDFF8382C0021F6B2032074
:2074C00000FB06F0401CC0B204F01EFA00200700FFB2102F06DA0020DFF8141CFFB2C855F5
:2074E0007F1CF5E768780F282ADA002007003800DFF8001C0978C0B2884221D26878DFF841
:20750000F81B0968FFB2112202FB07F2895C884214D1DFF8E40B0068FFB2112101FB07F174
:207520000844401C824652460121F6B2032000FB06F0801CC0B204F0E7F901E07F1CD6E74A
:20754000687820282CDB6878412829DA002007003800DFF848150978C0B2884220D268788E
:20756000DFF83C150968FFB2142202FB07F21144497C884212D1DFF828050068FFB214217C
:2075800001FB07F10844421C0021F6B2032000FB06F0801CC0B204F0B7F901E07F1CD7E784
:2075A0002878FF280BD1DFF8542B1021F6B2032000FB06F0801CC0B204F0A6F90DE02878B7
:2075C00000280AD1DFF8382B1021F6B2032000FB06F0801CC0B204F097F9BDE8F3870000D0
:2075E0002C64002084640020F264002082640020C85600207CDD010888640020DE64002049
:2076000086640020E462002070B59C4890F82E0000286CD102F084F8022007F02EFCDFF84E
:20762000E41A0880DFF8DC0A0088002811D104F05EFBDFF8D42A0421022004F065F9FCF7C7
:207640009DFDDFF8C80A00680068DFF8C01A08600FE1DFF8B00A0088032190FBF1F201FB67
:207660001200002809D0DFF89C0A0088032190FBF1F201FB1200040001E003200400DFF86F
:20768000840A0088001BDFF840140880DFF8740A0088001B0500002006003000C0B2210020
:2076A00080B289B2884218D22800DFF8581A098880B2884211D20222DFF81014280080B24F
:2076C00007F0F1FB3200D2B2DFF80014280080B200F0DCF86D1C761CDFE70120674981F8DD
:2076E0002E00DFF8200A0088DFF8DC13088061480078002800F0BD805A20604981F82F0044
:207700005C484078012835D0082805D0202831D0402858D0802866D1DFF8AC030088DFF83D
:20772000E4190988884211D1DFF89C030088032804DB0320DFF8901308801AE0DFF8C40944
:207740000088401EDFF88013088012E0DFF878030088C01CDFF870130880DB480088DFF845
:20776000A4190988884204D3DFF898090088D64908803EE0D448008803281ADBD2480088EF
:20778000032190FBF1F201FB120000280CD0CE4800880321CC4A1288121A90FBF1F001FB3F
:2077A0000020C949088004E0C7480088C01EC6490880C5480088002804D1DFF848090088DD
:2077C000C149088015E000202A494870002029490870FCF7D3FCDFF8340900680068DFF850
:2077E0002C19086045E000202249487000202149087000201F49487000201E49087001F042
:207800008FFFB1480088032190FBF1F201FB1200002808D0AC480088032190FBF1F201FBAF
:207820001200040001E003200400A7480088001B0500002006003000C0B2210080B289B23D
:20784000884216D22800DFF8BC18098880B288420FD202229D49280080B207F024FB320089
:20786000D2B29A49280080B200F010F86D1C761CE1E770BD14640020E16400209C61002025
:2078800096640020F8DF0108926400202DE9F04383B004000D001600002080465FFA88F876
:2078A000B8F1140F09DA0020DFF844185FFA88F801F8080018F10108F0E7687A10F50050CC
:2078C0008146E8790190287A00901FFA89F94B46A4B2621C6F49DFF8180807F065FBDFF8E0
:2078E00010280021032016FB00F0C0B204F00CF8002080465FFA88F8B8F1140F09DA002013
:20790000DFF8EC175FFA88F801F8080018F10108F0E768880190287900906B79AA795E496A
:20792000DFF8CC0707F040FBDFF8C4270021F6B2032000FB06F0401CC0B203F0E5FF002007
:207940000700FFB2102F06DA0020DFF8A417FFB2C8557F1CF5E7687801280BD1DFF8B027C6
:207960000121F6B2032000FB06F0801CC0B203F0CBFF73E068780A280BD1DFF89827012165
:20798000F6B2032000FB06F0801CC0B203F0BCFF64E068780B280BD1DFF87C270121F6B2F8
:2079A000032000FB06F0801CC0B203F0ADFF55E068780C280BD1DFF864270121F6B2032092
:2079C00000FB06F0801CC0B203F09EFF46E068780D280BD1DFF848270121F6B2032000FBD3
:2079E00006F0801CC0B203F08FFF37E068780E280BD1DFF830270121F6B2032000FB06F0ED
:207A0000801CC0B203F080FF28E068780F280BD1DFF814270121F6B2032000FB06F0801C5F
:207A2000C0B203F071FF19E0687809280BD1DFF8FC260121F6B2032000FB06F0801CC0B2A6
:207A400003F062FF0AE0DFF8E8260121F6B2032000FB06F0801CC0B203F056FF2878002807
:207A60000BD0DFF8D0261021F6B2032000FB06F0801CC0B203F048FF0AE0DFF8BC26102155
:207A8000F6B2032000FB06F0801CC0B203F03CFFBDE8F783A8DB0108F4DA0108D564002013
:207AA000DC630020E05F0020E35F00204AEA0008CCD6010850DC0108E55F00202C000020DA
:207AC0009464002004E001089064002068630020F0B585B0DFF8640690F82E00002822D1B6
:207AE0000020FDF7A0F80400E4B25A2C09D1FCF745FBDFF8180600680068DFF81016086083
:207B0000F4E2E4B2A52C0DD10020DFF8301608760120DFF82816C8750120DFF8201681F875
:207B20002E0000E0E2E2DFF8140690F82E00012840F0DC82DFF8040600785A2800F07F804B
:207B400001F0EEFD5A20DFF8F415087000200700FFB2202F06DA0020DFF89415FFB2C85502
:207B60007F1CF5E7002006000E22DFF8D415DFF8800504F087FFDFF8CC05C07910F500506C
:207B800080B205F0D2F90500DFF86415280080B205F0BFF8DFF8B015DFF8A805807905F08A
:207BA00059F8DFF8A815DFF89C05407905F052F80C22DFF89C15DFF89C0504F063FFDFF815
:207BC0009415DFF88005007905F044F8DFF88815DFF87005C07805F03DF8DFF88015DFF891
:207BE0006405807805F036F8DFF804250121012003F08AFEDFF85C250221022003F084FE31
:207C0000DFF83805007E0F210123DFF8E424DFF82CC59CF818C012F80C20D2B290FBF1FC39
:207C200001FB1C00DFF81415C97D0918C9B2DFF80C05C07DC0B24000C0B203F08FFC04F08F
:207C40007CF9DFF81C050078002800F04F8204F074F9DFF810050078002800F04782DFF8D9
:207C60000405407801280DD0082800F09F80102800F0F480202841D0402800F0EE8180289A
:207C80001ED0FAE1DFF86804DFF8B014097E4056392807D13020DFF85814DFF8A024127E29
:207CA00088540CE0DFF84804DFF89014097E405C401CDFF83C14DFF88424127E8854E4E108
:207CC000DFF82C04DFF87414097E4056302807D13920DFF81C14DFF86424127E88540CE0DA
:207CE000DFF80C04DFF85414097E405C401EDFF80014DFF84824127E8854C6E1DFF83C0485
:207D0000007E002808D11820DFF8301408760220DFF82814C875B8E1DFF82004007E401E31
:207D2000DFF818140876DFF81404007E042833DBDFF80804007E0F2811DBDFF80004007E3E
:207D4000022190FBF1F201FB1200002824D1DFF8EC03007E801EDFF8E41308761CE0DFF866
:207D6000DC03007E0E2806D1DFF8D003007E401EDFF8C8130876DFF8C403007E022190FB19
:207D8000F1F201FB1200002806D0DFF8B003007E801EDFF8A8130876DFF8A003007E0E2810
:207DA00003DA0120DFF89413C8756EE1DFF88C03007E182808DB0120DFF88013C8750020CC
:207DC000DFF87813087660E1DFF87003007E401CDFF868130876DFF86403007E042833DB98
:207DE000DFF85803007E0F2811DBDFF85003007E022190FBF1F201FB1200002824D0DFF876
:207E00003C03007E801CDFF8341308761CE0DFF82C03007E022190FBF1F201FB1200002826
:207E200006D1DFF81803007E801CDFF810130876DFF80803007E0E2806D1DFF80003007E22
:207E4000401CDFF8F8120876DFF8F002007E0F2803DB0220DFF8E412C87516E10020DFF8F1
:207E6000041348700020DFF8FC120870002006009F4890F90100302801D0FF2006009C48ED
:207E8000C0780100C9B29A488078C0B204F0E7FF8DF807009648C0790100C9B29448807914
:207EA000C0B204F0DCFF8DF806009148C07A0100C9B28F48807AC0B204F0D1FF8DF80500D6
:207EC0008B48007C0100C9B28948C07BC0B204F0C6FF8DF804008648007D0100C9B2844884
:207EE000C07CC0B204F0BBFF8DF803008048007E0100C9B27E48C07DC0B204F0B0FF8DF83F
:207F000002009DF80600002803D09DF806000D2801DBFF2006009DF80500002848D09DF889
:207F20000500202844DA9DF8060004280BD09DF80600062807D09DF80600092803D09DF860
:207F400006000B2806D19DF805001F2802D1FF2006002FE09DF8060002282BD19DF80700CC
:207F6000042190FBF1F201FB1200002808D19DF80700642190FBF1F201FB1200002809D1C0
:207F80009DF807004FF4C87190FBF1F201FB1200002806D19DF805001E280BDBFF20060063
:207FA00008E09DF805001D2804DBFF20060001E0FF2006009DF80400182801DBFF20060016
:207FC0009DF803003C2801DBFF2006009DF802003C2801DBFF20060003F0AFFF9DF807006B
:207FE00010F5FA6080B204F0FAFF050028008DF80F009DF8060004F0D3FF8DF80E009DF8B9
:20800000050004F0CDFF8DF80D009DF8040004F0C7FF8DF80C009DF8030004F0C1FF8DF854
:208020000B009DF8020004F0BBFF8DF80A00F6B2002E02D102A807F018FADFF8080107F02E
:208040009BF90020DFF8FC100880FCF797F82F48006800682D49086048E00020DFF8041126
:2080600048700020DFF8FC100870FCF787F82748006800682549086038E00020DFF8E41043
:2080800048700020DFF8DC1008700020DFF8D41048700020DFF8CC100870154A012101204D
:2080A00003F032FCDFF8AC200221022003F02CFCDFF88800007E0F2101230D4ADFF87CC001
:2080C0009CF818C012F80C20D2B290FBF1FC01FB1C00DFF86810C97D0918C9B2DFF85C0086
:2080E000C07DC0B24000C0B203F038FA05B0F0BDDC5F0020D6640020E063002024E2010871
:208100002CE20108AA64002010E001082C640020C0DD01081CE00108D0DD010828E00108FF
:2081200034E00108E0DD0108F0DD010840E001084CE00108D4E10108DCE101089C61002087
:2081400030DF01088C630020E25F0020E65F00202CDD0108EB5F0020EF5F0020F35F0020D6
:20816000DF640020146400202DE9F04182B0DFF8F40790F82E00002840F08981DFF8E407DF
:2081800090F82F005A281ED103F0B1FD0020DFF8D41781F82F00DFF8D0070079DFF8CC17AB
:2081A0000871DFF8C4074079DFF8C0174871DFF8B8078079DFF8B4178871DFF8AC07C07898
:2081C000DFF8A817C87000200700FFB2202F06DA2020DFF88C17FFB2C8557F1CF5E7DFF8F4
:2081E0008017DFF88807007904F034FD4820DFF870178870DFF868270B21002003F084FB02
:20820000DFF868074079002805D0022811D009D3032815D01AE0DFF858270B21012003F0DB
:2082200073FB13E0DFF84C270B21012003F06CFB0CE0DFF844270B21012003F065FB05E039
:20824000DFF838270B21012003F05EFBDFF81C07C078022802D0032807D00CE0DFF8202715
:208260000A21022003F050FB05E0DFF820270A21022003F049FBDFF8F4068079002806D024
:20828000DFF800270A21032003F03EFB05E0DFF800270A21032003F037FBDFF8EC060078CF
:2082A000002800F08B80DFF8E0064078012806D0102827D0402861D0802812D06EE0DFF8B0
:2082C000A4064078002804D10320DFF89816487006E0DFF890064078401EDFF88816487049
:2082E00064E0DFF880064078401CDFF878164870DFF870064078042803DB0020DFF864162C
:20830000487053E00020DFF8801648700020DFF878160870DFF84C064078002807D101202E
:20832000DFF8401681F82E0000F045F925E0DFF834064078012807D10220DFF8281681F8BC
:208340002E0000F0C3F918E0DFF818064078022807D10320DFF80C1681F82E0000F035FABA
:208360000BE0DFF800064078032806D10420DFF8F41581F82E0000F08AFA17E00020DFF86E
:20838000081648700020DFF800160870FBF7F6FE0520DFF8D01581F82E0007E00020DFF836
:2083A000E81548700020DFF8E01508700020DFF8D81548700020DFF8D0150870DFF8A40534
:2083C0004078002802D15FF0010801E05FF00008DFF8C00507F06CF85FFA88F8CDF8008045
:2083E000DFF8B0350200D2B20021002003F000FBDFF870054078012802D15FF0010801E0D3
:208400005FF00008DFF8900507F052F802005FFA88F8CDF80080DFF88035D2B200210120E6
:2084200003F0E6FADFF83C054078022802D15FF0010801E05FF00008DFF8600507F038F8A9
:208440005FFA88F8CDF80080DFF850350200D2B20021022003F0CCFADFF808054078032859
:2084600002D15FF0010801E05FF00008DFF8300507F01EF85FFA88F8CDF80080DFF8203536
:208480000200D2B20021032003F0B2FA91E0DFF8D40490F82E00012802D100F08CF888E0C5
:2084A000DFF8C00490F82E00022802D100F00EF97FE0DFF8B00490F82E00032802D100F0E9
:2084C00084F976E0DFF89C0490F82E00042802D100F0DDF96DE0DFF88C0490F82E00052840
:2084E00067D1DFF888040500DFF87C04060000200700FFB20C2F12D22800451C31004E1C64
:2085000000780978884204D00120DFF89814087005E00020DFF88C1408707F1CE9E7DFF872
:208520008404007800283AD00220FCF77CFB0400E4B25A2C09D1FBF721FEDFF8200400680F
:208540000068DFF81814086033E0E4B2A52C25D10020DFF8501408705A20DFF8081481F81F
:208560002F00082005F0BCFE0022DFF8FC034179DFF8940507F026F800210F2005F06AFB14
:2085800003F0B5FBDFF884250021012003F0F6F90520DFF8D01381F82E000AE009E0FBF749
:2085A000EDFDDFF8B80300680068DFF8B0130860FFE7BDE8F38130B585B0DFF8A80300785A
:2085C0005A2812D0DFF8A00300798DF80C000020DFF89013DFF88C2392F82E201144C8742A
:2085E0005A20DFF88013087004E0DFF87803808B8DF80C0003A8029000200190DFF8100573
:2086000000900123DFF85C03DFF8581391F82E100844C27C0B210020FBF7D1FF0500EDB22B
:208620005A2D1FD10020DFF83C13DFF8382392F82E201144C8740020DFF8281381F82E0009
:208640000020DFF82013087000200400E4B2052C3ADA0020DFF80C13E4B201EB4401888391
:20866000641CF3E7EDB2A52D24D10020DFF8F412DFF8F02292F82E201144C8740020DFF8F4
:20868000E41281F82E000020DFF8D812087000200400E4B2052C08DA0020DFF8C812E4B2B0
:2086A00001EB44018883641CF3E79DF80C00AF49087109E0AB48AB4991F82E100844C574F6
:2086C0009DF80C00A749888305B030BD80B5A54800785A2806D0A4484079A24988705A2068
:2086E000A0490870A848007800284CD0A6484078012806D0102820D040282AD080280ED0B8
:2087000035E098488078002803D103209549887004E094488078401E924988702DE09148A8
:208720008078032803DB00208E49887004E08D488078401C8B4988701FE08A4880788B49D3
:2087400048710020874981F82E0000208549087013E000208C49487000208B490870FBF765
:208760000DFD7E48006800687C4908602CE000208549487000208449087000208249487072
:2087800000208149087077488078002805D002280FD008D3032812D016E0754A0B210120D0
:2087A00003F0ECF810E0734A0B21012003F0E6F80AE0714A0B21012003F0E0F804E06F4ABD
:2087C0000B21012003F0DAF801BD80B5654800785A2806D06448C078624988705A2061496C
:2087E00008706948007800283DD067484078012806D010280CD0402815D0802804D022E05E
:2088000002205849887026E002205649887022E002205649C8700020524981F82E00002061
:208820005049087017E00020DFF8E81248700020DFF8E0120870FBF7A1FC48480068006837
:208840004649086022E00020DFF8C81248700020DFF8C01208700020DFF8B81248700020BC
:20886000DFF8B01208703F488078022802D0032806D00BE0424A0A21022003F07FF805E058
:20888000DFF808210A21022003F078F801BD80B5344800785A2806D0334880793149887003
:2088A0005A2030490870DFF86C020078002842D0DFF860024078012805D010280FD04028E8
:2088C00019D0802827D127488078002803D000202449887002E001202249887023E0214856
:2088E00080782249887100201E4981F82E0000201C49087017E00020DFF818124870002001
:20890000DFF810120870FBF739FC144800680068124908601FE00020DFF8F81148700020F9
:20892000DFF8F01108700020DFF8E81148700020DFF8E01108700B488078002805D0114A3C
:208940000A21032003F01AF805E0DFF844200A21032003F013F801BD000000002C640020EA
:20896000DC5F00209C610020506300205C6300203CE2010844E201084CE2010854E2010801
:208980005CE2010874E201081464002064E201086CE2010848E1010854E1010860E1010839
:2089A0006CE10108E96400207FB5DFF83C0690F82E0000281AD10020FCF735F90500EDB2F9
:2089C0005A2D09D1FBF7DAFBDFF8600700680068DFF85817086096E0EDB2A52D05D10120D5
:2089E000DFF8041681F82E008DE08CE0DFF8F80590F82E00012840F0868000F091FEDFF8C7
:208A0000E80500785A280BD05A20DFF8DC15087000208DF80D009DF80D008DF80C000FE006
:208A200000200400E4B2022C0ADADFF8BC05E4B200EB4400808B03A9E4B20855641CF1E70B
:208A4000DFF8402A0121012002F05EFF03A8029010200190DFF8340A00900223DFF8880517
:208A6000DFF8841591F82E100844C27C05210220FBF7A5FD0600F6B25A2E09D1FBF77EFBDE
:208A8000DFF8A80600680068DFF8A01608603AE0F6B2A52E1FD100200400E4B2022C09DA3C
:208AA00003A8E4B2005DDFF8E819E4B22144C871641CF2E7082005F013FC00210F2005F042
:208AC000C9F8FBF75BFBDFF8640600680068DFF85C16086017E0DFF81005DFF80C1591F867
:208AE0002E100844C67400200400E4B2022C0ADA03A8E4B2005DDFF8F014E4B201EB4401A6
:208B00008883641CF1E77FBD0038014068DD01080C0000201464002030B585B0DFF8C8046E
:208B200090F82E0000286BD1DFF8BC0490F82F005A2806D103F0DBF80020DFF8AC1481F87E
:208B40002F0000200400E4B2202C06DA0020DFF84419E4B20855641CF5E7DFF83819DFF85E
:208B60003009807804F00CF8DFF828290A21012002F0CAFEDFF820290121012002F0C4FE87
:208B8000DFF818290C21012002F0BEFEDFF810090078002834D0DFF808094078102802D083
:208BA000402812D023E00020DFF8F41848700020DFF8EC1808700120DFF82C1481F82E005B
:208BC0000020DFF8241408701AE00020DFF8D01848700020DFF8C8180870FBF7CFFADFF87C
:208BE000A80800680068DFF8A0180860B6E00020DFF8AC1848700020DFF8A4180870ADE03D
:208C0000DFF8E40390F82E00012855D1DFF8D80300785A2812D0DFF8780880788DF80C0023
:208C20000120DFF8C413DFF8C02392F82E201144C8745A20DFF8B013087004E0DFF8A80350
:208C4000808B8DF80C0003A8029010200190DFF83C0800900123DFF89003DFF88C1391F842
:208C60002E100844C27C0A210120FBF7A8FC0500EDB25A2D07D1FBF781FA0220DFF8681366
:208C800081F82E0018E0EDB2A52D0BD19DF80C00DFF8FC178870FBF771FA0220D24981F852
:208CA0002E0009E0D048D04991F82E100844C5749DF80C00CC498883CB4890F82E0002286C
:208CC0004CD1DFF8DC098078DFF8C4178978884204D00120DFF8CC19087003E00020DFF843
:208CE000C4190870DFF8BC09007800282CD00220FBF799FF0500EDB25A2D09D1FBF73EFA0C
:208D0000DFF8840700680068DFF87C17086025E0EDB2A52D17D10020DFF8881908705A2067
:208D2000B14981F82F00082005F0DAFA02F0DFFFDFF874290021012002F020FE00210F20BA
:208D400004F088FF0AE009E0FBF718FADFF8380700680068DFF830170860FFE705B030BDCD
:208D6000E0B5A14890F82F005A280BD102F0BFFF00209D4981F82F00DFF830098078DFF823
:208D800030190870DFF82809027896A1684606F00BF96A461021012002F0B6FDDFF81429F6
:208DA0000221012002F0B0FDDFF80C290221032002F0AAFDDFF804290021042002F0A4FD09
:208DC000DFF8FC280021052002F09EFDDFF8D0060078002800F07F80DFF8C4064078012807
:208DE0000AD008281AD010282AD0202804D040283DD0802812D048E0DFF8B408007838289F
:208E000007DADFF8AC080078801CDFF8A418087003E03820DFF8981808703FE0DFF89008FF
:208E20000078112807DBDFF888080078801EDFF88018087003E01020DFF8741808702DE040
:208E40000020DFF85C1648700020DFF854160870DFF85C080078DFF854188870DFF84C08FF
:208E600005F0AAFD00210F2004F0F4FE16E00020DFF82C1648700020DFF824160870FBF79E
:208E80007DF95A48A949086025E00020DFF8101648700020DFF8081608701CE00020DFF806
:208EA000001648700020DFF8F8150870DFF800080078DFF8F8178870302002F0D2FF81207F
:208EC00002F0CFFFDFF8E807007880B202F0F4FF042002F0F1FF07BD10B5434890F82E00AD
:208EE000002819D10120FBF79EFE0400E4B25A2C09D1FBF743F9DFF8900500680068DFF876
:208F0000881508602AE0E4B2A52C04D10120364981F82E0000E021E0334890F82E00012884
:208F20001CD102F0E4FE002005F0EAFF002806D0DFF890270221012002F0E6FC05E0DFF812
:208F400088270221012002F0DFFCFBF717F9DFF8380500680068DFF83015086010BD10B555
:208F6000214890F82E00002819D10120FBF75BFE0400E4B25A2C09D1FBF700F9DFF808058B
:208F800000680068DFF8001508602AE0E4B2A52C04D10120144981F82E0000E021E0124807
:208FA00090F82E0001281CD102F0A1FE012005F0A7FF002806D0DFF80C270221012002F05A
:208FC000A3FC05E0DFF800270221012002F09CFCFBF7D4F8DFF8B00400680068DFF8A81495
:208FE000086010BD256400009C6100207CDD010810B5DFF8D80690F82E0000281AD10120D0
:20900000FBF711FE0400E4B25A2C09D1FBF7B6F8DFF8740400680068DFF86C1408602CE0CB
:20902000E4B2A52C05D10120DFF8A01681F82E0000E022E0DFF8940690F82E0001281CD17F
:2090400002F055FE022005F05BFF002806D0DFF874260021012002F057FC05E0DFF868261A
:209060000021012002F050FCFBF788F8DFF8180400680068DFF81014086010BD10B500F056
:209080004FFBDFF84C260121012002F03DFC00200400E4B2052C06DA0020DFF8F813E4B26C
:2090A0000855641CF5E7DFF82C260121022002F02BFCDFF824260121032002F025FCDFF821
:2090C000D413DFF81806008803F07BFDDFF8C4230821042002F018FCDFF804260121042069
:2090E00002F012FCDFF8B803007800281DD0DFF8B003407840280FD10020DFF8A413487061
:209100000020DFF89C130870FBF738F80748006800680649086008E00020DFF8841348700B
:209120000020DFF87C130870FFE710BD2C64002010B5DFF8980590F82E00002820D10120A5
:20914000FBF771FD0400E4B25A2C07D1FBF716F8CD4800680068CC4908607CE0E4B2A52C92
:209160000DD10120DFF8641581F82E000120DFF8741508705A20DFF85415087000E06AE0A4
:20918000DFF8480590F82E00012864D1DFF854050078002830D00020DFF848150870DFF824
:2091A0004805C078012803D1032004F002FF14E0DFF83405C078022803D1042004F0F9FECC
:2091C0000BE0DFF82405C078032803D1052004F0F0FE02E0022004F0ECFEFA2001F0D7FFA3
:2091E000082004F0E6FEFA2001F0D1FF05F073FA00210E2004F02EFD00F092FADFF8EC2461
:209200000321002002F080FB02F097FE962001F0BEFFDFF8DC240221012002F075FB96207F
:2092200001F0B5FFDFF8CC240221022002F06CFB962001F0ACFFDFF8C0240221032002F0DF
:2092400063FB962001F0A3FFDFF8B0240221042002F05AFBFEE710BD70B5DFF8A404007860
:20926000002806D0DFF898040078401EDFF890140870DFF88C040078002840F002810220D8
:20928000DFF87C14087000200400E4B2202C05DA20208049E4B20855641CF6E7DFF8640472
:2092A0000078092190FBF1F00600DFF858040078092190FBF1F201FB1200002800D0761CBF
:2092C000DFF8080490F82E00002840F09B80DFF8FC0390F82F005A280ED102F008FD00207D
:2092E000DFF8E81381F82F000020DFF8E01348700020DFF8D813C87069480078002863D0B4
:2093000067484078012806D0102834D040283DD0802817D04CE0DFF8B4034078002807D036
:20932000DFF8A8034078401EDFF8A013487003E0701EDFF8981348705A20DFF8901381F83B
:209340002F003BE0DFF884034078F6B2711E884207D0DFF878034078401CDFF8701348705D
:2093600003E00020DFF8641348705A20DFF85C1381F82F0022E0002049494870002048495F
:20938000087000F08FF807F011FA17E0002044494870002042490870FAF7F0FE0020DFF887
:2093A000681308700220DFF8241381F82E0068E000203B4948700020394908700020384984
:2093C0004870002036490870DFF8000390F82F005A2806D102F08BFC0020DFF8F01281F8E9
:2093E0002F00DFF828230221002002F08DFADFF8DC024078092110FB01F2D2B20121002005
:2094000000F04EFDDFF8C40290F82E00022838D10120FBF708FC0500EDB25A2D0ED1DFF893
:20942000F002DFF8F012342205F0D4FAFAF7A6FE1548006800681449086022E0EDB2A52D4E
:209440001ED15A20DFF8841281F82F00FAF796FE0D48006800680C490860092004F040FFCB
:20946000DFF8AC02DFF8AC12342205F0B3FA02F03EFCDFF834220021012002F07FFA00E0F4
:20948000FFE770BD40DF01082C640020000000205C630020DC5F002078E101088CE20108AE
:2094A000146400209A49498941F28E6251439A4A1268B1FBF2F10800B0F5407F04D9B0F5CD
:2094C000056F01D2924948819149898941F28E625143914A5268B1FBF2F10800B0F5407F6E
:2094E00004D9B0F5056F01D2894988818849C98941F28E625143884A9268B1FBF2F108008B
:20950000B0F5407F04D9B0F5056F01D28049C8817F49098A41F28E6251437F4AD268B1FB4B
:20952000F2F10800B0F5407F04D9B0F5056F01D2774908827649498A42F210725143764A2D
:209540001269B1FBF2F10800B0F5407F04D9B0F5056F01D26E4948826D49898A42F21072CC
:2095600051436D4A5269B1FBF2F10800B0F5407F04D9B0F5056F01D2654988826449C98A69
:2095800042F210725143644A9269B1FBF2F10800B0F5407F04D9B0F5056F01D25C49C88225
:2095A0005B49098C41F28E6251435C4A1268B1FBF2F10800B0F5407F04D9B0F5056F01D2D7
:2095C000534908845249498C41F28E625143534A5268B1FBF2F10800B0F5407F04D9B0F568
:2095E000056F01D24A4948844949898C41F28E6251434A4A9268B1FBF2F10800B0F5407FDE
:2096000004D9B0F5056F01D2414988844049C98C42F210725143414AD268B1FBF2F1080067
:20962000B0F5407F04D9B0F5056F01D23849C8843749098D42F210725143384A1269B1FB27
:20964000F2F10800B0F5407F04D9B0F5056F01D22F4908852E49498D42F2107251432F4ADD
:209660005269B1FBF2F10800B0F5407F04D9B0F5056F01D2264948852549098B41F28E620A
:209680005143264A9269B1FBF2F10800B0F5407F04D9B0F5056F01D21D490883704700005F
:2096A00050630020E964002068DD010810640020F364002000DE010818DD0108C0DB010888
:2096C000D8DB010884E1010890E101089C61002010DE0108A0DD0108B0DD01088A640020A8
:2096E0007CE20108F464002074630020E0DD010820DE010830DE010840DE010850DE010852
:20970000E1640020AFF40008F564002058E001086861002034610020F8600020BC6000202D
:2097200080B5DFF8500A90F82F005A2806D102F0DEFA0020DFF83C1A81F82F0001BDF8B589
:2097400004000D0016001F00DFF82C0A0660DFF8280A0068DFF8241A884204D3DFF8200A28
:20976000DFF8141A0860DFF8100A0068DFF8141A884209D30920DFF8101A0880DFF8040AE1
:20978000DFF8081A086077E0DFF8EC090068DFF8001A884209D30820DFF8EC190880DFF8E3
:2097A000F009DFF8E819086066E0DFF8CC090068DFF8E019884209D30720DFF8CC19088035
:2097C000DFF8D009DFF8C419086055E0DFF8A8090068DFF8C419884209D30620DFF8A81980
:2097E0000880DFF8B409DFF8A419086044E0DFF88809006842F21071884209D30520DFF806
:209800008819088042F21070DFF88019086033E0DFF864090068B0F57A7F09D30420DFF85F
:20982000681908804FF47A70DFF86019086023E0DFF844090068642808D30320DFF84819E9
:2098400008806420DFF84419086015E0DFF8280900680A2808D30220DFF82C1908800A20FE
:20986000DFF82819086007E00120DFF81C1908800120DFF8181908600020DFF87C1B088025
:20988000DFF8740B0088DFF800190988884249D2DFF8E4080068DFF8F4180968B0FBF1F079
:2098A000DFF8F818DFF8502B128821F81200DFF8C8080068DFF8C0180968DFF8D028126832
:2098C000B1FBF2F1DFF8C428126802FB1100DFF8A8180860DFF8B40800680A21B0FBF1F0FD
:2098E000DFF8A81808603B00DBB2DFF8B008DFF8081B098830F8110010F13002D2B2DFF8C0
:20990000F80A00882918C9B22000C0B24000C0B201F024FEDFF8E00A0088401CDFF8D81A3C
:209920000880ADE7F1BDF0B40023140089B200EB01073E00A4B242F21077BC4205DB0527FB
:209940003B0042F210773D001DE0A4B2B4F57A7F05DB04273B004FF47A773D0013E0A4B2DF
:20996000642C04DB03273B0064273D000BE0A4B20A2C04DB02273B000A273D0003E0012718
:209980003B0001273D009BB2002B12D0A4B2ADB294FBF5F730373770761CA4B2ADB294FBB9
:2099A000F5F705FB1744ADB20A2795FBF7F55B1EE9E7F0BC7047F8B504000D0016001F00B5
:2099C000002E0CD500200090D9A301222900C9B22000C0B202F00CF8F043461C09E000205F
:2099E0000090D4A301222900C9B22000C0B201F0FFFF0120DFF88C1A0880DFF8880A008801
:209A000010281DDA7FF00040B0FBF7F0DFF8781A0860DFF8740A006842F2107188420FDAE0
:209A2000DFF8600A00880641DFF8580A0088C740DFF8500A0088401CDFF8481A0880DCE7B5
:209A4000B6FBF7F0DFF8441A0880DFF8400A008842F21071884204DB42F20F70DFF82C1ADA
:209A60000880B6FBF7F007FB1060DFF81C1A0860DFF8140A006842F210714843B0FBF7F0B0
:209A8000DFF8041A0860DFF8000A00684FF47A7190FBF1F0DFF8FC1908804FF47A70DFF80E
:209AA000E8190968DFF8E029126892FBF0F200FB1210642190FBF1F0DFF8D81948804FF48A
:209AC0007A70DFF8C4190968DFF8BC29126892FBF0F200FB1210642190FBF1F201FB1200B4
:209AE000DFF8A4190860DFF8A00900680A2190FBF1F0DFF8A01988800A20DFF88C1909683C
:209B0000DFF88429126892FBF0F200FB1210DFF88419C88002F011FA00200090DFF87839CA
:209B20000722691CC9B22000C0B201F061FFDFF85C090088B0F57A7F1EDB0023DFF84C096F
:209B40000288691C89B2200080B2FFF7F8FD00200090D1A30422691DC9B22000C0B201F0B0
:209B600047FF0023DFF82C090288A91D89B2200080B2FFF7E4FDD9E0DFF8100900886428FF
:209B800028DB0023DFF804090288691C89B2200080B2FFF7D4FD00200090BFA30422291DDA
:209BA000C9B22000C0B201F023FF0023DFF8E4080288691D89B2200080B2FFF7C0FD00232C
:209BC000DFF8D0084288A91D89B2200080B2FFF7B6FDABE0DFF8B40800880A280ADB002330
:209BE000DFF8A8080288691C89B2200080B2FFF7A6FD09E00023DFF894080288A91C89B2A0
:209C0000200080B2FFF79BFD42F21070874229D100200090DFF8143B0422E91CC9B2200051
:209C2000C0B201F0E5FE0023DFF868080288291D89B2200080B2FFF782FD0023DFF854084C
:209C40004288691D89B2200080B2FFF778FD0023DFF840088288A91D89B2200080B2FFF727
:209C60006EFD63E0B7F57A7F29D100200090DFF8BC3A0422E91CC9B22000C0B201F0B8FE3B
:209C80000023DFF810080288291D89B2200080B2FFF755FD0023DFF8FC074288691D89B285
:209CA000200080B2FFF74BFD0023DFF8E8078288A91D89B2200080B2FFF741FD36E0642FF1
:209CC0001ED10020009074A30422E91CC9B22000C0B201F08DFE0023DFF8B8070288291D91
:209CE00089B2200080B2FFF72AFD0023DFF8A4074288691D89B2200080B2FFF720FD15E030
:209D00000A2F13D10020009064A30422E91CC9B22000C0B201F06CFE0023DFF878070288D9
:209D2000291D89B2200080B2FFF709FDF1BD00002D000000200000002DE9F34F87B01400B6
:209D4000DFF8EC09C078002815D1DFF8E809DFF8E819702204F04EFEDFF8D80902F03AFC9F
:209D6000DFF8D0098346DFF8D4090190DFF8D00900788DF80200E4B2902000FB04F083447A
:209D8000092014FB00F081469DF820000500EDB20A2D7DDA4E4619F1010930009DF802106E
:209DA000C0B2884274D20198F6B2310100EB010201212800C0B201F0A7FD0198F6B23101FC
:209DC0000844821D0C212800C0B201F09DFD002082465FFA8AFABAF1100F08DA002002A90A
:209DE0005FFA8AFA01F80A001AF1010AF1E7DBF8000080461BF1040B6420B8FBF0F00700C3
:209E00006420B8FBF0F100FB1180ADF80000BDF80030BFB23A00DFF82C1902A805F0C4F8F2
:209E200002AA06212800C0B201F06EFD1BF1080BDBF8000007001BF1040B0198F6B23101D2
:209E40000844C07A032821D038040AD5BFB2FF43BFB23A00DFF8F0180DF10F0005F0A4F86A
:209E600007E0BFB23A00DFF8E4180DF10F0005F09BF80DF10F020F212800C0B201F044FDDD
:209E8000B9A213212800C0B201F03EFD6D1C7EE709B0BDE8F08F00002E3030002E300000B6
:209EA0002DE9F24F82B004001500E4B2002C03D0DFF89C08814602E0DFF898088146A8461B
:209EC0009DF808000600F6B20A2E80F24A81474618F1010802F031F83800DFF87C180978E4
:209EE000C0B2884280F03D81DFF87008FFB2390100EB010201213000C0B201F005FDDFF842
:209F00005C08FFB239010844821D0F213000C0B201F0FAFCDFF84408FFB239010844C07ABA
:209F200001281DD1FFB259F827008346E4B2002C0BD0DFF82C080068002806D0DFF820080B
:209F4000006800FB0BF0824600E0DA464FF47A7352460621F6B2300080B2FFF72CFDFEE0E5
:209F6000DFF8F807FFB239010844C07A002830D1FFB259F827008346DFF8E807006800FB56
:209F80000BF08246DFF80C02824516DB4FF47A709AFBF0FA0020009074A301220F2130006B
:209FA000C0B201F025FD4FF47A7352460621F6B2300080B2FFF7FFFCD1E00A209AFBF0FAD8
:209FC000642352460621F6B2300080B2FFF7F3FCC5E0DFF88807FFB239010844C07A0228A6
:209FE00040F09E80FFB259F827008346DFF870070068DFF870170968484382460A209AFB8A
:20A00000F0FA45F2B500824545DB64209AFBF0FA0BFB0AFA5F48824503DADFF84C0782453A
:20A0200016DA4FF47A709AFBF0FA0020009050A301220F213000C0B201F0DAFC4FF47A73F5
:20A0400052460621F6B2300080B2FFF7B4FC86E0BAF57A7F03DADFF81407824512DA0020E1
:20A06000009042A301220F213000C0B201F0C0FC4FF47A7352460621F6B2300080B2FFF7DA
:20A080009AFC6CE0642352460621F6B2300080B2FFF791FC63E00BFB0AFA3A48824503DA98
:20A0A000DFF8CC06824515DA3B489AFBF0FA002000902FA301220F213000C0B201F098FC43
:20A0C0004FF47A7352460621F6B2300080B2FFF772FC44E03048824503DADFF8AC0B82458E
:20A0E00015DA64209AFBF0FA002000901FA301220F213000C0B201F07BFC4FF47A735246D7
:20A100000621F6B2300080B2FFF755FC27E0642352460621F6B2300080B2FFF74CFC1EE034
:20A12000DFF83806FFB239010844C07A04280BD142F21073FFB259F827200621F6B2300092
:20A1400080B2FFF738FC0AE04FF47A73FFB259F827200621F6B2300080B2FFF72CFC761C5F
:20A16000B1E6BDE8F78F0000400000006B0000004D0000009C6100202064002000CA9A3BC5
:20A18000FFC99A3B00E1F5059E640020246400208096980040420F00A0860100D0620020C5
:20A1A0002DE9F34F83B014001D00002083465FFA8BFBBBF1100F09DA0020DFF8D01A5FFA33
:20A1C0008BFB01F80B001BF1010BF0E7C5F302108DF8040015F00F000600F6B2002E06D0ED
:20A1E000022E17D008D3042E32D021D340E0ADF806400020804640E0A4B20A2094FBF0F045
:20A20000ADF80600A4B20A2094FBF0F100FB1140804632E0A4B2642094FBF0F0ADF806008B
:20A22000A4B2642094FBF0F100FB1140804624E0A4B24FF47A7094FBF0F0ADF80600A4B2CB
:20A240004FF47A7094FBF0F100FB1140804614E0A4B242F2107094FBF0F0ADF80600A4B2E1
:20A2600042F2107094FBF0F100FB1140804604E00020ADF8060000208046002081469DF897
:20A280000400002804D13020DFF8001A087051E09DF8040006284CDA280617D500208346E3
:20A2A0005FFA8BFBBBF1040F09DA2020DFF8DC195FFA8BFB01F80B001BF1010BF0E7DFF868
:20A2C000CC19200080B202F07CFC33E0002083465FFA8BFBBBF1040F09DA3020DFF8AC1974
:20A2E0005FFA8BFB01F80B001BF1010BF0E7BDF806008246002007001FFA8AFABAF10A0F81
:20A3000006DB1FFA8AFA0A209AFBF0FA7F1CF3E79DF8040059FA80F0401EFFB2B0EB07098B
:20A32000BDF80620494689B2DFF86009FFF7FBFA00E05EE0FFB2781C10EB0909F6B2002E07
:20A340000ED10020009052A30122BDF8100010EB0901C9B2BDF80C00C0B201F049FB3BE08E
:20A36000F6B2052E38DA2E20DFF820191FFA89F901F80900012083465FFA8BFB1FFA89F991
:20A38000D9F1050083450ADA3020DFF800191FFA89F959FA8BF288541BF1010BECE7C246C8
:20A3A000002007001FFA8AFABAF10A0F06DB1FFA8AFA0A209AFBF0FA7F1CF3E759FA86F0B0
:20A3C000FFB2B0EB0709424692B2494689B2DFF8BC08FFF7A8FA761C00200090DFF8AC385B
:20A3E0000622BDF81010C9B2BDF80C00C0B201F0FFFA05B0BDE8F08F9C6400202DE9F8437E
:20A4000004000D001600FFF78BF915FB06F0804600200700FFB2092F32DAC14618F101089A
:20A420004846DFF86C180978C0B2884228D248462100C0B2C9B2884210D1DFF85808006896
:20A440005FFA89F94FF4B27101FB09F10844421C00213800C0B201F091FA0FE0DFF83408D2
:20A4600000685FFA89F94FF4B27101FB09F10844421C00213800C0B201F046FA7F1CC9E74C
:20A48000BDE8F183A064002028640020A26400202000000094630020B0DF01082DE9F54F84
:20A4A00081B00D001E000C9F0D9CFFF739F9721C0021002001F028FA9DF8080010FB04F046
:20A4C0008246012080465FFA88F8B8F10A0F80F29A80D1461AF1010A4846717CC0B28842C2
:20A4E00080F0918048462900C0B2C9B2884210D1012000905FFA89F91C2000FB09F030445C
:20A5000010F11503092200214046C0B201F070FA0FE0002000905FFA89F91C2000FB09F0D9
:20A52000304410F11503092200214046C0B201F05FFA002000905FFA89F91C2000FB09F045
:20A54000304410F12A0302220F214046C0B201F04FFA5FFA89F91C2000FB09F03044C06A2A
:20A56000002836D05FFA89F91C2000FB09F03044408C5FFA89F91C2101FB09F13144097D59
:20A5800037F81110884209D25FFA89F91C2000FB09F03044007D002127F810105FFA89F98F
:20A5A0001C2000FB09F03044C06A83465FFA89F91C2000FB09F03044007D37F8100009219F
:20A5C000484383445A4609214046C0B201F09CF916E05FFA89F91C2000FB09F03044C37F2A
:20A5E0005FFA89F91C2000FB09F03044007D37F8102009215FFA88F8404680B2FFF7D0FD82
:20A6000018F101085FE7BDE8F78F2DE9F84304000D0016001F00EDB21C2000FB05F03044E1
:20A62000C06A814638888046DFF86C060078002865D03C20DFF864160870DFF85C0640786F
:20A64000012809D0082807D0102812D0202803D040282AD0802842D118F10108EDB21C20B2
:20A6600000FB05F03044408C404501D2002080463DE00020DFF8201648700020DFF8181645
:20A680000870092000FB08F08144EDB209204A46092195FBF0F300FB1350401CC0B201F04F
:20A6A00033F9A7F80080A5203DE00020DFF8E81548700020DFF8E0150870388809214843E8
:20A6C0008144EDB209204A46092195FBF0F300FB1350401CC0B201F017F95A2023E00020F6
:20A6E000DFF8B41548700020DFF8AC1508700020DFF8A41548700020DFF89C150870092021
:20A7000000FB08F08144EDB209204A46092195FBF0F300FB1350401CC0B201F02FF9A7F8A8
:20A7200000804046C0B2BDE8F2830000B4E1010874630020945E0020245E00205CD6010803
:20A74000AEF40008BCDF0108BCE10108C4E1010834620020BC600020AFF4000864D5010878
:20A76000186400201C640020C1BDF0FF19FCFFFF011F0AFA2DE9F94F85B0884614000698E6
:20A780009DF814101C2251430844C07F8DF80200002083465FFA8BFBBBF1200F09DA002076
:20A7A000DFF8FC145FFA8BFB01F80B001BF1010BF0E7109804900020060004980088050055
:20A7C0009DF80200C0B29DF8021011F0070111EB10108DF801009DF8020010F007008DF8FB
:20A7E00000009DF8000000280AD1DFF8B414280080B202F08EFA9DF801008DF8030091E0BF
:20A800009DF80100401C8DF803009DF801009DF80010401A8DF800009DF80100052815DBF1
:20A82000ADB242F2107095FBF0F08DF80400ADB242F2107095FBF0F100FB11559DF804008E
:20A840003030DFF85C14F6B28855761CADB24FF47A7095FBF0F08DF80700ADB24FF47A7026
:20A8600095FBF0F100FB11559DF807003030DFF83014F6B28855761C9DF800003100C9B297
:20A88000884205D12E20DFF81814F6B28855761CADB2642095FBF0F08DF80600ADB26420EF
:20A8A00095FBF0F100FB11559DF806003030DFF8F013F6B28855761C9DF800003100C9B299
:20A8C000884205D12E20DFF8D813F6B28855761CADB20A2095FBF0F08DF80500ADB20A20A5
:20A8E00095FBF0F100FB11559DF805003030DFF8B013F6B28855761C9DF800003100C9B29A
:20A90000884205D12E20DFF89813F6B28855761C28008DF804009DF804003030DFF880139C
:20A92000F6B28855012083465FFA8BFB2078401C834516DA5FFA8BFB14F80B00DFF86013DD
:20A940005FFA88F811F9081000B209B2884205D15FFA8BFB04EB0B00070002E01BF1010B15
:20A96000E2E7CD480078002800F0DD803C20CB490870C948407801280CD0082877D01028A7
:20A9800000F0A88020283FD0402800F0B88080281CD0BCE03878202802D1601C070000E05A
:20A9A0007F1C97F90000BE495FFA88F801F80800BB485FFA88F810F90800202805D1302030
:20A9C000B7495FFA88F801F80800A6E03878302804D120782044401E070000E07F1E97F9CC
:20A9E0000000AF495FFA88F801F80800AC485FFA88F810F90800202805D13020A8495FFAEF
:20AA000088F801F8080088E05FFA88F8B8F1000F04D19DF80300401E804601E0B8F1010898
:20AA20000020834658462178C0B2884215D25FFA8BFB14F80B009A495FFA88F811F90810FF
:20AA400000B209B2884205D15FFA8BFB04EB0B00070002E01BF1010BE4E791485FFA88F892
:20AA600010F908002E2801D1B8F1010855E05FFA88F89DF80300401E804502D10020804669
:20AA800001E018F101080020834658462178C0B2884215D25FFA8BFB14F80B0080495FFA68
:20AAA00088F811F9081000B209B2884205D15FFA8BFB04EB0B00070002E01BF1010BE4E742
:20AAC00077485FFA88F810F908002E2801D118F1010822E000207049487000206E490870B1
:20AAE0009DF8140009236E4A092190FBF3FC03FB1C00401CC0B200F007FFA520C0E00020C2
:20AB0000654948700020644908705A20B8E000206149487000206049087000205E49487036
:20AB200000205D4908709DF8020010F007008DF800000020824600208146002083465FFAA3
:20AB40008BFBBBF1050F08DA002002A95FFA8BFB01F80B001BF1010BF1E7002083465FFAED
:20AB60008BFB9DF80100401C83452ADA5FFA8BFB9DF801009DF80010401A83451CD04848D9
:20AB80005FFA8AFA10F90A00202808D1002002A95FFA89F901F8090019F101090CE0404874
:20ABA0005FFA8AFA10F90A00303802A95FFA89F901F8090019F101091AF1010A1BF1010B73
:20ABC000CDE79DF8010005281CDB9DF8080042F2107110FB01F09DF809104FF47A7211FBD0
:20ABE00002009DF80A10642211FB02009DF80B100A2211FB02009DF80C1050FA81F004991D
:20AC0000088015E09DF808004FF47A7110FB01F09DF80910642211FB02009DF80A100A22D3
:20AC200011FB02009DF80B1050FA81F0049908809DF8140009231A4A092190FBF3FC03FB9B
:20AC40001C00401CC0B200F05FFE9DF814005FF0090C012312495FFA88F811F808100A002D
:20AC6000D2B218F10901C9B290FBFCFE0CFB1E00401CC0B24000C0B200F070FC4046C0B244
:20AC800007B0BDE8F08F00006179FEFF04630020D9640020F063002014640020DF640020B0
:20ACA000DC5F002010B582B0040001222100684605F05CFF9DF8000016BD38B504000D0096
:20ACC000280080B2000A8DF8000028008DF8010002222100684606F026F831BD80B5DFF8DC
:20ACE000140C06F079F94FF40070ADF8000002208DF8020018208DF803006946DFF8F40B86
:20AD000006F0ADF94FF48060ADF8000048208DF803006946DFF8DC0B06F0A1F94FF4194046
:20AD2000ADF8000048208DF8030002208DF802006946DFF8C00B06F092F9DFF8BC0B06F06F
:20AD40004BF941F2FF30ADF8000010208DF8030002208DF802006946DFF89C0B06F07FF9AC
:20AD60000121DFF8940B06F028FA0221DFF8880B06F023FA0421DFF8800B06F01EFA0821C5
:20AD8000DFF8740B06F019FA1021DFF86C0B06F014FA2021DFF8600B06F00FFA4021DFF817
:20ADA000580B06F00AFA8021DFF84C0B06F005FA4FF48071DFF8400B06F0FFF94FF400717A
:20ADC000DFF8340B06F0F9F94FF48051DFF8280B06F0F3F94FF48060ADF8000048208DF8C0
:20ADE000030002208DF802006946DFF80C0B06F036F9DFF8080B06F0EFF87820ADF80000E1
:20AE000010208DF8030002208DF802006946DFF8EC0A06F024F90821DFF8E00A06F0CDF99C
:20AE20001021DFF8D80A06F0C8F92021DFF8CC0A06F0C3F94021DFF8C40A06F0BEF94FF4DB
:20AE4000FC50ADF8000048208DF8030002208DF802006946DFF8A40A06F001F9DFF8A00AC3
:20AE600006F0BAF80F20ADF8000048208DF8030002208DF802006946DFF8840A06F0EFF8CC
:20AE80004FF6F070ADF8000010208DF8030002208DF802006946DFF8680A06F0E0F8102110
:20AEA000DFF85C0A06F089F92021DFF8540A06F084F94021DFF8480A06F07FF98021DFF884
:20AEC000400A06F07AF94FF48071DFF8340A06F074F94FF40071DFF8280A06F06EF94FF4B6
:20AEE0008061DFF81C0A06F068F94FF40061DFF8100A06F062F94FF48051DFF8040A06F048
:20AF00005CF94FF40051DFF8F80906F056F94FF48041DFF8EC0906F050F94FF40041DFF8C1
:20AF2000E00906F04AF9DFF8DC0906F055F8A020ADF8000010208DF8030002208DF802002A
:20AF40006946DFF8C00906F08AF82021DFF8B40906F033F98021DFF8AC0906F02EF90120C8
:20AF6000ADF8000048208DF8030002208DF802006946DFF8900906F072F84FF47F40ADF86D
:20AF8000000048208DF8030002208DF802006946DFF8700906F063F801BD10B50400E4B2AB
:20AFA000012C04D11021DFF8500906F009F9E4B2022C04D10821DFF8400906F001F9E4B2CE
:20AFC000032C09D12021DFF8340906F0F9F82021DFF82C0906F0F4F8E4B2042C09D101213B
:20AFE000DFF8140906F0ECF81021DFF8140906F0E7F8E4B2052C04D14021DFF8040906F0B2
:20B00000DFF8E4B2062C04D18021DFF8F40806F0D7F8E4B2072C04D10821DFF8E00806F007
:20B02000CFF8E4B2082C04D18021DFF8D80806F0C7F8E4B2092C04D10421DFF8BC0806F047
:20B04000BFF8E4B20A2C04D10221DFF8AC0806F0B7F8E4B20B2C04D10121DFF89C0806F010
:20B06000AFF8E4B20C2C04D12021DFF8900806F0A7F8E4B20D2C04D11021DFF8800806F017
:20B080009FF8E4B20E2C04D14021DFF8700806F094F810BD10B50400E4B2012C04D11021E3
:20B0A000DFF8540806F089F8E4B2022C04D10821DFF8440806F081F8E4B2032C09D12021B2
:20B0C000DFF8380806F079F82021DFF8340806F074F8E4B2042C09D10121DFF81C0806F089
:20B0E0006CF81021DFF8180806F067F8E4B2052C04D14021DFF8080806F05FF8E4B2062C76
:20B1000004D18021DFF8F80706F057F8E4B2072C04D10821DFF8E40706F04FF8E4B2082C0E
:20B1200004D18021DFF8DC0706F047F8E4B2092C04D10421DFF8C00706F03FF8E4B20A2C4E
:20B1400004D10221DFF8B00706F037F8E4B20B2C04D10121DFF8A00706F02FF8E4B20C2C17
:20B1600004D12021DFF8940706F027F8E4B20D2C04D11021DFF8840706F01FF8E4B20E2C1E
:20B1800004D14021DFF8740706F01AF810BD38B50400002005002800210080B289B28842BC
:20B1A00005D24FF47A7000F003F86D1CF3E731BD10B4002319000B0004009BB2A4B2A342B8
:20B1C00008D200231A00D2B20A2A01DA521CFAE7491CF0E710BC704710B500200400E4B238
:20B1E000062C0EDA14F10800C0B2FFF7D6FE9620FFF7CDFF14F10800C0B2FFF74BFF641C35
:20B20000EDE710BD704710B5DFF8600A0078002844D1DFF8F00605F0CAFF40F30720C04333
:20B2200000B20400E4B2002C08D10020DFF83C1A48800020DFF8381A087006E0DFF82C0AF4
:20B240004088401CDFF8241A4880DFF8200A4088052816D12000DFF8141A4978C0B28842EE
:20B260000FD0DFF8080A44700120DFF8001A08707820DFF8001A08700020DFF8FC19088033
:20B280000CE0DFF8E8094088B0F5FA7F06DB0020DFF8D8194870DFF8D809047010BD10B5D5
:20B2A00082B000200090DFF8D4090088401CDFF8CC1908804FF40071DFF8400605F06AFFA1
:20B2C000002803D1009850F0010000904FF48071DFF8200605F05EFF002803D1009850F0B2
:20B2E000020000904FF40061DFF8080605F052FF002803D1009850F0040000904FF4805171
:20B30000DFF8F00505F046FF002803D1009850F0080000904FF40041DFF8D80505F03AFF55
:20B32000002803D1009850F010000090DFF8CC0505F03DFF009980B2400980B2C04310F077
:20B34000E00008430090DFF8B80505F030FF009980B2C043000210F4706008430090DFF824
:20B360009C0505F024FF009940F3C110C04300B2000310F440500843009000988004800CA8
:20B38000009000200400E4B2102C13DA2100C9B2684601F0B5FB00280AD0DFF8740BE4B261
:20B3A00030F81400401CDFF8681BE4B221F81400641CE8E7DFF8C40800880C2824DB00200B
:20B3C000DFF8B818088000200400E4B2102C1BDADFF83C0BE4B230F81400062806DB210033
:20B3E000C9B2DFF8300B01F07DFB05E02100C9B2DFF8200B01F068FB0020DFF8141BE4B2C4
:20B4000021F81400641CE0E713BD70B504000D00302000F026FD752000F023FDE4B22000F4
:20B4200080B200F049FD132000F046FD152000F018FDEDB2E80080B200F03EFD9F2000F071
:20B440003BFD5C2000F00DFD00200600F6B2082E08DADFF8F00AF6B2805D80B200F02CFDB7
:20B46000761CF3E7302000F0FCFC752000F0F9FCE4B2601C80B200F01FFD132000F01CFD22
:20B48000152000F0EEFCEDB2E80080B200F014FD9F2000F011FD5C2000F0E3FC00200600B5
:20B4A000F6B2082E09DADFF89C0AF6B23044007A80B200F001FD761CF2E770BD70B50400D7
:20B4C0000D00302000F0CDFC752000F0CAFCE4B2200080B200F0F0FC132000F0EDFC152006
:20B4E00000F0BFFCEDB2E80080B200F0E5FC9F2000F0E2FC5C2000F0B4FC00200600F6B2A0
:20B50000082E04DA002000F0D7FC761CF7E7302000F0A7FC752000F0A4FCE4B2601C80B278
:20B5200000F0CAFC132000F0C7FC152000F099FCEDB2E80080B200F0BFFC9F2000F0BCFCEA
:20B540005C2000F08EFC00200600F6B2082E04DA002000F0B1FC761CF7E770BD2DE9F84368
:20B5600004000D0016001F00DFF8880CF6B231010844B0F500708146302000F072FC7520D5
:20B5800000F06FFCE4B2200080B200F095FC132000F092FC152000F064FCEDB2E80080B2F8
:20B5A00000F08AFC9F2000F087FC5C2000F059FC002080465FFA88F8B8F1080F15DAFFB203
:20B5C000002F08D05FFA88F819F80800C04380B200F072FC06E05FFA88F819F8080080B2D5
:20B5E00000F06AFC18F10108E4E7302000F039FC752000F036FCE4B2601C80B200F05CFC60
:20B60000132000F059FC152000F02BFCEDB2E80080B200F051FC9F2000F04EFC5C2000F00B
:20B6200020FC002080465FFA88F8B8F1080F17DAFFB2002F09D05FFA88F809EB0800007A76
:20B64000C04380B200F038FC07E05FFA88F809EB0800007A80B200F02FFC18F10108E2E733
:20B66000BDE8F1832DE9F84304000D0016001F00DFF8800BF6B231010844B0F500708146B6
:20B68000302000F0EEFB752000F0EBFBE4B2200080B200F011FC132000F00EFC152000F0DF
:20B6A000E0FBEDB2E80080B200F006FC9F2000F003FC5C2000F0D5FB002080465FFA88F85B
:20B6C000B8F1080F15DAFFB2002F08D05FFA88F819F80800C04380B200F0EEFB06E05FFAC4
:20B6E00088F819F8080080B200F0E6FB18F10108E4E7302000F0B5FB752000F0B2FBE4B219
:20B70000601C80B200F0D8FB132000F0D5FB152000F0A7FBEDB2E80080B200F0CDFB9F20CE
:20B7200000F0CAFB5C2000F09CFB002080465FFA88F8B8F1080F17DAFFB2002F09D05FFACF
:20B7400088F809EB0800007AC04380B200F0B4FB07E05FFA88F809EB0800007A80B200F0C7
:20B76000ABFB18F10108E2E7BDE8F1832DE9F04788B004000D0016001F000020814640F24B
:20B780008F108246002080465FFA88F8B8F1200F08DA002069465FFA88F801F8080018F117
:20B7A0000108F1E75046494680B289B28842C0F09D803000DFF8901A1FFA89F931F81910E1
:20B7C00080B2884240F08F80302000F04AFB752000F047FBE4B2200080B200F06DFB13206F
:20B7E00000F06AFB152000F03CFBEDB2E80080B200F062FB9F2000F05FFB5C2000F031FBF1
:20B80000002080465FFA88F8B8F1100F23DAFFB2002F0FD0DFF8340A1FFA89F95FEA491192
:20B8200008445FFA88F810F80800C04380B200F043FB0DE0DFF8140A1FFA89F95FEA491150
:20B8400008445FFA88F810F8080080B200F034FB18F10108D6E7302000F003FB752000F0D0
:20B8600000FBE4B2601C80B200F026FB132000F023FB152000F0F5FAEDB2E80080B200F07A
:20B880001BFB9F2000F018FB5C2000F0EAFA002080465FFA88F8B8F1100F23DAFFB2002F1C
:20B8A0000FD0DFF8A8091FFA89F95FEA491108445FFA88F84044007CC04380B200F0FCFAA3
:20B8C0000DE0DFF888091FFA89F95FEA491108445FFA88F84044007C80B200F0EDFA18F19E
:20B8E0000108D6E702E019F101095BE708B0BDE8F087000000080140000C0140001001408F
:20B9000000140140001801402DE9F84381460C0015005FFA89F95FEA490995F90000002814
:20B920002AD0287800060ED495F9000080466D1C00234246D2B22100C9B24846C0B2FFF7E7
:20B9400091FE641C14E0287806006D1C287807006D1CF6B2300250FA87F080460023424679
:20B9600092B22100C9B24846C0B2FFF7FFFEA41CE4B2142CD1DBFFE7BDE8F1832DE9F84362
:20B9800081460C0015005FFA89F95FEA490995F9000000282AD0287800060ED495F9000083
:20B9A00080466D1C01234246D2B22100C9B24846C0B2FFF757FE641C14E0287806006D1C7E
:20B9C000287807006D1CF6B2300250FA87F080460123424692B22100C9B24846C0B2FFF754
:20B9E000C5FEA41CE4B2142CD1DBFFE7BDE8F1832DE9F84F80468A46150099460A9C5FFA5D
:20BA000088F85FEA48085FFA88F8B8F1140F04DA5FFA8AFABAF1140F00DB48E000208346F3
:20BA200099F90000002842D099F80000000613D499F90000070019F101092300DBB23A0025
:20BA4000D2B25146C9B24046C0B2FFF70BFE1AF1010A1BF1010B1EE099F800008DF8000017
:20BA600019F1010999F80000060019F101099DF80000000250FA86F007002300DBB23A00BF
:20BA800092B25146C9B24046C0B2FFF76FFE1AF1020A1BF1020B58462900C0B2C9B2884247
:20BAA00005D25FFA8AFABAF1140FB9DBFFE7BDE8F18F80B54FF40071DFF8FC0705F07DFB35
:20BAC0000220FFF764FB4FF40071DFF8EC0705F077FBC820FFF75BFB4FF40071DFF8D8076C
:20BAE00005F06BFB8021DFF8D00705F066FBC820FFF74DFB312000F0B4F9D72000F0B1F9A1
:20BB00009F2000F0AEF9E02000F0ABF9002000F0D3F90A20FFF73BFBE32000F0A2F9142047
:20BB2000FFF735FBE12000F09CF9302000F099F9942000F096F9D12000F093F9AE2000F029
:20BB400090F9A62000F08DF9CA2000F08AF9002000F0B2F99F2000F0AFF9002000F0ACF9FC
:20BB6000BC2000F07EF9002000F0A6F9AB2000F078F9002000F0A0F9202000F072F90B2038
:20BB800000F09AF9812000F06CF9DFF83007807880B200F091F9042000F08EF90C2000F0C3
:20BBA00060F9F02000F05DF9102000F085F9762000F057F9312000F054F9322000F051F948
:20BBC000002000F079F9012000F076F9032000F073F9512000F045F9FB2000F06DF9402074
:20BBE00000F03FF9F02000F03CF9032000F064F9072000F061F90C2000F05EF9142000F070
:20BC00005BF9F22000F02DF90F2000F055F9282000F052F95A2000F04FF9F42000F021F9E8
:20BC20006F2000F049F9222000F046F9112000F043F9022000F040F9002000F03DF9322092
:20BC400000F03AF9822000F037F9B62000F034F9302000F006F9AF2000F003F900210020D1
:20BC600000F00EF80E20FFF798F901BD14640020E4640020DF64002074640020526400202A
:20BC8000F8B504000D00302000F0EBF8752000F0E8F8002000F010F9132000F00DF91520E7
:20BCA00000F0DFF8002000F007F99F2000F004F95C2000F0D6F800200600F6B2142E12DACB
:20BCC00000200700FFB2502F0BDAE4B2200080B200F0F2F8EDB2280080B200F0EDF87F1CFD
:20BCE000F0E7761CE9E70A20FFF751FAF1BD80B5312000F0B6F8D72000F0B3F89F2000F08D
:20BD0000B0F8E02000F0ADF8002000F0D5F80A20FFF73DFAE32000F0A4F81420FFF737FAC8
:20BD2000E12000F09EF8302000F09BF8942000F098F8D12000F095F8AE2000F092F8A620F9
:20BD400000F08FF8CA2000F08CF8002000F0B4F89F2000F0B1F8002000F0AEF8BC2000F078
:20BD600080F8002000F0A8F8AB2000F07AF8002000F0A2F8202000F074F80B2000F09CF879
:20BD8000812000F06EF8DFF83405807880B200F093F8042000F090F80C2000F062F8F020D5
:20BDA00000F05FF8102000F087F8762000F059F8312000F056F8322000F053F8002000F09A
:20BDC0007BF8012000F078F8032000F075F8512000F047F8FB2000F06FF8402000F041F854
:20BDE000F02000F03EF8032000F066F8072000F063F80C2000F060F8142000F05DF8F2202B
:20BE000000F02FF80F2000F057F8282000F054F85A2000F051F8F42000F023F86F2000F0C8
:20BE20004BF8222000F048F8112000F045F8022000F042F8002000F03FF8322000F03CF8E6
:20BE4000822000F039F8B62000F036F8302000F008F8AF2000F005F800210020FFF710FFE9
:20BE600001BD10B504004FF48071DFF84C0405F0A7F92021DFF8400405F0A2F9DFF8400444
:20BE800005F098F900F0FF0050EA042189B2DFF8300405F098F94021DFF81C0405F090F92C
:20BEA0004021DFF8140405F088F94FF48071DFF8080405F082F910BD10B504004FF480716B
:20BEC000DFF8F40305F07CF92021DFF8EC0305F074F9DFF8EC0305F06DF900F0FF0050EA77
:20BEE000042189B2DFF8D80305F06DF94021DFF8C80305F065F94021DFF8BC0305F05DF93D
:20BF00004FF48071DFF8B00305F057F910BD00007C6000208463002080B545F2555005F048
:20BF200087FB042005F088FB4FF4C86005F088FB05F08AFB05F08DFB01BD80B505F084FBA2
:20BF400001BDFEE790DD010800B585B044F2506002900120ADF800000020ADF80C000020AF
:20BF6000019000208DF80E0069465FF0804005F07BFB44F6206002901120ADF80000002012
:20BF8000ADF80C000020019000208DF80E006946DFF8340305F068FB01215FF0804005F051
:20BFA000BAFB0121DFF8200305F0B5FB012201215FF0804005F0A4FB01220121DFF80803FC
:20BFC00005F09EFB01215FF0804005F0B2FB0121DFF8F40205F0ADFB0020DFF8F012087003
:20BFE00001215FF0804005F07DFB0121DFF8D80205F078FB05B000BD00B585B0002000905C
:20C0000001208DF8040003208DF805005FF4602002900020039000208DF810006946DFF876
:20C02000B00205F0B5FB0321DFF8A40205F06AFC022301220321DFF8980205F00AFC0223B0
:20C0400002220421DFF8880205F003FC022303220521DFF87C0205F0FCFB4FF4E041DFF856
:20C06000700205F0EEFB0020009001208DF8040003208DF805005FF4602002900020039051
:20C0800000208DF810006946DFF8480205F080FB0321DFF8400205F035FC022301220621D9
:20C0A000DFF8300205F0D5FB022302220721DFF8240205F0CEFB022303220A21DFF8140224
:20C0C00005F0C7FB4FF4E041DFF8080205F0B9FB0020009001208DF8040003208DF80500B4
:20C0E0005FF4602002900020039000208DF810006946DFF8E40105F04BFB0321DFF8D801F9
:20C1000005F000FC022301220021DFF8CC0105F0A0FB022302220121DFF8BC0105F099FB09
:20C12000022303220221DFF8B00105F092FB4FF4E041DFF8A40105F084FB0121DFF89001AA
:20C1400005F050FB012005F0ECFBDFF8840105F056FBDFF87C0105F057FB0028F9D1DFF89C
:20C16000700105F05DFBDFF8680105F05EFB0028F9D10121DFF85C0105F034FBDFF85401DB
:20C1800005F03DFBDFF84C0105F03EFB0028F9D1DFF8400105F044FBDFF8380105F045FB9D
:20C1A0000028F9D10121DFF8300105F01BFBDFF8280105F024FBDFF8200105F025FB00280F
:20C1C000F9D1DFF8140105F02BFBDFF80C0105F02CFB0028F9D105B000BD80B502F005FFFF
:20C1E000DFF8F80003F0C8F80020DFF8F410087001BD0000E0AF010880B5304802F0D3FB87
:20C200002E4800785A2815D12C484078000702D50420FEF7C2FE29488078102803DB2748F7
:20C22000807839280FDB282024498870234802F0C3FB08E05A202149087028201F49887007
:20C240001E4802F0B9FB01BD68C30108084601085221244A11700021224A517000210800B0
:20C26000C0B204280DDA20211E4AC0B202EB4002917000211B4AC0B202EB4002D170401C2A
:20C28000EEE72021184A1170704700210D4A117200210800C0B204280CDA2021094AC0B240
:20C2A00002F810100021074AC0B202EB40025170401CEFE770470000000C014010640020C6
:20C2C000001401400459002000040040E66400200024014000280140003C01408C63002084
:20C2E000E3640020C8560020E462002030B4FF23FF240D00691EADB2002D10D005786B40E2
:20C30000401CDBB21A00DFF8F05392B2AD5C65402B00DFF8E85392B2AD5C2C00E9E7037015
:20C32000447030BC70472DE9F44F2DED028B82B004008A461D00B0EE408A0E9E0020804689
:20C34000002081460FFA8AFA1AF1D7004FF4807190FBF1F201FB120A00200700FFB2282F9E
:20C3600027DA0FFA8AFA34F91A0083461AF1020A0AF0FF0A0FFA8AFA34F81A00BBEB000B81
:20C38000FFB2BFB27800ADF80000DFF87403BDF8001000EB4100B0F902001BFB0088DFF8FF
:20C3A0006003BDF8001030F911001BFB0099BF1CD4E75FEA28385FEA293900EE108AB8EE54
:20C3C000C00A20EE080ABDEEC00A10EE108A00EE109AB8EEC00A20EE080ABDEEC00A10EECB
:20C3E000109AC5F80480C5F8089009FB09F008FB08000190019800F0DFFA306002B0BDEC17
:20C40000028BBDE8F18F884201D3401A00E0081A7047F8B504000D0016001F00606869682D
:20C42000401A7060A068A968401AB060B168706800F08CFA3860F1BD2DE9F84F81468B46AD
:20C4400092465FF00008002004001FFA8BFB1BF1B0004FF4807190FBF1F201FB1200060078
:20C4600000200700BFB2502F0BDA761CB6B2FF2E01DD00200600B6B239F9160024187F1C0E
:20C48000F0E7502094FBF0F0DFF8C8155FFA8AFA41F82A001FFA8BFB1BF1D7004FF480713C
:20C4A00090FBF1F201FB1200060000200700BFB2282F14DAB6B239F916000500DFF89405F8
:20C4C0005FFA8AFA50F82A002D1A05FB0588761CB6B2FF2E01DD002006007F1CE7E740461F
:20C4E00000F06AFA05F036FADFF86C25DFF86C3505F048FA05F02EFB009000980B2801D260
:20C50000002000900098BDE8F28F2DE9F84F8246894690461C000025BDF92800D7304FF47A
:20C52000807190FBF1F201FB1200060000200700BFB2282F38DA9DF82C00002815D0B6B251
:20C540003AF91600DFF80C155FFA89F951F82910401AB6B238F916104018DFF8F814E4B253
:20C5600051F82410401A834614E0B6B23AF91600DFF8E0145FFA89F951F82910401AB6B28C
:20C5800038F91610401ADFF8CC14E4B251F82410081883460BFB0B55761CB6B2FF2E01DDCC
:20C5A000002006007F1CC3E7280000F005FA05F0D1F9DFF8A424DFF8A43405F0E3F905F026
:20C5C000C9FA009000980B2801D2002000900098BDE8F28FF8B50400002005000020060000
:20C5E0002800DFF87C140978C0B2884232D22068062805D36068002805D1A068002802D194
:20C600000020E06023E0A16809B2606800B200F022F8E060F6B2002E03D1FF200600E06818
:20C620000700E0683FB2C01B022190FBF1F0E060E068B52803DBE068B0F5B470E060E06874
:20C6400010F1B40F03DAE06810F5B470E0606D1C1034C5E7F1BD30B4020012B2130009B2E9
:20C660000C00002B00D55B42002C00D56442052B03DA052C01DA00203CE0002B03D147F6D9
:20C68000FF70030005E04FF4807000FB04F090FBF3F3002005002DB2B42D09DADFF8C4034A
:20C6A0002DB230F8150004009C4201DA6D1CF2E712B2002A02D409B2002919D512B2012ABA
:20C6C00005DA09B2002902D4D5F5B47510E012B2012A05DA09B2012902DAB5F5B47507E095
:20C6E00012B2002A04D409B2012901DA2DB26D42280000B230BC7047ECCE0108ECCF010822
:20C700006CD201082DE9FF4F020000200300002004000020050000200600002081460020D3
:20C72000804609B211F193004FF4807190FBF1FB01FB1B01002082460FFA8AFABAF16C0F85
:20C7400063DA09B232F911008646491C09B2FF2901DD002001000FFA8EFEBEF11E0F01DB45
:20C7600018F101081BB2002B02D024B2002C20D10FFA8EFEBEF1000F07D41BB2002B04D1EF
:20C7800024B2002C01D1012003000FFA8EFEBEF1000F0BD51BB2002B08D024B2002C05D1C6
:20C7A00001200400ADF80EE0D1462BE0ADF80AE028E02DB2002D02D036B2002E21D10FFA19
:20C7C0008EFEBEF1000F07D42DB2002D04D136B2002E01D1012005000FFA8EFEBEF1000FF2
:20C7E0000CD52DB2002D09D036B2002E06D101200600ADF80CE0BAEB090903E0ADF808E0A7
:20C8000000E002E01AF1010A96E7BDF90A00BDF90EB0B0EB0B0000282FD0BDF90800BDF94E
:20C820000CB0B0EB0B00002827D0BDF90A005FF4803B0BFB00F00090BDF90AB0BDF90E00EF
:20C84000BBEB0000DDF800B09BFBF0F00190BDF908B05FF4803000FB0BF00090BDF908B041
:20C86000BDF90C00BBEB0000DDF800B09BFBF0F0DDF804B0BBEB000007000FFA89F95FF441
:20C88000803000FB09F0C71BDFF8E407BF1190FBF7F7DFF8E007DFF8E0B79BF800B040F860
:20C8A0002B70DFF8D4070078401CDFF8CCB78BF80000DFF8C407007810F00700DFF8B8B713
:20C8C0008BF80000DFF8AC070068DFF8A8B7DBF804B01BEB0000DFF89CB7DBF808B01BEB65
:20C8E0000000DFF890B7DBF80CB01BEB0000DFF884B7DBF810B01BEB0000DFF878B7DBF801
:20C9000014B01BEB0000DFF86CB7DBF818B01BEB0000DFF860B7DBF81CB01BEB0000C0104F
:20C920008446BCF57A6F03DB41F27170844501DB002008E00FFA88F8B8F1020F01DA0020B6
:20C9400001E0604600B204B0BDE8F08FF0B40200002A00D55242002900D54942002A01D108
:20C96000080027E0002901D1100023E0914202DA14000D0001E00C00150000200600B5F5F8
:20C98000A04F03D964086D08761CF8E705FB05F005277843032707FB04575FF0030C0CFBB2
:20C9A00007F7B0FBF7F000190300B6B2002E00D0B3401800F0BC704730B40100012901DA0D
:20C9C000080021E00A0000200300500002D452005B1CFAE7112B02DBFF20040004E04FF6EC
:20C9E000FF705D10284104000A001214A24201DB200009E091FBF4F00200A24201DB2000A3
:20CA000002E010194410EFE730BC7047020001FB01F002FB02000300DFF86006834203DA6E
:20CA2000DFF85C06834201DA002010E0002904D5484292FBF0F0030004E0012902DB92FB99
:20CA4000F1F003000B2B01DA002000E00120704700000000CC610020986E1283C0CAF13F67
:20CA6000AEF4000828CC010838B504000D002088002806D02088401E20802088002800D124
:20CA8000A84731BD30B4002423001C001500E4B2EDB2AC4206D291F900400470491C401C63
:20CAA0005B1CF2E730BC704710B400231A0013000C009BB2A4B2A34204D200230370401C13
:20CAC000521CF4E710BC704710B4C9B2CA10825C012311F00704A3409A43C9B2CB10C25437
:20CAE00010BC704710B4C9B2CA10825C012311F00704A3401A43C9B2CB10C25410BC70475D
:20CB00000200C9B2C810105C11F00703C0B2D840C00701D5FF2000E00020704730B4010067
:20CB2000C9B20A2491FBF4F4E4B224012200C9B20A2491FBF4F504FB151423009C182000BE
:20CB4000C0B230BC704730B40300180004000D00A4B2ADB2AC4200D2080004001500A4B2C4
:20CB6000ADB2AC4200D2100080B230BC7047C0B20A2802DA3030C0B201E03730C0B27047EE
:20CB800038B504000D00E4B2642094FBF0F100FB11400A2190FBF1F0C0B2FFF7E8FF287043
:20CBA0006D1CE4B2642094FBF0F100FB11400A2190FBF1F201FB1200C0B2FFF7D8FF287098
:20CBC00031BD38B504000D00A4B24FF4805094FBF0F0C0B2FFF7CBFF28706D1CA4B24FF4A5
:20CBE000805094FBF0F100FB11404FF4807190FBF1F0C0B2FFF7BBFF28706D1CA4B24FF42D
:20CC0000805094FBF0F100FB11404FF4807190FBF1F201FB1200102190FBF1F0C0B2FFF7D3
:20CC2000A6FF28706D1CA4B24FF4805094FBF0F100FB11404FF4807190FBF1F201FB120059
:20CC4000102190FBF1F201FB1200C0B2FFF78FFF287031BD38B504000D00E4B24FF48070E4
:20CC600094FBF0F100FB1140102190FBF1F0C0B2FFF77DFF28706D1CE4B24FF4807094FBFE
:20CC8000F0F100FB1140102190FBF1F201FB1200C0B2FFF76CFF287031BD38B504000D0063
:20CCA000A4B24FF47A7094FBF0F100FB1140642190FBF1F0C0B2FFF75AFF28706D1CA4B20C
:20CCC0004FF47A7094FBF0F100FB1140642190FBF1F201FB12000A2190FBF1F0C0B2FFF76B
:20CCE00046FF28706D1CA4B24FF47A7094FBF0F100FB1140642190FBF1F201FB12000A2163
:20CD000090FBF1F201FB1200C0B2FFF730FF287031BD70B582B004000E0000208DF801006B
:20CD20009DF801008DF80000A4B24FF47A7094FBF0F00500ADB20A2D42DAA4B24FF47A70AC
:20CD400094FBF0F0C0B2FFF712FF3070761CA4B24FF47A7094FBF0F100FB1140642190FB6A
:20CD6000F1F0C0B2FFF703FF3070761CA4B24FF47A7094FBF0F100FB1140642190FBF1F204
:20CD800001FB12000A2190FBF1F0C0B2FFF7EFFE3070761CA4B24FF47A7094FBF0F100FB79
:20CDA0001140642190FBF1F201FB12000A2190FBF1F201FB1200C0B2FFF7D9FE307044E077
:20CDC00069462800C0B2FFF7DBFE9DF900003070761C9DF901003070761CA4B24FF47A7027
:20CDE00094FBF0F100FB1140642190FBF1F0C0B2FFF7BDFE3070761CA4B24FF47A7094FB1F
:20CE0000F0F100FB1140642190FBF1F201FB12000A2190FBF1F0C0B2FFF7A9FE3070761C0C
:20CE2000A4B24FF47A7094FBF0F100FB1140642190FBF1F201FB12000A2190FBF1F201FB1D
:20CE40001200C0B2FFF793FE307073BDC0B23A2802DB3738C0B201E03038C0B27047F8B546
:20CE600004000D002000C0B2FFF7F0FF0600F6B20A272800C0B2FFF7E9FF07FB0600C0B259
:20CE8000F2BD70B504002078FFF7E0FF05006078FFF7DCFF0600A078FFF7D8FFEDB24FF4D2
:20CEA0007A7115FB01F1F6B2642216FB0211C0B20A2210FB0215E078FFF7C8FF55FA80F09F
:20CEC00080B270BD70B504002078FFF7BFFF05006078FFF7BBFF0600A078FFF7B7FFEDB288
:20CEE0004FF4805115FB01F1F6B24FF4807216FB0211C0B280B211EB0015E078FFF7A6FF73
:20CF000055FA80F080B270BD70B504000D002000C0B2FFF79BFFC0B206012800C0B2FFF792
:20CF200095FF56FA80F0C0B270BD10B4010089B211F00F0289B211F0F003102493FBF4F314
:20CF40000A2404FB0322100089B211F470624FF4807392FBF3F264235A4312FA80F089B2DA
:20CF600011F470424FF4805392FBF3F24FF47A7303FB020080B210BC704730B4010011F0A7
:20CF80000F042200C9B211F0F004102594FBF5F40A256C4323009C182000C0B230BC704755
:20CFA00030B40100C9B2642901DB992015E00B00DBB2642093FBF0F400FB1433DBB20A2073
:20CFC000DBB20A2493FBF4F413EB041493FBF0F500FB154002001000C0B230BC704710B45C
:20CFE00001000A0092B24FF47A7392FBF3F34FF4805413FB04F3180092B24FF47A7392FB0A
:20D00000F3F403FB142292B2642392FBF3F34FF48074634313FA80F092B2642392FBF3F41E
:20D0200003FB142292B20A2392B20A2492FBF4F4240114FA80F0101892FBF3F403FB140013
:20D0400080B210BC704730B4020000242000002423001C000D00E4B2EDB2AC4205D21478FB
:20D0600050FA84F0521C5B1CF3E780B230BC70470000350C54620020ED64002091C9190063
:20D08000107A0700F8B504000D004FF6FF77002006003000290080B289B288420BD23A00B9
:20D0A00092B24AF20101B6B2A05D80B200F03CF80700761CEDE7380080B2F2BDF8B50400FC
:20D0C0000D000027002006003000290080B289B288420BD23A0092B24AF20101B6B2A05D68
:20D0E00080B200F021F80700761CEDE7380080B2F2BDF8B504000D0016000020070038003C
:20D10000290080B289B288420BD2320092B24AF20101BFB2E05D80B200F006F806007F1CAF
:20D12000EDE7300080B2F2BD10B4030010005B0008242200D2B2002A0FD09BB25B089BB200
:20D1400080B290EA0304E40703D580B291EA500001E080B24008521EECE780B210BC704709
:20D1600002001078491E521C89B2002904D013781818491E521CF7E7C0B2704738B5DFF8BD
:20D18000900B0500286880B2DFF8881B0860DFF8840B0068DFF8801B0968884266D000207A
:20D1A0000400E4B2102C61DADFF8680B0068E04010F00100C0B2002826D0DFF85C0B006855
:20D1C000E04010F00100C0B200281DD1DFF8480B00680121A1400843DFF83C1B086021000F
:20D1E000C9B2DFF8380BDFF8342B127A0A235A4310440A3000F0CEFCDFF8240B007850F008
:20D200000400DFF81C1B0870DFF8080B0068E04010F00100C0B2002826D1DFF8FC0A00683B
:20D22000E04010F00100C0B200281DD0DFF8E80A00680121A1408843DFF8DC1A08602100F1
:20D24000C9B2DFF8D80ADFF8D42A127A0A235A4310440A3000F09EFCDFF8C40A007850F0FA
:20D260000400DFF8BC1A0870641C9AE7DFF8B40A0068DFF8B41A0968884252D00020040061
:20D28000E4B2102C4DDADFF89C0A0068E04010F00100C0B2002822D0DFF88C0A0068E0400E
:20D2A00010F00100C0B2002819D1DFF87C0A00680121A1400843DFF8701A08602100C9B271
:20D2C000DFF8680ADFF8642A5278120110440A3000F070F9FF212000C0B200F0FFFBDFF869
:20D2E000440A0068E04010F00100C0B2002816D1DFF8340A0068E04010F00100C0B200289E
:20D300000DD0DFF8240A00680121A1408843DFF8181A086000212000C0B200F0DFFB641C87
:20D32000AEE7DFF80C0A0068DFF8081A0968884255D000200400E4B2102C50DADFF8F009BA
:20D340000068E04010F00100C0B2002824D0DFF8E4090068E04010F00100C0B200281BD1E3
:20D36000DFF8D00900680121A1400843DFF8C419086014F12001C9B2DFF8B009DFF8AC294E
:20D380005278120110440A3000F0B3F8FF2114F12000C0B200F032FBDFF894090068E040B7
:20D3A00010F00100C0B2002817D1DFF888090068E04010F00100C0B200280ED0DFF874092D
:20D3C00000680121A1408843DFF868190860002114F12000C0B200F011FB641CABE7DFF8BA
:20D3E0004409006840084000002811D0DFF84809007800280CD10120DFF83C1908702F212D
:20D40000DFF80C09FFF76EFBFF210F2000F066FBDFF810090068002825D1DFF81C09007837
:20D42000002820D0DFF81409006843F69921884211D30020DFF8041908600020DFF8F81854
:20D4400008702F21DFF8C808FFF73EFB00210F2000F044FB0BE0DFF8E4080068401CDFF866
:20D46000DC18086003E00020DFF8D0180860DFF8B0080078800710D5DFF8B008407ADFF893
:20D48000AC184978884233D1DFF89408007810F0FD00DFF88C1808702AE0DFF88408007879
:20D4A000400710D5DFF87408C079DFF87018097A88421DD1DFF86808007810F0FB00DFF889
:20D4C0006018087014E0DFF85808007800070FD5DFF86C08C079DFF86818097A884207D1CE
:20D4E000DFF83C08007810F0F700DFF83418087031BD70B504000D0014F10800DFF84418A3
:20D50000082201F067FA28206070A5704D2020700020E070DFF814084078401C232190FB1F
:20D52000F1F201FB1200DFF80418487000200600F6B2042E35DADFF8F407F6B200EB460095
:20D54000807852281CD1DFF8E4074078DFF8DC17F6B201EB4601C978884211D1DFF8CC07B6
:20D56000F6B200EB4600C078401C232190FBF1F201FB1200DFF8B417F6B201EB4601C870C9
:20D58000DFF8A807F6B200EB46008078202806D15220DFF89817F6B201EB46018870761CB8
:20D5A000C6E7DFF87C07007850F00200DFF87017087070BD2DE9F84304000D0014F1080038
:20D5C000DFF88017082201F005FA27206070A570002081464846DFF870170978C0B2884207
:20D5E00010D22800DFF8641709685FFA89F9142202FB09F2895CC0B2884200D1C84619F14B
:20D600000109E7E7DFF8440700685FFA88F8142101FB08F10844807CE070E0780600F6B207
:20D62000002E00F08F810020814648463100C0B2C9B2884280F08681DFF8100700685FFA39
:20D6400088F8142101FB08F108445FFA89F94844C07C5FFA89F904EB890108715FFA89F989
:20D6600004EB890000790700FFB23800072823D00D287AD00E2800F009810F2800F0CC8005
:20D68000102800F0E680112800F01D8112284FD0142811D0192800F0A2801A2800F0828038
:20D6A000252800F01F812B2800F03A812C2800F028812D281FD042E1DFF894060088B0F59D
:20D6C000004F07DB47F6FF705FFA89F904EB8901C88007E0DFF8780600885FFA89F904EB43
:20D6E0008901C880DFF86C0600785FFA89F904EB8901487123E1DFF858060088B0F5004FD5
:20D7000007DB47F6FF705FFA89F904EB8901C88007E0DFF83C0600885FFA89F904EB890103
:20D72000C88000205FFA89F904EB8901487106E1DFF81C068089B0F5004F07DB47F6FF7009
:20D740005FFA89F904EB8901C88007E0DFF8000680895FFA89F904EB8901C88000205FFA4B
:20D7600089F904EB89014871E9E0DFF8E4054089B0F5004F07DB47F6FF705FFA89F904EB57
:20D780008901C88007E0DFF8C80540895FFA89F904EB8901C88000205FFA89F904EB890153
:20D7A0004871CCE0DFF8A805808AB0F5004F07DB47F6FF705FFA89F904EB8901C88007E071
:20D7C000DFF88C05808A5FFA89F904EB8901C88000205FFA89F904EB89014871AFE0DFF8A8
:20D7E0007005C08AB0F5004F07DB47F6FF705FFA89F904EB8901C88007E0DFF85405C08AEB
:20D800005FFA89F904EB8901C88000205FFA89F904EB8901487192E0DFF83405008AB0F58E
:20D82000004F07DB47F6FF705FFA89F904EB8901C88007E0DFF81805008A5FFA89F904EB40
:20D840008901C88000205FFA89F904EB8901487175E0DFF8FC04C089B0F5004F07DB47F641
:20D86000FF705FFA89F904EB8901C88007E0DFF8E004C0895FFA89F904EB8901C8800020F6
:20D880005FFA89F904EB8901487158E0DFF8C004408AB0F5004F07DB47F6FF705FFA89F981
:20D8A00004EB8901C88007E0DFF8A404408A5FFA89F904EB8901C88000205FFA89F904EBF1
:20D8C000890148713BE0DFF8880440885FFA89F904EB8901C88000205FFA89F904EB8901AF
:20D8E00048712CE0DFF86804C0885FFA89F904EB8901C88000205FFA89F904EB890148710F
:20D900001DE0DFF84C0480885FFA89F904EB8901C88000205FFA89F904EB890148710EE024
:20D92000DFF82C0400895FFA89F904EB8901C88000205FFA89F904EB89014871FFE719F19E
:20D94000010972E64D202070DFF8E0034078401C232190FBF1F201FB1200DFF8D013487068
:20D96000002081465FFA89F9B9F1040F3CDADFF8BC035FFA89F900EB4900807852281FD10B
:20D98000DFF8A8034078DFF8A4135FFA89F901EB4901C978884213D1DFF890035FFA89F97A
:20D9A00000EB4900C078401C232190FBF1F201FB1200DFF878135FFA89F901EB4901C87034
:20D9C000DFF868035FFA89F900EB49008078202807D15220DFF854135FFA89F901EB49011D
:20D9E000887019F10109BDE7DFF83403007850F00200DFF82C130870BDE8F1832DE9F041C1
:20DA000004000D00002007003800DFF83C130978C0B288420ED22000DFF830130968FFB277
:20DA2000142202FB07F2895CC0B2884200D1B8467F1CE9E7C54800685FFA88F8142101FBE0
:20DA400008F10844407C0600F6B2FF2E3ED0F6B2302E3BDBF6B2402E38DAEDB2002D17D0E5
:20DA60003100C9B2AA48FFF73DF83F21A848FFF739F8B9488078A64989790843B64988703A
:20DA8000B548C078A249C9790843B349C87008E03100C9B29E48FFF717F83F219C48FFF7EC
:20DAA00013F83100C9B29D489C4A127A0A235A4310440A3000F06EF83F219848974A127AFD
:20DAC0000A235A4310440A3000F064F89448007850F0040092490870BDE8F0812DE9F0415A
:20DAE00004000D0000200700380097490978C0B288420DD2200095490968FFB2142202FBE7
:20DB000007F2895CC0B2884200D1B8467F1CEBE78E4800685FFA88F8142101FB08F1084422
:20DB2000407C0600F6B2FF2E2CD0F6B2202E29DBF6B2302E26DAEDB2002D13D03100C9B2F7
:20DB40007348FEF7CFFF8448007871490979084381490870804840786D49497908437E4930
:20DB6000487004E03100C9B26948FEF7ADFF3100C9B26A48694A127A0A235A4310440A3016
:20DB800000F008F86648007850F0040064490870BDE8F08170B504000D002900C9B25C4872
:20DBA000FEF7AEFF5D495D4A127A0A235A43114488725A485949097A0A22514308440C30C2
:20DBC0006049082200F006FF54485449097A0A2251430844C5725148007A401C232190FB40
:20DBE000F1F201FB12004D49087202205B49087000200600F6B2042E2BDA4848F6B210F8A1
:20DC00001600522818D14548007A4449F6B201EB4601497888420FD14048F6B200EB460050
:20DC20004078401C232190FBF1F201FB12003B49F6B201EB460148703848F6B210F81600B3
:20DC4000202804D152203549F6B201F81600761CD0E770BD70B504000D0039483849097ACF
:20DC60000A2251430844857235483549097A0A22514308440C303349082200F0ABFE304824
:20DC80002F49097A0A2251430844C4722C48007A401C232190FBF1F201FB12002849087252
:20DCA00000200600F6B2042E2BDA2548F6B210F81600522818D12248007A2149F6B201EBE7
:20DCC0004601497888420FD11D48F6B200EB46004078401C232190FBF1F201FB120018491F
:20DCE000F6B201EB460148701548F6B210F81600202804D152201249F6B201F81600761C3B
:20DD0000D0E70748007850F008000549087070BD8463002004640020CC63002004590020EF
:20DD2000E2640020FC630020C4630020C856002000640020C8630020D3640020D063002000
:20DD40006C5A00208C630020D5640020DC630020A4620020EC64002008640020EB64002085
:20DD600080B5AB20DFF8201B08806420DFF8181B48805520DFF8101B88800020DFF8081B1A
:20DD8000C8800020DFF8001B08810020DFF8F81A48810020DFF8F01A88820020DFF8E81ACA
:20DDA000C8600020DFF8E01A0861012000F08EF801BD2DE9F043B3B00027DFF8CC0A804646
:20DDC000DFF8C80A0500DFF8C80A0088060000200700320092B22900684602F0C7FE9DF89E
:20DDE00000009DF8011050EA01200400A4B2AB2C17D0FFF7B5FF7F1CFFB2032F45D1DFF8F5
:20DE0000940A008850F01000DFF8881A0880DFF8880A006850F00200DFF87C1A0860002083
:20DE200051E03000811E89B26846FFF747F90400A4B2002C11D020006946314411F8021CF1
:20DE4000C0B2884209D1200080B2000A6946314411F8011CC0B2884215D07F1CFFB2032F67
:20DE600013D1DFF8300A008850F01000DFF8241A0880DFF8240A006850F00200DFF8181A80
:20DE8000086000201FE000200700FFB2002FA0D1002081465FFA89F9B1450BD268465FFAE7
:20DEA00089F910F8090088F8000018F1010819F10109EFE7DFF8E409DFF8CC1991EC060B45
:20DEC00080EC060B012033B0BDE8F0832DE9F047B2B00400DFF8B0090600DFF8B00980460A
:20DEE000DFF8AC0900888146B9F1020189B23000FFF7E4F882461FFA89F906EB090000F808
:20DF000002AC504680B2000A1FFA89F906EB090101F8010CE4B2002C09D1DFF88009DFF812
:20DF2000681991EC060B80EC060B01203EE0002005004A4692B24146300002F0F4FE4A46F2
:20DF400092B24146684602F011FEB9F1020189B26846FFF7B3F80700380069461FFA89F987
:20DF6000494411F8021CC0B288420BD1380080B2000A69461FFA89F9494411F8011CC0B2F2
:20DF8000884205D06D1CEDB2032D03D100200DE000200500EDB2002DCBD1DFF80009DFF865
:20DFA000E81891EC060B80EC060B012032B0BDE8F087F8B50400E4B2002C00F08380E4B23B
:20DFC000012C14D1A620DFF8D81808800020DFF8D01888700020DFF8C81808710020DFF8FC
:20DFE000C01848710120DFF8B818C8706AE0E4B2022C05D0E4B2032C02D0E4B2042C19D166
:20E00000E4B2022C0BD1A620DFF8981808700020DFF890184880DFF88C080600FFE7361D8A
:20E0200000200500EDB2102D4CDAA5203070761C6D1CF7E7E4B2082C24D1A620DFF868187F
:20E0400008800520DFF8601888700220DFF85818C8700120DFF8501808710020DFF84818FB
:20E0600048710020DFF8401888710020DFF83818C8710020DFF8301808720020DFF828182F
:20E0800048721FE0E4B2092C1CD1A620DFF81C180880DFF818080700BF1C00200500EDB219
:20E0A000162D05DA40F2C4403880BF1C6D1CF6E740F2CE30DFF8F417C8857FF00700DFF863
:20E0C000EC1708862000C0B200F00AF9F1BD2DE9F04F9BB00400E4B2012C0BD1DFF8C0079B
:20E0E00007004FF44040ADF80000DFF8C4070078050025E0E4B2022C09D1DFF8A807070062
:20E100004FF4E040ADF800000A20050018E0E4B2082C09D1DFF8900707004FF40040ADF88F
:20E1200000000C2005000BE0E4B2092C08D1DFF87C0707004FF43040ADF80000342005000D
:20E14000E4B2002C54D02A0092B2BDF8001001A802F00CFD9DF80400A62805D02000C0B234
:20E16000FFF727FF0020B8E02800811E89B201A8FEF7A4FF8346584601A9294411F8021CE3
:20E18000C0B2884209D1584680B2000A01A9294411F8011CC0B288421AD0E4B2092C17D07A
:20E1A0002000C0B2FFF705FF00200600DFF8E406008850F01000DFF8DC160880DFF8D8060E
:20E1C000006850F00200DFF8D0160860002084E0002080465FFA88F8A84509D201A85FFA63
:20E1E00088F810F8080038707F1C18F10108F1E7E4B2092C42D100208246DFF8B806814640
:20E20000002080465FFA88F8B8F1160F16DAB9F8000040F68911884205DAB9F8000040F274
:20E220006221884205DA40F2C440A9F800000120824619F1020918F10108E3E7DFF86C06B8
:20E24000B0F93010DFF86406B0F92E00FEF7DEFB00280BD140F2CE30DFF85016C8857FF0C2
:20E260000700DFF848160886012082461FFA8AFABAF1000F02D00920FFF79BFEE4B2012C47
:20E2800007D1DFF83406DFF81816082200F0A2FB1FE0E4B2022C07D1DFF82006DFF8041650
:20E2A0000A2200F097FB14E0E4B2082C07D1DFF81006DFF8F4150C2200F08CFB09E0E4B229
:20E2C000092C06D1DFF8FC05DFF8E015342200F081FB012006003000C0B21BB0BDE8F08F14
:20E2E0002DE9F04F99B004000026E4B2012C0AD1DFF8AC0507004FF440408046DFF8B00514
:20E300000078814622E0E4B2022C08D1DFF8940507004FF4E04080460A20814616E0E4B202
:20E32000082C08D1DFF8800507004FF4004080460C2081460AE0E4B2092C07D1DFF86C055C
:20E3400007004FF43040804634208146B9F1020189B23800FEF7B2FE82461FFA89F907EB08
:20E36000090000F802AC504680B2000A1FFA89F907EB090101F8010C002005004A4692B286
:20E380001FFA88F84146380002F0CDFC0120FCF7FEFE4A4692B21FFA88F84146684602F0C6
:20E3A000E5FBB9F1020189B26846FEF787FE8346584669461FFA89F9494411F8021CC0B296
:20E3C00088420BD1584680B2000A69461FFA89F9494411F8011CC0B2884205D06D1CEDB287
:20E3E000032D03D1002031E000200500EDB2002DC4D1E4B2012C07D1DFF8BC04DFF8A014A5
:20E40000082200F0E7FA1FE0E4B2022C07D1DFF8AC04DFF890140A2200F0DCFA14E0E4B2E8
:20E42000082C07D1DFF89804DFF87C140C2200F0D1FA09E0E4B2092C06D1DFF88804DFF848
:20E440006C14342200F0C6FA3000C0B219B0BDE8F08FF8B50400DFF870040700002006007E
:20E460003000DFF86814097880B289B2884217D2002005002800DFF85814B6B24FF4B27219
:20E4800002FB06F21144497C80B289B2884205D220883880A41CBF1C6D1CEBE7761CDFE7B1
:20E4A000DFF83004DFF82014202200F093FAF1BD2DE9F04F83B00400FF2005004FF4C040E6
:20E4C000FCF7F0FB814646F20100FCF7EBFBC0438DF80400DFF8000400F053FADFF8F8030F
:20E4E000DFF8F413097808444078A5280CD148469DF80410C0B2884206D1DFF8DC03007897
:20E50000022801DA00200500EDB2002D58D00020DFF8C4130870A520DFF8BC134870012053
:20E5200080461FFA88F8B8F1020F09DA5A20DFF8A8131FFA88F84144487018F10108F0E714
:20E5400045F6A5214FF4C040FCF7B7FB4FF4C040FCF7A8FB82465FFA8AFA4FF4807B46F2DE
:20E560000100FCF79FFB0BFB0A000600B6B245F6A52086420CD0C748008850F48070C54912
:20E580000880C548006850F00200C349086036E000208146484610F10109C0B203280FDAAC
:20E5A000CD4800F0F7F90A20FCF7F1FD684600F0E8F90322C849684603F0E2FA0028E9D147
:20E5C000C5480078C5498870C44800F0BEF9C34800F017F800280DD1AE48008850F480703B
:20E5E000AC490880AC48006850F00200AA49086000F071F8BA4807003800FFF72AFFBDE847
:20E60000F78F2DE9F84F0400208845F6A521884201D000205DE020200500201D07002900C0
:20E62000C9B23800FEF70FFD80464046B4F8681080B2884201D000204BE0201D814600207A
:20E6400006003000A1490978C0B2884240D2002083465846A3490968F6B24FF4B27202FBDB
:20E6600006F21144497CC0B288422FD2B9F80000824619F102099B480068F6B24FF4B27164
:20E6800001FB06F108445FFA8BFB1C2101FB0BF10844408C514689B2884212D3504691491E
:20E6A0000968F6B24FF4B27202FB06F211445FFA8BFB1C2202FB0BF21144098C80B2884293
:20E6C00001D2002005E01BF1010BC2E7761CB8E70120BDE8F28F2DE9F04145F6A5207F491A
:20E6E00008807D4800787D4988707D48804600200400200075490978C0B2884224D2002037
:20E700000500280077490968E4B24FF4B27202FB04F21144497CC0B2884213D2714800684F
:20E72000E4B24FF4B27101FB04F10844EDB21C2101FB05F10844808CA8F8000018F10208C7
:20E740006D1CDEE7641CD4E70020A8F8000018F1020863480700202006003100C9B2380081
:20E76000FEF771FC5D49A1F868005C4800F0FBF8BDE8F0812DE9F04182B004000D005A48C7
:20E78000008845F6A521884201D0002079E056488570524854496A2200F01CF9002006005B
:20E7A0003000461CC0B2032822DA4C4800F0DBF8002080461FFA88F841F28830804502DACC
:20E7C00018F10108F6E7484800F0BFF86A224649424803F0D5F900280AD0002080461FFAAC
:20E7E00088F8B8F1FF0F02DA18F10108F7E7D7E7F6B2032E05DB4AF25A503B49088000208D
:20E800003FE0A5203449354A927811444870002006003000461CC0B2032821DA2E4800F04B
:20E82000B9F8002080461FFA88F8B8F1FF0F02DA18F10108F7E7684600F0A3F80322264958
:20E84000684603F09DF900280AD0002080461FFA88F8B8F1FF0F02DA18F10108F7E7D8E7BE
:20E860004AF25A50204908801B4800781B4988701A4800F06AF81A4807003800FFF7E9FD59
:20E880000120BDE8F68100008C62002000D07700620100207E6400200064002074620020E7
:20E8A0007C630020446300205C63002068610020640100206A6100207463002038630020A8
:20E8C000506300203461002014620020D9640020ECA80108F46100200C640020045F002098
:20E8E000085F0020F0630020705F00202DE9F041B6B0040088461500424692B22900200086
:20E9000002F011FA1420FCF753FC424692B22900684602F02BF92700002006003000C0B2DC
:20E92000414680B289B288420BD23800471C00786946F6B2895D884201D0002002E0761CBD
:20E94000ECE7012036B0BDE8F08138B50400A0786E21484310F5A04005006A2229002000E5
:20E9600002F004F931BD38B50400A0786E21484310F5A04005002A006A212000FFF7B6FF2D
:20E9800031BD10B5040003224FF4C041200002F0EDF810BD10B504004FF4C0420321200041
:20E9A000FFF7A4FF10BD10B5040003224FF41041200002F0DBF810BD10B504004FF410425F
:20E9C00003212000FFF792FF10BD0268531C03601170704762B38B0708D0521E11F8013BF7
:20E9E00000F8013B00F024808B07F6D1830740F0208000BF103A07D330B4B1E83810103AAA
:20EA0000A0E83810F9D230BC530724BFB1E80810A0E8081044BF51F8043B40F8043BD20706
:20EA200024BF31F8022B20F8022B44BF0B7803707047083A07D3B1E80810083A40F8043B22
:20EA400040F804CBF7D25307E4E7100510B50400A4B2211DA4B2200002F014FA002801D1DF
:20EA6000012000E0002010BD80B500F0F0F901BD80B50020DFF80015087040F2FF30DFF8EB
:20EA8000FC148880DFF8F404808800284FD0FDF754FADFF8E8048088400110F58020DFF876
:20EAA000E01408600020DFF8DC140880DFF8D4040088042828D20422DFF8C4040168DFF829
:20EAC000C80402F053F8DFF8B8040068001DDFF8B0140860DFF8B004006810F1010F0BD033
:20EAE000DFF898048088401CDFF8901488800120DFF88414087007E0DFF888040088401C86
:20EB0000DFF880140880D1E7DFF86C0490F9000000280CD1DFF864048088002807D0DFF858
:20EB20005C048088401EDFF854148880AAE70020DFF84414087040F2FF30DFF850148880CC
:20EB4000DFF84804808800284FD0FDF7F6F9DFF83C048088400110F5A020DFF824140860C4
:20EB60000020DFF820140880DFF818040088022828D20422DFF808040168DFF80C0401F0F9
:20EB8000F5FFDFF8FC030068401CDFF8F4130860DFF8F403006810F1010F0BD0DFF8EC03B9
:20EBA0008088401CDFF8E41388800120DFF8C813087007E0DFF8CC030088401CDFF8C413B1
:20EBC0000880D1E7DFF8B00390F9000000280CD1DFF8B8038088002807D0DFF8B0038088B2
:20EBE000401EDFF8A8138880AAE70020DFF88813087040F2FF30DFF898138880DFF890032D
:20EC00008088002848D0FDF798F9DFF884038088400110F5C020DFF8681308600020DFF8EA
:20EC200064130880DFF85C030088022825D20422DFF84C030168DFF8500301F097FFDFF8B9
:20EC400040030068401CDFF838130860DFF83803006810F1010F0AD0DFF834038088401C4C
:20EC6000DFF82C1388800120C349087005E0C5480088401CC3490880D4E7BF4890F900001C
:20EC8000002809D1C2488088002805D0C0488088401EBF498880B1E701BD38B5BD48407AE3
:20ECA000BC49497888423FD0B4488088B0F5806F15DB5FF4862005004FF480522900B648F3
:20ECC00001F054FF4020FFF7C1FE4FF480525FF48021B14802F027F88020A8498880A74840
:20ECE0008088400110F580200500AA48A949497A090108440A30040010222900200002F079
:20ED000012F89E488088401C9C498880A148407A401CA04948729F48407A232190FBF1F2BD
:20ED200001FB12009B49487231BD38B59B48C0799A49097A884240D094488088B0F5806F78
:20ED400015DB5FF4A62005004FF480522900924801F00CFF5020FFF779FE4FF480525FF44C
:20ED6000A0218D4801F0DFFF80208849888087488088400110F5A020050088488749C979F1
:20ED80000A22514308440A3004000A222900200001F0C9FF7D488088401C7C4988807F483E
:20EDA000C079401C7D49C8717C48C079232190FBF1F201FB12007949C87131BD38B578486C
:20EDC000C0797749097A884240D071488088B0F5806F15DB5FF4C62005004FF4805229001C
:20EDE0006D4801F0C3FE6020FFF730FE4FF480525FF4C021684801F096FF80206449888034
:20EE000063488088400110F5C020050064486449C9790A22514308440A3004000A222900DA
:20EE2000200001F080FF5A488088401C584988805B48C079401C5A49C8715948C079232161
:20EE400090FBF1F201FB12005549C87131BD80B554480078800702D5FFF71FFF0CE0514831
:20EE60000078400702D5FFF760FF05E04D480078000701D5FFF7A2FF01BD01000020C9B2E7
:20EE8000002902D13D4A92881000C9B2012902D13E4A92881000C9B2022902D13C4A928882
:20EEA000100080B27047F8B504000D001600F6B2002E09D1A4B2600110F580200700102240
:20EEC0003900280001F052FEF6B2012E09D1A4B2600110F5A02007000A223900280001F0DE
:20EEE00045FEF6B2022E09D1A4B2600110F5C02007000A223900280001F038FE0120F2BDF6
:20EF000010B50400E4B2002C0ED120201B49488000201A4988804020FFF798FD002801D0AC
:20EF2000012026E0002024E0E4B2012C0ED12020164948800020154988805020FFF786FD0E
:20EF4000002801D0012014E0002012E0E4B2022C0ED120200E49488000200D498880602091
:20EF6000FFF774FD002801D0012002E0002000E0002010BD00000000D46400201463002052
:20EF8000D463002054640020D8630020206300202C630020C8560020683100200459002021
:20EFA0006C5A0020E26400200CB41CB5044604A801900A46009401AB69460748784418305B
:20EFC00002F010FE009A0021117000285CBF0098001B16BC5DF80CFBF3F9FFFF3220C0B223
:20EFE000002801D0401EFAE7704780B51020ADF8000002208DF8020010208DF80300694608
:20F000006A4802F02CF80820ADF8000002208DF8020014208DF803006946644802F01FF892
:20F0200001BD80B5082062490860FFF7D7FF10205F490860FFF7D2FF5E480068002801D1C7
:20F04000012000E0002008205B490860FFF7C6FF102059490860FFF7C1FF012002BD80B59B
:20F06000102055490860FFF7B9FF082052490860FFF7B4FF10204E490860FFF7AFFF0820DD
:20F080004B490860FFF7AAFF01BD80B510204A490860FFF7A3FF082047490860FFF79EFF6C
:20F0A000102043490860FFF799FF102042490860FFF794FF01BD80B510203F490860FFF7E9
:20F0C0008DFF08203A490860FFF788FF102038490860FFF783FF102037490860FFF77EFFF8
:20F0E00001BD80B5102034490860FFF777FF08202F490860FFF772FF10202D490860FFF729
:20F100006DFF2C480068000704D510202A490860002003E0102028490860012002BD38B5E3
:20F12000040008252800451EC0B2002816D0102021490860FFF752FF200603D508201C49BF
:20F14000086002E008201C4908606400FFF746FF102017490860FFF741FFE3E7102016494A
:20F16000086031BD38B5082400250820104908602000441EC0B2002811D06D0010200E4921
:20F180000860FFF72BFF102009490860FFF726FF084800680007EBD555F00105E8E7102019
:20F1A000054908602800C0B232BD00000018014010180140081801401418014080B5FFF755
:20F1C00030FF002801D100202AE06420FFF7A7FFFFF787FF002803D1FFF741FF00201FE0EF
:20F1E0001020FFF79CFFFFF77CFF8020FFF797FFFFF777FFFFF733FFFFF713FF6420FFF79B
:20F200008EFFFFF76EFF0F20FFF789FFFFF769FF8420FFF784FFFFF764FFFFF720FF012047
:20F2200002BD80B5FFF7FDFE002801D100201CE06420FFF774FFFFF754FF002803D1FFF7AB
:20F240000EFF002011E00F20FFF769FFFFF749FF0020FFF764FFFFF744FF0020FFF75FFF9F
:20F26000FFF73FFFFFF7FBFE012002BD10B50400FFF7A4FFFFF7D5FE6420FFF750FFFFF7A1
:20F2800030FF002803D1FFF7EAFE00202FE00020FFF745FFFFF725FF2078FFF740FFFFF7FF
:20F2A00020FF6078FFF73BFFFFF71BFFA07850F08000C0B2FFF733FFFFF713FFE078FFF74F
:20F2C0002EFFFFF70EFF2079FFF729FFFFF709FF6079FFF724FFFFF704FFA079FFF71FFF31
:20F2E000FFF7FFFEFFF7BBFEFFF79BFF012010BD10B50400FFF795FE6420FFF710FFFFF71D
:20F30000F0FE002803D1FFF7AAFE002033E00020FFF705FFFFF7E5FEFFF783FE6520FFF74D
:20F32000FEFEFFF7DEFEFFF71DFF2070FFF7ADFEFFF718FF6070FFF7A8FEFFF713FF10F03B
:20F340007F00A070FFF7A1FEFFF70CFFE070FFF79CFEFFF707FF2071FFF797FEFFF702FF99
:20F360006071FFF792FEFFF7FDFEA071FFF7A3FEFFF775FE012010BD1CB504006846FFF7CD
:20F38000B7FFA41C9DF8000010F0F000512805DA9DF8000010F00F000A2802DB00208DF8C2
:20F3A00000009DF8010010F0F000512805DA9DF8010010F00F000A2802DB00208DF8010015
:20F3C0009DF8020010F0F000212805DA9DF8020010F00F000A2802DB00208DF802009DF88D
:20F3E000040010F0F000312805DA9DF8040010F00F000A2802DB00208DF804009DF80500E7
:20F4000010F0F000112805DA9DF8050010F00F000A2802DB00208DF805009DF8060010F0E7
:20F42000F000912805DA9DF8060010F00F000A2802DB00208DF806009DF800002070641C3B
:20F440009DF801002070641C9DF802002070641C9DF804002070641C9DF805002070641C0C
:20F460009DF806002070641C13BD1CB50400A41C20788DF80000641C20788DF80100641C41
:20F4800020788DF80200641C20788DF80400641C20788DF80500641C20788DF80600641CE7
:20F4A00000208DF803006846FFF7E0FE13BD070800F10103810704D010F8011B89B181070C
:20F4C000FAD10268B2F10131914311F0803F04BF50F8042FF6E710F8011B11B110F8011B69
:20F4E000FBE7C01A7047200338B50400DFF8900A006805002900DFF8880A0068FCF783FF38
:20F50000A4B2A042F6D331BD01005FF0FF30DFF8742AC9B232F81120DFF86C3AC9B233F80F
:20F5200011309A421BD0DFF8642AC9B24FF4006303FB01F31A44DFF84C3AC9B233F81130A9
:20F54000D25C1000DFF83C2AC9B232F81120521C5205520DDFF82C3AC9B223F8112070477B
:20F5600010B402005FF0FF30DFF8183AD2B233F81230DFF8144AD2B234F81240641C64050D
:20F58000640DA3421CD0DFF8043AD2B24FF4006404FB02F42344DFF8F049D2B234F812407B
:20F5A0001955DFF8E439D2B233F812305B1C5B055B0DDFF8D449D2B224F8123001231800A7
:20F5C00010BC7047F0B587B004000D001600DFF8C009844202D10020070023E0DFF8B409AE
:20F5E000844202D1002007001CE0DFF8AC09844202D10020070015E0DFF8A009844202D1F5
:20F60000002007000EE0DFF89809844202D10020070007E0DFF88C09844202D1002007008A
:20F6200000E01AE2DFF8680984421CD10021DFF8780903F0C2FCDFF8700903F099FB0022D0
:20F640008021DFF84C0903F0DAFD0021012003F0A4FE01214FF4804003F0AEFE0121012035
:20F6600003F09BFEA3E0DFF82C0984421CD10021DFF8380903F0A1FCDFF8300903F078FB7D
:20F6800000228021DFF80C0903F0B9FD0021012003F083FE01215FF4003003F09CFE012108
:20F6A000012003F07AFE82E0DFF8EC0884421CD10021DFF8FC0803F080FCDFF8F40803F0AD
:20F6C00057FB00228021DFF8D00803F098FD0021012003F062FE01215FF4802003F07BFEC8
:20F6E0000121012003F059FE61E0DFF8B00884421CD10021DFF8BC0803F05FFCDFF8B4085D
:20F7000003F036FB00228021DFF8900803F077FD0021012003F041FE01215FF4002003F030
:20F720005AFE0121012003F038FE40E0DFF8700884421CD10021DFF8800803F03EFCDFF85F
:20F74000780803F015FB00228021DFF8540803F056FD0021012003F020FE01215FF4801092
:20F7600003F039FE0121012003F017FE1FE0DFF8340884421BD10021DFF8400803F01DFC04
:20F78000DFF8380803F0F4FA00228021DFF8140803F035FD0021012003F0FFFD01215FF0F4
:20F7A000807003F009FE0121012003F0F6FDDFF81008EDB250F825000290F6B2002E13D1EF
:20F7C0000020ADF80C000020ADF80E000020ADF810000020ADF814000C20ADF8120002A949
:20F7E000200003F053FC7CE0F6B2012E15D14FF48050ADF80C000020ADF80E004FF48060D4
:20F80000ADF810000020ADF814000C20ADF8120002A9200003F03AFC63E0F6B2022E15D182
:20F820004FF48050ADF80C000020ADF80E004FF4C060ADF810000020ADF814000C20ADF86F
:20F84000120002A9200003F021FC4AE0F6B2032E14D10020ADF80C004FF40050ADF80E00BC
:20F860000020ADF810000020ADF814000C20ADF8120002A9200003F009FC32E0F6B2042E48
:20F8800016D14FF48050ADF80C004FF40050ADF80E004FF48060ADF810000020ADF81400C6
:20F8A0000C20ADF8120002A9200003F0EFFB18E0F6B2052E15D14FF48050ADF80C004FF4FD
:20F8C0000050ADF80E004FF4C060ADF810000020ADF814000C20ADF8120002A9200003F093
:20F8E000D5FBDFF8AC06844212D1DFF8D806FFB24FF4806101FB07F1084401900094DFF840
:20F90000A8361A220121DFF8C00600F0A8F871E0DFF88006844212D1DFF8A806FFB24FF4AE
:20F92000806101FB07F1084401900094DFF87C361C220221DFF8900600F091F85AE0DFF8A0
:20F940005806844212D1DFF87C06FFB24FF4806101FB07F1084401900094DFF854361E226C
:20F960000321DFF8640600F07AF843E0DFF82C06844212D1DFF84C06FFB24FF4806101FBF1
:20F9800007F1084401900094DFF8283620220421DFF8340600F063F82CE0DFF80406844253
:20F9A00012D1DFF82006FFB24FF4806101FB07F1084401900094DFF8003622220521DFF8DF
:20F9C000080600F04CF815E0DFF8D805844211D1DFF8F005FFB24FF4806101FB07F10844B3
:20F9E00001900094DFF8D43524220621DFF8D80500F035F8012240F22551200003F0D4FB17
:20FA000001228021200003F0FAFB0121200003F0BDFB0020DFF86C15FFB221F817000020B4
:20FA2000DFF8A815FFB221F817000020DFF8A015FFB221F817000020DFF89815FFB221F856
:20FA400017000020DFF89015FFB221F817000020DFF88815FFB221F8170007B0F0BD2DE923
:20FA6000F0438BB004000D0016001F00DDF84880DDF84C90380003F07BF918F10400009048
:20FA8000CDF80490102002904FF47A70039000200490802005900020069000200790002015
:20FAA00008904FF40050099000200A906946380003F0E3F93200D2B22900C9B2200003F0A5
:20FAC000FBF90BB0BDE8F0832DE9F04104000D0000265FF00008DFF8B804844202D100203E
:20FAE000804624E0DFF8AC04844202D1002080461DE0DFF8A404844202D10020804616E045
:20FB0000DFF89804844202D1002080460FE0DFF89004844202D10020804608E0DFF88404D3
:20FB2000844202D10020804601E0002011E04046C0B2FFF7E9FC070017F1010F07D02F70EC
:20FB40006D1C761CB6B2B6F5006F00DAEFE7300080B2BDE8F0812DE9F84306000D00140068
:20FB600000275FF00008A4B2002C01D1002005E2DFF81C04864202D10020804624E0DFF859
:20FB80001404864202D1002080461DE0DFF80804864202D10020804616E0DFF800048642D2
:20FBA00002D1002080460FE0DFF8F403864202D10020804608E0DFF8EC03864202D10020E5
:20FBC000804601E00020D9E1DFF8C403864251D1A4B2DFF8F0035FFA88F84FF4806101FB03
:20FBE00008F100EB0109220029004846FEF7F2FEDFF8D0035FFA88F84FF4806101FB08F1BD
:20FC00000844DFF8DC130860A4B2DFF8D80304600121DFF8940303F0D0F9DFF8640300680C
:20FC2000DFF8C4135FFA88F841F828000520FFF75BFC022003F0CFF900280DD00021DFF890
:20FC4000680303F0BAF9022003F0DAF90520FFF74BFC200080B291E1DFF88C035FFA88F846
:20FC600050F82810C6480068FCF7CDFBB0F5FA7FDCD382E1C748864248D1A4B2D1485FFAEB
:20FC800088F84FF4806101FB08F100EB0109220029004846FEF79EFECA485FFA88F84FF43E
:20FCA000806101FB08F10844D0490860A4B2D04804600121BD4803F080F9B1480068CA49C8
:20FCC0005FFA88F841F828000520FFF70DFC202003F081F900280CD00021B44803F06DF99F
:20FCE000202003F08DF90520FFF7FEFB200080B244E1BD485FFA88F850F82810A048006812
:20FD0000FCF781FBB0F5FA7FDED336E1A24886424AD1A4B2AB485FFA88F84FF4806101FB7F
:20FD200008F100EB0109220029004846FEF752FEA4485FFA88F84FF4806101FB08F108448D
:20FD4000AC490860A4B2AC4804600121984803F034F98B480068A4495FFA88F841F8280014
:20FD60000520FFF7C1FB4FF4007003F034F900280DD000218E4803F020F94FF4007003F02B
:20FD80003FF90520FFF7B0FB200080B2F6E096485FFA88F850F8281079480068FCF733FBBC
:20FDA000B0F5FA7FDCD3E8E07C4886424AD1A4B284485FFA88F84FF4806101FB08F100EB08
:20FDC0000109220029004846FEF704FE7D485FFA88F84FF4806101FB08F10844874908600E
:20FDE000A4B2874804600121724803F0E6F8644800687D495FFA88F841F828000520FFF79E
:20FE000073FB4FF4005003F0E6F800280DD00021684803F0D2F84FF4005003F0F1F80520E9
:20FE2000FFF762FB200080B2A8E06F485FFA88F850F8281052480068FCF7E5FAB0F5FA7F93
:20FE4000DCD39AE0564886424AD1A4B25D485FFA88F84FF4806101FB08F100EB01092200F4
:20FE600029004846FEF7B6FD56485FFA88F84FF4806101FB08F1084462490860A4B2624834
:20FE8000046001214C4803F098F83D48006856495FFA88F841F828000520FFF725FB5FF471
:20FEA000003003F098F800280DD00021424803F084F85FF4003003F0A3F80520FFF714FB35
:20FEC000200080B25AE048485FFA88F850F828102B480068FCF797FAB0F5FA7FDCD34CE055
:20FEE0003048864249D1A4B236485FFA88F84FF4806101FB08F100EB010922002900484614
:20FF0000FEF768FD2F485FFA88F84FF4806101FB08F108443D490860A4B23D480460012183
:20FF2000264803F04AF8164800682F495FFA88F841F828000520FFF7D7FA5FF4001003F064
:20FF40004AF800280DD000211C4803F036F85FF4001003F055F80520FFF7C6FA200080B2E4
:20FF60000CE021485FFA88F850F8281004480068FCF749FAB0F5FA7FDCD30020BDE8F283E2
:20FF8000F8630020586400205A64002068410020003801400044004000480040004C004052
:20FFA0000050004000600140080002401C0002403000024044000240580002406C00024028
:20FFC00048DB0108C8520020000002405C6400205E64002060640020646400206264002005
:20FFE000140002400C000240F463002028000240200002403C000240340002405000024094
:020000040801F1
:2000000048000240640002405C0002407800024070000240F0B5059C069D079E91F800C0CF
:20002000BCF15A0F3BD1B2F800C0BCF1000F36D0B3F800C05FF0F30E0EFB0CFC5FEA1C2C15
:2000400067468446BE461FFA8CFC1FFA8EFEF44521D3B4F800C0BCF10A0F15DBD5F800C003
:2000600056EA0C0CC5F800C0DFF834C2BCF800C0BCF1000F13D1DFF82CC2BCF800C0DFF8BA
:2000800020E2AEF800C00AE0B4F800C01CF1010CA4F800C003E05FF0000CA4F800C0F0BDE5
:2000A000F0B4049C059D069E0F785A2F15D11788002F12D01F8884461FFA8CFC67450AD375
:2000C0002788142F03DB2F6837432F6005E027887F1C278001E000272780F0BC7047F0B424
:2000E000049C059D0F885FF0F30C0CFB07F73F0A3E000700B1F800C0BFB2674510D31F6856
:2001000027420BD11768002F05D01F6827431F600027176002E017687F1C1760288019E0F5
:200120000700B446BFB21FFA8CFC674509D21768002F02D00027176002E01F68A7431F6035
:200140000EE01F68274205D11768002F02D017687F0817601F68274202D017687F1C17609B
:20016000F0BC70472DE9FB4F82B014000E9D0F9E109FDDF84480DDF84890DDF84CA0DDF893
:2001800050B0039800785A2802D12088002816D100203060DFF81804006830EA0900DFF83B
:2001A00010140860DFF80C04006830EA0A00DFF804140860386830EA080038606CE0DFF86C
:2001C000E8000068C00116D400203060DFF8E003006830EA0900DFF8D8130860DFF8D40357
:2001E000006830EA0A00DFF8CC130860386830EA0800386050E0CDF804B0CDF800803B00D2
:2002000032000499BDF80800FFF769FF2088012820D13068298888420DD3386810EA080F8E
:2002200009D0DFF88C03006859EA0000DFF88013086003F059FB306800280BD1386810EA85
:20024000080F07D1DFF86803006830EA0900DFF860130860208802281ED13068298888425C
:200260000BD3386810EA080F07D0DFF8480300685AEA0000DFF83C130860306800280BD120
:20028000386810EA080F07D1DFF82803006830EA0A00DFF82013086005B0BDE8F08F0000FC
:2002A0008E6400207C640020AC6300202DE9F24F82B0040015001E000D9FDDF83880DDF82F
:2002C0003C90DDF840A0DDF844B0029800785A2802D12888002818D100203860DFF8D80243
:2002E000006830EA0A00DFF8D0120860DFF8C402006830EA0B00DFF8BC120860D8F800004A
:2003000030EA0900C8F8000050E1DFF894040068DFF888140840B0F1807F18D000203860F7
:20032000DFF89402006830EA0A00DFF88C120860DFF88002006830EA0B00DFF87812086038
:20034000D8F8000030EA0900C8F800002EE130884FF486714843000AADF800002000BDF8DA
:20036000001080B2884218D300203860DFF84802006830EA0A00DFF840120860DFF8340283
:20038000006830EA0B00DFF82C120860D8F8000030EA0900C8F8000008E140F2DC50ADF8B4
:2003A00002003088DFF8FC13096B884222D33088DFF8F013096C88421CD33088DFF8E41324
:2003C000096D884216D313980480D8F8000010EA090F38D13868002808D0D8F8000059EA27
:2003E0000000C8F80000012038602CE03868401C386028E0BDF80000DFF8A813096B884257
:200400000DD3BDF80000DFF89C13096C884206D3BDF80000DFF88C13096D884208D2D8F894
:20042000000030EA0900C8F80000002038600AE0D8F8000010EA090F05D13868002802D0E5
:20044000386840083860D8F8000010EA090F02D03868401C38602888032813D02000BDF841
:20046000021080B2884204D3DFF834030068000425D500203860D8F8000030EA0900C8F8B8
:20048000000093E02000BDF8021080B2884208D2DFF80C03006810F42040B0F5005F05D1A0
:2004A0000DE0DFF8FC020068000408D500203860D8F8000030EA0900C8F8000076E02888C0
:2004C000012825D138680C990988884210D3D8F8000010EA090F0BD0DFF8DC0000685AEA5E
:2004E0000000DFF8D41008601398048003F0FCF9386800280CD1D8F8000010EA090F07D163
:20050000DFF8B400006830EA0A00DFF8AC1008602888022821D138680C99098888420CD37E
:20052000D8F8000010EA090F07D0DFF8880000685BEA0000DFF87C100860386800280CD186
:20054000D8F8000010EA090F07D1DFF86800006830EA0B00DFF85C1008602888032825D199
:2005600038680C990988884210D3D8F8000010EA090F0BD0DFF84000006812990843DFF8EF
:20058000381008601398048003F0AEF9386800280CD1D8F8000010EA090F07D1DFF8180094
:2005A000006830EA0A00DFF810100860BDE8F78FFC63002000640020FC6300202DE9F14F4D
:2005C00081B00B980C9C0D9D0E9E0F9FDDF840E0DDF844808946CC4693461FFA8CFC1FFA99
:2005E0008BFBDC4502D2CA46914600E09246CC469B461FFA8CFC1FFA8BFBDC4504D2ADF812
:2006000000A0CA4699460DE0D4469B461FFA8CFC1FFA8BFBDC4502D3ADF8003002E0ADF8D1
:2006200000A09A461FFA89F91FFA8AFAB9EB0A0CBCF5E16F11DC1FFA89F9BDF800C0B9EBA6
:200640000C0CBCF5E16F08DC1FFA8AFABDF800C0BAEB0C0CBCF5E16F0CDDD4F800C03CEA32
:20066000070CC4F800C0D4F800C056EA0C0CC4F800C005E0D4F800C03CEA060CC4F800C066
:200680001FFA89F9B9F5E16F11DAD4F800C01CEA080F0CD1D4F800C057EA0C0CC4F800C0EF
:2006A000D4F800C03CEA060CC4F800C005E0D4F800C03CEA070CC4F800C0DDF804C0BCF887
:2006C00000C0BCF1000F0ED15FF0000CC0F800C0DFF8D4C0DCF800C03CEA0E0CDFF8C8B05E
:2006E000CBF800C058E0D4F800C017EB060B1CEA0B0F24D0D4F800C01CEA050F4CD1D0F801
:2007000000C01CF1010CC0F800C0D0F800C0BCF57A7F41D95FF0000CC0F800C0D4F800C0DC
:2007200055EA0C0CC4F800C0DFF87CC0DCF800C05EEA0C0CDFF870B0CBF800C02CE0D4F88D
:2007400000C01CEA050F23D0D0F800C01CF1010CC0F800C0D0F800C0BCF1650F1CD35FF0CB
:20076000000CC0F800C0D4F800C016EB050B17EB0B0B3CEA0B0CC4F800C0DFF82CC0DCF8F0
:2007800000C03CEA0E0CDFF820B0CBF800C003E05FF0000CC0F800C0BDE8F38F00800001D1
:2007A000AC630020245E00200064002030B583B0AC48B0F9000004000322210089B2AA48B8
:2007C000FBF73AFEA94908600422210089B2A848FBF732FEA54948600522210089B2A548FB
:2007E000FBF72AFEA14988600522210089B2A248FBF722FE9D49886100200190200000B23C
:20080000009004239A4A03219748FBF77EFE9749C86000200190200000B200900523954AAA
:2008200004219348FBF771FE9049086100200190200000B2009003238B4A05218D48FBF71A
:2008400064FE8A494861002005002DB20B2D0EDA86482DB250F8250003F054F9032804DA33
:20086000002082492DB241F825006D1CEDE77F4800688249098C48434012814908607B4892
:2008800040687E49498C484340127D494860774880687A49898C4843401279498860734808
:2008A000C0687649C98C484340127549C8606F4800697249098D48434012714908616B4815
:2008C00040696E49498D484340126D494861674880696A49098B48434012694988616348A4
:2008E00000686849098C484340126749674A127841F822005D4840686249498C484340127D
:200900006149624A127801EB82010861574880685C49898C484340125B495C4A127801EB41
:20092000820108625148C0685649C98C484340125549564A127801EB820108634B4800699A
:200940005049098D484340124F49504A127801EB82010864454840694A49498D4843401278
:2009600049494A4A127801EB820108653F4880694449098B484340124349444A127801EBED
:200980008201086641480078401C404908703F480078042802DB00203C4908703A480068F9
:2009A0003949496808183849896808183649C96808188010364908603348006932494969FA
:2009C00008183149896908182F49C969081880102F4948602C48006A2B49496A08182A4959
:2009E000896A08182849C96A08188010284988602548006B2449496B08182349896B08189E
:200A00002149C96B081880102149C8601E48006C1D49496C08181C49896C08181A49C96CD7
:200A2000081880101A4908611748006D1649496D08181549896D08181349C96D0818801083
:200A4000134948611048006E0F49496E08180E49896E08180C49C96E081880100C498861B4
:200A600037BD00007C640020681D00202C600020681F00206821002068230020686100204D
:200A8000BC60002034610020D45B0020FE6400203462002000B587B04FF48050ADF800003A
:200AA00010208DF8030002208DF802006946DFF8C40300F0D4FA4FF48051DFF8B80300F034
:200AC0007CFB4FF46040ADF8000002208DF8020018208DF803006946DFF8980300F0BFFAE4
:200AE0000020ADF804004FF48270ADF806000020ADF808000020ADF80A000020ADF80C00E0
:200B00004FF40070ADF80E000020ADF810000020ADF812000720ADF8140001A9DFF8580307
:200B200002F0F4FF0121DFF8500303F01EF807B000BD10B504000221DFF83C0303F027F8F3
:200B40000028F8D0E4B2210089B2DFF82C0303F01AF80121DFF8200303F019F80028F8D098
:200B6000DFF8140303F011F8C0B210BD70B504000D0016004FF48050DFF8001308600B2070
:200B8000FFF7D7FF280CC0B2FFF7D3FF280AC0B2FFF7CFFF2800C0B2FFF7CBFFA520FFF79E
:200BA000C8FF3000461E80B2002805D0A520FFF7C0FF2070641CF4E74FF48050B0490860D2
:200BC00070BD80B54FF48050AC4908600620FFF7B0FF4FF48050AA4908604FF48050A74907
:200BE0000860C720FFF7A5FF4FF48050A449086000F07EF8002002BD10B504004FF4805083
:200C00009E4908600620FFF794FF4FF480509C4908604FF48050994908602020FFF789FF5B
:200C2000200CC0B2FFF785FF200AC0B2FFF781FF2000C0B2FFF77DFF4FF480509049086032
:200C400000F056F8002010BD10B50400FBF775F94FF48050894908600620FFF76AFF4FF42B
:200C60008050874908604FF48050844908605220FFF75FFF200CC0B2FFF75BFF200AC0B2D4
:200C8000FFF757FF2000C0B2FFF753FF4FF480507B49086000F02CF8002010BD10B5040025
:200CA000FBF74BF94FF48050744908600620FFF740FF4FF48050724908604FF480506F496A
:200CC0000860D820FFF735FF200CC0B2FFF731FF200AC0B2FFF72DFF2000C0B2FFF729FF58
:200CE0004FF480506649086000F002F8002010BD80B500208DF800004FF480505F490860F6
:200D00000520FFF716FFA520FFF713FF8DF80000FBF713F99DF80000C007F4D44FF480501C
:200D20005749086001BD2DE9F04704000D00160000208146280642D0D5F5807000F0FF00A9
:200D400080463000414680B289B2884203D2B2460120814600E0C2464FF480504749086037
:200D60000620FFF7E6FE4FF4805045490860FBF7E4F84FF48050414908600220FFF7D9FEA8
:200D8000280CC0B2FFF7D5FE280AC0B2FFF7D1FE2800C0B2FFF7CDFE5046B0F1010A80B2AC
:200DA000002806D02078FFF7C4FE641C761E6D1CF2E74FF4805032490860FFF799FF1FFAD2
:200DC00089F9B9F1000F52D1300080B2000A8046300601D018F10108002007003800414684
:200DE00080B289B2884242D2280502D12800FFF703FFB6B2B6F5807F03DD4FF4807082469B
:200E000000E0B2464FF480501C4908600620FFF790FE4FF480501A490860FBF78EF84FF4D7
:200E20008050164908600220FFF783FE280CC0B2FFF77FFE280AC0B2FFF77BFE2800C0B2BC
:200E4000FFF777FE5046B0F1010A80B2002806D02078FFF76EFE641C761E6D1CF2E74FF402
:200E6000805007490860FFF743FF7F1CB6E7BDE8F0870000000C014000380040140C014038
:200E8000100C01402DE9F84304000D00002600275FF00008B4F5006F02D2B5F5006F01D316
:200EA00000204FE0A54203D2601B0700A84602E0281B0700A046AC420BD14FF4805000FBCD
:200EC00008F006003000FFF797FE81464846C0B238E040F2FF70874205D3FFF772FE81460B
:200EE0004846C0B22EE0102F0CD34FF4805000FB08F006003000FFF7D1FE8146103F18F1A6
:200F00001008F0E7082F0CD34FF4805000FB08F006003000FFF798FE8146083F18F10808DD
:200F2000F0E7002F0CD04FF4805000FB08F006003000FFF761FE81467F1E18F10108F0E7F1
:200F40004846C0B2BDE8F28310B5C2B00400200501D001203EE02000FFF74EFE00200090F5
:200F60000098FF2807D80098009901AA11540098401C0090F4E74FF48072210001A8FFF73E
:200F8000D2FE002000900098FF2807D8002001A9009A88540098401C0090F4E74FF480725F
:200FA000210001A8FFF7E2FD002000900098FF2809D8009801A9085C0099884203D10098CD
:200FC000401C0090F2E70098B0F5807F01D1002000E0012042B010BD10B50400DFF81C069C
:200FE000844208D10121042002F004FA0021042002F000FA32E0DFF80806844208D1012133
:20100000082002F0F7F90021082002F0F3F925E0DFF8F005844208D10121102002F0EAF908
:201020000021102002F0E6F918E0DFF8DC05844208D10121202002F0DDF90021202002F0C2
:20104000D9F90BE0DFF8C405844207D10121402002F0D0F90021402002F0CCF910BDF0B5AE
:2010600000270022002300240025002691F803C01CF00F0C674691F803C05FEACC6C03D5D0
:2010800091F902C05CEA070791F800C05FEA0C6C3AD0D0F800C065465FF0000C6346082B32
:2010A00031D25FF0010C1CFA03FC6446B1F800C014EA0C0C6246A24223D15FEA830C644691
:2010C0005FF00F0C1CFA04FC6646B54317FA04FC5CEA050591F903C0BCF1280F06D15FF034
:2010E000010C1CFA03FCC0F814C00AE091F903C0BCF1480F05D15FF0010C1CFA03FCC0F808
:2011000010C05B1CCBE70560B1F800C0BCF1FF0F3FDDD0F804C065465FF0000C6346082BC3
:2011200036D25FF0010C13F1080E1CFA0EFC6446B1F800C014EA0C0C6246A24226D15FEA1C
:20114000830C64465FF00F0C1CFA04FC6646B54317FA04FC5CEA050591F903C0BCF1280FA0
:2011600007D15FF0010C13F1080E1CFA0EFCC0F814C091F903C0BCF1480F07D15FF0010CF0
:2011800013F1080E1CFA0EFCC0F810C05B1CC6E74560F0BD02000020936889B20B4202D0A0
:2011A0000123180001E000231800C0B27047806880B27047C06880B2704789B20161704778
:2011C00089B24161704789B2C1607047F0B4B0F1004F40F29A800023002420F000473E00AC
:2011E000F7093B0016F07F0637093C0016F00F06052B06D02700FFB2BF0016FA07F73A00AD
:2012000005E06708FFB2BF0016FA07F73A00002B08D0022B0ED009D3042B13D00ED3052BB5
:2012200014D017E0DFF8E8733D0013E0DFF8E4733D000FE0DFF8E0733D000BE0DFF8DC739F
:201240003D0007E0DFF8D8733D0003E0DFF8D4733D00FFE7002C0BD1052B04D12F68BF087C
:20126000BF002F6049E02F683F093F012F6044E0012C0BD1052B04D12F6837F00C072F60B7
:201280003BE02F6837F0F0072F6036E0022C0BD1052B04D12F6837F030072F602DE02F68A2
:2012A00037F470672F6028E0032C0BD1052B04D12F6837F0C0072F601FE02F6837F47047F9
:2012C0002F601AE0042C04D12F6837F470272F6013E0052C04D12F6837F470072F600CE0EB
:2012E000062C04D12F6837F070672F6005E0072C03D12F6827F070472F6049B2012940F08E
:201300007B812F683A432A6076E10200012A63D0022A53D0042A51D0082A4FD0102A7BD008
:20132000302A00F08980402A00F09680C02A00F0A380B2F5807F00F0AF80B2F5007F00F012
:20134000BB80B2F5407F00F0C780B2F5006F00F0D380B2F5406F00F0DF80B2F5805F2DD034
:20136000B2F5804F00F0E880B2F5C04F00F0F480B2F5004F22D0B2F5803F1FD0B2F5003F62
:201380001CD0B2F5802F19D0B2F5002F16D0B2F5801F13D0B2F5001F00F01E81B2F1807F46
:2013A00000F0EA80B2F1007F00F0F680B2F1806F00F00281B2F1004F1ED01DE19A4A12680A
:2013C0008243994B1A6049B2012904D1964A12680243954B1A600FE1934A1268934B1A4078
:2013E000914B1A6049B2012905D18F4A126852F001028D4B1A60FFE08B4A12688B4B1A4054
:20140000894B1A6049B2012905D1874A126852F00042854B1A60EFE0834A126832F0300200
:20142000814B1A6049B2012905D17F4A126852F010027D4B1A60DFE07B4A126832F0300240
:20144000794B1A6049B2012905D1774A126852F03002754B1A60CFE0734A126832F0C002A0
:20146000714B1A6049B2012905D16F4A126852F040026D4B1A60BFE06B4A126832F0C002A0
:20148000694B1A6049B2012905D1674A126852F0C002654B1A60AFE0634A126832F440723C
:2014A000614B1A6049B2012905D15F4A126852F480725D4B1A609FE05B4A126832F4407218
:2014C000594B1A6049B2012905D1574A126852F40072554B1A608FE0534A126832F44072A8
:2014E000514B1A6049B2012905D14F4A126852F440724D4B1A607FE04B4A126832F4406288
:20150000494B1A6049B2012905D1474A126852F40062454B1A606FE0434A126832F44062E7
:20152000414B1A6049B2012905D13F4A126852F440623D4B1A605FE03B4A126832F4C04257
:20154000394B1A6049B2012905D1374A126852F48042354B1A604FE0334A126832F4C04247
:20156000314B1A6049B2012905D12F4A126852F4C0422D4B1A603FE02B4A126832F0E062DB
:20158000294B1A6049B2012905D1274A126852F08072254B1A602FE0234A126832F0E062FF
:2015A000214B1A6049B2012905D11F4A126852F000721D4B1A601FE01B4A126832F0E0628F
:2015C000194B1A6049B2012905D1174A126852F08062154B1A600FE0134A126832F400125B
:2015E000114B1A6049B2012905D10F4A126852F400120D4B1A60FFE7F0BC7047000801408B
:20160000000C01400010014000140140001801402000014024000140280001402C000140E2
:20162000300001403400014004000140FEFFFF7F80B20A4908607047C0B20949086070477D
:2016400080B20849086070474AF6AA200349086070474CF6CC40014908607047003000404C
:201660000430004008300040002203881A00DFF80431984212D0DFF8143198420ED0B0F17A
:20168000804F0BD0DFF8F030984207D0DFF8EC30984203D0DFF8E830984204D14FF68F7373
:2016A0001A404B681A43DFF8DC30984208D0DFF8D830984204D04FF6FF431A408B891A434C
:2016C00002808B68C3620B880385DFF8A830984203D0DFF8B830984201D18B7B03860123DB
:2016E0008382704749B2002904D0028852F00102028004E002884FF6FE731A40028070472E
:2017000052B2002A03D083890B43838102E083898B438381704749B2002904D0028852F02F
:201720008002028004E002884FF67F731A400280704789B2CA430282704730B402000020E4
:2017400000230024158A0D402B0095890D402C009BB2002B05D0A4B2002C02D001252800A5
:2017600001E00025280040B230BC704789B2CA4302827047002C014000040040000800402A
:20178000000C004000100040001400400034014030B40023002244682300DFF8AC412340C5
:2017A0000C6891F9045054EA05242343436084682300DFF898412340CC688D682C4391F923
:2017C000055054EA450423438360C46A230033F470030C7C641E2243D2B253EA0253C3624F
:2017E00030BC704749B2002904D0826852F00102826003E082685208520082607047816842
:2018000051F0080181607047010000208A68120702D50122100001E00022100040B27047F4
:20182000816851F0040181607047010000208A68520702D50122100001E00022100040B266
:201840007047002283681A0032F4E0420A4382607047F0B5002600240025C9B20A2919DBC6
:20186000C7683E000727B1F10A0C5FF0030E1CFB0EFC17FA0CF73C00A643DBB2B1F10A071B
:201880005FF0030C17FB0CF713FA07F73C002643C66013E007693E0007275FF0030C11FBC6
:2018A0000CFC17FA0CF73C00A643DBB2032711FB07F713FA07F73C0026430661876B3E00DF
:2018C000C6F301573D001F27D2B212F1030CBCEB050CBCF1010C5FF0050E1CFB0EFC17FAD8
:2018E0000CF73C00A643C9B2D2B2D71C7F1B7F1E5FF0050C17FB0CF711FA07F73C00264374
:201900008663F0BD10B400220023846B220032F44012C9B24C1E230052EA0352826310BC55
:20192000704740B2002806D00949096851F40001074A116005E00649096831F40001044A1C
:201940001160704700000000FFFEF0FFFDF7F1FF08240140010040F10980F446404200F0BB
:2019600005F851F000416047010000BF09D0B0FA80F18840C91CC1F58461090501EBD0215A
:2019800040057047B0B581EA030C0CF0004C40F2FF7515EA11541DBF15EA1357AC42AF42F6
:2019A00039E0E41923EA455343F48013C90241F0004141EA505EC7021100A7FB02020028E4
:2019C0004FF00000EEFB01204FF00001E3FB072118BF42F00102401800214941E3FB0E017C
:2019E000A4F580640F0302D252004041494154F101046CDD470872F1004250F1000051EB23
:201A00000451A1F580115CBF41EA0C01B0BD4CEA05510020B0BD05EA1357AC4214BFAF4266
:201A200041E050EA410E1CBF52EA430E02E061460020B0BD24423C441BD15FEA070EF6D088
:201A4000090302BF01460020AEF1140EB1FA81F7AEEB070401FA07FE0C37C7F1200100FAB4
:201A600007F7C8404EEA000E23EA455343F48013A2E733F00043B3FA83F704BFB2FA82FEA6
:201A800077440B3FE41BB7F1200E2FBF02FA0EF3BB40C7F1200E22FA0EFE38BF43EA0E0343
:201AA000BA40641C82E750EA410E14BF52EA430E6FF000014FF4001717EB430F8ABF1946A4
:201AC00017EB410FB5E74CEA05510020B0BDD4F10104B4F120070FDAC4F12007520828BF63
:201AE00042F0010210FA07F501FA07F7E1BF2A43E0403843E1400FE0352C98DCC7F1200449
:201B000052EA400220FA07F218BF42F0010231FA07F0A1400A43002172F1004250F10000D1
:201B200051EB0C01B0BD070CF446400D40EAC120490006D200F014F8004248BF6FF0004045
:201B4000604700F00DF84FF0004188428CBF084640426047400D40EAC120490080F00D803F
:201B600040F00040490DA1F58061491C05D4D1F11F0154BFC840C01770474FF00000704769
:201B80000300002013F0030F09D0521E22BF13F8010B11F801CBB0EB0C00F3D07047121FA5
:201BA00022BF53F8040B51F804CB6045F7D0121D0AD200BA9CFA8CFCB0EB0C0038BF6FF086
:201BC000000088BF01207047521E22BF13F8010B11F801CBB0EB0C00F6D0521C08BF1046B1
:201BE000704700002DE9F04F82460FF24860A5B015461E46D0E90023CDE9122300200491D8
:201C00000D900DF150086FF0004900E03D440020ADF8020012AB4FF0FF3229460DF1020065
:201C200001F0C1FF0746012F04DA2878471EBF41FF43FF0FBDF8020025280CBFA7F1010BD0
:201C4000BB46BBF1010F0EDB2C4614F8011B0498D0470028049000F0F3800D98401CBBF1C5
:201C6000010B0D90F1D1BDF80200252807D100200790089009900A900B900C9005E0002857
:201C8000C4D10D98DEE240F0010015F8011F2029F9D023290DD02B2904D02D2906D0302904
:201CA0000AD00CE040F0020080B2EEE740F00400FAE740F00800F7E740F01000F4E72A298C
:201CC0000ED13168316051F8042B3160002A0F9204D5514240F004000F9180B26D1C11E03B
:201CE00000210F9109E00F99494505D001EB810302EB430130390F916D1C2A78A2F1300196
:201D00000A29F0D329782E2903D04FF0FF310E911DE015F8011F2A2907D1316831606D1CEC
:201D200051F8042B31600E9211E000210E9109E00E99494505D001EB810302EB430130394C
:201D40000E916D1C2A78A2F130010A29F0D3ADF840000FF2E840297801F036FF08B115F864
:201D6000010B8DF842009DF84200682802BF29786829622005D06C2804BF28786C2803D180
:201D800071208DF842006D1C14A8069015F8017BB7F125002AD01C3800F0DB80001F0228D8
:201DA00040F2D780133800F0FC80093800F0D180801E00F06781401E00F03D81401E022857
:201DC00040F2C780001F00F03681401F00F09280401E00F0E680401E35D0C01E0BD0801EF5
:201DE00000F0DF80C01E00F0DC806EE125208DF85000012073E19DF842006C2830683060F9
:201E000014D050F8044B306005940E9F002F04D52046FDF74DFB074606E03A46002120468D
:201E200001F0DEFE00B1071B089759E150F8042B306002A9504600F03FFA002840F150818E
:201E40004FF0FF30FEE131683160002251F8040B31600021CDE9020114A80590DDE902010C
:201E60009142069F08BF90424FF03C0C01D10E9AC2B100F00F033033DBB23A2BA8BF2733C5
:201E8000ACF101020009BB54944640EA017009090022914208BF904204D0059A07EB0C0301
:201EA0009A42E6D307EB0C000590CCF13C010E980891814209DA401A0A904FF6EF71BDF8CD
:201EC00040000840ADF840000AE1002840F108819DF8400000F01400102840F001810F985E
:201EE000079A801A0A9A801A401A0128C0F2F8800A90F5E09DF8420062281AD0682806D09C
:201F00006A280CD06C281CD0712808D019E03068306050F8041B30600D980880E0E03068C5
:201F2000306050F8042B30600D98C117C2E90001D6E03068306050F8041B30600D980870EF
:201F4000CEE03068306050F8041B30600D980860C6E03068C01D20F007023260D2E9000125
:201F600008323260CDE90201002902D507982D210AE0BDF84000810702D507982B2103E0E3
:201F8000C00705D50798202108F80010401C079014A8079908440590394602A800F098FBD4
:201FA0009EE09DF842006C280DD0712818BF6A2809D13068C01D20F007023260D2E90001A3
:201FC0000832326005E03168316051F8040B31600021CDE902019DF84200682803D1DDE962
:201FE000020180B20BE0622803D1DDE90201C0B205E0742818BF7A2804D1DDE9020100216F
:20200000CDE902019DF84000000732D5DDE902230020834208BF82422BD047F020007828D7
:2020200027D10798302108F80010401C411C079108F800701DE09DF84200314600F005F9AE
:20204000CDE90201DDE9022300218B4202DA07982D210AE0BDF84000810702D507982B21FC
:2020600003E0C00705D50798202108F80010401C079014A8079908440590394602A800F0A3
:20208000A1FA2DE09DF842006C2809D0012007903068306050F8041B30608DF850101FE099
:2020A0003068306001AA50F8041B3060ADF804100020ADF8060002A94FF0FF300E90504685
:2020C00000F0FAF800280BD5BAE625208DF8500001200790380003D088F8017002200790EF
:2020E0000F980799401A0A99401A0899401A0B99401A0999401A0C99471A9DF8400040072B
:2021000010D42020012F8DF800000BDB3C4601236A4602A9504600F005FE00287FF490AE9D
:20212000641EF4D1DDF81CB0BBF1000F14AC0DD014F8011B0498D047002804903FF480AE67
:202140000D98401CBBF1010B0D90F1D130208DF800000A9C012C0ADB01236A4602A95046C5
:2021600000F0E0FD00287FF46BAE641EF4D1DDF820B0059CBBF1000F0DD014F8011B0498F5
:20218000D047002804903FF45BAE0D98401CBBF1010B0D90F1D130208DF800000B9C012C6F
:2021A0000ADB01236A4602A9504600F0BBFD00287FF446AE641EF4D105980899DDF824B0C0
:2021C0004418BBF1000F0DD014F8011B0498D047002804903FF434AE0D98401CBBF1010BA6
:2021E0000D90F1D130208DF800000C9C012C0ADB01236A4602A9504600F094FD00287FF4C0
:202200001FAE641EF4D19DF8400040077FF5FFAC2020012F8DF80000FFF6F9AC01236A460C
:2022200002A9504600F07EFD00287FF409AE7F1EF4D1ECE40000000000000000686A6C74BC
:202240007A4C000025B0BDE8F08F622826D068281DD06A2808D06C2827D0712804D07428C4
:2022600023D07A280CD020E00868C01D20F007000860D0E900230830086019461046704739
:202280000A680A6052F8040B0A60002170470A680A6052F8040B0A6000B20BE00A680A60AF
:2022A00052F8040B0A6040B204E00A680A6052F8040B0A60C11770472DE9F44F0D4694B067
:2022C000D5F830A0BAF1000F804648BF6FF0004A01F0B2FC696B401801900FF67820D0E97F
:2022E0000023CDE9022395F83800400702D40198412805D240200DF110090190002609E00E
:2023000001F0A0FC5FEA0009F8D14FF0FF3056E1AAEB040ABAF1010FC0F2CE8014980188DD
:2023200002AA0DF1010001F0E5FC0028044600F1DE801498008810B9641E00F1D880A245B0
:20234000C0F2BA80686901992218914280F0A2806E634042296A401AA969401A696A401AAE
:20236000E969401AA96A461A95F83800400710D42020012E8DF800000BDB374601236A4623
:202380002946404600F0CEFC002840F0B0807F1EF4D1D5F814B0BBF1000F4F460DD017F8D7
:2023A000011BA868C0470028A86000F0A080E86A401CBBF1010BE862F1D130208DF8000063
:2023C0002F6A012F0ADB01236A462946404600F0A9FC002840F08B807F1EF4D1D5F818B097
:2023E000EF68BBF1000F0CD017F8011BA868C0470028A8607BD0E86A401CBBF1010BE86282
:20240000F2D130208DF800006F6A012F09DB01236A462946404600F085FC002867D17F1E00
:20242000F5D1E868A969D5F81CB04718BBF1000F0CD017F8011BA868C0470028A86056D04D
:20244000E86A401CBBF1010BE862F2D130208DF80000AF6A012F09DB01236A46294640463E
:2024600000F060FC002842D17F1EF5D195F8380040070DD52020012E8DF8000008DB012389
:202480006A462946404600F04DFC80BB761EF6D100266E61224668690DF101014844FCF71B
:2024A00099FA6869201868611498801C1490801E008800287FF42CAF686B6969401A296A9D
:2024C000401AA969401A696A401AE969401AA96AA0EB010A95F83800400710D4BAF1010F09
:2024E0000DDB5446A8682021C047A86010B94FF0FF365DE0E86A401C641EE862F2D16B696F
:202500004A462946404600F00DFC0028EFD12C6A012C0ADBA8683021C0470028A860E6D05F
:20252000E86A401C641EE862F4D1AB69EA682946404600F0F7FB0028D9D16C6A012C0ADB65
:20254000A8683021C0470028A860D0D0E86A401C641EE862F4D1E868A969EB694218294685
:20256000404600F0DFFB0028C1D1AC6A012C0ADBA8683021C0470028A860B8D0E86A401C5B
:20258000641EE862F4D195F8380040070ED5BAF1010F0BDBA8682021C0470028A860A6D01C
:2025A000E86A401CBAF1010AE862F3D16E616E6304A881451CBF484601F0AAFB304615B05D
:2025C000BDE8F08F2DE9F343054608462F696F2808BF082405D041F02001782914BF0A2407
:2025E00010243C26D5E90023642818BF69289046994606D100218B4203DAD8F1000869EBF4
:2026000049090020814508BF80450CD1286B50B9082C38D195F83800000734D530203B26BA
:2026200087F83B002FE0701E00900646404649462246E31701F0ACFB02F13000C0B23A2861
:2026400003DB9DF8041051390818B855494640462246E31701F09CFB8046894600208145C2
:2026600008BF804503D0E868B9198842DBD3082C09D195F83800000705D5B85D302802D06E
:20268000761E3020B855B919E960C6F13C00296BA861884208DA081A28624FF6EF71288FEA
:2026A00008402887BDE8F38300290ED595F8381001F01401102908D1696B6A69891A2A6A31
:2026C000891A0E1A012EA8BF2E62BDE8F38300002DE9F24F04468EB0D4E90001CDE9020198
:2026E00004AF9DF8380040F0200BBBF1610F0AD0206B002848BF062004D408BFBBF1670F68
:2027000001D1012020636168C1F30A5040F2FF7290421CD1080304BF2068002809D103208F
:20272000A0619DF8380061381A2835D30FF2386108E00320A0619DF8380061381A2828D39F
:202740000FF21C61E0680322FCF744F9BDE1012815DA204601F093FB012810DB002500206A
:20276000BBF1610F1FD1E16830220A708A1CE2609DF83820612A0CBF782258220FE0626840
:2027800040F2FE3161F31E52451A62604FF0FF30E6E70FF2C851D5E70FF2C851D2E74A7055
:2027A0006169891C616110B90026002584E1BBF1610F40F09880206BD4E900AB00284CBFE5
:2027C0002126461CDDE902010022002301F07AFB36B23ABF8BF00040CDE902A0CDE902AB85
:2027E00006F101082D1FB8F1010F8DF810200DF1110736DBDDE902010022002301F07AFB84
:202800002FD21C2102A801F08DFBDDE90201FFF78BF9A8F10708B8F1010F814609DBFFF712
:2028200099F802460B46DDE9020101F005FCCDE90201F81D072105E009F00F0200F8012DA8
:202840004FEA2919B9F1010F01DB491EF4D5491E5CBF002200F8012DF9D5C71DB8F1010F02
:20286000C8DA0DF11100391AB142B8BF0E4636B230000DF111072FD4884206DA04A90144C9
:2028800049780829A8BF0F2100DA002104AA024400E0761E12F80139401E8B42F9D00F29DC
:2028A00004D104A901444A78521C4A70002802D504AF761C2D1D36B2701E0DD439180A78AF
:2028C0003032D2B23A2A03DB9DF838303A3B9A18401E01F80129F2D5206B002840F1EC8014
:2028E000701E2063E8E0DDE902010022002301F0E9FA3CBF81F00041CDE902012DB247F29F
:20290000975068434B49DFF8309190FBF1F52DB2C5F1070ABAF1010F90461CDBDDE902672B
:202920005FEACA7007D542464B4630463946FFF729F806460F464046494642464B464FEA0B
:202940006A0AFFF71FF8BAF1000F80468946E7D1CDE9026724E0CAF1000A0026374F14E067
:202960005FEACA7007D542464B4630463946FFF709F806460F464046494642464B46FFF72E
:2029800001F84FEA6A0A80468946BAF1000FE7D1DDE9020132463B4601F00EFCCDE9020114
:2029A000BBF1660F216BDFF898900CBF05F10A0006204618142EA8BF132630208DF8100055
:2029C0000DF11107012E3DDBDDE90201FFF7C2F807F1080104220A23B0FBF3F303EB8307C4
:2029E000A0EB4700303001F8010C0A20B3FBF0F000EB8007A3EB47033033521E01F8023D92
:202A0000E9D1083E012E01F10807DBDBDDE90201FFF7A0F8FEF7A8FF02460B46DDE902017B
:202A200001F00AFB00224B46FEF7ACFFCDE90201CAE700BFA0860100000024400000F03F6A
:202A400084D797410DF11100381A0DF1110702E0401E6D1E7F1C39783029F9D0BBF1660F72
:202A600008BF691C04D0BBF1650F0CBF01210021226B8E1836B2B042B8BF064636B231001F
:202A80001AD4814204DA785C3528A8BF392000DA30207A18521E00E0761E12F80139491E6B
:202AA0008342F9D0392802D1785C401C7854002902D57F1E761C6D1C2DB29DF8381000954F
:202AC00033B23A46204600F003F80FB0BDE8F08F2DE9F04786B006468A4690461D4601F094
:202AE000B4FC012D406A376B90F8009002DA01250FF278284AF02000BDF93840662808BF14
:202B0000641C12D0672878D114F1040F7BDBBC4279DA96F83800641C000702D4BD42B8BF23
:202B20002F4624B23F1B48BF002724B2F068B169012C23DA4A1C30234354012F03DA96F865
:202B40003800000703D5F06800F80290521CE742B8BF7C4224B260427062E719AF42B26162
:202B6000B8BF3D46F068B3692DB2F5612A4641461844FBF72FFF781BB062BCE022469542BF
:202B8000084416DA2A464146FBF724FFB1696918601B012FB161706203DA96F83800000719
:202BA00005D5F06800F80190F069401CF061B762A1E04146FBF70EFFB06920182D1B012F6B
:202BC00003DA96F83810090703D5F16801F80090401CB0612DB2AF42B8BF3D46F068B369CD
:202BE0002DB22A4608EB04011844FBF7F3FEB0692818B061781B70627DE0BAF1610F14D123
:202C00004FF0700A16E0BD4204DA96F83810090758BF2F467F1E48BF0027BAF1670F14BFF7
:202C20004FF0450A4FF0650A04E0BAF1410F08BF4FF0500AB169F368481CB061012F18F8EF
:202C4000012B5A5403DA96F83810090717D5F168431CB36101F80090012F10DB6D1E2DB211
:202C6000AF42B8BF3D46F0682DB22A4641461844FBF7B0FEB0692818B061781B7062F06818
:202C8000B1690144200081F800A004D42B20487001F1020804E02D224A7001F10208644236
:202CA000002502AF08E00A22684601F0E7FB019807F8010B6D1C009C21B20129F3DA022DE7
:202CC00006DA4AF02000652804BF302008F8010B4DB9302008F8010B07E06D1E02A8405DF3
:202CE000303008F8010B012DF7DAF068B1690844A8EB0000F06196F8380000F014001028C5
:202D00000DD17069B1690818716A0818F1690818B16A0818716B8842BCBF081A306206B087
:202D2000BDE8F087F8B504460D4616461F46002077B116F8011BA868A047A86030B1E86AC8
:202D4000401CE86200207F1EF3D1F2BD4FF0FF30F2BD000000000000000000006E616E0043
:202D60004E414E00696E6600494E46003000000001684FF6FE7211400160002101600021B9
:202D80004160002181600021C160B049884206D1AF49096851F00F01AD4A11606CE0AD4950
:202DA000884206D1AA49096851F0F001A84A116062E0A949884206D1A549096851F470612F
:202DC000A34A116058E0A549884206D1A049096851F470419E4A11604EE0A149884206D16C
:202DE0009B49096851F47021994A116044E09D49884206D19649096851F47001944A116054
:202E00003AE09949884206D19149096851F070618F4A116030E09549884206D19449096891
:202E200051F00F01924A116026E09249884206D18F49096851F0F0018D4A11601CE08E49DC
:202E4000884206D18A49096851F47061884A116012E08A49884206D18549096851F4704199
:202E6000834A116008E08649884205D18049096851F470217E4A1160704710B4002203686C
:202E80001A006FF30E128B680C6A23430C6923434C6923438C692343CC6923434C6A2343BF
:202EA0008C6A23431A430260CB6843600B6883604B68C36010BC7047D0F8A43033F08073C0
:202EC000C0F8A430D0F8A43053F08073C0F8A430C9B201290CD1D0F8A0301B0A1B02C0F8F4
:202EE000A030D0F8A030D2B21343C0F8A03063E0C9B202290DD1D0F8A03033F47F43C0F808
:202F0000A030D0F8A030D2B253EA0223C0F8A03052E0C9B203290DD1D0F8A03033F47F03E3
:202F2000C0F8A030D0F8A030D2B253EA0243C0F8A03041E0C9B204290DD1D0F8A03023F091
:202F40007F43C0F8A030D0F8A030D2B253EA0263C0F8A03030E0C9B205290CD1D0F8A430AF
:202F60001B0A1B02C0F8A430D0F8A430D2B21343C0F8A43020E0C9B206290DD1D0F8A4305D
:202F800033F47F43C0F8A430D0F8A430D2B253EA0223C0F8A4300FE0C9B207290CD1D0F86F
:202FA000A43033F47F03C0F8A430D0F8A430D2B253EA0243C0F8A430704749B2002904D02B
:202FC000026852F00102026004E002684FF6FE731A4002607047010000200022CB0003D583
:202FE000284B1B681A0002E0274B1B681A000A4202D00123180001E00023180040B27047B1
:20300000C10002D51A49086001E0114908607047010000200022CB0003D51A4B1B681A000B
:2030200002E0194B1B681A000A4202D00123180001E00023180040B27047C10002D50C49A1
:20304000086001E0024908607047000008000240040002401C0002403000024044000240D7
:20306000580002406C0002408000024008040240040402401C04024030040240440402404C
:203080005804024000040240000002402DE9F04786B004000D00002600275FF000085FF083
:2030A00000095FF0000AA8890028A246208A06004CF6FF700640E88806432682A089060036
:2030C0004EF6F3100640A88829890843698908430643A681A08A06004FF6FF400640A8895E
:2030E0000643A682684600F0BBF82448824508D02348824505D02348824502D022488245C7
:2031000002D10398070001E002980700A089000408D5192000FB07F029684900B0FBF1F01D
:20312000804607E0192000FB07F029688900B0FBF1F080466420B8FBF0F0000106003009F4
:20314000642101FB10808146A089000409D55FEAC90032306421B0FBF1F010F007000643B7
:2031600008E05FEA091032306421B0FBF1F010F00F000643268106B0BDE8F0870038014048
:2031800000600140006401400068014049B2002904D0828952F40052828104E082894DF670
:2031A000FF731A4082817047F0B4002300240025002689B240F66A17B94206000F00FFB2A0
:2031C0007F09FFB23B0089B211F01F073C000127A7403D00012B01D10C3604E0022B01D16E
:2031E000103600E0143652B2002A03D037682F43376002E03768AF433760F0BC704752B245
:20320000002A03D0838A0B43838202E0838A8B43838270478088C005C00D70470200002065
:2032200089B2B1F5007F13880B4202D00123180001E00023180040B2704710B40023002468
:2032400089B240F66A1291420A0092B2120A130001229A401400A4B2E243028010BC7047A0
:2032600070B40021002200230024DFF8A8512D6815F00C0529000D00002D04D0042D06D0E7
:20328000082D08D03FE0DFF8905105603EE0DFF8885105603AE0DFF87C512D68DFF87C61AB
:2032A00035402A00DFF86C512D6815F480352B0012F0C04F06D112F47015B5F5701F01D0E0
:2032C000022500E00125C2F38346520E12F030023243AA18002B05D1DFF8445105FB02F514
:2032E00005600FE0DFF82C512D68AD0305D5DFF8305105FB02F5056004E0DFF81C5105FB2B
:2033000002F5056002E0DFF810510560DFF804512D68C5F3021529003E4D2D682D0603D5EE
:20332000DFF80041645C00E000240568E5404560384D2D68C5F301252900364D2D686D05CF
:2033400003D5DFF8E040645C00E000244568E5408560304D2D68C5F3C12529002D4D2D683B
:20336000AD0402D52F4C645C00E000244568E540C560284D2D68C5F381352900254D2D68E7
:20338000ED0001D551F00401274D6D5C2C00C568B5FBF4F5056170BC704749B2002905D0B3
:2033A000224A12680243214B1A6004E01F4A126882431E4B1A60704749B2002905D01C4A77
:2033C000126802431A4B1A6004E0194A12688243174B1A60704749B2002905D0154A126864
:2033E0000243144B1A6004E0124A12688243114B1A60704749B2002905D00F4A1268024392
:203400000D4B1A6004E00C4A126882430A4B1A60704700000410024000127A0000003C605D
:2034200000093D00540000205C00002014100240181002401C1002400C10024000B589B0CC
:20344000DFF8C005006850F08070DFF8B8150860DFF8B005006850F40050DFF8A8150860A8
:20346000DFF8A4054088DFF8A41508604FF400500690802005905FF4003004905FF4803094
:2034800003904FF400400290DFF878050190DFF880050090DFF87C05036D9BB2DFF874054E
:2034A000026C92B2DFF86C05016B89B2DFF85805FDF784F801200890DFF85C05079010200F
:2034C00006904FF4006005900220049002200390DFF848050290DFF848050190DFF8440528
:2034E0000090DFF84435DFF84425DFF84415DFF844050088FCF7DAFEDFF81C0506904FF438
:20350000007005900420049004200390DFF80C050290DFF824050190DFF820050090DFF8C9
:203520002035DFF82025DFF82015DFF808050088FCF718FEDFF8140506904FF400500590EB
:203540000820049008200390DFF8D0040290DFF800050190DFF8FC040090DFF8FC34DFF805
:20356000FC24DFF8FC14DFF8AC04006E80B2FCF7F9FD00F0F2F909B000BD10B584B0DFF813
:20358000E4040088002840F0AE80DFF87C044089032802D10020040002E040F2DC500400AF
:2035A000DFF86004006830F48050DFF858140860DFF880040088210089B2884213D34FF497
:2035C00080500290DFF83C040190DFF89C040090DFF85434DFF85424DFF85414DFF85404BE
:2035E0000088FCF75DFD4FF480500290DFF814040190DFF878040090DFF84434DFF8442460
:20360000DFF84414DFF82C040088FCF703FD4FF480500290DFF8EC030190DFF85004009042
:20362000DFF83434DFF83424DFF83414DFF8E403006E80B2FCF7EEFCDFF8C8030068C004F4
:2036400011D5DFF82C04006850F00100DFF8201408600020DFF81C1408804FF4FA70DFF82E
:203660001814088017E0DFF80C040088DFF808140988884208D30020DFF8F4130860002081
:20368000DFF8F813086006E0DFF8E8030088401CDFF8E0130880DFF8D8030068C00722D52A
:2036A000DFF8DC030088401CDFF8D4130880DFF8D0030088642804DB8021DFF8C803FDF756
:2036C0007CFDDFF8BC030088C82808DB0020DFF8B01308808021DFF8AC03FDF771FD002095
:2036E000DFF8A41308801FBD1CB5DFF8A003B0F90000040001A800909FED7A0ADFF8143379
:203700000122210009B2DFF88803F8F70CFE0198DFF8801349894843800ADFF87C13086097
:203720000198DFF8701349894843800ADFF8E412086001A800909FED6B0ADFF860330122B3
:20374000210009B2DFF85803F8F7EDFD0198DFF8441389894843800ADFF83C13486001982D
:20376000DFF8301389894843800ADFF8A812086101A800909FED5B0ADFF82833012221006E
:2037800009B2DFF82403F8F7CEFD0198DFF80413C9894843800ADFF8001388600198DFF886
:2037A000F412C9894843800ADFF86812086201A800909FED4C0ADFF8F4320122210009B2CA
:2037C000DFF8EC02F8F7AFFD0198DFF8C812098A4843800ADFF8C012C8600198DFF8B41290
:2037E000098A4843800ADFF82C12086601ABDFF8C422DFF8A812DFF81C02F8F70AFE01981F
:20380000DFF89012498A4843800ADFF88C1208610198DFF88012498A4843800ADFF8F411A3
:20382000086301ABDFF89022DFF87812DFF86C02F8F7EFFD0198DFF85C12898A4843800A61
:20384000DFF8541248610198DFF84812898A4843800ADFF8C011086401ABDFF86022DFF8A0
:20386000B411DFF84002F8F7D4FD0198DFF82412C98A4843800ADFF8201288610198DFF83A
:203880001412C98A4843800ADFF888110865DFF830020078401CDFF828120870DFF820025E
:2038A0000078C0070BD5210009B2DFF8E401F8F729FF80B20A214843DFF80812C861DFF861
:2038C0005401026D92B2DFF84C01016C89B2DFF84401006B80B2F9F736F9DFF85811088074
:2038E00013BD00005C8F324080B50420F7F755FB7548407850F008007349487001207349F6
:20390000088001BD38B504000D00206870490860574800686E49096811EA500F0BD028002E
:20392000C0B2F7F73AFB6B4800880121A94008436849088010E0674800880121A9400842AC
:203940000AD0644800880121A9408843614908802800C0B2F7F79EFB31BD80B505215E4841
:20396000FFF7D0FF06215D48FFF7CCFF02215C48FFF7C8FF01215B48FFF7C4FF01BD5A4893
:203980000078002817D058484078022813D100205549087000205449487032480088002865
:2039A00003D118480068C00405D405204F49088000204F490880704710B500204D4908808F
:2039C00001200400E4B20D2C05DA2000C0B2F7F761FB641CF6E700203B4948703A48FAF70C
:2039E000EBFF0020444908800020444908801D480088002805D000201A49088032204049A3
:203A0000088010BDAC630020F46100201C640020BC630020245E0020A6620020A4630020DD
:203A2000B46300200262002000620020FE6100203D6300209A640020B0630020FC6100203C
:203A4000FA610020F86100203C630020AA620020B8630020086200200662002004620020B4
:203A60003E6300207E6400204864002046640020FC6300204A64002060010020A8630020F4
:203A800044640020001801404C6400207C640020681D002068610020F8600020345E00207D
:203AA000681F0020445E002068210020845E002068230020545E0020645E0020745E0020A1
:203AC000D264002034620020106400204E640020C0630020506400200A6200200C62002043
:203AE0000E62002010620020146400206A640020786400207A640020666400207264002044
:203B00006C640020002848BF4042704710B4002203881A0012F441528B891B0404D5838812
:203B200053F48073838004E083884FF6FF64234083800B884C8823438C882343CC8823434A
:203B40000C8923434C8923438C896404640C2343CC8923431A430280838B4FF2FF7423401D
:203B600083830B8A038210BC704749B2002904D0028852F04002028004E002884FF6BF7335
:203B80001A400280704781817047808970470200002013890B4202D00123180001E00023FC
:203BA000180040B27047F8B504460D4616461F4600F06CFC3B4632462946204601B0BDE8BD
:203BC000F04000F07ABC00000278C9B28A421AB11CBF10F8012FF9E718BF00207047000062
:203BE000C9B2830706D0521E22D310F8013B9942F7D11FE0083A13D302F1040241EA012131
:203C000041EA014150F8043B121F21BF4B40A3F1013C2CEA030C1CF0803FF3D0C9B2001FF6
:203C2000083210F8013B521E28BF91EA030FF8D818BF0120401E704780B500F027FC0120DC
:203C400002BD000070B5054605F10F00C408AFF30080E400A54232D2082C04D2082402E05B
:203C6000083000F055F82248026811000CD1011D0A6802B31368A34238BF111DF8D310E088
:203C80001D68A5420DD2191D0B68002BF8D11268011D00E0191D0B6893420CD01D68A542FE
:203CA000F8D361B10D682A68A2F10803A3420AD26A680A600FE000F023FC0028D0D1AFF31C
:203CC0000080002070BD2B190B60121B6E685E600B681A602C60096800291DBF4A68002ADC
:203CE000091D00210160AFF3008005F1080070BD9C63002070B504460D46164600F0C6FBE1
:203D0000324629462046BDE8704000F0C9BB000000B9704738B5A0F108042068082833D3D5
:203D200010F0070F30D1AFF300801848416809B18C4203D26160446017E019464B680BB1BA
:203D4000A342FAD30B68CD18AC421BD3A54204D12268D2180A600C4607E04A681AB12368A2
:203D600023449A420ED362604C60616851B12268A3188B4206D100230360086880182060EF
:203D800048686060AFF3008031BD00009C6300201B4213D1094236D12AB18446B0FBF2F0BF
:203DA00002FB10C2704700F0C1BBFCD30022002370470B000200002100207047904271EB13
:203DC000030CF6D370B5B1FA81F4B3FA83F52C1BA340C4F1200532FA05F63343A2405FF0CF
:203DE0000046E64002E05B085FEA3202841A71EB030524BF204629467641F4D302000B0050
:203E00003000002170BD012ACFD970B5140C20D0B1FA81F4B2FA82F5C4F120046419B4F1DE
:203E20002006D6D3B2405FF00044F440002502E052085FEA3303C61A71EB020E24BF304675
:203E4000714664416D41F3D302000B002000290070BD0C46B1FBF2F102FB11452D0445EA7B
:203E60001045B5FBF2F402FB145580B240EA0545B5FBF2F002FB105240EA044070BD30B4DB
:203E8000436803F000420121C3F313034360002B04BF0368002B08D10DE00368DD0F45EAE1
:203EA000440444605B000360491E4468E302F4D5C4F31303436043681A434260084630BC43
:203EC000704700004FF4001C1CEB410F94BF1CEB430F09E041EA030C50EA4C0C52EA0C0CC0
:203EE00003D2994208BF9042704714BF8B428242704700004FF4001C1CEB410F94BF1CEB97
:203F0000430F09E041EA030C50EA4C0C52EA0C0C03D28B4208BF8242704714BF99429042E2
:203F20007047000070B504460D466068C0F30A5040F2FF71884207D16068000304BF2068D9
:203F4000002817D0022070BD20B92046FFF797FF012866DA012D0FDB40F2FF71091A8D4223
:203F60000AD3606800284CBF9FED2F0B9FED300B84ED000B012070BD4142A942616806DAFB
:203F80006FF31E51401941EA0050606040E0401E63684519012205F1350062F31F533528A3
:203FA00001F00041636003D361600020206070BD002015F11F0F04DA2068236000222035F4
:203FC00062606A4212D0401E25688041C2F12003C0439D4045EAD07025686668D54006FA50
:203FE00003F32B4323606368D340636062680A43B0F1004F626003D80DD12078C0070AD579
:204000002068401C2060206828B96068401C60604FF0FF3070BD6068884204BF206800284F
:20402000F6D1002070BD00BF000000000000F0FF000000000000F07FF0B44FF0004591EAAC
:20404000030F44BF6B4000F073BA00BF841A71EB030604D26E40001BB141121973414FF40E
:20406000001C1CEB410F34BF7CEB430684E00C0DA4EB1356362E7DDC012E43DC45EAC32395
:2040800043EA525312BFD20292025B08240545EAC12141EA5051D2EBC020994125D407D164
:2040A000B0FA80F610FA06F164D00020203608E0B1FA81F6B140C6F1200220FA02F21143FF
:2040C000B0404FEAF474B4EB465434F001064FEA74040AD8D6F50016760D04F00044F0408C
:2040E00061FA06F25040F1404840C00A40EA415021F0004128BF5FEA500550F1000044EB58
:20410000D12137E045EAC323DB0A45EAC121C90AB6F120050EDD42EA0242120CC5F1200697
:2041200003FA06F6EB4042EA06056D42984161F100010DE062FA06F5F240554063FA06FCDF
:2041400082EA0C02F3405A406D42904161EB030111F4801F05D1641E620502D06D00404125
:20416000494121F48011430875F1004350F1000041EB0451F0BC70471CEB410F15D223F0A5
:20418000004352EA43060BD04FEA4C0CBCEB410F04D80C0D661E342EB7DDEBE7801A99413F
:2041A00050EA410608BF0021E4E708BF1CEB430F28BF6FF00001DDE72DE9F04140F2FF75B3
:2041C00081EA030C0CF0004C15EA11541DBF15EA1357AC42AF42E9E0BC41C1F31301C3F351
:2041E0001303801A994143F4801304D2641E4000494180185941C90241EA5051B1FBF3F6EB
:2042000003FB1611A2FB0675D7EBC020A94102D2761E80185941C90241EA5051B1FBF3FE07
:2042200003FB1E11A2FB0E75D7EBC020A94103D2AEF1010E80185941890241EA90517605DE
:2042400046EA8E2EB1FBF3F603FB1611A2FB0675D7EB8020A94102D2761E80185941C902EF
:2042600041EA50514EEA060EB1FBF3F603FB1611A2FB0675D7EBC020A94102D2761E8018C8
:204280005941C90241EA5051B1FBF3F703FB1711A2FB0735D3EBC020A94167F100070CBFA6
:2042A000004247F0010766F3D5274FEA1E31B80814F5806414DDBD0775F1004250EB0E50FD
:2042C00051EB045111F5801F5CBF41EA0C01BDE8F0814CF07F6141F0E0410020BDE8F0819B
:2042E000BD076D0840EA0E5041F48011D4F10104B4F120060ADAC4F120060200E04001FAC6
:2043000006F3E1401843B24015430EE0342C14DCC6F1200445EA40056D0820FA06F2154372
:2043200021FA06F0A1400D43002175F1004250F1000051EB0C01BDE8F08100205FEA0C015C
:20434000BDE8F081CFB992185B41B3FA83F704BFB2FA82F6BF190B3FB7F120062FBF02FA91
:2043600006F3BB40C7F1200622FA06F638BF3343BA401CB1E419641E2FE77F4231F0004167
:20438000B1FA81F404BFB0FA80F6A4190B3CB4F120062FBF00FA06F1A140C4F1200620FA96
:2043A00006F638BF3143A0403C1B16E7AC421ABF05EA1357AF4214E050EA41061CBF52EAC5
:2043C0004306BFE750EA4107304661461CBF41EA0551BDE8F08152EA430C08BFC143BDE8E2
:2043E000F08100204FF4001616EB410F98BF16EB430F08BF16EB410F24BFC14305E016EBF3
:20440000430F0CBF61464CEA0551BDE8F081000080B5134800F0F6F80FF24C020FF2440133
:204420000160426241600FF24402826381600FF24402C1600161416181618162C162016311
:204440004163C2630164416401BD10B5044800F0D9F80446206808B9FFF7DAFF204610BD64
:2044600064000020000000002E00000066616C7365000000747275650000000091FBF2F34E
:2044800003FB1211C0E900317047000080B5DFF80C0000F0B7F8806902BD0000F4000020F7
:2044A00030B430B90FF24800D0E90045C2E900451BE00170012030BC704730B431B90FF2F9
:2044C0003800D0E90045C3E900450EE01AB930BC6FF00100704708B10A7802800978481E4D
:2044E000804130BCC043C00F7047002030BC704700000000000000000000000000000000C3
:204500000749086808B1002070470648C008C00008600549C908C900091A0160704700BF2B
:20452000406400206F1100206819002070470000841A71EB030603D2001BB14112197341FB
:204540004FF4001C1CEB410F34BF7CEB430443E00C0DA4EB1356352E50DC45EAC323DB0A47
:2045600045EAC121C912B6F120050DDD63FA05F6EB4086EA0305124218BF45F00105C01860
:2045800051F100010CD213E062FA06F5F2405540F3415A40B340F3405A408018594107D34F
:2045A00049085FEA30005FEA350528BF45F0010501F58011420875F1004250F1000041EBA6
:2045C0000451F0BC4FF4001C1CEB410F38BF70470020090D090570471CEB410F10D252EA06
:2045E00043060BD0BCEB410F05D80C0DAB43661E342EB5DD02E0AB4380185941F0BC7047DF
:20460000F0BC7047704700000000FC242424FC252624FC242424040040308F80844C552578
:204620002525554C80808000804020908886808080838C10204080000080402018070040D3
:2046400080403F000000000000080808080828C4040404060400000080412121519189893A
:2046600085858383818080002030AC632018809090FF90494A484000226722121212404067
:2046800020130C142241F800003E22E2223E0010885724548C000000407E403F2222000155
:2046A000FE424242FE010100008060F807003E2222E222223E000000010000FF2011090532
:2046C00003FF030509112000101010FF109000F888898E888888F8000444827F8140300F57
:2046E0000000000000000100001060028C00FE02F202FE00F800FF000004047E0180473054
:204700000F10270047807F00101010FF9020984828090E2848A818000242817F00404042D9
:2047200042427E424242400040422410FF00844444447F4444440400222212120AFE422744
:204740000A1222324A424200002E2AAAAAAEAAFAAAAEAAAA2A2E0000808080FFAAAAAAAAF2
:20476000AAAAAAFF8080800004442414047C0506047C041424440400808081414325291149
:2047800029254341808080000000FE0282828282FA8282828282020080601F4040404040FA
:2047A0007F4040445840400080809E9292929EE0809EB2D2929E80000808F4949292F1000D
:2047C00001F2929494F8080000F888888888FF88888888F800000000001F080808087F88B7
:2047E0008888889F80F00000004044C4444444401010FF101010F00000103C131014B84004
:20480000300E014080403F001010D0FF901000FE020202FE00000000040300FF0083601F81
:204820000000003F40407800002018C744444444FC444444440400000404040704040404FF
:20484000FF0404040404040000000000FE2222222222222222FE0000008040300F02020230
:2048600002020242827F0000000000FE82828282828282FE00000000000000FF4040404066
:20488000404040FF0000000000FE20203F2000FC24E4242223E20000807F0101FF80601F6E
:2048A00080412618264180000010101010D030FF30D010101010000010080402090808FF5D
:2048C0000808090204081000808080BEA2A2A2A2A2A2A2BE808080000000000605040404A0
:2048E0004484443C00000000808084980000FE9292929292FE0000000080403F4080BF9070
:20490000888182848AB1800000007C40404040FF40404040FC000000007C40404040407F1B
:204920004040404040FC0000003E22E2223E000810FF00FFA0100800407E403F2222804288
:20494000310F007F8081F20000F80102F09292F29292F20202FE000000FF00000F04047FF7
:2049600004040F40807F000080A0908E888888FF8888888888808000000000FC4444444458
:20498000444444FC0000000012EAAFAAEA0FFA02888C5724548C84000202EAAAAAABAAABD0
:2049A000AAAAAAAAEA020200101010FF109040A09E8282829EA020000444827F01008080E6
:2049C000432C102844838000000000000001E21CE000000000000000804020100C0300000B
:2049E00000030C30408080000000F8494A4C48F8484C4A49F800000010101312121212FF88
:204A00001212121213101000406058C66000D01010FE1010D010000044CE45242400070465
:204A2000047F84848F80E0008080849800109010101010FE101010000080403F4080808310
:204A40008090A09F808080001060028C004464544D46445464C4040004047E0180403E00B1
:204A600000FE00007E80E00000F80122202222A2FA22222202FE000000FF0008040211209B
:204A80001F000040807F000020102CE7242400E22C20BF2028E600000101017F2111804F8F
:204AA00020100F10204F80000808080808F8898E888888880808080000804020180700004A
:204AC0004080403F0000000000F808080CCA494848C8080808F8000000FF0000001F0808DA
:204AE000081F0040807F00001010FF1090E02F29E909E9292FE0000042827F414425150D37
:204B000005FE0D1525454400008060F80740300FF888888888080800010000FF000000003C
:204B2000FF080808080800001010D0FF901000FC24E4242223E20000040300FF0083601F68
:204B4000804126182641800080828282FE8282828282FE8282828000008040300F000000DE
:204B60000000FF000000000000FC2024A8FFA82400FC4444C4424000003F2221202F20A325
:204B8000601F0000FF0000000808F94A48C84820D8171010F010100040300F20403F8040CF
:204BA0002116081621408000000000000000000000000000000000000101010101010101B7
:204BC00001010101010101008080FC96E584FC00A09E82829EA0200080601F024C807F806B
:204BE00080432C102C4380000888888888FF000000FF8888888808001010101010FF00002A
:204C000000FF101010101000201808EAACA8A8AFA8A8ACEA0828180000003E02020202FFFD
:204C2000020212221E0000001010D0FF90100202FE0202625AC60000040300FF0043308FFF
:204C400080432C102C438000C808090EE808405E5050DF50505E4000206F201C131000FE48
:204C6000027F027E82FE0000008060F80700FC848484FE8283828000010000FF0000FF4008
:204C80002000418E3040F8000040301E101010FF101010101000000081814121110D03012A
:204CA000030D112141818100002020A86C2A3928A82A6CA82020000002828190924A49456B
:204CC000242210080102020090523410FF10345280708F0808F80800829A566322528E0050
:204CE0008040330C334080000000FE0202F2121212F20202FE00000000007F202027242476
:204D0000242720207F00000000FC8080808000FE008040201000000000FF40402020007F61
:204D20008180808080F0000000020C80608040300FC808082818000002027E018040201882
:204D40000601061820408000008060F80704E4A4A4BFA4A4E4040000010000FF40407F4A07
:204D60004A4A4A4A7F40400040402020504844434448502020404000000000FE424242428B
:204D8000424242FE00000000008060F80710901011161010D0100000010000FF4040415E7A
:204DA0004040704E414040001060028C00FE02F2525A565252F2020004047E41300F201331
:204DC00049817F010913200000101010D0FF901000FE22222222FE000008040300FF000319
:204DE00000FF42424242FF0000F8010600F0121212F2020202FE000000FF0000001F111152
:204E0000111F0040807F00000000FE22222101403E0202021E2020001010FF11090980819A
:204E200047291129458380000040504E4848FF48484840F80000FF000000003E0202FF12B1
:204E4000221E000F40807F00100C042424242526A464240404140C00020202020242827F4C
:204E6000020202020202020000FC848484FC001010101010FF101000003F1010103F000083
:204E8000010640807F0000000000FC2424E42424222222A36200000040308F8040402314BB
:204EA000081422414080800000FE225A8600FE9292929292FE00000000FF04080700FF400C
:204EC00020030C142241400000002010E8242724A424342CE0000000000080804F40201896
:204EE000071010204F8000000484C434042F2424242F2424E42424000100FF00001F111199
:204F0000111F40807F000000202028A8A8A8A8F8A4A4A4A6242020008080A0AFAAAAAAFFE0
:204F2000AAAAAAAFA08080000484C4B48C0000E40404FE4243420000804428182720404F0D
:204F400048484F484848400000101010FF1010F00000F8080808F800008040300F40807FD5
:204F600000007F2020207F00808084980008E82828FE2828E80800000080403F409089855C
:204F800083BF838589908000040484C4A49C85868484A4C48404040000808040300F000018
:204FA000007F808081F00000100C05555555857F8555555505140C000404020A09292A4C78
:204FC00048A91902020404000000FC0404041415569454341404040040300F000101014139
:204FE000817F010101050300407C407F484840F2121AD61212F20200908E404F201E804F95
:2050000020180710204F80000014A4442434AD6624940444A414000008090808090909FDFA
:2050200009090B080809080004040404F49495969494F4040404040000FE02027A4A4A4AE9
:205040004A4A7A0282FE0000008060F80700FE02F202FE00F800FF00000000FF0080473002
:205060000F10270047807F0002020202C23EA2222222E202020202000000007827201013C8
:2050800000003F40404078000004FF242424FF0400FC4444C442400088482F0909192FC83C
:2050A000601F0000FF000000C8B88FE8888880824222121A26428000081808FF0404404240
:2050C00042427E424242400040484848FF484842A29E82A2C2BE000080601F207F44444095
:2050E0004F484848484F40001060028C0000FE9292929292FE00000004047E01407E424215
:205100007E427E42427E4000008C44B526A4640C02F21AD612F202001008FC4A494AFC0871
:20512000804F300F102FC000100C4444444445C64444444444140C008040201E2040407F9A
:20514000444444444440400000000000FC4444444546444444447C00004020180700FC44DD
:20516000444444444444FC0080808080FF8080A0908884828080800000000000FF402112EC
:2051800004081020204040001010FF1010202424A47F24342826200010100F04020402FF69
:2051A00049494949FF000000C8B88FE88888404848E85F4848484000081808FF0404000265
:2051C0000B1222D20A060000008040300F0808E80808084828180000808040201008060198
:2051E0000608102040808000008060F807101010D0FFD01010100000010000FF1008040B2C
:2052000008FF080B0408100004047454545454FF5454545474040400040415151555957F11
:20522000151515151F040400101010FF10105020D8171010F0101000007F2121217F8040F4
:205240002116081621408000000000E224282020202824E200000000806000077282828A75
:20526000B28282E700106000008060F8070004242425262424240400010000FF000000F942
:205280004949494949F90000040484E41C0724242424A46424040400020100FF0002024209
:2052A000827F0202020202008060F8878498002024A47F24342824000000FF00007F2412A9
:2052C00001FF494949FF00004030EF246448487F4848487F4848400001017F211100FF49DC
:2052E00049494949FF0000001010D0FF9010804828090E0828488800040300FF00018080EE
:20530000432C102C4380800002FA8282FE804020504C434C5020400008184884443F4044F3
:2053200058414E60584740001010D0FF905020504C434C5020404000040300FF004144585A
:20534000414E60584740400000007E92929292929292929E80E00000088848281E080808FD
:205360000808FE080808080002E222223E0000F94A4CF84C4AF90000004382423E0010131B
:205380001212FF121213100048445352567A52D0547B52565242420000009F553515151FC1
:2053A000151535559F00000080808888888888FF888888888880800020201008040201FFED
:2053C000010204081020200008CC4A49484ACC18007F88888482E00000FF121252927F0096
:2053E000007E88888482E000809090484C57242424544C4480808000000000FF4949497F85
:20540000494949FF00000000000000FE22222222FE22222222FE00000080601F02020202A1
:205420007F020242827F0000404042CC002022E22222E222222000000080403F40A098876C
:2054400080809FA0A0BC800004E4252624E4042020FF20E22C202000104B827E020B9060ED
:205460001C03003F40407000404040FE404000F00080FE4020E000002060201F1010017F93
:205480008180BF848887F00000002424242424FC2222222322000000020202020242827F21
:2054A0000202020202020200101010FF1050445465C64464544440000444827F0182824A74
:2054C000562322524E820200000000C04040407F48484848C808080000804037040414649F
:2054E000041464040710E0000000FC040404040404040404FC00000000007F2020202020FA
:20550000202020207F000000404042CC00004A32222AF121312D00000080403F408081BDC9
:20552000A1A1BFA1A1BD8100002064249494BF80809FA4A4A222380000000000FF0A0A0A5B
:205540000A0A4A8A7F0000004040424458C0407F40C050484640400080804020180700002A
:20556000003F4040404078004040C07E42424A72424242FE4040400000000F080808090EB4
:205580004888483F0808000002FE9292FE0200101116F01413100000101F0808FF0481411E
:2055A000310D030D3141810000000202FE42820242724E40C00000008040300C838041465A
:2055C0002810284641808000000000F8888C8A89888888F800000000000000FF4444444426
:2055E000444444FF0000000000080808F80808081010FF101010F000001030101F08884832
:20560000300E014080403F0004040484E43C2724242424E40404040004020100FF09090994
:205620000949897F00000000000040424242C27E42C242424240400000804020100C030081
:20564000003F404040407000000008080808080808080808080000001010101010101010C3
:20566000101010101010100000048484848484848484848484040000202020202020202006
:20568000202020202020200000001011161010F010101413100000008181414121110D03C6
:2056A0000D1121414181810000FE02FA02FE4020D8171010F01010008047300F1067804071
:2056C00021160816214080008080849800001010FE1010FE101000000080403F4081A19922
:2056E000878181BF8181810000F808080808887F8808080808F8000000FF00080402010012
:205700000001024C807F000000E000FF10200888780F08E808088800010000FF00100C83EE
:205720004423180718628100201008F754545454545454F404040000809090494D5725259A
:2057400025554D45808080004042CC00001E92527E525E52D21E000040201F205051504924
:205760004A44424140404000C8B88FE888C840DE52525252DE404000081808FF0424203F9F
:2057800025251515FF10100000000002020202FE0202020202FE000000004020100C0300E9
:2057A00000002040201F0000100C4424148445264484142444140C00040402FE4544444446
:2057C000444445FE020404000000020202028242F20E42820202020000100804020100003F
:2057E000FF00000001020C0000020212620202FE020242320202000001010101010101FF9F
:2058000001010101010101001088C42308F493F29AF6004044C444000100FF001097543F2B
:2058200054971040807F0000000888C8A99A8888680800F80000FF00009090482412192441
:205840004280000F40807F00000000FE92929292929292FE0000000040424458407F4040E1
:20586000407F40504846400040404242424242C24242424242404000201008060040807F38
:205880000000000204083000808084980000F848484C4A48487800000080403F4080BF9278
:2058A000929292929292BE0000E000FF10200404844424140C040000010000FF0000384619
:2058C0004140404040407800404042CC0040A09E8282829EA02020000000003F90884043E5
:2058E0002C102846418080004042CC0000E2222A2AF22A2622E0000080403F4080FF898903
:2059000089BF89A9C9BF8000404042CC008282FE828202FE000000000000007F201000FFC3
:205920000000000F3040F800404042CC009090909090FF10111610000000003F1028603F36
:205940001010010E3040F000000000F8A8A8ACAAA8A8A8F800000000806000077282828A43
:20596000B28282E70010600080884848281808FE0818284848888000808080BF95959595C9
:20598000959595BF8080800020222A2AAA6A3A2E292929292920200008040201FF555555DD
:2059A000555555FF00000000202020BEAAAAAAAAAAAAAABE20202000008080AFAAAAAAFF5B
:2059C000AAAAAAAF8080000020C20C80027A4A4A7E4A7E4A4A7A020004047E0144251545FC
:2059E000857D050515254400808084980010D25470505054D21000000080403F4080BF9572
:205A000095959595BF80800000F808FF08F800027A4A4A4A7A020200000F00FF080F00FF78
:205A200049497F4949FF0000002010E824272424E424342C20E000000080601F090909098E
:205A40007F090949897F0000002030AC633000FE021222C23202FE0000226722121200FFDF
:205A60000804030047807F00808084980000F8484848444446C400000080403F40B08FA035
:205A8000918A848A91A08000404042CC0000008484848484FC0000000000007F2010003F20
:205AA00040404040414070008080829292929292929292FE80808000404022241048807F48
:205AC000040818242240400080FE8282FE80FE8282FE8000F800FF00403F0020BF403F4048
:205AE000807F00004F807F0000FE225A8620102824E324281020200000FF040827110D41CD
:205B0000817F010509310000008060F80780601C1010FF1010100000010000FF0002020215
:205B20000202FF0202020200809090484C5724E424544C4480808000004222120A42827F7C
:205B400002020A12224200004042CC0000445454547F54545444400000007F201000FF1571
:205B6000151555957F00000088681FC80810C85452D1129408D01000091909FF0500FF1296
:205B800092FF005F807F00000000181610D0B89790909092941000000020108C838041468D
:205BA00028102844438080000080603C202020FE202020202020000081808484848484FF30
:205BC0008484848484808000001060020CC000E22C203F2028E600000004047C030000FFD2
:205BE00009090949897F000000083000FF20202020FF2020222C200004040201FF804030DB
:205C00000E01061820408000000808088848A81E28488808080800008272010178808085C6
:205C2000988080E1091262000008488808C83800901010FF101010000020100C0304180054
:205C40000043807F000000000474D454FF54D47414087784443C0400828988E88B8888F91D
:205C6000A8AAA9A8A98A820000404040FF2020200404FC040404FC00000000001F088442B4
:205C80002018074080403F00101010FF902010E82724E4342CE000000242817F00848447AD
:205CA000241C071C2447840000FE0202021222428242221A02020000007F40404844424106
:205CC0004041424C4040400000FE0212929292FE9292921202FE000000FF40405F484848B1
:205CE00048485F4040FF0000008060F807000000FF40201008040000010000FF00040201D5
:205D00003F404040404078000000F8888888880808FF08090AC8080080601F0010201F80AC
:205D2000402116182641F800404042CC00002024A4243FA424A460000000007F2010888A0F
:205D40004C29180F1828C8000202FE929292FE0206FC040404FC000008180F080804FF0497
:205D60008440271827408000108C4404E40495A64424148444940C0002027A414143427E4B
:205D800042424243F80000000484E45C44C40002F2828282FE80800002017F10103F0008D1
:205DA0000808084888403F000000202010081467844424140C0000000004040402FE43430B
:205DC0004242424242FE00002424A4FE232240300F08C80808281800080601FF0102100C80
:205DE00043807F0001061800000022322AA6A2622111098101000000004222130B42827E99
:205E000002020A12234600002030AC63300088C8A8998E88A8C8880022672212128040300C
:205E20000F00003F404071000020102CE7242400F01010FF1010F000000101017F211100C5
:205E4000070202FF0202070000020CE04020F84F4849FE484848080004047F000000FF2281
:205E600022223F22222220001060028C0084E41C05C6BC2424E4040004047E010000FF82D8
:205E80004126182946818000000000007F49494949497F000000000000FF49494949FF0086
:205EA000FF49494949FF00000000FE0202020202020202020202020080601F0000000000AB
:205EC00000000000000000002424A4FE232200C03800FF0008106000080601FF010681800E
:205EE000404027100C030000008282BAAAAAAAABAAAAAABA828280000241545454547CAA80
:205F0000AAAAAAAAA082E10000FE0222428272022242827202FE000000FF100806010E10E8
:205F20000806014E807F0000404040FE404000F00000FE80808000002060201F109080FF7B
:205F40008080FF80808080004042CC0000809E92929292929E80000000007F2094844424BF
:205F6000140F142444848400808888FF888880FE0202F20202FE00004020180708B04023CB
:205F80001806017E8083E000002030AC63201820900C0B080808F800002267221212120032
:205FA0000001064080403F00000000000000FE808080808080000000808080808080FF801E
:205FC0008080808080808000808084980010121C10F01018161000000080403F4081A191A7
:205FE0008D838589B181810004E4242464A4243F24A4642424E4040000FF00080909097F38
:2060000009090948807F000040445465C664544400FC4444C442400020124A827F020A923A
:20602000601F0000FF000000000808E82828283E282828E808080000808080FF95959595F1
:20604000959595FF80808000404444FC4444FC444400F80000FE000088849390909093FC5E
:2060600090909092948380004042CC0000829292F29E9292F282800000007F201000FC44BC
:2060800044444444FC000000040424242424252624242424240404000000F94949494949EF
:2060A00049494949F90000000000F010101010FF10101010F000000000000F04040404FF46
:2060C000040404040F00000008080838C808090E0808C838080808008080404020110A0483
:2060E0000A1120404080800000023AAA6A3F2A2A2AFF2AAA2EE000000002819E4242221A16
:206100002222425E81000000884828090A28488880708F0808F808004020110A040B30804E
:206120004020130C334080000000E28282828282828282FE0000000000003F40404040407E
:2061400040404040407800002038E730007CD655547C20D817F010002227121280621E4BDA
:206160008A7A806718678000000004FF242424FF0400FE222222FE000088482F090919AF88
:2061800048300F0242827F0000083000FF008884532212CA0600000004040201FF00020A83
:2061A0001242827F02020200000000FE2222222222E222227E0000001008060110102222B5
:2061C000448001020408080000E000FF1020080808FF0808F8000000010000FF00814131C3
:2061E0000D030D3141818100404042CC00202222A2622222222000000040201F20444E451C
:2062000044444445464C4000001088C4330040424242C24242424000020100FF000000003C
:2062200040807F000000000000080889EA1888000404FC040404FC0000020100FF01864027
:206240002018074080403F001010F01F10F00040E05847405060C00040221508162100006C
:20626000FE42424242FE00000000007F494949494949497F000000008141211D214181FF3B
:20628000898989898981810000028282422212FA0622224242820000010100FC444444457A
:2062A000444444FC0000010000101010101012F4101010101010000080808282828282FFD6
:2062C0008282828282808000040444C44F4444C424242FB42404040040442424150C04FE43
:2062E000040C1524244440008060DE484800C83820A8A8FEA8F820000202FF42A24D314F7D
:20630000888A8ABF8A8A8800404040404040FF444444444444404000000000000000FF00F0
:206320000002040810000000008060F80708080809FA080808080000010000FF4041414122
:20634000417F4141414140000484E45C44C42010E82724E4342CE00002017F10103F806021
:206360001F09093F49897F00404042CC0000000000FF0000000000000000003F9048201880
:20638000070007182040800008080808C8380F08080808080808080008040201FF414141B7
:2063A00041414141FF000000020202020202FE020242820202020200000000000000FF0001
:2063C00000000001060000001010101010F01E1010101010101010004020908C8382828253
:2063E000FE8282828280800000FC0000FF0004848484848484FC0000008740300F0020203E
:2064000020202020207F00004020F807F0A0904C5724A4544C8080000000FF001F80925251
:2064200049292412080000000484848484FC4030CC0B0808F8080800007F201010088040B6
:206440002116081621408000008060F8072020207FA0101116101000010000FF0000000051
:2064600000030C102040F80000040404FF5454545454FF040404000011118985939191FD09
:20648000919193858911110000101092543010FF10305492101000008485454424140C06B0
:2064A0000C14244445848400000090884C57A42454548C840000000001018042221A0702C3
:2064C0004282423E010101000000C000E002041800C0300C40800000088641203F484442FF
:2064E0004140407800010E00101010FF9020988888E98E8888A898000242817F00008084BE
:206500004B28102847800000000202F2121212F2020202FE020202000000000F0404040FB7
:206520000040807F0000000000FC00000204180000807F0000000000003F100884402010B8
:206540000C03081020C00000004042CC0000FE829292FE929282FE000000003F10887F004A
:206560001E1212125E807F00044444445F44C44444445F44C4040400000000000000FF00F9
:20658000000810080700000000101011F61010101010F41310100000028242320F02020229
:2065A0000202FF0202020200406058C62000FC90A080FE80A090000044CE45242400FF8872
:2065C0008482FF828488800008C8B88FE8888840300FC8082818000008180808FF04844013
:2065E000300E010E30408000504847FC444440080808FF0808F80000003E201F107E8141CF
:20660000310D030D314181000000108886C0C0A0AF9090888284080000010100FF4A4A4AB7
:206620004A4A4A4A4AFF0000000000000000000000000000000000000000000000000000E9
:2066400000000000000000000000000000000000000000000000000000000000000000003A
:2066600000000000000000000000000000000000000000000000000000000000000000001A
:206680000000000000000000000000000000000000000000000000000000000000000000FA
:2066A0000000000000000000000000000000000000000000000000000000000000000000DA
:2066C0000000000000000000000000000000000000000000000000000000000000000000BA
:2066E00000000000000000000000000000000000000000000000000000000000000000009A
:20670000000000000000000000000000000000000000000000000000000000000000000079
:20672000000000000000000000000000000000000000000000000000000000000000000059
:20674000000000000000000000000000000000000000000000000000000000000000000039
:20676000000000000000000000000000000000000000000000000000000000000000000019
:206780000000000000000000000000000000000000000000000000000000000000000000F9
:2067A0000000000000000000000000000000000000000000000000000000000000000000D9
:2067C0000000000000000000000000000000000000000000000000000000000000000000B9
:2067E000000000000000000000000000000000000000000000000000000000000000000099
:20680000000000000000000000000000000000000000000000000000000000000000000078
:20682000000000000000000000000000000000000000000000000000000000000000000058
:20684000000000000000000000000000000000000000000000000000000000000000000038
:20686000000000000000000000000000000000000000000000000000000000000000000018
:206880000000000000000000000000000000000000000000000000000000000000000000F8
:2068A0000000000000000000000000000000000000000000000000000000000000000000D8
:2068C0000000000000000000000000000000000000000000000000000000000000000000B8
:2068E000000000000000000000000000000000000000000000000000000000000000000098
:20690000000000000000000000000000000000000000000000000000000000000000000077
:20692000000000000000000000000000000000000000000000000000000000000000000057
:20694000000000000000000000000000000000000000000000000000000000000000000037
:20696000000000000000000000000000000000000000000000000000000000000000000017
:206980000000000000000000000000000000000000000000000000000000000000000000F7
:2069A0000000000000000000000000000000000000000000000000000000000000000000D7
:2069C0000000000000000000000000000000000000000000000000000000000000000000B7
:2069E000000000000000000000000000000000000000000000000000000000000000000097
:206A0000000000000000000000000000000000000000000000000000000000000000000076
:206A2000000000000000000000000000000000000000000000000000000000000000000056
:206A4000000000000000000000000000000000000000000000000000000000000000000036
:206A6000000000000000000000000000000000000000000000000000000000000000000016
:206A80000000000000000000000000000000000000000000000000000000000000000000F6
:206AA0000000000000000000000000000000000000000000000000000000000000000000D6
:206AC0000000000000000000000000000000000000000000000000000000000000000000B6
:206AE000000000000000000000000000000000000000000000000000000000000000000096
:206B0000000000000000000000000000000000000000000000000000000000000000000075
:206B2000000000000000000000000000000000000000000000000000000000000000000055
:206B4000000000000000000000000000000000000000000000000000000000000000000035
:206B6000000000000000000000000000000000000000000000000000000000000000000015
:206B80000000000000000000000000000000000000000000000000000000000000000000F5
:206BA0000000000000000000000000000000000000000000000000000000000000000000D5
:206BC0000000000000000000000000000000000000000000000000000000000000000000B5
:206BE000000000000000000000000000000000000000000000000000000000000000000095
:206C0000000000000000000000000000000000000000000000000000000000000000000074
:206C2000000000000000000000000000000000000000000000000000000000000000000054
:206C4000000000000000000000000000000000000000000000000000000000000000000034
:206C6000000000000000000000000000000000000000000000000000000000000000000014
:206C80000000000000000000000000000000000000000000000000000000000000000000F4
:206CA0000000000000000000000000000000000000000000000000000000000000000000D4
:206CC0000000000000000000000000000000000000000000000000000000000000000000B4
:206CE000000000000000000000000000000000000000000000000000000000000000000094
:206D0000000000000000000000000000000000000000000000000000000000000000000073
:206D2000000000000000000000000000000000000000000000000000000000000000000053
:206D4000000000000000000000000000000000000000000000000000000000000000000033
:206D6000000000000000000000000000000000000000000000000000000000000000000013
:206D80000000000000000000000000000000000000000000000000000000000000000000F3
:206DA0000000000000000000000000000000000000000000000000000000000000000000D3
:206DC0000000000000000000000000000000000000000000000000000000000000000000B3
:206DE000000000000000000000000000000000000000000000000000000000000000000093
:206E0000000000000000000000000000000000000000000000000000000000000000000072
:206E2000000000000000000000000000000000000000000000000000000000000000000052
:206E4000000000000000000000000000000000000000000000000000000000000000000032
:206E6000000000000000000000000000000000000000000000000000000000000000000012
:206E80000000000000000000000000000000000000000000000000000000000000000000F2
:206EA0000000000000000000000000000000000000000000000000000000000000000000D2
:206EC0000000000000000000000000000000000000000000000000000000000000000000B2
:206EE000000000000000000000000000000000000000000000000000000000000000000092
:206F0000000000000000000000000000000000000000000000000000000000000000000071
:206F2000000000000000000000000000000000000000000000000000000000000000000051
:206F4000000000000000000000000000000000000000000000000000000000000000000031
:206F6000000000000000000000000000000000000000000000000000000000000000000011
:206F80000000000000000000000000000000000000000000000000000000000000000000F1
:206FA0000000000000000000000000000000000000000000000000000000000000000000D1
:206FC0000000000000000000000000000000000000000000000000000000000000000000B1
:206FE000000000000000000000000000000000000000000000000000000000000000000091
:20700000000000000000000000000000000000000000000000000000000000000000000070
:20702000000000000000000000000000000000000000000000000000000000000000000050
:20704000000000000000000000000000000000000000000000000000000000000000000030
:20706000000000000000000000000000000000000000000000000000000000000000000010
:207080000000000000000000000000000000000000000000000000000000000000000000F0
:2070A0000000000000000000000000000000000000000000000000000000000000000000D0
:2070C0000000000000000000000000000000000000000000000000000000000000000000B0
:2070E000000000000000000000000000000000000000000000000000000000000000000090
:2071000000000000000000000000000000000000000000000000000000000000000000006F
:2071200000000000000000000000000000000000000000000000000000000000000000004F
:2071400000000000000000000000000000000000000000000000000000000000000000002F
:2071600000000000000000000000000000000000000000000000000000000000000000000F
:207180000000000000000000000000000000000000000000000000000000000000000000EF
:2071A0000000000000000000000000000000000000000000000000000000000000000000CF
:2071C0000000000000000000000000000000000000000000000000000000000000000000AF
:2071E00000000000000000000000000000000000000000000000000000000000000000008F
:2072000000000000000000000000000000000000000000000000000000000000000000006E
:2072200000000000000000000000000000000000000000000000000000000000000000004E
:2072400000000000000000000000000000000000000000000000000000000000000000002E
:2072600000000000000000000000000000000000000000000000000000000000000000000E
:207280000000000000000000000000000000000000000000000000000000000000000000EE
:2072A0000000000000000000000000000000000000000000000000000000000000000000CE
:2072C0000000000000000000000000000000000000000000000000000000000000000000AE
:2072E00000000000000000000000000000000000000000000000000000000000000000008E
:2073000000000000000000000000000000000000000000000000000000000000000000006D
:2073200000000000000000000000000000000000000000000000000000000000000000004D
:2073400000000000000000000000000000000000000000000000000000000000000000002D
:2073600000000000000000000000000000000000000000000000000000000000000000000D
:207380000000000000000000000000000000000000000000000000000000000000000000ED
:2073A0000000000000000000000000000000000000000000000000000000000000000000CD
:2073C0000000000000000000000000000000000000000000000000000000000000000000AD
:2073E00000000000000000000000000000000000000000000000000000000000000000008D
:2074000000000000000000000000000000000000000000000000000000000000000000006C
:2074200000000000000000000000000000000000000000000000000000000000000000004C
:2074400000000000000000000000000000000000000000000000000000000000000000002C
:2074600000000000000000000000000000000000000000000000000000000000000000000C
:207480000000000000000000000000000000000000000000000000000000000000000000EC
:2074A0000000000000000000000000000000000000000000000000000000000000000000CC
:2074C0000000000000000000000000000000000000000000000000000000000000000000AC
:2074E00000000000000000000000000000000000000000000000000000000000000000008C
:2075000000000000000000000000000000000000000000000000000000000000000000006B
:2075200000000000000000000000000000000000000000000000000000000000000000004B
:2075400000000000000000000000000000000000000000000000000000000000000000002B
:2075600000000000000000000000000000000000000000000000000000000000000000000B
:207580000000000000000000000000000000000000000000000000000000000000000000EB
:2075A0000000000000000000000000000000000000000000000000000000000000000000CB
:2075C0000000000000000000000000000000000000000000000000000000000000000000AB
:2075E00000000000000000000000000000000000000000000000000000000000000000008B
:2076000000000000000000000000000000000000000000000000000000000000000000006A
:2076200000000000000000000000000000000000000000000000000000000000000000004A
:2076400000000000000000000000000000000000000000000000000000000000000000002A
:2076600000000000000000000000000000000000000000000000000000000000000000000A
:207680000000000000000000000000000000000000000000000000000000000000000000EA
:2076A0000000000000000000000000000000000000000000000000000000000000000000CA
:2076C0000000000000000000000000000000000000000000000000000000000000000000AA
:2076E00000000000000000000000000000000000000000000000000000000000000000008A
:20770000000000000000000000000000000000000000000000000000000000000000000069
:20772000000000000000000000000000000000000000000000000000000000000000000049
:20774000000000000000000000000000000000000000000000000000000000000000000029
:20776000000000000000000000000000000000000000000000000000000000000000000009
:207780000000000000000000000000000000000000000000000000000000000000000000E9
:2077A0000000000000000000000000000000000000000000000000000000000000000000C9
:2077C0000000000000000000000000000000000000000000000000000000000000000000A9
:2077E000000000000000000000000000000000000000000000000000000000000000000089
:2078000000000000000000000020DFF8781C08800020DFF8741C08800020DFF8701C08704B
:207820000020DFF86C1C0870704780B5DFF8641CDFF8640CF8F748F9DFF8481C0880DFF8FD
:20784000440C008800285CD0DFF8480C0078582831D1DFF8400CC07958282CD1DFF8240CF7
:207860000288DFF8301CDFF8340C007902F09CFC00285DD002F0F8FCDFF8242CDFF8141CD8
:20788000DFF8180C007902F0F1FCDFF8FC1B0880DFF8F40B0288DFF8081CDFF8FC0BF8F7F7
:2078A0005AF90020DFF8E01B0880F4F746FB0D20F3F773FB3CE0DFF8DC0B0078512809D1A5
:2078C000DFF8C00B0088012804D10120DFF8D41B08702DE000F0B8FB002829D000F0D8FB8D
:2078E000DFF8A40B0288DFF8B81BDFF8AC0BF8F732F90020DFF8901B08800D20F3F74DFB9D
:2079000016E0DFF8A00B007800280ED00020DFF8941B0870DFF8902BDFF8841BDFF8740BF5
:2079200000F008F8DFF8601B08800D20F3F7B2FB01BD00002DE9F0472DED028B88B00400CB
:207940000E0015004FF47A71DFF8540BF5F7ACF8DFF84C0B0600DFF8540B0278DFF8501BEA
:207960003000F7F721FBADF81A00BDF81A00DFF81C1E0880DFF8140E00880644DFF8341BB5
:207980003000F7F711FBADF81A00DFF8000E0088BDF81A100818DFF8F41D0880BDF81A0053
:2079A0000644DFF8F80A8079002800F0A1800020ADF81800BDF81800DFF8F01A097889B22B
:2079C000884280F03681DFF8F00ABDF8181009010844F7F76DFDADF81C00DFF8DC0ABDF827
:2079E000181009010844801DF7F762FDADF81E00DFF8C40ABDF8181009010844C07A012821
:207A000003D19FEDE40AB0EE408ADFF8AC0ABDF8181009010844C07A002803D1B7EE000A0B
:207A2000B0EE408ADFF8900ABDF8181009010844C07A022803D1B7EE000AB0EE408ADFF814
:207A4000780ABDF8181009010844C07A032803D19FEDDF0AB0EE408ADFF85C0ABDF8181041
:207A600009010844C07A042803D19FEDDA0AB0EE408ABDF81870BDF81E80BDF81890BDF8FC
:207A80001CA018EE100A02F09FFECDE90401DFF8280ABFB239010844801D02901FFA88F8F8
:207AA000CDF80480DFF8100A1FFA89F95FEA0911084400901FFA8AFA5346BDF81820DFF8B8
:207AC000D01C3000F7F770FAADF81A00DFF8BC0C0088BDF81A100818DFF8B01C0880BDF86D
:207AE0001A000644BDF81800401CADF8180061E70020ADF81800BDF81800DFF8B019097829
:207B000089B2884280F09580DFF8AC09BDF8181009010844F7F7CCFCADF81C00DFF898092D
:207B2000BDF8181009010844801DF7F7C1FCADF81E00DFF88409BDF8181009010844C07A36
:207B4000012803D19FEDDC0AB0EE408ADFF86809BDF8181009010844C07A002803D19FED11
:207B6000D70AB0EE408ADFF85009BDF8181009010844C07A022803D19FEDD10AB0EE408A52
:207B8000DFF83409BDF8181009010844C07A032803D19FEDCC0AB0EE408ADFF81C09BDF8EA
:207BA000181009010844C07A042803D19FEDE40AB0EE408ABDF81870BDF81E80BDF818903E
:207BC000BDF81CA018EE100A02F0FEFDCDE90401DFF8E408BFB239010844801D02901FFA6A
:207BE00088F8CDF80480DFF8D0081FFA89F95FEA0911084400901FFA8AFA5346BDF8182010
:207C0000DFF8901B3000F7F7CFF9ADF81A00DFF87C0B0088BDF81A100818DFF8701B08806E
:207C2000BDF81A000644BDF81800401CADF8180061E74022DFF8601B3000F7F7B5F9ADF8D8
:207C40001A00DFF8480B0088BDF81A100818DFF83C1B0880BDF81A000644DFF8401B300028
:207C6000F7F7A2F9ADF81A00DFF8200B0088BDF81A100818DFF8141B0880BDF81A0006448C
:207C80000020ADF81800BDF81800102853DABDF81800DFF80C1B097889B2884230D2DFF8AB
:207CA000040B0068BDF81810112251430844401CF7F7FEFBADF81C00BDF81800BDF81C308B
:207CC000DFF8E01A096880B2112250430844401C00909BB2BDF81820DFF8CC1A3000F7F71D
:207CE00063F9ADF81A00DFF8A40A0088BDF81A100818DFF8981A0880BDF81A00064414E03F
:207D0000BDF81820DFF8A41A3000F7F74DF9ADF81A00DFF8780A0088BDF81A100818DFF807
:207D20006C1A0880BDF81A000644BDF81800401CADF81800A7E70020ADF81800BDF81800FE
:207D4000102860DABDF81800DFF8641A097889B2884233D2DFF85C0A0068BDF818100C2254
:207D600051430844F7F7A4FBADF81C00BDF81800BDF81C30DFF83C1A096880B20C22504376
:207D8000084400909BB2BDF8180010F11002DFF8181A01E0CDCCCC3D3000F7F705F9ADF88D
:207DA0001A00DFF8E8090088BDF81A100818DFF8DC190880BDF81A0006441EE00420ADF826
:207DC0001C00BDF8180010F11002DFF8EC1903E00AD7233C6F12833A3000F7F7E5F8ADF8CA
:207DE0001A00DFF8A8090088BDF81A100818DFF89C190880BDF81A000644BDF81800401C04
:207E0000ADF818009AE70020ADF81800DFF87C090088FF2190FBF1F0401CBDF818108142DB
:207E200030DADFF868090088BDF81810FF2202FB1100FF2803DBFF20ADF81A0009E0DFF8B9
:207E40004C090088BDF81810FF2202FB1100ADF81A00BDF81A2092B2DFF84406BDF8181049
:207E6000FF2359430144DFF83006F7F774FEF4F764F8C820F3F78BF9BDF81800401CADF827
:207E80001800C3E7DFF8180606000020DFF8FC1808804FF47A71DFF80806F4F705FE002071
:207EA000ADF81800BDF81800202880F28680BDF81800DFF8041C07E0E5FF1F3BF9FF473D13
:207EC000FE7FD83EDEFFC73C097889B2884274D2BDF8180000286AD0DFF8800C0068BDF8B4
:207EE0001810142251430844407C202845DBDFF86C0C0068BDF81810142251430844407CBA
:207F000040283ADADFF8540C0068BDF81810142251430844401CF7F7CBFAADF81C00BDF8CE
:207F20001800BDF81C30DFF8341C096880B2142250430844401C00909BB2DFF8200C01E02C
:207F40004201003A0068BDF81810142251430844427CDFF80C1C3000F7F726F8ADF81A0091
:207F6000DFF828080088BDF81A100818DFF81C180880BDF81A00064419E00420ADF81C00E9
:207F8000BDF8180010F12002DFF8D81B3000F7F70BF8ADF81A00DFF8F4070088BDF81A100E
:207FA0000818DFF8E8170880BDF81A000644BDF81800401CADF8180074E70020ADF818000C
:207FC000DFF8C8070088FF2190FBF1F0401CBDF81810814230DADFF8B4070088BDF81810EA
:207FE000FF2202FB1100FF2803DBFF20ADF81A0009E0DFF898070088BDF81810FF2202FB8D
:208000001100ADF81A00BDF81A2092B2DFF89004BDF81810FF2359430144DFF87C04F7F7CD
:208020009AFDF3F78AFFC820F3F7B1F8BDF81800401CADF81800C3E7DFF85007008808B0BD
:20804000BDEC028BBDE8F08780B5DFF838040188DFF84004F5F716F8002801D0002016E0D9
:20806000DFF830040078DFF8681C0870DFF824044078DFF81C140870DFF820040079DFF829
:20808000501C0978884201D0002000E0012002BD80B5DFF8FC030078012812D002281CD0D4
:2080A000032826D0042830D005283AD006284AD00C2850D00F283ED0102854D030285AD07D
:2080C00061E0DFF8E423DFF8D813DFF8C80300F081F8DFF8B41308805CE0DFF8CC23DFF8B5
:2080E000C013DFF8B00300F0E9F9DFF89C13088050E0DFF8B423DFF8A813DFF8980300F071
:20810000F7FDDFF88413088044E0DFF89C23DFF89013DFF8800300F05BFBDFF86C130880C3
:2081200038E0DFF88423DFF87813DA4800F0C6FCD54908802EE0DC4AD949D64800F022FD4A
:20814000D149088026E0D84AD549D24800F00CFDCD4908801EE0D44AD149CE4801F004F94C
:20816000C949088016E0D04ACD49CA4801F0E4FCC54908800EE0CC4AC949C64802F010F8A8
:20818000C149088006E0C64A0121C24800F004F8BD490880002002BD2DE9F04104000D007A
:2081A000160020783070207850F080007070B57003200700390089B23000F4F763FF804633
:2081C00086F80380404680B2000A3071B81C80B2BDE8F0812DE9F64F91B004005FF0000927
:2081E0005FF0000A00250026A01CDFF8E81A0860DFF8E00A00680078DFF8DC1A0880DFF811
:20820000D40A0068401CDFF8CC1A0860DFF8C80A00880002DFF8C01A0880DFF8BC0A008806
:20822000DFF8B01A096809780843DFF8AC1A0880DFF8A00A0068401CDFF8981A0860DFF82E
:20824000940A00680078DFF8941A0880DFF8840A0068401CDFF87C1A0860DFF8800A0088AC
:208260000002DFF8781A0880DFF8700A0088DFF8641A096809780843DFF8601A0880DFF8F0
:20828000540A0068401CDFF84C1A0860DFF8480A0088402805DB119A02212000FFF77CFFBF
:2082A000EDE0DFF8340A0088DFF8301A09880818412807DBDFF8200A0088D0F14000DFF8D6
:2082C0001C1A088071480078754908707048007873494870DFF8040A008880B2C0087049B5
:2082E0008870DFF8F8090088082190FBF1F201FB1200002804D06A488078401C68498870D6
:2083000003208246DFF8D0090088082190FBF1F006000320814662488078F6B23018C01C47
:20832000814506DA00205E4901F8090019F10109F1E7002080464746DFF8A4090078074329
:20834000DFF89C09407857EA0027DFF898090068008857EA0047DFF89009007850EA08085F
:20836000DFF88409407858EA0028DFF87C09807858EA0048DFF87009C07858EA0068002047
:208380008146B9F1040F0ADADFF8540948440079DFF8541901F8090019F10109F1E70020EA
:2083A0008146B9F1200F0ADA380030FA09F010F00100694601F8090019F10109F1E7002020
:2083C0008146B9F1200F0BDA404630FA09F010F001006946494481F8200019F10109F0E7AE
:2083E000DFF8F40800888146DFF8EC080088DFF8EC180988081881452ADADFF8DC0800886F
:20840000B9EB0000082190FBF1F005005AFA85F040281DDA684610F80900002815D0DFF853
:20842000B8080088B9EB000008211D4A5AFA85F3D25C012390FBF1FC01FB1C0013FA00F015
:20844000104317495AFA85F2885419F10109CBE7134880781AEB000A5046010089B2104870
:20846000F4F710FE83460E4800F80AB0584680B2000A0B49514448701AF1020080B213B0B5
:20848000BDE8F08FAC640020AE640020F6640020F764002068490020003801405063002044
:2084A000184E0020F8640020A45D0020AFF4000808DC010810DB010864D501082DE9F64F70
:2084C00091B004005FF000095FF0000A00250026A01CDFF800180860DFF8F8070068007892
:2084E000DFF8F4170880DFF8EC070068401CDFF8E4170860DFF8E00700880002DFF8D8173C
:208500000880DFF8D4070088DFF8C817096809780843DFF8C4170880DFF8B8070068401C12
:20852000DFF8B0170860DFF8AC0700680078DFF8AC170880DFF89C070068401CDFF89417E9
:208540000860DFF8980700880002DFF890170880DFF888070088DFF87C1709680978084318
:20856000DFF878170880DFF86C070068401CDFF864170860DFF860070088402805DB119A8C
:2085800002212000FFF708FEFCE0DFF84C070088DFF8481709880818412807DBDFF83807C6
:2085A0000088D0F14000DFF834170880DFF820070078DFF8681D0870DFF830070078DFF8E1
:2085C0005C1D4870DFF81407008880B2C008DFF84C1D8870DFF804070088082190FBF1F2BD
:2085E00001FB1200002806D0DFF8300D8078401CDFF8281D887003208246DFF8DC060088C7
:20860000082190FBF1F0060003208146DFF80C0D8078F6B23018C01C814507DA0020DFF883
:20862000FC1C01F8090019F10109EFE7002080464746DFF8AC0600780743DFF8A40640783F
:2086400057EA0027DFF89C060068008857EA0047DFF89406007850EA0808DFF88C0640786D
:2086600058EA0028DFF88006807858EA0048DFF87806C07858EA006800208146B9F1040FD6
:208680000ADADFF85C0648440079DFF85C1601F8090019F10109F1E700208146B9F1200FC1
:2086A0000ADA380030FA09F010F00100694601F8090019F10109F1E700208146B9F1200F1D
:2086C0000BDA404630FA09F010F001006946494481F8200019F10109F0E7DFF8FC050088EB
:2086E0008146DFF8F4050088DFF8F0150988081881452CDADFF8E0050088B9EB00000821F1
:2087000090FBF1F005005AFA85F040281FDA684610F80900002817D0DFF8BC050088B9EB2C
:2087200000000821DFF8F42B5AFA85F3D25C012390FBF1FC01FB1C0013FA00F01043DFF845
:20874000DC1B5AFA85F2885419F10109C9E7DFF8CC0B80781AEB000A5046010089B2DFF859
:20876000BC0BF4F78FFC8346DFF8B00B00F80AB0584680B2000ADFF8A41B514448701AF1E7
:20878000020080B213B0BDE8F08F0000B0640020B8DA01082CDB010820DC010838DC0108BD
:2087A000D6640020E063002050DF010860DF0108D7640020E463002070DF010802004FF41D
:2087C000006303FB02F393FBF1F3180000B270472DE9F74F2DED028B824600241AF1020054
:2087E000DFF8F0140860DFF8EC0400680078DFF8E8140880DFF8DC040068401CDFF8D414FA
:208800000860DFF8D40400880002DFF8CC140880DFF8C4040088DFF8BC140968097808436D
:20882000DFF8B4140880DFF8AC040068401CDFF8A4140860DFF89C0400680078DFF89C14F1
:208840000880DFF890040068401CDFF888140860DFF8880400880002DFF880140880DFF8CF
:208860007C040088DFF86C14096809780843DFF86C140880DFF85C040068401CDFF8541443
:208880000860DFF89C0A0078DFF84C14098880B2884205D2039A02215046FFF77DFC07E133
:2088A000DFF87C0A0078DFF830140988DFF82C2412885118884209DADFF8640A0078DFF8CC
:2088C00018140988401ADFF814140880DFF800040078DFF8481A0870DFF810040078DFF8BC
:2088E0003C1A4870DFF8F4030088C0B24000DFF82C1A8870DFF82C0A070000200400DFF83E
:20890000280A8079002800F09080DFF8CC03B0F90000060036B2DFF8C0030088DFF8BC13FF
:2089200009880818864280F2A780DFF8000A36B231010844C07A012811D13868DFF8F01919
:2089400009684843F9F710F80022DFF8E839FBF733FC01F061FF08EE100A3F1D4EE0DFF826
:20896000CC0936B231010844C07A002811D13868DFF8C41909684843F8F7F6FF0022DFF84B
:20898000BC39FBF719FC01F047FF08EE100A3F1D34E0DFF8980936B231010844C07A0228E2
:2089A00021D13868DFF8881909684843F8F7D2FF0022DFF88039FBF7FFFB80468946DFF8E7
:2089C00078090068F8F7C6FF42464B46F8F7DAFF0022DFF86C39FBF7EFFB01F01DFF08EE9C
:2089E000100A3F1D0AE038680A2190FBF1F000EE100AB8EEC00AB0EE408A3F1DBDEEC80A27
:208A000010EE100A80B2000ADFF81019E4B22144C870BDEEC80A10EE100ADFF80019E4B2B4
:208A200021440871A41C761C74E7AB48B0F90000060036B2A8480088A8490988081886423F
:208A40001ADADFF8E80836B231010844C1683868FFF7B4FE05003F1D280080B2000ADFF8E8
:208A6000BC18E4B22144C870DFF8B008E4B220440571A41C761CDCE7DFF8A0088470E4B2D2
:208A8000E11C89B2DFF89408F4F7FCFA8346DFF88C08E4B2204480F803B0584680B2000A17
:208AA000DFF87818E4B221440871E4B2601D80B2BDEC028BBDE8FE8FD5640020F8B5040024
:208AC0000D001600A01C83490860824800680078DFF8701808807F480068401C7D49086039
:208AE000DFF8600800880002DFF858180880DFF8540800887749096809780843DFF84418F3
:208B0000088074480068401C72490860714800680078DFF8341808806E480068401C6D49B6
:208B200008606C4800680078DFF82018088069480068401C6749086069484078C00705D50B
:208B40002A0007212000FFF727FB06E008273A0021002800F5F73EFF0820F2BDDC63002094
:208B600080DF010890DF0108F8B504000D001600FAF722FF08273A0021002800F5F72AFF68
:208B80000820F2BDF8B504000D001600A01C51490860504800680078DFF8B41708804D4835
:208BA0000068401C4B490860DFF8A40700880002DFF89C170880DFF89807008845490968DA
:208BC00009780843DFF88817088042480068401C404908603F4800680078DFF87817088037
:208BE0003C480068401C3B490860DFF8680700880002DFF860170880DFF85807008835495F
:208C0000096809780843DFF84C17088031480068401C30490860DFF838070088002808D099
:208C2000DFF834070078DFF82817098880B2884205D22A0002212000FFF7AEFA46E0DFF828
:208C400010070088401EDFF80817088041F28830DFF8081708804FF4FA70DFF80417088009
:208C6000DFF8F0060088B0F57F4F0BD0DFF8E4060088FF2806D0DFF8DC0600884FF6FF7115
:208C800088420AD1DFF8DC06DFF8C416098811225143405CF2F781F911E0DFF8B806008860
:208CA00000280AD1DFF8BC06DFF8A416098811225143405CF2F7EEF901E0002006E00827AD
:208CC0003A0021002800F5F785FE0820F2BD0000F664002030640020B2640020B46400202F
:208CE00084630020E863002008640020F76400202DE9FE4F04000D001600A01CDFF8F41DCD
:208D00000860DFF8F00D00680078DFF8EC1D0880DFF8E00D0068401CDFF8D81D0860DFF83C
:208D2000D80D00880002DFF8D01D0880DFF8C80D0088DFF8C01D096809780843DFF8B81DA7
:208D40000880DFF8B00D0068401CDFF8A81D0860DFF8A00D00680078DFF8A01D0880DFF8D8
:208D6000940D0068401CDFF88C1D0860DFF88C0D00880002DFF8841D0880DFF8800D0088C0
:208D8000DFF8701D096809780843DFF8701D0880DFF8600D0068401CDFF8581D0860DFF8B3
:208DA000540D0560DFF8580D0078DFF8481D09680870DFF8400D0068401CDFF8381D086098
:208DC0000320DFF8301D09680870DFF8280D0068401CDFF8201D0860DFF81C0D0088322835
:208DE0007CDADFF8140D0088DFF83415097889B2884205D32A0002212000FFF7CDF976E29E
:208E0000DFF81C050078DFF8F01C0988DFF8EC2C12885118884209DADFF804050078DFF8A0
:208E2000D81C0988401ADFF8D41C0880DFF8CC0C00884000DFF8CC1C0880DFF8C80C008813
:208E4000DFF8B01C09680870DFF8A80C0068401CDFF8A01C0860DFF8CC048146DFF8980C53
:208E60000088DFF8A41C0880DFF89C0C0088DFF88C1C0988884280F02D82DFF8B004DFF8E9
:208E8000881C098809010844C168D9F80000FFF795FC824619F10409504680B2000ADFF83E
:208EA000541C09680870DFF84C0C0068401CDFF8441C0860DFF83C0C006880F800A0DFF851
:208EC000340C0068401CDFF82C1C0860DFF8380C0088401CDFF8301C0880C5E7DFF8180CB6
:208EE000008850286CD10620DFF8181C0880DFF8140C0088DFF8FC1B09680870DFF8F40B50
:208F00000068401CDFF8EC1B0860DFF8000C0068007ADFF8E01B09680870DFF8D80B0068A5
:208F2000401CDFF8D01B0860DFF8E00B0068407ADFF8C01B09680870DFF8B80B0068401CCE
:208F4000DFF8B01B0860DFF8C40B0068807ADFF8A41B09680870DFF89C0B0068401CDFF867
:208F6000941B0860DFF8A40B0068C07ADFF8841B09680870DFF87C0B0068401CDFF8741BCB
:208F80000860DFF8880B0068007BDFF8681B09680870DFF8600B0068401CDFF8581B086021
:208FA000DFF8680B0068407BDFF8481B09680870DFF8400B0068401CDFF8381B086089E13F
:208FC000DFF8340B008855281FD1DFF8440BF6F76FFA8346DFF83C0BF6F76AFADFF8381BA8
:208FE00009880291DFF8281B0191CDF800B0DFF8243B0200DFF8241BDFF8F80A0068F5F7B1
:20900000D3FFDFF8001B088064E1DFF8EC0A008860282CD10220DFF8EC1A0880DFF8E40A99
:209020000088DFF8D01A09680870DFF8C80A0068401CDFF8C01A08600020DFF8B81A09683E
:209040000870DFF8B00A0068401CDFF8A81A0860DFF8CC0A0078DFF89C1A09680870DFF8D0
:20906000940A0068401CDFF88C1A086032E1DFF8880A0088FA2880F28F80DFF87C0A00881D
:209080006438DFF8741A0880DFF86C0A0088DFF8941A097889B2884205D32A000221200022
:2090A000FFF77AF823E1DFF87C0A0078DFF8481A0988DFF8482A12885118884205DA2A0086
:2090C00002212000FFF768F811E1DFF8300A00884C2805DB2A0002212000FFF75DF806E179
:2090E000DFF8180A008880B24000DFF8181A0880DFF8100A0088DFF8FC1909680870DFF8C7
:20910000F4090068401CDFF8EC190860DFF8EC090088DFF8E41909880818DFF8E019088019
:20912000DFF8040AC078002802D1DFF8000A0700DFF8C4090088DFF8D0190880DFF8C80913
:209140000088DFF8B8190988884280F0C38038888046BF1C404680B2000ADFF898190968B5
:209160000870DFF890090068401CDFF888190860DFF88009006880F80080DFF878090068E3
:20918000401CDFF870190860DFF87C090088401CDFF874190880D1E7DFF85C090088B0F55E
:2091A0009670DFF854190880DFF84C090088DFF88019097889B2884205D32A0002212000EE
:2091C000FEF7EAFF93E0DFF868090078DFF828190988DFF8282912885118884209DADFF826
:2091E00050090078DFF810190988401ADFF80C190880DFF8080900884000DFF808190880FF
:20920000DFF800090088DFF8EC1809680870DFF8E4080068401CDFF8DC180860DFF8DC08AD
:209220000088DFF8D41809880818DFF8D0180880DFF8C4080088DFF8D0180880DFF8C808D2
:209240000088DFF8B8180988884243D2DFF8E408006800880121DFF8B02812889140084236
:2092600018D00020DFF88C1809680870DFF884080068401CDFF87C1808605520DFF87418B0
:2092800009680870DFF86C080068401CDFF86418086017E00020DFF85C1809680870DFF8F9
:2092A00054080068401CDFF84C180860AA20DFF8441809680870DFF83C080068401CDFF84F
:2092C00034180860DFF840080088401CDFF838180880B3E7DFF82C080088C11C89B22800BB
:2092E000F3F704F8DFF81C080088401D80B2BDE8FE8F0100C9B20A20C9B20A2291FBF2F287
:2093000091FBF0F300FB131050EA0210DFF88C2D1070DFF8880D007870470000184E002043
:20932000AFF40008346200205063002064D5010818640020000059401C64002000408F40D3
:209340000088C340B6640020B8640020BA640020BC640020BE640020261B01087864002006
:209360006A640020E4D501082DE9F84304000D001600DFF8BC0D0560DFF8240D4079DFF828
:20938000201D097A88422FD10120DFF8181D0870DFF86C070078DFF8981D09680870DFF890
:2093A000900D0068401CDFF8881D08600C20DFF8801D09680870DFF8780D0068401CDFF8E8
:2093C000701D08600020DFF8681D09680870DFF8600D0068401CDFF8581D0860032128002B
:2093E000F2F784FF052082E3DFF8B40CDFF8B01C49790A22514308440A3007000020DFF837
:20940000341D0870DFF82C0D0078DFF82C1D0978884214D27878DFF8241D0968DFF8142D19
:20942000127814235A431144497C884207D0DFF8040D0078401CDFF8FC1C0870E2E7DFF850
:20944000C0060078DFF8E81C09680870DFF8E00C0068401CDFF8D81C08600C20DFF8D01C61
:2094600009680870DFF8C80C0068401CDFF8C01C08600F20DFF8B81C09680870DFF8B00C23
:209480000068401CDFF8A81C08607888DFF8B01C0880DFF8AC0C0088642190FBF1F0DFF8FB
:2094A000901C09680870DFF8880C0068401CDFF8801C0860DFF8880C0088642190FBF1F227
:2094C00001FB1200C0B2DFF8781C0880DFF8700C0088C0B2FFF70DFFDFF8541C096808709A
:2094E000DFF84C0C0068401CDFF8441C08603879DFF83C1C09680870DFF8340C0068401C36
:20950000DFF82C1C08607879DFF8241C09680870DFF81C0C0068401CDFF8141C0860B87970
:20952000DFF80C1C09680870DFF8040C0068401CDFF8FC1B0860F879DFF8F41B0968087002
:20954000DFF8EC0B0068401CDFF8E41B0860387ADFF8DC1B09680870DFF8D40B0068401C58
:20956000DFF8CC1B0860787ADFF8D41B0880DFF8D00B0088B0F5FA6F07DBDFF8C40B00882D
:20958000B0F5FA60DFF8B81B0880787ADFF8A01B09680870DFF8980B0068401CDFF8901B6D
:2095A000086078780F2806DB78782F2803D078783F2840F08F800120DFF8741B096808701B
:2095C000DFF86C0B0068401CDFF8641B08607878DFF85C1B09680870DFF8540B0068401C9A
:2095E000DFF84C1B0860387800280CD0FF20DFF8401B09680870DFF8380B0068401CDFF822
:20960000301B08600BE00020DFF8241B09680870DFF81C0B0068401CDFF8141B086000203D
:20962000DFF80C1B09680870DFF8040B0068401CDFF8FC1A08600020DFF8F41A0968087056
:20964000DFF8EC0A0068401CDFF8E41A08600020DFF8DC1A09680870DFF8D40A0068401CED
:20966000DFF8CC1A0860DFF8380A4079401CDFF8301A4871DFF8280A4079232190FBF1F249
:2096800001FB1200DFF8181A4871DFF8140A4079DFF80C1A097A884210D10120DFF8041A0B
:2096A00008700020DFF8881A09680870DFF8800A0068401CDFF8781A08600BE0FF20DFF8D9
:2096C000701A09680870DFF8680A0068401CDFF8601A086078782028C0F26C8178782F2833
:2096E00080F268810220DFF8481A09680870DFF8400A0068401CDFF8381A086078781F380E
:20970000DFF82C1A09680870DFF8240A0068401CDFF81C1A0860387800280CD0FF20DFF85B
:20972000101A09680870DFF8080A0068401CDFF8001A08600BE00020DFF8F4190968087038
:20974000DFF8EC090068401CDFF8E4190860DFF8EC090068DFF8DC190978142251430844A6
:20976000807C00285BD10020DFF8C41909680870DFF8BC090068401CDFF8B4190860002050
:20978000DFF8AC1909680870DFF8A4090068401CDFF89C1908600020DFF89419096808707B
:2097A000DFF88C090068401CDFF884190860DFF8F0084079401CDFF8E8184871DFF8E0086A
:2097C0004079232190FBF1F201FB1200DFF8D0184871DFF8CC084079DFF8C418097A884234
:2097E00010D10120DFF8BC1808700020DFF8401909680870DFF838090068401CDFF830190F
:209800000860D7E0FF20DFF8281909680870DFF820090068401CDFF818190860CAE000200B
:20982000DFF81C1908800020DFF8181908700020DFF814190880DFF810090088232863DA48
:20984000DFF8F8080068DFF80419DFF8FC28128812011144097B142251430844407C797891
:20986000884249D1DFF8E408DFF8DC1809880901084412308046DFF82808DFF824184979AB
:209880000A22514308440C3081460020DFF8C0180870DFF8BC080078082811DA404610F1BD
:2098A0000108494611F1010900780978884207D1DFF89C080078401CDFF894180870E8E750
:2098C000DFF88C080078082816D1DFF88008DFF87818098809010844008ADFF8641808807C
:2098E000DFF86808DFF86018098809010844C07BDFF85018087007E0DFF84C080088401C03
:20990000DFF84418088096E7DFF824080368DFF830080288DFF82C080178DFF8200800681D
:20992000DFF810C89CF800C05FF0140E0EFB0CFC6044C07C00F088FBDFF864074079401CF8
:20994000DFF85C174871DFF858074079232190FBF1F201FB1200DFF848174871DFF8D007B8
:209960000068C01CDFF8C8170860DFF834074079DFF82C17097A884210D10120DFF824173F
:2099800008700020DFF8A81709680870DFF8A0070068401CDFF8981708600BE0FF20DFF89F
:2099A000901709680870DFF888070068401CDFF88017086078783028C0F2948078783F28B2
:2099C00080F290800320DFF8681709680870DFF860070068401CDFF858170860787830389B
:2099E000DFF84C1709680870DFF844070068401CDFF83C170860387800280CD0FF20DFF822
:209A0000301709680870DFF828070068401CDFF8201708600BE00020DFF8141709680870E0
:209A2000DFF80C070068401CDFF8041708600020DFF8FC1609680870DFF8F4060068401C97
:209A4000DFF8EC1608600020DFF8E41609680870DFF8DC060068401CDFF8D4160860002025
:209A6000DFF8CC1609680870DFF8C4060068401CDFF8BC160860DFF828064079401CDFF8DD
:209A800020164871DFF818064079232190FBF1F201FB1200DFF808164871DFF80406407921
:209AA000DFF8FC15097A884210D10120DFF8F41508700020DFF8781609680870DFF870065C
:209AC0000068401CDFF8681608600BE0FF20DFF8601609680870DFF858060068401CDFF8F5
:209AE0005016086012212800F2F700FC1420BDE8F283000030640020B2640020B4640020E8
:209B0000F6640020C2640020C0640020EC630020B0DD0108A0DD01088A6400209CE1010822
:209B20000C640020D86400207463002014620020D7640020E86300202DE9F84F82460C00B5
:209B400015001AF10200DFF80C160860DFF8040600680078DFF800160880DFF8F805006810
:209B6000401CDFF8F0150860DFF8EC0500880002DFF8E4150880DFF8E0050088DFF8D41597
:209B8000096809780843DFF8D0150880DFF8C4050068401CDFF8BC150860DFF8B8050068D4
:209BA0000078DFF8B8150880DFF8A8050068401CDFF8A0150860DFF8A40500880002DFF8E4
:209BC0009C150880DFF894050088DFF88815096809780843DFF884150880DFF878050068EF
:209BE000401CDFF870150860DFF8680500680078DFF86C150880DFF85C050068401CDFF86E
:209C000054150860DFF850050088502880F2C880DFF848050088062804D1DFF84405008836
:209C20000C2805D0220002215046FEF7B5FA09E2DFF8200500680078DFF820150880DFF86A
:209C400014050068401CDFF80C150860DFF80C0500880002DFF804150880DFF80005008879
:209C6000DFF8F014096809780843DFF8F0140880DFF8E0040068401CDFF8D8140860DFF8E8
:209C8000DC0400884FF47A7110FB01F0DFF8CC140880DFF8C80400882870DFF8C00400880D
:209CA00080B2000A6870DFF8AC040068401CDFF8A4140860DFF89C0400680078A870DFF808
:209CC00094040068401CDFF88C140860DFF884040068401CDFF87C140860DFF8780400689C
:209CE0000078E870DFF86C040068401CDFF864140860DFF860040068401CDFF85814086028
:209D0000DFF85004006800786871DFF848040068401CDFF840140860DFF838040068401C0E
:209D2000DFF830140860DFF82C0400680078A871DFF820040068401CDFF818140860DFF89F
:209D4000140400680078DFF814140880DFF804040068401CDFF8FC130860DFF80004008830
:209D60000002DFF8F8130880DFF8F0030088DFF8E413096809780843DFF8E0130880DFF8F1
:209D8000D4030068401CDFF8CC130860DFF8CC0300883030E8710021280000F085F945E146
:209DA000DFF8B4030088512815D1DFF8B4030088552840F03B81EFF775FB0920F4F790FABB
:209DC0005FF00709DFF89CB34A4659462000F4F701FE072036E1DFF880030088602807D145
:209DE000DFF870030068401CDFF8681308601DE1DFF864030088FA2880F29780DFF86003F2
:209E00000088DFF858130988B0EB410F05D0220002215046FEF7C0F914E1DFF83C0300880B
:209E20006438DFF834130880DFF82C030088DFF83813097889B2884205D3220002215046F7
:209E4000FEF7AAF9FEE0C8480078C3490988C34A12885118884204DAC3480078BF4908809C
:209E600006E0BE480088BC4909880818BB490880BE480700B8480088BD490880BC4800887D
:209E8000B6490988884225D2B24800680078B9490880B0480068401CAE490860B54800886D
:209EA0000002B4490880B3480088AA49096809780843B0490880A7480068401CA5490860DE
:209EC000AC4800883880BF1CA9480088401CA8490880D3E745F6A520A7490880A348060002
:209EE0002020A6490880A5480188C9B23000F3F7AAF8A149A1F868009F48F4F782FB00289C
:209F000005D1220003215046FEF746F99AE09C4801780120F4F72EFC002840F087802200CD
:209F200003215046FEF738F98CE08B480088B0F5967089490880884800889249097889B286
:209F4000884205D3220002215046FEF725F979E08C48007880490988804A128851188842DB
:209F600005DA220002215046FEF716F96AE07B480088794909880818784908808248C078D0
:209F8000002802D18148804601E08048804618F104087148008876490880754800886F492E
:209FA000098888423DD26B480068401C694908606848006800787649088066480068401C5D
:209FC0006449086072480088552810D15A206849098808F801006F48006800880121644A98
:209FE0001288914008436B490968088013E068480088AA280FD1A5205D49098808F8010024
:20A000006448006800880121594A12889140884360490968088056480088401C5449088060
:20A02000BBE75948C078801CF4F75AF95FF006094A4651462000F4F7CDFC06212000F2F742
:20A0400055F90820BDE8F28F70B492B24FF4807505FB02F56426B5FBF6F52C004E4D2B6056
:20A060002500ADB22D0A4C4E366835704A4D2D686D1C494E3560484D2D682C70464D2D6879
:20A080006D1C454E35600025434E36683570424D2D686D1C404E356070BC7047F9640020E6
:20A0A00004590020EB6400207CB506000C0030780500761C3078000210FA85F5761CADB213
:20A0C0004FF47A7095FBF0F0C0B2F2F769FF8DF80200ADB24FF47A7095FBF0F100FB115040
:20A0E000ADF800003078F2F75BFF761C8DF803003078F2F755FF761C8DF80400761C30787C
:20A10000F2F74EFF761C8DF805003078F2F748FF761C8DF806003078F2F742FF8DF807009A
:20A120006846F5F7A2F91D48F5F726F973BD000034640020FC640020D5640020DC6300205A
:20A14000C4640020FB640020C6640020C8560020FA64002030640020B2640020B464002010
:20A16000CA64002084E20108D8640020745F0020C8640020CC640020705F0020D0640020F4
:20A180000C640020D76400207463002044630020CE640020E8630020386400208C6300208E
:20A1A00003000820704700002DE9F84304000D00160000270020DFF8DC1508600020DFF8D7
:20A1C000D0150870287858284BD1E879582848D1B6B20E2E01DA002044E0E87AF02108426C
:20A1E00001D000203EE0287A697A50EA01200A308146494689B22800F2F7B2FF07003800A4
:20A200001FFA89F915F8091080B289B2884201D0002027E068782100C9B2884201D0002017
:20A2200020E0E87AA97A50EA012080461FFA88F8DFF8640510EB0800DFF8581508601FFAD7
:20A2400088F84AF20A00804509D1287B697B50EA0120DFF8481548810020F3F737FE01205A
:20A2600000E00020BDE8F283002070472DE9F14FADF5976D0C00150000208346DFF81405F7
:20A280000068000C0004DFF81015884204D1582005F80B001BF1010B9DF8B80405F80B00BA
:20A2A0001BF1010B00208246BAF1050F07D2002005F80B001BF1010B1AF1010AF4E7DFF8FE
:20A2C000D4040068000C0004DFF8CC14884204D1582005F80B001BF1010BDFF8B804006845
:20A2E000DFF8BC14884256D10A2005F80B001BF1010B002005F80B001BF1010BDFF89404CD
:20A300000068000A05F80B001BF1010BDFF884040068803805F80B001BF1010B002005F8EF
:20A320000B001BF1010BDFF87C04008805F80B001BF1010BDFF86C04008880B2000A05F8F3
:20A340000B001BF1010BDFF86004808805F80B001BF1010BDFF85004C08805F80B001BF1F0
:20A36000010BDFF84404C08880B2000A05F80B001BF1010BDFF83004008905F80B001BF166
:20A38000010BDFF82404008980B2000A05F80B001BF1010BE6E1DFF8FC030068DFF80C14D1
:20A3A000884240F0EF8001208046A07CE17C50EA012080B28146207B617B50EA012080B27C
:20A3C0000600A07BE17B50EA012080B28246300080B2514689B250EA01400090B9F1010FB2
:20A3E00050D1009800284DD1207D617D50EA012080B281464A4692B25FF4F00114F11B0057
:20A40000F6F791FC4A4692B25FF4F00101A8F6F7ADFB002006004E4508D201A8805D04EB64
:20A420000601C97E884201D1761CF4E74E4540F07F80DFF86803C0F80C900120DFF85C1306
:20A440000881607EA17E50EA0120D4494880207E81465FEA0940A17DE27D51EA022110FA5A
:20A4600081F0CE490861207C617C50EA0120CB49C880AA20C9498880002080460020F3F7E7
:20A4800025FD55E0607EA17E50EA012080B20600207D617D50EA012080B28246207E070060
:20A4A0003804A17DE27D51EA022110FA81F7BE48408886423CD1BC480069874238D1BA481F
:20A4C0000089401C814533D1F1F737FD524692B2B548C06810F5F00114F11B00F6F723FC8E
:20A4E000524692B2B048C06810F5F00101A8F6F73DFB00200600564508D201A8805D04EB8C
:20A500000601C97E884201D1761CF4E756450FD1A2480089401CA1490881A048C0681AEB12
:20A5200000009E49C860002080460020F3F7CEFC0B2005F80B001BF1010B002005F80B00DF
:20A540001BF1010B93480068000A05F80B001BF1010B90480068803805F80B001BF1010B5E
:20A5600000200600082E08D204EB0600007B05F80B001BF1010B761CF4E705F80B801BF114
:20A58000010BEFE0834800688949884240F08080012080468448C0888349098988425AD193
:20A5A000002081468048C068800A824600200600564516D24FF480624FF4806000FB06F090
:20A5C00010F5F00101A8F6F7D1FA4A4692B24FF4806101A8F2F78DFD8146F1F7AEFC761C25
:20A5E000E6E77148C068800516D06F48C0688205920D4FF4806000FB06F010F5F00101A88A
:20A60000F6F7B4FA4A4692B26748C0688105890D01A8F2F76EFD8146F1F78FFC624840892E
:20A62000814518D120226048C0686249091801A8F6F79CFA604901A800F036F900280AD1ED
:20A64000AA20564988805520544988820120F3F73DFC00208046032005F80B001BF1010B00
:20A66000002005F80B001BF1010B4A480068000A05F80B001BF1010B46480068803805F8CB
:20A680000B001BF1010B05F80B801BF1010B69E0404800684949884220D14948F6F754FCA3
:20A6A0008046032005F80B001BF1010B002005F80B001BF1010B37480068000A05F80B0058
:20A6C0001BF1010B33480068803805F80B001BF1010B05F80B801BF1010B43E02D48006807
:20A6E000384988422FD101208046607EA17E50EA012080B20600B6F5006F07D24FF4805092
:20A7000000FB06F0F6F778FA00208046032005F80B001BF1010B002005F80B001BF1010B80
:20A720001C480068000A05F80B001BF1010B19480068803805F80B001BF1010B05F80B80FA
:20A740001BF1010B0EE0D12005F80B001BF1010B012005F80B001BF1010B352005F80B0044
:20A760001BF1010B594689B22800F2F7F9FC05F80B001BF1010B162005F80B001BF1010B6B
:20A78000584680B20DF5806D2FB0BDE8F08F0000FD6400203C6400200000A1A58C62002062
:20A7A0000AA0A1A58A6400207462002005A1A1A505A2A1A5D0FF7700D0FF030805A3A1A5BE
:20A7C00000C0770005A4A1A55FF0FF0C1CEAD05114BF614506E0C110400721F0E04101F137
:20A7E0006051704779B900F0004100020AD0B0FA80FC00FA0CF001F16051A1EB0C5101EB1E
:20A80000D0214005704741020CBF40F4E0016FF000010020704700004FEAF17CBCF1E04C72
:20A820002CBFBCF5001F11E05FEA4C0C34BFBCF17F5F2EE05FEA9C0C4FEA0C1C4FEA3C0C6C
:20A84000C10071F100414CEB50707047C90241EA5051C00218BF41F0010141F000414FEAD8
:20A860006C50C0F10900212810D240EACC7CCCF1200C11FA0CF070F10040CCF1200C21FA30
:20A880000CF00CF0004C40EB0C0070474FEACC707047490011F5001F04D84FEACC10FF30CC
:20A8A000C0057047C8177047820707D010F8012B11F8013BBAB19A42F6D014E002680B68CF
:20A8C0009A42A2F1013301BF934313F0803F50F8042F51F8043FF3D010F8012B11F8013B3A
:20A8E0000AB19A42F8D0D01A7047000001312E5054B2CECAFD00000000000000000200000B
:20A90000005054B6CFCFDF000000001000000100000001000100200078DC0108015054D259
:20A92000BBB4CED6B50000220A00A00F0A0064005F006B56000000000000000000000000E6
:20A940000000000000000000000000000000000000000000000000000000000000000000F7
:20A960000000000000000000000000000000000000000000000000000000000000000000D7
:20A980000000000000000000000000000000000000000000000000000000000000000000B7
:20A9A000000000000000000000000000000000000000000000000000000000000000000097
:20A9C000000000000000000000000000000000000000000000000000000000000000000077
:20A9E000000000000000000000000000000000000000000000000000000000000000000057
:20AA0000000000000000000000000000000000000000000000000000000000000000000036
:20AA2000000000000000000000000000000000000000000000000000000000000000000016
:20AA40000000000000000000000000000000000002322EB9FDB5E7D1B9B1A3BBA400000005
:20AA60000003000002BFD8D6C6D7D60000000010000002000000010001002000D8DA010802
:20AA800003B5E7D1B900000000000032E803983AF82A64005F0056000000000004CAB1BC28
:20AAA000E40000000000002205000F276400580258025300000000000000000000000000EA
:20AAC000000000000000000000000000000000000000000000000000000000000000000076
:20AAE000000000000000000000000000000000000000000000000000000000000000000056
:20AB0000000000000000000000000000000000000000000000000000000000000000000035
:20AB2000000000000000000000000000000000000000000000000000000000000000000015
:20AB40000000000000000000000000000000000000000000000000000000000000000000F5
:20AB60000000000000000000000000000000000000000000000000000000000000000000D5
:20AB80000000000000000000000000000000000000000000000000000000000000000000B5
:20ABA000000000000000000000000000000000000000000003332EB5CDB5E7D1B9B1A3BB7A
:20ABC000A40000000003000005BFD8D6C6D7D60000000010000003000000010001002000B4
:20ABE0000CDA010806B5E7D1B900000000000032F4011027401F64005F0056000000000064
:20AC000007CAB1BCE40000000000002205000F27640058025802530000000000000000004A
:20AC2000000000000000000000000000000000000000000000000000000000000000000014
:20AC40000000000000000000000000000000000000000000000000000000000000000000F4
:20AC60000000000000000000000000000000000000000000000000000000000000000000D4
:20AC80000000000000000000000000000000000000000000000000000000000000000000B4
:20ACA000000000000000000000000000000000000000000000000000000000000000000094
:20ACC000000000000000000000000000000000000000000000000000000000000000000074
:20ACE000000000000000000000000000000000000000000000000000000000000000000054
:20AD000000000000000000000000000000000000000000000000000004342E335530B9FD5F
:20AD2000D1B9B1A3BBA400000003000008BFD8D6C6D7D600000000100000020000000100D8
:20AD400001002000D8DA010809B5E7D1B900000000000032E8031027401F64005F0056001C
:20AD6000000000000ACAB1BCE40000000000002205000F27640058025802530000000000E6
:20AD80000000000000000000000000000000000000000000000000000000000000000000B3
:20ADA000000000000000000000000000000000000000000000000000000000000000000093
:20ADC000000000000000000000000000000000000000000000000000000000000000000073
:20ADE000000000000000000000000000000000000000000000000000000000000000000053
:20AE0000000000000000000000000000000000000000000000000000000000000000000032
:20AE2000000000000000000000000000000000000000000000000000000000000000000012
:20AE40000000000000000000000000000000000000000000000000000000000000000000F2
:20AE60000000000000000000000000000000000000000000000000000000000005352EB3B7
:20AE8000F6BFDAC2DFBCAD0000000000000400000BB3F6BFDA3100000000004000000F0048
:20AEA0000700010001002000000000000CB3F6BFDA3200000000004000000F000700010092
:20AEC00001002000000000000DB3F6BFDA3300000000004000000F0001000100010020005D
:20AEE000000000000EB3F6BFDA3400000000004000000F000200010001002000000000005B
:20AF0000000000000000000000000000000000000000000000000000000000000000000031
:20AF2000000000000000000000000000000000000000000000000000000000000000000011
:20AF40000000000000000000000000000000000000000000000000000000000000000000F1
:20AF60000000000000000000000000000000000000000000000000000000000000000000D1
:20AF80000000000000000000000000000000000000000000000000000000000000000000B1
:20AFA000000000000000000000000000000000000000000000000000000000000000000091
:20AFC000000000000000000000000000000000000000000000000000000000000000000071
:20AFE00000000000000000000000000000000000000000F800000000000000330000000026
:20B0000000100C02100C020000000000000000000040C07840C0780000043F04043F040076
:20B0200000708888FC08300000182020FF211E00F008F0806018000000310C031E211E0049
:20B0400000F00888700000001E21232C1927211000120E00000000000000000000000000E1
:20B06000000000E018040200000000071820400000020418E00000000040201807000000D6
:20B08000404080F0804040000202010F0102020000000000E0000000000101010F010101B2
:20B0A00000000000000000000090700000000000000000000000000000010101010101008A
:20B0C0000000000000000000003030000000000000000000C0380400006018070000000095
:20B0E00000E010080810E000000F102020100F0000001010F8000000000020203F2020000B
:20B10000007008080808F000003028242221300000300808088870000018202121221C00C8
:20B120000000804030F8000000060524243F242400F88888880808000019202020110E0015
:20B1400000E0108888900000000F112020201F0000180808886818000000003E0100000051
:20B160000070880808887000001C222121221C0000F008080810E0000001122222110F00A2
:20B18000000000C0C000000000000030300000000000008000000000000000E0000000006F
:20B1A0000000804020100800000102040810200000404040404040000002020202020200CC
:20B1C000000810204080000000201008040201000070480808887000000000303700000011
:20B1E000000018242418000000000000000000000000C038E0000000203C230202273820FD
:20B2000008F8888888700000203F202020110E00C030080808083800071820202010080069
:20B2200008F808080810E000203F202020100F0008F88888E8081000203F2020232018001E
:20B2400008F88888E8081000203F200003000000C03008080838000007182020221E02007B
:20B2600008F808000008F808203F210101213F20000808F8080800000020203F20200000E5
:20B2800000000808F8080800C08080807F00000008F888C028180800203F20012638200049
:20B2A00008F8080000000000203F20202020300008F8F800F8F80800203F013E013F200089
:20B2C00008F830C00008F808203F200007183F00E01008080810E0000F10202020100F0003
:20B2E00008F808080808F000203F210101010000E01008080810E0000F10282830504F0085
:20B3000008F8888888887000203F2000030C302000708808080838000038202121221C009F
:20B32000180808F8080818000000203F2000000008F808000008F808001F202020201F0078
:20B340000878880000C83808000007380E01000008F800F800F8080000033E013E03000014
:20B36000081868808068180820302C03032C30200838C800C83808000000203F2000000030
:20B3800010080808C83808002038262120201800000000FE020202000000007F4040400043
:20B3A000000438C000000000000000010638C00000020202FE000000004040407F0000004F
:20B3C000F00C04040CF000000F080808080F0000000000000000000080808080808080802F
:20B3E000F0FCFCFCFCF000000F0F0F0F0F0F0000000080808000000000192424123F2000D1
:20B4000010F0008080000000003F112020110E000000008080800000000E1120202011006D
:20B42000000080808090F000001F202020103F200000808080800000001F24242424170058
:20B44000008080E0909020000020203F202000000000808080808000006B94949493600073
:20B4600010F0008080800000203F210000203F2000809898000000000020203F20200000DE
:20B48000000000809898000000C08080807F000010F0000080808000203F240629302000BB
:20B4A000001010F8000000000020203F202000008080808080808000203F20003F20003F18
:20B4C0008080008080800000203F210000203F200000808080800000001F202020201F002F
:20B4E000808000808000000080FF912020110E000000008080008000000E11202091FF80EE
:20B50000808080008080800020203F2120000100000080808080800000332424242419000E
:20B52000008080E0808000000000001F202010008080000000808000001F202020103F20CE
:20B54000808080008080800000030C300C0300008080008080008080010E300C073806010C
:20B5600000808080008080000020310E2E31200080808000008080800081867818060100CF
:20B5800000808080808080000021302C222130000000000000FC020200000000013E4040FC
:20B5A00000000000FF00000000000000FF0000000202FC000000000040403E0100000000CE
:20B5C00000020102020402000000000000000000000000000000000000000000000000005E
:20B5E00080B500F050FB012804D000F0E1FA012000F0E9FA0020DFF8A814087000F099F873
:20B6000072B600F0D4F80020DFF8981408700020DFF8941408700020DFF8901408800020D1
:20B62000DFF88C14088000F0FBF862B6F0F774FCF8F7A5F9F0F781FCDFF878040088B0F548
:20B64000FA7F04DADFF87004007801280AD10020DFF860140880DFF864040088002801D118
:20B66000E8F7BBFDF0F769FCEBF7ACF9F3F7FCF900F083F9F0F761FCDFF844040088C8283A
:20B6800005DB0020DFF838140880F5F78FF8F0F754FC00F0F7F9DFF82C040078002807D0F7
:20B6A000DFF82404F3F768FE0020DFF818140870DFF818048088AA2815D1DFF81004808AF8
:20B6C000552810D1DFF808040078C00705D58021DFF80004F5F771FDF4E78021DFF8F403F0
:20B6E000F5F76EFDEEE7DFF8F0030088401CDFF8E8130880F0F721FCDFF8DC03008848F696
:20B70000B801884204D18021DFF8C803F5F755FDDFF8C40300884FF6E851884288D1002069
:20B72000DFF8B41308808021DFF8A803F5F748FD7EE780B501210120F7F74DFE0121022035
:20B74000F7F749FE01214FF48040F7F744FE01214FF40040F7F73FFE01214FF48040F7F77C
:20B760002BFE01210420F7F727FE01210820F7F723FE01211020F7F71FFE01212020F7F741
:20B780001BFE01214020F7F717FE01210120F7F704FE01210220F7F700FE01214FF40640FD
:20B7A000F7F70AFE01210120F7F706FE01BD80B54FF480415FF0006000F0ECFA4FF44070EF
:20B7C00000F0AEFA1C208DF8000000208DF8010000208DF8020001208DF80300684600F07C
:20B7E000A4FA1D208DF8000003208DF8010001208DF8020001208DF80300684600F095FAC2
:20B8000025208DF8000002208DF8010000208DF8020001208DF80300684600F086FA01BD8A
:20B8200010B501215FF00070F5F7D0FCEFF756FAF5F730F94AF2A550A8490880F2F7B9FA19
:20B84000EFF7E0FCF0F7D8FCF0F733F9F0F77CFBF0F7D2FB0020F2F73AFCF0F7BEFC00F076
:20B86000C5F800F0CDF8F0F7F3FCF0F70EFDF3F7FFF8EFF7B1FCF0F7BFFC9948C078002837
:20B8800025D19848984908609848007898490870984899490860994800789949087099481A
:20B8A00099490860994800789949087099489A49086010209949087099489A4908609A48C7
:20B8C00000789A4908709A489A49086027E000208349C8708348844908608448007884492C
:20B8E000087084488449086084480078844908708F489049086083488349086083480078EC
:20B9000083490870834884490860102083490870834884490860844800788449087070482E
:20B92000C078F2F7C5FD6E48C078801CF2F7CFFB0820F2F7CCFB0920F2F7C9FB7E4800680B
:20B940000400200E7D4908807C480088210A11F47F410843794908800E20EFF71EFBF0F782
:20B96000C6F97748774908600022774841797748F3F728FEFBF748FF10BD80B57448008838
:20B98000002832D173480088002807D172480088002803D171480068002803D00320EFF7D6
:20B9A000FCFA02E00320EFF775FB6A48008800280ED00120EFF76EFB0220EFF76BFB0520F3
:20B9C000EFF768FB0620EFF765FB0720EFF762FB6348007863494978884206D06148F2F786
:20B9E000EBFF604840785E49087001BD80B500205D4908804FF4C0515C48F1F755F801BDB2
:20BA000000205B49088000205A49087000205A4908700020594908800020594908700020C0
:20BA20002B4908800020574908700020564908700020564908700020554908800020454970
:20BA400008800020534908805A20534981F82F000020524908800020514908804AF2A550A6
:20BA60001E49088002204F49087000204E49087000204D49487000204B49887000204A49A9
:20BA8000C870704780B549480088062807DB0020464908802C48C0780328FBF7C6FE01BDD7
:20BAA000E5640020DB640020DA640020566400208E640020766400201464002082640020DC
:20BAC0008C640020E36400208C630020746200207464002000180140A46400206E6400207F
:20BAE00074630020A8C90108DC630020E6F40008D5640020ECD00108E0630020271B0108C8
:20BB0000D664002030DA0108E4630020E7F40008D764002046630020E8630020D864002083
:20BB2000ECA80108F06300204BEA0008D964002020000020EC630020FCFF03088A64002098
:20BB40007CDD01082C6400205063002000380140786400207E640020806400200064002001
:20BB6000EE640020106400207C6400206819002066640020DC640020DD6400206A64002085
:20BB8000DE640020DF640020E0640020E1640020686400207A6400209C610020726400201A
:20BBA00070640020E86400200864002060640020DFF84C01DFF84C110860DFF84C01DFF8FA
:20BBC00044110860704738B5040004255FF0805000F07FF805006DB2042D51D1DFF82001E2
:20BBE000DFF82C110860DFF82001DFF824110860DFF81801006850F02000DFF81011086045
:20BC0000DFF80801006850F04000404908605FF0805000F05EF805006DB2042D26D13B4837
:20BC2000006841F6DF710840384908603748006850F010003549086064B2002C03D0002092
:20BC40003449088002E0A520324908805FF0805000F03FF805006DB2052D11D02B480068DD
:20BC600041F6EF7108402949086009E06DB2052D06D02648006841F6DF7108402349086082
:20BC8000280040B232BD002023490968890702D50121080001E00021080040B27047042036
:20BCA0001E490968C90702D5012108000FE01B490968490702D50221080008E0174909680C
:20BCC000C90602D50321080001E00421080040B2704738B504000425FFF7E1FF05006DB2C7
:20BCE000012D06D1002C04D0FFF7D9FF0500641EF5E7002C01D105200500280040B232BDDD
:20BD00002301674504200240AB89EFCD102002400820024000F8FF1F1C2002400C2002401F
:20BD20001F4901431F4A1160704770B4002300210F2290F90340002C20D01A4C246814F44B
:20BD4000E064D4F5E064240A2300D3F104042100DA4044788C4023008478144023431B01BD
:20BD6000114C057863550124057815F01F05AC400E4D0678761145F8264009E001240578EC
:20BD800015F01F05AC400A4D0678761145F8264070BC7047074A0A400243074B1A60704749
:20BDA0000000FA050CED00E000E400E000E100E080E100E080FFFF1F08ED00E010B5DFF8D7
:20BDC000D8040088401CDFF8D0140880DFF8C8040088B0F57A7F5BDB0020DFF8BC14088012
:20BDE000DFF8B4048078F1F7C8F80400641C2000C0B2F0F793FEDFF8A0148870DFF8980490
:20BE00008078602803DB0020DFF88C148870DFF88804807800281AD1DFF87C04C078F1F750
:20BE2000ACF80400641C0120DFF8701408702000C0B2F0F773FEDFF86014C870DFF8580446
:20BE4000C078602803DB0020DFF84C14C870DFF84804C07800281BD1DFF83C04807800280F
:20BE600016D1DFF834040079F1F787F80400641C2000C0B2F0F752FEDFF81C140871DFF848
:20BE800018040079242803DB0020DFF80C14087110BD30B4020000230024002000252C00E8
:20BEA00000252B0089B28B4204D232F8135064195B1CF7E7E4102500B5F50065280000B2F3
:20BEC00030BC704710B500200400082C74DADFF8D003006850F40210DFF8C4130860DFF8FF
:20BEE000C403006850F40210DFF8B8130860DFF8B803006850F40210DFF8AC130860DFF88E
:20BF0000AC0300684007FAD5DFF8A40300684007FAD5DFF8A00300684007FAD5DFF898038E
:20BF20000068DFF8981321F81400DFF894030068DFF8881301EB44010882DFF8880300681D
:20BF4000DFF8781301EB44010884DFF87C030068DFF8681301EB44010886DFF87003006841
:20BF6000DFF8581301EB4401A1F84000DFF860030068DFF8481301EB4401A1F85000DFF8B0
:20BF800054030068DFF8341301EB4401A1F86000DFF844030068DFF8241301EB4401A1F83C
:20BFA0007000DFF838030068DFF8101301EB4401A1F88000641C88E70821DFF82403FFF747
:20BFC00068FFDFF82013DFF82023B2F9002001EB4201A1F800060821DFF81003FFF759FFDC
:20BFE000DFF80013DFF80023B2F9002001EB4201A1F800080821BE48FFF74BFFB949BA4A4D
:20C00000B2F9002001EB4201A1F8000A0821B948FFF73FFFB349B44AB2F9002001EB420131
:20C02000A1F8000C0821B448FFF733FFAD49AE4AB2F9002001EB4201A1F8000E0821AF485F
:20C04000FFF727FFA749A84AB2F9002001EB42014FF48052885208219848FFF71AFFA149F7
:20C06000A14AB2F9002021F812000821A448FFF710FF9C499C4AB2F9002001EB4201A1F867
:20C08000000208219F48FFF704FF9649964AB2F9002001EB4201A1F8000493480088401C80
:20C0A000914908809048B0F90000FF2805DD00208D49088000209449088010BD10B5934824
:20C0C0000078401C91490870FFF7FCFE8F480078C0077CD5FFF772FE8D480068401C8C490F
:20C0E00008608C480078401C8A4908708A480088401C8949088089480088401C87490880C8
:20C1000087480088002804D085480088401E8449088000200400E4B2002C0AD18148E4B2A4
:20C1200030F81400401C7F49E4B221F81400641CF1E7F7F722FAEFF7B2F87B480088002877
:20C1400022D17A484078800606D57948006850F400007749086005E07548006830F400004E
:20C160007349086071484078C00606D57048006850F080706E4908602BE06D48006830F0D2
:20C1800080706B49086024E068484078400606D56748006850F080706549086005E0644818
:20C1A000006830F080706249086060484078000606D55F48006850F400005D49086008E06A
:20C1C0005B48006830F400005949086001E0F0F7D5FF10BD80B5F7F787FA56480078401CA7
:20C1E0005449087053480078022854DB00205149087000205049087050480078401C4F4957
:20C200000870414800884AF2A551884243D0EEF7FAFFF7F713F94A494A48F0F725FC4A49EE
:20C220004A48F0F721FC45480078642833DB48480088401C46490880002040490870454890
:20C240000078002804D043480078401E4149087041480078002804D03F480078401E3E4926
:20C2600008703E480078002804D03C480078401E3A4908703A48007800280CD03848007801
:20C28000401E3749087036480078002803D14AF25A503449088001BD8C630020E364002037
:20C2A0000824014008280140083C01400024014000280140003C01403C240140145D00209E
:20C2C00040240140442401403C28014040280140442801403C3C0140403C0140443C0140DE
:20C2E000445D0020681900207C640020545D0020645D0020745D0020845D0020945D002027
:20C30000245D0020345D00206E640020FF640020F863002000650020766400208C6400204C
:20C3200078640020606400209864002084630020AC630020DD640020E6640020DC640020A0
:20C34000B93901086A64002043BF00086C64002074640020DE640020DF640020E0640020D9
:20C36000EA640020705F0020C8B6D6B7A6B7DFCFB7C2A3B1A4BBE2B2D8BFB0D7C3D6E4B13E
:20C38000B9D1F7C6E7B5AFB6FABBEAC4C2D4D5C8E6B0BEB1C5BACBCDF6B3F8CCA2D5E6B821
:20C3A000AFBEB6CDEBC8A5B5BFB4FDB9F7C1D5B1F8CBBDB7F2CFD9B2F7D7E5B0AABFCFB645
:20C3C000C5B7BBD2E3B0C7B7A3B3ABBCCBB6CDB5A7CACEB2FDCAD8BBC8B1CEB4B5D6CFBA29
:20C3E000BBCEB4D4E0CFE4BCCEB6C6D6D6D7B1CAB4B7DECFBAB8C9BAD8D6D3D1D3BCD9CB03
:20C40000E4B3E3C1F2D0B5C6CAC2DFB8E0B2DFCDB9CBE1C7ACB3C2CEEEB6A8B6F4C6A4B315
:20C42000C2B6AAD7B7C7E5CCC2CACAB9DCD7C5D0E6B4A2B4EDB4A3D0E9D1ECBCECD2AFB5F5
:20C44000C9BBB4CEDCC4B8B1C3D3B6D4CDBED8B5D6CAD3BDE3B5DABFA3D2B3B1E2B9B8C444
:20C46000AAC1B0BCD4D7A6B9D0D3DECEFEB6FDC8D8B9DCB0F8BDDAC4D6BBB4B8DFC2ADBC9C
:20C48000B6B5DDC8BBB2BDC6E2BACCBFD4CFBECAB7D7E4D2E8C9A8CDB6D1D4CAA2CFE9B2AF
:20C4A000B4BFBFC1AFC6C0B5F9B7C7BDD9B8B5B7C7BCBCC2BEC9FDB3FEBCF5CCEBC7E4CA5B
:20C4C000A2B7FAC9FBCFB4D7ACCCD4B6FBD5D0C7BBBBF8C7CCB9AFBBC9B3C1B6A1C8DCC363
:20C4E000EBC2FBC3C6B3B5CFB3CDD3D6BCD7BAD2A7BEA7B3EBC3C1BAF8CDB7D6F3CEE6B9F2
:20C50000BCD4CFC9CDCBCFC4C2D0B1D6CDD0EFD3D4D1D0D6C4CED1B7A7D0D1D2C9BDDAC6AB
:20C52000ABBDA1BEECBFCBD4D0D0F5B3BCCAC7CAF1B7F7D6CBB2FCBCA8BFA1D7B7C8CFC8EC
:20C54000D2D3C2CFF3D7E9B9DED0C4B8FAB4F9BBE0C0F1CED8B1B4B0C9BFD4D2F7B5DABDF0
:20C56000A2B2CCBCEDC8B1C8A1CA0000000000000000000000000000000000000000000046
:20C5800000000000000000000000000000000000000000000000000000000000000000009B
:20C5A00000000000000000000000000000000000000000000000000000000000000000007B
:20C5C00000000000000000000000000000000000000000000000000000000000000000005B
:20C5E00000000000000000000000000000000000000000000000000000000000000000003B
:20C6000000000000000000000000000000000000000000000000000000000000000000001A
:20C620000000000000000000000000000000000000000000000000000000000000000000FA
:20C640000000000000000000000000000000000000000000000000000000000000000000DA
:20C660000000000000000000000000000000000000000000000000000000000000000000BA
:20C68000000000000000000070477047704780B5012000F064F900280AD0012000F07EF948
:20C6A000012000F071F900F055F9002000F076F901BD704770477047704770477047704783
:20C6C00070477047704780B54FF40050F6F7A0FC00280DD04FF40050F6F7AFFC00218B48C0
:20C6E000F6F76BFC012240F226618948F6F75CFD01BD70477047704770477047704780B5B6
:20C7000001215FF08040F5F718F8002806D001215FF08040F5F72AF8FFF7D0FC01BD80B5FA
:20C7200001217C48F5F709F8002805D001217948F5F71CF8FFF74EFD01BD70477047704722
:20C7400070477047704710B5714800880400200704D57148008800F0FF00040020216C4881
:20C76000F6F75CFD002812D06948F6F753FD0100C9B20020F2F7F4FE0020684908800A2081
:20C780006749088040F225516148F6F756FD10BD10B5644800880400200704D562480088D4
:20C7A00000F0FF00040020215E48F6F737FD002812D05C48F6F72EFD0100C9B20020F2F733
:20C7C000CFFE00205549088005205549088040F225515448F6F731FD10BD10B553480088E7
:20C7E0000400200704D55248008800F0FF00040020214E48F6F712FD002812D04B48F6F7C3
:20C8000009FD0100C9B20020F2F7AAFE00204349088005204249088040F225514348F6F759
:20C820000CFD10BD10B5434800880400200704D54148008800F0FF00040020213D48F6F78F
:20C84000EDFC002812D03B48F6F7E4FC0100C9B20020F2F785FE002030490880642030496F
:20C86000088040F225513348F6F7E7FC10BD704770477047704770477047704710B52F4833
:20C8800000880400200704D52D48008800F0FF00040020212948F6F7C1FC002812D0274847
:20C8A000F6F7B8FC0100C9B20020F2F759FE00201A49088005201A49088040F225511F48D1
:20C8C000F6F7BBFC10BD10B51E4800880400200704D51D48008800F0FF00040020211948AE
:20C8E000F6F79CFC00280FD01648F6F793FC0100C9B20020F2F734FE00200849088040F2F0
:20C9000025511048F6F799FC10BD0000440002400038014000040040043801406064002056
:20C9200064640020004400400444004000480040044800400060014004600140004C00401D
:20C94000044C004000500040045000407047704770477047104800888006FBD57047010059
:20C9600000200D4A12880A4010000A4A128892B20A4205D040B2002802D00122100001E0F9
:20C980000022100040B27047034909888143024A11807047002800400428004040B2014977
:20C9A0000860704720000E4200B1A3BBA4C6F4B6AF2020202000000000FF000001B5CDB55F
:20C9C000E7D1B9B1A3BBA4B6AFD7F7000020011102B9FDB5E7D1B9B1A3BBA4B6AFD7F7000A
:20C9E0000021011103335530B9FDD1B9B1A3BBA4B6AFD7F70022012504CAA7D1B9B1A3BBCD
:20CA0000A4B6AFD7F70000000023011105B1B8D3C3202020202020202020200000240000A2
:20CA200006B1B8D3C320202020202020202020000025000007B1B8D3C320202020202020A6
:20CA4000202020000026000008B1B8D3C320202020202020202020000027000009B1B8D39D
:20CA6000C32020202020202020202000002800000AB1B8D3C3202020202020202020200042
:20CA8000002900000BB1B8D3C32020202020202020202000002A00000CB1B8D3C32020208E
:20CAA0002020202020202000002B00000DB1B8D3C32020202020202020202000002C0000F3
:20CAC0000EB1B8D3C32020202020202020202000002D00000FCAC2B9CAD7DCD0C5BAC520D7
:20CAE00020000000002E000020B4E6B4A2C6F7B3F6B4ED20200000000030000021B6A8D60C
:20CB0000B5D0A3D1E9B3F6B4ED0000000031000022414431BCECB2E2B3F6B4ED200000003A
:20CB20000032000023B1B8D3C320202020202020202020000033000024B1B8D3C3202020AB
:20CB400020202020202020000034000025B1B8D3C320202020202020202020000035000028
:20CB600026B1B8D3C3202020202020202020200000360000275054B6CFCFDFB8E6BEAF0011
:20CB8000000000000037000028B1B8D3C331202020202020202020200038000029B9FDB5FA
:20CBA000E7D1B9B8E6BEAF0000000000003900002AB1B8D3C3322020202020202020202025
:20CBC000003A00002BB5CDB5E7D1B9B8E6BEAF0000000000003B00002CB1B8D3C320202077
:20CBE0002020202020202000003C00002D335530B9FDD1B9B8E6BEAF00000000003D0000AC
:20CC00002EB1B8D3C32020202020202020202000003E00002FB8E6BEAFD7DCD0C5BAC52048
:20CC200020000000003F000000000200070009000B000D00100012001400160019001B00EB
:20CC40001D001F0022002400260029002B002D002F0032003400360039003B003D004000EF
:20CC600042004500470049004C004E0051005300560058005B005D0060006200650067006B
:20CC80006A006D006F007200750077007A007D0080008200850088008B008E0091009400AC
:20CCA00097009A009D00A000A300A600A900AD00B000B300B700BA00BD00C100C400C80089
:20CCC000CC00CF00D300D700DB00DF00E200E700EB00EF00F300F700FC00000105010901BB
:20CCE0000E01130117011C01210126012C01310137013C01420148014E0154015A016001D3
:20CD000067016E0174017C0183018A0192019A01A201AA01B301BB01C401CE01D701E10101
:20CD2000EC01F60101020D021902250232023F024D025B026A027A028A029B02AD02BF0219
:20CD4000D302E702FD0214032C03450360037D039B03BB03DE0303042A0455048304B4049B
:20CD6000EA0425056505AC05FA055006B1061E0799072508C7088409630A6E0BB50C4D0E24
:20CD80005A101513E716A31C30264A399772FF7F80B54E48006850F470004C4908604C486D
:20CDA000006850F001004A4908604A480068002048490860464800684749084044490860F9
:20CDC0004348006830F48020414908605FF41F004249086000F005F85FF0006040490860B8
:20CDE00001BD80B500F001F801BD82B000200190002000903648006850F480303449086047
:20CE00003348006810F4003000900198401C01900098002803D10198B0F5A06FF0D12C48CF
:20CE20000068800302D50120009001E0002000900098012847D12B48006850F01000294978
:20CE400008602848006880088000264908602548006850F00200234908601E4800681D4994
:20CE600008601C4800681B4908601A48006850F4806018490860174800681B49084015492A
:20CE800008601448006850F4E810124908601048006850F080700E4908600D48006880017A
:20CEA000FBD50C480068800880000A4908600948006850F00200074908600648006810F0BA
:20CEC0000C000828F9D102B07047000088ED00E00010024004100240FFFFF6FE081002409A
:20CEE00008ED00E000200240FFFFC09F00C1814001C0804101C0804100C1814001C0804114
:20CF000000C1814000C1814001C0804101C0804100C1814000C1814001C0804100C1814001
:20CF200001C0804101C0804100C1814001C0804100C1814000C1814001C0804100C18140E1
:20CF400001C0804101C0804100C1814000C1814001C0804101C0804100C1814001C08041C1
:20CF600000C1814000C1814001C0804101C0804100C1814000C1814001C0804100C18140A1
:20CF800001C0804101C0804100C1814000C1814001C0804101C0804100C1814001C0804181
:20CFA00000C1814000C1814001C0804100C1814001C0804101C0804100C1814001C0804161
:20CFC00000C1814000C1814001C0804101C0804100C1814000C1814001C0804100C1814041
:20CFE00001C0804101C0804100C1814000C0C101C30302C2C60607C705C5C404CC0C0DCDC1
:20D000000FCFCE0E0ACACB0BC90908C8D81819D91BDBDA1A1EDEDF1FDD1D1CDC14D4D51580
:20D02000D71716D6D21213D311D1D010F03031F133F3F23236F6F737F53534F43CFCFD3DE0
:20D04000FF3F3EFEFA3A3BFB39F9F83828E8E929EB2B2AEAEE2E2FEF2DEDEC2CE42425E5C0
:20D0600027E7E62622E2E323E12120E0A06061A163A3A26266A6A767A56564A46CACAD6D20
:20D08000AF6F6EAEAA6A6BAB69A9A86878B8B979BB7B7ABABE7E7FBF7DBDBC7CB47475B500
:20D0A00077B7B67672B2B373B17170B0509091519353529296565797559594549C5C5D9D60
:20D0C0005F9F9E5E5A9A9B5B99595898884849894B8B8A4A4E8E8F4F8D4D4C8C4484854540
:20D0E000874746868242438341818040005054B5B6D5A2CEBBD6C300000000000001B1B878
:20D10000D3C3BFAAC8EB320000000000000002B1B8D3C3BFAAC8EB330000000000000003D8
:20D12000B1B8D3C3BFAAC8EB340000000000000004B1B8D3C3BFAAC8EB350000000000004C
:20D140000005B1B8D3C3BFAAC8EB360000000000000006B1B8D3C3BFAAC8EB370000000021
:20D1600000000007B1B8D3C3BFAAC8EB380000000000000008B1B8D3C3BFAAC8EB390000F9
:20D18000000000000009B1B8D3C3BFAAC8EB31300000000000000AB1B8D3C3BFAAC8EB31B4
:20D1A000310000000000000BB1B8D3C3BFAAC8EB31320000000000007CDD010844D801082E
:20D1C000010800002CD70108000000007CDD0108F4D80108010801002CD7010800000000ED
:20D1E0007CDD01081CD90108010802002CD70108000000007CDD01084CD401080108030021
:20D200002CD70108000000007CDD010844D90108010804002CD70108000000007CDD0108FF
:20D2200094D90108010805002CD70108000000007CDD01080CD30108010806002CD70108F9
:20D24000000000007CDD0108BCD90108010807002CD70108000000000000000000000000B2
:20D260000000000000000000000000001A120000E111D5023711980521103808A50EA40A02
:20D28000CD0CCD0CA40AA50E3808211098053711D502E11100001A122BFDE11168FA37116C
:20D2A000C8F721105CF5A50E33F3CD0C5BF1A40ADFEF3808C9EE98051FEED502E6ED000068
:20D2C0001FEE2BFDC9EE68FADFEFC8F75BF15CF533F333F35CF55BF1C8F7DFEF68FAC9EE47
:20D2E0002BFD1FEE0000E6EDD5021FEE9805C9EE3808DFEFA40A5BF1CD0C33F3A50E5CF5E3
:20D300002110C8F7371168FAE1112BFD30D20108ACD30108020700007CD701080000000061
:20D3200030D20108C0D30108020701007CD701080000000030D20108D4D30108020702001A
:20D340007CD701080000000030D20108E8D30108020703007CD701080000000030D201082F
:20D36000FCD30108020704007CD701080000000030D2010810D40108020705007CD701080A
:20D380000000000030D2010824D40108020706007CD7010800000000000000000000000016
:20D3A0000000000000000000000000000CD3010800000000020700007CD70108D17A0008CD
:20D3C00020D3010800000000020701007CD701086981000834D301080000000002070200DE
:20D3E0007CD70108198B000848D3010800000000020703007CD70108599200085CD301086E
:20D4000000000000020704007CD70108A989000870D3010800000000020705007CD70108B3
:20D42000618D000884D3010800000000020706007CD7010831910008000000000000000061
:20D44000000000000000000000000000F4D10108D8D4010802060000C4D70108000000009D
:20D46000F4D10108ECD4010802060100C4D7010800000000F4D1010800D5010802060200B2
:20D48000C4D7010800000000F4D1010814D5010802060300C4D7010800000000F4D10108AB
:20D4A00028D5010802060400C4D7010800000000F4D101083CD5010802060500C4D701081D
:20D4C0000000000000000000000000000000000000000000000000004CD401080000000023
:20D4E00002060000C4D70108656C000860D401080000000002060100C4D7010889710008BB
:20D5000074D401080000000002060200C4D701080976000888D40108000000000206030015
:20D52000C4D70108D98E00089CD401080000000002060400C4D701085F8F0008B0D401082C
:20D540000000000002060500C4D70108F18F00080000000000000000000000000000000092
:20D5600000000000556120000000205620200000102700005562200000002056202000005B
:20D580001027000055632000000020562020000010270000556162000000205620200000C1
:20D5A00010270000556263000000205620200000102700005563610000002056202000005E
:20D5C000102700003355300000002056202000001027000020463120000020487A200003B3
:20D5E00050C3000005B3F6BFDA31000000000000000000000006B3F6BFDA32000000000026
:20D6000000000000000003B8E6BEAFB3F6BFDA000000000000000004B6AFD7F7B3F6BFDA41
:20D62000000000000000000002B3F6BFDA33000000000000000000000001B3F6BFDA3400FC
:20D64000000000000000000000000EB1B3B9E2BFD8D6C60000000000000000005561202094
:20D6600000002056202000000000000055622020000020562020000000000000556320204F
:20D680000000205620200000000000005561622000002056202000000000000055626320AC
:20D6A0000000205620200000000000005563612000002056202000000000000033553020ED
:20D6C0000000205620200000000000000720493D20010D3349303D01193349303D011A337F
:20D6E00049303D010E20463D20090F4946323D01105542503D001120553D20001249323DAA
:20D7000020011349453D20011449503D2001253355303D002949313D20012B20553D2000C6
:20D720002C20553D20002D20493D200100070000CCE101080104000064E0010802040000E2
:20D7400070E00108030400007CE001080404000088E001080504000094E0010806040000FB
:20D76000A0E0010807040000ACE0010808040000B8E00108000000000000000000060000CD
:20D78000ECDF010801040000D0DE010802040000E0DE010803040000F0DE01080404000046
:20D7A00000DF0108050400003CE101080604000010DF01080704000020DF0108000000003D
:20D7C0000000000000070000D4DF010801040000C4E0010802040000D0E00108030400000E
:20D7E000DCE001080404000080DE01080504000090DE010806040000A0DE010800000000E4
:20D800000000000019E050F8041BCB0744BFA9F101035918121F0023042A41F8043BF9D2FF
:20D820005FEA827C0B4604D54FF0000CA1F800C09B1CD10744BF0021197050F8042B002AF6
:20D84000E1D17047B8D1010880D801080102000098DA010800000000B8D1010894D80108E7
:20D860000102010098DA010800000000000000000000000000000000000000000000000029
:20D8800044D80108000000000102000098DA0108494F000858D80108000000000102010008
:20D8A00098DA01089D500008000000000000000000000000000000000000000030B50168AA
:20D8C00042688468014401EB5203D20748BF4C44994201D10C3030BD11F9012B11F8015B4B
:20D8E000002A04F8015B02D5521CF9D1F0E7521EF4D5EDE7CCD1010800000000020100000A
:20D900002CD70108055200080000000000000000000000000000000000000000E0D10108E2
:20D9200000000000020100002CD70108D753000800000000000000000000000000000000A6
:20D940000000000008D201086CD9010802010000F0DB0108000000000000000000000000BF
:20D9600000000000000000000000000044D901080000000002010000F0DB01084160000801
:20D9800000000000000000000000000000000000000000001CD2010800000000020100008D
:20D9A0002CD7010889590008000000000000000000000000000000000000000044D2010852
:20D9C00000000000020100002CD701087D9000080000000000000000000000000000000023
:20D9E0000000000010B5074979441831064C7C44163404E00A68081D114488470146A142E7
:20DA0000F8D110BD7400000090000000302DCDCBB3F6000000B5CDD1B9CCF8D5A200B5CD05
:20DA2000D1B9B8E6BEAF00CAA7D1B9CCF8D5A200B9FDD1B9B1A3BBA400000000B5CDD1B91C
:20DA4000B1A3BBA400000000335530B9FDD1B9B1A3BBA4004EF68851CEF20001086840F4E6
:20DA600070000860BFF34F8FBFF36F8F4FF00070E1EE100A704700008DFDFFFF9C4B0000D0
:20DA8000681900200000000035FEFFFFA4080000E80000000000002000070000C8DF010849
:20DAA0000104000060DE01080204000070DE010800000000000000002532642C2020252E43
:20DAC0002A73202020252E2A7320202025312E3466200A0D00000000302DCDCBB3F6000006
:20DAE00000312DCCF8D5A2000000322DB8E6BEAF0000000025303258CAB125303258B7D65D
:20DB000025303258C3EB25303364BAC1C3EB000020C3FBB3C62020202020B5A5CEBB202049
:20DB2000202020CFB5CAFD0A0D0000002532642C2020252E2A73202020252E2A732020205C
:20DB4000252E3766200A0D0080250000C012000060090000B0040000004B000000E10000DE
:20DB600000C2010000F00BF8002801D0FFF73AFF0020AFF30080FDF733FD00F002F8012056
:20DB8000704700F001B800000746384600F002F8FBE7000080B5AFF30080024A11001820A2
:20DBA000ABBEFBE726000200253034642E253458C4EA25303258D4C225303258C8D5000087
:20DBC000BEA7B6D4B1C8B6C82C20B2A2B0B4C8B7C8CFBCFC00000000B1A3B4E62E20202011
:20DBE0002020202020202020202020200000000000060000E0DF010801040000E8E0010801
:20DC000000000000000000000A0D20D2A3B2E2B5E33A2025303264B8F62020200A0D0000C2
:20DC200020D2A3D0C5B5E33A2025303264B8F62020200A0D0000000020B1E0BAC520202028
:20DC40002020C3FBB3C620202020200A0D000000560020412053B6C8B7D62057B7A620204D
:20DC60006D73485A20205054B1A3BBA4B2E2BFD8D7B0D6C320200000302DCDCBB3F6000062
:20DC800000312DCDB6C8EB00000000002020C9CFBCFCBFA8D7A1C7EBBCECB2E9000000008C
:20DCA000CDCBB3F6BCFCBFA8D7A1C7EBBCECB2E900000000C8B7C8CFBCFCBFA8D7A1C7EB38
:20DCC000BCECB2E9000000002020D3D2BCFCBFA8D7A1C7EBBCECB2E9000000002020CFC2BF
:20DCE000BCFCBFA8D7A1C7EBBCECB2E9000000002020D7F3BCFCBFA8D7A1C7EBBCECB2E902
:20DD000000000000B8B4B9E9BCFCBFA8D7A1C7EBBCECB2E900000000B0B4C9CFCFC2BCFC24
:20DD2000BFC9D2D4B5F7BDDAD2BA00002020CAB12020B7D62020C3EB202020BAC1C3EB00E7
:20DD4000202020C3DCC2EBB4EDCEF32120202020000000002020CAC7B7F1B1A3B4E6B2CE2D
:20DD6000CAFD3F20000000002020B1A3B4E6B2CECAFDB3C9B9A621200000000000000000EC
:20DD8000B8D1010800010000000000000000000040404070204080000404041C08040201A9
:20DDA00032303233C4EA3035D4C23035C8D50000B0E6B1BEBAC53A415446332E3030200077
:20DDC000B1A3BBA4B6A8D6B5D0DEB8C400000000D1B9B0E5CDB6CDCBC7D0BBBB0000000036
:20DDE000BBD6B8B4B3F6B3A7C9E8D6C300000000D7B0D6C3B2CECAFDD0DEB8C40000000048
:20DE0000D2BABEA7B6D4B1C8B6C8D6B53A000000BCCCB5E7B1A3BBA4C8EDBCFE0000000085
:20DE2000CFB5CDB3B2CECAFDC8B1CAA12E2E2E00D1B9B0E5C8B1CAA12E2E2E2E2E2E000012
:20DE4000B6A8D6B5C8B1CAA12E2E2E2E2E2E0000D6D8C6F4CFB5CDB32E2E2E2E2E2E000061
:20DE6000312EB2E9BFB4B1A3BBA4D6B500000000322EB2E9BFB4B2E2C1BFD6B500000000EA
:20DE8000342EC9BEB3FDCAC2BCFEBCC7C2BC0000352EC9BEB3FD534F45BCC7C2BC20000000
:20DEA000362EC9BEB3FDB2D9D7F7BCC7C2BC000020B6A8D6B5C7F8B3F6B4ED21200000001A
:20DEC00020B6A8D6B5B9CCBBAFB3C9B9A6210000312ECFB5CDB3CAB1D6D320202020000047
:20DEE000322E5253343835C9E8D6C32020200000332ED2A3D0C5CAB1BCE4C9E8D6C3000002
:20DF0000342EB2E2C1BFCFB5CAFDD0A3D7BC0000362ED2BABEA7B6D4B1C8B6C82020000024
:20DF2000372EB3F6B3A7C9E8D6C320202020000020202020C4EA2020D4C22020C8D50000CE
:20DF4000C7EBCAE4C8EBD0C2C3DCC2EB3A0000002532642C2020252E2A7320200A0D000028
:20DF60002532642C20B1B8D3C320200A0D0000002532642C202020B1B8D3C320200A0D00A7
:20DF80002532642C202020252E2A7320200A0D002532642C2020B1B8D3C320200A0D000076
:20DFA000014880470148004791CD0108A9E101082020202020202020000000002534642EDC
:20DFC0002530326400000000BFCCB6C8CFD4CABE00000000CAC2B9CAD7B7D2E400000000CF
:20DFE000B1A3BBA4B6A8D6B500000000B2CECAFDC9E8D6C300000000CEDECAC2B9CABCC7B6
:20E00000C2BC0000CEDE534F45BCC7C2BC000000CEDEB2D9D7F7BCC7C2BC0000B6A8D6B5FF
:20E02000C7F8C7D0BBBB0000D7B0D6C3B8B4B9E900000000BFAAB9D8D2A3BFD800000000E0
:20E04000BFAAB3F6B2E2CAD400000000B4EDCEF3B4FAC2EB00000000B2E2C1BFD0A3D7BCA5
:20E060003A000000312EBFCCB6C8CFD4CABE0000322EBFAAC8EBCFD4CABE0000332EBFAA62
:20E08000B3F6BCECB2E20000342ECAC2B9CAD7B7D2E40000352EB1A3BBA4B6A8D6B50000E7
:20E0A000362ED1B9B0E5C9E8D6C30000372EB2CECAFDC9E8D6C30000382EB0E6B1BED0C59D
:20E0C000CFA20000312ECAC2B9CABCC7C2BC0000322E534F45BCC7C2BC000000332EB2D92C
:20E0E000D7F7BCC7C2BC0000312ED5FBB6A8B6A8D6B50000B2E9BFB4B6A8D6B5C7F83A00EB
:20E10000D5FBB6A8B6A8D6B5C7F83A00B9CCBBAFB6A8D6B5C7F83A00C7D0BBBBB6A8D6B528
:20E12000C7F83A00C7EBCAE4C8EBC3DCC2EB3A00D1B9B0E5C3FBB3C600000000352EC3DCF5
:20E14000C2EBC9E8B6A800005253343835B5D8D6B73A00005253343835CBD9C2CA3A0000B9
:20E160005253343835B9E6D4BC3A000020D2A3B2E2C9CFCBCD3A0000D2A3D0C5CAB1BCE438
:20E180003A000000C9BEB3FDB3C9B9A621000000C9BEB3FDCAA7B0DC21000000252E2A73CD
:20E1A00020252E2A73255800AFF30080FFF752FCFFF7D8FC2E303030000000002D253364FB
:20E1C000000000002025336400000000D6F7B2CBB5A50000D2A3BFD800000000BECDB5D89B
:20E1E00000000000CDA8B5C000000000B7F9D6B500000000CFE0BDC700000000B2E2C1BFB3
:20E20000D6B50000B1D5BACF00000000B7D6BFAA00000000B6AFD7F700000000B7B5BBD83C
:20E2200000000000B7A2C9FA00000000CFFBCAA700000000D7B4CCAC0000000039363030B5
:20E24000000000003438303000000000323430300000000031323030000000004D4F444247
:20E2600055530000C4CFD7D439340000B6FEB4CED6B50000D2BBB4CED6B50000D0A3D1E9C3
:20E28000C2EB3A00554950514F4B21006D7300004F4E20004F464600FFF7FEBFFFF7FEBFBF
:20E2A000FFF7FEBFFFF7FEBFFFF7FEBFFFF7FEBFFFF7FEBFFFF7FEBFFFF7FEBFFFF7FEBFC6
:20E2C000FFF7FEBFFFF7FEBFFFF7FEBFFFF7FEBFFFF7FEBFFFF7FEBFFFF7FEBFFFF7FEBFA6
:20E2E000FFF7FEBFFFF7FEBFFFF7FEBFFFF7FEBFFFF7FEBFFFF7FEBFFFF7FEBFFFF7FEBF86
:20E30000FFF7FEBFFFF7FEBFFFF7FEBFFFF7FEBFFFF7FEBFFFF7FEBFFFF7FEBFFFF7FEBF65
:20E32000FFF7FEBFFFF7FEBFFFF7FEBFFFF7FEBF270B303132333435363738392011303140
:20E3400032333435363738394142434445462000005A52523936314620FC00FC20330020ED
:20E360004120200020422020002041422000204320200020434120002042432000414243C5
:20E380002000010203040607080902040608020C0810E400F8FFDC00FAFF8100D10004F401
:20E3A00001180008FFFFFFFFFFFFFFFFFFFFFFFFFFFFFFFFFFFFFFFFFFFFFFFFFFFFFFFF58
:20E3C000FFFFFFFFFFFFFFFFFFFFFFFFFFFFFFFFFFFFFFFFFFFFFFFFFFFFFFFFFFFFFFFF5D
:20E3E000FFFFFFFFFFFFFFFFFFFFFFFFFFFFFFFFFFFFFFFFFFFFFFFFFFFFFFFFFFFFFFFF3D
:20E40000FFFFFFFFFFFFFFFFFFFFFFFFFFFFFFFFFFFFFFFFFFFFFFFFFFFFFFFFFFFFFFFF1C
:20E42000FFFFFFFFFFFFFFFFFFFFFFFFFFFFFFFFFFFFFFFFFFFFFFFFFFFFFFFFFFFFFFFFFC
:20E44000FFFFFFFFFFFFFFFFFFFFFFFFFFFFFFFFFFFFFFFFFFFFFFFFFFFFFFFFFFFFFFFFDC
:20E46000FFFFFFFFFFFFFFFFFFFFFFFFFFFFFFFFFFFFFFFFFFFFFFFFFFFFFFFFFFFFFFFFBC
:20E48000FFFFFFFFFFFFFFFFFFFFFFFFFFFFFFFFFFFFFFFFFFFFFFFFFFFFFFFFFFFFFFFF9C
:20E4A000FFFFFFFFFFFFFFFFFFFFFFFFFFFFFFFFFFFFFFFFFFFFFFFFFFFFFFFFFFFFFFFF7C
:20E4C000FFFFFFFFFFFFFFFFFFFFFFFFFFFFFFFFFFFFFFFFFFFFFFFFFFFFFFFFFFFFFFFF5C
:20E4E000FFFFFFFFFFFFFFFFFFFFFFFFFFFFFFFFFFFFFFFFFFFFFFFFFFFFFFFFFFFFFFFF3C
:20E50000FFFFFFFFFFFFFFFFFFFFFFFFFFFFFFFFFFFFFFFFFFFFFFFFFFFFFFFFFFFFFFFF1B
:20E52000FFFFFFFFFFFFFFFFFFFFFFFFFFFFFFFFFFFFFFFFFFFFFFFFFFFFFFFFFFFFFFFFFB
:20E54000FFFFFFFFFFFFFFFFFFFFFFFFFFFFFFFFFFFFFFFFFFFFFFFFFFFFFFFFFFFFFFFFDB
:20E56000FFFFFFFFFFFFFFFFFFFFFFFFFFFFFFFFFFFFFFFFFFFFFFFFFFFFFFFFFFFFFFFFBB
:20E58000FFFFFFFFFFFFFFFFFFFFFFFFFFFFFFFFFFFFFFFFFFFFFFFFFFFFFFFFFFFFFFFF9B
:20E5A000FFFFFFFFFFFFFFFFFFFFFFFFFFFFFFFFFFFFFFFFFFFFFFFFFFFFFFFFFFFFFFFF7B
:20E5C000FFFFFFFFFFFFFFFFFFFFFFFFFFFFFFFFFFFFFFFFFFFFFFFFFFFFFFFFFFFFFFFF5B
:20E5E000FFFFFFFFFFFFFFFFFFFFFFFFFFFFFFFFFFFFFFFFFFFFFFFFFFFFFFFFFFFFFFFF3B
:20E60000FFFFFFFFFFFFFFFFFFFFFFFFFFFFFFFFFFFFFFFFFFFFFFFFFFFFFFFFFFFFFFFF1A
:20E62000FFFFFFFFFFFFFFFFFFFFFFFFFFFFFFFFFFFFFFFFFFFFFFFFFFFFFFFFFFFFFFFFFA
:20E64000FFFFFFFFFFFFFFFFFFFFFFFFFFFFFFFFFFFFFFFFFFFFFFFFFFFFFFFFFFFFFFFFDA
:20E66000FFFFFFFFFFFFFFFFFFFFFFFFFFFFFFFFFFFFFFFFFFFFFFFFFFFFFFFFFFFFFFFFBA
:20E68000FFFFFFFFFFFFFFFFFFFFFFFFFFFFFFFFFFFFFFFFFFFFFFFFFFFFFFFFFFFFFFFF9A
:20E6A000FFFFFFFFFFFFFFFFFFFFFFFFFFFFFFFFFFFFFFFFFFFFFFFFFFFFFFFFFFFFFFFF7A
:20E6C000FFFFFFFFFFFFFFFFFFFFFFFFFFFFFFFFFFFFFFFFFFFFFFFFFFFFFFFFFFFFFFFF5A
:20E6E000FFFFFFFFFFFFFFFFFFFFFFFFFFFFFFFFFFFFFFFFFFFFFFFFFFFFFFFFFFFFFFFF3A
:20E70000FFFFFFFFFFFFFFFFFFFFFFFFFFFFFFFFFFFFFFFFFFFFFFFFFFFFFFFFFFFFFFFF19
:20E72000FFFFFFFFFFFFFFFFFFFFFFFFFFFFFFFFFFFFFFFFFFFFFFFFFFFFFFFFFFFFFFFFF9
:20E74000FFFFFFFFFFFFFFFFFFFFFFFFFFFFFFFFFFFFFFFFFFFFFFFFFFFFFFFFFFFFFFFFD9
:20E76000FFFFFFFFFFFFFFFFFFFFFFFFFFFFFFFFFFFFFFFFFFFFFFFFFFFFFFFFFFFFFFFFB9
:20E78000FFFFFFFFFFFFFFFFFFFFFFFFFFFFFFFFFFFFFFFFFFFFFFFFFFFFFFFFFFFFFFFF99
:20E7A000FFFFFFFFFFFFFFFFFFFFFFFFFFFFFFFFFFFFFFFFFFFFFFFFFFFFFFFFFFFFFFFF79
:20E7C000FFFFFFFFFFFFFFFFFFFFFFFFFFFFFFFFFFFFFFFFFFFFFFFFFFFFFFFFFFFFFFFF59
:20E7E000FFFFFFFFFFFFFFFFFFFFFFFFFFFFFFFFFFFFFFFFFFFFFFFFFFFFFFFFFFFFFFFF39
:20E80000FFFFFFFFFFFFFFFFFFFFFFFFFFFFFFFFFFFFFFFFFFFFFFFFFFFFFFFFFFFFFFFF18
:20E82000FFFFFFFFFFFFFFFFFFFFFFFFFFFFFFFFFFFFFFFFFFFFFFFFFFFFFFFFFFFFFFFFF8
:20E84000FFFFFFFFFFFFFFFFFFFFFFFFFFFFFFFFFFFFFFFFFFFFFFFFFFFFFFFFFFFFFFFFD8
:20E86000FFFFFFFFFFFFFFFFFFFFFFFFFFFFFFFFFFFFFFFFFFFFFFFFFFFFFFFFFFFFFFFFB8
:20E88000FFFFFFFFFFFFFFFFFFFFFFFFFFFFFFFFFFFFFFFFFFFFFFFFFFFFFFFFFFFFFFFF98
:20E8A000FFFFFFFFFFFFFFFFFFFFFFFFFFFFFFFFFFFFFFFFFFFFFFFFFFFFFFFFFFFFFFFF78
:20E8C000FFFFFFFFFFFFFFFFFFFFFFFFFFFFFFFFFFFFFFFFFFFFFFFFFFFFFFFFFFFFFFFF58
:20E8E000FFFFFFFFFFFFFFFFFFFFFFFFFFFFFFFFFFFFFFFFFFFFFFFFFFFFFFFFFFFFFFFF38
:20E90000FFFFFFFFFFFFFFFFFFFFFFFFFFFFFFFFFFFFFFFFFFFFFFFFFFFFFFFFFFFFFFFF17
:20E92000FFFFFFFFFFFFFFFFFFFFFFFFFFFFFFFFFFFFFFFFFFFFFFFFFFFFFFFFFFFFFFFFF7
:20E94000FFFFFFFFFFFFFFFFFFFFFFFFFFFFFFFFFFFFFFFFFFFFFFFFFFFFFFFFFFFFFFFFD7
:20E96000FFFFFFFFFFFFFFFFFFFFFFFFFFFFFFFFFFFFFFFFFFFFFFFFFFFFFFFFFFFFFFFFB7
:20E98000FFFFFFFFFFFFFFFFFFFFFFFFFFFFFFFFFFFFFFFFFFFFFFFFFFFFFFFFFFFFFFFF97
:20E9A000FFFFFFFFFFFFFFFFFFFFFFFFFFFFFFFFFFFFFFFFFFFFFFFFFFFFFFFFFFFFFFFF77
:20E9C000FFFFFFFFFFFFFFFFFFFFFFFFFFFFFFFFFFFFFFFFFFFFFFFFFFFFFFFFFFFFFFFF57
:20E9E000FFFFFFFFFFFFFFFFFFFFFFFFFFFFFFFFFFFFFFFFFFFFFFFFFFFFFFFFFFFFFFFF37
:20EA0000FFFFFFFFFFFFFFFFFFFFFFFFFFFFFFFFFFFFFFFFFFFFFFFFFFFFFFFFFFFFFFFF16
:20EA2000FFFFFFFFFFFFFFFFFFFFFFFFFFFFFFFFFFFFFFFFFFFFFFFFFFFFFFFFFFFFFFFFF6
:20EA4000FFFFFFFFFFFFFFFFFFFFFFFFFFFFFFFFFFFFFFFFFFFFFFFFFFFFFFFFFFFFFFFFD6
:20EA6000FFFFFFFFFFFFFFFFFFFFFFFFFFFFFFFFFFFFFFFFFFFFFFFFFFFFFFFFFFFFFFFFB6
:20EA8000FFFFFFFFFFFFFFFFFFFFFFFFFFFFFFFFFFFFFFFFFFFFFFFFFFFFFFFFFFFFFFFF96
:20EAA000FFFFFFFFFFFFFFFFFFFFFFFFFFFFFFFFFFFFFFFFFFFFFFFFFFFFFFFFFFFFFFFF76
:20EAC000FFFFFFFFFFFFFFFFFFFFFFFFFFFFFFFFFFFFFFFFFFFFFFFFFFFFFFFFFFFFFFFF56
:20EAE000FFFFFFFFFFFFFFFFFFFFFFFFFFFFFFFFFFFFFFFFFFFFFFFFFFFFFFFFFFFFFFFF36
:20EB0000FFFFFFFFFFFFFFFFFFFFFFFFFFFFFFFFFFFFFFFFFFFFFFFFFFFFFFFFFFFFFFFF15
:20EB2000FFFFFFFFFFFFFFFFFFFFFFFFFFFFFFFFFFFFFFFFFFFFFFFFFFFFFFFFFFFFFFFFF5
:20EB4000FFFFFFFFFFFFFFFFFFFFFFFFFFFFFFFFFFFFFFFFFFFFFFFFFFFFFFFFFFFFFFFFD5
:20EB6000FFFFFFFFFFFFFFFFFFFFFFFFFFFFFFFFFFFFFFFFFFFFFFFFFFFFFFFFFFFFFFFFB5
:20EB8000FFFFFFFFFFFFFFFFFFFFFFFFFFFFFFFFFFFFFFFFFFFFFFFFFFFFFFFFFFFFFFFF95
:20EBA000FFFFFFFFFFFFFFFFFFFFFFFFFFFFFFFFFFFFFFFFFFFFFFFFFFFFFFFFFFFFFFFF75
:20EBC000FFFFFFFFFFFFFFFFFFFFFFFFFFFFFFFFFFFFFFFFFFFFFFFFFFFFFFFFFFFFFFFF55
:20EBE000FFFFFFFFFFFFFFFFFFFFFFFFFFFFFFFFFFFFFFFFFFFFFFFFFFFFFFFFFFFFFFFF35
:20EC0000FFFFFFFFFFFFFFFFFFFFFFFFFFFFFFFFFFFFFFFFFFFFFFFFFFFFFFFFFFFFFFFF14
:20EC2000FFFFFFFFFFFFFFFFFFFFFFFFFFFFFFFFFFFFFFFFFFFFFFFFFFFFFFFFFFFFFFFFF4
:20EC4000FFFFFFFFFFFFFFFFFFFFFFFFFFFFFFFFFFFFFFFFFFFFFFFFFFFFFFFFFFFFFFFFD4
:20EC6000FFFFFFFFFFFFFFFFFFFFFFFFFFFFFFFFFFFFFFFFFFFFFFFFFFFFFFFFFFFFFFFFB4
:20EC8000FFFFFFFFFFFFFFFFFFFFFFFFFFFFFFFFFFFFFFFFFFFFFFFFFFFFFFFFFFFFFFFF94
:20ECA000FFFFFFFFFFFFFFFFFFFFFFFFFFFFFFFFFFFFFFFFFFFFFFFFFFFFFFFFFFFFFFFF74
:20ECC000FFFFFFFFFFFFFFFFFFFFFFFFFFFFFFFFFFFFFFFFFFFFFFFFFFFFFFFFFFFFFFFF54
:20ECE000FFFFFFFFFFFFFFFFFFFFFFFFFFFFFFFFFFFFFFFFFFFFFFFFFFFFFFFFFFFFFFFF34
:20ED0000FFFFFFFFFFFFFFFFFFFFFFFFFFFFFFFFFFFFFFFFFFFFFFFFFFFFFFFFFFFFFFFF13
:20ED2000FFFFFFFFFFFFFFFFFFFFFFFFFFFFFFFFFFFFFFFFFFFFFFFFFFFFFFFFFFFFFFFFF3
:20ED4000FFFFFFFFFFFFFFFFFFFFFFFFFFFFFFFFFFFFFFFFFFFFFFFFFFFFFFFFFFFFFFFFD3
:20ED6000FFFFFFFFFFFFFFFFFFFFFFFFFFFFFFFFFFFFFFFFFFFFFFFFFFFFFFFFFFFFFFFFB3
:20ED8000FFFFFFFFFFFFFFFFFFFFFFFFFFFFFFFFFFFFFFFFFFFFFFFFFFFFFFFFFFFFFFFF93
:20EDA000FFFFFFFFFFFFFFFFFFFFFFFFFFFFFFFFFFFFFFFFFFFFFFFFFFFFFFFFFFFFFFFF73
:20EDC000FFFFFFFFFFFFFFFFFFFFFFFFFFFFFFFFFFFFFFFFFFFFFFFFFFFFFFFFFFFFFFFF53
:20EDE000FFFFFFFFFFFFFFFFFFFFFFFFFFFFFFFFFFFFFFFFFFFFFFFFFFFFFFFFFFFFFFFF33
:20EE0000FFFFFFFFFFFFFFFFFFFFFFFFFFFFFFFFFFFFFFFFFFFFFFFFFFFFFFFFFFFFFFFF12
:20EE2000FFFFFFFFFFFFFFFFFFFFFFFFFFFFFFFFFFFFFFFFFFFFFFFFFFFFFFFFFFFFFFFFF2
:20EE4000FFFFFFFFFFFFFFFFFFFFFFFFFFFFFFFFFFFFFFFFFFFFFFFFFFFFFFFFFFFFFFFFD2
:20EE6000FFFFFFFFFFFFFFFFFFFFFFFFFFFFFFFFFFFFFFFFFFFFFFFFFFFFFFFFFFFFFFFFB2
:20EE8000FFFFFFFFFFFFFFFFFFFFFFFFFFFFFFFFFFFFFFFFFFFFFFFFFFFFFFFFFFFFFFFF92
:20EEA000FFFFFFFFFFFFFFFFFFFFFFFFFFFFFFFFFFFFFFFFFFFFFFFFFFFFFFFFFFFFFFFF72
:20EEC000FFFFFFFFFFFFFFFFFFFFFFFFFFFFFFFFFFFFFFFFFFFFFFFFFFFFFFFFFFFFFFFF52
:20EEE000FFFFFFFFFFFFFFFFFFFFFFFFFFFFFFFFFFFFFFFFFFFFFFFFFFFFFFFFFFFFFFFF32
:20EF0000FFFFFFFFFFFFFFFFFFFFFFFFFFFFFFFFFFFFFFFFFFFFFFFFFFFFFFFFFFFFFFFF11
:20EF2000FFFFFFFFFFFFFFFFFFFFFFFFFFFFFFFFFFFFFFFFFFFFFFFFFFFFFFFFFFFFFFFFF1
:20EF4000FFFFFFFFFFFFFFFFFFFFFFFFFFFFFFFFFFFFFFFFFFFFFFFFFFFFFFFFFFFFFFFFD1
:20EF6000FFFFFFFFFFFFFFFFFFFFFFFFFFFFFFFFFFFFFFFFFFFFFFFFFFFFFFFFFFFFFFFFB1
:20EF8000FFFFFFFFFFFFFFFFFFFFFFFFFFFFFFFFFFFFFFFFFFFFFFFFFFFFFFFFFFFFFFFF91
:20EFA000FFFFFFFFFFFFFFFFFFFFFFFFFFFFFFFFFFFFFFFFFFFFFFFFFFFFFFFFFFFFFFFF71
:20EFC000FFFFFFFFFFFFFFFFFFFFFFFFFFFFFFFFFFFFFFFFFFFFFFFFFFFFFFFFFFFFFFFF51
:20EFE000FFFFFFFFFFFFFFFFFFFFFFFFFFFFFFFFFFFFFFFFFFFFFFFFFFFFFFFFFFFFFFFF31
:20F00000FFFFFFFFFFFFFFFFFFFFFFFFFFFFFFFFFFFFFFFFFFFFFFFFFFFFFFFFFFFFFFFF10
:20F02000FFFFFFFFFFFFFFFFFFFFFFFFFFFFFFFFFFFFFFFFFFFFFFFFFFFFFFFFFFFFFFFFF0
:20F04000FFFFFFFFFFFFFFFFFFFFFFFFFFFFFFFFFFFFFFFFFFFFFFFFFFFFFFFFFFFFFFFFD0
:20F06000FFFFFFFFFFFFFFFFFFFFFFFFFFFFFFFFFFFFFFFFFFFFFFFFFFFFFFFFFFFFFFFFB0
:20F08000FFFFFFFFFFFFFFFFFFFFFFFFFFFFFFFFFFFFFFFFFFFFFFFFFFFFFFFFFFFFFFFF90
:20F0A000FFFFFFFFFFFFFFFFFFFFFFFFFFFFFFFFFFFFFFFFFFFFFFFFFFFFFFFFFFFFFFFF70
:20F0C000FFFFFFFFFFFFFFFFFFFFFFFFFFFFFFFFFFFFFFFFFFFFFFFFFFFFFFFFFFFFFFFF50
:20F0E000FFFFFFFFFFFFFFFFFFFFFFFFFFFFFFFFFFFFFFFFFFFFFFFFFFFFFFFFFFFFFFFF30
:20F10000FFFFFFFFFFFFFFFFFFFFFFFFFFFFFFFFFFFFFFFFFFFFFFFFFFFFFFFFFFFFFFFF0F
:20F12000FFFFFFFFFFFFFFFFFFFFFFFFFFFFFFFFFFFFFFFFFFFFFFFFFFFFFFFFFFFFFFFFEF
:20F14000FFFFFFFFFFFFFFFFFFFFFFFFFFFFFFFFFFFFFFFFFFFFFFFFFFFFFFFFFFFFFFFFCF
:20F16000FFFFFFFFFFFFFFFFFFFFFFFFFFFFFFFFFFFFFFFFFFFFFFFFFFFFFFFFFFFFFFFFAF
:20F18000FFFFFFFFFFFFFFFFFFFFFFFFFFFFFFFFFFFFFFFFFFFFFFFFFFFFFFFFFFFFFFFF8F
:20F1A000FFFFFFFFFFFFFFFFFFFFFFFFFFFFFFFFFFFFFFFFFFFFFFFFFFFFFFFFFFFFFFFF6F
:20F1C000FFFFFFFFFFFFFFFFFFFFFFFFFFFFFFFFFFFFFFFFFFFFFFFFFFFFFFFFFFFFFFFF4F
:20F1E000FFFFFFFFFFFFFFFFFFFFFFFFFFFFFFFFFFFFFFFFFFFFFFFFFFFFFFFFFFFFFFFF2F
:20F20000FFFFFFFFFFFFFFFFFFFFFFFFFFFFFFFFFFFFFFFFFFFFFFFFFFFFFFFFFFFFFFFF0E
:20F22000FFFFFFFFFFFFFFFFFFFFFFFFFFFFFFFFFFFFFFFFFFFFFFFFFFFFFFFFFFFFFFFFEE
:20F24000FFFFFFFFFFFFFFFFFFFFFFFFFFFFFFFFFFFFFFFFFFFFFFFFFFFFFFFFFFFFFFFFCE
:20F26000FFFFFFFFFFFFFFFFFFFFFFFFFFFFFFFFFFFFFFFFFFFFFFFFFFFFFFFFFFFFFFFFAE
:20F28000FFFFFFFFFFFFFFFFFFFFFFFFFFFFFFFFFFFFFFFFFFFFFFFFFFFFFFFFFFFFFFFF8E
:20F2A000FFFFFFFFFFFFFFFFFFFFFFFFFFFFFFFFFFFFFFFFFFFFFFFFFFFFFFFFFFFFFFFF6E
:20F2C000FFFFFFFFFFFFFFFFFFFFFFFFFFFFFFFFFFFFFFFFFFFFFFFFFFFFFFFFFFFFFFFF4E
:20F2E000FFFFFFFFFFFFFFFFFFFFFFFFFFFFFFFFFFFFFFFFFFFFFFFFFFFFFFFFFFFFFFFF2E
:20F30000FFFFFFFFFFFFFFFFFFFFFFFFFFFFFFFFFFFFFFFFFFFFFFFFFFFFFFFFFFFFFFFF0D
:20F32000FFFFFFFFFFFFFFFFFFFFFFFFFFFFFFFFFFFFFFFFFFFFFFFFFFFFFFFFFFFFFFFFED
:20F34000FFFFFFFFFFFFFFFFFFFFFFFFFFFFFFFFFFFFFFFFFFFFFFFFFFFFFFFFFFFFFFFFCD
:20F36000FFFFFFFFFFFFFFFFFFFFFFFFFFFFFFFFFFFFFFFFFFFFFFFFFFFFFFFFFFFFFFFFAD
:20F38000FFFFFFFFFFFFFFFFFFFFFFFFFFFFFFFFFFFFFFFFFFFFFFFFFFFFFFFFFFFFFFFF8D
:20F3A000FFFFFFFFFFFFFFFFFFFFFFFFFFFFFFFFFFFFFFFFFFFFFFFFFFFFFFFFFFFFFFFF6D
:20F3C000FFFFFFFFFFFFFFFFFFFFFFFFFFFFFFFFFFFFFFFFFFFFFFFFFFFFFFFFFFFFFFFF4D
:20F3E000FFFFFFFFFFFFFFFFFFFFFFFFFFFFFFFFFFFFFFFFFFFFFFFFFFFFFFFFFFFFFFFF2D
:20F40000FFFFFFFFFFFFFFFFFFFFFFFFFFFFFFFFFFFFFFFFFFFFFFFFFFFFFFFFFFFFFFFF0C
:20F42000FFFFFFFFFFFFFFFFFFFFFFFFFFFFFFFFFFFFFFFFFFFFFFFFFFFFFFFFFFFFFFFFEC
:20F44000FFFFFFFFFFFFFFFFFFFFFFFFFFFFFFFFFFFFFFFFFFFFFFFFFFFFFFFFFFFFFFFFCC
:20F46000FFFFFFFFFFFFFFFFFFFFFFFFFFFFFFFFFFFFFFFFFFFFFFFFFFFFFFFFFFFFFFFFAC
:20F48000FFFFFFFFFFFFFFFFFFFFFFFFFFFFFFFFFFFFFFFFFFFFFFFFFFFFFFFFFFFFFFFF8C
:20F4A000FFFFFFFFFFFFFFFFFFFFFFFFFFFFFFFFFFFFFFFFFFFFFFFFFFFFFFFFFFFFFFFF6C
:20F4C000FFFFFFFFFFFFFFFFFFFFFFFFFFFFFFFFFFFFFFFFFFFFFFFFFFFFFFFFFFFFFFFF4C
:20F4E000FFFFFFFFFFFFFFFFFFFFFFFFFFFFFFFFFFFFFFFFFFFFFFFFFFFFFFFFFFFFFFFF2C
:20F50000FFFFFFFFFFFFFFFFFFFFFFFFFFFFFFFFFFFFFFFFFFFFFFFFFFFFFFFFFFFFFFFF0B
:20F52000FFFFFFFFFFFFFFFFFFFFFFFFFFFFFFFFFFFFFFFFFFFFFFFFFFFFFFFFFFFFFFFFEB
:20F54000FFFFFFFFFFFFFFFFFFFFFFFFFFFFFFFFFFFFFFFFFFFFFFFFFFFFFFFFFFFFFFFFCB
:20F56000FFFFFFFFFFFFFFFFFFFFFFFFFFFFFFFFFFFFFFFFFFFFFFFFFFFFFFFFFFFFFFFFAB
:20F58000FFFFFFFFFFFFFFFFFFFFFFFFFFFFFFFFFFFFFFFFFFFFFFFFFFFFFFFFFFFFFFFF8B
:20F5A000FFFFFFFFFFFFFFFFFFFFFFFFFFFFFFFFFFFFFFFFFFFFFFFFFFFFFFFFFFFFFFFF6B
:20F5C000FFFFFFFFFFFFFFFFFFFFFFFFFFFFFFFFFFFFFFFFFFFFFFFFFFFFFFFFFFFFFFFF4B
:20F5E000FFFFFFFFFFFFFFFFFFFFFFFFFFFFFFFFFFFFFFFFFFFFFFFFFFFFFFFFFFFFFFFF2B
:20F60000FFFFFFFFFFFFFFFFFFFFFFFFFFFFFFFFFFFFFFFFFFFFFFFFFFFFFFFFFFFFFFFF0A
:20F62000FFFFFFFFFFFFFFFFFFFFFFFFFFFFFFFFFFFFFFFFFFFFFFFFFFFFFFFFFFFFFFFFEA
:20F64000FFFFFFFFFFFFFFFFFFFFFFFFFFFFFFFFFFFFFFFFFFFFFFFFFFFFFFFFFFFFFFFFCA
:20F66000FFFFFFFFFFFFFFFFFFFFFFFFFFFFFFFFFFFFFFFFFFFFFFFFFFFFFFFFFFFFFFFFAA
:20F68000FFFFFFFFFFFFFFFFFFFFFFFFFFFFFFFFFFFFFFFFFFFFFFFFFFFFFFFFFFFFFFFF8A
:20F6A000FFFFFFFFFFFFFFFFFFFFFFFFFFFFFFFFFFFFFFFFFFFFFFFFFFFFFFFFFFFFFFFF6A
:20F6C000FFFFFFFFFFFFFFFFFFFFFFFFFFFFFFFFFFFFFFFFFFFFFFFFFFFFFFFFFFFFFFFF4A
:20F6E000FFFFFFFFFFFFFFFFFFFFFFFFFFFFFFFFFFFFFFFFFFFFFFFFFFFFFFFFFFFFFFFF2A
:20F70000FFFFFFFFFFFFFFFFFFFFFFFFFFFFFFFFFFFFFFFFFFFFFFFFFFFFFFFFFFFFFFFF09
:20F72000FFFFFFFFFFFFFFFFFFFFFFFFFFFFFFFFFFFFFFFFFFFFFFFFFFFFFFFFFFFFFFFFE9
:20F74000FFFFFFFFFFFFFFFFFFFFFFFFFFFFFFFFFFFFFFFFFFFFFFFFFFFFFFFFFFFFFFFFC9
:20F76000FFFFFFFFFFFFFFFFFFFFFFFFFFFFFFFFFFFFFFFFFFFFFFFFFFFFFFFFFFFFFFFFA9
:20F78000FFFFFFFFFFFFFFFFFFFFFFFFFFFFFFFFFFFFFFFFFFFFFFFFFFFFFFFFFFFFFFFF89
:20F7A000FFFFFFFFFFFFFFFFFFFFFFFFFFFFFFFFFFFFFFFFFFFFFFFFFFFFFFFFFFFFFFFF69
:20F7C000FFFFFFFFFFFFFFFFFFFFFFFFFFFFFFFFFFFFFFFFFFFFFFFFFFFFFFFFFFFFFFFF49
:20F7E000FFFFFFFFFFFFFFFFFFFFFFFFFFFFFFFFFFFFFFFFFFFFFFFFFFFFFFFFFFFFFFFF29
:20F80000FFFFFFFFFFFFFFFFFFFFFFFFFFFFFFFFFFFFFFFFFFFFFFFFFFFFFFFFFFFFFFFF08
:20F82000FFFFFFFFFFFFFFFFFFFFFFFFFFFFFFFFFFFFFFFFFFFFFFFFFFFFFFFFFFFFFFFFE8
:20F84000FFFFFFFFFFFFFFFFFFFFFFFFFFFFFFFFFFFFFFFFFFFFFFFFFFFFFFFFFFFFFFFFC8
:20F86000FFFFFFFFFFFFFFFFFFFFFFFFFFFFFFFFFFFFFFFFFFFFFFFFFFFFFFFFFFFFFFFFA8
:20F88000FFFFFFFFFFFFFFFFFFFFFFFFFFFFFFFFFFFFFFFFFFFFFFFFFFFFFFFFFFFFFFFF88
:20F8A000FFFFFFFFFFFFFFFFFFFFFFFFFFFFFFFFFFFFFFFFFFFFFFFFFFFFFFFFFFFFFFFF68
:20F8C000FFFFFFFFFFFFFFFFFFFFFFFFFFFFFFFFFFFFFFFFFFFFFFFFFFFFFFFFFFFFFFFF48
:20F8E000FFFFFFFFFFFFFFFFFFFFFFFFFFFFFFFFFFFFFFFFFFFFFFFFFFFFFFFFFFFFFFFF28
:20F90000FFFFFFFFFFFFFFFFFFFFFFFFFFFFFFFFFFFFFFFFFFFFFFFFFFFFFFFFFFFFFFFF07
:20F92000FFFFFFFFFFFFFFFFFFFFFFFFFFFFFFFFFFFFFFFFFFFFFFFFFFFFFFFFFFFFFFFFE7
:20F94000FFFFFFFFFFFFFFFFFFFFFFFFFFFFFFFFFFFFFFFFFFFFFFFFFFFFFFFFFFFFFFFFC7
:20F96000FFFFFFFFFFFFFFFFFFFFFFFFFFFFFFFFFFFFFFFFFFFFFFFFFFFFFFFFFFFFFFFFA7
:20F98000FFFFFFFFFFFFFFFFFFFFFFFFFFFFFFFFFFFFFFFFFFFFFFFFFFFFFFFFFFFFFFFF87
:20F9A000FFFFFFFFFFFFFFFFFFFFFFFFFFFFFFFFFFFFFFFFFFFFFFFFFFFFFFFFFFFFFFFF67
:20F9C000FFFFFFFFFFFFFFFFFFFFFFFFFFFFFFFFFFFFFFFFFFFFFFFFFFFFFFFFFFFFFFFF47
:20F9E000FFFFFFFFFFFFFFFFFFFFFFFFFFFFFFFFFFFFFFFFFFFFFFFFFFFFFFFFFFFFFFFF27
:20FA0000FFFFFFFFFFFFFFFFFFFFFFFFFFFFFFFFFFFFFFFFFFFFFFFFFFFFFFFFFFFFFFFF06
:20FA2000FFFFFFFFFFFFFFFFFFFFFFFFFFFFFFFFFFFFFFFFFFFFFFFFFFFFFFFFFFFFFFFFE6
:20FA4000FFFFFFFFFFFFFFFFFFFFFFFFFFFFFFFFFFFFFFFFFFFFFFFFFFFFFFFFFFFFFFFFC6
:20FA6000FFFFFFFFFFFFFFFFFFFFFFFFFFFFFFFFFFFFFFFFFFFFFFFFFFFFFFFFFFFFFFFFA6
:20FA8000FFFFFFFFFFFFFFFFFFFFFFFFFFFFFFFFFFFFFFFFFFFFFFFFFFFFFFFFFFFFFFFF86
:20FAA000FFFFFFFFFFFFFFFFFFFFFFFFFFFFFFFFFFFFFFFFFFFFFFFFFFFFFFFFFFFFFFFF66
:20FAC000FFFFFFFFFFFFFFFFFFFFFFFFFFFFFFFFFFFFFFFFFFFFFFFFFFFFFFFFFFFFFFFF46
:20FAE000FFFFFFFFFFFFFFFFFFFFFFFFFFFFFFFFFFFFFFFFFFFFFFFFFFFFFFFFFFFFFFFF26
:20FB0000FFFFFFFFFFFFFFFFFFFFFFFFFFFFFFFFFFFFFFFFFFFFFFFFFFFFFFFFFFFFFFFF05
:20FB2000FFFFFFFFFFFFFFFFFFFFFFFFFFFFFFFFFFFFFFFFFFFFFFFFFFFFFFFFFFFFFFFFE5
:20FB4000FFFFFFFFFFFFFFFFFFFFFFFFFFFFFFFFFFFFFFFFFFFFFFFFFFFFFFFFFFFFFFFFC5
:20FB6000FFFFFFFFFFFFFFFFFFFFFFFFFFFFFFFFFFFFFFFFFFFFFFFFFFFFFFFFFFFFFFFFA5
:20FB8000FFFFFFFFFFFFFFFFFFFFFFFFFFFFFFFFFFFFFFFFFFFFFFFFFFFFFFFFFFFFFFFF85
:20FBA000FFFFFFFFFFFFFFFFFFFFFFFFFFFFFFFFFFFFFFFFFFFFFFFFFFFFFFFFFFFFFFFF65
:20FBC000FFFFFFFFFFFFFFFFFFFFFFFFFFFFFFFFFFFFFFFFFFFFFFFFFFFFFFFFFFFFFFFF45
:20FBE000FFFFFFFFFFFFFFFFFFFFFFFFFFFFFFFFFFFFFFFFFFFFFFFFFFFFFFFFFFFFFFFF25
:20FC0000FFFFFFFFFFFFFFFFFFFFFFFFFFFFFFFFFFFFFFFFFFFFFFFFFFFFFFFFFFFFFFFF04
:20FC2000FFFFFFFFFFFFFFFFFFFFFFFFFFFFFFFFFFFFFFFFFFFFFFFFFFFFFFFFFFFFFFFFE4
:20FC4000FFFFFFFFFFFFFFFFFFFFFFFFFFFFFFFFFFFFFFFFFFFFFFFFFFFFFFFFFFFFFFFFC4
:20FC6000FFFFFFFFFFFFFFFFFFFFFFFFFFFFFFFFFFFFFFFFFFFFFFFFFFFFFFFFFFFFFFFFA4
:20FC8000FFFFFFFFFFFFFFFFFFFFFFFFFFFFFFFFFFFFFFFFFFFFFFFFFFFFFFFFFFFFFFFF84
:20FCA000FFFFFFFFFFFFFFFFFFFFFFFFFFFFFFFFFFFFFFFFFFFFFFFFFFFFFFFFFFFFFFFF64
:20FCC000FFFFFFFFFFFFFFFFFFFFFFFFFFFFFFFFFFFFFFFFFFFFFFFFFFFFFFFFFFFFFFFF44
:20FCE000FFFFFFFFFFFFFFFFFFFFFFFFFFFFFFFFFFFFFFFFFFFFFFFFFFFFFFFFFFFFFFFF24
:20FD0000FFFFFFFFFFFFFFFFFFFFFFFFFFFFFFFFFFFFFFFFFFFFFFFFFFFFFFFFFFFFFFFF03
:20FD2000FFFFFFFFFFFFFFFFFFFFFFFFFFFFFFFFFFFFFFFFFFFFFFFFFFFFFFFFFFFFFFFFE3
:20FD4000FFFFFFFFFFFFFFFFFFFFFFFFFFFFFFFFFFFFFFFFFFFFFFFFFFFFFFFFFFFFFFFFC3
:20FD6000FFFFFFFFFFFFFFFFFFFFFFFFFFFFFFFFFFFFFFFFFFFFFFFFFFFFFFFFFFFFFFFFA3
:20FD8000FFFFFFFFFFFFFFFFFFFFFFFFFFFFFFFFFFFFFFFFFFFFFFFFFFFFFFFFFFFFFFFF83
:20FDA000FFFFFFFFFFFFFFFFFFFFFFFFFFFFFFFFFFFFFFFFFFFFFFFFFFFFFFFFFFFFFFFF63
:20FDC000FFFFFFFFFFFFFFFFFFFFFFFFFFFFFFFFFFFFFFFFFFFFFFFFFFFFFFFFFFFFFFFF43
:20FDE000FFFFFFFFFFFFFFFFFFFFFFFFFFFFFFFFFFFFFFFFFFFFFFFFFFFFFFFFFFFFFFFF23
:20FE0000FFFFFFFFFFFFFFFFFFFFFFFFFFFFFFFFFFFFFFFFFFFFFFFFFFFFFFFFFFFFFFFF02
:20FE2000FFFFFFFFFFFFFFFFFFFFFFFFFFFFFFFFFFFFFFFFFFFFFFFFFFFFFFFFFFFFFFFFE2
:20FE4000FFFFFFFFFFFFFFFFFFFFFFFFFFFFFFFFFFFFFFFFFFFFFFFFFFFFFFFFFFFFFFFFC2
:20FE6000FFFFFFFFFFFFFFFFFFFFFFFFFFFFFFFFFFFFFFFFFFFFFFFFFFFFFFFFFFFFFFFFA2
:20FE8000FFFFFFFFFFFFFFFFFFFFFFFFFFFFFFFFFFFFFFFFFFFFFFFFFFFFFFFFFFFFFFFF82
:20FEA000FFFFFFFFFFFFFFFFFFFFFFFFFFFFFFFFFFFFFFFFFFFFFFFFFFFFFFFFFFFFFFFF62
:20FEC000FFFFFFFFFFFFFFFFFFFFFFFFFFFFFFFFFFFFFFFFFFFFFFFFFFFFFFFFFFFFFFFF42
:20FEE000FFFFFFFFFFFFFFFFFFFFFFFFFFFFFFFFFFFFFFFFFFFFFFFFFFFFFFFFFFFFFFFF22
:20FF0000FFFFFFFFFFFFFFFFFFFFFFFFFFFFFFFFFFFFFFFFFFFFFFFFFFFFFFFFFFFFFFFF01
:20FF2000FFFFFFFFFFFFFFFFFFFFFFFFFFFFFFFFFFFFFFFFFFFFFFFFFFFFFFFFFFFFFFFFE1
:20FF4000FFFFFFFFFFFFFFFFFFFFFFFFFFFFFFFFFFFFFFFFFFFFFFFFFFFFFFFFFFFFFFFFC1
:20FF6000FFFFFFFFFFFFFFFFFFFFFFFFFFFFFFFFFFFFFFFFFFFFFFFFFFFFFFFFFFFFFFFFA1
:20FF8000FFFFFFFFFFFFFFFFFFFFFFFFFFFFFFFFFFFFFFFFFFFFFFFFFFFFFFFFFFFFFFFF81
:20FFA000FFFFFFFFFFFFFFFFFFFFFFFFFFFFFFFFFFFFFFFFFFFFFFFFFFFFFFFFFFFFFFFF61
:20FFC000FFFFFFFFFFFFFFFFFFFFFFFFFFFFFFFFFFFFFFFFFFFFFFFFFFFFFFFFFFFFFFFF41
:20FFE000FFFFFFFFFFFFFFFFFFFFFFFFFFFFFFFFFFFFFFFFFFFFFFFFFFFFFFFFFFFFFFFF21
:020000040802F0
:20000000FFFFFFFFFFFFFFFFFFFFFFFFFFFFFFFFFFFFFFFFFFFFFFFFFFFFFFFFFFFFFFFF00
:20002000FFFFFFFFFFFFFFFFFFFFFFFFFFFFFFFFFFFFFFFFFFFFFFFFFFFFFFFFFFFFFFFFE0
:20004000FFFFFFFFFFFFFFFFFFFFFFFFFFFFFFFFFFFFFFFFFFFFFFFFFFFFFFFFFFFFFFFFC0
:20006000FFFFFFFFFFFFFFFFFFFFFFFFFFFFFFFFFFFFFFFFFFFFFFFFFFFFFFFFFFFFFFFFA0
:20008000FFFFFFFFFFFFFFFFFFFFFFFFFFFFFFFFFFFFFFFFFFFFFFFFFFFFFFFFFFFFFFFF80
:2000A000FFFFFFFFFFFFFFFFFFFFFFFFFFFFFFFFFFFFFFFFFFFFFFFFFFFFFFFFFFFFFFFF60
:2000C000FFFFFFFFFFFFFFFFFFFFFFFFFFFFFFFFFFFFFFFFFFFFFFFFFFFFFFFFFFFFFFFF40
:2000E000FFFFFFFFFFFFFFFFFFFFFFFFFFFFFFFFFFFFFFFFFFFFFFFFFFFFFFFFFFFFFFFF20
:20010000FFFFFFFFFFFFFFFFFFFFFFFFFFFFFFFFFFFFFFFFFFFFFFFFFFFFFFFFFFFFFFFFFF
:20012000FFFFFFFFFFFFFFFFFFFFFFFFFFFFFFFFFFFFFFFFFFFFFFFFFFFFFFFFFFFFFFFFDF
:20014000FFFFFFFFFFFFFFFFFFFFFFFFFFFFFFFFFFFFFFFFFFFFFFFFFFFFFFFFFFFFFFFFBF
:20016000FFFFFFFFFFFFFFFFFFFFFFFFFFFFFFFFFFFFFFFFFFFFFFFFFFFFFFFFFFFFFFFF9F
:20018000FFFFFFFFFFFFFFFFFFFFFFFFFFFFFFFFFFFFFFFFFFFFFFFFFFFFFFFFFFFFFFFF7F
:2001A000FFFFFFFFFFFFFFFFFFFFFFFFFFFFFFFFFFFFFFFFFFFFFFFFFFFFFFFFFFFFFFFF5F
:2001C000FFFFFFFFFFFFFFFFFFFFFFFFFFFFFFFFFFFFFFFFFFFFFFFFFFFFFFFFFFFFFFFF3F
:2001E000FFFFFFFFFFFFFFFFFFFFFFFFFFFFFFFFFFFFFFFFFFFFFFFFFFFFFFFFFFFFFFFF1F
:20020000FFFFFFFFFFFFFFFFFFFFFFFFFFFFFFFFFFFFFFFFFFFFFFFFFFFFFFFFFFFFFFFFFE
:20022000FFFFFFFFFFFFFFFFFFFFFFFFFFFFFFFFFFFFFFFFFFFFFFFFFFFFFFFFFFFFFFFFDE
:20024000FFFFFFFFFFFFFFFFFFFFFFFFFFFFFFFFFFFFFFFFFFFFFFFFFFFFFFFFFFFFFFFFBE
:20026000FFFFFFFFFFFFFFFFFFFFFFFFFFFFFFFFFFFFFFFFFFFFFFFFFFFFFFFFFFFFFFFF9E
:20028000FFFFFFFFFFFFFFFFFFFFFFFFFFFFFFFFFFFFFFFFFFFFFFFFFFFFFFFFFFFFFFFF7E
:2002A000FFFFFFFFFFFFFFFFFFFFFFFFFFFFFFFFFFFFFFFFFFFFFFFFFFFFFFFFFFFFFFFF5E
:2002C000FFFFFFFFFFFFFFFFFFFFFFFFFFFFFFFFFFFFFFFFFFFFFFFFFFFFFFFFFFFFFFFF3E
:2002E000FFFFFFFFFFFFFFFFFFFFFFFFFFFFFFFFFFFFFFFFFFFFFFFFFFFFFFFFFFFFFFFF1E
:20030000FFFFFFFFFFFFFFFFFFFFFFFFFFFFFFFFFFFFFFFFFFFFFFFFFFFFFFFFFFFFFFFFFD
:20032000FFFFFFFFFFFFFFFFFFFFFFFFFFFFFFFFFFFFFFFFFFFFFFFFFFFFFFFFFFFFFFFFDD
:20034000FFFFFFFFFFFFFFFFFFFFFFFFFFFFFFFFFFFFFFFFFFFFFFFFFFFFFFFFFFFFFFFFBD
:20036000FFFFFFFFFFFFFFFFFFFFFFFFFFFFFFFFFFFFFFFFFFFFFFFFFFFFFFFFFFFFFFFF9D
:20038000FFFFFFFFFFFFFFFFFFFFFFFFFFFFFFFFFFFFFFFFFFFFFFFFFFFFFFFFFFFFFFFF7D
:2003A000FFFFFFFFFFFFFFFFFFFFFFFFFFFFFFFFFFFFFFFFFFFFFFFFFFFFFFFFFFFFFFFF5D
:2003C000FFFFFFFFFFFFFFFFFFFFFFFFFFFFFFFFFFFFFFFFFFFFFFFFFFFFFFFFFFFFFFFF3D
:2003E000FFFFFFFFFFFFFFFFFFFFFFFFFFFFFFFFFFFFFFFFFFFFFFFFFFFFFFFFFFFFFFFF1D
:20040000FFFFFFFFFFFFFFFFFFFFFFFFFFFFFFFFFFFFFFFFFFFFFFFFFFFFFFFFFFFFFFFFFC
:20042000FFFFFFFFFFFFFFFFFFFFFFFFFFFFFFFFFFFFFFFFFFFFFFFFFFFFFFFFFFFFFFFFDC
:20044000FFFFFFFFFFFFFFFFFFFFFFFFFFFFFFFFFFFFFFFFFFFFFFFFFFFFFFFFFFFFFFFFBC
:20046000FFFFFFFFFFFFFFFFFFFFFFFFFFFFFFFFFFFFFFFFFFFFFFFFFFFFFFFFFFFFFFFF9C
:20048000FFFFFFFFFFFFFFFFFFFFFFFFFFFFFFFFFFFFFFFFFFFFFFFFFFFFFFFFFFFFFFFF7C
:2004A000FFFFFFFFFFFFFFFFFFFFFFFFFFFFFFFFFFFFFFFFFFFFFFFFFFFFFFFFFFFFFFFF5C
:2004C000FFFFFFFFFFFFFFFFFFFFFFFFFFFFFFFFFFFFFFFFFFFFFFFFFFFFFFFFFFFFFFFF3C
:2004E000FFFFFFFFFFFFFFFFFFFFFFFFFFFFFFFFFFFFFFFFFFFFFFFFFFFFFFFFFFFFFFFF1C
:20050000FFFFFFFFFFFFFFFFFFFFFFFFFFFFFFFFFFFFFFFFFFFFFFFFFFFFFFFFFFFFFFFFFB
:20052000FFFFFFFFFFFFFFFFFFFFFFFFFFFFFFFFFFFFFFFFFFFFFFFFFFFFFFFFFFFFFFFFDB
:20054000FFFFFFFFFFFFFFFFFFFFFFFFFFFFFFFFFFFFFFFFFFFFFFFFFFFFFFFFFFFFFFFFBB
:20056000FFFFFFFFFFFFFFFFFFFFFFFFFFFFFFFFFFFFFFFFFFFFFFFFFFFFFFFFFFFFFFFF9B
:20058000FFFFFFFFFFFFFFFFFFFFFFFFFFFFFFFFFFFFFFFFFFFFFFFFFFFFFFFFFFFFFFFF7B
:2005A000FFFFFFFFFFFFFFFFFFFFFFFFFFFFFFFFFFFFFFFFFFFFFFFFFFFFFFFFFFFFFFFF5B
:2005C000FFFFFFFFFFFFFFFFFFFFFFFFFFFFFFFFFFFFFFFFFFFFFFFFFFFFFFFFFFFFFFFF3B
:2005E000FFFFFFFFFFFFFFFFFFFFFFFFFFFFFFFFFFFFFFFFFFFFFFFFFFFFFFFFFFFFFFFF1B
:20060000FFFFFFFFFFFFFFFFFFFFFFFFFFFFFFFFFFFFFFFFFFFFFFFFFFFFFFFFFFFFFFFFFA
:20062000FFFFFFFFFFFFFFFFFFFFFFFFFFFFFFFFFFFFFFFFFFFFFFFFFFFFFFFFFFFFFFFFDA
:20064000FFFFFFFFFFFFFFFFFFFFFFFFFFFFFFFFFFFFFFFFFFFFFFFFFFFFFFFFFFFFFFFFBA
:20066000FFFFFFFFFFFFFFFFFFFFFFFFFFFFFFFFFFFFFFFFFFFFFFFFFFFFFFFFFFFFFFFF9A
:20068000FFFFFFFFFFFFFFFFFFFFFFFFFFFFFFFFFFFFFFFFFFFFFFFFFFFFFFFFFFFFFFFF7A
:2006A000FFFFFFFFFFFFFFFFFFFFFFFFFFFFFFFFFFFFFFFFFFFFFFFFFFFFFFFFFFFFFFFF5A
:2006C000FFFFFFFFFFFFFFFFFFFFFFFFFFFFFFFFFFFFFFFFFFFFFFFFFFFFFFFFFFFFFFFF3A
:2006E000FFFFFFFFFFFFFFFFFFFFFFFFFFFFFFFFFFFFFFFFFFFFFFFFFFFFFFFFFFFFFFFF1A
:20070000FFFFFFFFFFFFFFFFFFFFFFFFFFFFFFFFFFFFFFFFFFFFFFFFFFFFFFFFFFFFFFFFF9
:20072000FFFFFFFFFFFFFFFFFFFFFFFFFFFFFFFFFFFFFFFFFFFFFFFFFFFFFFFFFFFFFFFFD9
:20074000FFFFFFFFFFFFFFFFFFFFFFFFFFFFFFFFFFFFFFFFFFFFFFFFFFFFFFFFFFFFFFFFB9
:20076000FFFFFFFFFFFFFFFFFFFFFFFFFFFFFFFFFFFFFFFFFFFFFFFFFFFFFFFFFFFFFFFF99
:20078000FFFFFFFFFFFFFFFFFFFFFFFFFFFFFFFFFFFFFFFFFFFFFFFFFFFFFFFFFFFFFFFF79
:2007A000FFFFFFFFFFFFFFFFFFFFFFFFFFFFFFFFFFFFFFFFFFFFFFFFFFFFFFFFFFFFFFFF59
:2007C000FFFFFFFFFFFFFFFFFFFFFFFFFFFFFFFFFFFFFFFFFFFFFFFFFFFFFFFFFFFFFFFF39
:2007E000FFFFFFFFFFFFFFFFFFFFFFFFFFFFFFFFFFFFFFFFFFFFFFFFFFFFFFFFFFFFFFFF19
:20080000FFFFFFFFFFFFFFFFFFFFFFFFFFFFFFFFFFFFFFFFFFFFFFFFFFFFFFFFFFFFFFFFF8
:20082000FFFFFFFFFFFFFFFFFFFFFFFFFFFFFFFFFFFFFFFFFFFFFFFFFFFFFFFFFFFFFFFFD8
:20084000FFFFFFFFFFFFFFFFFFFFFFFFFFFFFFFFFFFFFFFFFFFFFFFFFFFFFFFFFFFFFFFFB8
:20086000FFFFFFFFFFFFFFFFFFFFFFFFFFFFFFFFFFFFFFFFFFFFFFFFFFFFFFFFFFFFFFFF98
:20088000FFFFFFFFFFFFFFFFFFFFFFFFFFFFFFFFFFFFFFFFFFFFFFFFFFFFFFFFFFFFFFFF78
:2008A000FFFFFFFFFFFFFFFFFFFFFFFFFFFFFFFFFFFFFFFFFFFFFFFFFFFFFFFFFFFFFFFF58
:2008C000FFFFFFFFFFFFFFFFFFFFFFFFFFFFFFFFFFFFFFFFFFFFFFFFFFFFFFFFFFFFFFFF38
:2008E000FFFFFFFFFFFFFFFFFFFFFFFFFFFFFFFFFFFFFFFFFFFFFFFFFFFFFFFFFFFFFFFF18
:20090000FFFFFFFFFFFFFFFFFFFFFFFFFFFFFFFFFFFFFFFFFFFFFFFFFFFFFFFFFFFFFFFFF7
:20092000FFFFFFFFFFFFFFFFFFFFFFFFFFFFFFFFFFFFFFFFFFFFFFFFFFFFFFFFFFFFFFFFD7
:20094000FFFFFFFFFFFFFFFFFFFFFFFFFFFFFFFFFFFFFFFFFFFFFFFFFFFFFFFFFFFFFFFFB7
:20096000FFFFFFFFFFFFFFFFFFFFFFFFFFFFFFFFFFFFFFFFFFFFFFFFFFFFFFFFFFFFFFFF97
:20098000FFFFFFFFFFFFFFFFFFFFFFFFFFFFFFFFFFFFFFFFFFFFFFFFFFFFFFFFFFFFFFFF77
:2009A000FFFFFFFFFFFFFFFFFFFFFFFFFFFFFFFFFFFFFFFFFFFFFFFFFFFFFFFFFFFFFFFF57
:2009C000FFFFFFFFFFFFFFFFFFFFFFFFFFFFFFFFFFFFFFFFFFFFFFFFFFFFFFFFFFFFFFFF37
:2009E000FFFFFFFFFFFFFFFFFFFFFFFFFFFFFFFFFFFFFFFFFFFFFFFFFFFFFFFFFFFFFFFF17
:200A0000FFFFFFFFFFFFFFFFFFFFFFFFFFFFFFFFFFFFFFFFFFFFFFFFFFFFFFFFFFFFFFFFF6
:200A2000FFFFFFFFFFFFFFFFFFFFFFFFFFFFFFFFFFFFFFFFFFFFFFFFFFFFFFFFFFFFFFFFD6
:200A4000FFFFFFFFFFFFFFFFFFFFFFFFFFFFFFFFFFFFFFFFFFFFFFFFFFFFFFFFFFFFFFFFB6
:200A6000FFFFFFFFFFFFFFFFFFFFFFFFFFFFFFFFFFFFFFFFFFFFFFFFFFFFFFFFFFFFFFFF96
:200A8000FFFFFFFFFFFFFFFFFFFFFFFFFFFFFFFFFFFFFFFFFFFFFFFFFFFFFFFFFFFFFFFF76
:200AA000FFFFFFFFFFFFFFFFFFFFFFFFFFFFFFFFFFFFFFFFFFFFFFFFFFFFFFFFFFFFFFFF56
:200AC000FFFFFFFFFFFFFFFFFFFFFFFFFFFFFFFFFFFFFFFFFFFFFFFFFFFFFFFFFFFFFFFF36
:200AE000FFFFFFFFFFFFFFFFFFFFFFFFFFFFFFFFFFFFFFFFFFFFFFFFFFFFFFFFFFFFFFFF16
:200B0000FFFFFFFFFFFFFFFFFFFFFFFFFFFFFFFFFFFFFFFFFFFFFFFFFFFFFFFFFFFFFFFFF5
:200B2000FFFFFFFFFFFFFFFFFFFFFFFFFFFFFFFFFFFFFFFFFFFFFFFFFFFFFFFFFFFFFFFFD5
:200B4000FFFFFFFFFFFFFFFFFFFFFFFFFFFFFFFFFFFFFFFFFFFFFFFFFFFFFFFFFFFFFFFFB5
:200B6000FFFFFFFFFFFFFFFFFFFFFFFFFFFFFFFFFFFFFFFFFFFFFFFFFFFFFFFFFFFFFFFF95
:200B8000FFFFFFFFFFFFFFFFFFFFFFFFFFFFFFFFFFFFFFFFFFFFFFFFFFFFFFFFFFFFFFFF75
:200BA000FFFFFFFFFFFFFFFFFFFFFFFFFFFFFFFFFFFFFFFFFFFFFFFFFFFFFFFFFFFFFFFF55
:200BC000FFFFFFFFFFFFFFFFFFFFFFFFFFFFFFFFFFFFFFFFFFFFFFFFFFFFFFFFFFFFFFFF35
:200BE000FFFFFFFFFFFFFFFFFFFFFFFFFFFFFFFFFFFFFFFFFFFFFFFFFFFFFFFFFFFFFFFF15
:200C0000FFFFFFFFFFFFFFFFFFFFFFFFFFFFFFFFFFFFFFFFFFFFFFFFFFFFFFFFFFFFFFFFF4
:200C2000FFFFFFFFFFFFFFFFFFFFFFFFFFFFFFFFFFFFFFFFFFFFFFFFFFFFFFFFFFFFFFFFD4
:200C4000FFFFFFFFFFFFFFFFFFFFFFFFFFFFFFFFFFFFFFFFFFFFFFFFFFFFFFFFFFFFFFFFB4
:200C6000FFFFFFFFFFFFFFFFFFFFFFFFFFFFFFFFFFFFFFFFFFFFFFFFFFFFFFFFFFFFFFFF94
:200C8000FFFFFFFFFFFFFFFFFFFFFFFFFFFFFFFFFFFFFFFFFFFFFFFFFFFFFFFFFFFFFFFF74
:200CA000FFFFFFFFFFFFFFFFFFFFFFFFFFFFFFFFFFFFFFFFFFFFFFFFFFFFFFFFFFFFFFFF54
:200CC000FFFFFFFFFFFFFFFFFFFFFFFFFFFFFFFFFFFFFFFFFFFFFFFFFFFFFFFFFFFFFFFF34
:200CE000FFFFFFFFFFFFFFFFFFFFFFFFFFFFFFFFFFFFFFFFFFFFFFFFFFFFFFFFFFFFFFFF14
:200D0000FFFFFFFFFFFFFFFFFFFFFFFFFFFFFFFFFFFFFFFFFFFFFFFFFFFFFFFFFFFFFFFFF3
:200D2000FFFFFFFFFFFFFFFFFFFFFFFFFFFFFFFFFFFFFFFFFFFFFFFFFFFFFFFFFFFFFFFFD3
:200D4000FFFFFFFFFFFFFFFFFFFFFFFFFFFFFFFFFFFFFFFFFFFFFFFFFFFFFFFFFFFFFFFFB3
:200D6000FFFFFFFFFFFFFFFFFFFFFFFFFFFFFFFFFFFFFFFFFFFFFFFFFFFFFFFFFFFFFFFF93
:200D8000FFFFFFFFFFFFFFFFFFFFFFFFFFFFFFFFFFFFFFFFFFFFFFFFFFFFFFFFFFFFFFFF73
:200DA000FFFFFFFFFFFFFFFFFFFFFFFFFFFFFFFFFFFFFFFFFFFFFFFFFFFFFFFFFFFFFFFF53
:200DC000FFFFFFFFFFFFFFFFFFFFFFFFFFFFFFFFFFFFFFFFFFFFFFFFFFFFFFFFFFFFFFFF33
:200DE000FFFFFFFFFFFFFFFFFFFFFFFFFFFFFFFFFFFFFFFFFFFFFFFFFFFFFFFFFFFFFFFF13
:200E0000FFFFFFFFFFFFFFFFFFFFFFFFFFFFFFFFFFFFFFFFFFFFFFFFFFFFFFFFFFFFFFFFF2
:200E2000FFFFFFFFFFFFFFFFFFFFFFFFFFFFFFFFFFFFFFFFFFFFFFFFFFFFFFFFFFFFFFFFD2
:200E4000FFFFFFFFFFFFFFFFFFFFFFFFFFFFFFFFFFFFFFFFFFFFFFFFFFFFFFFFFFFFFFFFB2
:200E6000FFFFFFFFFFFFFFFFFFFFFFFFFFFFFFFFFFFFFFFFFFFFFFFFFFFFFFFFFFFFFFFF92
:200E8000FFFFFFFFFFFFFFFFFFFFFFFFFFFFFFFFFFFFFFFFFFFFFFFFFFFFFFFFFFFFFFFF72
:200EA000FFFFFFFFFFFFFFFFFFFFFFFFFFFFFFFFFFFFFFFFFFFFFFFFFFFFFFFFFFFFFFFF52
:200EC000FFFFFFFFFFFFFFFFFFFFFFFFFFFFFFFFFFFFFFFFFFFFFFFFFFFFFFFFFFFFFFFF32
:200EE000FFFFFFFFFFFFFFFFFFFFFFFFFFFFFFFFFFFFFFFFFFFFFFFFFFFFFFFFFFFFFFFF12
:200F0000FFFFFFFFFFFFFFFFFFFFFFFFFFFFFFFFFFFFFFFFFFFFFFFFFFFFFFFFFFFFFFFFF1
:200F2000FFFFFFFFFFFFFFFFFFFFFFFFFFFFFFFFFFFFFFFFFFFFFFFFFFFFFFFFFFFFFFFFD1
:200F4000FFFFFFFFFFFFFFFFFFFFFFFFFFFFFFFFFFFFFFFFFFFFFFFFFFFFFFFFFFFFFFFFB1
:200F6000FFFFFFFFFFFFFFFFFFFFFFFFFFFFFFFFFFFFFFFFFFFFFFFFFFFFFFFFFFFFFFFF91
:200F8000FFFFFFFFFFFFFFFFFFFFFFFFFFFFFFFFFFFFFFFFFFFFFFFFFFFFFFFFFFFFFFFF71
:200FA000FFFFFFFFFFFFFFFFFFFFFFFFFFFFFFFFFFFFFFFFFFFFFFFFFFFFFFFFFFFFFFFF51
:200FC000FFFFFFFFFFFFFFFFFFFFFFFFFFFFFFFFFFFFFFFFFFFFFFFFFFFFFFFFFFFFFFFF31
:200FE000FFFFFFFFFFFFFFFFFFFFFFFFFFFFFFFFFFFFFFFFFFFFFFFFFFFFFFFFFFFFFFFF11
:20100000FFFFFFFFFFFFFFFFFFFFFFFFFFFFFFFFFFFFFFFFFFFFFFFFFFFFFFFFFFFFFFFFF0
:20102000FFFFFFFFFFFFFFFFFFFFFFFFFFFFFFFFFFFFFFFFFFFFFFFFFFFFFFFFFFFFFFFFD0
:20104000FFFFFFFFFFFFFFFFFFFFFFFFFFFFFFFFFFFFFFFFFFFFFFFFFFFFFFFFFFFFFFFFB0
:20106000FFFFFFFFFFFFFFFFFFFFFFFFFFFFFFFFFFFFFFFFFFFFFFFFFFFFFFFFFFFFFFFF90
:20108000FFFFFFFFFFFFFFFFFFFFFFFFFFFFFFFFFFFFFFFFFFFFFFFFFFFFFFFFFFFFFFFF70
:2010A000FFFFFFFFFFFFFFFFFFFFFFFFFFFFFFFFFFFFFFFFFFFFFFFFFFFFFFFFFFFFFFFF50
:2010C000FFFFFFFFFFFFFFFFFFFFFFFFFFFFFFFFFFFFFFFFFFFFFFFFFFFFFFFFFFFFFFFF30
:2010E000FFFFFFFFFFFFFFFFFFFFFFFFFFFFFFFFFFFFFFFFFFFFFFFFFFFFFFFFFFFFFFFF10
:20110000FFFFFFFFFFFFFFFFFFFFFFFFFFFFFFFFFFFFFFFFFFFFFFFFFFFFFFFFFFFFFFFFEF
:20112000FFFFFFFFFFFFFFFFFFFFFFFFFFFFFFFFFFFFFFFFFFFFFFFFFFFFFFFFFFFFFFFFCF
:20114000FFFFFFFFFFFFFFFFFFFFFFFFFFFFFFFFFFFFFFFFFFFFFFFFFFFFFFFFFFFFFFFFAF
:20116000FFFFFFFFFFFFFFFFFFFFFFFFFFFFFFFFFFFFFFFFFFFFFFFFFFFFFFFFFFFFFFFF8F
:20118000FFFFFFFFFFFFFFFFFFFFFFFFFFFFFFFFFFFFFFFFFFFFFFFFFFFFFFFFFFFFFFFF6F
:2011A000FFFFFFFFFFFFFFFFFFFFFFFFFFFFFFFFFFFFFFFFFFFFFFFFFFFFFFFFFFFFFFFF4F
:2011C000FFFFFFFFFFFFFFFFFFFFFFFFFFFFFFFFFFFFFFFFFFFFFFFFFFFFFFFFFFFFFFFF2F
:2011E000FFFFFFFFFFFFFFFFFFFFFFFFFFFFFFFFFFFFFFFFFFFFFFFFFFFFFFFFFFFFFFFF0F
:20120000FFFFFFFFFFFFFFFFFFFFFFFFFFFFFFFFFFFFFFFFFFFFFFFFFFFFFFFFFFFFFFFFEE
:20122000FFFFFFFFFFFFFFFFFFFFFFFFFFFFFFFFFFFFFFFFFFFFFFFFFFFFFFFFFFFFFFFFCE
:20124000FFFFFFFFFFFFFFFFFFFFFFFFFFFFFFFFFFFFFFFFFFFFFFFFFFFFFFFFFFFFFFFFAE
:20126000FFFFFFFFFFFFFFFFFFFFFFFFFFFFFFFFFFFFFFFFFFFFFFFFFFFFFFFFFFFFFFFF8E
:20128000FFFFFFFFFFFFFFFFFFFFFFFFFFFFFFFFFFFFFFFFFFFFFFFFFFFFFFFFFFFFFFFF6E
:2012A000FFFFFFFFFFFFFFFFFFFFFFFFFFFFFFFFFFFFFFFFFFFFFFFFFFFFFFFFFFFFFFFF4E
:2012C000FFFFFFFFFFFFFFFFFFFFFFFFFFFFFFFFFFFFFFFFFFFFFFFFFFFFFFFFFFFFFFFF2E
:2012E000FFFFFFFFFFFFFFFFFFFFFFFFFFFFFFFFFFFFFFFFFFFFFFFFFFFFFFFFFFFFFFFF0E
:20130000FFFFFFFFFFFFFFFFFFFFFFFFFFFFFFFFFFFFFFFFFFFFFFFFFFFFFFFFFFFFFFFFED
:20132000FFFFFFFFFFFFFFFFFFFFFFFFFFFFFFFFFFFFFFFFFFFFFFFFFFFFFFFFFFFFFFFFCD
:20134000FFFFFFFFFFFFFFFFFFFFFFFFFFFFFFFFFFFFFFFFFFFFFFFFFFFFFFFFFFFFFFFFAD
:20136000FFFFFFFFFFFFFFFFFFFFFFFFFFFFFFFFFFFFFFFFFFFFFFFFFFFFFFFFFFFFFFFF8D
:20138000FFFFFFFFFFFFFFFFFFFFFFFFFFFFFFFFFFFFFFFFFFFFFFFFFFFFFFFFFFFFFFFF6D
:2013A000FFFFFFFFFFFFFFFFFFFFFFFFFFFFFFFFFFFFFFFFFFFFFFFFFFFFFFFFFFFFFFFF4D
:2013C000FFFFFFFFFFFFFFFFFFFFFFFFFFFFFFFFFFFFFFFFFFFFFFFFFFFFFFFFFFFFFFFF2D
:2013E000FFFFFFFFFFFFFFFFFFFFFFFFFFFFFFFFFFFFFFFFFFFFFFFFFFFFFFFFFFFFFFFF0D
:20140000FFFFFFFFFFFFFFFFFFFFFFFFFFFFFFFFFFFFFFFFFFFFFFFFFFFFFFFFFFFFFFFFEC
:20142000FFFFFFFFFFFFFFFFFFFFFFFFFFFFFFFFFFFFFFFFFFFFFFFFFFFFFFFFFFFFFFFFCC
:20144000FFFFFFFFFFFFFFFFFFFFFFFFFFFFFFFFFFFFFFFFFFFFFFFFFFFFFFFFFFFFFFFFAC
:20146000FFFFFFFFFFFFFFFFFFFFFFFFFFFFFFFFFFFFFFFFFFFFFFFFFFFFFFFFFFFFFFFF8C
:20148000FFFFFFFFFFFFFFFFFFFFFFFFFFFFFFFFFFFFFFFFFFFFFFFFFFFFFFFFFFFFFFFF6C
:2014A000FFFFFFFFFFFFFFFFFFFFFFFFFFFFFFFFFFFFFFFFFFFFFFFFFFFFFFFFFFFFFFFF4C
:2014C000FFFFFFFFFFFFFFFFFFFFFFFFFFFFFFFFFFFFFFFFFFFFFFFFFFFFFFFFFFFFFFFF2C
:2014E000FFFFFFFFFFFFFFFFFFFFFFFFFFFFFFFFFFFFFFFFFFFFFFFFFFFFFFFFFFFFFFFF0C
:20150000FFFFFFFFFFFFFFFFFFFFFFFFFFFFFFFFFFFFFFFFFFFFFFFFFFFFFFFFFFFFFFFFEB
:20152000FFFFFFFFFFFFFFFFFFFFFFFFFFFFFFFFFFFFFFFFFFFFFFFFFFFFFFFFFFFFFFFFCB
:20154000FFFFFFFFFFFFFFFFFFFFFFFFFFFFFFFFFFFFFFFFFFFFFFFFFFFFFFFFFFFFFFFFAB
:20156000FFFFFFFFFFFFFFFFFFFFFFFFFFFFFFFFFFFFFFFFFFFFFFFFFFFFFFFFFFFFFFFF8B
:20158000FFFFFFFFFFFFFFFFFFFFFFFFFFFFFFFFFFFFFFFFFFFFFFFFFFFFFFFFFFFFFFFF6B
:2015A000FFFFFFFFFFFFFFFFFFFFFFFFFFFFFFFFFFFFFFFFFFFFFFFFFFFFFFFFFFFFFFFF4B
:2015C000FFFFFFFFFFFFFFFFFFFFFFFFFFFFFFFFFFFFFFFFFFFFFFFFFFFFFFFFFFFFFFFF2B
:2015E000FFFFFFFFFFFFFFFFFFFFFFFFFFFFFFFFFFFFFFFFFFFFFFFFFFFFFFFFFFFFFFFF0B
:20160000FFFFFFFFFFFFFFFFFFFFFFFFFFFFFFFFFFFFFFFFFFFFFFFFFFFFFFFFFFFFFFFFEA
:20162000FFFFFFFFFFFFFFFFFFFFFFFFFFFFFFFFFFFFFFFFFFFFFFFFFFFFFFFFFFFFFFFFCA
:20164000FFFFFFFFFFFFFFFFFFFFFFFFFFFFFFFFFFFFFFFFFFFFFFFFFFFFFFFFFFFFFFFFAA
:20166000FFFFFFFFFFFFFFFFFFFFFFFFFFFFFFFFFFFFFFFFFFFFFFFFFFFFFFFFFFFFFFFF8A
:20168000FFFFFFFFFFFFFFFFFFFFFFFFFFFFFFFFFFFFFFFFFFFFFFFFFFFFFFFFFFFFFFFF6A
:2016A000FFFFFFFFFFFFFFFFFFFFFFFFFFFFFFFFFFFFFFFFFFFFFFFFFFFFFFFFFFFFFFFF4A
:2016C000FFFFFFFFFFFFFFFFFFFFFFFFFFFFFFFFFFFFFFFFFFFFFFFFFFFFFFFFFFFFFFFF2A
:2016E000FFFFFFFFFFFFFFFFFFFFFFFFFFFFFFFFFFFFFFFFFFFFFFFFFFFFFFFFFFFFFFFF0A
:20170000FFFFFFFFFFFFFFFFFFFFFFFFFFFFFFFFFFFFFFFFFFFFFFFFFFFFFFFFFFFFFFFFE9
:20172000FFFFFFFFFFFFFFFFFFFFFFFFFFFFFFFFFFFFFFFFFFFFFFFFFFFFFFFFFFFFFFFFC9
:20174000FFFFFFFFFFFFFFFFFFFFFFFFFFFFFFFFFFFFFFFFFFFFFFFFFFFFFFFFFFFFFFFFA9
:20176000FFFFFFFFFFFFFFFFFFFFFFFFFFFFFFFFFFFFFFFFFFFFFFFFFFFFFFFFFFFFFFFF89
:20178000FFFFFFFFFFFFFFFFFFFFFFFFFFFFFFFFFFFFFFFFFFFFFFFFFFFFFFFFFFFFFFFF69
:2017A000FFFFFFFFFFFFFFFFFFFFFFFFFFFFFFFFFFFFFFFFFFFFFFFFFFFFFFFFFFFFFFFF49
:2017C000FFFFFFFFFFFFFFFFFFFFFFFFFFFFFFFFFFFFFFFFFFFFFFFFFFFFFFFFFFFFFFFF29
:2017E000FFFFFFFFFFFFFFFFFFFFFFFFFFFFFFFFFFFFFFFFFFFFFFFFFFFFFFFFFFFFFFFF09
:20180000FFFFFFFFFFFFFFFFFFFFFFFFFFFFFFFFFFFFFFFFFFFFFFFFFFFFFFFFFFFFFFFFE8
:20182000FFFFFFFFFFFFFFFFFFFFFFFFFFFFFFFFFFFFFFFFFFFFFFFFFFFFFFFFFFFFFFFFC8
:20184000FFFFFFFFFFFFFFFFFFFFFFFFFFFFFFFFFFFFFFFFFFFFFFFFFFFFFFFFFFFFFFFFA8
:20186000FFFFFFFFFFFFFFFFFFFFFFFFFFFFFFFFFFFFFFFFFFFFFFFFFFFFFFFFFFFFFFFF88
:20188000FFFFFFFFFFFFFFFFFFFFFFFFFFFFFFFFFFFFFFFFFFFFFFFFFFFFFFFFFFFFFFFF68
:2018A000FFFFFFFFFFFFFFFFFFFFFFFFFFFFFFFFFFFFFFFFFFFFFFFFFFFFFFFFFFFFFFFF48
:2018C000FFFFFFFFFFFFFFFFFFFFFFFFFFFFFFFFFFFFFFFFFFFFFFFFFFFFFFFFFFFFFFFF28
:2018E000FFFFFFFFFFFFFFFFFFFFFFFFFFFFFFFFFFFFFFFFFFFFFFFFFFFFFFFFFFFFFFFF08
:20190000FFFFFFFFFFFFFFFFFFFFFFFFFFFFFFFFFFFFFFFFFFFFFFFFFFFFFFFFFFFFFFFFE7
:20192000FFFFFFFFFFFFFFFFFFFFFFFFFFFFFFFFFFFFFFFFFFFFFFFFFFFFFFFFFFFFFFFFC7
:20194000FFFFFFFFFFFFFFFFFFFFFFFFFFFFFFFFFFFFFFFFFFFFFFFFFFFFFFFFFFFFFFFFA7
:20196000FFFFFFFFFFFFFFFFFFFFFFFFFFFFFFFFFFFFFFFFFFFFFFFFFFFFFFFFFFFFFFFF87
:20198000FFFFFFFFFFFFFFFFFFFFFFFFFFFFFFFFFFFFFFFFFFFFFFFFFFFFFFFFFFFFFFFF67
:2019A000FFFFFFFFFFFFFFFFFFFFFFFFFFFFFFFFFFFFFFFFFFFFFFFFFFFFFFFFFFFFFFFF47
:2019C000FFFFFFFFFFFFFFFFFFFFFFFFFFFFFFFFFFFFFFFFFFFFFFFFFFFFFFFFFFFFFFFF27
:2019E000FFFFFFFFFFFFFFFFFFFFFFFFFFFFFFFFFFFFFFFFFFFFFFFFFFFFFFFFFFFFFFFF07
:201A0000FFFFFFFFFFFFFFFFFFFFFFFFFFFFFFFFFFFFFFFFFFFFFFFFFFFFFFFFFFFFFFFFE6
:201A2000FFFFFFFFFFFFFFFFFFFFFFFFFFFFFFFFFFFFFFFFFFFFFFFFFFFFFFFFFFFFFFFFC6
:201A4000FFFFFFFFFFFFFFFFFFFFFFFFFFFFFFFFFFFFFFFFFFFFFFFFFFFFFFFFFFFFFFFFA6
:201A6000FFFFFFFFFFFFFFFFFFFFFFFFFFFFFFFFFFFFFFFFFFFFFFFFFFFFFFFFFFFFFFFF86
:201A8000FFFFFFFFFFFFFFFFFFFFFFFFFFFFFFFFFFFFFFFFFFFFFFFFFFFFFFFFFFFFFFFF66
:201AA000FFFFFFFFFFFFFFFFFFFFFFFFFFFFFFFFFFFFFFFFFFFFFFFFFFFFFFFFFFFFFFFF46
:201AC000FFFFFFFFFFFFFFFFFFFFFFFFFFFFFFFFFFFFFFFFFFFFFFFFFFFFFFFFFFFFFFFF26
:201AE000FFFFFFFFFFFFFFFFFFFFFFFFFFFFFFFFFFFFFFFFFFFFFFFFFFFFFFFFFFFFFFFF06
:201B0000FFFFFFFFFFFFFFFFFFFFFFFFFFFFFFFFFFFFFFFFFFFFFFFFFFFFFFFFFFFFFFFFE5
:201B2000FFFFFFFFFFFFFFFFFFFFFFFFFFFFFFFFFFFFFFFFFFFFFFFFFFFFFFFFFFFFFFFFC5
:201B4000FFFFFFFFFFFFFFFFFFFFFFFFFFFFFFFFFFFFFFFFFFFFFFFFFFFFFFFFFFFFFFFFA5
:201B6000FFFFFFFFFFFFFFFFFFFFFFFFFFFFFFFFFFFFFFFFFFFFFFFFFFFFFFFFFFFFFFFF85
:201B8000FFFFFFFFFFFFFFFFFFFFFFFFFFFFFFFFFFFFFFFFFFFFFFFFFFFFFFFFFFFFFFFF65
:201BA000FFFFFFFFFFFFFFFFFFFFFFFFFFFFFFFFFFFFFFFFFFFFFFFFFFFFFFFFFFFFFFFF45
:201BC000FFFFFFFFFFFFFFFFFFFFFFFFFFFFFFFFFFFFFFFFFFFFFFFFFFFFFFFFFFFFFFFF25
:201BE000FFFFFFFFFFFFFFFFFFFFFFFFFFFFFFFFFFFFFFFFFFFFFFFFFFFFFFFFFFFFFFFF05
:201C0000FFFFFFFFFFFFFFFFFFFFFFFFFFFFFFFFFFFFFFFFFFFFFFFFFFFFFFFFFFFFFFFFE4
:201C2000FFFFFFFFFFFFFFFFFFFFFFFFFFFFFFFFFFFFFFFFFFFFFFFFFFFFFFFFFFFFFFFFC4
:201C4000FFFFFFFFFFFFFFFFFFFFFFFFFFFFFFFFFFFFFFFFFFFFFFFFFFFFFFFFFFFFFFFFA4
:201C6000FFFFFFFFFFFFFFFFFFFFFFFFFFFFFFFFFFFFFFFFFFFFFFFFFFFFFFFFFFFFFFFF84
:201C8000FFFFFFFFFFFFFFFFFFFFFFFFFFFFFFFFFFFFFFFFFFFFFFFFFFFFFFFFFFFFFFFF64
:201CA000FFFFFFFFFFFFFFFFFFFFFFFFFFFFFFFFFFFFFFFFFFFFFFFFFFFFFFFFFFFFFFFF44
:201CC000FFFFFFFFFFFFFFFFFFFFFFFFFFFFFFFFFFFFFFFFFFFFFFFFFFFFFFFFFFFFFFFF24
:201CE000FFFFFFFFFFFFFFFFFFFFFFFFFFFFFFFFFFFFFFFFFFFFFFFFFFFFFFFFFFFFFFFF04
:201D0000FFFFFFFFFFFFFFFFFFFFFFFFFFFFFFFFFFFFFFFFFFFFFFFFFFFFFFFFFFFFFFFFE3
:201D2000FFFFFFFFFFFFFFFFFFFFFFFFFFFFFFFFFFFFFFFFFFFFFFFFFFFFFFFFFFFFFFFFC3
:201D4000FFFFFFFFFFFFFFFFFFFFFFFFFFFFFFFFFFFFFFFFFFFFFFFFFFFFFFFFFFFFFFFFA3
:201D6000FFFFFFFFFFFFFFFFFFFFFFFFFFFFFFFFFFFFFFFFFFFFFFFFFFFFFFFFFFFFFFFF83
:201D8000FFFFFFFFFFFFFFFFFFFFFFFFFFFFFFFFFFFFFFFFFFFFFFFFFFFFFFFFFFFFFFFF63
:201DA000FFFFFFFFFFFFFFFFFFFFFFFFFFFFFFFFFFFFFFFFFFFFFFFFFFFFFFFFFFFFFFFF43
:201DC000FFFFFFFFFFFFFFFFFFFFFFFFFFFFFFFFFFFFFFFFFFFFFFFFFFFFFFFFFFFFFFFF23
:201DE000FFFFFFFFFFFFFFFFFFFFFFFFFFFFFFFFFFFFFFFFFFFFFFFFFFFFFFFFFFFFFFFF03
:201E0000FFFFFFFFFFFFFFFFFFFFFFFFFFFFFFFFFFFFFFFFFFFFFFFFFFFFFFFFFFFFFFFFE2
:201E2000FFFFFFFFFFFFFFFFFFFFFFFFFFFFFFFFFFFFFFFFFFFFFFFFFFFFFFFFFFFFFFFFC2
:201E4000FFFFFFFFFFFFFFFFFFFFFFFFFFFFFFFFFFFFFFFFFFFFFFFFFFFFFFFFFFFFFFFFA2
:201E6000FFFFFFFFFFFFFFFFFFFFFFFFFFFFFFFFFFFFFFFFFFFFFFFFFFFFFFFFFFFFFFFF82
:201E8000FFFFFFFFFFFFFFFFFFFFFFFFFFFFFFFFFFFFFFFFFFFFFFFFFFFFFFFFFFFFFFFF62
:201EA000FFFFFFFFFFFFFFFFFFFFFFFFFFFFFFFFFFFFFFFFFFFFFFFFFFFFFFFFFFFFFFFF42
:201EC000FFFFFFFFFFFFFFFFFFFFFFFFFFFFFFFFFFFFFFFFFFFFFFFFFFFFFFFFFFFFFFFF22
:201EE000FFFFFFFFFFFFFFFFFFFFFFFFFFFFFFFFFFFFFFFFFFFFFFFFFFFFFFFFFFFFFFFF02
:201F0000FFFFFFFFFFFFFFFFFFFFFFFFFFFFFFFFFFFFFFFFFFFFFFFFFFFFFFFFFFFFFFFFE1
:201F2000FFFFFFFFFFFFFFFFFFFFFFFFFFFFFFFFFFFFFFFFFFFFFFFFFFFFFFFFFFFFFFFFC1
:201F4000FFFFFFFFFFFFFFFFFFFFFFFFFFFFFFFFFFFFFFFFFFFFFFFFFFFFFFFFFFFFFFFFA1
:201F6000FFFFFFFFFFFFFFFFFFFFFFFFFFFFFFFFFFFFFFFFFFFFFFFFFFFFFFFFFFFFFFFF81
:201F8000FFFFFFFFFFFFFFFFFFFFFFFFFFFFFFFFFFFFFFFFFFFFFFFFFFFFFFFFFFFFFFFF61
:201FA000FFFFFFFFFFFFFFFFFFFFFFFFFFFFFFFFFFFFFFFFFFFFFFFFFFFFFFFFFFFFFFFF41
:201FC000FFFFFFFFFFFFFFFFFFFFFFFFFFFFFFFFFFFFFFFFFFFFFFFFFFFFFFFFFFFFFFFF21
:201FE000FFFFFFFFFFFFFFFFFFFFFFFFFFFFFFFFFFFFFFFFFFFFFFFFFFFFFFFFFFFFFFFF01
:20200000FFFFFFFFFFFFFFFFFFFFFFFFFFFFFFFFFFFFFFFFFFFFFFFFFFFFFFFFFFFFFFFFE0
:20202000FFFFFFFFFFFFFFFFFFFFFFFFFFFFFFFFFFFFFFFFFFFFFFFFFFFFFFFFFFFFFFFFC0
:20204000FFFFFFFFFFFFFFFFFFFFFFFFFFFFFFFFFFFFFFFFFFFFFFFFFFFFFFFFFFFFFFFFA0
:20206000FFFFFFFFFFFFFFFFFFFFFFFFFFFFFFFFFFFFFFFFFFFFFFFFFFFFFFFFFFFFFFFF80
:20208000FFFFFFFFFFFFFFFFFFFFFFFFFFFFFFFFFFFFFFFFFFFFFFFFFFFFFFFFFFFFFFFF60
:2020A000FFFFFFFFFFFFFFFFFFFFFFFFFFFFFFFFFFFFFFFFFFFFFFFFFFFFFFFFFFFFFFFF40
:2020C000FFFFFFFFFFFFFFFFFFFFFFFFFFFFFFFFFFFFFFFFFFFFFFFFFFFFFFFFFFFFFFFF20
:2020E000FFFFFFFFFFFFFFFFFFFFFFFFFFFFFFFFFFFFFFFFFFFFFFFFFFFFFFFFFFFFFFFF00
:20210000FFFFFFFFFFFFFFFFFFFFFFFFFFFFFFFFFFFFFFFFFFFFFFFFFFFFFFFFFFFFFFFFDF
:20212000FFFFFFFFFFFFFFFFFFFFFFFFFFFFFFFFFFFFFFFFFFFFFFFFFFFFFFFFFFFFFFFFBF
:20214000FFFFFFFFFFFFFFFFFFFFFFFFFFFFFFFFFFFFFFFFFFFFFFFFFFFFFFFFFFFFFFFF9F
:20216000FFFFFFFFFFFFFFFFFFFFFFFFFFFFFFFFFFFFFFFFFFFFFFFFFFFFFFFFFFFFFFFF7F
:20218000FFFFFFFFFFFFFFFFFFFFFFFFFFFFFFFFFFFFFFFFFFFFFFFFFFFFFFFFFFFFFFFF5F
:2021A000FFFFFFFFFFFFFFFFFFFFFFFFFFFFFFFFFFFFFFFFFFFFFFFFFFFFFFFFFFFFFFFF3F
:2021C000FFFFFFFFFFFFFFFFFFFFFFFFFFFFFFFFFFFFFFFFFFFFFFFFFFFFFFFFFFFFFFFF1F
:2021E000FFFFFFFFFFFFFFFFFFFFFFFFFFFFFFFFFFFFFFFFFFFFFFFFFFFFFFFFFFFFFFFFFF
:20220000FFFFFFFFFFFFFFFFFFFFFFFFFFFFFFFFFFFFFFFFFFFFFFFFFFFFFFFFFFFFFFFFDE
:20222000FFFFFFFFFFFFFFFFFFFFFFFFFFFFFFFFFFFFFFFFFFFFFFFFFFFFFFFFFFFFFFFFBE
:20224000FFFFFFFFFFFFFFFFFFFFFFFFFFFFFFFFFFFFFFFFFFFFFFFFFFFFFFFFFFFFFFFF9E
:20226000FFFFFFFFFFFFFFFFFFFFFFFFFFFFFFFFFFFFFFFFFFFFFFFFFFFFFFFFFFFFFFFF7E
:20228000FFFFFFFFFFFFFFFFFFFFFFFFFFFFFFFFFFFFFFFFFFFFFFFFFFFFFFFFFFFFFFFF5E
:2022A000FFFFFFFFFFFFFFFFFFFFFFFFFFFFFFFFFFFFFFFFFFFFFFFFFFFFFFFFFFFFFFFF3E
:2022C000FFFFFFFFFFFFFFFFFFFFFFFFFFFFFFFFFFFFFFFFFFFFFFFFFFFFFFFFFFFFFFFF1E
:2022E000FFFFFFFFFFFFFFFFFFFFFFFFFFFFFFFFFFFFFFFFFFFFFFFFFFFFFFFFFFFFFFFFFE
:20230000FFFFFFFFFFFFFFFFFFFFFFFFFFFFFFFFFFFFFFFFFFFFFFFFFFFFFFFFFFFFFFFFDD
:20232000FFFFFFFFFFFFFFFFFFFFFFFFFFFFFFFFFFFFFFFFFFFFFFFFFFFFFFFFFFFFFFFFBD
:20234000FFFFFFFFFFFFFFFFFFFFFFFFFFFFFFFFFFFFFFFFFFFFFFFFFFFFFFFFFFFFFFFF9D
:20236000FFFFFFFFFFFFFFFFFFFFFFFFFFFFFFFFFFFFFFFFFFFFFFFFFFFFFFFFFFFFFFFF7D
:20238000FFFFFFFFFFFFFFFFFFFFFFFFFFFFFFFFFFFFFFFFFFFFFFFFFFFFFFFFFFFFFFFF5D
:2023A000FFFFFFFFFFFFFFFFFFFFFFFFFFFFFFFFFFFFFFFFFFFFFFFFFFFFFFFFFFFFFFFF3D
:2023C000FFFFFFFFFFFFFFFFFFFFFFFFFFFFFFFFFFFFFFFFFFFFFFFFFFFFFFFFFFFFFFFF1D
:2023E000FFFFFFFFFFFFFFFFFFFFFFFFFFFFFFFFFFFFFFFFFFFFFFFFFFFFFFFFFFFFFFFFFD
:20240000FFFFFFFFFFFFFFFFFFFFFFFFFFFFFFFFFFFFFFFFFFFFFFFFFFFFFFFFFFFFFFFFDC
:20242000FFFFFFFFFFFFFFFFFFFFFFFFFFFFFFFFFFFFFFFFFFFFFFFFFFFFFFFFFFFFFFFFBC
:20244000FFFFFFFFFFFFFFFFFFFFFFFFFFFFFFFFFFFFFFFFFFFFFFFFFFFFFFFFFFFFFFFF9C
:20246000FFFFFFFFFFFFFFFFFFFFFFFFFFFFFFFFFFFFFFFFFFFFFFFFFFFFFFFFFFFFFFFF7C
:20248000FFFFFFFFFFFFFFFFFFFFFFFFFFFFFFFFFFFFFFFFFFFFFFFFFFFFFFFFFFFFFFFF5C
:2024A000FFFFFFFFFFFFFFFFFFFFFFFFFFFFFFFFFFFFFFFFFFFFFFFFFFFFFFFFFFFFFFFF3C
:2024C000FFFFFFFFFFFFFFFFFFFFFFFFFFFFFFFFFFFFFFFFFFFFFFFFFFFFFFFFFFFFFFFF1C
:2024E000FFFFFFFFFFFFFFFFFFFFFFFFFFFFFFFFFFFFFFFFFFFFFFFFFFFFFFFFFFFFFFFFFC
:20250000FFFFFFFFFFFFFFFFFFFFFFFFFFFFFFFFFFFFFFFFFFFFFFFFFFFFFFFFFFFFFFFFDB
:20252000FFFFFFFFFFFFFFFFFFFFFFFFFFFFFFFFFFFFFFFFFFFFFFFFFFFFFFFFFFFFFFFFBB
:20254000FFFFFFFFFFFFFFFFFFFFFFFFFFFFFFFFFFFFFFFFFFFFFFFFFFFFFFFFFFFFFFFF9B
:20256000FFFFFFFFFFFFFFFFFFFFFFFFFFFFFFFFFFFFFFFFFFFFFFFFFFFFFFFFFFFFFFFF7B
:20258000FFFFFFFFFFFFFFFFFFFFFFFFFFFFFFFFFFFFFFFFFFFFFFFFFFFFFFFFFFFFFFFF5B
:2025A000FFFFFFFFFFFFFFFFFFFFFFFFFFFFFFFFFFFFFFFFFFFFFFFFFFFFFFFFFFFFFFFF3B
:2025C000FFFFFFFFFFFFFFFFFFFFFFFFFFFFFFFFFFFFFFFFFFFFFFFFFFFFFFFFFFFFFFFF1B
:2025E000FFFFFFFFFFFFFFFFFFFFFFFFFFFFFFFFFFFFFFFFFFFFFFFFFFFFFFFFFFFFFFFFFB
:20260000FFFFFFFFFFFFFFFFFFFFFFFFFFFFFFFFFFFFFFFFFFFFFFFFFFFFFFFFFFFFFFFFDA
:20262000FFFFFFFFFFFFFFFFFFFFFFFFFFFFFFFFFFFFFFFFFFFFFFFFFFFFFFFFFFFFFFFFBA
:20264000FFFFFFFFFFFFFFFFFFFFFFFFFFFFFFFFFFFFFFFFFFFFFFFFFFFFFFFFFFFFFFFF9A
:20266000FFFFFFFFFFFFFFFFFFFFFFFFFFFFFFFFFFFFFFFFFFFFFFFFFFFFFFFFFFFFFFFF7A
:20268000FFFFFFFFFFFFFFFFFFFFFFFFFFFFFFFFFFFFFFFFFFFFFFFFFFFFFFFFFFFFFFFF5A
:2026A000FFFFFFFFFFFFFFFFFFFFFFFFFFFFFFFFFFFFFFFFFFFFFFFFFFFFFFFFFFFFFFFF3A
:2026C000FFFFFFFFFFFFFFFFFFFFFFFFFFFFFFFFFFFFFFFFFFFFFFFFFFFFFFFFFFFFFFFF1A
:2026E000FFFFFFFFFFFFFFFFFFFFFFFFFFFFFFFFFFFFFFFFFFFFFFFFFFFFFFFFFFFFFFFFFA
:20270000FFFFFFFFFFFFFFFFFFFFFFFFFFFFFFFFFFFFFFFFFFFFFFFFFFFFFFFFFFFFFFFFD9
:20272000FFFFFFFFFFFFFFFFFFFFFFFFFFFFFFFFFFFFFFFFFFFFFFFFFFFFFFFFFFFFFFFFB9
:20274000FFFFFFFFFFFFFFFFFFFFFFFFFFFFFFFFFFFFFFFFFFFFFFFFFFFFFFFFFFFFFFFF99
:20276000FFFFFFFFFFFFFFFFFFFFFFFFFFFFFFFFFFFFFFFFFFFFFFFFFFFFFFFFFFFFFFFF79
:20278000FFFFFFFFFFFFFFFFFFFFFFFFFFFFFFFFFFFFFFFFFFFFFFFFFFFFFFFFFFFFFFFF59
:2027A000FFFFFFFFFFFFFFFFFFFFFFFFFFFFFFFFFFFFFFFFFFFFFFFFFFFFFFFFFFFFFFFF39
:2027C000FFFFFFFFFFFFFFFFFFFFFFFFFFFFFFFFFFFFFFFFFFFFFFFFFFFFFFFFFFFFFFFF19
:2027E000FFFFFFFFFFFFFFFFFFFFFFFFFFFFFFFFFFFFFFFFFFFFFFFFFFFFFFFFFFFFFFFFF9
:20280000FFFFFFFFFFFFFFFFFFFFFFFFFFFFFFFFFFFFFFFFFFFFFFFFFFFFFFFFFFFFFFFFD8
:20282000FFFFFFFFFFFFFFFFFFFFFFFFFFFFFFFFFFFFFFFFFFFFFFFFFFFFFFFFFFFFFFFFB8
:20284000FFFFFFFFFFFFFFFFFFFFFFFFFFFFFFFFFFFFFFFFFFFFFFFFFFFFFFFFFFFFFFFF98
:20286000FFFFFFFFFFFFFFFFFFFFFFFFFFFFFFFFFFFFFFFFFFFFFFFFFFFFFFFFFFFFFFFF78
:20288000FFFFFFFFFFFFFFFFFFFFFFFFFFFFFFFFFFFFFFFFFFFFFFFFFFFFFFFFFFFFFFFF58
:2028A000FFFFFFFFFFFFFFFFFFFFFFFFFFFFFFFFFFFFFFFFFFFFFFFFFFFFFFFFFFFFFFFF38
:2028C000FFFFFFFFFFFFFFFFFFFFFFFFFFFFFFFFFFFFFFFFFFFFFFFFFFFFFFFFFFFFFFFF18
:2028E000FFFFFFFFFFFFFFFFFFFFFFFFFFFFFFFFFFFFFFFFFFFFFFFFFFFFFFFFFFFFFFFFF8
:20290000FFFFFFFFFFFFFFFFFFFFFFFFFFFFFFFFFFFFFFFFFFFFFFFFFFFFFFFFFFFFFFFFD7
:20292000FFFFFFFFFFFFFFFFFFFFFFFFFFFFFFFFFFFFFFFFFFFFFFFFFFFFFFFFFFFFFFFFB7
:20294000FFFFFFFFFFFFFFFFFFFFFFFFFFFFFFFFFFFFFFFFFFFFFFFFFFFFFFFFFFFFFFFF97
:20296000FFFFFFFFFFFFFFFFFFFFFFFFFFFFFFFFFFFFFFFFFFFFFFFFFFFFFFFFFFFFFFFF77
:20298000FFFFFFFFFFFFFFFFFFFFFFFFFFFFFFFFFFFFFFFFFFFFFFFFFFFFFFFFFFFFFFFF57
:2029A000FFFFFFFFFFFFFFFFFFFFFFFFFFFFFFFFFFFFFFFFFFFFFFFFFFFFFFFFFFFFFFFF37
:2029C000FFFFFFFFFFFFFFFFFFFFFFFFFFFFFFFFFFFFFFFFFFFFFFFFFFFFFFFFFFFFFFFF17
:2029E000FFFFFFFFFFFFFFFFFFFFFFFFFFFFFFFFFFFFFFFFFFFFFFFFFFFFFFFFFFFFFFFFF7
:202A0000FFFFFFFFFFFFFFFFFFFFFFFFFFFFFFFFFFFFFFFFFFFFFFFFFFFFFFFFFFFFFFFFD6
:202A2000FFFFFFFFFFFFFFFFFFFFFFFFFFFFFFFFFFFFFFFFFFFFFFFFFFFFFFFFFFFFFFFFB6
:202A4000FFFFFFFFFFFFFFFFFFFFFFFFFFFFFFFFFFFFFFFFFFFFFFFFFFFFFFFFFFFFFFFF96
:202A6000FFFFFFFFFFFFFFFFFFFFFFFFFFFFFFFFFFFFFFFFFFFFFFFFFFFFFFFFFFFFFFFF76
:202A8000FFFFFFFFFFFFFFFFFFFFFFFFFFFFFFFFFFFFFFFFFFFFFFFFFFFFFFFFFFFFFFFF56
:202AA000FFFFFFFFFFFFFFFFFFFFFFFFFFFFFFFFFFFFFFFFFFFFFFFFFFFFFFFFFFFFFFFF36
:202AC000FFFFFFFFFFFFFFFFFFFFFFFFFFFFFFFFFFFFFFFFFFFFFFFFFFFFFFFFFFFFFFFF16
:202AE000FFFFFFFFFFFFFFFFFFFFFFFFFFFFFFFFFFFFFFFFFFFFFFFFFFFFFFFFFFFFFFFFF6
:202B0000FFFFFFFFFFFFFFFFFFFFFFFFFFFFFFFFFFFFFFFFFFFFFFFFFFFFFFFFFFFFFFFFD5
:202B2000FFFFFFFFFFFFFFFFFFFFFFFFFFFFFFFFFFFFFFFFFFFFFFFFFFFFFFFFFFFFFFFFB5
:202B4000FFFFFFFFFFFFFFFFFFFFFFFFFFFFFFFFFFFFFFFFFFFFFFFFFFFFFFFFFFFFFFFF95
:202B6000FFFFFFFFFFFFFFFFFFFFFFFFFFFFFFFFFFFFFFFFFFFFFFFFFFFFFFFFFFFFFFFF75
:202B8000FFFFFFFFFFFFFFFFFFFFFFFFFFFFFFFFFFFFFFFFFFFFFFFFFFFFFFFFFFFFFFFF55
:202BA000FFFFFFFFFFFFFFFFFFFFFFFFFFFFFFFFFFFFFFFFFFFFFFFFFFFFFFFFFFFFFFFF35
:202BC000FFFFFFFFFFFFFFFFFFFFFFFFFFFFFFFFFFFFFFFFFFFFFFFFFFFFFFFFFFFFFFFF15
:202BE000FFFFFFFFFFFFFFFFFFFFFFFFFFFFFFFFFFFFFFFFFFFFFFFFFFFFFFFFFFFFFFFFF5
:202C0000FFFFFFFFFFFFFFFFFFFFFFFFFFFFFFFFFFFFFFFFFFFFFFFFFFFFFFFFFFFFFFFFD4
:202C2000FFFFFFFFFFFFFFFFFFFFFFFFFFFFFFFFFFFFFFFFFFFFFFFFFFFFFFFFFFFFFFFFB4
:202C4000FFFFFFFFFFFFFFFFFFFFFFFFFFFFFFFFFFFFFFFFFFFFFFFFFFFFFFFFFFFFFFFF94
:202C6000FFFFFFFFFFFFFFFFFFFFFFFFFFFFFFFFFFFFFFFFFFFFFFFFFFFFFFFFFFFFFFFF74
:202C8000FFFFFFFFFFFFFFFFFFFFFFFFFFFFFFFFFFFFFFFFFFFFFFFFFFFFFFFFFFFFFFFF54
:202CA000FFFFFFFFFFFFFFFFFFFFFFFFFFFFFFFFFFFFFFFFFFFFFFFFFFFFFFFFFFFFFFFF34
:202CC000FFFFFFFFFFFFFFFFFFFFFFFFFFFFFFFFFFFFFFFFFFFFFFFFFFFFFFFFFFFFFFFF14
:202CE000FFFFFFFFFFFFFFFFFFFFFFFFFFFFFFFFFFFFFFFFFFFFFFFFFFFFFFFFFFFFFFFFF4
:202D0000FFFFFFFFFFFFFFFFFFFFFFFFFFFFFFFFFFFFFFFFFFFFFFFFFFFFFFFFFFFFFFFFD3
:202D2000FFFFFFFFFFFFFFFFFFFFFFFFFFFFFFFFFFFFFFFFFFFFFFFFFFFFFFFFFFFFFFFFB3
:202D4000FFFFFFFFFFFFFFFFFFFFFFFFFFFFFFFFFFFFFFFFFFFFFFFFFFFFFFFFFFFFFFFF93
:202D6000FFFFFFFFFFFFFFFFFFFFFFFFFFFFFFFFFFFFFFFFFFFFFFFFFFFFFFFFFFFFFFFF73
:202D8000FFFFFFFFFFFFFFFFFFFFFFFFFFFFFFFFFFFFFFFFFFFFFFFFFFFFFFFFFFFFFFFF53
:202DA000FFFFFFFFFFFFFFFFFFFFFFFFFFFFFFFFFFFFFFFFFFFFFFFFFFFFFFFFFFFFFFFF33
:202DC000FFFFFFFFFFFFFFFFFFFFFFFFFFFFFFFFFFFFFFFFFFFFFFFFFFFFFFFFFFFFFFFF13
:202DE000FFFFFFFFFFFFFFFFFFFFFFFFFFFFFFFFFFFFFFFFFFFFFFFFFFFFFFFFFFFFFFFFF3
:202E0000FFFFFFFFFFFFFFFFFFFFFFFFFFFFFFFFFFFFFFFFFFFFFFFFFFFFFFFFFFFFFFFFD2
:202E2000FFFFFFFFFFFFFFFFFFFFFFFFFFFFFFFFFFFFFFFFFFFFFFFFFFFFFFFFFFFFFFFFB2
:202E4000FFFFFFFFFFFFFFFFFFFFFFFFFFFFFFFFFFFFFFFFFFFFFFFFFFFFFFFFFFFFFFFF92
:202E6000FFFFFFFFFFFFFFFFFFFFFFFFFFFFFFFFFFFFFFFFFFFFFFFFFFFFFFFFFFFFFFFF72
:202E8000FFFFFFFFFFFFFFFFFFFFFFFFFFFFFFFFFFFFFFFFFFFFFFFFFFFFFFFFFFFFFFFF52
:202EA000FFFFFFFFFFFFFFFFFFFFFFFFFFFFFFFFFFFFFFFFFFFFFFFFFFFFFFFFFFFFFFFF32
:202EC000FFFFFFFFFFFFFFFFFFFFFFFFFFFFFFFFFFFFFFFFFFFFFFFFFFFFFFFFFFFFFFFF12
:202EE000FFFFFFFFFFFFFFFFFFFFFFFFFFFFFFFFFFFFFFFFFFFFFFFFFFFFFFFFFFFFFFFFF2
:202F0000FFFFFFFFFFFFFFFFFFFFFFFFFFFFFFFFFFFFFFFFFFFFFFFFFFFFFFFFFFFFFFFFD1
:202F2000FFFFFFFFFFFFFFFFFFFFFFFFFFFFFFFFFFFFFFFFFFFFFFFFFFFFFFFFFFFFFFFFB1
:202F4000FFFFFFFFFFFFFFFFFFFFFFFFFFFFFFFFFFFFFFFFFFFFFFFFFFFFFFFFFFFFFFFF91
:202F6000FFFFFFFFFFFFFFFFFFFFFFFFFFFFFFFFFFFFFFFFFFFFFFFFFFFFFFFFFFFFFFFF71
:202F8000FFFFFFFFFFFFFFFFFFFFFFFFFFFFFFFFFFFFFFFFFFFFFFFFFFFFFFFFFFFFFFFF51
:202FA000FFFFFFFFFFFFFFFFFFFFFFFFFFFFFFFFFFFFFFFFFFFFFFFFFFFFFFFFFFFFFFFF31
:202FC000FFFFFFFFFFFFFFFFFFFFFFFFFFFFFFFFFFFFFFFFFFFFFFFFFFFFFFFFFFFFFFFF11
:202FE000FFFFFFFFFFFFFFFFFFFFFFFFFFFFFFFFFFFFFFFFFFFFFFFFFFFFFFFFFFFFFFFFF1
:20300000FFFFFFFFFFFFFFFFFFFFFFFFFFFFFFFFFFFFFFFFFFFFFFFFFFFFFFFFFFFFFFFFD0
:20302000FFFFFFFFFFFFFFFFFFFFFFFFFFFFFFFFFFFFFFFFFFFFFFFFFFFFFFFFFFFFFFFFB0
:20304000FFFFFFFFFFFFFFFFFFFFFFFFFFFFFFFFFFFFFFFFFFFFFFFFFFFFFFFFFFFFFFFF90
:20306000FFFFFFFFFFFFFFFFFFFFFFFFFFFFFFFFFFFFFFFFFFFFFFFFFFFFFFFFFFFFFFFF70
:20308000FFFFFFFFFFFFFFFFFFFFFFFFFFFFFFFFFFFFFFFFFFFFFFFFFFFFFFFFFFFFFFFF50
:2030A000FFFFFFFFFFFFFFFFFFFFFFFFFFFFFFFFFFFFFFFFFFFFFFFFFFFFFFFFFFFFFFFF30
:2030C000FFFFFFFFFFFFFFFFFFFFFFFFFFFFFFFFFFFFFFFFFFFFFFFFFFFFFFFFFFFFFFFF10
:2030E000FFFFFFFFFFFFFFFFFFFFFFFFFFFFFFFFFFFFFFFFFFFFFFFFFFFFFFFFFFFFFFFFF0
:20310000FFFFFFFFFFFFFFFFFFFFFFFFFFFFFFFFFFFFFFFFFFFFFFFFFFFFFFFFFFFFFFFFCF
:20312000FFFFFFFFFFFFFFFFFFFFFFFFFFFFFFFFFFFFFFFFFFFFFFFFFFFFFFFFFFFFFFFFAF
:20314000FFFFFFFFFFFFFFFFFFFFFFFFFFFFFFFFFFFFFFFFFFFFFFFFFFFFFFFFFFFFFFFF8F
:20316000FFFFFFFFFFFFFFFFFFFFFFFFFFFFFFFFFFFFFFFFFFFFFFFFFFFFFFFFFFFFFFFF6F
:20318000FFFFFFFFFFFFFFFFFFFFFFFFFFFFFFFFFFFFFFFFFFFFFFFFFFFFFFFFFFFFFFFF4F
:2031A000FFFFFFFFFFFFFFFFFFFFFFFFFFFFFFFFFFFFFFFFFFFFFFFFFFFFFFFFFFFFFFFF2F
:2031C000FFFFFFFFFFFFFFFFFFFFFFFFFFFFFFFFFFFFFFFFFFFFFFFFFFFFFFFFFFFFFFFF0F
:2031E000FFFFFFFFFFFFFFFFFFFFFFFFFFFFFFFFFFFFFFFFFFFFFFFFFFFFFFFFFFFFFFFFEF
:20320000FFFFFFFFFFFFFFFFFFFFFFFFFFFFFFFFFFFFFFFFFFFFFFFFFFFFFFFFFFFFFFFFCE
:20322000FFFFFFFFFFFFFFFFFFFFFFFFFFFFFFFFFFFFFFFFFFFFFFFFFFFFFFFFFFFFFFFFAE
:20324000FFFFFFFFFFFFFFFFFFFFFFFFFFFFFFFFFFFFFFFFFFFFFFFFFFFFFFFFFFFFFFFF8E
:20326000FFFFFFFFFFFFFFFFFFFFFFFFFFFFFFFFFFFFFFFFFFFFFFFFFFFFFFFFFFFFFFFF6E
:20328000FFFFFFFFFFFFFFFFFFFFFFFFFFFFFFFFFFFFFFFFFFFFFFFFFFFFFFFFFFFFFFFF4E
:2032A000FFFFFFFFFFFFFFFFFFFFFFFFFFFFFFFFFFFFFFFFFFFFFFFFFFFFFFFFFFFFFFFF2E
:2032C000FFFFFFFFFFFFFFFFFFFFFFFFFFFFFFFFFFFFFFFFFFFFFFFFFFFFFFFFFFFFFFFF0E
:2032E000FFFFFFFFFFFFFFFFFFFFFFFFFFFFFFFFFFFFFFFFFFFFFFFFFFFFFFFFFFFFFFFFEE
:20330000FFFFFFFFFFFFFFFFFFFFFFFFFFFFFFFFFFFFFFFFFFFFFFFFFFFFFFFFFFFFFFFFCD
:20332000FFFFFFFFFFFFFFFFFFFFFFFFFFFFFFFFFFFFFFFFFFFFFFFFFFFFFFFFFFFFFFFFAD
:20334000FFFFFFFFFFFFFFFFFFFFFFFFFFFFFFFFFFFFFFFFFFFFFFFFFFFFFFFFFFFFFFFF8D
:20336000FFFFFFFFFFFFFFFFFFFFFFFFFFFFFFFFFFFFFFFFFFFFFFFFFFFFFFFFFFFFFFFF6D
:20338000FFFFFFFFFFFFFFFFFFFFFFFFFFFFFFFFFFFFFFFFFFFFFFFFFFFFFFFFFFFFFFFF4D
:2033A000FFFFFFFFFFFFFFFFFFFFFFFFFFFFFFFFFFFFFFFFFFFFFFFFFFFFFFFFFFFFFFFF2D
:2033C000FFFFFFFFFFFFFFFFFFFFFFFFFFFFFFFFFFFFFFFFFFFFFFFFFFFFFFFFFFFFFFFF0D
:2033E000FFFFFFFFFFFFFFFFFFFFFFFFFFFFFFFFFFFFFFFFFFFFFFFFFFFFFFFFFFFFFFFFED
:20340000FFFFFFFFFFFFFFFFFFFFFFFFFFFFFFFFFFFFFFFFFFFFFFFFFFFFFFFFFFFFFFFFCC
:20342000FFFFFFFFFFFFFFFFFFFFFFFFFFFFFFFFFFFFFFFFFFFFFFFFFFFFFFFFFFFFFFFFAC
:20344000FFFFFFFFFFFFFFFFFFFFFFFFFFFFFFFFFFFFFFFFFFFFFFFFFFFFFFFFFFFFFFFF8C
:20346000FFFFFFFFFFFFFFFFFFFFFFFFFFFFFFFFFFFFFFFFFFFFFFFFFFFFFFFFFFFFFFFF6C
:20348000FFFFFFFFFFFFFFFFFFFFFFFFFFFFFFFFFFFFFFFFFFFFFFFFFFFFFFFFFFFFFFFF4C
:2034A000FFFFFFFFFFFFFFFFFFFFFFFFFFFFFFFFFFFFFFFFFFFFFFFFFFFFFFFFFFFFFFFF2C
:2034C000FFFFFFFFFFFFFFFFFFFFFFFFFFFFFFFFFFFFFFFFFFFFFFFFFFFFFFFFFFFFFFFF0C
:2034E000FFFFFFFFFFFFFFFFFFFFFFFFFFFFFFFFFFFFFFFFFFFFFFFFFFFFFFFFFFFFFFFFEC
:20350000FFFFFFFFFFFFFFFFFFFFFFFFFFFFFFFFFFFFFFFFFFFFFFFFFFFFFFFFFFFFFFFFCB
:20352000FFFFFFFFFFFFFFFFFFFFFFFFFFFFFFFFFFFFFFFFFFFFFFFFFFFFFFFFFFFFFFFFAB
:20354000FFFFFFFFFFFFFFFFFFFFFFFFFFFFFFFFFFFFFFFFFFFFFFFFFFFFFFFFFFFFFFFF8B
:20356000FFFFFFFFFFFFFFFFFFFFFFFFFFFFFFFFFFFFFFFFFFFFFFFFFFFFFFFFFFFFFFFF6B
:20358000FFFFFFFFFFFFFFFFFFFFFFFFFFFFFFFFFFFFFFFFFFFFFFFFFFFFFFFFFFFFFFFF4B
:2035A000FFFFFFFFFFFFFFFFFFFFFFFFFFFFFFFFFFFFFFFFFFFFFFFFFFFFFFFFFFFFFFFF2B
:2035C000FFFFFFFFFFFFFFFFFFFFFFFFFFFFFFFFFFFFFFFFFFFFFFFFFFFFFFFFFFFFFFFF0B
:2035E000FFFFFFFFFFFFFFFFFFFFFFFFFFFFFFFFFFFFFFFFFFFFFFFFFFFFFFFFFFFFFFFFEB
:20360000FFFFFFFFFFFFFFFFFFFFFFFFFFFFFFFFFFFFFFFFFFFFFFFFFFFFFFFFFFFFFFFFCA
:20362000FFFFFFFFFFFFFFFFFFFFFFFFFFFFFFFFFFFFFFFFFFFFFFFFFFFFFFFFFFFFFFFFAA
:20364000FFFFFFFFFFFFFFFFFFFFFFFFFFFFFFFFFFFFFFFFFFFFFFFFFFFFFFFFFFFFFFFF8A
:20366000FFFFFFFFFFFFFFFFFFFFFFFFFFFFFFFFFFFFFFFFFFFFFFFFFFFFFFFFFFFFFFFF6A
:20368000FFFFFFFFFFFFFFFFFFFFFFFFFFFFFFFFFFFFFFFFFFFFFFFFFFFFFFFFFFFFFFFF4A
:2036A000FFFFFFFFFFFFFFFFFFFFFFFFFFFFFFFFFFFFFFFFFFFFFFFFFFFFFFFFFFFFFFFF2A
:2036C000FFFFFFFFFFFFFFFFFFFFFFFFFFFFFFFFFFFFFFFFFFFFFFFFFFFFFFFFFFFFFFFF0A
:2036E000FFFFFFFFFFFFFFFFFFFFFFFFFFFFFFFFFFFFFFFFFFFFFFFFFFFFFFFFFFFFFFFFEA
:20370000FFFFFFFFFFFFFFFFFFFFFFFFFFFFFFFFFFFFFFFFFFFFFFFFFFFFFFFFFFFFFFFFC9
:20372000FFFFFFFFFFFFFFFFFFFFFFFFFFFFFFFFFFFFFFFFFFFFFFFFFFFFFFFFFFFFFFFFA9
:20374000FFFFFFFFFFFFFFFFFFFFFFFFFFFFFFFFFFFFFFFFFFFFFFFFFFFFFFFFFFFFFFFF89
:20376000FFFFFFFFFFFFFFFFFFFFFFFFFFFFFFFFFFFFFFFFFFFFFFFFFFFFFFFFFFFFFFFF69
:20378000FFFFFFFFFFFFFFFFFFFFFFFFFFFFFFFFFFFFFFFFFFFFFFFFFFFFFFFFFFFFFFFF49
:2037A000FFFFFFFFFFFFFFFFFFFFFFFFFFFFFFFFFFFFFFFFFFFFFFFFFFFFFFFFFFFFFFFF29
:2037C000FFFFFFFFFFFFFFFFFFFFFFFFFFFFFFFFFFFFFFFFFFFFFFFFFFFFFFFFFFFFFFFF09
:2037E000FFFFFFFFFFFFFFFFFFFFFFFFFFFFFFFFFFFFFFFFFFFFFFFFFFFFFFFFFFFFFFFFE9
:20380000FFFFFFFFFFFFFFFFFFFFFFFFFFFFFFFFFFFFFFFFFFFFFFFFFFFFFFFFFFFFFFFFC8
:20382000FFFFFFFFFFFFFFFFFFFFFFFFFFFFFFFFFFFFFFFFFFFFFFFFFFFFFFFFFFFFFFFFA8
:20384000FFFFFFFFFFFFFFFFFFFFFFFFFFFFFFFFFFFFFFFFFFFFFFFFFFFFFFFFFFFFFFFF88
:20386000FFFFFFFFFFFFFFFFFFFFFFFFFFFFFFFFFFFFFFFFFFFFFFFFFFFFFFFFFFFFFFFF68
:20388000FFFFFFFFFFFFFFFFFFFFFFFFFFFFFFFFFFFFFFFFFFFFFFFFFFFFFFFFFFFFFFFF48
:2038A000FFFFFFFFFFFFFFFFFFFFFFFFFFFFFFFFFFFFFFFFFFFFFFFFFFFFFFFFFFFFFFFF28
:2038C000FFFFFFFFFFFFFFFFFFFFFFFFFFFFFFFFFFFFFFFFFFFFFFFFFFFFFFFFFFFFFFFF08
:2038E000FFFFFFFFFFFFFFFFFFFFFFFFFFFFFFFFFFFFFFFFFFFFFFFFFFFFFFFFFFFFFFFFE8
:20390000FFFFFFFFFFFFFFFFFFFFFFFFFFFFFFFFFFFFFFFFFFFFFFFFFFFFFFFFFFFFFFFFC7
:20392000FFFFFFFFFFFFFFFFFFFFFFFFFFFFFFFFFFFFFFFFFFFFFFFFFFFFFFFFFFFFFFFFA7
:20394000FFFFFFFFFFFFFFFFFFFFFFFFFFFFFFFFFFFFFFFFFFFFFFFFFFFFFFFFFFFFFFFF87
:20396000FFFFFFFFFFFFFFFFFFFFFFFFFFFFFFFFFFFFFFFFFFFFFFFFFFFFFFFFFFFFFFFF67
:20398000FFFFFFFFFFFFFFFFFFFFFFFFFFFFFFFFFFFFFFFFFFFFFFFFFFFFFFFFFFFFFFFF47
:2039A000FFFFFFFFFFFFFFFFFFFFFFFFFFFFFFFFFFFFFFFFFFFFFFFFFFFFFFFFFFFFFFFF27
:2039C000FFFFFFFFFFFFFFFFFFFFFFFFFFFFFFFFFFFFFFFFFFFFFFFFFFFFFFFFFFFFFFFF07
:2039E000FFFFFFFFFFFFFFFFFFFFFFFFFFFFFFFFFFFFFFFFFFFFFFFFFFFFFFFFFFFFFFFFE7
:203A0000FFFFFFFFFFFFFFFFFFFFFFFFFFFFFFFFFFFFFFFFFFFFFFFFFFFFFFFFFFFFFFFFC6
:203A2000FFFFFFFFFFFFFFFFFFFFFFFFFFFFFFFFFFFFFFFFFFFFFFFFFFFFFFFFFFFFFFFFA6
:203A4000FFFFFFFFFFFFFFFFFFFFFFFFFFFFFFFFFFFFFFFFFFFFFFFFFFFFFFFFFFFFFFFF86
:203A6000FFFFFFFFFFFFFFFFFFFFFFFFFFFFFFFFFFFFFFFFFFFFFFFFFFFFFFFFFFFFFFFF66
:203A8000FFFFFFFFFFFFFFFFFFFFFFFFFFFFFFFFFFFFFFFFFFFFFFFFFFFFFFFFFFFFFFFF46
:203AA000FFFFFFFFFFFFFFFFFFFFFFFFFFFFFFFFFFFFFFFFFFFFFFFFFFFFFFFFFFFFFFFF26
:203AC000FFFFFFFFFFFFFFFFFFFFFFFFFFFFFFFFFFFFFFFFFFFFFFFFFFFFFFFFFFFFFFFF06
:203AE000FFFFFFFFFFFFFFFFFFFFFFFFFFFFFFFFFFFFFFFFFFFFFFFFFFFFFFFFFFFFFFFFE6
:203B0000FFFFFFFFFFFFFFFFFFFFFFFFFFFFFFFFFFFFFFFFFFFFFFFFFFFFFFFFFFFFFFFFC5
:203B2000FFFFFFFFFFFFFFFFFFFFFFFFFFFFFFFFFFFFFFFFFFFFFFFFFFFFFFFFFFFFFFFFA5
:203B4000FFFFFFFFFFFFFFFFFFFFFFFFFFFFFFFFFFFFFFFFFFFFFFFFFFFFFFFFFFFFFFFF85
:203B6000FFFFFFFFFFFFFFFFFFFFFFFFFFFFFFFFFFFFFFFFFFFFFFFFFFFFFFFFFFFFFFFF65
:203B8000FFFFFFFFFFFFFFFFFFFFFFFFFFFFFFFFFFFFFFFFFFFFFFFFFFFFFFFFFFFFFFFF45
:203BA000FFFFFFFFFFFFFFFFFFFFFFFFFFFFFFFFFFFFFFFFFFFFFFFFFFFFFFFFFFFFFFFF25
:203BC000FFFFFFFFFFFFFFFFFFFFFFFFFFFFFFFFFFFFFFFFFFFFFFFFFFFFFFFFFFFFFFFF05
:203BE000FFFFFFFFFFFFFFFFFFFFFFFFFFFFFFFFFFFFFFFFFFFFFFFFFFFFFFFFFFFFFFFFE5
:203C0000FFFFFFFFFFFFFFFFFFFFFFFFFFFFFFFFFFFFFFFFFFFFFFFFFFFFFFFFFFFFFFFFC4
:203C2000FFFFFFFFFFFFFFFFFFFFFFFFFFFFFFFFFFFFFFFFFFFFFFFFFFFFFFFFFFFFFFFFA4
:203C4000FFFFFFFFFFFFFFFFFFFFFFFFFFFFFFFFFFFFFFFFFFFFFFFFFFFFFFFFFFFFFFFF84
:203C6000FFFFFFFFFFFFFFFFFFFFFFFFFFFFFFFFFFFFFFFFFFFFFFFFFFFFFFFFFFFFFFFF64
:203C8000FFFFFFFFFFFFFFFFFFFFFFFFFFFFFFFFFFFFFFFFFFFFFFFFFFFFFFFFFFFFFFFF44
:203CA000FFFFFFFFFFFFFFFFFFFFFFFFFFFFFFFFFFFFFFFFFFFFFFFFFFFFFFFFFFFFFFFF24
:203CC000FFFFFFFFFFFFFFFFFFFFFFFFFFFFFFFFFFFFFFFFFFFFFFFFFFFFFFFFFFFFFFFF04
:203CE000FFFFFFFFFFFFFFFFFFFFFFFFFFFFFFFFFFFFFFFFFFFFFFFFFFFFFFFFFFFFFFFFE4
:203D0000FFFFFFFFFFFFFFFFFFFFFFFFFFFFFFFFFFFFFFFFFFFFFFFFFFFFFFFFFFFFFFFFC3
:203D2000FFFFFFFFFFFFFFFFFFFFFFFFFFFFFFFFFFFFFFFFFFFFFFFFFFFFFFFFFFFFFFFFA3
:203D4000FFFFFFFFFFFFFFFFFFFFFFFFFFFFFFFFFFFFFFFFFFFFFFFFFFFFFFFFFFFFFFFF83
:203D6000FFFFFFFFFFFFFFFFFFFFFFFFFFFFFFFFFFFFFFFFFFFFFFFFFFFFFFFFFFFFFFFF63
:203D8000FFFFFFFFFFFFFFFFFFFFFFFFFFFFFFFFFFFFFFFFFFFFFFFFFFFFFFFFFFFFFFFF43
:203DA000FFFFFFFFFFFFFFFFFFFFFFFFFFFFFFFFFFFFFFFFFFFFFFFFFFFFFFFFFFFFFFFF23
:203DC000FFFFFFFFFFFFFFFFFFFFFFFFFFFFFFFFFFFFFFFFFFFFFFFFFFFFFFFFFFFFFFFF03
:203DE000FFFFFFFFFFFFFFFFFFFFFFFFFFFFFFFFFFFFFFFFFFFFFFFFFFFFFFFFFFFFFFFFE3
:203E0000FFFFFFFFFFFFFFFFFFFFFFFFFFFFFFFFFFFFFFFFFFFFFFFFFFFFFFFFFFFFFFFFC2
:203E2000FFFFFFFFFFFFFFFFFFFFFFFFFFFFFFFFFFFFFFFFFFFFFFFFFFFFFFFFFFFFFFFFA2
:203E4000FFFFFFFFFFFFFFFFFFFFFFFFFFFFFFFFFFFFFFFFFFFFFFFFFFFFFFFFFFFFFFFF82
:203E6000FFFFFFFFFFFFFFFFFFFFFFFFFFFFFFFFFFFFFFFFFFFFFFFFFFFFFFFFFFFFFFFF62
:203E8000FFFFFFFFFFFFFFFFFFFFFFFFFFFFFFFFFFFFFFFFFFFFFFFFFFFFFFFFFFFFFFFF42
:203EA000FFFFFFFFFFFFFFFFFFFFFFFFFFFFFFFFFFFFFFFFFFFFFFFFFFFFFFFFFFFFFFFF22
:203EC000FFFFFFFFFFFFFFFFFFFFFFFFFFFFFFFFFFFFFFFFFFFFFFFFFFFFFFFFFFFFFFFF02
:203EE000FFFFFFFFFFFFFFFFFFFFFFFFFFFFFFFFFFFFFFFFFFFFFFFFFFFFFFFFFFFFFFFFE2
:203F0000FFFFFFFFFFFFFFFFFFFFFFFFFFFFFFFFFFFFFFFFFFFFFFFFFFFFFFFFFFFFFFFFC1
:203F2000FFFFFFFFFFFFFFFFFFFFFFFFFFFFFFFFFFFFFFFFFFFFFFFFFFFFFFFFFFFFFFFFA1
:203F4000FFFFFFFFFFFFFFFFFFFFFFFFFFFFFFFFFFFFFFFFFFFFFFFFFFFFFFFFFFFFFFFF81
:203F6000FFFFFFFFFFFFFFFFFFFFFFFFFFFFFFFFFFFFFFFFFFFFFFFFFFFFFFFFFFFFFFFF61
:203F8000FFFFFFFFFFFFFFFFFFFFFFFFFFFFFFFFFFFFFFFFFFFFFFFFFFFFFFFFFFFFFFFF41
:203FA000FFFFFFFFFFFFFFFFFFFFFFFFFFFFFFFFFFFFFFFFFFFFFFFFFFFFFFFFFFFFFFFF21
:203FC000FFFFFFFFFFFFFFFFFFFFFFFFFFFFFFFFFFFFFFFFFFFFFFFFFFFFFFFFFFFFFFFF01
:203FE000FFFFFFFFFFFFFFFFFFFFFFFFFFFFFFFFFFFFFFFFFFFFFFFFFFFFFFFFFFFFFFFFE1
:20400000FFFFFFFFFFFFFFFFFFFFFFFFFFFFFFFFFFFFFFFFFFFFFFFFFFFFFFFFFFFFFFFFC0
:20402000FFFFFFFFFFFFFFFFFFFFFFFFFFFFFFFFFFFFFFFFFFFFFFFFFFFFFFFFFFFFFFFFA0
:20404000FFFFFFFFFFFFFFFFFFFFFFFFFFFFFFFFFFFFFFFFFFFFFFFFFFFFFFFFFFFFFFFF80
:20406000FFFFFFFFFFFFFFFFFFFFFFFFFFFFFFFFFFFFFFFFFFFFFFFFFFFFFFFFFFFFFFFF60
:20408000FFFFFFFFFFFFFFFFFFFFFFFFFFFFFFFFFFFFFFFFFFFFFFFFFFFFFFFFFFFFFFFF40
:2040A000FFFFFFFFFFFFFFFFFFFFFFFFFFFFFFFFFFFFFFFFFFFFFFFFFFFFFFFFFFFFFFFF20
:2040C000FFFFFFFFFFFFFFFFFFFFFFFFFFFFFFFFFFFFFFFFFFFFFFFFFFFFFFFFFFFFFFFF00
:2040E000FFFFFFFFFFFFFFFFFFFFFFFFFFFFFFFFFFFFFFFFFFFFFFFFFFFFFFFFFFFFFFFFE0
:20410000FFFFFFFFFFFFFFFFFFFFFFFFFFFFFFFFFFFFFFFFFFFFFFFFFFFFFFFFFFFFFFFFBF
:20412000FFFFFFFFFFFFFFFFFFFFFFFFFFFFFFFFFFFFFFFFFFFFFFFFFFFFFFFFFFFFFFFF9F
:20414000FFFFFFFFFFFFFFFFFFFFFFFFFFFFFFFFFFFFFFFFFFFFFFFFFFFFFFFFFFFFFFFF7F
:20416000FFFFFFFFFFFFFFFFFFFFFFFFFFFFFFFFFFFFFFFFFFFFFFFFFFFFFFFFFFFFFFFF5F
:20418000FFFFFFFFFFFFFFFFFFFFFFFFFFFFFFFFFFFFFFFFFFFFFFFFFFFFFFFFFFFFFFFF3F
:2041A000FFFFFFFFFFFFFFFFFFFFFFFFFFFFFFFFFFFFFFFFFFFFFFFFFFFFFFFFFFFFFFFF1F
:2041C000FFFFFFFFFFFFFFFFFFFFFFFFFFFFFFFFFFFFFFFFFFFFFFFFFFFFFFFFFFFFFFFFFF
:2041E000FFFFFFFFFFFFFFFFFFFFFFFFFFFFFFFFFFFFFFFFFFFFFFFFFFFFFFFFFFFFFFFFDF
:20420000FFFFFFFFFFFFFFFFFFFFFFFFFFFFFFFFFFFFFFFFFFFFFFFFFFFFFFFFFFFFFFFFBE
:20422000FFFFFFFFFFFFFFFFFFFFFFFFFFFFFFFFFFFFFFFFFFFFFFFFFFFFFFFFFFFFFFFF9E
:20424000FFFFFFFFFFFFFFFFFFFFFFFFFFFFFFFFFFFFFFFFFFFFFFFFFFFFFFFFFFFFFFFF7E
:20426000FFFFFFFFFFFFFFFFFFFFFFFFFFFFFFFFFFFFFFFFFFFFFFFFFFFFFFFFFFFFFFFF5E
:20428000FFFFFFFFFFFFFFFFFFFFFFFFFFFFFFFFFFFFFFFFFFFFFFFFFFFFFFFFFFFFFFFF3E
:2042A000FFFFFFFFFFFFFFFFFFFFFFFFFFFFFFFFFFFFFFFFFFFFFFFFFFFFFFFFFFFFFFFF1E
:2042C000FFFFFFFFFFFFFFFFFFFFFFFFFFFFFFFFFFFFFFFFFFFFFFFFFFFFFFFFFFFFFFFFFE
:2042E000FFFFFFFFFFFFFFFFFFFFFFFFFFFFFFFFFFFFFFFFFFFFFFFFFFFFFFFFFFFFFFFFDE
:20430000FFFFFFFFFFFFFFFFFFFFFFFFFFFFFFFFFFFFFFFFFFFFFFFFFFFFFFFFFFFFFFFFBD
:20432000FFFFFFFFFFFFFFFFFFFFFFFFFFFFFFFFFFFFFFFFFFFFFFFFFFFFFFFFFFFFFFFF9D
:20434000FFFFFFFFFFFFFFFFFFFFFFFFFFFFFFFFFFFFFFFFFFFFFFFFFFFFFFFFFFFFFFFF7D
:20436000FFFFFFFFFFFFFFFFFFFFFFFFFFFFFFFFFFFFFFFFFFFFFFFFFFFFFFFFFFFFFFFF5D
:20438000FFFFFFFFFFFFFFFFFFFFFFFFFFFFFFFFFFFFFFFFFFFFFFFFFFFFFFFFFFFFFFFF3D
:2043A000FFFFFFFFFFFFFFFFFFFFFFFFFFFFFFFFFFFFFFFFFFFFFFFFFFFFFFFFFFFFFFFF1D
:2043C000FFFFFFFFFFFFFFFFFFFFFFFFFFFFFFFFFFFFFFFFFFFFFFFFFFFFFFFFFFFFFFFFFD
:2043E000FFFFFFFFFFFFFFFFFFFFFFFFFFFFFFFFFFFFFFFFFFFFFFFFFFFFFFFFFFFFFFFFDD
:20440000FFFFFFFFFFFFFFFFFFFFFFFFFFFFFFFFFFFFFFFFFFFFFFFFFFFFFFFFFFFFFFFFBC
:20442000FFFFFFFFFFFFFFFFFFFFFFFFFFFFFFFFFFFFFFFFFFFFFFFFFFFFFFFFFFFFFFFF9C
:20444000FFFFFFFFFFFFFFFFFFFFFFFFFFFFFFFFFFFFFFFFFFFFFFFFFFFFFFFFFFFFFFFF7C
:20446000FFFFFFFFFFFFFFFFFFFFFFFFFFFFFFFFFFFFFFFFFFFFFFFFFFFFFFFFFFFFFFFF5C
:20448000FFFFFFFFFFFFFFFFFFFFFFFFFFFFFFFFFFFFFFFFFFFFFFFFFFFFFFFFFFFFFFFF3C
:2044A000FFFFFFFFFFFFFFFFFFFFFFFFFFFFFFFFFFFFFFFFFFFFFFFFFFFFFFFFFFFFFFFF1C
:2044C000FFFFFFFFFFFFFFFFFFFFFFFFFFFFFFFFFFFFFFFFFFFFFFFFFFFFFFFFFFFFFFFFFC
:2044E000FFFFFFFFFFFFFFFFFFFFFFFFFFFFFFFFFFFFFFFFFFFFFFFFFFFFFFFFFFFFFFFFDC
:20450000FFFFFFFFFFFFFFFFFFFFFFFFFFFFFFFFFFFFFFFFFFFFFFFFFFFFFFFFFFFFFFFFBB
:20452000FFFFFFFFFFFFFFFFFFFFFFFFFFFFFFFFFFFFFFFFFFFFFFFFFFFFFFFFFFFFFFFF9B
:20454000FFFFFFFFFFFFFFFFFFFFFFFFFFFFFFFFFFFFFFFFFFFFFFFFFFFFFFFFFFFFFFFF7B
:20456000FFFFFFFFFFFFFFFFFFFFFFFFFFFFFFFFFFFFFFFFFFFFFFFFFFFFFFFFFFFFFFFF5B
:20458000FFFFFFFFFFFFFFFFFFFFFFFFFFFFFFFFFFFFFFFFFFFFFFFFFFFFFFFFFFFFFFFF3B
:2045A000FFFFFFFFFFFFFFFFFFFFFFFFFFFFFFFFFFFFFFFFFFFFFFFFFFFFFFFFFFFFFFFF1B
:2045C000FFFFFFFFFFFFFFFFFFFFFFFFFFFFFFFFFFFFFFFFFFFFFFFFFFFFFFFFFFFFFFFFFB
:2045E000FFFFFFFFFFFFFFFFFFFFFFFFFFFFFFFFFFFFFFFFFFFFFFFFFFFFFFFFFFFFFFFFDB
:20460000FFFFFFFFFFFFFFFFFFFFFFFFFFFFFFFFFFFFFFFFFFFFFFFFFFFFFFFFFFFFFFFFBA
:20462000FFFFFFFFFFFFFFFFFFFFFFFFFFFFFFFFFFFFFFFFFFFFFFFFFFFFFFFFFFFFFFFF9A
:20464000FFFFFFFFFFFFFFFFFFFFFFFFFFFFFFFFFFFFFFFFFFFFFFFFFFFFFFFFFFFFFFFF7A
:20466000FFFFFFFFFFFFFFFFFFFFFFFFFFFFFFFFFFFFFFFFFFFFFFFFFFFFFFFFFFFFFFFF5A
:20468000FFFFFFFFFFFFFFFFFFFFFFFFFFFFFFFFFFFFFFFFFFFFFFFFFFFFFFFFFFFFFFFF3A
:2046A000FFFFFFFFFFFFFFFFFFFFFFFFFFFFFFFFFFFFFFFFFFFFFFFFFFFFFFFFFFFFFFFF1A
:2046C000FFFFFFFFFFFFFFFFFFFFFFFFFFFFFFFFFFFFFFFFFFFFFFFFFFFFFFFFFFFFFFFFFA
:2046E000FFFFFFFFFFFFFFFFFFFFFFFFFFFFFFFFFFFFFFFFFFFFFFFFFFFFFFFFFFFFFFFFDA
:20470000FFFFFFFFFFFFFFFFFFFFFFFFFFFFFFFFFFFFFFFFFFFFFFFFFFFFFFFFFFFFFFFFB9
:20472000FFFFFFFFFFFFFFFFFFFFFFFFFFFFFFFFFFFFFFFFFFFFFFFFFFFFFFFFFFFFFFFF99
:20474000FFFFFFFFFFFFFFFFFFFFFFFFFFFFFFFFFFFFFFFFFFFFFFFFFFFFFFFFFFFFFFFF79
:20476000FFFFFFFFFFFFFFFFFFFFFFFFFFFFFFFFFFFFFFFFFFFFFFFFFFFFFFFFFFFFFFFF59
:20478000FFFFFFFFFFFFFFFFFFFFFFFFFFFFFFFFFFFFFFFFFFFFFFFFFFFFFFFFFFFFFFFF39
:2047A000FFFFFFFFFFFFFFFFFFFFFFFFFFFFFFFFFFFFFFFFFFFFFFFFFFFFFFFFFFFFFFFF19
:2047C000FFFFFFFFFFFFFFFFFFFFFFFFFFFFFFFFFFFFFFFFFFFFFFFFFFFFFFFFFFFFFFFFF9
:2047E000FFFFFFFFFFFFFFFFFFFFFFFFFFFFFFFFFFFFFFFFFFFFFFFFFFFFFFFFFFFFFFFFD9
:20480000FFFFFFFFFFFFFFFFFFFFFFFFFFFFFFFFFFFFFFFFFFFFFFFFFFFFFFFFFFFFFFFFB8
:20482000FFFFFFFFFFFFFFFFFFFFFFFFFFFFFFFFFFFFFFFFFFFFFFFFFFFFFFFFFFFFFFFF98
:20484000FFFFFFFFFFFFFFFFFFFFFFFFFFFFFFFFFFFFFFFFFFFFFFFFFFFFFFFFFFFFFFFF78
:20486000FFFFFFFFFFFFFFFFFFFFFFFFFFFFFFFFFFFFFFFFFFFFFFFFFFFFFFFFFFFFFFFF58
:20488000FFFFFFFFFFFFFFFFFFFFFFFFFFFFFFFFFFFFFFFFFFFFFFFFFFFFFFFFFFFFFFFF38
:2048A000FFFFFFFFFFFFFFFFFFFFFFFFFFFFFFFFFFFFFFFFFFFFFFFFFFFFFFFFFFFFFFFF18
:2048C000FFFFFFFFFFFFFFFFFFFFFFFFFFFFFFFFFFFFFFFFFFFFFFFFFFFFFFFFFFFFFFFFF8
:2048E000FFFFFFFFFFFFFFFFFFFFFFFFFFFFFFFFFFFFFFFFFFFFFFFFFFFFFFFFFFFFFFFFD8
:20490000FFFFFFFFFFFFFFFFFFFFFFFFFFFFFFFFFFFFFFFFFFFFFFFFFFFFFFFFFFFFFFFFB7
:20492000FFFFFFFFFFFFFFFFFFFFFFFFFFFFFFFFFFFFFFFFFFFFFFFFFFFFFFFFFFFFFFFF97
:20494000FFFFFFFFFFFFFFFFFFFFFFFFFFFFFFFFFFFFFFFFFFFFFFFFFFFFFFFFFFFFFFFF77
:20496000FFFFFFFFFFFFFFFFFFFFFFFFFFFFFFFFFFFFFFFFFFFFFFFFFFFFFFFFFFFFFFFF57
:20498000FFFFFFFFFFFFFFFFFFFFFFFFFFFFFFFFFFFFFFFFFFFFFFFFFFFFFFFFFFFFFFFF37
:2049A000FFFFFFFFFFFFFFFFFFFFFFFFFFFFFFFFFFFFFFFFFFFFFFFFFFFFFFFFFFFFFFFF17
:2049C000FFFFFFFFFFFFFFFFFFFFFFFFFFFFFFFFFFFFFFFFFFFFFFFFFFFFFFFFFFFFFFFFF7
:2049E000FFFFFFFFFFFFFFFFFFFFFFFFFFFFFFFFFFFFFFFFFFFFFFFFFFFFFFFFFFFFFFFFD7
:204A0000FFFFFFFFFFFFFFFFFFFFFFFFFFFFFFFFFFFFFFFFFFFFFFFFFFFFFFFFFFFFFFFFB6
:204A2000FFFFFFFFFFFFFFFFFFFFFFFFFFFFFFFFFFFFFFFFFFFFFFFFFFFFFFFFFFFFFFFF96
:204A4000FFFFFFFFFFFFFFFFFFFFFFFFFFFFFFFFFFFFFFFFFFFFFFFFFFFFFFFFFFFFFFFF76
:204A6000FFFFFFFFFFFFFFFFFFFFFFFFFFFFFFFFFFFFFFFFFFFFFFFFFFFFFFFFFFFFFFFF56
:204A8000FFFFFFFFFFFFFFFFFFFFFFFFFFFFFFFFFFFFFFFFFFFFFFFFFFFFFFFFFFFFFFFF36
:204AA000FFFFFFFFFFFFFFFFFFFFFFFFFFFFFFFFFFFFFFFFFFFFFFFFFFFFFFFFFFFFFFFF16
:204AC000FFFFFFFFFFFFFFFFFFFFFFFFFFFFFFFFFFFFFFFFFFFFFFFFFFFFFFFFFFFFFFFFF6
:204AE000FFFFFFFFFFFFFFFFFFFFFFFFFFFFFFFFFFFFFFFFFFFFFFFFFFFFFFFFFFFFFFFFD6
:204B0000FFFFFFFFFFFFFFFFFFFFFFFFFFFFFFFFFFFFFFFFFFFFFFFFFFFFFFFFFFFFFFFFB5
:204B2000FFFFFFFFFFFFFFFFFFFFFFFFFFFFFFFFFFFFFFFFFFFFFFFFFFFFFFFFFFFFFFFF95
:204B4000FFFFFFFFFFFFFFFFFFFFFFFFFFFFFFFFFFFFFFFFFFFFFFFFFFFFFFFFFFFFFFFF75
:204B6000FFFFFFFFFFFFFFFFFFFFFFFFFFFFFFFFFFFFFFFFFFFFFFFFFFFFFFFFFFFFFFFF55
:204B8000FFFFFFFFFFFFFFFFFFFFFFFFFFFFFFFFFFFFFFFFFFFFFFFFFFFFFFFFFFFFFFFF35
:204BA000FFFFFFFFFFFFFFFFFFFFFFFFFFFFFFFFFFFFFFFFFFFFFFFFFFFFFFFFFFFFFFFF15
:204BC000FFFFFFFFFFFFFFFFFFFFFFFFFFFFFFFFFFFFFFFFFFFFFFFFFFFFFFFFFFFFFFFFF5
:204BE000FFFFFFFFFFFFFFFFFFFFFFFFFFFFFFFFFFFFFFFFFFFFFFFFFFFFFFFFFFFFFFFFD5
:204C0000FFFFFFFFFFFFFFFFFFFFFFFFFFFFFFFFFFFFFFFFFFFFFFFFFFFFFFFFFFFFFFFFB4
:204C2000FFFFFFFFFFFFFFFFFFFFFFFFFFFFFFFFFFFFFFFFFFFFFFFFFFFFFFFFFFFFFFFF94
:204C4000FFFFFFFFFFFFFFFFFFFFFFFFFFFFFFFFFFFFFFFFFFFFFFFFFFFFFFFFFFFFFFFF74
:204C6000FFFFFFFFFFFFFFFFFFFFFFFFFFFFFFFFFFFFFFFFFFFFFFFFFFFFFFFFFFFFFFFF54
:204C8000FFFFFFFFFFFFFFFFFFFFFFFFFFFFFFFFFFFFFFFFFFFFFFFFFFFFFFFFFFFFFFFF34
:204CA000FFFFFFFFFFFFFFFFFFFFFFFFFFFFFFFFFFFFFFFFFFFFFFFFFFFFFFFFFFFFFFFF14
:204CC000FFFFFFFFFFFFFFFFFFFFFFFFFFFFFFFFFFFFFFFFFFFFFFFFFFFFFFFFFFFFFFFFF4
:204CE000FFFFFFFFFFFFFFFFFFFFFFFFFFFFFFFFFFFFFFFFFFFFFFFFFFFFFFFFFFFFFFFFD4
:204D0000FFFFFFFFFFFFFFFFFFFFFFFFFFFFFFFFFFFFFFFFFFFFFFFFFFFFFFFFFFFFFFFFB3
:204D2000FFFFFFFFFFFFFFFFFFFFFFFFFFFFFFFFFFFFFFFFFFFFFFFFFFFFFFFFFFFFFFFF93
:204D4000FFFFFFFFFFFFFFFFFFFFFFFFFFFFFFFFFFFFFFFFFFFFFFFFFFFFFFFFFFFFFFFF73
:204D6000FFFFFFFFFFFFFFFFFFFFFFFFFFFFFFFFFFFFFFFFFFFFFFFFFFFFFFFFFFFFFFFF53
:204D8000FFFFFFFFFFFFFFFFFFFFFFFFFFFFFFFFFFFFFFFFFFFFFFFFFFFFFFFFFFFFFFFF33
:204DA000FFFFFFFFFFFFFFFFFFFFFFFFFFFFFFFFFFFFFFFFFFFFFFFFFFFFFFFFFFFFFFFF13
:204DC000FFFFFFFFFFFFFFFFFFFFFFFFFFFFFFFFFFFFFFFFFFFFFFFFFFFFFFFFFFFFFFFFF3
:204DE000FFFFFFFFFFFFFFFFFFFFFFFFFFFFFFFFFFFFFFFFFFFFFFFFFFFFFFFFFFFFFFFFD3
:204E0000FFFFFFFFFFFFFFFFFFFFFFFFFFFFFFFFFFFFFFFFFFFFFFFFFFFFFFFFFFFFFFFFB2
:204E2000FFFFFFFFFFFFFFFFFFFFFFFFFFFFFFFFFFFFFFFFFFFFFFFFFFFFFFFFFFFFFFFF92
:204E4000FFFFFFFFFFFFFFFFFFFFFFFFFFFFFFFFFFFFFFFFFFFFFFFFFFFFFFFFFFFFFFFF72
:204E6000FFFFFFFFFFFFFFFFFFFFFFFFFFFFFFFFFFFFFFFFFFFFFFFFFFFFFFFFFFFFFFFF52
:204E8000FFFFFFFFFFFFFFFFFFFFFFFFFFFFFFFFFFFFFFFFFFFFFFFFFFFFFFFFFFFFFFFF32
:204EA000FFFFFFFFFFFFFFFFFFFFFFFFFFFFFFFFFFFFFFFFFFFFFFFFFFFFFFFFFFFFFFFF12
:204EC000FFFFFFFFFFFFFFFFFFFFFFFFFFFFFFFFFFFFFFFFFFFFFFFFFFFFFFFFFFFFFFFFF2
:204EE000FFFFFFFFFFFFFFFFFFFFFFFFFFFFFFFFFFFFFFFFFFFFFFFFFFFFFFFFFFFFFFFFD2
:204F0000FFFFFFFFFFFFFFFFFFFFFFFFFFFFFFFFFFFFFFFFFFFFFFFFFFFFFFFFFFFFFFFFB1
:204F2000FFFFFFFFFFFFFFFFFFFFFFFFFFFFFFFFFFFFFFFFFFFFFFFFFFFFFFFFFFFFFFFF91
:204F4000FFFFFFFFFFFFFFFFFFFFFFFFFFFFFFFFFFFFFFFFFFFFFFFFFFFFFFFFFFFFFFFF71
:204F6000FFFFFFFFFFFFFFFFFFFFFFFFFFFFFFFFFFFFFFFFFFFFFFFFFFFFFFFFFFFFFFFF51
:204F8000FFFFFFFFFFFFFFFFFFFFFFFFFFFFFFFFFFFFFFFFFFFFFFFFFFFFFFFFFFFFFFFF31
:204FA000FFFFFFFFFFFFFFFFFFFFFFFFFFFFFFFFFFFFFFFFFFFFFFFFFFFFFFFFFFFFFFFF11
:204FC000FFFFFFFFFFFFFFFFFFFFFFFFFFFFFFFFFFFFFFFFFFFFFFFFFFFFFFFFFFFFFFFFF1
:204FE000FFFFFFFFFFFFFFFFFFFFFFFFFFFFFFFFFFFFFFFFFFFFFFFFFFFFFFFFFFFFFFFFD1
:20500000FFFFFFFFFFFFFFFFFFFFFFFFFFFFFFFFFFFFFFFFFFFFFFFFFFFFFFFFFFFFFFFFB0
:20502000FFFFFFFFFFFFFFFFFFFFFFFFFFFFFFFFFFFFFFFFFFFFFFFFFFFFFFFFFFFFFFFF90
:20504000FFFFFFFFFFFFFFFFFFFFFFFFFFFFFFFFFFFFFFFFFFFFFFFFFFFFFFFFFFFFFFFF70
:20506000FFFFFFFFFFFFFFFFFFFFFFFFFFFFFFFFFFFFFFFFFFFFFFFFFFFFFFFFFFFFFFFF50
:20508000FFFFFFFFFFFFFFFFFFFFFFFFFFFFFFFFFFFFFFFFFFFFFFFFFFFFFFFFFFFFFFFF30
:2050A000FFFFFFFFFFFFFFFFFFFFFFFFFFFFFFFFFFFFFFFFFFFFFFFFFFFFFFFFFFFFFFFF10
:2050C000FFFFFFFFFFFFFFFFFFFFFFFFFFFFFFFFFFFFFFFFFFFFFFFFFFFFFFFFFFFFFFFFF0
:2050E000FFFFFFFFFFFFFFFFFFFFFFFFFFFFFFFFFFFFFFFFFFFFFFFFFFFFFFFFFFFFFFFFD0
:20510000FFFFFFFFFFFFFFFFFFFFFFFFFFFFFFFFFFFFFFFFFFFFFFFFFFFFFFFFFFFFFFFFAF
:20512000FFFFFFFFFFFFFFFFFFFFFFFFFFFFFFFFFFFFFFFFFFFFFFFFFFFFFFFFFFFFFFFF8F
:20514000FFFFFFFFFFFFFFFFFFFFFFFFFFFFFFFFFFFFFFFFFFFFFFFFFFFFFFFFFFFFFFFF6F
:20516000FFFFFFFFFFFFFFFFFFFFFFFFFFFFFFFFFFFFFFFFFFFFFFFFFFFFFFFFFFFFFFFF4F
:20518000FFFFFFFFFFFFFFFFFFFFFFFFFFFFFFFFFFFFFFFFFFFFFFFFFFFFFFFFFFFFFFFF2F
:2051A000FFFFFFFFFFFFFFFFFFFFFFFFFFFFFFFFFFFFFFFFFFFFFFFFFFFFFFFFFFFFFFFF0F
:2051C000FFFFFFFFFFFFFFFFFFFFFFFFFFFFFFFFFFFFFFFFFFFFFFFFFFFFFFFFFFFFFFFFEF
:2051E000FFFFFFFFFFFFFFFFFFFFFFFFFFFFFFFFFFFFFFFFFFFFFFFFFFFFFFFFFFFFFFFFCF
:20520000FFFFFFFFFFFFFFFFFFFFFFFFFFFFFFFFFFFFFFFFFFFFFFFFFFFFFFFFFFFFFFFFAE
:20522000FFFFFFFFFFFFFFFFFFFFFFFFFFFFFFFFFFFFFFFFFFFFFFFFFFFFFFFFFFFFFFFF8E
:20524000FFFFFFFFFFFFFFFFFFFFFFFFFFFFFFFFFFFFFFFFFFFFFFFFFFFFFFFFFFFFFFFF6E
:20526000FFFFFFFFFFFFFFFFFFFFFFFFFFFFFFFFFFFFFFFFFFFFFFFFFFFFFFFFFFFFFFFF4E
:20528000FFFFFFFFFFFFFFFFFFFFFFFFFFFFFFFFFFFFFFFFFFFFFFFFFFFFFFFFFFFFFFFF2E
:2052A000FFFFFFFFFFFFFFFFFFFFFFFFFFFFFFFFFFFFFFFFFFFFFFFFFFFFFFFFFFFFFFFF0E
:2052C000FFFFFFFFFFFFFFFFFFFFFFFFFFFFFFFFFFFFFFFFFFFFFFFFFFFFFFFFFFFFFFFFEE
:2052E000FFFFFFFFFFFFFFFFFFFFFFFFFFFFFFFFFFFFFFFFFFFFFFFFFFFFFFFFFFFFFFFFCE
:20530000FFFFFFFFFFFFFFFFFFFFFFFFFFFFFFFFFFFFFFFFFFFFFFFFFFFFFFFFFFFFFFFFAD
:20532000FFFFFFFFFFFFFFFFFFFFFFFFFFFFFFFFFFFFFFFFFFFFFFFFFFFFFFFFFFFFFFFF8D
:20534000FFFFFFFFFFFFFFFFFFFFFFFFFFFFFFFFFFFFFFFFFFFFFFFFFFFFFFFFFFFFFFFF6D
:20536000FFFFFFFFFFFFFFFFFFFFFFFFFFFFFFFFFFFFFFFFFFFFFFFFFFFFFFFFFFFFFFFF4D
:20538000FFFFFFFFFFFFFFFFFFFFFFFFFFFFFFFFFFFFFFFFFFFFFFFFFFFFFFFFFFFFFFFF2D
:2053A000FFFFFFFFFFFFFFFFFFFFFFFFFFFFFFFFFFFFFFFFFFFFFFFFFFFFFFFFFFFFFFFF0D
:2053C000FFFFFFFFFFFFFFFFFFFFFFFFFFFFFFFFFFFFFFFFFFFFFFFFFFFFFFFFFFFFFFFFED
:2053E000FFFFFFFFFFFFFFFFFFFFFFFFFFFFFFFFFFFFFFFFFFFFFFFFFFFFFFFFFFFFFFFFCD
:20540000FFFFFFFFFFFFFFFFFFFFFFFFFFFFFFFFFFFFFFFFFFFFFFFFFFFFFFFFFFFFFFFFAC
:20542000FFFFFFFFFFFFFFFFFFFFFFFFFFFFFFFFFFFFFFFFFFFFFFFFFFFFFFFFFFFFFFFF8C
:20544000FFFFFFFFFFFFFFFFFFFFFFFFFFFFFFFFFFFFFFFFFFFFFFFFFFFFFFFFFFFFFFFF6C
:20546000FFFFFFFFFFFFFFFFFFFFFFFFFFFFFFFFFFFFFFFFFFFFFFFFFFFFFFFFFFFFFFFF4C
:20548000FFFFFFFFFFFFFFFFFFFFFFFFFFFFFFFFFFFFFFFFFFFFFFFFFFFFFFFFFFFFFFFF2C
:2054A000FFFFFFFFFFFFFFFFFFFFFFFFFFFFFFFFFFFFFFFFFFFFFFFFFFFFFFFFFFFFFFFF0C
:2054C000FFFFFFFFFFFFFFFFFFFFFFFFFFFFFFFFFFFFFFFFFFFFFFFFFFFFFFFFFFFFFFFFEC
:2054E000FFFFFFFFFFFFFFFFFFFFFFFFFFFFFFFFFFFFFFFFFFFFFFFFFFFFFFFFFFFFFFFFCC
:20550000FFFFFFFFFFFFFFFFFFFFFFFFFFFFFFFFFFFFFFFFFFFFFFFFFFFFFFFFFFFFFFFFAB
:20552000FFFFFFFFFFFFFFFFFFFFFFFFFFFFFFFFFFFFFFFFFFFFFFFFFFFFFFFFFFFFFFFF8B
:20554000FFFFFFFFFFFFFFFFFFFFFFFFFFFFFFFFFFFFFFFFFFFFFFFFFFFFFFFFFFFFFFFF6B
:20556000FFFFFFFFFFFFFFFFFFFFFFFFFFFFFFFFFFFFFFFFFFFFFFFFFFFFFFFFFFFFFFFF4B
:20558000FFFFFFFFFFFFFFFFFFFFFFFFFFFFFFFFFFFFFFFFFFFFFFFFFFFFFFFFFFFFFFFF2B
:2055A000FFFFFFFFFFFFFFFFFFFFFFFFFFFFFFFFFFFFFFFFFFFFFFFFFFFFFFFFFFFFFFFF0B
:2055C000FFFFFFFFFFFFFFFFFFFFFFFFFFFFFFFFFFFFFFFFFFFFFFFFFFFFFFFFFFFFFFFFEB
:2055E000FFFFFFFFFFFFFFFFFFFFFFFFFFFFFFFFFFFFFFFFFFFFFFFFFFFFFFFFFFFFFFFFCB
:20560000FFFFFFFFFFFFFFFFFFFFFFFFFFFFFFFFFFFFFFFFFFFFFFFFFFFFFFFFFFFFFFFFAA
:20562000FFFFFFFFFFFFFFFFFFFFFFFFFFFFFFFFFFFFFFFFFFFFFFFFFFFFFFFFFFFFFFFF8A
:20564000FFFFFFFFFFFFFFFFFFFFFFFFFFFFFFFFFFFFFFFFFFFFFFFFFFFFFFFFFFFFFFFF6A
:20566000FFFFFFFFFFFFFFFFFFFFFFFFFFFFFFFFFFFFFFFFFFFFFFFFFFFFFFFFFFFFFFFF4A
:20568000FFFFFFFFFFFFFFFFFFFFFFFFFFFFFFFFFFFFFFFFFFFFFFFFFFFFFFFFFFFFFFFF2A
:2056A000FFFFFFFFFFFFFFFFFFFFFFFFFFFFFFFFFFFFFFFFFFFFFFFFFFFFFFFFFFFFFFFF0A
:2056C000FFFFFFFFFFFFFFFFFFFFFFFFFFFFFFFFFFFFFFFFFFFFFFFFFFFFFFFFFFFFFFFFEA
:2056E000FFFFFFFFFFFFFFFFFFFFFFFFFFFFFFFFFFFFFFFFFFFFFFFFFFFFFFFFFFFFFFFFCA
:20570000FFFFFFFFFFFFFFFFFFFFFFFFFFFFFFFFFFFFFFFFFFFFFFFFFFFFFFFFFFFFFFFFA9
:20572000FFFFFFFFFFFFFFFFFFFFFFFFFFFFFFFFFFFFFFFFFFFFFFFFFFFFFFFFFFFFFFFF89
:20574000FFFFFFFFFFFFFFFFFFFFFFFFFFFFFFFFFFFFFFFFFFFFFFFFFFFFFFFFFFFFFFFF69
:20576000FFFFFFFFFFFFFFFFFFFFFFFFFFFFFFFFFFFFFFFFFFFFFFFFFFFFFFFFFFFFFFFF49
:20578000FFFFFFFFFFFFFFFFFFFFFFFFFFFFFFFFFFFFFFFFFFFFFFFFFFFFFFFFFFFFFFFF29
:2057A000FFFFFFFFFFFFFFFFFFFFFFFFFFFFFFFFFFFFFFFFFFFFFFFFFFFFFFFFFFFFFFFF09
:2057C000FFFFFFFFFFFFFFFFFFFFFFFFFFFFFFFFFFFFFFFFFFFFFFFFFFFFFFFFFFFFFFFFE9
:2057E000FFFFFFFFFFFFFFFFFFFFFFFFFFFFFFFFFFFFFFFFFFFFFFFFFFFFFFFFFFFFFFFFC9
:20580000FFFFFFFFFFFFFFFFFFFFFFFFFFFFFFFFFFFFFFFFFFFFFFFFFFFFFFFFFFFFFFFFA8
:20582000FFFFFFFFFFFFFFFFFFFFFFFFFFFFFFFFFFFFFFFFFFFFFFFFFFFFFFFFFFFFFFFF88
:20584000FFFFFFFFFFFFFFFFFFFFFFFFFFFFFFFFFFFFFFFFFFFFFFFFFFFFFFFFFFFFFFFF68
:20586000FFFFFFFFFFFFFFFFFFFFFFFFFFFFFFFFFFFFFFFFFFFFFFFFFFFFFFFFFFFFFFFF48
:20588000FFFFFFFFFFFFFFFFFFFFFFFFFFFFFFFFFFFFFFFFFFFFFFFFFFFFFFFFFFFFFFFF28
:2058A000FFFFFFFFFFFFFFFFFFFFFFFFFFFFFFFFFFFFFFFFFFFFFFFFFFFFFFFFFFFFFFFF08
:2058C000FFFFFFFFFFFFFFFFFFFFFFFFFFFFFFFFFFFFFFFFFFFFFFFFFFFFFFFFFFFFFFFFE8
:2058E000FFFFFFFFFFFFFFFFFFFFFFFFFFFFFFFFFFFFFFFFFFFFFFFFFFFFFFFFFFFFFFFFC8
:20590000FFFFFFFFFFFFFFFFFFFFFFFFFFFFFFFFFFFFFFFFFFFFFFFFFFFFFFFFFFFFFFFFA7
:20592000FFFFFFFFFFFFFFFFFFFFFFFFFFFFFFFFFFFFFFFFFFFFFFFFFFFFFFFFFFFFFFFF87
:20594000FFFFFFFFFFFFFFFFFFFFFFFFFFFFFFFFFFFFFFFFFFFFFFFFFFFFFFFFFFFFFFFF67
:20596000FFFFFFFFFFFFFFFFFFFFFFFFFFFFFFFFFFFFFFFFFFFFFFFFFFFFFFFFFFFFFFFF47
:20598000FFFFFFFFFFFFFFFFFFFFFFFFFFFFFFFFFFFFFFFFFFFFFFFFFFFFFFFFFFFFFFFF27
:2059A000FFFFFFFFFFFFFFFFFFFFFFFFFFFFFFFFFFFFFFFFFFFFFFFFFFFFFFFFFFFFFFFF07
:2059C000FFFFFFFFFFFFFFFFFFFFFFFFFFFFFFFFFFFFFFFFFFFFFFFFFFFFFFFFFFFFFFFFE7
:2059E000FFFFFFFFFFFFFFFFFFFFFFFFFFFFFFFFFFFFFFFFFFFFFFFFFFFFFFFFFFFFFFFFC7
:205A0000FFFFFFFFFFFFFFFFFFFFFFFFFFFFFFFFFFFFFFFFFFFFFFFFFFFFFFFFFFFFFFFFA6
:205A2000FFFFFFFFFFFFFFFFFFFFFFFFFFFFFFFFFFFFFFFFFFFFFFFFFFFFFFFFFFFFFFFF86
:205A4000FFFFFFFFFFFFFFFFFFFFFFFFFFFFFFFFFFFFFFFFFFFFFFFFFFFFFFFFFFFFFFFF66
:205A6000FFFFFFFFFFFFFFFFFFFFFFFFFFFFFFFFFFFFFFFFFFFFFFFFFFFFFFFFFFFFFFFF46
:205A8000FFFFFFFFFFFFFFFFFFFFFFFFFFFFFFFFFFFFFFFFFFFFFFFFFFFFFFFFFFFFFFFF26
:205AA000FFFFFFFFFFFFFFFFFFFFFFFFFFFFFFFFFFFFFFFFFFFFFFFFFFFFFFFFFFFFFFFF06
:205AC000FFFFFFFFFFFFFFFFFFFFFFFFFFFFFFFFFFFFFFFFFFFFFFFFFFFFFFFFFFFFFFFFE6
:205AE000FFFFFFFFFFFFFFFFFFFFFFFFFFFFFFFFFFFFFFFFFFFFFFFFFFFFFFFFFFFFFFFFC6
:205B0000FFFFFFFFFFFFFFFFFFFFFFFFFFFFFFFFFFFFFFFFFFFFFFFFFFFFFFFFFFFFFFFFA5
:205B2000FFFFFFFFFFFFFFFFFFFFFFFFFFFFFFFFFFFFFFFFFFFFFFFFFFFFFFFFFFFFFFFF85
:205B4000FFFFFFFFFFFFFFFFFFFFFFFFFFFFFFFFFFFFFFFFFFFFFFFFFFFFFFFFFFFFFFFF65
:205B6000FFFFFFFFFFFFFFFFFFFFFFFFFFFFFFFFFFFFFFFFFFFFFFFFFFFFFFFFFFFFFFFF45
:205B8000FFFFFFFFFFFFFFFFFFFFFFFFFFFFFFFFFFFFFFFFFFFFFFFFFFFFFFFFFFFFFFFF25
:205BA000FFFFFFFFFFFFFFFFFFFFFFFFFFFFFFFFFFFFFFFFFFFFFFFFFFFFFFFFFFFFFFFF05
:205BC000FFFFFFFFFFFFFFFFFFFFFFFFFFFFFFFFFFFFFFFFFFFFFFFFFFFFFFFFFFFFFFFFE5
:205BE000FFFFFFFFFFFFFFFFFFFFFFFFFFFFFFFFFFFFFFFFFFFFFFFFFFFFFFFFFFFFFFFFC5
:205C0000FFFFFFFFFFFFFFFFFFFFFFFFFFFFFFFFFFFFFFFFFFFFFFFFFFFFFFFFFFFFFFFFA4
:205C2000FFFFFFFFFFFFFFFFFFFFFFFFFFFFFFFFFFFFFFFFFFFFFFFFFFFFFFFFFFFFFFFF84
:205C4000FFFFFFFFFFFFFFFFFFFFFFFFFFFFFFFFFFFFFFFFFFFFFFFFFFFFFFFFFFFFFFFF64
:205C6000FFFFFFFFFFFFFFFFFFFFFFFFFFFFFFFFFFFFFFFFFFFFFFFFFFFFFFFFFFFFFFFF44
:205C8000FFFFFFFFFFFFFFFFFFFFFFFFFFFFFFFFFFFFFFFFFFFFFFFFFFFFFFFFFFFFFFFF24
:205CA000FFFFFFFFFFFFFFFFFFFFFFFFFFFFFFFFFFFFFFFFFFFFFFFFFFFFFFFFFFFFFFFF04
:205CC000FFFFFFFFFFFFFFFFFFFFFFFFFFFFFFFFFFFFFFFFFFFFFFFFFFFFFFFFFFFFFFFFE4
:205CE000FFFFFFFFFFFFFFFFFFFFFFFFFFFFFFFFFFFFFFFFFFFFFFFFFFFFFFFFFFFFFFFFC4
:205D0000FFFFFFFFFFFFFFFFFFFFFFFFFFFFFFFFFFFFFFFFFFFFFFFFFFFFFFFFFFFFFFFFA3
:205D2000FFFFFFFFFFFFFFFFFFFFFFFFFFFFFFFFFFFFFFFFFFFFFFFFFFFFFFFFFFFFFFFF83
:205D4000FFFFFFFFFFFFFFFFFFFFFFFFFFFFFFFFFFFFFFFFFFFFFFFFFFFFFFFFFFFFFFFF63
:205D6000FFFFFFFFFFFFFFFFFFFFFFFFFFFFFFFFFFFFFFFFFFFFFFFFFFFFFFFFFFFFFFFF43
:205D8000FFFFFFFFFFFFFFFFFFFFFFFFFFFFFFFFFFFFFFFFFFFFFFFFFFFFFFFFFFFFFFFF23
:205DA000FFFFFFFFFFFFFFFFFFFFFFFFFFFFFFFFFFFFFFFFFFFFFFFFFFFFFFFFFFFFFFFF03
:205DC000FFFFFFFFFFFFFFFFFFFFFFFFFFFFFFFFFFFFFFFFFFFFFFFFFFFFFFFFFFFFFFFFE3
:205DE000FFFFFFFFFFFFFFFFFFFFFFFFFFFFFFFFFFFFFFFFFFFFFFFFFFFFFFFFFFFFFFFFC3
:205E0000FFFFFFFFFFFFFFFFFFFFFFFFFFFFFFFFFFFFFFFFFFFFFFFFFFFFFFFFFFFFFFFFA2
:205E2000FFFFFFFFFFFFFFFFFFFFFFFFFFFFFFFFFFFFFFFFFFFFFFFFFFFFFFFFFFFFFFFF82
:205E4000FFFFFFFFFFFFFFFFFFFFFFFFFFFFFFFFFFFFFFFFFFFFFFFFFFFFFFFFFFFFFFFF62
:205E6000FFFFFFFFFFFFFFFFFFFFFFFFFFFFFFFFFFFFFFFFFFFFFFFFFFFFFFFFFFFFFFFF42
:205E8000FFFFFFFFFFFFFFFFFFFFFFFFFFFFFFFFFFFFFFFFFFFFFFFFFFFFFFFFFFFFFFFF22
:205EA000FFFFFFFFFFFFFFFFFFFFFFFFFFFFFFFFFFFFFFFFFFFFFFFFFFFFFFFFFFFFFFFF02
:205EC000FFFFFFFFFFFFFFFFFFFFFFFFFFFFFFFFFFFFFFFFFFFFFFFFFFFFFFFFFFFFFFFFE2
:205EE000FFFFFFFFFFFFFFFFFFFFFFFFFFFFFFFFFFFFFFFFFFFFFFFFFFFFFFFFFFFFFFFFC2
:205F0000FFFFFFFFFFFFFFFFFFFFFFFFFFFFFFFFFFFFFFFFFFFFFFFFFFFFFFFFFFFFFFFFA1
:205F2000FFFFFFFFFFFFFFFFFFFFFFFFFFFFFFFFFFFFFFFFFFFFFFFFFFFFFFFFFFFFFFFF81
:205F4000FFFFFFFFFFFFFFFFFFFFFFFFFFFFFFFFFFFFFFFFFFFFFFFFFFFFFFFFFFFFFFFF61
:205F6000FFFFFFFFFFFFFFFFFFFFFFFFFFFFFFFFFFFFFFFFFFFFFFFFFFFFFFFFFFFFFFFF41
:205F8000FFFFFFFFFFFFFFFFFFFFFFFFFFFFFFFFFFFFFFFFFFFFFFFFFFFFFFFFFFFFFFFF21
:205FA000FFFFFFFFFFFFFFFFFFFFFFFFFFFFFFFFFFFFFFFFFFFFFFFFFFFFFFFFFFFFFFFF01
:205FC000FFFFFFFFFFFFFFFFFFFFFFFFFFFFFFFFFFFFFFFFFFFFFFFFFFFFFFFFFFFFFFFFE1
:205FE000FFFFFFFFFFFFFFFFFFFFFFFFFFFFFFFFFFFFFFFFFFFFFFFFFFFFFFFFFFFFFFFFC1
:20600000FFFFFFFFFFFFFFFFFFFFFFFFFFFFFFFFFFFFFFFFFFFFFFFFFFFFFFFFFFFFFFFFA0
:20602000FFFFFFFFFFFFFFFFFFFFFFFFFFFFFFFFFFFFFFFFFFFFFFFFFFFFFFFFFFFFFFFF80
:20604000FFFFFFFFFFFFFFFFFFFFFFFFFFFFFFFFFFFFFFFFFFFFFFFFFFFFFFFFFFFFFFFF60
:20606000FFFFFFFFFFFFFFFFFFFFFFFFFFFFFFFFFFFFFFFFFFFFFFFFFFFFFFFFFFFFFFFF40
:20608000FFFFFFFFFFFFFFFFFFFFFFFFFFFFFFFFFFFFFFFFFFFFFFFFFFFFFFFFFFFFFFFF20
:2060A000FFFFFFFFFFFFFFFFFFFFFFFFFFFFFFFFFFFFFFFFFFFFFFFFFFFFFFFFFFFFFFFF00
:2060C000FFFFFFFFFFFFFFFFFFFFFFFFFFFFFFFFFFFFFFFFFFFFFFFFFFFFFFFFFFFFFFFFE0
:2060E000FFFFFFFFFFFFFFFFFFFFFFFFFFFFFFFFFFFFFFFFFFFFFFFFFFFFFFFFFFFFFFFFC0
:20610000FFFFFFFFFFFFFFFFFFFFFFFFFFFFFFFFFFFFFFFFFFFFFFFFFFFFFFFFFFFFFFFF9F
:20612000FFFFFFFFFFFFFFFFFFFFFFFFFFFFFFFFFFFFFFFFFFFFFFFFFFFFFFFFFFFFFFFF7F
:20614000FFFFFFFFFFFFFFFFFFFFFFFFFFFFFFFFFFFFFFFFFFFFFFFFFFFFFFFFFFFFFFFF5F
:20616000FFFFFFFFFFFFFFFFFFFFFFFFFFFFFFFFFFFFFFFFFFFFFFFFFFFFFFFFFFFFFFFF3F
:20618000FFFFFFFFFFFFFFFFFFFFFFFFFFFFFFFFFFFFFFFFFFFFFFFFFFFFFFFFFFFFFFFF1F
:2061A000FFFFFFFFFFFFFFFFFFFFFFFFFFFFFFFFFFFFFFFFFFFFFFFFFFFFFFFFFFFFFFFFFF
:2061C000FFFFFFFFFFFFFFFFFFFFFFFFFFFFFFFFFFFFFFFFFFFFFFFFFFFFFFFFFFFFFFFFDF
:2061E000FFFFFFFFFFFFFFFFFFFFFFFFFFFFFFFFFFFFFFFFFFFFFFFFFFFFFFFFFFFFFFFFBF
:20620000FFFFFFFFFFFFFFFFFFFFFFFFFFFFFFFFFFFFFFFFFFFFFFFFFFFFFFFFFFFFFFFF9E
:20622000FFFFFFFFFFFFFFFFFFFFFFFFFFFFFFFFFFFFFFFFFFFFFFFFFFFFFFFFFFFFFFFF7E
:20624000FFFFFFFFFFFFFFFFFFFFFFFFFFFFFFFFFFFFFFFFFFFFFFFFFFFFFFFFFFFFFFFF5E
:20626000FFFFFFFFFFFFFFFFFFFFFFFFFFFFFFFFFFFFFFFFFFFFFFFFFFFFFFFFFFFFFFFF3E
:20628000FFFFFFFFFFFFFFFFFFFFFFFFFFFFFFFFFFFFFFFFFFFFFFFFFFFFFFFFFFFFFFFF1E
:2062A000FFFFFFFFFFFFFFFFFFFFFFFFFFFFFFFFFFFFFFFFFFFFFFFFFFFFFFFFFFFFFFFFFE
:2062C000FFFFFFFFFFFFFFFFFFFFFFFFFFFFFFFFFFFFFFFFFFFFFFFFFFFFFFFFFFFFFFFFDE
:2062E000FFFFFFFFFFFFFFFFFFFFFFFFFFFFFFFFFFFFFFFFFFFFFFFFFFFFFFFFFFFFFFFFBE
:20630000FFFFFFFFFFFFFFFFFFFFFFFFFFFFFFFFFFFFFFFFFFFFFFFFFFFFFFFFFFFFFFFF9D
:20632000FFFFFFFFFFFFFFFFFFFFFFFFFFFFFFFFFFFFFFFFFFFFFFFFFFFFFFFFFFFFFFFF7D
:20634000FFFFFFFFFFFFFFFFFFFFFFFFFFFFFFFFFFFFFFFFFFFFFFFFFFFFFFFFFFFFFFFF5D
:20636000FFFFFFFFFFFFFFFFFFFFFFFFFFFFFFFFFFFFFFFFFFFFFFFFFFFFFFFFFFFFFFFF3D
:20638000FFFFFFFFFFFFFFFFFFFFFFFFFFFFFFFFFFFFFFFFFFFFFFFFFFFFFFFFFFFFFFFF1D
:2063A000FFFFFFFFFFFFFFFFFFFFFFFFFFFFFFFFFFFFFFFFFFFFFFFFFFFFFFFFFFFFFFFFFD
:2063C000FFFFFFFFFFFFFFFFFFFFFFFFFFFFFFFFFFFFFFFFFFFFFFFFFFFFFFFFFFFFFFFFDD
:2063E000FFFFFFFFFFFFFFFFFFFFFFFFFFFFFFFFFFFFFFFFFFFFFFFFFFFFFFFFFFFFFFFFBD
:20640000FFFFFFFFFFFFFFFFFFFFFFFFFFFFFFFFFFFFFFFFFFFFFFFFFFFFFFFFFFFFFFFF9C
:20642000FFFFFFFFFFFFFFFFFFFFFFFFFFFFFFFFFFFFFFFFFFFFFFFFFFFFFFFFFFFFFFFF7C
:20644000FFFFFFFFFFFFFFFFFFFFFFFFFFFFFFFFFFFFFFFFFFFFFFFFFFFFFFFFFFFFFFFF5C
:20646000FFFFFFFFFFFFFFFFFFFFFFFFFFFFFFFFFFFFFFFFFFFFFFFFFFFFFFFFFFFFFFFF3C
:20648000FFFFFFFFFFFFFFFFFFFFFFFFFFFFFFFFFFFFFFFFFFFFFFFFFFFFFFFFFFFFFFFF1C
:2064A000FFFFFFFFFFFFFFFFFFFFFFFFFFFFFFFFFFFFFFFFFFFFFFFFFFFFFFFFFFFFFFFFFC
:2064C000FFFFFFFFFFFFFFFFFFFFFFFFFFFFFFFFFFFFFFFFFFFFFFFFFFFFFFFFFFFFFFFFDC
:2064E000FFFFFFFFFFFFFFFFFFFFFFFFFFFFFFFFFFFFFFFFFFFFFFFFFFFFFFFFFFFFFFFFBC
:20650000FFFFFFFFFFFFFFFFFFFFFFFFFFFFFFFFFFFFFFFFFFFFFFFFFFFFFFFFFFFFFFFF9B
:20652000FFFFFFFFFFFFFFFFFFFFFFFFFFFFFFFFFFFFFFFFFFFFFFFFFFFFFFFFFFFFFFFF7B
:20654000FFFFFFFFFFFFFFFFFFFFFFFFFFFFFFFFFFFFFFFFFFFFFFFFFFFFFFFFFFFFFFFF5B
:20656000FFFFFFFFFFFFFFFFFFFFFFFFFFFFFFFFFFFFFFFFFFFFFFFFFFFFFFFFFFFFFFFF3B
:20658000FFFFFFFFFFFFFFFFFFFFFFFFFFFFFFFFFFFFFFFFFFFFFFFFFFFFFFFFFFFFFFFF1B
:2065A000FFFFFFFFFFFFFFFFFFFFFFFFFFFFFFFFFFFFFFFFFFFFFFFFFFFFFFFFFFFFFFFFFB
:2065C000FFFFFFFFFFFFFFFFFFFFFFFFFFFFFFFFFFFFFFFFFFFFFFFFFFFFFFFFFFFFFFFFDB
:2065E000FFFFFFFFFFFFFFFFFFFFFFFFFFFFFFFFFFFFFFFFFFFFFFFFFFFFFFFFFFFFFFFFBB
:20660000FFFFFFFFFFFFFFFFFFFFFFFFFFFFFFFFFFFFFFFFFFFFFFFFFFFFFFFFFFFFFFFF9A
:20662000FFFFFFFFFFFFFFFFFFFFFFFFFFFFFFFFFFFFFFFFFFFFFFFFFFFFFFFFFFFFFFFF7A
:20664000FFFFFFFFFFFFFFFFFFFFFFFFFFFFFFFFFFFFFFFFFFFFFFFFFFFFFFFFFFFFFFFF5A
:20666000FFFFFFFFFFFFFFFFFFFFFFFFFFFFFFFFFFFFFFFFFFFFFFFFFFFFFFFFFFFFFFFF3A
:20668000FFFFFFFFFFFFFFFFFFFFFFFFFFFFFFFFFFFFFFFFFFFFFFFFFFFFFFFFFFFFFFFF1A
:2066A000FFFFFFFFFFFFFFFFFFFFFFFFFFFFFFFFFFFFFFFFFFFFFFFFFFFFFFFFFFFFFFFFFA
:2066C000FFFFFFFFFFFFFFFFFFFFFFFFFFFFFFFFFFFFFFFFFFFFFFFFFFFFFFFFFFFFFFFFDA
:2066E000FFFFFFFFFFFFFFFFFFFFFFFFFFFFFFFFFFFFFFFFFFFFFFFFFFFFFFFFFFFFFFFFBA
:20670000FFFFFFFFFFFFFFFFFFFFFFFFFFFFFFFFFFFFFFFFFFFFFFFFFFFFFFFFFFFFFFFF99
:20672000FFFFFFFFFFFFFFFFFFFFFFFFFFFFFFFFFFFFFFFFFFFFFFFFFFFFFFFFFFFFFFFF79
:20674000FFFFFFFFFFFFFFFFFFFFFFFFFFFFFFFFFFFFFFFFFFFFFFFFFFFFFFFFFFFFFFFF59
:20676000FFFFFFFFFFFFFFFFFFFFFFFFFFFFFFFFFFFFFFFFFFFFFFFFFFFFFFFFFFFFFFFF39
:20678000FFFFFFFFFFFFFFFFFFFFFFFFFFFFFFFFFFFFFFFFFFFFFFFFFFFFFFFFFFFFFFFF19
:2067A000FFFFFFFFFFFFFFFFFFFFFFFFFFFFFFFFFFFFFFFFFFFFFFFFFFFFFFFFFFFFFFFFF9
:2067C000FFFFFFFFFFFFFFFFFFFFFFFFFFFFFFFFFFFFFFFFFFFFFFFFFFFFFFFFFFFFFFFFD9
:2067E000FFFFFFFFFFFFFFFFFFFFFFFFFFFFFFFFFFFFFFFFFFFFFFFFFFFFFFFFFFFFFFFFB9
:20680000FFFFFFFFFFFFFFFFFFFFFFFFFFFFFFFFFFFFFFFFFFFFFFFFFFFFFFFFFFFFFFFF98
:20682000FFFFFFFFFFFFFFFFFFFFFFFFFFFFFFFFFFFFFFFFFFFFFFFFFFFFFFFFFFFFFFFF78
:20684000FFFFFFFFFFFFFFFFFFFFFFFFFFFFFFFFFFFFFFFFFFFFFFFFFFFFFFFFFFFFFFFF58
:20686000FFFFFFFFFFFFFFFFFFFFFFFFFFFFFFFFFFFFFFFFFFFFFFFFFFFFFFFFFFFFFFFF38
:20688000FFFFFFFFFFFFFFFFFFFFFFFFFFFFFFFFFFFFFFFFFFFFFFFFFFFFFFFFFFFFFFFF18
:2068A000FFFFFFFFFFFFFFFFFFFFFFFFFFFFFFFFFFFFFFFFFFFFFFFFFFFFFFFFFFFFFFFFF8
:2068C000FFFFFFFFFFFFFFFFFFFFFFFFFFFFFFFFFFFFFFFFFFFFFFFFFFFFFFFFFFFFFFFFD8
:2068E000FFFFFFFFFFFFFFFFFFFFFFFFFFFFFFFFFFFFFFFFFFFFFFFFFFFFFFFFFFFFFFFFB8
:20690000FFFFFFFFFFFFFFFFFFFFFFFFFFFFFFFFFFFFFFFFFFFFFFFFFFFFFFFFFFFFFFFF97
:20692000FFFFFFFFFFFFFFFFFFFFFFFFFFFFFFFFFFFFFFFFFFFFFFFFFFFFFFFFFFFFFFFF77
:20694000FFFFFFFFFFFFFFFFFFFFFFFFFFFFFFFFFFFFFFFFFFFFFFFFFFFFFFFFFFFFFFFF57
:20696000FFFFFFFFFFFFFFFFFFFFFFFFFFFFFFFFFFFFFFFFFFFFFFFFFFFFFFFFFFFFFFFF37
:20698000FFFFFFFFFFFFFFFFFFFFFFFFFFFFFFFFFFFFFFFFFFFFFFFFFFFFFFFFFFFFFFFF17
:2069A000FFFFFFFFFFFFFFFFFFFFFFFFFFFFFFFFFFFFFFFFFFFFFFFFFFFFFFFFFFFFFFFFF7
:2069C000FFFFFFFFFFFFFFFFFFFFFFFFFFFFFFFFFFFFFFFFFFFFFFFFFFFFFFFFFFFFFFFFD7
:2069E000FFFFFFFFFFFFFFFFFFFFFFFFFFFFFFFFFFFFFFFFFFFFFFFFFFFFFFFFFFFFFFFFB7
:206A0000FFFFFFFFFFFFFFFFFFFFFFFFFFFFFFFFFFFFFFFFFFFFFFFFFFFFFFFFFFFFFFFF96
:206A2000FFFFFFFFFFFFFFFFFFFFFFFFFFFFFFFFFFFFFFFFFFFFFFFFFFFFFFFFFFFFFFFF76
:206A4000FFFFFFFFFFFFFFFFFFFFFFFFFFFFFFFFFFFFFFFFFFFFFFFFFFFFFFFFFFFFFFFF56
:206A6000FFFFFFFFFFFFFFFFFFFFFFFFFFFFFFFFFFFFFFFFFFFFFFFFFFFFFFFFFFFFFFFF36
:206A8000FFFFFFFFFFFFFFFFFFFFFFFFFFFFFFFFFFFFFFFFFFFFFFFFFFFFFFFFFFFFFFFF16
:206AA000FFFFFFFFFFFFFFFFFFFFFFFFFFFFFFFFFFFFFFFFFFFFFFFFFFFFFFFFFFFFFFFFF6
:206AC000FFFFFFFFFFFFFFFFFFFFFFFFFFFFFFFFFFFFFFFFFFFFFFFFFFFFFFFFFFFFFFFFD6
:206AE000FFFFFFFFFFFFFFFFFFFFFFFFFFFFFFFFFFFFFFFFFFFFFFFFFFFFFFFFFFFFFFFFB6
:206B0000FFFFFFFFFFFFFFFFFFFFFFFFFFFFFFFFFFFFFFFFFFFFFFFFFFFFFFFFFFFFFFFF95
:206B2000FFFFFFFFFFFFFFFFFFFFFFFFFFFFFFFFFFFFFFFFFFFFFFFFFFFFFFFFFFFFFFFF75
:206B4000FFFFFFFFFFFFFFFFFFFFFFFFFFFFFFFFFFFFFFFFFFFFFFFFFFFFFFFFFFFFFFFF55
:206B6000FFFFFFFFFFFFFFFFFFFFFFFFFFFFFFFFFFFFFFFFFFFFFFFFFFFFFFFFFFFFFFFF35
:206B8000FFFFFFFFFFFFFFFFFFFFFFFFFFFFFFFFFFFFFFFFFFFFFFFFFFFFFFFFFFFFFFFF15
:206BA000FFFFFFFFFFFFFFFFFFFFFFFFFFFFFFFFFFFFFFFFFFFFFFFFFFFFFFFFFFFFFFFFF5
:206BC000FFFFFFFFFFFFFFFFFFFFFFFFFFFFFFFFFFFFFFFFFFFFFFFFFFFFFFFFFFFFFFFFD5
:206BE000FFFFFFFFFFFFFFFFFFFFFFFFFFFFFFFFFFFFFFFFFFFFFFFFFFFFFFFFFFFFFFFFB5
:206C0000FFFFFFFFFFFFFFFFFFFFFFFFFFFFFFFFFFFFFFFFFFFFFFFFFFFFFFFFFFFFFFFF94
:206C2000FFFFFFFFFFFFFFFFFFFFFFFFFFFFFFFFFFFFFFFFFFFFFFFFFFFFFFFFFFFFFFFF74
:206C4000FFFFFFFFFFFFFFFFFFFFFFFFFFFFFFFFFFFFFFFFFFFFFFFFFFFFFFFFFFFFFFFF54
:206C6000FFFFFFFFFFFFFFFFFFFFFFFFFFFFFFFFFFFFFFFFFFFFFFFFFFFFFFFFFFFFFFFF34
:206C8000FFFFFFFFFFFFFFFFFFFFFFFFFFFFFFFFFFFFFFFFFFFFFFFFFFFFFFFFFFFFFFFF14
:206CA000FFFFFFFFFFFFFFFFFFFFFFFFFFFFFFFFFFFFFFFFFFFFFFFFFFFFFFFFFFFFFFFFF4
:206CC000FFFFFFFFFFFFFFFFFFFFFFFFFFFFFFFFFFFFFFFFFFFFFFFFFFFFFFFFFFFFFFFFD4
:206CE000FFFFFFFFFFFFFFFFFFFFFFFFFFFFFFFFFFFFFFFFFFFFFFFFFFFFFFFFFFFFFFFFB4
:206D0000FFFFFFFFFFFFFFFFFFFFFFFFFFFFFFFFFFFFFFFFFFFFFFFFFFFFFFFFFFFFFFFF93
:206D2000FFFFFFFFFFFFFFFFFFFFFFFFFFFFFFFFFFFFFFFFFFFFFFFFFFFFFFFFFFFFFFFF73
:206D4000FFFFFFFFFFFFFFFFFFFFFFFFFFFFFFFFFFFFFFFFFFFFFFFFFFFFFFFFFFFFFFFF53
:206D6000FFFFFFFFFFFFFFFFFFFFFFFFFFFFFFFFFFFFFFFFFFFFFFFFFFFFFFFFFFFFFFFF33
:206D8000FFFFFFFFFFFFFFFFFFFFFFFFFFFFFFFFFFFFFFFFFFFFFFFFFFFFFFFFFFFFFFFF13
:206DA000FFFFFFFFFFFFFFFFFFFFFFFFFFFFFFFFFFFFFFFFFFFFFFFFFFFFFFFFFFFFFFFFF3
:206DC000FFFFFFFFFFFFFFFFFFFFFFFFFFFFFFFFFFFFFFFFFFFFFFFFFFFFFFFFFFFFFFFFD3
:206DE000FFFFFFFFFFFFFFFFFFFFFFFFFFFFFFFFFFFFFFFFFFFFFFFFFFFFFFFFFFFFFFFFB3
:206E0000FFFFFFFFFFFFFFFFFFFFFFFFFFFFFFFFFFFFFFFFFFFFFFFFFFFFFFFFFFFFFFFF92
:206E2000FFFFFFFFFFFFFFFFFFFFFFFFFFFFFFFFFFFFFFFFFFFFFFFFFFFFFFFFFFFFFFFF72
:206E4000FFFFFFFFFFFFFFFFFFFFFFFFFFFFFFFFFFFFFFFFFFFFFFFFFFFFFFFFFFFFFFFF52
:206E6000FFFFFFFFFFFFFFFFFFFFFFFFFFFFFFFFFFFFFFFFFFFFFFFFFFFFFFFFFFFFFFFF32
:206E8000FFFFFFFFFFFFFFFFFFFFFFFFFFFFFFFFFFFFFFFFFFFFFFFFFFFFFFFFFFFFFFFF12
:206EA000FFFFFFFFFFFFFFFFFFFFFFFFFFFFFFFFFFFFFFFFFFFFFFFFFFFFFFFFFFFFFFFFF2
:206EC000FFFFFFFFFFFFFFFFFFFFFFFFFFFFFFFFFFFFFFFFFFFFFFFFFFFFFFFFFFFFFFFFD2
:206EE000FFFFFFFFFFFFFFFFFFFFFFFFFFFFFFFFFFFFFFFFFFFFFFFFFFFFFFFFFFFFFFFFB2
:206F0000FFFFFFFFFFFFFFFFFFFFFFFFFFFFFFFFFFFFFFFFFFFFFFFFFFFFFFFFFFFFFFFF91
:206F2000FFFFFFFFFFFFFFFFFFFFFFFFFFFFFFFFFFFFFFFFFFFFFFFFFFFFFFFFFFFFFFFF71
:206F4000FFFFFFFFFFFFFFFFFFFFFFFFFFFFFFFFFFFFFFFFFFFFFFFFFFFFFFFFFFFFFFFF51
:206F6000FFFFFFFFFFFFFFFFFFFFFFFFFFFFFFFFFFFFFFFFFFFFFFFFFFFFFFFFFFFFFFFF31
:206F8000FFFFFFFFFFFFFFFFFFFFFFFFFFFFFFFFFFFFFFFFFFFFFFFFFFFFFFFFFFFFFFFF11
:206FA000FFFFFFFFFFFFFFFFFFFFFFFFFFFFFFFFFFFFFFFFFFFFFFFFFFFFFFFFFFFFFFFFF1
:206FC000FFFFFFFFFFFFFFFFFFFFFFFFFFFFFFFFFFFFFFFFFFFFFFFFFFFFFFFFFFFFFFFFD1
:206FE000FFFFFFFFFFFFFFFFFFFFFFFFFFFFFFFFFFFFFFFFFFFFFFFFFFFFFFFFFFFFFFFFB1
:20700000FFFFFFFFFFFFFFFFFFFFFFFFFFFFFFFFFFFFFFFFFFFFFFFFFFFFFFFFFFFFFFFF90
:20702000FFFFFFFFFFFFFFFFFFFFFFFFFFFFFFFFFFFFFFFFFFFFFFFFFFFFFFFFFFFFFFFF70
:20704000FFFFFFFFFFFFFFFFFFFFFFFFFFFFFFFFFFFFFFFFFFFFFFFFFFFFFFFFFFFFFFFF50
:20706000FFFFFFFFFFFFFFFFFFFFFFFFFFFFFFFFFFFFFFFFFFFFFFFFFFFFFFFFFFFFFFFF30
:20708000FFFFFFFFFFFFFFFFFFFFFFFFFFFFFFFFFFFFFFFFFFFFFFFFFFFFFFFFFFFFFFFF10
:2070A000FFFFFFFFFFFFFFFFFFFFFFFFFFFFFFFFFFFFFFFFFFFFFFFFFFFFFFFFFFFFFFFFF0
:2070C000FFFFFFFFFFFFFFFFFFFFFFFFFFFFFFFFFFFFFFFFFFFFFFFFFFFFFFFFFFFFFFFFD0
:2070E000FFFFFFFFFFFFFFFFFFFFFFFFFFFFFFFFFFFFFFFFFFFFFFFFFFFFFFFFFFFFFFFFB0
:20710000FFFFFFFFFFFFFFFFFFFFFFFFFFFFFFFFFFFFFFFFFFFFFFFFFFFFFFFFFFFFFFFF8F
:20712000FFFFFFFFFFFFFFFFFFFFFFFFFFFFFFFFFFFFFFFFFFFFFFFFFFFFFFFFFFFFFFFF6F
:20714000FFFFFFFFFFFFFFFFFFFFFFFFFFFFFFFFFFFFFFFFFFFFFFFFFFFFFFFFFFFFFFFF4F
:20716000FFFFFFFFFFFFFFFFFFFFFFFFFFFFFFFFFFFFFFFFFFFFFFFFFFFFFFFFFFFFFFFF2F
:20718000FFFFFFFFFFFFFFFFFFFFFFFFFFFFFFFFFFFFFFFFFFFFFFFFFFFFFFFFFFFFFFFF0F
:2071A000FFFFFFFFFFFFFFFFFFFFFFFFFFFFFFFFFFFFFFFFFFFFFFFFFFFFFFFFFFFFFFFFEF
:2071C000FFFFFFFFFFFFFFFFFFFFFFFFFFFFFFFFFFFFFFFFFFFFFFFFFFFFFFFFFFFFFFFFCF
:2071E000FFFFFFFFFFFFFFFFFFFFFFFFFFFFFFFFFFFFFFFFFFFFFFFFFFFFFFFFFFFFFFFFAF
:20720000FFFFFFFFFFFFFFFFFFFFFFFFFFFFFFFFFFFFFFFFFFFFFFFFFFFFFFFFFFFFFFFF8E
:20722000FFFFFFFFFFFFFFFFFFFFFFFFFFFFFFFFFFFFFFFFFFFFFFFFFFFFFFFFFFFFFFFF6E
:20724000FFFFFFFFFFFFFFFFFFFFFFFFFFFFFFFFFFFFFFFFFFFFFFFFFFFFFFFFFFFFFFFF4E
:20726000FFFFFFFFFFFFFFFFFFFFFFFFFFFFFFFFFFFFFFFFFFFFFFFFFFFFFFFFFFFFFFFF2E
:20728000FFFFFFFFFFFFFFFFFFFFFFFFFFFFFFFFFFFFFFFFFFFFFFFFFFFFFFFFFFFFFFFF0E
:2072A000FFFFFFFFFFFFFFFFFFFFFFFFFFFFFFFFFFFFFFFFFFFFFFFFFFFFFFFFFFFFFFFFEE
:2072C000FFFFFFFFFFFFFFFFFFFFFFFFFFFFFFFFFFFFFFFFFFFFFFFFFFFFFFFFFFFFFFFFCE
:2072E000FFFFFFFFFFFFFFFFFFFFFFFFFFFFFFFFFFFFFFFFFFFFFFFFFFFFFFFFFFFFFFFFAE
:20730000FFFFFFFFFFFFFFFFFFFFFFFFFFFFFFFFFFFFFFFFFFFFFFFFFFFFFFFFFFFFFFFF8D
:20732000FFFFFFFFFFFFFFFFFFFFFFFFFFFFFFFFFFFFFFFFFFFFFFFFFFFFFFFFFFFFFFFF6D
:20734000FFFFFFFFFFFFFFFFFFFFFFFFFFFFFFFFFFFFFFFFFFFFFFFFFFFFFFFFFFFFFFFF4D
:20736000FFFFFFFFFFFFFFFFFFFFFFFFFFFFFFFFFFFFFFFFFFFFFFFFFFFFFFFFFFFFFFFF2D
:20738000FFFFFFFFFFFFFFFFFFFFFFFFFFFFFFFFFFFFFFFFFFFFFFFFFFFFFFFFFFFFFFFF0D
:2073A000FFFFFFFFFFFFFFFFFFFFFFFFFFFFFFFFFFFFFFFFFFFFFFFFFFFFFFFFFFFFFFFFED
:2073C000FFFFFFFFFFFFFFFFFFFFFFFFFFFFFFFFFFFFFFFFFFFFFFFFFFFFFFFFFFFFFFFFCD
:2073E000FFFFFFFFFFFFFFFFFFFFFFFFFFFFFFFFFFFFFFFFFFFFFFFFFFFFFFFFFFFFFFFFAD
:20740000FFFFFFFFFFFFFFFFFFFFFFFFFFFFFFFFFFFFFFFFFFFFFFFFFFFFFFFFFFFFFFFF8C
:20742000FFFFFFFFFFFFFFFFFFFFFFFFFFFFFFFFFFFFFFFFFFFFFFFFFFFFFFFFFFFFFFFF6C
:20744000FFFFFFFFFFFFFFFFFFFFFFFFFFFFFFFFFFFFFFFFFFFFFFFFFFFFFFFFFFFFFFFF4C
:20746000FFFFFFFFFFFFFFFFFFFFFFFFFFFFFFFFFFFFFFFFFFFFFFFFFFFFFFFFFFFFFFFF2C
:20748000FFFFFFFFFFFFFFFFFFFFFFFFFFFFFFFFFFFFFFFFFFFFFFFFFFFFFFFFFFFFFFFF0C
:2074A000FFFFFFFFFFFFFFFFFFFFFFFFFFFFFFFFFFFFFFFFFFFFFFFFFFFFFFFFFFFFFFFFEC
:2074C000FFFFFFFFFFFFFFFFFFFFFFFFFFFFFFFFFFFFFFFFFFFFFFFFFFFFFFFFFFFFFFFFCC
:2074E000FFFFFFFFFFFFFFFFFFFFFFFFFFFFFFFFFFFFFFFFFFFFFFFFFFFFFFFFFFFFFFFFAC
:20750000FFFFFFFFFFFFFFFFFFFFFFFFFFFFFFFFFFFFFFFFFFFFFFFFFFFFFFFFFFFFFFFF8B
:20752000FFFFFFFFFFFFFFFFFFFFFFFFFFFFFFFFFFFFFFFFFFFFFFFFFFFFFFFFFFFFFFFF6B
:20754000FFFFFFFFFFFFFFFFFFFFFFFFFFFFFFFFFFFFFFFFFFFFFFFFFFFFFFFFFFFFFFFF4B
:20756000FFFFFFFFFFFFFFFFFFFFFFFFFFFFFFFFFFFFFFFFFFFFFFFFFFFFFFFFFFFFFFFF2B
:20758000FFFFFFFFFFFFFFFFFFFFFFFFFFFFFFFFFFFFFFFFFFFFFFFFFFFFFFFFFFFFFFFF0B
:2075A000FFFFFFFFFFFFFFFFFFFFFFFFFFFFFFFFFFFFFFFFFFFFFFFFFFFFFFFFFFFFFFFFEB
:2075C000FFFFFFFFFFFFFFFFFFFFFFFFFFFFFFFFFFFFFFFFFFFFFFFFFFFFFFFFFFFFFFFFCB
:2075E000FFFFFFFFFFFFFFFFFFFFFFFFFFFFFFFFFFFFFFFFFFFFFFFFFFFFFFFFFFFFFFFFAB
:20760000FFFFFFFFFFFFFFFFFFFFFFFFFFFFFFFFFFFFFFFFFFFFFFFFFFFFFFFFFFFFFFFF8A
:20762000FFFFFFFFFFFFFFFFFFFFFFFFFFFFFFFFFFFFFFFFFFFFFFFFFFFFFFFFFFFFFFFF6A
:20764000FFFFFFFFFFFFFFFFFFFFFFFFFFFFFFFFFFFFFFFFFFFFFFFFFFFFFFFFFFFFFFFF4A
:20766000FFFFFFFFFFFFFFFFFFFFFFFFFFFFFFFFFFFFFFFFFFFFFFFFFFFFFFFFFFFFFFFF2A
:20768000FFFFFFFFFFFFFFFFFFFFFFFFFFFFFFFFFFFFFFFFFFFFFFFFFFFFFFFFFFFFFFFF0A
:2076A000FFFFFFFFFFFFFFFFFFFFFFFFFFFFFFFFFFFFFFFFFFFFFFFFFFFFFFFFFFFFFFFFEA
:2076C000FFFFFFFFFFFFFFFFFFFFFFFFFFFFFFFFFFFFFFFFFFFFFFFFFFFFFFFFFFFFFFFFCA
:2076E000FFFFFFFFFFFFFFFFFFFFFFFFFFFFFFFFFFFFFFFFFFFFFFFFFFFFFFFFFFFFFFFFAA
:20770000FFFFFFFFFFFFFFFFFFFFFFFFFFFFFFFFFFFFFFFFFFFFFFFFFFFFFFFFFFFFFFFF89
:20772000FFFFFFFFFFFFFFFFFFFFFFFFFFFFFFFFFFFFFFFFFFFFFFFFFFFFFFFFFFFFFFFF69
:20774000FFFFFFFFFFFFFFFFFFFFFFFFFFFFFFFFFFFFFFFFFFFFFFFFFFFFFFFFFFFFFFFF49
:20776000FFFFFFFFFFFFFFFFFFFFFFFFFFFFFFFFFFFFFFFFFFFFFFFFFFFFFFFFFFFFFFFF29
:20778000FFFFFFFFFFFFFFFFFFFFFFFFFFFFFFFFFFFFFFFFFFFFFFFFFFFFFFFFFFFFFFFF09
:2077A000FFFFFFFFFFFFFFFFFFFFFFFFFFFFFFFFFFFFFFFFFFFFFFFFFFFFFFFFFFFFFFFFE9
:2077C000FFFFFFFFFFFFFFFFFFFFFFFFFFFFFFFFFFFFFFFFFFFFFFFFFFFFFFFFFFFFFFFFC9
:2077E000FFFFFFFFFFFFFFFFFFFFFFFFFFFFFFFFFFFFFFFFFFFFFFFFFFFFFFFFFFFFFFFFA9
:20780000FFFFFFFFFFFFFFFFFFFFFFFFFFFFFFFFFFFFFFFFFFFFFFFFFFFFFFFFFFFFFFFF88
:20782000FFFFFFFFFFFFFFFFFFFFFFFFFFFFFFFFFFFFFFFFFFFFFFFFFFFFFFFFFFFFFFFF68
:20784000FFFFFFFFFFFFFFFFFFFFFFFFFFFFFFFFFFFFFFFFFFFFFFFFFFFFFFFFFFFFFFFF48
:20786000FFFFFFFFFFFFFFFFFFFFFFFFFFFFFFFFFFFFFFFFFFFFFFFFFFFFFFFFFFFFFFFF28
:20788000FFFFFFFFFFFFFFFFFFFFFFFFFFFFFFFFFFFFFFFFFFFFFFFFFFFFFFFFFFFFFFFF08
:2078A000FFFFFFFFFFFFFFFFFFFFFFFFFFFFFFFFFFFFFFFFFFFFFFFFFFFFFFFFFFFFFFFFE8
:2078C000FFFFFFFFFFFFFFFFFFFFFFFFFFFFFFFFFFFFFFFFFFFFFFFFFFFFFFFFFFFFFFFFC8
:2078E000FFFFFFFFFFFFFFFFFFFFFFFFFFFFFFFFFFFFFFFFFFFFFFFFFFFFFFFFFFFFFFFFA8
:20790000FFFFFFFFFFFFFFFFFFFFFFFFFFFFFFFFFFFFFFFFFFFFFFFFFFFFFFFFFFFFFFFF87
:20792000FFFFFFFFFFFFFFFFFFFFFFFFFFFFFFFFFFFFFFFFFFFFFFFFFFFFFFFFFFFFFFFF67
:20794000FFFFFFFFFFFFFFFFFFFFFFFFFFFFFFFFFFFFFFFFFFFFFFFFFFFFFFFFFFFFFFFF47
:20796000FFFFFFFFFFFFFFFFFFFFFFFFFFFFFFFFFFFFFFFFFFFFFFFFFFFFFFFFFFFFFFFF27
:20798000FFFFFFFFFFFFFFFFFFFFFFFFFFFFFFFFFFFFFFFFFFFFFFFFFFFFFFFFFFFFFFFF07
:2079A000FFFFFFFFFFFFFFFFFFFFFFFFFFFFFFFFFFFFFFFFFFFFFFFFFFFFFFFFFFFFFFFFE7
:2079C000FFFFFFFFFFFFFFFFFFFFFFFFFFFFFFFFFFFFFFFFFFFFFFFFFFFFFFFFFFFFFFFFC7
:2079E000FFFFFFFFFFFFFFFFFFFFFFFFFFFFFFFFFFFFFFFFFFFFFFFFFFFFFFFFFFFFFFFFA7
:207A0000FFFFFFFFFFFFFFFFFFFFFFFFFFFFFFFFFFFFFFFFFFFFFFFFFFFFFFFFFFFFFFFF86
:207A2000FFFFFFFFFFFFFFFFFFFFFFFFFFFFFFFFFFFFFFFFFFFFFFFFFFFFFFFFFFFFFFFF66
:207A4000FFFFFFFFFFFFFFFFFFFFFFFFFFFFFFFFFFFFFFFFFFFFFFFFFFFFFFFFFFFFFFFF46
:207A6000FFFFFFFFFFFFFFFFFFFFFFFFFFFFFFFFFFFFFFFFFFFFFFFFFFFFFFFFFFFFFFFF26
:207A8000FFFFFFFFFFFFFFFFFFFFFFFFFFFFFFFFFFFFFFFFFFFFFFFFFFFFFFFFFFFFFFFF06
:207AA000FFFFFFFFFFFFFFFFFFFFFFFFFFFFFFFFFFFFFFFFFFFFFFFFFFFFFFFFFFFFFFFFE6
:207AC000FFFFFFFFFFFFFFFFFFFFFFFFFFFFFFFFFFFFFFFFFFFFFFFFFFFFFFFFFFFFFFFFC6
:207AE000FFFFFFFFFFFFFFFFFFFFFFFFFFFFFFFFFFFFFFFFFFFFFFFFFFFFFFFFFFFFFFFFA6
:207B0000FFFFFFFFFFFFFFFFFFFFFFFFFFFFFFFFFFFFFFFFFFFFFFFFFFFFFFFFFFFFFFFF85
:207B2000FFFFFFFFFFFFFFFFFFFFFFFFFFFFFFFFFFFFFFFFFFFFFFFFFFFFFFFFFFFFFFFF65
:207B4000FFFFFFFFFFFFFFFFFFFFFFFFFFFFFFFFFFFFFFFFFFFFFFFFFFFFFFFFFFFFFFFF45
:207B6000FFFFFFFFFFFFFFFFFFFFFFFFFFFFFFFFFFFFFFFFFFFFFFFFFFFFFFFFFFFFFFFF25
:207B8000FFFFFFFFFFFFFFFFFFFFFFFFFFFFFFFFFFFFFFFFFFFFFFFFFFFFFFFFFFFFFFFF05
:207BA000FFFFFFFFFFFFFFFFFFFFFFFFFFFFFFFFFFFFFFFFFFFFFFFFFFFFFFFFFFFFFFFFE5
:207BC000FFFFFFFFFFFFFFFFFFFFFFFFFFFFFFFFFFFFFFFFFFFFFFFFFFFFFFFFFFFFFFFFC5
:207BE000FFFFFFFFFFFFFFFFFFFFFFFFFFFFFFFFFFFFFFFFFFFFFFFFFFFFFFFFFFFFFFFFA5
:207C0000FFFFFFFFFFFFFFFFFFFFFFFFFFFFFFFFFFFFFFFFFFFFFFFFFFFFFFFFFFFFFFFF84
:207C2000FFFFFFFFFFFFFFFFFFFFFFFFFFFFFFFFFFFFFFFFFFFFFFFFFFFFFFFFFFFFFFFF64
:207C4000FFFFFFFFFFFFFFFFFFFFFFFFFFFFFFFFFFFFFFFFFFFFFFFFFFFFFFFFFFFFFFFF44
:207C6000FFFFFFFFFFFFFFFFFFFFFFFFFFFFFFFFFFFFFFFFFFFFFFFFFFFFFFFFFFFFFFFF24
:207C8000FFFFFFFFFFFFFFFFFFFFFFFFFFFFFFFFFFFFFFFFFFFFFFFFFFFFFFFFFFFFFFFF04
:207CA000FFFFFFFFFFFFFFFFFFFFFFFFFFFFFFFFFFFFFFFFFFFFFFFFFFFFFFFFFFFFFFFFE4
:207CC000FFFFFFFFFFFFFFFFFFFFFFFFFFFFFFFFFFFFFFFFFFFFFFFFFFFFFFFFFFFFFFFFC4
:207CE000FFFFFFFFFFFFFFFFFFFFFFFFFFFFFFFFFFFFFFFFFFFFFFFFFFFFFFFFFFFFFFFFA4
:207D0000FFFFFFFFFFFFFFFFFFFFFFFFFFFFFFFFFFFFFFFFFFFFFFFFFFFFFFFFFFFFFFFF83
:207D2000FFFFFFFFFFFFFFFFFFFFFFFFFFFFFFFFFFFFFFFFFFFFFFFFFFFFFFFFFFFFFFFF63
:207D4000FFFFFFFFFFFFFFFFFFFFFFFFFFFFFFFFFFFFFFFFFFFFFFFFFFFFFFFFFFFFFFFF43
:207D6000FFFFFFFFFFFFFFFFFFFFFFFFFFFFFFFFFFFFFFFFFFFFFFFFFFFFFFFFFFFFFFFF23
:207D8000FFFFFFFFFFFFFFFFFFFFFFFFFFFFFFFFFFFFFFFFFFFFFFFFFFFFFFFFFFFFFFFF03
:207DA000FFFFFFFFFFFFFFFFFFFFFFFFFFFFFFFFFFFFFFFFFFFFFFFFFFFFFFFFFFFFFFFFE3
:207DC000FFFFFFFFFFFFFFFFFFFFFFFFFFFFFFFFFFFFFFFFFFFFFFFFFFFFFFFFFFFFFFFFC3
:207DE000FFFFFFFFFFFFFFFFFFFFFFFFFFFFFFFFFFFFFFFFFFFFFFFFFFFFFFFFFFFFFFFFA3
:207E0000FFFFFFFFFFFFFFFFFFFFFFFFFFFFFFFFFFFFFFFFFFFFFFFFFFFFFFFFFFFFFFFF82
:207E2000FFFFFFFFFFFFFFFFFFFFFFFFFFFFFFFFFFFFFFFFFFFFFFFFFFFFFFFFFFFFFFFF62
:207E4000FFFFFFFFFFFFFFFFFFFFFFFFFFFFFFFFFFFFFFFFFFFFFFFFFFFFFFFFFFFFFFFF42
:207E6000FFFFFFFFFFFFFFFFFFFFFFFFFFFFFFFFFFFFFFFFFFFFFFFFFFFFFFFFFFFFFFFF22
:207E8000FFFFFFFFFFFFFFFFFFFFFFFFFFFFFFFFFFFFFFFFFFFFFFFFFFFFFFFFFFFFFFFF02
:207EA000FFFFFFFFFFFFFFFFFFFFFFFFFFFFFFFFFFFFFFFFFFFFFFFFFFFFFFFFFFFFFFFFE2
:207EC000FFFFFFFFFFFFFFFFFFFFFFFFFFFFFFFFFFFFFFFFFFFFFFFFFFFFFFFFFFFFFFFFC2
:207EE000FFFFFFFFFFFFFFFFFFFFFFFFFFFFFFFFFFFFFFFFFFFFFFFFFFFFFFFFFFFFFFFFA2
:207F0000FFFFFFFFFFFFFFFFFFFFFFFFFFFFFFFFFFFFFFFFFFFFFFFFFFFFFFFFFFFFFFFF81
:207F2000FFFFFFFFFFFFFFFFFFFFFFFFFFFFFFFFFFFFFFFFFFFFFFFFFFFFFFFFFFFFFFFF61
:207F4000FFFFFFFFFFFFFFFFFFFFFFFFFFFFFFFFFFFFFFFFFFFFFFFFFFFFFFFFFFFFFFFF41
:207F6000FFFFFFFFFFFFFFFFFFFFFFFFFFFFFFFFFFFFFFFFFFFFFFFFFFFFFFFFFFFFFFFF21
:207F8000FFFFFFFFFFFFFFFFFFFFFFFFFFFFFFFFFFFFFFFFFFFFFFFFFFFFFFFFFFFFFFFF01
:207FA000FFFFFFFFFFFFFFFFFFFFFFFFFFFFFFFFFFFFFFFFFFFFFFFFFFFFFFFFFFFFFFFFE1
:207FC000FFFFFFFFFFFFFFFFFFFFFFFFFFFFFFFFFFFFFFFFFFFFFFFFFFFFFFFFFFFFFFFFC1
:207FE000FFFFFFFFFFFFFFFFFFFFFFFFFFFFFFFFFFFFFFFFFFFFFFFFFFFFFFFFFFFFFFFFA1
:20800000FFFFFFFFFFFFFFFFFFFFFFFFFFFFFFFFFFFFFFFFFFFFFFFFFFFFFFFFFFFFFFFF80
:20802000FFFFFFFFFFFFFFFFFFFFFFFFFFFFFFFFFFFFFFFFFFFFFFFFFFFFFFFFFFFFFFFF60
:20804000FFFFFFFFFFFFFFFFFFFFFFFFFFFFFFFFFFFFFFFFFFFFFFFFFFFFFFFFFFFFFFFF40
:20806000FFFFFFFFFFFFFFFFFFFFFFFFFFFFFFFFFFFFFFFFFFFFFFFFFFFFFFFFFFFFFFFF20
:20808000FFFFFFFFFFFFFFFFFFFFFFFFFFFFFFFFFFFFFFFFFFFFFFFFFFFFFFFFFFFFFFFF00
:2080A000FFFFFFFFFFFFFFFFFFFFFFFFFFFFFFFFFFFFFFFFFFFFFFFFFFFFFFFFFFFFFFFFE0
:2080C000FFFFFFFFFFFFFFFFFFFFFFFFFFFFFFFFFFFFFFFFFFFFFFFFFFFFFFFFFFFFFFFFC0
:2080E000FFFFFFFFFFFFFFFFFFFFFFFFFFFFFFFFFFFFFFFFFFFFFFFFFFFFFFFFFFFFFFFFA0
:20810000FFFFFFFFFFFFFFFFFFFFFFFFFFFFFFFFFFFFFFFFFFFFFFFFFFFFFFFFFFFFFFFF7F
:20812000FFFFFFFFFFFFFFFFFFFFFFFFFFFFFFFFFFFFFFFFFFFFFFFFFFFFFFFFFFFFFFFF5F
:20814000FFFFFFFFFFFFFFFFFFFFFFFFFFFFFFFFFFFFFFFFFFFFFFFFFFFFFFFFFFFFFFFF3F
:20816000FFFFFFFFFFFFFFFFFFFFFFFFFFFFFFFFFFFFFFFFFFFFFFFFFFFFFFFFFFFFFFFF1F
:20818000FFFFFFFFFFFFFFFFFFFFFFFFFFFFFFFFFFFFFFFFFFFFFFFFFFFFFFFFFFFFFFFFFF
:2081A000FFFFFFFFFFFFFFFFFFFFFFFFFFFFFFFFFFFFFFFFFFFFFFFFFFFFFFFFFFFFFFFFDF
:2081C000FFFFFFFFFFFFFFFFFFFFFFFFFFFFFFFFFFFFFFFFFFFFFFFFFFFFFFFFFFFFFFFFBF
:2081E000FFFFFFFFFFFFFFFFFFFFFFFFFFFFFFFFFFFFFFFFFFFFFFFFFFFFFFFFFFFFFFFF9F
:20820000FFFFFFFFFFFFFFFFFFFFFFFFFFFFFFFFFFFFFFFFFFFFFFFFFFFFFFFFFFFFFFFF7E
:20822000FFFFFFFFFFFFFFFFFFFFFFFFFFFFFFFFFFFFFFFFFFFFFFFFFFFFFFFFFFFFFFFF5E
:20824000FFFFFFFFFFFFFFFFFFFFFFFFFFFFFFFFFFFFFFFFFFFFFFFFFFFFFFFFFFFFFFFF3E
:20826000FFFFFFFFFFFFFFFFFFFFFFFFFFFFFFFFFFFFFFFFFFFFFFFFFFFFFFFFFFFFFFFF1E
:20828000FFFFFFFFFFFFFFFFFFFFFFFFFFFFFFFFFFFFFFFFFFFFFFFFFFFFFFFFFFFFFFFFFE
:2082A000FFFFFFFFFFFFFFFFFFFFFFFFFFFFFFFFFFFFFFFFFFFFFFFFFFFFFFFFFFFFFFFFDE
:2082C000FFFFFFFFFFFFFFFFFFFFFFFFFFFFFFFFFFFFFFFFFFFFFFFFFFFFFFFFFFFFFFFFBE
:2082E000FFFFFFFFFFFFFFFFFFFFFFFFFFFFFFFFFFFFFFFFFFFFFFFFFFFFFFFFFFFFFFFF9E
:20830000FFFFFFFFFFFFFFFFFFFFFFFFFFFFFFFFFFFFFFFFFFFFFFFFFFFFFFFFFFFFFFFF7D
:20832000FFFFFFFFFFFFFFFFFFFFFFFFFFFFFFFFFFFFFFFFFFFFFFFFFFFFFFFFFFFFFFFF5D
:20834000FFFFFFFFFFFFFFFFFFFFFFFFFFFFFFFFFFFFFFFFFFFFFFFFFFFFFFFFFFFFFFFF3D
:20836000FFFFFFFFFFFFFFFFFFFFFFFFFFFFFFFFFFFFFFFFFFFFFFFFFFFFFFFFFFFFFFFF1D
:20838000FFFFFFFFFFFFFFFFFFFFFFFFFFFFFFFFFFFFFFFFFFFFFFFFFFFFFFFFFFFFFFFFFD
:2083A000FFFFFFFFFFFFFFFFFFFFFFFFFFFFFFFFFFFFFFFFFFFFFFFFFFFFFFFFFFFFFFFFDD
:2083C000FFFFFFFFFFFFFFFFFFFFFFFFFFFFFFFFFFFFFFFFFFFFFFFFFFFFFFFFFFFFFFFFBD
:2083E000FFFFFFFFFFFFFFFFFFFFFFFFFFFFFFFFFFFFFFFFFFFFFFFFFFFFFFFFFFFFFFFF9D
:20840000FFFFFFFFFFFFFFFFFFFFFFFFFFFFFFFFFFFFFFFFFFFFFFFFFFFFFFFFFFFFFFFF7C
:20842000FFFFFFFFFFFFFFFFFFFFFFFFFFFFFFFFFFFFFFFFFFFFFFFFFFFFFFFFFFFFFFFF5C
:20844000FFFFFFFFFFFFFFFFFFFFFFFFFFFFFFFFFFFFFFFFFFFFFFFFFFFFFFFFFFFFFFFF3C
:20846000FFFFFFFFFFFFFFFFFFFFFFFFFFFFFFFFFFFFFFFFFFFFFFFFFFFFFFFFFFFFFFFF1C
:20848000FFFFFFFFFFFFFFFFFFFFFFFFFFFFFFFFFFFFFFFFFFFFFFFFFFFFFFFFFFFFFFFFFC
:2084A000FFFFFFFFFFFFFFFFFFFFFFFFFFFFFFFFFFFFFFFFFFFFFFFFFFFFFFFFFFFFFFFFDC
:2084C000FFFFFFFFFFFFFFFFFFFFFFFFFFFFFFFFFFFFFFFFFFFFFFFFFFFFFFFFFFFFFFFFBC
:2084E000FFFFFFFFFFFFFFFFFFFFFFFFFFFFFFFFFFFFFFFFFFFFFFFFFFFFFFFFFFFFFFFF9C
:20850000FFFFFFFFFFFFFFFFFFFFFFFFFFFFFFFFFFFFFFFFFFFFFFFFFFFFFFFFFFFFFFFF7B
:20852000FFFFFFFFFFFFFFFFFFFFFFFFFFFFFFFFFFFFFFFFFFFFFFFFFFFFFFFFFFFFFFFF5B
:20854000FFFFFFFFFFFFFFFFFFFFFFFFFFFFFFFFFFFFFFFFFFFFFFFFFFFFFFFFFFFFFFFF3B
:20856000FFFFFFFFFFFFFFFFFFFFFFFFFFFFFFFFFFFFFFFFFFFFFFFFFFFFFFFFFFFFFFFF1B
:20858000FFFFFFFFFFFFFFFFFFFFFFFFFFFFFFFFFFFFFFFFFFFFFFFFFFFFFFFFFFFFFFFFFB
:2085A000FFFFFFFFFFFFFFFFFFFFFFFFFFFFFFFFFFFFFFFFFFFFFFFFFFFFFFFFFFFFFFFFDB
:2085C000FFFFFFFFFFFFFFFFFFFFFFFFFFFFFFFFFFFFFFFFFFFFFFFFFFFFFFFFFFFFFFFFBB
:2085E000FFFFFFFFFFFFFFFFFFFFFFFFFFFFFFFFFFFFFFFFFFFFFFFFFFFFFFFFFFFFFFFF9B
:20860000FFFFFFFFFFFFFFFFFFFFFFFFFFFFFFFFFFFFFFFFFFFFFFFFFFFFFFFFFFFFFFFF7A
:20862000FFFFFFFFFFFFFFFFFFFFFFFFFFFFFFFFFFFFFFFFFFFFFFFFFFFFFFFFFFFFFFFF5A
:20864000FFFFFFFFFFFFFFFFFFFFFFFFFFFFFFFFFFFFFFFFFFFFFFFFFFFFFFFFFFFFFFFF3A
:20866000FFFFFFFFFFFFFFFFFFFFFFFFFFFFFFFFFFFFFFFFFFFFFFFFFFFFFFFFFFFFFFFF1A
:20868000FFFFFFFFFFFFFFFFFFFFFFFFFFFFFFFFFFFFFFFFFFFFFFFFFFFFFFFFFFFFFFFFFA
:2086A000FFFFFFFFFFFFFFFFFFFFFFFFFFFFFFFFFFFFFFFFFFFFFFFFFFFFFFFFFFFFFFFFDA
:2086C000FFFFFFFFFFFFFFFFFFFFFFFFFFFFFFFFFFFFFFFFFFFFFFFFFFFFFFFFFFFFFFFFBA
:2086E000FFFFFFFFFFFFFFFFFFFFFFFFFFFFFFFFFFFFFFFFFFFFFFFFFFFFFFFFFFFFFFFF9A
:20870000FFFFFFFFFFFFFFFFFFFFFFFFFFFFFFFFFFFFFFFFFFFFFFFFFFFFFFFFFFFFFFFF79
:20872000FFFFFFFFFFFFFFFFFFFFFFFFFFFFFFFFFFFFFFFFFFFFFFFFFFFFFFFFFFFFFFFF59
:20874000FFFFFFFFFFFFFFFFFFFFFFFFFFFFFFFFFFFFFFFFFFFFFFFFFFFFFFFFFFFFFFFF39
:20876000FFFFFFFFFFFFFFFFFFFFFFFFFFFFFFFFFFFFFFFFFFFFFFFFFFFFFFFFFFFFFFFF19
:20878000FFFFFFFFFFFFFFFFFFFFFFFFFFFFFFFFFFFFFFFFFFFFFFFFFFFFFFFFFFFFFFFFF9
:2087A000FFFFFFFFFFFFFFFFFFFFFFFFFFFFFFFFFFFFFFFFFFFFFFFFFFFFFFFFFFFFFFFFD9
:2087C000FFFFFFFFFFFFFFFFFFFFFFFFFFFFFFFFFFFFFFFFFFFFFFFFFFFFFFFFFFFFFFFFB9
:2087E000FFFFFFFFFFFFFFFFFFFFFFFFFFFFFFFFFFFFFFFFFFFFFFFFFFFFFFFFFFFFFFFF99
:20880000FFFFFFFFFFFFFFFFFFFFFFFFFFFFFFFFFFFFFFFFFFFFFFFFFFFFFFFFFFFFFFFF78
:20882000FFFFFFFFFFFFFFFFFFFFFFFFFFFFFFFFFFFFFFFFFFFFFFFFFFFFFFFFFFFFFFFF58
:20884000FFFFFFFFFFFFFFFFFFFFFFFFFFFFFFFFFFFFFFFFFFFFFFFFFFFFFFFFFFFFFFFF38
:20886000FFFFFFFFFFFFFFFFFFFFFFFFFFFFFFFFFFFFFFFFFFFFFFFFFFFFFFFFFFFFFFFF18
:20888000FFFFFFFFFFFFFFFFFFFFFFFFFFFFFFFFFFFFFFFFFFFFFFFFFFFFFFFFFFFFFFFFF8
:2088A000FFFFFFFFFFFFFFFFFFFFFFFFFFFFFFFFFFFFFFFFFFFFFFFFFFFFFFFFFFFFFFFFD8
:2088C000FFFFFFFFFFFFFFFFFFFFFFFFFFFFFFFFFFFFFFFFFFFFFFFFFFFFFFFFFFFFFFFFB8
:2088E000FFFFFFFFFFFFFFFFFFFFFFFFFFFFFFFFFFFFFFFFFFFFFFFFFFFFFFFFFFFFFFFF98
:20890000FFFFFFFFFFFFFFFFFFFFFFFFFFFFFFFFFFFFFFFFFFFFFFFFFFFFFFFFFFFFFFFF77
:20892000FFFFFFFFFFFFFFFFFFFFFFFFFFFFFFFFFFFFFFFFFFFFFFFFFFFFFFFFFFFFFFFF57
:20894000FFFFFFFFFFFFFFFFFFFFFFFFFFFFFFFFFFFFFFFFFFFFFFFFFFFFFFFFFFFFFFFF37
:20896000FFFFFFFFFFFFFFFFFFFFFFFFFFFFFFFFFFFFFFFFFFFFFFFFFFFFFFFFFFFFFFFF17
:20898000FFFFFFFFFFFFFFFFFFFFFFFFFFFFFFFFFFFFFFFFFFFFFFFFFFFFFFFFFFFFFFFFF7
:2089A000FFFFFFFFFFFFFFFFFFFFFFFFFFFFFFFFFFFFFFFFFFFFFFFFFFFFFFFFFFFFFFFFD7
:2089C000FFFFFFFFFFFFFFFFFFFFFFFFFFFFFFFFFFFFFFFFFFFFFFFFFFFFFFFFFFFFFFFFB7
:2089E000FFFFFFFFFFFFFFFFFFFFFFFFFFFFFFFFFFFFFFFFFFFFFFFFFFFFFFFFFFFFFFFF97
:208A0000FFFFFFFFFFFFFFFFFFFFFFFFFFFFFFFFFFFFFFFFFFFFFFFFFFFFFFFFFFFFFFFF76
:208A2000FFFFFFFFFFFFFFFFFFFFFFFFFFFFFFFFFFFFFFFFFFFFFFFFFFFFFFFFFFFFFFFF56
:208A4000FFFFFFFFFFFFFFFFFFFFFFFFFFFFFFFFFFFFFFFFFFFFFFFFFFFFFFFFFFFFFFFF36
:208A6000FFFFFFFFFFFFFFFFFFFFFFFFFFFFFFFFFFFFFFFFFFFFFFFFFFFFFFFFFFFFFFFF16
:208A8000FFFFFFFFFFFFFFFFFFFFFFFFFFFFFFFFFFFFFFFFFFFFFFFFFFFFFFFFFFFFFFFFF6
:208AA000FFFFFFFFFFFFFFFFFFFFFFFFFFFFFFFFFFFFFFFFFFFFFFFFFFFFFFFFFFFFFFFFD6
:208AC000FFFFFFFFFFFFFFFFFFFFFFFFFFFFFFFFFFFFFFFFFFFFFFFFFFFFFFFFFFFFFFFFB6
:208AE000FFFFFFFFFFFFFFFFFFFFFFFFFFFFFFFFFFFFFFFFFFFFFFFFFFFFFFFFFFFFFFFF96
:208B0000FFFFFFFFFFFFFFFFFFFFFFFFFFFFFFFFFFFFFFFFFFFFFFFFFFFFFFFFFFFFFFFF75
:208B2000FFFFFFFFFFFFFFFFFFFFFFFFFFFFFFFFFFFFFFFFFFFFFFFFFFFFFFFFFFFFFFFF55
:208B4000FFFFFFFFFFFFFFFFFFFFFFFFFFFFFFFFFFFFFFFFFFFFFFFFFFFFFFFFFFFFFFFF35
:208B6000FFFFFFFFFFFFFFFFFFFFFFFFFFFFFFFFFFFFFFFFFFFFFFFFFFFFFFFFFFFFFFFF15
:208B8000FFFFFFFFFFFFFFFFFFFFFFFFFFFFFFFFFFFFFFFFFFFFFFFFFFFFFFFFFFFFFFFFF5
:208BA000FFFFFFFFFFFFFFFFFFFFFFFFFFFFFFFFFFFFFFFFFFFFFFFFFFFFFFFFFFFFFFFFD5
:208BC000FFFFFFFFFFFFFFFFFFFFFFFFFFFFFFFFFFFFFFFFFFFFFFFFFFFFFFFFFFFFFFFFB5
:208BE000FFFFFFFFFFFFFFFFFFFFFFFFFFFFFFFFFFFFFFFFFFFFFFFFFFFFFFFFFFFFFFFF95
:208C0000FFFFFFFFFFFFFFFFFFFFFFFFFFFFFFFFFFFFFFFFFFFFFFFFFFFFFFFFFFFFFFFF74
:208C2000FFFFFFFFFFFFFFFFFFFFFFFFFFFFFFFFFFFFFFFFFFFFFFFFFFFFFFFFFFFFFFFF54
:208C4000FFFFFFFFFFFFFFFFFFFFFFFFFFFFFFFFFFFFFFFFFFFFFFFFFFFFFFFFFFFFFFFF34
:208C6000FFFFFFFFFFFFFFFFFFFFFFFFFFFFFFFFFFFFFFFFFFFFFFFFFFFFFFFFFFFFFFFF14
:208C8000FFFFFFFFFFFFFFFFFFFFFFFFFFFFFFFFFFFFFFFFFFFFFFFFFFFFFFFFFFFFFFFFF4
:208CA000FFFFFFFFFFFFFFFFFFFFFFFFFFFFFFFFFFFFFFFFFFFFFFFFFFFFFFFFFFFFFFFFD4
:208CC000FFFFFFFFFFFFFFFFFFFFFFFFFFFFFFFFFFFFFFFFFFFFFFFFFFFFFFFFFFFFFFFFB4
:208CE000FFFFFFFFFFFFFFFFFFFFFFFFFFFFFFFFFFFFFFFFFFFFFFFFFFFFFFFFFFFFFFFF94
:208D0000FFFFFFFFFFFFFFFFFFFFFFFFFFFFFFFFFFFFFFFFFFFFFFFFFFFFFFFFFFFFFFFF73
:208D2000FFFFFFFFFFFFFFFFFFFFFFFFFFFFFFFFFFFFFFFFFFFFFFFFFFFFFFFFFFFFFFFF53
:208D4000FFFFFFFFFFFFFFFFFFFFFFFFFFFFFFFFFFFFFFFFFFFFFFFFFFFFFFFFFFFFFFFF33
:208D6000FFFFFFFFFFFFFFFFFFFFFFFFFFFFFFFFFFFFFFFFFFFFFFFFFFFFFFFFFFFFFFFF13
:208D8000FFFFFFFFFFFFFFFFFFFFFFFFFFFFFFFFFFFFFFFFFFFFFFFFFFFFFFFFFFFFFFFFF3
:208DA000FFFFFFFFFFFFFFFFFFFFFFFFFFFFFFFFFFFFFFFFFFFFFFFFFFFFFFFFFFFFFFFFD3
:208DC000FFFFFFFFFFFFFFFFFFFFFFFFFFFFFFFFFFFFFFFFFFFFFFFFFFFFFFFFFFFFFFFFB3
:208DE000FFFFFFFFFFFFFFFFFFFFFFFFFFFFFFFFFFFFFFFFFFFFFFFFFFFFFFFFFFFFFFFF93
:208E0000FFFFFFFFFFFFFFFFFFFFFFFFFFFFFFFFFFFFFFFFFFFFFFFFFFFFFFFFFFFFFFFF72
:208E2000FFFFFFFFFFFFFFFFFFFFFFFFFFFFFFFFFFFFFFFFFFFFFFFFFFFFFFFFFFFFFFFF52
:208E4000FFFFFFFFFFFFFFFFFFFFFFFFFFFFFFFFFFFFFFFFFFFFFFFFFFFFFFFFFFFFFFFF32
:208E6000FFFFFFFFFFFFFFFFFFFFFFFFFFFFFFFFFFFFFFFFFFFFFFFFFFFFFFFFFFFFFFFF12
:208E8000FFFFFFFFFFFFFFFFFFFFFFFFFFFFFFFFFFFFFFFFFFFFFFFFFFFFFFFFFFFFFFFFF2
:208EA000FFFFFFFFFFFFFFFFFFFFFFFFFFFFFFFFFFFFFFFFFFFFFFFFFFFFFFFFFFFFFFFFD2
:208EC000FFFFFFFFFFFFFFFFFFFFFFFFFFFFFFFFFFFFFFFFFFFFFFFFFFFFFFFFFFFFFFFFB2
:208EE000FFFFFFFFFFFFFFFFFFFFFFFFFFFFFFFFFFFFFFFFFFFFFFFFFFFFFFFFFFFFFFFF92
:208F0000FFFFFFFFFFFFFFFFFFFFFFFFFFFFFFFFFFFFFFFFFFFFFFFFFFFFFFFFFFFFFFFF71
:208F2000FFFFFFFFFFFFFFFFFFFFFFFFFFFFFFFFFFFFFFFFFFFFFFFFFFFFFFFFFFFFFFFF51
:208F4000FFFFFFFFFFFFFFFFFFFFFFFFFFFFFFFFFFFFFFFFFFFFFFFFFFFFFFFFFFFFFFFF31
:208F6000FFFFFFFFFFFFFFFFFFFFFFFFFFFFFFFFFFFFFFFFFFFFFFFFFFFFFFFFFFFFFFFF11
:208F8000FFFFFFFFFFFFFFFFFFFFFFFFFFFFFFFFFFFFFFFFFFFFFFFFFFFFFFFFFFFFFFFFF1
:208FA000FFFFFFFFFFFFFFFFFFFFFFFFFFFFFFFFFFFFFFFFFFFFFFFFFFFFFFFFFFFFFFFFD1
:208FC000FFFFFFFFFFFFFFFFFFFFFFFFFFFFFFFFFFFFFFFFFFFFFFFFFFFFFFFFFFFFFFFFB1
:208FE000FFFFFFFFFFFFFFFFFFFFFFFFFFFFFFFFFFFFFFFFFFFFFFFFFFFFFFFFFFFFFFFF91
:20900000FFFFFFFFFFFFFFFFFFFFFFFFFFFFFFFFFFFFFFFFFFFFFFFFFFFFFFFFFFFFFFFF70
:20902000FFFFFFFFFFFFFFFFFFFFFFFFFFFFFFFFFFFFFFFFFFFFFFFFFFFFFFFFFFFFFFFF50
:20904000FFFFFFFFFFFFFFFFFFFFFFFFFFFFFFFFFFFFFFFFFFFFFFFFFFFFFFFFFFFFFFFF30
:20906000FFFFFFFFFFFFFFFFFFFFFFFFFFFFFFFFFFFFFFFFFFFFFFFFFFFFFFFFFFFFFFFF10
:20908000FFFFFFFFFFFFFFFFFFFFFFFFFFFFFFFFFFFFFFFFFFFFFFFFFFFFFFFFFFFFFFFFF0
:2090A000FFFFFFFFFFFFFFFFFFFFFFFFFFFFFFFFFFFFFFFFFFFFFFFFFFFFFFFFFFFFFFFFD0
:2090C000FFFFFFFFFFFFFFFFFFFFFFFFFFFFFFFFFFFFFFFFFFFFFFFFFFFFFFFFFFFFFFFFB0
:2090E000FFFFFFFFFFFFFFFFFFFFFFFFFFFFFFFFFFFFFFFFFFFFFFFFFFFFFFFFFFFFFFFF90
:20910000FFFFFFFFFFFFFFFFFFFFFFFFFFFFFFFFFFFFFFFFFFFFFFFFFFFFFFFFFFFFFFFF6F
:20912000FFFFFFFFFFFFFFFFFFFFFFFFFFFFFFFFFFFFFFFFFFFFFFFFFFFFFFFFFFFFFFFF4F
:20914000FFFFFFFFFFFFFFFFFFFFFFFFFFFFFFFFFFFFFFFFFFFFFFFFFFFFFFFFFFFFFFFF2F
:20916000FFFFFFFFFFFFFFFFFFFFFFFFFFFFFFFFFFFFFFFFFFFFFFFFFFFFFFFFFFFFFFFF0F
:20918000FFFFFFFFFFFFFFFFFFFFFFFFFFFFFFFFFFFFFFFFFFFFFFFFFFFFFFFFFFFFFFFFEF
:2091A000FFFFFFFFFFFFFFFFFFFFFFFFFFFFFFFFFFFFFFFFFFFFFFFFFFFFFFFFFFFFFFFFCF
:2091C000FFFFFFFFFFFFFFFFFFFFFFFFFFFFFFFFFFFFFFFFFFFFFFFFFFFFFFFFFFFFFFFFAF
:2091E000FFFFFFFFFFFFFFFFFFFFFFFFFFFFFFFFFFFFFFFFFFFFFFFFFFFFFFFFFFFFFFFF8F
:20920000FFFFFFFFFFFFFFFFFFFFFFFFFFFFFFFFFFFFFFFFFFFFFFFFFFFFFFFFFFFFFFFF6E
:20922000FFFFFFFFFFFFFFFFFFFFFFFFFFFFFFFFFFFFFFFFFFFFFFFFFFFFFFFFFFFFFFFF4E
:20924000FFFFFFFFFFFFFFFFFFFFFFFFFFFFFFFFFFFFFFFFFFFFFFFFFFFFFFFFFFFFFFFF2E
:20926000FFFFFFFFFFFFFFFFFFFFFFFFFFFFFFFFFFFFFFFFFFFFFFFFFFFFFFFFFFFFFFFF0E
:20928000FFFFFFFFFFFFFFFFFFFFFFFFFFFFFFFFFFFFFFFFFFFFFFFFFFFFFFFFFFFFFFFFEE
:2092A000FFFFFFFFFFFFFFFFFFFFFFFFFFFFFFFFFFFFFFFFFFFFFFFFFFFFFFFFFFFFFFFFCE
:2092C000FFFFFFFFFFFFFFFFFFFFFFFFFFFFFFFFFFFFFFFFFFFFFFFFFFFFFFFFFFFFFFFFAE
:2092E000FFFFFFFFFFFFFFFFFFFFFFFFFFFFFFFFFFFFFFFFFFFFFFFFFFFFFFFFFFFFFFFF8E
:20930000FFFFFFFFFFFFFFFFFFFFFFFFFFFFFFFFFFFFFFFFFFFFFFFFFFFFFFFFFFFFFFFF6D
:20932000FFFFFFFFFFFFFFFFFFFFFFFFFFFFFFFFFFFFFFFFFFFFFFFFFFFFFFFFFFFFFFFF4D
:20934000FFFFFFFFFFFFFFFFFFFFFFFFFFFFFFFFFFFFFFFFFFFFFFFFFFFFFFFFFFFFFFFF2D
:20936000FFFFFFFFFFFFFFFFFFFFFFFFFFFFFFFFFFFFFFFFFFFFFFFFFFFFFFFFFFFFFFFF0D
:20938000FFFFFFFFFFFFFFFFFFFFFFFFFFFFFFFFFFFFFFFFFFFFFFFFFFFFFFFFFFFFFFFFED
:2093A000FFFFFFFFFFFFFFFFFFFFFFFFFFFFFFFFFFFFFFFFFFFFFFFFFFFFFFFFFFFFFFFFCD
:2093C000FFFFFFFFFFFFFFFFFFFFFFFFFFFFFFFFFFFFFFFFFFFFFFFFFFFFFFFFFFFFFFFFAD
:2093E000FFFFFFFFFFFFFFFFFFFFFFFFFFFFFFFFFFFFFFFFFFFFFFFFFFFFFFFFFFFFFFFF8D
:20940000FFFFFFFFFFFFFFFFFFFFFFFFFFFFFFFFFFFFFFFFFFFFFFFFFFFFFFFFFFFFFFFF6C
:20942000FFFFFFFFFFFFFFFFFFFFFFFFFFFFFFFFFFFFFFFFFFFFFFFFFFFFFFFFFFFFFFFF4C
:20944000FFFFFFFFFFFFFFFFFFFFFFFFFFFFFFFFFFFFFFFFFFFFFFFFFFFFFFFFFFFFFFFF2C
:20946000FFFFFFFFFFFFFFFFFFFFFFFFFFFFFFFFFFFFFFFFFFFFFFFFFFFFFFFFFFFFFFFF0C
:20948000FFFFFFFFFFFFFFFFFFFFFFFFFFFFFFFFFFFFFFFFFFFFFFFFFFFFFFFFFFFFFFFFEC
:2094A000FFFFFFFFFFFFFFFFFFFFFFFFFFFFFFFFFFFFFFFFFFFFFFFFFFFFFFFFFFFFFFFFCC
:2094C000FFFFFFFFFFFFFFFFFFFFFFFFFFFFFFFFFFFFFFFFFFFFFFFFFFFFFFFFFFFFFFFFAC
:2094E000FFFFFFFFFFFFFFFFFFFFFFFFFFFFFFFFFFFFFFFFFFFFFFFFFFFFFFFFFFFFFFFF8C
:20950000FFFFFFFFFFFFFFFFFFFFFFFFFFFFFFFFFFFFFFFFFFFFFFFFFFFFFFFFFFFFFFFF6B
:20952000FFFFFFFFFFFFFFFFFFFFFFFFFFFFFFFFFFFFFFFFFFFFFFFFFFFFFFFFFFFFFFFF4B
:20954000FFFFFFFFFFFFFFFFFFFFFFFFFFFFFFFFFFFFFFFFFFFFFFFFFFFFFFFFFFFFFFFF2B
:20956000FFFFFFFFFFFFFFFFFFFFFFFFFFFFFFFFFFFFFFFFFFFFFFFFFFFFFFFFFFFFFFFF0B
:20958000FFFFFFFFFFFFFFFFFFFFFFFFFFFFFFFFFFFFFFFFFFFFFFFFFFFFFFFFFFFFFFFFEB
:2095A000FFFFFFFFFFFFFFFFFFFFFFFFFFFFFFFFFFFFFFFFFFFFFFFFFFFFFFFFFFFFFFFFCB
:2095C000FFFFFFFFFFFFFFFFFFFFFFFFFFFFFFFFFFFFFFFFFFFFFFFFFFFFFFFFFFFFFFFFAB
:2095E000FFFFFFFFFFFFFFFFFFFFFFFFFFFFFFFFFFFFFFFFFFFFFFFFFFFFFFFFFFFFFFFF8B
:20960000FFFFFFFFFFFFFFFFFFFFFFFFFFFFFFFFFFFFFFFFFFFFFFFFFFFFFFFFFFFFFFFF6A
:20962000FFFFFFFFFFFFFFFFFFFFFFFFFFFFFFFFFFFFFFFFFFFFFFFFFFFFFFFFFFFFFFFF4A
:20964000FFFFFFFFFFFFFFFFFFFFFFFFFFFFFFFFFFFFFFFFFFFFFFFFFFFFFFFFFFFFFFFF2A
:20966000FFFFFFFFFFFFFFFFFFFFFFFFFFFFFFFFFFFFFFFFFFFFFFFFFFFFFFFFFFFFFFFF0A
:20968000FFFFFFFFFFFFFFFFFFFFFFFFFFFFFFFFFFFFFFFFFFFFFFFFFFFFFFFFFFFFFFFFEA
:2096A000FFFFFFFFFFFFFFFFFFFFFFFFFFFFFFFFFFFFFFFFFFFFFFFFFFFFFFFFFFFFFFFFCA
:2096C000FFFFFFFFFFFFFFFFFFFFFFFFFFFFFFFFFFFFFFFFFFFFFFFFFFFFFFFFFFFFFFFFAA
:2096E000FFFFFFFFFFFFFFFFFFFFFFFFFFFFFFFFFFFFFFFFFFFFFFFFFFFFFFFFFFFFFFFF8A
:20970000FFFFFFFFFFFFFFFFFFFFFFFFFFFFFFFFFFFFFFFFFFFFFFFFFFFFFFFFFFFFFFFF69
:20972000FFFFFFFFFFFFFFFFFFFFFFFFFFFFFFFFFFFFFFFFFFFFFFFFFFFFFFFFFFFFFFFF49
:20974000FFFFFFFFFFFFFFFFFFFFFFFFFFFFFFFFFFFFFFFFFFFFFFFFFFFFFFFFFFFFFFFF29
:20976000FFFFFFFFFFFFFFFFFFFFFFFFFFFFFFFFFFFFFFFFFFFFFFFFFFFFFFFFFFFFFFFF09
:20978000FFFFFFFFFFFFFFFFFFFFFFFFFFFFFFFFFFFFFFFFFFFFFFFFFFFFFFFFFFFFFFFFE9
:2097A000FFFFFFFFFFFFFFFFFFFFFFFFFFFFFFFFFFFFFFFFFFFFFFFFFFFFFFFFFFFFFFFFC9
:2097C000FFFFFFFFFFFFFFFFFFFFFFFFFFFFFFFFFFFFFFFFFFFFFFFFFFFFFFFFFFFFFFFFA9
:2097E000FFFFFFFFFFFFFFFFFFFFFFFFFFFFFFFFFFFFFFFFFFFFFFFFFFFFFFFFFFFFFFFF89
:20980000FFFFFFFFFFFFFFFFFFFFFFFFFFFFFFFFFFFFFFFFFFFFFFFFFFFFFFFFFFFFFFFF68
:20982000FFFFFFFFFFFFFFFFFFFFFFFFFFFFFFFFFFFFFFFFFFFFFFFFFFFFFFFFFFFFFFFF48
:20984000FFFFFFFFFFFFFFFFFFFFFFFFFFFFFFFFFFFFFFFFFFFFFFFFFFFFFFFFFFFFFFFF28
:20986000FFFFFFFFFFFFFFFFFFFFFFFFFFFFFFFFFFFFFFFFFFFFFFFFFFFFFFFFFFFFFFFF08
:20988000FFFFFFFFFFFFFFFFFFFFFFFFFFFFFFFFFFFFFFFFFFFFFFFFFFFFFFFFFFFFFFFFE8
:2098A000FFFFFFFFFFFFFFFFFFFFFFFFFFFFFFFFFFFFFFFFFFFFFFFFFFFFFFFFFFFFFFFFC8
:2098C000FFFFFFFFFFFFFFFFFFFFFFFFFFFFFFFFFFFFFFFFFFFFFFFFFFFFFFFFFFFFFFFFA8
:2098E000FFFFFFFFFFFFFFFFFFFFFFFFFFFFFFFFFFFFFFFFFFFFFFFFFFFFFFFFFFFFFFFF88
:20990000FFFFFFFFFFFFFFFFFFFFFFFFFFFFFFFFFFFFFFFFFFFFFFFFFFFFFFFFFFFFFFFF67
:20992000FFFFFFFFFFFFFFFFFFFFFFFFFFFFFFFFFFFFFFFFFFFFFFFFFFFFFFFFFFFFFFFF47
:20994000FFFFFFFFFFFFFFFFFFFFFFFFFFFFFFFFFFFFFFFFFFFFFFFFFFFFFFFFFFFFFFFF27
:20996000FFFFFFFFFFFFFFFFFFFFFFFFFFFFFFFFFFFFFFFFFFFFFFFFFFFFFFFFFFFFFFFF07
:20998000FFFFFFFFFFFFFFFFFFFFFFFFFFFFFFFFFFFFFFFFFFFFFFFFFFFFFFFFFFFFFFFFE7
:2099A000FFFFFFFFFFFFFFFFFFFFFFFFFFFFFFFFFFFFFFFFFFFFFFFFFFFFFFFFFFFFFFFFC7
:2099C000FFFFFFFFFFFFFFFFFFFFFFFFFFFFFFFFFFFFFFFFFFFFFFFFFFFFFFFFFFFFFFFFA7
:2099E000FFFFFFFFFFFFFFFFFFFFFFFFFFFFFFFFFFFFFFFFFFFFFFFFFFFFFFFFFFFFFFFF87
:209A0000FFFFFFFFFFFFFFFFFFFFFFFFFFFFFFFFFFFFFFFFFFFFFFFFFFFFFFFFFFFFFFFF66
:209A2000FFFFFFFFFFFFFFFFFFFFFFFFFFFFFFFFFFFFFFFFFFFFFFFFFFFFFFFFFFFFFFFF46
:209A4000FFFFFFFFFFFFFFFFFFFFFFFFFFFFFFFFFFFFFFFFFFFFFFFFFFFFFFFFFFFFFFFF26
:209A6000FFFFFFFFFFFFFFFFFFFFFFFFFFFFFFFFFFFFFFFFFFFFFFFFFFFFFFFFFFFFFFFF06
:209A8000FFFFFFFFFFFFFFFFFFFFFFFFFFFFFFFFFFFFFFFFFFFFFFFFFFFFFFFFFFFFFFFFE6
:209AA000FFFFFFFFFFFFFFFFFFFFFFFFFFFFFFFFFFFFFFFFFFFFFFFFFFFFFFFFFFFFFFFFC6
:209AC000FFFFFFFFFFFFFFFFFFFFFFFFFFFFFFFFFFFFFFFFFFFFFFFFFFFFFFFFFFFFFFFFA6
:209AE000FFFFFFFFFFFFFFFFFFFFFFFFFFFFFFFFFFFFFFFFFFFFFFFFFFFFFFFFFFFFFFFF86
:209B0000FFFFFFFFFFFFFFFFFFFFFFFFFFFFFFFFFFFFFFFFFFFFFFFFFFFFFFFFFFFFFFFF65
:209B2000FFFFFFFFFFFFFFFFFFFFFFFFFFFFFFFFFFFFFFFFFFFFFFFFFFFFFFFFFFFFFFFF45
:209B4000FFFFFFFFFFFFFFFFFFFFFFFFFFFFFFFFFFFFFFFFFFFFFFFFFFFFFFFFFFFFFFFF25
:209B6000FFFFFFFFFFFFFFFFFFFFFFFFFFFFFFFFFFFFFFFFFFFFFFFFFFFFFFFFFFFFFFFF05
:209B8000FFFFFFFFFFFFFFFFFFFFFFFFFFFFFFFFFFFFFFFFFFFFFFFFFFFFFFFFFFFFFFFFE5
:209BA000FFFFFFFFFFFFFFFFFFFFFFFFFFFFFFFFFFFFFFFFFFFFFFFFFFFFFFFFFFFFFFFFC5
:209BC000FFFFFFFFFFFFFFFFFFFFFFFFFFFFFFFFFFFFFFFFFFFFFFFFFFFFFFFFFFFFFFFFA5
:209BE000FFFFFFFFFFFFFFFFFFFFFFFFFFFFFFFFFFFFFFFFFFFFFFFFFFFFFFFFFFFFFFFF85
:209C0000FFFFFFFFFFFFFFFFFFFFFFFFFFFFFFFFFFFFFFFFFFFFFFFFFFFFFFFFFFFFFFFF64
:209C2000FFFFFFFFFFFFFFFFFFFFFFFFFFFFFFFFFFFFFFFFFFFFFFFFFFFFFFFFFFFFFFFF44
:209C4000FFFFFFFFFFFFFFFFFFFFFFFFFFFFFFFFFFFFFFFFFFFFFFFFFFFFFFFFFFFFFFFF24
:209C6000FFFFFFFFFFFFFFFFFFFFFFFFFFFFFFFFFFFFFFFFFFFFFFFFFFFFFFFFFFFFFFFF04
:209C8000FFFFFFFFFFFFFFFFFFFFFFFFFFFFFFFFFFFFFFFFFFFFFFFFFFFFFFFFFFFFFFFFE4
:209CA000FFFFFFFFFFFFFFFFFFFFFFFFFFFFFFFFFFFFFFFFFFFFFFFFFFFFFFFFFFFFFFFFC4
:209CC000FFFFFFFFFFFFFFFFFFFFFFFFFFFFFFFFFFFFFFFFFFFFFFFFFFFFFFFFFFFFFFFFA4
:209CE000FFFFFFFFFFFFFFFFFFFFFFFFFFFFFFFFFFFFFFFFFFFFFFFFFFFFFFFFFFFFFFFF84
:209D0000FFFFFFFFFFFFFFFFFFFFFFFFFFFFFFFFFFFFFFFFFFFFFFFFFFFFFFFFFFFFFFFF63
:209D2000FFFFFFFFFFFFFFFFFFFFFFFFFFFFFFFFFFFFFFFFFFFFFFFFFFFFFFFFFFFFFFFF43
:209D4000FFFFFFFFFFFFFFFFFFFFFFFFFFFFFFFFFFFFFFFFFFFFFFFFFFFFFFFFFFFFFFFF23
:209D6000FFFFFFFFFFFFFFFFFFFFFFFFFFFFFFFFFFFFFFFFFFFFFFFFFFFFFFFFFFFFFFFF03
:209D8000FFFFFFFFFFFFFFFFFFFFFFFFFFFFFFFFFFFFFFFFFFFFFFFFFFFFFFFFFFFFFFFFE3
:209DA000FFFFFFFFFFFFFFFFFFFFFFFFFFFFFFFFFFFFFFFFFFFFFFFFFFFFFFFFFFFFFFFFC3
:209DC000FFFFFFFFFFFFFFFFFFFFFFFFFFFFFFFFFFFFFFFFFFFFFFFFFFFFFFFFFFFFFFFFA3
:209DE000FFFFFFFFFFFFFFFFFFFFFFFFFFFFFFFFFFFFFFFFFFFFFFFFFFFFFFFFFFFFFFFF83
:209E0000FFFFFFFFFFFFFFFFFFFFFFFFFFFFFFFFFFFFFFFFFFFFFFFFFFFFFFFFFFFFFFFF62
:209E2000FFFFFFFFFFFFFFFFFFFFFFFFFFFFFFFFFFFFFFFFFFFFFFFFFFFFFFFFFFFFFFFF42
:209E4000FFFFFFFFFFFFFFFFFFFFFFFFFFFFFFFFFFFFFFFFFFFFFFFFFFFFFFFFFFFFFFFF22
:209E6000FFFFFFFFFFFFFFFFFFFFFFFFFFFFFFFFFFFFFFFFFFFFFFFFFFFFFFFFFFFFFFFF02
:209E8000FFFFFFFFFFFFFFFFFFFFFFFFFFFFFFFFFFFFFFFFFFFFFFFFFFFFFFFFFFFFFFFFE2
:209EA000FFFFFFFFFFFFFFFFFFFFFFFFFFFFFFFFFFFFFFFFFFFFFFFFFFFFFFFFFFFFFFFFC2
:209EC000FFFFFFFFFFFFFFFFFFFFFFFFFFFFFFFFFFFFFFFFFFFFFFFFFFFFFFFFFFFFFFFFA2
:209EE000FFFFFFFFFFFFFFFFFFFFFFFFFFFFFFFFFFFFFFFFFFFFFFFFFFFFFFFFFFFFFFFF82
:209F0000FFFFFFFFFFFFFFFFFFFFFFFFFFFFFFFFFFFFFFFFFFFFFFFFFFFFFFFFFFFFFFFF61
:209F2000FFFFFFFFFFFFFFFFFFFFFFFFFFFFFFFFFFFFFFFFFFFFFFFFFFFFFFFFFFFFFFFF41
:209F4000FFFFFFFFFFFFFFFFFFFFFFFFFFFFFFFFFFFFFFFFFFFFFFFFFFFFFFFFFFFFFFFF21
:209F6000FFFFFFFFFFFFFFFFFFFFFFFFFFFFFFFFFFFFFFFFFFFFFFFFFFFFFFFFFFFFFFFF01
:209F8000FFFFFFFFFFFFFFFFFFFFFFFFFFFFFFFFFFFFFFFFFFFFFFFFFFFFFFFFFFFFFFFFE1
:209FA000FFFFFFFFFFFFFFFFFFFFFFFFFFFFFFFFFFFFFFFFFFFFFFFFFFFFFFFFFFFFFFFFC1
:209FC000FFFFFFFFFFFFFFFFFFFFFFFFFFFFFFFFFFFFFFFFFFFFFFFFFFFFFFFFFFFFFFFFA1
:209FE000FFFFFFFFFFFFFFFFFFFFFFFFFFFFFFFFFFFFFFFFFFFFFFFFFFFFFFFFFFFFFFFF81
:20A00000FFFFFFFFFFFFFFFFFFFFFFFFFFFFFFFFFFFFFFFFFFFFFFFFFFFFFFFFFFFFFFFF60
:20A02000FFFFFFFFFFFFFFFFFFFFFFFFFFFFFFFFFFFFFFFFFFFFFFFFFFFFFFFFFFFFFFFF40
:20A04000FFFFFFFFFFFFFFFFFFFFFFFFFFFFFFFFFFFFFFFFFFFFFFFFFFFFFFFFFFFFFFFF20
:20A06000FFFFFFFFFFFFFFFFFFFFFFFFFFFFFFFFFFFFFFFFFFFFFFFFFFFFFFFFFFFFFFFF00
:20A08000FFFFFFFFFFFFFFFFFFFFFFFFFFFFFFFFFFFFFFFFFFFFFFFFFFFFFFFFFFFFFFFFE0
:20A0A000FFFFFFFFFFFFFFFFFFFFFFFFFFFFFFFFFFFFFFFFFFFFFFFFFFFFFFFFFFFFFFFFC0
:20A0C000FFFFFFFFFFFFFFFFFFFFFFFFFFFFFFFFFFFFFFFFFFFFFFFFFFFFFFFFFFFFFFFFA0
:20A0E000FFFFFFFFFFFFFFFFFFFFFFFFFFFFFFFFFFFFFFFFFFFFFFFFFFFFFFFFFFFFFFFF80
:20A10000FFFFFFFFFFFFFFFFFFFFFFFFFFFFFFFFFFFFFFFFFFFFFFFFFFFFFFFFFFFFFFFF5F
:20A12000FFFFFFFFFFFFFFFFFFFFFFFFFFFFFFFFFFFFFFFFFFFFFFFFFFFFFFFFFFFFFFFF3F
:20A14000FFFFFFFFFFFFFFFFFFFFFFFFFFFFFFFFFFFFFFFFFFFFFFFFFFFFFFFFFFFFFFFF1F
:20A16000FFFFFFFFFFFFFFFFFFFFFFFFFFFFFFFFFFFFFFFFFFFFFFFFFFFFFFFFFFFFFFFFFF
:20A18000FFFFFFFFFFFFFFFFFFFFFFFFFFFFFFFFFFFFFFFFFFFFFFFFFFFFFFFFFFFFFFFFDF
:20A1A000FFFFFFFFFFFFFFFFFFFFFFFFFFFFFFFFFFFFFFFFFFFFFFFFFFFFFFFFFFFFFFFFBF
:20A1C000FFFFFFFFFFFFFFFFFFFFFFFFFFFFFFFFFFFFFFFFFFFFFFFFFFFFFFFFFFFFFFFF9F
:20A1E000FFFFFFFFFFFFFFFFFFFFFFFFFFFFFFFFFFFFFFFFFFFFFFFFFFFFFFFFFFFFFFFF7F
:20A20000FFFFFFFFFFFFFFFFFFFFFFFFFFFFFFFFFFFFFFFFFFFFFFFFFFFFFFFFFFFFFFFF5E
:20A22000FFFFFFFFFFFFFFFFFFFFFFFFFFFFFFFFFFFFFFFFFFFFFFFFFFFFFFFFFFFFFFFF3E
:20A24000FFFFFFFFFFFFFFFFFFFFFFFFFFFFFFFFFFFFFFFFFFFFFFFFFFFFFFFFFFFFFFFF1E
:20A26000FFFFFFFFFFFFFFFFFFFFFFFFFFFFFFFFFFFFFFFFFFFFFFFFFFFFFFFFFFFFFFFFFE
:20A28000FFFFFFFFFFFFFFFFFFFFFFFFFFFFFFFFFFFFFFFFFFFFFFFFFFFFFFFFFFFFFFFFDE
:20A2A000FFFFFFFFFFFFFFFFFFFFFFFFFFFFFFFFFFFFFFFFFFFFFFFFFFFFFFFFFFFFFFFFBE
:20A2C000FFFFFFFFFFFFFFFFFFFFFFFFFFFFFFFFFFFFFFFFFFFFFFFFFFFFFFFFFFFFFFFF9E
:20A2E000FFFFFFFFFFFFFFFFFFFFFFFFFFFFFFFFFFFFFFFFFFFFFFFFFFFFFFFFFFFFFFFF7E
:20A30000FFFFFFFFFFFFFFFFFFFFFFFFFFFFFFFFFFFFFFFFFFFFFFFFFFFFFFFFFFFFFFFF5D
:20A32000FFFFFFFFFFFFFFFFFFFFFFFFFFFFFFFFFFFFFFFFFFFFFFFFFFFFFFFFFFFFFFFF3D
:20A34000FFFFFFFFFFFFFFFFFFFFFFFFFFFFFFFFFFFFFFFFFFFFFFFFFFFFFFFFFFFFFFFF1D
:20A36000FFFFFFFFFFFFFFFFFFFFFFFFFFFFFFFFFFFFFFFFFFFFFFFFFFFFFFFFFFFFFFFFFD
:20A38000FFFFFFFFFFFFFFFFFFFFFFFFFFFFFFFFFFFFFFFFFFFFFFFFFFFFFFFFFFFFFFFFDD
:20A3A000FFFFFFFFFFFFFFFFFFFFFFFFFFFFFFFFFFFFFFFFFFFFFFFFFFFFFFFFFFFFFFFFBD
:20A3C000FFFFFFFFFFFFFFFFFFFFFFFFFFFFFFFFFFFFFFFFFFFFFFFFFFFFFFFFFFFFFFFF9D
:20A3E000FFFFFFFFFFFFFFFFFFFFFFFFFFFFFFFFFFFFFFFFFFFFFFFFFFFFFFFFFFFFFFFF7D
:20A40000FFFFFFFFFFFFFFFFFFFFFFFFFFFFFFFFFFFFFFFFFFFFFFFFFFFFFFFFFFFFFFFF5C
:20A42000FFFFFFFFFFFFFFFFFFFFFFFFFFFFFFFFFFFFFFFFFFFFFFFFFFFFFFFFFFFFFFFF3C
:20A44000FFFFFFFFFFFFFFFFFFFFFFFFFFFFFFFFFFFFFFFFFFFFFFFFFFFFFFFFFFFFFFFF1C
:20A46000FFFFFFFFFFFFFFFFFFFFFFFFFFFFFFFFFFFFFFFFFFFFFFFFFFFFFFFFFFFFFFFFFC
:20A48000FFFFFFFFFFFFFFFFFFFFFFFFFFFFFFFFFFFFFFFFFFFFFFFFFFFFFFFFFFFFFFFFDC
:20A4A000FFFFFFFFFFFFFFFFFFFFFFFFFFFFFFFFFFFFFFFFFFFFFFFFFFFFFFFFFFFFFFFFBC
:20A4C000FFFFFFFFFFFFFFFFFFFFFFFFFFFFFFFFFFFFFFFFFFFFFFFFFFFFFFFFFFFFFFFF9C
:20A4E000FFFFFFFFFFFFFFFFFFFFFFFFFFFFFFFFFFFFFFFFFFFFFFFFFFFFFFFFFFFFFFFF7C
:20A50000FFFFFFFFFFFFFFFFFFFFFFFFFFFFFFFFFFFFFFFFFFFFFFFFFFFFFFFFFFFFFFFF5B
:20A52000FFFFFFFFFFFFFFFFFFFFFFFFFFFFFFFFFFFFFFFFFFFFFFFFFFFFFFFFFFFFFFFF3B
:20A54000FFFFFFFFFFFFFFFFFFFFFFFFFFFFFFFFFFFFFFFFFFFFFFFFFFFFFFFFFFFFFFFF1B
:20A56000FFFFFFFFFFFFFFFFFFFFFFFFFFFFFFFFFFFFFFFFFFFFFFFFFFFFFFFFFFFFFFFFFB
:20A58000FFFFFFFFFFFFFFFFFFFFFFFFFFFFFFFFFFFFFFFFFFFFFFFFFFFFFFFFFFFFFFFFDB
:20A5A000FFFFFFFFFFFFFFFFFFFFFFFFFFFFFFFFFFFFFFFFFFFFFFFFFFFFFFFFFFFFFFFFBB
:20A5C000FFFFFFFFFFFFFFFFFFFFFFFFFFFFFFFFFFFFFFFFFFFFFFFFFFFFFFFFFFFFFFFF9B
:20A5E000FFFFFFFFFFFFFFFFFFFFFFFFFFFFFFFFFFFFFFFFFFFFFFFFFFFFFFFFFFFFFFFF7B
:20A60000FFFFFFFFFFFFFFFFFFFFFFFFFFFFFFFFFFFFFFFFFFFFFFFFFFFFFFFFFFFFFFFF5A
:20A62000FFFFFFFFFFFFFFFFFFFFFFFFFFFFFFFFFFFFFFFFFFFFFFFFFFFFFFFFFFFFFFFF3A
:20A64000FFFFFFFFFFFFFFFFFFFFFFFFFFFFFFFFFFFFFFFFFFFFFFFFFFFFFFFFFFFFFFFF1A
:20A66000FFFFFFFFFFFFFFFFFFFFFFFFFFFFFFFFFFFFFFFFFFFFFFFFFFFFFFFFFFFFFFFFFA
:20A68000FFFFFFFFFFFFFFFFFFFFFFFFFFFFFFFFFFFFFFFFFFFFFFFFFFFFFFFFFFFFFFFFDA
:20A6A000FFFFFFFFFFFFFFFFFFFFFFFFFFFFFFFFFFFFFFFFFFFFFFFFFFFFFFFFFFFFFFFFBA
:20A6C000FFFFFFFFFFFFFFFFFFFFFFFFFFFFFFFFFFFFFFFFFFFFFFFFFFFFFFFFFFFFFFFF9A
:20A6E000FFFFFFFFFFFFFFFFFFFFFFFFFFFFFFFFFFFFFFFFFFFFFFFFFFFFFFFFFFFFFFFF7A
:20A70000FFFFFFFFFFFFFFFFFFFFFFFFFFFFFFFFFFFFFFFFFFFFFFFFFFFFFFFFFFFFFFFF59
:20A72000FFFFFFFFFFFFFFFFFFFFFFFFFFFFFFFFFFFFFFFFFFFFFFFFFFFFFFFFFFFFFFFF39
:20A74000FFFFFFFFFFFFFFFFFFFFFFFFFFFFFFFFFFFFFFFFFFFFFFFFFFFFFFFFFFFFFFFF19
:20A76000FFFFFFFFFFFFFFFFFFFFFFFFFFFFFFFFFFFFFFFFFFFFFFFFFFFFFFFFFFFFFFFFF9
:20A78000FFFFFFFFFFFFFFFFFFFFFFFFFFFFFFFFFFFFFFFFFFFFFFFFFFFFFFFFFFFFFFFFD9
:20A7A000FFFFFFFFFFFFFFFFFFFFFFFFFFFFFFFFFFFFFFFFFFFFFFFFFFFFFFFFFFFFFFFFB9
:20A7C000FFFFFFFFFFFFFFFFFFFFFFFFFFFFFFFFFFFFFFFFFFFFFFFFFFFFFFFFFFFFFFFF99
:20A7E000FFFFFFFFFFFFFFFFFFFFFFFFFFFFFFFFFFFFFFFFFFFFFFFFFFFFFFFFFFFFFFFF79
:20A80000FFFFFFFFFFFFFFFFFFFFFFFFFFFFFFFFFFFFFFFFFFFFFFFFFFFFFFFFFFFFFFFF58
:20A82000FFFFFFFFFFFFFFFFFFFFFFFFFFFFFFFFFFFFFFFFFFFFFFFFFFFFFFFFFFFFFFFF38
:20A84000FFFFFFFFFFFFFFFFFFFFFFFFFFFFFFFFFFFFFFFFFFFFFFFFFFFFFFFFFFFFFFFF18
:20A86000FFFFFFFFFFFFFFFFFFFFFFFFFFFFFFFFFFFFFFFFFFFFFFFFFFFFFFFFFFFFFFFFF8
:20A88000FFFFFFFFFFFFFFFFFFFFFFFFFFFFFFFFFFFFFFFFFFFFFFFFFFFFFFFFFFFFFFFFD8
:20A8A000FFFFFFFFFFFFFFFFFFFFFFFFFFFFFFFFFFFFFFFFFFFFFFFFFFFFFFFFFFFFFFFFB8
:20A8C000FFFFFFFFFFFFFFFFFFFFFFFFFFFFFFFFFFFFFFFFFFFFFFFFFFFFFFFFFFFFFFFF98
:20A8E000FFFFFFFFFFFFFFFFFFFFFFFFFFFFFFFFFFFFFFFFFFFFFFFFFFFFFFFFFFFFFFFF78
:20A90000FFFFFFFFFFFFFFFFFFFFFFFFFFFFFFFFFFFFFFFFFFFFFFFFFFFFFFFFFFFFFFFF57
:20A92000FFFFFFFFFFFFFFFFFFFFFFFFFFFFFFFFFFFFFFFFFFFFFFFFFFFFFFFFFFFFFFFF37
:20A94000FFFFFFFFFFFFFFFFFFFFFFFFFFFFFFFFFFFFFFFFFFFFFFFFFFFFFFFFFFFFFFFF17
:20A96000FFFFFFFFFFFFFFFFFFFFFFFFFFFFFFFFFFFFFFFFFFFFFFFFFFFFFFFFFFFFFFFFF7
:20A98000FFFFFFFFFFFFFFFFFFFFFFFFFFFFFFFFFFFFFFFFFFFFFFFFFFFFFFFFFFFFFFFFD7
:20A9A000FFFFFFFFFFFFFFFFFFFFFFFFFFFFFFFFFFFFFFFFFFFFFFFFFFFFFFFFFFFFFFFFB7
:20A9C000FFFFFFFFFFFFFFFFFFFFFFFFFFFFFFFFFFFFFFFFFFFFFFFFFFFFFFFFFFFFFFFF97
:20A9E000FFFFFFFFFFFFFFFFFFFFFFFFFFFFFFFFFFFFFFFFFFFFFFFFFFFFFFFFFFFFFFFF77
:20AA0000FFFFFFFFFFFFFFFFFFFFFFFFFFFFFFFFFFFFFFFFFFFFFFFFFFFFFFFFFFFFFFFF56
:20AA2000FFFFFFFFFFFFFFFFFFFFFFFFFFFFFFFFFFFFFFFFFFFFFFFFFFFFFFFFFFFFFFFF36
:20AA4000FFFFFFFFFFFFFFFFFFFFFFFFFFFFFFFFFFFFFFFFFFFFFFFFFFFFFFFFFFFFFFFF16
:20AA6000FFFFFFFFFFFFFFFFFFFFFFFFFFFFFFFFFFFFFFFFFFFFFFFFFFFFFFFFFFFFFFFFF6
:20AA8000FFFFFFFFFFFFFFFFFFFFFFFFFFFFFFFFFFFFFFFFFFFFFFFFFFFFFFFFFFFFFFFFD6
:20AAA000FFFFFFFFFFFFFFFFFFFFFFFFFFFFFFFFFFFFFFFFFFFFFFFFFFFFFFFFFFFFFFFFB6
:20AAC000FFFFFFFFFFFFFFFFFFFFFFFFFFFFFFFFFFFFFFFFFFFFFFFFFFFFFFFFFFFFFFFF96
:20AAE000FFFFFFFFFFFFFFFFFFFFFFFFFFFFFFFFFFFFFFFFFFFFFFFFFFFFFFFFFFFFFFFF76
:20AB0000FFFFFFFFFFFFFFFFFFFFFFFFFFFFFFFFFFFFFFFFFFFFFFFFFFFFFFFFFFFFFFFF55
:20AB2000FFFFFFFFFFFFFFFFFFFFFFFFFFFFFFFFFFFFFFFFFFFFFFFFFFFFFFFFFFFFFFFF35
:20AB4000FFFFFFFFFFFFFFFFFFFFFFFFFFFFFFFFFFFFFFFFFFFFFFFFFFFFFFFFFFFFFFFF15
:20AB6000FFFFFFFFFFFFFFFFFFFFFFFFFFFFFFFFFFFFFFFFFFFFFFFFFFFFFFFFFFFFFFFFF5
:20AB8000FFFFFFFFFFFFFFFFFFFFFFFFFFFFFFFFFFFFFFFFFFFFFFFFFFFFFFFFFFFFFFFFD5
:20ABA000FFFFFFFFFFFFFFFFFFFFFFFFFFFFFFFFFFFFFFFFFFFFFFFFFFFFFFFFFFFFFFFFB5
:20ABC000FFFFFFFFFFFFFFFFFFFFFFFFFFFFFFFFFFFFFFFFFFFFFFFFFFFFFFFFFFFFFFFF95
:20ABE000FFFFFFFFFFFFFFFFFFFFFFFFFFFFFFFFFFFFFFFFFFFFFFFFFFFFFFFFFFFFFFFF75
:20AC0000FFFFFFFFFFFFFFFFFFFFFFFFFFFFFFFFFFFFFFFFFFFFFFFFFFFFFFFFFFFFFFFF54
:20AC2000FFFFFFFFFFFFFFFFFFFFFFFFFFFFFFFFFFFFFFFFFFFFFFFFFFFFFFFFFFFFFFFF34
:20AC4000FFFFFFFFFFFFFFFFFFFFFFFFFFFFFFFFFFFFFFFFFFFFFFFFFFFFFFFFFFFFFFFF14
:20AC6000FFFFFFFFFFFFFFFFFFFFFFFFFFFFFFFFFFFFFFFFFFFFFFFFFFFFFFFFFFFFFFFFF4
:20AC8000FFFFFFFFFFFFFFFFFFFFFFFFFFFFFFFFFFFFFFFFFFFFFFFFFFFFFFFFFFFFFFFFD4
:20ACA000FFFFFFFFFFFFFFFFFFFFFFFFFFFFFFFFFFFFFFFFFFFFFFFFFFFFFFFFFFFFFFFFB4
:20ACC000FFFFFFFFFFFFFFFFFFFFFFFFFFFFFFFFFFFFFFFFFFFFFFFFFFFFFFFFFFFFFFFF94
:20ACE000FFFFFFFFFFFFFFFFFFFFFFFFFFFFFFFFFFFFFFFFFFFFFFFFFFFFFFFFFFFFFFFF74
:20AD0000FFFFFFFFFFFFFFFFFFFFFFFFFFFFFFFFFFFFFFFFFFFFFFFFFFFFFFFFFFFFFFFF53
:20AD2000FFFFFFFFFFFFFFFFFFFFFFFFFFFFFFFFFFFFFFFFFFFFFFFFFFFFFFFFFFFFFFFF33
:20AD4000FFFFFFFFFFFFFFFFFFFFFFFFFFFFFFFFFFFFFFFFFFFFFFFFFFFFFFFFFFFFFFFF13
:20AD6000FFFFFFFFFFFFFFFFFFFFFFFFFFFFFFFFFFFFFFFFFFFFFFFFFFFFFFFFFFFFFFFFF3
:20AD8000FFFFFFFFFFFFFFFFFFFFFFFFFFFFFFFFFFFFFFFFFFFFFFFFFFFFFFFFFFFFFFFFD3
:20ADA000FFFFFFFFFFFFFFFFFFFFFFFFFFFFFFFFFFFFFFFFFFFFFFFFFFFFFFFFFFFFFFFFB3
:20ADC000FFFFFFFFFFFFFFFFFFFFFFFFFFFFFFFFFFFFFFFFFFFFFFFFFFFFFFFFFFFFFFFF93
:20ADE000FFFFFFFFFFFFFFFFFFFFFFFFFFFFFFFFFFFFFFFFFFFFFFFFFFFFFFFFFFFFFFFF73
:20AE0000FFFFFFFFFFFFFFFFFFFFFFFFFFFFFFFFFFFFFFFFFFFFFFFFFFFFFFFFFFFFFFFF52
:20AE2000FFFFFFFFFFFFFFFFFFFFFFFFFFFFFFFFFFFFFFFFFFFFFFFFFFFFFFFFFFFFFFFF32
:20AE4000FFFFFFFFFFFFFFFFFFFFFFFFFFFFFFFFFFFFFFFFFFFFFFFFFFFFFFFFFFFFFFFF12
:20AE6000FFFFFFFFFFFFFFFFFFFFFFFFFFFFFFFFFFFFFFFFFFFFFFFFFFFFFFFFFFFFFFFFF2
:20AE8000FFFFFFFFFFFFFFFFFFFFFFFFFFFFFFFFFFFFFFFFFFFFFFFFFFFFFFFFFFFFFFFFD2
:20AEA000FFFFFFFFFFFFFFFFFFFFFFFFFFFFFFFFFFFFFFFFFFFFFFFFFFFFFFFFFFFFFFFFB2
:20AEC000FFFFFFFFFFFFFFFFFFFFFFFFFFFFFFFFFFFFFFFFFFFFFFFFFFFFFFFFFFFFFFFF92
:20AEE000FFFFFFFFFFFFFFFFFFFFFFFFFFFFFFFFFFFFFFFFFFFFFFFFFFFFFFFFFFFFFFFF72
:20AF0000FFFFFFFFFFFFFFFFFFFFFFFFFFFFFFFFFFFFFFFFFFFFFFFFFFFFFFFFFFFFFFFF51
:20AF2000FFFFFFFFFFFFFFFFFFFFFFFFFFFFFFFFFFFFFFFFFFFFFFFFFFFFFFFFFFFFFFFF31
:20AF4000FFFFFFFFFFFFFFFFFFFFFFFFFFFFFFFFFFFFFFFFFFFFFFFFFFFFFFFFFFFFFFFF11
:20AF6000FFFFFFFFFFFFFFFFFFFFFFFFFFFFFFFFFFFFFFFFFFFFFFFFFFFFFFFFFFFFFFFFF1
:20AF8000FFFFFFFFFFFFFFFFFFFFFFFFFFFFFFFFFFFFFFFFFFFFFFFFFFFFFFFFFFFFFFFFD1
:20AFA000FFFFFFFFFFFFFFFFFFFFFFFFFFFFFFFFFFFFFFFFFFFFFFFFFFFFFFFFFFFFFFFFB1
:20AFC000FFFFFFFFFFFFFFFFFFFFFFFFFFFFFFFFFFFFFFFFFFFFFFFFFFFFFFFFFFFFFFFF91
:20AFE000FFFFFFFFFFFFFFFFFFFFFFFFFFFFFFFFFFFFFFFFFFFFFFFFFFFFFFFFFFFFFFFF71
:20B00000FFFFFFFFFFFFFFFFFFFFFFFFFFFFFFFFFFFFFFFFFFFFFFFFFFFFFFFFFFFFFFFF50
:20B02000FFFFFFFFFFFFFFFFFFFFFFFFFFFFFFFFFFFFFFFFFFFFFFFFFFFFFFFFFFFFFFFF30
:20B04000FFFFFFFFFFFFFFFFFFFFFFFFFFFFFFFFFFFFFFFFFFFFFFFFFFFFFFFFFFFFFFFF10
:20B06000FFFFFFFFFFFFFFFFFFFFFFFFFFFFFFFFFFFFFFFFFFFFFFFFFFFFFFFFFFFFFFFFF0
:20B08000FFFFFFFFFFFFFFFFFFFFFFFFFFFFFFFFFFFFFFFFFFFFFFFFFFFFFFFFFFFFFFFFD0
:20B0A000FFFFFFFFFFFFFFFFFFFFFFFFFFFFFFFFFFFFFFFFFFFFFFFFFFFFFFFFFFFFFFFFB0
:20B0C000FFFFFFFFFFFFFFFFFFFFFFFFFFFFFFFFFFFFFFFFFFFFFFFFFFFFFFFFFFFFFFFF90
:20B0E000FFFFFFFFFFFFFFFFFFFFFFFFFFFFFFFFFFFFFFFFFFFFFFFFFFFFFFFFFFFFFFFF70
:20B10000FFFFFFFFFFFFFFFFFFFFFFFFFFFFFFFFFFFFFFFFFFFFFFFFFFFFFFFFFFFFFFFF4F
:20B12000FFFFFFFFFFFFFFFFFFFFFFFFFFFFFFFFFFFFFFFFFFFFFFFFFFFFFFFFFFFFFFFF2F
:20B14000FFFFFFFFFFFFFFFFFFFFFFFFFFFFFFFFFFFFFFFFFFFFFFFFFFFFFFFFFFFFFFFF0F
:20B16000FFFFFFFFFFFFFFFFFFFFFFFFFFFFFFFFFFFFFFFFFFFFFFFFFFFFFFFFFFFFFFFFEF
:20B18000FFFFFFFFFFFFFFFFFFFFFFFFFFFFFFFFFFFFFFFFFFFFFFFFFFFFFFFFFFFFFFFFCF
:20B1A000FFFFFFFFFFFFFFFFFFFFFFFFFFFFFFFFFFFFFFFFFFFFFFFFFFFFFFFFFFFFFFFFAF
:20B1C000FFFFFFFFFFFFFFFFFFFFFFFFFFFFFFFFFFFFFFFFFFFFFFFFFFFFFFFFFFFFFFFF8F
:20B1E000FFFFFFFFFFFFFFFFFFFFFFFFFFFFFFFFFFFFFFFFFFFFFFFFFFFFFFFFFFFFFFFF6F
:20B20000FFFFFFFFFFFFFFFFFFFFFFFFFFFFFFFFFFFFFFFFFFFFFFFFFFFFFFFFFFFFFFFF4E
:20B22000FFFFFFFFFFFFFFFFFFFFFFFFFFFFFFFFFFFFFFFFFFFFFFFFFFFFFFFFFFFFFFFF2E
:20B24000FFFFFFFFFFFFFFFFFFFFFFFFFFFFFFFFFFFFFFFFFFFFFFFFFFFFFFFFFFFFFFFF0E
:20B26000FFFFFFFFFFFFFFFFFFFFFFFFFFFFFFFFFFFFFFFFFFFFFFFFFFFFFFFFFFFFFFFFEE
:20B28000FFFFFFFFFFFFFFFFFFFFFFFFFFFFFFFFFFFFFFFFFFFFFFFFFFFFFFFFFFFFFFFFCE
:20B2A000FFFFFFFFFFFFFFFFFFFFFFFFFFFFFFFFFFFFFFFFFFFFFFFFFFFFFFFFFFFFFFFFAE
:20B2C000FFFFFFFFFFFFFFFFFFFFFFFFFFFFFFFFFFFFFFFFFFFFFFFFFFFFFFFFFFFFFFFF8E
:20B2E000FFFFFFFFFFFFFFFFFFFFFFFFFFFFFFFFFFFFFFFFFFFFFFFFFFFFFFFFFFFFFFFF6E
:20B30000FFFFFFFFFFFFFFFFFFFFFFFFFFFFFFFFFFFFFFFFFFFFFFFFFFFFFFFFFFFFFFFF4D
:20B32000FFFFFFFFFFFFFFFFFFFFFFFFFFFFFFFFFFFFFFFFFFFFFFFFFFFFFFFFFFFFFFFF2D
:20B34000FFFFFFFFFFFFFFFFFFFFFFFFFFFFFFFFFFFFFFFFFFFFFFFFFFFFFFFFFFFFFFFF0D
:20B36000FFFFFFFFFFFFFFFFFFFFFFFFFFFFFFFFFFFFFFFFFFFFFFFFFFFFFFFFFFFFFFFFED
:20B38000FFFFFFFFFFFFFFFFFFFFFFFFFFFFFFFFFFFFFFFFFFFFFFFFFFFFFFFFFFFFFFFFCD
:20B3A000FFFFFFFFFFFFFFFFFFFFFFFFFFFFFFFFFFFFFFFFFFFFFFFFFFFFFFFFFFFFFFFFAD
:20B3C000FFFFFFFFFFFFFFFFFFFFFFFFFFFFFFFFFFFFFFFFFFFFFFFFFFFFFFFFFFFFFFFF8D
:20B3E000FFFFFFFFFFFFFFFFFFFFFFFFFFFFFFFFFFFFFFFFFFFFFFFFFFFFFFFFFFFFFFFF6D
:20B40000FFFFFFFFFFFFFFFFFFFFFFFFFFFFFFFFFFFFFFFFFFFFFFFFFFFFFFFFFFFFFFFF4C
:20B42000FFFFFFFFFFFFFFFFFFFFFFFFFFFFFFFFFFFFFFFFFFFFFFFFFFFFFFFFFFFFFFFF2C
:20B44000FFFFFFFFFFFFFFFFFFFFFFFFFFFFFFFFFFFFFFFFFFFFFFFFFFFFFFFFFFFFFFFF0C
:20B46000FFFFFFFFFFFFFFFFFFFFFFFFFFFFFFFFFFFFFFFFFFFFFFFFFFFFFFFFFFFFFFFFEC
:20B48000FFFFFFFFFFFFFFFFFFFFFFFFFFFFFFFFFFFFFFFFFFFFFFFFFFFFFFFFFFFFFFFFCC
:20B4A000FFFFFFFFFFFFFFFFFFFFFFFFFFFFFFFFFFFFFFFFFFFFFFFFFFFFFFFFFFFFFFFFAC
:20B4C000FFFFFFFFFFFFFFFFFFFFFFFFFFFFFFFFFFFFFFFFFFFFFFFFFFFFFFFFFFFFFFFF8C
:20B4E000FFFFFFFFFFFFFFFFFFFFFFFFFFFFFFFFFFFFFFFFFFFFFFFFFFFFFFFFFFFFFFFF6C
:20B50000FFFFFFFFFFFFFFFFFFFFFFFFFFFFFFFFFFFFFFFFFFFFFFFFFFFFFFFFFFFFFFFF4B
:20B52000FFFFFFFFFFFFFFFFFFFFFFFFFFFFFFFFFFFFFFFFFFFFFFFFFFFFFFFFFFFFFFFF2B
:20B54000FFFFFFFFFFFFFFFFFFFFFFFFFFFFFFFFFFFFFFFFFFFFFFFFFFFFFFFFFFFFFFFF0B
:20B56000FFFFFFFFFFFFFFFFFFFFFFFFFFFFFFFFFFFFFFFFFFFFFFFFFFFFFFFFFFFFFFFFEB
:20B58000FFFFFFFFFFFFFFFFFFFFFFFFFFFFFFFFFFFFFFFFFFFFFFFFFFFFFFFFFFFFFFFFCB
:20B5A000FFFFFFFFFFFFFFFFFFFFFFFFFFFFFFFFFFFFFFFFFFFFFFFFFFFFFFFFFFFFFFFFAB
:20B5C000FFFFFFFFFFFFFFFFFFFFFFFFFFFFFFFFFFFFFFFFFFFFFFFFFFFFFFFFFFFFFFFF8B
:20B5E000FFFFFFFFFFFFFFFFFFFFFFFFFFFFFFFFFFFFFFFFFFFFFFFFFFFFFFFFFFFFFFFF6B
:20B60000FFFFFFFFFFFFFFFFFFFFFFFFFFFFFFFFFFFFFFFFFFFFFFFFFFFFFFFFFFFFFFFF4A
:20B62000FFFFFFFFFFFFFFFFFFFFFFFFFFFFFFFFFFFFFFFFFFFFFFFFFFFFFFFFFFFFFFFF2A
:20B64000FFFFFFFFFFFFFFFFFFFFFFFFFFFFFFFFFFFFFFFFFFFFFFFFFFFFFFFFFFFFFFFF0A
:20B66000FFFFFFFFFFFFFFFFFFFFFFFFFFFFFFFFFFFFFFFFFFFFFFFFFFFFFFFFFFFFFFFFEA
:20B68000FFFFFFFFFFFFFFFFFFFFFFFFFFFFFFFFFFFFFFFFFFFFFFFFFFFFFFFFFFFFFFFFCA
:20B6A000FFFFFFFFFFFFFFFFFFFFFFFFFFFFFFFFFFFFFFFFFFFFFFFFFFFFFFFFFFFFFFFFAA
:20B6C000FFFFFFFFFFFFFFFFFFFFFFFFFFFFFFFFFFFFFFFFFFFFFFFFFFFFFFFFFFFFFFFF8A
:20B6E000FFFFFFFFFFFFFFFFFFFFFFFFFFFFFFFFFFFFFFFFFFFFFFFFFFFFFFFFFFFFFFFF6A
:20B70000FFFFFFFFFFFFFFFFFFFFFFFFFFFFFFFFFFFFFFFFFFFFFFFFFFFFFFFFFFFFFFFF49
:20B72000FFFFFFFFFFFFFFFFFFFFFFFFFFFFFFFFFFFFFFFFFFFFFFFFFFFFFFFFFFFFFFFF29
:20B74000FFFFFFFFFFFFFFFFFFFFFFFFFFFFFFFFFFFFFFFFFFFFFFFFFFFFFFFFFFFFFFFF09
:20B76000FFFFFFFFFFFFFFFFFFFFFFFFFFFFFFFFFFFFFFFFFFFFFFFFFFFFFFFFFFFFFFFFE9
:20B78000FFFFFFFFFFFFFFFFFFFFFFFFFFFFFFFFFFFFFFFFFFFFFFFFFFFFFFFFFFFFFFFFC9
:20B7A000FFFFFFFFFFFFFFFFFFFFFFFFFFFFFFFFFFFFFFFFFFFFFFFFFFFFFFFFFFFFFFFFA9
:20B7C000FFFFFFFFFFFFFFFFFFFFFFFFFFFFFFFFFFFFFFFFFFFFFFFFFFFFFFFFFFFFFFFF89
:20B7E000FFFFFFFFFFFFFFFFFFFFFFFFFFFFFFFFFFFFFFFFFFFFFFFFFFFFFFFFFFFFFFFF69
:20B80000FFFFFFFFFFFFFFFFFFFFFFFFFFFFFFFFFFFFFFFFFFFFFFFFFFFFFFFFFFFFFFFF48
:20B82000FFFFFFFFFFFFFFFFFFFFFFFFFFFFFFFFFFFFFFFFFFFFFFFFFFFFFFFFFFFFFFFF28
:20B84000FFFFFFFFFFFFFFFFFFFFFFFFFFFFFFFFFFFFFFFFFFFFFFFFFFFFFFFFFFFFFFFF08
:20B86000FFFFFFFFFFFFFFFFFFFFFFFFFFFFFFFFFFFFFFFFFFFFFFFFFFFFFFFFFFFFFFFFE8
:20B88000FFFFFFFFFFFFFFFFFFFFFFFFFFFFFFFFFFFFFFFFFFFFFFFFFFFFFFFFFFFFFFFFC8
:20B8A000FFFFFFFFFFFFFFFFFFFFFFFFFFFFFFFFFFFFFFFFFFFFFFFFFFFFFFFFFFFFFFFFA8
:20B8C000FFFFFFFFFFFFFFFFFFFFFFFFFFFFFFFFFFFFFFFFFFFFFFFFFFFFFFFFFFFFFFFF88
:20B8E000FFFFFFFFFFFFFFFFFFFFFFFFFFFFFFFFFFFFFFFFFFFFFFFFFFFFFFFFFFFFFFFF68
:20B90000FFFFFFFFFFFFFFFFFFFFFFFFFFFFFFFFFFFFFFFFFFFFFFFFFFFFFFFFFFFFFFFF47
:20B92000FFFFFFFFFFFFFFFFFFFFFFFFFFFFFFFFFFFFFFFFFFFFFFFFFFFFFFFFFFFFFFFF27
:20B94000FFFFFFFFFFFFFFFFFFFFFFFFFFFFFFFFFFFFFFFFFFFFFFFFFFFFFFFFFFFFFFFF07
:20B96000FFFFFFFFFFFFFFFFFFFFFFFFFFFFFFFFFFFFFFFFFFFFFFFFFFFFFFFFFFFFFFFFE7
:20B98000FFFFFFFFFFFFFFFFFFFFFFFFFFFFFFFFFFFFFFFFFFFFFFFFFFFFFFFFFFFFFFFFC7
:20B9A000FFFFFFFFFFFFFFFFFFFFFFFFFFFFFFFFFFFFFFFFFFFFFFFFFFFFFFFFFFFFFFFFA7
:20B9C000FFFFFFFFFFFFFFFFFFFFFFFFFFFFFFFFFFFFFFFFFFFFFFFFFFFFFFFFFFFFFFFF87
:20B9E000FFFFFFFFFFFFFFFFFFFFFFFFFFFFFFFFFFFFFFFFFFFFFFFFFFFFFFFFFFFFFFFF67
:20BA0000FFFFFFFFFFFFFFFFFFFFFFFFFFFFFFFFFFFFFFFFFFFFFFFFFFFFFFFFFFFFFFFF46
:20BA2000FFFFFFFFFFFFFFFFFFFFFFFFFFFFFFFFFFFFFFFFFFFFFFFFFFFFFFFFFFFFFFFF26
:20BA4000FFFFFFFFFFFFFFFFFFFFFFFFFFFFFFFFFFFFFFFFFFFFFFFFFFFFFFFFFFFFFFFF06
:20BA6000FFFFFFFFFFFFFFFFFFFFFFFFFFFFFFFFFFFFFFFFFFFFFFFFFFFFFFFFFFFFFFFFE6
:20BA8000FFFFFFFFFFFFFFFFFFFFFFFFFFFFFFFFFFFFFFFFFFFFFFFFFFFFFFFFFFFFFFFFC6
:20BAA000FFFFFFFFFFFFFFFFFFFFFFFFFFFFFFFFFFFFFFFFFFFFFFFFFFFFFFFFFFFFFFFFA6
:20BAC000FFFFFFFFFFFFFFFFFFFFFFFFFFFFFFFFFFFFFFFFFFFFFFFFFFFFFFFFFFFFFFFF86
:20BAE000FFFFFFFFFFFFFFFFFFFFFFFFFFFFFFFFFFFFFFFFFFFFFFFFFFFFFFFFFFFFFFFF66
:20BB0000FFFFFFFFFFFFFFFFFFFFFFFFFFFFFFFFFFFFFFFFFFFFFFFFFFFFFFFFFFFFFFFF45
:20BB2000FFFFFFFFFFFFFFFFFFFFFFFFFFFFFFFFFFFFFFFFFFFFFFFFFFFFFFFFFFFFFFFF25
:20BB4000FFFFFFFFFFFFFFFFFFFFFFFFFFFFFFFFFFFFFFFFFFFFFFFFFFFFFFFFFFFFFFFF05
:20BB6000FFFFFFFFFFFFFFFFFFFFFFFFFFFFFFFFFFFFFFFFFFFFFFFFFFFFFFFFFFFFFFFFE5
:20BB8000FFFFFFFFFFFFFFFFFFFFFFFFFFFFFFFFFFFFFFFFFFFFFFFFFFFFFFFFFFFFFFFFC5
:20BBA000FFFFFFFFFFFFFFFFFFFFFFFFFFFFFFFFFFFFFFFFFFFFFFFFFFFFFFFFFFFFFFFFA5
:20BBC000FFFFFFFFFFFFFFFFFFFFFFFFFFFFFFFFFFFFFFFFFFFFFFFFFFFFFFFFFFFFFFFF85
:20BBE000FFFFFFFFFFFFFFFFFFFFFFFFFFFFFFFFFFFFFFFFFFFFFFFFFFFFFFFFFFFFFFFF65
:20BC0000FFFFFFFFFFFFFFFFFFFFFFFFFFFFFFFFFFFFFFFFFFFFFFFFFFFFFFFFFFFFFFFF44
:20BC2000FFFFFFFFFFFFFFFFFFFFFFFFFFFFFFFFFFFFFFFFFFFFFFFFFFFFFFFFFFFFFFFF24
:20BC4000FFFFFFFFFFFFFFFFFFFFFFFFFFFFFFFFFFFFFFFFFFFFFFFFFFFFFFFFFFFFFFFF04
:20BC6000FFFFFFFFFFFFFFFFFFFFFFFFFFFFFFFFFFFFFFFFFFFFFFFFFFFFFFFFFFFFFFFFE4
:20BC8000FFFFFFFFFFFFFFFFFFFFFFFFFFFFFFFFFFFFFFFFFFFFFFFFFFFFFFFFFFFFFFFFC4
:20BCA000FFFFFFFFFFFFFFFFFFFFFFFFFFFFFFFFFFFFFFFFFFFFFFFFFFFFFFFFFFFFFFFFA4
:20BCC000FFFFFFFFFFFFFFFFFFFFFFFFFFFFFFFFFFFFFFFFFFFFFFFFFFFFFFFFFFFFFFFF84
:20BCE000FFFFFFFFFFFFFFFFFFFFFFFFFFFFFFFFFFFFFFFFFFFFFFFFFFFFFFFFFFFFFFFF64
:20BD0000FFFFFFFFFFFFFFFFFFFFFFFFFFFFFFFFFFFFFFFFFFFFFFFFFFFFFFFFFFFFFFFF43
:20BD2000FFFFFFFFFFFFFFFFFFFFFFFFFFFFFFFFFFFFFFFFFFFFFFFFFFFFFFFFFFFFFFFF23
:20BD4000FFFFFFFFFFFFFFFFFFFFFFFFFFFFFFFFFFFFFFFFFFFFFFFFFFFFFFFFFFFFFFFF03
:20BD6000FFFFFFFFFFFFFFFFFFFFFFFFFFFFFFFFFFFFFFFFFFFFFFFFFFFFFFFFFFFFFFFFE3
:20BD8000FFFFFFFFFFFFFFFFFFFFFFFFFFFFFFFFFFFFFFFFFFFFFFFFFFFFFFFFFFFFFFFFC3
:20BDA000FFFFFFFFFFFFFFFFFFFFFFFFFFFFFFFFFFFFFFFFFFFFFFFFFFFFFFFFFFFFFFFFA3
:20BDC000FFFFFFFFFFFFFFFFFFFFFFFFFFFFFFFFFFFFFFFFFFFFFFFFFFFFFFFFFFFFFFFF83
:20BDE000FFFFFFFFFFFFFFFFFFFFFFFFFFFFFFFFFFFFFFFFFFFFFFFFFFFFFFFFFFFFFFFF63
:20BE0000FFFFFFFFFFFFFFFFFFFFFFFFFFFFFFFFFFFFFFFFFFFFFFFFFFFFFFFFFFFFFFFF42
:20BE2000FFFFFFFFFFFFFFFFFFFFFFFFFFFFFFFFFFFFFFFFFFFFFFFFFFFFFFFFFFFFFFFF22
:20BE4000FFFFFFFFFFFFFFFFFFFFFFFFFFFFFFFFFFFFFFFFFFFFFFFFFFFFFFFFFFFFFFFF02
:20BE6000FFFFFFFFFFFFFFFFFFFFFFFFFFFFFFFFFFFFFFFFFFFFFFFFFFFFFFFFFFFFFFFFE2
:20BE8000FFFFFFFFFFFFFFFFFFFFFFFFFFFFFFFFFFFFFFFFFFFFFFFFFFFFFFFFFFFFFFFFC2
:20BEA000FFFFFFFFFFFFFFFFFFFFFFFFFFFFFFFFFFFFFFFFFFFFFFFFFFFFFFFFFFFFFFFFA2
:20BEC000FFFFFFFFFFFFFFFFFFFFFFFFFFFFFFFFFFFFFFFFFFFFFFFFFFFFFFFFFFFFFFFF82
:20BEE000FFFFFFFFFFFFFFFFFFFFFFFFFFFFFFFFFFFFFFFFFFFFFFFFFFFFFFFFFFFFFFFF62
:20BF0000FFFFFFFFFFFFFFFFFFFFFFFFFFFFFFFFFFFFFFFFFFFFFFFFFFFFFFFFFFFFFFFF41
:20BF2000FFFFFFFFFFFFFFFFFFFFFFFFFFFFFFFFFFFFFFFFFFFFFFFFFFFFFFFFFFFFFFFF21
:20BF4000FFFFFFFFFFFFFFFFFFFFFFFFFFFFFFFFFFFFFFFFFFFFFFFFFFFFFFFFFFFFFFFF01
:20BF6000FFFFFFFFFFFFFFFFFFFFFFFFFFFFFFFFFFFFFFFFFFFFFFFFFFFFFFFFFFFFFFFFE1
:20BF8000FFFFFFFFFFFFFFFFFFFFFFFFFFFFFFFFFFFFFFFFFFFFFFFFFFFFFFFFFFFFFFFFC1
:20BFA000FFFFFFFFFFFFFFFFFFFFFFFFFFFFFFFFFFFFFFFFFFFFFFFFFFFFFFFFFFFFFFFFA1
:20BFC000FFFFFFFFFFFFFFFFFFFFFFFFFFFFFFFFFFFFFFFFFFFFFFFFFFFFFFFFFFFFFFFF81
:20BFE000FFFFFFFFFFFFFFFFFFFFFFFFFFFFFFFFFFFFFFFFFFFFFFFFFFFFFFFFFFFFFFFF61
:20C00000FFFFFFFFFFFFFFFFFFFFFFFFFFFFFFFFFFFFFFFFFFFFFFFFFFFFFFFFFFFFFFFF40
:20C02000FFFFFFFFFFFFFFFFFFFFFFFFFFFFFFFFFFFFFFFFFFFFFFFFFFFFFFFFFFFFFFFF20
:20C04000FFFFFFFFFFFFFFFFFFFFFFFFFFFFFFFFFFFFFFFFFFFFFFFFFFFFFFFFFFFFFFFF00
:20C06000FFFFFFFFFFFFFFFFFFFFFFFFFFFFFFFFFFFFFFFFFFFFFFFFFFFFFFFFFFFFFFFFE0
:20C08000FFFFFFFFFFFFFFFFFFFFFFFFFFFFFFFFFFFFFFFFFFFFFFFFFFFFFFFFFFFFFFFFC0
:20C0A000FFFFFFFFFFFFFFFFFFFFFFFFFFFFFFFFFFFFFFFFFFFFFFFFFFFFFFFFFFFFFFFFA0
:20C0C000FFFFFFFFFFFFFFFFFFFFFFFFFFFFFFFFFFFFFFFFFFFFFFFFFFFFFFFFFFFFFFFF80
:20C0E000FFFFFFFFFFFFFFFFFFFFFFFFFFFFFFFFFFFFFFFFFFFFFFFFFFFFFFFFFFFFFFFF60
:20C10000FFFFFFFFFFFFFFFFFFFFFFFFFFFFFFFFFFFFFFFFFFFFFFFFFFFFFFFFFFFFFFFF3F
:20C12000FFFFFFFFFFFFFFFFFFFFFFFFFFFFFFFFFFFFFFFFFFFFFFFFFFFFFFFFFFFFFFFF1F
:20C14000FFFFFFFFFFFFFFFFFFFFFFFFFFFFFFFFFFFFFFFFFFFFFFFFFFFFFFFFFFFFFFFFFF
:20C16000FFFFFFFFFFFFFFFFFFFFFFFFFFFFFFFFFFFFFFFFFFFFFFFFFFFFFFFFFFFFFFFFDF
:20C18000FFFFFFFFFFFFFFFFFFFFFFFFFFFFFFFFFFFFFFFFFFFFFFFFFFFFFFFFFFFFFFFFBF
:20C1A000FFFFFFFFFFFFFFFFFFFFFFFFFFFFFFFFFFFFFFFFFFFFFFFFFFFFFFFFFFFFFFFF9F
:20C1C000FFFFFFFFFFFFFFFFFFFFFFFFFFFFFFFFFFFFFFFFFFFFFFFFFFFFFFFFFFFFFFFF7F
:20C1E000FFFFFFFFFFFFFFFFFFFFFFFFFFFFFFFFFFFFFFFFFFFFFFFFFFFFFFFFFFFFFFFF5F
:20C20000FFFFFFFFFFFFFFFFFFFFFFFFFFFFFFFFFFFFFFFFFFFFFFFFFFFFFFFFFFFFFFFF3E
:20C22000FFFFFFFFFFFFFFFFFFFFFFFFFFFFFFFFFFFFFFFFFFFFFFFFFFFFFFFFFFFFFFFF1E
:20C24000FFFFFFFFFFFFFFFFFFFFFFFFFFFFFFFFFFFFFFFFFFFFFFFFFFFFFFFFFFFFFFFFFE
:20C26000FFFFFFFFFFFFFFFFFFFFFFFFFFFFFFFFFFFFFFFFFFFFFFFFFFFFFFFFFFFFFFFFDE
:20C28000FFFFFFFFFFFFFFFFFFFFFFFFFFFFFFFFFFFFFFFFFFFFFFFFFFFFFFFFFFFFFFFFBE
:20C2A000FFFFFFFFFFFFFFFFFFFFFFFFFFFFFFFFFFFFFFFFFFFFFFFFFFFFFFFFFFFFFFFF9E
:20C2C000FFFFFFFFFFFFFFFFFFFFFFFFFFFFFFFFFFFFFFFFFFFFFFFFFFFFFFFFFFFFFFFF7E
:20C2E000FFFFFFFFFFFFFFFFFFFFFFFFFFFFFFFFFFFFFFFFFFFFFFFFFFFFFFFFFFFFFFFF5E
:20C30000FFFFFFFFFFFFFFFFFFFFFFFFFFFFFFFFFFFFFFFFFFFFFFFFFFFFFFFFFFFFFFFF3D
:20C32000FFFFFFFFFFFFFFFFFFFFFFFFFFFFFFFFFFFFFFFFFFFFFFFFFFFFFFFFFFFFFFFF1D
:20C34000FFFFFFFFFFFFFFFFFFFFFFFFFFFFFFFFFFFFFFFFFFFFFFFFFFFFFFFFFFFFFFFFFD
:20C36000FFFFFFFFFFFFFFFFFFFFFFFFFFFFFFFFFFFFFFFFFFFFFFFFFFFFFFFFFFFFFFFFDD
:20C38000FFFFFFFFFFFFFFFFFFFFFFFFFFFFFFFFFFFFFFFFFFFFFFFFFFFFFFFFFFFFFFFFBD
:20C3A000FFFFFFFFFFFFFFFFFFFFFFFFFFFFFFFFFFFFFFFFFFFFFFFFFFFFFFFFFFFFFFFF9D
:20C3C000FFFFFFFFFFFFFFFFFFFFFFFFFFFFFFFFFFFFFFFFFFFFFFFFFFFFFFFFFFFFFFFF7D
:20C3E000FFFFFFFFFFFFFFFFFFFFFFFFFFFFFFFFFFFFFFFFFFFFFFFFFFFFFFFFFFFFFFFF5D
:20C40000FFFFFFFFFFFFFFFFFFFFFFFFFFFFFFFFFFFFFFFFFFFFFFFFFFFFFFFFFFFFFFFF3C
:20C42000FFFFFFFFFFFFFFFFFFFFFFFFFFFFFFFFFFFFFFFFFFFFFFFFFFFFFFFFFFFFFFFF1C
:20C44000FFFFFFFFFFFFFFFFFFFFFFFFFFFFFFFFFFFFFFFFFFFFFFFFFFFFFFFFFFFFFFFFFC
:20C46000FFFFFFFFFFFFFFFFFFFFFFFFFFFFFFFFFFFFFFFFFFFFFFFFFFFFFFFFFFFFFFFFDC
:20C48000FFFFFFFFFFFFFFFFFFFFFFFFFFFFFFFFFFFFFFFFFFFFFFFFFFFFFFFFFFFFFFFFBC
:20C4A000FFFFFFFFFFFFFFFFFFFFFFFFFFFFFFFFFFFFFFFFFFFFFFFFFFFFFFFFFFFFFFFF9C
:20C4C000FFFFFFFFFFFFFFFFFFFFFFFFFFFFFFFFFFFFFFFFFFFFFFFFFFFFFFFFFFFFFFFF7C
:20C4E000FFFFFFFFFFFFFFFFFFFFFFFFFFFFFFFFFFFFFFFFFFFFFFFFFFFFFFFFFFFFFFFF5C
:20C50000FFFFFFFFFFFFFFFFFFFFFFFFFFFFFFFFFFFFFFFFFFFFFFFFFFFFFFFFFFFFFFFF3B
:20C52000FFFFFFFFFFFFFFFFFFFFFFFFFFFFFFFFFFFFFFFFFFFFFFFFFFFFFFFFFFFFFFFF1B
:20C54000FFFFFFFFFFFFFFFFFFFFFFFFFFFFFFFFFFFFFFFFFFFFFFFFFFFFFFFFFFFFFFFFFB
:20C56000FFFFFFFFFFFFFFFFFFFFFFFFFFFFFFFFFFFFFFFFFFFFFFFFFFFFFFFFFFFFFFFFDB
:20C58000FFFFFFFFFFFFFFFFFFFFFFFFFFFFFFFFFFFFFFFFFFFFFFFFFFFFFFFFFFFFFFFFBB
:20C5A000FFFFFFFFFFFFFFFFFFFFFFFFFFFFFFFFFFFFFFFFFFFFFFFFFFFFFFFFFFFFFFFF9B
:20C5C000FFFFFFFFFFFFFFFFFFFFFFFFFFFFFFFFFFFFFFFFFFFFFFFFFFFFFFFFFFFFFFFF7B
:20C5E000FFFFFFFFFFFFFFFFFFFFFFFFFFFFFFFFFFFFFFFFFFFFFFFFFFFFFFFFFFFFFFFF5B
:20C60000FFFFFFFFFFFFFFFFFFFFFFFFFFFFFFFFFFFFFFFFFFFFFFFFFFFFFFFFFFFFFFFF3A
:20C62000FFFFFFFFFFFFFFFFFFFFFFFFFFFFFFFFFFFFFFFFFFFFFFFFFFFFFFFFFFFFFFFF1A
:20C64000FFFFFFFFFFFFFFFFFFFFFFFFFFFFFFFFFFFFFFFFFFFFFFFFFFFFFFFFFFFFFFFFFA
:20C66000FFFFFFFFFFFFFFFFFFFFFFFFFFFFFFFFFFFFFFFFFFFFFFFFFFFFFFFFFFFFFFFFDA
:20C68000FFFFFFFFFFFFFFFFFFFFFFFFFFFFFFFFFFFFFFFFFFFFFFFFFFFFFFFFFFFFFFFFBA
:20C6A000FFFFFFFFFFFFFFFFFFFFFFFFFFFFFFFFFFFFFFFFFFFFFFFFFFFFFFFFFFFFFFFF9A
:20C6C000FFFFFFFFFFFFFFFFFFFFFFFFFFFFFFFFFFFFFFFFFFFFFFFFFFFFFFFFFFFFFFFF7A
:20C6E000FFFFFFFFFFFFFFFFFFFFFFFFFFFFFFFFFFFFFFFFFFFFFFFFFFFFFFFFFFFFFFFF5A
:20C70000FFFFFFFFFFFFFFFFFFFFFFFFFFFFFFFFFFFFFFFFFFFFFFFFFFFFFFFFFFFFFFFF39
:20C72000FFFFFFFFFFFFFFFFFFFFFFFFFFFFFFFFFFFFFFFFFFFFFFFFFFFFFFFFFFFFFFFF19
:20C74000FFFFFFFFFFFFFFFFFFFFFFFFFFFFFFFFFFFFFFFFFFFFFFFFFFFFFFFFFFFFFFFFF9
:20C76000FFFFFFFFFFFFFFFFFFFFFFFFFFFFFFFFFFFFFFFFFFFFFFFFFFFFFFFFFFFFFFFFD9
:20C78000FFFFFFFFFFFFFFFFFFFFFFFFFFFFFFFFFFFFFFFFFFFFFFFFFFFFFFFFFFFFFFFFB9
:20C7A000FFFFFFFFFFFFFFFFFFFFFFFFFFFFFFFFFFFFFFFFFFFFFFFFFFFFFFFFFFFFFFFF99
:20C7C000FFFFFFFFFFFFFFFFFFFFFFFFFFFFFFFFFFFFFFFFFFFFFFFFFFFFFFFFFFFFFFFF79
:20C7E000FFFFFFFFFFFFFFFFFFFFFFFFFFFFFFFFFFFFFFFFFFFFFFFFFFFFFFFFFFFFFFFF59
:20C80000FFFFFFFFFFFFFFFFFFFFFFFFFFFFFFFFFFFFFFFFFFFFFFFFFFFFFFFFFFFFFFFF38
:20C82000FFFFFFFFFFFFFFFFFFFFFFFFFFFFFFFFFFFFFFFFFFFFFFFFFFFFFFFFFFFFFFFF18
:20C84000FFFFFFFFFFFFFFFFFFFFFFFFFFFFFFFFFFFFFFFFFFFFFFFFFFFFFFFFFFFFFFFFF8
:20C86000FFFFFFFFFFFFFFFFFFFFFFFFFFFFFFFFFFFFFFFFFFFFFFFFFFFFFFFFFFFFFFFFD8
:20C88000FFFFFFFFFFFFFFFFFFFFFFFFFFFFFFFFFFFFFFFFFFFFFFFFFFFFFFFFFFFFFFFFB8
:20C8A000FFFFFFFFFFFFFFFFFFFFFFFFFFFFFFFFFFFFFFFFFFFFFFFFFFFFFFFFFFFFFFFF98
:20C8C000FFFFFFFFFFFFFFFFFFFFFFFFFFFFFFFFFFFFFFFFFFFFFFFFFFFFFFFFFFFFFFFF78
:20C8E000FFFFFFFFFFFFFFFFFFFFFFFFFFFFFFFFFFFFFFFFFFFFFFFFFFFFFFFFFFFFFFFF58
:20C90000FFFFFFFFFFFFFFFFFFFFFFFFFFFFFFFFFFFFFFFFFFFFFFFFFFFFFFFFFFFFFFFF37
:20C92000FFFFFFFFFFFFFFFFFFFFFFFFFFFFFFFFFFFFFFFFFFFFFFFFFFFFFFFFFFFFFFFF17
:20C94000FFFFFFFFFFFFFFFFFFFFFFFFFFFFFFFFFFFFFFFFFFFFFFFFFFFFFFFFFFFFFFFFF7
:20C96000FFFFFFFFFFFFFFFFFFFFFFFFFFFFFFFFFFFFFFFFFFFFFFFFFFFFFFFFFFFFFFFFD7
:20C98000FFFFFFFFFFFFFFFFFFFFFFFFFFFFFFFFFFFFFFFFFFFFFFFFFFFFFFFFFFFFFFFFB7
:20C9A000FFFFFFFFFFFFFFFFFFFFFFFFFFFFFFFFFFFFFFFFFFFFFFFFFFFFFFFFFFFFFFFF97
:20C9C000FFFFFFFFFFFFFFFFFFFFFFFFFFFFFFFFFFFFFFFFFFFFFFFFFFFFFFFFFFFFFFFF77
:20C9E000FFFFFFFFFFFFFFFFFFFFFFFFFFFFFFFFFFFFFFFFFFFFFFFFFFFFFFFFFFFFFFFF57
:20CA0000FFFFFFFFFFFFFFFFFFFFFFFFFFFFFFFFFFFFFFFFFFFFFFFFFFFFFFFFFFFFFFFF36
:20CA2000FFFFFFFFFFFFFFFFFFFFFFFFFFFFFFFFFFFFFFFFFFFFFFFFFFFFFFFFFFFFFFFF16
:20CA4000FFFFFFFFFFFFFFFFFFFFFFFFFFFFFFFFFFFFFFFFFFFFFFFFFFFFFFFFFFFFFFFFF6
:20CA6000FFFFFFFFFFFFFFFFFFFFFFFFFFFFFFFFFFFFFFFFFFFFFFFFFFFFFFFFFFFFFFFFD6
:20CA8000FFFFFFFFFFFFFFFFFFFFFFFFFFFFFFFFFFFFFFFFFFFFFFFFFFFFFFFFFFFFFFFFB6
:20CAA000FFFFFFFFFFFFFFFFFFFFFFFFFFFFFFFFFFFFFFFFFFFFFFFFFFFFFFFFFFFFFFFF96
:20CAC000FFFFFFFFFFFFFFFFFFFFFFFFFFFFFFFFFFFFFFFFFFFFFFFFFFFFFFFFFFFFFFFF76
:20CAE000FFFFFFFFFFFFFFFFFFFFFFFFFFFFFFFFFFFFFFFFFFFFFFFFFFFFFFFFFFFFFFFF56
:20CB0000FFFFFFFFFFFFFFFFFFFFFFFFFFFFFFFFFFFFFFFFFFFFFFFFFFFFFFFFFFFFFFFF35
:20CB2000FFFFFFFFFFFFFFFFFFFFFFFFFFFFFFFFFFFFFFFFFFFFFFFFFFFFFFFFFFFFFFFF15
:20CB4000FFFFFFFFFFFFFFFFFFFFFFFFFFFFFFFFFFFFFFFFFFFFFFFFFFFFFFFFFFFFFFFFF5
:20CB6000FFFFFFFFFFFFFFFFFFFFFFFFFFFFFFFFFFFFFFFFFFFFFFFFFFFFFFFFFFFFFFFFD5
:20CB8000FFFFFFFFFFFFFFFFFFFFFFFFFFFFFFFFFFFFFFFFFFFFFFFFFFFFFFFFFFFFFFFFB5
:20CBA000FFFFFFFFFFFFFFFFFFFFFFFFFFFFFFFFFFFFFFFFFFFFFFFFFFFFFFFFFFFFFFFF95
:20CBC000FFFFFFFFFFFFFFFFFFFFFFFFFFFFFFFFFFFFFFFFFFFFFFFFFFFFFFFFFFFFFFFF75
:20CBE000FFFFFFFFFFFFFFFFFFFFFFFFFFFFFFFFFFFFFFFFFFFFFFFFFFFFFFFFFFFFFFFF55
:20CC0000FFFFFFFFFFFFFFFFFFFFFFFFFFFFFFFFFFFFFFFFFFFFFFFFFFFFFFFFFFFFFFFF34
:20CC2000FFFFFFFFFFFFFFFFFFFFFFFFFFFFFFFFFFFFFFFFFFFFFFFFFFFFFFFFFFFFFFFF14
:20CC4000FFFFFFFFFFFFFFFFFFFFFFFFFFFFFFFFFFFFFFFFFFFFFFFFFFFFFFFFFFFFFFFFF4
:20CC6000FFFFFFFFFFFFFFFFFFFFFFFFFFFFFFFFFFFFFFFFFFFFFFFFFFFFFFFFFFFFFFFFD4
:20CC8000FFFFFFFFFFFFFFFFFFFFFFFFFFFFFFFFFFFFFFFFFFFFFFFFFFFFFFFFFFFFFFFFB4
:20CCA000FFFFFFFFFFFFFFFFFFFFFFFFFFFFFFFFFFFFFFFFFFFFFFFFFFFFFFFFFFFFFFFF94
:20CCC000FFFFFFFFFFFFFFFFFFFFFFFFFFFFFFFFFFFFFFFFFFFFFFFFFFFFFFFFFFFFFFFF74
:20CCE000FFFFFFFFFFFFFFFFFFFFFFFFFFFFFFFFFFFFFFFFFFFFFFFFFFFFFFFFFFFFFFFF54
:20CD0000FFFFFFFFFFFFFFFFFFFFFFFFFFFFFFFFFFFFFFFFFFFFFFFFFFFFFFFFFFFFFFFF33
:20CD2000FFFFFFFFFFFFFFFFFFFFFFFFFFFFFFFFFFFFFFFFFFFFFFFFFFFFFFFFFFFFFFFF13
:20CD4000FFFFFFFFFFFFFFFFFFFFFFFFFFFFFFFFFFFFFFFFFFFFFFFFFFFFFFFFFFFFFFFFF3
:20CD6000FFFFFFFFFFFFFFFFFFFFFFFFFFFFFFFFFFFFFFFFFFFFFFFFFFFFFFFFFFFFFFFFD3
:20CD8000FFFFFFFFFFFFFFFFFFFFFFFFFFFFFFFFFFFFFFFFFFFFFFFFFFFFFFFFFFFFFFFFB3
:20CDA000FFFFFFFFFFFFFFFFFFFFFFFFFFFFFFFFFFFFFFFFFFFFFFFFFFFFFFFFFFFFFFFF93
:20CDC000FFFFFFFFFFFFFFFFFFFFFFFFFFFFFFFFFFFFFFFFFFFFFFFFFFFFFFFFFFFFFFFF73
:20CDE000FFFFFFFFFFFFFFFFFFFFFFFFFFFFFFFFFFFFFFFFFFFFFFFFFFFFFFFFFFFFFFFF53
:20CE0000FFFFFFFFFFFFFFFFFFFFFFFFFFFFFFFFFFFFFFFFFFFFFFFFFFFFFFFFFFFFFFFF32
:20CE2000FFFFFFFFFFFFFFFFFFFFFFFFFFFFFFFFFFFFFFFFFFFFFFFFFFFFFFFFFFFFFFFF12
:20CE4000FFFFFFFFFFFFFFFFFFFFFFFFFFFFFFFFFFFFFFFFFFFFFFFFFFFFFFFFFFFFFFFFF2
:20CE6000FFFFFFFFFFFFFFFFFFFFFFFFFFFFFFFFFFFFFFFFFFFFFFFFFFFFFFFFFFFFFFFFD2
:20CE8000FFFFFFFFFFFFFFFFFFFFFFFFFFFFFFFFFFFFFFFFFFFFFFFFFFFFFFFFFFFFFFFFB2
:20CEA000FFFFFFFFFFFFFFFFFFFFFFFFFFFFFFFFFFFFFFFFFFFFFFFFFFFFFFFFFFFFFFFF92
:20CEC000FFFFFFFFFFFFFFFFFFFFFFFFFFFFFFFFFFFFFFFFFFFFFFFFFFFFFFFFFFFFFFFF72
:20CEE000FFFFFFFFFFFFFFFFFFFFFFFFFFFFFFFFFFFFFFFFFFFFFFFFFFFFFFFFFFFFFFFF52
:20CF0000FFFFFFFFFFFFFFFFFFFFFFFFFFFFFFFFFFFFFFFFFFFFFFFFFFFFFFFFFFFFFFFF31
:20CF2000FFFFFFFFFFFFFFFFFFFFFFFFFFFFFFFFFFFFFFFFFFFFFFFFFFFFFFFFFFFFFFFF11
:20CF4000FFFFFFFFFFFFFFFFFFFFFFFFFFFFFFFFFFFFFFFFFFFFFFFFFFFFFFFFFFFFFFFFF1
:20CF6000FFFFFFFFFFFFFFFFFFFFFFFFFFFFFFFFFFFFFFFFFFFFFFFFFFFFFFFFFFFFFFFFD1
:20CF8000FFFFFFFFFFFFFFFFFFFFFFFFFFFFFFFFFFFFFFFFFFFFFFFFFFFFFFFFFFFFFFFFB1
:20CFA000FFFFFFFFFFFFFFFFFFFFFFFFFFFFFFFFFFFFFFFFFFFFFFFFFFFFFFFFFFFFFFFF91
:20CFC000FFFFFFFFFFFFFFFFFFFFFFFFFFFFFFFFFFFFFFFFFFFFFFFFFFFFFFFFFFFFFFFF71
:20CFE000FFFFFFFFFFFFFFFFFFFFFFFFFFFFFFFFFFFFFFFFFFFFFFFFFFFFFFFFFFFFFFFF51
:20D00000FFFFFFFFFFFFFFFFFFFFFFFFFFFFFFFFFFFFFFFFFFFFFFFFFFFFFFFFFFFFFFFF30
:20D02000FFFFFFFFFFFFFFFFFFFFFFFFFFFFFFFFFFFFFFFFFFFFFFFFFFFFFFFFFFFFFFFF10
:20D04000FFFFFFFFFFFFFFFFFFFFFFFFFFFFFFFFFFFFFFFFFFFFFFFFFFFFFFFFFFFFFFFFF0
:20D06000FFFFFFFFFFFFFFFFFFFFFFFFFFFFFFFFFFFFFFFFFFFFFFFFFFFFFFFFFFFFFFFFD0
:20D08000FFFFFFFFFFFFFFFFFFFFFFFFFFFFFFFFFFFFFFFFFFFFFFFFFFFFFFFFFFFFFFFFB0
:20D0A000FFFFFFFFFFFFFFFFFFFFFFFFFFFFFFFFFFFFFFFFFFFFFFFFFFFFFFFFFFFFFFFF90
:20D0C000FFFFFFFFFFFFFFFFFFFFFFFFFFFFFFFFFFFFFFFFFFFFFFFFFFFFFFFFFFFFFFFF70
:20D0E000FFFFFFFFFFFFFFFFFFFFFFFFFFFFFFFFFFFFFFFFFFFFFFFFFFFFFFFFFFFFFFFF50
:20D10000FFFFFFFFFFFFFFFFFFFFFFFFFFFFFFFFFFFFFFFFFFFFFFFFFFFFFFFFFFFFFFFF2F
:20D12000FFFFFFFFFFFFFFFFFFFFFFFFFFFFFFFFFFFFFFFFFFFFFFFFFFFFFFFFFFFFFFFF0F
:20D14000FFFFFFFFFFFFFFFFFFFFFFFFFFFFFFFFFFFFFFFFFFFFFFFFFFFFFFFFFFFFFFFFEF
:20D16000FFFFFFFFFFFFFFFFFFFFFFFFFFFFFFFFFFFFFFFFFFFFFFFFFFFFFFFFFFFFFFFFCF
:20D18000FFFFFFFFFFFFFFFFFFFFFFFFFFFFFFFFFFFFFFFFFFFFFFFFFFFFFFFFFFFFFFFFAF
:20D1A000FFFFFFFFFFFFFFFFFFFFFFFFFFFFFFFFFFFFFFFFFFFFFFFFFFFFFFFFFFFFFFFF8F
:20D1C000FFFFFFFFFFFFFFFFFFFFFFFFFFFFFFFFFFFFFFFFFFFFFFFFFFFFFFFFFFFFFFFF6F
:20D1E000FFFFFFFFFFFFFFFFFFFFFFFFFFFFFFFFFFFFFFFFFFFFFFFFFFFFFFFFFFFFFFFF4F
:20D20000FFFFFFFFFFFFFFFFFFFFFFFFFFFFFFFFFFFFFFFFFFFFFFFFFFFFFFFFFFFFFFFF2E
:20D22000FFFFFFFFFFFFFFFFFFFFFFFFFFFFFFFFFFFFFFFFFFFFFFFFFFFFFFFFFFFFFFFF0E
:20D24000FFFFFFFFFFFFFFFFFFFFFFFFFFFFFFFFFFFFFFFFFFFFFFFFFFFFFFFFFFFFFFFFEE
:20D26000FFFFFFFFFFFFFFFFFFFFFFFFFFFFFFFFFFFFFFFFFFFFFFFFFFFFFFFFFFFFFFFFCE
:20D28000FFFFFFFFFFFFFFFFFFFFFFFFFFFFFFFFFFFFFFFFFFFFFFFFFFFFFFFFFFFFFFFFAE
:20D2A000FFFFFFFFFFFFFFFFFFFFFFFFFFFFFFFFFFFFFFFFFFFFFFFFFFFFFFFFFFFFFFFF8E
:20D2C000FFFFFFFFFFFFFFFFFFFFFFFFFFFFFFFFFFFFFFFFFFFFFFFFFFFFFFFFFFFFFFFF6E
:20D2E000FFFFFFFFFFFFFFFFFFFFFFFFFFFFFFFFFFFFFFFFFFFFFFFFFFFFFFFFFFFFFFFF4E
:20D30000FFFFFFFFFFFFFFFFFFFFFFFFFFFFFFFFFFFFFFFFFFFFFFFFFFFFFFFFFFFFFFFF2D
:20D32000FFFFFFFFFFFFFFFFFFFFFFFFFFFFFFFFFFFFFFFFFFFFFFFFFFFFFFFFFFFFFFFF0D
:20D34000FFFFFFFFFFFFFFFFFFFFFFFFFFFFFFFFFFFFFFFFFFFFFFFFFFFFFFFFFFFFFFFFED
:20D36000FFFFFFFFFFFFFFFFFFFFFFFFFFFFFFFFFFFFFFFFFFFFFFFFFFFFFFFFFFFFFFFFCD
:20D38000FFFFFFFFFFFFFFFFFFFFFFFFFFFFFFFFFFFFFFFFFFFFFFFFFFFFFFFFFFFFFFFFAD
:20D3A000FFFFFFFFFFFFFFFFFFFFFFFFFFFFFFFFFFFFFFFFFFFFFFFFFFFFFFFFFFFFFFFF8D
:20D3C000FFFFFFFFFFFFFFFFFFFFFFFFFFFFFFFFFFFFFFFFFFFFFFFFFFFFFFFFFFFFFFFF6D
:20D3E000FFFFFFFFFFFFFFFFFFFFFFFFFFFFFFFFFFFFFFFFFFFFFFFFFFFFFFFFFFFFFFFF4D
:20D40000FFFFFFFFFFFFFFFFFFFFFFFFFFFFFFFFFFFFFFFFFFFFFFFFFFFFFFFFFFFFFFFF2C
:20D42000FFFFFFFFFFFFFFFFFFFFFFFFFFFFFFFFFFFFFFFFFFFFFFFFFFFFFFFFFFFFFFFF0C
:20D44000FFFFFFFFFFFFFFFFFFFFFFFFFFFFFFFFFFFFFFFFFFFFFFFFFFFFFFFFFFFFFFFFEC
:20D46000FFFFFFFFFFFFFFFFFFFFFFFFFFFFFFFFFFFFFFFFFFFFFFFFFFFFFFFFFFFFFFFFCC
:20D48000FFFFFFFFFFFFFFFFFFFFFFFFFFFFFFFFFFFFFFFFFFFFFFFFFFFFFFFFFFFFFFFFAC
:20D4A000FFFFFFFFFFFFFFFFFFFFFFFFFFFFFFFFFFFFFFFFFFFFFFFFFFFFFFFFFFFFFFFF8C
:20D4C000FFFFFFFFFFFFFFFFFFFFFFFFFFFFFFFFFFFFFFFFFFFFFFFFFFFFFFFFFFFFFFFF6C
:20D4E000FFFFFFFFFFFFFFFFFFFFFFFFFFFFFFFFFFFFFFFFFFFFFFFFFFFFFFFFFFFFFFFF4C
:20D50000FFFFFFFFFFFFFFFFFFFFFFFFFFFFFFFFFFFFFFFFFFFFFFFFFFFFFFFFFFFFFFFF2B
:20D52000FFFFFFFFFFFFFFFFFFFFFFFFFFFFFFFFFFFFFFFFFFFFFFFFFFFFFFFFFFFFFFFF0B
:20D54000FFFFFFFFFFFFFFFFFFFFFFFFFFFFFFFFFFFFFFFFFFFFFFFFFFFFFFFFFFFFFFFFEB
:20D56000FFFFFFFFFFFFFFFFFFFFFFFFFFFFFFFFFFFFFFFFFFFFFFFFFFFFFFFFFFFFFFFFCB
:20D58000FFFFFFFFFFFFFFFFFFFFFFFFFFFFFFFFFFFFFFFFFFFFFFFFFFFFFFFFFFFFFFFFAB
:20D5A000FFFFFFFFFFFFFFFFFFFFFFFFFFFFFFFFFFFFFFFFFFFFFFFFFFFFFFFFFFFFFFFF8B
:20D5C000FFFFFFFFFFFFFFFFFFFFFFFFFFFFFFFFFFFFFFFFFFFFFFFFFFFFFFFFFFFFFFFF6B
:20D5E000FFFFFFFFFFFFFFFFFFFFFFFFFFFFFFFFFFFFFFFFFFFFFFFFFFFFFFFFFFFFFFFF4B
:20D60000FFFFFFFFFFFFFFFFFFFFFFFFFFFFFFFFFFFFFFFFFFFFFFFFFFFFFFFFFFFFFFFF2A
:20D62000FFFFFFFFFFFFFFFFFFFFFFFFFFFFFFFFFFFFFFFFFFFFFFFFFFFFFFFFFFFFFFFF0A
:20D64000FFFFFFFFFFFFFFFFFFFFFFFFFFFFFFFFFFFFFFFFFFFFFFFFFFFFFFFFFFFFFFFFEA
:20D66000FFFFFFFFFFFFFFFFFFFFFFFFFFFFFFFFFFFFFFFFFFFFFFFFFFFFFFFFFFFFFFFFCA
:20D68000FFFFFFFFFFFFFFFFFFFFFFFFFFFFFFFFFFFFFFFFFFFFFFFFFFFFFFFFFFFFFFFFAA
:20D6A000FFFFFFFFFFFFFFFFFFFFFFFFFFFFFFFFFFFFFFFFFFFFFFFFFFFFFFFFFFFFFFFF8A
:20D6C000FFFFFFFFFFFFFFFFFFFFFFFFFFFFFFFFFFFFFFFFFFFFFFFFFFFFFFFFFFFFFFFF6A
:20D6E000FFFFFFFFFFFFFFFFFFFFFFFFFFFFFFFFFFFFFFFFFFFFFFFFFFFFFFFFFFFFFFFF4A
:20D70000FFFFFFFFFFFFFFFFFFFFFFFFFFFFFFFFFFFFFFFFFFFFFFFFFFFFFFFFFFFFFFFF29
:20D72000FFFFFFFFFFFFFFFFFFFFFFFFFFFFFFFFFFFFFFFFFFFFFFFFFFFFFFFFFFFFFFFF09
:20D74000FFFFFFFFFFFFFFFFFFFFFFFFFFFFFFFFFFFFFFFFFFFFFFFFFFFFFFFFFFFFFFFFE9
:20D76000FFFFFFFFFFFFFFFFFFFFFFFFFFFFFFFFFFFFFFFFFFFFFFFFFFFFFFFFFFFFFFFFC9
:20D78000FFFFFFFFFFFFFFFFFFFFFFFFFFFFFFFFFFFFFFFFFFFFFFFFFFFFFFFFFFFFFFFFA9
:20D7A000FFFFFFFFFFFFFFFFFFFFFFFFFFFFFFFFFFFFFFFFFFFFFFFFFFFFFFFFFFFFFFFF89
:20D7C000FFFFFFFFFFFFFFFFFFFFFFFFFFFFFFFFFFFFFFFFFFFFFFFFFFFFFFFFFFFFFFFF69
:20D7E000FFFFFFFFFFFFFFFFFFFFFFFFFFFFFFFFFFFFFFFFFFFFFFFFFFFFFFFFFFFFFFFF49
:20D80000FFFFFFFFFFFFFFFFFFFFFFFFFFFFFFFFFFFFFFFFFFFFFFFFFFFFFFFFFFFFFFFF28
:20D82000FFFFFFFFFFFFFFFFFFFFFFFFFFFFFFFFFFFFFFFFFFFFFFFFFFFFFFFFFFFFFFFF08
:20D84000FFFFFFFFFFFFFFFFFFFFFFFFFFFFFFFFFFFFFFFFFFFFFFFFFFFFFFFFFFFFFFFFE8
:20D86000FFFFFFFFFFFFFFFFFFFFFFFFFFFFFFFFFFFFFFFFFFFFFFFFFFFFFFFFFFFFFFFFC8
:20D88000FFFFFFFFFFFFFFFFFFFFFFFFFFFFFFFFFFFFFFFFFFFFFFFFFFFFFFFFFFFFFFFFA8
:20D8A000FFFFFFFFFFFFFFFFFFFFFFFFFFFFFFFFFFFFFFFFFFFFFFFFFFFFFFFFFFFFFFFF88
:20D8C000FFFFFFFFFFFFFFFFFFFFFFFFFFFFFFFFFFFFFFFFFFFFFFFFFFFFFFFFFFFFFFFF68
:20D8E000FFFFFFFFFFFFFFFFFFFFFFFFFFFFFFFFFFFFFFFFFFFFFFFFFFFFFFFFFFFFFFFF48
:20D90000FFFFFFFFFFFFFFFFFFFFFFFFFFFFFFFFFFFFFFFFFFFFFFFFFFFFFFFFFFFFFFFF27
:20D92000FFFFFFFFFFFFFFFFFFFFFFFFFFFFFFFFFFFFFFFFFFFFFFFFFFFFFFFFFFFFFFFF07
:20D94000FFFFFFFFFFFFFFFFFFFFFFFFFFFFFFFFFFFFFFFFFFFFFFFFFFFFFFFFFFFFFFFFE7
:20D96000FFFFFFFFFFFFFFFFFFFFFFFFFFFFFFFFFFFFFFFFFFFFFFFFFFFFFFFFFFFFFFFFC7
:20D98000FFFFFFFFFFFFFFFFFFFFFFFFFFFFFFFFFFFFFFFFFFFFFFFFFFFFFFFFFFFFFFFFA7
:20D9A000FFFFFFFFFFFFFFFFFFFFFFFFFFFFFFFFFFFFFFFFFFFFFFFFFFFFFFFFFFFFFFFF87
:20D9C000FFFFFFFFFFFFFFFFFFFFFFFFFFFFFFFFFFFFFFFFFFFFFFFFFFFFFFFFFFFFFFFF67
:20D9E000FFFFFFFFFFFFFFFFFFFFFFFFFFFFFFFFFFFFFFFFFFFFFFFFFFFFFFFFFFFFFFFF47
:20DA0000FFFFFFFFFFFFFFFFFFFFFFFFFFFFFFFFFFFFFFFFFFFFFFFFFFFFFFFFFFFFFFFF26
:20DA2000FFFFFFFFFFFFFFFFFFFFFFFFFFFFFFFFFFFFFFFFFFFFFFFFFFFFFFFFFFFFFFFF06
:20DA4000FFFFFFFFFFFFFFFFFFFFFFFFFFFFFFFFFFFFFFFFFFFFFFFFFFFFFFFFFFFFFFFFE6
:20DA6000FFFFFFFFFFFFFFFFFFFFFFFFFFFFFFFFFFFFFFFFFFFFFFFFFFFFFFFFFFFFFFFFC6
:20DA8000FFFFFFFFFFFFFFFFFFFFFFFFFFFFFFFFFFFFFFFFFFFFFFFFFFFFFFFFFFFFFFFFA6
:20DAA000FFFFFFFFFFFFFFFFFFFFFFFFFFFFFFFFFFFFFFFFFFFFFFFFFFFFFFFFFFFFFFFF86
:20DAC000FFFFFFFFFFFFFFFFFFFFFFFFFFFFFFFFFFFFFFFFFFFFFFFFFFFFFFFFFFFFFFFF66
:20DAE000FFFFFFFFFFFFFFFFFFFFFFFFFFFFFFFFFFFFFFFFFFFFFFFFFFFFFFFFFFFFFFFF46
:20DB0000FFFFFFFFFFFFFFFFFFFFFFFFFFFFFFFFFFFFFFFFFFFFFFFFFFFFFFFFFFFFFFFF25
:20DB2000FFFFFFFFFFFFFFFFFFFFFFFFFFFFFFFFFFFFFFFFFFFFFFFFFFFFFFFFFFFFFFFF05
:20DB4000FFFFFFFFFFFFFFFFFFFFFFFFFFFFFFFFFFFFFFFFFFFFFFFFFFFFFFFFFFFFFFFFE5
:20DB6000FFFFFFFFFFFFFFFFFFFFFFFFFFFFFFFFFFFFFFFFFFFFFFFFFFFFFFFFFFFFFFFFC5
:20DB8000FFFFFFFFFFFFFFFFFFFFFFFFFFFFFFFFFFFFFFFFFFFFFFFFFFFFFFFFFFFFFFFFA5
:20DBA000FFFFFFFFFFFFFFFFFFFFFFFFFFFFFFFFFFFFFFFFFFFFFFFFFFFFFFFFFFFFFFFF85
:20DBC000FFFFFFFFFFFFFFFFFFFFFFFFFFFFFFFFFFFFFFFFFFFFFFFFFFFFFFFFFFFFFFFF65
:20DBE000FFFFFFFFFFFFFFFFFFFFFFFFFFFFFFFFFFFFFFFFFFFFFFFFFFFFFFFFFFFFFFFF45
:20DC0000FFFFFFFFFFFFFFFFFFFFFFFFFFFFFFFFFFFFFFFFFFFFFFFFFFFFFFFFFFFFFFFF24
:20DC2000FFFFFFFFFFFFFFFFFFFFFFFFFFFFFFFFFFFFFFFFFFFFFFFFFFFFFFFFFFFFFFFF04
:20DC4000FFFFFFFFFFFFFFFFFFFFFFFFFFFFFFFFFFFFFFFFFFFFFFFFFFFFFFFFFFFFFFFFE4
:20DC6000FFFFFFFFFFFFFFFFFFFFFFFFFFFFFFFFFFFFFFFFFFFFFFFFFFFFFFFFFFFFFFFFC4
:20DC8000FFFFFFFFFFFFFFFFFFFFFFFFFFFFFFFFFFFFFFFFFFFFFFFFFFFFFFFFFFFFFFFFA4
:20DCA000FFFFFFFFFFFFFFFFFFFFFFFFFFFFFFFFFFFFFFFFFFFFFFFFFFFFFFFFFFFFFFFF84
:20DCC000FFFFFFFFFFFFFFFFFFFFFFFFFFFFFFFFFFFFFFFFFFFFFFFFFFFFFFFFFFFFFFFF64
:20DCE000FFFFFFFFFFFFFFFFFFFFFFFFFFFFFFFFFFFFFFFFFFFFFFFFFFFFFFFFFFFFFFFF44
:20DD0000FFFFFFFFFFFFFFFFFFFFFFFFFFFFFFFFFFFFFFFFFFFFFFFFFFFFFFFFFFFFFFFF23
:20DD2000FFFFFFFFFFFFFFFFFFFFFFFFFFFFFFFFFFFFFFFFFFFFFFFFFFFFFFFFFFFFFFFF03
:20DD4000FFFFFFFFFFFFFFFFFFFFFFFFFFFFFFFFFFFFFFFFFFFFFFFFFFFFFFFFFFFFFFFFE3
:20DD6000FFFFFFFFFFFFFFFFFFFFFFFFFFFFFFFFFFFFFFFFFFFFFFFFFFFFFFFFFFFFFFFFC3
:20DD8000FFFFFFFFFFFFFFFFFFFFFFFFFFFFFFFFFFFFFFFFFFFFFFFFFFFFFFFFFFFFFFFFA3
:20DDA000FFFFFFFFFFFFFFFFFFFFFFFFFFFFFFFFFFFFFFFFFFFFFFFFFFFFFFFFFFFFFFFF83
:20DDC000FFFFFFFFFFFFFFFFFFFFFFFFFFFFFFFFFFFFFFFFFFFFFFFFFFFFFFFFFFFFFFFF63
:20DDE000FFFFFFFFFFFFFFFFFFFFFFFFFFFFFFFFFFFFFFFFFFFFFFFFFFFFFFFFFFFFFFFF43
:20DE0000FFFFFFFFFFFFFFFFFFFFFFFFFFFFFFFFFFFFFFFFFFFFFFFFFFFFFFFFFFFFFFFF22
:20DE2000FFFFFFFFFFFFFFFFFFFFFFFFFFFFFFFFFFFFFFFFFFFFFFFFFFFFFFFFFFFFFFFF02
:20DE4000FFFFFFFFFFFFFFFFFFFFFFFFFFFFFFFFFFFFFFFFFFFFFFFFFFFFFFFFFFFFFFFFE2
:20DE6000FFFFFFFFFFFFFFFFFFFFFFFFFFFFFFFFFFFFFFFFFFFFFFFFFFFFFFFFFFFFFFFFC2
:20DE8000FFFFFFFFFFFFFFFFFFFFFFFFFFFFFFFFFFFFFFFFFFFFFFFFFFFFFFFFFFFFFFFFA2
:20DEA000FFFFFFFFFFFFFFFFFFFFFFFFFFFFFFFFFFFFFFFFFFFFFFFFFFFFFFFFFFFFFFFF82
:20DEC000FFFFFFFFFFFFFFFFFFFFFFFFFFFFFFFFFFFFFFFFFFFFFFFFFFFFFFFFFFFFFFFF62
:20DEE000FFFFFFFFFFFFFFFFFFFFFFFFFFFFFFFFFFFFFFFFFFFFFFFFFFFFFFFFFFFFFFFF42
:20DF0000FFFFFFFFFFFFFFFFFFFFFFFFFFFFFFFFFFFFFFFFFFFFFFFFFFFFFFFFFFFFFFFF21
:20DF2000FFFFFFFFFFFFFFFFFFFFFFFFFFFFFFFFFFFFFFFFFFFFFFFFFFFFFFFFFFFFFFFF01
:20DF4000FFFFFFFFFFFFFFFFFFFFFFFFFFFFFFFFFFFFFFFFFFFFFFFFFFFFFFFFFFFFFFFFE1
:20DF6000FFFFFFFFFFFFFFFFFFFFFFFFFFFFFFFFFFFFFFFFFFFFFFFFFFFFFFFFFFFFFFFFC1
:20DF8000FFFFFFFFFFFFFFFFFFFFFFFFFFFFFFFFFFFFFFFFFFFFFFFFFFFFFFFFFFFFFFFFA1
:20DFA000FFFFFFFFFFFFFFFFFFFFFFFFFFFFFFFFFFFFFFFFFFFFFFFFFFFFFFFFFFFFFFFF81
:20DFC000FFFFFFFFFFFFFFFFFFFFFFFFFFFFFFFFFFFFFFFFFFFFFFFFFFFFFFFFFFFFFFFF61
:20DFE000FFFFFFFFFFFFFFFFFFFFFFFFFFFFFFFFFFFFFFFFFFFFFFFFFFFFFFFFFFFFFFFF41
:20E00000FFFFFFFFFFFFFFFFFFFFFFFFFFFFFFFFFFFFFFFFFFFFFFFFFFFFFFFFFFFFFFFF20
:20E02000FFFFFFFFFFFFFFFFFFFFFFFFFFFFFFFFFFFFFFFFFFFFFFFFFFFFFFFFFFFFFFFF00
:20E04000FFFFFFFFFFFFFFFFFFFFFFFFFFFFFFFFFFFFFFFFFFFFFFFFFFFFFFFFFFFFFFFFE0
:20E06000FFFFFFFFFFFFFFFFFFFFFFFFFFFFFFFFFFFFFFFFFFFFFFFFFFFFFFFFFFFFFFFFC0
:20E08000FFFFFFFFFFFFFFFFFFFFFFFFFFFFFFFFFFFFFFFFFFFFFFFFFFFFFFFFFFFFFFFFA0
:20E0A000FFFFFFFFFFFFFFFFFFFFFFFFFFFFFFFFFFFFFFFFFFFFFFFFFFFFFFFFFFFFFFFF80
:20E0C000FFFFFFFFFFFFFFFFFFFFFFFFFFFFFFFFFFFFFFFFFFFFFFFFFFFFFFFFFFFFFFFF60
:20E0E000FFFFFFFFFFFFFFFFFFFFFFFFFFFFFFFFFFFFFFFFFFFFFFFFFFFFFFFFFFFFFFFF40
:20E10000FFFFFFFFFFFFFFFFFFFFFFFFFFFFFFFFFFFFFFFFFFFFFFFFFFFFFFFFFFFFFFFF1F
:20E12000FFFFFFFFFFFFFFFFFFFFFFFFFFFFFFFFFFFFFFFFFFFFFFFFFFFFFFFFFFFFFFFFFF
:20E14000FFFFFFFFFFFFFFFFFFFFFFFFFFFFFFFFFFFFFFFFFFFFFFFFFFFFFFFFFFFFFFFFDF
:20E16000FFFFFFFFFFFFFFFFFFFFFFFFFFFFFFFFFFFFFFFFFFFFFFFFFFFFFFFFFFFFFFFFBF
:20E18000FFFFFFFFFFFFFFFFFFFFFFFFFFFFFFFFFFFFFFFFFFFFFFFFFFFFFFFFFFFFFFFF9F
:20E1A000FFFFFFFFFFFFFFFFFFFFFFFFFFFFFFFFFFFFFFFFFFFFFFFFFFFFFFFFFFFFFFFF7F
:20E1C000FFFFFFFFFFFFFFFFFFFFFFFFFFFFFFFFFFFFFFFFFFFFFFFFFFFFFFFFFFFFFFFF5F
:20E1E000FFFFFFFFFFFFFFFFFFFFFFFFFFFFFFFFFFFFFFFFFFFFFFFFFFFFFFFFFFFFFFFF3F
:20E20000FFFFFFFFFFFFFFFFFFFFFFFFFFFFFFFFFFFFFFFFFFFFFFFFFFFFFFFFFFFFFFFF1E
:20E22000FFFFFFFFFFFFFFFFFFFFFFFFFFFFFFFFFFFFFFFFFFFFFFFFFFFFFFFFFFFFFFFFFE
:20E24000FFFFFFFFFFFFFFFFFFFFFFFFFFFFFFFFFFFFFFFFFFFFFFFFFFFFFFFFFFFFFFFFDE
:20E26000FFFFFFFFFFFFFFFFFFFFFFFFFFFFFFFFFFFFFFFFFFFFFFFFFFFFFFFFFFFFFFFFBE
:20E28000FFFFFFFFFFFFFFFFFFFFFFFFFFFFFFFFFFFFFFFFFFFFFFFFFFFFFFFFFFFFFFFF9E
:20E2A000FFFFFFFFFFFFFFFFFFFFFFFFFFFFFFFFFFFFFFFFFFFFFFFFFFFFFFFFFFFFFFFF7E
:20E2C000FFFFFFFFFFFFFFFFFFFFFFFFFFFFFFFFFFFFFFFFFFFFFFFFFFFFFFFFFFFFFFFF5E
:20E2E000FFFFFFFFFFFFFFFFFFFFFFFFFFFFFFFFFFFFFFFFFFFFFFFFFFFFFFFFFFFFFFFF3E
:20E30000FFFFFFFFFFFFFFFFFFFFFFFFFFFFFFFFFFFFFFFFFFFFFFFFFFFFFFFFFFFFFFFF1D
:20E32000FFFFFFFFFFFFFFFFFFFFFFFFFFFFFFFFFFFFFFFFFFFFFFFFFFFFFFFFFFFFFFFFFD
:20E34000FFFFFFFFFFFFFFFFFFFFFFFFFFFFFFFFFFFFFFFFFFFFFFFFFFFFFFFFFFFFFFFFDD
:20E36000FFFFFFFFFFFFFFFFFFFFFFFFFFFFFFFFFFFFFFFFFFFFFFFFFFFFFFFFFFFFFFFFBD
:20E38000FFFFFFFFFFFFFFFFFFFFFFFFFFFFFFFFFFFFFFFFFFFFFFFFFFFFFFFFFFFFFFFF9D
:20E3A000FFFFFFFFFFFFFFFFFFFFFFFFFFFFFFFFFFFFFFFFFFFFFFFFFFFFFFFFFFFFFFFF7D
:20E3C000FFFFFFFFFFFFFFFFFFFFFFFFFFFFFFFFFFFFFFFFFFFFFFFFFFFFFFFFFFFFFFFF5D
:20E3E000FFFFFFFFFFFFFFFFFFFFFFFFFFFFFFFFFFFFFFFFFFFFFFFFFFFFFFFFFFFFFFFF3D
:20E40000FFFFFFFFFFFFFFFFFFFFFFFFFFFFFFFFFFFFFFFFFFFFFFFFFFFFFFFFFFFFFFFF1C
:20E42000FFFFFFFFFFFFFFFFFFFFFFFFFFFFFFFFFFFFFFFFFFFFFFFFFFFFFFFFFFFFFFFFFC
:20E44000FFFFFFFFFFFFFFFFFFFFFFFFFFFFFFFFFFFFFFFFFFFFFFFFFFFFFFFFFFFFFFFFDC
:20E46000FFFFFFFFFFFFFFFFFFFFFFFFFFFFFFFFFFFFFFFFFFFFFFFFFFFFFFFFFFFFFFFFBC
:20E48000FFFFFFFFFFFFFFFFFFFFFFFFFFFFFFFFFFFFFFFFFFFFFFFFFFFFFFFFFFFFFFFF9C
:20E4A000FFFFFFFFFFFFFFFFFFFFFFFFFFFFFFFFFFFFFFFFFFFFFFFFFFFFFFFFFFFFFFFF7C
:20E4C000FFFFFFFFFFFFFFFFFFFFFFFFFFFFFFFFFFFFFFFFFFFFFFFFFFFFFFFFFFFFFFFF5C
:20E4E000FFFFFFFFFFFFFFFFFFFFFFFFFFFFFFFFFFFFFFFFFFFFFFFFFFFFFFFFFFFFFFFF3C
:20E50000FFFFFFFFFFFFFFFFFFFFFFFFFFFFFFFFFFFFFFFFFFFFFFFFFFFFFFFFFFFFFFFF1B
:20E52000FFFFFFFFFFFFFFFFFFFFFFFFFFFFFFFFFFFFFFFFFFFFFFFFFFFFFFFFFFFFFFFFFB
:20E54000FFFFFFFFFFFFFFFFFFFFFFFFFFFFFFFFFFFFFFFFFFFFFFFFFFFFFFFFFFFFFFFFDB
:20E56000FFFFFFFFFFFFFFFFFFFFFFFFFFFFFFFFFFFFFFFFFFFFFFFFFFFFFFFFFFFFFFFFBB
:20E58000FFFFFFFFFFFFFFFFFFFFFFFFFFFFFFFFFFFFFFFFFFFFFFFFFFFFFFFFFFFFFFFF9B
:20E5A000FFFFFFFFFFFFFFFFFFFFFFFFFFFFFFFFFFFFFFFFFFFFFFFFFFFFFFFFFFFFFFFF7B
:20E5C000FFFFFFFFFFFFFFFFFFFFFFFFFFFFFFFFFFFFFFFFFFFFFFFFFFFFFFFFFFFFFFFF5B
:20E5E000FFFFFFFFFFFFFFFFFFFFFFFFFFFFFFFFFFFFFFFFFFFFFFFFFFFFFFFFFFFFFFFF3B
:20E60000FFFFFFFFFFFFFFFFFFFFFFFFFFFFFFFFFFFFFFFFFFFFFFFFFFFFFFFFFFFFFFFF1A
:20E62000FFFFFFFFFFFFFFFFFFFFFFFFFFFFFFFFFFFFFFFFFFFFFFFFFFFFFFFFFFFFFFFFFA
:20E64000FFFFFFFFFFFFFFFFFFFFFFFFFFFFFFFFFFFFFFFFFFFFFFFFFFFFFFFFFFFFFFFFDA
:20E66000FFFFFFFFFFFFFFFFFFFFFFFFFFFFFFFFFFFFFFFFFFFFFFFFFFFFFFFFFFFFFFFFBA
:20E68000FFFFFFFFFFFFFFFFFFFFFFFFFFFFFFFFFFFFFFFFFFFFFFFFFFFFFFFFFFFFFFFF9A
:20E6A000FFFFFFFFFFFFFFFFFFFFFFFFFFFFFFFFFFFFFFFFFFFFFFFFFFFFFFFFFFFFFFFF7A
:20E6C000FFFFFFFFFFFFFFFFFFFFFFFFFFFFFFFFFFFFFFFFFFFFFFFFFFFFFFFFFFFFFFFF5A
:20E6E000FFFFFFFFFFFFFFFFFFFFFFFFFFFFFFFFFFFFFFFFFFFFFFFFFFFFFFFFFFFFFFFF3A
:20E70000FFFFFFFFFFFFFFFFFFFFFFFFFFFFFFFFFFFFFFFFFFFFFFFFFFFFFFFFFFFFFFFF19
:20E72000FFFFFFFFFFFFFFFFFFFFFFFFFFFFFFFFFFFFFFFFFFFFFFFFFFFFFFFFFFFFFFFFF9
:20E74000FFFFFFFFFFFFFFFFFFFFFFFFFFFFFFFFFFFFFFFFFFFFFFFFFFFFFFFFFFFFFFFFD9
:20E76000FFFFFFFFFFFFFFFFFFFFFFFFFFFFFFFFFFFFFFFFFFFFFFFFFFFFFFFFFFFFFFFFB9
:20E78000FFFFFFFFFFFFFFFFFFFFFFFFFFFFFFFFFFFFFFFFFFFFFFFFFFFFFFFFFFFFFFFF99
:20E7A000FFFFFFFFFFFFFFFFFFFFFFFFFFFFFFFFFFFFFFFFFFFFFFFFFFFFFFFFFFFFFFFF79
:20E7C000FFFFFFFFFFFFFFFFFFFFFFFFFFFFFFFFFFFFFFFFFFFFFFFFFFFFFFFFFFFFFFFF59
:20E7E000FFFFFFFFFFFFFFFFFFFFFFFFFFFFFFFFFFFFFFFFFFFFFFFFFFFFFFFFFFFFFFFF39
:20E80000FFFFFFFFFFFFFFFFFFFFFFFFFFFFFFFFFFFFFFFFFFFFFFFFFFFFFFFFFFFFFFFF18
:20E82000FFFFFFFFFFFFFFFFFFFFFFFFFFFFFFFFFFFFFFFFFFFFFFFFFFFFFFFFFFFFFFFFF8
:20E84000FFFFFFFFFFFFFFFFFFFFFFFFFFFFFFFFFFFFFFFFFFFFFFFFFFFFFFFFFFFFFFFFD8
:20E86000FFFFFFFFFFFFFFFFFFFFFFFFFFFFFFFFFFFFFFFFFFFFFFFFFFFFFFFFFFFFFFFFB8
:20E88000FFFFFFFFFFFFFFFFFFFFFFFFFFFFFFFFFFFFFFFFFFFFFFFFFFFFFFFFFFFFFFFF98
:20E8A000FFFFFFFFFFFFFFFFFFFFFFFFFFFFFFFFFFFFFFFFFFFFFFFFFFFFFFFFFFFFFFFF78
:20E8C000FFFFFFFFFFFFFFFFFFFFFFFFFFFFFFFFFFFFFFFFFFFFFFFFFFFFFFFFFFFFFFFF58
:20E8E000FFFFFFFFFFFFFFFFFFFFFFFFFFFFFFFFFFFFFFFFFFFFFFFFFFFFFFFFFFFFFFFF38
:20E90000FFFFFFFFFFFFFFFFFFFFFFFFFFFFFFFFFFFFFFFFFFFFFFFFFFFFFFFFFFFFFFFF17
:20E92000FFFFFFFFFFFFFFFFFFFFFFFFFFFFFFFFFFFFFFFFFFFFFFFFFFFFFFFFFFFFFFFFF7
:20E94000FFFFFFFFFFFFFFFFFFFFFFFFFFFFFFFFFFFFFFFFFFFFFFFFFFFFFFFFFFFFFFFFD7
:20E96000FFFFFFFFFFFFFFFFFFFFFFFFFFFFFFFFFFFFFFFFFFFFFFFFFFFFFFFFFFFFFFFFB7
:20E98000FFFFFFFFFFFFFFFFFFFFFFFFFFFFFFFFFFFFFFFFFFFFFFFFFFFFFFFFFFFFFFFF97
:20E9A000FFFFFFFFFFFFFFFFFFFFFFFFFFFFFFFFFFFFFFFFFFFFFFFFFFFFFFFFFFFFFFFF77
:20E9C000FFFFFFFFFFFFFFFFFFFFFFFFFFFFFFFFFFFFFFFFFFFFFFFFFFFFFFFFFFFFFFFF57
:20E9E000FFFFFFFFFFFFFFFFFFFFFFFFFFFFFFFFFFFFFFFFFFFFFFFFFFFFFFFFFFFFFFFF37
:20EA0000FFFFFFFFFFFFFFFFFFFFFFFFFFFFFFFFFFFFFFFFFFFFFFFFFFFFFFFFFFFFFFFF16
:20EA2000FFFFFFFFFFFFFFFFFFFFFFFFFFFFFFFFFFFFFFFFFFFFFFFFFFFFFFFFFFFFFFFFF6
:20EA4000FFFFFFFFFFFFFFFFFFFFFFFFFFFFFFFFFFFFFFFFFFFFFFFFFFFFFFFFFFFFFFFFD6
:20EA6000FFFFFFFFFFFFFFFFFFFFFFFFFFFFFFFFFFFFFFFFFFFFFFFFFFFFFFFFFFFFFFFFB6
:20EA8000FFFFFFFFFFFFFFFFFFFFFFFFFFFFFFFFFFFFFFFFFFFFFFFFFFFFFFFFFFFFFFFF96
:20EAA000FFFFFFFFFFFFFFFFFFFFFFFFFFFFFFFFFFFFFFFFFFFFFFFFFFFFFFFFFFFFFFFF76
:20EAC000FFFFFFFFFFFFFFFFFFFFFFFFFFFFFFFFFFFFFFFFFFFFFFFFFFFFFFFFFFFFFFFF56
:20EAE000FFFFFFFFFFFFFFFFFFFFFFFFFFFFFFFFFFFFFFFFFFFFFFFFFFFFFFFFFFFFFFFF36
:20EB0000FFFFFFFFFFFFFFFFFFFFFFFFFFFFFFFFFFFFFFFFFFFFFFFFFFFFFFFFFFFFFFFF15
:20EB2000FFFFFFFFFFFFFFFFFFFFFFFFFFFFFFFFFFFFFFFFFFFFFFFFFFFFFFFFFFFFFFFFF5
:20EB4000FFFFFFFFFFFFFFFFFFFFFFFFFFFFFFFFFFFFFFFFFFFFFFFFFFFFFFFFFFFFFFFFD5
:20EB6000FFFFFFFFFFFFFFFFFFFFFFFFFFFFFFFFFFFFFFFFFFFFFFFFFFFFFFFFFFFFFFFFB5
:20EB8000FFFFFFFFFFFFFFFFFFFFFFFFFFFFFFFFFFFFFFFFFFFFFFFFFFFFFFFFFFFFFFFF95
:20EBA000FFFFFFFFFFFFFFFFFFFFFFFFFFFFFFFFFFFFFFFFFFFFFFFFFFFFFFFFFFFFFFFF75
:20EBC000FFFFFFFFFFFFFFFFFFFFFFFFFFFFFFFFFFFFFFFFFFFFFFFFFFFFFFFFFFFFFFFF55
:20EBE000FFFFFFFFFFFFFFFFFFFFFFFFFFFFFFFFFFFFFFFFFFFFFFFFFFFFFFFFFFFFFFFF35
:20EC0000FFFFFFFFFFFFFFFFFFFFFFFFFFFFFFFFFFFFFFFFFFFFFFFFFFFFFFFFFFFFFFFF14
:20EC2000FFFFFFFFFFFFFFFFFFFFFFFFFFFFFFFFFFFFFFFFFFFFFFFFFFFFFFFFFFFFFFFFF4
:20EC4000FFFFFFFFFFFFFFFFFFFFFFFFFFFFFFFFFFFFFFFFFFFFFFFFFFFFFFFFFFFFFFFFD4
:20EC6000FFFFFFFFFFFFFFFFFFFFFFFFFFFFFFFFFFFFFFFFFFFFFFFFFFFFFFFFFFFFFFFFB4
:20EC8000FFFFFFFFFFFFFFFFFFFFFFFFFFFFFFFFFFFFFFFFFFFFFFFFFFFFFFFFFFFFFFFF94
:20ECA000FFFFFFFFFFFFFFFFFFFFFFFFFFFFFFFFFFFFFFFFFFFFFFFFFFFFFFFFFFFFFFFF74
:20ECC000FFFFFFFFFFFFFFFFFFFFFFFFFFFFFFFFFFFFFFFFFFFFFFFFFFFFFFFFFFFFFFFF54
:20ECE000FFFFFFFFFFFFFFFFFFFFFFFFFFFFFFFFFFFFFFFFFFFFFFFFFFFFFFFFFFFFFFFF34
:20ED0000FFFFFFFFFFFFFFFFFFFFFFFFFFFFFFFFFFFFFFFFFFFFFFFFFFFFFFFFFFFFFFFF13
:20ED2000FFFFFFFFFFFFFFFFFFFFFFFFFFFFFFFFFFFFFFFFFFFFFFFFFFFFFFFFFFFFFFFFF3
:20ED4000FFFFFFFFFFFFFFFFFFFFFFFFFFFFFFFFFFFFFFFFFFFFFFFFFFFFFFFFFFFFFFFFD3
:20ED6000FFFFFFFFFFFFFFFFFFFFFFFFFFFFFFFFFFFFFFFFFFFFFFFFFFFFFFFFFFFFFFFFB3
:20ED8000FFFFFFFFFFFFFFFFFFFFFFFFFFFFFFFFFFFFFFFFFFFFFFFFFFFFFFFFFFFFFFFF93
:20EDA000FFFFFFFFFFFFFFFFFFFFFFFFFFFFFFFFFFFFFFFFFFFFFFFFFFFFFFFFFFFFFFFF73
:20EDC000FFFFFFFFFFFFFFFFFFFFFFFFFFFFFFFFFFFFFFFFFFFFFFFFFFFFFFFFFFFFFFFF53
:20EDE000FFFFFFFFFFFFFFFFFFFFFFFFFFFFFFFFFFFFFFFFFFFFFFFFFFFFFFFFFFFFFFFF33
:20EE0000FFFFFFFFFFFFFFFFFFFFFFFFFFFFFFFFFFFFFFFFFFFFFFFFFFFFFFFFFFFFFFFF12
:20EE2000FFFFFFFFFFFFFFFFFFFFFFFFFFFFFFFFFFFFFFFFFFFFFFFFFFFFFFFFFFFFFFFFF2
:20EE4000FFFFFFFFFFFFFFFFFFFFFFFFFFFFFFFFFFFFFFFFFFFFFFFFFFFFFFFFFFFFFFFFD2
:20EE6000FFFFFFFFFFFFFFFFFFFFFFFFFFFFFFFFFFFFFFFFFFFFFFFFFFFFFFFFFFFFFFFFB2
:20EE8000FFFFFFFFFFFFFFFFFFFFFFFFFFFFFFFFFFFFFFFFFFFFFFFFFFFFFFFFFFFFFFFF92
:20EEA000FFFFFFFFFFFFFFFFFFFFFFFFFFFFFFFFFFFFFFFFFFFFFFFFFFFFFFFFFFFFFFFF72
:20EEC000FFFFFFFFFFFFFFFFFFFFFFFFFFFFFFFFFFFFFFFFFFFFFFFFFFFFFFFFFFFFFFFF52
:20EEE000FFFFFFFFFFFFFFFFFFFFFFFFFFFFFFFFFFFFFFFFFFFFFFFFFFFFFFFFFFFFFFFF32
:20EF0000FFFFFFFFFFFFFFFFFFFFFFFFFFFFFFFFFFFFFFFFFFFFFFFFFFFFFFFFFFFFFFFF11
:20EF2000FFFFFFFFFFFFFFFFFFFFFFFFFFFFFFFFFFFFFFFFFFFFFFFFFFFFFFFFFFFFFFFFF1
:20EF4000FFFFFFFFFFFFFFFFFFFFFFFFFFFFFFFFFFFFFFFFFFFFFFFFFFFFFFFFFFFFFFFFD1
:20EF6000FFFFFFFFFFFFFFFFFFFFFFFFFFFFFFFFFFFFFFFFFFFFFFFFFFFFFFFFFFFFFFFFB1
:20EF8000FFFFFFFFFFFFFFFFFFFFFFFFFFFFFFFFFFFFFFFFFFFFFFFFFFFFFFFFFFFFFFFF91
:20EFA000FFFFFFFFFFFFFFFFFFFFFFFFFFFFFFFFFFFFFFFFFFFFFFFFFFFFFFFFFFFFFFFF71
:20EFC000FFFFFFFFFFFFFFFFFFFFFFFFFFFFFFFFFFFFFFFFFFFFFFFFFFFFFFFFFFFFFFFF51
:20EFE000FFFFFFFFFFFFFFFFFFFFFFFFFFFFFFFFFFFFFFFFFFFFFFFFFFFFFFFFFFFFFFFF31
:20F00000FFFFFFFFFFFFFFFFFFFFFFFFFFFFFFFFFFFFFFFFFFFFFFFFFFFFFFFFFFFFFFFF10
:20F02000FFFFFFFFFFFFFFFFFFFFFFFFFFFFFFFFFFFFFFFFFFFFFFFFFFFFFFFFFFFFFFFFF0
:20F04000FFFFFFFFFFFFFFFFFFFFFFFFFFFFFFFFFFFFFFFFFFFFFFFFFFFFFFFFFFFFFFFFD0
:20F06000FFFFFFFFFFFFFFFFFFFFFFFFFFFFFFFFFFFFFFFFFFFFFFFFFFFFFFFFFFFFFFFFB0
:20F08000FFFFFFFFFFFFFFFFFFFFFFFFFFFFFFFFFFFFFFFFFFFFFFFFFFFFFFFFFFFFFFFF90
:20F0A000FFFFFFFFFFFFFFFFFFFFFFFFFFFFFFFFFFFFFFFFFFFFFFFFFFFFFFFFFFFFFFFF70
:20F0C000FFFFFFFFFFFFFFFFFFFFFFFFFFFFFFFFFFFFFFFFFFFFFFFFFFFFFFFFFFFFFFFF50
:20F0E000FFFFFFFFFFFFFFFFFFFFFFFFFFFFFFFFFFFFFFFFFFFFFFFFFFFFFFFFFFFFFFFF30
:20F10000FFFFFFFFFFFFFFFFFFFFFFFFFFFFFFFFFFFFFFFFFFFFFFFFFFFFFFFFFFFFFFFF0F
:20F12000FFFFFFFFFFFFFFFFFFFFFFFFFFFFFFFFFFFFFFFFFFFFFFFFFFFFFFFFFFFFFFFFEF
:20F14000FFFFFFFFFFFFFFFFFFFFFFFFFFFFFFFFFFFFFFFFFFFFFFFFFFFFFFFFFFFFFFFFCF
:20F16000FFFFFFFFFFFFFFFFFFFFFFFFFFFFFFFFFFFFFFFFFFFFFFFFFFFFFFFFFFFFFFFFAF
:20F18000FFFFFFFFFFFFFFFFFFFFFFFFFFFFFFFFFFFFFFFFFFFFFFFFFFFFFFFFFFFFFFFF8F
:20F1A000FFFFFFFFFFFFFFFFFFFFFFFFFFFFFFFFFFFFFFFFFFFFFFFFFFFFFFFFFFFFFFFF6F
:20F1C000FFFFFFFFFFFFFFFFFFFFFFFFFFFFFFFFFFFFFFFFFFFFFFFFFFFFFFFFFFFFFFFF4F
:20F1E000FFFFFFFFFFFFFFFFFFFFFFFFFFFFFFFFFFFFFFFFFFFFFFFFFFFFFFFFFFFFFFFF2F
:20F20000FFFFFFFFFFFFFFFFFFFFFFFFFFFFFFFFFFFFFFFFFFFFFFFFFFFFFFFFFFFFFFFF0E
:20F22000FFFFFFFFFFFFFFFFFFFFFFFFFFFFFFFFFFFFFFFFFFFFFFFFFFFFFFFFFFFFFFFFEE
:20F24000FFFFFFFFFFFFFFFFFFFFFFFFFFFFFFFFFFFFFFFFFFFFFFFFFFFFFFFFFFFFFFFFCE
:20F26000FFFFFFFFFFFFFFFFFFFFFFFFFFFFFFFFFFFFFFFFFFFFFFFFFFFFFFFFFFFFFFFFAE
:20F28000FFFFFFFFFFFFFFFFFFFFFFFFFFFFFFFFFFFFFFFFFFFFFFFFFFFFFFFFFFFFFFFF8E
:20F2A000FFFFFFFFFFFFFFFFFFFFFFFFFFFFFFFFFFFFFFFFFFFFFFFFFFFFFFFFFFFFFFFF6E
:20F2C000FFFFFFFFFFFFFFFFFFFFFFFFFFFFFFFFFFFFFFFFFFFFFFFFFFFFFFFFFFFFFFFF4E
:20F2E000FFFFFFFFFFFFFFFFFFFFFFFFFFFFFFFFFFFFFFFFFFFFFFFFFFFFFFFFFFFFFFFF2E
:20F30000FFFFFFFFFFFFFFFFFFFFFFFFFFFFFFFFFFFFFFFFFFFFFFFFFFFFFFFFFFFFFFFF0D
:20F32000FFFFFFFFFFFFFFFFFFFFFFFFFFFFFFFFFFFFFFFFFFFFFFFFFFFFFFFFFFFFFFFFED
:20F34000FFFFFFFFFFFFFFFFFFFFFFFFFFFFFFFFFFFFFFFFFFFFFFFFFFFFFFFFFFFFFFFFCD
:20F36000FFFFFFFFFFFFFFFFFFFFFFFFFFFFFFFFFFFFFFFFFFFFFFFFFFFFFFFFFFFFFFFFAD
:20F38000FFFFFFFFFFFFFFFFFFFFFFFFFFFFFFFFFFFFFFFFFFFFFFFFFFFFFFFFFFFFFFFF8D
:20F3A000FFFFFFFFFFFFFFFFFFFFFFFFFFFFFFFFFFFFFFFFFFFFFFFFFFFFFFFFFFFFFFFF6D
:20F3C000FFFFFFFFFFFFFFFFFFFFFFFFFFFFFFFFFFFFFFFFFFFFFFFFFFFFFFFFFFFFFFFF4D
:20F3E000FFFFFFFFFFFFFFFFFFFFFFFFFFFFFFFFFFFFFFFFFFFFFFFFFFFFFFFFFFFFFFFF2D
:20F40000FFFFFFFFFFFFFFFFFFFFFFFFFFFFFFFFFFFFFFFFFFFFFFFFFFFFFFFFFFFFFFFF0C
:20F42000FFFFFFFFFFFFFFFFFFFFFFFFFFFFFFFFFFFFFFFFFFFFFFFFFFFFFFFFFFFFFFFFEC
:20F44000FFFFFFFFFFFFFFFFFFFFFFFFFFFFFFFFFFFFFFFFFFFFFFFFFFFFFFFFFFFFFFFFCC
:20F46000FFFFFFFFFFFFFFFFFFFFFFFFFFFFFFFFFFFFFFFFFFFFFFFFFFFFFFFFFFFFFFFFAC
:20F48000FFFFFFFFFFFFFFFFFFFFFFFFFFFFFFFFFFFFFFFFFFFFFFFFFFFFFFFFFFFFFFFF8C
:20F4A000FFFFFFFFFFFFFFFFFFFFFFFFFFFFFFFFFFFFFFFFFFFFFFFFFFFFFFFFFFFFFFFF6C
:20F4C000FFFFFFFFFFFFFFFFFFFFFFFFFFFFFFFFFFFFFFFFFFFFFFFFFFFFFFFFFFFFFFFF4C
:20F4E000FFFFFFFFFFFFFFFFFFFFFFFFFFFFFFFFFFFFFFFFFFFFFFFFFFFFFFFFFFFFFFFF2C
:20F50000FFFFFFFFFFFFFFFFFFFFFFFFFFFFFFFFFFFFFFFFFFFFFFFFFFFFFFFFFFFFFFFF0B
:20F52000FFFFFFFFFFFFFFFFFFFFFFFFFFFFFFFFFFFFFFFFFFFFFFFFFFFFFFFFFFFFFFFFEB
:20F54000FFFFFFFFFFFFFFFFFFFFFFFFFFFFFFFFFFFFFFFFFFFFFFFFFFFFFFFFFFFFFFFFCB
:20F56000FFFFFFFFFFFFFFFFFFFFFFFFFFFFFFFFFFFFFFFFFFFFFFFFFFFFFFFFFFFFFFFFAB
:20F58000FFFFFFFFFFFFFFFFFFFFFFFFFFFFFFFFFFFFFFFFFFFFFFFFFFFFFFFFFFFFFFFF8B
:20F5A000FFFFFFFFFFFFFFFFFFFFFFFFFFFFFFFFFFFFFFFFFFFFFFFFFFFFFFFFFFFFFFFF6B
:20F5C000FFFFFFFFFFFFFFFFFFFFFFFFFFFFFFFFFFFFFFFFFFFFFFFFFFFFFFFFFFFFFFFF4B
:20F5E000FFFFFFFFFFFFFFFFFFFFFFFFFFFFFFFFFFFFFFFFFFFFFFFFFFFFFFFFFFFFFFFF2B
:20F60000FFFFFFFFFFFFFFFFFFFFFFFFFFFFFFFFFFFFFFFFFFFFFFFFFFFFFFFFFFFFFFFF0A
:20F62000FFFFFFFFFFFFFFFFFFFFFFFFFFFFFFFFFFFFFFFFFFFFFFFFFFFFFFFFFFFFFFFFEA
:20F64000FFFFFFFFFFFFFFFFFFFFFFFFFFFFFFFFFFFFFFFFFFFFFFFFFFFFFFFFFFFFFFFFCA
:20F66000FFFFFFFFFFFFFFFFFFFFFFFFFFFFFFFFFFFFFFFFFFFFFFFFFFFFFFFFFFFFFFFFAA
:20F68000FFFFFFFFFFFFFFFFFFFFFFFFFFFFFFFFFFFFFFFFFFFFFFFFFFFFFFFFFFFFFFFF8A
:20F6A000FFFFFFFFFFFFFFFFFFFFFFFFFFFFFFFFFFFFFFFFFFFFFFFFFFFFFFFFFFFFFFFF6A
:20F6C000FFFFFFFFFFFFFFFFFFFFFFFFFFFFFFFFFFFFFFFFFFFFFFFFFFFFFFFFFFFFFFFF4A
:20F6E000FFFFFFFFFFFFFFFFFFFFFFFFFFFFFFFFFFFFFFFFFFFFFFFFFFFFFFFFFFFFFFFF2A
:20F70000FFFFFFFFFFFFFFFFFFFFFFFFFFFFFFFFFFFFFFFFFFFFFFFFFFFFFFFFFFFFFFFF09
:20F72000FFFFFFFFFFFFFFFFFFFFFFFFFFFFFFFFFFFFFFFFFFFFFFFFFFFFFFFFFFFFFFFFE9
:20F74000FFFFFFFFFFFFFFFFFFFFFFFFFFFFFFFFFFFFFFFFFFFFFFFFFFFFFFFFFFFFFFFFC9
:20F76000FFFFFFFFFFFFFFFFFFFFFFFFFFFFFFFFFFFFFFFFFFFFFFFFFFFFFFFFFFFFFFFFA9
:20F78000FFFFFFFFFFFFFFFFFFFFFFFFFFFFFFFFFFFFFFFFFFFFFFFFFFFFFFFFFFFFFFFF89
:20F7A000FFFFFFFFFFFFFFFFFFFFFFFFFFFFFFFFFFFFFFFFFFFFFFFFFFFFFFFFFFFFFFFF69
:20F7C000FFFFFFFFFFFFFFFFFFFFFFFFFFFFFFFFFFFFFFFFFFFFFFFFFFFFFFFFFFFFFFFF49
:20F7E000FFFFFFFFFFFFFFFFFFFFFFFFFFFFFFFFFFFFFFFFFFFFFFFFFFFFFFFFFFFFFFFF29
:20F80000FFFFFFFFFFFFFFFFFFFFFFFFFFFFFFFFFFFFFFFFFFFFFFFFFFFFFFFFFFFFFFFF08
:20F82000FFFFFFFFFFFFFFFFFFFFFFFFFFFFFFFFFFFFFFFFFFFFFFFFFFFFFFFFFFFFFFFFE8
:20F84000FFFFFFFFFFFFFFFFFFFFFFFFFFFFFFFFFFFFFFFFFFFFFFFFFFFFFFFFFFFFFFFFC8
:20F86000FFFFFFFFFFFFFFFFFFFFFFFFFFFFFFFFFFFFFFFFFFFFFFFFFFFFFFFFFFFFFFFFA8
:20F88000FFFFFFFFFFFFFFFFFFFFFFFFFFFFFFFFFFFFFFFFFFFFFFFFFFFFFFFFFFFFFFFF88
:20F8A000FFFFFFFFFFFFFFFFFFFFFFFFFFFFFFFFFFFFFFFFFFFFFFFFFFFFFFFFFFFFFFFF68
:20F8C000FFFFFFFFFFFFFFFFFFFFFFFFFFFFFFFFFFFFFFFFFFFFFFFFFFFFFFFFFFFFFFFF48
:20F8E000FFFFFFFFFFFFFFFFFFFFFFFFFFFFFFFFFFFFFFFFFFFFFFFFFFFFFFFFFFFFFFFF28
:20F90000FFFFFFFFFFFFFFFFFFFFFFFFFFFFFFFFFFFFFFFFFFFFFFFFFFFFFFFFFFFFFFFF07
:20F92000FFFFFFFFFFFFFFFFFFFFFFFFFFFFFFFFFFFFFFFFFFFFFFFFFFFFFFFFFFFFFFFFE7
:20F94000FFFFFFFFFFFFFFFFFFFFFFFFFFFFFFFFFFFFFFFFFFFFFFFFFFFFFFFFFFFFFFFFC7
:20F96000FFFFFFFFFFFFFFFFFFFFFFFFFFFFFFFFFFFFFFFFFFFFFFFFFFFFFFFFFFFFFFFFA7
:20F98000FFFFFFFFFFFFFFFFFFFFFFFFFFFFFFFFFFFFFFFFFFFFFFFFFFFFFFFFFFFFFFFF87
:20F9A000FFFFFFFFFFFFFFFFFFFFFFFFFFFFFFFFFFFFFFFFFFFFFFFFFFFFFFFFFFFFFFFF67
:20F9C000FFFFFFFFFFFFFFFFFFFFFFFFFFFFFFFFFFFFFFFFFFFFFFFFFFFFFFFFFFFFFFFF47
:20F9E000FFFFFFFFFFFFFFFFFFFFFFFFFFFFFFFFFFFFFFFFFFFFFFFFFFFFFFFFFFFFFFFF27
:20FA0000FFFFFFFFFFFFFFFFFFFFFFFFFFFFFFFFFFFFFFFFFFFFFFFFFFFFFFFFFFFFFFFF06
:20FA2000FFFFFFFFFFFFFFFFFFFFFFFFFFFFFFFFFFFFFFFFFFFFFFFFFFFFFFFFFFFFFFFFE6
:20FA4000FFFFFFFFFFFFFFFFFFFFFFFFFFFFFFFFFFFFFFFFFFFFFFFFFFFFFFFFFFFFFFFFC6
:20FA6000FFFFFFFFFFFFFFFFFFFFFFFFFFFFFFFFFFFFFFFFFFFFFFFFFFFFFFFFFFFFFFFFA6
:20FA8000FFFFFFFFFFFFFFFFFFFFFFFFFFFFFFFFFFFFFFFFFFFFFFFFFFFFFFFFFFFFFFFF86
:20FAA000FFFFFFFFFFFFFFFFFFFFFFFFFFFFFFFFFFFFFFFFFFFFFFFFFFFFFFFFFFFFFFFF66
:20FAC000FFFFFFFFFFFFFFFFFFFFFFFFFFFFFFFFFFFFFFFFFFFFFFFFFFFFFFFFFFFFFFFF46
:20FAE000FFFFFFFFFFFFFFFFFFFFFFFFFFFFFFFFFFFFFFFFFFFFFFFFFFFFFFFFFFFFFFFF26
:20FB0000FFFFFFFFFFFFFFFFFFFFFFFFFFFFFFFFFFFFFFFFFFFFFFFFFFFFFFFFFFFFFFFF05
:20FB2000FFFFFFFFFFFFFFFFFFFFFFFFFFFFFFFFFFFFFFFFFFFFFFFFFFFFFFFFFFFFFFFFE5
:20FB4000FFFFFFFFFFFFFFFFFFFFFFFFFFFFFFFFFFFFFFFFFFFFFFFFFFFFFFFFFFFFFFFFC5
:20FB6000FFFFFFFFFFFFFFFFFFFFFFFFFFFFFFFFFFFFFFFFFFFFFFFFFFFFFFFFFFFFFFFFA5
:20FB8000FFFFFFFFFFFFFFFFFFFFFFFFFFFFFFFFFFFFFFFFFFFFFFFFFFFFFFFFFFFFFFFF85
:20FBA000FFFFFFFFFFFFFFFFFFFFFFFFFFFFFFFFFFFFFFFFFFFFFFFFFFFFFFFFFFFFFFFF65
:20FBC000FFFFFFFFFFFFFFFFFFFFFFFFFFFFFFFFFFFFFFFFFFFFFFFFFFFFFFFFFFFFFFFF45
:20FBE000FFFFFFFFFFFFFFFFFFFFFFFFFFFFFFFFFFFFFFFFFFFFFFFFFFFFFFFFFFFFFFFF25
:20FC0000FFFFFFFFFFFFFFFFFFFFFFFFFFFFFFFFFFFFFFFFFFFFFFFFFFFFFFFFFFFFFFFF04
:20FC2000FFFFFFFFFFFFFFFFFFFFFFFFFFFFFFFFFFFFFFFFFFFFFFFFFFFFFFFFFFFFFFFFE4
:20FC4000FFFFFFFFFFFFFFFFFFFFFFFFFFFFFFFFFFFFFFFFFFFFFFFFFFFFFFFFFFFFFFFFC4
:20FC6000FFFFFFFFFFFFFFFFFFFFFFFFFFFFFFFFFFFFFFFFFFFFFFFFFFFFFFFFFFFFFFFFA4
:20FC8000FFFFFFFFFFFFFFFFFFFFFFFFFFFFFFFFFFFFFFFFFFFFFFFFFFFFFFFFFFFFFFFF84
:20FCA000FFFFFFFFFFFFFFFFFFFFFFFFFFFFFFFFFFFFFFFFFFFFFFFFFFFFFFFFFFFFFFFF64
:20FCC000FFFFFFFFFFFFFFFFFFFFFFFFFFFFFFFFFFFFFFFFFFFFFFFFFFFFFFFFFFFFFFFF44
:20FCE000FFFFFFFFFFFFFFFFFFFFFFFFFFFFFFFFFFFFFFFFFFFFFFFFFFFFFFFFFFFFFFFF24
:20FD0000FFFFFFFFFFFFFFFFFFFFFFFFFFFFFFFFFFFFFFFFFFFFFFFFFFFFFFFFFFFFFFFF03
:20FD2000FFFFFFFFFFFFFFFFFFFFFFFFFFFFFFFFFFFFFFFFFFFFFFFFFFFFFFFFFFFFFFFFE3
:20FD4000FFFFFFFFFFFFFFFFFFFFFFFFFFFFFFFFFFFFFFFFFFFFFFFFFFFFFFFFFFFFFFFFC3
:20FD6000FFFFFFFFFFFFFFFFFFFFFFFFFFFFFFFFFFFFFFFFFFFFFFFFFFFFFFFFFFFFFFFFA3
:20FD8000FFFFFFFFFFFFFFFFFFFFFFFFFFFFFFFFFFFFFFFFFFFFFFFFFFFFFFFFFFFFFFFF83
:20FDA000FFFFFFFFFFFFFFFFFFFFFFFFFFFFFFFFFFFFFFFFFFFFFFFFFFFFFFFFFFFFFFFF63
:20FDC000FFFFFFFFFFFFFFFFFFFFFFFFFFFFFFFFFFFFFFFFFFFFFFFFFFFFFFFFFFFFFFFF43
:20FDE000FFFFFFFFFFFFFFFFFFFFFFFFFFFFFFFFFFFFFFFFFFFFFFFFFFFFFFFFFFFFFFFF23
:20FE0000FFFFFFFFFFFFFFFFFFFFFFFFFFFFFFFFFFFFFFFFFFFFFFFFFFFFFFFFFFFFFFFF02
:20FE2000FFFFFFFFFFFFFFFFFFFFFFFFFFFFFFFFFFFFFFFFFFFFFFFFFFFFFFFFFFFFFFFFE2
:20FE4000FFFFFFFFFFFFFFFFFFFFFFFFFFFFFFFFFFFFFFFFFFFFFFFFFFFFFFFFFFFFFFFFC2
:20FE6000FFFFFFFFFFFFFFFFFFFFFFFFFFFFFFFFFFFFFFFFFFFFFFFFFFFFFFFFFFFFFFFFA2
:20FE8000FFFFFFFFFFFFFFFFFFFFFFFFFFFFFFFFFFFFFFFFFFFFFFFFFFFFFFFFFFFFFFFF82
:20FEA000FFFFFFFFFFFFFFFFFFFFFFFFFFFFFFFFFFFFFFFFFFFFFFFFFFFFFFFFFFFFFFFF62
:20FEC000FFFFFFFFFFFFFFFFFFFFFFFFFFFFFFFFFFFFFFFFFFFFFFFFFFFFFFFFFFFFFFFF42
:20FEE000FFFFFFFFFFFFFFFFFFFFFFFFFFFFFFFFFFFFFFFFFFFFFFFFFFFFFFFFFFFFFFFF22
:20FF0000FFFFFFFFFFFFFFFFFFFFFFFFFFFFFFFFFFFFFFFFFFFFFFFFFFFFFFFFFFFFFFFF01
:20FF2000FFFFFFFFFFFFFFFFFFFFFFFFFFFFFFFFFFFFFFFFFFFFFFFFFFFFFFFFFFFFFFFFE1
:20FF4000FFFFFFFFFFFFFFFFFFFFFFFFFFFFFFFFFFFFFFFFFFFFFFFFFFFFFFFFFFFFFFFFC1
:20FF6000FFFFFFFFFFFFFFFFFFFFFFFFFFFFFFFFFFFFFFFFFFFFFFFFFFFFFFFFFFFFFFFFA1
:20FF8000FFFFFFFFFFFFFFFFFFFFFFFFFFFFFFFFFFFFFFFFFFFFFFFFFFFFFFFFFFFFFFFF81
:20FFA000FFFFFFFFFFFFFFFFFFFFFFFFFFFFFFFFFFFFFFFFFFFFFFFFFFFFFFFFFFFFFFFF61
:20FFC000FFFFFFFFFFFFFFFFFFFFFFFFFFFFFFFFFFFFFFFFFFFFFFFFFFFFFFFFFFFFFFFF41
:20FFE000FFFFFFFFFFFFFFFFFFFFFFFFFFFFFFFFFFFFFFFFFFFFFFFFFFFFFFFFFFFFFFFF21
:020000040803EF
:20000000FFFFFFFFFFFFFFFFFFFFFFFFFFFFFFFFFFFFFFFFFFFFFFFFFFFFFFFFFFFFFFFF00
:20002000FFFFFFFFFFFFFFFFFFFFFFFFFFFFFFFFFFFFFFFFFFFFFFFFFFFFFFFFFFFFFFFFE0
:20004000FFFFFFFFFFFFFFFFFFFFFFFFFFFFFFFFFFFFFFFFFFFFFFFFFFFFFFFFFFFFFFFFC0
:20006000FFFFFFFFFFFFFFFFFFFFFFFFFFFFFFFFFFFFFFFFFFFFFFFFFFFFFFFFFFFFFFFFA0
:20008000FFFFFFFFFFFFFFFFFFFFFFFFFFFFFFFFFFFFFFFFFFFFFFFFFFFFFFFFFFFFFFFF80
:2000A000FFFFFFFFFFFFFFFFFFFFFFFFFFFFFFFFFFFFFFFFFFFFFFFFFFFFFFFFFFFFFFFF60
:2000C000FFFFFFFFFFFFFFFFFFFFFFFFFFFFFFFFFFFFFFFFFFFFFFFFFFFFFFFFFFFFFFFF40
:2000E000FFFFFFFFFFFFFFFFFFFFFFFFFFFFFFFFFFFFFFFFFFFFFFFFFFFFFFFFFFFFFFFF20
:20010000FFFFFFFFFFFFFFFFFFFFFFFFFFFFFFFFFFFFFFFFFFFFFFFFFFFFFFFFFFFFFFFFFF
:20012000FFFFFFFFFFFFFFFFFFFFFFFFFFFFFFFFFFFFFFFFFFFFFFFFFFFFFFFFFFFFFFFFDF
:20014000FFFFFFFFFFFFFFFFFFFFFFFFFFFFFFFFFFFFFFFFFFFFFFFFFFFFFFFFFFFFFFFFBF
:20016000FFFFFFFFFFFFFFFFFFFFFFFFFFFFFFFFFFFFFFFFFFFFFFFFFFFFFFFFFFFFFFFF9F
:20018000FFFFFFFFFFFFFFFFFFFFFFFFFFFFFFFFFFFFFFFFFFFFFFFFFFFFFFFFFFFFFFFF7F
:2001A000FFFFFFFFFFFFFFFFFFFFFFFFFFFFFFFFFFFFFFFFFFFFFFFFFFFFFFFFFFFFFFFF5F
:2001C000FFFFFFFFFFFFFFFFFFFFFFFFFFFFFFFFFFFFFFFFFFFFFFFFFFFFFFFFFFFFFFFF3F
:2001E000FFFFFFFFFFFFFFFFFFFFFFFFFFFFFFFFFFFFFFFFFFFFFFFFFFFFFFFFFFFFFFFF1F
:20020000FFFFFFFFFFFFFFFFFFFFFFFFFFFFFFFFFFFFFFFFFFFFFFFFFFFFFFFFFFFFFFFFFE
:20022000FFFFFFFFFFFFFFFFFFFFFFFFFFFFFFFFFFFFFFFFFFFFFFFFFFFFFFFFFFFFFFFFDE
:20024000FFFFFFFFFFFFFFFFFFFFFFFFFFFFFFFFFFFFFFFFFFFFFFFFFFFFFFFFFFFFFFFFBE
:20026000FFFFFFFFFFFFFFFFFFFFFFFFFFFFFFFFFFFFFFFFFFFFFFFFFFFFFFFFFFFFFFFF9E
:20028000FFFFFFFFFFFFFFFFFFFFFFFFFFFFFFFFFFFFFFFFFFFFFFFFFFFFFFFFFFFFFFFF7E
:2002A000FFFFFFFFFFFFFFFFFFFFFFFFFFFFFFFFFFFFFFFFFFFFFFFFFFFFFFFFFFFFFFFF5E
:2002C000FFFFFFFFFFFFFFFFFFFFFFFFFFFFFFFFFFFFFFFFFFFFFFFFFFFFFFFFFFFFFFFF3E
:2002E000FFFFFFFFFFFFFFFFFFFFFFFFFFFFFFFFFFFFFFFFFFFFFFFFFFFFFFFFFFFFFFFF1E
:20030000FFFFFFFFFFFFFFFFFFFFFFFFFFFFFFFFFFFFFFFFFFFFFFFFFFFFFFFFFFFFFFFFFD
:20032000FFFFFFFFFFFFFFFFFFFFFFFFFFFFFFFFFFFFFFFFFFFFFFFFFFFFFFFFFFFFFFFFDD
:20034000FFFFFFFFFFFFFFFFFFFFFFFFFFFFFFFFFFFFFFFFFFFFFFFFFFFFFFFFFFFFFFFFBD
:20036000FFFFFFFFFFFFFFFFFFFFFFFFFFFFFFFFFFFFFFFFFFFFFFFFFFFFFFFFFFFFFFFF9D
:20038000FFFFFFFFFFFFFFFFFFFFFFFFFFFFFFFFFFFFFFFFFFFFFFFFFFFFFFFFFFFFFFFF7D
:2003A000FFFFFFFFFFFFFFFFFFFFFFFFFFFFFFFFFFFFFFFFFFFFFFFFFFFFFFFFFFFFFFFF5D
:2003C000FFFFFFFFFFFFFFFFFFFFFFFFFFFFFFFFFFFFFFFFFFFFFFFFFFFFFFFFFFFFFFFF3D
:2003E000FFFFFFFFFFFFFFFFFFFFFFFFFFFFFFFFFFFFFFFFFFFFFFFFFFFFFFFFFFFFFFFF1D
:20040000FFFFFFFFFFFFFFFFFFFFFFFFFFFFFFFFFFFFFFFFFFFFFFFFFFFFFFFFFFFFFFFFFC
:20042000FFFFFFFFFFFFFFFFFFFFFFFFFFFFFFFFFFFFFFFFFFFFFFFFFFFFFFFFFFFFFFFFDC
:20044000FFFFFFFFFFFFFFFFFFFFFFFFFFFFFFFFFFFFFFFFFFFFFFFFFFFFFFFFFFFFFFFFBC
:20046000FFFFFFFFFFFFFFFFFFFFFFFFFFFFFFFFFFFFFFFFFFFFFFFFFFFFFFFFFFFFFFFF9C
:20048000FFFFFFFFFFFFFFFFFFFFFFFFFFFFFFFFFFFFFFFFFFFFFFFFFFFFFFFFFFFFFFFF7C
:2004A000FFFFFFFFFFFFFFFFFFFFFFFFFFFFFFFFFFFFFFFFFFFFFFFFFFFFFFFFFFFFFFFF5C
:2004C000FFFFFFFFFFFFFFFFFFFFFFFFFFFFFFFFFFFFFFFFFFFFFFFFFFFFFFFFFFFFFFFF3C
:2004E000FFFFFFFFFFFFFFFFFFFFFFFFFFFFFFFFFFFFFFFFFFFFFFFFFFFFFFFFFFFFFFFF1C
:20050000FFFFFFFFFFFFFFFFFFFFFFFFFFFFFFFFFFFFFFFFFFFFFFFFFFFFFFFFFFFFFFFFFB
:20052000FFFFFFFFFFFFFFFFFFFFFFFFFFFFFFFFFFFFFFFFFFFFFFFFFFFFFFFFFFFFFFFFDB
:20054000FFFFFFFFFFFFFFFFFFFFFFFFFFFFFFFFFFFFFFFFFFFFFFFFFFFFFFFFFFFFFFFFBB
:20056000FFFFFFFFFFFFFFFFFFFFFFFFFFFFFFFFFFFFFFFFFFFFFFFFFFFFFFFFFFFFFFFF9B
:20058000FFFFFFFFFFFFFFFFFFFFFFFFFFFFFFFFFFFFFFFFFFFFFFFFFFFFFFFFFFFFFFFF7B
:2005A000FFFFFFFFFFFFFFFFFFFFFFFFFFFFFFFFFFFFFFFFFFFFFFFFFFFFFFFFFFFFFFFF5B
:2005C000FFFFFFFFFFFFFFFFFFFFFFFFFFFFFFFFFFFFFFFFFFFFFFFFFFFFFFFFFFFFFFFF3B
:2005E000FFFFFFFFFFFFFFFFFFFFFFFFFFFFFFFFFFFFFFFFFFFFFFFFFFFFFFFFFFFFFFFF1B
:20060000FFFFFFFFFFFFFFFFFFFFFFFFFFFFFFFFFFFFFFFFFFFFFFFFFFFFFFFFFFFFFFFFFA
:20062000FFFFFFFFFFFFFFFFFFFFFFFFFFFFFFFFFFFFFFFFFFFFFFFFFFFFFFFFFFFFFFFFDA
:20064000FFFFFFFFFFFFFFFFFFFFFFFFFFFFFFFFFFFFFFFFFFFFFFFFFFFFFFFFFFFFFFFFBA
:20066000FFFFFFFFFFFFFFFFFFFFFFFFFFFFFFFFFFFFFFFFFFFFFFFFFFFFFFFFFFFFFFFF9A
:20068000FFFFFFFFFFFFFFFFFFFFFFFFFFFFFFFFFFFFFFFFFFFFFFFFFFFFFFFFFFFFFFFF7A
:2006A000FFFFFFFFFFFFFFFFFFFFFFFFFFFFFFFFFFFFFFFFFFFFFFFFFFFFFFFFFFFFFFFF5A
:2006C000FFFFFFFFFFFFFFFFFFFFFFFFFFFFFFFFFFFFFFFFFFFFFFFFFFFFFFFFFFFFFFFF3A
:2006E000FFFFFFFFFFFFFFFFFFFFFFFFFFFFFFFFFFFFFFFFFFFFFFFFFFFFFFFFFFFFFFFF1A
:20070000FFFFFFFFFFFFFFFFFFFFFFFFFFFFFFFFFFFFFFFFFFFFFFFFFFFFFFFFFFFFFFFFF9
:20072000FFFFFFFFFFFFFFFFFFFFFFFFFFFFFFFFFFFFFFFFFFFFFFFFFFFFFFFFFFFFFFFFD9
:20074000FFFFFFFFFFFFFFFFFFFFFFFFFFFFFFFFFFFFFFFFFFFFFFFFFFFFFFFFFFFFFFFFB9
:20076000FFFFFFFFFFFFFFFFFFFFFFFFFFFFFFFFFFFFFFFFFFFFFFFFFFFFFFFFFFFFFFFF99
:20078000FFFFFFFFFFFFFFFFFFFFFFFFFFFFFFFFFFFFFFFFFFFFFFFFFFFFFFFFFFFFFFFF79
:2007A000FFFFFFFFFFFFFFFFFFFFFFFFFFFFFFFFFFFFFFFFFFFFFFFFFFFFFFFFFFFFFFFF59
:2007C000FFFFFFFFFFFFFFFFFFFFFFFFFFFFFFFFFFFFFFFFFFFFFFFFFFFFFFFFFFFFFFFF39
:2007E000FFFFFFFFFFFFFFFFFFFFFFFFFFFFFFFFFFFFFFFFFFFFFFFFFFFFFFFFFFFFFFFF19
:20080000FFFFFFFFFFFFFFFFFFFFFFFFFFFFFFFFFFFFFFFFFFFFFFFFFFFFFFFFFFFFFFFFF8
:20082000FFFFFFFFFFFFFFFFFFFFFFFFFFFFFFFFFFFFFFFFFFFFFFFFFFFFFFFFFFFFFFFFD8
:20084000FFFFFFFFFFFFFFFFFFFFFFFFFFFFFFFFFFFFFFFFFFFFFFFFFFFFFFFFFFFFFFFFB8
:20086000FFFFFFFFFFFFFFFFFFFFFFFFFFFFFFFFFFFFFFFFFFFFFFFFFFFFFFFFFFFFFFFF98
:20088000FFFFFFFFFFFFFFFFFFFFFFFFFFFFFFFFFFFFFFFFFFFFFFFFFFFFFFFFFFFFFFFF78
:2008A000FFFFFFFFFFFFFFFFFFFFFFFFFFFFFFFFFFFFFFFFFFFFFFFFFFFFFFFFFFFFFFFF58
:2008C000FFFFFFFFFFFFFFFFFFFFFFFFFFFFFFFFFFFFFFFFFFFFFFFFFFFFFFFFFFFFFFFF38
:2008E000FFFFFFFFFFFFFFFFFFFFFFFFFFFFFFFFFFFFFFFFFFFFFFFFFFFFFFFFFFFFFFFF18
:20090000FFFFFFFFFFFFFFFFFFFFFFFFFFFFFFFFFFFFFFFFFFFFFFFFFFFFFFFFFFFFFFFFF7
:20092000FFFFFFFFFFFFFFFFFFFFFFFFFFFFFFFFFFFFFFFFFFFFFFFFFFFFFFFFFFFFFFFFD7
:20094000FFFFFFFFFFFFFFFFFFFFFFFFFFFFFFFFFFFFFFFFFFFFFFFFFFFFFFFFFFFFFFFFB7
:20096000FFFFFFFFFFFFFFFFFFFFFFFFFFFFFFFFFFFFFFFFFFFFFFFFFFFFFFFFFFFFFFFF97
:20098000FFFFFFFFFFFFFFFFFFFFFFFFFFFFFFFFFFFFFFFFFFFFFFFFFFFFFFFFFFFFFFFF77
:2009A000FFFFFFFFFFFFFFFFFFFFFFFFFFFFFFFFFFFFFFFFFFFFFFFFFFFFFFFFFFFFFFFF57
:2009C000FFFFFFFFFFFFFFFFFFFFFFFFFFFFFFFFFFFFFFFFFFFFFFFFFFFFFFFFFFFFFFFF37
:2009E000FFFFFFFFFFFFFFFFFFFFFFFFFFFFFFFFFFFFFFFFFFFFFFFFFFFFFFFFFFFFFFFF17
:200A0000FFFFFFFFFFFFFFFFFFFFFFFFFFFFFFFFFFFFFFFFFFFFFFFFFFFFFFFFFFFFFFFFF6
:200A2000FFFFFFFFFFFFFFFFFFFFFFFFFFFFFFFFFFFFFFFFFFFFFFFFFFFFFFFFFFFFFFFFD6
:200A4000FFFFFFFFFFFFFFFFFFFFFFFFFFFFFFFFFFFFFFFFFFFFFFFFFFFFFFFFFFFFFFFFB6
:200A6000FFFFFFFFFFFFFFFFFFFFFFFFFFFFFFFFFFFFFFFFFFFFFFFFFFFFFFFFFFFFFFFF96
:200A8000FFFFFFFFFFFFFFFFFFFFFFFFFFFFFFFFFFFFFFFFFFFFFFFFFFFFFFFFFFFFFFFF76
:200AA000FFFFFFFFFFFFFFFFFFFFFFFFFFFFFFFFFFFFFFFFFFFFFFFFFFFFFFFFFFFFFFFF56
:200AC000FFFFFFFFFFFFFFFFFFFFFFFFFFFFFFFFFFFFFFFFFFFFFFFFFFFFFFFFFFFFFFFF36
:200AE000FFFFFFFFFFFFFFFFFFFFFFFFFFFFFFFFFFFFFFFFFFFFFFFFFFFFFFFFFFFFFFFF16
:200B0000FFFFFFFFFFFFFFFFFFFFFFFFFFFFFFFFFFFFFFFFFFFFFFFFFFFFFFFFFFFFFFFFF5
:200B2000FFFFFFFFFFFFFFFFFFFFFFFFFFFFFFFFFFFFFFFFFFFFFFFFFFFFFFFFFFFFFFFFD5
:200B4000FFFFFFFFFFFFFFFFFFFFFFFFFFFFFFFFFFFFFFFFFFFFFFFFFFFFFFFFFFFFFFFFB5
:200B6000FFFFFFFFFFFFFFFFFFFFFFFFFFFFFFFFFFFFFFFFFFFFFFFFFFFFFFFFFFFFFFFF95
:200B8000FFFFFFFFFFFFFFFFFFFFFFFFFFFFFFFFFFFFFFFFFFFFFFFFFFFFFFFFFFFFFFFF75
:200BA000FFFFFFFFFFFFFFFFFFFFFFFFFFFFFFFFFFFFFFFFFFFFFFFFFFFFFFFFFFFFFFFF55
:200BC000FFFFFFFFFFFFFFFFFFFFFFFFFFFFFFFFFFFFFFFFFFFFFFFFFFFFFFFFFFFFFFFF35
:200BE000FFFFFFFFFFFFFFFFFFFFFFFFFFFFFFFFFFFFFFFFFFFFFFFFFFFFFFFFFFFFFFFF15
:200C0000FFFFFFFFFFFFFFFFFFFFFFFFFFFFFFFFFFFFFFFFFFFFFFFFFFFFFFFFFFFFFFFFF4
:200C2000FFFFFFFFFFFFFFFFFFFFFFFFFFFFFFFFFFFFFFFFFFFFFFFFFFFFFFFFFFFFFFFFD4
:200C4000FFFFFFFFFFFFFFFFFFFFFFFFFFFFFFFFFFFFFFFFFFFFFFFFFFFFFFFFFFFFFFFFB4
:200C6000FFFFFFFFFFFFFFFFFFFFFFFFFFFFFFFFFFFFFFFFFFFFFFFFFFFFFFFFFFFFFFFF94
:200C8000FFFFFFFFFFFFFFFFFFFFFFFFFFFFFFFFFFFFFFFFFFFFFFFFFFFFFFFFFFFFFFFF74
:200CA000FFFFFFFFFFFFFFFFFFFFFFFFFFFFFFFFFFFFFFFFFFFFFFFFFFFFFFFFFFFFFFFF54
:200CC000FFFFFFFFFFFFFFFFFFFFFFFFFFFFFFFFFFFFFFFFFFFFFFFFFFFFFFFFFFFFFFFF34
:200CE000FFFFFFFFFFFFFFFFFFFFFFFFFFFFFFFFFFFFFFFFFFFFFFFFFFFFFFFFFFFFFFFF14
:200D0000FFFFFFFFFFFFFFFFFFFFFFFFFFFFFFFFFFFFFFFFFFFFFFFFFFFFFFFFFFFFFFFFF3
:200D2000FFFFFFFFFFFFFFFFFFFFFFFFFFFFFFFFFFFFFFFFFFFFFFFFFFFFFFFFFFFFFFFFD3
:200D4000FFFFFFFFFFFFFFFFFFFFFFFFFFFFFFFFFFFFFFFFFFFFFFFFFFFFFFFFFFFFFFFFB3
:200D6000FFFFFFFFFFFFFFFFFFFFFFFFFFFFFFFFFFFFFFFFFFFFFFFFFFFFFFFFFFFFFFFF93
:200D8000FFFFFFFFFFFFFFFFFFFFFFFFFFFFFFFFFFFFFFFFFFFFFFFFFFFFFFFFFFFFFFFF73
:200DA000FFFFFFFFFFFFFFFFFFFFFFFFFFFFFFFFFFFFFFFFFFFFFFFFFFFFFFFFFFFFFFFF53
:200DC000FFFFFFFFFFFFFFFFFFFFFFFFFFFFFFFFFFFFFFFFFFFFFFFFFFFFFFFFFFFFFFFF33
:200DE000FFFFFFFFFFFFFFFFFFFFFFFFFFFFFFFFFFFFFFFFFFFFFFFFFFFFFFFFFFFFFFFF13
:200E0000FFFFFFFFFFFFFFFFFFFFFFFFFFFFFFFFFFFFFFFFFFFFFFFFFFFFFFFFFFFFFFFFF2
:200E2000FFFFFFFFFFFFFFFFFFFFFFFFFFFFFFFFFFFFFFFFFFFFFFFFFFFFFFFFFFFFFFFFD2
:200E4000FFFFFFFFFFFFFFFFFFFFFFFFFFFFFFFFFFFFFFFFFFFFFFFFFFFFFFFFFFFFFFFFB2
:200E6000FFFFFFFFFFFFFFFFFFFFFFFFFFFFFFFFFFFFFFFFFFFFFFFFFFFFFFFFFFFFFFFF92
:200E8000FFFFFFFFFFFFFFFFFFFFFFFFFFFFFFFFFFFFFFFFFFFFFFFFFFFFFFFFFFFFFFFF72
:200EA000FFFFFFFFFFFFFFFFFFFFFFFFFFFFFFFFFFFFFFFFFFFFFFFFFFFFFFFFFFFFFFFF52
:200EC000FFFFFFFFFFFFFFFFFFFFFFFFFFFFFFFFFFFFFFFFFFFFFFFFFFFFFFFFFFFFFFFF32
:200EE000FFFFFFFFFFFFFFFFFFFFFFFFFFFFFFFFFFFFFFFFFFFFFFFFFFFFFFFFFFFFFFFF12
:200F0000FFFFFFFFFFFFFFFFFFFFFFFFFFFFFFFFFFFFFFFFFFFFFFFFFFFFFFFFFFFFFFFFF1
:200F2000FFFFFFFFFFFFFFFFFFFFFFFFFFFFFFFFFFFFFFFFFFFFFFFFFFFFFFFFFFFFFFFFD1
:200F4000FFFFFFFFFFFFFFFFFFFFFFFFFFFFFFFFFFFFFFFFFFFFFFFFFFFFFFFFFFFFFFFFB1
:200F6000FFFFFFFFFFFFFFFFFFFFFFFFFFFFFFFFFFFFFFFFFFFFFFFFFFFFFFFFFFFFFFFF91
:200F8000FFFFFFFFFFFFFFFFFFFFFFFFFFFFFFFFFFFFFFFFFFFFFFFFFFFFFFFFFFFFFFFF71
:200FA000FFFFFFFFFFFFFFFFFFFFFFFFFFFFFFFFFFFFFFFFFFFFFFFFFFFFFFFFFFFFFFFF51
:200FC000FFFFFFFFFFFFFFFFFFFFFFFFFFFFFFFFFFFFFFFFFFFFFFFFFFFFFFFFFFFFFFFF31
:200FE000FFFFFFFFFFFFFFFFFFFFFFFFFFFFFFFFFFFFFFFFFFFFFFFFFFFFFFFFFFFFFFFF11
:20100000FFFFFFFFFFFFFFFFFFFFFFFFFFFFFFFFFFFFFFFFFFFFFFFFFFFFFFFFFFFFFFFFF0
:20102000FFFFFFFFFFFFFFFFFFFFFFFFFFFFFFFFFFFFFFFFFFFFFFFFFFFFFFFFFFFFFFFFD0
:20104000FFFFFFFFFFFFFFFFFFFFFFFFFFFFFFFFFFFFFFFFFFFFFFFFFFFFFFFFFFFFFFFFB0
:20106000FFFFFFFFFFFFFFFFFFFFFFFFFFFFFFFFFFFFFFFFFFFFFFFFFFFFFFFFFFFFFFFF90
:20108000FFFFFFFFFFFFFFFFFFFFFFFFFFFFFFFFFFFFFFFFFFFFFFFFFFFFFFFFFFFFFFFF70
:2010A000FFFFFFFFFFFFFFFFFFFFFFFFFFFFFFFFFFFFFFFFFFFFFFFFFFFFFFFFFFFFFFFF50
:2010C000FFFFFFFFFFFFFFFFFFFFFFFFFFFFFFFFFFFFFFFFFFFFFFFFFFFFFFFFFFFFFFFF30
:2010E000FFFFFFFFFFFFFFFFFFFFFFFFFFFFFFFFFFFFFFFFFFFFFFFFFFFFFFFFFFFFFFFF10
:20110000FFFFFFFFFFFFFFFFFFFFFFFFFFFFFFFFFFFFFFFFFFFFFFFFFFFFFFFFFFFFFFFFEF
:20112000FFFFFFFFFFFFFFFFFFFFFFFFFFFFFFFFFFFFFFFFFFFFFFFFFFFFFFFFFFFFFFFFCF
:20114000FFFFFFFFFFFFFFFFFFFFFFFFFFFFFFFFFFFFFFFFFFFFFFFFFFFFFFFFFFFFFFFFAF
:20116000FFFFFFFFFFFFFFFFFFFFFFFFFFFFFFFFFFFFFFFFFFFFFFFFFFFFFFFFFFFFFFFF8F
:20118000FFFFFFFFFFFFFFFFFFFFFFFFFFFFFFFFFFFFFFFFFFFFFFFFFFFFFFFFFFFFFFFF6F
:2011A000FFFFFFFFFFFFFFFFFFFFFFFFFFFFFFFFFFFFFFFFFFFFFFFFFFFFFFFFFFFFFFFF4F
:2011C000FFFFFFFFFFFFFFFFFFFFFFFFFFFFFFFFFFFFFFFFFFFFFFFFFFFFFFFFFFFFFFFF2F
:2011E000FFFFFFFFFFFFFFFFFFFFFFFFFFFFFFFFFFFFFFFFFFFFFFFFFFFFFFFFFFFFFFFF0F
:20120000FFFFFFFFFFFFFFFFFFFFFFFFFFFFFFFFFFFFFFFFFFFFFFFFFFFFFFFFFFFFFFFFEE
:20122000FFFFFFFFFFFFFFFFFFFFFFFFFFFFFFFFFFFFFFFFFFFFFFFFFFFFFFFFFFFFFFFFCE
:20124000FFFFFFFFFFFFFFFFFFFFFFFFFFFFFFFFFFFFFFFFFFFFFFFFFFFFFFFFFFFFFFFFAE
:20126000FFFFFFFFFFFFFFFFFFFFFFFFFFFFFFFFFFFFFFFFFFFFFFFFFFFFFFFFFFFFFFFF8E
:20128000FFFFFFFFFFFFFFFFFFFFFFFFFFFFFFFFFFFFFFFFFFFFFFFFFFFFFFFFFFFFFFFF6E
:2012A000FFFFFFFFFFFFFFFFFFFFFFFFFFFFFFFFFFFFFFFFFFFFFFFFFFFFFFFFFFFFFFFF4E
:2012C000FFFFFFFFFFFFFFFFFFFFFFFFFFFFFFFFFFFFFFFFFFFFFFFFFFFFFFFFFFFFFFFF2E
:2012E000FFFFFFFFFFFFFFFFFFFFFFFFFFFFFFFFFFFFFFFFFFFFFFFFFFFFFFFFFFFFFFFF0E
:20130000FFFFFFFFFFFFFFFFFFFFFFFFFFFFFFFFFFFFFFFFFFFFFFFFFFFFFFFFFFFFFFFFED
:20132000FFFFFFFFFFFFFFFFFFFFFFFFFFFFFFFFFFFFFFFFFFFFFFFFFFFFFFFFFFFFFFFFCD
:20134000FFFFFFFFFFFFFFFFFFFFFFFFFFFFFFFFFFFFFFFFFFFFFFFFFFFFFFFFFFFFFFFFAD
:20136000FFFFFFFFFFFFFFFFFFFFFFFFFFFFFFFFFFFFFFFFFFFFFFFFFFFFFFFFFFFFFFFF8D
:20138000FFFFFFFFFFFFFFFFFFFFFFFFFFFFFFFFFFFFFFFFFFFFFFFFFFFFFFFFFFFFFFFF6D
:2013A000FFFFFFFFFFFFFFFFFFFFFFFFFFFFFFFFFFFFFFFFFFFFFFFFFFFFFFFFFFFFFFFF4D
:2013C000FFFFFFFFFFFFFFFFFFFFFFFFFFFFFFFFFFFFFFFFFFFFFFFFFFFFFFFFFFFFFFFF2D
:2013E000FFFFFFFFFFFFFFFFFFFFFFFFFFFFFFFFFFFFFFFFFFFFFFFFFFFFFFFFFFFFFFFF0D
:20140000FFFFFFFFFFFFFFFFFFFFFFFFFFFFFFFFFFFFFFFFFFFFFFFFFFFFFFFFFFFFFFFFEC
:20142000FFFFFFFFFFFFFFFFFFFFFFFFFFFFFFFFFFFFFFFFFFFFFFFFFFFFFFFFFFFFFFFFCC
:20144000FFFFFFFFFFFFFFFFFFFFFFFFFFFFFFFFFFFFFFFFFFFFFFFFFFFFFFFFFFFFFFFFAC
:20146000FFFFFFFFFFFFFFFFFFFFFFFFFFFFFFFFFFFFFFFFFFFFFFFFFFFFFFFFFFFFFFFF8C
:20148000FFFFFFFFFFFFFFFFFFFFFFFFFFFFFFFFFFFFFFFFFFFFFFFFFFFFFFFFFFFFFFFF6C
:2014A000FFFFFFFFFFFFFFFFFFFFFFFFFFFFFFFFFFFFFFFFFFFFFFFFFFFFFFFFFFFFFFFF4C
:2014C000FFFFFFFFFFFFFFFFFFFFFFFFFFFFFFFFFFFFFFFFFFFFFFFFFFFFFFFFFFFFFFFF2C
:2014E000FFFFFFFFFFFFFFFFFFFFFFFFFFFFFFFFFFFFFFFFFFFFFFFFFFFFFFFFFFFFFFFF0C
:20150000FFFFFFFFFFFFFFFFFFFFFFFFFFFFFFFFFFFFFFFFFFFFFFFFFFFFFFFFFFFFFFFFEB
:20152000FFFFFFFFFFFFFFFFFFFFFFFFFFFFFFFFFFFFFFFFFFFFFFFFFFFFFFFFFFFFFFFFCB
:20154000FFFFFFFFFFFFFFFFFFFFFFFFFFFFFFFFFFFFFFFFFFFFFFFFFFFFFFFFFFFFFFFFAB
:20156000FFFFFFFFFFFFFFFFFFFFFFFFFFFFFFFFFFFFFFFFFFFFFFFFFFFFFFFFFFFFFFFF8B
:20158000FFFFFFFFFFFFFFFFFFFFFFFFFFFFFFFFFFFFFFFFFFFFFFFFFFFFFFFFFFFFFFFF6B
:2015A000FFFFFFFFFFFFFFFFFFFFFFFFFFFFFFFFFFFFFFFFFFFFFFFFFFFFFFFFFFFFFFFF4B
:2015C000FFFFFFFFFFFFFFFFFFFFFFFFFFFFFFFFFFFFFFFFFFFFFFFFFFFFFFFFFFFFFFFF2B
:2015E000FFFFFFFFFFFFFFFFFFFFFFFFFFFFFFFFFFFFFFFFFFFFFFFFFFFFFFFFFFFFFFFF0B
:20160000FFFFFFFFFFFFFFFFFFFFFFFFFFFFFFFFFFFFFFFFFFFFFFFFFFFFFFFFFFFFFFFFEA
:20162000FFFFFFFFFFFFFFFFFFFFFFFFFFFFFFFFFFFFFFFFFFFFFFFFFFFFFFFFFFFFFFFFCA
:20164000FFFFFFFFFFFFFFFFFFFFFFFFFFFFFFFFFFFFFFFFFFFFFFFFFFFFFFFFFFFFFFFFAA
:20166000FFFFFFFFFFFFFFFFFFFFFFFFFFFFFFFFFFFFFFFFFFFFFFFFFFFFFFFFFFFFFFFF8A
:20168000FFFFFFFFFFFFFFFFFFFFFFFFFFFFFFFFFFFFFFFFFFFFFFFFFFFFFFFFFFFFFFFF6A
:2016A000FFFFFFFFFFFFFFFFFFFFFFFFFFFFFFFFFFFFFFFFFFFFFFFFFFFFFFFFFFFFFFFF4A
:2016C000FFFFFFFFFFFFFFFFFFFFFFFFFFFFFFFFFFFFFFFFFFFFFFFFFFFFFFFFFFFFFFFF2A
:2016E000FFFFFFFFFFFFFFFFFFFFFFFFFFFFFFFFFFFFFFFFFFFFFFFFFFFFFFFFFFFFFFFF0A
:20170000FFFFFFFFFFFFFFFFFFFFFFFFFFFFFFFFFFFFFFFFFFFFFFFFFFFFFFFFFFFFFFFFE9
:20172000FFFFFFFFFFFFFFFFFFFFFFFFFFFFFFFFFFFFFFFFFFFFFFFFFFFFFFFFFFFFFFFFC9
:20174000FFFFFFFFFFFFFFFFFFFFFFFFFFFFFFFFFFFFFFFFFFFFFFFFFFFFFFFFFFFFFFFFA9
:20176000FFFFFFFFFFFFFFFFFFFFFFFFFFFFFFFFFFFFFFFFFFFFFFFFFFFFFFFFFFFFFFFF89
:20178000FFFFFFFFFFFFFFFFFFFFFFFFFFFFFFFFFFFFFFFFFFFFFFFFFFFFFFFFFFFFFFFF69
:2017A000FFFFFFFFFFFFFFFFFFFFFFFFFFFFFFFFFFFFFFFFFFFFFFFFFFFFFFFFFFFFFFFF49
:2017C000FFFFFFFFFFFFFFFFFFFFFFFFFFFFFFFFFFFFFFFFFFFFFFFFFFFFFFFFFFFFFFFF29
:2017E000FFFFFFFFFFFFFFFFFFFFFFFFFFFFFFFFFFFFFFFFFFFFFFFFFFFFFFFFFFFFFFFF09
:20180000FFFFFFFFFFFFFFFFFFFFFFFFFFFFFFFFFFFFFFFFFFFFFFFFFFFFFFFFFFFFFFFFE8
:20182000FFFFFFFFFFFFFFFFFFFFFFFFFFFFFFFFFFFFFFFFFFFFFFFFFFFFFFFFFFFFFFFFC8
:20184000FFFFFFFFFFFFFFFFFFFFFFFFFFFFFFFFFFFFFFFFFFFFFFFFFFFFFFFFFFFFFFFFA8
:20186000FFFFFFFFFFFFFFFFFFFFFFFFFFFFFFFFFFFFFFFFFFFFFFFFFFFFFFFFFFFFFFFF88
:20188000FFFFFFFFFFFFFFFFFFFFFFFFFFFFFFFFFFFFFFFFFFFFFFFFFFFFFFFFFFFFFFFF68
:2018A000FFFFFFFFFFFFFFFFFFFFFFFFFFFFFFFFFFFFFFFFFFFFFFFFFFFFFFFFFFFFFFFF48
:2018C000FFFFFFFFFFFFFFFFFFFFFFFFFFFFFFFFFFFFFFFFFFFFFFFFFFFFFFFFFFFFFFFF28
:2018E000FFFFFFFFFFFFFFFFFFFFFFFFFFFFFFFFFFFFFFFFFFFFFFFFFFFFFFFFFFFFFFFF08
:20190000FFFFFFFFFFFFFFFFFFFFFFFFFFFFFFFFFFFFFFFFFFFFFFFFFFFFFFFFFFFFFFFFE7
:20192000FFFFFFFFFFFFFFFFFFFFFFFFFFFFFFFFFFFFFFFFFFFFFFFFFFFFFFFFFFFFFFFFC7
:20194000FFFFFFFFFFFFFFFFFFFFFFFFFFFFFFFFFFFFFFFFFFFFFFFFFFFFFFFFFFFFFFFFA7
:20196000FFFFFFFFFFFFFFFFFFFFFFFFFFFFFFFFFFFFFFFFFFFFFFFFFFFFFFFFFFFFFFFF87
:20198000FFFFFFFFFFFFFFFFFFFFFFFFFFFFFFFFFFFFFFFFFFFFFFFFFFFFFFFFFFFFFFFF67
:2019A000FFFFFFFFFFFFFFFFFFFFFFFFFFFFFFFFFFFFFFFFFFFFFFFFFFFFFFFFFFFFFFFF47
:2019C000FFFFFFFFFFFFFFFFFFFFFFFFFFFFFFFFFFFFFFFFFFFFFFFFFFFFFFFFFFFFFFFF27
:2019E000FFFFFFFFFFFFFFFFFFFFFFFFFFFFFFFFFFFFFFFFFFFFFFFFFFFFFFFFFFFFFFFF07
:201A0000FFFFFFFFFFFFFFFFFFFFFFFFFFFFFFFFFFFFFFFFFFFFFFFFFFFFFFFFFFFFFFFFE6
:201A2000FFFFFFFFFFFFFFFFFFFFFFFFFFFFFFFFFFFFFFFFFFFFFFFFFFFFFFFFFFFFFFFFC6
:201A4000FFFFFFFFFFFFFFFFFFFFFFFFFFFFFFFFFFFFFFFFFFFFFFFFFFFFFFFFFFFFFFFFA6
:201A6000FFFFFFFFFFFFFFFFFFFFFFFFFFFFFFFFFFFFFFFFFFFFFFFFFFFFFFFFFFFFFFFF86
:201A8000FFFFFFFFFFFFFFFFFFFFFFFFFFFFFFFFFFFFFFFFFFFFFFFFFFFFFFFFFFFFFFFF66
:201AA000FFFFFFFFFFFFFFFFFFFFFFFFFFFFFFFFFFFFFFFFFFFFFFFFFFFFFFFFFFFFFFFF46
:201AC000FFFFFFFFFFFFFFFFFFFFFFFFFFFFFFFFFFFFFFFFFFFFFFFFFFFFFFFFFFFFFFFF26
:201AE000FFFFFFFFFFFFFFFFFFFFFFFFFFFFFFFFFFFFFFFFFFFFFFFFFFFFFFFFFFFFFFFF06
:201B0000FFFFFFFFFFFFFFFFFFFFFFFFFFFFFFFFFFFFFFFFFFFFFFFFFFFFFFFFFFFFFFFFE5
:201B2000FFFFFFFFFFFFFFFFFFFFFFFFFFFFFFFFFFFFFFFFFFFFFFFFFFFFFFFFFFFFFFFFC5
:201B4000FFFFFFFFFFFFFFFFFFFFFFFFFFFFFFFFFFFFFFFFFFFFFFFFFFFFFFFFFFFFFFFFA5
:201B6000FFFFFFFFFFFFFFFFFFFFFFFFFFFFFFFFFFFFFFFFFFFFFFFFFFFFFFFFFFFFFFFF85
:201B8000FFFFFFFFFFFFFFFFFFFFFFFFFFFFFFFFFFFFFFFFFFFFFFFFFFFFFFFFFFFFFFFF65
:201BA000FFFFFFFFFFFFFFFFFFFFFFFFFFFFFFFFFFFFFFFFFFFFFFFFFFFFFFFFFFFFFFFF45
:201BC000FFFFFFFFFFFFFFFFFFFFFFFFFFFFFFFFFFFFFFFFFFFFFFFFFFFFFFFFFFFFFFFF25
:201BE000FFFFFFFFFFFFFFFFFFFFFFFFFFFFFFFFFFFFFFFFFFFFFFFFFFFFFFFFFFFFFFFF05
:201C0000FFFFFFFFFFFFFFFFFFFFFFFFFFFFFFFFFFFFFFFFFFFFFFFFFFFFFFFFFFFFFFFFE4
:201C2000FFFFFFFFFFFFFFFFFFFFFFFFFFFFFFFFFFFFFFFFFFFFFFFFFFFFFFFFFFFFFFFFC4
:201C4000FFFFFFFFFFFFFFFFFFFFFFFFFFFFFFFFFFFFFFFFFFFFFFFFFFFFFFFFFFFFFFFFA4
:201C6000FFFFFFFFFFFFFFFFFFFFFFFFFFFFFFFFFFFFFFFFFFFFFFFFFFFFFFFFFFFFFFFF84
:201C8000FFFFFFFFFFFFFFFFFFFFFFFFFFFFFFFFFFFFFFFFFFFFFFFFFFFFFFFFFFFFFFFF64
:201CA000FFFFFFFFFFFFFFFFFFFFFFFFFFFFFFFFFFFFFFFFFFFFFFFFFFFFFFFFFFFFFFFF44
:201CC000FFFFFFFFFFFFFFFFFFFFFFFFFFFFFFFFFFFFFFFFFFFFFFFFFFFFFFFFFFFFFFFF24
:201CE000FFFFFFFFFFFFFFFFFFFFFFFFFFFFFFFFFFFFFFFFFFFFFFFFFFFFFFFFFFFFFFFF04
:201D0000FFFFFFFFFFFFFFFFFFFFFFFFFFFFFFFFFFFFFFFFFFFFFFFFFFFFFFFFFFFFFFFFE3
:201D2000FFFFFFFFFFFFFFFFFFFFFFFFFFFFFFFFFFFFFFFFFFFFFFFFFFFFFFFFFFFFFFFFC3
:201D4000FFFFFFFFFFFFFFFFFFFFFFFFFFFFFFFFFFFFFFFFFFFFFFFFFFFFFFFFFFFFFFFFA3
:201D6000FFFFFFFFFFFFFFFFFFFFFFFFFFFFFFFFFFFFFFFFFFFFFFFFFFFFFFFFFFFFFFFF83
:201D8000FFFFFFFFFFFFFFFFFFFFFFFFFFFFFFFFFFFFFFFFFFFFFFFFFFFFFFFFFFFFFFFF63
:201DA000FFFFFFFFFFFFFFFFFFFFFFFFFFFFFFFFFFFFFFFFFFFFFFFFFFFFFFFFFFFFFFFF43
:201DC000FFFFFFFFFFFFFFFFFFFFFFFFFFFFFFFFFFFFFFFFFFFFFFFFFFFFFFFFFFFFFFFF23
:201DE000FFFFFFFFFFFFFFFFFFFFFFFFFFFFFFFFFFFFFFFFFFFFFFFFFFFFFFFFFFFFFFFF03
:201E0000FFFFFFFFFFFFFFFFFFFFFFFFFFFFFFFFFFFFFFFFFFFFFFFFFFFFFFFFFFFFFFFFE2
:201E2000FFFFFFFFFFFFFFFFFFFFFFFFFFFFFFFFFFFFFFFFFFFFFFFFFFFFFFFFFFFFFFFFC2
:201E4000FFFFFFFFFFFFFFFFFFFFFFFFFFFFFFFFFFFFFFFFFFFFFFFFFFFFFFFFFFFFFFFFA2
:201E6000FFFFFFFFFFFFFFFFFFFFFFFFFFFFFFFFFFFFFFFFFFFFFFFFFFFFFFFFFFFFFFFF82
:201E8000FFFFFFFFFFFFFFFFFFFFFFFFFFFFFFFFFFFFFFFFFFFFFFFFFFFFFFFFFFFFFFFF62
:201EA000FFFFFFFFFFFFFFFFFFFFFFFFFFFFFFFFFFFFFFFFFFFFFFFFFFFFFFFFFFFFFFFF42
:201EC000FFFFFFFFFFFFFFFFFFFFFFFFFFFFFFFFFFFFFFFFFFFFFFFFFFFFFFFFFFFFFFFF22
:201EE000FFFFFFFFFFFFFFFFFFFFFFFFFFFFFFFFFFFFFFFFFFFFFFFFFFFFFFFFFFFFFFFF02
:201F0000FFFFFFFFFFFFFFFFFFFFFFFFFFFFFFFFFFFFFFFFFFFFFFFFFFFFFFFFFFFFFFFFE1
:201F2000FFFFFFFFFFFFFFFFFFFFFFFFFFFFFFFFFFFFFFFFFFFFFFFFFFFFFFFFFFFFFFFFC1
:201F4000FFFFFFFFFFFFFFFFFFFFFFFFFFFFFFFFFFFFFFFFFFFFFFFFFFFFFFFFFFFFFFFFA1
:201F6000FFFFFFFFFFFFFFFFFFFFFFFFFFFFFFFFFFFFFFFFFFFFFFFFFFFFFFFFFFFFFFFF81
:201F8000FFFFFFFFFFFFFFFFFFFFFFFFFFFFFFFFFFFFFFFFFFFFFFFFFFFFFFFFFFFFFFFF61
:201FA000FFFFFFFFFFFFFFFFFFFFFFFFFFFFFFFFFFFFFFFFFFFFFFFFFFFFFFFFFFFFFFFF41
:201FC000FFFFFFFFFFFFFFFFFFFFFFFFFFFFFFFFFFFFFFFFFFFFFFFFFFFFFFFFFFFFFFFF21
:201FE000FFFFFFFFFFFFFFFFFFFFFFFFFFFFFFFFFFFFFFFFFFFFFFFFFFFFFFFFFFFFFFFF01
:20200000FFFFFFFFFFFFFFFFFFFFFFFFFFFFFFFFFFFFFFFFFFFFFFFFFFFFFFFFFFFFFFFFE0
:20202000FFFFFFFFFFFFFFFFFFFFFFFFFFFFFFFFFFFFFFFFFFFFFFFFFFFFFFFFFFFFFFFFC0
:20204000FFFFFFFFFFFFFFFFFFFFFFFFFFFFFFFFFFFFFFFFFFFFFFFFFFFFFFFFFFFFFFFFA0
:20206000FFFFFFFFFFFFFFFFFFFFFFFFFFFFFFFFFFFFFFFFFFFFFFFFFFFFFFFFFFFFFFFF80
:20208000FFFFFFFFFFFFFFFFFFFFFFFFFFFFFFFFFFFFFFFFFFFFFFFFFFFFFFFFFFFFFFFF60
:2020A000FFFFFFFFFFFFFFFFFFFFFFFFFFFFFFFFFFFFFFFFFFFFFFFFFFFFFFFFFFFFFFFF40
:2020C000FFFFFFFFFFFFFFFFFFFFFFFFFFFFFFFFFFFFFFFFFFFFFFFFFFFFFFFFFFFFFFFF20
:2020E000FFFFFFFFFFFFFFFFFFFFFFFFFFFFFFFFFFFFFFFFFFFFFFFFFFFFFFFFFFFFFFFF00
:20210000FFFFFFFFFFFFFFFFFFFFFFFFFFFFFFFFFFFFFFFFFFFFFFFFFFFFFFFFFFFFFFFFDF
:20212000FFFFFFFFFFFFFFFFFFFFFFFFFFFFFFFFFFFFFFFFFFFFFFFFFFFFFFFFFFFFFFFFBF
:20214000FFFFFFFFFFFFFFFFFFFFFFFFFFFFFFFFFFFFFFFFFFFFFFFFFFFFFFFFFFFFFFFF9F
:20216000FFFFFFFFFFFFFFFFFFFFFFFFFFFFFFFFFFFFFFFFFFFFFFFFFFFFFFFFFFFFFFFF7F
:20218000FFFFFFFFFFFFFFFFFFFFFFFFFFFFFFFFFFFFFFFFFFFFFFFFFFFFFFFFFFFFFFFF5F
:2021A000FFFFFFFFFFFFFFFFFFFFFFFFFFFFFFFFFFFFFFFFFFFFFFFFFFFFFFFFFFFFFFFF3F
:2021C000FFFFFFFFFFFFFFFFFFFFFFFFFFFFFFFFFFFFFFFFFFFFFFFFFFFFFFFFFFFFFFFF1F
:2021E000FFFFFFFFFFFFFFFFFFFFFFFFFFFFFFFFFFFFFFFFFFFFFFFFFFFFFFFFFFFFFFFFFF
:20220000FFFFFFFFFFFFFFFFFFFFFFFFFFFFFFFFFFFFFFFFFFFFFFFFFFFFFFFFFFFFFFFFDE
:20222000FFFFFFFFFFFFFFFFFFFFFFFFFFFFFFFFFFFFFFFFFFFFFFFFFFFFFFFFFFFFFFFFBE
:20224000FFFFFFFFFFFFFFFFFFFFFFFFFFFFFFFFFFFFFFFFFFFFFFFFFFFFFFFFFFFFFFFF9E
:20226000FFFFFFFFFFFFFFFFFFFFFFFFFFFFFFFFFFFFFFFFFFFFFFFFFFFFFFFFFFFFFFFF7E
:20228000FFFFFFFFFFFFFFFFFFFFFFFFFFFFFFFFFFFFFFFFFFFFFFFFFFFFFFFFFFFFFFFF5E
:2022A000FFFFFFFFFFFFFFFFFFFFFFFFFFFFFFFFFFFFFFFFFFFFFFFFFFFFFFFFFFFFFFFF3E
:2022C000FFFFFFFFFFFFFFFFFFFFFFFFFFFFFFFFFFFFFFFFFFFFFFFFFFFFFFFFFFFFFFFF1E
:2022E000FFFFFFFFFFFFFFFFFFFFFFFFFFFFFFFFFFFFFFFFFFFFFFFFFFFFFFFFFFFFFFFFFE
:20230000FFFFFFFFFFFFFFFFFFFFFFFFFFFFFFFFFFFFFFFFFFFFFFFFFFFFFFFFFFFFFFFFDD
:20232000FFFFFFFFFFFFFFFFFFFFFFFFFFFFFFFFFFFFFFFFFFFFFFFFFFFFFFFFFFFFFFFFBD
:20234000FFFFFFFFFFFFFFFFFFFFFFFFFFFFFFFFFFFFFFFFFFFFFFFFFFFFFFFFFFFFFFFF9D
:20236000FFFFFFFFFFFFFFFFFFFFFFFFFFFFFFFFFFFFFFFFFFFFFFFFFFFFFFFFFFFFFFFF7D
:20238000FFFFFFFFFFFFFFFFFFFFFFFFFFFFFFFFFFFFFFFFFFFFFFFFFFFFFFFFFFFFFFFF5D
:2023A000FFFFFFFFFFFFFFFFFFFFFFFFFFFFFFFFFFFFFFFFFFFFFFFFFFFFFFFFFFFFFFFF3D
:2023C000FFFFFFFFFFFFFFFFFFFFFFFFFFFFFFFFFFFFFFFFFFFFFFFFFFFFFFFFFFFFFFFF1D
:2023E000FFFFFFFFFFFFFFFFFFFFFFFFFFFFFFFFFFFFFFFFFFFFFFFFFFFFFFFFFFFFFFFFFD
:20240000FFFFFFFFFFFFFFFFFFFFFFFFFFFFFFFFFFFFFFFFFFFFFFFFFFFFFFFFFFFFFFFFDC
:20242000FFFFFFFFFFFFFFFFFFFFFFFFFFFFFFFFFFFFFFFFFFFFFFFFFFFFFFFFFFFFFFFFBC
:20244000FFFFFFFFFFFFFFFFFFFFFFFFFFFFFFFFFFFFFFFFFFFFFFFFFFFFFFFFFFFFFFFF9C
:20246000FFFFFFFFFFFFFFFFFFFFFFFFFFFFFFFFFFFFFFFFFFFFFFFFFFFFFFFFFFFFFFFF7C
:20248000FFFFFFFFFFFFFFFFFFFFFFFFFFFFFFFFFFFFFFFFFFFFFFFFFFFFFFFFFFFFFFFF5C
:2024A000FFFFFFFFFFFFFFFFFFFFFFFFFFFFFFFFFFFFFFFFFFFFFFFFFFFFFFFFFFFFFFFF3C
:2024C000FFFFFFFFFFFFFFFFFFFFFFFFFFFFFFFFFFFFFFFFFFFFFFFFFFFFFFFFFFFFFFFF1C
:2024E000FFFFFFFFFFFFFFFFFFFFFFFFFFFFFFFFFFFFFFFFFFFFFFFFFFFFFFFFFFFFFFFFFC
:20250000FFFFFFFFFFFFFFFFFFFFFFFFFFFFFFFFFFFFFFFFFFFFFFFFFFFFFFFFFFFFFFFFDB
:20252000FFFFFFFFFFFFFFFFFFFFFFFFFFFFFFFFFFFFFFFFFFFFFFFFFFFFFFFFFFFFFFFFBB
:20254000FFFFFFFFFFFFFFFFFFFFFFFFFFFFFFFFFFFFFFFFFFFFFFFFFFFFFFFFFFFFFFFF9B
:20256000FFFFFFFFFFFFFFFFFFFFFFFFFFFFFFFFFFFFFFFFFFFFFFFFFFFFFFFFFFFFFFFF7B
:20258000FFFFFFFFFFFFFFFFFFFFFFFFFFFFFFFFFFFFFFFFFFFFFFFFFFFFFFFFFFFFFFFF5B
:2025A000FFFFFFFFFFFFFFFFFFFFFFFFFFFFFFFFFFFFFFFFFFFFFFFFFFFFFFFFFFFFFFFF3B
:2025C000FFFFFFFFFFFFFFFFFFFFFFFFFFFFFFFFFFFFFFFFFFFFFFFFFFFFFFFFFFFFFFFF1B
:2025E000FFFFFFFFFFFFFFFFFFFFFFFFFFFFFFFFFFFFFFFFFFFFFFFFFFFFFFFFFFFFFFFFFB
:20260000FFFFFFFFFFFFFFFFFFFFFFFFFFFFFFFFFFFFFFFFFFFFFFFFFFFFFFFFFFFFFFFFDA
:20262000FFFFFFFFFFFFFFFFFFFFFFFFFFFFFFFFFFFFFFFFFFFFFFFFFFFFFFFFFFFFFFFFBA
:20264000FFFFFFFFFFFFFFFFFFFFFFFFFFFFFFFFFFFFFFFFFFFFFFFFFFFFFFFFFFFFFFFF9A
:20266000FFFFFFFFFFFFFFFFFFFFFFFFFFFFFFFFFFFFFFFFFFFFFFFFFFFFFFFFFFFFFFFF7A
:20268000FFFFFFFFFFFFFFFFFFFFFFFFFFFFFFFFFFFFFFFFFFFFFFFFFFFFFFFFFFFFFFFF5A
:2026A000FFFFFFFFFFFFFFFFFFFFFFFFFFFFFFFFFFFFFFFFFFFFFFFFFFFFFFFFFFFFFFFF3A
:2026C000FFFFFFFFFFFFFFFFFFFFFFFFFFFFFFFFFFFFFFFFFFFFFFFFFFFFFFFFFFFFFFFF1A
:2026E000FFFFFFFFFFFFFFFFFFFFFFFFFFFFFFFFFFFFFFFFFFFFFFFFFFFFFFFFFFFFFFFFFA
:20270000FFFFFFFFFFFFFFFFFFFFFFFFFFFFFFFFFFFFFFFFFFFFFFFFFFFFFFFFFFFFFFFFD9
:20272000FFFFFFFFFFFFFFFFFFFFFFFFFFFFFFFFFFFFFFFFFFFFFFFFFFFFFFFFFFFFFFFFB9
:20274000FFFFFFFFFFFFFFFFFFFFFFFFFFFFFFFFFFFFFFFFFFFFFFFFFFFFFFFFFFFFFFFF99
:20276000FFFFFFFFFFFFFFFFFFFFFFFFFFFFFFFFFFFFFFFFFFFFFFFFFFFFFFFFFFFFFFFF79
:20278000FFFFFFFFFFFFFFFFFFFFFFFFFFFFFFFFFFFFFFFFFFFFFFFFFFFFFFFFFFFFFFFF59
:2027A000FFFFFFFFFFFFFFFFFFFFFFFFFFFFFFFFFFFFFFFFFFFFFFFFFFFFFFFFFFFFFFFF39
:2027C000FFFFFFFFFFFFFFFFFFFFFFFFFFFFFFFFFFFFFFFFFFFFFFFFFFFFFFFFFFFFFFFF19
:2027E000FFFFFFFFFFFFFFFFFFFFFFFFFFFFFFFFFFFFFFFFFFFFFFFFFFFFFFFFFFFFFFFFF9
:20280000FFFFFFFFFFFFFFFFFFFFFFFFFFFFFFFFFFFFFFFFFFFFFFFFFFFFFFFFFFFFFFFFD8
:20282000FFFFFFFFFFFFFFFFFFFFFFFFFFFFFFFFFFFFFFFFFFFFFFFFFFFFFFFFFFFFFFFFB8
:20284000FFFFFFFFFFFFFFFFFFFFFFFFFFFFFFFFFFFFFFFFFFFFFFFFFFFFFFFFFFFFFFFF98
:20286000FFFFFFFFFFFFFFFFFFFFFFFFFFFFFFFFFFFFFFFFFFFFFFFFFFFFFFFFFFFFFFFF78
:20288000FFFFFFFFFFFFFFFFFFFFFFFFFFFFFFFFFFFFFFFFFFFFFFFFFFFFFFFFFFFFFFFF58
:2028A000FFFFFFFFFFFFFFFFFFFFFFFFFFFFFFFFFFFFFFFFFFFFFFFFFFFFFFFFFFFFFFFF38
:2028C000FFFFFFFFFFFFFFFFFFFFFFFFFFFFFFFFFFFFFFFFFFFFFFFFFFFFFFFFFFFFFFFF18
:2028E000FFFFFFFFFFFFFFFFFFFFFFFFFFFFFFFFFFFFFFFFFFFFFFFFFFFFFFFFFFFFFFFFF8
:20290000FFFFFFFFFFFFFFFFFFFFFFFFFFFFFFFFFFFFFFFFFFFFFFFFFFFFFFFFFFFFFFFFD7
:20292000FFFFFFFFFFFFFFFFFFFFFFFFFFFFFFFFFFFFFFFFFFFFFFFFFFFFFFFFFFFFFFFFB7
:20294000FFFFFFFFFFFFFFFFFFFFFFFFFFFFFFFFFFFFFFFFFFFFFFFFFFFFFFFFFFFFFFFF97
:20296000FFFFFFFFFFFFFFFFFFFFFFFFFFFFFFFFFFFFFFFFFFFFFFFFFFFFFFFFFFFFFFFF77
:20298000FFFFFFFFFFFFFFFFFFFFFFFFFFFFFFFFFFFFFFFFFFFFFFFFFFFFFFFFFFFFFFFF57
:2029A000FFFFFFFFFFFFFFFFFFFFFFFFFFFFFFFFFFFFFFFFFFFFFFFFFFFFFFFFFFFFFFFF37
:2029C000FFFFFFFFFFFFFFFFFFFFFFFFFFFFFFFFFFFFFFFFFFFFFFFFFFFFFFFFFFFFFFFF17
:2029E000FFFFFFFFFFFFFFFFFFFFFFFFFFFFFFFFFFFFFFFFFFFFFFFFFFFFFFFFFFFFFFFFF7
:202A0000FFFFFFFFFFFFFFFFFFFFFFFFFFFFFFFFFFFFFFFFFFFFFFFFFFFFFFFFFFFFFFFFD6
:202A2000FFFFFFFFFFFFFFFFFFFFFFFFFFFFFFFFFFFFFFFFFFFFFFFFFFFFFFFFFFFFFFFFB6
:202A4000FFFFFFFFFFFFFFFFFFFFFFFFFFFFFFFFFFFFFFFFFFFFFFFFFFFFFFFFFFFFFFFF96
:202A6000FFFFFFFFFFFFFFFFFFFFFFFFFFFFFFFFFFFFFFFFFFFFFFFFFFFFFFFFFFFFFFFF76
:202A8000FFFFFFFFFFFFFFFFFFFFFFFFFFFFFFFFFFFFFFFFFFFFFFFFFFFFFFFFFFFFFFFF56
:202AA000FFFFFFFFFFFFFFFFFFFFFFFFFFFFFFFFFFFFFFFFFFFFFFFFFFFFFFFFFFFFFFFF36
:202AC000FFFFFFFFFFFFFFFFFFFFFFFFFFFFFFFFFFFFFFFFFFFFFFFFFFFFFFFFFFFFFFFF16
:202AE000FFFFFFFFFFFFFFFFFFFFFFFFFFFFFFFFFFFFFFFFFFFFFFFFFFFFFFFFFFFFFFFFF6
:202B0000FFFFFFFFFFFFFFFFFFFFFFFFFFFFFFFFFFFFFFFFFFFFFFFFFFFFFFFFFFFFFFFFD5
:202B2000FFFFFFFFFFFFFFFFFFFFFFFFFFFFFFFFFFFFFFFFFFFFFFFFFFFFFFFFFFFFFFFFB5
:202B4000FFFFFFFFFFFFFFFFFFFFFFFFFFFFFFFFFFFFFFFFFFFFFFFFFFFFFFFFFFFFFFFF95
:202B6000FFFFFFFFFFFFFFFFFFFFFFFFFFFFFFFFFFFFFFFFFFFFFFFFFFFFFFFFFFFFFFFF75
:202B8000FFFFFFFFFFFFFFFFFFFFFFFFFFFFFFFFFFFFFFFFFFFFFFFFFFFFFFFFFFFFFFFF55
:202BA000FFFFFFFFFFFFFFFFFFFFFFFFFFFFFFFFFFFFFFFFFFFFFFFFFFFFFFFFFFFFFFFF35
:202BC000FFFFFFFFFFFFFFFFFFFFFFFFFFFFFFFFFFFFFFFFFFFFFFFFFFFFFFFFFFFFFFFF15
:202BE000FFFFFFFFFFFFFFFFFFFFFFFFFFFFFFFFFFFFFFFFFFFFFFFFFFFFFFFFFFFFFFFFF5
:202C0000FFFFFFFFFFFFFFFFFFFFFFFFFFFFFFFFFFFFFFFFFFFFFFFFFFFFFFFFFFFFFFFFD4
:202C2000FFFFFFFFFFFFFFFFFFFFFFFFFFFFFFFFFFFFFFFFFFFFFFFFFFFFFFFFFFFFFFFFB4
:202C4000FFFFFFFFFFFFFFFFFFFFFFFFFFFFFFFFFFFFFFFFFFFFFFFFFFFFFFFFFFFFFFFF94
:202C6000FFFFFFFFFFFFFFFFFFFFFFFFFFFFFFFFFFFFFFFFFFFFFFFFFFFFFFFFFFFFFFFF74
:202C8000FFFFFFFFFFFFFFFFFFFFFFFFFFFFFFFFFFFFFFFFFFFFFFFFFFFFFFFFFFFFFFFF54
:202CA000FFFFFFFFFFFFFFFFFFFFFFFFFFFFFFFFFFFFFFFFFFFFFFFFFFFFFFFFFFFFFFFF34
:202CC000FFFFFFFFFFFFFFFFFFFFFFFFFFFFFFFFFFFFFFFFFFFFFFFFFFFFFFFFFFFFFFFF14
:202CE000FFFFFFFFFFFFFFFFFFFFFFFFFFFFFFFFFFFFFFFFFFFFFFFFFFFFFFFFFFFFFFFFF4
:202D0000FFFFFFFFFFFFFFFFFFFFFFFFFFFFFFFFFFFFFFFFFFFFFFFFFFFFFFFFFFFFFFFFD3
:202D2000FFFFFFFFFFFFFFFFFFFFFFFFFFFFFFFFFFFFFFFFFFFFFFFFFFFFFFFFFFFFFFFFB3
:202D4000FFFFFFFFFFFFFFFFFFFFFFFFFFFFFFFFFFFFFFFFFFFFFFFFFFFFFFFFFFFFFFFF93
:202D6000FFFFFFFFFFFFFFFFFFFFFFFFFFFFFFFFFFFFFFFFFFFFFFFFFFFFFFFFFFFFFFFF73
:202D8000FFFFFFFFFFFFFFFFFFFFFFFFFFFFFFFFFFFFFFFFFFFFFFFFFFFFFFFFFFFFFFFF53
:202DA000FFFFFFFFFFFFFFFFFFFFFFFFFFFFFFFFFFFFFFFFFFFFFFFFFFFFFFFFFFFFFFFF33
:202DC000FFFFFFFFFFFFFFFFFFFFFFFFFFFFFFFFFFFFFFFFFFFFFFFFFFFFFFFFFFFFFFFF13
:202DE000FFFFFFFFFFFFFFFFFFFFFFFFFFFFFFFFFFFFFFFFFFFFFFFFFFFFFFFFFFFFFFFFF3
:202E0000FFFFFFFFFFFFFFFFFFFFFFFFFFFFFFFFFFFFFFFFFFFFFFFFFFFFFFFFFFFFFFFFD2
:202E2000FFFFFFFFFFFFFFFFFFFFFFFFFFFFFFFFFFFFFFFFFFFFFFFFFFFFFFFFFFFFFFFFB2
:202E4000FFFFFFFFFFFFFFFFFFFFFFFFFFFFFFFFFFFFFFFFFFFFFFFFFFFFFFFFFFFFFFFF92
:202E6000FFFFFFFFFFFFFFFFFFFFFFFFFFFFFFFFFFFFFFFFFFFFFFFFFFFFFFFFFFFFFFFF72
:202E8000FFFFFFFFFFFFFFFFFFFFFFFFFFFFFFFFFFFFFFFFFFFFFFFFFFFFFFFFFFFFFFFF52
:202EA000FFFFFFFFFFFFFFFFFFFFFFFFFFFFFFFFFFFFFFFFFFFFFFFFFFFFFFFFFFFFFFFF32
:202EC000FFFFFFFFFFFFFFFFFFFFFFFFFFFFFFFFFFFFFFFFFFFFFFFFFFFFFFFFFFFFFFFF12
:202EE000FFFFFFFFFFFFFFFFFFFFFFFFFFFFFFFFFFFFFFFFFFFFFFFFFFFFFFFFFFFFFFFFF2
:202F0000FFFFFFFFFFFFFFFFFFFFFFFFFFFFFFFFFFFFFFFFFFFFFFFFFFFFFFFFFFFFFFFFD1
:202F2000FFFFFFFFFFFFFFFFFFFFFFFFFFFFFFFFFFFFFFFFFFFFFFFFFFFFFFFFFFFFFFFFB1
:202F4000FFFFFFFFFFFFFFFFFFFFFFFFFFFFFFFFFFFFFFFFFFFFFFFFFFFFFFFFFFFFFFFF91
:202F6000FFFFFFFFFFFFFFFFFFFFFFFFFFFFFFFFFFFFFFFFFFFFFFFFFFFFFFFFFFFFFFFF71
:202F8000FFFFFFFFFFFFFFFFFFFFFFFFFFFFFFFFFFFFFFFFFFFFFFFFFFFFFFFFFFFFFFFF51
:202FA000FFFFFFFFFFFFFFFFFFFFFFFFFFFFFFFFFFFFFFFFFFFFFFFFFFFFFFFFFFFFFFFF31
:202FC000FFFFFFFFFFFFFFFFFFFFFFFFFFFFFFFFFFFFFFFFFFFFFFFFFFFFFFFFFFFFFFFF11
:202FE000FFFFFFFFFFFFFFFFFFFFFFFFFFFFFFFFFFFFFFFFFFFFFFFFFFFFFFFFFFFFFFFFF1
:20300000FFFFFFFFFFFFFFFFFFFFFFFFFFFFFFFFFFFFFFFFFFFFFFFFFFFFFFFFFFFFFFFFD0
:20302000FFFFFFFFFFFFFFFFFFFFFFFFFFFFFFFFFFFFFFFFFFFFFFFFFFFFFFFFFFFFFFFFB0
:20304000FFFFFFFFFFFFFFFFFFFFFFFFFFFFFFFFFFFFFFFFFFFFFFFFFFFFFFFFFFFFFFFF90
:20306000FFFFFFFFFFFFFFFFFFFFFFFFFFFFFFFFFFFFFFFFFFFFFFFFFFFFFFFFFFFFFFFF70
:20308000FFFFFFFFFFFFFFFFFFFFFFFFFFFFFFFFFFFFFFFFFFFFFFFFFFFFFFFFFFFFFFFF50
:2030A000FFFFFFFFFFFFFFFFFFFFFFFFFFFFFFFFFFFFFFFFFFFFFFFFFFFFFFFFFFFFFFFF30
:2030C000FFFFFFFFFFFFFFFFFFFFFFFFFFFFFFFFFFFFFFFFFFFFFFFFFFFFFFFFFFFFFFFF10
:2030E000FFFFFFFFFFFFFFFFFFFFFFFFFFFFFFFFFFFFFFFFFFFFFFFFFFFFFFFFFFFFFFFFF0
:20310000FFFFFFFFFFFFFFFFFFFFFFFFFFFFFFFFFFFFFFFFFFFFFFFFFFFFFFFFFFFFFFFFCF
:20312000FFFFFFFFFFFFFFFFFFFFFFFFFFFFFFFFFFFFFFFFFFFFFFFFFFFFFFFFFFFFFFFFAF
:20314000FFFFFFFFFFFFFFFFFFFFFFFFFFFFFFFFFFFFFFFFFFFFFFFFFFFFFFFFFFFFFFFF8F
:20316000FFFFFFFFFFFFFFFFFFFFFFFFFFFFFFFFFFFFFFFFFFFFFFFFFFFFFFFFFFFFFFFF6F
:20318000FFFFFFFFFFFFFFFFFFFFFFFFFFFFFFFFFFFFFFFFFFFFFFFFFFFFFFFFFFFFFFFF4F
:2031A000FFFFFFFFFFFFFFFFFFFFFFFFFFFFFFFFFFFFFFFFFFFFFFFFFFFFFFFFFFFFFFFF2F
:2031C000FFFFFFFFFFFFFFFFFFFFFFFFFFFFFFFFFFFFFFFFFFFFFFFFFFFFFFFFFFFFFFFF0F
:2031E000FFFFFFFFFFFFFFFFFFFFFFFFFFFFFFFFFFFFFFFFFFFFFFFFFFFFFFFFFFFFFFFFEF
:20320000FFFFFFFFFFFFFFFFFFFFFFFFFFFFFFFFFFFFFFFFFFFFFFFFFFFFFFFFFFFFFFFFCE
:20322000FFFFFFFFFFFFFFFFFFFFFFFFFFFFFFFFFFFFFFFFFFFFFFFFFFFFFFFFFFFFFFFFAE
:20324000FFFFFFFFFFFFFFFFFFFFFFFFFFFFFFFFFFFFFFFFFFFFFFFFFFFFFFFFFFFFFFFF8E
:20326000FFFFFFFFFFFFFFFFFFFFFFFFFFFFFFFFFFFFFFFFFFFFFFFFFFFFFFFFFFFFFFFF6E
:20328000FFFFFFFFFFFFFFFFFFFFFFFFFFFFFFFFFFFFFFFFFFFFFFFFFFFFFFFFFFFFFFFF4E
:2032A000FFFFFFFFFFFFFFFFFFFFFFFFFFFFFFFFFFFFFFFFFFFFFFFFFFFFFFFFFFFFFFFF2E
:2032C000FFFFFFFFFFFFFFFFFFFFFFFFFFFFFFFFFFFFFFFFFFFFFFFFFFFFFFFFFFFFFFFF0E
:2032E000FFFFFFFFFFFFFFFFFFFFFFFFFFFFFFFFFFFFFFFFFFFFFFFFFFFFFFFFFFFFFFFFEE
:20330000FFFFFFFFFFFFFFFFFFFFFFFFFFFFFFFFFFFFFFFFFFFFFFFFFFFFFFFFFFFFFFFFCD
:20332000FFFFFFFFFFFFFFFFFFFFFFFFFFFFFFFFFFFFFFFFFFFFFFFFFFFFFFFFFFFFFFFFAD
:20334000FFFFFFFFFFFFFFFFFFFFFFFFFFFFFFFFFFFFFFFFFFFFFFFFFFFFFFFFFFFFFFFF8D
:20336000FFFFFFFFFFFFFFFFFFFFFFFFFFFFFFFFFFFFFFFFFFFFFFFFFFFFFFFFFFFFFFFF6D
:20338000FFFFFFFFFFFFFFFFFFFFFFFFFFFFFFFFFFFFFFFFFFFFFFFFFFFFFFFFFFFFFFFF4D
:2033A000FFFFFFFFFFFFFFFFFFFFFFFFFFFFFFFFFFFFFFFFFFFFFFFFFFFFFFFFFFFFFFFF2D
:2033C000FFFFFFFFFFFFFFFFFFFFFFFFFFFFFFFFFFFFFFFFFFFFFFFFFFFFFFFFFFFFFFFF0D
:2033E000FFFFFFFFFFFFFFFFFFFFFFFFFFFFFFFFFFFFFFFFFFFFFFFFFFFFFFFFFFFFFFFFED
:20340000FFFFFFFFFFFFFFFFFFFFFFFFFFFFFFFFFFFFFFFFFFFFFFFFFFFFFFFFFFFFFFFFCC
:20342000FFFFFFFFFFFFFFFFFFFFFFFFFFFFFFFFFFFFFFFFFFFFFFFFFFFFFFFFFFFFFFFFAC
:20344000FFFFFFFFFFFFFFFFFFFFFFFFFFFFFFFFFFFFFFFFFFFFFFFFFFFFFFFFFFFFFFFF8C
:20346000FFFFFFFFFFFFFFFFFFFFFFFFFFFFFFFFFFFFFFFFFFFFFFFFFFFFFFFFFFFFFFFF6C
:20348000FFFFFFFFFFFFFFFFFFFFFFFFFFFFFFFFFFFFFFFFFFFFFFFFFFFFFFFFFFFFFFFF4C
:2034A000FFFFFFFFFFFFFFFFFFFFFFFFFFFFFFFFFFFFFFFFFFFFFFFFFFFFFFFFFFFFFFFF2C
:2034C000FFFFFFFFFFFFFFFFFFFFFFFFFFFFFFFFFFFFFFFFFFFFFFFFFFFFFFFFFFFFFFFF0C
:2034E000FFFFFFFFFFFFFFFFFFFFFFFFFFFFFFFFFFFFFFFFFFFFFFFFFFFFFFFFFFFFFFFFEC
:20350000FFFFFFFFFFFFFFFFFFFFFFFFFFFFFFFFFFFFFFFFFFFFFFFFFFFFFFFFFFFFFFFFCB
:20352000FFFFFFFFFFFFFFFFFFFFFFFFFFFFFFFFFFFFFFFFFFFFFFFFFFFFFFFFFFFFFFFFAB
:20354000FFFFFFFFFFFFFFFFFFFFFFFFFFFFFFFFFFFFFFFFFFFFFFFFFFFFFFFFFFFFFFFF8B
:20356000FFFFFFFFFFFFFFFFFFFFFFFFFFFFFFFFFFFFFFFFFFFFFFFFFFFFFFFFFFFFFFFF6B
:20358000FFFFFFFFFFFFFFFFFFFFFFFFFFFFFFFFFFFFFFFFFFFFFFFFFFFFFFFFFFFFFFFF4B
:2035A000FFFFFFFFFFFFFFFFFFFFFFFFFFFFFFFFFFFFFFFFFFFFFFFFFFFFFFFFFFFFFFFF2B
:2035C000FFFFFFFFFFFFFFFFFFFFFFFFFFFFFFFFFFFFFFFFFFFFFFFFFFFFFFFFFFFFFFFF0B
:2035E000FFFFFFFFFFFFFFFFFFFFFFFFFFFFFFFFFFFFFFFFFFFFFFFFFFFFFFFFFFFFFFFFEB
:20360000FFFFFFFFFFFFFFFFFFFFFFFFFFFFFFFFFFFFFFFFFFFFFFFFFFFFFFFFFFFFFFFFCA
:20362000FFFFFFFFFFFFFFFFFFFFFFFFFFFFFFFFFFFFFFFFFFFFFFFFFFFFFFFFFFFFFFFFAA
:20364000FFFFFFFFFFFFFFFFFFFFFFFFFFFFFFFFFFFFFFFFFFFFFFFFFFFFFFFFFFFFFFFF8A
:20366000FFFFFFFFFFFFFFFFFFFFFFFFFFFFFFFFFFFFFFFFFFFFFFFFFFFFFFFFFFFFFFFF6A
:20368000FFFFFFFFFFFFFFFFFFFFFFFFFFFFFFFFFFFFFFFFFFFFFFFFFFFFFFFFFFFFFFFF4A
:2036A000FFFFFFFFFFFFFFFFFFFFFFFFFFFFFFFFFFFFFFFFFFFFFFFFFFFFFFFFFFFFFFFF2A
:2036C000FFFFFFFFFFFFFFFFFFFFFFFFFFFFFFFFFFFFFFFFFFFFFFFFFFFFFFFFFFFFFFFF0A
:2036E000FFFFFFFFFFFFFFFFFFFFFFFFFFFFFFFFFFFFFFFFFFFFFFFFFFFFFFFFFFFFFFFFEA
:20370000FFFFFFFFFFFFFFFFFFFFFFFFFFFFFFFFFFFFFFFFFFFFFFFFFFFFFFFFFFFFFFFFC9
:20372000FFFFFFFFFFFFFFFFFFFFFFFFFFFFFFFFFFFFFFFFFFFFFFFFFFFFFFFFFFFFFFFFA9
:20374000FFFFFFFFFFFFFFFFFFFFFFFFFFFFFFFFFFFFFFFFFFFFFFFFFFFFFFFFFFFFFFFF89
:20376000FFFFFFFFFFFFFFFFFFFFFFFFFFFFFFFFFFFFFFFFFFFFFFFFFFFFFFFFFFFFFFFF69
:20378000FFFFFFFFFFFFFFFFFFFFFFFFFFFFFFFFFFFFFFFFFFFFFFFFFFFFFFFFFFFFFFFF49
:2037A000FFFFFFFFFFFFFFFFFFFFFFFFFFFFFFFFFFFFFFFFFFFFFFFFFFFFFFFFFFFFFFFF29
:2037C000FFFFFFFFFFFFFFFFFFFFFFFFFFFFFFFFFFFFFFFFFFFFFFFFFFFFFFFFFFFFFFFF09
:2037E000FFFFFFFFFFFFFFFFFFFFFFFFFFFFFFFFFFFFFFFFFFFFFFFFFFFFFFFFFFFFFFFFE9
:20380000FFFFFFFFFFFFFFFFFFFFFFFFFFFFFFFFFFFFFFFFFFFFFFFFFFFFFFFFFFFFFFFFC8
:20382000FFFFFFFFFFFFFFFFFFFFFFFFFFFFFFFFFFFFFFFFFFFFFFFFFFFFFFFFFFFFFFFFA8
:20384000FFFFFFFFFFFFFFFFFFFFFFFFFFFFFFFFFFFFFFFFFFFFFFFFFFFFFFFFFFFFFFFF88
:20386000FFFFFFFFFFFFFFFFFFFFFFFFFFFFFFFFFFFFFFFFFFFFFFFFFFFFFFFFFFFFFFFF68
:20388000FFFFFFFFFFFFFFFFFFFFFFFFFFFFFFFFFFFFFFFFFFFFFFFFFFFFFFFFFFFFFFFF48
:2038A000FFFFFFFFFFFFFFFFFFFFFFFFFFFFFFFFFFFFFFFFFFFFFFFFFFFFFFFFFFFFFFFF28
:2038C000FFFFFFFFFFFFFFFFFFFFFFFFFFFFFFFFFFFFFFFFFFFFFFFFFFFFFFFFFFFFFFFF08
:2038E000FFFFFFFFFFFFFFFFFFFFFFFFFFFFFFFFFFFFFFFFFFFFFFFFFFFFFFFFFFFFFFFFE8
:20390000FFFFFFFFFFFFFFFFFFFFFFFFFFFFFFFFFFFFFFFFFFFFFFFFFFFFFFFFFFFFFFFFC7
:20392000FFFFFFFFFFFFFFFFFFFFFFFFFFFFFFFFFFFFFFFFFFFFFFFFFFFFFFFFFFFFFFFFA7
:20394000FFFFFFFFFFFFFFFFFFFFFFFFFFFFFFFFFFFFFFFFFFFFFFFFFFFFFFFFFFFFFFFF87
:20396000FFFFFFFFFFFFFFFFFFFFFFFFFFFFFFFFFFFFFFFFFFFFFFFFFFFFFFFFFFFFFFFF67
:20398000FFFFFFFFFFFFFFFFFFFFFFFFFFFFFFFFFFFFFFFFFFFFFFFFFFFFFFFFFFFFFFFF47
:2039A000FFFFFFFFFFFFFFFFFFFFFFFFFFFFFFFFFFFFFFFFFFFFFFFFFFFFFFFFFFFFFFFF27
:2039C000FFFFFFFFFFFFFFFFFFFFFFFFFFFFFFFFFFFFFFFFFFFFFFFFFFFFFFFFFFFFFFFF07
:2039E000FFFFFFFFFFFFFFFFFFFFFFFFFFFFFFFFFFFFFFFFFFFFFFFFFFFFFFFFFFFFFFFFE7
:203A0000FFFFFFFFFFFFFFFFFFFFFFFFFFFFFFFFFFFFFFFFFFFFFFFFFFFFFFFFFFFFFFFFC6
:203A2000FFFFFFFFFFFFFFFFFFFFFFFFFFFFFFFFFFFFFFFFFFFFFFFFFFFFFFFFFFFFFFFFA6
:203A4000FFFFFFFFFFFFFFFFFFFFFFFFFFFFFFFFFFFFFFFFFFFFFFFFFFFFFFFFFFFFFFFF86
:203A6000FFFFFFFFFFFFFFFFFFFFFFFFFFFFFFFFFFFFFFFFFFFFFFFFFFFFFFFFFFFFFFFF66
:203A8000FFFFFFFFFFFFFFFFFFFFFFFFFFFFFFFFFFFFFFFFFFFFFFFFFFFFFFFFFFFFFFFF46
:203AA000FFFFFFFFFFFFFFFFFFFFFFFFFFFFFFFFFFFFFFFFFFFFFFFFFFFFFFFFFFFFFFFF26
:203AC000FFFFFFFFFFFFFFFFFFFFFFFFFFFFFFFFFFFFFFFFFFFFFFFFFFFFFFFFFFFFFFFF06
:203AE000FFFFFFFFFFFFFFFFFFFFFFFFFFFFFFFFFFFFFFFFFFFFFFFFFFFFFFFFFFFFFFFFE6
:203B0000FFFFFFFFFFFFFFFFFFFFFFFFFFFFFFFFFFFFFFFFFFFFFFFFFFFFFFFFFFFFFFFFC5
:203B2000FFFFFFFFFFFFFFFFFFFFFFFFFFFFFFFFFFFFFFFFFFFFFFFFFFFFFFFFFFFFFFFFA5
:203B4000FFFFFFFFFFFFFFFFFFFFFFFFFFFFFFFFFFFFFFFFFFFFFFFFFFFFFFFFFFFFFFFF85
:203B6000FFFFFFFFFFFFFFFFFFFFFFFFFFFFFFFFFFFFFFFFFFFFFFFFFFFFFFFFFFFFFFFF65
:203B8000FFFFFFFFFFFFFFFFFFFFFFFFFFFFFFFFFFFFFFFFFFFFFFFFFFFFFFFFFFFFFFFF45
:203BA000FFFFFFFFFFFFFFFFFFFFFFFFFFFFFFFFFFFFFFFFFFFFFFFFFFFFFFFFFFFFFFFF25
:203BC000FFFFFFFFFFFFFFFFFFFFFFFFFFFFFFFFFFFFFFFFFFFFFFFFFFFFFFFFFFFFFFFF05
:203BE000FFFFFFFFFFFFFFFFFFFFFFFFFFFFFFFFFFFFFFFFFFFFFFFFFFFFFFFFFFFFFFFFE5
:203C0000FFFFFFFFFFFFFFFFFFFFFFFFFFFFFFFFFFFFFFFFFFFFFFFFFFFFFFFFFFFFFFFFC4
:203C2000FFFFFFFFFFFFFFFFFFFFFFFFFFFFFFFFFFFFFFFFFFFFFFFFFFFFFFFFFFFFFFFFA4
:203C4000FFFFFFFFFFFFFFFFFFFFFFFFFFFFFFFFFFFFFFFFFFFFFFFFFFFFFFFFFFFFFFFF84
:203C6000FFFFFFFFFFFFFFFFFFFFFFFFFFFFFFFFFFFFFFFFFFFFFFFFFFFFFFFFFFFFFFFF64
:203C8000FFFFFFFFFFFFFFFFFFFFFFFFFFFFFFFFFFFFFFFFFFFFFFFFFFFFFFFFFFFFFFFF44
:203CA000FFFFFFFFFFFFFFFFFFFFFFFFFFFFFFFFFFFFFFFFFFFFFFFFFFFFFFFFFFFFFFFF24
:203CC000FFFFFFFFFFFFFFFFFFFFFFFFFFFFFFFFFFFFFFFFFFFFFFFFFFFFFFFFFFFFFFFF04
:203CE000FFFFFFFFFFFFFFFFFFFFFFFFFFFFFFFFFFFFFFFFFFFFFFFFFFFFFFFFFFFFFFFFE4
:203D0000FFFFFFFFFFFFFFFFFFFFFFFFFFFFFFFFFFFFFFFFFFFFFFFFFFFFFFFFFFFFFFFFC3
:203D2000FFFFFFFFFFFFFFFFFFFFFFFFFFFFFFFFFFFFFFFFFFFFFFFFFFFFFFFFFFFFFFFFA3
:203D4000FFFFFFFFFFFFFFFFFFFFFFFFFFFFFFFFFFFFFFFFFFFFFFFFFFFFFFFFFFFFFFFF83
:203D6000FFFFFFFFFFFFFFFFFFFFFFFFFFFFFFFFFFFFFFFFFFFFFFFFFFFFFFFFFFFFFFFF63
:203D8000FFFFFFFFFFFFFFFFFFFFFFFFFFFFFFFFFFFFFFFFFFFFFFFFFFFFFFFFFFFFFFFF43
:203DA000FFFFFFFFFFFFFFFFFFFFFFFFFFFFFFFFFFFFFFFFFFFFFFFFFFFFFFFFFFFFFFFF23
:203DC000FFFFFFFFFFFFFFFFFFFFFFFFFFFFFFFFFFFFFFFFFFFFFFFFFFFFFFFFFFFFFFFF03
:203DE000FFFFFFFFFFFFFFFFFFFFFFFFFFFFFFFFFFFFFFFFFFFFFFFFFFFFFFFFFFFFFFFFE3
:203E0000FFFFFFFFFFFFFFFFFFFFFFFFFFFFFFFFFFFFFFFFFFFFFFFFFFFFFFFFFFFFFFFFC2
:203E2000FFFFFFFFFFFFFFFFFFFFFFFFFFFFFFFFFFFFFFFFFFFFFFFFFFFFFFFFFFFFFFFFA2
:203E4000FFFFFFFFFFFFFFFFFFFFFFFFFFFFFFFFFFFFFFFFFFFFFFFFFFFFFFFFFFFFFFFF82
:203E6000FFFFFFFFFFFFFFFFFFFFFFFFFFFFFFFFFFFFFFFFFFFFFFFFFFFFFFFFFFFFFFFF62
:203E8000FFFFFFFFFFFFFFFFFFFFFFFFFFFFFFFFFFFFFFFFFFFFFFFFFFFFFFFFFFFFFFFF42
:203EA000FFFFFFFFFFFFFFFFFFFFFFFFFFFFFFFFFFFFFFFFFFFFFFFFFFFFFFFFFFFFFFFF22
:203EC000FFFFFFFFFFFFFFFFFFFFFFFFFFFFFFFFFFFFFFFFFFFFFFFFFFFFFFFFFFFFFFFF02
:203EE000FFFFFFFFFFFFFFFFFFFFFFFFFFFFFFFFFFFFFFFFFFFFFFFFFFFFFFFFFFFFFFFFE2
:203F0000FFFFFFFFFFFFFFFFFFFFFFFFFFFFFFFFFFFFFFFFFFFFFFFFFFFFFFFFFFFFFFFFC1
:203F2000FFFFFFFFFFFFFFFFFFFFFFFFFFFFFFFFFFFFFFFFFFFFFFFFFFFFFFFFFFFFFFFFA1
:203F4000FFFFFFFFFFFFFFFFFFFFFFFFFFFFFFFFFFFFFFFFFFFFFFFFFFFFFFFFFFFFFFFF81
:203F6000FFFFFFFFFFFFFFFFFFFFFFFFFFFFFFFFFFFFFFFFFFFFFFFFFFFFFFFFFFFFFFFF61
:203F8000FFFFFFFFFFFFFFFFFFFFFFFFFFFFFFFFFFFFFFFFFFFFFFFFFFFFFFFFFFFFFFFF41
:203FA000FFFFFFFFFFFFFFFFFFFFFFFFFFFFFFFFFFFFFFFFFFFFFFFFFFFFFFFFFFFFFFFF21
:203FC000FFFFFFFFFFFFFFFFFFFFFFFFFFFFFFFFFFFFFFFFFFFFFFFFFFFFFFFFFFFFFFFF01
:203FE000FFFFFFFFFFFFFFFFFFFFFFFFFFFFFFFFFFFFFFFFFFFFFFFFFFFFFFFFFFFFFFFFE1
:20400000FFFFFFFFFFFFFFFFFFFFFFFFFFFFFFFFFFFFFFFFFFFFFFFFFFFFFFFFFFFFFFFFC0
:20402000FFFFFFFFFFFFFFFFFFFFFFFFFFFFFFFFFFFFFFFFFFFFFFFFFFFFFFFFFFFFFFFFA0
:20404000FFFFFFFFFFFFFFFFFFFFFFFFFFFFFFFFFFFFFFFFFFFFFFFFFFFFFFFFFFFFFFFF80
:20406000FFFFFFFFFFFFFFFFFFFFFFFFFFFFFFFFFFFFFFFFFFFFFFFFFFFFFFFFFFFFFFFF60
:20408000FFFFFFFFFFFFFFFFFFFFFFFFFFFFFFFFFFFFFFFFFFFFFFFFFFFFFFFFFFFFFFFF40
:2040A000FFFFFFFFFFFFFFFFFFFFFFFFFFFFFFFFFFFFFFFFFFFFFFFFFFFFFFFFFFFFFFFF20
:2040C000FFFFFFFFFFFFFFFFFFFFFFFFFFFFFFFFFFFFFFFFFFFFFFFFFFFFFFFFFFFFFFFF00
:2040E000FFFFFFFFFFFFFFFFFFFFFFFFFFFFFFFFFFFFFFFFFFFFFFFFFFFFFFFFFFFFFFFFE0
:20410000FFFFFFFFFFFFFFFFFFFFFFFFFFFFFFFFFFFFFFFFFFFFFFFFFFFFFFFFFFFFFFFFBF
:20412000FFFFFFFFFFFFFFFFFFFFFFFFFFFFFFFFFFFFFFFFFFFFFFFFFFFFFFFFFFFFFFFF9F
:20414000FFFFFFFFFFFFFFFFFFFFFFFFFFFFFFFFFFFFFFFFFFFFFFFFFFFFFFFFFFFFFFFF7F
:20416000FFFFFFFFFFFFFFFFFFFFFFFFFFFFFFFFFFFFFFFFFFFFFFFFFFFFFFFFFFFFFFFF5F
:20418000FFFFFFFFFFFFFFFFFFFFFFFFFFFFFFFFFFFFFFFFFFFFFFFFFFFFFFFFFFFFFFFF3F
:2041A000FFFFFFFFFFFFFFFFFFFFFFFFFFFFFFFFFFFFFFFFFFFFFFFFFFFFFFFFFFFFFFFF1F
:2041C000FFFFFFFFFFFFFFFFFFFFFFFFFFFFFFFFFFFFFFFFFFFFFFFFFFFFFFFFFFFFFFFFFF
:2041E000FFFFFFFFFFFFFFFFFFFFFFFFFFFFFFFFFFFFFFFFFFFFFFFFFFFFFFFFFFFFFFFFDF
:20420000FFFFFFFFFFFFFFFFFFFFFFFFFFFFFFFFFFFFFFFFFFFFFFFFFFFFFFFFFFFFFFFFBE
:20422000FFFFFFFFFFFFFFFFFFFFFFFFFFFFFFFFFFFFFFFFFFFFFFFFFFFFFFFFFFFFFFFF9E
:20424000FFFFFFFFFFFFFFFFFFFFFFFFFFFFFFFFFFFFFFFFFFFFFFFFFFFFFFFFFFFFFFFF7E
:20426000FFFFFFFFFFFFFFFFFFFFFFFFFFFFFFFFFFFFFFFFFFFFFFFFFFFFFFFFFFFFFFFF5E
:20428000FFFFFFFFFFFFFFFFFFFFFFFFFFFFFFFFFFFFFFFFFFFFFFFFFFFFFFFFFFFFFFFF3E
:2042A000FFFFFFFFFFFFFFFFFFFFFFFFFFFFFFFFFFFFFFFFFFFFFFFFFFFFFFFFFFFFFFFF1E
:2042C000FFFFFFFFFFFFFFFFFFFFFFFFFFFFFFFFFFFFFFFFFFFFFFFFFFFFFFFFFFFFFFFFFE
:2042E000FFFFFFFFFFFFFFFFFFFFFFFFFFFFFFFFFFFFFFFFFFFFFFFFFFFFFFFFFFFFFFFFDE
:20430000FFFFFFFFFFFFFFFFFFFFFFFFFFFFFFFFFFFFFFFFFFFFFFFFFFFFFFFFFFFFFFFFBD
:20432000FFFFFFFFFFFFFFFFFFFFFFFFFFFFFFFFFFFFFFFFFFFFFFFFFFFFFFFFFFFFFFFF9D
:20434000FFFFFFFFFFFFFFFFFFFFFFFFFFFFFFFFFFFFFFFFFFFFFFFFFFFFFFFFFFFFFFFF7D
:20436000FFFFFFFFFFFFFFFFFFFFFFFFFFFFFFFFFFFFFFFFFFFFFFFFFFFFFFFFFFFFFFFF5D
:20438000FFFFFFFFFFFFFFFFFFFFFFFFFFFFFFFFFFFFFFFFFFFFFFFFFFFFFFFFFFFFFFFF3D
:2043A000FFFFFFFFFFFFFFFFFFFFFFFFFFFFFFFFFFFFFFFFFFFFFFFFFFFFFFFFFFFFFFFF1D
:2043C000FFFFFFFFFFFFFFFFFFFFFFFFFFFFFFFFFFFFFFFFFFFFFFFFFFFFFFFFFFFFFFFFFD
:2043E000FFFFFFFFFFFFFFFFFFFFFFFFFFFFFFFFFFFFFFFFFFFFFFFFFFFFFFFFFFFFFFFFDD
:20440000FFFFFFFFFFFFFFFFFFFFFFFFFFFFFFFFFFFFFFFFFFFFFFFFFFFFFFFFFFFFFFFFBC
:20442000FFFFFFFFFFFFFFFFFFFFFFFFFFFFFFFFFFFFFFFFFFFFFFFFFFFFFFFFFFFFFFFF9C
:20444000FFFFFFFFFFFFFFFFFFFFFFFFFFFFFFFFFFFFFFFFFFFFFFFFFFFFFFFFFFFFFFFF7C
:20446000FFFFFFFFFFFFFFFFFFFFFFFFFFFFFFFFFFFFFFFFFFFFFFFFFFFFFFFFFFFFFFFF5C
:20448000FFFFFFFFFFFFFFFFFFFFFFFFFFFFFFFFFFFFFFFFFFFFFFFFFFFFFFFFFFFFFFFF3C
:2044A000FFFFFFFFFFFFFFFFFFFFFFFFFFFFFFFFFFFFFFFFFFFFFFFFFFFFFFFFFFFFFFFF1C
:2044C000FFFFFFFFFFFFFFFFFFFFFFFFFFFFFFFFFFFFFFFFFFFFFFFFFFFFFFFFFFFFFFFFFC
:2044E000FFFFFFFFFFFFFFFFFFFFFFFFFFFFFFFFFFFFFFFFFFFFFFFFFFFFFFFFFFFFFFFFDC
:20450000FFFFFFFFFFFFFFFFFFFFFFFFFFFFFFFFFFFFFFFFFFFFFFFFFFFFFFFFFFFFFFFFBB
:20452000FFFFFFFFFFFFFFFFFFFFFFFFFFFFFFFFFFFFFFFFFFFFFFFFFFFFFFFFFFFFFFFF9B
:20454000FFFFFFFFFFFFFFFFFFFFFFFFFFFFFFFFFFFFFFFFFFFFFFFFFFFFFFFFFFFFFFFF7B
:20456000FFFFFFFFFFFFFFFFFFFFFFFFFFFFFFFFFFFFFFFFFFFFFFFFFFFFFFFFFFFFFFFF5B
:20458000FFFFFFFFFFFFFFFFFFFFFFFFFFFFFFFFFFFFFFFFFFFFFFFFFFFFFFFFFFFFFFFF3B
:2045A000FFFFFFFFFFFFFFFFFFFFFFFFFFFFFFFFFFFFFFFFFFFFFFFFFFFFFFFFFFFFFFFF1B
:2045C000FFFFFFFFFFFFFFFFFFFFFFFFFFFFFFFFFFFFFFFFFFFFFFFFFFFFFFFFFFFFFFFFFB
:2045E000FFFFFFFFFFFFFFFFFFFFFFFFFFFFFFFFFFFFFFFFFFFFFFFFFFFFFFFFFFFFFFFFDB
:20460000FFFFFFFFFFFFFFFFFFFFFFFFFFFFFFFFFFFFFFFFFFFFFFFFFFFFFFFFFFFFFFFFBA
:20462000FFFFFFFFFFFFFFFFFFFFFFFFFFFFFFFFFFFFFFFFFFFFFFFFFFFFFFFFFFFFFFFF9A
:20464000FFFFFFFFFFFFFFFFFFFFFFFFFFFFFFFFFFFFFFFFFFFFFFFFFFFFFFFFFFFFFFFF7A
:20466000FFFFFFFFFFFFFFFFFFFFFFFFFFFFFFFFFFFFFFFFFFFFFFFFFFFFFFFFFFFFFFFF5A
:20468000FFFFFFFFFFFFFFFFFFFFFFFFFFFFFFFFFFFFFFFFFFFFFFFFFFFFFFFFFFFFFFFF3A
:2046A000FFFFFFFFFFFFFFFFFFFFFFFFFFFFFFFFFFFFFFFFFFFFFFFFFFFFFFFFFFFFFFFF1A
:2046C000FFFFFFFFFFFFFFFFFFFFFFFFFFFFFFFFFFFFFFFFFFFFFFFFFFFFFFFFFFFFFFFFFA
:2046E000FFFFFFFFFFFFFFFFFFFFFFFFFFFFFFFFFFFFFFFFFFFFFFFFFFFFFFFFFFFFFFFFDA
:20470000FFFFFFFFFFFFFFFFFFFFFFFFFFFFFFFFFFFFFFFFFFFFFFFFFFFFFFFFFFFFFFFFB9
:20472000FFFFFFFFFFFFFFFFFFFFFFFFFFFFFFFFFFFFFFFFFFFFFFFFFFFFFFFFFFFFFFFF99
:20474000FFFFFFFFFFFFFFFFFFFFFFFFFFFFFFFFFFFFFFFFFFFFFFFFFFFFFFFFFFFFFFFF79
:20476000FFFFFFFFFFFFFFFFFFFFFFFFFFFFFFFFFFFFFFFFFFFFFFFFFFFFFFFFFFFFFFFF59
:20478000FFFFFFFFFFFFFFFFFFFFFFFFFFFFFFFFFFFFFFFFFFFFFFFFFFFFFFFFFFFFFFFF39
:2047A000FFFFFFFFFFFFFFFFFFFFFFFFFFFFFFFFFFFFFFFFFFFFFFFFFFFFFFFFFFFFFFFF19
:2047C000FFFFFFFFFFFFFFFFFFFFFFFFFFFFFFFFFFFFFFFFFFFFFFFFFFFFFFFFFFFFFFFFF9
:2047E000FFFFFFFFFFFFFFFFFFFFFFFFFFFFFFFFFFFFFFFFFFFFFFFFFFFFFFFFFFFFFFFFD9
:20480000FFFFFFFFFFFFFFFFFFFFFFFFFFFFFFFFFFFFFFFFFFFFFFFFFFFFFFFFFFFFFFFFB8
:20482000FFFFFFFFFFFFFFFFFFFFFFFFFFFFFFFFFFFFFFFFFFFFFFFFFFFFFFFFFFFFFFFF98
:20484000FFFFFFFFFFFFFFFFFFFFFFFFFFFFFFFFFFFFFFFFFFFFFFFFFFFFFFFFFFFFFFFF78
:20486000FFFFFFFFFFFFFFFFFFFFFFFFFFFFFFFFFFFFFFFFFFFFFFFFFFFFFFFFFFFFFFFF58
:20488000FFFFFFFFFFFFFFFFFFFFFFFFFFFFFFFFFFFFFFFFFFFFFFFFFFFFFFFFFFFFFFFF38
:2048A000FFFFFFFFFFFFFFFFFFFFFFFFFFFFFFFFFFFFFFFFFFFFFFFFFFFFFFFFFFFFFFFF18
:2048C000FFFFFFFFFFFFFFFFFFFFFFFFFFFFFFFFFFFFFFFFFFFFFFFFFFFFFFFFFFFFFFFFF8
:2048E000FFFFFFFFFFFFFFFFFFFFFFFFFFFFFFFFFFFFFFFFFFFFFFFFFFFFFFFFFFFFFFFFD8
:20490000FFFFFFFFFFFFFFFFFFFFFFFFFFFFFFFFFFFFFFFFFFFFFFFFFFFFFFFFFFFFFFFFB7
:20492000FFFFFFFFFFFFFFFFFFFFFFFFFFFFFFFFFFFFFFFFFFFFFFFFFFFFFFFFFFFFFFFF97
:20494000FFFFFFFFFFFFFFFFFFFFFFFFFFFFFFFFFFFFFFFFFFFFFFFFFFFFFFFFFFFFFFFF77
:20496000FFFFFFFFFFFFFFFFFFFFFFFFFFFFFFFFFFFFFFFFFFFFFFFFFFFFFFFFFFFFFFFF57
:20498000FFFFFFFFFFFFFFFFFFFFFFFFFFFFFFFFFFFFFFFFFFFFFFFFFFFFFFFFFFFFFFFF37
:2049A000FFFFFFFFFFFFFFFFFFFFFFFFFFFFFFFFFFFFFFFFFFFFFFFFFFFFFFFFFFFFFFFF17
:2049C000FFFFFFFFFFFFFFFFFFFFFFFFFFFFFFFFFFFFFFFFFFFFFFFFFFFFFFFFFFFFFFFFF7
:2049E000FFFFFFFFFFFFFFFFFFFFFFFFFFFFFFFFFFFFFFFFFFFFFFFFFFFFFFFFFFFFFFFFD7
:204A0000FFFFFFFFFFFFFFFFFFFFFFFFFFFFFFFFFFFFFFFFFFFFFFFFFFFFFFFFFFFFFFFFB6
:204A2000FFFFFFFFFFFFFFFFFFFFFFFFFFFFFFFFFFFFFFFFFFFFFFFFFFFFFFFFFFFFFFFF96
:204A4000FFFFFFFFFFFFFFFFFFFFFFFFFFFFFFFFFFFFFFFFFFFFFFFFFFFFFFFFFFFFFFFF76
:204A6000FFFFFFFFFFFFFFFFFFFFFFFFFFFFFFFFFFFFFFFFFFFFFFFFFFFFFFFFFFFFFFFF56
:204A8000FFFFFFFFFFFFFFFFFFFFFFFFFFFFFFFFFFFFFFFFFFFFFFFFFFFFFFFFFFFFFFFF36
:204AA000FFFFFFFFFFFFFFFFFFFFFFFFFFFFFFFFFFFFFFFFFFFFFFFFFFFFFFFFFFFFFFFF16
:204AC000FFFFFFFFFFFFFFFFFFFFFFFFFFFFFFFFFFFFFFFFFFFFFFFFFFFFFFFFFFFFFFFFF6
:204AE000FFFFFFFFFFFFFFFFFFFFFFFFFFFFFFFFFFFFFFFFFFFFFFFFFFFFFFFFFFFFFFFFD6
:204B0000FFFFFFFFFFFFFFFFFFFFFFFFFFFFFFFFFFFFFFFFFFFFFFFFFFFFFFFFFFFFFFFFB5
:204B2000FFFFFFFFFFFFFFFFFFFFFFFFFFFFFFFFFFFFFFFFFFFFFFFFFFFFFFFFFFFFFFFF95
:204B4000FFFFFFFFFFFFFFFFFFFFFFFFFFFFFFFFFFFFFFFFFFFFFFFFFFFFFFFFFFFFFFFF75
:204B6000FFFFFFFFFFFFFFFFFFFFFFFFFFFFFFFFFFFFFFFFFFFFFFFFFFFFFFFFFFFFFFFF55
:204B8000FFFFFFFFFFFFFFFFFFFFFFFFFFFFFFFFFFFFFFFFFFFFFFFFFFFFFFFFFFFFFFFF35
:204BA000FFFFFFFFFFFFFFFFFFFFFFFFFFFFFFFFFFFFFFFFFFFFFFFFFFFFFFFFFFFFFFFF15
:204BC000FFFFFFFFFFFFFFFFFFFFFFFFFFFFFFFFFFFFFFFFFFFFFFFFFFFFFFFFFFFFFFFFF5
:204BE000FFFFFFFFFFFFFFFFFFFFFFFFFFFFFFFFFFFFFFFFFFFFFFFFFFFFFFFFFFFFFFFFD5
:204C0000FFFFFFFFFFFFFFFFFFFFFFFFFFFFFFFFFFFFFFFFFFFFFFFFFFFFFFFFFFFFFFFFB4
:204C2000FFFFFFFFFFFFFFFFFFFFFFFFFFFFFFFFFFFFFFFFFFFFFFFFFFFFFFFFFFFFFFFF94
:204C4000FFFFFFFFFFFFFFFFFFFFFFFFFFFFFFFFFFFFFFFFFFFFFFFFFFFFFFFFFFFFFFFF74
:204C6000FFFFFFFFFFFFFFFFFFFFFFFFFFFFFFFFFFFFFFFFFFFFFFFFFFFFFFFFFFFFFFFF54
:204C8000FFFFFFFFFFFFFFFFFFFFFFFFFFFFFFFFFFFFFFFFFFFFFFFFFFFFFFFFFFFFFFFF34
:204CA000FFFFFFFFFFFFFFFFFFFFFFFFFFFFFFFFFFFFFFFFFFFFFFFFFFFFFFFFFFFFFFFF14
:204CC000FFFFFFFFFFFFFFFFFFFFFFFFFFFFFFFFFFFFFFFFFFFFFFFFFFFFFFFFFFFFFFFFF4
:204CE000FFFFFFFFFFFFFFFFFFFFFFFFFFFFFFFFFFFFFFFFFFFFFFFFFFFFFFFFFFFFFFFFD4
:204D0000FFFFFFFFFFFFFFFFFFFFFFFFFFFFFFFFFFFFFFFFFFFFFFFFFFFFFFFFFFFFFFFFB3
:204D2000FFFFFFFFFFFFFFFFFFFFFFFFFFFFFFFFFFFFFFFFFFFFFFFFFFFFFFFFFFFFFFFF93
:204D4000FFFFFFFFFFFFFFFFFFFFFFFFFFFFFFFFFFFFFFFFFFFFFFFFFFFFFFFFFFFFFFFF73
:204D6000FFFFFFFFFFFFFFFFFFFFFFFFFFFFFFFFFFFFFFFFFFFFFFFFFFFFFFFFFFFFFFFF53
:204D8000FFFFFFFFFFFFFFFFFFFFFFFFFFFFFFFFFFFFFFFFFFFFFFFFFFFFFFFFFFFFFFFF33
:204DA000FFFFFFFFFFFFFFFFFFFFFFFFFFFFFFFFFFFFFFFFFFFFFFFFFFFFFFFFFFFFFFFF13
:204DC000FFFFFFFFFFFFFFFFFFFFFFFFFFFFFFFFFFFFFFFFFFFFFFFFFFFFFFFFFFFFFFFFF3
:204DE000FFFFFFFFFFFFFFFFFFFFFFFFFFFFFFFFFFFFFFFFFFFFFFFFFFFFFFFFFFFFFFFFD3
:204E0000FFFFFFFFFFFFFFFFFFFFFFFFFFFFFFFFFFFFFFFFFFFFFFFFFFFFFFFFFFFFFFFFB2
:204E2000FFFFFFFFFFFFFFFFFFFFFFFFFFFFFFFFFFFFFFFFFFFFFFFFFFFFFFFFFFFFFFFF92
:204E4000FFFFFFFFFFFFFFFFFFFFFFFFFFFFFFFFFFFFFFFFFFFFFFFFFFFFFFFFFFFFFFFF72
:204E6000FFFFFFFFFFFFFFFFFFFFFFFFFFFFFFFFFFFFFFFFFFFFFFFFFFFFFFFFFFFFFFFF52
:204E8000FFFFFFFFFFFFFFFFFFFFFFFFFFFFFFFFFFFFFFFFFFFFFFFFFFFFFFFFFFFFFFFF32
:204EA000FFFFFFFFFFFFFFFFFFFFFFFFFFFFFFFFFFFFFFFFFFFFFFFFFFFFFFFFFFFFFFFF12
:204EC000FFFFFFFFFFFFFFFFFFFFFFFFFFFFFFFFFFFFFFFFFFFFFFFFFFFFFFFFFFFFFFFFF2
:204EE000FFFFFFFFFFFFFFFFFFFFFFFFFFFFFFFFFFFFFFFFFFFFFFFFFFFFFFFFFFFFFFFFD2
:204F0000FFFFFFFFFFFFFFFFFFFFFFFFFFFFFFFFFFFFFFFFFFFFFFFFFFFFFFFFFFFFFFFFB1
:204F2000FFFFFFFFFFFFFFFFFFFFFFFFFFFFFFFFFFFFFFFFFFFFFFFFFFFFFFFFFFFFFFFF91
:204F4000FFFFFFFFFFFFFFFFFFFFFFFFFFFFFFFFFFFFFFFFFFFFFFFFFFFFFFFFFFFFFFFF71
:204F6000FFFFFFFFFFFFFFFFFFFFFFFFFFFFFFFFFFFFFFFFFFFFFFFFFFFFFFFFFFFFFFFF51
:204F8000FFFFFFFFFFFFFFFFFFFFFFFFFFFFFFFFFFFFFFFFFFFFFFFFFFFFFFFFFFFFFFFF31
:204FA000FFFFFFFFFFFFFFFFFFFFFFFFFFFFFFFFFFFFFFFFFFFFFFFFFFFFFFFFFFFFFFFF11
:204FC000FFFFFFFFFFFFFFFFFFFFFFFFFFFFFFFFFFFFFFFFFFFFFFFFFFFFFFFFFFFFFFFFF1
:204FE000FFFFFFFFFFFFFFFFFFFFFFFFFFFFFFFFFFFFFFFFFFFFFFFFFFFFFFFFFFFFFFFFD1
:20500000FFFFFFFFFFFFFFFFFFFFFFFFFFFFFFFFFFFFFFFFFFFFFFFFFFFFFFFFFFFFFFFFB0
:20502000FFFFFFFFFFFFFFFFFFFFFFFFFFFFFFFFFFFFFFFFFFFFFFFFFFFFFFFFFFFFFFFF90
:20504000FFFFFFFFFFFFFFFFFFFFFFFFFFFFFFFFFFFFFFFFFFFFFFFFFFFFFFFFFFFFFFFF70
:20506000FFFFFFFFFFFFFFFFFFFFFFFFFFFFFFFFFFFFFFFFFFFFFFFFFFFFFFFFFFFFFFFF50
:20508000FFFFFFFFFFFFFFFFFFFFFFFFFFFFFFFFFFFFFFFFFFFFFFFFFFFFFFFFFFFFFFFF30
:2050A000FFFFFFFFFFFFFFFFFFFFFFFFFFFFFFFFFFFFFFFFFFFFFFFFFFFFFFFFFFFFFFFF10
:2050C000FFFFFFFFFFFFFFFFFFFFFFFFFFFFFFFFFFFFFFFFFFFFFFFFFFFFFFFFFFFFFFFFF0
:2050E000FFFFFFFFFFFFFFFFFFFFFFFFFFFFFFFFFFFFFFFFFFFFFFFFFFFFFFFFFFFFFFFFD0
:20510000FFFFFFFFFFFFFFFFFFFFFFFFFFFFFFFFFFFFFFFFFFFFFFFFFFFFFFFFFFFFFFFFAF
:20512000FFFFFFFFFFFFFFFFFFFFFFFFFFFFFFFFFFFFFFFFFFFFFFFFFFFFFFFFFFFFFFFF8F
:20514000FFFFFFFFFFFFFFFFFFFFFFFFFFFFFFFFFFFFFFFFFFFFFFFFFFFFFFFFFFFFFFFF6F
:20516000FFFFFFFFFFFFFFFFFFFFFFFFFFFFFFFFFFFFFFFFFFFFFFFFFFFFFFFFFFFFFFFF4F
:20518000FFFFFFFFFFFFFFFFFFFFFFFFFFFFFFFFFFFFFFFFFFFFFFFFFFFFFFFFFFFFFFFF2F
:2051A000FFFFFFFFFFFFFFFFFFFFFFFFFFFFFFFFFFFFFFFFFFFFFFFFFFFFFFFFFFFFFFFF0F
:2051C000FFFFFFFFFFFFFFFFFFFFFFFFFFFFFFFFFFFFFFFFFFFFFFFFFFFFFFFFFFFFFFFFEF
:2051E000FFFFFFFFFFFFFFFFFFFFFFFFFFFFFFFFFFFFFFFFFFFFFFFFFFFFFFFFFFFFFFFFCF
:20520000FFFFFFFFFFFFFFFFFFFFFFFFFFFFFFFFFFFFFFFFFFFFFFFFFFFFFFFFFFFFFFFFAE
:20522000FFFFFFFFFFFFFFFFFFFFFFFFFFFFFFFFFFFFFFFFFFFFFFFFFFFFFFFFFFFFFFFF8E
:20524000FFFFFFFFFFFFFFFFFFFFFFFFFFFFFFFFFFFFFFFFFFFFFFFFFFFFFFFFFFFFFFFF6E
:20526000FFFFFFFFFFFFFFFFFFFFFFFFFFFFFFFFFFFFFFFFFFFFFFFFFFFFFFFFFFFFFFFF4E
:20528000FFFFFFFFFFFFFFFFFFFFFFFFFFFFFFFFFFFFFFFFFFFFFFFFFFFFFFFFFFFFFFFF2E
:2052A000FFFFFFFFFFFFFFFFFFFFFFFFFFFFFFFFFFFFFFFFFFFFFFFFFFFFFFFFFFFFFFFF0E
:2052C000FFFFFFFFFFFFFFFFFFFFFFFFFFFFFFFFFFFFFFFFFFFFFFFFFFFFFFFFFFFFFFFFEE
:2052E000FFFFFFFFFFFFFFFFFFFFFFFFFFFFFFFFFFFFFFFFFFFFFFFFFFFFFFFFFFFFFFFFCE
:20530000FFFFFFFFFFFFFFFFFFFFFFFFFFFFFFFFFFFFFFFFFFFFFFFFFFFFFFFFFFFFFFFFAD
:20532000FFFFFFFFFFFFFFFFFFFFFFFFFFFFFFFFFFFFFFFFFFFFFFFFFFFFFFFFFFFFFFFF8D
:20534000FFFFFFFFFFFFFFFFFFFFFFFFFFFFFFFFFFFFFFFFFFFFFFFFFFFFFFFFFFFFFFFF6D
:20536000FFFFFFFFFFFFFFFFFFFFFFFFFFFFFFFFFFFFFFFFFFFFFFFFFFFFFFFFFFFFFFFF4D
:20538000FFFFFFFFFFFFFFFFFFFFFFFFFFFFFFFFFFFFFFFFFFFFFFFFFFFFFFFFFFFFFFFF2D
:2053A000FFFFFFFFFFFFFFFFFFFFFFFFFFFFFFFFFFFFFFFFFFFFFFFFFFFFFFFFFFFFFFFF0D
:2053C000FFFFFFFFFFFFFFFFFFFFFFFFFFFFFFFFFFFFFFFFFFFFFFFFFFFFFFFFFFFFFFFFED
:2053E000FFFFFFFFFFFFFFFFFFFFFFFFFFFFFFFFFFFFFFFFFFFFFFFFFFFFFFFFFFFFFFFFCD
:20540000FFFFFFFFFFFFFFFFFFFFFFFFFFFFFFFFFFFFFFFFFFFFFFFFFFFFFFFFFFFFFFFFAC
:20542000FFFFFFFFFFFFFFFFFFFFFFFFFFFFFFFFFFFFFFFFFFFFFFFFFFFFFFFFFFFFFFFF8C
:20544000FFFFFFFFFFFFFFFFFFFFFFFFFFFFFFFFFFFFFFFFFFFFFFFFFFFFFFFFFFFFFFFF6C
:20546000FFFFFFFFFFFFFFFFFFFFFFFFFFFFFFFFFFFFFFFFFFFFFFFFFFFFFFFFFFFFFFFF4C
:20548000FFFFFFFFFFFFFFFFFFFFFFFFFFFFFFFFFFFFFFFFFFFFFFFFFFFFFFFFFFFFFFFF2C
:2054A000FFFFFFFFFFFFFFFFFFFFFFFFFFFFFFFFFFFFFFFFFFFFFFFFFFFFFFFFFFFFFFFF0C
:2054C000FFFFFFFFFFFFFFFFFFFFFFFFFFFFFFFFFFFFFFFFFFFFFFFFFFFFFFFFFFFFFFFFEC
:2054E000FFFFFFFFFFFFFFFFFFFFFFFFFFFFFFFFFFFFFFFFFFFFFFFFFFFFFFFFFFFFFFFFCC
:20550000FFFFFFFFFFFFFFFFFFFFFFFFFFFFFFFFFFFFFFFFFFFFFFFFFFFFFFFFFFFFFFFFAB
:20552000FFFFFFFFFFFFFFFFFFFFFFFFFFFFFFFFFFFFFFFFFFFFFFFFFFFFFFFFFFFFFFFF8B
:20554000FFFFFFFFFFFFFFFFFFFFFFFFFFFFFFFFFFFFFFFFFFFFFFFFFFFFFFFFFFFFFFFF6B
:20556000FFFFFFFFFFFFFFFFFFFFFFFFFFFFFFFFFFFFFFFFFFFFFFFFFFFFFFFFFFFFFFFF4B
:20558000FFFFFFFFFFFFFFFFFFFFFFFFFFFFFFFFFFFFFFFFFFFFFFFFFFFFFFFFFFFFFFFF2B
:2055A000FFFFFFFFFFFFFFFFFFFFFFFFFFFFFFFFFFFFFFFFFFFFFFFFFFFFFFFFFFFFFFFF0B
:2055C000FFFFFFFFFFFFFFFFFFFFFFFFFFFFFFFFFFFFFFFFFFFFFFFFFFFFFFFFFFFFFFFFEB
:2055E000FFFFFFFFFFFFFFFFFFFFFFFFFFFFFFFFFFFFFFFFFFFFFFFFFFFFFFFFFFFFFFFFCB
:20560000FFFFFFFFFFFFFFFFFFFFFFFFFFFFFFFFFFFFFFFFFFFFFFFFFFFFFFFFFFFFFFFFAA
:20562000FFFFFFFFFFFFFFFFFFFFFFFFFFFFFFFFFFFFFFFFFFFFFFFFFFFFFFFFFFFFFFFF8A
:20564000FFFFFFFFFFFFFFFFFFFFFFFFFFFFFFFFFFFFFFFFFFFFFFFFFFFFFFFFFFFFFFFF6A
:20566000FFFFFFFFFFFFFFFFFFFFFFFFFFFFFFFFFFFFFFFFFFFFFFFFFFFFFFFFFFFFFFFF4A
:20568000FFFFFFFFFFFFFFFFFFFFFFFFFFFFFFFFFFFFFFFFFFFFFFFFFFFFFFFFFFFFFFFF2A
:2056A000FFFFFFFFFFFFFFFFFFFFFFFFFFFFFFFFFFFFFFFFFFFFFFFFFFFFFFFFFFFFFFFF0A
:2056C000FFFFFFFFFFFFFFFFFFFFFFFFFFFFFFFFFFFFFFFFFFFFFFFFFFFFFFFFFFFFFFFFEA
:2056E000FFFFFFFFFFFFFFFFFFFFFFFFFFFFFFFFFFFFFFFFFFFFFFFFFFFFFFFFFFFFFFFFCA
:20570000FFFFFFFFFFFFFFFFFFFFFFFFFFFFFFFFFFFFFFFFFFFFFFFFFFFFFFFFFFFFFFFFA9
:20572000FFFFFFFFFFFFFFFFFFFFFFFFFFFFFFFFFFFFFFFFFFFFFFFFFFFFFFFFFFFFFFFF89
:20574000FFFFFFFFFFFFFFFFFFFFFFFFFFFFFFFFFFFFFFFFFFFFFFFFFFFFFFFFFFFFFFFF69
:20576000FFFFFFFFFFFFFFFFFFFFFFFFFFFFFFFFFFFFFFFFFFFFFFFFFFFFFFFFFFFFFFFF49
:20578000FFFFFFFFFFFFFFFFFFFFFFFFFFFFFFFFFFFFFFFFFFFFFFFFFFFFFFFFFFFFFFFF29
:2057A000FFFFFFFFFFFFFFFFFFFFFFFFFFFFFFFFFFFFFFFFFFFFFFFFFFFFFFFFFFFFFFFF09
:2057C000FFFFFFFFFFFFFFFFFFFFFFFFFFFFFFFFFFFFFFFFFFFFFFFFFFFFFFFFFFFFFFFFE9
:2057E000FFFFFFFFFFFFFFFFFFFFFFFFFFFFFFFFFFFFFFFFFFFFFFFFFFFFFFFFFFFFFFFFC9
:20580000FFFFFFFFFFFFFFFFFFFFFFFFFFFFFFFFFFFFFFFFFFFFFFFFFFFFFFFFFFFFFFFFA8
:20582000FFFFFFFFFFFFFFFFFFFFFFFFFFFFFFFFFFFFFFFFFFFFFFFFFFFFFFFFFFFFFFFF88
:20584000FFFFFFFFFFFFFFFFFFFFFFFFFFFFFFFFFFFFFFFFFFFFFFFFFFFFFFFFFFFFFFFF68
:20586000FFFFFFFFFFFFFFFFFFFFFFFFFFFFFFFFFFFFFFFFFFFFFFFFFFFFFFFFFFFFFFFF48
:20588000FFFFFFFFFFFFFFFFFFFFFFFFFFFFFFFFFFFFFFFFFFFFFFFFFFFFFFFFFFFFFFFF28
:2058A000FFFFFFFFFFFFFFFFFFFFFFFFFFFFFFFFFFFFFFFFFFFFFFFFFFFFFFFFFFFFFFFF08
:2058C000FFFFFFFFFFFFFFFFFFFFFFFFFFFFFFFFFFFFFFFFFFFFFFFFFFFFFFFFFFFFFFFFE8
:2058E000FFFFFFFFFFFFFFFFFFFFFFFFFFFFFFFFFFFFFFFFFFFFFFFFFFFFFFFFFFFFFFFFC8
:20590000FFFFFFFFFFFFFFFFFFFFFFFFFFFFFFFFFFFFFFFFFFFFFFFFFFFFFFFFFFFFFFFFA7
:20592000FFFFFFFFFFFFFFFFFFFFFFFFFFFFFFFFFFFFFFFFFFFFFFFFFFFFFFFFFFFFFFFF87
:20594000FFFFFFFFFFFFFFFFFFFFFFFFFFFFFFFFFFFFFFFFFFFFFFFFFFFFFFFFFFFFFFFF67
:20596000FFFFFFFFFFFFFFFFFFFFFFFFFFFFFFFFFFFFFFFFFFFFFFFFFFFFFFFFFFFFFFFF47
:20598000FFFFFFFFFFFFFFFFFFFFFFFFFFFFFFFFFFFFFFFFFFFFFFFFFFFFFFFFFFFFFFFF27
:2059A000FFFFFFFFFFFFFFFFFFFFFFFFFFFFFFFFFFFFFFFFFFFFFFFFFFFFFFFFFFFFFFFF07
:2059C000FFFFFFFFFFFFFFFFFFFFFFFFFFFFFFFFFFFFFFFFFFFFFFFFFFFFFFFFFFFFFFFFE7
:2059E000FFFFFFFFFFFFFFFFFFFFFFFFFFFFFFFFFFFFFFFFFFFFFFFFFFFFFFFFFFFFFFFFC7
:205A0000FFFFFFFFFFFFFFFFFFFFFFFFFFFFFFFFFFFFFFFFFFFFFFFFFFFFFFFFFFFFFFFFA6
:205A2000FFFFFFFFFFFFFFFFFFFFFFFFFFFFFFFFFFFFFFFFFFFFFFFFFFFFFFFFFFFFFFFF86
:205A4000FFFFFFFFFFFFFFFFFFFFFFFFFFFFFFFFFFFFFFFFFFFFFFFFFFFFFFFFFFFFFFFF66
:205A6000FFFFFFFFFFFFFFFFFFFFFFFFFFFFFFFFFFFFFFFFFFFFFFFFFFFFFFFFFFFFFFFF46
:205A8000FFFFFFFFFFFFFFFFFFFFFFFFFFFFFFFFFFFFFFFFFFFFFFFFFFFFFFFFFFFFFFFF26
:205AA000FFFFFFFFFFFFFFFFFFFFFFFFFFFFFFFFFFFFFFFFFFFFFFFFFFFFFFFFFFFFFFFF06
:205AC000FFFFFFFFFFFFFFFFFFFFFFFFFFFFFFFFFFFFFFFFFFFFFFFFFFFFFFFFFFFFFFFFE6
:205AE000FFFFFFFFFFFFFFFFFFFFFFFFFFFFFFFFFFFFFFFFFFFFFFFFFFFFFFFFFFFFFFFFC6
:205B0000FFFFFFFFFFFFFFFFFFFFFFFFFFFFFFFFFFFFFFFFFFFFFFFFFFFFFFFFFFFFFFFFA5
:205B2000FFFFFFFFFFFFFFFFFFFFFFFFFFFFFFFFFFFFFFFFFFFFFFFFFFFFFFFFFFFFFFFF85
:205B4000FFFFFFFFFFFFFFFFFFFFFFFFFFFFFFFFFFFFFFFFFFFFFFFFFFFFFFFFFFFFFFFF65
:205B6000FFFFFFFFFFFFFFFFFFFFFFFFFFFFFFFFFFFFFFFFFFFFFFFFFFFFFFFFFFFFFFFF45
:205B8000FFFFFFFFFFFFFFFFFFFFFFFFFFFFFFFFFFFFFFFFFFFFFFFFFFFFFFFFFFFFFFFF25
:205BA000FFFFFFFFFFFFFFFFFFFFFFFFFFFFFFFFFFFFFFFFFFFFFFFFFFFFFFFFFFFFFFFF05
:205BC000FFFFFFFFFFFFFFFFFFFFFFFFFFFFFFFFFFFFFFFFFFFFFFFFFFFFFFFFFFFFFFFFE5
:205BE000FFFFFFFFFFFFFFFFFFFFFFFFFFFFFFFFFFFFFFFFFFFFFFFFFFFFFFFFFFFFFFFFC5
:205C0000FFFFFFFFFFFFFFFFFFFFFFFFFFFFFFFFFFFFFFFFFFFFFFFFFFFFFFFFFFFFFFFFA4
:205C2000FFFFFFFFFFFFFFFFFFFFFFFFFFFFFFFFFFFFFFFFFFFFFFFFFFFFFFFFFFFFFFFF84
:205C4000FFFFFFFFFFFFFFFFFFFFFFFFFFFFFFFFFFFFFFFFFFFFFFFFFFFFFFFFFFFFFFFF64
:205C6000FFFFFFFFFFFFFFFFFFFFFFFFFFFFFFFFFFFFFFFFFFFFFFFFFFFFFFFFFFFFFFFF44
:205C8000FFFFFFFFFFFFFFFFFFFFFFFFFFFFFFFFFFFFFFFFFFFFFFFFFFFFFFFFFFFFFFFF24
:205CA000FFFFFFFFFFFFFFFFFFFFFFFFFFFFFFFFFFFFFFFFFFFFFFFFFFFFFFFFFFFFFFFF04
:205CC000FFFFFFFFFFFFFFFFFFFFFFFFFFFFFFFFFFFFFFFFFFFFFFFFFFFFFFFFFFFFFFFFE4
:205CE000FFFFFFFFFFFFFFFFFFFFFFFFFFFFFFFFFFFFFFFFFFFFFFFFFFFFFFFFFFFFFFFFC4
:205D0000FFFFFFFFFFFFFFFFFFFFFFFFFFFFFFFFFFFFFFFFFFFFFFFFFFFFFFFFFFFFFFFFA3
:205D2000FFFFFFFFFFFFFFFFFFFFFFFFFFFFFFFFFFFFFFFFFFFFFFFFFFFFFFFFFFFFFFFF83
:205D4000FFFFFFFFFFFFFFFFFFFFFFFFFFFFFFFFFFFFFFFFFFFFFFFFFFFFFFFFFFFFFFFF63
:205D6000FFFFFFFFFFFFFFFFFFFFFFFFFFFFFFFFFFFFFFFFFFFFFFFFFFFFFFFFFFFFFFFF43
:205D8000FFFFFFFFFFFFFFFFFFFFFFFFFFFFFFFFFFFFFFFFFFFFFFFFFFFFFFFFFFFFFFFF23
:205DA000FFFFFFFFFFFFFFFFFFFFFFFFFFFFFFFFFFFFFFFFFFFFFFFFFFFFFFFFFFFFFFFF03
:205DC000FFFFFFFFFFFFFFFFFFFFFFFFFFFFFFFFFFFFFFFFFFFFFFFFFFFFFFFFFFFFFFFFE3
:205DE000FFFFFFFFFFFFFFFFFFFFFFFFFFFFFFFFFFFFFFFFFFFFFFFFFFFFFFFFFFFFFFFFC3
:205E0000FFFFFFFFFFFFFFFFFFFFFFFFFFFFFFFFFFFFFFFFFFFFFFFFFFFFFFFFFFFFFFFFA2
:205E2000FFFFFFFFFFFFFFFFFFFFFFFFFFFFFFFFFFFFFFFFFFFFFFFFFFFFFFFFFFFFFFFF82
:205E4000FFFFFFFFFFFFFFFFFFFFFFFFFFFFFFFFFFFFFFFFFFFFFFFFFFFFFFFFFFFFFFFF62
:205E6000FFFFFFFFFFFFFFFFFFFFFFFFFFFFFFFFFFFFFFFFFFFFFFFFFFFFFFFFFFFFFFFF42
:205E8000FFFFFFFFFFFFFFFFFFFFFFFFFFFFFFFFFFFFFFFFFFFFFFFFFFFFFFFFFFFFFFFF22
:205EA000FFFFFFFFFFFFFFFFFFFFFFFFFFFFFFFFFFFFFFFFFFFFFFFFFFFFFFFFFFFFFFFF02
:205EC000FFFFFFFFFFFFFFFFFFFFFFFFFFFFFFFFFFFFFFFFFFFFFFFFFFFFFFFFFFFFFFFFE2
:205EE000FFFFFFFFFFFFFFFFFFFFFFFFFFFFFFFFFFFFFFFFFFFFFFFFFFFFFFFFFFFFFFFFC2
:205F0000FFFFFFFFFFFFFFFFFFFFFFFFFFFFFFFFFFFFFFFFFFFFFFFFFFFFFFFFFFFFFFFFA1
:205F2000FFFFFFFFFFFFFFFFFFFFFFFFFFFFFFFFFFFFFFFFFFFFFFFFFFFFFFFFFFFFFFFF81
:205F4000FFFFFFFFFFFFFFFFFFFFFFFFFFFFFFFFFFFFFFFFFFFFFFFFFFFFFFFFFFFFFFFF61
:205F6000FFFFFFFFFFFFFFFFFFFFFFFFFFFFFFFFFFFFFFFFFFFFFFFFFFFFFFFFFFFFFFFF41
:205F8000FFFFFFFFFFFFFFFFFFFFFFFFFFFFFFFFFFFFFFFFFFFFFFFFFFFFFFFFFFFFFFFF21
:205FA000FFFFFFFFFFFFFFFFFFFFFFFFFFFFFFFFFFFFFFFFFFFFFFFFFFFFFFFFFFFFFFFF01
:205FC000FFFFFFFFFFFFFFFFFFFFFFFFFFFFFFFFFFFFFFFFFFFFFFFFFFFFFFFFFFFFFFFFE1
:205FE000FFFFFFFFFFFFFFFFFFFFFFFFFFFFFFFFFFFFFFFFFFFFFFFFFFFFFFFFFFFFFFFFC1
:20600000FFFFFFFFFFFFFFFFFFFFFFFFFFFFFFFFFFFFFFFFFFFFFFFFFFFFFFFFFFFFFFFFA0
:20602000FFFFFFFFFFFFFFFFFFFFFFFFFFFFFFFFFFFFFFFFFFFFFFFFFFFFFFFFFFFFFFFF80
:20604000FFFFFFFFFFFFFFFFFFFFFFFFFFFFFFFFFFFFFFFFFFFFFFFFFFFFFFFFFFFFFFFF60
:20606000FFFFFFFFFFFFFFFFFFFFFFFFFFFFFFFFFFFFFFFFFFFFFFFFFFFFFFFFFFFFFFFF40
:20608000FFFFFFFFFFFFFFFFFFFFFFFFFFFFFFFFFFFFFFFFFFFFFFFFFFFFFFFFFFFFFFFF20
:2060A000FFFFFFFFFFFFFFFFFFFFFFFFFFFFFFFFFFFFFFFFFFFFFFFFFFFFFFFFFFFFFFFF00
:2060C000FFFFFFFFFFFFFFFFFFFFFFFFFFFFFFFFFFFFFFFFFFFFFFFFFFFFFFFFFFFFFFFFE0
:2060E000FFFFFFFFFFFFFFFFFFFFFFFFFFFFFFFFFFFFFFFFFFFFFFFFFFFFFFFFFFFFFFFFC0
:20610000FFFFFFFFFFFFFFFFFFFFFFFFFFFFFFFFFFFFFFFFFFFFFFFFFFFFFFFFFFFFFFFF9F
:20612000FFFFFFFFFFFFFFFFFFFFFFFFFFFFFFFFFFFFFFFFFFFFFFFFFFFFFFFFFFFFFFFF7F
:20614000FFFFFFFFFFFFFFFFFFFFFFFFFFFFFFFFFFFFFFFFFFFFFFFFFFFFFFFFFFFFFFFF5F
:20616000FFFFFFFFFFFFFFFFFFFFFFFFFFFFFFFFFFFFFFFFFFFFFFFFFFFFFFFFFFFFFFFF3F
:20618000FFFFFFFFFFFFFFFFFFFFFFFFFFFFFFFFFFFFFFFFFFFFFFFFFFFFFFFFFFFFFFFF1F
:2061A000FFFFFFFFFFFFFFFFFFFFFFFFFFFFFFFFFFFFFFFFFFFFFFFFFFFFFFFFFFFFFFFFFF
:2061C000FFFFFFFFFFFFFFFFFFFFFFFFFFFFFFFFFFFFFFFFFFFFFFFFFFFFFFFFFFFFFFFFDF
:2061E000FFFFFFFFFFFFFFFFFFFFFFFFFFFFFFFFFFFFFFFFFFFFFFFFFFFFFFFFFFFFFFFFBF
:20620000FFFFFFFFFFFFFFFFFFFFFFFFFFFFFFFFFFFFFFFFFFFFFFFFFFFFFFFFFFFFFFFF9E
:20622000FFFFFFFFFFFFFFFFFFFFFFFFFFFFFFFFFFFFFFFFFFFFFFFFFFFFFFFFFFFFFFFF7E
:20624000FFFFFFFFFFFFFFFFFFFFFFFFFFFFFFFFFFFFFFFFFFFFFFFFFFFFFFFFFFFFFFFF5E
:20626000FFFFFFFFFFFFFFFFFFFFFFFFFFFFFFFFFFFFFFFFFFFFFFFFFFFFFFFFFFFFFFFF3E
:20628000FFFFFFFFFFFFFFFFFFFFFFFFFFFFFFFFFFFFFFFFFFFFFFFFFFFFFFFFFFFFFFFF1E
:2062A000FFFFFFFFFFFFFFFFFFFFFFFFFFFFFFFFFFFFFFFFFFFFFFFFFFFFFFFFFFFFFFFFFE
:2062C000FFFFFFFFFFFFFFFFFFFFFFFFFFFFFFFFFFFFFFFFFFFFFFFFFFFFFFFFFFFFFFFFDE
:2062E000FFFFFFFFFFFFFFFFFFFFFFFFFFFFFFFFFFFFFFFFFFFFFFFFFFFFFFFFFFFFFFFFBE
:20630000FFFFFFFFFFFFFFFFFFFFFFFFFFFFFFFFFFFFFFFFFFFFFFFFFFFFFFFFFFFFFFFF9D
:20632000FFFFFFFFFFFFFFFFFFFFFFFFFFFFFFFFFFFFFFFFFFFFFFFFFFFFFFFFFFFFFFFF7D
:20634000FFFFFFFFFFFFFFFFFFFFFFFFFFFFFFFFFFFFFFFFFFFFFFFFFFFFFFFFFFFFFFFF5D
:20636000FFFFFFFFFFFFFFFFFFFFFFFFFFFFFFFFFFFFFFFFFFFFFFFFFFFFFFFFFFFFFFFF3D
:20638000FFFFFFFFFFFFFFFFFFFFFFFFFFFFFFFFFFFFFFFFFFFFFFFFFFFFFFFFFFFFFFFF1D
:2063A000FFFFFFFFFFFFFFFFFFFFFFFFFFFFFFFFFFFFFFFFFFFFFFFFFFFFFFFFFFFFFFFFFD
:2063C000FFFFFFFFFFFFFFFFFFFFFFFFFFFFFFFFFFFFFFFFFFFFFFFFFFFFFFFFFFFFFFFFDD
:2063E000FFFFFFFFFFFFFFFFFFFFFFFFFFFFFFFFFFFFFFFFFFFFFFFFFFFFFFFFFFFFFFFFBD
:20640000FFFFFFFFFFFFFFFFFFFFFFFFFFFFFFFFFFFFFFFFFFFFFFFFFFFFFFFFFFFFFFFF9C
:20642000FFFFFFFFFFFFFFFFFFFFFFFFFFFFFFFFFFFFFFFFFFFFFFFFFFFFFFFFFFFFFFFF7C
:20644000FFFFFFFFFFFFFFFFFFFFFFFFFFFFFFFFFFFFFFFFFFFFFFFFFFFFFFFFFFFFFFFF5C
:20646000FFFFFFFFFFFFFFFFFFFFFFFFFFFFFFFFFFFFFFFFFFFFFFFFFFFFFFFFFFFFFFFF3C
:20648000FFFFFFFFFFFFFFFFFFFFFFFFFFFFFFFFFFFFFFFFFFFFFFFFFFFFFFFFFFFFFFFF1C
:2064A000FFFFFFFFFFFFFFFFFFFFFFFFFFFFFFFFFFFFFFFFFFFFFFFFFFFFFFFFFFFFFFFFFC
:2064C000FFFFFFFFFFFFFFFFFFFFFFFFFFFFFFFFFFFFFFFFFFFFFFFFFFFFFFFFFFFFFFFFDC
:2064E000FFFFFFFFFFFFFFFFFFFFFFFFFFFFFFFFFFFFFFFFFFFFFFFFFFFFFFFFFFFFFFFFBC
:20650000FFFFFFFFFFFFFFFFFFFFFFFFFFFFFFFFFFFFFFFFFFFFFFFFFFFFFFFFFFFFFFFF9B
:20652000FFFFFFFFFFFFFFFFFFFFFFFFFFFFFFFFFFFFFFFFFFFFFFFFFFFFFFFFFFFFFFFF7B
:20654000FFFFFFFFFFFFFFFFFFFFFFFFFFFFFFFFFFFFFFFFFFFFFFFFFFFFFFFFFFFFFFFF5B
:20656000FFFFFFFFFFFFFFFFFFFFFFFFFFFFFFFFFFFFFFFFFFFFFFFFFFFFFFFFFFFFFFFF3B
:20658000FFFFFFFFFFFFFFFFFFFFFFFFFFFFFFFFFFFFFFFFFFFFFFFFFFFFFFFFFFFFFFFF1B
:2065A000FFFFFFFFFFFFFFFFFFFFFFFFFFFFFFFFFFFFFFFFFFFFFFFFFFFFFFFFFFFFFFFFFB
:2065C000FFFFFFFFFFFFFFFFFFFFFFFFFFFFFFFFFFFFFFFFFFFFFFFFFFFFFFFFFFFFFFFFDB
:2065E000FFFFFFFFFFFFFFFFFFFFFFFFFFFFFFFFFFFFFFFFFFFFFFFFFFFFFFFFFFFFFFFFBB
:20660000FFFFFFFFFFFFFFFFFFFFFFFFFFFFFFFFFFFFFFFFFFFFFFFFFFFFFFFFFFFFFFFF9A
:20662000FFFFFFFFFFFFFFFFFFFFFFFFFFFFFFFFFFFFFFFFFFFFFFFFFFFFFFFFFFFFFFFF7A
:20664000FFFFFFFFFFFFFFFFFFFFFFFFFFFFFFFFFFFFFFFFFFFFFFFFFFFFFFFFFFFFFFFF5A
:20666000FFFFFFFFFFFFFFFFFFFFFFFFFFFFFFFFFFFFFFFFFFFFFFFFFFFFFFFFFFFFFFFF3A
:20668000FFFFFFFFFFFFFFFFFFFFFFFFFFFFFFFFFFFFFFFFFFFFFFFFFFFFFFFFFFFFFFFF1A
:2066A000FFFFFFFFFFFFFFFFFFFFFFFFFFFFFFFFFFFFFFFFFFFFFFFFFFFFFFFFFFFFFFFFFA
:2066C000FFFFFFFFFFFFFFFFFFFFFFFFFFFFFFFFFFFFFFFFFFFFFFFFFFFFFFFFFFFFFFFFDA
:2066E000FFFFFFFFFFFFFFFFFFFFFFFFFFFFFFFFFFFFFFFFFFFFFFFFFFFFFFFFFFFFFFFFBA
:20670000FFFFFFFFFFFFFFFFFFFFFFFFFFFFFFFFFFFFFFFFFFFFFFFFFFFFFFFFFFFFFFFF99
:20672000FFFFFFFFFFFFFFFFFFFFFFFFFFFFFFFFFFFFFFFFFFFFFFFFFFFFFFFFFFFFFFFF79
:20674000FFFFFFFFFFFFFFFFFFFFFFFFFFFFFFFFFFFFFFFFFFFFFFFFFFFFFFFFFFFFFFFF59
:20676000FFFFFFFFFFFFFFFFFFFFFFFFFFFFFFFFFFFFFFFFFFFFFFFFFFFFFFFFFFFFFFFF39
:20678000FFFFFFFFFFFFFFFFFFFFFFFFFFFFFFFFFFFFFFFFFFFFFFFFFFFFFFFFFFFFFFFF19
:2067A000FFFFFFFFFFFFFFFFFFFFFFFFFFFFFFFFFFFFFFFFFFFFFFFFFFFFFFFFFFFFFFFFF9
:2067C000FFFFFFFFFFFFFFFFFFFFFFFFFFFFFFFFFFFFFFFFFFFFFFFFFFFFFFFFFFFFFFFFD9
:2067E000FFFFFFFFFFFFFFFFFFFFFFFFFFFFFFFFFFFFFFFFFFFFFFFFFFFFFFFFFFFFFFFFB9
:20680000FFFFFFFFFFFFFFFFFFFFFFFFFFFFFFFFFFFFFFFFFFFFFFFFFFFFFFFFFFFFFFFF98
:20682000FFFFFFFFFFFFFFFFFFFFFFFFFFFFFFFFFFFFFFFFFFFFFFFFFFFFFFFFFFFFFFFF78
:20684000FFFFFFFFFFFFFFFFFFFFFFFFFFFFFFFFFFFFFFFFFFFFFFFFFFFFFFFFFFFFFFFF58
:20686000FFFFFFFFFFFFFFFFFFFFFFFFFFFFFFFFFFFFFFFFFFFFFFFFFFFFFFFFFFFFFFFF38
:20688000FFFFFFFFFFFFFFFFFFFFFFFFFFFFFFFFFFFFFFFFFFFFFFFFFFFFFFFFFFFFFFFF18
:2068A000FFFFFFFFFFFFFFFFFFFFFFFFFFFFFFFFFFFFFFFFFFFFFFFFFFFFFFFFFFFFFFFFF8
:2068C000FFFFFFFFFFFFFFFFFFFFFFFFFFFFFFFFFFFFFFFFFFFFFFFFFFFFFFFFFFFFFFFFD8
:2068E000FFFFFFFFFFFFFFFFFFFFFFFFFFFFFFFFFFFFFFFFFFFFFFFFFFFFFFFFFFFFFFFFB8
:20690000FFFFFFFFFFFFFFFFFFFFFFFFFFFFFFFFFFFFFFFFFFFFFFFFFFFFFFFFFFFFFFFF97
:20692000FFFFFFFFFFFFFFFFFFFFFFFFFFFFFFFFFFFFFFFFFFFFFFFFFFFFFFFFFFFFFFFF77
:20694000FFFFFFFFFFFFFFFFFFFFFFFFFFFFFFFFFFFFFFFFFFFFFFFFFFFFFFFFFFFFFFFF57
:20696000FFFFFFFFFFFFFFFFFFFFFFFFFFFFFFFFFFFFFFFFFFFFFFFFFFFFFFFFFFFFFFFF37
:20698000FFFFFFFFFFFFFFFFFFFFFFFFFFFFFFFFFFFFFFFFFFFFFFFFFFFFFFFFFFFFFFFF17
:2069A000FFFFFFFFFFFFFFFFFFFFFFFFFFFFFFFFFFFFFFFFFFFFFFFFFFFFFFFFFFFFFFFFF7
:2069C000FFFFFFFFFFFFFFFFFFFFFFFFFFFFFFFFFFFFFFFFFFFFFFFFFFFFFFFFFFFFFFFFD7
:2069E000FFFFFFFFFFFFFFFFFFFFFFFFFFFFFFFFFFFFFFFFFFFFFFFFFFFFFFFFFFFFFFFFB7
:206A0000FFFFFFFFFFFFFFFFFFFFFFFFFFFFFFFFFFFFFFFFFFFFFFFFFFFFFFFFFFFFFFFF96
:206A2000FFFFFFFFFFFFFFFFFFFFFFFFFFFFFFFFFFFFFFFFFFFFFFFFFFFFFFFFFFFFFFFF76
:206A4000FFFFFFFFFFFFFFFFFFFFFFFFFFFFFFFFFFFFFFFFFFFFFFFFFFFFFFFFFFFFFFFF56
:206A6000FFFFFFFFFFFFFFFFFFFFFFFFFFFFFFFFFFFFFFFFFFFFFFFFFFFFFFFFFFFFFFFF36
:206A8000FFFFFFFFFFFFFFFFFFFFFFFFFFFFFFFFFFFFFFFFFFFFFFFFFFFFFFFFFFFFFFFF16
:206AA000FFFFFFFFFFFFFFFFFFFFFFFFFFFFFFFFFFFFFFFFFFFFFFFFFFFFFFFFFFFFFFFFF6
:206AC000FFFFFFFFFFFFFFFFFFFFFFFFFFFFFFFFFFFFFFFFFFFFFFFFFFFFFFFFFFFFFFFFD6
:206AE000FFFFFFFFFFFFFFFFFFFFFFFFFFFFFFFFFFFFFFFFFFFFFFFFFFFFFFFFFFFFFFFFB6
:206B0000FFFFFFFFFFFFFFFFFFFFFFFFFFFFFFFFFFFFFFFFFFFFFFFFFFFFFFFFFFFFFFFF95
:206B2000FFFFFFFFFFFFFFFFFFFFFFFFFFFFFFFFFFFFFFFFFFFFFFFFFFFFFFFFFFFFFFFF75
:206B4000FFFFFFFFFFFFFFFFFFFFFFFFFFFFFFFFFFFFFFFFFFFFFFFFFFFFFFFFFFFFFFFF55
:206B6000FFFFFFFFFFFFFFFFFFFFFFFFFFFFFFFFFFFFFFFFFFFFFFFFFFFFFFFFFFFFFFFF35
:206B8000FFFFFFFFFFFFFFFFFFFFFFFFFFFFFFFFFFFFFFFFFFFFFFFFFFFFFFFFFFFFFFFF15
:206BA000FFFFFFFFFFFFFFFFFFFFFFFFFFFFFFFFFFFFFFFFFFFFFFFFFFFFFFFFFFFFFFFFF5
:206BC000FFFFFFFFFFFFFFFFFFFFFFFFFFFFFFFFFFFFFFFFFFFFFFFFFFFFFFFFFFFFFFFFD5
:206BE000FFFFFFFFFFFFFFFFFFFFFFFFFFFFFFFFFFFFFFFFFFFFFFFFFFFFFFFFFFFFFFFFB5
:206C0000FFFFFFFFFFFFFFFFFFFFFFFFFFFFFFFFFFFFFFFFFFFFFFFFFFFFFFFFFFFFFFFF94
:206C2000FFFFFFFFFFFFFFFFFFFFFFFFFFFFFFFFFFFFFFFFFFFFFFFFFFFFFFFFFFFFFFFF74
:206C4000FFFFFFFFFFFFFFFFFFFFFFFFFFFFFFFFFFFFFFFFFFFFFFFFFFFFFFFFFFFFFFFF54
:206C6000FFFFFFFFFFFFFFFFFFFFFFFFFFFFFFFFFFFFFFFFFFFFFFFFFFFFFFFFFFFFFFFF34
:206C8000FFFFFFFFFFFFFFFFFFFFFFFFFFFFFFFFFFFFFFFFFFFFFFFFFFFFFFFFFFFFFFFF14
:206CA000FFFFFFFFFFFFFFFFFFFFFFFFFFFFFFFFFFFFFFFFFFFFFFFFFFFFFFFFFFFFFFFFF4
:206CC000FFFFFFFFFFFFFFFFFFFFFFFFFFFFFFFFFFFFFFFFFFFFFFFFFFFFFFFFFFFFFFFFD4
:206CE000FFFFFFFFFFFFFFFFFFFFFFFFFFFFFFFFFFFFFFFFFFFFFFFFFFFFFFFFFFFFFFFFB4
:206D0000FFFFFFFFFFFFFFFFFFFFFFFFFFFFFFFFFFFFFFFFFFFFFFFFFFFFFFFFFFFFFFFF93
:206D2000FFFFFFFFFFFFFFFFFFFFFFFFFFFFFFFFFFFFFFFFFFFFFFFFFFFFFFFFFFFFFFFF73
:206D4000FFFFFFFFFFFFFFFFFFFFFFFFFFFFFFFFFFFFFFFFFFFFFFFFFFFFFFFFFFFFFFFF53
:206D6000FFFFFFFFFFFFFFFFFFFFFFFFFFFFFFFFFFFFFFFFFFFFFFFFFFFFFFFFFFFFFFFF33
:206D8000FFFFFFFFFFFFFFFFFFFFFFFFFFFFFFFFFFFFFFFFFFFFFFFFFFFFFFFFFFFFFFFF13
:206DA000FFFFFFFFFFFFFFFFFFFFFFFFFFFFFFFFFFFFFFFFFFFFFFFFFFFFFFFFFFFFFFFFF3
:206DC000FFFFFFFFFFFFFFFFFFFFFFFFFFFFFFFFFFFFFFFFFFFFFFFFFFFFFFFFFFFFFFFFD3
:206DE000FFFFFFFFFFFFFFFFFFFFFFFFFFFFFFFFFFFFFFFFFFFFFFFFFFFFFFFFFFFFFFFFB3
:206E0000FFFFFFFFFFFFFFFFFFFFFFFFFFFFFFFFFFFFFFFFFFFFFFFFFFFFFFFFFFFFFFFF92
:206E2000FFFFFFFFFFFFFFFFFFFFFFFFFFFFFFFFFFFFFFFFFFFFFFFFFFFFFFFFFFFFFFFF72
:206E4000FFFFFFFFFFFFFFFFFFFFFFFFFFFFFFFFFFFFFFFFFFFFFFFFFFFFFFFFFFFFFFFF52
:206E6000FFFFFFFFFFFFFFFFFFFFFFFFFFFFFFFFFFFFFFFFFFFFFFFFFFFFFFFFFFFFFFFF32
:206E8000FFFFFFFFFFFFFFFFFFFFFFFFFFFFFFFFFFFFFFFFFFFFFFFFFFFFFFFFFFFFFFFF12
:206EA000FFFFFFFFFFFFFFFFFFFFFFFFFFFFFFFFFFFFFFFFFFFFFFFFFFFFFFFFFFFFFFFFF2
:206EC000FFFFFFFFFFFFFFFFFFFFFFFFFFFFFFFFFFFFFFFFFFFFFFFFFFFFFFFFFFFFFFFFD2
:206EE000FFFFFFFFFFFFFFFFFFFFFFFFFFFFFFFFFFFFFFFFFFFFFFFFFFFFFFFFFFFFFFFFB2
:206F0000FFFFFFFFFFFFFFFFFFFFFFFFFFFFFFFFFFFFFFFFFFFFFFFFFFFFFFFFFFFFFFFF91
:206F2000FFFFFFFFFFFFFFFFFFFFFFFFFFFFFFFFFFFFFFFFFFFFFFFFFFFFFFFFFFFFFFFF71
:206F4000FFFFFFFFFFFFFFFFFFFFFFFFFFFFFFFFFFFFFFFFFFFFFFFFFFFFFFFFFFFFFFFF51
:206F6000FFFFFFFFFFFFFFFFFFFFFFFFFFFFFFFFFFFFFFFFFFFFFFFFFFFFFFFFFFFFFFFF31
:206F8000FFFFFFFFFFFFFFFFFFFFFFFFFFFFFFFFFFFFFFFFFFFFFFFFFFFFFFFFFFFFFFFF11
:206FA000FFFFFFFFFFFFFFFFFFFFFFFFFFFFFFFFFFFFFFFFFFFFFFFFFFFFFFFFFFFFFFFFF1
:206FC000FFFFFFFFFFFFFFFFFFFFFFFFFFFFFFFFFFFFFFFFFFFFFFFFFFFFFFFFFFFFFFFFD1
:206FE000FFFFFFFFFFFFFFFFFFFFFFFFFFFFFFFFFFFFFFFFFFFFFFFFFFFFFFFFFFFFFFFFB1
:20700000FFFFFFFFFFFFFFFFFFFFFFFFFFFFFFFFFFFFFFFFFFFFFFFFFFFFFFFFFFFFFFFF90
:20702000FFFFFFFFFFFFFFFFFFFFFFFFFFFFFFFFFFFFFFFFFFFFFFFFFFFFFFFFFFFFFFFF70
:20704000FFFFFFFFFFFFFFFFFFFFFFFFFFFFFFFFFFFFFFFFFFFFFFFFFFFFFFFFFFFFFFFF50
:20706000FFFFFFFFFFFFFFFFFFFFFFFFFFFFFFFFFFFFFFFFFFFFFFFFFFFFFFFFFFFFFFFF30
:20708000FFFFFFFFFFFFFFFFFFFFFFFFFFFFFFFFFFFFFFFFFFFFFFFFFFFFFFFFFFFFFFFF10
:2070A000FFFFFFFFFFFFFFFFFFFFFFFFFFFFFFFFFFFFFFFFFFFFFFFFFFFFFFFFFFFFFFFFF0
:2070C000FFFFFFFFFFFFFFFFFFFFFFFFFFFFFFFFFFFFFFFFFFFFFFFFFFFFFFFFFFFFFFFFD0
:2070E000FFFFFFFFFFFFFFFFFFFFFFFFFFFFFFFFFFFFFFFFFFFFFFFFFFFFFFFFFFFFFFFFB0
:20710000FFFFFFFFFFFFFFFFFFFFFFFFFFFFFFFFFFFFFFFFFFFFFFFFFFFFFFFFFFFFFFFF8F
:20712000FFFFFFFFFFFFFFFFFFFFFFFFFFFFFFFFFFFFFFFFFFFFFFFFFFFFFFFFFFFFFFFF6F
:20714000FFFFFFFFFFFFFFFFFFFFFFFFFFFFFFFFFFFFFFFFFFFFFFFFFFFFFFFFFFFFFFFF4F
:20716000FFFFFFFFFFFFFFFFFFFFFFFFFFFFFFFFFFFFFFFFFFFFFFFFFFFFFFFFFFFFFFFF2F
:20718000FFFFFFFFFFFFFFFFFFFFFFFFFFFFFFFFFFFFFFFFFFFFFFFFFFFFFFFFFFFFFFFF0F
:2071A000FFFFFFFFFFFFFFFFFFFFFFFFFFFFFFFFFFFFFFFFFFFFFFFFFFFFFFFFFFFFFFFFEF
:2071C000FFFFFFFFFFFFFFFFFFFFFFFFFFFFFFFFFFFFFFFFFFFFFFFFFFFFFFFFFFFFFFFFCF
:2071E000FFFFFFFFFFFFFFFFFFFFFFFFFFFFFFFFFFFFFFFFFFFFFFFFFFFFFFFFFFFFFFFFAF
:20720000FFFFFFFFFFFFFFFFFFFFFFFFFFFFFFFFFFFFFFFFFFFFFFFFFFFFFFFFFFFFFFFF8E
:20722000FFFFFFFFFFFFFFFFFFFFFFFFFFFFFFFFFFFFFFFFFFFFFFFFFFFFFFFFFFFFFFFF6E
:20724000FFFFFFFFFFFFFFFFFFFFFFFFFFFFFFFFFFFFFFFFFFFFFFFFFFFFFFFFFFFFFFFF4E
:20726000FFFFFFFFFFFFFFFFFFFFFFFFFFFFFFFFFFFFFFFFFFFFFFFFFFFFFFFFFFFFFFFF2E
:20728000FFFFFFFFFFFFFFFFFFFFFFFFFFFFFFFFFFFFFFFFFFFFFFFFFFFFFFFFFFFFFFFF0E
:2072A000FFFFFFFFFFFFFFFFFFFFFFFFFFFFFFFFFFFFFFFFFFFFFFFFFFFFFFFFFFFFFFFFEE
:2072C000FFFFFFFFFFFFFFFFFFFFFFFFFFFFFFFFFFFFFFFFFFFFFFFFFFFFFFFFFFFFFFFFCE
:2072E000FFFFFFFFFFFFFFFFFFFFFFFFFFFFFFFFFFFFFFFFFFFFFFFFFFFFFFFFFFFFFFFFAE
:20730000FFFFFFFFFFFFFFFFFFFFFFFFFFFFFFFFFFFFFFFFFFFFFFFFFFFFFFFFFFFFFFFF8D
:20732000FFFFFFFFFFFFFFFFFFFFFFFFFFFFFFFFFFFFFFFFFFFFFFFFFFFFFFFFFFFFFFFF6D
:20734000FFFFFFFFFFFFFFFFFFFFFFFFFFFFFFFFFFFFFFFFFFFFFFFFFFFFFFFFFFFFFFFF4D
:20736000FFFFFFFFFFFFFFFFFFFFFFFFFFFFFFFFFFFFFFFFFFFFFFFFFFFFFFFFFFFFFFFF2D
:20738000FFFFFFFFFFFFFFFFFFFFFFFFFFFFFFFFFFFFFFFFFFFFFFFFFFFFFFFFFFFFFFFF0D
:2073A000FFFFFFFFFFFFFFFFFFFFFFFFFFFFFFFFFFFFFFFFFFFFFFFFFFFFFFFFFFFFFFFFED
:2073C000FFFFFFFFFFFFFFFFFFFFFFFFFFFFFFFFFFFFFFFFFFFFFFFFFFFFFFFFFFFFFFFFCD
:2073E000FFFFFFFFFFFFFFFFFFFFFFFFFFFFFFFFFFFFFFFFFFFFFFFFFFFFFFFFFFFFFFFFAD
:20740000FFFFFFFFFFFFFFFFFFFFFFFFFFFFFFFFFFFFFFFFFFFFFFFFFFFFFFFFFFFFFFFF8C
:20742000FFFFFFFFFFFFFFFFFFFFFFFFFFFFFFFFFFFFFFFFFFFFFFFFFFFFFFFFFFFFFFFF6C
:20744000FFFFFFFFFFFFFFFFFFFFFFFFFFFFFFFFFFFFFFFFFFFFFFFFFFFFFFFFFFFFFFFF4C
:20746000FFFFFFFFFFFFFFFFFFFFFFFFFFFFFFFFFFFFFFFFFFFFFFFFFFFFFFFFFFFFFFFF2C
:20748000FFFFFFFFFFFFFFFFFFFFFFFFFFFFFFFFFFFFFFFFFFFFFFFFFFFFFFFFFFFFFFFF0C
:2074A000FFFFFFFFFFFFFFFFFFFFFFFFFFFFFFFFFFFFFFFFFFFFFFFFFFFFFFFFFFFFFFFFEC
:2074C000FFFFFFFFFFFFFFFFFFFFFFFFFFFFFFFFFFFFFFFFFFFFFFFFFFFFFFFFFFFFFFFFCC
:2074E000FFFFFFFFFFFFFFFFFFFFFFFFFFFFFFFFFFFFFFFFFFFFFFFFFFFFFFFFFFFFFFFFAC
:20750000FFFFFFFFFFFFFFFFFFFFFFFFFFFFFFFFFFFFFFFFFFFFFFFFFFFFFFFFFFFFFFFF8B
:20752000FFFFFFFFFFFFFFFFFFFFFFFFFFFFFFFFFFFFFFFFFFFFFFFFFFFFFFFFFFFFFFFF6B
:20754000FFFFFFFFFFFFFFFFFFFFFFFFFFFFFFFFFFFFFFFFFFFFFFFFFFFFFFFFFFFFFFFF4B
:20756000FFFFFFFFFFFFFFFFFFFFFFFFFFFFFFFFFFFFFFFFFFFFFFFFFFFFFFFFFFFFFFFF2B
:20758000FFFFFFFFFFFFFFFFFFFFFFFFFFFFFFFFFFFFFFFFFFFFFFFFFFFFFFFFFFFFFFFF0B
:2075A000FFFFFFFFFFFFFFFFFFFFFFFFFFFFFFFFFFFFFFFFFFFFFFFFFFFFFFFFFFFFFFFFEB
:2075C000FFFFFFFFFFFFFFFFFFFFFFFFFFFFFFFFFFFFFFFFFFFFFFFFFFFFFFFFFFFFFFFFCB
:2075E000FFFFFFFFFFFFFFFFFFFFFFFFFFFFFFFFFFFFFFFFFFFFFFFFFFFFFFFFFFFFFFFFAB
:20760000FFFFFFFFFFFFFFFFFFFFFFFFFFFFFFFFFFFFFFFFFFFFFFFFFFFFFFFFFFFFFFFF8A
:20762000FFFFFFFFFFFFFFFFFFFFFFFFFFFFFFFFFFFFFFFFFFFFFFFFFFFFFFFFFFFFFFFF6A
:20764000FFFFFFFFFFFFFFFFFFFFFFFFFFFFFFFFFFFFFFFFFFFFFFFFFFFFFFFFFFFFFFFF4A
:20766000FFFFFFFFFFFFFFFFFFFFFFFFFFFFFFFFFFFFFFFFFFFFFFFFFFFFFFFFFFFFFFFF2A
:20768000FFFFFFFFFFFFFFFFFFFFFFFFFFFFFFFFFFFFFFFFFFFFFFFFFFFFFFFFFFFFFFFF0A
:2076A000FFFFFFFFFFFFFFFFFFFFFFFFFFFFFFFFFFFFFFFFFFFFFFFFFFFFFFFFFFFFFFFFEA
:2076C000FFFFFFFFFFFFFFFFFFFFFFFFFFFFFFFFFFFFFFFFFFFFFFFFFFFFFFFFFFFFFFFFCA
:2076E000FFFFFFFFFFFFFFFFFFFFFFFFFFFFFFFFFFFFFFFFFFFFFFFFFFFFFFFFFFFFFFFFAA
:20770000FFFFFFFFFFFFFFFFFFFFFFFFFFFFFFFFFFFFFFFFFFFFFFFFFFFFFFFFFFFFFFFF89
:20772000FFFFFFFFFFFFFFFFFFFFFFFFFFFFFFFFFFFFFFFFFFFFFFFFFFFFFFFFFFFFFFFF69
:20774000FFFFFFFFFFFFFFFFFFFFFFFFFFFFFFFFFFFFFFFFFFFFFFFFFFFFFFFFFFFFFFFF49
:20776000FFFFFFFFFFFFFFFFFFFFFFFFFFFFFFFFFFFFFFFFFFFFFFFFFFFFFFFFFFFFFFFF29
:20778000FFFFFFFFFFFFFFFFFFFFFFFFFFFFFFFFFFFFFFFFFFFFFFFFFFFFFFFFFFFFFFFF09
:2077A000FFFFFFFFFFFFFFFFFFFFFFFFFFFFFFFFFFFFFFFFFFFFFFFFFFFFFFFFFFFFFFFFE9
:2077C000FFFFFFFFFFFFFFFFFFFFFFFFFFFFFFFFFFFFFFFFFFFFFFFFFFFFFFFFFFFFFFFFC9
:2077E000FFFFFFFFFFFFFFFFFFFFFFFFFFFFFFFFFFFFFFFFFFFFFFFFFFFFFFFFFFFFFFFFA9
:20780000FFFFFFFFFFFFFFFFFFFFFFFFFFFFFFFFFFFFFFFFFFFFFFFFFFFFFFFFFFFFFFFF88
:20782000FFFFFFFFFFFFFFFFFFFFFFFFFFFFFFFFFFFFFFFFFFFFFFFFFFFFFFFFFFFFFFFF68
:20784000FFFFFFFFFFFFFFFFFFFFFFFFFFFFFFFFFFFFFFFFFFFFFFFFFFFFFFFFFFFFFFFF48
:20786000FFFFFFFFFFFFFFFFFFFFFFFFFFFFFFFFFFFFFFFFFFFFFFFFFFFFFFFFFFFFFFFF28
:20788000FFFFFFFFFFFFFFFFFFFFFFFFFFFFFFFFFFFFFFFFFFFFFFFFFFFFFFFFFFFFFFFF08
:2078A000FFFFFFFFFFFFFFFFFFFFFFFFFFFFFFFFFFFFFFFFFFFFFFFFFFFFFFFFFFFFFFFFE8
:2078C000FFFFFFFFFFFFFFFFFFFFFFFFFFFFFFFFFFFFFFFFFFFFFFFFFFFFFFFFFFFFFFFFC8
:2078E000FFFFFFFFFFFFFFFFFFFFFFFFFFFFFFFFFFFFFFFFFFFFFFFFFFFFFFFFFFFFFFFFA8
:20790000FFFFFFFFFFFFFFFFFFFFFFFFFFFFFFFFFFFFFFFFFFFFFFFFFFFFFFFFFFFFFFFF87
:20792000FFFFFFFFFFFFFFFFFFFFFFFFFFFFFFFFFFFFFFFFFFFFFFFFFFFFFFFFFFFFFFFF67
:20794000FFFFFFFFFFFFFFFFFFFFFFFFFFFFFFFFFFFFFFFFFFFFFFFFFFFFFFFFFFFFFFFF47
:20796000FFFFFFFFFFFFFFFFFFFFFFFFFFFFFFFFFFFFFFFFFFFFFFFFFFFFFFFFFFFFFFFF27
:20798000FFFFFFFFFFFFFFFFFFFFFFFFFFFFFFFFFFFFFFFFFFFFFFFFFFFFFFFFFFFFFFFF07
:2079A000FFFFFFFFFFFFFFFFFFFFFFFFFFFFFFFFFFFFFFFFFFFFFFFFFFFFFFFFFFFFFFFFE7
:2079C000FFFFFFFFFFFFFFFFFFFFFFFFFFFFFFFFFFFFFFFFFFFFFFFFFFFFFFFFFFFFFFFFC7
:2079E000FFFFFFFFFFFFFFFFFFFFFFFFFFFFFFFFFFFFFFFFFFFFFFFFFFFFFFFFFFFFFFFFA7
:207A0000FFFFFFFFFFFFFFFFFFFFFFFFFFFFFFFFFFFFFFFFFFFFFFFFFFFFFFFFFFFFFFFF86
:207A2000FFFFFFFFFFFFFFFFFFFFFFFFFFFFFFFFFFFFFFFFFFFFFFFFFFFFFFFFFFFFFFFF66
:207A4000FFFFFFFFFFFFFFFFFFFFFFFFFFFFFFFFFFFFFFFFFFFFFFFFFFFFFFFFFFFFFFFF46
:207A6000FFFFFFFFFFFFFFFFFFFFFFFFFFFFFFFFFFFFFFFFFFFFFFFFFFFFFFFFFFFFFFFF26
:207A8000FFFFFFFFFFFFFFFFFFFFFFFFFFFFFFFFFFFFFFFFFFFFFFFFFFFFFFFFFFFFFFFF06
:207AA000FFFFFFFFFFFFFFFFFFFFFFFFFFFFFFFFFFFFFFFFFFFFFFFFFFFFFFFFFFFFFFFFE6
:207AC000FFFFFFFFFFFFFFFFFFFFFFFFFFFFFFFFFFFFFFFFFFFFFFFFFFFFFFFFFFFFFFFFC6
:207AE000FFFFFFFFFFFFFFFFFFFFFFFFFFFFFFFFFFFFFFFFFFFFFFFFFFFFFFFFFFFFFFFFA6
:207B0000FFFFFFFFFFFFFFFFFFFFFFFFFFFFFFFFFFFFFFFFFFFFFFFFFFFFFFFFFFFFFFFF85
:207B2000FFFFFFFFFFFFFFFFFFFFFFFFFFFFFFFFFFFFFFFFFFFFFFFFFFFFFFFFFFFFFFFF65
:207B4000FFFFFFFFFFFFFFFFFFFFFFFFFFFFFFFFFFFFFFFFFFFFFFFFFFFFFFFFFFFFFFFF45
:207B6000FFFFFFFFFFFFFFFFFFFFFFFFFFFFFFFFFFFFFFFFFFFFFFFFFFFFFFFFFFFFFFFF25
:207B8000FFFFFFFFFFFFFFFFFFFFFFFFFFFFFFFFFFFFFFFFFFFFFFFFFFFFFFFFFFFFFFFF05
:207BA000FFFFFFFFFFFFFFFFFFFFFFFFFFFFFFFFFFFFFFFFFFFFFFFFFFFFFFFFFFFFFFFFE5
:207BC000FFFFFFFFFFFFFFFFFFFFFFFFFFFFFFFFFFFFFFFFFFFFFFFFFFFFFFFFFFFFFFFFC5
:207BE000FFFFFFFFFFFFFFFFFFFFFFFFFFFFFFFFFFFFFFFFFFFFFFFFFFFFFFFFFFFFFFFFA5
:207C0000FFFFFFFFFFFFFFFFFFFFFFFFFFFFFFFFFFFFFFFFFFFFFFFFFFFFFFFFFFFFFFFF84
:207C2000FFFFFFFFFFFFFFFFFFFFFFFFFFFFFFFFFFFFFFFFFFFFFFFFFFFFFFFFFFFFFFFF64
:207C4000FFFFFFFFFFFFFFFFFFFFFFFFFFFFFFFFFFFFFFFFFFFFFFFFFFFFFFFFFFFFFFFF44
:207C6000FFFFFFFFFFFFFFFFFFFFFFFFFFFFFFFFFFFFFFFFFFFFFFFFFFFFFFFFFFFFFFFF24
:207C8000FFFFFFFFFFFFFFFFFFFFFFFFFFFFFFFFFFFFFFFFFFFFFFFFFFFFFFFFFFFFFFFF04
:207CA000FFFFFFFFFFFFFFFFFFFFFFFFFFFFFFFFFFFFFFFFFFFFFFFFFFFFFFFFFFFFFFFFE4
:207CC000FFFFFFFFFFFFFFFFFFFFFFFFFFFFFFFFFFFFFFFFFFFFFFFFFFFFFFFFFFFFFFFFC4
:207CE000FFFFFFFFFFFFFFFFFFFFFFFFFFFFFFFFFFFFFFFFFFFFFFFFFFFFFFFFFFFFFFFFA4
:207D0000FFFFFFFFFFFFFFFFFFFFFFFFFFFFFFFFFFFFFFFFFFFFFFFFFFFFFFFFFFFFFFFF83
:207D2000FFFFFFFFFFFFFFFFFFFFFFFFFFFFFFFFFFFFFFFFFFFFFFFFFFFFFFFFFFFFFFFF63
:207D4000FFFFFFFFFFFFFFFFFFFFFFFFFFFFFFFFFFFFFFFFFFFFFFFFFFFFFFFFFFFFFFFF43
:207D6000FFFFFFFFFFFFFFFFFFFFFFFFFFFFFFFFFFFFFFFFFFFFFFFFFFFFFFFFFFFFFFFF23
:207D8000FFFFFFFFFFFFFFFFFFFFFFFFFFFFFFFFFFFFFFFFFFFFFFFFFFFFFFFFFFFFFFFF03
:207DA000FFFFFFFFFFFFFFFFFFFFFFFFFFFFFFFFFFFFFFFFFFFFFFFFFFFFFFFFFFFFFFFFE3
:207DC000FFFFFFFFFFFFFFFFFFFFFFFFFFFFFFFFFFFFFFFFFFFFFFFFFFFFFFFFFFFFFFFFC3
:207DE000FFFFFFFFFFFFFFFFFFFFFFFFFFFFFFFFFFFFFFFFFFFFFFFFFFFFFFFFFFFFFFFFA3
:207E0000FFFFFFFFFFFFFFFFFFFFFFFFFFFFFFFFFFFFFFFFFFFFFFFFFFFFFFFFFFFFFFFF82
:207E2000FFFFFFFFFFFFFFFFFFFFFFFFFFFFFFFFFFFFFFFFFFFFFFFFFFFFFFFFFFFFFFFF62
:207E4000FFFFFFFFFFFFFFFFFFFFFFFFFFFFFFFFFFFFFFFFFFFFFFFFFFFFFFFFFFFFFFFF42
:207E6000FFFFFFFFFFFFFFFFFFFFFFFFFFFFFFFFFFFFFFFFFFFFFFFFFFFFFFFFFFFFFFFF22
:207E8000FFFFFFFFFFFFFFFFFFFFFFFFFFFFFFFFFFFFFFFFFFFFFFFFFFFFFFFFFFFFFFFF02
:207EA000FFFFFFFFFFFFFFFFFFFFFFFFFFFFFFFFFFFFFFFFFFFFFFFFFFFFFFFFFFFFFFFFE2
:207EC000FFFFFFFFFFFFFFFFFFFFFFFFFFFFFFFFFFFFFFFFFFFFFFFFFFFFFFFFFFFFFFFFC2
:207EE000FFFFFFFFFFFFFFFFFFFFFFFFFFFFFFFFFFFFFFFFFFFFFFFFFFFFFFFFFFFFFFFFA2
:207F0000FFFFFFFFFFFFFFFFFFFFFFFFFFFFFFFFFFFFFFFFFFFFFFFFFFFFFFFFFFFFFFFF81
:207F2000FFFFFFFFFFFFFFFFFFFFFFFFFFFFFFFFFFFFFFFFFFFFFFFFFFFFFFFFFFFFFFFF61
:207F4000FFFFFFFFFFFFFFFFFFFFFFFFFFFFFFFFFFFFFFFFFFFFFFFFFFFFFFFFFFFFFFFF41
:207F6000FFFFFFFFFFFFFFFFFFFFFFFFFFFFFFFFFFFFFFFFFFFFFFFFFFFFFFFFFFFFFFFF21
:207F8000FFFFFFFFFFFFFFFFFFFFFFFFFFFFFFFFFFFFFFFFFFFFFFFFFFFFFFFFFFFFFFFF01
:207FA000FFFFFFFFFFFFFFFFFFFFFFFFFFFFFFFFFFFFFFFFFFFFFFFFFFFFFFFFFFFFFFFFE1
:207FC000FFFFFFFFFFFFFFFFFFFFFFFFFFFFFFFFFFFFFFFFFFFFFFFFFFFFFFFFFFFFFFFFC1
:207FE000FFFFFFFFFFFFFFFFFFFFFFFFFFFFFFFFFFFFFFFFFFFFFFFFFFFFFFFFFFFFFFFFA1
:20800000FFFFFFFFFFFFFFFFFFFFFFFFFFFFFFFFFFFFFFFFFFFFFFFFFFFFFFFFFFFFFFFF80
:20802000FFFFFFFFFFFFFFFFFFFFFFFFFFFFFFFFFFFFFFFFFFFFFFFFFFFFFFFFFFFFFFFF60
:20804000FFFFFFFFFFFFFFFFFFFFFFFFFFFFFFFFFFFFFFFFFFFFFFFFFFFFFFFFFFFFFFFF40
:20806000FFFFFFFFFFFFFFFFFFFFFFFFFFFFFFFFFFFFFFFFFFFFFFFFFFFFFFFFFFFFFFFF20
:20808000FFFFFFFFFFFFFFFFFFFFFFFFFFFFFFFFFFFFFFFFFFFFFFFFFFFFFFFFFFFFFFFF00
:2080A000FFFFFFFFFFFFFFFFFFFFFFFFFFFFFFFFFFFFFFFFFFFFFFFFFFFFFFFFFFFFFFFFE0
:2080C000FFFFFFFFFFFFFFFFFFFFFFFFFFFFFFFFFFFFFFFFFFFFFFFFFFFFFFFFFFFFFFFFC0
:2080E000FFFFFFFFFFFFFFFFFFFFFFFFFFFFFFFFFFFFFFFFFFFFFFFFFFFFFFFFFFFFFFFFA0
:20810000FFFFFFFFFFFFFFFFFFFFFFFFFFFFFFFFFFFFFFFFFFFFFFFFFFFFFFFFFFFFFFFF7F
:20812000FFFFFFFFFFFFFFFFFFFFFFFFFFFFFFFFFFFFFFFFFFFFFFFFFFFFFFFFFFFFFFFF5F
:20814000FFFFFFFFFFFFFFFFFFFFFFFFFFFFFFFFFFFFFFFFFFFFFFFFFFFFFFFFFFFFFFFF3F
:20816000FFFFFFFFFFFFFFFFFFFFFFFFFFFFFFFFFFFFFFFFFFFFFFFFFFFFFFFFFFFFFFFF1F
:20818000FFFFFFFFFFFFFFFFFFFFFFFFFFFFFFFFFFFFFFFFFFFFFFFFFFFFFFFFFFFFFFFFFF
:2081A000FFFFFFFFFFFFFFFFFFFFFFFFFFFFFFFFFFFFFFFFFFFFFFFFFFFFFFFFFFFFFFFFDF
:2081C000FFFFFFFFFFFFFFFFFFFFFFFFFFFFFFFFFFFFFFFFFFFFFFFFFFFFFFFFFFFFFFFFBF
:2081E000FFFFFFFFFFFFFFFFFFFFFFFFFFFFFFFFFFFFFFFFFFFFFFFFFFFFFFFFFFFFFFFF9F
:20820000FFFFFFFFFFFFFFFFFFFFFFFFFFFFFFFFFFFFFFFFFFFFFFFFFFFFFFFFFFFFFFFF7E
:20822000FFFFFFFFFFFFFFFFFFFFFFFFFFFFFFFFFFFFFFFFFFFFFFFFFFFFFFFFFFFFFFFF5E
:20824000FFFFFFFFFFFFFFFFFFFFFFFFFFFFFFFFFFFFFFFFFFFFFFFFFFFFFFFFFFFFFFFF3E
:20826000FFFFFFFFFFFFFFFFFFFFFFFFFFFFFFFFFFFFFFFFFFFFFFFFFFFFFFFFFFFFFFFF1E
:20828000FFFFFFFFFFFFFFFFFFFFFFFFFFFFFFFFFFFFFFFFFFFFFFFFFFFFFFFFFFFFFFFFFE
:2082A000FFFFFFFFFFFFFFFFFFFFFFFFFFFFFFFFFFFFFFFFFFFFFFFFFFFFFFFFFFFFFFFFDE
:2082C000FFFFFFFFFFFFFFFFFFFFFFFFFFFFFFFFFFFFFFFFFFFFFFFFFFFFFFFFFFFFFFFFBE
:2082E000FFFFFFFFFFFFFFFFFFFFFFFFFFFFFFFFFFFFFFFFFFFFFFFFFFFFFFFFFFFFFFFF9E
:20830000FFFFFFFFFFFFFFFFFFFFFFFFFFFFFFFFFFFFFFFFFFFFFFFFFFFFFFFFFFFFFFFF7D
:20832000FFFFFFFFFFFFFFFFFFFFFFFFFFFFFFFFFFFFFFFFFFFFFFFFFFFFFFFFFFFFFFFF5D
:20834000FFFFFFFFFFFFFFFFFFFFFFFFFFFFFFFFFFFFFFFFFFFFFFFFFFFFFFFFFFFFFFFF3D
:20836000FFFFFFFFFFFFFFFFFFFFFFFFFFFFFFFFFFFFFFFFFFFFFFFFFFFFFFFFFFFFFFFF1D
:20838000FFFFFFFFFFFFFFFFFFFFFFFFFFFFFFFFFFFFFFFFFFFFFFFFFFFFFFFFFFFFFFFFFD
:2083A000FFFFFFFFFFFFFFFFFFFFFFFFFFFFFFFFFFFFFFFFFFFFFFFFFFFFFFFFFFFFFFFFDD
:2083C000FFFFFFFFFFFFFFFFFFFFFFFFFFFFFFFFFFFFFFFFFFFFFFFFFFFFFFFFFFFFFFFFBD
:2083E000FFFFFFFFFFFFFFFFFFFFFFFFFFFFFFFFFFFFFFFFFFFFFFFFFFFFFFFFFFFFFFFF9D
:20840000FFFFFFFFFFFFFFFFFFFFFFFFFFFFFFFFFFFFFFFFFFFFFFFFFFFFFFFFFFFFFFFF7C
:20842000FFFFFFFFFFFFFFFFFFFFFFFFFFFFFFFFFFFFFFFFFFFFFFFFFFFFFFFFFFFFFFFF5C
:20844000FFFFFFFFFFFFFFFFFFFFFFFFFFFFFFFFFFFFFFFFFFFFFFFFFFFFFFFFFFFFFFFF3C
:20846000FFFFFFFFFFFFFFFFFFFFFFFFFFFFFFFFFFFFFFFFFFFFFFFFFFFFFFFFFFFFFFFF1C
:20848000FFFFFFFFFFFFFFFFFFFFFFFFFFFFFFFFFFFFFFFFFFFFFFFFFFFFFFFFFFFFFFFFFC
:2084A000FFFFFFFFFFFFFFFFFFFFFFFFFFFFFFFFFFFFFFFFFFFFFFFFFFFFFFFFFFFFFFFFDC
:2084C000FFFFFFFFFFFFFFFFFFFFFFFFFFFFFFFFFFFFFFFFFFFFFFFFFFFFFFFFFFFFFFFFBC
:2084E000FFFFFFFFFFFFFFFFFFFFFFFFFFFFFFFFFFFFFFFFFFFFFFFFFFFFFFFFFFFFFFFF9C
:20850000FFFFFFFFFFFFFFFFFFFFFFFFFFFFFFFFFFFFFFFFFFFFFFFFFFFFFFFFFFFFFFFF7B
:20852000FFFFFFFFFFFFFFFFFFFFFFFFFFFFFFFFFFFFFFFFFFFFFFFFFFFFFFFFFFFFFFFF5B
:20854000FFFFFFFFFFFFFFFFFFFFFFFFFFFFFFFFFFFFFFFFFFFFFFFFFFFFFFFFFFFFFFFF3B
:20856000FFFFFFFFFFFFFFFFFFFFFFFFFFFFFFFFFFFFFFFFFFFFFFFFFFFFFFFFFFFFFFFF1B
:20858000FFFFFFFFFFFFFFFFFFFFFFFFFFFFFFFFFFFFFFFFFFFFFFFFFFFFFFFFFFFFFFFFFB
:2085A000FFFFFFFFFFFFFFFFFFFFFFFFFFFFFFFFFFFFFFFFFFFFFFFFFFFFFFFFFFFFFFFFDB
:2085C000FFFFFFFFFFFFFFFFFFFFFFFFFFFFFFFFFFFFFFFFFFFFFFFFFFFFFFFFFFFFFFFFBB
:2085E000FFFFFFFFFFFFFFFFFFFFFFFFFFFFFFFFFFFFFFFFFFFFFFFFFFFFFFFFFFFFFFFF9B
:20860000FFFFFFFFFFFFFFFFFFFFFFFFFFFFFFFFFFFFFFFFFFFFFFFFFFFFFFFFFFFFFFFF7A
:20862000FFFFFFFFFFFFFFFFFFFFFFFFFFFFFFFFFFFFFFFFFFFFFFFFFFFFFFFFFFFFFFFF5A
:20864000FFFFFFFFFFFFFFFFFFFFFFFFFFFFFFFFFFFFFFFFFFFFFFFFFFFFFFFFFFFFFFFF3A
:20866000FFFFFFFFFFFFFFFFFFFFFFFFFFFFFFFFFFFFFFFFFFFFFFFFFFFFFFFFFFFFFFFF1A
:20868000FFFFFFFFFFFFFFFFFFFFFFFFFFFFFFFFFFFFFFFFFFFFFFFFFFFFFFFFFFFFFFFFFA
:2086A000FFFFFFFFFFFFFFFFFFFFFFFFFFFFFFFFFFFFFFFFFFFFFFFFFFFFFFFFFFFFFFFFDA
:2086C000FFFFFFFFFFFFFFFFFFFFFFFFFFFFFFFFFFFFFFFFFFFFFFFFFFFFFFFFFFFFFFFFBA
:2086E000FFFFFFFFFFFFFFFFFFFFFFFFFFFFFFFFFFFFFFFFFFFFFFFFFFFFFFFFFFFFFFFF9A
:20870000FFFFFFFFFFFFFFFFFFFFFFFFFFFFFFFFFFFFFFFFFFFFFFFFFFFFFFFFFFFFFFFF79
:20872000FFFFFFFFFFFFFFFFFFFFFFFFFFFFFFFFFFFFFFFFFFFFFFFFFFFFFFFFFFFFFFFF59
:20874000FFFFFFFFFFFFFFFFFFFFFFFFFFFFFFFFFFFFFFFFFFFFFFFFFFFFFFFFFFFFFFFF39
:20876000FFFFFFFFFFFFFFFFFFFFFFFFFFFFFFFFFFFFFFFFFFFFFFFFFFFFFFFFFFFFFFFF19
:20878000FFFFFFFFFFFFFFFFFFFFFFFFFFFFFFFFFFFFFFFFFFFFFFFFFFFFFFFFFFFFFFFFF9
:2087A000FFFFFFFFFFFFFFFFFFFFFFFFFFFFFFFFFFFFFFFFFFFFFFFFFFFFFFFFFFFFFFFFD9
:2087C000FFFFFFFFFFFFFFFFFFFFFFFFFFFFFFFFFFFFFFFFFFFFFFFFFFFFFFFFFFFFFFFFB9
:2087E000FFFFFFFFFFFFFFFFFFFFFFFFFFFFFFFFFFFFFFFFFFFFFFFFFFFFFFFFFFFFFFFF99
:20880000FFFFFFFFFFFFFFFFFFFFFFFFFFFFFFFFFFFFFFFFFFFFFFFFFFFFFFFFFFFFFFFF78
:20882000FFFFFFFFFFFFFFFFFFFFFFFFFFFFFFFFFFFFFFFFFFFFFFFFFFFFFFFFFFFFFFFF58
:20884000FFFFFFFFFFFFFFFFFFFFFFFFFFFFFFFFFFFFFFFFFFFFFFFFFFFFFFFFFFFFFFFF38
:20886000FFFFFFFFFFFFFFFFFFFFFFFFFFFFFFFFFFFFFFFFFFFFFFFFFFFFFFFFFFFFFFFF18
:20888000FFFFFFFFFFFFFFFFFFFFFFFFFFFFFFFFFFFFFFFFFFFFFFFFFFFFFFFFFFFFFFFFF8
:2088A000FFFFFFFFFFFFFFFFFFFFFFFFFFFFFFFFFFFFFFFFFFFFFFFFFFFFFFFFFFFFFFFFD8
:2088C000FFFFFFFFFFFFFFFFFFFFFFFFFFFFFFFFFFFFFFFFFFFFFFFFFFFFFFFFFFFFFFFFB8
:2088E000FFFFFFFFFFFFFFFFFFFFFFFFFFFFFFFFFFFFFFFFFFFFFFFFFFFFFFFFFFFFFFFF98
:20890000FFFFFFFFFFFFFFFFFFFFFFFFFFFFFFFFFFFFFFFFFFFFFFFFFFFFFFFFFFFFFFFF77
:20892000FFFFFFFFFFFFFFFFFFFFFFFFFFFFFFFFFFFFFFFFFFFFFFFFFFFFFFFFFFFFFFFF57
:20894000FFFFFFFFFFFFFFFFFFFFFFFFFFFFFFFFFFFFFFFFFFFFFFFFFFFFFFFFFFFFFFFF37
:20896000FFFFFFFFFFFFFFFFFFFFFFFFFFFFFFFFFFFFFFFFFFFFFFFFFFFFFFFFFFFFFFFF17
:20898000FFFFFFFFFFFFFFFFFFFFFFFFFFFFFFFFFFFFFFFFFFFFFFFFFFFFFFFFFFFFFFFFF7
:2089A000FFFFFFFFFFFFFFFFFFFFFFFFFFFFFFFFFFFFFFFFFFFFFFFFFFFFFFFFFFFFFFFFD7
:2089C000FFFFFFFFFFFFFFFFFFFFFFFFFFFFFFFFFFFFFFFFFFFFFFFFFFFFFFFFFFFFFFFFB7
:2089E000FFFFFFFFFFFFFFFFFFFFFFFFFFFFFFFFFFFFFFFFFFFFFFFFFFFFFFFFFFFFFFFF97
:208A0000FFFFFFFFFFFFFFFFFFFFFFFFFFFFFFFFFFFFFFFFFFFFFFFFFFFFFFFFFFFFFFFF76
:208A2000FFFFFFFFFFFFFFFFFFFFFFFFFFFFFFFFFFFFFFFFFFFFFFFFFFFFFFFFFFFFFFFF56
:208A4000FFFFFFFFFFFFFFFFFFFFFFFFFFFFFFFFFFFFFFFFFFFFFFFFFFFFFFFFFFFFFFFF36
:208A6000FFFFFFFFFFFFFFFFFFFFFFFFFFFFFFFFFFFFFFFFFFFFFFFFFFFFFFFFFFFFFFFF16
:208A8000FFFFFFFFFFFFFFFFFFFFFFFFFFFFFFFFFFFFFFFFFFFFFFFFFFFFFFFFFFFFFFFFF6
:208AA000FFFFFFFFFFFFFFFFFFFFFFFFFFFFFFFFFFFFFFFFFFFFFFFFFFFFFFFFFFFFFFFFD6
:208AC000FFFFFFFFFFFFFFFFFFFFFFFFFFFFFFFFFFFFFFFFFFFFFFFFFFFFFFFFFFFFFFFFB6
:208AE000FFFFFFFFFFFFFFFFFFFFFFFFFFFFFFFFFFFFFFFFFFFFFFFFFFFFFFFFFFFFFFFF96
:208B0000FFFFFFFFFFFFFFFFFFFFFFFFFFFFFFFFFFFFFFFFFFFFFFFFFFFFFFFFFFFFFFFF75
:208B2000FFFFFFFFFFFFFFFFFFFFFFFFFFFFFFFFFFFFFFFFFFFFFFFFFFFFFFFFFFFFFFFF55
:208B4000FFFFFFFFFFFFFFFFFFFFFFFFFFFFFFFFFFFFFFFFFFFFFFFFFFFFFFFFFFFFFFFF35
:208B6000FFFFFFFFFFFFFFFFFFFFFFFFFFFFFFFFFFFFFFFFFFFFFFFFFFFFFFFFFFFFFFFF15
:208B8000FFFFFFFFFFFFFFFFFFFFFFFFFFFFFFFFFFFFFFFFFFFFFFFFFFFFFFFFFFFFFFFFF5
:208BA000FFFFFFFFFFFFFFFFFFFFFFFFFFFFFFFFFFFFFFFFFFFFFFFFFFFFFFFFFFFFFFFFD5
:208BC000FFFFFFFFFFFFFFFFFFFFFFFFFFFFFFFFFFFFFFFFFFFFFFFFFFFFFFFFFFFFFFFFB5
:208BE000FFFFFFFFFFFFFFFFFFFFFFFFFFFFFFFFFFFFFFFFFFFFFFFFFFFFFFFFFFFFFFFF95
:208C0000FFFFFFFFFFFFFFFFFFFFFFFFFFFFFFFFFFFFFFFFFFFFFFFFFFFFFFFFFFFFFFFF74
:208C2000FFFFFFFFFFFFFFFFFFFFFFFFFFFFFFFFFFFFFFFFFFFFFFFFFFFFFFFFFFFFFFFF54
:208C4000FFFFFFFFFFFFFFFFFFFFFFFFFFFFFFFFFFFFFFFFFFFFFFFFFFFFFFFFFFFFFFFF34
:208C6000FFFFFFFFFFFFFFFFFFFFFFFFFFFFFFFFFFFFFFFFFFFFFFFFFFFFFFFFFFFFFFFF14
:208C8000FFFFFFFFFFFFFFFFFFFFFFFFFFFFFFFFFFFFFFFFFFFFFFFFFFFFFFFFFFFFFFFFF4
:208CA000FFFFFFFFFFFFFFFFFFFFFFFFFFFFFFFFFFFFFFFFFFFFFFFFFFFFFFFFFFFFFFFFD4
:208CC000FFFFFFFFFFFFFFFFFFFFFFFFFFFFFFFFFFFFFFFFFFFFFFFFFFFFFFFFFFFFFFFFB4
:208CE000FFFFFFFFFFFFFFFFFFFFFFFFFFFFFFFFFFFFFFFFFFFFFFFFFFFFFFFFFFFFFFFF94
:208D0000FFFFFFFFFFFFFFFFFFFFFFFFFFFFFFFFFFFFFFFFFFFFFFFFFFFFFFFFFFFFFFFF73
:208D2000FFFFFFFFFFFFFFFFFFFFFFFFFFFFFFFFFFFFFFFFFFFFFFFFFFFFFFFFFFFFFFFF53
:208D4000FFFFFFFFFFFFFFFFFFFFFFFFFFFFFFFFFFFFFFFFFFFFFFFFFFFFFFFFFFFFFFFF33
:208D6000FFFFFFFFFFFFFFFFFFFFFFFFFFFFFFFFFFFFFFFFFFFFFFFFFFFFFFFFFFFFFFFF13
:208D8000FFFFFFFFFFFFFFFFFFFFFFFFFFFFFFFFFFFFFFFFFFFFFFFFFFFFFFFFFFFFFFFFF3
:208DA000FFFFFFFFFFFFFFFFFFFFFFFFFFFFFFFFFFFFFFFFFFFFFFFFFFFFFFFFFFFFFFFFD3
:208DC000FFFFFFFFFFFFFFFFFFFFFFFFFFFFFFFFFFFFFFFFFFFFFFFFFFFFFFFFFFFFFFFFB3
:208DE000FFFFFFFFFFFFFFFFFFFFFFFFFFFFFFFFFFFFFFFFFFFFFFFFFFFFFFFFFFFFFFFF93
:208E0000FFFFFFFFFFFFFFFFFFFFFFFFFFFFFFFFFFFFFFFFFFFFFFFFFFFFFFFFFFFFFFFF72
:208E2000FFFFFFFFFFFFFFFFFFFFFFFFFFFFFFFFFFFFFFFFFFFFFFFFFFFFFFFFFFFFFFFF52
:208E4000FFFFFFFFFFFFFFFFFFFFFFFFFFFFFFFFFFFFFFFFFFFFFFFFFFFFFFFFFFFFFFFF32
:208E6000FFFFFFFFFFFFFFFFFFFFFFFFFFFFFFFFFFFFFFFFFFFFFFFFFFFFFFFFFFFFFFFF12
:208E8000FFFFFFFFFFFFFFFFFFFFFFFFFFFFFFFFFFFFFFFFFFFFFFFFFFFFFFFFFFFFFFFFF2
:208EA000FFFFFFFFFFFFFFFFFFFFFFFFFFFFFFFFFFFFFFFFFFFFFFFFFFFFFFFFFFFFFFFFD2
:208EC000FFFFFFFFFFFFFFFFFFFFFFFFFFFFFFFFFFFFFFFFFFFFFFFFFFFFFFFFFFFFFFFFB2
:208EE000FFFFFFFFFFFFFFFFFFFFFFFFFFFFFFFFFFFFFFFFFFFFFFFFFFFFFFFFFFFFFFFF92
:208F0000FFFFFFFFFFFFFFFFFFFFFFFFFFFFFFFFFFFFFFFFFFFFFFFFFFFFFFFFFFFFFFFF71
:208F2000FFFFFFFFFFFFFFFFFFFFFFFFFFFFFFFFFFFFFFFFFFFFFFFFFFFFFFFFFFFFFFFF51
:208F4000FFFFFFFFFFFFFFFFFFFFFFFFFFFFFFFFFFFFFFFFFFFFFFFFFFFFFFFFFFFFFFFF31
:208F6000FFFFFFFFFFFFFFFFFFFFFFFFFFFFFFFFFFFFFFFFFFFFFFFFFFFFFFFFFFFFFFFF11
:208F8000FFFFFFFFFFFFFFFFFFFFFFFFFFFFFFFFFFFFFFFFFFFFFFFFFFFFFFFFFFFFFFFFF1
:208FA000FFFFFFFFFFFFFFFFFFFFFFFFFFFFFFFFFFFFFFFFFFFFFFFFFFFFFFFFFFFFFFFFD1
:208FC000FFFFFFFFFFFFFFFFFFFFFFFFFFFFFFFFFFFFFFFFFFFFFFFFFFFFFFFFFFFFFFFFB1
:208FE000FFFFFFFFFFFFFFFFFFFFFFFFFFFFFFFFFFFFFFFFFFFFFFFFFFFFFFFFFFFFFFFF91
:20900000FFFFFFFFFFFFFFFFFFFFFFFFFFFFFFFFFFFFFFFFFFFFFFFFFFFFFFFFFFFFFFFF70
:20902000FFFFFFFFFFFFFFFFFFFFFFFFFFFFFFFFFFFFFFFFFFFFFFFFFFFFFFFFFFFFFFFF50
:20904000FFFFFFFFFFFFFFFFFFFFFFFFFFFFFFFFFFFFFFFFFFFFFFFFFFFFFFFFFFFFFFFF30
:20906000FFFFFFFFFFFFFFFFFFFFFFFFFFFFFFFFFFFFFFFFFFFFFFFFFFFFFFFFFFFFFFFF10
:20908000FFFFFFFFFFFFFFFFFFFFFFFFFFFFFFFFFFFFFFFFFFFFFFFFFFFFFFFFFFFFFFFFF0
:2090A000FFFFFFFFFFFFFFFFFFFFFFFFFFFFFFFFFFFFFFFFFFFFFFFFFFFFFFFFFFFFFFFFD0
:2090C000FFFFFFFFFFFFFFFFFFFFFFFFFFFFFFFFFFFFFFFFFFFFFFFFFFFFFFFFFFFFFFFFB0
:2090E000FFFFFFFFFFFFFFFFFFFFFFFFFFFFFFFFFFFFFFFFFFFFFFFFFFFFFFFFFFFFFFFF90
:20910000FFFFFFFFFFFFFFFFFFFFFFFFFFFFFFFFFFFFFFFFFFFFFFFFFFFFFFFFFFFFFFFF6F
:20912000FFFFFFFFFFFFFFFFFFFFFFFFFFFFFFFFFFFFFFFFFFFFFFFFFFFFFFFFFFFFFFFF4F
:20914000FFFFFFFFFFFFFFFFFFFFFFFFFFFFFFFFFFFFFFFFFFFFFFFFFFFFFFFFFFFFFFFF2F
:20916000FFFFFFFFFFFFFFFFFFFFFFFFFFFFFFFFFFFFFFFFFFFFFFFFFFFFFFFFFFFFFFFF0F
:20918000FFFFFFFFFFFFFFFFFFFFFFFFFFFFFFFFFFFFFFFFFFFFFFFFFFFFFFFFFFFFFFFFEF
:2091A000FFFFFFFFFFFFFFFFFFFFFFFFFFFFFFFFFFFFFFFFFFFFFFFFFFFFFFFFFFFFFFFFCF
:2091C000FFFFFFFFFFFFFFFFFFFFFFFFFFFFFFFFFFFFFFFFFFFFFFFFFFFFFFFFFFFFFFFFAF
:2091E000FFFFFFFFFFFFFFFFFFFFFFFFFFFFFFFFFFFFFFFFFFFFFFFFFFFFFFFFFFFFFFFF8F
:20920000FFFFFFFFFFFFFFFFFFFFFFFFFFFFFFFFFFFFFFFFFFFFFFFFFFFFFFFFFFFFFFFF6E
:20922000FFFFFFFFFFFFFFFFFFFFFFFFFFFFFFFFFFFFFFFFFFFFFFFFFFFFFFFFFFFFFFFF4E
:20924000FFFFFFFFFFFFFFFFFFFFFFFFFFFFFFFFFFFFFFFFFFFFFFFFFFFFFFFFFFFFFFFF2E
:20926000FFFFFFFFFFFFFFFFFFFFFFFFFFFFFFFFFFFFFFFFFFFFFFFFFFFFFFFFFFFFFFFF0E
:20928000FFFFFFFFFFFFFFFFFFFFFFFFFFFFFFFFFFFFFFFFFFFFFFFFFFFFFFFFFFFFFFFFEE
:2092A000FFFFFFFFFFFFFFFFFFFFFFFFFFFFFFFFFFFFFFFFFFFFFFFFFFFFFFFFFFFFFFFFCE
:2092C000FFFFFFFFFFFFFFFFFFFFFFFFFFFFFFFFFFFFFFFFFFFFFFFFFFFFFFFFFFFFFFFFAE
:2092E000FFFFFFFFFFFFFFFFFFFFFFFFFFFFFFFFFFFFFFFFFFFFFFFFFFFFFFFFFFFFFFFF8E
:20930000FFFFFFFFFFFFFFFFFFFFFFFFFFFFFFFFFFFFFFFFFFFFFFFFFFFFFFFFFFFFFFFF6D
:20932000FFFFFFFFFFFFFFFFFFFFFFFFFFFFFFFFFFFFFFFFFFFFFFFFFFFFFFFFFFFFFFFF4D
:20934000FFFFFFFFFFFFFFFFFFFFFFFFFFFFFFFFFFFFFFFFFFFFFFFFFFFFFFFFFFFFFFFF2D
:20936000FFFFFFFFFFFFFFFFFFFFFFFFFFFFFFFFFFFFFFFFFFFFFFFFFFFFFFFFFFFFFFFF0D
:20938000FFFFFFFFFFFFFFFFFFFFFFFFFFFFFFFFFFFFFFFFFFFFFFFFFFFFFFFFFFFFFFFFED
:2093A000FFFFFFFFFFFFFFFFFFFFFFFFFFFFFFFFFFFFFFFFFFFFFFFFFFFFFFFFFFFFFFFFCD
:2093C000FFFFFFFFFFFFFFFFFFFFFFFFFFFFFFFFFFFFFFFFFFFFFFFFFFFFFFFFFFFFFFFFAD
:2093E000FFFFFFFFFFFFFFFFFFFFFFFFFFFFFFFFFFFFFFFFFFFFFFFFFFFFFFFFFFFFFFFF8D
:20940000FFFFFFFFFFFFFFFFFFFFFFFFFFFFFFFFFFFFFFFFFFFFFFFFFFFFFFFFFFFFFFFF6C
:20942000FFFFFFFFFFFFFFFFFFFFFFFFFFFFFFFFFFFFFFFFFFFFFFFFFFFFFFFFFFFFFFFF4C
:20944000FFFFFFFFFFFFFFFFFFFFFFFFFFFFFFFFFFFFFFFFFFFFFFFFFFFFFFFFFFFFFFFF2C
:20946000FFFFFFFFFFFFFFFFFFFFFFFFFFFFFFFFFFFFFFFFFFFFFFFFFFFFFFFFFFFFFFFF0C
:20948000FFFFFFFFFFFFFFFFFFFFFFFFFFFFFFFFFFFFFFFFFFFFFFFFFFFFFFFFFFFFFFFFEC
:2094A000FFFFFFFFFFFFFFFFFFFFFFFFFFFFFFFFFFFFFFFFFFFFFFFFFFFFFFFFFFFFFFFFCC
:2094C000FFFFFFFFFFFFFFFFFFFFFFFFFFFFFFFFFFFFFFFFFFFFFFFFFFFFFFFFFFFFFFFFAC
:2094E000FFFFFFFFFFFFFFFFFFFFFFFFFFFFFFFFFFFFFFFFFFFFFFFFFFFFFFFFFFFFFFFF8C
:20950000FFFFFFFFFFFFFFFFFFFFFFFFFFFFFFFFFFFFFFFFFFFFFFFFFFFFFFFFFFFFFFFF6B
:20952000FFFFFFFFFFFFFFFFFFFFFFFFFFFFFFFFFFFFFFFFFFFFFFFFFFFFFFFFFFFFFFFF4B
:20954000FFFFFFFFFFFFFFFFFFFFFFFFFFFFFFFFFFFFFFFFFFFFFFFFFFFFFFFFFFFFFFFF2B
:20956000FFFFFFFFFFFFFFFFFFFFFFFFFFFFFFFFFFFFFFFFFFFFFFFFFFFFFFFFFFFFFFFF0B
:20958000FFFFFFFFFFFFFFFFFFFFFFFFFFFFFFFFFFFFFFFFFFFFFFFFFFFFFFFFFFFFFFFFEB
:2095A000FFFFFFFFFFFFFFFFFFFFFFFFFFFFFFFFFFFFFFFFFFFFFFFFFFFFFFFFFFFFFFFFCB
:2095C000FFFFFFFFFFFFFFFFFFFFFFFFFFFFFFFFFFFFFFFFFFFFFFFFFFFFFFFFFFFFFFFFAB
:2095E000FFFFFFFFFFFFFFFFFFFFFFFFFFFFFFFFFFFFFFFFFFFFFFFFFFFFFFFFFFFFFFFF8B
:20960000FFFFFFFFFFFFFFFFFFFFFFFFFFFFFFFFFFFFFFFFFFFFFFFFFFFFFFFFFFFFFFFF6A
:20962000FFFFFFFFFFFFFFFFFFFFFFFFFFFFFFFFFFFFFFFFFFFFFFFFFFFFFFFFFFFFFFFF4A
:20964000FFFFFFFFFFFFFFFFFFFFFFFFFFFFFFFFFFFFFFFFFFFFFFFFFFFFFFFFFFFFFFFF2A
:20966000FFFFFFFFFFFFFFFFFFFFFFFFFFFFFFFFFFFFFFFFFFFFFFFFFFFFFFFFFFFFFFFF0A
:20968000FFFFFFFFFFFFFFFFFFFFFFFFFFFFFFFFFFFFFFFFFFFFFFFFFFFFFFFFFFFFFFFFEA
:2096A000FFFFFFFFFFFFFFFFFFFFFFFFFFFFFFFFFFFFFFFFFFFFFFFFFFFFFFFFFFFFFFFFCA
:2096C000FFFFFFFFFFFFFFFFFFFFFFFFFFFFFFFFFFFFFFFFFFFFFFFFFFFFFFFFFFFFFFFFAA
:2096E000FFFFFFFFFFFFFFFFFFFFFFFFFFFFFFFFFFFFFFFFFFFFFFFFFFFFFFFFFFFFFFFF8A
:20970000FFFFFFFFFFFFFFFFFFFFFFFFFFFFFFFFFFFFFFFFFFFFFFFFFFFFFFFFFFFFFFFF69
:20972000FFFFFFFFFFFFFFFFFFFFFFFFFFFFFFFFFFFFFFFFFFFFFFFFFFFFFFFFFFFFFFFF49
:20974000FFFFFFFFFFFFFFFFFFFFFFFFFFFFFFFFFFFFFFFFFFFFFFFFFFFFFFFFFFFFFFFF29
:20976000FFFFFFFFFFFFFFFFFFFFFFFFFFFFFFFFFFFFFFFFFFFFFFFFFFFFFFFFFFFFFFFF09
:20978000FFFFFFFFFFFFFFFFFFFFFFFFFFFFFFFFFFFFFFFFFFFFFFFFFFFFFFFFFFFFFFFFE9
:2097A000FFFFFFFFFFFFFFFFFFFFFFFFFFFFFFFFFFFFFFFFFFFFFFFFFFFFFFFFFFFFFFFFC9
:2097C000FFFFFFFFFFFFFFFFFFFFFFFFFFFFFFFFFFFFFFFFFFFFFFFFFFFFFFFFFFFFFFFFA9
:2097E000FFFFFFFFFFFFFFFFFFFFFFFFFFFFFFFFFFFFFFFFFFFFFFFFFFFFFFFFFFFFFFFF89
:20980000FFFFFFFFFFFFFFFFFFFFFFFFFFFFFFFFFFFFFFFFFFFFFFFFFFFFFFFFFFFFFFFF68
:20982000FFFFFFFFFFFFFFFFFFFFFFFFFFFFFFFFFFFFFFFFFFFFFFFFFFFFFFFFFFFFFFFF48
:20984000FFFFFFFFFFFFFFFFFFFFFFFFFFFFFFFFFFFFFFFFFFFFFFFFFFFFFFFFFFFFFFFF28
:20986000FFFFFFFFFFFFFFFFFFFFFFFFFFFFFFFFFFFFFFFFFFFFFFFFFFFFFFFFFFFFFFFF08
:20988000FFFFFFFFFFFFFFFFFFFFFFFFFFFFFFFFFFFFFFFFFFFFFFFFFFFFFFFFFFFFFFFFE8
:2098A000FFFFFFFFFFFFFFFFFFFFFFFFFFFFFFFFFFFFFFFFFFFFFFFFFFFFFFFFFFFFFFFFC8
:2098C000FFFFFFFFFFFFFFFFFFFFFFFFFFFFFFFFFFFFFFFFFFFFFFFFFFFFFFFFFFFFFFFFA8
:2098E000FFFFFFFFFFFFFFFFFFFFFFFFFFFFFFFFFFFFFFFFFFFFFFFFFFFFFFFFFFFFFFFF88
:20990000FFFFFFFFFFFFFFFFFFFFFFFFFFFFFFFFFFFFFFFFFFFFFFFFFFFFFFFFFFFFFFFF67
:20992000FFFFFFFFFFFFFFFFFFFFFFFFFFFFFFFFFFFFFFFFFFFFFFFFFFFFFFFFFFFFFFFF47
:20994000FFFFFFFFFFFFFFFFFFFFFFFFFFFFFFFFFFFFFFFFFFFFFFFFFFFFFFFFFFFFFFFF27
:20996000FFFFFFFFFFFFFFFFFFFFFFFFFFFFFFFFFFFFFFFFFFFFFFFFFFFFFFFFFFFFFFFF07
:20998000FFFFFFFFFFFFFFFFFFFFFFFFFFFFFFFFFFFFFFFFFFFFFFFFFFFFFFFFFFFFFFFFE7
:2099A000FFFFFFFFFFFFFFFFFFFFFFFFFFFFFFFFFFFFFFFFFFFFFFFFFFFFFFFFFFFFFFFFC7
:2099C000FFFFFFFFFFFFFFFFFFFFFFFFFFFFFFFFFFFFFFFFFFFFFFFFFFFFFFFFFFFFFFFFA7
:2099E000FFFFFFFFFFFFFFFFFFFFFFFFFFFFFFFFFFFFFFFFFFFFFFFFFFFFFFFFFFFFFFFF87
:209A0000FFFFFFFFFFFFFFFFFFFFFFFFFFFFFFFFFFFFFFFFFFFFFFFFFFFFFFFFFFFFFFFF66
:209A2000FFFFFFFFFFFFFFFFFFFFFFFFFFFFFFFFFFFFFFFFFFFFFFFFFFFFFFFFFFFFFFFF46
:209A4000FFFFFFFFFFFFFFFFFFFFFFFFFFFFFFFFFFFFFFFFFFFFFFFFFFFFFFFFFFFFFFFF26
:209A6000FFFFFFFFFFFFFFFFFFFFFFFFFFFFFFFFFFFFFFFFFFFFFFFFFFFFFFFFFFFFFFFF06
:209A8000FFFFFFFFFFFFFFFFFFFFFFFFFFFFFFFFFFFFFFFFFFFFFFFFFFFFFFFFFFFFFFFFE6
:209AA000FFFFFFFFFFFFFFFFFFFFFFFFFFFFFFFFFFFFFFFFFFFFFFFFFFFFFFFFFFFFFFFFC6
:209AC000FFFFFFFFFFFFFFFFFFFFFFFFFFFFFFFFFFFFFFFFFFFFFFFFFFFFFFFFFFFFFFFFA6
:209AE000FFFFFFFFFFFFFFFFFFFFFFFFFFFFFFFFFFFFFFFFFFFFFFFFFFFFFFFFFFFFFFFF86
:209B0000FFFFFFFFFFFFFFFFFFFFFFFFFFFFFFFFFFFFFFFFFFFFFFFFFFFFFFFFFFFFFFFF65
:209B2000FFFFFFFFFFFFFFFFFFFFFFFFFFFFFFFFFFFFFFFFFFFFFFFFFFFFFFFFFFFFFFFF45
:209B4000FFFFFFFFFFFFFFFFFFFFFFFFFFFFFFFFFFFFFFFFFFFFFFFFFFFFFFFFFFFFFFFF25
:209B6000FFFFFFFFFFFFFFFFFFFFFFFFFFFFFFFFFFFFFFFFFFFFFFFFFFFFFFFFFFFFFFFF05
:209B8000FFFFFFFFFFFFFFFFFFFFFFFFFFFFFFFFFFFFFFFFFFFFFFFFFFFFFFFFFFFFFFFFE5
:209BA000FFFFFFFFFFFFFFFFFFFFFFFFFFFFFFFFFFFFFFFFFFFFFFFFFFFFFFFFFFFFFFFFC5
:209BC000FFFFFFFFFFFFFFFFFFFFFFFFFFFFFFFFFFFFFFFFFFFFFFFFFFFFFFFFFFFFFFFFA5
:209BE000FFFFFFFFFFFFFFFFFFFFFFFFFFFFFFFFFFFFFFFFFFFFFFFFFFFFFFFFFFFFFFFF85
:209C0000FFFFFFFFFFFFFFFFFFFFFFFFFFFFFFFFFFFFFFFFFFFFFFFFFFFFFFFFFFFFFFFF64
:209C2000FFFFFFFFFFFFFFFFFFFFFFFFFFFFFFFFFFFFFFFFFFFFFFFFFFFFFFFFFFFFFFFF44
:209C4000FFFFFFFFFFFFFFFFFFFFFFFFFFFFFFFFFFFFFFFFFFFFFFFFFFFFFFFFFFFFFFFF24
:209C6000FFFFFFFFFFFFFFFFFFFFFFFFFFFFFFFFFFFFFFFFFFFFFFFFFFFFFFFFFFFFFFFF04
:209C8000FFFFFFFFFFFFFFFFFFFFFFFFFFFFFFFFFFFFFFFFFFFFFFFFFFFFFFFFFFFFFFFFE4
:209CA000FFFFFFFFFFFFFFFFFFFFFFFFFFFFFFFFFFFFFFFFFFFFFFFFFFFFFFFFFFFFFFFFC4
:209CC000FFFFFFFFFFFFFFFFFFFFFFFFFFFFFFFFFFFFFFFFFFFFFFFFFFFFFFFFFFFFFFFFA4
:209CE000FFFFFFFFFFFFFFFFFFFFFFFFFFFFFFFFFFFFFFFFFFFFFFFFFFFFFFFFFFFFFFFF84
:209D0000FFFFFFFFFFFFFFFFFFFFFFFFFFFFFFFFFFFFFFFFFFFFFFFFFFFFFFFFFFFFFFFF63
:209D2000FFFFFFFFFFFFFFFFFFFFFFFFFFFFFFFFFFFFFFFFFFFFFFFFFFFFFFFFFFFFFFFF43
:209D4000FFFFFFFFFFFFFFFFFFFFFFFFFFFFFFFFFFFFFFFFFFFFFFFFFFFFFFFFFFFFFFFF23
:209D6000FFFFFFFFFFFFFFFFFFFFFFFFFFFFFFFFFFFFFFFFFFFFFFFFFFFFFFFFFFFFFFFF03
:209D8000FFFFFFFFFFFFFFFFFFFFFFFFFFFFFFFFFFFFFFFFFFFFFFFFFFFFFFFFFFFFFFFFE3
:209DA000FFFFFFFFFFFFFFFFFFFFFFFFFFFFFFFFFFFFFFFFFFFFFFFFFFFFFFFFFFFFFFFFC3
:209DC000FFFFFFFFFFFFFFFFFFFFFFFFFFFFFFFFFFFFFFFFFFFFFFFFFFFFFFFFFFFFFFFFA3
:209DE000FFFFFFFFFFFFFFFFFFFFFFFFFFFFFFFFFFFFFFFFFFFFFFFFFFFFFFFFFFFFFFFF83
:209E0000FFFFFFFFFFFFFFFFFFFFFFFFFFFFFFFFFFFFFFFFFFFFFFFFFFFFFFFFFFFFFFFF62
:209E2000FFFFFFFFFFFFFFFFFFFFFFFFFFFFFFFFFFFFFFFFFFFFFFFFFFFFFFFFFFFFFFFF42
:209E4000FFFFFFFFFFFFFFFFFFFFFFFFFFFFFFFFFFFFFFFFFFFFFFFFFFFFFFFFFFFFFFFF22
:209E6000FFFFFFFFFFFFFFFFFFFFFFFFFFFFFFFFFFFFFFFFFFFFFFFFFFFFFFFFFFFFFFFF02
:209E8000FFFFFFFFFFFFFFFFFFFFFFFFFFFFFFFFFFFFFFFFFFFFFFFFFFFFFFFFFFFFFFFFE2
:209EA000FFFFFFFFFFFFFFFFFFFFFFFFFFFFFFFFFFFFFFFFFFFFFFFFFFFFFFFFFFFFFFFFC2
:209EC000FFFFFFFFFFFFFFFFFFFFFFFFFFFFFFFFFFFFFFFFFFFFFFFFFFFFFFFFFFFFFFFFA2
:209EE000FFFFFFFFFFFFFFFFFFFFFFFFFFFFFFFFFFFFFFFFFFFFFFFFFFFFFFFFFFFFFFFF82
:209F0000FFFFFFFFFFFFFFFFFFFFFFFFFFFFFFFFFFFFFFFFFFFFFFFFFFFFFFFFFFFFFFFF61
:209F2000FFFFFFFFFFFFFFFFFFFFFFFFFFFFFFFFFFFFFFFFFFFFFFFFFFFFFFFFFFFFFFFF41
:209F4000FFFFFFFFFFFFFFFFFFFFFFFFFFFFFFFFFFFFFFFFFFFFFFFFFFFFFFFFFFFFFFFF21
:209F6000FFFFFFFFFFFFFFFFFFFFFFFFFFFFFFFFFFFFFFFFFFFFFFFFFFFFFFFFFFFFFFFF01
:209F8000FFFFFFFFFFFFFFFFFFFFFFFFFFFFFFFFFFFFFFFFFFFFFFFFFFFFFFFFFFFFFFFFE1
:209FA000FFFFFFFFFFFFFFFFFFFFFFFFFFFFFFFFFFFFFFFFFFFFFFFFFFFFFFFFFFFFFFFFC1
:209FC000FFFFFFFFFFFFFFFFFFFFFFFFFFFFFFFFFFFFFFFFFFFFFFFFFFFFFFFFFFFFFFFFA1
:209FE000FFFFFFFFFFFFFFFFFFFFFFFFFFFFFFFFFFFFFFFFFFFFFFFFFFFFFFFFFFFFFFFF81
:20A00000FFFFFFFFFFFFFFFFFFFFFFFFFFFFFFFFFFFFFFFFFFFFFFFFFFFFFFFFFFFFFFFF60
:20A02000FFFFFFFFFFFFFFFFFFFFFFFFFFFFFFFFFFFFFFFFFFFFFFFFFFFFFFFFFFFFFFFF40
:20A04000FFFFFFFFFFFFFFFFFFFFFFFFFFFFFFFFFFFFFFFFFFFFFFFFFFFFFFFFFFFFFFFF20
:20A06000FFFFFFFFFFFFFFFFFFFFFFFFFFFFFFFFFFFFFFFFFFFFFFFFFFFFFFFFFFFFFFFF00
:20A08000FFFFFFFFFFFFFFFFFFFFFFFFFFFFFFFFFFFFFFFFFFFFFFFFFFFFFFFFFFFFFFFFE0
:20A0A000FFFFFFFFFFFFFFFFFFFFFFFFFFFFFFFFFFFFFFFFFFFFFFFFFFFFFFFFFFFFFFFFC0
:20A0C000FFFFFFFFFFFFFFFFFFFFFFFFFFFFFFFFFFFFFFFFFFFFFFFFFFFFFFFFFFFFFFFFA0
:20A0E000FFFFFFFFFFFFFFFFFFFFFFFFFFFFFFFFFFFFFFFFFFFFFFFFFFFFFFFFFFFFFFFF80
:20A10000FFFFFFFFFFFFFFFFFFFFFFFFFFFFFFFFFFFFFFFFFFFFFFFFFFFFFFFFFFFFFFFF5F
:20A12000FFFFFFFFFFFFFFFFFFFFFFFFFFFFFFFFFFFFFFFFFFFFFFFFFFFFFFFFFFFFFFFF3F
:20A14000FFFFFFFFFFFFFFFFFFFFFFFFFFFFFFFFFFFFFFFFFFFFFFFFFFFFFFFFFFFFFFFF1F
:20A16000FFFFFFFFFFFFFFFFFFFFFFFFFFFFFFFFFFFFFFFFFFFFFFFFFFFFFFFFFFFFFFFFFF
:20A18000FFFFFFFFFFFFFFFFFFFFFFFFFFFFFFFFFFFFFFFFFFFFFFFFFFFFFFFFFFFFFFFFDF
:20A1A000FFFFFFFFFFFFFFFFFFFFFFFFFFFFFFFFFFFFFFFFFFFFFFFFFFFFFFFFFFFFFFFFBF
:20A1C000FFFFFFFFFFFFFFFFFFFFFFFFFFFFFFFFFFFFFFFFFFFFFFFFFFFFFFFFFFFFFFFF9F
:20A1E000FFFFFFFFFFFFFFFFFFFFFFFFFFFFFFFFFFFFFFFFFFFFFFFFFFFFFFFFFFFFFFFF7F
:20A20000FFFFFFFFFFFFFFFFFFFFFFFFFFFFFFFFFFFFFFFFFFFFFFFFFFFFFFFFFFFFFFFF5E
:20A22000FFFFFFFFFFFFFFFFFFFFFFFFFFFFFFFFFFFFFFFFFFFFFFFFFFFFFFFFFFFFFFFF3E
:20A24000FFFFFFFFFFFFFFFFFFFFFFFFFFFFFFFFFFFFFFFFFFFFFFFFFFFFFFFFFFFFFFFF1E
:20A26000FFFFFFFFFFFFFFFFFFFFFFFFFFFFFFFFFFFFFFFFFFFFFFFFFFFFFFFFFFFFFFFFFE
:20A28000FFFFFFFFFFFFFFFFFFFFFFFFFFFFFFFFFFFFFFFFFFFFFFFFFFFFFFFFFFFFFFFFDE
:20A2A000FFFFFFFFFFFFFFFFFFFFFFFFFFFFFFFFFFFFFFFFFFFFFFFFFFFFFFFFFFFFFFFFBE
:20A2C000FFFFFFFFFFFFFFFFFFFFFFFFFFFFFFFFFFFFFFFFFFFFFFFFFFFFFFFFFFFFFFFF9E
:20A2E000FFFFFFFFFFFFFFFFFFFFFFFFFFFFFFFFFFFFFFFFFFFFFFFFFFFFFFFFFFFFFFFF7E
:20A30000FFFFFFFFFFFFFFFFFFFFFFFFFFFFFFFFFFFFFFFFFFFFFFFFFFFFFFFFFFFFFFFF5D
:20A32000FFFFFFFFFFFFFFFFFFFFFFFFFFFFFFFFFFFFFFFFFFFFFFFFFFFFFFFFFFFFFFFF3D
:20A34000FFFFFFFFFFFFFFFFFFFFFFFFFFFFFFFFFFFFFFFFFFFFFFFFFFFFFFFFFFFFFFFF1D
:20A36000FFFFFFFFFFFFFFFFFFFFFFFFFFFFFFFFFFFFFFFFFFFFFFFFFFFFFFFFFFFFFFFFFD
:20A38000FFFFFFFFFFFFFFFFFFFFFFFFFFFFFFFFFFFFFFFFFFFFFFFFFFFFFFFFFFFFFFFFDD
:20A3A000FFFFFFFFFFFFFFFFFFFFFFFFFFFFFFFFFFFFFFFFFFFFFFFFFFFFFFFFFFFFFFFFBD
:20A3C000FFFFFFFFFFFFFFFFFFFFFFFFFFFFFFFFFFFFFFFFFFFFFFFFFFFFFFFFFFFFFFFF9D
:20A3E000FFFFFFFFFFFFFFFFFFFFFFFFFFFFFFFFFFFFFFFFFFFFFFFFFFFFFFFFFFFFFFFF7D
:20A40000FFFFFFFFFFFFFFFFFFFFFFFFFFFFFFFFFFFFFFFFFFFFFFFFFFFFFFFFFFFFFFFF5C
:20A42000FFFFFFFFFFFFFFFFFFFFFFFFFFFFFFFFFFFFFFFFFFFFFFFFFFFFFFFFFFFFFFFF3C
:20A44000FFFFFFFFFFFFFFFFFFFFFFFFFFFFFFFFFFFFFFFFFFFFFFFFFFFFFFFFFFFFFFFF1C
:20A46000FFFFFFFFFFFFFFFFFFFFFFFFFFFFFFFFFFFFFFFFFFFFFFFFFFFFFFFFFFFFFFFFFC
:20A48000FFFFFFFFFFFFFFFFFFFFFFFFFFFFFFFFFFFFFFFFFFFFFFFFFFFFFFFFFFFFFFFFDC
:20A4A000FFFFFFFFFFFFFFFFFFFFFFFFFFFFFFFFFFFFFFFFFFFFFFFFFFFFFFFFFFFFFFFFBC
:20A4C000FFFFFFFFFFFFFFFFFFFFFFFFFFFFFFFFFFFFFFFFFFFFFFFFFFFFFFFFFFFFFFFF9C
:20A4E000FFFFFFFFFFFFFFFFFFFFFFFFFFFFFFFFFFFFFFFFFFFFFFFFFFFFFFFFFFFFFFFF7C
:20A50000FFFFFFFFFFFFFFFFFFFFFFFFFFFFFFFFFFFFFFFFFFFFFFFFFFFFFFFFFFFFFFFF5B
:20A52000FFFFFFFFFFFFFFFFFFFFFFFFFFFFFFFFFFFFFFFFFFFFFFFFFFFFFFFFFFFFFFFF3B
:20A54000FFFFFFFFFFFFFFFFFFFFFFFFFFFFFFFFFFFFFFFFFFFFFFFFFFFFFFFFFFFFFFFF1B
:20A56000FFFFFFFFFFFFFFFFFFFFFFFFFFFFFFFFFFFFFFFFFFFFFFFFFFFFFFFFFFFFFFFFFB
:20A58000FFFFFFFFFFFFFFFFFFFFFFFFFFFFFFFFFFFFFFFFFFFFFFFFFFFFFFFFFFFFFFFFDB
:20A5A000FFFFFFFFFFFFFFFFFFFFFFFFFFFFFFFFFFFFFFFFFFFFFFFFFFFFFFFFFFFFFFFFBB
:20A5C000FFFFFFFFFFFFFFFFFFFFFFFFFFFFFFFFFFFFFFFFFFFFFFFFFFFFFFFFFFFFFFFF9B
:20A5E000FFFFFFFFFFFFFFFFFFFFFFFFFFFFFFFFFFFFFFFFFFFFFFFFFFFFFFFFFFFFFFFF7B
:20A60000FFFFFFFFFFFFFFFFFFFFFFFFFFFFFFFFFFFFFFFFFFFFFFFFFFFFFFFFFFFFFFFF5A
:20A62000FFFFFFFFFFFFFFFFFFFFFFFFFFFFFFFFFFFFFFFFFFFFFFFFFFFFFFFFFFFFFFFF3A
:20A64000FFFFFFFFFFFFFFFFFFFFFFFFFFFFFFFFFFFFFFFFFFFFFFFFFFFFFFFFFFFFFFFF1A
:20A66000FFFFFFFFFFFFFFFFFFFFFFFFFFFFFFFFFFFFFFFFFFFFFFFFFFFFFFFFFFFFFFFFFA
:20A68000FFFFFFFFFFFFFFFFFFFFFFFFFFFFFFFFFFFFFFFFFFFFFFFFFFFFFFFFFFFFFFFFDA
:20A6A000FFFFFFFFFFFFFFFFFFFFFFFFFFFFFFFFFFFFFFFFFFFFFFFFFFFFFFFFFFFFFFFFBA
:20A6C000FFFFFFFFFFFFFFFFFFFFFFFFFFFFFFFFFFFFFFFFFFFFFFFFFFFFFFFFFFFFFFFF9A
:20A6E000FFFFFFFFFFFFFFFFFFFFFFFFFFFFFFFFFFFFFFFFFFFFFFFFFFFFFFFFFFFFFFFF7A
:20A70000FFFFFFFFFFFFFFFFFFFFFFFFFFFFFFFFFFFFFFFFFFFFFFFFFFFFFFFFFFFFFFFF59
:20A72000FFFFFFFFFFFFFFFFFFFFFFFFFFFFFFFFFFFFFFFFFFFFFFFFFFFFFFFFFFFFFFFF39
:20A74000FFFFFFFFFFFFFFFFFFFFFFFFFFFFFFFFFFFFFFFFFFFFFFFFFFFFFFFFFFFFFFFF19
:20A76000FFFFFFFFFFFFFFFFFFFFFFFFFFFFFFFFFFFFFFFFFFFFFFFFFFFFFFFFFFFFFFFFF9
:20A78000FFFFFFFFFFFFFFFFFFFFFFFFFFFFFFFFFFFFFFFFFFFFFFFFFFFFFFFFFFFFFFFFD9
:20A7A000FFFFFFFFFFFFFFFFFFFFFFFFFFFFFFFFFFFFFFFFFFFFFFFFFFFFFFFFFFFFFFFFB9
:20A7C000FFFFFFFFFFFFFFFFFFFFFFFFFFFFFFFFFFFFFFFFFFFFFFFFFFFFFFFFFFFFFFFF99
:20A7E000FFFFFFFFFFFFFFFFFFFFFFFFFFFFFFFFFFFFFFFFFFFFFFFFFFFFFFFFFFFFFFFF79
:20A80000FFFFFFFFFFFFFFFFFFFFFFFFFFFFFFFFFFFFFFFFFFFFFFFFFFFFFFFFFFFFFFFF58
:20A82000FFFFFFFFFFFFFFFFFFFFFFFFFFFFFFFFFFFFFFFFFFFFFFFFFFFFFFFFFFFFFFFF38
:20A84000FFFFFFFFFFFFFFFFFFFFFFFFFFFFFFFFFFFFFFFFFFFFFFFFFFFFFFFFFFFFFFFF18
:20A86000FFFFFFFFFFFFFFFFFFFFFFFFFFFFFFFFFFFFFFFFFFFFFFFFFFFFFFFFFFFFFFFFF8
:20A88000FFFFFFFFFFFFFFFFFFFFFFFFFFFFFFFFFFFFFFFFFFFFFFFFFFFFFFFFFFFFFFFFD8
:20A8A000FFFFFFFFFFFFFFFFFFFFFFFFFFFFFFFFFFFFFFFFFFFFFFFFFFFFFFFFFFFFFFFFB8
:20A8C000FFFFFFFFFFFFFFFFFFFFFFFFFFFFFFFFFFFFFFFFFFFFFFFFFFFFFFFFFFFFFFFF98
:20A8E000FFFFFFFFFFFFFFFFFFFFFFFFFFFFFFFFFFFFFFFFFFFFFFFFFFFFFFFFFFFFFFFF78
:20A90000FFFFFFFFFFFFFFFFFFFFFFFFFFFFFFFFFFFFFFFFFFFFFFFFFFFFFFFFFFFFFFFF57
:20A92000FFFFFFFFFFFFFFFFFFFFFFFFFFFFFFFFFFFFFFFFFFFFFFFFFFFFFFFFFFFFFFFF37
:20A94000FFFFFFFFFFFFFFFFFFFFFFFFFFFFFFFFFFFFFFFFFFFFFFFFFFFFFFFFFFFFFFFF17
:20A96000FFFFFFFFFFFFFFFFFFFFFFFFFFFFFFFFFFFFFFFFFFFFFFFFFFFFFFFFFFFFFFFFF7
:20A98000FFFFFFFFFFFFFFFFFFFFFFFFFFFFFFFFFFFFFFFFFFFFFFFFFFFFFFFFFFFFFFFFD7
:20A9A000FFFFFFFFFFFFFFFFFFFFFFFFFFFFFFFFFFFFFFFFFFFFFFFFFFFFFFFFFFFFFFFFB7
:20A9C000FFFFFFFFFFFFFFFFFFFFFFFFFFFFFFFFFFFFFFFFFFFFFFFFFFFFFFFFFFFFFFFF97
:20A9E000FFFFFFFFFFFFFFFFFFFFFFFFFFFFFFFFFFFFFFFFFFFFFFFFFFFFFFFFFFFFFFFF77
:20AA0000FFFFFFFFFFFFFFFFFFFFFFFFFFFFFFFFFFFFFFFFFFFFFFFFFFFFFFFFFFFFFFFF56
:20AA2000FFFFFFFFFFFFFFFFFFFFFFFFFFFFFFFFFFFFFFFFFFFFFFFFFFFFFFFFFFFFFFFF36
:20AA4000FFFFFFFFFFFFFFFFFFFFFFFFFFFFFFFFFFFFFFFFFFFFFFFFFFFFFFFFFFFFFFFF16
:20AA6000FFFFFFFFFFFFFFFFFFFFFFFFFFFFFFFFFFFFFFFFFFFFFFFFFFFFFFFFFFFFFFFFF6
:20AA8000FFFFFFFFFFFFFFFFFFFFFFFFFFFFFFFFFFFFFFFFFFFFFFFFFFFFFFFFFFFFFFFFD6
:20AAA000FFFFFFFFFFFFFFFFFFFFFFFFFFFFFFFFFFFFFFFFFFFFFFFFFFFFFFFFFFFFFFFFB6
:20AAC000FFFFFFFFFFFFFFFFFFFFFFFFFFFFFFFFFFFFFFFFFFFFFFFFFFFFFFFFFFFFFFFF96
:20AAE000FFFFFFFFFFFFFFFFFFFFFFFFFFFFFFFFFFFFFFFFFFFFFFFFFFFFFFFFFFFFFFFF76
:20AB0000FFFFFFFFFFFFFFFFFFFFFFFFFFFFFFFFFFFFFFFFFFFFFFFFFFFFFFFFFFFFFFFF55
:20AB2000FFFFFFFFFFFFFFFFFFFFFFFFFFFFFFFFFFFFFFFFFFFFFFFFFFFFFFFFFFFFFFFF35
:20AB4000FFFFFFFFFFFFFFFFFFFFFFFFFFFFFFFFFFFFFFFFFFFFFFFFFFFFFFFFFFFFFFFF15
:20AB6000FFFFFFFFFFFFFFFFFFFFFFFFFFFFFFFFFFFFFFFFFFFFFFFFFFFFFFFFFFFFFFFFF5
:20AB8000FFFFFFFFFFFFFFFFFFFFFFFFFFFFFFFFFFFFFFFFFFFFFFFFFFFFFFFFFFFFFFFFD5
:20ABA000FFFFFFFFFFFFFFFFFFFFFFFFFFFFFFFFFFFFFFFFFFFFFFFFFFFFFFFFFFFFFFFFB5
:20ABC000FFFFFFFFFFFFFFFFFFFFFFFFFFFFFFFFFFFFFFFFFFFFFFFFFFFFFFFFFFFFFFFF95
:20ABE000FFFFFFFFFFFFFFFFFFFFFFFFFFFFFFFFFFFFFFFFFFFFFFFFFFFFFFFFFFFFFFFF75
:20AC0000FFFFFFFFFFFFFFFFFFFFFFFFFFFFFFFFFFFFFFFFFFFFFFFFFFFFFFFFFFFFFFFF54
:20AC2000FFFFFFFFFFFFFFFFFFFFFFFFFFFFFFFFFFFFFFFFFFFFFFFFFFFFFFFFFFFFFFFF34
:20AC4000FFFFFFFFFFFFFFFFFFFFFFFFFFFFFFFFFFFFFFFFFFFFFFFFFFFFFFFFFFFFFFFF14
:20AC6000FFFFFFFFFFFFFFFFFFFFFFFFFFFFFFFFFFFFFFFFFFFFFFFFFFFFFFFFFFFFFFFFF4
:20AC8000FFFFFFFFFFFFFFFFFFFFFFFFFFFFFFFFFFFFFFFFFFFFFFFFFFFFFFFFFFFFFFFFD4
:20ACA000FFFFFFFFFFFFFFFFFFFFFFFFFFFFFFFFFFFFFFFFFFFFFFFFFFFFFFFFFFFFFFFFB4
:20ACC000FFFFFFFFFFFFFFFFFFFFFFFFFFFFFFFFFFFFFFFFFFFFFFFFFFFFFFFFFFFFFFFF94
:20ACE000FFFFFFFFFFFFFFFFFFFFFFFFFFFFFFFFFFFFFFFFFFFFFFFFFFFFFFFFFFFFFFFF74
:20AD0000FFFFFFFFFFFFFFFFFFFFFFFFFFFFFFFFFFFFFFFFFFFFFFFFFFFFFFFFFFFFFFFF53
:20AD2000FFFFFFFFFFFFFFFFFFFFFFFFFFFFFFFFFFFFFFFFFFFFFFFFFFFFFFFFFFFFFFFF33
:20AD4000FFFFFFFFFFFFFFFFFFFFFFFFFFFFFFFFFFFFFFFFFFFFFFFFFFFFFFFFFFFFFFFF13
:20AD6000FFFFFFFFFFFFFFFFFFFFFFFFFFFFFFFFFFFFFFFFFFFFFFFFFFFFFFFFFFFFFFFFF3
:20AD8000FFFFFFFFFFFFFFFFFFFFFFFFFFFFFFFFFFFFFFFFFFFFFFFFFFFFFFFFFFFFFFFFD3
:20ADA000FFFFFFFFFFFFFFFFFFFFFFFFFFFFFFFFFFFFFFFFFFFFFFFFFFFFFFFFFFFFFFFFB3
:20ADC000FFFFFFFFFFFFFFFFFFFFFFFFFFFFFFFFFFFFFFFFFFFFFFFFFFFFFFFFFFFFFFFF93
:20ADE000FFFFFFFFFFFFFFFFFFFFFFFFFFFFFFFFFFFFFFFFFFFFFFFFFFFFFFFFFFFFFFFF73
:20AE0000FFFFFFFFFFFFFFFFFFFFFFFFFFFFFFFFFFFFFFFFFFFFFFFFFFFFFFFFFFFFFFFF52
:20AE2000FFFFFFFFFFFFFFFFFFFFFFFFFFFFFFFFFFFFFFFFFFFFFFFFFFFFFFFFFFFFFFFF32
:20AE4000FFFFFFFFFFFFFFFFFFFFFFFFFFFFFFFFFFFFFFFFFFFFFFFFFFFFFFFFFFFFFFFF12
:20AE6000FFFFFFFFFFFFFFFFFFFFFFFFFFFFFFFFFFFFFFFFFFFFFFFFFFFFFFFFFFFFFFFFF2
:20AE8000FFFFFFFFFFFFFFFFFFFFFFFFFFFFFFFFFFFFFFFFFFFFFFFFFFFFFFFFFFFFFFFFD2
:20AEA000FFFFFFFFFFFFFFFFFFFFFFFFFFFFFFFFFFFFFFFFFFFFFFFFFFFFFFFFFFFFFFFFB2
:20AEC000FFFFFFFFFFFFFFFFFFFFFFFFFFFFFFFFFFFFFFFFFFFFFFFFFFFFFFFFFFFFFFFF92
:20AEE000FFFFFFFFFFFFFFFFFFFFFFFFFFFFFFFFFFFFFFFFFFFFFFFFFFFFFFFFFFFFFFFF72
:20AF0000FFFFFFFFFFFFFFFFFFFFFFFFFFFFFFFFFFFFFFFFFFFFFFFFFFFFFFFFFFFFFFFF51
:20AF2000FFFFFFFFFFFFFFFFFFFFFFFFFFFFFFFFFFFFFFFFFFFFFFFFFFFFFFFFFFFFFFFF31
:20AF4000FFFFFFFFFFFFFFFFFFFFFFFFFFFFFFFFFFFFFFFFFFFFFFFFFFFFFFFFFFFFFFFF11
:20AF6000FFFFFFFFFFFFFFFFFFFFFFFFFFFFFFFFFFFFFFFFFFFFFFFFFFFFFFFFFFFFFFFFF1
:20AF8000FFFFFFFFFFFFFFFFFFFFFFFFFFFFFFFFFFFFFFFFFFFFFFFFFFFFFFFFFFFFFFFFD1
:20AFA000FFFFFFFFFFFFFFFFFFFFFFFFFFFFFFFFFFFFFFFFFFFFFFFFFFFFFFFFFFFFFFFFB1
:20AFC000FFFFFFFFFFFFFFFFFFFFFFFFFFFFFFFFFFFFFFFFFFFFFFFFFFFFFFFFFFFFFFFF91
:20AFE000FFFFFFFFFFFFFFFFFFFFFFFFFFFFFFFFFFFFFFFFFFFFFFFFFFFFFFFFFFFFFFFF71
:20B00000FFFFFFFFFFFFFFFFFFFFFFFFFFFFFFFFFFFFFFFFFFFFFFFFFFFFFFFFFFFFFFFF50
:20B02000FFFFFFFFFFFFFFFFFFFFFFFFFFFFFFFFFFFFFFFFFFFFFFFFFFFFFFFFFFFFFFFF30
:20B04000FFFFFFFFFFFFFFFFFFFFFFFFFFFFFFFFFFFFFFFFFFFFFFFFFFFFFFFFFFFFFFFF10
:20B06000FFFFFFFFFFFFFFFFFFFFFFFFFFFFFFFFFFFFFFFFFFFFFFFFFFFFFFFFFFFFFFFFF0
:20B08000FFFFFFFFFFFFFFFFFFFFFFFFFFFFFFFFFFFFFFFFFFFFFFFFFFFFFFFFFFFFFFFFD0
:20B0A000FFFFFFFFFFFFFFFFFFFFFFFFFFFFFFFFFFFFFFFFFFFFFFFFFFFFFFFFFFFFFFFFB0
:20B0C000FFFFFFFFFFFFFFFFFFFFFFFFFFFFFFFFFFFFFFFFFFFFFFFFFFFFFFFFFFFFFFFF90
:20B0E000FFFFFFFFFFFFFFFFFFFFFFFFFFFFFFFFFFFFFFFFFFFFFFFFFFFFFFFFFFFFFFFF70
:20B10000FFFFFFFFFFFFFFFFFFFFFFFFFFFFFFFFFFFFFFFFFFFFFFFFFFFFFFFFFFFFFFFF4F
:20B12000FFFFFFFFFFFFFFFFFFFFFFFFFFFFFFFFFFFFFFFFFFFFFFFFFFFFFFFFFFFFFFFF2F
:20B14000FFFFFFFFFFFFFFFFFFFFFFFFFFFFFFFFFFFFFFFFFFFFFFFFFFFFFFFFFFFFFFFF0F
:20B16000FFFFFFFFFFFFFFFFFFFFFFFFFFFFFFFFFFFFFFFFFFFFFFFFFFFFFFFFFFFFFFFFEF
:20B18000FFFFFFFFFFFFFFFFFFFFFFFFFFFFFFFFFFFFFFFFFFFFFFFFFFFFFFFFFFFFFFFFCF
:20B1A000FFFFFFFFFFFFFFFFFFFFFFFFFFFFFFFFFFFFFFFFFFFFFFFFFFFFFFFFFFFFFFFFAF
:20B1C000FFFFFFFFFFFFFFFFFFFFFFFFFFFFFFFFFFFFFFFFFFFFFFFFFFFFFFFFFFFFFFFF8F
:20B1E000FFFFFFFFFFFFFFFFFFFFFFFFFFFFFFFFFFFFFFFFFFFFFFFFFFFFFFFFFFFFFFFF6F
:20B20000FFFFFFFFFFFFFFFFFFFFFFFFFFFFFFFFFFFFFFFFFFFFFFFFFFFFFFFFFFFFFFFF4E
:20B22000FFFFFFFFFFFFFFFFFFFFFFFFFFFFFFFFFFFFFFFFFFFFFFFFFFFFFFFFFFFFFFFF2E
:20B24000FFFFFFFFFFFFFFFFFFFFFFFFFFFFFFFFFFFFFFFFFFFFFFFFFFFFFFFFFFFFFFFF0E
:20B26000FFFFFFFFFFFFFFFFFFFFFFFFFFFFFFFFFFFFFFFFFFFFFFFFFFFFFFFFFFFFFFFFEE
:20B28000FFFFFFFFFFFFFFFFFFFFFFFFFFFFFFFFFFFFFFFFFFFFFFFFFFFFFFFFFFFFFFFFCE
:20B2A000FFFFFFFFFFFFFFFFFFFFFFFFFFFFFFFFFFFFFFFFFFFFFFFFFFFFFFFFFFFFFFFFAE
:20B2C000FFFFFFFFFFFFFFFFFFFFFFFFFFFFFFFFFFFFFFFFFFFFFFFFFFFFFFFFFFFFFFFF8E
:20B2E000FFFFFFFFFFFFFFFFFFFFFFFFFFFFFFFFFFFFFFFFFFFFFFFFFFFFFFFFFFFFFFFF6E
:20B30000FFFFFFFFFFFFFFFFFFFFFFFFFFFFFFFFFFFFFFFFFFFFFFFFFFFFFFFFFFFFFFFF4D
:20B32000FFFFFFFFFFFFFFFFFFFFFFFFFFFFFFFFFFFFFFFFFFFFFFFFFFFFFFFFFFFFFFFF2D
:20B34000FFFFFFFFFFFFFFFFFFFFFFFFFFFFFFFFFFFFFFFFFFFFFFFFFFFFFFFFFFFFFFFF0D
:20B36000FFFFFFFFFFFFFFFFFFFFFFFFFFFFFFFFFFFFFFFFFFFFFFFFFFFFFFFFFFFFFFFFED
:20B38000FFFFFFFFFFFFFFFFFFFFFFFFFFFFFFFFFFFFFFFFFFFFFFFFFFFFFFFFFFFFFFFFCD
:20B3A000FFFFFFFFFFFFFFFFFFFFFFFFFFFFFFFFFFFFFFFFFFFFFFFFFFFFFFFFFFFFFFFFAD
:20B3C000FFFFFFFFFFFFFFFFFFFFFFFFFFFFFFFFFFFFFFFFFFFFFFFFFFFFFFFFFFFFFFFF8D
:20B3E000FFFFFFFFFFFFFFFFFFFFFFFFFFFFFFFFFFFFFFFFFFFFFFFFFFFFFFFFFFFFFFFF6D
:20B40000FFFFFFFFFFFFFFFFFFFFFFFFFFFFFFFFFFFFFFFFFFFFFFFFFFFFFFFFFFFFFFFF4C
:20B42000FFFFFFFFFFFFFFFFFFFFFFFFFFFFFFFFFFFFFFFFFFFFFFFFFFFFFFFFFFFFFFFF2C
:20B44000FFFFFFFFFFFFFFFFFFFFFFFFFFFFFFFFFFFFFFFFFFFFFFFFFFFFFFFFFFFFFFFF0C
:20B46000FFFFFFFFFFFFFFFFFFFFFFFFFFFFFFFFFFFFFFFFFFFFFFFFFFFFFFFFFFFFFFFFEC
:20B48000FFFFFFFFFFFFFFFFFFFFFFFFFFFFFFFFFFFFFFFFFFFFFFFFFFFFFFFFFFFFFFFFCC
:20B4A000FFFFFFFFFFFFFFFFFFFFFFFFFFFFFFFFFFFFFFFFFFFFFFFFFFFFFFFFFFFFFFFFAC
:20B4C000FFFFFFFFFFFFFFFFFFFFFFFFFFFFFFFFFFFFFFFFFFFFFFFFFFFFFFFFFFFFFFFF8C
:20B4E000FFFFFFFFFFFFFFFFFFFFFFFFFFFFFFFFFFFFFFFFFFFFFFFFFFFFFFFFFFFFFFFF6C
:20B50000FFFFFFFFFFFFFFFFFFFFFFFFFFFFFFFFFFFFFFFFFFFFFFFFFFFFFFFFFFFFFFFF4B
:20B52000FFFFFFFFFFFFFFFFFFFFFFFFFFFFFFFFFFFFFFFFFFFFFFFFFFFFFFFFFFFFFFFF2B
:20B54000FFFFFFFFFFFFFFFFFFFFFFFFFFFFFFFFFFFFFFFFFFFFFFFFFFFFFFFFFFFFFFFF0B
:20B56000FFFFFFFFFFFFFFFFFFFFFFFFFFFFFFFFFFFFFFFFFFFFFFFFFFFFFFFFFFFFFFFFEB
:20B58000FFFFFFFFFFFFFFFFFFFFFFFFFFFFFFFFFFFFFFFFFFFFFFFFFFFFFFFFFFFFFFFFCB
:20B5A000FFFFFFFFFFFFFFFFFFFFFFFFFFFFFFFFFFFFFFFFFFFFFFFFFFFFFFFFFFFFFFFFAB
:20B5C000FFFFFFFFFFFFFFFFFFFFFFFFFFFFFFFFFFFFFFFFFFFFFFFFFFFFFFFFFFFFFFFF8B
:20B5E000FFFFFFFFFFFFFFFFFFFFFFFFFFFFFFFFFFFFFFFFFFFFFFFFFFFFFFFFFFFFFFFF6B
:20B60000FFFFFFFFFFFFFFFFFFFFFFFFFFFFFFFFFFFFFFFFFFFFFFFFFFFFFFFFFFFFFFFF4A
:20B62000FFFFFFFFFFFFFFFFFFFFFFFFFFFFFFFFFFFFFFFFFFFFFFFFFFFFFFFFFFFFFFFF2A
:20B64000FFFFFFFFFFFFFFFFFFFFFFFFFFFFFFFFFFFFFFFFFFFFFFFFFFFFFFFFFFFFFFFF0A
:20B66000FFFFFFFFFFFFFFFFFFFFFFFFFFFFFFFFFFFFFFFFFFFFFFFFFFFFFFFFFFFFFFFFEA
:20B68000FFFFFFFFFFFFFFFFFFFFFFFFFFFFFFFFFFFFFFFFFFFFFFFFFFFFFFFFFFFFFFFFCA
:20B6A000FFFFFFFFFFFFFFFFFFFFFFFFFFFFFFFFFFFFFFFFFFFFFFFFFFFFFFFFFFFFFFFFAA
:20B6C000FFFFFFFFFFFFFFFFFFFFFFFFFFFFFFFFFFFFFFFFFFFFFFFFFFFFFFFFFFFFFFFF8A
:20B6E000FFFFFFFFFFFFFFFFFFFFFFFFFFFFFFFFFFFFFFFFFFFFFFFFFFFFFFFFFFFFFFFF6A
:20B70000FFFFFFFFFFFFFFFFFFFFFFFFFFFFFFFFFFFFFFFFFFFFFFFFFFFFFFFFFFFFFFFF49
:20B72000FFFFFFFFFFFFFFFFFFFFFFFFFFFFFFFFFFFFFFFFFFFFFFFFFFFFFFFFFFFFFFFF29
:20B74000FFFFFFFFFFFFFFFFFFFFFFFFFFFFFFFFFFFFFFFFFFFFFFFFFFFFFFFFFFFFFFFF09
:20B76000FFFFFFFFFFFFFFFFFFFFFFFFFFFFFFFFFFFFFFFFFFFFFFFFFFFFFFFFFFFFFFFFE9
:20B78000FFFFFFFFFFFFFFFFFFFFFFFFFFFFFFFFFFFFFFFFFFFFFFFFFFFFFFFFFFFFFFFFC9
:20B7A000FFFFFFFFFFFFFFFFFFFFFFFFFFFFFFFFFFFFFFFFFFFFFFFFFFFFFFFFFFFFFFFFA9
:20B7C000FFFFFFFFFFFFFFFFFFFFFFFFFFFFFFFFFFFFFFFFFFFFFFFFFFFFFFFFFFFFFFFF89
:20B7E000FFFFFFFFFFFFFFFFFFFFFFFFFFFFFFFFFFFFFFFFFFFFFFFFFFFFFFFFFFFFFFFF69
:20B80000FFFFFFFFFFFFFFFFFFFFFFFFFFFFFFFFFFFFFFFFFFFFFFFFFFFFFFFFFFFFFFFF48
:20B82000FFFFFFFFFFFFFFFFFFFFFFFFFFFFFFFFFFFFFFFFFFFFFFFFFFFFFFFFFFFFFFFF28
:20B84000FFFFFFFFFFFFFFFFFFFFFFFFFFFFFFFFFFFFFFFFFFFFFFFFFFFFFFFFFFFFFFFF08
:20B86000FFFFFFFFFFFFFFFFFFFFFFFFFFFFFFFFFFFFFFFFFFFFFFFFFFFFFFFFFFFFFFFFE8
:20B88000FFFFFFFFFFFFFFFFFFFFFFFFFFFFFFFFFFFFFFFFFFFFFFFFFFFFFFFFFFFFFFFFC8
:20B8A000FFFFFFFFFFFFFFFFFFFFFFFFFFFFFFFFFFFFFFFFFFFFFFFFFFFFFFFFFFFFFFFFA8
:20B8C000FFFFFFFFFFFFFFFFFFFFFFFFFFFFFFFFFFFFFFFFFFFFFFFFFFFFFFFFFFFFFFFF88
:20B8E000FFFFFFFFFFFFFFFFFFFFFFFFFFFFFFFFFFFFFFFFFFFFFFFFFFFFFFFFFFFFFFFF68
:20B90000FFFFFFFFFFFFFFFFFFFFFFFFFFFFFFFFFFFFFFFFFFFFFFFFFFFFFFFFFFFFFFFF47
:20B92000FFFFFFFFFFFFFFFFFFFFFFFFFFFFFFFFFFFFFFFFFFFFFFFFFFFFFFFFFFFFFFFF27
:20B94000FFFFFFFFFFFFFFFFFFFFFFFFFFFFFFFFFFFFFFFFFFFFFFFFFFFFFFFFFFFFFFFF07
:20B96000FFFFFFFFFFFFFFFFFFFFFFFFFFFFFFFFFFFFFFFFFFFFFFFFFFFFFFFFFFFFFFFFE7
:20B98000FFFFFFFFFFFFFFFFFFFFFFFFFFFFFFFFFFFFFFFFFFFFFFFFFFFFFFFFFFFFFFFFC7
:20B9A000FFFFFFFFFFFFFFFFFFFFFFFFFFFFFFFFFFFFFFFFFFFFFFFFFFFFFFFFFFFFFFFFA7
:20B9C000FFFFFFFFFFFFFFFFFFFFFFFFFFFFFFFFFFFFFFFFFFFFFFFFFFFFFFFFFFFFFFFF87
:20B9E000FFFFFFFFFFFFFFFFFFFFFFFFFFFFFFFFFFFFFFFFFFFFFFFFFFFFFFFFFFFFFFFF67
:20BA0000FFFFFFFFFFFFFFFFFFFFFFFFFFFFFFFFFFFFFFFFFFFFFFFFFFFFFFFFFFFFFFFF46
:20BA2000FFFFFFFFFFFFFFFFFFFFFFFFFFFFFFFFFFFFFFFFFFFFFFFFFFFFFFFFFFFFFFFF26
:20BA4000FFFFFFFFFFFFFFFFFFFFFFFFFFFFFFFFFFFFFFFFFFFFFFFFFFFFFFFFFFFFFFFF06
:20BA6000FFFFFFFFFFFFFFFFFFFFFFFFFFFFFFFFFFFFFFFFFFFFFFFFFFFFFFFFFFFFFFFFE6
:20BA8000FFFFFFFFFFFFFFFFFFFFFFFFFFFFFFFFFFFFFFFFFFFFFFFFFFFFFFFFFFFFFFFFC6
:20BAA000FFFFFFFFFFFFFFFFFFFFFFFFFFFFFFFFFFFFFFFFFFFFFFFFFFFFFFFFFFFFFFFFA6
:20BAC000FFFFFFFFFFFFFFFFFFFFFFFFFFFFFFFFFFFFFFFFFFFFFFFFFFFFFFFFFFFFFFFF86
:20BAE000FFFFFFFFFFFFFFFFFFFFFFFFFFFFFFFFFFFFFFFFFFFFFFFFFFFFFFFFFFFFFFFF66
:20BB0000FFFFFFFFFFFFFFFFFFFFFFFFFFFFFFFFFFFFFFFFFFFFFFFFFFFFFFFFFFFFFFFF45
:20BB2000FFFFFFFFFFFFFFFFFFFFFFFFFFFFFFFFFFFFFFFFFFFFFFFFFFFFFFFFFFFFFFFF25
:20BB4000FFFFFFFFFFFFFFFFFFFFFFFFFFFFFFFFFFFFFFFFFFFFFFFFFFFFFFFFFFFFFFFF05
:20BB6000FFFFFFFFFFFFFFFFFFFFFFFFFFFFFFFFFFFFFFFFFFFFFFFFFFFFFFFFFFFFFFFFE5
:20BB8000FFFFFFFFFFFFFFFFFFFFFFFFFFFFFFFFFFFFFFFFFFFFFFFFFFFFFFFFFFFFFFFFC5
:20BBA000FFFFFFFFFFFFFFFFFFFFFFFFFFFFFFFFFFFFFFFFFFFFFFFFFFFFFFFFFFFFFFFFA5
:20BBC000FFFFFFFFFFFFFFFFFFFFFFFFFFFFFFFFFFFFFFFFFFFFFFFFFFFFFFFFFFFFFFFF85
:20BBE000FFFFFFFFFFFFFFFFFFFFFFFFFFFFFFFFFFFFFFFFFFFFFFFFFFFFFFFFFFFFFFFF65
:20BC0000FFFFFFFFFFFFFFFFFFFFFFFFFFFFFFFFFFFFFFFFFFFFFFFFFFFFFFFFFFFFFFFF44
:20BC2000FFFFFFFFFFFFFFFFFFFFFFFFFFFFFFFFFFFFFFFFFFFFFFFFFFFFFFFFFFFFFFFF24
:20BC4000FFFFFFFFFFFFFFFFFFFFFFFFFFFFFFFFFFFFFFFFFFFFFFFFFFFFFFFFFFFFFFFF04
:20BC6000FFFFFFFFFFFFFFFFFFFFFFFFFFFFFFFFFFFFFFFFFFFFFFFFFFFFFFFFFFFFFFFFE4
:20BC8000FFFFFFFFFFFFFFFFFFFFFFFFFFFFFFFFFFFFFFFFFFFFFFFFFFFFFFFFFFFFFFFFC4
:20BCA000FFFFFFFFFFFFFFFFFFFFFFFFFFFFFFFFFFFFFFFFFFFFFFFFFFFFFFFFFFFFFFFFA4
:20BCC000FFFFFFFFFFFFFFFFFFFFFFFFFFFFFFFFFFFFFFFFFFFFFFFFFFFFFFFFFFFFFFFF84
:20BCE000FFFFFFFFFFFFFFFFFFFFFFFFFFFFFFFFFFFFFFFFFFFFFFFFFFFFFFFFFFFFFFFF64
:20BD0000FFFFFFFFFFFFFFFFFFFFFFFFFFFFFFFFFFFFFFFFFFFFFFFFFFFFFFFFFFFFFFFF43
:20BD2000FFFFFFFFFFFFFFFFFFFFFFFFFFFFFFFFFFFFFFFFFFFFFFFFFFFFFFFFFFFFFFFF23
:20BD4000FFFFFFFFFFFFFFFFFFFFFFFFFFFFFFFFFFFFFFFFFFFFFFFFFFFFFFFFFFFFFFFF03
:20BD6000FFFFFFFFFFFFFFFFFFFFFFFFFFFFFFFFFFFFFFFFFFFFFFFFFFFFFFFFFFFFFFFFE3
:20BD8000FFFFFFFFFFFFFFFFFFFFFFFFFFFFFFFFFFFFFFFFFFFFFFFFFFFFFFFFFFFFFFFFC3
:20BDA000FFFFFFFFFFFFFFFFFFFFFFFFFFFFFFFFFFFFFFFFFFFFFFFFFFFFFFFFFFFFFFFFA3
:20BDC000FFFFFFFFFFFFFFFFFFFFFFFFFFFFFFFFFFFFFFFFFFFFFFFFFFFFFFFFFFFFFFFF83
:20BDE000FFFFFFFFFFFFFFFFFFFFFFFFFFFFFFFFFFFFFFFFFFFFFFFFFFFFFFFFFFFFFFFF63
:20BE0000FFFFFFFFFFFFFFFFFFFFFFFFFFFFFFFFFFFFFFFFFFFFFFFFFFFFFFFFFFFFFFFF42
:20BE2000FFFFFFFFFFFFFFFFFFFFFFFFFFFFFFFFFFFFFFFFFFFFFFFFFFFFFFFFFFFFFFFF22
:20BE4000FFFFFFFFFFFFFFFFFFFFFFFFFFFFFFFFFFFFFFFFFFFFFFFFFFFFFFFFFFFFFFFF02
:20BE6000FFFFFFFFFFFFFFFFFFFFFFFFFFFFFFFFFFFFFFFFFFFFFFFFFFFFFFFFFFFFFFFFE2
:20BE8000FFFFFFFFFFFFFFFFFFFFFFFFFFFFFFFFFFFFFFFFFFFFFFFFFFFFFFFFFFFFFFFFC2
:20BEA000FFFFFFFFFFFFFFFFFFFFFFFFFFFFFFFFFFFFFFFFFFFFFFFFFFFFFFFFFFFFFFFFA2
:20BEC000FFFFFFFFFFFFFFFFFFFFFFFFFFFFFFFFFFFFFFFFFFFFFFFFFFFFFFFFFFFFFFFF82
:20BEE000FFFFFFFFFFFFFFFFFFFFFFFFFFFFFFFFFFFFFFFFFFFFFFFFFFFFFFFFFFFFFFFF62
:20BF0000FFFFFFFFFFFFFFFFFFFFFFFFFFFFFFFFFFFFFFFFFFFFFFFFFFFFFFFFFFFFFFFF41
:20BF2000FFFFFFFFFFFFFFFFFFFFFFFFFFFFFFFFFFFFFFFFFFFFFFFFFFFFFFFFFFFFFFFF21
:20BF4000FFFFFFFFFFFFFFFFFFFFFFFFFFFFFFFFFFFFFFFFFFFFFFFFFFFFFFFFFFFFFFFF01
:20BF6000FFFFFFFFFFFFFFFFFFFFFFFFFFFFFFFFFFFFFFFFFFFFFFFFFFFFFFFFFFFFFFFFE1
:20BF8000FFFFFFFFFFFFFFFFFFFFFFFFFFFFFFFFFFFFFFFFFFFFFFFFFFFFFFFFFFFFFFFFC1
:20BFA000FFFFFFFFFFFFFFFFFFFFFFFFFFFFFFFFFFFFFFFFFFFFFFFFFFFFFFFFFFFFFFFFA1
:20BFC000FFFFFFFFFFFFFFFFFFFFFFFFFFFFFFFFFFFFFFFFFFFFFFFFFFFFFFFFFFFFFFFF81
:20BFE000FFFFFFFFFFFFFFFFFFFFFFFFFFFFFFFFFFFFFFFFFFFFFFFFFFFFFFFFFFFFFFFF61
:20C00000FFFFFFFFFFFFFFFFFFFFFFFFFFFFFFFFFFFFFFFFFFFFFFFFFFFFFFFFFFFFFFFF40
:20C02000FFFFFFFFFFFFFFFFFFFFFFFFFFFFFFFFFFFFFFFFFFFFFFFFFFFFFFFFFFFFFFFF20
:20C04000FFFFFFFFFFFFFFFFFFFFFFFFFFFFFFFFFFFFFFFFFFFFFFFFFFFFFFFFFFFFFFFF00
:20C06000FFFFFFFFFFFFFFFFFFFFFFFFFFFFFFFFFFFFFFFFFFFFFFFFFFFFFFFFFFFFFFFFE0
:20C08000FFFFFFFFFFFFFFFFFFFFFFFFFFFFFFFFFFFFFFFFFFFFFFFFFFFFFFFFFFFFFFFFC0
:20C0A000FFFFFFFFFFFFFFFFFFFFFFFFFFFFFFFFFFFFFFFFFFFFFFFFFFFFFFFFFFFFFFFFA0
:20C0C000FFFFFFFFFFFFFFFFFFFFFFFFFFFFFFFFFFFFFFFFFFFFFFFFFFFFFFFFFFFFFFFF80
:20C0E000FFFFFFFFFFFFFFFFFFFFFFFFFFFFFFFFFFFFFFFFFFFFFFFFFFFFFFFFFFFFFFFF60
:20C10000FFFFFFFFFFFFFFFFFFFFFFFFFFFFFFFFFFFFFFFFFFFFFFFFFFFFFFFFFFFFFFFF3F
:20C12000FFFFFFFFFFFFFFFFFFFFFFFFFFFFFFFFFFFFFFFFFFFFFFFFFFFFFFFFFFFFFFFF1F
:20C14000FFFFFFFFFFFFFFFFFFFFFFFFFFFFFFFFFFFFFFFFFFFFFFFFFFFFFFFFFFFFFFFFFF
:20C16000FFFFFFFFFFFFFFFFFFFFFFFFFFFFFFFFFFFFFFFFFFFFFFFFFFFFFFFFFFFFFFFFDF
:20C18000FFFFFFFFFFFFFFFFFFFFFFFFFFFFFFFFFFFFFFFFFFFFFFFFFFFFFFFFFFFFFFFFBF
:20C1A000FFFFFFFFFFFFFFFFFFFFFFFFFFFFFFFFFFFFFFFFFFFFFFFFFFFFFFFFFFFFFFFF9F
:20C1C000FFFFFFFFFFFFFFFFFFFFFFFFFFFFFFFFFFFFFFFFFFFFFFFFFFFFFFFFFFFFFFFF7F
:20C1E000FFFFFFFFFFFFFFFFFFFFFFFFFFFFFFFFFFFFFFFFFFFFFFFFFFFFFFFFFFFFFFFF5F
:20C20000FFFFFFFFFFFFFFFFFFFFFFFFFFFFFFFFFFFFFFFFFFFFFFFFFFFFFFFFFFFFFFFF3E
:20C22000FFFFFFFFFFFFFFFFFFFFFFFFFFFFFFFFFFFFFFFFFFFFFFFFFFFFFFFFFFFFFFFF1E
:20C24000FFFFFFFFFFFFFFFFFFFFFFFFFFFFFFFFFFFFFFFFFFFFFFFFFFFFFFFFFFFFFFFFFE
:20C26000FFFFFFFFFFFFFFFFFFFFFFFFFFFFFFFFFFFFFFFFFFFFFFFFFFFFFFFFFFFFFFFFDE
:20C28000FFFFFFFFFFFFFFFFFFFFFFFFFFFFFFFFFFFFFFFFFFFFFFFFFFFFFFFFFFFFFFFFBE
:20C2A000FFFFFFFFFFFFFFFFFFFFFFFFFFFFFFFFFFFFFFFFFFFFFFFFFFFFFFFFFFFFFFFF9E
:20C2C000FFFFFFFFFFFFFFFFFFFFFFFFFFFFFFFFFFFFFFFFFFFFFFFFFFFFFFFFFFFFFFFF7E
:20C2E000FFFFFFFFFFFFFFFFFFFFFFFFFFFFFFFFFFFFFFFFFFFFFFFFFFFFFFFFFFFFFFFF5E
:20C30000FFFFFFFFFFFFFFFFFFFFFFFFFFFFFFFFFFFFFFFFFFFFFFFFFFFFFFFFFFFFFFFF3D
:20C32000FFFFFFFFFFFFFFFFFFFFFFFFFFFFFFFFFFFFFFFFFFFFFFFFFFFFFFFFFFFFFFFF1D
:20C34000FFFFFFFFFFFFFFFFFFFFFFFFFFFFFFFFFFFFFFFFFFFFFFFFFFFFFFFFFFFFFFFFFD
:20C36000FFFFFFFFFFFFFFFFFFFFFFFFFFFFFFFFFFFFFFFFFFFFFFFFFFFFFFFFFFFFFFFFDD
:20C38000FFFFFFFFFFFFFFFFFFFFFFFFFFFFFFFFFFFFFFFFFFFFFFFFFFFFFFFFFFFFFFFFBD
:20C3A000FFFFFFFFFFFFFFFFFFFFFFFFFFFFFFFFFFFFFFFFFFFFFFFFFFFFFFFFFFFFFFFF9D
:20C3C000FFFFFFFFFFFFFFFFFFFFFFFFFFFFFFFFFFFFFFFFFFFFFFFFFFFFFFFFFFFFFFFF7D
:20C3E000FFFFFFFFFFFFFFFFFFFFFFFFFFFFFFFFFFFFFFFFFFFFFFFFFFFFFFFFFFFFFFFF5D
:20C40000FFFFFFFFFFFFFFFFFFFFFFFFFFFFFFFFFFFFFFFFFFFFFFFFFFFFFFFFFFFFFFFF3C
:20C42000FFFFFFFFFFFFFFFFFFFFFFFFFFFFFFFFFFFFFFFFFFFFFFFFFFFFFFFFFFFFFFFF1C
:20C44000FFFFFFFFFFFFFFFFFFFFFFFFFFFFFFFFFFFFFFFFFFFFFFFFFFFFFFFFFFFFFFFFFC
:20C46000FFFFFFFFFFFFFFFFFFFFFFFFFFFFFFFFFFFFFFFFFFFFFFFFFFFFFFFFFFFFFFFFDC
:20C48000FFFFFFFFFFFFFFFFFFFFFFFFFFFFFFFFFFFFFFFFFFFFFFFFFFFFFFFFFFFFFFFFBC
:20C4A000FFFFFFFFFFFFFFFFFFFFFFFFFFFFFFFFFFFFFFFFFFFFFFFFFFFFFFFFFFFFFFFF9C
:20C4C000FFFFFFFFFFFFFFFFFFFFFFFFFFFFFFFFFFFFFFFFFFFFFFFFFFFFFFFFFFFFFFFF7C
:20C4E000FFFFFFFFFFFFFFFFFFFFFFFFFFFFFFFFFFFFFFFFFFFFFFFFFFFFFFFFFFFFFFFF5C
:20C50000FFFFFFFFFFFFFFFFFFFFFFFFFFFFFFFFFFFFFFFFFFFFFFFFFFFFFFFFFFFFFFFF3B
:20C52000FFFFFFFFFFFFFFFFFFFFFFFFFFFFFFFFFFFFFFFFFFFFFFFFFFFFFFFFFFFFFFFF1B
:20C54000FFFFFFFFFFFFFFFFFFFFFFFFFFFFFFFFFFFFFFFFFFFFFFFFFFFFFFFFFFFFFFFFFB
:20C56000FFFFFFFFFFFFFFFFFFFFFFFFFFFFFFFFFFFFFFFFFFFFFFFFFFFFFFFFFFFFFFFFDB
:20C58000FFFFFFFFFFFFFFFFFFFFFFFFFFFFFFFFFFFFFFFFFFFFFFFFFFFFFFFFFFFFFFFFBB
:20C5A000FFFFFFFFFFFFFFFFFFFFFFFFFFFFFFFFFFFFFFFFFFFFFFFFFFFFFFFFFFFFFFFF9B
:20C5C000FFFFFFFFFFFFFFFFFFFFFFFFFFFFFFFFFFFFFFFFFFFFFFFFFFFFFFFFFFFFFFFF7B
:20C5E000FFFFFFFFFFFFFFFFFFFFFFFFFFFFFFFFFFFFFFFFFFFFFFFFFFFFFFFFFFFFFFFF5B
:20C60000FFFFFFFFFFFFFFFFFFFFFFFFFFFFFFFFFFFFFFFFFFFFFFFFFFFFFFFFFFFFFFFF3A
:20C62000FFFFFFFFFFFFFFFFFFFFFFFFFFFFFFFFFFFFFFFFFFFFFFFFFFFFFFFFFFFFFFFF1A
:20C64000FFFFFFFFFFFFFFFFFFFFFFFFFFFFFFFFFFFFFFFFFFFFFFFFFFFFFFFFFFFFFFFFFA
:20C66000FFFFFFFFFFFFFFFFFFFFFFFFFFFFFFFFFFFFFFFFFFFFFFFFFFFFFFFFFFFFFFFFDA
:20C68000FFFFFFFFFFFFFFFFFFFFFFFFFFFFFFFFFFFFFFFFFFFFFFFFFFFFFFFFFFFFFFFFBA
:20C6A000FFFFFFFFFFFFFFFFFFFFFFFFFFFFFFFFFFFFFFFFFFFFFFFFFFFFFFFFFFFFFFFF9A
:20C6C000FFFFFFFFFFFFFFFFFFFFFFFFFFFFFFFFFFFFFFFFFFFFFFFFFFFFFFFFFFFFFFFF7A
:20C6E000FFFFFFFFFFFFFFFFFFFFFFFFFFFFFFFFFFFFFFFFFFFFFFFFFFFFFFFFFFFFFFFF5A
:20C70000FFFFFFFFFFFFFFFFFFFFFFFFFFFFFFFFFFFFFFFFFFFFFFFFFFFFFFFFFFFFFFFF39
:20C72000FFFFFFFFFFFFFFFFFFFFFFFFFFFFFFFFFFFFFFFFFFFFFFFFFFFFFFFFFFFFFFFF19
:20C74000FFFFFFFFFFFFFFFFFFFFFFFFFFFFFFFFFFFFFFFFFFFFFFFFFFFFFFFFFFFFFFFFF9
:20C76000FFFFFFFFFFFFFFFFFFFFFFFFFFFFFFFFFFFFFFFFFFFFFFFFFFFFFFFFFFFFFFFFD9
:20C78000FFFFFFFFFFFFFFFFFFFFFFFFFFFFFFFFFFFFFFFFFFFFFFFFFFFFFFFFFFFFFFFFB9
:20C7A000FFFFFFFFFFFFFFFFFFFFFFFFFFFFFFFFFFFFFFFFFFFFFFFFFFFFFFFFFFFFFFFF99
:20C7C000FFFFFFFFFFFFFFFFFFFFFFFFFFFFFFFFFFFFFFFFFFFFFFFFFFFFFFFFFFFFFFFF79
:20C7E000FFFFFFFFFFFFFFFFFFFFFFFFFFFFFFFFFFFFFFFFFFFFFFFFFFFFFFFFFFFFFFFF59
:20C80000FFFFFFFFFFFFFFFFFFFFFFFFFFFFFFFFFFFFFFFFFFFFFFFFFFFFFFFFFFFFFFFF38
:20C82000FFFFFFFFFFFFFFFFFFFFFFFFFFFFFFFFFFFFFFFFFFFFFFFFFFFFFFFFFFFFFFFF18
:20C84000FFFFFFFFFFFFFFFFFFFFFFFFFFFFFFFFFFFFFFFFFFFFFFFFFFFFFFFFFFFFFFFFF8
:20C86000FFFFFFFFFFFFFFFFFFFFFFFFFFFFFFFFFFFFFFFFFFFFFFFFFFFFFFFFFFFFFFFFD8
:20C88000FFFFFFFFFFFFFFFFFFFFFFFFFFFFFFFFFFFFFFFFFFFFFFFFFFFFFFFFFFFFFFFFB8
:20C8A000FFFFFFFFFFFFFFFFFFFFFFFFFFFFFFFFFFFFFFFFFFFFFFFFFFFFFFFFFFFFFFFF98
:20C8C000FFFFFFFFFFFFFFFFFFFFFFFFFFFFFFFFFFFFFFFFFFFFFFFFFFFFFFFFFFFFFFFF78
:20C8E000FFFFFFFFFFFFFFFFFFFFFFFFFFFFFFFFFFFFFFFFFFFFFFFFFFFFFFFFFFFFFFFF58
:20C90000FFFFFFFFFFFFFFFFFFFFFFFFFFFFFFFFFFFFFFFFFFFFFFFFFFFFFFFFFFFFFFFF37
:20C92000FFFFFFFFFFFFFFFFFFFFFFFFFFFFFFFFFFFFFFFFFFFFFFFFFFFFFFFFFFFFFFFF17
:20C94000FFFFFFFFFFFFFFFFFFFFFFFFFFFFFFFFFFFFFFFFFFFFFFFFFFFFFFFFFFFFFFFFF7
:20C96000FFFFFFFFFFFFFFFFFFFFFFFFFFFFFFFFFFFFFFFFFFFFFFFFFFFFFFFFFFFFFFFFD7
:20C98000FFFFFFFFFFFFFFFFFFFFFFFFFFFFFFFFFFFFFFFFFFFFFFFFFFFFFFFFFFFFFFFFB7
:20C9A000FFFFFFFFFFFFFFFFFFFFFFFFFFFFFFFFFFFFFFFFFFFFFFFFFFFFFFFFFFFFFFFF97
:20C9C000FFFFFFFFFFFFFFFFFFFFFFFFFFFFFFFFFFFFFFFFFFFFFFFFFFFFFFFFFFFFFFFF77
:20C9E000FFFFFFFFFFFFFFFFFFFFFFFFFFFFFFFFFFFFFFFFFFFFFFFFFFFFFFFFFFFFFFFF57
:20CA0000FFFFFFFFFFFFFFFFFFFFFFFFFFFFFFFFFFFFFFFFFFFFFFFFFFFFFFFFFFFFFFFF36
:20CA2000FFFFFFFFFFFFFFFFFFFFFFFFFFFFFFFFFFFFFFFFFFFFFFFFFFFFFFFFFFFFFFFF16
:20CA4000FFFFFFFFFFFFFFFFFFFFFFFFFFFFFFFFFFFFFFFFFFFFFFFFFFFFFFFFFFFFFFFFF6
:20CA6000FFFFFFFFFFFFFFFFFFFFFFFFFFFFFFFFFFFFFFFFFFFFFFFFFFFFFFFFFFFFFFFFD6
:20CA8000FFFFFFFFFFFFFFFFFFFFFFFFFFFFFFFFFFFFFFFFFFFFFFFFFFFFFFFFFFFFFFFFB6
:20CAA000FFFFFFFFFFFFFFFFFFFFFFFFFFFFFFFFFFFFFFFFFFFFFFFFFFFFFFFFFFFFFFFF96
:20CAC000FFFFFFFFFFFFFFFFFFFFFFFFFFFFFFFFFFFFFFFFFFFFFFFFFFFFFFFFFFFFFFFF76
:20CAE000FFFFFFFFFFFFFFFFFFFFFFFFFFFFFFFFFFFFFFFFFFFFFFFFFFFFFFFFFFFFFFFF56
:20CB0000FFFFFFFFFFFFFFFFFFFFFFFFFFFFFFFFFFFFFFFFFFFFFFFFFFFFFFFFFFFFFFFF35
:20CB2000FFFFFFFFFFFFFFFFFFFFFFFFFFFFFFFFFFFFFFFFFFFFFFFFFFFFFFFFFFFFFFFF15
:20CB4000FFFFFFFFFFFFFFFFFFFFFFFFFFFFFFFFFFFFFFFFFFFFFFFFFFFFFFFFFFFFFFFFF5
:20CB6000FFFFFFFFFFFFFFFFFFFFFFFFFFFFFFFFFFFFFFFFFFFFFFFFFFFFFFFFFFFFFFFFD5
:20CB8000FFFFFFFFFFFFFFFFFFFFFFFFFFFFFFFFFFFFFFFFFFFFFFFFFFFFFFFFFFFFFFFFB5
:20CBA000FFFFFFFFFFFFFFFFFFFFFFFFFFFFFFFFFFFFFFFFFFFFFFFFFFFFFFFFFFFFFFFF95
:20CBC000FFFFFFFFFFFFFFFFFFFFFFFFFFFFFFFFFFFFFFFFFFFFFFFFFFFFFFFFFFFFFFFF75
:20CBE000FFFFFFFFFFFFFFFFFFFFFFFFFFFFFFFFFFFFFFFFFFFFFFFFFFFFFFFFFFFFFFFF55
:20CC0000FFFFFFFFFFFFFFFFFFFFFFFFFFFFFFFFFFFFFFFFFFFFFFFFFFFFFFFFFFFFFFFF34
:20CC2000FFFFFFFFFFFFFFFFFFFFFFFFFFFFFFFFFFFFFFFFFFFFFFFFFFFFFFFFFFFFFFFF14
:20CC4000FFFFFFFFFFFFFFFFFFFFFFFFFFFFFFFFFFFFFFFFFFFFFFFFFFFFFFFFFFFFFFFFF4
:20CC6000FFFFFFFFFFFFFFFFFFFFFFFFFFFFFFFFFFFFFFFFFFFFFFFFFFFFFFFFFFFFFFFFD4
:20CC8000FFFFFFFFFFFFFFFFFFFFFFFFFFFFFFFFFFFFFFFFFFFFFFFFFFFFFFFFFFFFFFFFB4
:20CCA000FFFFFFFFFFFFFFFFFFFFFFFFFFFFFFFFFFFFFFFFFFFFFFFFFFFFFFFFFFFFFFFF94
:20CCC000FFFFFFFFFFFFFFFFFFFFFFFFFFFFFFFFFFFFFFFFFFFFFFFFFFFFFFFFFFFFFFFF74
:20CCE000FFFFFFFFFFFFFFFFFFFFFFFFFFFFFFFFFFFFFFFFFFFFFFFFFFFFFFFFFFFFFFFF54
:20CD0000FFFFFFFFFFFFFFFFFFFFFFFFFFFFFFFFFFFFFFFFFFFFFFFFFFFFFFFFFFFFFFFF33
:20CD2000FFFFFFFFFFFFFFFFFFFFFFFFFFFFFFFFFFFFFFFFFFFFFFFFFFFFFFFFFFFFFFFF13
:20CD4000FFFFFFFFFFFFFFFFFFFFFFFFFFFFFFFFFFFFFFFFFFFFFFFFFFFFFFFFFFFFFFFFF3
:20CD6000FFFFFFFFFFFFFFFFFFFFFFFFFFFFFFFFFFFFFFFFFFFFFFFFFFFFFFFFFFFFFFFFD3
:20CD8000FFFFFFFFFFFFFFFFFFFFFFFFFFFFFFFFFFFFFFFFFFFFFFFFFFFFFFFFFFFFFFFFB3
:20CDA000FFFFFFFFFFFFFFFFFFFFFFFFFFFFFFFFFFFFFFFFFFFFFFFFFFFFFFFFFFFFFFFF93
:20CDC000FFFFFFFFFFFFFFFFFFFFFFFFFFFFFFFFFFFFFFFFFFFFFFFFFFFFFFFFFFFFFFFF73
:20CDE000FFFFFFFFFFFFFFFFFFFFFFFFFFFFFFFFFFFFFFFFFFFFFFFFFFFFFFFFFFFFFFFF53
:20CE0000FFFFFFFFFFFFFFFFFFFFFFFFFFFFFFFFFFFFFFFFFFFFFFFFFFFFFFFFFFFFFFFF32
:20CE2000FFFFFFFFFFFFFFFFFFFFFFFFFFFFFFFFFFFFFFFFFFFFFFFFFFFFFFFFFFFFFFFF12
:20CE4000FFFFFFFFFFFFFFFFFFFFFFFFFFFFFFFFFFFFFFFFFFFFFFFFFFFFFFFFFFFFFFFFF2
:20CE6000FFFFFFFFFFFFFFFFFFFFFFFFFFFFFFFFFFFFFFFFFFFFFFFFFFFFFFFFFFFFFFFFD2
:20CE8000FFFFFFFFFFFFFFFFFFFFFFFFFFFFFFFFFFFFFFFFFFFFFFFFFFFFFFFFFFFFFFFFB2
:20CEA000FFFFFFFFFFFFFFFFFFFFFFFFFFFFFFFFFFFFFFFFFFFFFFFFFFFFFFFFFFFFFFFF92
:20CEC000FFFFFFFFFFFFFFFFFFFFFFFFFFFFFFFFFFFFFFFFFFFFFFFFFFFFFFFFFFFFFFFF72
:20CEE000FFFFFFFFFFFFFFFFFFFFFFFFFFFFFFFFFFFFFFFFFFFFFFFFFFFFFFFFFFFFFFFF52
:20CF0000FFFFFFFFFFFFFFFFFFFFFFFFFFFFFFFFFFFFFFFFFFFFFFFFFFFFFFFFFFFFFFFF31
:20CF2000FFFFFFFFFFFFFFFFFFFFFFFFFFFFFFFFFFFFFFFFFFFFFFFFFFFFFFFFFFFFFFFF11
:20CF4000FFFFFFFFFFFFFFFFFFFFFFFFFFFFFFFFFFFFFFFFFFFFFFFFFFFFFFFFFFFFFFFFF1
:20CF6000FFFFFFFFFFFFFFFFFFFFFFFFFFFFFFFFFFFFFFFFFFFFFFFFFFFFFFFFFFFFFFFFD1
:20CF8000FFFFFFFFFFFFFFFFFFFFFFFFFFFFFFFFFFFFFFFFFFFFFFFFFFFFFFFFFFFFFFFFB1
:20CFA000FFFFFFFFFFFFFFFFFFFFFFFFFFFFFFFFFFFFFFFFFFFFFFFFFFFFFFFFFFFFFFFF91
:20CFC000FFFFFFFFFFFFFFFFFFFFFFFFFFFFFFFFFFFFFFFFFFFFFFFFFFFFFFFFFFFFFFFF71
:20CFE000FFFFFFFFFFFFFFFFFFFFFFFFFFFFFFFFFFFFFFFFFFFFFFFFFFFFFFFFFFFFFFFF51
:20D00000FFFFFFFFFFFFFFFFFFFFFFFFFFFFFFFFFFFFFFFFFFFFFFFFFFFFFFFFFFFFFFFF30
:20D02000FFFFFFFFFFFFFFFFFFFFFFFFFFFFFFFFFFFFFFFFFFFFFFFFFFFFFFFFFFFFFFFF10
:20D04000FFFFFFFFFFFFFFFFFFFFFFFFFFFFFFFFFFFFFFFFFFFFFFFFFFFFFFFFFFFFFFFFF0
:20D06000FFFFFFFFFFFFFFFFFFFFFFFFFFFFFFFFFFFFFFFFFFFFFFFFFFFFFFFFFFFFFFFFD0
:20D08000FFFFFFFFFFFFFFFFFFFFFFFFFFFFFFFFFFFFFFFFFFFFFFFFFFFFFFFFFFFFFFFFB0
:20D0A000FFFFFFFFFFFFFFFFFFFFFFFFFFFFFFFFFFFFFFFFFFFFFFFFFFFFFFFFFFFFFFFF90
:20D0C000FFFFFFFFFFFFFFFFFFFFFFFFFFFFFFFFFFFFFFFFFFFFFFFFFFFFFFFFFFFFFFFF70
:20D0E000FFFFFFFFFFFFFFFFFFFFFFFFFFFFFFFFFFFFFFFFFFFFFFFFFFFFFFFFFFFFFFFF50
:20D10000FFFFFFFFFFFFFFFFFFFFFFFFFFFFFFFFFFFFFFFFFFFFFFFFFFFFFFFFFFFFFFFF2F
:20D12000FFFFFFFFFFFFFFFFFFFFFFFFFFFFFFFFFFFFFFFFFFFFFFFFFFFFFFFFFFFFFFFF0F
:20D14000FFFFFFFFFFFFFFFFFFFFFFFFFFFFFFFFFFFFFFFFFFFFFFFFFFFFFFFFFFFFFFFFEF
:20D16000FFFFFFFFFFFFFFFFFFFFFFFFFFFFFFFFFFFFFFFFFFFFFFFFFFFFFFFFFFFFFFFFCF
:20D18000FFFFFFFFFFFFFFFFFFFFFFFFFFFFFFFFFFFFFFFFFFFFFFFFFFFFFFFFFFFFFFFFAF
:20D1A000FFFFFFFFFFFFFFFFFFFFFFFFFFFFFFFFFFFFFFFFFFFFFFFFFFFFFFFFFFFFFFFF8F
:20D1C000FFFFFFFFFFFFFFFFFFFFFFFFFFFFFFFFFFFFFFFFFFFFFFFFFFFFFFFFFFFFFFFF6F
:20D1E000FFFFFFFFFFFFFFFFFFFFFFFFFFFFFFFFFFFFFFFFFFFFFFFFFFFFFFFFFFFFFFFF4F
:20D20000FFFFFFFFFFFFFFFFFFFFFFFFFFFFFFFFFFFFFFFFFFFFFFFFFFFFFFFFFFFFFFFF2E
:20D22000FFFFFFFFFFFFFFFFFFFFFFFFFFFFFFFFFFFFFFFFFFFFFFFFFFFFFFFFFFFFFFFF0E
:20D24000FFFFFFFFFFFFFFFFFFFFFFFFFFFFFFFFFFFFFFFFFFFFFFFFFFFFFFFFFFFFFFFFEE
:20D26000FFFFFFFFFFFFFFFFFFFFFFFFFFFFFFFFFFFFFFFFFFFFFFFFFFFFFFFFFFFFFFFFCE
:20D28000FFFFFFFFFFFFFFFFFFFFFFFFFFFFFFFFFFFFFFFFFFFFFFFFFFFFFFFFFFFFFFFFAE
:20D2A000FFFFFFFFFFFFFFFFFFFFFFFFFFFFFFFFFFFFFFFFFFFFFFFFFFFFFFFFFFFFFFFF8E
:20D2C000FFFFFFFFFFFFFFFFFFFFFFFFFFFFFFFFFFFFFFFFFFFFFFFFFFFFFFFFFFFFFFFF6E
:20D2E000FFFFFFFFFFFFFFFFFFFFFFFFFFFFFFFFFFFFFFFFFFFFFFFFFFFFFFFFFFFFFFFF4E
:20D30000FFFFFFFFFFFFFFFFFFFFFFFFFFFFFFFFFFFFFFFFFFFFFFFFFFFFFFFFFFFFFFFF2D
:20D32000FFFFFFFFFFFFFFFFFFFFFFFFFFFFFFFFFFFFFFFFFFFFFFFFFFFFFFFFFFFFFFFF0D
:20D34000FFFFFFFFFFFFFFFFFFFFFFFFFFFFFFFFFFFFFFFFFFFFFFFFFFFFFFFFFFFFFFFFED
:20D36000FFFFFFFFFFFFFFFFFFFFFFFFFFFFFFFFFFFFFFFFFFFFFFFFFFFFFFFFFFFFFFFFCD
:20D38000FFFFFFFFFFFFFFFFFFFFFFFFFFFFFFFFFFFFFFFFFFFFFFFFFFFFFFFFFFFFFFFFAD
:20D3A000FFFFFFFFFFFFFFFFFFFFFFFFFFFFFFFFFFFFFFFFFFFFFFFFFFFFFFFFFFFFFFFF8D
:20D3C000FFFFFFFFFFFFFFFFFFFFFFFFFFFFFFFFFFFFFFFFFFFFFFFFFFFFFFFFFFFFFFFF6D
:20D3E000FFFFFFFFFFFFFFFFFFFFFFFFFFFFFFFFFFFFFFFFFFFFFFFFFFFFFFFFFFFFFFFF4D
:20D40000FFFFFFFFFFFFFFFFFFFFFFFFFFFFFFFFFFFFFFFFFFFFFFFFFFFFFFFFFFFFFFFF2C
:20D42000FFFFFFFFFFFFFFFFFFFFFFFFFFFFFFFFFFFFFFFFFFFFFFFFFFFFFFFFFFFFFFFF0C
:20D44000FFFFFFFFFFFFFFFFFFFFFFFFFFFFFFFFFFFFFFFFFFFFFFFFFFFFFFFFFFFFFFFFEC
:20D46000FFFFFFFFFFFFFFFFFFFFFFFFFFFFFFFFFFFFFFFFFFFFFFFFFFFFFFFFFFFFFFFFCC
:20D48000FFFFFFFFFFFFFFFFFFFFFFFFFFFFFFFFFFFFFFFFFFFFFFFFFFFFFFFFFFFFFFFFAC
:20D4A000FFFFFFFFFFFFFFFFFFFFFFFFFFFFFFFFFFFFFFFFFFFFFFFFFFFFFFFFFFFFFFFF8C
:20D4C000FFFFFFFFFFFFFFFFFFFFFFFFFFFFFFFFFFFFFFFFFFFFFFFFFFFFFFFFFFFFFFFF6C
:20D4E000FFFFFFFFFFFFFFFFFFFFFFFFFFFFFFFFFFFFFFFFFFFFFFFFFFFFFFFFFFFFFFFF4C
:20D50000FFFFFFFFFFFFFFFFFFFFFFFFFFFFFFFFFFFFFFFFFFFFFFFFFFFFFFFFFFFFFFFF2B
:20D52000FFFFFFFFFFFFFFFFFFFFFFFFFFFFFFFFFFFFFFFFFFFFFFFFFFFFFFFFFFFFFFFF0B
:20D54000FFFFFFFFFFFFFFFFFFFFFFFFFFFFFFFFFFFFFFFFFFFFFFFFFFFFFFFFFFFFFFFFEB
:20D56000FFFFFFFFFFFFFFFFFFFFFFFFFFFFFFFFFFFFFFFFFFFFFFFFFFFFFFFFFFFFFFFFCB
:20D58000FFFFFFFFFFFFFFFFFFFFFFFFFFFFFFFFFFFFFFFFFFFFFFFFFFFFFFFFFFFFFFFFAB
:20D5A000FFFFFFFFFFFFFFFFFFFFFFFFFFFFFFFFFFFFFFFFFFFFFFFFFFFFFFFFFFFFFFFF8B
:20D5C000FFFFFFFFFFFFFFFFFFFFFFFFFFFFFFFFFFFFFFFFFFFFFFFFFFFFFFFFFFFFFFFF6B
:20D5E000FFFFFFFFFFFFFFFFFFFFFFFFFFFFFFFFFFFFFFFFFFFFFFFFFFFFFFFFFFFFFFFF4B
:20D60000FFFFFFFFFFFFFFFFFFFFFFFFFFFFFFFFFFFFFFFFFFFFFFFFFFFFFFFFFFFFFFFF2A
:20D62000FFFFFFFFFFFFFFFFFFFFFFFFFFFFFFFFFFFFFFFFFFFFFFFFFFFFFFFFFFFFFFFF0A
:20D64000FFFFFFFFFFFFFFFFFFFFFFFFFFFFFFFFFFFFFFFFFFFFFFFFFFFFFFFFFFFFFFFFEA
:20D66000FFFFFFFFFFFFFFFFFFFFFFFFFFFFFFFFFFFFFFFFFFFFFFFFFFFFFFFFFFFFFFFFCA
:20D68000FFFFFFFFFFFFFFFFFFFFFFFFFFFFFFFFFFFFFFFFFFFFFFFFFFFFFFFFFFFFFFFFAA
:20D6A000FFFFFFFFFFFFFFFFFFFFFFFFFFFFFFFFFFFFFFFFFFFFFFFFFFFFFFFFFFFFFFFF8A
:20D6C000FFFFFFFFFFFFFFFFFFFFFFFFFFFFFFFFFFFFFFFFFFFFFFFFFFFFFFFFFFFFFFFF6A
:20D6E000FFFFFFFFFFFFFFFFFFFFFFFFFFFFFFFFFFFFFFFFFFFFFFFFFFFFFFFFFFFFFFFF4A
:20D70000FFFFFFFFFFFFFFFFFFFFFFFFFFFFFFFFFFFFFFFFFFFFFFFFFFFFFFFFFFFFFFFF29
:20D72000FFFFFFFFFFFFFFFFFFFFFFFFFFFFFFFFFFFFFFFFFFFFFFFFFFFFFFFFFFFFFFFF09
:20D74000FFFFFFFFFFFFFFFFFFFFFFFFFFFFFFFFFFFFFFFFFFFFFFFFFFFFFFFFFFFFFFFFE9
:20D76000FFFFFFFFFFFFFFFFFFFFFFFFFFFFFFFFFFFFFFFFFFFFFFFFFFFFFFFFFFFFFFFFC9
:20D78000FFFFFFFFFFFFFFFFFFFFFFFFFFFFFFFFFFFFFFFFFFFFFFFFFFFFFFFFFFFFFFFFA9
:20D7A000FFFFFFFFFFFFFFFFFFFFFFFFFFFFFFFFFFFFFFFFFFFFFFFFFFFFFFFFFFFFFFFF89
:20D7C000FFFFFFFFFFFFFFFFFFFFFFFFFFFFFFFFFFFFFFFFFFFFFFFFFFFFFFFFFFFFFFFF69
:20D7E000FFFFFFFFFFFFFFFFFFFFFFFFFFFFFFFFFFFFFFFFFFFFFFFFFFFFFFFFFFFFFFFF49
:20D80000FFFFFFFFFFFFFFFFFFFFFFFFFFFFFFFFFFFFFFFFFFFFFFFFFFFFFFFFFFFFFFFF28
:20D82000FFFFFFFFFFFFFFFFFFFFFFFFFFFFFFFFFFFFFFFFFFFFFFFFFFFFFFFFFFFFFFFF08
:20D84000FFFFFFFFFFFFFFFFFFFFFFFFFFFFFFFFFFFFFFFFFFFFFFFFFFFFFFFFFFFFFFFFE8
:20D86000FFFFFFFFFFFFFFFFFFFFFFFFFFFFFFFFFFFFFFFFFFFFFFFFFFFFFFFFFFFFFFFFC8
:20D88000FFFFFFFFFFFFFFFFFFFFFFFFFFFFFFFFFFFFFFFFFFFFFFFFFFFFFFFFFFFFFFFFA8
:20D8A000FFFFFFFFFFFFFFFFFFFFFFFFFFFFFFFFFFFFFFFFFFFFFFFFFFFFFFFFFFFFFFFF88
:20D8C000FFFFFFFFFFFFFFFFFFFFFFFFFFFFFFFFFFFFFFFFFFFFFFFFFFFFFFFFFFFFFFFF68
:20D8E000FFFFFFFFFFFFFFFFFFFFFFFFFFFFFFFFFFFFFFFFFFFFFFFFFFFFFFFFFFFFFFFF48
:20D90000FFFFFFFFFFFFFFFFFFFFFFFFFFFFFFFFFFFFFFFFFFFFFFFFFFFFFFFFFFFFFFFF27
:20D92000FFFFFFFFFFFFFFFFFFFFFFFFFFFFFFFFFFFFFFFFFFFFFFFFFFFFFFFFFFFFFFFF07
:20D94000FFFFFFFFFFFFFFFFFFFFFFFFFFFFFFFFFFFFFFFFFFFFFFFFFFFFFFFFFFFFFFFFE7
:20D96000FFFFFFFFFFFFFFFFFFFFFFFFFFFFFFFFFFFFFFFFFFFFFFFFFFFFFFFFFFFFFFFFC7
:20D98000FFFFFFFFFFFFFFFFFFFFFFFFFFFFFFFFFFFFFFFFFFFFFFFFFFFFFFFFFFFFFFFFA7
:20D9A000FFFFFFFFFFFFFFFFFFFFFFFFFFFFFFFFFFFFFFFFFFFFFFFFFFFFFFFFFFFFFFFF87
:20D9C000FFFFFFFFFFFFFFFFFFFFFFFFFFFFFFFFFFFFFFFFFFFFFFFFFFFFFFFFFFFFFFFF67
:20D9E000FFFFFFFFFFFFFFFFFFFFFFFFFFFFFFFFFFFFFFFFFFFFFFFFFFFFFFFFFFFFFFFF47
:20DA0000FFFFFFFFFFFFFFFFFFFFFFFFFFFFFFFFFFFFFFFFFFFFFFFFFFFFFFFFFFFFFFFF26
:20DA2000FFFFFFFFFFFFFFFFFFFFFFFFFFFFFFFFFFFFFFFFFFFFFFFFFFFFFFFFFFFFFFFF06
:20DA4000FFFFFFFFFFFFFFFFFFFFFFFFFFFFFFFFFFFFFFFFFFFFFFFFFFFFFFFFFFFFFFFFE6
:20DA6000FFFFFFFFFFFFFFFFFFFFFFFFFFFFFFFFFFFFFFFFFFFFFFFFFFFFFFFFFFFFFFFFC6
:20DA8000FFFFFFFFFFFFFFFFFFFFFFFFFFFFFFFFFFFFFFFFFFFFFFFFFFFFFFFFFFFFFFFFA6
:20DAA000FFFFFFFFFFFFFFFFFFFFFFFFFFFFFFFFFFFFFFFFFFFFFFFFFFFFFFFFFFFFFFFF86
:20DAC000FFFFFFFFFFFFFFFFFFFFFFFFFFFFFFFFFFFFFFFFFFFFFFFFFFFFFFFFFFFFFFFF66
:20DAE000FFFFFFFFFFFFFFFFFFFFFFFFFFFFFFFFFFFFFFFFFFFFFFFFFFFFFFFFFFFFFFFF46
:20DB0000FFFFFFFFFFFFFFFFFFFFFFFFFFFFFFFFFFFFFFFFFFFFFFFFFFFFFFFFFFFFFFFF25
:20DB2000FFFFFFFFFFFFFFFFFFFFFFFFFFFFFFFFFFFFFFFFFFFFFFFFFFFFFFFFFFFFFFFF05
:20DB4000FFFFFFFFFFFFFFFFFFFFFFFFFFFFFFFFFFFFFFFFFFFFFFFFFFFFFFFFFFFFFFFFE5
:20DB6000FFFFFFFFFFFFFFFFFFFFFFFFFFFFFFFFFFFFFFFFFFFFFFFFFFFFFFFFFFFFFFFFC5
:20DB8000FFFFFFFFFFFFFFFFFFFFFFFFFFFFFFFFFFFFFFFFFFFFFFFFFFFFFFFFFFFFFFFFA5
:20DBA000FFFFFFFFFFFFFFFFFFFFFFFFFFFFFFFFFFFFFFFFFFFFFFFFFFFFFFFFFFFFFFFF85
:20DBC000FFFFFFFFFFFFFFFFFFFFFFFFFFFFFFFFFFFFFFFFFFFFFFFFFFFFFFFFFFFFFFFF65
:20DBE000FFFFFFFFFFFFFFFFFFFFFFFFFFFFFFFFFFFFFFFFFFFFFFFFFFFFFFFFFFFFFFFF45
:20DC0000FFFFFFFFFFFFFFFFFFFFFFFFFFFFFFFFFFFFFFFFFFFFFFFFFFFFFFFFFFFFFFFF24
:20DC2000FFFFFFFFFFFFFFFFFFFFFFFFFFFFFFFFFFFFFFFFFFFFFFFFFFFFFFFFFFFFFFFF04
:20DC4000FFFFFFFFFFFFFFFFFFFFFFFFFFFFFFFFFFFFFFFFFFFFFFFFFFFFFFFFFFFFFFFFE4
:20DC6000FFFFFFFFFFFFFFFFFFFFFFFFFFFFFFFFFFFFFFFFFFFFFFFFFFFFFFFFFFFFFFFFC4
:20DC8000FFFFFFFFFFFFFFFFFFFFFFFFFFFFFFFFFFFFFFFFFFFFFFFFFFFFFFFFFFFFFFFFA4
:20DCA000FFFFFFFFFFFFFFFFFFFFFFFFFFFFFFFFFFFFFFFFFFFFFFFFFFFFFFFFFFFFFFFF84
:20DCC000FFFFFFFFFFFFFFFFFFFFFFFFFFFFFFFFFFFFFFFFFFFFFFFFFFFFFFFFFFFFFFFF64
:20DCE000FFFFFFFFFFFFFFFFFFFFFFFFFFFFFFFFFFFFFFFFFFFFFFFFFFFFFFFFFFFFFFFF44
:20DD0000FFFFFFFFFFFFFFFFFFFFFFFFFFFFFFFFFFFFFFFFFFFFFFFFFFFFFFFFFFFFFFFF23
:20DD2000FFFFFFFFFFFFFFFFFFFFFFFFFFFFFFFFFFFFFFFFFFFFFFFFFFFFFFFFFFFFFFFF03
:20DD4000FFFFFFFFFFFFFFFFFFFFFFFFFFFFFFFFFFFFFFFFFFFFFFFFFFFFFFFFFFFFFFFFE3
:20DD6000FFFFFFFFFFFFFFFFFFFFFFFFFFFFFFFFFFFFFFFFFFFFFFFFFFFFFFFFFFFFFFFFC3
:20DD8000FFFFFFFFFFFFFFFFFFFFFFFFFFFFFFFFFFFFFFFFFFFFFFFFFFFFFFFFFFFFFFFFA3
:20DDA000FFFFFFFFFFFFFFFFFFFFFFFFFFFFFFFFFFFFFFFFFFFFFFFFFFFFFFFFFFFFFFFF83
:20DDC000FFFFFFFFFFFFFFFFFFFFFFFFFFFFFFFFFFFFFFFFFFFFFFFFFFFFFFFFFFFFFFFF63
:20DDE000FFFFFFFFFFFFFFFFFFFFFFFFFFFFFFFFFFFFFFFFFFFFFFFFFFFFFFFFFFFFFFFF43
:20DE0000FFFFFFFFFFFFFFFFFFFFFFFFFFFFFFFFFFFFFFFFFFFFFFFFFFFFFFFFFFFFFFFF22
:20DE2000FFFFFFFFFFFFFFFFFFFFFFFFFFFFFFFFFFFFFFFFFFFFFFFFFFFFFFFFFFFFFFFF02
:20DE4000FFFFFFFFFFFFFFFFFFFFFFFFFFFFFFFFFFFFFFFFFFFFFFFFFFFFFFFFFFFFFFFFE2
:20DE6000FFFFFFFFFFFFFFFFFFFFFFFFFFFFFFFFFFFFFFFFFFFFFFFFFFFFFFFFFFFFFFFFC2
:20DE8000FFFFFFFFFFFFFFFFFFFFFFFFFFFFFFFFFFFFFFFFFFFFFFFFFFFFFFFFFFFFFFFFA2
:20DEA000FFFFFFFFFFFFFFFFFFFFFFFFFFFFFFFFFFFFFFFFFFFFFFFFFFFFFFFFFFFFFFFF82
:20DEC000FFFFFFFFFFFFFFFFFFFFFFFFFFFFFFFFFFFFFFFFFFFFFFFFFFFFFFFFFFFFFFFF62
:20DEE000FFFFFFFFFFFFFFFFFFFFFFFFFFFFFFFFFFFFFFFFFFFFFFFFFFFFFFFFFFFFFFFF42
:20DF0000FFFFFFFFFFFFFFFFFFFFFFFFFFFFFFFFFFFFFFFFFFFFFFFFFFFFFFFFFFFFFFFF21
:20DF2000FFFFFFFFFFFFFFFFFFFFFFFFFFFFFFFFFFFFFFFFFFFFFFFFFFFFFFFFFFFFFFFF01
:20DF4000FFFFFFFFFFFFFFFFFFFFFFFFFFFFFFFFFFFFFFFFFFFFFFFFFFFFFFFFFFFFFFFFE1
:20DF6000FFFFFFFFFFFFFFFFFFFFFFFFFFFFFFFFFFFFFFFFFFFFFFFFFFFFFFFFFFFFFFFFC1
:20DF8000FFFFFFFFFFFFFFFFFFFFFFFFFFFFFFFFFFFFFFFFFFFFFFFFFFFFFFFFFFFFFFFFA1
:20DFA000FFFFFFFFFFFFFFFFFFFFFFFFFFFFFFFFFFFFFFFFFFFFFFFFFFFFFFFFFFFFFFFF81
:20DFC000FFFFFFFFFFFFFFFFFFFFFFFFFFFFFFFFFFFFFFFFFFFFFFFFFFFFFFFFFFFFFFFF61
:20DFE000FFFFFFFFFFFFFFFFFFFFFFFFFFFFFFFFFFFFFFFFFFFFFFFFFFFFFFFFFFFFFFFF41
:20E00000FFFFFFFFFFFFFFFFFFFFFFFFFFFFFFFFFFFFFFFFFFFFFFFFFFFFFFFFFFFFFFFF20
:20E02000FFFFFFFFFFFFFFFFFFFFFFFFFFFFFFFFFFFFFFFFFFFFFFFFFFFFFFFFFFFFFFFF00
:20E04000FFFFFFFFFFFFFFFFFFFFFFFFFFFFFFFFFFFFFFFFFFFFFFFFFFFFFFFFFFFFFFFFE0
:20E06000FFFFFFFFFFFFFFFFFFFFFFFFFFFFFFFFFFFFFFFFFFFFFFFFFFFFFFFFFFFFFFFFC0
:20E08000FFFFFFFFFFFFFFFFFFFFFFFFFFFFFFFFFFFFFFFFFFFFFFFFFFFFFFFFFFFFFFFFA0
:20E0A000FFFFFFFFFFFFFFFFFFFFFFFFFFFFFFFFFFFFFFFFFFFFFFFFFFFFFFFFFFFFFFFF80
:20E0C000FFFFFFFFFFFFFFFFFFFFFFFFFFFFFFFFFFFFFFFFFFFFFFFFFFFFFFFFFFFFFFFF60
:20E0E000FFFFFFFFFFFFFFFFFFFFFFFFFFFFFFFFFFFFFFFFFFFFFFFFFFFFFFFFFFFFFFFF40
:20E10000FFFFFFFFFFFFFFFFFFFFFFFFFFFFFFFFFFFFFFFFFFFFFFFFFFFFFFFFFFFFFFFF1F
:20E12000FFFFFFFFFFFFFFFFFFFFFFFFFFFFFFFFFFFFFFFFFFFFFFFFFFFFFFFFFFFFFFFFFF
:20E14000FFFFFFFFFFFFFFFFFFFFFFFFFFFFFFFFFFFFFFFFFFFFFFFFFFFFFFFFFFFFFFFFDF
:20E16000FFFFFFFFFFFFFFFFFFFFFFFFFFFFFFFFFFFFFFFFFFFFFFFFFFFFFFFFFFFFFFFFBF
:20E18000FFFFFFFFFFFFFFFFFFFFFFFFFFFFFFFFFFFFFFFFFFFFFFFFFFFFFFFFFFFFFFFF9F
:20E1A000FFFFFFFFFFFFFFFFFFFFFFFFFFFFFFFFFFFFFFFFFFFFFFFFFFFFFFFFFFFFFFFF7F
:20E1C000FFFFFFFFFFFFFFFFFFFFFFFFFFFFFFFFFFFFFFFFFFFFFFFFFFFFFFFFFFFFFFFF5F
:20E1E000FFFFFFFFFFFFFFFFFFFFFFFFFFFFFFFFFFFFFFFFFFFFFFFFFFFFFFFFFFFFFFFF3F
:20E20000FFFFFFFFFFFFFFFFFFFFFFFFFFFFFFFFFFFFFFFFFFFFFFFFFFFFFFFFFFFFFFFF1E
:20E22000FFFFFFFFFFFFFFFFFFFFFFFFFFFFFFFFFFFFFFFFFFFFFFFFFFFFFFFFFFFFFFFFFE
:20E24000FFFFFFFFFFFFFFFFFFFFFFFFFFFFFFFFFFFFFFFFFFFFFFFFFFFFFFFFFFFFFFFFDE
:20E26000FFFFFFFFFFFFFFFFFFFFFFFFFFFFFFFFFFFFFFFFFFFFFFFFFFFFFFFFFFFFFFFFBE
:20E28000FFFFFFFFFFFFFFFFFFFFFFFFFFFFFFFFFFFFFFFFFFFFFFFFFFFFFFFFFFFFFFFF9E
:20E2A000FFFFFFFFFFFFFFFFFFFFFFFFFFFFFFFFFFFFFFFFFFFFFFFFFFFFFFFFFFFFFFFF7E
:20E2C000FFFFFFFFFFFFFFFFFFFFFFFFFFFFFFFFFFFFFFFFFFFFFFFFFFFFFFFFFFFFFFFF5E
:20E2E000FFFFFFFFFFFFFFFFFFFFFFFFFFFFFFFFFFFFFFFFFFFFFFFFFFFFFFFFFFFFFFFF3E
:20E30000FFFFFFFFFFFFFFFFFFFFFFFFFFFFFFFFFFFFFFFFFFFFFFFFFFFFFFFFFFFFFFFF1D
:20E32000FFFFFFFFFFFFFFFFFFFFFFFFFFFFFFFFFFFFFFFFFFFFFFFFFFFFFFFFFFFFFFFFFD
:20E34000FFFFFFFFFFFFFFFFFFFFFFFFFFFFFFFFFFFFFFFFFFFFFFFFFFFFFFFFFFFFFFFFDD
:20E36000FFFFFFFFFFFFFFFFFFFFFFFFFFFFFFFFFFFFFFFFFFFFFFFFFFFFFFFFFFFFFFFFBD
:20E38000FFFFFFFFFFFFFFFFFFFFFFFFFFFFFFFFFFFFFFFFFFFFFFFFFFFFFFFFFFFFFFFF9D
:20E3A000FFFFFFFFFFFFFFFFFFFFFFFFFFFFFFFFFFFFFFFFFFFFFFFFFFFFFFFFFFFFFFFF7D
:20E3C000FFFFFFFFFFFFFFFFFFFFFFFFFFFFFFFFFFFFFFFFFFFFFFFFFFFFFFFFFFFFFFFF5D
:20E3E000FFFFFFFFFFFFFFFFFFFFFFFFFFFFFFFFFFFFFFFFFFFFFFFFFFFFFFFFFFFFFFFF3D
:20E40000FFFFFFFFFFFFFFFFFFFFFFFFFFFFFFFFFFFFFFFFFFFFFFFFFFFFFFFFFFFFFFFF1C
:20E42000FFFFFFFFFFFFFFFFFFFFFFFFFFFFFFFFFFFFFFFFFFFFFFFFFFFFFFFFFFFFFFFFFC
:20E44000FFFFFFFFFFFFFFFFFFFFFFFFFFFFFFFFFFFFFFFFFFFFFFFFFFFFFFFFFFFFFFFFDC
:20E46000FFFFFFFFFFFFFFFFFFFFFFFFFFFFFFFFFFFFFFFFFFFFFFFFFFFFFFFFFFFFFFFFBC
:20E48000FFFFFFFFFFFFFFFFFFFFFFFFFFFFFFFFFFFFFFFFFFFFFFFFFFFFFFFFFFFFFFFF9C
:20E4A000FFFFFFFFFFFFFFFFFFFFFFFFFFFFFFFFFFFFFFFFFFFFFFFFFFFFFFFFFFFFFFFF7C
:20E4C000FFFFFFFFFFFFFFFFFFFFFFFFFFFFFFFFFFFFFFFFFFFFFFFFFFFFFFFFFFFFFFFF5C
:20E4E000FFFFFFFFFFFFFFFFFFFFFFFFFFFFFFFFFFFFFFFFFFFFFFFFFFFFFFFFFFFFFFFF3C
:20E50000FFFFFFFFFFFFFFFFFFFFFFFFFFFFFFFFFFFFFFFFFFFFFFFFFFFFFFFFFFFFFFFF1B
:20E52000FFFFFFFFFFFFFFFFFFFFFFFFFFFFFFFFFFFFFFFFFFFFFFFFFFFFFFFFFFFFFFFFFB
:20E54000FFFFFFFFFFFFFFFFFFFFFFFFFFFFFFFFFFFFFFFFFFFFFFFFFFFFFFFFFFFFFFFFDB
:20E56000FFFFFFFFFFFFFFFFFFFFFFFFFFFFFFFFFFFFFFFFFFFFFFFFFFFFFFFFFFFFFFFFBB
:20E58000FFFFFFFFFFFFFFFFFFFFFFFFFFFFFFFFFFFFFFFFFFFFFFFFFFFFFFFFFFFFFFFF9B
:20E5A000FFFFFFFFFFFFFFFFFFFFFFFFFFFFFFFFFFFFFFFFFFFFFFFFFFFFFFFFFFFFFFFF7B
:20E5C000FFFFFFFFFFFFFFFFFFFFFFFFFFFFFFFFFFFFFFFFFFFFFFFFFFFFFFFFFFFFFFFF5B
:20E5E000FFFFFFFFFFFFFFFFFFFFFFFFFFFFFFFFFFFFFFFFFFFFFFFFFFFFFFFFFFFFFFFF3B
:20E60000FFFFFFFFFFFFFFFFFFFFFFFFFFFFFFFFFFFFFFFFFFFFFFFFFFFFFFFFFFFFFFFF1A
:20E62000FFFFFFFFFFFFFFFFFFFFFFFFFFFFFFFFFFFFFFFFFFFFFFFFFFFFFFFFFFFFFFFFFA
:20E64000FFFFFFFFFFFFFFFFFFFFFFFFFFFFFFFFFFFFFFFFFFFFFFFFFFFFFFFFFFFFFFFFDA
:20E66000FFFFFFFFFFFFFFFFFFFFFFFFFFFFFFFFFFFFFFFFFFFFFFFFFFFFFFFFFFFFFFFFBA
:20E68000FFFFFFFFFFFFFFFFFFFFFFFFFFFFFFFFFFFFFFFFFFFFFFFFFFFFFFFFFFFFFFFF9A
:20E6A000FFFFFFFFFFFFFFFFFFFFFFFFFFFFFFFFFFFFFFFFFFFFFFFFFFFFFFFFFFFFFFFF7A
:20E6C000FFFFFFFFFFFFFFFFFFFFFFFFFFFFFFFFFFFFFFFFFFFFFFFFFFFFFFFFFFFFFFFF5A
:20E6E000FFFFFFFFFFFFFFFFFFFFFFFFFFFFFFFFFFFFFFFFFFFFFFFFFFFFFFFFFFFFFFFF3A
:20E70000FFFFFFFFFFFFFFFFFFFFFFFFFFFFFFFFFFFFFFFFFFFFFFFFFFFFFFFFFFFFFFFF19
:20E72000FFFFFFFFFFFFFFFFFFFFFFFFFFFFFFFFFFFFFFFFFFFFFFFFFFFFFFFFFFFFFFFFF9
:20E74000FFFFFFFFFFFFFFFFFFFFFFFFFFFFFFFFFFFFFFFFFFFFFFFFFFFFFFFFFFFFFFFFD9
:20E76000FFFFFFFFFFFFFFFFFFFFFFFFFFFFFFFFFFFFFFFFFFFFFFFFFFFFFFFFFFFFFFFFB9
:20E78000FFFFFFFFFFFFFFFFFFFFFFFFFFFFFFFFFFFFFFFFFFFFFFFFFFFFFFFFFFFFFFFF99
:20E7A000FFFFFFFFFFFFFFFFFFFFFFFFFFFFFFFFFFFFFFFFFFFFFFFFFFFFFFFFFFFFFFFF79
:20E7C000FFFFFFFFFFFFFFFFFFFFFFFFFFFFFFFFFFFFFFFFFFFFFFFFFFFFFFFFFFFFFFFF59
:20E7E000FFFFFFFFFFFFFFFFFFFFFFFFFFFFFFFFFFFFFFFFFFFFFFFFFFFFFFFFFFFFFFFF39
:20E80000FFFFFFFFFFFFFFFFFFFFFFFFFFFFFFFFFFFFFFFFFFFFFFFFFFFFFFFFFFFFFFFF18
:20E82000FFFFFFFFFFFFFFFFFFFFFFFFFFFFFFFFFFFFFFFFFFFFFFFFFFFFFFFFFFFFFFFFF8
:20E84000FFFFFFFFFFFFFFFFFFFFFFFFFFFFFFFFFFFFFFFFFFFFFFFFFFFFFFFFFFFFFFFFD8
:20E86000FFFFFFFFFFFFFFFFFFFFFFFFFFFFFFFFFFFFFFFFFFFFFFFFFFFFFFFFFFFFFFFFB8
:20E88000FFFFFFFFFFFFFFFFFFFFFFFFFFFFFFFFFFFFFFFFFFFFFFFFFFFFFFFFFFFFFFFF98
:20E8A000FFFFFFFFFFFFFFFFFFFFFFFFFFFFFFFFFFFFFFFFFFFFFFFFFFFFFFFFFFFFFFFF78
:20E8C000FFFFFFFFFFFFFFFFFFFFFFFFFFFFFFFFFFFFFFFFFFFFFFFFFFFFFFFFFFFFFFFF58
:20E8E000FFFFFFFFFFFFFFFFFFFFFFFFFFFFFFFFFFFFFFFFFFFFFFFFFFFFFFFFFFFFFFFF38
:20E90000FFFFFFFFFFFFFFFFFFFFFFFFFFFFFFFFFFFFFFFFFFFFFFFFFFFFFFFFFFFFFFFF17
:20E92000FFFFFFFFFFFFFFFFFFFFFFFFFFFFFFFFFFFFFFFFFFFFFFFFFFFFFFFFFFFFFFFFF7
:20E94000FFFFFFFFFFFFFFFFFFFFFFFFFFFFFFFFFFFFFFFFFFFFFFFFFFFFFFFFFFFFFFFFD7
:20E96000FFFFFFFFFFFFFFFFFFFFFFFFFFFFFFFFFFFFFFFFFFFFFFFFFFFFFFFFFFFFFFFFB7
:20E98000FFFFFFFFFFFFFFFFFFFFFFFFFFFFFFFFFFFFFFFFFFFFFFFFFFFFFFFFFFFFFFFF97
:20E9A000FFFFFFFFFFFFFFFFFFFFFFFFFFFFFFFFFFFFFFFFFFFFFFFFFFFFFFFFFFFFFFFF77
:20E9C000FFFFFFFFFFFFFFFFFFFFFFFFFFFFFFFFFFFFFFFFFFFFFFFFFFFFFFFFFFFFFFFF57
:20E9E000FFFFFFFFFFFFFFFFFFFFFFFFFFFFFFFFFFFFFFFFFFFFFFFFFFFFFFFFFFFFFFFF37
:20EA0000FFFFFFFFFFFFFFFFFFFFFFFFFFFFFFFFFFFFFFFFFFFFFFFFFFFFFFFFFFFFFFFF16
:20EA2000FFFFFFFFFFFFFFFFFFFFFFFFFFFFFFFFFFFFFFFFFFFFFFFFFFFFFFFFFFFFFFFFF6
:20EA4000FFFFFFFFFFFFFFFFFFFFFFFFFFFFFFFFFFFFFFFFFFFFFFFFFFFFFFFFFFFFFFFFD6
:20EA6000FFFFFFFFFFFFFFFFFFFFFFFFFFFFFFFFFFFFFFFFFFFFFFFFFFFFFFFFFFFFFFFFB6
:20EA8000FFFFFFFFFFFFFFFFFFFFFFFFFFFFFFFFFFFFFFFFFFFFFFFFFFFFFFFFFFFFFFFF96
:20EAA000FFFFFFFFFFFFFFFFFFFFFFFFFFFFFFFFFFFFFFFFFFFFFFFFFFFFFFFFFFFFFFFF76
:20EAC000FFFFFFFFFFFFFFFFFFFFFFFFFFFFFFFFFFFFFFFFFFFFFFFFFFFFFFFFFFFFFFFF56
:20EAE000FFFFFFFFFFFFFFFFFFFFFFFFFFFFFFFFFFFFFFFFFFFFFFFFFFFFFFFFFFFFFFFF36
:20EB0000FFFFFFFFFFFFFFFFFFFFFFFFFFFFFFFFFFFFFFFFFFFFFFFFFFFFFFFFFFFFFFFF15
:20EB2000FFFFFFFFFFFFFFFFFFFFFFFFFFFFFFFFFFFFFFFFFFFFFFFFFFFFFFFFFFFFFFFFF5
:20EB4000FFFFFFFFFFFFFFFFFFFFFFFFFFFFFFFFFFFFFFFFFFFFFFFFFFFFFFFFFFFFFFFFD5
:20EB6000FFFFFFFFFFFFFFFFFFFFFFFFFFFFFFFFFFFFFFFFFFFFFFFFFFFFFFFFFFFFFFFFB5
:20EB8000FFFFFFFFFFFFFFFFFFFFFFFFFFFFFFFFFFFFFFFFFFFFFFFFFFFFFFFFFFFFFFFF95
:20EBA000FFFFFFFFFFFFFFFFFFFFFFFFFFFFFFFFFFFFFFFFFFFFFFFFFFFFFFFFFFFFFFFF75
:20EBC000FFFFFFFFFFFFFFFFFFFFFFFFFFFFFFFFFFFFFFFFFFFFFFFFFFFFFFFFFFFFFFFF55
:20EBE000FFFFFFFFFFFFFFFFFFFFFFFFFFFFFFFFFFFFFFFFFFFFFFFFFFFFFFFFFFFFFFFF35
:20EC0000FFFFFFFFFFFFFFFFFFFFFFFFFFFFFFFFFFFFFFFFFFFFFFFFFFFFFFFFFFFFFFFF14
:20EC2000FFFFFFFFFFFFFFFFFFFFFFFFFFFFFFFFFFFFFFFFFFFFFFFFFFFFFFFFFFFFFFFFF4
:20EC4000FFFFFFFFFFFFFFFFFFFFFFFFFFFFFFFFFFFFFFFFFFFFFFFFFFFFFFFFFFFFFFFFD4
:20EC6000FFFFFFFFFFFFFFFFFFFFFFFFFFFFFFFFFFFFFFFFFFFFFFFFFFFFFFFFFFFFFFFFB4
:20EC8000FFFFFFFFFFFFFFFFFFFFFFFFFFFFFFFFFFFFFFFFFFFFFFFFFFFFFFFFFFFFFFFF94
:20ECA000FFFFFFFFFFFFFFFFFFFFFFFFFFFFFFFFFFFFFFFFFFFFFFFFFFFFFFFFFFFFFFFF74
:20ECC000FFFFFFFFFFFFFFFFFFFFFFFFFFFFFFFFFFFFFFFFFFFFFFFFFFFFFFFFFFFFFFFF54
:20ECE000FFFFFFFFFFFFFFFFFFFFFFFFFFFFFFFFFFFFFFFFFFFFFFFFFFFFFFFFFFFFFFFF34
:20ED0000FFFFFFFFFFFFFFFFFFFFFFFFFFFFFFFFFFFFFFFFFFFFFFFFFFFFFFFFFFFFFFFF13
:20ED2000FFFFFFFFFFFFFFFFFFFFFFFFFFFFFFFFFFFFFFFFFFFFFFFFFFFFFFFFFFFFFFFFF3
:20ED4000FFFFFFFFFFFFFFFFFFFFFFFFFFFFFFFFFFFFFFFFFFFFFFFFFFFFFFFFFFFFFFFFD3
:20ED6000FFFFFFFFFFFFFFFFFFFFFFFFFFFFFFFFFFFFFFFFFFFFFFFFFFFFFFFFFFFFFFFFB3
:20ED8000FFFFFFFFFFFFFFFFFFFFFFFFFFFFFFFFFFFFFFFFFFFFFFFFFFFFFFFFFFFFFFFF93
:20EDA000FFFFFFFFFFFFFFFFFFFFFFFFFFFFFFFFFFFFFFFFFFFFFFFFFFFFFFFFFFFFFFFF73
:20EDC000FFFFFFFFFFFFFFFFFFFFFFFFFFFFFFFFFFFFFFFFFFFFFFFFFFFFFFFFFFFFFFFF53
:20EDE000FFFFFFFFFFFFFFFFFFFFFFFFFFFFFFFFFFFFFFFFFFFFFFFFFFFFFFFFFFFFFFFF33
:20EE0000FFFFFFFFFFFFFFFFFFFFFFFFFFFFFFFFFFFFFFFFFFFFFFFFFFFFFFFFFFFFFFFF12
:20EE2000FFFFFFFFFFFFFFFFFFFFFFFFFFFFFFFFFFFFFFFFFFFFFFFFFFFFFFFFFFFFFFFFF2
:20EE4000FFFFFFFFFFFFFFFFFFFFFFFFFFFFFFFFFFFFFFFFFFFFFFFFFFFFFFFFFFFFFFFFD2
:20EE6000FFFFFFFFFFFFFFFFFFFFFFFFFFFFFFFFFFFFFFFFFFFFFFFFFFFFFFFFFFFFFFFFB2
:20EE8000FFFFFFFFFFFFFFFFFFFFFFFFFFFFFFFFFFFFFFFFFFFFFFFFFFFFFFFFFFFFFFFF92
:20EEA000FFFFFFFFFFFFFFFFFFFFFFFFFFFFFFFFFFFFFFFFFFFFFFFFFFFFFFFFFFFFFFFF72
:20EEC000FFFFFFFFFFFFFFFFFFFFFFFFFFFFFFFFFFFFFFFFFFFFFFFFFFFFFFFFFFFFFFFF52
:20EEE000FFFFFFFFFFFFFFFFFFFFFFFFFFFFFFFFFFFFFFFFFFFFFFFFFFFFFFFFFFFFFFFF32
:20EF0000FFFFFFFFFFFFFFFFFFFFFFFFFFFFFFFFFFFFFFFFFFFFFFFFFFFFFFFFFFFFFFFF11
:20EF2000FFFFFFFFFFFFFFFFFFFFFFFFFFFFFFFFFFFFFFFFFFFFFFFFFFFFFFFFFFFFFFFFF1
:20EF4000FFFFFFFFFFFFFFFFFFFFFFFFFFFFFFFFFFFFFFFFFFFFFFFFFFFFFFFFFFFFFFFFD1
:20EF6000FFFFFFFFFFFFFFFFFFFFFFFFFFFFFFFFFFFFFFFFFFFFFFFFFFFFFFFFFFFFFFFFB1
:20EF8000FFFFFFFFFFFFFFFFFFFFFFFFFFFFFFFFFFFFFFFFFFFFFFFFFFFFFFFFFFFFFFFF91
:20EFA000FFFFFFFFFFFFFFFFFFFFFFFFFFFFFFFFFFFFFFFFFFFFFFFFFFFFFFFFFFFFFFFF71
:20EFC000FFFFFFFFFFFFFFFFFFFFFFFFFFFFFFFFFFFFFFFFFFFFFFFFFFFFFFFFFFFFFFFF51
:20EFE000FFFFFFFFFFFFFFFFFFFFFFFFFFFFFFFFFFFFFFFFFFFFFFFFFFFFFFFFFFFFFFFF31
:20F00000FFFFFFFFFFFFFFFFFFFFFFFFFFFFFFFFFFFFFFFFFFFFFFFFFFFFFFFFFFFFFFFF10
:20F02000FFFFFFFFFFFFFFFFFFFFFFFFFFFFFFFFFFFFFFFFFFFFFFFFFFFFFFFFFFFFFFFFF0
:20F04000FFFFFFFFFFFFFFFFFFFFFFFFFFFFFFFFFFFFFFFFFFFFFFFFFFFFFFFFFFFFFFFFD0
:20F06000FFFFFFFFFFFFFFFFFFFFFFFFFFFFFFFFFFFFFFFFFFFFFFFFFFFFFFFFFFFFFFFFB0
:20F08000FFFFFFFFFFFFFFFFFFFFFFFFFFFFFFFFFFFFFFFFFFFFFFFFFFFFFFFFFFFFFFFF90
:20F0A000FFFFFFFFFFFFFFFFFFFFFFFFFFFFFFFFFFFFFFFFFFFFFFFFFFFFFFFFFFFFFFFF70
:20F0C000FFFFFFFFFFFFFFFFFFFFFFFFFFFFFFFFFFFFFFFFFFFFFFFFFFFFFFFFFFFFFFFF50
:20F0E000FFFFFFFFFFFFFFFFFFFFFFFFFFFFFFFFFFFFFFFFFFFFFFFFFFFFFFFFFFFFFFFF30
:20F10000FFFFFFFFFFFFFFFFFFFFFFFFFFFFFFFFFFFFFFFFFFFFFFFFFFFFFFFFFFFFFFFF0F
:20F12000FFFFFFFFFFFFFFFFFFFFFFFFFFFFFFFFFFFFFFFFFFFFFFFFFFFFFFFFFFFFFFFFEF
:20F14000FFFFFFFFFFFFFFFFFFFFFFFFFFFFFFFFFFFFFFFFFFFFFFFFFFFFFFFFFFFFFFFFCF
:20F16000FFFFFFFFFFFFFFFFFFFFFFFFFFFFFFFFFFFFFFFFFFFFFFFFFFFFFFFFFFFFFFFFAF
:20F18000FFFFFFFFFFFFFFFFFFFFFFFFFFFFFFFFFFFFFFFFFFFFFFFFFFFFFFFFFFFFFFFF8F
:20F1A000FFFFFFFFFFFFFFFFFFFFFFFFFFFFFFFFFFFFFFFFFFFFFFFFFFFFFFFFFFFFFFFF6F
:20F1C000FFFFFFFFFFFFFFFFFFFFFFFFFFFFFFFFFFFFFFFFFFFFFFFFFFFFFFFFFFFFFFFF4F
:20F1E000FFFFFFFFFFFFFFFFFFFFFFFFFFFFFFFFFFFFFFFFFFFFFFFFFFFFFFFFFFFFFFFF2F
:20F20000FFFFFFFFFFFFFFFFFFFFFFFFFFFFFFFFFFFFFFFFFFFFFFFFFFFFFFFFFFFFFFFF0E
:20F22000FFFFFFFFFFFFFFFFFFFFFFFFFFFFFFFFFFFFFFFFFFFFFFFFFFFFFFFFFFFFFFFFEE
:20F24000FFFFFFFFFFFFFFFFFFFFFFFFFFFFFFFFFFFFFFFFFFFFFFFFFFFFFFFFFFFFFFFFCE
:20F26000FFFFFFFFFFFFFFFFFFFFFFFFFFFFFFFFFFFFFFFFFFFFFFFFFFFFFFFFFFFFFFFFAE
:20F28000FFFFFFFFFFFFFFFFFFFFFFFFFFFFFFFFFFFFFFFFFFFFFFFFFFFFFFFFFFFFFFFF8E
:20F2A000FFFFFFFFFFFFFFFFFFFFFFFFFFFFFFFFFFFFFFFFFFFFFFFFFFFFFFFFFFFFFFFF6E
:20F2C000FFFFFFFFFFFFFFFFFFFFFFFFFFFFFFFFFFFFFFFFFFFFFFFFFFFFFFFFFFFFFFFF4E
:20F2E000FFFFFFFFFFFFFFFFFFFFFFFFFFFFFFFFFFFFFFFFFFFFFFFFFFFFFFFFFFFFFFFF2E
:20F30000FFFFFFFFFFFFFFFFFFFFFFFFFFFFFFFFFFFFFFFFFFFFFFFFFFFFFFFFFFFFFFFF0D
:20F32000FFFFFFFFFFFFFFFFFFFFFFFFFFFFFFFFFFFFFFFFFFFFFFFFFFFFFFFFFFFFFFFFED
:20F34000FFFFFFFFFFFFFFFFFFFFFFFFFFFFFFFFFFFFFFFFFFFFFFFFFFFFFFFFFFFFFFFFCD
:20F36000FFFFFFFFFFFFFFFFFFFFFFFFFFFFFFFFFFFFFFFFFFFFFFFFFFFFFFFFFFFFFFFFAD
:20F38000FFFFFFFFFFFFFFFFFFFFFFFFFFFFFFFFFFFFFFFFFFFFFFFFFFFFFFFFFFFFFFFF8D
:20F3A000FFFFFFFFFFFFFFFFFFFFFFFFFFFFFFFFFFFFFFFFFFFFFFFFFFFFFFFFFFFFFFFF6D
:20F3C000FFFFFFFFFFFFFFFFFFFFFFFFFFFFFFFFFFFFFFFFFFFFFFFFFFFFFFFFFFFFFFFF4D
:20F3E000FFFFFFFFFFFFFFFFFFFFFFFFFFFFFFFFFFFFFFFFFFFFFFFFFFFFFFFFFFFFFFFF2D
:20F40000FFFFFFFFFFFFFFFFFFFFFFFFFFFFFFFFFFFFFFFFFFFFFFFFFFFFFFFFFFFFFFFF0C
:20F42000FFFFFFFFFFFFFFFFFFFFFFFFFFFFFFFFFFFFFFFFFFFFFFFFFFFFFFFFFFFFFFFFEC
:20F44000FFFFFFFFFFFFFFFFFFFFFFFFFFFFFFFFFFFFFFFFFFFFFFFFFFFFFFFFFFFFFFFFCC
:20F46000FFFFFFFFFFFFFFFFFFFFFFFFFFFFFFFFFFFFFFFFFFFFFFFFFFFFFFFFFFFFFFFFAC
:20F48000FFFFFFFFFFFFFFFFFFFFFFFFFFFFFFFFFFFFFFFFFFFFFFFFFFFFFFFFFFFFFFFF8C
:20F4A000FFFFFFFFFFFFFFFFFFFFFFFFFFFFFFFFFFFFFFFFFFFFFFFFFFFFFFFFFFFFFFFF6C
:20F4C000FFFFFFFFFFFFFFFFFFFFFFFFFFFFFFFFFFFFFFFFFFFFFFFFFFFFFFFFFFFFFFFF4C
:20F4E000FFFFFFFFFFFFFFFFFFFFFFFFFFFFFFFFFFFFFFFFFFFFFFFFFFFFFFFFFFFFFFFF2C
:20F50000FFFFFFFFFFFFFFFFFFFFFFFFFFFFFFFFFFFFFFFFFFFFFFFFFFFFFFFFFFFFFFFF0B
:20F52000FFFFFFFFFFFFFFFFFFFFFFFFFFFFFFFFFFFFFFFFFFFFFFFFFFFFFFFFFFFFFFFFEB
:20F54000FFFFFFFFFFFFFFFFFFFFFFFFFFFFFFFFFFFFFFFFFFFFFFFFFFFFFFFFFFFFFFFFCB
:20F56000FFFFFFFFFFFFFFFFFFFFFFFFFFFFFFFFFFFFFFFFFFFFFFFFFFFFFFFFFFFFFFFFAB
:20F58000FFFFFFFFFFFFFFFFFFFFFFFFFFFFFFFFFFFFFFFFFFFFFFFFFFFFFFFFFFFFFFFF8B
:20F5A000FFFFFFFFFFFFFFFFFFFFFFFFFFFFFFFFFFFFFFFFFFFFFFFFFFFFFFFFFFFFFFFF6B
:20F5C000FFFFFFFFFFFFFFFFFFFFFFFFFFFFFFFFFFFFFFFFFFFFFFFFFFFFFFFFFFFFFFFF4B
:20F5E000FFFFFFFFFFFFFFFFFFFFFFFFFFFFFFFFFFFFFFFFFFFFFFFFFFFFFFFFFFFFFFFF2B
:20F60000FFFFFFFFFFFFFFFFFFFFFFFFFFFFFFFFFFFFFFFFFFFFFFFFFFFFFFFFFFFFFFFF0A
:20F62000FFFFFFFFFFFFFFFFFFFFFFFFFFFFFFFFFFFFFFFFFFFFFFFFFFFFFFFFFFFFFFFFEA
:20F64000FFFFFFFFFFFFFFFFFFFFFFFFFFFFFFFFFFFFFFFFFFFFFFFFFFFFFFFFFFFFFFFFCA
:20F66000FFFFFFFFFFFFFFFFFFFFFFFFFFFFFFFFFFFFFFFFFFFFFFFFFFFFFFFFFFFFFFFFAA
:20F68000FFFFFFFFFFFFFFFFFFFFFFFFFFFFFFFFFFFFFFFFFFFFFFFFFFFFFFFFFFFFFFFF8A
:20F6A000FFFFFFFFFFFFFFFFFFFFFFFFFFFFFFFFFFFFFFFFFFFFFFFFFFFFFFFFFFFFFFFF6A
:20F6C000FFFFFFFFFFFFFFFFFFFFFFFFFFFFFFFFFFFFFFFFFFFFFFFFFFFFFFFFFFFFFFFF4A
:20F6E000FFFFFFFFFFFFFFFFFFFFFFFFFFFFFFFFFFFFFFFFFFFFFFFFFFFFFFFFFFFFFFFF2A
:20F70000FFFFFFFFFFFFFFFFFFFFFFFFFFFFFFFFFFFFFFFFFFFFFFFFFFFFFFFFFFFFFFFF09
:20F72000FFFFFFFFFFFFFFFFFFFFFFFFFFFFFFFFFFFFFFFFFFFFFFFFFFFFFFFFFFFFFFFFE9
:20F74000FFFFFFFFFFFFFFFFFFFFFFFFFFFFFFFFFFFFFFFFFFFFFFFFFFFFFFFFFFFFFFFFC9
:20F76000FFFFFFFFFFFFFFFFFFFFFFFFFFFFFFFFFFFFFFFFFFFFFFFFFFFFFFFFFFFFFFFFA9
:20F78000FFFFFFFFFFFFFFFFFFFFFFFFFFFFFFFFFFFFFFFFFFFFFFFFFFFFFFFFFFFFFFFF89
:20F7A000FFFFFFFFFFFFFFFFFFFFFFFFFFFFFFFFFFFFFFFFFFFFFFFFFFFFFFFFFFFFFFFF69
:20F7C000FFFFFFFFFFFFFFFFFFFFFFFFFFFFFFFFFFFFFFFFFFFFFFFFFFFFFFFFFFFFFFFF49
:20F7E000FFFFFFFFFFFFFFFFFFFFFFFFFFFFFFFFFFFFFFFFFFFFFFFFFFFFFFFFFFFFFFFF29
:20F80000FFFFFFFFFFFFFFFFFFFFFFFFFFFFFFFFFFFFFFFFFFFFFFFFFFFFFFFFFFFFFFFF08
:20F82000FFFFFFFFFFFFFFFFFFFFFFFFFFFFFFFFFFFFFFFFFFFFFFFFFFFFFFFFFFFFFFFFE8
:20F84000FFFFFFFFFFFFFFFFFFFFFFFFFFFFFFFFFFFFFFFFFFFFFFFFFFFFFFFFFFFFFFFFC8
:20F86000FFFFFFFFFFFFFFFFFFFFFFFFFFFFFFFFFFFFFFFFFFFFFFFFFFFFFFFFFFFFFFFFA8
:20F88000FFFFFFFFFFFFFFFFFFFFFFFFFFFFFFFFFFFFFFFFFFFFFFFFFFFFFFFFFFFFFFFF88
:20F8A000FFFFFFFFFFFFFFFFFFFFFFFFFFFFFFFFFFFFFFFFFFFFFFFFFFFFFFFFFFFFFFFF68
:20F8C000FFFFFFFFFFFFFFFFFFFFFFFFFFFFFFFFFFFFFFFFFFFFFFFFFFFFFFFFFFFFFFFF48
:20F8E000FFFFFFFFFFFFFFFFFFFFFFFFFFFFFFFFFFFFFFFFFFFFFFFFFFFFFFFFFFFFFFFF28
:20F90000FFFFFFFFFFFFFFFFFFFFFFFFFFFFFFFFFFFFFFFFFFFFFFFFFFFFFFFFFFFFFFFF07
:20F92000FFFFFFFFFFFFFFFFFFFFFFFFFFFFFFFFFFFFFFFFFFFFFFFFFFFFFFFFFFFFFFFFE7
:20F94000FFFFFFFFFFFFFFFFFFFFFFFFFFFFFFFFFFFFFFFFFFFFFFFFFFFFFFFFFFFFFFFFC7
:20F96000FFFFFFFFFFFFFFFFFFFFFFFFFFFFFFFFFFFFFFFFFFFFFFFFFFFFFFFFFFFFFFFFA7
:20F98000FFFFFFFFFFFFFFFFFFFFFFFFFFFFFFFFFFFFFFFFFFFFFFFFFFFFFFFFFFFFFFFF87
:20F9A000FFFFFFFFFFFFFFFFFFFFFFFFFFFFFFFFFFFFFFFFFFFFFFFFFFFFFFFFFFFFFFFF67
:20F9C000FFFFFFFFFFFFFFFFFFFFFFFFFFFFFFFFFFFFFFFFFFFFFFFFFFFFFFFFFFFFFFFF47
:20F9E000FFFFFFFFFFFFFFFFFFFFFFFFFFFFFFFFFFFFFFFFFFFFFFFFFFFFFFFFFFFFFFFF27
:20FA0000FFFFFFFFFFFFFFFFFFFFFFFFFFFFFFFFFFFFFFFFFFFFFFFFFFFFFFFFFFFFFFFF06
:20FA2000FFFFFFFFFFFFFFFFFFFFFFFFFFFFFFFFFFFFFFFFFFFFFFFFFFFFFFFFFFFFFFFFE6
:20FA4000FFFFFFFFFFFFFFFFFFFFFFFFFFFFFFFFFFFFFFFFFFFFFFFFFFFFFFFFFFFFFFFFC6
:20FA6000FFFFFFFFFFFFFFFFFFFFFFFFFFFFFFFFFFFFFFFFFFFFFFFFFFFFFFFFFFFFFFFFA6
:20FA8000FFFFFFFFFFFFFFFFFFFFFFFFFFFFFFFFFFFFFFFFFFFFFFFFFFFFFFFFFFFFFFFF86
:20FAA000FFFFFFFFFFFFFFFFFFFFFFFFFFFFFFFFFFFFFFFFFFFFFFFFFFFFFFFFFFFFFFFF66
:20FAC000FFFFFFFFFFFFFFFFFFFFFFFFFFFFFFFFFFFFFFFFFFFFFFFFFFFFFFFFFFFFFFFF46
:20FAE000FFFFFFFFFFFFFFFFFFFFFFFFFFFFFFFFFFFFFFFFFFFFFFFFFFFFFFFFFFFFFFFF26
:20FB0000FFFFFFFFFFFFFFFFFFFFFFFFFFFFFFFFFFFFFFFFFFFFFFFFFFFFFFFFFFFFFFFF05
:20FB2000FFFFFFFFFFFFFFFFFFFFFFFFFFFFFFFFFFFFFFFFFFFFFFFFFFFFFFFFFFFFFFFFE5
:20FB4000FFFFFFFFFFFFFFFFFFFFFFFFFFFFFFFFFFFFFFFFFFFFFFFFFFFFFFFFFFFFFFFFC5
:20FB6000FFFFFFFFFFFFFFFFFFFFFFFFFFFFFFFFFFFFFFFFFFFFFFFFFFFFFFFFFFFFFFFFA5
:20FB8000FFFFFFFFFFFFFFFFFFFFFFFFFFFFFFFFFFFFFFFFFFFFFFFFFFFFFFFFFFFFFFFF85
:20FBA000FFFFFFFFFFFFFFFFFFFFFFFFFFFFFFFFFFFFFFFFFFFFFFFFFFFFFFFFFFFFFFFF65
:20FBC000FFFFFFFFFFFFFFFFFFFFFFFFFFFFFFFFFFFFFFFFFFFFFFFFFFFFFFFFFFFFFFFF45
:20FBE000FFFFFFFFFFFFFFFFFFFFFFFFFFFFFFFFFFFFFFFFFFFFFFFFFFFFFFFFFFFFFFFF25
:20FC0000FFFFFFFFFFFFFFFFFFFFFFFFFFFFFFFFFFFFFFFFFFFFFFFFFFFFFFFFFFFFFFFF04
:20FC2000FFFFFFFFFFFFFFFFFFFFFFFFFFFFFFFFFFFFFFFFFFFFFFFFFFFFFFFFFFFFFFFFE4
:20FC4000FFFFFFFFFFFFFFFFFFFFFFFFFFFFFFFFFFFFFFFFFFFFFFFFFFFFFFFFFFFFFFFFC4
:20FC6000FFFFFFFFFFFFFFFFFFFFFFFFFFFFFFFFFFFFFFFFFFFFFFFFFFFFFFFFFFFFFFFFA4
:20FC8000FFFFFFFFFFFFFFFFFFFFFFFFFFFFFFFFFFFFFFFFFFFFFFFFFFFFFFFFFFFFFFFF84
:20FCA000FFFFFFFFFFFFFFFFFFFFFFFFFFFFFFFFFFFFFFFFFFFFFFFFFFFFFFFFFFFFFFFF64
:20FCC000FFFFFFFFFFFFFFFFFFFFFFFFFFFFFFFFFFFFFFFFFFFFFFFFFFFFFFFFFFFFFFFF44
:20FCE000FFFFFFFFFFFFFFFFFFFFFFFFFFFFFFFFFFFFFFFFFFFFFFFFFFFFFFFFFFFFFFFF24
:20FD0000FFFFFFFFFFFFFFFFFFFFFFFFFFFFFFFFFFFFFFFFFFFFFFFFFFFFFFFFFFFFFFFF03
:20FD2000FFFFFFFFFFFFFFFFFFFFFFFFFFFFFFFFFFFFFFFFFFFFFFFFFFFFFFFFFFFFFFFFE3
:20FD4000FFFFFFFFFFFFFFFFFFFFFFFFFFFFFFFFFFFFFFFFFFFFFFFFFFFFFFFFFFFFFFFFC3
:20FD6000FFFFFFFFFFFFFFFFFFFFFFFFFFFFFFFFFFFFFFFFFFFFFFFFFFFFFFFFFFFFFFFFA3
:20FD8000FFFFFFFFFFFFFFFFFFFFFFFFFFFFFFFFFFFFFFFFFFFFFFFFFFFFFFFFFFFFFFFF83
:20FDA000FFFFFFFFFFFFFFFFFFFFFFFFFFFFFFFFFFFFFFFFFFFFFFFFFFFFFFFFFFFFFFFF63
:20FDC000FFFFFFFFFFFFFFFFFFFFFFFFFFFFFFFFFFFFFFFFFFFFFFFFFFFFFFFFFFFFFFFF43
:20FDE000FFFFFFFFFFFFFFFFFFFFFFFFFFFFFFFFFFFFFFFFFFFFFFFFFFFFFFFFFFFFFFFF23
:20FE0000FFFFFFFFFFFFFFFFFFFFFFFFFFFFFFFFFFFFFFFFFFFFFFFFFFFFFFFFFFFFFFFF02
:20FE2000FFFFFFFFFFFFFFFFFFFFFFFFFFFFFFFFFFFFFFFFFFFFFFFFFFFFFFFFFFFFFFFFE2
:20FE4000FFFFFFFFFFFFFFFFFFFFFFFFFFFFFFFFFFFFFFFFFFFFFFFFFFFFFFFFFFFFFFFFC2
:20FE6000FFFFFFFFFFFFFFFFFFFFFFFFFFFFFFFFFFFFFFFFFFFFFFFFFFFFFFFFFFFFFFFFA2
:20FE8000FFFFFFFFFFFFFFFFFFFFFFFFFFFFFFFFFFFFFFFFFFFFFFFFFFFFFFFFFFFFFFFF82
:20FEA000FFFFFFFFFFFFFFFFFFFFFFFFFFFFFFFFFFFFFFFFFFFFFFFFFFFFFFFFFFFFFFFF62
:20FEC000FFFFFFFFFFFFFFFFFFFFFFFFFFFFFFFFFFFFFFFFFFFFFFFFFFFFFFFFFFFFFFFF42
:20FEE000FFFFFFFFFFFFFFFFFFFFFFFFFFFFFFFFFFFFFFFFFFFFFFFFFFFFFFFFFFFFFFFF22
:20FF0000FFFFFFFFFFFFFFFFFFFFFFFFFFFFFFFFFFFFFFFFFFFFFFFFFFFFFFFFFFFFFFFF01
:20FF2000FFFFFFFFFFFFFFFFFFFFFFFFFFFFFFFFFFFFFFFFFFFFFFFFFFFFFFFFFFFFFFFFE1
:20FF4000FFFFFFFFFFFFFFFFFFFFFFFFFFFFFFFFFFFFFFFFFFFFFFFFFFFFFFFFFFFFFFFFC1
:20FF6000FFFFFFFFFFFFFFFFFFFFFFFFFFFFFFFFFFFFFFFFFFFFFFFFFFFFFFFFFFFFFFFFA1
:20FF8000FFFFFFFFFFFFFFFFFFFFFFFFFFFFFFFFFFFFFFFFFFFFFFFFFFFFFFFFFFFFFFFF81
:20FFA000FFFFFFFFFFFFFFFFFFFFFFFFFFFFFFFFFFFFFFFFFFFFFFFFFFFFFFFFFFFFFFFF61
:20FFC000FFFFFFFFFFFFFFFFFFFFFFFFFFFFFFFF5A52523930304648594C434400000000E0
:20FFE00000000000000000000000000000000000FFFFFFFFFFFFFFFFFFFFFFFF1F2D380E7B
:00000001FF
