///////////////////////////////////////////////////////////////////////////////
//
// IAR ANSI C/C++ Compiler V7.70.2.11706/W32 for ARM      17/Jun/2026  08:45:30
// Copyright 1999-2016 IAR Systems AB.
//
//    Cpu mode     =  thumb
//    Endian       =  little
//    Source file  =  
//        D:\2-通用定制归档程序\04-通用程序\00-900F\【通用程序】ZRR900FV2HYLCD-ATF3.03-解决零漂-8BA6-0F1B-20260316\00-源码\ZRR900FV2HYLCDATFSoftUlib-V2.0-20260316\Hzk.c
//    Command line =  
//        D:\2-通用定制归档程序\04-通用程序\00-900F\【通用程序】ZRR900FV2HYLCD-ATF3.03-解决零漂-8BA6-0F1B-20260316\00-源码\ZRR900FV2HYLCDATFSoftUlib-V2.0-20260316\Hzk.c
//        -D ATF403AVCT7 -D LIBRARY_VERSION -D USE_STDPERIPH_DRIVER -D
//        AT_START_F403A_V1_0 -lcN
//        D:\2-通用定制归档程序\04-通用程序\00-900F\【通用程序】ZRR900FV2HYLCD-ATF3.03-解决零漂-8BA6-0F1B-20260316\00-源码\ZRR900FV2HYLCDATFSoftUlib-V2.0-20260316\Debug\List
//        -lA
//        D:\2-通用定制归档程序\04-通用程序\00-900F\【通用程序】ZRR900FV2HYLCD-ATF3.03-解决零漂-8BA6-0F1B-20260316\00-源码\ZRR900FV2HYLCDATFSoftUlib-V2.0-20260316\Debug\List
//        -o
//        D:\2-通用定制归档程序\04-通用程序\00-900F\【通用程序】ZRR900FV2HYLCD-ATF3.03-解决零漂-8BA6-0F1B-20260316\00-源码\ZRR900FV2HYLCDATFSoftUlib-V2.0-20260316\Debug\Obj
//        --no_cse --no_unroll --no_inline --no_code_motion --no_tbaa
//        --no_clustering --no_scheduling --debug --endian=little
//        --cpu=Cortex-M4 -e --char_is_signed --enable_multibytes
//        --fpu=VFPv4_sp --dlib_config "C:\Program Files (x86)\IAR
//        Systems\Embedded Workbench 7.5\arm\INC\c\DLib_Config_Full.h" -I
//        D:\2-通用定制归档程序\04-通用程序\00-900F\【通用程序】ZRR900FV2HYLCD-ATF3.03-解决零漂-8BA6-0F1B-20260316\00-源码\ZRR900FV2HYLCDATFSoftUlib-V2.0-20260316\
//        -I
//        D:\2-通用定制归档程序\04-通用程序\00-900F\【通用程序】ZRR900FV2HYLCD-ATF3.03-解决零漂-8BA6-0F1B-20260316\00-源码\ZRR900FV2HYLCDATFSoftUlib-V2.0-20260316\Libraries\STM32F10x_StdPeriph_Driver\inc\
//        -I
//        D:\2-通用定制归档程序\04-通用程序\00-900F\【通用程序】ZRR900FV2HYLCD-ATF3.03-解决零漂-8BA6-0F1B-20260316\00-源码\ZRR900FV2HYLCDATFSoftUlib-V2.0-20260316\Libraries\CMSIS\CM4\CoreSupport\
//        -I
//        D:\2-通用定制归档程序\04-通用程序\00-900F\【通用程序】ZRR900FV2HYLCD-ATF3.03-解决零漂-8BA6-0F1B-20260316\00-源码\ZRR900FV2HYLCDATFSoftUlib-V2.0-20260316\Libraries\CMSIS\CM4\DeviceSupport\
//        -On --use_c++_inline
//    Locale       =  Chinese (Simplified)_China.936
//    List file    =  
//        D:\2-通用定制归档程序\04-通用程序\00-900F\【通用程序】ZRR900FV2HYLCD-ATF3.03-解决零漂-8BA6-0F1B-20260316\00-源码\ZRR900FV2HYLCDATFSoftUlib-V2.0-20260316\Debug\List\Hzk.s
//
///////////////////////////////////////////////////////////////////////////////

        RTMODEL "__SystemLibrary", "DLib"
        AAPCS BASE,INTERWORK,VFP
        PRESERVE8
        REQUIRE8

        #define SHT_PROGBITS 0x1

        PUBLIC Menu_tu
        PUBLIC hzIndex
        PUBLIC zichar
        PUBLIC zilib
// D:\2-通用定制归档程序\04-通用程序\00-900F\【通用程序】ZRR900FV2HYLCD-ATF3.03-解决零漂-8BA6-0F1B-20260316\00-源码\ZRR900FV2HYLCDATFSoftUlib-V2.0-20260316\Hzk.c
//    1 /* 
//    2 * Title:	Hzk.c
//    3 * Description:	汉字库及ASCII字库及图形，因为程序空间原因，不能把二级字库全包含进来，用到的汉字
//    4 		及符号需自己添加
//    5 * Function:单色、纵向、倒序
//    6 
//    7 */
//    8 //#include "GlobeDef.h"
//    9 #include "Hzk.h"
//   10 
//   11 

        SECTION `.rodata`:CONST:REORDER:NOROOT(2)
        DATA
//   12 uc8 Menu_tu[]=
Menu_tu:
        DC8 0, 0, 0, 0, 0, 0, 0, 0, 0, 0, 0, 0, 0, 0, 1, 1, 255, 255, 1, 1, 0
        DC8 0, 0, 0, 0, 0, 0, 0, 0, 0, 0, 0, 0, 0, 0, 0, 0, 0, 0, 0, 0, 0, 0, 0
        DC8 0, 0, 0, 0, 0, 0, 0, 0, 0, 0, 0, 0, 0, 0, 0, 0, 0, 0, 0, 0, 0, 0, 0
        DC8 0, 0, 0, 0, 0, 0, 0, 0, 0, 0, 0, 0, 0, 0, 0, 0, 0, 0, 0, 0, 0, 0, 0
        DC8 0, 0, 0, 0, 0, 0, 0, 0, 0, 0, 0, 0, 0, 0, 0, 0, 0, 0, 0, 0, 0, 0, 0
        DC8 0, 0, 0, 0, 0, 0, 0, 0, 0, 0, 0, 0, 0, 0, 0, 0, 0, 0, 0, 0, 0, 0, 0
        DC8 0, 0, 0, 0, 0, 1, 1, 255, 255, 1, 1, 0, 0, 0, 0, 0, 0, 0, 0, 0, 0
        DC8 0, 0, 0, 0, 0, 0, 0, 0, 0, 0, 0, 0, 0, 0, 0, 0, 0, 0, 0, 255, 255
        DC8 0, 0, 0, 0, 0, 0, 0, 0, 0, 0, 0, 0, 0, 0, 0, 0, 0, 0, 0, 0, 0, 0, 0
        DC8 0, 0, 0, 0, 0, 0, 0, 0, 0, 0, 0, 0, 0, 0, 0, 0, 0, 0, 0, 0, 0, 0, 0
        DC8 0, 0, 0, 0, 0, 0, 0, 0, 0, 0, 0, 0, 0, 0, 0, 0, 0, 0, 0, 0, 0, 0, 0
        DC8 0, 0, 0, 0, 0, 0, 0, 0, 0, 0, 0, 0, 0, 0, 0, 0, 0, 0, 0, 0, 0, 0, 0
        DC8 0, 0, 0, 0, 0, 0, 0, 0, 0, 0, 0, 0, 0, 0, 0, 0, 0, 0, 0, 0, 0, 0, 0
        DC8 0, 0, 0, 0, 0, 0, 0, 0, 0, 0, 255, 255, 0, 0, 0, 0, 0, 0, 0, 0, 0
        DC8 0, 0, 0, 0, 0, 0, 0, 0, 0, 0, 0, 0, 0, 0, 0, 0, 0, 0, 0, 255, 1, 1
        DC8 1, 1, 1, 1, 255, 0, 0, 0, 0, 0, 0, 0, 0, 0, 0, 0, 0, 0, 0, 0, 0, 0
        DC8 0, 0, 0, 0, 0, 0, 0, 0, 0, 0, 0, 0, 0, 0, 0, 0, 0, 0, 0, 0, 0, 0, 0
        DC8 0, 0, 0, 0, 0, 0, 0, 0, 0, 0, 0, 0, 0, 0, 0, 0, 0, 0, 0, 0, 0, 0, 0
        DC8 0, 0, 0, 0, 0, 0, 0, 0, 0, 0, 0, 0, 0, 0, 0, 0, 0, 0, 0, 0, 0, 0, 0
        DC8 0, 0, 0, 0, 0, 0, 0, 0, 0, 0, 0, 0, 0, 0, 0, 0, 0, 0, 0, 0, 0, 0, 0
        DC8 0, 0, 0, 0, 0, 0, 0, 0, 0, 0, 255, 1, 1, 1, 1, 1, 1, 255, 0, 0, 0
        DC8 0, 0, 0, 0, 0, 0, 0, 0, 0, 0, 0, 0, 0, 0, 0, 0, 0, 0, 0, 0, 0, 0
        DC8 255, 128, 128, 128, 128, 128, 128, 255, 0, 0, 0, 0, 0, 0, 0, 0, 0
        DC8 0, 0, 0, 0, 0, 0, 0, 0, 0, 0, 0, 0, 0, 0, 0, 0, 0, 0, 0, 0, 0, 0, 0
        DC8 0, 0, 0, 0, 0, 0, 0, 0, 0, 0, 0, 0, 0, 0, 0, 0, 0, 0, 0, 0, 0, 0, 0
        DC8 0, 0, 0, 0, 0, 0, 0, 0, 0, 0, 0, 0, 0, 0, 0, 0, 0, 0, 0, 0, 0, 0, 0
        DC8 0, 0, 0, 0, 0, 0, 0, 0, 0, 0, 0, 0, 0, 0, 0, 0, 0, 0, 0, 0, 0, 0, 0
        DC8 0, 0, 0, 0, 0, 0, 0, 0, 0, 0, 0, 0, 0, 0, 0, 0, 0, 0, 255, 128, 128
        DC8 128, 128, 128, 128, 255, 0, 0, 0, 0, 0, 0, 0, 0, 0, 0, 0, 0, 0, 0
        DC8 0, 0, 0, 0, 0, 0, 0, 0, 0, 0, 0, 0, 0, 0, 255, 255, 0, 0, 0, 0, 0
        DC8 0, 0, 0, 0, 0, 0, 0, 0, 0, 0, 0, 0, 0, 0, 0, 0, 0, 0, 0, 0, 0, 0, 0
        DC8 0, 0, 0, 0, 0, 0, 0, 0, 0, 0, 0, 0, 0, 0, 0, 0, 0, 0, 0, 0, 0, 0, 0
        DC8 0, 0, 0, 0, 0, 0, 0, 0, 0, 0, 0, 0, 0, 0, 0, 0, 0, 0, 0, 0, 0, 0, 0
        DC8 0, 0, 0, 0, 0, 0, 0, 0, 0, 0, 0, 0, 0, 0, 0, 0, 0, 0, 0, 0, 0, 0, 0
        DC8 0, 0, 0, 0, 0, 0, 0, 0, 0, 0, 0, 0, 0, 0, 0, 0, 0, 0, 0, 0, 0, 0, 0
        DC8 0, 0, 0, 0, 0, 255, 255, 0, 0, 0, 0, 0, 0, 0, 0, 0, 0, 0, 0, 0, 0
        DC8 0, 0, 0, 0, 0, 0, 0, 0, 0, 0, 0, 0, 0, 0, 0, 0, 0, 255, 255, 0, 0
        DC8 0, 0, 0, 0, 0, 0, 0, 0, 0, 0, 0, 0, 0, 0, 0, 0, 0, 0, 0, 0, 0, 0, 0
        DC8 0, 0, 0, 0, 0, 0, 0, 0, 0, 0, 0, 0, 0, 0, 0, 0, 0, 0, 0, 0, 0, 0, 0
        DC8 0, 0, 0, 0, 0, 0, 0, 0, 0, 0, 0, 0, 0, 0, 0, 0, 0, 0, 0, 0, 0, 0, 0
        DC8 0, 0, 0, 0, 0, 0, 0, 0, 0, 0, 0, 0, 0, 0, 0, 0, 0, 0, 0, 0, 0, 0, 0
        DC8 0, 0, 0, 0, 0, 0, 0, 0, 0, 0, 0, 0, 0, 0, 0, 0, 0, 0, 0, 0, 0, 0, 0
        DC8 0, 0, 0, 0, 0, 0, 0, 0, 255, 255, 0, 0, 0, 0, 0, 0, 0, 0, 0, 0, 0
        DC8 0, 0, 0, 0, 0, 0, 0, 0, 0, 0, 0, 0, 0, 0, 0, 0, 0, 0, 0, 0, 255
        DC8 255, 0, 0, 0, 0, 0, 0, 0, 0, 0, 0, 0, 0, 0, 0, 0, 0, 0, 0, 0, 0, 0
        DC8 0, 0, 0, 0, 0, 0, 0, 0, 0, 0, 0, 0, 0, 0, 0, 0, 0, 0, 0, 0, 0, 0, 0
        DC8 0, 0, 0, 0, 0, 0, 0, 0, 0, 0, 0, 0, 0, 0, 0, 0, 0, 0, 0, 0, 0, 0, 0
        DC8 0, 0, 0, 0, 0, 0, 0, 0, 0, 0, 0, 0, 0, 0, 0, 0, 0, 0, 0, 0, 0, 0, 0
        DC8 0, 0, 0, 0, 0, 0, 0, 0, 0, 0, 0, 0, 0, 0, 0, 0, 0, 0, 0, 0, 0, 0, 0
        DC8 0, 0, 0, 0, 0, 0, 0, 0, 0, 0, 0, 0, 255, 255, 0, 0, 0, 0, 0, 0, 0
        DC8 0, 0, 0, 0, 0, 0, 0, 0, 0, 0, 255, 255, 24, 24, 24, 24, 24, 24, 24
        DC8 24, 24, 24, 24, 24, 31, 31, 24, 24, 24, 24, 24, 24, 24, 24, 24, 24
        DC8 24, 24, 24, 24, 24, 24, 24, 24, 24, 24, 24, 24, 24, 24, 24, 24, 24
        DC8 24, 24, 24, 24, 24, 24, 24, 24, 24, 24, 24, 24, 24, 24, 24, 24, 24
        DC8 24, 24, 24, 24, 24, 24, 24, 24, 255, 129, 129, 129, 129, 129, 129
        DC8 129, 129, 129, 129, 129, 129, 129, 129, 255, 24, 24, 24, 24, 24, 24
        DC8 24, 24, 24, 24, 24, 24, 24, 24, 24, 24, 24, 24, 24, 24, 24, 24, 24
        DC8 24, 24, 24, 24, 24, 24, 24, 24, 24, 24, 24, 24, 24, 24, 24, 24, 24
        DC8 24, 24, 24, 24, 24, 24, 24, 24, 24, 24, 24, 24, 24, 24, 24, 24, 24
        DC8 31, 31, 24, 24, 24, 24, 24, 24, 24, 24, 24, 24, 24, 255, 255, 0, 0
        DC8 0, 0, 0, 0, 0, 0, 0, 0, 0, 0, 0, 0, 0, 0, 0, 0, 0, 0, 0, 0, 0, 0, 0
        DC8 0, 0, 0, 0, 0, 0, 0, 0, 0, 0, 0, 0, 0, 0, 0, 0, 0, 0, 0, 0, 0, 0, 0
        DC8 0, 0, 0, 0, 0, 0, 0, 0, 0, 0, 0, 0, 0, 0, 0, 0, 0, 0, 0, 0, 0, 0, 0
        DC8 0, 0, 0, 0, 0, 0, 0, 0, 0, 0, 0, 0, 0, 0, 0, 0, 0, 0, 0, 0, 0, 0, 0
        DC8 0, 0, 0, 0, 0, 0, 0, 0, 0, 0, 0, 0, 0, 0, 0, 0, 0, 0, 0, 0, 0, 0, 0
        DC8 0, 0, 0, 0, 0, 0, 0, 0, 0, 0, 0, 0, 0, 0, 0, 0, 0, 0, 0, 0, 0, 0, 0
        DC8 0, 0, 0, 0, 0, 0, 0, 0, 0, 0, 0, 0, 0, 0, 0, 0, 0, 0, 0, 0, 0, 0
//   13 {
//   14 0x00,0x00,0x00,0x00,0x00,0x00,0x00,0x00,0x00,0x00,0x00,0x00,0x00,0x00,0x01,0x01,
//   15 0xFF,0xFF,0x01,0x01,0x00,0x00,0x00,0x00,0x00,0x00,0x00,0x00,0x00,0x00,0x00,0x00,
//   16 0x00,0x00,0x00,0x00,0x00,0x00,0x00,0x00,0x00,0x00,0x00,0x00,0x00,0x00,0x00,0x00,
//   17 0x00,0x00,0x00,0x00,0x00,0x00,0x00,0x00,0x00,0x00,0x00,0x00,0x00,0x00,0x00,0x00,
//   18 0x00,0x00,0x00,0x00,0x00,0x00,0x00,0x00,0x00,0x00,0x00,0x00,0x00,0x00,0x00,0x00,
//   19 0x00,0x00,0x00,0x00,0x00,0x00,0x00,0x00,0x00,0x00,0x00,0x00,0x00,0x00,0x00,0x00,
//   20 0x00,0x00,0x00,0x00,0x00,0x00,0x00,0x00,0x00,0x00,0x00,0x00,0x00,0x00,0x00,0x00,
//   21 0x00,0x00,0x00,0x00,0x00,0x00,0x00,0x00,0x00,0x00,0x00,0x00,0x00,0x00,0x00,0x00,
//   22 0x00,0x00,0x00,0x00,0x00,0x00,0x00,0x00,0x00,0x00,0x00,0x00,0x00,0x01,0x01,0xFF,
//   23 0xFF,0x01,0x01,0x00,0x00,0x00,0x00,0x00,0x00,0x00,0x00,0x00,0x00,0x00,0x00,0x00,
//   24 0x00,0x00,0x00,0x00,0x00,0x00,0x00,0x00,0x00,0x00,0x00,0x00,0x00,0x00,0x00,0x00,
//   25 0xFF,0xFF,0x00,0x00,0x00,0x00,0x00,0x00,0x00,0x00,0x00,0x00,0x00,0x00,0x00,0x00,
//   26 0x00,0x00,0x00,0x00,0x00,0x00,0x00,0x00,0x00,0x00,0x00,0x00,0x00,0x00,0x00,0x00,
//   27 0x00,0x00,0x00,0x00,0x00,0x00,0x00,0x00,0x00,0x00,0x00,0x00,0x00,0x00,0x00,0x00,
//   28 0x00,0x00,0x00,0x00,0x00,0x00,0x00,0x00,0x00,0x00,0x00,0x00,0x00,0x00,0x00,0x00,
//   29 0x00,0x00,0x00,0x00,0x00,0x00,0x00,0x00,0x00,0x00,0x00,0x00,0x00,0x00,0x00,0x00,
//   30 0x00,0x00,0x00,0x00,0x00,0x00,0x00,0x00,0x00,0x00,0x00,0x00,0x00,0x00,0x00,0x00,
//   31 0x00,0x00,0x00,0x00,0x00,0x00,0x00,0x00,0x00,0x00,0x00,0x00,0x00,0x00,0x00,0x00,
//   32 0x00,0x00,0x00,0x00,0x00,0x00,0x00,0x00,0x00,0x00,0x00,0x00,0x00,0x00,0x00,0xFF,
//   33 0xFF,0x00,0x00,0x00,0x00,0x00,0x00,0x00,0x00,0x00,0x00,0x00,0x00,0x00,0x00,0x00,
//   34 0x00,0x00,0x00,0x00,0x00,0x00,0x00,0x00,0x00,0x00,0x00,0x00,0x00,0xFF,0x01,0x01,
//   35 0x01,0x01,0x01,0x01,0xFF,0x00,0x00,0x00,0x00,0x00,0x00,0x00,0x00,0x00,0x00,0x00,
//   36 0x00,0x00,0x00,0x00,0x00,0x00,0x00,0x00,0x00,0x00,0x00,0x00,0x00,0x00,0x00,0x00,
//   37 0x00,0x00,0x00,0x00,0x00,0x00,0x00,0x00,0x00,0x00,0x00,0x00,0x00,0x00,0x00,0x00,
//   38 0x00,0x00,0x00,0x00,0x00,0x00,0x00,0x00,0x00,0x00,0x00,0x00,0x00,0x00,0x00,0x00,
//   39 0x00,0x00,0x00,0x00,0x00,0x00,0x00,0x00,0x00,0x00,0x00,0x00,0x00,0x00,0x00,0x00,
//   40 0x00,0x00,0x00,0x00,0x00,0x00,0x00,0x00,0x00,0x00,0x00,0x00,0x00,0x00,0x00,0x00,
//   41 0x00,0x00,0x00,0x00,0x00,0x00,0x00,0x00,0x00,0x00,0x00,0x00,0x00,0x00,0x00,0x00,
//   42 0x00,0x00,0x00,0x00,0x00,0x00,0x00,0x00,0x00,0x00,0x00,0x00,0xFF,0x01,0x01,0x01,
//   43 0x01,0x01,0x01,0xFF,0x00,0x00,0x00,0x00,0x00,0x00,0x00,0x00,0x00,0x00,0x00,0x00,
//   44 0x00,0x00,0x00,0x00,0x00,0x00,0x00,0x00,0x00,0x00,0x00,0x00,0x00,0xFF,0x80,0x80,
//   45 0x80,0x80,0x80,0x80,0xFF,0x00,0x00,0x00,0x00,0x00,0x00,0x00,0x00,0x00,0x00,0x00,
//   46 0x00,0x00,0x00,0x00,0x00,0x00,0x00,0x00,0x00,0x00,0x00,0x00,0x00,0x00,0x00,0x00,
//   47 0x00,0x00,0x00,0x00,0x00,0x00,0x00,0x00,0x00,0x00,0x00,0x00,0x00,0x00,0x00,0x00,
//   48 0x00,0x00,0x00,0x00,0x00,0x00,0x00,0x00,0x00,0x00,0x00,0x00,0x00,0x00,0x00,0x00,
//   49 0x00,0x00,0x00,0x00,0x00,0x00,0x00,0x00,0x00,0x00,0x00,0x00,0x00,0x00,0x00,0x00,
//   50 0x00,0x00,0x00,0x00,0x00,0x00,0x00,0x00,0x00,0x00,0x00,0x00,0x00,0x00,0x00,0x00,
//   51 0x00,0x00,0x00,0x00,0x00,0x00,0x00,0x00,0x00,0x00,0x00,0x00,0x00,0x00,0x00,0x00,
//   52 0x00,0x00,0x00,0x00,0x00,0x00,0x00,0x00,0x00,0x00,0x00,0x00,0xFF,0x80,0x80,0x80,
//   53 0x80,0x80,0x80,0xFF,0x00,0x00,0x00,0x00,0x00,0x00,0x00,0x00,0x00,0x00,0x00,0x00,
//   54 0x00,0x00,0x00,0x00,0x00,0x00,0x00,0x00,0x00,0x00,0x00,0x00,0x00,0x00,0x00,0x00,
//   55 0xFF,0xFF,0x00,0x00,0x00,0x00,0x00,0x00,0x00,0x00,0x00,0x00,0x00,0x00,0x00,0x00,
//   56 0x00,0x00,0x00,0x00,0x00,0x00,0x00,0x00,0x00,0x00,0x00,0x00,0x00,0x00,0x00,0x00,
//   57 0x00,0x00,0x00,0x00,0x00,0x00,0x00,0x00,0x00,0x00,0x00,0x00,0x00,0x00,0x00,0x00,
//   58 0x00,0x00,0x00,0x00,0x00,0x00,0x00,0x00,0x00,0x00,0x00,0x00,0x00,0x00,0x00,0x00,
//   59 0x00,0x00,0x00,0x00,0x00,0x00,0x00,0x00,0x00,0x00,0x00,0x00,0x00,0x00,0x00,0x00,
//   60 0x00,0x00,0x00,0x00,0x00,0x00,0x00,0x00,0x00,0x00,0x00,0x00,0x00,0x00,0x00,0x00,
//   61 0x00,0x00,0x00,0x00,0x00,0x00,0x00,0x00,0x00,0x00,0x00,0x00,0x00,0x00,0x00,0x00,
//   62 0x00,0x00,0x00,0x00,0x00,0x00,0x00,0x00,0x00,0x00,0x00,0x00,0x00,0x00,0x00,0xFF,
//   63 0xFF,0x00,0x00,0x00,0x00,0x00,0x00,0x00,0x00,0x00,0x00,0x00,0x00,0x00,0x00,0x00,
//   64 0x00,0x00,0x00,0x00,0x00,0x00,0x00,0x00,0x00,0x00,0x00,0x00,0x00,0x00,0x00,0x00,
//   65 0xFF,0xFF,0x00,0x00,0x00,0x00,0x00,0x00,0x00,0x00,0x00,0x00,0x00,0x00,0x00,0x00,
//   66 0x00,0x00,0x00,0x00,0x00,0x00,0x00,0x00,0x00,0x00,0x00,0x00,0x00,0x00,0x00,0x00,
//   67 0x00,0x00,0x00,0x00,0x00,0x00,0x00,0x00,0x00,0x00,0x00,0x00,0x00,0x00,0x00,0x00,
//   68 0x00,0x00,0x00,0x00,0x00,0x00,0x00,0x00,0x00,0x00,0x00,0x00,0x00,0x00,0x00,0x00,
//   69 0x00,0x00,0x00,0x00,0x00,0x00,0x00,0x00,0x00,0x00,0x00,0x00,0x00,0x00,0x00,0x00,
//   70 0x00,0x00,0x00,0x00,0x00,0x00,0x00,0x00,0x00,0x00,0x00,0x00,0x00,0x00,0x00,0x00,
//   71 0x00,0x00,0x00,0x00,0x00,0x00,0x00,0x00,0x00,0x00,0x00,0x00,0x00,0x00,0x00,0x00,
//   72 0x00,0x00,0x00,0x00,0x00,0x00,0x00,0x00,0x00,0x00,0x00,0x00,0x00,0x00,0x00,0xFF,
//   73 0xFF,0x00,0x00,0x00,0x00,0x00,0x00,0x00,0x00,0x00,0x00,0x00,0x00,0x00,0x00,0x00,
//   74 0x00,0x00,0x00,0x00,0x00,0x00,0x00,0x00,0x00,0x00,0x00,0x00,0x00,0x00,0x00,0x00,
//   75 0xFF,0xFF,0x00,0x00,0x00,0x00,0x00,0x00,0x00,0x00,0x00,0x00,0x00,0x00,0x00,0x00,
//   76 0x00,0x00,0x00,0x00,0x00,0x00,0x00,0x00,0x00,0x00,0x00,0x00,0x00,0x00,0x00,0x00,
//   77 0x00,0x00,0x00,0x00,0x00,0x00,0x00,0x00,0x00,0x00,0x00,0x00,0x00,0x00,0x00,0x00,
//   78 0x00,0x00,0x00,0x00,0x00,0x00,0x00,0x00,0x00,0x00,0x00,0x00,0x00,0x00,0x00,0x00,
//   79 0x00,0x00,0x00,0x00,0x00,0x00,0x00,0x00,0x00,0x00,0x00,0x00,0x00,0x00,0x00,0x00,
//   80 0x00,0x00,0x00,0x00,0x00,0x00,0x00,0x00,0x00,0x00,0x00,0x00,0x00,0x00,0x00,0x00,
//   81 0x00,0x00,0x00,0x00,0x00,0x00,0x00,0x00,0x00,0x00,0x00,0x00,0x00,0x00,0x00,0x00,
//   82 0x00,0x00,0x00,0x00,0x00,0x00,0x00,0x00,0x00,0x00,0x00,0x00,0x00,0x00,0x00,0xFF,
//   83 0xFF,0x00,0x00,0x00,0x00,0x00,0x00,0x00,0x00,0x00,0x00,0x00,0x00,0x00,0x00,0x00,
//   84 0x00,0x00,0xFF,0xFF,0x18,0x18,0x18,0x18,0x18,0x18,0x18,0x18,0x18,0x18,0x18,0x18,
//   85 0x1F,0x1F,0x18,0x18,0x18,0x18,0x18,0x18,0x18,0x18,0x18,0x18,0x18,0x18,0x18,0x18,
//   86 0x18,0x18,0x18,0x18,0x18,0x18,0x18,0x18,0x18,0x18,0x18,0x18,0x18,0x18,0x18,0x18,
//   87 0x18,0x18,0x18,0x18,0x18,0x18,0x18,0x18,0x18,0x18,0x18,0x18,0x18,0x18,0x18,0x18,
//   88 0x18,0x18,0x18,0x18,0x18,0x18,0xFF,0x81,0x81,0x81,0x81,0x81,0x81,0x81,0x81,0x81,
//   89 0x81,0x81,0x81,0x81,0x81,0xFF,0x18,0x18,0x18,0x18,0x18,0x18,0x18,0x18,0x18,0x18,
//   90 0x18,0x18,0x18,0x18,0x18,0x18,0x18,0x18,0x18,0x18,0x18,0x18,0x18,0x18,0x18,0x18,
//   91 0x18,0x18,0x18,0x18,0x18,0x18,0x18,0x18,0x18,0x18,0x18,0x18,0x18,0x18,0x18,0x18,
//   92 0x18,0x18,0x18,0x18,0x18,0x18,0x18,0x18,0x18,0x18,0x18,0x18,0x18,0x18,0x18,0x1F,
//   93 0x1F,0x18,0x18,0x18,0x18,0x18,0x18,0x18,0x18,0x18,0x18,0x18,0xFF,0xFF,0x00,0x00,
//   94 0x00,0x00,0x00,0x00,0x00,0x00,0x00,0x00,0x00,0x00,0x00,0x00,0x00,0x00,0x00,0x00,
//   95 0x00,0x00,0x00,0x00,0x00,0x00,0x00,0x00,0x00,0x00,0x00,0x00,0x00,0x00,0x00,0x00,
//   96 0x00,0x00,0x00,0x00,0x00,0x00,0x00,0x00,0x00,0x00,0x00,0x00,0x00,0x00,0x00,0x00,
//   97 0x00,0x00,0x00,0x00,0x00,0x00,0x00,0x00,0x00,0x00,0x00,0x00,0x00,0x00,0x00,0x00,
//   98 0x00,0x00,0x00,0x00,0x00,0x00,0x00,0x00,0x00,0x00,0x00,0x00,0x00,0x00,0x00,0x00,
//   99 0x00,0x00,0x00,0x00,0x00,0x00,0x00,0x00,0x00,0x00,0x00,0x00,0x00,0x00,0x00,0x00,
//  100 0x00,0x00,0x00,0x00,0x00,0x00,0x00,0x00,0x00,0x00,0x00,0x00,0x00,0x00,0x00,0x00,
//  101 0x00,0x00,0x00,0x00,0x00,0x00,0x00,0x00,0x00,0x00,0x00,0x00,0x00,0x00,0x00,0x00,
//  102 0x00,0x00,0x00,0x00,0x00,0x00,0x00,0x00,0x00,0x00,0x00,0x00,0x00,0x00,0x00,0x00,
//  103 0x00,0x00,0x00,0x00,0x00,0x00,0x00,0x00,0x00,0x00,0x00,0x00,0x00,0x00,0x00,0x00,
//  104 };
//  105 

        SECTION `.rodata`:CONST:REORDER:NOROOT(2)
        DATA
//  106 uc8 zichar[96*16]=
zichar:
        DC8 0, 0, 0, 0, 0, 0, 0, 0, 0, 0, 0, 0, 0, 0, 0, 0, 0, 0, 0, 248, 0, 0
        DC8 0, 0, 0, 0, 0, 51, 0, 0, 0, 0, 0, 16, 12, 2, 16, 12, 2, 0, 0, 0, 0
        DC8 0, 0, 0, 0, 0, 0, 64, 192, 120, 64, 192, 120, 0, 0, 4, 63, 4, 4, 63
        DC8 4, 0, 0, 112, 136, 136, 252, 8, 48, 0, 0, 24, 32, 32, 255, 33, 30
        DC8 0, 240, 8, 240, 128, 96, 24, 0, 0, 0, 49, 12, 3, 30, 33, 30, 0, 0
        DC8 240, 8, 136, 112, 0, 0, 0, 30, 33, 35, 44, 25, 39, 33, 16, 0, 18
        DC8 14, 0, 0, 0, 0, 0, 0, 0, 0, 0, 0, 0, 0, 0, 0, 0, 0, 224, 24, 4, 2
        DC8 0, 0, 0, 0, 7, 24, 32, 64, 0, 0, 2, 4, 24, 224, 0, 0, 0, 0, 64, 32
        DC8 24, 7, 0, 0, 0, 64, 64, 128, 240, 128, 64, 64, 0, 2, 2, 1, 15, 1, 2
        DC8 2, 0, 0, 0, 0, 0, 224, 0, 0, 0, 0, 1, 1, 1, 15, 1, 1, 1, 0, 0, 0, 0
        DC8 0, 0, 0, 0, 0, 144, 112, 0, 0, 0, 0, 0, 0, 0, 0, 0, 0, 0, 0, 0, 0
        DC8 1, 1, 1, 1, 1, 1, 0, 0, 0, 0, 0, 0, 0, 0, 0, 0, 48, 48, 0, 0, 0, 0
        DC8 0, 0, 0, 0, 0, 192, 56, 4, 0, 0, 96, 24, 7, 0, 0, 0, 0, 0, 224, 16
        DC8 8, 8, 16, 224, 0, 0, 15, 16, 32, 32, 16, 15, 0, 0, 0, 16, 16, 248
        DC8 0, 0, 0, 0, 0, 32, 32, 63, 32, 32, 0, 0, 112, 8, 8, 8, 8, 240, 0, 0
        DC8 48, 40, 36, 34, 33, 48, 0, 0, 48, 8, 8, 8, 136, 112, 0, 0, 24, 32
        DC8 33, 33, 34, 28, 0, 0, 0, 128, 64, 48, 248, 0, 0, 0, 6, 5, 36, 36
        DC8 63, 36, 36, 0, 248, 136, 136, 136, 8, 8, 0, 0, 25, 32, 32, 32, 17
        DC8 14, 0, 0, 224, 16, 136, 136, 144, 0, 0, 0, 15, 17, 32, 32, 32, 31
        DC8 0, 0, 24, 8, 8, 136, 104, 24, 0, 0, 0, 0, 62, 1, 0, 0, 0, 0, 112
        DC8 136, 8, 8, 136, 112, 0, 0, 28, 34, 33, 33, 34, 28, 0, 0, 240, 8, 8
        DC8 8, 16, 224, 0, 0, 1, 18, 34, 34, 17, 15, 0, 0, 0, 0, 192, 192, 0, 0
        DC8 0, 0, 0, 0, 48, 48, 0, 0, 0, 0, 0, 0, 128, 0, 0, 0, 0, 0, 0, 0, 224
        DC8 0, 0, 0, 0, 0, 0, 128, 64, 32, 16, 8, 0, 0, 1, 2, 4, 8, 16, 32, 0
        DC8 0, 64, 64, 64, 64, 64, 64, 0, 0, 2, 2, 2, 2, 2, 2, 0, 0, 8, 16, 32
        DC8 64, 128, 0, 0, 0, 32, 16, 8, 4, 2, 1, 0, 0, 112, 72, 8, 8, 136, 112
        DC8 0, 0, 0, 0, 48, 55, 0, 0, 0, 0, 0, 24, 36, 36, 24, 0, 0, 0, 0, 0, 0
        DC8 0, 0, 0, 0, 0, 0, 192, 56, 224, 0, 0, 0, 32, 60, 35, 2, 2, 39, 56
        DC8 32, 8, 248, 136, 136, 136, 112, 0, 0, 32, 63, 32, 32, 32, 17, 14, 0
        DC8 192, 48, 8, 8, 8, 8, 56, 0, 7, 24, 32, 32, 32, 16, 8, 0, 8, 248, 8
        DC8 8, 8, 16, 224, 0, 32, 63, 32, 32, 32, 16, 15, 0, 8, 248, 136, 136
        DC8 232, 8, 16, 0, 32, 63, 32, 32, 35, 32, 24, 0, 8, 248, 136, 136, 232
        DC8 8, 16, 0, 32, 63, 32, 0, 3, 0, 0, 0, 192, 48, 8, 8, 8, 56, 0, 0, 7
        DC8 24, 32, 32, 34, 30, 2, 0, 8, 248, 8, 0, 0, 8, 248, 8, 32, 63, 33, 1
        DC8 1, 33, 63, 32, 0, 8, 8, 248, 8, 8, 0, 0, 0, 32, 32, 63, 32, 32, 0
        DC8 0, 0, 0, 8, 8, 248, 8, 8, 0, 192, 128, 128, 128, 127, 0, 0, 0, 8
        DC8 248, 136, 192, 40, 24, 8, 0, 32, 63, 32, 1, 38, 56, 32, 0, 8, 248
        DC8 8, 0, 0, 0, 0, 0, 32, 63, 32, 32, 32, 32, 48, 0, 8, 248, 248, 0
        DC8 248, 248, 8, 0, 32, 63, 1, 62, 1, 63, 32, 0, 8, 248, 48, 192, 0, 8
        DC8 248, 8, 32, 63, 32, 0, 7, 24, 63, 0, 224, 16, 8, 8, 8, 16, 224, 0
        DC8 15, 16, 32, 32, 32, 16, 15, 0, 8, 248, 8, 8, 8, 8, 240, 0, 32, 63
        DC8 33, 1, 1, 1, 0, 0, 224, 16, 8, 8, 8, 16, 224, 0, 15, 16, 40, 40, 48
        DC8 80, 79, 0, 8, 248, 136, 136, 136, 136, 112, 0, 32, 63, 32, 0, 3, 12
        DC8 48, 32, 0, 112, 136, 8, 8, 8, 56, 0, 0, 56, 32, 33, 33, 34, 28, 0
        DC8 24, 8, 8, 248, 8, 8, 24, 0, 0, 0, 32, 63, 32, 0, 0, 0, 8, 248, 8, 0
        DC8 0, 8, 248, 8, 0, 31, 32, 32, 32, 32, 31, 0, 8, 120, 136, 0, 0, 200
        DC8 56, 8, 0, 0, 7, 56, 14, 1, 0, 0, 8, 248, 0, 248, 0, 248, 8, 0, 0, 3
        DC8 62, 1, 62, 3, 0, 0, 8, 24, 104, 128, 128, 104, 24, 8, 32, 48, 44, 3
        DC8 3, 44, 48, 32, 8, 56, 200, 0, 200, 56, 8, 0, 0, 0, 32, 63, 32, 0, 0
        DC8 0, 16, 8, 8, 8, 200, 56, 8, 0, 32, 56, 38, 33, 32, 32, 24, 0, 0, 0
        DC8 0, 254, 2, 2, 2, 0, 0, 0, 0, 127, 64, 64, 64, 0, 0, 4, 56, 192, 0
        DC8 0, 0, 0, 0, 0, 0, 1, 6, 56, 192, 0, 0, 2, 2, 2, 254, 0, 0, 0, 0, 64
        DC8 64, 64, 127, 0, 0, 0, 240, 12, 4, 4, 12, 240, 0, 0, 15, 8, 8, 8, 8
        DC8 15, 0, 0, 0, 0, 0, 0, 0, 0, 0, 0, 128, 128, 128, 128, 128, 128, 128
        DC8 128, 240, 252, 252, 252, 252, 240, 0, 0, 15, 15, 15, 15, 15, 15, 0
        DC8 0, 0, 0, 128, 128, 128, 0, 0, 0, 0, 25, 36, 36, 18, 63, 32, 0, 16
        DC8 240, 0, 128, 128, 0, 0, 0, 0, 63, 17, 32, 32, 17, 14, 0, 0, 0, 0
        DC8 128, 128, 128, 0, 0, 0, 14, 17, 32, 32, 32, 17, 0, 0, 0, 128, 128
        DC8 128, 144, 240, 0, 0, 31, 32, 32, 32, 16, 63, 32, 0, 0, 128, 128
        DC8 128, 128, 0, 0, 0, 31, 36, 36, 36, 36, 23, 0, 0, 128, 128, 224, 144
        DC8 144, 32, 0, 0, 32, 32, 63, 32, 32, 0, 0, 0, 0, 128, 128, 128, 128
        DC8 128, 0, 0, 107, 148, 148, 148, 147, 96, 0, 16, 240, 0, 128, 128
        DC8 128, 0, 0, 32, 63, 33, 0, 0, 32, 63, 32, 0, 128, 152, 152, 0, 0, 0
        DC8 0, 0, 32, 32, 63, 32, 32, 0, 0, 0, 0, 0, 128, 152, 152, 0, 0, 0
        DC8 192, 128, 128, 128, 127, 0, 0, 16, 240, 0, 0, 128, 128, 128, 0, 32
        DC8 63, 36, 6, 41, 48, 32, 0, 0, 16, 16, 248, 0, 0, 0, 0, 0, 32, 32, 63
        DC8 32, 32, 0, 0, 128, 128, 128, 128, 128, 128, 128, 0, 32, 63, 32, 0
        DC8 63, 32, 0, 63, 128, 128, 0, 128, 128, 128, 0, 0, 32, 63, 33, 0, 0
        DC8 32, 63, 32, 0, 0, 128, 128, 128, 128, 0, 0, 0, 31, 32, 32, 32, 32
        DC8 31, 0, 128, 128, 0, 128, 128, 0, 0, 0, 128, 255, 145, 32, 32, 17
        DC8 14, 0, 0, 0, 0, 128, 128, 0, 128, 0, 0, 14, 17, 32, 32, 145, 255
        DC8 128, 128, 128, 128, 0, 128, 128, 128, 0, 32, 32, 63, 33, 32, 0, 1
        DC8 0, 0, 0, 128, 128, 128, 128, 128, 0, 0, 51, 36, 36, 36, 36, 25, 0
        DC8 0, 128, 128, 224, 128, 128, 0, 0, 0, 0, 0, 31, 32, 32, 16, 0, 128
        DC8 128, 0, 0, 0, 128, 128, 0, 0, 31, 32, 32, 32, 16, 63, 32, 128, 128
        DC8 128, 0, 128, 128, 128, 0, 0, 3, 12, 48, 12, 3, 0, 0, 128, 128, 0
        DC8 128, 128, 0, 128, 128, 1, 14, 48, 12, 7, 56, 6, 1, 0, 128, 128, 128
        DC8 0, 128, 128, 0, 0, 32, 49, 14, 46, 49, 32, 0, 128, 128, 128, 0, 0
        DC8 128, 128, 128, 0, 129, 134, 120, 24, 6, 1, 0, 0, 128, 128, 128, 128
        DC8 128, 128, 0, 0, 33, 48, 44, 34, 33, 48, 0, 0, 0, 0, 0, 0, 252, 2, 2
        DC8 0, 0, 0, 0, 1, 62, 64, 64, 0, 0, 0, 0, 255, 0, 0, 0, 0, 0, 0, 0
        DC8 255, 0, 0, 0, 2, 2, 252, 0, 0, 0, 0, 0, 64, 64, 62, 1, 0, 0, 0, 0
        DC8 0, 2, 1, 2, 2, 4, 2, 0, 0, 0, 0, 0, 0, 0, 0, 0, 0, 0, 0, 0, 0, 0, 0
        DC8 0, 0, 0, 0, 0, 0, 0, 0, 0
//  107 {
//  108 /*   */
//  109 0x00,0x00,0x00,0x00,0x00,0x00,0x00,0x00,0x00,0x00,0x00,0x00,0x00,0x00,0x00,0x00,
//  110 /* ! */
//  111 0x00,0x00,0x00,0xF8,0x00,0x00,0x00,0x00,0x00,0x00,0x00,0x33,0x00,0x00,0x00,0x00,
//  112 /* " */
//  113 0x00,0x10,0x0C,0x02,0x10,0x0C,0x02,0x00,0x00,0x00,0x00,0x00,0x00,0x00,0x00,0x00,
//  114 /* # */
//  115 0x00,0x40,0xC0,0x78,0x40,0xC0,0x78,0x00,0x00,0x04,0x3F,0x04,0x04,0x3F,0x04,0x00,
//  116 /* $ */
//  117 0x00,0x70,0x88,0x88,0xFC,0x08,0x30,0x00,0x00,0x18,0x20,0x20,0xFF,0x21,0x1E,0x00,
//  118 /* % */
//  119 0xF0,0x08,0xF0,0x80,0x60,0x18,0x00,0x00,0x00,0x31,0x0C,0x03,0x1E,0x21,0x1E,0x00,
//  120 /* & */
//  121 0x00,0xF0,0x08,0x88,0x70,0x00,0x00,0x00,0x1E,0x21,0x23,0x2C,0x19,0x27,0x21,0x10,
//  122 /* ' */
//  123 0x00,0x12,0x0E,0x00,0x00,0x00,0x00,0x00,0x00,0x00,0x00,0x00,0x00,0x00,0x00,0x00,
//  124 /* ( */
//  125 0x00,0x00,0x00,0xE0,0x18,0x04,0x02,0x00,0x00,0x00,0x00,0x07,0x18,0x20,0x40,0x00,
//  126 /* ) */
//  127 0x00,0x02,0x04,0x18,0xE0,0x00,0x00,0x00,0x00,0x40,0x20,0x18,0x07,0x00,0x00,0x00,
//  128 /* * */
//  129 0x40,0x40,0x80,0xF0,0x80,0x40,0x40,0x00,0x02,0x02,0x01,0x0F,0x01,0x02,0x02,0x00,
//  130 /* + */
//  131 0x00,0x00,0x00,0x00,0xE0,0x00,0x00,0x00,0x00,0x01,0x01,0x01,0x0F,0x01,0x01,0x01,
//  132 /* , */
//  133 0x00,0x00,0x00,0x00,0x00,0x00,0x00,0x00,0x00,0x90,0x70,0x00,0x00,0x00,0x00,0x00,
//  134 /* - */
//  135 0x00,0x00,0x00,0x00,0x00,0x00,0x00,0x00,0x00,0x01,0x01,0x01,0x01,0x01,0x01,0x00,
//  136 /* . */
//  137 0x00,0x00,0x00,0x00,0x00,0x00,0x00,0x00,0x00,0x30,0x30,0x00,0x00,0x00,0x00,0x00,
//  138 /* / */
//  139 0x00,0x00,0x00,0x00,0xC0,0x38,0x04,0x00,0x00,0x60,0x18,0x07,0x00,0x00,0x00,0x00,
//  140 /* 0 */
//  141 0x00,0xE0,0x10,0x08,0x08,0x10,0xE0,0x00,0x00,0x0F,0x10,0x20,0x20,0x10,0x0F,0x00,
//  142 /* 1 */
//  143 0x00,0x00,0x10,0x10,0xF8,0x00,0x00,0x00,0x00,0x00,0x20,0x20,0x3F,0x20,0x20,0x00,
//  144 /* 2 */
//  145 0x00,0x70,0x08,0x08,0x08,0x08,0xF0,0x00,0x00,0x30,0x28,0x24,0x22,0x21,0x30,0x00,
//  146 /* 3 */
//  147 0x00,0x30,0x08,0x08,0x08,0x88,0x70,0x00,0x00,0x18,0x20,0x21,0x21,0x22,0x1C,0x00,
//  148 /* 4 */
//  149 0x00,0x00,0x80,0x40,0x30,0xF8,0x00,0x00,0x00,0x06,0x05,0x24,0x24,0x3F,0x24,0x24,
//  150 /* 5 */
//  151 0x00,0xF8,0x88,0x88,0x88,0x08,0x08,0x00,0x00,0x19,0x20,0x20,0x20,0x11,0x0E,0x00,
//  152 /* 6 */
//  153 0x00,0xE0,0x10,0x88,0x88,0x90,0x00,0x00,0x00,0x0F,0x11,0x20,0x20,0x20,0x1F,0x00,
//  154 /* 7 */
//  155 0x00,0x18,0x08,0x08,0x88,0x68,0x18,0x00,0x00,0x00,0x00,0x3E,0x01,0x00,0x00,0x00,
//  156 /* 8 */
//  157 0x00,0x70,0x88,0x08,0x08,0x88,0x70,0x00,0x00,0x1C,0x22,0x21,0x21,0x22,0x1C,0x00,
//  158 /* 9 */
//  159 0x00,0xF0,0x08,0x08,0x08,0x10,0xE0,0x00,0x00,0x01,0x12,0x22,0x22,0x11,0x0F,0x00,
//  160 /* : */
//  161 0x00,0x00,0x00,0xC0,0xC0,0x00,0x00,0x00,0x00,0x00,0x00,0x30,0x30,0x00,0x00,0x00,
//  162 /* ; */
//  163 0x00,0x00,0x00,0x80,0x00,0x00,0x00,0x00,0x00,0x00,0x00,0xE0,0x00,0x00,0x00,0x00,
//  164 /* < */
//  165 0x00,0x00,0x80,0x40,0x20,0x10,0x08,0x00,0x00,0x01,0x02,0x04,0x08,0x10,0x20,0x00,
//  166 /* = */
//  167 0x00,0x40,0x40,0x40,0x40,0x40,0x40,0x00,0x00,0x02,0x02,0x02,0x02,0x02,0x02,0x00,
//  168 /* > */
//  169 0x00,0x08,0x10,0x20,0x40,0x80,0x00,0x00,0x00,0x20,0x10,0x08,0x04,0x02,0x01,0x00,
//  170 /* ? */
//  171 0x00,0x70,0x48,0x08,0x08,0x88,0x70,0x00,0x00,0x00,0x00,0x30,0x37,0x00,0x00,0x00,
//  172 /* @ */
//  173 0x00,0x00,0x18,0x24,0x24,0x18,0x00,0x00,0x00,0x00,0x00,0x00,0x00,0x00,0x00,0x00,
//  174 /* A */
//  175 0x00,0x00,0xC0,0x38,0xE0,0x00,0x00,0x00,0x20,0x3C,0x23,0x02,0x02,0x27,0x38,0x20,
//  176 /* B */
//  177 0x08,0xF8,0x88,0x88,0x88,0x70,0x00,0x00,0x20,0x3F,0x20,0x20,0x20,0x11,0x0E,0x00,
//  178 /* C */
//  179 0xC0,0x30,0x08,0x08,0x08,0x08,0x38,0x00,0x07,0x18,0x20,0x20,0x20,0x10,0x08,0x00,
//  180 /* D */
//  181 0x08,0xF8,0x08,0x08,0x08,0x10,0xE0,0x00,0x20,0x3F,0x20,0x20,0x20,0x10,0x0F,0x00,
//  182 /* E */
//  183 0x08,0xF8,0x88,0x88,0xE8,0x08,0x10,0x00,0x20,0x3F,0x20,0x20,0x23,0x20,0x18,0x00,
//  184 /* F */
//  185 0x08,0xF8,0x88,0x88,0xE8,0x08,0x10,0x00,0x20,0x3F,0x20,0x00,0x03,0x00,0x00,0x00,
//  186 /* G */
//  187 0xC0,0x30,0x08,0x08,0x08,0x38,0x00,0x00,0x07,0x18,0x20,0x20,0x22,0x1E,0x02,0x00,
//  188 /* H */
//  189 0x08,0xF8,0x08,0x00,0x00,0x08,0xF8,0x08,0x20,0x3F,0x21,0x01,0x01,0x21,0x3F,0x20,
//  190 /* I */
//  191 0x00,0x08,0x08,0xF8,0x08,0x08,0x00,0x00,0x00,0x20,0x20,0x3F,0x20,0x20,0x00,0x00,
//  192 /* J */
//  193 0x00,0x00,0x08,0x08,0xF8,0x08,0x08,0x00,0xC0,0x80,0x80,0x80,0x7F,0x00,0x00,0x00,
//  194 /* K */
//  195 0x08,0xF8,0x88,0xC0,0x28,0x18,0x08,0x00,0x20,0x3F,0x20,0x01,0x26,0x38,0x20,0x00,
//  196 /* L */
//  197 0x08,0xF8,0x08,0x00,0x00,0x00,0x00,0x00,0x20,0x3F,0x20,0x20,0x20,0x20,0x30,0x00,
//  198 /* M */
//  199 0x08,0xF8,0xF8,0x00,0xF8,0xF8,0x08,0x00,0x20,0x3F,0x01,0x3E,0x01,0x3F,0x20,0x00,
//  200 /* N */
//  201 0x08,0xF8,0x30,0xC0,0x00,0x08,0xF8,0x08,0x20,0x3F,0x20,0x00,0x07,0x18,0x3F,0x00,
//  202 /* O */
//  203 0xE0,0x10,0x08,0x08,0x08,0x10,0xE0,0x00,0x0F,0x10,0x20,0x20,0x20,0x10,0x0F,0x00,
//  204 /* P */
//  205 0x08,0xF8,0x08,0x08,0x08,0x08,0xF0,0x00,0x20,0x3F,0x21,0x01,0x01,0x01,0x00,0x00,
//  206 /* Q */
//  207 0xE0,0x10,0x08,0x08,0x08,0x10,0xE0,0x00,0x0F,0x10,0x28,0x28,0x30,0x50,0x4F,0x00,
//  208 /* R */
//  209 0x08,0xF8,0x88,0x88,0x88,0x88,0x70,0x00,0x20,0x3F,0x20,0x00,0x03,0x0C,0x30,0x20,
//  210 /* S */
//  211 0x00,0x70,0x88,0x08,0x08,0x08,0x38,0x00,0x00,0x38,0x20,0x21,0x21,0x22,0x1C,0x00,
//  212 /* T */
//  213 0x18,0x08,0x08,0xF8,0x08,0x08,0x18,0x00,0x00,0x00,0x20,0x3F,0x20,0x00,0x00,0x00,
//  214 /* U */
//  215 0x08,0xF8,0x08,0x00,0x00,0x08,0xF8,0x08,0x00,0x1F,0x20,0x20,0x20,0x20,0x1F,0x00,
//  216 /* V */
//  217 0x08,0x78,0x88,0x00,0x00,0xC8,0x38,0x08,0x00,0x00,0x07,0x38,0x0E,0x01,0x00,0x00,
//  218 /* W */
//  219 0x08,0xF8,0x00,0xF8,0x00,0xF8,0x08,0x00,0x00,0x03,0x3E,0x01,0x3E,0x03,0x00,0x00,
//  220 /* X */
//  221 0x08,0x18,0x68,0x80,0x80,0x68,0x18,0x08,0x20,0x30,0x2C,0x03,0x03,0x2C,0x30,0x20,
//  222 /* Y */
//  223 0x08,0x38,0xC8,0x00,0xC8,0x38,0x08,0x00,0x00,0x00,0x20,0x3F,0x20,0x00,0x00,0x00,
//  224 /* Z */
//  225 0x10,0x08,0x08,0x08,0xC8,0x38,0x08,0x00,0x20,0x38,0x26,0x21,0x20,0x20,0x18,0x00,
//  226 /* [ */
//  227 0x00,0x00,0x00,0xFE,0x02,0x02,0x02,0x00,0x00,0x00,0x00,0x7F,0x40,0x40,0x40,0x00,
//  228 /* \ */
//  229 0x00,0x04,0x38,0xC0,0x00,0x00,0x00,0x00,0x00,0x00,0x00,0x01,0x06,0x38,0xC0,0x00,
//  230 /* ] */
//  231 0x00,0x02,0x02,0x02,0xFE,0x00,0x00,0x00,0x00,0x40,0x40,0x40,0x7F,0x00,0x00,0x00,
//  232 /* ^ */
//  233 0xF0,0x0C,0x04,0x04,0x0C,0xF0,0x00,0x00,0x0F,0x08,0x08,0x08,0x08,0x0F,0x00,0x00,
//  234 /* _ */
//  235 0x00,0x00,0x00,0x00,0x00,0x00,0x00,0x00,0x80,0x80,0x80,0x80,0x80,0x80,0x80,0x80,
//  236 /* ` */
//  237 0xF0,0xFC,0xFC,0xFC,0xFC,0xF0,0x00,0x00,0x0F,0x0F,0x0F,0x0F,0x0F,0x0F,0x00,0x00,
//  238 /* a */
//  239 0x00,0x00,0x80,0x80,0x80,0x00,0x00,0x00,0x00,0x19,0x24,0x24,0x12,0x3F,0x20,0x00,
//  240 /* b */
//  241 0x10,0xF0,0x00,0x80,0x80,0x00,0x00,0x00,0x00,0x3F,0x11,0x20,0x20,0x11,0x0E,0x00,
//  242 /* c */
//  243 0x00,0x00,0x00,0x80,0x80,0x80,0x00,0x00,0x00,0x0E,0x11,0x20,0x20,0x20,0x11,0x00,
//  244 /* d */
//  245 0x00,0x00,0x80,0x80,0x80,0x90,0xF0,0x00,0x00,0x1F,0x20,0x20,0x20,0x10,0x3F,0x20,
//  246 /* e */
//  247 0x00,0x00,0x80,0x80,0x80,0x80,0x00,0x00,0x00,0x1F,0x24,0x24,0x24,0x24,0x17,0x00,
//  248 /* f */
//  249 0x00,0x80,0x80,0xE0,0x90,0x90,0x20,0x00,0x00,0x20,0x20,0x3F,0x20,0x20,0x00,0x00,
//  250 /* g */
//  251 0x00,0x00,0x80,0x80,0x80,0x80,0x80,0x00,0x00,0x6B,0x94,0x94,0x94,0x93,0x60,0x00,
//  252 /* h */
//  253 0x10,0xF0,0x00,0x80,0x80,0x80,0x00,0x00,0x20,0x3F,0x21,0x00,0x00,0x20,0x3F,0x20,
//  254 /* i */
//  255 0x00,0x80,0x98,0x98,0x00,0x00,0x00,0x00,0x00,0x20,0x20,0x3F,0x20,0x20,0x00,0x00,
//  256 /* j */
//  257 0x00,0x00,0x00,0x80,0x98,0x98,0x00,0x00,0x00,0xC0,0x80,0x80,0x80,0x7F,0x00,0x00,
//  258 /* k */
//  259 0x10,0xF0,0x00,0x00,0x80,0x80,0x80,0x00,0x20,0x3F,0x24,0x06,0x29,0x30,0x20,0x00,
//  260 /* l */
//  261 0x00,0x10,0x10,0xF8,0x00,0x00,0x00,0x00,0x00,0x20,0x20,0x3F,0x20,0x20,0x00,0x00,
//  262 /* m */
//  263 0x80,0x80,0x80,0x80,0x80,0x80,0x80,0x00,0x20,0x3F,0x20,0x00,0x3F,0x20,0x00,0x3F,
//  264 /* n */
//  265 0x80,0x80,0x00,0x80,0x80,0x80,0x00,0x00,0x20,0x3F,0x21,0x00,0x00,0x20,0x3F,0x20,
//  266 /* o */
//  267 0x00,0x00,0x80,0x80,0x80,0x80,0x00,0x00,0x00,0x1F,0x20,0x20,0x20,0x20,0x1F,0x00,
//  268 /* p */
//  269 0x80,0x80,0x00,0x80,0x80,0x00,0x00,0x00,0x80,0xFF,0x91,0x20,0x20,0x11,0x0E,0x00,
//  270 /* q */
//  271 0x00,0x00,0x00,0x80,0x80,0x00,0x80,0x00,0x00,0x0E,0x11,0x20,0x20,0x91,0xFF,0x80,
//  272 /* r */
//  273 0x80,0x80,0x80,0x00,0x80,0x80,0x80,0x00,0x20,0x20,0x3F,0x21,0x20,0x00,0x01,0x00,
//  274 /* s */
//  275 0x00,0x00,0x80,0x80,0x80,0x80,0x80,0x00,0x00,0x33,0x24,0x24,0x24,0x24,0x19,0x00,
//  276 /* t */
//  277 0x00,0x80,0x80,0xE0,0x80,0x80,0x00,0x00,0x00,0x00,0x00,0x1F,0x20,0x20,0x10,0x00,
//  278 /* u */
//  279 0x80,0x80,0x00,0x00,0x00,0x80,0x80,0x00,0x00,0x1F,0x20,0x20,0x20,0x10,0x3F,0x20,
//  280 /* v */
//  281 0x80,0x80,0x80,0x00,0x80,0x80,0x80,0x00,0x00,0x03,0x0C,0x30,0x0C,0x03,0x00,0x00,
//  282 /* w */
//  283 0x80,0x80,0x00,0x80,0x80,0x00,0x80,0x80,0x01,0x0E,0x30,0x0C,0x07,0x38,0x06,0x01,
//  284 /* x */
//  285 0x00,0x80,0x80,0x80,0x00,0x80,0x80,0x00,0x00,0x20,0x31,0x0E,0x2E,0x31,0x20,0x00,
//  286 /* y */
//  287 0x80,0x80,0x80,0x00,0x00,0x80,0x80,0x80,0x00,0x81,0x86,0x78,0x18,0x06,0x01,0x00,
//  288 /* z */
//  289 0x00,0x80,0x80,0x80,0x80,0x80,0x80,0x00,0x00,0x21,0x30,0x2C,0x22,0x21,0x30,0x00,
//  290 /* { */
//  291 0x00,0x00,0x00,0x00,0x00,0xFC,0x02,0x02,0x00,0x00,0x00,0x00,0x01,0x3E,0x40,0x40,
//  292 /* | */
//  293 0x00,0x00,0x00,0x00,0xFF,0x00,0x00,0x00,0x00,0x00,0x00,0x00,0xFF,0x00,0x00,0x00,
//  294 /* } */
//  295 0x02,0x02,0xFC,0x00,0x00,0x00,0x00,0x00,0x40,0x40,0x3E,0x01,0x00,0x00,0x00,0x00,
//  296 /* ~ */
//  297 0x00,0x02,0x01,0x02,0x02,0x04,0x02,0x00,0x00,0x00,0x00,0x00,0x00,0x00,0x00,0x00,
//  298 };
//  299 
//  300 
//  301 // 汉字表：
//  302 //伏安秒度分瓦乏线路保护装置退出跳闸告警投入单纯过流闭锁操作板开断放参数电
//  303 //压控回一次值合位源相间段制字时反限负荷重动延加速充零序低频率启事故总信号
//  304 //存储器错定检测异常弹簧未能口遥备用运行灯通背光容不平衡变编高侧斯轻超温机
//  305 //额堵转欠本体长母越并列自功联进主供有无二三关失败刻显示追忆设版息查看量漂
//  306 //道幅角纲返记录删除件条请输状态对整切换区固化成读取密码名称系统钟校准年月
//  307 //日网地址误规约南新点直验型是否菜内继软
//  308 /////////////////////////////////////////////////////////////////////
//  309 // 汉字索引表，与点阵码表对应排列                                  //
//  310 /////////////////////////////////////////////////////////////////////

        SECTION `.rodata`:CONST:REORDER:NOROOT(2)
        DATA
//  311 uc16 hzIndex[ZIKUNUM]=
hzIndex:
        DC16 46792, 47062, 47014, 53215, 49847, 45475, 48036, 45794, 49112
        DC16 55216, 54979, 45540, 53689, 50935, 46567, 46767, 48122, 50410
        DC16 54466, 51413, 45286, 45502, 47813, 52683, 46070, 52472, 54690
        DC16 47334, 48815, 52662, 51435, 46501, 46271, 47613, 49655, 45525
        DC16 52216, 47037, 53234, 45785, 55287, 45285, 49066, 46799, 47045
        DC16 53947, 45283, 47047, 45987, 48299, 46795, 46541, 51879, 45774
        DC16 51965, 48088, 45512, 46286, 54965, 47823, 52923, 54452, 53216
        DC16 48356, 46798, 54982, 55254, 51889, 47028, 53214, 47290, 47817
        DC16 55000, 53715, 48339, 52185, 46052, 49635, 53490, 50869, 49866
        DC16 47327, 45792, 52703, 52153, 51169, 45996, 52930, 46830, 46760
        DC16 50932, 45988, 46786, 55210, 51127, 52453, 51906, 47562, 55260
        DC16 53445, 46310, 46242, 46317, 53411, 53737, 48364, 53996, 46511
        DC16 48073, 52916, 50396, 45496, 54211, 54454, 48845, 46552, 51926
        DC16 48595, 46563, 49114, 53923, 45491, 47586, 50360, 49578, 48304
        DC16 55252, 47526, 54224, 52958, 46846, 51453, 47576, 45276, 48632
        DC16 50394, 48086, 47284, 49887, 48301, 46518, 51421, 45755, 50877
        DC16 47842, 49100, 53204, 51902, 55223, 53988, 51688, 52648, 53686
        DC16 51924, 53154, 45801, 49076, 49599, 50863, 46528, 47097, 48583
        DC16 47321, 47029, 48327, 49852, 51646, 46077, 48382, 52469, 51179
        DC16 51940, 47010, 51706, 53243, 55220, 52396, 46804, 54779, 51152
        DC16 48059, 51192, 47564, 48047, 46025, 46785, 51361, 50140, 49899
        DC16 50171, 46022, 53173, 52659, 54995, 55228, 53946, 48807, 45991
        DC16 50155, 47809, 52728, 54967, 52979, 47590, 54460, 51663, 52173
        DC16 50383, 53442, 54961, 53453, 54255, 53716, 54992, 52932, 47057
        DC16 53415, 53969, 48585, 50906, 48555, 48801, 49132, 54475, 53456
        DC16 46069, 51900, 51911, 47089, 55031, 45771, 48380, 49064, 55201
        DC16 51383, 51407, 54226, 53186, 55283, 47593, 53470, 47300, 46330
        DC16 48121, 49376, 52977, 45528, 45236, 49097, 53972, 46583, 48602
        DC16 45730, 48332, 51437, 51377, 51873, 0, 0, 0, 0, 0, 0, 0, 0, 0, 0, 0
        DC16 0, 0, 0, 0, 0, 0, 0, 0, 0, 0, 0, 0, 0, 0, 0, 0, 0, 0, 0, 0, 0, 0
        DC16 0, 0, 0, 0, 0, 0, 0, 0, 0, 0, 0, 0, 0, 0, 0, 0, 0, 0, 0, 0, 0, 0
        DC16 0, 0, 0, 0, 0, 0, 0, 0, 0, 0, 0, 0, 0, 0, 0, 0, 0, 0, 0, 0, 0, 0
        DC16 0, 0, 0, 0, 0, 0, 0, 0, 0, 0, 0, 0, 0, 0, 0, 0, 0, 0, 0, 0, 0, 0
        DC16 0, 0, 0, 0, 0, 0, 0, 0, 0, 0, 0, 0, 0, 0, 0, 0, 0, 0, 0, 0, 0, 0
        DC16 0, 0, 0, 0, 0, 0, 0, 0, 0, 0, 0, 0, 0, 0, 0, 0, 0, 0, 0, 0, 0, 0
//  312 {
//  313 0xB6C8, 0xB7D6, 0xB7A6, 0xCFDF, 0xC2B7, 0xB1A3, 0xBBA4, 0xB2E2, 
//  314 0xBFD8, 0xD7B0, 0xD6C3, 0xB1E4, 0xD1B9, 0xC6F7, 0xB5E7, 0xB6AF, 
//  315 0xBBFA, 0xC4EA, 0xD4C2, 0xC8D5, 0xB0E6, 0xB1BE, 0xBAC5, 0xCDCB, 
//  316 0xB3F6, 0xCCF8, 0xD5A2, 0xB8E6, 0xBEAF, 0xCDB6, 0xC8EB, 0xB5A5, 
//  317 0xB4BF, 0xB9FD, 0xC1F7, 0xB1D5, 0xCBF8, 0xB7BD, 0xCFF2, 0xB2D9, 
//  318 0xD7F7, 0xB0E5, 0xBFAA, 0xB6CF, 0xB7C5, 0xD2BB, 0xB0E3, 0xB7C7, 
//  319 0xB3A3, 0xBCAB, 0xB6CB, 0xB5CD, 0xCAA7, 0xB2CE, 0xCAFD, 0xBBD8, 
//  320 0xB1C8, 0xB4CE, 0xD6B5, 0xBACF, 0xCEBB, 0xD4B4, 0xCFE0, 0xBCE4, 
//  321 0xB6CE, 0xD6C6, 0xD7D6, 0xCAB1, 0xB7B4, 0xCFDE, 0xB8BA, 0xBAC9, 
//  322 0xD6D8, 0xD1D3, 0xBCD3, 0xCBD9, 0xB3E4, 0xC1E3, 0xD0F2, 0xC6B5, 
//  323 0xC2CA, 0xB8DF, 0xB2E0, 0xCDDF, 0xCBB9, 0xC7E1, 0xB3AC, 0xCEC2, 
//  324 0xB6EE, 0xB6A8, 0xC6F4, 0xB3A4, 0xB6C2, 0xD7AA, 0xC7B7, 0xCCE5, 
//  325 0xCAC2, 0xB9CA, 0xD7DC, 0xD0C5, 0xB4E6, 0xB4A2, 0xB4ED, 0xD0A3, 
//  326 0xD1E9, 0xBCEC, 0xD2EC, 0xB5AF, 0xBBC9, 0xCEB4, 0xC4DC, 0xB1B8, 
//  327 0xD3C3, 0xD4B6, 0xBECD, 0xB5D8, 0xCAD6, 0xBDD3, 0xB5E3, 0xBFDA, 
//  328 0xD2A3, 0xB1B3, 0xB9E2, 0xC4B8, 0xC1AA, 0xBCB0, 0xD7D4, 0xB9A6, 
//  329 0xD3D0, 0xCEDE, 0xB6FE, 0xC8FD, 0xB9D8, 0xB0DC, 0xBDF8, 0xC4DA, 
//  330 0xBBD6, 0xB8B4, 0xC2DF, 0xBCAD, 0xB5B6, 0xC8DD, 0xB2BB, 0xC6BD, 
//  331 0xBAE2, 0xBFCC, 0xCFD4, 0xCABE, 0xD7B7, 0xD2E4, 0xC9E8, 0xCDA8, 
//  332 0xD1B6, 0xCAD4, 0xCFA2, 0xB2E9, 0xBFB4, 0xC1BF, 0xC6AF, 0xB5C0, 
//  333 0xB7F9, 0xBDC7, 0xB8D9, 0xB7B5, 0xBCC7, 0xC2BC, 0xC9BE, 0xB3FD, 
//  334 0xBCFE, 0xCCF5, 0xC7EB, 0xCAE4, 0xB7A2, 0xC9FA, 0xCFFB, 0xD7B4, 
//  335 0xCCAC, 0xB6D4, 0xD5FB, 0xC7D0, 0xBBBB, 0xC7F8, 0xB9CC, 0xBBAF, 
//  336 0xB3C9, 0xB6C1, 0xC8A1, 0xC3DC, 0xC2EB, 0xC3FB, 0xB3C6, 0xCFB5, 
//  337 0xCDB3, 0xD6D3, 0xD7BC, 0xD2BA, 0xBEA7, 0xB3A7, 0xC3EB, 0xBAC1, 
//  338 0xCDF8, 0xD6B7, 0xCEF3, 0xB9E6, 0xD4BC, 0xC9CF, 0xCBCD, 0xC4CF, 
//  339 0xD0C2, 0xD6B1, 0xD0CD, 0xD3EF, 0xD1D4, 0xD6D0, 0xCEC4, 0xB7D1, 
//  340 0xD0A7, 0xD2D1, 0xBDC9, 0xC6DA, 0xBDAB, 0xBEA1, 0xBFEC, 0xD4CB, 
//  341 0xD0D0, 0xB3F5, 0xCABC, 0xCAC7, 0xB7F1, 0xD6F7, 0xB2CB, 0xBCFC, 
//  342 0xBFA8, 0xD7A1, 0xC8B7, 0xC8CF, 0xD3D2, 0xCFC2, 0xD7F3, 0xB9E9, 
//  343 0xD0DE, 0xB8C4, 0xB4FA, 0xBBF9, 0xC0E0, 0xCEF1, 0xB1D8, 0xB0B4, 
//  344 0xBFC9, 0xD2D4, 0xB5F7, 0xBDDA, 0xB2A2, 0xBCCC, 0xC8ED, 0xC8B1, 
//  345 0xCAA1,  
//  346 };
//  347 

        SECTION `.rodata`:CONST:REORDER:NOROOT(2)
        DATA
//  348 uc8 zilib[ZIKUNUM*32]=
zilib:
        DC8 0, 0, 252, 36, 36, 36, 252, 37, 38, 36, 252, 36, 36, 36, 4, 0, 64
        DC8 48, 143, 128, 132, 76, 85, 37, 37, 37, 85, 76, 128, 128, 128, 0
        DC8 128, 64, 32, 144, 136, 134, 128, 128, 128, 131, 140, 16, 32, 64
        DC8 128, 0, 0, 128, 64, 32, 24, 7, 0, 64, 128, 64, 63, 0, 0, 0, 0, 0, 0
        DC8 8, 8, 8, 8, 8, 40, 196, 4, 4, 4, 6, 4, 0, 0, 0, 128, 65, 33, 33, 81
        DC8 145, 137, 137, 133, 133, 131, 131, 129, 128, 128, 0, 32, 48, 172
        DC8 99, 32, 24, 128, 144, 144, 255, 144, 73, 74, 72, 64, 0, 34, 103, 34
        DC8 18, 18, 18, 64, 64, 32, 19, 12, 20, 34, 65, 248, 0, 0, 62, 34, 226
        DC8 34, 62, 0, 16, 136, 87, 36, 84, 140, 0, 0, 0, 64, 126, 64, 63, 34
        DC8 34, 0, 1, 254, 66, 66, 66, 254, 1, 1, 0, 0, 128, 96, 248, 7, 0, 62
        DC8 34, 34, 226, 34, 34, 62, 0, 0, 0, 1, 0, 0, 255, 32, 17, 9, 5, 3
        DC8 255, 3, 5, 9, 17, 32, 0, 16, 16, 16, 255, 16, 144, 0, 248, 136, 137
        DC8 142, 136, 136, 136, 248, 0, 4, 68, 130, 127, 129, 64, 48, 15, 0, 0
        DC8 0, 0, 0, 0, 1, 0, 0, 16, 96, 2, 140, 0, 254, 2, 242, 2, 254, 0, 248
        DC8 0, 255, 0, 0, 4, 4, 126, 1, 128, 71, 48, 15, 16, 39, 0, 71, 128
        DC8 127, 0, 16, 16, 16, 255, 144, 32, 152, 72, 40, 9, 14, 40, 72, 168
        DC8 24, 0, 2, 66, 129, 127, 0, 64, 64, 66, 66, 66, 126, 66, 66, 66, 64
        DC8 0, 64, 66, 36, 16, 255, 0, 132, 68, 68, 68, 127, 68, 68, 68, 4, 0
        DC8 34, 34, 18, 18, 10, 254, 66, 39, 10, 18, 34, 50, 74, 66, 66, 0, 0
        DC8 46, 42, 170, 170, 174, 170, 250, 170, 174, 170, 170, 42, 46, 0, 0
        DC8 128, 128, 128, 255, 170, 170, 170, 170, 170, 170, 170, 255, 128
        DC8 128, 128, 0, 4, 68, 36, 20, 4, 124, 5, 6, 4, 124, 4, 20, 36, 68, 4
        DC8 0, 128, 128, 129, 65, 67, 37, 41, 17, 41, 37, 67, 65, 128, 128, 128
        DC8 0, 0, 0, 254, 2, 130, 130, 130, 130, 250, 130, 130, 130, 130, 130
        DC8 2, 0, 128, 96, 31, 64, 64, 64, 64, 64, 127, 64, 64, 68, 88, 64, 64
        DC8 0, 128, 128, 158, 146, 146, 146, 158, 224, 128, 158, 178, 210, 146
        DC8 158, 128, 0, 8, 8, 244, 148, 146, 146, 241, 0, 1, 242, 146, 148
        DC8 148, 248, 8, 0, 0, 248, 136, 136, 136, 136, 255, 136, 136, 136, 136
        DC8 248, 0, 0, 0, 0, 0, 31, 8, 8, 8, 8, 127, 136, 136, 136, 136, 159
        DC8 128, 240, 0, 0, 0, 64, 68, 196, 68, 68, 68, 64, 16, 16, 255, 16, 16
        DC8 16, 240, 0, 0, 16, 60, 19, 16, 20, 184, 64, 48, 14, 1, 64, 128, 64
        DC8 63, 0, 16, 16, 208, 255, 144, 16, 0, 254, 2, 2, 2, 254, 0, 0, 0, 0
        DC8 4, 3, 0, 255, 0, 131, 96, 31, 0, 0, 0, 63, 64, 64, 120, 0, 0, 32
        DC8 24, 199, 68, 68, 68, 68, 252, 68, 68, 68, 68, 4, 0, 0, 4, 4, 4, 7
        DC8 4, 4, 4, 4, 255, 4, 4, 4, 4, 4, 4, 0, 0, 0, 0, 0, 254, 34, 34, 34
        DC8 34, 34, 34, 34, 34, 254, 0, 0, 0, 128, 64, 48, 15, 2, 2, 2, 2, 2, 2
        DC8 66, 130, 127, 0, 0, 0, 0, 0, 254, 130, 130, 130, 130, 130, 130, 130
        DC8 254, 0, 0, 0, 0, 0, 0, 0, 255, 64, 64, 64, 64, 64, 64, 64, 255, 0
        DC8 0, 0, 0, 0, 254, 32, 32, 63, 32, 0, 252, 36, 228, 36, 34, 35, 226
        DC8 0, 0, 128, 127, 1, 1, 255, 128, 96, 31, 128, 65, 38, 24, 38, 65
        DC8 128, 0, 0, 16, 16, 16, 16, 208, 48, 255, 48, 208, 16, 16, 16, 16, 0
        DC8 0, 16, 8, 4, 2, 9, 8, 8, 255, 8, 8, 9, 2, 4, 8, 16, 0, 128, 128
        DC8 128, 190, 162, 162, 162, 162, 162, 162, 162, 190, 128, 128, 128, 0
        DC8 0, 0, 0, 6, 5, 4, 4, 4, 68, 132, 68, 60, 0, 0, 0, 0, 128, 128, 132
        DC8 152, 0, 0, 254, 146, 146, 146, 146, 146, 254, 0, 0, 0, 0, 128, 64
        DC8 63, 64, 128, 191, 144, 136, 129, 130, 132, 138, 177, 128, 0, 0, 0
        DC8 124, 64, 64, 64, 64, 255, 64, 64, 64, 64, 252, 0, 0, 0, 0, 124, 64
        DC8 64, 64, 64, 64, 127, 64, 64, 64, 64, 64, 252, 0, 0, 0, 62, 34, 226
        DC8 34, 62, 0, 8, 16, 255, 0, 255, 160, 16, 8, 0, 64, 126, 64, 63, 34
        DC8 34, 128, 66, 49, 15, 0, 127, 128, 129, 242, 0, 0, 248, 1, 2, 240
        DC8 146, 146, 242, 146, 146, 242, 2, 2, 254, 0, 0, 0, 255, 0, 0, 15, 4
        DC8 4, 127, 4, 4, 15, 64, 128, 127, 0, 0, 128, 160, 144, 142, 136, 136
        DC8 136, 255, 136, 136, 136, 136, 136, 128, 128, 0, 0, 0, 0, 252, 68
        DC8 68, 68, 68, 68, 68, 68, 252, 0, 0, 0, 0, 18, 234, 175, 170, 234, 15
        DC8 250, 2, 136, 140, 87, 36, 84, 140, 132, 0, 2, 2, 234, 170, 170, 171
        DC8 170, 171, 170, 170, 170, 170, 234, 2, 2, 0, 16, 16, 16, 255, 16
        DC8 144, 64, 160, 158, 130, 130, 130, 158, 160, 32, 0, 4, 68, 130, 127
        DC8 1, 0, 128, 128, 67, 44, 16, 40, 68, 131, 128, 0, 0, 0, 0, 0, 0, 1
        DC8 226, 28, 224, 0, 0, 0, 0, 0, 0, 0, 128, 64, 32, 16, 12, 3, 0, 0, 0
        DC8 3, 12, 48, 64, 128, 128, 0, 0, 0, 248, 73, 74, 76, 72, 248, 72, 76
        DC8 74, 73, 248, 0, 0, 0, 16, 16, 19, 18, 18, 18, 18, 255, 18, 18, 18
        DC8 18, 19, 16, 16, 0, 64, 96, 88, 198, 96, 0, 208, 16, 16, 254, 16, 16
        DC8 208, 16, 0, 0, 68, 206, 69, 36, 36, 0, 7, 4, 4, 127, 132, 132, 143
        DC8 128, 224, 0, 128, 128, 132, 152, 0, 16, 144, 16, 16, 16, 16, 254
        DC8 16, 16, 16, 0, 0, 128, 64, 63, 64, 128, 128, 131, 128, 144, 160
        DC8 159, 128, 128, 128, 0, 16, 96, 2, 140, 0, 68, 100, 84, 77, 70, 68
        DC8 84, 100, 196, 4, 0, 4, 4, 126, 1, 128, 64, 62, 0, 0, 254, 0, 0, 126
        DC8 128, 224, 0, 0, 248, 1, 34, 32, 34, 34, 162, 250, 34, 34, 34, 2
        DC8 254, 0, 0, 0, 255, 0, 8, 4, 2, 17, 32, 31, 0, 0, 64, 128, 127, 0, 0
        DC8 32, 16, 44, 231, 36, 36, 0, 226, 44, 32, 191, 32, 40, 230, 0, 0, 1
        DC8 1, 1, 127, 33, 17, 128, 79, 32, 16, 15, 16, 32, 79, 128, 0, 8, 8, 8
        DC8 8, 8, 248, 137, 142, 136, 136, 136, 136, 8, 8, 8, 0, 0, 128, 64, 32
        DC8 24, 7, 0, 0, 64, 128, 64, 63, 0, 0, 0, 0, 0, 248, 8, 8, 12, 202, 73
        DC8 72, 72, 200, 8, 8, 8, 248, 0, 0, 0, 255, 0, 0, 0, 31, 8, 8, 8, 31
        DC8 0, 64, 128, 127, 0, 0, 16, 16, 255, 16, 144, 224, 47, 41, 233, 9
        DC8 233, 41, 47, 224, 0, 0, 66, 130, 127, 65, 68, 37, 21, 13, 5, 254
        DC8 13, 21, 37, 69, 68, 0, 0, 128, 96, 248, 7, 64, 48, 15, 248, 136
        DC8 136, 136, 136, 8, 8, 0, 1, 0, 0, 255, 0, 0, 0, 0, 255, 8, 8, 8, 8
        DC8 8, 0, 0, 16, 16, 208, 255, 144, 16, 0, 252, 36, 228, 36, 34, 35
        DC8 226, 0, 0, 4, 3, 0, 255, 0, 131, 96, 31, 128, 65, 38, 24, 38, 65
        DC8 128, 0, 128, 130, 130, 130, 254, 130, 130, 130, 130, 130, 254, 130
        DC8 130, 130, 128, 0, 0, 128, 64, 48, 15, 0, 0, 0, 0, 0, 255, 0, 0, 0
        DC8 0, 0, 0, 252, 32, 36, 168, 255, 168, 36, 0, 252, 68, 68, 196, 66
        DC8 64, 0, 0, 63, 34, 33, 32, 47, 32, 163, 96, 31, 0, 0, 255, 0, 0, 0
        DC8 8, 8, 249, 74, 72, 200, 72, 32, 216, 23, 16, 16, 240, 16, 16, 0, 64
        DC8 48, 15, 32, 64, 63, 128, 64, 33, 22, 8, 22, 33, 64, 128, 0, 0, 0, 0
        DC8 0, 0, 0, 0, 0, 0, 0, 0, 0, 0, 0, 0, 0, 1, 1, 1, 1, 1, 1, 1, 1, 1, 1
        DC8 1, 1, 1, 1, 1, 0, 128, 128, 252, 150, 229, 132, 252, 0, 160, 158
        DC8 130, 130, 158, 160, 32, 0, 128, 96, 31, 2, 76, 128, 127, 128, 128
        DC8 67, 44, 16, 44, 67, 128, 0, 8, 136, 136, 136, 136, 255, 0, 0, 0
        DC8 255, 136, 136, 136, 136, 8, 0, 16, 16, 16, 16, 16, 255, 0, 0, 0
        DC8 255, 16, 16, 16, 16, 16, 0, 32, 24, 8, 234, 172, 168, 168, 175, 168
        DC8 168, 172, 234, 8, 40, 24, 0, 0, 0, 62, 2, 2, 2, 2, 255, 2, 2, 18
        DC8 34, 30, 0, 0, 0, 16, 16, 208, 255, 144, 16, 2, 2, 254, 2, 2, 98, 90
        DC8 198, 0, 0, 4, 3, 0, 255, 0, 67, 48, 143, 128, 67, 44, 16, 44, 67
        DC8 128, 0, 200, 8, 9, 14, 232, 8, 64, 94, 80, 80, 223, 80, 80, 94, 64
        DC8 0, 32, 111, 32, 28, 19, 16, 0, 254, 2, 127, 2, 126, 130, 254, 0, 0
        DC8 0, 128, 96, 248, 7, 0, 252, 132, 132, 132, 254, 130, 131, 130, 128
        DC8 0, 1, 0, 0, 255, 0, 0, 255, 64, 32, 0, 65, 142, 48, 64, 248, 0, 0
        DC8 64, 48, 30, 16, 16, 16, 255, 16, 16, 16, 16, 16, 0, 0, 0, 129, 129
        DC8 65, 33, 17, 13, 3, 1, 3, 13, 17, 33, 65, 129, 129, 0, 0, 32, 32
        DC8 168, 108, 42, 57, 40, 168, 42, 108, 168, 32, 32, 0, 0, 2, 130, 129
        DC8 144, 146, 74, 73, 69, 36, 34, 16, 8, 1, 2, 2, 0, 144, 82, 52, 16
        DC8 255, 16, 52, 82, 128, 112, 143, 8, 8, 248, 8, 0, 130, 154, 86, 99
        DC8 34, 82, 142, 0, 128, 64, 51, 12, 51, 64, 128, 0, 0, 0, 254, 2, 2
        DC8 242, 18, 18, 18, 242, 2, 2, 254, 0, 0, 0, 0, 0, 127, 32, 32, 39, 36
        DC8 36, 36, 39, 32, 32, 127, 0, 0, 0, 0, 252, 128, 128, 128, 128, 0
        DC8 254, 0, 128, 64, 32, 16, 0, 0, 0, 0, 255, 64, 64, 32, 32, 0, 127
        DC8 129, 128, 128, 128, 128, 240, 0, 0, 0, 2, 12, 128, 96, 128, 64, 48
        DC8 15, 200, 8, 8, 40, 24, 0, 0, 2, 2, 126, 1, 128, 64, 32, 24, 6, 1, 6
        DC8 24, 32, 64, 128, 0, 0, 128, 96, 248, 7, 4, 228, 164, 164, 191, 164
        DC8 164, 228, 4, 0, 0, 1, 0, 0, 255, 64, 64, 127, 74, 74, 74, 74, 74
        DC8 127, 64, 64, 0, 64, 64, 32, 32, 80, 72, 68, 67, 68, 72, 80, 32, 32
        DC8 64, 64, 0, 0, 0, 0, 254, 66, 66, 66, 66, 66, 66, 66, 254, 0, 0, 0
        DC8 0, 0, 128, 96, 248, 7, 16, 144, 16, 17, 22, 16, 16, 208, 16, 0, 0
        DC8 1, 0, 0, 255, 64, 64, 65, 94, 64, 64, 112, 78, 65, 64, 64, 0, 16
        DC8 96, 2, 140, 0, 254, 2, 242, 82, 90, 86, 82, 82, 242, 2, 0, 4, 4
        DC8 126, 65, 48, 15, 32, 19, 73, 129, 127, 1, 9, 19, 32, 0, 0, 16, 16
        DC8 16, 208, 255, 144, 16, 0, 254, 34, 34, 34, 34, 254, 0, 0, 8, 4, 3
        DC8 0, 255, 0, 3, 0, 255, 66, 66, 66, 66, 255, 0, 0, 248, 1, 6, 0, 240
        DC8 18, 18, 18, 242, 2, 2, 2, 254, 0, 0, 0, 255, 0, 0, 0, 31, 17, 17
        DC8 17, 31, 0, 64, 128, 127, 0, 0, 0, 0, 254, 34, 34, 33, 1, 64, 62, 2
        DC8 2, 2, 30, 32, 32, 0, 16, 16, 255, 17, 9, 9, 128, 129, 71, 41, 17
        DC8 41, 69, 131, 128, 0, 0, 64, 80, 78, 72, 72, 255, 72, 72, 72, 64
        DC8 248, 0, 0, 255, 0, 0, 0, 0, 62, 2, 2, 255, 18, 34, 30, 0, 15, 64
        DC8 128, 127, 0, 16, 12, 4, 36, 36, 36, 37, 38, 164, 100, 36, 4, 4, 20
        DC8 12, 0, 2, 2, 2, 2, 2, 66, 130, 127, 2, 2, 2, 2, 2, 2, 2, 0, 0, 252
        DC8 132, 132, 132, 252, 0, 16, 16, 16, 16, 16, 255, 16, 16, 0, 0, 63
        DC8 16, 16, 16, 63, 0, 0, 1, 6, 64, 128, 127, 0, 0, 0, 0, 0, 252, 36
        DC8 36, 228, 36, 36, 34, 34, 34, 163, 98, 0, 0, 0, 64, 48, 143, 128, 64
        DC8 64, 35, 20, 8, 20, 34, 65, 64, 128, 128, 0, 0, 254, 34, 90, 134, 0
        DC8 254, 146, 146, 146, 146, 146, 254, 0, 0, 0, 0, 255, 4, 8, 7, 0, 255
        DC8 64, 32, 3, 12, 20, 34, 65, 64, 0, 0, 0, 32, 16, 232, 36, 39, 36
        DC8 164, 36, 52, 44, 224, 0, 0, 0, 0, 0, 128, 128, 79, 64, 32, 24, 7
        DC8 16, 16, 32, 79, 128, 0, 0, 4, 132, 196, 52, 4, 47, 36, 36, 36, 47
        DC8 36, 36, 228, 36, 36, 0, 1, 0, 255, 0, 0, 31, 17, 17, 17, 31, 64
        DC8 128, 127, 0, 0, 0, 32, 32, 40, 168, 168, 168, 168, 248, 164, 164
        DC8 164, 166, 36, 32, 32, 0, 128, 128, 160, 175, 170, 170, 170, 255
        DC8 170, 170, 170, 175, 160, 128, 128, 0, 4, 132, 196, 180, 140, 0, 0
        DC8 228, 4, 4, 254, 66, 67, 66, 0, 0, 128, 68, 40, 24, 39, 32, 64, 79
        DC8 72, 72, 79, 72, 72, 72, 64, 0, 0, 16, 16, 16, 255, 16, 16, 240, 0
        DC8 0, 248, 8, 8, 8, 248, 0, 0, 128, 64, 48, 15, 64, 128, 127, 0, 0
        DC8 127, 32, 32, 32, 127, 0, 128, 128, 132, 152, 0, 8, 232, 40, 40, 254
        DC8 40, 40, 232, 8, 0, 0, 0, 128, 64, 63, 64, 144, 137, 133, 131, 191
        DC8 131, 133, 137, 144, 128, 0, 4, 4, 132, 196, 164, 156, 133, 134, 132
        DC8 132, 164, 196, 132, 4, 4, 0, 0, 128, 128, 64, 48, 15, 0, 0, 0, 127
        DC8 128, 128, 129, 240, 0, 0, 16, 12, 5, 85, 85, 85, 133, 127, 133, 85
        DC8 85, 85, 5, 20, 12, 0, 4, 4, 2, 10, 9, 41, 42, 76, 72, 169, 25, 2, 2
        DC8 4, 4, 0, 0, 0, 252, 4, 4, 4, 20, 21, 86, 148, 84, 52, 20, 4, 4, 0
        DC8 64, 48, 15, 0, 1, 1, 1, 65, 129, 127, 1, 1, 1, 5, 3, 0, 64, 124, 64
        DC8 127, 72, 72, 64, 242, 18, 26, 214, 18, 18, 242, 2, 0, 144, 142, 64
        DC8 79, 32, 30, 128, 79, 32, 24, 7, 16, 32, 79, 128, 0, 0, 20, 164, 68
        DC8 36, 52, 173, 102, 36, 148, 4, 68, 164, 20, 0, 0, 8, 9, 8, 8, 9, 9
        DC8 9, 253, 9, 9, 11, 8, 8, 9, 8, 0, 4, 4, 4, 4, 244, 148, 149, 150
        DC8 148, 148, 244, 4, 4, 4, 4, 0, 0, 254, 2, 2, 122, 74, 74, 74, 74, 74
        DC8 122, 2, 130, 254, 0, 0, 0, 128, 96, 248, 7, 0, 254, 2, 242, 2, 254
        DC8 0, 248, 0, 255, 0, 0, 0, 0, 255, 0, 128, 71, 48, 15, 16, 39, 0, 71
        DC8 128, 127, 0, 2, 2, 2, 2, 194, 62, 162, 34, 34, 34, 226, 2, 2, 2, 2
        DC8 0, 0, 0, 0, 120, 39, 32, 16, 19, 0, 0, 63, 64, 64, 64, 120, 0, 0, 4
        DC8 255, 36, 36, 36, 255, 4, 0, 252, 68, 68, 196, 66, 64, 0, 136, 72
        DC8 47, 9, 9, 25, 47, 200, 96, 31, 0, 0, 255, 0, 0, 0, 200, 184, 143
        DC8 232, 136, 136, 128, 130, 66, 34, 18, 26, 38, 66, 128, 0, 8, 24, 8
        DC8 255, 4, 4, 64, 66, 66, 66, 126, 66, 66, 66, 64, 0, 64, 72, 72, 72
        DC8 255, 72, 72, 66, 162, 158, 130, 162, 194, 190, 0, 0, 128, 96, 31
        DC8 32, 127, 68, 68, 64, 79, 72, 72, 72, 72, 79, 64, 0, 16, 96, 2, 140
        DC8 0, 0, 254, 146, 146, 146, 146, 146, 254, 0, 0, 0, 4, 4, 126, 1, 64
        DC8 126, 66, 66, 126, 66, 126, 66, 66, 126, 64, 0, 0, 140, 68, 181, 38
        DC8 164, 100, 12, 2, 242, 26, 214, 18, 242, 2, 0, 16, 8, 252, 74, 73
        DC8 74, 252, 8, 128, 79, 48, 15, 16, 47, 192, 0, 16, 12, 68, 68, 68, 68
        DC8 69, 198, 68, 68, 68, 68, 68, 20, 12, 0, 128, 64, 32, 30, 32, 64, 64
        DC8 127, 68, 68, 68, 68, 68, 64, 64, 0, 0, 0, 0, 0, 252, 68, 68, 68, 69
        DC8 70, 68, 68, 68, 68, 124, 0, 0, 64, 32, 24, 7, 0, 252, 68, 68, 68
        DC8 68, 68, 68, 68, 252, 0, 128, 128, 128, 128, 255, 128, 128, 160, 144
        DC8 136, 132, 130, 128, 128, 128, 0, 0, 0, 0, 0, 255, 64, 33, 18, 4, 8
        DC8 16, 32, 32, 64, 64, 0, 16, 16, 255, 16, 16, 32, 36, 36, 164, 127
        DC8 36, 52, 40, 38, 32, 0, 16, 16, 15, 4, 2, 4, 2, 255, 73, 73, 73, 73
        DC8 255, 0, 0, 0, 200, 184, 143, 232, 136, 136, 64, 72, 72, 232, 95, 72
        DC8 72, 72, 64, 0, 8, 24, 8, 255, 4, 4, 0, 2, 11, 18, 34, 210, 10, 6, 0
        DC8 0, 0, 128, 64, 48, 15, 8, 8, 232, 8, 8, 8, 72, 40, 24, 0, 0, 128
        DC8 128, 64, 32, 16, 8, 6, 1, 6, 8, 16, 32, 64, 128, 128, 0, 0, 128, 96
        DC8 248, 7, 16, 16, 16, 208, 255, 208, 16, 16, 16, 0, 0, 1, 0, 0, 255
        DC8 16, 8, 4, 11, 8, 255, 8, 11, 4, 8, 16, 0, 4, 4, 116, 84, 84, 84, 84
        DC8 255, 84, 84, 84, 84, 116, 4, 4, 0, 4, 4, 21, 21, 21, 85, 149, 127
        DC8 21, 21, 21, 21, 31, 4, 4, 0, 16, 16, 16, 255, 16, 16, 80, 32, 216
        DC8 23, 16, 16, 240, 16, 16, 0, 0, 127, 33, 33, 33, 127, 128, 64, 33
        DC8 22, 8, 22, 33, 64, 128, 0, 0, 0, 0, 226, 36, 40, 32, 32, 32, 40, 36
        DC8 226, 0, 0, 0, 0, 128, 96, 0, 7, 114, 130, 130, 138, 178, 130, 130
        DC8 231, 0, 16, 96, 0, 0, 128, 96, 248, 7, 0, 4, 36, 36, 37, 38, 36, 36
        DC8 36, 4, 0, 1, 0, 0, 255, 0, 0, 0, 249, 73, 73, 73, 73, 73, 249, 0, 0
        DC8 4, 4, 132, 228, 28, 7, 36, 36, 36, 36, 164, 100, 36, 4, 4, 0, 2, 1
        DC8 0, 255, 0, 2, 2, 66, 130, 127, 2, 2, 2, 2, 2, 0, 128, 96, 248, 135
        DC8 132, 152, 0, 32, 36, 164, 127, 36, 52, 40, 36, 0, 0, 0, 255, 0, 0
        DC8 127, 36, 18, 1, 255, 73, 73, 73, 255, 0, 0, 64, 48, 239, 36, 100
        DC8 72, 72, 127, 72, 72, 72, 127, 72, 72, 64, 0, 1, 1, 127, 33, 17, 0
        DC8 255, 73, 73, 73, 73, 73, 255, 0, 0, 0, 16, 16, 208, 255, 144, 16
        DC8 128, 72, 40, 9, 14, 8, 40, 72, 136, 0, 4, 3, 0, 255, 0, 1, 128, 128
        DC8 67, 44, 16, 44, 67, 128, 128, 0, 2, 250, 130, 130, 254, 128, 64, 32
        DC8 80, 76, 67, 76, 80, 32, 64, 0, 8, 24, 72, 132, 68, 63, 64, 68, 88
        DC8 65, 78, 96, 88, 71, 64, 0, 16, 16, 208, 255, 144, 80, 32, 80, 76
        DC8 67, 76, 80, 32, 64, 64, 0, 4, 3, 0, 255, 0, 65, 68, 88, 65, 78, 96
        DC8 88, 71, 64, 64, 0, 0, 0, 126, 146, 146, 146, 146, 146, 146, 146
        DC8 146, 158, 128, 224, 0, 0, 8, 136, 72, 40, 30, 8, 8, 8, 8, 8, 254, 8
        DC8 8, 8, 8, 0, 2, 226, 34, 34, 62, 0, 0, 249, 74, 76, 248, 76, 74, 249
        DC8 0, 0, 0, 67, 130, 66, 62, 0, 16, 19, 18, 18, 255, 18, 18, 19, 16, 0
        DC8 72, 68, 83, 82, 86, 122, 82, 208, 84, 123, 82, 86, 82, 66, 66, 0, 0
        DC8 0, 159, 85, 53, 21, 21, 31, 21, 21, 53, 85, 159, 0, 0, 0, 128, 128
        DC8 136, 136, 136, 136, 136, 255, 136, 136, 136, 136, 136, 128, 128, 0
        DC8 32, 32, 16, 8, 4, 2, 1, 255, 1, 2, 4, 8, 16, 32, 32, 0, 8, 204, 74
        DC8 73, 72, 74, 204, 24, 0, 127, 136, 136, 132, 130, 224, 0, 0, 255, 18
        DC8 18, 82, 146, 127, 0, 0, 126, 136, 136, 132, 130, 224, 0, 128, 144
        DC8 144, 72, 76, 87, 36, 36, 36, 84, 76, 68, 128, 128, 128, 0, 0, 0, 0
        DC8 255, 73, 73, 73, 127, 73, 73, 73, 255, 0, 0, 0, 0, 0, 0, 0, 254, 34
        DC8 34, 34, 34, 254, 34, 34, 34, 34, 254, 0, 0, 0, 128, 96, 31, 2, 2, 2
        DC8 2, 127, 2, 2, 66, 130, 127, 0, 0, 64, 64, 66, 204, 0, 32, 34, 226
        DC8 34, 34, 226, 34, 34, 32, 0, 0, 0, 128, 64, 63, 64, 160, 152, 135
        DC8 128, 128, 159, 160, 160, 188, 128, 0, 4, 228, 37, 38, 36, 228, 4
        DC8 32, 32, 255, 32, 226, 44, 32, 32, 0, 16, 75, 130, 126, 2, 11, 144
        DC8 96, 28, 3, 0, 63, 64, 64, 112, 0, 64, 64, 64, 254, 64, 64, 0, 240
        DC8 0, 128, 254, 64, 32, 224, 0, 0, 32, 96, 32, 31, 16, 16, 1, 127, 129
        DC8 128, 191, 132, 136, 135, 240, 0, 0, 0, 36, 36, 36, 36, 36, 252, 34
        DC8 34, 34, 35, 34, 0, 0, 0, 2, 2, 2, 2, 2, 66, 130, 127, 2, 2, 2, 2, 2
        DC8 2, 2, 0, 16, 16, 16, 255, 16, 80, 68, 84, 101, 198, 68, 100, 84, 68
        DC8 64, 0, 4, 68, 130, 127, 1, 130, 130, 74, 86, 35, 34, 82, 78, 130, 2
        DC8 0, 0, 0, 0, 192, 64, 64, 64, 127, 72, 72, 72, 72, 200, 8, 8, 0, 0
        DC8 128, 64, 55, 4, 4, 20, 100, 4, 20, 100, 4, 7, 16, 224, 0, 0, 0, 252
        DC8 4, 4, 4, 4, 4, 4, 4, 4, 4, 252, 0, 0, 0, 0, 0, 127, 32, 32, 32, 32
        DC8 32, 32, 32, 32, 32, 127, 0, 0, 0, 64, 64, 66, 204, 0, 0, 74, 50, 34
        DC8 42, 241, 33, 49, 45, 0, 0, 0, 128, 64, 63, 64, 128, 129, 189, 161
        DC8 161, 191, 161, 161, 189, 129, 0, 0, 32, 100, 36, 148, 148, 191, 128
        DC8 128, 159, 164, 164, 162, 34, 56, 0, 0, 0, 0, 0, 255, 10, 10, 10, 10
        DC8 10, 74, 138, 127, 0, 0, 0, 64, 64, 66, 68, 88, 192, 64, 127, 64
        DC8 192, 80, 72, 70, 64, 64, 0, 128, 128, 64, 32, 24, 7, 0, 0, 0, 63
        DC8 64, 64, 64, 64, 120, 0, 64, 64, 192, 126, 66, 66, 74, 114, 66, 66
        DC8 66, 254, 64, 64, 64, 0, 0, 0, 15, 8, 8, 8, 9, 14, 72, 136, 72, 63
        DC8 8, 8, 0, 0, 2, 254, 146, 146, 254, 2, 0, 16, 17, 22, 240, 20, 19
        DC8 16, 0, 0, 16, 31, 8, 8, 255, 4, 129, 65, 49, 13, 3, 13, 49, 65, 129
        DC8 0, 0, 0, 2, 2, 254, 66, 130, 2, 66, 114, 78, 64, 192, 0, 0, 0, 128
        DC8 64, 48, 12, 131, 128, 65, 70, 40, 16, 40, 70, 65, 128, 128, 0, 0, 0
        DC8 0, 248, 136, 140, 138, 137, 136, 136, 136, 248, 0, 0, 0, 0, 0, 0, 0
        DC8 255, 68, 68, 68, 68, 68, 68, 68, 255, 0, 0, 0, 0, 0, 8, 8, 8, 248
        DC8 8, 8, 8, 16, 16, 255, 16, 16, 16, 240, 0, 0, 16, 48, 16, 31, 8, 136
        DC8 72, 48, 14, 1, 64, 128, 64, 63, 0, 4, 4, 4, 132, 228, 60, 39, 36
        DC8 36, 36, 36, 228, 4, 4, 4, 0, 4, 2, 1, 0, 255, 9, 9, 9, 9, 73, 137
        DC8 127, 0, 0, 0, 0, 0, 0, 64, 66, 66, 66, 194, 126, 66, 194, 66, 66
        DC8 66, 64, 64, 0, 0, 128, 64, 32, 16, 12, 3, 0, 0, 63, 64, 64, 64, 64
        DC8 112, 0, 0, 0, 8, 8, 8, 8, 8, 8, 8, 8, 8, 8, 8, 0, 0, 0, 16, 16, 16
        DC8 16, 16, 16, 16, 16, 16, 16, 16, 16, 16, 16, 16, 0, 0, 4, 132, 132
        DC8 132, 132, 132, 132, 132, 132, 132, 132, 132, 4, 0, 0, 32, 32, 32
        DC8 32, 32, 32, 32, 32, 32, 32, 32, 32, 32, 32, 32, 0, 0, 0, 16, 17, 22
        DC8 16, 16, 240, 16, 16, 20, 19, 16, 0, 0, 0, 129, 129, 65, 65, 33, 17
        DC8 13, 3, 13, 17, 33, 65, 65, 129, 129, 0, 0, 254, 2, 250, 2, 254, 64
        DC8 32, 216, 23, 16, 16, 240, 16, 16, 0, 128, 71, 48, 15, 16, 103, 128
        DC8 64, 33, 22, 8, 22, 33, 64, 128, 0, 128, 128, 132, 152, 0, 0, 16, 16
        DC8 254, 16, 16, 254, 16, 16, 0, 0, 0, 128, 64, 63, 64, 129, 161, 153
        DC8 135, 129, 129, 191, 129, 129, 129, 0, 0, 248, 8, 8, 8, 8, 136, 127
        DC8 136, 8, 8, 8, 8, 248, 0, 0, 0, 255, 0, 8, 4, 2, 1, 0, 0, 1, 2, 76
        DC8 128, 127, 0, 0, 0, 224, 0, 255, 16, 32, 8, 136, 120, 15, 8, 232, 8
        DC8 8, 136, 0, 1, 0, 0, 255, 0, 16, 12, 131, 68, 35, 24, 7, 24, 98, 129
        DC8 0, 32, 16, 8, 247, 84, 84, 84, 84, 84, 84, 84, 244, 4, 4, 0, 0, 128
        DC8 144, 144, 73, 77, 87, 37, 37, 37, 85, 77, 69, 128, 128, 128, 0, 64
        DC8 66, 204, 0, 0, 30, 146, 82, 126, 82, 94, 82, 210, 30, 0, 0, 64, 32
        DC8 31, 32, 80, 81, 80, 73, 74, 68, 66, 65, 64, 64, 64, 0, 200, 184
        DC8 143, 232, 136, 200, 64, 222, 82, 82, 82, 82, 222, 64, 64, 0, 8, 24
        DC8 8, 255, 4, 36, 32, 63, 37, 37, 21, 21, 255, 16, 16, 0, 0, 0, 0, 2
        DC8 2, 2, 2, 254, 2, 2, 2, 2, 2, 254, 0, 0, 0, 0, 64, 32, 16, 12, 3, 0
        DC8 0, 0, 32, 64, 32, 31, 0, 0, 16, 12, 68, 36, 20, 132, 69, 38, 68
        DC8 132, 20, 36, 68, 20, 12, 0, 4, 4, 2, 254, 69, 68, 68, 68, 68, 68
        DC8 69, 254, 2, 4, 4, 0, 0, 0, 2, 2, 2, 2, 130, 66, 242, 14, 66, 130, 2
        DC8 2, 2, 0, 0, 16, 8, 4, 2, 1, 0, 0, 255, 0, 0, 0, 1, 2, 12, 0, 0, 2
        DC8 2, 18, 98, 2, 2, 254, 2, 2, 66, 50, 2, 2, 0, 0, 1, 1, 1, 1, 1, 1, 1
        DC8 255, 1, 1, 1, 1, 1, 1, 1, 0, 16, 136, 196, 35, 8, 244, 147, 242
        DC8 154, 246, 0, 64, 68, 196, 68, 0, 1, 0, 255, 0, 16, 151, 84, 63, 84
        DC8 151, 16, 64, 128, 127, 0, 0, 0, 8, 136, 200, 169, 154, 136, 136
        DC8 104, 8, 0, 248, 0, 0, 255, 0, 0, 144, 144, 72, 36, 18, 25, 36, 66
        DC8 128, 0, 15, 64, 128, 127, 0, 0, 0, 0, 254, 146, 146, 146, 146, 146
        DC8 146, 146, 254, 0, 0, 0, 0, 64, 66, 68, 88, 64, 127, 64, 64, 64, 127
        DC8 64, 80, 72, 70, 64, 0, 64, 64, 66, 66, 66, 66, 66, 194, 66, 66, 66
        DC8 66, 66, 64, 64, 0, 32, 16, 8, 6, 0, 64, 128, 127, 0, 0, 0, 2, 4, 8
        DC8 48, 0, 128, 128, 132, 152, 0, 0, 248, 72, 72, 76, 74, 72, 72, 120
        DC8 0, 0, 0, 128, 64, 63, 64, 128, 191, 146, 146, 146, 146, 146, 146
        DC8 146, 190, 0, 0, 224, 0, 255, 16, 32, 4, 4, 132, 68, 36, 20, 12, 4
        DC8 0, 0, 1, 0, 0, 255, 0, 0, 56, 70, 65, 64, 64, 64, 64, 64, 120, 0
        DC8 64, 64, 66, 204, 0, 64, 160, 158, 130, 130, 130, 158, 160, 32, 32
        DC8 0, 0, 0, 0, 63, 144, 136, 64, 67, 44, 16, 40, 70, 65, 128, 128, 0
        DC8 64, 66, 204, 0, 0, 226, 34, 42, 42, 242, 42, 38, 34, 224, 0, 0, 128
        DC8 64, 63, 64, 128, 255, 137, 137, 137, 191, 137, 169, 201, 191, 128
        DC8 0, 64, 64, 66, 204, 0, 130, 130, 254, 130, 130, 2, 254, 0, 0, 0, 0
        DC8 0, 0, 0, 127, 32, 16, 0, 255, 0, 0, 0, 15, 48, 64, 248, 0, 64, 64
        DC8 66, 204, 0, 144, 144, 144, 144, 144, 255, 16, 17, 22, 16, 0, 0, 0
        DC8 0, 63, 16, 40, 96, 63, 16, 16, 1, 14, 48, 64, 240, 0, 0, 0, 0, 248
        DC8 168, 168, 172, 170, 168, 168, 168, 248, 0, 0, 0, 0, 128, 96, 0, 7
        DC8 114, 130, 130, 138, 178, 130, 130, 231, 0, 16, 96, 0, 128, 136, 72
        DC8 72, 40, 24, 8, 254, 8, 24, 40, 72, 72, 136, 128, 0, 128, 128, 128
        DC8 191, 149, 149, 149, 149, 149, 149, 149, 191, 128, 128, 128, 0, 32
        DC8 34, 42, 42, 170, 106, 58, 46, 41, 41, 41, 41, 41, 32, 32, 0, 8, 4
        DC8 2, 1, 255, 85, 85, 85, 85, 85, 85, 255, 0, 0, 0, 0, 32, 32, 32, 190
        DC8 170, 170, 170, 170, 170, 170, 170, 190, 32, 32, 32, 0, 0, 128, 128
        DC8 175, 170, 170, 170, 255, 170, 170, 170, 175, 128, 128, 0, 0, 32
        DC8 194, 12, 128, 2, 122, 74, 74, 126, 74, 126, 74, 74, 122, 2, 0, 4, 4
        DC8 126, 1, 68, 37, 21, 69, 133, 125, 5, 5, 21, 37, 68, 0, 128, 128
        DC8 132, 152, 0, 16, 210, 84, 112, 80, 80, 84, 210, 16, 0, 0, 0, 128
        DC8 64, 63, 64, 128, 191, 149, 149, 149, 149, 149, 191, 128, 128, 0, 0
        DC8 248, 8, 255, 8, 248, 0, 2, 122, 74, 74, 74, 122, 2, 2, 0, 0, 15, 0
        DC8 255, 8, 15, 0, 255, 73, 73, 127, 73, 73, 255, 0, 0, 0, 32, 16, 232
        DC8 36, 39, 36, 36, 228, 36, 52, 44, 32, 224, 0, 0, 0, 128, 96, 31, 9
        DC8 9, 9, 9, 127, 9, 9, 73, 137, 127, 0, 0, 0, 32, 48, 172, 99, 48, 0
        DC8 254, 2, 18, 34, 194, 50, 2, 254, 0, 0, 34, 103, 34, 18, 18, 0, 255
        DC8 8, 4, 3, 0, 71, 128, 127, 0, 128, 128, 132, 152, 0, 0, 248, 72, 72
        DC8 72, 68, 68, 70, 196, 0, 0, 0, 128, 64, 63, 64, 176, 143, 160, 145
        DC8 138, 132, 138, 145, 160, 128, 0, 64, 64, 66, 204, 0, 0, 0, 132, 132
        DC8 132, 132, 132, 252, 0, 0, 0, 0, 0, 0, 127, 32, 16, 0, 63, 64, 64
        DC8 64, 64, 65, 64, 112, 0, 128, 128, 130, 146, 146, 146, 146, 146, 146
        DC8 146, 146, 254, 128, 128, 128, 0, 64, 64, 34, 36, 16, 72, 128, 127
        DC8 4, 8, 24, 36, 34, 64, 64, 0, 128, 254, 130, 130, 254, 128, 254, 130
        DC8 130, 254, 128, 0, 248, 0, 255, 0, 64, 63, 0, 32, 191, 64, 63, 64
        DC8 128, 127, 0, 0, 79, 128, 127, 0, 0, 254, 34, 90, 134, 32, 16, 40
        DC8 36, 227, 36, 40, 16, 32, 32, 0, 0, 255, 4, 8, 39, 17, 13, 65, 129
        DC8 127, 1, 5, 9, 49, 0, 0, 0, 128, 96, 248, 7, 128, 96, 28, 16, 16
        DC8 255, 16, 16, 16, 0, 0, 1, 0, 0, 255, 0, 2, 2, 2, 2, 2, 255, 2, 2, 2
        DC8 2, 0, 128, 144, 144, 72, 76, 87, 36, 228, 36, 84, 76, 68, 128, 128
        DC8 128, 0, 0, 66, 34, 18, 10, 66, 130, 127, 2, 2, 10, 18, 34, 66, 0, 0
        DC8 64, 66, 204, 0, 0, 68, 84, 84, 84, 127, 84, 84, 84, 68, 64, 0, 0, 0
        DC8 127, 32, 16, 0, 255, 21, 21, 21, 85, 149, 127, 0, 0, 0, 136, 104
        DC8 31, 200, 8, 16, 200, 84, 82, 209, 18, 148, 8, 208, 16, 0, 9, 25, 9
        DC8 255, 5, 0, 255, 18, 146, 255, 0, 95, 128, 127, 0, 0, 0, 0, 24, 22
        DC8 16, 208, 184, 151, 144, 144, 144, 146, 148, 16, 0, 0, 0, 32, 16
        DC8 140, 131, 128, 65, 70, 40, 16, 40, 68, 67, 128, 128, 0, 0, 128, 96
        DC8 60, 32, 32, 32, 254, 32, 32, 32, 32, 32, 32, 0, 0, 129, 128, 132
        DC8 132, 132, 132, 132, 255, 132, 132, 132, 132, 132, 128, 128, 0, 0
        DC8 16, 96, 2, 12, 192, 0, 226, 44, 32, 63, 32, 40, 230, 0, 0, 0, 4, 4
        DC8 124, 3, 0, 0, 255, 9, 9, 9, 73, 137, 127, 0, 0, 0, 8, 48, 0, 255
        DC8 32, 32, 32, 32, 255, 32, 32, 34, 44, 32, 0, 4, 4, 2, 1, 255, 128
        DC8 64, 48, 14, 1, 6, 24, 32, 64, 128, 0, 0, 8, 8, 8, 136, 72, 168, 30
        DC8 40, 72, 136, 8, 8, 8, 0, 0, 130, 114, 1, 1, 120, 128, 128, 133, 152
        DC8 128, 128, 225, 9, 18, 98, 0, 0, 8, 72, 136, 8, 200, 56, 0, 144, 16
        DC8 16, 255, 16, 16, 16, 0, 0, 32, 16, 12, 3, 4, 24, 0, 0, 67, 128, 127
        DC8 0, 0, 0, 0, 4, 116, 212, 84, 255, 84, 212, 116, 20, 8, 119, 132, 68
        DC8 60, 4, 0, 130, 137, 136, 232, 139, 136, 136, 249, 168, 170, 169
        DC8 168, 169, 138, 130, 0, 0, 64, 64, 64, 255, 32, 32, 32, 4, 4, 252, 4
        DC8 4, 4, 252, 0, 0, 0, 0, 0, 31, 8, 132, 66, 32, 24, 7, 64, 128, 64
        DC8 63, 0, 16, 16, 16, 255, 144, 32, 16, 232, 39, 36, 228, 52, 44, 224
        DC8 0, 0, 2, 66, 129, 127, 0, 132, 132, 71, 36, 28, 7, 28, 36, 71, 132
        DC8 0, 0, 254, 2, 2, 2, 18, 34, 66, 130, 66, 34, 26, 2, 2, 0, 0, 0, 127
        DC8 64, 64, 72, 68, 66, 65, 64, 65, 66, 76, 64, 64, 64, 0, 0, 254, 2
        DC8 18, 146, 146, 146, 254, 146, 146, 146, 18, 2, 254, 0, 0, 0, 255, 64
        DC8 64, 95, 72, 72, 72, 72, 72, 95, 64, 64, 255, 0, 0, 0, 128, 96, 248
        DC8 7, 0, 0, 0, 255, 64, 32, 16, 8, 4, 0, 0, 1, 0, 0, 255, 0, 4, 2, 1
        DC8 63, 64, 64, 64, 64, 64, 120, 0, 0, 0, 248, 136, 136, 136, 136, 8, 8
        DC8 255, 8, 9, 10, 200, 8, 0, 128, 96, 31, 0, 16, 32, 31, 128, 64, 33
        DC8 22, 24, 38, 65, 248, 0, 64, 64, 66, 204, 0, 0, 32, 36, 164, 36, 63
        DC8 164, 36, 164, 96, 0, 0, 0, 0, 127, 32, 16, 136, 138, 76, 41, 24, 15
        DC8 24, 40, 200, 0, 2, 2, 254, 146, 146, 146, 254, 2, 6, 252, 4, 4, 4
        DC8 252, 0, 0, 8, 24, 15, 8, 8, 4, 255, 4, 132, 64, 39, 24, 39, 64, 128
        DC8 0, 16, 140, 68, 4, 228, 4, 149, 166, 68, 36, 20, 132, 68, 148, 12
        DC8 0, 2, 2, 122, 65, 65, 67, 66, 126, 66, 66, 66, 67, 248, 0, 0, 0, 4
        DC8 132, 228, 92, 68, 196, 0, 2, 242, 130, 130, 130, 254, 128, 128, 0
        DC8 2, 1, 127, 16, 16, 63, 0, 8, 8, 8, 8, 72, 136, 64, 63, 0, 0, 0, 32
        DC8 32, 16, 8, 20, 103, 132, 68, 36, 20, 12, 0, 0, 0, 0, 4, 4, 4, 2
        DC8 254, 67, 67, 66, 66, 66, 66, 66, 254, 0, 0, 36, 36, 164, 254, 35
        DC8 34, 64, 48, 15, 8, 200, 8, 8, 40, 24, 0, 8, 6, 1, 255, 1, 2, 16, 12
        DC8 67, 128, 127, 0, 1, 6, 24, 0, 0, 0, 34, 50, 42, 166, 162, 98, 33
        DC8 17, 9, 129, 1, 0, 0, 0, 0, 66, 34, 19, 11, 66, 130, 126, 2, 2, 10
        DC8 18, 35, 70, 0, 0, 32, 48, 172, 99, 48, 0, 136, 200, 168, 153, 142
        DC8 136, 168, 200, 136, 0, 34, 103, 34, 18, 18, 128, 64, 48, 15, 0, 0
        DC8 63, 64, 64, 113, 0, 0, 32, 16, 44, 231, 36, 36, 0, 240, 16, 16, 255
        DC8 16, 16, 240, 0, 0, 1, 1, 1, 127, 33, 17, 0, 7, 2, 2, 255, 2, 2, 7
        DC8 0, 0, 2, 12, 224, 64, 32, 248, 79, 72, 73, 254, 72, 72, 72, 8, 0, 4
        DC8 4, 127, 0, 0, 0, 255, 34, 34, 34, 63, 34, 34, 34, 32, 0, 16, 96, 2
        DC8 140, 0, 132, 228, 28, 5, 198, 188, 36, 36, 228, 4, 0, 4, 4, 126, 1
        DC8 0, 0, 255, 130, 65, 38, 24, 41, 70, 129, 128, 0, 0, 0, 0, 0, 127
        DC8 73, 73, 73, 73, 73, 127, 0, 0, 0, 0, 0, 0, 255, 73, 73, 73, 73, 255
        DC8 0, 255, 73, 73, 73, 73, 255, 0, 0, 0, 0, 254, 2, 2, 2, 2, 2, 2, 2
        DC8 2, 2, 2, 2, 2, 0, 128, 96, 31, 0, 0, 0, 0, 0, 0, 0, 0, 0, 0, 0, 0
        DC8 0, 36, 36, 164, 254, 35, 34, 0, 192, 56, 0, 255, 0, 8, 16, 96, 0, 8
        DC8 6, 1, 255, 1, 6, 129, 128, 64, 64, 39, 16, 12, 3, 0, 0, 0, 130, 130
        DC8 186, 170, 170, 170, 171, 170, 170, 170, 186, 130, 130, 128, 0, 2
        DC8 65, 84, 84, 84, 84, 124, 170, 170, 170, 170, 170, 160, 130, 225, 0
        DC8 0, 254, 2, 34, 66, 130, 114, 2, 34, 66, 130, 114, 2, 254, 0, 0, 0
        DC8 255, 16, 8, 6, 1, 14, 16, 8, 6, 1, 78, 128, 127, 0, 0, 64, 64, 64
        DC8 254, 64, 64, 0, 240, 0, 0, 254, 128, 128, 128, 0, 0, 32, 96, 32, 31
        DC8 16, 144, 128, 255, 128, 128, 255, 128, 128, 128, 128, 0, 64, 66
        DC8 204, 0, 0, 128, 158, 146, 146, 146, 146, 146, 158, 128, 0, 0, 0, 0
        DC8 127, 32, 148, 132, 68, 36, 20, 15, 20, 36, 68, 132, 132, 0, 128
        DC8 136, 136, 255, 136, 136, 128, 254, 2, 2, 242, 2, 2, 254, 0, 0, 64
        DC8 32, 24, 7, 8, 176, 64, 35, 24, 6, 1, 126, 128, 131, 224, 0, 0, 32
        DC8 48, 172, 99, 32, 24, 32, 144, 12, 11, 8, 8, 8, 248, 0, 0, 34, 103
        DC8 34, 18, 18, 18, 0, 0, 1, 6, 64, 128, 64, 63, 0, 0, 0, 0, 0, 0, 0
        DC8 254, 128, 128, 128, 128, 128, 128, 0, 0, 0, 128, 128, 128, 128, 128
        DC8 128, 255, 128, 128, 128, 128, 128, 128, 128, 128, 0, 128, 128, 132
        DC8 152, 0, 16, 18, 28, 16, 240, 16, 24, 22, 16, 0, 0, 0, 128, 64, 63
        DC8 64, 129, 161, 145, 141, 131, 133, 137, 177, 129, 129, 0, 4, 228, 36
        DC8 36, 100, 164, 36, 63, 36, 164, 100, 36, 36, 228, 4, 0, 0, 255, 0, 8
        DC8 9, 9, 9, 127, 9, 9, 9, 72, 128, 127, 0, 0, 64, 68, 84, 101, 198
        DC8 100, 84, 68, 0, 252, 68, 68, 196, 66, 64, 0, 32, 18, 74, 130, 127
        DC8 2, 10, 146, 96, 31, 0, 0, 255, 0, 0, 0, 0, 8, 8, 232, 40, 40, 40
        DC8 62, 40, 40, 40, 232, 8, 8, 0, 0, 128, 128, 128, 255, 149, 149, 149
        DC8 149, 149, 149, 149, 255, 128, 128, 128, 0, 64, 68, 68, 252, 68, 68
        DC8 252, 68, 68, 0, 248, 0, 0, 254, 0, 0, 136, 132, 147, 144, 144, 144
        DC8 147, 252, 144, 144, 144, 146, 148, 131, 128, 0, 64, 66, 204, 0, 0
        DC8 130, 146, 146, 242, 158, 146, 146, 242, 130, 128, 0, 0, 0, 127, 32
        DC8 16, 0, 252, 68, 68, 68, 68, 68, 252, 0, 0, 0, 4, 4, 36, 36, 36, 36
        DC8 37, 38, 36, 36, 36, 36, 36, 4, 4, 0, 0, 0, 249, 73, 73, 73, 73, 73
        DC8 73, 73, 73, 73, 249, 0, 0, 0, 0, 0, 240, 16, 16, 16, 16, 255, 16
        DC8 16, 16, 16, 240, 0, 0, 0, 0, 0, 15, 4, 4, 4, 4, 255, 4, 4, 4, 4, 15
        DC8 0, 0, 0, 8, 8, 8, 56, 200, 8, 9, 14, 8, 8, 200, 56, 8, 8, 8, 0, 128
        DC8 128, 64, 64, 32, 17, 10, 4, 10, 17, 32, 64, 64, 128, 128, 0, 0, 2
        DC8 58, 170, 106, 63, 42, 42, 42, 255, 42, 170, 46, 224, 0, 0, 0, 2
        DC8 129, 158, 66, 66, 34, 26, 34, 34, 66, 94, 129, 0, 0, 0, 136, 72, 40
        DC8 9, 10, 40, 72, 136, 128, 112, 143, 8, 8, 248, 8, 0, 64, 32, 17, 10
        DC8 4, 11, 48, 128, 64, 32, 19, 12, 51, 64, 128, 0, 0, 0, 226, 130, 130
        DC8 130, 130, 130, 130, 130, 130, 254, 0, 0, 0, 0, 0, 0, 63, 64, 64, 64
        DC8 64, 64, 64, 64, 64, 64, 64, 120, 0, 0, 32, 56, 231, 48, 0, 124, 214
        DC8 85, 84, 124, 32, 216, 23, 240, 16, 0, 34, 39, 18, 18, 128, 98, 30
        DC8 75, 138, 122, 128, 103, 24, 103, 128, 0, 0, 0, 4, 255, 36, 36, 36
        DC8 255, 4, 0, 254, 34, 34, 34, 254, 0, 0, 136, 72, 47, 9, 9, 25, 175
        DC8 72, 48, 15, 2, 66, 130, 127, 0, 0, 8, 48, 0, 255, 0, 136, 132, 83
        DC8 34, 18, 202, 6, 0, 0, 0, 4, 4, 2, 1, 255, 0, 2, 10, 18, 66, 130
        DC8 127, 2, 2, 2, 0, 0, 0, 0, 254, 34, 34, 34, 34, 34, 226, 34, 34, 126
        DC8 0, 0, 0, 16, 8, 6, 1, 16, 16, 34, 34, 68, 128, 1, 2, 4, 8, 8, 0, 0
        DC8 224, 0, 255, 16, 32, 8, 8, 8, 255, 8, 8, 248, 0, 0, 0, 1, 0, 0, 255
        DC8 0, 129, 65, 49, 13, 3, 13, 49, 65, 129, 129, 0, 64, 64, 66, 204, 0
        DC8 32, 34, 34, 162, 98, 34, 34, 34, 32, 0, 0, 0, 64, 32, 31, 32, 68
        DC8 78, 69, 68, 68, 68, 69, 70, 76, 64, 0, 0, 16, 136, 196, 51, 0, 64
        DC8 66, 66, 66, 194, 66, 66, 66, 64, 0, 2, 1, 0, 255, 0, 0, 0, 0, 64
        DC8 128, 127, 0, 0, 0, 0, 0, 0, 8, 8, 137, 234, 24, 136, 0, 4, 4, 252
        DC8 4, 4, 4, 252, 0, 0, 2, 1, 0, 255, 1, 134, 64, 32, 24, 7, 64, 128
        DC8 64, 63, 0, 16, 16, 240, 31, 16, 240, 0, 64, 224, 88, 71, 64, 80, 96
        DC8 192, 0, 64, 34, 21, 8, 22, 33, 0, 0, 254, 66, 66, 66, 66, 254, 0, 0
        DC8 0, 0, 0, 127, 73, 73, 73, 73, 73, 73, 73, 127, 0, 0, 0, 0, 129, 65
        DC8 33, 29, 33, 65, 129, 255, 137, 137, 137, 137, 137, 129, 129, 0, 0
        DC8 2, 130, 130, 66, 34, 18, 250, 6, 34, 34, 66, 66, 130, 0, 0, 1, 1, 0
        DC8 252, 68, 68, 68, 69, 68, 68, 68, 252, 0, 0, 1, 0, 0, 16, 16, 16, 16
        DC8 16, 18, 244, 16, 16, 16, 16, 16, 16, 0, 0, 128, 128, 130, 130, 130
        DC8 130, 130, 255, 130, 130, 130, 130, 130, 128, 128, 0, 4, 4, 68, 196
        DC8 79, 68, 68, 196, 36, 36, 47, 180, 36, 4, 4, 0, 64, 68, 36, 36, 21
        DC8 12, 4, 254, 4, 12, 21, 36, 36, 68, 64, 0, 128, 96, 222, 72, 72, 0
        DC8 200, 56, 32, 168, 168, 254, 168, 248, 32, 0, 2, 2, 255, 66, 162, 77
        DC8 49, 79, 136, 138, 138, 191, 138, 138, 136, 0, 64, 64, 64, 64, 64
        DC8 64, 255, 68, 68, 68, 68, 68, 68, 64, 64, 0, 0, 0, 0, 0, 0, 0, 255
        DC8 0, 0, 2, 4, 8, 16, 0, 0, 0, 0, 128, 96, 248, 7, 8, 8, 8, 9, 250, 8
        DC8 8, 8, 8, 0, 0, 1, 0, 0, 255, 64, 65, 65, 65, 65, 127, 65, 65, 65
        DC8 65, 64, 0, 4, 132, 228, 92, 68, 196, 32, 16, 232, 39, 36, 228, 52
        DC8 44, 224, 0, 2, 1, 127, 16, 16, 63, 128, 96, 31, 9, 9, 63, 73, 137
        DC8 127, 0, 64, 64, 66, 204, 0, 0, 0, 0, 0, 255, 0, 0, 0, 0, 0, 0, 0, 0
        DC8 0, 63, 144, 72, 32, 24, 7, 0, 7, 24, 32, 64, 128, 0, 8, 8, 8, 8
        DC8 200, 56, 15, 8, 8, 8, 8, 8, 8, 8, 8, 0, 8, 4, 2, 1, 255, 65, 65, 65
        DC8 65, 65, 65, 65, 255, 0, 0, 0, 2, 2, 2, 2, 2, 2, 254, 2, 2, 66, 130
        DC8 2, 2, 2, 2, 0, 0, 0, 0, 0, 0, 0, 255, 0, 0, 0, 0, 1, 6, 0, 0, 0, 16
        DC8 16, 16, 16, 16, 240, 30, 16, 16, 16, 16, 16, 16, 16, 16, 0, 64, 32
        DC8 144, 140, 131, 130, 130, 130, 254, 130, 130, 130, 130, 128, 128, 0
        DC8 0, 252, 0, 0, 255, 0, 4, 132, 132, 132, 132, 132, 132, 252, 0, 0, 0
        DC8 135, 64, 48, 15, 0, 32, 32, 32, 32, 32, 32, 32, 127, 0, 0, 64, 32
        DC8 248, 7, 240, 160, 144, 76, 87, 36, 164, 84, 76, 128, 128, 0, 0, 0
        DC8 255, 0, 31, 128, 146, 82, 73, 41, 36, 18, 8, 0, 0, 0, 4, 132, 132
        DC8 132, 132, 252, 64, 48, 204, 11, 8, 8, 248, 8, 8, 0, 0, 127, 32, 16
        DC8 16, 8, 128, 64, 33, 22, 8, 22, 33, 64, 128, 0, 0, 128, 96, 248, 7
        DC8 32, 32, 32, 127, 160, 16, 17, 22, 16, 16, 0, 1, 0, 0, 255, 0, 0, 0
        DC8 0, 0, 3, 12, 16, 32, 64, 248, 0, 0, 4, 4, 4, 255, 84, 84, 84, 84
        DC8 84, 255, 4, 4, 4, 0, 0, 17, 17, 137, 133, 147, 145, 145, 253, 145
        DC8 145, 147, 133, 137, 17, 17, 0, 0, 16, 16, 146, 84, 48, 16, 255, 16
        DC8 48, 84, 146, 16, 16, 0, 0, 132, 133, 69, 68, 36, 20, 12, 6, 12, 20
        DC8 36, 68, 69, 132, 132, 0, 0, 0, 144, 136, 76, 87, 164, 36, 84, 84
        DC8 140, 132, 0, 0, 0, 0, 1, 1, 128, 66, 34, 26, 7, 2, 66, 130, 66, 62
        DC8 1, 1, 1, 0, 0, 0, 192, 0, 224, 2, 4, 24, 0, 192, 48, 12, 64, 128, 0
        DC8 0, 8, 134, 65, 32, 63, 72, 68, 66, 65, 64, 64, 120, 0, 1, 14, 0, 16
        DC8 16, 16, 255, 144, 32, 152, 136, 136, 233, 142, 136, 136, 168, 152
        DC8 0, 2, 66, 129, 127, 0, 0, 128, 132, 75, 40, 16, 40, 71, 128, 0, 0
        DC8 0, 2, 2, 242, 18, 18, 18, 242, 2, 2, 2, 254, 2, 2, 2, 0, 0, 0, 0
        DC8 15, 4, 4, 4, 15, 0, 64, 128, 127, 0, 0, 0, 0, 0, 252, 0, 0, 2, 4
        DC8 24, 0, 0, 128, 127, 0, 0, 0, 0, 0, 0, 63, 16, 8, 132, 64, 32, 16
        DC8 12, 3, 8, 16, 32, 192, 0, 0, 0, 64, 66, 204, 0, 0, 254, 130, 146
        DC8 146, 254, 146, 146, 130, 254, 0, 0, 0, 0, 63, 16, 136, 127, 0, 30
        DC8 18, 18, 18, 94, 128, 127, 0, 4, 68, 68, 68, 95, 68, 196, 68, 68, 68
        DC8 95, 68, 196, 4, 4, 0, 0, 0, 0, 0, 0, 0, 255, 0, 0, 8, 16, 8, 7, 0
        DC8 0, 0, 0, 16, 16, 17, 246, 16, 16, 16, 16, 16, 244, 19, 16, 16, 0, 0
        DC8 2, 130, 66, 50, 15, 2, 2, 2, 2, 2, 255, 2, 2, 2, 2, 0, 64, 96, 88
        DC8 198, 32, 0, 252, 144, 160, 128, 254, 128, 160, 144, 0, 0, 68, 206
        DC8 69, 36, 36, 0, 255, 136, 132, 130, 255, 130, 132, 136, 128, 0, 8
        DC8 200, 184, 143, 232, 136, 136, 64, 48, 15, 200, 8, 40, 24, 0, 0, 8
        DC8 24, 8, 8, 255, 4, 132, 64, 48, 14, 1, 14, 48, 64, 128, 0, 80, 72
        DC8 71, 252, 68, 68, 64, 8, 8, 8, 255, 8, 8, 248, 0, 0, 0, 62, 32, 31
        DC8 16, 126, 129, 65, 49, 13, 3, 13, 49, 65, 129, 0, 0, 0, 16, 136, 134
        DC8 192, 192, 160, 175, 144, 144, 136, 130, 132, 8, 0, 0, 1, 1, 0, 255
        DC8 74, 74, 74, 74, 74, 74, 74, 74, 255, 0, 0, 0, 0, 0, 0, 0, 0, 0, 0
        DC8 0, 0, 0, 0, 0, 0, 0, 0, 0, 0, 0, 0, 0, 0, 0, 0, 0, 0, 0, 0, 0, 0, 0
        DC8 0, 0, 0, 0, 0, 0, 0, 0, 0, 0, 0, 0, 0, 0, 0, 0, 0, 0, 0, 0, 0, 0, 0
        DC8 0, 0, 0, 0, 0, 0, 0, 0, 0, 0, 0, 0, 0, 0, 0, 0, 0, 0, 0, 0, 0, 0, 0
        DC8 0, 0, 0, 0, 0, 0, 0, 0, 0, 0, 0, 0, 0, 0, 0, 0, 0, 0, 0, 0, 0, 0, 0
        DC8 0, 0, 0, 0, 0, 0, 0, 0, 0, 0, 0, 0, 0, 0, 0, 0, 0, 0, 0, 0, 0, 0, 0
        DC8 0, 0, 0, 0, 0, 0, 0, 0, 0, 0, 0, 0, 0, 0, 0, 0, 0, 0, 0, 0, 0, 0, 0
        DC8 0, 0, 0, 0, 0, 0, 0, 0, 0, 0, 0, 0, 0, 0, 0, 0, 0, 0, 0, 0, 0, 0, 0
        DC8 0, 0, 0, 0, 0, 0, 0, 0, 0, 0, 0, 0, 0, 0, 0, 0, 0, 0, 0, 0, 0, 0, 0
        DC8 0, 0, 0, 0, 0, 0, 0, 0, 0, 0, 0, 0, 0, 0, 0, 0, 0, 0, 0, 0, 0, 0, 0
        DC8 0, 0, 0, 0, 0, 0, 0, 0, 0, 0, 0, 0, 0, 0, 0, 0, 0, 0, 0, 0, 0, 0, 0
        DC8 0, 0, 0, 0, 0, 0, 0, 0, 0, 0, 0, 0, 0, 0, 0, 0, 0, 0, 0, 0, 0, 0, 0
        DC8 0, 0, 0, 0, 0, 0, 0, 0, 0, 0, 0, 0, 0, 0, 0, 0, 0, 0, 0, 0, 0, 0, 0
        DC8 0, 0, 0, 0, 0, 0, 0, 0, 0, 0, 0, 0, 0, 0, 0, 0, 0, 0, 0, 0, 0, 0, 0
        DC8 0, 0, 0, 0, 0, 0, 0, 0, 0, 0, 0, 0, 0, 0, 0, 0, 0, 0, 0, 0, 0, 0, 0
        DC8 0, 0, 0, 0, 0, 0, 0, 0, 0, 0, 0, 0, 0, 0, 0, 0, 0, 0, 0, 0, 0, 0, 0
        DC8 0, 0, 0, 0, 0, 0, 0, 0, 0, 0, 0, 0, 0, 0, 0, 0, 0, 0, 0, 0, 0, 0, 0
        DC8 0, 0, 0, 0, 0, 0, 0, 0, 0, 0, 0, 0, 0, 0, 0, 0, 0, 0, 0, 0, 0, 0, 0
        DC8 0, 0, 0, 0, 0, 0, 0, 0, 0, 0, 0, 0, 0, 0, 0, 0, 0, 0, 0, 0, 0, 0, 0
        DC8 0, 0, 0, 0, 0, 0, 0, 0, 0, 0, 0, 0, 0, 0, 0, 0, 0, 0, 0, 0, 0, 0, 0
        DC8 0, 0, 0, 0, 0, 0, 0, 0, 0, 0, 0, 0, 0, 0, 0, 0, 0, 0, 0, 0, 0, 0, 0
        DC8 0, 0, 0, 0, 0, 0, 0, 0, 0, 0, 0, 0, 0, 0, 0, 0, 0, 0, 0, 0, 0, 0, 0
        DC8 0, 0, 0, 0, 0, 0, 0, 0, 0, 0, 0, 0, 0, 0, 0, 0, 0, 0, 0, 0, 0, 0, 0
        DC8 0, 0, 0, 0, 0, 0, 0, 0, 0, 0, 0, 0, 0, 0, 0, 0, 0, 0, 0, 0, 0, 0, 0
        DC8 0, 0, 0, 0, 0, 0, 0, 0, 0, 0, 0, 0, 0, 0, 0, 0, 0, 0, 0, 0, 0, 0, 0
        DC8 0, 0, 0, 0, 0, 0, 0, 0, 0, 0, 0, 0, 0, 0, 0, 0, 0, 0, 0, 0, 0, 0, 0
        DC8 0, 0, 0, 0, 0, 0, 0, 0, 0, 0, 0, 0, 0, 0, 0, 0, 0, 0, 0, 0, 0, 0, 0
        DC8 0, 0, 0, 0, 0, 0, 0, 0, 0, 0, 0, 0, 0, 0, 0, 0, 0, 0, 0, 0, 0, 0, 0
        DC8 0, 0, 0, 0, 0, 0, 0, 0, 0, 0, 0, 0, 0, 0, 0, 0, 0, 0, 0, 0, 0, 0, 0
        DC8 0, 0, 0, 0, 0, 0, 0, 0, 0, 0, 0, 0, 0, 0, 0, 0, 0, 0, 0, 0, 0, 0, 0
        DC8 0, 0, 0, 0, 0, 0, 0, 0, 0, 0, 0, 0, 0, 0, 0, 0, 0, 0, 0, 0, 0, 0, 0
        DC8 0, 0, 0, 0, 0, 0, 0, 0, 0, 0, 0, 0, 0, 0, 0, 0, 0, 0, 0, 0, 0, 0, 0
        DC8 0, 0, 0, 0, 0, 0, 0, 0, 0, 0, 0, 0, 0, 0, 0, 0, 0, 0, 0, 0, 0, 0, 0
        DC8 0, 0, 0, 0, 0, 0, 0, 0, 0, 0, 0, 0, 0, 0, 0, 0, 0, 0, 0, 0, 0, 0, 0
        DC8 0, 0, 0, 0, 0, 0, 0, 0, 0, 0, 0, 0, 0, 0, 0, 0, 0, 0, 0, 0, 0, 0, 0
        DC8 0, 0, 0, 0, 0, 0, 0, 0, 0, 0, 0, 0, 0, 0, 0, 0, 0, 0, 0, 0, 0, 0, 0
        DC8 0, 0, 0, 0, 0, 0, 0, 0, 0, 0, 0, 0, 0, 0, 0, 0, 0, 0, 0, 0, 0, 0, 0
        DC8 0, 0, 0, 0, 0, 0, 0, 0, 0, 0, 0, 0, 0, 0, 0, 0, 0, 0, 0, 0, 0, 0, 0
        DC8 0, 0, 0, 0, 0, 0, 0, 0, 0, 0, 0, 0, 0, 0, 0, 0, 0, 0, 0, 0, 0, 0, 0
        DC8 0, 0, 0, 0, 0, 0, 0, 0, 0, 0, 0, 0, 0, 0, 0, 0, 0, 0, 0, 0, 0, 0, 0
        DC8 0, 0, 0, 0, 0, 0, 0, 0, 0, 0, 0, 0, 0, 0, 0, 0, 0, 0, 0, 0, 0, 0, 0
        DC8 0, 0, 0, 0, 0, 0, 0, 0, 0, 0, 0, 0, 0, 0, 0, 0, 0, 0, 0, 0, 0, 0, 0
        DC8 0, 0, 0, 0, 0, 0, 0, 0, 0, 0, 0, 0, 0, 0, 0, 0, 0, 0, 0, 0, 0, 0, 0
        DC8 0, 0, 0, 0, 0, 0, 0, 0, 0, 0, 0, 0, 0, 0, 0, 0, 0, 0, 0, 0, 0, 0, 0
        DC8 0, 0, 0, 0, 0, 0, 0, 0, 0, 0, 0, 0, 0, 0, 0, 0, 0, 0, 0, 0, 0, 0, 0
        DC8 0, 0, 0, 0, 0, 0, 0, 0, 0, 0, 0, 0, 0, 0, 0, 0, 0, 0, 0, 0, 0, 0, 0
        DC8 0, 0, 0, 0, 0, 0, 0, 0, 0, 0, 0, 0, 0, 0, 0, 0, 0, 0, 0, 0, 0, 0, 0
        DC8 0, 0, 0, 0, 0, 0, 0, 0, 0, 0, 0, 0, 0, 0, 0, 0, 0, 0, 0, 0, 0, 0, 0
        DC8 0, 0, 0, 0, 0, 0, 0, 0, 0, 0, 0, 0, 0, 0, 0, 0, 0, 0, 0, 0, 0, 0, 0
        DC8 0, 0, 0, 0, 0, 0, 0, 0, 0, 0, 0, 0, 0, 0, 0, 0, 0, 0, 0, 0, 0, 0, 0
        DC8 0, 0, 0, 0, 0, 0, 0, 0, 0, 0, 0, 0, 0, 0, 0, 0, 0, 0, 0, 0, 0, 0, 0
        DC8 0, 0, 0, 0, 0, 0, 0, 0, 0, 0, 0, 0, 0, 0, 0, 0, 0, 0, 0, 0, 0, 0, 0
        DC8 0, 0, 0, 0, 0, 0, 0, 0, 0, 0, 0, 0, 0, 0, 0, 0, 0, 0, 0, 0, 0, 0, 0
        DC8 0, 0, 0, 0, 0, 0, 0, 0, 0, 0, 0, 0, 0, 0, 0, 0, 0, 0, 0, 0, 0, 0, 0
        DC8 0, 0, 0, 0, 0, 0, 0, 0, 0, 0, 0, 0, 0, 0, 0, 0, 0, 0, 0, 0, 0, 0, 0
        DC8 0, 0, 0, 0, 0, 0, 0, 0, 0, 0, 0, 0, 0, 0, 0, 0, 0, 0, 0, 0, 0, 0, 0
        DC8 0, 0, 0, 0, 0, 0, 0, 0, 0, 0, 0, 0, 0, 0, 0, 0, 0, 0, 0, 0, 0, 0, 0
        DC8 0, 0, 0, 0, 0, 0, 0, 0, 0, 0, 0, 0, 0, 0, 0, 0, 0, 0, 0, 0, 0, 0, 0
        DC8 0, 0, 0, 0, 0, 0, 0, 0, 0, 0, 0, 0, 0, 0, 0, 0, 0, 0, 0, 0, 0, 0, 0
        DC8 0, 0, 0, 0, 0, 0, 0, 0, 0, 0, 0, 0, 0, 0, 0, 0, 0, 0, 0, 0, 0, 0, 0
        DC8 0, 0, 0, 0, 0, 0, 0, 0, 0, 0, 0, 0, 0, 0, 0, 0, 0, 0, 0, 0, 0, 0, 0
        DC8 0, 0, 0, 0, 0, 0, 0, 0, 0, 0, 0, 0, 0, 0, 0, 0, 0, 0, 0, 0, 0, 0, 0
        DC8 0, 0, 0, 0, 0, 0, 0, 0, 0, 0, 0, 0, 0, 0, 0, 0, 0, 0, 0, 0, 0, 0, 0
        DC8 0, 0, 0, 0, 0, 0, 0, 0, 0, 0, 0, 0, 0, 0, 0, 0, 0, 0, 0, 0, 0, 0, 0
        DC8 0, 0, 0, 0, 0, 0, 0, 0, 0, 0, 0, 0, 0, 0, 0, 0, 0, 0, 0, 0, 0, 0, 0
        DC8 0, 0, 0, 0, 0, 0, 0, 0, 0, 0, 0, 0, 0, 0, 0, 0, 0, 0, 0, 0, 0, 0, 0
        DC8 0, 0, 0, 0, 0, 0, 0, 0, 0, 0, 0, 0, 0, 0, 0, 0, 0, 0, 0, 0, 0, 0, 0
        DC8 0, 0, 0, 0, 0, 0, 0, 0, 0, 0, 0, 0, 0, 0, 0, 0, 0, 0, 0, 0, 0, 0, 0
        DC8 0, 0, 0, 0, 0, 0, 0, 0, 0, 0, 0, 0, 0, 0, 0, 0, 0, 0, 0, 0, 0, 0, 0
        DC8 0, 0, 0, 0, 0, 0, 0, 0, 0, 0, 0, 0, 0, 0, 0, 0, 0, 0, 0, 0, 0, 0, 0
        DC8 0, 0, 0, 0, 0, 0, 0, 0, 0, 0, 0, 0, 0, 0, 0, 0, 0, 0, 0, 0, 0, 0, 0
        DC8 0, 0, 0, 0, 0, 0, 0, 0, 0, 0, 0, 0, 0, 0, 0, 0, 0, 0, 0, 0, 0, 0, 0
        DC8 0, 0, 0, 0, 0, 0, 0, 0, 0, 0, 0, 0, 0, 0, 0, 0, 0, 0, 0, 0, 0, 0, 0
        DC8 0, 0, 0, 0, 0, 0, 0, 0, 0, 0, 0, 0, 0, 0, 0, 0, 0, 0, 0, 0, 0, 0, 0
        DC8 0, 0, 0, 0, 0, 0, 0, 0, 0, 0, 0, 0, 0, 0, 0, 0, 0, 0, 0, 0, 0, 0, 0
        DC8 0, 0, 0, 0, 0, 0, 0, 0, 0, 0, 0, 0, 0, 0, 0, 0, 0, 0, 0, 0, 0, 0, 0
        DC8 0, 0, 0, 0, 0, 0, 0, 0, 0, 0, 0, 0, 0, 0, 0, 0, 0, 0, 0, 0, 0, 0, 0
        DC8 0, 0, 0, 0, 0, 0, 0, 0, 0, 0, 0, 0, 0, 0, 0, 0, 0, 0, 0, 0, 0, 0, 0
        DC8 0, 0, 0, 0, 0, 0, 0, 0, 0, 0, 0, 0, 0, 0, 0, 0, 0, 0, 0, 0, 0, 0, 0
        DC8 0, 0, 0, 0, 0, 0, 0, 0, 0, 0, 0, 0, 0, 0, 0, 0, 0, 0, 0, 0, 0, 0, 0
        DC8 0, 0, 0, 0, 0, 0, 0, 0, 0, 0, 0, 0, 0, 0, 0, 0, 0, 0, 0, 0, 0, 0, 0
        DC8 0, 0, 0, 0, 0, 0, 0, 0, 0, 0, 0, 0, 0, 0, 0, 0, 0, 0, 0, 0, 0, 0, 0
        DC8 0, 0, 0, 0, 0, 0, 0, 0, 0, 0, 0, 0, 0, 0, 0, 0, 0, 0, 0, 0, 0, 0, 0
        DC8 0, 0, 0, 0, 0, 0, 0, 0, 0, 0, 0, 0, 0, 0, 0, 0, 0, 0, 0, 0, 0, 0, 0
        DC8 0, 0, 0, 0, 0, 0, 0, 0, 0, 0, 0, 0, 0, 0, 0, 0, 0, 0, 0, 0, 0, 0, 0
        DC8 0, 0, 0, 0, 0, 0, 0, 0, 0, 0, 0, 0, 0, 0, 0, 0, 0, 0, 0, 0, 0, 0, 0
        DC8 0, 0, 0, 0, 0, 0, 0, 0, 0, 0, 0, 0, 0, 0, 0, 0, 0, 0, 0, 0, 0, 0, 0
        DC8 0, 0, 0, 0, 0, 0, 0, 0, 0, 0, 0, 0, 0, 0, 0, 0, 0, 0, 0, 0, 0, 0, 0
        DC8 0, 0, 0, 0, 0, 0, 0, 0, 0, 0, 0, 0, 0, 0, 0, 0, 0, 0, 0, 0, 0, 0, 0
        DC8 0, 0, 0, 0, 0, 0, 0, 0, 0, 0, 0, 0, 0, 0, 0, 0, 0, 0, 0, 0, 0, 0, 0
        DC8 0, 0, 0, 0, 0, 0, 0, 0, 0, 0, 0, 0, 0, 0, 0, 0, 0, 0, 0, 0, 0, 0, 0
        DC8 0, 0, 0, 0, 0, 0, 0, 0, 0, 0, 0, 0, 0, 0, 0, 0, 0, 0, 0, 0, 0, 0, 0
        DC8 0, 0, 0, 0, 0, 0, 0, 0, 0, 0, 0, 0, 0, 0, 0, 0, 0, 0, 0, 0, 0, 0, 0
        DC8 0, 0, 0, 0, 0, 0, 0, 0, 0, 0, 0, 0, 0, 0, 0, 0, 0, 0, 0, 0, 0, 0, 0
        DC8 0, 0, 0, 0, 0, 0, 0, 0, 0, 0, 0, 0, 0, 0, 0, 0, 0, 0, 0, 0, 0, 0, 0
        DC8 0, 0, 0, 0, 0, 0, 0, 0, 0, 0, 0, 0, 0, 0, 0, 0, 0, 0, 0, 0, 0, 0, 0
        DC8 0, 0, 0, 0, 0, 0, 0, 0, 0, 0, 0, 0, 0, 0, 0, 0, 0, 0, 0, 0, 0, 0, 0
        DC8 0, 0, 0, 0, 0, 0, 0, 0, 0, 0, 0, 0, 0, 0, 0, 0, 0, 0, 0, 0, 0, 0, 0
        DC8 0, 0, 0, 0, 0, 0, 0, 0, 0, 0, 0, 0, 0, 0, 0, 0, 0, 0, 0, 0, 0, 0, 0
        DC8 0, 0, 0, 0, 0, 0, 0, 0, 0, 0, 0, 0, 0, 0, 0, 0, 0, 0, 0, 0, 0, 0, 0
        DC8 0, 0, 0, 0, 0, 0, 0, 0, 0, 0, 0, 0, 0, 0, 0, 0, 0, 0, 0, 0, 0, 0, 0
        DC8 0, 0, 0, 0, 0, 0, 0, 0, 0, 0, 0, 0, 0, 0, 0, 0, 0, 0, 0, 0, 0, 0, 0
        DC8 0, 0, 0, 0, 0, 0, 0, 0, 0, 0, 0, 0, 0, 0, 0, 0, 0, 0, 0, 0, 0, 0, 0
        DC8 0, 0, 0, 0, 0, 0, 0, 0, 0, 0, 0, 0, 0, 0, 0, 0, 0, 0, 0, 0, 0, 0, 0
        DC8 0, 0, 0, 0, 0, 0, 0, 0, 0, 0, 0, 0, 0, 0, 0, 0, 0, 0, 0, 0, 0, 0, 0
        DC8 0, 0, 0, 0, 0, 0, 0, 0, 0, 0, 0, 0, 0, 0, 0, 0, 0, 0, 0, 0, 0, 0, 0
        DC8 0, 0, 0, 0, 0, 0, 0, 0, 0, 0, 0, 0, 0, 0, 0, 0, 0, 0, 0, 0, 0, 0, 0
        DC8 0, 0, 0, 0, 0, 0, 0, 0, 0, 0, 0, 0, 0, 0, 0, 0, 0, 0, 0, 0, 0, 0, 0
        DC8 0, 0, 0, 0, 0, 0, 0, 0, 0, 0, 0, 0, 0, 0, 0, 0, 0, 0, 0, 0, 0, 0, 0
        DC8 0, 0, 0, 0, 0, 0, 0, 0, 0, 0, 0, 0, 0, 0, 0, 0, 0, 0, 0, 0, 0, 0, 0
        DC8 0, 0, 0, 0, 0, 0, 0, 0, 0, 0, 0, 0, 0, 0, 0, 0, 0, 0, 0, 0, 0, 0, 0
        DC8 0, 0, 0, 0, 0, 0, 0, 0, 0, 0, 0, 0, 0, 0, 0, 0, 0, 0, 0, 0, 0, 0, 0
        DC8 0, 0, 0, 0, 0, 0, 0, 0, 0, 0, 0, 0, 0, 0, 0, 0, 0, 0, 0, 0, 0, 0, 0
        DC8 0, 0, 0, 0, 0, 0, 0, 0, 0, 0, 0, 0, 0, 0, 0, 0, 0, 0, 0, 0, 0, 0, 0
        DC8 0, 0, 0, 0, 0, 0, 0, 0, 0, 0, 0, 0, 0, 0, 0, 0, 0, 0, 0, 0, 0, 0, 0
        DC8 0, 0, 0, 0, 0, 0, 0, 0, 0, 0, 0, 0, 0, 0, 0, 0, 0, 0, 0, 0, 0, 0, 0
        DC8 0, 0, 0, 0, 0, 0, 0, 0, 0, 0, 0, 0, 0, 0, 0, 0, 0, 0, 0, 0, 0, 0, 0
        DC8 0, 0, 0, 0, 0, 0, 0, 0, 0, 0, 0, 0, 0, 0, 0, 0, 0, 0, 0, 0, 0, 0, 0
        DC8 0, 0, 0, 0, 0, 0, 0, 0, 0, 0, 0, 0, 0, 0, 0, 0, 0, 0, 0, 0, 0, 0, 0
        DC8 0, 0, 0, 0, 0, 0, 0, 0, 0, 0, 0, 0, 0, 0, 0, 0, 0, 0, 0, 0, 0, 0, 0
        DC8 0, 0, 0, 0, 0, 0, 0, 0, 0, 0, 0, 0, 0, 0, 0, 0, 0, 0, 0, 0, 0, 0, 0
        DC8 0, 0, 0, 0, 0, 0, 0, 0, 0, 0, 0, 0, 0, 0, 0, 0, 0, 0, 0, 0, 0, 0, 0
        DC8 0, 0, 0, 0, 0, 0, 0, 0, 0, 0, 0, 0, 0, 0, 0, 0, 0, 0, 0, 0, 0, 0, 0
        DC8 0, 0, 0, 0, 0, 0, 0, 0, 0, 0, 0, 0, 0, 0, 0, 0, 0, 0, 0, 0, 0, 0, 0
        DC8 0, 0, 0, 0, 0, 0, 0, 0, 0, 0, 0, 0, 0, 0, 0, 0, 0, 0, 0, 0, 0, 0, 0
        DC8 0, 0, 0, 0, 0, 0, 0, 0, 0, 0, 0, 0, 0, 0, 0, 0, 0, 0, 0, 0, 0, 0, 0
        DC8 0, 0, 0, 0, 0, 0, 0, 0, 0, 0, 0, 0, 0, 0, 0, 0, 0, 0, 0, 0, 0, 0, 0
        DC8 0, 0, 0, 0, 0, 0, 0, 0, 0, 0, 0, 0, 0, 0, 0, 0, 0, 0, 0, 0, 0, 0, 0
        DC8 0, 0, 0, 0, 0, 0, 0, 0, 0, 0, 0, 0, 0, 0, 0, 0, 0, 0, 0, 0, 0, 0, 0
        DC8 0, 0, 0, 0, 0, 0, 0, 0, 0, 0, 0, 0, 0, 0, 0, 0, 0, 0, 0, 0, 0, 0, 0
        DC8 0, 0, 0, 0, 0, 0, 0, 0, 0, 0, 0, 0, 0, 0, 0, 0, 0, 0, 0, 0, 0, 0, 0
        DC8 0, 0, 0, 0, 0, 0, 0, 0, 0, 0, 0, 0, 0, 0, 0, 0, 0, 0, 0, 0, 0, 0, 0
        DC8 0, 0, 0, 0, 0, 0, 0, 0, 0, 0, 0, 0, 0, 0, 0, 0, 0, 0, 0, 0, 0, 0, 0
        DC8 0, 0, 0, 0, 0, 0, 0, 0, 0, 0, 0, 0, 0, 0, 0, 0, 0, 0, 0, 0, 0, 0, 0
        DC8 0, 0, 0, 0, 0, 0, 0, 0, 0, 0, 0, 0, 0, 0, 0, 0, 0, 0, 0, 0, 0, 0, 0
        DC8 0, 0, 0, 0, 0, 0, 0, 0, 0, 0, 0, 0, 0, 0, 0, 0, 0, 0, 0, 0, 0, 0, 0
        DC8 0, 0, 0, 0, 0, 0, 0, 0, 0, 0, 0, 0, 0, 0, 0, 0, 0, 0, 0, 0, 0, 0, 0
        DC8 0, 0, 0, 0, 0, 0, 0, 0, 0, 0, 0, 0, 0, 0, 0, 0, 0, 0, 0, 0, 0, 0, 0
        DC8 0, 0, 0, 0, 0, 0, 0, 0, 0, 0, 0, 0, 0, 0, 0, 0, 0, 0, 0, 0, 0, 0, 0
        DC8 0, 0, 0, 0, 0, 0, 0, 0, 0, 0, 0, 0, 0, 0, 0, 0, 0, 0, 0, 0, 0, 0, 0
        DC8 0, 0, 0, 0, 0, 0, 0, 0, 0, 0, 0, 0, 0, 0, 0, 0, 0, 0, 0, 0, 0, 0, 0
        DC8 0, 0, 0, 0, 0, 0, 0, 0, 0, 0, 0, 0, 0, 0, 0, 0, 0, 0, 0, 0, 0, 0, 0
        DC8 0, 0, 0, 0, 0, 0, 0, 0, 0, 0, 0, 0, 0, 0, 0, 0, 0, 0, 0, 0, 0, 0, 0
        DC8 0, 0, 0, 0, 0, 0, 0, 0, 0, 0, 0, 0, 0, 0, 0, 0, 0, 0, 0, 0, 0, 0, 0
        DC8 0, 0, 0, 0, 0, 0, 0, 0, 0, 0, 0, 0, 0, 0, 0, 0, 0, 0, 0, 0, 0, 0, 0
        DC8 0, 0, 0, 0, 0, 0, 0, 0, 0, 0, 0, 0, 0, 0, 0, 0, 0, 0, 0, 0, 0, 0, 0
        DC8 0, 0, 0, 0, 0, 0, 0, 0, 0, 0, 0, 0, 0, 0, 0, 0, 0, 0, 0, 0, 0, 0, 0
        DC8 0, 0, 0, 0, 0, 0, 0, 0, 0, 0, 0, 0, 0, 0, 0, 0, 0, 0, 0, 0, 0, 0, 0
        DC8 0, 0, 0, 0, 0, 0, 0, 0, 0, 0, 0, 0, 0, 0, 0, 0, 0, 0, 0, 0, 0, 0, 0
        DC8 0, 0, 0, 0, 0, 0, 0, 0, 0, 0, 0, 0, 0, 0, 0, 0, 0, 0, 0, 0, 0, 0, 0
        DC8 0, 0, 0, 0, 0, 0, 0, 0, 0, 0, 0, 0, 0, 0, 0, 0, 0, 0, 0, 0, 0, 0, 0
        DC8 0, 0, 0, 0, 0, 0, 0, 0, 0, 0, 0, 0, 0, 0, 0, 0, 0, 0, 0, 0, 0, 0, 0
        DC8 0, 0, 0, 0, 0, 0, 0, 0, 0, 0, 0, 0, 0, 0, 0, 0, 0, 0, 0, 0, 0, 0, 0
        DC8 0, 0, 0, 0, 0, 0, 0, 0, 0, 0, 0, 0, 0, 0, 0, 0, 0, 0, 0, 0, 0, 0, 0
        DC8 0, 0, 0, 0, 0, 0, 0, 0, 0, 0, 0, 0, 0, 0, 0, 0, 0, 0, 0, 0, 0, 0, 0
        DC8 0, 0, 0, 0, 0, 0, 0, 0, 0, 0, 0, 0, 0, 0, 0, 0, 0, 0, 0, 0, 0, 0, 0
        DC8 0, 0, 0, 0, 0, 0, 0, 0, 0, 0, 0, 0, 0, 0, 0, 0, 0, 0, 0, 0, 0, 0, 0
        DC8 0, 0, 0, 0, 0, 0, 0, 0, 0, 0, 0, 0, 0, 0, 0, 0, 0, 0, 0, 0, 0, 0, 0
        DC8 0, 0, 0, 0, 0, 0, 0, 0, 0, 0, 0, 0, 0, 0, 0, 0, 0, 0, 0, 0, 0, 0, 0
        DC8 0, 0, 0, 0, 0, 0, 0, 0, 0, 0, 0, 0, 0, 0, 0, 0, 0, 0, 0, 0, 0, 0, 0
        DC8 0, 0, 0, 0, 0, 0, 0, 0, 0, 0, 0, 0, 0, 0, 0, 0, 0, 0, 0, 0, 0, 0, 0
        DC8 0, 0, 0, 0, 0, 0, 0, 0, 0, 0, 0, 0, 0, 0, 0, 0, 0, 0, 0, 0, 0, 0, 0
        DC8 0, 0, 0, 0, 0, 0, 0, 0, 0, 0, 0, 0, 0, 0, 0, 0, 0, 0, 0, 0, 0, 0, 0
        DC8 0, 0, 0, 0, 0, 0, 0, 0, 0, 0, 0, 0, 0, 0, 0, 0, 0, 0, 0, 0, 0, 0, 0
        DC8 0, 0, 0, 0, 0, 0, 0, 0, 0, 0, 0, 0, 0, 0, 0, 0, 0, 0, 0, 0, 0, 0, 0
        DC8 0, 0, 0, 0, 0, 0, 0, 0, 0, 0, 0, 0, 0, 0, 0, 0, 0, 0, 0, 0, 0, 0, 0
        DC8 0, 0, 0, 0, 0, 0, 0, 0, 0, 0, 0, 0, 0, 0, 0, 0, 0, 0, 0, 0, 0, 0, 0
        DC8 0, 0, 0, 0, 0, 0, 0, 0, 0, 0, 0, 0, 0, 0, 0, 0, 0, 0, 0, 0, 0, 0, 0
        DC8 0, 0, 0, 0, 0, 0, 0, 0, 0, 0, 0, 0, 0, 0, 0, 0, 0, 0, 0, 0, 0, 0, 0
        DC8 0, 0, 0, 0, 0, 0, 0, 0, 0, 0, 0, 0, 0, 0, 0, 0, 0, 0, 0, 0, 0, 0, 0
        DC8 0, 0, 0, 0, 0, 0, 0, 0, 0, 0, 0, 0, 0, 0, 0, 0, 0, 0, 0, 0, 0, 0, 0
        DC8 0, 0, 0, 0, 0, 0, 0, 0, 0, 0, 0, 0, 0, 0, 0, 0, 0, 0, 0, 0, 0, 0, 0
        DC8 0, 0, 0, 0, 0, 0, 0, 0, 0, 0, 0, 0, 0, 0, 0, 0, 0, 0, 0, 0, 0, 0, 0
        DC8 0, 0, 0, 0, 0, 0, 0, 0, 0, 0, 0, 0, 0, 0, 0, 0, 0, 0, 0, 0, 0, 0, 0
        DC8 0, 0, 0, 0, 0, 0, 0, 0, 0, 0, 0, 0, 0, 0, 0, 0, 0, 0, 0, 0, 0, 0, 0
        DC8 0, 0, 0, 0, 0, 0, 0, 0, 0, 0, 0, 0, 0, 0, 0, 0, 0, 0, 0, 0, 0, 0, 0
        DC8 0, 0, 0, 0, 0, 0, 0, 0, 0, 0, 0, 0, 0, 0, 0, 0, 0, 0, 0, 0, 0, 0, 0
        DC8 0, 0, 0, 0, 0, 0, 0, 0, 0, 0, 0, 0, 0, 0, 0, 0, 0, 0, 0, 0, 0, 0, 0
        DC8 0, 0, 0, 0, 0, 0, 0, 0, 0, 0, 0, 0, 0, 0, 0, 0, 0, 0, 0, 0, 0, 0, 0
        DC8 0, 0, 0, 0, 0, 0, 0, 0, 0, 0, 0, 0, 0, 0, 0, 0, 0, 0, 0, 0, 0, 0, 0
        DC8 0, 0, 0, 0, 0, 0, 0, 0, 0, 0, 0, 0, 0, 0, 0, 0, 0, 0, 0, 0, 0, 0, 0
        DC8 0, 0, 0, 0, 0, 0, 0, 0, 0, 0, 0, 0, 0, 0, 0, 0, 0, 0, 0, 0, 0, 0, 0
        DC8 0, 0, 0, 0, 0, 0, 0, 0, 0, 0, 0, 0, 0, 0, 0, 0, 0, 0, 0, 0, 0, 0, 0
        DC8 0, 0, 0, 0, 0, 0, 0, 0, 0, 0, 0, 0, 0, 0, 0, 0, 0, 0, 0, 0, 0, 0, 0
        DC8 0, 0, 0, 0, 0, 0, 0, 0, 0, 0, 0, 0, 0, 0, 0, 0, 0, 0, 0, 0, 0, 0, 0
        DC8 0, 0, 0, 0, 0, 0, 0, 0, 0, 0, 0, 0, 0, 0, 0, 0, 0, 0, 0, 0, 0, 0, 0
        DC8 0, 0, 0, 0, 0, 0, 0, 0, 0, 0, 0, 0, 0, 0, 0, 0, 0, 0, 0, 0, 0, 0, 0
        DC8 0, 0, 0, 0, 0, 0, 0, 0, 0, 0, 0, 0, 0, 0, 0, 0, 0, 0, 0, 0, 0, 0, 0
        DC8 0, 0, 0, 0, 0, 0, 0, 0, 0, 0, 0, 0, 0, 0, 0, 0, 0, 0, 0, 0, 0, 0, 0
        DC8 0, 0, 0, 0, 0, 0, 0, 0, 0, 0, 0, 0, 0, 0, 0, 0, 0, 0, 0, 0, 0, 0, 0
        DC8 0, 0, 0, 0, 0, 0, 0, 0, 0, 0, 0, 0, 0, 0, 0, 0, 0, 0, 0, 0, 0, 0, 0
        DC8 0, 0, 0, 0, 0, 0, 0, 0, 0, 0, 0, 0, 0, 0, 0, 0, 0, 0, 0, 0, 0, 0, 0
        DC8 0, 0, 0, 0, 0, 0, 0, 0, 0, 0, 0, 0, 0, 0, 0, 0, 0, 0, 0, 0, 0, 0, 0
        DC8 0, 0, 0, 0, 0, 0, 0, 0, 0, 0, 0, 0, 0, 0, 0, 0, 0, 0, 0, 0, 0, 0, 0
        DC8 0, 0, 0, 0, 0, 0, 0, 0, 0, 0, 0, 0, 0, 0, 0, 0, 0, 0, 0, 0, 0, 0, 0
        DC8 0, 0, 0, 0, 0, 0, 0, 0, 0, 0, 0, 0, 0, 0, 0, 0, 0, 0, 0, 0, 0, 0, 0
        DC8 0, 0, 0, 0, 0, 0, 0, 0, 0, 0, 0, 0, 0, 0, 0, 0, 0, 0, 0, 0, 0, 0, 0
        DC8 0, 0, 0, 0, 0, 0, 0, 0, 0, 0, 0, 0, 0, 0, 0, 0, 0, 0, 0, 0, 0, 0, 0
        DC8 0, 0, 0, 0, 0, 0, 0, 0, 0, 0, 0, 0, 0, 0, 0, 0, 0, 0, 0, 0, 0, 0, 0
        DC8 0, 0, 0, 0, 0, 0, 0, 0, 0, 0, 0, 0, 0, 0

        SECTION `.iar_vfe_header`:DATA:NOALLOC:NOROOT(2)
        SECTION_TYPE SHT_PROGBITS, 0
        DATA
        DC32 0

        SECTION __DLIB_PERTHREAD:DATA:REORDER:NOROOT(0)
        SECTION_TYPE SHT_PROGBITS, 0

        SECTION __DLIB_PERTHREAD_init:DATA:REORDER:NOROOT(0)
        SECTION_TYPE SHT_PROGBITS, 0

        END
//  349 {
//  350 /* 度 */
//  351 0x00,0x00,0xFC,0x24,0x24,0x24,0xFC,0x25,0x26,0x24,0xFC,0x24,0x24,0x24,0x04,0x00,
//  352 0x40,0x30,0x8F,0x80,0x84,0x4C,0x55,0x25,0x25,0x25,0x55,0x4C,0x80,0x80,0x80,0x00,
//  353 /* 分 */
//  354 0x80,0x40,0x20,0x90,0x88,0x86,0x80,0x80,0x80,0x83,0x8C,0x10,0x20,0x40,0x80,0x00,
//  355 0x00,0x80,0x40,0x20,0x18,0x07,0x00,0x40,0x80,0x40,0x3F,0x00,0x00,0x00,0x00,0x00,
//  356 /* 乏 */
//  357 0x00,0x08,0x08,0x08,0x08,0x08,0x28,0xC4,0x04,0x04,0x04,0x06,0x04,0x00,0x00,0x00,
//  358 0x80,0x41,0x21,0x21,0x51,0x91,0x89,0x89,0x85,0x85,0x83,0x83,0x81,0x80,0x80,0x00,
//  359 /* 线 */
//  360 0x20,0x30,0xAC,0x63,0x20,0x18,0x80,0x90,0x90,0xFF,0x90,0x49,0x4A,0x48,0x40,0x00,
//  361 0x22,0x67,0x22,0x12,0x12,0x12,0x40,0x40,0x20,0x13,0x0C,0x14,0x22,0x41,0xF8,0x00,
//  362 /* 路 */
//  363 0x00,0x3E,0x22,0xE2,0x22,0x3E,0x00,0x10,0x88,0x57,0x24,0x54,0x8C,0x00,0x00,0x00,
//  364 0x40,0x7E,0x40,0x3F,0x22,0x22,0x00,0x01,0xFE,0x42,0x42,0x42,0xFE,0x01,0x01,0x00,
//  365 /* 保 */
//  366 0x00,0x80,0x60,0xF8,0x07,0x00,0x3E,0x22,0x22,0xE2,0x22,0x22,0x3E,0x00,0x00,0x00,
//  367 0x01,0x00,0x00,0xFF,0x20,0x11,0x09,0x05,0x03,0xFF,0x03,0x05,0x09,0x11,0x20,0x00,
//  368 /* 护 */
//  369 0x10,0x10,0x10,0xFF,0x10,0x90,0x00,0xF8,0x88,0x89,0x8E,0x88,0x88,0x88,0xF8,0x00,
//  370 0x04,0x44,0x82,0x7F,0x81,0x40,0x30,0x0F,0x00,0x00,0x00,0x00,0x00,0x00,0x01,0x00,
//  371 /* 测 */
//  372 0x00,0x10,0x60,0x02,0x8C,0x00,0xFE,0x02,0xF2,0x02,0xFE,0x00,0xF8,0x00,0xFF,0x00,
//  373 0x00,0x04,0x04,0x7E,0x01,0x80,0x47,0x30,0x0F,0x10,0x27,0x00,0x47,0x80,0x7F,0x00,
//  374 /* 控 */
//  375 0x10,0x10,0x10,0xFF,0x90,0x20,0x98,0x48,0x28,0x09,0x0E,0x28,0x48,0xA8,0x18,0x00,
//  376 0x02,0x42,0x81,0x7F,0x00,0x40,0x40,0x42,0x42,0x42,0x7E,0x42,0x42,0x42,0x40,0x00,
//  377 /* 装 */
//  378 0x40,0x42,0x24,0x10,0xFF,0x00,0x84,0x44,0x44,0x44,0x7F,0x44,0x44,0x44,0x04,0x00,
//  379 0x22,0x22,0x12,0x12,0x0A,0xFE,0x42,0x27,0x0A,0x12,0x22,0x32,0x4A,0x42,0x42,0x00,
//  380 /* 置 */
//  381 0x00,0x2E,0x2A,0xAA,0xAA,0xAE,0xAA,0xFA,0xAA,0xAE,0xAA,0xAA,0x2A,0x2E,0x00,0x00,
//  382 0x80,0x80,0x80,0xFF,0xAA,0xAA,0xAA,0xAA,0xAA,0xAA,0xAA,0xFF,0x80,0x80,0x80,0x00,
//  383 /* 变 */
//  384 0x04,0x44,0x24,0x14,0x04,0x7C,0x05,0x06,0x04,0x7C,0x04,0x14,0x24,0x44,0x04,0x00,
//  385 0x80,0x80,0x81,0x41,0x43,0x25,0x29,0x11,0x29,0x25,0x43,0x41,0x80,0x80,0x80,0x00,
//  386 /* 压 */
//  387 0x00,0x00,0xFE,0x02,0x82,0x82,0x82,0x82,0xFA,0x82,0x82,0x82,0x82,0x82,0x02,0x00,
//  388 0x80,0x60,0x1F,0x40,0x40,0x40,0x40,0x40,0x7F,0x40,0x40,0x44,0x58,0x40,0x40,0x00,
//  389 /* 器 */
//  390 0x80,0x80,0x9E,0x92,0x92,0x92,0x9E,0xE0,0x80,0x9E,0xB2,0xD2,0x92,0x9E,0x80,0x00,
//  391 0x08,0x08,0xF4,0x94,0x92,0x92,0xF1,0x00,0x01,0xF2,0x92,0x94,0x94,0xF8,0x08,0x00,
//  392 /* 电 */
//  393 0x00,0xF8,0x88,0x88,0x88,0x88,0xFF,0x88,0x88,0x88,0x88,0xF8,0x00,0x00,0x00,0x00,
//  394 0x00,0x1F,0x08,0x08,0x08,0x08,0x7F,0x88,0x88,0x88,0x88,0x9F,0x80,0xF0,0x00,0x00,
//  395 /* 动 */
//  396 0x00,0x40,0x44,0xC4,0x44,0x44,0x44,0x40,0x10,0x10,0xFF,0x10,0x10,0x10,0xF0,0x00,
//  397 0x00,0x10,0x3C,0x13,0x10,0x14,0xB8,0x40,0x30,0x0E,0x01,0x40,0x80,0x40,0x3F,0x00,
//  398 /* 机 */
//  399 0x10,0x10,0xD0,0xFF,0x90,0x10,0x00,0xFE,0x02,0x02,0x02,0xFE,0x00,0x00,0x00,0x00,
//  400 0x04,0x03,0x00,0xFF,0x00,0x83,0x60,0x1F,0x00,0x00,0x00,0x3F,0x40,0x40,0x78,0x00,
//  401 /* 年 */
//  402 0x00,0x20,0x18,0xC7,0x44,0x44,0x44,0x44,0xFC,0x44,0x44,0x44,0x44,0x04,0x00,0x00,
//  403 0x04,0x04,0x04,0x07,0x04,0x04,0x04,0x04,0xFF,0x04,0x04,0x04,0x04,0x04,0x04,0x00,
//  404 /* 月 */
//  405 0x00,0x00,0x00,0x00,0xFE,0x22,0x22,0x22,0x22,0x22,0x22,0x22,0x22,0xFE,0x00,0x00,
//  406 0x00,0x80,0x40,0x30,0x0F,0x02,0x02,0x02,0x02,0x02,0x02,0x42,0x82,0x7F,0x00,0x00,
//  407 /* 日 */
//  408 0x00,0x00,0x00,0xFE,0x82,0x82,0x82,0x82,0x82,0x82,0x82,0xFE,0x00,0x00,0x00,0x00,
//  409 0x00,0x00,0x00,0xFF,0x40,0x40,0x40,0x40,0x40,0x40,0x40,0xFF,0x00,0x00,0x00,0x00,
//  410 /* 版 */
//  411 0x00,0xFE,0x20,0x20,0x3F,0x20,0x00,0xFC,0x24,0xE4,0x24,0x22,0x23,0xE2,0x00,0x00,
//  412 0x80,0x7F,0x01,0x01,0xFF,0x80,0x60,0x1F,0x80,0x41,0x26,0x18,0x26,0x41,0x80,0x00,
//  413 /* 本 */
//  414 0x00,0x10,0x10,0x10,0x10,0xD0,0x30,0xFF,0x30,0xD0,0x10,0x10,0x10,0x10,0x00,0x00,
//  415 0x10,0x08,0x04,0x02,0x09,0x08,0x08,0xFF,0x08,0x08,0x09,0x02,0x04,0x08,0x10,0x00,
//  416 /* 号 */
//  417 0x80,0x80,0x80,0xBE,0xA2,0xA2,0xA2,0xA2,0xA2,0xA2,0xA2,0xBE,0x80,0x80,0x80,0x00,
//  418 0x00,0x00,0x00,0x06,0x05,0x04,0x04,0x04,0x44,0x84,0x44,0x3C,0x00,0x00,0x00,0x00,
//  419 /* 退 */
//  420 0x80,0x80,0x84,0x98,0x00,0x00,0xFE,0x92,0x92,0x92,0x92,0x92,0xFE,0x00,0x00,0x00,
//  421 0x00,0x80,0x40,0x3F,0x40,0x80,0xBF,0x90,0x88,0x81,0x82,0x84,0x8A,0xB1,0x80,0x00,
//  422 /* 出 */
//  423 0x00,0x00,0x7C,0x40,0x40,0x40,0x40,0xFF,0x40,0x40,0x40,0x40,0xFC,0x00,0x00,0x00,
//  424 0x00,0x7C,0x40,0x40,0x40,0x40,0x40,0x7F,0x40,0x40,0x40,0x40,0x40,0xFC,0x00,0x00,
//  425 /* 跳 */
//  426 0x00,0x3E,0x22,0xE2,0x22,0x3E,0x00,0x08,0x10,0xFF,0x00,0xFF,0xA0,0x10,0x08,0x00,
//  427 0x40,0x7E,0x40,0x3F,0x22,0x22,0x80,0x42,0x31,0x0F,0x00,0x7F,0x80,0x81,0xF2,0x00,
//  428 /* 闸 */
//  429 0x00,0xF8,0x01,0x02,0xF0,0x92,0x92,0xF2,0x92,0x92,0xF2,0x02,0x02,0xFE,0x00,0x00,
//  430 0x00,0xFF,0x00,0x00,0x0F,0x04,0x04,0x7F,0x04,0x04,0x0F,0x40,0x80,0x7F,0x00,0x00,
//  431 /* 告 */
//  432 0x80,0xA0,0x90,0x8E,0x88,0x88,0x88,0xFF,0x88,0x88,0x88,0x88,0x88,0x80,0x80,0x00,
//  433 0x00,0x00,0x00,0xFC,0x44,0x44,0x44,0x44,0x44,0x44,0x44,0xFC,0x00,0x00,0x00,0x00,
//  434 /* 警 */
//  435 0x12,0xEA,0xAF,0xAA,0xEA,0x0F,0xFA,0x02,0x88,0x8C,0x57,0x24,0x54,0x8C,0x84,0x00,
//  436 0x02,0x02,0xEA,0xAA,0xAA,0xAB,0xAA,0xAB,0xAA,0xAA,0xAA,0xAA,0xEA,0x02,0x02,0x00,
//  437 /* 投 */
//  438 0x10,0x10,0x10,0xFF,0x10,0x90,0x40,0xA0,0x9E,0x82,0x82,0x82,0x9E,0xA0,0x20,0x00,
//  439 0x04,0x44,0x82,0x7F,0x01,0x00,0x80,0x80,0x43,0x2C,0x10,0x28,0x44,0x83,0x80,0x00,
//  440 /* 入 */
//  441 0x00,0x00,0x00,0x00,0x00,0x01,0xE2,0x1C,0xE0,0x00,0x00,0x00,0x00,0x00,0x00,0x00,
//  442 0x80,0x40,0x20,0x10,0x0C,0x03,0x00,0x00,0x00,0x03,0x0C,0x30,0x40,0x80,0x80,0x00,
//  443 /* 单 */
//  444 0x00,0x00,0xF8,0x49,0x4A,0x4C,0x48,0xF8,0x48,0x4C,0x4A,0x49,0xF8,0x00,0x00,0x00,
//  445 0x10,0x10,0x13,0x12,0x12,0x12,0x12,0xFF,0x12,0x12,0x12,0x12,0x13,0x10,0x10,0x00,
//  446 /* 纯 */
//  447 0x40,0x60,0x58,0xC6,0x60,0x00,0xD0,0x10,0x10,0xFE,0x10,0x10,0xD0,0x10,0x00,0x00,
//  448 0x44,0xCE,0x45,0x24,0x24,0x00,0x07,0x04,0x04,0x7F,0x84,0x84,0x8F,0x80,0xE0,0x00,
//  449 /* 过 */
//  450 0x80,0x80,0x84,0x98,0x00,0x10,0x90,0x10,0x10,0x10,0x10,0xFE,0x10,0x10,0x10,0x00,
//  451 0x00,0x80,0x40,0x3F,0x40,0x80,0x80,0x83,0x80,0x90,0xA0,0x9F,0x80,0x80,0x80,0x00,
//  452 /* 流 */
//  453 0x10,0x60,0x02,0x8C,0x00,0x44,0x64,0x54,0x4D,0x46,0x44,0x54,0x64,0xC4,0x04,0x00,
//  454 0x04,0x04,0x7E,0x01,0x80,0x40,0x3E,0x00,0x00,0xFE,0x00,0x00,0x7E,0x80,0xE0,0x00,
//  455 /* 闭 */
//  456 0x00,0xF8,0x01,0x22,0x20,0x22,0x22,0xA2,0xFA,0x22,0x22,0x22,0x02,0xFE,0x00,0x00,
//  457 0x00,0xFF,0x00,0x08,0x04,0x02,0x11,0x20,0x1F,0x00,0x00,0x40,0x80,0x7F,0x00,0x00,
//  458 /* 锁 */
//  459 0x20,0x10,0x2C,0xE7,0x24,0x24,0x00,0xE2,0x2C,0x20,0xBF,0x20,0x28,0xE6,0x00,0x00,
//  460 0x01,0x01,0x01,0x7F,0x21,0x11,0x80,0x4F,0x20,0x10,0x0F,0x10,0x20,0x4F,0x80,0x00,
//  461 /* 方 */
//  462 0x08,0x08,0x08,0x08,0x08,0xF8,0x89,0x8E,0x88,0x88,0x88,0x88,0x08,0x08,0x08,0x00,
//  463 0x00,0x80,0x40,0x20,0x18,0x07,0x00,0x00,0x40,0x80,0x40,0x3F,0x00,0x00,0x00,0x00,
//  464 /* 向 */
//  465 0x00,0xF8,0x08,0x08,0x0C,0xCA,0x49,0x48,0x48,0xC8,0x08,0x08,0x08,0xF8,0x00,0x00,
//  466 0x00,0xFF,0x00,0x00,0x00,0x1F,0x08,0x08,0x08,0x1F,0x00,0x40,0x80,0x7F,0x00,0x00,
//  467 /* 操 */
//  468 0x10,0x10,0xFF,0x10,0x90,0xE0,0x2F,0x29,0xE9,0x09,0xE9,0x29,0x2F,0xE0,0x00,0x00,
//  469 0x42,0x82,0x7F,0x41,0x44,0x25,0x15,0x0D,0x05,0xFE,0x0D,0x15,0x25,0x45,0x44,0x00,
//  470 /* 作 */
//  471 0x00,0x80,0x60,0xF8,0x07,0x40,0x30,0x0F,0xF8,0x88,0x88,0x88,0x88,0x08,0x08,0x00,
//  472 0x01,0x00,0x00,0xFF,0x00,0x00,0x00,0x00,0xFF,0x08,0x08,0x08,0x08,0x08,0x00,0x00,
//  473 /* 板 */
//  474 0x10,0x10,0xD0,0xFF,0x90,0x10,0x00,0xFC,0x24,0xE4,0x24,0x22,0x23,0xE2,0x00,0x00,
//  475 0x04,0x03,0x00,0xFF,0x00,0x83,0x60,0x1F,0x80,0x41,0x26,0x18,0x26,0x41,0x80,0x00,
//  476 /* 开 */
//  477 0x80,0x82,0x82,0x82,0xFE,0x82,0x82,0x82,0x82,0x82,0xFE,0x82,0x82,0x82,0x80,0x00,
//  478 0x00,0x80,0x40,0x30,0x0F,0x00,0x00,0x00,0x00,0x00,0xFF,0x00,0x00,0x00,0x00,0x00,
//  479 /* 断 */
//  480 0x00,0xFC,0x20,0x24,0xA8,0xFF,0xA8,0x24,0x00,0xFC,0x44,0x44,0xC4,0x42,0x40,0x00,
//  481 0x00,0x3F,0x22,0x21,0x20,0x2F,0x20,0xA3,0x60,0x1F,0x00,0x00,0xFF,0x00,0x00,0x00,
//  482 /* 放 */
//  483 0x08,0x08,0xF9,0x4A,0x48,0xC8,0x48,0x20,0xD8,0x17,0x10,0x10,0xF0,0x10,0x10,0x00,
//  484 0x40,0x30,0x0F,0x20,0x40,0x3F,0x80,0x40,0x21,0x16,0x08,0x16,0x21,0x40,0x80,0x00,
//  485 /* 一 */
//  486 0x00,0x00,0x00,0x00,0x00,0x00,0x00,0x00,0x00,0x00,0x00,0x00,0x00,0x00,0x00,0x00,
//  487 0x01,0x01,0x01,0x01,0x01,0x01,0x01,0x01,0x01,0x01,0x01,0x01,0x01,0x01,0x01,0x00,
//  488 /* 般 */
//  489 0x80,0x80,0xFC,0x96,0xE5,0x84,0xFC,0x00,0xA0,0x9E,0x82,0x82,0x9E,0xA0,0x20,0x00,
//  490 0x80,0x60,0x1F,0x02,0x4C,0x80,0x7F,0x80,0x80,0x43,0x2C,0x10,0x2C,0x43,0x80,0x00,
//  491 /* 非 */
//  492 0x08,0x88,0x88,0x88,0x88,0xFF,0x00,0x00,0x00,0xFF,0x88,0x88,0x88,0x88,0x08,0x00,
//  493 0x10,0x10,0x10,0x10,0x10,0xFF,0x00,0x00,0x00,0xFF,0x10,0x10,0x10,0x10,0x10,0x00,
//  494 /* 常 */
//  495 0x20,0x18,0x08,0xEA,0xAC,0xA8,0xA8,0xAF,0xA8,0xA8,0xAC,0xEA,0x08,0x28,0x18,0x00,
//  496 0x00,0x00,0x3E,0x02,0x02,0x02,0x02,0xFF,0x02,0x02,0x12,0x22,0x1E,0x00,0x00,0x00,
//  497 /* 极 */
//  498 0x10,0x10,0xD0,0xFF,0x90,0x10,0x02,0x02,0xFE,0x02,0x02,0x62,0x5A,0xC6,0x00,0x00,
//  499 0x04,0x03,0x00,0xFF,0x00,0x43,0x30,0x8F,0x80,0x43,0x2C,0x10,0x2C,0x43,0x80,0x00,
//  500 /* 端 */
//  501 0xC8,0x08,0x09,0x0E,0xE8,0x08,0x40,0x5E,0x50,0x50,0xDF,0x50,0x50,0x5E,0x40,0x00,
//  502 0x20,0x6F,0x20,0x1C,0x13,0x10,0x00,0xFE,0x02,0x7F,0x02,0x7E,0x82,0xFE,0x00,0x00,
//  503 /* 低 */
//  504 0x00,0x80,0x60,0xF8,0x07,0x00,0xFC,0x84,0x84,0x84,0xFE,0x82,0x83,0x82,0x80,0x00,
//  505 0x01,0x00,0x00,0xFF,0x00,0x00,0xFF,0x40,0x20,0x00,0x41,0x8E,0x30,0x40,0xF8,0x00,
//  506 /* 失 */
//  507 0x00,0x40,0x30,0x1E,0x10,0x10,0x10,0xFF,0x10,0x10,0x10,0x10,0x10,0x00,0x00,0x00,
//  508 0x81,0x81,0x41,0x21,0x11,0x0D,0x03,0x01,0x03,0x0D,0x11,0x21,0x41,0x81,0x81,0x00,
//  509 /* 参 */
//  510 0x00,0x20,0x20,0xA8,0x6C,0x2A,0x39,0x28,0xA8,0x2A,0x6C,0xA8,0x20,0x20,0x00,0x00,
//  511 0x02,0x82,0x81,0x90,0x92,0x4A,0x49,0x45,0x24,0x22,0x10,0x08,0x01,0x02,0x02,0x00,
//  512 /* 数 */
//  513 0x90,0x52,0x34,0x10,0xFF,0x10,0x34,0x52,0x80,0x70,0x8F,0x08,0x08,0xF8,0x08,0x00,
//  514 0x82,0x9A,0x56,0x63,0x22,0x52,0x8E,0x00,0x80,0x40,0x33,0x0C,0x33,0x40,0x80,0x00,
//  515 /* 回 */
//  516 0x00,0x00,0xFE,0x02,0x02,0xF2,0x12,0x12,0x12,0xF2,0x02,0x02,0xFE,0x00,0x00,0x00,
//  517 0x00,0x00,0x7F,0x20,0x20,0x27,0x24,0x24,0x24,0x27,0x20,0x20,0x7F,0x00,0x00,0x00,
//  518 /* 比 */
//  519 0x00,0xFC,0x80,0x80,0x80,0x80,0x00,0xFE,0x00,0x80,0x40,0x20,0x10,0x00,0x00,0x00,
//  520 0x00,0xFF,0x40,0x40,0x20,0x20,0x00,0x7F,0x81,0x80,0x80,0x80,0x80,0xF0,0x00,0x00,
//  521 /* 次 */
//  522 0x00,0x02,0x0C,0x80,0x60,0x80,0x40,0x30,0x0F,0xC8,0x08,0x08,0x28,0x18,0x00,0x00,
//  523 0x02,0x02,0x7E,0x01,0x80,0x40,0x20,0x18,0x06,0x01,0x06,0x18,0x20,0x40,0x80,0x00,
//  524 /* 值 */
//  525 0x00,0x80,0x60,0xF8,0x07,0x04,0xE4,0xA4,0xA4,0xBF,0xA4,0xA4,0xE4,0x04,0x00,0x00,
//  526 0x01,0x00,0x00,0xFF,0x40,0x40,0x7F,0x4A,0x4A,0x4A,0x4A,0x4A,0x7F,0x40,0x40,0x00,
//  527 /* 合 */
//  528 0x40,0x40,0x20,0x20,0x50,0x48,0x44,0x43,0x44,0x48,0x50,0x20,0x20,0x40,0x40,0x00,
//  529 0x00,0x00,0x00,0xFE,0x42,0x42,0x42,0x42,0x42,0x42,0x42,0xFE,0x00,0x00,0x00,0x00,
//  530 /* 位 */
//  531 0x00,0x80,0x60,0xF8,0x07,0x10,0x90,0x10,0x11,0x16,0x10,0x10,0xD0,0x10,0x00,0x00,
//  532 0x01,0x00,0x00,0xFF,0x40,0x40,0x41,0x5E,0x40,0x40,0x70,0x4E,0x41,0x40,0x40,0x00,
//  533 /* 源 */
//  534 0x10,0x60,0x02,0x8C,0x00,0xFE,0x02,0xF2,0x52,0x5A,0x56,0x52,0x52,0xF2,0x02,0x00,
//  535 0x04,0x04,0x7E,0x41,0x30,0x0F,0x20,0x13,0x49,0x81,0x7F,0x01,0x09,0x13,0x20,0x00,
//  536 /* 相 */
//  537 0x00,0x10,0x10,0x10,0xD0,0xFF,0x90,0x10,0x00,0xFE,0x22,0x22,0x22,0x22,0xFE,0x00,
//  538 0x00,0x08,0x04,0x03,0x00,0xFF,0x00,0x03,0x00,0xFF,0x42,0x42,0x42,0x42,0xFF,0x00,
//  539 /* 间 */
//  540 0x00,0xF8,0x01,0x06,0x00,0xF0,0x12,0x12,0x12,0xF2,0x02,0x02,0x02,0xFE,0x00,0x00,
//  541 0x00,0xFF,0x00,0x00,0x00,0x1F,0x11,0x11,0x11,0x1F,0x00,0x40,0x80,0x7F,0x00,0x00,
//  542 /* 段 */
//  543 0x00,0x00,0xFE,0x22,0x22,0x21,0x01,0x40,0x3E,0x02,0x02,0x02,0x1E,0x20,0x20,0x00,
//  544 0x10,0x10,0xFF,0x11,0x09,0x09,0x80,0x81,0x47,0x29,0x11,0x29,0x45,0x83,0x80,0x00,
//  545 /* 制 */
//  546 0x00,0x40,0x50,0x4E,0x48,0x48,0xFF,0x48,0x48,0x48,0x40,0xF8,0x00,0x00,0xFF,0x00,
//  547 0x00,0x00,0x00,0x3E,0x02,0x02,0xFF,0x12,0x22,0x1E,0x00,0x0F,0x40,0x80,0x7F,0x00,
//  548 /* 字 */
//  549 0x10,0x0C,0x04,0x24,0x24,0x24,0x25,0x26,0xA4,0x64,0x24,0x04,0x04,0x14,0x0C,0x00,
//  550 0x02,0x02,0x02,0x02,0x02,0x42,0x82,0x7F,0x02,0x02,0x02,0x02,0x02,0x02,0x02,0x00,
//  551 /* 时 */
//  552 0x00,0xFC,0x84,0x84,0x84,0xFC,0x00,0x10,0x10,0x10,0x10,0x10,0xFF,0x10,0x10,0x00,
//  553 0x00,0x3F,0x10,0x10,0x10,0x3F,0x00,0x00,0x01,0x06,0x40,0x80,0x7F,0x00,0x00,0x00,
//  554 /* 反 */
//  555 0x00,0x00,0xFC,0x24,0x24,0xE4,0x24,0x24,0x22,0x22,0x22,0xA3,0x62,0x00,0x00,0x00,
//  556 0x40,0x30,0x8F,0x80,0x40,0x40,0x23,0x14,0x08,0x14,0x22,0x41,0x40,0x80,0x80,0x00,
//  557 /* 限 */
//  558 0x00,0xFE,0x22,0x5A,0x86,0x00,0xFE,0x92,0x92,0x92,0x92,0x92,0xFE,0x00,0x00,0x00,
//  559 0x00,0xFF,0x04,0x08,0x07,0x00,0xFF,0x40,0x20,0x03,0x0C,0x14,0x22,0x41,0x40,0x00,
//  560 /* 负 */
//  561 0x00,0x00,0x20,0x10,0xE8,0x24,0x27,0x24,0xA4,0x24,0x34,0x2C,0xE0,0x00,0x00,0x00,
//  562 0x00,0x00,0x80,0x80,0x4F,0x40,0x20,0x18,0x07,0x10,0x10,0x20,0x4F,0x80,0x00,0x00,
//  563 /* 荷 */
//  564 0x04,0x84,0xC4,0x34,0x04,0x2F,0x24,0x24,0x24,0x2F,0x24,0x24,0xE4,0x24,0x24,0x00,
//  565 0x01,0x00,0xFF,0x00,0x00,0x1F,0x11,0x11,0x11,0x1F,0x40,0x80,0x7F,0x00,0x00,0x00,
//  566 /* 重 */
//  567 0x20,0x20,0x28,0xA8,0xA8,0xA8,0xA8,0xF8,0xA4,0xA4,0xA4,0xA6,0x24,0x20,0x20,0x00,
//  568 0x80,0x80,0xA0,0xAF,0xAA,0xAA,0xAA,0xFF,0xAA,0xAA,0xAA,0xAF,0xA0,0x80,0x80,0x00,
//  569 /* 延 */
//  570 0x04,0x84,0xC4,0xB4,0x8C,0x00,0x00,0xE4,0x04,0x04,0xFE,0x42,0x43,0x42,0x00,0x00,
//  571 0x80,0x44,0x28,0x18,0x27,0x20,0x40,0x4F,0x48,0x48,0x4F,0x48,0x48,0x48,0x40,0x00,
//  572 /* 加 */
//  573 0x00,0x10,0x10,0x10,0xFF,0x10,0x10,0xF0,0x00,0x00,0xF8,0x08,0x08,0x08,0xF8,0x00,
//  574 0x00,0x80,0x40,0x30,0x0F,0x40,0x80,0x7F,0x00,0x00,0x7F,0x20,0x20,0x20,0x7F,0x00,
//  575 /* 速 */
//  576 0x80,0x80,0x84,0x98,0x00,0x08,0xE8,0x28,0x28,0xFE,0x28,0x28,0xE8,0x08,0x00,0x00,
//  577 0x00,0x80,0x40,0x3F,0x40,0x90,0x89,0x85,0x83,0xBF,0x83,0x85,0x89,0x90,0x80,0x00,
//  578 /* 充 */
//  579 0x04,0x04,0x84,0xC4,0xA4,0x9C,0x85,0x86,0x84,0x84,0xA4,0xC4,0x84,0x04,0x04,0x00,
//  580 0x00,0x80,0x80,0x40,0x30,0x0F,0x00,0x00,0x00,0x7F,0x80,0x80,0x81,0xF0,0x00,0x00,
//  581 /* 零 */
//  582 0x10,0x0C,0x05,0x55,0x55,0x55,0x85,0x7F,0x85,0x55,0x55,0x55,0x05,0x14,0x0C,0x00,
//  583 0x04,0x04,0x02,0x0A,0x09,0x29,0x2A,0x4C,0x48,0xA9,0x19,0x02,0x02,0x04,0x04,0x00,
//  584 /* 序 */
//  585 0x00,0x00,0xFC,0x04,0x04,0x04,0x14,0x15,0x56,0x94,0x54,0x34,0x14,0x04,0x04,0x00,
//  586 0x40,0x30,0x0F,0x00,0x01,0x01,0x01,0x41,0x81,0x7F,0x01,0x01,0x01,0x05,0x03,0x00,
//  587 /* 频 */
//  588 0x40,0x7C,0x40,0x7F,0x48,0x48,0x40,0xF2,0x12,0x1A,0xD6,0x12,0x12,0xF2,0x02,0x00,
//  589 0x90,0x8E,0x40,0x4F,0x20,0x1E,0x80,0x4F,0x20,0x18,0x07,0x10,0x20,0x4F,0x80,0x00,
//  590 /* 率 */
//  591 0x00,0x14,0xA4,0x44,0x24,0x34,0xAD,0x66,0x24,0x94,0x04,0x44,0xA4,0x14,0x00,0x00,
//  592 0x08,0x09,0x08,0x08,0x09,0x09,0x09,0xFD,0x09,0x09,0x0B,0x08,0x08,0x09,0x08,0x00,
//  593 /* 高 */
//  594 0x04,0x04,0x04,0x04,0xF4,0x94,0x95,0x96,0x94,0x94,0xF4,0x04,0x04,0x04,0x04,0x00,
//  595 0x00,0xFE,0x02,0x02,0x7A,0x4A,0x4A,0x4A,0x4A,0x4A,0x7A,0x02,0x82,0xFE,0x00,0x00,
//  596 /* 侧 */
//  597 0x00,0x80,0x60,0xF8,0x07,0x00,0xFE,0x02,0xF2,0x02,0xFE,0x00,0xF8,0x00,0xFF,0x00,
//  598 0x00,0x00,0x00,0xFF,0x00,0x80,0x47,0x30,0x0F,0x10,0x27,0x00,0x47,0x80,0x7F,0x00,
//  599 /* 瓦 */
//  600 0x02,0x02,0x02,0x02,0xC2,0x3E,0xA2,0x22,0x22,0x22,0xE2,0x02,0x02,0x02,0x02,0x00,
//  601 0x00,0x00,0x00,0x78,0x27,0x20,0x10,0x13,0x00,0x00,0x3F,0x40,0x40,0x40,0x78,0x00,
//  602 /* 斯 */
//  603 0x00,0x04,0xFF,0x24,0x24,0x24,0xFF,0x04,0x00,0xFC,0x44,0x44,0xC4,0x42,0x40,0x00,
//  604 0x88,0x48,0x2F,0x09,0x09,0x19,0x2F,0xC8,0x60,0x1F,0x00,0x00,0xFF,0x00,0x00,0x00,
//  605 /* 轻 */
//  606 0xC8,0xB8,0x8F,0xE8,0x88,0x88,0x80,0x82,0x42,0x22,0x12,0x1A,0x26,0x42,0x80,0x00,
//  607 0x08,0x18,0x08,0xFF,0x04,0x04,0x40,0x42,0x42,0x42,0x7E,0x42,0x42,0x42,0x40,0x00,
//  608 /* 超 */
//  609 0x40,0x48,0x48,0x48,0xFF,0x48,0x48,0x42,0xA2,0x9E,0x82,0xA2,0xC2,0xBE,0x00,0x00,
//  610 0x80,0x60,0x1F,0x20,0x7F,0x44,0x44,0x40,0x4F,0x48,0x48,0x48,0x48,0x4F,0x40,0x00,
//  611 /* 温 */
//  612 0x10,0x60,0x02,0x8C,0x00,0x00,0xFE,0x92,0x92,0x92,0x92,0x92,0xFE,0x00,0x00,0x00,
//  613 0x04,0x04,0x7E,0x01,0x40,0x7E,0x42,0x42,0x7E,0x42,0x7E,0x42,0x42,0x7E,0x40,0x00,
//  614 /* 额 */
//  615 0x00,0x8C,0x44,0xB5,0x26,0xA4,0x64,0x0C,0x02,0xF2,0x1A,0xD6,0x12,0xF2,0x02,0x00,
//  616 0x10,0x08,0xFC,0x4A,0x49,0x4A,0xFC,0x08,0x80,0x4F,0x30,0x0F,0x10,0x2F,0xC0,0x00,
//  617 /* 定 */
//  618 0x10,0x0C,0x44,0x44,0x44,0x44,0x45,0xC6,0x44,0x44,0x44,0x44,0x44,0x14,0x0C,0x00,
//  619 0x80,0x40,0x20,0x1E,0x20,0x40,0x40,0x7F,0x44,0x44,0x44,0x44,0x44,0x40,0x40,0x00,
//  620 /* 启 */
//  621 0x00,0x00,0x00,0x00,0xFC,0x44,0x44,0x44,0x45,0x46,0x44,0x44,0x44,0x44,0x7C,0x00,
//  622 0x00,0x40,0x20,0x18,0x07,0x00,0xFC,0x44,0x44,0x44,0x44,0x44,0x44,0x44,0xFC,0x00,
//  623 /* 长 */
//  624 0x80,0x80,0x80,0x80,0xFF,0x80,0x80,0xA0,0x90,0x88,0x84,0x82,0x80,0x80,0x80,0x00,
//  625 0x00,0x00,0x00,0x00,0xFF,0x40,0x21,0x12,0x04,0x08,0x10,0x20,0x20,0x40,0x40,0x00,
//  626 /* 堵 */
//  627 0x10,0x10,0xFF,0x10,0x10,0x20,0x24,0x24,0xA4,0x7F,0x24,0x34,0x28,0x26,0x20,0x00,
//  628 0x10,0x10,0x0F,0x04,0x02,0x04,0x02,0xFF,0x49,0x49,0x49,0x49,0xFF,0x00,0x00,0x00,
//  629 /* 转 */
//  630 0xC8,0xB8,0x8F,0xE8,0x88,0x88,0x40,0x48,0x48,0xE8,0x5F,0x48,0x48,0x48,0x40,0x00,
//  631 0x08,0x18,0x08,0xFF,0x04,0x04,0x00,0x02,0x0B,0x12,0x22,0xD2,0x0A,0x06,0x00,0x00,
//  632 /* 欠 */
//  633 0x00,0x80,0x40,0x30,0x0F,0x08,0x08,0xE8,0x08,0x08,0x08,0x48,0x28,0x18,0x00,0x00,
//  634 0x80,0x80,0x40,0x20,0x10,0x08,0x06,0x01,0x06,0x08,0x10,0x20,0x40,0x80,0x80,0x00,
//  635 /* 体 */
//  636 0x00,0x80,0x60,0xF8,0x07,0x10,0x10,0x10,0xD0,0xFF,0xD0,0x10,0x10,0x10,0x00,0x00,
//  637 0x01,0x00,0x00,0xFF,0x10,0x08,0x04,0x0B,0x08,0xFF,0x08,0x0B,0x04,0x08,0x10,0x00,
//  638 /* 事 */
//  639 0x04,0x04,0x74,0x54,0x54,0x54,0x54,0xFF,0x54,0x54,0x54,0x54,0x74,0x04,0x04,0x00,
//  640 0x04,0x04,0x15,0x15,0x15,0x55,0x95,0x7F,0x15,0x15,0x15,0x15,0x1F,0x04,0x04,0x00,
//  641 /* 故 */
//  642 0x10,0x10,0x10,0xFF,0x10,0x10,0x50,0x20,0xD8,0x17,0x10,0x10,0xF0,0x10,0x10,0x00,
//  643 0x00,0x7F,0x21,0x21,0x21,0x7F,0x80,0x40,0x21,0x16,0x08,0x16,0x21,0x40,0x80,0x00,
//  644 /* 总 */
//  645 0x00,0x00,0x00,0xE2,0x24,0x28,0x20,0x20,0x20,0x28,0x24,0xE2,0x00,0x00,0x00,0x00,
//  646 0x80,0x60,0x00,0x07,0x72,0x82,0x82,0x8A,0xB2,0x82,0x82,0xE7,0x00,0x10,0x60,0x00,
//  647 /* 信 */
//  648 0x00,0x80,0x60,0xF8,0x07,0x00,0x04,0x24,0x24,0x25,0x26,0x24,0x24,0x24,0x04,0x00,
//  649 0x01,0x00,0x00,0xFF,0x00,0x00,0x00,0xF9,0x49,0x49,0x49,0x49,0x49,0xF9,0x00,0x00,
//  650 /* 存 */
//  651 0x04,0x04,0x84,0xE4,0x1C,0x07,0x24,0x24,0x24,0x24,0xA4,0x64,0x24,0x04,0x04,0x00,
//  652 0x02,0x01,0x00,0xFF,0x00,0x02,0x02,0x42,0x82,0x7F,0x02,0x02,0x02,0x02,0x02,0x00,
//  653 /* 储 */
//  654 0x80,0x60,0xF8,0x87,0x84,0x98,0x00,0x20,0x24,0xA4,0x7F,0x24,0x34,0x28,0x24,0x00,
//  655 0x00,0x00,0xFF,0x00,0x00,0x7F,0x24,0x12,0x01,0xFF,0x49,0x49,0x49,0xFF,0x00,0x00,
//  656 /* 错 */
//  657 0x40,0x30,0xEF,0x24,0x64,0x48,0x48,0x7F,0x48,0x48,0x48,0x7F,0x48,0x48,0x40,0x00,
//  658 0x01,0x01,0x7F,0x21,0x11,0x00,0xFF,0x49,0x49,0x49,0x49,0x49,0xFF,0x00,0x00,0x00,
//  659 /* 校 */
//  660 0x10,0x10,0xD0,0xFF,0x90,0x10,0x80,0x48,0x28,0x09,0x0E,0x08,0x28,0x48,0x88,0x00,
//  661 0x04,0x03,0x00,0xFF,0x00,0x01,0x80,0x80,0x43,0x2C,0x10,0x2C,0x43,0x80,0x80,0x00,
//  662 /* 验 */
//  663 0x02,0xFA,0x82,0x82,0xFE,0x80,0x40,0x20,0x50,0x4C,0x43,0x4C,0x50,0x20,0x40,0x00,
//  664 0x08,0x18,0x48,0x84,0x44,0x3F,0x40,0x44,0x58,0x41,0x4E,0x60,0x58,0x47,0x40,0x00,
//  665 /* 检 */
//  666 0x10,0x10,0xD0,0xFF,0x90,0x50,0x20,0x50,0x4C,0x43,0x4C,0x50,0x20,0x40,0x40,0x00,
//  667 0x04,0x03,0x00,0xFF,0x00,0x41,0x44,0x58,0x41,0x4E,0x60,0x58,0x47,0x40,0x40,0x00,
//  668 /* 异 */
//  669 0x00,0x00,0x7E,0x92,0x92,0x92,0x92,0x92,0x92,0x92,0x92,0x9E,0x80,0xE0,0x00,0x00,
//  670 0x08,0x88,0x48,0x28,0x1E,0x08,0x08,0x08,0x08,0x08,0xFE,0x08,0x08,0x08,0x08,0x00,
//  671 /* 弹 */
//  672 0x02,0xE2,0x22,0x22,0x3E,0x00,0x00,0xF9,0x4A,0x4C,0xF8,0x4C,0x4A,0xF9,0x00,0x00,
//  673 0x00,0x43,0x82,0x42,0x3E,0x00,0x10,0x13,0x12,0x12,0xFF,0x12,0x12,0x13,0x10,0x00,
//  674 /* 簧 */
//  675 0x48,0x44,0x53,0x52,0x56,0x7A,0x52,0xD0,0x54,0x7B,0x52,0x56,0x52,0x42,0x42,0x00,
//  676 0x00,0x00,0x9F,0x55,0x35,0x15,0x15,0x1F,0x15,0x15,0x35,0x55,0x9F,0x00,0x00,0x00,
//  677 /* 未 */
//  678 0x80,0x80,0x88,0x88,0x88,0x88,0x88,0xFF,0x88,0x88,0x88,0x88,0x88,0x80,0x80,0x00,
//  679 0x20,0x20,0x10,0x08,0x04,0x02,0x01,0xFF,0x01,0x02,0x04,0x08,0x10,0x20,0x20,0x00,
//  680 /* 能 */
//  681 0x08,0xCC,0x4A,0x49,0x48,0x4A,0xCC,0x18,0x00,0x7F,0x88,0x88,0x84,0x82,0xE0,0x00,
//  682 0x00,0xFF,0x12,0x12,0x52,0x92,0x7F,0x00,0x00,0x7E,0x88,0x88,0x84,0x82,0xE0,0x00,
//  683 /* 备 */
//  684 0x80,0x90,0x90,0x48,0x4C,0x57,0x24,0x24,0x24,0x54,0x4C,0x44,0x80,0x80,0x80,0x00,
//  685 0x00,0x00,0x00,0xFF,0x49,0x49,0x49,0x7F,0x49,0x49,0x49,0xFF,0x00,0x00,0x00,0x00,
//  686 /* 用 */
//  687 0x00,0x00,0x00,0xFE,0x22,0x22,0x22,0x22,0xFE,0x22,0x22,0x22,0x22,0xFE,0x00,0x00,
//  688 0x00,0x80,0x60,0x1F,0x02,0x02,0x02,0x02,0x7F,0x02,0x02,0x42,0x82,0x7F,0x00,0x00,
//  689 /* 远 */
//  690 0x40,0x40,0x42,0xCC,0x00,0x20,0x22,0xE2,0x22,0x22,0xE2,0x22,0x22,0x20,0x00,0x00,
//  691 0x00,0x80,0x40,0x3F,0x40,0xA0,0x98,0x87,0x80,0x80,0x9F,0xA0,0xA0,0xBC,0x80,0x00,
//  692 /* 就 */
//  693 0x04,0xE4,0x25,0x26,0x24,0xE4,0x04,0x20,0x20,0xFF,0x20,0xE2,0x2C,0x20,0x20,0x00,
//  694 0x10,0x4B,0x82,0x7E,0x02,0x0B,0x90,0x60,0x1C,0x03,0x00,0x3F,0x40,0x40,0x70,0x00,
//  695 /* 地 */
//  696 0x40,0x40,0x40,0xFE,0x40,0x40,0x00,0xF0,0x00,0x80,0xFE,0x40,0x20,0xE0,0x00,0x00,
//  697 0x20,0x60,0x20,0x1F,0x10,0x10,0x01,0x7F,0x81,0x80,0xBF,0x84,0x88,0x87,0xF0,0x00,
//  698 /* 手 */
//  699 0x00,0x00,0x24,0x24,0x24,0x24,0x24,0xFC,0x22,0x22,0x22,0x23,0x22,0x00,0x00,0x00,
//  700 0x02,0x02,0x02,0x02,0x02,0x42,0x82,0x7F,0x02,0x02,0x02,0x02,0x02,0x02,0x02,0x00,
//  701 /* 接 */
//  702 0x10,0x10,0x10,0xFF,0x10,0x50,0x44,0x54,0x65,0xC6,0x44,0x64,0x54,0x44,0x40,0x00,
//  703 0x04,0x44,0x82,0x7F,0x01,0x82,0x82,0x4A,0x56,0x23,0x22,0x52,0x4E,0x82,0x02,0x00,
//  704 /* 点 */
//  705 0x00,0x00,0x00,0xC0,0x40,0x40,0x40,0x7F,0x48,0x48,0x48,0x48,0xC8,0x08,0x08,0x00,
//  706 0x00,0x80,0x40,0x37,0x04,0x04,0x14,0x64,0x04,0x14,0x64,0x04,0x07,0x10,0xE0,0x00,
//  707 /* 口 */
//  708 0x00,0x00,0xFC,0x04,0x04,0x04,0x04,0x04,0x04,0x04,0x04,0x04,0xFC,0x00,0x00,0x00,
//  709 0x00,0x00,0x7F,0x20,0x20,0x20,0x20,0x20,0x20,0x20,0x20,0x20,0x7F,0x00,0x00,0x00,
//  710 /* 遥 */
//  711 0x40,0x40,0x42,0xCC,0x00,0x00,0x4A,0x32,0x22,0x2A,0xF1,0x21,0x31,0x2D,0x00,0x00,
//  712 0x00,0x80,0x40,0x3F,0x40,0x80,0x81,0xBD,0xA1,0xA1,0xBF,0xA1,0xA1,0xBD,0x81,0x00,
//  713 /* 背 */
//  714 0x00,0x20,0x64,0x24,0x94,0x94,0xBF,0x80,0x80,0x9F,0xA4,0xA4,0xA2,0x22,0x38,0x00,
//  715 0x00,0x00,0x00,0x00,0xFF,0x0A,0x0A,0x0A,0x0A,0x0A,0x4A,0x8A,0x7F,0x00,0x00,0x00,
//  716 /* 光 */
//  717 0x40,0x40,0x42,0x44,0x58,0xC0,0x40,0x7F,0x40,0xC0,0x50,0x48,0x46,0x40,0x40,0x00,
//  718 0x80,0x80,0x40,0x20,0x18,0x07,0x00,0x00,0x00,0x3F,0x40,0x40,0x40,0x40,0x78,0x00,
//  719 /* 母 */
//  720 0x40,0x40,0xC0,0x7E,0x42,0x42,0x4A,0x72,0x42,0x42,0x42,0xFE,0x40,0x40,0x40,0x00,
//  721 0x00,0x00,0x0F,0x08,0x08,0x08,0x09,0x0E,0x48,0x88,0x48,0x3F,0x08,0x08,0x00,0x00,
//  722 /* 联 */
//  723 0x02,0xFE,0x92,0x92,0xFE,0x02,0x00,0x10,0x11,0x16,0xF0,0x14,0x13,0x10,0x00,0x00,
//  724 0x10,0x1F,0x08,0x08,0xFF,0x04,0x81,0x41,0x31,0x0D,0x03,0x0D,0x31,0x41,0x81,0x00,
//  725 /* 及 */
//  726 0x00,0x00,0x02,0x02,0xFE,0x42,0x82,0x02,0x42,0x72,0x4E,0x40,0xC0,0x00,0x00,0x00,
//  727 0x80,0x40,0x30,0x0C,0x83,0x80,0x41,0x46,0x28,0x10,0x28,0x46,0x41,0x80,0x80,0x00,
//  728 /* 自 */
//  729 0x00,0x00,0x00,0xF8,0x88,0x8C,0x8A,0x89,0x88,0x88,0x88,0xF8,0x00,0x00,0x00,0x00,
//  730 0x00,0x00,0x00,0xFF,0x44,0x44,0x44,0x44,0x44,0x44,0x44,0xFF,0x00,0x00,0x00,0x00,
//  731 /* 功 */
//  732 0x00,0x08,0x08,0x08,0xF8,0x08,0x08,0x08,0x10,0x10,0xFF,0x10,0x10,0x10,0xF0,0x00,
//  733 0x00,0x10,0x30,0x10,0x1F,0x08,0x88,0x48,0x30,0x0E,0x01,0x40,0x80,0x40,0x3F,0x00,
//  734 /* 有 */
//  735 0x04,0x04,0x04,0x84,0xE4,0x3C,0x27,0x24,0x24,0x24,0x24,0xE4,0x04,0x04,0x04,0x00,
//  736 0x04,0x02,0x01,0x00,0xFF,0x09,0x09,0x09,0x09,0x49,0x89,0x7F,0x00,0x00,0x00,0x00,
//  737 /* 无 */
//  738 0x00,0x00,0x40,0x42,0x42,0x42,0xC2,0x7E,0x42,0xC2,0x42,0x42,0x42,0x40,0x40,0x00,
//  739 0x00,0x80,0x40,0x20,0x10,0x0C,0x03,0x00,0x00,0x3F,0x40,0x40,0x40,0x40,0x70,0x00,
//  740 /* 二 */
//  741 0x00,0x00,0x08,0x08,0x08,0x08,0x08,0x08,0x08,0x08,0x08,0x08,0x08,0x00,0x00,0x00,
//  742 0x10,0x10,0x10,0x10,0x10,0x10,0x10,0x10,0x10,0x10,0x10,0x10,0x10,0x10,0x10,0x00,
//  743 /* 三 */
//  744 0x00,0x04,0x84,0x84,0x84,0x84,0x84,0x84,0x84,0x84,0x84,0x84,0x84,0x04,0x00,0x00,
//  745 0x20,0x20,0x20,0x20,0x20,0x20,0x20,0x20,0x20,0x20,0x20,0x20,0x20,0x20,0x20,0x00,
//  746 /* 关 */
//  747 0x00,0x00,0x10,0x11,0x16,0x10,0x10,0xF0,0x10,0x10,0x14,0x13,0x10,0x00,0x00,0x00,
//  748 0x81,0x81,0x41,0x41,0x21,0x11,0x0D,0x03,0x0D,0x11,0x21,0x41,0x41,0x81,0x81,0x00,
//  749 /* 败 */
//  750 0x00,0xFE,0x02,0xFA,0x02,0xFE,0x40,0x20,0xD8,0x17,0x10,0x10,0xF0,0x10,0x10,0x00,
//  751 0x80,0x47,0x30,0x0F,0x10,0x67,0x80,0x40,0x21,0x16,0x08,0x16,0x21,0x40,0x80,0x00,
//  752 /* 进 */
//  753 0x80,0x80,0x84,0x98,0x00,0x00,0x10,0x10,0xFE,0x10,0x10,0xFE,0x10,0x10,0x00,0x00,
//  754 0x00,0x80,0x40,0x3F,0x40,0x81,0xA1,0x99,0x87,0x81,0x81,0xBF,0x81,0x81,0x81,0x00,
//  755 /* 内 */
//  756 0x00,0xF8,0x08,0x08,0x08,0x08,0x88,0x7F,0x88,0x08,0x08,0x08,0x08,0xF8,0x00,0x00,
//  757 0x00,0xFF,0x00,0x08,0x04,0x02,0x01,0x00,0x00,0x01,0x02,0x4C,0x80,0x7F,0x00,0x00,
//  758 /* 恢 */
//  759 0x00,0xE0,0x00,0xFF,0x10,0x20,0x08,0x88,0x78,0x0F,0x08,0xE8,0x08,0x08,0x88,0x00,
//  760 0x01,0x00,0x00,0xFF,0x00,0x10,0x0C,0x83,0x44,0x23,0x18,0x07,0x18,0x62,0x81,0x00,
//  761 /* 复 */
//  762 0x20,0x10,0x08,0xF7,0x54,0x54,0x54,0x54,0x54,0x54,0x54,0xF4,0x04,0x04,0x00,0x00,
//  763 0x80,0x90,0x90,0x49,0x4D,0x57,0x25,0x25,0x25,0x55,0x4D,0x45,0x80,0x80,0x80,0x00,
//  764 /* 逻 */
//  765 0x40,0x42,0xCC,0x00,0x00,0x1E,0x92,0x52,0x7E,0x52,0x5E,0x52,0xD2,0x1E,0x00,0x00,
//  766 0x40,0x20,0x1F,0x20,0x50,0x51,0x50,0x49,0x4A,0x44,0x42,0x41,0x40,0x40,0x40,0x00,
//  767 /* 辑 */
//  768 0xC8,0xB8,0x8F,0xE8,0x88,0xC8,0x40,0xDE,0x52,0x52,0x52,0x52,0xDE,0x40,0x40,0x00,
//  769 0x08,0x18,0x08,0xFF,0x04,0x24,0x20,0x3F,0x25,0x25,0x15,0x15,0xFF,0x10,0x10,0x00,
//  770 /* 刀 */
//  771 0x00,0x00,0x00,0x02,0x02,0x02,0x02,0xFE,0x02,0x02,0x02,0x02,0x02,0xFE,0x00,0x00,
//  772 0x00,0x00,0x40,0x20,0x10,0x0C,0x03,0x00,0x00,0x00,0x20,0x40,0x20,0x1F,0x00,0x00,
//  773 /* 容 */
//  774 0x10,0x0C,0x44,0x24,0x14,0x84,0x45,0x26,0x44,0x84,0x14,0x24,0x44,0x14,0x0C,0x00,
//  775 0x04,0x04,0x02,0xFE,0x45,0x44,0x44,0x44,0x44,0x44,0x45,0xFE,0x02,0x04,0x04,0x00,
//  776 /* 不 */
//  777 0x00,0x00,0x02,0x02,0x02,0x02,0x82,0x42,0xF2,0x0E,0x42,0x82,0x02,0x02,0x02,0x00,
//  778 0x00,0x10,0x08,0x04,0x02,0x01,0x00,0x00,0xFF,0x00,0x00,0x00,0x01,0x02,0x0C,0x00,
//  779 /* 平 */
//  780 0x00,0x02,0x02,0x12,0x62,0x02,0x02,0xFE,0x02,0x02,0x42,0x32,0x02,0x02,0x00,0x00,
//  781 0x01,0x01,0x01,0x01,0x01,0x01,0x01,0xFF,0x01,0x01,0x01,0x01,0x01,0x01,0x01,0x00,
//  782 /* 衡 */
//  783 0x10,0x88,0xC4,0x23,0x08,0xF4,0x93,0xF2,0x9A,0xF6,0x00,0x40,0x44,0xC4,0x44,0x00,
//  784 0x01,0x00,0xFF,0x00,0x10,0x97,0x54,0x3F,0x54,0x97,0x10,0x40,0x80,0x7F,0x00,0x00,
//  785 /* 刻 */
//  786 0x00,0x08,0x88,0xC8,0xA9,0x9A,0x88,0x88,0x68,0x08,0x00,0xF8,0x00,0x00,0xFF,0x00,
//  787 0x00,0x90,0x90,0x48,0x24,0x12,0x19,0x24,0x42,0x80,0x00,0x0F,0x40,0x80,0x7F,0x00,
//  788 /* 显 */
//  789 0x00,0x00,0x00,0xFE,0x92,0x92,0x92,0x92,0x92,0x92,0x92,0xFE,0x00,0x00,0x00,0x00,
//  790 0x40,0x42,0x44,0x58,0x40,0x7F,0x40,0x40,0x40,0x7F,0x40,0x50,0x48,0x46,0x40,0x00,
//  791 /* 示 */
//  792 0x40,0x40,0x42,0x42,0x42,0x42,0x42,0xC2,0x42,0x42,0x42,0x42,0x42,0x40,0x40,0x00,
//  793 0x20,0x10,0x08,0x06,0x00,0x40,0x80,0x7F,0x00,0x00,0x00,0x02,0x04,0x08,0x30,0x00,
//  794 /* 追 */
//  795 0x80,0x80,0x84,0x98,0x00,0x00,0xF8,0x48,0x48,0x4C,0x4A,0x48,0x48,0x78,0x00,0x00,
//  796 0x00,0x80,0x40,0x3F,0x40,0x80,0xBF,0x92,0x92,0x92,0x92,0x92,0x92,0x92,0xBE,0x00,
//  797 /* 忆 */
//  798 0x00,0xE0,0x00,0xFF,0x10,0x20,0x04,0x04,0x84,0x44,0x24,0x14,0x0C,0x04,0x00,0x00,
//  799 0x01,0x00,0x00,0xFF,0x00,0x00,0x38,0x46,0x41,0x40,0x40,0x40,0x40,0x40,0x78,0x00,
//  800 /* 设 */
//  801 0x40,0x40,0x42,0xCC,0x00,0x40,0xA0,0x9E,0x82,0x82,0x82,0x9E,0xA0,0x20,0x20,0x00,
//  802 0x00,0x00,0x00,0x3F,0x90,0x88,0x40,0x43,0x2C,0x10,0x28,0x46,0x41,0x80,0x80,0x00,
//  803 /* 通 */
//  804 0x40,0x42,0xCC,0x00,0x00,0xE2,0x22,0x2A,0x2A,0xF2,0x2A,0x26,0x22,0xE0,0x00,0x00,
//  805 0x80,0x40,0x3F,0x40,0x80,0xFF,0x89,0x89,0x89,0xBF,0x89,0xA9,0xC9,0xBF,0x80,0x00,
//  806 /* 讯 */
//  807 0x40,0x40,0x42,0xCC,0x00,0x82,0x82,0xFE,0x82,0x82,0x02,0xFE,0x00,0x00,0x00,0x00,
//  808 0x00,0x00,0x00,0x7F,0x20,0x10,0x00,0xFF,0x00,0x00,0x00,0x0F,0x30,0x40,0xF8,0x00,
//  809 /* 试 */
//  810 0x40,0x40,0x42,0xCC,0x00,0x90,0x90,0x90,0x90,0x90,0xFF,0x10,0x11,0x16,0x10,0x00,
//  811 0x00,0x00,0x00,0x3F,0x10,0x28,0x60,0x3F,0x10,0x10,0x01,0x0E,0x30,0x40,0xF0,0x00,
//  812 /* 息 */
//  813 0x00,0x00,0x00,0xF8,0xA8,0xA8,0xAC,0xAA,0xA8,0xA8,0xA8,0xF8,0x00,0x00,0x00,0x00,
//  814 0x80,0x60,0x00,0x07,0x72,0x82,0x82,0x8A,0xB2,0x82,0x82,0xE7,0x00,0x10,0x60,0x00,
//  815 /* 查 */
//  816 0x80,0x88,0x48,0x48,0x28,0x18,0x08,0xFE,0x08,0x18,0x28,0x48,0x48,0x88,0x80,0x00,
//  817 0x80,0x80,0x80,0xBF,0x95,0x95,0x95,0x95,0x95,0x95,0x95,0xBF,0x80,0x80,0x80,0x00,
//  818 /* 看 */
//  819 0x20,0x22,0x2A,0x2A,0xAA,0x6A,0x3A,0x2E,0x29,0x29,0x29,0x29,0x29,0x20,0x20,0x00,
//  820 0x08,0x04,0x02,0x01,0xFF,0x55,0x55,0x55,0x55,0x55,0x55,0xFF,0x00,0x00,0x00,0x00,
//  821 /* 量 */
//  822 0x20,0x20,0x20,0xBE,0xAA,0xAA,0xAA,0xAA,0xAA,0xAA,0xAA,0xBE,0x20,0x20,0x20,0x00,
//  823 0x00,0x80,0x80,0xAF,0xAA,0xAA,0xAA,0xFF,0xAA,0xAA,0xAA,0xAF,0x80,0x80,0x00,0x00,
//  824 /* 漂 */
//  825 0x20,0xC2,0x0C,0x80,0x02,0x7A,0x4A,0x4A,0x7E,0x4A,0x7E,0x4A,0x4A,0x7A,0x02,0x00,
//  826 0x04,0x04,0x7E,0x01,0x44,0x25,0x15,0x45,0x85,0x7D,0x05,0x05,0x15,0x25,0x44,0x00,
//  827 /* 道 */
//  828 0x80,0x80,0x84,0x98,0x00,0x10,0xD2,0x54,0x70,0x50,0x50,0x54,0xD2,0x10,0x00,0x00,
//  829 0x00,0x80,0x40,0x3F,0x40,0x80,0xBF,0x95,0x95,0x95,0x95,0x95,0xBF,0x80,0x80,0x00,
//  830 /* 幅 */
//  831 0x00,0xF8,0x08,0xFF,0x08,0xF8,0x00,0x02,0x7A,0x4A,0x4A,0x4A,0x7A,0x02,0x02,0x00,
//  832 0x00,0x0F,0x00,0xFF,0x08,0x0F,0x00,0xFF,0x49,0x49,0x7F,0x49,0x49,0xFF,0x00,0x00,
//  833 /* 角 */
//  834 0x00,0x20,0x10,0xE8,0x24,0x27,0x24,0x24,0xE4,0x24,0x34,0x2C,0x20,0xE0,0x00,0x00,
//  835 0x00,0x80,0x60,0x1F,0x09,0x09,0x09,0x09,0x7F,0x09,0x09,0x49,0x89,0x7F,0x00,0x00,
//  836 /* 纲 */
//  837 0x00,0x20,0x30,0xAC,0x63,0x30,0x00,0xFE,0x02,0x12,0x22,0xC2,0x32,0x02,0xFE,0x00,
//  838 0x00,0x22,0x67,0x22,0x12,0x12,0x00,0xFF,0x08,0x04,0x03,0x00,0x47,0x80,0x7F,0x00,
//  839 /* 返 */
//  840 0x80,0x80,0x84,0x98,0x00,0x00,0xF8,0x48,0x48,0x48,0x44,0x44,0x46,0xC4,0x00,0x00,
//  841 0x00,0x80,0x40,0x3F,0x40,0xB0,0x8F,0xA0,0x91,0x8A,0x84,0x8A,0x91,0xA0,0x80,0x00,
//  842 /* 记 */
//  843 0x40,0x40,0x42,0xCC,0x00,0x00,0x00,0x84,0x84,0x84,0x84,0x84,0xFC,0x00,0x00,0x00,
//  844 0x00,0x00,0x00,0x7F,0x20,0x10,0x00,0x3F,0x40,0x40,0x40,0x40,0x41,0x40,0x70,0x00,
//  845 /* 录 */
//  846 0x80,0x80,0x82,0x92,0x92,0x92,0x92,0x92,0x92,0x92,0x92,0xFE,0x80,0x80,0x80,0x00,
//  847 0x40,0x40,0x22,0x24,0x10,0x48,0x80,0x7F,0x04,0x08,0x18,0x24,0x22,0x40,0x40,0x00,
//  848 /* 删 */
//  849 0x80,0xFE,0x82,0x82,0xFE,0x80,0xFE,0x82,0x82,0xFE,0x80,0x00,0xF8,0x00,0xFF,0x00,
//  850 0x40,0x3F,0x00,0x20,0xBF,0x40,0x3F,0x40,0x80,0x7F,0x00,0x00,0x4F,0x80,0x7F,0x00,
//  851 /* 除 */
//  852 0x00,0xFE,0x22,0x5A,0x86,0x20,0x10,0x28,0x24,0xE3,0x24,0x28,0x10,0x20,0x20,0x00,
//  853 0x00,0xFF,0x04,0x08,0x27,0x11,0x0D,0x41,0x81,0x7F,0x01,0x05,0x09,0x31,0x00,0x00,
//  854 /* 件 */
//  855 0x00,0x80,0x60,0xF8,0x07,0x80,0x60,0x1C,0x10,0x10,0xFF,0x10,0x10,0x10,0x00,0x00,
//  856 0x01,0x00,0x00,0xFF,0x00,0x02,0x02,0x02,0x02,0x02,0xFF,0x02,0x02,0x02,0x02,0x00,
//  857 /* 条 */
//  858 0x80,0x90,0x90,0x48,0x4C,0x57,0x24,0xE4,0x24,0x54,0x4C,0x44,0x80,0x80,0x80,0x00,
//  859 0x00,0x42,0x22,0x12,0x0A,0x42,0x82,0x7F,0x02,0x02,0x0A,0x12,0x22,0x42,0x00,0x00,
//  860 /* 请 */
//  861 0x40,0x42,0xCC,0x00,0x00,0x44,0x54,0x54,0x54,0x7F,0x54,0x54,0x54,0x44,0x40,0x00,
//  862 0x00,0x00,0x7F,0x20,0x10,0x00,0xFF,0x15,0x15,0x15,0x55,0x95,0x7F,0x00,0x00,0x00,
//  863 /* 输 */
//  864 0x88,0x68,0x1F,0xC8,0x08,0x10,0xC8,0x54,0x52,0xD1,0x12,0x94,0x08,0xD0,0x10,0x00,
//  865 0x09,0x19,0x09,0xFF,0x05,0x00,0xFF,0x12,0x92,0xFF,0x00,0x5F,0x80,0x7F,0x00,0x00,
//  866 /* 发 */
//  867 0x00,0x00,0x18,0x16,0x10,0xD0,0xB8,0x97,0x90,0x90,0x90,0x92,0x94,0x10,0x00,0x00,
//  868 0x00,0x20,0x10,0x8C,0x83,0x80,0x41,0x46,0x28,0x10,0x28,0x44,0x43,0x80,0x80,0x00,
//  869 /* 生 */
//  870 0x00,0x80,0x60,0x3C,0x20,0x20,0x20,0xFE,0x20,0x20,0x20,0x20,0x20,0x20,0x00,0x00,
//  871 0x81,0x80,0x84,0x84,0x84,0x84,0x84,0xFF,0x84,0x84,0x84,0x84,0x84,0x80,0x80,0x00,
//  872 /* 消 */
//  873 0x00,0x10,0x60,0x02,0x0C,0xC0,0x00,0xE2,0x2C,0x20,0x3F,0x20,0x28,0xE6,0x00,0x00,
//  874 0x00,0x04,0x04,0x7C,0x03,0x00,0x00,0xFF,0x09,0x09,0x09,0x49,0x89,0x7F,0x00,0x00,
//  875 /* 状 */
//  876 0x00,0x08,0x30,0x00,0xFF,0x20,0x20,0x20,0x20,0xFF,0x20,0x20,0x22,0x2C,0x20,0x00,
//  877 0x04,0x04,0x02,0x01,0xFF,0x80,0x40,0x30,0x0E,0x01,0x06,0x18,0x20,0x40,0x80,0x00,
//  878 /* 态 */
//  879 0x00,0x08,0x08,0x08,0x88,0x48,0xA8,0x1E,0x28,0x48,0x88,0x08,0x08,0x08,0x00,0x00,
//  880 0x82,0x72,0x01,0x01,0x78,0x80,0x80,0x85,0x98,0x80,0x80,0xE1,0x09,0x12,0x62,0x00,
//  881 /* 对 */
//  882 0x00,0x08,0x48,0x88,0x08,0xC8,0x38,0x00,0x90,0x10,0x10,0xFF,0x10,0x10,0x10,0x00,
//  883 0x00,0x20,0x10,0x0C,0x03,0x04,0x18,0x00,0x00,0x43,0x80,0x7F,0x00,0x00,0x00,0x00,
//  884 /* 整 */
//  885 0x04,0x74,0xD4,0x54,0xFF,0x54,0xD4,0x74,0x14,0x08,0x77,0x84,0x44,0x3C,0x04,0x00,
//  886 0x82,0x89,0x88,0xE8,0x8B,0x88,0x88,0xF9,0xA8,0xAA,0xA9,0xA8,0xA9,0x8A,0x82,0x00,
//  887 /* 切 */
//  888 0x00,0x40,0x40,0x40,0xFF,0x20,0x20,0x20,0x04,0x04,0xFC,0x04,0x04,0x04,0xFC,0x00,
//  889 0x00,0x00,0x00,0x00,0x1F,0x08,0x84,0x42,0x20,0x18,0x07,0x40,0x80,0x40,0x3F,0x00,
//  890 /* 换 */
//  891 0x10,0x10,0x10,0xFF,0x90,0x20,0x10,0xE8,0x27,0x24,0xE4,0x34,0x2C,0xE0,0x00,0x00,
//  892 0x02,0x42,0x81,0x7F,0x00,0x84,0x84,0x47,0x24,0x1C,0x07,0x1C,0x24,0x47,0x84,0x00,
//  893 /* 区 */
//  894 0x00,0xFE,0x02,0x02,0x02,0x12,0x22,0x42,0x82,0x42,0x22,0x1A,0x02,0x02,0x00,0x00,
//  895 0x00,0x7F,0x40,0x40,0x48,0x44,0x42,0x41,0x40,0x41,0x42,0x4C,0x40,0x40,0x40,0x00,
//  896 /* 固 */
//  897 0x00,0xFE,0x02,0x12,0x92,0x92,0x92,0xFE,0x92,0x92,0x92,0x12,0x02,0xFE,0x00,0x00,
//  898 0x00,0xFF,0x40,0x40,0x5F,0x48,0x48,0x48,0x48,0x48,0x5F,0x40,0x40,0xFF,0x00,0x00,
//  899 /* 化 */
//  900 0x00,0x80,0x60,0xF8,0x07,0x00,0x00,0x00,0xFF,0x40,0x20,0x10,0x08,0x04,0x00,0x00,
//  901 0x01,0x00,0x00,0xFF,0x00,0x04,0x02,0x01,0x3F,0x40,0x40,0x40,0x40,0x40,0x78,0x00,
//  902 /* 成 */
//  903 0x00,0x00,0xF8,0x88,0x88,0x88,0x88,0x08,0x08,0xFF,0x08,0x09,0x0A,0xC8,0x08,0x00,
//  904 0x80,0x60,0x1F,0x00,0x10,0x20,0x1F,0x80,0x40,0x21,0x16,0x18,0x26,0x41,0xF8,0x00,
//  905 /* 读 */
//  906 0x40,0x40,0x42,0xCC,0x00,0x00,0x20,0x24,0xA4,0x24,0x3F,0xA4,0x24,0xA4,0x60,0x00,
//  907 0x00,0x00,0x00,0x7F,0x20,0x10,0x88,0x8A,0x4C,0x29,0x18,0x0F,0x18,0x28,0xC8,0x00,
//  908 /* 取 */
//  909 0x02,0x02,0xFE,0x92,0x92,0x92,0xFE,0x02,0x06,0xFC,0x04,0x04,0x04,0xFC,0x00,0x00,
//  910 0x08,0x18,0x0F,0x08,0x08,0x04,0xFF,0x04,0x84,0x40,0x27,0x18,0x27,0x40,0x80,0x00,
//  911 /* 密 */
//  912 0x10,0x8C,0x44,0x04,0xE4,0x04,0x95,0xA6,0x44,0x24,0x14,0x84,0x44,0x94,0x0C,0x00,
//  913 0x02,0x02,0x7A,0x41,0x41,0x43,0x42,0x7E,0x42,0x42,0x42,0x43,0xF8,0x00,0x00,0x00,
//  914 /* 码 */
//  915 0x04,0x84,0xE4,0x5C,0x44,0xC4,0x00,0x02,0xF2,0x82,0x82,0x82,0xFE,0x80,0x80,0x00,
//  916 0x02,0x01,0x7F,0x10,0x10,0x3F,0x00,0x08,0x08,0x08,0x08,0x48,0x88,0x40,0x3F,0x00,
//  917 /* 名 */
//  918 0x00,0x00,0x20,0x20,0x10,0x08,0x14,0x67,0x84,0x44,0x24,0x14,0x0C,0x00,0x00,0x00,
//  919 0x00,0x04,0x04,0x04,0x02,0xFE,0x43,0x43,0x42,0x42,0x42,0x42,0x42,0xFE,0x00,0x00,
//  920 /* 称 */
//  921 0x24,0x24,0xA4,0xFE,0x23,0x22,0x40,0x30,0x0F,0x08,0xC8,0x08,0x08,0x28,0x18,0x00,
//  922 0x08,0x06,0x01,0xFF,0x01,0x02,0x10,0x0C,0x43,0x80,0x7F,0x00,0x01,0x06,0x18,0x00,
//  923 /* 系 */
//  924 0x00,0x00,0x22,0x32,0x2A,0xA6,0xA2,0x62,0x21,0x11,0x09,0x81,0x01,0x00,0x00,0x00,
//  925 0x00,0x42,0x22,0x13,0x0B,0x42,0x82,0x7E,0x02,0x02,0x0A,0x12,0x23,0x46,0x00,0x00,
//  926 /* 统 */
//  927 0x20,0x30,0xAC,0x63,0x30,0x00,0x88,0xC8,0xA8,0x99,0x8E,0x88,0xA8,0xC8,0x88,0x00,
//  928 0x22,0x67,0x22,0x12,0x12,0x80,0x40,0x30,0x0F,0x00,0x00,0x3F,0x40,0x40,0x71,0x00,
//  929 /* 钟 */
//  930 0x00,0x20,0x10,0x2C,0xE7,0x24,0x24,0x00,0xF0,0x10,0x10,0xFF,0x10,0x10,0xF0,0x00,
//  931 0x00,0x01,0x01,0x01,0x7F,0x21,0x11,0x00,0x07,0x02,0x02,0xFF,0x02,0x02,0x07,0x00,
//  932 /* 准 */
//  933 0x00,0x02,0x0C,0xE0,0x40,0x20,0xF8,0x4F,0x48,0x49,0xFE,0x48,0x48,0x48,0x08,0x00,
//  934 0x04,0x04,0x7F,0x00,0x00,0x00,0xFF,0x22,0x22,0x22,0x3F,0x22,0x22,0x22,0x20,0x00,
//  935 /* 液 */
//  936 0x10,0x60,0x02,0x8C,0x00,0x84,0xE4,0x1C,0x05,0xC6,0xBC,0x24,0x24,0xE4,0x04,0x00,
//  937 0x04,0x04,0x7E,0x01,0x00,0x00,0xFF,0x82,0x41,0x26,0x18,0x29,0x46,0x81,0x80,0x00,
//  938 /* 晶 */
//  939 0x00,0x00,0x00,0x00,0x7F,0x49,0x49,0x49,0x49,0x49,0x7F,0x00,0x00,0x00,0x00,0x00,
//  940 0x00,0xFF,0x49,0x49,0x49,0x49,0xFF,0x00,0xFF,0x49,0x49,0x49,0x49,0xFF,0x00,0x00,
//  941 /* 厂 */
//  942 0x00,0x00,0xFE,0x02,0x02,0x02,0x02,0x02,0x02,0x02,0x02,0x02,0x02,0x02,0x02,0x00,
//  943 0x80,0x60,0x1F,0x00,0x00,0x00,0x00,0x00,0x00,0x00,0x00,0x00,0x00,0x00,0x00,0x00,
//  944 /* 秒 */
//  945 0x24,0x24,0xA4,0xFE,0x23,0x22,0x00,0xC0,0x38,0x00,0xFF,0x00,0x08,0x10,0x60,0x00,
//  946 0x08,0x06,0x01,0xFF,0x01,0x06,0x81,0x80,0x40,0x40,0x27,0x10,0x0C,0x03,0x00,0x00,
//  947 /* 毫 */
//  948 0x00,0x82,0x82,0xBA,0xAA,0xAA,0xAA,0xAB,0xAA,0xAA,0xAA,0xBA,0x82,0x82,0x80,0x00,
//  949 0x02,0x41,0x54,0x54,0x54,0x54,0x7C,0xAA,0xAA,0xAA,0xAA,0xAA,0xA0,0x82,0xE1,0x00,
//  950 /* 网 */
//  951 0x00,0xFE,0x02,0x22,0x42,0x82,0x72,0x02,0x22,0x42,0x82,0x72,0x02,0xFE,0x00,0x00,
//  952 0x00,0xFF,0x10,0x08,0x06,0x01,0x0E,0x10,0x08,0x06,0x01,0x4E,0x80,0x7F,0x00,0x00,
//  953 /* 址 */
//  954 0x40,0x40,0x40,0xFE,0x40,0x40,0x00,0xF0,0x00,0x00,0xFE,0x80,0x80,0x80,0x00,0x00,
//  955 0x20,0x60,0x20,0x1F,0x10,0x90,0x80,0xFF,0x80,0x80,0xFF,0x80,0x80,0x80,0x80,0x00,
//  956 /* 误 */
//  957 0x40,0x42,0xCC,0x00,0x00,0x80,0x9E,0x92,0x92,0x92,0x92,0x92,0x9E,0x80,0x00,0x00,
//  958 0x00,0x00,0x7F,0x20,0x94,0x84,0x44,0x24,0x14,0x0F,0x14,0x24,0x44,0x84,0x84,0x00,
//  959 /* 规 */
//  960 0x80,0x88,0x88,0xFF,0x88,0x88,0x80,0xFE,0x02,0x02,0xF2,0x02,0x02,0xFE,0x00,0x00,
//  961 0x40,0x20,0x18,0x07,0x08,0xB0,0x40,0x23,0x18,0x06,0x01,0x7E,0x80,0x83,0xE0,0x00,
//  962 /* 约 */
//  963 0x00,0x20,0x30,0xAC,0x63,0x20,0x18,0x20,0x90,0x0C,0x0B,0x08,0x08,0x08,0xF8,0x00,
//  964 0x00,0x22,0x67,0x22,0x12,0x12,0x12,0x00,0x00,0x01,0x06,0x40,0x80,0x40,0x3F,0x00,
//  965 /* 上 */
//  966 0x00,0x00,0x00,0x00,0x00,0x00,0xFE,0x80,0x80,0x80,0x80,0x80,0x80,0x00,0x00,0x00,
//  967 0x80,0x80,0x80,0x80,0x80,0x80,0xFF,0x80,0x80,0x80,0x80,0x80,0x80,0x80,0x80,0x00,
//  968 /* 送 */
//  969 0x80,0x80,0x84,0x98,0x00,0x10,0x12,0x1C,0x10,0xF0,0x10,0x18,0x16,0x10,0x00,0x00,
//  970 0x00,0x80,0x40,0x3F,0x40,0x81,0xA1,0x91,0x8D,0x83,0x85,0x89,0xB1,0x81,0x81,0x00,
//  971 /* 南 */
//  972 0x04,0xE4,0x24,0x24,0x64,0xA4,0x24,0x3F,0x24,0xA4,0x64,0x24,0x24,0xE4,0x04,0x00,
//  973 0x00,0xFF,0x00,0x08,0x09,0x09,0x09,0x7F,0x09,0x09,0x09,0x48,0x80,0x7F,0x00,0x00,
//  974 /* 新 */
//  975 0x40,0x44,0x54,0x65,0xC6,0x64,0x54,0x44,0x00,0xFC,0x44,0x44,0xC4,0x42,0x40,0x00,
//  976 0x20,0x12,0x4A,0x82,0x7F,0x02,0x0A,0x92,0x60,0x1F,0x00,0x00,0xFF,0x00,0x00,0x00,
//  977 /* 直 */
//  978 0x00,0x08,0x08,0xE8,0x28,0x28,0x28,0x3E,0x28,0x28,0x28,0xE8,0x08,0x08,0x00,0x00,
//  979 0x80,0x80,0x80,0xFF,0x95,0x95,0x95,0x95,0x95,0x95,0x95,0xFF,0x80,0x80,0x80,0x00,
//  980 /* 型 */
//  981 0x40,0x44,0x44,0xFC,0x44,0x44,0xFC,0x44,0x44,0x00,0xF8,0x00,0x00,0xFE,0x00,0x00,
//  982 0x88,0x84,0x93,0x90,0x90,0x90,0x93,0xFC,0x90,0x90,0x90,0x92,0x94,0x83,0x80,0x00,
//  983 /* 语 */
//  984 0x40,0x42,0xCC,0x00,0x00,0x82,0x92,0x92,0xF2,0x9E,0x92,0x92,0xF2,0x82,0x80,0x00,
//  985 0x00,0x00,0x7F,0x20,0x10,0x00,0xFC,0x44,0x44,0x44,0x44,0x44,0xFC,0x00,0x00,0x00,
//  986 /* 言 */
//  987 0x04,0x04,0x24,0x24,0x24,0x24,0x25,0x26,0x24,0x24,0x24,0x24,0x24,0x04,0x04,0x00,
//  988 0x00,0x00,0xF9,0x49,0x49,0x49,0x49,0x49,0x49,0x49,0x49,0x49,0xF9,0x00,0x00,0x00,
//  989 /* 中 */
//  990 0x00,0x00,0xF0,0x10,0x10,0x10,0x10,0xFF,0x10,0x10,0x10,0x10,0xF0,0x00,0x00,0x00,
//  991 0x00,0x00,0x0F,0x04,0x04,0x04,0x04,0xFF,0x04,0x04,0x04,0x04,0x0F,0x00,0x00,0x00,
//  992 /* 文 */
//  993 0x08,0x08,0x08,0x38,0xC8,0x08,0x09,0x0E,0x08,0x08,0xC8,0x38,0x08,0x08,0x08,0x00,
//  994 0x80,0x80,0x40,0x40,0x20,0x11,0x0A,0x04,0x0A,0x11,0x20,0x40,0x40,0x80,0x80,0x00,
//  995 /* 费 */
//  996 0x00,0x02,0x3A,0xAA,0x6A,0x3F,0x2A,0x2A,0x2A,0xFF,0x2A,0xAA,0x2E,0xE0,0x00,0x00,
//  997 0x00,0x02,0x81,0x9E,0x42,0x42,0x22,0x1A,0x22,0x22,0x42,0x5E,0x81,0x00,0x00,0x00,
//  998 /* 效 */
//  999 0x88,0x48,0x28,0x09,0x0A,0x28,0x48,0x88,0x80,0x70,0x8F,0x08,0x08,0xF8,0x08,0x00,
// 1000 0x40,0x20,0x11,0x0A,0x04,0x0B,0x30,0x80,0x40,0x20,0x13,0x0C,0x33,0x40,0x80,0x00,
// 1001 /* 已 */
// 1002 0x00,0x00,0xE2,0x82,0x82,0x82,0x82,0x82,0x82,0x82,0x82,0xFE,0x00,0x00,0x00,0x00,
// 1003 0x00,0x00,0x3F,0x40,0x40,0x40,0x40,0x40,0x40,0x40,0x40,0x40,0x40,0x78,0x00,0x00,
// 1004 /* 缴 */
// 1005 0x20,0x38,0xE7,0x30,0x00,0x7C,0xD6,0x55,0x54,0x7C,0x20,0xD8,0x17,0xF0,0x10,0x00,
// 1006 0x22,0x27,0x12,0x12,0x80,0x62,0x1E,0x4B,0x8A,0x7A,0x80,0x67,0x18,0x67,0x80,0x00,
// 1007 /* 期 */
// 1008 0x00,0x00,0x04,0xFF,0x24,0x24,0x24,0xFF,0x04,0x00,0xFE,0x22,0x22,0x22,0xFE,0x00,
// 1009 0x00,0x88,0x48,0x2F,0x09,0x09,0x19,0xAF,0x48,0x30,0x0F,0x02,0x42,0x82,0x7F,0x00,
// 1010 /* 将 */
// 1011 0x00,0x08,0x30,0x00,0xFF,0x00,0x88,0x84,0x53,0x22,0x12,0xCA,0x06,0x00,0x00,0x00,
// 1012 0x04,0x04,0x02,0x01,0xFF,0x00,0x02,0x0A,0x12,0x42,0x82,0x7F,0x02,0x02,0x02,0x00,
// 1013 /* 尽 */
// 1014 0x00,0x00,0x00,0xFE,0x22,0x22,0x22,0x22,0x22,0xE2,0x22,0x22,0x7E,0x00,0x00,0x00,
// 1015 0x10,0x08,0x06,0x01,0x10,0x10,0x22,0x22,0x44,0x80,0x01,0x02,0x04,0x08,0x08,0x00,
// 1016 /* 快 */
// 1017 0x00,0xE0,0x00,0xFF,0x10,0x20,0x08,0x08,0x08,0xFF,0x08,0x08,0xF8,0x00,0x00,0x00,
// 1018 0x01,0x00,0x00,0xFF,0x00,0x81,0x41,0x31,0x0D,0x03,0x0D,0x31,0x41,0x81,0x81,0x00,
// 1019 /* 运 */
// 1020 0x40,0x40,0x42,0xCC,0x00,0x20,0x22,0x22,0xA2,0x62,0x22,0x22,0x22,0x20,0x00,0x00,
// 1021 0x00,0x40,0x20,0x1F,0x20,0x44,0x4E,0x45,0x44,0x44,0x44,0x45,0x46,0x4C,0x40,0x00,
// 1022 /* 行 */
// 1023 0x00,0x10,0x88,0xC4,0x33,0x00,0x40,0x42,0x42,0x42,0xC2,0x42,0x42,0x42,0x40,0x00,
// 1024 0x02,0x01,0x00,0xFF,0x00,0x00,0x00,0x00,0x40,0x80,0x7F,0x00,0x00,0x00,0x00,0x00,
// 1025 /* 初 */
// 1026 0x00,0x08,0x08,0x89,0xEA,0x18,0x88,0x00,0x04,0x04,0xFC,0x04,0x04,0x04,0xFC,0x00,
// 1027 0x00,0x02,0x01,0x00,0xFF,0x01,0x86,0x40,0x20,0x18,0x07,0x40,0x80,0x40,0x3F,0x00,
// 1028 /* 始 */
// 1029 0x10,0x10,0xF0,0x1F,0x10,0xF0,0x00,0x40,0xE0,0x58,0x47,0x40,0x50,0x60,0xC0,0x00,
// 1030 0x40,0x22,0x15,0x08,0x16,0x21,0x00,0x00,0xFE,0x42,0x42,0x42,0x42,0xFE,0x00,0x00,
// 1031 /* 是 */
// 1032 0x00,0x00,0x00,0x7F,0x49,0x49,0x49,0x49,0x49,0x49,0x49,0x7F,0x00,0x00,0x00,0x00,
// 1033 0x81,0x41,0x21,0x1D,0x21,0x41,0x81,0xFF,0x89,0x89,0x89,0x89,0x89,0x81,0x81,0x00,
// 1034 /* 否 */
// 1035 0x00,0x02,0x82,0x82,0x42,0x22,0x12,0xFA,0x06,0x22,0x22,0x42,0x42,0x82,0x00,0x00,
// 1036 0x01,0x01,0x00,0xFC,0x44,0x44,0x44,0x45,0x44,0x44,0x44,0xFC,0x00,0x00,0x01,0x00,
// 1037 /* 主 */
// 1038 0x00,0x10,0x10,0x10,0x10,0x10,0x12,0xF4,0x10,0x10,0x10,0x10,0x10,0x10,0x00,0x00,
// 1039 0x80,0x80,0x82,0x82,0x82,0x82,0x82,0xFF,0x82,0x82,0x82,0x82,0x82,0x80,0x80,0x00,
// 1040 /* 菜 */
// 1041 0x04,0x04,0x44,0xC4,0x4F,0x44,0x44,0xC4,0x24,0x24,0x2F,0xB4,0x24,0x04,0x04,0x00,
// 1042 0x40,0x44,0x24,0x24,0x15,0x0C,0x04,0xFE,0x04,0x0C,0x15,0x24,0x24,0x44,0x40,0x00,
// 1043 /* 键 */
// 1044 0x80,0x60,0xDE,0x48,0x48,0x00,0xC8,0x38,0x20,0xA8,0xA8,0xFE,0xA8,0xF8,0x20,0x00,
// 1045 0x02,0x02,0xFF,0x42,0xA2,0x4D,0x31,0x4F,0x88,0x8A,0x8A,0xBF,0x8A,0x8A,0x88,0x00,
// 1046 /* 卡 */
// 1047 0x40,0x40,0x40,0x40,0x40,0x40,0xFF,0x44,0x44,0x44,0x44,0x44,0x44,0x40,0x40,0x00,
// 1048 0x00,0x00,0x00,0x00,0x00,0x00,0xFF,0x00,0x00,0x02,0x04,0x08,0x10,0x00,0x00,0x00,
// 1049 /* 住 */
// 1050 0x00,0x80,0x60,0xF8,0x07,0x08,0x08,0x08,0x09,0xFA,0x08,0x08,0x08,0x08,0x00,0x00,
// 1051 0x01,0x00,0x00,0xFF,0x40,0x41,0x41,0x41,0x41,0x7F,0x41,0x41,0x41,0x41,0x40,0x00,
// 1052 /* 确 */
// 1053 0x04,0x84,0xE4,0x5C,0x44,0xC4,0x20,0x10,0xE8,0x27,0x24,0xE4,0x34,0x2C,0xE0,0x00,
// 1054 0x02,0x01,0x7F,0x10,0x10,0x3F,0x80,0x60,0x1F,0x09,0x09,0x3F,0x49,0x89,0x7F,0x00,
// 1055 /* 认 */
// 1056 0x40,0x40,0x42,0xCC,0x00,0x00,0x00,0x00,0x00,0xFF,0x00,0x00,0x00,0x00,0x00,0x00,
// 1057 0x00,0x00,0x00,0x3F,0x90,0x48,0x20,0x18,0x07,0x00,0x07,0x18,0x20,0x40,0x80,0x00,
// 1058 /* 右 */
// 1059 0x08,0x08,0x08,0x08,0xC8,0x38,0x0F,0x08,0x08,0x08,0x08,0x08,0x08,0x08,0x08,0x00,
// 1060 0x08,0x04,0x02,0x01,0xFF,0x41,0x41,0x41,0x41,0x41,0x41,0x41,0xFF,0x00,0x00,0x00,
// 1061 /* 下 */
// 1062 0x02,0x02,0x02,0x02,0x02,0x02,0xFE,0x02,0x02,0x42,0x82,0x02,0x02,0x02,0x02,0x00,
// 1063 0x00,0x00,0x00,0x00,0x00,0x00,0xFF,0x00,0x00,0x00,0x00,0x01,0x06,0x00,0x00,0x00,
// 1064 /* 左 */
// 1065 0x10,0x10,0x10,0x10,0x10,0xF0,0x1E,0x10,0x10,0x10,0x10,0x10,0x10,0x10,0x10,0x00,
// 1066 0x40,0x20,0x90,0x8C,0x83,0x82,0x82,0x82,0xFE,0x82,0x82,0x82,0x82,0x80,0x80,0x00,
// 1067 /* 归 */
// 1068 0x00,0xFC,0x00,0x00,0xFF,0x00,0x04,0x84,0x84,0x84,0x84,0x84,0x84,0xFC,0x00,0x00,
// 1069 0x00,0x87,0x40,0x30,0x0F,0x00,0x20,0x20,0x20,0x20,0x20,0x20,0x20,0x7F,0x00,0x00,
// 1070 /* 修 */
// 1071 0x40,0x20,0xF8,0x07,0xF0,0xA0,0x90,0x4C,0x57,0x24,0xA4,0x54,0x4C,0x80,0x80,0x00,
// 1072 0x00,0x00,0xFF,0x00,0x1F,0x80,0x92,0x52,0x49,0x29,0x24,0x12,0x08,0x00,0x00,0x00,
// 1073 /* 改 */
// 1074 0x04,0x84,0x84,0x84,0x84,0xFC,0x40,0x30,0xCC,0x0B,0x08,0x08,0xF8,0x08,0x08,0x00,
// 1075 0x00,0x7F,0x20,0x10,0x10,0x08,0x80,0x40,0x21,0x16,0x08,0x16,0x21,0x40,0x80,0x00,
// 1076 /* 代 */
// 1077 0x00,0x80,0x60,0xF8,0x07,0x20,0x20,0x20,0x7F,0xA0,0x10,0x11,0x16,0x10,0x10,0x00,
// 1078 0x01,0x00,0x00,0xFF,0x00,0x00,0x00,0x00,0x00,0x03,0x0C,0x10,0x20,0x40,0xF8,0x00,
// 1079 /* 基 */
// 1080 0x00,0x04,0x04,0x04,0xFF,0x54,0x54,0x54,0x54,0x54,0xFF,0x04,0x04,0x04,0x00,0x00,
// 1081 0x11,0x11,0x89,0x85,0x93,0x91,0x91,0xFD,0x91,0x91,0x93,0x85,0x89,0x11,0x11,0x00,
// 1082 /* 类 */
// 1083 0x00,0x10,0x10,0x92,0x54,0x30,0x10,0xFF,0x10,0x30,0x54,0x92,0x10,0x10,0x00,0x00,
// 1084 0x84,0x85,0x45,0x44,0x24,0x14,0x0C,0x06,0x0C,0x14,0x24,0x44,0x45,0x84,0x84,0x00,
// 1085 /* 务 */
// 1086 0x00,0x00,0x90,0x88,0x4C,0x57,0xA4,0x24,0x54,0x54,0x8C,0x84,0x00,0x00,0x00,0x00,
// 1087 0x01,0x01,0x80,0x42,0x22,0x1A,0x07,0x02,0x42,0x82,0x42,0x3E,0x01,0x01,0x01,0x00,
// 1088 /* 必 */
// 1089 0x00,0x00,0xC0,0x00,0xE0,0x02,0x04,0x18,0x00,0xC0,0x30,0x0C,0x40,0x80,0x00,0x00,
// 1090 0x08,0x86,0x41,0x20,0x3F,0x48,0x44,0x42,0x41,0x40,0x40,0x78,0x00,0x01,0x0E,0x00,
// 1091 /* 按 */
// 1092 0x10,0x10,0x10,0xFF,0x90,0x20,0x98,0x88,0x88,0xE9,0x8E,0x88,0x88,0xA8,0x98,0x00,
// 1093 0x02,0x42,0x81,0x7F,0x00,0x00,0x80,0x84,0x4B,0x28,0x10,0x28,0x47,0x80,0x00,0x00,
// 1094 /* 可 */
// 1095 0x00,0x02,0x02,0xF2,0x12,0x12,0x12,0xF2,0x02,0x02,0x02,0xFE,0x02,0x02,0x02,0x00,
// 1096 0x00,0x00,0x00,0x0F,0x04,0x04,0x04,0x0F,0x00,0x40,0x80,0x7F,0x00,0x00,0x00,0x00,
// 1097 /* 以 */
// 1098 0x00,0xFC,0x00,0x00,0x02,0x04,0x18,0x00,0x00,0x80,0x7F,0x00,0x00,0x00,0x00,0x00,
// 1099 0x00,0x3F,0x10,0x08,0x84,0x40,0x20,0x10,0x0C,0x03,0x08,0x10,0x20,0xC0,0x00,0x00,
// 1100 /* 调 */
// 1101 0x00,0x40,0x42,0xCC,0x00,0x00,0xFE,0x82,0x92,0x92,0xFE,0x92,0x92,0x82,0xFE,0x00,
// 1102 0x00,0x00,0x00,0x3F,0x10,0x88,0x7F,0x00,0x1E,0x12,0x12,0x12,0x5E,0x80,0x7F,0x00,
// 1103 /* 节 */
// 1104 0x04,0x44,0x44,0x44,0x5F,0x44,0xC4,0x44,0x44,0x44,0x5F,0x44,0xC4,0x04,0x04,0x00,
// 1105 0x00,0x00,0x00,0x00,0x00,0x00,0xFF,0x00,0x00,0x08,0x10,0x08,0x07,0x00,0x00,0x00,
// 1106 /* 并 */
// 1107 0x00,0x10,0x10,0x11,0xF6,0x10,0x10,0x10,0x10,0x10,0xF4,0x13,0x10,0x10,0x00,0x00,
// 1108 0x02,0x82,0x42,0x32,0x0F,0x02,0x02,0x02,0x02,0x02,0xFF,0x02,0x02,0x02,0x02,0x00,
// 1109 /* 继 */
// 1110 0x40,0x60,0x58,0xC6,0x20,0x00,0xFC,0x90,0xA0,0x80,0xFE,0x80,0xA0,0x90,0x00,0x00,
// 1111 0x44,0xCE,0x45,0x24,0x24,0x00,0xFF,0x88,0x84,0x82,0xFF,0x82,0x84,0x88,0x80,0x00,
// 1112 /* 软 */
// 1113 0x08,0xC8,0xB8,0x8F,0xE8,0x88,0x88,0x40,0x30,0x0F,0xC8,0x08,0x28,0x18,0x00,0x00,
// 1114 0x08,0x18,0x08,0x08,0xFF,0x04,0x84,0x40,0x30,0x0E,0x01,0x0E,0x30,0x40,0x80,0x00,
// 1115 /* 缺 */
// 1116 0x50,0x48,0x47,0xFC,0x44,0x44,0x40,0x08,0x08,0x08,0xFF,0x08,0x08,0xF8,0x00,0x00,
// 1117 0x00,0x3E,0x20,0x1F,0x10,0x7E,0x81,0x41,0x31,0x0D,0x03,0x0D,0x31,0x41,0x81,0x00,
// 1118 /* 省 */
// 1119 0x00,0x00,0x10,0x88,0x86,0xC0,0xC0,0xA0,0xAF,0x90,0x90,0x88,0x82,0x84,0x08,0x00,
// 1120 0x00,0x01,0x01,0x00,0xFF,0x4A,0x4A,0x4A,0x4A,0x4A,0x4A,0x4A,0x4A,0xFF,0x00,0x00,
// 1121 
// 1122 };
// 1123 
// 
// 16 576 bytes in section .rodata
// 
// 16 576 bytes of CONST memory
//
//Errors: none
//Warnings: none
