###############################################################################
#
# IAR ANSI C/C++ Compiler V7.70.2.11706/W32 for ARM       17/Jun/2026  08:45:31
# Copyright 1999-2016 IAR Systems AB.
#
#    Cpu mode     =  thumb
#    Endian       =  little
#    Source file  =  
#        D:\2-通用定制归档程序\04-通用程序\00-900F\【通用程序】ZRR900FV2HYLCD-ATF3.03-解决零漂-8BA6-0F1B-20260316\00-源码\ZRR900FV2HYLCDATFSoftUlib-V2.0-20260316\MenuDiplay.C
#    Command line =  
#        D:\2-通用定制归档程序\04-通用程序\00-900F\【通用程序】ZRR900FV2HYLCD-ATF3.03-解决零漂-8BA6-0F1B-20260316\00-源码\ZRR900FV2HYLCDATFSoftUlib-V2.0-20260316\MenuDiplay.C
#        -D ATF403AVCT7 -D LIBRARY_VERSION -D USE_STDPERIPH_DRIVER -D
#        AT_START_F403A_V1_0 -lcN
#        D:\2-通用定制归档程序\04-通用程序\00-900F\【通用程序】ZRR900FV2HYLCD-ATF3.03-解决零漂-8BA6-0F1B-20260316\00-源码\ZRR900FV2HYLCDATFSoftUlib-V2.0-20260316\Debug\List
#        -lA
#        D:\2-通用定制归档程序\04-通用程序\00-900F\【通用程序】ZRR900FV2HYLCD-ATF3.03-解决零漂-8BA6-0F1B-20260316\00-源码\ZRR900FV2HYLCDATFSoftUlib-V2.0-20260316\Debug\List
#        -o
#        D:\2-通用定制归档程序\04-通用程序\00-900F\【通用程序】ZRR900FV2HYLCD-ATF3.03-解决零漂-8BA6-0F1B-20260316\00-源码\ZRR900FV2HYLCDATFSoftUlib-V2.0-20260316\Debug\Obj
#        --no_cse --no_unroll --no_inline --no_code_motion --no_tbaa
#        --no_clustering --no_scheduling --debug --endian=little
#        --cpu=Cortex-M4 -e --char_is_signed --enable_multibytes --fpu=VFPv4_sp
#        --dlib_config "C:\Program Files (x86)\IAR Systems\Embedded Workbench
#        7.5\arm\INC\c\DLib_Config_Full.h" -I
#        D:\2-通用定制归档程序\04-通用程序\00-900F\【通用程序】ZRR900FV2HYLCD-ATF3.03-解决零漂-8BA6-0F1B-20260316\00-源码\ZRR900FV2HYLCDATFSoftUlib-V2.0-20260316\
#        -I
#        D:\2-通用定制归档程序\04-通用程序\00-900F\【通用程序】ZRR900FV2HYLCD-ATF3.03-解决零漂-8BA6-0F1B-20260316\00-源码\ZRR900FV2HYLCDATFSoftUlib-V2.0-20260316\Libraries\STM32F10x_StdPeriph_Driver\inc\
#        -I
#        D:\2-通用定制归档程序\04-通用程序\00-900F\【通用程序】ZRR900FV2HYLCD-ATF3.03-解决零漂-8BA6-0F1B-20260316\00-源码\ZRR900FV2HYLCDATFSoftUlib-V2.0-20260316\Libraries\CMSIS\CM4\CoreSupport\
#        -I
#        D:\2-通用定制归档程序\04-通用程序\00-900F\【通用程序】ZRR900FV2HYLCD-ATF3.03-解决零漂-8BA6-0F1B-20260316\00-源码\ZRR900FV2HYLCDATFSoftUlib-V2.0-20260316\Libraries\CMSIS\CM4\DeviceSupport\
#        -On --use_c++_inline
#    Locale       =  Chinese (Simplified)_China.936
#    List file    =  
#        D:\2-通用定制归档程序\04-通用程序\00-900F\【通用程序】ZRR900FV2HYLCD-ATF3.03-解决零漂-8BA6-0F1B-20260316\00-源码\ZRR900FV2HYLCDATFSoftUlib-V2.0-20260316\Debug\List\MenuDiplay.lst
#    Object file  =  
#        D:\2-通用定制归档程序\04-通用程序\00-900F\【通用程序】ZRR900FV2HYLCD-ATF3.03-解决零漂-8BA6-0F1B-20260316\00-源码\ZRR900FV2HYLCDATFSoftUlib-V2.0-20260316\Debug\Obj\MenuDiplay.o
#
###############################################################################

D:\2-通用定制归档程序\04-通用程序\00-900F\【通用程序】ZRR900FV2HYLCD-ATF3.03-解决零漂-8BA6-0F1B-20260316\00-源码\ZRR900FV2HYLCDATFSoftUlib-V2.0-20260316\MenuDiplay.C
      1          
      2          #include "Bhjdq.h"
      3          #include "GlobeDef.h"
      4          #include "Drive.h"
      5          #include "MenuDiplay.h"
      6          #include "Lib.h"
      7          #include "Eep.h"
      8          #include "Flash.h"
      9          #include "stm32f10x.h"
     10          #include "lcd_drv.h"
     11          #include "Rly_lib.h"
     12          #include <time.h>
     13          #include "rtctime.h"
     14          #include "rlycomm.h"
     15          #include "UartDrv.h"
     16          #include "Set.h"
     17          
     18          const MENU_LIST *Menu_List_Head;
     19          
     20          extern u16 QD_Times;
     21          extern u16 QD_FG;
     22          	u8 bytedata;
     23          ///////////////////////////////////////////////////////////////////
     24          void SystemSetLCD ();
     25          
     26          
     27          
     28          const  u8 name1[] ={"1.刻度显示"};
     29          const  u8 name2[] ={"2.开入显示"};
     30          const  u8 name3[] ={"3.开出检测"};
     31          const  u8 name4[] ={"4.事故追忆"};
     32          const  u8 name5[] ={"5.保护定值"};
     33          const  u8 name6[] ={"6.压板设置"};
     34          const  u8 name7[] ={"7.参数设置"};
     35          const  u8 name8[] ={"8.通讯测试"};
     36          const  u8 name9[] ={"8.版本信息"};
     37          //
     38          const uc8 name1_1[]={"1.查看保护值"};
     39          uc8 name1_2[]={"2.查看测量值"};
     40          uc8 name1_3[]={"3.零漂显示"};
     41          uc8 name1_1_1[]={"通道"};
     42          uc8 name1_1_2[]={"幅值"};
     43          uc8 name1_1_3[]={"相角"};
     44          uc8 name1_2_1[]={"零漂"};
     45          uc8 name1_3_1[]={"测量值"};
     46          uc8 name1_3_2[]={"纲量"};
     47          //
     48          uc8 name2_1[]={"开入"};
     49          uc8 name2_2[]={"闭合"};
     50          uc8 name2_3[]={"分开"};
     51          
     52          uc8 name2_4[]={"动作"};
     53          uc8 name2_5[]={"返回"};
     54          
     55          uc8 name4_1[]={"1.事故记录"};
     56          uc8 name4_2[]={"2.SOE记录"};
     57          uc8 name4_3[]={"3.操作记录"};
     58          uc8 name4_4[]={"4.删除事件记录"};
     59          uc8 name4_5[]={"5.删除SOE记录 "};
     60          uc8 name4_6[]={"6.删除操作记录"};
     61          //
     62          
     63          uc8 name4_2_1[]={"事故记录   条"};
     64          uc8 name4_3_1[]={"SOE记录   条"};
     65          uc8 name4_3_5[]={" 无事件记录"};
     66          uc8 name4_3_6[]={"请输入序号:"};
     67          
     68          uc8 name4_3_2[]={"发生"};
     69          uc8 name4_3_3[]={"消失"};
     70          uc8 name4_3_4[]={"状态:"};
     71          
     72          uc8 name4_2_2[]={"相对时间"};
     73          uc8 name4_2_3[]={"ms"};
     74          
     75          uc8 name4_4_1[]={">>"};
     76          uc8 name4_4_2[]={"<<"};
     77          
     78           uc8 name5_2[]={"1.整定定值"};
     79          uc8 name5_3[]={"2.切换定值"};
     80          
     81          
     82          uc8 name5_1_2[]={"查看定值区:"};
     83          uc8 name5_1_3[]={"整定定值区:"};
     84          uc8 name5_1_4[]={"固化定值区:"};
     85          uc8 name5_1_5[]={"切换定值区:"};
     86          
     87          
     88          
     89          uc8 name5_2_1[]={" 定值区出错! "};
     90          uc8 name5_2_2[]={" 定值固化成功!"};
     91          uc8 name5_2_3[]={" 读取定值失败!"};
     92          
     93          uc8 name5_2_4[]={" 定值切换成功!"};
     94          uc8 name5_2_5[]={" 定值切换失败!"};
     95          
     96          uc8 name5_1_7[]={"请输入密码:"};
     97          uc8 name5_1_1_1[]={"定值名称"};
     98          uc8 name5_1_1_2[]={"定值"};
     99          
    100          //
    101          uc8 name6_1[]={"压板名称"};
    102          uc8 name6_2[]={"状态"};
    103          uc8 name6_3[]={"ON "};
    104          uc8 name6_4[]={"OFF"};
    105          
    106          uc8 name7_1[]={"1.系统时钟    "};
    107          uc8 name7_2[]={"2.RS485设置   "};
    108          uc8 name7_3[]={"3.遥信时间设置"};
    109          uc8 name7_4[]={"4.测量系数校准"};
    110          uc8 name7_5[]={"5.密码设定"};
    111          //uc8 name7_6[]={"6.密码设定    "};
    112          uc8 name7_7[]={"6.液晶对比度  "};
    113          uc8 name7_8[]={"7.出厂设置    "};
    114           
    115          uc8 name9_1[]={"1.遥信测试"};
    116          uc8 name9_2[]={"2.遥测测试"};
    117          
    118          //
    119          uc8 name7_1_1[]={"    年  月  日"};
    120          uc8 name7_1_2[]={"  时  分  秒   毫秒"};
    121          
    122          uc8 name7_2_1[]={"CAN网地址:"};
    123          uc8 name7_2_2[]={"CAN网速率:"};
    124          uc8 name7_2_2_1[]={"100K"};
    125          uc8 name7_2_2_2[]={"50K "};
    126          uc8 name7_2_2_3[]={"25K "};
    127          uc8 name7_2_3[]={"CAN网地址错误"};
    128          
    129          uc8 name7_3_1[]={"RS485地址:"};
    130          uc8 name7_3_2[]={"RS485速率:"};
    131          uc8 name7_3_3[]={"RS485规约:"};
    132          uc8 name7_3_4[]={" 遥测上送:"};
    133          uc8 name7_3_2_1[]={"9600"};
    134          uc8 name7_3_2_2[]={"4800"};
    135          uc8 name7_3_2_3[]={"2400"};
    136          uc8 name7_3_2_4[]={"1200"};
    137          uc8 name7_3_3_1[]={"MODBUS"};
    138          uc8 name7_3_3_2[]={"南自94"};
    139          
    140          uc8 name7_3_4_1[]={"二次值"};
    141          uc8 name7_3_4_2[]={"一次值"};
    142          
    143          
    144          uc8 name7_4_1[]={"遥信时间:"};
    145          uc8 name7_5_1[]={"请输入新密码:"};
    146          uc8 name7_5_2[]={"   密码错误!    "};
    147          uc8 name7_7_1[]={"温度零点值:"};
    148          uc8 name7_7_2[]={"直流4mA值: "};
    149          uc8 name7_7_3[]={"直流20mA值:"};
    150          
    151          uc8 name7_6_1[]={"删除成功!"};
    152          uc8 name7_6_2[]={"删除失败!"};
    153          
    154          
    155          uc8 name8_1_1[]={"版本号:"};
    156          uc8 name8_1_2[]={"校验码:"};
    157          
    158          uc8 name9_1_1[]={"型  号: "};
    159          uc8 name9_1_2[]={"语  言: "};
    160          uc8 name9_1_3[]={"测量点: "};
    161          
    162          uc8 name9_1_6[]={"        "};
    163          
    164          
    165          
    166          uc8 name9_1_1_1[]={"线  路  "};
    167          uc8 name9_1_1_2[]={"变压器  "};
    168          uc8 name9_1_1_3[]={"电动机  "};
    169          uc8 name9_1_1_4[]={"电容器  "};
    170          
    171          uc8 name9_1_2_1[]={"中   文 "};
    172          uc8 name9_1_2_2[]={"English "};
    173          
    174          uc8 name9_1_4_1[]={"保测分开 "};
    175          uc8 name9_1_4_2[]={"保测一体 "};
    176          
    177          uc8 name9_1_3_1[]={"  退出  "};
    178          uc8 name9_1_3_2[]={"欠费跳闸"};
    179          uc8 name9_1_3_3[]={"保护失效"};
    180          
    181          uc8 name_CUIXS[]={"测量系数校准:"};
    182          uc8 name_UIXS[]={"保护系数校准"};
    183          
    184          uc8 name7_x_1[]= {" 已过缴费期限,保护将"};
    185          uc8 name7_x_2[]= {"切断负荷,请尽快缴费!"};
    186          uc8 name7_x_3[]= {"退出运行,请尽快缴费!"};
    187          uc8 name_int[]={"系统初始化中......"};
    188          uc8 RTC_int[]={"请检查时钟回路...."};
    189          
    190          uc8 namexx[]={"                "};
    191          uc8 name5_xx[]= {"  是否保存参数? "};
    192          uc8 name6_xx[]= {"  保存参数成功! "};
    193           
    194          
    195          
    196          //循环显示界面结构
    197          const MENU_LIST Menu_Normal_Index =	
    198          //  上级菜单|  下级菜单   |菜单深度|菜单长度|当前位置|菜单数据|模块调用入口
    199          {NULL,  Menu_Main_Index,   	0,        1,       0,    NULL,NULL};
    200          
    201          
    202          
    203          //主菜单界面数据0
    204          const MENU_DATA Menu_Main_Data0[] = 
    205          {
    206          //起始地址x    起始地址y     数据指针  
    207          	{0,           7,		"主菜单"},		//	
    208          	{1,           4,		name1},		//	
    209          	{2,           4,		name2},		//		
    210          	{3,           4,		name3},		//
    211          	{4,           4,		name4},		//	
    212          	{5,           4,		name5},		//2	
    213          	{6,           4,		name6},		//3
    214          	{7,           4,		name7},		//4
    215          //	{8,           4,		name8},		//5
    216          	{8,           4,		name9},		//5
    217          	{0,           0,		NULL},		//结束符
    218          //
    219          };
    220          
    221          //采样显示菜单
    222          const MENU_DATA Menu_Data0[] = 
    223          {
    224          //起始地址x    起始地址y     数据指针    
    225            	{0,          7,			 "刻度显示"},		//	
    226          	{1,           4,           name1_1},		//2	
    227          	{2,           4,           name1_2},		//3
    228          	{0,           0,     		NULL},		//结束符
    229          //
    230          };
    231          //报告显示
    232          const MENU_DATA Menu_Main_Data2[] = 
    233          {
    234          //起始地址x    起始地址y     数据指针     
    235            	{0,          7,	    	"事故追忆"},		//	
    236          	{1,           4,           name4_1},		//2	
    237          	{2,           4,           name4_2},		//3
    238          	{3,           4,           name4_3},		//4
    239          	{4,           4,           name4_4},		//5
    240          	{5,           4,           name4_5},		//5
    241          	{6,           4,           name4_6},		//5
    242          	{0,           0,     		NULL},		//结束符
    243          //
    244          };
    245          //定值管理
    246          const MENU_DATA Menu_Main_Data3[] = 
    247          {
    248          //起始地址x    起始地址y     数据指针     
    249          	{0,           6,		"保护定值"},		//	
    250          
    251              {1,           4,           name5_2},		//2	
    252          	//{2,           4,           name5_3},		//3
    253           	{0,           0,     		NULL},		//结束符
    254          //
    255          };
    256          //参数设置
    257          const MENU_DATA Menu_Main_Data4[] = 
    258          {
    259          //起始地址x    起始地址y     数据指针    
    260          	{0,           6,		"参数设置"},		//	
    261          	{1,           4,           name7_1},		//2	
    262          	{2,           4,           name7_2},		//3
    263          	{3,           4,           name7_3},		//4
    264          	{4,           4,           name7_4},		//5
    265          	{5,           4,           name7_5},		//6			
    266          //  {6,           4,           name7_6},		//6			
    267           	{6,           4,           name7_7},		//6			
    268          	{7,           4,           name7_8},		//6			
    269          	{0,           0,     		NULL},		//结束符
    270          //
    271          };
    272          //通讯测试
    273          const MENU_DATA Menu_Main_Data5[] = 
    274          {
    275          //起始地址x    起始地址y     数据指针    
    276          	{0,           6,		"通讯测试"},		//	
    277          	{1,           4,           name9_1},		//2	
    278          	{2,           4,           name9_2},		//3
    279          	 
    280          	{0,           0,     		NULL},		//结束符
    281          //
    282          };
    283          //-----------------------------------------------------------
    284          //主菜单界面结构
    285          const MENU_LIST Menu_Main_Index [] =	
    286          { 
    287          //		上级菜单|		下级菜单  |	           	|菜单深度|菜单长度|当前位置|菜单数据|模块调用入口
    288          	{&Menu_Normal_Index,Menu_SampleInfo_Index,	    	1,		8,		  0,	Menu_Main_Data0,NULL},
    289          	{&Menu_Normal_Index,SystemTest_Scanbuff_Index,  	1,		8,        1,   	Menu_Main_Data0,NULL},
    290          	{&Menu_Normal_Index,Menu_SystemTest_Index,	    	1,		8,        2,   	Menu_Main_Data0,NULL},
    291          	{&Menu_Normal_Index,Menu_EventInfo_Index,   		1,		8,        3,   	Menu_Main_Data0,NULL},
    292          	{&Menu_Normal_Index,Menu_ParaManage_Index,      	1,		8,        4,    Menu_Main_Data0,NULL},
    293          	{&Menu_Normal_Index,SystemSetYB__Index,        	  	1,		8,        5,    Menu_Main_Data0,NULL},
    294          	{&Menu_Normal_Index,Menu_SystemSet_Index,   	 	1,		8,        6,    Menu_Main_Data0,NULL},
    295          	//{&Menu_Normal_Index,Menu_Comtest_Index,		     	1,		8,        7,    Menu_Main_Data0,NULL},
    296          	{&Menu_Normal_Index,Menu_Others_Index,		     	1,		8,        7,    Menu_Main_Data0,NULL},
    297          	NULL,
    298          };
    299          
    300          //-------------------------------------------------------------
    301          //采样信息菜单界面结构
    302          const MENU_LIST Menu_SampleInfo_Index [] =	
    303          {
    304          //    上级菜单	|		下级菜单|            	菜单深度|菜单长度|当前位置||菜单数据|模块调用入口
    305          	{Menu_Main_Index,Menu_SampleInfo_Data,	       	1,		2,      0,		   Menu_Data0,NULL},
    306          	{Menu_Main_Index,&Menu_SampleInfo_Data[1],	   	1,		2,      1,		   Menu_Data0,NULL},
    307          	NULL,
    308          };
    309          //-------------------------------------------------------------
    310          //采样信息菜单界面结构
    311          const MENU_LIST Menu_SampleInfo_Data [] =	
    312          {
    313          //    上级菜单	|		下级菜单|          菜单深度|菜单长度|当前位置||菜单数据|模块调用入口
    314          	{Menu_SampleInfo_Index,NULL,	           	1,		2,      0,		   Menu_Data0,&SAMC_Display},
    315          	{&Menu_SampleInfo_Index[1],NULL,	       	1,		2,      1,		   Menu_Data0,&SAMC_CL_Display},
    316          
    317          	NULL,
    318          };
    319          
    320          //开入信息菜单界面结构
    321          MENU_LIST SystemTest_Scanbuff_Index [] =	
    322          {
    323          //		上级菜单|	下级菜	|  菜单深度|菜单长度|当前位置|菜单数据|模块调用入口
    324          	{&Menu_Main_Index[1],NULL,  		2,		1,		0,        Menu_Main_Data0,&SystemTest_Input},
    325          	NULL,
    326          };
    327          
    328          //-------------------------------------------------------------------
    329          //开出信息菜单界面结构
    330          MENU_LIST Menu_SystemTest_Index [] =	
    331          {
    332          //		上级菜单|		下级菜单	|菜单深度|菜单长度|当前位置|菜单数据|模块调用入口
    333          	{&Menu_Main_Index[2],NULL,		 		2,		1,      0,        Menu_Main_Data0,&SystemTest_Drive},
    334          	NULL,
    335          };
    336          
    337          //--------------------------------------------------------------
    338          //报告显示菜单界面结构
    339          const MENU_LIST Menu_EventInfo_Index [] =	
    340          {
    341          //   上级菜单|			下级菜单                 	|菜单深度|菜单长度|当前位置|菜单数据|模块调用入口
    342          	{&Menu_Main_Index[3],Menu_EventInfo_Data,          	2,		6,	    0,     Menu_Main_Data2,NULL},
    343          	{&Menu_Main_Index[3],&Menu_EventInfo_Data[1],       2,		6,	    1,     Menu_Main_Data2,NULL},
    344          	{&Menu_Main_Index[3],&Menu_EventInfo_Data[2],      	2,		6,	    2,     Menu_Main_Data2,NULL},
    345          	{&Menu_Main_Index[3],&Menu_EventInfo_Data[3],      	2,		6,	    3,     Menu_Main_Data2,NULL},
    346          	{&Menu_Main_Index[3],&Menu_EventInfo_Data[4],      	2,		6,	    4,     Menu_Main_Data2,NULL},
    347          	{&Menu_Main_Index[3],&Menu_EventInfo_Data[5],      	2,		6,	    5,     Menu_Main_Data2,NULL},
    348          
    349          	NULL,
    350          };
    351          
    352          //报告显示菜单界面结构
    353          const MENU_LIST Menu_EventInfo_Data[] =	
    354          {
    355          //   上级菜单|			下级菜单	|菜单深度|菜单长度|当前位置|菜单数据|模块调用入口
    356          	{Menu_EventInfo_Index,NULL,        	2,		6,	    0,     Menu_Main_Data2,&EVENT_Display},
    357          	{&Menu_EventInfo_Index[1],NULL,     2,		6,	    1,     Menu_Main_Data2,&SOEJL_Display},
    358          	{&Menu_EventInfo_Index[2],NULL,     2,		6,	    2,     Menu_Main_Data2,&CZJL_Display},
    359          	{&Menu_EventInfo_Index[3],NULL,     2,		6,	    3,     Menu_Main_Data2,&EVENT_FG},
    360          	{&Menu_EventInfo_Index[4],NULL,     2,		6,	    4,     Menu_Main_Data2,&SOE_FG},
    361          	{&Menu_EventInfo_Index[5],NULL,     2,		6,	    5,     Menu_Main_Data2,&CZJL_FG},
    362          	NULL,
    363          };
    364          	//-------------------------------------------------------------
    365          //定值管理菜单界面结构
    366          const MENU_LIST Menu_ParaManage_Index [] =	
    367          {
    368          //   上级菜单|		    	下级菜单                  |菜单深度|菜单长度|当前位置|菜单数据|模块调用入口
    369          	{&Menu_Main_Index[4],Menu_ParaManage_Data,     	       	2,		1,      0,    Menu_Main_Data3,NULL},
    370          	//{&Menu_Main_Index[4],&Menu_ParaManage_Data[1],         	2,		2,      1,    Menu_Main_Data3,NULL},
    371          	//{&Menu_Main_Index[4],&Menu_ParaManage_Data[2],         	2,		3,      2,    Menu_Main_Data3,NULL},
    372          	NULL,
    373          };
    374          
    375          //定值管理菜单界面结构
    376          const MENU_LIST Menu_ParaManage_Data [] =	
    377          {
    378          //   上级菜单|		下级菜单    |菜单深度|菜单长度|当前位置|菜单数据|模块调用入口
    379          	{Menu_ParaManage_Index,NULL,    2,		1,     0,    Menu_Main_Data3,&ParaManage_Set},
    380          	//{Menu_ParaManage_Index,NULL,   	2,		2,     1,    Menu_Main_Data3,&ParaManage_Switch},
    381          	NULL,
    382          };
    383          //压板设定菜单界面结构
    384          const MENU_LIST SystemSetYB__Index [] =	
    385          {
    386          //		上级菜单|	下级菜	|      菜单深度|菜单长度|当前位置|菜单数据|模块调用入口
    387          	{&Menu_Main_Index[5],NULL,    		2,		1,		0,        Menu_Main_Data0,&SystemSet_YB},
    388          	NULL,
    389          };
    390          
    391          //-------------------------------------------------------------
    392          //参数设置菜单界面结构
    393          const MENU_LIST Menu_SystemSet_Index [] =
    394          {
    395          //   上级菜单|		        	下级菜单           |菜单深度|菜单长度|当前位置|菜单数据|模块调用入口
    396          	{&Menu_Main_Index[6],Menu_SystemSet_Data,	      	2,		7,		0,		 Menu_Main_Data4,NULL},
    397          	{&Menu_Main_Index[6],&Menu_SystemSet_Data[1],	   	2,		7,      1,		 Menu_Main_Data4,NULL},
    398          	{&Menu_Main_Index[6],&Menu_SystemSet_Data[2],	   	2,		7,      2,		 Menu_Main_Data4,NULL},
    399          	{&Menu_Main_Index[6],&Menu_SystemSet_Data[3],	   	2,		7,      3,		 Menu_Main_Data4,NULL},
    400          	{&Menu_Main_Index[6],&Menu_SystemSet_Data[4],	   	2,		7,      4,		 Menu_Main_Data4,NULL},
    401          	{&Menu_Main_Index[6],&Menu_SystemSet_Data[5],	   	2,		7,      5,		 Menu_Main_Data4,NULL},
    402          	{&Menu_Main_Index[6],&Menu_SystemSet_Data[6],	   	2,		7,      6,		 Menu_Main_Data4,NULL},
    403          	NULL,
    404          };
    405          //参数设置菜单界面结构
    406          const MENU_LIST Menu_SystemSet_Data [] =
    407          {
    408          //   上级菜单|			下级菜单     |菜单深度|菜单长度|当前位置|菜单数据|模块调用入口
    409          	{Menu_SystemSet_Index,NULL,	      		2,		7,		0,		 Menu_Main_Data4,&SystemSet_Clock},
    410          	{&Menu_SystemSet_Index[1],NULL,	     	2,		7,      1,		 Menu_Main_Data4,&SystemSet_485},
    411          	{&Menu_SystemSet_Index[2],NULL,	     	2,		7,      2,		 Menu_Main_Data4,&SystemSet_YxPara_YXQR},
    412          	{&Menu_SystemSet_Index[3],NULL,	     	2,		7,      3,		 Menu_Main_Data4,&CT_Set},
    413            //{&Menu_SystemSet_Index[4],NULL,	     	2,		6,      4,		 Menu_Main_Data4,&SystemSetUI},
    414          	{&Menu_SystemSet_Index[4],NULL,	     	2,		7,      4,		 Menu_Main_Data4,&Password_Set},
    415          	{&Menu_SystemSet_Index[5],NULL,	     	2,		7,      5,		 Menu_Main_Data4,&SystemSetLCD},
    416              {&Menu_SystemSet_Index[6],NULL,	     	2,		7,      6,		 Menu_Main_Data4,&SystemSet_Default},
    417          
    418          	NULL,
    419          };
    420          
    421          	//-------------------------------------------------------------
    422          //通讯测试菜单界面结构
    423          const MENU_LIST Menu_Comtest_Index [] =	
    424          {
    425          //   上级菜单|		    	下级菜单                  |菜单深度|菜单长度|当前位置|菜单数据|模块调用入口
    426          	{&Menu_Main_Index[7],Menu_Comtest_Data,     	       	2,		2,      0,    Menu_Main_Data5,NULL},
    427          	{&Menu_Main_Index[7],&Menu_Comtest_Data[1],         	2,		2,      1,    Menu_Main_Data5,NULL},
    428          	//{&Menu_Main_Index[4],&Menu_ParaManage_Data[2],         	2,		3,      2,    Menu_Main_Data3,NULL},
    429          	NULL,
    430          };
    431          
    432          //通讯测试菜单界面结构
    433          const MENU_LIST Menu_Comtest_Data [] =	
    434          {
    435          //   上级菜单|		下级菜单    |菜单深度|菜单长度|当前位置|菜单数据|模块调用入口
    436          	{Menu_Comtest_Index,NULL,       2,		2,     0,    Menu_Main_Data5,&COM_TEST_YX},
    437          	{Menu_Comtest_Index,NULL,   	2,		2,     1,    Menu_Main_Data5,&COM_TEST_YC},
    438          	NULL,
    439          };
    440          //版本菜单界面结构
    441          const MENU_LIST Menu_Others_Index [] =	
    442          {
    443          //		上级菜单| 下级菜单    |  菜单深度|菜单长度|当前位置|菜单数据|模块调用入口
    444          	{&Menu_Main_Index[7],NULL,        2,	1,      0,	  Menu_Main_Data0,&Others_Version},
    445          	NULL,
    446          };
    447          
    448          void Menu_Clear();//清除菜单记录
    449          
    450          void Menu_Clear()
    451          {
    452          	u8 i;
    453          	
    454          	IDC.bReflash=0x5a;
    455          	for(i=0;i<9;i++)
    456          	{				
    457          		IDC.Page[i]=0;
    458          		IDC.Row[i]=0; 
    459          		IDC.Col[i]=0;
    460          		IDC.Star[i]=0;					
    461          	}
    462          	IDC.uStatus=0; 
    463          	IDC.CallDeep=0;		
    464          }
    465          
    466          
    467          
    468          /*
    469          *******************************************************************
    470          * Title:	 void LCD_Menu(void)
    471          * Description:	菜单界面任务入口
    472          * InputParameter:		
    473           
    474          *******************************************************************
    475          */
    476          void LCD_Menu(void)
    477          { 
    478          	u8	position,menu_len;
    479          
    480          	position = Menu_List_Head->uPosition;
    481          	menu_len = Menu_List_Head->uMenuLenght;		//本级菜单长度
    482          	if(KEY_err)
    483          	{
    484          	  IDC.bReflash=CLRDISEnable;
    485          	   LCD_Clear();
    486          		if(KEY_err==UP_KEY) 
    487          	   Lcd_printstr(2,0,(char *)"  上键卡住请检查");	
    488          		if(KEY_err==ESC_KEY) 
    489          	   Lcd_printstr(2,0,(char *)"退出键卡住请检查");	
    490          		if(KEY_err==SET_KEY) 
    491          	   Lcd_printstr(2,0,(char *)"确认键卡住请检查");	
    492          		if(KEY_err==RIGHT_KEY) 
    493          	   Lcd_printstr(2,0,(char *)"  右键卡住请检查");	
    494          		if(KEY_err==DOWN_KEY) 
    495          	   Lcd_printstr(2,0,(char *)"  下键卡住请检查");	
    496          		if(KEY_err==LEFT_KEY) 
    497          	   Lcd_printstr(2,0,(char *)"  左键卡住请检查");	
    498          		if(KEY_err==KEY_SIGRST) 
    499          	   Lcd_printstr(2,0,(char *)"复归键卡住请检查");	
    500          	  IDC.bReflash=CLRDISEnable;
    501          	  return;		
    502          	}
    503          #ifdef	ZRR900F	
    504          	if(Menu_nom)
    505          	{
    506          		SystemSet_QFTZ();
    507          		return;
    508          	}
    509          #endif
    510          	//
    511          	if (Menu_List_Head->MenuCall != NULL)//处理模块
    512          	{
    513          		(* Menu_List_Head->MenuCall)();	
    514          	}
    515          	else
    516          	{
    517          		if (KEY_Str.touch)
    518          		{
    519          			Trip_P(KC_LCD_BL);	//点背光		//		
    520          			WDog_Clear();
    521          			LightTimer=0;
    522          			DisplyTimer=100;
    523          			if(Menu_List_Head->uDeep!=0)
    524          			{
    525          				if(Menu_List_Head->uPosition>=9)		       		       	
    526          					Lcd_closecur((Menu_List_Head->uPosition-9)*2+2,3);   
    527          				else
    528          					Lcd_closecur(Menu_List_Head->uPosition*2+2,3);
    529          			}				 
    530          			switch (KEY_Str.Value)
    531          			{
    532          			case UP_KEY:
    533          				if(!(Menu_List_Head->uPosition%9)) IDC.bReflash=CLRDISEnable;	//翻页时需要清屏
    534          				if(position == 0)
    535          					Menu_List_Head += menu_len-1; //循环切换第二级菜	
    536          				else
    537          					Menu_List_Head--;			
    538          			//	bySetLct^=1;
    539          				break;
    540          			case DOWN_KEY:			
    541          			//  bySetLct=0;
    542          			   bytedata^=1;
    543          				if(position == (menu_len-1))							        	
    544          					Menu_List_Head -= menu_len-1;
    545          				else   
    546          					Menu_List_Head++;				     			   			
    547          				if(!(Menu_List_Head->uPosition%9)) IDC.bReflash=CLRDISEnable;	//翻页时需要清屏
    548          				break;
    549          			case SET_KEY:
    550          				IDC.bReflash=CLRDISEnable;				
    551          				
    552          				if(Menu_List_Head->Child == NULL) 
    553          					break; 
    554          				Menu_List_Head = Menu_List_Head->Child;
    555          				position = 0;                         
    556          				break;
    557          			case ESC_KEY:
    558          				IDC.bReflash=CLRDISEnable;	
    559          				if(Menu_List_Head->Parent == NULL) 
    560          					break;	
    561          				Menu_List_Head = Menu_List_Head->Parent;
    562          				position = 0;               
    563          			    break;
    564          			case UP_DOWN_KEY:	//组合键进入设置界面
    565          				KEY_Str.Value = 0;
    566          				KEY_Str.touch = 0;
    567          				IDC.bReflash=0x5a;
    568          				IDC.CallDeep=0;
    569          			#ifdef	ZRR900F	
    570          				Menu_nom=0xFF;
    571          				SystemSet_QFTZ();
    572          			#endif
    573          				return;
    574          			default:
    575          				KEY_Str.Value = 0;
    576          				KEY_Str.touch = 0;
    577          				break;
    578          			}	//switch
    579          			KEY_Str.Value = 0;
    580          			KEY_Str.touch = 0;
    581          		}//if
    582          		        
    583          		if (Menu_List_Head->MenuCall != NULL)//处理模块
    584          		{
    585          			WDog_Clear();
    586          			(* Menu_List_Head->MenuCall)();
    587          		}		
    588          		else
    589          		{
    590          			if (Menu_List_Head->uDeep!=0)
    591          			{ 
    592          				LCD_Clear();//刷新屏幕函数
    593          				WDog_Clear();
    594          				if(Menu_List_Head->uPosition>=9)		       		       	
    595          				{
    596          					Lcd_opencur((Menu_List_Head->uPosition-9)*2+2,3);
    597          				}
    598          				else
    599          					Lcd_opencur(Menu_List_Head->uPosition*2+2,3);
    600          			}
    601          			if (!(Menu_List_Head->uDeep))	//循环显示
    602          			{
    603          		//	  if(bySetLct)
    604          		//		Others_Version();
    605          			//	else
    606          				Normal_Disply();	
    607          				
    608          			}
    609          			if (Menu_List_Head->MenuBlock!=NULL)	
    610          				Display_Drive (Menu_List_Head->MenuBlock);//翻译菜单        
    611          		}	   
    612          	}//Menu_List_Head->MenuCall
    613          	//5分钟没有按键时灭背光
    614          	if(LightTimer>=120)
    615          	{ 
    616          		LightTimer=0;
    617          		Trip_F(KC_LCD_BL);	//点背光
    618          		Lcd_clrram();		//	
    619          		ADERR=0;
    620          	}
    621          	
    622          	if ((MenuTimer==0)&&(Menu_List_Head->uDeep!=0))
    623          	{//60S无按键退出到循环显示界面
    624          		Menu_List_Head = &Menu_Normal_Index;
    625          		Lcd_clrram();  //	清屏
    626          		Menu_Clear(); //清除菜单记录
    627          		ZJ_FixVal_Buff.wStatus=ClearSts; //清除定值缓存	
    628          		if (Menu_List_Head->MenuBlock!=NULL)
    629          			Display_Drive (Menu_List_Head->MenuBlock);//翻译菜单	
    630          	}				
    631          }
    632          
    633          
    634          /*
    635          *******************************************************************
    636          * Title:	 const void Display_Drive( MENU_DATA *pdata)
    637          * Description:	将菜单数据转换后输出显示
    638          * InputParameter:  模块结构首地址:*pdata;		
    639           
    640          *******************************************************************
    641          */
    642          void Display_Drive( MENU_DATA *pdata)
    643          {	
    644          	u8 i;
    645          	for (i=0;i<12;i++)
    646          	{	
    647          		Lcd_printstr(pdata->uStartAdr_x,pdata->uStartAdr_y,(char *)pdata->uData);	    						
    648          		pdata++;		
    649          		if (pdata->uData == NULL)
    650          			return;				
    651          	}  		
    652          }
    653           
    654          
    655          
    656          /*
    657          *******************************************************************
    658          * Title:		u8 ActiveX (u8 x,u8 y,u8 len,u8 *p1,u8 save,u8 *ptr,u8 DZtype)
    659          * Description:	整定数据控件,该控件可实现用户在LCD上整定一个参数
    660          * InputParameter: x 为控件显示行坐标
    661          				  y 为控件显示纵坐标
    662          				  len 为控件可整定字符长度
    663          				  *p1 为每个字节循环显示的ASC数组指针
    664          				  save 为整定后控件存储的方式			  
    665          				  *ptr 为整定后输出的缓冲	
    666          
    667          *******************************************************************
    668          */
    669          u8 ActiveX (u8 x,u8 y,u8 count,u8 len,u8 *p1,u8 save,u8 *ptr)
    670          {	
    671          	u8	i,temp,utemp,displen,save0,countg;
    672          	u16   utemp0;	
    673          	u8	*pdisp;
    674          		
    675          	
    676          	for (i=0;i<32;i++)
    677          		text[i]=0;
    678          	save0=save;
    679          	countg=0;
    680          	if (save0)
    681          	{ //数据格式为压缩bcd码或16进制存储(10进制显示)
    682          		displen = 5;
    683          		temp = save0;
    684          		if((save0&0x70)==0x10)
    685          		{//16进制,10进制显示
    686          			displen = len*2;
    687          			if (len ==1 )
    688          				HEX_ASC16 (*ptr, text);
    689          			if (len ==2 )
    690          				BCD5_ASC32 (((*ptr)*256+*(ptr+1)), text);
    691          		}
    692          		else if((save0&0x70)==0x20||(save0&0x70)==0x30)
    693          		{	//数据为压缩BCD码
    694          			temp = save0&0x07;
    695          		//	temp=temp>>4;
    696          			if (temp==0)			//没有小数
    697          			{	//没有小数			
    698          				text[countg++]=0x30;
    699          				utemp=(*(ptr+1)&0xf0)>>4;
    700          				text[countg++] = utemp+0x30;//翻译数值
    701          				text[countg++] = (*(ptr+1)&0x0f)+0x30;//翻译数值
    702          				utemp=(*(ptr)&0xf0)>>4;
    703          				text[countg++] = utemp+0x30;//翻译数值
    704          				text[countg] = (*(ptr)&0x0f)+0x30;//翻译数值
    705          			}
    706          			else 
    707          			{	//有小数位
    708          				temp = len*2-temp;			//找出小数位
    709          				utemp=(*(ptr+1)&0xf0)>>4;
    710          				text[countg++] = utemp+0x30;//翻译数值
    711          				if (temp ==countg)
    712          					text[countg++] = '.';
    713          				text[countg++] = (*(ptr+1)&0x0f)+0x30;//翻译数值
    714          				if (temp ==countg)
    715          					text[countg++] = '.';
    716          				utemp=(*(ptr)&0xf0)>>4;
    717          				text[countg++] =utemp+0x30;//翻译数值
    718          				if (temp ==countg)
    719          					text[countg++] = '.';
    720          				text[countg] = (*(ptr)&0x0f)+0x30;//翻译数值	
    721          			}
    722          		}
    723          	}
    724          	else
    725          	{	//16进制存储,16进制显示
    726          		displen = len*2;
    727          		if (len ==1 )
    728          			BCD_ASC16 (*ptr, text);
    729          		if (len ==2)
    730          		{
    731          			utemp0=*ptr+*(ptr+1)*256;
    732          			HEX_ASC32 (utemp0, text);
    733          		}
    734          	}	
    735          	
    736          	for (i=1;i<(*p1+1);i++)
    737          	{//查找数据在ASC数组中相对应的位置
    738          		if (*(p1+i)==text[count])
    739          		{
    740          			pdisp = p1+i;
    741          			break;
    742          		}
    743          	}
    744          	
    745          	if (KEY_Str.touch)
    746          	{			//有按键
    747          		switch (KEY_Str.Value)
    748          		{
    749          		case UP_KEY:
    750          			if (*pdisp==' ')
    751          				pdisp = p1+1;
    752          			else 
    753          				pdisp++;
    754          			text[count] = *pdisp;
    755          			if(text[count]==' ')text[count]='0';
    756          			break;
    757          		case DOWN_KEY:
    758          			if (*pdisp == '0')
    759          				pdisp = p1 + *p1-1;
    760          			else 
    761          				pdisp--;
    762          			text[count] = *pdisp;
    763          			if(text[count]==' ')text[count]='0';
    764          			break;
    765          		case LEFT_KEY:
    766          			if(count == 0)
    767          		        count= displen-1; 
    768          			else
    769          		        count--;
    770          			for (i=0;i<*p1;i++)
    771          			{	//查找数据在ASC数组中相对应的位置
    772          				if (*(p1+i)==text[count])
    773          				{
    774          					pdisp = p1+i;
    775          					break;
    776          				}
    777          			}
    778          			if(text[count]=='.') count--;
    779          			break;
    780          		case RIGHT_KEY:
    781          			if(count == (displen-1))
    782          		        count= 0; 
    783          			else
    784          		        count++;
    785          			for (i=0;i<*p1;i++)
    786          			{//查找数据在数组中相对应的位置
    787          				if (*(p1+i)==text[count])
    788          				{
    789          					pdisp = p1+i;
    790          					break;
    791          				}
    792          			}
    793          			if(text[count]=='.') count++;
    794          			break;
    795          		case SET_KEY:
    796          			KEY_Str.Value = 0;
    797          			KEY_Str.touch = 0;
    798          			Lcd_printstr(x,y,(char *)text);	//翻译			
    799          			return  Available;
    800          		case ESC_KEY:
    801          			KEY_Str.Value = 0;
    802          			KEY_Str.touch = 0;				
    803          			return DisAvailable;
    804          		default:
    805          			KEY_Str.Value = 0;
    806          			KEY_Str.touch = 0;
    807          			break;
    808          		}	//switch
    809          		KEY_Str.Value = 0;
    810          		KEY_Str.touch = 0;	
    811          	}//if (KEY_Str.touch)
    812          	
    813          	if (save0)//压缩bcd码或16进制存储(10进制显示)
    814          	{
    815          		if((save0&0x70)==0x10)
    816          		{//16进制存储(10进制显示)
    817          				
    818          			if (len==1)
    819          			{	//hex单字节
    820          				*ptr = (text[0]-0x30)*10+(text[1]-0x30);
    821          			}
    822          			else if (len==2)
    823          			{	//hex双字节
    824          				*ptr++ = (ASC_HEX32 (text))/256;	//高字节
    825          				*ptr = (ASC_HEX32 (text))%256;	//底字节
    826          			}
    827          		}
    828          		else if((save0&0x70)==0x20||(save0&0x70)==0x30)
    829          		{//压缩bcd码
    830          			temp = save0&0x07;
    831          		//	temp =temp>>4;											
    832          			if (ASC5_YSBCD2 (text,ptr,temp)==FALSE)
    833          				return DisAvailable;
    834          		}
    835          	}
    836          	else 
    837          	{//16进制存储(16进制显示)
    838          		if (len==1)//hex单字节
    839          			*ptr = ASC_BCD16(text[0],text[1]);
    840          		else if (len==2)
    841          		{	//hex双字节
    842          			*ptr++ =(ASC_BCD32 (text))%256;	//底字节 
    843          			*ptr = (ASC_BCD32 (text))/256;	//高字节
    844          		}
    845          		else 
    846          		{
    847          			*ptr++ = ASC_BCD16 (text[0],text[1]);
    848          			*ptr++ = ASC_BCD16 (text[2],text[3]);
    849          			*ptr = ASC_BCD16 (text[4],text[5]);
    850          		}
    851          	}
    852          		
    853          	Lcd_printstr(x,y,(char *)text);	//翻译
    854          	Lcd_wrchar_T(x*2,(y+count),(u8)text[count],1);	//反白显示				
    855          	return count;
    856          }
    857          
    858          
    859          /******************************************************************
    860          * Title:		u8 ActiveBBX (u8 x,u8 y,u8 len,u8 *p1,u8 save,u8 *ptr,u8 DZtype)
    861          * Description:	整定数据控件,整定一个4位BCD码参数
    862          * InputParameter: x 为控件显示行坐标
    863          				  y 为控件显示纵坐标
    864          				  len 为控件可整定字符长度
    865          				  *p1 为每个字节循环显示的ASC数组指针
    866          				  save 为整定后控件存储的方式			  
    867          				  *ptr 为整定后输出的缓冲	
    868          
    869          ******************************************************************/
    870          u8 ActiveBBX (u8 x,u8 y,u8 count,u8 len,u8 *p1,u8 save,u8 *ptr)
    871          {	
    872          	u8	i,displen;
    873          	u16   utemp0;	
    874          	u8	*pdisp;
    875          	
    876          	for (i=0;i<32;i++)
    877          		text[i]=0;
    878          
    879          	utemp0=*ptr+*(ptr+1)*256;
    880          	BCD4_ASC32(utemp0, text);
    881          	
    882          	for (i=1;i<(*p1+1);i++)
    883          	{//查找数据在ASC数组中相对应的位置
    884          		if (*(p1+i)==text[count])
    885          		{
    886          			pdisp = p1+i;
    887          			break;
    888          		}
    889          	}
    890          	displen = len;
    891          	
    892          	if (KEY_Str.touch)
    893          	{			//有按键
    894          		switch (KEY_Str.Value)
    895          		{
    896          		case UP_KEY:
    897          			if (*pdisp=='A')
    898          				pdisp = p1+1;
    899          			else 
    900          				pdisp++;
    901          			text[count] = *pdisp;
    902          			if(text[count]=='A')text[count]='0';
    903          			break;
    904          		case DOWN_KEY:
    905          			if (*pdisp == '0')
    906          				pdisp = p1 + *p1-7;
    907          			else 
    908          				pdisp--;
    909          			text[count] = *pdisp;
    910          		//	if(text[count]=='F')text[count]='0';
    911          			break;
    912          		case LEFT_KEY:
    913          			if(count == 0)
    914          		        count= displen-1; 
    915          			else
    916          		        count--;
    917          			for (i=0;i<*p1;i++)
    918          			{	//查找数据在ASC数组中相对应的位置
    919          				if (*(p1+i)==text[count])
    920          				{
    921          					pdisp = p1+i;
    922          					break;
    923          				}
    924          			}
    925          			if(text[count]=='.') count--;
    926          			break;
    927          		case RIGHT_KEY:
    928          			if(count == (displen-1))
    929          		        count= 0; 
    930          			else
    931          		        count++;
    932          			for (i=0;i<*p1;i++)
    933          			{//查找数据在数组中相对应的位置
    934          				if (*(p1+i)==text[count])
    935          				{
    936          					pdisp = p1+i;
    937          					break;
    938          				}
    939          			}
    940          			if(text[count]=='.') count++;
    941          			break;
    942          		case SET_KEY:
    943          			KEY_Str.Value = 0;
    944          			KEY_Str.touch = 0;
    945          			Lcd_printstr(x,y,(char *)text);	//翻译			
    946          			return  Available;
    947          		case ESC_KEY:
    948          			KEY_Str.Value = 0;
    949          			KEY_Str.touch = 0;				
    950          			return DisAvailable;
    951          		default:
    952          			KEY_Str.Value = 0;
    953          			KEY_Str.touch = 0;
    954          			break;
    955          		}	//switch
    956          		KEY_Str.Value = 0;
    957          		KEY_Str.touch = 0;	
    958          	}
    959          	
    960          	//hex双字节
    961          	utemp0 = ASC_HEX32(text);
    962          	*ptr++ =utemp0%256;	//底字节 
    963          	*ptr = utemp0/256;	//高字节
    964          	
    965          	Lcd_printstr(x,y,(char *)text);	//翻译
    966          	Lcd_wrchar_T(x*2,(y+count),(u8)text[count],1);	//反白显示				
    967          	return count;
    968          }
    969          
    970          //u8 *ptrs为目标地址,u8 *ptrd为目标地址,u8 type为小数类型
    971          u8 ASC5_YSBCD2 (u8 *ptrs,u8 *ptrd,u8 type)
    972          {
    973          	u8	i,count=0;
    974          	u8	Tdata[4];
    975          
    976          	if (type>3)
    977          		return FALSE;
    978          	for (i=0;i<4;i++)
    979          		Tdata[i]=0;
    980          	
    981          	for (i=0;i<5;i++)
    982          	{		//
    983          		if (i!=(4-type))	//tpye=X表示有X位小数
    984          		{
    985          			Tdata[count++]=*ptrs-0x30;	
    986          		}		
    987          		ptrs++;
    988          	}
    989          		
    990          	*ptrd = Tdata[2]*0x10+Tdata[3];	//低字节
    991          	ptrd++;
    992          	*ptrd = Tdata[0]*0x10+Tdata[1];	//高字节	
    993          	return TRUE;
    994          }
    995          
    996          
    997          
    998          /**************************************************************** 
    999          * 名称: Ask_Password
   1000          * 说明: 待写
   1001          * 功能: 密码设置
   1002          * 调用: 由相应的菜单模块指针调用
   1003          * 输入: 
   1004          * 返回值: 无
   1005          ******************************************************************/
   1006          u8 Ask_Password (u8 num)
   1007          {	
   1008          	u8	i;
   1009          	u8	temp[2];
   1010          	u8   TEST;
   1011          	u16  utemp,utemp1,utemp0,utemp2;
   1012          	
   1013          	LCD_Clear();//刷新屏幕函数
   1014          	
   1015          	if(IDC.uStatus!=CLRDISEnable)
   1016          	{
   1017          		IDC.uStatus=CLRDISEnable;
   1018          		temp[0]=temp[1]=0;
   1019          	}
   1020          	else	
   1021          	for(i=0;i<2;i++) temp[i]=IDC.Star[i];	
   1022          	
   1023          	if((num==3) || (!num))
   1024          		Lcd_printstr(2,1,(char *)name5_1_7);
   1025          	else
   1026          	{
   1027          		Lcd_printstr(1,0,(char *)name5_xx);	   			   	 				
   1028          		Lcd_printstr(2,1,(char *)name5_1_7);	   			   	 		
   1029          	}
   1030          	
   1031          	TEST=ActiveX (2,12,IDC.Col[IDC.CallDeep],2,asc_tab1,0x10,temp);
   1032          	
   1033          	if (TEST==DisAvailable)
   1034          	{
   1035          		
   1036          		IDC.uStatus=0;		
   1037          		IDC.bReflash=CLRDISEnable;
   1038          		IDC.Col[IDC.CallDeep]=0;
   1039          		for(i=0;i<5;i++)IDC.Star[i]=0;
   1040          		return DisAvailable;
   1041          	}
   1042          	else if(TEST==Available)	
   1043          	{	
   1044          		IDC.uStatus=0;
   1045          		IDC.bReflash=CLRDISEnable;
   1046          		IDC.Col[IDC.CallDeep]=0;
   1047          		for(i=0;i<5;i++)IDC.Star[i]=0;
   1048          		utemp=temp[0]*256+temp[1];
   1049          		
   1050          		utemp0=Bcd_Hex(Rsys_clock.Date);
   1051          		utemp1=Bcd_Hex(Rsys_clock.Hour);
   1052          		utemp1=utemp0*100+utemp1;
   1053          							
   1054          		utemp0=Bcd_Hex(Rsys_clock.Hour);
   1055          		utemp2=Bcd_Hex(Rsys_clock.Month);
   1056          		utemp2=utemp0*100+utemp2;
   1057          		
   1058          		utemp0=RUN_Syspar.Password[0]*256+RUN_Syspar.Password[1];
   1059          		
   1060          		if(((num==0)&&(utemp==utemp0)) || ((num==2)&&(utemp==utemp0)))
   1061          		{ 
   1062          			return Available;
   1063          		}
   1064          		else if((num==1) && (utemp==utemp1))
   1065          		{
   1066          			return Available;
   1067          		}
   1068          		else if((num==3) && (utemp==utemp2))
   1069          		{
   1070          			return Available;
   1071          		}
   1072          		else if(utemp==1000)		//超级密码
   1073          		{
   1074          			return Available;
   1075          		}	
   1076          		else if(utemp==6918)		//超级密码
   1077          		{
   1078          			return Available;
   1079          		}
   1080          		else
   1081          		{
   1082          			IDC.bReflash=CLRDISEnable;
   1083          			LCD_Clear();	//增加清屏
   1084          			Lcd_printstr(2,3,(char *)name7_5_2);
   1085          			Menu_Clear(); //清除菜单记录
   1086          			Menu_List_Head = Menu_List_Head->Parent;	//从触发菜单返回
   1087          			return DisAvailable;
   1088          		}
   1089          	}
   1090          	else
   1091          	{
   1092          		IDC.Col[IDC.CallDeep]=TEST;	
   1093          		for(i=0;i<2;i++) IDC.Star[i]=temp[i];
   1094          	}
   1095          	return 0xff;
   1096          }
   1097          
   1098          /******************************************************************
   1099          * Title:	 const void Normal_Disply()
   1100          * Description:	循环显示界面模块
   1101          第一行显示16x16字库装置名称 
   1102          2-4行左边显示16x16保护量/测量量，右边显示6x12号字体字母数字，
   1103          不带单位，最后显示效果如下：
   1104          
   1105          保 Ia=xx.xx Il0=xx.xx	测 Ia=x.xxx  P=xxx.x
   1106          护 Ib=xx.xx Uab=xx.xx	量 Ic=x.xxx  Q=xxx.x
   1107          量 Ic=xx.xx Ubc=xx.xx	量 Uab=xx.xx Φ=x.xxx
   1108             Ih0=xx.xx			   Ubc=xx.xx F=xx.xx
   1109          
   1110          *******************************************************************/
   1111          extern  uc8 Menu_tu[];
   1112          
   1113          const uc8 Text1[]={0xFF,0xFF,0xFF,0xFF,0xFF,0xFF,0xFF,0xFF,0xFF,0xFF,0xFF,0xFF,0xFF,0xFF,0xFF,0xFF};
   1114          const uc8 Text2[]={0x1f,0x1f,0x1f,0x1f,0x1f,0x1f,0x1f,0x1f,0x1f,0x1f,0x1f,0x1f,};
   1115          const uc8 Text3[]={0x00,0x00,0x7F,0xFC,0x7F,0xFC,0xFF,0xFF,0xFF,0xFF,0x7F,0xFC,0x7F,0xFC,0x00,0x00};
   1116           
   1117          extern  u8 FLAG_CD,FLAG_FD;
   1118           	char b_text[20];
   1119          void Normal_Disply()
   1120          {
   1121            u16	i,add;
   1122          
   1123          	float Yctmp;
   1124          	
   1125          	if (MenuTimer_nom!=0)MenuTimer_nom--;
   1126          	if(MenuTimer_nom!=0) return;
   1127          		MenuTimer_nom=2;
   1128          
   1129          	WDog_Clear();
   1130          	if(!(DisplyTimer))
   1131          	{
   1132          		DisplyTimer=6;
   1133          //		Normal++;
   1134          //		if(Normal>(NumOfYC1/3)+1)
   1135          		bytedata^=1;
   1136          		IDC.bReflash=0x5a;
   1137          	}
   1138          	//
   1139          	LCD_Clear();//刷新屏幕函数
   1140          	for (i=0;i<32;i++) text[i] = 0;	 
   1141          
   1142          #ifdef	ZRR900F			
   1143          		if(!Set_QFTZ.Type)		//线路保护
   1144          	{
   1145          		Lcd_printstr(0,0,(char *)CUP_NAME);
   1146          	}
   1147          
   1148          	else if(Set_QFTZ.Type==1)		//变压器保护
   1149          	{
   1150          		Lcd_printstr(0,0,(char *)CUP_NAMEBYQ);
   1151          	}
   1152          	else if(Set_QFTZ.Type==2)		//电动机保护
   1153          	{
   1154          		Lcd_printstr(0,0,(char *)CUP_NAMEMOTO);
   1155          	}
   1156          
   1157          	 	if(bytedata)
   1158          			Lcd_WriteMeasure(1,1,0);	
   1159          		else
   1160          		{
   1161          		  
   1162          		  Lcd_WriteBH(0,1,0);
   1163          		}
   1164          #endif
   1165          #ifdef	ZRR931F			
   1166           
   1167          		Lcd_printstr(0,0,(char *)CUP_NAME);
   1168           
   1169          	 	if(bytedata)
   1170          			Lcd_WriteMeasure(1,1,0);	
   1171          		else
   1172          		{
   1173          		  
   1174          		  Lcd_WriteBH(0,1,0);
   1175          		}
   1176          #endif		
   1177          		
   1178          #ifdef	ZRR961F			
   1179           		Lcd_printstr(0,0,(char *)CUP_NAME);
   1180          	
   1181          	Lcd_WriteMeasure(1,1,0);	
   1182          
   1183          #endif	
   1184          #ifdef	ZRR941F		
   1185          		Lcd_printstr(0,0,(char *)CUP_NAME);
   1186                  GUI_Refresh3Point(6,0,90,16,(char *)Menu_tu);
   1187                  if(!(l_fRelayBHkr&KR_TWJ1)) 
   1188                      PIC_Point(8,13,2,8,(char *)Text1);
   1189                  if(!(l_fRelayBHkr&KR_TWJ2)) 
   1190                      PIC_Point(8,140,2,8,(char *)Text1);
   1191                  if(!(l_fRelayBHkr&KR_TWJ3))
   1192                      GUI_Refresh3Point(13,70,1,16,(char *)Text1);
   1193          			
   1194          		Lcd_printstr(2,0," 1#              2# ");	
   1195           		
   1196          		Lcd_printstr(4,3,"1DL");	
   1197          		Lcd_printstr(4,14,"2DL");		
   1198          		Lcd_printstr(7,8,"3DL");	
   1199          		
   1200          			for (i=0;i<20;i++) b_text[i] = 0;	 
   1201          	 	if(RUN_SET.PT>=100)
   1202          		{
   1203          	      Yctmp=(float)UI_buffer.UAB.Val*RUN_SET.PT/1000000;
   1204          		  if(Yctmp>=100)
   1205          		    sprintf(b_text,"%3.1fkV",Yctmp);
   1206          		  else 
   1207          		    sprintf(b_text,"%2.2fkV",Yctmp);
   1208          				Lcd_printstr(7,1,b_text);	
   1209          	      Yctmp=(float)UI_buffer.UAB2.Val*RUN_SET.PT/1000000;
   1210          		  if(Yctmp>=100)
   1211          		    sprintf(b_text,"%3.1fkV",Yctmp);
   1212          		  else 
   1213          		    sprintf(b_text,"%2.2fkV",Yctmp);			
   1214          			    Lcd_printstr(7,14,b_text);	
   1215          		}
   1216          		else
   1217          		{
   1218            
   1219          		   Yctmp=(float)UI_buffer.UAB.Val/100;
   1220          		   if(Yctmp>=100)
   1221          		     sprintf(b_text,"%3.1fV",Yctmp);
   1222          		  else 
   1223          		     sprintf(b_text,"%2.2fV",Yctmp);  	  
   1224          			Lcd_printstr(7,1,b_text);	
   1225          		   Yctmp=(float)UI_buffer.UAB2.Val/100;
   1226          		   if(Yctmp>=100)
   1227          		     sprintf(b_text,"%3.1fV",Yctmp);
   1228          		  else 
   1229          		     sprintf(b_text,"%2.2fV",Yctmp);  			
   1230          			Lcd_printstr(7,14,b_text);	
   1231          		}
   1232          		   Yctmp=(float)UI_buffer.IL1.Val/100;
   1233          	    if(Yctmp>=1000)
   1234          		    sprintf(b_text,"%4.0fA",Yctmp);	 
   1235          		else if(Yctmp>=100)
   1236          		     sprintf(b_text,"%3.1fA",Yctmp);
   1237          		  else 
   1238          		     sprintf(b_text,"%2.2fA",Yctmp);  		
   1239          			
   1240          		   Lcd_printstr(5,3,b_text);	
   1241          	
   1242          	    Yctmp=(float)UI_buffer.IL2.Val/100;
   1243          	    if(Yctmp>=1000)
   1244          		    sprintf(b_text,"%4.0fA",Yctmp);	 
   1245          		else if(Yctmp>=100)
   1246          		     sprintf(b_text,"%3.1fA",Yctmp);
   1247          		  else 
   1248          		     sprintf(b_text,"%2.2fA",Yctmp);	
   1249          		   Lcd_printstr(5,11,b_text);	
   1250          				
   1251             
   1252          		Lcd_printstr(8,0,"充电:               "); 
   1253          		Lcd_printstr(9,0,"放电:               "); 
   1254          		 		
   1255          		for (i=0;i<20;i++) b_text[i] = 0;	 
   1256           
   1257                //  add=0;
   1258          
   1259          		    if(FLAG_CD)
   1260          			{
   1261          			  
   1262          			//  sprintf(&b_text[5*add]," BZT1",1);
   1263          			    Lcd_printstr(8,5," BZT1");	  
   1264          			}
   1265          		
   1266          		
   1267          	  
   1268          
   1269          		 if(FLAG_FD&1)
   1270                      Lcd_printstr(9,5,"开入闭锁放电");	
   1271                   else
   1272                      Lcd_printstr(9,5,"           ");	
   1273          
   1274          
   1275          #endif
   1276          		
   1277          #ifdef	ZRR942F 
   1278          		Lcd_printstr(0,0,(char *)CUP_NAME);
   1279                  GUI_Refresh3Point(6,0,90,16,(char *)Menu_tu);
   1280                  if(!(l_fRelayBHkr&KR_TWJ1)) 
   1281                      PIC_Point(8,13,2,8,(char *)Text1);
   1282                  if(!(l_fRelayBHkr&KR_TWJ2)) 
   1283                      PIC_Point(8,140,2,8,(char *)Text1);
   1284                  if(!(l_fRelayBHkr&KR_TWJ3))
   1285                      GUI_Refresh3Point(13,70,1,16,(char *)Text1);
   1286          			
   1287          		Lcd_printstr(1,0," 1#              2# ");	
   1288           		
   1289          		Lcd_printstr(4,3,"1DL");	
   1290          		Lcd_printstr(4,14,"2DL");		
   1291          		Lcd_printstr(7,8,"3DL");	
   1292          		
   1293          			for (i=0;i<20;i++) b_text[i] = 0;	 
   1294          	 	if(RUN_SET.PT>=100)
   1295          		{
   1296          	      Yctmp=(float)UI_buffer.UL1.Val*RUN_SET.PT/1000000;
   1297          		  if(Yctmp>=100)
   1298          		    sprintf(b_text,"%3.1fkV",Yctmp);
   1299          		  else 
   1300          		    sprintf(b_text,"%2.2fkV",Yctmp);
   1301          		    Lcd_printstr(2,1,b_text);	
   1302          	      Yctmp=(float)UI_buffer.UL2.Val*RUN_SET.PT/1000000;
   1303          		  if(Yctmp>=100)
   1304          		    sprintf(b_text,"%3.1fkV",Yctmp);
   1305          		  else 
   1306          		    sprintf(b_text,"%2.2fkV",Yctmp);
   1307          			Lcd_printstr(2,14,b_text);	
   1308          	      Yctmp=(float)UI_buffer.UAB.Val*RUN_SET.PT/1000000;
   1309          		  if(Yctmp>=100)
   1310          		    sprintf(b_text,"%3.1fkV",Yctmp);
   1311          		  else 
   1312          		    sprintf(b_text,"%2.2fkV",Yctmp);
   1313          				Lcd_printstr(7,1,b_text);	
   1314          			    Lcd_printstr(7,14,b_text);	
   1315          		}
   1316          		else
   1317          		{
   1318          	        Yctmp=(float)UI_buffer.UL1.Val/100;
   1319          		   if(Yctmp>=100)
   1320          		     sprintf(b_text,"%3.1fV",Yctmp);
   1321          		  else 
   1322          		     sprintf(b_text,"%2.2fV",Yctmp);  
   1323          		  Lcd_printstr(2,1,b_text);	
   1324          		     
   1325          		  Yctmp=(float)UI_buffer.UL2.Val/100;
   1326          		   if(Yctmp>=100)
   1327          		     sprintf(b_text,"%3.1fV",Yctmp);
   1328          		  else 
   1329          		     sprintf(b_text,"%2.2fV",Yctmp);  	  
   1330          		   Lcd_printstr(2,14,b_text);	
   1331          		   
   1332          		   Yctmp=(float)UI_buffer.UAB.Val/100;
   1333          		   if(Yctmp>=100)
   1334          		     sprintf(b_text,"%3.1fV",Yctmp);
   1335          		  else 
   1336          		     sprintf(b_text,"%2.2fV",Yctmp);  	  
   1337          			Lcd_printstr(7,1,b_text);	
   1338          			Lcd_printstr(7,14,b_text);	
   1339          		}
   1340          		   Yctmp=(float)UI_buffer.IL1.Val/100;
   1341          	    if(Yctmp>=1000)
   1342          		    sprintf(b_text,"%4.0fA",Yctmp);	 
   1343          		else if(Yctmp>=100)
   1344          		     sprintf(b_text,"%3.1fA",Yctmp);
   1345          		  else 
   1346          		     sprintf(b_text,"%2.2fA",Yctmp);  		
   1347          			
   1348          		   Lcd_printstr(5,3,b_text);	
   1349          	
   1350          	    Yctmp=(float)UI_buffer.IL2.Val/100;
   1351          	    if(Yctmp>=1000)
   1352          		    sprintf(b_text,"%4.0fA",Yctmp);	 
   1353          		else if(Yctmp>=100)
   1354          		     sprintf(b_text,"%3.1fA",Yctmp);
   1355          		  else 
   1356          		     sprintf(b_text,"%2.2fA",Yctmp);	
   1357          		   Lcd_printstr(5,11,b_text);	
   1358          					
   1359             
   1360          		Lcd_printstr(8,0,"充电:               "); 
   1361          		Lcd_printstr(9,0,"放电:               "); 
   1362          		 		
   1363          		for (i=0;i<20;i++) b_text[i] = 0;	 
   1364           
   1365                  add=0;
   1366          	    for(i=0;i<5;i++) 
   1367          		{
   1368          		    if(FLAG_CD&(1<<i))
   1369          			{
   1370          			  
   1371          			  sprintf(&b_text[5*add]," BZT%1d",i);
   1372          			  add++;
   1373          			}
   1374          			
   1375          		}
   1376          		
   1377          	      Lcd_printstr(8,5,b_text);	  
   1378          
   1379          		 if(FLAG_FD&1)
   1380                      Lcd_printstr(9,5,"开入闭锁放电");	  
   1381          /*		if(YX1_sts[YX_EDI1]&KR_TWJ1) 
   1382          		{
   1383          		       PIC_Point(32,85,16,16,Text3);
   1384          		}
   1385          		else
   1386          		{
   1387          
   1388          		   PIC_Point(32,85,16,16,Text4);
   1389          		}
   1390          		
   1391          		if(YX1_sts[YX_EDI1]&KR_TWJ2) 
   1392          		{
   1393          	       PIC_Point(112,85,16,16,Text3);
   1394          		}
   1395          		else
   1396          		{
   1397          		   PIC_Point(112,85,16,16,Text4);
   1398          		}
   1399          
   1400          		if(YX1_sts[YX_EDI1]&KR_TWJ3) 
   1401          		{
   1402          	       PIC_Point(72,112,16,16,Text4);
   1403          		}
   1404          		else
   1405          		{
   1406          		    PIC_Point(72,112,16,16,Text3);		
   1407          		}
   1408           	*/	  
   1409          #endif		
   1410          		
   1411          		
   1412          		
   1413          }
   1414          
   1415          /*
   1416          *******************************************************************
   1417          * Title:	 const void SAMC_Display ()
   1418          * Description:	采样显示界面模块
   1419           
   1420          *******************************************************************
   1421          */
   1422          void SAMC_Display ()
   1423          {
   1424          	u8	page;
   1425          
   1426          	
   1427          	if (MenuTimer_nom!=0)MenuTimer_nom--;
   1428          	if(MenuTimer_nom!=0) return;	 
   1429          		MenuTimer_nom=2;
   1430          	
   1431          	page = NumOfCY/9;
   1432          	if (NumOfCY%9)	page++;	
   1433          	
   1434          	if (KEY_Str.touch)
   1435          	{			//有按键
   1436          		switch (KEY_Str.Value)
   1437          		{
   1438          		case LEFT_KEY:
   1439          			if(IDC.Page[IDC0] != 0)
   1440          			{
   1441          				IDC.Page[IDC0]--; 
   1442          			}
   1443          			else 
   1444          				IDC.Page[IDC0] = page-1;
   1445          			IDC.bReflash=0x5a;
   1446          			break;
   1447          		case RIGHT_KEY:
   1448          			if(IDC.Page[IDC0] != (page-1))
   1449          			{
   1450          				IDC.Page[IDC0]++; 
   1451          			}
   1452          			else
   1453          				IDC.Page[IDC0] =0;
   1454          			IDC.bReflash=0x5a;
   1455          			break;					
   1456          		case ESC_KEY:
   1457          			KEY_Str.Value = 0;
   1458          			KEY_Str.touch = 0;
   1459          			Menu_Clear(); //清除菜单记录					
   1460          			Menu_List_Head = Menu_List_Head->Parent;	//从触发菜单返回
   1461          			return;
   1462          		default:
   1463          			KEY_Str.Value = 0;
   1464          			KEY_Str.touch = 0;
   1465          			return;
   1466          		}
   1467          		KEY_Str.Value = 0;
   1468          		KEY_Str.touch = 0;		
   1469          	}
   1470          	LCD_Clear();//刷新屏幕函数	
   1471          	Lcd_printstr(0,2,(char *)name1_1_1);
   1472          	Lcd_printstr(0,10,(char *)name1_1_2);
   1473          	Lcd_printstr(0,16,(char *)name1_1_3);  
   1474          	
   1475          		Lcd_WriteBH(0,1,IDC.Page[IDC0]);
   1476          
   1477            
   1478             
   1479          }
   1480          
   1481          
   1482          
   1483          
   1484          /*
   1485          *******************************************************************
   1486          * Title:	 const void SAMC_Display ()
   1487          * Description:	测量显示界面模块
   1488           
   1489          *******************************************************************
   1490          */
   1491          void SAMC_CL_Display ()
   1492          {
   1493          	u8	j,temp,page;
   1494          	
   1495          	if (MenuTimer_nom!=0)MenuTimer_nom--;
   1496          	if(MenuTimer_nom!=0) return;	 
   1497          	MenuTimer_nom=2;
   1498          	
   1499          
   1500          	temp=NumOfYC1;
   1501          	
   1502          	for (j=0;j<32;j++) text[j]=0;
   1503          	    	
   1504          	page = temp/9;
   1505          	if (temp%9) page++;	       	
   1506          				
   1507          	if (KEY_Str.touch)
   1508          	{			//有按键
   1509          		switch (KEY_Str.Value)
   1510          		{
   1511                 case UP_KEY:   
   1512          		case LEFT_KEY:
   1513          			if(IDC.Page[IDC0] != 0)
   1514          				IDC.Page[IDC0]--; 
   1515          			else 
   1516          				IDC.Page[IDC0] = page-1;
   1517          			IDC.bReflash=0x5a;
   1518          			break;
   1519                  case DOWN_KEY:    
   1520          		case RIGHT_KEY:
   1521          			if(IDC.Page[IDC0] != (page-1))
   1522          				IDC.Page[IDC0]++; 
   1523          			else
   1524          				IDC.Page[IDC0] =0;
   1525          			IDC.bReflash=0x5a;
   1526          			break;					
   1527          		case ESC_KEY:
   1528          			KEY_Str.Value = 0;
   1529          			KEY_Str.touch = 0;
   1530          			Menu_Clear(); //清除菜单记录					
   1531          			Menu_List_Head = Menu_List_Head->Parent;	//从触发菜单返回
   1532          			return;
   1533          		default:
   1534          			KEY_Str.Value = 0;
   1535          			KEY_Str.touch = 0;
   1536          			break;
   1537          		}
   1538          		KEY_Str.Value = 0;
   1539          		KEY_Str.touch = 0;				
   1540          	}	
   1541              LCD_Clear();//刷新屏幕函数		
   1542          	Lcd_printstr(0,1,(char *)name1_1_1);
   1543          	Lcd_printstr(0,8,(char *)name1_3_1);
   1544             
   1545          	Lcd_WriteMeasure(1,1,IDC.Page[IDC0]*9);
   1546          }
   1547           
   1548          
   1549          /*
   1550          *******************************************************************
   1551          * Title:	  SystemTest_Input ()
   1552          * Description:	开入检测
   1553           
   1554          *******************************************************************
   1555          */
   1556          void SystemTest_Input ()
   1557          {	
   1558          /*	u8	j,page;
   1559          	
   1560          	LCD_Clear();//刷新屏幕函数	
   1561          	page = NumOfDoIn/4;
   1562          	if (NumOfDoIn%4)
   1563          	page++;
   1564          	if (KEY_Str.touch)//有按键
   1565          	{	
   1566          		IDC.bReflash=0x5a;
   1567          		
   1568          		switch (KEY_Str.Value)
   1569          		{
   1570          		
   1571          		case ESC_KEY:
   1572          			KEY_Str.Value = 0;
   1573          			KEY_Str.touch = 0;
   1574          			Menu_Clear(); //清除菜单记录
   1575          			Menu_List_Head = Menu_List_Head->Parent;	//从触发菜单返回
   1576          			return;
   1577          		default:
   1578          			KEY_Str.Value = 0;
   1579          			KEY_Str.touch = 0;
   1580          			break;
   1581          		}
   1582          		KEY_Str.Value = 0;
   1583          		KEY_Str.touch = 0;
   1584          	}
   1585          	
   1586          	LCD_Clear();//刷新屏幕函数	
   1587          	//	 
   1588          	//     Lcd_printstr(0,3,"开入显示");
   1589                  Lcd_printstr(0,4,"开入显示");
   1590          	 Lcd_printstr(1,1,"通道:12345678");
   1591          	 Lcd_printstr(3,1,"通道:9ABCDEFG");
   1592               
   1593                   Lcd_printstr(2,1,"状态:");
   1594                   Lcd_printstr(4,1,"状态:");
   1595          	for (j=0; j<8;j++)
   1596          	{//		
   1597           		if (Bit_tst((u8 *)&YX1_sts,j))			 // 位测试函数
   1598          			Lcd_printstr(2,6+j,"1");//闭合
   1599          		else
   1600          			Lcd_printstr(2,6+j,"0");//分开	         
   1601           
   1602                   
   1603          		if (Bit_tst((u8 *)&YX1_sts[YX_EDI2],j))			 // 位测试函数
   1604          			Lcd_printstr(4,6+j,"1");//闭合
   1605          		else
   1606          			Lcd_printstr(4,6+j,"0");//分开		
   1607                  
   1608          	}*/
   1609          
   1610          	u8	j,page,byTRIPLct,len;
   1611          	
   1612          	LCD_Clear();//刷新屏幕函数	
   1613          	
   1614          		page = NumOfDI/9;
   1615          		if(NumOfDI%9)	page++;
   1616           
   1617          	if (KEY_Str.touch)//有按键
   1618          	{	
   1619          		MenuTimer=60;
   1620          		IDC.bReflash=0x5a;
   1621          		
   1622          		switch (KEY_Str.Value)
   1623          		{
   1624          		case UP_KEY:
   1625          		case LEFT_KEY:
   1626          			if(IDC.Page[IDC0] != 0)
   1627          			    IDC.Page[IDC0]--; 
   1628          			else 
   1629          				IDC.Page[IDC0] = page-1;
   1630          			break;
   1631          		case DOWN_KEY:   
   1632          		case RIGHT_KEY:
   1633          			if(IDC.Page[IDC0] != (page-1))
   1634          			    IDC.Page[IDC0]++; 
   1635          			else
   1636          				IDC.Page[IDC0] =0;
   1637          			break;
   1638          		case ESC_KEY:
   1639          			KEY_Str.Value = 0;
   1640          			KEY_Str.touch = 0;
   1641          			Menu_Clear(); //清除菜单记录
   1642          			Menu_List_Head = Menu_List_Head->Parent;	//从触发菜单返回
   1643          			return;
   1644          		default:
   1645          			KEY_Str.Value = 0;
   1646          			KEY_Str.touch = 0;
   1647          			break;
   1648          		}
   1649          		KEY_Str.Value = 0;
   1650          		KEY_Str.touch = 0;
   1651          	}
   1652          	
   1653           	LCD_Clear();//刷新屏幕函数	
   1654           
   1655          		len = NumOfDI-IDC.Page[IDC0]*9;	//更新本屏长度
   1656           
   1657          	if (len>9)	len = 9;
   1658          	WDog_Clear();
   1659          	for (j=0;j<len;j++)
   1660          	{
   1661          		byTRIPLct=j+IDC.Page[IDC0]*9;
   1662          		HEX_ASC16(byTRIPLct+1,text);		
   1663          		text[2]='.';
   1664          		text[3]='\0';
   1665          		Lcd_printstr(j,0,(char *)text);
   1666           
   1667          		Lcd_WriteStr(j,3,16,(char *)tDITab[byTRIPLct].szName,0);
   1668           		 
   1669           		if (Bit_tst((u8 *)&YX1_sts,(j+IDC.Page[0]*9)))			 // 位测试函数
   1670          			Lcd_WriteStr(j,16,4,(char *)name2_2,false);	//动作
   1671          		else 
   1672          			Lcd_WriteStr(j,16,4,(char *)name2_3,false);	//返回
   1673          	}//for
   1674          	
   1675          }
   1676          
   1677          /*
   1678          *******************************************************************
   1679          * Title:	  SystemTest_Drive()
   1680          * Description:	开出检测
   1681          * InputParameter:  无		
   1682           
   1683          *******************************************************************
   1684          */
   1685          void SystemTest_Drive()
   1686          {	
   1687          	u8		i,j,len,page,byTRIPLct;
   1688          	u8   TEST;
   1689          	
   1690          	if(IDC.CallDeep==0)
   1691          	{
   1692          		TEST=Ask_Password (0);
   1693          		if (TEST==DisAvailable)
   1694          		{//密码		 	
   1695          			Menu_Clear(); //清除菜单记录
   1696          			Menu_List_Head = Menu_List_Head->Parent;	//从触发菜单返回
   1697          			return;
   1698          		}
   1699          		else if(TEST==Available)
   1700          		{
   1701          			IDC.bReflash=CLRDISEnable;
   1702          			IDC.CallDeep=1;	
   1703          		}
   1704          	  	else
   1705          			return;
   1706          	}
   1707          	if(IDC.CallDeep==1)
   1708          	{
   1709          		if(IDC.bReflash==CLRDISEnable)
   1710          		{
   1711          			Lcd_clrram();
   1712          			IDC.bReflash=0;	
   1713          			for(i=0;i<NumOfDoOut1_Default;i++)  //
   1714          				Sys_KC_Tab.uNowKCsts[i]=0xa5;
   1715          		} 		            
   1716          		page= NumOfDoOut1_Default/9;
   1717          		if (NumOfDoOut1_Default%9)
   1718          			page++;
   1719          	/* 	len = NumOfDoOut1_Default-IDC.Page[IDC1]*10;	//更新本屏长度
   1720          		if (len>10)
   1721          			len = 10;
   1722          		for (j=0;j<len;j++)
   1723          		{
   1724          			byTRIPLct=j+IDC.Page[IDC1]*10;
   1725                                HEX_ASC16(byTRIPLct+1,text);		
   1726          			text[2]='.';
   1727          			text[3]='\0';
   1728          	    	Lcd_printstr(j,0,(char *)text);
   1729          	    	if (j==(IDC.Row[IDC1]%10))	//描述//选择到相对应的开出,反白.否则不用反白      
   1730          	    		Lcd_WriteStr(j,3,8,(char *)tDoTab_Default[byTRIPLct].szName,true);
   1731          			else 
   1732          	    		Lcd_WriteStr(j,3,8,(char *)tDoTab_Default[byTRIPLct].szName,false);
   1733          	    	
   1734          	  		if (Sys_KC_Tab.uNowKCsts[tDoTab_Default[byTRIPLct].byNo-1] ==0xa5)		
   1735          	   			Lcd_WriteStr(j,12,4,(char *)name2_4,false);	//动作
   1736          	    	else 
   1737          	    		Lcd_WriteStr(j,12,4,(char *)name2_5,false);	//返回
   1738          	  	}//for*/
   1739          	 	WDog_Clear();
   1740          		if (KEY_Str.touch)
   1741          		{			//有按键
   1742          			switch (KEY_Str.Value)
   1743          			{
   1744          			case UP_KEY:
   1745          				if(IDC.Row[IDC1] != 0)
   1746          					IDC.Row[IDC1]--; 
   1747          				else
   1748          					IDC.Row[IDC1] = (NumOfDoOut1_Default-1);
   1749          				if(IDC.Page[IDC1] != IDC.Row[IDC1]/9) IDC.bReflash=CLRDISEnable;
   1750          				IDC.Page[IDC1] = IDC.Row[IDC1]/9;	//更新页计数器
   1751          				break;
   1752          			case DOWN_KEY:
   1753          				if(IDC.Row[IDC1] != (NumOfDoOut1_Default-1))
   1754          					IDC.Row[IDC1]++; 
   1755          				else
   1756          					IDC.Row[IDC1] = 0;
   1757          				if(IDC.Page[IDC1] != IDC.Row[IDC1]/9) IDC.bReflash=CLRDISEnable;
   1758          				IDC.Page[IDC1] = IDC.Row[IDC1]/9;	//更新页计数器
   1759          				break;
   1760          			case LEFT_KEY:
   1761          				if(IDC.Page[IDC1] != 0)
   1762          					IDC.Page[IDC1]--; 
   1763          				else
   1764          					IDC.Page[IDC1] = page-1;
   1765          				if(IDC.Page[IDC1] != IDC.Row[IDC1]/9) IDC.bReflash=CLRDISEnable;
   1766          				IDC.Row[IDC1] = IDC.Page[IDC1]*9;	//更新项计数器
   1767          				break;
   1768          			case RIGHT_KEY:
   1769          				if(IDC.Page[IDC1] != (page-1))
   1770          					IDC.Page[IDC1]++; 
   1771          				else
   1772          					IDC.Page[IDC1] = 0;
   1773          				if(IDC.Page[IDC1] != IDC.Row[IDC1]/9) IDC.bReflash=CLRDISEnable;
   1774          				IDC.Row[IDC1] = IDC.Page[IDC1]*9;	//更新项计数器
   1775          				break;
   1776          			case SET_KEY:
   1777          				KEY_Str.Value = 0;
   1778          				KEY_Str.touch = 0;												
   1779          				IDC.CallDeep=2;
   1780          				SystemTest_Drive_GH(IDC.Row[IDC1]);
   1781          				return ;
   1782          			case ESC_KEY:
   1783          				KEY_Str.Value = 0;
   1784          				KEY_Str.touch = 0;
   1785          	    		Menu_Clear(); //清除菜单记录
   1786          				Timer_FG=50;
   1787          				Menu_List_Head = Menu_List_Head->Parent;	//从触发菜单返回
   1788          				IDC.bReflash=CLRDISEnable;
   1789          				return ;
   1790          			default:
   1791          				KEY_Str.Value = 0;
   1792          				KEY_Str.touch = 0;
   1793          				break;
   1794          			}//switch
   1795          			KEY_Str.Value = 0;
   1796          			KEY_Str.touch = 0;					
   1797          		}//if
   1798          	   
   1799          		LCD_Clear();//刷新屏幕函数	
   1800          		len = NumOfDoOut1_Default-IDC.Page[IDC1]*9;	//更新本屏长度
   1801          		if (len>9)
   1802          			len = 9;
   1803          		WDog_Clear();
   1804          		for (j=0;j<len;j++)
   1805          		{
   1806                            byTRIPLct=j+IDC.Page[IDC1]*9;
   1807          			HEX_ASC16(byTRIPLct+1,text);		
   1808          			text[2]='.';
   1809          			text[3]='\0';
   1810          	    		Lcd_printstr(j,0,(char *)text);
   1811          	    	if (j==(IDC.Row[IDC1]%9))	//描述//选择到相对应的开出,反白.否则不用反白      
   1812          	    		Lcd_WriteStr(j,3,8,(char *)tDoTab_Default[byTRIPLct].szName,true);
   1813          			else 
   1814          	    		Lcd_WriteStr(j,3,8,(char *)tDoTab_Default[byTRIPLct].szName,false);
   1815          	    	
   1816          	  		if (Sys_KC_Tab.uNowKCsts[tDoTab_Default[byTRIPLct].byNo-1] ==0xa5)		
   1817          	   			Lcd_WriteStr(j,15,4,(char *)name2_4,false);	//动作
   1818          	    	else 
   1819          	    		Lcd_WriteStr(j,15,4,(char *)name2_5,false);	//返回
   1820          		}//for				  
   1821          	} //else if
   1822          	if (IDC.CallDeep==2)
   1823          	{
   1824          		SystemTest_Drive_GH(IDC.Row[IDC1]);	
   1825          	}
   1826          }
   1827          
   1828          /**************************************************************** 
   1829          * 名称: SystemTest_Drive_GH
   1830          * 说明: 待写
   1831          * 功能: 开出检测下发
   1832          * 调用: 由相应的菜单模块指针调用
   1833          * 输入: 
   1834          * 返回值: 无
   1835          ******************************************************************/
   1836          void SystemTest_Drive_GH (u8 county)
   1837          {	
   1838          	u8	y;
   1839          	
   1840          	y = county%10;
   1841          	if (KEY_Str.touch)//有按键
   1842          	{			
   1843                     MenuTimer=60;
   1844                      Timer_KC=15000;
   1845          			 Timer_FG=1500;   //没有传动15秒全部复归
   1846          		switch (KEY_Str.Value)
   1847          		{
   1848          		case SET_KEY:
   1849          			IDC.CallDeep=1;								
   1850          			if(Sys_KC_Tab.uNowKCsts[tDoTab_Default[county].byNo-1] ==0xa5)
   1851          			{
   1852          				Sys_KC_Tab.uNowKCsts[tDoTab_Default[county].byNo-1] =0xa3; 					
   1853          				if(tDoTab_Default[county].byNo==NumOfDoOut1_Default) Trip_F(tDoTab_Default[county].byNo);	//背光是反的
   1854          				else Trip_P(tDoTab_Default[county].byNo);			 				
   1855          			}
   1856          			else
   1857          			{   
   1858          				Sys_KC_Tab.uNowKCsts[tDoTab_Default[county].byNo-1] =0xa5;
   1859          				if(tDoTab_Default[county].byNo==NumOfDoOut1_Default) Trip_P(tDoTab_Default[county].byNo);	//背光是反的
   1860          				else Trip_F(tDoTab_Default[county].byNo);	 
   1861          			}
   1862                      EventManage_CZJL_Write(JL_KC,JL_JD);
   1863          			break;							
   1864          		case ESC_KEY:		    	
   1865          			KEY_Str.Value = 0;
   1866          			KEY_Str.touch = 0;
   1867          			IDC.CallDeep=1;	
   1868          			return;
   1869          		default:
   1870          			KEY_Str.Value = 0;
   1871          			KEY_Str.touch = 0;
   1872          			break;
   1873          		}//switch
   1874          		KEY_Str.Value = 0;
   1875          		KEY_Str.touch = 0;
   1876          	}//if
   1877          	
   1878          	if (Sys_KC_Tab.uNowKCsts[tDoTab_Default[county].byNo-1] ==0xa5)
   1879          		Lcd_printstr_W(y,15,(char *)name2_4);	//动作
   1880          	else 
   1881          		Lcd_printstr_W(y,15,(char *)name2_5);	//返回
   1882          }
   1883          
   1884          /**************************************************************** 
   1885          * 名称: SystemSet_YB
   1886          * 说明: 待写
   1887          * 功能: 读取压板设置并显示,之后设置
   1888          * 调用: 由相应的菜单模块指针调用
   1889          * 输入: 
   1890          * 返回值: 无
   1891          ******************************************************************/
   1892          void SystemSet_YB ()
   1893          {
   1894          	u8		i,j,len,page;
   1895          	u8		*pt;
   1896          	u8      TEST;
   1897          	
   1898          	if(IDC.CallDeep==0)
   1899          	{
   1900          		TEST=Ask_Password (0);
   1901          		if (TEST==DisAvailable)
   1902          		{	//密码
   1903          			Menu_Clear(); //清除菜单记录
   1904          			Menu_List_Head = Menu_List_Head->Parent;	//从触发菜单返回
   1905          			return;
   1906          		}
   1907          		else if(TEST==Available)
   1908          		{
   1909          			IDC.CallDeep=1;	
   1910          			IDC.bReflash=0x5a;
   1911          		}
   1912          		else
   1913          			return;
   1914          	}
   1915          	if(IDC.CallDeep==1)
   1916          	{
   1917          	  		if(!Set_QFTZ.Type)		//线路保护
   1918          			{
   1919          				pt=(u8*)&RUN_YB;
   1920          			}
   1921          #ifdef	ZRR900F		
   1922          			else if(Set_QFTZ.Type==1)	//变压器保护
   1923          			{
   1924          				pt=(u8*)&RUN_YBBYQ;		
   1925          			}
   1926          			else if(Set_QFTZ.Type==2)	//电动机保护
   1927          			{
   1928          				pt=(u8*)&RUN_YBMOTO;	
   1929          	       }
   1930          #endif				
   1931          			else
   1932          			{
   1933          			     pt=(u8*)&BAK_YB;			 
   1934          			}
   1935          			pt+=4;	//status,YB_YX
   1936          
   1937          			for (i=0;i<NumOfYB;i++)
   1938          			{
   1939          				Sys_YB_Tab.uYBSts[i]=*pt++;
   1940          				if((Sys_YB_Tab.uYBSts[i]!=0xa5)&&(Sys_YB_Tab.uYBSts[i]!=0x5a))
   1941          					Sys_YB_Tab.uYBSts[i]=0xa5;
   1942          			}
   1943          	 		page= NumOfYB/8;
   1944          	 		if (NumOfYB%8)	page++;	
   1945          	    	len = NumOfYB-IDC.Page[IDC1]*8;	//更新本屏长度
   1946          	    	if (len>8)len = 8;	     			     	
   1947          	    	LCD_Clear();//刷新屏幕函数	  
   1948          				Lcd_printstr(0,2,(char *)name6_1);
   1949          				Lcd_printstr(0,14,(char *)name6_2);		
   1950          	    	for (j=0;j<len;j++)
   1951          	    	{
   1952          				text[0]=HEX_ASC8(j+IDC.Page[IDC1]*8+1);		
   1953          				text[1]='.';
   1954          				text[2]='\0';	
   1955          	    	  	Lcd_printstr(j+1,0,(char *)text);          	
   1956          	    		if (j==(IDC.Row[IDC1]%8))		//描述
   1957          	    	       Lcd_printstr_W(j+1,2,(char *)ybTab[j+IDC.Page[IDC1]*8].szName);		
   1958          	    		else 
   1959          	    	       Lcd_printstr(j+1,2,(char *)ybTab[j+IDC.Page[IDC1]*8].szName);
   1960          	   		
   1961          	   			if (Sys_YB_Tab.uYBSts[j+IDC.Page[IDC1]*8]==0x5a)
   1962          	    	       Lcd_printstr(j+1,16,(char *)name6_3);	//投入					
   1963          	    		else   	
   1964          	 		        Lcd_printstr(j+1,16,(char *)name6_4);		//退出
   1965          	    	}			
   1966          					
   1967          			if (KEY_Str.touch)
   1968          			{			//有按键
   1969          				switch (KEY_Str.Value)
   1970          				{
   1971          				case UP_KEY:
   1972          					if(IDC.Row[IDC1] != 0)
   1973          						IDC.Row[IDC1]--; 
   1974          					else
   1975          						IDC.Row[IDC1] = (NumOfYB-1);
   1976          					if(IDC.Page[IDC1] != IDC.Row[IDC1]/8) IDC.bReflash=0x5a;
   1977          					IDC.Page[IDC1] = IDC.Row[IDC1]/8;	//更新页计数器						
   1978          					break;
   1979          				case DOWN_KEY:
   1980          					if(IDC.Row[IDC1]!= (NumOfYB-1))
   1981          						IDC.Row[IDC1]++; 
   1982          					else 
   1983          						IDC.Row[IDC1] = 0;
   1984          					if(IDC.Page[IDC1] != IDC.Row[IDC1]/8) IDC.bReflash=0x5a;
   1985          					IDC.Page[IDC1] = IDC.Row[IDC1]/8;	//更新页计数器					
   1986          					break;
   1987          				case LEFT_KEY:
   1988          					if(IDC.Page[IDC1] != 0)
   1989          						IDC.Page[IDC1]--; 
   1990          					else
   1991          						IDC.Page[IDC1] = page-1;
   1992          					IDC.bReflash=0x5a;
   1993          					IDC.Row[IDC1] = IDC.Page[IDC1]*8;	//更新项计数器
   1994          					break;
   1995          				case RIGHT_KEY:
   1996          					if(IDC.Page[IDC1] != (page-1))
   1997          						IDC.Page[IDC1]++; 
   1998          					else
   1999          						IDC.Page[IDC1] = 0;
   2000          					IDC.bReflash=0x5a;
   2001          					IDC.Row[IDC1] = IDC.Page[IDC1]*8;	//更新项计数器
   2002          					break;
   2003          				case SET_KEY:
   2004          					KEY_Str.Value = 0;
   2005          					KEY_Str.touch = 0;
   2006          					IDC.CallDeep=2;
   2007          					SystemSet_YB_GH(IDC.Row[IDC1]);
   2008          					return ;
   2009          				case ESC_KEY:
   2010          					KEY_Str.Value = 0;
   2011          					KEY_Str.touch = 0;
   2012          	    			Menu_Clear(); //清除菜单记录
   2013          					Menu_List_Head = Menu_List_Head->Parent;	//从触发菜单返回
   2014          					return ;
   2015          				default:
   2016          					KEY_Str.Value = 0;
   2017          					KEY_Str.touch = 0;
   2018          					break;
   2019          				}//switch
   2020          				KEY_Str.Value = 0;
   2021          				KEY_Str.touch = 0;
   2022          			}//if
   2023          			
   2024          	    	len = NumOfYB-IDC.Page[IDC1]*8;	//更新本屏长度		     	
   2025          			if (len>8) len = 8;
   2026          			LCD_Clear();//刷新屏幕函数	
   2027          		Lcd_printstr(0,2,(char *)name6_1);
   2028          		Lcd_printstr(0,14,(char *)name6_2);					  		     	
   2029          			WDog_Clear();				  		     	
   2030          			for (j=0;j<len;j++)
   2031          			{
   2032          				text[0]=HEX_ASC8(j+IDC.Page[IDC1]*8+1);		
   2033          				text[1]='.';
   2034          				text[2]='\0';	
   2035          	    		Lcd_printstr(j+1,0,(char *)text);          	
   2036          	    		if (j==(IDC.Row[IDC1]%8))		//描述
   2037          	    			Lcd_printstr_W(j+1,2,(char *)ybTab[j+IDC.Page[IDC1]*8].szName);		
   2038          	    		else 
   2039          	    			Lcd_printstr(j+1,2,(char *)ybTab[j+IDC.Page[IDC1]*8].szName);
   2040          	   			
   2041          	   			if (Sys_YB_Tab.uYBSts[j+IDC.Page[IDC1]*8]==0x5a)
   2042          	    			Lcd_printstr(j+1,16,(char *)name6_3);	//投入					
   2043          	    		else  	
   2044          	 				Lcd_printstr(j+1,16,(char *)name6_4);		//退出
   2045          	    	}
   2046          	 } //else if
   2047          	 if (IDC.CallDeep==2)
   2048          	 {
   2049          	 	SystemSet_YB_GH(IDC.Row[IDC1]);	
   2050          	 }
   2051          }
   2052          
   2053          /**************************************************************** 
   2054          * 名称: SystemSet_YB_GH(u8 x)
   2055          * 说明: 待写
   2056          * 功能: 读取压板固化
   2057          * 调用: 由相应的菜单模块指针调用
   2058          * 输入: x为第几项压板
   2059          * 返回值: 无
   2060          *****************************************************************/
   2061          void SystemSet_YB_GH(u8 x)
   2062          {
   2063          	u8    i,y;
   2064          	u8    *pt;
   2065          	
   2066          	y = x%8;  
   2067          	if(KEY_Str.touch)//有按键
   2068          	{			
   2069          		switch (KEY_Str.Value)
   2070          		{
   2071          		case UP_KEY:
   2072          			Sys_YB_Tab.uYBSts[x] = ~Sys_YB_Tab.uYBSts[x];
   2073          			break;
   2074          		case DOWN_KEY:
   2075          			Sys_YB_Tab.uYBSts[x] = ~Sys_YB_Tab.uYBSts[x];
   2076          			break;
   2077          		case SET_KEY:
   2078          			IDC.CallDeep=1;	
   2079          				if(!Set_QFTZ.Type)		//线路保护
   2080          				{
   2081          					pt=(u8*)&BAK_YB;
   2082          				}
   2083          #ifdef	ZRR900F			
   2084          				else if(Set_QFTZ.Type==1)	//变压器保护
   2085          				{
   2086          					pt=(u8*)&BAK_YBBYQ;		
   2087          				}
   2088          				else if(Set_QFTZ.Type==2)	//电动机保护
   2089          				{
   2090          					pt=(u8*)&BAK_YBMOTO;	
   2091          				}
   2092             #endif			
   2093          				else
   2094          				{
   2095          					 pt=(u8*)&BAK_YB;		 
   2096          				}
   2097          				pt+=4;	//status,YB_YX
   2098          			   for (i=0;i<NumOfYB;i++)
   2099          				{
   2100          					*pt++=Sys_YB_Tab.uYBSts[i];
   2101          				}  
   2102          				if(Sys_YB_Tab.uYBSts[x]==YBOFF)
   2103          					*P_YB_YX&=~(1<<x);
   2104          				else
   2105          					*P_YB_YX|=1<<x;  
   2106          
   2107          				
   2108          				SETFZ_Save(Set_QFTZ.Type+2);	//保存压板
   2109          			EventManage_CZJL_Write(JL_YB,JL_JD);
   2110          			break;
   2111          		case ESC_KEY:
   2112          			KEY_Str.Value = 0;
   2113          			KEY_Str.touch = 0;
   2114          			IDC.CallDeep=1;	
   2115          			return ;
   2116          		default:
   2117          			KEY_Str.Value = 0;
   2118          			KEY_Str.touch = 0;
   2119          			break;
   2120          		}//switch
   2121          		KEY_Str.Value = 0;
   2122          		KEY_Str.touch = 0;
   2123          		
   2124          	}//if
   2125          	
   2126          	if (Sys_YB_Tab.uYBSts[x]==0x5a)
   2127          	{
   2128          		Lcd_printstr_W(y+1,16,(char *)name6_3);	//投入					
   2129          	}
   2130          	else
   2131          	{
   2132          		Lcd_printstr_W(y+1,16,(char *)name6_4);	//退出
   2133          	}
   2134          }
   2135          
   2136          /*
   2137          *******************************************************************
   2138          * Title:		void ParaManage_Set ()
   2139          * Description:		读取定值并显示,之后操作,固化等等
   2140          * InputParameter:	
   2141          
   2142          *******************************************************************
   2143          */
   2144           
   2145          u16 w_SetScale;
   2146          void ParaManage_Set ()
   2147          {	
   2148          	u8	page;
   2149          	u16  *pbuff;
   2150          	u8   TEST,TEST1,TEST2;
   2151          	 
   2152          	static u16	temp_set;
   2153          	static u8 PsRow,Set_number;
   2154          	u8  fixlen;
   2155                      
   2156          	if(IDC.CallDeep==0)
   2157          	{
   2158          		TEST=Ask_Password (0);
   2159          		if (TEST==DisAvailable)
   2160          		{	//密码
   2161          			Menu_Clear(); //清除菜单记录
   2162          			Menu_List_Head = Menu_List_Head->Parent;	//从触发菜单返回 
   2163          			return;
   2164          		}
   2165          		else if(TEST==Available)
   2166          		{
   2167          			IDC.CallDeep=1;	
   2168          			PsRow=0;
   2169          			w_SetScale=0;
   2170          		}
   2171          		else
   2172          		   	return;
   2173          		}
   2174          	else if(IDC.CallDeep==1)
   2175          	{
   2176          		OperSection = ParaManage_Seletc(2);	//读出需操作的定值区
   2177          		if (OperSection==DisAvailable)
   2178          		{	//操作区设置出错,返回上级菜单
   2179          			Menu_Clear(); //清除菜单记录
   2180          			Menu_List_Head = Menu_List_Head->Parent;
   2181          			return;
   2182          		}
   2183          		else if (OperSection==0xff)
   2184          		{      		
   2185          			return;
   2186          		}
   2187          		else
   2188          		{
   2189          
   2190          			ZJ_FixVal_Buff.wStatus=ClearSts; 
   2191          
   2192          			IDC.CallDeep=2;	
   2193          			Run_Change(OperSection);
   2194          		}
   2195          	}
   2196          	else if(IDC.CallDeep==2)
   2197          	{
   2198           
   2199          	 
   2200           
   2201          		page = NumOfSet/9;			//计算定值显示页数
   2202          		if (NumOfSet%9)	page++;			//不为整页数,页数+1
   2203          						
   2204          		if (KEY_Str.touch)//有按键
   2205          		{
   2206          		   	switch (KEY_Str.Value)
   2207          			{
   2208          			case UP_KEY:
   2209          				if(IDC.Row[IDC2] != 0)
   2210          					IDC.Row[IDC2]--; 
   2211          				else
   2212          					IDC.Row[IDC2] =NumOfSet-1;
   2213          				if(IDC.Page[IDC2] != IDC.Row[IDC2]/9) IDC.bReflash=0x5a;
   2214          				IDC.Page[IDC2] = IDC.Row[IDC2]/9;	//更新页计数器
   2215          				break;
   2216          			case DOWN_KEY:
   2217          				if(IDC.Row[IDC2] != (NumOfSet-1))
   2218          					IDC.Row[IDC2]++; 
   2219          				else 
   2220          					IDC.Row[IDC2] = 0;
   2221          				if(IDC.Page[IDC2] != IDC.Row[IDC2]/9) IDC.bReflash=0x5a;
   2222          				IDC.Page[IDC2] = IDC.Row[IDC2]/9;	//更新页计数器
   2223          				break;
   2224          			case LEFT_KEY:
   2225          				if(IDC.Page[IDC2] != 0)
   2226          					IDC.Page[IDC2]--; 
   2227          				else
   2228          					IDC.Page[IDC2] = page-1;
   2229          				IDC.bReflash=0x5a;
   2230          				IDC.Row[IDC2] = IDC.Page[IDC2]*9;	//更新项计数器
   2231          				break;
   2232          			case RIGHT_KEY:
   2233          				if(IDC.Page[IDC2] != (page-1))
   2234          					IDC.Page[IDC2]++; 
   2235          				else 
   2236          					IDC.Page[IDC2] = 0;
   2237          				IDC.bReflash=0x5a;
   2238          				IDC.Row[IDC2] = IDC.Page[IDC2]*9;	//更新项计数器
   2239          				break;
   2240          			case SET_KEY:
   2241                          KEY_Str.Value = 0;
   2242          			    KEY_Str.touch = 0;
   2243          				//确认后进入定值设置	
   2244                          IDC.bReflash=0x5a;
   2245                          PsRow=IDC.Row[IDC2];
   2246          				IDC.CallDeep=3;		
   2247                          return;
   2248          			case ESC_KEY:
   2249          				KEY_Str.Value = 0;
   2250          				KEY_Str.touch = 0;
   2251           				IDC.CallDeep=5;	
   2252          				IDC.Page[IDC2]=0;
   2253          				IDC.Row[IDC2]=0;
   2254          				IDC.bReflash=0x5a;
   2255          				ParaManage_Set_GH ();
   2256          				return;
   2257          			default:
   2258          				KEY_Str.Value = 0;
   2259          				KEY_Str.touch = 0;
   2260          				break;
   2261          			}//switch
   2262          			KEY_Str.Value = 0;
   2263          			KEY_Str.touch = 0;
   2264          		}//if (KEY_Str.touch)
   2265          		Lcd_WriteFixname (IDC.Row[IDC2],IDC.Page[IDC2],9); 	 //每页显示4行
   2266          	}
   2267          	else if(IDC.CallDeep==3)
   2268          	{		   
   2269          		if (KEY_Str.touch)//有按键
   2270          		{
   2271          		   	 	fixlen = FixValueTable[PsRow].uNum;	 
   2272          	 			switch (KEY_Str.Value)
   2273          			{
   2274          			case UP_KEY:
   2275          				if(IDC.Row[IDC3] !=0)
   2276          					IDC.Row[IDC3]--; 
   2277          				else 
   2278          					IDC.Row[IDC3] = (fixlen-1);
   2279                             IDC.Page[IDC3] = IDC.Row[IDC3]/9;	//更新页计数器
   2280          				 IDC.bReflash=0x5a;
   2281          				break;
   2282          			case DOWN_KEY:
   2283          				if(IDC.Row[IDC3] != (fixlen-1))
   2284          					IDC.Row[IDC3]++; 
   2285          				else 
   2286          					IDC.Row[IDC3] = 0;
   2287                             IDC.Page[IDC3] = IDC.Row[IDC3]/9;	//更新页计数器
   2288          				 IDC.bReflash=0x5a;						
   2289          				break;
   2290          			case LEFT_KEY:
   2291          			case RIGHT_KEY:
   2292          				break;
   2293          			case SET_KEY:
   2294          				//确认后进入定值设置				
   2295          				IDC.CallDeep=4;																	
   2296          				break;
   2297          			case ESC_KEY:
   2298          				KEY_Str.Value = 0;
   2299          				KEY_Str.touch = 0;
   2300           				IDC.CallDeep=2;	
   2301          				IDC.Page[IDC3]=0;
   2302          				IDC.Row[IDC3]=0;
   2303          				IDC.bReflash=0x5a;
   2304          				 
   2305          				return;
   2306          			default:
   2307          				KEY_Str.Value = 0;
   2308          				KEY_Str.touch = 0;
   2309          				break;
   2310          			}//switch
   2311          			KEY_Str.Value = 0;
   2312          			KEY_Str.touch = 0;
   2313          		}//if (KEY_Str.touch)
   2314          		WDog_Clear();
   2315           
   2316          			Lcd_WriteValname (PsRow,IDC.Row[IDC3],IDC.Page[IDC3],( FixValue *)&FixValueTable[PsRow],(u16 *)&ZJ_FixVal_Buff.w_SetValue ,9);  //每页显示3行
   2317          	    
   2318           
   2319          	}
   2320          	else if(IDC.CallDeep==4)
   2321          	{		   
   2322           
   2323          			Set_number=FixValueTable[PsRow].MENU[IDC.Row[IDC3]].Number;   
   2324          			if(IDC.uStatus!=0x5a)
   2325          			{
   2326          				IDC.uStatus=0x5a;
   2327          				pbuff=(u16*)&ZJ_FixVal_Buff.w_SetValue;
   2328          				pbuff+=Set_number;
   2329          				temp_set=*pbuff;
   2330          				IDC.Col[IDC.CallDeep]=0;			  			  	
   2331          			}
   2332            			WDog_Clear();
   2333          			if(FixValueTable[PsRow].MENU[IDC.Row[IDC3]].KG_name!=NULL)  //控制字展开位类型
   2334          				TEST1=ActiveCTL(PsRow,IDC.Row[IDC3],(FixValue *)&FixValueTable[PsRow],&temp_set);
   2335          			else
   2336          			    TEST1=ActiveXset (IDC.Row[IDC3],IDC.Col[IDC.CallDeep],asc_tab1,&FixValueTable[PsRow],(u16 *)&temp_set);
   2337          			if (TEST1==DisAvailable)
   2338          			{
   2339          				IDC.CallDeep=3;
   2340          				IDC.uStatus=0;
   2341          				IDC.Col[IDC.CallDeep]=0;						
   2342          				temp_set=0;
   2343          			}
   2344          			else if(TEST1==Available)	
   2345          			{
   2346          				if(temp_set>FixValueTable[PsRow].MENU[IDC.Row[IDC3]].wMax)
   2347          					temp_set=FixValueTable[PsRow].MENU[IDC.Row[IDC3]].wMax;
   2348          				if(temp_set<FixValueTable[PsRow].MENU[IDC.Row[IDC3]].wMin)
   2349          					temp_set=FixValueTable[PsRow].MENU[IDC.Row[IDC3]].wMin;
   2350          				pbuff=(u16*)&ZJ_FixVal_Buff.w_SetValue;
   2351          				pbuff+=Set_number;	
   2352          				*pbuff=temp_set;	    			    
   2353          				IDC.CallDeep=3;
   2354          				IDC.uStatus=0;	
   2355          				IDC.Col[IDC.CallDeep]=0;
   2356          			}
   2357          			else
   2358          			{
   2359          				IDC.Col[IDC.CallDeep]=TEST1;
   2360          			}
   2361           
   2362          	}
   2363          	else if(IDC.CallDeep==5)
   2364          	{	    
   2365          		TEST2=ParaManage_Set_GH();
   2366          
   2367          			if(TEST2==DisAvailable)
   2368          			{
   2369          				ZJ_FixVal_Buff.wStatus=ClearSts; 
   2370          				Menu_Clear(); //清除菜单记录
   2371          				Menu_List_Head = Menu_List_Head->Parent;
   2372          			}
   2373          			else if(TEST2==Available)	
   2374          			{ 		 	  
   2375          				Lcd_printstr(1,0,(char *)name5_2_2);
   2376                          EventManage_CZJL_Write(JL_SET,JL_JD);
   2377          				WDog_Clear();
   2378          				delay_ms(100);
   2379          				ZJ_FixVal_Buff.wStatus=ClearSts; 
   2380          				Menu_Clear(); //清除菜单记录
   2381          				Menu_List_Head = Menu_List_Head->Parent;
   2382          			}
   2383          	}
   2384          }
   2385          
   2386          /**************************************************************** 
   2387          * 名称: ParaManage_Set_GH
   2388          * 说明: 待写
   2389          * 功能: 定值固化
   2390          * 调用: 由相应的菜单模块指针调用
   2391          * 输入: 
   2392          * 返回值: 无
   2393          ******************************************************************/
   2394          
   2395          u8 ParaManage_Set_GH ()
   2396          {
   2397          	u8 		i;
   2398          	u8		uLen,*pBuff;
   2399          	 
   2400          
   2401          	OperSection = ParaManage_Seletc(3);	//读出需操作的定值区
   2402          	if (OperSection==DisAvailable)
   2403          	{	//操作区设置出错,返回上级菜单
   2404          		IDC.bReflash=0x5a;
   2405          		IDC.CallDeep=0;
   2406          		return DisAvailable;
   2407          	}
   2408              else if (OperSection==0xff)
   2409              {      		
   2410               return 0;
   2411              }
   2412          	       	
   2413          	//下装校验
   2414          		ZJ_FixVal_Buff.wStatus=SetSts;	//有效
   2415          		ZJ_FixVal_Buff.uSectionNo=OperSection;
   2416          		pBuff=(u8 *)&ZJ_FixVal_Buff.w_SetValue;
   2417          		uLen=sizeof(SetBuff);
   2418          		ZJ_FixVal_Buff.wCrc=CalSum16(pBuff,uLen);
   2419          
   2420          		
   2421          		i=SET_Write_Set(Id_MMI,OperSection);			//固化函数(地址,定值区)
   2422          		if (i==TRUE)//固化成功
   2423          		   	return Available;
   2424          		else	//固化不成功
   2425          		 	return DisAvailable;
   2426          }
   2427          
   2428          //
   2429          
   2430          u8 ParaManage_Seletc(u8 x)
   2431          {	
   2432          	u8	i,uTemp;
   2433          	u8   TEST;
   2434          	
   2435          	LCD_Clear();//刷新屏幕函数	
   2436          	for (i=0;i<32;i++)
   2437          		text[i]=0;			
   2438          	//读取运行定值区
   2439          	if(x==1)
   2440          		Lcd_printstr(2,0,(char *)name5_1_2);	  //显示区号:	
   2441          	else if(x==2)
   2442          		Lcd_printstr(2,0,(char *)name5_1_3);	  //整定区号:		
   2443          	else if(x==3)
   2444          		Lcd_printstr(2,0,(char *)name5_1_4);	  //固化区号:
   2445          	else 
   2446          		Lcd_printstr(2,0,(char *)name5_1_5);	  //切换区号:
   2447          		
   2448          	if(IDC.uStatus!=0x5a)
   2449          	{
   2450          		uTemp =FixVal_Manage.uCurSection;
   2451          		IDC.Col[IDC.CallDeep]=1;
   2452          		IDC.uStatus=0x5a;
   2453          	}
   2454          	else
   2455          	{
   2456          		uTemp=IDC.Star[0];	
   2457          	}
   2458          	
   2459          	TEST=ActiveX (2,12,IDC.Col[IDC.CallDeep],1,asc_tab1,0x10,&uTemp);
   2460          	
   2461          	if (TEST==DisAvailable)
   2462          	{
   2463          		IDC.uStatus=0;
   2464          		IDC.bReflash=CLRDISEnable;
   2465          		IDC.Col[IDC.CallDeep]=0;
   2466          		for(i=0;i<5;i++)IDC.Star[i]=0;			
   2467          		return DisAvailable;
   2468          	}
   2469          	else if(TEST==Available)	
   2470          	{
   2471          		IDC.uStatus=0;
   2472          		IDC.bReflash=CLRDISEnable;
   2473          		IDC.Col[IDC.CallDeep]=0;
   2474          		for(i=0;i<5;i++)IDC.Star[i]=0;
   2475          		if(uTemp>0)
   2476          		{
   2477          			Lcd_printstr(1,0,(char *)name5_2_1);	
   2478          			return DisAvailable;
   2479          		}   	
   2480          		else  
   2481          			return uTemp;			
   2482          	}			
   2483          	IDC.Col[IDC.CallDeep]=TEST;		
   2484          	IDC.Star[0]=uTemp;
   2485          	uTemp = 0xff;
   2486          	return uTemp;
   2487          }
   2488          
   2489          
   2490          void Run_Change(u8 uSectionNo)
   2491          {
   2492            u8 j,k;
   2493          
   2494          	j=0;	  
   2495          
   2496          		while(j++<3)
   2497          		{
   2498          			ZJ_FixVal_Buff.uSectionNo=uSectionNo; 
   2499          			Eep_Read_FixValue(&	ZJ_FixVal_Buff);            //将定值独到读到RAM	           
   2500          			if(!(Set_Check((FixValueBuff *)&ZJ_FixVal_Buff)))
   2501          			{
   2502          				for(k=0;k<255;k++);
   2503          				continue;          //8位和校验 按字节校验？？
   2504          			}
   2505          			else
   2506          				break;
   2507          		}
   2508          		
   2509          		if(j>=3)
   2510          		{	
   2511          			ZJ_FixVal_Buff.wStatus=ClearSts; 
   2512           			Menu_Clear(); //清除菜单记录
   2513          			Menu_List_Head = Menu_List_Head->Parent;
   2514          		}
   2515          	
   2516          }
   2517          
   2518          /**************************************************************** 
   2519          * 名称: ParaManage_Switch
   2520          * 说明: 待写
   2521          * 功能: 切换定值
   2522          * 调用: 由相应的菜单模块指针调用
   2523          * 输入: 
   2524          * 返回值: 无
   2525          ******************************************************************/
   2526          void ParaManage_Switch ()
   2527          {	
   2528          	u8    TEST;
   2529          	
   2530          	u8   j ;
   2531          	
   2532          	
   2533          	if(IDC.CallDeep==0)
   2534          	{
   2535          		TEST=Ask_Password (0);
   2536          		if (TEST==DisAvailable){	//密码
   2537          		
   2538          		Menu_Clear(); //清除菜单记录
   2539          		Menu_List_Head = Menu_List_Head->Parent;	//从触发菜单返回
   2540          		return;
   2541          	}
   2542          	else if(TEST==Available)
   2543          	{
   2544          	
   2545          		IDC.CallDeep=1;	
   2546          		IDC.bReflash=0x5a;
   2547          	}
   2548          	
   2549          	}
   2550          	else if(IDC.CallDeep==1)
   2551          	{
   2552          		OperSection = ParaManage_Seletc(4);	//读出需操作的定值区
   2553          		if (OperSection==DisAvailable)
   2554          		{	//操作区设置出错,返回上级菜单
   2555          			Menu_Clear(); //清除菜单记录
   2556          			Menu_List_Head = Menu_List_Head->Parent;
   2557          			return;
   2558          		}
   2559          		else if (OperSection==0xff)
   2560          		{      		
   2561          			return;
   2562          		}
   2563          		else
   2564          		{   
   2565          			j=Switch_uSectionNo(OperSection);
   2566          			if(j) 
   2567          			{
   2568          				Lcd_printstr(1,0,(char *)name5_2_4);
   2569          				WDog_Clear();
   2570          				delay_ms(100);
   2571          				Menu_Clear(); //清除菜单记录
   2572          				Menu_List_Head = Menu_List_Head->Parent;
   2573          				return;                   	
   2574          			}
   2575          			else
   2576          			{
   2577          				Lcd_printstr(1,0,(char *)name5_2_5);				
   2578          				WDog_Clear();
   2579          				delay_ms(100);
   2580          				Menu_Clear(); //清除菜单记录
   2581          				Menu_List_Head = Menu_List_Head->Parent;
   2582          				return;  	     	          	
   2583          			}
   2584          		}
   2585          	}
   2586          }
   2587          
   2588           //*********************************************************************************88
   2589          //切换定值区 入口参数 所要切到的定值区的区号
   2590          u8 Switch_uSectionNo(u8 uSectionNo)
   2591          {
   2592          	u8	j,k;
   2593          	u16  *pBuff1;
   2594          	FixStatus CurFixVal_Manage;
   2595          	
   2596          	if(FixVal_Manage.uSectionS[uSectionNo]!=Available)
   2597          	return false;
   2598           
   2599          		ZJ_FixVal_Buff.uSectionNo=uSectionNo; 
   2600          		Eep_Read_FixValue(&ZJ_FixVal_Buff); 
   2601          		if(ZJ_FixVal_Buff.wStatus==SetSts)
   2602          		{
   2603          			if(Set_Check((FixValueBuff *)&ZJ_FixVal_Buff))
   2604          			{
   2605          			    FixVal_Manage.uCurSection=uSectionNo;
   2606          				j=0;
   2607          				while(j++<3)
   2608          				{
   2609          					Eep_Write_FixValueMag(&FixVal_Manage);          //将管理单元写入EEPROM
   2610          					for(k=0;k<255;k++);
   2611          					Eep_Read_FixValueMag(&CurFixVal_Manage);
   2612          					
   2613          					if(memcmp(&CurFixVal_Manage,&FixVal_Manage,sizeof(FixStatus)))    // 比较EEPROM的内容和下发的定值是否一样
   2614          					{
   2615          						for(k=0;k<255;k++);
   2616          						continue;							//不等
   2617          					}
   2618          					else								//等
   2619          						break;
   2620          				}
   2621          				if(j<3)
   2622          				{
   2623          					Cur_FixVal_Buff=ZJ_FixVal_Buff;
   2624          					pBuff1= (u16*)&ZJ_FixVal_Buff.w_SetValue;
   2625          					
   2626          					Set_Conversion(pBuff1);
   2627          					return true;
   2628          				}
   2629          				if(j==3)
   2630          					return false;
   2631          			}
   2632          			
   2633          		}                  
   2634          		return false;
   2635           }
   2636          
   2637          
   2638          /**************************************************************** 
   2639          * 名称: LCD_Event(UNSIGNED argc, VOID *argv)
   2640          * 说明:	argc,argv为系统参数
   2641          * 功能: 事件任务入口
   2642          * 调用:
   2643          * 输入: 
   2644          * 返回值: 无
   2645          ******************************************************************/
   2646          u8	 NUM=0;
   2647          void LCD_Event(void)
   2648          {	
   2649          	if(EventLen>=100)
   2650          	{	
   2651          		NUM=0;
   2652          		EventLen=0;
   2653          		Event=0;
   2654          		Menu_Clear(); //清除菜单记录	    	
   2655          		Action_Buff.ActionManList[D_MMI].uStatus=' ';
   2656          		Menu_List_Head = &Menu_Normal_Index;
   2657          		EventRead2=Action_Buff.ActionManList[D_MMI].uReadPt=Action_Buff.uWritePt;	  	
   2658          		return;  
   2659          	}	
   2660          	if(EventTimer)  goto Eventend;  //5s 
   2661          	          	   
   2662          	if ((Action_Buff.ActionManList[D_MMI].uStatus!=' ')&&(!Event))//有新报文需要显示
   2663          	{
   2664          		Event=1;	
   2665          		NUM=0;
   2666          		EventRead1=Action_Buff.uWritePt;
   2667          		EventRead2=Action_Buff.ActionManList[D_MMI].uReadPt;
   2668          		EventTimer=3;
   2669          		Trip_P(KC_LCD_BL);	//点背光		//
   2670          		Lcd_clrram();
   2671          //		Eep_Read_SysPar(&RUN_Syspar); 
   2672          	}
   2673          	else
   2674          	{
   2675          		if (Action_Buff.ActionManList[D_MMI].uStatus!=' ')
   2676          		{
   2677          			EventTimer=3;	
   2678          			Event=1;	
   2679          			Trip_P(KC_LCD_BL);	//点背光		//
   2680          		}
   2681          		else
   2682          			return;  
   2683          	}
   2684                  Lcd_clrram();				
   2685          	if(Action_Buff.uWritePt!=EventRead2)
   2686          	{
   2687          		ReadEvtBuf=Action_Buff.ActionBuff[EventRead2];
   2688          		EventRead2=(EventRead2+1) % TRIPRPT_NUM;
   2689           	        Lcd_WriteRpt(NUM,&ReadEvtBuf,NUM%2);	
   2690          	       NUM++;               
   2691          	}		
   2692          	if(Action_Buff.uWritePt!=EventRead2)
   2693          	{
   2694          		ReadEvtBuf=Action_Buff.ActionBuff[EventRead2];
   2695          		EventRead2=(EventRead2+1) % TRIPRPT_NUM;
   2696          	        Lcd_WriteRpt(NUM,&ReadEvtBuf,NUM%2);	
   2697          	        NUM++;                 
   2698          	}		
   2699          	 			
   2700          	if (Action_Buff.uWritePt==EventRead2)
   2701          	{  
   2702          		EventLen++;  //统计滚屏次数	
   2703          		NUM=0;
   2704          		EventRead2=Action_Buff.ActionManList[D_MMI].uReadPt;	      		       
   2705          		if(EventRead1!=Action_Buff.uWritePt)
   2706          		{
   2707          			EventLen=0;
   2708          			EventRead1=(EventRead1+1) % TRIPRPT_NUM;
   2709          		}
   2710          	}
   2711          Eventend:	if (KEY_Str.touch)
   2712          	{			
   2713          		switch (KEY_Str.Value)
   2714          		{
   2715          		case SET_KEY:
   2716          			KEY_Str.Value = 0;
   2717          			KEY_Str.touch = 0;  
   2718          			break;	
   2719          		case ESC_KEY:
   2720          			KEY_Str.Value = 0;
   2721          			KEY_Str.touch = 0;
   2722          			MenuTimer_nom=0;	
   2723          			EventLen=100;	
   2724          			Menu_Clear(); //清除菜单记录
   2725          			Menu_List_Head = &Menu_Normal_Index;		    	       	
   2726          			return;
   2727          		default:
   2728          			KEY_Str.Value = 0;
   2729          			KEY_Str.touch = 0;
   2730          			break;
   2731          		}//switch
   2732          	}//if 
   2733          }
   2734          
   2735          
   2736          //事件追忆菜单模块---START										///
   2737          /**************************************************************** 
   2738          * 名称: EVENT_Display
   2739          * 说明: 待写
   2740          * 功能: 读取事故告警并显示
   2741          * 调用: 由相应的菜单模块指针调用
   2742          * 输入: 
   2743          * 返回值: 无
   2744          ******************************************************************/
   2745          
   2746          void EVENT_Display ()
   2747          {	
   2748          	u8 i;
   2749          	u16 reclen,dislen;
   2750          	
   2751          	if(IDC.CallDeep==0)
   2752          	{
   2753          		LCD_Clear();	//刷新屏幕函数
   2754          		EventNote_Info=Flash_Read_EventSum(0);	//直接读flash中的事件个数 
   2755          		if(!EventNote_Info)
   2756          		{
   2757          			Lcd_clrram();
   2758          			Lcd_printstr(2,4,"无事故记录");
   2759          			Menu_Clear(); //清除菜单记录
   2760          			Menu_List_Head = Menu_List_Head->Parent;	//从触发菜单返回
   2761          			return;
   2762          		}
   2763          		if(!(EventNote_Info&0x01)) dislen = 2;		//判断总个数为偶数显示2条否则显示1条
   2764          		else dislen = 1;
   2765          		Event_num = EventNote_Info-dislen;			//保存剩余条数
   2766          		reclen = (EventNote_Info-dislen);		//本次显示起始序号
   2767          		for(i=0; i<dislen; i++)
   2768          		{
   2769          			if(reclen>=EventNote_Info) break;
   2770          			Flash_Read_EventFun(reclen,(u8*)&ReadEvtBuf,0);	//读一次记录,记录从0开始
   2771          			Lcd_WriteRpt(reclen++,&ReadEvtBuf,i);
   2772          		}
   2773          		IDC.CallDeep=1;
   2774                  Event_num = EventNote_Info;
   2775          	}
   2776          	
   2777          	if (KEY_Str.touch)
   2778          	{			
   2779          		IDC.bReflash=CLRDISEnable;
   2780          		switch (KEY_Str.Value)
   2781          		{
   2782          		case RIGHT_KEY:		
   2783          		case DOWN_KEY: 
   2784          			if(Event_num==EventNote_Info)
   2785          			{
   2786          				if(EventNote_Info>=2) Event_num=2;
   2787          				else Event_num=EventNote_Info;
   2788          			}
   2789          			else
   2790          			{
   2791          				Event_num += 2;
   2792          				if(Event_num>=EventNote_Info) Event_num = EventNote_Info;
   2793          			}
   2794          			break;	
   2795          		case LEFT_KEY:		
   2796          		case UP_KEY: 
   2797          			if(Event_num&0x01) Event_num -= 1;	//奇数-1
   2798          			else Event_num -= 2;
   2799          			if(!Event_num) Event_num = EventNote_Info;
   2800          			break;	
   2801          		case ESC_KEY:
   2802          			KEY_Str.Value = 0;
   2803          			KEY_Str.touch = 0;
   2804          			Menu_Clear(); //清除菜单记录
   2805          			Menu_List_Head = Menu_List_Head->Parent;	//从触发菜单返回	
   2806          			return;
   2807          		default:
   2808          			KEY_Str.Value = 0;
   2809          			KEY_Str.touch = 0;
   2810          			break;
   2811          		}//switch
   2812          		KEY_Str.Value = 0;
   2813          		KEY_Str.touch = 0;
   2814          		LCD_Clear();//刷新屏幕函数	
   2815          		if(!(Event_num&0x01)) dislen = 2;
   2816          		else dislen = 1;
   2817          		reclen = Event_num-dislen;	//本次显示起始序号
   2818          		for(i=0; i<dislen; i++)
   2819          		{
   2820          			if(reclen>=EventNote_Info) break;
   2821          			Flash_Read_EventFun(reclen,(u8*)&ReadEvtBuf,0);	//读一次记录
   2822          			Lcd_WriteRpt(reclen++,&ReadEvtBuf,i);
   2823          		}
   2824          	}
   2825          }
   2826          
   2827          char Phase_h[8][5]={
   2828           "    ",
   2829           " A  ",
   2830           " B  ",
   2831           " AB ",
   2832           " C  ",
   2833           " CA ",
   2834           " BC ",
   2835           "ABC ",
   2836          };
   2837          //写报告内容(包括事件号、事件名称、发生时间以及状态值)
   2838          void Lcd_WriteRpt(u16 num,ActionList *pEvent,u8 xu)			 
   2839          {
   2840          	u8		x,y,j,i;
   2841          	u16		Tdata,wMs,YEAR;
   2842          	u16		uSecond,Tdata0;
   2843          
   2844          	for (i=0;i<20;i++) text[i] = 0;	  
   2845           
   2846          	YEAR=pEvent->timer.Year+0x2000;
   2847          	sprintf(&text[0],"%04d.%4X年%02X月%02X日",num+1,YEAR,pEvent->timer.Month,pEvent->timer.Date);	//年翻译          
   2848          
   2849          	Lcd_printstr(4*xu+0,0,(char *)text);
   2850          		
   2851          	for (i=0;i<20;i++) text[i] = 0;	  
   2852          	sprintf(&text[0],"%02X时%02X分%02X秒%03d毫秒",pEvent->timer.Hour,pEvent->timer.Minute,pEvent->timer.Second,pEvent->timer.Micros);	//年翻译          
   2853          	
   2854          	Lcd_printstr(4*xu+1,0,(char *)&text[0]);
   2855          	WDog_Clear();
   2856          	
   2857          	for (i=0;i<32;i++)	text[i] = 0;
   2858          
   2859          		for (j=0;j<NumOfEvent;j++)//查表找出该编号的解释
   2860          		{		
   2861          			if (pEvent->uCode ==tEvtTab[j].uNumber)
   2862          			{				 		
   2863          			    Lcd_printstr(4*xu+2,0,(char *)&tEvtTab[j].sYxName[0]);
   2864          				break;
   2865          			}//if
   2866          		}//for
   2867          	
   2868          
   2869          
   2870          	WDog_Clear();
   2871          	for (i=0;i<16;i++)	text[i] = 0;
   2872          	if(pEvent->uParaNum==1)
   2873          	{ //参数项的翻译
   2874          		j=0;
   2875          		  Tdata =pEvent->Para[j].data;
   2876          		if(Tdata>=10000)
   2877          		{	
   2878          		   Tdata0=Tdata; 
   2879                         Tdata=Tdata/100;
   2880                         Tdata0=Tdata0%100;
   2881                         BCD_ASC32(Tdata,&text[4]);
   2882                         text[7]= '.';
   2883                         Tdata=Tdata0/10;	
   2884                         text[8]=HEX_ASC8((u8)Tdata);	//幅值翻译(小数)  
   2885                         Tdata0=Tdata0%10;	
   2886                         text[9]=HEX_ASC8((u8)Tdata0);
   2887          		                                                                
   2888          		}
   2889          		else
   2890          		{	
   2891          		    Tdata0 = Tdata/100;
   2892          		    HEX_ASC16(Tdata0,&text[4]);
   2893          		    text[6] = '.';
   2894          		    Tdata0 = Tdata%100;
   2895          		    HEX_ASC16(Tdata0,&text[7]);
   2896          		    	        	            	
   2897          		}
   2898          		
   2899          	
   2900          		y = pEvent->Para[j].uParaCode;	//参数编码
   2901          		for(i=0;i<NumOfDZGJGZ1;i++)
   2902          		{
   2903          			if(y==ParaTab[i].uNumber)
   2904          			{		 
   2905          				MEM_copy (text, &ParaTab[i].uParaName[0] , 4);	//描述	
   2906          				MEM_copy (&text[10],&LG_tab[ParaTab[i].uDimen][0],2);//量纲
   2907          				break;		
   2908          			}
   2909          			
   2910          		}			
   2911          		Lcd_printstr(4*xu+3,0,(char *)text);	
   2912          		
   2913                  if(pEvent->Para[j].Phase)
   2914                  {	
   2915                      Lcd_printstr(4*xu+3,16,(char *)&Phase_h[pEvent->Para[j].Phase][0]);	     
   2916                  }
   2917          	}
   2918          }
   2919          
   2920          
   2921          /**************************************************************** 
   2922          * 名称: SOEJL_Display
   2923          * 说明: 待写
   2924          * 功能: 读取SOE记录并显示
   2925          * 调用: 由相应的菜单模块指针调用
   2926          * 输入: 
   2927          * 返回值: 无
   2928          ******************************************************************/
   2929          
   2930          void SOEJL_Display()
   2931          {
   2932          	u8 i;
   2933          	u16 reclen,dislen;
   2934          	
   2935          	if(IDC.CallDeep==0)
   2936          	{
   2937          		LCD_Clear();	//刷新屏幕函数
   2938          		SOENote_info=Flash_Read_EventSum(1);	//直接读flash中的事件个数 
   2939          		if(!SOENote_info)
   2940          		{
   2941          			Lcd_clrram();
   2942          				Lcd_printstr(2,4,"无SOE记录");
   2943          			Menu_Clear(); //清除菜单记录
   2944          			Menu_List_Head = Menu_List_Head->Parent;	//从触发菜单返回
   2945          			return;
   2946          		}
   2947          		if(SOENote_info%3) dislen = SOENote_info%3;		//判断总个数为3的倍数
   2948          		else dislen = 3;
   2949          		Soe_num = SOENote_info;			//保存剩余条数
   2950          		reclen = SOENote_info-dislen;		//本次显示起始序号
   2951          		for(i=0; i<dislen; i++)
   2952          		{
   2953          			if(reclen>=SOENote_info) break;
   2954          			Flash_Read_EventFun(reclen,(u8*)&ReadSoeBuf,1);	//读一次记录,记录从0开始
   2955          			Lcd_WriteSOE(reclen++,&ReadSoeBuf,i);
   2956          		}
   2957          		IDC.CallDeep=1;
   2958                  Soe_num = SOENote_info;
   2959          	}
   2960          	
   2961          	if (KEY_Str.touch)
   2962          	{			
   2963          		IDC.bReflash=CLRDISEnable;
   2964          		switch (KEY_Str.Value)
   2965          		{
   2966          		case RIGHT_KEY:		
   2967          		case DOWN_KEY: 
   2968          			if(Soe_num==SOENote_info)
   2969          			{
   2970          				if(Soe_num>=3) Soe_num=3;
   2971          				else Soe_num=SOENote_info;
   2972          			}
   2973          			else
   2974          			{
   2975          				Soe_num += 3;
   2976          				if(Soe_num>=SOENote_info) Soe_num = SOENote_info;
   2977          			}
   2978          			break;	
   2979          		case LEFT_KEY:		
   2980          		case UP_KEY: 
   2981          			if(Soe_num%3) Soe_num -= Soe_num%3;	//不是3的倍数
   2982          			else Soe_num -= 3;
   2983          			if(!Soe_num) Soe_num = SOENote_info;
   2984          			break;	
   2985          		case ESC_KEY:
   2986          			KEY_Str.Value = 0;
   2987          			KEY_Str.touch = 0;
   2988          			Menu_Clear(); //清除菜单记录
   2989          			Menu_List_Head = Menu_List_Head->Parent;	//从触发菜单返回	
   2990          			return;
   2991          		default:
   2992          			KEY_Str.Value = 0;
   2993          			KEY_Str.touch = 0;
   2994          			break;
   2995          		}//switch
   2996          		KEY_Str.Value = 0;
   2997          		KEY_Str.touch = 0;
   2998          		LCD_Clear();//刷新屏幕函数	
   2999          		if(Soe_num%3) dislen = Soe_num%3;
   3000          		else dislen = 3;
   3001          		reclen = Soe_num-dislen;	//本次显示起始序号
   3002          		for(i=0; i<dislen; i++)
   3003          		{
   3004          			if(reclen>=SOENote_info) break;
   3005          			Flash_Read_EventFun(reclen,(u8*)&ReadSoeBuf,1);	//读一次记录
   3006          			Lcd_WriteSOE(reclen++,&ReadSoeBuf,i);
   3007          		}
   3008          	}
   3009          }
   3010          
   3011           //写报告内容(包括事件号、事件名称、发生时间以及状态值)
   3012          void Lcd_WriteSOE(u16 num,SoeList *pEvent,u8 xu)			 
   3013          {
   3014          	u8		j,i;
   3015          	u16		Tdata,YEAR;	
   3016              u8 *KG_Name;
   3017          
   3018          	for (i=0;i<20;i++) text[i] = 0;	  
   3019           
   3020          	YEAR=pEvent->timer.Year+0x2000;
   3021          	sprintf(&text[0],"%04d.%4X年%02X月%02X日",num+1,YEAR,pEvent->timer.Month,pEvent->timer.Date);	//年翻译          
   3022          
   3023          	Lcd_printstr(3*xu+0,0,(char *)text);
   3024          		
   3025          	for (i=0;i<20;i++) text[i] = 0;	  
   3026          	sprintf(&text[0],"%02X时%02X分%02X秒%03d毫秒",pEvent->timer.Hour,pEvent->timer.Minute,pEvent->timer.Second,pEvent->timer.Micros);	//年翻译          
   3027          	
   3028          	Lcd_printstr(3*xu+1,0,(char *)&text[0]);
   3029          	
   3030          	for (j=0;j<16;j++)	text[j] = 0;
   3031          	if (pEvent->uObjectNo <15)	
   3032          	{//动作
   3033          		for (j=0;j<NumOfDI;j++)
   3034          		{	//查表找出该编号的解释
   3035          			if ((pEvent->uObjectNo) ==tDITab[j].byNo)
   3036          			{
   3037                          KG_Name=(u8 *)tDITab[j].szName;
   3038          				Lcd_printstr(3*xu+2,1,(char *)KG_Name);
   3039          				break;
   3040          			}//if
   3041          		}	
   3042          	}							     
   3043          	if (pEvent->uObjectNo >=0x40 && pEvent->uObjectNo <0x80)	
   3044          	{//动作
   3045          		for (j=0;j<NumOfEvent;j++)
   3046          		{	//查表找出该编号的解释
   3047          			if ((pEvent->uObjectNo) ==tEvtTab[j].uSoeNo)
   3048          			{
   3049          				Lcd_printstr(3*xu+2,0,(char *)&tEvtTab[j].sYxName[0]);
   3050          				break;
   3051          			}//if
   3052          		}//for查表找出该编号的解释
   3053          	}
   3054           
   3055          	if (pEvent->uStatus==0xff)
   3056          	{
   3057          		Lcd_printstr(3*xu+2,16,(char *)name4_3_2);//发生	
   3058          	}
   3059          	else if (pEvent->uStatus==0)
   3060          	{
   3061          		Lcd_printstr(3*xu+2,16,(char *)name4_3_3);	//消失	
   3062          	}			   		   	
   3063          }
   3064          
   3065          void Lcd_WriteCZJL(u16 num,SoeList *pEvent,u8 xu);
   3066          /**************************************************************** 
   3067          * 功能: 读取操作记录并显示
   3068          * 调用: 由相应的菜单模块指针调用
   3069          * 输入: 
   3070          * 返回值: 无
   3071          ******************************************************************/
   3072          void CZJL_Display()
   3073          {
   3074          	u8 i;
   3075          	u16 reclen,dislen;
   3076             static	u16 Note_info;
   3077             
   3078          	if(IDC.CallDeep==0)
   3079          	{
   3080          		LCD_Clear();	//刷新屏幕函数
   3081          		Note_info=Flash_Read_EventSum(2);	//直接读flash中的事件个数 
   3082          		if(!Note_info)
   3083          		{
   3084          			Lcd_clrram();
   3085          			Lcd_printstr(2,4,"无操作记录");
   3086          			Menu_Clear(); //清除菜单记录
   3087          			Menu_List_Head = Menu_List_Head->Parent;	//从触发菜单返回
   3088          			return;
   3089          		}
   3090          		if(Note_info%3) dislen = Note_info%3;		//判断总个数为3的倍数
   3091          		else dislen = 3;
   3092          		Soe_num = Note_info-dislen;			//保存剩余条数
   3093          		reclen = Note_info-dislen;		//本次显示起始序号
   3094          		for(i=0; i<dislen; i++)
   3095          		{
   3096          			if(reclen>=Note_info) break;
   3097          			Flash_Read_EventFun(reclen,(u8*)&ReadSoeBuf,2);	//读一次记录,记录从0开始
   3098          			Lcd_WriteCZJL(reclen++,&ReadSoeBuf,i);
   3099          		}
   3100          		IDC.CallDeep=1;
   3101                   Soe_num =Note_info ;
   3102          	}
   3103          	
   3104          	if (KEY_Str.touch)
   3105          	{			
   3106          		IDC.bReflash=CLRDISEnable;
   3107          		switch (KEY_Str.Value)
   3108          		{
   3109          		case RIGHT_KEY:		
   3110          		case DOWN_KEY: 
   3111          			if(Soe_num==Note_info)
   3112          			{
   3113          				if(Soe_num>=3) Soe_num=3;
   3114          				else Soe_num=Note_info-1;
   3115          			}
   3116          			else
   3117          			{
   3118          				Soe_num += 3;
   3119          				if(Soe_num>=Note_info) Soe_num =Note_info ;
   3120          			}
   3121          			break;	
   3122          		case LEFT_KEY:		
   3123          		case UP_KEY: 
   3124          		  if(Soe_num>=3)
   3125          		  {
   3126          			if(Soe_num%3) Soe_num -= Soe_num%3;	//不是3的倍数
   3127          			else Soe_num -= 3;
   3128          		  }
   3129          			
   3130          			if(!Soe_num) Soe_num = Note_info;
   3131          			break;	
   3132          		case ESC_KEY:
   3133          			KEY_Str.Value = 0;
   3134          			KEY_Str.touch = 0;
   3135          			Menu_Clear(); //清除菜单记录
   3136          			Menu_List_Head = Menu_List_Head->Parent;	//从触发菜单返回	
   3137          			return;
   3138          		default:
   3139          			KEY_Str.Value = 0;
   3140          			KEY_Str.touch = 0;
   3141          			break;
   3142          		}//switch
   3143          		KEY_Str.Value = 0;
   3144          		KEY_Str.touch = 0;
   3145          		LCD_Clear();//刷新屏幕函数	
   3146          		if(Soe_num%3) dislen = Soe_num%3;
   3147          		else dislen = 3;
   3148          		reclen = Soe_num-dislen;	//本次显示起始序号
   3149          		for(i=0; i<dislen; i++)
   3150          		{
   3151          			if(reclen>=Note_info) break;
   3152          			Flash_Read_EventFun(reclen,(u8*)&ReadSoeBuf,2);	//读一次记录
   3153          			Lcd_WriteCZJL(reclen++,&ReadSoeBuf,i);
   3154          		}
   3155          	}
   3156          }
   3157          
   3158          
   3159           //写报告内容(包括事件号、事件名称、发生时间以及状态值)
   3160          void Lcd_WriteCZJL(u16 num,SoeList *pEvent,u8 xu)			 
   3161          {
   3162          	u8		j,i;
   3163          	u16		Tdata,YEAR;
   3164          
   3165          	for (i=0;i<20;i++) text[i] = 0;	  
   3166           
   3167          	YEAR=pEvent->timer.Year+0x2000;
   3168          	sprintf(&text[0],"%04d.%4X年%02X月%02X日",num+1,YEAR,pEvent->timer.Month,pEvent->timer.Date);	//年翻译          
   3169          
   3170          	Lcd_printstr(3*xu+0,0,(char *)text);
   3171          		
   3172          	for (i=0;i<20;i++) text[i] = 0;	  
   3173          	sprintf(&text[0],"%02X时%02X分%02X秒%03d毫秒",pEvent->timer.Hour,pEvent->timer.Minute,pEvent->timer.Second,pEvent->timer.Micros);	//年翻译          
   3174          	
   3175          	Lcd_printstr(3*xu+1,0,(char *)&text[0]);
   3176          	
   3177          	for (j=0;j<16;j++)	text[j] = 0;
   3178          	if (pEvent->uObjectNo==JL_SET)	
   3179          		Lcd_printstr(3*xu+2,1,(char *)"保护定值修改");
   3180           	else if	(pEvent->uObjectNo==JL_SET_CUN)						     
   3181          		Lcd_printstr(3*xu+2,1,(char *)"定值区切换");
   3182           	else if	(pEvent->uObjectNo==JL_YB)						     
   3183          		Lcd_printstr(3*xu+2,1,(char *)"压板投退切换");
   3184           	else if	(pEvent->uObjectNo==JL_FG)						     
   3185          		Lcd_printstr(3*xu+2,1,(char *)"装置复归");
   3186           	else if	(pEvent->uObjectNo==JL_DL)						     
   3187          		Lcd_printstr(3*xu+2,1,(char *)"开关遥控");
   3188           	else if	(pEvent->uObjectNo==JL_SYS)						     
   3189          		Lcd_printstr(3*xu+2,1,(char *)"恢复出厂设置");
   3190           	else if	(pEvent->uObjectNo==JL_Parmt)						     
   3191          		Lcd_printstr(3*xu+2,1,(char *)"装置参数修改");
   3192           	else if	(pEvent->uObjectNo==JL_KC)						     
   3193          		Lcd_printstr(3*xu+2,1,(char *)"开出测试");
   3194          	 else
   3195          		Lcd_printstr(3*xu+2,1,(char *)"错误代码");
   3196               
   3197           
   3198          	if (pEvent->uStatus)
   3199          	{
   3200          		Lcd_printstr(3*xu+2,16,(char *)"遥控");//发生	
   3201          	}
   3202          	else
   3203          	{
   3204          		Lcd_printstr(3*xu+2,16,(char *)"就地");	//消失	
   3205          	}			   		   	
   3206          }
   3207          
   3208          
   3209          
   3210          /**************************************************************** 
   3211          * 名称: SystemSet_Clock
   3212          * 说明: 待写
   3213          * 功能: 读取系统时钟并显示,之后设置
   3214          * 调用: 由相应的菜单模块指针调用
   3215          * 输入: 
   3216          * 返回值: 无
   3217          ******************************************************************/
   3218          void SystemSet_Clock ()
   3219          {
   3220          
   3221          	u8		i,TEST;
   3222          	u16		YEAR;
   3223              R_CLOCK		MMIRsys_clock,Rclock;
   3224              u8       Time_Err;
   3225          
   3226          	if(IDC.CallDeep==0)
   3227          	{		  
   3228          		TEST=Ask_Password (0);
   3229          		if (TEST==DisAvailable)
   3230          		{	//密码
   3231          			Menu_Clear(); //清除菜单记录
   3232          			Menu_List_Head = Menu_List_Head->Parent;	//从触发菜单返回
   3233          			return;
   3234          		}
   3235          		else if(TEST==Available)
   3236          		{
   3237          			IDC.Col[5] =0;
   3238          			IDC.Col[4] =1;
   3239          			IDC.CallDeep=1;
   3240          		}
   3241          		else
   3242          			return;		
   3243          	}
   3244          
   3245          
   3246          	if(IDC.CallDeep==1)
   3247          	{
   3248          		if(IDC.uStatus!=0x5a)
   3249          		{
   3250          			LCD_Clear();
   3251          			IDC.uStatus=0x5a;
   3252          			for (i=0;i<32;i++)text[i] =0;  
   3253          			Time_Err=0;  
   3254          			MEM_copy((u8 *)text,(u8 *)name7_1_1,14);    
   3255          			YEAR=BcdHex(Rsys_clock.Year+0x2000);	
   3256          			BCD5_ASC32(YEAR,&text[0]);	//年翻译
   3257          			BCD_ASC16(Rsys_clock.Month,&text[6]);	//月翻译
   3258          			BCD_ASC16(Rsys_clock.Date,&text[10]);	//日翻译	
   3259          			
   3260          			MEM_copy(&text[15],(u8 *)name7_1_2,12);					 
   3261          			BCD_ASC16(Rsys_clock.Hour,&text[15]);	//时翻译
   3262          			BCD_ASC16(Rsys_clock.Minute,&text[19]);	//分翻译
   3263          			BCD_ASC16(Rsys_clock.Second,&text[23]);	//秒翻译  
   3264          			Lcd_printstr(1,1,(char *)text);		 
   3265          			Lcd_printstr(2,2,(char *)&text[15]);
   3266          			Lcd_wrchar_T(IDC.Col[4]*2,IDC.Col[5]%15+IDC.Col[4],text[IDC.Col[5]],1);
   3267          		}
   3268          		WDog_Clear();
   3269          		if(MenuTimer)
   3270          		{
   3271          			WDog_Clear();
   3272          			if (KEY_Str.touch)
   3273          			{			//有按键
   3274          				switch (KEY_Str.Value)
   3275          				{
   3276          				case UP_KEY:
   3277          					if (text[IDC.Col[5]]==0x39)
   3278          						text[IDC.Col[5]]=0x30;
   3279          					else 
   3280          						text[IDC.Col[5]]++;
   3281          					break;
   3282          				case DOWN_KEY:
   3283          					if (text[IDC.Col[5]]==0x30)
   3284          						text[IDC.Col[5]]=0x39;
   3285          					else 
   3286          						text[IDC.Col[5]]--;
   3287          					break;
   3288          				case LEFT_KEY:
   3289          					if(IDC.Col[5] == 0){//YEAR
   3290          						IDC.Col[5]= 24; //SENCOND
   3291          						IDC.Col[4]=2;
   3292          						break;
   3293          					  }
   3294          					IDC.Col[5]--;					
   3295          					if (IDC.Col[5]>3)
   3296          					  {
   3297          						   if(IDC.Col[5]>=15)
   3298          					       {
   3299          					    	if (!(IDC.Col[5]%2))	IDC.Col[5]-=2;							    
   3300          						   }
   3301          					       else
   3302          					       {
   3303          					     	 if(IDC.Col[5]==14) IDC.Col[5]-=1;
   3304          					         if (IDC.Col[5]%2)  IDC.Col[5]-=2;   		    	   											     
   3305          					       }
   3306          					  }
   3307          					if(IDC.Col[5] <14)IDC.Col[4]=1;		    				
   3308          					break;
   3309          				case RIGHT_KEY:
   3310          					if(IDC.Col[5]>=24)
   3311          					  {
   3312          					   IDC.Col[4]= 1; 
   3313          					   IDC.Col[5]= 0;
   3314          					   break;	
   3315          					  }
   3316          					  IDC.Col[5]++;				
   3317          					if (IDC.Col[5]>3) 
   3318          					  {
   3319          						 if(IDC.Col[5]>=15)
   3320          						   {
   3321          						    if (IDC.Col[5]%2)	IDC.Col[5]+=2;	//偶数						
   3322          						   }
   3323          						else
   3324          						   {
   3325          						     if (!(IDC.Col[5]%2))IDC.Col[5]+=2;	//偶数
   3326          						     if(IDC.Col[5]==14)  IDC.Col[5]+=1;
   3327          						   }
   3328          					  }					
   3329          					if(IDC.Col[5] > 14)	IDC.Col[4]= 2; 	
   3330          					break;
   3331          				case SET_KEY:
   3332          					KEY_Str.Value = 0;
   3333          					KEY_Str.touch = 0;		                   		
   3334          					Time_Err=0;
   3335          					if (text[1]!=0x30)
   3336          				          Time_Err=0xff;				
   3337          					Rclock.Year   = ASC_HEX16 (text[2], text[3]);	//底字节
   3338          					Rclock.Month  = ASC_HEX16 (text[6], text[7]);//月
   3339          					Rclock.Date   = ASC_HEX16 (text[10], text[11]);//日
   3340          					Rclock.Hour   = ASC_HEX16 (text[15], text[16]);//时
   3341          					Rclock.Minute = ASC_HEX16 (text[19], text[20]);//分
   3342          					Rclock.Second = ASC_HEX16 (text[23], text[24]);//秒						
   3343          				
   3344          					if (Rclock.Month<=0 || Rclock.Month>0x0c)		//MON
   3345          					{
   3346          						Time_Err=0xff;
   3347          					}
   3348          					if((Rclock.Date>0) && (Rclock.Date<32))		//DATA
   3349          					{
   3350          						if(((Rclock.Month==4) ||
   3351          						   (Rclock.Month==6) ||
   3352          						   (Rclock.Month==9) ||
   3353          						   (Rclock.Month==11)) && (Rclock.Date==31))
   3354          						{
   3355          							Time_Err=0xff;
   3356          						}
   3357          						else if(Rclock.Month==2)
   3358          						{
   3359          							if((((Rclock.Year%4)==0) && ((Rclock.Year%100)!=0)) ||
   3360          								((Rclock.Year%400)==0))
   3361          							{
   3362          								if(Rclock.Date>29)
   3363          								{
   3364          									Time_Err=0xff;
   3365          								}
   3366          							}
   3367          							else
   3368          							{
   3369          								if(Rclock.Date>28)
   3370          								{
   3371          									Time_Err=0xff;
   3372          								}
   3373          							}
   3374          						}
   3375          					}
   3376          					else
   3377          					{
   3378          						Time_Err=0xff;
   3379          					}
   3380          					if (Rclock.Hour>=0x18)								//HOUR
   3381          					{
   3382          						Time_Err=0xff;
   3383          					}
   3384          					if (Rclock.Minute>=0x3c)							//MIN
   3385          					{
   3386          						Time_Err=0xff;
   3387          					}
   3388          					if (Rclock.Second>=0x3c)								//SEC
   3389          					{
   3390          						Time_Err=0xff;
   3391          					}
   3392          					WDog_Clear();
   3393          					YEAR=HexBcd(2000+Rclock.Year);
   3394          					//要不要将设置时钟赋给实时时钟
   3395          					MMIRsys_clock.Year=YEAR;		//YEARL
   3396          					MMIRsys_clock.Month=Hex_Bcd(Rclock.Month);		//MON
   3397          					MMIRsys_clock.Date=Hex_Bcd(Rclock.Date);		//data
   3398          					MMIRsys_clock.Hour=Hex_Bcd(Rclock.Hour);		//hour
   3399          					MMIRsys_clock.Minute=Hex_Bcd(Rclock.Minute);		//minute
   3400          					MMIRsys_clock.Second=Hex_Bcd(Rclock.Second);		//second
   3401          					if(!Time_Err)
   3402          					{
   3403          					    Drive_Wirte_clock((u8 *)&MMIRsys_clock);	
   3404          					}
   3405          					Drive_Read_clock((u8 *)&Rsys_clock);
   3406          					Rsys_clock.Micros=0;		//将此时的ms清零,保证RTC时间比实际时间稍慢
   3407          					Menu_Clear(); //清除菜单记录			
   3408          					Menu_List_Head = Menu_List_Head->Parent;	//从触发菜单返回
   3409          					return;	
   3410          				case ESC_KEY:
   3411          					KEY_Str.Value = 0;
   3412          					KEY_Str.touch = 0;
   3413          				    Menu_Clear(); //清除菜单记录				
   3414          					Menu_List_Head = Menu_List_Head->Parent;	//从触发菜单返回
   3415          					return;
   3416          				default:
   3417          					KEY_Str.Value = 0;
   3418          					KEY_Str.touch = 0;
   3419          					break;
   3420          			}	//switch
   3421          			KEY_Str.Value = 0;
   3422          			KEY_Str.touch = 0;
   3423          			Lcd_printstr(1,1,(char *)text);	
   3424          			Lcd_printstr(2,2,(char *)&text[15]);	
   3425          			Lcd_wrchar_T(IDC.Col[4]*2,IDC.Col[5]%15+IDC.Col[4],text[IDC.Col[5]],1);
   3426          			}//if (KEY_Str.touch)
   3427          		}//	for
   3428          	}
   3429          }
   3430          u8 TEST_YX[64];
   3431          u8 TEST_YX_num=1;
   3432          void comtest_Timer_Over()
   3433          {
   3434             u8 i;
   3435             TEST_COM=0;
   3436                    for (i=32;i<64;i++)	
   3437          		  {
   3438          		       Bit_clr((u8 *)&YX1_sts,i);		// 遥信状态置0 
   3439          		  }
   3440          		  	for(i=0;i<64;i++)TEST_YX[i]=0;
   3441          
   3442          		  for(i=0;i<20;i++)l_MeaChanVal[i]=0;
   3443          }
   3444          //遥信测试
   3445          void COM_TEST_YX()
   3446          {
   3447          u8 i,j,page,num,streat;
   3448          
   3449           	static u8 byLct,YX_no;
   3450          	
   3451          	  if(!byLct)
   3452          	  {
   3453          		byLct=1;
   3454          		for(i=0;i<64;i++)TEST_YX[i]=0;
   3455          		 
   3456          	  }
   3457          	  	page= NumOfEvent/4;
   3458          		if (NumOfEvent%4)	page++;
   3459                 LCD_Clear();
   3460             
   3461                   if (KEY_Str.touch)
   3462          		{			//有按键
   3463          			switch (KEY_Str.Value)
   3464          			{
   3465          			case UP_KEY:
   3466          				if(IDC.Row[IDC1] >=1)
   3467          					IDC.Row[IDC1]--; 
   3468          				else
   3469          					IDC.Row[IDC1] = (NumOfEvent-1);
   3470          			
   3471          				if(IDC.Page[IDC1] != IDC.Row[IDC1]/4) IDC.bReflash=CLRDISEnable;
   3472          				IDC.Page[IDC1] = IDC.Row[IDC1]/4;	//更新页计数器
   3473          				break;
   3474          			case DOWN_KEY:
   3475          				if(IDC.Row[IDC1]!= (NumOfEvent-1))
   3476          					IDC.Row[IDC1]++; 
   3477          				else 
   3478          					IDC.Row[IDC1] = 0;
   3479          				 
   3480          				if(IDC.Page[IDC1] != IDC.Row[IDC1]/4) IDC.bReflash=CLRDISEnable;
   3481          				IDC.Page[IDC1] = IDC.Row[IDC1]/4;	//更新页计数器					
   3482          				break;
   3483          			case LEFT_KEY:
   3484          				if(IDC.Page[IDC1] != 0)
   3485          					IDC.Page[IDC1]--; 
   3486          				else
   3487          					IDC.Page[IDC1] = page-1;
   3488          				IDC.bReflash=CLRDISEnable;
   3489          				IDC.Row[IDC1] = IDC.Page[IDC1]*4;	//更新项计数器
   3490          				break;
   3491          			case RIGHT_KEY:
   3492          				if(IDC.Page[IDC1] != (page-1))
   3493          					IDC.Page[IDC1]++; 
   3494          				else
   3495          					IDC.Page[IDC1] = 0;
   3496          				IDC.bReflash=CLRDISEnable;
   3497          				IDC.Row[IDC1] = IDC.Page[IDC1]*4;	//更新项计数器
   3498          				break;
   3499          			case SET_KEY:
   3500          			  if(YX_no<YXNUMMAX)
   3501          		         TEST_YX[YX_no]=~TEST_YX[YX_no];
   3502          				  com_test_timer=1500;
   3503          			      TEST_COM=1;
   3504          				break ;
   3505          			case ESC_KEY:
   3506          			     byLct=0;
   3507          				KEY_Str.Value = 0;
   3508          				KEY_Str.touch = 0;
   3509          	    		Menu_Clear(); //清除菜单记录
   3510          				Menu_List_Head = Menu_List_Head->Parent;	//从触发菜单返回
   3511          				return ;
   3512          			default:
   3513          				KEY_Str.Value = 0;
   3514          				KEY_Str.touch = 0;
   3515          				break;
   3516          			}//switch
   3517          			KEY_Str.Value = 0;
   3518          			KEY_Str.touch = 0;
   3519          		}//if
   3520               
   3521             			YX_no=tEvtTab[IDC.Row[IDC1]].uSoeNo;
   3522          	
   3523          		  	LCD_Clear();//刷新屏幕函数	
   3524           		 Lcd_printstr(0,4,(char *)"遥信测试");	  
   3525          		 streat=IDC.Page[IDC1]*4;
   3526          		for (j=0;j<4;j++)
   3527          		{
   3528          		  
   3529          		    if(j+IDC.Page[IDC1]*4>=NumOfEvent) break;
   3530          			
   3531          			num=tEvtTab[j+streat].uSoeNo;
   3532          		  	  sprintf((char *)&text, "%2d.",num);	
   3533          			  MEM_copy(&text[3], &tEvtTab[j+streat].sYxName[0],16);	
   3534                   	
   3535          	    	if (j==(IDC.Row[IDC1]%4))		//描述
   3536          	    		Lcd_printstr_W(j*2+1,0,(char *)&text); 	
   3537          	    	else 
   3538          	    		Lcd_printstr(j*2+1,0,(char *)&text); 	
   3539          	   		 if(num<YXNUMMAX)
   3540          			 {
   3541          			   if(TEST_YX[num])
   3542          	    		  Lcd_printstr(j*2+2,16,"返回");						
   3543          	    	   else  	
   3544          	 			  Lcd_printstr(j*2+2,16,"动作");	
   3545          			 }
   3546          	    }
   3547             
   3548          			  
   3549                    for (i=32;i<64;i++)	
   3550          		  {
   3551          			if(TEST_YX[i])
   3552          			   Bit_set((u8 *)&YX1_sts,i);		// 遥信状态置1
   3553          			else
   3554          		       Bit_clr((u8 *)&YX1_sts,i);		// 遥信状态置0 
   3555          		  }
   3556          		    Modbus_YX_sts[0]|=YX1_sts[YX_SG1];
   3557          			Modbus_YX_sts[1]|=YX1_sts[YX_SG2];
   3558          			Modbus_YX_sts[2]|=YX1_sts[YX_GJ1];
   3559          			Modbus_YX_sts[3]|=YX1_sts[YX_GJ2];		
   3560          }
   3561          
   3562          //遥测测试
   3563          void COM_TEST_YC()
   3564          {
   3565          
   3566           					     
   3567                     
   3568           
   3569          
   3570          }
   3571          /**************************************************************** 
   3572          * 名称: SystemSet_485
   3573          * 说明: 
   3574          * 功能: 设置网络通讯的波特率和双网切换
   3575          * 调用: 由相应的菜单模块指针调用
   3576          * 输入: 
   3577          * 返回值: 无
   3578          ******************************************************************/
   3579            void	SystemSet_485()
   3580          {
   3581          	u8 i;
   3582          	u8   TEST;
   3583          	u8 *PTR,*PTR1;
   3584          				 	
   3585          	if(IDC.CallDeep==0)
   3586          	{
   3587          			      
   3588          		if(IDC.bReflash==0x5a)
   3589          		{
   3590          			Lcd_clrram();
   3591          			IDC.bReflash=0;
   3592          			BAK_Syspar.RS485_ADR=RUN_Syspar.RS485_ADR;
   3593          			BAK_Syspar.RS485_bps=RUN_Syspar.RS485_bps;
   3594                          BAK_Syspar.RS485_YC=RUN_Syspar.RS485_YC;
   3595          			BAK_Syspar.RS485_Protocol=RUN_Syspar.RS485_Protocol;
   3596          		} 
   3597          			
   3598          		for (i=0;i<32;i++)	text[i] =' ';												
   3599          		BCD_ASC16 (BAK_Syspar.RS485_ADR, text);
   3600          		text[2]='H';
   3601          		Lcd_printstr(0,11,(char *)text);   		 
   3602          		
   3603          		switch (BAK_Syspar.RS485_bps)
   3604          		{
   3605          		case 0: 
   3606          			Lcd_printstr(1,11,(char *)name7_3_2_1);
   3607          			break;
   3608          		case 1: 
   3609          			Lcd_printstr(1,11,(char *)name7_3_2_2);
   3610          			break;
   3611          		case 2: 
   3612          			Lcd_printstr(1,11,(char *)name7_3_2_3);
   3613          			break;
   3614          		case 3: 
   3615          			Lcd_printstr(1,11,(char *)name7_3_2_4);
   3616          		default:
   3617          			break;
   3618          		}
   3619          		switch (BAK_Syspar.RS485_Protocol)
   3620          		{
   3621          		case 2: 
   3622          			Lcd_printstr(2,10,(char *)name7_3_3_1);
   3623          			break;
   3624          		case 3: 
   3625          			Lcd_printstr(2,10,(char *)name7_3_3_2);
   3626          		default:
   3627          			break;
   3628          		}
   3629          	   if (BAK_Syspar.RS485_YC)
   3630          			Lcd_printstr(3,10,(char *)name7_3_4_2);
   3631          		else
   3632          			Lcd_printstr(3,10,(char *)name7_3_4_1);
   3633           
   3634          		
   3635          		if (KEY_Str.touch)
   3636          		{	
   3637          			switch (KEY_Str.Value)
   3638          			{
   3639          			case UP_KEY:
   3640          				if (IDC.Page[IDC0]==0)
   3641          					IDC.Page[IDC0]=3;
   3642          				else 
   3643          					IDC.Page[IDC0]--;
   3644          				break;
   3645          			case DOWN_KEY:
   3646          				IDC.Page[IDC0]++;
   3647          				if (IDC.Page[IDC0]>=4)
   3648          					IDC.Page[IDC0]=0;
   3649          				break;
   3650          			case SET_KEY:
   3651          				KEY_Str.Value = 0;
   3652          			    KEY_Str.touch = 0;						
   3653          				if (IDC.Page[IDC0]==0)
   3654          				{
   3655          					IDC.CallDeep=1;
   3656          					SystemSet_485Adr();//485网地址
   3657          				}
   3658          				else if (IDC.Page[IDC0]==1)
   3659          				{
   3660          					IDC.CallDeep=2;
   3661          					SET_485_Baud();		//波特率设置
   3662          				}
   3663          				else if (IDC.Page[IDC0]==2)
   3664          				{
   3665          					IDC.CallDeep=3;
   3666          					SET_485_Protocol();	//485规约设置
   3667          				}
   3668          				else if (IDC.Page[IDC0]==3)
   3669          				{
   3670          					IDC.CallDeep=4;
   3671          		             SET_485_YC();	//遥测上送一次值
   3672          				}			
   3673          				break;
   3674          			case ESC_KEY:
   3675          				KEY_Str.Value = 0;
   3676          				KEY_Str.touch = 0;
   3677          	    	    Menu_Clear(); //清除菜单记录
   3678          	    	    IDC.CallDeep=5;
   3679          			//	Menu_List_Head = Menu_List_Head->Parent;	//从触发菜单返回
   3680          				break;
   3681          			default:
   3682          				KEY_Str.Value = 0;
   3683          				KEY_Str.touch = 0;
   3684          				break;
   3685          			}//switch
   3686          			KEY_Str.Value = 0;
   3687          			KEY_Str.touch = 0;					
   3688          		}//if
   3689          		 
   3690          		Lcd_WriteStrX(0,0,(char *)name7_3_1,IDC.Page[IDC0]==0);
   3691          		Lcd_WriteStrX(1,0,(char *)name7_3_2,IDC.Page[IDC0]==1);
   3692          		Lcd_WriteStrX(2,0,(char *)name7_3_3,IDC.Page[IDC0]==2);
   3693          		Lcd_WriteStrX(3,0,(char *)name7_3_4,IDC.Page[IDC0]==3);
   3694           	}
   3695          	else if(IDC.CallDeep==1)
   3696          	{
   3697          		SystemSet_485Adr();//485网地址
   3698          	}
   3699          	else if(IDC.CallDeep==2)
   3700          	{
   3701          		SET_485_Baud();		//485波特率设置
   3702          	}
   3703          	else if(IDC.CallDeep==3)
   3704          	{
   3705          		SET_485_Protocol();	//485规约设置
   3706          	}
   3707          	else if(IDC.CallDeep==4)
   3708          	{
   3709          		SET_485_YC();	//遥测上送一次值
   3710          	}
   3711          	else if(IDC.CallDeep==5)
   3712          	{
   3713          		PTR=(u8*)&BAK_Syspar;
   3714          		PTR1=(u8*)&RUN_Syspar;
   3715          		for(i=0;i<sizeof(RUN_Syspar);i++)
   3716          		{
   3717          			if(*PTR++!=*PTR1++)
   3718          			{
   3719          				Flag_Eep_DZ=1;
   3720          				break;	
   3721          			}
   3722          			else
   3723          				Flag_Eep_DZ=0;
   3724          		}
   3725          		
   3726          		if(Flag_Eep_DZ)
   3727          	    {
   3728          			TEST=Ask_Password (2);
   3729          			if (TEST==DisAvailable)
   3730          			{	//密码
   3731          	    		Menu_Clear(); //清除菜单记录
   3732          				Menu_List_Head = Menu_List_Head->Parent;	//从触发菜单返回 
   3733          				return;
   3734          			}
   3735          			else if(TEST==Available)
   3736          			{
   3737          				Flag_Eep_DZ=0;
   3738          				IDC.bReflash=0x5a;
   3739          				SETFZ_Save(DZ_SYSpar);
   3740          				Uart_Init(USART1, RUN_Syspar.RS485_bps, 0);
   3741                          EventManage_CZJL_Write(JL_Parmt,JL_JD);
   3742          				Lcd_clrram();
   3743          	    		Lcd_printstr_W(1,0,(char *)name6_xx);
   3744          	    		IDC.CallDeep=5;
   3745          	    	}
   3746          			else
   3747          				return;
   3748          	    }
   3749          		else
   3750          		{
   3751          			Menu_Clear(); //清除菜单记录
   3752          			Menu_List_Head = Menu_List_Head->Parent;	//从触发菜单返回 
   3753          			return;
   3754          		}
   3755          	}
   3756          }
   3757          
   3758          
   3759          /**************************************************************** 
   3760          * 名称: SystemSet_485Adr
   3761          * 说明: 待写
   3762          * 功能: 设置485地址
   3763          * 调用: 由相应的菜单模块指针调用
   3764          * 输入: 
   3765          * 返回值: 无
   3766          ******************************************************************/
   3767          void SystemSet_485Adr ()
   3768          {
   3769          	u8	i,uTemp;
   3770              u8   TEST;  
   3771          
   3772          	     if(IDC.uStatus!=0x5a)
   3773          		   {
   3774          		  	uTemp =RUN_Syspar.RS485_ADR;
   3775          		  	IDC.Col[IDC.CallDeep]=0;
   3776          		  	IDC.uStatus=0x5a;	
   3777          		   }
   3778          		   else
   3779          		   {
   3780          		   	uTemp=IDC.Star[0];	
   3781          		   }
   3782          		    
   3783          		  TEST=ActiveX (0,11,IDC.Col[IDC.CallDeep],1,asc_tab2,0,&uTemp);
   3784          
   3785          	   	if (TEST==DisAvailable)
   3786          			{	
   3787          		    	IDC.Col[IDC.CallDeep]=0;
   3788          		    	IDC.CallDeep=0;
   3789          		    	IDC.uStatus=0;
   3790          		    	for(i=0;i<5;i++)IDC.Star[i]=0;		    				    	
   3791          			}
   3792              	else if(TEST==Available)	
   3793          			{		     	
   3794          		       	IDC.Col[IDC.CallDeep]=0;
   3795          		       	IDC.CallDeep=0;
   3796          		       	IDC.uStatus=0;
   3797          				for(i=0;i<5;i++)IDC.Star[i]=0;
   3798          		        BAK_Syspar.RS485_ADR = uTemp;
   3799          		      //  Eep_Write_SysPar(&RUN_Syspar); 
   3800          		   //   Eep_Write_CanPara(&RUN_Syspar.RS485_ADR);			    			
   3801          			}
   3802          		else
   3803          			{		
   3804          		    	IDC.Col[IDC.CallDeep]=TEST;		
   3805          		   		IDC.Star[0]=uTemp; 		
   3806          			}
   3807          
   3808          }
   3809          
   3810          //485波特率设置
   3811          void	SET_485_Baud()
   3812          {
   3813          
   3814          	     if(IDC.uStatus!=0x5a)
   3815          		   {
   3816          		  	IDC.Page[IDC1] =RUN_Syspar.RS485_bps;
   3817          		  	IDC.uStatus=0x5a;	
   3818          		   }
   3819          
   3820          	     if (KEY_Str.touch)
   3821          			{	
   3822          				switch (KEY_Str.Value)
   3823          				{
   3824          				case UP_KEY:
   3825          						if (IDC.Page[IDC1]<=0)
   3826          							IDC.Page[IDC1]=3;
   3827          						else 
   3828          							IDC.Page[IDC1]--;
   3829          					break;
   3830          				case DOWN_KEY:
   3831          						if (IDC.Page[IDC1]>=3)
   3832          							IDC.Page[IDC1]=0;
   3833          						else 
   3834          							IDC.Page[IDC1]++;	
   3835          					break;
   3836          				case SET_KEY:
   3837          						BAK_Syspar.RS485_bps=IDC.Page[IDC1];
   3838          					//	Eep_Write_SysPar(&RUN_Syspar); 
   3839          					//	Uart0_Init();
   3840          						IDC.CallDeep=0;
   3841          						IDC.uStatus=0;
   3842          					break;
   3843          				case ESC_KEY:
   3844          					KEY_Str.Value = 0;
   3845          					KEY_Str.touch = 0;
   3846                              Menu_Clear(); //清除菜单记录
   3847          					Menu_List_Head = Menu_List_Head->Parent;	//从触发菜单返回
   3848          					return ;
   3849          				default:
   3850          					KEY_Str.Value = 0;
   3851          					KEY_Str.touch = 0;
   3852          					break;
   3853          				}//switch
   3854          					KEY_Str.Value = 0;
   3855          					KEY_Str.touch = 0;				
   3856          			}
   3857          	
   3858          		switch (IDC.Page[IDC1])
   3859          		   {
   3860          		    case 0: 
   3861                          Lcd_printstr_W(1,11,(char *)name7_3_2_1);
   3862                          break;
   3863                      case 1: 
   3864                          Lcd_printstr_W(1,11,(char *)name7_3_2_2);
   3865                          break;
   3866                      case 2: 
   3867                          Lcd_printstr_W(1,11,(char *)name7_3_2_3);
   3868                          break;
   3869                      case 3: 
   3870                          Lcd_printstr_W(1,11,(char *)name7_3_2_4);
   3871                       default:
   3872                          break;
   3873          		   }
   3874          }
   3875          
   3876          //通信规约设置
   3877          void	SET_485_Protocol(void)
   3878          {
   3879          	
   3880          	if(IDC.uStatus!=0x5a)
   3881          	{
   3882          		IDC.Page[IDC1] =RUN_Syspar.RS485_Protocol;
   3883          		IDC.uStatus=0x5a;	
   3884          	}
   3885          	
   3886          	if (KEY_Str.touch)
   3887          	{	
   3888          		switch (KEY_Str.Value)
   3889          		{
   3890          		case UP_KEY:
   3891          			//if (IDC.Page[IDC1]<=2)
   3892          				IDC.Page[IDC1]=2;
   3893          		//	else 
   3894          		//		IDC.Page[IDC1]--;
   3895          			break;
   3896          		case DOWN_KEY:
   3897          			//if (IDC.Page[IDC1]>=3)
   3898          				IDC.Page[IDC1]=2;
   3899          			//else 
   3900          			//	IDC.Page[IDC1]++;	
   3901          			break;
   3902          		case SET_KEY:
   3903          			BAK_Syspar.RS485_Protocol=2;//IDC.Page[IDC1];
   3904          			IDC.CallDeep=0;
   3905          			IDC.uStatus=0;
   3906          			break;
   3907          		case ESC_KEY:
   3908          			KEY_Str.Value = 0;
   3909          			KEY_Str.touch = 0;
   3910          			Menu_Clear(); //清除菜单记录
   3911          			Menu_List_Head = Menu_List_Head->Parent;	//从触发菜单返回
   3912          			return ;
   3913          		default:
   3914          			KEY_Str.Value = 0;
   3915          			KEY_Str.touch = 0;
   3916          			break;
   3917          		}//switch
   3918          		KEY_Str.Value = 0;
   3919          		KEY_Str.touch = 0;				
   3920          	}
   3921          	
   3922          	switch (IDC.Page[IDC1])
   3923          	{
   3924          	case 2: 
   3925          	    Lcd_printstr_W(2,10,(char *)name7_3_3_1);
   3926          	    break;
   3927          	case 3: 
   3928          	    Lcd_printstr_W(2,10,(char *)name7_3_3_2);
   3929          	 default:
   3930          	    break;
   3931          	}
   3932          }
   3933          
   3934          
   3935          //遥测上送一次值或二次值选择
   3936          void	SET_485_YC(void)
   3937          {
   3938          	
   3939          	if(IDC.uStatus!=0x5a)
   3940          	{
   3941          		IDC.Page[IDC1] =RUN_Syspar.RS485_YC;
   3942          		IDC.uStatus=0x5a;	
   3943          	}
   3944          	
   3945          	if (KEY_Str.touch)
   3946          	{	
   3947          		switch (KEY_Str.Value)
   3948          		{
   3949          		case UP_KEY:
   3950          		case DOWN_KEY:
   3951          			 if (IDC.Page[IDC1])
   3952          				IDC.Page[IDC1]=0;
   3953          			 else 
   3954          			 	IDC.Page[IDC1]=1;	
   3955          			break;
   3956          		case SET_KEY:
   3957          			BAK_Syspar.RS485_YC=IDC.Page[IDC1]; 
   3958          			IDC.CallDeep=0;
   3959          			IDC.uStatus=0;
   3960          			break;
   3961          		case ESC_KEY:
   3962          			KEY_Str.Value = 0;
   3963          			KEY_Str.touch = 0;
   3964          			Menu_Clear(); //清除菜单记录
   3965          			Menu_List_Head = Menu_List_Head->Parent;	//从触发菜单返回
   3966          			return ;
   3967          		default:
   3968          			KEY_Str.Value = 0;
   3969          			KEY_Str.touch = 0;
   3970          			break;
   3971          		}//switch
   3972          		KEY_Str.Value = 0;
   3973          		KEY_Str.touch = 0;				
   3974          	}
   3975          	
   3976          	 if(IDC.Page[IDC1])
   3977          	    Lcd_printstr_W(3,10,(char *)name7_3_4_2);
   3978               else
   3979          	    Lcd_printstr_W(3,10,(char *)name7_3_4_1);
   3980          	 
   3981          }
   3982          
   3983          void SystemSet_QFTZ(void)
   3984          {
   3985          	u8   TEST;
   3986          	
   3987          
   3988          	static u8 by_mote; 
   3989          	
   3990          	if(IDC.CallDeep==0)
   3991          	{		  
   3992          		TEST=Ask_Password (3);
   3993          		if (TEST==DisAvailable)
   3994          		{	//密码
   3995          			Menu_nom=0;	//退出菜单
   3996          	    	Menu_Clear(); //清除菜单记录
   3997          			Menu_List_Head = &Menu_Normal_Index;
   3998          			return;
   3999          		}
   4000          		else if(TEST==Available)
   4001          		{
   4002          			IDC.CallDeep=1;
   4003           			by_mote=0;
   4004          		}
   4005          		else
   4006          			return;		
   4007          	}
   4008          	
   4009          	if(IDC.CallDeep==1)
   4010          	{
   4011          		if(IDC.bReflash==0x5a)
   4012          		{
   4013          			Lcd_clrram();
   4014          			IDC.Page[0] = 0;
   4015          			IDC.Row[0] = 0;
   4016          			IDC.bReflash=0;
   4017          			Bak_QFTZ.Type=Set_QFTZ.Type;
   4018          			Bak_QFTZ.YYType=Set_QFTZ.YYType;
   4019          		    Bak_QFTZ.YCType=Set_QFTZ.YCType;
   4020          		
   4021          		} 
   4022          		WDog_Clear();
   4023          		Lcd_printstr(0,2,"保护基本设置");
   4024           
   4025           	 
   4026          		if(!MenuTimer)
   4027          		{
   4028          			IDC.bReflash=0x5a;
   4029          			Menu_nom=0;		//退出特殊菜单
   4030          			Lcd_clrram();
   4031          			Menu_Clear();	//清除菜单记录
   4032          			Menu_List_Head = &Menu_Normal_Index;
   4033          		}
   4034          		
   4035          		if(KEY_Str.touch)
   4036          		{	
   4037          			switch (KEY_Str.Value)
   4038          			{
   4039          			case UP_KEY:			//用于加减
   4040          			    
   4041          			  if(by_mote)
   4042          			  {
   4043          			    if(IDC.Row[0]==0)
   4044          				{
   4045          				   if(Bak_QFTZ.Type>=2)Bak_QFTZ.Type=0;
   4046          				   else
   4047          					 Bak_QFTZ.Type++;
   4048          				     
   4049          				}
   4050          				else if(IDC.Row[0]==1)
   4051          				{
   4052          					  if(Bak_QFTZ.YYType)Bak_QFTZ.YYType=0;
   4053          				   else
   4054          					      Bak_QFTZ.YYType=1;	
   4055          				  //  by_mote1=1; 
   4056          				}
   4057          				else if(IDC.Row[0]==2)
   4058          				{
   4059          					  if(Bak_QFTZ.YCType)Bak_QFTZ.YCType=0;
   4060          				   else
   4061          					      Bak_QFTZ.YCType=1;	
   4062          				  //  by_mote1=1; 
   4063          				}	
   4064          			  } 
   4065          			  else
   4066          			  {
   4067          				if (IDC.Row[0]>0)
   4068          					IDC.Row[0]--;
   4069          				else
   4070          					IDC.Row[0]=2;
   4071          			  }
   4072          				break;
   4073          				
   4074          			case DOWN_KEY:
   4075           			  if(by_mote)
   4076          			  {
   4077          			    if(IDC.Row[0]==0)
   4078          				{
   4079          				   if(Bak_QFTZ.Type>=2)Bak_QFTZ.Type=0;
   4080          				   else
   4081          					 Bak_QFTZ.Type++;
   4082          				     
   4083          				}
   4084          				else if(IDC.Row[0]==1)
   4085          				{
   4086          					  if(Bak_QFTZ.YYType)Bak_QFTZ.YYType=0;
   4087          				   else
   4088          					      Bak_QFTZ.YYType=1;	
   4089          				  //  by_mote1=1; 
   4090          				}
   4091          				else if(IDC.Row[0]==2)
   4092          				{
   4093          					  if(Bak_QFTZ.YCType)Bak_QFTZ.YCType=0;
   4094          				   else
   4095          					      Bak_QFTZ.YCType=1;	
   4096          				  //  by_mote1=1; 
   4097          				}	
   4098          			  } 
   4099          			  else
   4100          			  {
   4101          				IDC.Row[0]++;
   4102          				if (IDC.Row[0]>=3)
   4103          					IDC.Row[0]=0;
   4104          			  }
   4105          				break;
   4106          			case LEFT_KEY:	
   4107          			case RIGHT_KEY:
   4108          
   4109          				break;
   4110          			case SET_KEY:
   4111          				KEY_Str.Value = 0;
   4112          				KEY_Str.touch = 0;
   4113          			 
   4114          					if(by_mote)
   4115          					{
   4116          					   
   4117          					  by_mote=0;
   4118          					   SETFZ_Save(DZ_BHType);
   4119          					  Lcd_printstr(7,0,"保护类型已变,");
   4120          					  Lcd_printstr(8,0,"务必重新上电!");
   4121                                while(1);
   4122          					
   4123          					}
   4124          					else
   4125          					   by_mote=1;
   4126          			 
   4127           
   4128          				break;
   4129          			case ESC_KEY:
   4130          				KEY_Str.Value = 0;
   4131          				KEY_Str.touch = 0;
   4132          				Menu_Clear(); //清除菜单记录
   4133          				IDC.CallDeep=7;
   4134          	    		return;
   4135          			default:
   4136          				KEY_Str.Value = 0;
   4137          				KEY_Str.touch = 0;
   4138          				break;
   4139          			}//switch
   4140          			MenuTimer=60;
   4141          			KEY_Str.Value = 0;
   4142          			KEY_Str.touch = 0;
   4143          		}//if
   4144          					
   4145          		     Lcd_WriteStrX(1,0,(char *)name9_1_1,IDC.Row[0]==0);
   4146          			Lcd_WriteStrX(2,0,(char *)name9_1_2,IDC.Row[0]==1);
   4147          			Lcd_WriteStrX(3,0,(char *)name9_1_3,IDC.Row[0]==2);
   4148          	
   4149          		switch(Bak_QFTZ.Type)		//保护型号选择
   4150          		{
   4151          		case 0: 
   4152          			Lcd_WriteStrX(1,8,(char *)name9_1_1_1,by_mote&&IDC.Row[0]==0);
   4153          			break;
   4154          		case 1: 
   4155          			Lcd_WriteStrX(1,8,(char *)name9_1_1_2,by_mote&&IDC.Row[0]==0);
   4156          			break;
   4157          		case 2: 
   4158          			Lcd_WriteStrX(1,8,(char *)name9_1_1_3,by_mote&&IDC.Row[0]==0);
   4159          			break;
   4160          		case 3: 
   4161          			Lcd_WriteStrX(1,8,(char *)name9_1_1_4,by_mote&&IDC.Row[0]==0);
   4162          			break;
   4163          		default:
   4164          			break;
   4165          		}
   4166          		switch(Bak_QFTZ.YYType)		//语言选择
   4167          		{
   4168          		case 0: 
   4169          			Lcd_WriteStrX(2,8,(char *)name9_1_2_1,by_mote&&IDC.Row[0]==1);
   4170          			break;
   4171          		case 1: 
   4172          			Lcd_WriteStrX(2,8,(char *)name9_1_2_2,by_mote&&IDC.Row[0]==1);
   4173          			break;
   4174          		default:
   4175          			break;
   4176          		}
   4177          
   4178          		
   4179          		switch(Bak_QFTZ.YCType)		//测量选择
   4180          		{
   4181          		case 0: 
   4182          			Lcd_WriteStrX(3,9,(char *)name9_1_4_1,by_mote&&IDC.Row[0]==2);
   4183          			break;
   4184          		case 1: 
   4185          			Lcd_WriteStrX(3,9,(char *)name9_1_4_2,by_mote&&IDC.Row[0]==2);
   4186          			break;
   4187          		default:
   4188          			break;
   4189          		}	
   4190          
   4191          	}
   4192          	else if(IDC.CallDeep==7)
   4193          	{
   4194          		WDog_Clear();
   4195          		Menu_nom=0;	//退出菜单
   4196          		Menu_Clear(); //清除菜单记录
   4197          
   4198          		Menu_List_Head = &Menu_Normal_Index;
   4199          	}
   4200          }
   4201          
   4202          
   4203          /**************************************************************** 
   4204          * 名称: Password_Set
   4205          * 说明: 待写
   4206          * 功能: 密码整定
   4207          * 调用: 由相应的菜单模块指针调用
   4208          * 输入: 
   4209          * 返回值: 无
   4210          ******************************************************************/
   4211          void Password_Set ()
   4212          {	
   4213          	u8	i;
   4214          	u8	temp[2];
   4215              u8   TEST,TEST1;
   4216              
   4217          	  if(IDC.CallDeep==0)
   4218          	    {
   4219          	  
   4220          	      TEST=Ask_Password (0);
   4221          	    
   4222          	 	 if (TEST==DisAvailable){	//密码
   4223                          Menu_Clear(); //清除菜单记录
   4224          				Menu_List_Head = Menu_List_Head->Parent;	//从触发菜单返回
   4225          			    return;
   4226          			}
   4227          			else if(TEST==Available)
   4228          			{
   4229          				IDC.CallDeep=1;	
   4230          			}
   4231          			else
   4232          			return;
   4233          		
   4234          		 }
   4235          		 else if (IDC.CallDeep==1)
   4236                   {
   4237            
   4238                       LCD_Clear();//刷新屏幕函数	
   4239          			
   4240          			if(IDC.uStatus!=0x5a)
   4241          			{
   4242          			IDC.uStatus=0x5a;
   4243          			temp[0]=temp[1]=0;
   4244          			}
   4245          			else	
   4246          			for(i=0;i<2;i++) temp[i]=IDC.Star[i];	
   4247          				    
   4248          		   	Lcd_printstr(1,1,(char *)name7_5_1);	   			   	 
   4249          	        TEST1=ActiveX (2,5,IDC.Col[IDC.CallDeep],2,asc_tab1,0x10,temp);
   4250          
   4251          			 if (TEST1==DisAvailable)
   4252          			    { 
   4253                            Menu_Clear(); //清除菜单记录		
   4254          				  Menu_List_Head = Menu_List_Head->Parent;	//从触发菜单返回					        
   4255          			      return;
   4256          			    	
   4257          			    }
   4258          	    	 else if(TEST1==Available)					
   4259          				{   		
   4260          				  for(i=0;i<2;i++)	BAK_Syspar.Password[i]=temp[i];
   4261          				  SETFZ_Save(DZ_SYSpar);
   4262                            EventManage_CZJL_Write(JL_Parmt,JL_JD);
   4263          				  Menu_Clear(); //清除菜单记录
   4264          			      Menu_List_Head = Menu_List_Head->Parent;	//从触发菜单返回		
   4265          			      return;
   4266          				}
   4267          			 else
   4268          				{
   4269          			       IDC.Col[IDC.CallDeep]=TEST1;	
   4270          			   	   for(i=0;i<2;i++) IDC.Star[i]=temp[i];
   4271          				}	
   4272                   }   				
   4273              
   4274          }
   4275          
   4276          
   4277          /**************************************************************** 
   4278          * 名称: SystemSet_YxPara_YXQR
   4279          * 说明: 待写
   4280          * 功能: 设置遥信确认时间
   4281          * 调用: 由相应的菜单模块指针调用
   4282          * 输入: 
   4283          * 返回值: 无
   4284          ******************************************************************/
   4285          void SystemSet_YxPara_YXQR ()
   4286          {
   4287          		u8	i,uTemp;
   4288          		u8   TEST;
   4289          
   4290          	if(IDC.CallDeep==0)
   4291          	{
   4292          		if(IDC.bReflash==0x5a)
   4293          		{
   4294          			Lcd_clrram();
   4295          			IDC.bReflash=0;
   4296          //			Eep_Read_SysPar(&BAK_Syspar); 	
   4297          		} 	    
   4298          		for (i=0;i<32;i++)	text[i] =0;							   									
   4299          		HEX_ASC16(BAK_Syspar.Yxfilter, text);			   	
   4300          		Lcd_printstr(1,10,(char *)text); 	
   4301          		Lcd_printstr(1,1,(char *)name7_4_1);	     
   4302          		Lcd_printstr(1,12,(char *)name4_2_3);	 
   4303          		
   4304          	 	//无按键60秒返回
   4305          		if (KEY_Str.touch)
   4306          		{			//有按键
   4307          			switch (KEY_Str.Value)
   4308          			{
   4309          			case SET_KEY:
   4310          				KEY_Str.Value = 0;
   4311          				KEY_Str.touch = 0;						
   4312          				IDC.CallDeep=1;
   4313          				IDC.uStatus=0;																	
   4314          				break;
   4315          			case ESC_KEY:
   4316          				KEY_Str.Value = 0;
   4317          				KEY_Str.touch = 0;
   4318          				Menu_Clear(); //清除菜单记录
   4319          				Menu_List_Head = Menu_List_Head->Parent;	//从触发菜单返回
   4320          				return ;
   4321          			default:
   4322          				KEY_Str.Value = 0;
   4323          				KEY_Str.touch = 0;
   4324          				return ;
   4325          			}
   4326          		}//if   	  	
   4327          	} 
   4328          	if(IDC.CallDeep==1)
   4329          	{
   4330          		if(IDC.uStatus!=0x5a)
   4331          		{
   4332          			uTemp =BAK_Syspar.Yxfilter;
   4333          			IDC.Col[IDC.CallDeep]=1;
   4334          			IDC.uStatus=0x5a;	
   4335          		}
   4336          		else
   4337          			uTemp=IDC.Star[0];	
   4338          		
   4339          		TEST=ActiveX (1,10,IDC.Col[IDC.CallDeep],1,asc_tab1,0x10,&uTemp);
   4340          		if (TEST==DisAvailable)
   4341          		{	
   4342          			Menu_Clear(); //清除菜单记录 
   4343          			IDC.CallDeep=2; 		    			
   4344          		}
   4345          		else if(TEST==Available)	
   4346          		{
   4347          			BAK_Syspar.Yxfilter=uTemp;
   4348          			Menu_Clear(); //清除菜单记录 
   4349          			IDC.CallDeep=2; 				
   4350          		}
   4351          		else
   4352          		{		
   4353          			IDC.Col[IDC.CallDeep]=TEST;		
   4354          			IDC.Star[0]=uTemp;		
   4355          		}
   4356          	}
   4357          	if(IDC.CallDeep==2)
   4358          	{
   4359          		if(RUN_Syspar.Yxfilter!=BAK_Syspar.Yxfilter)
   4360          			Flag_Eep_DZ=1;	
   4361          		else
   4362          			Flag_Eep_DZ=0;
   4363              	if(Flag_Eep_DZ)
   4364              	{
   4365           			TEST=Ask_Password (2);
   4366          			if (TEST==DisAvailable)
   4367          			{	//密码
   4368          				Menu_Clear(); //清除菜单记录
   4369          				Menu_List_Head = Menu_List_Head->Parent;	//从触发菜单返回 
   4370          				return;
   4371          			}
   4372          			else if(TEST==Available)
   4373          			{
   4374          				Flag_Eep_DZ=0;
   4375          				IDC.bReflash=0x5a;
   4376          				SETFZ_Save(DZ_SYSpar);
   4377          				Lcd_clrram();
   4378          				Lcd_printstr_W(1,0,(char *)name6_xx);
   4379                          EventManage_CZJL_Write(JL_Parmt,JL_JD);
   4380          			}
   4381          			else
   4382          				return;
   4383              	}
   4384              	else
   4385              	{
   4386          			Menu_Clear(); //清除菜单记录
   4387          			Menu_List_Head = Menu_List_Head->Parent;	//从触发菜单返回 
   4388          			return;
   4389              	}
   4390          	}	         
   4391          }
   4392          void SystemSetLCD ()
   4393          {	
   4394          	u8	i;
   4395          	static u8	LCD_BG;
   4396              u8 b_text[10];
   4397          	
   4398           		if(IDC.bReflash==CLRDISEnable)
   4399          		{
   4400          			Lcd_clrram();
   4401          			IDC.bReflash=0;
   4402          		    LCD_BG=Run_Signal.LCD_S;
   4403          
   4404          		} 
   4405          	      sprintf(&b_text[0], "%d", LCD_BG);
   4406          		  Lcd_printstr(1,16,(char *)b_text);		
   4407          		  Lcd_printstr(1,2,(char *)"液晶对比度值:");		
   4408          			
   4409          		  Lcd_printstr(3,2,(char *)"按上下键可以调节液");		
   4410          		  Lcd_printstr(4,0,(char *)"晶对比度, 并按确认键");		
   4411          		  Lcd_printstr(5,0,(char *)"保存.               ");		
   4412            
   4413          		if (KEY_Str.touch)
   4414          		{			//有按键
   4415          			switch (KEY_Str.Value)
   4416          			{
   4417          			  
   4418          			case UP_KEY:
   4419          			case LEFT_KEY:
   4420          				if(LCD_BG<0x38)LCD_BG+=2;
   4421          				else
   4422          				      LCD_BG=0x38;
   4423          			//	IDC.bReflash=CLRDISEnable;
   4424          				break;
   4425          			case DOWN_KEY:
   4426          			case RIGHT_KEY:	
   4427          				 if(LCD_BG>0x10)LCD_BG-=2;
   4428          				else
   4429          				  LCD_BG=0x10;
   4430          				//IDC.bReflash=CLRDISEnable;
   4431          				break;
   4432          			case SET_KEY:
   4433          				KEY_Str.Value = 0;
   4434          				KEY_Str.touch = 0;	
   4435          				Run_Signal.LCD_S=LCD_BG;
   4436          			    Eep_Write_Signal(&Run_Signal); 
   4437                          EventManage_CZJL_Write(JL_Parmt,JL_JD);					    					
   4438          				break;			
   4439          			case ESC_KEY:
   4440          				KEY_Str.Value = 0;
   4441          				KEY_Str.touch = 0;
   4442                          Menu_Clear(); //清除菜单记录
   4443          				Menu_List_Head = &Menu_Normal_Index;	
   4444          			//	Menu_List_Head = Menu_List_Head->Parent;	//从触发菜单返回
   4445          				return ;
   4446          			default:
   4447          				KEY_Str.Value = 0;
   4448          				KEY_Str.touch = 0;
   4449          				return ;
   4450          			}
   4451          		   KEY_Str.Value = 0;
   4452          		   KEY_Str.touch = 0;	
   4453          		   		 
   4454          
   4455          	      Run_Signal.LCD_S=LCD_BG;
   4456          		  
   4457          		LcdWrite_Code(0x30);//Extension command 1
   4458          		LcdWrite_Code(0x81);//Power Control 
   4459          		LcdWrite_Data(LCD_BG);//Vop5~Vop0,0~3F  对比度细调，可以修改范围在0x10-38
   4460          		LcdWrite_Data(0x04);//Vop8~Vop6,0~7，对比度粗调，不可改
   4461          
   4462          		}//if  
   4463          		
   4464          	  
   4465          }
   4466          
   4467          
   4468          /**************************************************************** 
   4469          * 名称: void EVENT_FG ()
   4470          * 说明: 待写
   4471          * 功能: 事件记录清0
   4472          * 调用: 由相应的菜单模块指针调用
   4473          * 输入: 
   4474          * 返回值: 无
   4475          ******************************************************************/
   4476          
   4477          
   4478          void EVENT_FG ()
   4479          {	
   4480          
   4481              u8   TEST;
   4482              
   4483          
   4484                 if(IDC.CallDeep==0)
   4485          		 {		  
   4486          		    TEST=Ask_Password (1);
   4487          		    
   4488          		 	 if (TEST==DisAvailable)
   4489          		 	     {	//密码
   4490          	               Menu_Clear(); //清除菜单记录
   4491          			       Menu_List_Head = Menu_List_Head->Parent;	//从触发菜单返回
   4492          				   return;
   4493          				 }
   4494          	    	 else if(TEST==Available)
   4495          				   IDC.CallDeep=1;	
   4496          			 else
   4497          				  return;		
   4498          		 }
   4499          		 if (IDC.CallDeep==1)
   4500                   { 		
   4501          	          
   4502          	        Lcd_clrram();					   	 
   4503          		   	if (Flash_Earse(0))
   4504          		          Lcd_printstr(1,2,(char *)name7_6_1);			    	
   4505          			else 
   4506          		         Lcd_printstr(1,2,(char *)name7_6_2);
   4507          			Menu_Clear(); //清除菜单记录	
   4508                      Menu_List_Head = Menu_List_Head->Parent;	//从触发菜单返回				
   4509                   }   				
   4510              
   4511          }
   4512          
   4513          
   4514          /**************************************************************** 
   4515          * 名称: void SOE_FG ()
   4516          * 说明: 待写
   4517          * 功能: SOE记录清0
   4518          * 调用: 由相应的菜单模块指针调用
   4519          * 输入: 
   4520          * 返回值: 无
   4521          ******************************************************************/
   4522          
   4523          
   4524          void SOE_FG ()
   4525          {	
   4526          
   4527              u8   TEST;
   4528             
   4529                 if(IDC.CallDeep==0)
   4530          		 {		  
   4531          		    TEST=Ask_Password (1);
   4532          		    
   4533          		 	 if (TEST==DisAvailable)
   4534          		 	     {	//密码
   4535          	               Menu_Clear(); //清除菜单记录
   4536          			       Menu_List_Head = Menu_List_Head->Parent;	//从触发菜单返回
   4537          				   return;
   4538          				 }
   4539          	    	 else if(TEST==Available)
   4540          				   IDC.CallDeep=1;	
   4541          			 else
   4542          				  return;		
   4543          		 }
   4544          	   if (IDC.CallDeep==1)
   4545                   { 
   4546          	          Lcd_clrram();					   	 
   4547          		   	if(Flash_Earse(1))			
   4548          				  Lcd_printstr(1,2,(char *)name7_6_1);				 			    				  
   4549          			else 
   4550          				  Lcd_printstr(1,2,(char *)name7_6_2);
   4551                        
   4552          			  Menu_Clear(); //清除菜单记录
   4553          			  Menu_List_Head = Menu_List_Head->Parent;	//从触发菜单返回				      	
   4554                   }   				
   4555              
   4556          }
   4557          
   4558          /**************************************************************** 
   4559          * 功能: 操作记录清0
   4560          * 调用: 由相应的菜单模块指针调用
   4561          * 输入: 
   4562          * 返回值: 无
   4563          ******************************************************************/
   4564          void CZJL_FG ()
   4565          {	
   4566          
   4567              u8   TEST;
   4568             
   4569                 if(IDC.CallDeep==0)
   4570          		 {		  
   4571          		    TEST=Ask_Password (1);
   4572          		    
   4573          		 	 if (TEST==DisAvailable)
   4574          		 	     {	//密码
   4575          	               Menu_Clear(); //清除菜单记录
   4576          			       Menu_List_Head = Menu_List_Head->Parent;	//从触发菜单返回
   4577          				   return;
   4578          				 }
   4579          	    	 else if(TEST==Available)
   4580          				   IDC.CallDeep=1;	
   4581          			 else
   4582          				  return;		
   4583          		 }
   4584          	   if (IDC.CallDeep==1)
   4585                   { 
   4586          	          Lcd_clrram();					   	 
   4587          		   	if(Flash_Earse(2))			
   4588          				  Lcd_printstr(1,0,(char *)name7_6_1);				 			    				  
   4589          			else 
   4590          				  Lcd_printstr(1,0,(char *)name7_6_2);
   4591                        
   4592          			  Menu_Clear(); //清除菜单记录
   4593          			  Menu_List_Head = Menu_List_Head->Parent;	//从触发菜单返回				      	
   4594                   }   				
   4595              
   4596          }
   4597          
   4598          /**************************************************************** 
   4599          * 名称: Others_Version
   4600          * 说明: 待写
   4601          * 功能: 版本信息
   4602          * 调用: 由相应的菜单模块指针调用
   4603          * 输入: 
   4604          * 返回值: 无
   4605          ******************************************************************/
   4606          void Others_Version ()
   4607          {	
   4608          	u8 j;
   4609          		LCD_Clear();		//刷新屏幕函数			            		  
   4610          		Lcd_printstr(1,1,"继电保护软件");	//软件核准名称
   4611          		for (j=0;j<5;j++) text[j]=0; 		
   4612          		Lcd_printstr(2,1,(char *)name_date);	//保护软件版本日期//
   4613          
   4614          		Lcd_printstr(3,1,(char *)name_VAR);//保护软件版本号:
   4615          		HEX_ASC32(VAR_crc1,&text[0]);
   4616          		Lcd_printstr(4,8,(char *)&text[0]);
   4617          		Lcd_printstr(4,1,(char *)name8_1_2);//保护软件固化校验码:
   4618          		//无按键60秒返回
   4619          		if (KEY_Str.touch)
   4620          		{			//有按键
   4621          			switch (KEY_Str.Value)
   4622          			{
   4623          			case ESC_KEY:
   4624          				KEY_Str.Value = 0;
   4625          				KEY_Str.touch = 0;
   4626                          Menu_Clear(); //清除菜单记录
   4627          				Menu_List_Head = Menu_List_Head->Parent;	//从触发菜单返回
   4628          				return ;
   4629          			default:
   4630          				KEY_Str.Value = 0;
   4631          				KEY_Str.touch = 0;
   4632          				return ;
   4633          			}
   4634          		}//if
   4635          }
   4636          
   4637          void SystemSet_Default(void)
   4638          {
   4639          	u8   TEST;
   4640          	static u8 byLct;  
   4641          	if(IDC.CallDeep==0)
   4642          	{		
   4643          		TEST=Ask_Password (1);
   4644          		
   4645          		if (TEST==DisAvailable)
   4646          		{	//密码
   4647          			Menu_Clear(); //清除菜单记录
   4648          			Menu_List_Head = Menu_List_Head->Parent;	//从触发菜单返回
   4649          			return;
   4650          		}
   4651          		else if(TEST==Available)
   4652          	 	{
   4653          			IDC.CallDeep=1;	
   4654          			byLct=1;
   4655          			IDC.uStatus=0x5a;	
   4656          	 	}
   4657          		else
   4658          			return;		
   4659          	}
   4660          	if (IDC.CallDeep==1)
   4661          	{ 
   4662          		if(byLct)
   4663          		{
   4664          			byLct=0;
   4665          			if(Set_QFTZ.Type==1) SETFZ_Default(DZ_BYQYB);	  // 变压器保护
   4666          			else if(Set_QFTZ.Type==2) SETFZ_Default(DZ_MOTOYB);	  // 电动机保护
   4667          			else if(Set_QFTZ.Type==3) SETFZ_Default(DZ_DRQYB);	  // 电动机保护
   4668          			else SETFZ_Default(DZ_XLYB);	//线路、其他型号压板
   4669                      delay_ms(250);
   4670          			SETFZ_Default(DZ_SYSpar);	//系统参数
   4671                      delay_ms(250);
   4672          			Set_Default();	//定值
   4673                      EventManage_CZJL_Write(JL_SYS,JL_JD);
   4674          		}
   4675          		
   4676          		LCD_Clear();		//刷新屏幕函数			            		  
   4677          		
   4678                 
   4679                  Lcd_printstr(0,3,"恢复出厂设置");
   4680                  WDog_Clear();	
   4681                  delay_ms(150);
   4682                  Lcd_printstr(1,2,"系统参数缺省...");	                     
   4683                  delay_ms(150);
   4684                  Lcd_printstr(2,2,"压板缺省......");                       
   4685                  delay_ms(150);
   4686                  Lcd_printstr(3,2,"定值缺省......"); 
   4687                  delay_ms(150);
   4688                  Lcd_printstr(4,2,"重启系统......"); 			
   4689          		while(1);
   4690          	}   				
   4691          }
   4692          
   4693          
   4694          
   4695          void UICL_set();
   4696          void CT_Set ()  // 
   4697          {
   4698          	u8	j;
   4699          	u8   TEST,page;
   4700            static  u8 set_var; 
   4701              
   4702          	if (MenuTimer_nom!=0)MenuTimer_nom--;
   4703          	if(MenuTimer_nom!=0) return;	 
   4704          	MenuTimer_nom=2;
   4705              
   4706          	for (j=0;j<32;j++) text[j]=' ';
   4707          	    	
   4708          	page = NumOfYC1/9;
   4709          	if (NumOfYC1%9) page++;	    
   4710              
   4711          	if(IDC.CallDeep==0)            
   4712          	{				//无按键40秒返回
   4713          		if(IDC.bReflash==0x5a)
   4714          		{
   4715          			Lcd_clrram();
   4716          			IDC.bReflash=0;
   4717          			IDC.Page[IDC0]=0;
   4718          			IDC.Page[IDC2]=0;
   4719           
   4720          		} 
   4721          		if (KEY_Str.touch)
   4722          		{	
   4723          			switch (KEY_Str.Value)
   4724          			{
   4725          			case UP_KEY:   
   4726                          if(IDC.Page[IDC0] != 0)
   4727                              IDC.Page[IDC0]--; 
   4728                          else 
   4729                              IDC.Page[IDC0] = page-1;
   4730          					IDC.bReflash=0x5a;
   4731          				break;
   4732          			case DOWN_KEY:    
   4733                          if(IDC.Page[IDC0] != (page-1))
   4734                              IDC.Page[IDC0]++; 
   4735                          else
   4736                              IDC.Page[IDC0] =0;
   4737                          IDC.bReflash=CLRDISEnable;
   4738          				break;	
   4739          			case SET_KEY:
   4740          		//		IDC.bReflash=0x5a;
   4741          				KEY_Str.Value = 0;
   4742          				KEY_Str.touch = 0;
   4743          				UICL_set(); 
   4744          				App_PQ_Calculate();	 						    					
   4745          				break;
   4746          			case ESC_KEY:
   4747          				KEY_Str.Value = 0;
   4748          				KEY_Str.touch = 0;
   4749          				Menu_Clear(); //清除菜单记录
   4750                           set_var=0;
   4751          			  	IDC.CallDeep=2;
   4752          			   	return ;
   4753          			default:
   4754          				KEY_Str.Value = 0;
   4755          				KEY_Str.touch = 0;
   4756          				break;
   4757          			}//switch
   4758          			KEY_Str.Value = 0;
   4759          			KEY_Str.touch = 0;					
   4760          		}//if
   4761          		
   4762          		if(IDC.bReflash==0x5a)
   4763          		{
   4764          			Lcd_clrram();
   4765          			IDC.bReflash=0;
   4766          	 	} 	 
   4767          	 	Lcd_printstr(0,2,(char *)"测量校准:");
   4768          	  //  Lcd_printstr(0,5,(char *)name1_3_1);
   4769             
   4770                 Lcd_WriteMeasure(0,1,IDC.Page[IDC0]*9);
   4771          	}           
   4772          	if(IDC.CallDeep==2)
   4773          	{
   4774          		TEST=Ask_Password (1);
   4775          		if (TEST==DisAvailable)
   4776          		{	//密码
   4777          //			Eep_Read_SysParUI(&RUN_BHUIpar);
   4778          		  BAK_BHUIpar=RUN_BHUIpar;	
   4779          			Menu_Clear(); //清除菜单记录
   4780          			Menu_List_Head = Menu_List_Head->Parent;	//从触发菜单返回 
   4781          			return;
   4782          		}
   4783          		else if(TEST==Available)
   4784          		{
   4785          			IDC.bReflash=0x5a;
   4786          			Menu_Clear(); //清除菜单记录
   4787          			Menu_List_Head = Menu_List_Head->Parent;	//从触发菜单返回 
   4788          			SETFZ_Save(DZ_BHUIpar);		//保存保护校准系数
   4789          		 	BAK_BHUIpar=RUN_BHUIpar;	
   4790          			Lcd_clrram();
   4791          			Lcd_printstr_W(1,0,(char *)name6_xx);
   4792          		}
   4793          		else
   4794          			return;
   4795          	}
   4796          }
   4797          
   4798          
   4799          
   4800          //专用于测量校准显示
   4801          //每行
   4802          u8 MEA_Verify_POWER(long l_P,long l_Q)
   4803          {
   4804          	 s64  l_Pd,l_Qd;
   4805          	 s64  l_P_Scale,l_Q_Scale;
   4806          	 s64 d_S;
   4807          	 u8  i;
   4808           
   4809          	for(i=0;i<3;i++)
   4810          	{
   4811          
   4812          		WDog_Clear();
   4813          		l_Pd=l_P/10;
   4814          		l_Qd=l_Q/10;
   4815          		d_S = l_Pd * l_Pd;	d_S+= l_Qd * l_Qd;	 d_S/= 100;
   4816          		if(	d_S>0)
   4817          		{
   4818           				
   4819          					l_P_Scale = 61200 * (l_Pd + l_Qd); //共计放大500*10＝5000倍
   4820          					l_P_Scale /= (long) (d_S); 
   4821          					l_Q_Scale = 61200 * (l_Pd - l_Qd); ///61237=5*100*1.732.1.414/2
   4822          					l_Q_Scale /= (long) (d_S); 			
   4823          		 		 
   4824          
   4825          			
   4826          			if(MEA_Chk_PowScale(l_P_Scale,l_Q_Scale))
   4827          			{
   4828                        
   4829          				BAK_BHUIpar.PXS = l_P_Scale; 
   4830          				BAK_BHUIpar.QXS = l_Q_Scale; 
   4831          			 	break;
   4832          			}
   4833          		}
   4834          	};
   4835          	if(i<3)
   4836          	 return true;
   4837          	else
   4838          	  return false; 
   4839          }
   4840          
   4841          #ifdef ZRR900F 
   4842          void UICL_set()
   4843          {
   4844          	u32	Tdata;
   4845              //保护值校准
   4846          	Tdata=(500*(u32)BAK_BHUIpar.IC1BHXS)/UIBHXS[0];
   4847          	if(Tdata>768&&Tdata<2128)    BAK_BHUIpar.IC1BHXS=Tdata;	
   4848          	Tdata=(500*(u32)BAK_BHUIpar.IC2BHXS)/UIBHXS[1];
   4849          	if(Tdata>768&&Tdata<2128)    BAK_BHUIpar.IC2BHXS=Tdata;	
   4850          	Tdata=(500*(u32)BAK_BHUIpar.IC3BHXS)/UIBHXS[2];
   4851          	if(Tdata>768&&Tdata<2128)	BAK_BHUIpar.IC3BHXS=Tdata;	
   4852          	Tdata=(500*(u32)BAK_BHUIpar.IC4BHXS)/UIBHXS[3];
   4853          	if(Tdata>768&&Tdata<2128)	BAK_BHUIpar.IC4BHXS=Tdata;
   4854              
   4855          	Tdata=(5774*(u32)BAK_BHUIpar.UC1BHXS)/UIBHXS[4];
   4856          	if(Tdata>768&&Tdata<2128)	BAK_BHUIpar.UC1BHXS=Tdata;
   4857          	Tdata=(5774*(u32)BAK_BHUIpar.UC2BHXS)/UIBHXS[5];
   4858          	if(Tdata>768&&Tdata<2128)	BAK_BHUIpar.UC2BHXS=Tdata;
   4859          	Tdata=(5774*(u32)BAK_BHUIpar.UC3BHXS)/UIBHXS[6];
   4860          	if(Tdata>768&&Tdata<2128)	BAK_BHUIpar.UC3BHXS=Tdata;
   4861          	Tdata=(10000*(u32)BAK_BHUIpar.UC4BHXS)/UIBHXS[7];
   4862          	if(Tdata>768&&Tdata<2128)	BAK_BHUIpar.UC4BHXS=Tdata;
   4863           	Tdata=(10000*(u32)BAK_BHUIpar.UC5BHXS)/UIBHXS[8];
   4864          	if(Tdata>768&&Tdata<2128)	BAK_BHUIpar.UC5BHXS=Tdata;
   4865          	Tdata=(10000*(u32)BAK_BHUIpar.UC6BHXS)/UIBHXS[9];
   4866          	if(Tdata>768&&Tdata<2128)	BAK_BHUIpar.UC6BHXS=Tdata;
   4867              if(Set_QFTZ.Type==2)
   4868              {
   4869                  Tdata=(500*(u32)BAK_BHUIpar.UC7BHXS)/UIBHXS[3];
   4870                  if(Tdata>768&&Tdata<2128)	BAK_BHUIpar.UC7BHXS=Tdata;
   4871              }
   4872              
   4873          	
   4874              //测量值校准
   4875          	Tdata=(5000*(u32)BAK_BHUIpar.IC1XS)/UICLXS[MEALCT_IA];
   4876          	if(Tdata>768&&Tdata<2128)    BAK_BHUIpar.IC1XS=Tdata;	
   4877          	Tdata=(5000*(u32)BAK_BHUIpar.IC2XS)/UICLXS[MEALCT_IB];
   4878          	if(Tdata>768&&Tdata<2128)    BAK_BHUIpar.IC2XS=Tdata;	
   4879          	Tdata=(5000*(u32)BAK_BHUIpar.IC3XS)/UICLXS[MEALCT_IC];
   4880          	if(Tdata>768&&Tdata<2128)	BAK_BHUIpar.IC3XS=Tdata;
   4881              
   4882          	Tdata=(5774*(u32)BAK_BHUIpar.UC1XS)/UICLXS[MEALCT_UA];
   4883          	if(Tdata>768&&Tdata<2128)	BAK_BHUIpar.UC1XS=Tdata;
   4884          	Tdata=(5774*(u32)BAK_BHUIpar.UC2XS)/UICLXS[MEALCT_UB];
   4885          	if(Tdata>768&&Tdata<2128)	BAK_BHUIpar.UC2XS=Tdata;
   4886          	Tdata=(5774*(u32)BAK_BHUIpar.UC3XS)/UICLXS[MEALCT_UC];
   4887          	if(Tdata>768&&Tdata<2128)	BAK_BHUIpar.UC3XS=Tdata;
   4888          	Tdata=(10000*(u32)BAK_BHUIpar.UC4XS)/UICLXS[MEALCT_UAB];
   4889          	if(Tdata>768&&Tdata<2128)	BAK_BHUIpar.UC4XS=Tdata;
   4890           	Tdata=(10000*(u32)BAK_BHUIpar.UC5XS)/UICLXS[MEALCT_UBC];
   4891          	if(Tdata>768&&Tdata<2128)	BAK_BHUIpar.UC5XS=Tdata;
   4892          	Tdata=(10000*(u32)BAK_BHUIpar.UC6XS)/UICLXS[MEALCT_UCA];
   4893          	if(Tdata>768&&Tdata<2128)	BAK_BHUIpar.UC6XS=Tdata;
   4894            
   4895              if(MEA_Verify_POWER(TEMP_P,TEMP_Q));   
   4896          	
   4897              
   4898          }
   4899          #endif
   4900          #ifdef ZRR931F 
   4901          void UICL_set()
   4902          {
   4903          	u32	Tdata;
   4904          	
   4905              //保护值校准
   4906          	Tdata=(500*(u32)BAK_BHUIpar.IC1BHXS)/UIBHXS[0];
   4907          	if(Tdata>768&&Tdata<2128)    BAK_BHUIpar.IC1BHXS=Tdata;	
   4908          	Tdata=(500*(u32)BAK_BHUIpar.IC2BHXS)/UIBHXS[1];
   4909          	if(Tdata>768&&Tdata<2128)    BAK_BHUIpar.IC2BHXS=Tdata;	
   4910          	Tdata=(500*(u32)BAK_BHUIpar.IC3BHXS)/UIBHXS[2];
   4911          	if(Tdata>768&&Tdata<2128)	BAK_BHUIpar.IC3BHXS=Tdata;	
   4912          	Tdata=(500*(u32)BAK_BHUIpar.IC4BHXS)/UIBHXS[3];
   4913          	if(Tdata>768&&Tdata<2128)	BAK_BHUIpar.IC4BHXS=Tdata;
   4914              
   4915          	Tdata=(5774*(u32)BAK_BHUIpar.UC1BHXS)/UIBHXS[4];
   4916          	if(Tdata>768&&Tdata<2128)	BAK_BHUIpar.UC1BHXS=Tdata;
   4917          	Tdata=(5774*(u32)BAK_BHUIpar.UC2BHXS)/UIBHXS[5];
   4918          	if(Tdata>768&&Tdata<2128)	BAK_BHUIpar.UC2BHXS=Tdata;
   4919          	Tdata=(5774*(u32)BAK_BHUIpar.UC3BHXS)/UIBHXS[6];
   4920          	if(Tdata>768&&Tdata<2128)	BAK_BHUIpar.UC3BHXS=Tdata;
   4921          	Tdata=(5774*(u32)BAK_BHUIpar.UC4BHXS)/UIBHXS[7];
   4922          	if(Tdata>768&&Tdata<2128)	BAK_BHUIpar.UC4BHXS=Tdata;
   4923           	Tdata=(10000*(u32)BAK_BHUIpar.UC5BHXS)/UIBHXS[8];
   4924          	if(Tdata>768&&Tdata<2128)	BAK_BHUIpar.UC5BHXS=Tdata;
   4925          	Tdata=(10000*(u32)BAK_BHUIpar.UC6BHXS)/UIBHXS[9];
   4926          	if(Tdata>768&&Tdata<2128)	BAK_BHUIpar.UC6BHXS=Tdata;
   4927          	Tdata=(10000*(u32)BAK_BHUIpar.UC7BHXS)/UIBHXS[10];
   4928          	if(Tdata>768&&Tdata<2128)	BAK_BHUIpar.UC7BHXS=Tdata;
   4929              
   4930          	
   4931              //测量值校准
   4932          	Tdata=(5000*(u32)BAK_BHUIpar.IC1XS)/UICLXS[MEALCT_IA];
   4933          	if(Tdata>768&&Tdata<2128)    BAK_BHUIpar.IC1XS=Tdata;
   4934          	
   4935          	Tdata=(5000*(u32)BAK_BHUIpar.IC2XS)/UICLXS[MEALCT_IB];
   4936          	if(Tdata>768&&Tdata<2128)    BAK_BHUIpar.IC2XS=Tdata;
   4937          	
   4938          	Tdata=(5000*(u32)BAK_BHUIpar.IC3XS)/UICLXS[MEALCT_IC];
   4939          	if(Tdata>768&&Tdata<2128)	BAK_BHUIpar.IC3XS=Tdata;
   4940          	Tdata=(5774*(u32)BAK_BHUIpar.UC1XS)/UICLXS[MEALCT_UA];
   4941          	if(Tdata>768&&Tdata<2128)	BAK_BHUIpar.UC1XS=Tdata;
   4942          	Tdata=(5774*(u32)BAK_BHUIpar.UC2XS)/UICLXS[MEALCT_UB];
   4943          	if(Tdata>768&&Tdata<2128)	BAK_BHUIpar.UC2XS=Tdata;
   4944          	Tdata=(5774*(u32)BAK_BHUIpar.UC3XS)/UICLXS[MEALCT_UC];
   4945          	if(Tdata>768&&Tdata<2128)	BAK_BHUIpar.UC3XS=Tdata;
   4946          	Tdata=(10000*(u32)BAK_BHUIpar.UC4XS)/UICLXS[MEALCT_UAB];
   4947          	if(Tdata>768&&Tdata<2128)	BAK_BHUIpar.UC4XS=Tdata;
   4948           	Tdata=(10000*(u32)BAK_BHUIpar.UC5XS)/UICLXS[MEALCT_UBC];
   4949          	if(Tdata>768&&Tdata<2128)	BAK_BHUIpar.UC5XS=Tdata;
   4950          	Tdata=(10000*(u32)BAK_BHUIpar.UC6XS)/UICLXS[MEALCT_UCA];
   4951          	if(Tdata>768&&Tdata<2128)	BAK_BHUIpar.UC6XS=Tdata;
   4952            
   4953              if(MEA_Verify_POWER(TEMP_P,TEMP_Q));   
   4954          	
   4955              
   4956          }
   4957          #endif
   4958          #ifdef ZRR941F 
   4959          void UICL_set()
   4960          {
   4961          	u32	Tdata;
   4962          	
   4963              //保护值校准
   4964          	Tdata=(500*(u32)BAK_BHUIpar.IC1BHXS)/UIBHXS[0];
   4965          	if(Tdata>768&&Tdata<2128)    BAK_BHUIpar.IC1BHXS=Tdata;	
   4966          	Tdata=(500*(u32)BAK_BHUIpar.IC2BHXS)/UIBHXS[1];
   4967          	if(Tdata>768&&Tdata<2128)    BAK_BHUIpar.IC2BHXS=Tdata;	
   4968          	Tdata=(500*(u32)BAK_BHUIpar.IC3BHXS)/UIBHXS[2];
   4969          	if(Tdata>768&&Tdata<2128)	BAK_BHUIpar.IC3BHXS=Tdata;	
   4970          	Tdata=(500*(u32)BAK_BHUIpar.IC4BHXS)/UIBHXS[3];
   4971          	if(Tdata>768&&Tdata<2128)	BAK_BHUIpar.IC4BHXS=Tdata;
   4972              
   4973          	Tdata=(5774*(u32)BAK_BHUIpar.UC1BHXS)/UIBHXS[4];
   4974          	if(Tdata>768&&Tdata<2128)	BAK_BHUIpar.UC1BHXS=Tdata;
   4975          	Tdata=(5774*(u32)BAK_BHUIpar.UC2BHXS)/UIBHXS[5];
   4976          	if(Tdata>768&&Tdata<2128)	BAK_BHUIpar.UC2BHXS=Tdata;
   4977              
   4978          	Tdata=(10000*(u32)BAK_BHUIpar.UC3BHXS)/(UIBHXS[6]);
   4979          	if(Tdata>768&&Tdata<2128)	BAK_BHUIpar.UC3BHXS=Tdata;
   4980          	Tdata=(10000*(u32)BAK_BHUIpar.UC4BHXS)/UIBHXS[7];
   4981          	if(Tdata>768&&Tdata<2128)	BAK_BHUIpar.UC4BHXS=Tdata;
   4982          	Tdata=(10000*(u32)BAK_BHUIpar.UC7BHXS)/UIBHXS[10];
   4983          	if(Tdata>768&&Tdata<2128)	BAK_BHUIpar.UC7BHXS=Tdata;
   4984              
   4985           	Tdata=(10000*(u32)BAK_BHUIpar.UC5BHXS)/UIBHXS[8];
   4986          	if(Tdata>768&&Tdata<2128)	BAK_BHUIpar.UC5BHXS=Tdata;
   4987          	Tdata=(10000*(u32)BAK_BHUIpar.UC6BHXS)/UIBHXS[9];
   4988          	if(Tdata>768&&Tdata<2128)	BAK_BHUIpar.UC6BHXS=Tdata;
   4989          	Tdata=(10000*(u32)BAK_BHUIpar.UC7XS)/UIBHXS[11];
   4990          	if(Tdata>768&&Tdata<2128)	BAK_BHUIpar.UC7XS=Tdata;
   4991              
   4992              //测量值校准
   4993          	Tdata=(5000*(u32)BAK_BHUIpar.IC1XS)/UICLXS[MEALCT_IA_ML];
   4994          	if(Tdata>768&&Tdata<2128)    BAK_BHUIpar.IC1XS=Tdata;
   4995          	
   4996          	Tdata=(5000*(u32)BAK_BHUIpar.IC2XS)/UICLXS[MEALCT_IB_ML];
   4997          	if(Tdata>768&&Tdata<2128)    BAK_BHUIpar.IC2XS=Tdata;
   4998          	
   4999          	Tdata=(5000*(u32)BAK_BHUIpar.IC3XS)/UICLXS[MEALCT_IC_ML];
   5000          	if(Tdata>768&&Tdata<2128)	BAK_BHUIpar.IC3XS=Tdata;
   5001          
   5002          	Tdata=(10000*(u32)BAK_BHUIpar.UC4XS)/(UICLXS[MEALCT_UAB_ML]);
   5003          	if(Tdata>768&&Tdata<2128)	BAK_BHUIpar.UC4XS=Tdata;
   5004           	Tdata=(10000*(u32)BAK_BHUIpar.UC5XS)/UICLXS[MEALCT_UBC_ML];
   5005          	if(Tdata>768&&Tdata<2128)	BAK_BHUIpar.UC5XS=Tdata;
   5006          	Tdata=(10000*(u32)BAK_BHUIpar.UC6XS)/UICLXS[MEALCT_UCA_ML];
   5007          	if(Tdata>768&&Tdata<2128)	BAK_BHUIpar.UC6XS=Tdata;
   5008            
   5009              if(MEA_Verify_POWER(TEMP_P,TEMP_Q));    
   5010              
   5011          }
   5012          
   5013          #endif
   5014          
   5015          #ifdef ZRR942F 
   5016          void UICL_set()
   5017          {	
   5018          	u32	Tdata;
   5019              //保护值校准
   5020          	Tdata=(500*(u32)BAK_BHUIpar.IC1BHXS)/UIBHXS[0];
   5021          	if(Tdata>768&&Tdata<2128)    BAK_BHUIpar.IC1BHXS=Tdata;	
   5022          	Tdata=(500*(u32)BAK_BHUIpar.IC2BHXS)/UIBHXS[1];
   5023          	if(Tdata>768&&Tdata<2128)    BAK_BHUIpar.IC2BHXS=Tdata;	
   5024              
   5025          	Tdata=(5774*(u32)BAK_BHUIpar.UC1BHXS)/UIBHXS[2];
   5026          	if(Tdata>768&&Tdata<2128)	BAK_BHUIpar.UC1BHXS=Tdata;
   5027          	Tdata=(5774*(u32)BAK_BHUIpar.UC2BHXS)/UIBHXS[3];
   5028          	if(Tdata>768&&Tdata<2128)	BAK_BHUIpar.UC2BHXS=Tdata;
   5029          	Tdata=(10000*(u32)BAK_BHUIpar.UC3BHXS)/UIBHXS[4];
   5030          	if(Tdata>768&&Tdata<2128)	BAK_BHUIpar.UC3BHXS=Tdata;
   5031          	Tdata=(10000*(u32)BAK_BHUIpar.UC4BHXS)/UIBHXS[5];
   5032          	if(Tdata>768&&Tdata<2128)	BAK_BHUIpar.UC4BHXS=Tdata;
   5033           	Tdata=(10000*(u32)BAK_BHUIpar.UC5BHXS)/UIBHXS[6];
   5034          	if(Tdata>768&&Tdata<2128)	BAK_BHUIpar.UC5BHXS=Tdata;
   5035              
   5036              //测量值校准
   5037          }
   5038          #endif
   5039          
   5040          
   5041          #ifdef ZRR961F 
   5042          void UICL_set()
   5043          {
   5044          	u32	Tdata;
   5045          	//保护值
   5046          	Tdata=(5774*(u32)BAK_BHUIpar.UC1BHXS)/UIBHXS[0];
   5047          	if(Tdata>768&&Tdata<2128)	BAK_BHUIpar.UC1BHXS=Tdata;
   5048          	Tdata=(5774*(u32)BAK_BHUIpar.UC2BHXS)/UIBHXS[1];
   5049          	if(Tdata>768&&Tdata<2128)	BAK_BHUIpar.UC2BHXS=Tdata;
   5050          	Tdata=(5774*(u32)BAK_BHUIpar.UC3BHXS)/UIBHXS[2];
   5051          	if(Tdata>768&&Tdata<2128)	BAK_BHUIpar.UC3BHXS=Tdata;
   5052          	Tdata=(5774*(u32)BAK_BHUIpar.UC4BHXS)/UIBHXS[3];
   5053          	if(Tdata>768&&Tdata<2128)	BAK_BHUIpar.UC4BHXS=Tdata;
   5054           	Tdata=(10000*(u32)BAK_BHUIpar.UC5BHXS)/UIBHXS[4];
   5055          	if(Tdata>768&&Tdata<2128)	BAK_BHUIpar.UC5BHXS=Tdata;
   5056          	Tdata=(10000*(u32)BAK_BHUIpar.UC6BHXS)/UIBHXS[5];
   5057          	if(Tdata>768&&Tdata<2128)	BAK_BHUIpar.UC6BHXS=Tdata;
   5058          	Tdata=(10000*(u32)BAK_BHUIpar.UC7BHXS)/UIBHXS[6];
   5059          	if(Tdata>768&&Tdata<2128)	BAK_BHUIpar.UC7BHXS=Tdata;
   5060              //测量值
   5061          	Tdata=(5774*(u32)BAK_BHUIpar.UC1XS)/UICLXS[MEALCT_UA_F];
   5062          	if(Tdata>768&&Tdata<2128)	BAK_BHUIpar.UC1XS=Tdata;
   5063          	Tdata=(5774*(u32)BAK_BHUIpar.UC2XS)/UICLXS[MEALCT_UB_F];
   5064          	if(Tdata>768&&Tdata<2128)	BAK_BHUIpar.UC2XS=Tdata;
   5065          	Tdata=(5774*(u32)BAK_BHUIpar.UC3XS)/UICLXS[MEALCT_UC_F];
   5066          	if(Tdata>768&&Tdata<2128)	BAK_BHUIpar.UC3XS=Tdata;
   5067          	Tdata=(10000*(u32)BAK_BHUIpar.UC4XS)/UICLXS[MEALCT_UAB_F];
   5068          	if(Tdata>768&&Tdata<2128)	BAK_BHUIpar.UC4XS=Tdata;
   5069           	Tdata=(10000*(u32)BAK_BHUIpar.UC5XS)/UICLXS[MEALCT_UBC_F];
   5070          	if(Tdata>768&&Tdata<2128)	BAK_BHUIpar.UC5XS=Tdata;
   5071          	Tdata=(10000*(u32)BAK_BHUIpar.UC6XS)/UICLXS[MEALCT_UCA_F];
   5072          	if(Tdata>768&&Tdata<2128)	BAK_BHUIpar.UC6XS=Tdata;
   5073            	Tdata=(5774*(u32)BAK_BHUIpar.IC1XS)/UICLXS[6];
   5074          	if(Tdata>768&&Tdata<2128)	BAK_BHUIpar.IC1XS=Tdata;
   5075           
   5076              
   5077          }
   5078          
   5079          #endif

   Maximum stack usage in bytes:

   .cstack Function
   ------- --------
      16   ASC5_YSBCD2
      40   ActiveBBX
        40   -> ASC_HEX32
        40   -> BCD4_ASC32
        40   -> Lcd_printstr
        40   -> Lcd_wrchar_T
      56   ActiveX
        56   -> ASC5_YSBCD2
        56   -> ASC_BCD16
        56   -> ASC_BCD32
        56   -> ASC_HEX32
        56   -> BCD5_ASC32
        56   -> BCD_ASC16
        56   -> HEX_ASC16
        56   -> HEX_ASC32
        56   -> Lcd_printstr
        56   -> Lcd_wrchar_T
      48   Ask_Password
        48   -> ActiveX
        48   -> Bcd_Hex
        48   -> LCD_Clear
        48   -> Lcd_printstr
        48   -> Menu_Clear
       0   COM_TEST_YC
      24   COM_TEST_YX
        24   -> Bit_clr
        24   -> Bit_set
        24   -> LCD_Clear
        24   -> Lcd_printstr
        24   -> Lcd_printstr_W
        24   -> MEM_copy
        24   -> Menu_Clear
        24   -> sprintf
      16   CT_Set
        16   -> App_PQ_Calculate
        16   -> Ask_Password
        16   -> Lcd_WriteMeasure
        16   -> Lcd_clrram
        16   -> Lcd_printstr
        16   -> Lcd_printstr_W
        16   -> Menu_Clear
        16   -> SETFZ_Save
        16   -> UICL_set
        16   -> __aeabi_memcpy
      16   CZJL_Display
        16   -> Flash_Read_EventFun
        16   -> Flash_Read_EventSum
        16   -> LCD_Clear
        16   -> Lcd_WriteCZJL
        16   -> Lcd_clrram
        16   -> Lcd_printstr
        16   -> Menu_Clear
       8   CZJL_FG
         8   -> Ask_Password
         8   -> Flash_Earse
         8   -> Lcd_clrram
         8   -> Lcd_printstr
         8   -> Menu_Clear
      16   Display_Drive
        16   -> Lcd_printstr
      16   EVENT_Display
        16   -> Flash_Read_EventFun
        16   -> Flash_Read_EventSum
        16   -> LCD_Clear
        16   -> Lcd_WriteRpt
        16   -> Lcd_clrram
        16   -> Lcd_printstr
        16   -> Menu_Clear
       8   EVENT_FG
         8   -> Ask_Password
         8   -> Flash_Earse
         8   -> Lcd_clrram
         8   -> Lcd_printstr
         8   -> Menu_Clear
       8   LCD_Event
         8   -> Lcd_WriteRpt
         8   -> Lcd_clrram
         8   -> Menu_Clear
         8   -> Trip_P
         8   -> __aeabi_memcpy
      16   LCD_Menu
        16   -- Indirect call
        16   -> Display_Drive
        16   -> LCD_Clear
        16   -> Lcd_closecur
        16   -> Lcd_clrram
        16   -> Lcd_opencur
        16   -> Lcd_printstr
        16   -> Menu_Clear
        16   -> Normal_Disply
        16   -> SystemSet_QFTZ
        16   -> Trip_F
        16   -> Trip_P
        16   -> WDog_Clear
      40   Lcd_WriteCZJL
        40   -> Lcd_printstr
        40   -> sprintf
      48   Lcd_WriteRpt
        48   -> BCD_ASC32
        48   -> HEX_ASC16
        48   -> HEX_ASC8
        48   -> Lcd_printstr
        48   -> MEM_copy
        48   -> WDog_Clear
        48   -> sprintf
      40   Lcd_WriteSOE
        40   -> Lcd_printstr
        40   -> sprintf
      72   MEA_Verify_POWER
        72   -> MEA_Chk_PowScale
        72   -> WDog_Clear
        72 __aeabi_ldivmod
       0   Menu_Clear
       8   Normal_Disply
         8   -> LCD_Clear
         8   -> Lcd_WriteBH
         8   -> Lcd_WriteMeasure
         8   -> Lcd_printstr
         8   -> WDog_Clear
       8   Others_Version
         8   -> HEX_ASC32
         8   -> LCD_Clear
         8   -> Lcd_printstr
         8   -> Menu_Clear
      32   ParaManage_Seletc
        32   -> ActiveX
        32   -> LCD_Clear
        32   -> Lcd_printstr
      40   ParaManage_Set
        40   -> ActiveCTL
        40   -> ActiveXset
        40   -> Ask_Password
        40   -> EventManage_CZJL_Write
        40   -> Lcd_WriteFixname
        40   -> Lcd_WriteValname
        40   -> Lcd_printstr
        40   -> Menu_Clear
        40   -> ParaManage_Seletc
        40   -> ParaManage_Set_GH
        40   -> Run_Change
        40   -> WDog_Clear
        40   -> delay_ms
      16   ParaManage_Set_GH
        16   -> CalSum16
        16   -> ParaManage_Seletc
        16   -> SET_Write_Set
      16   ParaManage_Switch
        16   -> Ask_Password
        16   -> Lcd_printstr
        16   -> Menu_Clear
        16   -> ParaManage_Seletc
        16   -> Switch_uSectionNo
        16   -> WDog_Clear
        16   -> delay_ms
      32   Password_Set
        32   -> ActiveX
        32   -> Ask_Password
        32   -> EventManage_CZJL_Write
        32   -> LCD_Clear
        32   -> Lcd_printstr
        32   -> Menu_Clear
        32   -> SETFZ_Save
      16   Run_Change
        16   -> Eep_Read_FixValue
        16   -> Menu_Clear
        16   -> Set_Check
      16   SAMC_CL_Display
        16   -> LCD_Clear
        16   -> Lcd_WriteMeasure
        16   -> Lcd_printstr
        16   -> Menu_Clear
       8   SAMC_Display
         8   -> LCD_Clear
         8   -> Lcd_WriteBH
         8   -> Lcd_printstr
         8   -> Menu_Clear
       8   SET_485_Baud
         8   -> Lcd_printstr_W
         8   -> Menu_Clear
       8   SET_485_Protocol
         8   -> Lcd_printstr_W
         8   -> Menu_Clear
       8   SET_485_YC
         8   -> Lcd_printstr_W
         8   -> Menu_Clear
      16   SOEJL_Display
        16   -> Flash_Read_EventFun
        16   -> Flash_Read_EventSum
        16   -> LCD_Clear
        16   -> Lcd_WriteSOE
        16   -> Lcd_clrram
        16   -> Lcd_printstr
        16   -> Menu_Clear
       8   SOE_FG
         8   -> Ask_Password
         8   -> Flash_Earse
         8   -> Lcd_clrram
         8   -> Lcd_printstr
         8   -> Menu_Clear
      24   Switch_uSectionNo
        24   -> Eep_Read_FixValue
        24   -> Eep_Read_FixValueMag
        24   -> Eep_Write_FixValueMag
        24   -> Set_Check
        24   -> Set_Conversion
        24   -> __aeabi_memcpy
        24   -> memcmp
      16   SystemSetLCD
        16   -> Eep_Write_Signal
        16   -> EventManage_CZJL_Write
        16   -> LcdWrite_Code
        16   -> LcdWrite_Data
        16   -> Lcd_clrram
        16   -> Lcd_printstr
        16   -> Menu_Clear
        16   -> sprintf
      32   SystemSet_485
        32   -> Ask_Password
        32   -> BCD_ASC16
        32   -> EventManage_CZJL_Write
        32   -> Lcd_WriteStr
        32   -> Lcd_clrram
        32   -> Lcd_printstr
        32   -> Lcd_printstr_W
        32   -> Menu_Clear
        32   -> SETFZ_Save
        32   -> SET_485_Baud
        32   -> SET_485_Protocol
        32   -> SET_485_YC
        32   -> SystemSet_485Adr
        32   -> Uart_Init
        32   -> strlen
      32   SystemSet_485Adr
        32   -> ActiveX
      40   SystemSet_Clock
        40   -> ASC_HEX16
        40   -> Ask_Password
        40   -> BCD5_ASC32
        40   -> BCD_ASC16
        40   -> BcdHex
        40   -> Drive_Read_clock
        40   -> Drive_Wirte_clock
        40   -> HexBcd
        40   -> Hex_Bcd
        40   -> LCD_Clear
        40   -> Lcd_printstr
        40   -> Lcd_wrchar_T
        40   -> MEM_copy
        40   -> Menu_Clear
        40   -> WDog_Clear
       8   SystemSet_Default
         8   -> Ask_Password
         8   -> EventManage_CZJL_Write
         8   -> LCD_Clear
         8   -> Lcd_printstr
         8   -> Menu_Clear
         8   -> SETFZ_Default
         8   -> Set_Default
         8   -> WDog_Clear
         8   -> delay_ms
      16   SystemSet_QFTZ
        16   -> Ask_Password
        16   -> Lcd_WriteStr
        16   -> Lcd_clrram
        16   -> Lcd_printstr
        16   -> Menu_Clear
        16   -> SETFZ_Save
        16   -> WDog_Clear
        16   -> strlen
      32   SystemSet_YB
        32   -> Ask_Password
        32   -> HEX_ASC8
        32   -> LCD_Clear
        32   -> Lcd_printstr
        32   -> Lcd_printstr_W
        32   -> Menu_Clear
        32   -> SystemSet_YB_GH
        32   -> WDog_Clear
      24   SystemSet_YB_GH
        24   -> EventManage_CZJL_Write
        24   -> Lcd_printstr_W
        24   -> SETFZ_Save
      32   SystemSet_YxPara_YXQR
        32   -> ActiveX
        32   -> Ask_Password
        32   -> EventManage_CZJL_Write
        32   -> HEX_ASC16
        32   -> Lcd_clrram
        32   -> Lcd_printstr
        32   -> Lcd_printstr_W
        32   -> Menu_Clear
        32   -> SETFZ_Save
      32   SystemTest_Drive
        32   -> Ask_Password
        32   -> HEX_ASC16
        32   -> LCD_Clear
        32   -> Lcd_WriteStr
        32   -> Lcd_clrram
        32   -> Lcd_printstr
        32   -> Menu_Clear
        32   -> SystemTest_Drive_GH
        32   -> WDog_Clear
      16   SystemTest_Drive_GH
        16   -> EventManage_CZJL_Write
        16   -> Lcd_printstr_W
        16   -> Trip_F
        16   -> Trip_P
      24   SystemTest_Input
        24   -> Bit_tst
        24   -> HEX_ASC16
        24   -> LCD_Clear
        24   -> Lcd_WriteStr
        24   -> Lcd_printstr
        24   -> Menu_Clear
        24   -> WDog_Clear
       8   UICL_set
         8   -> MEA_Verify_POWER
       8   comtest_Timer_Over
         8   -> Bit_clr


   Section sizes:

   Bytes  Function/Label
   -----  --------------
       4  ??DataTable10
       4  ??DataTable10_1
       4  ??DataTable10_10
       4  ??DataTable10_11
       4  ??DataTable10_12
       4  ??DataTable10_13
       4  ??DataTable10_14
       4  ??DataTable10_15
       4  ??DataTable10_16
       4  ??DataTable10_17
       4  ??DataTable10_18
       4  ??DataTable10_2
       4  ??DataTable10_3
       4  ??DataTable10_4
       4  ??DataTable10_5
       4  ??DataTable10_6
       4  ??DataTable10_7
       4  ??DataTable10_8
       4  ??DataTable10_9
       4  ??DataTable11
       4  ??DataTable11_1
       4  ??DataTable11_2
       4  ??DataTable11_3
       4  ??DataTable12
       4  ??DataTable12_1
       4  ??DataTable12_10
       4  ??DataTable12_11
       4  ??DataTable12_12
       4  ??DataTable12_13
       4  ??DataTable12_2
       4  ??DataTable12_3
       4  ??DataTable12_4
       4  ??DataTable12_5
       4  ??DataTable12_6
       4  ??DataTable12_7
       4  ??DataTable12_8
       4  ??DataTable12_9
       4  ??DataTable13
       4  ??DataTable13_1
       4  ??DataTable13_2
       4  ??DataTable13_3
       4  ??DataTable13_4
       4  ??DataTable13_5
       4  ??DataTable14
       4  ??DataTable14_1
       4  ??DataTable14_2
       4  ??DataTable14_3
       4  ??DataTable14_4
       4  ??DataTable14_5
       4  ??DataTable18
       4  ??DataTable18_1
       4  ??DataTable18_2
       4  ??DataTable18_3
       4  ??DataTable18_4
       4  ??DataTable18_5
       4  ??DataTable18_6
       4  ??DataTable18_7
       4  ??DataTable19
       4  ??DataTable19_1
       4  ??DataTable19_2
       4  ??DataTable20
       4  ??DataTable20_1
       4  ??DataTable20_2
       4  ??DataTable20_3
       4  ??DataTable20_4
       4  ??DataTable21
       4  ??DataTable21_1
       4  ??DataTable21_2
       4  ??DataTable21_3
       4  ??DataTable21_4
       4  ??DataTable21_5
       4  ??DataTable21_6
       4  ??DataTable22
       4  ??DataTable22_1
       4  ??DataTable23
       4  ??DataTable23_1
       4  ??DataTable23_10
       4  ??DataTable23_2
       4  ??DataTable23_3
       4  ??DataTable23_4
       4  ??DataTable23_5
       4  ??DataTable23_6
       4  ??DataTable23_7
       4  ??DataTable23_8
       4  ??DataTable23_9
       4  ??DataTable24
       4  ??DataTable24_1
       4  ??DataTable24_2
       4  ??DataTable24_3
       4  ??DataTable24_4
       4  ??DataTable24_5
       4  ??DataTable25
       4  ??DataTable25_1
       4  ??DataTable25_10
       4  ??DataTable25_11
       4  ??DataTable25_12
       4  ??DataTable25_13
       4  ??DataTable25_14
       4  ??DataTable25_2
       4  ??DataTable25_3
       4  ??DataTable25_4
       4  ??DataTable25_5
       4  ??DataTable25_6
       4  ??DataTable25_7
       4  ??DataTable25_8
       4  ??DataTable25_9
       4  ??DataTable26
       4  ??DataTable27
       4  ??DataTable27_1
       4  ??DataTable27_2
       4  ??DataTable27_3
       4  ??DataTable27_4
       4  ??DataTable27_5
       4  ??DataTable27_6
       4  ??DataTable28
       4  ??DataTable28_1
       4  ??DataTable28_10
       4  ??DataTable28_11
       4  ??DataTable28_12
       4  ??DataTable28_13
       4  ??DataTable28_14
       4  ??DataTable28_15
       4  ??DataTable28_16
       4  ??DataTable28_17
       4  ??DataTable28_18
       4  ??DataTable28_19
       4  ??DataTable28_2
       4  ??DataTable28_20
       4  ??DataTable28_21
       4  ??DataTable28_3
       4  ??DataTable28_4
       4  ??DataTable28_5
       4  ??DataTable28_6
       4  ??DataTable28_7
       4  ??DataTable28_8
       4  ??DataTable28_9
       4  ??DataTable3
       4  ??DataTable32
       4  ??DataTable32_1
       4  ??DataTable32_2
       4  ??DataTable32_3
       4  ??DataTable32_4
       4  ??DataTable33
       4  ??DataTable33_1
       4  ??DataTable33_10
       4  ??DataTable33_11
       4  ??DataTable33_12
       4  ??DataTable33_13
       4  ??DataTable33_14
       4  ??DataTable33_15
       4  ??DataTable33_16
       4  ??DataTable33_17
       4  ??DataTable33_18
       4  ??DataTable33_19
       4  ??DataTable33_2
       4  ??DataTable33_20
       4  ??DataTable33_21
       4  ??DataTable33_3
       4  ??DataTable33_4
       4  ??DataTable33_5
       4  ??DataTable33_6
       4  ??DataTable33_7
       4  ??DataTable33_8
       4  ??DataTable33_9
       4  ??DataTable34
       4  ??DataTable34_1
       4  ??DataTable34_2
       4  ??DataTable34_3
       4  ??DataTable34_4
       4  ??DataTable34_5
       4  ??DataTable34_6
       4  ??DataTable35
       4  ??DataTable35_1
       4  ??DataTable35_2
       4  ??DataTable35_3
       4  ??DataTable39
       4  ??DataTable39_1
       4  ??DataTable39_2
       4  ??DataTable39_3
       4  ??DataTable39_4
       4  ??DataTable39_5
       4  ??DataTable39_6
       4  ??DataTable3_1
       4  ??DataTable3_10
       4  ??DataTable3_11
       4  ??DataTable3_12
       4  ??DataTable3_13
       4  ??DataTable3_14
       4  ??DataTable3_2
       4  ??DataTable3_3
       4  ??DataTable3_4
       4  ??DataTable3_5
       4  ??DataTable3_6
       4  ??DataTable3_7
       4  ??DataTable3_8
       4  ??DataTable3_9
       4  ??DataTable40
       4  ??DataTable40_1
       4  ??DataTable41
       4  ??DataTable41_1
       4  ??DataTable41_2
       4  ??DataTable42
       4  ??DataTable42_1
       4  ??DataTable42_2
       4  ??DataTable42_3
       4  ??DataTable42_4
       4  ??DataTable42_5
       4  ??DataTable42_6
       4  ??DataTable42_7
       4  ??DataTable42_8
       4  ??DataTable42_9
       4  ??DataTable43
       4  ??DataTable43_1
       4  ??DataTable43_2
       4  ??DataTable44
       4  ??DataTable44_1
       4  ??DataTable44_2
       4  ??DataTable44_3
       4  ??DataTable44_4
       4  ??DataTable44_5
       4  ??DataTable44_6
       4  ??DataTable44_7
       4  ??DataTable44_8
       4  ??DataTable45
       4  ??DataTable45_1
       4  ??DataTable45_10
       4  ??DataTable45_11
       4  ??DataTable45_12
       4  ??DataTable45_13
       4  ??DataTable45_14
       4  ??DataTable45_15
       4  ??DataTable45_16
       4  ??DataTable45_17
       4  ??DataTable45_18
       4  ??DataTable45_19
       4  ??DataTable45_2
       4  ??DataTable45_20
       4  ??DataTable45_21
       4  ??DataTable45_22
       4  ??DataTable45_23
       4  ??DataTable45_24
       4  ??DataTable45_25
       4  ??DataTable45_26
       4  ??DataTable45_27
       4  ??DataTable45_28
       4  ??DataTable45_29
       4  ??DataTable45_3
       4  ??DataTable45_30
       4  ??DataTable45_4
       4  ??DataTable45_5
       4  ??DataTable45_6
       4  ??DataTable45_7
       4  ??DataTable45_8
       4  ??DataTable45_9
       4  ??DataTable5
       4  ??DataTable5_1
       4  ??DataTable5_2
       4  ??DataTable5_3
       4  ??DataTable6
       4  ??DataTable9
       4  ??DataTable9_1
       4  ??DataTable9_2
       8  ?_0
      12  ?_1
      20  ?_10
      20  ?_11
      20  ?_12
      12  ?_13
      24  ?_14
      28  ?_15
      12  ?_16
      12  ?_17
      16  ?_18
      12  ?_19
      12  ?_2
      16  ?_20
      12  ?_21
      12  ?_22
      16  ?_23
      16  ?_24
      12  ?_25
      12  ?_26
       8  ?_27
       8  ?_28
      12  ?_29
      12  ?_3
       8  ?_30
       8  ?_31
       8  ?_32
      16  ?_33
      16  ?_34
      16  ?_35
       4  ?_36
      16  ?_37
      20  ?_38
      24  ?_39
      12  ?_4
      24  ?_40
      16  ?_41
      16  ?_42
      16  ?_43
      16  ?_44
      16  ?_45
      12  ?_46
      12  ?_5
      20  ?_6
      20  ?_7
      20  ?_8
      20  ?_9
     118  ASC5_YSBCD2
     696  ActiveBBX
    1464  ActiveX
     644  Ask_Password
       2  COM_TEST_YC
     914  COM_TEST_YX
     554  CT_Set
     620  CZJL_Display
     140  CZJL_FG
      38  Display_Drive
     588  EVENT_Display
     134  EVENT_FG
       1  LCD_BG
     660  LCD_Event
     986  LCD_Menu
     520  Lcd_WriteCZJL
     704  Lcd_WriteRpt
     454  Lcd_WriteSOE
     296  MEA_Verify_POWER
      94  Menu_Clear
      60  Menu_Comtest_Data
      60  Menu_Comtest_Index
      32  Menu_Data0
     140  Menu_EventInfo_Data
     140  Menu_EventInfo_Index
       4  Menu_List_Head
      80  Menu_Main_Data0
      64  Menu_Main_Data2
      24  Menu_Main_Data3
      72  Menu_Main_Data4
      32  Menu_Main_Data5
     180  Menu_Main_Index
      20  Menu_Normal_Index
      40  Menu_Others_Index
      40  Menu_ParaManage_Data
      40  Menu_ParaManage_Index
      60  Menu_SampleInfo_Data
      60  Menu_SampleInfo_Index
     160  Menu_SystemSet_Data
     160  Menu_SystemSet_Index
      40  Menu_SystemTest_Index
       1  NUM
     222  Normal_Disply
       2  Note_info
     176  Others_Version
     378  ParaManage_Seletc
    1752  ParaManage_Set
     140  ParaManage_Set_GH
     236  ParaManage_Switch
     352  Password_Set
      40  Phase_h
       1  PsRow
      20  RTC_int
      88  Run_Change
     360  SAMC_CL_Display
     334  SAMC_Display
     254  SET_485_Baud
     196  SET_485_Protocol
     202  SET_485_YC
     656  SOEJL_Display
     134  SOE_FG
       1  Set_number
     182  Switch_uSectionNo
     376  SystemSetLCD
      40  SystemSetYB__Index
    1102  SystemSet_485
     278  SystemSet_485Adr
    1568  SystemSet_Clock
     296  SystemSet_Default
    1454  SystemSet_QFTZ
    1342  SystemSet_YB
     386  SystemSet_YB_GH
     584  SystemSet_YxPara_YXQR
     982  SystemTest_Drive
     400  SystemTest_Drive_GH
     466  SystemTest_Input
      40  SystemTest_Scanbuff_Index
      64  TEST_YX
       1  TEST_YX_num
      16  Text1
      12  Text2
      16  Text3
     750  UICL_set
       1  YX_no
      20  b_text
       1  byLct
       1  byLct
       1  by_mote
       1  bytedata
      88  comtest_Timer_Over
      12  name1
      16  name1_1
       8  name1_1_1
       8  name1_1_2
       8  name1_1_3
      16  name1_2
       8  name1_2_1
      12  name1_3
       8  name1_3_1
       8  name1_3_2
      12  name2
       8  name2_1
       8  name2_2
       8  name2_3
       8  name2_4
       8  name2_5
      12  name3
      12  name4
      12  name4_1
      12  name4_2
      16  name4_2_1
      12  name4_2_2
       4  name4_2_3
      12  name4_3
      16  name4_3_1
       8  name4_3_2
       8  name4_3_3
       8  name4_3_4
      12  name4_3_5
      12  name4_3_6
      16  name4_4
       4  name4_4_1
       4  name4_4_2
      16  name4_5
      16  name4_6
      12  name5
      12  name5_1_1_1
       8  name5_1_1_2
      12  name5_1_2
      12  name5_1_3
      12  name5_1_4
      12  name5_1_5
      12  name5_1_7
      12  name5_2
      16  name5_2_1
      16  name5_2_2
      16  name5_2_3
      16  name5_2_4
      16  name5_2_5
      12  name5_3
      20  name5_xx
      12  name6
      12  name6_1
       8  name6_2
       4  name6_3
       4  name6_4
      20  name6_xx
      12  name7
      16  name7_1
      16  name7_1_1
      20  name7_1_2
      16  name7_2
      12  name7_2_1
      12  name7_2_2
       8  name7_2_2_1
       8  name7_2_2_2
       8  name7_2_2_3
      16  name7_2_3
      16  name7_3
      12  name7_3_1
      12  name7_3_2
       8  name7_3_2_1
       8  name7_3_2_2
       8  name7_3_2_3
       8  name7_3_2_4
      12  name7_3_3
       8  name7_3_3_1
       8  name7_3_3_2
      12  name7_3_4
       8  name7_3_4_1
       8  name7_3_4_2
      16  name7_4
      12  name7_4_1
      12  name7_5
      16  name7_5_1
      20  name7_5_2
      12  name7_6_1
      12  name7_6_2
      16  name7_7
      12  name7_7_1
      12  name7_7_2
      12  name7_7_3
      16  name7_8
      24  name7_x_1
      24  name7_x_2
      24  name7_x_3
      12  name8
       8  name8_1_1
       8  name8_1_2
      12  name9
      12  name9_1
      12  name9_1_1
      12  name9_1_1_1
      12  name9_1_1_2
      12  name9_1_1_3
      12  name9_1_1_4
      12  name9_1_2
      12  name9_1_2_1
      12  name9_1_2_2
      12  name9_1_3
      12  name9_1_3_1
      12  name9_1_3_2
      12  name9_1_3_3
      12  name9_1_4_1
      12  name9_1_4_2
      12  name9_1_6
      12  name9_2
      16  name_CUIXS
      16  name_UIXS
      20  name_int
      20  namexx
       1  set_var
       2  temp_set
       2  w_SetScale

 
    104 bytes in section .bss
     41 bytes in section .data
  3 820 bytes in section .rodata
 26 408 bytes in section .text
 
 26 408 bytes of CODE  memory
  3 820 bytes of CONST memory
    145 bytes of DATA  memory

Errors: none
Warnings: 31
