###############################################################################
#
# IAR ANSI C/C++ Compiler V7.70.2.11706/W32 for ARM       17/Jun/2026  08:45:30
# Copyright 1999-2016 IAR Systems AB.
#
#    Cpu mode     =  thumb
#    Endian       =  little
#    Source file  =  
#        D:\2-通用定制归档程序\04-通用程序\00-900F\【通用程序】ZRR900FV2HYLCD-ATF3.03-解决零漂-8BA6-0F1B-20260316\00-源码\ZRR900FV2HYLCDATFSoftUlib-V2.0-20260316\Rly_lib.c
#    Command line =  
#        D:\2-通用定制归档程序\04-通用程序\00-900F\【通用程序】ZRR900FV2HYLCD-ATF3.03-解决零漂-8BA6-0F1B-20260316\00-源码\ZRR900FV2HYLCDATFSoftUlib-V2.0-20260316\Rly_lib.c
#        -D ATF403AVCT7 -D LIBRARY_VERSION -D USE_STDPERIPH_DRIVER -D
#        AT_START_F403A_V1_0 -lcN
#        D:\2-通用定制归档程序\04-通用程序\00-900F\【通用程序】ZRR900FV2HYLCD-ATF3.03-解决零漂-8BA6-0F1B-20260316\00-源码\ZRR900FV2HYLCDATFSoftUlib-V2.0-20260316\Debug\List
#        -lA
#        D:\2-通用定制归档程序\04-通用程序\00-900F\【通用程序】ZRR900FV2HYLCD-ATF3.03-解决零漂-8BA6-0F1B-20260316\00-源码\ZRR900FV2HYLCDATFSoftUlib-V2.0-20260316\Debug\List
#        -o
#        D:\2-通用定制归档程序\04-通用程序\00-900F\【通用程序】ZRR900FV2HYLCD-ATF3.03-解决零漂-8BA6-0F1B-20260316\00-源码\ZRR900FV2HYLCDATFSoftUlib-V2.0-20260316\Debug\Obj
#        --no_cse --no_unroll --no_inline --no_code_motion --no_tbaa
#        --no_clustering --no_scheduling --debug --endian=little
#        --cpu=Cortex-M4 -e --char_is_signed --enable_multibytes --fpu=VFPv4_sp
#        --dlib_config "C:\Program Files (x86)\IAR Systems\Embedded Workbench
#        7.5\arm\INC\c\DLib_Config_Full.h" -I
#        D:\2-通用定制归档程序\04-通用程序\00-900F\【通用程序】ZRR900FV2HYLCD-ATF3.03-解决零漂-8BA6-0F1B-20260316\00-源码\ZRR900FV2HYLCDATFSoftUlib-V2.0-20260316\
#        -I
#        D:\2-通用定制归档程序\04-通用程序\00-900F\【通用程序】ZRR900FV2HYLCD-ATF3.03-解决零漂-8BA6-0F1B-20260316\00-源码\ZRR900FV2HYLCDATFSoftUlib-V2.0-20260316\Libraries\STM32F10x_StdPeriph_Driver\inc\
#        -I
#        D:\2-通用定制归档程序\04-通用程序\00-900F\【通用程序】ZRR900FV2HYLCD-ATF3.03-解决零漂-8BA6-0F1B-20260316\00-源码\ZRR900FV2HYLCDATFSoftUlib-V2.0-20260316\Libraries\CMSIS\CM4\CoreSupport\
#        -I
#        D:\2-通用定制归档程序\04-通用程序\00-900F\【通用程序】ZRR900FV2HYLCD-ATF3.03-解决零漂-8BA6-0F1B-20260316\00-源码\ZRR900FV2HYLCDATFSoftUlib-V2.0-20260316\Libraries\CMSIS\CM4\DeviceSupport\
#        -On --use_c++_inline
#    Locale       =  Chinese (Simplified)_China.936
#    List file    =  
#        D:\2-通用定制归档程序\04-通用程序\00-900F\【通用程序】ZRR900FV2HYLCD-ATF3.03-解决零漂-8BA6-0F1B-20260316\00-源码\ZRR900FV2HYLCDATFSoftUlib-V2.0-20260316\Debug\List\Rly_lib.lst
#    Object file  =  
#        D:\2-通用定制归档程序\04-通用程序\00-900F\【通用程序】ZRR900FV2HYLCD-ATF3.03-解决零漂-8BA6-0F1B-20260316\00-源码\ZRR900FV2HYLCDATFSoftUlib-V2.0-20260316\Debug\Obj\Rly_lib.o
#
###############################################################################

D:\2-通用定制归档程序\04-通用程序\00-900F\【通用程序】ZRR900FV2HYLCD-ATF3.03-解决零漂-8BA6-0F1B-20260316\00-源码\ZRR900FV2HYLCDATFSoftUlib-V2.0-20260316\Rly_lib.c
      1          
      2          #include "GlobeDef.h"
      3          #include "RlyData.h"
      4          #include "Rly_lib.h"
      5          #include "lib.h"
      6          #include "Bhjdq.h"
      7          #include "rlycomm.h"
      8          ///////////////////////////////////////////////////////////////////////////////////////////////////////////
      9          /*
     10          //1. Fault_Gzxx               保护故障选相
     11          //2. Fault_QD                 保护启动判别函数
     12          //3. Macro_chkLFLVqd         低频低压启动判别函数
     13          //4. UIDL_VAL                 通用电流电压动作判别函数
     14          //5. UIFXDY                   //方向判别元件
     15          //5. UI0FXDY                   //零序方向判别元件
     16          //6. Fault_IFXDY              方向及低压判别
     17          //7. Fault_IDL                方向闭锁电压过流保护元件
     18          //8. Fault_FSX                反时限保护元件
     19          //9. Fault_IJS                电流加速保护元件
     20          //10. Fault_TY                通用保护元件
     21          //11. Fault_I0                 零序电流保护元件
     22          //13. Fault_UH                 过压保护元件
     23          //14.Fault_UL                 低压保护元件
     24          //15.Fault_BT                 本体保护元件
     25          
     26          //20.GetBH_YXkr               开入信号转换函数
     27          //21.KisRlyBJ                 通用开入判别告警函数
     28          //22.Fault_TVDXPB             PT断线判别函数
     29          //23.KZDXBJ                   控制回路断线判别函数
     30          //24.TWJBJ                     TWJ异常判别函数
     31          //25.DL_WZ                    断路器
     32          //26.ChkLtDly               小于定值判别元件
     33          //27.ChkGeDly               大于定值判别元件
     34          //28 INI_Get_DL               //开关变位统计
     35          
     36          */
     37          ///////////////////////////////////////////////////////////////////////////////////////////////////////////
     38          
     39          /*
     40          *******************************************************************
     41          * Title:	
     42          * Description:		保护故障选相 
     43          *******************************************************************
     44          */
     45          void	Fault_Gzxx(u16 *Set_UI,u8 *Phase)					
     46          {
     47          	
     48          	u8	uFtypea,uFtypeb,uFtypec;
     49           	uFtypea=0;uFtypeb=0;uFtypec=0;
     50          #ifdef	ZRR900F
     51          	if(!Set_QFTZ.Type)		//线路保护
     52              {
     53                  if(UI_buffer.IA.Val>=*Set_UI)	 
     54                      uFtypea='A';
     55                  if(UI_buffer.IB.Val>=*Set_UI)	 
     56                      uFtypeb='B';
     57                  if(UI_buffer.IC.Val>=*Set_UI)	 
     58                      uFtypec='C';	
     59          	}
     60          	else if(Set_QFTZ.Type==1)		//变压器保护
     61          	{
     62                  if(UIBYQ_buffer.IA.Val>=*Set_UI)	 
     63                      uFtypea='A';
     64                  if(UIBYQ_buffer.IB.Val>=*Set_UI)	 
     65                      uFtypeb='B';
     66                  if(UIBYQ_buffer.IC.Val>=*Set_UI)	 
     67                      uFtypec='C';		  
     68           	}
     69          	else if(Set_QFTZ.Type==2)		//电动机保护
     70          	{
     71                  if(UIMOTO_buffer.IA.Val>=*Set_UI)	 
     72                      uFtypea='A';
     73                  if(UIMOTO_buffer.IB.Val>=*Set_UI)	 
     74                      uFtypeb='B';
     75                  if(UIMOTO_buffer.IC.Val>=*Set_UI)	 
     76                      uFtypec='C';	
     77           	} 
     78          #endif
     79          #ifdef	ZRR931F
     80              
     81              if(UI_buffer.IA.Val>=*Set_UI)	 
     82          		uFtypea='A';
     83          	if(UI_buffer.IB.Val>=*Set_UI)	 
     84          		uFtypeb='B';
     85          	if(UI_buffer.IC.Val>=*Set_UI)	 
     86          		uFtypec='C';	
     87          #endif
     88          #ifdef	ZRR941F
     89              
     90              if(UI_buffer.IA.Val>=*Set_UI)	 
     91          		uFtypea='A';
     92          	if(UI_buffer.IB.Val>=*Set_UI)	 
     93          		uFtypeb='B';
     94          	if(UI_buffer.IC.Val>=*Set_UI)	 
     95          		uFtypec='C';	
     96          #endif
     97          	if(uFtypea=='A'&&uFtypeb=='B'&&uFtypec!='C')
     98          		*Phase=3;		//AB相间故障
     99          	else if(uFtypea=='A'&&uFtypeb!='B'&&uFtypec=='C')
    100          		*Phase=5;		//CA相间故障
    101          	else if(uFtypea!='A'&&uFtypeb=='B'&&uFtypec=='C')
    102          		*Phase=6;		//BC相间故障
    103          	else if(uFtypea=='A'&&uFtypeb!='B'&&uFtypec!='C')
    104          		*Phase=1;		//A相间故障
    105          	else if(uFtypea!='A'&&uFtypeb=='B'&&uFtypec!='C')
    106          		*Phase=2;		//B相间故障
    107          	else if(uFtypea!='A'&&uFtypeb!='B'&&uFtypec=='C')
    108          		*Phase=4;		//C相间故障 
    109          	else  if(uFtypea=='A'&&uFtypeb=='B'&&uFtypec=='C')
    110          		*Phase=7; 		//ABC三相故障
    111          	else 
    112          		*Phase=1; 	
    113          	
    114          }
    115          /*
    116          *******************************************************************
    117          * Title:			
    118          * Description:		保护启动判别函数
    119          u16 UIn,   //模拟量 
    120          u8  *RUN_YB,  //压板
    121          u16 *Set_Inf, //控制字
    122          u16 *Set_UI,  //定值
    123          u16 *Set_tUI,  //时间定值
    124          u16 *w_UIdelay, //定时器
    125          u32 *w_Flag, //标志集
    126          u32 UInQD,    //启动标志 
    127          *******************************************************************
    128          */ 
    129          void	Fault_QD(u16 UIn,u8 *RUN_YB,u16 *Set_UInf,u16 *Set_UI,u16 *w_delay,u32 *w_Flag,u32 UInQD)  
    130          {
    131              u16 set_VAL;
    132              
    133           	if(*RUN_YB!=YBON)	return;		//软压板         
    134          	if(!(*Set_UInf)) return;		//控制字  
    135              
    136              set_VAL=(u16)((((u32)(*Set_UI))*243)>>8);	  	
    137              
    138          	if(UIn>=set_VAL)			//启动电流一般是0.95倍的整定电流
    139          	{		 
    140                  if(*w_delay>=10)
    141                  {
    142                      *w_Flag|=UInQD;  		//置总启动标志
    143                      if(!ID_Sdata) ID_Sdata=SMP_point;
    144                  }
    145                  else (*w_delay)++;
    146          	}
    147          	else
    148          		*w_delay=0;
    149          	
    150          }
    151          
    152          void	Fault_QDL(u16 UIn,u8 *RUN_YB,u16 *Set_UInf,u16 *Set_UI,u16 *w_delay,u32 *w_Flag,u32 UInQD)  
    153          {
    154              u16 set_VAL;
    155              
    156              
    157          	if(*RUN_YB!=YBON)	return;		//软压板         
    158          	if(!(*Set_UInf)) return;		//控制字  
    159              
    160              
    161              if(UIn<=(*Set_UI))			//启动电流一般是0.95倍的整定电流
    162          	{		   
    163          		if(*w_delay>=20)
    164          		{
    165          			*w_Flag|=UInQD;  		//置总启动标志	
    166          			//  Trip_P(KC_BHQD);   		//启动继电器启动
    167          		}
    168          		else
    169          			*w_delay+=1;	        
    170          	}
    171          	else
    172          		*w_delay=0;
    173          	
    174          }
    175          
    176          /*
    177          *******************************************************************
    178          * Title:			UIDL()
    179          * Description:		通用电流电压动作判别函数
    180          u16 UIn,   //模拟量 
    181          u16 *Set_UI,  //定值
    182          u16 *Set_tUI,  //时间定值
    183          u16 *w_UIdelay, //定时器
    184          u32 *w_Flag, //标志集
    185          u32 UInQD,    //启动标志
    186          u16 *ACT_Pront  //保存动作值
    187          *******************************************************************
    188          */ 
    189          
    190          void	UIDL_VAL(u16 UIn,u16 *Set_UI,
    191          				 u32 *D_UIdelay,u32 *w_Flag,u32 UInQD,u16 *ACT_Pront)
    192          {
    193              u16 set_VAL;
    194              
    195              set_VAL=(u16)((((u32)(*Set_UI))*243)>>8);	  	
    196          	
    197          	if(UIn>=*Set_UI)
    198          	{
    199          		if(!(*w_Flag&UInQD))
    200          		{
    201          			if(*D_UIdelay>=Tim_QD)
    202          			{
    203          				*w_Flag|=UInQD; 
    204          				*D_UIdelay=0;
    205          			}
    206          			else
    207          				*D_UIdelay+=1; 
    208          		}
    209          		*ACT_Pront=UIn;
    210          	}
    211          	else if(UIn<set_VAL)			        			        
    212          	{
    213          		if(*D_UIdelay)
    214                      *D_UIdelay=0;
    215                  else
    216                      *w_Flag&=~UInQD;   
    217          		return;	
    218          	}
    219          	else //XWW 20101025 改连续4点启动
    220          	{
    221          		if(!(*w_Flag&UInQD)&&(*D_UIdelay))
    222          			*D_UIdelay=*D_UIdelay>>1;
    223          	}
    224          	
    225          	if(*w_Flag&UInQD)   //保护启动记时
    226          		*D_UIdelay+=1;     
    227          }
    228          /*
    229          *******************************************************************
    230          * Title:			
    231          * Description:	  方向判别函数
    232          UI_Struct *In,   //电流矢量 
    233          UI_Struct *Upp,  //电压矢量 
    234          s16 P1,       //方向动作区1
    235          s16 P2,       //方向动作区2
    236          u16 *Tim,      //定时器
    237          u32 *w_Flag, //标志集
    238          u32 Bit      //标志位
    239          *******************************************************************
    240          */ 
    241          
    242          void UIFXDY(UI_Struct *In,UI_Struct *Upp,s16 P1,s16 P2,u16 *Tim,u32 *w_Flag,u32 Bit   )
    243          {
    244          	s16  Temp1,Temp2;
    245          	
    246              Temp1=Arg_Tan(In->R, In->X);
    247              Temp2=Arg_Tan(Upp->R,Upp->X);
    248              Temp1=(Temp1-Temp2)/2;
    249              if(Temp1> 180) 	Temp1=Temp1-360;
    250              if(Temp1<-180) 	Temp1=Temp1+360;
    251              if((Temp1>P1)&&(Temp1<P2))
    252              {
    253          		if(!(*w_Flag&Bit)) *Tim +=1;
    254          		if(*Tim>=con_20ms)	*w_Flag|=Bit;
    255              }
    256              else
    257              {
    258          		if(*Tim) *Tim -=1;
    259          		*w_Flag&=~Bit;	
    260              }
    261          }
    262          
    263          /*
    264          *******************************************************************
    265          * Title:			
    266          * Description:	  零序方向判别函数
    267          UI_Struct *In,   //电流矢量 
    268          UI_Struct *Upp,  //电压矢量 
    269          s16 P1,       //方向动作区1
    270          s16 P2,       //方向动作区2
    271          u16 *Tim,      //定时器
    272          u32 *w_Flag, //标志集
    273          u32 Bit      //标志位
    274          *******************************************************************
    275          */ 
    276          
    277          void UI0FXDY(UI_Struct *In,UI_Struct *Upp,s16 P1,s16 P2,u16 *Tim,u32 *w_Flag,u32 Bit   )
    278          {
    279          	s16  Temp1,Temp2;
    280          	
    281              Temp1=Arg_Tan(In->R, In->X);
    282              Temp2=Arg_Tan(Upp->R,Upp->X);
    283              Temp1=(Temp1-Temp2)/2;
    284              if(Temp1> 180) 	Temp1=Temp1-360;
    285              if(Temp1<-180) 	Temp1=Temp1+360;
    286              if((Temp1>P1)||(Temp1<P2))
    287              {
    288          		if(!(*w_Flag&Bit)) *Tim +=1;
    289          		if(*Tim>=con_20ms)	*w_Flag|=Bit;
    290              }
    291              else
    292              {
    293          		if(*Tim) *Tim -=1;
    294          		*w_Flag&=~Bit;	
    295              }
    296          }
    297          
    298          u16 Timer_FXA=0;
    299          u16 Timer_FXB=0;
    300          u16 Timer_FXC=0;
    301          u16 Timer_FX0=0;
    302          
    303          #define			FLG_IAFX		(1L<<2)		    //A相电流正方向
    304          #define			FLG_IBFX		(1L<<6)		    //B相电流正方向
    305          #define			FLG_ICFX		(1L<<10)		//C相电流正方向
    306          #define			FLG_I0FX		(1L<<14)		//零序电流正方向
    307          
    308          u8 ping_it;
    309          void	Fault_IFXDY(u16 *Set_TVnf,u16 *Set_UBS )
    310          {
    311              
    312            	u16  Umin_set;
    313          	u16 I_YL;
    314          	/////////////
    315          	//低电压元件1
    316          	/////////////
    317          	//判动作
    318          	if(!(FLAG_FZ&FLG_UDYDZ))			//线电压
    319          	{
    320          		if((UI_buffer.UAB.Val<*Set_UBS)||(UI_buffer.UBC.Val<*Set_UBS)||
    321                     (UI_buffer.UCA.Val<*Set_UBS))
    322          		{
    323          			FLAG_FZ|=FLG_UDYDZ;
    324          		}
    325          	}
    326          	//判返回
    327          	else
    328          	{
    329          		if((UI_buffer.UAB.Val>*Set_UBS)&&(UI_buffer.UBC.Val>*Set_UBS)&&
    330                     (UI_buffer.UCA.Val>*Set_UBS))	
    331          		{
    332          			FLAG_FZ &= ~FLG_UDYDZ;	
    333          		}
    334          	}
    335          	/////////////
    336          	//电压元件2
    337          	/////////////
    338          	//判动作
    339              /*	if(!(FLAG_U&FLG_U0DZ))			//负序电压
    340          	{
    341              if(UI_buffer.U0.Val>Set_Uobs[0])		
    342              {
    343              FLAG_U|=FLG_U0DZ;	
    344          }	
    345          }
    346          	//判返回
    347          	else
    348          	{
    349              if(UI_buffer.U0.Val<=Set_Uobs[1])		//		 	
    350              {
    351              FLAG_U &= ~FLG_U0DZ;	
    352          }
    353          }
    354          	*/
    355          #ifdef	ZRR900F
    356          	Umin_set=con_Un30V;
    357              
    358              I_YL=con_In09;	
    359          	UI_bufferJY.UAB=UI_bufferJYtemp[ping_it].UAB;
    360          	UI_bufferJY.UBC=UI_bufferJYtemp[ping_it].UBC;
    361          	UI_bufferJY.UCA=UI_bufferJYtemp[ping_it].UCA;
    362          	
    363              
    364          	UI_bufferJYtemp[ping_it].UAB=UI_buffer.UAB;
    365          	UI_bufferJYtemp[ping_it].UBC=UI_buffer.UBC;
    366          	UI_bufferJYtemp[ping_it].UCA=UI_buffer.UCA;
    367          	
    368          	ping_it++;
    369          	ping_it&=15;
    370          	////////////////////////
    371          	//电流方向元件(90度接线)
    372          	////////////////////////
    373          	if((UI_buffer.UAB.Val>=Umin_set)||(UI_buffer.UBC.Val>=Umin_set)||
    374                 (UI_buffer.UCA.Val>=Umin_set))
    375          	{
    376          		
    377          		//A相电流方向
    378          		if((UI_buffer.IA.Val>=I_YL)&&(UI_buffer.UBC.Val>=Umin_set))
    379          		{		
    380          			UIFXDY(&UI_buffer.IA,&UI_buffer.UBC,-31,91,&Timer_FXA,&FLAG_FX,FLG_IAFX);
    381          		}
    382          		else
    383          		{
    384          			Timer_FXA=0;
    385          			FLAG_FX &=~FLG_IAFX;
    386          		}
    387          		//B相电流方向
    388          		if((UI_buffer.IB.Val>=I_YL)&&(UI_buffer.UCA.Val>=Umin_set))
    389          		{
    390          			UIFXDY(&UI_buffer.IB,&UI_buffer.UCA,-31,91,&Timer_FXB,&FLAG_FX,FLG_IBFX);
    391          		}
    392          		else
    393          		{
    394          			Timer_FXB=0;
    395          			FLAG_FX &= ~FLG_IBFX;
    396          		}
    397          		//C相电流方向
    398          		if((UI_buffer.IC.Val>=I_YL)&&(UI_buffer.UAB.Val>=Umin_set))
    399          		{
    400          			UIFXDY(&UI_buffer.IC,&UI_buffer.UAB,-31,91,&Timer_FXC,&FLAG_FX,FLG_ICFX);
    401          		}
    402          		else
    403          		{
    404          			Timer_FXC=0;
    405          			FLAG_FX &=~FLG_ICFX;
    406          		}	             
    407                  
    408          	}
    409          	//取记忆电压
    410          	else //if(FLAG_U&FLG_IFXJY)			
    411          	{
    412          		
    413          		//A相电流方向
    414          		if((UI_buffer.IA.Val>=I_YL)&&(UI_bufferJY.UBC.Val>=Umin_set))
    415          		{		
    416          			UIFXDY(&UI_buffer.IA,&UI_bufferJY.UBC,-31,91,&Timer_FXA,&FLAG_FX,FLG_IAFX);
    417          		}
    418          		else
    419          		{
    420          			Timer_FXA=0;
    421          			FLAG_FX &=~FLG_IAFX;
    422          		}
    423          		//B相电流方向
    424          		if((UI_buffer.IB.Val>=I_YL)&&(UI_bufferJY.UCA.Val>=Umin_set))
    425          		{
    426          			UIFXDY(&UI_buffer.IB,&UI_bufferJY.UCA,-31,91,&Timer_FXB,&FLAG_FX,FLG_IBFX);
    427          		}
    428          		else
    429          		{
    430          			Timer_FXB=0;
    431          			FLAG_FX &= ~FLG_IBFX;
    432          		}
    433          		//C相电流方向
    434          		if((UI_buffer.IC.Val>=I_YL)&&(UI_bufferJY.UAB.Val>=Umin_set))
    435          		{
    436          			UIFXDY(&UI_buffer.IC,&UI_bufferJY.UAB,-31,91,&Timer_FXC,&FLAG_FX,FLG_ICFX);
    437          		}
    438          		else
    439          		{
    440          			Timer_FXC=0;
    441          			FLAG_FX &=~FLG_ICFX;
    442          		}		
    443          		
    444          	}
    445          #endif
    446          	
    447          	////////////////
    448          	//TV断线后的处理
    449          	////////////////
    450          	if(FLAG_FZ&FLG_PTDX)
    451          	{
    452          		//TVDX后禁止过流保护低电压闭锁判据，
    453          		//即PT断线后低电压标志永远为1，这样即使过流保护选择了闭锁过流也无需等待低电压标志而直接动作
    454          		if(*Set_TVnf==1)	//仅PT选项为断线闭锁时
    455          		{
    456          			FLAG_FZ &= ~FLG_UDYDZ;
    457                      FLAG_FX &=~(FLG_IAFX+FLG_IBFX+FLG_ICFX);
    458          		}
    459          		if(*Set_TVnf==2)	//仅PT选项为断线开放
    460          		{
    461          			FLAG_FZ |= FLG_UDYDZ;
    462          			FLAG_FX |= (FLG_IAFX+FLG_IBFX+FLG_ICFX);	
    463          		}	 
    464          	}
    465          }
    466          
    467          
    468          /*
    469          *******************************************************************
    470          * Title:			Fault_DL()
    471          * Description:		电流保护元件
    472          u16 In,   //电流模拟量 IMAX
    473          u8  *RUN_YB,  //压板
    474          u16 *Set_Inf, //控制字
    475          u16 *Set_I,  //定值
    476          u16 *Set_tI,  //时间定值
    477          u16 *w_Idelay, //定时器
    478          u32 *w_Flag, //标志集
    479          u32 InQD,    //启动标志
    480          u32 Rly_Trip,    //动作标志  //改标志驱动出口及报文
    481          u16 *ACT_Pront  //保存动作值
    482          u8 bit  //1 两相 0为三相
    483          *******************************************************************
    484          */ 
    485          void	Fault_IDL(u16 In,u8 *RUN_YB,u16 *Set_Inf,u16 *Set_I,u16 *Set_tI,
    486          				  u32 *D_Idelay,u32 *w_Flag,u32 InQD,u32 Rly_Trip,u16 *ACT_Pront,u8 bit)
    487          {
    488          	u16 Imax,temp_Value;
    489              if(*RUN_YB!=YBON||(*Set_Inf==0))	
    490          	{
    491          		*w_Flag&=~InQD;
    492          		*D_Idelay=0;
    493                  l_fRelayTrip&=~Rly_Trip;
    494          		return;
    495          	}
    496          #ifdef	ZRR900F
    497              
    498          	if(bit)
    499          	{
    500                  
    501          		if(!Set_QFTZ.Type)		//线路保护
    502          		{
    503          			Imax=MAX_2(UI_buffer.IA.Val,UI_buffer.IC.Val);
    504          		}
    505          		else if(Set_QFTZ.Type==1)		//变压器保护
    506          		{
    507          			Imax=MAX_2(UIBYQ_buffer.IA.Val,UIBYQ_buffer.IC.Val);
    508          		}
    509          		else if(Set_QFTZ.Type==2)		//电动机保护
    510          		{
    511          			Imax=MAX_2(UIMOTO_buffer.IA.Val,UIMOTO_buffer.IC.Val);
    512          		}
    513          		
    514          	}
    515          	else
    516          	{
    517          		if(!Set_QFTZ.Type)		//线路保护
    518          		{
    519          			Imax=MAX_3(UI_buffer.IA.Val,UI_buffer.IB.Val,UI_buffer.IC.Val);
    520          		}
    521          		else if(Set_QFTZ.Type==1)		//变压器保护
    522          		{
    523          			Imax=MAX_3(UIBYQ_buffer.IA.Val,UIBYQ_buffer.IB.Val,UIBYQ_buffer.IC.Val);
    524          		}
    525          		else if(Set_QFTZ.Type==2)		//电动机保护
    526          		{
    527          			Imax=MAX_3(UIMOTO_buffer.IA.Val,UIMOTO_buffer.IB.Val,UIMOTO_buffer.IC.Val);
    528          		}
    529          	}
    530          #endif	
    531          #ifdef	ZRR941F
    532              
    533              
    534              Imax=MAX_3(UI_buffer.IA.Val,UI_buffer.IB.Val,UI_buffer.IC.Val);
    535              
    536          #endif	
    537          #ifdef	ZRR931F
    538              
    539              
    540              Imax=MAX_3(UI_buffer.IA.Val,UI_buffer.IB.Val,UI_buffer.IC.Val);
    541              
    542          #endif	
    543          	UIDL_VAL(Imax,Set_I,D_Idelay,w_Flag,InQD,ACT_Pront);
    544          	
    545              //电压闭锁    
    546          	if(*Set_Inf==2)		//控制字选择为闭锁过流
    547          	{
    548          		if(!(FLAG_FZ&FLG_UDYDZ))	//检测到低电压时才允许动作
    549          		{
    550          			*w_Flag&=~InQD;
    551          			*D_Idelay=0;
    552          		}
    553          	}
    554          #ifdef	ZRR900F
    555          	if(*Set_Inf==3)
    556          	{
    557          		if(*w_Flag&InQD)    
    558          		{
    559          			if(!((UI_buffer.IA.Val>=*Set_I)&&(FLAG_FX&FLG_IAFX))&&
    560                         !((UI_buffer.IB.Val>=*Set_I)&&(FLAG_FX&FLG_IBFX))&&
    561                             !((UI_buffer.IC.Val>=*Set_I)&&(FLAG_FX&FLG_ICFX)))
    562          			{
    563          				*w_Flag&=~InQD;
    564          				*D_Idelay=0;	
    565          				return;	
    566          			}
    567          		}
    568          	} 
    569          #endif
    570          	if(*Set_tI < 5 && *Set_I < 3) temp_Value = 5;
    571              else temp_Value = *Set_tI;
    572              
    573          	if((*D_Idelay>=temp_Value)&&(*w_Flag&InQD))
    574          	{
    575          		l_fRelayTrip|=Rly_Trip;
    576          		TZ_Logic();
    577          		Fault_Gzxx(Set_I,&P_Phase);		//故障选相
    578          	}
    579          	if(!(*D_Idelay)&&!(*w_Flag&InQD))
    580          		l_fRelayTrip&=~Rly_Trip;
    581          }
    582          /*
    583          *******************************************************************
    584          * Title:			Fault_FSX()
    585          * Description:		反时限保护元件
    586          u16 In,   //电流模拟量 IMAX
    587          u8  *RUN_YB,  //压板
    588          u16 *Set_Inf, //控制字
    589          u16 *Set_I,  //定值
    590          u16 *Set_tI,  //时间定值
    591          u32 *D_Idelay, //定时器
    592          u32 *w_Flag, //标志集
    593          u32 InQD,    //启动标志
    594          u32 Rly_Trip,    //动作标志  //改标志驱动出口及报文
    595          u16 *ACT_Pront  //保存动作值 
    596          u8 bit         //相电流或零序电流
    597          *******************************************************************
    598          */ 
    599          
    600          const s32  FSX_TAB1_M[15]    =  {1.00*1024, 1.25*1024, 1.50*1024, 2.00*1024, 3.00*1024, 4.00*1024,
    601          5.00*1024,7.50*1024, 10.0*1024,15.0*1024, 20.0*1024,25.0*1024,30.0*1024,40.0*1024,50.0*1024};
    602          const s32  FSX_TAB1_M002[15] =  {8192, 8229, 8259, 8306, 8374, 8422,8460,8528,8578,8647, 8698,8737, 8769, 8819, 8859};
    603          const s32  FSX_TAB1_M004[15] =  {8192, 8265, 8325, 8422, 8560, 8659,8736, 8982, 9235, 9386, 9494, 9580};
    604          //反时限动作时间精度  XWW 20101025
    605          #define Timer_PTOCReturn 5 
    606          
    607          void	Fault_FSX(u16 In,u8  *RUN_YB,u16 *Set_Inf,u16 *Set_I,u16 *Set_tI,
    608          				  u32 *w_Idelay,u32 *w_Flag,u32 InQD,u32 Rly_Trip,u16 *ACT_Pront,u8 bit)
    609          {
    610          	
    611          	short         i;
    612          	s32         M,M002;  
    613          	u32   Jf_Set,Jf_Time;
    614          	s32    I_IP;
    615          	s32  X,XX;	
    616          	
    617              u16 set_VAL;
    618              
    619              
    620          	//保护跳闸后退出		
    621              if(*RUN_YB!=YBON||(*Set_Inf==0))	
    622          	{
    623          		*w_Idelay = 0;
    624                  *(w_Idelay+1)=0;
    625          		*w_Flag&=~InQD; 
    626          		l_fRelayTrip&=~Rly_Trip;
    627          		return;
    628          	} 
    629              set_VAL=(u16)((((u32)(*Set_I))*243)>>8);	  	
    630              
    631          	if(In < set_VAL)
    632          	{	//保护返回
    633          		if(*w_Flag&InQD)
    634          		{
    635          			if(*(w_Idelay+1) >= Timer_PTOCReturn)
    636          			{
    637          				*(w_Idelay+1)=0;
    638          				*w_Idelay = 0;
    639          				*w_Flag&=~InQD; 
    640          				//   l_fRelayTrip&=~Rly_Trip;
    641          			}
    642          			else
    643          				*(w_Idelay+1)+=1;	
    644          		}
    645          		
    646          	}
    647          	else if (In>=*Set_I)
    648          	{	//保护动作
    649          		if (!(*w_Flag&InQD))
    650          		{
    651          			*w_Idelay = 0;
    652          			*w_Flag|=InQD; 
    653          		}
    654          		*ACT_Pront=In;
    655          		Jf_Time = 1; // BH_RATE;  /* n(ms)*100     */
    656                  /***********************************************/
    657          		/* 非常反时限积分 t= 13.5/[(I/IP)^1.00-1] * tp */
    658          		/***********************************************/
    659                  if(*Set_Inf==2)	   
    660          		{	
    661          			/* 积分定值 = 13.5*tp*256*4 */
    662          			Jf_Set  = *Set_tI;
    663          			if(Jf_Set > 30000) Jf_Set = 30000;
    664          			Jf_Set  = Jf_Set * 3456;                             
    665          			/*积分,50倍电流,最多积40S*/
    666          			I_IP               = ((u32)In<<8)/ (u32)(*Set_I);
    667          			I_IP               = I_IP - 256; 	
    668          			*w_Idelay = *w_Idelay + I_IP * Jf_Time ;	
    669          			
    670          		}  	
    671          		/***********************************************/
    672          		/* 一般反时限积分 t= 0.14/[(I/IP)^0.02-1] * tp */
    673          		/***********************************************/
    674          		/* 泰勒展开式(X要小于1):(1+X)^0.02=1+0.02*X-0.0098*X*X-0.0066*X*X*X-0.0025*X*X*X*X
    675          		I_IP^0.02 可变形成: M^0.02 * [1-(M-I_IP)/M]^0.02;令 X =-(M-I_IP)/M 	*/
    676          		else if(*Set_Inf==1)
    677          		{   
    678          			// 一般反时限
    679          			/* 积分定值 = 0.14*tp*256*256 */
    680          			Jf_Set  =*Set_tI;   /*以1ms为单位*/
    681          			if(Jf_Set > 60000) Jf_Set = 60000;
    682          			Jf_Set  = Jf_Set * 9175;  
    683          			/*(I/IP)^0.04的计算*/
    684          			I_IP  = ((u32)In<<10)/ (u32)(*Set_I);         /* I_IP=I_IP*1024*/  
    685          			/*根据I_IP的大小区合适的M值*/
    686          			for(i=1;i<14;i++)        //XWW 20101025
    687          			{
    688          				if(I_IP <= FSX_TAB1_M[i]) break; 	
    689          			}
    690          			M       = FSX_TAB1_M[i];                           /* M*1024       */
    691          			M002    = FSX_TAB1_M002[i];                        /* M^0.02*8192  */
    692          			X       = -((s32)M-I_IP) *16384/(s32)M * 4; 
    693          			XX      =  ((X>>2)  * (X>>2))>>12; 
    694          			I_IP    =  65536*8192 + 1311*(X>>3) - 642*(XX>>3);  /* 1+0.02*X-0.0098*XX */
    695          			I_IP    =  I_IP>>13; 
    696          			I_IP    =  I_IP * (s32)M002; 
    697          			I_IP    =  I_IP>>13;
    698          			/* (I/IP)^0.04-1 */
    699          			I_IP                =  I_IP - 65536; 
    700          			*w_Idelay = *w_Idelay + I_IP * Jf_Time ;	
    701          		}
    702                  
    703          		/***********************************************/
    704          		/* 极端反时限积分 t=   80/[(I/IP)^2.00-1] * tp */
    705          		/***********************************************/
    706          		
    707          		else if(*Set_Inf==3)	
    708          		{	
    709          			/* 积分定值 = 80*tp*256*2 */
    710          			Jf_Set  =*Set_tI;
    711          			if(Jf_Set > 10000) Jf_Set = 10000;
    712          			Jf_Set  = Jf_Set * 20480;                             
    713          			/*积分,50倍电流,最多积10S*/
    714          			I_IP               = ((u32)In <<8 )/ (u32)(*Set_I );
    715          			I_IP               = (I_IP * I_IP)>>8;
    716          			I_IP               = I_IP - 256; 
    717          			
    718          			*w_Idelay = *w_Idelay + I_IP * Jf_Time ;				
    719          		}	
    720                  
    721          		if((*w_Idelay>=Jf_Set)&&(*w_Flag&InQD))
    722          		{
    723          			l_fRelayTrip|=Rly_Trip;
    724                      TZ_Logic();
    725                      if(bit==BH_IN)
    726                      {
    727                          Fault_Gzxx(Set_I,&P_Phase);                   
    728                          
    729                      }
    730                      
    731          		}
    732                  
    733          	}
    734              if(!(*w_Idelay)&&!(*w_Flag&InQD))
    735                  l_fRelayTrip&=~Rly_Trip;	     
    736          	
    737          }
    738          /*
    739          *******************************************************************
    740          * Title:			Fault_IJS()
    741          * Description:		电流加速保护元件
    742          u16 In,   //电流模拟量 IMAX
    743          u8  *RUN_YB,  //压板
    744          u16 *Set_Inf, //控制字
    745          u16 *Set_I,  //定值
    746          u16 *Set_tI,  //时间定值
    747          u32 *D_Idelay, //定时器
    748          u32 *w_Flag, //标志集
    749          u32 n_FLag,    //加速保护投入条件
    750          u32 InQD,    //启动标志
    751          u32 Rly_Trip,    //动作标志  //改标志驱动出口及报文
    752          u16 *ACT_Pront  //保存动作值 
    753          u8 bit         //相电流或零序电流
    754          *******************************************************************
    755          */ 
    756          //手合要判开关分位
    757          void	Fault_IJS(u16 In,u8 *RUN_YB,u16 *Set_Inf,u16 *Set_I,u16 *Set_tI,
    758          				  u32 *D_Idelay,u32 *w_Flag,u32 n_FLag,u32 InQD,u32 Rly_Trip,u16 *ACT_Pront,u8 bit)
    759          {
    760          	
    761              if(*RUN_YB!=YBON||(*Set_Inf==0))	//压板或控制字未投入
    762          	{
    763          		*w_Flag&=~(InQD);
    764          		l_fRelayTrip&=~Rly_Trip;
    765          		*D_Idelay=0;	
    766          		return;
    767          	}
    768          	
    769          	if((!(*w_Flag&InQD))&&(!(FLAG_FZ&n_FLag)))		//未置加速标志标志位且加速未启动，返回 //XWW 2010.3.12
    770          	{
    771          		*w_Flag&=~(InQD);
    772          		l_fRelayTrip&=~Rly_Trip;
    773          		*D_Idelay=0;	
    774          		return;
    775          	}
    776          	UIDL_VAL(In,Set_I,D_Idelay,w_Flag,InQD,ACT_Pront);
    777          	
    778              //电压闭锁    
    779          	if(*Set_Inf==2)
    780          	{
    781          		if(!(FLAG_FZ&FLG_UDYDZ))			//
    782          		{
    783          			*w_Flag&=~InQD;
    784          			*D_Idelay=0;
    785          		}
    786          	}
    787          	if((*D_Idelay>=*Set_tI)&&(*w_Flag&InQD))
    788          	{
    789          		l_fRelayTrip|=Rly_Trip;
    790                  TZ_Logic();
    791                  if(bit==BH_IN)
    792                  {  
    793                      Fault_Gzxx(Set_I,&P_Phase);               
    794                      
    795                  }
    796                  
    797          	}
    798              if(!(*D_Idelay)&&!(*w_Flag&InQD))
    799                  l_fRelayTrip&=~Rly_Trip;	
    800          	
    801          }
    802          
    803          /*
    804          *******************************************************************
    805          * Title:			 
    806          * Description:		过负荷保护元件
    807          u16 In,   //电流模拟量 IMAX 
    808          u8  *RUN_YB,  //压板
    809          u16 *Set_Inf, //控制字
    810          u16 *Set_I,  //定值
    811          u16 *Set_tI,  //时间定值
    812          u32 *D_Idelay, //定时器
    813          u32 *w_Flag, //标志集
    814          u32 InQD,    //启动标志
    815          u32 Rly_Trip,    //动作标志  //该标志驱动出口及报文
    816          u32 Rly_Alarm,    //动作标志  //该标志驱动告警及报文
    817          u16 *ACT_Pront  //保存动作值  
    818          *******************************************************************
    819          */ 
    820          void	Fault_GFH(u16 In,u8 *RUN_YB,u16 *Set_Inf,u16 *Set_I,u16 *Set_tI,
    821                            u32 *D_Idelay,u32 *w_Flag,u32 InQD,u32 Rly_Trip,u32 Rly_Alarm,u16 *ACT_Pront)
    822          {
    823          	u32  d_set_tgfh;
    824          	
    825              if(*RUN_YB!=YBON||(*Set_Inf==0))	//压板或控制字未投入
    826          	{
    827          		*w_Flag&=~InQD;
    828          		l_fRelayAlarm&=~Rly_Alarm;
    829          		l_fRelayTrip&=~Rly_Trip;
    830          		*D_Idelay=0;	
    831          		return;
    832          	}  
    833          	
    834          	UIDL_VAL(In,Set_I,D_Idelay,w_Flag,InQD,ACT_Pront);  
    835          	//过负荷动作    
    836          	if(*Set_Inf==1)
    837          	{
    838          		d_set_tgfh=(u32)(*Set_tI)*10;    
    839          		if((*D_Idelay>=d_set_tgfh)&&(*w_Flag&InQD))
    840          		{
    841          			l_fRelayTrip|=Rly_Trip;
    842                      
    843          		    P_Phase=0;
    844                      TZ_Logic();
    845          		}	
    846                  if(!(*D_Idelay)&&!(*w_Flag&InQD))
    847                      l_fRelayTrip&=~Rly_Trip;	
    848          	}
    849          	//过负荷告警    
    850          	if(*Set_Inf==2)
    851          	{
    852          		d_set_tgfh=(u32)(*Set_tI)*10;                      //过负荷时间放大十倍
    853          		if((*D_Idelay>=d_set_tgfh)&&(*w_Flag&InQD))
    854          			l_fRelayAlarm|=Rly_Alarm;                 
    855          		if(!(*D_Idelay)&&!(*w_Flag&InQD))
    856          			l_fRelayAlarm&=~Rly_Alarm;	  
    857          		
    858          	}
    859          }
    860          
    861          
    862          /*
    863          *******************************************************************
    864          * Title:			 
    865          * Description:		通用保护元件
    866          u16 In,   //电流模拟量 IMAX
    867          u8  *RUN_YB,  //压板
    868          u16 *Set_Inf, //控制字
    869          u16 *Set_I,  //定值
    870          u16 *Set_tI,  //时间定值
    871          u32 *D_Idelay, //定时器
    872          u32 *w_Flag, //标志集
    873          u32 InQD,    //启动标志
    874          u32 Rly_Trip,    //动作标志  //该标志驱动出口及报文
    875          u32 Rly_Alarm,    //动作标志  //该标志驱动告警及报文
    876          u16 *ACT_Pront  //保存动作值   
    877          *******************************************************************
    878          */ 
    879          void	Fault_TY(u16 In,u8 *RUN_YB,u16 *Set_Inf,u16 *Set_I,u16 *Set_tI,
    880                           u32 *D_Idelay,u32 *w_Flag,u32 InQD,u32 Rly_Trip,u32 Rly_Alarm,u16 *ACT_Pront)
    881          {
    882              u16 temp_Value;
    883          	
    884              if(*RUN_YB!=YBON||(*Set_Inf==0))	//压板或控制字未投入
    885          	{
    886          		*w_Flag&=~InQD;
    887          		l_fRelayAlarm&=~Rly_Alarm;
    888          		l_fRelayTrip&=~Rly_Trip;
    889          		*D_Idelay=0;	
    890          		return;
    891          	}
    892          	
    893          	UIDL_VAL(In,Set_I,D_Idelay,w_Flag,InQD,ACT_Pront);  
    894              
    895          	if(*Set_tI < 5 && *Set_I < 3) temp_Value = 5;
    896              else temp_Value = *Set_tI;
    897          	if(*Set_Inf==1)
    898          	{                 
    899          		if((*D_Idelay>=*Set_tI)&&(*w_Flag&InQD))
    900          		{
    901          			l_fRelayTrip|=Rly_Trip;
    902                      TZ_Logic();
    903                      
    904          		}	
    905                  if(!(*D_Idelay)&&!(*w_Flag&InQD))
    906                      l_fRelayTrip&=~Rly_Trip;               
    907          	}
    908              
    909          	if(*Set_Inf==2)
    910          	{
    911          		
    912          		if((*D_Idelay>=*Set_tI)&&(*w_Flag&InQD))
    913          			l_fRelayAlarm|=Rly_Alarm;  
    914          		if(!(*D_Idelay)&&!(*w_Flag&InQD))
    915          			l_fRelayAlarm&=~Rly_Alarm;	              
    916          	}
    917          } 
    918          
    919          /*
    920          *******************************************************************
    921          * Title:			 
    922          * Description:	//过压保护元件
    923          u16 Un,   //电压模拟量 UMAX
    924          u8  *RUN_YB,  //压板
    925          u16 *Set_Unf, //控制字
    926          u16 *Set_U,  //定值
    927          u16 *Set_tU,  //时间定值
    928          u16 *w_Udelay, //定时器
    929          u32 *w_Flag, //标志集
    930          u32 UnQD,    //启动标志
    931          u32 UnDZ,    //动作标志
    932          u32 UnGJ,    //告警标志
    933          u16 *ACT_Pront  //保存动作值
    934          *******************************************************************
    935          */ 
    936          
    937          void	Fault_UH(u16 Un,u8 *RUN_YB,u16 *Set_Unf,u16 *Set_U,u16 *Set_tU,
    938                           u32 *D_Udelay,u32 *w_Flag,u32 UnQD,u32 UnDZ,u32 UnGJ,u16 *ACT_Pront)
    939          {
    940          	
    941              if(*RUN_YB!=YBON||(*Set_Unf==0))	//压板或控制字未投入
    942          	{
    943          		*D_Udelay=0;
    944                  l_fRelayTrip&=~UnDZ; 
    945                  l_fRelayAlarm&=~UnGJ;
    946          		*w_Flag &=~UnQD;
    947          		return;  
    948          	}
    949          	
    950          	if((FLAG_FZ&FLG_HWJ)==0)  	//判开关位置是否在合位     
    951          	{								
    952          		*D_Udelay=0;
    953                  l_fRelayTrip&=~UnDZ; 
    954                  l_fRelayAlarm&=~UnGJ;
    955          		*w_Flag &=~UnQD;
    956          		return;
    957          	}
    958          	
    959          	UIDL_VAL(Un,Set_U,D_Udelay,w_Flag,UnQD,ACT_Pront);
    960          	
    961          	if(*Set_Unf==1)
    962          	{
    963          		if((*D_Udelay>=*Set_tU)&&(*w_Flag&UnQD))
    964          		{
    965          			l_fRelayTrip|=UnDZ;
    966                      
    967          			TZ_Logic();
    968          		}
    969                  if(!(*D_Udelay)&&!(*w_Flag&UnQD))
    970                      l_fRelayTrip&=~UnDZ;               
    971          	}
    972          	if(*Set_Unf==2)
    973          	{
    974          		if((*D_Udelay>=*Set_tU)&&(*w_Flag&UnQD))		//大于整定电压
    975          			l_fRelayAlarm|=UnGJ;
    976          		
    977          		if(!(*D_Udelay)&&!(*w_Flag&UnQD))
    978          			l_fRelayAlarm&=~UnGJ;
    979          		
    980          	}
    981          }
    982          void	Fault_UL(u16 Un,u8 *RUN_YB,u16 *Set_Unf,u16 *Set_U,u16 *Set_tU,
    983          				 u32 *D_Udelay,u32 *w_Flag,u32 UnQD,u32 UnDZ,u32 UnGJ,u16 *ACT_Pront,u8 bit)
    984          {
    985          	
    986          	u16 Umin_set,set_VAL;
    987          	//保护跳闸后退出		
    988              if(*RUN_YB!=YBON||(*Set_Unf==0))	//压板或控制字未投入
    989          	{
    990          		*D_Udelay=0;
    991                  l_fRelayTrip&=~UnDZ; 
    992                  l_fRelayAlarm&=~UnGJ;
    993          		*w_Flag &=~UnQD;
    994          		return;  
    995          	}
    996          	
    997          	
    998          	if((FLAG_FZ&FLG_HWJ)==0||(FLAG_FZ&FLG_PTDX))                    
    999          	{
   1000          		*D_Udelay=0;
   1001                  l_fRelayTrip&=~UnDZ; 
   1002                  l_fRelayAlarm&=~UnGJ;
   1003          		*w_Flag &=~UnQD;
   1004          		return;
   1005          	}
   1006              
   1007              set_VAL=(u16)((((u32)(*Set_U))*268)>>8);	  	
   1008              
   1009          	if (Un>=set_VAL)                   
   1010          	{
   1011          		*D_Udelay=0;
   1012                  l_fRelayTrip&=~UnDZ;
   1013                  l_fRelayAlarm&=~UnGJ;
   1014          		*w_Flag &=~UnQD;
   1015          		return;
   1016          	}
   1017          	
   1018          	Umin_set=con_Un15V;
   1019          	
   1020          	if((UI_buffer.UAB.Val<=*Set_U)&&(UI_buffer.UBC.Val<=*Set_U)&&(UI_buffer.UCA.Val<=*Set_U))
   1021          	{
   1022                  *ACT_Pront=Un;
   1023          		if(!(*w_Flag&UnQD))
   1024          		{
   1025          			if(*D_Udelay>=Tim_QD)
   1026          			{
   1027          				*w_Flag|=UnQD; 
   1028          				*D_Udelay=Tim_QD;
   1029          			}
   1030          			else				
   1031          				*D_Udelay+=1; 
   1032          		}
   1033          		
   1034          		
   1035          	}
   1036          	else if((UI_buffer.UAB.Val>set_VAL)||(UI_buffer.UBC.Val>set_VAL)||(UI_buffer.UCA.Val>set_VAL))			        			        
   1037          	{
   1038          		*w_Flag&=~UnQD;
   1039          		*D_Udelay=0;	
   1040          	}
   1041          	else //XWW 20101025 改连续4点启动
   1042          	{
   1043          		if(!(*w_Flag&UnQD)&&(*D_Udelay))
   1044          			*D_Udelay=*D_Udelay>>1;
   1045          	}
   1046          	if(*w_Flag&UnQD)   //保护启动记时
   1047          		*D_Udelay+=1;  
   1048              
   1049          	
   1050              if(bit==1)
   1051              {
   1052          		if((Un<Umin_set)||(FLAG_FZ&FLG_PTDX))
   1053          		{    
   1054          			*D_Udelay=0;
   1055          			*w_Flag &=~UnQD;
   1056          			return;
   1057          		} 
   1058              }
   1059          	else
   1060          	{
   1061          		if((Un<Umin_set)&&(!(FLAG_FZ&FLG_XLWL))||(FLAG_FZ&FLG_PTDX))
   1062          		{    
   1063          			*D_Udelay=0;
   1064          			*w_Flag &=~UnQD;
   1065          			return;
   1066          		}
   1067          	}
   1068              
   1069          	if(*Set_Unf==1)
   1070          	{
   1071          		if((*D_Udelay>=*Set_tU)&&(*w_Flag&UnQD))
   1072          		{
   1073                      if((UI_buffer.UAB.Val<=*Set_U)&&(UI_buffer.UBC.Val<=*Set_U)&&(UI_buffer.UCA.Val<=*Set_U)&&(Umax_Val<=*Set_U))
   1074                      {
   1075                          *ACT_Pront=Un;
   1076                          l_fRelayTrip|=UnDZ;
   1077                          TZ_Logic();
   1078                      }
   1079                      //			l_fRelayTrip|=UnDZ;
   1080                      //			*ACT_Pront=Un;
   1081                      //			TZ_Logic();
   1082          		}
   1083                  if(!(*D_Udelay)&&!(*w_Flag&UnQD))
   1084                      l_fRelayTrip&=~UnDZ;               
   1085          	}
   1086          	if(*Set_Unf==2)
   1087          	{
   1088          		if((*D_Udelay>=*Set_tU)&&(*w_Flag&UnQD))		//大于整定电压
   1089          			l_fRelayAlarm|=UnGJ;
   1090          		
   1091          		if(!(*D_Udelay)&&!(*w_Flag&UnQD))
   1092          			l_fRelayAlarm&=~UnGJ;
   1093          		
   1094          	}       
   1095          	
   1096          }
   1097          
   1098          void	Fault_ULL(u16 Un,u8 *RUN_YB,u16 *Set_Unf,u16 *Set_U,u16 *Set_tU,
   1099                            u32 *D_Udelay,u32 *w_Flag,u32 UnQD,u32 UnDZ,u32 UnGJ,u32 UnDZ2,u16 *ACT_Pront,u8 bit)
   1100          {
   1101          	
   1102          	u16 Umin_set,set_VAL;
   1103          	//保护跳闸后退出		
   1104              if(*RUN_YB!=YBON||(*Set_Unf==0))	//压板或控制字未投入
   1105          	{
   1106          		*D_Udelay=0;
   1107                  l_fRelayTrip&=~UnDZ; 
   1108                  l_fRelayAlarm&=~UnGJ;
   1109          		*w_Flag &=~UnQD;
   1110          		return;  
   1111          	}
   1112          	
   1113          	
   1114          	if((FLAG_FZ&FLG_HWJ)==0||(FLAG_FZ&FLG_PTDX))                    
   1115          	{
   1116          		*D_Udelay=0;
   1117                  l_fRelayTrip&=~UnDZ; 
   1118                  l_fRelayAlarm&=~UnGJ;
   1119          		*w_Flag &=~UnQD;
   1120          		return;
   1121          	}
   1122              
   1123              set_VAL=(u16)((((u32)(*Set_U))*268)>>8);	  	
   1124              
   1125          	if (Un>=set_VAL)                   
   1126          	{
   1127          		*D_Udelay=0;
   1128                  l_fRelayTrip&=~UnDZ;
   1129                  l_fRelayAlarm&=~UnGJ;
   1130          		*w_Flag &=~UnQD;
   1131          		return;
   1132          	}
   1133          	
   1134          	Umin_set=con_Un15V;
   1135          	
   1136          	if((UI_buffer.UAB.Val<=*Set_U)&&(UI_buffer.UBC.Val<=*Set_U)&&(UI_buffer.UCA.Val<=*Set_U))
   1137          	{
   1138                  *ACT_Pront=Un;
   1139          		if(!(*w_Flag&UnQD))
   1140          		{
   1141          			if(*D_Udelay>=Tim_QD)
   1142          			{
   1143          				*w_Flag|=UnQD; 
   1144          				*D_Udelay=Tim_QD;
   1145          			}
   1146          			else				
   1147          				*D_Udelay+=1; 
   1148          		}
   1149          		
   1150          		
   1151          	}
   1152          	else if((UI_buffer.UAB.Val>set_VAL)||(UI_buffer.UBC.Val>set_VAL)||(UI_buffer.UCA.Val>set_VAL))			        			        
   1153          	{
   1154          		*w_Flag&=~UnQD;
   1155          		*D_Udelay=0;	
   1156          	}
   1157          	else //XWW 20101025 改连续4点启动
   1158          	{
   1159          		if(!(*w_Flag&UnQD)&&(*D_Udelay))
   1160          			*D_Udelay=*D_Udelay>>1;
   1161          	}
   1162          	if(*w_Flag&UnQD)   //保护启动记时
   1163          		*D_Udelay+=1;  
   1164              
   1165          	
   1166              if(*Set_Unf!=3)
   1167              {
   1168          		if((Un<Umin_set)||(FLAG_FZ&FLG_PTDX))
   1169          		{    
   1170          			*D_Udelay=0;
   1171          			*w_Flag &=~UnQD;
   1172          			return;
   1173          		} 
   1174              }
   1175          	else
   1176          	{
   1177          		if((Un<Umin_set)&&(!(FLAG_FZ&FLG_XLWL))||(FLAG_FZ&FLG_PTDX))
   1178          		{    
   1179          			*D_Udelay=0;
   1180          			*w_Flag &=~UnQD;
   1181          			return;
   1182          		}
   1183          	}
   1184              
   1185          	if(*Set_Unf==1)
   1186          	{
   1187          		if((*D_Udelay>=*Set_tU)&&(*w_Flag&UnQD))
   1188          		{
   1189                      if((UI_buffer.UAB.Val<=*Set_U)&&(UI_buffer.UBC.Val<=*Set_U)&&(UI_buffer.UCA.Val<=*Set_U)&&(Umax_Val<=*Set_U))
   1190                      {
   1191                          *ACT_Pront=Un;
   1192                          l_fRelayTrip|=UnDZ;
   1193                          TZ_Logic();
   1194                      }
   1195          			//l_fRelayTrip|=UnDZ;
   1196          			//*ACT_Pront=Un;
   1197          			//TZ_Logic();
   1198          		}
   1199                  if(!(*D_Udelay)&&!(*w_Flag&UnQD))
   1200                      l_fRelayTrip&=~UnDZ;               
   1201          	}
   1202          	if(*Set_Unf==2)
   1203          	{
   1204          		if((*D_Udelay>=*Set_tU)&&(*w_Flag&UnQD))		//大于整定电压
   1205          			l_fRelayAlarm|=UnGJ;
   1206          		
   1207          		if(!(*D_Udelay)&&!(*w_Flag&UnQD))
   1208          			l_fRelayAlarm&=~UnGJ;
   1209          		
   1210          	} 
   1211          	if(*Set_Unf==3)
   1212          	{
   1213          		if((*D_Udelay>=*Set_tU)&&(*w_Flag&UnQD))
   1214          		{
   1215          			l_fRelayTrip|=UnDZ2;
   1216          			*ACT_Pront=Un;
   1217          			TZ_Logic();
   1218          		}
   1219                  if(!(*D_Udelay)&&!(*w_Flag&UnQD))
   1220                      l_fRelayTrip&=~UnDZ;               
   1221          	}      
   1222          	
   1223          }
   1224          
   1225          void	Fault_DF(u16 Fn,u16 Imax,u8 *RUN_YB,u16 *Set_DFnf,u16 *Set_DF,u16 *Set_IDF,u16 *Set_tDF,
   1226          				 u32 *D_delay,u32 *w_Flag,u32 UnQD,u32 UnDZ,u32 UnGJ,u16 *ACT_Pront)
   1227          {
   1228          	
   1229          	u16 set_VAL; 
   1230          	//保护跳闸后退出		
   1231              if(*RUN_YB!=YBON||(*Set_DFnf==0))	//压板或控制字未投入
   1232          	{
   1233          		*D_delay=0;
   1234                  l_fRelayTrip&=~UnDZ; 
   1235                  l_fRelayAlarm&=~UnGJ;
   1236          		*w_Flag &=~UnQD;
   1237          		return;  
   1238          	}
   1239              
   1240              set_VAL=(u16)((((u32)(*Set_DF))*257)>>8);	  	
   1241              
   1242              if((Imax<=*Set_IDF)||(Fn<=FHZMIN))
   1243          	{
   1244          		*D_delay=0;
   1245                  l_fRelayTrip&=~UnDZ;
   1246                  l_fRelayAlarm&=~UnGJ;
   1247          		*w_Flag &=~UnQD;
   1248          		return;  
   1249          	}	
   1250          	if((Fn<=*Set_DF)&&(Fn>=FHZMIN))
   1251          	{
   1252                  *ACT_Pront=Fn;
   1253                  if(!(*w_Flag&UnQD))
   1254          		{
   1255          			if(*D_delay>=Tim_QD)
   1256          			{
   1257          				*w_Flag|=UnQD; 
   1258          				*D_delay=Tim_QD;
   1259          			}
   1260          			else				
   1261          				*D_delay+=1; 
   1262          		}
   1263          		
   1264          		
   1265          	}
   1266          	else if(Fn>set_VAL)			        			        
   1267          	{
   1268          		*w_Flag&=~UnQD;
   1269          		*D_delay=0;	
   1270          	}
   1271          	else //XWW 20101025 改连续4点启动
   1272          	{
   1273          		if(!(*w_Flag&UnQD)&&(*D_delay))
   1274          			*D_delay=*D_delay>>1;
   1275          	}
   1276          	if(*w_Flag&UnQD)   //保护启动记时
   1277          		*D_delay+=1;  
   1278              
   1279              
   1280          	if(*Set_DFnf==1)
   1281          	{
   1282          		if((*D_delay>=*Set_tDF)&&(*w_Flag&UnQD))
   1283          		{
   1284          			l_fRelayTrip|=UnDZ;
   1285                      *ACT_Pront=Fn;
   1286          			TZ_Logic();
   1287          		}
   1288                  if(!(*D_delay)&&!(*w_Flag&UnQD))
   1289                      l_fRelayTrip&=~UnDZ;               
   1290          	}
   1291          	if(*Set_DFnf==2)
   1292          	{
   1293          		if((*D_delay>=*Set_tDF)&&(*w_Flag&UnQD))		//大于整定电压
   1294          			l_fRelayAlarm|=UnGJ;
   1295          		
   1296          		if(!(*D_delay)&&!(*w_Flag&UnQD))
   1297          			l_fRelayAlarm&=~UnGJ;
   1298          		
   1299          	}       
   1300          	
   1301          }
   1302          
   1303          
   1304          
   1305          void	Fault_BT(u16 W_BT,u8 *RUN_YB,u16 *Set_BTnf,u16 *Set_tBT,u16 *w_BTdelay,u16 *w_BTdelayf,
   1306          				 u32 *w_Flag,u32 BTnQD,u32 BTnDZ,u32 BTnGJ)			//非电量
   1307          {
   1308              if(*RUN_YB!=YBON||(*Set_BTnf==0))	//压板或控制字未投入
   1309          	{
   1310          		*w_BTdelay=0;
   1311          		*w_Flag &=~BTnQD;
   1312                  l_fRelayTrip&=~BTnDZ;
   1313                  l_fRelayAlarm&=~BTnGJ;        
   1314          		return;  
   1315          	}	 
   1316          	if(YX1_sts[YX_EDI1]&(1<<W_BT))
   1317          	{
   1318          		if(*w_BTdelay>=6)
   1319          		{
   1320          			*w_Flag|=BTnQD; 
   1321          			*w_BTdelayf=0;
   1322          			
   1323          		}
   1324          		*w_BTdelay+=1;  //计数器加
   1325          		
   1326          	}
   1327          	else
   1328          	{ 	
   1329          		*w_BTdelay=0;		  
   1330          		if(*w_Flag&BTnQD)
   1331          		{
   1332          			*w_BTdelayf+=1;  //计数器加
   1333          			if(*w_BTdelayf>=6)
   1334          			{
   1335          				*w_Flag&=~BTnQD;            
   1336                          
   1337          				l_fRelayTrip&=~BTnDZ;
   1338          				l_fRelayAlarm&=~BTnGJ;
   1339          			}
   1340          			
   1341          		} 
   1342          		else  
   1343          			return;               
   1344          		
   1345          	}
   1346          	if(l_fRelayTrip&BTnDZ)  	return;
   1347          	
   1348          	if(*Set_BTnf==1)  
   1349          	{
   1350          		if((*w_BTdelay>=*Set_tBT)&&(*w_Flag&BTnQD))
   1351          		{
   1352          			l_fRelayTrip|=BTnDZ;
   1353          			TZ_Logic();
   1354          			*w_BTdelay=0;	
   1355          		}
   1356          	}
   1357          	if(*Set_BTnf==2)  
   1358          	{
   1359          		if((*w_BTdelay>=*Set_tBT)&&(*w_Flag&BTnQD))
   1360          		{
   1361          			l_fRelayAlarm|=BTnGJ;
   1362                      
   1363                      
   1364          			*w_BTdelay=0;
   1365          			//  TZ_Logic(Trip);	
   1366          		}
   1367          	}
   1368          	
   1369          }
   1370          
   1371          
   1372          /*
   1373          *******************************************************************
   1374          * Title:			
   1375          * Description:		开入信号转换函数
   1376          u8 bit   //开入位号，
   1377          u32 *Flag,   //开入标志集
   1378          u8 dbit,     //遥信位号，
   1379          u32 *dx       //遥信标志集
   1380          *******************************************************************
   1381          */
   1382          void  GetBH_YXkr(u8 bit,u32 *Flag,u8 dbit,u32 *dx)
   1383          {
   1384          	if(*Flag&1u<<bit) 
   1385          		*dx|=1u<<dbit;
   1386          	else
   1387          		*dx&=~(1u<<dbit);  
   1388          }
   1389          
   1390          /*
   1391          *******************************************************************
   1392          * Title:			
   1393          * Description:		通用开入判别告警函数
   1394          u32 l_KR_kis    //开入位号，
   1395          u16 *w_delay,   //开入计时器，需带入变量
   1396          u16 w_cnt,     //延时定值，可以是定值也可以是常量 
   1397          u32 bit       //驱动告警位号
   1398          *******************************************************************
   1399          */
   1400          void	KisRlyBJ(u32 l_KR_kis,u32 *w_delay,u16 w_cnt,u32 bit )
   1401          {
   1402          	if(l_fRelayAlarm&bit)         				//弹簧未储能确认
   1403          	{
   1404          		if(YX1_sts[YX_EDI1]&l_KR_kis)
   1405          			*w_delay=0;                      //有未储能开入，清定时器
   1406          		else
   1407          		{
   1408          			*w_delay+=1; 
   1409          			if(*w_delay>con_50ms)                  //储能后300ms返回
   1410          			{
   1411          				*w_delay=0;			 
   1412          				l_fRelayAlarm&=~bit;                                                        
   1413          			}
   1414          		}
   1415          	}
   1416          	else
   1417          	{
   1418          		if(YX1_sts[YX_EDI1]&l_KR_kis)                // 
   1419          		{
   1420          			*w_delay+=1; 		  
   1421          			if(*w_delay>=w_cnt)                     
   1422          			{
   1423          				*w_delay=0;
   1424          				l_fRelayAlarm|=bit;        	 
   1425          			}
   1426          		}
   1427          		else
   1428          		{
   1429          			*w_delay=0;
   1430          			l_fRelayAlarm&=~bit;
   1431          		}
   1432          	}
   1433          	
   1434          }
   1435          
   1436          /******************************************************************
   1437          * Title:		
   1438          * Description:		PT断线判别函数
   1439          u16 *w_delay,  //定时器
   1440          u32 almbit     //告警标志
   1441          u32 *w_Flag,    //辅助寄存器
   1442          u32 wlbit,    //线路无流标志
   1443          *******************************************************************/
   1444          
   1445          #define	    REF_18V	 	1800
   1446          
   1447          void Fault_TVDXPB(u16 *Set_nf,u16 UA,u16 UB,u16 UC,u32 *D_delay,u32 *w_Flag,u32 PTDX,u32 PTDX1,u32 PTDX3,u32 almbit,u32 wlbit) 
   1448          {
   1449          	u16   TV_Umax,TV_Umid,TV_Umin;
   1450          	TV_Umax=UA;
   1451          	//电压大小排列
   1452          	if(TV_Umax<UB)
   1453          	{
   1454          		TV_Umid=TV_Umax;
   1455          		TV_Umax=UB;
   1456          	}
   1457          	else
   1458          		TV_Umid=UB;
   1459          	if(TV_Umax<UC)
   1460          	{
   1461          		TV_Umin=TV_Umid;
   1462          		TV_Umid=TV_Umax;
   1463          		TV_Umax=UC;
   1464          	}
   1465          	else if(TV_Umid>=UC)TV_Umin=UC;
   1466          	else 
   1467          	{
   1468          		TV_Umin=TV_Umid;								
   1469          		TV_Umid=UC;
   1470          	}
   1471          	//单相或两相TVDX判别
   1472          	if(((TV_Umax-TV_Umid)>REF_18V)||((TV_Umax-TV_Umin)>REF_18V)||((TV_Umid-TV_Umin)>REF_18V))
   1473          	{
   1474          		*w_Flag &=~PTDX3;
   1475          		*w_Flag |=PTDX1;
   1476          	}
   1477          	else
   1478          		*w_Flag&=~PTDX1;
   1479          	//三相TVDX判别//     
   1480          	if(TV_Umax<REF_18V&& (!(*w_Flag&wlbit)))	//线路无流标志
   1481          	{
   1482          		*w_Flag|=PTDX3;
   1483          		*w_Flag &=~PTDX1;
   1484          	}
   1485          	else
   1486          		*w_Flag &=~PTDX3;
   1487          	//告警判别
   1488          	if(!(*Set_nf))		//控制字=0表示退出
   1489          	{ 
   1490          		*D_delay=0;
   1491          		l_fRelayAlarm&=~almbit;
   1492          		return; 
   1493          	}
   1494          	if(*w_Flag&(PTDX1+PTDX3))
   1495          	{
   1496          		if(*w_Flag&PTDX)     
   1497          			return;
   1498          		else
   1499          		{
   1500          			*D_delay+=1;
   1501          			if (*D_delay>con_10s)               //1250MS
   1502          			{	
   1503          				*D_delay=0; 
   1504          				*w_Flag|=PTDX;
   1505          				l_fRelayAlarm|=almbit;	
   1506          			}
   1507          		}
   1508          	}
   1509          	//返回判别
   1510          	else
   1511          	{
   1512          		if(*w_Flag&PTDX)
   1513          		{
   1514          			*D_delay+=1;
   1515          			if (*D_delay>con_1s)               //10S
   1516          			{	
   1517          				*D_delay=0;
   1518          				*w_Flag&=~(PTDX+PTDX1+PTDX3);
   1519          				l_fRelayAlarm&=~almbit;
   1520          			}
   1521          		}
   1522          		else
   1523          			*D_delay=0;
   1524          	}
   1525          }
   1526          
   1527          //备投专用PT断线判别函数
   1528          //判别条件不同
   1529          //I段母线PTDX检测(正序电压<10V,且I1有流或3DL在合位且I2有流)(负序电压大于10V)
   1530          //II段母线PTDX检测(正序电压<10V,且I2有流或3DL在合位且I1有流)(负序电压大于10V)
   1531          void Fault_BTTVDXPB(u16 *Set_nf,u16 UA,u16 UB,u16 UC,u32 *D_delay,u32 *w_Flag,u32 PTDX,u32 PTDX1,u32 PTDX3,u32 almbit,u32 wlbit,u32 hwj,u16 Val)
   1532          {
   1533          	u16   TV_Umax,TV_Umid,TV_Umin;
   1534          	TV_Umax=UA;
   1535          	//电压大小排列
   1536          	if(TV_Umax<UB)
   1537          	{
   1538          		TV_Umid=TV_Umax;
   1539          		TV_Umax=UB;
   1540          	}
   1541          	else
   1542          		TV_Umid=UB;
   1543          	if(TV_Umax<UC)
   1544          	{
   1545          		TV_Umin=TV_Umid;
   1546          		TV_Umid=TV_Umax;
   1547          		TV_Umax=UC;
   1548          	}
   1549          	else if(TV_Umid>=UC)TV_Umin=UC;
   1550          	else 
   1551          	{
   1552          		TV_Umin=TV_Umid;								
   1553          		TV_Umid=UC;
   1554          	}
   1555          	//单相或两相TVDX判别
   1556          	if(((TV_Umax-TV_Umid)>REF_18V)||((TV_Umax-TV_Umin)>REF_18V)||((TV_Umid-TV_Umin)>REF_18V))
   1557          	{
   1558          		*w_Flag &=~PTDX3;
   1559          		*w_Flag |=PTDX1;
   1560          	}
   1561          	else
   1562          		*w_Flag&=~PTDX1;
   1563          	//三相TVDX判别
   1564          	if(TV_Umax<REF_18V)
   1565          	{
   1566          		if((!(*w_Flag&wlbit)) || ((*w_Flag&hwj) && (Val>con_In08)))	//三相电压低于18V且线路无流或者母联合位时备用线有流
   1567          		{
   1568          			*w_Flag|=PTDX3;
   1569          			*w_Flag &=~PTDX1;
   1570          		}
   1571          		else *w_Flag &=~PTDX3;
   1572          	}
   1573          	else
   1574          		*w_Flag &=~PTDX3;
   1575          	//告警判别
   1576          	if(!(*Set_nf))		//控制字=0表示退出
   1577          	{ 
   1578          		*D_delay=0;
   1579          		l_fRelayAlarm&=~almbit;
   1580          		return; 
   1581          	}
   1582          	if(*w_Flag&(PTDX1+PTDX3))
   1583          	{
   1584          		if(*w_Flag&PTDX)     
   1585          			return;
   1586          		else
   1587          		{
   1588          			*D_delay+=1;
   1589          			if (*D_delay>con_10s)               //1250MS
   1590          			{	
   1591          				*D_delay=0; 
   1592          				*w_Flag|=PTDX;
   1593          				l_fRelayAlarm|=almbit;	
   1594          			}
   1595          		}
   1596          	}
   1597          	//返回判别
   1598          	else
   1599          	{
   1600          		if(*w_Flag&PTDX)
   1601          		{
   1602          			*D_delay+=1;
   1603          			if (*D_delay>con_1s)               //10S
   1604          			{	
   1605          				*D_delay=0;
   1606          				*w_Flag&=~(PTDX+PTDX1+PTDX3);
   1607          				l_fRelayAlarm&=~almbit;
   1608          			}
   1609          		}
   1610          		else
   1611          			*D_delay=0;
   1612          	}
   1613          }
   1614          
   1615          
   1616          /*
   1617          *******************************************************************
   1618          * Title:			 
   1619          * Description:	控制回路断线判别
   1620          u32 twj
   1621          u32 hwj
   1622          u16 *w_delay, //定时器
   1623          u16 w_cnt,     //延时定值，可以是定值也可以是常量 
   1624          u32 bit,    //动作标志
   1625          
   1626          *******************************************************************
   1627          */ 
   1628          
   1629          void KZDXBJ(u16 *Set_nf,u32 twj,u32 hwj,u32 *w_delay,u16 w_cnt,u32 bit)
   1630          { 
   1631          	
   1632              
   1633              if(!(FLAG_FZ&FLG_KMDX))
   1634              {		////TWJ .HWJ同时在合位或者分位
   1635                  if(((FLAG_FZ&(twj+hwj))==0)||((FLAG_FZ&twj)&&(FLAG_FZ&hwj)))		
   1636                  {
   1637                      
   1638                      if(*w_delay>=w_cnt)
   1639                      {
   1640                          *w_delay=0;			 
   1641                          FLAG_FZ|=FLG_KMDX;
   1642                          
   1643                          
   1644                      }
   1645                      else
   1646                          *w_delay+=1;
   1647                  }
   1648                  else
   1649                  {
   1650                      FLAG_FZ&=~FLG_KMDX;
   1651                      *w_delay=0;
   1652                  }
   1653                  
   1654              }
   1655              //判返回
   1656              else
   1657              {		//开关只能在分位或者合位，不能同时在分位或者合位
   1658                  if((!(FLAG_FZ&twj)&&(FLAG_FZ&hwj))||((FLAG_FZ&twj)&&!(FLAG_FZ&hwj)))
   1659                  {
   1660                      *w_delay+=1;
   1661                      if(*w_delay>=con_500ms)
   1662                      {
   1663                          *w_delay=0;				 
   1664                          FLAG_FZ&=~FLG_KMDX;
   1665                          
   1666                      }		
   1667                  }
   1668                  else
   1669                      *w_delay=0;	
   1670              }
   1671              
   1672          	if(*Set_nf)
   1673          	{
   1674                  if(FLAG_FZ&FLG_KMDX)
   1675          		    l_fRelayAlarm|=bit;
   1676                  else
   1677          		    l_fRelayAlarm&=~bit;
   1678                  
   1679          	}
   1680          	else
   1681          	{
   1682                  l_fRelayAlarm&=~bit;
   1683                  
   1684          	}
   1685              
   1686              
   1687          	
   1688          }
   1689          
   1690          /*
   1691          *******************************************************************
   1692          * Title:			 
   1693          * Description:	TWJ异常判别
   1694          u32 twj
   1695          u16 In_max 最大相电流
   1696          u16 *w_delay, //定时器
   1697          u16 w_cnt,     //延时定值，可以是定值也可以是常量 
   1698          u32 almbit,    //动作标志
   1699          u32 *w_Flag,    //辅助寄存器
   1700          u32 wlbit,    //线路无流标志
   1701          
   1702          *******************************************************************
   1703          */ 
   1704          
   1705          void TWJBJ(u32 twj,u16 In_max,u32 *w_delay,u16 w_cnt,u32 almbit,u32 *w_Flag,u32 wlbit)
   1706          {
   1707              //////////////////
   1708          	//开关位置异常判别
   1709          	//////////////////
   1710          	//判动作
   1711          	if(!(l_fRelayAlarm&almbit))
   1712          	{
   1713          		if ((*w_Flag&twj)&&(!(*w_Flag&wlbit)))			//刀闸在分位，线路有流	  	
   1714          		{
   1715          			*w_delay+=1;
   1716          			if(*w_delay>=w_cnt)
   1717          			{
   1718          				*w_delay=0;
   1719          				l_fRelayAlarm|=almbit;
   1720          				//置告警标志及动作报文和SOE	
   1721          			}
   1722          		}
   1723          		else
   1724          			*w_delay=0;
   1725          	}  
   1726          	//判返回
   1727          	else
   1728          	{
   1729          		if((*w_Flag&twj)&&(!(*w_Flag&wlbit)))			//开关在跳位，而线路有流，开关异常
   1730          		{
   1731          			*w_delay=0;
   1732          		}
   1733          		else
   1734          		{
   1735          			*w_delay+=1;			//开关位置异常的复归
   1736          			if(*w_delay>=con_500ms)
   1737          			{
   1738          				*w_delay=0; 
   1739          				l_fRelayAlarm&=~almbit;
   1740          				//清告警标志及动作报文和SOE	
   1741          			}	
   1742          		}	
   1743          	}
   1744          	
   1745          }
   1746          
   1747          
   1748          /*
   1749          *******************************************************************
   1750          * Title:			 
   1751          * Description:	断路器位置判别
   1752          u32 twj
   1753          u32 hwj
   1754          u16 In_max 最大相电流
   1755          u16 *w_delay, //定时器
   1756          u16 w_cnt,     //延时定值，可以是定值也可以是常量 
   1757          u32 bit,    //动作标志
   1758          
   1759          *******************************************************************
   1760          */ 
   1761          
   1762          void DL_WZ(u32 twj,u32 hwj,u16 In_max,u32 *w_delay,u16 w_cnt,u32 bit)
   1763          {
   1764          	//////////////////
   1765          	//开关分闸位置判别 
   1766          	//////////////////
   1767          	if(FLAG_FZ&FLG_KGFW)			//开关分位的判断是用来手跳加速和重合闸要用
   1768          	{
   1769          		if(((FLAG_FZ&twj)&&!(FLAG_FZ&hwj))&&(FLAG_FZ&FLG_XLWL))		//开关在分位且不在合位（防止开关位置异常）且线路无流
   1770          		{
   1771          			*w_delay = 0;
   1772          		}
   1773          		else		//否则延时30ms再清标志
   1774          		{
   1775          			*w_delay += 1;			
   1776          			if(*w_delay>=w_cnt)
   1777          			{
   1778          				*w_delay=0;
   1779          				FLAG_FZ &=~FLG_KGFW;
   1780          			}
   1781          		}
   1782          	}
   1783          	else
   1784          	{
   1785          		if(((FLAG_FZ&twj)&&!(FLAG_FZ&hwj))&&(FLAG_FZ&FLG_XLWL))
   1786          		{
   1787          			*w_delay+=1;	
   1788          			if(*w_delay>=w_cnt)       
   1789          			{
   1790          				*w_delay=0;
   1791          				FLAG_FZ |=FLG_KGFW;
   1792          			}
   1793          		}
   1794          		else
   1795          		{
   1796          			*w_delay=0;
   1797          		}
   1798          	}         
   1799          }
   1800          
   1801          /*
   1802          *******************************************************************
   1803          * Title:			 
   1804          * Description:	 小于定值判别元件
   1805          u16 Val,   // 模拟量  
   1806          
   1807          u16 set,  //动作定值
   1808          u16 setf,  //返回定值大于于动作定值 
   1809          u16 *Tim, //定时器
   1810          u16 T_set  //时间定值
   1811          u32 *w_Flag, //标志集
   1812          u32 bit,    //动作标志
   1813          
   1814          *******************************************************************
   1815          */ 
   1816          void ChkLtDly(long Val,u16 set,u16 setf,u16 *Tim,u16 T_set,u32 *w_Flag,u32 bit)
   1817          {
   1818          	
   1819          	//判动作
   1820          	if(!(*w_Flag&bit))
   1821          	{
   1822          		if(Val<set)			   
   1823          		{
   1824          			
   1825          			if(*Tim>=T_set)
   1826          			{
   1827          				*Tim=0;
   1828          				*w_Flag |=bit;	
   1829          			}
   1830          			else
   1831          				*Tim+=1;			
   1832          		}
   1833          		else
   1834          			*Tim=0;
   1835          	}
   1836          	//判返回
   1837          	else
   1838          	{
   1839          		if(Val>setf)		    
   1840          		{
   1841          			
   1842          			if(*Tim>=T_set)
   1843          			{
   1844          				*Tim=0;
   1845          				*w_Flag &=~bit;	
   1846          			}
   1847          			else
   1848          				*Tim+=1;	
   1849          		}
   1850          		else
   1851          			*Tim=0;
   1852          	}
   1853          	
   1854          }
   1855          /*
   1856          *******************************************************************
   1857          * Title:			 
   1858          * Description:	 大于定值判别元件
   1859          u16 Val,   // 模拟量  
   1860          
   1861          u16 set,  //动作定值
   1862          u16 setf,  //返回定值小于动作定值 
   1863          u32 *Tim, //动作定时器
   1864          u16 T_set  //时间定值
   1865          u32 *w_Flag, //标志集
   1866          u32 bit,    //动作标志
   1867          
   1868          *******************************************************************
   1869          */ 
   1870          
   1871          void ChkGeDly(long Val,u16 set,u16 setf, u16 *Tim,u16 T_set,u32 *w_Flag,u32 Bit)
   1872          {
   1873              
   1874          	//判动作
   1875          	if(!(*w_Flag&Bit))
   1876          	{
   1877          		if(Val>=set)			   
   1878          		{
   1879          			
   1880          			if(*Tim>=T_set)
   1881          			{
   1882          				*Tim=0;
   1883          				*w_Flag |=Bit;	
   1884          			}
   1885          			else
   1886          				*Tim+=1;			
   1887          		}
   1888          		else
   1889          			*Tim=0;
   1890          	}
   1891          	//判返回
   1892          	else
   1893          	{
   1894          		if(Val<setf)		    
   1895          		{
   1896          			
   1897          			if(*Tim>=T_set)
   1898          			{
   1899          				*Tim=0;
   1900          				*w_Flag &=~Bit;	
   1901          			}
   1902          			else
   1903          				*Tim+=1;	
   1904          		}
   1905          		else
   1906          			*Tim=0;
   1907          	}
   1908          	
   1909          	
   1910          }
   1911          //开关变位统计
   1912          /*
   1913          void INI_Get_DL()
   1914          {
   1915          
   1916          static u8 by_CKJ_bak,by_stj_dz,by_hwj_dz;
   1917          
   1918          if(l_KRprocessed & DI_HWJ )	by_hwj_dz=0xff;	//如果处在合闸位置则置曾经处于合闸位置标识
   1919          
   1920          if(by_hwj_dz!=0)	//曾经处于过合闸位置,则一直检测跳闸位置是否变位
   1921          {
   1922          by_CKJ_bak|=b_TripOut;						//在合闸位置的情况下检查是否有保护动作
   1923          if(l_KRprocessed & DI_STJ )	by_stj_dz=0xff;	//在合闸位置的情况下检测是否有手跳变位
   1924          
   1925          if(l_KRprocessed & DI_TWJ )	//一旦检测到有跳位位则表示开关成功变位一次,此时如果
   1926          {							//有保护动作跳DL则计数,如果有手跳继电器变位则计数
   1927          if(by_CKJ_bak!=0)		w_BH_DL++;
   1928          			else if(by_stj_dz!=0)	w_ST_DL++;
   1929          by_hwj_dz=0;		by_stj_dz=0;		by_CKJ_bak=0;
   1930          		}
   1931          	}
   1932          }
   1933          */
   1934          
   1935          /*
   1936          *******************************************************************
   1937          * Title:			void	App_UI_Calculate()
   1938          * Description:		功率计算
   1939          
   1940          *******************************************************************
   1941          */
   1942          
   1943          
   1944          
   1945          void 	App_PQ_Calculate()
   1946          {
   1947              s16 		point,i;
   1948             	static  long     MeaValMidBuf[20][4];
   1949          	static unsigned char EightCycleCount;
   1950          	long l_Pd,l_Qd,COS;	
   1951              u16 U_XS_TEMP1;
   1952              
   1953              
   1954          	point=SMP_point; 
   1955          	
   1956          	
   1957          #ifdef ZRR900F
   1958          	
   1959              if(Set_QFTZ.YCType)
   1960              {
   1961                  l_MeaValBuf[MEALCT_IA]= CAL_UI(&SMP_buffer[ADC_IA][0],point,MEALCT_IA);
   1962                  l_MeaValBuf[MEALCT_IB]= CAL_UI(&SMP_buffer[ADC_IB][0],point,MEALCT_IB);
   1963                  l_MeaValBuf[MEALCT_IC]= CAL_UI(&SMP_buffer[ADC_IC][0],point,MEALCT_IC);
   1964                  l_MeaValBuf[MEALCT_UA]= CAL_UI(&SMP_buffer[ADC_UA][0],point,MEALCT_UA);
   1965                  l_MeaValBuf[MEALCT_UB]= CAL_UI(&SMP_buffer[ADC_UB][0],point,MEALCT_UB);
   1966                  l_MeaValBuf[MEALCT_UC]= CAL_UI(&SMP_buffer[ADC_UC][0],point,MEALCT_UC);
   1967                  
   1968                  
   1969                  l_MeaValBuf[MEALCT_UAB]= CAL_UIB(&SMP_buffer[ADC_UA][0],MEALCT_UA,&SMP_buffer[ADC_UB][0],MEALCT_UB,point,0);
   1970                  l_MeaValBuf[MEALCT_UBC]= CAL_UIB(&SMP_buffer[ADC_UB][0],MEALCT_UB,&SMP_buffer[ADC_UC][0],MEALCT_UC,point,0);
   1971                  l_MeaValBuf[MEALCT_UCA]= CAL_UIB(&SMP_buffer[ADC_UC][0],MEALCT_UC,&SMP_buffer[ADC_UA][0],MEALCT_UA,point,0);
   1972                  PQ_CalculateBH(point,&l_Pd,&l_Qd);
   1973                  
   1974                  l_MeaValBuf[MEALCT_P]=(long)(l_Pd * 1010 - l_Qd*45)/1000;
   1975                  l_MeaValBuf[MEALCT_Q]=(long)(l_Pd * 45 + l_Qd*1010)/1000; 
   1976                  
   1977                  
   1978              }
   1979              else
   1980              {
   1981                  
   1982                  l_MeaValBuf[MEALCT_IA]= CAL_UI(&SMP_buffer[ADC_Iia][0],point,MEALCT_IA)/8.17;
   1983                  l_MeaValBuf[MEALCT_IC]= CAL_UI(&SMP_buffer[ADC_Iic][0],point,MEALCT_IC)/8.17;
   1984                  l_MeaValBuf[MEALCT_UA]= CAL_UI(&SMP_buffer[ADC_UA][0],point,MEALCT_UA)/1.008;
   1985                  l_MeaValBuf[MEALCT_UB]= CAL_UI(&SMP_buffer[ADC_UB][0],point,MEALCT_UB)/1.008;
   1986                  l_MeaValBuf[MEALCT_UC]= CAL_UI(&SMP_buffer[ADC_UC][0],point,MEALCT_UC)/1.008;
   1987                  
   1988                  l_MeaValBuf[MEALCT_IB]= CAL_UIB(&SMP_buffer[ADC_Iia][0],MEALCT_IA,&SMP_buffer[ADC_Iic][0],MEALCT_IC,point,1)/8.17;
   1989                  
   1990                  l_MeaValBuf[MEALCT_UAB]= CAL_UIB(&SMP_buffer[ADC_UA][0],MEALCT_UA,&SMP_buffer[ADC_UB][0],MEALCT_UB,point,0)/1.008;
   1991                  l_MeaValBuf[MEALCT_UBC]= CAL_UIB(&SMP_buffer[ADC_UB][0],MEALCT_UB,&SMP_buffer[ADC_UC][0],MEALCT_UC,point,0)/1.008;
   1992                  l_MeaValBuf[MEALCT_UCA]= CAL_UIB(&SMP_buffer[ADC_UC][0],MEALCT_UC,&SMP_buffer[ADC_UA][0],MEALCT_UA,point,0)/1.008;
   1993                  PQ_Calculate(point,&l_MeaValBuf[MEALCT_P],&l_MeaValBuf[MEALCT_Q]); 
   1994                  
   1995                  
   1996                  
   1997              }
   1998              
   1999              
   2000              
   2001          	// l_MeaValBuf[MEALCT_F]=w_Freq>>1; 
   2002          	for(i=0;i<11;i++)
   2003          	{
   2004                  if(abs(l_MeaValBuf[i])<3)l_MeaValBuf[i]=0;
   2005          	}
   2006          	
   2007              UICLXS[MEALCT_IA]=(l_MeaValBuf[MEALCT_IA]*BAK_BHUIpar.IC1XS)>>7;
   2008              UICLXS[MEALCT_IB]=(l_MeaValBuf[MEALCT_IB]*BAK_BHUIpar.IC2XS)>>7;
   2009              
   2010              UICLXS[MEALCT_IC]=(l_MeaValBuf[MEALCT_IC]*BAK_BHUIpar.IC3XS)>>7;
   2011             	UICLXS[MEALCT_UA]=(l_MeaValBuf[MEALCT_UA]*BAK_BHUIpar.UC1XS)>>9;
   2012             	UICLXS[MEALCT_UB]=(l_MeaValBuf[MEALCT_UB]*BAK_BHUIpar.UC2XS)>>9;
   2013             	UICLXS[MEALCT_UC]=(l_MeaValBuf[MEALCT_UC]*BAK_BHUIpar.UC3XS)>>9;
   2014             	UICLXS[MEALCT_UAB]=(l_MeaValBuf[MEALCT_UAB]*BAK_BHUIpar.UC4XS)>>9;
   2015             	UICLXS[MEALCT_UBC]=(l_MeaValBuf[MEALCT_UBC]*BAK_BHUIpar.UC5XS)>>9;
   2016              UICLXS[MEALCT_UCA]=(l_MeaValBuf[MEALCT_UCA]*BAK_BHUIpar.UC6XS)>>9;
   2017          	
   2018          	
   2019              MeaValMidBuf[MEALCT_IA][EightCycleCount]=(l_MeaValBuf[MEALCT_IA]*RUN_BHUIpar.IC1XS)>>7;
   2020              MeaValMidBuf[MEALCT_IB][EightCycleCount]=(l_MeaValBuf[MEALCT_IB]*RUN_BHUIpar.IC2XS)>>7;
   2021             	MeaValMidBuf[MEALCT_IC][EightCycleCount]=(l_MeaValBuf[MEALCT_IC]*RUN_BHUIpar.IC3XS)>>7;
   2022             	MeaValMidBuf[MEALCT_UA][EightCycleCount]=(l_MeaValBuf[MEALCT_UA]*RUN_BHUIpar.UC1XS)>>9;
   2023             	MeaValMidBuf[MEALCT_UB][EightCycleCount]=(l_MeaValBuf[MEALCT_UB]*RUN_BHUIpar.UC2XS)>>9;
   2024             	MeaValMidBuf[MEALCT_UC][EightCycleCount]=(l_MeaValBuf[MEALCT_UC]*RUN_BHUIpar.UC3XS)>>9;
   2025             	MeaValMidBuf[MEALCT_UAB][EightCycleCount]=(l_MeaValBuf[MEALCT_UAB]*RUN_BHUIpar.UC4XS)>>9;
   2026             	MeaValMidBuf[MEALCT_UBC][EightCycleCount]=(l_MeaValBuf[MEALCT_UBC]*RUN_BHUIpar.UC5XS)>>9;
   2027              MeaValMidBuf[MEALCT_UCA][EightCycleCount]=(l_MeaValBuf[MEALCT_UCA]*RUN_BHUIpar.UC6XS)>>9;
   2028          	
   2029          	
   2030          	TEMP_P=l_Pd=l_MeaValBuf[MEALCT_P];
   2031          	TEMP_Q=l_Qd=l_MeaValBuf[MEALCT_Q];
   2032          	MeaValMidBuf[MEALCT_P][EightCycleCount]=(long)(l_Pd * RUN_BHUIpar.PXS - l_Qd*RUN_BHUIpar.QXS)/1000;
   2033          	MeaValMidBuf[MEALCT_Q][EightCycleCount]=(long)(l_Pd * RUN_BHUIpar.QXS + l_Qd*RUN_BHUIpar.PXS)/1000; 
   2034          	
   2035          	UICLXS[MEALCT_P]=(long)(l_Pd * BAK_BHUIpar.PXS - l_Qd*BAK_BHUIpar.QXS)/1000;
   2036          	UICLXS[MEALCT_Q]=(long)(l_Pd * BAK_BHUIpar.QXS + l_Qd*BAK_BHUIpar.PXS)/1000; 
   2037              
   2038           	EightCycleCount++;
   2039          	
   2040              if(EightCycleCount>=4)  EightCycleCount=0;
   2041              
   2042              
   2043              UIPQ_buffer.IA =(MeaValMidBuf[MEALCT_IA][0]+MeaValMidBuf[MEALCT_IA][1]+MeaValMidBuf[MEALCT_IA][2]+MeaValMidBuf[MEALCT_IA][3])>>2;
   2044              UIPQ_buffer.IB =(MeaValMidBuf[MEALCT_IB][0]+MeaValMidBuf[MEALCT_IB][1]+MeaValMidBuf[MEALCT_IB][2]+MeaValMidBuf[MEALCT_IB][3])>>2;			
   2045              UIPQ_buffer.IC =(MeaValMidBuf[MEALCT_IC][0]+MeaValMidBuf[MEALCT_IC][1]+MeaValMidBuf[MEALCT_IC][2]+MeaValMidBuf[MEALCT_IC][3])>>2;
   2046              UIPQ_buffer.UA =(MeaValMidBuf[MEALCT_UA][0]+MeaValMidBuf[MEALCT_UA][1]+MeaValMidBuf[MEALCT_UA][2]+MeaValMidBuf[MEALCT_UA][3])>>2;
   2047              UIPQ_buffer.UB =(MeaValMidBuf[MEALCT_UB][0]+MeaValMidBuf[MEALCT_UB][1]+MeaValMidBuf[MEALCT_UB][2]+MeaValMidBuf[MEALCT_UB][3])>>2;
   2048              UIPQ_buffer.UC =(MeaValMidBuf[MEALCT_UC][0]+MeaValMidBuf[MEALCT_UC][1]+MeaValMidBuf[MEALCT_UC][2]+MeaValMidBuf[MEALCT_UC][3])>>2;
   2049              UIPQ_buffer.UAB =(MeaValMidBuf[MEALCT_UAB][0]+MeaValMidBuf[MEALCT_UAB][1]+MeaValMidBuf[MEALCT_UAB][2]+MeaValMidBuf[MEALCT_UAB][3])>>2;
   2050              UIPQ_buffer.UBC =(MeaValMidBuf[MEALCT_UBC][0]+MeaValMidBuf[MEALCT_UBC][1]+MeaValMidBuf[MEALCT_UBC][2]+MeaValMidBuf[MEALCT_UBC][3])>>2;
   2051              UIPQ_buffer.UCA =(MeaValMidBuf[MEALCT_UCA][0]+MeaValMidBuf[MEALCT_UCA][1]+MeaValMidBuf[MEALCT_UCA][2]+MeaValMidBuf[MEALCT_UCA][3])>>2;
   2052              UIPQ_buffer.P =(MeaValMidBuf[MEALCT_P][0]+MeaValMidBuf[MEALCT_P][1]+MeaValMidBuf[MEALCT_P][2]+MeaValMidBuf[MEALCT_P][3])>>2;
   2053              UIPQ_buffer.Q =(MeaValMidBuf[MEALCT_Q][0]+MeaValMidBuf[MEALCT_Q][1]+MeaValMidBuf[MEALCT_Q][2]+MeaValMidBuf[MEALCT_Q][3])>>2;			
   2054              
   2055          
   2056                  if(UIPQ_buffer.UAB<200)UIPQ_buffer.UAB=0;
   2057                  if(UIPQ_buffer.UBC<200)UIPQ_buffer.UBC=0;
   2058                  if(UIPQ_buffer.UCA<200)UIPQ_buffer.UCA=0;
   2059          
   2060              COS = UIPQ_buffer.P*10000/Sqrtb(UIPQ_buffer.P, UIPQ_buffer.Q);
   2061              if(abs(COS)>=10000)COS=10000;
   2062              UIPQ_buffer.COS=COS;
   2063              UICLXS[MEALCT_COS]=COS;			
   2064          #endif
   2065          #ifdef ZRR931F
   2066              
   2067           	l_MeaValBuf[MEALCT_IA]= CAL_UI(&SMP_buffer[ADC_Iia][0],point,MEALCT_IA)/8.17;
   2068          	l_MeaValBuf[MEALCT_IC]= CAL_UI(&SMP_buffer[ADC_Iic][0],point,MEALCT_IC)/8.17;
   2069          	l_MeaValBuf[MEALCT_UA]= CAL_UI(&SMP_buffer[ADC_UA][0],point,MEALCT_UA)*10;
   2070          	l_MeaValBuf[MEALCT_UB]= CAL_UI(&SMP_buffer[ADC_UB][0],point,MEALCT_UB)*10;
   2071          	l_MeaValBuf[MEALCT_UC]= CAL_UI(&SMP_buffer[ADC_UC][0],point,MEALCT_UC)*10;
   2072              
   2073          	l_MeaValBuf[MEALCT_IB]= CAL_UIB(&SMP_buffer[ADC_Iia][0],MEALCT_IA,&SMP_buffer[ADC_Iic][0],MEALCT_IC,point,1)/8.17;
   2074              
   2075          	l_MeaValBuf[MEALCT_UAB]= CAL_UIB(&SMP_buffer[ADC_UA][0],MEALCT_UA,&SMP_buffer[ADC_UB][0],MEALCT_UB,point,0)*10;
   2076          	l_MeaValBuf[MEALCT_UBC]= CAL_UIB(&SMP_buffer[ADC_UB][0],MEALCT_UB,&SMP_buffer[ADC_UC][0],MEALCT_UC,point,0)*10;
   2077          	l_MeaValBuf[MEALCT_UCA]= CAL_UIB(&SMP_buffer[ADC_UC][0],MEALCT_UC,&SMP_buffer[ADC_UA][0],MEALCT_UA,point,0)*10;
   2078              PQ_Calculate(point,&l_MeaValBuf[MEALCT_P],&l_MeaValBuf[MEALCT_Q]); 
   2079              l_MeaValBuf[MEALCT_P]=l_MeaValBuf[MEALCT_P]*10;
   2080              l_MeaValBuf[MEALCT_Q]=l_MeaValBuf[MEALCT_Q]*10;
   2081              // l_MeaValBuf[MEALCT_F]=w_Freq>>1; 
   2082          	for(i=0;i<11;i++)
   2083          	{
   2084                  if(abs(l_MeaValBuf[i])<3)l_MeaValBuf[i]=0;
   2085          	}
   2086          	
   2087          	UICLXS[MEALCT_IA]=(l_MeaValBuf[MEALCT_IA]*BAK_BHUIpar.IC1XS)>>7;
   2088              UICLXS[MEALCT_IB]=(l_MeaValBuf[MEALCT_IB]*BAK_BHUIpar.IC2XS)>>7;
   2089              
   2090              UICLXS[MEALCT_IC]=(l_MeaValBuf[MEALCT_IC]*BAK_BHUIpar.IC3XS)>>7;
   2091             	UICLXS[MEALCT_UA]=(l_MeaValBuf[MEALCT_UA]*BAK_BHUIpar.UC1XS)>>9;
   2092             	UICLXS[MEALCT_UB]=(l_MeaValBuf[MEALCT_UB]*BAK_BHUIpar.UC2XS)>>9;
   2093             	UICLXS[MEALCT_UC]=(l_MeaValBuf[MEALCT_UC]*BAK_BHUIpar.UC3XS)>>9;
   2094             	UICLXS[MEALCT_UAB]=(l_MeaValBuf[MEALCT_UAB]*BAK_BHUIpar.UC4XS)>>9;
   2095             	UICLXS[MEALCT_UBC]=(l_MeaValBuf[MEALCT_UBC]*BAK_BHUIpar.UC5XS)>>9;
   2096              UICLXS[MEALCT_UCA]=(l_MeaValBuf[MEALCT_UCA]*BAK_BHUIpar.UC6XS)>>9;
   2097          	
   2098              MeaValMidBuf[MEALCT_IA][EightCycleCount]=(l_MeaValBuf[MEALCT_IA]*RUN_BHUIpar.IC1XS)>>7;
   2099              MeaValMidBuf[MEALCT_IB][EightCycleCount]=(l_MeaValBuf[MEALCT_IB]*RUN_BHUIpar.IC2XS)>>7;
   2100             	MeaValMidBuf[MEALCT_IC][EightCycleCount]=(l_MeaValBuf[MEALCT_IC]*RUN_BHUIpar.IC3XS)>>7;
   2101             	MeaValMidBuf[MEALCT_UA][EightCycleCount]=(l_MeaValBuf[MEALCT_UA]*RUN_BHUIpar.UC1XS)>>9;
   2102             	MeaValMidBuf[MEALCT_UB][EightCycleCount]=(l_MeaValBuf[MEALCT_UB]*RUN_BHUIpar.UC2XS)>>9;
   2103             	MeaValMidBuf[MEALCT_UC][EightCycleCount]=(l_MeaValBuf[MEALCT_UC]*RUN_BHUIpar.UC3XS)>>9;
   2104             	MeaValMidBuf[MEALCT_UAB][EightCycleCount]=(l_MeaValBuf[MEALCT_UAB]*RUN_BHUIpar.UC4XS)>>9;
   2105             	MeaValMidBuf[MEALCT_UBC][EightCycleCount]=(l_MeaValBuf[MEALCT_UBC]*RUN_BHUIpar.UC5XS)>>9;
   2106              MeaValMidBuf[MEALCT_UCA][EightCycleCount]=(l_MeaValBuf[MEALCT_UCA]*RUN_BHUIpar.UC6XS)>>9;
   2107              
   2108          	TEMP_P=l_Pd=l_MeaValBuf[MEALCT_P];
   2109          	TEMP_Q=l_Qd=l_MeaValBuf[MEALCT_Q];
   2110          	MeaValMidBuf[MEALCT_P][EightCycleCount]=(long)(l_Pd * RUN_BHUIpar.PXS - l_Qd*RUN_BHUIpar.QXS)/1000;
   2111          	MeaValMidBuf[MEALCT_Q][EightCycleCount]=(long)(l_Pd * RUN_BHUIpar.QXS + l_Qd*RUN_BHUIpar.PXS)/1000; 
   2112          	
   2113          	UICLXS[MEALCT_P]=(long)(l_Pd * BAK_BHUIpar.PXS - l_Qd*BAK_BHUIpar.QXS)/1000;
   2114          	UICLXS[MEALCT_Q]=(long)(l_Pd * BAK_BHUIpar.QXS + l_Qd*BAK_BHUIpar.PXS)/1000; 
   2115              
   2116           	EightCycleCount++;
   2117          	
   2118              if(EightCycleCount>=4)  EightCycleCount=0;
   2119              
   2120              UIPQ_buffer.IA =(MeaValMidBuf[MEALCT_IA][0]+MeaValMidBuf[MEALCT_IA][1]+MeaValMidBuf[MEALCT_IA][2]+MeaValMidBuf[MEALCT_IA][3])>>2;
   2121              UIPQ_buffer.IB =(MeaValMidBuf[MEALCT_IB][0]+MeaValMidBuf[MEALCT_IB][1]+MeaValMidBuf[MEALCT_IB][2]+MeaValMidBuf[MEALCT_IB][3])>>2;			
   2122              UIPQ_buffer.IC =(MeaValMidBuf[MEALCT_IC][0]+MeaValMidBuf[MEALCT_IC][1]+MeaValMidBuf[MEALCT_IC][2]+MeaValMidBuf[MEALCT_IC][3])>>2;
   2123              UIPQ_buffer.UA =(MeaValMidBuf[MEALCT_UA][0]+MeaValMidBuf[MEALCT_UA][1]+MeaValMidBuf[MEALCT_UA][2]+MeaValMidBuf[MEALCT_UA][3])>>2;
   2124              UIPQ_buffer.UB =(MeaValMidBuf[MEALCT_UB][0]+MeaValMidBuf[MEALCT_UB][1]+MeaValMidBuf[MEALCT_UB][2]+MeaValMidBuf[MEALCT_UB][3])>>2;
   2125              UIPQ_buffer.UC =(MeaValMidBuf[MEALCT_UC][0]+MeaValMidBuf[MEALCT_UC][1]+MeaValMidBuf[MEALCT_UC][2]+MeaValMidBuf[MEALCT_UC][3])>>2;
   2126              UIPQ_buffer.UAB =(MeaValMidBuf[MEALCT_UAB][0]+MeaValMidBuf[MEALCT_UAB][1]+MeaValMidBuf[MEALCT_UAB][2]+MeaValMidBuf[MEALCT_UAB][3])>>2;
   2127              UIPQ_buffer.UBC =(MeaValMidBuf[MEALCT_UBC][0]+MeaValMidBuf[MEALCT_UBC][1]+MeaValMidBuf[MEALCT_UBC][2]+MeaValMidBuf[MEALCT_UBC][3])>>2;
   2128              UIPQ_buffer.UCA =(MeaValMidBuf[MEALCT_UCA][0]+MeaValMidBuf[MEALCT_UCA][1]+MeaValMidBuf[MEALCT_UCA][2]+MeaValMidBuf[MEALCT_UCA][3])>>2;
   2129              UIPQ_buffer.P =(MeaValMidBuf[MEALCT_P][0]+MeaValMidBuf[MEALCT_P][1]+MeaValMidBuf[MEALCT_P][2]+MeaValMidBuf[MEALCT_P][3])>>2;
   2130              UIPQ_buffer.Q =(MeaValMidBuf[MEALCT_Q][0]+MeaValMidBuf[MEALCT_Q][1]+MeaValMidBuf[MEALCT_Q][2]+MeaValMidBuf[MEALCT_Q][3])>>2;			
   2131              
   2132              COS = UIPQ_buffer.P*10000/Sqrtb(UIPQ_buffer.P, UIPQ_buffer.Q);
   2133              if(abs(COS)>=10000)COS=10000;
   2134              UIPQ_buffer.COS=COS;
   2135              UICLXS[MEALCT_COS]=COS;			
   2136          #endif
   2137              
   2138              
   2139          #ifdef ZRR941F		
   2140              if(!RUN_SET.UN_Mode) U_XS_TEMP1=0;
   2141              else U_XS_TEMP1 = 15;	
   2142              
   2143          	l_MeaValBuf[MEALCT_IA_ML]= CAL_UI(&SMP_buffer[ADC_IA][0],point,MEALCT_IA_ML);
   2144          	l_MeaValBuf[MEALCT_IB_ML]= CAL_UI(&SMP_buffer[ADC_IB][0],point,MEALCT_IB_ML);
   2145          	l_MeaValBuf[MEALCT_IC_ML]= CAL_UI(&SMP_buffer[ADC_IC][0],point,MEALCT_IC_ML);
   2146           	
   2147          	l_MeaValBuf[MEALCT_UAB_ML]= CAL_UI(&SMP_buffer[ADC_UABI][0],point,MEALCT_UAB_ML)*3.7037;
   2148          	l_MeaValBuf[MEALCT_UBC_ML]= CAL_UI(&SMP_buffer[ADC_UBCI][0],point,MEALCT_UBC_ML)*3.7037;
   2149          	l_MeaValBuf[MEALCT_UCA_ML]= CAL_UIB(&SMP_buffer[ADC_UABI][0],MEALCT_UAB_ML,&SMP_buffer[ADC_UBCI][0],MEALCT_UBC_ML,point,1)*3.7037;
   2150              
   2151              PQ_Calculate2(point,&l_MeaValBuf[MEALCT_P_ML],&l_MeaValBuf[MEALCT_Q_ML]);  
   2152          	for(i=0;i<9;i++)
   2153          	{
   2154                  if(i<3)
   2155                      if(abs(l_MeaValBuf[i])<3)l_MeaValBuf[i]=0;
   2156                      else
   2157                          if(abs(l_MeaValBuf[i])<30)l_MeaValBuf[i]=0;
   2158                      
   2159          	}
   2160          	
   2161          	UICLXS[MEALCT_IA_ML]=(l_MeaValBuf[MEALCT_IA_ML]*BAK_BHUIpar.IC1XS)>>7;
   2162            	UICLXS[MEALCT_IB_ML]=(l_MeaValBuf[MEALCT_IB_ML]*BAK_BHUIpar.IC2XS)>>7;
   2163              UICLXS[MEALCT_IC_ML]=(l_MeaValBuf[MEALCT_IC_ML]*BAK_BHUIpar.IC3XS)>>7;
   2164              UICLXS[MEALCT_UAB_ML]=(l_MeaValBuf[MEALCT_UAB_ML]*(BAK_BHUIpar.UC4XS+U_XS_TEMP1))>>9;
   2165              UICLXS[MEALCT_UBC_ML]=(l_MeaValBuf[MEALCT_UBC_ML]*(BAK_BHUIpar.UC5XS+U_XS_TEMP1))>>9;
   2166              UICLXS[MEALCT_UCA_ML]=(l_MeaValBuf[MEALCT_UCA_ML]*(BAK_BHUIpar.UC6XS+U_XS_TEMP1))>>9;
   2167          	
   2168              MeaValMidBuf[MEALCT_IA_ML][EightCycleCount]=(l_MeaValBuf[MEALCT_IA_ML]*RUN_BHUIpar.IC1XS)>>7;
   2169              MeaValMidBuf[MEALCT_IB_ML][EightCycleCount]=(l_MeaValBuf[MEALCT_IB_ML]*RUN_BHUIpar.IC2XS)>>7;
   2170             	MeaValMidBuf[MEALCT_IC_ML][EightCycleCount]=(l_MeaValBuf[MEALCT_IC_ML]*RUN_BHUIpar.IC3XS)>>7;
   2171             	MeaValMidBuf[MEALCT_UAB_ML][EightCycleCount]=(l_MeaValBuf[MEALCT_UAB_ML]*(RUN_BHUIpar.UC4XS+U_XS_TEMP1))>>9;
   2172             	MeaValMidBuf[MEALCT_UBC_ML][EightCycleCount]=(l_MeaValBuf[MEALCT_UBC_ML]*(RUN_BHUIpar.UC5XS+U_XS_TEMP1))>>9;
   2173              MeaValMidBuf[MEALCT_UCA_ML][EightCycleCount]=(l_MeaValBuf[MEALCT_UCA_ML]*(RUN_BHUIpar.UC6XS+U_XS_TEMP1))>>9;
   2174              
   2175          	TEMP_P=l_Pd=l_MeaValBuf[MEALCT_P_ML];
   2176          	TEMP_Q=l_Qd=l_MeaValBuf[MEALCT_Q_ML];
   2177          	MeaValMidBuf[MEALCT_P_ML][EightCycleCount]=(long)(l_Pd * RUN_BHUIpar.PXS - l_Qd*RUN_BHUIpar.QXS)/1000;
   2178          	MeaValMidBuf[MEALCT_Q_ML][EightCycleCount]=(long)(l_Pd * RUN_BHUIpar.QXS + l_Qd*RUN_BHUIpar.PXS)/1000; 
   2179          	
   2180          	UICLXS[MEALCT_P_ML]=(long)(l_Pd * BAK_BHUIpar.PXS - l_Qd*BAK_BHUIpar.QXS)/1000;
   2181          	UICLXS[MEALCT_Q_ML]=(long)(l_Pd * BAK_BHUIpar.QXS + l_Qd*BAK_BHUIpar.PXS)/1000; 
   2182              
   2183           	EightCycleCount++;
   2184          	
   2185              if(EightCycleCount>=4)  EightCycleCount=0;                                                        
   2186              UIPQ_buffer.IA =(MeaValMidBuf[MEALCT_IA_ML][0]+MeaValMidBuf[MEALCT_IA_ML][1]+MeaValMidBuf[MEALCT_IA_ML][2]+MeaValMidBuf[MEALCT_IA_ML][3])>>2;
   2187              UIPQ_buffer.IB =(MeaValMidBuf[MEALCT_IB_ML][0]+MeaValMidBuf[MEALCT_IB_ML][1]+MeaValMidBuf[MEALCT_IB_ML][2]+MeaValMidBuf[MEALCT_IB_ML][3])>>2;			
   2188              UIPQ_buffer.IC =(MeaValMidBuf[MEALCT_IC_ML][0]+MeaValMidBuf[MEALCT_IC_ML][1]+MeaValMidBuf[MEALCT_IC_ML][2]+MeaValMidBuf[MEALCT_IC_ML][3])>>2;
   2189              UIPQ_buffer.UAB =(MeaValMidBuf[MEALCT_UAB_ML][0]+MeaValMidBuf[MEALCT_UAB_ML][1]+MeaValMidBuf[MEALCT_UAB_ML][2]+MeaValMidBuf[MEALCT_UAB_ML][3])>>2;
   2190              UIPQ_buffer.UBC =(MeaValMidBuf[MEALCT_UBC_ML][0]+MeaValMidBuf[MEALCT_UBC_ML][1]+MeaValMidBuf[MEALCT_UBC_ML][2]+MeaValMidBuf[MEALCT_UBC_ML][3])>>2;
   2191              UIPQ_buffer.UCA =(MeaValMidBuf[MEALCT_UCA_ML][0]+MeaValMidBuf[MEALCT_UCA_ML][1]+MeaValMidBuf[MEALCT_UCA_ML][2]+MeaValMidBuf[MEALCT_UCA_ML][3])>>2;
   2192              UIPQ_buffer.P =(MeaValMidBuf[MEALCT_P_ML][0]+MeaValMidBuf[MEALCT_P_ML][1]+MeaValMidBuf[MEALCT_P_ML][2]+MeaValMidBuf[MEALCT_P_ML][3])>>2;
   2193              UIPQ_buffer.Q =(MeaValMidBuf[MEALCT_Q_ML][0]+MeaValMidBuf[MEALCT_Q_ML][1]+MeaValMidBuf[MEALCT_Q_ML][2]+MeaValMidBuf[MEALCT_Q_ML][3])>>2;			
   2194              
   2195              COS= UIPQ_buffer.P*10000/Sqrtb(UIPQ_buffer.P, UIPQ_buffer.Q);
   2196              if(abs(COS)>=10000)COS=10000;
   2197              UIPQ_buffer.COS=COS;
   2198              UICLXS[MEALCT_COS_ML]=COS;	
   2199              if(UIPQ_buffer.UAB <173) UIPQ_buffer.UAB =0;
   2200              if(UIPQ_buffer.UBC <173) UIPQ_buffer.UBC =0;
   2201              if(UIPQ_buffer.UCA <173) UIPQ_buffer.UCA =0;
   2202          #endif
   2203          	
   2204          #ifdef ZRR961F							  
   2205          	l_MeaValBuf[MEALCT_UA_F]= CAL_UI(&SMP_buffer[2][0],point,MEALCT_UA);
   2206          	l_MeaValBuf[MEALCT_UB_F]= CAL_UI(&SMP_buffer[3][0],point,MEALCT_UB);
   2207          	l_MeaValBuf[MEALCT_UC_F]= CAL_UI(&SMP_buffer[4][0],point,MEALCT_UC);
   2208          	l_MeaValBuf[MEALCT_3U0_F]= CAL_UI(&SMP_buffer[5][0],point,MEALCT_UC);
   2209          	l_MeaValBuf[MEALCT_UAB_F]= CAL_UIB(&SMP_buffer[2][0],MEALCT_UA,&SMP_buffer[3][0],MEALCT_UB,point,0);
   2210          	l_MeaValBuf[MEALCT_UBC_F]= CAL_UIB(&SMP_buffer[3][0],MEALCT_UB,&SMP_buffer[4][0],MEALCT_UC,point,0);
   2211          	l_MeaValBuf[MEALCT_UCA_F]= CAL_UIB(&SMP_buffer[4][0],MEALCT_UC,&SMP_buffer[2][0],MEALCT_UA,point,0);
   2212              
   2213          	// l_MeaValBuf[MEALCT_F]=w_Freq>>1; 
   2214          	for(i=0;i<11;i++)
   2215          	{
   2216                  if(abs(l_MeaValBuf[i])<3)l_MeaValBuf[i]=0;
   2217          	}
   2218             	UICLXS[MEALCT_UA_F]=(l_MeaValBuf[MEALCT_UA_F]*BAK_BHUIpar.UC1XS)>>9;
   2219             	UICLXS[MEALCT_UB_F]=(l_MeaValBuf[MEALCT_UB_F]*BAK_BHUIpar.UC2XS)>>9;
   2220             	UICLXS[MEALCT_UC_F]=(l_MeaValBuf[MEALCT_UC_F]*BAK_BHUIpar.UC3XS)>>9;
   2221             	UICLXS[MEALCT_UAB_F]=(l_MeaValBuf[MEALCT_UAB_F]*BAK_BHUIpar.UC4XS)>>9;
   2222             	UICLXS[MEALCT_UBC_F]=(l_MeaValBuf[MEALCT_UBC_F]*BAK_BHUIpar.UC5XS)>>9;
   2223              UICLXS[MEALCT_UCA_F]=(l_MeaValBuf[MEALCT_UCA_F]*BAK_BHUIpar.UC6XS)>>9;
   2224              UICLXS[MEALCT_3U0_F]=(l_MeaValBuf[MEALCT_3U0_F]*BAK_BHUIpar.IC1XS)>>9;
   2225              
   2226             	MeaValMidBuf[MEALCT_UA_F][EightCycleCount]=(l_MeaValBuf[MEALCT_UA_F]*RUN_BHUIpar.UC1XS)>>9;
   2227             	MeaValMidBuf[MEALCT_UB_F][EightCycleCount]=(l_MeaValBuf[MEALCT_UB_F]*RUN_BHUIpar.UC2XS)>>9;
   2228             	MeaValMidBuf[MEALCT_UC_F][EightCycleCount]=(l_MeaValBuf[MEALCT_UC_F]*RUN_BHUIpar.UC3XS)>>9;
   2229             	MeaValMidBuf[MEALCT_UAB_F][EightCycleCount]=(l_MeaValBuf[MEALCT_UAB_F]*RUN_BHUIpar.UC4XS)>>9;
   2230             	MeaValMidBuf[MEALCT_UBC_F][EightCycleCount]=(l_MeaValBuf[MEALCT_UBC_F]*RUN_BHUIpar.UC5XS)>>9;
   2231              MeaValMidBuf[MEALCT_UCA_F][EightCycleCount]=(l_MeaValBuf[MEALCT_UCA_F]*RUN_BHUIpar.UC6XS)>>9;
   2232              MeaValMidBuf[MEALCT_3U0_F][EightCycleCount]=(l_MeaValBuf[MEALCT_3U0_F]*RUN_BHUIpar.IC1XS)>>9;
   2233              
   2234           	EightCycleCount++;
   2235              if(EightCycleCount>=4)  EightCycleCount=0;                                                         
   2236              UIPQ_buffer.UA =(MeaValMidBuf[MEALCT_UA_F][0]+MeaValMidBuf[MEALCT_UA_F][1]+MeaValMidBuf[MEALCT_UA_F][2]+MeaValMidBuf[MEALCT_UA_F][3])>>2;
   2237              UIPQ_buffer.UB =(MeaValMidBuf[MEALCT_UB_F][0]+MeaValMidBuf[MEALCT_UB_F][1]+MeaValMidBuf[MEALCT_UB_F][2]+MeaValMidBuf[MEALCT_UB_F][3])>>2;
   2238              UIPQ_buffer.UC =(MeaValMidBuf[MEALCT_UC_F][0]+MeaValMidBuf[MEALCT_UC_F][1]+MeaValMidBuf[MEALCT_UC_F][2]+MeaValMidBuf[MEALCT_UC_F][3])>>2;
   2239              UIPQ_buffer.UAB =(MeaValMidBuf[MEALCT_UAB_F][0]+MeaValMidBuf[MEALCT_UAB_F][1]+MeaValMidBuf[MEALCT_UAB_F][2]+MeaValMidBuf[MEALCT_UAB_F][3])>>2;
   2240              UIPQ_buffer.UBC =(MeaValMidBuf[MEALCT_UBC_F][0]+MeaValMidBuf[MEALCT_UBC_F][1]+MeaValMidBuf[MEALCT_UBC_F][2]+MeaValMidBuf[MEALCT_UBC_F][3])>>2;
   2241              UIPQ_buffer.UCA =(MeaValMidBuf[MEALCT_UCA_F][0]+MeaValMidBuf[MEALCT_UCA_F][1]+MeaValMidBuf[MEALCT_UCA_F][2]+MeaValMidBuf[MEALCT_UCA_F][3])>>2;
   2242              UIPQ_buffer.U0 =(MeaValMidBuf[MEALCT_3U0_F][0]+MeaValMidBuf[MEALCT_3U0_F][1]+MeaValMidBuf[MEALCT_3U0_F][2]+MeaValMidBuf[MEALCT_3U0_F][3])>>2;
   2243          #endif	
   2244          }

   Maximum stack usage in bytes:

   .cstack Function
   ------- --------
      32   App_PQ_Calculate
        32   -> CAL_UI
        32   -> CAL_UIB
        32   -> PQ_Calculate
        32   -> PQ_CalculateBH
        32   -> Sqrtb
        32   -> __aeabi_d2iz
        32   -> __aeabi_ddiv
        32   -> __aeabi_ui2d
        32   -> abs
      16   ChkGeDly
      16   ChkLtDly
      12   DL_WZ
      48   Fault_BT
        48   -> TZ_Logic
      48   Fault_BTTVDXPB
      48   Fault_DF
        48   -> TZ_Logic
      72   Fault_FSX
        72   -> Fault_Gzxx
        72   -> TZ_Logic
      64   Fault_GFH
        64   -> TZ_Logic
        64   -> UIDL_VAL
      12   Fault_Gzxx
      56   Fault_IDL
        56   -> Fault_Gzxx
        56   -> MAX_2
        56   -> MAX_3
        56   -> TZ_Logic
        56   -> UIDL_VAL
      40   Fault_IFXDY
        40   -> UIFXDY
      56   Fault_IJS
        56   -> Fault_Gzxx
        56   -> TZ_Logic
        56   -> UIDL_VAL
      20   Fault_QD
      16   Fault_QDL
      44   Fault_TVDXPB
      56   Fault_TY
        56   -> TZ_Logic
        56   -> UIDL_VAL
      56   Fault_UH
        56   -> TZ_Logic
        56   -> UIDL_VAL
      48   Fault_UL
        48   -> TZ_Logic
      48   Fault_ULL
        48   -> TZ_Logic
       8   GetBH_YXkr
      16   KZDXBJ
       8   KisRlyBJ
      16   TWJBJ
      40   UI0FXDY
        40   -> Arg_Tan
      16   UIDL_VAL
      40   UIFXDY
        40   -> Arg_Tan


   Section sizes:

   Bytes  Function/Label
   -----  --------------
       4  ??DataTable10
       4  ??DataTable10_1
       4  ??DataTable12
       4  ??DataTable13
       4  ??DataTable14
       4  ??DataTable14_1
       4  ??DataTable15
       4  ??DataTable17
       4  ??DataTable18
       4  ??DataTable18_1
       4  ??DataTable19
       4  ??DataTable19_1
       4  ??DataTable19_10
       4  ??DataTable19_11
       4  ??DataTable19_12
       4  ??DataTable19_13
       4  ??DataTable19_14
       4  ??DataTable19_15
       4  ??DataTable19_16
       4  ??DataTable19_17
       4  ??DataTable19_18
       4  ??DataTable19_19
       4  ??DataTable19_2
       4  ??DataTable19_20
       4  ??DataTable19_21
       4  ??DataTable19_22
       4  ??DataTable19_23
       4  ??DataTable19_24
       4  ??DataTable19_25
       4  ??DataTable19_3
       4  ??DataTable19_4
       4  ??DataTable19_5
       4  ??DataTable19_6
       4  ??DataTable19_7
       4  ??DataTable19_8
       4  ??DataTable19_9
       4  ??DataTable4
       4  ??DataTable4_1
       4  ??DataTable4_2
       4  ??DataTable5
       4  ??DataTable5_1
       4  ??DataTable6
       4  ??DataTable7
       4  ??DataTable8
       4  ??DataTable8_1
       4  ??DataTable8_10
       4  ??DataTable8_11
       4  ??DataTable8_12
       4  ??DataTable8_13
       4  ??DataTable8_2
       4  ??DataTable8_3
       4  ??DataTable8_4
       4  ??DataTable8_5
       4  ??DataTable8_6
       4  ??DataTable8_7
       4  ??DataTable8_8
       4  ??DataTable8_9
       4  ??DataTable9
       4  ??DataTable9_1
       4  ??DataTable9_2
    1876  App_PQ_Calculate
     104  ChkGeDly
     104  ChkLtDly
     160  DL_WZ
       1  EightCycleCount
      60  FSX_TAB1_M
      60  FSX_TAB1_M002
      60  FSX_TAB1_M004
     294  Fault_BT
     520  Fault_BTTVDXPB
     426  Fault_DF
     606  Fault_FSX
     282  Fault_GFH
     368  Fault_Gzxx
     568  Fault_IDL
    1010  Fault_IFXDY
     278  Fault_IJS
     140  Fault_QD
      62  Fault_QDL
     480  Fault_TVDXPB
     296  Fault_TY
     310  Fault_UH
     732  Fault_UL
     824  Fault_ULL
      36  GetBH_YXkr
     240  KZDXBJ
     130  KisRlyBJ
     320  MeaValMidBuf
     120  TWJBJ
       2  Timer_FX0
       2  Timer_FXA
       2  Timer_FXB
       2  Timer_FXC
     200  UI0FXDY
     134  UIDL_VAL
     200  UIFXDY
       1  ping_it

 
    330 bytes in section .bss
    180 bytes in section .rodata
 10 740 bytes in section .text
 
 10 740 bytes of CODE  memory
    180 bytes of CONST memory
    330 bytes of DATA  memory

Errors: none
Warnings: 12
