###############################################################################
#
# IAR ANSI C/C++ Compiler V7.70.2.11706/W32 for ARM       17/Jun/2026  08:45:30
# Copyright 1999-2016 IAR Systems AB.
#
#    Cpu mode     =  thumb
#    Endian       =  little
#    Source file  =  
#        D:\2-通用定制归档程序\04-通用程序\00-900F\【通用程序】ZRR900FV2HYLCD-ATF3.03-解决零漂-8BA6-0F1B-20260316\00-源码\ZRR900FV2HYLCDATFSoftUlib-V2.0-20260316\Libraries\CMSIS\CM4\DeviceSupport\system_stm32f10x.c
#    Command line =  
#        D:\2-通用定制归档程序\04-通用程序\00-900F\【通用程序】ZRR900FV2HYLCD-ATF3.03-解决零漂-8BA6-0F1B-20260316\00-源码\ZRR900FV2HYLCDATFSoftUlib-V2.0-20260316\Libraries\CMSIS\CM4\DeviceSupport\system_stm32f10x.c
#        -D ATF403AVCT7 -D LIBRARY_VERSION -D USE_STDPERIPH_DRIVER -D
#        AT_START_F403A_V1_0 -lcN
#        D:\2-通用定制归档程序\04-通用程序\00-900F\【通用程序】ZRR900FV2HYLCD-ATF3.03-解决零漂-8BA6-0F1B-20260316\00-源码\ZRR900FV2HYLCDATFSoftUlib-V2.0-20260316\Debug\List
#        -lA
#        D:\2-通用定制归档程序\04-通用程序\00-900F\【通用程序】ZRR900FV2HYLCD-ATF3.03-解决零漂-8BA6-0F1B-20260316\00-源码\ZRR900FV2HYLCDATFSoftUlib-V2.0-20260316\Debug\List
#        -o
#        D:\2-通用定制归档程序\04-通用程序\00-900F\【通用程序】ZRR900FV2HYLCD-ATF3.03-解决零漂-8BA6-0F1B-20260316\00-源码\ZRR900FV2HYLCDATFSoftUlib-V2.0-20260316\Debug\Obj
#        --no_cse --no_unroll --no_inline --no_code_motion --no_tbaa
#        --no_clustering --no_scheduling --debug --endian=little
#        --cpu=Cortex-M4 -e --char_is_signed --enable_multibytes --fpu=VFPv4_sp
#        --dlib_config "C:\Program Files (x86)\IAR Systems\Embedded Workbench
#        7.5\arm\INC\c\DLib_Config_Full.h" -I
#        D:\2-通用定制归档程序\04-通用程序\00-900F\【通用程序】ZRR900FV2HYLCD-ATF3.03-解决零漂-8BA6-0F1B-20260316\00-源码\ZRR900FV2HYLCDATFSoftUlib-V2.0-20260316\
#        -I
#        D:\2-通用定制归档程序\04-通用程序\00-900F\【通用程序】ZRR900FV2HYLCD-ATF3.03-解决零漂-8BA6-0F1B-20260316\00-源码\ZRR900FV2HYLCDATFSoftUlib-V2.0-20260316\Libraries\STM32F10x_StdPeriph_Driver\inc\
#        -I
#        D:\2-通用定制归档程序\04-通用程序\00-900F\【通用程序】ZRR900FV2HYLCD-ATF3.03-解决零漂-8BA6-0F1B-20260316\00-源码\ZRR900FV2HYLCDATFSoftUlib-V2.0-20260316\Libraries\CMSIS\CM4\CoreSupport\
#        -I
#        D:\2-通用定制归档程序\04-通用程序\00-900F\【通用程序】ZRR900FV2HYLCD-ATF3.03-解决零漂-8BA6-0F1B-20260316\00-源码\ZRR900FV2HYLCDATFSoftUlib-V2.0-20260316\Libraries\CMSIS\CM4\DeviceSupport\
#        -On --use_c++_inline
#    Locale       =  Chinese (Simplified)_China.936
#    List file    =  
#        D:\2-通用定制归档程序\04-通用程序\00-900F\【通用程序】ZRR900FV2HYLCD-ATF3.03-解决零漂-8BA6-0F1B-20260316\00-源码\ZRR900FV2HYLCDATFSoftUlib-V2.0-20260316\Debug\List\system_stm32f10x.lst
#    Object file  =  
#        D:\2-通用定制归档程序\04-通用程序\00-900F\【通用程序】ZRR900FV2HYLCD-ATF3.03-解决零漂-8BA6-0F1B-20260316\00-源码\ZRR900FV2HYLCDATFSoftUlib-V2.0-20260316\Debug\Obj\system_stm32f10x.o
#
###############################################################################

D:\2-通用定制归档程序\04-通用程序\00-900F\【通用程序】ZRR900FV2HYLCD-ATF3.03-解决零漂-8BA6-0F1B-20260316\00-源码\ZRR900FV2HYLCDATFSoftUlib-V2.0-20260316\Libraries\CMSIS\CM4\DeviceSupport\system_stm32f10x.c
      1          /**
      2            ******************************************************************************
      3            * @file    system_stm32f10x.c
      4            * @author  MCD Application Team
      5            * @version V3.5.0
      6            * @date    11-March-2011
      7            * @brief   CMSIS Cortex-M3 Device Peripheral Access Layer System Source File.
      8            *
      9            * 1.  This file provides two functions and one global variable to be called from
     10            *     user application:
     11            *      - SystemInit(): Setups the system clock (System clock source, PLL Multiplier
     12            *                      factors, AHB/APBx prescalers and Flash settings).
     13            *                      This function is called at startup just after reset and
     14            *                      before branch to main program. This call is made inside
     15            *                      the "startup_stm32f10x_xx.s" file.
     16            *
     17            *      - SystemCoreClock variable: Contains the core clock (HCLK), it can be used
     18            *                                  by the user application to setup the SysTick
     19            *                                  timer or configure other parameters.
     20            *
     21            *      - SystemCoreClockUpdate(): Updates the variable SystemCoreClock and must
     22            *                                 be called whenever the core clock is changed
     23            *                                 during program execution.
     24            *
     25            * 2. After each device reset the HSI (8 MHz) is used as system clock source.
     26            *    Then SystemInit() function is called, in "startup_stm32f10x_xx.s" file, to
     27            *    configure the system clock before to branch to main program.
     28            *
     29            * 3. If the system clock source selected by user fails to startup, the SystemInit()
     30            *    function will do nothing and HSI still used as system clock source. User can
     31            *    add some code to deal with this issue inside the SetSysClock() function.
     32            *
     33            * 4. The default value of HSE crystal is set to 8 MHz (or 25 MHz, depedning on
     34            *    the product used), refer to "HSE_VALUE" define in "stm32f10x.h" file.
     35            *    When HSE is used as system clock source, directly or through PLL, and you
     36            *    are using different crystal you have to adapt the HSE value to your own
     37            *    configuration.
     38            *
     39            ******************************************************************************
     40            * @attention
     41            *
     42            * THE PRESENT FIRMWARE WHICH IS FOR GUIDANCE ONLY AIMS AT PROVIDING CUSTOMERS
     43            * WITH CODING INFORMATION REGARDING THEIR PRODUCTS IN ORDER FOR THEM TO SAVE
     44            * TIME. AS A RESULT, STMICROELECTRONICS SHALL NOT BE HELD LIABLE FOR ANY
     45            * DIRECT, INDIRECT OR CONSEQUENTIAL DAMAGES WITH RESPECT TO ANY CLAIMS ARISING
     46            * FROM THE CONTENT OF SUCH FIRMWARE AND/OR THE USE MADE BY CUSTOMERS OF THE
     47            * CODING INFORMATION CONTAINED HEREIN IN CONNECTION WITH THEIR PRODUCTS.
     48            *
     49            * <h2><center>&copy; COPYRIGHT 2011 STMicroelectronics</center></h2>
     50            ******************************************************************************
     51            */
     52          
     53          /** @addtogroup CMSIS
     54            * @{
     55            */
     56          
     57          /** @addtogroup stm32f10x_system
     58            * @{
     59            */
     60          
     61          /** @addtogroup STM32F10x_System_Private_Includes
     62            * @{
     63            */
     64          
     65          #include "stm32f10x.h"
     66          
     67          /**
     68            * @}
     69            */
     70          
     71          /** @addtogroup STM32F10x_System_Private_TypesDefinitions
     72            * @{
     73            */
     74          
     75          /**
     76            * @}
     77            */
     78          
     79          /** @addtogroup STM32F10x_System_Private_Defines
     80            * @{
     81            */
     82          
     83          /*!< Uncomment the line corresponding to the desired System clock (SYSCLK)
     84             frequency (after reset the HSI is used as SYSCLK source)
     85          
     86             IMPORTANT NOTE:
     87             ==============
     88             1. After each device reset the HSI is used as System clock source.
     89          
     90             2. Please make sure that the selected System clock doesn't exceed your device's
     91                maximum frequency.
     92          
     93             3. If none of the define below is enabled, the HSI is used as System clock
     94              source.
     95          
     96             4. The System clock configuration functions provided within this file assume that:
     97                  - For Low, Medium and High density Value line devices an external 8MHz
     98                    crystal is used to drive the System clock.
     99                  - For Low, Medium and High density devices an external 8MHz crystal is
    100                    used to drive the System clock.
    101                  - For Connectivity line devices an external 25MHz crystal is used to drive
    102                    the System clock.
    103               If you are using different crystal you have to adapt those functions accordingly.
    104              */
    105          
    106          #if defined(STM32F10X_403A) || defined(STM32F10X_407)
    107          /* #define SYSCLK_FREQ_HSE    	    HSE_VALUE */
    108          /* #define SYSCLK_FREQ_24MHz  	    24000000 */
    109          /* #define SYSCLK_FREQ_36MHz  	    36000000 */
    110          /* #define SYSCLK_FREQ_48MHz  	    48000000 */
    111          /* #define SYSCLK_FREQ_56MHz  	    56000000 */
    112          #define SYSCLK_FREQ_72MHz  	    72000000
    113          /* #define SYSCLK_FREQ_96MHz  	    96000000 */
    114          /* #define SYSCLK_FREQ_108MHz       108000000 */
    115          /* #define SYSCLK_FREQ_120MHz       120000000 */
    116          /* #define SYSCLK_FREQ_144MHz       144000000 */
    117          /* #define SYSCLK_FREQ_168MHz       168000000 */
    118          /* #define SYSCLK_FREQ_176MHz       176000000 */
    119          /* #define SYSCLK_FREQ_192MHz       192000000 */
    120          /* #define SYSCLK_FREQ_200MHz       200000000 */
    121          /* #define SYSCLK_FREQ_224MHz       224000000 */
    122          /* #define SYSCLK_FREQ_240MHz       240000000 */
    123          /* #define SYSCLK_FREQ_24MHz_HSI    24000000 */
    124          /* #define SYSCLK_FREQ_36MHz_HSI    36000000 */
    125          /* #define SYSCLK_FREQ_48MHz_HSI    48000000 */
    126          /* #define SYSCLK_FREQ_56MHz_HSI    56000000 */
    127          /* #define SYSCLK_FREQ_72MHz_HSI    72000000 */
    128          /* #define SYSCLK_FREQ_96MHz_HSI    96000000 */
    129          /* #define SYSCLK_FREQ_108MHz_HSI   108000000 */
    130          /* #define SYSCLK_FREQ_120MHz_HSI   120000000 */
    131          /* #define SYSCLK_FREQ_144MHz_HSI   144000000 */
    132          /* #define SYSCLK_FREQ_168MHz_HSI   168000000 */
    133          /* #define SYSCLK_FREQ_176MHz_HSI   176000000 */
    134          /* #define SYSCLK_FREQ_192MHz_HSI   192000000 */
    135          /* #define SYSCLK_FREQ_200MHz_HSI   200000000 */
    136          /* #define SYSCLK_FREQ_224MHz_HSI   224000000 */
    137          /* #define SYSCLK_FREQ_240MHz_HSI   240000000 */
    138          #endif
    139          
    140          /*!< Uncomment the following line if you need to use external SRAM mounted
    141               on STM3210E-EVAL board (STM32 High density and XL-density devices) or on
    142               STM32100E-EVAL board (STM32 High-density value line devices) as data memory */
    143          #if defined(STM32F10X_403A) || defined(STM32F10X_407)
    144          /* #define DATA_IN_ExtSRAM */
    145          #endif
    146          
    147          /*!< Uncomment the following line if you need to relocate your vector Table in
    148               Internal SRAM. */
    149          /* #define VECT_TAB_SRAM */
    150          #define VECT_TAB_OFFSET  0x0 /*!< Vector Table base offset field. 
    151          This value must be a multiple of 0x200. */
    152          
    153          
    154          /**
    155            * @}
    156            */
    157          
    158          /** @addtogroup STM32F10x_System_Private_Macros
    159            * @{
    160            */
    161          
    162          /**
    163            * @}
    164            */
    165          
    166          /** @addtogroup STM32F10x_System_Private_Variables
    167            * @{
    168            */
    169          
    170          /*******************************************************************************
    171          *  Clock Definitions
    172          *******************************************************************************/
    173          #ifdef SYSCLK_FREQ_HSE
    174          uint32_t SystemCoreClock         = SYSCLK_FREQ_HSE;        /*!< System Clock Frequency (Core Clock) */
    175          #elif defined SYSCLK_FREQ_24MHz
    176          uint32_t SystemCoreClock         = SYSCLK_FREQ_24MHz;        /*!< System Clock Frequency (Core Clock) */
    177          #elif defined SYSCLK_FREQ_36MHz
    178          uint32_t SystemCoreClock         = SYSCLK_FREQ_36MHz;        /*!< System Clock Frequency (Core Clock) */
    179          #elif defined SYSCLK_FREQ_48MHz
    180          uint32_t SystemCoreClock         = SYSCLK_FREQ_48MHz;        /*!< System Clock Frequency (Core Clock) */
    181          #elif defined SYSCLK_FREQ_56MHz
    182          uint32_t SystemCoreClock         = SYSCLK_FREQ_56MHz;        /*!< System Clock Frequency (Core Clock) */
    183          #elif defined SYSCLK_FREQ_72MHz
    184          uint32_t SystemCoreClock         = SYSCLK_FREQ_72MHz;        /*!< System Clock Frequency (Core Clock) */
    185          #elif defined SYSCLK_FREQ_96MHz
    186          uint32_t SystemCoreClock         = SYSCLK_FREQ_96MHz;        /*!< System Clock Frequency (Core Clock) */
    187          #elif defined SYSCLK_FREQ_108MHz
    188          uint32_t SystemCoreClock         = SYSCLK_FREQ_108MHz;        /*!< System Clock Frequency (Core Clock) */
    189          #elif defined SYSCLK_FREQ_120MHz
    190          uint32_t SystemCoreClock         = SYSCLK_FREQ_120MHz;        /*!< System Clock Frequency (Core Clock) */
    191          #elif defined SYSCLK_FREQ_144MHz
    192          uint32_t SystemCoreClock         = SYSCLK_FREQ_144MHz;        /*!< System Clock Frequency (Core Clock) */
    193          #elif defined SYSCLK_FREQ_168MHz
    194          uint32_t SystemCoreClock         = SYSCLK_FREQ_168MHz;        /*!< System Clock Frequency (Core Clock) */
    195          #elif defined SYSCLK_FREQ_176MHz
    196          uint32_t SystemCoreClock         = SYSCLK_FREQ_176MHz;        /*!< System Clock Frequency (Core Clock) */
    197          #elif defined SYSCLK_FREQ_192MHz
    198          uint32_t SystemCoreClock         = SYSCLK_FREQ_192MHz;        /*!< System Clock Frequency (Core Clock) */
    199          #elif defined SYSCLK_FREQ_200MHz
    200          uint32_t SystemCoreClock         = SYSCLK_FREQ_200MHz;        /*!< System Clock Frequency (Core Clock) */
    201          #elif defined SYSCLK_FREQ_224MHz
    202          uint32_t SystemCoreClock         = SYSCLK_FREQ_224MHz;        /*!< System Clock Frequency (Core Clock) */
    203          #elif defined SYSCLK_FREQ_240MHz
    204          uint32_t SystemCoreClock         = SYSCLK_FREQ_240MHz;        /*!< System Clock Frequency (Core Clock) */
    205          #elif defined SYSCLK_FREQ_24MHz_HSI
    206          uint32_t SystemCoreClock         = SYSCLK_FREQ_24MHz_HSI;    /*!< System Clock Frequency (Core Clock) */
    207          #elif defined SYSCLK_FREQ_36MHz_HSI
    208          uint32_t SystemCoreClock         = SYSCLK_FREQ_36MHz_HSI;    /*!< System Clock Frequency (Core Clock) */
    209          #elif defined SYSCLK_FREQ_48MHz_HSI
    210          uint32_t SystemCoreClock         = SYSCLK_FREQ_48MHz_HSI;    /*!< System Clock Frequency (Core Clock) */
    211          #elif defined SYSCLK_FREQ_56MHz_HSI
    212          uint32_t SystemCoreClock         = SYSCLK_FREQ_56MHz_HSI;    /*!< System Clock Frequency (Core Clock) */
    213          #elif defined SYSCLK_FREQ_72MHz_HSI
    214          uint32_t SystemCoreClock         = SYSCLK_FREQ_72MHz_HSI;    /*!< System Clock Frequency (Core Clock) */
    215          #elif defined SYSCLK_FREQ_96MHz_HSI
    216          uint32_t SystemCoreClock         = SYSCLK_FREQ_96MHz_HSI;    /*!< System Clock Frequency (Core Clock) */
    217          #elif defined SYSCLK_FREQ_108MHz_HSI
    218          uint32_t SystemCoreClock         = SYSCLK_FREQ_108MHz_HSI;    /*!< System Clock Frequency (Core Clock) */
    219          #elif defined SYSCLK_FREQ_120MHz_HSI
    220          uint32_t SystemCoreClock         = SYSCLK_FREQ_120MHz_HSI;    /*!< System Clock Frequency (Core Clock) */
    221          #elif defined SYSCLK_FREQ_144MHz_HSI
    222          uint32_t SystemCoreClock         = SYSCLK_FREQ_144MHz_HSI;    /*!< System Clock Frequency (Core Clock) */
    223          #elif defined SYSCLK_FREQ_168MHz_HSI
    224          uint32_t SystemCoreClock         = SYSCLK_FREQ_168MHz_HSI;    /*!< System Clock Frequency (Core Clock) */
    225          #elif defined SYSCLK_FREQ_176MHz_HSI
    226          uint32_t SystemCoreClock         = SYSCLK_FREQ_176MHz_HSI;    /*!< System Clock Frequency (Core Clock) */
    227          #elif defined SYSCLK_FREQ_192MHz_HSI
    228          uint32_t SystemCoreClock         = SYSCLK_FREQ_192MHz_HSI;    /*!< System Clock Frequency (Core Clock) */
    229          #elif defined SYSCLK_FREQ_200MHz_HSI
    230          uint32_t SystemCoreClock         = SYSCLK_FREQ_200MHz_HSI;    /*!< System Clock Frequency (Core Clock) */
    231          #elif defined SYSCLK_FREQ_224MHz_HSI
    232          uint32_t SystemCoreClock         = SYSCLK_FREQ_224MHz_HSI;    /*!< System Clock Frequency (Core Clock) */
    233          #elif defined SYSCLK_FREQ_240MHz_HSI
    234          uint32_t SystemCoreClock         = SYSCLK_FREQ_240MHz_HSI;    /*!< System Clock Frequency (Core Clock) */
    235          
    236          #else /*!< HSI Selected as System Clock source */
    237          #define SYSCLK_FREQ_HSI            HSI_VALUE
    238          uint32_t SystemCoreClock         = HSI_VALUE;        /*!< System Clock Frequency (Core Clock) */
    239          #endif
    240          
    241          __I uint8_t AHBPrescTable[16] = {0, 0, 0, 0, 0, 0, 0, 0, 1, 2, 3, 4, 6, 7, 8, 9};
    242          /**
    243            * @}
    244            */
    245          
    246          /** @addtogroup STM32F10x_System_Private_FunctionPrototypes
    247            * @{
    248            */
    249          
    250          static void SetSysClock(void);
    251          
    252          #ifdef SYSCLK_FREQ_HSE
    253          static void SetSysClockToHSE(void);
    254          #elif defined SYSCLK_FREQ_24MHz
    255          static void SetSysClockTo24(void);
    256          #elif defined SYSCLK_FREQ_36MHz
    257          static void SetSysClockTo36(void);
    258          #elif defined SYSCLK_FREQ_48MHz
    259          static void SetSysClockTo48(void);
    260          #elif defined SYSCLK_FREQ_56MHz
    261          static void SetSysClockTo56(void);
    262          #elif defined SYSCLK_FREQ_72MHz
    263          static void SetSysClockTo72(void);
    264          #elif defined SYSCLK_FREQ_96MHz
    265          static void SetSysClockTo96(void);
    266          #elif defined SYSCLK_FREQ_108MHz
    267          static void SetSysClockTo108(void);
    268          #elif defined SYSCLK_FREQ_120MHz
    269          static void SetSysClockTo120(void);
    270          #elif defined SYSCLK_FREQ_144MHz
    271          static void SetSysClockTo144(void);
    272          #elif defined SYSCLK_FREQ_168MHz
    273          static void SetSysClockTo168(void);
    274          #elif defined SYSCLK_FREQ_176MHz
    275          static void SetSysClockTo176(void);
    276          #elif defined SYSCLK_FREQ_192MHz
    277          static void SetSysClockTo192(void);
    278          #elif defined SYSCLK_FREQ_200MHz
    279          static void SetSysClockTo200(void);
    280          #elif defined SYSCLK_FREQ_224MHz
    281          static void SetSysClockTo224(void);
    282          #elif defined SYSCLK_FREQ_240MHz
    283          static void SetSysClockTo240(void);
    284          #elif defined SYSCLK_FREQ_24MHz_HSI
    285          static void SetSysClockTo24MHSI(void);
    286          #elif defined SYSCLK_FREQ_36MHz_HSI
    287          static void SetSysClockTo36MHSI(void);
    288          #elif defined SYSCLK_FREQ_48MHz_HSI
    289          static void SetSysClockTo48MHSI(void);
    290          #elif defined SYSCLK_FREQ_56MHz_HSI
    291          static void SetSysClockTo56MHSI(void);
    292          #elif defined SYSCLK_FREQ_72MHz_HSI
    293          static void SetSysClockTo72MHSI(void);
    294          #elif defined SYSCLK_FREQ_96MHz_HSI
    295          static void SetSysClockTo96MHSI(void);
    296          #elif defined SYSCLK_FREQ_108MHz_HSI
    297          static void SetSysClockTo108MHSI(void);
    298          #elif defined SYSCLK_FREQ_120MHz_HSI
    299          static void SetSysClockTo120MHSI(void);
    300          #elif defined SYSCLK_FREQ_144MHz_HSI
    301          static void SetSysClockTo144MHSI(void);
    302          #elif defined SYSCLK_FREQ_168MHz_HSI
    303          static void SetSysClockTo168MHSI(void);
    304          #elif defined SYSCLK_FREQ_176MHz_HSI
    305          static void SetSysClockTo176MHSI(void);
    306          #elif defined SYSCLK_FREQ_192MHz_HSI
    307          static void SetSysClockTo192MHSI(void);
    308          #elif defined SYSCLK_FREQ_200MHz_HSI
    309          static void SetSysClockTo200MHSI(void);
    310          #elif defined SYSCLK_FREQ_224MHz_HSI
    311          static void SetSysClockTo224MHSI(void);
    312          #elif defined SYSCLK_FREQ_240MHz_HSI
    313          static void SetSysClockTo240MHSI(void);
    314          #endif
    315          
    316          #ifdef DATA_IN_ExtSRAM
    317          static void SystemInit_ExtMemCtl(void);
    318          #endif /* DATA_IN_ExtSRAM */
    319          
    320          /**
    321            * @}
    322            */
    323          
    324          /** @addtogroup STM32F10x_System_Private_Functions
    325            * @{
    326            */
    327          
    328          /**
    329            * @brief  Setup the microcontroller system
    330            *         Initialize the Embedded Flash Interface, the PLL and update the
    331            *         SystemCoreClock variable.
    332            * @note   This function should be used only after reset.
    333            * @param  None
    334            * @retval None
    335            */
    336          void SystemInit (void)
    337          {
    338            /* Enable FPU*/
    339          #if defined (__FPU_USED) && (__FPU_USED == 1U)
    340            SCB->CPACR |= ((3U << 10U * 2U) |         /* set CP10 Full Access */
    341                           (3U << 11U * 2U)  );       /* set CP11 Full Access */
    342          #endif
    343          
    344            /* Reset the RCC clock configuration to the default reset state(for debug purpose) */
    345            /* Set HSION bit */
    346            RCC->CR |= (uint32_t)0x00000001;
    347          
    348            /* Reset CFGR */
    349            RCC->CFGR &= (uint32_t)0x00000000;
    350          
    351            /* Reset HSEON, CSSON and PLLON bits */
    352            RCC->CR &= (uint32_t)0xFEF6FFFF;
    353          
    354            /* Reset HSEBYP bit */
    355            RCC->CR &= (uint32_t)0xFFFBFFFF;
    356          
    357          #ifdef STM32F10X_CL
    358            /* Reset PLL2ON and PLL3ON bits */
    359            RCC->CR &= (uint32_t)0xEBFFFFFF;
    360          
    361            /* Disable all interrupts and clear pending bits  */
    362            RCC->CIR = 0x00FF0000;
    363          
    364            /* Reset CFGR2 register */
    365            RCC->CFGR2 = 0x00000000;
    366          #elif defined (STM32F10X_LD_VL) || defined (STM32F10X_MD_VL) || (defined STM32F10X_HD_VL)
    367            /* Disable all interrupts and clear pending bits  */
    368            RCC->CIR = 0x009F0000;
    369          
    370            /* Reset CFGR2 register */
    371            RCC->CFGR2 = 0x00000000;
    372          #else
    373            /* Disable all interrupts and clear pending bits  */
    374            RCC->CIR = 0x009F0000;
    375          #endif /* STM32F10X_CL */
    376          
    377          #if defined (STM32F10X_HD) || (defined STM32F10X_XL) || (defined STM32F10X_HD_VL)
    378          #ifdef DATA_IN_ExtSRAM
    379            SystemInit_ExtMemCtl();
    380          #endif /* DATA_IN_ExtSRAM */
    381          #endif
    382          
    383            /* Configure the System clock frequency, HCLK, PCLK2 and PCLK1 prescalers */
    384            /* Configure the Flash Latency cycles and enable prefetch buffer */
    385            SetSysClock();
    386          
    387          #ifdef VECT_TAB_SRAM
    388            SCB->VTOR = SRAM_BASE | VECT_TAB_OFFSET; /* Vector Table Relocation in Internal SRAM. */
    389          #else
    390            SCB->VTOR = FLASH_BASE | VECT_TAB_OFFSET; /* Vector Table Relocation in Internal FLASH. */
    391          #endif
    392          }
    393          
    394          /**
    395            * @brief  Update SystemCoreClock variable according to Clock Register Values.
    396            *         The SystemCoreClock variable contains the core clock (HCLK), it can
    397            *         be used by the user application to setup the SysTick timer or configure
    398            *         other parameters.
    399            *
    400            * @note   Each time the core clock (HCLK) changes, this function must be called
    401            *         to update SystemCoreClock variable value. Otherwise, any configuration
    402            *         based on this variable will be incorrect.
    403            *
    404            * @note   - The system frequency computed by this function is not the real
    405            *           frequency in the chip. It is calculated based on the predefined
    406            *           constant and the selected clock source:
    407            *
    408            *           - If SYSCLK source is HSI, SystemCoreClock will contain the HSI_VALUE(*)
    409            *
    410            *           - If SYSCLK source is HSE, SystemCoreClock will contain the HSE_VALUE(**)
    411            *
    412            *           - If SYSCLK source is PLL, SystemCoreClock will contain the HSE_VALUE(**)
    413            *             or HSI_VALUE(*) multiplied by the PLL factors.
    414            *
    415            *         (*) HSI_VALUE is a constant defined in stm32f1xx.h file (default value
    416            *             8 MHz) but the real value may vary depending on the variations
    417            *             in voltage and temperature.
    418            *
    419            *         (**) HSE_VALUE is a constant defined in stm32f1xx.h file (default value
    420            *              8 MHz or 25 MHz, depedning on the product used), user has to ensure
    421            *              that HSE_VALUE is same as the real frequency of the crystal used.
    422            *              Otherwise, this function may have wrong result.
    423            *
    424            *         - The result of this function could be not correct when using fractional
    425            *           value for HSE crystal.
    426            * @param  None
    427            * @retval None
    428            */
    429          void SystemCoreClockUpdate (void)
    430          {
    431            uint32_t tmp = 0, pllmull = 0, pllsource = 0;
    432          
    433          #ifdef  STM32F10X_CL
    434            uint32_t prediv1source = 0, prediv1factor = 0, prediv2factor = 0, pll2mull = 0;
    435          #endif /* STM32F10X_CL */
    436          
    437          #if defined (STM32F10X_LD_VL) || defined (STM32F10X_MD_VL) || (defined STM32F10X_HD_VL)
    438            uint32_t prediv1factor = 0;
    439          #endif /* STM32F10X_LD_VL or STM32F10X_MD_VL or STM32F10X_HD_VL */
    440          
    441            /* Get SYSCLK source -------------------------------------------------------*/
    442            tmp = RCC->CFGR & RCC_CFGR_SWS;
    443          
    444            switch (tmp)
    445            {
    446            case 0x00:  /* HSI used as system clock */
    447              SystemCoreClock = HSI_VALUE;
    448              break;
    449          
    450            case 0x04:  /* HSE used as system clock */
    451              SystemCoreClock = HSE_VALUE;
    452              break;
    453          
    454            case 0x08:  /* PLL used as system clock */
    455          
    456              /* Get PLL clock source and multiplication factor ----------------------*/
    457              pllmull = RCC->CFGR & RCC_CFGR_PLLMULL;
    458              pllsource = RCC->CFGR & RCC_CFGR_PLLSRC;
    459          
    460          #ifndef STM32F10X_CL
    461              pllmull = RCC_GET_PLLMULT(pllmull);
    462          
    463              if (pllsource == 0x00)
    464              {
    465                /* HSI oscillator clock divided by 2 selected as PLL clock entry */
    466                SystemCoreClock = (HSI_VALUE >> 1) * pllmull;
    467              }
    468              else
    469              {
    470          #if defined (STM32F10X_LD_VL) || defined (STM32F10X_MD_VL) || (defined STM32F10X_HD_VL)
    471                prediv1factor = (RCC->CFGR2 & RCC_CFGR2_PREDIV1) + 1;
    472                /* HSE oscillator clock selected as PREDIV1 clock entry */
    473                SystemCoreClock = (HSE_VALUE / prediv1factor) * pllmull;
    474          #else
    475          
    476                /* HSE selected as PLL clock entry */
    477                if ((RCC->CFGR & RCC_CFGR_PLLXTPRE) != (uint32_t)RESET)
    478                {
    479                  /* HSE oscillator clock divided by 2 */
    480                  SystemCoreClock = (HSE_VALUE >> 1) * pllmull;
    481                }
    482                else
    483                {
    484                  SystemCoreClock = HSE_VALUE * pllmull;
    485                }
    486          
    487          #endif
    488              }
    489          
    490          #else
    491              pllmull = pllmull >> 18;
    492          
    493              if (pllmull != 0x0D)
    494              {
    495                pllmull += 2;
    496              }
    497              else
    498              {
    499                /* PLL multiplication factor = PLL input clock * 6.5 */
    500                pllmull = 13 / 2;
    501              }
    502          
    503              if (pllsource == 0x00)
    504              {
    505                /* HSI oscillator clock divided by 2 selected as PLL clock entry */
    506                SystemCoreClock = (HSI_VALUE >> 1) * pllmull;
    507              }
    508              else
    509              {
    510                /* PREDIV1 selected as PLL clock entry */
    511          
    512                /* Get PREDIV1 clock source and division factor */
    513                prediv1source = RCC->CFGR2 & RCC_CFGR2_PREDIV1SRC;
    514                prediv1factor = (RCC->CFGR2 & RCC_CFGR2_PREDIV1) + 1;
    515          
    516                if (prediv1source == 0)
    517                {
    518                  /* HSE oscillator clock selected as PREDIV1 clock entry */
    519                  SystemCoreClock = (HSE_VALUE / prediv1factor) * pllmull;
    520                }
    521                else
    522                {
    523                  /* PLL2 clock selected as PREDIV1 clock entry */
    524          
    525                  /* Get PREDIV2 division factor and PLL2 multiplication factor */
    526                  prediv2factor = ((RCC->CFGR2 & RCC_CFGR2_PREDIV2) >> 4) + 1;
    527                  pll2mull = ((RCC->CFGR2 & RCC_CFGR2_PLL2MUL) >> 8 ) + 2;
    528                  SystemCoreClock = (((HSE_VALUE / prediv2factor) * pll2mull) / prediv1factor) * pllmull;
    529                }
    530              }
    531          
    532          #endif /* STM32F10X_CL */
    533              break;
    534          
    535            default:
    536              SystemCoreClock = HSI_VALUE;
    537              break;
    538            }
    539          
    540            /* Compute HCLK clock frequency ----------------*/
    541            /* Get HCLK prescaler */
    542            tmp = AHBPrescTable[((RCC->CFGR & RCC_CFGR_HPRE) >> 4)];
    543            /* HCLK clock frequency */
    544            SystemCoreClock >>= tmp;
    545          }
    546          
    547          /**
    548            * @brief  Configures the System clock frequency, HCLK, PCLK2 and PCLK1 prescalers.
    549            * @param  None
    550            * @retval None
    551            */
    552          static void SetSysClock(void)
    553          {
    554          #ifdef SYSCLK_FREQ_HSE
    555            SetSysClockToHSE();
    556          #elif defined SYSCLK_FREQ_24MHz
    557            SetSysClockTo24();
    558          #elif defined SYSCLK_FREQ_36MHz
    559            SetSysClockTo36();
    560          #elif defined SYSCLK_FREQ_48MHz
    561            SetSysClockTo48();
    562          #elif defined SYSCLK_FREQ_56MHz
    563            SetSysClockTo56();
    564          #elif defined SYSCLK_FREQ_72MHz
    565            SetSysClockTo72();
    566          #elif defined SYSCLK_FREQ_96MHz
    567            SetSysClockTo96();
    568          #elif defined SYSCLK_FREQ_108MHz
    569            SetSysClockTo108();
    570          #elif defined SYSCLK_FREQ_120MHz
    571            SetSysClockTo120();
    572          #elif defined SYSCLK_FREQ_144MHz
    573            SetSysClockTo144();
    574          #elif defined SYSCLK_FREQ_168MHz
    575            SetSysClockTo168();
    576          #elif defined SYSCLK_FREQ_176MHz
    577            SetSysClockTo176();
    578          #elif defined SYSCLK_FREQ_192MHz
    579            SetSysClockTo192();
    580          #elif defined SYSCLK_FREQ_200MHz
    581            SetSysClockTo200();
    582          #elif defined SYSCLK_FREQ_224MHz
    583            SetSysClockTo224();
    584          #elif defined SYSCLK_FREQ_240MHz
    585            SetSysClockTo240();
    586          #elif defined SYSCLK_FREQ_24MHz_HSI
    587            SetSysClockTo24MHSI();
    588          #elif defined SYSCLK_FREQ_36MHz_HSI
    589            SetSysClockTo36MHSI();
    590          #elif defined SYSCLK_FREQ_48MHz_HSI
    591            SetSysClockTo48MHSI();
    592          #elif defined SYSCLK_FREQ_56MHz_HSI
    593            SetSysClockTo56MHSI();
    594          #elif defined SYSCLK_FREQ_72MHz_HSI
    595            SetSysClockTo72MHSI();
    596          #elif defined SYSCLK_FREQ_96MHz_HSI
    597            SetSysClockTo96MHSI();
    598          #elif defined SYSCLK_FREQ_108MHz_HSI
    599            SetSysClockTo108MHSI();
    600          #elif defined SYSCLK_FREQ_120MHz_HSI
    601            SetSysClockTo120MHSI();
    602          #elif defined SYSCLK_FREQ_144MHz_HSI
    603            SetSysClockTo144MHSI();
    604          #elif defined SYSCLK_FREQ_168MHz_HSI
    605            SetSysClockTo168MHSI();
    606          #elif defined SYSCLK_FREQ_176MHz_HSI
    607            SetSysClockTo176MHSI();
    608          #elif defined SYSCLK_FREQ_192MHz_HSI
    609            SetSysClockTo192MHSI();
    610          #elif defined SYSCLK_FREQ_200MHz_HSI
    611            SetSysClockTo200MHSI();
    612          #elif defined SYSCLK_FREQ_224MHz_HSI
    613            SetSysClockTo224MHSI();
    614          #elif defined SYSCLK_FREQ_240MHz_HSI
    615            SetSysClockTo240MHSI();
    616          #endif
    617          
    618            /* If none of the define above is enabled, the HSI is used as System clock
    619               source (default after reset) */
    620          }
    621          
    622          /**
    623            * @brief  Setup the external memory controller. Called in startup_stm32f10x.s
    624            *          before jump to __main
    625            * @param  None
    626            * @retval None
    627            */
    628          #ifdef DATA_IN_ExtSRAM
    629          /**
    630            * @brief  Setup the external memory controller.
    631            *         Called in startup_stm32f10x_xx.s/.c before jump to main.
    632            * 	      This function configures the external SRAM mounted on STM3210E-EVAL
    633            *         board (STM32 High density devices). This SRAM will be used as program
    634            *         data memory (including heap and stack).
    635            * @param  None
    636            * @retval None
    637            */
    638          void SystemInit_ExtMemCtl(void)
    639          {
    640            /*!< FSMC Bank1 NOR/SRAM3 is used for the STM3210E-EVAL, if another Bank is
    641              required, then adjust the Register Addresses */
    642          
    643            /* Enable FSMC clock */
    644            RCC->AHBENR = 0x00000114;
    645          
    646            /* Enable GPIOD, GPIOE, GPIOF and GPIOG clocks */
    647            RCC->APB2ENR = 0x000001E0;
    648          
    649            /* ---------------  SRAM Data lines, NOE and NWE configuration ---------------*/
    650            /*----------------  SRAM Address lines configuration -------------------------*/
    651            /*----------------  NOE and NWE configuration --------------------------------*/
    652            /*----------------  NE3 configuration ----------------------------------------*/
    653            /*----------------  NBL0, NBL1 configuration ---------------------------------*/
    654          
    655            GPIOD->CRL = 0x44BB44BB;
    656            GPIOD->CRH = 0xBBBBBBBB;
    657          
    658            GPIOE->CRL = 0xB44444BB;
    659            GPIOE->CRH = 0xBBBBBBBB;
    660          
    661            GPIOF->CRL = 0x44BBBBBB;
    662            GPIOF->CRH = 0xBBBB4444;
    663          
    664            GPIOG->CRL = 0x44BBBBBB;
    665            GPIOG->CRH = 0x44444B44;
    666          
    667            /*----------------  FSMC Configuration ---------------------------------------*/
    668            /*----------------  Enable FSMC Bank1_SRAM Bank ------------------------------*/
    669          
    670            FSMC_Bank1->BTCR[4] = 0x00001011;
    671            FSMC_Bank1->BTCR[5] = 0x00000200;
    672          }
    673          #endif /* DATA_IN_ExtSRAM */
    674          
    675          #ifndef SYSCLK_FREQ_HSI
    676          #if defined (STM32F10X_403A) || defined (STM32F10X_407)
    677          /**
    678            * @brief  Delay to wait HSE or PLL ready.
    679            * @note   This function should be used before reading RCC_CR_HSERDY flag.
    680            * @param  None
    681            * @retval None
    682            */
    683          static void WaitHseStbl(uint32_t delay)
    684          {
    685            uint32_t i;
    686          
    687            for(i = 0; i < delay; i++)
    688              ;
    689          }
    690          #endif
    691          #endif /* SYSCLK_FREQ_HSI */
    692          
    693          #ifdef SYSCLK_FREQ_HSE
    694          /**
    695            * @brief  Selects HSE as System clock source and configure HCLK, PCLK2
    696            *         and PCLK1 prescalers.
    697            * @note   This function should be used only after reset.
    698            * @param  None
    699            * @retval None
    700            */
    701          static void SetSysClockToHSE(void)
    702          {
    703            __IO uint32_t StartUpCounter = 0, HSEStatus = 0;
    704          
    705            /* SYSCLK, HCLK, PCLK2 and PCLK1 configuration ---------------------------*/
    706            /* Enable HSE */
    707            RCC->CR |= ((uint32_t)RCC_CR_HSEON);
    708          
    709            /* Wait till HSE is ready and if Time out is reached exit */
    710            do
    711            {
    712              HSEStatus = RCC->CR & RCC_CR_HSERDY;
    713              StartUpCounter++;
    714            }
    715            while((HSEStatus == 0) && (StartUpCounter != HSE_STARTUP_TIMEOUT));
    716          
    717            if ((RCC->CR & RCC_CR_HSERDY) != RESET)
    718            {
    719              HSEStatus = (uint32_t)0x01;
    720            }
    721            else
    722            {
    723              HSEStatus = (uint32_t)0x00;
    724            }
    725          
    726            if (HSEStatus == (uint32_t)0x01)
    727            {
    728          
    729              /* Enable Prefetch Buffer */
    730              FLASH->ACR |= FLASH_ACR_PRFTBE;
    731          
    732              /* Flash 0 wait state */
    733              FLASH->ACR &= (uint32_t)((uint32_t)~FLASH_ACR_LATENCY);
    734          
    735              if (HSE_VALUE <= 36000000)
    736              {
    737                FLASH->ACR |= (uint32_t)FLASH_ACR_LATENCY_0;
    738              }
    739              else
    740              {
    741                FLASH->ACR |= (uint32_t)FLASH_ACR_LATENCY_1;
    742              }
    743          
    744              /* HCLK = SYSCLK */
    745              RCC->CFGR |= (uint32_t)RCC_CFGR_HPRE_DIV1;
    746          
    747              /* PCLK2 = HCLK */
    748              RCC->CFGR |= (uint32_t)RCC_CFGR_PPRE2_DIV1;
    749          
    750              /* PCLK1 = HCLK */
    751              RCC->CFGR |= (uint32_t)RCC_CFGR_PPRE1_DIV1;
    752          
    753              /* Select HSE as system clock source */
    754              RCC->CFGR &= (uint32_t)((uint32_t)~(RCC_CFGR_SW));
    755              RCC->CFGR |= (uint32_t)RCC_CFGR_SW_HSE;
    756          
    757              /* Wait till HSE is used as system clock source */
    758              while ((RCC->CFGR & (uint32_t)RCC_CFGR_SWS) != (uint32_t)0x04)
    759              {
    760              }
    761            }
    762            else
    763            {
    764              /* If HSE fails to start-up, the application will have wrong clock
    765                   configuration. User can add here some code to deal with this error */
    766            }
    767          }
    768          #elif defined SYSCLK_FREQ_24MHz
    769          /**
    770            * @brief  Sets System clock frequency to 24MHz and configure HCLK, PCLK2
    771            *         and PCLK1 prescalers.
    772            * @note   This function should be used only after reset.
    773            * @param  None
    774            * @retval None
    775            */
    776          static void SetSysClockTo24(void)
    777          {
    778            __IO uint32_t StartUpCounter = 0, HSEStatus = 0;
    779          
    780            /* SYSCLK, HCLK, PCLK2 and PCLK1 configuration ---------------------------*/
    781            /* Enable HSE */
    782            RCC->CR |= ((uint32_t)RCC_CR_HSEON);
    783          
    784            /* Wait till HSE is ready and if Time out is reached exit */
    785            do
    786            {
    787              HSEStatus = RCC->CR & RCC_CR_HSERDY;
    788              StartUpCounter++;
    789            }
    790            while((HSEStatus == 0) && (StartUpCounter != HSE_STARTUP_TIMEOUT));
    791          
    792            if ((RCC->CR & RCC_CR_HSERDY) != RESET)
    793            {
    794              HSEStatus = (uint32_t)0x01;
    795            }
    796            else
    797            {
    798              HSEStatus = (uint32_t)0x00;
    799            }
    800          
    801            if (HSEStatus == (uint32_t)0x01)
    802            {
    803              /* Enable Prefetch Buffer */
    804              FLASH->ACR |= FLASH_ACR_PRFTBE;
    805          
    806              /* Flash 0 wait state */
    807              FLASH->ACR &= (uint32_t)((uint32_t)~FLASH_ACR_LATENCY);
    808              FLASH->ACR |= (uint32_t)FLASH_ACR_LATENCY_0;
    809          
    810              /* HCLK = SYSCLK */
    811              RCC->CFGR |= (uint32_t)RCC_CFGR_HPRE_DIV1;
    812          
    813              /* PCLK2 = HCLK */
    814              RCC->CFGR |= (uint32_t)RCC_CFGR_PPRE2_DIV1;
    815          
    816              /* PCLK1 = HCLK */
    817              RCC->CFGR |= (uint32_t)RCC_CFGR_PPRE1_DIV1;
    818          
    819              /*  PLL configuration:  = (HSE / 2) * 6 = 24 MHz */
    820              RCC->CFGR &= (uint32_t)((uint32_t)~(RCC_CFGR_PLLSRC | RCC_CFGR_PLLXTPRE | RCC_CFGR_PLLMULL));
    821              RCC->CFGR |= (uint32_t)(RCC_CFGR_PLLSRC_HSE | RCC_CFGR_PLLXTPRE_HSE_Div2 | RCC_CFGR_PLLMULL6);
    822          
    823              /* Enable PLL */
    824              RCC->CR |= RCC_CR_PLLON;
    825          
    826              /* Wait till PLL is ready */
    827              while((RCC->CR & RCC_CR_PLLRDY) == 0)
    828              {
    829              }
    830          
    831              /* Select PLL as system clock source */
    832              RCC->CFGR &= (uint32_t)((uint32_t)~(RCC_CFGR_SW));
    833              RCC->CFGR |= (uint32_t)RCC_CFGR_SW_PLL;
    834          
    835              /* Wait till PLL is used as system clock source */
    836              while ((RCC->CFGR & (uint32_t)RCC_CFGR_SWS) != (uint32_t)0x08)
    837              {
    838              }
    839            }
    840            else
    841            {
    842              /* If HSE fails to start-up, the application will have wrong clock
    843                   configuration. User can add here some code to deal with this error */
    844            }
    845          }
    846          #elif defined SYSCLK_FREQ_36MHz
    847          /**
    848            * @brief  Sets System clock frequency to 36MHz and configure HCLK, PCLK2
    849            *         and PCLK1 prescalers.
    850            * @note   This function should be used only after reset.
    851            * @param  None
    852            * @retval None
    853            */
    854          static void SetSysClockTo36(void)
    855          {
    856            __IO uint32_t StartUpCounter = 0, HSEStatus = 0;
    857          
    858            /* SYSCLK, HCLK, PCLK2 and PCLK1 configuration ---------------------------*/
    859            /* Enable HSE */
    860            RCC->CR |= ((uint32_t)RCC_CR_HSEON);
    861          
    862            /* Wait till HSE is ready and if Time out is reached exit */
    863            do
    864            {
    865              HSEStatus = RCC->CR & RCC_CR_HSERDY;
    866              StartUpCounter++;
    867            }
    868            while((HSEStatus == 0) && (StartUpCounter != HSE_STARTUP_TIMEOUT));
    869          
    870            if ((RCC->CR & RCC_CR_HSERDY) != RESET)
    871            {
    872              HSEStatus = (uint32_t)0x01;
    873            }
    874            else
    875            {
    876              HSEStatus = (uint32_t)0x00;
    877            }
    878          
    879            if (HSEStatus == (uint32_t)0x01)
    880            {
    881              /* Enable Prefetch Buffer */
    882              FLASH->ACR |= FLASH_ACR_PRFTBE;
    883          
    884              /* Flash 1 wait state */
    885              FLASH->ACR &= (uint32_t)((uint32_t)~FLASH_ACR_LATENCY);
    886              FLASH->ACR |= (uint32_t)FLASH_ACR_LATENCY_1;
    887          
    888              /* HCLK = SYSCLK */
    889              RCC->CFGR |= (uint32_t)RCC_CFGR_HPRE_DIV1;
    890          
    891              /* PCLK2 = HCLK */
    892              RCC->CFGR |= (uint32_t)RCC_CFGR_PPRE2_DIV1;
    893          
    894              /* PCLK1 = HCLK */
    895              RCC->CFGR |= (uint32_t)RCC_CFGR_PPRE1_DIV1;
    896          
    897              /*  PLL configuration: PLLCLK = (HSE / 2) * 9 = 36 MHz */
    898              RCC->CFGR &= (uint32_t)((uint32_t)~(RCC_CFGR_PLLSRC | RCC_CFGR_PLLXTPRE | RCC_CFGR_PLLMULL));
    899              RCC->CFGR |= (uint32_t)(RCC_CFGR_PLLSRC_HSE | RCC_CFGR_PLLXTPRE_HSE_Div2 | RCC_CFGR_PLLMULL9);
    900          
    901              /* Enable PLL */
    902              RCC->CR |= RCC_CR_PLLON;
    903          
    904              /* Wait till PLL is ready */
    905              while((RCC->CR & RCC_CR_PLLRDY) == 0)
    906              {
    907              }
    908          
    909              /* Select PLL as system clock source */
    910              RCC->CFGR &= (uint32_t)((uint32_t)~(RCC_CFGR_SW));
    911              RCC->CFGR |= (uint32_t)RCC_CFGR_SW_PLL;
    912          
    913              /* Wait till PLL is used as system clock source */
    914              while ((RCC->CFGR & (uint32_t)RCC_CFGR_SWS) != (uint32_t)0x08)
    915              {
    916              }
    917            }
    918            else
    919            {
    920              /* If HSE fails to start-up, the application will have wrong clock
    921                   configuration. User can add here some code to deal with this error */
    922            }
    923          }
    924          #elif defined SYSCLK_FREQ_48MHz
    925          /**
    926            * @brief  Sets System clock frequency to 48MHz and configure HCLK, PCLK2
    927            *         and PCLK1 prescalers.
    928            * @note   This function should be used only after reset.
    929            * @param  None
    930            * @retval None
    931            */
    932          static void SetSysClockTo48(void)
    933          {
    934            __IO uint32_t StartUpCounter = 0, HSEStatus = 0;
    935          
    936            /* SYSCLK, HCLK, PCLK2 and PCLK1 configuration ---------------------------*/
    937            /* Enable HSE */
    938            RCC->CR |= ((uint32_t)RCC_CR_HSEON);
    939          
    940            /* Wait till HSE is ready and if Time out is reached exit */
    941            do
    942            {
    943              HSEStatus = RCC->CR & RCC_CR_HSERDY;
    944              StartUpCounter++;
    945            }
    946            while((HSEStatus == 0) && (StartUpCounter != HSE_STARTUP_TIMEOUT));
    947          
    948            if ((RCC->CR & RCC_CR_HSERDY) != RESET)
    949            {
    950              HSEStatus = (uint32_t)0x01;
    951            }
    952            else
    953            {
    954              HSEStatus = (uint32_t)0x00;
    955            }
    956          
    957            if (HSEStatus == (uint32_t)0x01)
    958            {
    959              /* Enable Prefetch Buffer */
    960              FLASH->ACR |= FLASH_ACR_PRFTBE;
    961          
    962              /* Flash 1 wait state */
    963              FLASH->ACR &= (uint32_t)((uint32_t)~FLASH_ACR_LATENCY);
    964              FLASH->ACR |= (uint32_t)FLASH_ACR_LATENCY_1;
    965          
    966              /* HCLK = SYSCLK */
    967              RCC->CFGR |= (uint32_t)RCC_CFGR_HPRE_DIV1;
    968          
    969              /* PCLK2 = HCLK */
    970              RCC->CFGR |= (uint32_t)RCC_CFGR_PPRE2_DIV1;
    971          
    972              /* PCLK1 = HCLK */
    973              RCC->CFGR |= (uint32_t)RCC_CFGR_PPRE1_DIV2;
    974          
    975              /*  PLL configuration: PLLCLK = HSE * 6 = 48 MHz */
    976              RCC->CFGR &= (uint32_t)((uint32_t)~(RCC_CFGR_PLLSRC | RCC_CFGR_PLLXTPRE | RCC_CFGR_PLLMULL));
    977              RCC->CFGR |= (uint32_t)(RCC_CFGR_PLLSRC_HSE | RCC_CFGR_PLLMULL6);
    978          
    979              /* Enable PLL */
    980              RCC->CR |= RCC_CR_PLLON;
    981          
    982              /* Wait till PLL is ready */
    983              while((RCC->CR & RCC_CR_PLLRDY) == 0)
    984              {
    985              }
    986          
    987              /* Select PLL as system clock source */
    988              RCC->CFGR &= (uint32_t)((uint32_t)~(RCC_CFGR_SW));
    989              RCC->CFGR |= (uint32_t)RCC_CFGR_SW_PLL;
    990          
    991              /* Wait till PLL is used as system clock source */
    992              while ((RCC->CFGR & (uint32_t)RCC_CFGR_SWS) != (uint32_t)0x08)
    993              {
    994              }
    995            }
    996            else
    997            {
    998              /* If HSE fails to start-up, the application will have wrong clock
    999                   configuration. User can add here some code to deal with this error */
   1000            }
   1001          }
   1002          
   1003          #elif defined SYSCLK_FREQ_56MHz
   1004          /**
   1005            * @brief  Sets System clock frequency to 56MHz and configure HCLK, PCLK2
   1006            *         and PCLK1 prescalers.
   1007            * @note   This function should be used only after reset.
   1008            * @param  None
   1009            * @retval None
   1010            */
   1011          static void SetSysClockTo56(void)
   1012          {
   1013            __IO uint32_t StartUpCounter = 0, HSEStatus = 0;
   1014          
   1015            /* SYSCLK, HCLK, PCLK2 and PCLK1 configuration ---------------------------*/
   1016            /* Enable HSE */
   1017            RCC->CR |= ((uint32_t)RCC_CR_HSEON);
   1018          
   1019            /* Wait till HSE is ready and if Time out is reached exit */
   1020            do
   1021            {
   1022              HSEStatus = RCC->CR & RCC_CR_HSERDY;
   1023              StartUpCounter++;
   1024            }
   1025            while((HSEStatus == 0) && (StartUpCounter != HSE_STARTUP_TIMEOUT));
   1026          
   1027            if ((RCC->CR & RCC_CR_HSERDY) != RESET)
   1028            {
   1029              HSEStatus = (uint32_t)0x01;
   1030            }
   1031            else
   1032            {
   1033              HSEStatus = (uint32_t)0x00;
   1034            }
   1035          
   1036            if (HSEStatus == (uint32_t)0x01)
   1037            {
   1038              /* Enable Prefetch Buffer */
   1039              FLASH->ACR |= FLASH_ACR_PRFTBE;
   1040          
   1041              /* Flash 2 wait state */
   1042              FLASH->ACR &= (uint32_t)((uint32_t)~FLASH_ACR_LATENCY);
   1043              FLASH->ACR |= (uint32_t)FLASH_ACR_LATENCY_1;
   1044          
   1045              /* HCLK = SYSCLK */
   1046              RCC->CFGR |= (uint32_t)RCC_CFGR_HPRE_DIV1;
   1047          
   1048              /* PCLK2 = HCLK */
   1049              RCC->CFGR |= (uint32_t)RCC_CFGR_PPRE2_DIV1;
   1050          
   1051              /* PCLK1 = HCLK */
   1052              RCC->CFGR |= (uint32_t)RCC_CFGR_PPRE1_DIV2;
   1053          
   1054              /* PLL configuration: PLLCLK = HSE * 7 = 56 MHz */
   1055              RCC->CFGR &= (uint32_t)((uint32_t)~(RCC_CFGR_PLLSRC | RCC_CFGR_PLLXTPRE | RCC_CFGR_PLLMULL));
   1056              RCC->CFGR |= (uint32_t)(RCC_CFGR_PLLSRC_HSE | RCC_CFGR_PLLMULL7);
   1057          
   1058              /* Enable PLL */
   1059              RCC->CR |= RCC_CR_PLLON;
   1060          
   1061              /* Wait till PLL is ready */
   1062              while((RCC->CR & RCC_CR_PLLRDY) == 0)
   1063              {
   1064              }
   1065          
   1066              /* Select PLL as system clock source */
   1067              RCC->CFGR &= (uint32_t)((uint32_t)~(RCC_CFGR_SW));
   1068              RCC->CFGR |= (uint32_t)RCC_CFGR_SW_PLL;
   1069          
   1070              /* Wait till PLL is used as system clock source */
   1071              while ((RCC->CFGR & (uint32_t)RCC_CFGR_SWS) != (uint32_t)0x08)
   1072              {
   1073              }
   1074            }
   1075            else
   1076            {
   1077              /* If HSE fails to start-up, the application will have wrong clock
   1078                   configuration. User can add here some code to deal with this error */
   1079            }
   1080          }
   1081          
   1082          #elif defined SYSCLK_FREQ_72MHz
   1083          /**
   1084            * @brief  Sets System clock frequency to 72MHz and configure HCLK, PCLK2
   1085            *         and PCLK1 prescalers.
   1086            * @note   This function should be used only after reset.
   1087            * @param  None
   1088            * @retval None
   1089            */
   1090          static void SetSysClockTo72(void)
   1091          {
   1092            __IO uint32_t StartUpCounter = 0, HSEStatus = 0;
   1093          
   1094            /* SYSCLK, HCLK, PCLK2 and PCLK1 configuration ---------------------------*/
   1095            /* Enable HSE */
   1096            RCC->CR |= ((uint32_t)RCC_CR_HSEON);
   1097          
   1098            /* Wait till HSE is ready and if Time out is reached exit */
   1099            do
   1100            {
   1101              HSEStatus = RCC->CR & RCC_CR_HSERDY;
   1102              StartUpCounter++;
   1103            }
   1104            while((HSEStatus == 0) && (StartUpCounter != HSE_STARTUP_TIMEOUT));
   1105          
   1106            if ((RCC->CR & RCC_CR_HSERDY) != RESET)
   1107            {
   1108              HSEStatus = (uint32_t)0x01;
   1109            }
   1110            else
   1111            {
   1112              HSEStatus = (uint32_t)0x00;
   1113            }
   1114          
   1115            if (HSEStatus == (uint32_t)0x01)
   1116            {
   1117              /* Enable Prefetch Buffer */
   1118              FLASH->ACR |= FLASH_ACR_PRFTBE;
   1119          
   1120              /* Flash 2 wait state */
   1121              FLASH->ACR &= (uint32_t)((uint32_t)~FLASH_ACR_LATENCY);
   1122              FLASH->ACR |= (uint32_t)FLASH_ACR_LATENCY_2;
   1123          
   1124          
   1125              /* HCLK = SYSCLK */
   1126              RCC->CFGR |= (uint32_t)RCC_CFGR_HPRE_DIV1;
   1127          
   1128              /* PCLK2 = HCLK */
   1129              RCC->CFGR |= (uint32_t)RCC_CFGR_PPRE2_DIV1;
   1130          
   1131              /* PCLK1 = HCLK */
   1132              RCC->CFGR |= (uint32_t)RCC_CFGR_PPRE1_DIV2;
   1133          
   1134              /*  PLL configuration: PLLCLK = HSE * 9 = 72 MHz */
   1135              RCC->CFGR &= (uint32_t)((uint32_t)~(RCC_CFGR_PLLSRC | RCC_CFGR_PLLXTPRE |
   1136                                                  RCC_CFGR_PLLMULL));
   1137              RCC->CFGR |= (uint32_t)(RCC_CFGR_PLLSRC_HSE | RCC_CFGR_PLLMULL9);
   1138          
   1139              /* Enable PLL */
   1140              RCC->CR |= RCC_CR_PLLON;
   1141          
   1142              /* Wait till PLL is ready */
   1143              while((RCC->CR & RCC_CR_PLLRDY) == 0)
   1144              {
   1145              }
   1146          
   1147              /* Select PLL as system clock source */
   1148              RCC->CFGR &= (uint32_t)((uint32_t)~(RCC_CFGR_SW));
   1149              RCC->CFGR |= (uint32_t)RCC_CFGR_SW_PLL;
   1150          
   1151              /* Wait till PLL is used as system clock source */
   1152              while ((RCC->CFGR & (uint32_t)RCC_CFGR_SWS) != (uint32_t)0x08)
   1153              {
   1154              }
   1155            }
   1156            else
   1157            {
   1158              /* If HSE fails to start-up, the application will have wrong clock
   1159                   configuration. User can add here some code to deal with this error */
   1160            }
   1161          }
   1162          
   1163          #elif defined SYSCLK_FREQ_96MHz
   1164          /**
   1165            * @brief  Sets System clock frequency to 96MHz and configure HCLK, PCLK2
   1166            *         and PCLK1 prescalers.
   1167            * @note   This function should be used only after reset.
   1168            * @param  None
   1169            * @retval None
   1170            */
   1171          static void SetSysClockTo96(void)
   1172          {
   1173            __IO uint32_t StartUpCounter = 0, HSEStatus = 0;
   1174          
   1175            /* SYSCLK, HCLK, PCLK2 and PCLK1 configuration ---------------------------*/
   1176            /* Enable HSE */
   1177            RCC->CR |= ((uint32_t)RCC_CR_HSEON);
   1178          
   1179            /* Wait till HSE is ready and if Time out is reached exit */
   1180            do
   1181            {
   1182              HSEStatus = RCC->CR & RCC_CR_HSERDY;
   1183              StartUpCounter++;
   1184            }
   1185            while((HSEStatus == 0) && (StartUpCounter != HSE_STARTUP_TIMEOUT));
   1186          
   1187            if ((RCC->CR & RCC_CR_HSERDY) != RESET)
   1188            {
   1189              HSEStatus = (uint32_t)0x01;
   1190            }
   1191            else
   1192            {
   1193              HSEStatus = (uint32_t)0x00;
   1194            }
   1195          
   1196            if (HSEStatus == (uint32_t)0x01)
   1197            {
   1198              /* Enable Prefetch Buffer */
   1199              FLASH->ACR |= FLASH_ACR_PRFTBE;
   1200          
   1201              /* Flash 2 wait state */
   1202              FLASH->ACR &= (uint32_t)((uint32_t)~FLASH_ACR_LATENCY);
   1203              FLASH->ACR |= (uint32_t)FLASH_ACR_LATENCY_2;
   1204          
   1205              /* HCLK = SYSCLK */
   1206              RCC->CFGR |= (uint32_t)RCC_CFGR_HPRE_DIV1;
   1207          
   1208              /* PCLK2 = HCLK */
   1209              RCC->CFGR |= (uint32_t)RCC_CFGR_PPRE2_DIV1;
   1210          
   1211              /* PCLK1 = HCLK/2 */
   1212              RCC->CFGR |= (uint32_t)RCC_CFGR_PPRE1_DIV2;
   1213          
   1214              /*  PLL configuration: PLLCLK = HSE * 12 = 96 MHz */
   1215              RCC->CFGR &= (uint32_t)((uint32_t)~(RCC_CFGR_PLLSRC | RCC_CFGR_PLLXTPRE |
   1216                                                  RCC_CFGR_PLLMULL));
   1217              RCC->CFGR |= (uint32_t)(RCC_CFGR_PLLSRC_HSE | RCC_CFGR_PLLMULL12 | RCC_CFGR_PLLRANGE_GT72MHZ);
   1218          
   1219              /* Enable PLL */
   1220              RCC->CR |= RCC_CR_PLLON;
   1221          
   1222              /* Wait till PLL is ready */
   1223              while((RCC->CR & RCC_CR_PLLRDY) == 0)
   1224              {
   1225              }
   1226          
   1227              /* Select PLL as system clock source */
   1228              RCC->CFGR &= (uint32_t)((uint32_t)~(RCC_CFGR_SW));
   1229              RCC->CFGR |= (uint32_t)RCC_CFGR_SW_PLL;
   1230          
   1231              /* Wait till PLL is used as system clock source */
   1232              while ((RCC->CFGR & (uint32_t)RCC_CFGR_SWS) != (uint32_t)0x08)
   1233              {
   1234              }
   1235            }
   1236            else
   1237            {
   1238              /* If HSE fails to start-up, the application will have wrong clock
   1239                   configuration. User can add here some code to deal with this error */
   1240            }
   1241          }
   1242          
   1243          #elif defined SYSCLK_FREQ_108MHz
   1244          /**
   1245            * @brief  Sets System clock frequency to 108MHz and configure HCLK, PCLK2
   1246            *         and PCLK1 prescalers.
   1247            * @note   This function should be used only after reset.
   1248            * @param  None
   1249            * @retval None
   1250            */
   1251          static void SetSysClockTo108(void)
   1252          {
   1253            __IO uint32_t StartUpCounter = 0, HSEStatus = 0;
   1254          
   1255            /* SYSCLK, HCLK, PCLK2 and PCLK1 configuration ---------------------------*/
   1256            /* Enable HSE */
   1257            RCC->CR |= ((uint32_t)RCC_CR_HSEON);
   1258          
   1259            /* Wait till HSE is ready and if Time out is reached exit */
   1260            do
   1261            {
   1262              HSEStatus = RCC->CR & RCC_CR_HSERDY;
   1263              StartUpCounter++;
   1264            }
   1265            while((HSEStatus == 0) && (StartUpCounter != HSE_STARTUP_TIMEOUT));
   1266          
   1267            if ((RCC->CR & RCC_CR_HSERDY) != RESET)
   1268            {
   1269              HSEStatus = (uint32_t)0x01;
   1270            }
   1271            else
   1272            {
   1273              HSEStatus = (uint32_t)0x00;
   1274            }
   1275          
   1276            if (HSEStatus == (uint32_t)0x01)
   1277            {
   1278              /* Enable Prefetch Buffer */
   1279              FLASH->ACR |= FLASH_ACR_PRFTBE;
   1280          
   1281              /* Flash 2 wait state */
   1282              FLASH->ACR &= (uint32_t)((uint32_t)~FLASH_ACR_LATENCY);
   1283              FLASH->ACR |= (uint32_t)FLASH_ACR_LATENCY_3;
   1284          
   1285              /* HCLK = SYSCLK */
   1286              RCC->CFGR |= (uint32_t)RCC_CFGR_HPRE_DIV1;
   1287          
   1288              /* PCLK2 = HCLK */
   1289              RCC->CFGR |= (uint32_t)RCC_CFGR_PPRE2_DIV1;
   1290          
   1291              /* PCLK1 = HCLK/2 */
   1292              RCC->CFGR |= (uint32_t)RCC_CFGR_PPRE1_DIV2;
   1293          
   1294              /*  PLL configuration: PLLCLK = HSE/2 * 27 = 108 MHz */
   1295              RCC->CFGR &= (uint32_t)((uint32_t)~(RCC_CFGR_PLLSRC | RCC_CFGR_PLLXTPRE |
   1296                                                  RCC_CFGR_PLLMULL));
   1297              RCC->CFGR |= (uint32_t)(RCC_CFGR_PLLSRC_HSE | RCC_CFGR_PLLXTPRE_HSE_Div2 | RCC_CFGR_PLLMULL27 | RCC_CFGR_PLLRANGE_GT72MHZ);
   1298          
   1299              /* Enable PLL */
   1300              RCC->CR |= RCC_CR_PLLON;
   1301          
   1302              /* Wait till PLL is ready */
   1303              while((RCC->CR & RCC_CR_PLLRDY) == 0)
   1304              {
   1305              }
   1306          #if defined (STM32F10X_403A) || defined (STM32F10X_407)
   1307              RCC_StepModeCmd(ENABLE);
   1308          #endif
   1309              /* Select PLL as system clock source */
   1310              RCC->CFGR &= (uint32_t)((uint32_t)~(RCC_CFGR_SW));
   1311              RCC->CFGR |= (uint32_t)RCC_CFGR_SW_PLL;
   1312          
   1313              /* Wait till PLL is used as system clock source */
   1314              while ((RCC->CFGR & (uint32_t)RCC_CFGR_SWS) != (uint32_t)0x08)
   1315              {
   1316              }
   1317          #if defined (STM32F10X_403A) || defined (STM32F10X_407)
   1318              RCC_StepModeCmd(DISABLE);
   1319          #endif
   1320            }
   1321            else
   1322            {
   1323              /* If HSE fails to start-up, the application will have wrong clock
   1324                   configuration. User can add here some code to deal with this error */
   1325            }
   1326          }
   1327          
   1328          #elif defined SYSCLK_FREQ_120MHz
   1329          /**
   1330            * @brief  Sets System clock frequency to 120MHz and configure HCLK, PCLK2
   1331            *         and PCLK1 prescalers.
   1332            * @note   This function should be used only after reset.
   1333            * @param  None
   1334            * @retval None
   1335            */
   1336          static void SetSysClockTo120(void)
   1337          {
   1338            __IO uint32_t StartUpCounter = 0, HSEStatus = 0;
   1339          
   1340            /* SYSCLK, HCLK, PCLK2 and PCLK1 configuration ---------------------------*/
   1341            /* Enable HSE */
   1342            RCC->CR |= ((uint32_t)RCC_CR_HSEON);
   1343          
   1344            /* Wait till HSE is ready and if Time out is reached exit */
   1345            do
   1346            {
   1347              HSEStatus = RCC->CR & RCC_CR_HSERDY;
   1348              StartUpCounter++;
   1349            }
   1350            while((HSEStatus == 0) && (StartUpCounter != HSE_STARTUP_TIMEOUT));
   1351          
   1352            if ((RCC->CR & RCC_CR_HSERDY) != RESET)
   1353            {
   1354              HSEStatus = (uint32_t)0x01;
   1355            }
   1356            else
   1357            {
   1358              HSEStatus = (uint32_t)0x00;
   1359            }
   1360          
   1361            if (HSEStatus == (uint32_t)0x01)
   1362            {
   1363              /* Enable Prefetch Buffer */
   1364              FLASH->ACR |= FLASH_ACR_PRFTBE;
   1365          
   1366              /* Flash 2 wait state */
   1367              FLASH->ACR &= (uint32_t)((uint32_t)~FLASH_ACR_LATENCY);
   1368              FLASH->ACR |= (uint32_t)FLASH_ACR_LATENCY_3;
   1369          
   1370              /* HCLK = SYSCLK */
   1371              RCC->CFGR |= (uint32_t)RCC_CFGR_HPRE_DIV1;
   1372          
   1373              /* PCLK2 = HCLK/2 */
   1374              RCC->CFGR |= (uint32_t)RCC_CFGR_PPRE2_DIV2;
   1375          
   1376              /* PCLK1 = HCLK/2 */
   1377              RCC->CFGR |= (uint32_t)RCC_CFGR_PPRE1_DIV2;
   1378          
   1379              /*  PLL configuration: PLLCLK = HSE * 15 = 120 MHz */
   1380              RCC->CFGR &= (uint32_t)((uint32_t)~(RCC_CFGR_PLLSRC | RCC_CFGR_PLLXTPRE |
   1381                                                  RCC_CFGR_PLLMULL));
   1382              RCC->CFGR |= (uint32_t)(RCC_CFGR_PLLSRC_HSE | RCC_CFGR_PLLMULL15 | RCC_CFGR_PLLRANGE_GT72MHZ);
   1383          
   1384              /* Enable PLL */
   1385              RCC->CR |= RCC_CR_PLLON;
   1386          
   1387              /* Wait till PLL is ready */
   1388              while((RCC->CR & RCC_CR_PLLRDY) == 0)
   1389              {
   1390              }
   1391          #if defined (STM32F10X_403A) || defined (STM32F10X_407)
   1392              RCC_StepModeCmd(ENABLE);
   1393          #endif
   1394              /* Select PLL as system clock source */
   1395              RCC->CFGR &= (uint32_t)((uint32_t)~(RCC_CFGR_SW));
   1396              RCC->CFGR |= (uint32_t)RCC_CFGR_SW_PLL;
   1397          
   1398              /* Wait till PLL is used as system clock source */
   1399              while ((RCC->CFGR & (uint32_t)RCC_CFGR_SWS) != (uint32_t)0x08)
   1400              {
   1401              }
   1402          #if defined (STM32F10X_403A) || defined (STM32F10X_407)
   1403              RCC_StepModeCmd(DISABLE);
   1404          #endif
   1405            }
   1406            else
   1407            {
   1408              /* If HSE fails to start-up, the application will have wrong clock
   1409                   configuration. User can add here some code to deal with this error */
   1410            }
   1411          }
   1412          
   1413          #elif defined SYSCLK_FREQ_144MHz
   1414          /**
   1415            * @brief  Sets System clock frequency to 144MHz and configure HCLK, PCLK2
   1416            *         and PCLK1 prescalers.
   1417            * @note   This function should be used only after reset.
   1418            * @param  None
   1419            * @retval None
   1420            */
   1421          static void SetSysClockTo144(void)
   1422          {
   1423            __IO uint32_t StartUpCounter = 0, HSEStatus = 0;
   1424          
   1425            /* SYSCLK, HCLK, PCLK2 and PCLK1 configuration ---------------------------*/
   1426            /* Enable HSE */
   1427            RCC->CR |= ((uint32_t)RCC_CR_HSEON);
   1428          
   1429            /* Wait till HSE is ready and if Time out is reached exit */
   1430            do
   1431            {
   1432              HSEStatus = RCC->CR & RCC_CR_HSERDY;
   1433              StartUpCounter++;
   1434            }
   1435            while((HSEStatus == 0) && (StartUpCounter != HSE_STARTUP_TIMEOUT));
   1436          
   1437            if ((RCC->CR & RCC_CR_HSERDY) != RESET)
   1438            {
   1439              HSEStatus = (uint32_t)0x01;
   1440            }
   1441            else
   1442            {
   1443              HSEStatus = (uint32_t)0x00;
   1444            }
   1445          
   1446            if (HSEStatus == (uint32_t)0x01)
   1447            {
   1448              /* Enable Prefetch Buffer */
   1449              FLASH->ACR |= FLASH_ACR_PRFTBE;
   1450          
   1451              /* Flash 2 wait state */
   1452              FLASH->ACR &= (uint32_t)((uint32_t)~FLASH_ACR_LATENCY);
   1453              FLASH->ACR |= (uint32_t)FLASH_ACR_LATENCY_4;
   1454          
   1455              /* HCLK = SYSCLK */
   1456              RCC->CFGR |= (uint32_t)RCC_CFGR_HPRE_DIV1;
   1457          
   1458              /* PCLK2 = HCLK/2 */
   1459              RCC->CFGR |= (uint32_t)RCC_CFGR_PPRE2_DIV2;
   1460          
   1461              /* PCLK1 = HCLK/2 */
   1462              RCC->CFGR |= (uint32_t)RCC_CFGR_PPRE1_DIV2;
   1463          
   1464              /*  PLL configuration: PLLCLK = HSE * 18 = 144 MHz */
   1465              RCC->CFGR &= (uint32_t)((uint32_t)~(RCC_CFGR_PLLSRC | RCC_CFGR_PLLXTPRE |
   1466                                                  RCC_CFGR_PLLMULL));
   1467              RCC->CFGR |= (uint32_t)(RCC_CFGR_PLLSRC_HSE | RCC_CFGR_PLLMULL18 | RCC_CFGR_PLLRANGE_GT72MHZ);
   1468          
   1469              /* Enable PLL */
   1470              RCC->CR |= RCC_CR_PLLON;
   1471          
   1472              /* Wait till PLL is ready */
   1473              while((RCC->CR & RCC_CR_PLLRDY) == 0)
   1474              {
   1475              }
   1476          #if defined (STM32F10X_403A) || defined (STM32F10X_407)
   1477              RCC_StepModeCmd(ENABLE);
   1478          #endif
   1479              /* Select PLL as system clock source */
   1480              RCC->CFGR &= (uint32_t)((uint32_t)~(RCC_CFGR_SW));
   1481              RCC->CFGR |= (uint32_t)RCC_CFGR_SW_PLL;
   1482          
   1483              /* Wait till PLL is used as system clock source */
   1484              while ((RCC->CFGR & (uint32_t)RCC_CFGR_SWS) != (uint32_t)0x08)
   1485              {
   1486              }
   1487          #if defined (STM32F10X_403A) || defined (STM32F10X_407)
   1488              RCC_StepModeCmd(DISABLE);
   1489          #endif
   1490            }
   1491            else
   1492            {
   1493              /* If HSE fails to start-up, the application will have wrong clock
   1494                   configuration. User can add here some code to deal with this error */
   1495            }
   1496          }
   1497          
   1498          #elif defined SYSCLK_FREQ_168MHz
   1499          /**
   1500            * @brief  Sets System clock frequency to 168MHz and configure HCLK, PCLK2
   1501            *         and PCLK1 prescalers.
   1502            * @note   This function should be used only after reset.
   1503            * @param  None
   1504            * @retval None
   1505            */
   1506          static void SetSysClockTo168(void)
   1507          {
   1508            __IO uint32_t StartUpCounter = 0, HSEStatus = 0;
   1509          
   1510            /* SYSCLK, HCLK, PCLK2 and PCLK1 configuration ---------------------------*/
   1511            /* Enable HSE */
   1512            RCC->CR |= ((uint32_t)RCC_CR_HSEON);
   1513          
   1514            /* Wait till HSE is ready and if Time out is reached exit */
   1515            do
   1516            {
   1517              HSEStatus = RCC->CR & RCC_CR_HSERDY;
   1518              StartUpCounter++;
   1519            }
   1520            while((HSEStatus == 0) && (StartUpCounter != HSE_STARTUP_TIMEOUT));
   1521          
   1522            if ((RCC->CR & RCC_CR_HSERDY) != RESET)
   1523            {
   1524              HSEStatus = (uint32_t)0x01;
   1525            }
   1526            else
   1527            {
   1528              HSEStatus = (uint32_t)0x00;
   1529            }
   1530          
   1531            if (HSEStatus == (uint32_t)0x01)
   1532            {
   1533              /* HCLK = SYSCLK */
   1534              RCC->CFGR |= (uint32_t)RCC_CFGR_HPRE_DIV1;
   1535          
   1536              /* PCLK2 = HCLK/2 */
   1537              RCC->CFGR |= (uint32_t)RCC_CFGR_PPRE2_DIV2;
   1538          
   1539              /* PCLK1 = HCLK/2 */
   1540              RCC->CFGR |= (uint32_t)RCC_CFGR_PPRE1_DIV2;
   1541          
   1542              /*  PLL configuration: PLLCLK = HSE * 21 = 168 MHz */
   1543              RCC->CFGR &= (uint32_t)((uint32_t)~(RCC_CFGR_PLLSRC | RCC_CFGR_PLLXTPRE |
   1544                                                  RCC_CFGR_PLLMULL));
   1545              RCC->CFGR |= (uint32_t)(RCC_CFGR_PLLSRC_HSE | RCC_CFGR_PLLMULL21 | RCC_CFGR_PLLRANGE_GT72MHZ);
   1546          
   1547              /* Enable PLL */
   1548              RCC->CR |= RCC_CR_PLLON;
   1549          
   1550              /* Wait till PLL is ready */
   1551              while((RCC->CR & RCC_CR_PLLRDY) == 0)
   1552              {
   1553              }
   1554          #if defined (STM32F10X_403A) || defined (STM32F10X_407)
   1555              RCC_StepModeCmd(ENABLE);
   1556          #endif
   1557              /* Select PLL as system clock source */
   1558              RCC->CFGR &= (uint32_t)((uint32_t)~(RCC_CFGR_SW));
   1559              RCC->CFGR |= (uint32_t)RCC_CFGR_SW_PLL;
   1560          
   1561              /* Wait till PLL is used as system clock source */
   1562              while ((RCC->CFGR & (uint32_t)RCC_CFGR_SWS) != (uint32_t)0x08)
   1563              {
   1564              }
   1565          #if defined (STM32F10X_403A) || defined (STM32F10X_407)
   1566              RCC_StepModeCmd(DISABLE);
   1567          #endif
   1568            }
   1569            else
   1570            {
   1571              /* If HSE fails to start-up, the application will have wrong clock
   1572                   configuration. User can add here some code to deal with this error */
   1573            }
   1574          }
   1575          
   1576          #elif defined SYSCLK_FREQ_176MHz
   1577          /**
   1578            * @brief  Sets System clock frequency to 176MHz and configure HCLK, PCLK2
   1579            *         and PCLK1 prescalers.
   1580            * @note   This function should be used only after reset.
   1581            * @param  None
   1582            * @retval None
   1583            */
   1584          static void SetSysClockTo176(void)
   1585          {
   1586            __IO uint32_t StartUpCounter = 0, HSEStatus = 0;
   1587          
   1588            /* SYSCLK, HCLK, PCLK2 and PCLK1 configuration ---------------------------*/
   1589            /* Enable HSE */
   1590            RCC->CR |= ((uint32_t)RCC_CR_HSEON);
   1591          
   1592            /* Wait till HSE is ready and if Time out is reached exit */
   1593            do
   1594            {
   1595              HSEStatus = RCC->CR & RCC_CR_HSERDY;
   1596              StartUpCounter++;
   1597            }
   1598            while((HSEStatus == 0) && (StartUpCounter != HSE_STARTUP_TIMEOUT));
   1599            if ((RCC->CR & RCC_CR_HSERDY) != RESET)
   1600            {
   1601              HSEStatus = (uint32_t)0x01;
   1602            }
   1603            else
   1604            {
   1605              HSEStatus = (uint32_t)0x00;
   1606            }
   1607          
   1608            if (HSEStatus == (uint32_t)0x01)
   1609            {
   1610              /* HCLK = SYSCLK */
   1611              RCC->CFGR |= (uint32_t)RCC_CFGR_HPRE_DIV1;
   1612          
   1613              /* PCLK2 = HCLK/2 */
   1614              RCC->CFGR |= (uint32_t)RCC_CFGR_PPRE2_DIV2;
   1615          
   1616              /* PCLK1 = HCLK/2 */
   1617              RCC->CFGR |= (uint32_t)RCC_CFGR_PPRE1_DIV2;
   1618          
   1619              /*  PLL configuration: PLLCLK = HSE * 22 = 176 MHz */
   1620              RCC->CFGR &= (uint32_t)((uint32_t)~(RCC_CFGR_PLLSRC | RCC_CFGR_PLLXTPRE |
   1621                                                  RCC_CFGR_PLLMULL));
   1622              RCC->CFGR |= (uint32_t)(RCC_CFGR_PLLSRC_HSE | RCC_CFGR_PLLMULL22 | RCC_CFGR_PLLRANGE_GT72MHZ);
   1623          
   1624              /* Enable PLL */
   1625              RCC->CR |= RCC_CR_PLLON;
   1626          
   1627              /* Wait till PLL is ready */
   1628              while((RCC->CR & RCC_CR_PLLRDY) == 0)
   1629              {
   1630              }
   1631          #if defined (STM32F10X_403A) || defined (STM32F10X_407)
   1632              RCC_StepModeCmd(ENABLE);
   1633          #endif
   1634              /* Select PLL as system clock source */
   1635              RCC->CFGR &= (uint32_t)((uint32_t)~(RCC_CFGR_SW));
   1636              RCC->CFGR |= (uint32_t)RCC_CFGR_SW_PLL;
   1637          
   1638              /* Wait till PLL is used as system clock source */
   1639              while ((RCC->CFGR & (uint32_t)RCC_CFGR_SWS) != (uint32_t)0x08)
   1640              {
   1641              }
   1642          #if defined (STM32F10X_403A) || defined (STM32F10X_407)
   1643              RCC_StepModeCmd(DISABLE);
   1644          #endif
   1645            }
   1646            else
   1647            {
   1648              /* If HSE fails to start-up, the application will have wrong clock
   1649                   configuration. User can add here some code to deal with this error */
   1650            }
   1651          }
   1652          
   1653          #elif defined SYSCLK_FREQ_192MHz
   1654          /**
   1655            * @brief  Sets System clock frequency to 192MHz and configure HCLK, PCLK2
   1656            *         and PCLK1 prescalers.
   1657            * @note   This function should be used only after reset.
   1658            * @param  None
   1659            * @retval None
   1660            */
   1661          static void SetSysClockTo192(void)
   1662          {
   1663            __IO uint32_t StartUpCounter = 0, HSEStatus = 0;
   1664          
   1665            /* SYSCLK, HCLK, PCLK2 and PCLK1 configuration ---------------------------*/
   1666            /* Enable HSE */
   1667            RCC->CR |= ((uint32_t)RCC_CR_HSEON);
   1668          
   1669            /* Wait till HSE is ready and if Time out is reached exit */
   1670            do
   1671            {
   1672              HSEStatus = RCC->CR & RCC_CR_HSERDY;
   1673              StartUpCounter++;
   1674            }
   1675            while((HSEStatus == 0) && (StartUpCounter != HSE_STARTUP_TIMEOUT));
   1676          
   1677            if ((RCC->CR & RCC_CR_HSERDY) != RESET)
   1678            {
   1679              HSEStatus = (uint32_t)0x01;
   1680            }
   1681            else
   1682            {
   1683              HSEStatus = (uint32_t)0x00;
   1684            }
   1685          
   1686            if (HSEStatus == (uint32_t)0x01)
   1687            {
   1688              /* HCLK = SYSCLK */
   1689              RCC->CFGR |= (uint32_t)RCC_CFGR_HPRE_DIV1;
   1690          
   1691              /* PCLK2 = HCLK/2 */
   1692              RCC->CFGR |= (uint32_t)RCC_CFGR_PPRE2_DIV2;
   1693          
   1694              /* PCLK1 = HCLK/2 */
   1695              RCC->CFGR |= (uint32_t)RCC_CFGR_PPRE1_DIV2;
   1696          
   1697              /*  PLL configuration: PLLCLK = HSE * 24 = 192 MHz */
   1698              RCC->CFGR &= (uint32_t)((uint32_t)~(RCC_CFGR_PLLSRC | RCC_CFGR_PLLXTPRE |
   1699                                                  RCC_CFGR_PLLMULL));
   1700              RCC->CFGR |= (uint32_t)(RCC_CFGR_PLLSRC_HSE | RCC_CFGR_PLLMULL24 | RCC_CFGR_PLLRANGE_GT72MHZ);
   1701          
   1702              /* Enable PLL */
   1703              RCC->CR |= RCC_CR_PLLON;
   1704          
   1705              /* Wait till PLL is ready */
   1706              while((RCC->CR & RCC_CR_PLLRDY) == 0)
   1707              {
   1708              }
   1709          #if defined (STM32F10X_403A) || defined (STM32F10X_407)
   1710              RCC_StepModeCmd(ENABLE);
   1711          #endif
   1712              /* Select PLL as system clock source */
   1713              RCC->CFGR &= (uint32_t)((uint32_t)~(RCC_CFGR_SW));
   1714              RCC->CFGR |= (uint32_t)RCC_CFGR_SW_PLL;
   1715          
   1716              /* Wait till PLL is used as system clock source */
   1717              while ((RCC->CFGR & (uint32_t)RCC_CFGR_SWS) != (uint32_t)0x08)
   1718              {
   1719              }
   1720          #if defined (STM32F10X_403A) || defined (STM32F10X_407)
   1721              RCC_StepModeCmd(DISABLE);
   1722          #endif
   1723            }
   1724            else
   1725            {
   1726              /* If HSE fails to start-up, the application will have wrong clock
   1727                   configuration. User can add here some code to deal with this error */
   1728            }
   1729          }
   1730          
   1731          #elif defined SYSCLK_FREQ_200MHz
   1732          /**
   1733            * @brief  Sets System clock frequency to 200MHz and configure HCLK, PCLK2
   1734            *         and PCLK1 prescalers.
   1735            * @note   This function should be used only after reset.
   1736            * @param  None
   1737            * @retval None
   1738            */
   1739          static void SetSysClockTo200(void)
   1740          {
   1741            __IO uint32_t StartUpCounter = 0, HSEStatus = 0;
   1742          
   1743            /* SYSCLK, HCLK, PCLK2 and PCLK1 configuration ---------------------------*/
   1744            /* Enable HSE */
   1745            RCC->CR |= ((uint32_t)RCC_CR_HSEON);
   1746          
   1747            /* Wait till HSE is ready and if Time out is reached exit */
   1748            do
   1749            {
   1750              HSEStatus = RCC->CR & RCC_CR_HSERDY;
   1751              StartUpCounter++;
   1752            }
   1753            while((HSEStatus == 0) && (StartUpCounter != HSE_STARTUP_TIMEOUT));
   1754          
   1755            if ((RCC->CR & RCC_CR_HSERDY) != RESET)
   1756            {
   1757              HSEStatus = (uint32_t)0x01;
   1758            }
   1759            else
   1760            {
   1761              HSEStatus = (uint32_t)0x00;
   1762            }
   1763          
   1764            if (HSEStatus == (uint32_t)0x01)
   1765            {
   1766              /* HCLK = SYSCLK */
   1767              RCC->CFGR |= (uint32_t)RCC_CFGR_HPRE_DIV1;
   1768          
   1769              /* PCLK2 = HCLK/2 */
   1770              RCC->CFGR |= (uint32_t)RCC_CFGR_PPRE2_DIV2;
   1771          
   1772              /* PCLK1 = HCLK/2 */
   1773              RCC->CFGR |= (uint32_t)RCC_CFGR_PPRE1_DIV2;
   1774          
   1775              /*  PLL configuration: PLLCLK = HSE * 25 = 200 MHz */
   1776              RCC->CFGR &= (uint32_t)((uint32_t)~(RCC_CFGR_PLLSRC | RCC_CFGR_PLLXTPRE |
   1777                                                  RCC_CFGR_PLLMULL));
   1778              RCC->CFGR |= (uint32_t)(RCC_CFGR_PLLSRC_HSE | RCC_CFGR_PLLMULL25 | RCC_CFGR_PLLRANGE_GT72MHZ);
   1779          
   1780              /* Enable PLL */
   1781              RCC->CR |= RCC_CR_PLLON;
   1782          
   1783              /* Wait till PLL is ready */
   1784              while((RCC->CR & RCC_CR_PLLRDY) == 0)
   1785              {
   1786              }
   1787          #if defined (STM32F10X_403A) || defined (STM32F10X_407)
   1788              RCC_StepModeCmd(ENABLE);
   1789          #endif
   1790              /* Select PLL as system clock source */
   1791              RCC->CFGR &= (uint32_t)((uint32_t)~(RCC_CFGR_SW));
   1792              RCC->CFGR |= (uint32_t)RCC_CFGR_SW_PLL;
   1793          
   1794              /* Wait till PLL is used as system clock source */
   1795              while ((RCC->CFGR & (uint32_t)RCC_CFGR_SWS) != (uint32_t)0x08)
   1796              {
   1797              }
   1798          #if defined (STM32F10X_403A) || defined (STM32F10X_407)
   1799              RCC_StepModeCmd(DISABLE);
   1800          #endif
   1801            }
   1802            else
   1803            {
   1804              /* If HSE fails to start-up, the application will have wrong clock
   1805                   configuration. User can add here some code to deal with this error */
   1806            }
   1807          }
   1808          
   1809          #elif defined SYSCLK_FREQ_224MHz
   1810          /**
   1811            * @brief  Sets System clock frequency to 224MHz and configure HCLK, PCLK2
   1812            *         and PCLK1 prescalers.
   1813            * @note   This function should be used only after reset.
   1814            * @param  None
   1815            * @retval None
   1816            */
   1817          static void SetSysClockTo224(void)
   1818          {
   1819            __IO uint32_t StartUpCounter = 0, HSEStatus = 0;
   1820          
   1821            /* SYSCLK, HCLK, PCLK2 and PCLK1 configuration ---------------------------*/
   1822            /* Enable HSE */
   1823            RCC->CR |= ((uint32_t)RCC_CR_HSEON);
   1824          
   1825            /* Wait till HSE is ready and if Time out is reached exit */
   1826            do
   1827            {
   1828              HSEStatus = RCC->CR & RCC_CR_HSERDY;
   1829              StartUpCounter++;
   1830            }
   1831            while((HSEStatus == 0) && (StartUpCounter != HSE_STARTUP_TIMEOUT));
   1832          
   1833            if ((RCC->CR & RCC_CR_HSERDY) != RESET)
   1834            {
   1835              HSEStatus = (uint32_t)0x01;
   1836            }
   1837            else
   1838            {
   1839              HSEStatus = (uint32_t)0x00;
   1840            }
   1841          
   1842            if (HSEStatus == (uint32_t)0x01)
   1843            {
   1844              /* HCLK = SYSCLK */
   1845              RCC->CFGR |= (uint32_t)RCC_CFGR_HPRE_DIV1;
   1846          
   1847              /* PCLK2 = HCLK/2 */
   1848              RCC->CFGR |= (uint32_t)RCC_CFGR_PPRE2_DIV2;
   1849          
   1850              /* PCLK1 = HCLK/2 */
   1851              RCC->CFGR |= (uint32_t)RCC_CFGR_PPRE1_DIV2;
   1852          
   1853              /*  PLL configuration: PLLCLK = HSE * 28 = 224 MHz */
   1854              RCC->CFGR &= (uint32_t)((uint32_t)~(RCC_CFGR_PLLSRC | RCC_CFGR_PLLXTPRE |
   1855                                                  RCC_CFGR_PLLMULL));
   1856              RCC->CFGR |= (uint32_t)(RCC_CFGR_PLLSRC_HSE | RCC_CFGR_PLLMULL28 | RCC_CFGR_PLLRANGE_GT72MHZ);
   1857          
   1858              /* Enable PLL */
   1859              RCC->CR |= RCC_CR_PLLON;
   1860          
   1861              /* Wait till PLL is ready */
   1862              while((RCC->CR & RCC_CR_PLLRDY) == 0)
   1863              {
   1864              }
   1865          #if defined (STM32F10X_403A) || defined (STM32F10X_407)
   1866              RCC_StepModeCmd(ENABLE);
   1867          #endif
   1868              /* Select PLL as system clock source */
   1869              RCC->CFGR &= (uint32_t)((uint32_t)~(RCC_CFGR_SW));
   1870              RCC->CFGR |= (uint32_t)RCC_CFGR_SW_PLL;
   1871          
   1872              /* Wait till PLL is used as system clock source */
   1873              while ((RCC->CFGR & (uint32_t)RCC_CFGR_SWS) != (uint32_t)0x08)
   1874              {
   1875              }
   1876          #if defined (STM32F10X_403A) || defined (STM32F10X_407)
   1877              RCC_StepModeCmd(DISABLE);
   1878          #endif
   1879            }
   1880            else
   1881            {
   1882              /* If HSE fails to start-up, the application will have wrong clock
   1883                   configuration. User can add here some code to deal with this error */
   1884            }
   1885          }
   1886          
   1887          #elif defined SYSCLK_FREQ_240MHz
   1888          /**
   1889            * @brief  Sets System clock frequency to 240MHz and configure HCLK, PCLK2
   1890            *         and PCLK1 prescalers.
   1891            * @note   This function should be used only after reset.
   1892            * @param  None
   1893            * @retval None
   1894            */
   1895          static void SetSysClockTo240(void)
   1896          {
   1897            __IO uint32_t StartUpCounter = 0, HSEStatus = 0;
   1898          
   1899            /* SYSCLK, HCLK, PCLK2 and PCLK1 configuration ---------------------------*/
   1900            /* Enable HSE */
   1901            RCC->CR |= ((uint32_t)RCC_CR_HSEON);
   1902          
   1903            /* Wait till HSE is ready and if Time out is reached exit */
   1904            do
   1905            {
   1906              HSEStatus = RCC->CR & RCC_CR_HSERDY;
   1907              StartUpCounter++;
   1908            }
   1909            while((HSEStatus == 0) && (StartUpCounter != HSE_STARTUP_TIMEOUT));
   1910          
   1911            if ((RCC->CR & RCC_CR_HSERDY) != RESET)
   1912            {
   1913              HSEStatus = (uint32_t)0x01;
   1914            }
   1915            else
   1916            {
   1917              HSEStatus = (uint32_t)0x00;
   1918            }
   1919          
   1920            if (HSEStatus == (uint32_t)0x01)
   1921            {
   1922              /* HCLK = SYSCLK */
   1923              RCC->CFGR |= (uint32_t)RCC_CFGR_HPRE_DIV1;
   1924          
   1925              /* PCLK2 = HCLK/2 */
   1926              RCC->CFGR |= (uint32_t)RCC_CFGR_PPRE2_DIV2;
   1927          
   1928              /* PCLK1 = HCLK/2 */
   1929              RCC->CFGR |= (uint32_t)RCC_CFGR_PPRE1_DIV2;
   1930          
   1931              /*  PLL configuration: PLLCLK = HSE * 30 = 240 MHz */
   1932              RCC->CFGR &= (uint32_t)((uint32_t)~(RCC_CFGR_PLLSRC | RCC_CFGR_PLLXTPRE |
   1933                                                  RCC_CFGR_PLLMULL));
   1934              RCC->CFGR |= (uint32_t)(RCC_CFGR_PLLSRC_HSE | RCC_CFGR_PLLMULL30 | RCC_CFGR_PLLRANGE_GT72MHZ);
   1935          
   1936              /* Enable PLL */
   1937              RCC->CR |= RCC_CR_PLLON;
   1938          
   1939              /* Wait till PLL is ready */
   1940              while((RCC->CR & RCC_CR_PLLRDY) == 0)
   1941              {
   1942              }
   1943          #if defined (STM32F10X_403A) || defined (STM32F10X_407)
   1944              RCC_StepModeCmd(ENABLE);
   1945          #endif
   1946              /* Select PLL as system clock source */
   1947              RCC->CFGR &= (uint32_t)((uint32_t)~(RCC_CFGR_SW));
   1948              RCC->CFGR |= (uint32_t)RCC_CFGR_SW_PLL;
   1949          
   1950              /* Wait till PLL is used as system clock source */
   1951              while ((RCC->CFGR & (uint32_t)RCC_CFGR_SWS) != (uint32_t)0x08)
   1952              {
   1953              }
   1954          #if defined (STM32F10X_403A) || defined (STM32F10X_407)
   1955              RCC_StepModeCmd(DISABLE);
   1956          #endif
   1957            }
   1958            else
   1959            {
   1960              /* If HSE fails to start-up, the application will have wrong clock
   1961                   configuration. User can add here some code to deal with this error */
   1962            }
   1963          }
   1964          
   1965          #elif defined SYSCLK_FREQ_24MHz_HSI
   1966          /**
   1967            * @brief  Sets System clock frequency to 24MHz from HSI and configure HCLK, PCLK2
   1968            *         and PCLK1 prescalers.
   1969            * @note   This function should be used only after reset.
   1970            * @param  None
   1971            * @retval None
   1972            */
   1973          static void SetSysClockTo24MHSI(void)
   1974          {
   1975            __IO uint32_t StartUpCounter = 0, HSIStatus = 0;
   1976          
   1977            /* SYSCLK, HCLK, PCLK2 and PCLK1 configuration ---------------------------*/
   1978            /* Enable HSI */
   1979            RCC->CR |= ((uint32_t)RCC_CR_HSION);
   1980          
   1981            /* Wait till HSI is ready and if Time out is reached exit */
   1982            do
   1983            {
   1984              HSIStatus = RCC->CR & RCC_CR_HSIRDY;
   1985              StartUpCounter++;
   1986            }
   1987            while((HSIStatus == 0) && (StartUpCounter != 0xFFFF));
   1988          
   1989            if ((RCC->CR & RCC_CR_HSIRDY) != RESET)
   1990            {
   1991              HSIStatus = (uint32_t)0x01;
   1992            }
   1993            else
   1994            {
   1995              HSIStatus = (uint32_t)0x00;
   1996            }
   1997          
   1998            if (HSIStatus == (uint32_t)0x01)
   1999            {
   2000              /* Enable Prefetch Buffer */
   2001              FLASH->ACR |= FLASH_ACR_PRFTBE;
   2002          
   2003              /* Flash 0 wait state */
   2004              FLASH->ACR &= (uint32_t)((uint32_t)~FLASH_ACR_LATENCY);
   2005              FLASH->ACR |= (uint32_t)FLASH_ACR_LATENCY_0;
   2006          
   2007              /* HCLK = SYSCLK */
   2008              RCC->CFGR |= (uint32_t)RCC_CFGR_HPRE_DIV1;
   2009          
   2010              /* PCLK2 = HCLK */
   2011              RCC->CFGR &= 0xFFFFC7FF;
   2012              RCC->CFGR |= (uint32_t)RCC_CFGR_PPRE2_DIV1;
   2013          
   2014              /* PCLK1 = HCLK */
   2015              RCC->CFGR &= 0xFFFFF8FF;
   2016              RCC->CFGR |= (uint32_t)RCC_CFGR_PPRE1_DIV1;
   2017              
   2018              /*  PLL configuration: PLLCLK = (HSI/2) * 6 = 24 MHz */
   2019              RCC->CFGR &= (uint32_t)((uint32_t)~(RCC_CFGR_PLLSRC | RCC_CFGR_PLLXTPRE |
   2020                                                  RCC_CFGR_PLLMULL));
   2021              RCC->CFGR |= (uint32_t)(RCC_CFGR_PLLSRC_HSI_Div2 | RCC_CFGR_PLLMULL6);
   2022          
   2023              /* Enable PLL */
   2024              RCC->CR |= RCC_CR_PLLON;
   2025          
   2026              /* Wait till PLL is ready */
   2027              while((RCC->CR & RCC_CR_PLLRDY) == 0)
   2028              {
   2029              }
   2030          
   2031              /* Select PLL as system clock source */
   2032              RCC->CFGR &= (uint32_t)((uint32_t)~(RCC_CFGR_SW));
   2033              RCC->CFGR |= (uint32_t)RCC_CFGR_SW_PLL;
   2034          
   2035              /* Wait till PLL is used as system clock source */
   2036              while ((RCC->CFGR & (uint32_t)RCC_CFGR_SWS) != (uint32_t)0x08)
   2037              {
   2038              }
   2039            }
   2040          }
   2041          
   2042          #elif defined SYSCLK_FREQ_36MHz_HSI
   2043          /**
   2044            * @brief  Sets System clock frequency to 36MHz from HSI and configure HCLK, PCLK2
   2045            *         and PCLK1 prescalers.
   2046            * @note   This function should be used only after reset.
   2047            * @param  None
   2048            * @retval None
   2049            */
   2050          static void SetSysClockTo36MHSI(void)
   2051          {
   2052            __IO uint32_t StartUpCounter = 0, HSIStatus = 0;
   2053          
   2054            /* SYSCLK, HCLK, PCLK2 and PCLK1 configuration ---------------------------*/
   2055            /* Enable HSI */
   2056            RCC->CR |= ((uint32_t)RCC_CR_HSION);
   2057          
   2058            /* Wait till HSI is ready and if Time out is reached exit */
   2059            do
   2060            {
   2061              HSIStatus = RCC->CR & RCC_CR_HSIRDY;
   2062              StartUpCounter++;
   2063            }
   2064            while((HSIStatus == 0) && (StartUpCounter != 0xFFFF));
   2065          
   2066            if ((RCC->CR & RCC_CR_HSIRDY) != RESET)
   2067            {
   2068              HSIStatus = (uint32_t)0x01;
   2069            }
   2070            else
   2071            {
   2072              HSIStatus = (uint32_t)0x00;
   2073            }
   2074          
   2075            if (HSIStatus == (uint32_t)0x01)
   2076            {
   2077              /* Enable Prefetch Buffer */
   2078              FLASH->ACR |= FLASH_ACR_PRFTBE;
   2079          
   2080              /* Flash 0 wait state */
   2081              FLASH->ACR &= (uint32_t)((uint32_t)~FLASH_ACR_LATENCY);
   2082              FLASH->ACR |= (uint32_t)FLASH_ACR_LATENCY_1;
   2083          
   2084              /* HCLK = SYSCLK */
   2085              RCC->CFGR |= (uint32_t)RCC_CFGR_HPRE_DIV1;
   2086          
   2087              /* PCLK2 = HCLK */
   2088              RCC->CFGR &= 0xFFFFC7FF;
   2089              RCC->CFGR |= (uint32_t)RCC_CFGR_PPRE2_DIV1;
   2090          
   2091              /* PCLK1 = HCLK */
   2092              RCC->CFGR &= 0xFFFFF8FF;
   2093              RCC->CFGR |= (uint32_t)RCC_CFGR_PPRE1_DIV1;
   2094              
   2095              /*  PLL configuration: PLLCLK = (HSI/2) * 9 = 36 MHz */
   2096              RCC->CFGR &= (uint32_t)((uint32_t)~(RCC_CFGR_PLLSRC | RCC_CFGR_PLLXTPRE |
   2097                                                  RCC_CFGR_PLLMULL));
   2098              RCC->CFGR |= (uint32_t)(RCC_CFGR_PLLSRC_HSI_Div2 | RCC_CFGR_PLLMULL9);
   2099          
   2100              /* Enable PLL */
   2101              RCC->CR |= RCC_CR_PLLON;
   2102          
   2103              /* Wait till PLL is ready */
   2104              while((RCC->CR & RCC_CR_PLLRDY) == 0)
   2105              {
   2106              }
   2107          
   2108              /* Select PLL as system clock source */
   2109              RCC->CFGR &= (uint32_t)((uint32_t)~(RCC_CFGR_SW));
   2110              RCC->CFGR |= (uint32_t)RCC_CFGR_SW_PLL;
   2111          
   2112              /* Wait till PLL is used as system clock source */
   2113              while ((RCC->CFGR & (uint32_t)RCC_CFGR_SWS) != (uint32_t)0x08)
   2114              {
   2115              }
   2116            }
   2117          }
   2118          
   2119          #elif defined SYSCLK_FREQ_48MHz_HSI
   2120          /**
   2121            * @brief  Sets System clock frequency to 48MHz from HSI and configure HCLK, PCLK2
   2122            *         and PCLK1 prescalers.
   2123            * @note   This function should be used only after reset.
   2124            * @param  None
   2125            * @retval None
   2126            */
   2127          static void SetSysClockTo48MHSI(void)
   2128          {
   2129            __IO uint32_t StartUpCounter = 0, HSIStatus = 0;
   2130          
   2131            /* SYSCLK, HCLK, PCLK2 and PCLK1 configuration ---------------------------*/
   2132            /* Enable HSI */
   2133            RCC->CR |= ((uint32_t)RCC_CR_HSION);
   2134          
   2135            /* Wait till HSI is ready and if Time out is reached exit */
   2136            do
   2137            {
   2138              HSIStatus = RCC->CR & RCC_CR_HSIRDY;
   2139              StartUpCounter++;
   2140            }
   2141            while((HSIStatus == 0) && (StartUpCounter != 0xFFFF));
   2142          
   2143            if ((RCC->CR & RCC_CR_HSIRDY) != RESET)
   2144            {
   2145              HSIStatus = (uint32_t)0x01;
   2146            }
   2147            else
   2148            {
   2149              HSIStatus = (uint32_t)0x00;
   2150            }
   2151          
   2152            if (HSIStatus == (uint32_t)0x01)
   2153            {
   2154              /* Enable Prefetch Buffer */
   2155              FLASH->ACR |= FLASH_ACR_PRFTBE;
   2156          
   2157              /* Flash 0 wait state */
   2158              FLASH->ACR &= (uint32_t)((uint32_t)~FLASH_ACR_LATENCY);
   2159              FLASH->ACR |= (uint32_t)FLASH_ACR_LATENCY_1;
   2160          
   2161              /* HCLK = SYSCLK */
   2162              RCC->CFGR |= (uint32_t)RCC_CFGR_HPRE_DIV1;
   2163          
   2164              /* PCLK2 = HCLK */
   2165              RCC->CFGR &= 0xFFFFC7FF;
   2166              RCC->CFGR |= (uint32_t)RCC_CFGR_PPRE2_DIV1;
   2167          
   2168              /* PCLK1 = HCLK/2 */
   2169              RCC->CFGR &= 0xFFFFF8FF;
   2170              RCC->CFGR |= (uint32_t)RCC_CFGR_PPRE1_DIV2;
   2171              
   2172              /*  PLL configuration: PLLCLK = (HSI/2) * 12 = 48 MHz */
   2173              RCC->CFGR &= (uint32_t)((uint32_t)~(RCC_CFGR_PLLSRC | RCC_CFGR_PLLXTPRE |
   2174                                                  RCC_CFGR_PLLMULL));
   2175              RCC->CFGR |= (uint32_t)(RCC_CFGR_PLLSRC_HSI_Div2 | RCC_CFGR_PLLMULL12);
   2176          
   2177              /* Enable PLL */
   2178              RCC->CR |= RCC_CR_PLLON;
   2179          
   2180              /* Wait till PLL is ready */
   2181              while((RCC->CR & RCC_CR_PLLRDY) == 0)
   2182              {
   2183              }
   2184          
   2185              /* Select PLL as system clock source */
   2186              RCC->CFGR &= (uint32_t)((uint32_t)~(RCC_CFGR_SW));
   2187              RCC->CFGR |= (uint32_t)RCC_CFGR_SW_PLL;
   2188          
   2189              /* Wait till PLL is used as system clock source */
   2190              while ((RCC->CFGR & (uint32_t)RCC_CFGR_SWS) != (uint32_t)0x08)
   2191              {
   2192              }
   2193            }
   2194          }
   2195          
   2196          #elif defined SYSCLK_FREQ_56MHz_HSI
   2197          /**
   2198            * @brief  Sets System clock frequency to 56MHz from HSI and configure HCLK, PCLK2
   2199            *         and PCLK1 prescalers.
   2200            * @note   This function should be used only after reset.
   2201            * @param  None
   2202            * @retval None
   2203            */
   2204          static void SetSysClockTo56MHSI(void)
   2205          {
   2206            __IO uint32_t StartUpCounter = 0, HSIStatus = 0;
   2207          
   2208            /* SYSCLK, HCLK, PCLK2 and PCLK1 configuration ---------------------------*/
   2209            /* Enable HSI */
   2210            RCC->CR |= ((uint32_t)RCC_CR_HSION);
   2211          
   2212            /* Wait till HSI is ready and if Time out is reached exit */
   2213            do
   2214            {
   2215              HSIStatus = RCC->CR & RCC_CR_HSIRDY;
   2216              StartUpCounter++;
   2217            }
   2218            while((HSIStatus == 0) && (StartUpCounter != 0xFFFF));
   2219          
   2220            if ((RCC->CR & RCC_CR_HSIRDY) != RESET)
   2221            {
   2222              HSIStatus = (uint32_t)0x01;
   2223            }
   2224            else
   2225            {
   2226              HSIStatus = (uint32_t)0x00;
   2227            }
   2228          
   2229            if (HSIStatus == (uint32_t)0x01)
   2230            {
   2231              /* Enable Prefetch Buffer */
   2232              FLASH->ACR |= FLASH_ACR_PRFTBE;
   2233          
   2234              /* Flash 0 wait state */
   2235              FLASH->ACR &= (uint32_t)((uint32_t)~FLASH_ACR_LATENCY);
   2236              FLASH->ACR |= (uint32_t)FLASH_ACR_LATENCY_1;
   2237          
   2238              /* HCLK = SYSCLK */
   2239              RCC->CFGR |= (uint32_t)RCC_CFGR_HPRE_DIV1;
   2240          
   2241              /* PCLK2 = HCLK */
   2242              RCC->CFGR &= 0xFFFFC7FF;
   2243              RCC->CFGR |= (uint32_t)RCC_CFGR_PPRE2_DIV1;
   2244          
   2245              /* PCLK1 = HCLK/2 */
   2246              RCC->CFGR &= 0xFFFFF8FF;
   2247              RCC->CFGR |= (uint32_t)RCC_CFGR_PPRE1_DIV2;
   2248              
   2249              /*  PLL configuration: PLLCLK = (HSI/2) * 14 = 56 MHz */
   2250              RCC->CFGR &= (uint32_t)((uint32_t)~(RCC_CFGR_PLLSRC | RCC_CFGR_PLLXTPRE |
   2251                                                  RCC_CFGR_PLLMULL));
   2252              RCC->CFGR |= (uint32_t)(RCC_CFGR_PLLSRC_HSI_Div2 | RCC_CFGR_PLLMULL14);
   2253          
   2254              /* Enable PLL */
   2255              RCC->CR |= RCC_CR_PLLON;
   2256          
   2257              /* Wait till PLL is ready */
   2258              while((RCC->CR & RCC_CR_PLLRDY) == 0)
   2259              {
   2260              }
   2261          
   2262              /* Select PLL as system clock source */
   2263              RCC->CFGR &= (uint32_t)((uint32_t)~(RCC_CFGR_SW));
   2264              RCC->CFGR |= (uint32_t)RCC_CFGR_SW_PLL;
   2265          
   2266              /* Wait till PLL is used as system clock source */
   2267              while ((RCC->CFGR & (uint32_t)RCC_CFGR_SWS) != (uint32_t)0x08)
   2268              {
   2269              }
   2270            }
   2271          }
   2272          
   2273          #elif defined SYSCLK_FREQ_72MHz_HSI
   2274          /**
   2275            * @brief  Sets System clock frequency to 72MHz from HSI and configure HCLK, PCLK2
   2276            *         and PCLK1 prescalers.
   2277            * @note   This function should be used only after reset.
   2278            * @param  None
   2279            * @retval None
   2280            */
   2281          static void SetSysClockTo72MHSI(void)
   2282          {
   2283            __IO uint32_t StartUpCounter = 0, HSIStatus = 0;
   2284          
   2285            /* SYSCLK, HCLK, PCLK2 and PCLK1 configuration ---------------------------*/
   2286            /* Enable HSI */
   2287            RCC->CR |= ((uint32_t)RCC_CR_HSION);
   2288          
   2289            /* Wait till HSI is ready and if Time out is reached exit */
   2290            do
   2291            {
   2292              HSIStatus = RCC->CR & RCC_CR_HSIRDY;
   2293              StartUpCounter++;
   2294            }
   2295            while((HSIStatus == 0) && (StartUpCounter != 0xFFFF));
   2296          
   2297            if ((RCC->CR & RCC_CR_HSIRDY) != RESET)
   2298            {
   2299              HSIStatus = (uint32_t)0x01;
   2300            }
   2301            else
   2302            {
   2303              HSIStatus = (uint32_t)0x00;
   2304            }
   2305          
   2306            if (HSIStatus == (uint32_t)0x01)
   2307            {
   2308              /* Enable Prefetch Buffer */
   2309              FLASH->ACR |= FLASH_ACR_PRFTBE;
   2310          
   2311              /* Flash 0 wait state */
   2312              FLASH->ACR &= (uint32_t)((uint32_t)~FLASH_ACR_LATENCY);
   2313              FLASH->ACR |= (uint32_t)FLASH_ACR_LATENCY_2;
   2314          
   2315              /* HCLK = SYSCLK */
   2316              RCC->CFGR |= (uint32_t)RCC_CFGR_HPRE_DIV1;
   2317          
   2318              /* PCLK2 = HCLK */
   2319              RCC->CFGR &= 0xFFFFC7FF;
   2320              RCC->CFGR |= (uint32_t)RCC_CFGR_PPRE2_DIV1;
   2321          
   2322              /* PCLK1 = HCLK/2 */
   2323              RCC->CFGR &= 0xFFFFF8FF;
   2324              RCC->CFGR |= (uint32_t)RCC_CFGR_PPRE1_DIV2;
   2325              
   2326              /*  PLL configuration: PLLCLK = (HSI/2) * 18 = 72 MHz */
   2327              RCC->CFGR &= (uint32_t)((uint32_t)~(RCC_CFGR_PLLSRC | RCC_CFGR_PLLXTPRE |
   2328                                                  RCC_CFGR_PLLMULL));
   2329              RCC->CFGR |= (uint32_t)(RCC_CFGR_PLLSRC_HSI_Div2 | RCC_CFGR_PLLMULL18);
   2330          
   2331              /* Enable PLL */
   2332              RCC->CR |= RCC_CR_PLLON;
   2333          
   2334              /* Wait till PLL is ready */
   2335              while((RCC->CR & RCC_CR_PLLRDY) == 0)
   2336              {
   2337              }
   2338          
   2339              /* Select PLL as system clock source */
   2340              RCC->CFGR &= (uint32_t)((uint32_t)~(RCC_CFGR_SW));
   2341              RCC->CFGR |= (uint32_t)RCC_CFGR_SW_PLL;
   2342          
   2343              /* Wait till PLL is used as system clock source */
   2344              while ((RCC->CFGR & (uint32_t)RCC_CFGR_SWS) != (uint32_t)0x08)
   2345              {
   2346              }
   2347            }
   2348          }
   2349          
   2350          #elif defined SYSCLK_FREQ_96MHz_HSI
   2351          /**
   2352            * @brief  Sets System clock frequency to 96MHz from HSI and configure HCLK, PCLK2
   2353            *         and PCLK1 prescalers.
   2354            * @note   This function should be used only after reset.
   2355            * @param  None
   2356            * @retval None
   2357            */
   2358          static void SetSysClockTo96MHSI(void)
   2359          {
   2360            __IO uint32_t StartUpCounter = 0, HSIStatus = 0;
   2361          
   2362            /* SYSCLK, HCLK, PCLK2 and PCLK1 configuration ---------------------------*/
   2363            /* Enable HSI */
   2364            RCC->CR |= ((uint32_t)RCC_CR_HSION);
   2365          
   2366            /* Wait till HSI is ready and if Time out is reached exit */
   2367            do
   2368            {
   2369              HSIStatus = RCC->CR & RCC_CR_HSIRDY;
   2370              StartUpCounter++;
   2371            }
   2372            while((HSIStatus == 0) && (StartUpCounter != 0xFFFF));
   2373          
   2374            if ((RCC->CR & RCC_CR_HSIRDY) != RESET)
   2375            {
   2376              HSIStatus = (uint32_t)0x01;
   2377            }
   2378            else
   2379            {
   2380              HSIStatus = (uint32_t)0x00;
   2381            }
   2382          
   2383            if (HSIStatus == (uint32_t)0x01)
   2384            {
   2385              /* Enable Prefetch Buffer */
   2386              FLASH->ACR |= FLASH_ACR_PRFTBE;
   2387          
   2388              /* Flash 0 wait state */
   2389              FLASH->ACR &= (uint32_t)((uint32_t)~FLASH_ACR_LATENCY);
   2390              FLASH->ACR |= (uint32_t)FLASH_ACR_LATENCY_2;
   2391          
   2392              /* HCLK = SYSCLK */
   2393              RCC->CFGR |= (uint32_t)RCC_CFGR_HPRE_DIV1;
   2394          
   2395              /* PCLK2 = HCLK */
   2396              RCC->CFGR &= 0xFFFFC7FF;
   2397              RCC->CFGR |= (uint32_t)RCC_CFGR_PPRE2_DIV1;
   2398          
   2399              /* PCLK1 = HCLK/2 */
   2400              RCC->CFGR &= 0xFFFFF8FF;
   2401              RCC->CFGR |= (uint32_t)RCC_CFGR_PPRE1_DIV2;
   2402              
   2403              /*  PLL configuration: PLLCLK = (HSI/2) * 24 = 96 MHz */
   2404              RCC->CFGR &= (uint32_t)((uint32_t)~(RCC_CFGR_PLLSRC | RCC_CFGR_PLLXTPRE |
   2405                                                  RCC_CFGR_PLLMULL));
   2406              RCC->CFGR |= (uint32_t)(RCC_CFGR_PLLSRC_HSI_Div2 | RCC_CFGR_PLLMULL24 | RCC_CFGR_PLLRANGE_GT72MHZ);
   2407          
   2408              /* Enable PLL */
   2409              RCC->CR |= RCC_CR_PLLON;
   2410          
   2411              /* Wait till PLL is ready */
   2412              while((RCC->CR & RCC_CR_PLLRDY) == 0)
   2413              {
   2414              }
   2415          
   2416              /* Select PLL as system clock source */
   2417              RCC->CFGR &= (uint32_t)((uint32_t)~(RCC_CFGR_SW));
   2418              RCC->CFGR |= (uint32_t)RCC_CFGR_SW_PLL;
   2419          
   2420              /* Wait till PLL is used as system clock source */
   2421              while ((RCC->CFGR & (uint32_t)RCC_CFGR_SWS) != (uint32_t)0x08)
   2422              {
   2423              }
   2424            }
   2425          }
   2426          
   2427          #elif defined SYSCLK_FREQ_108MHz_HSI
   2428          /**
   2429            * @brief  Sets System clock frequency to 108MHz from HSI and configure HCLK, PCLK2
   2430            *         and PCLK1 prescalers.
   2431            * @note   This function should be used only after reset.
   2432            * @param  None
   2433            * @retval None
   2434            */
   2435          static void SetSysClockTo108MHSI(void)
   2436          {
   2437            __IO uint32_t StartUpCounter = 0, HSIStatus = 0;
   2438          
   2439            /* SYSCLK, HCLK, PCLK2 and PCLK1 configuration ---------------------------*/
   2440            /* Enable HSI */
   2441            RCC->CR |= ((uint32_t)RCC_CR_HSION);
   2442          
   2443            /* Wait till HSI is ready and if Time out is reached exit */
   2444            do
   2445            {
   2446              HSIStatus = RCC->CR & RCC_CR_HSIRDY;
   2447              StartUpCounter++;
   2448            }
   2449            while((HSIStatus == 0) && (StartUpCounter != 0xFFFF));
   2450          
   2451            if ((RCC->CR & RCC_CR_HSIRDY) != RESET)
   2452            {
   2453              HSIStatus = (uint32_t)0x01;
   2454            }
   2455            else
   2456            {
   2457              HSIStatus = (uint32_t)0x00;
   2458            }
   2459          
   2460            if (HSIStatus == (uint32_t)0x01)
   2461            {
   2462              /* Enable Prefetch Buffer */
   2463              FLASH->ACR |= FLASH_ACR_PRFTBE;
   2464          
   2465              /* Flash 0 wait state */
   2466              FLASH->ACR &= (uint32_t)((uint32_t)~FLASH_ACR_LATENCY);
   2467              FLASH->ACR |= (uint32_t)FLASH_ACR_LATENCY_3;
   2468          
   2469              /* HCLK = SYSCLK */
   2470              RCC->CFGR |= (uint32_t)RCC_CFGR_HPRE_DIV1;
   2471          
   2472              /* PCLK2 = HCLK */
   2473              RCC->CFGR &= 0xFFFFC7FF;
   2474              RCC->CFGR |= (uint32_t)RCC_CFGR_PPRE2_DIV1;
   2475          
   2476              /* PCLK1 = HCLK/2 */
   2477              RCC->CFGR &= 0xFFFFF8FF;
   2478              RCC->CFGR |= (uint32_t)RCC_CFGR_PPRE1_DIV2;
   2479              
   2480              /*  PLL configuration: PLLCLK = (HSI/2) * 27 = 108 MHz */
   2481              RCC->CFGR &= (uint32_t)((uint32_t)~(RCC_CFGR_PLLSRC | RCC_CFGR_PLLXTPRE |
   2482                                                  RCC_CFGR_PLLMULL));
   2483              RCC->CFGR |= (uint32_t)(RCC_CFGR_PLLSRC_HSI_Div2 | RCC_CFGR_PLLMULL27 | RCC_CFGR_PLLRANGE_GT72MHZ);
   2484          
   2485              /* Enable PLL */
   2486              RCC->CR |= RCC_CR_PLLON;
   2487          
   2488              /* Wait till PLL is ready */
   2489              while((RCC->CR & RCC_CR_PLLRDY) == 0)
   2490              {
   2491              }
   2492          #if defined (STM32F10X_403A) || defined (STM32F10X_407)
   2493              RCC_StepModeCmd(ENABLE);
   2494          #endif
   2495              /* Select PLL as system clock source */
   2496              RCC->CFGR &= (uint32_t)((uint32_t)~(RCC_CFGR_SW));
   2497              RCC->CFGR |= (uint32_t)RCC_CFGR_SW_PLL;
   2498          
   2499              /* Wait till PLL is used as system clock source */
   2500              while ((RCC->CFGR & (uint32_t)RCC_CFGR_SWS) != (uint32_t)0x08)
   2501              {
   2502              }
   2503          #if defined (STM32F10X_403A) || defined (STM32F10X_407)
   2504              RCC_StepModeCmd(DISABLE);
   2505          #endif
   2506            }
   2507          }
   2508          
   2509          #elif defined SYSCLK_FREQ_120MHz_HSI
   2510          /**
   2511            * @brief  Sets System clock frequency to 120MHz from HSI and configure HCLK, PCLK2
   2512            *         and PCLK1 prescalers.
   2513            * @note   This function should be used only after reset.
   2514            * @param  None
   2515            * @retval None
   2516            */
   2517          static void SetSysClockTo120MHSI(void)
   2518          {
   2519            __IO uint32_t StartUpCounter = 0, HSIStatus = 0;
   2520          
   2521            /* SYSCLK, HCLK, PCLK2 and PCLK1 configuration ---------------------------*/
   2522            /* Enable HSI */
   2523            RCC->CR |= ((uint32_t)RCC_CR_HSION);
   2524          
   2525            /* Wait till HSI is ready and if Time out is reached exit */
   2526            do
   2527            {
   2528              HSIStatus = RCC->CR & RCC_CR_HSIRDY;
   2529              StartUpCounter++;
   2530            }
   2531            while((HSIStatus == 0) && (StartUpCounter != 0xFFFF));
   2532          
   2533            if ((RCC->CR & RCC_CR_HSIRDY) != RESET)
   2534            {
   2535              HSIStatus = (uint32_t)0x01;
   2536            }
   2537            else
   2538            {
   2539              HSIStatus = (uint32_t)0x00;
   2540            }
   2541          
   2542            if (HSIStatus == (uint32_t)0x01)
   2543            {
   2544              /* Enable Prefetch Buffer */
   2545              FLASH->ACR |= FLASH_ACR_PRFTBE;
   2546          
   2547              /* Flash 0 wait state */
   2548              FLASH->ACR &= (uint32_t)((uint32_t)~FLASH_ACR_LATENCY);
   2549              FLASH->ACR |= (uint32_t)FLASH_ACR_LATENCY_3;
   2550          
   2551              /* HCLK = SYSCLK */
   2552              RCC->CFGR |= (uint32_t)RCC_CFGR_HPRE_DIV1;
   2553          
   2554              /* PCLK2 = HCLK/2 */
   2555              RCC->CFGR &= 0xFFFFC7FF;
   2556              RCC->CFGR |= (uint32_t)RCC_CFGR_PPRE2_DIV2;
   2557          
   2558              /* PCLK1 = HCLK/2 */
   2559              RCC->CFGR &= 0xFFFFF8FF;
   2560              RCC->CFGR |= (uint32_t)RCC_CFGR_PPRE1_DIV2;
   2561              
   2562              /*  PLL configuration: PLLCLK = (HSI/2) * 30 = 120 MHz */
   2563              RCC->CFGR &= (uint32_t)((uint32_t)~(RCC_CFGR_PLLSRC | RCC_CFGR_PLLXTPRE |
   2564                                                  RCC_CFGR_PLLMULL));
   2565              RCC->CFGR |= (uint32_t)(RCC_CFGR_PLLSRC_HSI_Div2 | RCC_CFGR_PLLMULL30 | RCC_CFGR_PLLRANGE_GT72MHZ);
   2566          
   2567              /* Enable PLL */
   2568              RCC->CR |= RCC_CR_PLLON;
   2569          
   2570              /* Wait till PLL is ready */
   2571              while((RCC->CR & RCC_CR_PLLRDY) == 0)
   2572              {
   2573              }
   2574          #if defined (STM32F10X_403A) || defined (STM32F10X_407)
   2575              RCC_StepModeCmd(ENABLE);
   2576          #endif
   2577              /* Select PLL as system clock source */
   2578              RCC->CFGR &= (uint32_t)((uint32_t)~(RCC_CFGR_SW));
   2579              RCC->CFGR |= (uint32_t)RCC_CFGR_SW_PLL;
   2580          
   2581              /* Wait till PLL is used as system clock source */
   2582              while ((RCC->CFGR & (uint32_t)RCC_CFGR_SWS) != (uint32_t)0x08)
   2583              {
   2584              }
   2585          #if defined (STM32F10X_403A) || defined (STM32F10X_407)
   2586              RCC_StepModeCmd(DISABLE);
   2587          #endif
   2588            }
   2589          }
   2590          
   2591          #elif defined SYSCLK_FREQ_144MHz_HSI
   2592          /**
   2593            * @brief  Sets System clock frequency to 144MHz from HSI and configure HCLK, PCLK2
   2594            *         and PCLK1 prescalers.
   2595            * @note   This function should be used only after reset.
   2596            * @param  None
   2597            * @retval None
   2598            */
   2599          static void SetSysClockTo144MHSI(void)
   2600          {
   2601            __IO uint32_t StartUpCounter = 0, HSIStatus = 0;
   2602          
   2603            /* SYSCLK, HCLK, PCLK2 and PCLK1 configuration ---------------------------*/
   2604            /* Enable HSI */
   2605            RCC->CR |= ((uint32_t)RCC_CR_HSION);
   2606          
   2607            /* Wait till HSI is ready and if Time out is reached exit */
   2608            do
   2609            {
   2610              HSIStatus = RCC->CR & RCC_CR_HSIRDY;
   2611              StartUpCounter++;
   2612            }
   2613            while((HSIStatus == 0) && (StartUpCounter != 0xFFFF));
   2614          
   2615            if ((RCC->CR & RCC_CR_HSIRDY) != RESET)
   2616            {
   2617              HSIStatus = (uint32_t)0x01;
   2618            }
   2619            else
   2620            {
   2621              HSIStatus = (uint32_t)0x00;
   2622            }
   2623          
   2624            if (HSIStatus == (uint32_t)0x01)
   2625            {
   2626              /* Enable Prefetch Buffer */
   2627              FLASH->ACR |= FLASH_ACR_PRFTBE;
   2628          
   2629              /* Flash 0 wait state */
   2630              FLASH->ACR &= (uint32_t)((uint32_t)~FLASH_ACR_LATENCY);
   2631              FLASH->ACR |= (uint32_t)FLASH_ACR_LATENCY_4;
   2632          
   2633              /* HCLK = SYSCLK */
   2634              RCC->CFGR |= (uint32_t)RCC_CFGR_HPRE_DIV1;
   2635          
   2636              /* PCLK2 = HCLK/2 */
   2637              RCC->CFGR &= 0xFFFFC7FF;
   2638              RCC->CFGR |= (uint32_t)RCC_CFGR_PPRE2_DIV2;
   2639          
   2640              /* PCLK1 = HCLK/2 */
   2641              RCC->CFGR &= 0xFFFFF8FF;
   2642              RCC->CFGR |= (uint32_t)RCC_CFGR_PPRE1_DIV2;
   2643              
   2644              /*  PLL configuration: PLLCLK = (HSI/2) * 36 = 144 MHz */
   2645              RCC->CFGR &= (uint32_t)((uint32_t)~(RCC_CFGR_PLLSRC | RCC_CFGR_PLLXTPRE |
   2646                                                  RCC_CFGR_PLLMULL));
   2647              RCC->CFGR |= (uint32_t)(RCC_CFGR_PLLSRC_HSI_Div2 | RCC_CFGR_PLLMULL36 | RCC_CFGR_PLLRANGE_GT72MHZ);
   2648          
   2649              /* Enable PLL */
   2650              RCC->CR |= RCC_CR_PLLON;
   2651          
   2652              /* Wait till PLL is ready */
   2653              while((RCC->CR & RCC_CR_PLLRDY) == 0)
   2654              {
   2655              }
   2656          #if defined (STM32F10X_403A) || defined (STM32F10X_407)
   2657              RCC_StepModeCmd(ENABLE);
   2658          #endif
   2659              /* Select PLL as system clock source */
   2660              RCC->CFGR &= (uint32_t)((uint32_t)~(RCC_CFGR_SW));
   2661              RCC->CFGR |= (uint32_t)RCC_CFGR_SW_PLL;
   2662          
   2663              /* Wait till PLL is used as system clock source */
   2664              while ((RCC->CFGR & (uint32_t)RCC_CFGR_SWS) != (uint32_t)0x08)
   2665              {
   2666              }
   2667          #if defined (STM32F10X_403A) || defined (STM32F10X_407)
   2668              RCC_StepModeCmd(DISABLE);
   2669          #endif
   2670            }
   2671          }
   2672          
   2673          #elif defined SYSCLK_FREQ_168MHz_HSI
   2674          /**
   2675            * @brief  Sets System clock frequency to 168MHz from HSI and configure HCLK, PCLK2
   2676            *         and PCLK1 prescalers.
   2677            * @note   This function should be used only after reset.
   2678            * @param  None
   2679            * @retval None
   2680            */
   2681          static void SetSysClockTo168MHSI(void)
   2682          {
   2683            __IO uint32_t StartUpCounter = 0, HSIStatus = 0;
   2684          
   2685            /* SYSCLK, HCLK, PCLK2 and PCLK1 configuration ---------------------------*/
   2686            /* Enable HSI */
   2687            RCC->CR |= ((uint32_t)RCC_CR_HSION);
   2688          
   2689            /* Wait till HSI is ready and if Time out is reached exit */
   2690            do
   2691            {
   2692              HSIStatus = RCC->CR & RCC_CR_HSIRDY;
   2693              StartUpCounter++;
   2694            }
   2695            while((HSIStatus == 0) && (StartUpCounter != 0xFFFF));
   2696          
   2697            if ((RCC->CR & RCC_CR_HSIRDY) != RESET)
   2698            {
   2699              HSIStatus = (uint32_t)0x01;
   2700            }
   2701            else
   2702            {
   2703              HSIStatus = (uint32_t)0x00;
   2704            }
   2705          
   2706            if (HSIStatus == (uint32_t)0x01)
   2707            {
   2708              /* HCLK = SYSCLK */
   2709              RCC->CFGR |= (uint32_t)RCC_CFGR_HPRE_DIV1;
   2710          
   2711              /* PCLK2 = HCLK/2 */
   2712              RCC->CFGR &= 0xFFFFC7FF;
   2713              RCC->CFGR |= (uint32_t)RCC_CFGR_PPRE2_DIV2;
   2714          
   2715              /* PCLK1 = HCLK/2 */
   2716              RCC->CFGR &= 0xFFFFF8FF;
   2717              RCC->CFGR |= (uint32_t)RCC_CFGR_PPRE1_DIV2;
   2718              
   2719              /*  PLL configuration: PLLCLK = (HSI/2) * 42 = 168 MHz */
   2720              RCC->CFGR &= (uint32_t)((uint32_t)~(RCC_CFGR_PLLSRC | RCC_CFGR_PLLXTPRE |
   2721                                                  RCC_CFGR_PLLMULL));
   2722              RCC->CFGR |= (uint32_t)(RCC_CFGR_PLLSRC_HSI_Div2 | RCC_CFGR_PLLMULL42 | RCC_CFGR_PLLRANGE_GT72MHZ);
   2723          
   2724              /* Enable PLL */
   2725              RCC->CR |= RCC_CR_PLLON;
   2726          
   2727              /* Wait till PLL is ready */
   2728              while((RCC->CR & RCC_CR_PLLRDY) == 0)
   2729              {
   2730              }
   2731          #if defined (STM32F10X_403A) || defined (STM32F10X_407)
   2732              RCC_StepModeCmd(ENABLE);
   2733          #endif
   2734              /* Select PLL as system clock source */
   2735              RCC->CFGR &= (uint32_t)((uint32_t)~(RCC_CFGR_SW));
   2736              RCC->CFGR |= (uint32_t)RCC_CFGR_SW_PLL;
   2737          
   2738              /* Wait till PLL is used as system clock source */
   2739              while ((RCC->CFGR & (uint32_t)RCC_CFGR_SWS) != (uint32_t)0x08)
   2740              {
   2741              }
   2742          #if defined (STM32F10X_403A) || defined (STM32F10X_407)
   2743              RCC_StepModeCmd(DISABLE);
   2744          #endif
   2745            }
   2746          }
   2747          
   2748          #elif defined SYSCLK_FREQ_176MHz_HSI
   2749          /**
   2750            * @brief  Sets System clock frequency to 176MHz from HSI and configure HCLK, PCLK2
   2751            *         and PCLK1 prescalers.
   2752            * @note   This function should be used only after reset.
   2753            * @param  None
   2754            * @retval None
   2755            */
   2756          static void SetSysClockTo176MHSI(void)
   2757          {
   2758            __IO uint32_t StartUpCounter = 0, HSIStatus = 0;
   2759          
   2760            /* SYSCLK, HCLK, PCLK2 and PCLK1 configuration ---------------------------*/
   2761            /* Enable HSI */
   2762            RCC->CR |= ((uint32_t)RCC_CR_HSION);
   2763          
   2764            /* Wait till HSI is ready and if Time out is reached exit */
   2765            do
   2766            {
   2767              HSIStatus = RCC->CR & RCC_CR_HSIRDY;
   2768              StartUpCounter++;
   2769            }
   2770            while((HSIStatus == 0) && (StartUpCounter != 0xFFFF));
   2771          
   2772            if ((RCC->CR & RCC_CR_HSIRDY) != RESET)
   2773            {
   2774              HSIStatus = (uint32_t)0x01;
   2775            }
   2776            else
   2777            {
   2778              HSIStatus = (uint32_t)0x00;
   2779            }
   2780          
   2781            if (HSIStatus == (uint32_t)0x01)
   2782            {
   2783              /* HCLK = SYSCLK */
   2784              RCC->CFGR |= (uint32_t)RCC_CFGR_HPRE_DIV1;
   2785          
   2786              /* PCLK2 = HCLK/2 */
   2787              RCC->CFGR &= 0xFFFFC7FF;
   2788              RCC->CFGR |= (uint32_t)RCC_CFGR_PPRE2_DIV2;
   2789          
   2790              /* PCLK1 = HCLK/2 */
   2791              RCC->CFGR &= 0xFFFFF8FF;
   2792              RCC->CFGR |= (uint32_t)RCC_CFGR_PPRE1_DIV2;
   2793              
   2794              /*  PLL configuration: PLLCLK = (HSI/2) * 44 = 176 MHz */
   2795              RCC->CFGR &= (uint32_t)((uint32_t)~(RCC_CFGR_PLLSRC | RCC_CFGR_PLLXTPRE |
   2796                                                  RCC_CFGR_PLLMULL));
   2797              RCC->CFGR |= (uint32_t)(RCC_CFGR_PLLSRC_HSI_Div2 | RCC_CFGR_PLLMULL44 | RCC_CFGR_PLLRANGE_GT72MHZ);
   2798          
   2799              /* Enable PLL */
   2800              RCC->CR |= RCC_CR_PLLON;
   2801          
   2802              /* Wait till PLL is ready */
   2803              while((RCC->CR & RCC_CR_PLLRDY) == 0)
   2804              {
   2805              }
   2806          #if defined (STM32F10X_403A) || defined (STM32F10X_407)
   2807              RCC_StepModeCmd(ENABLE);
   2808          #endif
   2809              /* Select PLL as system clock source */
   2810              RCC->CFGR &= (uint32_t)((uint32_t)~(RCC_CFGR_SW));
   2811              RCC->CFGR |= (uint32_t)RCC_CFGR_SW_PLL;
   2812          
   2813              /* Wait till PLL is used as system clock source */
   2814              while ((RCC->CFGR & (uint32_t)RCC_CFGR_SWS) != (uint32_t)0x08)
   2815              {
   2816              }
   2817          #if defined (STM32F10X_403A) || defined (STM32F10X_407)
   2818              RCC_StepModeCmd(DISABLE);
   2819          #endif
   2820            }
   2821          }
   2822          
   2823          #elif defined SYSCLK_FREQ_192MHz_HSI
   2824          /**
   2825            * @brief  Sets System clock frequency to 192MHz from HSI and configure HCLK, PCLK2
   2826            *         and PCLK1 prescalers.
   2827            * @note   This function should be used only after reset.
   2828            * @param  None
   2829            * @retval None
   2830            */
   2831          static void SetSysClockTo192MHSI(void)
   2832          {
   2833            __IO uint32_t StartUpCounter = 0, HSIStatus = 0;
   2834          
   2835            /* SYSCLK, HCLK, PCLK2 and PCLK1 configuration ---------------------------*/
   2836            /* Enable HSI */
   2837            RCC->CR |= ((uint32_t)RCC_CR_HSION);
   2838          
   2839            /* Wait till HSI is ready and if Time out is reached exit */
   2840            do
   2841            {
   2842              HSIStatus = RCC->CR & RCC_CR_HSIRDY;
   2843              StartUpCounter++;
   2844            }
   2845            while((HSIStatus == 0) && (StartUpCounter != 0xFFFF));
   2846          
   2847            if ((RCC->CR & RCC_CR_HSIRDY) != RESET)
   2848            {
   2849              HSIStatus = (uint32_t)0x01;
   2850            }
   2851            else
   2852            {
   2853              HSIStatus = (uint32_t)0x00;
   2854            }
   2855          
   2856            if (HSIStatus == (uint32_t)0x01)
   2857            {
   2858              /* HCLK = SYSCLK */
   2859              RCC->CFGR |= (uint32_t)RCC_CFGR_HPRE_DIV1;
   2860          
   2861              /* PCLK2 = HCLK/2 */
   2862              RCC->CFGR &= 0xFFFFC7FF;
   2863              RCC->CFGR |= (uint32_t)RCC_CFGR_PPRE2_DIV2;
   2864          
   2865              /* PCLK1 = HCLK/2 */
   2866              RCC->CFGR &= 0xFFFFF8FF;
   2867              RCC->CFGR |= (uint32_t)RCC_CFGR_PPRE1_DIV2;
   2868              
   2869              /*  PLL configuration: PLLCLK = (HSI/2) * 48 = 192 MHz */
   2870              RCC->CFGR &= (uint32_t)((uint32_t)~(RCC_CFGR_PLLSRC | RCC_CFGR_PLLXTPRE |
   2871                                                  RCC_CFGR_PLLMULL));
   2872              RCC->CFGR |= (uint32_t)(RCC_CFGR_PLLSRC_HSI_Div2 | RCC_CFGR_PLLMULL48 | RCC_CFGR_PLLRANGE_GT72MHZ);
   2873          
   2874              /* Enable PLL */
   2875              RCC->CR |= RCC_CR_PLLON;
   2876          
   2877              /* Wait till PLL is ready */
   2878              while((RCC->CR & RCC_CR_PLLRDY) == 0)
   2879              {
   2880              }
   2881          #if defined (STM32F10X_403A) || defined (STM32F10X_407)
   2882              RCC_StepModeCmd(ENABLE);
   2883          #endif
   2884              /* Select PLL as system clock source */
   2885              RCC->CFGR &= (uint32_t)((uint32_t)~(RCC_CFGR_SW));
   2886              RCC->CFGR |= (uint32_t)RCC_CFGR_SW_PLL;
   2887          
   2888              /* Wait till PLL is used as system clock source */
   2889              while ((RCC->CFGR & (uint32_t)RCC_CFGR_SWS) != (uint32_t)0x08)
   2890              {
   2891              }
   2892          #if defined (STM32F10X_403A) || defined (STM32F10X_407)
   2893              RCC_StepModeCmd(DISABLE);
   2894          #endif
   2895            }
   2896          }
   2897          
   2898          #elif defined SYSCLK_FREQ_200MHz_HSI
   2899          /**
   2900            * @brief  Sets System clock frequency to 200MHz from HSI and configure HCLK, PCLK2
   2901            *         and PCLK1 prescalers.
   2902            * @note   This function should be used only after reset.
   2903            * @param  None
   2904            * @retval None
   2905            */
   2906          static void SetSysClockTo200MHSI(void)
   2907          {
   2908            __IO uint32_t StartUpCounter = 0, HSIStatus = 0;
   2909          
   2910            /* SYSCLK, HCLK, PCLK2 and PCLK1 configuration ---------------------------*/
   2911            /* Enable HSI */
   2912            RCC->CR |= ((uint32_t)RCC_CR_HSION);
   2913          
   2914            /* Wait till HSI is ready and if Time out is reached exit */
   2915            do
   2916            {
   2917              HSIStatus = RCC->CR & RCC_CR_HSIRDY;
   2918              StartUpCounter++;
   2919            }
   2920            while((HSIStatus == 0) && (StartUpCounter != 0xFFFF));
   2921          
   2922            if ((RCC->CR & RCC_CR_HSIRDY) != RESET)
   2923            {
   2924              HSIStatus = (uint32_t)0x01;
   2925            }
   2926            else
   2927            {
   2928              HSIStatus = (uint32_t)0x00;
   2929            }
   2930          
   2931            if (HSIStatus == (uint32_t)0x01)
   2932            {
   2933              /* HCLK = SYSCLK */
   2934              RCC->CFGR |= (uint32_t)RCC_CFGR_HPRE_DIV1;
   2935          
   2936              /* PCLK2 = HCLK/2 */
   2937              RCC->CFGR &= 0xFFFFC7FF;
   2938              RCC->CFGR |= (uint32_t)RCC_CFGR_PPRE2_DIV2;
   2939          
   2940              /* PCLK1 = HCLK/2 */
   2941              RCC->CFGR &= 0xFFFFF8FF;
   2942              RCC->CFGR |= (uint32_t)RCC_CFGR_PPRE1_DIV2;
   2943              
   2944              /*  PLL configuration: PLLCLK = (HSI/2) * 50 = 200 MHz */
   2945              RCC->CFGR &= (uint32_t)((uint32_t)~(RCC_CFGR_PLLSRC | RCC_CFGR_PLLXTPRE |
   2946                                                  RCC_CFGR_PLLMULL));
   2947              RCC->CFGR |= (uint32_t)(RCC_CFGR_PLLSRC_HSI_Div2 | RCC_CFGR_PLLMULL50 | RCC_CFGR_PLLRANGE_GT72MHZ);
   2948          
   2949              /* Enable PLL */
   2950              RCC->CR |= RCC_CR_PLLON;
   2951          
   2952              /* Wait till PLL is ready */
   2953              while((RCC->CR & RCC_CR_PLLRDY) == 0)
   2954              {
   2955              }
   2956          #if defined (STM32F10X_403A) || defined (STM32F10X_407)
   2957              RCC_StepModeCmd(ENABLE);
   2958          #endif
   2959              /* Select PLL as system clock source */
   2960              RCC->CFGR &= (uint32_t)((uint32_t)~(RCC_CFGR_SW));
   2961              RCC->CFGR |= (uint32_t)RCC_CFGR_SW_PLL;
   2962          
   2963              /* Wait till PLL is used as system clock source */
   2964              while ((RCC->CFGR & (uint32_t)RCC_CFGR_SWS) != (uint32_t)0x08)
   2965              {
   2966              }
   2967          #if defined (STM32F10X_403A) || defined (STM32F10X_407)
   2968              RCC_StepModeCmd(DISABLE);
   2969          #endif
   2970            }
   2971          }
   2972          
   2973          #elif defined SYSCLK_FREQ_224MHz_HSI
   2974          /**
   2975            * @brief  Sets System clock frequency to 224MHz from HSI and configure HCLK, PCLK2
   2976            *         and PCLK1 prescalers.
   2977            * @note   This function should be used only after reset.
   2978            * @param  None
   2979            * @retval None
   2980            */
   2981          static void SetSysClockTo224MHSI(void)
   2982          {
   2983            __IO uint32_t StartUpCounter = 0, HSIStatus = 0;
   2984          
   2985            /* SYSCLK, HCLK, PCLK2 and PCLK1 configuration ---------------------------*/
   2986            /* Enable HSI */
   2987            RCC->CR |= ((uint32_t)RCC_CR_HSION);
   2988          
   2989            /* Wait till HSI is ready and if Time out is reached exit */
   2990            do
   2991            {
   2992              HSIStatus = RCC->CR & RCC_CR_HSIRDY;
   2993              StartUpCounter++;
   2994            }
   2995            while((HSIStatus == 0) && (StartUpCounter != 0xFFFF));
   2996          
   2997            if ((RCC->CR & RCC_CR_HSIRDY) != RESET)
   2998            {
   2999              HSIStatus = (uint32_t)0x01;
   3000            }
   3001            else
   3002            {
   3003              HSIStatus = (uint32_t)0x00;
   3004            }
   3005          
   3006            if (HSIStatus == (uint32_t)0x01)
   3007            {
   3008              /* HCLK = SYSCLK */
   3009              RCC->CFGR |= (uint32_t)RCC_CFGR_HPRE_DIV1;
   3010          
   3011              /* PCLK2 = HCLK/2 */
   3012              RCC->CFGR &= 0xFFFFC7FF;
   3013              RCC->CFGR |= (uint32_t)RCC_CFGR_PPRE2_DIV2;
   3014          
   3015              /* PCLK1 = HCLK/2 */
   3016              RCC->CFGR &= 0xFFFFF8FF;
   3017              RCC->CFGR |= (uint32_t)RCC_CFGR_PPRE1_DIV2;
   3018              
   3019              /*  PLL configuration: PLLCLK = (HSI/2) * 56 = 224 MHz */
   3020              RCC->CFGR &= (uint32_t)((uint32_t)~(RCC_CFGR_PLLSRC | RCC_CFGR_PLLXTPRE |
   3021                                                  RCC_CFGR_PLLMULL));
   3022              RCC->CFGR |= (uint32_t)(RCC_CFGR_PLLSRC_HSI_Div2 | RCC_CFGR_PLLMULL56 | RCC_CFGR_PLLRANGE_GT72MHZ);
   3023          
   3024              /* Enable PLL */
   3025              RCC->CR |= RCC_CR_PLLON;
   3026          
   3027              /* Wait till PLL is ready */
   3028              while((RCC->CR & RCC_CR_PLLRDY) == 0)
   3029              {
   3030              }
   3031          #if defined (STM32F10X_403A) || defined (STM32F10X_407)
   3032              RCC_StepModeCmd(ENABLE);
   3033          #endif
   3034              /* Select PLL as system clock source */
   3035              RCC->CFGR &= (uint32_t)((uint32_t)~(RCC_CFGR_SW));
   3036              RCC->CFGR |= (uint32_t)RCC_CFGR_SW_PLL;
   3037          
   3038              /* Wait till PLL is used as system clock source */
   3039              while ((RCC->CFGR & (uint32_t)RCC_CFGR_SWS) != (uint32_t)0x08)
   3040              {
   3041              }
   3042          #if defined (STM32F10X_403A) || defined (STM32F10X_407)
   3043              RCC_StepModeCmd(DISABLE);
   3044          #endif
   3045            }
   3046          }
   3047          
   3048          #elif defined SYSCLK_FREQ_240MHz_HSI
   3049          /**
   3050            * @brief  Sets System clock frequency to 240MHz from HSI and configure HCLK, PCLK2
   3051            *         and PCLK1 prescalers.
   3052            * @note   This function should be used only after reset.
   3053            * @param  None
   3054            * @retval None
   3055            */
   3056          static void SetSysClockTo200MHSI(void)
   3057          {
   3058            __IO uint32_t StartUpCounter = 0, HSIStatus = 0;
   3059          
   3060            /* SYSCLK, HCLK, PCLK2 and PCLK1 configuration ---------------------------*/
   3061            /* Enable HSI */
   3062            RCC->CR |= ((uint32_t)RCC_CR_HSION);
   3063          
   3064            /* Wait till HSI is ready and if Time out is reached exit */
   3065            do
   3066            {
   3067              HSIStatus = RCC->CR & RCC_CR_HSIRDY;
   3068              StartUpCounter++;
   3069            }
   3070            while((HSIStatus == 0) && (StartUpCounter != 0xFFFF));
   3071          
   3072            if ((RCC->CR & RCC_CR_HSIRDY) != RESET)
   3073            {
   3074              HSIStatus = (uint32_t)0x01;
   3075            }
   3076            else
   3077            {
   3078              HSIStatus = (uint32_t)0x00;
   3079            }
   3080          
   3081            if (HSIStatus == (uint32_t)0x01)
   3082            {
   3083              /* HCLK = SYSCLK */
   3084              RCC->CFGR |= (uint32_t)RCC_CFGR_HPRE_DIV1;
   3085          
   3086              /* PCLK2 = HCLK/2 */
   3087              RCC->CFGR &= 0xFFFFC7FF;
   3088              RCC->CFGR |= (uint32_t)RCC_CFGR_PPRE2_DIV2;
   3089          
   3090              /* PCLK1 = HCLK/2 */
   3091              RCC->CFGR &= 0xFFFFF8FF;
   3092              RCC->CFGR |= (uint32_t)RCC_CFGR_PPRE1_DIV2;
   3093              
   3094              /*  PLL configuration: PLLCLK = (HSI/2) * 60 = 240 MHz */
   3095              RCC->CFGR &= (uint32_t)((uint32_t)~(RCC_CFGR_PLLSRC | RCC_CFGR_PLLXTPRE |
   3096                                                  RCC_CFGR_PLLMULL));
   3097              RCC->CFGR |= (uint32_t)(RCC_CFGR_PLLSRC_HSI_Div2 | RCC_CFGR_PLLMULL60 | RCC_CFGR_PLLRANGE_GT72MHZ);
   3098          
   3099              /* Enable PLL */
   3100              RCC->CR |= RCC_CR_PLLON;
   3101          
   3102              /* Wait till PLL is ready */
   3103              while((RCC->CR & RCC_CR_PLLRDY) == 0)
   3104              {
   3105              }
   3106          #if defined (STM32F10X_403A) || defined (STM32F10X_407)
   3107              RCC_StepModeCmd(ENABLE);
   3108          #endif
   3109              /* Select PLL as system clock source */
   3110              RCC->CFGR &= (uint32_t)((uint32_t)~(RCC_CFGR_SW));
   3111              RCC->CFGR |= (uint32_t)RCC_CFGR_SW_PLL;
   3112          
   3113              /* Wait till PLL is used as system clock source */
   3114              while ((RCC->CFGR & (uint32_t)RCC_CFGR_SWS) != (uint32_t)0x08)
   3115              {
   3116              }
   3117          #if defined (STM32F10X_403A) || defined (STM32F10X_407)
   3118              RCC_StepModeCmd(DISABLE);
   3119          #endif
   3120            }
   3121          }
   3122          #endif
   3123          
   3124          /**
   3125            * @}
   3126            */
   3127          
   3128          /**
   3129            * @}
   3130            */
   3131          
   3132          /**
   3133            * @}
   3134            */
   3135          /******************* (C) COPYRIGHT 2011 STMicroelectronics *****END OF FILE****/

   Maximum stack usage in bytes:

   .cstack Function
   ------- --------
       8   SetSysClock
         8   -> SetSysClockTo72
       8   SetSysClockTo72
       4   SystemCoreClockUpdate
       8   SystemInit
         8   -> SetSysClock


   Section sizes:

   Bytes  Function/Label
   -----  --------------
       4  ??DataTable2
       4  ??DataTable2_1
       4  ??DataTable2_10
       4  ??DataTable2_11
       4  ??DataTable2_12
       4  ??DataTable2_2
       4  ??DataTable2_3
       4  ??DataTable2_4
       4  ??DataTable2_5
       4  ??DataTable2_6
       4  ??DataTable2_7
       4  ??DataTable2_8
       4  ??DataTable2_9
      16  AHBPrescTable
       8  SetSysClock
     224  SetSysClockTo72
       4  SystemCoreClock
     188  SystemCoreClockUpdate
      82  SystemInit

 
  20 bytes in section .data
 554 bytes in section .text
 
 554 bytes of CODE memory
  20 bytes of DATA memory

Errors: none
Warnings: 1
